"施設名","所在地","緯度","経度"
"るり色ふるさと館","福岡県うきは市吉井町983-1","33.345856","130.756574"
"江南コミュニティセンター","福岡県うきは市吉井町新治1063-1","33.352974","130.743473"
"うきは市役所","福岡県うきは市吉井町新治316","33.347418","130.755021"
"千年コミュニティセンター","福岡県うきは市吉井町千年245-1","33.347964","130.769495"
"福富コミュニティセンター","福岡県うきは市吉井町福益1609-1","33.332104","130.753713"
"青少幼年教化センター","福岡県うきは市浮羽町高見669-3","33.350602","130.810566"
"山春コミュニティセンター","福岡県うきは市浮羽町山北783-69","33.341069","130.826168"
"小塩コミュニティセンター","福岡県うきは市浮羽町小塩2548-1","33.312191","130.839862"
"新川コミュニティセンター","福岡県うきは市浮羽町新川2515","33.2943","130.806201"
"うきは市民ホール","福岡県うきは市浮羽町朝田561-1","33.332497","130.791146"
"御幸コミュニティセンター","福岡県うきは市浮羽町朝田562-11","33.333122","130.791424"
"うきは市民センター","福岡県うきは市浮羽町朝田582-1","33.332466","130.793186"
"田篭コミュニティセンター","福岡県うきは市浮羽町田篭1151-1","33.271871","130.841779"
"尼ヶ瀬区公民館","福岡県うきは市浮羽町妹川2422-7","33.309675","130.765741"
"みやこ町豊津運動公園陸上競技場","福岡県みやこ町国分1205","33.683166","130.977647"
"豊津Ｂ＆Ｇ海洋センター体育館","福岡県みやこ町国分636","33.683964","130.979111"
"伊良原コミュニティセンター「隠国の里」","福岡県みやこ町犀川下伊良原1883-53","33.572844","130.945043"
"みやこ町コミュニティセンター「いこいの里」","福岡県みやこ町犀川古川50","33.648408","130.947924"
"みやこ伊良原学園","福岡県みやこ町犀川上伊良原178-2","33.562947","130.95294"
"ふるさと会館","福岡県みやこ町犀川上伊良原420","33.556674","130.951344"
"ユータウン犀川","福岡県みやこ町犀川本庄332-3","33.650769","130.939741"
"犀川小学校","福岡県みやこ町犀川本庄620","33.647494","130.941049"
"犀川体育館","福岡県みやこ町犀川本庄641-1","33.648478","130.943131"
"中央公民館","福岡県みやこ町犀川本庄641-1","33.648429","130.943466"
"犀川中学校","福岡県みやこ町犀川本庄763","33.646123","130.943517"
"みやこ町犀川運動公園運動場","福岡県みやこ町犀川末江500-3","33.645275","130.952717"
"諫山小学校","福岡県みやこ町勝山岩熊554","33.709888","130.890475"
"諫山地区活性化センター","福岡県みやこ町勝山岩熊730-1","33.709117","130.889787"
"勝山中学校グラウンド","福岡県みやこ町勝山黒田1176-4","33.701728","130.917814"
"勝山中学校","福岡県みやこ町勝山黒田1177","33.701264","130.917241"
"黒田小学校","福岡県みやこ町勝山黒田825","33.703976","130.922226"
"サン・グレートみやこ","福岡県みやこ町勝山黒田86-1","33.699904","130.921388"
"みやこ町役場本庁別館","福岡県みやこ町勝山上田971","33.698791","130.921403"
"勝山体育館","福岡県みやこ町勝山上田976","33.699414","130.921203"
"久保小学校","福岡県みやこ町勝山大久保1423","33.689041","130.910856"
"みやこ町豊津グラウンド","福岡県みやこ町豊津1113","33.670962","130.97263"
"みやこ町豊津福祉センター「すどりの里」","福岡県みやこ町豊津2174-1","33.668313","130.974506"
"豊津中学校","福岡県みやこ町豊津429-2","33.682952","130.97304"
"豊津小学校","福岡県みやこ町豊津9-1","33.674099","130.972209"
"高田小学校","福岡県みやま市高田町下楠田1443","33.095671","130.464156"
"旧竹海小学校","福岡県みやま市高田町海津966","33.120924","130.489901"
"高田中学校","福岡県みやま市高田町岩津326","33.113483","130.467994"
"旧岩田小学校","福岡県みやま市高田町原1041","33.112093","130.473959"
"旧江浦小学校","福岡県みやま市高田町江浦611","33.110504","130.447017"
"旧開小学校","福岡県みやま市高田町黒崎開582","33.093095","130.44349"
"あたご苑","福岡県みやま市高田町今福314-1","33.108475","130.466721"
"まいピア高田","福岡県みやま市高田町濃施14","33.100236","130.455058"
"桜舞館小学校","福岡県みやま市高田町舞鶴257-1","33.119495","130.518509"
"旧山川南部小学校","福岡県みやま市山川町重冨121","33.107391","130.52973"
"山川中学校","福岡県みやま市山川町尾野1690","33.123502","130.516078"
"山川市民センター","福岡県みやま市山川町尾野1706-2","33.122157","130.51606"
"旧山川東部小学校","福岡県みやま市山川町尾野1943-1","33.132221","130.512433"
"げんきかん","福岡県みやま市山川町立山1234-1","33.123801","130.518288"
"瀬高小学校","福岡県みやま市瀬高町下庄1373","33.158943","130.475555"
"瀬高中学校","福岡県みやま市瀬高町下庄1885","33.153816","130.478955"
"みやま市総合市民センター","福岡県みやま市瀬高町下庄792-1","33.153362","130.475021"
"旧上庄小学校","福岡県みやま市瀬高町上庄1259","33.159737","130.46585"
"山門高等学校（体育館）","福岡県みやま市瀬高町上庄1730-1","33.161282","130.468034"
"山門高校体育館","福岡県みやま市瀬高町上庄1730-1","33.160496","130.467277"
"南小学校","福岡県みやま市瀬高町太神1318","33.135418","130.467408"
"大江小学校","福岡県みやま市瀬高町大江1726","33.145161","130.484854"
"清水小学校","福岡県みやま市瀬高町大草1596-1","33.153818","130.507022"
"清水公民館","福岡県みやま市瀬高町大草2594","33.153679","130.50531"
"水上小学校","福岡県みやま市瀬高町長田3228-2","33.176153","130.514472"
"東山中学校","福岡県みやま市瀬高町長田3360","33.171239","130.509123"
"旧本郷小学校","福岡県みやま市瀬高町本郷1314","33.168384","130.486384"
"花美坂区公民館","福岡県芦屋町花美坂35-4","33.903447","130.675302"
"東町区公民館","福岡県芦屋町祇園町1569-65","33.889088","130.673561"
"幸町区公民館","福岡県芦屋町幸町2464-2","33.895228","130.661126"
"江川台区公民館","福岡県芦屋町江川台12-338","33.893525","130.681523"
"高浜町区公民館","福岡県芦屋町高浜町3043-7","33.889271","130.669065"
"雁木区公民館","福岡県芦屋町山鹿2107","33.896933","130.667867"
"山鹿公民館","福岡県芦屋町山鹿2862","33.901029","130.666954"
"正門町区公民館","福岡県芦屋町正門町2868-4","33.890669","130.663215"
"市場区公民館","福岡県芦屋町西浜町2170-1","33.896718","130.662977"
"浜崎区公民館","福岡県芦屋町西浜町2354-57","33.896999","130.660768"
"船頭町区公民館","福岡県芦屋町船頭町1832","33.893114","130.668487"
"芦屋中央公園","福岡県芦屋町船頭町8-54","33.891657","130.667882"
"粟屋区公民館","福岡県芦屋町大字芦屋1155-1","33.873536","130.651936"
"大城区公民館","福岡県芦屋町大字芦屋881","33.872959","130.658613"
"柏原区公民館","福岡県芦屋町大字山鹿1119-2","33.906391","130.664106"
"大君区公民館","福岡県芦屋町大字山鹿129-1","33.898371","130.676057"
"正津ケ浜区公民館","福岡県芦屋町大字山鹿1415-2","33.907366","130.670338"
"元町区公民館","福岡県芦屋町大字山鹿1753-1","33.899501","130.667957"
"万町区公民館","福岡県芦屋町大字山鹿1874","33.899011","130.666807"
"浦区公民館","福岡県芦屋町大字山鹿2257-1","33.899463","130.665074"
"はまゆう区公民館","福岡県芦屋町大字山鹿535-22","33.910626","130.671927"
"三軒屋区公民館","福岡県芦屋町大字山鹿93-2","33.897964","130.671009"
"田屋区公民館","福岡県芦屋町大字山鹿965-3","33.909387","130.668706"
"芦屋町武道館","福岡県芦屋町中ノ浜10-13","33.892853","130.666518"
"芦屋町民会館","福岡県芦屋町中ノ浜11-6","33.892472","130.667477"
"芦屋町小体育館","福岡県芦屋町中ノ浜12-23","33.892299","130.666446"
"金屋区公民館","福岡県芦屋町中ノ浜2006-1","33.895049","130.664902"
"中ノ浜区公民館","福岡県芦屋町中ノ浜3790","33.893022","130.667077"
"白浜町区公民館","福岡県芦屋町白浜町2745-10","33.891984","130.660658"
"浜口町区公民館","福岡県芦屋町浜口町3891","33.882868","130.669318"
"芦屋東公民館","福岡県芦屋町緑ケ丘4-22","33.884869","130.668498"
"室木小学校（校舎）","福岡県鞍手町大字室木1290","33.759623","130.66282"
"室木小学校（体育館）","福岡県鞍手町大字室木1290","33.759231","130.663388"
"室木小学校（グラウンド）","福岡県鞍手町大字室木1290","33.759895","130.663126"
"鞍手町立体育館","福岡県鞍手町大字小牧2104-1","33.791127","130.693557"
"鞍手町中央公民館","福岡県鞍手町大字小牧2105","33.791748","130.693267"
"鞍手町立武道館","福岡県鞍手町大字小牧2105","33.791604","130.693954"
"鞍手中学校（体育館）","福岡県鞍手町大字小牧2122-1","33.788408","130.694659"
"鞍手中学校（グラウンド）","福岡県鞍手町大字小牧2122-1","33.789451","130.694112"
"鞍手中学校（校舎）","福岡県鞍手町大字小牧2122-1","33.788791","130.695818"
"鞍手町民グラウンド","福岡県鞍手町大字小牧2226","33.791033","130.692302"
"新延小学校（体育館）","福岡県鞍手町大字新延1511","33.790292","130.65948"
"新延小学校（グラウンド）","福岡県鞍手町大字新延1511","33.790435","130.658815"
"新延小学校（校舎）","福岡県鞍手町大字新延1511","33.790779","130.659014"
"鞍手町総合福祉センター","福岡県鞍手町大字新延414-1","33.781756","130.668197"
"西川小学校（体育館）","福岡県鞍手町大字新北1081","33.771016","130.670618"
"西川小学校（グラウンド）","福岡県鞍手町大字新北1081","33.770686","130.670929"
"西川小学校（校舎）","福岡県鞍手町大字新北1081","33.771065","130.670044"
"旧鞍手南中学校（体育館）","福岡県鞍手町大字新北993-1","33.771592","130.67168"
"旧鞍手南中学校（校舎）","福岡県鞍手町大字新北993-1","33.771668","130.670956"
"剣南小学校（校舎）","福岡県鞍手町大字中山2213-1","33.78798","130.691981"
"剣南小学校（体育館）","福岡県鞍手町大字中山2213-1","33.78771","130.691385"
"剣南小学校（グラウンド）","福岡県鞍手町大字中山2213-1","33.788325","130.691583"
"鞍手公園","福岡県鞍手町大字中山2802-7","33.788374","130.683307"
"剣北小学校（グラウンド）","福岡県鞍手町大字中山3266","33.790397","130.679461"
"剣北小学校（校舎）","福岡県鞍手町大字中山3266","33.790829","130.678699"
"剣北小学校（体育館）","福岡県鞍手町大字中山3266","33.790357","130.678651"
"旧鞍手北中学校（体育館）","福岡県鞍手町大字中山3923-315","33.795521","130.678381"
"旧鞍手北中学校（グラウンド）","福岡県鞍手町大字中山3923-315","33.796136","130.678585"
"古月保育所","福岡県鞍手町大字木月111-1","33.807772","130.677323"
"古月小学校（校舎）","福岡県鞍手町大字木月1149","33.811993","130.674421"
"古月小学校（体育館）","福岡県鞍手町大字木月1149","33.811561","130.674075"
"古月小学校（グラウンド）","福岡県鞍手町大字木月1149","33.811642","130.673517"
"旧豊翔館（グラウンド）","福岡県鞍手町大字木月2406","33.811205","130.669132"
"旧豊翔館（校舎）","福岡県鞍手町大字木月2406","33.810605","130.669033"
"旧豊翔館（体育館）","福岡県鞍手町大字木月2406","33.810392","130.668853"
"浮洲公園野球場","福岡県鞍手町大字木月578","33.819179","130.674444"
"飛岳北公園","福岡県宇美町とびたけ2-1556-300","33.568648","130.533063"
"ひばりが丘北公園","福岡県宇美町ひばりが丘2-316-12","33.566875","130.491018"
"宇美南中学校（グラウンド）","福岡県宇美町ゆりが丘1-1-1","33.557086","130.526839"
"総合スポーツ公園","福岡県宇美町ゆりが丘1-2-1","33.557073","130.528898"
"宇美小学校（グラウンド）","福岡県宇美町宇美3-9-1","33.568361","130.506093"
"宇美中学校（グラウンド）","福岡県宇美町宇美5-4-1","33.566503","130.510743"
"宇美東小学校（グラウンド）","福岡県宇美町宇美東3-7-1","33.568428","130.530013"
"ちびっこ運動広場","福岡県宇美町貴船1-840-1","33.559628","130.514679"
"原田小学校（グラウンド）","福岡県宇美町原田3-1-1","33.556604","130.522413"
"寺浦運動広場","福岡県宇美町原田3-1017-8","33.555397","130.522805"
"原田公園","福岡県宇美町原田3-1057-44","33.555102","130.525187"
"深町公園","福岡県宇美町光正寺2-4485-2","33.575306","130.50158"
"桜原小学校（グラウンド）","福岡県宇美町桜原1-1-1","33.573711","130.519899"
"新成公園","福岡県宇美町若草1-3370-167","33.562559","130.524115"
"宇美東中学校（グラウンド）","福岡県宇美町若草2-1-1","33.568092","130.524116"
"原の前スポーツ公園","福岡県宇美町障子岳南2-20-1","33.56261","130.5399"
"井野小学校（グラウンド）","福岡県宇美町大字井野419-9","33.56709","130.496961"
"井野公園","福岡県宇美町大字井野字熊山５５５－４外","33.565172","130.500264"
"一本松公園","福岡県宇美町大字宇美1271-20","33.560386","130.550325"
"林崎運動公園多目的広場","福岡県宇美町平和1-4977-2","33.575079","130.515049"
"宇美公園","福岡県宇美町明神坂1-4684-1","33.572759","130.51033"
"おんがみらいテラス","福岡県遠賀町遠賀川1-1-2","33.847008","130.672943"
"遠賀川公民館","福岡県遠賀町遠賀川2-6-35","33.847487","130.670405"
"新町公民館","福岡県遠賀町遠賀川3-32-1","33.851499","130.671443"
"旧停公民館","福岡県遠賀町旧停2-1-8","33.848713","130.675901"
"広渡公民館","福岡県遠賀町広渡1-1748-1","33.852888","130.676004"
"中央区公民館","福岡県遠賀町広渡1-20-7","33.853584","130.673594"
"若葉台公民館","福岡県遠賀町若葉台2-7","33.824716","130.652644"
"松の本公民館","福岡県遠賀町松の本4-6-1","33.856776","130.668616"
"遠賀南学童保育所","福岡県遠賀町浅木2-2-1","33.83462","130.665979"
"東和苑公民館","福岡県遠賀町浅木2-22-7","33.83177","130.666328"
"ふれあい広場","福岡県遠賀町浅木2-2405-1","33.834127","130.665836"
"浅木小学校（体育館）","福岡県遠賀町浅木2-3-7","33.833963","130.667459"
"浅木小学校　校舎","福岡県遠賀町浅木2-3-7","33.834221","130.667526"
"浅木公民館","福岡県遠賀町浅木2-30-14","33.826884","130.666846"
"遠賀町ふれあいの里","福岡県遠賀町浅木2-31-1","33.832896","130.665556"
"障害者支援センターさくら","福岡県遠賀町浅木3-18-33","33.823886","130.668882"
"第３遠賀北学童保育所","福岡県遠賀町大字鬼津1028-2","33.86079","130.665041"
"遠賀北学童保育所","福岡県遠賀町大字鬼津1031-1","33.860692","130.66489"
"島門小学校（体育館）","福岡県遠賀町大字鬼津1058","33.859707","130.665283"
"島門小学校　校舎","福岡県遠賀町大字鬼津1058","33.859678","130.666054"
"鬼津公民館","福岡県遠賀町大字鬼津1845-8","33.867014","130.661574"
"遠賀体育センター","福岡県遠賀町大字広渡1412-2","33.846008","130.680649"
"遠賀郡消防署","福岡県遠賀町大字広渡1639","33.849885","130.679607"
"広渡学童保育所","福岡県遠賀町大字広渡1930","33.854816","130.673508"
"第２広渡学童保育所","福岡県遠賀町大字広渡1930","33.854816","130.673508"
"広渡小学校　校舎","福岡県遠賀町大字広渡1930","33.854816","130.673508"
"広渡小学校（体育館）","福岡県遠賀町大字広渡1930","33.854569","130.67425"
"広渡防災広場","福岡県遠賀町大字広渡1951","33.855087","130.674366"
"遠賀コミュニティーセンター","福岡県遠賀町大字広渡23-6","33.846125","130.680072"
"相撲場","福岡県遠賀町大字広渡24-6","33.846182","130.677727"
"道官集会所","福岡県遠賀町大字広渡2456","33.866457","130.676466"
"今古賀中央公園","福岡県遠賀町大字今古賀235-2","33.844862","130.663911"
"遠賀町役場　車庫棟","福岡県遠賀町大字今古賀513","33.848442","130.668365"
"遠賀町中央公民館","福岡県遠賀町大字今古賀513","33.8489","130.668266"
"遠賀町立図書館","福岡県遠賀町大字今古賀513","33.849388","130.669133"
"今古賀ポケットパーク","福岡県遠賀町大字今古賀513","33.848726","130.668676"
"今古賀イベント・交流広場","福岡県遠賀町大字今古賀528-1","33.849267","130.666741"
"今古賀公民館","福岡県遠賀町大字今古賀548","33.848116","130.664626"
"若松公民館","福岡県遠賀町大字若松2316-1","33.866974","130.669939"
"上別府公民館","福岡県遠賀町大字上別府1625","33.834044","130.660117"
"遠賀高校（体育館）","福岡県遠賀町大字上別府2110","33.837205","130.649709"
"遠賀南中学校（体育館）","福岡県遠賀町大字上別府652","33.833517","130.66145"
"遠賀南中学校（武道場）","福岡県遠賀町大字上別府652","33.832943","130.661728"
"遠賀南中学校　校舎","福岡県遠賀町大字上別府652","33.833641","130.662434"
"遠賀霊園管理事務所","福岡県遠賀町大字虫生津1714-1","33.819435","130.655246"
"虫生津公民館","福岡県遠賀町大字虫生津705-1","33.824824","130.66119"
"遠賀川漕艇場","福岡県遠賀町大字島津339-1","33.866848","130.676073"
"島津公民館","福岡県遠賀町大字島津634","33.875045","130.672253"
"尾崎公民館","福岡県遠賀町大字尾崎859","33.858644","130.650679"
"遠賀中学校第１体育館","福岡県遠賀町大字別府200","33.848459","130.656652"
"遠賀中学校　校舎","福岡県遠賀町大字別府200","33.847946","130.65657"
"千代丸公民館","福岡県遠賀町大字別府2470-2","33.842925","130.652359"
"別府公民館","福岡県遠賀町大字別府3207","33.846909","130.659683"
"別府運動広場","福岡県遠賀町大字別府4085","33.852266","130.655956"
"木守公民館","福岡県遠賀町大字木守1586-1","33.839966","130.666403"
"老良公民館","福岡県遠賀町大字老良326","33.834286","130.686146"
"老良記念碑広場","福岡県遠賀町大字老良350-6","33.835539","130.687081"
"緑ヶ丘公民館","福岡県遠賀町虫生津南15-11","33.82052","130.665196"
"遠賀町民体育館","福岡県遠賀町田園2-3-1","33.856511","130.655501"
"田園公民館","福岡県遠賀町田園2-3-1","33.856395","130.655614"
"緑光苑公民館","福岡県遠賀町島門11-2","33.858055","130.663147"
"芙蓉公民館","福岡県遠賀町芙蓉1-8-1","33.8213","130.660411"
"海老津小学校（グラウンド）","福岡県岡垣町海老津1-21-1","33.841419","130.61609"
"吉木小学校（グラウンド）","福岡県岡垣町吉木西1-17-5","33.857601","130.603999"
"内浦小学校（グラウンド）","福岡県岡垣町大字原865","33.876586","130.574316"
"戸切小学校（グラウンド）","福岡県岡垣町大字戸切1181-9","33.839406","130.634931"
"おかがき総合福祉保健センターいこいの里（屋外）","福岡県岡垣町大字高倉598-1","33.848481","130.603916"
"松ヶ台グラウンド","福岡県岡垣町大字野間796-5","33.859405","130.616866"
"町民総合グラウンド","福岡県岡垣町中央台6-204-2","33.845439","130.616508"
"山田小学校（グラウンド）","福岡県岡垣町東山田1-16-1","33.848615","130.628644"
"岡垣サンリーアイ（ふれあい広場）","福岡県岡垣町野間1-2-1","33.851001","130.61068"
"岡垣中学校（グラウンド）","福岡県岡垣町野間3-1-1","33.855467","130.61221"
"稲築才田日吉児童遊園","福岡県嘉麻市稲築才田239-1","33.58059","130.733793"
"うすい人権啓発センターあかつき","福岡県嘉麻市下臼井1012-2","33.574778","130.703385"
"碓井グラウンド","福岡県嘉麻市下臼井1041","33.573814","130.703479"
"碓井地区公民館","福岡県嘉麻市下臼井1050-19","33.574869","130.702834"
"碓井新道児童遊園　跨線橋横","福岡県嘉麻市下臼井1072-3","33.574693","130.701323"
"碓井下臼井西児童遊園　堤ヶ谷","福岡県嘉麻市下臼井1091-1","33.577432","130.704031"
"碓井南ヶ丘児童遊園　集会所前","福岡県嘉麻市下臼井1270-2","33.579088","130.702303"
"碓井下臼井東部児童遊園　東部公民館前","福岡県嘉麻市下臼井25-3","33.572283","130.716048"
"碓井下臼井東児童遊園","福岡県嘉麻市下臼井892-3","33.570281","130.706428"
"山田長野児童遊園","福岡県嘉麻市下山田190-4","33.570953","130.758099"
"山田中学校","福岡県嘉麻市下山田2","33.565587","130.760162"
"山田望が丘第一公園","福岡県嘉麻市下山田34-12","33.564163","130.758312"
"下山田小学校","福岡県嘉麻市下山田341","33.575828","130.753402"
"下山田小学校白馬ホール","福岡県嘉麻市下山田354-1","33.575078","130.75416"
"山田下山田（山下）公園","福岡県嘉麻市下山田457-1","33.572952","130.753959"
"山田日吉児童遊園","福岡県嘉麻市下山田844-1","33.571179","130.743367"
"はせ一里館","福岡県嘉麻市嘉穂才田1579-25","33.542395","130.692889"
"稲築鴨生駅跡公園","福岡県嘉麻市鴨生1081-5","33.606513","130.7322"
"稲築別田児童遊園","福岡県嘉麻市鴨生120-52","33.608345","130.732327"
"稲築なつきヶ丘団地児童遊園","福岡県嘉麻市鴨生122-41","33.608467","130.734493"
"稲築鴨生町団地内児童遊園","福岡県嘉麻市鴨生156-110","33.61303","130.734607"
"稲築大界ポケット広場","福岡県嘉麻市鴨生156-162","33.613434","130.736225"
"稲築鴨生児童遊園","福岡県嘉麻市鴨生179-1","33.610799","130.733593"
"ふるさと交流館「なつきの湯」","福岡県嘉麻市鴨生24-10","33.603247","130.735049"
"地域子育て支援センター（鴨生保育所内併設）","福岡県嘉麻市鴨生29-53","33.603445","130.735776"
"嘉穂特別支援学校","福岡県嘉麻市鴨生328-1","33.603487","130.728799"
"稲築枝坂児童遊園","福岡県嘉麻市鴨生367-74","33.60145","130.728702"
"稲築鴨生公園","福岡県嘉麻市鴨生418-6","33.605188","130.724249"
"稲築武道館","福岡県嘉麻市鴨生435-1","33.605744","130.723147"
"稲築下鴨生駅前広場","福岡県嘉麻市鴨生864-110","33.614712","130.727964"
"稲築白門第二児童遊園","福岡県嘉麻市鴨生880-16","33.614396","130.722505"
"稲築白門第一児童遊園","福岡県嘉麻市鴨生880-4","33.612421","130.723616"
"稲築保健センター","福岡県嘉麻市岩﨑1143-3","33.598415","130.717646"
"稲築地区公民館","福岡県嘉麻市岩崎1141","33.598169","130.717285"
"稲築志耕館高等学校","福岡県嘉麻市岩崎1318-1","33.597928","130.712075"
"稲築新屋敷児童遊園","福岡県嘉麻市岩崎263-1","33.593589","130.725346"
"稲築野球場","福岡県嘉麻市岩崎61","33.589804","130.729638"
"なつき文化ホール","福岡県嘉麻市岩崎63-8","33.588626","130.728697"
"宮野グラウンド","福岡県嘉麻市宮吉533-1","33.522062","130.77032"
"嘉穂地区公民館宮野分館","福岡県嘉麻市宮吉538-1","33.522679","130.76984"
"嘉穂牛隈交通公園","福岡県嘉麻市牛隈1961-10","33.566205","130.726976"
"下牛隈公民館","福岡県嘉麻市牛隈2058-1","33.56901","130.725838"
"牛隈小学校","福岡県嘉麻市牛隈2470-8","33.572085","130.724934"
"嘉穂第二児童館","福岡県嘉麻市牛隈2534-7","33.571879","130.722502"
"熊ヶ畑小学校","福岡県嘉麻市熊ヶ畑2128","33.541018","130.783099"
"山田活性化センター","福岡県嘉麻市熊ヶ畑2141-1","33.541637","130.785972"
"山田地区公民館熊ヶ畑分館","福岡県嘉麻市熊ヶ畑2173-1","33.540952","130.785961"
"碓井塚田児童遊園　塚田集会所横","福岡県嘉麻市光代219","33.567647","130.719997"
"稲築楠木児童遊園","福岡県嘉麻市口春467-10","33.607638","130.714749"
"稲築口春児童遊園","福岡県嘉麻市口春502-1","33.605971","130.712435"
"稲築西義務教育学校","福岡県嘉麻市口春629","33.602743","130.716719"
"稲築新山野児童遊園","福岡県嘉麻市口春709-68","33.603175","130.710403"
"稲築藤田児童遊園","福岡県嘉麻市山野1000-2","33.616607","130.703129"
"稲築樋渡児童遊園","福岡県嘉麻市山野1119-1","33.618893","130.702211"
"稲築福寿台児童遊園","福岡県嘉麻市山野135-88","33.615462","130.722855"
"稲築山野児童遊園","福岡県嘉麻市山野1353-1","33.613249","130.705298"
"稲築文化ふれあい伝承館","福岡県嘉麻市山野1619-4","33.611742","130.710378"
"稲築田中児童遊園","福岡県嘉麻市山野1709-7","33.611973","130.712528"
"稲築山野運動公園","福岡県嘉麻市山野2009-1","33.608895","130.709116"
"稲築次郎五郎児童遊園","福岡県嘉麻市山野2148-1","33.6128","130.701046"
"稲築次郎五郎広場","福岡県嘉麻市山野2163-12","33.611022","130.702125"
"稲築ひまわり団地児童遊園","福岡県嘉麻市山野2373-118","33.600416","130.707129"
"稲築山野ポケット公園","福岡県嘉麻市山野632-16","33.6155","130.708805"
"稲築漆生工場団地内公園","福岡県嘉麻市漆生1111-17","33.58386","130.729792"
"稲築漆生東児童遊園","福岡県嘉麻市漆生1270-18","33.588646","130.723962"
"稲築二川町児童遊園","福岡県嘉麻市漆生1362-1","33.591364","130.72222"
"稲築漆生駅跡公園","福岡県嘉麻市漆生1482-3","33.59049","130.72119"
"漆生児童公園","福岡県嘉麻市漆生1575-2","33.589377","130.719291"
"稲築東西浦児童遊園","福岡県嘉麻市漆生2305-38","33.591718","130.709548"
"稲築沖出児童遊園","福岡県嘉麻市漆生528-15","33.57878","130.72006"
"稲築嘉麻児童遊園","福岡県嘉麻市漆生598-1","33.583154","130.721694"
"稲築阿弥陀ヶ峯児童遊園","福岡県嘉麻市漆生898-3","33.584754","130.723369"
"碓井上臼井上児童遊園","福岡県嘉麻市上臼井1510-3","33.558251","130.705274"
"碓井笹原児童遊園　笹原集会所前","福岡県嘉麻市上臼井1942-1","33.551322","130.708183"
"碓井上臼井東児童遊園　上臼井東第２集会所","福岡県嘉麻市上臼井287-3","33.563627","130.715008"
"碓井上臼井東児童遊園　納骨堂横","福岡県嘉麻市上臼井395-1","33.561535","130.713919"
"碓井住民センター（大ホール）","福岡県嘉麻市上臼井446-1","33.563443","130.711386"
"碓井野球場","福岡県嘉麻市上臼井775","33.562097","130.708836"
"碓井義務教育学校","福岡県嘉麻市上臼井868","33.557793","130.706824"
"山田筑紫児童遊園","福岡県嘉麻市上山田","33.560202","130.787633"
"山田猪ノ鼻児童遊園","福岡県嘉麻市上山田1051","33.567364","130.767942"
"山田昭和児童遊園","福岡県嘉麻市上山田1188-2","33.565956","130.763184"
"山田中央児童遊園","福岡県嘉麻市上山田1218-1","33.564107","130.762699"
"山田望が丘第二公園","福岡県嘉麻市上山田1250-108","33.563684","130.761614"
"山田原町児童遊園","福岡県嘉麻市上山田1290-43","33.557856","130.75438"
"山田サワラテ緑道公園","福岡県嘉麻市上山田1324-3","33.559712","130.764256"
"山田生涯学習館","福岡県嘉麻市上山田1347-10","33.558529","130.765099"
"山田尾浦児童遊園","福岡県嘉麻市上山田150-1","33.553916","130.776627"
"山田百々谷公園","福岡県嘉麻市上山田1607-9","33.547676","130.768677"
"サルビアパーク","福岡県嘉麻市上山田352","33.558227","130.768988"
"山田市民公園","福岡県嘉麻市上山田381-45","33.561249","130.766227"
"山田市民センター","福岡県嘉麻市上山田451-3","33.562824","130.765781"
"山田友愛グラウンド","福岡県嘉麻市上山田490-3","33.561863","130.767919"
"上山田小学校","福岡県嘉麻市上山田502-36","33.560254","130.76963"
"山田鶴谷住宅団地内公園","福岡県嘉麻市上山田528-56","33.559791","130.773709"
"山田鶴谷住宅団地児童遊園","福岡県嘉麻市上山田528-59","33.559429","130.773553"
"山田小富士児童遊園","福岡県嘉麻市上山田812-108","33.563247","130.774415"
"嘉穂総合運動公園　嘉穂陸上競技場","福岡県嘉麻市上西郷1482-1","33.543136","130.727972"
"嘉穂総合体育館","福岡県嘉麻市上西郷1482-1","33.542477","130.727052"
"嘉穂中学校","福岡県嘉麻市上西郷376","33.543636","130.735578"
"碓井西郷児童遊園","福岡県嘉麻市西郷756-2","33.55937","130.720826"
"碓井光代橋公園","福岡県嘉麻市西郷881-1","33.562891","130.716412"
"碓井出川児童遊園　出川団地内","福岡県嘉麻市西郷986-2","33.559169","130.716115"
"千手グラウンド","福岡県嘉麻市千手1253-1","33.526486","130.713417"
"嘉穂地区公民館千手分館","福岡県嘉麻市千手1776-1","33.528123","130.713621"
"泉河内グラウンド","福岡県嘉麻市泉河内617-1","33.538123","130.679434"
"嘉穂福祉センター","福岡県嘉麻市大隈町1183-1","33.54451","130.742702"
"嘉穂小学校","福岡県嘉麻市大隈町1215","33.54255","130.741147"
"夢サイトかほ","福岡県嘉麻市大隈町1228-1","33.543598","130.742166"
"嘉穂野球場","福岡県嘉麻市大隈町659","33.550634","130.74475"
"嘉穂隣保館","福岡県嘉麻市大隈町722","33.550385","130.743144"
"旧大隈小学校グラウンド","福岡県嘉麻市大隈町724","33.549641","130.74294"
"大隈体育館","福岡県嘉麻市大隈町724","33.55016","130.74301"
"足白農泊施設","福岡県嘉麻市馬見587","33.522623","130.75094"
"碓井飯田児童遊園","福岡県嘉麻市飯田302-2","33.569318","130.701702"
"碓井熊本児童遊園　納骨堂前","福岡県嘉麻市飯田462","33.569249","130.698768"
"稲築宮地児童遊園","福岡県嘉麻市平1039","33.595443","130.735829"
"稲築銭代坊児童遊園","福岡県嘉麻市平1372-52","33.598493","130.7351"
"稲築銭代坊ちびっこ広場","福岡県嘉麻市平1414-93","33.59972","130.736301"
"旧稲築東小学校","福岡県嘉麻市平1429-1","33.600677","130.739304"
"稲築桜ヶ丘児童遊園","福岡県嘉麻市平1480-18","33.601407","130.732651"
"稲築東義務教育学校","福岡県嘉麻市平1536","33.599442","130.730965"
"稲築平東児童遊園","福岡県嘉麻市平654-125","33.592363","130.742449"
"稲築平第一児童遊園","福岡県嘉麻市平898-1","33.595057","130.733973"
"稲築緑ヶ丘児童遊園","福岡県嘉麻市平950-130","33.59439","130.74103"
"稲築町制４０周年記念公園","福岡県嘉麻市平959-1","33.595487","130.738797"
"旧碓井中学校","福岡県嘉麻市平山440","33.559797","130.700825"
"白川小学校　グランド","福岡県苅田町稲光357","33.750668","130.936962"
"白川小学校　体育館","福岡県苅田町稲光357","33.752697","130.938248"
"新開公園","福岡県苅田町京町2-27","33.779455","130.980868"
"中央公民館","福岡県苅田町京町2-5","33.776735","130.982377"
"北公民館","福岡県苅田町若久町1-3-7","33.795295","130.974877"
"向山公園","福岡県苅田町若久町3-31","33.798675","130.976606"
"西部公民館","福岡県苅田町鋤崎481-1","33.746506","130.938911"
"大熊公園","福岡県苅田町小波瀬2-1-1","33.755539","130.97676"
"片島小学校　グランド","福岡県苅田町上片島1504","33.742586","130.956067"
"片島小学校　体育館","福岡県苅田町上片島1504","33.742827","130.956552"
"小波瀬コミュニティセンター","福岡県苅田町新津1-10-1","33.752827","130.975143"
"新津中学校　体育館","福岡県苅田町新津1-6-1","33.754103","130.975525"
"新津中学校　グランド","福岡県苅田町新津1-6-1","33.75386","130.976089"
"苅田小学校　グランド","福岡県苅田町神田町2-9-12","33.790686","130.978894"
"苅田小学校　体育館","福岡県苅田町神田町2-9-12","33.790061","130.978381"
"臨海総合グランド","福岡県苅田町長浜町46","33.780629","130.994571"
"馬場小学校　体育館","福岡県苅田町馬場558","33.780312","130.977066"
"馬場小学校　グランド","福岡県苅田町馬場558","33.780312","130.977066"
"総合福祉会館","福岡県苅田町尾倉4-1-7","33.763199","130.975372"
"殿川緑地公園","福岡県苅田町富久町1-34","33.776568","130.980087"
"南原小学校　体育館","福岡県苅田町富久町1-4-9","33.772861","130.980019"
"南原小学校　グランド","福岡県苅田町富久町1-4-9","33.772942","130.980856"
"与原小学校　グランド","福岡県苅田町与原3-7-5","33.753628","130.978872"
"与原小学校　体育館","福岡県苅田町与原3-7-5","33.753717","130.979714"
"西光寺","福岡県吉富町大字幸子442-1","33.59552","131.173659"
"吉富あいあいセンター","福岡県吉富町大字広津342","33.605074","131.174136"
"吉富町武道館","福岡県吉富町大字広津358-5","33.603446","131.174581"
"吉富フォーユー会館","福岡県吉富町大字広津413-1","33.603079","131.175275"
"吉富町体育館","福岡県吉富町大字広津413-1","33.602947","131.174524"
"吉富町住民福祉センターひだまり","福岡県吉富町大字広津641-1","33.602824","131.174288"
"吉富町子育て支援センター","福岡県吉富町大字広津641-1","33.603034","131.173784"
"吉富小学校","福岡県吉富町大字広津665-1","33.604379","131.172782"
"吉富保育園","福岡県吉富町大字今吉21-1","33.602045","131.16973"
"宝福寺","福岡県吉富町大字小犬丸140","33.607695","131.177644"
"八幡古表神社","福岡県吉富町大字小犬丸353-1","33.614448","131.180417"
"吉富中学校","福岡県吉富町大字直江612","33.609133","131.165486"
"久山町高齢者交流センター","福岡県久山町大字久原1080-3","33.645625","130.507411"
"山内公園","福岡県久山町大字久原1267","33.649172","130.52015"
"久山町ヘルスＣ＆Ｃセンター","福岡県久山町大字久原1822-1","33.641179","130.518044"
"東久原集会所","福岡県久山町大字久原1843-71","33.643575","130.515016"
"東久原児童公園","福岡県久山町大字久原1942-1","33.644982","130.514876"
"中久原児童公園","福岡県久山町大字久原2417","33.642787","130.505848"
"中久原新建会館","福岡県久山町大字久原2418-2","33.642749","130.506212"
"レスポアール久山","福岡県久山町大字久原2603-1","33.646375","130.50679"
"下久原児童公園","福岡県久山町大字久原3332-1","33.643113","130.499469"
"久原小学校グラウンド","福岡県久山町大字久原3479","33.646452","130.503625"
"久原小学校","福岡県久山町大字久原3479","33.646335","130.502973"
"勤労青少年ホーム","福岡県久山町大字久原3505","33.647038","130.502866"
"久山中学校","福岡県久山町大字久原3553-3","33.652319","130.500077"
"久山中学校グラウンド","福岡県久山町大字久原3553-3","33.65072","130.499605"
"久山会館","福岡県久山町大字久原3553-7","33.653097","130.500038"
"町民体育センター","福岡県久山町大字久原3554-1","33.651133","130.500363"
"総合グラウンド公園","福岡県久山町大字久原3608-1","33.647485","130.498897"
"上久原児童公園","福岡県久山町大字久原4298-1","33.649739","130.511483"
"上久原集会所","福岡県久山町大字久原887","33.649384","130.509952"
"下山田児童公園","福岡県久山町大字山田1722-1","33.657258","130.490869"
"下山田公民館","福岡県久山町大字山田1726-1","33.657502","130.490451"
"小浦台集会所","福岡県久山町大字山田1930-27","33.662802","130.486604"
"山田小学校グラウンド","福岡県久山町大字山田210","33.660605","130.498539"
"山田小学校","福岡県久山町大字山田210","33.661326","130.498697"
"藤河黒河集会所","福岡県久山町大字山田2525","33.672248","130.48961"
"大谷集会所","福岡県久山町大字山田2793-32","33.6697","130.482999"
"草場集会所","福岡県久山町大字山田393-156","33.67186","130.504258"
"上山田いつき会館","福岡県久山町大字山田685-4","33.658603","130.495765"
"上山田児童公園","福岡県久山町大字山田839-1","33.657474","130.500141"
"猪野かみじ会館","福岡県久山町大字猪野1258-1","33.666078","130.50797"
"御井校区コミュニティセンター","福岡県久留米市御井町1600-4","33.309132","130.553899"
"コミュニティセンター高良内会館","福岡県久留米市高良内町606-1","33.292272","130.561636"
"東国分校区コミュニティセンター","福岡県久留米市国分町462-9","33.298479","130.539952"
"山川校区コミュニティセンター","福岡県久留米市山川追分2-10-16","33.313645","130.568975"
"山本校区コミュニティセンター","福岡県久留米市山本町耳納79-2","33.310255","130.596495"
"コミュニティセンター上津校区会館","福岡県久留米市上津町2201-1","33.279577","130.535444"
"青峰小学校","福岡県久留米市青峰2-7-1","33.284294","130.562578"
"草野校区コミュニティセンター","福岡県久留米市草野町矢作506-1","33.317191","130.630066"
"水縄校区コミュニティセンター","福岡県久留米市田主丸町石垣913-15","33.328741","130.702033"
"竹野小学校（体育館）","福岡県久留米市田主丸町竹野1823-1","33.322042","130.655119"
"光陵小学校","福岡県宮若市磯光1317-10","33.710612","130.686826"
"光陵グリーンパーク","福岡県宮若市磯光1668-2","33.706184","130.686109"
"旧宮田小学校","福岡県宮若市磯光1888-6","33.708395","130.676258"
"西鞍の丘総合運動公園","福岡県宮若市乙野601","33.705814","130.590762"
"笠松研修センター","福岡県宮若市下有木786","33.749782","130.628656"
"宮若トレッジ","福岡県宮若市宮永11-1","33.728159","130.596287"
"Ｂ＆Ｇ海洋センター","福岡県宮若市宮田251-4","33.718506","130.664402"
"宮若東中学校","福岡県宮若市宮田3410-2","33.721361","130.657236"
"宮田南小学校","福岡県宮若市宮田3461","33.721975","130.658586"
"旧宮田中学校","福岡県宮若市宮田4705","33.726448","130.6646"
"宮若リコリス","福岡県宮若市宮田6-1","33.723537","130.668186"
"中央公民館","福岡県宮若市宮田72-1","33.722635","130.667401"
"マリーホール宮田","福岡県宮若市宮田72-1","33.722357","130.66696"
"宮田文化センター","福岡県宮若市宮田72-1","33.722394","130.666982"
"宮若西小学校・中学校","福岡県宮若市金丸417-1","33.732956","130.627866"
"中央公民館若宮分館","福岡県宮若市高野572","33.72185","130.611269"
"市民体育館","福岡県宮若市高野577-1","33.722199","130.61147"
"旧若宮南小学校","福岡県宮若市三ケ畑420","33.664027","130.604895"
"若宮コミュニティセンター","福岡県宮若市福丸272-1","33.731466","130.627378"
"旧若宮小学校","福岡県宮若市福丸304-1","33.731799","130.624638"
"宮田北小学校","福岡県宮若市龍徳1464","33.73253","130.687123"
"桂川町総合体育館","福岡県桂川町吉隈429-26","33.593714","130.682784"
"中屋区公民館","福岡県桂川町中屋244-1","33.591872","130.657559"
"桂川町人権センター","福岡県桂川町土居360","33.580907","130.680636"
"桂川町総合福祉センター（ひまわりの里）","福岡県桂川町土居361","33.580509","130.679876"
"桂川町住民センター","福岡県桂川町土居424-8","33.578667","130.678733"
"いきいきセンター「桂寿苑」","福岡県桂川町土居463-1","33.580254","130.677307"
"桂川中学校","福岡県桂川町土居524","33.57869","130.676276"
"桂川小学校","福岡県桂川町土居552","33.580341","130.675283"
"土師保育所","福岡県桂川町土師2464-1","33.56536","130.68559"
"桂川東小学校","福岡県桂川町土師28-1","33.576183","130.698668"
"内山田区公民館","福岡県桂川町内山田843","33.54281","130.681516"
"市役所","福岡県古賀市駅東1-1-1","33.728743","130.469886"
"古賀東区公民館","福岡県古賀市駅東1-2-8","33.729251","130.46877"
"あおやぎ古賀会館","福岡県古賀市駅東2-8-25","33.731637","130.466991"
"古賀団地区公民館","福岡県古賀市駅東5-6-5","33.738716","130.470703"
"暁の星幼稚園","福岡県古賀市花見東2-23-1","33.746495","130.470822"
"北花見区集会所","福岡県古賀市花見東3-3-1","33.750307","130.467681"
"花見小学校","福岡県古賀市花見東4-2-1","33.748942","130.470245"
"花見東１区公民館","福岡県古賀市花見東4-9-1","33.749732","130.469307"
"花見東２区公民館","福岡県古賀市花見南2-23-15","33.743706","130.468818"
"花見南区公民館","福岡県古賀市花見南2-23-7","33.743563","130.468751"
"花鶴丘１丁目区公民館","福岡県古賀市花鶴丘1-17-9","33.727572","130.467727"
"花鶴小学校","福岡県古賀市花鶴丘1-21","33.725445","130.467967"
"花鶴丘２丁目１区集会所","福岡県古賀市花鶴丘2-1-12-1","33.725545","130.463529"
"花鶴丘２丁目２区集会所","福岡県古賀市花鶴丘2-1-5-1","33.726898","130.465083"
"花鶴丘２丁目３区公民館","福岡県古賀市花鶴丘2-10-15","33.724196","130.464591"
"花鶴丘３丁目区公民館","福岡県古賀市花鶴丘3-10-189","33.723649","130.469867"
"古賀中学校","福岡県古賀市久保107","33.731008","130.478301"
"高田教育集会所","福岡県古賀市久保1248-1","33.741083","130.487359"
"さや団地区集会所","福岡県古賀市久保1309-1","33.742903","130.484324"
"千鳥タウンコート区集会所","福岡県古賀市久保1309-2","33.743066","130.485862"
"庄北区公民館","福岡県古賀市今の庄2-7-23","33.728028","130.47587"
"庄南区公民館","福岡県古賀市今の庄2-7-23","33.727903","130.475892"
"クラブハウス　古賀支店","福岡県古賀市今の庄3-18-12","33.722988","130.472707"
"今在家区公民館","福岡県古賀市今在家127-2","33.720172","130.478143"
"古賀市海津木苑","福岡県古賀市鹿部459","33.716255","130.462542"
"小山田区公民館","福岡県古賀市小山田341","33.714349","130.506877"
"りびんぐ紀水庵","福岡県古賀市小山田497-1","33.71517","130.503947"
"福岡県動物愛護センター","福岡県古賀市小竹131-2","33.69706","130.477179"
"小竹区公民館","福岡県古賀市小竹811","33.699343","130.471997"
"サンコスモ古賀","福岡県古賀市庄205","33.729743","130.479325"
"古賀東小学校","福岡県古賀市新久保2-1-1","33.735842","130.479376"
"久保区公民館","福岡県古賀市新久保2-2-11","33.735365","130.480367"
"ひだまり館","福岡県古賀市新原1051-6","33.726649","130.486969"
"新原区公民館","福岡県古賀市新原713-1","33.723653","130.485042"
"ＪＡ粕屋北部プラザ","福岡県古賀市新原812-1","33.723425","130.483503"
"青柳区公民館","福岡県古賀市青柳1699-1","33.707897","130.475073"
"青柳小学校","福岡県古賀市青柳860-1","33.712475","130.479107"
"町川原２区公民館","福岡県古賀市青柳町247-4","33.71071","130.49394"
"青柳児童センター","福岡県古賀市青柳町801","33.713332","130.485397"
"クロスパルこが","福岡県古賀市青柳町830-1","33.71207","130.486499"
"福岡女学院看護大学","福岡県古賀市千鳥1-1-7","33.741142","130.473398"
"病院区集会所","福岡県古賀市千鳥1-3","33.741635","130.472726"
"千鳥南区公民館","福岡県古賀市千鳥2-11-11","33.742556","130.476373"
"天理教西海大教会","福岡県古賀市千鳥2-23-1","33.742826","130.472611"
"東浜山団地区集会所","福岡県古賀市千鳥3-2","33.743022","130.477831"
"千鳥苑","福岡県古賀市千鳥3-3-1","33.744276","130.478187"
"千鳥児童センター","福岡県古賀市千鳥3-3-7","33.74437","130.476505"
"千鳥小学校","福岡県古賀市千鳥4-1-1","33.746221","130.47797"
"千鳥北区公民館","福岡県古賀市千鳥4-1-3","33.744901","130.476454"
"古賀北中学校","福岡県古賀市千鳥4-4-1","33.747227","130.478071"
"町川原１区公民館","福岡県古賀市川原1006-5","33.715637","130.484168"
"薦野区公民館","福岡県古賀市薦野1369-4","33.735017","130.525959"
"小野公園美原園","福岡県古賀市薦野1890-1","33.730468","130.520091"
"谷山区公民館","福岡県古賀市谷山664-1","33.712554","130.501788"
"リーパスプラザこが","福岡県古賀市中央2‐13‐1","33.732468","130.470825"
"中央区公民館","福岡県古賀市中央4-5-5","33.736861","130.473279"
"久保西区公民館","福岡県古賀市中央5-14-10","33.737507","130.478317"
"古賀南区公民館","福岡県古賀市天神1-22-10","33.730291","130.464029"
"サンリブ古賀","福岡県古賀市天神2-5-1","33.734479","130.466459"
"正興電機製作所","福岡県古賀市天神3-20-1","33.739601","130.468178"
"中川区公民館","福岡県古賀市天神4-4-5","33.735688","130.464831"
"古賀北区公民館","福岡県古賀市天神5-2-5","33.734968","130.462877"
"古賀西小学校","福岡県古賀市天神7-4-1","33.736193","130.461218"
"日吉台区公民館","福岡県古賀市日吉1-9-8","33.726993","130.461478"
"ししぶ交流センター","福岡県古賀市日吉3-14-1","33.722064","130.457901"
"鹿部区公民館","福岡県古賀市日吉3-14-3","33.722623","130.458823"
"舞の里１区集会所","福岡県古賀市舞の里1-13-7","33.749458","130.482563"
"舞の里２区集会所","福岡県古賀市舞の里2-12-17","33.747284","130.483425"
"舞の里３区集会所","福岡県古賀市舞の里3-11-7","33.746386","130.486354"
"舞の里４区集会所","福岡県古賀市舞の里4-14-10","33.744135","130.490247"
"舞の里小学校","福岡県古賀市舞の里4-21-1","33.744205","130.491752"
"舞の里５区集会所","福岡県古賀市舞の里5-28-14","33.743775","130.496259"
"やまびこ幼稚園","福岡県古賀市米多比1111-1","33.726136","130.519959"
"小野小学校","福岡県古賀市米多比1390-2","33.726673","130.512649"
"下米多比公民館","福岡県古賀市米多比1535","33.729561","130.514297"
"上米多比公民館","福岡県古賀市米多比575-1","33.726241","130.523151"
"薬王寺区公民館","福岡県古賀市薬王寺1053","33.719841","130.511682"
"古賀清掃工場","福岡県古賀市筵内1970-1","33.737169","130.506996"
"古賀東中学校","福岡県古賀市筵内564-1","33.726468","130.495898"
"筵内区公民館","福岡県古賀市筵内883-1","33.732465","130.495624"
"広川町古墳資料館","福岡県広川町大字一條1436-2","33.238161","130.517682"
"広川中学校（屋内運動場）","福岡県広川町大字久泉837","33.245024","130.557896"
"広川中学校（武道場）","福岡県広川町大字久泉837","33.244369","130.556362"
"中広川小学校（屋内運動場）","福岡県広川町大字新代1705","33.24375","130.552378"
"広川町防災拠点施設　広川町役場新庁舎","福岡県広川町大字新代1805-1","33.241245","130.551404"
"広川町町民交流センター","福岡県広川町大字新代1965-1","33.241137","130.552375"
"上広川小学校（屋内運動場）","福岡県広川町大字水原959-1","33.243633","130.57771"
"広川町産業展示会館","福岡県広川町大字日吉1164-1","33.254195","130.545451"
"市営住宅行事北団地","福岡県行橋市行事6","33.740561","130.970161"
"ゆめタウン行橋","福岡県行橋市西宮市3-8-1","33.720504","130.968456"
"福岡京築農業協同組合　行橋中央支店","福岡県行橋市西宮市5-11-1","33.726139","130.961889"
"あさがお西宮市","福岡県行橋市西宮市5-30-3","33.725615","130.959486"
"泉中学校","福岡県行橋市西泉5-7-1","33.704425","130.974587"
"グッデイ行橋店","福岡県行橋市西泉6-1-1","33.716415","130.972328"
"行橋高等学校","福岡県行橋市泉中央1-17-1","33.714171","130.978808"
"リブリオ行橋","福岡県行橋市大橋3-18-1","33.731996","130.973789"
"仲津中学校","福岡県行橋市大字稲童3104","33.698331","131.016732"
"県営住宅金屋団地","福岡県行橋市大字金屋446","33.730052","130.990973"
"市営住宅辰第二団地","福岡県行橋市大字金屋721-3","33.735474","130.998509"
"グランドハイツ辰山","福岡県行橋市大字金屋722-30","33.733793","130.997319"
"行橋市民体育館","福岡県行橋市大字今井3759","33.73721","131.01343"
"行橋市武道館","福岡県行橋市大字今井3770","33.736666","131.013477"
"今元中学校","福岡県行橋市大字今井896-1","33.723251","130.994413"
"中京中学校","福岡県行橋市大字天生田545","33.698896","130.955339"
"行橋市役所","福岡県行橋市中央1-1-1","33.728906","130.982856"
"県営住宅新地団地","福岡県行橋市東大橋5","33.73957","130.995133"
"防災食育センター","福岡県行橋市東大橋6-8-1","33.743059","131.001127"
"県営住宅大橋団地","福岡県行橋市南大橋1","33.731746","130.982459"
"市営住宅桜町団地","福岡県行橋市南大橋1","33.727409","130.986468"
"市営住宅大橋団地","福岡県行橋市南大橋3","33.728738","130.988197"
"京都高等学校","福岡県行橋市南大橋4-5-1","33.721123","130.976891"
"県営住宅豊団地","福岡県行橋市南大橋5","33.720672","130.975062"
"ゆめタウン南行橋","福岡県行橋市北泉3-3-3","33.716979","130.986065"
"ベスト電器行橋店","福岡県行橋市門樋町8-1","33.725917","130.977165"
"旧香春中学校","福岡県香春町大字香春152","33.676224","130.849593"
"旧香春中学校　体育館","福岡県香春町大字香春152","33.676146","130.850156"
"旧香春小学校　体育館","福岡県香春町大字香春751","33.668742","130.844476"
"旧香春小学校","福岡県香春町大字香春751","33.668519","130.844519"
"香春町中央隣保館","福岡県香春町大字高野1393","33.662529","130.850042"
"香春思永館　体育館","福岡県香春町大字高野1431","33.661944","130.852424"
"香春思永館","福岡県香春町大字高野1431","33.6626","130.852751"
"香泉荘","福岡県香春町大字高野727","33.66618","130.85394"
"旧勾金小学校　体育館","福岡県香春町大字高野758","33.668416","130.850223"
"旧勾金小学校","福岡県香春町大字高野758","33.667639","130.850094"
"フレッシュワークかわら","福岡県香春町大字高野987-1","33.66743","130.846685"
"香春町町民センター","福岡県香春町大字高野987-1","33.666951","130.846856"
"香春町体育センター","福岡県香春町大字高野987-1","33.667296","130.847375"
"コミュニティセンター採ｄｏ所　体育館","福岡県香春町大字採銅所6095","33.702334","130.854521"
"コミュニティセンター採ｄｏ所","福岡県香春町大字採銅所6095","33.702035","130.854382"
"田川高校","福岡県香春町大字中津原2055-1","33.651391","130.837027"
"田川高校　体育館","福岡県香春町大字中津原2055-1","33.651999","130.837033"
"旧中津原小学校　体育館","福岡県香春町大字中津原812","33.654619","130.851923"
"旧中津原小学校","福岡県香春町大字中津原812","33.655052","130.851639"
"南里三公民館","福岡県志免町王子1-17-11","33.592771","130.471621"
"王子八幡共同利用施設","福岡県志免町王子4-22-1","33.592618","130.466925"
"吉原公民館","福岡県志免町吉原175-3","33.577724","130.489041"
"志免南小学校","福岡県志免町吉原556","33.572657","130.48544"
"水鉛公民館","福岡県志免町吉原647-5","33.571731","130.487667"
"志免南保育園","福岡県志免町吉原674","33.574332","130.483631"
"御手洗共同利用施設","福岡県志免町御手洗2-13-18","33.606591","130.444436"
"向ヶ丘公民館","福岡県志免町向ヶ丘2-1-3","33.581545","130.480104"
"坂瀬団地集会所","福岡県志免町坂瀬10-1","33.57931","130.477408"
"桜丘一公民館","福岡県志免町桜丘1-1-4","33.574268","130.479259"
"桜丘共同利用施設","福岡県志免町桜丘2-15-12","33.570341","130.482668"
"南校区ボランティアセンター（桜丘中央公民館）","福岡県志免町桜丘3-30-10","33.568882","130.483234"
"桜丘南公民館（桜寿荘）","福岡県志免町桜丘4-27-1","33.566853","130.485513"
"桜丘五集会所","福岡県志免町桜丘5-13-7","33.56238","130.486758"
"東校区ボランティアセンター（志免四公民館）","福岡県志免町志免1-1-8","33.587663","130.48337"
"志免二コミュニティセンター","福岡県志免町志免1-13-17","33.588131","130.485901"
"志免三公民館","福岡県志免町志免2-8-10","33.583824","130.487636"
"シーメイト","福岡県志免町志免451-1","33.589849","130.487668"
"志免町民体育館","福岡県志免町志免中央1-10-1","33.589695","130.481625"
"志免町民センター","福岡県志免町志免中央1-2-1","33.592283","130.479078"
"ふれあいセンター","福岡県志免町志免中央1-3-1","33.592464","130.480041"
"志免中央小学校","福岡県志免町志免中央1-8-1","33.59097","130.481012"
"志免東小学校","福岡県志免町志免東1-1-1","33.583037","130.48616"
"志免東保育園","福岡県志免町志免東1-1-5","33.583","130.48744"
"成和公民館","福岡県志免町志免東3-14-12","33.581239","130.492937"
"志免東中学校","福岡県志免町志免東4-4-1","33.582267","130.494293"
"松ケ丘集会所","福岡県志免町松ケ丘9-1","33.58522","130.489778"
"石橋台公民館","福岡県志免町石橋台19-1","33.577762","130.478858"
"吉原防災ふれあい広場","福岡県志免町大字吉原182","33.576832","130.489004"
"志免町弓道場","福岡県志免町大字別府1259-1","33.591725","130.464119"
"田富共同利用施設","福岡県志免町田富4-9-20","33.577505","130.494204"
"東区社会会館","福岡県志免町東公園台1-3-1","33.588289","130.488325"
"南里一コミュニティセンター","福岡県志免町南里2-27-16","33.596357","130.471796"
"南里二公民館","福岡県志免町南里6-13-7","33.600211","130.467537"
"西校区ボランティアセンター（別府一公民館）","福岡県志免町別府1-21-17","33.602084","130.459641"
"志免西小学校","福岡県志免町別府2-4-1","33.601547","130.462264"
"西地区社会体育館","福岡県志免町別府3-2-2","33.60397","130.457322"
"別府文化センター","福岡県志免町別府4-22-6","33.605979","130.459103"
"別府二公民館","福岡県志免町別府西3-9-8","33.599529","130.45705"
"別府三公民館","福岡県志免町別府東1-7-1","33.596915","130.464614"
"鏡共同利用施設","福岡県志免町別府北1-17-10","33.607783","130.455238"
"アネシス公民館","福岡県志免町別府北2-2-2","33.606534","130.455812"
"志免中学校","福岡県志免町片峰4-3-1","33.589179","130.473165"
"志免五公民館","福岡県志免町片峰中央3-16-21","33.581646","130.476312"
"中央校区ボランティアセンター（志免六公民館）","福岡県志免町片峰中央4-1-1","33.586235","130.473648"
"西保育所","福岡県糸田町1059","33.656575","130.771737"
"道の駅いとだ","福岡県糸田町162-4","33.642179","130.764688"
"隣保館","福岡県糸田町1697-1","33.655477","130.773859"
"住民センター","福岡県糸田町1975-1","33.6527","130.778996"
"町民会館","福岡県糸田町2023-1","33.653576","130.779663"
"糸田小学校","福岡県糸田町3256","33.655649","130.783752"
"糸田中学校","福岡県糸田町3349","33.653998","130.782046"
"東保育所","福岡県糸田町3738","33.66004","130.786312"
"糸田アリーナ","福岡県糸田町3778-1","33.660514","130.78429"
"糸田町東部避難所","福岡県糸田町4045-3","33.671523","130.783322"
"伊都の杜第１公園","福岡県糸島市伊都の杜１－５４外","33.559215","130.214175"
"怡土コミュニティセンター","福岡県糸島市井原916","33.536623","130.251547"
"前原東中学校グラウンド","福岡県糸島市井田658","33.547919","130.229814"
"浦志公園","福岡県糸島市浦志2-3","33.563796","130.208636"
"前原西中学校グラウンド","福岡県糸島市荻浦3-4-1","33.55404","130.187726"
"マルキョウニュー前原店駐車場","福岡県糸島市荻浦4-1-1","33.551758","130.18717"
"かふりんぱーく","福岡県糸島市加布里４３７－２外","33.543865","130.164182"
"加布里公園","福岡県糸島市加布里５－７０２－１外","33.547111","130.16027"
"怡土小学校グラウンド","福岡県糸島市高祖784-1","33.536556","130.25058"
"ミスターマックス糸島店駐車場","福岡県糸島市高田4-16-1","33.571232","130.237399"
"高田東公園","福岡県糸島市高田4-17","33.572276","130.237753"
"マルキョウ高田店駐車場","福岡県糸島市高田5-28-15","33.571597","130.24024"
"稲葉第二公園","福岡県糸島市志摩稲葉202","33.574029","130.18677"
"稲葉第一公園","福岡県糸島市志摩稲葉７１外","33.574423","130.184644"
"芥屋第一・第二駐車場","福岡県糸島市志摩芥屋","33.587876","130.110524"
"芥屋野球場","福岡県糸島市志摩芥屋26-1","33.583981","130.123127"
"旧芥屋公民館","福岡県糸島市志摩芥屋26-7","33.584511","130.123599"
"芥屋の大門公園","福岡県糸島市志摩芥屋６７４外","33.594084","130.108799"
"引津小学校グラウンド","福岡県糸島市志摩御床2165-2","33.566915","130.138829"
"引津コミュニティセンター","福岡県糸島市志摩御床2165-3","33.566407","130.138302"
"引津運動公園","福岡県糸島市志摩御床2211","33.565694","130.142717"
"桜野小学校グラウンド","福岡県糸島市志摩桜井5921","33.619249","130.177674"
"桜野コミュニティセンター","福岡県糸島市志摩桜井5942-1","33.617144","130.176399"
"可也コミュニティセンター","福岡県糸島市志摩初18-3","33.583489","130.184944"
"可也小学校グラウンド","福岡県糸島市志摩初198-1","33.583287","130.181109"
"初引が浦公園","福岡県糸島市志摩初268-14","33.580072","130.178406"
"志摩中央公園","福岡県糸島市志摩初２５－１外","33.582647","130.185377"
"志摩中学校グラウンド","福岡県糸島市志摩小金丸1836-1","33.590529","130.147248"
"イオンスーパーセンター志摩店駐車場","福岡県糸島市志摩津和崎29-1","33.579722","130.185977"
"姫島福祉センター　はまゆう（保育室、機能訓練室）","福岡県糸島市志摩姫島1082-1","33.56739","130.051007"
"姫島小中学校グラウンド","福岡県糸島市志摩姫島976-3","33.568759","130.045604"
"前原中学校グラウンド","福岡県糸島市篠原西2-2-1","33.550547","130.206983"
"健康福祉センター　あごらグラウンド","福岡県糸島市潤1-22-1","33.558612","130.220038"
"健康福祉センター　あごら（会議室、ホール）","福岡県糸島市潤1-22-1","33.558617","130.219076"
"潤南公園","福岡県糸島市潤1-284-1","33.56107","130.217565"
"潤公園","福岡県糸島市潤3-5","33.565303","130.21492"
"東風小学校グラウンド","福岡県糸島市潤4-10-1","33.566778","130.217078"
"東風コミュニティセンター","福岡県糸島市潤4-10-2","33.567702","130.21589"
"神在公園","福岡県糸島市神在844-1","33.537304","130.171405"
"グッデイ加布里店駐車場","福岡県糸島市神在西1-3-6","33.547296","130.174864"
"浜の園公園","福岡県糸島市神在西2-6-1","33.546257","130.175213"
"加布里小学校グラウンド","福岡県糸島市神在西3-1-27","33.543756","130.173124"
"加布里コミュニティセンター","福岡県糸島市神在西3-1-32","33.544201","130.174275"
"釜塚公園","福岡県糸島市神在東5-405","33.544078","130.177767"
"長糸小学校グラウンド","福岡県糸島市川付847","33.511183","130.193098"
"長糸コミュニティセンター","福岡県糸島市川付876-1","33.510745","130.194495"
"篠原公園","福岡県糸島市前原駅南3-18","33.554524","130.204763"
"丸田池公園","福岡県糸島市前原西1-4","33.558677","130.197703"
"福岡県立糸島農業高校グラウンド","福岡県糸島市前原西3-2-1","33.559299","130.192688"
"前原中央公園","福岡県糸島市前原東2-2","33.560682","130.203706"
"前原コミュニティセンター","福岡県糸島市前原東2-2-5","33.561198","130.202673"
"前原小学校グラウンド","福岡県糸島市前原東2-2-6","33.561839","130.203618"
"前原南コミュニティセンター","福岡県糸島市前原南1-11-23","33.555782","130.207767"
"前原南小学校グラウンド","福岡県糸島市前原南1-17-1","33.555304","130.20658"
"福岡県立糸島高等学校グラウンド","福岡県糸島市前原南2-21-1","33.556482","130.21074"
"曽根運動場","福岡県糸島市曽根68-1","33.530036","130.230626"
"曽根中央公園","福岡県糸島市曽根851-1","33.537275","130.232723"
"雷山小学校グラウンド","福岡県糸島市蔵持810-1","33.536776","130.219593"
"雷山コミュニティセンター","福岡県糸島市蔵持838-6","33.538057","130.219282"
"多久公園","福岡県糸島市多久1215","33.544448","130.194393"
"波多江コミュニティセンター","福岡県糸島市池田216-1","33.567005","130.232455"
"波多江コミュニティ広場","福岡県糸島市池田２１４－１外","33.566356","130.232567"
"南風北公園","福岡県糸島市南風台1-4","33.553721","130.194665"
"マルショク南風店駐車場","福岡県糸島市南風台3-14-41","33.549121","130.19497"
"南風中央公園","福岡県糸島市南風台3-16","33.550733","130.195338"
"南風小学校グラウンド","福岡県糸島市南風台8-10-1","33.545638","130.193163"
"南風コミュニティセンター","福岡県糸島市南風台8-10-52","33.545525","130.191801"
"グランパーク","福岡県糸島市二丈吉井3815-34","33.500939","130.08305"
"福吉コミュニティセンター","福岡県糸島市二丈吉井4017-1","33.503149","130.082802"
"福吉しおさい運動場・公園","福岡県糸島市二丈吉井４３３２－２０外","33.504867","130.080863"
"深江コミュニティセンター","福岡県糸島市二丈深江1-1-20","33.517439","130.145534"
"二丈中学校グラウンド","福岡県糸島市二丈深江1-2-12","33.517376","130.143055"
"深江小学校グラウンド","福岡県糸島市二丈深江6-4-1","33.515247","130.136537"
"やよい野団地児童公園","福岡県糸島市二丈深江１１２６－１外","33.512709","130.141397"
"二丈コミュニティプラザ","福岡県糸島市二丈深江１１４５外","33.515972","130.142554"
"一貴山小学校グラウンド","福岡県糸島市二丈石崎152","33.518692","130.162468"
"曲り田スポーツ公園","福岡県糸島市二丈石崎280","33.518823","130.161643"
"一貴山コミュニティセンター","福岡県糸島市二丈石崎81","33.516571","130.163848"
"波多江小学校グラウンド","福岡県糸島市波多江駅北4-12-1","33.56534","130.230297"
"荻浦はな咲公園","福岡県糸島市美咲ケ丘1-100-12","33.550563","130.189256"
"ほし咲公園","福岡県糸島市美咲ケ丘2-100-20","33.548572","130.190835"
"みず咲公園","福岡県糸島市美咲ケ丘3-100-29","33.546805","130.184993"
"ゆめ咲公園","福岡県糸島市美咲ケ丘3-100-4","33.547958","130.187454"
"富第２公園","福岡県糸島市富931-11","33.538148","130.204231"
"福吉小学校グラウンド","福岡県糸島市福吉2-24-1","33.502506","130.077958"
"福吉中学校グラウンド","福岡県糸島市福吉3-1-1","33.502544","130.085523"
"平原歴史公園","福岡県糸島市有田1","33.542325","130.228706"
"福岡県立社会教育総合センター","福岡県篠栗町大字金出3350-2","33.623385","130.539965"
"篠栗小学校","福岡県篠栗町大字篠栗5026","33.621678","130.533353"
"北勢門小学校","福岡県篠栗町大字津波黒497","33.630686","130.511658"
"篠栗北中学校","福岡県篠栗町大字津波黒498","33.630816","130.513799"
"社会体育館","福岡県篠栗町大字津波黒498","33.630917","130.512953"
"萩尾分校","福岡県篠栗町大字萩尾640-1","33.65106","130.555073"
"勢門小学校","福岡県篠栗町大字尾仲671","33.61965","130.512688"
"町民体育館","福岡県篠栗町大字尾仲681-1","33.62075","130.513637"
"クリエイト篠栗","福岡県篠栗町中央1-9-1","33.625069","130.524881"
"オアシス篠栗","福岡県篠栗町中央1-9-2","33.625955","130.52477"
"篠栗中学校","福岡県篠栗町中央3-3-1","33.622391","130.528868"
"合併５０周年記念体育館","福岡県篠栗町中央4-18-16","33.622094","130.528115"
"サンリブくりえいと宗像　（立体駐車場）","福岡県宗像市くりえいと1-5-1","33.811984","130.564729"
"株式会社くりえいと管理駐車場","福岡県宗像市くりえいと3-3-1","33.818695","130.565848"
"河東小学校","福岡県宗像市稲元5-1-2","33.81364","130.558479"
"市民体育館","福岡県宗像市稲元5-2-1","33.815112","130.557558"
"吉武地区コミュニティ・センター","福岡県宗像市吉留3519-1","33.804786","130.613133"
"メイトム宗像","福岡県宗像市久原180","33.795728","130.548293"
"中央中学校","福岡県宗像市久原244","33.796705","130.545996"
"南郷小学校","福岡県宗像市原町2110-1","33.78407","130.560007"
"トリアーダ宗像","福岡県宗像市光岡290","33.784863","130.555191"
"道の駅むなかた","福岡県宗像市江口1172","33.84847","130.503483"
"玄海中学校","福岡県宗像市江口965","33.842133","130.50941"
"玄海小学校","福岡県宗像市江口965","33.841487","130.509298"
"Ｂ＆Ｇ海洋センター","福岡県宗像市江口965-2","33.84168","130.508214"
"赤間西地区コミュニティ・センター","福岡県宗像市三郎丸5-2-24","33.808852","130.576114"
"自由ヶ丘地区コミュニティ・センター","福岡県宗像市自由ケ丘3-12-11","33.793278","130.575283"
"河東西小学校","福岡県宗像市樟陽台1-15-7","33.825395","130.536859"
"岬地区コミュニティ・センター","福岡県宗像市鐘崎776-4","33.878411","130.529212"
"介護付軽費老人ホーム岬","福岡県宗像市上八762-3","33.877495","130.532018"
"河東中学校","福岡県宗像市城西ケ丘6-15-1","33.812214","130.556005"
"海の道むなかた館","福岡県宗像市深田588","33.833443","130.510941"
"ゆうゆうぷらざ","福岡県宗像市神湊118-4","33.845601","130.490346"
"神湊港渡船ターミナル","福岡県宗像市神湊487-51","33.852879","130.483441"
"勤労者体育センター","福岡県宗像市須恵1-4-1","33.810265","130.561987"
"河東地区コミュニティ・センター","福岡県宗像市須恵1-4-1","33.810374","130.561198"
"赤間小学校","福岡県宗像市赤間1-4-1","33.800114","130.58156"
"赤間地区コミュニティ・センター","福岡県宗像市赤間2-3-1","33.802821","130.586516"
"街道の駅赤馬館","福岡県宗像市赤間4-1-8","33.804909","130.5896"
"大島学園","福岡県宗像市大島1163-1","33.902426","130.432736"
"大島地区コミュニティ・センター","福岡県宗像市大島1194-1","33.903301","130.43033"
"大島港渡船ターミナル","福岡県宗像市大島1809-39","33.896985","130.435025"
"地島小学校","福岡県宗像市地島428-1","33.900247","130.500145"
"池野地区コミュニティ・センター","福岡県宗像市池田1300","33.849934","130.543317"
"自由ヶ丘中学校","福岡県宗像市朝町1019-4","33.780825","130.579058"
"自由ヶ丘南小学校","福岡県宗像市朝町1124-2","33.779871","130.58137"
"東海大学付属福岡高等学校　（松前記念体育館）","福岡県宗像市田久1-9-2","33.800894","130.567948"
"スーパービバホーム赤間店","福岡県宗像市田久2-1-1","33.80599","130.568122"
"東郷小学校","福岡県宗像市田熊3-4-1","33.798925","130.532699"
"急患センター３階講堂","福岡県宗像市田熊5-5-3","33.800011","130.52816"
"東郷地区コミュニティ・センター","福岡県宗像市田熊6-7-25","33.800954","130.53258"
"玄海東小学校","福岡県宗像市田野1382","33.864327","130.52563"
"赤間西小学校","福岡県宗像市土穴633-2","33.817665","130.570831"
"日の里東小学校","福岡県宗像市日の里4-21","33.793482","130.539139"
"日の里西小学校","福岡県宗像市日の里8-20","33.788794","130.529588"
"日の里中学校","福岡県宗像市日の里8-8","33.789539","130.530489"
"吉武小学校","福岡県宗像市武丸644","33.801675","130.613943"
"玄海地区コミュニティ・センター","福岡県宗像市牟田尻1601","33.842158","130.502565"
"南郷地区コミュニティ・センター","福岡県宗像市野坂2119-5","33.783374","130.559742"
"城山中学校","福岡県宗像市陵厳寺1-13-1","33.807371","130.588576"
"ちくし台第２公園","福岡県春日市ちくし台2-69","33.522506","130.460749"
"ちくし台第１公園","福岡県春日市ちくし台3-92-1","33.521851","130.462965"
"一の谷第３公園","福岡県春日市一の谷1-94","33.524248","130.449131"
"一の谷第１公園","福岡県春日市一の谷4-80","33.520826","130.449042"
"春日西中学校（グラウンド）","福岡県春日市一の谷5-49","33.520808","130.446845"
"一の谷第２公園","福岡県春日市一の谷6-41","33.52273","130.447845"
"春日北小学校（グラウンド）","福岡県春日市岡本1-35","33.541038","130.448434"
"岡本公園","福岡県春日市岡本2-96","33.538897","130.450532"
"奴国の丘歴史公園","福岡県春日市岡本3-57","33.538106","130.451054"
"白水大池公園","福岡県春日市下白水209","33.513972","130.456535"
"春日西小学校（グラウンド）","福岡県春日市下白水南4-134","33.522587","130.44373"
"下白水第２公園","福岡県春日市下白水北5-44","33.528726","130.442504"
"県営春日公園","福岡県春日市原町3-1-4","33.526528","130.468856"
"光公園","福岡県春日市光町2-180-2","33.532396","130.462957"
"紅葉ヶ丘第１公園","福岡県春日市紅葉ヶ丘西2-42","33.522073","130.456819"
"紅葉ヶ丘第２公園","福岡県春日市紅葉ヶ丘西4-7","33.520843","130.456381"
"紅葉ヶ丘第３公園","福岡県春日市紅葉ヶ丘東7-2","33.517266","130.460741"
"紅葉ヶ丘第４公園","福岡県春日市紅葉ヶ丘東9-178-1","33.513932","130.462858"
"桜ヶ丘公園","福岡県春日市桜ケ丘5-10","33.545379","130.448658"
"桜ヶ丘広場公園","福岡県春日市桜ケ丘7-1-1","33.546828","130.450493"
"春日北中学校（グラウンド）","福岡県春日市桜ケ丘7-20","33.547629","130.452707"
"若葉台中央公園","福岡県春日市若葉台西3-4-1","33.529094","130.459321"
"春日東中学校（グラウンド）","福岡県春日市若葉台東1-41","33.527962","130.461891"
"春日東小学校（グラウンド）","福岡県春日市若葉台東1-51","33.528829","130.463484"
"原町公園","福岡県春日市春日1-58","33.524617","130.468652"
"下ノ川公園","福岡県春日市春日3-107","33.519758","130.471868"
"元宮公園","福岡県春日市春日3-50","33.521123","130.473213"
"位瀬公園","福岡県春日市春日5-67","33.514728","130.470883"
"金口池公園","福岡県春日市春日6-110","33.519043","130.468326"
"春日南小学校（グラウンド）","福岡県春日市春日8-100","33.517994","130.465411"
"春日原小学校（グラウンド）","福岡県春日市春日原南町4-37-1","33.53309","130.473062"
"春日原南公園","福岡県春日市春日原南町4-37-115","33.534735","130.472446"
"天田公園","福岡県春日市春日公園1-46","33.527378","130.474804"
"御供田公園","福岡県春日市春日公園3-23","33.526193","130.473072"
"春日野小学校（グラウンド）","福岡県春日市春日公園4-1-1","33.524698","130.472917"
"春日野中学校（グラウンド）","福岡県春日市春日公園5-19","33.522726","130.474025"
"小倉中央公園","福岡県春日市小倉2-93-1","33.531132","130.454213"
"藤波池公園","福岡県春日市小倉3-55","33.5306","130.451125"
"井ノ尻公園","福岡県春日市小倉7-33","33.534027","130.455129"
"小倉東公園","福岡県春日市小倉東2-22","33.529854","130.456839"
"春日小学校（グラウンド）","福岡県春日市昇町1-142","33.528926","130.448708"
"昇町親水公園","福岡県春日市昇町1-42","33.531246","130.448385"
"金塚池公園","福岡県春日市昇町4-82","33.527043","130.447419"
"松ヶ丘北公園","福岡県春日市松ケ丘3-190","33.50993","130.459278"
"松ヶ丘南公園","福岡県春日市松ケ丘5-36","33.508037","130.457089"
"柏田公園","福岡県春日市上白水10-148","33.522802","130.436612"
"上白水公園","福岡県春日市上白水5-24-2","33.521272","130.440091"
"須玖南親水公園","福岡県春日市須玖南2-126-1","33.535358","130.447242"
"春日中学校（グラウンド）","福岡県春日市須玖南2-172","33.533398","130.447142"
"須玖小学校（グラウンド）","福岡県春日市須玖南2-71","33.536449","130.44659"
"須玖南公園","福岡県春日市須玖南4-130","33.536824","130.4432"
"須玖北公園","福岡県春日市須玖北2-38","33.544874","130.444761"
"須玖中の宮公園","福岡県春日市須玖北5-166","33.542017","130.444516"
"大下公園","福岡県春日市須玖北9-115","33.543534","130.442243"
"星見ヶ丘第１公園","福岡県春日市星見ケ丘2-142","33.503351","130.459502"
"大丸池公園","福岡県春日市星見ケ丘2-61","33.503192","130.456148"
"星見ヶ丘第２公園","福岡県春日市星見ケ丘3-152","33.502088","130.454737"
"千歳公園","福岡県春日市千歳町3-32-2","33.534153","130.465064"
"泉公園","福岡県春日市泉2-1","33.529626","130.437826"
"円入公園","福岡県春日市惣利2-16","33.510807","130.469079"
"惣利公園","福岡県春日市惣利3-133-5","33.512438","130.465656"
"クリーン・エネ・パーク南部","福岡県春日市大字下白水104-5","33.506957","130.459147"
"大谷小学校（グラウンド）","福岡県春日市大谷4-1","33.526555","130.45284"
"大谷ふれあい公園","福岡県春日市大谷6-11-1","33.528408","130.456035"
"総合スポーツセンター","福岡県春日市大谷6-28","33.527086","130.455387"
"毛勝公園","福岡県春日市大土居1-39","33.517168","130.455523"
"春日南中学校（グラウンド）","福岡県春日市大土居3-11","33.512757","130.45803"
"大土居公園","福岡県春日市大土居3-148-4","33.510876","130.461031"
"大和公園","福岡県春日市大和町3-22-2","33.536392","130.459443"
"塚原台第２公園","福岡県春日市塚原台2-63","33.508924","130.462609"
"塚原台第１公園","福岡県春日市塚原台2-92","33.507449","130.464195"
"天神山公園","福岡県春日市天神山4-32","33.516549","130.450725"
"天神山小学校（グラウンド）","福岡県春日市天神山6-39","33.51491","130.448527"
"日の出第２公園","福岡県春日市日の出町2-73-5","33.544936","130.454163"
"日の出小学校（グラウンド）","福岡県春日市日の出町3-1-10","33.543601","130.455808"
"日の出第１公園","福岡県春日市日の出町5-11","33.541847","130.451678"
"日の出ふれあい公園","福岡県春日市日の出町6-1","33.544115","130.449715"
"白水小学校（グラウンド）","福岡県春日市白水ケ丘1-100","33.514608","130.445425"
"白水ヶ丘中央公園","福岡県春日市白水ケ丘2-63","33.512188","130.444092"
"天神の木公園","福岡県春日市白水ケ丘4-148","33.515723","130.44224"
"春日西多目的広場公園","福岡県春日市白水ヶ丘6-122","33.51325","130.440557"
"平田台第１公園","福岡県春日市平田台1-90","33.513083","130.473999"
"平田台第２公園","福岡県春日市平田台4-31","33.510586","130.473233"
"春日運動広場","福岡県春日市平田台5-1","33.510197","130.471739"
"宝公園","福岡県春日市宝町4-15-1","33.534283","130.46015"
"弥生公園","福岡県春日市弥生2-63","33.535629","130.451248"
"大崎市民館","福岡県小郡市稲吉1338-8","33.391364","130.555322"
"御原校区コミュニティセンター","福岡県小郡市稲吉437-11","33.378174","130.572576"
"下岩田市民館","福岡県小郡市下岩田2108-3","33.389817","130.587308"
"味坂校区コミュニティセンター","福岡県小郡市下西鰺坂253-1","33.366004","130.559336"
"立石校区コミュニティセンター","福岡県小郡市干潟2056-1","33.411723","130.583585"
"のぞみが丘小学校","福岡県小郡市希みが丘5-2-17","33.437249","130.545611"
"三国校区コミュニティセンター","福岡県小郡市三沢4196-1","33.424163","130.562947"
"小郡高等学校","福岡県小郡市三沢5128-1","33.434377","130.560922"
"東野校区コミュニティセンター","福岡県小郡市三沢83-1","33.414212","130.556132"
"小郡中学校","福岡県小郡市寺福童668","33.384907","130.545153"
"小郡校区コミュニティセンター","福岡県小郡市寺福童859-51","33.388442","130.548023"
"東野小学校","福岡県小郡市小郡2409-4","33.409645","130.549802"
"大原中学校","福岡県小郡市小郡772","33.399726","130.548978"
"小郡小学校","福岡県小郡市小板井288","33.39336","130.551458"
"三井高等学校","福岡県小郡市松崎650","33.39618","130.580881"
"立石中学校","福岡県小郡市吹上1045","33.413145","130.588209"
"立石小学校","福岡県小郡市吹上968-2","33.412657","130.586027"
"小郡市生涯学習センター","福岡県小郡市大板井1180-1","33.397152","130.563565"
"大原小学校","福岡県小郡市大保1394","33.407861","130.559394"
"大原校区コミュニティセンター","福岡県小郡市大保1465-1","33.408677","130.558237"
"二タ集会所","福岡県小郡市二タ1451","33.383498","130.57241"
"御原小学校","福岡県小郡市二タ316","33.378453","130.5693"
"宝城中学校","福岡県小郡市八坂26-1","33.372471","130.559785"
"味坂小学校","福岡県小郡市八坂456-1","33.366705","130.559802"
"三国中学校","福岡県小郡市美鈴が丘5-15-1","33.435014","130.551582"
"小郡市高齢者社会活動支援センター","福岡県小郡市福童688-1","33.377946","130.548593"
"三国小学校","福岡県小郡市力武1012","33.423616","130.56486"
"小竹中学校","福岡県小竹町大字御徳656","33.704713","130.711372"
"小竹町中央公民館","福岡県小竹町大字勝野1757","33.698214","130.701716"
"上毛町総合グラウンド","福岡県上毛町大字安雲852","33.580273","131.154412"
"上毛中学校運動場","福岡県上毛町大字下唐原2141-1","33.568793","131.164644"
"旧原井小学校広場","福岡県上毛町大字原井764","33.523238","131.164421"
"西吉富小学校運動場","福岡県上毛町大字緒方598-1","33.579375","131.143257"
"唐原小学校運動場","福岡県上毛町大字上唐原1265","33.555434","131.188102"
"南吉富小学校運動場","福岡県上毛町大字垂水1397","33.579549","131.165367"
"道の駅しんよしとみ遺跡前","福岡県上毛町大字大ノ瀬304","33.588479","131.154331"
"上毛町大池公園多目的運動広場","福岡県上毛町大字東下1272-1","33.555725","131.167899"
"下府１区公民館","福岡県新宮町下府1-9-12","33.71157","130.438328"
"新宮中学校（体育館）","福岡県新宮町下府2-1-1","33.710674","130.44331"
"新宮中学校（校舎）","福岡県新宮町下府2-1-1","33.71017","130.443803"
"町民体育館","福岡県新宮町下府2-1-1","33.710558","130.443868"
"新宮小学校（校舎）","福岡県新宮町下府3-12-1","33.708853","130.440435"
"新宮小学校（体育館）","福岡県新宮町下府3-12-1","33.709589","130.440768"
"新宮小学校（グラウンド）","福岡県新宮町下府3-12-1","33.708982","130.440927"
"下府２区公民館","福岡県新宮町下府5-2-14","33.714264","130.438004"
"花立花区公民館","福岡県新宮町花立花4-1-6","33.692743","130.476914"
"桜山手区公民館","福岡県新宮町桜山手3-14","33.70502","130.437413"
"新宮北小学校（グラウンド）","福岡県新宮町上府北1-16-1","33.715923","130.454001"
"新宮北小学校（体育館）","福岡県新宮町上府北1-16-1","33.716855","130.453051"
"新宮北小学校（校舎）","福岡県新宮町上府北1-16-1","33.716462","130.453674"
"シーオーレ新宮","福岡県新宮町新宮東2-5-1","33.705548","130.448357"
"そぴあしんぐう","福岡県新宮町新宮東4-1-1","33.707287","130.452606"
"新宮東小学校（グラウンド）","福岡県新宮町新宮東4-8-1","33.704941","130.451799"
"新宮東小学校（体育館）","福岡県新宮町新宮東4-8-1","33.705924","130.451897"
"新宮東小学校（校舎）","福岡県新宮町新宮東4-8-1","33.705613","130.451769"
"人丸公園","福岡県新宮町大字下府1227","33.705578","130.436582"
"立花幼稚園","福岡県新宮町大字原上133-2","33.689693","130.466445"
"原上区公民館","福岡県新宮町大字原上1362-3","33.687167","130.454997"
"新宮東中学校（グラウンド）","福岡県新宮町大字三代1028","33.700899","130.456283"
"新宮東中学校（体育館）","福岡県新宮町大字三代1028","33.701427","130.457072"
"新宮東中学校（校舎）","福岡県新宮町大字三代1028","33.701652","130.456434"
"新宮ふれあいの丘公園","福岡県新宮町大字三代1032-1","33.700713","130.457745"
"ふれあい交流館","福岡県新宮町大字三代1095","33.70034","130.459166"
"三代区公民館","福岡県新宮町大字三代660-1","33.69518","130.455056"
"上府区公民館","福岡県新宮町大字上府577-3","33.70742","130.455485"
"新宮区公民館","福岡県新宮町大字新宮90-6","33.714752","130.432754"
"相島ふれあい館","福岡県新宮町大字相島1376-1","33.756524","130.364352"
"相島きずな館","福岡県新宮町大字相島1377","33.75644","130.364569"
"相島小学校（校舎）","福岡県新宮町大字相島296-1","33.761297","130.368912"
"相島小学校（体育館）","福岡県新宮町大字相島296-1","33.761384","130.369374"
"相島小学校／相島埋立地（グラウンド）","福岡県新宮町大字相島296-1","33.760759","130.368837"
"新宮中学校相島分校（校舎）","福岡県新宮町大字相島735","33.761657","130.367373"
"的野区公民館","福岡県新宮町大字的野448-3","33.689971","130.491628"
"湊区公民館","福岡県新宮町大字湊221-1","33.711846","130.427718"
"立花小学校（体育館）","福岡県新宮町大字立花口1072-3","33.690036","130.466937"
"立花小学校（校舎）","福岡県新宮町大字立花口1072-3","33.689976","130.467706"
"立花小学校（グラウンド）","福岡県新宮町大字立花口1072-3","33.689697","130.467141"
"立花口区公民館","福岡県新宮町大字立花口1266","33.687803","130.471793"
"沖田中央公園","福岡県新宮町中央駅前2-2","33.710797","130.451845"
"杜の宮グラウンド","福岡県新宮町杜の宮2-13","33.714676","130.439621"
"杜の宮区クラブハウス","福岡県新宮町杜の宮2-840-413","33.713893","130.440077"
"パークシティ区集会所","福岡県新宮町美咲2-20-1","33.702969","130.436526"
"湊坂区公民館","福岡県新宮町湊坂3-13-2","33.706631","130.431695"
"夜臼２区公民館","福岡県新宮町夜臼2-4-8","33.702537","130.444279"
"夜臼３区公民館","福岡県新宮町夜臼4-6-11","33.699926","130.44668"
"夜臼４区集会所","福岡県新宮町夜臼5-12-1","33.700578","130.44935"
"夜臼１区公民館","福岡県新宮町夜臼6-1-13","33.703568","130.446818"
"新宮幼稚園","福岡県新宮町緑ケ浜1-1-3","33.714601","130.445212"
"緑ケ浜区公民館","福岡県新宮町緑ケ浜1-10-1","33.718192","130.451052"
"新宮高等学校（校舎）","福岡県新宮町緑ケ浜1-12-1","33.715661","130.44526"
"新宮高等学校（体育館）","福岡県新宮町緑ケ浜1-12-1","33.716469","130.44473"
"新宮町福祉センター（本館）","福岡県新宮町緑ケ浜4-3-1","33.71109","130.443811"
"新宮町福祉センター（別館）","福岡県新宮町緑ケ浜4-3-1","33.711094","130.443787"
"佐谷集落センター","福岡県須恵町大字佐谷893","33.580906","130.529185"
"町立須恵中学校","福岡県須恵町大字上須恵1167-1","33.585999","130.510923"
"あおば会館","福岡県須恵町大字上須恵1167-1","33.586593","130.510581"
"健康広場","福岡県須恵町大字上須恵1167-3","33.586193","130.509801"
"地域活性化センター　（オイコス）","福岡県須恵町大字上須恵1167-3","33.586722","130.509748"
"カルチャーセンター","福岡県須恵町大字上須恵1167-3","33.58693","130.508893"
"アザレアホール","福岡県須恵町大字上須恵1180-1","33.58567","130.508816"
"川子地区公民館","福岡県須恵町大字上須恵1290-34","33.582375","130.515219"
"上須恵クラフト館","福岡県須恵町大字上須恵588-5","33.590333","130.515747"
"町立須恵第一小学校","福岡県須恵町大字上須恵962-2","33.586207","130.516132"
"すこやかコミュニティセンター","福岡県須恵町大字上須恵964-3","33.58584","130.515253"
"乙植木コミュニティセンター","福岡県須恵町大字植木1665","33.602221","130.491526"
"町立須恵第二小学校","福岡県須恵町大字植木260-5","33.599123","130.498448"
"新原公民館","福岡県須恵町大字新原172-1","33.578211","130.51109"
"一番田区公民館","福岡県須恵町大字須恵165-145","33.590745","130.511986"
"中部防災センター","福岡県須恵町大字須恵171-1","33.592525","130.507768"
"城山防災会館","福岡県須恵町大字須恵377-36","33.596715","130.509773"
"旭ヶ丘区公民館","福岡県須恵町大字旅石170-102","33.589097","130.49302"
"西体育館","福岡県須恵町大字旅石253-235","33.590853","130.492719"
"山の神区公民館","福岡県須恵町大字旅石68-175","33.585424","130.497244"
"福岡県立須恵高校","福岡県須恵町大字旅石72-3","33.582107","130.500615"
"西部地域防災センター　（旅石公民館）","福岡県須恵町大字旅石729-3","33.59163","130.498301"
"町立須恵第三小学校","福岡県須恵町大字旅石84-10","33.583187","130.497887"
"ふれあいコミュニティセンター","福岡県須恵町大字旅石84-4","33.58281","130.498806"
"えぶり小学校","福岡県水巻町えぶり2-3-1","33.860217","130.684876"
"水巻町民体育館","福岡県水巻町おかの台33-1","33.871674","130.69091"
"伊左座小学校","福岡県水巻町伊左座3-4-1","33.842129","130.693158"
"水巻南中学校","福岡県水巻町下二東3-14-1","33.844061","130.699285"
"南部公民館","福岡県水巻町下二東3-3-21","33.843911","130.697615"
"ふれあい広場","福岡県水巻町下二東3-3-21","33.844023","130.698087"
"水巻町武道館","福岡県水巻町吉田西3-1-10","33.846641","130.702508"
"障害者福祉センター","福岡県水巻町吉田西3-1-8","33.847066","130.702765"
"吉田グランド","福岡県水巻町吉田西3-1943","33.847589","130.702545"
"高齢者福祉センター","福岡県水巻町吉田団地6-1","33.842886","130.704806"
"吉田小学校","福岡県水巻町吉田東3-5-1","33.848652","130.706786"
"福祉松快園","福岡県水巻町吉田南2-9-1","33.836742","130.710154"
"水巻町第二保育所","福岡県水巻町古賀2-4-17","33.866106","130.687203"
"いきいきほーる","福岡県水巻町頃末南3-11-1","33.852425","130.698136"
"中央公民館","福岡県水巻町頃末北1-1-2","33.85507","130.694228"
"水巻第一保育所","福岡県水巻町頃末北1-1-3","33.855542","130.695166"
"水巻町体育センター","福岡県水巻町頃末北1-2-15","33.854237","130.693398"
"水巻町総合運動公園","福岡県水巻町頃末北3-10-1","33.86103","130.692294"
"頃末小学校","福岡県水巻町頃末北4-13-1","33.85819","130.699281"
"水巻中学校","福岡県水巻町中央17-1","33.864207","130.693494"
"みどりんぱぁーく","福岡県水巻町猪熊1-500-1","33.869738","130.683149"
"猪熊小学校","福岡県水巻町猪熊3-4-1","33.873106","130.687056"
"猪熊グランド","福岡県水巻町猪熊9-1074","33.881431","130.685183"
"地蔵の木・珠数丸集会所","福岡県赤村大字赤1150","33.584874","130.880862"
"横通り・大原集会所","福岡県赤村大字赤1698-1","33.591755","130.89056"
"下赤集会所","福岡県赤村大字赤3938-5","33.602311","130.876342"
"赤村人権福祉センター","福岡県赤村大字赤4558-4","33.610923","130.872387"
"赤中学校体育館","福岡県赤村大字赤4577","33.611665","130.875533"
"赤小学校体育館","福岡県赤村大字赤4581-1","33.612686","130.875052"
"赤小学校","福岡県赤村大字赤4581-1","33.613119","130.874527"
"油須原コミュニティセンター","福岡県赤村大字赤4767-1","33.612298","130.880532"
"源じいの森温泉","福岡県赤村大字赤5251-3","33.61516","130.894376"
"源じいの森","福岡県赤村大字赤6933-1","33.617005","130.896939"
"赤小学校上赤分校","福岡県赤村大字赤867-4","33.595116","130.881865"
"上赤集会所","福岡県赤村大字赤904","33.592766","130.884134"
"赤村健康増進センター","福岡県赤村大字内田1171-8","33.617514","130.871187"
"赤村保健センター","福岡県赤村大字内田1184-14","33.617125","130.871425"
"前ガ原集会所","福岡県赤村大字内田2158-1","33.635228","130.86513"
"小柳地区集会所","福岡県赤村大字内田2363","33.641185","130.864532"
"大内田研修センター","福岡県赤村大字内田3535","33.632979","130.879227"
"小内田多目的集会所","福岡県赤村大字内田445-5","33.625133","130.87084"
"安宅交流センター（センター・グラウンド）","福岡県川崎町大字安眞木1374","33.54874","130.82274"
"川崎町立真崎小学校（体育館・グラウンド）","福岡県川崎町大字安眞木4917","33.569645","130.816637"
"川崎町民運動公園","福岡県川崎町大字川崎1338","33.587132","130.821215"
"川崎町Ｂ＆Ｇ海洋センター","福岡県川崎町大字川崎1348-2","33.585804","130.821194"
"川崎町立川崎東小学校（体育館・グラウンド）","福岡県川崎町大字川崎248","33.597878","130.827551"
"大峰ふれあいセンター","福岡県川崎町大字川崎35","33.593739","130.837974"
"川崎町立川崎中学校（体育館・グラウンド）","福岡県川崎町大字川崎3670","33.589758","130.805886"
"旧川崎町立鷹峰中学校（体育館・グラウンド）","福岡県川崎町大字川崎517","33.590713","130.828455"
"旧川崎町立池尻中学校（体育館・グラウンド）","福岡県川崎町大字池尻1150","33.610552","130.811137"
"クラブハウス川崎支店駐車場","福岡県川崎町大字池尻38-1","33.610619","130.805873"
"川崎町立池尻小学校（体育館・グラウンド）","福岡県川崎町大字池尻923","33.615943","130.804897"
"川崎町立川崎小学校（体育館・グラウンド）","福岡県川崎町大字田原714","33.601463","130.813537"
"川崎町コミュニティセンター","福岡県川崎町大字田原786-2","33.599432","130.815628"
"川崎町中央体育館","福岡県川崎町大字田原791-1","33.599798","130.814481"
"川崎町町民会館","福岡県川崎町大字田原804","33.599407","130.814143"
"学業院中学校／校庭","福岡県太宰府市観世音寺3-11-1","33.513776","130.50989"
"水城小学校／校庭","福岡県太宰府市観世音寺3-13-1","33.513854","130.508205"
"観世音寺公民館","福岡県太宰府市観世音寺4-15-23","33.515129","130.519554"
"吉松共同利用施設","福岡県太宰府市吉松3-10-15","33.514195","130.491629"
"太宰府歴史スポーツ公園","福岡県太宰府市吉松４－３０５－１外","33.511385","130.491485"
"子育て支援センター","福岡県太宰府市五条3-7-1","33.509062","130.525163"
"太宰府中学校／校庭","福岡県太宰府市五条4-9-1","33.510537","130.528829"
"五条台公民館","福岡県太宰府市五条6-4-6","33.507352","130.530406"
"松川公民館","福岡県太宰府市御笠1-12-20","33.535213","130.539494"
"上下水道事業センター","福岡県太宰府市御笠5-3-1","33.535069","130.542046"
"松川運動公園","福岡県太宰府市御笠5-3-1","33.535064","130.546348"
"松川運動公園／体育館","福岡県太宰府市御笠5-3-1","33.535692","130.541459"
"向佐野共同利用施設","福岡県太宰府市向佐野2-8-8","33.507489","130.497433"
"太宰府西中学校／校庭","福岡県太宰府市向佐野3-9-1","33.505325","130.494864"
"水城西小学校／校庭","福岡県太宰府市向佐野90","33.510337","130.50042"
"高雄公民館","福岡県太宰府市高雄2-3844-5","33.500674","130.539897"
"太宰府南小学校／校庭","福岡県太宰府市高雄2-3855","33.501083","130.539182"
"太宰府東中学校／校庭","福岡県太宰府市高雄2-3964-1","33.504864","130.541118"
"高雄公園","福岡県太宰府市高雄3-3977-1","33.508012","130.5421"
"高雄台公民館","福岡県太宰府市高雄6-8-13","33.498087","130.543822"
"国分小学校／校庭","福岡県太宰府市国分2-10-1","33.523411","130.504209"
"国分小学校","福岡県太宰府市国分2-10-1","33.523995","130.504024"
"国分共同利用施設","福岡県太宰府市国分3-17-6","33.51992","130.503436"
"文化ふれあい館","福岡県太宰府市国分4-9-1","33.52027","130.509477"
"新町公民館","福岡県太宰府市宰府1-2-3","33.517813","130.528665"
"馬場公民館","福岡県太宰府市宰府2-8-5","33.518095","130.532334"
"太宰府館","福岡県太宰府市宰府3-2-3","33.519836","130.5326"
"連歌屋公民館","福岡県太宰府市宰府3-5-3","33.521637","130.532481"
"三条公民館","福岡県太宰府市宰府5-6-21","33.524165","130.534854"
"坂本公民館","福岡県太宰府市坂本3-5-17","33.516782","130.509805"
"五条西公民館","福岡県太宰府市朱雀1-5-1","33.508151","130.521785"
"南体育館","福岡県太宰府市朱雀2-4-1","33.50677","130.520566"
"桜町公民館","福岡県太宰府市朱雀2-5-1","33.50615","130.520062"
"榎公民館","福岡県太宰府市朱雀4-18-27","33.507473","130.517851"
"榎寺公民館","福岡県太宰府市朱雀6-9-5","33.509152","130.513055"
"水城共同利用施設","福岡県太宰府市水城1-24-18","33.525862","130.493041"
"水城台公民館","福岡県太宰府市水城3-15-9","33.523825","130.499956"
"太宰府少年スポーツ公園","福岡県太宰府市水城5-295-19","33.528352","130.502739"
"水城ケ丘公民館","福岡県太宰府市水城6-18-11","33.530486","130.501817"
"東ケ丘公民館","福岡県太宰府市青山2-5-8","33.506937","130.534708"
"太宰府東小学校／校庭","福岡県太宰府市青山3-4-1","33.507579","130.538745"
"星ケ丘公民館","福岡県太宰府市青山4-22-9","33.503177","130.536151"
"青葉台共同利用施設","福岡県太宰府市青葉台4-7-1","33.505989","130.488528"
"秋山公民館","福岡県太宰府市石坂1-14-31","33.513974","130.530228"
"湯の谷公民館","福岡県太宰府市石坂3-30-29","33.515546","130.537561"
"太宰府梅林アスレチックスポーツ公園","福岡県太宰府市太宰府７４３－１外","33.527684","130.542183"
"大佐野公民館","福岡県太宰府市大佐野3-5-16","33.501969","130.494062"
"佐野近隣公園","福岡県太宰府市大佐野4-227","33.501538","130.490404"
"太宰府西小学校／校庭","福岡県太宰府市大佐野4-6-30","33.504996","130.492923"
"大佐野台共同利用施設","福岡県太宰府市大佐野5-4-1","33.497244","130.490433"
"つつじケ丘公民館","福岡県太宰府市大佐野6-26-12","33.496985","130.485215"
"ひまわり台公民館","福岡県太宰府市大佐野6-8-5","33.499386","130.485882"
"太宰府市総合体育館","福岡県太宰府市大字向佐野21-2","33.513181","130.501952"
"長浦台共同利用施設","福岡県太宰府市長浦台1-9-6","33.504285","130.491312"
"通古賀近隣公園","福岡県太宰府市通古賀1-1","33.510546","130.514185"
"通古賀共同利用施設","福岡県太宰府市通古賀4-6-26","33.50721","130.50831"
"芝原公民館","福岡県太宰府市通古賀6-14-17","33.504216","130.514877"
"都府楼共同利用施設","福岡県太宰府市都府楼南3-4-1","33.504291","130.508619"
"梅ケ丘公民館","福岡県太宰府市梅ケ丘2-1-15","33.494871","130.542178"
"梅香苑公民館","福岡県太宰府市梅香苑1-13-8","33.498931","130.532592"
"緑台公民館","福岡県太宰府市梅香苑3-4-29","33.502514","130.539528"
"体育センター","福岡県太宰府市白川2-1","33.514479","130.525164"
"男女共同参画推進センタールミナス","福岡県太宰府市白川2-2","33.514706","130.525527"
"北谷公民館","福岡県太宰府市北谷262","33.541607","130.547238"
"北谷只越集会所","福岡県太宰府市北谷790-2","33.545209","130.542837"
"北谷運動公園","福岡県太宰府市北谷９４１－１外","33.548408","130.550068"
"太宰府小学校","福岡県太宰府市連歌屋1-2-1","33.520967","130.529773"
"太宰府小学校／校庭","福岡県太宰府市連歌屋1-2-1","33.520773","130.528954"
"川口コミュニティセンター","福岡県大川市大字一木721","33.191139","130.365899"
"大川コミュニティセンター","福岡県大川市大字向島1855-2","33.21073","130.371543"
"大川市立宮前小学校校舎","福岡県大川市大字向島845","33.214364","130.384644"
"田口コミュニティセンター","福岡県大川市大字三丸405-4","33.195285","130.388669"
"大川市立大野島小学校校舎","福岡県大川市大字大野島2673","33.196485","130.353135"
"大野島コミュニティセンター","福岡県大川市大字大野島2812","33.194181","130.353304"
"三又コミュニティセンター","福岡県大川市大字中古賀208-1","33.230514","130.38833"
"木室コミュニティセンター","福岡県大川市大字中八院1465","33.212785","130.405616"
"大川市立道海島小学校校舎","福岡県大川市大字道海島91-1","33.240769","130.380773"
"菊池小学校","福岡県大刀洗町大字山隈1344-3","33.407644","130.603359"
"菊池校区センター","福岡県大刀洗町大字山隈1711-3","33.406546","130.607439"
"大堰小学校","福岡県大刀洗町大字守部465","33.368354","130.636073"
"憩いの園大堰交流センター","福岡県大刀洗町大字守部504-1","33.368091","130.634883"
"南部コミュニティーセンター","福岡県大刀洗町大字上高橋734-1","33.376048","130.600457"
"大刀洗小学校","福岡県大刀洗町大字上高橋755-1","33.375467","130.600367"
"ぬくもりの館大刀洗","福岡県大刀洗町大字冨多819","33.37232","130.623099"
"中央公民館","福岡県大刀洗町大字冨多819","33.372316","130.622688"
"大刀洗町役場","福岡県大刀洗町大字冨多819","33.372343","130.622535"
"ドリームセンター","福岡県大刀洗町大字冨多819","33.372034","130.621395"
"ふれあいセンター","福岡県大刀洗町大字本郷2848","33.385424","130.626083"
"本郷小学校","福岡県大刀洗町大字本郷4669-1","33.385322","130.624412"
"大刀洗中学校","福岡県大刀洗町大字本郷515","33.378995","130.616874"
"大任中学校","福岡県大任町大字今任原30","33.612027","130.858517"
"今任町民会館","福岡県大任町大字今任原3053-1","33.635496","130.841228"
"今任小学校","福岡県大任町大字今任原3518","33.643216","130.846875"
"総合運動公園町民グラウンド","福岡県大任町大字今任原87-2","33.612545","130.856862"
"根床集会所","福岡県大任町大字大行事1081","33.598553","130.842462"
"小林公民館","福岡県大任町大字大行事1843-1","33.587698","130.857772"
"大任小学校","福岡県大任町大字大行事3040","33.610139","130.856161"
"大任町役場（大任町コミュニティーセンター）","福岡県大任町大字大行事3067","33.61227","130.853682"
"大任町レインボーホール","福岡県大任町大字大行事3090","33.61432","130.851851"
"島台隣保館","福岡県大任町大字大行事3169-8","33.605592","130.849544"
"大任町公民館","福岡県大任町大字大行事3180-1","33.61003","130.854699"
"福田集会所","福岡県大任町大字大行事35","33.588721","130.844911"
"秋永公民館","福岡県大任町大字大行事3588-1","33.604113","130.851031"
"熊本集会所","福岡県大任町大字大行事3943-3","33.608835","130.847755"
"安永公民館","福岡県大任町大字大行事4083","33.612106","130.846827"
"宅峰中学校","福岡県大牟田市右京町1","33.018377","130.44118"
"右京町市営住宅","福岡県大牟田市右京町40-1","33.017903","130.439145"
"旧駛馬南小学校","福岡県大牟田市沖田町236-1","33.008183","130.449013"
"大牟田中央校区コミュニティセンター","福岡県大牟田市宮坂町6-3","33.026281","130.4521"
"清掃事務所","福岡県大牟田市健老町198","33.047778","130.441135"
"中央地区公民館","福岡県大牟田市原山町13-3","33.024552","130.446541"
"天の原小学校","福岡県大牟田市笹原町3-116","33.009127","130.467465"
"大牟田中央小学校","福岡県大牟田市笹林町1-1-3","33.028587","130.44748"
"小浜南市営住宅","福岡県大牟田市小浜町80-1","33.026977","130.433203"
"三川地区公民館","福岡県大牟田市上屋敷町1-12-3","33.011657","130.433274"
"みなと小学校","福岡県大牟田市上屋敷町2-3-1","33.010375","130.430849"
"三池工業高校","福岡県大牟田市上官町4-77","33.020063","130.454198"
"えるる","福岡県大牟田市新栄町6-1","33.037534","130.44802"
"勝立地区公民館","福岡県大牟田市新勝立町4-1-1","33.013425","130.475114"
"新地町市営住宅","福岡県大牟田市新地町10-1","33.033474","130.43488"
"新地東ひまわり市営住宅","福岡県大牟田市新地町14-7","33.032659","130.437683"
"旧船津中学校","福岡県大牟田市船津町1-6-1","33.010721","130.435661"
"甘木中学校","福岡県大牟田市大字甘木613-1","33.065943","130.464908"
"ありあけ新世高校","福岡県大牟田市大字吉野1389-1","33.073622","130.467679"
"大牟田北高等学校","福岡県大牟田市大字吉野555","33.076149","130.471625"
"旧橘中学校","福岡県大牟田市大字橘664-1","33.064224","130.475125"
"三池地区公民館","福岡県大牟田市大字三池629-2","33.046403","130.47913"
"リフレスおおむた","福岡県大牟田市大字四ケ1221","33.074167","130.535002"
"手鎌地区公民館","福岡県大牟田市大字手鎌1300-42","33.054621","130.451403"
"旧勝立中学校","福岡県大牟田市大字勝立282-2","33.013628","130.485011"
"上内小学校","福岡県大牟田市大字上内1575-1","33.073374","130.50434"
"三池小学校","福岡県大牟田市大字新町289-1","33.045719","130.483307"
"倉永小学校","福岡県大牟田市大字倉永1307","33.080204","130.460926"
"三池高校","福岡県大牟田市大字草木245","33.05271","130.462399"
"羽山台小学校","福岡県大牟田市大字草木587-3","33.049902","130.469732"
"銀水小学校","福岡県大牟田市大字田隈239","33.054818","130.474676"
"白銀中学校","福岡県大牟田市大字田隈338","33.051847","130.47461"
"手鎌小学校","福岡県大牟田市大字唐船395","33.059079","130.447752"
"吉野地区公民館","福岡県大牟田市大字白銀781-3","33.07292","130.483356"
"吉野小学校","福岡県大牟田市大字白銀967-17","33.073353","130.484127"
"御木中学校","福岡県大牟田市大字歴木1150","33.040264","130.469316"
"高取小学校","福岡県大牟田市大字歴木1807-58","33.031499","130.483603"
"玉川小学校","福岡県大牟田市大字櫟野2710-1","33.007988","130.491665"
"松原中学校","福岡県大牟田市大正町5-4-16","33.028829","130.438784"
"大正小学校","福岡県大牟田市大正町5-5-9","33.030153","130.439763"
"白川小学校","福岡県大牟田市中白川町1-183","33.044124","130.459733"
"中友小学校","福岡県大牟田市中友町1-20","33.035069","130.441568"
"白光中学校","福岡県大牟田市椿黒町32","33.043263","130.4519"
"大牟田特別支援学校","福岡県大牟田市天道町24","33.014848","130.464006"
"天領小学校","福岡県大牟田市天領町1-145-1","33.016765","130.43443"
"有明工業高等専門学校","福岡県大牟田市東萩尾町150","33.004177","130.474799"
"駛馬地区公民館","福岡県大牟田市馬込町1-20-1","33.011346","130.451889"
"駛馬小学校","福岡県大牟田市馬場町17","33.014822","130.449818"
"平原小学校","福岡県大牟田市平原町333","33.039292","130.464594"
"宮原中学校","福岡県大牟田市米生町2-26","33.013211","130.461429"
"総合体育館","福岡県大牟田市宝坂町2-92","33.021976","130.445929"
"明治小学校","福岡県大牟田市明治町2-21-1","33.04132","130.445863"
"大莞小学校","福岡県大木町大字奥牟田250","33.192988","130.442919"
"くるるん（バイオマスセンター）","福岡県大木町大字横溝1331-1","33.217893","130.437721"
"大莞コミュニティセンター","福岡県大木町大字三八松384","33.193014","130.441747"
"大木中学校","福岡県大木町大字上八院1234","33.214256","130.436742"
"大木町柔剣道場","福岡県大木町大字上八院1314","33.214888","130.43687"
"大溝小学校","福岡県大木町大字前牟田753","33.227583","130.439718"
"大溝保育園","福岡県大木町大字前牟田783-5","33.227027","130.44303"
"大木町健康福祉センター","福岡県大木町大字八町牟田538-1","33.211747","130.443713"
"木佐木小学校","福岡県大木町大字八町牟田623","33.211554","130.441646"
"大木町子育て交流センター","福岡県大木町大字八町牟田643-1","33.210698","130.439774"
"大木町総合体育館","福岡県大木町大字八町牟田671-1","33.210952","130.440358"
"つつじヶ丘近隣公園","福岡県大野城市つつじケ丘3-1-1","33.496585","130.480398"
"つつじヶ丘公民館","福岡県大野城市つつじケ丘3-1-30","33.49663","130.481294"
"平野中学校グラウンド","福岡県大野城市つつじケ丘4-1-1","33.494676","130.478768"
"平野中学校（体育館・校舎）","福岡県大野城市つつじケ丘4-1-1","33.494487","130.478226"
"栄町公民館","福岡県大野城市栄町1-1-11","33.54072","130.469245"
"平野小学校グラウンド","福岡県大野城市横峰2-4-1","33.504791","130.47403"
"平野小学校（体育館・校舎）","福岡県大野城市横峰2-4-1","33.505326","130.473935"
"大野東小学校（体育館・校舎）","福岡県大野城市乙金1-18-1","33.54482","130.489632"
"大野東小学校グラウンド","福岡県大野城市乙金1-18-1","33.544366","130.489956"
"乙金公民館","福岡県大野城市乙金2-5-18","33.547259","130.493301"
"乙金台公民館","福岡県大野城市乙金台2-17-3","33.541515","130.49184"
"大野東中学校（体育館・校舎）","福岡県大野城市乙金台2-5-1","33.543111","130.490199"
"大野東中学校グラウンド","福岡県大野城市乙金台2-5-1","33.542661","130.490219"
"乙金東公民館","福岡県大野城市乙金東3-5-43","33.553741","130.493004"
"下大利公民館","福岡県大野城市下大利2-10-10","33.520356","130.488071"
"下大利団地公民館","福岡県大野城市下大利団地4-2","33.521673","130.491734"
"瓦田公民館","福岡県大野城市瓦田3-1-1","33.533075","130.480604"
"大野小学校グラウンド","福岡県大野城市瓦田3-2-1","33.532947","130.481802"
"大野小学校（体育館・校舎）","福岡県大野城市瓦田3-2-1","33.533382","130.481554"
"すこやか交流プラザ","福岡県大野城市瓦田4-2-1","33.536132","130.483248"
"月の浦近隣公園","福岡県大野城市月の浦1-5","33.502347","130.462985"
"月の浦小学校（体育館・校舎）","福岡県大野城市月の浦3-22-1","33.498821","130.459612"
"月の浦小学校グラウンド","福岡県大野城市月の浦3-22-1","33.498784","130.460304"
"月の浦公民館","福岡県大野城市月の浦3-24-6","33.49979","130.460942"
"北コミュニティセンター","福岡県大野城市御笠川1-17-1","33.54585","130.480894"
"御笠の森小学校グラウンド","福岡県大野城市御笠川1-7-1","33.550412","130.477291"
"御笠の森小学校（体育館・校舎）","福岡県大野城市御笠川1-7-1","33.550991","130.477194"
"雑餉隈町公民館","福岡県大野城市雑餉隈町3-3-7","33.542072","130.472226"
"山田公民館","福岡県大野城市山田4-13-17","33.544569","130.474452"
"大野北小学校グラウンド","福岡県大野城市山田4-17-1","33.544672","130.476038"
"大野北小学校（体育館・校舎）","福岡県大野城市山田4-17-1","33.545267","130.475404"
"若草公民館","福岡県大野城市若草2-6-23","33.507075","130.467277"
"大野城まどかぴあ","福岡県大野城市曙町2-3-1","33.535391","130.479644"
"大利中学校グラウンド","福岡県大野城市上大利1-6-1","33.521982","130.480164"
"大利中学校（体育館・校舎）","福岡県大野城市上大利1-6-1","33.522614","130.480346"
"大利小学校（体育館・校舎）","福岡県大野城市上大利1-7-1","33.520772","130.481137"
"大利小学校グラウンド","福岡県大野城市上大利1-7-1","33.520366","130.480702"
"上大利公民館","福岡県大野城市上大利2-18-1","33.51815","130.48186"
"三兼池公園","福岡県大野城市上大利5-222","33.515696","130.477726"
"中公民館","福岡県大野城市川久保1-7-1","33.550124","130.485121"
"総合体育館","福岡県大野城市大字乙金618-12","33.54009","130.502415"
"牛頸公民館","福岡県大野城市大字牛頸1357-5","33.500805","130.471986"
"いこいの里","福岡県大野城市大字牛頸2472-1","33.496642","130.454851"
"井の口公民館","福岡県大野城市大城1-25-1","33.535517","130.491679"
"大城小学校グラウンド","福岡県大野城市大城3-29-1","33.536511","130.497078"
"大城小学校（体育館・校舎）","福岡県大野城市大城3-29-1","33.536604","130.497553"
"釜蓋公民館","福岡県大野城市大城4-9-5","33.534738","130.493623"
"大池公園","福岡県大野城市大池2-1-33","33.542775","130.487032"
"東コミュニティセンター","福岡県大野城市大池2-2-1","33.543179","130.487682"
"大池公民館","福岡県大野城市大池2-2-2","33.542678","130.488121"
"御陵中学校（体育館・校舎）","福岡県大野城市中1-20-1","33.554324","130.482971"
"御陵中学校グラウンド","福岡県大野城市中1-20-1","33.553984","130.483144"
"中集会所","福岡県大野城市中1-6-21","33.552422","130.48154"
"中大利公民館","福岡県大野城市中央1-2-15","33.523617","130.482685"
"中央コミュニティセンター","福岡県大野城市中央1-5-1","33.524528","130.48283"
"筑紫中央高校グラウンド","福岡県大野城市中央2-12-1","33.524315","130.486026"
"仲畑中央公園","福岡県大野城市仲畑2-115","33.55521","130.468968"
"畑詰公民館","福岡県大野城市仲畑2-9-12","33.558107","130.467189"
"仲島公民館","福岡県大野城市仲畑4-21-1","33.550342","130.47268"
"東大利公民館","福岡県大野城市東大利1-12-5","33.525658","130.486771"
"下大利小学校（体育館・校舎）","福岡県大野城市東大利4-8-1","33.528799","130.491581"
"下大利小学校グラウンド","福岡県大野城市東大利4-8-1","33.529189","130.492215"
"下筒井公民館","福岡県大野城市筒井1-7-1","33.542204","130.475253"
"青少年の居場所","福岡県大野城市筒井2-2-2","33.540395","130.475322"
"上筒井公民館","福岡県大野城市筒井3-8-1","33.540437","130.478369"
"南ヶ丘１区公民館","福岡県大野城市南ケ丘2-19-1","33.506102","130.482163"
"南ヶ丘２区公民館","福岡県大野城市南ケ丘4-17-1","33.502118","130.478677"
"大野南小学校（体育館・校舎）","福岡県大野城市南ケ丘4-18-1","33.501556","130.478965"
"大野南小学校グラウンド","福岡県大野城市南ケ丘4-18-1","33.501144","130.47903"
"南コミュニティセンター","福岡県大野城市南ケ丘5-9-1","33.502438","130.474333"
"白木原公民館","福岡県大野城市白木原1-5-5","33.529533","130.481163"
"大野中学校（体育館・校舎）","福岡県大野城市白木原3-11-1","33.529633","130.483609"
"大野中学校グラウンド","福岡県大野城市白木原3-11-1","33.529186","130.483875"
"白木原集会所","福岡県大野城市白木原4-5-26","33.529247","130.486276"
"平野台公民館","福岡県大野城市平野台1-20-7","33.496791","130.468339"
"築城体育館","福岡県築上町安武1356-6","33.666373","131.010614"
"築城海洋センター","福岡県築上町安武1356-6","33.66732","131.01074"
"八津田小学校","福岡県築上町宇留津322","33.67739","131.051544"
"築上町立椎田そらいろ保育園","福岡県築上町越路1326-1","33.649755","131.036927"
"下城井小学校","福岡県築上町袈裟丸379","33.648418","131.005009"
"椎田中学校","福岡県築上町高塚158-2","33.658179","131.050501"
"築上町中央公民館","福岡県築上町高塚756","33.656275","131.062989"
"小原小学校","福岡県築上町小原15","33.621638","131.043387"
"西角田小学校","福岡県築上町上ノ河内933","33.630657","131.077159"
"築城小学校","福岡県築上町上別府305","33.668636","131.029375"
"葛城小学校","福岡県築上町水原77","33.645336","131.036779"
"築城人権センター","福岡県築上町赤幡607-2","33.659686","131.016424"
"保健センター（チアフルついき）","福岡県築上町築城1096","33.665423","131.030972"
"築上町役場築城支所","福岡県築上町築城1096","33.665218","131.030226"
"リサイクルプラザ","福岡県築上町築城1728","33.661572","131.047633"
"築上町コミュニティーセンター（ソピア）","福岡県築上町築城253-1","33.668301","131.035687"
"築城中学校","福岡県築上町築城388","33.667421","131.037618"
"福岡県立築上西高等学校","福岡県築上町椎田764","33.653078","131.055745"
"椎田人権センター","福岡県築上町椎田852-2","33.655204","131.053756"
"築上町役場","福岡県築上町椎田891-2","33.656176","131.056054"
"築上町文化会館（コマーレ）","福岡県築上町椎田962-8","33.654532","131.057594"
"上城井小学校","福岡県築上町本庄1688","33.607565","130.983175"
"椎田小学校","福岡県築上町湊150","33.652434","131.062595"
"羽犬塚小学校体育館","福岡県筑後市大字羽犬塚232","33.217359","130.499423"
"筑後南コミュニティセンター・筑後南小学校体育館","福岡県筑後市大字下北島150-1","33.198171","130.487525"
"熊野公民館","福岡県筑後市大字熊野730","33.228827","130.487954"
"中央公民館","福岡県筑後市大字山ノ井899","33.211876","130.503076"
"志公民館","福岡県筑後市大字志10","33.185587","130.499567"
"若菜公民館","福岡県筑後市大字若菜1632-1","33.212753","130.488866"
"新溝しんみつ館","福岡県筑後市大字新溝534","33.198141","130.518848"
"寛元寺公民館","福岡県筑後市大字西牟田3980","33.238848","130.480967"
"北部交流センター","福岡県筑後市大字蔵数515-1","33.239741","130.502847"
"長浜公民館","福岡県筑後市大字長浜1815-17","33.209815","130.514445"
"島田公民館","福岡県筑後市大字島田1112-1","33.203832","130.470393"
"馬間田公民館","福岡県筑後市大字馬間田926-4","33.182713","130.462099"
"総合福祉センター","福岡県筑後市大字野町680-1","33.198759","130.500245"
"筑後広域公園体育館","福岡県筑後市津島831-1","33.176068","130.487914"
"むさしヶ丘公民館","福岡県筑紫野市むさしヶ丘2-28-23","33.471325","130.525452"
"阿志岐小学校","福岡県筑紫野市阿志岐2350","33.499665","130.550495"
"総合保健福祉センター　カミーリヤ","福岡県筑紫野市岡田3-11-1","33.470149","130.55085"
"筑山中学校","福岡県筑紫野市下見585-1","33.464295","130.553342"
"吉木小学校","福岡県筑紫野市吉木2526-2","33.513801","130.556576"
"筑紫東小学校","福岡県筑紫野市光が丘2-3-1","33.454113","130.555017"
"光が丘公民館","福岡県筑紫野市光が丘4-4-1","33.450207","130.560196"
"山家小学校","福岡県筑紫野市山家4341","33.485527","130.579519"
"二日市中学校","福岡県筑紫野市紫1-6-1","33.498827","130.522899"
"二日市東小学校","福岡県筑紫野市紫7-4-1","33.4913","130.524928"
"筑紫野中学校","福岡県筑紫野市針摺東4-6-1","33.485923","130.541478"
"杉塚公民館","福岡県筑紫野市杉塚2-9-8","33.500042","130.504745"
"二日市東コミュニティセンター","福岡県筑紫野市石崎1-1-7","33.488419","130.526184"
"石崎公民館","福岡県筑紫野市石崎2-5-1","33.487705","130.528687"
"筑紫小学校","福岡県筑紫野市筑紫531","33.46364","130.549411"
"天拝小学校","福岡県筑紫野市天拝坂6-1-1","33.494598","130.50196"
"塔原公民館","福岡県筑紫野市塔原西2-16-1","33.495392","130.505692"
"六反公民館","福岡県筑紫野市塔原東1-2-20","33.497719","130.514175"
"二日市小学校","福岡県筑紫野市二日市西2-2-1","33.494316","130.515747"
"旭東（旭町・東町）公民館","福岡県筑紫野市二日市中央1-7-20","33.492809","130.521729"
"本町公民館","福岡県筑紫野市二日市中央5-5-14","33.50024","130.515869"
"二日市北小学校","福岡県筑紫野市二日市北8-2-1","33.497879","130.528349"
"山口小学校","福岡県筑紫野市萩原850-1","33.468321","130.516447"
"原田小学校","福岡県筑紫野市美しが丘南2-10-5","33.445566","130.546277"
"筑紫野南中学校","福岡県筑紫野市美しが丘南5-9-2","33.44409","130.544273"
"天拝中学校","福岡県筑紫野市立明寺458-1","33.480499","130.523607"
"三輪中学校グラウンド","福岡県筑前町久光1600","33.436912","130.626348"
"三輪中学校体育館","福岡県筑前町久光1600","33.437623","130.627309"
"夜須高原記念の森　東駐車場","福岡県筑前町櫛木3-6","33.492633","130.660612"
"町営三輪グラウンド","福岡県筑前町高上597-1","33.426837","130.619417"
"ちくぜん少年大使館","福岡県筑前町高田2317-1","33.414404","130.619334"
"夜須高原青少年自然の家","福岡県筑前町三箇山1103","33.49312","130.64659"
"三並小学校体育館","福岡県筑前町三並1354-1","33.472582","130.61605"
"三並小学校グラウンド","福岡県筑前町三並1354-1","33.471516","130.615488"
"コスモスプラザ「敬老館」","福岡県筑前町篠隈373","33.458097","130.596534"
"三輪小学校グラウンド","福岡県筑前町新町400","33.434699","130.63724"
"三輪小学校体育館","福岡県筑前町新町400","33.43526","130.636864"
"男女共同参画センター「リブラ」","福岡県筑前町新町440","33.433325","130.636392"
"中牟田小学校体育館","福岡県筑前町中牟田145-1","33.46758","130.58194"
"中牟田小学校グラウンド","福岡県筑前町中牟田145-1","33.467552","130.582671"
"筑前町農業者トレーニングセンター","福岡県筑前町東小田1576-1","33.456497","130.590277"
"夜須中学校グラウンド","福岡県筑前町東小田3539-1","33.456072","130.592322"
"夜須中学校体育館","福岡県筑前町東小田3539-1","33.456814","130.59137"
"東小田小学校グラウンド","福岡県筑前町東小田436-1","33.445751","130.592232"
"東小田小学校体育館","福岡県筑前町東小田436-1","33.446408","130.591937"
"岩瀬南町公民館","福岡県中間市岩瀬1-14-60","33.829505","130.712356"
"中間北小学校","福岡県中間市岩瀬3-2-1","33.832083","130.715074"
"中間北中学校","福岡県中間市岩瀬3-4-1","33.832779","130.712285"
"自由ヶ丘公民館","福岡県中間市岩瀬3-8-6","33.83494","130.715056"
"岩瀬西町二区公民館","福岡県中間市岩瀬西町21-24","33.839005","130.703422"
"桜台公民館","福岡県中間市桜台2-20-10","33.818213","130.742221"
"七重公民館","福岡県中間市七重町22-24","33.803727","130.722859"
"弥生町集会所","福岡県中間市小田ヶ浦2-10-14","33.808186","130.720061"
"小田ヶ浦公民館","福岡県中間市小田ヶ浦2-12-6","33.812008","130.720563"
"松ヶ岡二区公民館","福岡県中間市松ヶ岡4-1","33.816288","130.720356"
"浄花町公民館","福岡県中間市浄花町15-8","33.830138","130.699286"
"深坂公民館","福岡県中間市深坂1-3-18","33.812044","130.727184"
"星ヶ丘集会所","福岡県中間市星ヶ丘7-1","33.820369","130.735825"
"松ヶ岡一区公民館","福岡県中間市扇ヶ浦2-17-1","33.816265","130.722817"
"中間東中学校","福岡県中間市扇ヶ浦3-21-1","33.816099","130.725244"
"扇ヶ浦一区公民館","福岡県中間市扇ヶ浦4-21-47","33.820494","130.722851"
"太賀一区公民館","福岡県中間市太賀2-7-33","33.825318","130.729587"
"太賀二区公民館","福岡県中間市太賀3-17-23","33.82853","130.727288"
"大根土集会所","福岡県中間市大根土9-1","33.822594","130.717382"
"下大隈公民館","福岡県中間市大字下大隈1608-1","33.812859","130.701298"
"砂山公民館","福岡県中間市大字垣生1399-1","33.824508","130.695156"
"中間中学校","福岡県中間市大字垣生510","33.815659","130.701147"
"垣生町公民館","福岡県中間市大字垣生890-7","33.819201","130.701414"
"上底井野公民館","福岡県中間市大字上底井野1624-2","33.813323","130.686265"
"底井野小学校","福岡県中間市大字上底井野825","33.813265","130.691907"
"中底井野公民館","福岡県中間市大字中底井野482-1","33.820471","130.678346"
"大辻町公民館","福岡県中間市大辻町2-15","33.807679","130.722748"
"池田町公民館","福岡県中間市池田1-20-4","33.813418","130.725228"
"鳥森公民館","福岡県中間市中央1-15-20","33.821856","130.712875"
"高見公民館","福岡県中間市中央1-21-19","33.822541","130.714716"
"白天公民館","福岡県中間市中央1-39-10","33.821498","130.716732"
"徳若公民館","福岡県中間市中央1-42-7","33.821088","130.717689"
"天道館","福岡県中間市中央1-8-41","33.819038","130.711929"
"御館町公民館","福岡県中間市中央2-8-1","33.82607","130.710996"
"曙町公民館","福岡県中間市中央3-13-21","33.824965","130.714286"
"中牟田公民館","福岡県中間市中央5-11-1","33.82452","130.718167"
"新手公民館","福岡県中間市中間2-13-24","33.814188","130.709666"
"中町公民館","福岡県中間市中間4-7-15","33.819765","130.709718"
"中鶴三区集会所","福岡県中間市中鶴1-14-19","33.827076","130.70214"
"中鶴団地集会所","福岡県中間市中鶴2-9-1","33.830148","130.703233"
"中鶴集会所","福岡県中間市中鶴3-5-3","33.830998","130.700269"
"中尾第一公民館","福岡県中間市中尾1-2-11","33.817107","130.713333"
"中尾第二公民館","福岡県中間市中尾3-12-16","33.813273","130.717076"
"中間東小学校","福岡県中間市中尾4-2-1","33.816211","130.717795"
"鍋山公民館","福岡県中間市朝霧1-5-7","33.818782","130.729127"
"朝霧公民館","福岡県中間市朝霧4-2-18","33.816511","130.729652"
"中間南中学校","福岡県中間市朝霧5-2-1","33.814606","130.735341"
"昭和町公民館","福岡県中間市長津1-17-8","33.825273","130.709026"
"中間小学校","福岡県中間市長津1-26-1","33.824805","130.704764"
"屋島公民館","福岡県中間市長津1-27-2","33.823673","130.70638"
"栄町公民館","福岡県中間市長津2-12-3","33.827792","130.707435"
"川端自治会集会所","福岡県中間市長津2-21-57","33.828585","130.705067"
"片峯町公民館","福岡県中間市長津2-8-5","33.827112","130.706068"
"通谷一丁目公民館","福岡県中間市通谷1-11-12","33.822822","130.728828"
"通谷二区公民館","福岡県中間市通谷2-34-1","33.819202","130.732294"
"通谷三区公民館","福岡県中間市通谷4-20-18","33.81795","130.737494"
"中間南小学校","福岡県中間市通谷5-14-1","33.814773","130.739606"
"土手ノ内一丁目公民館","福岡県中間市土手ノ内1-9-8","33.809598","130.708144"
"土手ノ内二区公民館","福岡県中間市土手ノ内2-28-32","33.808457","130.710046"
"希望が丘高等学校","福岡県中間市土手ノ内3-19-1","33.808082","130.71509"
"土手ノ内三丁目公民館","福岡県中間市土手ノ内3-35-24","33.807431","130.712223"
"扇ヶ浦二区公民館","福岡県中間市東中間2-12-7","33.819287","130.719945"
"宮林公民館","福岡県中間市東中間3-11-5","33.821789","130.720536"
"中間西小学校","福岡県中間市弥生2-1-1","33.81174","130.723644"
"体育文化センター","福岡県中間市蓮花寺3-1-5","33.826779","130.716931"
"下蓮花寺公民館","福岡県中間市蓮花寺3-12-33","33.829097","130.717321"
"甘木・朝倉消防署","福岡県朝倉市一木18-20","33.406619","130.664626"
"金川小学校","福岡県朝倉市屋永3148","33.396637","130.682581"
"金川コミュニティセンター","福岡県朝倉市屋永3266","33.395746","130.682603"
"甘木総合隣保館","福岡県朝倉市甘木1373-2","33.422492","130.653888"
"甘木小学校","福岡県朝倉市甘木1945","33.425444","130.657965"
"朝倉市総合市民センター（ピーポート甘木）","福岡県朝倉市甘木198-1","33.41537","130.660017"
"甘木地域センター（フレアス甘木）","福岡県朝倉市甘木764-21","33.420009","130.658631"
"朝倉地域生涯学習センター","福岡県朝倉市宮野1997","33.386132","130.720894"
"朝倉体育センター","福岡県朝倉市宮野2000-1","33.38515","130.72127"
"比良松中学校","福岡県朝倉市宮野2030","33.385138","130.722771"
"朝倉老人福祉センター","福岡県朝倉市宮野2047-1","33.385941","130.722399"
"高木コミュニティセンター","福岡県朝倉市黒川3972-1","33.409511","130.781074"
"十文字中学校","福岡県朝倉市三奈木3710","33.407039","130.701821"
"三奈木コミュニティセンター","福岡県朝倉市三奈木4260","33.415753","130.711141"
"三奈木小学校","福岡県朝倉市三奈木4564","33.417273","130.714532"
"秋月中学校","福岡県朝倉市秋月野鳥663","33.466414","130.69549"
"福田コミュニティセンター","福岡県朝倉市小隈219-1","33.386443","130.660296"
"福田小学校","福岡県朝倉市小田450","33.385787","130.664553"
"上秋月コミュニティセンター","福岡県朝倉市上秋月1373-1","33.460966","130.69398"
"朝倉東小学校","福岡県朝倉市須川2680","33.385178","130.736126"
"大福小学校","福岡県朝倉市大庭3594","33.380397","130.705245"
"秋月小学校","福岡県朝倉市長谷山50","33.463449","130.687843"
"甘木中学校","福岡県朝倉市堤1430-1","33.425979","130.66959"
"立石コミュニティセンター","福岡県朝倉市頓田205-1","33.412847","130.673392"
"立石小学校","福岡県朝倉市頓田380-1","33.412988","130.667684"
"杷木小学校","福岡県朝倉市杷木寒水175","33.365691","130.809946"
"サンライズ杷木","福岡県朝倉市杷木久喜宮1685","33.353794","130.784698"
"久喜宮地域防災拠点施設","福岡県朝倉市杷木久喜宮865-1","33.360218","130.79947"
"朝倉光陽高校","福岡県朝倉市杷木古賀1765","33.36157","130.805245"
"旧志波小学校","福岡県朝倉市杷木志波4669-1","33.368292","130.780255"
"杷木地域生涯学習センター（らくゆう館・男女共同参画センター）","福岡県朝倉市杷木池田483-1","33.364119","130.814768"
"杷木中学校","福岡県朝倉市杷木池田822-1","33.36539","130.810722"
"馬田小学校","福岡県朝倉市馬田1243","33.407245","130.641276"
"馬田コミュニティセンター","福岡県朝倉市馬田1286","33.405319","130.641898"
"キリンビール株式会社福岡工場体育館","福岡県朝倉市馬田3702","33.407187","130.629855"
"美奈宜の杜コミュニティセンター","福岡県朝倉市美奈宜の杜5-12-20","33.435999","130.717875"
"南陵中学校","福岡県朝倉市平塚1519","33.3914","130.656282"
"蜷城小学校","福岡県朝倉市林田220","33.375551","130.672817"
"蜷城コミュニティセンター","福岡県朝倉市林田242","33.37551","130.671172"
"遠賀川水辺館","福岡県直方市溝堀1-1-1","33.74124","130.731601"
"直方歳時館","福岡県直方市新町1-1-18","33.741324","130.726786"
"直方南小学校（屋内運動場）","福岡県直方市新町3-3-55","33.735937","130.725829"
"永満寺公民館","福岡県直方市大字永満寺2088","33.736624","130.764193"
"福地小学校（屋内運動場）","福岡県直方市大字永満寺2427","33.729086","130.761679"
"光福寺","福岡県直方市大字下境1638","33.730748","130.741525"
"下境小学校（屋内運動場）","福岡県直方市大字下境1820","33.729013","130.740048"
"直方第一中学校（屋内運動場）","福岡県直方市大字下境1892-1","33.729699","130.739681"
"中央隣保館","福岡県直方市大字下境2014-1","33.735564","130.734842"
"下境第三集会所","福岡県直方市大字下境3910-28","33.718338","130.729582"
"下境三区公民館","福岡県直方市大字下境3910-3","33.720322","130.732083"
"直方特別支援学校（体育館）","福岡県直方市大字下境410-2","33.731585","130.753044"
"下境四区公民館","福岡県直方市大字下境4114","33.72843","130.733833"
"真照寺","福岡県直方市大字下新入1672-1","33.757433","130.704419"
"感田小学校（屋内運動場）","福岡県直方市大字感田1160","33.760883","130.734888"
"感田第一集会場","福岡県直方市大字感田1472-4","33.767826","130.732783"
"ユメニティのおがた","福岡県直方市大字山部364-4","33.750406","130.723144"
"直方市民体育センター","福岡県直方市大字山部599-2","33.744931","130.723335"
"鞍手高等学校（体育館・武道場・鈴懸ホール）","福岡県直方市大字山部810-7","33.746937","130.717136"
"特別養護老人ホーム　すみれそう　のおがた","福岡県直方市大字上境2027-1","33.727247","130.753059"
"新入小学校（屋内運動場）","福岡県直方市大字上新入2081","33.753776","130.71037"
"直方市　火葬場　天翔館","福岡県直方市大字上新入2430-14","33.743445","130.714633"
"上頓野小学校（屋内運動場）","福岡県直方市大字上頓野2510","33.760937","130.763792"
"上頓野校区自治公民館","福岡県直方市大字上頓野2672","33.766011","130.76767"
"願照寺","福岡県直方市大字植木2298","33.787293","130.698196"
"植木中学校（屋内運動場）","福岡県直方市大字植木261-2","33.76736","130.707099"
"植木小学校（屋内運動場）","福岡県直方市大字植木3207","33.776395","130.714981"
"代行寺","福岡県直方市大字植木749","33.771616","130.706908"
"直方自動車学校","福岡県直方市大字赤地1","33.729329","130.730443"
"直方市汚泥再生処理センター","福岡県直方市大字知古189-1","33.757333","130.730775"
"直鞍農業協同組合","福岡県直方市大字知古2-3-4","33.757033","130.723206"
"直方第三中学校（屋内運動場）","福岡県直方市大字知古960","33.763018","130.721225"
"中泉小学校（屋内運動場）","福岡県直方市大字中泉848-3","33.718821","130.740274"
"清光寺","福岡県直方市大字中泉91","33.71819","130.746143"
"直方西小学校（屋内運動場）","福岡県直方市大字直方666","33.741696","130.72072"
"直方市体育館","福岡県直方市大字直方674-25","33.741098","130.725372"
"新中原公民館","福岡県直方市大字頓野1193-4","33.758941","130.755279"
"頓野公民館","福岡県直方市大字頓野1685-4","33.754625","130.753439"
"直方東小学校（屋内運動場）","福岡県直方市大字頓野2095-1","33.748883","130.747558"
"天理教筑紫大教会","福岡県直方市大字頓野3090","33.744538","130.741859"
"直方高等学校（講堂）","福岡県直方市大字頓野3459-2","33.746377","130.741228"
"直方高等学校（武道場）","福岡県直方市大字頓野3459-2","33.745692","130.741434"
"明幸学園","福岡県直方市大字頓野368-1","33.749077","130.76297"
"筑豊高等学校（体育館）","福岡県直方市大字頓野4019-2","33.753445","130.74486"
"直方第二中学校（屋内運動場）","福岡県直方市大字頓野4082","33.752869","130.737351"
"直方市中央公民館","福岡県直方市津田町7-20","33.746718","130.730121"
"イオンモール株式会社　イオンモール直方","福岡県直方市湯野原2-1-1","33.768646","130.749834"
"大和青藍高等学校（研心館なでしこホール）","福岡県直方市日吉町10-12","33.752048","130.728648"
"直方北小学校（屋内運動場）","福岡県直方市日吉町7-1","33.752563","130.72751"
"オークホール","福岡県添田町大字庄952","33.572392","130.848322"
"中元寺公民館","福岡県添田町大字中元寺2465","33.54691","130.844114"
"津野公民館","福岡県添田町大字津野6059","33.539311","130.902489"
"彦山駅防災施設","福岡県添田町大字落合","33.500313","130.869008"
"田川小学校グラウンド","福岡県田川市栄町4-23","33.641258","130.810443"
"後藤寺小学校グラウンド","福岡県田川市宮尾町1-9","33.632206","130.798615"
"鎮西小学校グラウンド","福岡県田川市大字伊田1946-1","33.639062","130.825621"
"旧鎮西中学校グラウンド","福岡県田川市大字伊田2024","33.636139","130.830139"
"石炭記念公園","福岡県田川市大字伊田2734-1","33.641747","130.815109"
"田川市民球場","福岡県田川市大字伊田2745-2","33.634113","130.810143"
"伊田小学校グラウンド","福岡県田川市大字伊田4390","33.650276","130.81538"
"上伊田公園","福岡県田川市大字伊田674-1","33.645889","130.836413"
"下位登運動公園","福岡県田川市大字位登1600-1","33.618946","130.791439"
"猪位金学園グラウンド","福岡県田川市大字位登509","33.604641","130.792068"
"御祓小規模運動場","福岡県田川市大字夏吉1177-3","33.661572","130.821875"
"田川東中学校グラウンド","福岡県田川市大字夏吉197-1","33.652779","130.82692"
"夏吉小規模運動場","福岡県田川市大字夏吉2665-1","33.676783","130.821376"
"丸山公園","福岡県田川市大字丸山町19-1","33.62278","130.801636"
"旧弓削田中学校グラウンド","福岡県田川市大字弓削田1222","33.634211","130.781765"
"弓削田小学校グラウンド","福岡県田川市大字弓削田499","33.636841","130.784073"
"田川市環境政策課清掃事務所","福岡県田川市大字川宮1550","33.639035","130.798958"
"大藪小学校グラウンド","福岡県田川市大字川宮1645-2","33.644563","130.799226"
"田川西中学校グラウンド","福岡県田川市大字大黒町11-6","33.629261","130.794205"
"旧中央中学校グラウンド","福岡県田川市大字中央町3-71","33.639927","130.808624"
"いいかねパレット（旧猪位金小学校グラウンド）","福岡県田川市大字猪国2559","33.598321","130.793256"
"旧田川市猪位金球場","福岡県田川市大字猪国538","33.580446","130.775971"
"大浦小学校グラウンド","福岡県田川市大字奈良1616","33.625813","130.805359"
"金川小学校グラウンド","福岡県田川市大字糒1771","33.665136","130.809661"
"旧田川中学校グラウンド","福岡県田川市大字糒1959","33.654579","130.798477"
"糒小規模運動場","福岡県田川市大字糒2372","33.664086","130.795369"
"旧金川中学校グラインド","福岡県田川市大字糒258","33.660271","130.812088"
"成道寺公園","福岡県田川市白鳥町10-21","33.638741","130.823165"
"旧小石原小学校体育館","福岡県東峰村大字小石原868-1","33.465181","130.828711"
"東峰村小石原グラウンド","福岡県東峰村大字小石原868-16","33.465281","130.829985"
"小石原公民館","福岡県東峰村大字小石原941-9","33.464047","130.826119"
"東峰学園","福岡県東峰村大字福井2296-4","33.398515","130.866127"
"特別養護老人ホーム「宝珠の郷」","福岡県東峰村大字福井942-1","33.380234","130.878826"
"東峰村宝珠山グラウンド","福岡県東峰村大字福井950-1","33.378412","130.878672"
"村民センター","福岡県東峰村大字宝珠山27-2","33.39707","130.873096"
"保健福祉センター「いずみ館」","福岡県東峰村大字宝珠山6431","33.397517","130.869435"
"安徳公民館","福岡県那珂川市安徳224-2","33.498241","130.427672"
"王塚台東公園","福岡県那珂川市王塚台1-179","33.502532","130.438541"
"王塚台北公園","福岡県那珂川市王塚台1-82","33.504103","130.437375"
"王塚台中央公園","福岡県那珂川市王塚台2-135","33.501427","130.43594"
"王塚台公民館","福岡県那珂川市王塚台2-146","33.501349","130.435354"
"王塚台南公園","福岡県那珂川市王塚台2-346","33.498994","130.435008"
"王塚台西公園","福岡県那珂川市王塚台3-82","33.501196","130.433097"
"下梶原公民館","福岡県那珂川市下梶原1-9-3","33.49728","130.435221"
"大戸公園","福岡県那珂川市下梶原2-303-28","33.500215","130.438035"
"下梶原公園","福岡県那珂川市下梶原2-365-1","33.497592","130.437737"
"観晴が丘公園","福岡県那珂川市観晴が丘129","33.509681","130.444189"
"観晴が丘公民館","福岡県那珂川市観晴が丘4-7","33.508835","130.442828"
"岩戸北小学校（運動場）","福岡県那珂川市恵子1-1-1","33.515605","130.419174"
"岩戸北小学校（体育館）","福岡県那珂川市恵子1-1-1","33.516146","130.418353"
"恵子東公園","福岡県那珂川市恵子2-59-12","33.513757","130.417606"
"恵子教育集会所","福岡県那珂川市恵子2-7-1","33.514045","130.417287"
"市民体育館（駐車場）","福岡県那珂川市恵子4-1-1","33.51087","130.417781"
"市民体育館（体育館）","福岡県那珂川市恵子4-1-1","33.510551","130.417459"
"恵子児童館","福岡県那珂川市恵子4-1-2","33.511011","130.417339"
"恵子中央公園","福岡県那珂川市恵子4-210-1","33.514106","130.416047"
"安徳北小学校（体育館）","福岡県那珂川市五郎丸1-11","33.514337","130.428409"
"安徳北小学校（運動場）","福岡県那珂川市五郎丸1-11","33.513884","130.429079"
"春田公園","福岡県那珂川市五郎丸1-168","33.512342","130.429356"
"五郎丸公民館","福岡県那珂川市五郎丸2-57","33.510966","130.430602"
"東地区公民館","福岡県那珂川市五郎丸3-9-19","33.509385","130.432361"
"中央公民館（駐車場）","福岡県那珂川市後野1-5-1","33.505029","130.41755"
"中央公民館（館内）","福岡県那珂川市後野1-5-1","33.50463","130.417762"
"後野公民館","福岡県那珂川市後野4-9-2","33.505542","130.417346"
"鷹取公園","福岡県那珂川市今光3-259","33.520749","130.43113"
"安徳公園","福岡県那珂川市今光4-168","33.517805","130.431276"
"裂田溝公園","福岡県那珂川市山田540","33.486185","130.420115"
"前田公園","福岡県那珂川市松木1-211","33.512733","130.433906"
"安徳小学校（体育館）","福岡県那珂川市松木2-134","33.509987","130.432391"
"安徳小学校（運動場）","福岡県那珂川市松木2-134","33.510533","130.432507"
"松木公民館","福岡県那珂川市松木2-167","33.510434","130.43454"
"大町公園","福岡県那珂川市松木2-232","33.51008","130.434357"
"松木西公園","福岡県那珂川市松木5-467-10","33.506002","130.436157"
"安徳南小学校（運動場）","福岡県那珂川市上梶原1-1-1","33.496215","130.433519"
"安徳南小学校（体育館）","福岡県那珂川市上梶原1-1-1","33.495939","130.43398"
"那珂川南中学校（体育館）","福岡県那珂川市上梶原1-2-1","33.494478","130.433491"
"那珂川南中学校（運動場）","福岡県那珂川市上梶原1-2-1","33.495234","130.432645"
"梶原運動広場","福岡県那珂川市上梶原1-318-1","33.496346","130.432626"
"安徳南公園","福岡県那珂川市上梶原2-323-1","33.498581","130.437917"
"上梶原第一公園","福岡県那珂川市上梶原733","33.492125","130.439794"
"上梶原公民館","福岡県那珂川市上梶原735-3","33.492465","130.439787"
"岩戸小学校（運動場）","福岡県那珂川市西隈2-6-43","33.497661","130.420524"
"西畑公民館","福岡県那珂川市西畑975","33.487531","130.395831"
"野入公園","福岡県那珂川市中原2-167","33.518562","130.434355"
"中原公園","福岡県那珂川市中原5-105","33.50953","130.437429"
"中原公民館","福岡県那珂川市中原6-8-1","33.513124","130.436492"
"仲公園","福岡県那珂川市仲1-149","33.510267","130.425522"
"ミリカローデン（館内）","福岡県那珂川市仲2-5-1","33.507332","130.428672"
"ミリカローデン（駐車場）","福岡県那珂川市仲2-5-1","33.507294","130.426895"
"那珂川中学校（運動場）","福岡県那珂川市仲3-19-1","33.508259","130.422792"
"岩戸公園","福岡県那珂川市片縄3-117","33.517505","130.423762"
"北地区公民館","福岡県那珂川市片縄5-86","33.517091","130.417902"
"片縄第１公民館","福岡県那珂川市片縄8-98","33.519524","130.422322"
"片縄第５公民館","福岡県那珂川市片縄西3-22-5","33.516443","130.412102"
"那珂川北中学校（体育館）","福岡県那珂川市片縄西3-26-1","33.513236","130.411813"
"那珂川北中学校（運動場）","福岡県那珂川市片縄西3-26-1","33.513617","130.411588"
"下片縄公園","福岡県那珂川市片縄東1-559-1","33.526721","130.426573"
"片縄小学校（体育館）","福岡県那珂川市片縄北1-15-1","33.520748","130.418822"
"片縄小学校（運動場）","福岡県那珂川市片縄北1-15-1","33.519712","130.419128"
"福岡女子商業高校（運動場）","福岡県那珂川市片縄北1-4-1","33.519865","130.417782"
"福岡女子商業高校（体育館）","福岡県那珂川市片縄北1-4-1","33.519877","130.416776"
"片縄第３公民館","福岡県那珂川市片縄北2-17-1","33.520076","130.415758"
"片縄孫四郎公民館","福岡県那珂川市片縄北3-17-31","33.525054","130.42322"
"今池公民館","福岡県那珂川市片縄北5-17-14","33.524415","130.422268"
"片縄第６公民館","福岡県那珂川市片縄北7-11-11","33.523949","130.413459"
"今池公園","福岡県那珂川市片縄北8-710-2","33.523912","130.418585"
"南畑小学校（運動場）","福岡県那珂川市埋金530-1","33.46595","130.427389"
"南畑小学校（多目的教室）","福岡県那珂川市埋金530-1","33.466327","130.427245"
"阿恵区公民館","福岡県粕屋町阿恵220-2","33.615306","130.458496"
"花ヶ浦区公民館","福岡県粕屋町花ヶ浦2-19-15","33.609178","130.475437"
"粕屋町役場","福岡県粕屋町駕与丁1-1-1","33.610842","130.480583"
"サンレイクかすや","福岡県粕屋町駕与丁1-6-1","33.609639","130.480998"
"かすやこども館","福岡県粕屋町駕与丁1-6-2","33.609482","130.479881"
"駕輿丁区公民館","福岡県粕屋町駕与丁1-9-1","33.607601","130.480476"
"かすやドーム","福岡県粕屋町駕与丁3-2-1","33.609957","130.483814"
"ユアホール粕屋ベルコ会館駐車場","福岡県粕屋町原町1-8-1","33.611566","130.464639"
"なかのはら防災公園","福岡県粕屋町原町3-9","33.616237","130.471468"
"原町区公民館","福岡県粕屋町原町5-2-35","33.615287","130.467791"
"河合製氷冷蔵第２物流センター駐車場・食堂","福岡県粕屋町戸原637","33.628741","130.467128"
"広田組合集会所","福岡県粕屋町戸原675","33.627165","130.462634"
"福岡市水道局・水道企業団多々良川浄水場グラウンド","福岡県粕屋町戸原679-1","33.627172","130.464084"
"やすらぎ会館粕屋斎場・駐車場","福岡県粕屋町戸原西1-13-1","33.621612","130.472841"
"粕屋中央スポーツ公園","福岡県粕屋町戸原東1-1","33.618555","130.476543"
"長戸区公民館","福岡県粕屋町戸原東1-5-17","33.619833","130.475441"
"大川幼稚園","福岡県粕屋町戸原東2-21-1","33.62359","130.476256"
"戸原区公民館","福岡県粕屋町戸原東3-1-1","33.623786","130.473293"
"大川小学校","福岡県粕屋町戸原東3-5-1","33.624248","130.475519"
"粕屋東中学校（洪水時グラウンド使用不可）","福岡県粕屋町江辻1-1-1","33.623277","130.478574"
"江辻区公民館","福岡県粕屋町江辻4-4-8","33.62495","130.479815"
"江辻第二集会場","福岡県粕屋町江辻6-2-5","33.627502","130.480901"
"江辻山会館（洪水時２階優先使用）","福岡県粕屋町江辻928","33.632783","130.47155"
"甲仲原区公民館","福岡県粕屋町甲仲原1-6-2","33.606435","130.476948"
"仲原幼稚園","福岡県粕屋町甲仲原2-4-28","33.60507","130.472199"
"粕屋フォーラム","福岡県粕屋町若宮1-1-1","33.613777","130.47606"
"若宮区公民館","福岡県粕屋町若宮2-10-48","33.614012","130.472328"
"中央保育所","福岡県粕屋町若宮2-11-18","33.615071","130.471881"
"粕屋中央小学校","福岡県粕屋町若宮2-2-1","33.615042","130.475274"
"中央幼稚園","福岡県粕屋町若宮2-2-1","33.61546","130.474531"
"酒殿区公民館","福岡県粕屋町酒殿3-4-21","33.599907","130.483238"
"イオンモール福岡駐車場","福岡県粕屋町酒殿字老の木192-1","33.595425","130.481169"
"上大隈公民会館","福岡県粕屋町上大隈342","33.628571","130.494033"
"大隈生産森林組合所有地（現ゲートボール場用地）","福岡県粕屋町大隈1047-6","33.626001","130.491479"
"ＪＡ粕屋本所駐車場","福岡県粕屋町大隈1229","33.624112","130.495325"
"大隈生産森林組合所有地（現納骨堂用地）","福岡県粕屋町大隈1334-2","33.625831","130.492107"
"朝日区公民館","福岡県粕屋町大隈377-1","33.617738","130.489664"
"仲原小学校","福岡県粕屋町仲原1-16-1","33.606311","130.472507"
"仲原保育所","福岡県粕屋町仲原1-16-3","33.605863","130.47037"
"粕屋中学校","福岡県粕屋町仲原1707","33.602583","130.467638"
"粕屋西小学校","福岡県粕屋町仲原2445","33.613012","130.456939"
"西幼稚園","福岡県粕屋町仲原2461","33.613364","130.45619"
"ミスターマックス粕屋店駐車場","福岡県粕屋町仲原2714","33.609456","130.448021"
"乙仲原西区公民館","福岡県粕屋町仲原2767-1","33.610271","130.448454"
"長者原下区公民館","福岡県粕屋町長者原西2-18-10","33.619027","130.469371"
"長者原中区公民館","福岡県粕屋町長者原東2-3-5","33.616575","130.477046"
"県立魁誠高校学校","福岡県粕屋町長者原東5-5-1","33.618458","130.484174"
"長者原上区公民館","福岡県粕屋町長者原東6-18-1","33.615339","130.481565"
"福祉センター","福岡県粕屋町長者原東6-5-10","33.61374","130.482142"
"内橋三区公民館","福岡県粕屋町内橋132-9","33.621756","130.462774"
"サンライフ区公民館","福岡県粕屋町内橋197-1","33.623226","130.461291"
"内橋二区公民館","福岡県粕屋町内橋381-6","33.618219","130.458686"
"内橋一区公民館","福岡県粕屋町内橋762-1","33.619826","130.454112"
"柚須文化センター","福岡県粕屋町柚須57-1","33.615867","130.449206"
"岡山小学校屋内運動場","福岡県八女市鵜池302","33.210115","130.528592"
"笠原体育館","福岡県八女市黒木町笠原4341-1","33.222739","130.705369"
"八女市役所黒木支所","福岡県八女市黒木町今1314-1","33.217503","130.66713"
"げんき館おおぶち","福岡県八女市黒木町大淵3998","33.180309","130.721708"
"串毛コミュニティセンター","福岡県八女市黒木町土窪1419-1","33.204135","130.647549"
"豊岡コミュニティセンター","福岡県八女市黒木町本分1590-2","33.210661","130.647159"
"木屋体育館","福岡県八女市黒木町木屋2422","33.210158","130.698741"
"東公民館","福岡県八女市山内389-5","33.220859","130.607196"
"三河小学校屋内運動場","福岡県八女市酒井田486-1","33.194762","130.556973"
"八女市研修センター","福岡県八女市上陽町上横山4906-1","33.273558","130.672825"
"西公民館","福岡県八女市新庄385","33.195599","130.539679"
"みさき学園屋内運動場","福岡県八女市忠見1155","33.224657","130.598825"
"八女市総合体育館","福岡県八女市馬場434","33.209065","130.568821"
"八女市役所","福岡県八女市本町647","33.211979","130.557818"
"矢部公民館","福岡県八女市矢部村北矢部10528","33.150467","130.820901"
"矢部高齢者生活福祉センター","福岡県八女市矢部村矢部4058-1","33.144589","130.828173"
"立花市民センター","福岡県八女市立花町原島108-1","33.202819","130.588332"
"辺春コミュニティセンター","福岡県八女市立花町上辺春393-1","33.145715","130.618928"
"白木コミュニティセンター","福岡県八女市立花町白木5583-1","33.146522","130.562508"
"北山コミュニティセンター","福岡県八女市立花町北山2692-1","33.181296","130.561953"
"二瀬中学校","福岡県飯塚市伊岐須740","33.652783","130.659273"
"飯塚市福祉センター　伊川の郷","福岡県飯塚市伊川82-45","33.646683","130.64686"
"二瀬交流センター","福岡県飯塚市横田809","33.64865","130.671695"
"飯塚東小学校","福岡県飯塚市下三緒54","33.632229","130.706978"
"飯塚東交流センター","福岡県飯塚市下三緒57-86","33.631662","130.706447"
"ダイナム福岡飯塚花瀬店","福岡県飯塚市花瀬64-1","33.640576","130.663306"
"健康の森公園多目的施設","福岡県飯塚市吉北120-6","33.681343","130.685692"
"菰田交流センター","福岡県飯塚市菰田東1-7-45","33.628609","130.692709"
"菰田小学校","福岡県飯塚市菰田東2-19-5","33.631275","130.692764"
"幸袋交流センター","福岡県飯塚市幸袋50","33.664125","130.687289"
"㈱福岡ソフトウェアセンター","福岡県飯塚市幸袋526-1","33.659879","130.682485"
"庄内交流センター　（別館及び旧庄内保健福祉総合センター含む）","福岡県飯塚市綱分771-1","33.637651","130.729202"
"ダイナム福岡頴田店","福岡県飯塚市佐與1558","33.6701","130.718452"
"穂波福祉総合センター","福岡県飯塚市枝国402-100","33.629504","130.669693"
"頴田交流センター","福岡県飯塚市鹿毛馬1667-2","33.683778","130.729187"
"穂波交流センター","福岡県飯塚市秋松408","33.619921","130.675678"
"旧潤野児童センター","福岡県飯塚市潤野224-1","33.628997","130.656772"
"飯塚市役所","福岡県飯塚市新立岩5-5","33.64648","130.691148"
"立岩交流センター","福岡県飯塚市新立岩8-13","33.648334","130.688759"
"クラブハウス川津支店（駐車場）","福岡県飯塚市川津356-2","33.646416","130.676106"
"九州工業大学","福岡県飯塚市川津680-4","33.65346","130.672672"
"穂波人権啓発センター","福岡県飯塚市太郎丸974-1","33.610056","130.668882"
"鎮西交流センター","福岡県飯塚市大日寺141","33.638181","130.646869"
"小中一貫校幸袋校","福岡県飯塚市中730-1","33.666673","130.680531"
"忠隈住民センター","福岡県飯塚市忠隈188-3","33.62095","130.688014"
"筑穂支所","福岡県飯塚市長尾1242-1","33.569945","130.647173"
"筑穂交流センター","福岡県飯塚市長尾1340","33.571292","130.647431"
"中央公民館（コミュニティセンター）","福岡県飯塚市飯塚14-67","33.635997","130.685037"
"片島小学校","福岡県飯塚市片島3-8-5","33.648153","130.681172"
"クラブハウス本店（駐車場）","福岡県飯塚市弁分40-3","33.623945","130.669261"
"飯塚片島交流センター","福岡県飯塚市本町20-17","33.637922","130.683484"
"クラブハウス目尾支店（駐車場）","福岡県飯塚市目尾362","33.670716","130.698663"
"クラブハウス庄内支店（駐車場）","福岡県飯塚市有安524","33.646449","130.726193"
"旧蓮台寺児童センター","福岡県飯塚市蓮台寺75","33.645202","130.638666"
"鯰田小学校","福岡県飯塚市鯰田1263","33.669318","130.705783"
"鯰田交流センター","福岡県飯塚市鯰田1358-1","33.667787","130.704215"
"飯塚市総合体育館","福岡県飯塚市鯰田1560-5","33.656837","130.704269"
"福岡市立七隈小学校　グラウンド","福岡県福岡市城南区七隈4-25-8","33.55389","130.358631"
"福岡市立七隈小学校","福岡県福岡市城南区七隈4-25-8","33.55461","130.358503"
"福岡市七隈公民館","福岡県福岡市城南区七隈4-26-38","33.55443","130.359447"
"西南杜の湖畔公園","福岡県福岡市城南区七隈6","33.550224","130.353799"
"福岡大学　グラウンド","福岡県福岡市城南区七隈8","33.54804","130.362765"
"松山中央公園","福岡県福岡市城南区松山1","33.553537","130.368615"
"福岡市立金山小学校　グラウンド","福岡県福岡市城南区松山1-20-56","33.555914","130.367653"
"福岡市立金山小学校","福岡県福岡市城南区松山1-20-56","33.556593","130.367728"
"茶山中央公園","福岡県福岡市城南区茶山2","33.56367","130.367303"
"福岡市立城南中学校","福岡県福岡市城南区茶山6-19-1","33.569341","130.360074"
"福岡市立城南中学校　グラウンド","福岡県福岡市城南区茶山6-19-1","33.568442","130.360315"
"福岡市立城南小学校","福岡県福岡市城南区茶山6-20-1","33.567538","130.361363"
"福岡市立城南小学校　グラウンド","福岡県福岡市城南区茶山6-20-1","33.567627","130.360397"
"城南高等学校　グラウンド","福岡県福岡市城南区茶山6-21-1","33.565804","130.360757"
"福岡市城南公民館","福岡県福岡市城南区茶山6-21-5","33.567162","130.361061"
"福岡市長尾公民館　（浸水は２階以上）","福岡県福岡市城南区長尾1-3-14","33.557849","130.381712"
"下長尾中央公園","福岡県福岡市城南区長尾5","33.555194","130.381758"
"福岡市立長尾小学校","福岡県福岡市城南区長尾5-1-1","33.55732","130.381265"
"福岡市立長尾小学校　グラウンド","福岡県福岡市城南区長尾5-1-1","33.556953","130.381297"
"福岡市鳥飼公民館　（浸水は２階以上）","福岡県福岡市城南区鳥飼4-13-1","33.578818","130.366407"
"福岡市立鳥飼小学校　（浸水は校舎２階以上，高潮は校舎３階以上）","福岡県福岡市城南区鳥飼4-13-2","33.579727","130.365773"
"福岡市立鳥飼小学校　グラウンド","福岡県福岡市城南区鳥飼4-13-2","33.579347","130.365698"
"福岡市立城西中学校　（浸水は校舎２階以上，高潮は校舎３階以上）","福岡県福岡市城南区鳥飼6-4-1","33.576922","130.366921"
"福岡市立城西中学校　グラウンド","福岡県福岡市城南区鳥飼6-4-1","33.576417","130.367184"
"三尾池公園","福岡県福岡市城南区堤1","33.544571","130.379273"
"福岡市立堤丘小学校","福岡県福岡市城南区堤1-16-1","33.54561","130.379393"
"福岡市立堤丘小学校　グラウンド","福岡県福岡市城南区堤1-16-1","33.545467","130.379028"
"福岡市堤丘公民館","福岡県福岡市城南区堤1-20-2","33.547254","130.380138"
"福岡市立田島小学校","福岡県福岡市城南区田島3-20-1","33.564662","130.36863"
"福岡市立田島小学校　グラウンド","福岡県福岡市城南区田島3-20-1","33.564313","130.368614"
"福岡市田島公民館","福岡県福岡市城南区田島3-7-29","33.56634","130.369549"
"鬼面池公園","福岡県福岡市城南区田島6","33.561282","130.36945"
"福岡市立博多工業高等学校","福岡県福岡市城南区東油山4-20-1","33.532268","130.375739"
"福岡市立博多工業高等学校　グラウンド","福岡県福岡市城南区東油山4-20-1","33.531445","130.377032"
"東油山公園","福岡県福岡市城南区東油山5","33.532039","130.383194"
"福岡市南片江公民館","福岡県福岡市城南区南片江1-24-21","33.541618","130.374965"
"福岡市立南片江小学校","福岡県福岡市城南区南片江2-9-1","33.543959","130.374575"
"福岡市立南片江小学校　グラウンド","福岡県福岡市城南区南片江2-9-1","33.54332","130.374597"
"片江中央公園","福岡県福岡市城南区南片江4","33.537307","130.376054"
"福岡市立片江中学校　グラウンド","福岡県福岡市城南区南片江6-27-1","33.541429","130.368154"
"福岡市立片江中学校","福岡県福岡市城南区南片江6-27-1","33.541675","130.368883"
"福岡市立梅林中学校　グラウンド","福岡県福岡市城南区梅林3-6-1","33.546559","130.35552"
"福岡市立梅林中学校","福岡県福岡市城南区梅林3-6-1","33.547296","130.355697"
"樋井川中央公園","福岡県福岡市城南区樋井川3","33.547536","130.388341"
"福岡市立長尾中学校　グラウンド","福岡県福岡市城南区樋井川4-13-1","33.547886","130.385993"
"福岡市立長尾中学校","福岡県福岡市城南区樋井川4-13-1","33.54888","130.385768"
"福岡市立堤小学校　グラウンド","福岡県福岡市城南区樋井川6-27-56","33.541391","130.384581"
"福岡市立堤小学校","福岡県福岡市城南区樋井川6-27-56","33.541766","130.384382"
"福岡市堤公民館","福岡県福岡市城南区樋井川7-21-1","33.539031","130.383338"
"福岡市別府公民館　（浸水・高潮は２階以上）","福岡県福岡市城南区別府1-15-19","33.573347","130.371425"
"別府公園","福岡県福岡市城南区別府4","33.572996","130.363941"
"中村学園短期大学部　グラウンド","福岡県福岡市城南区別府5-7-1","33.5712","130.366198"
"福岡市立城南体育館","福岡県福岡市城南区別府6-14-22","33.567051","130.364971"
"福岡市立別府小学校","福岡県福岡市城南区別府6-9-1","33.569766","130.366505"
"福岡市立別府小学校　グラウンド","福岡県福岡市城南区別府6-9-1","33.568943","130.366661"
"福岡市立片江小学校","福岡県福岡市城南区片江4-5-1","33.551377","130.372066"
"福岡市立片江小学校　グラウンド","福岡県福岡市城南区片江4-5-1","33.550773","130.372184"
"福岡市立城南市民センター","福岡県福岡市城南区片江5-3-25","33.551378","130.367769"
"福岡市片江公民館","福岡県福岡市城南区片江5-35-20","33.549675","130.370419"
"友丘中央公園","福岡県福岡市城南区友丘5","33.559254","130.370848"
"福岡市金山公民館","福岡県福岡市城南区友丘6-9-36","33.556915","130.367877"
"福岡市愛宕公民館　（高潮は２階以上）","福岡県福岡市西区愛宕4-11-11","33.587113","130.340831"
"福岡市立愛宕小学校　グラウンド","福岡県福岡市西区愛宕4-15-1","33.586987","130.338612"
"福岡市立愛宕小学校　（高潮は２階以上）","福岡県福岡市西区愛宕4-15-1","33.58725","130.33949"
"福岡市立姪浜中学校　（高潮は２階以上）","福岡県福岡市西区愛宕浜1-32-1","33.594088","130.336217"
"福岡市立姪浜中学校　グラウンド","福岡県福岡市西区愛宕浜1-32-1","33.593507","130.335887"
"愛宕浜北公園","福岡県福岡市西区愛宕浜2","33.594415","130.338824"
"愛宕浜中央公園","福岡県福岡市西区愛宕浜3","33.595797","130.333481"
"福岡市立福岡女子高等学校　グラウンド","福岡県福岡市西区愛宕浜3-2-2","33.596206","130.331685"
"福岡市立福岡女子高等学校　（高潮は２階以上）","福岡県福岡市西区愛宕浜3-2-2","33.596746","130.329818"
"福岡市愛宕浜公民館　（高潮は２階以上）","福岡県福岡市西区愛宕浜4-41-10","33.594491","130.329226"
"福岡市立愛宕浜小学校　（高潮は２階以上）","福岡県福岡市西区愛宕浜4-42-1","33.595405","130.330156"
"福岡市立愛宕浜小学校　グラウンド","福岡県福岡市西区愛宕浜4-42-1","33.594994","130.330174"
"福岡市玄洋公民館　（高潮は２階以上）","福岡県福岡市西区横浜1-2-1","33.585151","130.268293"
"福岡市立玄洋中学校　グラウンド","福岡県福岡市西区横浜2-34-1","33.587479","130.260632"
"福岡市立玄洋中学校　（高潮は２階以上）","福岡県福岡市西区横浜2-34-1","33.58786","130.260616"
"福岡市立下山門中学校　（高潮は体育館２階）","福岡県福岡市西区下山門3-12-1","33.579021","130.313685"
"福岡市立下山門中学校　グラウンド","福岡県福岡市西区下山門3-12-1","33.578315","130.313836"
"福岡市下山門公民館　（高潮は２階以上）","福岡県福岡市西区下山門4-14-38","33.57737","130.309253"
"福岡市立下山門小学校　グラウンド","福岡県福岡市西区下山門4-15-1","33.576014","130.310159"
"福岡市立下山門小学校　（高潮は２階以上）","福岡県福岡市西区下山門4-15-1","33.576332","130.310135"
"福岡市立壱岐東小学校　グラウンド","福岡県福岡市西区橋本1-14-1","33.562186","130.317805"
"福岡市立壱岐東小学校","福岡県福岡市西区橋本1-14-1","33.562499","130.317759"
"福岡市壱岐東公民館　（浸水は２階以上）","福岡県福岡市西区橋本1-14-2","33.561707","130.317425"
"九州大学伊都地区　グラウンド","福岡県福岡市西区元岡744","33.596622","130.221291"
"福岡市立壱岐南小学校","福岡県福岡市西区戸切2-17-1","33.554053","130.314579"
"福岡市立壱岐南小学校　グラウンド","福岡県福岡市西区戸切2-17-1","33.553575","130.314536"
"福岡市壱岐南公民館","福岡県福岡市西区戸切2-18-20","33.553881","130.313726"
"福岡市立玄洋小学校　（高潮は２階以上）","福岡県福岡市西区今宿3-38-1","33.580097","130.264777"
"福岡市立玄洋小学校　グラウンド","福岡県福岡市西区今宿3-38-1","33.579943","130.265049"
"長垂海浜公園","福岡県福岡市西区今宿駅前1","33.580355","130.280028"
"大塚古墳公園","福岡県福岡市西区今宿西1","33.573058","130.27052"
"福岡市今宿公民館","福岡県福岡市西区今宿青木138-1","33.571787","130.276476"
"福岡市立今宿小学校　グラウンド","福岡県福岡市西区今宿東1-27-1","33.575078","130.273227"
"福岡市立今宿小学校","福岡県福岡市西区今宿東1-27-1","33.575831","130.273005"
"三菱電機（株）グラウンド","福岡県福岡市西区今宿東3880","33.576469","130.282928"
"福岡市今津公民館","福岡県福岡市西区今津2131-3","33.607458","130.25388"
"福岡市立今津小学校　（高潮は校舎３階以上）","福岡県福岡市西区今津4808","33.60787","130.25321"
"福岡市立今津小学校　グラウンド","福岡県福岡市西区今津4808","33.607285","130.253081"
"室見が丘中央公園","福岡県福岡市西区室見が丘2","33.519787","130.318575"
"福岡市立周船寺小学校グラウンド","福岡県福岡市西区周船寺1-22-39","33.569961","130.241675"
"福岡市立周船寺小学校　グラウンド","福岡県福岡市西区周船寺1-22-39","33.570052","130.242092"
"福岡市立周船寺小学校","福岡県福岡市西区周船寺1-22-39","33.570857","130.241496"
"福岡市立西体育館","福岡県福岡市西区拾六町1-13-35","33.566035","130.317442"
"福岡市立壱岐中学校　グラウンド","福岡県福岡市西区拾六町2-16-1","33.562629","130.311845"
"福岡市立壱岐中学校","福岡県福岡市西区拾六町2-16-1","33.563317","130.311753"
"福岡市立壱岐小学校　グラウンド","福岡県福岡市西区拾六町3-21-1","33.563762","130.308781"
"福岡市立壱岐小学校","福岡県福岡市西区拾六町3-21-1","33.564113","130.308665"
"福岡市壱岐公民館","福岡県福岡市西区拾六町団地1-14","33.5648","130.308462"
"福岡市西都公民館","福岡県福岡市西区女原北12-11","33.574974","130.265131"
"福岡市立西都小学校　グラウンド","福岡県福岡市西区女原北12-45","33.575024","130.264712"
"福岡市立西都小学校　（高潮は体育館２階）","福岡県福岡市西区女原北12-45","33.575416","130.265075"
"小戸公園","福岡県福岡市西区小戸2","33.592742","130.314122"
"福岡市内浜公民館　（浸水は２階以上）","福岡県福岡市西区小戸4-11-32","33.58515","130.318836"
"福岡市立小呂小・中学校","福岡県福岡市西区小呂島285","33.869624","130.035918"
"福岡市立小呂小・中学校　グラウンド","福岡県福岡市西区小呂島285","33.869205","130.035934"
"福岡市城原公民館　（浸水・高潮は２階以上）","福岡県福岡市西区上山門1-26-12","33.571087","130.306737"
"福岡市立城原小学校　グラウンド","福岡県福岡市西区上山門1-27-1","33.571042","130.307935"
"福岡市立城原小学校","福岡県福岡市西区上山門1-27-1","33.570666","130.307763"
"福岡市西陵公民館","福岡県福岡市西区上山門3-5-1","33.574923","130.300996"
"生の松原海岸森林公園","福岡県福岡市西区生の松原1","33.58055","130.303754"
"福岡市立西陵中学校　グラウンド","福岡県福岡市西区生の松原3-9-1","33.575799","130.297758"
"福岡市立西陵中学校","福岡県福岡市西区生の松原3-9-1","33.575466","130.297621"
"福岡市立西陵小学校","福岡県福岡市西区生の松原3-9-2","33.574691","130.296779"
"福岡市立西陵小学校　グラウンド","福岡県福岡市西区生の松原3-9-2","33.574852","130.297487"
"生松台中央公園","福岡県福岡市西区生松台3","33.552141","130.298076"
"西の丘中央公園","福岡県福岡市西区西の丘3","33.565895","130.299839"
"福岡市西部地域交流センター（さいとぴあ）","福岡県福岡市西区西都2-1-1","33.577235","130.260362"
"福岡市石丸公民館　（浸水は２階以上）","福岡県福岡市西区石丸2-5-10","33.571714","130.319021"
"福岡市立石丸小学校　（浸水・高潮は校舎２階以上）","福岡県福岡市西区石丸3-9-25","33.572553","130.314856"
"福岡市立石丸小学校　グラウンド","福岡県福岡市西区石丸3-9-25","33.572115","130.314921"
"石丸南公園","福岡県福岡市西区石丸4","33.570693","130.310669"
"福岡市立元岡小学校　グラウンド","福岡県福岡市西区太郎丸1-2-24","33.589658","130.238879"
"福岡市立元岡小学校　（浸水・高潮は校舎２階以上）","福岡県福岡市西区太郎丸1-2-24","33.589806","130.239901"
"福岡市元岡公民館","福岡県福岡市西区太郎丸1-3-41","33.588756","130.239589"
"福岡市立壱岐丘中学校　グラウンド","福岡県福岡市西区大字羽根戸303-1","33.545888","130.313461"
"福岡市立壱岐丘中学校","福岡県福岡市西区大字羽根戸303-1","33.545763","130.312592"
"福岡市北崎公民館","福岡県福岡市西区大字宮浦1978-1","33.641068","130.227627"
"かなたけの里公園","福岡県福岡市西区大字金武","33.525131","130.310837"
"福岡市立金武小学校","福岡県福岡市西区大字金武2028-1","33.533661","130.318669"
"福岡市立金武小学校　グラウンド","福岡県福岡市西区大字金武2028-1","33.533181","130.31875"
"福岡市金武公民館","福岡県福岡市西区大字金武2136-1","33.53434","130.321378"
"元岡公園","福岡県福岡市西区大字元岡4","33.586792","130.219631"
"福岡市玄界公民館　（浸水・土砂・高潮は２階以上）","福岡県福岡市西区大字玄界島21-3","33.68329","130.235039"
"福岡市立玄界小学校　グラウンド","福岡県福岡市西区大字玄界島239","33.685344","130.235469"
"福岡市立玄界小学校・中学校","福岡県福岡市西区大字玄界島239","33.685514","130.235453"
"福岡市立玄界中学校　グラウンド","福岡県福岡市西区大字玄界島314","33.68846","130.236477"
"今津運動公園","福岡県福岡市西区大字今津","33.605877","130.246554"
"福岡市立福岡西陵高等学校　グラウンド","福岡県福岡市西区大字拾六町字広石","33.561131","130.297748"
"福岡市立福岡西陵高等学校","福岡県福岡市西区大字拾六町字広石","33.562374","130.296975"
"福岡市立北崎中学校","福岡県福岡市西区大字小田1383","33.633411","130.221615"
"福岡市立北崎中学校　グラウンド","福岡県福岡市西区大字小田1383","33.633809","130.220628"
"福岡市立北崎小学校　グラウンド","福岡県福岡市西区大字小田1385","33.633356","130.223021"
"福岡市立北崎小学校　（高潮は２階以上）","福岡県福岡市西区大字小田1385","33.633923","130.223075"
"小呂島公園","福岡県福岡市西区大字小呂島","33.864143","130.036006"
"福岡市愛宕浜公民館小呂分館","福岡県福岡市西区大字小呂島61-1","33.863527","130.037449"
"筑前高等学校　グラウンド","福岡県福岡市西区大字千里111-1","33.561992","130.245696"
"福岡市周船寺公民館","福岡県福岡市西区大字飯氏876-1","33.570661","130.248346"
"西部運動公園","福岡県福岡市西区大字飯盛","33.545075","130.319759"
"田尻南公園","福岡県福岡市西区田尻1","33.580378","130.246876"
"福岡市立元岡中学校　グラウンド","福岡県福岡市西区田尻東1-17-1","33.585011","130.252581"
"福岡市立元岡中学校　（高潮は３階以上）","福岡県福岡市西区田尻東1-17-1","33.585418","130.252801"
"玄洋高等学校　グラウンド","福岡県福岡市西区田尻東2-2490","33.58949","130.253482"
"山ノ鼻古墳公園","福岡県福岡市西区徳永北","33.57597","130.259759"
"福岡市立内浜中学校　（浸水・高潮は校舎２階以上）","福岡県福岡市西区内浜1-12-1","33.580242","130.320218"
"福岡市立内浜中学校　グラウンド","福岡県福岡市西区内浜1-12-1","33.579643","130.320971"
"福岡市立西市民センター　（浸水は２階以上・高潮は３階以上）","福岡県福岡市西区内浜1-4-39","33.582993","130.322138"
"福岡市立能古小学校・中学校　グラウンド","福岡県福岡市西区能古357","33.61509","130.308344"
"福岡市立能古小学校・中学校","福岡県福岡市西区能古357","33.615568","130.30837"
"福岡市能古公民館　（高潮は２階以上）","福岡県福岡市西区能古726-9","33.609627","130.307868"
"富士見西公園","福岡県福岡市西区富士見1","33.581159","130.235487"
"田尻中央公園","福岡県福岡市西区富士見2","33.582845","130.242593"
"福岡市立福重小学校　（浸水・高潮は校舎２階以上）","福岡県福岡市西区福重4-25-1","33.572076","130.32569"
"福岡市立福重小学校　グラウンド","福岡県福岡市西区福重4-25-1","33.572434","130.325706"
"福岡市福重公民館　（浸水・高潮は２階以上）","福岡県福岡市西区福重4-25-2","33.572204","130.32501"
"福岡市立姪浜小学校　グラウンド","福岡県福岡市西区姪の浜2-10-6","33.588942","130.32995"
"福岡市立姪浜小学校　（高潮は２階以上）","福岡県福岡市西区姪の浜2-10-6","33.588314","130.32955"
"福岡市立姪北小学校　グラウンド","福岡県福岡市西区姪の浜2-20-23","33.590156","130.32825"
"福岡市立姪北小学校　（高潮は２階以上）","福岡県福岡市西区姪の浜2-20-23","33.590566","130.328461"
"福岡市姪北公民館　（高潮は２階以上）","福岡県福岡市西区姪の浜2-20-28","33.591124","130.327739"
"福岡市立内浜小学校　グラウンド","福岡県福岡市西区姪の浜5-8-8","33.584817","130.322486"
"福岡市立内浜小学校　（浸水は校舎２階以上，高潮は校舎３階以上）","福岡県福岡市西区姪の浜5-8-8","33.585143","130.322754"
"福岡市姪浜公民館　（高潮は２階以上）","福岡県福岡市西区姪浜2-10-6","33.587521","130.329569"
"姪浜中央公園","福岡県福岡市西区姪浜駅南2","33.581018","130.324936"
"野方中央公園","福岡県福岡市西区野方5","33.555312","130.305946"
"福岡市立賀茂小学校","福岡県福岡市早良区賀茂1-31-1","33.552467","130.340122"
"福岡市立賀茂小学校　グラウンド","福岡県福岡市早良区賀茂1-31-1","33.551748","130.34017"
"福岡市賀茂公民館","福岡県福岡市早良区賀茂1-33-7","33.552847","130.340629"
"賀茂中央公園","福岡県福岡市早良区賀茂3","33.549387","130.337996"
"福岡市内野公民館曲渕分館　（浸水・土砂は２階以上）","福岡県福岡市早良区曲渕700-1","33.497785","130.298982"
"福岡市立原中央中学校　グラウンド","福岡県福岡市早良区原1-36-1","33.570792","130.348871"
"福岡市立原中央中学校","福岡県福岡市早良区原1-36-1","33.570922","130.348238"
"福岡市立原小学校　グラウンド","福岡県福岡市早良区原2-5-1","33.568199","130.348358"
"福岡市立原小学校","福岡県福岡市早良区原2-5-1","33.568436","130.349345"
"福岡市原公民館　（高潮は２階以上）","福岡県福岡市早良区原2-5-2","33.568297","130.34989"
"福岡市立高取中学校　グラウンド","福岡県福岡市早良区原3-3-1","33.572328","130.344662"
"福岡市立高取中学校　（浸水・高潮は校舎２階以上）","福岡県福岡市早良区原3-3-1","33.573209","130.344984"
"福岡市立大原小学校　グラウンド","福岡県福岡市早良区原3-8-10","33.570958","130.344257"
"福岡市立大原小学校","福岡県福岡市早良区原3-8-10","33.570616","130.344278"
"福岡市大原公民館　（高潮は２階以上）","福岡県福岡市早良区原4-8-13","33.568645","130.341645"
"福岡市原西公民館","福岡県福岡市早良区原5-12-16","33.564593","130.339765"
"福岡市立原西小学校","福岡県福岡市早良区原5-16-10","33.564681","130.338968"
"福岡市立原西小学校　グラウンド","福岡県福岡市早良区原5-16-10","33.564019","130.338995"
"飯原中央公園","福岡県福岡市早良区原7","33.561272","130.343081"
"福岡市立飯原小学校　グラウンド","福岡県福岡市早良区原7-3-1","33.561677","130.345942"
"福岡市立飯原小学校","福岡県福岡市早良区原7-3-1","33.562316","130.346109"
"福岡市飯原公民館","福岡県福岡市早良区原7-3-21","33.561256","130.346561"
"福岡工業高等学校　グラウンド","福岡県福岡市早良区荒江2-19-1","33.571927","130.355162"
"福岡高等聴覚特別支援学校　グラウンド","福岡県福岡市早良区荒江3-2-2","33.573085","130.353282"
"福岡市高取公民館　（高潮は２階以上）","福岡県福岡市早良区高取1-14-13","33.57959","130.352982"
"福岡市立金武中学校　グラウンド","福岡県福岡市早良区四箇3-1-3","33.527701","130.32391"
"福岡市立金武中学校","福岡県福岡市早良区四箇3-1-3","33.528403","130.323657"
"四箇中央公園","福岡県福岡市早良区四箇6","33.530994","130.330695"
"福岡市立早良体育館","福岡県福岡市早良区四箇6-17-6","33.531804","130.329242"
"福岡市四箇田公民館","福岡県福岡市早良区四箇6-5-26","33.531709","130.332524"
"福岡市立四箇田小学校　グラウンド","福岡県福岡市早良区四箇田団地56-1","33.533366","130.331446"
"福岡市立四箇田小学校","福岡県福岡市早良区四箇田団地56-1","33.533677","130.331294"
"福岡市早良南地域交流センター【ともてらす早良】","福岡県福岡市早良区四箇田団地9-1","33.532829","130.329509"
"福岡市有田公民館","福岡県福岡市早良区次郎丸1-1-6","33.555335","130.332552"
"福岡市立次郎丸中学校　グラウンド","福岡県福岡市早良区次郎丸6-3-1","33.550302","130.33471"
"福岡市立次郎丸中学校","福岡県福岡市早良区次郎丸6-3-1","33.549864","130.334619"
"福岡市室見公民館　（浸水は２階以上）","福岡県福岡市早良区室見3-2-18","33.576642","130.343589"
"福岡市立室見小学校　（浸水・高潮は校舎２階以上）","福岡県福岡市早良区室見3-3-1","33.575222","130.344183"
"福岡市立室見小学校　グラウンド","福岡県福岡市早良区室見3-3-1","33.574811","130.344414"
"福岡市有住公民館","福岡県福岡市早良区室住団地4-1","33.562224","130.328274"
"重留中央公園","福岡県福岡市早良区重留5","33.526615","130.342513"
"福岡市立西福岡中学校　グラウンド","福岡県福岡市早良区小田部3-32-1","33.565079","130.332934"
"福岡市立西福岡中学校","福岡県福岡市早良区小田部3-32-1","33.564538","130.332923"
"小田部中央公園","福岡県福岡市早良区小田部6","33.571563","130.32933"
"福岡市立小田部小学校　グラウンド","福岡県福岡市早良区小田部6-4-1","33.573317","130.328913"
"福岡市立小田部小学校　（浸水・高潮は校舎２階以上）","福岡県福岡市早良区小田部6-4-1","33.573948","130.328796"
"福岡市小田部公民館　（浸水・高潮は２階以上）","福岡県福岡市早良区小田部6-6-10","33.572701","130.329147"
"福岡市立原北中学校　（浸水・高潮は校舎２階以上）","福岡県福岡市早良区小田部7-11-1","33.571913","130.332214"
"福岡市立原北中学校　グラウンド","福岡県福岡市早良区小田部7-11-1","33.571376","130.331973"
"祖原公園","福岡県福岡市早良区昭代1","33.576744","130.357008"
"福岡市立高取小学校","福岡県福岡市早良区昭代2-15-51","33.576949","130.352779"
"福岡市立高取小学校　グラウンド","福岡県福岡市早良区昭代2-15-51","33.576574","130.353004"
"福岡市西新公民館","福岡県福岡市早良区西新2-10-10","33.584477","130.359824"
"修猷館高等学校　グラウンド","福岡県福岡市早良区西新6-1-10","33.583446","130.354915"
"福岡市立西新小学校　グラウンド","福岡県福岡市早良区西新6-4-1","33.586094","130.354494"
"福岡市立西新小学校","福岡県福岡市早良区西新6-4-1","33.585902","130.355439"
"福岡市立早良小学校　グラウンド","福岡県福岡市早良区早良1-8-1","33.505865","130.337184"
"福岡市立早良小学校","福岡県福岡市早良区早良1-8-1","33.505131","130.337409"
"福岡市早良公民館","福岡県福岡市早良区早良2-9-33","33.509392","130.335606"
"福岡市立曲渕小学校　（浸水・土砂は校舎２階以上）","福岡県福岡市早良区大字曲渕713-1","33.497878","130.298511"
"福岡市立曲渕小学校　グラウンド","福岡県福岡市早良区大字曲渕713-1","33.498025","130.297943"
"早良高等学校　グラウンド","福岡県福岡市早良区大字小笠木403","33.489885","130.363048"
"西油山中央公園","福岡県福岡市早良区大字西油山","33.533037","130.349766"
"福岡市脇山公民館　（浸水・土砂は２階以上）","福岡県福岡市早良区大字脇山2474-4","33.486758","130.351555"
"福岡市立脇山小学校　グラウンド","福岡県福岡市早良区大字脇山2558","33.48898","130.353732"
"福岡市立脇山小学校　（浸水・土砂は校舎）","福岡県福岡市早良区大字脇山2558","33.489101","130.352973"
"福岡市立田隈小学校","福岡県福岡市早良区田隈2-7-1","33.544581","130.338531"
"福岡市立田隈小学校　グラウンド","福岡県福岡市早良区田隈2-7-1","33.54421","130.338671"
"福岡歯科大学　グラウンド","福岡県福岡市早良区田村2-15-1","33.543318","130.333026"
"福岡市田村公民館","福岡県福岡市早良区田村3-24-22","33.540807","130.330242"
"福岡市立田村小学校","福岡県福岡市早良区田村3-32-1","33.54171","130.330429"
"福岡市立田村小学校　グラウンド","福岡県福岡市早良区田村3-32-1","33.541307","130.330531"
"福岡市立田隈中学校","福岡県福岡市早良区田村4-25-1","33.540989","130.335733"
"福岡市立田隈中学校　グラウンド","福岡県福岡市早良区田村4-25-1","33.541559","130.335405"
"田村中央公園","福岡県福岡市早良区田村6","33.536877","130.328292"
"福岡市入部公民館","福岡県福岡市早良区東入部2-14-14","33.51845","130.336017"
"早良区役所入部出張所　（浸水・土砂は２階以上）","福岡県福岡市早良区東入部2-14-8","33.518808","130.335986"
"福岡市立入部小学校　グラウンド","福岡県福岡市早良区東入部2-21-15","33.521229","130.337588"
"福岡市立入部小学校　（浸水・土砂は校舎２階以上）","福岡県福岡市早良区東入部2-21-15","33.521522","130.337789"
"内野人権のまちづくり館","福岡県福岡市早良区内野2-3-14","33.500347","130.336893"
"内野中央公園","福岡県福岡市早良区内野3","33.501599","130.342092"
"福岡市立早良中学校　グラウンド","福岡県福岡市早良区内野7-1-1","33.496251","130.345946"
"福岡市立早良中学校　（浸水・土砂は校舎２階以上）","福岡県福岡市早良区内野7-1-1","33.495888","130.346638"
"福岡市内野公民館","福岡県福岡市早良区内野8-1-5","33.497304","130.34037"
"福岡市立内野小学校　グラウンド","福岡県福岡市早良区内野8-15-1","33.493863","130.337776"
"福岡市立内野小学校　（浸水・土砂は校舎２階以上）","福岡県福岡市早良区内野8-15-1","33.493479","130.337564"
"福岡市原北公民館　（浸水・高潮は２階以上）","福岡県福岡市早良区南庄4-4-11","33.573787","130.335007"
"福岡市立原北小学校　グラウンド","福岡県福岡市早良区南庄4-5-40","33.574147","130.33436"
"福岡市立原北小学校　（浸水・高潮は校舎２階以上）","福岡県福岡市早良区南庄4-5-40","33.574545","130.334253"
"背振少年自然の家　（浸水・土砂は管理棟・研修棟）","福岡県福岡市早良区板屋530","33.434587","130.388845"
"福岡市飯倉中央公民館","福岡県福岡市早良区飯倉2-21-1","33.566334","130.353987"
"福岡市立飯倉中央小学校","福岡県福岡市早良区飯倉3-6-35","33.5661","130.351088"
"福岡市立飯倉中央小学校　グラウンド","福岡県福岡市早良区飯倉3-6-35","33.565142","130.35122"
"福岡市立原中学校","福岡県福岡市早良区飯倉4-34-58","33.562735","130.34771"
"福岡市立原中学校　グラウンド","福岡県福岡市早良区飯倉4-34-58","33.562323","130.347619"
"福岡市飯倉公民館","福岡県福岡市早良区飯倉7-29-27","33.557138","130.350539"
"福岡市立飯倉小学校　グラウンド","福岡県福岡市早良区飯倉7-30-9","33.556838","130.349847"
"福岡市立飯倉小学校","福岡県福岡市早良区飯倉7-30-9","33.557602","130.349857"
"福岡市立早良市民センター　（高潮は２階以上）","福岡県福岡市早良区百道2-2-1","33.581655","130.347447"
"福岡市ももち体育館　（高潮は２階以上）","福岡県福岡市早良区百道2-3-15","33.582077","130.347537"
"福岡市立百道小学校　グラウンド","福岡県福岡市早良区百道3-1-1","33.584938","130.346683"
"福岡市立百道小学校","福岡県福岡市早良区百道3-1-1","33.585363","130.347654"
"福岡市百道公民館","福岡県福岡市早良区百道3-1-2","33.584573","130.347853"
"福岡市立百道中学校","福岡県福岡市早良区百道3-18-11","33.586723","130.345361"
"福岡市立百道中学校　グラウンド","福岡県福岡市早良区百道3-18-11","33.587226","130.346552"
"西南学院百道浜校地　グラウンド","福岡県福岡市早良区百道浜1-1","33.590326","130.358696"
"福岡市民防災センター　（高潮は２階以上）","福岡県福岡市早良区百道浜1-3-3","33.589507","130.354983"
"百道中央公園","福岡県福岡市早良区百道浜3","33.588343","130.350821"
"福岡市百道浜公民館　（高潮は２階以上）","福岡県福岡市早良区百道浜3-6-24","33.590554","130.348653"
"福岡市立百道浜小学校　グラウンド","福岡県福岡市早良区百道浜4-24-1","33.591941","130.348855"
"福岡市立百道浜小学校","福岡県福岡市早良区百道浜4-24-1","33.592316","130.348844"
"福岡市田隈公民館","福岡県福岡市早良区野芥2-8-1","33.545223","130.345926"
"福岡市立野芥小学校　グラウンド","福岡県福岡市早良区野芥7-16-1","33.538897","130.341937"
"福岡市立野芥小学校","福岡県福岡市早良区野芥7-16-1","33.539792","130.341915"
"福岡市野芥公民館","福岡県福岡市早良区野芥7-23-20","33.538976","130.341149"
"福岡講倫館高等学校　グラウンド","福岡県福岡市早良区有田3-9-1","33.559495","130.333445"
"福岡市立有住小学校　グラウンド","福岡県福岡市早良区有田7-17-1","33.56057","130.33132"
"福岡市立有住小学校　（浸水は校舎２階以上）","福岡県福岡市早良区有田7-17-1","33.56095","130.331224"
"福岡市立有田小学校　（浸水は校舎２階以上）","福岡県福岡市早良区有田8-17-1","33.557534","130.32856"
"福岡市立有田小学校　グラウンド","福岡県福岡市早良区有田8-17-1","33.557333","130.328906"
"谷人権のまちづくり館","福岡県福岡市早良区脇山2-11-1","33.498265","130.349263"
"福岡市立警固小学校　（浸水は校舎２階以上）","福岡県福岡市中央区警固1-11-1","33.584119","130.393048"
"福岡市立警固小学校　グラウンド","福岡県福岡市中央区警固1-11-1","33.584333","130.39264"
"福岡市警固公民館　（浸水は２階以上，高潮は３階以上）","福岡県福岡市中央区警固1-11-2","33.583539","130.393592"
"福岡市南当仁公民館　（高潮は２階以上）","福岡県福岡市中央区今川2-8-29","33.58565","130.366752"
"福岡市笹丘公民館","福岡県福岡市中央区笹丘1-13-41","33.567179","130.378492"
"福岡市立友泉中学校","福岡県福岡市中央区笹丘1-22-1","33.563717","130.37892"
"福岡市立友泉中学校　グラウンド","福岡県福岡市中央区笹丘1-22-1","33.564048","130.378963"
"福岡市立笹丘小学校","福岡県福岡市中央区笹丘2-25-1","33.566519","130.380702"
"福岡市立笹丘小学校　グラウンド","福岡県福岡市中央区笹丘2-25-1","33.566785","130.381188"
"福岡市春吉公民館　（浸水は２階以上，高潮は３階以上）","福岡県福岡市中央区春吉1-17-13","33.584253","130.406801"
"福岡市立春吉小学校　グラウンド","福岡県福岡市中央区春吉1-17-38","33.584843","130.407277"
"福岡市立春吉小学校","福岡県福岡市中央区春吉1-17-38","33.584434","130.407328"
"小笹中央公園","福岡県福岡市中央区小笹4","33.567437","130.386938"
"舞鶴公園","福岡県福岡市中央区城内","33.58608","130.384398"
"西公園","福岡県福岡市中央区西公園","33.598098","130.37504"
"福岡市赤坂公民館","福岡県福岡市中央区赤坂2-5-126","33.586374","130.38814"
"福岡市立赤坂小学校　（浸水は校舎２階以上，高潮は校舎３階以上）","福岡県福岡市中央区赤坂2-5-20","33.585691","130.387407"
"福岡市立赤坂小学校　グラウンド","福岡県福岡市中央区赤坂2-5-20","33.586013","130.387348"
"福岡市立警固中学校　グラウンド","福岡県福岡市中央区赤坂2-5-23","33.584519","130.385351"
"福岡市立警固中学校　（浸水・高潮は校舎２階以上）","福岡県福岡市中央区赤坂2-5-23","33.585265","130.386242"
"福岡市立中央体育館　（浸水・高潮は２階以上）","福岡県福岡市中央区赤坂2-5-5","33.586305","130.389083"
"福岡市立中央市民センター　（浸水・高潮は２階以上）","福岡県福岡市中央区赤坂2-5-8","33.586191","130.388628"
"赤坂公園","福岡県福岡市中央区赤坂3","33.581601","130.386317"
"福岡市立草ヶ江小学校　グラウンド","福岡県福岡市中央区草香江2-3-5","33.578506","130.374056"
"福岡市立草ヶ江小学校","福岡県福岡市中央区草香江2-3-5","33.579119","130.37367"
"福岡市高宮公民館　（浸水は２階以上）","福岡県福岡市中央区大宮2-2-11","33.576192","130.404793"
"大濠公園","福岡県福岡市中央区大濠公園","33.585984","130.376377"
"福岡市簀子公民館　（高潮は２階以上）","福岡県福岡市中央区大手門3-10-7","33.591135","130.380995"
"福岡市大名公民館","福岡県福岡市中央区大名2-6-53","33.589897","130.394916"
"地行中央公園","福岡県福岡市中央区地行浜1","33.593495","130.360051"
"福岡市立南当仁小学校　グラウンド","福岡県福岡市中央区鳥飼2-4-61","33.584808","130.370403"
"福岡市立南当仁小学校　（浸水は校舎２階以上，高潮は校舎３階以上）","福岡県福岡市中央区鳥飼2-4-61","33.584365","130.370414"
"福岡市庁舎西側広場","福岡県福岡市中央区天神1","33.590058","130.401153"
"天神中央公園","福岡県福岡市中央区天神1","33.590427","130.402954"
"福岡市庁舎１階ロビー","福岡県福岡市中央区天神1-8-1","33.590249","130.401613"
"警固公園","福岡県福岡市中央区天神2","33.588274","130.399302"
"須崎公園","福岡県福岡市中央区天神5","33.596736","130.398785"
"福岡市当仁公民館　（高潮は３階以上）","福岡県福岡市中央区唐人町3-1-11","33.591914","130.371616"
"福岡市立当仁小学校　グラウンド","福岡県福岡市中央区唐人町3-1-45","33.592355","130.371934"
"福岡市立当仁小学校","福岡県福岡市中央区唐人町3-1-45","33.593068","130.371655"
"南公園","福岡県福岡市中央区南公園","33.574146","130.388446"
"福岡市立高宮小学校　グラウンド","福岡県福岡市中央区白金2-15-40","33.576607","130.406067"
"福岡市立高宮小学校　（高潮は校舎３階以上）","福岡県福岡市中央区白金2-15-40","33.577259","130.405622"
"福岡市立舞鶴小・中学校　グラウンド","福岡県福岡市中央区舞鶴2-6-1","33.592474","130.391456"
"福岡市立舞鶴小・中学校　（浸水は校舎２階以上，高潮は校舎３階以上）","福岡県福岡市中央区舞鶴2-6-1","33.593081","130.391214"
"福岡市舞鶴公民館","福岡県福岡市中央区舞鶴2-6-1","33.592196","130.3912"
"浜の町公園","福岡県福岡市中央区舞鶴3","33.591225","130.387151"
"福岡市立福浜小学校　グラウンド","福岡県福岡市中央区福浜1-2-1","33.597243","130.368228"
"福岡市立福浜小学校","福岡県福岡市中央区福浜1-2-1","33.597612","130.368292"
"福岡市福浜公民館　（高潮は３階以上）","福岡県福岡市中央区福浜1-2-2","33.596824","130.368751"
"福岡市立当仁中学校　グラウンド","福岡県福岡市中央区福浜2-7-1","33.59758","130.365007"
"福岡市立当仁中学校","福岡県福岡市中央区福浜2-7-1","33.597855","130.364589"
"福岡県立福岡中央高等学校　グラウンド","福岡県福岡市中央区平尾3-20-57","33.576131","130.396972"
"福岡市立平尾小学校","福岡県福岡市中央区平尾3-29-1","33.575653","130.396242"
"福岡市立平尾小学校　グラウンド","福岡県福岡市中央区平尾3-29-1","33.575438","130.396526"
"福岡市平尾公民館","福岡県福岡市中央区平尾3-29-23","33.574897","130.397042"
"平和中央公園","福岡県福岡市中央区平和5","33.564548","130.392852"
"福岡市立平尾中学校　グラウンド","福岡県福岡市中央区平和5-11-1","33.564826","130.3941"
"福岡市立平尾中学校","福岡県福岡市中央区平和5-11-1","33.565143","130.393804"
"福岡市立小笹小学校　グラウンド","福岡県福岡市中央区平和5-13-1","33.563788","130.393983"
"福岡市立小笹小学校","福岡県福岡市中央区平和5-13-1","33.5639","130.394911"
"福岡市小笹公民館　（浸水・土砂は２階以上）","福岡県福岡市中央区平和5-13-75","33.563687","130.393284"
"薬院北公園","福岡県福岡市中央区薬院2","33.582189","130.394335"
"福岡市草ケ江公民館　（浸水は２階以上）","福岡県福岡市中央区六本松1-11-1","33.579427","130.376756"
"六本松公園","福岡県福岡市中央区六本松4","33.576217","130.378192"
"みどりヶ丘公園","福岡県福岡市東区みどりが丘3","33.646492","130.476516"
"福岡市立和白小学校　グラウンド","福岡県福岡市東区塩浜1-6-1","33.69318","130.420687"
"福岡市立和白小学校　（高潮は校舎２階以上）","福岡県福岡市東区塩浜1-6-1","33.692823","130.4207"
"福岡市立香椎下原小学校　グラウンド","福岡県福岡市東区下原1-4-1","33.670359","130.455004"
"福岡市立香椎下原小学校","福岡県福岡市東区下原1-4-1","33.669551","130.455267"
"福岡市香椎下原公民館　（浸水・土砂は２階以上）","福岡県福岡市東区下原1-4-2","33.670797","130.455811"
"蒲田中公園","福岡県福岡市東区蒲田2","33.635314","130.48446"
"福岡市立筥松小学校　グラウンド","福岡県福岡市東区郷口町16-1","33.616232","130.430374"
"福岡市立筥松小学校　（浸水は校舎２階以上・高潮は３階以上）","福岡県福岡市東区郷口町16-1","33.615955","130.430079"
"福岡市立筥松会館","福岡県福岡市東区原田2-8-25","33.621005","130.430604"
"箱崎公園","福岡県福岡市東区原田4","33.621561","130.44138"
"福岡市立東体育館","福岡県福岡市東区香住ケ丘1-12-2","33.666461","130.436863"
"香住丘高等学校　グラウンド","福岡県福岡市東区香住ケ丘1-26-1","33.66783","130.436038"
"福岡市香住丘公民館","福岡県福岡市東区香住ケ丘1-27-1","33.669996","130.43562"
"福岡市立香椎第二中学校　グラウンド","福岡県福岡市東区香住ケ丘1-8-1","33.667104","130.439266"
"福岡市立香椎第二中学校","福岡県福岡市東区香住ケ丘1-8-1","33.667609","130.438783"
"福岡市立香住丘小学校　グラウンド","福岡県福岡市東区香住ケ丘3-10-1","33.671928","130.438589"
"福岡市立香住丘小学校","福岡県福岡市東区香住ケ丘3-10-1","33.672306","130.43829"
"香住ヶ丘公園","福岡県福岡市東区香住ケ丘4","33.675494","130.43412"
"香椎高等学校　グラウンド","福岡県福岡市東区香椎2-9-1","33.656879","130.445609"
"宮の台中央公園","福岡県福岡市東区香椎3","33.659029","130.455746"
"香椎駅前西公園","福岡県福岡市東区香椎駅前2","33.659939","130.439809"
"福岡市香椎公民館","福岡県福岡市東区香椎駅前2-17-19","33.659643","130.440384"
"福岡市立香椎小学校　（高潮は２階以上）","福岡県福岡市東区香椎駅前3-2-1","33.662856","130.440701"
"福岡市立香椎小学校　グラウンド","福岡県福岡市東区香椎駅前3-2-1","33.662351","130.441072"
"香椎工業高等学校　グラウンド","福岡県福岡市東区香椎駅東2-23-1","33.662159","130.447501"
"福岡市立香椎第三中学校","福岡県福岡市東区香椎駅東3-33-1","33.663376","130.452901"
"福岡市立香椎第三中学校　グラウンド","福岡県福岡市東区香椎駅東3-33-1","33.662728","130.452531"
"照葉の森公園","福岡県福岡市東区香椎照葉1","33.663321","130.425599"
"香椎照葉東公園","福岡県福岡市東区香椎照葉2","33.667566","130.425651"
"福岡市立照葉小学校　グラウンド","福岡県福岡市東区香椎照葉2-2-1","33.668085","130.423901"
"福岡市立照葉小学校・照葉中学校　（高潮は体育館２階）","福岡県福岡市東区香椎照葉2-2-1","33.668451","130.423134"
"福岡市立照葉中学校　グラウンド","福岡県福岡市東区香椎照葉2-2-1","33.667694","130.422893"
"福岡市照葉公民館","福岡県福岡市東区香椎照葉2-2-12","33.667595","130.423785"
"福岡市照葉北公民館","福岡県福岡市東区香椎照葉3-2-1","33.662702","130.422152"
"アイランドシティ中央公園","福岡県福岡市東区香椎照葉4","33.664256","130.420969"
"福岡市総合体育館","福岡県福岡市東区香椎照葉6-1-1","33.667399","130.417349"
"香椎照葉北公園","福岡県福岡市東区香椎照葉7","33.670551","130.422824"
"福岡市立照葉北小学校","福岡県福岡市東区香椎照葉7-5-1","33.668537","130.421555"
"福岡市立照葉北小学校　グラウンド","福岡県福岡市東区香椎照葉7-5-1","33.669448","130.421094"
"福岡市香椎東公民館","福岡県福岡市東区香椎台1-3-7","33.651857","130.454155"
"福岡市立香椎東小学校","福岡県福岡市東区香椎台1-9-1","33.652612","130.456501"
"福岡市立香椎東小学校　グラウンド","福岡県福岡市東区香椎台1-9-1","33.652309","130.455991"
"香椎浜南公園","福岡県福岡市東区香椎浜1","33.65349","130.430706"
"福岡市立千早西小学校　（高潮は２階以上）","福岡県福岡市東区香椎浜1-4-1","33.65166","130.430935"
"福岡市立千早西小学校　グラウンド","福岡県福岡市東区香椎浜1-4-1","33.65228","130.431251"
"福岡市香陵公民館","福岡県福岡市東区香椎浜1-8-7","33.654119","130.432313"
"香椎浜西公園","福岡県福岡市東区香椎浜2","33.653778","130.429381"
"福岡市立城香中学校　グラウンド","福岡県福岡市東区香椎浜2-2-1","33.65255","130.425947"
"福岡市立城香中学校　（高潮は２階以上）","福岡県福岡市東区香椎浜2-2-1","33.653171","130.426142"
"福岡市立香椎浜小学校　グラウンド","福岡県福岡市東区香椎浜2-2-2","33.653565","130.427497"
"福岡市立香椎浜小学校　（高潮は２階以上）","福岡県福岡市東区香椎浜2-2-2","33.652979","130.427796"
"福岡市香椎浜公民館　（高潮は２階以上）","福岡県福岡市東区香椎浜2-4-31","33.654298","130.426122"
"香椎浜北公園","福岡県福岡市東区香椎浜3","33.659561","130.428221"
"香椎浜東公園","福岡県福岡市東区香椎浜4","33.657519","130.433034"
"福岡市立香陵小学校　（高潮は２階以上）","福岡県福岡市東区香椎浜4-3-2","33.655556","130.433251"
"福岡市立香陵小学校　グラウンド","福岡県福岡市東区香椎浜4-3-2","33.655399","130.434204"
"香椎浜公園","福岡県福岡市東区香椎浜ふ頭1","33.651515","130.420235"
"香椎浜中央公園","福岡県福岡市東区香椎浜ふ頭1","33.656234","130.430774"
"みなと１００年公園","福岡県福岡市東区香椎浜ふ頭1","33.649923","130.417652"
"高美台南公園","福岡県福岡市東区高美台2","33.687666","130.445504"
"福岡市和白東公民館　（高潮は２階以上）","福岡県福岡市東区高美台2-1-8","33.68911","130.442242"
"福岡市立和白東小学校","福岡県福岡市東区高美台2-8-1","33.689486","130.446659"
"福岡市立和白東小学校　グラウンド","福岡県福岡市東区高美台2-8-1","33.688968","130.447238"
"上和白中央公園","福岡県福岡市東区高美台4","33.694018","130.443451"
"福岡市立和白中学校　（高潮は校舎２階以上）","福岡県福岡市東区三苫1-10-1","33.695014","130.41894"
"福岡市立和白中学校　グラウンド","福岡県福岡市東区三苫1-10-1","33.694688","130.417599"
"福岡市三苫公民館","福岡県福岡市東区三苫3-3-41","33.699374","130.418616"
"福岡市立三苫小学校　（高潮は校舎２階以上）","福岡県福岡市東区三苫7-2-1","33.705574","130.420402"
"福岡市立三苫小学校　グラウンド","福岡県福岡市東区三苫7-2-1","33.704927","130.420192"
"社領南公園","福岡県福岡市東区社領3","33.609383","130.433168"
"福岡市立若宮小学校","福岡県福岡市東区若宮3-12-1","33.639063","130.446429"
"福岡市立若宮小学校　グラウンド","福岡県福岡市東区若宮3-12-1","33.638612","130.44673"
"福岡市若宮公民館","福岡県福岡市東区若宮3-27-1","33.636098","130.446139"
"九州産業大学グラウンド","福岡県福岡市東区松香台2","33.671422","130.447211"
"福岡市立松崎中学校","福岡県福岡市東区松崎1-52-1","33.637638","130.442943"
"福岡市立松崎中学校　グラウンド","福岡県福岡市東区松崎1-52-1","33.637877","130.442125"
"松崎公園","福岡県福岡市東区松崎2","33.63517","130.439488"
"福岡市立箱崎清松中学校　グラウンド","福岡県福岡市東区松田2-3-1","33.619552","130.441146"
"福岡市立箱崎清松中学校","福岡県福岡市東区松田2-3-1","33.619054","130.440036"
"福岡市立松島会館　（浸水は２階以上）","福岡県福岡市東区松島1-10-17","33.623361","130.434487"
"福岡市立松島小学校　グラウンド","福岡県福岡市東区松島1-39-1","33.626053","130.434746"
"福岡市立松島小学校　（浸水は校舎２階以上，高潮は校舎３階以上）","福岡県福岡市東区松島1-39-1","33.625611","130.435465"
"福岡市松島公民館　（浸水は２階以上）","福岡県福岡市東区松島3-15-11","33.628314","130.434472"
"福岡カンツリー倶楽部（屋外）","福岡県福岡市東区上和白1318-1","33.685612","130.439167"
"城浜公園","福岡県福岡市東区城浜団地","33.64921","130.421147"
"福岡市立城浜小学校　グラウンド","福岡県福岡市東区城浜団地31-1","33.648367","130.422265"
"福岡市立城浜小学校　（高潮は校舎２階以上）","福岡県福岡市東区城浜団地31-1","33.64887","130.422106"
"福岡市城浜公民館　（高潮は２階以上）","福岡県福岡市東区城浜団地32-2","33.649483","130.422119"
"松崎中央公園","福岡県福岡市東区水谷1","33.647957","130.446559"
"福岡市立多々良中学校　（高潮は２階以上）","福岡県福岡市東区水谷1-18-1","33.64673","130.443694"
"福岡市立多々良中学校　グラウンド","福岡県福岡市東区水谷1-18-1","33.64698","130.443022"
"福岡市舞松原公民館","福岡県福岡市東区水谷1-7-13","33.647194","130.446924"
"福岡市西戸崎公民館　（高潮は２階以上）","福岡県福岡市東区西戸崎5-1-1","33.650516","130.352121"
"福岡市立西戸崎小学校　グラウンド","福岡県福岡市東区西戸崎6-3-1","33.653053","130.349722"
"福岡市立西戸崎小学校　（高潮は２階以上）","福岡県福岡市東区西戸崎6-3-1","33.652523","130.350637"
"福岡市青葉公民館","福岡県福岡市東区青葉3-10-8","33.644795","130.463151"
"福岡市立青葉中学校","福岡県福岡市東区青葉3-7-1","33.645554","130.46027"
"福岡市立青葉中学校　グラウンド","福岡県福岡市東区青葉3-7-1","33.646219","130.460264"
"福岡市立青葉小学校","福岡県福岡市東区青葉3-9-1","33.645616","130.462845"
"福岡市立青葉小学校　グラウンド","福岡県福岡市東区青葉3-9-1","33.645942","130.462514"
"青葉山手公園","福岡県福岡市東区青葉4","33.648856","130.466018"
"青葉公園","福岡県福岡市東区青葉4","33.648334","130.462045"
"福岡市立香椎第一中学校　グラウンド","福岡県福岡市東区千早3-12-1","33.652655","130.435705"
"福岡市立香椎第一中学校　（高潮は２階以上）","福岡県福岡市東区千早3-12-1","33.653161","130.435996"
"福岡市立千早小学校　グラウンド","福岡県福岡市東区千早3-13-1","33.652124","130.437328"
"福岡市立千早小学校　（高潮は２階以上）","福岡県福岡市東区千早3-13-1","33.652595","130.437289"
"福岡市千早西公民館　（高潮は２階以上）","福岡県福岡市東区千早3-3-3","33.650032","130.433322"
"千早中央公園","福岡県福岡市東区千早4","33.646831","130.436554"
"福岡市立東市民センター【なみきスクエア】　（高潮は２階以上）","福岡県福岡市東区千早4-21-45","33.650345","130.439129"
"福岡市千早公民館　（高潮は２階以上）","福岡県福岡市東区千早6-2-21-101","33.655109","130.439112"
"福岡市立多々良中央中学校　グラウンド","福岡県福岡市東区多々良1-51-1","33.632435","130.457465"
"福岡市立多々良中央中学校　（浸水・高潮は校舎２階以上）","福岡県福岡市東区多々良1-51-1","33.632122","130.457454"
"福岡市立多々良小学校　グラウンド","福岡県福岡市東区多々良1-56-1","33.63036","130.457835"
"福岡市立多々良小学校　（浸水・高潮は校舎２階以上）","福岡県福岡市東区多々良1-56-1","33.630815","130.457954"
"福岡市多々良公民館","福岡県福岡市東区多々良1-56-2","33.630303","130.458556"
"福岡市立志賀中学校　グラウンド","福岡県福岡市東区大岳4-5-1","33.653941","130.333191"
"福岡市立志賀中学校　（高潮は３階以上）","福岡県福岡市東区大岳4-5-1","33.653559","130.333428"
"三日月山霊園","福岡県福岡市東区大字香椎","33.66721","130.464792"
"福岡市立志賀島小学校　グラウンド","福岡県福岡市東区大字志賀島1566-1","33.66158","130.308258"
"福岡市立志賀島小学校","福岡県福岡市東区大字志賀島1566-1","33.661726","130.307761"
"福岡市志賀公民館　（浸水・土砂は２階以上）","福岡県福岡市東区大字志賀島736-60","33.662885","130.31312"
"福岡市志賀公民館勝馬分館　（浸水・土砂は２階以上）","福岡県福岡市東区大字勝馬1587-2","33.683099","130.297939"
"福岡市立勝馬小学校　グラウンド","福岡県福岡市東区大字勝馬1786","33.686141","130.291539"
"福岡市立勝馬小学校","福岡県福岡市東区大字勝馬1786","33.686403","130.29137"
"海の中道海浜公園","福岡県福岡市東区大字西戸崎","33.657503","130.353801"
"雁の巣レクリエーションセンター","福岡県福岡市東区大字奈多","33.681182","130.398334"
"福岡市奈多公民館","福岡県福岡市東区奈多2-14-2","33.688732","130.411681"
"福岡市立奈多小学校　グラウンド","福岡県福岡市東区奈多団地40-1","33.684335","130.412043"
"福岡市立奈多小学校　（高潮は３階以上）","福岡県福岡市東区奈多団地40-1","33.684793","130.412654"
"福岡市立馬出小学校　グラウンド","福岡県福岡市東区馬出1-12-27","33.609064","130.420886"
"福岡市立馬出小学校　（高潮は２階以上）","福岡県福岡市東区馬出1-12-27","33.60952","130.420671"
"福岡市馬出公民館　（高潮は２階以上）","福岡県福岡市東区馬出1-12-33","33.610216","130.420669"
"九州大学病院地区運動場","福岡県福岡市東区馬出3","33.612715","130.416343"
"福岡市立福岡中学校　グラウンド","福岡県福岡市東区馬出3-11-1","33.612275","130.413676"
"福岡市立福岡中学校　（高潮は３階以上）","福岡県福岡市東区馬出3-11-1","33.612864","130.41403"
"馬出御所ノ内公園","福岡県福岡市東区馬出5","33.612198","130.42495"
"福岡市立馬出会館　（高潮は２階以上）","福岡県福岡市東区馬出5-34-14","33.613808","130.422123"
"筥崎宮（外苑）","福岡県福岡市東区箱崎1","33.614197","130.423412"
"福岡市箱崎公民館","福岡県福岡市東区箱崎1-27-17","33.616961","130.423535"
"福岡市立箱崎会館　（高潮は２階以上）","福岡県福岡市東区箱崎1-36-41","33.617166","130.422961"
"福岡市立箱崎小学校　グラウンド","福岡県福岡市東区箱崎2-2-45","33.616628","130.42064"
"福岡市立箱崎小学校　（高潮は３階以上）","福岡県福岡市東区箱崎2-2-45","33.616748","130.420176"
"福岡市立東箱崎小学校　グラウンド","福岡県福岡市東区箱崎5-11-20","33.628433","130.421305"
"福岡市立東箱崎小学校","福岡県福岡市東区箱崎5-11-20","33.628795","130.420393"
"貝塚公園","福岡県福岡市東区箱崎7","33.632554","130.424684"
"福岡市東箱崎公民館　（浸水は２階以上）","福岡県福岡市東区箱崎7-16-23","33.637202","130.423575"
"福岡市立東箱崎会館","福岡県福岡市東区箱崎7-3-4","33.638226","130.426458"
"汐井公園","福岡県福岡市東区箱崎ふ頭2","33.623689","130.415707"
"箱崎ふ頭記念公園","福岡県福岡市東区箱崎ふ頭5","33.63405","130.418648"
"福岡市立八田小学校　グラウンド","福岡県福岡市東区八田2-15-1","33.636744","130.458327"
"福岡市立八田小学校","福岡県福岡市東区八田2-15-1","33.637011","130.457458"
"福岡市八田公民館　（浸水・高潮は２階以上）","福岡県福岡市東区八田2-16-20","33.636256","130.45813"
"福岡市美和台公民館","福岡県福岡市東区美和台1-3-12","33.701507","130.431661"
"美和台中央公園","福岡県福岡市東区美和台2","33.700975","130.428877"
"福岡市立美和台小学校　グラウンド","福岡県福岡市東区美和台2-25-1","33.700215","130.427271"
"福岡市立美和台小学校","福岡県福岡市東区美和台2-25-1","33.70072","130.42748"
"福岡市立舞松原小学校　グラウンド","福岡県福岡市東区舞松原5-19-1","33.643816","130.452133"
"福岡市立舞松原小学校","福岡県福岡市東区舞松原5-19-1","33.644374","130.452138"
"名島運動公園","福岡県福岡市東区名島2","33.643906","130.424713"
"福岡市名島公民館　（高潮は２階以上）","福岡県福岡市東区名島2-42-26","33.643827","130.427559"
"福岡市立名島小学校","福岡県福岡市東区名島5-5-1","33.640424","130.435167"
"福岡市立名島小学校　グラウンド","福岡県福岡市東区名島5-5-1","33.641226","130.435002"
"福岡市和白公民館","福岡県福岡市東区和白3-28-31","33.690824","130.429287"
"福岡市立和白丘中学校　グラウンド","福岡県福岡市東区和白丘3-13-1","33.696282","130.433406"
"福岡市立和白丘中学校","福岡県福岡市東区和白丘3-13-1","33.696585","130.433004"
"福岡工業大学グラウンド","福岡県福岡市東区和白東3","33.69763","130.440794"
"福岡市筥松公民館　（浸水は２階以上）","福岡県福岡市東区筥松1-21-1","33.615457","130.434126"
"福岡市立箱崎中学校　グラウンド","福岡県福岡市東区筥松4-21-22","33.63581","130.428052"
"福岡市立箱崎中学校","福岡県福岡市東区筥松4-21-22","33.635196","130.42835"
"福岡市立宮竹小学校","福岡県福岡市南区井尻1-1-1","33.557563","130.441404"
"福岡市立宮竹小学校　グラウンド","福岡県福岡市南区井尻1-1-1","33.557169","130.441656"
"福岡市宮竹公民館","福岡県福岡市南区井尻2-4-17","33.558017","130.440809"
"福岡市立塩原小学校　グラウンド","福岡県福岡市南区塩原1-27-1","33.564814","130.431524"
"福岡市立塩原小学校","福岡県福岡市南区塩原1-27-1","33.564402","130.431862"
"福岡市塩原公民館","福岡県福岡市南区塩原1-27-2","33.563767","130.432549"
"塩原中央公園","福岡県福岡市南区塩原2","33.56586","130.425117"
"福岡市立南体育館","福岡県福岡市南区塩原2-8-1","33.565469","130.42382"
"福岡市立南市民センター","福岡県福岡市南区塩原2-8-2","33.564811","130.423734"
"九州大学大橋地区運動場","福岡県福岡市南区塩原4","33.561613","130.430065"
"香蘭女子短期大学　グラウンド","福岡県福岡市南区横手1","33.552039","130.435015"
"福岡市立曰佐小学校　グラウンド","福岡県福岡市南区横手3-42-1","33.543993","130.43756"
"福岡市立曰佐小学校","福岡県福岡市南区横手3-42-1","33.54431","130.437002"
"福岡市立横手中学校　グラウンド","福岡県福岡市南区横手4-16-1","33.547106","130.432848"
"福岡市立横手中学校","福岡県福岡市南区横手4-16-1","33.546359","130.432022"
"福岡市立横手小学校　グラウンド","福岡県福岡市南区横手4-22-1","33.549794","130.436146"
"福岡市立横手小学校","福岡県福岡市南区横手4-22-1","33.549244","130.43591"
"福岡市横手公民館　（浸水は２階以上）","福岡県福岡市南区横手4-24-9","33.548368","130.435355"
"福岡市立東花畑小学校　グラウンド","福岡県福岡市南区屋形原2-23-1","33.537698","130.409215"
"福岡市立東花畑小学校","福岡県福岡市南区屋形原2-23-1","33.53838","130.409244"
"福岡市東花畑公民館","福岡県福岡市南区屋形原2-8-3","33.540483","130.41145"
"福岡市立花畑小学校","福岡県福岡市南区花畑3-34-1","33.533545","130.401546"
"福岡市立花畑小学校　グラウンド","福岡県福岡市南区花畑3-34-1","33.53409","130.401943"
"福岡市花畑公民館","福岡県福岡市南区花畑3-35-6","33.534483","130.402733"
"福岡市西花畑公民館","福岡県福岡市南区花畑4-6-8","33.538558","130.39882"
"福岡市立西花畑小学校　グラウンド","福岡県福岡市南区絵原2-20-1","33.540202","130.396706"
"福岡市立西花畑小学校","福岡県福岡市南区絵原2-20-1","33.539849","130.396814"
"福岡市立花畑中学校","福岡県福岡市南区絵原2-21-1","33.539594","130.397301"
"福岡市立花畑中学校　グラウンド","福岡県福岡市南区絵原2-21-1","33.538735","130.397564"
"福岡市立宮竹中学校　グラウンド","福岡県福岡市南区五十川1-4-1","33.562714","130.434455"
"福岡市立宮竹中学校","福岡県福岡市南区五十川1-4-1","33.563175","130.434251"
"福岡市玉川公民館","福岡県福岡市南区向野1-3-23","33.564319","130.42172"
"福岡市立玉川小学校　（浸水は校舎２階以上）","福岡県福岡市南区向野1-5-1","33.563522","130.421567"
"福岡市立玉川小学校　グラウンド","福岡県福岡市南区向野1-5-1","33.563151","130.421835"
"三月田公園","福岡県福岡市南区高宮1","33.570632","130.408101"
"福岡市立高木小学校　（浸水は校舎２階以上）","福岡県福岡市南区高木3-11-1","33.556137","130.435655"
"福岡市立高木小学校　グラウンド","福岡県福岡市南区高木3-11-1","33.555491","130.435919"
"福岡市高木公民館　（浸水は２階以上）","福岡県福岡市南区高木3-11-7","33.555998","130.436387"
"皿山中央公園","福岡県福岡市南区皿山2","33.543733","130.405007"
"福岡市立三宅小学校　グラウンド","福岡県福岡市南区三宅2-23-1","33.549156","130.426237"
"福岡市立三宅小学校","福岡県福岡市南区三宅2-23-1","33.5495","130.426132"
"福岡市三宅公民館　（浸水は２階以上）","福岡県福岡市南区三宅2-25-42","33.549325","130.427859"
"三宅中央公園","福岡県福岡市南区三宅3","33.550369","130.430558"
"福岡市大池公民館","福岡県福岡市南区寺塚2-9-11","33.558433","130.403586"
"福岡市若久公民館","福岡県福岡市南区若久1-11-20","33.555698","130.412829"
"福岡市立若久小学校　グラウンド","福岡県福岡市南区若久1-12-1","33.555433","130.412004"
"福岡市立若久小学校","福岡県福岡市南区若久1-12-1","33.554928","130.412042"
"福岡市立東若久小学校　グラウンド","福岡県福岡市南区若久3-37-1","33.550738","130.415759"
"福岡市立東若久小学校","福岡県福岡市南区若久3-37-1","33.550193","130.415979"
"福岡市東若久公民館","福岡県福岡市南区若久6-30-12","33.547287","130.414324"
"福岡市立春吉中学校　（浸水は校舎２階以上）","福岡県福岡市南区清水4-21-50","33.566776","130.420853"
"福岡市立春吉中学校　グラウンド","福岡県福岡市南区清水4-21-50","33.566228","130.421472"
"福岡市西長住公民館","福岡県福岡市南区西長住1-10-1","33.548054","130.391085"
"福岡市立西長住小学校","福岡県福岡市南区西長住1-9-20","33.551101","130.389761"
"福岡市立西長住小学校　グラウンド","福岡県福岡市南区西長住1-9-20","33.551549","130.389728"
"鹿助公園","福岡県福岡市南区西長住2","33.550441","130.393241"
"福岡市長住公民館","福岡県福岡市南区西長住2-4-3","33.549047","130.393828"
"福岡市立大池小学校　グラウンド","福岡県福岡市南区多賀2-8-1","33.558766","130.410319"
"福岡市立大池小学校","福岡県福岡市南区多賀2-8-1","33.559338","130.409734"
"福岡市立三宅中学校　グラウンド","福岡県福岡市南区大橋3-18-1","33.552671","130.432944"
"福岡市立三宅中学校","福岡県福岡市南区大橋3-18-1","33.553513","130.4335"
"上水公園","福岡県福岡市南区大池2","33.561756","130.408977"
"福岡市大楠公民館　（浸水・高潮は２階以上）","福岡県福岡市南区大楠1-22-13","33.572732","130.416526"
"福岡市立大楠小学校　（浸水・高潮は校舎２階以上）","福岡県福岡市南区大楠3-10-1","33.570865","130.414303"
"福岡市立大楠小学校　グラウンド","福岡県福岡市南区大楠3-10-1","33.570709","130.414673"
"福岡市立高宮中学校　グラウンド","福岡県福岡市南区大楠3-11-1","33.57148","130.412444"
"福岡市立高宮中学校　（浸水・高潮は校舎２階以上）","福岡県福岡市南区大楠3-11-1","33.57186","130.412128"
"筑紫が丘中央公園","福岡県福岡市南区筑紫丘2","33.557186","130.419277"
"福岡市立野間中学校","福岡県福岡市南区筑紫丘2-2-1","33.558441","130.418171"
"福岡市立野間中学校　グラウンド","福岡県福岡市南区筑紫丘2-2-1","33.558026","130.418428"
"福岡市筑紫丘公民館","福岡県福岡市南区筑紫丘2-22-15","33.555471","130.419555"
"福岡市立筑紫丘中学校　グラウンド","福岡県福岡市南区筑紫丘2-28-1","33.556212","130.421367"
"福岡市立筑紫丘中学校","福岡県福岡市南区筑紫丘2-28-1","33.556534","130.420176"
"福岡市長丘公民館","福岡県福岡市南区長丘2-22-23","33.55652","130.396283"
"福岡市立長丘小学校　グラウンド","福岡県福岡市南区長丘2-22-42","33.556908","130.396915"
"福岡市立長丘小学校","福岡県福岡市南区長丘2-22-42","33.557221","130.396754"
"福岡市立長丘中学校　グラウンド","福岡県福岡市南区長丘2-26-1","33.557107","130.3948"
"福岡市立長丘中学校","福岡県福岡市南区長丘2-26-1","33.557563","130.394521"
"長丘中公園","福岡県福岡市南区長丘3","33.554967","130.39442"
"福岡市立長住小学校　グラウンド","福岡県福岡市南区長住4-5-39","33.547739","130.39516"
"福岡市立長住小学校","福岡県福岡市南区長住4-5-39","33.548164","130.394999"
"長住中央公園","福岡県福岡市南区長住5","33.546042","130.397747"
"福岡市立鶴田小学校　グラウンド","福岡県福岡市南区鶴田3-7-1","33.528542","130.412184"
"福岡市立鶴田小学校","福岡県福岡市南区鶴田3-7-1","33.528158","130.412007"
"福岡市鶴田公民館","福岡県福岡市南区鶴田4-51-30","33.529536","130.411211"
"福岡市曰佐公民館　（浸水は２階以上）","福岡県福岡市南区的場2-17-6","33.54","130.4325"
"福岡市立筑紫丘小学校　グラウンド","福岡県福岡市南区南大橋1-13-1","33.55475","130.420791"
"福岡市立筑紫丘小学校","福岡県福岡市南区南大橋1-13-1","33.554551","130.421064"
"福岡市立曰佐中学校　グラウンド","福岡県福岡市南区日佐3-7-1","33.536483","130.438431"
"福岡市立曰佐中学校","福岡県福岡市南区日佐3-7-1","33.53713","130.438168"
"福岡市立柏原中学校　グラウンド","福岡県福岡市南区柏原1-8-1","33.530721","130.40231"
"福岡市立柏原中学校","福岡県福岡市南区柏原1-8-1","33.531289","130.402224"
"柏原中央公園","福岡県福岡市南区柏原4","33.525112","130.393984"
"福岡市柏原公民館","福岡県福岡市南区柏原4-19-6","33.527034","130.397651"
"柏陵高等学校　グラウンド","福岡県福岡市南区柏原4-47-1","33.521841","130.395509"
"福岡市立柏原小学校","福岡県福岡市南区柏原5-21-1","33.52811","130.391428"
"福岡市立柏原小学校　グラウンド","福岡県福岡市南区柏原5-21-1","33.52841","130.392233"
"桧原運動公園","福岡県福岡市南区桧原5","33.532709","130.390524"
"福岡市立西高宮小学校","福岡県福岡市南区平和1-6-55","33.56994","130.40256"
"福岡市立西高宮小学校　グラウンド","福岡県福岡市南区平和1-6-55","33.569681","130.402743"
"福岡市西高宮公民館","福岡県福岡市南区平和1-7-16","33.568249","130.40273"
"平尾霊園","福岡県福岡市南区平和4","33.565318","130.397599"
"筑紫丘高等学校　グラウンド","福岡県福岡市南区野間2-13-1","33.56057","130.418056"
"福岡市立野多目小学校","福岡県福岡市南区野多目2-6-1","33.540636","130.424659"
"福岡市立野多目小学校　グラウンド","福岡県福岡市南区野多目2-6-1","33.541137","130.424482"
"福岡市野多目公民館","福岡県福岡市南区野多目2-8-12","33.54065","130.423703"
"野多目中央公園","福岡県福岡市南区野多目4","33.538593","130.424036"
"福岡市立福翔高等学校","福岡県福岡市南区野多目5-31-1","33.539856","130.415594"
"福岡市立福翔高等学校　グラウンド","福岡県福岡市南区野多目5-31-1","33.53868","130.415637"
"福岡市立弥永西小学校　グラウンド","福岡県福岡市南区弥永2-10-1","33.525747","130.430045"
"福岡市立弥永西小学校　（浸水は校舎２階以上）","福岡県福岡市南区弥永2-10-1","33.526123","130.429927"
"福岡市弥永西公民館　（浸水は２階以上）","福岡県福岡市南区弥永2-14-1","33.525605","130.429292"
"福岡市立弥永小学校　グラウンド","福岡県福岡市南区弥永4-2-1","33.528927","130.435383"
"福岡市立弥永小学校","福岡県福岡市南区弥永4-2-1","33.52937","130.435303"
"弥永中央公園","福岡県福岡市南区弥永団地30","33.532207","130.437633"
"福岡市弥永公民館","福岡県福岡市南区弥永団地30-1","33.532003","130.437986"
"福岡市老司公民館","福岡県福岡市南区老司3-1-8","33.535436","130.422768"
"福岡市立老司小学校","福岡県福岡市南区老司3-2-1","33.534995","130.422087"
"福岡市立老司小学校　グラウンド","福岡県福岡市南区老司3-2-1","33.534543","130.422065"
"福岡市立老司中学校","福岡県福岡市南区老司3-37-1","33.531295","130.417538"
"福岡市立老司中学校　グラウンド","福岡県福岡市南区老司3-37-1","33.531036","130.417913"
"福岡市立板付中学校　グラウンド","福岡県福岡市博多区井相田2-1-20","33.554535","130.463418"
"福岡市立板付中学校　（浸水は校舎２階以上）","福岡県福岡市博多区井相田2-1-20","33.555018","130.463306"
"福岡市立東月隈会館","福岡県福岡市博多区浦田1-20-1","33.57723","130.474655"
"大浜公園","福岡県福岡市博多区下呉服町","33.603412","130.407856"
"福岡市大浜公民館　（高潮は２階以上）","福岡県福岡市博多区下呉服町10-15","33.60302","130.407668"
"福岡市吉塚公民館　（浸水・高潮は２階以上）","福岡県福岡市博多区吉塚2-21-15","33.602448","130.428113"
"福岡市立吉塚小学校　（浸水・高潮は校舎２階以上）","福岡県福岡市博多区吉塚2-21-54","33.602087","130.427902"
"福岡市立吉塚小学校　グラウンド","福岡県福岡市博多区吉塚2-21-54","33.601613","130.428463"
"福岡市立吉塚中学校","福岡県福岡市博多区吉塚5-10-6","33.604631","130.431902"
"福岡市立吉塚中学校　グラウンド","福岡県福岡市博多区吉塚5-10-6","33.60388","130.43225"
"福岡市立吉塚会館　（高潮は２階以上）","福岡県福岡市博多区吉塚5-15-3","33.602933","130.42859"
"福岡市東吉塚公民館　（浸水・高潮は２階以上）","福岡県福岡市博多区吉塚6-6-10","33.606616","130.429579"
"福岡市立東吉塚小学校　グラウンド","福岡県福岡市博多区吉塚6-8-11","33.606432","130.428579"
"福岡市立東吉塚小学校","福岡県福岡市博多区吉塚6-8-11","33.606896","130.428069"
"福岡市立東吉塚会館　（浸水・高潮は２階以上）","福岡県福岡市博多区吉塚本町10-24","33.605942","130.425404"
"福岡市席田公民館","福岡県福岡市博多区空港前3-19-32","33.596313","130.454464"
"福岡市立席田小学校　グラウンド","福岡県福岡市博多区空港前4-17-1","33.595233","130.454337"
"福岡市立席田小学校","福岡県福岡市博多区空港前4-17-1","33.595988","130.454155"
"福岡市月隈公民館","福岡県福岡市博多区月隈3-27-3","33.57256","130.465113"
"福岡市立月隈小学校　グラウンド","福岡県福岡市博多区月隈3-30-1","33.573472","130.465956"
"福岡市立月隈小学校","福岡県福岡市博多区月隈3-30-1","33.573762","130.465651"
"上月隈中央公園","福岡県福岡市博多区月隈5","33.567668","130.463274"
"福岡市立月隈会館","福岡県福岡市博多区月隈6-23-17","33.569231","130.46907"
"福岡高等学校　グラウンド","福岡県福岡市博多区堅粕1-29-1","33.599046","130.418961"
"福岡市立那珂南小学校　グラウンド","福岡県福岡市博多区元町3-1-1","33.540538","130.464682"
"福岡市立那珂南小学校","福岡県福岡市博多区元町3-1-1","33.540922","130.464349"
"福岡市那珂南公民館","福岡県福岡市博多区元町3-1-2","33.540981","130.465359"
"福岡市立那珂南会館","福岡県福岡市博多区光丘町1-2-1","33.540086","130.465319"
"三筑公園","福岡県福岡市博多区三筑1","33.552825","130.454816"
"福岡市立三筑中学校　グラウンド","福岡県福岡市博多区三筑1-10-1","33.551337","130.454842"
"福岡市立三筑中学校","福岡県福岡市博多区三筑1-10-1","33.550764","130.4554"
"福岡市立三筑小学校　グラウンド","福岡県福岡市博多区三筑2-9-1","33.549115","130.45597"
"福岡市立三筑小学校","福岡県福岡市博多区三筑2-9-1","33.549432","130.455718"
"福岡市三筑公民館","福岡県福岡市博多区三筑2-9-4","33.548383","130.455968"
"山王公園","福岡県福岡市博多区山王1","33.582602","130.432247"
"福岡市立博多市民センター　（高潮は２階以上）","福岡県福岡市博多区山王1-13-10","33.582398","130.433686"
"福岡市立博多体育館　（高潮は２階以上）","福岡県福岡市博多区山王1-9-5","33.582889","130.433449"
"住吉公園","福岡県福岡市博多区住吉4","33.584042","130.416163"
"旧福岡市立住吉小学校　グラウンド","福岡県福岡市博多区住吉4-18-1","33.582982","130.412546"
"旧福岡市立住吉小学校","福岡県福岡市博多区住吉4-18-1","33.582911","130.412063"
"精華女子高等学校　グラウンド","福岡県福岡市博多区住吉4-19-1","33.582803","130.412666"
"福岡市住吉公民館　（浸水・高潮は２階以上）","福岡県福岡市博多区住吉5-6-1","33.582621","130.416409"
"福岡市立弥生会館　（浸水は２階以上）","福岡県福岡市博多区諸岡1-18-11","33.562886","130.44763"
"諸岡中央公園","福岡県福岡市博多区諸岡6","33.549948","130.452421"
"福岡市立三筑会館","福岡県福岡市博多区諸岡6-31-31","33.549802","130.453199"
"福岡市御供所公民館","福岡県福岡市博多区上呉服町2-27","33.597296","130.41177"
"冷泉公園","福岡県福岡市博多区上川端町","33.594502","130.408789"
"福岡市冷泉公民館　（高潮は２階以上）","福岡県福岡市博多区上川端町6-25","33.59364","130.409177"
"旧福岡市立冷泉小学校　グラウンド","福岡県福岡市博多区上川端町6-38","33.593552","130.409639"
"福岡市千代公民館　（高潮は２階以上）","福岡県福岡市博多区千代1-20-11","33.602182","130.41561"
"福岡市立千代中学校　グラウンド","福岡県福岡市博多区千代4-17-47","33.604706","130.411737"
"福岡市立千代中学校","福岡県福岡市博多区千代4-17-47","33.605222","130.412123"
"千代北公園","福岡県福岡市博多区千代5","33.607266","130.411227"
"福岡市立博多中学校　グラウンド","福岡県福岡市博多区対馬小路13-40","33.598823","130.401037"
"福岡市立博多中学校","福岡県福岡市博多区対馬小路13-40","33.598202","130.400983"
"大井北公園","福岡県福岡市博多区大井1","33.604966","130.442797"
"大井中央公園","福岡県福岡市博多区大井1","33.60366","130.441439"
"榎田中央公園","福岡県福岡市博多区大字堅粕","33.600317","130.437992"
"福岡サンパレス（前広場）","福岡県福岡市博多区築港本町","33.603205","130.40244"
"博多ふ頭緑地","福岡県福岡市博多区築港本町","33.605012","130.396933"
"那珂中央公園","福岡県福岡市博多区竹下5","33.568795","130.43551"
"福岡市立東月隈小学校　グラウンド","福岡県福岡市博多区東月隈4-17-1","33.574373","130.472882"
"福岡市立東月隈小学校","福岡県福岡市博多区東月隈4-17-1","33.574967","130.473333"
"福岡市東月隈公民館","福岡県福岡市博多区東月隈4-3-1","33.578813","130.473313"
"月隈公園","福岡県福岡市博多区東月隈5","33.574565","130.469121"
"福岡市立東光中学校　グラウンド","福岡県福岡市博多区東光2-15-1","33.59393","130.427444"
"福岡市立東光中学校","福岡県福岡市博多区東光2-15-1","33.593492","130.427186"
"福岡市立東光会館　（浸水・高潮は２階以上）","福岡県福岡市博多区東光2-20-10","33.594369","130.429158"
"東公園","福岡県福岡市博多区東公園5","33.605974","130.420364"
"福岡市立千代小学校","福岡県福岡市博多区東公園8-1","33.604108","130.417629"
"福岡市立千代小学校　グラウンド","福岡県福岡市博多区東公園8-1","33.603814","130.41787"
"福岡市民体育館　（高潮は２階以上）","福岡県福岡市博多区東公園8-2","33.603587","130.416508"
"福岡市立那珂会館　（浸水は２階以上）","福岡県福岡市博多区東那珂1-13-9","33.575958","130.439868"
"福岡市立東光小学校　（浸水・高潮は校舎２階以上）","福岡県福岡市博多区東比恵2-21-1","33.591955","130.431278"
"福岡市立東光小学校　グラウンド","福岡県福岡市博多区東比恵2-21-1","33.59183","130.431627"
"福岡市東光公民館","福岡県福岡市博多区東比恵2-21-22","33.59195","130.43215"
"東福岡高等学校　グラウンド","福岡県福岡市博多区東比恵2-24-1","33.593842","130.431938"
"福岡市立席田会館","福岡県福岡市博多区東平尾2-20-1","33.586114","130.458356"
"福岡市立席田中学校","福岡県福岡市博多区東平尾3-3-1","33.581935","130.459828"
"福岡市立席田中学校　グラウンド","福岡県福岡市博多区東平尾3-3-1","33.581345","130.460456"
"東平尾公園","福岡県福岡市博多区東平尾公園1","33.586649","130.462661"
"福岡市立博多小学校　（高潮は校舎２階以上）","福岡県福岡市博多区奈良屋町1-38","33.599496","130.406587"
"福岡市立博多小学校　グラウンド","福岡県福岡市博多区奈良屋町1-38","33.599103","130.406627"
"福岡市奈良屋公民館　（高潮は２階以上）","福岡県福岡市博多区奈良屋町1-6","33.598826","130.407088"
"福岡市立那珂中学校　グラウンド","福岡県福岡市博多区那珂2-18-1","33.567408","130.43789"
"福岡市立那珂中学校","福岡県福岡市博多区那珂2-18-1","33.567882","130.437772"
"福岡市立那珂小学校　グラウンド","福岡県福岡市博多区那珂3-10-1","33.569537","130.439133"
"福岡市立那珂小学校","福岡県福岡市博多区那珂3-10-1","33.570453","130.439141"
"福岡市那珂公民館","福岡県福岡市博多区那珂3-10-2","33.569394","130.439675"
"福岡市立弥生小学校","福岡県福岡市博多区那珂4-9-1","33.569007","130.446753"
"福岡市立弥生小学校　グラウンド","福岡県福岡市博多区那珂4-9-1","33.569491","130.446315"
"福岡市弥生公民館","福岡県福岡市博多区那珂4-9-2","33.569094","130.447566"
"ららぽーと福岡　屋外広場","福岡県福岡市博多区那珂6","33.564804","130.438584"
"福岡市博多南地域交流センター【さざんぴあ博多】","福岡県福岡市博多区南本町2-3-1","33.546891","130.461254"
"出来町公園","福岡県福岡市博多区博多駅前1","33.593595","130.417158"
"藤田公園","福岡県福岡市博多区博多駅前2","33.590968","130.414458"
"明治公園","福岡県福岡市博多区博多駅前3","33.588398","130.417518"
"人参公園","福岡県福岡市博多区博多駅前4","33.58596","130.418663"
"東領公園","福岡県福岡市博多区博多駅前4","33.58035","130.420553"
"福岡市東住吉公民館　（浸水・高潮は２階以上）","福岡県福岡市博多区博多駅前4-11-12","33.586353","130.4184"
"福岡市立堅粕小学校　グラウンド","福岡県福岡市博多区博多駅東1-8-1","33.592881","130.422545"
"福岡市立堅粕小学校　（高潮は校舎２階以上）","福岡県福岡市博多区博多駅東1-8-1","33.593176","130.422352"
"福岡市堅粕公民館","福岡県福岡市博多区博多駅東1-8-2","33.592444","130.422747"
"中比恵公園","福岡県福岡市博多区博多駅東2","33.588129","130.426218"
"音羽公園","福岡県福岡市博多区博多駅南1","33.586832","130.421308"
"福岡市立東住吉中学校　（浸水・高潮は校舎２階以上）","福岡県福岡市博多区博多駅南2-5-1","33.584863","130.423697"
"福岡市立東住吉中学校　グラウンド","福岡県福岡市博多区博多駅南2-5-1","33.584528","130.42397"
"福岡市立東住吉小学校　グラウンド","福岡県福岡市博多区博多駅南2-6-1","33.583601","130.422829"
"福岡市立東住吉小学校","福岡県福岡市博多区博多駅南2-6-1","33.584008","130.422764"
"福岡市春住公民館　（高潮は２階以上）","福岡県福岡市博多区博多駅南3-11-30","33.581373","130.426208"
"福岡市立春住小学校","福岡県福岡市博多区博多駅南5-3-1","33.579195","130.426736"
"福岡市立春住小学校　グラウンド","福岡県福岡市博多区博多駅南5-3-1","33.578583","130.426961"
"福岡市立板付会館","福岡県福岡市博多区麦野1-1-5","33.554754","130.455092"
"福岡市板付公民館","福岡県福岡市博多区麦野1-29-12","33.553646","130.458973"
"福岡市立板付小学校","福岡県福岡市博多区麦野2-3-1","33.555688","130.45817"
"福岡市立板付小学校　グラウンド","福岡県福岡市博多区麦野2-3-1","33.556336","130.457778"
"福岡市立板付北会館　（浸水は２階以上）","福岡県福岡市博多区板付2-13-25","33.565872","130.454099"
"福岡市板付北公民館　（浸水は２階以上）","福岡県福岡市博多区板付2-2-20","33.567219","130.449813"
"福岡市立板付北小学校　（浸水は校舎２階以上）","福岡県福岡市博多区板付2-2-20","33.567387","130.450518"
"福岡市立板付北小学校　グラウンド","福岡県福岡市博多区板付2-2-20","33.566947","130.45109"
"板付中公園","福岡県福岡市博多区板付6","33.560699","130.457891"
"福岡市美野島公民館　（浸水・高潮は２階以上）","福岡県福岡市博多区美野島2-6-11","33.579656","130.418787"
"美野島公園","福岡県福岡市博多区美野島3","33.577833","130.421317"
"福岡市立住吉小・中学校","福岡県福岡市博多区美野島3-22-7","33.576672","130.417309"
"福岡市立住吉小・中学校　グラウンド","福岡県福岡市博多区美野島3-22-7","33.576802","130.417867"
"見六集会所","福岡県福智町伊方1005-1","33.694618","130.802757"
"中原集会所","福岡県福智町伊方2159-1","33.688448","130.80342"
"野添集会所","福岡県福智町伊方2288-1","33.683152","130.798627"
"大黒団地集会所","福岡県福智町伊方2425","33.681546","130.802558"
"東ヶ丘集会所","福岡県福智町伊方2476-29","33.685465","130.806286"
"東長浦団地集会所","福岡県福智町伊方2490-1","33.682791","130.803518"
"古門団地集会所","福岡県福智町伊方2753-1","33.673634","130.80566"
"東古門公民館","福岡県福智町伊方2972-5","33.671893","130.803976"
"前村集会所","福岡県福智町伊方3271-1","33.679035","130.795568"
"西古門集会所","福岡県福智町伊方3309-1","33.676732","130.797646"
"犬星集会所","福岡県福智町伊方3647-2","33.678952","130.790773"
"福智町立方城中学校グラウンド","福岡県福智町伊方3862","33.680029","130.795041"
"福智町立伊方小学校グラウンド","福岡県福智町伊方3922","33.680839","130.795771"
"後谷集会所","福岡県福智町伊方3978-1","33.682012","130.793814"
"鶴ヶ丘公民館","福岡県福智町伊方4000-36","33.683331","130.796684"
"新門下集会所","福岡県福智町伊方4134-1","33.68839","130.798582"
"新門上集会所","福岡県福智町伊方4222-1","33.690001","130.80076"
"湧渕団地集会所","福岡県福智町伊方4474-10","33.689815","130.796924"
"萩ヶ原団地集会所","福岡県福智町伊方4474-17","33.690011","130.797182"
"福智町方城グラウンド","福岡県福智町伊方4478-4","33.687385","130.795943"
"八幡町大正町集会所","福岡県福智町伊方4500-27","33.683791","130.794764"
"東区公民館","福岡県福智町伊方4510-140","33.68438","130.793239"
"職員区集会所","福岡県福智町伊方4615-1","33.681169","130.78941"
"山の手集会所","福岡県福智町伊方4753-1","33.687726","130.793759"
"福智町立金田義務教育学校グラウンド","福岡県福智町金田1283","33.684456","130.772023"
"上金田集会所","福岡県福智町金田313","33.672463","130.78613"
"平原公民館","福岡県福智町金田60-1","33.667994","130.788972"
"猿田集会所","福岡県福智町市場17-7","33.701345","130.766671"
"福智町立市場小学校グラウンド","福岡県福智町市場334","33.705346","130.765965"
"福智町立赤池中学校グラウンド","福岡県福智町市場336","33.703133","130.76461"
"第７区集会所","福岡県福智町市場711","33.705745","130.761172"
"市場教育集会所","福岡県福智町市場876-1","33.704621","130.758678"
"福智町立上野小学校グラウンド","福岡県福智町上野2622","33.712722","130.775354"
"第５区集会所","福岡県福智町上野4029","33.715248","130.765105"
"ふれあいスポーツ公園多目的広場","福岡県福智町神崎1098-1","33.678058","130.755298"
"神崎二公民館","福岡県福智町神崎1243","33.679598","130.766359"
"福吉公民館","福岡県福智町神崎1533-1","33.68116","130.75893"
"笹尾公民館","福岡県福智町神崎1534","33.684371","130.761232"
"神崎三公民館","福岡県福智町神崎1994-2","33.667097","130.775758"
"旧福智町立金田中学校グラウンド","福岡県福智町神崎918","33.67317","130.765376"
"神崎一公民館","福岡県福智町神崎969","33.676531","130.768102"
"生力ＮＴ集会所","福岡県福智町赤池1017-145","33.70071","130.760643"
"第１２区集会所","福岡県福智町赤池1158-3","33.697355","130.771628"
"第１４区集会所","福岡県福智町赤池205-11","33.691812","130.768951"
"第１３区集会所","福岡県福智町赤池296-2","33.693383","130.769493"
"第２２区集会所","福岡県福智町赤池367-272","33.691275","130.758699"
"第１５区集会所","福岡県福智町赤池371-144","33.688594","130.759162"
"高尾集会所","福岡県福智町赤池371-77","33.688161","130.762202"
"第１８区集会所","福岡県福智町赤池427-2","33.69258","130.765453"
"赤池ＮＴ集会所","福岡県福智町赤池510-42","33.696818","130.760383"
"２０区公民館","福岡県福智町赤池521-55","33.694552","130.762127"
"第１０区集会所","福岡県福智町赤池919-1","33.697356","130.769375"
"福智町赤池グラウンド","福岡県福智町赤池970-7","33.697896","130.76627"
"緑ヶ丘ＮＴ集会所","福岡県福智町赤池971-1","33.697439","130.763167"
"上弁城集会所","福岡県福智町弁城1126-1","33.710171","130.794834"
"浄万寺集会所","福岡県福智町弁城1749-2","33.701759","130.794225"
"福智町立弁城小学校グラウンド","福岡県福智町弁城1936","33.700264","130.788053"
"久六集会所","福岡県福智町弁城2180-1","33.693765","130.794906"
"松原集会所","福岡県福智町弁城2338-4","33.69102","130.793952"
"春田集会所","福岡県福智町弁城2474-1","33.691893","130.789064"
"宝珠集会所","福岡県福智町弁城2553-1","33.687561","130.786969"
"草場集会所","福岡県福智町弁城2687-11","33.685557","130.788466"
"二川田集会所","福岡県福智町弁城2987-1","33.687717","130.780398"
"迫集会所","福岡県福智町弁城3349-1","33.692184","130.780445"
"新町集会所","福岡県福智町弁城3812-2","33.700054","130.787321"
"宮司コミュニティセンター","福岡県福津市宮司浜2-15-1","33.77747","130.475483"
"健康福祉総合センター「ふくとぴあ」","福岡県福津市手光南2-1-1","33.770214","130.493278"
"あんずの里農林漁業体験実習館","福岡県福津市勝浦1667-1","33.829515","130.491708"
"福間小学校","福岡県福津市西福間2-4-1","33.765265","130.477821"
"福津市文化会館「カメリアホール」","福岡県福津市津屋崎1-7-2","33.786091","130.470015"
"福間東中学校","福岡県福津市津丸663","33.764119","130.512304"
"神興小学校","福岡県福津市東福間6-4-1","33.778262","130.512327"
"上西郷小学校","福岡県福津市内殿591-4","33.75634","130.517896"
"福間南小学校","福岡県福津市日蒔野4-11-2","33.75958","130.488864"
"福岡県立青豊高校（体育館）","福岡県豊前市青豊3-1","33.615713","131.132185"
"福岡県立青豊高校（多目的ホール）","福岡県豊前市青豊3-1","33.615172","131.131131"
"合岩小学校（体育館）","福岡県豊前市大字下河内81-9","33.55991","131.089762"
"合河公民館","福岡県豊前市大字下川底304-1","33.558824","131.093083"
"合岩中学校（体育館）","福岡県豊前市大字下川底32","33.557973","131.091521"
"千束中学校（体育館）","福岡県豊前市大字吉木1122-1","33.60428","131.129091"
"豊前市役所","福岡県豊前市大字吉木955","33.611524","131.130276"
"黒土公民館","福岡県豊前市大字久路土1180-1","33.592732","131.136459"
"黒土小学校（体育館）","福岡県豊前市大字久路土1191-1","33.593244","131.135069"
"三毛門公民館","福岡県豊前市大字三毛門914-4","33.610931","131.15353"
"三毛門小学校（体育館）","福岡県豊前市大字三毛門976-1","33.610466","131.153166"
"道の駅豊前おこしかけ","福岡県豊前市大字四郎丸1041-1","33.61401","131.101006"
"山田公民館","福岡県豊前市大字四郎丸263","33.605398","131.100906"
"山田小学校（体育館）","福岡県豊前市大字四郎丸417-2","33.608285","131.101095"
"八屋中学校（体育館）","福岡県豊前市大字赤熊1363-1","33.619154","131.129815"
"宇島公民館","福岡県豊前市大字赤熊484-1","33.621488","131.136581"
"宇島小学校（体育館）","福岡県豊前市大字赤熊750","33.62003","131.134838"
"千束公民館","福岡県豊前市大字千束167","33.60169","131.127391"
"千束小学校（体育館）","福岡県豊前市大字千束75","33.59921","131.127697"
"岩屋活性化センター（体育館）","福岡県豊前市大字大河内301-3","33.557578","131.06472"
"大村小学校（体育館）","福岡県豊前市大字大村1524","33.602342","131.111085"
"大村公民館","福岡県豊前市大字大村1780","33.602919","131.111809"
"角田中学校（体育館）","福岡県豊前市大字中村392","33.625832","131.085932"
"角田公民館","福岡県豊前市大字中村412-2","33.624817","131.086024"
"角田小学校（体育館）","福岡県豊前市大字中村943-1","33.623965","131.085723"
"八屋公民館","福岡県豊前市大字八屋1381-2","33.615556","131.118079"
"多目的文化交流センター","福岡県豊前市大字八屋1776-2","33.614657","131.128683"
"中央公民館","福岡県豊前市大字八屋1860-12","33.618352","131.127167"
"豊前市市民会館","福岡県豊前市大字八屋2009-3","33.618713","131.124516"
"八屋小学校（体育館）","福岡県豊前市大字八屋2232-1","33.617831","131.123782"
"横武小学校（体育館）","福岡県豊前市大字薬師寺221-1","33.577153","131.118193"
"横武コミュニティセンター","福岡県豊前市大字薬師寺70-3","33.5789","131.118539"
"夜宮公園","福岡県北九州市戸畑区一枝1-3","33.886769","130.835478"
"一枝市民センター","福岡県北九州市戸畑区一枝1-8-1","33.886941","130.839278"
"一枝小学校","福岡県北九州市戸畑区一枝2-7-1","33.884923","130.839996"
"牧山小学校","福岡県北九州市戸畑区丸町2-15-25","33.891445","130.818885"
"戸畑工業高等学校","福岡県北九州市戸畑区丸町3-10-1","33.888805","130.817972"
"中原中学校","福岡県北九州市戸畑区境川2-6-1","33.892431","130.844267"
"中央公園","福岡県北九州市戸畑区金比羅町1","33.875331","130.840737"
"高生中学校","福岡県北九州市戸畑区高峰1-6-1","33.888868","130.824497"
"飛幡中学校","福岡県北九州市戸畑区小芝1-8-20","33.893009","130.835119"
"沢見市民センター","福岡県北九州市戸畑区小芝2-1-4","33.895095","130.835256"
"三六市民センター","福岡県北九州市戸畑区小芝3-12-2","33.899743","130.837216"
"牧山東市民センター","福岡県北九州市戸畑区新川町3-25","33.891367","130.821615"
"戸畑中央小学校","福岡県北九州市戸畑区新池2-1-12","33.898239","130.829421"
"大谷小学校","福岡県北九州市戸畑区菅原4-6-1","33.883465","130.827724"
"美術の森公園","福岡県北九州市戸畑区西鞘ケ谷町21","33.870454","130.827193"
"鞘ヶ谷市民センター","福岡県北九州市戸畑区西鞘ケ谷町3-17","33.877997","130.832859"
"九州工業大学","福岡県北九州市戸畑区仙水町1-1","33.89098","130.839508"
"東戸畑市民センター","福岡県北九州市戸畑区千防3-1-12","33.898799","130.83056"
"北九州市立高等学校","福岡県北九州市戸畑区浅生1-10-1","33.890662","130.827493"
"浅生スポーツセンター","福岡県北九州市戸畑区浅生2-1-1","33.892512","130.828298"
"浅生市民センター","福岡県北九州市戸畑区浅生2-13-7","33.89478","130.824535"
"浅生公園（旧浅生２号公園部分）","福岡県北九州市戸畑区浅生2-2","33.893392","130.826632"
"あやめが丘小学校","福岡県北九州市戸畑区沢見2-3-1","33.895518","130.838318"
"中原小学校","福岡県北九州市戸畑区中原西3-1-1","33.893647","130.84273"
"中原市民センター","福岡県北九州市戸畑区中原西3-2-1","33.895591","130.84208"
"中原公園","福岡県北九州市戸畑区中原東3-12","33.896607","130.849545"
"ひびき高等学校","福岡県北九州市戸畑区天籟寺1-2-1","33.890002","130.832271"
"鞘ヶ谷小学校","福岡県北九州市戸畑区東鞘ケ谷町4-1","33.877706","130.836515"
"大谷中学校","福岡県北九州市戸畑区東大谷1-9-1","33.879566","130.829626"
"大谷市民センター","福岡県北九州市戸畑区東大谷2-2-44","33.879286","130.827283"
"西戸畑市民センター","福岡県北九州市戸畑区南鳥旗町3-17","33.899836","130.82158"
"岩ヶ鼻公園","福岡県北九州市戸畑区福柳木1-20","33.881959","130.837964"
"牧山展望公園","福岡県北九州市戸畑区牧山3-1","33.887335","130.817853"
"牧山市民センター","福岡県北九州市戸畑区牧山4-1-22","33.891076","130.8134"
"都島展望公園（山側）","福岡県北九州市戸畑区牧山4-11","33.891222","130.808858"
"都島展望公園（海側）","福岡県北九州市戸畑区牧山海岸2","33.892263","130.80659"
"夜宮青少年センター","福岡県北九州市戸畑区夜宮1-2-1","33.885945","130.835888"
"天籟寺小学校","福岡県北九州市戸畑区夜宮2-1-1","33.886866","130.832818"
"天籟寺市民センター","福岡県北九州市戸畑区夜宮2-4-15","33.8859","130.831557"
"戸畑高等学校","福岡県北九州市戸畑区夜宮3-1-1","33.884966","130.833545"
"北九州学術研究都市","福岡県北九州市若松区ひびきの2-1","33.889849","130.711975"
"ひびきの小学校","福岡県北九州市若松区ひびきの北8-26","33.893101","130.711528"
"ひびきの市民センター","福岡県北九州市若松区ひびきの北8-28","33.893019","130.710821"
"小石公民館","福岡県北九州市若松区下原町7-11","33.915659","130.790122"
"花野路中央公園","福岡県北九州市若松区花野路3-18","33.906679","130.676206"
"島郷市民センター","福岡県北九州市若松区鴨生田2-1-1","33.893493","130.736577"
"二島西公園","福岡県北九州市若松区鴨生田2-9","33.895543","130.7347"
"鴨生田小学校","福岡県北九州市若松区鴨生田4-13-1","33.898192","130.737283"
"小石小学校","福岡県北九州市若松区宮前町3-1","33.915866","130.789167"
"若松体育館","福岡県北九州市若松区古前1-1-1","33.893514","130.800144"
"岬ノ山公園","福岡県北九州市若松区古前1-26","33.89271","130.796588"
"古前保育所","福岡県北九州市若松区古前1-28-17","33.892759","130.794384"
"古前市民センター","福岡県北九州市若松区古前1-28-23","33.892574","130.794795"
"くきのうみ小学校","福岡県北九州市若松区古前2-19-36","33.896138","130.797555"
"ひびき園","福岡県北九州市若松区古前2-26-1","33.896432","130.794853"
"ひびきコスモス公園","福岡県北九州市若松区向洋町","33.921192","130.785029"
"高須公園","福岡県北九州市若松区高須東3-12","33.889358","130.694756"
"高須小学校","福岡県北九州市若松区高須東4-14-1","33.890362","130.694662"
"高須中学校","福岡県北九州市若松区高須北1-1-1","33.893455","130.69296"
"高須市民センター","福岡県北九州市若松区高須北1-1-2","33.893103","130.693314"
"石峯中学校","福岡県北九州市若松区今光1-12-8","33.89405","130.776263"
"藤木小学校","福岡県北九州市若松区今光1-18-1","33.893901","130.77406"
"今光西公園","福岡県北九州市若松区今光2-15","33.894943","130.771727"
"向洋中学校","福岡県北九州市若松区小石本村町21-1","33.918893","130.779979"
"ひびきの南公園","福岡県北九州市若松区小敷ひびきの3-1","33.88866","130.705593"
"若松高等学校","福岡県北九州市若松区上原町15-13","33.91268","130.792255"
"新大谷町東公園","福岡県北九州市若松区新大谷町2","33.905855","130.79541"
"深町市民センター","福岡県北九州市若松区深町1-2-12","33.911978","130.799008"
"赤崎小学校","福岡県北九州市若松区西小石町8-1","33.920349","130.790343"
"赤崎市民センター","福岡県北九州市若松区西小石町8-2","33.919953","130.79187"
"深町小学校","福岡県北九州市若松区西畑町13-1","33.910639","130.793114"
"青葉台中央公園","福岡県北九州市若松区青葉台西1-14","33.90414","130.686676"
"青葉市民センター","福岡県北九州市若松区青葉台西1-14-1","33.90456","130.687389"
"青葉小学校","福岡県北九州市若松区青葉台西3-1-1","33.899039","130.687895"
"ボートレース若松","福岡県北九州市若松区赤岩町13-1","33.887156","130.764724"
"藤ノ木市民センター","福岡県北九州市若松区赤島町20-13","33.894781","130.782877"
"響灘緑地","福岡県北九州市若松区大字安屋","33.913067","130.727611"
"ひびき灘漁協脇田漁村センター（脇田自治公民館）","福岡県北九州市若松区大字安屋1742","33.932551","130.727643"
"安屋公民館","福岡県北九州市若松区大字安屋2224-2","33.929591","130.7232"
"江川小学校","福岡県北九州市若松区大字乙丸5","33.906819","130.697945"
"高塔山公園","福岡県北九州市若松区大字修多羅","33.903324","130.798724"
"花房小学校","福岡県北九州市若松区大字小竹2227","33.908276","130.741495"
"外小竹公民館","福岡県北九州市若松区大字小竹967","33.915487","130.754668"
"小池特別支援学校","福岡県北九州市若松区大字小敷","33.885073","130.705012"
"玄海青年の家","福岡県北九州市若松区大字竹並126-2","33.917115","130.73045"
"洞北中学校","福岡県北九州市若松区大字竹並3087-1","33.903607","130.722782"
"蜑住公民館","福岡県北九州市若松区大字蜑住1307","33.906028","130.709974"
"若松区第２２区公民館","福岡県北九州市若松区大池町10-4","33.894263","130.791498"
"二島市民センター","福岡県北九州市若松区東二島2-7-3","33.887681","130.758071"
"東二島公民館","福岡県北九州市若松区東二島3-8-20","33.888713","130.75598"
"二島小学校","福岡県北九州市若松区東二島5-13-1","33.893722","130.748375"
"二島中学校","福岡県北九州市若松区二島4-5-1","33.89659","130.746694"
"修多羅市民センター","福岡県北九州市若松区白山1-9-13","33.902145","130.805502"
"若松中央小学校","福岡県北九州市若松区白山2-1-1","33.905015","130.80463"
"若松中学校","福岡県北九州市若松区白山2-12-45","33.907253","130.801787"
"若松中央市民センター","福岡県北九州市若松区浜町1-1-2","33.905376","130.811635"
"若松商業高等学校","福岡県北九州市若松区片山3-2-1","33.89904","130.746049"
"安部山公園","福岡県北九州市小倉南区安部山3","33.849437","130.908668"
"北九州市立総合農事センター","福岡県北九州市小倉南区横代東町1-6-1","33.834667","130.901005"
"蜷田地域交流センター","福岡県北九州市小倉南区横代東町2-1-1","33.837055","130.904822"
"横代市民センター","福岡県北九州市小倉南区横代東町4-13-1","33.831183","130.89675"
"横代小学校","福岡県北九州市小倉南区横代南町2-4-1","33.8304","130.891906"
"横代中学校","福岡県北九州市小倉南区横代北町3-5-1","33.833805","130.896656"
"吉田公園","福岡県北九州市小倉南区下吉田3-19","33.845237","130.963968"
"曽根体育館","福岡県北九州市小倉南区下曽根4-22-2","33.830279","130.940475"
"曽根東市民センター","福岡県北九州市小倉南区下曽根4-22-3","33.830409","130.940978"
"葛原小学校","福岡県北九州市小倉南区葛原4-24-1","33.843966","130.915777"
"葛原公園","福岡県北九州市小倉南区葛原本町3-4","33.842448","130.921943"
"葛原市民センター","福岡県北九州市小倉南区葛原本町3-4-34","33.84299","130.921363"
"北九州市立大学後援会館","福岡県北九州市小倉南区蒲生3-4-1","33.84204","130.866755"
"貫中央公園","福岡県北九州市小倉南区貫弥生が丘1-1","33.808233","130.93054"
"企救丘小学校","福岡県北九州市小倉南区企救丘2-1-1","33.822793","130.876272"
"志徳中学校","福岡県北九州市小倉南区企救丘4-4-1","33.826603","130.873556"
"吉田にれの木坂公園","福岡県北九州市小倉南区吉田にれの木坂1-8","33.848841","130.947573"
"朽網市民センター","福岡県北九州市小倉南区朽網西3-6-39","33.809181","130.946743"
"朽網小学校","福岡県北九州市小倉南区朽網西5-12-1","33.806673","130.950146"
"朽網中央公園","福岡県北九州市小倉南区朽網東1-12","33.803583","130.954496"
"東朽網小学校","福岡県北九州市小倉南区朽網東3-4-1","33.800916","130.958828"
"日豊スワロータウンつどいの家","福岡県北九州市小倉南区朽網東6-15-15","33.804525","130.966989"
"長尾高野中央公園","福岡県北九州市小倉南区高野2-10","33.826432","130.855158"
"北九州工業高等専門学校","福岡県北九州市小倉南区志井5-20-1","33.816388","130.872273"
"志井公園","福岡県北九州市小倉南区志井公園1","33.819881","130.881274"
"若宮公民館","福岡県北九州市小倉南区若園1-5-3","33.85278","130.887889"
"若園小学校","福岡県北九州市小倉南区若園3-14-22","33.846715","130.890119"
"若園市民センター","福岡県北九州市小倉南区若園4-1-50","33.84705","130.885169"
"北九州高等学校","福岡県北九州市小倉南区若園5-1-1","33.847229","130.882945"
"守恒市民センター","福岡県北九州市小倉南区守恒2-8-36","33.833269","130.87676"
"沼新町中央公園","福岡県北九州市小倉南区沼新町3-4","33.854538","130.945674"
"沼小学校","福岡県北九州市小倉南区沼本町2-4-1","33.84837","130.938906"
"沼中学校","福岡県北九州市小倉南区沼緑町1-1-1","33.84269","130.931899"
"沼市民センター","福岡県北九州市小倉南区沼緑町4-28-1","33.849432","130.937501"
"上葛原中央公園","福岡県北九州市小倉南区上葛原1-7","33.841883","130.909334"
"貫小学校","福岡県北九州市小倉南区上貫3-1-1","33.816388","130.921586"
"高蔵市民センター","福岡県北九州市小倉南区上吉田3-1-1","33.855636","130.948746"
"高蔵小学校","福岡県北九州市小倉南区上吉田3-11-1","33.858084","130.947721"
"横代中央公園","福岡県北九州市小倉南区上石田3-10","33.831923","130.890085"
"南曽根中学校","福岡県北九州市小倉南区上曽根5-12-1","33.812837","130.944485"
"守恒小学校","福岡県北九州市小倉南区星和台2-1-1","33.829853","130.879678"
"貫市民センター","福岡県北九州市小倉南区西貫1-11-1","33.816927","130.921428"
"曽根新田自治公民館","福岡県北九州市小倉南区曽根新田北3-16-47","33.821436","130.952012"
"朽網臨空公園","福岡県北九州市小倉南区大字朽網","33.809784","130.972111"
"東朽網市民センター","福岡県北九州市小倉南区大字朽網1215-1","33.800416","130.958175"
"呼野公民館","福岡県北九州市小倉南区大字呼野1185-1","33.752386","130.860764"
"合馬竹林公園","福岡県北九州市小倉南区大字合馬","33.812767","130.839645"
"合馬小学校","福岡県北九州市小倉南区大字合馬304","33.812764","130.832076"
"すがお小学校","福岡県北九州市小倉南区大字山本393-6","33.800353","130.84836"
"市丸公民館","福岡県北九州市小倉南区大字市丸454","33.764799","130.868257"
"市丸小学校","福岡県北九州市小倉南区大字市丸472-2","33.762897","130.867856"
"志井の森公園","福岡県北九州市小倉南区大字志井","33.804106","130.880128"
"志井市民センター","福岡県北九州市小倉南区大字志井279","33.815233","130.87514"
"志井小学校","福岡県北九州市小倉南区大字志井280","33.814464","130.875762"
"小森公民館","福岡県北九州市小倉南区大字小森456-8","33.757791","130.866896"
"新道寺第一公民館","福岡県北九州市小倉南区大字新道寺442-9","33.783289","130.868035"
"新道寺小学校","福岡県北九州市小倉南区大字新道寺820-1","33.786543","130.869452"
"曽根臨海公園","福岡県北九州市小倉南区大字曽根","33.832161","130.956805"
"長野緑地","福岡県北九州市小倉南区大字長野","33.819516","130.911268"
"かぐめよし少年自然の家","福岡県北九州市小倉南区大字頂吉451-1","33.741983","130.844158"
"護聖寺本堂","福岡県北九州市小倉南区大字辻三307","33.818416","130.823692"
"旧道原小学校","福岡県北九州市小倉南区大字道原1646","33.777933","130.841768"
"東谷中学校","福岡県北九州市小倉南区大字木下499-1","33.777661","130.864808"
"東谷市民センター","福岡県北九州市小倉南区大字木下704-1","33.778967","130.866229"
"吉田小学校","福岡県北九州市小倉南区中吉田1-3-1","33.847028","130.949774"
"吉田太陽の丘公園","福岡県北九州市小倉南区中吉田2-10","33.843891","130.948081"
"吉田中学校","福岡県北九州市小倉南区中吉田3-8-1","33.845917","130.950706"
"吉田市民センター","福岡県北九州市小倉南区中吉田6-27-5","33.848901","130.954442"
"曽根中学校","福岡県北九州市小倉南区中曽根2-13-1","33.823894","130.938178"
"曽根小学校","福岡県北九州市小倉南区中曽根3-9-1","33.824563","130.93982"
"曽根市民センター","福岡県北九州市小倉南区中曽根3-9-7","33.823468","130.939341"
"曽根公園","福岡県北九州市小倉南区中曽根東3-4","33.828281","130.945344"
"曽根東小学校","福岡県北九州市小倉南区中曽根東3-5-1","33.828737","130.946652"
"長尾市民センター","福岡県北九州市小倉南区長行西1-1-1","33.820907","130.854529"
"私立　長行幼稚園","福岡県北九州市小倉南区長行西4-12-1","33.813635","130.85144"
"長行小学校","福岡県北九州市小倉南区長行東3-8-1","33.817692","130.858918"
"長尾小学校","福岡県北九州市小倉南区長尾4-30-1","33.822406","130.856762"
"下長野公民館","福岡県北九州市小倉南区長野本町1-10-1","33.830934","130.915154"
"津田町民つどいの家","福岡県北九州市小倉南区津田3-8-48","33.827561","130.922792"
"田原公民館","福岡県北九州市小倉南区田原3-13-1","33.8259","130.932426"
"田原市民センター","福岡県北九州市小倉南区田原3-16-31","33.826802","130.930272"
"文化記念公園","福岡県北九州市小倉南区田原5-1","33.820354","130.927609"
"田原中学校","福岡県北九州市小倉南区田原5-1-1","33.822753","130.930022"
"文化記念体育施設管理事務所","福岡県北九州市小倉南区田原5-1-2","33.820097","130.927267"
"小倉東高等学校","福岡県北九州市小倉南区田原5-2-1","33.8215","130.931278"
"田原小学校","福岡県北九州市小倉南区田原新町2-1-1","33.829685","130.92804"
"湯川市民センター","福岡県北九州市小倉南区湯川1-8-33","33.845043","130.901246"
"湯川小学校","福岡県北九州市小倉南区湯川新町1-8-1","33.846825","130.895181"
"湯川中央公園","福岡県北九州市小倉南区湯川新町3-24","33.83982","130.900848"
"湯川中学校","福岡県北九州市小倉南区湯川新町4-25-1","33.83958","130.90419"
"徳吉中央公園","福岡県北九州市小倉南区徳吉西3-1","33.811497","130.856248"
"長行市民センター","福岡県北九州市小倉南区徳吉西3-3-16","33.812298","130.855691"
"妙真寺","福岡県北九州市小倉南区徳吉東3-11-1","33.813313","130.865022"
"両谷市民センター","福岡県北九州市小倉南区徳吉南1-6-10","33.808587","130.854118"
"菅生中学校","福岡県北九州市小倉南区徳吉南2-2-1","33.808585","130.853339"
"企救丘市民センター","福岡県北九州市小倉南区徳力4-17-5","33.824324","130.87025"
"徳力地域交流センター","福岡県北九州市小倉南区徳力6-3-1","33.827281","130.863468"
"広徳市民センター","福岡県北九州市小倉南区徳力6-3-2","33.827086","130.863446"
"紫川河畔公園","福岡県北九州市小倉南区徳力新町1-1","33.840346","130.869135"
"徳力小学校","福岡県北九州市小倉南区徳力新町2-2-1","33.835522","130.867765"
"企救中学校","福岡県北九州市小倉南区南若園町1-1","33.843304","130.885578"
"徳力市民センター","福岡県北九州市小倉南区南方2-5-37","33.834702","130.864571"
"広徳小学校","福岡県北九州市小倉南区南方4-1-1","33.829647","130.862189"
"広徳中学校","福岡県北九州市小倉南区南方4-13-1","33.829894","130.859267"
"小倉南体育館","福岡県北九州市小倉南区日の出町2-5-1","33.839253","130.87912"
"小倉南高等学校","福岡県北九州市小倉南区富士見1-9-1","33.857243","130.882303"
"城野市民センター","福岡県北九州市小倉南区富士見3-1-3","33.860032","130.881827"
"城野小学校","福岡県北九州市小倉南区富士見3-2-1","33.8591","130.880646"
"城南中学校","福岡県北九州市小倉南区富士見3-3-1","33.860064","130.88077"
"小倉商業高等学校","福岡県北九州市小倉南区富士見3-5-1","33.860417","130.878785"
"舞ヶ丘中央公園","福岡県北九州市小倉南区舞ケ丘3-4","33.825826","130.904636"
"北九州子どもの村小学校","福岡県北九州市小倉南区平尾台2-5-24","33.757631","130.895635"
"平尾公民館","福岡県北九州市小倉南区平尾台2-6-1","33.756881","130.895106"
"北方市民センター","福岡県北九州市小倉南区北方2-16-10","33.848715","130.880181"
"北方小学校","福岡県北九州市小倉南区北方2-2-1","33.850672","130.879609"
"北方地域交流センター","福岡県北九州市小倉南区北方3-31-1","33.849157","130.877114"
"公立大学法人　北九州市立大学","福岡県北九州市小倉南区北方4-2-1","33.844515","130.878689"
"小倉競馬場","福岡県北九州市小倉南区北方4-5-1","33.843665","130.874793"
"葉山中央公園","福岡県北九州市小倉南区葉山町3","33.835705","130.882674"
"守恒中学校","福岡県北九州市小倉南区葉山町3-3-10","33.835028","130.882453"
"小倉高等学校","福岡県北九州市小倉北区愛宕2-8-1","33.886652","130.863201"
"中井市民センター","福岡県北九州市小倉北区井堀2-7-4","33.887108","130.850645"
"井堀小学校","福岡県北九州市小倉北区井堀3-15-1","33.883913","130.845705"
"井堀市民センター","福岡県北九州市小倉北区井堀3-15-2","33.883389","130.845237"
"足立小学校","福岡県北九州市小倉北区宇佐町1-6-7","33.878036","130.890472"
"足立市民センター","福岡県北九州市小倉北区宇佐町1-8-15","33.876973","130.891459"
"黄金公民館","福岡県北九州市小倉北区黄金1-7-1","33.871113","130.879304"
"黄金二丁目公民館","福岡県北九州市小倉北区黄金2-6-1","33.868747","130.878936"
"小倉北特別支援学校","福岡県北九州市小倉北区下到津1-10-7","33.881033","130.858961"
"到津公民館","福岡県北九州市小倉北区下到津4-10-5","33.876109","130.855452"
"到津市民センター","福岡県北九州市小倉北区下到津4-3-2","33.878523","130.856508"
"学校法人　東筑紫学園","福岡県北九州市小倉北区下到津5-2-23","33.875665","130.857553"
"小倉西高等学校","福岡県北九州市小倉北区下到津5-7-1","33.87487","130.856723"
"菊陵中学校","福岡県北九州市小倉北区下富野1-2-1","33.882639","130.893906"
"下富野公民館","福岡県北九州市小倉北区下富野2-1-32","33.882113","130.894533"
"下富野地域交流センター","福岡県北九州市小倉北区下富野5-17-17","33.878643","130.898136"
"南丘市民センター","福岡県北九州市小倉北区熊谷1-26-15","33.860871","130.866196"
"熊谷公民館","福岡県北九州市小倉北区熊谷2-3-11","33.857352","130.865629"
"三郎丸市民センター","福岡県北九州市小倉北区熊本1-12-1","33.868005","130.891511"
"同志通公民館","福岡県北九州市小倉北区熊本2-2-16","33.870567","130.892757"
"妙見通公民館","福岡県北九州市小倉北区熊本3-4-6","33.86762","130.89492"
"篠崎中学校","福岡県北九州市小倉北区原町2-8-1","33.875168","130.864716"
"商工貿易会館","福岡県北九州市小倉北区古船場町1-35","33.880157","130.880444"
"南小倉中学校","福岡県北九州市小倉北区高尾1-4-1","33.86717","130.859315"
"霧丘市民センター","福岡県北九州市小倉北区黒原2-30-30","33.860695","130.898727"
"霧丘中学校","福岡県北九州市小倉北区黒原3-17-1","33.861249","130.896623"
"黒住町公民館","福岡県北九州市小倉北区黒住町25-6","33.862015","130.892847"
"今町河畔公園","福岡県北九州市小倉北区今町1-3","33.860347","130.875042"
"今町公民館","福岡県北九州市小倉北区今町2-20-1","33.857088","130.873659"
"今町小学校","福岡県北九州市小倉北区今町3-19-1","33.85404","130.872336"
"今町市民センター","福岡県北九州市小倉北区今町3-19-2","33.854731","130.872801"
"愛宕公園","福岡県北九州市小倉北区菜園場2-2","33.884387","130.862155"
"小倉中央小学校","福岡県北九州市小倉北区堺町2-4-1","33.881823","130.886657"
"小倉中央市民センター","福岡県北九州市小倉北区堺町2-4-24","33.882194","130.887307"
"三萩野公園","福岡県北九州市小倉北区三萩野2-10","33.871387","130.886098"
"北九州メディアドーム","福岡県北九州市小倉北区三萩野3-1-1","33.87204","130.887744"
"三郎丸小学校","福岡県北九州市小倉北区三郎丸3-13-1","33.867599","130.888786"
"小倉北体育館","福岡県北九州市小倉北区三郎丸3-4-1","33.868798","130.889274"
"山田緑地","福岡県北九州市小倉北区山田町3","33.852942","130.856364"
"山田町公民館","福岡県北九州市小倉北区篠崎5-3-9","33.863596","130.85845"
"山田地域交流センター","福岡県北九州市小倉北区篠崎5-9-1","33.861972","130.85733"
"中島小学校","福岡県北九州市小倉北区昭和町16-1","33.874503","130.877483"
"中島市民センター","福岡県北九州市小倉北区昭和町16-2","33.874885","130.877336"
"到津小学校","福岡県北九州市小倉北区上到津1-9-1","33.879199","130.853029"
"上四公民館","福岡県北九州市小倉北区上到津4-11-28","33.870966","130.845138"
"サンレー小倉紫雲閣","福岡県北九州市小倉北区上富野3-2-8","33.886165","130.898912"
"桜丘市民センター","福岡県北九州市小倉北区上富野5-6-21","33.883908","130.90601"
"勝山公園","福岡県北九州市小倉北区城内1","33.881831","130.872559"
"西小倉小学校","福岡県北九州市小倉北区城内6-1","33.882852","130.870438"
"富野小学校","福岡県北九州市小倉北区常盤町3-1","33.881689","130.905594"
"富野中学校","福岡県北九州市小倉北区常盤町8-1","33.880753","130.907046"
"南小倉小学校","福岡県北九州市小倉北区新高田1-1-1","33.868803","130.864009"
"南小倉市民センター","福岡県北九州市小倉北区新高田1-10-3","33.866596","130.866152"
"年長者研修大学校　周望学舎","福岡県北九州市小倉北区新高田2-29-1","33.865961","130.862206"
"新高田公民館","福岡県北九州市小倉北区新高田2-3-1","33.866285","130.865667"
"泉台市民センター","福岡県北九州市小倉北区真鶴1-5-15","33.873116","130.856205"
"宇佐町公民館","福岡県北九州市小倉北区神岳2-2-8","33.874205","130.8936"
"富野市民センター","福岡県北九州市小倉北区須賀町6-23","33.881642","130.907313"
"清水小学校","福岡県北九州市小倉北区清水2-13-1","33.873712","130.86148"
"清水公民館","福岡県北九州市小倉北区清水3-7-6","33.874183","130.859601"
"日明臨海公園","福岡県北九州市小倉北区西港町","33.903478","130.867666"
"北九州緊急物資輸送センター","福岡県北九州市小倉北区西港町9-14","33.898807","130.862772"
"桜丘小学校","福岡県北九州市小倉北区赤坂2-21-1","33.886185","130.909719"
"手向山公園","福岡県北九州市小倉北区赤坂4-8","33.890664","130.913412"
"延命寺臨海公園","福岡県北九州市小倉北区赤坂海岸1","33.893365","130.906158"
"泉ヶ丘東公園","福岡県北九州市小倉北区泉台1-22","33.86709","130.854426"
"泉台小学校","福岡県北九州市小倉北区泉台1-3-1","33.869543","130.850608"
"あさの汐風公園","福岡県北九州市小倉北区浅野3-3","33.890961","130.884832"
"浅野臨海部防災１～４号緑地","福岡県北九州市小倉北区浅野3-7","33.892367","130.88525"
"足原小学校","福岡県北九州市小倉北区足原2-8-1","33.864551","130.896527"
"足原市民センター","福岡県北九州市小倉北区足原2-8-3","33.864846","130.896927"
"足立公園","福岡県北九州市小倉北区大字足原","33.869368","130.904572"
"藍島小学校","福岡県北九州市小倉北区大字藍島246-3","33.992802","130.818064"
"大手町公園","福岡県北九州市小倉北区大手町15","33.874821","130.871031"
"寿山公民館","福岡県北九州市小倉北区大畠1-4-17","33.873357","130.896291"
"寿山小学校","福岡県北九州市小倉北区大畠3-10-1","33.870922","130.899809"
"寿山市民センター","福岡県北九州市小倉北区大畠3-10-2","33.871368","130.900228"
"思永中学校","福岡県北九州市小倉北区大門1-5-1","33.885021","130.871121"
"西小倉市民センター","福岡県北九州市小倉北区大門1-5-2","33.886182","130.871373"
"生涯学習総合センター","福岡県北九州市小倉北区大門1-6-43","33.884224","130.87089"
"北小倉市民センター","福岡県北九州市小倉北区中井1-10-1","33.894126","130.852594"
"中井小学校","福岡県北九州市小倉北区中井2-12-1","33.891098","130.850169"
"志明館小学校","福岡県北九州市小倉北区中井口4-1","33.895769","130.851613"
"真颯館高等学校","福岡県北九州市小倉北区中井口5-1","33.897247","130.852154"
"東港公園","福岡県北九州市小倉北区東港1-6","33.893992","130.867206"
"貴船地域交流センター","福岡県北九州市小倉北区東篠崎1-20-8","33.86644","130.876393"
"南丘小学校","福岡県北九州市小倉北区南丘1-1-1","33.853056","130.86936"
"日明市民センター","福岡県北九州市小倉北区日明4-3-7","33.891141","130.859427"
"日明小学校","福岡県北九州市小倉北区日明4-4-1","33.892091","130.85848"
"総合保健福祉センター","福岡県北九州市小倉北区馬借1-7-1","33.880218","130.878122"
"足立中学校","福岡県北九州市小倉北区萩崎町3-1","33.875648","130.885651"
"白銀中学校","福岡県北九州市小倉北区白銀1-13-1","33.869784","130.875811"
"貴船市民センター","福岡県北九州市小倉北区白銀1-5-8","33.871238","130.87697"
"貴船小学校","福岡県北九州市小倉北区白銀2-8-1","33.868295","130.874902"
"小倉工業高等学校","福岡県北九州市小倉北区白萩町6-1","33.882732","130.855988"
"板櫃中学校","福岡県北九州市小倉北区白萩町8-1","33.885062","130.853944"
"清水市民センター","福岡県北九州市小倉北区弁天町6-5","33.870619","130.862825"
"霧丘小学校","福岡県北九州市小倉北区霧ケ丘1-12-1","33.855497","130.896781"
"木町公民館","福岡県北九州市小倉北区木町3-1-2","33.872075","130.866258"
"さつき台中央公園","福岡県北九州市八幡西区さつき台1-24","33.853766","130.715476"
"折尾南１号公園","福岡県北九州市八幡西区さつき台2-20","33.850683","130.7115"
"産業医科大学","福岡県北九州市八幡西区医生ケ丘1-1","33.878862","130.712746"
"引野小学校","福岡県北九州市八幡西区引野3-15-1","33.84589","130.751157"
"永犬丸中学校","福岡県北九州市八幡西区永犬丸4-5-1","33.842421","130.73229"
"永犬丸西市民センター","福岡県北九州市八幡西区永犬丸西町4-21-13","33.834444","130.729546"
"永犬丸西小学校","福岡県北九州市八幡西区永犬丸西町4-4-1","33.835654","130.726604"
"永犬丸東区公民館","福岡県北九州市八幡西区永犬丸東町2-7-2","33.836972","130.742406"
"永犬丸南町公民館","福岡県北九州市八幡西区永犬丸南町2-2-33","33.833782","130.730017"
"岡田公園","福岡県北九州市八幡西区岡田町4","33.860242","130.766938"
"沖田区会公民館","福岡県北九州市八幡西区沖田3-5-3","33.829942","130.746099"
"沖田中学校","福岡県北九州市八幡西区沖田4-18-1","33.831901","130.741124"
"城山緑地","福岡県北九州市八幡西区屋敷1-9","33.872503","130.775176"
"中尾小学校","福岡県北九州市八幡西区下上津役1-6-1","33.829984","130.742141"
"吉祥寺公園","福岡県北九州市八幡西区吉祥寺町13","33.80687","130.733206"
"金剛中央公園","福岡県北九州市八幡西区金剛3-1","33.785947","130.740341"
"大正区公民館","福岡県北九州市八幡西区金剛3-12-1","33.785639","130.742903"
"穴生小学校","福岡県北九州市八幡西区穴生1-13-1","33.860927","130.744052"
"福岡職業能力開発促進センター（ポリテクセンター福岡）","福岡県北九州市八幡西区穴生3-5-1","33.861413","130.742688"
"八幡中央高等学校","福岡県北九州市八幡西区元城町1-1","33.855279","130.785306"
"本城公園","福岡県北九州市八幡西区御開4-16","33.889175","130.73286"
"本城陸上競技場施設管理事務所","福岡県北九州市八幡西区御開4-16-1","33.890257","130.730693"
"光貞池公園","福岡県北九州市八幡西区光貞台1-13","33.884644","130.720416"
"光貞小学校","福岡県北九州市八幡西区光貞台1-4-1","33.882662","130.714293"
"折尾東小学校","福岡県北九州市八幡西区光明1-2-1","33.868244","130.722207"
"折尾東市民センター","福岡県北九州市八幡西区光明2-2-50","33.866362","130.719986"
"旧街道緑地","福岡県北九州市八幡西区幸神1","33.859298","130.763299"
"黒畑市民センター","福岡県北九州市八幡西区幸神3-4-3","33.852303","130.763711"
"田良原公園","福岡県北九州市八幡西区幸神4-3","33.854318","130.760735"
"熊西市民センター","福岡県北九州市八幡西区幸神4-3-1","33.854533","130.760373"
"香月西区公民館","福岡県北九州市八幡西区香月西2-17-53","33.804341","130.729892"
"香月中央公園","福岡県北九州市八幡西区香月西4-1","33.800608","130.725199"
"香月市民センター","福岡県北九州市八幡西区香月中央1-7-1","33.802697","130.733148"
"香月公園","福岡県北九州市八幡西区香月中央1-9","33.802909","130.735353"
"香月スポーツセンター","福岡県北九州市八幡西区香月中央1-9-1","33.802872","130.734442"
"香月小学校","福岡県北九州市八幡西区香月中央3-3-1","33.801415","130.728544"
"香月中学校","福岡県北九州市八幡西区香月中央5-6-1","33.796735","130.734779"
"香月西部市民サブセンター","福岡県北九州市八幡西区高江3-6-20","33.802792","130.715334"
"中尾市民センター","福岡県北九州市八幡西区三ケ森4-6-1","33.834749","130.739157"
"三ツ頭公民館","福岡県北九州市八幡西区三ツ頭1-10-1","33.879943","130.688595"
"熊西中学校","福岡県北九州市八幡西区山寺町4-1","33.862104","130.756309"
"筒井市民センター","福岡県北九州市八幡西区山寺町6-30","33.861994","130.758931"
"九州女子大学・九州女子短期大学","福岡県北九州市八幡西区自由ケ丘1-1","33.869262","130.708731"
"自由ヶ丘高等学校","福岡県北九州市八幡西区自由ケ丘1-3","33.866575","130.705693"
"九州共立大学","福岡県北九州市八幡西区自由ケ丘1-8","33.872382","130.70391"
"竹末市民センター","福岡県北九州市八幡西区若葉1-7-1","33.846864","130.743167"
"春日台公民館","福岡県北九州市八幡西区春日台2-14-20","33.830226","130.73484"
"小嶺児童館","福岡県北九州市八幡西区小嶺2-3-22","33.818859","130.754028"
"小嶺団地集会所","福岡県北九州市八幡西区小嶺台3-9-3-208","33.80933","130.754544"
"松寿山公園","福岡県北九州市八幡西区松寿山3-6","33.848476","130.715183"
"上津役小学校","福岡県北九州市八幡西区上の原1-4-1","33.835786","130.759533"
"上津役市民センター","福岡県北九州市八幡西区上の原2-2-16","33.83601","130.757548"
"上の原公民館","福岡県北九州市八幡西区上の原2-4-52","33.835547","130.757194"
"上津役中学校","福岡県北九州市八幡西区上上津役3-12-1","33.82896","130.755079"
"大原市民センター","福岡県北九州市八幡西区上上津役3-21-21","33.825788","130.752763"
"上津役公園","福岡県北九州市八幡西区上上津役4-18","33.82683","130.759066"
"陣原市民センター","福岡県北九州市八幡西区陣原3-23-9-101","33.867706","130.742248"
"陣原公民館","福岡県北九州市八幡西区陣原5-10-64","33.866201","130.733951"
"北九州市立高等学校　第２グラウンド","福岡県北九州市八幡西区陣山3-7","33.864063","130.778595"
"星ヶ丘小学校","福岡県北九州市八幡西区星ケ丘2-7-1","33.773535","130.753665"
"星ヶ丘中央公園","福岡県北九州市八幡西区星ケ丘6-2","33.772869","130.74927"
"赤坂市民センター","福岡県北九州市八幡西区星和町28-26","33.872428","130.727039"
"熊西小学校","福岡県北九州市八幡西区西曲里町7-1","33.858075","130.76032"
"折尾西小学校","福岡県北九州市八幡西区西折尾町15-1","33.857832","130.707858"
"黒崎中学校","福岡県北九州市八幡西区西鳴水1-1-1","33.854218","130.76807"
"黒畑小学校","福岡県北九州市八幡西区西鳴水2-4-1","33.852633","130.768328"
"青山小学校","福岡県北九州市八幡西区青山1-7-1","33.862159","130.752301"
"皇后崎公園","福岡県北九州市八幡西区青山2-1","33.860445","130.754909"
"青山市民センター","福岡県北九州市八幡西区青山2-1-3","33.861607","130.754161"
"星琳高等学校","福岡県北九州市八幡西区青山3-3-1","33.857576","130.75322"
"石坂公民館","福岡県北九州市八幡西区石坂2-8-4","33.805237","130.749116"
"折尾西公民館","福岡県北九州市八幡西区折尾3-3-33","33.866664","130.711472"
"折尾西公園","福岡県北九州市八幡西区折尾3-5","33.867516","130.713422"
"九州朝鮮初中高級学校","福岡県北九州市八幡西区折尾3-5-1","33.867329","130.712071"
"千代中学校","福岡県北九州市八幡西区千代2-23-1","33.806581","130.743597"
"千代市民センター","福岡県北九州市八幡西区千代2-27-1","33.805294","130.743591"
"千代東公園","福岡県北九州市八幡西区千代3-7","33.808379","130.745633"
"千代小学校","福岡県北九州市八幡西区千代5-17-1","33.808488","130.738016"
"本城西公園","福岡県北九州市八幡西区千代ケ崎1-12","33.875024","130.719192"
"医生丘市民センター","福岡県北九州市八幡西区千代ケ崎1-12-15","33.875129","130.718433"
"医生丘小学校","福岡県北九州市八幡西区千代ケ崎2-10-1","33.877771","130.718207"
"浅川本村公民館","福岡県北九州市八幡西区浅川2-14-28","33.881383","130.702207"
"光貞市民センター","福岡県北九州市八幡西区浅川学園台2-23-2","33.881916","130.707231"
"浅川中学校","福岡県北九州市八幡西区浅川学園台2-4-1","33.882559","130.707479"
"浅川学園台中央公園","福岡県北九州市八幡西区浅川学園台3-1","33.883702","130.709996"
"浅川小学校","福岡県北九州市八幡西区浅川町10-1","33.882427","130.696699"
"浅川市民センター","福岡県北九州市八幡西区浅川日の峯2-1-10","33.88101","130.699084"
"日の峯公園","福岡県北九州市八幡西区浅川日の峯4-20","33.877636","130.694644"
"則松小学校","福岡県北九州市八幡西区則松2-1-1","33.859959","130.717624"
"則松市民センター","福岡県北九州市八幡西区則松2-9-1","33.857684","130.715508"
"則松中学校","福岡県北九州市八幡西区則松3-5-1","33.856057","130.718064"
"則松東公民館","福岡県北九州市八幡西区則松東2-3-13","33.854867","130.723437"
"折尾スポーツセンター","福岡県北九州市八幡西区大浦3-9-1","33.872782","130.711409"
"永犬丸の森公園","福岡県北九州市八幡西区大字永犬丸","33.839855","130.720806"
"星ヶ丘市民センター","福岡県北九州市八幡西区大字笹田920-8","33.777427","130.748973"
"瀬板の森公園","福岡県北九州市八幡西区大字陣原","33.857824","130.728458"
"中ノ谷公園","福岡県北九州市八幡西区大字浅川","33.865683","130.703918"
"笹尾公園","福岡県北九州市八幡西区大字木屋瀬","33.786187","130.724006"
"栄町公民館","福岡県北九州市八幡西区大字野面1703-6","33.776203","130.74546"
"木屋瀬中学校","福岡県北九州市八幡西区大字野面1942-5","33.780137","130.747855"
"サンレーグランドホール","福岡県北九州市八幡西区大膳1-2-1","33.856451","130.712952"
"大膳公民館","福岡県北九州市八幡西区大膳1-3-15","33.856527","130.711773"
"折尾高等学校","福岡県北九州市八幡西区大膳2-23-1","33.853547","130.707838"
"大平公民館","福岡県北九州市八幡西区大平1-5-30","33.820755","130.745384"
"大平台南公園","福岡県北九州市八幡西区大平台32","33.81912","130.744558"
"大池公園","福岡県北九州市八幡西区鷹の巣2-15","33.852921","130.747817"
"穴生市民センター","福岡県北九州市八幡西区鷹の巣3-3-1","33.855398","130.744654"
"八幡特別支援学校","福岡県北九州市八幡西区鷹の巣3-7-1","33.854358","130.74402"
"上保公園","福岡県北九州市八幡西区鷹ノ巣3-6","33.855217","130.743475"
"池田小学校","福岡県北九州市八幡西区池田3-2-1","33.798911","130.747232"
"馬場山公園","福岡県北九州市八幡西区池田3-7","33.797258","130.744488"
"竹末小学校","福岡県北九州市八幡西区竹末1-18-1","33.849833","130.743263"
"割子川せせらぎ公園","福岡県北九州市八幡西区竹末2-15","33.846042","130.748169"
"池田市民センター","福岡県北九州市八幡西区茶屋の原1-6-3","33.796461","130.745322"
"馬場山公民館","福岡県北九州市八幡西区茶屋の原2-9-18","33.79513","130.740848"
"中の原東公園","福岡県北九州市八幡西区中の原1-2","33.832029","130.754171"
"折尾中学校","福岡県北九州市八幡西区中須1-3-1","33.867374","130.726604"
"中須公園","福岡県北九州市八幡西区中須2-1","33.864865","130.72436"
"八児中学校","福岡県北九州市八幡西区町上津役西4-16-1","33.819543","130.749836"
"八児小学校","福岡県北九州市八幡西区町上津役西4-5-1","33.820085","130.751452"
"大原小学校","福岡県北九州市八幡西区町上津役東1-12-1","33.825002","130.754255"
"八児市民センター","福岡県北九州市八幡西区町上津役東1-17-1","33.823433","130.754002"
"的場池公園","福岡県北九州市八幡西区的場町1","33.841874","130.746968"
"的場池体育館","福岡県北九州市八幡西区的場町1-2","33.84239","130.747048"
"八幡南高等学校","福岡県北九州市八幡西区的場町6-1","33.840202","130.74418"
"山の神池公園","福岡県北九州市八幡西区鉄竜1-1","33.852339","130.753571"
"北九州穴生ドーム","福岡県北九州市八幡西区鉄竜1-5-2","33.853512","130.752779"
"黒崎第九区区民の家","福岡県北九州市八幡西区田町2-1-29","33.868238","130.772313"
"塔野小学校","福岡県北九州市八幡西区塔野1-3-1","33.825281","130.737979"
"塔野市民センター","福岡県北九州市八幡西区塔野1-3-2","33.824537","130.737831"
"鳥野公民館","福岡県北九州市八幡西区東川頭町7-3","33.858625","130.785387"
"東筑高等学校","福岡県北九州市八幡西区東筑1-1-1","33.859435","130.715258"
"鳴水小学校","福岡県北九州市八幡西区東鳴水1-1-1","33.859225","130.770494"
"鳴水市民センター","福岡県北九州市八幡西区東鳴水2-4-16","33.858051","130.768332"
"筒井小学校","福岡県北九州市八幡西区筒井町3-1","33.863851","130.759899"
"黒崎市民センター","福岡県北九州市八幡西区藤田4-1-1","33.864448","130.771421"
"黒崎中央小学校","福岡県北九州市八幡西区藤田4-4-24","33.86288","130.77058"
"八幡西生涯学習総合センター折尾分館","福岡県北九州市八幡西区南鷹見町6-1","33.862029","130.716191"
"楠橋小学校","福岡県北九州市八幡西区楠橋上方1-3-1","33.794839","130.73262"
"楠橋公園","福岡県北九州市八幡西区楠橋西1-15","33.791094","130.718515"
"楠橋地域交流センター","福岡県北九州市八幡西区楠橋西2-16-22","33.788908","130.718297"
"折尾西市民センター","福岡県北九州市八幡西区日吉台1-22-20","33.86198","130.70181"
"楠東緑地","福岡県北九州市八幡西区馬場山","33.79523","130.738756"
"楠橋市民センター","福岡県北九州市八幡西区馬場山緑7-41","33.790992","130.735376"
"穴生公園","福岡県北九州市八幡西区萩原1-4","33.862806","130.74765"
"穴生会館","福岡県北九州市八幡西区萩原1-4-1","33.862442","130.748003"
"萩原小学校","福岡県北九州市八幡西区萩原3-5-1","33.856609","130.750326"
"穴生中学校","福岡県北九州市八幡西区萩原3-6-1","33.856764","130.751786"
"白岩池公園","福岡県北九州市八幡西区白岩町1","33.806337","130.73992"
"八枝市民センター","福岡県北九州市八幡西区八枝3-8-1","33.844243","130.727411"
"永犬丸中央公園","福岡県北九州市八幡西区八枝4-1","33.845787","130.731727"
"八枝小学校","福岡県北九州市八幡西区八枝4-5-1","33.847348","130.72872"
"永犬丸小学校","福岡県北九州市八幡西区美原町9-1","33.840104","130.741221"
"永犬丸市民センター","福岡県北九州市八幡西区美原町9-2","33.839378","130.74067"
"八幡工業高等学校","福岡県北九州市八幡西区別所町1-1","33.845768","130.759898"
"引野中学校","福岡県北九州市八幡西区別所町14-1","33.849302","130.758689"
"別所公園","福岡県北九州市八幡西区別所町9","33.846885","130.756626"
"引野市民センター","福岡県北九州市八幡西区別所町9-1","33.847222","130.755923"
"北筑高等学校","福岡県北九州市八幡西区北筑1-1-1","33.848698","130.734527"
"本城市民センター","福岡県北九州市八幡西区本城1-15-1","33.879881","130.729975"
"本城小学校","福岡県北九州市八幡西区本城1-23-1","33.879217","130.729285"
"奥洞海緑地","福岡県北九州市八幡西区本城5-3","33.883743","130.739087"
"洞北緑地","福岡県北九州市八幡西区本城5-5","33.885061","130.743764"
"本城東公園","福岡県北九州市八幡西区本城東1-17","33.875625","130.736879"
"本城団地中央集会所（柳原公民館）","福岡県北九州市八幡西区本城東1-7-17","33.876485","130.73666"
"赤坂小学校","福岡県北九州市八幡西区本城東5-6-1","33.872406","130.729161"
"本城中学校","福岡県北九州市八幡西区本城東6-14-1","33.873923","130.729091"
"木屋瀬市民センター","福岡県北九州市八幡西区木屋瀬東1-12-1","33.779664","130.727944"
"木屋瀬小学校","福岡県北九州市八幡西区木屋瀬東3-1-1","33.778795","130.728646"
"木屋瀬地域交流センター","福岡県北九州市八幡西区野面1-8-35","33.784142","130.740381"
"夕原緑地","福岡県北九州市八幡西区夕原町","33.869642","130.74217"
"勝田公園","福岡県北九州市八幡東区羽衣町16","33.856907","130.824761"
"河内小学校","福岡県北九州市八幡東区河内1-7-2","33.830156","130.79941"
"前田市民センター","福岡県北九州市八幡東区祇園1-5-1","33.865494","130.787971"
"花尾小学校","福岡県北九州市八幡東区祇園1-6-1","33.865145","130.788797"
"槻田中学校","福岡県北九州市八幡東区宮の町1-5-1","33.861435","130.83247"
"祝町市民センター","福岡県北九州市八幡東区宮の町2-2-10","33.862226","130.833832"
"高見三条さくら公園","福岡県北九州市八幡東区高見1-1","33.8668","130.826804"
"高見神社","福岡県北九州市八幡東区高見1-1-1","33.8662","130.825396"
"高見中央公園","福岡県北九州市八幡東区高見2-4","33.866624","130.829452"
"高見市民センター","福岡県北九州市八幡東区高見2-8-20","33.867365","130.834375"
"高見小学校","福岡県北九州市八幡東区高見4-1-1","33.868912","130.837852"
"高見中学校","福岡県北九州市八幡東区高見4-4-1","33.870867","130.838777"
"北九州視覚特別支援学校","福岡県北九州市八幡東区高見5-1-12","33.870784","130.835805"
"枝光北市民センター","福岡県北九州市八幡東区枝光2-8-5","33.881132","130.812076"
"枝光小学校","福岡県北九州市八幡東区枝光4-12-1","33.881954","130.818195"
"枝光台中学校","福岡県北九州市八幡東区枝光5-8-1","33.88268","130.820213"
"祝町小学校","福岡県北九州市八幡東区祝町1-23-12","33.861746","130.827579"
"大蔵小学校","福岡県北九州市八幡東区勝山1-1-1","33.858104","130.82016"
"勝山二丁目公園","福岡県北九州市八幡東区勝山2-1","33.854251","130.816643"
"槻田市民センター","福岡県北九州市八幡東区松尾町19-1","33.86375","130.843497"
"槻田小学校","福岡県北九州市八幡東区松尾町9-1","33.862344","130.841204"
"ひびきが丘小学校","福岡県北九州市八幡東区諏訪2-7-1","33.871989","130.822501"
"八幡高等学校","福岡県北九州市八幡東区清田3-1-1","33.858044","130.839879"
"八幡東区社会福祉センター","福岡県北九州市八幡東区西丸山町2-1","33.86283","130.811427"
"日本福音ルーテル八幡教会","福岡県北九州市八幡東区石坪町2-3","33.865885","130.839851"
"帆柱公園","福岡県北九州市八幡東区大字尾倉","33.853292","130.795427"
"大蔵中学校","福岡県北九州市八幡東区大蔵1-4-1","33.865594","130.822056"
"大蔵市民センター","福岡県北九州市八幡東区大蔵2-1-40","33.863302","130.820158"
"職業訓練法人北九州地区職業訓練協会","福岡県北九州市八幡東区大蔵2-13-7","33.859778","130.820418"
"高炉台公園","福岡県北九州市八幡東区中央3-8","33.866144","130.815996"
"八幡小学校","福岡県北九州市八幡東区中央3-9-1","33.866163","130.813259"
"中央中学校","福岡県北九州市八幡東区中央3-9-2","33.866798","130.814174"
"枝光南市民センター","福岡県北九州市八幡東区中央3-9-5","33.865994","130.817607"
"八幡東体育館","福岡県北九州市八幡東区中央3-9-6","33.867195","130.815731"
"高槻小学校","福岡県北九州市八幡東区中畑2-5-1","33.855205","130.830729"
"高槻市民センター","福岡県北九州市八幡東区中畑2-5-2","33.854999","130.831568"
"天神市民サブセンター","福岡県北九州市八幡東区天神町4-24","33.859892","130.80286"
"田代公民館","福岡県北九州市八幡東区田代町13-9","33.806372","130.797179"
"東田大通り公園","福岡県北九州市八幡東区東田2-1","33.870113","130.809076"
"桃園一丁目さくら公園","福岡県北九州市八幡東区桃園1-3","33.865426","130.785819"
"桃園武道場","福岡県北九州市八幡東区桃園3-1","33.865552","130.780088"
"桃園公園","福岡県北九州市八幡東区桃園3-1","33.865409","130.78106"
"陣山市民センター","福岡県北九州市八幡東区桃園3-1-1","33.866565","130.779701"
"平野市民センター","福岡県北九州市八幡東区桃園4-1-1","33.862343","130.786213"
"花尾中学校","福岡県北九州市八幡東区桃園4-4-1","33.861262","130.782986"
"枝光公園","福岡県北九州市八幡東区日の出1-14","33.875642","130.817549"
"枝光児童館","福岡県北九州市八幡東区日の出1-14-1","33.874636","130.816669"
"枝光市民センター","福岡県北九州市八幡東区日の出1-5-11","33.874092","130.817984"
"総合体育館","福岡県北九州市八幡東区八王寺町4-1","33.873244","130.841619"
"皿倉小学校","福岡県北九州市八幡東区尾倉1-15-1","33.863054","130.800768"
"尾倉市民センター","福岡県北九州市八幡東区尾倉1-15-2","33.863319","130.800816"
"尾倉中学校","福岡県北九州市八幡東区尾倉3-10-1","33.862557","130.795372"
"学校法人　九州国際大学","福岡県北九州市八幡東区平野2-5-1","33.862909","130.791353"
"緑谷緑地","福岡県北九州市門司区稲積1","33.88753","130.927972"
"西門司市民センター","福岡県北九州市門司区稲積1-3-1","33.890327","130.925974"
"旧小森江西小学校体育館","福岡県北九州市門司区羽山1-12-1","33.920308","130.944803"
"大里東市民センター","福岡県北九州市門司区下二十町3-7","33.911646","130.938595"
"門司生涯学習センター大里分館","福岡県北九州市門司区下馬寄6-8","33.896238","130.927491"
"丸山公民館","福岡県北九州市門司区丸山2-4-3","33.940497","130.970243"
"門司中学校","福岡県北九州市門司区丸山2-5-1","33.939163","130.969849"
"松ヶ江南小学校","福岡県北九州市門司区吉志2-20-1","33.866356","130.970073"
"原吉志集会所","福岡県北九州市門司区吉志3-10-22","33.865168","130.967721"
"新門司地域交流センター","福岡県北九州市門司区吉志新町2-1-1","33.87023","130.971465"
"新門司体育館","福岡県北九州市門司区吉志新町2-1-1","33.870382","130.971048"
"松ヶ江南市民センター","福岡県北九州市門司区吉志新町2-1-1","33.870604","130.971597"
"和布刈公園","福岡県北九州市門司区旧門司2","33.958608","130.96709"
"大里南市民センター","福岡県北九州市門司区原町別院13-27","33.897371","130.929449"
"恒見区民会館","福岡県北九州市門司区恒見町21-1","33.865945","130.975154"
"高砂町町民館","福岡県北九州市門司区高砂町8-10","33.925826","130.977044"
"門司体育館","福岡県北九州市門司区高田1-20-1","33.900159","130.93509"
"大里柳市民センター","福岡県北九州市門司区高田2-2-18","33.900062","130.935711"
"東郷市民センター","福岡県北九州市門司区黒川西1-3-26","33.923833","130.979664"
"東郷中学校","福岡県北九州市門司区黒川西1-9-1","33.924008","130.980668"
"萩ヶ丘小学校","福岡県北九州市門司区寺内2-7-1","33.904768","130.944806"
"戸ノ上中学校","福岡県北九州市門司区寺内4-1-1","33.905469","130.950395"
"老松市民センター","福岡県北九州市門司区庄司町4-16","33.946601","130.971539"
"藤松市民センター","福岡県北九州市門司区上藤松2-3-31","33.883161","130.925448"
"田野浦市民センター","福岡県北九州市門司区新開6-11","33.956913","130.986579"
"大里南小学校","福岡県北九州市門司区新原町15-1","33.891144","130.931741"
"新門司公園","福岡県北九州市門司区新門司2","33.863013","130.988123"
"浦中集会所","福岡県北九州市門司区新門司3-12","33.85494","130.986417"
"港が丘小学校","福岡県北九州市門司区清見1-18-38","33.95339","130.976077"
"清見市民センター","福岡県北九州市門司区清見3-1-1","33.949969","130.978349"
"早鞆中学校","福岡県北九州市門司区清見3-13-1","33.95056","130.982461"
"門司区役所","福岡県北九州市門司区清滝1-1-1","33.941413","130.959616"
"錦町市民センター","福岡県北九州市門司区清滝3-5-5","33.942962","130.962408"
"門司海青小学校","福岡県北九州市門司区清滝5-3-21","33.94255","130.966738"
"旧大連航路上屋","福岡県北九州市門司区西海岸1-3-5","33.943774","130.957898"
"青葉台公園","福岡県北九州市門司区青葉12","33.884171","130.920832"
"旧伊川小学校","福岡県北九州市門司区大字伊川1058-3","33.910074","130.978054"
"伊川市民サブセンター","福岡県北九州市門司区大字伊川1462-1","33.906485","130.979653"
"新門司海浜公園","福岡県北九州市門司区大字猿喰","33.897361","130.986099"
"門司学園高等学校","福岡県北九州市門司区大字猿喰1462-2","33.895801","130.984805"
"猿喰公民館","福岡県北九州市門司区大字猿喰445","33.896531","130.978006"
"市立もじ少年自然の家","福岡県北九州市門司区大字喜多久784-1","33.909582","131.001251"
"井ノ浦集会所","福岡県北九州市門司区大字恒見12-5","33.848176","130.976565"
"大積公民館","福岡県北九州市門司区大字大積725-29","33.9297","130.994822"
"淨光寺","福岡県北九州市門司区大字大積839","33.930991","130.994499"
"大積小学校","福岡県北九州市門司区大字大積974-3","33.92937","130.987524"
"太刀浦公民館","福岡県北九州市門司区大字田野浦1141-1","33.959518","131.002934"
"青浜町民館","福岡県北九州市門司区大字白野江317-2","33.952913","131.018452"
"松ヶ江ふれあい公園","福岡県北九州市門司区大字畑","33.871986","130.976452"
"松ヶ江中学校","福岡県北九州市門司区大字畑2077","33.872443","130.973526"
"松ヶ江北小学校","福岡県北九州市門司区大字畑518","33.883855","130.979932"
"松ヶ江北市民センター","福岡県北九州市門司区大字畑903","33.882081","130.975887"
"柄杓田小学校","福岡県北九州市門司区大字柄杓田1002-1","33.908265","130.991818"
"柄杓田市民サブセンター","福岡県北九州市門司区大字柄杓田1407-14","33.906893","130.994424"
"萩ヶ丘公園","福岡県北九州市門司区大里戸ノ上3-8","33.904855","130.943444"
"萩ヶ丘市民センター","福岡県北九州市門司区大里戸ノ上3-8-1","33.905434","130.942966"
"大森公園","福岡県北九州市門司区大里東1-3","33.913961","130.940232"
"西生寺","福岡県北九州市門司区大里本町1-8-8","33.911968","130.93507"
"佛願寺","福岡県北九州市門司区大里本町2-7-21","33.908729","130.934598"
"大里東小学校","福岡県北九州市門司区中二十町7-1","33.908868","130.941728"
"丸山市民センター","福岡県北九州市門司区長谷1-14-28","33.941846","130.975007"
"田野浦公民館","福岡県北九州市門司区田野浦1-1-5","33.955553","130.989001"
"田野浦小学校","福岡県北九州市門司区田野浦1-18-1","33.955305","130.991562"
"田野浦臨海公園","福岡県北九州市門司区田野浦1-2","33.95723","130.989802"
"西門司小学校","福岡県北九州市門司区東新町1-10-1","33.893108","130.926238"
"老松公園","福岡県北九州市門司区東門司1-12","33.947433","130.969738"
"門司中央小学校","福岡県北九州市門司区東門司2-16-1","33.946931","130.974839"
"藤松小学校","福岡県北九州市門司区藤松1-19-1","33.888011","130.925666"
"門司大翔館高等学校","福岡県北九州市門司区藤松2-7-1","33.88509","130.925991"
"白野江市民センター","福岡県北九州市門司区白野江2-13-1","33.936019","131.005696"
"白野江植物公園","福岡県北九州市門司区白野江2-7-18","33.936451","131.003543"
"白野江小学校","福岡県北九州市門司区白野江3-2-1","33.938602","131.007696"
"古城市民サブセンター","福岡県北九州市門司区浜町6-25","33.951862","130.966953"
"大里公園","福岡県北九州市門司区不老町1-1","33.897387","130.937795"
"大里柔剣道場","福岡県北九州市門司区不老町1-1-4","33.897755","130.934749"
"大里柳小学校","福岡県北九州市門司区不老町2-1-1","33.899529","130.940528"
"風師児童館","福岡県北九州市門司区風師3-9-18","33.932718","130.947651"
"小森江東市民センター","福岡県北九州市門司区風師3-9-20","33.932371","130.947333"
"社会福祉法人英会　すみれそう","福岡県北九州市門司区風師4-12-31","33.929691","130.945463"
"門司総合特別支援学校","福岡県北九州市門司区矢筈町13-1","33.916876","130.944344"
"小森江西市民センター","福岡県北九州市門司区矢筈町5-42","33.918822","130.942553"
"柳西中学校","福岡県北九州市門司区柳原町1-1","33.897541","130.933933"
"豊国学園高等学校","福岡県北九州市門司区柳町4-5-1","33.900806","130.941749"
"緑丘中学校","福岡県北九州市門司区緑ケ丘6-1","33.883452","130.930602"
"庄司公民館","福岡県北九州市門司区老松町6-7","33.945491","130.968992"
"学校法人杉森学園杉森高等学校","福岡県柳川市奥州町3","33.158082","130.407664"
"柳川農村環境改善センター","福岡県柳川市下宮永町132-1","33.149632","130.402365"
"東宮永小学校","福岡県柳川市下宮永町374","33.143638","130.405502"
"医療法人清和会長田病院","福岡県柳川市下宮永町523-1","33.142686","130.402833"
"就業改善センター","福岡県柳川市久々原126-3","33.169934","130.380158"
"医療法人金子病院","福岡県柳川市久々原65","33.168229","130.382086"
"蒲池小学校","福岡県柳川市金納455","33.18739","130.417233"
"蒲池中学校","福岡県柳川市金納455","33.188006","130.417552"
"柳河小学校","福岡県柳川市恵美須町28","33.16901","130.408924"
"ホテルルートイン柳川駅前","福岡県柳川市三橋町下百町210-10","33.16526","130.42038"
"医療法人星子医院","福岡県柳川市三橋町下百町44","33.165924","130.419614"
"藤吉コミュニティセンター","福岡県柳川市三橋町高畑256","33.168192","130.41934"
"柳河特別支援学校（体育館）","福岡県柳川市三橋町今古賀170","33.162638","130.415695"
"垂見コミュニティセンター","福岡県柳川市三橋町垂見1583-2","33.155781","130.443165"
"垂見小学校","福岡県柳川市三橋町垂見1610","33.155091","130.442713"
"三橋中学校","福岡県柳川市三橋町垂見580-1","33.161909","130.440201"
"三橋生涯学習センター（三橋公民館）","福岡県柳川市三橋町正行431-2","33.165495","130.435431"
"三橋総合保健福祉センター","福岡県柳川市三橋町正行476","33.166548","130.43697"
"中山小学校","福岡県柳川市三橋町中山352","33.168972","130.470079"
"中山集会所・中山コミュニティセンター","福岡県柳川市三橋町中山794-2","33.168044","130.466984"
"藤吉小学校","福岡県柳川市三橋町藤吉502","33.164724","130.414784"
"二ツ河小学校","福岡県柳川市三橋町百町735-1","33.176334","130.441588"
"二ツ河コミュニティセンター","福岡県柳川市三橋町木元57","33.176744","130.441566"
"矢ケ部コミュニティセンター","福岡県柳川市三橋町柳河431-1","33.173516","130.412155"
"矢ケ部小学校","福岡県柳川市三橋町柳河460-1","33.173895","130.411611"
"学校法人ハリウッド美容専門学園","福岡県柳川市三橋町柳河55-1","33.172325","130.413432"
"専門学校柳川リハビリテーション学院","福岡県柳川市上宮永町116-1","33.154398","130.404598"
"柳川市民文化会館","福岡県柳川市上宮永町43-1","33.156048","130.404922"
"柳川総合保健福祉センター","福岡県柳川市上宮永町6-3","33.154454","130.400668"
"柳南中学校","福岡県柳川市上宮永町645-2","33.143543","130.395538"
"柳河ふれあいセンター","福岡県柳川市新町5-2","33.163047","130.411447"
"昭代第二小学校","福岡県柳川市西浜武1490","33.166979","130.383226"
"昭代中学校","福岡県柳川市西浜武1494","33.166431","130.383094"
"皿垣コミュニティセンター","福岡県柳川市大和町栄1495-3","33.121968","130.423349"
"皿垣小学校","福岡県柳川市大和町栄1542","33.124021","130.422674"
"大和生涯学習センター（大和公民館）","福岡県柳川市大和町栄231","33.133812","130.429757"
"大和総合保健福祉センター","福岡県柳川市大和町栄234","33.133517","130.429768"
"大和小学校","福岡県柳川市大和町栄563","33.133162","130.419964"
"有明コミュニティセンター","福岡県柳川市大和町皿垣開560-1","33.115877","130.420561"
"有明小学校","福岡県柳川市大和町皿垣開600","33.117546","130.419758"
"大和中学校","福岡県柳川市大和町鷹ノ尾1","33.135354","130.431372"
"大和Ｂ＆Ｇ海洋センター","福岡県柳川市大和町鷹ノ尾106","33.134879","130.432032"
"大和漁村センター（中島コミュニティセンター）","福岡県柳川市大和町中島385","33.120243","130.431341"
"中島小学校","福岡県柳川市大和町中島68","33.122955","130.433057"
"豊原小学校","福岡県柳川市大和町豊原125","33.146749","130.427953"
"豊原コミュニティセンター","福岡県柳川市大和町豊原138-1","33.148428","130.426724"
"大和コミュニティセンター","福岡県柳川市大和町明野426-1","33.135479","130.417033"
"六合小学校","福岡県柳川市大和町六合1661-1","33.13565","130.44339"
"六合コミュニティセンター","福岡県柳川市大和町六合1677","33.136115","130.440931"
"一般財団法人医療・介護・教育研究財団柳川病院","福岡県柳川市筑紫町29","33.167671","130.402081"
"昭代第一小学校","福岡県柳川市田脇810","33.171957","130.379348"
"柳城中学校","福岡県柳川市本城町82-2","33.161953","130.400827"
"伝習館高等学校（体育館等）","福岡県柳川市本町142","33.166467","130.40659"
"柳川市民体育館","福岡県柳川市本町53-1","33.161179","130.40485"
"城内コミュニティ防災センター","福岡県柳川市本町53-1","33.160164","130.404312"
"城内小学校","福岡県柳川市本町84","33.16122","130.40588"
"蒲池農村環境改善センター","福岡県柳川市矢加部251-3","33.184115","130.416699"
"矢留うぶすな館","福岡県柳川市矢留本町150","33.156043","130.393355"
"矢留小学校","福岡県柳川市矢留本町21","33.157007","130.394442"
"医療法人大城医院","福岡県柳川市矢留本町30","33.157797","130.39413"
"有明まほろばセンター","福岡県柳川市有明町1490","33.130459","130.39401"
"両開小学校","福岡県柳川市有明町1750","33.130133","130.392662"