"施設名","所在地","緯度","経度"
"羽島交流センター","鹿児島県いちき串木野市羽島5218","31.759044","130.202018"
"羽島小学校体育館","鹿児島県いちき串木野市羽島5359","31.756427","130.202509"
"土川交流センター","鹿児島県いちき串木野市羽島9675","31.778705","130.181393"
"願船寺","鹿児島県いちき串木野市栄町23","31.716972","130.265494"
"旧冠岳小学校体育館","鹿児島県いちき串木野市冠岳12844-1","31.738531","130.344605"
"冠岳交流センター","鹿児島県いちき串木野市冠岳13511-2","31.743344","130.350892"
"芹ケ野公民館","鹿児島県いちき串木野市芹ケ野15367-2","31.759625","130.306589"
"旭小学校体育館","鹿児島県いちき串木野市金山14067","31.752781","130.29667"
"旭交流センター","鹿児島県いちき串木野市金山14103-1","31.753002","130.297083"
"中央交流センター","鹿児島県いちき串木野市元町236","31.719202","130.266116"
"荒川小学校体育館","鹿児島県いちき串木野市荒川2347-1","31.748192","130.250718"
"荒川交流センター","鹿児島県いちき串木野市荒川2450-1","31.748124","130.251094"
"市民文化センター（中央公民館）","鹿児島県いちき串木野市昭和通133-1","31.714427","130.271234"
"照島小学校体育館","鹿児島県いちき串木野市照島5453-3","31.705916","130.278977"
"働く女性の家","鹿児島県いちき串木野市新生町183","31.710027","130.265155"
"串木野高齢者福祉センター","鹿児島県いちき串木野市新生町183","31.710196","130.265257"
"総合体育館","鹿児島県いちき串木野市生福5298-3","31.718298","130.296057"
"生冠中学校体育館","鹿児島県いちき串木野市生福8551","31.725447","130.312704"
"生福小学校","鹿児島県いちき串木野市生福8605","31.725596","130.311788"
"無量寺","鹿児島県いちき串木野市西島平町375","31.707866","130.270945"
"本浦交流センター","鹿児島県いちき串木野市西浜町1-1","31.717899","130.26269"
"川上小学校体育館","鹿児島県いちき串木野市川上1200","31.713741","130.326099"
"市来川上郵便局","鹿児島県いちき串木野市川上1215-1","31.713333","130.327152"
"川上生活改善センター","鹿児島県いちき串木野市川上1707","31.710058","130.326602"
"川上交流センター","鹿児島県いちき串木野市川上978","31.709415","130.322043"
"川南交流センター","鹿児島県いちき串木野市大里3246-1","31.672732","130.303522"
"市来小学校体育館","鹿児島県いちき串木野市大里3731","31.685556","130.294596"
"市来中学校体育館","鹿児島県いちき串木野市大里3764","31.686329","130.293395"
"市来体育館","鹿児島県いちき串木野市大里5547-1","31.685971","130.29605"
"川北交流センター","鹿児島県いちき串木野市大里5664","31.677819","130.306808"
"串木野体育センター","鹿児島県いちき串木野市長崎町91","31.708926","130.266536"
"串木野小学校体育館","鹿児島県いちき串木野市日出町536","31.718677","130.277785"
"串木野中学校体育館","鹿児島県いちき串木野市日出町700","31.718487","130.279807"
"串木野特別支援学校体育館","鹿児島県いちき串木野市八房1041","31.704907","130.289"
"串木野高等学校体育館","鹿児島県いちき串木野市美住町65","31.710976","130.267816"
"串木野西中学校体育館","鹿児島県いちき串木野市平江20226-1","31.729393","130.264209"
"野平交流センター","鹿児島県いちき串木野市平江20271-5","31.728253","130.262032"
"浄宝寺","鹿児島県いちき串木野市本浜町38","31.718119","130.264437"
"市来高齢者福祉センター","鹿児島県いちき串木野市湊町1-102","31.692396","130.289385"
"いちきアクアホール","鹿児島県いちき串木野市湊町1-102","31.69243","130.289951"
"漁民会館","鹿児島県いちき串木野市湊町1-103","31.693206","130.289432"
"市来保健センター","鹿児島県いちき串木野市湊町1-115","31.693434","130.290297"
"市来保育園","鹿児島県いちき串木野市湊町1-253","31.691365","130.291335"
"西村寺","鹿児島県いちき串木野市湊町1-95","31.694104","130.289298"
"市来農芸高等学校体育館","鹿児島県いちき串木野市湊町160","31.690814","130.295617"
"浄泉寺","鹿児島県いちき串木野市湊町3-93","31.693569","130.293183"
"上名交流センター","鹿児島県いちき串木野市麓817","31.723093","130.288817"
"アロン電機㈱第３工場従業員休憩室","鹿児島県さつま町永野1022-1","31.924708","130.582455"
"久富木区公民館","鹿児島県さつま町久富木1790","31.852417","130.452572"
"盈進小学校","鹿児島県さつま町宮之城屋地1546-3","31.905629","130.454295"
"宮之城鉄道記念館","鹿児島県さつま町宮之城屋地2036-4","31.905328","130.456829"
"宮之城中学校","鹿児島県さつま町宮之城屋地391","31.902177","130.447092"
"屋地楽習館","鹿児島県さつま町宮之城屋地887","31.900913","130.451885"
"薩摩農村環境改善センター","鹿児島県さつま町求名12753-3","31.926454","130.537977"
"旧求名小学校","鹿児島県さつま町求名2737","31.941459","130.531987"
"薩摩中央高等学校","鹿児島県さつま町虎居1900","31.913824","130.451866"
"宮之城伝統工芸センター","鹿児島県さつま町虎居2638-1","31.917451","130.446184"
"県営若草団地集会室","鹿児島県さつま町虎居町9-5","31.909061","130.451167"
"佐志交流館","鹿児島県さつま町広瀬1178","31.919777","130.49308"
"山崎交流館","鹿児島県さつま町山崎853-1","31.865472","130.432315"
"紫尾区公民館","鹿児島県さつま町紫尾349-5","31.960152","130.434847"
"紫尾地区体育館","鹿児島県さつま町紫尾362-1","31.959823","130.434676"
"宮之城トレーニングセンター","鹿児島県さつま町時吉1743","31.916937","130.47447"
"鶴田保健センター","鹿児島県さつま町神子228-1","31.95648","130.477321"
"鶴田小学校","鹿児島県さつま町神子661-3","31.949408","130.480472"
"鶴田中央公民館","鹿児島県さつま町神子666-1","31.94973","130.482053"
"鶴田体育館","鹿児島県さつま町神子668-10","31.950208","130.480013"
"虎居地区公民館","鹿児島県さつま町西新町11-3","31.907493","130.449907"
"宮之城総合体育館","鹿児島県さつま町船木302-1","31.890611","130.454767"
"船木農業構造改善センター","鹿児島県さつま町船木769-1","31.885507","130.449284"
"薩摩小学校","鹿児島県さつま町中津川1999-4","31.905699","130.541018"
"鶴田地区コミュニティセンター","鹿児島県さつま町鶴田3424-1","31.9522","130.494385"
"湯田いきいき研修館","鹿児島県さつま町湯田900-1","31.938709","130.467254"
"二渡営農研修館","鹿児島県さつま町二渡4809","31.870616","130.425809"
"柏原小学校","鹿児島県さつま町柏原1588","31.930794","130.465525"
"柏原地区集会施設ほたる館","鹿児島県さつま町柏原1637-3","31.932008","130.464431"
"泊野地区体育館","鹿児島県さつま町泊野451","31.940581","130.37072"
"うましき里　きららの楽校","鹿児島県さつま町白男川1501-1","31.912626","130.418614"
"柊野地区体育館","鹿児島県さつま町柊野467","31.982515","130.441741"
"平川地区体育館","鹿児島県さつま町平川2009-2","31.939874","130.412824"
"平川区公民館","鹿児島県さつま町平川7446-1","31.940492","130.416326"
"阿久根市立阿久根小学校","鹿児島県阿久根市栄町94","32.01928","130.196716"
"風テラスあくね（市民交流センター）","鹿児島県阿久根市塩鶴町2-2","32.012084","130.193901"
"阿久根市立尾崎小学校","鹿児島県阿久根市山下5916","32.004713","130.240539"
"阿久根市立山下小学校","鹿児島県阿久根市山下834","32.009713","130.213347"
"阿久根市立西目小学校","鹿児島県阿久根市西目1245","31.98758","130.201855"
"阿久根市立みなみ保育園","鹿児島県阿久根市西目2086","31.984395","130.208836"
"西目地区集会施設","鹿児島県阿久根市西目2142-2","31.984246","130.207448"
"番所丘公園","鹿児島県阿久根市西目6812-439","32.004108","130.188079"
"阿久根市総合運動公園","鹿児島県阿久根市赤瀬川2486-1","32.03395","130.213465"
"阿久根市立折多小学校","鹿児島県阿久根市折口1760","32.05926","130.223583"
"折多地区集会施設","鹿児島県阿久根市多田26-5","32.057248","130.225392"
"牛之浜区集落センター","鹿児島県阿久根市大川10676","31.974231","130.210329"
"旧大川中学校・大川小学校屋内運動場","鹿児島県阿久根市大川8250","31.951431","130.219844"
"阿久根市立鶴川内中学校","鹿児島県阿久根市鶴川内10300","32.044052","130.240287"
"鶴川内地区集会施設","鹿児島県阿久根市鶴川内5033-11","32.03177","130.240155"
"阿久根市山村開発センター","鹿児島県阿久根市鶴川内6614-9","31.985048","130.280463"
"阿久根市立田代小学校","鹿児島県阿久根市鶴川内7257","32.009832","130.271606"
"阿久根市立阿久根中学校","鹿児島県阿久根市波留5529","32.013122","130.200355"
"脇本地区公民館隼人分館","鹿児島県阿久根市脇本12047-1","32.123653","130.212455"
"脇本地区公民館","鹿児島県阿久根市脇本7363","32.077094","130.201667"
"阿久根市立三笠中学校","鹿児島県阿久根市脇本7877","32.080913","130.201036"
"阿久根市立脇本小学校","鹿児島県阿久根市脇本8060","32.081169","130.194795"
"永池公園","鹿児島県姶良市永池町11","31.715198","130.613106"
"山田小学校","鹿児島県姶良市下名1018","31.771467","130.612167"
"山田校区コミュニティ協議会事務所","鹿児島県姶良市下名1073-4","31.772087","130.612495"
"山田地区公民館","鹿児島県姶良市下名1188","31.773499","130.614206"
"山田中学校","鹿児島県姶良市下名977","31.770702","130.61106"
"柁城小学校","鹿児島県姶良市加治木町仮屋町248","31.742076","130.664206"
"錦江小学校","鹿児島県姶良市加治木町錦江74","31.737012","130.65933"
"竜門小学校","鹿児島県姶良市加治木町小山田1363","31.764487","130.675323"
"竜門陶芸・健康の里「陶夢ランド」","鹿児島県姶良市加治木町小山田1583-1","31.76248","130.670296"
"加治木工業高校","鹿児島県姶良市加治木町新富町131","31.741505","130.669479"
"天神公園","鹿児島県姶良市加治木町諏訪町11","31.737383","130.668022"
"姶良・伊佐地域振興局本庁舎本館","鹿児島県姶良市加治木町諏訪町12","31.737603","130.669212"
"永原小校区公民館","鹿児島県姶良市加治木町西別府2490","31.765748","130.65117"
"高岡公園","鹿児島県姶良市加治木町西別府2944","31.756688","130.655401"
"永原小学校","鹿児島県姶良市加治木町西別府594","31.764232","130.650863"
"中野地区多目的集会施設","鹿児島県姶良市加治木町日木山1175-5","31.752532","130.686429"
"加治木中学校","鹿児島県姶良市加治木町反土2162","31.74704","130.663767"
"加治木小学校","鹿児島県姶良市加治木町反土2955","31.742509","130.655909"
"辺川地区多目的集会施設","鹿児島県姶良市加治木町辺川801","31.793427","130.659548"
"加治木保健センター","鹿児島県姶良市加治木町本町253","31.739084","130.661615"
"加治木福祉センター","鹿児島県姶良市加治木町本町393","31.739271","130.666543"
"タイヨー西加治木店","鹿児島県姶良市加治木町木田159-2","31.735667","130.656021"
"加治木特別支援学校","鹿児島県姶良市加治木町木田1784","31.728961","130.643357"
"姶良市消防本部","鹿児島県姶良市加治木町木田2040-1","31.734078","130.642781"
"木田自興館","鹿児島県姶良市加治木町木田3409-4","31.747066","130.651061"
"文化会館「加音ホール」","鹿児島県姶良市加治木町木田5348-185","31.730269","130.654629"
"田園パークホスピタル","鹿児島県姶良市蒲生町下久徳462-1","31.755895","130.586409"
"下久徳地区いきいき交流センター","鹿児島県姶良市蒲生町下久徳544-2","31.754691","130.585704"
"蒲生高校","鹿児島県姶良市蒲生町下久徳848-2","31.758084","130.588434"
"久末地区公民館","鹿児島県姶良市蒲生町久末1304","31.756253","130.557267"
"迫地区いきいき交流センター","鹿児島県姶良市蒲生町久末18-6","31.759345","130.56983"
"漆の里「万来館」","鹿児島県姶良市蒲生町漆301-1","31.824806","130.5592"
"漆小学校","鹿児島県姶良市蒲生町漆317","31.824483","130.558047"
"蒲生小学校","鹿児島県姶良市蒲生町上久徳2252","31.764871","130.570426"
"八幡公園","鹿児島県姶良市蒲生町上久徳2271","31.766536","130.56834"
"中央Ａ地区いきいき交流センター","鹿児島県姶良市蒲生町上久徳2516","31.761407","130.574063"
"川東地区いきいき交流センター","鹿児島県姶良市蒲生町上久徳320-2","31.762757","130.578786"
"小川内地区いきいき交流センター","鹿児島県姶良市蒲生町西浦4187-2","31.799489","130.558329"
"西浦小学校","鹿児島県姶良市蒲生町西浦815","31.800786","130.532373"
"姶良市温泉センター「くすの湯」","鹿児島県姶良市蒲生町白男1504","31.771949","130.541004"
"新留地区公民館","鹿児島県姶良市蒲生町白男2834-2","31.783661","130.528907"
"大楠運動公園多目的屋内運動場","鹿児島県姶良市蒲生町白男293-1","31.76435","130.567732"
"蒲生高齢者福祉センター","鹿児島県姶良市蒲生町白男347","31.760594","130.567153"
"結の郷「大山館」","鹿児島県姶良市蒲生町白男5548-1","31.747888","130.50423"
"米丸いきいき交流センター","鹿児島県姶良市蒲生町米丸1618-1","31.780398","130.567133"
"蒲生中学校","鹿児島県姶良市蒲生町北10","31.764161","130.565329"
"スポレク広場「陣ヶ丘」","鹿児島県姶良市蒲生町北2232","31.766952","130.56507"
"蒲生体育館","鹿児島県姶良市蒲生町北24-1","31.764177","130.564187"
"姶良市役所２号館","鹿児島県姶良市宮島町33-1","31.727921","130.627207"
"宮島西公園","鹿児島県姶良市宮島町37-1","31.726746","130.626893"
"三叉コミュニティセンター","鹿児島県姶良市寺師818-3","31.758988","130.60255"
"松原地区公民館","鹿児島県姶良市松原町1-16-2","31.719439","130.628438"
"松原なぎさ小学校","鹿児島県姶良市松原町1-23-1","31.719422","130.630728"
"松原たいこ公園","鹿児島県姶良市松原町2-22-1","31.721429","130.633087"
"上名地区農村振興センター","鹿児島県姶良市上名2683-2","31.782486","130.624185"
"上名村づくり活性センター","鹿児島県姶良市上名303-5","31.783724","130.62094"
"姶良ニュータウン北公園","鹿児島県姶良市西姶良","31.734688","130.600849"
"西姶良小学校","鹿児島県姶良市西姶良1-37-1","31.728189","130.603789"
"姶良ニュータウン中央公園","鹿児島県姶良市西姶良2-21-1","31.731818","130.59958"
"西宮島公園","鹿児島県姶良市西宮島町7-2","31.725733","130.621345"
"県立姶良高等技術専門校","鹿児島県姶良市西餅田1120","31.73248","130.621826"
"帖佐中学校","鹿児島県姶良市西餅田1586","31.740301","130.623502"
"三郷台公園","鹿児島県姶良市西餅田1777-388","31.738902","130.617561"
"青葉台公園","鹿児島県姶良市西餅田1970-73","31.735494","130.6154"
"イオンタウン姶良","鹿児島県姶良市西餅田264-1","31.73222","130.626485"
"姶良小学校","鹿児島県姶良市西餅田2726","31.723053","130.61918"
"姶良高齢者福祉センター","鹿児島県姶良市西餅田3311","31.717394","130.620728"
"働く女性の家","鹿児島県姶良市西餅田3311-1","31.716914","130.621139"
"中央図書館","鹿児島県姶良市西餅田489-3","31.727577","130.625577"
"姶良公民館","鹿児島県姶良市西餅田589","31.731523","130.630374"
"船津公園","鹿児島県姶良市船津1536","31.746785","130.604493"
"三船小学校","鹿児島県姶良市増田399","31.754938","130.600842"
"姶良塩入団地","鹿児島県姶良市東餅田1215-1","31.725086","130.639473"
"グラード姶良店","鹿児島県姶良市東餅田2372-1","31.726144","130.628715"
"建昌小学校","鹿児島県姶良市東餅田2405","31.727268","130.630172"
"帖佐小学校","鹿児島県姶良市鍋倉663","31.743144","130.628316"
"姶良市総合運動公園","鹿児島県姶良市平松2392","31.72478","130.601078"
"ヤマト運輸（株）鹿児島主幹支店","鹿児島県姶良市平松3455","31.719148","130.600727"
"タイヨー重富店","鹿児島県姶良市平松3675-1","31.716301","130.605042"
"重富公園","鹿児島県姶良市平松5076-1","31.712539","130.598293"
"重富小学校","鹿児島県姶良市平松5636","31.706047","130.604194"
"白銀公園","鹿児島県姶良市平松5693-1","31.704606","130.607448"
"重富地区公民館","鹿児島県姶良市平松6252","31.712348","130.608431"
"重富中学校","鹿児島県姶良市平松7092","31.7135","130.615845"
"えぼし館","鹿児島県姶良市北山2659-1","31.858917","130.601895"
"北山小学校","鹿児島県姶良市北山3783","31.821455","130.600931"
"姶良生活改善センター","鹿児島県姶良市北山849-3","31.820414","130.599957"
"郷土芸能等「伝承館」","鹿児島県姶良市北山852-1","31.821497","130.600191"
"木津志出張所","鹿児島県姶良市木津志1844-2","31.821093","130.582189"
"脇元地区公民館","鹿児島県姶良市脇元158","31.703154","130.612628"
"旧大口南中学校校庭","鹿児島県伊佐市大口下殿1678-10","32.022654","130.596146"
"羽月小学校校庭","鹿児島県伊佐市大口下殿531","32.043022","130.591926"
"牛尾小学校校庭","鹿児島県伊佐市大口牛尾298-1","32.088669","130.606505"
"布計地区多目的集会施設広場","鹿児島県伊佐市大口山野3195-1","32.166252","130.596848"
"山野小学校校庭","鹿児島県伊佐市大口山野4334","32.101735","130.575436"
"旧山野西小学校校庭","鹿児島県伊佐市大口小川内573-99","32.133171","130.511291"
"針持小学校校庭","鹿児島県伊佐市大口針持4275-2","31.98254","130.580059"
"曽木小学校校庭","鹿児島県伊佐市大口曽木1753","32.005015","130.601955"
"羽月西小学校校庭","鹿児島県伊佐市大口田代277-2","32.030732","130.541801"
"旧羽月北小学校校庭","鹿児島県伊佐市大口白木1354-37","32.060561","130.527666"
"平出水小学校校庭","鹿児島県伊佐市大口平出水901","32.085308","130.570804"
"大口東小学校校庭","鹿児島県伊佐市大口目丸1286-2","32.059678","130.632976"
"大口小学校校庭","鹿児島県伊佐市大口里1859","32.057471","130.614687"
"湯之尾小学校校庭","鹿児島県伊佐市菱刈川北2463","31.986553","130.662038"
"菱刈小学校校庭","鹿児島県伊佐市菱刈前目2013","32.012529","130.641254"
"菱刈中学校校庭","鹿児島県伊佐市菱刈前目2697","31.998281","130.650257"
"田中小学校校庭","鹿児島県伊佐市菱刈田中1011","32.039134","130.643233"
"南永小学校校庭","鹿児島県伊佐市菱刈南浦1002-5","31.94945","130.659547"
"本城小学校校庭","鹿児島県伊佐市菱刈南浦3449","31.989316","130.6317"
"総合体育館","鹿児島県伊仙町3071","27.688436","128.942451"
"保健福祉会館","鹿児島県伊仙町阿権1542-1","27.709121","128.926253"
"阿権小学校","鹿児島県伊仙町阿権1562","27.708889","128.926359"
"生活館","鹿児島県伊仙町阿三1168-2","27.688122","128.930083"
"生活館","鹿児島県伊仙町阿三2056","27.695361","128.930083"
"鹿浦小学校","鹿児島県伊仙町阿三2206-5","27.691113","128.919781"
"営農センター","鹿児島県伊仙町伊仙1237-2","27.671957","128.941963"
"中央公民館","鹿児島県伊仙町伊仙1842","27.67365","128.937319"
"伊仙小学校","鹿児島県伊仙町伊仙2085","27.673255","128.936482"
"ほーらい館","鹿児島県伊仙町伊仙2575-2","27.673501","128.935177"
"伊仙中学校","鹿児島県伊仙町伊仙2635","27.675935","128.933822"
"未来館","鹿児島県伊仙町伊仙2712","27.672073","128.933023"
"公民館","鹿児島県伊仙町伊仙3508","27.678803","128.930594"
"南西糖業入口・町道","鹿児島県伊仙町伊仙3717","27.677159","128.922029"
"生活館","鹿児島県伊仙町喜念34-1","27.685025","128.992363"
"生活館","鹿児島県伊仙町犬田布1503","27.713048","128.892478"
"犬田布小学校","鹿児島県伊仙町犬田布271","27.713187","128.908382"
"集会場","鹿児島県伊仙町犬田布286-1","27.714482","128.908642"
"犬田布中学校","鹿児島県伊仙町犬田布327","27.711689","128.909053"
"前泊港入口・町道","鹿児島県伊仙町犬田布539","27.709096","128.897492"
"西公民館","鹿児島県伊仙町犬田布778","27.716214","128.909677"
"生活館","鹿児島県伊仙町古里203","27.673947","128.955306"
"面縄駐在所前・町道","鹿児島県伊仙町古里53-8","27.671582","128.960783"
"営農センター","鹿児島県伊仙町佐弁40-7","27.681406","128.987689"
"青少年会館","鹿児島県伊仙町崎原1254-3","27.724137","128.904766"
"営農センター","鹿児島県伊仙町崎原126","27.729241","128.915838"
"生活館","鹿児島県伊仙町糸木名110","27.724759","128.925169"
"糸木名小学校","鹿児島県伊仙町糸木名722","27.733153","128.923773"
"保健福祉館","鹿児島県伊仙町糸木名845-3","27.734484","128.922569"
"青少年会館","鹿児島県伊仙町小島637-2","27.743172","128.910023"
"営農センター","鹿児島県伊仙町中山442-3","27.710968","128.955406"
"馬根小学校","鹿児島県伊仙町馬根475","27.71336","128.948449"
"営農センター","鹿児島県伊仙町八重竿110","27.723125","128.940546"
"東公民館","鹿児島県伊仙町面縄1977","27.676104","128.970303"
"面縄中学校","鹿児島県伊仙町面縄2196","27.673767","128.971051"
"青少年会館","鹿児島県伊仙町面縄2252-1","27.672332","128.969632"
"面縄小学校北側・農道","鹿児島県伊仙町面縄671","27.673342","128.965031"
"上面縄生活館","鹿児島県伊仙町面縄77","27.679266","128.964094"
"町道（木之香バス停付近）","鹿児島県伊仙町木之香171","27.703617","128.907634"
"生活館","鹿児島県伊仙町木之香562-1","27.711177","128.91635"
"西目手久公民館","鹿児島県伊仙町目手久1758","27.680895","128.978401"
"青少年会館","鹿児島県伊仙町目手久410","27.68408","128.980833"
"阿室小中学校","鹿児島県宇検村阿室195","28.256631","129.200229"
"阿室小中学校体育館","鹿児島県宇検村阿室195","28.25648","129.199392"
"芦検公民館","鹿児島県宇検村芦検517-3","28.287175","129.269346"
"宇検防災会館","鹿児島県宇検村宇検544-2","28.295518","129.22919"
"久志小中学校","鹿児島県宇検村久志2","28.286723","129.233159"
"久志小中学校体育館","鹿児島県宇検村久志2","28.287101","129.233325"
"佐念公民館","鹿児島県宇検村佐念134","28.263074","129.236845"
"須古公民館","鹿児島県宇検村須古472-5","28.272245","129.293942"
"生勝公民館","鹿児島県宇検村生勝181-2","28.285411","129.24348"
"田検保育所","鹿児島県宇検村田検102-3","28.284725","129.290471"
"田検中学校体育館","鹿児島県宇検村田検191","28.285646","129.290834"
"田検中学校","鹿児島県宇検村田検191","28.285865","129.290067"
"田検小学校","鹿児島県宇検村田検37","28.285324","129.292894"
"石良公民館","鹿児島県宇検村湯湾1640-8","28.269981","129.311712"
"宇検村地域福祉センター","鹿児島県宇検村湯湾2937-87","28.274235","129.295701"
"宇検村総合体育館","鹿児島県宇検村湯湾2943","28.276139","129.298374"
"宇検診療所","鹿児島県宇検村湯湾37","28.279059","129.294952"
"湯湾会館","鹿児島県宇検村湯湾712-9","28.278815","129.296214"
"湯湾生活館","鹿児島県宇検村湯湾722","28.279965","129.295939"
"役場庁舎会議室","鹿児島県宇検村湯湾915","28.280716","129.297278"
"部連公民館","鹿児島県宇検村部連622-7","28.260905","129.273676"
"平田公民館","鹿児島県宇検村平田59","28.253807","129.20469"
"名柄小中学校体育館","鹿児島県宇検村名柄1263","28.252629","129.249304"
"名柄小中学校","鹿児島県宇検村名柄1263","28.252203","129.24998"
"蒲生崎観光公園","鹿児島県奄美市笠利町屋仁1551","28.497587","129.651104"
"緑が丘小学校","鹿児島県奄美市笠利町喜瀬1570","28.415105","129.656241"
"宇宿農道２５号線（泰氏宅周辺）","鹿児島県奄美市笠利町大字宇宿2592-2","28.4536","129.717508"
"市道蒲生崎線（川上方面）","鹿児島県奄美市笠利町大字屋仁1707","28.489149","129.656536"
"外金久厳島神社","鹿児島県奄美市笠利町大字外金久139-2","28.458983","129.674201"
"市道赤木名・笠利線（笠利方面）","鹿児島県奄美市笠利町大字外金久338-3","28.462504","129.679484"
"三鳥屋（津田氏宅）","鹿児島県奄美市笠利町大字外金久812-2","28.470533","129.669831"
"市道蒲生崎線（赤木名方面）","鹿児島県奄美市笠利町大字外金久７７２先","28.477097","129.664901"
"笠利中学校","鹿児島県奄美市笠利町大字笠利1924","28.490145","129.691292"
"川上石油店","鹿児島県奄美市笠利町大字笠利989","28.484636","129.694027"
"国道５８号（手花部方面）","鹿児島県奄美市笠利町大字喜瀬","28.434494","129.661871"
"喜瀬２市営団地喜瀬２","鹿児島県奄美市笠利町大字喜瀬235","28.422446","129.656091"
"手花部田","鹿児島県奄美市笠利町大字喜瀬2771","28.428247","129.662101"
"市道手花部・打田原線（前肥田方面）","鹿児島県奄美市笠利町大字喜瀬3402-5","28.455612","129.654265"
"鯨浜地区（裏山）","鹿児島県奄美市笠利町大字喜瀬３１３１先","28.446261","129.652508"
"打田原崎原地区（裏山）","鹿児島県奄美市笠利町大字喜瀬３６６７－１先","28.46398","129.651569"
"国道５８号（龍郷町方面）","鹿児島県奄美市笠利町大字喜瀬９４８－１先","28.425224","129.645315"
"佐仁厳島神社","鹿児島県奄美市笠利町大字佐仁2735","28.514174","129.672141"
"楠野地区（裏山）","鹿児島県奄美市笠利町大字佐仁１８１先","28.507171","129.666343"
"市道佐仁・用岬線","鹿児島県奄美市笠利町大字佐仁２９９９先","28.524832","129.680349"
"国道５８号（喜瀬方面）","鹿児島県奄美市笠利町大字手花部2761-1","28.436591","129.662955"
"市道手花部・打田原線（打田原方面）","鹿児島県奄美市笠利町大字手花部2983-5","28.455241","129.655421"
"国道５８号（赤木名方面）","鹿児島県奄美市笠利町大字手花部605-1","28.444712","129.673548"
"前肥田墓地周辺","鹿児島県奄美市笠利町大字手花部３１０５先","28.448429","129.659393"
"須野ダム","鹿児島県奄美市笠利町大字須野2539","28.473699","129.69918"
"奄美市歴史民俗資料館","鹿児島県奄美市笠利町大字須野670","28.471552","129.713442"
"市道節田１４号線（上部）","鹿児島県奄美市笠利町大字節田2266-1","28.41967","129.691837"
"市道手花部・節田線及び農道節田・土浜線交叉周辺","鹿児島県奄美市笠利町大字節田830","28.422311","129.687137"
"市道川上・笠利線（笠利方面）","鹿児島県奄美市笠利町大字川上829-2","28.484234","129.673701"
"徳州会　笠利病院","鹿児島県奄美市笠利町大字中金久120","28.453581","129.676508"
"菅原神社","鹿児島県奄美市笠利町大字中金久83","28.455411","129.67663"
"国道５８号（手花部方面）","鹿児島県奄美市笠利町大字中金久５９７－２先","28.446467","129.673374"
"市道平・土浜線","鹿児島県奄美市笠利町大字平1058","28.415792","129.673358"
"平公民館","鹿児島県奄美市笠利町大字平1874-3","28.426813","129.679222"
"市道東部線","鹿児島県奄美市笠利町大字辺留1071","28.497631","129.690913"
"太陽が丘運動公園","鹿児島県奄美市笠利町大字万屋1164-1","28.44345","129.697488"
"前田氏宅","鹿児島県奄美市笠利町大字万屋２９１先","28.446448","129.708704"
"県道佐仁・万屋・赤木名線（佐仁方面）","鹿児島県奄美市笠利町大字用６０６－１先","28.508016","129.68624"
"旧市道神の子１号線","鹿児島県奄美市笠利町大字用安1465-1","28.405145","129.646159"
"市道喜瀬・用安線","鹿児島県奄美市笠利町大字用安1831","28.407968","129.654331"
"秋葉神社","鹿児島県奄美市笠利町大字里273-1","28.453075","129.679958"
"市道赤木名・和野線","鹿児島県奄美市笠利町大字和野1258-1","28.428592","129.697313"
"市道大塔線","鹿児島県奄美市住用町見里チャ水958","28.283862","129.44161"
"林道滝行線","鹿児島県奄美市住用町山間カズラ勝821","28.24598","129.408105"
"林道山間支線","鹿児島県奄美市住用町山間戸玉５４８－ロ","28.234079","129.426898"
"市道山間市線","鹿児島県奄美市住用町山間持寄470-1","28.231992","129.430817"
"市道青久線","鹿児島県奄美市住用町市青久1722","28.201406","129.438025"
"市小中学校裏畑","鹿児島県奄美市住用町市中里62","28.227589","129.454144"
"林道住用中央東線","鹿児島県奄美市住用町市白畑1072","28.220692","129.448144"
"市道和瀬城線","鹿児島県奄美市住用町城小和瀬1306","28.298248","129.465266"
"林道城線","鹿児島県奄美市住用町城池田34-1","28.297621","129.45849"
"東城小中学校裏山","鹿児島県奄美市住用町摺勝610","28.294984","129.443378"
"森田邸裏山","鹿児島県奄美市住用町摺勝736","28.297283","129.441642"
"市道三太郎線","鹿児島県奄美市住用町石原立篭15","28.264489","129.41041"
"川内集落裏畑","鹿児島県奄美市住用町川内82","28.306693","129.432297"
"山間集落高千穂神社","鹿児島県奄美市住用町大字山間135","28.241823","129.414377"
"市道三太郎線","鹿児島県奄美市住用町東仲間桂勝山1028","28.289857","129.434057"
"中役勝公民館裏山","鹿児島県奄美市住用町役勝192","28.252","129.380505"
"住用中学校裏山","鹿児島県奄美市住用町役勝27","28.255587","129.399485"
"上役勝集落墓地前","鹿児島県奄美市住用町役勝296-25","28.234177","129.372439"
"去勝地区農道横","鹿児島県奄美市住用町役勝去勝117","28.255642","129.387685"
"旧役勝浄水場","鹿児島県奄美市住用町役勝池畑259-12","28.243697","129.372935"
"新和瀬トンネル前広場","鹿児島県奄美市住用町和瀬山地660","28.300426","129.477947"
"旧和瀬浄水場","鹿児島県奄美市住用町和瀬仲山５５７－甲","28.295455","129.476309"
"小浜町１１・１２・１３番地内","鹿児島県奄美市小浜町11","28.38255","129.504016"
"教会（芦花部）","鹿児島県奄美市名瀬芦花部1233","28.440536","129.542695"
"神社（芦花部）","鹿児島県奄美市名瀬芦花部1233","28.440174","129.542827"
"大島高校（校舎）","鹿児島県奄美市名瀬安勝町7-1","28.375026","129.500372"
"高千穂神社","鹿児島県奄美市名瀬井根町19-1","28.375247","129.490291"
"市道本茶線","鹿児島県奄美市名瀬浦上町","28.396582","129.53258"
"名瀬小学校（校舎）","鹿児島県奄美市名瀬永田町1-1","28.376294","129.493195"
"おがみ山","鹿児島県奄美市名瀬永田町14","28.374256","129.495786"
"塩浜町１５番地内","鹿児島県奄美市名瀬塩浜町15","28.38917","129.492423"
"金久中学校（校舎）","鹿児島県奄美市名瀬塩浜町15-10","28.388423","129.492875"
"奄美ポートタワーホテル","鹿児島県奄美市名瀬塩浜町4-12","28.386304","129.49377"
"奄美小学校（校舎）","鹿児島県奄美市名瀬久里町15-10","28.372876","129.497359"
"配田が丘","鹿児島県奄美市名瀬久里町15-10","28.372294","129.496943"
"奄美高校（校舎）","鹿児島県奄美市名瀬古田町1-1","28.371654","129.497992"
"奄美サンプラザホテル","鹿児島県奄美市名瀬港町2-1","28.381088","129.494888"
"丸親ビル","鹿児島県奄美市名瀬港町9-7","28.380703","129.495974"
"水源地","鹿児島県奄美市名瀬根瀬部","28.379906","129.432766"
"神社（根瀬部）","鹿児島県奄美市名瀬根瀬部866","28.381546","129.43167"
"佐大熊町１１番地内","鹿児島県奄美市名瀬佐大熊11","28.387435","129.506683"
"さつき団地","鹿児島県奄美市名瀬佐大熊2447-8","28.394212","129.507371"
"春日町３番地内","鹿児島県奄美市名瀬春日町3","28.368582","129.505482"
"市道春日１号線","鹿児島県奄美市名瀬春日町２１先","28.36251","129.509835"
"伊津部小学校（校舎）","鹿児島県奄美市名瀬小浜町14-1","28.383202","129.503408"
"東が丘団地","鹿児島県奄美市名瀬小浜町17","28.384924","129.505521"
"小俣町４・１４・２７・３０番地内","鹿児島県奄美市名瀬小俣町4","28.369735","129.50292"
"真名津町１１番地内","鹿児島県奄美市名瀬真名津町11","28.363205","129.496119"
"名瀬中学校（校舎）","鹿児島県奄美市名瀬真名津町14-1","28.364542","129.498842"
"名瀬・龍郷線（ゴルフ場方向）","鹿児島県奄美市名瀬大熊町","28.405119","129.518805"
"大熊龍王神社","鹿児島県奄美市名瀬大熊町15","28.40483","129.524497"
"ポンプ室敷地","鹿児島県奄美市名瀬大熊町32","28.406575","129.525257"
"市道伊津部勝１号線（旧採石場方向）","鹿児島県奄美市名瀬大字伊津部勝６５０先","28.331799","129.512787"
"小宿厳島神社","鹿児島県奄美市名瀬大字小宿","28.393327","129.464834"
"市道里～福里間市道","鹿児島県奄美市名瀬大字小宿2581-1","28.38768","129.467865"
"小宿中学校（校舎）","鹿児島県奄美市名瀬大字小宿2788","28.394632","129.46746"
"エコーＡＭＡＭＩ","鹿児島県奄美市名瀬大字小宿291","28.399412","129.464012"
"大島郡医師会病院","鹿児島県奄美市名瀬大字小宿3411","28.386444","129.474393"
"介護老人保健施設　虹の丘","鹿児島県奄美市名瀬大字小宿3416-1","28.385872","129.474676"
"小宿小学校（校舎）","鹿児島県奄美市名瀬大字小宿900","28.394584","129.464783"
"藤田１号耕作道路（神社方向）","鹿児島県奄美市名瀬大字小湊","28.317938","129.535756"
"安木屋場農道","鹿児島県奄美市名瀬大字小湊","28.316042","129.533821"
"奄美看護福祉専門学校","鹿児島県奄美市名瀬大字小湊338-2","28.323934","129.532077"
"大川小中学校（校舎）","鹿児島県奄美市名瀬大字西仲勝1201-3","28.325744","129.508604"
"市道前勝８号線","鹿児島県奄美市名瀬大字西仲勝１０１先","28.321193","129.519031"
"農道安木屋場線","鹿児島県奄美市名瀬大字西仲勝１２４６先","28.324507","129.506095"
"市道朝戸・和瀬線","鹿児島県奄美市名瀬大字朝戸","28.329415","129.495399"
"市道平田・朝戸線","鹿児島県奄美市名瀬大字朝戸９８７先","28.33752","129.495716"
"赤崎公園・千年松方面市道","鹿児島県奄美市名瀬大字朝仁847","28.398196","129.486136"
"市道名瀬勝ボレ松線","鹿児島県奄美市名瀬大字名瀬勝１５９９先","28.329563","129.524689"
"名瀬・瀬戸内線（国直方面）","鹿児島県奄美市名瀬知名瀬","28.3843","129.430592"
"神社（知名瀬）","鹿児島県奄美市名瀬知名瀬2217","28.377671","129.451046"
"農道仲勝線","鹿児島県奄美市名瀬仲勝町","28.378867","129.523722"
"しんまち公園","鹿児島県奄美市名瀬朝仁新町37","28.394398","129.486775"
"東団地：朝仁新町４３・４５・４６・４７番地内","鹿児島県奄美市名瀬朝仁新町43","28.391604","129.486138"
"上原農道","鹿児島県奄美市名瀬朝仁新町5","28.400732","129.483913"
"南海団地：朝仁町９番地内","鹿児島県奄美市名瀬朝仁町9","28.39714","129.481376"
"名瀬徳洲会病院","鹿児島県奄美市名瀬朝日町28-1","28.398747","129.526311"
"朝日中学校（校舎）","鹿児島県奄美市名瀬朝日町29-1","28.398521","129.526938"
"長浜町１６番地内（にっしょう団地）","鹿児島県奄美市名瀬長浜町16","28.394243","129.492843"
"奄美中央病院","鹿児島県奄美市名瀬長浜町16-5","28.394462","129.493478"
"奄美市老人福祉会館","鹿児島県奄美市名瀬長浜町2394","28.39835","129.493077"
"ホテルビッグマリン奄美","鹿児島県奄美市名瀬長浜町27-1","28.396556","129.49533"
"市道塩浜朝に線（赤崎方向）","鹿児島県奄美市名瀬長浜町3","28.390392","129.493431"
"ながはま公園","鹿児島県奄美市名瀬長浜町30","28.397934","129.492712"
"ホテルウエストコート奄美","鹿児島県奄美市名瀬入舟町9-1","28.381589","129.493112"
"市道鳩浜線","鹿児島県奄美市名瀬鳩浜町","28.398337","129.521332"
"慈愛会奄美病院","鹿児島県奄美市名瀬浜里町170","28.397043","129.472257"
"平田町１９番地内（市道平田２６号線）","鹿児島県奄美市名瀬平田町19","28.359861","129.500175"
"平田町２２番地内（市道平田２９号線）","鹿児島県奄美市名瀬平田町22","28.358295","129.499597"
"平田町４番地内","鹿児島県奄美市名瀬平田町4","28.363773","129.502821"
"山田団地","鹿児島県奄美市名瀬平田町7-67","28.362315","129.504841"
"市道平田・朝戸線","鹿児島県奄美市名瀬平田町２１先","28.358899","129.498467"
"奄美市ＡｉＡｉひろば","鹿児島県奄美市名瀬末広町14-10","28.377458","129.495928"
"グランセ末広ビル","鹿児島県奄美市名瀬末広町18-25","28.377161","129.494474"
"第３里見ビル","鹿児島県奄美市名瀬矢之脇町10-5","28.383772","129.492471"
"矢之脇町１４・１５番地内","鹿児島県奄美市名瀬矢之脇町14","28.38386","129.490076"
"らんかん山","鹿児島県奄美市名瀬矢之脇町7","28.382253","129.491276"
"田中一村居住跡","鹿児島県奄美市名瀬有屋町38-3","28.389686","129.529493"
"名瀬・龍郷線（ゴルフ場方向）","鹿児島県奄美市名瀬有良","28.441639","129.533475"
"国立療養所　奄美和光園","鹿児島県奄美市名瀬和光町1700","28.384874","129.516647"
"柳町１７・１９番地内（通称：腰又）","鹿児島県奄美市柳町17","28.380184","129.488465"
"安房小学校","鹿児島県屋久島町安房1264-7","30.319224","130.650879"
"松峯生活館","鹿児島県屋久島町安房1430-20","30.326687","130.650832"
"安房地区公民館","鹿児島県屋久島町安房152-2","30.316275","130.656532"
"総合センター","鹿児島県屋久島町安房187-1","30.316573","130.655568"
"安房中学校","鹿児島県屋久島町安房2371-67","30.311228","130.652415"
"春牧へき地保健福祉館","鹿児島県屋久島町安房2384-5","30.311318","130.648451"
"平野公民館","鹿児島県屋久島町安房2617-205","30.287026","130.632592"
"健康の森公園陸上競技場","鹿児島県屋久島町安房2740-1","30.315671","130.642263"
"安房体育館","鹿児島県屋久島町安房304-1","30.315868","130.65457"
"一湊白川地区避難所","鹿児島県屋久島町一湊2418-78","30.434042","130.483973"
"一湊公民館","鹿児島県屋久島町一湊348-1","30.453337","130.48781"
"一湊小学校","鹿児島県屋久島町一湊488-1","30.450552","130.485236"
"永田果樹会館","鹿児島県屋久島町永田2564-8","30.394192","130.430417"
"ふるさと創生会館","鹿児島県屋久島町永田2872","30.394057","130.425962"
"永田小学校","鹿児島県屋久島町永田2947","30.394971","130.425187"
"吉田コミュニティセンターふれあい館","鹿児島県屋久島町吉田292-2","30.431127","130.459691"
"吉田生活館","鹿児島県屋久島町吉田74","30.433057","130.463588"
"宮之浦児童館","鹿児島県屋久島町宮之浦1260-22","30.434709","130.557983"
"宮之浦公民館","鹿児島県屋久島町宮之浦177-4","30.424036","130.569218"
"宮浦小学校","鹿児島県屋久島町宮之浦2437-1","30.422258","130.573569"
"宮之浦陸上競技場","鹿児島県屋久島町宮之浦2482-1","30.419765","130.576908"
"宮之浦野球場","鹿児島県屋久島町宮之浦2482-1","30.419666","130.575203"
"宮之浦体育館","鹿児島県屋久島町宮之浦2482-5","30.420422","130.57736"
"栗生生活館","鹿児島県屋久島町栗生1735","30.271164","130.424765"
"栗生小学校","鹿児島県屋久島町栗生2270-1","30.275947","130.424985"
"神山小学校","鹿児島県屋久島町原3-1","30.245334","130.580169"
"原公民館","鹿児島県屋久島町原367-1","30.244747","130.578819"
"口永良部島湯向公民館","鹿児島県屋久島町口永良部島1739-8","30.454428","130.247823"
"番屋ヶ峰避難所","鹿児島県屋久島町口永良部島207-4","30.470337","130.176104"
"役場口永良部島出張所","鹿児島県屋久島町口永良部島372","30.463601","130.190295"
"金岳小学校","鹿児島県屋久島町口永良部島656","30.465702","130.19353"
"口永良部島へき地保健福祉館","鹿児島県屋久島町口永良部島656-1","30.465604","130.192347"
"志戸子公民館","鹿児島県屋久島町志戸子72-1","30.447595","130.518201"
"志戸子グラウンド","鹿児島県屋久島町志戸子852-1","30.44641","130.517948"
"小瀬田公民館","鹿児島県屋久島町小瀬田13-11","30.397485","130.641459"
"小瀬田小学校","鹿児島県屋久島町小瀬田1436-88","30.396016","130.636746"
"長峰生活館","鹿児島県屋久島町小瀬田776-7","30.381084","130.659939"
"小島観光農林漁業経営管理施設","鹿児島県屋久島町小島17-11","30.234318","130.536659"
"岳南中学校","鹿児島県屋久島町小島63-23","30.236377","130.535377"
"永久保生活館","鹿児島県屋久島町船行1045-103","30.361521","130.662426"
"船行公民館","鹿児島県屋久島町船行9-2","30.337047","130.65525"
"中間公民館","鹿児島県屋久島町中間703","30.256798","130.432004"
"湯泊生活館","鹿児島県屋久島町湯泊8","30.234485","130.480567"
"椨川生活館","鹿児島県屋久島町楠川1480-1","30.403171","130.620792"
"楠川公民館","鹿児島県屋久島町楠川191","30.413772","130.594306"
"高平公民館","鹿児島県屋久島町麦生318-134","30.271686","130.614362"
"麦生観光農林漁業経営管理施設","鹿児島県屋久島町麦生719-1","30.257189","130.599561"
"尾之間自然休養村管理センター","鹿児島県屋久島町尾之間284","30.238454","130.555091"
"尾之間運動広場","鹿児島県屋久島町尾之間89","30.235111","130.55566"
"八幡小学校","鹿児島県屋久島町平内444-1","30.237289","130.507872"
"平内生活館","鹿児島県屋久島町平内460-20","30.237132","130.504797"
"船間地区研修センター","鹿児島県肝付町岸良1268-1","31.187135","130.990599"
"岸良出張所","鹿児島県肝付町岸良482-1","31.226905","131.003082"
"宮富地区公民館","鹿児島県肝付町宮下1634","31.363436","130.91211"
"新富地区公民館","鹿児島県肝付町新富4048-1","31.342494","130.959557"
"町コミュニティセンター","鹿児島県肝付町新富98","31.344681","130.945338"
"前田地区公民館","鹿児島県肝付町前田3984-1","31.34222","130.935404"
"内之浦総合支所","鹿児島県肝付町南方2643","31.278359","131.074363"
"旧有明小学校体育館","鹿児島県肝付町波見1998","31.340715","131.058222"
"波野中学校体育館","鹿児島県肝付町波野1065","31.351635","130.988477"
"伊実久地区公民館","鹿児島県喜界町伊実久1643-2","28.352033","129.992032"
"羽里地区公民館","鹿児島県喜界町羽里71","28.31016","129.952768"
"夫婦ガジュマル","鹿児島県喜界町蒲生","28.293035","129.971157"
"旧荒木小学校","鹿児島県喜界町荒木90-2","28.299174","129.921253"
"佐手久地区公民館","鹿児島県喜界町佐手久2909-29","28.350724","130.016523"
"山田地区公民館","鹿児島県喜界町山田68","28.308488","129.96043"
"花尾神社","鹿児島県喜界町手久津久1180-2","28.291473","129.93793"
"ムチャカナ公園","鹿児島県喜界町小野津4006-8","28.366349","130.009172"
"シツル崎灯台","鹿児島県喜界町上嘉鉄1247","28.283852","129.947558"
"あゆみ幼稚園","鹿児島県喜界町上嘉鉄3388","28.28261","129.943334"
"上嘉鉄地区振興センター","鹿児島県喜界町上嘉鉄794","28.28344","129.946018"
"城久地区公民館","鹿児島県喜界町城久139","28.312693","129.962874"
"西目地区公民館","鹿児島県喜界町西目63","28.332444","129.972462"
"防災食育センター","鹿児島県喜界町赤連105-1","28.316043","129.94313"
"川嶺地区研修センター","鹿児島県喜界町川嶺1145","28.300231","129.956702"
"平家森公園","鹿児島県喜界町早町213-1","28.343013","129.999479"
"大朝戸地区公民館","鹿児島県喜界町大朝戸956","28.332426","129.971906"
"滝川地区公民館","鹿児島県喜界町滝川1202","28.317684","129.969051"
"埋蔵文化財センター","鹿児島県喜界町滝川1203","28.318152","129.969449"
"中熊地区公民館","鹿児島県喜界町中熊629-1","28.336891","129.968387"
"コーラル団地集会場","鹿児島県喜界町中里1730","28.313087","129.928802"
"池治協同墓地","鹿児島県喜界町島中169","28.324779","129.955098"
"島中地区公民館","鹿児島県喜界町島中1768","28.326356","129.966643"
"白水公民館","鹿児島県喜界町白水535-2","28.331156","129.99756"
"喜界小学校","鹿児島県喜界町湾10","28.319107","129.940248"
"自然休養村管理センター","鹿児島県喜界町湾1588","28.31337","129.933924"
"メンハナ公園","鹿児島県喜界町湾1588-12","28.311841","129.932797"
"総合グラウンド","鹿児島県喜界町湾1588-4","28.314706","129.933512"
"役場コミュニティセンター","鹿児島県喜界町湾1746","28.316744","129.939971"
"喜界中学校","鹿児島県喜界町湾1775","28.317646","129.940813"
"池田小学校","鹿児島県錦江町城元5324","31.243361","130.868167"
"池田地区運動場","鹿児島県錦江町城元5502","31.242266","130.867673"
"錦江町堂之元街区公園","鹿児島県錦江町城元858-1","31.244438","130.784195"
"錦江中学校","鹿児島県錦江町城元940","31.242765","130.788101"
"錦江町総合交流センター","鹿児島県錦江町城元963","31.243004","130.787358"
"神川小学校","鹿児島県錦江町神川3295","31.274681","130.794722"
"神川地区運動場","鹿児島県錦江町神川3306-4","31.272401","130.793535"
"鳥浜公民館","鹿児島県錦江町神川712","31.263947","130.789916"
"宿利原地区運動場","鹿児島県錦江町神川7258","31.268725","130.834162"
"宿利原小学校","鹿児島県錦江町神川7260","31.26795","130.83354"
"川原地区運動場","鹿児島県錦江町田代川原373","31.190011","130.83674"
"花瀬でんしろう館","鹿児島県錦江町田代川原4263-3","31.166516","130.850587"
"大原地区運動場","鹿児島県錦江町田代麓4567-8","31.166911","130.878012"
"大原小学校","鹿児島県錦江町田代麓4818","31.169495","130.882136"
"新田地区運動場","鹿児島県錦江町田代麓5078","31.175834","130.896054"
"田代中学校","鹿児島県錦江町田代麓5624","31.196807","130.843421"
"田代小学校","鹿児島県錦江町田代麓586-1","31.200184","130.84768"
"田代保健福祉センター","鹿児島県錦江町田代麓778-1","31.198595","130.848596"
"錦江町松崎街区公園","鹿児島県錦江町馬場1179","31.237324","130.774018"
"錦江町大橋街区公園","鹿児島県錦江町馬場132-26","31.240899","130.777749"
"大根占小学校","鹿児島県錦江町馬場20","31.242536","130.782771"
"薩摩川内市総合運動公園","鹿児島県薩摩川内市運動公園町3030","31.851441","130.302608"
"手打小学校屋外運動場","鹿児島県薩摩川内市下甑町手打1010","31.638786","129.706255"
"旧西山小学校屋外運動場","鹿児島県薩摩川内市下甑町瀬々野浦270","31.689789","129.694868"
"かのこ幼稚園屋外運動場","鹿児島県薩摩川内市下甑町青瀬382","31.674163","129.723952"
"長浜小学校屋外運動場","鹿児島県薩摩川内市下甑町長浜660","31.701067","129.734386"
"旧子岳小学校屋外運動場","鹿児島県薩摩川内市下甑町片野浦103","31.662343","129.689931"
"川内北中学校屋外運動場","鹿児島県薩摩川内市花木町17-60","31.823478","130.296858"
"寄田運動広場","鹿児島県薩摩川内市寄田町140-1","31.809284","130.184473"
"旧寄田小学校屋外運動場","鹿児島県薩摩川内市寄田町253","31.807733","130.185656"
"旧滄浪小学校屋外運動場","鹿児島県薩摩川内市久見崎町158","31.840806","130.204353"
"亀山小学校屋外運動場","鹿児島県薩摩川内市宮内町1680","31.819707","130.291"
"純心こどもの森屋外運動場","鹿児島県薩摩川内市隈之城町1001","31.801677","130.31028"
"隈之城小学校屋外運動場","鹿児島県薩摩川内市隈之城町1392-1","31.794146","130.313563"
"れいめい高等学校屋外運動場","鹿児島県薩摩川内市隈之城町2205","31.792484","130.304939"
"祁答院中学校屋外運動場","鹿児島県薩摩川内市祁答院町下手190-1","31.868075","130.495068"
"祁答院保健センター","鹿児島県薩摩川内市祁答院町下手41","31.870749","130.494873"
"祁答院轟運動広場","鹿児島県薩摩川内市祁答院町下手6772","31.853954","130.474788"
"旧黒木小学校屋外運動場","鹿児島県薩摩川内市祁答院町黒木123","31.886067","130.524857"
"旧上手小学校屋外運動場","鹿児島県薩摩川内市祁答院町上手578","31.867953","130.511813"
"旧藺牟田小学校屋外運動場","鹿児島県薩摩川内市祁答院町藺牟田108","31.823546","130.487206"
"五代公園","鹿児島県薩摩川内市五代町1911","31.827321","130.278545"
"御陵下公園","鹿児島県薩摩川内市御陵下町25-8","31.831355","130.293028"
"可愛小学校屋外運動場","鹿児島県薩摩川内市御陵下町4-30","31.827673","130.29983"
"川内高等学校屋外運動場","鹿児島県薩摩川内市御陵下町6-3","31.829315","130.300013"
"川内小学校屋外運動場","鹿児島県薩摩川内市向田町1425","31.809669","130.308288"
"峰山小学校屋外運動場","鹿児島県薩摩川内市高江町526-1","31.826413","130.25342"
"高来小学校屋外運動場","鹿児島県薩摩川内市高城町1326","31.852411","130.288945"
"鹿島小学校屋外運動場","鹿児島県薩摩川内市鹿島町藺牟田1501","31.776412","129.790695"
"旧浦内小学校屋外運動場","鹿児島県薩摩川内市上甑町瀬上888","31.859667","129.86621"
"上甑中学校屋外運動場","鹿児島県薩摩川内市上甑町中甑191-1","31.833204","129.868666"
"中津小学校屋外運動場","鹿児島県薩摩川内市上甑町中甑254","31.834231","129.86539"
"旧平良小学校屋外運動場","鹿児島県薩摩川内市上甑町平良377-2","31.799512","129.839361"
"城上小学校屋外運動場","鹿児島県薩摩川内市城上町4525-1","31.878685","130.30034"
"平成中学校屋外運動場","鹿児島県薩摩川内市城上町610","31.871077","130.304382"
"旧吉川小学校屋外運動場","鹿児島県薩摩川内市城上町7080-1","31.920897","130.283829"
"向田公園","鹿児島県薩摩川内市神田町151","31.814472","130.303875"
"水引小学校屋外運動場","鹿児島県薩摩川内市水引町5349-1","31.849838","130.243647"
"水引中学校屋外運動場","鹿児島県薩摩川内市水引町7602-1","31.854835","130.235444"
"旧西方小学校屋外運動場","鹿児島県薩摩川内市西方町3331-1","31.915543","130.224746"
"野間島公園","鹿児島県薩摩川内市中郷1-4","31.830428","130.311113"
"育英小学校屋外運動場","鹿児島県薩摩川内市中郷3-147","31.835295","130.315892"
"平佐東運動広場","鹿児島県薩摩川内市中村町6998","31.837369","130.359612"
"平佐東小学校屋外運動場","鹿児島県薩摩川内市中村町7401","31.84027","130.358989"
"国際交流センター","鹿児島県薩摩川内市天辰町2211-1","31.825305","130.330634"
"八幡小学校屋外運動場","鹿児島県薩摩川内市田海町3683-1","31.872451","130.318818"
"旧鳥丸小学校屋外運動場","鹿児島県薩摩川内市東郷町鳥丸2233","31.890678","130.334138"
"旧藤川小学校屋外運動場","鹿児島県薩摩川内市東郷町藤川916","31.922184","130.320614"
"南瀬地区コミュニティセンター広場","鹿児島県薩摩川内市東郷町南瀬2192-5","31.858984","130.389376"
"東郷学園義務教育学校屋外運動場","鹿児島県薩摩川内市東郷町斧渕4564","31.867906","130.342959"
"門田公園","鹿児島県薩摩川内市東大小路町22","31.824499","130.310085"
"旧高城西中学校屋外運動場","鹿児島県薩摩川内市湯田町4321","31.905598","130.238117"
"旧湯田小学校屋外運動場","鹿児島県薩摩川内市湯田町4422","31.906532","130.238624"
"湯島公園","鹿児島県薩摩川内市湯島町3535-1","31.840347","130.221717"
"旧朝陽小学校屋外運動場","鹿児島県薩摩川内市入来町浦之名12550","31.790929","130.469556"
"入来小学校屋外運動場","鹿児島県薩摩川内市入来町浦之名60","31.806595","130.429592"
"旧大馬越小学校屋外運動場","鹿児島県薩摩川内市入来町浦之名6201","31.779742","130.447843"
"入来中学校屋外運動場","鹿児島県薩摩川内市入来町浦之名7635","31.80246","130.436983"
"副田小学校屋外運動場","鹿児島県薩摩川内市入来町副田2030","31.830238","130.43027"
"入来総合運動場","鹿児島県薩摩川内市入来町副田6029-1","31.820253","130.431035"
"市比野小学校屋外運動場","鹿児島県薩摩川内市樋脇町市比野2805","31.784658","130.404724"
"旧野下小学校屋外運動場","鹿児島県薩摩川内市樋脇町市比野7970","31.749478","130.374026"
"旧藤本小学校屋外運動場","鹿児島県薩摩川内市樋脇町市比野9940","31.740915","130.409665"
"旧倉野小学校屋外運動場","鹿児島県薩摩川内市樋脇町倉野1578","31.851163","130.397276"
"樋脇中学校屋外運動場","鹿児島県薩摩川内市樋脇町塔之原10295","31.800167","130.397073"
"樋脇小学校屋外運動場","鹿児島県薩摩川内市樋脇町塔之原3624","31.817359","130.387819"
"樋脇総合運動場","鹿児島県薩摩川内市樋脇町塔之原8682","31.815527","130.391752"
"永利小学校屋外運動場","鹿児島県薩摩川内市百次町959","31.789497","130.336505"
"川内商工高等学校屋外運動場","鹿児島県薩摩川内市平佐町1835","31.814913","130.322361"
"平佐西小学校屋外運動場","鹿児島県薩摩川内市平佐町2193","31.811759","130.314044"
"川内中央中学校屋外運動場","鹿児島県薩摩川内市平佐町5000","31.818248","130.324686"
"川内南中学校屋外運動場","鹿児島県薩摩川内市平佐町985","31.797935","130.326252"
"旧陽成小学校屋外運動場","鹿児島県薩摩川内市陽成町4630","31.876991","130.267423"
"里小学校屋外運動場","鹿児島県薩摩川内市里町里1601","31.839904","129.919399"
"里中学校屋外運動場","鹿児島県薩摩川内市里町里3377","31.844131","129.918395"
"大里生活センター","鹿児島県三島村大字黒島15","30.835558","129.955968"
"片泊生活センター","鹿児島県三島村大字黒島31-2","30.8336","129.911254"
"片泊ふれあいセンター","鹿児島県三島村大字黒島39-3","30.832608","129.908739"
"大里ふるさとセンター","鹿児島県三島村大字黒島67-4","30.835361","129.953692"
"竹島あいあい会館","鹿児島県三島村大字竹島7","30.81318","130.417643"
"冒険ランドいおうじま","鹿児島県三島村大字硫黄島202-9","30.786328","130.285542"
"硫黄島老人福祉センター","鹿児島県三島村大字硫黄島216","30.780916","130.282326"
"みしまジャンベスクール","鹿児島県三島村大字硫黄島218","30.780331","130.281467"
"三島開発総合センター","鹿児島県三島村大字硫黄島90-61","30.781851","130.277627"
"安楽地区公民館","鹿児島県志布志市志布志町安楽1750-4","31.484758","131.076637"
"安楽小学校","鹿児島県志布志市志布志町安楽1768-1","31.482442","131.077631"
"香月小学校","鹿児島県志布志市志布志町安楽188","31.469863","131.090393"
"志布志運動公園武道館","鹿児島県志布志市志布志町安楽201-13","31.466357","131.090423"
"志布志運動公園体育館","鹿児島県志布志市志布志町安楽201-13","31.46588","131.090599"
"一丁田公民館","鹿児島県志布志市志布志町安楽6142-19","31.46784","131.068644"
"夏井地区公民館","鹿児島県志布志市志布志町夏井485","31.46909","131.135802"
"志布志市役所","鹿児島県志布志市志布志町志布志2-1-1","31.477313","131.099759"
"志布志市文化会館","鹿児島県志布志市志布志町志布志2238-1","31.478684","131.099024"
"香月地区公民館","鹿児島県志布志市志布志町志布志3-28-6","31.46861","131.092844"
"志布志健康ふれあいプラザ","鹿児島県志布志市志布志町志布志3222-1","31.471696","131.099183"
"潤ケ野小学校","鹿児島県志布志市志布志町帖10638","31.513752","131.150245"
"志布志中学校","鹿児島県志布志市志布志町帖3389","31.480705","131.102135"
"帖五区農産加工研修センター","鹿児島県志布志市志布志町帖4789-2","31.506493","131.096211"
"志布志小学校","鹿児島県志布志市志布志町帖6390-3","31.481415","131.107101"
"天神地域ふれあいセンター（旧老人憩いの家）","鹿児島県志布志市志布志町帖6571-9","31.48145","131.111163"
"上田之浦地区山村研修センター","鹿児島県志布志市志布志町田之浦1684-4","31.588749","131.140031"
"旧田之浦中学校","鹿児島県志布志市志布志町田之浦2018","31.561263","131.133609"
"田之浦ふるさと交流館","鹿児島県志布志市志布志町田之浦2038","31.558894","131.132429"
"森山小学校","鹿児島県志布志市志布志町内之倉1642-2","31.531831","131.135265"
"潤ケ野地区営農研修センター","鹿児島県志布志市志布志町内之倉3452-4","31.515387","131.152092"
"旧出水中学校","鹿児島県志布志市志布志町内之倉3500-4","31.518545","131.15146"
"八野地区農業構造改善センター","鹿児島県志布志市志布志町内之倉4525","31.535827","131.184963"
"旧八野小学校","鹿児島県志布志市志布志町内之倉5450","31.536663","131.185996"
"旧四浦小学校","鹿児島県志布志市志布志町内之倉7185","31.577747","131.182224"
"四浦地域ふれあいセンター","鹿児島県志布志市志布志町内之倉7185","31.577734","131.182091"
"松山小学校","鹿児島県志布志市松山町新橋1502","31.579761","131.043955"
"老人福祉センター","鹿児島県志布志市松山町新橋268","31.576914","131.04076"
"やっちくふれあいセンター","鹿児島県志布志市松山町泰野3410","31.564948","131.080289"
"泰野小学校","鹿児島県志布志市松山町泰野3743","31.567943","131.074451"
"松山中学校","鹿児島県志布志市松山町泰野3870","31.569771","131.071233"
"尾野見小学校","鹿児島県志布志市松山町尾野見36-1","31.553023","131.100265"
"尾野見地区公民館","鹿児島県志布志市松山町尾野見44-3","31.55118","131.100272"
"伊﨑田地区公民館","鹿児島県志布志市有明町伊﨑田8846","31.531477","131.051968"
"伊﨑田中学校","鹿児島県志布志市有明町伊﨑田8866","31.533217","131.051123"
"宇都中学校","鹿児島県志布志市有明町原田2256-1","31.480561","131.007674"
"原田小学校","鹿児島県志布志市有明町原田529-2","31.461993","130.99715"
"山重小学校","鹿児島県志布志市有明町山重10873-2","31.524843","130.984498"
"川西地区公民館","鹿児島県志布志市有明町蓬原2249-1","31.484035","131.005787"
"蓬原小学校","鹿児島県志布志市有明町蓬原815","31.481262","131.028441"
"有明小学校","鹿児島県志布志市有明町野井倉1182","31.492263","131.054365"
"有明中学校","鹿児島県志布志市有明町野井倉1582","31.490446","131.053292"
"有明地区公民館","鹿児島県志布志市有明町野井倉1756","31.495458","131.046038"
"有明総合体育館","鹿児島県志布志市有明町野井倉1760-6","31.497828","131.046646"
"通山小学校","鹿児島県志布志市有明町野井倉8304-4","31.455052","131.062597"
"野神小学校","鹿児島県志布志市有明町野神3139","31.492094","130.988442"
"開聞小学校","鹿児島県指宿市開聞十町2399","31.206481","130.535495"
"川尻ふれあい交流館","鹿児島県指宿市開聞川尻4985","31.183498","130.562925"
"旧徳光小学校","鹿児島県指宿市山川岡児ヶ水218-1","31.180046","130.587982"
"成川区民センター","鹿児島県指宿市山川成川1182-1","31.210753","130.62044"
"山川運動場","鹿児島県指宿市山川福元22","31.199602","130.643384"
"指宿特別支援学校","鹿児島県指宿市十二町4193-2","31.220613","130.643158"
"南指宿中学校","鹿児島県指宿市十二町420","31.238765","130.633756"
"西指宿中学校","鹿児島県指宿市新西方1534-2","31.275086","130.586504"
"北指宿中学校","鹿児島県指宿市西方2329","31.268281","130.623546"
"ひまわり公園","鹿児島県鹿屋市旭原町3647-1","31.398795","130.877318"
"大黒小学校グラウンド","鹿児島県鹿屋市下高隈町4623","31.460648","130.880245"
"高隈中学校グラウント","鹿児島県鹿屋市下高隈町568","31.488822","130.88033"
"旧鶴羽小学校グラウンド","鹿児島県鹿屋市花岡町4250","31.412787","130.773753"
"高千穂公園","鹿児島県鹿屋市花岡町434","31.405707","130.773753"
"笠之原公園","鹿児島県鹿屋市笠之原町1167","31.384562","130.893278"
"鹿屋東中学校グラウンド","鹿児島県鹿屋市笠之原町2902","31.396312","130.880628"
"笠野原小学校グラウンド","鹿児島県鹿屋市笠之原町43-6","31.384601","130.889563"
"平南校区公民館広場","鹿児島県鹿屋市輝北町下百引147-1","31.521813","130.906605"
"旧市成小学校グラウンド","鹿児島県鹿屋市輝北町市成1177","31.589571","130.860418"
"輝北中学校グラウンド","鹿児島県鹿屋市輝北町市成2412-1","31.584027","130.871598"
"旧高尾小学校グラウンド","鹿児島県鹿屋市輝北町市成4058","31.570265","130.887623"
"輝北運動場","鹿児島県鹿屋市輝北町上百引2635","31.544908","130.879581"
"多目的グラウンド","鹿児島県鹿屋市輝北町上百引3430-1","31.539753","130.869531"
"市庁舎裏駐車場","鹿児島県鹿屋市共栄町20-1","31.378309","130.852869"
"串良小学校グラウンド","鹿児島県鹿屋市串良町岡崎2110","31.393037","130.958026"
"串良ワッショイ広場","鹿児島県鹿屋市串良町下小原3129-2","31.394282","130.933466"
"細山田小学校グラウンド","鹿児島県鹿屋市串良町細山田4781-2","31.442562","130.925272"
"細山田中学校グラウンド","鹿児島県鹿屋市串良町細山田4943-1","31.439969","130.916862"
"串良公民館細山田分館","鹿児島県鹿屋市串良町細山田4945-1","31.43889","130.915428"
"串良農村環境改善センターグラウンド","鹿児島県鹿屋市串良町上小原2619-4","31.394561","130.91839"
"上小原小学校グラウンド","鹿児島県鹿屋市串良町上小原3473","31.386118","130.916378"
"上小原中学校グラウンド","鹿児島県鹿屋市串良町上小原3514-1","31.384701","130.91721"
"串良ふれあいセンター広場","鹿児島県鹿屋市串良町有里507-1","31.400873","130.957322"
"平和公園","鹿児島県鹿屋市串良町有里5183-1","31.415446","130.928896"
"旧古江小学校グラウンド","鹿児島県鹿屋市古江町756","31.400579","130.770957"
"花岡学園グラウンド","鹿児島県鹿屋市古里町99","31.397917","130.780303"
"下名小学校グラウンド","鹿児島県鹿屋市吾平町下名3062","31.348913","130.89968"
"下名東地区ふれあいセンターグラウンド","鹿児島県鹿屋市吾平町下名311-4","31.350119","130.905337"
"鶴峰西地区ふれあいセンターグラウンド","鹿児島県鹿屋市吾平町上名3771-7","31.298778","130.89226"
"鶴峰東地区ふれあいセンターグラウンド","鹿児島県鹿屋市吾平町上名5985-5","31.309782","130.912494"
"吾平運動場","鹿児島県鹿屋市吾平町上名6372","31.31898","130.906051"
"吾平中学校グラウンド","鹿児島県鹿屋市吾平町上名7520","31.324901","130.902011"
"交流センター湯遊ランドあいら多目的広場","鹿児島県鹿屋市吾平町麓2973","31.332685","130.903343"
"コミュニティーセンター吾平振興会館","鹿児島県鹿屋市吾平町麓3408-1","31.329405","130.899786"
"吾平小学校グラウンド","鹿児島県鹿屋市吾平町麓3630","31.33054","130.896054"
"神野地区ふれあいセンターグラウンド","鹿児島県鹿屋市吾平町麓5290","31.271042","130.913492"
"吾平自然公園","鹿児島県鹿屋市吾平町麓5789","31.269345","130.912011"
"鹿屋中央公園サッカー場","鹿児島県鹿屋市向江町29-1","31.384834","130.848155"
"旧高須中学校グラウンド","鹿児島県鹿屋市高須町1250","31.346861","130.798921"
"西原台小学校グラウンド","鹿児島県鹿屋市今坂町12560-2","31.38342","130.82099"
"農業研修センター運動場","鹿児島県鹿屋市札元1-21-7","31.394869","130.871285"
"寿小学校グラウンド","鹿児島県鹿屋市寿5-20-2","31.38435","130.863257"
"高隈小学校グラウンド","鹿児島県鹿屋市上高隈町69","31.488624","130.873867"
"野里小学校グラウンド","鹿児島県鹿屋市上野町4155","31.371354","130.820047"
"瀬戸山公園","鹿児島県鹿屋市上祓川町9216","31.444947","130.852589"
"新川寿東公園","鹿児島県鹿屋市新川町124","31.378608","130.876643"
"西原小学校グラウンド","鹿児島県鹿屋市西原1-15-3","31.388708","130.840359"
"鹿屋女子高校グラウンド","鹿児島県鹿屋市西原1-24-35","31.385125","130.838214"
"第一鹿屋中学校グラウンド","鹿児島県鹿屋市西原2-1-2","31.384503","130.834893"
"鹿屋運動公園","鹿児島県鹿屋市西原2-2-3","31.384736","130.831855"
"田崎中央公園","鹿児島県鹿屋市川西町3593","31.358272","130.866434"
"田崎中学校グラウンド","鹿児島県鹿屋市川西町4890","31.368171","130.874423"
"川東多目的運動広場","鹿児島県鹿屋市川東町8317-1","31.365748","130.89501"
"鹿屋小学校グラウンド","鹿児島県鹿屋市打馬1-1-6","31.390834","130.85316"
"鹿屋中学校グラウンド","鹿児島県鹿屋市打馬2-24-1","31.399839","130.852991"
"大姶良小学校グラウンド","鹿児島県鹿屋市田淵町1950","31.336977","130.834444"
"大姶良中学校グラウンド","鹿児島県鹿屋市田淵町987","31.337521","130.839461"
"東原小学校グラウンド","鹿児島県鹿屋市東原町5964-1","31.424458","130.882612"
"東原公園","鹿児島県鹿屋市東原町6013-5","31.427123","130.881899"
"南小学校グラウンド","鹿児島県鹿屋市南町192","31.328936","130.867975"
"南町集落センター広場","鹿児島県鹿屋市南町3421","31.327752","130.86415"
"西俣小学校グラウンド","鹿児島県鹿屋市飯隈町2976","31.335278","130.875566"
"旧浜田小学校グラウンド","鹿児島県鹿屋市浜田町560","31.333394","130.805968"
"祓川小学校グラウンド","鹿児島県鹿屋市祓川町4726","31.426295","130.851078"
"桂庵公園","鹿児島県鹿児島市伊敷2-18","31.620419","130.527177"
"みずがめ座公園","鹿児島県鹿児島市伊敷3-8","31.622989","130.528303"
"伊敷小学校（運動場）","鹿児島県鹿児島市伊敷5-19-1","31.626921","130.527524"
"伊敷小学校","鹿児島県鹿児島市伊敷5-19-1","31.62725","130.527615"
"大平田公園","鹿児島県鹿児島市伊敷5-7","31.625753","130.523358"
"伊敷公民館","鹿児島県鹿児島市伊敷5-7-40","31.626003","130.5242"
"伊敷台中学校（運動場）","鹿児島県鹿児島市伊敷台1-3-1","31.621443","130.530002"
"伊敷台福祉館","鹿児島県鹿児島市伊敷台1-31-8","31.624907","130.53547"
"おひつじ座公園","鹿児島県鹿児島市伊敷台1-7","31.621348","130.533088"
"うお座公園","鹿児島県鹿児島市伊敷台2-1","31.622339","130.532009"
"かに座公園","鹿児島県鹿児島市伊敷台2-26","31.627962","130.535397"
"おうし座公園","鹿児島県鹿児島市伊敷台3-1","31.624989","130.53196"
"しし座公園","鹿児島県鹿児島市伊敷台3-18","31.629568","130.535249"
"伊敷台小学校","鹿児島県鹿児島市伊敷台4-20-1","31.631425","130.538774"
"伊敷台小学校（運動場）","鹿児島県鹿児島市伊敷台4-20-1","31.631101","130.539026"
"てんびん座公園","鹿児島県鹿児島市伊敷台4-22","31.631709","130.541132"
"さそり座公園","鹿児島県鹿児島市伊敷台4-37","31.630285","130.546255"
"おとめ座公園","鹿児島県鹿児島市伊敷台5-19","31.62856","130.540347"
"玉里台第一公園","鹿児島県鹿児島市伊敷台6-10","31.627006","130.54268"
"明ヶ窪中央公園","鹿児島県鹿児島市伊敷台7-18","31.628817","130.549805"
"明ヶ窪公園","鹿児島県鹿児島市伊敷台7-8","31.627405","130.547469"
"いて座公園","鹿児島県鹿児島市伊敷台７－４外","31.630364","130.547917"
"清水中学校（運動場）","鹿児島県鹿児島市稲荷町36-29","31.612034","130.566017"
"清水中学校","鹿児島県鹿児島市稲荷町36-29","31.612417","130.565953"
"二軒茶屋公園","鹿児島県鹿児島市宇宿1-24-1","31.548658","130.541713"
"脇田中央公園","鹿児島県鹿児島市宇宿1-54-1","31.544486","130.540305"
"宇宿福祉館","鹿児島県鹿児島市宇宿1-56-10","31.544934","130.539035"
"脇田公園","鹿児島県鹿児島市宇宿3-31-1","31.543799","130.537044"
"南公園","鹿児島県鹿児島市宇宿3-42-1","31.540965","130.536984"
"宇宿小学校（運動場）","鹿児島県鹿児島市宇宿4-21-7","31.545445","130.536233"
"宇宿小学校","鹿児島県鹿児島市宇宿4-21-7","31.545666","130.536522"
"田平公園","鹿児島県鹿児島市宇宿5-26","31.546654","130.532249"
"なかよし公園","鹿児島県鹿児島市宇宿6-20","31.552022","130.527675"
"永仮公園","鹿児島県鹿児島市宇宿6-39","31.55098","130.526022"
"宇宿中間福祉館","鹿児島県鹿児島市宇宿7-14-25","31.552952","130.527206"
"梶原公園","鹿児島県鹿児島市宇宿7-4","31.550512","130.532348"
"中間公園","鹿児島県鹿児島市宇宿8-11","31.556557","130.524549"
"鍋ヶ宇都公園","鹿児島県鹿児島市宇宿9-28-4","31.555008","130.52095"
"花岡公園","鹿児島県鹿児島市永吉1-12","31.599659","130.533539"
"永吉中央公園","鹿児島県鹿児島市永吉1-30","31.600781","130.536319"
"西原商会アリーナ（鹿児島アリーナ）","鹿児島県鹿児島市永吉1-30-1","31.601361","130.535405"
"玉江公園","鹿児島県鹿児島市永吉2-26","31.607738","130.534753"
"あさひ坂公園","鹿児島県鹿児島市永吉2-5","31.604724","130.534252"
"卸本町公園","鹿児島県鹿児島市卸本町5-7","31.516176","130.521902"
"玉江小学校（運動場）","鹿児島県鹿児島市下伊敷1-35-1","31.612979","130.533757"
"玉江小学校","鹿児島県鹿児島市下伊敷1-35-1","31.612449","130.534186"
"栄門公園","鹿児島県鹿児島市下伊敷1-36","31.611747","130.53386"
"伊敷中学校（運動場）","鹿児島県鹿児島市下伊敷2-11-1","31.609718","130.536631"
"日当平公園","鹿児島県鹿児島市下伊敷2-21","31.6194","130.537631"
"日当平住宅集会所","鹿児島県鹿児島市下伊敷2-21-10","31.620274","130.538353"
"上日当平公園","鹿児島県鹿児島市下伊敷2-28","31.621955","130.5414"
"天保山中学校","鹿児島県鹿児島市下荒田2-31-15","31.574908","130.559536"
"天保山中学校（運動場）","鹿児島県鹿児島市下荒田2-31-15","31.574606","130.559187"
"古田ヶ浜公園","鹿児島県鹿児島市下荒田2-45","31.57346","130.558014"
"八幡福祉館","鹿児島県鹿児島市下荒田2-7-33","31.574784","130.553591"
"八幡小学校","鹿児島県鹿児島市下荒田3-25-1","31.571257","130.554384"
"八幡小学校（運動場）","鹿児島県鹿児島市下荒田3-25-1","31.570518","130.554078"
"八幡公園","鹿児島県鹿児島市下荒田3-31","31.569667","130.554059"
"下田公園","鹿児島県鹿児島市下田町725-1","31.648184","130.562568"
"坂之上南公園","鹿児島県鹿児島市下福元町7126-2","31.487046","130.500236"
"野頭公園","鹿児島県鹿児島市下福元町7480-61","31.48692","130.499324"
"福平福祉館","鹿児島県鹿児島市下福元町7587-1","31.48254","130.501753"
"笠松公園","鹿児島県鹿児島市下福元町8969-1","31.49532","130.489537"
"錫山中学校（運動場）","鹿児島県鹿児島市下福元町9856","31.496635","130.453304"
"錫山小中学校","鹿児島県鹿児島市下福元町9856","31.496128","130.453288"
"錫山小学校（運動場）","鹿児島県鹿児島市下福元町9856","31.496471","130.453331"
"野頭さくら公園","鹿児島県鹿児島市下福元町字野頭8465-6","31.486258","130.49281"
"たてばば福祉館","鹿児島県鹿児島市下竜尾町10-30","31.604464","130.560506"
"鹿児島中央高校","鹿児島県鹿児島市加治屋町10-1","31.586396","130.549838"
"加治屋まちの杜公園","鹿児島県鹿児島市加治屋町20-1","31.584543","130.55291"
"花尾小学校（校舎）","鹿児島県鹿児島市花尾町170","31.705036","130.492599"
"花尾小学校（運動場）","鹿児島県鹿児島市花尾町170","31.704743","130.492801"
"花尾地区コミュニティセンター","鹿児島県鹿児島市花尾町4043","31.705702","130.500809"
"丸山公民館","鹿児島県鹿児島市花尾町4479-1","31.703047","130.51637"
"花野小学校","鹿児島県鹿児島市花野光ケ丘1-1-1","31.647248","130.529347"
"花野団地中央公園","鹿児島県鹿児島市花野光ケ丘1-18","31.651292","130.528205"
"花野団地第一公園","鹿児島県鹿児島市花野光ケ丘1-2","31.648301","130.528645"
"花野団地第二公園","鹿児島県鹿児島市花野光ケ丘1-22","31.651715","130.530392"
"花野福祉館","鹿児島県鹿児島市花野光ケ丘1-31-2","31.651932","130.52804"
"花野団地第三公園","鹿児島県鹿児島市花野光ケ丘1-38","31.654188","130.528451"
"花野団地第六公園","鹿児島県鹿児島市花野光ケ丘2-11","31.648114","130.524617"
"花野団地光ヶ丘公園","鹿児島県鹿児島市花野光ケ丘2-32","31.650685","130.526258"
"花野団地第五公園","鹿児島県鹿児島市花野光ケ丘2-42","31.650336","130.523343"
"花野団地第四公園","鹿児島県鹿児島市花野光ケ丘2-56","31.652538","130.525659"
"花野小学校（運動場）","鹿児島県鹿児島市花野光ヶ丘1-1-1","31.646883","130.529245"
"皆与志農村広場","鹿児島県鹿児島市皆与志町3005-1","31.676226","130.520808"
"皆与志小学校（運動場）","鹿児島県鹿児島市皆与志町4307","31.670549","130.519137"
"皆与志小学校","鹿児島県鹿児島市皆与志町4307","31.67084","130.518918"
"中村公園","鹿児島県鹿児島市鴨池1-23","31.567906","130.547584"
"鴨池福祉館","鹿児島県鹿児島市鴨池2-19-17","31.565839","130.551028"
"鴨池児童公園","鹿児島県鹿児島市鴨池2-25","31.563563","130.550363"
"鴨池公民館","鹿児島県鹿児島市鴨池2-32-6","31.563432","130.555358"
"鴨池公園","鹿児島県鹿児島市鴨池31","31.565063","130.558893"
"鴨池緑地公園","鹿児島県鹿児島市鴨池新町41","31.548116","130.558562"
"一倉小学校（運動場）","鹿児島県鹿児島市喜入一倉町3553","31.351041","130.522517"
"一倉校区公民館","鹿児島県鹿児島市喜入一倉町5334-1","31.351612","130.522146"
"一倉小学校","鹿児島県鹿児島市喜入一倉町5335","31.351353","130.523268"
"瀬々串校区公民館","鹿児島県鹿児島市喜入瀬々串町3021-3","31.421998","130.521468"
"瀬々串小学校（運動場）","鹿児島県鹿児島市喜入瀬々串町3103-2","31.422181","130.520281"
"星和公園","鹿児島県鹿児島市喜入瀬々串町604-339","31.432053","130.510009"
"星和コミュニティセンター","鹿児島県鹿児島市喜入瀬々串町604-339","31.432372","130.509943"
"生見小学校（運動場）","鹿児島県鹿児島市喜入生見町1365","31.311582","130.570874"
"森満多目的共同施設","鹿児島県鹿児島市喜入生見町2631-4","31.309583","130.574028"
"田貫えびす館","鹿児島県鹿児島市喜入生見町2848","31.305582","130.581088"
"古久川集落センター","鹿児島県鹿児島市喜入生見町3421","31.303775","130.573256"
"前之浜校区公民館","鹿児島県鹿児島市喜入前之浜町7023","31.342764","130.550432"
"前之浜小学校","鹿児島県鹿児島市喜入前之浜町7036","31.343801","130.551409"
"前之浜小学校（運動場）","鹿児島県鹿児島市喜入前之浜町7036","31.343366","130.551388"
"中名小学校","鹿児島県鹿児島市喜入中名町1079","31.391359","130.532961"
"中名小学校（運動場）","鹿児島県鹿児島市喜入中名町1079","31.391115","130.533299"
"中名校区公民館","鹿児島県鹿児島市喜入中名町1122","31.39232","130.533849"
"中名駅前公園","鹿児島県鹿児島市喜入中名町８４８－１外","31.393594","130.534324"
"喜入小学校（運動場）","鹿児島県鹿児島市喜入町6993","31.374626","130.541135"
"喜入公民館","鹿児島県鹿児島市喜入町7000","31.374563","130.542988"
"喜入中学校（運動場）","鹿児島県鹿児島市喜入町7143","31.37102","130.536427"
"喜入中学校","鹿児島県鹿児島市喜入町7143","31.371258","130.535584"
"きいれの丘","鹿児島県鹿児島市喜入町8462","31.3749","130.53485"
"喜入麓公園","鹿児島県鹿児島市喜入町７０７１－１外２筆","31.363184","130.531595"
"希望ヶ丘公園","鹿児島県鹿児島市希望ケ丘町12","31.538063","130.516216"
"祇園之州緑地公園","鹿児島県鹿児島市祇園之州町61","31.605562","130.573924"
"福祉コミュニティセンター","鹿児島県鹿児島市祇園之洲町1-2","31.604015","130.572415"
"帯迫北公園","鹿児島県鹿児島市吉野1-27","31.648629","130.567958"
"饅頭ヶ丘公園","鹿児島県鹿児島市吉野2-15","31.656185","130.566623"
"ばくっば公園","鹿児島県鹿児島市吉野2-24","31.652914","130.566573"
"下花棚早馬迫公園","鹿児島県鹿児島市吉野2-41","31.658769","130.567189"
"吉野福祉館","鹿児島県鹿児島市吉野町2051-2","31.63556","130.569008"
"吉野小学校","鹿児島県鹿児島市吉野町2472","31.638221","130.56544"
"吉野小学校（運動場）","鹿児島県鹿児島市吉野町2472","31.638055","130.565799"
"吉野中学校","鹿児島県鹿児島市吉野町3074","31.646605","130.57193"
"吉野中学校（運動場）","鹿児島県鹿児島市吉野町3074","31.646337","130.570949"
"吉野東中学校（運動場）","鹿児島県鹿児島市吉野町5003","31.648069","130.584831"
"吉野東福祉館","鹿児島県鹿児島市吉野町5192-5","31.647568","130.584203"
"吉野東小学校（運動場）","鹿児島県鹿児島市吉野町5968-1","31.647891","130.586176"
"吉野東小学校","鹿児島県鹿児島市吉野町5968-1","31.648413","130.586353"
"中別府団地公園","鹿児島県鹿児島市吉野町6086-9","31.645644","130.589416"
"吉野公園","鹿児島県鹿児島市吉野町7955","31.633546","130.594986"
"天神山公園","鹿児島県鹿児島市吉野町807-17","31.634334","130.561734"
"磯ビーチハウス","鹿児島県鹿児島市吉野町9684-2","31.615008","130.575018"
"寺山ふれあい公園","鹿児島県鹿児島市吉野町１０８７７－１５外","31.657649","130.601403"
"吉野あおぞら公園","鹿児島県鹿児島市吉野町３０９５－５３外","31.649394","130.57141"
"御召覧公園","鹿児島県鹿児島市吉野町３２２０外","31.641988","130.572711"
"五本松公園","鹿児島県鹿児島市吉野町３６５２番６８外１１筆","31.651871","130.57164"
"西菖蒲谷公園","鹿児島県鹿児島市吉野町４１９３－２外","31.656022","130.57917"
"中ノ町みどり公園","鹿児島県鹿児島市吉野町８５４７－１外","31.631635","130.580173"
"宮西公民館","鹿児島県鹿児島市宮之浦町1947-20","31.676635","130.566107"
"宮小学校（運動場）","鹿児島県鹿児島市宮之浦町1953","31.676373","130.565101"
"宮小学校","鹿児島県鹿児島市宮之浦町1953","31.676685","130.564903"
"吉水公民館","鹿児島県鹿児島市宮之浦町252-1","31.688169","130.562815"
"宮東公民館","鹿児島県鹿児島市宮之浦町3160-2","31.670315","130.566947"
"魚見第一公園","鹿児島県鹿児島市魚見町110-1","31.539019","130.525396"
"東谷山中学校（運動場）","鹿児島県鹿児島市魚見町120-2","31.54148","130.526055"
"東谷山小学校（運動場）","鹿児島県鹿児島市魚見町124-1","31.540297","130.524032"
"東谷山小学校","鹿児島県鹿児島市魚見町124-1","31.540881","130.523889"
"魚見第三公園","鹿児島県鹿児島市魚見町136-1","31.543007","130.519596"
"魚見第四公園","鹿児島県鹿児島市魚見町156-1","31.543345","130.515819"
"魚見第五公園","鹿児島県鹿児島市魚見町162-2","31.545071","130.518551"
"魚見第二公園","鹿児島県鹿児島市魚見町１２９－１外","31.54144","130.520297"
"玉里第六公園","鹿児島県鹿児島市玉里団地1-3","31.61837","130.545285"
"玉里中央公園","鹿児島県鹿児島市玉里団地1-79","31.620923","130.544489"
"玉里団地福祉館","鹿児島県鹿児島市玉里団地1-79-50","31.618804","130.542518"
"玉里第五公園","鹿児島県鹿児島市玉里団地3-27","31.620426","130.546576"
"坂元小学校（運動場）","鹿児島県鹿児島市玉里団地3-45-1","31.623104","130.549132"
"坂元中学校（運動場）","鹿児島県鹿児島市玉里団地3-45-2","31.623359","130.547704"
"坂元中学校","鹿児島県鹿児島市玉里団地3-45-2","31.62291","130.54779"
"玉里公園","鹿児島県鹿児島市玉里町27","31.612504","130.538612"
"鹿児島女子高校","鹿児島県鹿児島市玉里町27-1","31.61272","130.539603"
"鹿児島女子高校（運動場）","鹿児島県鹿児島市玉里町27-1","31.612256","130.539249"
"錦江台東公園","鹿児島県鹿児島市錦江台1-2","31.506538","130.501272"
"錦江台小学校（運動場）","鹿児島県鹿児島市錦江台1-70-1","31.500363","130.494068"
"錦江台小学校","鹿児島県鹿児島市錦江台1-70-1","31.499919","130.494111"
"ニュー慈眼寺団地公園","鹿児島県鹿児島市錦江台2-13","31.50419","130.499934"
"星和台団地第一公園","鹿児島県鹿児島市錦江台3-12","31.500004","130.497808"
"鹿児島大学（第２体育館）","鹿児島県鹿児島市郡元1-21-24","31.568572","130.54515"
"中郡小学校","鹿児島県鹿児島市郡元2-4-6","31.563974","130.546573"
"中郡小学校（運動場）","鹿児島県鹿児島市郡元2-4-6","31.56349","130.546654"
"本岳ふれあいセンター","鹿児島県鹿児島市郡山岳町2385-1","31.706267","130.442155"
"里岳公民館","鹿児島県鹿児島市郡山岳町440-1","31.683498","130.453198"
"上園公園","鹿児島県鹿児島市郡山町1403-2","31.677191","130.475696"
"郡山中学校","鹿児島県鹿児島市郡山町1500","31.67908","130.469319"
"郡山中学校（運動場）","鹿児島県鹿児島市郡山町1500","31.679291","130.470253"
"郡山早馬公園","鹿児島県鹿児島市郡山町1594","31.674496","130.47021"
"郡山公民館","鹿児島県鹿児島市郡山町168","31.679735","130.477062"
"郡山小学校","鹿児島県鹿児島市郡山町2080","31.68094","130.467453"
"郡山小学校（運動場）","鹿児島県鹿児島市郡山町2080","31.680527","130.46822"
"甲突コミュニティセンター","鹿児島県鹿児島市郡山町2572-1","31.688875","130.466316"
"常盤集落センター","鹿児島県鹿児島市郡山町3158","31.69746","130.459221"
"大浦構造改善センター","鹿児島県鹿児島市郡山町4419-1","31.715652","130.465476"
"八重山公園","鹿児島県鹿児島市郡山町5517-1","31.7257","130.471147"
"郡山中央公園","鹿児島県鹿児島市郡山町１４５７外","31.679749","130.474758"
"ゆたか台公園","鹿児島県鹿児島市郡山町１８３２外","31.678361","130.466924"
"萩別府公民館","鹿児島県鹿児島市犬迫町10862","31.616226","130.47211"
"河頭中学校（運動場）","鹿児島県鹿児島市犬迫町1168","31.642609","130.51267"
"都市農業センター","鹿児島県鹿児島市犬迫町4705","31.63703","130.48128"
"犬迫小学校（運動場）","鹿児島県鹿児島市犬迫町5745","31.629809","130.496722"
"かごしま健康の森公園","鹿児島県鹿児島市犬迫町825","31.644936","130.503296"
"かごしま健康の森公園","鹿児島県鹿児島市犬迫町８２５外","31.646155","130.50523"
"原良第一公園","鹿児島県鹿児島市原良1-4","31.598328","130.538029"
"原良小学校","鹿児島県鹿児島市原良2-1-1","31.597485","130.534784"
"原良第二公園","鹿児島県鹿児島市原良2-4","31.598278","130.534547"
"原良第三公園","鹿児島県鹿児島市原良3-8","31.596054","130.532832"
"かけごし公園","鹿児島県鹿児島市原良4-25","31.593945","130.533636"
"原良小学校（運動場）","鹿児島県鹿児島市原良町2-1-1","31.597156","130.535135"
"古里町川穴１号線（避難道路）","鹿児島県鹿児島市古里町","31.55043","130.650102"
"古里町下村線（避難道路）","鹿児島県鹿児島市古里町","31.549973","130.646508"
"古里町下村赤石線（避難道路）","鹿児島県鹿児島市古里町","31.550649","130.648525"
"古里退避壕","鹿児島県鹿児島市古里町1080-10","31.553064","130.66115"
"鹿児島市改新交流センター（運動場）","鹿児島県鹿児島市古里町262","31.550808","130.649642"
"改新交流センター","鹿児島県鹿児島市古里町262","31.550773","130.650048"
"古里公園","鹿児島県鹿児島市古里町１０７８－５２外","31.553773","130.659018"
"古里（地区）公園","鹿児島県鹿児島市古里町１０７８－５２外","31.553608","130.659055"
"下村退避舎","鹿児島県鹿児島市古里町１６２地先","31.550029","130.647114"
"宮下退避舎","鹿児島県鹿児島市古里町２８６地先","31.550507","130.650938"
"古里町下村避難港","鹿児島県鹿児島市古里町下村","31.549489","130.647414"
"古里町宮下避難港","鹿児島県鹿児島市古里町宮下","31.549892","130.650874"
"向陽小学校（運動場）","鹿児島県鹿児島市向陽1-14-1","31.558637","130.515947"
"向陽台公園","鹿児島県鹿児島市向陽1-25","31.559815","130.517548"
"八洲ハイツ第二公園","鹿児島県鹿児島市向陽1-9","31.55837","130.517326"
"八洲ハイツ第三公園","鹿児島県鹿児島市向陽2-22","31.55613","130.517112"
"広木小学校（校舎）","鹿児島県鹿児島市広木1-4-1","31.564907","130.521428"
"広木小学校（運動場）","鹿児島県鹿児島市広木1-4-1","31.564731","130.521787"
"広木第２公園","鹿児島県鹿児島市広木2-53-1","31.562013","130.519733"
"広木第４公園","鹿児島県鹿児島市広木2-74","31.579616","130.503195"
"広木第３公園","鹿児島県鹿児島市広木3-21","31.56221","130.515597"
"広木第１公園","鹿児島県鹿児島市広木3-4","31.55986","130.5195"
"皇徳寺東公園","鹿児島県鹿児島市皇徳寺台1-23","31.559507","130.496931"
"皇徳寺福祉館","鹿児島県鹿児島市皇徳寺台2-2-2","31.561421","130.495447"
"皇徳寺南公園","鹿児島県鹿児島市皇徳寺台2-21","31.557465","130.495298"
"皇徳寺くらら城公園","鹿児島県鹿児島市皇徳寺台2-50","31.555067","130.492178"
"皇徳寺小学校","鹿児島県鹿児島市皇徳寺台2-50-1","31.556912","130.492728"
"皇徳寺小学校（運動場）","鹿児島県鹿児島市皇徳寺台2-50-1","31.55644","130.492728"
"舟石公園","鹿児島県鹿児島市皇徳寺台3-1241-8","31.558755","130.486575"
"皇徳寺もくせい公園","鹿児島県鹿児島市皇徳寺台3-31","31.563112","130.488279"
"皇徳寺中学校","鹿児島県鹿児島市皇徳寺台3-35-1","31.562628","130.487732"
"皇徳寺中学校（運動場）","鹿児島県鹿児島市皇徳寺台3-35-1","31.561929","130.487294"
"皇徳寺中央公園","鹿児島県鹿児島市皇徳寺台3-4","31.559756","130.491598"
"皇徳寺あすなろ公園","鹿児島県鹿児島市皇徳寺台3-4","31.561093","130.4896"
"ふれあい公園","鹿児島県鹿児島市皇徳寺台3-65","31.560754","130.486812"
"南皇徳寺見晴らし台公園","鹿児島県鹿児島市皇徳寺台3-88","31.559211","130.484661"
"宮川小学校（運動場）","鹿児島県鹿児島市皇徳寺台4-26-1","31.563131","130.484139"
"宮川小学校","鹿児島県鹿児島市皇徳寺台4-26-1","31.563605","130.48415"
"皇徳寺グランド公園","鹿児島県鹿児島市皇徳寺台4-32","31.563692","130.482754"
"皇徳寺北公園","鹿児島県鹿児島市皇徳寺台5-2","31.565477","130.4841"
"皇徳寺西公園","鹿児島県鹿児島市皇徳寺台5-27","31.563943","130.479445"
"皇徳寺しいの木公園","鹿児島県鹿児島市皇徳寺台5-5","31.56603","130.481074"
"荒田小学校","鹿児島県鹿児島市荒田1-30-27","31.575975","130.548419"
"荒田小学校（運動場）","鹿児島県鹿児島市荒田1-30-27","31.575608","130.548365"
"荒田公園","鹿児島県鹿児島市荒田1-49","31.574648","130.548378"
"ルンビ二ー公園","鹿児島県鹿児島市荒田2-15","31.572071","130.551026"
"騎射場公園","鹿児島県鹿児島市荒田2-69","31.569895","130.550308"
"高免小学校（運動場）","鹿児島県鹿児島市高免町32","31.621114","130.68352"
"園山退避舎","鹿児島県鹿児島市高免町400-357","31.614185","130.701782"
"高免退避舎","鹿児島県鹿児島市高免町３地先","31.624241","130.683002"
"浦之前退避舎","鹿児島県鹿児島市高免町４１５地先","31.607593","130.708717"
"高免町浦之前避難港","鹿児島県鹿児島市高免町浦之前","31.607474","130.709763"
"高免町園山避難港","鹿児島県鹿児島市高免町園山","31.614911","130.701961"
"高免町高免避難港","鹿児島県鹿児島市高免町高免","31.624496","130.683086"
"高免４退避壕","鹿児島県鹿児島市高免町三差路195-2","31.618717","130.68562"
"高免１退避壕","鹿児島県鹿児島市高免町大燃崎462-1","31.606074","130.709475"
"高免２退避壕","鹿児島県鹿児島市高免町東園山400-378","31.609588","130.706347"
"高免３退避壕","鹿児島県鹿児島市高免町湯之尻344-200","31.620971","130.695323"
"甲南公園","鹿児島県鹿児島市高麗町23","31.580225","130.550745"
"甲南中学校","鹿児島県鹿児島市高麗町36-32","31.579338","130.55019"
"甲南中学校（運動場）","鹿児島県鹿児島市高麗町36-32","31.579009","130.549971"
"黒神町舟付１号線（避難道路）","鹿児島県鹿児島市黒神町","31.582704","130.708275"
"黒神小学校","鹿児島県鹿児島市黒神町2561","31.592644","130.70815"
"黒神小学校（運動場）","鹿児島県鹿児島市黒神町2561","31.59234","130.708058"
"宇土退避舎","鹿児島県鹿児島市黒神町2585-5","31.598467","130.710415"
"黒神中学校","鹿児島県鹿児島市黒神町647","31.584486","130.70583"
"黒神中学校（運動場）","鹿児島県鹿児島市黒神町647","31.584307","130.70605"
"塩屋ケ元退避舎","鹿児島県鹿児島市黒神町680-10","31.582992","130.708756"
"黒神１退避壕","鹿児島県鹿児島市黒神町690-38-39","31.58449","130.706443"
"黒神町宇土避難港","鹿児島県鹿児島市黒神町宇土","31.599287","130.710068"
"黒神町塩屋ケ元避難港","鹿児島県鹿児島市黒神町塩屋ケ元","31.581937","130.708829"
"黒神２退避壕","鹿児島県鹿児島市黒神町新湯ノ上199","31.588795","130.708995"
"黒神３退避壕","鹿児島県鹿児島市黒神町西宇土2582-83","31.600095","130.70884"
"鹿銀行友会館体育館","鹿児島県鹿児島市坂元町1058","31.636972","130.552239"
"市民体育館","鹿児島県鹿児島市坂之上1-21-1","31.503804","130.515444"
"坂之上福祉館","鹿児島県鹿児島市坂之上4-15-2","31.497762","130.505795"
"鹿児島国際大学","鹿児島県鹿児島市坂之上8-34-1","31.495049","130.496151"
"桜ヶ丘一丁目公園","鹿児島県鹿児島市桜ケ丘1-24","31.559748","130.51271"
"桜ヶ丘北公園","鹿児島県鹿児島市桜ケ丘1-28","31.559871","130.514885"
"桜ヶ丘二丁目公園","鹿児島県鹿児島市桜ケ丘2-16","31.555934","130.512698"
"桜丘西小学校","鹿児島県鹿児島市桜ケ丘2-35","31.554134","130.511074"
"桜ヶ丘三丁目公園","鹿児島県鹿児島市桜ケ丘3-30","31.549788","130.513116"
"桜ヶ丘中央公園","鹿児島県鹿児島市桜ケ丘4-1","31.55339","130.514356"
"桜ヶ丘四丁目公園","鹿児島県鹿児島市桜ケ丘4-10","31.553521","130.517404"
"桜ヶ丘南公園","鹿児島県鹿児島市桜ケ丘5-11","31.549643","130.520895"
"桜ヶ丘五丁目公園","鹿児島県鹿児島市桜ケ丘5-26","31.548217","130.518055"
"桜ヶ丘福祉館","鹿児島県鹿児島市桜ケ丘5-34-2","31.548991","130.51559"
"桜丘東小学校","鹿児島県鹿児島市桜ケ丘6-13","31.547921","130.52175"
"桜ヶ丘六丁目公園","鹿児島県鹿児島市桜ケ丘6-24","31.54535","130.520806"
"桜ヶ丘七丁目公園","鹿児島県鹿児島市桜ケ丘7-10","31.553874","130.522898"
"亀ヶ原公園","鹿児島県鹿児島市桜ケ丘8-16","31.544027","130.528629"
"宇宿台第一公園","鹿児島県鹿児島市桜ケ丘8-32","31.545491","130.52598"
"宇宿台第二公園","鹿児島県鹿児島市桜ケ丘8-9","31.542927","130.528799"
"桜丘中学校（運動場）","鹿児島県鹿児島市桜ヶ丘2-34","31.552291","130.510116"
"桜丘西小学校（運動場）","鹿児島県鹿児島市桜ヶ丘2-35","31.554463","130.51095"
"桜丘東小学校（運動場）","鹿児島県鹿児島市桜ヶ丘6-13","31.548245","130.522222"
"桜ヶ丘ビュータウン公園","鹿児島県鹿児島市桜ヶ丘8-1045-8","31.546495","130.5306"
"横山１退避壕","鹿児島県鹿児島市桜島横山町1722-1","31.587401","130.599901"
"横山３退避壕","鹿児島県鹿児島市桜島横山町1722-1","31.583432","130.602881"
"横山２退避壕","鹿児島県鹿児島市桜島横山町1722-17","31.588652","130.593123"
"桜島港フェリーターミナル","鹿児島県鹿児島市桜島横山町61-4","31.592618","130.600071"
"桜島小池町（赤生原港）避難港","鹿児島県鹿児島市桜島小池町","31.597247","130.604162"
"湯之平避難休憩施設","鹿児島県鹿児島市桜島小池町1025","31.591475","130.629996"
"赤生原港","鹿児島県鹿児島市桜島小池町1448-3","31.597074","130.605235"
"方崎退避壕","鹿児島県鹿児島市桜島小池町1527-1","31.597015","130.599608"
"小池公民館","鹿児島県鹿児島市桜島小池町29-6","31.597307","130.60647"
"桜洲小学校（運動場）","鹿児島県鹿児島市桜島小池町55","31.59739","130.608253"
"桜洲小学校","鹿児島県鹿児島市桜島小池町55","31.597332","130.608816"
"桜島松浦町避難港","鹿児島県鹿児島市桜島松浦町","31.622963","130.649864"
"松浦１退避壕","鹿児島県鹿児島市桜島松浦町103","31.624155","130.651895"
"松浦２退避壕","鹿児島県鹿児島市桜島松浦町20","31.622182","130.649808"
"桜峰小学校","鹿児島県鹿児島市桜島松浦町355","31.62025","130.644049"
"桜峰小学校（運動場）","鹿児島県鹿児島市桜島松浦町355","31.620527","130.643882"
"松浦港","鹿児島県鹿児島市桜島松浦町48-1","31.622887","130.650319"
"桜島西道町避難港","鹿児島県鹿児島市桜島西道町","31.621332","130.637863"
"西道港","鹿児島県鹿児島市桜島西道町171-1","31.62067","130.638267"
"西道退避壕","鹿児島県鹿児島市桜島西道町179-1","31.62057","130.639678"
"桜島赤水町避難港","鹿児島県鹿児島市桜島赤水町","31.572875","130.607865"
"赤水港","鹿児島県鹿児島市桜島赤水町1166","31.572901","130.609797"
"赤水公民館（赤水退避舎）","鹿児島県鹿児島市桜島赤水町1166","31.572919","130.609743"
"赤水３退避壕","鹿児島県鹿児島市桜島赤水町1201","31.572577","130.61218"
"赤水１退避壕","鹿児島県鹿児島市桜島赤水町3629-1","31.577653","130.604346"
"赤水２退避壕","鹿児島県鹿児島市桜島赤水町3629-8","31.578452","130.606562"
"桜島赤生原町（長谷港）避難港","鹿児島県鹿児島市桜島赤生原町","31.603266","130.607218"
"赤生原退避壕","鹿児島県鹿児島市桜島赤生原町169-1","31.601301","130.60894"
"赤生原公民館","鹿児島県鹿児島市桜島赤生原町173","31.602169","130.609224"
"長谷港","鹿児島県鹿児島市桜島赤生原町184-11","31.603896","130.608967"
"桜島藤野町避難港","鹿児島県鹿児島市桜島藤野町","31.61998","130.62398"
"藤野退避壕","鹿児島県鹿児島市桜島藤野町1220","31.620807","130.627532"
"クロマツ親水公園","鹿児島県鹿児島市桜島藤野町1338-1","31.62139","130.633179"
"桜島中学校（運動場）","鹿児島県鹿児島市桜島藤野町1342","31.620765","130.632514"
"桜島中学校","鹿児島県鹿児島市桜島藤野町1342","31.620429","130.632951"
"藤野港","鹿児島県鹿児島市桜島藤野町902-1","31.619508","130.624627"
"桜島二俣町避難港","鹿児島県鹿児島市桜島二俣町","31.626173","130.658521"
"二俣公民館","鹿児島県鹿児島市桜島二俣町224-1","31.625563","130.658566"
"二俣港","鹿児島県鹿児島市桜島二俣町356-3","31.625864","130.658558"
"二俣退避壕","鹿児島県鹿児島市桜島二俣町356-4","31.625566","130.658807"
"桜島白浜町避難港","鹿児島県鹿児島市桜島白浜町","31.626805","130.665272"
"桜峰校区公民館","鹿児島県鹿児島市桜島白浜町1127-1","31.626185","130.664796"
"西白浜公民館","鹿児島県鹿児島市桜島白浜町1128","31.625884","130.665193"
"さくらじま白浜温泉センター","鹿児島県鹿児島市桜島白浜町1269","31.626003","130.66211"
"白浜１退避壕","鹿児島県鹿児島市桜島白浜町2111","31.614285","130.677085"
"白浜２退避壕","鹿児島県鹿児島市桜島白浜町963","31.624865","130.668684"
"東白浜公民館","鹿児島県鹿児島市桜島白浜町967-2","31.625004","130.668922"
"桜島武町避難港","鹿児島県鹿児島市桜島武町","31.612631","130.61638"
"武２退避壕","鹿児島県鹿児島市桜島武町314-1","31.612814","130.61763"
"武港","鹿児島県鹿児島市桜島武町314-5","31.612893","130.61733"
"武公民館","鹿児島県鹿児島市桜島武町344-1","31.613406","130.618697"
"武３退避壕","鹿児島県鹿児島市桜島武町38-1","31.608533","130.612722"
"武１退避壕","鹿児島県鹿児島市桜島武町398-1","31.615381","130.619981"
"桜島保育園","鹿児島県鹿児島市桜島武町648","31.61178","130.620728"
"鶴ケ崎公園","鹿児島県鹿児島市三和町46","31.551108","130.555121"
"中央公民館","鹿児島県鹿児島市山下町5-9","31.595326","130.554447"
"名山小学校","鹿児島県鹿児島市山下町6-43","31.596532","130.555474"
"名山小学校（運動場）","鹿児島県鹿児島市山下町6-43","31.596054","130.555468"
"中央公園","鹿児島県鹿児島市山下町４－１外","31.594063","130.553919"
"谷山北中学校","鹿児島県鹿児島市山田町1690","31.562775","130.504839"
"谷山北中学校（運動場）","鹿児島県鹿児島市山田町1690","31.562208","130.504399"
"谷山北福祉館","鹿児島県鹿児島市山田町2034","31.563784","130.504342"
"平和公園","鹿児島県鹿児島市紫原2-1","31.562248","130.536139"
"ひばり公園","鹿児島県鹿児島市紫原2-20","31.56032","130.535217"
"紫原小学校","鹿児島県鹿児島市紫原2-36-50","31.55911","130.536802"
"紫原小学校（運動場）","鹿児島県鹿児島市紫原2-36-50","31.55886","130.537065"
"紫原南公園","鹿児島県鹿児島市紫原3-24","31.553399","130.537276"
"しいのみ公園","鹿児島県鹿児島市紫原3-48","31.553172","130.534892"
"むらさき公園","鹿児島県鹿児島市紫原4-10","31.558286","130.535107"
"西紫原小学校","鹿児島県鹿児島市紫原4-16-4","31.556179","130.532078"
"西紫原小学校（運動場）","鹿児島県鹿児島市紫原4-16-4","31.555763","130.532572"
"紫原中央公園","鹿児島県鹿児島市紫原4-31","31.559476","130.530925"
"西紫原福祉館","鹿児島県鹿児島市紫原4-37-2","31.55981","130.527962"
"紫原西公園","鹿児島県鹿児島市紫原5-43","31.560965","130.527528"
"西紫原台公園","鹿児島県鹿児島市紫原5-58","31.56038","130.525198"
"紫原福祉館","鹿児島県鹿児島市紫原6-14-1","31.561172","130.532008"
"紫原中学校","鹿児島県鹿児島市紫原6-31-19","31.564346","130.528955"
"紫原中学校（運動場）","鹿児島県鹿児島市紫原6-31-19","31.564003","130.529159"
"つくし公園","鹿児島県鹿児島市紫原6-39","31.564378","130.527926"
"一本桜公園","鹿児島県鹿児島市紫原6-52","31.563835","130.533328"
"紫原北公園","鹿児島県鹿児島市紫原7-16","31.566879","130.524585"
"慈眼寺中公園","鹿児島県鹿児島市慈眼寺町","31.508983","130.50051"
"慈眼寺東公園","鹿児島県鹿児島市慈眼寺町16","31.513695","130.505526"
"中央慈眼寺台第一公園","鹿児島県鹿児島市慈眼寺町26","31.510645","130.504274"
"中央慈眼寺台第二公園","鹿児島県鹿児島市慈眼寺町33","31.50979","130.503068"
"持木町避難港","鹿児島県鹿児島市持木町","31.559344","130.628718"
"持木町持木３号線（避難道路）","鹿児島県鹿児島市持木町","31.556356","130.627926"
"持木２退避壕","鹿児島県鹿児島市持木町160","31.55874","130.627704"
"持木１退避壕","鹿児島県鹿児島市持木町275-2","31.561867","130.628189"
"持木退避舎","鹿児島県鹿児島市持木町２３地先","31.556803","130.628216"
"城跡公園","鹿児島県鹿児島市自由ケ丘1-9","31.540416","130.514496"
"自由ケ丘公園","鹿児島県鹿児島市自由ケ丘2-2","31.543518","130.511097"
"池田公園","鹿児島県鹿児島市自由ケ丘2-25","31.541087","130.510664"
"七ツ島公園","鹿児島県鹿児島市七ツ島1-23-1","31.471729","130.511402"
"若葉第三公園","鹿児島県鹿児島市若葉町36","31.625957","130.54579"
"春山地域公民館","鹿児島県鹿児島市春山町1020-2","31.57657","130.455674"
"都市農村交流センターお茶の里","鹿児島県鹿児島市春山町1065-1","31.579656","130.456412"
"春山小学校","鹿児島県鹿児島市春山町1824-2","31.583955","130.457207"
"春山小学校（運動場）","鹿児島県鹿児島市春山町1824-2","31.583562","130.457024"
"稲村下公民館","鹿児島県鹿児島市小山田町10503","31.657803","130.497644"
"小山田農村広場","鹿児島県鹿児島市小山田町3007","31.655908","130.489982"
"蒲ヶ原公民館","鹿児島県鹿児島市小山田町328","31.656219","130.501207"
"中ノ甲公民館","鹿児島県鹿児島市小山田町6777-3","31.667806","130.484466"
"小山田小学校（運動場）","鹿児島県鹿児島市小山田町9398","31.663699","130.489407"
"小山田小学校","鹿児島県鹿児島市小山田町9398","31.663982","130.489337"
"日之出公園","鹿児島県鹿児島市小松原1-33","31.535412","130.531378"
"小松原市民館","鹿児島県鹿児島市小松原1-48-6","31.534232","130.530031"
"射場前公園","鹿児島県鹿児島市小松原1-68","31.531335","130.52924"
"東開公園","鹿児島県鹿児島市小松原1-7","31.537672","130.535177"
"ラ・サール高校","鹿児島県鹿児島市小松原2-10-1","31.530445","130.527752"
"小松原公園","鹿児島県鹿児島市小松原2-26","31.52762","130.52623"
"中塩屋公園","鹿児島県鹿児島市小松原2-8","31.530966","130.525985"
"長田中学校（運動場）","鹿児島県鹿児島市小川町3-10","31.6007","130.558765"
"長田中学校","鹿児島県鹿児島市小川町3-10","31.60026","130.55906"
"小野市民館","鹿児島県鹿児島市小野3-13-7","31.612354","130.523078"
"小野公園","鹿児島県鹿児島市小野3-34","31.613673","130.512266"
"松原福祉館","鹿児島県鹿児島市松原町2-24","31.586227","130.556938"
"松陽台出合いの公園","鹿児島県鹿児島市松陽台町32-7","31.596274","130.459319"
"松陽台憩いの公園","鹿児島県鹿児島市松陽台町１５０９－２１外","31.595391","130.454933"
"松陽台ふれあい公園","鹿児島県鹿児島市松陽台町５７０－２８６外","31.598164","130.457342"
"松陽台見晴らしの丘公園","鹿児島県鹿児島市松陽台町５９０－１５外","31.595512","130.456033"
"上荒田の杜公園","鹿児島県鹿児島市上荒田町37-19","31.573059","130.541559"
"松元地区保健センター","鹿児島県鹿児島市上谷口町2883","31.604824","130.434165"
"松元中学校（運動場）","鹿児島県鹿児島市上谷口町2994-2","31.601182","130.434865"
"松元中学校","鹿児島県鹿児島市上谷口町2994-2","31.600773","130.434592"
"あいハウジングアリーナ松元（松元平野岡体育館）","鹿児島県鹿児島市上谷口町3400","31.595717","130.428545"
"松元小学校（運動場）","鹿児島県鹿児島市上谷口町956-1","31.606104","130.43513"
"松元小学校","鹿児島県鹿児島市上谷口町956-1","31.60636","130.435253"
"甲南福祉館","鹿児島県鹿児島市上之園町20-15","31.580429","130.547142"
"甲南高校","鹿児島県鹿児島市上之園町23-1","31.579376","130.546269"
"中洲小学校","鹿児島県鹿児島市上之園町28-1","31.579805","130.54416"
"中洲小学校（運動場）","鹿児島県鹿児島市上之園町28-1","31.579377","130.544074"
"甲突川右岸緑地公園","鹿児島県鹿児島市上之園町２－１外","31.583628","130.549296"
"西谷山福祉館","鹿児島県鹿児島市上福元町5740-2","31.528736","130.504573"
"西谷山小学校（運動場）","鹿児島県鹿児島市上福元町6464-1","31.523473","130.501065"
"田辺公園","鹿児島県鹿児島市上福元町５１６９－２０外","31.524835","130.512296"
"上本町公園","鹿児島県鹿児島市上本町1-1","31.601686","130.559062"
"南州公園","鹿児島県鹿児島市上竜尾町２２－１外","31.605904","130.559442"
"草牟田小学校（運動場）","鹿児島県鹿児島市城山2-3-1","31.602995","130.547402"
"草牟田小学校","鹿児島県鹿児島市城山2-3-1","31.603498","130.547348"
"照国公園","鹿児島県鹿児島市城山町1-2","31.594198","130.552298"
"城西中学校（運動場）","鹿児島県鹿児島市城西2-3-12","31.595691","130.539527"
"城西中学校","鹿児島県鹿児島市城西2-3-12","31.596071","130.539243"
"城南小学校","鹿児島県鹿児島市城南町1-1","31.58205","130.561139"
"城南小学校（運動場）","鹿児島県鹿児島市城南町1-1","31.581733","130.561488"
"城南公園","鹿児島県鹿児島市城南町5","31.578978","130.562016"
"常盤公園","鹿児島県鹿児島市常盤2-6-6","31.588776","130.534192"
"新屋敷公園","鹿児島県鹿児島市新屋敷町13-1","31.582378","130.555486"
"塩釜公園","鹿児島県鹿児島市新屋敷町32-4","31.584298","130.558992"
"甲東福祉館","鹿児島県鹿児島市新屋敷町6-35","31.581793","130.556168"
"桜峰校区公民館新島分館","鹿児島県鹿児島市新島町","31.618716","130.72163"
"真砂公園","鹿児島県鹿児島市真砂町55","31.559117","130.553228"
"真砂福祉館","鹿児島県鹿児島市真砂本町50-7","31.55661","130.554687"
"鴨池中学校","鹿児島県鹿児島市真砂本町58-58","31.553866","130.553593"
"鴨池中学校（運動場）","鹿児島県鹿児島市真砂本町58-58","31.553371","130.553781"
"鴨池小学校（運動場）","鹿児島県鹿児島市真砂本町59-28","31.554291","130.552337"
"鴨池小学校","鹿児島県鹿児島市真砂本町59-28","31.554681","130.552664"
"真砂本町公園","鹿児島県鹿児島市真砂本町64","31.557033","130.555048"
"星ヶ峯第十六公園","鹿児島県鹿児島市星ケ峯1-1","31.573774","130.500377"
"星峯東小学校","鹿児島県鹿児島市星ケ峯1-17-1","31.573553","130.503272"
"星ヶ峯第十七公園","鹿児島県鹿児島市星ケ峯1-32","31.571444","130.50293"
"星ヶ峯第十九公園","鹿児島県鹿児島市星ケ峯1-47","31.570275","130.505662"
"星ヶ峯第二十公園","鹿児島県鹿児島市星ケ峯1-62","31.567842","130.504776"
"星ヶ峯中央公園","鹿児島県鹿児島市星ケ峯2-2","31.574019","130.498995"
"星ヶ峯福祉館","鹿児島県鹿児島市星ケ峯2-26-6","31.576404","130.494105"
"星ヶ峯第七公園","鹿児島県鹿児島市星ケ峯2-59","31.572151","130.495036"
"星ヶ峯第十四公園","鹿児島県鹿児島市星ケ峯2-61","31.572935","130.494792"
"星ヶ峯第二公園","鹿児島県鹿児島市星ケ峯3-25","31.580562","130.493533"
"星ヶ峯第八公園","鹿児島県鹿児島市星ケ峯4-24","31.578169","130.488674"
"黒ぢょか公園","鹿児島県鹿児島市星ケ峯4-31","31.579844","130.490646"
"星ヶ峯第九公園","鹿児島県鹿児島市星ケ峯4-42","31.580514","130.485981"
"星峯西小学校","鹿児島県鹿児島市星ケ峯4-9-1","31.578206","130.493317"
"星ヶ峯第十公園","鹿児島県鹿児島市星ケ峯5-12","31.578444","130.483025"
"星ヶ峯第十三公園","鹿児島県鹿児島市星ケ峯5-24","31.575193","130.484501"
"星ヶ峯第十二公園","鹿児島県鹿児島市星ケ峯5-36","31.57362","130.482039"
"星ヶ峯第十一公園","鹿児島県鹿児島市星ケ峯5-5","31.57745","130.485601"
"星ヶ峯第二十二公園","鹿児島県鹿児島市星ケ峯6-20-1","31.574698","130.490979"
"星ヶ峯第二十四公園","鹿児島県鹿児島市星ケ峯6-52","31.569325","130.490332"
"星ヶ峯第二十三公園","鹿児島県鹿児島市星ケ峯6-54-1","31.571695","130.49065"
"大川内公園","鹿児島県鹿児島市星ケ峯6-60","31.571078","130.49319"
"星ヶ峯第二十一公園","鹿児島県鹿児島市星ケ峯6-9-1","31.577152","130.490978"
"せせらぎ公園","鹿児島県鹿児島市星ケ峯２－４０外","31.580004","130.491767"
"星峯東小学校（運動場）","鹿児島県鹿児島市星ヶ峯1-17-1","31.572952","130.503267"
"星ヶ峯第一公園","鹿児島県鹿児島市星ヶ峯3-43","31.581919","130.491534"
"星ヶ峯第三公園","鹿児島県鹿児島市星ヶ峯3-9","31.579037","130.495331"
"星峯中学校（運動場）","鹿児島県鹿児島市星ヶ峯4-10-1","31.578503","130.491665"
"星峯西小学校（運動場）","鹿児島県鹿児島市星ヶ峯4-9-1","31.57795","130.492941"
"上町福祉館","鹿児島県鹿児島市清水町6-27","31.609343","130.566661"
"清水小学校（運動場）","鹿児島県鹿児島市清水町8-15","31.608038","130.566556"
"祇園之州公園","鹿児島県鹿児島市清水町１０－２外","31.604168","130.571498"
"多賀山公園","鹿児島県鹿児島市清水町３９外","31.607059","130.570049"
"清和小学校","鹿児島県鹿児島市清和3-7-1","31.535463","130.509996"
"清和小学校（運動場）","鹿児島県鹿児島市清和3-7-1","31.535162","130.510452"
"伊敷団地第一公園","鹿児島県鹿児島市西伊敷1-29","31.630716","130.528632"
"伊敷中央公園","鹿児島県鹿児島市西伊敷3-16","31.640187","130.530417"
"西伊敷福祉館","鹿児島県鹿児島市西伊敷3-16-17","31.640966","130.530552"
"西伊敷小学校","鹿児島県鹿児島市西伊敷4-12-1","31.640391","130.536139"
"西伊敷小学校（運動場）","鹿児島県鹿児島市西伊敷4-12-1","31.640008","130.53594"
"吉田北中学校（運動場）","鹿児島県鹿児島市西佐多町269","31.737777","130.567956"
"吉田北中学校","鹿児島県鹿児島市西佐多町269","31.737514","130.567736"
"提水流公民館","鹿児島県鹿児島市西佐多町3362","31.73028","130.550172"
"吉田小学校（運動場）","鹿児島県鹿児島市西佐多町53","31.736712","130.568217"
"鹿児島商業高校（運動場）","鹿児島県鹿児島市西坂元町58-1","31.614297","130.551407"
"鹿児島商業高校","鹿児島県鹿児島市西坂元町58-1","31.613934","130.553059"
"坂元台小学校（運動場）","鹿児島県鹿児島市西坂元町58-2","31.616439","130.552629"
"坂元台小学校","鹿児島県鹿児島市西坂元町58-2","31.61616","130.553018"
"西紫原公園","鹿児島県鹿児島市西紫原19-1","31.556767","130.52882"
"西紫原中学校（運動場）","鹿児島県鹿児島市西紫原町26-1","31.558086","130.527778"
"西紫原中学校","鹿児島県鹿児島市西紫原町26-1","31.557677","130.527247"
"梶原迫公園","鹿児島県鹿児島市西紫原町7","31.554313","130.529085"
"山下小学校（運動場）","鹿児島県鹿児島市西千石町15-5","31.59049","130.550502"
"山下小学校","鹿児島県鹿児島市西千石町15-5","31.590991","130.550453"
"清滝公園","鹿児島県鹿児島市西千石町9-1","31.58869","130.54895"
"谷山第二中央公園","鹿児島県鹿児島市西谷山1-4","31.525267","130.506664"
"本城公園","鹿児島県鹿児島市西谷山3-12","31.521374","130.503357"
"西谷山小学校","鹿児島県鹿児島市西谷山4-22-1","31.523883","130.501162"
"不動寺公園","鹿児島県鹿児島市西谷山4-4","31.524295","130.504358"
"西田公園","鹿児島県鹿児島市西田2-14","31.587454","130.540463"
"笑岳寺公園","鹿児島県鹿児島市西田3-34","31.586816","130.535489"
"大峯第一緑地公園","鹿児島県鹿児島市西別府町2794-163","31.592839","130.498362"
"大峯第一公園","鹿児島県鹿児島市西別府町2794-2","31.593614","130.495858"
"武・田上公民館","鹿児島県鹿児島市西別府町3116-127","31.591751","130.504048"
"大峯公園","鹿児島県鹿児島市西別府町3116-75","31.59178","130.502807"
"西有里研修館","鹿児島県鹿児島市西俣町2948","31.678737","130.45592"
"西陵小学校（運動場）","鹿児島県鹿児島市西陵1-11-1","31.57926","130.51585"
"西陵小学校","鹿児島県鹿児島市西陵1-11-1","31.579475","130.516515"
"西陵第二公園","鹿児島県鹿児島市西陵1-13","31.580322","130.51776"
"西陵第一公園","鹿児島県鹿児島市西陵1-26","31.581354","130.515338"
"西陵第四公園","鹿児島県鹿児島市西陵1-31","31.581614","130.517414"
"西陵第八公園","鹿児島県鹿児島市西陵2-13","31.58002","130.513564"
"西陵第十一公園","鹿児島県鹿児島市西陵3-2","31.584007","130.510622"
"西陵第九公園","鹿児島県鹿児島市西陵3-26","31.582761","130.513651"
"西陵第十公園","鹿児島県鹿児島市西陵3-42","31.584777","130.513388"
"西陵中学校（運動場）","鹿児島県鹿児島市西陵5-13-1","31.582493","130.505674"
"西陵中学校","鹿児島県鹿児島市西陵5-13-1","31.581958","130.505728"
"西陵第十二公園","鹿児島県鹿児島市西陵6-10","31.580012","130.505913"
"西陵福祉館","鹿児島県鹿児島市西陵6-10-10","31.579716","130.506221"
"西陵第十三公園","鹿児島県鹿児島市西陵6-17","31.581421","130.503614"
"西陵第十四公園","鹿児島県鹿児島市西陵7-2","31.583966","130.504772"
"西陵第十六公園","鹿児島県鹿児島市西陵7-29","31.585149","130.507959"
"西陵第十五公園","鹿児島県鹿児島市西陵8-28","31.584204","130.501682"
"西陵第十七公園","鹿児島県鹿児島市西陵8-41","31.58499","130.498452"
"石谷小学校（運動場）","鹿児島県鹿児島市石谷町1360","31.612336","130.45982"
"石谷小学校","鹿児島県鹿児島市石谷町1360","31.61267","130.460013"
"天文館公園","鹿児島県鹿児島市千日町9-30","31.588052","130.556072"
"千年団地第二公園","鹿児島県鹿児島市千年1-19","31.635568","130.523379"
"千年団地中央公園","鹿児島県鹿児島市千年2-2","31.638666","130.524278"
"千年公民館","鹿児島県鹿児島市千年2-2-2","31.638235","130.524413"
"千年団地第五公園","鹿児島県鹿児島市千年2-30","31.641077","130.527323"
"千年団地第六公園","鹿児島県鹿児島市千年2-40","31.643592","130.527297"
"川上小学校（運動場）","鹿児島県鹿児島市川上322","31.65221","130.554282"
"川上福祉館","鹿児島県鹿児島市川上町17-2","31.653072","130.553978"
"下花棚公園","鹿児島県鹿児島市川上町2236-2","31.66831","130.564734"
"川上小学校","鹿児島県鹿児島市川上町322","31.652651","130.554593"
"南方小学校（運動場）","鹿児島県鹿児島市川田町1415","31.677906","130.505604"
"南方小学校","鹿児島県鹿児島市川田町1415","31.678169","130.505518"
"泉公園","鹿児島県鹿児島市泉町5-8","31.593933","130.558675"
"草牟田公園","鹿児島県鹿児島市草牟田1-21","31.602587","130.541588"
"城西公民館","鹿児島県鹿児島市草牟田1-21-8","31.602679","130.5411"
"鹿児島工業高校","鹿児島県鹿児島市草牟田2-57-1","31.607978","130.538858"
"大明丘小学校（運動場）","鹿児島県鹿児島市大明ヶ丘1-18-1","31.628922","130.565187"
"大明丘小学校","鹿児島県鹿児島市大明丘1-18-1","31.628583","130.564935"
"大明公園","鹿児島県鹿児島市大明丘3-28","31.633945","130.567308"
"大龍小学校","鹿児島県鹿児島市大竜町11-44","31.606565","130.56285"
"大龍小学校（運動場）","鹿児島県鹿児島市大竜町11-44","31.606057","130.562899"
"港中央公園","鹿児島県鹿児島市谷山港2-5","31.496779","130.525733"
"谷山小学校","鹿児島県鹿児島市谷山中央1-4962","31.522304","130.517402"
"谷山小学校（運動場）","鹿児島県鹿児島市谷山中央1-4962","31.521829","130.517536"
"円明庵公園","鹿児島県鹿児島市谷山中央1-5027","31.522357","130.514225"
"鹿児島キャリアデザイン専門学校（マルチホール）","鹿児島県鹿児島市谷山中央2-4460-3","31.524148","130.520413"
"こまつばら団地公園","鹿児島県鹿児島市谷山中央2-702-33","31.523406","130.524341"
"谷山市民会館","鹿児島県鹿児島市谷山中央3-383-16","31.5188","130.520294"
"東新緑地公園","鹿児島県鹿児島市谷山中央3-383-21","31.519778","130.520218"
"港緑地公園","鹿児島県鹿児島市谷山中央3-383-6","31.518296","130.519682"
"松林寺公園","鹿児島県鹿児島市谷山中央3-4807","31.515626","130.517595"
"島ノ前公園","鹿児島県鹿児島市谷山中央5-34","31.515537","130.512941"
"鳥帽子田公園","鹿児島県鹿児島市谷山中央6-4","31.518169","130.507972"
"谷山恵美須公園","鹿児島県鹿児島市谷山中央6-49","31.513893","130.508816"
"谷山第一中央公園","鹿児島県鹿児島市谷山中央7-29","31.519893","130.512407"
"谷山福祉館","鹿児島県鹿児島市谷山中央7-33-17","31.521797","130.511769"
"大工田公園","鹿児島県鹿児島市谷山中央7-36","31.522519","130.51198"
"谷山中学校（運動場）","鹿児島県鹿児島市谷山中央8-20-5","31.523397","130.510572"
"谷山中学校","鹿児島県鹿児島市谷山中央8-20-5","31.523937","130.510359"
"鹿児島玉龍高校","鹿児島県鹿児島市池之上町20-57","31.610549","130.561445"
"鹿児島玉龍高校（運動場）","鹿児島県鹿児島市池之上町20-57","31.609956","130.561649"
"若宮公園","鹿児島県鹿児島市池之上町8-1","31.62263","130.56793"
"鹿児島市勤労者交流センター（よかセンター）","鹿児島県鹿児島市中央町10","31.584639","130.544479"
"共研公園","鹿児島県鹿児島市中央町14-5","31.58283","130.545908"
"西平公園","鹿児島県鹿児島市中山1-27","31.551897","130.507827"
"角明田公園","鹿児島県鹿児島市中山2-16","31.546361","130.508823"
"大戸平公園","鹿児島県鹿児島市中山2-23","31.549011","130.508306"
"中山小学校（運動場）","鹿児島県鹿児島市中山2-30-3","31.549981","130.503794"
"中山小学校","鹿児島県鹿児島市中山2-30-3","31.549408","130.50389"
"後迫公園","鹿児島県鹿児島市中山2-34","31.551673","130.505428"
"本馬越公園","鹿児島県鹿児島市中山2-5","31.546854","130.511164"
"平馬場公園","鹿児島県鹿児島市中山町1637","31.541249","130.495292"
"鹿児島県医療法人協会立看護専門学校","鹿児島県鹿児島市中山町878-1","31.547172","130.497812"
"中山真方公園","鹿児島県鹿児島市中山町１９５５－３外","31.538433","130.501895"
"鹿児島ふれあいスポーツランド公園","鹿児島県鹿児島市中山町５９１－１外","31.549816","130.493497"
"夏陰公園","鹿児島県鹿児島市長田町36","31.601795","130.547086"
"直木農村広場","鹿児島県鹿児島市直木町2904-1","31.582947","130.426711"
"東昌小学校（運動場）","鹿児島県鹿児島市直木町4307-1","31.584298","130.416631"
"東昌小学校","鹿児島県鹿児島市直木町4307-1","31.584184","130.416374"
"天保山公園","鹿児島県鹿児島市天保山町24","31.572795","130.564594"
"美尾崎公園","鹿児島県鹿児島市田上1-11","31.576241","130.5325"
"田上公園","鹿児島県鹿児島市田上1-25","31.576793","130.529283"
"田上福祉館","鹿児島県鹿児島市田上1-29-9","31.576569","130.528306"
"天神公園","鹿児島県鹿児島市田上2-31","31.575522","130.531065"
"田上小学校","鹿児島県鹿児島市田上5-12-1","31.579474","130.526174"
"田上小学校（運動場）","鹿児島県鹿児島市田上5-12-11","31.578991","130.526746"
"白金台公園","鹿児島県鹿児島市田上5-56","31.575778","130.516483"
"田上台公園","鹿児島県鹿児島市田上台2-40","31.570712","130.522122"
"田上台福祉館","鹿児島県鹿児島市田上台2-40-2","31.570349","130.522005"
"田上団地第五公園","鹿児島県鹿児島市田上台4-18","31.57245","130.516721"
"田上団地公民館","鹿児島県鹿児島市田上台4-18-1","31.572632","130.517018"
"田上団地第四公園","鹿児島県鹿児島市田上台4-29","31.573684","130.515062"
"田上団地第三公園","鹿児島県鹿児島市田上台4-37","31.575882","130.518022"
"田上団地第二公園","鹿児島県鹿児島市田上台4-46","31.574118","130.52063"
"広木公園","鹿児島県鹿児島市田上町３８７１－２外","31.570497","130.513984"
"唐湊公園","鹿児島県鹿児島市唐湊2-5","31.570251","130.533733"
"立山公園","鹿児島県鹿児島市唐湊3-34","31.566305","130.531834"
"唐湊公民館","鹿児島県鹿児島市唐湊3-5-6","31.567856","130.53791"
"鹿児島純心女子高校","鹿児島県鹿児島市唐湊4-22-2","31.564788","130.537485"
"谷山緑地公園","鹿児島県鹿児島市東開町","31.536055","130.533936"
"南小学校","鹿児島県鹿児島市東郡元町13-22","31.552561","130.547061"
"南小学校（運動場）","鹿児島県鹿児島市東郡元町13-22","31.552399","130.547541"
"南中学校（運動場）","鹿児島県鹿児島市東郡元町13-34","31.55344","130.547474"
"ゾウさん公園","鹿児島県鹿児島市東坂元1-12","31.615604","130.560237"
"キリンさん公園","鹿児島県鹿児島市東坂元1-14","31.618404","130.560162"
"リスさん公園","鹿児島県鹿児島市東坂元1-4","31.615464","130.561499"
"坂元公園","鹿児島県鹿児島市東坂元2-40","31.622392","130.555341"
"辻ヶ丘公園","鹿児島県鹿児島市東坂元2-48","31.624433","130.555846"
"坂元福祉館","鹿児島県鹿児島市東坂元2-6-2","31.619388","130.556781"
"鹿児島東高校","鹿児島県鹿児島市東坂元3-28-1","31.622492","130.563008"
"竹の子公園","鹿児島県鹿児島市東坂元3-32","31.620241","130.561611"
"旭ヶ丘ニュータウン第一公園","鹿児島県鹿児島市東坂元4-62","31.62409","130.56524"
"避難緑地","鹿児島県鹿児島市東桜島町","31.554802","130.63499"
"東桜島町中原１号線（避難道路）","鹿児島県鹿児島市東桜島町","31.553787","130.633735"
"東桜島町湯之避難港湯之中央線（避難道路）","鹿児島県鹿児島市東桜島町","31.559841","130.638567"
"東桜島小学校（運動場）","鹿児島県鹿児島市東桜島町17","31.557137","130.630175"
"東桜島小学校","鹿児島県鹿児島市東桜島町17","31.557422","130.62988"
"湯之退避舎","鹿児島県鹿児島市東桜島町357-3","31.556072","130.638092"
"湯之公園","鹿児島県鹿児島市東桜島町515","31.554751","130.63494"
"東桜島中学校（運動場）","鹿児島県鹿児島市東桜島町810","31.552673","130.636552"
"桜島支所（東桜島地区）","鹿児島県鹿児島市東桜島町863-1","31.551622","130.637325"
"湯之港退避舎","鹿児島県鹿児島市東桜島町４１８地先","31.553215","130.632829"
"東桜島２退避壕","鹿児島県鹿児島市東桜島町観音崎1237-4","31.5478","130.639508"
"東桜島町湯之避難港","鹿児島県鹿児島市東桜島町湯之","31.553832","130.631276"
"東桜島１退避壕","鹿児島県鹿児島市東桜島町湯之403","31.554671","130.63229"
"ザビエル公園","鹿児島県鹿児島市東千石町4-1","31.591166","130.551199"
"高見公園","鹿児島県鹿児島市東谷山1-27","31.537931","130.52991"
"笹貫公園","鹿児島県鹿児島市東谷山1-32","31.538407","130.53127"
"砂走公園","鹿児島県鹿児島市東谷山1-63","31.534634","130.526772"
"ＪＡ鹿児島みらい谷山東部支店","鹿児島県鹿児島市東谷山2-22-23","31.533645","130.524316"
"桜川公園","鹿児島県鹿児島市東谷山2-45","31.532797","130.522999"
"清見公園","鹿児島県鹿児島市東谷山3-27","31.529773","130.51821"
"奥公園","鹿児島県鹿児島市東谷山4-20","31.53464","130.521557"
"薬師堂公園","鹿児島県鹿児島市東谷山5-15","31.532747","130.51602"
"上田公園","鹿児島県鹿児島市東谷山5-32","31.529829","130.515107"
"島ノ森公園","鹿児島県鹿児島市東谷山5-39","31.528861","130.513902"
"江月庵公園","鹿児島県鹿児島市東谷山6-30","31.539026","130.520172"
"新入公園","鹿児島県鹿児島市東谷山6-41","31.535655","130.519478"
"東谷山福祉館","鹿児島県鹿児島市東谷山6-45-18","31.534853","130.519673"
"波之平公園","鹿児島県鹿児島市東谷山6-5","31.536393","130.523273"
"入来公園","鹿児島県鹿児島市東谷山7-19","31.54118","130.517364"
"郡山体育館","鹿児島県鹿児島市東俣町1464","31.678333","130.491516"
"郡山東部研修館","鹿児島県鹿児島市東俣町305","31.69079","130.500042"
"大英郡山ハイツ公園","鹿児島県鹿児島市東俣町3924-1","31.6862","130.505254"
"南栄公園","鹿児島県鹿児島市南栄3-17-4","31.514413","130.529842"
"ニワ都市公園","鹿児島県鹿児島市南栄5-10","31.506622","130.518341"
"牛掛公園","鹿児島県鹿児島市南郡元町21-15","31.553407","130.543651"
"松原小学校","鹿児島県鹿児島市南林寺町2-18","31.585741","130.558787"
"松原小学校（運動場）","鹿児島県鹿児島市南林寺町2-18","31.585279","130.559007"
"入佐営農研修センター","鹿児島県鹿児島市入佐町279","31.590476","130.410121"
"入佐農村広場","鹿児島県鹿児島市入佐町279-1","31.591226","130.41044"
"甲東中学校","鹿児島県鹿児島市樋之口町4-38","31.585298","130.554233"
"甲東中学校（運動場）","鹿児島県鹿児島市樋之口町4-38","31.584797","130.554265"
"石橋記念公園","鹿児島県鹿児島市浜町1","31.600057","130.563095"
"武町公民館","鹿児島県鹿児島市武1-12-15","31.581702","130.539084"
"武公園","鹿児島県鹿児島市武1-18-12","31.579755","130.540995"
"武小学校（運動場）","鹿児島県鹿児島市武1-35-31","31.577142","130.538263"
"武小学校","鹿児島県鹿児島市武1-35-31","31.577636","130.538499"
"西郷公園","鹿児島県鹿児島市武2-28","31.583965","130.536835"
"武福祉館","鹿児島県鹿児島市武2-28-7","31.583684","130.536753"
"柳田公園","鹿児島県鹿児島市武3-12","31.577704","130.535968"
"武之台公園","鹿児島県鹿児島市武3-38","31.580107","130.529575"
"武中学校（運動場）","鹿児島県鹿児島市武3-42-1","31.580326","130.53336"
"武中学校","鹿児島県鹿児島市武3-42-1","31.580797","130.533424"
"武岡ピュア公園","鹿児島県鹿児島市武岡1-101","31.58712","130.523648"
"武岡東公園","鹿児島県鹿児島市武岡1-17","31.591003","130.520428"
"武岡南公園","鹿児島県鹿児島市武岡1-27","31.588823","130.522189"
"武岡北公園","鹿児島県鹿児島市武岡1-4","31.591706","130.522626"
"武岡やまびこ公園","鹿児島県鹿児島市武岡1-44","31.589595","130.517931"
"武岡中央公園","鹿児島県鹿児島市武岡2-25","31.592865","130.5148"
"武岡小学校（運動場）","鹿児島県鹿児島市武岡2-30-1","31.591418","130.517762"
"武岡小学校","鹿児島県鹿児島市武岡2-30-1","31.591839","130.517333"
"武岡ハイランド第二公園","鹿児島県鹿児島市武岡4-18","31.594924","130.511594"
"武岡ハイランド第一公園","鹿児島県鹿児島市武岡4-32","31.593179","130.509942"
"武岡ハイランド第五公園","鹿児島県鹿児島市武岡5-26","31.59701","130.508144"
"武岡ハイランド第六公園","鹿児島県鹿児島市武岡5-28","31.596124","130.506746"
"武岡福祉館","鹿児島県鹿児島市武岡5-3-8","31.596682","130.510322"
"武岡ハイランド第三公園","鹿児島県鹿児島市武岡5-4","31.596669","130.510678"
"武岡ニュータウン公園","鹿児島県鹿児島市武岡5-49","31.599559","130.507236"
"武岡中学校","鹿児島県鹿児島市武岡5-50-1","31.599637","130.508685"
"武岡中学校（運動場）","鹿児島県鹿児島市武岡5-50-1","31.600281","130.50876"
"武岡台小学校","鹿児島県鹿児島市武岡6-1-1","31.596076","130.514886"
"武岡台小学校（運動場）","鹿児島県鹿児島市武岡6-1-1","31.596418","130.515626"
"松陽高校","鹿児島県鹿児島市福山町573","31.599347","130.453267"
"平川福祉館","鹿児島県鹿児島市平川町3511-1","31.450704","130.512891"
"平川小学校","鹿児島県鹿児島市平川町3795","31.449769","130.514429"
"平川小学校（運動場）","鹿児島県鹿児島市平川町3795","31.449409","130.514418"
"鹿児島医療技術専門学校","鹿児島県鹿児島市平川町5417-1","31.433844","130.506807"
"福平中学校（運動場）","鹿児島県鹿児島市平川町6004","31.477801","130.49746"
"福平中学校","鹿児島県鹿児島市平川町6004","31.47725","130.497525"
"福平小学校（運動場）","鹿児島県鹿児島市平川町819-3","31.477554","130.501444"
"福平小学校","鹿児島県鹿児島市平川町819-3","31.478307","130.501525"
"錦江湾公園","鹿児島県鹿児島市平川町１８１８外","31.461996","130.506344"
"平田地域公民館","鹿児島県鹿児島市平田町6364-2","31.553889","130.429249"
"平田公園","鹿児島県鹿児島市平之町6-1","31.591523","130.54623"
"甲突川左岸緑地公園","鹿児島県鹿児島市平之町３５－２外","31.580833","130.556952"
"吉田公民館","鹿児島県鹿児島市本城町1696","31.710569","130.558517"
"本城小学校（運動場）","鹿児島県鹿児島市本城町1705","31.711112","130.558696"
"石下谷公民館","鹿児島県鹿児島市本名町1063-3","31.681986","130.555932"
"大原公園","鹿児島県鹿児島市本名町1142","31.685686","130.552438"
"飯山公民館","鹿児島県鹿児島市本名町2115","31.686727","130.543295"
"本名小学校","鹿児島県鹿児島市本名町3579","31.700248","130.545226"
"本名小学校（運動場）","鹿児島県鹿児島市本名町3579","31.700418","130.545076"
"後中本公民館","鹿児島県鹿児島市本名町4415","31.704129","130.539063"
"吉田南中学校","鹿児島県鹿児島市本名町565","31.689492","130.548838"
"吉田南中学校（運動場）","鹿児島県鹿児島市本名町565","31.689107","130.547969"
"牟礼岡小学校（運動場）","鹿児島県鹿児島市牟礼岡1-1-1","31.67919","130.58524"
"牟礼岡第十公園","鹿児島県鹿児島市牟礼岡1-12","31.676843","130.583618"
"牟礼岡校区コミュニティセンター","鹿児島県鹿児島市牟礼岡1-24-5","31.674446","130.583222"
"牟礼岡中央公園","鹿児島県鹿児島市牟礼岡1-28","31.674153","130.581822"
"牟礼岡第八公園","鹿児島県鹿児島市牟礼岡2-21","31.675511","130.585612"
"牧公民館","鹿児島県鹿児島市牟礼岡2-30-5","31.673618","130.587889"
"牟礼岡第九公園","鹿児島県鹿児島市牟礼岡2-8","31.677208","130.587787"
"牟礼岡第三公園","鹿児島県鹿児島市牟礼岡3-30","31.669502","130.583276"
"牟礼岡第四公園","鹿児島県鹿児島市牟礼岡3-31","31.670537","130.584255"
"牟礼岡第七公園","鹿児島県鹿児島市牟礼岡3-5","31.673297","130.584961"
"明和福祉館","鹿児島県鹿児島市明和1-27-2","31.603074","130.52195"
"丸岡公園","鹿児島県鹿児島市明和1-38","31.601646","130.524649"
"望岳公園","鹿児島県鹿児島市明和1-56","31.601655","130.529334"
"弥五郎平公園","鹿児島県鹿児島市明和1-9","31.600076","130.527299"
"明和小学校（運動場）","鹿児島県鹿児島市明和2-1-1","31.601497","130.522189"
"明和小学校","鹿児島県鹿児島市明和2-1-1","31.602092","130.522202"
"明和中学校（運動場）","鹿児島県鹿児島市明和2-2-1","31.600344","130.521335"
"えのきざこ公園","鹿児島県鹿児島市明和2-20","31.597231","130.51657"
"だらお公園","鹿児島県鹿児島市明和2-30","31.602404","130.517344"
"明和中央公園","鹿児島県鹿児島市明和2-41","31.601703","130.519977"
"しらゆきこば公園","鹿児島県鹿児島市明和3-11","31.604235","130.519021"
"城之上公園","鹿児島県鹿児島市明和3-26","31.606849","130.521535"
"陣ケ丘公園","鹿児島県鹿児島市明和4-14","31.603262","130.524915"
"中平公園","鹿児島県鹿児島市明和4-4","31.603929","130.528511"
"野尻町避難港","鹿児島県鹿児島市野尻町","31.561647","130.620017"
"野尻町野尻９号線（避難道路）","鹿児島県鹿児島市野尻町","31.56058","130.619656"
"桜島国際火山砂防センター","鹿児島県鹿児島市野尻町203-1","31.566873","130.617785"
"ヘリ基地","鹿児島県鹿児島市野尻町482-2","31.566252","130.618934"
"野尻退避壕","鹿児島県鹿児島市野尻町482-2","31.565726","130.618964"
"野尻退避舎","鹿児島県鹿児島市野尻町３４９地先","31.561701","130.619822"
"城西公園","鹿児島県鹿児島市薬師1-22","31.593133","130.539106"
"新上公園","鹿児島県鹿児島市薬師1-8","31.591","130.540351"
"鶴丸高校","鹿児島県鹿児島市薬師2-1-1","31.589906","130.538282"
"薬師公園","鹿児島県鹿児島市薬師2-10","31.591746","130.536946"
"西田小学校（運動場）","鹿児島県鹿児島市薬師2-31-1","31.589436","130.535765"
"西田小学校","鹿児島県鹿児島市薬師2-31-1","31.589955","130.535856"
"城西福祉館","鹿児島県鹿児島市薬師2-41-11","31.593427","130.533657"
"柳町福祉館","鹿児島県鹿児島市柳町3-22","31.60267","130.562884"
"有村町避難港","鹿児島県鹿児島市有村町","31.551628","130.662716"
"有村退避舎","鹿児島県鹿児島市有村町62-4","31.555579","130.665956"
"有村退避舎","鹿児島県鹿児島市有村町62-4","31.555579","130.665955"
"有村退避壕","鹿児島県鹿児島市有村町952","31.554586","130.677658"
"川商ホール（鹿児島市民文化ホール）","鹿児島県鹿児島市与次郎2-3-1","31.566483","130.563461"
"クローバー公園","鹿児島県鹿児島市緑ケ丘町3","31.6558","130.545966"
"緑丘中学校","鹿児島県鹿児島市緑ケ丘町46-1","31.656171","130.543991"
"れんげ公園","鹿児島県鹿児島市緑ケ丘町47","31.657152","130.544615"
"つつじ公園","鹿児島県鹿児島市緑ケ丘町54","31.658628","130.541596"
"緑丘中学校（運動場）","鹿児島県鹿児島市緑ヶ丘町46-1","31.655734","130.54397"
"和田名公園","鹿児島県鹿児島市和田1-37","31.510781","130.51088"
"和田福祉館","鹿児島県鹿児島市和田1-43-23","31.51157","130.510072"
"内ノ丸公園","鹿児島県鹿児島市和田2-13","31.508706","130.509253"
"和田小学校","鹿児島県鹿児島市和田2-2-10","31.51042","130.511554"
"和田小学校（運動場）","鹿児島県鹿児島市和田2-2-10","31.510019","130.511881"
"門前公園","鹿児島県鹿児島市和田2-27","31.51002","130.5066"
"和田中学校（運動場）","鹿児島県鹿児島市和田2-44-3","31.506878","130.508707"
"和田中学校","鹿児島県鹿児島市和田2-44-3","31.507238","130.508241"
"玉林団地公園","鹿児島県鹿児島市和田町803-3","31.508668","130.5132"
"悪石島地区コミュニティセンター","鹿児島県十島村大字悪石島108-35","29.451196","129.601076"
"悪石島小中学校","鹿児島県十島村大字悪石島64-1","29.450501","129.604397"
"口之島小中学校","鹿児島県十島村大字口之島19","29.988909","129.918234"
"口之島地区コミュニティセンター","鹿児島県十島村大字口之島19","29.988141","129.919181"
"小宝島小中学校","鹿児島県十島村大字小宝島21-23","29.222401","129.328637"
"小宝島公民館","鹿児島県十島村大字小宝島3-5","29.222541","129.328858"
"小宝島防災活動拠点施設","鹿児島県十島村大字小宝島4-15","29.223169","129.329329"
"竹之山（中腹）","鹿児島県十島村大字小宝島7-31","29.221629","129.327014"
"諏訪之瀬島防災活動拠点施設","鹿児島県十島村大字諏訪之瀬島265","29.613321","129.703964"
"諏訪之瀬島公民館","鹿児島県十島村大字諏訪之瀬島279","29.613087","129.703669"
"諏訪之瀬島小中学校","鹿児島県十島村大字諏訪之瀬島90","29.611445","129.69936"
"中之島東区住民生活センター","鹿児島県十島村大字中之島131","29.832513","129.854061"
"中之島小中学校","鹿児島県十島村大字中之島131","29.832815","129.854303"
"消防車庫前（船倉地区）","鹿児島県十島村大字中之島133","29.837128","129.85457"
"十島村開発総合センター","鹿児島県十島村大字中之島150-317","29.839269","129.864665"
"教員住宅前Ｔ字路（里地区）","鹿児島県十島村大字中之島21","29.839027","129.853512"
"中之島西区住民センター","鹿児島県十島村大字中之島27-23","29.83853","129.852534"
"中之島地区コミュニティセンター","鹿児島県十島村大字中之島27-9","29.837616","129.852964"
"西村邸前（楠木地区）","鹿児島県十島村大字中之島64","29.839821","129.852499"
"平島小中学校","鹿児島県十島村大字平島120","29.688883","129.530431"
"平島地区コミュニティセンター","鹿児島県十島村大字平島293","29.686733","129.529586"
"宝島避難施設","鹿児島県十島村大字宝島","29.156886","129.203621"
"宝島小中学校","鹿児島県十島村大字宝島78","29.150883","129.205467"
"十島村高齢者コミュニティセンター","鹿児島県十島村大字宝島923","29.152751","129.204648"
"米ノ津東小学校","鹿児島県出水市下鯖町584","32.119925","130.343334"
"米ノ津小学校","鹿児島県出水市下知識町1584","32.107577","130.324684"
"津山自治公民館","鹿児島県出水市下知識町918","32.099889","130.326009"
"切通小学校","鹿児島県出水市境町1286","32.155497","130.364442"
"米ノ津農村環境改善センター","鹿児島県出水市境町912","32.144214","130.355747"
"下水流農業者トレーニングセンター","鹿児島県出水市高尾野町下水流3164-15","32.087142","130.299159"
"下水流小学校","鹿児島県出水市高尾野町下水流3164-7","32.087953","130.298838"
"江内カントリーコア","鹿児島県出水市高尾野町江内3377","32.096065","130.25222"
"野口自治公民館","鹿児島県出水市高尾野町江内6129-6","32.118928","130.263353"
"江内小学校","鹿児島県出水市高尾野町江内7631","32.098792","130.252219"
"高尾野小学校","鹿児島県出水市高尾野町柴引1559","32.061891","130.296465"
"高尾野中学校","鹿児島県出水市高尾野町柴引2143","32.058821","130.298518"
"高尾野体育館","鹿児島県出水市高尾野町大久保158-1","32.061428","130.304071"
"高尾野農業者健康管理センター","鹿児島県出水市高尾野町大久保3816-29","32.060655","130.311909"
"高尾野地域交流スペース","鹿児島県出水市高尾野町大久保600","32.06264","130.310608"
"高尾野市民交流センター","鹿児島県出水市高尾野町大久保7","32.060951","130.304424"
"ＮＴＴ出水ビル","鹿児島県出水市昭和町43-24","32.086926","130.355651"
"東出水小学校","鹿児島県出水市上鯖渕1866","32.080232","130.367776"
"上場小学校","鹿児島県出水市上大川内2580-27","32.102583","130.476813"
"上場活性化施設秋桜館","鹿児島県出水市上大川内2648-4","32.10125","130.474622"
"大川内農業者トレーニングセンター","鹿児島県出水市上大川内807-1","32.072861","130.441883"
"大川内中学校","鹿児島県出水市上大川内823","32.071785","130.441951"
"西出水小学校","鹿児島県出水市西出水町1045","32.074244","130.341323"
"鶴翔学園","鹿児島県出水市荘1748","32.085999","130.280287"
"出水中学校","鹿児島県出水市中央町1262","32.081959","130.347836"
"屋内ゲートボール場","鹿児島県出水市中央町198","32.08612","130.344667"
"総合武道場","鹿児島県出水市中央町29","32.08726","130.34496"
"青年の家　小原山体育館","鹿児島県出水市武本1044","32.054479","130.348043"
"総合体育館","鹿児島県出水市文化町33","32.089756","130.3453"
"高齢者ふれあいセンター","鹿児島県出水市平和町72","32.087277","130.330144"
"出水市民交流センター","鹿児島県出水市本町7-16","32.081762","130.357274"
"米ノ津中学校","鹿児島県出水市明神町100","32.113553","130.335452"
"屋地自治公民館","鹿児島県出水市野田町下名1817","32.078944","130.268845"
"餅井自治公民館","鹿児島県出水市野田町下名3477-1","32.072243","130.244888"
"野田女子高等学校","鹿児島県出水市野田町下名5454","32.064788","130.267263"
"青木原自治公民館","鹿児島県出水市野田町上名1800-5","32.045509","130.273184"
"野田小学校","鹿児島県出水市野田町上名375","32.058229","130.268165"
"岩渕公民館","鹿児島県出水市野田町上名5558","32.031976","130.271684"
"野田保健センター","鹿児島県出水市野田町上名6031","32.057752","130.26639"
"野田市民交流センター","鹿児島県出水市野田町上名6034-1","32.057892","130.265755"
"野田農村環境改善センター","鹿児島県出水市野田町上名6113","32.059481","130.265889"
"野田体育館","鹿児島県出水市野田町上名6164","32.059223","130.264274"
"野田中学校","鹿児島県出水市野田町上名6172","32.058083","130.26279"
"野田武道館","鹿児島県出水市野田町上名6180-1","32.057793","130.262849"
"出水市役所","鹿児島県出水市緑町1-3","32.090197","130.353171"
"出水保健センター","鹿児島県出水市緑町50-1","32.09319","130.353021"
"出水小学校","鹿児島県出水市麓町9-13","32.075008","130.35868"
"垂水市市民館駐車場","鹿児島県垂水市旭町61-2","31.489215","130.699592"
"協和地区公民館前広場","鹿児島県垂水市海潟18","31.523124","130.700768"
"協和小学校校庭","鹿児島県垂水市海潟865","31.524803","130.701805"
"境小学校校庭","鹿児島県垂水市牛根境1211-8","31.609789","130.795508"
"境地区公民館前広場","鹿児島県垂水市牛根境1257-1","31.608294","130.796466"
"道の駅たるみず駐車場","鹿児島県垂水市牛根麓1038-1","31.558821","130.745928"
"松ヶ崎地区公民館前広場","鹿児島県垂水市牛根麓1139-9","31.558637","130.747779"
"松ヶ崎小学校校庭","鹿児島県垂水市牛根麓1172","31.558342","130.749121"
"南地区老人憩の家前広場","鹿児島県垂水市新城3451","31.438007","130.745313"
"新城地区公民館前広場","鹿児島県垂水市新城3452","31.437553","130.745056"
"新城小学校校庭","鹿児島県垂水市新城3548","31.436522","130.74624"
"垂水高校校庭","鹿児島県垂水市中央町14","31.491777","130.704651"
"旧協和中学校校庭","鹿児島県垂水市中俣302","31.520724","130.70039"
"中俣自治公民館前広場","鹿児島県垂水市中俣404-2","31.518064","130.700198"
"垂桜自治館前広場","鹿児島県垂水市田神1228-110","31.502546","130.779734"
"垂水小学校校庭","鹿児島県垂水市田神144","31.492213","130.70628"
"垂水市文化会館駐車場","鹿児島県垂水市田神2750-1","31.484799","130.704153"
"垂水中央運動公園たるみずスポーツランド","鹿児島県垂水市田神3000","31.485422","130.700848"
"大野地区公民館前広場","鹿児島県垂水市田神3688","31.513397","130.780649"
"垂水中央中校学校校庭","鹿児島県垂水市南松原60","31.487456","130.700523"
"浮津自治公民館前広場","鹿児島県垂水市二川1184-1","31.601052","130.788141"
"旧牛根中学校校庭","鹿児島県垂水市二川135-1","31.579467","130.784422"
"牛根小学校校庭","鹿児島県垂水市二川519-1","31.581726","130.784836"
"牛根地区公民館前広場","鹿児島県垂水市二川553-1","31.582486","130.784302"
"柊原地区公民館前広場","鹿児島県垂水市柊原3454","31.457458","130.714042"
"柊原小学校校庭","鹿児島県垂水市柊原390","31.459071","130.706582"
"道の駅たるみずはまびら","鹿児島県垂水市浜平2036-6","31.468574","130.698099"
"水之上地区公民館グラウンド","鹿児島県垂水市本城1355-1","31.483446","130.724489"
"垂水市環境センター駐車場","鹿児島県垂水市本城3898-1","31.48201","130.705506"
"水之上小学校校庭","鹿児島県垂水市本城649-1","31.482588","130.720826"
"阿室釜林業研修館","鹿児島県瀬戸内町阿室釜4-13","28.220525","129.294727"
"阿多地集会所","鹿児島県瀬戸内町阿多地96","28.152098","129.1987"
"阿鉄集会所","鹿児島県瀬戸内町阿鉄725","28.189575","129.290604"
"阿木名集会所","鹿児島県瀬戸内町阿木名17","28.167","129.334104"
"介護老人保健施設せとうち","鹿児島県瀬戸内町阿木名1975","28.170397","129.335833"
"阿木名小・中学校グランド","鹿児島県瀬戸内町阿木名2141","28.17049","129.337113"
"阿木名小・中学校体育館","鹿児島県瀬戸内町阿木名2141","28.17074","129.337676"
"加計呂麻園","鹿児島県瀬戸内町伊子茂187-1","28.108443","129.243693"
"伊子茂小・中学校グランド","鹿児島県瀬戸内町伊子茂207","28.107867","129.243348"
"伊子茂小・中学校体育館","鹿児島県瀬戸内町伊子茂207","28.107479","129.243708"
"伊須集会所","鹿児島県瀬戸内町伊須402-2","28.150058","129.355834"
"於斉高齢者コミュニティーセンター","鹿児島県瀬戸内町於斉205","28.112424","129.249625"
"佐知克林業研修集会施設","鹿児島県瀬戸内町於斉佐知克1844","28.088764","129.26648"
"押角集会所","鹿児島県瀬戸内町押角456-5","28.113056","129.272969"
"嘉鉄集会所","鹿児島県瀬戸内町嘉鉄322-2","28.138662","129.343266"
"嘉鉄小学校グランド","鹿児島県瀬戸内町嘉鉄353","28.139033","129.343385"
"嘉鉄小学校体育館","鹿児島県瀬戸内町嘉鉄353","28.138743","129.343986"
"嘉徳集会所","鹿児島県瀬戸内町嘉徳422","28.193453","129.403769"
"嘉入離島住民生活センター","鹿児島県瀬戸内町嘉入288","28.141507","129.218777"
"旧花天分校","鹿児島県瀬戸内町花天120","28.22956","129.216625"
"花富集会所","鹿児島県瀬戸内町花富117","28.100102","129.239451"
"管鈍集会所","鹿児島県瀬戸内町管鈍149-1","28.228112","129.194272"
"久根津集会所","鹿児島県瀬戸内町久根津413","28.169945","129.297726"
"久慈小・中学校グランド","鹿児島県瀬戸内町久慈253","28.232955","129.253003"
"久慈小・中学校体育館","鹿児島県瀬戸内町久慈253","28.233082","129.253389"
"久慈集会所","鹿児島県瀬戸内町久慈783","28.229604","129.251662"
"古志集会所","鹿児島県瀬戸内町古志緑1039","28.233233","129.276729"
"奄美の園","鹿児島県瀬戸内町古仁屋1283-27","28.13847","129.320685"
"高丘集会所","鹿児島県瀬戸内町古仁屋233-3","28.155324","129.31301"
"古仁屋高等学校体育館","鹿児島県瀬戸内町古仁屋399-1","28.151978","129.312072"
"古仁屋高等学校グランド","鹿児島県瀬戸内町古仁屋399-1","28.152047","129.31256"
"古仁屋小学校体育館","鹿児島県瀬戸内町古仁屋805","28.149568","129.314169"
"古仁屋小学校グランド","鹿児島県瀬戸内町古仁屋805","28.149943","129.314132"
"古仁屋中学校グランド","鹿児島県瀬戸内町古仁屋842-8","28.149867","129.315746"
"古仁屋中学校体育館","鹿児島県瀬戸内町古仁屋842-8","28.150282","129.316401"
"瀬久井集会所","鹿児島県瀬戸内町古仁屋瀬久井西15-1","28.143761","129.318334"
"寿老園","鹿児島県瀬戸内町古仁屋瀬久井西7-3","28.144613","129.319972"
"瀬戸内町役場庁舎","鹿児島県瀬戸内町古仁屋船津23","28.146519","129.314666"
"すこやか福祉センター","鹿児島県瀬戸内町古仁屋船津23","28.146309","129.314904"
"瀬戸内町きゅら島交流館","鹿児島県瀬戸内町古仁屋船津33","28.145782","129.315245"
"古仁屋漁港ターミナルビル","鹿児島県瀬戸内町古仁屋大湊26-14","28.145297","129.308982"
"薩川集会所","鹿児島県瀬戸内町薩川189","28.180469","129.202257"
"薩川小学校講堂","鹿児島県瀬戸内町薩川211","28.180115","129.202729"
"薩川小学校グランド","鹿児島県瀬戸内町薩川211","28.180403","129.202858"
"薩川中学校グランド","鹿児島県瀬戸内町薩川767","28.17895","129.204032"
"薩川中学校体育館","鹿児島県瀬戸内町薩川767","28.178638","129.204444"
"三浦集会所","鹿児島県瀬戸内町三浦10","28.149744","129.245131"
"実久集会所","鹿児島県瀬戸内町実久179-2","28.185952","129.18546"
"篠川小・中学校体育館","鹿児島県瀬戸内町篠川150","28.222293","129.298552"
"篠川小・中学校グランド","鹿児島県瀬戸内町篠川150","28.222472","129.298173"
"篠川地区振興センター","鹿児島県瀬戸内町篠川567-1","28.222393","129.294798"
"芝集会所","鹿児島県瀬戸内町芝219","28.192445","129.210342"
"手安集会所","鹿児島県瀬戸内町手安153","28.160946","129.297425"
"須手集会所","鹿児島県瀬戸内町手安785-5","28.151145","129.300329"
"秋徳小・中学校グランド","鹿児島県瀬戸内町秋徳245","28.085368","129.283036"
"秋徳小中学校","鹿児島県瀬戸内町秋徳245","28.085425","129.282833"
"秋徳小・中学校体育館","鹿児島県瀬戸内町秋徳245","28.085576","129.282403"
"秋徳離島住民生活センター","鹿児島県瀬戸内町秋徳96-1","28.083954","129.284158"
"諸数集会所","鹿児島県瀬戸内町諸数252-1","28.107926","129.314491"
"加計呂麻島展示　体験交流館","鹿児島県瀬戸内町諸鈍316","28.093541","129.325463"
"諸鈍離島住民生活センター","鹿児島県瀬戸内町諸鈍371","28.091454","129.326103"
"諸鈍小・中学校グランド","鹿児島県瀬戸内町諸鈍２９５－イ","28.094597","129.325601"
"諸鈍小・中学校体育館","鹿児島県瀬戸内町諸鈍２９５－イ","28.094596","129.326098"
"勝浦集会所","鹿児島県瀬戸内町勝浦1446-1","28.174954","129.3468"
"勝能離島住民生活センター","鹿児島県瀬戸内町勝能887-2","28.107356","129.295327"
"小名瀬林業研修館","鹿児島県瀬戸内町小名瀬122","28.196209","129.280714"
"須子茂集会所","鹿児島県瀬戸内町須子茂62","28.146254","129.210956"
"瀬相集会所","鹿児島県瀬戸内町瀬相92-1","28.12289","129.244651"
"瀬武集会所","鹿児島県瀬戸内町瀬武115","28.165899","129.209962"
"ゼログラヴィティ","鹿児島県瀬戸内町清水122","28.135807","129.328142"
"清水集会所","鹿児島県瀬戸内町清水137","28.135919","129.328886"
"清水公園総合　体育館","鹿児島県瀬戸内町清水392","28.141119","129.328547"
"清水公園総合陸上競技場","鹿児島県瀬戸内町清水392","28.14003","129.327115"
"清水公園","鹿児島県瀬戸内町清水３９２","28.141169","129.33017"
"生間林業研修館","鹿児島県瀬戸内町生間167-1","28.105419","129.325362"
"西阿室小学校グランド","鹿児島県瀬戸内町西阿室135","28.111535","129.222085"
"西阿室小学校体育館","鹿児島県瀬戸内町西阿室135","28.111559","129.222299"
"西阿室小学校","鹿児島県瀬戸内町西阿室135","28.111738","129.222101"
"西阿室離島住民生活センター","鹿児島県瀬戸内町西阿室146-5","28.111275","129.22238"
"町営キャンプ場施設西古見ＧＡＴＥ","鹿児島県瀬戸内町西古見265","28.242911","129.175229"
"西古見防災コミュニティセンター","鹿児島県瀬戸内町西古見603-1","28.240876","129.171415"
"請阿室集会所","鹿児島県瀬戸内町請阿室401-1","28.028547","129.254162"
"節子集会所","鹿児島県瀬戸内町節子1201","28.166478","129.380265"
"蘇刈集会所","鹿児島県瀬戸内町蘇刈447","28.135818","129.359949"
"池地小学校グランド","鹿児島県瀬戸内町池地329","28.030056","129.238658"
"池地小学校体育館","鹿児島県瀬戸内町池地329","28.030108","129.238192"
"池地集会所","鹿児島県瀬戸内町池地638","28.030729","129.232479"
"渡連集会所","鹿児島県瀬戸内町渡連227","28.111702","129.339579"
"安脚場集会所","鹿児島県瀬戸内町渡連890","28.10751","129.345909"
"徳浜離島住民生活センター","鹿児島県瀬戸内町徳浜1170","28.074249","129.328587"
"俵中学校グランド","鹿児島県瀬戸内町俵1126","28.134854","129.240045"
"俵中学校体育館","鹿児島県瀬戸内町俵126","28.135637","129.239173"
"俵コミュニティーセンター","鹿児島県瀬戸内町俵23","28.135999","129.241515"
"武名離島住民生活センター","鹿児島県瀬戸内町武名39","28.153453","129.232848"
"知之浦集会所","鹿児島県瀬戸内町武名前田原579","28.163232","129.263366"
"網野子集会所","鹿児島県瀬戸内町網野子189","28.169579","129.36227"
"木慈集会所","鹿児島県瀬戸内町木慈113","28.158565","129.220097"
"野見山青少年研修センター","鹿児島県瀬戸内町野見山361","28.094189","129.29123"
"油井集会所","鹿児島県瀬戸内町油井602","28.182492","129.292964"
"油井小・中学校グランド","鹿児島県瀬戸内町油井603-1","28.181732","129.293776"
"油井小・中学校体育館","鹿児島県瀬戸内町油井603-1","28.182304","129.293379"
"与路離島住民生活センター","鹿児島県瀬戸内町与路383","28.044443","129.164091"
"与路小・中学校体育館","鹿児島県瀬戸内町与路484","28.044602","129.163649"
"与路小・中学校グランド","鹿児島県瀬戸内町与路484","28.044597","129.163344"
"安城下之町公民館","鹿児島県西之表市安城1016-2","30.650934","131.044809"
"立山公民館","鹿児島県西之表市安城2947","30.612751","131.046321"
"中割地区地域活性化交流拠点施設（こうのみね館）","鹿児島県西之表市安城3517","30.609124","130.997607"
"安納校区会議所","鹿児島県西之表市安納199-1","30.726786","131.061822"
"安納小学校体育館","鹿児島県西之表市安納976","30.730814","131.061089"
"伊関小学校体育館","鹿児島県西之表市伊関461-1","30.769989","131.070218"
"西之表市民体育館","鹿児島県西之表市鴨女町242","30.724413","130.992889"
"現和区長事務所","鹿児島県西之表市現和6232-7","30.696153","131.058965"
"古田中央公民館","鹿児島県西之表市古田1225","30.658642","131.004593"
"国上中央公民館","鹿児島県西之表市国上2011-6","30.804584","131.040377"
"老人福祉センター","鹿児島県西之表市桜が丘7779-94","30.737086","131.006855"
"住吉中央公民館","鹿児島県西之表市住吉3551","30.668999","130.948339"
"下西校区公民館","鹿児島県西之表市西之表15358","30.712907","130.991085"
"西之表市民会館","鹿児島県西之表市西之表7600","30.732947","130.996924"
"保健センターすこやか","鹿児島県西之表市西之表7612","30.732762","130.997607"
"上西区長事務所","鹿児島県西之表市西之表879-1","30.751452","131.008193"
"中谷小学校校庭","鹿児島県曽於市財部町下財部5084","31.773923","130.97496"
"中谷小学校体育館","鹿児島県曽於市財部町下財部5084","31.77375","130.974638"
"中谷地区公民館広場","鹿児島県曽於市財部町下財部5086-2","31.769037","130.980255"
"中谷地区公民館","鹿児島県曽於市財部町下財部5086-2","31.769133","130.979988"
"財部北地区生活改善センター","鹿児島県曽於市財部町下財部6650","31.771012","130.925135"
"財部きらめきセンター","鹿児島県曽於市財部町南俣460-1","31.724889","130.991973"
"財部中央公民館","鹿児島県曽於市財部町南俣460-1","31.725154","130.991699"
"財部保健福祉センター","鹿児島県曽於市財部町南俣504-1","31.723396","130.992266"
"財部南小学校校庭","鹿児島県曽於市財部町南俣5322","31.69793","130.940657"
"財部南小学校体育館","鹿児島県曽於市財部町南俣5322","31.69813","130.940116"
"財部南地区公民館","鹿児島県曽於市財部町南俣5323","31.699007","130.940745"
"旧財部北中学校校庭","鹿児島県曽於市財部町南俣5410-1","31.762779","130.928902"
"旧財部北中学校体育館","鹿児島県曽於市財部町南俣5410-1","31.762696","130.928303"
"財部農業者トレーニングセンター","鹿児島県曽於市財部町北俣10553-2","31.726405","130.981598"
"財部ふれあい広場","鹿児島県曽於市財部町北俣10558-1","31.726423","130.98379"
"曽於市立財部小学校校庭","鹿児島県曽於市財部町北俣10882","31.727652","130.989912"
"財部小学校体育館","鹿児島県曽於市財部町北俣10882","31.727193","130.989369"
"財部北小学校校庭","鹿児島県曽於市財部町北俣5521","31.760587","130.93028"
"財部北小学校体育館","鹿児島県曽於市財部町北俣5521","31.760809","130.929663"
"曽於市立財部中学校校庭","鹿児島県曽於市財部町北俣814","31.730999","130.989441"
"財部中学校体育館","鹿児島県曽於市財部町北俣814","31.731461","130.988805"
"大隅農産加工センター","鹿児島県曽於市大隅町下窪町30","31.58322","131.002027"
"大隅農村環境改善センター","鹿児島県曽於市大隅町岩川2828-3","31.620196","130.95756"
"菅牟田小学校校庭","鹿児島県曽於市大隅町岩川2856-1","31.619398","130.958002"
"菅牟田小学校特別教室","鹿児島県曽於市大隅町岩川2856-1","31.619528","130.957621"
"菅牟田小学校体育館","鹿児島県曽於市大隅町岩川2856-1","31.619247","130.956809"
"岩川小学校校庭","鹿児島県曽於市大隅町岩川5069","31.594018","130.987898"
"岩川小学校体育館","鹿児島県曽於市大隅町岩川5069","31.593622","130.986694"
"大隅中学校体育館","鹿児島県曽於市大隅町岩川5146","31.595485","130.984844"
"大隅中学校校庭","鹿児島県曽於市大隅町岩川5146","31.594007","130.984656"
"広津田自治公民館","鹿児島県曽於市大隅町月野3735","31.560662","131.002571"
"月野小学校校庭","鹿児島県曽於市大隅町月野7133-1","31.56218","130.999328"
"月野小学校体育館","鹿児島県曽於市大隅町月野7133-1","31.562308","130.998188"
"月野地区公民館","鹿児島県曽於市大隅町月野7146-3","31.562191","130.99762"
"大隅南地区農業構造改善センター","鹿児島県曽於市大隅町月野8949-1","31.565437","130.956584"
"旧大隅南小学校体育館","鹿児島県曽於市大隅町月野9054","31.561158","130.952725"
"旧大隅南小学校校庭","鹿児島県曽於市大隅町月野9054","31.561356","130.953491"
"恒吉小学校校庭","鹿児島県曽於市大隅町恒吉2767-1","31.595799","130.909059"
"恒吉小学校体育館","鹿児島県曽於市大隅町恒吉2767-1","31.596764","130.909318"
"恒吉地区公民館","鹿児島県曽於市大隅町恒吉599","31.587355","130.907047"
"神牟礼地区集会施設","鹿児島県曽於市大隅町坂元4046","31.610081","130.907552"
"大隅北地区公民館","鹿児島県曽於市大隅町坂元473-3","31.650108","130.896672"
"須田木地区青少年館","鹿児島県曽於市大隅町須田木1416","31.608382","130.884234"
"大谷地区青少年館","鹿児島県曽於市大隅町大谷4211-1","31.584907","130.932053"
"大隅北小学校体育館","鹿児島県曽於市大隅町中之内3701-1","31.650365","130.903396"
"大隅北小学校校庭","鹿児島県曽於市大隅町中之内3701-1","31.650745","130.904015"
"笠木小学校校庭","鹿児島県曽於市大隅町中之内5762","31.630613","130.966945"
"笠木小学校体育館","鹿児島県曽於市大隅町中之内5762","31.630982","130.96679"
"笠木地区公民館","鹿児島県曽於市大隅町中之内6080-1","31.62884","130.970367"
"大隅文化会館","鹿児島県曽於市大隅町中之内9146","31.597739","130.992869"
"岩川地区農業構造改善センター","鹿児島県曽於市大隅町中之内9146","31.597717","130.992457"
"岩北地区公民館","鹿児島県曽於市末吉町岩﨑3661-1","31.620964","131.009379"
"祝井谷連合公民館","鹿児島県曽於市末吉町岩﨑532-1","31.618042","131.003587"
"末吉岩﨑地区農業研修センター","鹿児島県曽於市末吉町岩﨑647","31.612649","130.997736"
"岩南小学校校庭","鹿児島県曽於市末吉町岩崎2087-1","31.594752","131.003125"
"岩南小学校体育館","鹿児島県曽於市末吉町岩崎2087-1","31.595018","131.002951"
"岩北小学校体育館","鹿児島県曽於市末吉町岩崎3675-2","31.621096","131.007922"
"岩北小学校校庭","鹿児島県曽於市末吉町岩崎3675-2","31.620676","131.008993"
"末吉小学校校庭","鹿児島県曽於市末吉町上町7-1-1","31.649485","131.019657"
"末吉小学校体育館","鹿児島県曽於市末吉町上町7-1-1","31.650277","131.019578"
"柳迫小学校体育館","鹿児島県曽於市末吉町深川3669-5","31.697837","131.008307"
"柳迫地区公民館","鹿児島県曽於市末吉町深川3669-5","31.697804","131.008516"
"柳迫小学校校庭","鹿児島県曽於市末吉町深川3669-5","31.698476","131.008056"
"深川小学校校庭","鹿児島県曽於市末吉町深川7549","31.681582","130.998346"
"深川小学校体育館","鹿児島県曽於市末吉町深川7549","31.682109","130.99796"
"深川地区公民館","鹿児島県曽於市末吉町深川7549","31.681965","130.99758"
"深川地区農業研修センター","鹿児島県曽於市末吉町深川7615","31.679298","130.999073"
"諏訪地区農業研修センター","鹿児島県曽於市末吉町諏訪方10245-3","31.662934","131.000281"
"諏訪小学校校庭","鹿児島県曽於市末吉町諏訪方10278-1","31.662598","131.001122"
"諏訪小学校体育館","鹿児島県曽於市末吉町諏訪方10278-1","31.662125","131.001519"
"光神地区公民館","鹿児島県曽於市末吉町諏訪方282","31.675152","130.930107"
"光神小学校校庭","鹿児島県曽於市末吉町諏訪方290-1","31.675483","130.929734"
"光神小学校体育館","鹿児島県曽於市末吉町諏訪方290-1","31.67627","130.928953"
"末吉総合センター","鹿児島県曽於市末吉町諏訪方8127","31.655733","131.012665"
"末吉総合体育館","鹿児島県曽於市末吉町諏訪方8478-1","31.656325","131.015475"
"末吉中央公民館","鹿児島県曽於市末吉町諏訪方8598","31.658951","131.015946"
"高岡小学校校庭","鹿児島県曽於市末吉町南之郷10150-1","31.617504","131.109582"
"高岡小学校体育館","鹿児島県曽於市末吉町南之郷10150-1","31.617758","131.110026"
"檍小学校体育館","鹿児島県曽於市末吉町南之郷4060-1","31.624406","131.063775"
"檍小学校校庭","鹿児島県曽於市末吉町南之郷4060-1","31.62436","131.063018"
"南之郷地区運動施設","鹿児島県曽於市末吉町南之郷8130-6","31.616458","131.083019"
"栄楽公園グラウンド","鹿児島県曽於市末吉町二之方1950","31.654764","131.016391"
"末吉中学校校庭","鹿児島県曽於市末吉町二之方2101","31.655801","131.023571"
"末吉中学校体育館","鹿児島県曽於市末吉町二之方2101","31.656014","131.021861"
"そお生きいき健康センター","鹿児島県曽於市末吉町二之方2342-2","31.647539","131.025104"
"大丸小学校","鹿児島県大崎町横瀬1591","31.407449","131.016387"
"持留地区農業構造改善センター","鹿児島県大崎町岡別府922-2","31.45678","130.977732"
"保健センター","鹿児島県大崎町仮宿1029","31.428769","131.005806"
"中央公民館","鹿児島県大崎町仮宿1029","31.429804","131.005722"
"大崎中学校","鹿児島県大崎町仮宿1699-1","31.425499","131.014195"
"老人福祉センター","鹿児島県大崎町仮宿1870","31.431397","131.012441"
"大崎小学校","鹿児島県大崎町仮宿910","31.42892","131.004681"
"持留小学校","鹿児島県大崎町持留316-4","31.462071","130.965806"
"道の駅「くにの松原おおさき」　（広域交流活性化センターあすぱる大崎）","鹿児島県大崎町神領2419","31.437721","131.030681"
"大崎町総合体育館","鹿児島県大崎町神領2488-1","31.436275","131.033827"
"ジャパンアスリートトレーニングセンター大隅","鹿児島県大崎町菱田1441","31.445417","131.04126"
"菱田小学校","鹿児島県大崎町菱田2533","31.443278","131.040345"
"菱田農村環境改善センター","鹿児島県大崎町菱田2571","31.439967","131.038243"
"中沖地区公民館","鹿児島県大崎町菱田3093-3","31.456736","131.019996"
"中沖小学校","鹿児島県大崎町菱田3119-4","31.457839","131.021023"
"野方地区活性化センター","鹿児島県大崎町野方2893-2","31.502062","130.93159"
"野方小学校","鹿児島県大崎町野方6119","31.510091","130.948114"
"野方農村環境改善センター","鹿児島県大崎町野方6122-1","31.51039","130.948833"
"大和村老人福祉センター","鹿児島県大和村戸円1882-3","28.346846","129.315897"
"高齢者避難所","鹿児島県大和村戸円452-1","28.350716","129.329728"
"戸円公民館","鹿児島県大和村戸円452-2","28.350706","129.329808"
"国直公民館","鹿児島県大和村国直106-2","28.371952","129.407018"
"今里公民館","鹿児島県大和村今里498","28.325341","129.27509"
"今里小学校","鹿児島県大和村今里３６１－イ","28.326209","129.278678"
"志戸勘公民館","鹿児島県大和村志戸勘398-3","28.327088","129.290627"
"思勝コミュニティセンター","鹿児島県大和村思勝363-3","28.35505","129.395167"
"大和小学校","鹿児島県大和村思勝370","28.355468","129.395494"
"大和中学校","鹿児島県大和村思勝370","28.355704","129.39522"
"大和村防災センター","鹿児島県大和村思勝477-1","28.356985","129.394053"
"大和村体育館","鹿児島県大和村思勝485","28.356839","129.393506"
"大金久防災会館","鹿児島県大和村大金久312-1","28.361291","129.350747"
"大棚公民館","鹿児島県大和村大棚108-11","28.357224","129.359612"
"大棚小学校","鹿児島県大和村大棚78-1","28.355833","129.359368"
"大和浜公民館","鹿児島県大和村大和浜17-29","28.35904","129.397209"
"津名久防災会館","鹿児島県大和村津名久65-1","28.355284","129.400753"
"大和小学校湯湾釜分校","鹿児島県大和村湯湾釜184","28.364483","129.411999"
"湯湾釜公民館","鹿児島県大和村湯湾釜213","28.364233","129.41215"
"奄美フォレストポリス","鹿児島県大和村名音1476","28.315821","129.335958"
"名音生活館","鹿児島県大和村名音368","28.335679","129.314015"
"名音小学校","鹿児島県大和村名音６０３－イ","28.334582","129.315586"
"屋子母公民館","鹿児島県知名町屋子母441","27.337771","128.553593"
"黒貫公民館","鹿児島県知名町黒貫1760","27.346073","128.587231"
"瀬利覚消防センター","鹿児島県知名町瀬利覚1297","27.338312","128.580026"
"あしびの郷ちな","鹿児島県知名町瀬利覚2362","27.336882","128.574845"
"知名町老人福祉センター","鹿児島県知名町瀬利覚287","27.341399","128.584541"
"知名生活館","鹿児島県知名町知名817","27.334447","128.567661"
"旧増田中学校","鹿児島県中種子町増田3842-2","30.561168","130.99493"
"ベニーハウス","鹿児島県中種子町増田4162","30.55215","130.997667"
"浦底公民館","鹿児島県長島町浦底1704-1","32.194427","130.161414"
"三船消防センター","鹿児島県長島町浦底3903-1","32.214461","130.158533"
"上揚バス停","鹿児島県長島町浦底２４９１－１地先","32.194716","130.164427"
"浦汐屋バス停　ゴミステーション前","鹿児島県長島町浦底７０８－１地先","32.195829","130.155125"
"福ノ浦消防センター","鹿児島県長島町浦底８８８－４６地先","32.196764","130.155553"
"汐見公民館","鹿児島県長島町下山門野2368-2","32.114828","130.141898"
"潟公民館","鹿児島県長島町下山門野2634-14","32.108444","130.140233"
"夕暮荘前","鹿児島県長島町下山門野2650-65","32.107444","130.137438"
"広野公民館","鹿児島県長島町下山門野3059-1","32.110405","130.13724"
"ちびっ子広場","鹿児島県長島町下山門野3059-1","32.106462","130.139383"
"広野バス停","鹿児島県長島町下山門野3105-4","32.111794","130.134908"
"馬込公民館","鹿児島県長島町下山門野565-2","32.115744","130.149775"
"汐見橋","鹿児島県長島町下山門野２４２４－１地先","32.111894","130.142981"
"山門野消防センター","鹿児島県長島町山門野1240","32.130491","130.159329"
"山門野公民館","鹿児島県長島町山門野1362","32.13067","130.159298"
"加世堂　消防センター","鹿児島県長島町山門野3542-3","32.135562","130.173043"
"だんだん市場","鹿児島県長島町山門野4093-1","32.108236","130.170955"
"火ノ浦公民館","鹿児島県長島町山門野4097-9","32.1069","130.170099"
"二本松グランド","鹿児島県長島町山門野4843-10","32.096288","130.164667"
"田尻公民館","鹿児島県長島町山門野4990","32.097961","130.159774"
"指江公民館","鹿児島県長島町指江134-7","32.157171","130.117709"
"川内公民館","鹿児島県長島町指江2199-1","32.166366","130.130183"
"長島中学校","鹿児島県長島町指江548","32.156199","130.121396"
"獅子島小中学校","鹿児島県長島町獅子島118","32.278911","130.216445"
"旧幣串小学校","鹿児島県長島町獅子島1498","32.263184","130.230729"
"もくもく館","鹿児島県長島町獅子島2321-5","32.28099","130.257419"
"旧獅子島小学校","鹿児島県長島町獅子島4348-1","32.288397","130.231462"
"獅子島アイランドセンター","鹿児島県長島町獅子島689-3","32.276698","130.218363"
"幣串漁港","鹿児島県長島町獅子島１４０３－２地先","32.262029","130.226036"
"幣串墓地前","鹿児島県長島町獅子島１５７３－１地先","32.262285","130.222172"
"湯ノ口墓地前","鹿児島県長島町獅子島２４６６－５地先","32.281895","130.260981"
"獅子島港湯ノ口地区","鹿児島県長島町獅子島２５５０－２地先","32.28085","130.259365"
"長崎産業上","鹿児島県長島町獅子島４３４８－５地先","32.286969","130.229613"
"薄井グランド","鹿児島県長島町諸浦1703-4","32.22349","130.171163"
"薄井公民館","鹿児島県長島町諸浦1737-43","32.223536","130.175307"
"諸浦地区多目的集会施設","鹿児島県長島町諸浦292-3","32.25498","130.181345"
"本浦小学校","鹿児島県長島町諸浦541","32.241594","130.171526"
"本浦保育園","鹿児島県長島町諸浦979-9","32.239654","130.176887"
"白瀬バス停","鹿児島県長島町諸浦９０８－１地先","32.234744","130.167148"
"唐隈公民館","鹿児島県長島町城川内2551-1","32.122722","130.123992"
"城川内公民館","鹿児島県長島町城川内58","32.145599","130.118329"
"城川内小学校","鹿児島県長島町城川内870","32.147087","130.118525"
"川床小学校","鹿児島県長島町川床1144","32.144558","130.16634"
"川床中学校","鹿児島県長島町川床1547","32.144658","130.168636"
"梅ノ木山公民館","鹿児島県長島町川床1900","32.141246","130.178668"
"牧公民館","鹿児島県長島町川床2219-7","32.151645","130.194257"
"市来崎公民館","鹿児島県長島町川床2330-4","32.152726","130.207455"
"赤崎橋パーキング","鹿児島県長島町川床3705-1","32.175116","130.184063"
"赤崎橋パーキング","鹿児島県長島町川床4030-3","32.177785","130.182138"
"塩追消防センター","鹿児島県長島町川床３０７５－１１地先","32.165278","130.186207"
"蔵之元小学校","鹿児島県長島町蔵之元1631-2","32.179493","130.106071"
"蔵之元公民館","鹿児島県長島町蔵之元1691-2","32.181254","130.108184"
"小浜公民館","鹿児島県長島町蔵之元2057","32.172676","130.11268"
"杉ノ段公民館","鹿児島県長島町鷹巣1330-12","32.169394","130.161556"
"鷹巣中学校","鹿児島県長島町鷹巣1687","32.19381","130.175118"
"鷹巣小学校","鹿児島県長島町鷹巣1888","32.200336","130.177222"
"宮ノ浦消防センター","鹿児島県長島町鷹巣261","32.197956","130.193879"
"矢堂公民館","鹿児島県長島町鷹巣2961-3","32.206703","130.172239"
"長島町多目的ホール","鹿児島県長島町鷹巣3650","32.198709","130.179721"
"伊唐小学校","鹿児島県長島町鷹巣4263","32.213779","130.206999"
"口ノ福浦コミュニティーセンター","鹿児島県長島町平尾1417-16","32.207093","130.14319"
"老人憩いの家","鹿児島県長島町平尾142-2","32.192424","130.145775"
"茅屋漁村センター","鹿児島県長島町平尾1603-20","32.211724","130.129714"
"北方崎公民館","鹿児島県長島町平尾2298-5","32.211596","130.11084"
"浜漉公民館","鹿児島県長島町平尾3395-3","32.200712","130.123105"
"犬鹿倉公民館","鹿児島県長島町平尾4650-56","32.169605","130.15618"
"平尾中学校","鹿児島県長島町平尾5719","32.193549","130.144765"
"平尾小学校","鹿児島県長島町平尾832","32.19026","130.14224"
"茅屋入口バス停","鹿児島県長島町平尾２１４５－３地先","32.210103","130.129003"
"影平バス停","鹿児島県長島町平尾３３２２－１地先","32.199059","130.124738"
"岡前西郷公園","鹿児島県天城町岡前1218","27.83837","128.897176"
"岡前小学校　体育館","鹿児島県天城町岡前1602","27.843129","128.898993"
"天城中学校　体育館","鹿児島県天城町兼久1105-3","27.801967","128.902191"
"クロスカントリーパーク","鹿児島県天城町松原猫平629","27.864443","128.900921"
"兼久小学校　体育館","鹿児島県天城町瀬滝1009","27.783287","128.907545"
"西阿木名小学校三京分校　講堂","鹿児島県天城町西阿木名1352","27.771852","128.950184"
"西阿木名小中学校　体育館","鹿児島県天城町西阿木名262","27.752841","128.915851"
"北中学校　体育館","鹿児島県天城町浅間408","27.836807","128.890594"
"防災拠点施設周辺広場","鹿児島県天城町天城427","27.816179","128.894157"
"天城小学校　体育館","鹿児島県天城町天城555","27.811815","128.898949"
"癒しの里広場（当部あがりまた周辺）","鹿児島県天城町当部898","27.79081","128.939856"
"与名間海浜公園第２駐車場","鹿児島県天城町与名間599-3","27.869884","128.891227"
"岡前小学校与名間分校　体育館","鹿児島県天城町与名間940","27.878677","128.896441"
"総合体育館","鹿児島県東串良町新川西1850","31.385423","130.985589"
"新川西分団詰所","鹿児島県東串良町新川西4832","31.361063","130.986394"
"保健センター","鹿児島県東串良町川西1543","31.385233","130.973347"
"東串良中学校","鹿児島県東串良町川西1615","31.38597","130.975559"
"別府原分団詰所","鹿児島県東串良町川西1654","31.384914","130.977401"
"溜水構造改善センター","鹿児島県東串良町川東1535","31.390549","130.999276"
"柏原消防会館","鹿児島県東串良町川東3423","31.36394","131.005554"
"柏原小学校","鹿児島県東串良町川東3840","31.367018","131.004549"
"防災センター","鹿児島県東串良町川東4770-3","31.395786","131.012252"
"農村環境改善センター","鹿児島県東串良町川東4989-6","31.36028","131.013599"
"柏原保育所","鹿児島県東串良町川東4993-2","31.366739","131.009371"
"高齢者福祉センター","鹿児島県東串良町池之原2157","31.395146","130.985348"
"池之原小学校","鹿児島県東串良町池之原2940","31.394383","130.968637"
"中央分団詰所","鹿児島県東串良町池之原991-1","31.391587","130.965491"
"総合センター","鹿児島県東串良町池之原995","31.391793","130.967018"
"加島自動車整備工場","鹿児島県徳之島町井之川982","27.772372","129.019684"
"下久志水神様","鹿児島県徳之島町下久志","27.797199","129.000694"
"花徳芝ＧＳ前","鹿児島県徳之島町花徳","27.82581","128.95516"
"上花徳農業研修館","鹿児島県徳之島町花徳2210-2","27.826717","128.961546"
"花徳生活館","鹿児島県徳之島町花徳2860","27.824141","128.9598"
"花徳支所","鹿児島県徳之島町花徳3118","27.822865","128.961255"
"県営ベルメール団地","鹿児島県徳之島町亀津","27.718089","129.015204"
"金比羅神社","鹿児島県徳之島町亀津","27.726235","129.014514"
"志目渡広場","鹿児島県徳之島町亀津","27.726013","129.0121"
"亀津公園","鹿児島県徳之島町亀津","27.728607","129.007895"
"金毘羅ハイツ広場","鹿児島県徳之島町亀津","27.726173","129.013797"
"町道南ヶ丘団地付近","鹿児島県徳之島町亀津","27.723057","129.016712"
"県営徳之島団地","鹿児島県徳之島町亀津","27.719964","129.018626"
"徳之島自動車学校","鹿児島県徳之島町亀津58","27.738601","129.020155"
"徳之島高等学校","鹿児島県徳之島町亀津784","27.733603","129.018656"
"一本松ゴルフ場","鹿児島県徳之島町亀津86","27.741469","129.011324"
"県道８０号線・町道亀徳中央線交差点付近","鹿児島県徳之島町亀徳","27.743057","129.020932"
"真岸場広場（亀徳小学校裏）","鹿児島県徳之島町亀徳","27.744556","129.017989"
"港ヶ丘町営住宅","鹿児島県徳之島町亀徳","27.743551","129.02633"
"金見消防団車庫","鹿児島県徳之島町金見","27.888338","128.966635"
"ソテツ公園","鹿児島県徳之島町金見","27.890179","128.965827"
"徳之島フルーツガーデン広場","鹿児島県徳之島町畦1166-39","27.849083","128.961108"
"山幼稚園","鹿児島県徳之島町山1759","27.867071","128.955446"
"手々福祉会館","鹿児島県徳之島町手々1494","27.88494","128.931737"
"手々小中学校","鹿児島県徳之島町手々2975-8","27.887588","128.935135"
"健康の森総合運動公園","鹿児島県徳之島町徳和瀬765","27.757064","129.012946"
"尾母小中学校","鹿児島県徳之島町尾母300","27.71524","128.988804"
"花時名３号線","鹿児島県徳之島町母間","27.812657","128.964264"
"桜並木ロード広場","鹿児島県徳之島町母間","27.807138","128.981407"
"花時名１号線","鹿児島県徳之島町母間","27.814488","128.973314"
"母間旧製糖工場跡地","鹿児島県徳之島町母間","27.808761","128.978809"
"長野倉庫","鹿児島県徳之島町母間","27.801471","128.976329"
"ヤギ料理ハンター広場","鹿児島県徳之島町母間","27.804289","128.984051"
"ふくろう工務店倉庫前","鹿児島県徳之島町母間","27.801454","128.986342"
"池間福祉館","鹿児島県徳之島町母間926","27.8033","128.992985"
"畦杭公民館","鹿児島県南さつま市加世田益山5900-1","31.440625","130.306375"
"上公民館","鹿児島県南さつま市加世田益山8196-1","31.42837","130.318855"
"益山小学校","鹿児島県南さつま市加世田宮原1260","31.431699","130.313854"
"竹屋神社付近","鹿児島県南さつま市加世田宮原2360","31.430743","130.309971"
"春公民館","鹿児島県南さつま市加世田宮原2855-2","31.4297","130.305354"
"益山地区公民館","鹿児島県南さつま市加世田宮原767-1","31.431331","130.314684"
"海浜温泉ゆうらく","鹿児島県南さつま市加世田高橋1952-2","31.437541","130.293807"
"天文潟","鹿児島県南さつま市加世田高橋2066-250","31.431882","130.299443"
"相星西公民館","鹿児島県南さつま市加世田小湊2484","31.419366","130.2802"
"市道相星内布線","鹿児島県南さつま市加世田小湊3115","31.407519","130.277995"
"伊勢丸潟周辺","鹿児島県南さつま市加世田小湊534-138","31.42063","130.295281"
"市道相星小湊線","鹿児島県南さつま市加世田小湊5986-2","31.413295","130.268604"
"中央公民館","鹿児島県南さつま市加世田小湊7719","31.415851","130.260763"
"小湊地区公民館","鹿児島県南さつま市加世田小湊8504-1","31.413145","130.257051"
"市道小湊堀切線","鹿児島県南さつま市加世田小湊8950-1","31.411996","130.257465"
"市営川畑団地付近","鹿児島県南さつま市加世田川畑12653","31.417344","130.340512"
"ふれあいかせだ","鹿児島県南さつま市加世田川畑2614-2","31.415722","130.322"
"防災センター","鹿児島県南さつま市加世田川畑2648","31.416954","130.322762"
"加世田高校グラウンド","鹿児島県南さつま市加世田川畑3200","31.406405","130.325301"
"向江公民館","鹿児島県南さつま市加世田川畑3602-3","31.413211","130.327663"
"川畑小学校","鹿児島県南さつま市加世田川畑4257","31.413078","130.33655"
"川畑地区公民館","鹿児島県南さつま市加世田川畑4414","31.409704","130.335193"
"舞敷野地区多目的共同利用施設","鹿児島県南さつま市加世田川畑6852-2","31.393313","130.333285"
"高倉公民館","鹿児島県南さつま市加世田川畑9186-2","31.403033","130.350517"
"村原公民館","鹿児島県南さつま市加世田村原2-24-1","31.423754","130.32999"
"栫ノ原遺跡","鹿児島県南さつま市加世田村原5-2-6","31.421652","130.330932"
"地頭所公民館","鹿児島県南さつま市加世田地頭所町17-3","31.425718","130.322558"
"久木野地区公民館","鹿児島県南さつま市加世田津貫15340","31.338342","130.271671"
"中山地区集会施設","鹿児島県南さつま市加世田津貫17670-2","31.316075","130.257836"
"小原地区公民館","鹿児島県南さつま市加世田津貫25146-2","31.329358","130.243758"
"津貫地区公民館","鹿児島県南さつま市加世田津貫5970","31.36068","130.285163"
"干河区公民館","鹿児島県南さつま市加世田津貫618-1","31.37418","130.291275"
"中間上公民館","鹿児島県南さつま市加世田津貫7521-1","31.354455","130.292435"
"旧津貫小学校","鹿児島県南さつま市加世田津貫8186","31.359074","130.287346"
"鳳凰高校グラウンド","鹿児島県南さつま市加世田唐仁原1202","31.423387","130.311846"
"内田佐方高台","鹿児島県南さつま市加世田唐仁原3217-1","31.419778","130.303752"
"万世地区公民館","鹿児島県南さつま市加世田唐仁原6050","31.425845","130.293693"
"万世小学校","鹿児島県南さつま市加世田唐仁原6410-2","31.421923","130.293975"
"田之野公民館","鹿児島県南さつま市加世田内山田11710","31.368492","130.308695"
"市道内山田武田線","鹿児島県南さつま市加世田内山田1403-1","31.394759","130.311925"
"鉄山地区構造改善センター","鹿児島県南さつま市加世田内山田15302-1","31.348172","130.316949"
"東山地区集会施設","鹿児島県南さつま市加世田内山田17427-3","31.369409","130.332092"
"内山田地区公民館","鹿児島県南さつま市加世田内山田2538-1","31.392076","130.316117"
"内中村公民館","鹿児島県南さつま市加世田内山田4097","31.391246","130.319714"
"市道脇之原線","鹿児島県南さつま市加世田内山田7175-1","31.387785","130.314702"
"内山田小学校","鹿児島県南さつま市加世田内山田7316-2","31.384492","130.313954"
"白亀公民館","鹿児島県南さつま市加世田白亀1305-2","31.419008","130.314342"
"加世田アルテンハイム（地域交流研修センター）","鹿児島県南さつま市加世田武田13877","31.401891","130.301927"
"加世田常潤高校グラウンド","鹿児島県南さつま市加世田武田14863","31.407851","130.306213"
"加世田中学校","鹿児島県南さつま市加世田武田15533","31.408745","130.316784"
"ＪＡ南さつま野菜集選果場付近","鹿児島県南さつま市加世田武田16485-1","31.399982","130.318631"
"市道上原線","鹿児島県南さつま市加世田武田16969","31.408501","130.318995"
"加世田地区公民館","鹿児島県南さつま市加世田武田17835-1","31.412911","130.319759"
"加世田運動公園","鹿児島県南さつま市加世田武田18100","31.413243","130.31416"
"市道中野志風線","鹿児島県南さつま市加世田武田660-1","31.400782","130.312214"
"長屋地区公民館","鹿児島県南さつま市加世田武田6868","31.399218","130.298741"
"内布地区集会施設","鹿児島県南さつま市加世田武田8298-2","31.40131","130.285847"
"本町公民館","鹿児島県南さつま市加世田本町22-9","31.419006","130.321357"
"赤生木地区公民館","鹿児島県南さつま市笠沙赤生木274","31.394343","130.207939"
"並木コミュニティハウス","鹿児島県南さつま市笠沙町赤生木11372-416","31.393281","130.207332"
"清水公民館","鹿児島県南さつま市笠沙町赤生木1518","31.39887","130.199827"
"松木場公民館","鹿児島県南さつま市笠沙町赤生木2065-2","31.388576","130.199265"
"市崎木場公民館付近","鹿児島県南さつま市笠沙町赤生木2918-3","31.381778","130.19432"
"山野公民館付近","鹿児島県南さつま市笠沙町赤生木3460-7","31.396008","130.193934"
"黒瀬公民館","鹿児島県南さつま市笠沙町赤生木5075-1","31.386319","130.172578"
"市道大当線","鹿児島県南さつま市笠沙町片浦10599-2","31.421197","130.167315"
"小浦公民館","鹿児島県南さつま市笠沙町片浦1148-2","31.410236","130.18935"
"笠沙地区公民館","鹿児島県南さつま市笠沙町片浦14895","31.415","130.137369"
"山神公民館付近","鹿児島県南さつま市笠沙町片浦14990","31.413954","130.137714"
"国道２２６号太郎木場方面","鹿児島県南さつま市笠沙町片浦15239-1","31.411578","130.140256"
"野間池公民館","鹿児島県南さつま市笠沙町片浦15377","31.412569","130.132473"
"岬公民館","鹿児島県南さつま市笠沙町片浦15432-4","31.415157","130.131906"
"市道野間岬線","鹿児島県南さつま市笠沙町片浦16223-1","31.41408","130.129311"
"太郎木場地区高齢者若者センター","鹿児島県南さつま市笠沙町片浦16932-1","31.39948","130.147412"
"市道川路線","鹿児島県南さつま市笠沙町片浦1993-3","31.395437","130.183812"
"笠沙小学校体育館","鹿児島県南さつま市笠沙町片浦2362","31.409723","130.185207"
"市道椎木野間岳線","鹿児島県南さつま市笠沙町片浦3098-1","31.397405","130.183294"
"笠沙町漁業協同組合　漁民研修施設","鹿児島県南さつま市笠沙町片浦6510-8","31.420037","130.181182"
"片浦児童公園","鹿児島県南さつま市笠沙町片浦6650-1","31.420006","130.178789"
"大当公民館","鹿児島県南さつま市笠沙町片浦7670-4","31.419328","130.169714"
"笠沙保健センター","鹿児島県南さつま市笠沙町片浦808","31.406801","130.191092"
"椎木公民館","鹿児島県南さつま市笠沙片浦2189-3","31.397913","130.184634"
"ちよまる集会所","鹿児島県南さつま市金峰町浦之名257-2","31.453897","130.357673"
"浦之名消防コミュニティセンター","鹿児島県南さつま市金峰町浦之名3297","31.443687","130.383464"
"浦之名西公民館","鹿児島県南さつま市金峰町浦之名579-1","31.451204","130.362051"
"花瀬広報研修センター","鹿児島県南さつま市金峰町花瀬2172","31.422734","130.341369"
"日吉広報研修センター","鹿児島県南さつま市金峰町宮崎3548","31.443005","130.325729"
"阿多地区公民館","鹿児島県南さつま市金峰町宮崎4104-1","31.435598","130.336983"
"吾田分団詰所付近","鹿児島県南さつま市金峰町宮崎6005-7","31.438576","130.330712"
"高橋公民館","鹿児島県南さつま市金峰町高橋2868","31.454844","130.320502"
"グリーンドーム金峰","鹿児島県南さつま市金峰町高橋3075-4","31.451472","130.317734"
"加世田日吉自転車道付近国有林","鹿児島県南さつま市金峰町高橋4148-19","31.477547","130.322297"
"新山南公民館付近","鹿児島県南さつま市金峰町新山1436-2","31.436335","130.344071"
"扇山消防コミュニティセンター","鹿児島県南さつま市金峰町大坂12796-3","31.446939","130.391989"
"大坂地区公民館","鹿児島県南さつま市金峰町大坂3437","31.474436","130.403503"
"長谷コミュニティ消防センター","鹿児島県南さつま市金峰町大坂6834-2","31.483041","130.443172"
"京田農村振興研修センター","鹿児島県南さつま市金峰町大野1030-1","31.47541","130.328559"
"市道池辺南原線","鹿児島県南さつま市金峰町大野3206-1","31.471134","130.340517"
"下馬場研修センター","鹿児島県南さつま市金峰町大野4114-3","31.475688","130.352448"
"上馬場研修センター","鹿児島県南さつま市金峰町大野4225-2","31.474941","130.348841"
"前平消防コミュニティセンター","鹿児島県南さつま市金峰町大野4947-1","31.473036","130.356735"
"池辺門前公民館","鹿児島県南さつま市金峰町池辺1781","31.465687","130.356176"
"牟礼ヶ城付近","鹿児島県南さつま市金峰町池辺2625","31.467217","130.348337"
"市道柿迫線","鹿児島県南さつま市金峰町池辺2918-1","31.47105","130.341892"
"中津野研修センター","鹿児島県南さつま市金峰町中津野1198-4","31.447894","130.348875"
"金峰老人福祉センター","鹿児島県南さつま市金峰町中津野625","31.451321","130.344503"
"大田地区運動場","鹿児島県南さつま市金峰町中津野905","31.449287","130.355329"
"白川青少年研修会館","鹿児島県南さつま市金峰町白川2670","31.414597","130.373615"
"白川地区公民館","鹿児島県南さつま市金峰町白川3111","31.426555","130.372112"
"白川消防コミュニティセンター","鹿児島県南さつま市金峰町白川4352-18","31.417209","130.364252"
"白川東研修センター","鹿児島県南さつま市金峰町白川639","31.434798","130.378028"
"金峰文化センター","鹿児島県南さつま市金峰町尾下1655","31.454379","130.34035"
"亀ヶ城神社","鹿児島県南さつま市金峰町尾下1985-1","31.458222","130.351933"
"多布施神社","鹿児島県南さつま市金峰町尾下2074","31.455485","130.348426"
"尾下研修センター付近","鹿児島県南さつま市金峰町尾下2205-1","31.456671","130.340375"
"柴内公民館","鹿児島県南さつま市大浦町11724","31.357894","130.229192"
"九玉公民館","鹿児島県南さつま市大浦町14843-3","31.361057","130.23537"
"大木場南部地区山下周辺","鹿児島県南さつま市大浦町17080-3","31.356538","130.24412"
"大木場公民館","鹿児島県南さつま市大浦町19126","31.358965","130.244036"
"大浦保健センター","鹿児島県南さつま市大浦町2046","31.378374","130.224304"
"大浦地区公民館","鹿児島県南さつま市大浦町2071","31.378552","130.225192"
"市道上原線","鹿児島県南さつま市大浦町21618","31.370011","130.237908"
"市道上坪迫田線","鹿児島県南さつま市大浦町22046-1","31.372007","130.24014"
"市道八代線","鹿児島県南さつま市大浦町23662","31.373671","130.230878"
"恵風園周辺","鹿児島県南さつま市大浦町24755-6","31.386254","130.227215"
"榊研修館","鹿児島県南さつま市大浦町25238","31.39265","130.236198"
"上之門公民館","鹿児島県南さつま市大浦町2545","31.376606","130.221097"
"市道越路榊線","鹿児島県南さつま市大浦町27471-1","31.394629","130.235425"
"市道越路榊線","鹿児島県南さつま市大浦町28747-1","31.398138","130.231662"
"市道本小浜花立線","鹿児島県南さつま市大浦町2961-1","31.376137","130.216929"
"市道越路榊線","鹿児島県南さつま市大浦町29875","31.402948","130.237155"
"越路公民館","鹿児島県南さつま市大浦町30118-1","31.397677","130.229492"
"干拓公民館","鹿児島県南さつま市大浦町30173-41","31.385875","130.218857"
"市道大平野秋目口線先","鹿児島県南さつま市大浦町4195-2","31.372915","130.219177"
"有木上部高台周辺","鹿児島県南さつま市大浦町7133-1","31.374639","130.225944"
"大浦小学校体育館","鹿児島県南さつま市大浦町7182","31.375983","130.22517"
"木連口公民館","鹿児島県南さつま市大浦町7487","31.377677","130.226517"
"広域農道","鹿児島県南さつま市大浦町816-2","31.384361","130.216145"
"永田公民館","鹿児島県南さつま市大浦町9878-1","31.36813","130.225203"
"武田上公会堂","鹿児島県南さつま市武田5547-6","31.392328","130.304409"
"平崎集会所","鹿児島県南さつま市坊津町久志10120-9","31.340243","130.209189"
"国道２２６号丸木浜入口付近","鹿児島県南さつま市坊津町久志1477","31.292032","130.218629"
"博多集会施設","鹿児島県南さつま市坊津町久志1765","31.298183","130.221967"
"市道平尾線終点付近","鹿児島県南さつま市坊津町久志2061","31.302398","130.225044"
"旧青少年旅行村キャンプ場広場","鹿児島県南さつま市坊津町久志2158","31.306071","130.227419"
"仁田川営農研修館","鹿児島県南さつま市坊津町久志4350-12","31.312425","130.225522"
"久志地区公民館","鹿児島県南さつま市坊津町久志4358","31.311384","130.225788"
"上野集会所","鹿児島県南さつま市坊津町久志5167","31.327257","130.244684"
"県道久志上津貫線","鹿児島県南さつま市坊津町久志5793-1","31.313417","130.227648"
"塩屋営農研修館","鹿児島県南さつま市坊津町久志6516-1","31.313184","130.221299"
"塩屋運動広場","鹿児島県南さつま市坊津町久志6534-3","31.312774","130.22216"
"今岳集会所","鹿児島県南さつま市坊津町久志7867-4","31.325957","130.212118"
"秋目集会所","鹿児島県南さつま市坊津町秋目1182-6","31.358376","130.19904"
"鑑真記念館付近","鹿児島県南さつま市坊津町秋目225-2","31.356364","130.201678"
"市道上向線","鹿児島県南さつま市坊津町秋目535-3","31.361895","130.201669"
"秋目診療所","鹿児島県南さつま市坊津町秋目805","31.360009","130.199545"
"漁民センター","鹿児島県南さつま市坊津町泊161-2","31.278119","130.228317"
"泊地区体育館","鹿児島県南さつま市坊津町泊186","31.27636","130.230591"
"市道泊春日線","鹿児島県南さつま市坊津町泊415-1","31.279896","130.231457"
"泊集会施設","鹿児島県南さつま市坊津町泊579-3","31.281981","130.231183"
"清原地区体育館","鹿児島県南さつま市坊津町泊6068-3","31.287919","130.241825"
"清原地区公民館","鹿児島県南さつま市坊津町泊6076","31.287435","130.241668"
"坊津学園","鹿児島県南さつま市坊津町泊8748","31.286267","130.23004"
"栗野地区公民館","鹿児島県南さつま市坊津町坊2352-1","31.265077","130.256543"
"栗野地区体育館","鹿児島県南さつま市坊津町坊2648-2","31.267222","130.253385"
"市道菖蒲谷線","鹿児島県南さつま市坊津町坊5598-2","31.266772","130.224712"
"市道坊高見線","鹿児島県南さつま市坊津町坊5913","31.265798","130.226583"
"上之坊公民館","鹿児島県南さつま市坊津町坊6741","31.266539","130.23232"
"市道阿漢溝線","鹿児島県南さつま市坊津町坊6823-1","31.266792","130.22945"
"坊泊地区公民館","鹿児島県南さつま市坊津町坊6899-1","31.26739","130.228528"
"松ケ迫コミュニティセンター","鹿児島県南さつま市坊津町坊7472-109","31.266805","130.23971"
"坊地区体育館","鹿児島県南さつま市坊津町坊8971","31.27192","130.231661"
"市道一乗院線駐車場","鹿児島県南さつま市坊津町坊9120","31.27249","130.229972"
"南九州市立頴娃中学校","鹿児島県南九州市頴娃町郡1442-1","31.241029","130.496828"
"南九州市立頴娃小学校","鹿児島県南九州市頴娃町郡9201","31.234657","130.506319"
"南九州市立九玉小学校","鹿児島県南九州市頴娃町御領3434-1","31.252743","130.478509"
"新牧公民館","鹿児島県南九州市頴娃町上別府2889-1","31.316795","130.506379"
"南九州市立青戸小学校","鹿児島県南九州市頴娃町上別府4541","31.296966","130.464806"
"旧南九州市立青戸中学校","鹿児島県南九州市頴娃町上別府4865-1","31.299804","130.466588"
"南九州市立別府小学校","鹿児島県南九州市頴娃町別府5140-1","31.251964","130.433149"
"地域交流センターはやま","鹿児島県南九州市頴娃町別府8644","31.268431","130.42572"
"旧南九州市立松原小学校","鹿児島県南九州市頴娃町別府9348-3","31.284751","130.421975"
"南九州市立宮脇小学校","鹿児島県南九州市頴娃町牧之内1476","31.25054","130.489735"
"鹿児島県立頴娃高等学校","鹿児島県南九州市頴娃町牧之内2000","31.242656","130.492597"
"南九州市立粟ケ窪小学校","鹿児島県南九州市頴娃町牧之内9444","31.276636","130.495043"
"南九州市立高田小学校","鹿児島県南九州市川辺町高田2371","31.369379","130.381414"
"南九州市立勝目小学校","鹿児島県南九州市川辺町上山田1884","31.363512","130.353255"
"大丸分団拠点施設","鹿児島県南九州市川辺町上山田2719-3","31.356025","130.350257"
"南九州市立大丸小学校","鹿児島県南九州市川辺町上山田7607","31.344912","130.342333"
"旧南九州市立神殿小学校","鹿児島県南九州市川辺町神殿5686-1","31.431862","130.419534"
"南九州市立清水小学校","鹿児島県南九州市川辺町清水1531-1","31.410573","130.415788"
"川辺やすらぎの郷","鹿児島県南九州市川辺町清水6910","31.41261","130.433109"
"旧南九州市立田代小学校","鹿児島県南九州市川辺町清水7181","31.419769","130.438333"
"勝目地区公民館","鹿児島県南九州市川辺町中山田1884-2","31.369851","130.354132"
"南九州市立川辺中学校","鹿児島県南九州市川辺町田部田3880","31.398395","130.387907"
"鹿児島県立川辺高等学校","鹿児島県南九州市川辺町田部田4150","31.393122","130.387824"
"南九州市立川辺小学校","鹿児島県南九州市川辺町平山7086-2","31.393624","130.398757"
"南九州市立中福良小学校","鹿児島県南九州市知覧町永里5326","31.346143","130.446862"
"南九州市立松山小学校","鹿児島県南九州市知覧町塩屋15026","31.288963","130.397615"
"松山地区公民館","鹿児島県南九州市知覧町塩屋15046","31.287931","130.395713"
"二松台公園運動施設","鹿児島県南九州市知覧町塩屋24500","31.274067","130.395851"
"西塩屋広場","鹿児島県南九州市知覧町塩屋28425-1","31.256742","130.377923"
"南九州市立知覧小学校","鹿児島県南九州市知覧町郡14145-1","31.37963","130.440147"
"知覧武道館","鹿児島県南九州市知覧町郡17753-1","31.359493","130.433035"
"知覧文化会館","鹿児島県南九州市知覧町郡17880","31.362934","130.433411"
"鹿児島県立薩南工業高等学校","鹿児島県南九州市知覧町郡5232","31.374539","130.436925"
"ちらん夢郷館","鹿児島県南九州市知覧町郡6209-1","31.378522","130.440993"
"手蓑集落公民館","鹿児島県南九州市知覧町郡9534-6","31.397915","130.497526"
"南九州市立知覧中学校","鹿児島県南九州市知覧町西元4160","31.345918","130.422255"
"南九州市立霜出小学校","鹿児島県南九州市知覧町西元5656-1","31.336851","130.416986"
"南九州市立浮辺小学校","鹿児島県南九州市知覧町東別府9564","31.315445","130.441497"
"浮辺地区公民館","鹿児島県南九州市知覧町東別府9814","31.319209","130.442928"
"門之浦公民館","鹿児島県南九州市知覧町南別府22942-3","31.254217","130.406436"
"南九州市立松ヶ浦小学校","鹿児島県南九州市知覧町南別府24941-1","31.257256","130.392939"
"松ケ浦地区公民館","鹿児島県南九州市知覧町南別府25159","31.25593","130.39663"
"塩屋分団拠点施設","鹿児島県南九州市知覧町南別府26637-1","31.255453","130.384861"
"茎永地区公民館","鹿児島県南種子町茎永194-1","30.388485","130.943529"
"茎南小学校","鹿児島県南種子町茎永655","30.390884","130.942066"
"西野小学校","鹿児島県南種子町西之1667","30.370859","130.88189"
"西之地区公民館","鹿児島県南種子町西之1864-7","30.371359","130.879699"
"花峰小学校","鹿児島県南種子町中之下1173","30.375175","130.910616"
"下中地区公民館","鹿児島県南種子町中之下1191-1","30.374737","130.909763"
"南種子中学校","鹿児島県南種子町中之下1900","30.401585","130.900341"
"公立種子島病院","鹿児島県南種子町中之上1700-22","30.437333","130.914164"
"長谷地区公民館","鹿児島県南種子町中之上1794","30.447964","130.907788"
"長谷小学校","鹿児島県南種子町中之上1794-2","30.4478","130.909512"
"町福祉センター","鹿児島県南種子町中之上2283","30.413349","130.903607"
"町トレーニングセンター","鹿児島県南種子町中之上2293-5","30.412937","130.903532"
"町中央公民館","鹿児島県南種子町中之上2420-2","30.413346","130.902197"
"中平小学校","鹿児島県南種子町中之上2427","30.415898","130.902486"
"あおぞら広場","鹿児島県南種子町中之上2789","30.415048","130.901184"
"南種子町河内温泉センター","鹿児島県南種子町中之上341","30.40656","130.918873"
"西海地区公民館","鹿児島県南種子町中之上3672-2","30.418397","130.867083"
"大川小学校","鹿児島県南種子町中之上3698","30.418467","130.865613"
"仲之町公民館","鹿児島県南種子町島間175-2","30.463166","130.861578"
"島間小学校","鹿児島県南種子町島間3611","30.467012","130.876709"
"町自然の家","鹿児島県南種子町島間5660-14","30.462254","130.871079"
"平山地区公民館","鹿児島県南種子町平山153","30.434259","130.958132"
"平山小学校","鹿児島県南種子町平山1622","30.434666","130.958967"
"横ビュー高原ふれあい館","鹿児島県南大隅町根占横別府1920","31.183226","130.803767"
"国道２６９号線緑の回廊","鹿児島県南大隅町根占山本6104-1","31.193012","130.766957"
"大浜海浜公園バンガロー","鹿児島県南大隅町根占山本6868-1","31.187689","130.767192"
"旧宮田小学校","鹿児島県南大隅町根占山本7065","31.189688","130.765651"
"川南地区集会施設","鹿児島県南大隅町根占川南3256-3","31.211777","130.7783"
"老人福祉センター","鹿児島県南大隅町根占川南3256-3","31.211486","130.778136"
"神山小学校","鹿児島県南大隅町根占川北1250","31.21598","130.772099"
"鹿児島きもつき農協根占支所","鹿児島県南大隅町根占川北1729","31.213182","130.773673"
"南大隅町体育館","鹿児島県南大隅町根占川北199","31.217491","130.767256"
"南大隅町武道館","鹿児島県南大隅町根占川北226","31.216865","130.768463"
"農村集落多目的共同利用施設","鹿児島県南大隅町根占川北8284-1","31.222405","130.809426"
"舟木公民館","鹿児島県南大隅町根占辺田1604","31.16381","130.759363"
"苙公民館","鹿児島県南大隅町根占辺田2478-5","31.149293","130.754707"
"旧登尾小学校","鹿児島県南大隅町根占辺田3310","31.139741","130.751257"
"大川公民館","鹿児島県南大隅町根占辺田4740-1","31.118261","130.733789"
"旧辺田別府分校","鹿児島県南大隅町根占辺田5878","31.119821","130.755375"
"上之園集落集会施設","鹿児島県南大隅町佐多伊座敷2441","31.088792","130.688191"
"島泊体育館","鹿児島県南大隅町佐多伊座敷315-3","31.064594","130.679369"
"第一佐多中学校","鹿児島県南大隅町佐多伊座敷3470","31.089163","130.699636"
"佐多交流施設","鹿児島県南大隅町佐多伊座敷3474","31.08898","130.698114"
"佐多小学校","鹿児島県南大隅町佐多伊座敷3531","31.092021","130.695164"
"南大隅町山村開発センター","鹿児島県南大隅町佐多伊座敷3844","31.093621","130.690998"
"浮津トンネル付近","鹿児島県南大隅町佐多伊座敷5463","31.114387","130.715756"
"旧大中尾小学校","鹿児島県南大隅町佐多伊座敷5929-405","31.111048","130.774053"
"旧郡小学校","鹿児島県南大隅町佐多郡1456","31.066488","130.731729"
"浜尻ゲートボール場","鹿児島県南大隅町佐多郡2700-1","31.062165","130.753029"
"間泊公民館","鹿児島県南大隅町佐多郡39","31.036958","130.712723"
"旧竹之浦小学校","鹿児島県南大隅町佐多郡405","31.047865","130.722063"
"外之浦方面トンネル付近","鹿児島県南大隅町佐多馬籠1004","31.02834","130.696433"
"大泊方面トンネル付近","鹿児島県南大隅町佐多馬籠1004","31.027485","130.694885"
"尾波瀬公民館","鹿児島県南大隅町佐多馬籠259-2","31.042015","130.680636"
"片野坂集落公民館","鹿児島県南大隅町佐多馬籠3690-1","31.115176","130.727374"
"田尻へき地集会施設","鹿児島県南大隅町佐多馬籠449-5","31.008883","130.667609"
"旧大泊小学校","鹿児島県南大隅町佐多馬籠907","31.025948","130.683484"
"辺塚西公民館","鹿児島県南大隅町佐多辺塚1537-1","31.098959","130.821284"
"打詰公民館","鹿児島県南大隅町佐多辺塚2028","31.095133","130.861214"
"旧辺塚小学校","鹿児島県南大隅町佐多辺塚441-1","31.095159","130.8272"
"中郷生活改善センター","鹿児島県南大隅町佐多辺塚541-2","31.094686","130.828891"
"辺塚東公民館","鹿児島県南大隅町佐多辺塚753-1","31.09653","130.836783"
"伊集院北地区公民館","鹿児島県日置市伊集院町下神殿1147-1","31.652957","130.402469"
"伊集院北中学校体育館","鹿児島県日置市伊集院町下神殿1154","31.652335","130.402331"
"伊集院北小学校体育館","鹿児島県日置市伊集院町下神殿1995-1","31.65418","130.416091"
"伊集院中学校体育館","鹿児島県日置市伊集院町下谷口1547","31.623375","130.394711"
"伊集院武道館","鹿児島県日置市伊集院町下谷口1786","31.625409","130.394664"
"伊集院小学校体育館","鹿児島県日置市伊集院町下谷口1836-1","31.626562","130.394958"
"伊集院地区公民館","鹿児島県日置市伊集院町下谷口1857","31.626212","130.394966"
"中央公民館","鹿児島県日置市伊集院町郡1-100","31.634055","130.402803"
"伊集院高等学校体育館","鹿児島県日置市伊集院町郡1984","31.635147","130.399531"
"鹿児島城西高等学校体育館","鹿児島県日置市伊集院町清藤1938","31.627076","130.411925"
"土橋中学校体育館","鹿児島県日置市伊集院町土橋1350","31.63592","130.447736"
"土橋小学校体育館","鹿児島県日置市伊集院町土橋1377","31.639184","130.447249"
"飯牟礼小学校体育館","鹿児島県日置市伊集院町飯牟礼1049-1","31.606435","130.390932"
"飯牟礼地区公民館","鹿児島県日置市伊集院町飯牟礼910","31.604766","130.391573"
"妙円寺小学校体育館","鹿児島県日置市伊集院町妙円寺1-112","31.645532","130.399692"
"妙円寺地区公民館","鹿児島県日置市伊集院町妙円寺1-2200-793","31.645654","130.395129"
"自転車道休憩場","鹿児島県日置市国有林内","31.509521","130.328041"
"塩入橋バス停上方農道","鹿児島県日置市吹上町永吉3166-3","31.545289","130.337923"
"龍泉寺駐車場","鹿児島県日置市吹上町永吉3533-2","31.546115","130.339594"
"下草田公民館上方農道","鹿児島県日置市吹上町永吉3567","31.547053","130.341681"
"原口班ゴミステーション周辺","鹿児島県日置市吹上町永吉3626-1","31.547441","130.344064"
"浜田分団車庫前","鹿児島県日置市吹上町永吉4775-7","31.549044","130.339518"
"永吉地区公民館","鹿児島県日置市吹上町永吉5947","31.55844","130.355056"
"吹上高等学校体育館","鹿児島県日置市吹上町今田1003","31.511439","130.337222"
"小野浜の高台","鹿児島県日置市吹上町小野1256-1","31.541333","130.336868"
"吹上浜公園体育館","鹿児島県日置市吹上町中原1352-1","31.516206","130.336502"
"吹上中学校体育館","鹿児島県日置市吹上町中原1691","31.521676","130.351452"
"吹上中央公民館","鹿児島県日置市吹上町中原2568","31.510188","130.348143"
"花田小学校（校舎）","鹿児島県日置市吹上町田尻239","31.525348","130.344736"
"坊野防災備蓄倉庫","鹿児島県日置市吹上町田尻4710-5","31.553069","130.390875"
"野首地区公民館","鹿児島県日置市吹上町田尻6037-1","31.519094","130.368046"
"平鹿倉地区公民館","鹿児島県日置市吹上町湯之浦5356-6","31.50041","130.416336"
"吹上勤労者体育センター","鹿児島県日置市吹上町湯之浦629-8","31.501901","130.356594"
"吹上地区公民館","鹿児島県日置市吹上町入来290","31.502741","130.335163"
"若宮神社","鹿児島県日置市吹上町入来3853-1","31.504952","130.324414"
"青屋墓地","鹿児島県日置市吹上町入来3911","31.501449","130.326291"
"青屋防火水槽付近市道","鹿児島県日置市吹上町入来4060-2","31.502863","130.324743"
"藤元地区公民館","鹿児島県日置市吹上町与倉3127-8","31.526768","130.411494"
"和田小学校（校舎）","鹿児島県日置市吹上町和田2104","31.486279","130.355797"
"東市来総合運動公園","鹿児島県日置市東市来町伊作田1037-2","31.660903","130.331701"
"中伊作田公民館","鹿児島県日置市東市来町伊作田3787-2","31.64751","130.336364"
"中伊作田運動広場","鹿児島県日置市東市来町伊作田4094","31.646592","130.335933"
"伊作田地区公民館","鹿児島県日置市東市来町伊作田4318","31.648213","130.326404"
"永山公民館","鹿児島県日置市東市来町伊作田6678","31.628543","130.332431"
"鈩口運動広場","鹿児島県日置市東市来町伊作田7273","31.63583","130.32811"
"川北慰霊堂上方国道２７０号バイパス","鹿児島県日置市東市来町伊作田１４４３先","31.654719","130.32375"
"川原記念館","鹿児島県日置市東市来町神之川78-1","31.625844","130.333654"
"神之川公民館","鹿児島県日置市東市来町神之川83-1","31.625738","130.333304"
"鶴丸小学校体育館","鹿児島県日置市東市来町長里165-2","31.659442","130.350091"
"東市来保健センター","鹿児島県日置市東市来町長里185","31.659061","130.34846"
"東市来総合福祉センター","鹿児島県日置市東市来町湯田3264","31.671711","130.334155"
"湯田地区公民館","鹿児島県日置市東市来町湯田3299-1","31.670745","130.333793"
"湯田小学校体育館","鹿児島県日置市東市来町湯田4042-3","31.675084","130.333109"
"赤崎公民館","鹿児島県日置市東市来町湯田591","31.659364","130.317941"
"美山地区公民館","鹿児島県日置市東市来町美山1690-4","31.644125","130.361561"
"上市来地区公民館","鹿児島県日置市東市来町養母11393-1","31.676393","130.393052"
"上市来小学校体育館","鹿児島県日置市東市来町養母11421","31.676549","130.391466"
"高山地区公民館","鹿児島県日置市東市来町養母15819-4","31.713655","130.395153"
"池王神社","鹿児島県日置市日吉町吉利1229-1","31.564758","130.338926"
"南区公民館","鹿児島県日置市日吉町吉利1350","31.563244","130.338675"
"正ちゃん前","鹿児島県日置市日吉町吉利1589","31.557917","130.337593"
"旧八重倉縄屋付近広場","鹿児島県日置市日吉町吉利2204-5","31.564151","130.345367"
"迫牧場付近広場","鹿児島県日置市日吉町吉利2925-1","31.567811","130.348481"
"吉利地区公民館","鹿児島県日置市日吉町吉利4329","31.57365","130.345456"
"北区公民館","鹿児島県日置市日吉町吉利5288-2","31.578373","130.3517"
"吉利酪農会館広場","鹿児島県日置市日吉町吉利901-3","31.570471","130.343102"
"日新地区公民館","鹿児島県日置市日吉町山田308-2","31.603904","130.342368"
"旧成田商店前","鹿児島県日置市日吉町神之川661-5","31.611204","130.335113"
"日吉老人福祉センター","鹿児島県日置市日吉町日置1132-1","31.595549","130.344513"
"帆之港公民館","鹿児島県日置市日吉町日置166-1","31.584924","130.339899"
"日新公民館","鹿児島県日置市日吉町日置2006-2","31.601003","130.34278"
"日吉中央公民館","鹿児島県日置市日吉町日置377-1","31.589338","130.345751"
"日吉研修棟（せっぺとべひよし館）","鹿児島県日置市日吉町日置5302","31.58975","130.352672"
"西郷公民館","鹿児島県日置市日吉町日置695","31.593004","130.339247"
"枕崎高校","鹿児島県枕崎市岩崎町3","31.278731","130.288373"
"旧金山小学校","鹿児島県枕崎市金山町510","31.312446","130.291569"
"桜山小学校","鹿児島県枕崎市桜山町256","31.291776","130.29164"
"城山センター","鹿児島県枕崎市桜山町256-1","31.291355","130.290681"
"桜山中学校","鹿児島県枕崎市桜山町272","31.292123","130.290148"
"枕崎中学校","鹿児島県枕崎市桜木町478","31.277239","130.292297"
"松之尾センター","鹿児島県枕崎市汐見町260","31.270508","130.290628"
"妙見センター","鹿児島県枕崎市寿町186","31.285756","130.298271"
"枕崎市市民会館","鹿児島県枕崎市千代田町114","31.27311","130.294886"
"枕崎小学校","鹿児島県枕崎市千代田町124","31.273777","130.29614"
"枕崎市役所","鹿児島県枕崎市千代田町27","31.27284","130.296888"
"立神センター","鹿児島県枕崎市大塚南町129","31.268429","130.276953"
"立神中学校","鹿児島県枕崎市大塚北町54","31.274359","130.274729"
"立神小学校","鹿児島県枕崎市中央町345","31.271811","130.279769"
"金山センター","鹿児島県枕崎市田布川町463","31.313402","130.288894"
"枕崎市健康センター","鹿児島県枕崎市日之出町231","31.271934","130.302424"
"別府小学校","鹿児島県枕崎市別府西町1","31.274639","130.346449"
"別府中学校","鹿児島県枕崎市別府東町543","31.278473","130.350069"
"別府センター","鹿児島県枕崎市別府東町574","31.278199","130.351196"
"山ケ野分団古城地区拠点施設","鹿児島県霧島市横川町上ノ2891-1","31.900584","130.647093"
"横川農業交流センター","鹿児島県霧島市横川町上ノ3590-9","31.889561","130.675024"
"山ケ野ふれあい交流館","鹿児島県霧島市横川町上ノ776","31.90961","130.634779"
"横川健康温泉センター","鹿児島県霧島市横川町中ノ254-1","31.903146","130.702775"
"崎森地区公民館","鹿児島県霧島市溝辺町崎森2718-1","31.777396","130.702807"
"竹子集会センター","鹿児島県霧島市溝辺町竹子638-3","31.855552","130.666201"
"溝辺小学校（体育館）","鹿児島県霧島市溝辺町有川196-1","31.834584","130.686195"
"溝辺総合支所（溝辺保健福祉センター）","鹿児島県霧島市溝辺町有川341","31.830515","130.679681"
"陵南小学校（体育館）","鹿児島県霧島市溝辺町麓1267-2","31.796574","130.709524"
"石峯自治公民館","鹿児島県霧島市溝辺町麓2541-3","31.814618","130.702372"
"国分南中学校（武道館）","鹿児島県霧島市国分下井817","31.716503","130.781573"
"郡山公民館","鹿児島県霧島市国分郡田1018-3","31.763333","130.796829"
"木原公民館","鹿児島県霧島市国分郡田3609-3","31.773094","130.848629"
"広瀬ふれあい館","鹿児島県霧島市国分広瀬2-653-4","31.717336","130.760296"
"いきいき国分交流センター","鹿児島県霧島市国分重久19","31.764869","130.773499"
"東その山公民館","鹿児島県霧島市国分重久586-4","31.769747","130.780415"
"松木公民館","鹿児島県霧島市国分松木町29-17","31.730793","130.753602"
"上小川公民館","鹿児島県霧島市国分上小川844-2","31.724321","130.77408"
"上之段公民館","鹿児島県霧島市国分上之段1637","31.704146","130.822714"
"塚脇公民館","鹿児島県霧島市国分上之段2283-9","31.682265","130.862293"
"新町公民館","鹿児島県霧島市国分新町1-11-7","31.752104","130.76177"
"清水公民館","鹿児島県霧島市国分清水2-24-19-8","31.753784","130.778503"
"国分多目的屋内運動場","鹿児島県霧島市国分清水778-2","31.745801","130.778241"
"川原公民館","鹿児島県霧島市国分川原5026","31.746407","130.822828"
"平山公民館","鹿児島県霧島市国分川内3097-1","31.709648","130.841434"
"本戸公民館","鹿児島県霧島市国分川内4399-1","31.752951","130.891522"
"川内地区コミュニティセンター","鹿児島県霧島市国分川内587-1","31.72217","130.794245"
"国分ふれあいの郷","鹿児島県霧島市国分中央2-4-3","31.740574","130.772467"
"国分シビックセンター（国分公民館）","鹿児島県霧島市国分中央3-45-1","31.7406","130.763732"
"向花小学校　（体育館）","鹿児島県霧島市国分府中町4-1","31.746891","130.760467"
"敷根地区コミュニティ広場","鹿児島県霧島市国分敷根783","31.706715","130.793983"
"福島公民館","鹿児島県霧島市国分福島2-31-20","31.72459","130.759754"
"有下公民館","鹿児島県霧島市国分福島3-24-18","31.72833","130.763444"
"湊公民館","鹿児島県霧島市国分湊226","31.716345","130.775234"
"湊地区コミュニティ広場","鹿児島県霧島市国分湊259-1","31.715833","130.776272"
"野口公民館","鹿児島県霧島市国分野口町12-10","31.736093","130.75169"
"中福良小学校（体育館）","鹿児島県霧島市隼人町嘉例川1831-1","31.814439","130.731437"
"中福良地区公民館","鹿児島県霧島市隼人町嘉例川2174-4","31.826582","130.722352"
"楽園荘","鹿児島県霧島市隼人町嘉例川4363","31.81774","130.756423"
"稲荷山公園","鹿児島県霧島市隼人町住吉1879-4","31.727583","130.736216"
"新川防災センター","鹿児島県霧島市隼人町住吉520","31.726761","130.744396"
"小野地区公民館","鹿児島県霧島市隼人町小田2468-3","31.741581","130.715496"
"小浜地区公民館","鹿児島県霧島市隼人町小浜215-1","31.734146","130.691468"
"小浜小学校（体育館）","鹿児島県霧島市隼人町小浜4774","31.736053","130.693141"
"松永地区公民館","鹿児島県霧島市隼人町松永1731-2","31.784297","130.769067"
"富隈地区公民館","鹿児島県霧島市隼人町真孝223","31.729051","130.736045"
"隼人人権啓発センター","鹿児島県霧島市隼人町真孝2490-11","31.731961","130.719062"
"宮内地区公民館","鹿児島県霧島市隼人町神宮3-4-18","31.753405","130.741236"
"糸走地区共同利用施設","鹿児島県霧島市隼人町西光寺2407-1","31.782909","130.724427"
"湯田公民館","鹿児島県霧島市隼人町西光寺445-2","31.778519","130.750186"
"あいら農協　日当山施設　あいら共同株式会社　本社","鹿児島県霧島市隼人町西光寺521-5","31.77371","130.749321"
"日当山中学校（武道館）","鹿児島県霧島市隼人町東郷1187-2","31.772214","130.755199"
"日当山地区公民館","鹿児島県霧島市隼人町東郷161","31.767348","130.7532"
"天降川地区共同利用施設","鹿児島県霧島市隼人町内1054-1","31.757492","130.75271"
"隼人農村環境改善センター","鹿児島県霧島市隼人町内山田1-14-10","31.744593","130.735898"
"隼人姫城地区公民館","鹿児島県霧島市隼人町姫城2-206","31.766651","130.758774"
"野久美田公民館","鹿児島県霧島市隼人町野久美田278-2","31.736966","130.709391"
"市道大廻中央線","鹿児島県霧島市福山町福山","31.669609","130.821317"
"福山小学校　（２Ｆ）","鹿児島県霧島市福山町福山2962-1","31.677338","130.816671"
"鉄道記念公園","鹿児島県霧島市福山町福山3576-8","31.680726","130.815982"
"西牧之原地区公民館","鹿児島県霧島市福山町福山4713-2","31.671361","130.849387"
"下牧之原地区公民館","鹿児島県霧島市福山町福山4912-28","31.669764","130.865337"
"東牧之原地区公民館","鹿児島県霧島市福山町福山5290-61","31.670383","130.853838"
"福山総合支所会議室・福山農村青年の館","鹿児島県霧島市福山町福山5290-61","31.670607","130.852388"
"大廻地区公民館","鹿児島県霧島市福山町福山556","31.651192","130.822812"
"オレンジ学園（管理棟５Ｆ）","鹿児島県霧島市福山町福山838","31.655244","130.824342"
"中津川地区公民館","鹿児島県霧島市牧園町下中津川1296-5","31.830162","130.774858"
"高千穂地区公民館","鹿児島県霧島市牧園町高千穂3864-393","31.885556","130.818103"
"三体地区公民館","鹿児島県霧島市牧園町三体堂1573","31.883631","130.781693"
"持松地区公民館","鹿児島県霧島市牧園町持松1350-1","31.843596","130.807271"
"牧園農村活性化センター","鹿児島県霧島市牧園町宿窪田813-11","31.856204","130.750364"
"万膳小学校（校舎南側）","鹿児島県霧島市牧園町万膳673","31.901664","130.749648"
"霧島小学校（体育館）","鹿児島県霧島市霧島田口2255","31.84826","130.8619"
"霧島公民館","鹿児島県霧島市霧島田口500","31.830299","130.839155"
"霧島総合支所","鹿児島県霧島市霧島田口8-4","31.819757","130.834557"
"幸田コミュニティセンター","鹿児島県湧水町幸田1767-2","31.939508","130.673503"
"二渡公民館","鹿児島県湧水町恒次1056-2","31.961133","130.6904"
"坂元公民館","鹿児島県湧水町坂元3368-1","31.942389","130.710405"
"下川西地区コミュニティ供用施設","鹿児島県湧水町川西1501-10","32.006925","130.739024"
"吉松中央公民館","鹿児島県湧水町川西845-1","32.01615","130.740107"
"コミュニティ防災センター","鹿児島県湧水町川西923-2","32.01187","130.739995"
"停車場地区コミュニティセンター","鹿児島県湧水町川西935-12","32.011497","130.738586"
"川添地区生活改善センター","鹿児島県湧水町川添957-2","31.996949","130.752969"
"上中津川地区コミュニティ供用施設","鹿児島県湧水町中津川1733-16","32.015522","130.760165"
"吉松保健センター","鹿児島県湧水町中津川603","32.014822","130.745009"
"鶴丸地区生活改善センター","鹿児島県湧水町鶴丸589-1","32.030299","130.74699"
"田尾原集落センター","鹿児島県湧水町田尾原97-1","31.964911","130.699896"
"般若寺地区生活改善センター","鹿児島県湧水町般若寺301-2","32.03788","130.741802"
"いきいきセンターくりの郷","鹿児島県湧水町米永411-1","31.950651","130.71507"
"栗野保健センター","鹿児島県湧水町米永445-8","31.950402","130.717953"
"彦崎公民館","鹿児島県湧水町北方1800-6","31.956636","130.713366"
"北方コミュニティセンター","鹿児島県湧水町北方2081-1","31.959313","130.718181"
"長谷地区林業集会センター","鹿児島県湧水町木場2396-1","31.949936","130.738954"
"上場地区農業構造改善センター","鹿児島県湧水町木場4118-1","31.925071","130.726043"
"老竹コミュニティーセンター","鹿児島県湧水町木場5354","31.929337","130.750448"
"栗野小学校体育館","鹿児島県湧水町木場880-1","31.953255","130.725426"
"与論町多目的運動広場","鹿児島県与論町大字茶花1880-9","27.049635","128.424629"
"与論町総合運動場","鹿児島県与論町大字茶花2030","27.051636","128.422866"
"芦徳公民館","鹿児島県龍郷町芦徳354-1","28.424959","129.617847"
"安木屋場児童館","鹿児島県龍郷町安木屋場2418-1","28.474356","129.609485"
"安木屋場公民館","鹿児島県龍郷町安木屋場2469","28.475563","129.610563"
"浦生活館","鹿児島県龍郷町浦1809-1","28.408325","129.588041"
"町体育・文化センターりゅうゆう館","鹿児島県龍郷町浦1837","28.410595","129.592828"
"龍南中学校","鹿児島県龍郷町浦528","28.406871","129.586179"
"円公民館","鹿児島県龍郷町円447","28.466168","129.587652"
"円小学校","鹿児島県龍郷町円731","28.463592","129.588004"
"屋入公民館","鹿児島県龍郷町屋入584","28.415571","129.602488"
"嘉渡生活館","鹿児島県龍郷町嘉渡432-2","28.455469","129.569324"
"龍北中学校","鹿児島県龍郷町嘉渡487","28.455802","129.566941"
"大島紬織工養成所","鹿児島県龍郷町嘉渡752","28.453255","129.568269"
"秋名の郷","鹿児島県龍郷町幾里179","28.448749","129.562225"
"秋名小学校","鹿児島県龍郷町幾里194","28.448101","129.561744"
"秋名コミュニティセンター","鹿児島県龍郷町幾里421","28.446246","129.561334"
"久場へき地集会所","鹿児島県龍郷町久場664","28.435152","129.595594"
"下戸口コミュニティセンター","鹿児島県龍郷町戸口1497","28.370512","129.582314"
"戸口地区振興センター","鹿児島県龍郷町戸口1785","28.367161","129.583672"
"戸口小学校","鹿児島県龍郷町戸口1871","28.368526","129.582049"
"中戸口公民館","鹿児島県龍郷町戸口1959","28.367335","129.580775"
"上戸口公民館","鹿児島県龍郷町戸口２２１８－イ","28.365442","129.577294"
"秋名里集会所","鹿児島県龍郷町秋名1123-2","28.447476","129.558026"
"玉里コミュニティセンター","鹿児島県龍郷町瀬留1575","28.416022","129.589126"
"県営住宅グリーンハイツ玉里集会場","鹿児島県龍郷町瀬留1697-4","28.418247","129.588464"
"龍瀬小学校","鹿児島県龍郷町瀬留293","28.424747","129.590077"
"瀬留生活館","鹿児島県龍郷町瀬留665","28.421995","129.591124"
"県営住宅ベイフロント瀬留集会場","鹿児島県龍郷町瀬留895-12","28.416035","129.588765"
"大島紬技能者養成所","鹿児島県龍郷町瀬留906","28.415772","129.587732"
"龍郷町中央グラウンド","鹿児島県龍郷町瀬留964-5","28.411924","129.591671"
"町保健福祉センターどぅくさや館","鹿児島県龍郷町瀬留967","28.411941","129.590371"
"手広地区振興センター","鹿児島県龍郷町赤尾木1689-5","28.405237","129.619133"
"赤尾木公民館","鹿児島県龍郷町赤尾木199-1","28.41299","129.629712"
"赤徳小中学校","鹿児島県龍郷町赤尾木259","28.415075","129.624747"
"大勝小学校","鹿児島県龍郷町大勝1333","28.396224","129.584601"
"川内へき地集会場","鹿児島県龍郷町大勝1495-1","28.395755","129.575558"
"大勝生活館","鹿児島県龍郷町大勝2238","28.395489","129.581758"
"中勝公民館","鹿児島県龍郷町中勝202-1","28.384276","129.571243"
"龍郷保健福祉館","鹿児島県龍郷町龍郷159","28.450768","129.604271"
"龍郷小学校","鹿児島県龍郷町龍郷235","28.45255","129.603605"
"永嶺運動広場","鹿児島県和泊町永嶺602","27.391234","128.591918"
"笠石海浜公園","鹿児島県和泊町喜美留545-1","27.411565","128.672974"
"古里運動広場","鹿児島県和泊町古里352","27.367438","128.625079"
"孫八公園","鹿児島県和泊町後蘭363-1","27.382345","128.593878"
"国頭小学校","鹿児島県和泊町国頭2904","27.425331","128.683804"
"瀬名運動広場","鹿児島県和泊町瀬名1002","27.392025","128.604414"
"西原運動広場","鹿児島県和泊町西原1071","27.420676","128.664364"
"あしきぶ公園","鹿児島県和泊町谷山602-2","27.382055","128.583609"
"城ケ丘中学校","鹿児島県和泊町内城161","27.382183","128.617814"
"町民運動広場","鹿児島県和泊町内城237","27.382439","128.615825"
"内城小学校","鹿児島県和泊町内城516-1","27.382598","128.60534"
"ヤーシチ公園","鹿児島県和泊町和泊714-1","27.394722","128.652355"