"施設名","所在地","緯度","経度"
"池田市立北豊島中学校","大阪府池田市豊島北1-1-1","34.807813","135.431666"
"御津小学校　屋内運動場","兵庫県たつの市御津町釜屋206","34.784931","134.556366"
"御津公民館　文化ホール","兵庫県たつの市御津町苅屋356-1","34.785463","134.560258"
"御津体育館　屋内運動場","兵庫県たつの市御津町黒崎1730","34.774897","134.550623"
"旧室津小学校　屋内運動場","兵庫県たつの市御津町室津145-1","34.765164","134.503484"
"御津やすらぎ福祉会館　大ホール外","兵庫県たつの市御津町朝臣38-1","34.789725","134.565452"
"御津中学校　屋内運動場","兵庫県たつの市御津町朝臣414","34.788561","134.547694"
"新宮中学校　屋内運動場","兵庫県たつの市新宮町宮内426","34.93076","134.546223"
"播磨高原東中学校　屋内運動場","兵庫県たつの市新宮町光都2-4-1","34.937706","134.447195"
"播磨高原東中学校","兵庫県たつの市新宮町光都2-4-1","34.938352","134.447476"
"播磨高原東小学校　屋内運動場","兵庫県たつの市新宮町光都2-6-1","34.938152","134.445136"
"播磨高原東小学校","兵庫県たつの市新宮町光都2-6-1","34.938536","134.444773"
"香島小学校　屋内運動場","兵庫県たつの市新宮町香山1160","34.948306","134.547029"
"香島コミュニティセンター　大ホール外","兵庫県たつの市新宮町香山1241","34.945246","134.546504"
"龍野北高等学校　屋内運動場","兵庫県たつの市新宮町芝田125-2","34.916138","134.54383"
"国民宿舎志んぐ荘　大ホール外","兵庫県たつの市新宮町新宮1093","34.915608","134.55401"
"新宮小学校　屋内運動場","兵庫県たつの市新宮町新宮437","34.92491","134.54869"
"西栗栖コミュニティセンター　大ホール外","兵庫県たつの市新宮町鍛冶屋105-1","34.957624","134.467238"
"西栗栖小学校　屋内運動場","兵庫県たつの市新宮町鍛冶屋252","34.957235","134.465507"
"越部コミュニティセンター　大ホール外","兵庫県たつの市新宮町中野庄125-3","34.899113","134.543229"
"越部小学校　屋内運動場","兵庫県たつの市新宮町中野庄197","34.897335","134.545682"
"東栗栖小学校　屋内運動場","兵庫県たつの市新宮町能地284","34.933152","134.519469"
"新宮ふれあい福祉会館　大ホール外","兵庫県たつの市新宮町平野111-1","34.922651","134.537555"
"神岡コミュニティセンター　大ホール外","兵庫県たつの市神岡町横内304-1","34.884759","134.575452"
"神岡小学校　屋内運動場","兵庫県たつの市神岡町上横内51","34.889906","134.577615"
"揖西西小学校　屋内運動場","兵庫県たつの市揖西町住吉142","34.850823","134.506943"
"龍野西中学校　武道場","兵庫県たつの市揖西町小神30","34.858373","134.535259"
"龍野西中学校　屋内運動場","兵庫県たつの市揖西町小神30","34.858296","134.536916"
"揖西東小学校　屋内運動場","兵庫県たつの市揖西町清水新9","34.858466","134.521654"
"揖西コミュニティセンター　大ホール外","兵庫県たつの市揖西町竹万95-1","34.85076","134.512172"
"河内コミュニティセンター　大ホール外","兵庫県たつの市揖保川町浦部186-2","34.809329","134.532336"
"神部小学校　屋内運動場","兵庫県たつの市揖保川町黍田434","34.81761","134.515686"
"河内小学校　屋内運動場","兵庫県たつの市揖保川町金剛山604","34.80956","134.531318"
"揖保川公民館　ホール外","兵庫県たつの市揖保川町山津屋19-1","34.827913","134.525225"
"半田小学校　屋内運動場","兵庫県たつの市揖保川町新在家166-2","34.838758","134.53121"
"揖保川中学校　屋内運動場","兵庫県たつの市揖保川町正條471","34.824047","134.5263"
"半田コミュニティセンター　大ホール外","兵庫県たつの市揖保川町野田97-1","34.842245","134.533403"
"揖保コミュニティセンター　大ホール外","兵庫県たつの市揖保町栄327-3","34.827263","134.546128"
"総合隣保館　大ホール外","兵庫県たつの市揖保町松原14-4","34.825337","134.552686"
"揖保小学校　屋内運動場","兵庫県たつの市揖保町西構67","34.82928","134.546809"
"誉田小学校　屋内運動場","兵庫県たつの市誉田町広山580-1","34.844732","134.56454"
"誉田コミュニティセンター　大ホール外","兵庫県たつの市誉田町広山618-4","34.844907","134.561052"
"誉隣保館　大ホール外","兵庫県たつの市誉田町誉84","34.853237","134.565611"
"龍野小学校　屋内運動場","兵庫県たつの市龍野町上霞城86-2","34.867411","134.543694"
"小宅公民館　大ホール外","兵庫県たつの市龍野町中村269-14","34.859385","134.55668"
"龍野高等学校　屋内運動場","兵庫県たつの市龍野町日山554","34.862869","134.538494"
"龍野東中学校　屋内運動場","兵庫県たつの市龍野町日飼100","34.868844","134.554943"
"龍野東中学校　武道場","兵庫県たつの市龍野町日飼100","34.86873","134.555566"
"小宅小学校　屋内運動場","兵庫県たつの市龍野町日飼105","34.865566","134.554708"
"龍野体育館　球戯場外","兵庫県たつの市龍野町富永1005-1","34.857692","134.543483"
"旧龍野実業高等学校　屋内運動場","兵庫県たつの市龍野町北龍野268-1","34.876545","134.545511"
"中央公民館　大ホール外","兵庫県たつの市龍野町立町40","34.865949","134.544397"
"潮芦屋交流センター","兵庫県芦屋市海洋町7-1","34.710884","135.315587"
"市立岩園小学校","兵庫県芦屋市岩園町23-41","34.7434","135.3113"
"市民センター","兵庫県芦屋市業平町8-24","34.732198","135.302835"
"芦屋市霊園","兵庫県芦屋市剣谷","34.749788","135.302653"
"藤和ライブタウン芦屋呉川町ルミナンス","兵庫県芦屋市呉川町13-3","34.724937","135.311907"
"保健福祉センター","兵庫県芦屋市呉川町14-9","34.724453","135.311736"
"県営芦屋浜（高浜）団地１～３号棟","兵庫県芦屋市高浜町8-1","34.720229","135.317372"
"市立山手中学校","兵庫県芦屋市三条町39-10","34.73991","135.292941"
"市立山手小学校","兵庫県芦屋市山手町8-3","34.740966","135.299989"
"市立若宮町住宅１号棟","兵庫県芦屋市若宮町2-18","34.730933","135.31377"
"県営芦屋浜（若葉）団地　１～３号棟","兵庫県芦屋市若葉町7-1","34.717572","135.314148"
"芦屋松浜ハイツ","兵庫県芦屋市松浜町5-15","34.721663","135.305621"
"ロイヤル芦屋松浜","兵庫県芦屋市松浜町8-18","34.7225","135.3085"
"市立打出浜小学校","兵庫県芦屋市新浜町8-2","34.725591","135.320706"
"分庁舎","兵庫県芦屋市精道町8-20","34.726309","135.304795"
"市立精道小学校","兵庫県芦屋市精道町8-25","34.727306","135.30559"
"市役所東館","兵庫県芦屋市精道町8-28","34.727186","135.304744"
"市立西山幼稚園","兵庫県芦屋市西山町22-15","34.737945","135.298511"
"体育館・青少年センター","兵庫県芦屋市川西町15-3","34.727106","135.300934"
"市営大東町　１１番住宅","兵庫県芦屋市大東町11-7","34.730251","135.3233"
"市営大東町　１４番住宅","兵庫県芦屋市大東町14-16","34.727289","135.32264"
"市営大東町　１７番住宅３号棟","兵庫県芦屋市大東町17-3","34.726797","135.322775"
"市営大東町　４番住宅","兵庫県芦屋市大東町4-16","34.731235","135.321456"
"市営大東町　５番住宅","兵庫県芦屋市大東町5-9","34.731161","135.32114"
"市立朝日ケ丘小学校","兵庫県芦屋市朝日ケ丘町10-10","34.74586","135.303604"
"朝日ケ丘北公園","兵庫県芦屋市朝日ケ丘町16","34.747869","135.303332"
"市立潮見小学校","兵庫県芦屋市潮見町1-2","34.71846","135.312832"
"市立潮見中学校","兵庫県芦屋市潮見町20-1","34.716907","135.312949"
"サウスパレス芦屋","兵庫県芦屋市南宮町6-16","34.729952","135.318057"
"市立精道中学校","兵庫県芦屋市南宮町9-7","34.729698","135.320114"
"市立宮川小学校","兵庫県芦屋市浜町1-9","34.729333","135.314845"
"ダイアパレス芦屋浜町","兵庫県芦屋市浜町10-11","34.727077","135.318351"
"ハーティネス芦屋","兵庫県芦屋市浜町13-10","34.726526","135.318745"
"市立浜風小学校","兵庫県芦屋市浜風町1-1","34.720061","135.319219"
"芦屋パレスハイツ北館・南館","兵庫県芦屋市平田町2-7","34.724235","135.302926"
"芦屋サンプラザ","兵庫県芦屋市平田町5-8","34.721506","135.304134"
"芦屋市総合公園","兵庫県芦屋市陽光町1","34.710671","135.308045"
"ウォーターパーク","兵庫県芦屋市陽光町2-1","34.712381","135.310376"
"市営南芦屋浜団地１～６号","兵庫県芦屋市陽光町5-1","34.712889","135.31525"
"県営南芦屋浜団地１～６号","兵庫県芦屋市陽光町6-1","34.712961","135.317339"
"安堂寺センター","兵庫県伊丹市安堂寺町4-49-2","34.762113","135.408425"
"有岡センター","兵庫県伊丹市伊丹5-3-15","34.776603","135.419817"
"植松会場","兵庫県伊丹市伊丹6-6-5","34.772779","135.420426"
"有岡小学校","兵庫県伊丹市伊丹7-1-1","34.776178","135.421347"
"伊丹幼稚園　ありおか分園","兵庫県伊丹市伊丹7-1-30","34.774693","135.421342"
"稲野公園","兵庫県伊丹市稲野町2-3-2","34.762992","135.418075"
"こばと保育所","兵庫県伊丹市稲野町2-3-5","34.762804","135.4179"
"稲野東センター","兵庫県伊丹市稲野町2-44-4","34.76298","135.41662"
"稲野センター","兵庫県伊丹市稲野町4-46","34.76297","135.413986"
"若竹センター","兵庫県伊丹市奥畑2-147","34.782141","135.385967"
"県立伊丹西高校","兵庫県伊丹市奥畑3-5","34.784532","135.387563"
"荻野小学校","兵庫県伊丹市荻野2-11","34.803216","135.395485"
"荻野センター","兵庫県伊丹市荻野3-73","34.803952","135.39219"
"荻野保育所","兵庫県伊丹市荻野8-33-5","34.809187","135.388415"
"南荻野センター","兵庫県伊丹市荻野西1-1-13","34.801686","135.390435"
"下河原センター","兵庫県伊丹市下河原1-9-22","34.801316","135.428502"
"下河原緑地","兵庫県伊丹市下河原3","34.797759","135.429234"
"猪名川河川敷緑地　サイクリング道","兵庫県伊丹市下河原字越ケ井地内","34.800781","135.424797"
"岩屋センター","兵庫県伊丹市岩屋1-5-42","34.775674","135.440202"
"あじさいセンター","兵庫県伊丹市宮ノ前3-6-1","34.784611","135.415483"
"西桑津センター","兵庫県伊丹市桑津2-1-22","34.784153","135.430917"
"西桑津公園","兵庫県伊丹市桑津3-1","34.783124","135.432634"
"こども文化科学館","兵庫県伊丹市桑津3-1-36","34.782764","135.433323"
"南小学校","兵庫県伊丹市御願塚2-6-1","34.770349","135.411661"
"南センター","兵庫県伊丹市御願塚3-8-11","34.768211","135.41355"
"児童会館","兵庫県伊丹市御願塚6-1-1","34.773725","135.410133"
"わかばこども園","兵庫県伊丹市御願塚6-1-15","34.773305","135.409637"
"鈴原小学校","兵庫県伊丹市御願塚6-3-1","34.773113","135.408668"
"すずはら地区交流センター","兵庫県伊丹市御願塚6-3-50","34.774052","135.408018"
"口酒井センター","兵庫県伊丹市口酒井1-3-39","34.774956","135.434891"
"広畑センター","兵庫県伊丹市広畑3-4","34.787072","135.401916"
"荒牧センター","兵庫県伊丹市荒牧5-2-15","34.809456","135.382152"
"荒牧中学校","兵庫県伊丹市荒牧5-2-18","34.808977","135.38227"
"鶴田センター","兵庫県伊丹市荒牧6-20-29","34.811173","135.388844"
"荒牧バラ公園","兵庫県伊丹市荒牧6-5","34.810969","135.386991"
"桑田センター","兵庫県伊丹市荒牧南3-16-20","34.807711","135.38473"
"天神川小学校","兵庫県伊丹市荒牧南3-17-12","34.806586","135.385253"
"中央保育所","兵庫県伊丹市行基町1-50","34.781992","135.408853"
"市立伊丹高校","兵庫県伊丹市行基町4-1","34.777111","135.409537"
"緑丘小学校","兵庫県伊丹市高台2-14","34.791699","135.409144"
"東中学校","兵庫県伊丹市高台2-54","34.792375","135.410102"
"スポーツセンター","兵庫県伊丹市鴻池1-1-1","34.795704","135.393825"
"天王寺川中学校","兵庫県伊丹市鴻池3-4-28","34.796045","135.385424"
"こうのいけ幼稚園","兵庫県伊丹市鴻池4-4-4","34.799493","135.392783"
"鴻池小学校","兵庫県伊丹市鴻池4-4-5","34.79932","135.392333"
"鴻池センター","兵庫県伊丹市鴻池6-6-19","34.799485","135.385625"
"県立伊丹北高校","兵庫県伊丹市鴻池7-2-1","34.802985","135.382969"
"稲野小学校","兵庫県伊丹市昆陽1-175","34.78249","135.399102"
"昆陽センター","兵庫県伊丹市昆陽4-127","34.782021","135.397266"
"労働福祉会館（スワンホール）","兵庫県伊丹市昆陽池2-1","34.786023","135.396559"
"中央公民館","兵庫県伊丹市昆陽池2-1","34.785957","135.396908"
"障害者デイセンター（アイ愛センター）","兵庫県伊丹市昆陽池2-10","34.785508","135.396263"
"障害者福祉センター（アイ愛センター）","兵庫県伊丹市昆陽池2-10","34.785445","135.396366"
"昆陽池公園","兵庫県伊丹市昆陽池3","34.787146","135.394553"
"昆陽池センター","兵庫県伊丹市昆陽池3-3","34.787621","135.392836"
"国家公務員宿舎","兵庫県伊丹市昆陽東1-2","34.779723","135.405254"
"西中学校","兵庫県伊丹市昆陽東4-2-5","34.778745","135.401037"
"よつばセンター","兵庫県伊丹市昆陽東6-3-28","34.776443","135.402674"
"摂陽小学校","兵庫県伊丹市昆陽南2-1-55","34.774997","135.395911"
"せつようセンター","兵庫県伊丹市昆陽南3-3-6","34.774502","135.399881"
"ふれあいセンター","兵庫県伊丹市昆陽南3-8-21","34.773386","135.397901"
"伊丹幼稚園","兵庫県伊丹市桜ケ丘1-5-20","34.784115","135.411097"
"桜ヶ丘コミュニティセンター","兵庫県伊丹市桜ケ丘2-3-3","34.784489","135.411158"
"昆陽南公園","兵庫県伊丹市山田1-6","34.774283","135.39153"
"松崎中学校","兵庫県伊丹市山田2-1-1","34.77313","135.391768"
"昆陽里小学校","兵庫県伊丹市山田2-1-2","34.772819","135.390768"
"山田東センター","兵庫県伊丹市山田2-4-18","34.77164","135.390841"
"山田西在センター","兵庫県伊丹市山田5-8-23","34.769565","135.384333"
"寺本東センター","兵庫県伊丹市寺本1-100","34.775176","135.388594"
"花里小学校","兵庫県伊丹市寺本3-135","34.777788","135.38609"
"あすなろセンター","兵庫県伊丹市車塚1-32","34.765679","135.401521"
"笹原公園","兵庫県伊丹市車塚1-32-1","34.764782","135.399357"
"車塚センター","兵庫県伊丹市車塚2-6","34.76366","135.399387"
"若菱柏木センター","兵庫県伊丹市若菱町2-3","34.761307","135.414678"
"三菱総合グランド","兵庫県伊丹市若菱町5","34.761042","135.412989"
"春日丘センター","兵庫県伊丹市春日丘2-60-3","34.789082","135.413249"
"松ケ丘センター","兵庫県伊丹市松ケ丘1-64","34.788043","135.3902"
"猪名川河川敷緑地　いこいの広場","兵庫県伊丹市森本","34.77991","135.427908"
"いながわセンター","兵庫県伊丹市森本1-1-4","34.782326","135.429026"
"神津小学校","兵庫県伊丹市森本1-8-1","34.780036","135.428568"
"神津交流センター","兵庫県伊丹市森本1-8-22","34.779458","135.430326"
"神津こども園","兵庫県伊丹市森本1-8-25","34.779285","135.429876"
"森本センター","兵庫県伊丹市森本2-196-1","34.780441","135.431989"
"長山センター","兵庫県伊丹市森本6-129","34.775748","135.432603"
"伊丹スカイパーク（大阪国際空港周辺緑地）","兵庫県伊丹市森本7-1-1","34.7792","135.440633"
"上須古センター","兵庫県伊丹市森本7-31","34.781586","135.436338"
"瑞ケ丘公園","兵庫県伊丹市瑞ケ丘1","34.792051","135.39985"
"住友総合グランド","兵庫県伊丹市瑞ケ丘2","34.790522","135.39765"
"瑞ケ池公園","兵庫県伊丹市瑞ケ丘5","34.794723","135.398455"
"瑞原センター","兵庫県伊丹市瑞原3-63","34.798848","135.395815"
"みずほ幼稚園","兵庫県伊丹市瑞穂町3-46","34.792349","135.404534"
"瑞穂小学校","兵庫県伊丹市瑞穂町3-50-1","34.793118","135.405032"
"瑞穂センター","兵庫県伊丹市瑞穂町4-25","34.792506","135.40312"
"北中学校","兵庫県伊丹市清水4-3-1","34.786364","135.413799"
"西台センター","兵庫県伊丹市西台2-5-6","34.779466","135.41065"
"武庫川河川敷緑地","兵庫県伊丹市西野","34.782223","135.373483"
"十六名公園","兵庫県伊丹市西野1","34.786177","135.378391"
"西野福祉会館","兵庫県伊丹市西野2-251","34.788041","135.377004"
"西野センター","兵庫県伊丹市西野3-76","34.790443","135.374524"
"武庫川センター","兵庫県伊丹市西野5-300","34.788949","135.372512"
"伊丹西野高層住宅","兵庫県伊丹市西野5-305","34.788366","135.372988"
"市庁舎周辺","兵庫県伊丹市千僧1","34.783803","135.401058"
"アルビス伊丹千僧敷地","兵庫県伊丹市千僧5","34.781301","135.405789"
"千僧堂ノ前センター","兵庫県伊丹市千僧6-103-6","34.782808","135.40351"
"伊丹小学校","兵庫県伊丹市船原1-1-1","34.782516","135.412347"
"大鹿交流センター","兵庫県伊丹市大鹿3-51-3","34.788033","135.40901"
"おぎの幼稚園","兵庫県伊丹市大野2-159","34.803983","135.396425"
"大野センター","兵庫県伊丹市大野3-5","34.804867","135.398603"
"池尻南センター","兵庫県伊丹市池尻1-199","34.776336","135.382962"
"池尻文化センター","兵庫県伊丹市池尻6-172-1","34.782048","135.379672"
"池尻小学校","兵庫県伊丹市池尻6-221","34.782328","135.377582"
"いけじり幼稚園","兵庫県伊丹市池尻6-231","34.783175","135.377208"
"県立阪神昆陽高校","兵庫県伊丹市池尻7-108","34.77958","135.376756"
"中央コミュニティセンター","兵庫県伊丹市中央6-3-7","34.778554","135.41777"
"天神川団地","兵庫県伊丹市中野西1","34.788627","135.38652"
"中野西センター","兵庫県伊丹市中野西1-147","34.788663","135.385621"
"サンシティホール","兵庫県伊丹市中野西1-148-1","34.788648","135.384808"
"桜台小学校","兵庫県伊丹市中野西4-100","34.790189","135.382166"
"さくらだいこども園","兵庫県伊丹市中野西4-92","34.790298","135.383089"
"中野東センター","兵庫県伊丹市中野東2-30-3","34.793665","135.392853"
"中野北センター","兵庫県伊丹市中野北2-10-19","34.793705","135.382092"
"猪名川河川敷緑地　第３・４運動広場","兵庫県伊丹市東桑津字池田川筋地先","34.783814","135.426409"
"東有岡センター","兵庫県伊丹市東有岡1-19","34.778913","135.424842"
"兵庫障害者職業能力開発校運動場","兵庫県伊丹市東有岡4-8-1","34.776502","135.426541"
"当田藤ノ木センター","兵庫県伊丹市藤ノ木3-5-1","34.785938","135.42201"
"南中学校","兵庫県伊丹市南町2-4-1","34.768115","135.418128"
"笹原小学校","兵庫県伊丹市南野6-5-33","34.766856","135.399024"
"南野センター","兵庫県伊丹市南野北1-3-41","34.771321","135.403735"
"笹原中学校","兵庫県伊丹市南野北2-7-4","34.769481","135.402832"
"コミュニティセンター梅ノ木","兵庫県伊丹市梅ノ木2-3-21","34.771656","135.414769"
"美鈴センター","兵庫県伊丹市美鈴町4-22-4","34.772805","135.400383"
"平松会館","兵庫県伊丹市平松5-1-2","34.772824","135.415977"
"北伊丹第２公園","兵庫県伊丹市北伊丹4-71","34.795952","135.41863"
"北伊丹センター","兵庫県伊丹市北伊丹7-29-1","34.796201","135.416187"
"ローラースケート場","兵庫県伊丹市北伊丹8-230-1","34.798313","135.415284"
"猪名川河川敷緑地　第１・２運動公場","兵庫県伊丹市北伊丹９地先","34.801103","135.422578"
"北保育所","兵庫県伊丹市北園1-13","34.792819","135.415777"
"北村センター（北村交流センター）","兵庫県伊丹市北園1-21-1","34.793029","135.41597"
"北河原センター","兵庫県伊丹市北河原2-8-6","34.787956","135.419488"
"くすのきセンター","兵庫県伊丹市北本町1-302","34.784034","135.419256"
"北センター","兵庫県伊丹市北野1-13","34.801997","135.38618"
"北野センター","兵庫県伊丹市北野5-61","34.804328","135.38819"
"人権啓発センター","兵庫県伊丹市堀池2-2-20","34.772793","135.398214"
"ひかり保育園","兵庫県伊丹市堀池3-7-26","34.771974","135.397394"
"ささはらこども園","兵庫県伊丹市野間1-10-16","34.766572","135.39687"
"野間団地","兵庫県伊丹市野間北4","34.768948","135.392983"
"野間笠松センター","兵庫県伊丹市野間北4-4-28","34.768088","135.393236"
"緑ケ丘公園","兵庫県伊丹市緑ケ丘1","34.794433","135.40787"
"緑ケ丘体育館・武道館","兵庫県伊丹市緑ケ丘1-10-1","34.793745","135.41004"
"緑ケ丘センター","兵庫県伊丹市緑ケ丘1-70","34.795274","135.407526"
"東野センター","兵庫県伊丹市緑ケ丘6-43-1","34.799581","135.40414"
"県立伊丹高校","兵庫県伊丹市緑ケ丘7-31-1","34.800242","135.407835"
"稲美町立天満東小学校","兵庫県稲美町岡1500","34.738552","134.919848"
"サン・スポーツランドいなみ","兵庫県稲美町岡1840-2","34.739644","134.923739"
"稲美町立稲美中学校","兵庫県稲美町岡2075-1","34.743377","134.924004"
"稲美町立加古小学校","兵庫県稲美町加古2316","34.763836","134.909256"
"稲美町立稲美北中学校","兵庫県稲美町加古4269","34.761722","134.90674"
"稲美中央公園","兵庫県稲美町国安1287-3","34.74953","134.923357"
"稲美町立天満小学校","兵庫県稲美町国岡538","34.748779","134.903186"
"稲美町立天満南小学校","兵庫県稲美町森安81","34.740852","134.894649"
"さくらの森公園","兵庫県稲美町草谷1202-25","34.772337","134.948862"
"大沢池スポーツ公園","兵庫県稲美町中一色280","34.754419","134.887702"
"兵庫県立東播磨高等学校","兵庫県稲美町中一色594-2","34.755892","134.884645"
"稲美町立母里小学校","兵庫県稲美町野寺88-1","34.753604","134.942666"
"天満大池公園","兵庫県稲美町六分一1179-1","34.731598","134.908186"
"県立加古川東高等学校","兵庫県加古川市加古川町粟津232-2","34.761841","134.838336"
"鳩里小学校","兵庫県加古川市加古川町稲屋81","34.760616","134.820778"
"氷丘南小学校","兵庫県加古川市加古川町溝之口246","34.769116","134.844621"
"加古川公民館","兵庫県加古川市加古川町寺家町12-4","34.766952","134.833058"
"加古川市総合福祉会館","兵庫県加古川市加古川町寺家町177-12","34.768574","134.836018"
"日岡山公園","兵庫県加古川市加古川町大野1682","34.778538","134.863588"
"氷丘中学校","兵庫県加古川市加古川町大野845","34.770495","134.857268"
"氷丘公民館","兵庫県加古川市加古川町大野931","34.771394","134.856592"
"氷丘小学校","兵庫県加古川市加古川町中津886-1","34.770429","134.848754"
"加古川中学校","兵庫県加古川市加古川町備後203","34.760279","134.823862"
"人権文化センター","兵庫県加古川市加古川町備後332-1","34.757097","134.823"
"市民会館","兵庫県加古川市加古川町北在家2000","34.757057","134.839792"
"小柳公園","兵庫県加古川市加古川町北在家2788","34.756134","134.838545"
"鶴林寺公園","兵庫県加古川市加古川町北在家419","34.753238","134.832982"
"県立加古川西高等学校","兵庫県加古川市加古川町本町118","34.768536","134.82809"
"加古川小学校","兵庫県加古川市加古川町木村222-3","34.765028","134.830659"
"金剛寺浦公園","兵庫県加古川市加古川町木村232-1","34.76649","134.83252"
"県立加古川南高等学校","兵庫県加古川市加古川町友沢65-1","34.768023","134.818972"
"山手中学校","兵庫県加古川市山手1-9-1","34.779827","134.886109"
"志方西小学校","兵庫県加古川市志方町原587","34.815863","134.808423"
"志方東公園","兵庫県加古川市志方町細工所1138-22","34.839387","134.851051"
"志方東小学校","兵庫県加古川市志方町細工所146","34.832412","134.838212"
"志方小学校","兵庫県加古川市志方町志方町1050","34.818722","134.822378"
"志方公民館","兵庫県加古川市志方町志方町1758-3","34.821079","134.819417"
"志方体育館","兵庫県加古川市志方町志方町176","34.817742","134.829485"
"志方中学校","兵庫県加古川市志方町志方町字宮山","34.823973","134.827889"
"見土呂フルーツパーク","兵庫県加古川市上荘町見土呂845-16","34.810051","134.902328"
"上荘小学校","兵庫県加古川市上荘町都染400","34.799012","134.897888"
"迎野公園","兵庫県加古川市新神野2-11","34.792369","134.874022"
"陵北小学校","兵庫県加古川市新神野5-1","34.789144","134.873517"
"加古川北公民館","兵庫県加古川市神野町西条1519-2","34.786293","134.883662"
"神野小学校","兵庫県加古川市神野町石守1043","34.776148","134.877148"
"石守公園","兵庫県加古川市神野町石守471-9","34.767655","134.874216"
"日岡山体育館","兵庫県加古川市神野町日岡苑25","34.777472","134.865991"
"北山公園","兵庫県加古川市西条山手2-28","34.784168","134.887077"
"西神吉小学校","兵庫県加古川市西神吉町西村121","34.798165","134.820795"
"加古川運動公園","兵庫県加古川市西神吉町鼎1050","34.808224","134.82474"
"東神吉南小学校","兵庫県加古川市東神吉町砂部393","34.787","134.827194"
"東神吉小学校","兵庫県加古川市東神吉町神吉156","34.790671","134.829683"
"県立東播工業高等学校","兵庫県加古川市東神吉町神吉1748-1","34.798832","134.832949"
"神吉中学校","兵庫県加古川市東神吉町神吉591-1","34.789775","134.826178"
"ウェルネスパーク","兵庫県加古川市東神吉町天下原370","34.797018","134.8374"
"少年自然の家","兵庫県加古川市東神吉町天下原715-5","34.799653","134.841922"
"八幡小学校","兵庫県加古川市八幡町宗佐345","34.794031","134.914657"
"浜の宮小学校","兵庫県加古川市尾上町口里770-37","34.736978","134.834709"
"浜の宮公園","兵庫県加古川市尾上町口里817-1","34.735296","134.833509"
"尾上公民館","兵庫県加古川市尾上町池田1804-1","34.732745","134.823474"
"池田公園","兵庫県加古川市尾上町池田850-10","34.736037","134.822703"
"尾上小学校","兵庫県加古川市尾上町長田519","34.741798","134.823626"
"若宮小学校","兵庫県加古川市尾上町養田218","34.752436","134.815719"
"東加古川公民館","兵庫県加古川市平岡町一色797-295","34.739647","134.86029"
"平岡小学校","兵庫県加古川市平岡町高畑164-1","34.737396","134.8725"
"加古川総合文化センター","兵庫県加古川市平岡町新在家1224-7","34.74945","134.872725"
"平岡北小学校","兵庫県加古川市平岡町新在家1327-1","34.748551","134.871251"
"平岡中学校","兵庫県加古川市平岡町新在家1801","34.743079","134.877577"
"県立農業高等学校","兵庫県加古川市平岡町新在家902-4","34.753266","134.874279"
"平岡東小学校","兵庫県加古川市平岡町土山109","34.724087","134.890092"
"平岡公民館","兵庫県加古川市平岡町土山699-2","34.731434","134.882886"
"平岡南小学校","兵庫県加古川市平岡町二俣180","34.733701","134.861929"
"平岡南中学校","兵庫県加古川市平岡町二俣285-4","34.733297","134.863431"
"両荘公民館","兵庫県加古川市平荘町山角725-2","34.802246","134.880283"
"両荘みらい学園","兵庫県加古川市平荘町山角725-2","34.802233","134.88065"
"両荘中学校","兵庫県加古川市平荘町山角740","34.801961","134.880959"
"いずみプラザ","兵庫県加古川市平荘町上原230-1","34.813548","134.875002"
"川西小学校","兵庫県加古川市米田町平津108","34.779187","134.822228"
"加古川西公民館","兵庫県加古川市米田町平津384-2","34.786074","134.815671"
"別府公民館","兵庫県加古川市別府町宮田町3-3","34.72964","134.844719"
"浜の宮中学校","兵庫県加古川市別府町新野辺574","34.734148","134.835861"
"別府西小学校","兵庫県加古川市別府町新野辺574-175","34.731975","134.835801"
"別府中学校","兵庫県加古川市別府町新野辺北町8-9","34.736531","134.845215"
"別府小学校","兵庫県加古川市別府町西町1","34.726904","134.843116"
"なかじま公園","兵庫県加古川市別府町中島町11","34.7305","134.846027"
"野口南小学校","兵庫県加古川市野口町古大内245-3","34.744207","134.850975"
"陵南公民館","兵庫県加古川市野口町水足333-333","34.761948","134.861044"
"陵南中学校","兵庫県加古川市野口町水足333-333","34.760159","134.861711"
"県立加古川北高等学校","兵庫県加古川市野口町水足867-1","34.769597","134.85894"
"野口公民館","兵庫県加古川市野口町長砂49-5","34.749481","134.851289"
"野口北小学校","兵庫県加古川市野口町北野1110","34.759967","134.870344"
"北野公園","兵庫県加古川市野口町北野1193-1","34.758068","134.876498"
"野口小学校","兵庫県加古川市野口町野口493","34.754845","134.854724"
"加古川市役所南館（旧勤労会館）","兵庫県加古川市野口町良野1739","34.755869","134.840197"
"中部中学校","兵庫県加古川市野口町良野890-1","34.750687","134.852007"
"富田小学校","兵庫県加西市窪田町22","34.93833","134.813925"
"善防公民館","兵庫県加西市戸田井町388-10","34.883618","134.835597"
"加西中学校","兵庫県加西市上宮木町524","34.895386","134.874365"
"南部公民館","兵庫県加西市上宮木町524-2","34.894426","134.875658"
"西在田小学校","兵庫県加西市上道山町47-1","34.965661","134.838341"
"下里小学校","兵庫県加西市西笠原町172-1","34.877692","134.840444"
"北条高等学校","兵庫県加西市段下町847-5","34.909677","134.850378"
"九会小学校","兵庫県加西市中野町5","34.885962","134.878491"
"泉小学校","兵庫県加西市殿原町54","34.947354","134.860851"
"宇仁小学校","兵庫県加西市田谷町784","34.946321","134.91358"
"賀茂小学校","兵庫県加西市福住町840","34.901733","134.809365"
"富合小学校","兵庫県加西市別府町甲2664-2","34.920614","134.875897"
"北条東小学校","兵庫県加西市北条町西高室595-2","34.922764","134.837961"
"播磨農業高等学校","兵庫県加西市北条町東高室1236-1","34.914439","134.85093"
"北条小学校","兵庫県加西市北条町北条1274","34.936779","134.829954"
"北条中学校","兵庫県加西市北条町北条618","34.93751","134.827246"
"北部公民館","兵庫県加西市満久町233-10","34.949206","134.873797"
"泉中学校","兵庫県加西市満久町685-11","34.949505","134.876514"
"善防中学校","兵庫県加西市両月町484-2","34.884662","134.832207"
"日吉小学校","兵庫県加西市和泉町56","34.948582","134.883715"
"岡本公民館","兵庫県加東市岡本247-1","34.897184","135.05534"
"下鴨川公民館","兵庫県加東市下鴨川209-1","34.960285","135.06317"
"かもがわ交流セミナーハウス","兵庫県加東市下鴨川260-3","34.960276","135.063637"
"兵庫教育大学","兵庫県加東市下久米942-1","34.911174","135.017361"
"滝野公民館（情報交流館）","兵庫県加東市下滝野1369","34.936658","134.945087"
"地域交流センター","兵庫県加東市下滝野1369-1","34.937485","134.944346"
"滝野図書館","兵庫県加東市下滝野1369-2","34.937098","134.94425"
"滝野児童館（きらら）","兵庫県加東市下滝野1369-2","34.936382","134.945156"
"滝野中学校","兵庫県加東市下滝野761","34.936184","134.949251"
"家原公民館","兵庫県加東市家原365-1","34.922355","134.95916"
"滝野総合公園体育館（スカイピア）","兵庫県加東市河高4007","34.927767","134.938254"
"河高交流センター","兵庫県加東市河高4026-3","34.924211","134.934742"
"東条西ふれあい館","兵庫県加東市吉井298","34.888636","135.034356"
"滝野南小学校","兵庫県加東市高岡949","34.920154","134.925628"
"兵庫県立教育研修所","兵庫県加東市山国2006-107","34.91471","134.979051"
"兵庫教育大学附属中学校体育館・武道場","兵庫県加東市山国2007-109","34.912723","134.980406"
"兵庫教育大学附属小学校体育館","兵庫県加東市山国2013-4","34.914069","134.982602"
"山国公民館","兵庫県加東市山国839","34.908053","134.974771"
"社小学校","兵庫県加東市社1550","34.921222","134.967889"
"明治館","兵庫県加東市社777","34.913966","134.964503"
"上鴨川多目的集会施設","兵庫県加東市上鴨川392","34.976018","135.057127"
"米田小学校","兵庫県加東市上久米1693","34.916148","135.032513"
"やしろ国際学習塾","兵庫県加東市上三草1175","34.93328","134.994927"
"三草小学校","兵庫県加東市上三草118","34.936578","134.989922"
"上滝野公民館","兵庫県加東市上滝野1167-1","34.945092","134.956093"
"滝野体育センター","兵庫県加東市上滝野1167-5","34.945356","134.956159"
"滝野東小学校","兵庫県加東市新町88","34.942974","134.965186"
"砂子公会堂","兵庫県加東市新定191-2","34.892586","135.045687"
"大畑公民館","兵庫県加東市大畑459-2","34.879381","135.023688"
"㈱マルヤナギ小倉屋大門工場","兵庫県加東市大門67","34.894047","134.939018"
"福田小学校","兵庫県加東市沢部613-1","34.896449","134.95626"
"社第一体育館","兵庫県加東市沢部613-1","34.897021","134.957027"
"東条学園小中学校","兵庫県加東市天神56","34.905517","135.059401"
"東条文化会館（コスミックホール）","兵庫県加東市天神66","34.905271","135.060705"
"社児童館「やしろこどものいえ」","兵庫県加東市東古瀬477-1","34.89366","134.956774"
"加東市南山活性化支援施設（ミナクル）","兵庫県加東市南山1-4-2","34.893391","135.075032"
"道の駅とうじょう","兵庫県加東市南山1-5-1","34.894203","135.07568"
"スリーボンドファインケミカル株式会社加東工場","兵庫県加東市南山6-3-11","34.890554","135.077648"
"平木公民館","兵庫県加東市平木224-1","34.970378","135.090112"
"社武道館","兵庫県加東市木梨1131","34.919499","134.972716"
"社公民館","兵庫県加東市木梨1134-60","34.918654","134.973998"
"社中学校","兵庫県加東市木梨1134-62","34.919116","134.977175"
"社高等学校","兵庫県加東市木梨1356-1","34.915896","134.980147"
"旧東条東小学校","兵庫県加東市掎鹿谷56","34.911769","135.071298"
"藪公民館","兵庫県加東市藪133","34.883988","135.030546"
"大師堂","兵庫県香美町香住区安木1336","35.651035","134.705431"
"浜安木公民館","兵庫県香美町香住区安木1490-1","35.65115","134.705186"
"極楽寺","兵庫県香美町香住区安木324-1","35.645948","134.701894"
"奥安木構造改善センター","兵庫県香美町香住区安木545-1","35.643354","134.703966"
"願行寺","兵庫県香美町香住区一日市157-1","35.648548","134.631518"
"長福寺（一日市）","兵庫県香美町香住区一日市165-1","35.648327","134.632146"
"一日市区公民館","兵庫県香美町香住区一日市333-26","35.64818","134.633412"
"和田山","兵庫県香美町香住区一日市493","35.644685","134.635901"
"岡見公園","兵庫県香美町香住区一日市93-2","35.650006","134.630867"
"帰仰寺","兵庫県香美町香住区浦上1033","35.647292","134.661125"
"浦上公民館","兵庫県香美町香住区浦上1185-2","35.64721","134.663764"
"県道東側（しばやま荘専用駐車場付近）","兵庫県香美町香住区浦上1259","35.647736","134.662928"
"ＪＲ柴山駅","兵庫県香美町香住区浦上308-1","35.646374","134.663767"
"構造改善センター裏（個人で道をつけているところ）","兵庫県香美町香住区奥安木1209-1","35.642942","134.7046"
"沖浦区公民館","兵庫県香美町香住区沖浦1091","35.658396","134.658702"
"大日堂","兵庫県香美町香住区沖浦154","35.659566","134.660328"
"大放神社","兵庫県香美町香住区沖浦341-1","35.658935","134.657148"
"どい歯科駐車場","兵庫県香美町香住区沖浦515-6","35.657677","134.655834"
"但馬漁業協同組合柴山支所","兵庫県香美町香住区沖浦911-8","35.654799","134.660558"
"夕庵上","兵庫県香美町香住区沖浦939-5","35.656208","134.657925"
"西下岡区公民館","兵庫県香美町香住区下岡456","35.627455","134.677494"
"西光寺","兵庫県香美町香住区下岡467","35.627146","134.677156"
"下岡会館","兵庫県香美町香住区下岡768-2","35.623991","134.679534"
"付近丘陵地","兵庫県香美町香住区下浜","35.646602","134.610868"
"下浜公会堂","兵庫県香美町香住区下浜286-1","35.64207","134.610556"
"八幡神社","兵庫県香美町香住区下浜591-1","35.644077","134.609353"
"帝釈寺","兵庫県香美町香住区下浜599","35.643694","134.610129"
"西迎寺","兵庫県香美町香住区下浜833","35.645389","134.612467"
"八坂神社","兵庫県香美町香住区加鹿野184-2","35.618497","134.626882"
"加鹿野公民館","兵庫県香美町香住区加鹿野207-2","35.619528","134.626632"
"香住自動車教習所","兵庫県香美町香住区加鹿野30","35.620654","134.626981"
"香住念法寺","兵庫県香美町香住区加鹿野61","35.620679","134.628935"
"鎧公民館","兵庫県香美町香住区鎧229","35.650062","134.578063"
"ＪＲ鎧駅","兵庫県香美町香住区鎧410-2","35.651585","134.575396"
"墓地の上","兵庫県香美町香住区間室125-3","35.626384","134.618793"
"間室区公民館","兵庫県香美町香住区間室125-3","35.627406","134.61981"
"山野神社","兵庫県香美町香住区間室48-4","35.626683","134.619605"
"境区会館","兵庫県香美町香住区境1104-3","35.647037","134.638438"
"境東駐車場（旧会館跡）","兵庫県香美町香住区境18-5","35.646505","134.640892"
"今子方面県道","兵庫県香美町香住区境945-1","35.649491","134.642285"
"九斗会館","兵庫県香美町香住区九斗113","35.642484","134.684092"
"墓地","兵庫県香美町香住区九斗152-2","35.643441","134.685097"
"観音堂","兵庫県香美町香住区九斗163","35.642602","134.683567"
"兵主神社","兵庫県香美町香住区九斗１５２－２地先","35.643145","134.682498"
"光永寺","兵庫県香美町香住区訓谷234","35.652494","134.693651"
"輪峰山","兵庫県香美町香住区訓谷243-1","35.652079","134.69628"
"訓谷会館","兵庫県香美町香住区訓谷277-1","35.653078","134.692725"
"旧佐津小学校","兵庫県香美町香住区訓谷338","35.653739","134.691494"
"魚見台","兵庫県香美町香住区訓谷4-4","35.654035","134.695842"
"かめや駐車場","兵庫県香美町香住区訓谷597","35.651236","134.693177"
"香住文化会館","兵庫県香美町香住区香住100-2","35.639594","134.629874"
"姫路山付近空き地","兵庫県香美町香住区香住1054-6","35.630828","134.62494"
"香住区中央公民館","兵庫県香美町香住区香住114-1","35.638979","134.629717"
"駅前コミュニティセンター","兵庫県香美町香住区香住1244-16","35.635286","134.625056"
"ＪＡたじま香住支店","兵庫県香美町香住区香住1262-14","35.635345","134.626359"
"香美町保健センター","兵庫県香美町香住区香住1281-1","35.636585","134.624933"
"本誓寺","兵庫県香美町香住区香住1371-1","35.637486","134.624486"
"西香住公民館（ふれあいホール）","兵庫県香美町香住区香住1384","35.637708","134.624636"
"香住小学校","兵庫県香美町香住区香住1400-1","35.638079","134.626116"
"旧香美町役場南庁舎","兵庫県香美町香住区香住1646-1","35.637402","134.627374"
"香住区公民館","兵庫県香美町香住区香住1681","35.639077","134.628788"
"月岡公園","兵庫県香美町香住区香住237-1","35.639457","134.633379"
"香美町役場","兵庫県香美町香住区香住870-1","35.632157","134.629196"
"香住第一中学校","兵庫県香美町香住区香住923","35.632915","134.630312"
"香住第一中学校グラウンド","兵庫県香美町香住区香住976","35.632186","134.630173"
"香住小学校グラウンド","兵庫県香美町香住区香住字浜頭1446-1","35.638544","134.626289"
"弥勒寺","兵庫県香美町香住区三川117","35.564324","134.643044"
"大梶公民館","兵庫県香美町香住区三川554-1","35.592045","134.662493"
"三川区よりあい処","兵庫県香美町香住区三川65-1","35.5709","134.646273"
"三谷公民館","兵庫県香美町香住区三谷945-1","35.61327","134.626068"
"七日市区公民館","兵庫県香美町香住区七日市106-2","35.637121","134.620292"
"島山","兵庫県香美町香住区七日市166-1","35.635163","134.621902"
"旧ナカケー（下）","兵庫県香美町香住区若松271","35.641294","134.635034"
"町道山手若松線東奥広場","兵庫県香美町香住区若松514-2","35.643703","134.636983"
"香美町商工会","兵庫県香美町香住区若松620-3","35.645202","134.632795"
"若松コミュニティセンター","兵庫県香美町香住区若松723-4","35.643777","134.63236"
"但馬漁業協同組合香住本所","兵庫県香美町香住区若松747","35.645657","134.631181"
"公立香住病院","兵庫県香美町香住区若松字川原田540","35.643206","134.633717"
"区内奥の林道","兵庫県香美町香住区守柄1170","35.618768","134.612942"
"サクノコ付近裏山","兵庫県香美町香住区守柄1384","35.620371","134.615698"
"墓地","兵庫県香美町香住区守柄192-1","35.619603","134.619081"
"守柄公民館","兵庫県香美町香住区守柄308-5","35.618555","134.616382"
"八幡神社","兵庫県香美町香住区守柄356-1","35.61829","134.616028"
"小原区公民館","兵庫県香美町香住区小原365-1","35.600941","134.610549"
"遍照寺","兵庫県香美町香住区小原822-1","35.599803","134.608013"
"上岡会館","兵庫県香美町香住区上岡120","35.621466","134.67566"
"真徳寺","兵庫県香美町香住区上岡146","35.620495","134.676465"
"墓地","兵庫県香美町香住区上計1071","35.651011","134.656668"
"城山","兵庫県香美町香住区上計1126","35.65257","134.658298"
"上計ふれあい会館","兵庫県香美町香住区上計1310-7","35.650617","134.658346"
"柴山小学校","兵庫県香美町香住区上計148-1","35.648344","134.658032"
"八坂神社","兵庫県香美町香住区上計634","35.645869","134.654445"
"森会館","兵庫県香美町香住区森324-1","35.625949","134.624473"
"収蔵庫付近","兵庫県香美町香住区森924","35.624621","134.62569"
"三柱神社","兵庫県香美町香住区相谷134-2","35.658835","134.727931"
"イジンダニ","兵庫県香美町香住区相谷245-1","35.656292","134.723564"
"県道記念碑","兵庫県香美町香住区相谷5-4","35.661708","134.730384"
"相谷公民館","兵庫県香美町香住区相谷76-1","35.660732","134.727696"
"大谷区公民館","兵庫県香美町香住区大谷250","35.602758","134.633672"
"大野公民館","兵庫県香美町香住区大野322-3","35.600199","134.618022"
"丹生地構造改善センター","兵庫県香美町香住区丹生地343-1","35.632861","134.675181"
"幸徳寺","兵庫県香美町香住区丹生地691","35.631192","134.672301"
"中野公民館","兵庫県香美町香住区中野299-1","35.588411","134.611723"
"土生区会館","兵庫県香美町香住区土生238-1","35.589503","134.695805"
"藤農林漁家婦人活動促進施設","兵庫県香美町香住区藤157-1","35.58348","134.610026"
"畑公民館","兵庫県香美町香住区畑495-2","35.600456","134.673459"
"八原公民館","兵庫県香美町香住区八原484-2","35.580631","134.606573"
"隼人公民館","兵庫県香美町香住区隼人215-1","35.621044","134.674116"
"堰堤","兵庫県香美町香住区米地304","35.636571","134.691179"
"米地公民館","兵庫県香美町香住区米地360-1","35.638283","134.690307"
"御堂","兵庫県香美町香住区米地372","35.641887","134.687267"
"佐津グラウンド","兵庫県香美町香住区無南垣180","35.651782","134.683898"
"八幡神社（社務所）","兵庫県香美町香住区無南垣475-4","35.659393","134.689263"
"無南垣構造改善センター","兵庫県香美町香住区無南垣699-1","35.656081","134.687269"
"城山","兵庫県香美町香住区無南垣788","35.655196","134.685647"
"佐古谷方面県道","兵庫県香美町香住区無南垣１００２－４地先","35.654753","134.681222"
"旧香住第二中学校","兵庫県香美町香住区無南垣字小泉183","35.652279","134.683827"
"集落西側の丘陵地","兵庫県香美町香住区矢田","35.638034","134.611426"
"大山神社","兵庫県香美町香住区矢田869-1","35.640102","134.611564"
"香住高等学校グラウンド","兵庫県香美町香住区矢田88","35.640322","134.612962"
"矢田区会館","兵庫県香美町香住区矢田940","35.639975","134.611833"
"十二社神社","兵庫県香美町香住区油良235-1","35.631783","134.618848"
"油良区会館","兵庫県香美町香住区油良281","35.631692","134.619526"
"ナシ園下","兵庫県香美町香住区油良348","35.632429","134.616138"
"旧但馬最終処分場方面道路（矢田川クリーンセンター付近）","兵庫県香美町香住区油良354","35.634278","134.618452"
"余部ユースホステル跡地","兵庫県香美町香住区余部1023-2","35.640146","134.566407"
"八坂神社下御堂前","兵庫県香美町香住区余部1161-2","35.645909","134.563771"
"梶原公民館","兵庫県香美町香住区余部1187-1","35.645419","134.563274"
"五反畑","兵庫県香美町香住区余部1407","35.648649","134.561839"
"余部小学校裏の墓地","兵庫県香美町香住区余部1661-2","35.64756","134.559163"
"長福寺（余部）","兵庫県香美町香住区余部1689-1","35.648481","134.558558"
"浜会館","兵庫県香美町香住区余部1781-1","35.650311","134.558485"
"ＪＲ餘部駅","兵庫県香美町香住区余部1861-5","35.64874","134.556932"
"西会館","兵庫県香美町香住区余部1944","35.648875","134.555033"
"安養寺","兵庫県香美町香住区余部1970","35.648526","134.554615"
"八柱神社","兵庫県香美町香住区余部2628-2","35.649864","134.553231"
"御崎方面町道","兵庫県香美町香住区余部2746-2","35.651931","134.557628"
"御崎活性化施設","兵庫県香美町香住区余部2942","35.663409","134.543855"
"白山神社","兵庫県香美町香住区余部871-4","35.642241","134.561651"
"市午会館","兵庫県香美町香住区余部967","35.642073","134.56255"
"茅野多目的集会施設","兵庫県香美町小代区茅野443","35.43104","134.533291"
"貫田生活改善センター","兵庫県香美町小代区貫田228-1","35.438082","134.531274"
"久須部区集会所","兵庫県香美町小代区久須部122","35.447578","134.521249"
"広井区集会所","兵庫県香美町小代区広井117","35.46674","134.549612"
"広井多目的山村広場","兵庫県香美町小代区広井787","35.464894","134.550364"
"佐坊区集会所","兵庫県香美町小代区佐坊167","35.427344","134.516948"
"実山区営農集会所","兵庫県香美町小代区実山263-1","35.442582","134.537559"
"小代中学校グラウンド","兵庫県香美町小代区実山34","35.448848","134.53567"
"小代小学校グラウンド","兵庫県香美町小代区実山89","35.447727","134.53531"
"秋岡集落センター","兵庫県香美町小代区秋岡561","35.421361","134.520412"
"城山ふるさと交流センター","兵庫県香美町小代区城山281","35.457296","134.536236"
"新屋活性化交流集会施設","兵庫県香美町小代区新屋594-1","35.41649","134.526165"
"神場区集会所","兵庫県香美町小代区神場149-1","35.456826","134.556362"
"神水区集会所","兵庫県香美町小代区神水296","35.463871","134.542477"
"水間集落センター","兵庫県香美町小代区水間162","35.461626","134.54387"
"猪之谷区集会所","兵庫県香美町小代区水間631","35.455795","134.548998"
"石寺集落センター","兵庫県香美町小代区石寺79","35.471367","134.550951"
"大谷ふれあいセンター","兵庫県香美町小代区大谷96-1","35.455067","134.536068"
"鍛治屋区集会所","兵庫県香美町小代区鍛冶屋236","35.42934","134.521138"
"忠宮区集会所","兵庫県香美町小代区忠宮144","35.443145","134.533861"
"東垣生活改善センター","兵庫県香美町小代区東垣115","35.425817","134.52093"
"平野区集会所","兵庫県香美町小代区平野399","35.438215","134.537932"
"野間谷構造改善センター","兵庫県香美町小代区野間谷183-1","35.447781","134.543219"
"旧熱田区集会所","兵庫県香美町小代区野間谷64-1","35.450804","134.536894"
"丸味区公民館","兵庫県香美町村岡区丸味697","35.50786","134.554679"
"境区集会所","兵庫県香美町村岡区境65","35.568162","134.607535"
"熊波公民館","兵庫県香美町村岡区熊波1532-1","35.489829","134.533262"
"原区公民館","兵庫県香美町村岡区原137-1","35.548724","134.564951"
"村岡アグリファーム㈱・むらおか夢アグリ㈱　事務所兼みそ工房","兵庫県香美町村岡区原14-4","35.545669","134.565198"
"口大谷区公民館","兵庫県香美町村岡区口大谷191-1","35.40568","134.578452"
"高井区集会所","兵庫県香美町村岡区高井509-1","35.452714","134.600142"
"高坂区集会所","兵庫県香美町村岡区高坂165-2","35.413267","134.575986"
"高津公会堂","兵庫県香美町村岡区高津903-2","35.512988","134.569811"
"黒田公民館","兵庫県香美町村岡区黒田字深田1010-1","35.424543","134.599162"
"作山区集会所","兵庫県香美町村岡区作山433","35.420397","134.625125"
"山田区集会所","兵庫県香美町村岡区山田1789","35.553067","134.598707"
"市原区集会所","兵庫県香美町村岡区市原321-1","35.443407","134.60231"
"寺河内区集会所","兵庫県香美町村岡区寺河内293-3","35.453947","134.604621"
"鹿田区集会所","兵庫県香美町村岡区鹿田77","35.475933","134.587736"
"宿区集会所","兵庫県香美町村岡区宿60-1","35.43466","134.599548"
"森脇農業構造改善センター","兵庫県香美町村岡区森脇302-1","35.417423","134.594454"
"神坂区集会所","兵庫県香美町村岡区神坂175-1","35.461692","134.581603"
"川会公会堂","兵庫県香美町村岡区川会180-1","35.501296","134.571645"
"射添グラウンド","兵庫県香美町村岡区川会33-1","35.498154","134.572003"
"射添小学校グラウンド","兵庫県香美町村岡区川会43-1","35.49694","134.569984"
"相田区集会所","兵庫県香美町村岡区相田356","35.462185","134.589146"
"新町区集会所","兵庫県香美町村岡区村岡178-2","35.472716","134.591342"
"水上区集会所","兵庫県香美町村岡区村岡2146","35.474711","134.599722"
"殿町区集会所","兵庫県香美町村岡区村岡2221-3","35.474172","134.598002"
"本町区集会所","兵庫県香美町村岡区村岡2368","35.470133","134.594794"
"東中区集会所","兵庫県香美町村岡区村岡2440-1","35.469977","134.596868"
"西本町区集会所","兵庫県香美町村岡区村岡251-1","35.470929","134.591958"
"野々上区集会所","兵庫県香美町村岡区村岡2593-1","35.471223","134.597249"
"村岡小学校グラウンド","兵庫県香美町村岡区村岡2937","35.468242","134.598723"
"東上区集会所","兵庫県香美町村岡区村岡2957-1","35.468706","134.598513"
"村岡中学校グラウンド","兵庫県香美町村岡区村岡3077-1","35.469434","134.595944"
"中西区集会所","兵庫県香美町村岡区村岡367-1","35.472239","134.594348"
"村岡区中央公民館","兵庫県香美町村岡区村岡395-2","35.473733","134.595246"
"川上区集会所","兵庫県香美町村岡区村岡430-3","35.473119","134.59599"
"光陽区集会所","兵庫県香美町村岡区大糠132-31","35.457299","134.598447"
"村岡ファームガーデン","兵庫県香美町村岡区大糠32-1","35.461786","134.602863"
"大糠区集会所","兵庫県香美町村岡区大糠82-1","35.459503","134.602531"
"大笹区公民館","兵庫県香美町村岡区大笹107-2","35.404957","134.56338"
"大笹区集会所","兵庫県香美町村岡区大笹17-3","35.404471","134.565929"
"大野区集会所","兵庫県香美町村岡区大野300-1","35.399786","134.591018"
"池ヶ平区集会所","兵庫県香美町村岡区池ヶ平55-1","35.415988","134.584527"
"中大谷区集会所","兵庫県香美町村岡区中大谷78","35.402378","134.571544"
"長須区公民館","兵庫県香美町村岡区長須281-1","35.524836","134.567104"
"長瀬公会堂","兵庫県香美町村岡区長瀬305-2","35.557757","134.579667"
"長板公民館","兵庫県香美町村岡区長板1017-2","35.488506","134.554685"
"長板構造改善センター","兵庫県香美町村岡区長板1503-1","35.486126","134.556223"
"日影区集会所","兵庫県香美町村岡区日影693","35.436997","134.601059"
"入江区集会所","兵庫県香美町村岡区入江1708-3","35.493768","134.569114"
"和佐父区集会所","兵庫県香美町村岡区入江468-2","35.503401","134.582866"
"萩山公民館","兵庫県香美町村岡区萩山99","35.456103","134.573496"
"八井谷区集会所","兵庫県香美町村岡区八井谷403-4","35.406405","134.604485"
"板仕野区集会所","兵庫県香美町村岡区板仕野179","35.45041","134.572062"
"八幡会館","兵庫県香美町村岡区福岡1036","35.414932","134.598258"
"兎塚地区公民館","兵庫県香美町村岡区福岡275","35.416493","134.600958"
"兎塚小学校グラウンド","兵庫県香美町村岡区福岡312-2","35.415261","134.600081"
"横町会館","兵庫県香美町村岡区福岡465","35.417973","134.600512"
"味取区集会所","兵庫県香美町村岡区味取349-1","35.545127","134.562357"
"用野区集会所","兵庫県香美町村岡区用野590","35.484467","134.584331"
"耀山区集会所","兵庫県香美町村岡区耀山294-3","35.447428","134.606249"
"高井子育て・子育ち支援センター","兵庫県香美町村岡区耀山7-2","35.448369","134.601756"
"和池区公民館","兵庫県香美町村岡区和池233","35.419484","134.589012"
"和田公会堂","兵庫県香美町村岡区和田143-1","35.494241","134.566061"
"小城区集会所","兵庫県香美町村岡区和田260-4","35.494305","134.562913"
"柤岡区集会所","兵庫県香美町村岡区柤岡665-1","35.493004","134.526449"
"阿弥陀小学校","兵庫県高砂市阿弥陀町阿弥陀1153-1","34.797473","134.781064"
"阿弥陀地域交流センター","兵庫県高砂市阿弥陀町阿弥陀1173-1","34.796386","134.781799"
"鹿島中学校","兵庫県高砂市阿弥陀町阿弥陀1979-3","34.794231","134.774175"
"白陵高等学校","兵庫県高砂市阿弥陀町阿弥陀2260","34.803069","134.76887"
"市ノ池公園","兵庫県高砂市阿弥陀町地徳301","34.809152","134.780043"
"伊保小学校","兵庫県高砂市伊保東1-18-1","34.768819","134.789979"
"伊保地域交流センター","兵庫県高砂市伊保東1-18-6","34.768489","134.790667"
"新浜公園","兵庫県高砂市荒井町新浜2-2758-77","34.755727","134.787991"
"荒井中学校","兵庫県高砂市荒井町千鳥3-1-1","34.766766","134.794667"
"荒井地域交流センター","兵庫県高砂市荒井町扇町2-24","34.75978","134.795317"
"荒井小学校","兵庫県高砂市荒井町東本町10-1","34.76048","134.797038"
"高砂市営松波住宅","兵庫県高砂市高砂町松波町44-25","34.753269","134.797366"
"松波ミオ","兵庫県高砂市高砂町松波町440-149","34.753892","134.796083"
"県営　高砂松波町高層（１号棟から２号棟）","兵庫県高砂市高砂町松波町440-31","34.753826","134.796625"
"ユーアイ福祉交流センター","兵庫県高砂市高砂町松波町440-35","34.752206","134.79699"
"セフレ高砂","兵庫県高砂市高砂町松波町440-7","34.7533","134.795801"
"高砂中学校","兵庫県高砂市高砂町大工町638","34.745515","134.798555"
"高砂小学校","兵庫県高砂市高砂町大工町810-1","34.74474","134.797793"
"文化会館","兵庫県高砂市高砂町朝日町1-2-1","34.755052","134.804711"
"高砂高等学校","兵庫県高砂市高砂町朝日町2-5-1","34.755061","134.802578"
"高砂地域交流センター","兵庫県高砂市高砂町北本町1110-1","34.747216","134.802628"
"県営高砂時光寺鉄筋（１号棟から１１号棟）","兵庫県高砂市時光寺34","34.7919","134.773089"
"松陽中学校","兵庫県高砂市松陽1-11-1","34.77651","134.780282"
"竜山中学校","兵庫県高砂市松陽3-1","34.779422","134.785644"
"高砂南高等学校","兵庫県高砂市西畑2-1-12","34.749142","134.796899"
"高砂公園","兵庫県高砂市西畑2-578-58","34.748618","134.796254"
"天川東公園","兵庫県高砂市曽根町1077","34.787034","134.76886"
"曽根松原公園","兵庫県高砂市曽根町2301","34.776866","134.775236"
"曽根地域交流センター","兵庫県高砂市曽根町2301-35","34.776271","134.775507"
"曽根小学校","兵庫県高砂市曽根町2500","34.776501","134.773702"
"松陽高等学校","兵庫県高砂市曽根町2794-1","34.771846","134.777418"
"中筋小学校","兵庫県高砂市中筋1-2-1","34.789067","134.774711"
"中筋地域交流センター","兵庫県高砂市中筋3-5-24","34.788384","134.779426"
"マックスバリュ中島店駐車場","兵庫県高砂市中島3-1-55","34.774495","134.803136"
"伊保南小学校","兵庫県高砂市梅井2-4-1","34.770822","134.780122"
"県営　高砂伊保鉄筋（１号棟から２号棟、４号棟から７号棟）","兵庫県高砂市梅井2-5","34.772186","134.779244"
"米田西小学校","兵庫県高砂市米田町塩市17-1","34.780396","134.803379"
"マックスバリュ宝殿店駐車場","兵庫県高砂市米田町島38","34.786122","134.806593"
"総合運動公園","兵庫県高砂市米田町島526","34.780967","134.799412"
"宝殿中学校","兵庫県高砂市米田町米田1174-1","34.775108","134.819571"
"米田小学校","兵庫県高砂市米田町米田451","34.777402","134.808258"
"米田地域交流センター","兵庫県高砂市米田町米田734","34.778999","134.813329"
"米田多目的広場","兵庫県高砂市米田町米田927-7","34.774413","134.810324"
"北浜小学校","兵庫県高砂市北浜町北脇34-5","34.784817","134.752407"
"北浜地域交流センター","兵庫県高砂市北浜町北脇74-3","34.785472","134.752125"
"県営　高砂竜山鉄筋（１号棟から２号棟）","兵庫県高砂市竜山1-7","34.77687","134.793589"
"利神体育館","兵庫県佐用町口長谷834","35.038232","134.36993"
"佐用小学校体育館","兵庫県佐用町佐用286-1","35.009188","134.35947"
"上月小学校体育館","兵庫県佐用町上月861","34.9871","134.319708"
"三河体育館","兵庫県佐用町上三河87-1","35.068291","134.423596"
"南光小学校体育館","兵庫県佐用町西徳久1112-1","34.999831","134.401738"
"久崎体育館","兵庫県佐用町町久崎50-1","34.961265","134.342936"
"三日月中学校体育館","兵庫県佐用町乃井野1700","34.987394","134.428071"
"中安体育館","兵庫県佐用町米田113","34.985448","134.376203"
"江川体育館","兵庫県佐用町豊福275-2","35.049977","134.339978"
"幕山体育館","兵庫県佐用町本郷553-3","35.013126","134.30763"
"あかしあ台小学校","兵庫県三田市あかしあ台2-6","34.900131","135.180945"
"はじかみ池公園","兵庫県三田市あかしあ台5-1","34.898903","135.18884"
"ウッディタウン市民センター","兵庫県三田市けやき台1-4-1","34.906241","135.187506"
"けやき台中学校","兵庫県三田市けやき台2-1","34.906343","135.190899"
"中央公園","兵庫県三田市けやき台2-3","34.906693","135.197251"
"けやき台小学校","兵庫県三田市けやき台3-77","34.913565","135.193593"
"すずかけ台小学校","兵庫県三田市すずかけ台2-45","34.902277","135.19564"
"つつじが丘小学校","兵庫県三田市つつじが丘南3-829-1","34.942567","135.129328"
"つつじが丘中央公園","兵庫県三田市つつじが丘北2-5-12","34.94649","135.130046"
"駒ケ谷運動公園","兵庫県三田市ゆりのき台1-44","34.911817","135.180303"
"ゆりのき台中学校","兵庫県三田市ゆりのき台2-1-1","34.904334","135.176788"
"県立三田西陵高等学校","兵庫県三田市ゆりのき台3-4","34.911488","135.175509"
"ゆりのき台小学校","兵庫県三田市ゆりのき台4-24","34.916309","135.179382"
"テクノ公園","兵庫県三田市テクノパーク3-1","34.931909","135.170586"
"三田小学校","兵庫県三田市屋敷町2-20","34.887347","135.22025"
"高平小学校","兵庫県三田市下里172","34.950679","135.271354"
"県立三田祥雲館高等学校","兵庫県三田市学園1-1","34.910622","135.161837"
"学園東公園","兵庫県三田市学園3-3","34.912547","135.16656"
"学園小学校","兵庫県三田市学園7-7","34.904058","135.163231"
"県立北摂三田高等学校","兵庫県三田市狭間が丘1-1-1","34.878345","135.207763"
"狭間中学校","兵庫県三田市狭間が丘4-1","34.879935","135.20283"
"狭間小学校","兵庫県三田市狭間が丘4-4","34.880369","135.201214"
"さんだ市民センター","兵庫県三田市三田町22-19","34.882688","135.225094"
"三輪小学校","兵庫県三田市三輪1-12-11","34.890892","135.229972"
"城山公園","兵庫県三田市三輪1314","34.899261","135.229112"
"ふれあいと創造の里","兵庫県三田市四ツ辻1129-1","34.946992","135.16789"
"上野台中学校","兵庫県三田市志手原1145","34.914033","135.236989"
"志手原小学校","兵庫県三田市志手原881","34.916193","135.239159"
"小野幼稚園","兵庫県三田市小野1740","34.956296","135.233783"
"広野市民センター","兵庫県三田市上井沢28-1","34.927107","135.189691"
"広野小学校","兵庫県三田市上井沢295","34.925038","135.192776"
"藍小学校","兵庫県三田市西相野477-1","34.961914","135.143273"
"松が丘小学校","兵庫県三田市川除535","34.901784","135.221141"
"総合福祉保健センター","兵庫県三田市川除675","34.892787","135.21761"
"兵庫県立上野ケ原高等特別支援学校","兵庫県三田市大原梅の木1546-6","34.910744","135.231377"
"兵庫県立上野ケ原特別支援学校","兵庫県三田市大原梅の木1546-6","34.909943","135.231484"
"藍中学校","兵庫県三田市大川瀬1307-36","34.950522","135.137348"
"藍市民センター","兵庫県三田市大川瀬1307-44","34.949005","135.13886"
"長坂中学校","兵庫県三田市長坂484","34.944632","135.177654"
"県立有馬高等学校","兵庫県三田市天神2-1-50","34.888132","135.220234"
"本庄小学校","兵庫県三田市東本庄1910","34.961378","135.185607"
"有馬富士共生センター","兵庫県三田市尼寺968","34.933465","135.230272"
"八景中学校","兵庫県三田市八景町1205","34.876083","135.225902"
"富士小学校","兵庫県三田市富士が丘1-12","34.889678","135.194309"
"ひまわり特別支援学校小学部","兵庫県三田市富士が丘1-12","34.889933","135.19478"
"富士中学校","兵庫県三田市富士が丘3-25","34.888694","135.189123"
"ひまわり特別支援学校中学部・高等部","兵庫県三田市富士が丘3-25","34.888633","135.189307"
"高平ふるさと交流センター","兵庫県三田市布木298","34.977701","135.27341"
"三田谷公園","兵庫県三田市武庫が丘3-3836","34.883734","135.209906"
"武庫小学校","兵庫県三田市武庫が丘4-13","34.884784","135.207911"
"フラワータウン市民センター","兵庫県三田市武庫が丘7-3-1","34.886916","135.202465"
"母子山の峰会館","兵庫県三田市母子701-3","35.022072","135.232219"
"弥生小学校","兵庫県三田市弥生が丘2-20","34.882735","135.195296"
"深田公園","兵庫県三田市弥生が丘6-4","34.885563","135.198194"
"さつき台コミュニティセンター","兵庫県三木市さつき台1-22","34.787677","135.000837"
"加佐東公民館（横広場）","兵庫県三木市加佐145","34.806105","134.984481"
"ローレルハイツ駐車場","兵庫県三木市加佐193-1","34.804477","134.982574"
"育英ハイツ駐車場","兵庫県三木市加佐300-8","34.804902","134.98012"
"加佐西公民館","兵庫県三木市加佐396","34.808767","134.980141"
"三木コミュニティスポーツセンター","兵庫県三木市加佐572","34.809608","134.983027"
"ハートフルプラザみき","兵庫県三木市加佐62-1","34.803453","134.984646"
"県立三木高等学校","兵庫県三木市加佐931","34.812741","134.983239"
"岩宮公民館（横公園）","兵庫県三木市岩宮278-3","34.806246","134.995284"
"みなぎ台北集会所","兵庫県三木市吉川町みなぎ台1-10-14","34.875948","135.106083"
"みなぎ台東集会所","兵庫県三木市吉川町みなぎ台1-15-1","34.875491","135.110084"
"みなぎ台中集会所","兵庫県三木市吉川町みなぎ台1-24-5","34.872655","135.110716"
"吉川小学校","兵庫県三木市吉川町みなぎ台1-31-3","34.874702","135.107785"
"みなぎ台南集会所","兵庫県三木市吉川町みなぎ台1-34-1","34.872713","135.108448"
"みなぎ台第５集会所","兵庫県三木市吉川町みなぎ台2-25-5","34.868698","135.107984"
"緑台公民館","兵庫県三木市吉川町稲田142-32","34.888849","135.128198"
"若宮神社","兵庫県三木市吉川町稲田557","34.884196","135.126066"
"吉川町公民館","兵庫県三木市吉川町吉安246","34.886296","135.124602"
"吉安下公民館（前広場）","兵庫県三木市吉川町吉安30","34.886568","135.121244"
"吉安上公民館（前広場）","兵庫県三木市吉川町吉安606-1","34.893841","135.127379"
"金会公民館","兵庫県三木市吉川町金会1400","34.885022","135.138271"
"古市公民館","兵庫県三木市吉川町古市224","34.887205","135.095177"
"古川公民館","兵庫県三木市吉川町古川1268","34.89863","135.103224"
"山上公民館","兵庫県三木市吉川町山上208","34.882077","135.094156"
"市野瀬公民館（前広場）","兵庫県三木市吉川町市野瀬1062","34.877211","135.149289"
"旧東吉川小学校","兵庫県三木市吉川町市野瀬430","34.872878","135.143001"
"実楽公民館","兵庫県三木市吉川町実楽355","34.890595","135.098278"
"上荒川公民館","兵庫県三木市吉川町上荒川220-1","34.913633","135.141812"
"上松公民館（前広場）","兵庫県三木市吉川町上松323-2","34.877848","135.083571"
"上中公民館","兵庫県三木市吉川町上中426","34.902662","135.102642"
"新田公民館","兵庫県三木市吉川町新田597","34.932671","135.14087"
"南水上公民館","兵庫県三木市吉川町水上1658","34.844455","135.142374"
"北水上公民館（前広場）","兵庫県三木市吉川町水上3220","34.850735","135.136973"
"吉川総合公園","兵庫県三木市吉川町西奥260","34.860177","135.111618"
"西奥公民館","兵庫県三木市吉川町西奥549-371","34.862218","135.110775"
"旧上吉川小学校","兵庫県三木市吉川町前田1005","34.910727","135.116822"
"吉田公民館（前広場）","兵庫県三木市吉川町前田187-4","34.909517","135.109898"
"脇田公民館（前広場）","兵庫県三木市吉川町前田654","34.914943","135.116809"
"宮村公民館（前広場）","兵庫県三木市吉川町前田958-1","34.909528","135.115999"
"吉川中学校","兵庫県三木市吉川町大沢2","34.887284","135.118636"
"大畑公民館","兵庫県三木市吉川町大畑413-1","34.883467","135.110426"
"鍛治屋公民館","兵庫県三木市吉川町鍛治屋290-2","34.879964","135.10476"
"長谷公民館","兵庫県三木市吉川町長谷1000","34.879668","135.088337"
"田谷公民館","兵庫県三木市吉川町田谷569","34.870355","135.094131"
"貸潮公民館（前広場）","兵庫県三木市吉川町渡瀬203","34.880781","135.100298"
"渡瀬公民館（前広場）","兵庫県三木市吉川町渡瀬30-4","34.881704","135.095708"
"県立吉川高等学校","兵庫県三木市吉川町渡瀬300-12","34.878963","135.097973"
"出晴公民館（前広場）","兵庫県三木市吉川町渡瀬63-40","34.883072","135.091664"
"東田公民館（前広場）","兵庫県三木市吉川町東田459-1","34.866987","135.150816"
"湯谷公民館（前広場）","兵庫県三木市吉川町湯谷372","34.86287","135.097568"
"楠原公民館","兵庫県三木市吉川町楠原2049","34.863408","135.141718"
"畑枝公民館","兵庫県三木市吉川町畑枝181-1","34.911821","135.133985"
"毘沙門公民館","兵庫県三木市吉川町毘沙門1318","34.881219","135.145094"
"冨岡公民館（前広場）","兵庫県三木市吉川町冨岡759-1","34.916356","135.119379"
"福井公民館","兵庫県三木市吉川町福井549","34.907883","135.125004"
"福吉公民館（前広場）","兵庫県三木市吉川町福吉122","34.893615","135.157292"
"米田公民館","兵庫県三木市吉川町米田112","34.871548","135.124763"
"法光寺公民館","兵庫県三木市吉川町法光寺198-3","34.871017","135.09889"
"豊岡公民館","兵庫県三木市吉川町豊岡2021","34.857487","135.141485"
"南豊岡公民館（前広場）","兵庫県三木市吉川町豊岡3210","34.844263","135.15512"
"有安公民館","兵庫県三木市吉川町有安209-6","34.885628","135.096578"
"久留美公民館","兵庫県三木市久留美1836","34.816173","135.002226"
"君が峰町公民館","兵庫県三木市君が峰町609-7","34.795741","134.997069"
"大栄環境","兵庫県三木市口吉川町吉祥寺132-8","34.85942","135.088551"
"久次公民館","兵庫県三木市口吉川町久次1319","34.873402","135.076219"
"笹原公民館（横広場）","兵庫県三木市口吉川町笹原43-1","34.862469","135.069511"
"西中公民館","兵庫県三木市口吉川町西中70","34.847758","135.039882"
"善祥寺","兵庫県三木市口吉川町善祥寺27-1","34.854861","135.081677"
"大島公民館","兵庫県三木市口吉川町大島759-1","34.858597","135.074765"
"天理教口吉川分教会","兵庫県三木市口吉川町大島891","34.862507","135.074423"
"口吉川町公民館","兵庫県三木市口吉川町殿畑144","34.856335","135.062359"
"殿畑公民館","兵庫県三木市口吉川町殿畑3","34.855081","135.062113"
"殿畑消防器具庫前","兵庫県三木市口吉川町殿畑582-3","34.858886","135.061272"
"口吉川小学校","兵庫県三木市口吉川町殿畑666","34.860167","135.063272"
"東公民館","兵庫県三木市口吉川町東398-2","34.849348","135.051926"
"東中公民館","兵庫県三木市口吉川町東中87-1","34.852296","135.045272"
"桃坂公民館","兵庫県三木市口吉川町桃坂274","34.848133","135.033641"
"南畑構造改善センター","兵庫県三木市口吉川町南畑342","34.856649","135.066571"
"馬場公民館","兵庫県三木市口吉川町馬場312","34.847721","135.046445"
"保木営農組合施設前駐車場","兵庫県三木市口吉川町保木564-2","34.853348","135.058018"
"里脇公民館","兵庫県三木市口吉川町里脇184-1","34.869777","135.079503"
"里脇交流施設","兵庫県三木市口吉川町里脇821-1","34.863213","135.088981"
"蓮花寺公民館（横広場）","兵庫県三木市口吉川町蓮花寺76-2","34.841324","135.046677"
"桾原公民館","兵庫県三木市口吉川町桾原132","34.855702","135.053022"
"槇公民館","兵庫県三木市口吉川町槇128-4","34.865767","135.07647"
"金屋公民館","兵庫県三木市細川町金屋115","34.835098","135.027513"
"高篠公民館","兵庫県三木市細川町高篠1085","34.843758","135.032748"
"高畑公民館","兵庫県三木市細川町高畑89","34.853496","135.020594"
"細川中公民館（横広場）","兵庫県三木市細川町細川中1028-3","34.817847","135.016606"
"細川中上公民館","兵庫県三木市細川町細川中642","34.820481","135.019652"
"谷口公民館","兵庫県三木市細川町垂穂1078","34.825667","135.042328"
"下芝原ゲートボール場","兵庫県三木市細川町垂穂1445","34.829784","135.047457"
"上芝原公民館（横広場）","兵庫県三木市細川町垂穂616-1","34.830017","135.056498"
"鍛冶公民館","兵庫県三木市細川町垂穂744","34.830892","135.050723"
"小二谷公民館（横広場）","兵庫県三木市細川町瑞穂1438","34.841025","135.087982"
"大二谷公民館（横広場）","兵庫県三木市細川町瑞穂1948","34.844805","135.101092"
"まなびの郷みずほ","兵庫県三木市細川町瑞穂247-2","34.832121","135.080124"
"入野公民館（横広場）","兵庫県三木市細川町瑞穂974","34.836859","135.097506"
"西公民館","兵庫県三木市細川町西35","34.821737","135.011498"
"増田公民館","兵庫県三木市細川町増田145","34.826114","135.032934"
"下南公民館（横広場）","兵庫県三木市細川町中里1518-3","34.834382","135.068235"
"原坂公民館（横広場）","兵庫県三木市細川町中里547","34.835337","135.065381"
"荻谷公民館（横広場）","兵庫県三木市細川町中里90-1","34.834131","135.077215"
"桃津公民館","兵庫県三木市細川町桃津682-1","34.836856","135.030918"
"豊地小学校","兵庫県三木市細川町豊地196","34.826575","135.028666"
"旧星陽中学校","兵庫県三木市細川町豊地215","34.827093","135.028717"
"大柿公民館","兵庫県三木市細川町豊地319","34.826802","135.027677"
"細川町公民館","兵庫県三木市細川町豊地55-1","34.825088","135.025241"
"佐野公民館","兵庫県三木市細川町豊地742","34.830793","135.025552"
"脇川公民館","兵庫県三木市細川町脇川687","34.838499","135.011794"
"安福田栄運寺","兵庫県三木市志染町安福田577","34.803299","135.021207"
"志染町公民館","兵庫県三木市志染町井上173","34.797515","135.034558"
"旧志染中学校","兵庫県三木市志染町井上198","34.797352","135.031995"
"井上公民館","兵庫県三木市志染町井上348","34.797753","135.037883"
"自由が丘中学校","兵庫県三木市志染町吉田1241-37","34.790462","135.01867"
"東吉田集落　センター","兵庫県三木市志染町吉田378","34.797191","135.016793"
"吉田公民館　（前広場）","兵庫県三木市志染町吉田857-2","34.794704","135.012846"
"窟屋公民館","兵庫県三木市志染町窟屋29","34.791829","135.038365"
"戸田公民館","兵庫県三木市志染町戸田637-2","34.792891","135.072301"
"御坂公民館","兵庫県三木市志染町御坂1158","34.791942","135.05235"
"志染小学校","兵庫県三木市志染町御坂586","34.794722","135.046165"
"広野小学校","兵庫県三木市志染町広野2-107-1","34.778816","135.00719"
"広野多目的ホール","兵庫県三木市志染町広野2-223","34.778781","135.009465"
"おおぞら児童公園","兵庫県三木市志染町広野5-33-1","34.776218","135.015194"
"１号池北側消火栓前広場","兵庫県三木市志染町広野8-48","34.771032","135.024449"
"高男寺公会堂","兵庫県三木市志染町高男寺961","34.79141","135.033541"
"細目公民館","兵庫県三木市志染町細目750","34.791919","135.025284"
"三津田公民館","兵庫県三木市志染町三津田68","34.783066","135.062073"
"四合谷公会堂　（前広場）","兵庫県三木市志染町四合谷558","34.77901","135.025502"
"自由が丘東小学校","兵庫県三木市志染町四合谷67-1","34.785486","135.023146"
"ＪＡ兵庫みらい志染支店","兵庫県三木市志染町志染中46","34.795799","135.027175"
"志染中公民館","兵庫県三木市志染町志染中658","34.799938","135.029751"
"ふれあいセンター","兵庫県三木市志染町西自由が丘1-594","34.784312","135.011782"
"自由が丘公民館（中央公園）","兵庫県三木市志染町西自由が丘1-595","34.783245","135.011793"
"ピアン集会所","兵庫県三木市志染町西自由が丘2-27","34.786173","135.011867"
"学校北集会所","兵庫県三木市志染町西自由が丘2-360-14","34.786991","135.015854"
"自由が丘　第１公園","兵庫県三木市志染町西自由が丘2-377","34.789172","135.015178"
"自由が丘第１０公園","兵庫県三木市志染町西自由が丘2-406-6","34.790942","135.014677"
"青山１丁目集会所及び隣接公園","兵庫県三木市志染町青山1-13-1","34.771803","135.041501"
"青山２丁目集会所及び隣接公園","兵庫県三木市志染町青山2-16-7","34.776949","135.039393"
"青山第４公園","兵庫県三木市志染町青山3-12-1","34.779505","135.037202"
"青山公民館","兵庫県三木市志染町青山3-15-2","34.778003","135.037495"
"青山３丁目集会所及び隣接公園","兵庫県三木市志染町青山3-25-6","34.780439","135.040044"
"青山４丁目集会所及び隣接公園","兵庫県三木市志染町青山4-4-7","34.783655","135.0387"
"青山５丁目集会所及び隣接公園","兵庫県三木市志染町青山5-3-9","34.785499","135.032536"
"青山中央公園","兵庫県三木市志染町青山5-32","34.781962","135.03436"
"青山６丁目集会所及び隣接公園","兵庫県三木市志染町青山6-10-12","34.7786","135.033908"
"県立三木北高等学校","兵庫県三木市志染町青山6-25","34.777031","135.035152"
"大谷公民館","兵庫県三木市志染町大谷1188","34.804333","135.051712"
"中自由が丘１丁目自治会館（横公園）","兵庫県三木市志染町中自由が丘1-193","34.780292","135.013321"
"中自由が丘２丁目集会所なごみ会館","兵庫県三木市志染町中自由が丘2-372-23","34.781528","135.015656"
"白菊集会所","兵庫県三木市志染町中自由が丘2-51-2","34.778682","135.015171"
"自由が丘小学校","兵庫県三木市志染町中自由が丘3-70","34.786228","135.015062"
"やすらぎセンター","兵庫県三木市志染町東自由が丘1-822","34.775612","135.024307"
"自由が丘北集会所","兵庫県三木市志染町東自由が丘3-154","34.78387","135.018904"
"あかねが丘自治会館","兵庫県三木市志染町東自由が丘3-586-71","34.782678","135.022999"
"あさひが丘会館","兵庫県三木市自由が丘本町1-319-1","34.791504","135.004256"
"自由が丘本町会館","兵庫県三木市自由が丘本町3-525-2","34.787423","135.006323"
"芝町公民館","兵庫県三木市芝町1-7","34.800992","134.991403"
"南ヶ丘会館","兵庫県三木市宿原1263-771","34.785351","135.00374"
"東紫美ヶ丘公民館","兵庫県三木市宿原1265-65","34.795101","135.003067"
"えびす町公民館","兵庫県三木市宿原1270-11","34.79361","134.999961"
"松が丘公民館（横公園）","兵庫県三木市宿原1270-289","34.792415","134.996089"
"宿原公民館（前広場）","兵庫県三木市宿原272","34.797358","135.006136"
"上の丸社務所（前公園）","兵庫県三木市上の丸町5-2","34.799707","134.987284"
"跡部公民館（北側公園）","兵庫県三木市跡部275-3","34.810282","134.987705"
"大村公民館（付近広場）","兵庫県三木市大村295","34.807133","134.970188"
"大塚町公民館","兵庫県三木市大塚2-138","34.801223","134.997769"
"大塚団地集会所","兵庫県三木市大塚2-3-45","34.80213","134.99738"
"三木小学校","兵庫県三木市大塚2-4-39","34.803493","134.996968"
"鳥町公民館","兵庫県三木市鳥町302","34.806842","134.955823"
"平山町公民館","兵庫県三木市府内町3-21","34.801398","134.990265"
"東條町公民館","兵庫県三木市府内町8-15","34.803063","134.990133"
"丸一町公民館（付近広場）","兵庫県三木市福井1-902-1","34.797468","134.97928"
"サンライフ三木","兵庫県三木市福井1933-12","34.794867","134.989634"
"文化会館（駐車場）","兵庫県三木市福井1937","34.795447","134.991232"
"市民体育館","兵庫県三木市福井1943-7","34.797258","134.989257"
"勤労者体育センター","兵庫県三木市福井1947-3","34.796674","134.989253"
"下町公民館（付近広場）","兵庫県三木市福井2-1-9","34.797205","134.97756"
"前田町公民館","兵庫県三木市福井2-6-11","34.79629","134.978016"
"城山町公民館","兵庫県三木市福井2176","34.782192","134.989643"
"三木東中学校","兵庫県三木市福井2474-2","34.790147","134.997116"
"三木南交流センター","兵庫県三木市福井2484-9","34.779999","134.99346"
"栄町公民館","兵庫県三木市福井3-3-11","34.795033","134.979081"
"清水町公民館","兵庫県三木市福井3-5-5","34.794659","134.981211"
"福井コミュニティセンター","兵庫県三木市福井3-9-1","34.794521","134.979935"
"平井公民館（前広場）","兵庫県三木市平井349-1","34.810314","135.009116"
"平田公民館（駐車場）","兵庫県三木市平田230","34.807346","134.976085"
"平田小学校","兵庫県三木市平田502","34.81002","134.973478"
"別所ふるさと交流館","兵庫県三木市別所町下石野1-105","34.798053","134.928228"
"下石野公民館","兵庫県三木市別所町下石野1-117","34.79798","134.927469"
"花尻公民館","兵庫県三木市別所町花尻486","34.79263","134.945807"
"相野公民館","兵庫県三木市別所町花尻668-2","34.781748","134.946203"
"興治公民館","兵庫県三木市別所町興治80","34.773582","134.968414"
"近藤公民館","兵庫県三木市別所町近藤213","34.800663","134.960544"
"高木公民館","兵庫県三木市別所町高木1032","34.796079","134.96805"
"高木公園","兵庫県三木市別所町高木52","34.796245","134.973975"
"大山公民館","兵庫県三木市別所町高木949-571","34.777239","134.975594"
"エオの森研修センター","兵庫県三木市別所町高木三木ホースランドパーク","34.782362","134.967384"
"愛友館","兵庫県三木市別所町小林1069","34.773743","134.979549"
"小林中央会館","兵庫県三木市別所町小林525-2","34.77708","134.986557"
"県立三木東高等学校","兵庫県三木市別所町小林625-2","34.779967","135.004421"
"稲友館","兵庫県三木市別所町小林678-1","34.780851","135.002311"
"ローレルハイツ北神戸ふれあいセンター","兵庫県三木市別所町小林734-17","34.783977","135.001925"
"新広陽公民館","兵庫県三木市別所町小林734-237","34.783132","135.00548"
"小林桜ヶ丘集会所","兵庫県三木市別所町小林734-545","34.785159","135.003674"
"宮前会館","兵庫県三木市別所町小林97-1","34.777761","134.992931"
"正法寺公民館","兵庫県三木市別所町正法寺502","34.806956","134.931022"
"正法寺古墳公園","兵庫県三木市別所町正法寺601","34.808466","134.93097"
"別所町公民館","兵庫県三木市別所町西這田1-10","34.791721","134.956617"
"西這田南公民館","兵庫県三木市別所町西這田204-3","34.793035","134.950826"
"別所小学校","兵庫県三木市別所町西這田573","34.788647","134.956024"
"石野公民館（前広場）","兵庫県三木市別所町石野941","34.792079","134.940167"
"朝日ヶ丘中央公園","兵庫県三木市別所町朝日ヶ丘1-132","34.788765","134.969583"
"朝日ヶ丘南公民館","兵庫県三木市別所町朝日ヶ丘1-195","34.786074","134.969764"
"別所中学校","兵庫県三木市別所町東這田598-1","34.793245","134.957003"
"和田公民館","兵庫県三木市別所町和田338-1","34.803812","134.949657"
"大手町公民館","兵庫県三木市本町1-5-6","34.79977","134.99019"
"正入寺（前広場）","兵庫県三木市本町1-7-21","34.798871","134.992134"
"滑原町公民館","兵庫県三木市本町2-1-10","34.800157","134.986106"
"大宮町公民館","兵庫県三木市本町2-1268-6","34.796494","134.98656"
"新町公民館","兵庫県三木市本町2-13-5","34.797595","134.985039"
"みのがわ会館駐車場","兵庫県三木市本町2-2-10","34.799168","134.984497"
"中央公民館","兵庫県三木市本町2-2-10","34.799472","134.984884"
"中町公民館","兵庫県三木市本町2-2-40","34.797156","134.981424"
"大日町公民館（如来堂前）","兵庫県三木市本町3-10-22","34.795413","134.982566"
"宮前町公民館","兵庫県三木市本町3-13-5","34.794349","134.983238"
"杣宮町公民館","兵庫県三木市本町3-2465-12","34.79155","134.982032"
"三樹小学校","兵庫県三木市末広1-10-8","34.801453","134.983007"
"市民活動センター","兵庫県三木市末広1-6-46","34.801966","134.985676"
"神明町公民館","兵庫県三木市末広2-11-8","34.799586","134.977224"
"三木中学校","兵庫県三木市末広2-5-12","34.80245","134.978927"
"大開町公民館","兵庫県三木市末広3-14-36","34.802243","134.974535"
"与呂木公民館（前広場）","兵庫県三木市与呂木577-1","34.806077","135.005088"
"青葉台自治会館","兵庫県三木市与呂木683-323","34.806829","135.009688"
"緑が丘小学校","兵庫県三木市緑が丘町西1-10-8","34.771696","135.026289"
"さくら公園","兵庫県三木市緑が丘町西2-15","34.774829","135.029115"
"あかしあ公園","兵庫県三木市緑が丘町西3-12","34.774226","135.024931"
"さつき公園","兵庫県三木市緑が丘町西4-16","34.777198","135.028166"
"緑が丘南公園","兵庫県三木市緑が丘町中1-24","34.768625","135.02799"
"緑が丘町自治会館","兵庫県三木市緑が丘町中2-14-8","34.771874","135.033729"
"いちょう公園","兵庫県三木市緑が丘町中3-13","34.773334","135.033995"
"緑が丘町公民館（北公園）","兵庫県三木市緑が丘町中3-38","34.775193","135.035444"
"うめ公園","兵庫県三木市緑が丘町東1-28","34.767948","135.037428"
"第２公園","兵庫県三木市緑が丘町東2-13","34.770382","135.034783"
"緑が丘中学校","兵庫県三木市緑が丘町東4-17","34.77199","135.038152"
"もみじ公園","兵庫県三木市緑が丘町東4-19","34.772732","135.036824"
"緑が丘東小学校","兵庫県三木市緑が丘町東4-45","34.774325","135.037859"
"第１０公園","兵庫県三木市緑が丘町本町1-183-4","34.766506","135.028106"
"緑が丘本町会館","兵庫県三木市緑が丘町本町1-265-2","34.767206","135.026656"
"保健福祉センター","兵庫県市川町甘地323-1","34.99051","134.760873"
"市川中学校体育館","兵庫県市川町甘地836","34.988453","134.760985"
"甘地小学校体育館","兵庫県市川町近平357","34.993758","134.757232"
"市川町公民館体育館","兵庫県市川町小畑848","35.009796","134.779681"
"コミュニティセンター笠形会館","兵庫県市川町上牛尾94-1","35.012168","134.82041"
"コミュニティセンター岡部会館","兵庫県市川町上瀬加1736-2","34.998477","134.805892"
"旧瀬加中学校体育館","兵庫県市川町上瀬加841","34.994883","134.803913"
"瀬加小学校体育館","兵庫県市川町上瀬加841","34.993648","134.802976"
"鶴居中学校体育館","兵庫県市川町神崎873","35.021821","134.748465"
"就業改善センター","兵庫県市川町西川辺177","34.988893","134.763405"
"川辺小学校体育館","兵庫県市川町西川辺380","34.985465","134.767192"
"老人福祉センター","兵庫県市川町鶴居108-1","35.027304","134.755262"
"鶴居小学校体育館","兵庫県市川町鶴居45","35.023574","134.755029"
"いちかわ東こども園","兵庫県市川町東川辺1216","34.989099","134.775088"
"スポーツセンター武道館","兵庫県市川町北田中498","34.979417","134.775266"
"スポーツセンター体育館","兵庫県市川町北田中498","34.979856","134.775242"
"県立伊和高等学校","兵庫県宍粟市一宮町安積616-2","35.11058","134.579878"
"御形公園広場","兵庫県宍粟市一宮町三方町262-1","35.182663","134.625524"
"一宮北中学校","兵庫県宍粟市一宮町三方町274","35.18279","134.62339"
"家原遺跡公園","兵庫県宍粟市一宮町三方町633","35.183833","134.628058"
"ゲストハウス繁盛校","兵庫県宍粟市一宮町上岸田576","35.200534","134.650576"
"みかた四季公園","兵庫県宍粟市一宮町森添132","35.187975","134.629087"
"旧下三方小学校","兵庫県宍粟市一宮町生栖851-1","35.149647","134.610807"
"スポニックパーク一宮","兵庫県宍粟市一宮町東市場1090-3","35.092296","134.590762"
"はりま一宮小学校","兵庫県宍粟市一宮町東市場788","35.095152","134.586057"
"一宮南中学校","兵庫県宍粟市一宮町東市場834","35.096022","134.58715"
"県立森林大学校","兵庫県宍粟市一宮町能倉772","35.11725","134.613691"
"旧戸原小学校","兵庫県宍粟市山崎町宇原337","34.968552","134.551239"
"蔦沢小学校","兵庫県宍粟市山崎町宇野419-1","35.033109","134.522632"
"相生学院高等学校宍粟校","兵庫県宍粟市山崎町塩山37-17","35.067745","134.443645"
"山崎スポーツセンター","兵庫県宍粟市山崎町下町1","35.021308","134.536276"
"県立山崎高等学校","兵庫県宍粟市山崎町加生340","35.009905","134.53038"
"かみかわ緑地公園","兵庫県宍粟市山崎町岸田521","35.037052","134.561372"
"山崎南中学校","兵庫県宍粟市山崎町金谷40","34.987433","134.537846"
"山崎南小学校","兵庫県宍粟市山崎町御名20-2","34.987232","134.539671"
"山崎東中学校","兵庫県宍粟市山崎町三津371","35.01603","134.547124"
"宍粟防災センター","兵庫県宍粟市山崎町鹿沢65-3","35.003935","134.541362"
"山崎小学校","兵庫県宍粟市山崎町鹿沢82","35.003266","134.540837"
"山崎西中学校","兵庫県宍粟市山崎町鹿沢88-2","35.00195","134.537967"
"河東小学校","兵庫県宍粟市山崎町神谷377","35.022637","134.556649"
"山崎西小学校","兵庫県宍粟市山崎町青木106","35.027293","134.49805"
"城の子公園","兵庫県宍粟市山崎町千本屋477","34.989181","134.539267"
"本多公園グラウンド","兵庫県宍粟市山崎町中井28","35.001821","134.540723"
"夢公園","兵庫県宍粟市山崎町中広瀬125-7","35.004466","134.548515"
"旧都多小学校","兵庫県宍粟市山崎町中野1110","35.074329","134.497335"
"神野運動公園","兵庫県宍粟市山崎町梯305-5","35.050529","134.542956"
"神野小学校","兵庫県宍粟市山崎町田井645-9","35.046276","134.565518"
"土万運動公園","兵庫県宍粟市山崎町土万1560","35.047998","134.447676"
"生涯学習センター学遊館","兵庫県宍粟市山崎町東下野18","35.051805","134.51156"
"菅野防災広場","兵庫県宍粟市山崎町木谷88-1","35.009597","134.525073"
"千種中学校","兵庫県宍粟市千種町河呂60-5","35.160123","134.449628"
"エーガイヤ屋内運動施設","兵庫県宍粟市千種町室1061","35.145257","134.439917"
"千種小学校","兵庫県宍粟市千種町千草29","35.151352","134.444057"
"県立千種高等学校","兵庫県宍粟市千種町千草727-2","35.157444","134.446143"
"波賀中学校","兵庫県宍粟市波賀町安賀244","35.154275","134.543104"
"波賀小学校","兵庫県宍粟市波賀町安賀748-2","35.157373","134.542239"
"波賀市民グラウンド","兵庫県宍粟市波賀町上野81","35.161809","134.546631"
"旧野原小学校","兵庫県宍粟市波賀町野尻119-2","35.187073","134.53058"
"波賀総合スポーツ公園","兵庫県宍粟市波賀町有賀108-1","35.162852","134.542331"
"波賀Ｂ＆Ｇ海洋センター","兵庫県宍粟市波賀町有賀29-1","35.160965","134.542039"
"鮎屋多目的集会所","兵庫県洲本市鮎屋693","34.309363","134.839675"
"安乎公民館","兵庫県洲本市安乎町中田11-2","34.391494","134.877392"
"安乎小学校","兵庫県洲本市安乎町平安浦445","34.39352","134.879972"
"安乎中学校","兵庫県洲本市安乎町北谷1169-2","34.393599","134.878096"
"市民交流センター","兵庫県洲本市宇原1788-1","34.33397","134.875002"
"洲本第一小学校","兵庫県洲本市宇山1-1-37","34.34635","134.887484"
"検査場跡地（高台）","兵庫県洲本市宇山2-3-4","34.350427","134.888254"
"外町コミュニティ消防センター","兵庫県洲本市栄町4-3-23","34.343123","134.887282"
"洲本市文化体育館","兵庫県洲本市塩屋1-1-17","34.346732","134.894329"
"防災公園用地","兵庫県洲本市塩屋1-439-1","34.344101","134.890287"
"洲浜中学校","兵庫県洲本市塩屋2-5-2","34.347041","134.888804"
"加茂小学校","兵庫県洲本市下内膳470","34.347979","134.857928"
"加茂コミュニティ消防センター","兵庫県洲本市下内膳8-1","34.347309","134.860125"
"消防団内町分団地域拠点施設","兵庫県洲本市海岸通2-5-13","34.343253","134.898929"
"人権文化センター","兵庫県洲本市桑間169-1","34.342904","134.873457"
"中山間総合活性化センター","兵庫県洲本市五色町鮎原宇谷352","34.389483","134.80967"
"消防団鮎原分団地域拠点施設","兵庫県洲本市五色町鮎原南谷360-2","34.399407","134.817962"
"鮎原小学校","兵庫県洲本市五色町鮎原南谷559","34.401434","134.816415"
"定住・交流促進センター（鮎愛館）","兵庫県洲本市五色町鮎原南谷65","34.39784","134.816879"
"広石小学校","兵庫県洲本市五色町広石下961","34.376074","134.793465"
"五色地域福祉センター　（みやまホール）","兵庫県洲本市五色町広石中90-5","34.376633","134.796937"
"消防団広石分団地域拠点施設","兵庫県洲本市五色町広石中91-1","34.376848","134.796226"
"五色中学校","兵庫県洲本市五色町広石北125","34.380206","134.797076"
"消防団堺分団地域拠点施設","兵庫県洲本市五色町上堺119-1","34.363646","134.788508"
"堺小学校","兵庫県洲本市五色町上堺25-1","34.363194","134.789437"
"防災センター鳥飼会館","兵庫県洲本市五色町鳥飼浦1918-1","34.37312","134.758148"
"五色台運動公園アスパ五色体育館","兵庫県洲本市五色町鳥飼浦2613","34.354209","134.758002"
"鳥飼小学校","兵庫県洲本市五色町鳥飼中309","34.374389","134.760673"
"高田屋嘉兵衛公園（浜千鳥）","兵庫県洲本市五色町都志1087","34.41611","134.792859"
"五色文化ホール（五色庁舎３階）","兵庫県洲本市五色町都志203","34.412946","134.784377"
"防災センター都志会館","兵庫県洲本市五色町都志282","34.414763","134.78405"
"五色健康福祉総合センター","兵庫県洲本市五色町都志大日707","34.405881","134.789642"
"健康村トレーニングセンター","兵庫県洲本市五色町都志大日707","34.404212","134.789502"
"都志小学校","兵庫県洲本市五色町都志万歳919","34.411671","134.782043"
"健康福祉館（みなと元気館）","兵庫県洲本市港2-26","34.3452","134.89578"
"三熊山・曲田山（高台）","兵庫県洲本市山手","34.33761","134.903149"
"洲本第二小学校","兵庫県洲本市山手2-1-51","34.340739","134.89945"
"総合福祉会館","兵庫県洲本市山手2-2-26","34.339562","134.8983"
"洲本中央公民館","兵庫県洲本市山手3-3-2","34.339669","134.893788"
"小路谷公会堂敷地内（高台）","兵庫県洲本市小路谷117-2","34.330002","134.909421"
"物部コミュニティ消防センター","兵庫県洲本市上物部2-3-11","34.333405","134.886603"
"大野陽だまり館","兵庫県洲本市新村80","34.318285","134.854602"
"千草公民館","兵庫県洲本市千草甲221-7","34.325225","134.888412"
"千草コミュニティ消防センター","兵庫県洲本市千草甲39","34.327325","134.889098"
"上灘出張所","兵庫県洲本市相川組198","34.252719","134.899276"
"大野コミュニティ消防センター","兵庫県洲本市大野123-6","34.318795","134.854902"
"大野公民館","兵庫県洲本市大野1404","34.330114","134.852612"
"大野小学校","兵庫県洲本市大野318","34.323393","134.855018"
"旧中川原中学校","兵庫県洲本市中川原町中川原222-2","34.370261","134.871959"
"中川原公民館","兵庫県洲本市中川原町中川原907","34.373322","134.871753"
"中川原小学校","兵庫県洲本市中川原町中川原988","34.375064","134.872388"
"安養寺","兵庫県洲本市中津川組246","34.259179","134.912012"
"納会館","兵庫県洲本市納716","34.338149","134.845191"
"畑田集会所","兵庫県洲本市畑田組8-3","34.240846","134.872002"
"洲本第三小学校","兵庫県洲本市物部1-1-49","34.338355","134.888519"
"青雲中学校","兵庫県洲本市物部3-10-1","34.339671","134.877872"
"洲本市役所","兵庫県洲本市本町3-4-10","34.342891","134.895479"
"由良コミュニティ消防センター","兵庫県洲本市由良1-21-33","34.289199","134.946954"
"由良公民館","兵庫県洲本市由良1-6-10","34.286809","134.944485"
"由良多目的広場（高台）","兵庫県洲本市由良1-7","34.287902","134.944333"
"由良支所","兵庫県洲本市由良2-7-22","34.291243","134.945981"
"由良小学校","兵庫県洲本市由良3-3-43","34.291473","134.943997"
"由良４丁目どんでん山周辺避難路（高台）","兵庫県洲本市由良4-13","34.297228","134.941365"
"由良中学校","兵庫県洲本市由良町由良2355-1","34.286371","134.947889"
"潮コミュニティ消防センター","兵庫県洲本市炬口1-3-60","34.350605","134.893515"
"秋葉山神社（高台）","兵庫県洲本市炬口2-5-25","34.352077","134.891501"
"デイサービスセンターうしお","兵庫県洲本市炬口2-9-2","34.350311","134.891145"
"あお陶遊館アルテ","兵庫県小野市粟生町1816-7","34.85678","134.909689"
"コミュニティセンターおの","兵庫県小野市王子町801","34.852722","134.930112"
"伝統産業会館","兵庫県小野市王子町806-1","34.852498","134.932177"
"総合体育館","兵庫県小野市王子町917-1","34.855432","134.937672"
"大池総合公園（グランド）","兵庫県小野市王子町917-7","34.854306","134.936829"
"来住小学校","兵庫県小野市下来住町1392","34.835605","134.913386"
"コミュニティセンター　きすみの","兵庫県小野市下来住町71-3","34.834822","134.910497"
"河合運動広場","兵庫県小野市河合中町48-2","34.889762","134.932797"
"白雲谷温泉ゆぴか","兵庫県小野市黍田町1000-1","34.820479","134.925515"
"旭丘中学校","兵庫県小野市古川町940-1","34.873306","134.949394"
"河合中学校","兵庫県小野市三和町983-2","34.870645","134.918881"
"コミュニティセンターいちば","兵庫県小野市市場町53","34.824366","134.94018"
"市場小学校","兵庫県小野市市場町816","34.829552","134.940405"
"匠台公園体育館","兵庫県小野市匠台77","34.824194","134.974544"
"匠台公園","兵庫県小野市匠台77","34.824276","134.975252"
"下東条小学校","兵庫県小野市小田上町1655","34.884983","134.995679"
"小野特別支援学校","兵庫県小野市昭和町458-1","34.876893","134.904329"
"ひまわりの丘公園","兵庫県小野市浄谷町1545-321","34.869439","134.953586"
"小野希望の丘陸上　競技場（アレオ）","兵庫県小野市浄谷町2233-1","34.85543","134.96587"
"児童館チャイコム","兵庫県小野市浄谷町2859","34.868352","134.955255"
"河合小学校","兵庫県小野市新部町904","34.877076","134.920244"
"コミュニティセンターかわい","兵庫県小野市新部町907","34.877244","134.919007"
"小野小学校","兵庫県小野市西本町477","34.843233","134.931927"
"小野高校","兵庫県小野市西本町518","34.844791","134.932902"
"小野南中学校","兵庫県小野市大島町598","34.832785","134.929119"
"小野市立図書館","兵庫県小野市中島町64","34.856689","134.939975"
"うるおい交流館エクラ","兵庫県小野市中島町72","34.857018","134.938643"
"中番小学校","兵庫県小野市中番町18","34.883341","134.972575"
"小野東小学校","兵庫県小野市天神町1185-1","34.849442","134.951723"
"コミュニティセンター　おおべ","兵庫県小野市敷地町1570-1","34.861867","134.937593"
"大部小学校","兵庫県小野市敷地町866","34.861703","134.927163"
"市民研修運動センター","兵庫県小野市福住町247-5","34.887867","134.98471"
"コミュニティセンター　下東条","兵庫県小野市福住町247-5","34.88792","134.984377"
"小野工業高校","兵庫県小野市片山町1034-1","34.846332","134.926681"
"小野中学校","兵庫県小野市本町612","34.84692","134.939551"
"上郡墓地公園","兵庫県上郡町奥甲12","34.871061","134.399324"
"旧赤松幼稚園岩木分園","兵庫県上郡町岩木乙585","34.899112","134.328046"
"高田台第２公園","兵庫県上郡町高田台3-18","34.863372","134.382678"
"上郡中学校","兵庫県上郡町山野里1178-1","34.861507","134.346115"
"山野里小学校","兵庫県上郡町山野里2142-1","34.869081","134.349241"
"山野里公民館","兵庫県上郡町山野里2423-1","34.867674","134.347434"
"ピュアランド山の里","兵庫県上郡町山野里2748-1","34.860085","134.335547"
"上郡公民館","兵庫県上郡町上郡1645-13","34.871586","134.360106"
"上郡小学校","兵庫県上郡町上郡306","34.877096","134.361094"
"生涯学習支援センター","兵庫県上郡町上郡459-1","34.877903","134.364632"
"つばき会館","兵庫県上郡町上郡500-1","34.877024","134.363501"
"赤松公民館","兵庫県上郡町苔縄67","34.896217","134.350851"
"子育て学習センター","兵庫県上郡町苔縄86-1","34.896641","134.351263"
"駅前中央公園","兵庫県上郡町大持173-19","34.865769","134.355266"
"上郡町役場第２庁舎","兵庫県上郡町大持278","34.872996","134.355781"
"スポーツセンター","兵庫県上郡町竹万29","34.86363","134.353766"
"上郡中央公園","兵庫県上郡町竹万50-4","34.861881","134.354562"
"高田公民館","兵庫県上郡町中野612-1","34.859786","134.392285"
"旧高田幼稚園","兵庫県上郡町中野708-1","34.858699","134.38993"
"高田小学校","兵庫県上郡町中野899","34.858959","134.391689"
"船坂公民館","兵庫県上郡町八保甲170-1","34.871578","134.317479"
"旧船坂小学校","兵庫県上郡町八保甲177","34.871668","134.316388"
"旧船坂幼稚園","兵庫県上郡町八保甲253-1","34.870874","134.315403"
"旧鞍居幼稚園","兵庫県上郡町野桑1275-1","34.904661","134.400269"
"鞍居公民館","兵庫県上郡町野桑1275-1","34.904423","134.400591"
"旧鞍居小学校","兵庫県上郡町野桑1303","34.904727","134.399711"
"旧梨ヶ原小学校","兵庫県上郡町梨ヶ原538","34.83673","134.313939"
"梨ヶ原公民館","兵庫県上郡町梨ヶ原550-2","34.836144","134.314204"
"高田地区運動公園","兵庫県上郡町與井722-2","34.867226","134.378599"
"芦屋坂","兵庫県新温泉町芦屋","35.623959","134.440051"
"芦屋公会堂","兵庫県新温泉町芦屋541-6","35.625196","134.44279"
"浜坂高校体育館　トレーニング室","兵庫県新温泉町芦屋853-2","35.62612","134.447067"
"浜坂海岸レクリエーションセンター","兵庫県新温泉町芦屋853-31","35.627441","134.449927"
"伊角公民館","兵庫県新温泉町伊角402","35.565536","134.535371"
"井土集落センター","兵庫県新温泉町井土959-12","35.569235","134.485736"
"越坂公民館","兵庫県新温泉町越坂267","35.511952","134.434513"
"塩山公民館","兵庫県新温泉町塩山855-1","35.522608","134.468058"
"高山公民館","兵庫県新温泉町歌長2017","35.550823","134.519222"
"数久谷公民館","兵庫県新温泉町歌長2667-1","35.562852","134.50772"
"歌長公民館","兵庫県新温泉町歌長348-1","35.546132","134.500877"
"美方郡農村総合　研修センター","兵庫県新温泉町歌長88","35.548053","134.496875"
"海上公民館","兵庫県新温泉町海上1214-6","35.503946","134.441722"
"旧国道平尾下","兵庫県新温泉町釜屋","35.617522","134.412322"
"釜屋公会堂","兵庫県新温泉町釜屋107","35.617235","134.411134"
"田中公民館","兵庫県新温泉町岸田1435-1","35.503648","134.457387"
"青下公民館","兵庫県新温泉町岸田2740","35.490956","134.464165"
"岸田公民館","兵庫県新温泉町岸田312-4","35.502669","134.461439"
"シャクナゲセンター","兵庫県新温泉町岸田3501-1","35.462046","134.476316"
"久谷民族芸能伝承館","兵庫県新温泉町久谷542-2","35.626465","134.513226"
"久斗山地区公民館","兵庫県新温泉町久斗山1274","35.583671","134.55152"
"久斗山公会堂","兵庫県新温泉町久斗山615-1","35.585104","134.549714"
"宮脇公民館","兵庫県新温泉町宮脇193","35.523397","134.443332"
"居組東浜道路","兵庫県新温泉町居組","35.613779","134.393729"
"龍神堂","兵庫県新温泉町居組1800","35.613083","134.386426"
"居組農山漁村　婦人の家","兵庫県新温泉町居組432","35.613169","134.389847"
"龍雲寺","兵庫県新温泉町居組561","35.61194","134.389065"
"居組公民館","兵庫県新温泉町居組610","35.613029","134.390948"
"大歳神社","兵庫県新温泉町居組615","35.613388","134.391463"
"居組地区公民館　（体育館）","兵庫県新温泉町居組616","35.613821","134.391486"
"境集会所","兵庫県新温泉町境154","35.595244","134.546523"
"旧大味分校","兵庫県新温泉町境375-2","35.607363","134.554373"
"桐岡公民館","兵庫県新温泉町桐岡126","35.528244","134.484594"
"今岡金屋公民館","兵庫県新温泉町金屋299-17","35.583517","134.492777"
"仁連寺集会施設","兵庫県新温泉町熊谷252","35.579001","134.507724"
"旧熊谷小学校　体育館","兵庫県新温泉町熊谷850","35.58006","134.522439"
"熊谷多目的集会　施設","兵庫県新温泉町熊谷908","35.57909","134.521302"
"古市ふれあい　センター","兵庫県新温泉町古市522","35.598716","134.476857"
"戸田公会堂","兵庫県新温泉町戸田439-1","35.614663","134.470313"
"浜坂東小学校　体育館","兵庫県新温泉町高末390-1","35.618854","134.501388"
"高末公民館","兵庫県新温泉町高末556","35.614417","134.502375"
"夢が丘中学校　体育館","兵庫県新温泉町細田38","35.562524","134.482381"
"細田公民館","兵庫県新温泉町細田463-7","35.559783","134.485575"
"下稲場（山）","兵庫県新温泉町三谷","35.616101","134.460033"
"三谷公会堂","兵庫県新温泉町三谷605","35.615017","134.457904"
"旧御火浦保育所","兵庫県新温泉町三尾164","35.654448","134.504151"
"御火浦コミュニティ　センター","兵庫県新温泉町三尾195","35.657017","134.505143"
"三尾　第１消防　格納庫","兵庫県新温泉町三尾228","35.656836","134.506286"
"椎木山駐車場","兵庫県新温泉町三尾292","35.656037","134.506319"
"指杭公会堂","兵庫県新温泉町指杭317","35.634734","134.473789"
"七釜ふれあい　センター","兵庫県新温泉町七釜790","35.610708","134.477005"
"春来公民館","兵庫県新温泉町春来1366-1","35.51494","134.535484"
"春来地区公民館（旧春小）","兵庫県新温泉町春来716-2","35.515052","134.532046"
"川部の山側","兵庫県新温泉町諸寄","35.620945","134.425779"
"日和山","兵庫県新温泉町諸寄","35.622468","134.427437"
"大谷の山","兵庫県新温泉町諸寄","35.617322","134.423821"
"１７８国道歩道横","兵庫県新温泉町諸寄105-5","35.622359","134.437066"
"浜坂西小学校　体育館","兵庫県新温泉町諸寄1181","35.610601","134.429959"
"奥町公会堂","兵庫県新温泉町諸寄1380-11","35.610806","134.426963"
"ＪＲ諸寄駅","兵庫県新温泉町諸寄306-2","35.619501","134.434362"
"浜坂漁業協同組合　諸寄支所","兵庫県新温泉町諸寄3228","35.620346","134.429205"
"為世永神社","兵庫県新温泉町諸寄3239","35.620251","134.428061"
"龍満寺","兵庫県新温泉町諸寄356","35.618938","134.434164"
"諸寄基幹集落　センター","兵庫県新温泉町諸寄739-1","35.617474","134.431631"
"八坂神社","兵庫県新温泉町諸寄766-6","35.617301","134.433048"
"鐘尾公民館","兵庫県新温泉町鐘尾574-1","35.547796","134.448003"
"新市生活改善　センター","兵庫県新温泉町新市543-3","35.601072","134.479098"
"正法庵生活改善　センター","兵庫県新温泉町正法庵377-1","35.608182","134.505911"
"清富集会所","兵庫県新温泉町清富417","35.625423","134.463099"
"相応峰寺","兵庫県新温泉町清富797-3","35.62856","134.463027"
"石橋公民館","兵庫県新温泉町石橋576-2","35.506926","134.451746"
"上山高原ふるさと館　体育館","兵庫県新温泉町石橋745","35.505779","134.454996"
"赤崎公民館","兵庫県新温泉町赤崎618-1","35.641068","134.492499"
"赤崎地区公民館　（体育館）","兵庫県新温泉町赤崎631","35.640315","134.4919"
"赤崎コミュニティ　消防センター","兵庫県新温泉町赤崎87-1","35.641122","134.499846"
"切畑公民館","兵庫県新温泉町切畑216","35.517509","134.501881"
"千原公民館","兵庫県新温泉町千原678","35.551947","134.456031"
"旧八田小学校　体育館","兵庫県新温泉町千谷36","35.53507","134.440297"
"前公民館","兵庫県新温泉町前430","35.51117","134.451806"
"多子公民館","兵庫県新温泉町多子416-1","35.524342","134.496547"
"対田生活改善　センター","兵庫県新温泉町対田864","35.623715","134.489122"
"丹土公民館","兵庫県新温泉町丹土589","35.522064","134.486916"
"後山公民館","兵庫県新温泉町竹田1944-1","35.58482","134.462811"
"竹田公民館","兵庫県新温泉町竹田466-1","35.562354","134.471784"
"中辻公民館","兵庫県新温泉町中辻334","35.517768","134.48012"
"田井公園","兵庫県新温泉町田井250-1","35.630192","134.476013"
"田井高齢者若者　センター","兵庫県新温泉町田井650-1","35.635807","134.482258"
"湯集会施設","兵庫県新温泉町湯1277-1","35.555459","134.489211"
"温泉小学校　体育館","兵庫県新温泉町湯28","35.557001","134.485779"
"夢ホール","兵庫県新温泉町湯990-8","35.552915","134.491731"
"藤尾公会堂","兵庫県新温泉町藤尾534","35.607047","134.52006"
"栃谷公会堂","兵庫県新温泉町栃谷362-3","35.606928","134.471805"
"浜坂南小学校　体育館","兵庫県新温泉町栃谷402-3","35.608242","134.471091"
"田君集落センター","兵庫県新温泉町栃谷808-1","35.60002","134.467718"
"内山公民館","兵庫県新温泉町内山763","35.518222","134.439303"
"福祉センター","兵庫県新温泉町二日市216-4","35.617804","134.475639"
"大庭認定こども園","兵庫県新温泉町二日市753-1","35.618816","134.474545"
"二日市高齢者等　活性化センター","兵庫県新温泉町二日市924-1","35.616859","134.475928"
"農村環境改善　センター","兵庫県新温泉町飯野941","35.53173","134.4685"
"秋葉山","兵庫県新温泉町浜坂","35.617643","134.455752"
"浜坂北小学校　体育館","兵庫県新温泉町浜坂1101","35.622991","134.448924"
"ユートピア浜坂","兵庫県新温泉町浜坂1352-1","35.626019","134.453854"
"高田記念碑","兵庫県新温泉町浜坂1711-2","35.626232","134.451278"
"サンシーホール　浜坂","兵庫県新温泉町浜坂1903-1","35.622605","134.45094"
"文化会館","兵庫県新温泉町浜坂2135-1","35.621084","134.453942"
"新温泉町商工会館","兵庫県新温泉町浜坂2143-10","35.620712","134.453148"
"Ｂ＆Ｇ海洋センター","兵庫県新温泉町浜坂2431","35.619858","134.450354"
"浜坂体育センター","兵庫県新温泉町浜坂2440-1","35.619404","134.449142"
"浜坂子育て支援　センター","兵庫県新温泉町浜坂2669-11","35.623527","134.448322"
"浜坂多目的集会　施設","兵庫県新温泉町浜坂2673-1","35.623926","134.448923"
"秋葉台公園","兵庫県新温泉町浜坂320-67","35.616705","134.456422"
"浜坂中学校体育館","兵庫県新温泉町浜坂77-1","35.617809","134.448886"
"浜坂認定こども園","兵庫県新温泉町浜坂834-1","35.623875","134.455355"
"荒神社","兵庫県新温泉町浜坂１３１３地先","35.624635","134.452426"
"福富集会所","兵庫県新温泉町福富421","35.620596","134.471971"
"辺地集会所","兵庫県新温泉町辺地351","35.61408","134.512206"
"用土ふれあい　センター","兵庫県新温泉町用土131-1","35.59176","134.486541"
"和田公会堂","兵庫県新温泉町和田525-1","35.639112","134.505632"
"粟賀町公民館","兵庫県神河町粟賀町389","35.066949","134.775843"
"神崎小学校","兵庫県神河町粟賀町611","35.069119","134.772168"
"越知谷アクティブセンター","兵庫県神河町越知242-1","35.115423","134.836618"
"越知公民館","兵庫県神河町越知305-1","35.116869","134.836686"
"加納営農センター","兵庫県神河町加納232","35.057703","134.765934"
"貝野営農センター","兵庫県神河町貝野435-1","35.044109","134.764178"
"岩屋公民館","兵庫県神河町岩屋141-1","35.095185","134.836402"
"吉冨集落センター","兵庫県神河町吉冨1451","35.076801","134.775988"
"天理教神崎大教会","兵庫県神河町吉冨1606","35.072717","134.776146"
"宮野公民館","兵庫県神河町宮野288-15","35.079691","134.713944"
"栗区公民館","兵庫県神河町栗12-1","35.11699","134.746639"
"高朝田集落農事集会所","兵庫県神河町高朝田228","35.07009","134.721123"
"センター根宇野","兵庫県神河町根宇野532-4","35.083539","134.820166"
"作畑秀峰館","兵庫県神河町作畑519","35.155717","134.859471"
"作畑観音堂","兵庫県神河町作畑594","35.15374","134.858367"
"山田区新生館","兵庫県神河町山田522","35.075513","134.794006"
"地域交流館（寺前）","兵庫県神河町寺前200-1","35.067321","134.740771"
"寺前小学校","兵庫県神河町寺前435-1","35.067059","134.7385"
"寺野公民館","兵庫県神河町寺野258","35.051799","134.758276"
"上岩憩いの館","兵庫県神河町上岩104-1","35.065311","134.734245"
"上岩多目的集会所","兵庫県神河町上岩132-3","35.064798","134.73315"
"神河中学校","兵庫県神河町上岩25-1","35.06459","134.736817"
"上小田活動促進センター","兵庫県神河町上小田412-1","35.110772","134.676802"
"新田公民館","兵庫県神河町新田126","35.162134","134.873678"
"新田ふるさと村管理棟","兵庫県神河町新田340-1","35.169171","134.880395"
"新野公民館","兵庫県神河町新野732","35.049793","134.749958"
"杉営農センター","兵庫県神河町杉462","35.097516","134.779902"
"天理教神大分教会","兵庫県神河町杉765","35.094722","134.779178"
"川上文化会館","兵庫県神河町川上477-3","35.15486","134.709962"
"大河構造改善センター","兵庫県神河町大河433-2","35.086188","134.743161"
"大山なかよし会館","兵庫県神河町大山662-1","35.110065","134.783807"
"大畑コミュニティーセンター","兵庫県神河町大畑319-1","35.129622","134.852247"
"鍛治中央集会所","兵庫県神河町鍛治243-1","35.069702","134.74457"
"中村ドリームホール","兵庫県神河町中村426-1","35.070681","134.782587"
"猪篠集落センター","兵庫県神河町猪篠1407","35.126337","134.792469"
"重行集会所","兵庫県神河町長谷1135-1","35.11412","134.743962"
"為信公民館","兵庫県神河町長谷1215-11","35.108293","134.740548"
"峠公民館","兵庫県神河町長谷1380-5","35.103489","134.738483"
"大川原集会所","兵庫県神河町長谷182-1","35.123752","134.72574"
"本村公民館","兵庫県神河町長谷598-3","35.121017","134.740695"
"長谷小学校","兵庫県神河町長谷647","35.119935","134.742574"
"赤田多目的集会所","兵庫県神河町長谷819-1","35.122857","134.748872"
"センター長谷　（２階部分のみ）","兵庫県神河町長谷925-2","35.118263","134.744215"
"町民体育館","兵庫県神河町長谷999-3","35.117955","134.740732"
"東柏尾集落センター","兵庫県神河町東柏尾543","35.062126","134.762994"
"旧南小田小学校体育館","兵庫県神河町南小田1233-2","35.095294","134.714861"
"南小田農村環境改善センター","兵庫県神河町南小田912-1","35.096298","134.71534"
"柏尾ふれあい館","兵庫県神河町柏尾419-3","35.05861","134.755064"
"比延ふれあい集会所","兵庫県神河町比延108-1","35.064024","134.743476"
"比延公民館","兵庫県神河町比延277-3","35.060369","134.740984"
"神崎高校体育館","兵庫県神河町福本488-1","35.058593","134.772341"
"福本揚羽ホール","兵庫県神河町福本534","35.056956","134.773797"
"野村多目的集会所","兵庫県神河町野村244","35.05161","134.755514"
"野村集会所","兵庫県神河町野村262","35.05103","134.754061"
"渕公民館","兵庫県神河町渕139-2","35.133266","134.759781"
"須磨浦公園","兵庫県神戸市須磨区一ノ谷町5","34.638653","135.102554"
"須磨一の谷プラザ","兵庫県神戸市須磨区一ノ谷町5-2-1","34.641179","135.106092"
"横尾中学校","兵庫県神戸市須磨区横尾2-1-2","34.672824","135.115745"
"横尾小学校","兵庫県神戸市須磨区横尾5-3","34.670425","135.111568"
"板宿小学校","兵庫県神戸市須磨区菊池町1-1-1","34.663162","135.133554"
"妙法寺川公園","兵庫県神戸市須磨区戸政町1","34.656148","135.130654"
"西須磨小学校","兵庫県神戸市須磨区行幸町3-4-18","34.646473","135.12087"
"高倉中学校","兵庫県神戸市須磨区高倉台1-8-1","34.653541","135.108142"
"高倉台小学校","兵庫県神戸市須磨区高倉台4-1-1","34.656263","135.104119"
"須磨海浜公園","兵庫県神戸市須磨区若宮町1","34.643536","135.126225"
"若宮小学校","兵庫県神戸市須磨区若宮町2-1-21","34.646144","135.131547"
"若草小学校","兵庫県神戸市須磨区若草町1-13","34.687636","135.114872"
"神の谷小学校","兵庫県神戸市須磨区神の谷5-1-1","34.688502","135.085461"
"菅の台小学校","兵庫県神戸市須磨区菅の台4-3-2","34.672194","135.083698"
"須磨翔風高校","兵庫県神戸市須磨区西落合1-1-5","34.677993","135.088792"
"西落合中学校","兵庫県神戸市須磨区西落合4-1-1","34.685142","135.082456"
"西落合小学校","兵庫県神戸市須磨区西落合7-1-3","34.681937","135.089234"
"南須磨公民館","兵庫県神戸市須磨区青葉町2-2-3","34.648817","135.133324"
"鷹取中学校","兵庫県神戸市須磨区青葉町3-1-1","34.647948","135.132603"
"千歳公園","兵庫県神戸市須磨区千歳町2","34.655868","135.139295"
"多井畑自治会館","兵庫県神戸市須磨区多井畑字東所22","34.660877","135.093175"
"太田中学校","兵庫県神戸市須磨区大黒町5-1-1","34.657663","135.132903"
"飛松中学校","兵庫県神戸市須磨区大手町8-4-25","34.658274","135.125734"
"妙法寺川左岸公園","兵庫県神戸市須磨区大池町5-1","34.650442","135.131282"
"だいち小学校グラウンド","兵庫県神戸市須磨区大池町5-15-1","34.653691","135.134587"
"だいち小学校","兵庫県神戸市須磨区大池町5-15-1","34.654255","135.134283"
"鷹取駅北公園","兵庫県神戸市須磨区大池町5-7","34.654484","135.135423"
"下中島公園","兵庫県神戸市須磨区中島町1","34.651297","135.129794"
"須磨体育館","兵庫県神戸市須磨区中島町1-2-2","34.650753","135.128967"
"北須磨文化センター","兵庫県神戸市須磨区中落合3-1-2","34.683935","135.095441"
"須磨離宮公園","兵庫県神戸市須磨区東須磨1-1","34.652747","135.117913"
"須磨北中学校","兵庫県神戸市須磨区東白川台5-1-1","34.692028","135.11021"
"花谷小学校","兵庫県神戸市須磨区東落合1-4-1","34.680073","135.101297"
"東落合中学校","兵庫県神戸市須磨区東落合2-15-1","34.682399","135.099449"
"東落合小学校","兵庫県神戸市須磨区東落合2-18-1","34.685229","135.100969"
"南落合小学校","兵庫県神戸市須磨区南落合3-11-1","34.676308","135.101466"
"白川台中学校","兵庫県神戸市須磨区白川台1-25-2","34.69275","135.096441"
"白川小学校","兵庫県神戸市須磨区白川台7-3-2","34.696079","135.100602"
"松尾小学校","兵庫県神戸市須磨区北落合2-13-1","34.686617","135.091723"
"東須磨小学校","兵庫県神戸市須磨区堀池町1-2-1","34.654805","135.127648"
"妙法寺小学校","兵庫県神戸市須磨区妙法寺字桜界地106-1","34.676086","135.117215"
"須磨友が丘高校","兵庫県神戸市須磨区友が丘1-1-5","34.66818","135.10146"
"多井畑小学校","兵庫県神戸市須磨区友が丘3-106","34.668878","135.094342"
"友が丘中学校","兵庫県神戸市須磨区友が丘7-283-1","34.673127","135.099497"
"北須磨小学校","兵庫県神戸市須磨区離宮西町2-1-1","34.652647","135.115271"
"竜が台中学校","兵庫県神戸市須磨区竜が台4-1","34.675591","135.088223"
"竜が台小学校","兵庫県神戸市須磨区竜が台6-15-1","34.674541","135.091161"
"神戸星城高校","兵庫県神戸市須磨区緑ヶ丘1-12-1","34.682013","135.116262"
"つつじが丘小学校","兵庫県神戸市垂水区つつじが丘3-1385-79","34.657438","135.078678"
"塩屋小学校","兵庫県神戸市垂水区塩屋町3-18-1","34.637992","135.081316"
"兵庫県自治研修所","兵庫県神戸市垂水区塩屋町5-3-1","34.633111","135.077551"
"塩屋中学校","兵庫県神戸市垂水区塩屋町字大谷","34.643933","135.077122"
"塩屋中学校グラウンド","兵庫県神戸市垂水区塩屋町字大谷","34.643464","135.077542"
"塩屋北小学校","兵庫県神戸市垂水区塩屋北町4-10-1","34.647028","135.090654"
"東垂水小学校","兵庫県神戸市垂水区王居殿2-5-25","34.634826","135.071186"
"福田小学校","兵庫県神戸市垂水区乙木3-3-1","34.641164","135.066574"
"下畑公会堂","兵庫県神戸市垂水区下畑町字谷川2120","34.653009","135.085763"
"歌敷山中学校","兵庫県神戸市垂水区歌敷山2-4-1","34.636394","135.041261"
"霞ヶ丘小学校","兵庫県神戸市垂水区霞ヶ丘4-6-16","34.63337","135.042758"
"アジュール舞子","兵庫県神戸市垂水区海岸通11","34.628424","135.040071"
"マリンピア神戸","兵庫県神戸市垂水区海岸通12","34.626427","135.049261"
"多聞東中学校","兵庫県神戸市垂水区学が丘3-1-1","34.654671","135.054224"
"舞子高校","兵庫県神戸市垂水区学が丘3-2","34.655965","135.055107"
"多聞東小学校","兵庫県神戸市垂水区学が丘4-1-1","34.658628","135.055262"
"矢元台公園","兵庫県神戸市垂水区狩口台2-7","34.649476","135.025682"
"舞子中学校","兵庫県神戸市垂水区狩口台3-1-1","34.649665","135.029806"
"舞子中学校グラウンド","兵庫県神戸市垂水区狩口台3-1-1","34.649421","135.029598"
"西舞子小学校","兵庫県神戸市垂水区狩口台3-1-2","34.649732","135.030737"
"西舞子小学校グラウンド","兵庫県神戸市垂水区狩口台3-1-2","34.649253","135.030792"
"小束山小学校","兵庫県神戸市垂水区小束山7-868-362","34.666489","135.061267"
"垂水中学校","兵庫県神戸市垂水区上高丸1-4-1","34.640816","135.051602"
"千代が丘小学校","兵庫県神戸市垂水区上高丸1-4-2","34.641092","135.051794"
"視覚特別支援学校","兵庫県神戸市垂水区城が山4-2-1","34.633196","135.069284"
"神陵台小学校","兵庫県神戸市垂水区神陵台3-1-1","34.659892","135.034064"
"神陵台中学校","兵庫県神戸市垂水区神陵台3-1-2","34.660142","135.033228"
"神戸商業高校","兵庫県神戸市垂水区星陵台4-3-1","34.643852","135.047747"
"星陵高校","兵庫県神戸市垂水区星陵台4-3-2","34.64491","135.049577"
"星陵台中学校","兵庫県神戸市垂水区星陵台4-3-3","34.64653","135.047894"
"舞子小学校","兵庫県神戸市垂水区西舞子4-7-43","34.643524","135.030062"
"西脇小学校","兵庫県神戸市垂水区西脇1-8-6","34.656003","135.038758"
"垂水東中学校","兵庫県神戸市垂水区青山台3-4-1","34.640972","135.072192"
"青山台東公園","兵庫県神戸市垂水区青山台4-1","34.642753","135.075672"
"千鳥が丘小学校","兵庫県神戸市垂水区千鳥が丘3-10-37","34.643344","135.058176"
"多聞台小学校","兵庫県神戸市垂水区多聞台3-9-29","34.662153","135.040405"
"高丸小学校","兵庫県神戸市垂水区大町2-6-9","34.638138","135.061326"
"東垂水公民館","兵庫県神戸市垂水区東垂水1-1-1","34.636839","135.068434"
"下畑台小学校","兵庫県神戸市垂水区桃山台3-20","34.656051","135.083057"
"桃山台中学校","兵庫県神戸市垂水区桃山台4-8","34.657918","135.079766"
"垂水小学校","兵庫県神戸市垂水区日向2-4-6","34.631576","135.055877"
"乙木小学校","兵庫県神戸市垂水区美山台2-1-1","34.640331","135.070961"
"東舞子小学校","兵庫県神戸市垂水区舞子台4-10-1","34.63935","135.036497"
"舞子墓園","兵庫県神戸市垂水区舞子陵1-1","34.64705","135.045903"
"舞多聞小学校","兵庫県神戸市垂水区舞多聞西5-11-12","34.66687","135.049208"
"神戸聴覚特別支援学校","兵庫県神戸市垂水区福田1-3-1","34.640439","135.063445"
"平磯緑地","兵庫県神戸市垂水区平磯1","34.628373","135.063143"
"平磯芝生広場","兵庫県神戸市垂水区平磯1","34.627544","135.061684"
"垂水体育館","兵庫県神戸市垂水区平磯1-1-56","34.626278","135.060136"
"垂水年金会館","兵庫県神戸市垂水区平磯1-2-5","34.628079","135.059012"
"本多聞中学校","兵庫県神戸市垂水区本多聞2-16-1","34.656598","135.046083"
"多聞の丘小学校","兵庫県神戸市垂水区本多聞5-2-1","34.652868","135.046627"
"名谷小学校","兵庫県神戸市垂水区名谷町1896","34.663317","135.070986"
"福田中学校","兵庫県神戸市垂水区名谷町字猿倉254","34.651583","135.060567"
"伊川谷中学校","兵庫県神戸市西区伊川谷町上脇1005-2","34.677962","135.019301"
"太山寺小学校","兵庫県神戸市西区伊川谷町前開860","34.696252","135.055345"
"長坂中学校","兵庫県神戸市西区伊川谷町長坂841-1","34.670713","135.037416"
"長坂小学校","兵庫県神戸市西区伊川谷町長坂910-1","34.669052","135.037539"
"伊川谷高校","兵庫県神戸市西区伊川谷町長坂910-5","34.670943","135.035691"
"有瀬小学校","兵庫県神戸市西区伊川谷町有瀬1137-1","34.664133","135.01864"
"井吹台中学校","兵庫県神戸市西区井吹台西町2-3","34.696824","135.030316"
"井吹西小学校","兵庫県神戸市西区井吹台西町4-3","34.693468","135.022859"
"井吹東小学校","兵庫県神戸市西区井吹台東町5-32","34.704023","135.038016"
"井吹の丘小学校","兵庫県神戸市西区井吹台北町2-18","34.705529","135.030916"
"押部谷中学校","兵庫県神戸市西区押部谷町押部722","34.757376","135.044364"
"高和小学校","兵庫県神戸市西区押部谷町高和565","34.741123","135.012818"
"押部谷小学校","兵庫県神戸市西区押部谷町福住552-3","34.755673","135.037609"
"王塚台中学校","兵庫県神戸市西区王塚台4-58","34.674103","134.973544"
"小寺小学校","兵庫県神戸市西区学園西町5-5","34.683735","135.054545"
"兵庫県立大学","兵庫県神戸市西区学園西町8-2-1","34.678247","135.052078"
"太山寺中学校","兵庫県神戸市西区学園東町2-2","34.684667","135.060581"
"東町小学校","兵庫県神戸市西区学園東町5-5","34.684406","135.064839"
"工業高等専門学校","兵庫県神戸市西区学園東町8-3","34.679324","135.067536"
"神戸市外国語大学","兵庫県神戸市西区学園東町9-1","34.679809","135.060403"
"樫野台小学校","兵庫県神戸市西区樫野台3-3-1","34.706514","135.00163"
"岩岡中学校","兵庫県神戸市西区岩岡町古郷249-1","34.716282","134.943379"
"岩岡小学校","兵庫県神戸市西区岩岡町古郷267","34.718229","134.944293"
"高津橋小学校","兵庫県神戸市西区玉津町高津橋640-1","34.670259","134.994975"
"玉津中学校","兵庫県神戸市西区玉津町今津364","34.678347","134.992486"
"玉津南公民館","兵庫県神戸市西区玉津町上池314","34.660249","134.990818"
"月が丘小学校","兵庫県神戸市西区月が丘7-2","34.759549","135.049125"
"桜が丘小学校","兵庫県神戸市西区桜が丘中町3-3-2","34.745191","135.058391"
"桜が丘中学校","兵庫県神戸市西区桜が丘東町2-11-1","34.748738","135.060821"
"木津小学校","兵庫県神戸市西区桜が丘東町5-149-31","34.743254","135.065402"
"枝吉小学校","兵庫県神戸市西区枝吉2-95","34.664768","134.977863"
"狩場台小学校","兵庫県神戸市西区狩場台3-6-1","34.72279","135.032394"
"平野中学校","兵庫県神戸市西区春日台2-20","34.709669","134.998208"
"春日台小学校","兵庫県神戸市西区春日台4-1","34.708808","134.995716"
"西体育館","兵庫県神戸市西区春日台5-436","34.702914","134.989009"
"玉津第一小学校","兵庫県神戸市西区小山1-4-1","34.68478","134.987798"
"神出小学校","兵庫県神戸市西区神出町田井444","34.747371","134.987733"
"神出中学校","兵庫県神戸市西区神出町東1167","34.754814","134.996443"
"竹の台小学校","兵庫県神戸市西区竹の台2-10-2","34.712663","135.012781"
"西神中学校","兵庫県神戸市西区竹の台5-21","34.714208","135.009673"
"出合小学校","兵庫県神戸市西区中野1-22-1","34.677403","134.972671"
"櫨谷小学校","兵庫県神戸市西区櫨谷町池谷203-2","34.710042","135.025605"
"美賀多台小学校","兵庫県神戸市西区美賀多台6-1","34.719957","135.005615"
"平野小学校","兵庫県神戸市西区平野町宮前301","34.706215","134.982025"
"北山小学校","兵庫県神戸市西区北山台3-26-1","34.762702","135.031393"
"伊川谷小学校","兵庫県神戸市西区北別府3-3-1","34.67194","135.012388"
"櫨谷中学校","兵庫県神戸市西区糀台1-2","34.717944","135.028627"
"糀台小学校","兵庫県神戸市西区糀台3-32-1","34.719746","135.023469"
"こうべ市民福祉交流センター","兵庫県神戸市中央区磯上通3-1-32","34.692864","135.201768"
"東遊園地","兵庫県神戸市中央区加納町6-4","34.6888","135.196064"
"王子南公園","兵庫県神戸市中央区宮本通1-2-17","34.706453","135.21398"
"宮本小学校","兵庫県神戸市中央区宮本通2-1-36","34.70672","135.211773"
"春日野小学校","兵庫県神戸市中央区宮本通7-1-6","34.705435","135.206333"
"春日野公園","兵庫県神戸市中央区宮本通7-2-17","34.706023","135.206055"
"葺合中学校グラウンド","兵庫県神戸市中央区熊内町1-4-28","34.70724","135.203314"
"葺合中学校","兵庫県神戸市中央区熊内町1-4-28","34.707297","135.203236"
"雲中小学校","兵庫県神戸市中央区熊内町3-1-7","34.705967","135.200154"
"布引中学校","兵庫県神戸市中央区熊内町6-7-1","34.709408","135.199157"
"布引中学校グラウンド","兵庫県神戸市中央区熊内町6-7-1","34.709185","135.19956"
"こうべまちづくり会館","兵庫県神戸市中央区元町通4-2-14","34.686097","135.182907"
"コミスタこうべ（生涯学習支援センター）","兵庫県神戸市中央区吾妻通4-1-6","34.698356","135.204869"
"神戸学院大学","兵庫県神戸市中央区港島1-1-3","34.669463","135.203994"
"義務教育学校港島学園","兵庫県神戸市中央区港島中町3-2-2","34.669657","135.214099"
"神戸国際展示場","兵庫県神戸市中央区港島中町6-11-1","34.66373","135.212607"
"ポートアイランドスポーツセンター","兵庫県神戸市中央区港島中町6-12-1","34.663108","135.210735"
"ワールド記念ホール","兵庫県神戸市中央区港島中町6-12-2","34.663988","135.210171"
"バンドー神戸青少年科学館","兵庫県神戸市中央区港島中町7-7-6","34.665996","135.218284"
"海外移住と文化の交流センター","兵庫県神戸市中央区山本通3-19-8","34.697423","135.184637"
"神戸震災復興記念公園（みなとのもり公園）","兵庫県神戸市中央区小野浜町3","34.686751","135.200848"
"葺合公民館","兵庫県神戸市中央区真砂通2-1-1","34.694983","135.204535"
"中央小学校","兵庫県神戸市中央区神若通7-1-1","34.701742","135.199691"
"こうべ小学校","兵庫県神戸市中央区中山手通4-23-2","34.693207","135.182812"
"山の手小学校","兵庫県神戸市中央区中山手通7-31-1","34.690649","135.175729"
"産業振興センター","兵庫県神戸市中央区東川崎1-8-4","34.680603","135.181796"
"湊小学校","兵庫県神戸市中央区東川崎町1-4-1","34.676898","135.180851"
"中央体育館","兵庫県神戸市中央区楠町4-1-1","34.682789","135.174429"
"湊翔楠中学校グラウンド","兵庫県神戸市中央区楠町4-2-5","34.68383","135.172215"
"湊翔楠中学校","兵庫県神戸市中央区楠町4-2-5","34.683997","135.171647"
"中央図書館","兵庫県神戸市中央区楠町7-2-1","34.685625","135.174149"
"大倉山公園","兵庫県神戸市中央区楠町7-4","34.686397","135.172924"
"メリケンパーク","兵庫県神戸市中央区波止場町2","34.682383","135.18963"
"磯上公園","兵庫県神戸市中央区八幡通2-1","34.691486","135.199181"
"磯上体育館","兵庫県神戸市中央区八幡通2-1-38","34.692081","135.199364"
"神戸生田中学校","兵庫県神戸市中央区北長狭通4-10-1","34.689991","135.185664"
"浄福寺","兵庫県神戸市中央区北野町4-11-19","34.700165","135.188154"
"葺合高校グラウンド","兵庫県神戸市中央区野崎通1-1-1","34.710187","135.210579"
"葺合高校","兵庫県神戸市中央区野崎通1-1-1","34.711011","135.210284"
"上筒井小学校","兵庫県神戸市中央区野崎通1-1-2","34.709922","135.211417"
"上筒井小学校グラウンド","兵庫県神戸市中央区野崎通1-1-2","34.710488","135.211421"
"筒井台中学校グラウンド","兵庫県神戸市中央区野崎通1-1-3","34.709714","135.210736"
"筒井台中学校","兵庫県神戸市中央区野崎通1-1-3","34.709714","135.210736"
"なぎさ公園","兵庫県神戸市中央区脇浜海岸通1-2","34.696922","135.214607"
"渚中学校グラウンド","兵庫県神戸市中央区脇浜海岸通2-1-1","34.70072","135.21726"
"渚中学校","兵庫県神戸市中央区脇浜海岸通2-1-1","34.700468","135.21757"
"なぎさ小学校グラウンド","兵庫県神戸市中央区脇浜海岸通2-4-1","34.697894","135.210664"
"なぎさ小学校","兵庫県神戸市中央区脇浜海岸通2-4-1","34.697743","135.211012"
"生田川公園（ＨＡＴゆめ公園）","兵庫県神戸市中央区脇浜海岸通3","34.693454","135.204722"
"脇浜海岸通公園","兵庫県神戸市中央区脇浜海岸通4-2","34.695005","135.209196"
"科学技術高校","兵庫県神戸市中央区脇浜町1-4-70","34.704303","135.213526"
"御蔵小学校","兵庫県神戸市長田区一番町4-1","34.666369","135.155042"
"雲雀丘中学校","兵庫県神戸市長田区雲雀ヶ丘1-1-1","34.691523","135.134313"
"真野小学校","兵庫県神戸市長田区苅藻通3-4-32","34.657031","135.154077"
"総合療育センター","兵庫県神戸市長田区丸山町2-3-50","34.683369","135.140081"
"五位の池小学校","兵庫県神戸市長田区五位ノ池町2-3-1","34.666066","135.136351"
"高取台中学校","兵庫県神戸市長田区高取山町1-1-1","34.671381","135.137235"
"新湊川公園","兵庫県神戸市長田区細田町1","34.663725","135.151074"
"神楽公園","兵庫県神戸市長田区細田町1-2","34.663049","135.15059"
"長田公民館","兵庫県神戸市長田区四番町4-51","34.669757","135.154554"
"駅前広場","兵庫県神戸市長田区若松町4-2","34.657152","135.145467"
"若松公園","兵庫県神戸市長田区若松町6-3","34.655411","135.143946"
"駒ヶ林中学校グラウンド","兵庫県神戸市長田区若松町7-1-23","34.654677","135.143413"
"駒ヶ林中学校","兵庫県神戸市長田区若松町7-1-23","34.655136","135.14346"
"西代中学校","兵庫県神戸市長田区上池田2-4-1","34.668181","135.139669"
"長田中学校","兵庫県神戸市長田区真野町8-1","34.661413","135.153109"
"長田南小学校グラウンド","兵庫県神戸市長田区神楽町1-3-1","34.662079","135.150596"
"長田南小学校","兵庫県神戸市長田区神楽町1-3-1","34.661837","135.149854"
"水笠通公園","兵庫県神戸市長田区水笠通2","34.660314","135.143986"
"丸山コミュニティ・センター","兵庫県神戸市長田区西丸山町1-7-5","34.685991","135.140907"
"丸山ひばり小学校","兵庫県神戸市長田区西丸山町3-2-1","34.686435","135.137591"
"長田小学校","兵庫県神戸市長田区西山町2-4-1","34.672514","135.142882"
"室内小学校","兵庫県神戸市長田区前原町1-17-1","34.673541","135.154099"
"丸山中学校","兵庫県神戸市長田区大丸町2-17-1","34.678002","135.148734"
"蓮池小学校グラウンド","兵庫県神戸市長田区大谷町1-1-10","34.662672","135.143664"
"蓮池小学校","兵庫県神戸市長田区大谷町1-1-10","34.662435","135.143213"
"神戸常盤大学","兵庫県神戸市長田区大谷町2-6-2","34.665496","135.141183"
"池田小学校","兵庫県神戸市長田区池田上町19","34.667881","135.14493"
"長田高校","兵庫県神戸市長田区池田谷町2-5","34.670242","135.143532"
"宮川小学校","兵庫県神戸市長田区長田町4-1-1","34.672226","135.147289"
"育英高校","兵庫県神戸市長田区長尾町2-1-15","34.668484","135.134808"
"真陽小学校","兵庫県神戸市長田区二葉町1-5-5","34.655502","135.151287"
"ふたば学舎","兵庫県神戸市長田区二葉町7-1-18","34.651771","135.146261"
"夢野台高校","兵庫県神戸市長田区房王寺町2-1-1","34.67659","135.152822"
"名倉小学校","兵庫県神戸市長田区房王寺町4-7-15","34.67995","135.147926"
"駒ケ林小学校","兵庫県神戸市長田区野田町6-1-16","34.650031","135.141465"
"西代蓮池公園","兵庫県神戸市長田区蓮池町","34.664127","135.144046"
"渦が森小学校グラウンド","兵庫県神戸市東灘区渦森台1-12-1","34.738836","135.250661"
"渦が森小学校","兵庫県神戸市東灘区渦森台1-12-1","34.738983","135.250349"
"本山中学校グラウンド","兵庫県神戸市東灘区岡本3-3-1","34.725118","135.270999"
"本山中学校","兵庫県神戸市東灘区岡本3-3-1","34.725633","135.27094"
"甲南大学","兵庫県神戸市東灘区岡本8-9-1","34.729734","135.267992"
"魚崎小学校","兵庫県神戸市東灘区魚崎中町4-10-8","34.714966","135.271257"
"瀬戸公園","兵庫県神戸市東灘区魚崎南町1-2","34.71274","135.280151"
"魚崎中学校グラウンド","兵庫県神戸市東灘区魚崎南町1-2-1","34.713409","135.279686"
"魚崎中学校","兵庫県神戸市東灘区魚崎南町1-2-1","34.71312","135.279051"
"東灘体育館","兵庫県神戸市東灘区魚崎南町6-5-11","34.714666","135.278116"
"灘中・高校","兵庫県神戸市東灘区魚崎北町8-5-1","34.719164","135.268454"
"御影北小学校","兵庫県神戸市東灘区御影山手1-12-1","34.724354","135.249057"
"頌栄短期大学","兵庫県神戸市東灘区御影山手1-18-1","34.727443","135.249139"
"御影小学校グラウンド","兵庫県神戸市東灘区御影石町3-1-1","34.714422","135.251671"
"御影小学校","兵庫県神戸市東灘区御影石町3-1-1","34.714811","135.251508"
"御影幼稚園グラウンド","兵庫県神戸市東灘区御影石町3-13-1","34.71536","135.250917"
"御影高校","兵庫県神戸市東灘区御影石町4-1-1","34.716961","135.250575"
"御影公会堂","兵庫県神戸市東灘区御影石町4-4-1","34.716071","135.249251"
"御影公園","兵庫県神戸市東灘区御影中町5-1","34.714992","135.254177"
"御影中学校","兵庫県神戸市東灘区御影中町5-1-1","34.715942","135.253533"
"御影中学校グラウンド","兵庫県神戸市東灘区御影中町5-1-1","34.715645","135.253556"
"向洋中学校","兵庫県神戸市東灘区向洋町中2","34.689936","135.274063"
"六甲アイランド小学校","兵庫県神戸市東灘区向洋町中2-7","34.688856","135.274499"
"六甲アイランド高校","兵庫県神戸市東灘区向洋町中4-4","34.684139","135.271153"
"向洋小学校","兵庫県神戸市東灘区向洋町中6","34.687681","135.264494"
"住之江公民館別館","兵庫県神戸市東灘区住吉宮町2-1-3","34.714302","135.264677"
"住之江公民館","兵庫県神戸市東灘区住吉宮町2-2-3","34.713975","135.263656"
"住吉宮町公園","兵庫県神戸市東灘区住吉宮町3-2","34.716795","135.263573"
"住吉公園","兵庫県神戸市東灘区住吉宮町3-3","34.716236","135.262428"
"住吉中学校","兵庫県神戸市東灘区住吉山手1-11-1","34.725863","135.258721"
"神大附属中等教育学校","兵庫県神戸市東灘区住吉山手5-11-1","34.732023","135.254499"
"神大附属中等教育学校グラウンド","兵庫県神戸市東灘区住吉山手5-11-1","34.731646","135.254327"
"同朋住吉台こども園","兵庫県神戸市東灘区住吉台25-7","34.738617","135.256799"
"住吉小学校","兵庫県神戸市東灘区住吉東町4-1-31","34.716896","135.264715"
"住吉小学校グラウンド","兵庫県神戸市東灘区住吉東町4-1-31","34.716896","135.264715"
"呉田会館","兵庫県神戸市東灘区住吉南町4-6-23","34.710787","135.262487"
"甲南小学校","兵庫県神戸市東灘区住吉本町1-12-1","34.721866","135.264386"
"森公園","兵庫県神戸市東灘区森南町2-10","34.729851","135.290864"
"甲南女子中・高校","兵庫県神戸市東灘区森北町5-6-1","34.734921","135.291729"
"甲南女子大学","兵庫県神戸市東灘区森北町6-2-23","34.734802","135.287471"
"神戸大学海洋政策科学部","兵庫県神戸市東灘区深江南町5-1-1","34.718744","135.288358"
"東灘高校","兵庫県神戸市東灘区深江浜町50","34.709979","135.301049"
"東灘小学校","兵庫県神戸市東灘区深江北町2-4-1","34.724528","135.294648"
"本山第二小学校","兵庫県神戸市東灘区西岡本1-3-1","34.725327","135.269576"
"本山第二小学校グラウンド","兵庫県神戸市東灘区西岡本1-3-1","34.724899","135.26974"
"ＫＯＢＥ　ＵＮＩＶＥＲＳＩＴＹ　ＳＰＯＲＴＳ　ＦＩＥＬＤ","兵庫県神戸市東灘区青木4-1","34.719712","135.288238"
"本庄小学校","兵庫県神戸市東灘区青木4-4-1","34.72102","135.2887"
"本庄小学校グラウンド","兵庫県神戸市東灘区青木4-4-1","34.720544","135.288774"
"本庄中学校","兵庫県神戸市東灘区青木4-4-2","34.720461","135.287544"
"本庄中学校グラウンド","兵庫県神戸市東灘区青木4-4-2","34.720091","135.28789"
"本庄中央公園","兵庫県神戸市東灘区青木5-18","34.719556","135.285037"
"手水公園","兵庫県神戸市東灘区田中町3-16","34.724114","135.271445"
"本山南中学校","兵庫県神戸市東灘区田中町4-12-1","34.723116","135.270534"
"本山南中学校グラウンド","兵庫県神戸市東灘区田中町4-12-1","34.723358","135.270893"
"本山第三小学校","兵庫県神戸市東灘区本山中町1-2-35","34.727618","135.286569"
"神戸大学白鴎寮","兵庫県神戸市東灘区本山南町1-4-50","34.72352","135.287641"
"小寄公園","兵庫県神戸市東灘区本山南町4-4","34.721703","135.280288"
"福池小学校グラウンド","兵庫県神戸市東灘区本山南町4-4-28","34.721473","135.279244"
"福池小学校","兵庫県神戸市東灘区本山南町4-4-28","34.721283","135.278767"
"本山南小学校","兵庫県神戸市東灘区本山南町8-2-1","34.723572","135.282464"
"本山第一小学校","兵庫県神戸市東灘区本山北町3-10-1","34.728943","135.278906"
"神戸薬科大学","兵庫県神戸市東灘区本山北町4-19-1","34.733115","135.283269"
"烏帽子中学校","兵庫県神戸市灘区烏帽子町1-2-1","34.710672","135.237627"
"王子公園","兵庫県神戸市灘区王子町2-1","34.710026","135.216948"
"稗田小学校","兵庫県神戸市灘区岸地通4-2-1","34.71114","135.222637"
"稗田小学校グラウンド","兵庫県神戸市灘区岸地通4-2-1","34.711155","135.222488"
"高羽小学校","兵庫県神戸市灘区高羽町3-11-11","34.723267","135.23947"
"鷹匠中学校","兵庫県神戸市灘区高徳町2-2-19","34.720155","135.243853"
"上野中学校","兵庫県神戸市灘区国玉通1-1-1","34.719531","135.223359"
"上野中学校グラウンド","兵庫県神戸市灘区国玉通1-1-1","34.719566","135.223312"
"六甲道南公園","兵庫県神戸市灘区桜口4","34.712787","135.238937"
"神戸松蔭大学","兵庫県神戸市灘区篠原伯母野山町1-2-1","34.72736","135.229524"
"神戸高校グラウンド","兵庫県神戸市灘区城の下通1-5-1","34.717751","135.214447"
"神戸高校","兵庫県神戸市灘区城の下通1-5-1","34.718352","135.213953"
"王子スポーツセンター","兵庫県神戸市灘区青谷町1-1-1","34.711244","135.212718"
"灘小学校","兵庫県神戸市灘区千旦通1-5-1","34.713256","135.232546"
"原田中学校","兵庫県神戸市灘区船寺通2-4-1","34.707762","135.229065"
"西灘小学校","兵庫県神戸市灘区船寺通3-4-1","34.7078","135.227783"
"西郷小学校","兵庫県神戸市灘区大石東町6-2-1","34.706971","135.232752"
"大和公園","兵庫県神戸市灘区中郷町5-1","34.716519","135.242964"
"長峰中学校","兵庫県神戸市灘区長峰台2-2-1","34.724801","135.222605"
"鶴甲小学校","兵庫県神戸市灘区鶴甲2-10-1","34.733584","135.236392"
"神戸大学大学院人間発達環境学研究科","兵庫県神戸市灘区鶴甲3-11","34.733452","135.234537"
"親和女子高校・親和中学校","兵庫県神戸市灘区土山町6-1","34.726756","135.242026"
"摩耶小学校","兵庫県神戸市灘区畑原通4-1-1","34.715727","135.220572"
"六甲小学校","兵庫県神戸市灘区八幡町4-4-1","34.717417","135.233559"
"成徳公園","兵庫県神戸市灘区備後町1-3","34.714749","135.242136"
"成徳小学校グラウンド","兵庫県神戸市灘区備後町1-3-1","34.715282","135.242358"
"成徳小学校","兵庫県神戸市灘区備後町1-3-1","34.715614","135.242212"
"福住小学校グラウンド","兵庫県神戸市灘区福住通7-1-1","34.712787","135.218614"
"福住小学校","兵庫県神戸市灘区福住通7-1-1","34.713154","135.218492"
"摩耶海岸通公園","兵庫県神戸市灘区摩耶海岸通1-2","34.70008","135.221545"
"西郷川河口公園","兵庫県神戸市灘区摩耶海岸通2-1","34.702152","135.224819"
"灘の浜小学校","兵庫県神戸市灘区摩耶海岸通2-2-1","34.702005","135.223696"
"美野丘小学校","兵庫県神戸市灘区箕岡通1-3-17","34.723079","135.22118"
"六甲山小学校","兵庫県神戸市灘区六甲山町北六甲4512-42","34.757386","135.232254"
"神戸大学農学部","兵庫県神戸市灘区六甲台町1-1","34.72464","135.233272"
"神戸大学","兵庫県神戸市灘区六甲台町1-1","34.727382","135.237295"
"神戸大学工学部","兵庫県神戸市灘区六甲台町1-1","34.726994","135.237488"
"六甲風の郷公園","兵庫県神戸市灘区六甲町2-4-25","34.715526","135.235168"
"建設局中央水環境センター鈴蘭台処理場","兵庫県神戸市兵庫区烏原町字譲原","34.698425","135.148216"
"兵庫中学校","兵庫県神戸市兵庫区永沢町4-3-36","34.673419","135.169707"
"正慶町公園","兵庫県神戸市兵庫区駅南通4-1","34.663866","135.160686"
"キャナルタウン広場（駅前）","兵庫県神戸市兵庫区駅南通5-1","34.667618","135.164987"
"キャナルタウン広場（西）","兵庫県神戸市兵庫区駅南通5-2","34.665059","135.16106"
"兵庫駅南公園","兵庫県神戸市兵庫区駅南通5-2","34.664697","135.160556"
"神戸祇園小学校","兵庫県神戸市兵庫区下三条町11-1","34.687911","135.166986"
"会下山公園","兵庫県神戸市兵庫区会下山町3","34.677537","135.157731"
"神港橘高校","兵庫県神戸市兵庫区会下山町3-16-1","34.675209","135.156764"
"菊水公園","兵庫県神戸市兵庫区菊水町3","34.686609","135.162425"
"吉田中学校","兵庫県神戸市兵庫区吉田町1-5-1","34.652634","135.170606"
"御崎公園","兵庫県神戸市兵庫区御崎町1-2","34.657666","135.170128"
"湊川公園","兵庫県神戸市兵庫区荒田町1-20","34.679967","135.16628"
"荒田公園","兵庫県神戸市兵庫区荒田町2-19","34.682049","135.166283"
"浜山小学校","兵庫県神戸市兵庫区材木町4-2","34.65775","135.166201"
"須佐野中学校","兵庫県神戸市兵庫区松原通1-1-44","34.66446","135.169744"
"湊川中学校・楠高校","兵庫県神戸市兵庫区松本通1-1-1","34.67996","135.164686"
"会下山小学校","兵庫県神戸市兵庫区上沢通1-3-26","34.67922","135.165213"
"明親小学校","兵庫県神戸市兵庫区須佐野通4-1-19","34.665163","135.166108"
"水木小学校","兵庫県神戸市兵庫区水木通9-1-8","34.670356","135.159476"
"ネイチャースタジオ","兵庫県神戸市兵庫区雪御所町2-18-201","34.689637","135.165242"
"兵庫大開小学校","兵庫県神戸市兵庫区大開通4-1-39","34.67367","135.166319"
"夢野台公園","兵庫県神戸市兵庫区滝山町","34.682828","135.151344"
"夢野の丘小学校","兵庫県神戸市兵庫区東山町4-20","34.681669","135.160558"
"会下山配水場","兵庫県神戸市兵庫区湊川町10","34.677552","135.154935"
"友生支援学校","兵庫県神戸市兵庫区夢野町1-1","34.686266","135.16035"
"夢野こどもホーム（１階地域交流スペース）","兵庫県神戸市兵庫区夢野町4-3-13","34.683582","135.156213"
"高齢者ケアセンターひょうご","兵庫県神戸市兵庫区里山町1-48","34.692621","135.140935"
"兵庫工業高校","兵庫県神戸市兵庫区和田宮通2-1-63","34.659555","135.173786"
"和田岬小学校","兵庫県神戸市兵庫区和田宮通6-1-18","34.65515","135.175471"
"夢野中学校","兵庫県神戸市兵庫区鵯越町10-1","34.682073","135.153004"
"夢野中学校第２グラウンド","兵庫県神戸市兵庫区鵯越町10-1","34.682333","135.153309"
"鵯台中学校","兵庫県神戸市北区ひよどり台1-15-31","34.694092","135.119395"
"ひよどり台小学校","兵庫県神戸市北区ひよどり台3-3","34.697836","135.124886"
"花山小学校","兵庫県神戸市北区花山東町3-1","34.765207","135.185118"
"君影小学校","兵庫県神戸市北区君影町1-11-13","34.714362","135.136243"
"桂木小学校","兵庫県神戸市北区桂木1-2-5","34.747819","135.14575"
"山田中学校","兵庫県神戸市北区山田町下谷上字宮ノ前15","34.76311","135.15656"
"鵯越墓園","兵庫県神戸市北区山田町下谷上字中一里山12-1","34.694068","135.138743"
"谷上小学校","兵庫県神戸市北区山田町下谷上字中上16","34.763356","135.169568"
"小部中学校","兵庫県神戸市北区山田町小部字向井谷23-1","34.730438","135.155252"
"山田小学校","兵庫県神戸市北区山田町中字長尾サ1","34.765538","135.131579"
"藍那小河地域交流センター","兵庫県神戸市北区山田町藍那字下の町77-8","34.734514","135.113052"
"北神戸中学校","兵庫県神戸市北区鹿の子台北町2-8-1","34.862917","135.22287"
"鹿の子台小学校","兵庫県神戸市北区鹿の子台北町6-34-1","34.861003","135.218329"
"桜の宮小学校","兵庫県神戸市北区若葉台1-3-15","34.740208","135.154744"
"広陵中学校","兵庫県神戸市北区小倉台5-1-1","34.749419","135.16986"
"箕谷小学校","兵庫県神戸市北区松が枝町1-11","34.758299","135.149469"
"長尾小学校","兵庫県神戸市北区上津台3-4-1","34.865709","135.194476"
"星和台中学校","兵庫県神戸市北区星和台1-6","34.719109","135.128574"
"星和台小学校","兵庫県神戸市北区星和台6-21","34.723811","135.123755"
"西山小学校","兵庫県神戸市北区西山1-67","34.838883","135.218279"
"大池小学校","兵庫県神戸市北区西大池2-24-1","34.772185","135.198599"
"大池中学校","兵庫県神戸市北区西大池2-24-3","34.772233","135.195974"
"泉台小学校","兵庫県神戸市北区泉台3-1-4","34.738409","135.13742"
"大原中学校","兵庫県神戸市北区大原1-19","34.745925","135.143903"
"上大沢ふれあい会館","兵庫県神戸市北区大沢町上大沢3080","34.848879","135.183686"
"大沢小・中学校","兵庫県神戸市北区大沢町中大沢976","34.855078","135.165181"
"桜の宮中学校","兵庫県神戸市北区大脇台6-1","34.738411","135.159455"
"淡河中学校","兵庫県神戸市北区淡河町行原字中沢179-2","34.819547","135.124062"
"淡河小学校","兵庫県神戸市北区淡河町萩原524","34.816331","135.102152"
"好徳小学校","兵庫県神戸市北区淡河町野瀬487","34.822456","135.150196"
"広陵小学校","兵庫県神戸市北区筑紫が丘2-9-1","34.748492","135.165209"
"筑紫が丘小学校","兵庫県神戸市北区筑紫が丘3-4-1","34.744251","135.162685"
"岩谷公会堂","兵庫県神戸市北区長尾町上津4270","34.883609","135.173383"
"唐櫃小学校","兵庫県神戸市北区唐櫃台2-39-1","34.789835","135.214046"
"神戸北高等学校","兵庫県神戸市北区唐櫃台2-41-1","34.78846","135.216677"
"唐櫃中学校","兵庫県神戸市北区唐櫃台4-36-1","34.784986","135.211683"
"六甲が丘会館","兵庫県神戸市北区東大池1-5-8","34.7795","135.200014"
"有野小学校","兵庫県神戸市北区藤原台中町3-17-1","34.820668","135.217865"
"有野中学校","兵庫県神戸市北区藤原台中町5-2-1","34.822062","135.214115"
"藤原台小学校","兵庫県神戸市北区藤原台南町1-13-1","34.812802","135.208129"
"有野北中学校","兵庫県神戸市北区藤原台北町6-4-1","34.829761","135.223131"
"道場小学校","兵庫県神戸市北区道場町塩田1460","34.869566","135.232485"
"生野高原安心コミュニティプラザ","兵庫県神戸市北区道場町生野1172-1022","34.848199","135.27097"
"生野自治会館","兵庫県神戸市北区道場町生野285","34.866292","135.250965"
"平田自治会館","兵庫県神戸市北区道場町平田553","34.851461","135.239083"
"南五葉小学校","兵庫県神戸市北区南五葉3-1-1","34.722081","135.133596"
"南五葉小学校グラウンド","兵庫県神戸市北区南五葉3-1-1","34.721775","135.133856"
"鈴蘭公園","兵庫県神戸市北区南五葉5-1","34.722501","135.13554"
"中公民館","兵庫県神戸市北区八多町中1177","34.849362","135.216607"
"義務教育学校八多学園","兵庫県神戸市北区八多町附物876","34.822337","135.195339"
"鈴蘭台中学校","兵庫県神戸市北区北五葉2-10-32","34.729374","135.132532"
"北五葉小学校","兵庫県神戸市北区北五葉3-7-1","34.73021","135.13646"
"有馬小学校","兵庫県神戸市北区有馬町1274","34.800937","135.248468"
"ありの台小学校","兵庫県神戸市北区有野台5-2","34.813768","135.229818"
"有馬中学校","兵庫県神戸市北区有野台7-18","34.809641","135.226467"
"ＪＡ兵庫六甲（神戸北文化センター）","兵庫県神戸市北区有野中町2-12-13","34.826631","135.226176"
"西二郎集会所","兵庫県神戸市北区有野町有野3556-1","34.837994","135.227018"
"五社ふれあい館","兵庫県神戸市北区有野町有野878-1","34.805159","135.215393"
"甲緑小学校","兵庫県神戸市北区緑町7-12-10","34.744913","135.150551"
"鈴蘭台小学校","兵庫県神戸市北区鈴蘭台南町2-14-24","34.725361","135.140954"
"小部小学校","兵庫県神戸市北区鈴蘭台北町3-8-1","34.729645","135.148137"
"小部東小学校","兵庫県神戸市北区鈴蘭台北町7-11-22","34.727747","135.157016"
"神戸親和大学","兵庫県神戸市北区鈴蘭台北町7-13-1","34.727761","135.155427"
"広田小学校","兵庫県西宮市愛宕山7-24","34.754335","135.348659"
"安井市民館","兵庫県西宮市安井町2-4","34.739502","135.333086"
"武庫川河川敷緑地","兵庫県西宮市一里山町","34.727329","135.380242"
"夙川公民館","兵庫県西宮市羽衣町1-39","34.740149","135.327887"
"高座山公園","兵庫県西宮市塩瀬町名塩字高座4441","34.837474","135.292978"
"満池谷墓地","兵庫県西宮市奥畑7","34.752722","135.334584"
"香櫨園市民館分館","兵庫県西宮市屋敷町12-1","34.735762","135.325997"
"中央体育館","兵庫県西宮市河原町1-16","34.747839","135.344873"
"学文中学校","兵庫県西宮市学文殿町1-5-7","34.723925","135.374404"
"県立鳴尾高等学校（北館）","兵庫県西宮市学文殿町2-1-60","34.726225","135.371651"
"鳴尾北小学校","兵庫県西宮市学文殿町2-2-7","34.725273","135.372387"
"学文公民館","兵庫県西宮市学文殿町2-4-24","34.724171","135.372385"
"旧鳴尾センター","兵庫県西宮市笠屋町19-1","34.713178","135.374916"
"鳴尾東小学校","兵庫県西宮市笠屋町30-50","34.712129","135.373139"
"瓦林小学校","兵庫県西宮市瓦林町26-19","34.746645","135.367502"
"瓦木公民館","兵庫県西宮市瓦林町8-1","34.743968","135.367301"
"夙川小学校","兵庫県西宮市久出ケ谷町8-4","34.746482","135.324921"
"浜脇中学校","兵庫県西宮市宮前町3-5","34.732363","135.334107"
"弓場町市営住宅（１，２号棟）","兵庫県西宮市弓場町3-1","34.733631","135.322136"
"苦楽園市民館","兵庫県西宮市苦楽園五番町3-25","34.756086","135.313405"
"苦楽園中学校","兵庫県西宮市苦楽園三番町14-1","34.762101","135.311409"
"県立西宮北高等学校","兵庫県西宮市苦楽園二番町16-80","34.761182","135.312563"
"苦楽園小学校","兵庫県西宮市苦楽園二番町18-12","34.762304","135.313646"
"県立西宮香風高等学校","兵庫県西宮市建石町7-43","34.728708","135.332508"
"市立西宮東高等学校","兵庫県西宮市古川町1-12","34.714365","135.366897"
"甲子園浜小学校","兵庫県西宮市古川町1-65","34.712933","135.365948"
"浜甲子園中学校","兵庫県西宮市古川町2-60","34.713616","135.368887"
"甲子園九番町市営住宅（１～３号棟）","兵庫県西宮市甲子園九番町10","34.713306","135.365216"
"南甲子園公民館","兵庫県西宮市甲子園九番町15-40","34.714476","135.358256"
"上甲子園公民館","兵庫県西宮市甲子園口3-9-26","34.737724","135.373696"
"上甲子園センター","兵庫県西宮市甲子園口3-9-3","34.737885","135.373697"
"上甲子園小学校","兵庫県西宮市甲子園口5-9-4","34.736278","135.368421"
"甲子園口６丁目市営住宅（１～３号棟）","兵庫県西宮市甲子園口6-1-1","34.73621","135.363793"
"甲子園口市民館","兵庫県西宮市甲子園口6-6-20","34.737725","135.366468"
"市営甲子園春風町住宅（１～３号棟）","兵庫県西宮市甲子園春風町1-11","34.731624","135.361063"
"春風公民館","兵庫県西宮市甲子園春風町2-21","34.730402","135.361266"
"西宮支援学校","兵庫県西宮市甲子園春風町2-29","34.730768","135.360669"
"鳴尾中学校","兵庫県西宮市甲子園八番町1-26","34.718617","135.365077"
"甲子園浜浄化センター（管理棟）","兵庫県西宮市甲子園浜1-8","34.709978","135.345938"
"網引市民館","兵庫県西宮市甲子園網引町7-1","34.72176","135.356005"
"県営西宮甲子園住宅","兵庫県西宮市甲子園網引町9-14","34.720993","135.353728"
"八ツ松市民館","兵庫県西宮市甲子園六番町11-12","34.723945","135.365869"
"甲東センター","兵庫県西宮市甲東園3-2-29","34.767235","135.359473"
"甲陽園市民館","兵庫県西宮市甲陽園本庄町1-75","34.760763","135.332882"
"市立西宮高等学校","兵庫県西宮市高座町14-117","34.755943","135.343285"
"旧市民交流センター","兵庫県西宮市高松町20-20","34.745752","135.360826"
"中央公民館","兵庫県西宮市高松町4-8","34.743883","135.356918"
"鳴尾南中学校","兵庫県西宮市高須町1-1-36","34.706324","135.372067"
"高須小学校","兵庫県西宮市高須町1-1-41","34.701616","135.368693"
"高須町１丁目市営住宅（１～４号棟）","兵庫県西宮市高須町1-2-21","34.698583","135.370882"
"県営西宮高須団地（１～１８号棟）","兵庫県西宮市高須町1-4-1","34.698768","135.372513"
"高須公民館","兵庫県西宮市高須町2-1-35","34.705574","135.369365"
"県立西宮南高等学校（Ｂ棟）","兵庫県西宮市高須町2-1-43","34.703989","135.366083"
"高須西小学校","兵庫県西宮市高須町2-1-44","34.70512","135.364964"
"高須中学校","兵庫県西宮市高須町2-1-48","34.709192","135.369523"
"高木小学校","兵庫県西宮市高木西町25-27","34.751369","135.360287"
"高木公園","兵庫県西宮市高木東町34","34.751056","135.361645"
"高木市民館","兵庫県西宮市高木東町34-8","34.7513","135.361256"
"今津久寿川町市営住宅（１、２号棟）","兵庫県西宮市今津久寿川町11-1","34.722216","135.353996"
"県営西宮今津住宅","兵庫県西宮市今津出在家町10-19","34.72489","135.349312"
"今津南市民館","兵庫県西宮市今津出在家町10-5","34.72578","135.348407"
"真砂中学校","兵庫県西宮市今津真砂町1-10","34.718907","135.348484"
"県営西宮真砂高層住宅（２、３号棟）","兵庫県西宮市今津真砂町1-2","34.720507","135.349304"
"今津体育館","兵庫県西宮市今津真砂町1-4","34.719761","135.349976"
"今津公民館","兵庫県西宮市今津水波町9-28","34.728449","135.353416"
"今津巽町市営住宅（１、２号棟）","兵庫県西宮市今津巽町3-1","34.724013","135.352729"
"県営西宮巽高層・鉄筋住宅（１号棟）","兵庫県西宮市今津巽町5-1","34.723176","135.351576"
"今津小学校","兵庫県西宮市今津二葉町4-10","34.726743","135.352359"
"今津中学校","兵庫県西宮市今津二葉町5-15","34.727636","135.351042"
"大社小学校","兵庫県西宮市桜谷町9-7","34.746347","135.336339"
"山口公民館","兵庫県西宮市山口町下山口4-1-8","34.828367","135.240299"
"山口小学校","兵庫県西宮市山口町下山口4-23-1","34.827478","135.237022"
"流通西公園","兵庫県西宮市山口町阪神流通2","34.82545","135.230402"
"山口中学校","兵庫県西宮市山口町上山口2-3-43","34.828021","135.242819"
"船坂里山学校","兵庫県西宮市山口町船坂2048-2","34.805686","135.281845"
"市庭市民館","兵庫県西宮市市庭町7-13","34.734209","135.330885"
"浜甲子園センター","兵庫県西宮市枝川町19-10","34.710825","135.356672"
"甲子園浜自然環境センター","兵庫県西宮市枝川町19-10","34.710651","135.356482"
"浜甲子園運動公園（鳴尾浜公園）、甲子園浜海浜公園","兵庫県西宮市枝川町20","34.709044","135.359843"
"浜甲子園体育館","兵庫県西宮市枝川町20","34.708567","135.362336"
"枝川浄化センター（本館）","兵庫県西宮市枝川町20-128","34.707211","135.359797"
"小松小学校","兵庫県西宮市小松東町1-3-59","34.724972","135.380412"
"小松北町１丁目市営住宅","兵庫県西宮市小松北町1-3-10","34.726251","135.378957"
"小松センター","兵庫県西宮市小松北町2-4-1","34.725006","135.378747"
"勤労会館","兵庫県西宮市松原町2-37","34.736179","135.345074"
"松原体育館","兵庫県西宮市松原町2-41","34.736498","135.345498"
"北甲子園口市民館","兵庫県西宮市松並町5-12","34.744201","135.373652"
"上ケ原中学校","兵庫県西宮市上ケ原九番町2-107","34.759364","135.340995"
"上ケ原南小学校","兵庫県西宮市上ケ原九番町2-93","34.760495","135.342179"
"上ケ原市民館","兵庫県西宮市上ケ原三番町6-22","34.76636","135.344458"
"上ケ原小学校","兵庫県西宮市上ケ原二番町3-13","34.765242","135.350207"
"瓦林公園","兵庫県西宮市上甲子園3-7","34.731752","135.365265"
"瓦林公園センター","兵庫県西宮市上甲子園3-7-4","34.732432","135.36574"
"春風小学校","兵庫県西宮市上甲子園3-8-39","34.730577","135.364958"
"上甲子園中学校","兵庫県西宮市上甲子園4-9-11","34.733894","135.364399"
"甲陵中学校","兵庫県西宮市上甲東園2-11-20","34.769298","135.352614"
"甲東公民館","兵庫県西宮市上甲東園2-11-60","34.76861","135.353464"
"県立西宮高等学校","兵庫県西宮市上甲東園2-4-32","34.767049","135.352389"
"甲武体育館","兵庫県西宮市上大市5-15-25","34.766042","135.370855"
"上田西公園","兵庫県西宮市上田西町4","34.709625","135.370423"
"鳴尾体育館","兵庫県西宮市上田西町4-43","34.708669","135.370919"
"上田東町市営住宅","兵庫県西宮市上田東町1-17","34.708204","135.375582"
"北瓦木センター","兵庫県西宮市上之町24-40","34.753436","135.368928"
"深津小学校","兵庫県西宮市深津町5-22","34.740432","135.357157"
"深津中学校","兵庫県西宮市深津町6-75","34.739597","135.358156"
"大社中学校","兵庫県西宮市神原12-45","34.755384","135.331953"
"神原公民館","兵庫県西宮市神原6-11","34.753292","135.332815"
"生瀬市民館","兵庫県西宮市生瀬町2-20-22","34.818494","135.330296"
"西宮浜産業交流会館","兵庫県西宮市西宮浜1-31","34.717314","135.335252"
"食肉センター","兵庫県西宮市西宮浜2-32-1","34.713226","135.333669"
"西宮浜総合公園","兵庫県西宮市西宮浜3","34.719373","135.328206"
"環境衛生課・管財課庁舎","兵庫県西宮市西宮浜3-4","34.71835","135.333585"
"西部総合処理センター（管理棟）","兵庫県西宮市西宮浜3-8","34.718654","135.329603"
"海辺の道公園","兵庫県西宮市西宮浜4-12","34.710665","135.327863"
"西宮浜公民館","兵庫県西宮市西宮浜4-13-1","34.712319","135.327945"
"西宮浜義務教育学校（東校舎）","兵庫県西宮市西宮浜4-2-31","34.715825","135.328986"
"西宮浜義務教育学校（西校舎）","兵庫県西宮市西宮浜4-3-12","34.715843","135.32831"
"県営西宮浜高層住宅（１～６号棟）","兵庫県西宮市西宮浜4-4-1","34.71466","135.32659"
"西宮浜４丁目市営住宅（１～４号棟）","兵庫県西宮市西宮浜4-5-1","34.714681","135.328294"
"西田公園","兵庫県西宮市西田町6","34.743268","135.335566"
"御前浜公園","兵庫県西宮市西波止町1","34.724016","135.331694"
"若竹公民館","兵庫県西宮市西福町15-12","34.740664","135.350837"
"用海公民館","兵庫県西宮市石在町10-21","34.728129","135.34215"
"市営石在町住宅","兵庫県西宮市石在町19-1","34.728489","135.341339"
"久保公園・東三公園","兵庫県西宮市石在町9","34.729048","135.340128"
"北夙川小学校","兵庫県西宮市石刎町11-21","34.752142","135.326532"
"香櫨園市民センター","兵庫県西宮市川西町4-5","34.731336","135.32848"
"夙東市民館","兵庫県西宮市川添町10-30","34.728896","135.330162"
"教育文化センター","兵庫県西宮市川添町15-26","34.730864","135.329797"
"川添公園","兵庫県西宮市川添町6","34.728617","135.331028"
"夙川河川敷緑地","兵庫県西宮市泉町","34.72932","135.32916"
"泉町市営住宅（１～４号棟）","兵庫県西宮市泉町1-37","34.725244","135.333558"
"総合福祉センター","兵庫県西宮市染殿町8-17","34.734056","135.345702"
"瓦木小学校","兵庫県西宮市大屋町10-20","34.744128","135.366202"
"六軒市民館","兵庫県西宮市大社町12-26","34.755311","135.337426"
"広田山公園","兵庫県西宮市大社町7","34.751845","135.339587"
"広田山荘","兵庫県西宮市大社町7-17","34.751458","135.339932"
"夙川西市民館","兵庫県西宮市大谷町3-50","34.7381","135.321099"
"平木市民館","兵庫県西宮市大畑町1-35","34.747625","135.349201"
"段上センター","兵庫県西宮市段上町2-10-23","34.769914","135.367325"
"段上公民館","兵庫県西宮市段上町2-10-3","34.770079","135.36675"
"池田町市営住宅","兵庫県西宮市池田町13-1","34.738669","135.350329"
"ＪＲ西宮駅南公共駐車場","兵庫県西宮市池田町13-4","34.738711","135.348955"
"中市民館","兵庫県西宮市中前田町8-11","34.743173","135.344108"
"香櫨園小学校","兵庫県西宮市中浜町3-32","34.732225","135.325697"
"津門市民館","兵庫県西宮市津門綾羽町6-12","34.733197","135.357042"
"津門小学校","兵庫県西宮市津門呉羽町5-13","34.733011","135.35439"
"東山台小学校","兵庫県西宮市東山台2-8-2","34.831633","135.311544"
"塩瀬体育館","兵庫県西宮市東山台5-10-1","34.834212","135.305189"
"東町１丁目市営住宅（１、２号棟）","兵庫県西宮市東町1-10-1","34.728193","135.343816"
"東町２丁目市営住宅（２号棟）","兵庫県西宮市東町2-4-2","34.727181","135.34081"
"東鳴尾町１丁目市営住宅（１～３号棟）","兵庫県西宮市東鳴尾町1-10-1","34.712076","135.377966"
"県営西宮東鳴尾団地（１、２号棟）","兵庫県西宮市東鳴尾町1-5-15","34.713894","135.377845"
"鳴尾東公民館","兵庫県西宮市東鳴尾町1-9-1","34.712697","135.3766"
"県営西宮南甲子園団地（１、２号棟）","兵庫県西宮市南甲子園2-15-1","34.71732","135.355696"
"南甲子園小学校","兵庫県西宮市南甲子園3-9-16","34.719098","135.353067"
"柏堂市民館","兵庫県西宮市柏堂町13-15","34.765537","135.312569"
"甲武中学校","兵庫県西宮市樋ノ口町1-7-55","34.762356","135.368955"
"樋ノ口小学校","兵庫県西宮市樋ノ口町2-3-32","34.758211","135.367586"
"樋之池公園","兵庫県西宮市樋之池町11","34.751518","135.3205"
"北夙川体育館","兵庫県西宮市樋之池町11-33","34.752042","135.320111"
"越木岩公民館","兵庫県西宮市樋之池町5-29","34.751398","135.323338"
"県立西宮今津高等学校（南館（特別教室棟））","兵庫県西宮市浜甲子園4-1-5","34.718562","135.349984"
"県営西宮浜松原住宅（１～４号棟）","兵庫県西宮市浜松原町8-1","34.725931","135.345182"
"浜脇公民館","兵庫県西宮市浜脇町5-14","34.731756","135.337061"
"浜脇小学校","兵庫県西宮市浜脇町5-48","34.731996","135.336328"
"高木センター","兵庫県西宮市伏原町1-58","34.752732","135.357716"
"平木小学校","兵庫県西宮市平木町4-1","34.745664","135.349639"
"平木中学校","兵庫県西宮市平木町6-19","34.74637","135.34917"
"北山公園","兵庫県西宮市北山町1-18","34.764305","135.319228"
"平尻公園","兵庫県西宮市北六甲台2-29","34.836418","135.24795"
"北六甲台小学校","兵庫県西宮市北六甲台5-4-1","34.834052","135.245019"
"名塩小学校","兵庫県西宮市名塩2-11-40","34.8304","135.297765"
"塩瀬公民館","兵庫県西宮市名塩新町1","34.826325","135.307643"
"名塩南台中央公園","兵庫県西宮市名塩南台3-13","34.824059","135.300723"
"塩瀬中学校","兵庫県西宮市名塩木之元2-8","34.82619","135.310767"
"鳴尾公民館","兵庫県西宮市鳴尾町1-8-2","34.717927","135.371761"
"鳴尾中央センター","兵庫県西宮市鳴尾町3-5-14","34.718349","135.370101"
"鳴尾小学校","兵庫県西宮市鳴尾町5-4-6","34.719235","135.368013"
"鳴尾浜緑地","兵庫県西宮市鳴尾浜1","34.704404","135.363372"
"県立総合体育館","兵庫県西宮市鳴尾浜1-16-8","34.698591","135.365395"
"鳴尾浜臨海公園","兵庫県西宮市鳴尾浜1-5","34.69273","135.360183"
"高木北小学校","兵庫県西宮市薬師町7-5","34.755044","135.361438"
"大社公民館","兵庫県西宮市柳本町1-37","34.747271","135.341291"
"用海小学校","兵庫県西宮市用海町3-54","34.731941","135.343887"
"上ケ原公民館","兵庫県西宮市六軒町1-32","34.755653","135.338911"
"市民会館","兵庫県西宮市六湛寺町10-11","34.737064","135.341646"
"市役所","兵庫県西宮市六湛寺町10-3","34.73769","135.341748"
"市役所東館（市役所前公共駐車場）","兵庫県西宮市六湛寺町3-1","34.736569","135.343344"
"県立西宮甲山高等学校","兵庫県西宮市鷲林寺字剣谷10","34.779838","135.311239"
"楠丘小学校","兵庫県西脇市黒田庄町岡379","35.02392","134.993109"
"黒田庄中学校","兵庫県西脇市黒田庄町黒田136-1","35.050694","134.996347"
"桜丘小学校","兵庫県西脇市黒田庄町石原1470","35.056536","134.988126"
"黒田庄グラウンド","兵庫県西脇市黒田庄町前坂2147","35.036033","134.992441"
"西脇公園","兵庫県西脇市坂本453-46","35.004017","134.980684"
"市原グラウンド","兵庫県西脇市市原町514-32","35.011923","134.945078"
"道の駅北はりまエコミュージアム","兵庫県西脇市寺内517-1","35.007882","134.98733"
"西脇東中学校","兵庫県西脇市鹿野町1116","34.991796","135.002385"
"双葉小学校","兵庫県西脇市住吉町1-1-3","35.023344","135.049534"
"日本へそ公園","兵庫県西脇市上比延町334-2","34.999957","134.998822"
"上比延友遊農村公園グラウンド","兵庫県西脇市上比延町386-6","35.004519","134.999412"
"西脇小学校","兵庫県西脇市西脇656-1","34.99149","134.977317"
"童子山公園おまつり広場","兵庫県西脇市西脇790-15","34.990178","134.971655"
"重春小学校","兵庫県西脇市野村町1795-185","34.977299","134.961969"
"野村公園","兵庫県西脇市野村町1796-206","34.975861","134.968945"
"茜が丘複合施設","兵庫県西脇市野村町茜が丘16-1","34.973668","134.956705"
"芳田小学校","兵庫県西脇市落方町236-3","34.974708","134.917295"
"尾崎公民館","兵庫県赤穂市さつき町9-1","34.74169","134.401401"
"赤穂西中学校","兵庫県赤穂市塩屋1870","34.763969","134.377696"
"品川リフラ赤穂市民総合体育館","兵庫県赤穂市加里屋1278","34.74346","134.388002"
"赤穂中学校","兵庫県赤穂市加里屋2800-1","34.762158","134.389113"
"赤穂小学校","兵庫県赤穂市加里屋37","34.754654","134.394795"
"赤穂幼稚園","兵庫県赤穂市加里屋中洲2-59","34.753945","134.395735"
"市民会館","兵庫県赤穂市加里屋中洲3-55","34.753082","134.395796"
"赤穂高等学校","兵庫県赤穂市海浜町139","34.738584","134.398403"
"塩屋幼稚園","兵庫県赤穂市古浜町156","34.761761","134.374538"
"塩屋保育所","兵庫県赤穂市古浜町61","34.760575","134.375224"
"塩屋公民館","兵庫県赤穂市古浜町64","34.761066","134.375422"
"塩屋小学校","兵庫県赤穂市古浜町69","34.761261","134.37668"
"高雄幼稚園","兵庫県赤穂市高雄2156-4","34.793582","134.412845"
"高雄小学校","兵庫県赤穂市高雄2240-1","34.794169","134.413587"
"高雄公民館","兵庫県赤穂市高雄2358-1","34.795064","134.4116"
"坂越幼稚園","兵庫県赤穂市坂越1645-2","34.767995","134.425087"
"坂越保育所","兵庫県赤穂市坂越1664-2","34.768845","134.426627"
"坂越公民館","兵庫県赤穂市坂越1683","34.767525","134.426494"
"坂越小学校","兵庫県赤穂市坂越1696-1","34.766091","134.425178"
"城西幼稚園","兵庫県赤穂市若草町52","34.753282","134.383205"
"城西公民館","兵庫県赤穂市上仮屋南350","34.749301","134.384007"
"城西小学校","兵庫県赤穂市城西町41","34.751146","134.381733"
"関西福祉大学","兵庫県赤穂市新田380-3","34.761372","134.368174"
"尾崎保育所","兵庫県赤穂市清水町4-1","34.744304","134.408381"
"有年小学校","兵庫県赤穂市西有年2853","34.82913","134.366125"
"総合福祉会館","兵庫県赤穂市中広267","34.750891","134.398549"
"赤穂保育所","兵庫県赤穂市中広267","34.751152","134.39774"
"赤穂市文化会館（赤穂化成ハーモニーホール）","兵庫県赤穂市中広864","34.752131","134.39833"
"図書館（日本海水赤穂ライブラリー）","兵庫県赤穂市中広907","34.752905","134.397575"
"赤穂東中学校","兵庫県赤穂市朝日町1-1","34.738847","134.410957"
"御崎公民館","兵庫県赤穂市朝日町1-2","34.737843","134.410065"
"御崎小学校","兵庫県赤穂市朝日町3","34.739235","134.409406"
"御崎幼稚園","兵庫県赤穂市朝日町3","34.737728","134.409136"
"御崎保育所","兵庫県赤穂市朝日町3-2","34.738049","134.408838"
"有年保育所","兵庫県赤穂市東有年33-2","34.827174","134.381201"
"有年公民館","兵庫県赤穂市東有年439-1","34.828272","134.380056"
"有年幼稚園","兵庫県赤穂市東有年680-1","34.827363","134.3694"
"有年中学校","兵庫県赤穂市東有年72","34.824933","134.377257"
"赤穂すこやかセンター","兵庫県赤穂市南野中321","34.757385","134.406451"
"尾崎幼稚園","兵庫県赤穂市尾崎3117-3","34.744959","134.407529"
"尾崎小学校","兵庫県赤穂市尾崎3117-3","34.745417","134.40673"
"坂越隣保館","兵庫県赤穂市浜市372","34.768556","134.418683"
"坂越中学校","兵庫県赤穂市浜市587","34.771267","134.422851"
"福浦コミュニティセンター","兵庫県赤穂市福浦4050","34.742621","134.330404"
"原幼稚園","兵庫県赤穂市有年原583","34.833423","134.388508"
"原小学校","兵庫県赤穂市有年原625-3","34.834352","134.38946"
"有年隣保館","兵庫県赤穂市有年楢原734-2","34.84588","134.379073"
"赤穂西小学校","兵庫県赤穂市鷆和422-2","34.750928","134.349179"
"赤穂西幼稚園","兵庫県赤穂市鷆和470-2","34.749786","134.349689"
"赤穂西公民館","兵庫県赤穂市鷆和709-17","34.748953","134.347817"
"けやき坂中央公園","兵庫県川西市けやき坂2-62","34.860743","135.381372"
"けやき坂小学校","兵庫県川西市けやき坂3-1-2","34.861927","135.37817"
"川西小学校","兵庫県川西市栄根1-1-1","34.822702","135.414337"
"アステ川西ぴぃぷぅ広場","兵庫県川西市栄町25-1","34.826577","135.412509"
"アステ市民プラザ","兵庫県川西市栄町25-1-601","34.826533","135.413184"
"加茂小学校","兵庫県川西市加茂3-14-1","34.812505","135.40195"
"キセラ川西せせらぎ公園","兵庫県川西市火打1","34.834098","135.417418"
"総合体育館","兵庫県川西市火打1-1-4","34.833972","135.418278"
"川西北小学校","兵庫県川西市丸の内町7-1","34.840319","135.419555"
"北陵小学校","兵庫県川西市丸山台1-3-2","34.908091","135.407278"
"久代幼稚園","兵庫県川西市久代2-12-1","34.80604","135.409886"
"久代小学校","兵庫県川西市久代3-27-9","34.805073","135.408085"
"川西南中学校","兵庫県川西市久代3-3-1","34.809489","135.407585"
"東谷中学校","兵庫県川西市見野1-9-1","34.891814","135.413083"
"東谷小学校","兵庫県川西市見野2-30-1","34.893509","135.408556"
"市民運動場","兵庫県川西市向陽台1-11","34.87488","135.412623"
"緑台小学校","兵庫県川西市向陽台1-7-1","34.873898","135.409917"
"緑台中学校","兵庫県川西市向陽台3-11-35","34.880926","135.402446"
"陽明小学校","兵庫県川西市向陽台3-6-219","34.878759","135.402307"
"出在家健幸公園","兵庫県川西市出在家町21","34.840748","135.421551"
"みつなかホール","兵庫県川西市小花2-7-2","34.825837","135.418725"
"川西中学校","兵庫県川西市松が丘町1-1","34.836014","135.411278"
"多田中学校","兵庫県川西市新田2-29-1","34.865233","135.405973"
"水明台第５公園","兵庫県川西市水明台4-8","34.878634","135.397864"
"清和台中学校","兵庫県川西市清和台西2-3-57","34.871649","135.382503"
"清和台南小学校","兵庫県川西市清和台西5-1-2","34.86926","135.387586"
"清和台小学校","兵庫県川西市清和台東2-2-2","34.877288","135.387975"
"清和台中央公園","兵庫県川西市清和台東3-1","34.87282","135.388376"
"多田小学校","兵庫県川西市多田院1-4-1","34.861622","135.406528"
"多田幼稚園","兵庫県川西市多田院1-4-3","34.861844","135.405334"
"多田東会館","兵庫県川西市多田桜木1-7-24","34.857796","135.417235"
"平木谷池公園","兵庫県川西市大和西2-5","34.888374","135.41892"
"牧の台小学校","兵庫県川西市大和東1-47-1","34.885925","135.421693"
"東久代春日会館","兵庫県川西市東久代1-3-17","34.807753","135.418745"
"東久代会館","兵庫県川西市東久代2-10-11","34.806097","135.416303"
"多田東小学校","兵庫県川西市東多田3-21-1","34.863566","135.421721"
"明峰中学校","兵庫県川西市湯山台1-39-1","34.847957","135.401112"
"湯山台運動公園","兵庫県川西市湯山台2-79","34.846922","135.394993"
"東洋食品工業短期大学（体育館）","兵庫県川西市南花屋敷4-23-2","34.823985","135.400842"
"北ひばりが丘公園","兵庫県川西市南野坂2-1","34.847887","135.40379"
"桜が丘小学校","兵庫県川西市日高町4-1","34.833253","135.412588"
"明峰小学校","兵庫県川西市萩原台西3-242","34.847762","135.409973"
"ＴＯＹＯ　ＴＩＲＥ　株式会社","兵庫県川西市矢問3-10-1","34.859026","135.410553"
"市民体育館","兵庫県相生市旭1-19-31","34.804215","134.466828"
"中央小学校","兵庫県相生市旭5-16-67","34.809488","134.474065"
"中央幼稚園","兵庫県相生市旭5-16-68","34.810215","134.473662"
"古池公会堂","兵庫県相生市古池本町11-27","34.810981","134.486785"
"双葉小学校","兵庫県相生市向陽台23-1","34.813141","134.490249"
"東部公民館","兵庫県相生市向陽台6-20","34.816033","134.490196"
"佐方福祉センター","兵庫県相生市佐方1-14-17","34.802562","134.449508"
"相生高等学校","兵庫県相生市山手1-722-10","34.823258","134.477235"
"陸公民館","兵庫県相生市山手1-77","34.820589","134.477328"
"山手幼稚園","兵庫県相生市山手2-497-15","34.822421","134.478168"
"相生保育所","兵庫県相生市汐見台2-2","34.824278","134.48292"
"看護専門学校","兵庫県相生市汐見台2-2","34.824388","134.483564"
"矢野川保育所","兵庫県相生市汐見台2-2","34.824301","134.483349"
"矢野川中学校","兵庫県相生市若狭野町寺田字桑ノ木原298","34.841281","134.434473"
"上松隣保館","兵庫県相生市若狭野町上松字山崎120","34.827728","134.446069"
"若狭野小学校","兵庫県相生市若狭野町八洞宇梶185","34.833382","134.434013"
"矢野川幼稚園","兵庫県相生市若狭野町八洞字梶212","34.833659","134.433092"
"若狭野多目的研修センター","兵庫県相生市若狭野町八洞字五反田152-6","34.832572","134.432642"
"青葉台小学校","兵庫県相生市青葉台1-1","34.81123","134.449415"
"あおば幼稚園","兵庫県相生市青葉台1-2","34.810265","134.450664"
"相生産業高等学校","兵庫県相生市千尋町10-50","34.802309","134.454558"
"千尋町自治会館","兵庫県相生市千尋町５３０１－９７地内","34.800714","134.451016"
"相生小学校","兵庫県相生市川原町31-1","34.797514","134.478253"
"相生幼稚園","兵庫県相生市川原町31-2","34.798069","134.477341"
"双葉中学校","兵庫県相生市双葉1-2-1","34.812992","134.479571"
"相生公民館","兵庫県相生市相生2-15-26","34.798165","134.474429"
"西部公民館","兵庫県相生市那波字西矢之谷2004-25","34.812298","134.453174"
"那波中学校","兵庫県相生市那波南本町10-1","34.806918","134.463219"
"生きがい交流センター","兵庫県相生市那波本町1-7","34.813061","134.469733"
"那波小学校","兵庫県相生市那波本町17-30","34.811233","134.464374"
"平芝幼稚園","兵庫県相生市那波野1-1-6","34.814145","134.490991"
"平芝保育所","兵庫県相生市那波野1-6-13","34.814576","134.492649"
"相生学院高等学校","兵庫県相生市野瀬700","34.788307","134.481705"
"矢野公民館","兵庫県相生市矢野町瓜生字溝下479-1","34.868624","134.445132"
"矢野小学校","兵庫県相生市矢野町上字向イ西587-3","34.863637","134.446305"
"ふるさと交流館","兵庫県相生市矢野町中野字上才ノ元129","34.878614","134.46459"
"陸自治会館","兵庫県相生市陸本町1-3","34.816146","134.473153"
"こども学習センター","兵庫県相生市緑ケ丘4-5-5","34.819679","134.457819"
"松井小学校","兵庫県多可町加美区熊野部835","35.088553","134.888992"
"杉原谷小学校","兵庫県多可町加美区市原59","35.137235","134.92402"
"加美北部体育館","兵庫県多可町加美区清水783-1","35.166994","134.931837"
"キッズランドかみ","兵庫県多可町加美区的場82-1","35.088048","134.887189"
"加美コミュニティプラザ","兵庫県多可町加美区豊部250","35.102184","134.900786"
"加美体育館","兵庫県多可町加美区豊部250-1","35.102473","134.901368"
"加美中学校","兵庫県多可町加美区豊部300","35.103704","134.899258"
"中町中学校","兵庫県多可町中区奥中588","35.052579","134.920349"
"子育てふれあいセンター","兵庫県多可町中区岸上224-17","35.057774","134.920601"
"中央公園北アリーナ","兵庫県多可町中区岸上281-22","35.05737","134.919528"
"健康福祉センター「アスパル」","兵庫県多可町中区岸上281-51","35.056522","134.919003"
"中町南小学校","兵庫県多可町中区森本152-1","35.042217","134.927586"
"農村環境改善センター「グリーンプラザ」","兵庫県多可町中区曽我井613-1","35.035235","134.938835"
"中町北小学校","兵庫県多可町中区鍛冶屋434","35.068316","134.922598"
"農村婦人の家","兵庫県多可町中区中安田509-2","35.042573","134.953803"
"文化会館「ベルディーホール」","兵庫県多可町中区中村町135","35.050113","134.921509"
"隣保館「ふれあいセンター」","兵庫県多可町中区天田340-1","35.059333","134.918627"
"ビジターセンター「那珂ふれあい館」","兵庫県多可町中区東山539-3","35.075703","134.915875"
"中コミュニティプラザ","兵庫県多可町中区茂利20","35.049276","134.921311"
"稲荷コミュニティセンター","兵庫県多可町中区糀屋434-11","35.03393","134.921361"
"モルゲンハイト八千代","兵庫県多可町八千代区下村109-1","35.031571","134.880524"
"キッズランドやちよ","兵庫県多可町八千代区仕出原353","35.013331","134.912361"
"なごみの里山都","兵庫県多可町八千代区大和1520-1","35.019535","134.866769"
"八千代小学校","兵庫県多可町八千代区中野間1137","34.99755","134.909033"
"高齢者・障害者等活動及び生活支援促進施設「ささゆりふれあいセンター」","兵庫県多可町八千代区中野間131","35.008849","134.899952"
"ガルテン八千代体育館","兵庫県多可町八千代区中野間363-13","35.014532","134.909813"
"八千代コミュニティプラザ","兵庫県多可町八千代区中野間650","35.005236","134.907278"
"八千代中学校","兵庫県多可町八千代区中野間680","35.004197","134.908736"
"吉福公園","兵庫県太子町吉福261-1","34.81123","134.558884"
"太田東地区農村交流センター","兵庫県太子町原1039","34.82669","134.616173"
"太田公園","兵庫県太子町原538-95","34.828145","134.608927"
"総合公園グラウンド","兵庫県太子町佐用岡246-1","34.842681","134.586725"
"子育て支援センター","兵庫県太子町佐用岡381-1","34.844007","134.586605"
"龍田公民館","兵庫県太子町佐用岡388-8","34.844263","134.587466"
"龍田幼稚園","兵庫県太子町佐用岡390-2","34.844506","134.586994"
"龍田小学校","兵庫県太子町佐用岡436","34.844867","134.585972"
"総合公園体験学習施設","兵庫県太子町佐用岡58","34.840308","134.589153"
"太子高等学校","兵庫県太子町糸井19","34.819582","134.584675"
"太子東中学校","兵庫県太子町太田1","34.83929","134.592854"
"太田公民館","兵庫県太子町太田370-3","34.834362","134.598833"
"南総合センター","兵庫県太子町塚森131","34.813814","134.571459"
"太田幼稚園","兵庫県太子町東出126-1","34.833824","134.595131"
"太田小学校","兵庫県太子町東出128","34.834264","134.596038"
"町民体育館","兵庫県太子町東南51-1","34.831533","134.581543"
"斑鳩保育所","兵庫県太子町馬場20-1","34.838615","134.574274"
"斑鳩幼稚園","兵庫県太子町馬場5","34.837416","134.574328"
"石海公民館","兵庫県太子町福地132-1","34.821051","134.570918"
"石海小学校","兵庫県太子町福地422","34.820164","134.572249"
"石海幼稚園","兵庫県太子町福地501-1","34.818533","134.573166"
"太子西中学校","兵庫県太子町立岡207-1","34.830639","134.57581"
"保健福祉会館","兵庫県太子町老原102-1","34.825317","134.5681"
"太子山公園","兵庫県太子町鵤131-1","34.832229","134.576437"
"文化会館","兵庫県太子町鵤1310-1","34.834405","134.581536"
"太子町役場","兵庫県太子町鵤280-1","34.833082","134.572325"
"斑鳩公民館","兵庫県太子町鵤678","34.836611","134.575278"
"斑鳩寺公園","兵庫県太子町鵤705","34.837277","134.574826"
"斑鳩小学校","兵庫県太子町鵤713","34.837411","134.577339"
"小川小学校","兵庫県丹波市山南町井原427-1","35.080857","135.007592"
"小川地域づくりセンター","兵庫県丹波市山南町奥125-6","35.082504","135.008086"
"上久下地域づくりセンター　（崖崩れ等時は２階以上に避難）","兵庫県丹波市山南町下滝205","35.088979","135.090911"
"上久下小学校","兵庫県丹波市山南町青田156","35.086989","135.088964"
"円応教","兵庫県丹波市山南町村森1-1","35.075049","135.023169"
"山南住民センター　（崖崩れ等時は２階以上に避難）","兵庫県丹波市山南町谷川1110","35.074118","135.036133"
"久下自治会館","兵庫県丹波市山南町谷川1710","35.076194","135.039629"
"久下小学校","兵庫県丹波市山南町谷川2276","35.079768","135.04287"
"山南中学校　（崖崩れ等時は２階以上に避難）","兵庫県丹波市山南町谷川4065","35.071311","135.032301"
"山南福祉センター（さんなん荘）","兵庫県丹波市山南町野坂176","35.085434","135.000161"
"山南Ｂ＆Ｇ海洋センター体育館、山南武道場","兵庫県丹波市山南町野坂176-2","35.08498","135.000051"
"和田小学校　（崖崩れ等時は２階以上に避難）","兵庫県丹波市山南町和田1","35.093322","134.975055"
"和田地域づくりセンター　（崖崩れ等時は２階以上に避難）","兵庫県丹波市山南町和田377-1","35.092547","134.974276"
"鴨庄コミュニティセンター","兵庫県丹波市市島町喜多1140-1","35.200548","135.156451"
"美和コミュニティセンター","兵庫県丹波市市島町酒梨156-2","35.197796","135.112696"
"旧三輪小学校","兵庫県丹波市市島町酒梨205","35.19898","135.110282"
"市島中学校","兵庫県丹波市市島町上垣2002","35.214621","135.141404"
"市島市民グラウンド","兵庫県丹波市市島町上垣902-1","35.216976","135.134231"
"前山小学校　（洪水・崖崩れ等時は２階以上に避難）","兵庫県丹波市市島町上竹田12-1","35.225765","135.112457"
"前山コミュニティセンター","兵庫県丹波市市島町上竹田180","35.224301","135.115109"
"市島小学校　（洪水時は２階以上に避難）","兵庫県丹波市市島町上田222-1","35.206149","135.133512"
"ライフピアいちじま大ホール","兵庫県丹波市市島町上田814","35.210317","135.144598"
"ライフピアいちじま","兵庫県丹波市市島町上田814","35.210019","135.144665"
"吉見友愛センター","兵庫県丹波市市島町上田971-2","35.209493","135.134088"
"鴨庄小学校　（洪水・崖崩れ等時は２階以上に避難）","兵庫県丹波市市島町上牧6","35.198126","135.16429"
"竹田コミュニティセンター　（洪水時は２階以上に避難）","兵庫県丹波市市島町中竹田1637-1","35.24597","135.137228"
"竹田小学校","兵庫県丹波市市島町中竹田1703-1","35.247037","135.136555"
"スポーツピアいちじま","兵庫県丹波市市島町中竹田6121-3","35.238017","135.125306"
"大路小学校　（洪水時は２階以上に避難）","兵庫県丹波市春日町下三井庄1080","35.147539","135.164316"
"進修小学校　（洪水時は２階以上に避難）","兵庫県丹波市春日町国領1011-1","35.144854","135.129482"
"国領ふるさと館","兵庫県丹波市春日町国領907","35.143879","135.128305"
"春日福祉センター（ハートフルかすが）","兵庫県丹波市春日町黒井1500","35.170023","135.096225"
"黒井小学校　（崖崩れ等時は２階以上に避難）","兵庫県丹波市春日町黒井2205","35.174405","135.099666"
"しろやま交流館","兵庫県丹波市春日町黒井4-8","35.175414","135.096915"
"春日体育センター（体育館）","兵庫県丹波市春日町黒井496-2","35.16824","135.101089"
"春日文化ホール　（洪水時は２階以上に避難）","兵庫県丹波市春日町黒井496-2","35.168582","135.102249"
"春日住民センター　（洪水時は２階以上に避難）","兵庫県丹波市春日町黒井496-2","35.16848","135.10205"
"三尾荘　（崖崩れ等時は２階以上に避難）","兵庫県丹波市春日町松森908","35.141198","135.164763"
"ふなき荘　（崖崩れ等時は２階以上に避難）","兵庫県丹波市春日町新才82","35.176061","135.076582"
"春日部小学校　（洪水時は２階以上に避難）","兵庫県丹波市春日町多利1774","35.178046","135.127285"
"はるべの郷春日部荘","兵庫県丹波市春日町多利2467","35.185465","135.129907"
"船城小学校","兵庫県丹波市春日町朝日90","35.171045","135.079024"
"春日中学校","兵庫県丹波市春日町野村2476","35.16104","135.113721"
"青垣住民センター　（洪水時は２階以上に避難）","兵庫県丹波市青垣町佐治114","35.248703","135.002391"
"青垣住民センター（体育館）　（洪水時は２階以上に避難）","兵庫県丹波市青垣町佐治114","35.248416","135.00282"
"青垣小学校　（洪水時は２階以上に避難）","兵庫県丹波市青垣町佐治282-3","35.244511","135.004644"
"氷上西高等学校　（洪水時は２階以上に避難）","兵庫県丹波市青垣町佐治378-3","35.246531","135.004544"
"佐治来楽館","兵庫県丹波市青垣町佐治619-2","35.245523","135.000535"
"旧遠阪小学校　（崖崩れ等時は２階以上に避難）","兵庫県丹波市青垣町山垣1178","35.273997","134.987529"
"やまびこセンター萬歳山","兵庫県丹波市青垣町山垣1590","35.271041","134.987684"
"青垣中学校　（崖崩れ等時は２階以上に避難）","兵庫県丹波市青垣町小倉365-1","35.247362","134.9921"
"芦田ふれあいセンター","兵庫県丹波市青垣町田井縄367-3","35.235575","135.025963"
"旧芦田小学校","兵庫県丹波市青垣町田井縄371","35.235978","135.024969"
"青垣総合運動公園（温水プール棟）","兵庫県丹波市青垣町田井縄782","35.237796","135.021434"
"青垣総合運動公園（グラウンド）","兵庫県丹波市青垣町田井縄782","35.236526","135.021427"
"神楽の郷交流センター","兵庫県丹波市青垣町桧倉414-5","35.248729","134.963321"
"旧神楽小学校　（崖崩れ等時は２階以上に避難）","兵庫県丹波市青垣町文室244","35.251194","134.962665"
"新井小学校　（洪水・崖崩れ等時は２階以上に避難）","兵庫県丹波市柏原町大新屋698-2","35.133572","135.045857"
"柏原高等学校　（崖崩れ等時は２階以上に避難）","兵庫県丹波市柏原町東奥50","35.131752","135.082258"
"柏原中学校　（崖崩れ等時は２階以上に避難）","兵庫県丹波市柏原町南多田1226","35.138044","135.075504"
"柏原福祉センター（木の根センター）","兵庫県丹波市柏原町柏原2715","35.136921","135.065469"
"柏原自治会館","兵庫県丹波市柏原町柏原525-5","35.129323","135.079847"
"柏原住民センター（体育館）","兵庫県丹波市柏原町柏原5528","35.123798","135.07127"
"柏原住民センター","兵庫県丹波市柏原町柏原5528","35.124016","135.071644"
"丹波の森公苑（駐車場、グラウンド）","兵庫県丹波市柏原町柏原5600","35.122417","135.072439"
"丹波の森公苑（建物）　（崖崩れ等時は２階以上に避難）","兵庫県丹波市柏原町柏原5600","35.121267","135.071786"
"崇広小学校","兵庫県丹波市柏原町柏原683","35.128994","135.082919"
"新井ふれあいセンター","兵庫県丹波市柏原町北山211-1","35.138076","135.045284"
"幸世交流施設","兵庫県丹波市氷上町賀茂100-1","35.199713","135.036803"
"大師の杜ホール　（崖崩れ等時は２階以上に避難）","兵庫県丹波市氷上町絹山346","35.201375","135.050344"
"北小学校　（洪水時は２階以上に避難）","兵庫県丹波市氷上町絹山608","35.199776","135.045461"
"南小学校　（洪水時は２階以上に避難）","兵庫県丹波市氷上町佐野530","35.136236","135.017794"
"沼貫交流館","兵庫県丹波市氷上町佐野555-1","35.13538","135.018636"
"交流会館かどのの郷","兵庫県丹波市氷上町上新庄445-4","35.179584","134.998385"
"西小学校","兵庫県丹波市氷上町上新庄524","35.181651","135.001295"
"氷上総合グラウンド","兵庫県丹波市氷上町上新庄字西川3","35.178054","134.994127"
"氷上中学校","兵庫県丹波市氷上町成松103","35.175917","135.036649"
"中央小学校　（崖崩れ等時は２階以上に避難）","兵庫県丹波市氷上町成松186-1","35.174103","135.032766"
"氷上住民センター（体育館）","兵庫県丹波市氷上町成松字甲賀1","35.177524","135.036239"
"氷上住民センター","兵庫県丹波市氷上町成松字甲賀1","35.177491","135.03625"
"丹波市立看護専門学校（体育館）","兵庫県丹波市氷上町石生2069-2","35.146255","135.054615"
"東小学校　（洪水・崖崩れ等時は２階以上に避難）","兵庫県丹波市氷上町石生585","35.15118","135.056675"
"生郷交流会館","兵庫県丹波市氷上町石生700-1","35.150885","135.062912"
"ゆめタウンポップアップホール　（洪水時は２階以上に避難）","兵庫県丹波市氷上町本郷300","35.158877","135.045534"
"西紀体育館","兵庫県丹波篠山市宮田110-1","35.093785","135.17644"
"西紀中学校（体育館）","兵庫県丹波篠山市宮田175","35.091818","135.176308"
"西紀老人福祉センター・デイサービスセンター","兵庫県丹波篠山市宮田216","35.093346","135.173794"
"丹波篠山総合スポーツセンター","兵庫県丹波篠山市郡家451-4","35.080021","135.205879"
"後川文化センター","兵庫県丹波篠山市後川上1251","35.024849","135.300778"
"後川複合教育施設（グラウンド）","兵庫県丹波篠山市後川上477","35.024875","135.294428"
"後川複合教育施設","兵庫県丹波篠山市後川上477","35.024912","135.294043"
"丹波篠山市民センター","兵庫県丹波篠山市黒岡191-1","35.080252","135.218033"
"玉水会館","兵庫県丹波篠山市黒岡727-2","35.082219","135.22303"
"城北畑小学校（グラウンド）","兵庫県丹波篠山市黒岡89","35.082144","135.224291"
"城北畑小学校（体育館）","兵庫県丹波篠山市黒岡89","35.082399","135.223545"
"西紀南小学校（グラウンド）","兵庫県丹波篠山市黒田186","35.082892","135.179435"
"西紀南小学校（体育館）","兵庫県丹波篠山市黒田186","35.083581","135.179801"
"今田小学校（グラウンド）","兵庫県丹波篠山市今田町下小野原61","35.00715","135.113874"
"今田小学校（体育館）","兵庫県丹波篠山市今田町下小野原61","35.007834","135.113241"
"今田健康増進センター","兵庫県丹波篠山市今田町下立杭16-3","34.9662","135.117838"
"今田中学校（体育館）","兵庫県丹波篠山市今田町今田新田11","35.001972","135.102625"
"今田体育館","兵庫県丹波篠山市今田町今田新田14-1","35.003459","135.104746"
"今田まちづくりセンター","兵庫県丹波篠山市今田町今田新田14-1","35.003762","135.105059"
"こんだ薬師温泉ぬくもりの郷","兵庫県丹波篠山市今田町今田新田21-10","34.999061","135.105102"
"丹波伝統工芸公園立杭陶の郷","兵庫県丹波篠山市今田町上立杭3","34.980997","135.131589"
"ハートピアセンター","兵庫県丹波篠山市細工所117","35.090505","135.31491"
"住吉台コミュニティ消防センター","兵庫県丹波篠山市住吉台17-3","35.067165","135.172805"
"旧保健センター","兵庫県丹波篠山市小田中220","35.102684","135.317578"
"城南小学校（グラウンド）","兵庫県丹波篠山市小枕120","35.059082","135.22133"
"城南小学校（体育館）","兵庫県丹波篠山市小枕120","35.059375","135.220776"
"城南会館","兵庫県丹波篠山市小枕131","35.058936","135.220679"
"西紀小学校（体育館）","兵庫県丹波篠山市乗竹650","35.105308","135.182904"
"西紀小学校（グラウンド）","兵庫県丹波篠山市乗竹650","35.105543","135.181793"
"みたけ会館","兵庫県丹波篠山市瀬利92-3","35.090353","135.256377"
"岡野文化会館","兵庫県丹波篠山市西岡屋292","35.080726","135.20169"
"雲部複合教育施設（グラウンド）","兵庫県丹波篠山市西本荘2-1","35.082919","135.288555"
"雲部複合教育施設","兵庫県丹波篠山市西本荘2-1","35.083786","135.288762"
"雲部公民館","兵庫県丹波篠山市西本荘字西ノ山1","35.083737","135.288352"
"西紀ふれあい館","兵庫県丹波篠山市川西70","35.08813","135.172141"
"篠山東中学校（体育館）","兵庫県丹波篠山市泉字若林1-1","35.077927","135.278285"
"多紀小学校（体育館）","兵庫県丹波篠山市草ノ上108","35.098666","135.316454"
"多紀小学校（グラウンド）","兵庫県丹波篠山市草ノ上108","35.098555","135.317301"
"川代体育館","兵庫県丹波篠山市大山下347","35.080853","135.161256"
"大山小学校（グラウンド）","兵庫県丹波篠山市大山新100","35.095938","135.139993"
"大山緑の会館","兵庫県丹波篠山市大山新98","35.096519","135.140135"
"丹波ささやま農協丹波広域農業研修センター","兵庫県丹波篠山市大沢430-1","35.059524","135.175061"
"篠山養護学校（体育館）","兵庫県丹波篠山市沢田120-1","35.075271","135.226706"
"大芋公民館","兵庫県丹波篠山市中445","35.118506","135.341285"
"旧大芋小学校グラウンド","兵庫県丹波篠山市中500","35.118429","135.338951"
"旧大芋小学校体育館","兵庫県丹波篠山市中500","35.118442","135.338423"
"篠山中学校（グラウンド）","兵庫県丹波篠山市東沢田224","35.076035","135.230619"
"篠山中学校（体育館）","兵庫県丹波篠山市東沢田224","35.077147","135.230205"
"障害者総合支援センタースマイルささやま","兵庫県丹波篠山市東沢田240-1","35.074196","135.231283"
"岡野小学校（体育館）","兵庫県丹波篠山市東浜谷531","35.082262","135.201833"
"岡野小学校（グラウンド）","兵庫県丹波篠山市東浜谷531","35.081383","135.201568"
"ウエルライフ篠山学園","兵庫県丹波篠山市南矢代302","35.029509","135.172924"
"城東小学校（体育館）","兵庫県丹波篠山市日置162","35.068092","135.281072"
"城東小学校（グラウンド）","兵庫県丹波篠山市日置162","35.067403","135.281492"
"Ｂ＆Ｇ海洋センター","兵庫県丹波篠山市日置385-1","35.070194","135.280169"
"城東公民館","兵庫県丹波篠山市日置385-1","35.07029","135.279206"
"古市コミュニティ消防センター","兵庫県丹波篠山市波賀野682-2","35.024433","135.157317"
"古市小学校（体育館）","兵庫県丹波篠山市波賀野新田74","35.023325","135.155507"
"古市小学校（グラウンド）","兵庫県丹波篠山市波賀野新田74","35.023968","135.156474"
"畑複合教育施設（旧畑小学校）","兵庫県丹波篠山市畑宮324-2","35.089848","135.256137"
"畑複合教育施設（グラウンド）","兵庫県丹波篠山市畑宮324-2","35.089382","135.256136"
"旧福住小学校体育館","兵庫県丹波篠山市福住342-1","35.070443","135.343637"
"福住公民館","兵庫県丹波篠山市福住344-1","35.071648","135.343606"
"田園交響ホール","兵庫県丹波篠山市北新町41","35.07559","135.217713"
"篠山小学校（体育館）","兵庫県丹波篠山市北新町5","35.073637","135.219342"
"篠山小学校（グラウンド）","兵庫県丹波篠山市北新町5","35.072458","135.219279"
"西紀北小学校（体育館）","兵庫県丹波篠山市本郷123","35.159156","135.263524"
"西紀北小学校（グラウンド）","兵庫県丹波篠山市本郷123","35.158798","135.263274"
"基幹集落センター（しゃくなげ会館）","兵庫県丹波篠山市本郷159","35.159207","135.26246"
"草山地区コミュニティ消防センター","兵庫県丹波篠山市本郷250-2","35.155107","135.265921"
"丹南中学校（体育館）","兵庫県丹波篠山市味間新192","35.06255","135.170021"
"味間小学校（グラウンド）","兵庫県丹波篠山市味間新97-3","35.062764","135.173431"
"味間小学校（体育館）","兵庫県丹波篠山市味間新97-3","35.063381","135.174276"
"丹南健康福祉センター","兵庫県丹波篠山市網掛301","35.066391","135.184106"
"四季の森生涯学習センター東館","兵庫県丹波篠山市網掛429","35.066434","135.185498"
"四季の森生涯学習センター西館","兵庫県丹波篠山市網掛429","35.066493","135.184988"
"高城会館","兵庫県丹波篠山市糯ケ坪83","35.068072","135.236285"
"八上小学校（体育館）","兵庫県丹波篠山市糯ケ坪89","35.067332","135.236287"
"八上小学校（グラウンド）","兵庫県丹波篠山市糯ケ坪89","35.066951","135.235752"
"育波体育センター","兵庫県淡路市育波1345","34.525097","134.89644"
"育波公民館","兵庫県淡路市育波1554","34.527333","134.893084"
"淡路市立浦小学校","兵庫県淡路市浦701","34.539125","134.990431"
"東浦農林漁家高齢者センター","兵庫県淡路市浦846","34.538371","134.989042"
"淡路市尾崎老人福祉センター","兵庫県淡路市遠田1547","34.470119","134.870242"
"淡路市立塩田小学校","兵庫県淡路市塩尾430-2","34.411443","134.887832"
"津名漁業協同組合塩田支所","兵庫県淡路市塩尾615-14","34.417166","134.895065"
"淡路市立塩田会館","兵庫県淡路市下司1177-1","34.408581","134.886889"
"淡路市釜口老人福祉センター","兵庫県淡路市釜口1288-1","34.497679","134.97077"
"東浦体育センター","兵庫県淡路市釜口1326","34.498121","134.971605"
"淡路市岩屋保健センター","兵庫県淡路市岩屋1514-18","34.593404","135.014344"
"淡路市立岩屋中学校","兵庫県淡路市岩屋2875","34.577315","135.023567"
"学童保育石屋","兵庫県淡路市岩屋488-1","34.587564","135.017095"
"旧淡路市立岩屋公民館","兵庫県淡路市岩屋515-1","34.587764","135.018648"
"淡路市立石屋小学校","兵庫県淡路市岩屋529-1","34.587369","135.017984"
"淡路市立学習小学校","兵庫県淡路市久留麻1724-1","34.516933","134.986154"
"淡路市子育て支援センター","兵庫県淡路市久留麻1741-1","34.517644","134.98615"
"淡路市久留麻老人福祉センター","兵庫県淡路市久留麻1894-1","34.524231","134.987603"
"淡路市東浦保健センター「東浦すこやかセンター」","兵庫県淡路市久留麻244-3","34.532763","134.990287"
"淡路市立東浦中学校","兵庫県淡路市久留麻2600-1","34.520571","134.986015"
"興隆寺会館","兵庫県淡路市興隆寺626","34.487895","134.929089"
"淡路市立郡家会館","兵庫県淡路市郡家117-1","34.471604","134.846924"
"淡路市立一宮公民館","兵庫県淡路市郡家396-1","34.473622","134.846937"
"淡路市江井コミュニティセンター","兵庫県淡路市江井2863-1","34.464872","134.827386"
"江井体育センター","兵庫県淡路市江井2920","34.466213","134.824169"
"淡路市一宮高山農業研修所","兵庫県淡路市高山乙195-3","34.437872","134.820931"
"山田体育センター","兵庫県淡路市高山甲357","34.434606","134.811532"
"さの小テラス","兵庫県淡路市佐野844-7","34.46605","134.939385"
"株式会社　さの小","兵庫県淡路市佐野900","34.466076","134.939465"
"淡路市立志筑小学校","兵庫県淡路市志筑1578","34.435413","134.901589"
"志筑公民館","兵庫県淡路市志筑1605-1","34.437341","134.898948"
"兵庫県立津名高等学校　運動場","兵庫県淡路市志筑249-1","34.440044","134.90568"
"津名高等学校","兵庫県淡路市志筑249-1","34.440139","134.905418"
"三和製作所","兵庫県淡路市志筑2570-2","34.421786","134.895158"
"明神会館","兵庫県淡路市志筑3057-1","34.428415","134.899995"
"淡路市立津名公民館","兵庫県淡路市志筑3117-1","34.430791","134.901117"
"関西総合リハビリテーション専門学校","兵庫県淡路市志筑新島7-4","34.425614","134.900409"
"室津ふれあいセンター","兵庫県淡路市室津128","34.519685","134.881722"
"室津西消防器具庫２階","兵庫県淡路市室津2340","34.518131","134.876232"
"北淡震災公園セミナーハウス","兵庫県淡路市小倉177","34.549868","134.938853"
"仁井公民館","兵庫県淡路市仁井58","34.529899","134.946332"
"生田集会所","兵庫県淡路市生田畑55","34.49987","134.900055"
"淡路市立生穂会館","兵庫県淡路市生穂2243-2","34.45328","134.917688"
"淡路市立津名東小学校","兵庫県淡路市生穂2346-2","34.453926","134.915783"
"淡路市立北淡中学校","兵庫県淡路市浅野神田114-1","34.535728","134.917311"
"淡路市立北淡小学校","兵庫県淡路市浅野神田78","34.533319","134.914465"
"淡路市北淡総合福祉センター","兵庫県淡路市浅野南2-40","34.532324","134.913394"
"淡路市立草香会館","兵庫県淡路市草香690-5","34.442006","134.801712"
"淡路市立多賀小学校","兵庫県淡路市多賀104","34.45873","134.853933"
"淡路市立多賀集会所","兵庫県淡路市多賀127-1","34.457676","134.853084"
"淡路市地域総合センター","兵庫県淡路市多賀197","34.456938","134.851666"
"一宮体育センター","兵庫県淡路市多賀227","34.455695","134.851162"
"ザ　グランリゾート　エレガンテ淡路島","兵庫県淡路市大磯9-3","34.553661","135.003704"
"淡路市立津名中学校","兵庫県淡路市大谷1003","34.439773","134.908163"
"津名体育センター","兵庫県淡路市大谷176-1","34.447912","134.914935"
"淡路市立大町小学校","兵庫県淡路市大町上461","34.426107","134.857445"
"淡路市立大町会館","兵庫県淡路市大町上485-1","34.425496","134.856791"
"淡路市立中田小学校","兵庫県淡路市中田4390","34.437301","134.882304"
"淡路市立中田会館","兵庫県淡路市中田558-1","34.436785","134.88295"
"長澤エコ市民センター","兵庫県淡路市長沢620-2","34.485392","134.903808"
"長沢会館","兵庫県淡路市長沢628-1","34.485092","134.903749"
"淡路市立尾崎会館","兵庫県淡路市尾崎1624-2","34.496062","134.860484"
"尾崎体育センター","兵庫県淡路市尾崎1800","34.493933","134.86111"
"富島体育センター","兵庫県淡路市富島100","34.545817","134.924575"
"兵庫県立淡路高等学校","兵庫県淡路市富島171-2","34.543842","134.923218"
"北淡事務所・北淡公民館","兵庫県淡路市富島25-41","34.54731","134.9251"
"淡路市立一宮小学校","兵庫県淡路市北山1600","34.47063","134.850695"
"淡路市高齢者生活福祉センター","兵庫県淡路市北山712","34.46843","134.852649"
"常盤集会所","兵庫県淡路市野島常盤414-3","34.553074","134.960666"
"野島体育センター","兵庫県淡路市野島蟇浦843","34.561306","134.949856"
"淡路市柳沢老人福祉センター","兵庫県淡路市柳沢甲16-4","34.450778","134.837636"
"淡路市立青少年センター","兵庫県淡路市柳沢甲17-3","34.450949","134.837058"
"つつじが丘小学校","兵庫県猪名川町つつじが丘1-45","34.887482","135.368768"
"清陵中学校","兵庫県猪名川町原字尾鼻ケ尾747","34.910028","135.38553"
"六瀬総合センター","兵庫県猪名川町笹尾字黒添ヱ22-1","34.951751","135.327069"
"旧六瀬中学校","兵庫県猪名川町笹尾字大作14-1","34.95047","135.323971"
"社会福祉会館","兵庫県猪名川町紫合字火燈山8","34.908452","135.374681"
"猪名川高等学校","兵庫県猪名川町紫合字新林4-4","34.907397","135.382843"
"猪名川保育園","兵庫県猪名川町若葉1-15-9","34.899703","135.366116"
"猪名川幼稚園","兵庫県猪名川町若葉1-48-1","34.898363","135.371168"
"松尾台小学校","兵庫県猪名川町松尾台2-3-2","34.903854","135.388507"
"松尾台幼稚園","兵庫県猪名川町松尾台2-3-3","34.90512","135.388197"
"猪名川甲英高等学院","兵庫県猪名川町上阿古谷字畑ヶ芝56-3","34.934389","135.381987"
"兵庫県立奥猪名健康の郷","兵庫県猪名川町杉生字奥山1-22","35.017673","135.335294"
"大島小学校","兵庫県猪名川町島字賀島5","34.977101","135.325306"
"柏原公民館","兵庫県猪名川町柏原字福井20","35.001846","135.300226"
"猪名川小学校","兵庫県猪名川町柏梨田字イハノ谷11","34.899537","135.372172"
"猪名川中学校","兵庫県猪名川町白金1-65","34.903556","135.366883"
"生涯学習センター","兵庫県猪名川町白金1-74-16","34.90471","135.363173"
"文化体育館","兵庫県猪名川町白金1-74-24","34.903604","135.363842"
"白金小学校","兵庫県猪名川町白金2-7","34.901627","135.361212"
"猪名川町Ｂ＆Ｇ海洋センター","兵庫県猪名川町伏見台1-1-27","34.907783","135.393209"
"総合福祉センター","兵庫県猪名川町北田原字南山14-2","34.910981","135.370413"
"スポーツセンター","兵庫県猪名川町万善字十貫25-1","34.925253","135.344983"
"楊津小学校","兵庫県猪名川町木津字茶垣内11-3","34.938933","135.338502"
"伊由市場公民館","兵庫県朝来市伊由市場101-1","35.263599","134.816212"
"朝来福祉会館","兵庫県朝来市伊由市場178","35.264751","134.818878"
"山口小学校","兵庫県朝来市羽渕565-2","35.22557","134.793024"
"元津公民館","兵庫県朝来市岩津281","35.209219","134.797192"
"上岩津公民館","兵庫県朝来市岩津785","35.199287","134.795168"
"桑市公民館","兵庫県朝来市桑市293-1","35.260983","134.805024"
"中川小学校","兵庫県朝来市桑市99","35.264785","134.807534"
"佐嚢コミュニティセンター","兵庫県朝来市佐嚢1032","35.244824","134.76058"
"老波公民館","兵庫県朝来市佐嚢1067","35.239365","134.762402"
"佐中公民館","兵庫県朝来市佐嚢1283","35.268654","134.75008"
"平野公民館","兵庫県朝来市佐嚢1537","35.248206","134.75163"
"神子畑交流館","兵庫県朝来市佐嚢1843-1","35.243324","134.717084"
"山本公民館","兵庫県朝来市佐嚢365-1","35.233743","134.778817"
"山口公民館","兵庫県朝来市山口116-1","35.226077","134.796807"
"東公民館","兵庫県朝来市山東町粟鹿1245-5","35.299363","134.909634"
"比叡公民館","兵庫県朝来市山東町粟鹿1730-2","35.296298","134.910106"
"西谷公民館","兵庫県朝来市山東町粟鹿2038-1","35.2955","134.906163"
"田中公民館","兵庫県朝来市山東町粟鹿516","35.305943","134.90192"
"西地公民館","兵庫県朝来市山東町粟鹿995-1","35.300383","134.906315"
"緑風の郷","兵庫県朝来市山東町一品424","35.306937","134.909666"
"越田公民館","兵庫県朝来市山東町越田116-1","35.297184","134.884916"
"塩田公民館","兵庫県朝来市山東町塩田389","35.324562","134.910135"
"柿坪公民館","兵庫県朝来市山東町柿坪344-1","35.299632","134.886032"
"梁瀬中学校","兵庫県朝来市山東町楽音寺159","35.312802","134.881874"
"清水町公民館","兵庫県朝来市山東町楽音寺32-4","35.311669","134.881826"
"楽音寺公民館","兵庫県朝来市山東町楽音寺501-1","35.311481","134.87727"
"金浦公民館","兵庫県朝来市山東町金浦446","35.333641","134.926394"
"照福こども園","兵庫県朝来市山東町溝黒123-1","35.289842","134.874676"
"喜多垣公民館","兵庫県朝来市山東町溝黒284","35.292673","134.874325"
"山東高齢者共同生活の家","兵庫県朝来市山東町溝黒364-2","35.293572","134.877171"
"山歳公民館","兵庫県朝来市山東町溝黒500","35.292984","134.878536"
"三保公民館","兵庫県朝来市山東町三保519","35.288539","134.88749"
"柴公民館","兵庫県朝来市山東町柴250-1","35.302244","134.916125"
"小谷公民館","兵庫県朝来市山東町小谷73-1","35.313976","134.876133"
"新堂公民館","兵庫県朝来市山東町新堂264","35.320667","134.895024"
"山東婦人・若者等活動促進施設（もやいの里）","兵庫県朝来市山東町森108","35.285506","134.872953"
"森公民館","兵庫県朝来市山東町森276-2","35.286981","134.876192"
"山東高齢者生きがい創造センター","兵庫県朝来市山東町早田222-7","35.30698","134.906344"
"上早田公民館","兵庫県朝来市山東町早田286","35.307134","134.904232"
"大垣公民館","兵庫県朝来市山東町大垣117","35.319255","134.879974"
"諏訪公民館","兵庫県朝来市山東町大月122","35.303444","134.882264"
"大月公民館","兵庫県朝来市山東町大月703-1","35.306911","134.880172"
"向大道公民館","兵庫県朝来市山東町大月903-1","35.309389","134.878139"
"大内公民館","兵庫県朝来市山東町大内325","35.323702","134.900444"
"滝田公民館","兵庫県朝来市山東町滝田276-1","35.32226","134.881629"
"迫間公民館","兵庫県朝来市山東町迫間498-3","35.288529","134.858446"
"柊木公民館","兵庫県朝来市山東町柊木347-1","35.296754","134.878246"
"末歳公民館","兵庫県朝来市山東町末歳515","35.310421","134.887976"
"山東生涯学習センター","兵庫県朝来市山東町末歳710","35.314238","134.883156"
"山東体育館","兵庫県朝来市山東町末歳710-1","35.313335","134.885149"
"野間公民館","兵庫県朝来市山東町野間204","35.327877","134.904993"
"田ノ口公民館","兵庫県朝来市山東町野間518-1","35.329956","134.91017"
"下町公民館","兵庫県朝来市山東町矢名瀬町423-1","35.318929","134.884558"
"上ゲ町公民館","兵庫県朝来市山東町矢名瀬町50-4","35.318183","134.886148"
"中町公民館","兵庫県朝来市山東町矢名瀬町519","35.317982","134.884621"
"山東高齢者ふれあいプラザ","兵庫県朝来市山東町矢名瀬町528","35.317668","134.884694"
"川原町区公民館","兵庫県朝来市山東町矢名瀬町737","35.316388","134.883412"
"与布土公民館","兵庫県朝来市山東町与布土803-1","35.283434","134.875607"
"早田公民館","兵庫県朝来市山東町和賀628-2","35.309266","134.897896"
"和賀公民館","兵庫県朝来市山東町和賀906","35.311704","134.89294"
"山内公民館","兵庫県朝来市山内519-1","35.262666","134.827776"
"上八代公民館","兵庫県朝来市上八代290-1","35.262176","134.788618"
"口多々良木公民館","兵庫県朝来市新井147-4","35.245552","134.798621"
"新井３区公民館","兵庫県朝来市新井189-2","35.243255","134.796766"
"新井２区公民館","兵庫県朝来市新井532","35.237757","134.794486"
"新井１区公民館","兵庫県朝来市新井699-3","35.235829","134.792523"
"上生野区公民館","兵庫県朝来市生野町円山1301-22","35.171798","134.789642"
"小田和多目的集会所","兵庫県朝来市生野町円山14-6","35.179046","134.793135"
"円山区公民館","兵庫県朝来市生野町円山611","35.188823","134.792668"
"奥銀谷地区コミュニティセンター","兵庫県朝来市生野町奥銀谷1436-2","35.171556","134.815542"
"生野６区コミュニティセンター","兵庫県朝来市生野町口銀谷1989","35.162681","134.790356"
"生野２区コミュニティ消防センター","兵庫県朝来市生野町口銀谷449-3","35.166167","134.792394"
"生野１区公民館","兵庫県朝来市生野町口銀谷534-1","35.167952","134.793752"
"生野３区公民館","兵庫県朝来市生野町口銀谷781","35.166205","134.794479"
"生野４区公民館","兵庫県朝来市生野町口銀谷837-1","35.167338","134.796133"
"簾野公民館","兵庫県朝来市生野町黒川155","35.206844","134.868714"
"黒川本村公民館","兵庫県朝来市生野町黒川405","35.232284","134.880179"
"小野ふれあいセンター","兵庫県朝来市生野町小野1560","35.172512","134.816309"
"シルバー生野駐車場","兵庫県朝来市生野町小野33-5","35.170989","134.823104"
"新町ふれあいセンター","兵庫県朝来市生野町新町1052-1","35.168334","134.812135"
"生野新町公民館","兵庫県朝来市生野町新町1056","35.168246","134.812463"
"北真弓ふれあいセンター","兵庫県朝来市生野町真弓133","35.157852","134.79042"
"南真弓公民館","兵庫県朝来市生野町真弓297","35.152093","134.79189"
"生野交流館","兵庫県朝来市生野町真弓491-1","35.152006","134.790045"
"川尻多目的集会センター","兵庫県朝来市生野町川尻71-2","35.146519","134.780888"
"いくの喜楽苑ゲートボール場","兵庫県朝来市生野町竹原野250-3","35.178809","134.818396"
"緑ケ丘区高齢者支援センター","兵庫県朝来市生野町竹原野466-92","35.1762","134.81975"
"猪野々集会所","兵庫県朝来市生野町猪野々124","35.161367","134.812296"
"栃原農村グラウンド駐車場","兵庫県朝来市生野町栃原1699-1","35.163913","134.772026"
"栃原公民館","兵庫県朝来市生野町栃原565-1","35.158508","134.759591"
"白口区公民館","兵庫県朝来市生野町白口243","35.158194","134.834028"
"石田公民館","兵庫県朝来市石田702-1","35.260545","134.811519"
"川上公民館","兵庫県朝来市川上390-1","35.258395","134.85033"
"中村集会所","兵庫県朝来市多々良木1385","35.243624","134.821539"
"牧野公民館","兵庫県朝来市多々良木317","35.245564","134.805709"
"多々良木公民館","兵庫県朝来市多々良木458","35.243256","134.816202"
"口田路公民館","兵庫県朝来市田路243-1","35.218511","134.787835"
"中田路公民館","兵庫県朝来市田路570-2","35.216267","134.768362"
"奥田路公民館","兵庫県朝来市田路872","35.225654","134.750654"
"納座公民館","兵庫県朝来市納座465-1","35.258593","134.838845"
"八代公民館","兵庫県朝来市八代268","35.232302","134.785335"
"中八代集会所","兵庫県朝来市八代742-5","35.241227","134.789374"
"物部公民館","兵庫県朝来市物部1081","35.271102","134.813938"
"立野公民館","兵庫県朝来市立野502-4","35.235075","134.800141"
"立脇地区公民館","兵庫県朝来市立脇382-1","35.254459","134.798939"
"あさご愛タウン集会所","兵庫県朝来市立脇664-1","35.257993","134.796716"
"安井ミニデイサービスセンター「くつろぎの里」","兵庫県朝来市和田山町安井278-1","35.307632","134.830428"
"竹田小学校","兵庫県朝来市和田山町安井61","35.306734","134.837015"
"安井公民館","兵庫県朝来市和田山町安井760","35.30797","134.830332"
"岡公民館","兵庫県朝来市和田山町岡160-1","35.349574","134.810397"
"芳賀野公民館","兵庫県朝来市和田山町岡698","35.342143","134.812863"
"岡田公民館","兵庫県朝来市和田山町岡田69","35.352043","134.870905"
"加都公民館","兵庫県朝来市和田山町加都1523","35.308024","134.842155"
"久世田公民館","兵庫県朝来市和田山町久世田395-1","35.287896","134.830578"
"城南台集会所","兵庫県朝来市和田山町久世田990-7","35.292441","134.826861"
"久田和公民館","兵庫県朝来市和田山町久田和491-1","35.344177","134.893156"
"久留引公民館","兵庫県朝来市和田山町久留引157-1","35.314449","134.83575"
"宮公民館","兵庫県朝来市和田山町宮162-1","35.348821","134.898567"
"高瀬公民館","兵庫県朝来市和田山町宮田185","35.358467","134.824517"
"宮田公民館","兵庫県朝来市和田山町宮田584-2","35.355441","134.828819"
"宮内公民館","兵庫県朝来市和田山町宮内280-1","35.362099","134.81587"
"玉置公民館","兵庫県朝来市和田山町玉置668-5","35.336254","134.862011"
"和田山体育センター","兵庫県朝来市和田山町玉置87","35.339415","134.862194"
"桑原公民館","兵庫県朝来市和田山町桑原760","35.327525","134.875017"
"高生田集会所","兵庫県朝来市和田山町高生田168-7","35.367625","134.853757"
"糸井小学校","兵庫県朝来市和田山町高生田4-1","35.363963","134.850142"
"高生田公民館","兵庫県朝来市和田山町高生田402-3","35.37066","134.857604"
"新岡地蔵堂","兵庫県朝来市和田山町高生田460-1","35.369556","134.860909"
"高田公民館","兵庫県朝来市和田山町高田101-1","35.366767","134.815622"
"三波公民館","兵庫県朝来市和田山町三波166-1","35.307922","134.81029"
"市御堂公民館","兵庫県朝来市和田山町市御堂175","35.319364","134.846362"
"市場公民館","兵庫県朝来市和田山町市場360-3","35.375847","134.863174"
"寺谷公民館","兵庫県朝来市和田山町寺谷80","35.346756","134.847744"
"寺内公民館","兵庫県朝来市和田山町寺内181-1","35.363184","134.844735"
"万葉台集会所","兵庫県朝来市和田山町寺内796-1","35.360971","134.846993"
"室尾公民館","兵庫県朝来市和田山町室尾30-1","35.356368","134.854724"
"秋葉台第１集会所","兵庫県朝来市和田山町秋葉台1-63","35.356141","134.841511"
"和生園","兵庫県朝来市和田山町秋葉台1-72","35.353417","134.844093"
"秋葉台第２集会所","兵庫県朝来市和田山町秋葉台2-115","35.356272","134.84415"
"秋葉台第３集会所","兵庫県朝来市和田山町秋葉台3-93","35.353367","134.844456"
"秋葉台第４集会所","兵庫県朝来市和田山町秋葉台4-112","35.353385","134.847262"
"竹ノ内公民館","兵庫県朝来市和田山町竹ノ内722-1","35.387154","134.892333"
"米屋町公民館","兵庫県朝来市和田山町竹田162-2","35.300834","134.837429"
"立雲の郷「とらふす道場」","兵庫県朝来市和田山町竹田2063-3","35.292183","134.841833"
"観音町公民館","兵庫県朝来市和田山町竹田234-1","35.299162","134.836436"
"神戸聖隷歴史資料館","兵庫県朝来市和田山町竹田276","35.29868","134.836393"
"竹田上町公民館","兵庫県朝来市和田山町竹田350-2","35.296157","134.835289"
"竹田新町公民館","兵庫県朝来市和田山町竹田405","35.295055","134.833631"
"天理教竹田分教会","兵庫県朝来市和田山町竹田553","35.299635","134.837764"
"竹田地区市民会館","兵庫県朝来市和田山町竹田650","35.298242","134.837938"
"竹田下町公民館","兵庫県朝来市和田山町竹田88-1","35.30255","134.838459"
"中公民館","兵庫県朝来市和田山町中373-7","35.350672","134.886261"
"朝来市朝日集会所（旧朝日分校）","兵庫県朝来市和田山町朝日150-1","35.396926","134.877479"
"安井谷老人福祉センター","兵庫県朝来市和田山町殿32","35.30832","134.824093"
"多世代交流センター","兵庫県朝来市和田山町土田112-1","35.347747","134.835349"
"西土田集会所","兵庫県朝来市和田山町土田131-3","35.347714","134.835691"
"土田公民館","兵庫県朝来市和田山町土田271","35.349512","134.83855"
"土田市営住宅集会所","兵庫県朝来市和田山町土田728-1","35.347924","134.840755"
"駅前公会堂","兵庫県朝来市和田山町東谷213-43","35.339776","134.852143"
"東谷公民館","兵庫県朝来市和田山町東谷31-7","35.340183","134.847412"
"東和田公民館","兵庫県朝来市和田山町東和田346-1","35.349696","134.890328"
"筒江公民館","兵庫県朝来市和田山町筒江52-6","35.309638","134.853942"
"朝来市藤和集会所（旧藤和分校）","兵庫県朝来市和田山町藤和400-4","35.31602","134.790259"
"内海公民館","兵庫県朝来市和田山町内海217","35.377742","134.893835"
"白井公民館","兵庫県朝来市和田山町白井272-2","35.352037","134.906699"
"比治公民館","兵庫県朝来市和田山町比治137-1","35.317364","134.85615"
"平野公民館","兵庫県朝来市和田山町平野357-7","35.343102","134.843925"
"法興寺公民館","兵庫県朝来市和田山町法興寺355-1","35.324315","134.856923"
"法道寺公民館","兵庫県朝来市和田山町法道寺165-3","35.357222","134.816899"
"枚田七味公民館","兵庫県朝来市和田山町枚田1186-2","35.329996","134.849322"
"枚田市営住宅集会所","兵庫県朝来市和田山町枚田1343","35.326956","134.844292"
"枚田中地公民館","兵庫県朝来市和田山町枚田1456","35.326044","134.846173"
"枚田中央公民館","兵庫県朝来市和田山町枚田1456","35.325943","134.846006"
"枚田上地公民館","兵庫県朝来市和田山町枚田1483","35.324975","134.844302"
"枚田県営住宅集会所","兵庫県朝来市和田山町枚田1656-1","35.327374","134.843474"
"枚田段公民館","兵庫県朝来市和田山町枚田1697-1","35.32816","134.842842"
"枚田岡会館","兵庫県朝来市和田山町枚田岡475","35.328228","134.858806"
"野村公民館","兵庫県朝来市和田山町野村231-1","35.351534","134.876417"
"弥生が丘１区集会所","兵庫県朝来市和田山町弥生が丘18-4","35.351707","134.866416"
"弥生が丘２区集会所","兵庫県朝来市和田山町弥生が丘26-15","35.352363","134.862569"
"和田山中学校","兵庫県朝来市和田山町柳原90","35.340393","134.860638"
"立ノ原公民館","兵庫県朝来市和田山町立ノ原89","35.328661","134.856633"
"林垣公民館","兵庫県朝来市和田山町林垣1286-1","35.360993","134.838587"
"緑ケ丘公民館","兵庫県朝来市和田山町林垣200-11","35.355125","134.840546"
"和田公民館","兵庫県朝来市和田山町和田193-1","35.380983","134.873987"
"センター若竹","兵庫県朝来市和田山町和田711","35.382407","134.878665"
"和田山老人福祉センター","兵庫県朝来市和田山町和田山258-1","35.337777","134.856708"
"澤地区公民館","兵庫県朝来市澤546","35.26663","134.821856"
"丸山地区公民館","兵庫県南あわじ市阿那賀1348","34.286509","134.666464"
"阿那賀地区公民館","兵庫県南あわじ市阿那賀25","34.272409","134.671582"
"若人の広場公園","兵庫県南あわじ市阿万塩屋町2658-7","34.233416","134.713555"
"国立淡路青少年交流の家　かんぽラジオ体操広場","兵庫県南あわじ市阿万塩屋町757-39","34.21544","134.720875"
"阿万小学校","兵庫県南あわじ市阿万下町420","34.222565","134.736329"
"阿万地区公民館","兵庫県南あわじ市阿万下町423-1","34.222182","134.737294"
"国立淡路青少年交流の家　職員宿舎敷地","兵庫県南あわじ市阿万西町569-1","34.213345","134.733368"
"伊加利地区公民館","兵庫県南あわじ市伊加利614-2","34.285437","134.686958"
"榎列公民館","兵庫県南あわじ市榎列下幡多802","34.313172","134.771889"
"おのころコミュニティパーク","兵庫県南あわじ市榎列下幡多982","34.312652","134.772198"
"榎列小学校","兵庫県南あわじ市榎列大榎列1426-1","34.312523","134.768254"
"賀集小学校","兵庫県南あわじ市賀集1000","34.26408","134.751353"
"賀集地区公民館","兵庫県南あわじ市賀集1053","34.262444","134.752645"
"賀集八幡公園","兵庫県南あわじ市賀集八幡698-1","34.269788","134.738358"
"広田梅林ふれあい公園","兵庫県南あわじ市広田広田1016-1","34.327085","134.827485"
"広田地区公民館","兵庫県南あわじ市広田広田1057-1","34.323917","134.829441"
"淡路ふれあい公園","兵庫県南あわじ市広田広田1473-12","34.327938","134.817312"
"株式会社イズミフードマシナリ淡路工場本館","兵庫県南あわじ市広田広田552-1","34.327106","134.836349"
"平成淡路看護専門学校","兵庫県南あわじ市広田広田656-1","34.330494","134.833206"
"広田中学校","兵庫県南あわじ市広田中筋107","34.322904","134.83411"
"広田小学校","兵庫県南あわじ市広田中筋121","34.323619","134.835718"
"市地区公民館","兵庫県南あわじ市市三條878-1","34.289977","134.767948"
"中央公民館","兵庫県南あわじ市市三條880","34.289813","134.768178"
"三原中学校","兵庫県南あわじ市市十一ヶ所14-12","34.298572","134.774586"
"三原健康広場","兵庫県南あわじ市市青木198-5","34.279462","134.782111"
"三原川河川公園","兵庫県南あわじ市市善光寺１８－２７地先","34.295388","134.778664"
"市小学校","兵庫県南あわじ市市福永345-1","34.290451","134.769713"
"三原センターパーク","兵庫県南あわじ市市福永549-1","34.285705","134.775265"
"三原志知公民館　別館","兵庫県南あわじ市志知佐礼尾363","34.295778","134.740522"
"三原志知公民館・学ぶ楽しさ支援センター","兵庫県南あわじ市志知佐礼尾6","34.29564","134.740861"
"志知小学校","兵庫県南あわじ市志知南16","34.30219","134.738429"
"西淡志知公民館","兵庫県南あわじ市志知鈩412","34.301986","134.739058"
"西淡中学校","兵庫県南あわじ市松帆古津路577-66","34.334549","134.735845"
"松帆地区公民館","兵庫県南あわじ市松帆高屋丙100-1","34.323843","134.747226"
"沼島地区公民館","兵庫県南あわじ市沼島2368-1","34.16894","134.820318"
"沼島緑地おのころ公園","兵庫県南あわじ市沼島753-1","34.164062","134.822393"
"沼島小学校","兵庫県南あわじ市沼島995","34.165165","134.82237"
"神代地区公民館","兵庫県南あわじ市神代富田1-4","34.277126","134.769868"
"神代コミュニティパーク","兵庫県南あわじ市神代富田128","34.277285","134.771225"
"神代小学校","兵庫県南あわじ市神代富田3","34.276935","134.770951"
"潮美台西公園","兵庫県南あわじ市潮美台1-27","34.25273","134.730996"
"潮美台地区公民館","兵庫県南あわじ市潮美台2-22-3","34.255989","134.731703"
"潮美台東公園","兵庫県南あわじ市潮美台2-23","34.25387","134.734451"
"南淡中学校","兵庫県南あわじ市潮美台3-1","34.251214","134.733866"
"辰美小学校","兵庫県南あわじ市津井2285-4","34.317955","134.691903"
"津井地区公民館","兵庫県南あわじ市津井2285-4","34.317975","134.692917"
"灘地区公民館","兵庫県南あわじ市灘土生1-1","34.200145","134.797197"
"土生集会所","兵庫県南あわじ市灘土生130","34.20092","134.793651"
"八木小学校","兵庫県南あわじ市八木大久保590-1","34.293385","134.794714"
"八木地区公民館","兵庫県南あわじ市八木鳥井348-2","34.29601","134.79003"
"八木コミュニティパーク","兵庫県南あわじ市八木鳥井388","34.295418","134.78989"
"福良原田公園","兵庫県南あわじ市福良乙1124-1","34.262082","134.709081"
"福良小学校","兵庫県南あわじ市福良乙1205","34.258264","134.712676"
"福良波止の浜公園","兵庫県南あわじ市福良乙1652-1","34.254483","134.711801"
"福良八幡神社","兵庫県南あわじ市福良甲1331","34.25844","134.719047"
"福良地区公民館","兵庫県南あわじ市福良甲512-2","34.257623","134.722193"
"福良三角公園","兵庫県南あわじ市福良甲530","34.260234","134.72465"
"国道２８号福良口","兵庫県南あわじ市福良甲709-3","34.262954","134.730945"
"伊賀野公園","兵庫県南あわじ市北阿万伊賀野575-9","34.240174","134.746986"
"北阿万小学校","兵庫県南あわじ市北阿万新田中217","34.247262","134.752984"
"北阿万地区公民館","兵庫県南あわじ市北阿万筒井1228-7","34.248459","134.750534"
"文化体育館","兵庫県南あわじ市北阿万筒井1509-1","34.24677","134.729786"
"湊地区公民館","兵庫県南あわじ市湊75-1","34.324938","134.734293"
"湊小学校","兵庫県南あわじ市湊里1502-1","34.325942","134.726843"
"倭文公民館","兵庫県南あわじ市倭文庄田204","34.333462","134.789129"
"倭文小学校","兵庫県南あわじ市倭文庄田250","34.334277","134.789569"
"旧倭文中学校","兵庫県南あわじ市倭文庄田547","34.337139","134.79364"
"倭文集会所","兵庫県南あわじ市倭文流17","34.330377","134.775174"
"大島小学校","兵庫県尼崎市稲葉荘2-10-7","34.733873","135.385466"
"下坂部小学校","兵庫県尼崎市下坂部1-12-1","34.740157","135.43447"
"大成中学校","兵庫県尼崎市久々知西町2-8-48","34.741551","135.423896"
"金楽寺小学校","兵庫県尼崎市金楽寺町2-3-1","34.726721","135.424946"
"立花南生涯学習プラザ","兵庫県尼崎市栗山町2-25-28","34.744575","135.404779"
"立花小学校","兵庫県尼崎市栗山町2-26-1","34.745002","135.406993"
"立花北小学校","兵庫県尼崎市栗山町2-6-1","34.747647","135.405184"
"元浜緑地","兵庫県尼崎市元浜町１丁目","34.712373","135.39058"
"市立尼崎双星高等学校","兵庫県尼崎市口田中2-8-1","34.752154","135.43646"
"小田南公園","兵庫県尼崎市杭瀬南新町3-3","34.716011","135.429965"
"浦風小学校","兵庫県尼崎市杭瀬南新町4-1-34","34.719168","135.433468"
"杭瀬小学校","兵庫県尼崎市杭瀬北新町2-6-1","34.723016","135.438378"
"大庄中学校","兵庫県尼崎市菜切山町37-1","34.724139","135.393914"
"立花南小学校","兵庫県尼崎市三反田町2-16-1","34.739508","135.409202"
"園田南小学校","兵庫県尼崎市若王寺1-1-1","34.751539","135.433451"
"小園小学校","兵庫県尼崎市若王寺3-23-1","34.744987","135.438233"
"小園中学校","兵庫県尼崎市小中島2-12-27","34.747285","135.441915"
"庄下川公園","兵庫県尼崎市昭和通2-75","34.721148","135.419818"
"市立尼崎高等学校","兵庫県尼崎市上ノ島町1-38-1","34.750564","135.401977"
"立花中学校","兵庫県尼崎市上ノ島町3-1-1","34.745712","135.399435"
"高田公園","兵庫県尼崎市上ノ島町3-43","34.745804","135.401596"
"武庫北小学校","兵庫県尼崎市常松2-14-1","34.769235","135.377729"
"常松中継ポンプ場","兵庫県尼崎市常松2-15","34.767387","135.376932"
"園田中学校","兵庫県尼崎市食満1-1-1","34.759058","135.432807"
"園田小学校","兵庫県尼崎市食満1-1-2","34.759645","135.431404"
"藻川高水敷","兵庫県尼崎市食満4-179","34.761588","135.439096"
"園田東生涯学習プラザ","兵庫県尼崎市食満5-8-46","34.758837","135.439654"
"藻川高水敷","兵庫県尼崎市食満４丁目１７８番地先","34.760895","135.440247"
"小田北中学校","兵庫県尼崎市神崎町24-1","34.741211","135.446644"
"水堂小学校","兵庫県尼崎市水堂町1-32-8","34.742365","135.39325"
"水明公園","兵庫県尼崎市水明町199-1","34.719322","135.394012"
"尼崎市モーターボート競走場","兵庫県尼崎市水明町199-1","34.719322","135.394012"
"蓬川緑地","兵庫県尼崎市崇徳院３丁目５番地先","34.721553","135.402136"
"中央南生涯学習プラザ","兵庫県尼崎市西御園町93-2","34.718816","135.413094"
"中央体育館","兵庫県尼崎市西御園町93-2","34.718575","135.414047"
"常陽中学校","兵庫県尼崎市西昆陽1-26-26","34.767449","135.380466"
"学校法人鉄鋼学園産業技術短期大学","兵庫県尼崎市西昆陽1-27-1","34.770203","135.381489"
"武庫川高水敷","兵庫県尼崎市西昆陽4-1","34.769489","135.376099"
"西川公園","兵庫県尼崎市西川2-4","34.73349","135.442291"
"記念公園","兵庫県尼崎市西長洲町1-4-1","34.731682","135.424316"
"成良中学校","兵庫県尼崎市西長洲町2-33-22","34.721958","135.421303"
"難波の梅小学校","兵庫県尼崎市西難波町6-14-57","34.731821","135.407533"
"尼崎市役所大高洲庁舎","兵庫県尼崎市大高洲町2","34.703968","135.409209"
"大庄小学校","兵庫県尼崎市大庄中通4-43-1","34.722028","135.391581"
"大庄北中学校","兵庫県尼崎市大庄北1-8-1","34.731547","135.395051"
"成文小学校","兵庫県尼崎市大島2-33-1","34.726412","135.38492"
"県立尼崎西高等学校","兵庫県尼崎市大島2-34-1","34.726822","135.384918"
"大庄北生涯学習プラザ","兵庫県尼崎市大島3-9-25","34.72576","135.389262"
"武庫川高水敷","兵庫県尼崎市大島１丁目４８２番地先","34.7265","135.383335"
"園田北小学校","兵庫県尼崎市猪名寺2-4-1","34.76425","135.423334"
"県立尼崎稲園高等学校","兵庫県尼崎市猪名寺3-1-1","34.763579","135.421107"
"潮小学校","兵庫県尼崎市潮江2-2-20","34.737206","135.43069"
"小田中学校","兵庫県尼崎市長洲中通1-10-1","34.729697","135.434221"
"県立尼崎工業／神埼工業高等学校","兵庫県尼崎市長洲中通1-13-1","34.726493","135.434336"
"小田南生涯学習プラザ","兵庫県尼崎市長洲中通1-6-10","34.7309","135.434789"
"県立尼崎小田高等学校","兵庫県尼崎市長洲中通2-17-46","34.724193","135.433723"
"長洲小学校","兵庫県尼崎市長洲東通3-7-1","34.721652","135.432819"
"清和小学校","兵庫県尼崎市長洲本通1-8-1","34.728882","135.432285"
"猪名川公園","兵庫県尼崎市椎堂1-35-1","34.76189","135.449493"
"塚口小学校","兵庫県尼崎市塚口町4-38-1","34.75939","135.410654"
"県立尼崎北高等学校","兵庫県尼崎市塚口町5-40-1","34.756188","135.408487"
"尼崎北小学校","兵庫県尼崎市塚口町6-21-1","34.758601","135.404934"
"塚口本町緑地","兵庫県尼崎市塚口本町4-509-14","34.761107","135.417038"
"園和北小学校","兵庫県尼崎市田能1-7-1","34.763102","135.442307"
"園田競馬場の一部（第４投票所、和室休憩室、スタンド、中央芝生の一部）","兵庫県尼崎市田能2-1-1","34.765481","135.444923"
"園田競馬場騎手住宅（屋上）","兵庫県尼崎市田能2-3-1","34.765016","135.442978"
"農業公園","兵庫県尼崎市田能5-12-1","34.769066","135.432358"
"園和小学校","兵庫県尼崎市東園田町4-73-2","34.754161","135.446835"
"園田東中学校","兵庫県尼崎市東園田町5-79","34.754553","135.450809"
"北部浄化センター","兵庫県尼崎市東園田町7-82","34.75101","135.458461"
"園田東小学校","兵庫県尼崎市東園田町8-7","34.745521","135.456369"
"橘公園","兵庫県尼崎市東七松町1-22","34.73299","135.407898"
"日新中学校","兵庫県尼崎市東七松町2-1-44","34.734673","135.409813"
"芦原公園","兵庫県尼崎市東七松町2-11","34.734158","135.410416"
"中央中学校","兵庫県尼崎市東七松町2-5-67","34.733998","135.409804"
"大物公園","兵庫県尼崎市東大物町1-64","34.717991","135.428085"
"上坂部小学校","兵庫県尼崎市東塚口町1-15-36","34.750405","135.423692"
"上坂部西公園","兵庫県尼崎市東塚口町2-1","34.749546","135.424637"
"中央北生涯学習プラザ","兵庫県尼崎市東難波町2-14-1","34.730287","135.410777"
"難波小学校","兵庫県尼崎市東難波町4-3-40","34.724683","135.410111"
"七松小学校","兵庫県尼崎市南七松町1-4-49","34.732955","135.402468"
"明城小学校","兵庫県尼崎市南城内10-1","34.714459","135.420472"
"立花西小学校","兵庫県尼崎市南武庫之荘3-14-9","34.746319","135.395867"
"大井戸公園","兵庫県尼崎市南武庫之荘3-37","34.748886","135.392303"
"南武庫之荘中学校","兵庫県尼崎市南武庫之荘4-11-1","34.746019","135.388677"
"浜小学校","兵庫県尼崎市浜2-21-1","34.733252","135.440358"
"浜田公園","兵庫県尼崎市浜田町2-132","34.731262","135.397369"
"浜田小学校","兵庫県尼崎市浜田町3-110","34.729049","135.396188"
"塚口中学校","兵庫県尼崎市富松町4-31-1","34.764113","135.403502"
"武庫西生涯学習プラザ","兵庫県尼崎市武庫の里1-13-29","34.761039","135.385133"
"武庫の里小学校","兵庫県尼崎市武庫の里1-4-1","34.759559","135.383271"
"武庫中学校","兵庫県尼崎市武庫元町2-24-30","34.759776","135.379518"
"武庫小学校","兵庫県尼崎市武庫元町2-25-34","34.759669","135.38081"
"西武庫公園","兵庫県尼崎市武庫元町3-14-1","34.758789","135.376572"
"武庫健康ふれあい体育館","兵庫県尼崎市武庫元町3-14-1","34.760265","135.377207"
"武庫川高水敷","兵庫県尼崎市武庫元町3-2-9","34.758071","135.374859"
"わかば西小学校","兵庫県尼崎市武庫川町1-25","34.71607","135.388882"
"武庫南小学校","兵庫県尼崎市武庫町4-11-1","34.75097","135.377748"
"武庫川高水敷","兵庫県尼崎市武庫町３丁目１４８－２地先","34.753426","135.376633"
"武庫東小学校","兵庫県尼崎市武庫之荘6-15-1","34.76177","135.38755"
"武庫東中学校","兵庫県尼崎市武庫之荘7-35-1","34.762229","135.394425"
"友行西公園","兵庫県尼崎市武庫之荘8-150","34.765175","135.387839"
"県立武庫荘総合高等学校","兵庫県尼崎市武庫之荘8-31-1","34.765207","135.386152"
"武庫庄小学校","兵庫県尼崎市武庫之荘本町3-21-1","34.758428","135.396311"
"成徳小学校","兵庫県尼崎市蓬川町302-2","34.720437","135.398323"
"尼崎城址公園","兵庫県尼崎市北城内27","34.716545","135.418518"
"中央図書館","兵庫県尼崎市北城内27","34.716545","135.418518"
"琴ノ浦高等学校","兵庫県尼崎市北城内47-1","34.716079","135.41996"
"県立尼崎高等学校","兵庫県尼崎市北大物町18-1","34.721986","135.426346"
"竹谷小学校","兵庫県尼崎市北竹谷町2-36","34.721061","135.40578"
"尾浜公園","兵庫県尼崎市名神町2-76","34.741535","135.417236"
"名和小学校","兵庫県尼崎市名神町3-1-51","34.740128","135.419877"
"弥生ケ丘墓園","兵庫県尼崎市弥生ケ丘町2-1","34.745392","135.447449"
"水田川西公園","兵庫県播磨町宮西1-101-1","34.724711","134.854729"
"多木化学株式会社従業員駐車場","兵庫県播磨町宮西2-198-1","34.720535","134.852369"
"宮西公園","兵庫県播磨町宮西2-61-2","34.72138","134.854215"
"住友精化株式会社テニスコート","兵庫県播磨町宮西3-1326-10","34.717628","134.855622"
"住友精化株式会社グラウンド","兵庫県播磨町宮西3-1326-3","34.717335","134.854948"
"播磨小学校　（校舎・体育館）","兵庫県播磨町宮北1-3-10","34.717517","134.866427"
"播磨小学校　（グラウンド）","兵庫県播磨町宮北1-3-10","34.717272","134.865754"
"播磨小学校　（校舎３Ｆ以上）","兵庫県播磨町宮北1-3-10","34.717796","134.865744"
"宮北公園","兵庫県播磨町宮北3-473-5","34.7156","134.862517"
"県立播磨南高等学校　（体育館）","兵庫県播磨町古宮4-3-1","34.70646","134.871263"
"播磨南中学校　（校舎３Ｆ以上）","兵庫県播磨町古宮5-10-1","34.709308","134.870692"
"播磨南中学校　（校舎・体育館）","兵庫県播磨町古宮5-10-1","34.709638","134.871031"
"播磨南中学校　（グラウンド）","兵庫県播磨町古宮5-10-1","34.708617","134.871168"
"播磨南小学校　（校舎３Ｆ以上）","兵庫県播磨町古宮5-11-10","34.708196","134.870179"
"播磨南小学校　（グラウンド）","兵庫県播磨町古宮5-11-10","34.707524","134.870363"
"播磨南小学校　（校舎・体育館）","兵庫県播磨町古宮5-11-10","34.708657","134.870058"
"西部コミュニティセンター","兵庫県播磨町古田1-1-11","34.723818","134.867261"
"古田公園","兵庫県播磨町古田2-460-3","34.72481","134.862324"
"古田西公園","兵庫県播磨町古田3-1181-4","34.726183","134.859411"
"宮の裏公園","兵庫県播磨町上野添2-1844","34.72344","134.882759"
"野添北公園","兵庫県播磨町上野添2-1900","34.724481","134.88308"
"新島中央公園","兵庫県播磨町新島46-1","34.701219","134.851745"
"播磨町塵芥処理センター　（２Ｆ以上）","兵庫県播磨町新島59","34.695954","134.848729"
"加古郡衛生センター　（２Ｆ以上）","兵庫県播磨町新島60","34.695576","134.847278"
"鹿ノ川公園","兵庫県播磨町西野添1-130","34.719367","134.87967"
"野添コミュニティセンター","兵庫県播磨町西野添1-14-17","34.720199","134.8795"
"瓜生公園","兵庫県播磨町西野添2-62","34.717697","134.877656"
"大西東公園","兵庫県播磨町西野添3-122","34.720101","134.876564"
"蓮池小学校　（グラウンド）","兵庫県播磨町西野添4-3-1","34.720884","134.879373"
"蓮池小学校　（校舎・体育館）","兵庫県播磨町西野添4-3-1","34.721019","134.878619"
"蓮池公園","兵庫県播磨町西野添4-68","34.722018","134.877747"
"大西公園","兵庫県播磨町西野添5-178","34.721563","134.874472"
"大中遺跡公園","兵庫県播磨町大中1-387-1","34.727013","134.877427"
"大中公園","兵庫県播磨町大中2-252-1","34.72285","134.872518"
"向ヶ池公園","兵庫県播磨町東本荘1-350-10","34.715298","134.868836"
"中央公民館","兵庫県播磨町東本荘1-5-40","34.715026","134.867268"
"鹿ノ川東公園","兵庫県播磨町東野添2-36","34.717404","134.882033"
"北池公園","兵庫県播磨町東野添3-696-49","34.716816","134.879645"
"北池広場","兵庫県播磨町東野添3-696-86","34.714505","134.879617"
"播磨中学校　（グラウンド）","兵庫県播磨町南大中1-6-50","34.718372","134.870171"
"播磨中学校　（校舎・体育館）","兵庫県播磨町南大中1-6-50","34.719373","134.869517"
"川端公園","兵庫県播磨町南大中2-110-5","34.718421","134.867602"
"田中公園","兵庫県播磨町南野添2-60","34.718495","134.873656"
"エバーホテルはりま加古川　（３Ｆ以上）","兵庫県播磨町南野添3-1-1","34.715752","134.872009"
"エバーホテルはりま加古川　（１Ｆロビー）","兵庫県播磨町南野添3-1-1","34.715693","134.872016"
"セフレ播磨　（３Ｆ以上）","兵庫県播磨町南野添3-10-11","34.716432","134.868676"
"サンシティ本荘壱番館　（３Ｆ以上）","兵庫県播磨町南野添3-5-1","34.716049","134.870607"
"サンシティ本荘弐番館　（３Ｆ以上）","兵庫県播磨町南野添3-5-2","34.716635","134.869968"
"長池公園","兵庫県播磨町二子417-1","34.709979","134.875452"
"東部コミュニティセンター","兵庫県播磨町二子418-3","34.71049","134.875502"
"二子北公園","兵庫県播磨町二子533-2","34.711141","134.878156"
"県立東はりま特別支援学校　（グラウンド）","兵庫県播磨町北古田1-17-17","34.72511","134.869277"
"県立東はりま特別支援学校　（校舎・体育館）","兵庫県播磨町北古田1-17-17","34.725181","134.86873"
"南部コミュニティセンター","兵庫県播磨町北本荘2-6-30","34.719034","134.860638"
"平松公園","兵庫県播磨町北本荘3-940-2","34.720968","134.859037"
"石ヶ池公園","兵庫県播磨町北本荘4-477","34.723254","134.861218"
"播磨西小学校　（校舎・体育館）","兵庫県播磨町北本荘4-5-1","34.722662","134.859512"
"播磨西小学校　（グラウンド）","兵庫県播磨町北本荘4-5-1","34.722763","134.860376"
"播磨西小学校　（校舎３Ｆ以上）","兵庫県播磨町北本荘4-5-1","34.722341","134.859972"
"ＢｉＶｉ土山　（であいの広場、２Ｆ通路）","兵庫県播磨町北野添2-1-2","34.72084","134.888141"
"駅西公園","兵庫県播磨町北野添2-1590","34.721624","134.886021"
"土山駅南ガーデンプラザ","兵庫県播磨町北野添2-1604-6","34.720955","134.88743"
"住友精化株式会社　コミュニケーションセンターＵＲＵＯＩ館","兵庫県播磨町本荘4-11-36","34.718007","134.856349"
"浜田公園　（自由広場）","兵庫県播磨町本荘70-1","34.71121","134.861866"
"城東公園","兵庫県播磨町野添城1-36","34.72602","134.882337"
"城西公園","兵庫県播磨町野添城2-68","34.728542","134.881137"
"阿保緑地","兵庫県姫路市阿保地先","34.82272","134.714598"
"ネスパルやすとみ","兵庫県姫路市安富町安志1151","34.985554","134.595942"
"安富中学校","兵庫県姫路市安富町安志320-1","34.990649","134.59404"
"安富スポーツセンター（グラウンド）","兵庫県姫路市安富町安志673-3","34.992801","134.587263"
"安富南小学校","兵庫県姫路市安富町安志869","34.985936","134.591027"
"狭戸公民館","兵庫県姫路市安富町狭戸644-1","34.957627","134.579972"
"コミュニティ防災公園","兵庫県姫路市安富町長野231-1","34.977229","134.587687"
"安富北小学校","兵庫県姫路市安富町杤原664-2","35.021056","134.604128"
"城北公民館","兵庫県姫路市伊伝居490-2","34.850741","134.69823"
"姫路工業高校","兵庫県姫路市伊伝居600-1","34.847957","134.698552"
"城北小学校","兵庫県姫路市伊伝居600-2","34.849707","134.697268"
"姫路商業高校","兵庫県姫路市井ノ口468","34.825389","134.656315"
"荒川小学校","兵庫県姫路市井ノ口49-1","34.821929","134.661413"
"山陽中学校","兵庫県姫路市延末103-1","34.822988","134.678087"
"手柄小学校","兵庫県姫路市延末148-2","34.821485","134.677817"
"手柄公民館","兵庫県姫路市延末149-1","34.821441","134.679023"
"城の西公民館","兵庫県姫路市岡町33","34.840255","134.684937"
"秩父山公園","兵庫県姫路市下手野２－４２６－４外","34.846772","134.654021"
"宮区民総合センター","兵庫県姫路市家島町宮1049","34.675823","134.534249"
"宮区民会館","兵庫県姫路市家島町宮1055","34.675577","134.534054"
"家島宮老人の家","兵庫県姫路市家島町宮1443","34.671684","134.535869"
"家島高校","兵庫県姫路市家島町宮1759-1","34.668993","134.529532"
"家島中学校","兵庫県姫路市家島町宮1877-2","34.66839","134.530345"
"家島男鹿老人の家","兵庫県姫路市家島町宮2165-11","34.668986","134.582544"
"家島保健福祉サービスセンター","兵庫県姫路市家島町宮2169","34.67362","134.530477"
"家島Ｂ＆Ｇ海洋センター","兵庫県姫路市家島町真浦1732-73","34.669513","134.519612"
"家島公民館","兵庫県姫路市家島町真浦2137-1","34.675524","134.531925"
"家島小学校","兵庫県姫路市家島町真浦2141","34.674492","134.530663"
"家島幼稚園","兵庫県姫路市家島町真浦2152","34.67446","134.529457"
"真浦区民会館","兵庫県姫路市家島町真浦2379","34.677239","134.527259"
"真浦区民総合センター","兵庫県姫路市家島町真浦571","34.677622","134.527082"
"坊勢青年会館","兵庫県姫路市家島町坊勢143","34.654306","134.515026"
"家島群島開発総合センター","兵庫県姫路市家島町坊勢186","34.655518","134.517049"
"坊勢幼稚園","兵庫県姫路市家島町坊勢303-3","34.653014","134.515657"
"坊勢小学校","兵庫県姫路市家島町坊勢415-1","34.652639","134.514657"
"坊勢中学校","兵庫県姫路市家島町坊勢430-1","34.651121","134.514067"
"坊勢スポーツセンター","兵庫県姫路市家島町坊勢700-24","34.651347","134.517669"
"一本松緑地","兵庫県姫路市花田町一本松地先","34.824494","134.718724"
"球技スポーツセンター","兵庫県姫路市花田町加納原田813","34.831625","134.728584"
"東市民センター","兵庫県姫路市花田町加納原田888-1","34.832732","134.727806"
"花田公民館","兵庫県姫路市花田町小川1074-3","34.839529","134.720931"
"花田中学校","兵庫県姫路市花田町小川1246-1","34.847521","134.722942"
"花田中央公園","兵庫県姫路市花田町小川４２０外","34.845791","134.723021"
"お通緑地","兵庫県姫路市花田町小川地先","34.838596","134.719768"
"花田小学校","兵庫県姫路市花田町勅旨264-2","34.834948","134.724595"
"船場川東公園","兵庫県姫路市亀山1-225","34.808152","134.67148"
"ひがし交流センター","兵庫県姫路市宮上町1-15-1","34.830043","134.713536"
"糸引公民館","兵庫県姫路市継156-1","34.792524","134.721139"
"兼田緑地","兵庫県姫路市兼田386-4","34.804115","134.694202"
"御国野小学校","兵庫県姫路市御国野町御着1049-3","34.820886","134.74254"
"御国野公民館","兵庫県姫路市御国野町御着1142-8","34.818769","134.74102"
"御立公園","兵庫県姫路市御立西4-1766-1","34.864392","134.660868"
"安室公民館","兵庫県姫路市御立中3-3-7","34.863906","134.668132"
"御立前山公園","兵庫県姫路市御立中１－６１２－２外","34.864333","134.669201"
"東公民館","兵庫県姫路市幸町94","34.831588","134.705035"
"八幡公民館","兵庫県姫路市広畑区蒲田3-161","34.826071","134.642779"
"広畑第二公民館","兵庫県姫路市広畑区高浜町3-21","34.799661","134.622129"
"広畑第二小学校","兵庫県姫路市広畑区高浜町3-35","34.801241","134.621455"
"広高浜公園","兵庫県姫路市広畑区高浜町４－１－５５外","34.800982","134.619131"
"夢前中学校","兵庫県姫路市広畑区才226-1","34.815699","134.629986"
"小坂公園","兵庫県姫路市広畑区小坂２０２外","34.80679","134.617867"
"広畑中学校","兵庫県姫路市広畑区小松町3-83","34.802355","134.621529"
"広畑市民センター","兵庫県姫路市広畑区正門通1-7-3","34.805149","134.628569"
"広畑小学校","兵庫県姫路市広畑区清水町1-47","34.804445","134.632278"
"八幡小学校","兵庫県姫路市広畑区西蒲田1400-24","34.824759","134.636768"
"浜手緑地広畑西地区","兵庫県姫路市広畑区大町","34.79507","134.626422"
"浜手緑地広畑鶴町地区","兵庫県姫路市広畑区鶴町1","34.793637","134.634006"
"広畑緑地","兵庫県姫路市広畑区北河原町","34.801853","134.637733"
"広畑公民館","兵庫県姫路市広畑区本町1-53","34.802352","134.629831"
"本町公園","兵庫県姫路市広畑区本町2-28","34.801362","134.631815"
"ニトリ　姫路広畑店","兵庫県姫路市広畑区夢前町1-2-3","34.796106","134.638747"
"浜手緑地広畑東地区","兵庫県姫路市広畑区夢前町2","34.794518","134.640433"
"ホームセンタームサシ　姫路店","兵庫県姫路市広畑区夢前町3-1-7","34.796187","134.640974"
"城北公園","兵庫県姫路市広峰1","34.854018","134.704287"
"姫路公園競馬場","兵庫県姫路市広峰2-7-80","34.855067","134.70112"
"香寺中学校","兵庫県姫路市香寺町岩部293","34.919383","134.736543"
"犬飼公民館","兵庫県姫路市香寺町犬飼464-1","34.901579","134.734916"
"犬飼河川公園","兵庫県姫路市香寺町犬飼８７１－３地先","34.89729","134.737064"
"広瀬ふれあい会館","兵庫県姫路市香寺町広瀬42-1","34.910407","134.739977"
"姫路市休養センター「香寺荘」","兵庫県姫路市香寺町恒屋1470","34.945762","134.712424"
"北恒屋公民館","兵庫県姫路市香寺町恒屋1551-1","34.942133","134.718473"
"太子丘公園","兵庫県姫路市香寺町溝口４８４－１外","34.927933","134.741724"
"香寺総合公園スポーツセンター","兵庫県姫路市香寺町行重335","34.925183","134.729833"
"香寺温水プール","兵庫県姫路市香寺町香呂239-1","34.913312","134.73496"
"香呂小学校","兵庫県姫路市香寺町香呂626","34.911513","134.730666"
"姫路日ノ本短期大学・日ノ本学園高等学校","兵庫県姫路市香寺町香呂890","34.918337","134.728235"
"香呂南小学校","兵庫県姫路市香寺町須加院173","34.894385","134.726494"
"香寺北公民館","兵庫県姫路市香寺町中寺121-1","34.930824","134.731679"
"中寺小学校","兵庫県姫路市香寺町中寺231","34.931619","134.729237"
"香寺公民館","兵庫県姫路市香寺町土師396","34.926721","134.728752"
"香寺高校","兵庫県姫路市香寺町土師547","34.931331","134.735216"
"東光中学校","兵庫県姫路市国府寺町80","34.834641","134.702666"
"琴丘高校","兵庫県姫路市今宿668","34.838016","134.660058"
"高丘中学校","兵庫県姫路市山吹1-4-13","34.850768","134.66439"
"山田小学校","兵庫県姫路市山田町北山田108","34.911366","134.774002"
"山田公民館","兵庫県姫路市山田町北山田109-6","34.911249","134.773356"
"牧野丸山公園","兵庫県姫路市山田町牧野699-14","34.902578","134.768708"
"琴陵中学校","兵庫県姫路市山畑新田525","34.838166","134.677741"
"見野の郷交流館","兵庫県姫路市四郷町見野964-5","34.807065","134.72459"
"四郷学院（前期課程）","兵庫県姫路市四郷町坂元227","34.810119","134.722915"
"四郷公民館","兵庫県姫路市四郷町坂元258-1","34.811032","134.722837"
"四郷学院（後期課程）","兵庫県姫路市四郷町坂元345-2","34.811862","134.720349"
"埋蔵文化財センター","兵庫県姫路市四郷町坂元414-1","34.816748","134.719844"
"姫路特別支援学校体育館","兵庫県姫路市四郷町東阿保476-1","34.813911","134.71518"
"東阿保緑地（１）","兵庫県姫路市四郷町東阿保地先","34.822146","134.717897"
"市川台緑地","兵庫県姫路市市川台1","34.831954","134.717226"
"日ノ出緑地","兵庫県姫路市市川台１地先","34.824436","134.715062"
"東小学校","兵庫県姫路市市之郷町2-34","34.826834","134.709104"
"兵庫県立大学姫路工学キャンパス","兵庫県姫路市書写2167","34.877896","134.649363"
"曽左公民館","兵庫県姫路市書写2961-1","34.874934","134.648594"
"書写中央公園","兵庫県姫路市書写634-161","34.869015","134.659489"
"曽左小学校","兵庫県姫路市書写634-51","34.868198","134.661257"
"曽左幼稚園","兵庫県姫路市書写台1-62-1","34.874102","134.64944"
"書写中学校","兵庫県姫路市書写台2-34","34.868483","134.646823"
"書写養護学校体育館","兵庫県姫路市書写台3-148-1","34.866342","134.646886"
"勝原公民館","兵庫県姫路市勝原区宮田489-3","34.81405","134.596102"
"大津茂公民館","兵庫県姫路市勝原区勝原町16-2","34.807144","134.600585"
"旧勝原小学校第２グラウンド","兵庫県姫路市勝原区丁","34.817047","134.60245"
"勝原小学校","兵庫県姫路市勝原区丁735-3","34.814867","134.597911"
"勝原市民センター","兵庫県姫路市勝原区丁743","34.81443","134.597401"
"朝日山公園","兵庫県姫路市勝原区朝日谷６０１－１外","34.817494","134.58594"
"高岡西小学校","兵庫県姫路市上手野1-1","34.848382","134.655781"
"高岡西公民館","兵庫県姫路市上手野41-4","34.849184","134.656285"
"姫路獨協大学","兵庫県姫路市上大野7-2-1","34.872133","134.689513"
"城東小学校","兵庫県姫路市城東町竹之門1","34.836461","134.704516"
"城東公民館","兵庫県姫路市城東町竹之門15","34.837062","134.705204"
"姫路飾西高校","兵庫県姫路市飾西148-2","34.861251","134.635684"
"白鳥小学校","兵庫県姫路市飾西341","34.863376","134.642403"
"大白書中学校","兵庫県姫路市飾西652","34.858876","134.645271"
"西市民センター","兵庫県姫路市飾西728-5","34.861173","134.644113"
"白鳥公民館","兵庫県姫路市飾西85-1","34.863201","134.637864"
"谷内市民広場","兵庫県姫路市飾東町八重畑1032-2","34.857275","134.775042"
"谷内公民館","兵庫県姫路市飾東町八重畑1032-2","34.857401","134.775033"
"谷内小学校","兵庫県姫路市飾東町八重畑130-1","34.856581","134.777114"
"城山中学校","兵庫県姫路市飾東町豊国1163-5","34.847815","134.746546"
"谷外小学校","兵庫県姫路市飾東町豊国560","34.84435","134.741942"
"谷外公民館","兵庫県姫路市飾東町豊国63-1","34.841635","134.741314"
"中島阿成跨線橋","兵庫県姫路市飾磨区阿成鹿古","34.795517","134.686401"
"高浜小学校","兵庫県姫路市飾磨区阿成鹿古250","34.800128","134.68648"
"高浜公民館","兵庫県姫路市飾磨区阿成鹿古312","34.801583","134.6871"
"高浜総合公園","兵庫県姫路市飾磨区阿成植木１１３３外","34.807096","134.691992"
"英賀保公民館","兵庫県姫路市飾磨区英賀清水町1-14","34.807945","134.644889"
"英賀保幼稚園","兵庫県姫路市飾磨区英賀清水町2-73","34.806159","134.644435"
"英賀保小学校","兵庫県姫路市飾磨区英賀清水町2-76","34.807117","134.644866"
"図書館飾磨分館ホール","兵庫県姫路市飾磨区下野田1-1","34.799166","134.677917"
"津田公民館","兵庫県姫路市飾磨区加茂373-1","34.80406","134.658931"
"飾磨公民館","兵庫県姫路市飾磨区宮16","34.795963","134.669526"
"飾磨市民センター","兵庫県姫路市飾磨区玉地1-27","34.799803","134.677384"
"飾磨小学校","兵庫県姫路市飾磨区恵美酒22","34.798894","134.672321"
"浜手緑地構地区","兵庫県姫路市飾磨区構","34.795652","134.659094"
"飾磨港大橋","兵庫県姫路市飾磨区構","34.79476","134.65995"
"飾磨西中学校","兵庫県姫路市飾磨区構2-93","34.809412","134.6615"
"津田公園","兵庫県姫路市飾磨区構２－１７９外","34.808852","134.659451"
"津田小学校","兵庫県姫路市飾磨区今在家3-233","34.803566","134.658524"
"環境ふれあいセンター","兵庫県姫路市飾磨区今在家4-30","34.804003","134.650913"
"浜手緑地妻鹿地区","兵庫県姫路市飾磨区妻鹿","34.784237","134.689256"
"妻鹿公民館","兵庫県姫路市飾磨区妻鹿170-6","34.791931","134.694362"
"飾磨高校","兵庫県姫路市飾磨区妻鹿672","34.793787","134.699326"
"妻鹿小学校","兵庫県姫路市飾磨区妻鹿786-3","34.788853","134.695064"
"浜手緑地細江地区","兵庫県姫路市飾磨区細江","34.794643","134.661667"
"飾磨臨海大橋","兵庫県姫路市飾磨区細江","34.788788","134.665175"
"飾磨体育館","兵庫県姫路市飾磨区細江104-3","34.804731","134.671562"
"飾磨中部中学校","兵庫県姫路市飾磨区細江206","34.803325","134.670388"
"飾磨工業高校","兵庫県姫路市飾磨区細江319","34.801398","134.669545"
"イオンモール姫路リバーシティー　ショッピングセンター　立体駐車場","兵庫県姫路市飾磨区細江520","34.798142","134.668434"
"飾磨大和会館立体駐車場","兵庫県姫路市飾磨区細江580","34.79816","134.664048"
"飾磨中央公園","兵庫県姫路市飾磨区細江５２０－９４外","34.797128","134.667269"
"飾磨東中学校","兵庫県姫路市飾磨区三和町26","34.799302","134.683375"
"浜手緑地中島東地区","兵庫県姫路市飾磨区中島","34.788733","134.682031"
"浜手緑地中島地区","兵庫県姫路市飾磨区中島","34.791623","134.676616"
"飾磨大橋","兵庫県姫路市飾磨区中島","34.795806","134.673327"
"市川浜手大橋","兵庫県姫路市飾磨区中島","34.788046","134.687826"
"中島臨海橋","兵庫県姫路市飾磨区中島","34.770525","134.667525"
"ラウンドワン姫路飾磨店　立体駐車場","兵庫県姫路市飾磨区中島1-254","34.792551","134.686924"
"中島野球場","兵庫県姫路市飾磨区中島2558","34.789407","134.680355"
"ホテルアストンプラザ姫路","兵庫県姫路市飾磨区中島763-1","34.7942","134.679452"
"付城公園","兵庫県姫路市飾磨区付城2-180","34.811798","134.650978"
"矢倉公園","兵庫県姫路市飾磨区矢倉町2-23","34.807117","134.637776"
"城西小学校","兵庫県姫路市新在家2-4-1","34.844717","134.681766"
"兵庫県立大学姫路　環境人間キャンパス","兵庫県姫路市新在家本町1-1-12","34.848045","134.6885"
"中央体育館（ヴィクトリーナ・ウインク体育館）","兵庫県姫路市西延末90","34.821213","134.672212"
"手柄山中央公園","兵庫県姫路市西延末４４０外","34.821984","134.675609"
"高岡小学校","兵庫県姫路市西今宿4-8-1","34.84608","134.66359"
"高岡第一公園","兵庫県姫路市西今宿３－６３３－１１外","34.840425","134.662009"
"水上小学校","兵庫県姫路市西中島382","34.855057","134.713508"
"城南公民館","兵庫県姫路市西二階町68-1","34.832811","134.688225"
"西夢前台第二緑地","兵庫県姫路市西夢前台6","34.819498","134.637383"
"太市公民館","兵庫県姫路市西脇439-8","34.863451","134.60465"
"太市小学校","兵庫県姫路市西脇507","34.863264","134.603132"
"青山公民館","兵庫県姫路市青山5-2-1","34.845375","134.639711"
"青山小学校","兵庫県姫路市青山北3-42-1","34.852333","134.633098"
"船津公園","兵庫県姫路市船津町3288","34.921113","134.749181"
"船津公園ふれあいの館","兵庫県姫路市船津町3288","34.92183","134.748997"
"神南中学校","兵庫県姫路市船津町3937","34.908379","134.757742"
"船津小学校","兵庫県姫路市船津町921-2","34.918729","134.757391"
"市民会館","兵庫県姫路市総社本町112","34.832795","134.695613"
"花の北市民広場　（水上公民館併設、花北体育館含む）","兵庫県姫路市増位新町2-12","34.85666","134.710583"
"増位中学校","兵庫県姫路市増位新町2-4-1","34.858325","134.70989"
"桜山公園","兵庫県姫路市太市中275-1","34.856966","134.615417"
"峰相小学校","兵庫県姫路市打越582-1","34.883914","134.635308"
"大的市民センター","兵庫県姫路市大塩町2211-5","34.776822","134.752246"
"大的中学校","兵庫県姫路市大塩町2213-2","34.775741","134.752002"
"大塩公民館","兵庫県姫路市大塩町汐咲1-39","34.779251","134.757084"
"大塩小学校","兵庫県姫路市大塩町汐咲2-19","34.778661","134.754763"
"南大津公民館","兵庫県姫路市大津区勘兵衛町1-18-2","34.791417","134.614666"
"南大津小学校","兵庫県姫路市大津区真砂町40-2","34.788028","134.606258"
"大津団地第二公園","兵庫県姫路市大津区大津町3-41","34.80516","134.605646"
"大津中学校","兵庫県姫路市大津区長松229","34.799319","134.603105"
"大津小学校","兵庫県姫路市大津区天満1001-4","34.797604","134.606056"
"姫路海稜高校","兵庫県姫路市大津区天満191-5","34.802953","134.610062"
"大津公民館","兵庫県姫路市大津区天満883-1","34.796027","134.607801"
"陸上競技場（ウインク陸上競技場）","兵庫県姫路市中地377-1","34.82177","134.671057"
"総合スポーツ会館","兵庫県姫路市中地453","34.820146","134.66721"
"荒川幼稚園","兵庫県姫路市町坪127","34.821116","134.658663"
"荒川公民館","兵庫県姫路市町坪127-4","34.820814","134.658222"
"飾西公園","兵庫県姫路市町田19-1","34.864792","134.636749"
"姫路高校","兵庫県姫路市辻井9-1-10","34.850637","134.677879"
"国道２５０号線（八家峠）","兵庫県姫路市的形町的形","34.780305","134.731388"
"的形公民館","兵庫県姫路市的形町的形1358-4","34.777501","134.739747"
"的形小学校","兵庫県姫路市的形町的形1619","34.776267","134.740324"
"飾磨消防署　大的出張所","兵庫県姫路市的形町的形1804-4","34.779781","134.746255"
"的形北公園","兵庫県姫路市的形町的形３０５－１外","34.782285","134.745769"
"安室小学校","兵庫県姫路市田寺6-11-12","34.859517","134.667837"
"生涯学習大学校","兵庫県姫路市田寺東2-11-1","34.85593","134.675218"
"田寺テニスコート","兵庫県姫路市田寺東2-12-1","34.855169","134.676278"
"姫路市立好古学園大学校","兵庫県姫路市田寺東2-2-1","34.855537","134.674392"
"安室東公民館","兵庫県姫路市田寺東2-2-3","34.855271","134.675382"
"安室東小学校","兵庫県姫路市田寺東2-5-1","34.855471","134.672963"
"安室中学校","兵庫県姫路市田寺東2-6-1","34.855694","134.671971"
"安室公園","兵庫県姫路市田寺東２－７９１外","34.854487","134.674506"
"砥堀公民館","兵庫県姫路市砥堀1152-1","34.871533","134.729923"
"砥堀小学校","兵庫県姫路市砥堀1240-3","34.875444","134.730442"
"船場小学校","兵庫県姫路市東雲町1-29","34.832886","134.682794"
"船場公民館","兵庫県姫路市東雲町1-29","34.832388","134.681829"
"高岡市民広場","兵庫県姫路市東今宿5-3","34.841548","134.664117"
"高岡市民センター","兵庫県姫路市東今宿5-3-20","34.841907","134.663886"
"高岡公民館","兵庫県姫路市東今宿5-3-40","34.842124","134.664428"
"糸引小学校","兵庫県姫路市東山114-1","34.794629","134.717377"
"糸引公園","兵庫県姫路市東山３７","34.792854","134.716242"
"姫路しらさぎ特別支援学校　体育館","兵庫県姫路市苫編688-58","34.822751","134.654434"
"運河公園","兵庫県姫路市南条","34.817371","134.688884"
"城乾公民館","兵庫県姫路市南新在家6-1","34.844525","134.685258"
"城乾市民センター","兵庫県姫路市南八代町6-1","34.842661","134.686893"
"城乾中学校","兵庫県姫路市南八代町6-1","34.842511","134.68606"
"城乾小学校","兵庫県姫路市南八代町6-60","34.843558","134.686661"
"増位公民館","兵庫県姫路市白国1-1-16","34.857244","134.704988"
"増位小学校","兵庫県姫路市白国5-9-1","34.863645","134.702616"
"白浜西山公園","兵庫県姫路市白浜町1355","34.788439","134.696942"
"灘浜緑地","兵庫県姫路市白浜町８外","34.770075","134.700069"
"宇佐崎跨線橋","兵庫県姫路市白浜町宇佐崎中","34.785631","134.71767"
"灘市民センター","兵庫県姫路市白浜町宇佐崎中2-520","34.782424","134.713174"
"宇佐崎公園","兵庫県姫路市白浜町宇佐崎中2-666","34.783462","134.712845"
"灘南緑道","兵庫県姫路市白浜町宇佐崎中３－１２０外","34.781842","134.713307"
"白浜公民館","兵庫県姫路市白浜町甲350-7","34.7856","134.707304"
"白浜小学校","兵庫県姫路市白浜町甲458","34.785847","134.704887"
"白浜幼稚園","兵庫県姫路市白浜町甲842-2","34.783683","134.703697"
"浜手緑地白浜地区","兵庫県姫路市白浜町甲９１２－１外","34.782942","134.69764"
"灘浜グラウンド","兵庫県姫路市白浜町字灘浜","34.769","134.699165"
"灘中学校","兵庫県姫路市白浜町神田1-33","34.791428","134.706021"
"白浜グラウンド","兵庫県姫路市白浜町丙577","34.779751","134.709778"
"八木小学校","兵庫県姫路市八家24-2","34.783446","134.727652"
"姫路球場（ウインク球場）","兵庫県姫路市飯田540","34.819352","134.672513"
"別所公民館","兵庫県姫路市別所町別所1717-4","34.807308","134.755956"
"東中学校","兵庫県姫路市別所町別所5-30-2","34.81485","134.752106"
"別所小学校","兵庫県姫路市別所町別所673","34.809416","134.755234"
"姫路別所高校","兵庫県姫路市別所町北宿303","34.80931","134.768473"
"広峰小学校","兵庫県姫路市峰南町2-1","34.857509","134.695672"
"広嶺中学校","兵庫県姫路市峰南町2-43","34.859679","134.695617"
"豊富公民館","兵庫県姫路市豊富町御蔭1118","34.882478","134.746699"
"豊富小中学校","兵庫県姫路市豊富町御蔭925","34.882446","134.748413"
"豊富球場","兵庫県姫路市豊富町豊富3910-1","34.891888","134.754255"
"野里小学校","兵庫県姫路市坊主町3-1","34.843474","134.697764"
"城陽公民館","兵庫県姫路市北条1053-1","34.820892","134.697954"
"北条緑地","兵庫県姫路市北条250","34.821906","134.696753"
"城陽小学校","兵庫県姫路市北条923-1","34.822091","134.697787"
"総合教育センター南館","兵庫県姫路市北条口3-29","34.828828","134.697023"
"城巽公民館","兵庫県姫路市北条口3-29-3","34.829026","134.69678"
"姫路西高校","兵庫県姫路市北八代2-1-33","34.849697","134.69512"
"姫路公園（シロトピア記念公園）","兵庫県姫路市本町68","34.841885","134.694925"
"姫路公園　（大手前公園）","兵庫県姫路市本町68","34.834427","134.694001"
"姫路聴覚特別支援学校体育館","兵庫県姫路市本町68-46","34.836655","134.687177"
"白鷺小中学校","兵庫県姫路市本町68-52","34.835364","134.690061"
"中央市民センター","兵庫県姫路市本町68-68","34.841121","134.698606"
"姫路東高校","兵庫県姫路市本町68-70","34.840558","134.698881"
"置塩小学校","兵庫県姫路市夢前町宮置235","34.91164","134.673809"
"置塩公民館","兵庫県姫路市夢前町宮置292-2","34.911354","134.675095"
"古知公民館","兵庫県姫路市夢前町古知之庄318","34.945055","134.683855"
"古知小学校","兵庫県姫路市夢前町古知之庄401-1","34.946543","134.678086"
"菅野中学校","兵庫県姫路市夢前町護持29-1","34.941126","134.638713"
"上菅小学校","兵庫県姫路市夢前町護持381-2","34.94263","134.634022"
"（旧）山之内小学校","兵庫県姫路市夢前町山之内甲619","35.029649","134.669325"
"菅生公民館","兵庫県姫路市夢前町菅生澗1384-1","34.923328","134.635731"
"菅生小学校","兵庫県姫路市夢前町菅生澗802-1","34.916721","134.641794"
"前之庄東緑地","兵庫県姫路市夢前町前之庄","34.968396","134.684543"
"前之庄公民館","兵庫県姫路市夢前町前之庄2160","34.972933","134.68493"
"北部市民センター","兵庫県姫路市夢前町前之庄2160","34.972274","134.684954"
"前之庄小学校","兵庫県姫路市夢前町前之庄2838-1","34.972764","134.68132"
"鹿谷中学校","兵庫県姫路市夢前町前之庄2860","34.972061","134.6821"
"豊岡総合センター","兵庫県姫路市夢前町前之庄4353-5","34.970295","134.673973"
"夢前高校","兵庫県姫路市夢前町前之庄643","34.961349","134.685733"
"上菅公民館","兵庫県姫路市夢前町塚本225-1","34.932947","134.638284"
"置塩中学校","兵庫県姫路市夢前町又坂50","34.927906","134.673714"
"莇野小学校","兵庫県姫路市夢前町莇野299-2","34.976222","134.632483"
"莇野公民館","兵庫県姫路市夢前町莇野326-3","34.977227","134.630865"
"名古山霊苑","兵庫県姫路市名古山町","34.842069","134.675183"
"網干市民センター","兵庫県姫路市網干区垣内中町120","34.789231","134.588923"
"垣内公園","兵庫県姫路市網干区垣内北町1806","34.79193","134.589865"
"網干臨海大橋","兵庫県姫路市網干区興浜","34.769721","134.585027"
"網干西公民館","兵庫県姫路市網干区興浜1209-1","34.781338","134.581907"
"網干幼稚園","兵庫県姫路市網干区興浜16","34.780869","134.586008"
"朝日中学校","兵庫県姫路市網干区坂出1-1","34.803865","134.590052"
"旭陽小学校","兵庫県姫路市網干区坂上425-1","34.801255","134.586511"
"旭陽公民館","兵庫県姫路市網干区坂上430-2","34.801609","134.587046"
"網干中学校","兵庫県姫路市網干区新在家1320-4","34.785718","134.591181"
"網干テニスコート","兵庫県姫路市網干区新在家1320-4","34.784172","134.591916"
"網干南公園ふれあいの館","兵庫県姫路市網干区新在家246","34.772974","134.592607"
"網干なぎさ公園","兵庫県姫路市網干区新在家246-2","34.771979","134.59426"
"網干南公園","兵庫県姫路市網干区新在家250-1","34.773385","134.593765"
"網干高校","兵庫県姫路市網干区新在家259-1","34.774013","134.591928"
"網干公民館","兵庫県姫路市網干区新在家363-31","34.780365","134.592009"
"網干小学校","兵庫県姫路市網干区新在家897-1","34.781417","134.592957"
"大津茂小学校","兵庫県姫路市網干区田井22","34.802444","134.599672"
"網干西小学校","兵庫県姫路市網干区浜田24","34.780769","134.578728"
"エコパークあぼし","兵庫県姫路市網干区網干浜4-1","34.767992","134.603651"
"八木公民館","兵庫県姫路市木場1441-32","34.778531","134.724929"
"大日河原緑地","兵庫県姫路市野里９５２－７地先","34.846141","134.709409"
"野里公民館","兵庫県姫路市野里慶雲寺前町9-10","34.845049","134.70168"
"（旧）野里幼稚園","兵庫県姫路市野里堀留町9-1","34.844026","134.703372"
"余部小学校","兵庫県姫路市余部区上余部643-1","34.800447","134.572338"
"余部公民館","兵庫県姫路市余部区上余部675-7","34.801728","134.570214"
"伊勢公民館","兵庫県姫路市林田町上伊勢1077-5","34.906518","134.608826"
"伊勢小学校","兵庫県姫路市林田町上伊勢886-1","34.901784","134.608713"
"林田公民館","兵庫県姫路市林田町林田13","34.90435","134.581005"
"林田中学校","兵庫県姫路市林田町林田33","34.904916","134.580031"
"聖ヶ岡公園","兵庫県姫路市林田町林田１０－４外","34.905608","134.580667"
"林田小学校","兵庫県姫路市林田町六九谷523","34.913562","134.583023"
"峰相公民館","兵庫県姫路市六角278-3","34.883444","134.637085"
"高岡小学校体育館","兵庫県福崎町高岡1825-1","34.974387","134.731625"
"福崎町立図書館","兵庫県福崎町西治360-1","34.951665","134.746904"
"第１老人デイサービスセンター","兵庫県福崎町西治474-6","34.955003","134.742641"
"工業団地企業会館","兵庫県福崎町西治860-9","34.943493","134.731381"
"田原小学校体育館","兵庫県福崎町西田原1274","34.952589","134.762521"
"サルビア会館","兵庫県福崎町西田原1397-1","34.951132","134.76016"
"第２老人デイサービスセンター","兵庫県福崎町大貫446","34.944765","134.784326"
"文珠荘","兵庫県福崎町東田原1891","34.960704","134.770735"
"福崎東中学校体育館","兵庫県福崎町南田原1200-1","34.941358","134.770006"
"福崎小学校体育館","兵庫県福崎町馬田169-4","34.955915","134.751093"
"八千種小学校体育館","兵庫県福崎町八千種300","34.935877","134.779896"
"八千種研修センター","兵庫県福崎町八千種330","34.935478","134.778052"
"春日ふれあい会館","兵庫県福崎町八千種3718-1","34.926456","134.781429"
"第２体育館","兵庫県福崎町福田1094-48","34.966035","134.74989"
"エルデホール","兵庫県福崎町福田116-2","34.962004","134.754857"
"文化センター","兵庫県福崎町福田176","34.961531","134.754625"
"第１体育館","兵庫県福崎町福田176-1","34.961467","134.755255"
"福崎財産区会館","兵庫県福崎町福田264-1","34.960832","134.749228"
"福崎西中学校体育館","兵庫県福崎町福田597","34.959197","134.743193"
"武庫川河川敷緑地","兵庫県宝塚市","34.784888","135.371049"
"すみれガ丘小学校","兵庫県宝塚市すみれガ丘1-5-1","34.820102","135.343494"
"安倉小学校","兵庫県宝塚市安倉中6-1-1","34.801458","135.376593"
"安倉中学校","兵庫県宝塚市安倉中6-3-1","34.802311","135.379134"
"安倉北小学校","兵庫県宝塚市安倉北5-1-1","34.806586","135.373583"
"雲雀丘学園小学校　（体育館）","兵庫県宝塚市雲雀丘4-2-1","34.824875","135.400499"
"市立花屋敷グラウンド","兵庫県宝塚市花屋敷荘園4-2-35","34.838232","135.405956"
"逆瀬台小学校","兵庫県宝塚市逆瀬台6-1-1","34.79338","135.330171"
"御殿山中学校","兵庫県宝塚市御殿山1-3-1","34.816781","135.34855"
"光ガ丘中学校","兵庫県宝塚市光ガ丘2-15-1","34.801934","135.334735"
"光明小学校","兵庫県宝塚市光明町8-40","34.791235","135.357541"
"高司中学校","兵庫県宝塚市高司2-3-1","34.785904","135.361673"
"高司小学校","兵庫県宝塚市高司4-4-55","34.784098","135.367172"
"山手台中学校","兵庫県宝塚市山手台西1-4-1","34.828353","135.377659"
"山手台小学校","兵庫県宝塚市山手台西3-1-1","34.832531","135.375768"
"丸橋小学校","兵庫県宝塚市山本丸橋4-13-1","34.81234","135.396627"
"長尾小学校","兵庫県宝塚市山本東1-10-10","34.823243","135.383222"
"長尾南小学校","兵庫県宝塚市山本南2-10-1","34.817122","135.390103"
"小浜小学校","兵庫県宝塚市小浜4-7-10","34.806221","135.364552"
"良元小学校","兵庫県宝塚市小林5-2-42","34.790715","135.354751"
"宝塚第一中学校","兵庫県宝塚市仁川うぐいす台1-1","34.781416","135.347882"
"仁川小学校","兵庫県宝塚市仁川宮西町1-25","34.779499","135.352561"
"宝塚小学校","兵庫県宝塚市川面1-7-34","34.81114","135.34878"
"西谷小学校","兵庫県宝塚市大原野字石保34-1","34.910528","135.303739"
"西谷中学校","兵庫県宝塚市大原野字石保46","34.911025","135.303798"
"中山五月台中学校","兵庫県宝塚市中山五月台4-20-1","34.837512","135.368711"
"（旧）中山五月台小学校","兵庫県宝塚市中山五月台7-4-1","34.842135","135.360009"
"中山台小学校","兵庫県宝塚市中山桜台4-25-1","34.834948","135.359893"
"長尾台小学校","兵庫県宝塚市長尾台1-1-1","34.834721","135.399427"
"長尾中学校","兵庫県宝塚市長尾町7-1","34.814887","135.381363"
"南ひばりガ丘中学校","兵庫県宝塚市南ひばりガ丘2-7-1","34.821419","135.398871"
"売布小学校","兵庫県宝塚市売布ガ丘1-20","34.815801","135.358201"
"宝塚市立売布北グラウンド","兵庫県宝塚市売布自由ガ丘8-1","34.819895","135.355789"
"宝塚中学校","兵庫県宝塚市美座1-1-20","34.803066","135.361313"
"美座小学校","兵庫県宝塚市美座2-6-1","34.804597","135.357576"
"宝塚文化芸術センター庭園及び花のみち・さくら橋公園","兵庫県宝塚市武庫川町7-64","34.807116","135.349939"
"宝梅中学校","兵庫県宝塚市宝梅3-4-20","34.797829","135.336565"
"末広中央公園","兵庫県宝塚市末広町3","34.800907","135.35793"
"末広小学校","兵庫県宝塚市末広町3-1","34.802037","135.356328"
"末成小学校","兵庫県宝塚市末成町1-1","34.791284","135.361872"
"宝塚第一小学校","兵庫県宝塚市野上1-3-35","34.799672","135.34647"
"西山小学校","兵庫県宝塚市野上6-2-1","34.790682","135.34117"
"豊岡総合高校","兵庫県豊岡市加広町6-68","35.549802","134.818308"
"コープデイズ豊岡","兵庫県豊岡市加広町7-32","35.550872","134.816109"
"新田小学校体育館","兵庫県豊岡市河谷596","35.530126","134.838776"
"河谷会館","兵庫県豊岡市河谷850","35.536345","134.850144"
"奥岩井会館","兵庫県豊岡市岩井860-1","35.535374","134.789724"
"港地区コミュニティセンター","兵庫県豊岡市気比2435","35.634938","134.840047"
"港小学校３階","兵庫県豊岡市気比3291-235","35.641236","134.839104"
"港中学校３階","兵庫県豊岡市気比3485","35.641093","134.832664"
"港中学校","兵庫県豊岡市気比3485","35.640936","134.832482"
"向墓地","兵庫県豊岡市気比字岡所77-2","35.637381","134.841908"
"豊岡採石場","兵庫県豊岡市気比字鎧谷2032","35.630806","134.835749"
"川東旧墓地","兵庫県豊岡市気比字犬坂4","35.639757","134.840727"
"まるやま荘所有林","兵庫県豊岡市気比字絹巻3645","35.642147","134.831617"
"白山神社参道","兵庫県豊岡市気比字尻井2302-1","35.635358","134.836232"
"観正寺裏山","兵庫県豊岡市気比字太平寺2142","35.632842","134.836044"
"象岩上","兵庫県豊岡市気比字坪ノ内3306-1","35.639927","134.836103"
"岡工務店保養所跡","兵庫県豊岡市気比字坪ノ内3307-1","35.640236","134.834633"
"奈佐地区コミュニティセンター","兵庫県豊岡市吉井593-5","35.540147","134.774636"
"旧奈佐小学校体育館","兵庫県豊岡市吉井620","35.540997","134.774458"
"豊岡高校","兵庫県豊岡市京町12-91","35.53899","134.820997"
"八条小学校","兵庫県豊岡市九日市下町402","35.529396","134.823079"
"八条地区コミュニティセンター","兵庫県豊岡市九日市下町402","35.529191","134.823686"
"近畿大学附属豊岡高校","兵庫県豊岡市戸牧100","35.537002","134.806174"
"三原区会館","兵庫県豊岡市三原548","35.622214","134.863109"
"神美小学校","兵庫県豊岡市三宅45","35.521789","134.860234"
"神美地区コミュニティセンター","兵庫県豊岡市三宅81-1","35.52123","134.859006"
"出石高等学校","兵庫県豊岡市出石町下谷35-1","35.460982","134.880712"
"丸中集会所","兵庫県豊岡市出石町丸中180","35.481453","134.844395"
"出石精和園児童寮","兵庫県豊岡市出石町宮内1031","35.476548","134.869108"
"出石特別支援学校","兵庫県豊岡市出石町宮内2-8","35.47742","134.868808"
"小野地区コミュニティセンター","兵庫県豊岡市出石町袴狭386-1","35.490748","134.871024"
"出石中学校","兵庫県豊岡市出石町弘原202-1","35.467315","134.869108"
"菅谷地区コミュニティセンター","兵庫県豊岡市出石町荒木810","35.464369","134.834057"
"三木集会所","兵庫県豊岡市出石町三木235-1","35.48237","134.834291"
"寺坂地区コミュニティセンター","兵庫県豊岡市出石町寺坂157","35.453374","134.89553"
"弘道小学校","兵庫県豊岡市出石町寺町345","35.46464","134.879354"
"森井集会所","兵庫県豊岡市出石町森井104-1","35.479767","134.847701"
"出石多目的ホール","兵庫県豊岡市出石町水上318","35.473437","134.86902"
"大谷集会所","兵庫県豊岡市出石町大谷446","35.481874","134.838968"
"㈱徳網建設","兵庫県豊岡市出石町中村938","35.454762","134.867141"
"出石幼稚園","兵庫県豊岡市出石町町分36-2","35.466311","134.875292"
"㈱メイワパックス","兵庫県豊岡市出石町鳥居1077","35.479858","134.853502"
"小坂小学校","兵庫県豊岡市出石町鳥居31","35.482587","134.849625"
"弘道地区コミュニティセンター","兵庫県豊岡市出石町内町1","35.461758","134.874707"
"出石健康福祉センター","兵庫県豊岡市出石町福住1302","35.466097","134.860677"
"福住小学校","兵庫県豊岡市出石町福住209","35.456883","134.861844"
"福住地区コミュニティセンター","兵庫県豊岡市出石町福住460-1","35.461552","134.865714"
"出石Ｂ＆Ｇ海洋センター","兵庫県豊岡市出石町福住923","35.46291","134.860022"
"下野氏宅裏山","兵庫県豊岡市小島","35.646007","134.826683"
"胞衣神社","兵庫県豊岡市小島","35.643662","134.823368"
"八坂神社","兵庫県豊岡市小島","35.64466","134.823363"
"小島区会館","兵庫県豊岡市小島854-1","35.642672","134.824341"
"脇漁具製作所","兵庫県豊岡市小島881","35.641774","134.824288"
"三江地区コミュニティセンター","兵庫県豊岡市庄境626","35.553083","134.84342"
"三江小学校","兵庫県豊岡市庄境648","35.552987","134.844015"
"五荘地区コミュニティセンター","兵庫県豊岡市上陰137-7","35.547516","134.811377"
"納屋区会館","兵庫県豊岡市上佐野1390-1","35.507114","134.81135"
"上佐野会館","兵庫県豊岡市上佐野500","35.50826","134.805335"
"楽々浦交流館","兵庫県豊岡市城崎町楽々浦","35.617638","134.821355"
"結集落センター","兵庫県豊岡市城崎町結115","35.604771","134.809414"
"戸島公民館","兵庫県豊岡市城崎町戸島443","35.612167","134.811443"
"福泉寺","兵庫県豊岡市城崎町上山444","35.596443","134.799775"
"城崎地区コミュニティセンター","兵庫県豊岡市城崎町桃島1057-1","35.628551","134.813505"
"城崎文芸館","兵庫県豊岡市城崎町湯島357-1","35.625196","134.810666"
"城崎中学校","兵庫県豊岡市城崎町湯島617","35.627105","134.803063"
"城崎小学校","兵庫県豊岡市城崎町湯島72-4","35.623091","134.812262"
"観音寺","兵庫県豊岡市城崎町来日754","35.602465","134.791539"
"新堂会館","兵庫県豊岡市新堂243-1","35.5664","134.785147"
"神美台スポーツ公園管理棟","兵庫県豊岡市神美台157-40","35.51691","134.867719"
"日和山","兵庫県豊岡市瀬戸1090","35.655242","134.825802"
"瀬戸公民館","兵庫県豊岡市瀬戸211","35.651912","134.826751"
"旧港西小学校屋上","兵庫県豊岡市瀬戸57","35.648254","134.828231"
"旧港西小学校","兵庫県豊岡市瀬戸57","35.648123","134.828555"
"天理教豊岡大教会","兵庫県豊岡市泉町20-24","35.546409","134.822978"
"豊岡南中学校","兵庫県豊岡市大磯町1-65","35.538081","134.828293"
"駅前区会館","兵庫県豊岡市大手町3-63","35.542139","134.814893"
"アイティ（市民プラザ）","兵庫県豊岡市大手町4-5","35.544491","134.81484"
"奥藤公民館","兵庫県豊岡市但東町奥藤203","35.513775","135.029086"
"高齢者生活支援センターきずな","兵庫県豊岡市但東町奥矢根377-3","35.479044","134.92648"
"高橋地区コミュニティセンター","兵庫県豊岡市但東町久畑830","35.418548","135.009284"
"高齢者生活支援センターくちふじ","兵庫県豊岡市但東町口藤334-2","35.515711","135.011009"
"たんたん温泉福寿の湯","兵庫県豊岡市但東町坂野470","35.513732","134.99069"
"但東中学校","兵庫県豊岡市但東町三原108-1","35.477415","134.952692"
"合橋地区コミュニティセンター","兵庫県豊岡市但東町出合150","35.470307","134.950121"
"但東健康福祉センター","兵庫県豊岡市但東町出合433-1","35.471399","134.947284"
"合橋小学校","兵庫県豊岡市但東町出合市場391","35.463842","134.939686"
"但東自然ふれあいセンターやまびこ","兵庫県豊岡市但東町正法寺165","35.457916","134.966492"
"赤野太刀振り文化芸能伝承館","兵庫県豊岡市但東町中山459-1","35.499744","134.996247"
"資母体育館","兵庫県豊岡市但東町中山706-1","35.493406","134.994729"
"資母地区コミュニティセンター","兵庫県豊岡市但東町中山815","35.496133","134.994754"
"資母小学校","兵庫県豊岡市但東町中山856","35.49665","134.9936"
"中藤地区コミュニティセンター","兵庫県豊岡市但東町中藤184","35.521203","135.021336"
"コミュニティ消防センター唐川","兵庫県豊岡市但東町唐川221-1","35.490558","134.954684"
"畑公民館","兵庫県豊岡市但東町畑295","35.442631","134.924762"
"高齢者生活支援センターのぞみ","兵庫県豊岡市但東町畑山199-5","35.488202","134.993749"
"但東農家高齢者創作館","兵庫県豊岡市但東町平田792","35.451833","134.985405"
"矢根公民館","兵庫県豊岡市但東町矢根1153-1","35.465273","134.930091"
"三宝大荒神社及び周辺広場","兵庫県豊岡市竹野町宇日43-2","35.659976","134.783077"
"奥須井集会施設","兵庫県豊岡市竹野町奥須井654-1","35.648951","134.734815"
"桑野本集落農事集会施設","兵庫県豊岡市竹野町桑野本782","35.562456","134.681633"
"中竹野地区コミュニティセンター","兵庫県豊岡市竹野町轟1051","35.622533","134.753222"
"三原地区集会施設","兵庫県豊岡市竹野町三原775-5","35.542417","134.670274"
"竹野南地区コミュニティセンター","兵庫県豊岡市竹野町森本984-1","35.579098","134.731084"
"竹野健康福祉センター","兵庫県豊岡市竹野町須谷1478","35.640095","134.756955"
"須谷高齢者生活支援センター","兵庫県豊岡市竹野町須谷939","35.633198","134.753868"
"随音寺","兵庫県豊岡市竹野町須野谷83","35.572497","134.695605"
"旅館ふじわら","兵庫県豊岡市竹野町切濱968","35.660958","134.746251"
"今坂","兵庫県豊岡市竹野町切濱字イクシ口819-5","35.655513","134.752268"
"少林寺墓地","兵庫県豊岡市竹野町草飼124","35.649835","134.753173"
"少林寺","兵庫県豊岡市竹野町草飼25","35.652354","134.752164"
"休暇村駐車場","兵庫県豊岡市竹野町竹野1047","35.659063","134.753166"
"竹野地区コミュニティセンター","兵庫県豊岡市竹野町竹野1585-1","35.649929","134.757703"
"市役所竹野庁舎３階","兵庫県豊岡市竹野町竹野1585-1","35.650081","134.757821"
"竹野中学校","兵庫県豊岡市竹野町竹野2056","35.651714","134.765681"
"竹野小学校","兵庫県豊岡市竹野町竹野300","35.657574","134.762903"
"竹野小学校３階","兵庫県豊岡市竹野町竹野300","35.657722","134.762667"
"竹野Ｂ＆Ｇ","兵庫県豊岡市竹野町竹野3102-2","35.657779","134.767738"
"賀嶋公園","兵庫県豊岡市竹野町竹野字賀島4","35.665189","134.760261"
"休暇村遊歩道","兵庫県豊岡市竹野町竹野字後坪846-2","35.659562","134.757281"
"小引山","兵庫県豊岡市竹野町竹野字小引2287-2","35.65498","134.765178"
"ジャジャ山","兵庫県豊岡市竹野町竹野字上ノ山2963","35.658276","134.766229"
"旧有料道路","兵庫県豊岡市竹野町竹野字南菴蛇1176-2","35.656946","134.756075"
"田久日集会施設","兵庫県豊岡市竹野町田久日50","35.66574","134.794001"
"静権現","兵庫県豊岡市竹野町田久日640-3","35.664867","134.795107"
"浜須井集会施設","兵庫県豊岡市竹野町浜須井921-1","35.657623","134.735179"
"クリーンパーク北但","兵庫県豊岡市竹野町坊岡943","35.589505","134.727503"
"門谷集会施設","兵庫県豊岡市竹野町門谷114-1","35.580809","134.700766"
"椒地域ふるさと生きがいセンター","兵庫県豊岡市竹野町椒1247","35.534988","134.70562"
"上ヶ原","兵庫県豊岡市竹野町濱須井字上ケ原820-3","35.657613","134.737312"
"大谷","兵庫県豊岡市竹野町濱須井字大谷683-3","35.656052","134.737559"
"五荘小学校","兵庫県豊岡市中陰1","35.548751","134.803729"
"豊岡北中学校","兵庫県豊岡市中陰250","35.552009","134.803594"
"豊岡小学校","兵庫県豊岡市中央町16-5","35.541832","134.821881"
"豊岡稽古堂","兵庫県豊岡市中央町2-4","35.544632","134.820171"
"権現神社","兵庫県豊岡市津居山","35.651287","134.833904"
"八幡神社","兵庫県豊岡市津居山","35.649409","134.832273"
"津居山公民館","兵庫県豊岡市津居山3","35.650073","134.83525"
"上の山","兵庫県豊岡市田結","35.645431","134.844756"
"八坂神社","兵庫県豊岡市田結","35.642899","134.843308"
"田結研修集会所","兵庫県豊岡市田結1751","35.644087","134.845203"
"犬坂地先","兵庫県豊岡市田結犬坂地先","35.642248","134.843512"
"堂山地先","兵庫県豊岡市田結堂山地先","35.644297","134.845475"
"風谷地先","兵庫県豊岡市田結風谷地先","35.645849","134.846494"
"中筋小学校","兵庫県豊岡市土渕27","35.502513","134.819685"
"中筋地区コミュニティセンター","兵庫県豊岡市土渕281-1","35.501483","134.820429"
"栃江会館","兵庫県豊岡市栃江560","35.55489","134.78658"
"内町会館","兵庫県豊岡市内町534-1","35.524139","134.756917"
"日高小学校","兵庫県豊岡市日高町岩中22","35.468333","134.772322"
"三方地区コミュニティーセンター","兵庫県豊岡市日高町栗山901-2","35.454991","134.721099"
"日高地区コミュニティーセンター","兵庫県豊岡市日高町国分寺850","35.470608","134.771713"
"清滝地区コミュニティーセンター","兵庫県豊岡市日高町山宮1337-1","35.487564","134.695455"
"日高東中学校","兵庫県豊岡市日高町水上160","35.479694","134.774535"
"円山川防災センター","兵庫県豊岡市日高町西芝","35.499353","134.806203"
"進美寺里坊","兵庫県豊岡市日高町赤崎558","35.445581","134.778184"
"浅倉公民館","兵庫県豊岡市日高町浅倉216-2","35.454109","134.769968"
"八代地区コミュニティセンター","兵庫県豊岡市日高町中333-1","35.494953","134.7613"
"西気地区コミュニティセンター","兵庫県豊岡市日高町東河内608-2","35.509877","134.664622"
"ワークピア日高","兵庫県豊岡市日高町日置72-2","35.469548","134.778341"
"府中小学校","兵庫県豊岡市日高町野々庄934","35.491329","134.80072"
"国府地区コミュニティーセンター","兵庫県豊岡市日高町野々庄934-2","35.491749","134.800452"
"香林会館","兵庫県豊岡市日撫17","35.549711","134.830357"
"豊岡自動車教習所","兵庫県豊岡市日撫312","35.555862","134.836165"
"楊岐院","兵庫県豊岡市日撫74","35.551247","134.830866"
"畑上公民館","兵庫県豊岡市畑上968","35.61085","134.845822"
"ＪＡたじま豊岡営農生活センター","兵庫県豊岡市八社宮490-3","35.523981","134.834678"
"但馬文教府","兵庫県豊岡市妙楽寺41-1","35.533035","134.813611"
"妙楽寺檀信徒会館","兵庫県豊岡市妙楽寺86-1","35.534536","134.814523"
"田鶴野小学校","兵庫県豊岡市野上162","35.562671","134.819396"
"田鶴野地区コミュニティセンター","兵庫県豊岡市野上162","35.563064","134.819712"
"豊岡地区コミュニティセンター","兵庫県豊岡市立野町1-4","35.543768","134.825791"
"王子小学校","兵庫県明石市王子1-1-1","34.656445","134.982818"
"貴崎小学校","兵庫県明石市貴崎5-5-52","34.656765","134.961242"
"錦が丘小学校","兵庫県明石市魚住町錦が丘1-17-5","34.695841","134.911009"
"金ケ崎公園","兵庫県明石市魚住町金ケ崎","34.698451","134.926362"
"魚住東中学校","兵庫県明石市魚住町金ヶ崎1687-14","34.704734","134.920407"
"清水小学校","兵庫県明石市魚住町清水1752-2","34.715269","134.907335"
"魚住中学校","兵庫県明石市魚住町清水364","34.707655","134.899279"
"魚住小学校","兵庫県明石市魚住町清水570","34.703195","134.912559"
"錦浦小学校","兵庫県明石市魚住町西岡1349","34.689701","134.899423"
"ミリオンタウン明石硯町店","兵庫県明石市硯町3-12-40","34.650224","134.973829"
"明石小学校","兵庫県明石市山下町12-21","34.650191","134.994788"
"上ケ池公園","兵庫県明石市小久保1","34.669184","134.961494"
"松が丘小学校","兵庫県明石市松が丘3-1-1","34.656979","135.02624"
"朝霧公園","兵庫県明石市松が丘5","34.649612","135.020934"
"松江公園","兵庫県明石市松江","34.65383","134.957648"
"錦城中学校","兵庫県明石市上ノ丸3-1-11","34.656587","134.998062"
"大蔵中学校","兵庫県明石市西朝霧丘4-7","34.656367","135.008982"
"花園小学校","兵庫県明石市西明石南町1-1-10","34.662363","134.963471"
"望海中学校","兵庫県明石市西明石南町1-1-33","34.662468","134.962206"
"鳥羽小学校","兵庫県明石市西明石北町2-2-1","34.670269","134.965899"
"望海浜公園","兵庫県明石市船上町","34.644545","134.974533"
"北庁舎（旧保健センター）","兵庫県明石市相生町2-5-15","34.645566","134.996309"
"勤労福祉会館","兵庫県明石市相生町2-7-12","34.644879","134.997795"
"大久保南小学校","兵庫県明石市大久保町ゆりのき通3-1","34.677163","134.937227"
"高丘東小学校","兵庫県明石市大久保町高丘3-2","34.701221","134.950317"
"高丘中学校","兵庫県明石市大久保町高丘5-14","34.700538","134.946341"
"高丘西小学校","兵庫県明石市大久保町高丘7-23","34.703957","134.941188"
"石ケ谷公園","兵庫県明石市大久保町松陰","34.707527","134.957345"
"江井島小学校","兵庫県明石市大久保町西島252","34.680388","134.914401"
"江井島中学校","兵庫県明石市大久保町西島680-5","34.685494","134.913108"
"大久保中学校","兵庫県明石市大久保町大久保町200","34.677143","134.94203"
"大久保小学校","兵庫県明石市大久保町大久保町430","34.679574","134.945132"
"山手小学校","兵庫県明石市大久保町大窪1600","34.692592","134.940954"
"大久保北中学校","兵庫県明石市大久保町大窪2030","34.6932","134.9459"
"谷八木小学校","兵庫県明石市大久保町谷八木878","34.668353","134.937787"
"八木遺跡公園","兵庫県明石市大久保町八木","34.66847","134.935283"
"大蔵海岸公園","兵庫県明石市大蔵海岸通1","34.642579","135.008163"
"朝霧中学校","兵庫県明石市大蔵谷奥4-1","34.65859","135.025365"
"大蔵会館","兵庫県明石市大蔵中町12-14","34.645334","135.004546"
"神戸地方法務局明石支局","兵庫県明石市大明石町2-4-25","34.648723","134.986429"
"大観小学校","兵庫県明石市大明石町2-8-30","34.649434","134.985197"
"野々池中学校","兵庫県明石市沢野1-3-1","34.678393","134.965792"
"中崎小学校","兵庫県明石市中崎1-4-1","34.64308","134.999033"
"朝霧小学校","兵庫県明石市朝霧東町1-1-40","34.653367","135.018499"
"神戸地方検察庁明石支部・明石区検察庁","兵庫県明石市天文町2-2-21","34.645604","134.999899"
"人丸小学校","兵庫県明石市東人丸町26-29","34.650244","135.005113"
"市立生涯学習センター","兵庫県明石市東仲ノ町6-1","34.648174","134.995358"
"藤江小学校","兵庫県明石市藤江235","34.657539","134.953415"
"衣川中学校","兵庫県明石市南王子町7-1","34.647151","134.98086"
"二見西小学校","兵庫県明石市二見町西二見383-34","34.706048","134.883377"
"二見中学校","兵庫県明石市二見町西二見594","34.706323","134.881272"
"ふれあいプラザあかし西","兵庫県明石市二見町東二見1836-1","34.693373","134.88917"
"二見小学校","兵庫県明石市二見町東二見454","34.699135","134.887536"
"明石海浜公園","兵庫県明石市二見町南二見","34.693352","134.879477"
"二見北小学校","兵庫県明石市二見町福里274","34.711683","134.891824"
"明石公園","兵庫県明石市明石公園","34.656451","134.993845"
"沢池小学校","兵庫県明石市明南町3-3-1","34.67607","134.966382"
"林小学校","兵庫県明石市林崎町1-8-10","34.648563","134.971521"
"和坂小学校","兵庫県明石市和坂2-12-1","34.662072","134.970606"
"安井公会堂","兵庫県養父市安井598","35.356333","134.577382"
"伊豆コミュニティ消防センター","兵庫県養父市伊豆437-1","35.363748","134.74403"
"稲津村づくりセンター","兵庫県養父市稲津243-1","35.356082","134.767544"
"高中そば管理直売施設","兵庫県養父市奥米地604-2","35.402947","134.843368"
"奥米地自然体験施設「キララ」","兵庫県養父市奥米地773","35.392229","134.842427"
"外野公民館","兵庫県養父市外野914-1","35.371406","134.565132"
"関宮文化財保管庫","兵庫県養父市外野963-1","35.371113","134.563208"
"葛畑コミュニティセンター","兵庫県養父市葛畑1367","35.376463","134.584854"
"葛畑体育館","兵庫県養父市葛畑1367","35.376601","134.584947"
"八木谷公会堂","兵庫県養父市関宮1432-1","35.382709","134.633557"
"関宮高齢者総合保健福祉センター","兵庫県養父市関宮193","35.378456","134.649434"
"相地公会堂","兵庫県養父市関宮2119-2","35.373067","134.647947"
"本町会館","兵庫県養父市関宮611-5","35.376428","134.64459"
"関宮会館","兵庫県養父市関宮618-1","35.375764","134.642893"
"養父市関宮農林漁業者等健康増進施設","兵庫県養父市関宮630","35.375526","134.6439"
"関宮公民館","兵庫県養父市関宮637","35.375485","134.644916"
"上本町会館","兵庫県養父市関宮772","35.37672","134.640784"
"日本精鉱中瀬製錬所厚生棟","兵庫県養父市吉井1198","35.364484","134.618084"
"あららぎ研修センター","兵庫県養父市吉井155","35.373392","134.638311"
"関宮学園","兵庫県養父市吉井180","35.371816","134.638301"
"下吉井公民館","兵庫県養父市吉井2123-1","35.374268","134.637247"
"吉井寿会館","兵庫県養父市吉井215-1","35.370566","134.633457"
"吉井公会堂","兵庫県養父市吉井453-2","35.370131","134.634207"
"玉見コミュニティ消防センター","兵庫県養父市玉見227","35.369123","134.736339"
"建屋小学校","兵庫県養父市建屋1048","35.304394","134.741638"
"能座コミュニティセンター","兵庫県養父市建屋950-1","35.299644","134.740384"
"広谷小学校","兵庫県養父市広谷171","35.380163","134.775964"
"轟会館","兵庫県養父市轟105","35.352209","134.602681"
"轟公会堂","兵庫県養父市轟105","35.352074","134.60207"
"摺鉢集会所","兵庫県養父市轟813","35.360177","134.607906"
"三宅公会堂","兵庫県養父市三宅244","35.384395","134.702792"
"向三宅集会所","兵庫県養父市三宅799","35.383091","134.693003"
"三谷こども園","兵庫県養父市三谷5","35.331913","134.746675"
"十二所生きがい福祉センター","兵庫県養父市十二所1156","35.370365","134.765048"
"十二所一区交流促進センター","兵庫県養父市十二所387-1","35.375153","134.765337"
"養父中学校","兵庫県養父市十二所838","35.37946","134.769119"
"広谷地域福祉コミュニティセンター","兵庫県養父市十二所889-1","35.381993","134.772553"
"出合コミュニティスポーツセンター","兵庫県養父市出合249","35.361816","134.593045"
"木の香る小城交流促進センター","兵庫県養父市小城270-1","35.382548","134.789715"
"学校給食センター駐車場","兵庫県養父市小城597-1","35.384867","134.78434"
"小路頃公会堂","兵庫県養父市小路頃37","35.363349","134.58839"
"上箇コミュニティセンター","兵庫県養父市上箇278","35.383081","134.778638"
"はさまじ区集会所","兵庫県養父市上野1500","35.371813","134.792231"
"上野農事集会所","兵庫県養父市上野416-1","35.375805","134.780905"
"安井栄光会館","兵庫県養父市上野922-1","35.375101","134.785377"
"川原場集会所","兵庫県養父市川原場453-1","35.370276","134.579274"
"浅野集会所","兵庫県養父市浅野181","35.361184","134.75612"
"草出集会所","兵庫県養父市草出64-4","35.371204","134.558144"
"横行公民館","兵庫県養父市大屋町横行365","35.313085","134.572694"
"加保公民館","兵庫県養父市大屋町加保162-1","35.336206","134.666298"
"大屋中学校","兵庫県養父市大屋町加保45-1","35.335354","134.663295"
"夏梅会館","兵庫県養父市大屋町夏梅524-1","35.341847","134.679425"
"障害者支援施設　琴弾の丘","兵庫県養父市大屋町宮垣224-67","35.36694","134.705017"
"大屋小学校","兵庫県養父市大屋町山路110","35.332705","134.66369"
"糸原公民館","兵庫県養父市大屋町糸原249","35.320839","134.677421"
"大谷集会所","兵庫県養父市大屋町若杉142","35.303981","134.603713"
"若杉会館","兵庫県養父市大屋町若杉521-1","35.292512","134.598809"
"須西生活改善センター","兵庫県養父市大屋町須西49","35.301879","134.674684"
"大屋市場公民館","兵庫県養父市大屋町大屋市場127-2","35.332537","134.667025"
"ふるさと交流の家　いろり","兵庫県養父市大屋町大杉1081","35.330137","134.650542"
"大杉公民館","兵庫県養父市大屋町大杉561","35.330102","134.653184"
"樽見会館","兵庫県養父市大屋町樽見198-2","35.356133","134.707085"
"旧口大屋小学校","兵庫県養父市大屋町中1071","35.35142","134.701464"
"中公民館","兵庫県養父市大屋町中1101","35.350897","134.700376"
"おうみ集会所","兵庫県養父市大屋町中1475-26","35.353846","134.702378"
"中間公民館","兵庫県養父市大屋町中間192","35.320656","134.609455"
"栗ノ下会館","兵庫県養父市大屋町中間683-4","35.314095","134.605584"
"西谷公民館","兵庫県養父市大屋町筏416-5","35.325164","134.622486"
"あけのべ憩いの家","兵庫県養父市大屋町明延1098-2","35.279075","134.663052"
"門野公民館","兵庫県養父市大屋町門野207-1","35.307605","134.67915"
"南谷ふるさとセンター","兵庫県養父市大屋町門野62","35.310198","134.681194"
"由良公民館","兵庫県養父市大屋町由良434-3","35.347541","134.692841"
"和田会館","兵庫県養父市大屋町和田297-4","35.294776","134.6668"
"ハチ高原交流促進センター","兵庫県養父市大久保1591","35.3841","134.534268"
"第一学院高等学校　養父校","兵庫県養父市大谷13","35.387727","134.690961"
"大谷公会堂","兵庫県養父市大谷278","35.387569","134.684656"
"大塚コミュニティセンター","兵庫県養父市大塚142-4","35.376456","134.816338"
"大坪公会堂","兵庫県養父市大坪478","35.350004","134.753936"
"中瀬公民館","兵庫県養父市中瀬1019","35.36513","134.621286"
"足坂集会所","兵庫県養父市中瀬1323-1","35.364756","134.614712"
"中瀬体育館","兵庫県養父市中瀬1517","35.366357","134.62464"
"中米地公民館","兵庫県養父市中米地111-1","35.391631","134.830592"
"野谷公民館","兵庫県養父市長野398-2","35.29262","134.748143"
"長野区元気交流館","兵庫県養父市長野714","35.280691","134.768486"
"鉄屋口米地多目的集会所","兵庫県養父市鉄屋米地8-2","35.388215","134.82268"
"奈良尾集会所","兵庫県養父市奈良尾204-2","35.369947","134.540964"
"熊次コミュニティスポーツセンター","兵庫県養父市奈良尾241","35.370724","134.542315"
"畑中央公民館","兵庫県養父市畑481","35.347458","134.782828"
"伊佐公会堂","兵庫県養父市八鹿町伊佐21-1","35.43067","134.795098"
"下小田公会堂","兵庫県養父市八鹿町下小田240-1","35.424748","134.788963"
"扇町会館","兵庫県養父市八鹿町下網場368-4","35.403687","134.773244"
"みふね会館","兵庫県養父市八鹿町下網場455","35.405014","134.776407"
"下網場コミュニティ消防センター","兵庫県養父市八鹿町下網場466-1","35.405689","134.776648"
"養父市シルバー人材センター","兵庫県養父市八鹿町下網場610-5","35.404978","134.783199"
"岡区公民館","兵庫県養父市八鹿町九鹿1183-9","35.409863","134.746998"
"八鹿青渓中学校","兵庫県養父市八鹿町九鹿201-4","35.405942","134.7599"
"九鹿公民館","兵庫県養父市八鹿町九鹿460-1","35.408916","134.756658"
"幸陽会館","兵庫県養父市八鹿町九鹿547-10","35.40689","134.755978"
"県立八鹿高等学校第１体育館","兵庫県養父市八鹿町九鹿85","35.404114","134.763596"
"高柳小学校","兵庫県養父市八鹿町高柳1113-1","35.390803","134.735856"
"万々谷構造改善センター","兵庫県養父市八鹿町高柳1764-6","35.390447","134.731962"
"高柳向公会堂","兵庫県養父市八鹿町高柳2384","35.388139","134.738061"
"高柳ふれあい倶楽部","兵庫県養父市八鹿町高柳608-1","35.391876","134.740326"
"高柳上構造改善センター","兵庫県養父市八鹿町高柳800-2","35.39056","134.738206"
"高柳谷構造改善センター","兵庫県養父市八鹿町高柳853","35.391945","134.737584"
"国木公民館","兵庫県養父市八鹿町国木453","35.394648","134.752308"
"口三谷公民館","兵庫県養父市八鹿町三谷97-4","35.421714","134.763172"
"宿南ふれあい倶楽部","兵庫県養父市八鹿町宿南1187-1","35.437861","134.777268"
"町公会堂","兵庫県養父市八鹿町宿南1555-2","35.436922","134.785231"
"寄宮公会堂","兵庫県養父市八鹿町宿南1765","35.434658","134.787944"
"宿南小学校","兵庫県養父市八鹿町宿南478","35.43871","134.775458"
"川西会館","兵庫県養父市八鹿町宿南539","35.438267","134.775564"
"小佐地区コミュニティセンター","兵庫県養父市八鹿町小佐1237-1","35.413966","134.720901"
"今井公会堂","兵庫県養父市八鹿町小佐560","35.410032","134.73127"
"馬瀬交流センター","兵庫県養父市八鹿町小佐6-6","35.411055","134.739969"
"石堂公民館","兵庫県養父市八鹿町小佐766-1","35.412152","134.730899"
"小佐コミュニティスポーツセンター","兵庫県養父市八鹿町小佐913-2","35.41295","134.726027"
"小山コミュニティ消防センター","兵庫県養父市八鹿町小山179-1","35.398209","134.757893"
"八鹿総合体育館","兵庫県養父市八鹿町小山291-1","35.398655","134.753104"
"上小田公会堂","兵庫県養父市八鹿町上小田226-1","35.420081","134.789186"
"上小田多目的集会所","兵庫県養父市八鹿町上小田538-1","35.420585","134.792199"
"五光本社","兵庫県養父市八鹿町上網場229-8","35.398535","134.778998"
"青山公民館","兵庫県養父市八鹿町青山103","35.437173","134.761633"
"石原公民館","兵庫県養父市八鹿町石原1155","35.410926","134.703144"
"椿色コミュニティ消防センター","兵庫県養父市八鹿町石原873-2","35.413838","134.708803"
"伊佐小学校","兵庫県養父市八鹿町浅間1257","35.431418","134.796316"
"浅間多目的集会所","兵庫県養父市八鹿町浅間382","35.440039","134.803276"
"円山台会館","兵庫県養父市八鹿町浅間950-89","35.438843","134.797165"
"朝倉多目的集会所","兵庫県養父市八鹿町朝倉866","35.392298","134.762133"
"八鹿小学校","兵庫県養父市八鹿町八鹿1045-4","35.406971","134.764508"
"新町公会堂","兵庫県養父市八鹿町八鹿1069-2","35.405338","134.765243"
"全但バス本社３階","兵庫県養父市八鹿町八鹿113-1","35.413897","134.780597"
"全但バス八鹿営業所３階","兵庫県養父市八鹿町八鹿115-37","35.414253","134.780915"
"豊楽寺","兵庫県養父市八鹿町八鹿1424","35.400766","134.757161"
"八鹿老人福祉センター","兵庫県養父市八鹿町八鹿1675","35.403885","134.767777"
"ようか武道館","兵庫県養父市八鹿町八鹿1809-5","35.404544","134.770775"
"八鹿体育館","兵庫県養父市八鹿町八鹿1809-5","35.404346","134.771056"
"京口会館","兵庫県養父市八鹿町八鹿1818-5","35.4043","134.7706"
"大森区公会堂","兵庫県養父市八鹿町八鹿325-3","35.410888","134.778164"
"やぶ市民交流広場","兵庫県養父市八鹿町八鹿538-1","35.40756","134.774269"
"下町コミュニティ消防センター","兵庫県養父市八鹿町八鹿781","35.406751","134.771376"
"実行寺","兵庫県養父市八鹿町八木1203","35.385496","134.717485"
"下八木公民館","兵庫県養父市八鹿町八木1229","35.385001","134.71774"
"童和こども園","兵庫県養父市八鹿町八木1482","35.383216","134.723484"
"永照寺","兵庫県養父市八鹿町八木2038","35.385099","134.714977"
"中八木公民館","兵庫県養父市八鹿町八木2091","35.384774","134.715999"
"上八木構造改善センター","兵庫県養父市八鹿町八木2800-1","35.384697","134.71325"
"西方寺","兵庫県養父市八鹿町八木2819","35.385046","134.713093"
"畑ケ中公民館","兵庫県養父市八鹿町八木602","35.38704","134.726163"
"米里体験交流センター","兵庫県養父市八鹿町米里5-1","35.391519","134.752133"
"和多田公会堂","兵庫県養父市尾崎215-2","35.380703","134.666481"
"福定公民館","兵庫県養父市福定112-1","35.370485","134.538453"
"関宮活性化施設","兵庫県養父市福定738-1","35.372135","134.530855"
"別宮地区ふれあいセンター","兵庫県養父市別宮704","35.385096","134.570682"
"堀畑公民館","兵庫県養父市堀畑429-1","35.368913","134.813254"
"万久里公民館","兵庫県養父市万久里327-1","35.385554","134.675742"
"万久里区ふれあい会館","兵庫県養父市万久里85","35.384804","134.674699"
"餅耕地公会堂","兵庫県養父市餅耕地137-1","35.291017","134.733336"
"福井建設事務所","兵庫県養父市薮崎166","35.389529","134.791022"
"養父小学校","兵庫県養父市養父市場153","35.383135","134.811732"
"コミセンやぶ","兵庫県養父市養父市場506-1","35.386121","134.810594"
"梨ケ原公民館","兵庫県養父市梨ケ原224","35.370655","134.548512"