"施設名","所在地","緯度","経度"
"江名中学校校庭","福島県いわき市永崎字館1","36.958585","140.941241"
"永崎小学校校舎","福島県いわき市永崎字川畑159-5","36.955383","140.937171"
"稲荷神社","福島県いわき市永崎字川畑220","36.957869","140.93891"
"遠野市民運動場","福島県いわき市遠野町上遠野字久保作34","37.002954","140.741138"
"旧県立いわき湯本高等学校遠野校舎校庭","福島県いわき市遠野町上遠野字赤坂10-1","37.004085","140.740966"
"遠野小学校校庭","福島県いわき市遠野町上遠野字本町68","37.008941","140.747487"
"入遠野中学校校庭","福島県いわき市遠野町上根本字荒神平20","37.031963","140.71663"
"旧入遠野小学校校庭","福島県いわき市遠野町入遠野字前田142","37.036754","140.707938"
"立地区高台","福島県いわき市久之浜町久之浜字館ノ山地内","37.147646","140.999874"
"龍光寺","福島県いわき市久之浜町久之浜字後原68","37.136844","140.995574"
"久之浜第一小学校校庭","福島県いわき市久之浜町久之浜字糠塚3-1","37.142937","140.993002"
"市営住宅久之浜東団地","福島県いわき市久之浜町久之浜字川田23","37.148725","140.996066"
"久之浜中学校校庭","福島県いわき市久之浜町久之浜字大場72-1","37.145167","140.987134"
"いわき市地域防災交流センター　久之浜・大久ふれあい館","福島県いわき市久之浜町久之浜字中町32","37.141516","140.997892"
"久之浜市民運動場","福島県いわき市久之浜町金ケ沢字北磯脇29-2","37.152737","140.99967"
"三嶋神社","福島県いわき市久之浜町田之網字横内93","37.121674","140.995887"
"福島県いわき海浜自然の家駐車場","福島県いわき市久之浜町田之網字向山53","37.121013","140.983848"
"江之網集会所","福島県いわき市久之浜町田之網字江之網106","37.114707","140.996061"
"円成院","福島県いわき市久之浜町田之網字西ノ内58-2","37.12571","140.993078"
"翠祥園","福島県いわき市久之浜町末続字深谷33-1","37.166559","140.999722"
"末続集会所","福島県いわき市久之浜町末続字鍋田49-2","37.178656","140.991598"
"郷ケ丘小学校校庭","福島県いわき市郷ケ丘3-50-18","37.029079","140.913065"
"市営住宅錦団地","福島県いわき市錦町鵜ノ巣23","36.902764","140.791621"
"鬼越神社","福島県いわき市錦町鬼越下63","36.912271","140.771212"
"江栗第一公園","福島県いわき市錦町江栗3-27","36.914194","140.775913"
"南の森スポーツパーク","福島県いわき市錦町細谷102-58","36.913173","140.765524"
"錦東小学校校舎","福島県いわき市錦町鷺内64-5","36.901714","140.798225"
"中迎二丁目公園","福島県いわき市錦町中迎2-4-1","36.90733","140.795715"
"錦小学校校庭","福島県いわき市錦町鳥居東1-1","36.910411","140.787604"
"錦小学校校舎","福島県いわき市錦町鳥居東1-1","36.910675","140.787704"
"錦中学校校舎","福島県いわき市錦町飯盛町1-1","36.902164","140.788116"
"錦中学校校庭","福島県いわき市錦町飯盛町1-1","36.901988","140.788072"
"金山公園","福島県いわき市金山町朝日台1","36.929466","140.820262"
"宝徳院","福島県いわき市後田町石田35","36.923914","140.791013"
"好間多目的広場","福島県いわき市好間工業団地24-5","37.078313","140.84537"
"さくら保育園園庭","福島県いわき市好間町下好間字沼田112","37.059171","140.861899"
"好間第二小学校校庭","福島県いわき市好間町今新田字手倉2","37.066516","140.876394"
"好間中学校校庭","福島県いわき市好間町小谷作字竹ノ内1-1","37.067567","140.861686"
"好間第一小学校校庭","福島県いわき市好間町上好間字馬場前14","37.066831","140.85127"
"好間保育所所庭","福島県いわき市好間町上好間字馬場前19-3","37.066891","140.852426"
"好間第四小学校校庭","福島県いわき市好間町大利字戸作田65","37.075287","140.804765"
"江名幼稚園","福島県いわき市江名字上代8-4","36.972817","140.95803"
"江名小学校校庭","福島県いわき市江名字天ケ作154","36.970809","140.954041"
"中田山","福島県いわき市江名字風越118-3","36.967575","140.958507"
"江名公民館","福島県いわき市江名字藪倉165-1","36.977883","140.951264"
"市営住宅佐糠第二団地","福島県いわき市佐糠町2-7-7","36.912693","140.807419"
"市営住宅佐糠第一団地","福島県いわき市佐糠町東2-10-2","36.918129","140.807617"
"６号バイパス（佐糠側避難階段）","福島県いわき市佐糠町東二丁目4-1","36.918942","140.80966"
"桜ケ丘四丁目公園","福島県いわき市桜ケ丘4-68-1","36.993778","140.840176"
"下永井公民館広場","福島県いわき市三和町下永井字横山66-1","37.139944","140.765508"
"旧三阪小・中学校校庭","福島県いわき市三和町中三坂字腰巻28","37.198864","140.637424"
"旧三和中学校校庭","福島県いわき市三和町中寺字樋ノ口4-2","37.124649","140.721517"
"玉田院境内","福島県いわき市山田町井上14","36.92796","140.756798"
"菊田小学校校庭","福島県いわき市山田町林崎前56","36.927934","140.773637"
"大野中学校校庭","福島県いわき市四倉町玉山字御城204","37.116768","140.937686"
"大野公民館（旧大野第一小学校校庭）","福島県いわき市四倉町玉山字林崎5","37.114937","140.947964"
"旧大野第二小学校校庭","福島県いわき市四倉町駒込字広畑11","37.113722","140.903525"
"大浦公民館","福島県いわき市四倉町狐塚字小橋89","37.090364","140.969355"
"大浦小学校校庭","福島県いわき市四倉町狐塚字松橋27","37.094324","140.966197"
"クリナップ体育館駐車場","福島県いわき市四倉町細谷字小橋前11","37.085743","140.966624"
"細谷集会所","福島県いわき市四倉町細谷字弁天前地内","37.086173","140.962972"
"県立四倉高等学校校庭","福島県いわき市四倉町字五丁目4","37.11168","140.987532"
"妙見尊","福島県いわき市四倉町字西三丁目19","37.106416","140.984661"
"諏訪神社（四倉）","福島県いわき市四倉町字西三丁目60","37.108253","140.986974"
"四倉小学校校庭","福島県いわき市四倉町字西四丁目3-3","37.108811","140.987387"
"日出ヶ岡公園（忠魂碑）","福島県いわき市四倉町字太夫坂地内","37.111045","140.990257"
"四倉中学校校舎","福島県いわき市四倉町字東一丁目65","37.099341","140.984575"
"海嶽寺","福島県いわき市四倉町字梅ケ丘119-1","37.105025","140.982186"
"地蔵尊","福島県いわき市四倉町上仁井田字岸前159","37.100877","140.974207"
"市営住宅四倉南団地","福島県いわき市四倉町上仁井田字矢ノ田10-2","37.098382","140.975223"
"鹿島小学校校庭","福島県いわき市鹿島町走熊字中島1-1","36.995531","140.909748"
"若葉台北公園","福島県いわき市若葉台1-24-5","37.019565","140.89838"
"草野心平記念文学館駐車場","福島県いわき市小川町高萩字下タ道1-39","37.129316","140.832448"
"小川市民運動場","福島県いわき市小川町柴原字館下6","37.13756","140.872881"
"小川公民館広場","福島県いわき市小川町上小川字下广門44-2","37.128316","140.856333"
"小川中学校校庭","福島県いわき市小川町上平字竹ノ内63","37.12887","140.857459"
"小川小学校校庭","福島県いわき市小川町上平字田之尻4","37.134421","140.862449"
"小玉小学校校庭","福島県いわき市小川町西小川字小玉2-1","37.122317","140.862299"
"小島第一公園","福島県いわき市小島町2-1-1","37.050024","140.882261"
"那智神社","福島県いわき市小浜町渚287","36.914101","140.836478"
"津神社","福島県いわき市小浜町渚46","36.912492","140.834287"
"小浜公民館","福島県いわき市小浜町渚63","36.912794","140.833279"
"汐見が丘小学校校庭","福島県いわき市小浜町西ノ作358","36.922076","140.830352"
"小名浜市民会館広場","福島県いわき市小名浜愛宕上6-1","36.954324","140.895708"
"小名浜公民館広場","福島県いわき市小名浜愛宕上7-2","36.954006","140.894284"
"小名浜第二小学校校舎","福島県いわき市小名浜愛宕町3-2","36.952073","140.895958"
"岡小名公園","福島県いわき市小名浜岡小名2-5-1","36.960722","140.90758"
"小名浜第一中学校校庭","福島県いわき市小名浜岡小名字山田作9-1","36.967628","140.897278"
"小名浜第一小学校校庭","福島県いわき市小名浜岡小名字台ノ上1-1","36.963464","140.901491"
"小名浜第二中学校校庭","福島県いわき市小名浜岡小名字池袋11","36.955442","140.912008"
"狩亦児童遊園","福島県いわき市小名浜下神白字狩亦82-2","36.950767","140.927807"
"御霊神社","福島県いわき市小名浜下神白字千速177","36.950214","140.924242"
"三崎公園","福島県いわき市小名浜下神白字大作93","36.937743","140.920248"
"県立小名浜海星高等学校校庭","福島県いわき市小名浜下神白字武城23","36.946166","140.921952"
"ホテルテラス小名浜（外側非常階段）","福島県いわき市小名浜花畑町16-24","36.954162","140.90466"
"高田公園","福島県いわき市小名浜花畑町44","36.9572","140.90494"
"玉川中学校校庭","福島県いわき市小名浜玉川町西24","36.982651","140.882163"
"玉川中央公園","福島県いわき市小名浜玉川町南22","36.983989","140.884863"
"港ケ丘公園","福島県いわき市小名浜港ケ丘29","36.946457","140.916451"
"富ケ浦公園","福島県いわき市小名浜字観音作47","36.950323","140.91247"
"冷泉寺","福島県いわき市小名浜字古湊188","36.947701","140.91284"
"吹松公園","福島県いわき市小名浜字吹松16-19","36.942036","140.874393"
"イオンモールいわき小名浜","福島県いわき市小名浜字辰巳町79","36.94685","140.903707"
"小名浜第三小学校校庭","福島県いわき市小名浜住吉字搦町7-1","36.977557","140.885227"
"小名浜東小学校校庭","福島県いわき市小名浜諏訪町37-1","36.95476","140.910949"
"小名浜第一ホテル","福島県いわき市小名浜西町1-4","36.950531","140.901413"
"小名浜西小学校校庭","福島県いわき市小名浜大原字小滝山3","36.965726","140.897253"
"小名浜中央公園","福島県いわき市小名浜南君ケ塚町13","36.956577","140.89967"
"ホテルクラウンヒルズ小名浜","福島県いわき市小名浜蛭川南77-1","36.951452","140.902507"
"矢田川公園","福島県いわき市小名浜林城字日代鳥20","36.978928","140.893942"
"沼部橋記念遊園","福島県いわき市沼部町金山下14-2","36.919204","140.746961"
"湘南台西公園","福島県いわき市湘南台1-1-37","36.96126","140.911374"
"船尾保育園園庭","福島県いわき市常磐下船尾町村山5-1","36.988658","140.872094"
"下湯長谷公園","福島県いわき市常磐下湯長谷町1-77","36.991619","140.858759"
"磐崎中学校校庭","福島県いわき市常磐下湯長谷町家中跡28-5","36.989437","140.844584"
"磐崎小学校校庭","福島県いわき市常磐下湯長谷町勝善14-13","36.986527","140.850882"
"釜ノ前第一公園","福島県いわき市常磐上湯長谷町釜ノ前147-65","36.994232","140.833187"
"釜ノ前第二児童遊園","福島県いわき市常磐上湯長谷町釜ノ前161-163","36.996079","140.833115"
"五反田公園","福島県いわき市常磐上湯長谷町五反田206-1","36.998891","140.839625"
"県立いわき湯本高等学校校庭","福島県いわき市常磐上湯長谷町五反田55","36.996725","140.842268"
"株式会社マルト釜の前店駐車場","福島県いわき市常磐上湯長谷町山ノ神前24-35","36.99938","140.837077"
"長倉小学校校庭","福島県いわき市常磐上湯長谷町上ノ台99-2","37.002629","140.838209"
"上湯長谷公園","福島県いわき市常磐上湯長谷町湯台堂172-3","37.002493","140.834515"
"湯本第三小学校校庭","福島県いわき市常磐水野谷町竜ケ沢36","37.007951","140.86355"
"湯本第一小学校校庭","福島県いわき市常磐湯本町栄田11-10","37.002454","140.848393"
"下浅貝公園","福島県いわき市常磐湯本町下浅貝69-26","37.008837","140.854863"
"いわき市石炭化石館広場","福島県いわき市常磐湯本町向田3-1","37.012644","140.848903"
"湯本第三中学校校庭","福島県いわき市常磐湯本町高倉3-3","37.013511","140.832571"
"２１世紀の森公園","福島県いわき市常磐湯本町上浅貝110-33","37.017951","140.860743"
"湯本第一中学校校庭","福島県いわき市常磐湯本町吹谷11-1","37.005905","140.843463"
"湯本第二小学校校庭","福島県いわき市常磐湯本町日渡35","37.018878","140.843299"
"常磐市民運動場","福島県いわき市常磐湯本町日渡92-1","37.020869","140.841635"
"藤原公園","福島県いわき市常磐藤原町一本木10-1","36.995914","140.818653"
"藤原小学校校庭","福島県いわき市常磐藤原町斑堂115-2","37.00103","140.822697"
"植田中学校校庭","福島県いわき市植田町根小屋25-4","36.918769","140.78625"
"県立磐城農業高等学校校庭","福島県いわき市植田町小名田60","36.926409","140.790431"
"小名田ちびっこ広場","福島県いわき市植田町西荒田61-1","36.924164","140.795715"
"植田第二公園","福島県いわき市植田町中央三丁目9-1","36.923089","140.797453"
"植田中央公園","福島県いわき市植田町中央二丁目11-1","36.920785","140.799385"
"県立勿来工業高等学校校庭","福島県いわき市植田町堂ノ作10","36.928494","140.792472"
"植田公民館","福島県いわき市植田町南町1-2-2","36.914662","140.798167"
"植田八幡神社境内","福島県いわき市植田町八幡台2","36.918852","140.795348"
"後宿公園","福島県いわき市植田町本町1-12","36.914631","140.797386"
"植田東中学校校庭","福島県いわき市石塚町国分175-2","36.928336","140.815343"
"根渡神社","福島県いわき市折戸字折戸82","36.963139","140.951851"
"川前支所（旧桶売小・中学校校庭）","福島県いわき市川前町下桶売字久保田96-2","37.243481","140.722448"
"小白井集会所","福島県いわき市川前町小白井字大小屋36-1","37.297025","140.712353"
"いわきの里鬼ケ城グラウンド","福島県いわき市川前町上桶売字小久田73-3","37.271883","140.732112"
"川前公民館前庭","福島県いわき市川前町川前字椚立79","37.205627","140.757495"
"川部中学校校庭","福島県いわき市川部町坂下18-1","36.903511","140.72698"
"八幡神社境内","福島県いわき市川部町寺田72","36.913832","140.731069"
"川部小学校校庭","福島県いわき市川部町川原65-1","36.906196","140.731674"
"沖公園","福島県いわき市泉玉露7-9-1","36.955716","140.844891"
"滝尻３号公園","福島県いわき市泉滝尻3-5-1","36.950789","140.860957"
"泉公園","福島県いわき市泉町1-18-1","36.95344","140.85779"
"泉清水公園","福島県いわき市泉町5-16-5","36.947508","140.85675"
"出羽神社（泉町）","福島県いわき市泉町下川字神山前119","36.942522","140.858422"
"あすか製薬株式会社いわき工場","福島県いわき市泉町下川字大剣1","36.925296","140.849238"
"小名浜臨海工業団地東緑地","福島県いわき市泉町下川字大剣1-24","36.93345","140.86196"
"小名浜臨海工業団地大畑緑地","福島県いわき市泉町下川字大剣1-5","36.925998","140.855129"
"泉中学校校庭","福島県いわき市泉町玉露字吉野作42","36.96231","140.852916"
"泉北小学校校庭","福島県いわき市泉町玉露字定田69","36.961926","140.8467"
"早稲田公園","福島県いわき市泉町黒須野字早稲田235-102","36.93225","140.823062"
"泉小学校校庭","福島県いわき市泉町字小山48-2","36.950357","140.848229"
"草木台一丁目公園","福島県いわき市草木台1-7","37.020174","140.867984"
"草木台二丁目公園","福島県いわき市草木台2-11","37.017","140.868113"
"久之浜第二小学校校庭","福島県いわき市大久町大久字矢ノ目沢2-1","37.176322","140.954848"
"中央台東小学校校庭","福島県いわき市中央台高久2-24","37.008301","140.929264"
"いわき光洋高等学校校庭","福島県いわき市中央台高久4-1","37.017844","140.927325"
"中央台南小学校校庭","福島県いわき市中央台鹿島2-1-1","37.002237","140.922167"
"中央台南中学校校庭","福島県いわき市中央台鹿島2-42-1","37.003026","140.926476"
"中央台北小学校校庭","福島県いわき市中央台飯野3-2-1","37.016128","140.910996"
"中央台北中学校校庭","福島県いわき市中央台飯野5-2-1","37.019401","140.911189"
"中岡第二公園","福島県いわき市中岡町3-2-1","36.92438","140.781051"
"中岡第一公園","福島県いわき市中岡町6-3-1","36.9199","140.78346"
"真福寺","福島県いわき市中之作字勝見ケ浦1-90","36.958399","140.94696"
"諏訪神社（中之作）","福島県いわき市中之作字植作21","36.961841","140.948433"
"中之作公園","福島県いわき市中之作字大畑1-2","36.963263","140.947043"
"貝泊集会施設駐車場","福島県いわき市田人町貝泊字久子ノ内57","36.99159","140.618136"
"田人市民運動場","福島県いわき市田人町黒田字寺ノ下64","36.965718","140.704508"
"田人小学校校庭","福島県いわき市田人町黒田字中野18-1","36.963801","140.704162"
"石住多目的集会所駐車場","福島県いわき市田人町石住字貝屋35","37.033307","140.640747"
"旧田人第二小学校南大平分校校庭","福島県いわき市田人町南大平字坪内95-1","36.932504","140.689934"
"下平石児童遊園","福島県いわき市田人町旅人字下平石","36.953188","140.703513"
"田人ふれあい館第２駐車場","福島県いわき市田人町旅人字下平石191","36.95267","140.704572"
"おふくろの宿駐車場","福島県いわき市田人町旅人字江尻71","36.941095","140.661667"
"上釜戸運動広場","福島県いわき市渡辺町上釜戸字堤ノ内38-1","36.978439","140.801196"
"渡辺小学校校庭","福島県いわき市渡辺町田部字岸17-1","36.95866","140.829224"
"植田小学校校庭","福島県いわき市東田町向山1","36.923778","140.804489"
"東田墓園","福島県いわき市東田町菖蒲沢23-1","36.928655","140.811681"
"出羽神社（東田町）","福島県いわき市東田町神山9","36.922518","140.806495"
"内郷第二中学校校庭","福島県いわき市内郷宮町金坂114","37.042903","140.844299"
"宮保育所所庭","福島県いわき市内郷宮町金坂152-1","37.040101","140.845831"
"天上田公園","福島県いわき市内郷御厩町2-59","37.047004","140.869277"
"長町公園","福島県いわき市内郷御厩町4-64","37.051714","140.875886"
"新町前公園","福島県いわき市内郷御台境町新町前11-9","37.05433","140.879979"
"高坂北公園","福島県いわき市内郷高坂町1-56","37.048623","140.856709"
"高坂南公園","福島県いわき市内郷高坂町1-86-7","37.046199","140.853382"
"金坂公園","福島県いわき市内郷高坂町2-25","37.047266","140.847795"
"高坂小学校校庭","福島県いわき市内郷高坂町台35","37.041399","140.857082"
"内郷第一中学校校庭","福島県いわき市内郷高坂町立野129-1","37.04252","140.851351"
"高野小学校・内郷第三中学校校庭","福島県いわき市内郷高野町中倉82-3","37.053747","140.796169"
"馬場児童公園","福島県いわき市内郷綴町川原田59","37.03823","140.858248"
"内町小学校校庭","福島県いわき市内郷内町水之出37","37.03481","140.8507"
"内町公園","福島県いわき市内郷内町磐堰106","37.036574","140.846979"
"白水阿弥陀堂境域案内広場","福島県いわき市内郷白水町大門","37.0351","140.837364"
"平第五小学校校庭","福島県いわき市平下荒川字川前54-1","37.040231","140.907833"
"県立平工業高等学校校庭","福島県いわき市平下荒川字中剃1-3","37.03649","140.904607"
"上荒川公園","福島県いわき市平下荒川字南作100","37.033046","140.897588"
"高久小学校校庭","福島県いわき市平下高久字原極46-1","37.029081","140.958502"
"いわき新舞子ハイツ","福島県いわき市平下高久字南谷地16-4","37.02424","140.969788"
"馬場集会所","福島県いわき市平下高久字馬場122","37.031627","140.950202"
"八幡神社（下高久）","福島県いわき市平下高久字八幡207","37.022567","140.960202"
"草野小学校校庭","福島県いわき市平下神谷字宿25","37.071034","140.947553"
"八坂神社","福島県いわき市平下大越字根岸225","37.04403","140.95838"
"白山神社","福島県いわき市平下大越字石田16","37.04607","140.954257"
"下平窪第二公園","福島県いわき市平下平窪1-5","37.075087","140.882727"
"平第四小学校校庭","福島県いわき市平下平窪字諸荷59-1","37.081987","140.880225"
"下平窪第一公園","福島県いわき市平下平窪字味噌農9","37.076199","140.878362"
"平第二中学校校庭","福島県いわき市平鎌田字味噌能2","37.059588","140.907256"
"いわき市フラワーセンター","福島県いわき市平四ツ波字石森116","37.090415","140.903429"
"白土公園","福島県いわき市平字愛谷町4-7-1","37.05052","140.90808"
"平一町目公園","福島県いわき市平字一町目20-1","37.055659","140.888128"
"下川原公園","福島県いわき市平字下川原40","37.053095","140.905058"
"九品寺前公園","福島県いわき市平字九品寺町2-1","37.06343","140.8967"
"五色町公園","福島県いわき市平字五色町5","37.055033","140.902472"
"紅葉町公園","福島県いわき市平字紅葉町42-1","37.064994","140.893077"
"県立磐城高等学校校庭","福島県いわき市平字高月7","37.063132","140.881017"
"平第三小学校校庭","福島県いわき市平字作町3-4-2","37.047919","140.903696"
"県立磐城桜が丘高等学校校庭","福島県いわき市平字桜町5","37.063378","140.885997"
"平中央公園","福島県いわき市平字三崎1","37.050629","140.889279"
"小太郎町公園","福島県いわき市平字小太郎町5","37.051542","140.892551"
"下の町公園","福島県いわき市平字新田前6-1","37.050206","140.895522"
"正内町東公園","福島県いわき市平字正内町109","37.053266","140.901463"
"平市民運動場","福島県いわき市平字正内町22","37.054599","140.899229"
"大工町公園","福島県いわき市平字大工町7-1","37.057187","140.895557"
"佃町公園","福島県いわき市平字佃町5-1","37.051906","140.894401"
"堂ノ前公園","福島県いわき市平字堂ノ前1","37.053743","140.887797"
"尼子町公園","福島県いわき市平字尼子町4","37.051766","140.8827"
"平第二小学校校庭","福島県いわき市平字梅香町7-1","37.06313","140.893004"
"菱川町公園","福島県いわき市平字菱川町7-7","37.050129","140.891394"
"平第一中学校校庭","福島県いわき市平字揚土1","37.058272","140.88351"
"平第一小学校校庭","福島県いわき市平字揚土5","37.057839","140.885228"
"市営住宅沼ノ内団地","福島県いわき市平沼ノ内字西原150","37.015009","140.968251"
"沼ノ内弁財天","福島県いわき市平沼ノ内字代ノ下104","37.008666","140.971166"
"国立福島工業高等専門学校グラウンド","福島県いわき市平上荒川字長尾30","37.03303","140.887813"
"県立いわき公園","福島県いわき市平上高久字大日作地内","37.013291","140.921646"
"県立いわき支援学校校庭","福島県いわき市平上神谷字石ノ町13-1","37.066471","140.917052"
"夏井小学校校庭","福島県いわき市平上大越字塚越1","37.052167","140.952817"
"県立平支援学校校庭","福島県いわき市平上平窪字羽黒40-45","37.093323","140.889739"
"神谷作公民館","福島県いわき市平神谷作字古屋敷30","37.01339","140.964063"
"いわき清苑駐車場","福島県いわき市平菅波字菅波入186-1","37.039451","140.925881"
"赤井中学校校庭","福島県いわき市平赤井字大門13","37.084847","140.853341"
"赤井小学校校庭","福島県いわき市平赤井字田町49","37.087058","140.865262"
"仲山町公園","福島県いわき市平谷川瀬2-26-1","37.046859","140.894927"
"平第三中学校校庭","福島県いわき市平谷川瀬字吉野作56-2","37.042076","140.896121"
"県立いわき商業情報高等学校校庭","福島県いわき市平中塩字一水口37-1","37.069616","140.900515"
"平第六小学校校庭","福島県いわき市平中神谷字石脇22","37.067773","140.931809"
"藤間中学校校庭","福島県いわき市平藤間字千ケ久保76-6","37.035311","140.964417"
"新山神社","福島県いわき市平藤間字中之内73","37.041401","140.958718"
"安養院","福島県いわき市平藤間字中之内74","37.042299","140.959752"
"薄井神社","福島県いわき市平薄磯字三反田221-1","37.006834","140.975511"
"金倉稲荷神社","福島県いわき市平薄磯字南作295","36.998695","140.974111"
"豊間中学校校舎","福島県いわき市平薄磯字南作62","37.00134","140.973663"
"豊間中学校校庭","福島県いわき市平薄磯字南作62","37.000911","140.973873"
"市営住宅薄磯団地","福島県いわき市平薄磯字北ノ作79","37.007194","140.973882"
"八坂神社（豊間）","福島県いわき市平豊間字榎町197","36.992725","140.9676"
"市営住宅豊間団地","福島県いわき市平豊間字榎町202-2","36.994303","140.965396"
"諏訪神社（豊間）","福島県いわき市平豊間字下ノ内100","36.986722","140.965081"
"小泉工業","福島県いわき市平豊間字合磯19-2","36.979605","140.961444"
"望洋荘","福島県いわき市平豊間字合磯39","36.978772","140.961627"
"豊間公園","福島県いわき市平豊間字大作72","36.995015","140.968848"
"小泉工業","福島県いわき市平豊間字兎渡路291-92","36.979062","140.964459"
"八幡神社（豊間）","福島県いわき市平豊間字柳町72","36.992337","140.970318"
"勿来の関","福島県いわき市勿来町関田関山59","36.872668","140.783961"
"砂山権現神社","福島県いわき市勿来町関田御城前51","36.876723","140.787543"
"関田中央ちびっこ広場","福島県いわき市勿来町関田行屋前5","36.881554","140.789322"
"市営住宅関田団地","福島県いわき市勿来町関田飯ノ辺前3-3","36.880752","140.788639"
"勿来第二中学校校庭","福島県いわき市勿来町関田北作6","36.880469","140.783481"
"勿来第二小学校校庭","福島県いわき市勿来町関田和久75","36.885231","140.787967"
"入町奥高台","福島県いわき市勿来町九面横石地内","36.857947","140.786826"
"いわき市勿来駐車場","福島県いわき市勿来町九面浜田11-4","36.86643","140.786431"
"勿来第一小学校校庭","福島県いわき市勿来町窪田伊賀屋敷1-1","36.892739","140.762265"
"県立勿来高等学校校庭","福島県いわき市勿来町窪田町通2-1","36.888217","140.767353"
"御前崎遊園地","福島県いわき市勿来町窪田道山154-35","36.897815","140.755398"
"伊勢神社","福島県いわき市勿来町四沢伊勢林1","36.887898","140.78949"
"ひまわりちびっ子広場","福島県いわき市勿来町四沢作田67-1","36.886503","140.772912"
"市営住宅四沢団地","福島県いわき市勿来町四沢渋沼10","36.890801","140.783825"
"㈱ムラコシ精工ファインコンポーネンツ事業部勿来工場駐車場","福島県いわき市勿来町酒井酒井原110","36.8928","140.75295"
"株式会社久伸電機駐車場","福島県いわき市勿来町酒井酒井原27-1","36.890664","140.747686"
"勿来第三小学校校庭","福島県いわき市勿来町酒井北ノ内1","36.885522","140.742205"
"大高八幡台遊園地","福島県いわき市勿来町大高八幡2-1","36.902292","140.761251"
"白米第一公園","福島県いわき市勿来町白米林ノ中30-99","36.895701","140.737076"
"洋向台中央公園","福島県いわき市洋向台2-49-6","36.965804","140.934574"
"伊達グラウンド","福島県伊達市一本松64-1","37.814093","140.491013"
"伊達小学校","福島県伊達市舘ノ内20","37.820023","140.497453"
"つきだて花工房","福島県伊達市月舘町下手渡字寺窪7","37.717197","140.598619"
"下手渡児童遊園地","福島県伊達市月舘町下手渡字町1-1","37.715787","140.603426"
"下手渡地区交流館","福島県伊達市月舘町下手渡字町37","37.716404","140.603662"
"月舘中央交流館　月舘体育館","福島県伊達市月舘町月舘字ウルシ坊19-1","37.734467","140.609181"
"月舘保健福祉センター","福島県伊達市月舘町月舘字関ノ下12-1","37.731421","140.6068"
"月舘認定こども園","福島県伊達市月舘町月舘字関ノ下8-2","37.730584","140.607312"
"月舘学園","福島県伊達市月舘町月舘字久保田1","37.732695","140.608043"
"月舘総合支所","福島県伊達市月舘町月舘字久保田5","37.733748","140.607929"
"旧役場跡地","福島県伊達市月舘町月舘字殿ノ上39","37.736571","140.60952"
"御代田地区交流館","福島県伊達市月舘町御代田字古跡54","37.749439","140.605572"
"御代田コミュニティセンター","福島県伊達市月舘町御代田字新堀ノ内45-1","37.743758","140.607403"
"すぱーく月舘","福島県伊達市月舘町糠田字舘山1","37.71792","140.595252"
"月舘運動場","福島県伊達市月舘町糠田字舘山1","37.717309","140.596158"
"月舘運動場管理棟","福島県伊達市月舘町糠田字舘山1","37.717317","140.594745"
"旧小手小学校簡易宿泊所","福島県伊達市月舘町糠田字舘山10","37.718513","140.594173"
"布川地区交流館","福島県伊達市月舘町布川字宮ノ前3-4","37.735331","140.623764"
"布川児童遊園地","福島県伊達市月舘町布川字若1-8","37.734976","140.634251"
"旧月舘小学校","福島県伊達市月舘町布川字西原6","37.738756","140.612327"
"月見舘森林公園","福島県伊達市月舘町布川字大作田山1-1","37.735447","140.619512"
"山舟生農村広場","福島県伊達市山舟生字高橋17","37.874725","140.660059"
"伊達福祉センター","福島県伊達市前川原17-1","37.820131","140.507489"
"伊達体育館","福島県伊達市前川原37-1","37.820456","140.507479"
"伊達市ふるさと会館","福島県伊達市前川原63","37.820834","140.508293"
"伊達中学校","福島県伊達市箱崎字沖110","37.820758","140.515025"
"伊達ふれあいセンター","福島県伊達市箱崎字川端7","37.815734","140.511126"
"箱崎農村環境改善センター","福島県伊達市箱崎字大舘29-3","37.814444","140.516232"
"伊達東グラウンド","福島県伊達市伏黒字一本石41-2","37.824636","140.527492"
"伊達東地区交流館","福島県伊達市伏黒字一本石41-2","37.825235","140.526943"
"伊達東小学校","福島県伊達市伏黒字土井ノ内42","37.823298","140.523808"
"Ｕプレイス伊達・Ｎｅｘｔプレイス","福島県伊達市保原町高子岡238","37.809121","140.526978"
"保原第２体育館","福島県伊達市保原町字10-17","37.82399","140.554942"
"産業振興会館","福島県伊達市保原町字宮下111-2","37.82029","140.555851"
"保原体育館","福島県伊達市保原町字宮下111-4","37.821532","140.555834"
"保原市民センター","福島県伊達市保原町字宮下111-4","37.82129","140.556296"
"保原中央交流館","福島県伊達市保原町字宮下111-4","37.820891","140.556074"
"伊達高等学校","福島県伊達市保原町字元木23","37.823103","140.559906"
"保原ふれあいセンター","福島県伊達市保原町字西町113","37.823935","140.551684"
"富士通アイソティック体育館","福島県伊達市保原町字東野崎135","37.813556","140.559916"
"保原駅コミュニティセンター","福島県伊達市保原町字東野崎45-9","37.814685","140.556265"
"桃陵中学校","福島県伊達市保原町字豊田1-1","37.831679","140.558337"
"保原小学校","福島県伊達市保原町字弥生町15","37.820086","140.549771"
"柱沢地区交流館","福島県伊達市保原町所沢字東畑100","37.79666","140.568426"
"柱沢小学校","福島県伊達市保原町所沢字東畑100","37.797417","140.568965"
"認定こども園上保原","福島県伊達市保原町上保原字上ノ原22-2","37.812358","140.540428"
"上保原地区交流館","福島県伊達市保原町上保原字上ノ原24-1","37.812689","140.541068"
"上保原小学校","福島県伊達市保原町上保原字無苦代内11","37.813537","140.539975"
"保原総合公園","福島県伊達市保原町大泉字宮脇265","37.818223","140.570598"
"大田地区交流館","福島県伊達市保原町大泉字前原内106-1","37.825352","140.573066"
"大田小学校","福島県伊達市保原町大泉字前原内111","37.825434","140.573919"
"認定こども園大田","福島県伊達市保原町大泉字前原内246-1","37.825349","140.574827"
"だて支援学校","福島県伊達市保原町大泉字大舘78","37.823334","140.564178"
"松陽中学校","福島県伊達市保原町大柳字向山1","37.800704","140.554524"
"中瀬グラウンド","福島県伊達市保原町中瀬字上松27-2","37.840841","140.558351"
"旧富成小学校","福島県伊達市保原町富沢字羽山5-3","37.784912","140.546714"
"富成地区交流館","福島県伊達市保原町富沢字羽山8","37.785433","140.545922"
"伊達中央交流館","福島県伊達市北後22-1","37.821959","140.498827"
"粟野小学校","福島県伊達市梁川町粟野字沼頭28","37.850227","140.581083"
"梁川福祉会館","福島県伊達市梁川町元陣内1-2","37.856683","140.608414"
"五十沢地区交流館","福島県伊達市梁川町五十沢字宮下4-1","37.880728","140.618942"
"旧五十沢小学校","福島県伊達市梁川町五十沢字宮下90-4","37.882807","140.620737"
"五十沢運動広場","福島県伊達市梁川町五十沢字松林183","37.879659","140.61055"
"旧山舟生小学校","福島県伊達市梁川町山舟生字高倉61","37.876839","140.661603"
"山舟生地区交流館","福島県伊達市梁川町山舟生字坊前18","37.875993","140.662524"
"梁川中学校","福島県伊達市梁川町字菖蒲沢141-6","37.854534","140.612422"
"梁川寿健康センター","福島県伊達市梁川町字菖蒲沢84","37.855769","140.616575"
"梁川総合支所","福島県伊達市梁川町字青葉町1","37.845502","140.601326"
"伊達高等学校梁川校舎","福島県伊達市梁川町字鶴ヶ岡33","37.853873","140.611648"
"梁川中央交流館","福島県伊達市梁川町字南本町35","37.855373","140.602053"
"梁川体育館","福島県伊達市梁川町字北町頭70","37.858328","140.614433"
"梁川小学校","福島県伊達市梁川町字北本町21-1","37.857696","140.60188"
"新田ふれあいセンター","福島県伊達市梁川町字陽光台1-1","37.837908","140.593579"
"旧富野小学校グラウンド","福島県伊達市梁川町舟生字沢口20","37.871407","140.626489"
"富野地区交流館","福島県伊達市梁川町舟生字沢口20-7","37.871229","140.625767"
"旧富野地区交流館","福島県伊達市梁川町舟生字堂前55","37.871594","140.628562"
"堰本地区交流館","福島県伊達市梁川町新田字寺山4-5","37.830363","140.601829"
"堰本小学校","福島県伊達市梁川町新田字南荒野33","37.831089","140.601541"
"旧大枝小学校グラウンド","福島県伊達市梁川町東大枝字東荒田2","37.877446","140.59272"
"大枝農村広場","福島県伊達市梁川町東大枝字北町132","37.87799","140.595254"
"東大枝地区交流館","福島県伊達市梁川町東大枝字北町132-1","37.877356","140.595613"
"粟野地区交流館","福島県伊達市梁川町二野袋字昭和3-2","37.85011","140.579965"
"白根農村広場","福島県伊達市梁川町白根字若林78","37.855275","140.666445"
"伊達市ウエルネスサロン白根","福島県伊達市梁川町白根字馬場10","37.848226","140.656592"
"旧白根地区交流館","福島県伊達市梁川町白根字北向15","37.846893","140.656525"
"道の駅「伊達の郷りょうぜん」","福島県伊達市霊山町下小国字桜町3-1","37.766783","140.588353"
"小国小学校","福島県伊達市霊山町下小国字中島26-1","37.766438","140.57929"
"下小国中央集会所","福島県伊達市霊山町下小国字堀ノ内1","37.768467","140.579239"
"霊山中学校","福島県伊達市霊山町掛田字下川原30","37.788087","140.595026"
"霊山運動広場","福島県伊達市霊山町掛田字荷鞍廻1-4","37.784677","140.605611"
"掛田小学校","福島県伊達市霊山町掛田字高ノ上2","37.789781","140.593154"
"霊山中央交流館","福島県伊達市霊山町掛田字西裏17","37.783559","140.592457"
"霊山体育館","福島県伊達市霊山町掛田字西裏17","37.783933","140.592595"
"霊山総合福祉センター","福島県伊達市霊山町掛田字町田14-5","37.779856","140.598452"
"山戸田中央集会所","福島県伊達市霊山町山戸田字宮下1","37.775123","140.618285"
"山野川ふれあいセンター","福島県伊達市霊山町山野川字根元35-1","37.807332","140.60176"
"小国地区交流館","福島県伊達市霊山町上小国字腰巻7","37.744426","140.562227"
"石戸地区交流館","福島県伊達市霊山町石田字宮下12-8","37.762563","140.629005"
"旧石田小学校","福島県伊達市霊山町石田字的場6","37.759222","140.635721"
"泉原勤労者交流センター","福島県伊達市霊山町泉原字米田3-3","37.813653","140.62077"
"旧泉原小学校","福島県伊達市霊山町泉原字米田5","37.813947","140.621218"
"旧大石小学校","福島県伊達市霊山町大石字三ノ輪27","37.801301","140.63785"
"霊山地区交流館","福島県伊達市霊山町大石字西舘73","37.803078","140.632422"
"中川集落センター","福島県伊達市霊山町中川字丹鶴1","37.792346","140.61995"
"聖光学院高等学校","福島県伊達市六角3","37.82601","140.499568"
"旭田小学校","福島県下郷町大字塩生字金堀場1935-1","37.25113","139.875036"
"下郷ふれあいセンター","福島県下郷町大字塩生字大石1000","37.254769","139.873044"
"大川ふるさと公園","福島県下郷町大字沢田字下林1888","37.244996","139.856833"
"下郷中学校","福島県下郷町大字中妻字大百刈5","37.259914","139.872675"
"稲荷塚公園","福島県会津坂下町字稲荷塚165","37.566233","139.809921"
"桜ヶ丘公園","福島県会津坂下町字舘ノ内甲2433","37.563295","139.818366"
"会津農林高等学校グラウンド","福島県会津坂下町字曲田1391","37.555259","139.822612"
"緑町公園","福島県会津坂下町字上口503","37.562054","139.82671"
"坂下東小学校グラウンド","福島県会津坂下町字上口705","37.560909","139.832822"
"坂下中央公園","福島県会津坂下町字西南町裏3998-2","37.560367","139.821172"
"ステーションばんげ南公園","福島県会津坂下町字石田1486-10","37.556731","139.82104"
"坂下南小学校グラウンド","福島県会津坂下町字石田甲650","37.557953","139.820569"
"坂下中学校グラウンド","福島県会津坂下町字惣六83","37.563178","139.81166"
"台ノ宮公園","福島県会津坂下町字台ノ下861","37.558909","139.831275"
"諏訪公園","福島県会津坂下町字中岩田198","37.561816","139.813913"
"若宮コミュニティセンター　グラウンド","福島県会津坂下町大字牛川字寿ノ宮1715","37.542764","139.816224"
"若宮コミュニティセンター","福島県会津坂下町大字牛川字寿ノ宮1890","37.542519","139.817058"
"牛沢公園","福島県会津坂下町大字牛川字中島2592","37.546598","139.805369"
"旧坂本分校前広場","福島県会津坂下町大字坂本字宮前甲940-2","37.556802","139.765513"
"花ちゃん公園","福島県会津坂下町大字青木字宮田205","37.587616","139.838177"
"広瀬コミュニティセンター　グラウンド","福島県会津坂下町大字青木字青木139","37.587831","139.836896"
"広瀬コミュニティセンター","福島県会津坂下町大字青木字八峠234-1","37.58757","139.83605"
"川西コミュニティセンター　グラウンド","福島県会津坂下町大字大上字柳ノ下甲312","37.587726","139.810141"
"八幡コミュニティセンター","福島県会津坂下町大字塔寺字松原２８４７－ロ2","37.575444","139.799413"
"八幡コミュニティセンター　グラウンド","福島県会津坂下町大字塔寺字北原787","37.575806","139.799719"
"旧坂下高等学校グラウンド","福島県会津坂下町大字白狐字古川甲1090","37.554367","139.819275"
"川西公園","福島県会津坂下町大字八日沢字飯沼1","37.582035","139.811167"
"金上コミュニティセンター","福島県会津坂下町大字福原字家東59","37.551501","139.845363"
"福原公園","福島県会津坂下町大字福原字中田218","37.550364","139.84054"
"ばんげひがし公園","福島県会津坂下町大字福原字殿田98","37.553449","139.836269"
"金上コミュニティセンター　グラウンド","福島県会津坂下町大字福原字福川原字913","37.550983","139.843706"
"高寺コミュニティセンター","福島県会津坂下町大字片門字宮ノ下1900","37.575294","139.76212"
"高寺コミュニティセンター　グラウンド","福島県会津坂下町大字片門字片門甲32-2","37.575244","139.763191"
"物流修景緑地","福島県会津若松市インター西120","37.520576","139.917932"
"物流２号緑地","福島県会津若松市インター西3","37.527798","139.914202"
"物流１号緑地","福島県会津若松市インター西94","37.522269","139.917382"
"松長１号公園","福島県会津若松市一箕町松長1-1-1","37.530419","139.954398"
"松長近隣公園予定地","福島県会津若松市一箕町松長1-17-1","37.531511","139.956689"
"松長１号緑地","福島県会津若松市一箕町松長2-2-17","37.527454","139.953899"
"松長コミュニティセンター","福島県会津若松市一箕町松長4-9-108","37.528366","139.959203"
"松長小学校","福島県会津若松市一箕町松長4-9-2","37.52608","139.957237"
"松長５号公園","福島県会津若松市一箕町松長6-1-7","37.525063","139.962264"
"つるかめ公園","福島県会津若松市一箕町大字亀賀","37.519684","139.938171"
"公立学校法人会津大学","福島県会津若松市一箕町大字鶴賀字上居合90","37.523684","139.93804"
"一箕中学校","福島県会津若松市一箕町大字八幡字堰下70","37.516914","139.953904"
"飯盛山市営観光客用無料駐車場","福島県会津若松市一箕町大字八幡字牛ヶ墓244-5","37.504373","139.950955"
"福島県立会津学鳳中学校・高等学校","福島県会津若松市一箕町大字八幡字八幡1-1","37.510688","139.943643"
"ふれあい体育館","福島県会津若松市一箕町大字八幡字八幡2-1","37.510336","139.945757"
"大塚山墓園","福島県会津若松市一箕町大字八幡字北滝沢1","37.513763","139.944465"
"公立学校法人会津大学短期大学部","福島県会津若松市一箕町大字八幡字門田1-1","37.506915","139.946127"
"蒲生氏郷記念公園","福島県会津若松市栄町121-1","37.496615","139.929197"
"生涯学習総合センター（會津稽古堂）","福島県会津若松市栄町3-50","37.496695","139.929844"
"中央児童公園","福島県会津若松市栄町87","37.497062","139.929745"
"駅前公園","福島県会津若松市駅前町406","37.507061","139.930781"
"岡田農村公園","福島県会津若松市河東町岡田字方便44","37.577837","139.911648"
"東台公園","福島県会津若松市河東町金田字東台25","37.537089","139.945264"
"河東第三幼稚園","福島県会津若松市河東町熊野堂字高舘175","37.563376","139.918027"
"河東公民館","福島県会津若松市河東町郡山字中子山32","37.549902","139.926799"
"郡山農村公園","福島県会津若松市河東町郡山字東29-1","37.548307","139.91854"
"旧河東第一幼稚園","福島県会津若松市河東町広田字塩新182","37.544105","139.933571"
"旧河東第一小学校","福島県会津若松市河東町広田字塩新205","37.544645","139.933352"
"広田西公園","福島県会津若松市河東町広田字横堀42-1","37.550788","139.926632"
"旧河東中学校","福島県会津若松市河東町広田字東116","37.552056","139.93885"
"河東総合体育館","福島県会津若松市河東町浅山字石堀山40-1","37.546039","139.956485"
"代田農村公園","福島県会津若松市河東町代田字代田114","37.562734","139.904503"
"西部農村運動公園","福島県会津若松市河東町代田字北畑396","37.566779","139.901161"
"旧大田原保育所","福島県会津若松市河東町大田原字村中152","37.564602","139.916958"
"旧河東第三小学校","福島県会津若松市河東町大田原字村中186","37.564391","139.917532"
"河東学園　前期課程","福島県会津若松市河東町南高野字金剛田1","37.555277","139.930461"
"河東学園　後期課程","福島県会津若松市河東町南高野字金剛田1","37.555828","139.928986"
"河東農村環境改善センター","福島県会津若松市河東町南高野字向原19","37.552485","139.931223"
"南高野農村公園","福島県会津若松市河東町南高野字南高野5-2","37.556872","139.931694"
"高塚公園","福島県会津若松市河東町南高野字葉山2","37.557008","139.944758"
"八田野農村公園","福島県会津若松市河東町八田字宮ノ上1","37.547908","139.975965"
"桜石農村公園","福島県会津若松市河東町八田字桜石109","37.545768","139.989361"
"漆沢農村公園","福島県会津若松市河東町八田字漆沢48","37.551958","139.961889"
"稲荷原農村公園","福島県会津若松市河東町八田字水上100","37.536992","139.97518"
"強清水農村公園","福島県会津若松市河東町八田字清水廻戸山1113","37.517164","139.9926"
"旧河東第二小学校","福島県会津若松市河東町八田字八田野127","37.545036","139.972314"
"旧八田保育所跡地","福島県会津若松市河東町八田字八田野310","37.543602","139.975121"
"八田地区交流センター","福島県会津若松市河東町八田字八田野539","37.542774","139.974952"
"中央保育所","福島県会津若松市花春町2-1","37.489911","139.939957"
"国指定名勝会津松平氏庭園（御薬園）西側駐車場","福島県会津若松市花春町8-1","37.491181","139.942867"
"薬師公園","福島県会津若松市館馬町153","37.480947","139.9209"
"扇町１２号公園","福島県会津若松市亀賀1-10","37.51659","139.935661"
"扇町３号公園","福島県会津若松市亀賀2-11","37.516823","139.938668"
"居合１号公園","福島県会津若松市居合町27","37.519851","139.946077"
"錦町広場","福島県会津若松市錦町1-1","37.4836","139.925307"
"金川町公園","福島県会津若松市金川町556","37.505753","139.920519"
"東公民館","福島県会津若松市慶山1-1-53","37.493007","139.945991"
"東山小学校","福島県会津若松市慶山1-2-1","37.494139","139.946127"
"愛宕山公園","福島県会津若松市慶山2-94","37.492745","139.951734"
"さつき美咲公園","福島県会津若松市五月町153","37.50243","139.912428"
"五月町わんぱく公園","福島県会津若松市五月町6","37.499974","139.913061"
"行仁コミュニティセンター","福島県会津若松市行仁町5-32","37.49861","139.937198"
"行仁小学校","福島県会津若松市行仁町6-1","37.498751","139.937941"
"北公民館","福島県会津若松市高野町大字上高野字村前28","37.521883","139.911155"
"永和小学校","福島県会津若松市高野町大字上高野字村内43-1","37.525016","139.90923"
"木流農村公園","福島県会津若松市高野町大字木流字橋本492","37.543693","139.915818"
"住吉児童公園","福島県会津若松市材木町1-183","37.487631","139.909942"
"城西コミュニティセンター","福島県会津若松市材木町1-3-38","37.486539","139.913472"
"材木町公園","福島県会津若松市材木町2-173","37.484704","139.910172"
"わかばふれあい広場","福島県会津若松市材木町2-365","37.484478","139.912214"
"第四中学校","福島県会津若松市桜町110","37.481362","139.912798"
"扇町８号公園","福島県会津若松市山見1-4","37.506442","139.939441"
"扇町７号公園","福島県会津若松市山見2-4","37.509102","139.940718"
"一箕小学校","福島県会津若松市山見町220","37.506359","139.940294"
"謹教コミュニティセンター","福島県会津若松市山鹿町1-22","37.490587","139.925112"
"第一中学校","福島県会津若松市蚕養町11-1","37.505394","139.934974"
"七日町市民広場","福島県会津若松市七日町1-21","37.499206","139.924901"
"松長２号公園","福島県会津若松市松長3-13-93","37.528418","139.956075"
"松長緑道","福島県会津若松市松長4-9-5","37.527494","139.957289"
"松長４号公園","福島県会津若松市松長5-7-38","37.52883","139.963002"
"松長３号公園","福島県会津若松市松長6-12-26","37.52632","139.959719"
"城西町公園","福島県会津若松市城西町135","37.483244","139.915257"
"第二中学校","福島県会津若松市城前1-7","37.490158","139.933922"
"つばくろ公園","福島県会津若松市城前60-1","37.490282","139.93646"
"鶴ケ城公園（鶴ケ城体育館）","福島県会津若松市城東町","37.487943","139.929866"
"鶴城コミュニティセンター","福島県会津若松市城東町1-47","37.489583","139.934538"
"小田垣公園","福島県会津若松市城東町351","37.488456","139.936385"
"城北町１号公園","福島県会津若松市城北町171-3","37.504584","139.925923"
"城北小学校","福島県会津若松市城北町2-1","37.504137","139.926129"
"さくら公園","福島県会津若松市真宮新町南1-153","37.513774","139.875883"
"昭和公園","福島県会津若松市真宮新町南3-113","37.516608","139.876392"
"真宮コミュニティセンター","福島県会津若松市真宮新町南3-33","37.518159","139.875486"
"中央公園","福島県会津若松市真宮新町南4-129","37.521454","139.874705"
"亀公園","福島県会津若松市真宮新町北2-113","37.525086","139.869585"
"緑地（みどり）公園","福島県会津若松市真宮新町北4-105","37.530159","139.869938"
"たかく公園","福島県会津若松市神指町大字高久字高久233-2","37.542261","139.877565"
"赤ベコ公園","福島県会津若松市神指町大字高久字北條163-12","37.543655","139.875668"
"中央公民館神指分館","福島県会津若松市神指町大字高瀬字大道東105","37.517525","139.901095"
"神指小学校","福島県会津若松市神指町大字高瀬字大道東108-3","37.518856","139.900008"
"第六中学校","福島県会津若松市神指町大字黒川字湯川東296","37.511358","139.910852"
"大川南四合緑地","福島県会津若松市神指町大字南四合","37.498771","139.890921"
"会津若松ザベリオ学園","福島県会津若松市西栄町1-18","37.492268","139.925155"
"西栄町公園","福島県会津若松市西栄町34","37.494795","139.923667"
"福島県立葵高等学校","福島県会津若松市西栄町4-61","37.493861","139.926129"
"七日町公園","福島県会津若松市西七日町137","37.501727","139.915143"
"西七日町児童館","福島県会津若松市西七日町2-33","37.501951","139.915124"
"城北コミュニティセンター","福島県会津若松市石堂町10-65","37.505007","139.925273"
"城西小学校","福島県会津若松市川原町4-1","37.488849","139.916482"
"扇町１号公園","福島県会津若松市扇町1-1","37.511421","139.936588"
"扇町６号公園","福島県会津若松市扇町2-3","37.510507","139.938333"
"扇町２号公園","福島県会津若松市扇町3-5","37.514493","139.934442"
"大戸中学校","福島県会津若松市大戸町上三寄香塩211-1","37.395817","139.93641"
"大戸公民館","福島県会津若松市大戸町上三寄香塩479","37.398034","139.932456"
"大戸小学校","福島県会津若松市大戸町上三寄大豆田116","37.392385","139.934469"
"名子屋町児童公園","福島県会津若松市大町2-7","37.5021","139.928318"
"大町中央公園","福島県会津若松市中央2-120","37.503243","139.931365"
"中町まちなか市民広場","福島県会津若松市中町2","37.49708","139.92434"
"石堂町公園","福島県会津若松市町北町大字上荒久田字崖下18","37.512289","139.926408"
"追手町第二庁舎","福島県会津若松市追手町2-41","37.489695","139.928074"
"仁愛高等学校","福島県会津若松市鶴賀町1-5","37.521036","139.946337"
"鶴賀３号緑地","福島県会津若松市堤町126","37.517614","139.951909"
"居合緑地","福島県会津若松市堤町89","37.518253","139.950886"
"黒岩公園","福島県会津若松市天神町320","37.481411","139.934357"
"福島県立会津工業高等学校","福島県会津若松市徒之町1-37","37.49275","139.93474"
"福島県立葵高等学校第二グラウンド","福島県会津若松市東栄町2-72","37.4934","139.929196"
"鶴城小学校","福島県会津若松市東栄町7-7","37.493027","139.931407"
"くつろぎ緑地","福島県会津若松市東山町大字石山","37.486591","139.951216"
"東山市営観光客用無料駐車場","福島県会津若松市東山町大字石山字院内418","37.482519","139.955919"
"千石東の杜公園","福島県会津若松市東千石2-131","37.499099","139.944521"
"千石さくら公園","福島県会津若松市東千石3-230","37.497504","139.94742"
"城南コミュニティセンター","福島県会津若松市東年貢1-11-2","37.475565","139.930836"
"第三中学校","福島県会津若松市湯川町4-20","37.488217","139.918966"
"扇町４号公園","福島県会津若松市藤原2-25","37.514959","139.938084"
"扇町５号公園","福島県会津若松市藤原2-7","37.513509","139.941292"
"橋詰広場","福島県会津若松市南花畑257-1","37.484238","139.926032"
"日新町公園","福島県会津若松市日新町689","37.4957","139.918012"
"日新小学校","福島県会津若松市日新町7-40","37.496399","139.91807"
"日新コミュニティセンター","福島県会津若松市日新町8-28","37.497572","139.918321"
"扇町９号公園","福島県会津若松市白虎1-3","37.506672","139.936677"
"大町白虎公園","福島県会津若松市白虎町82-1","37.508157","139.933894"
"八角１３号緑地","福島県会津若松市八角町55-52","37.503046","139.947361"
"八幡２号緑地","福島県会津若松市飯盛2-84","37.500344","139.947819"
"飯盛１号公園","福島県会津若松市飯盛3-302-45","37.501914","139.950305"
"東部公園","福島県会津若松市桧町418","37.500148","139.945687"
"福島県立会津高等学校","福島県会津若松市表町3-1","37.480529","139.929463"
"福島県立若松商業高等学校","福島県会津若松市米代1-3-31","37.487472","139.924185"
"謹教小学校","福島県会津若松市米代1-5-33","37.489049","139.922663"
"白山沼公園","福島県会津若松市北会津町下荒井","37.510328","139.86679"
"大木の芝原公園","福島県会津若松市北会津町下荒井162","37.510102","139.865451"
"多目的農村広場","福島県会津若松市北会津町下荒井31-2","37.505533","139.866538"
"ホタルの森公園","福島県会津若松市北会津町下荒井字宮ノ東22","37.4987","139.870423"
"荒舘小学校","福島県会津若松市北会津町下荒井字八幡前13","37.507408","139.867442"
"下荒井農村公園","福島県会津若松市北会津町下荒井上ノ台26","37.503462","139.866943"
"蟹川緑地","福島県会津若松市北会津町蟹川","37.507851","139.883268"
"蟹川農村公園","福島県会津若松市北会津町蟹川字村東3032","37.502072","139.882291"
"宮袋農村公園","福島県会津若松市北会津町宮袋字上大沼1-1","37.488307","139.851746"
"鷺林農村公園","福島県会津若松市北会津町鷺林字六百苅19-1","37.494053","139.860996"
"三本松農村公園","福島県会津若松市北会津町三本松字中大川向14","37.476947","139.894599"
"川南小学校","福島県会津若松市北会津町小松490-2","37.465485","139.880734"
"小松農村公園","福島県会津若松市北会津町小松字小松900-1","37.468052","139.882055"
"真渡農村公園","福島県会津若松市北会津町真宮字真渡572","37.515777","139.873576"
"水季の里公園","福島県会津若松市北会津町水季の里152","37.476014","139.892487"
"麻島農村公園","福島県会津若松市北会津町大島字カト68-4","37.474017","139.86435"
"北会津中学校","福島県会津若松市北会津町中荒井2107-1","37.496602","139.872862"
"北会津公民館","福島県会津若松市北会津町中荒井字宮西1-1","37.492146","139.874196"
"北会津農村環境改善センター","福島県会津若松市北会津町中荒井字宮西16","37.492024","139.872971"
"東麻生農村公園","福島県会津若松市北会津町東麻生字宮田15","37.485851","139.87266"
"新庄農村公園","福島県会津若松市北会津町本田字中村47","37.502303","139.847613"
"滝沢１３号緑地","福島県会津若松市北滝沢1-52","37.511942","139.951645"
"一箕公民館","福島県会津若松市北滝沢2-5-6","37.51362","139.946805"
"諏訪公園","福島県会津若松市本町33","37.493194","139.921637"
"大川幼児公園","福島県会津若松市幕内東町125","37.490958","139.907348"
"湊学園　前期課程","福島県会津若松市湊町大字共和字上馬渡171","37.469419","140.011401"
"湊学園　後期課程","福島県会津若松市湊町大字共和字上馬渡226-1","37.46919","140.009957"
"基幹集落センター","福島県会津若松市湊町大字共和字西田面50","37.466977","140.011834"
"湊公民館","福島県会津若松市湊町大字協和字西田面45","37.467423","140.011348"
"旧原小学校","福島県会津若松市湊町大字原字新橋118","37.448744","140.018846"
"旧双潟小学校","福島県会津若松市湊町大字静潟字宮ノ前19-1","37.455197","140.043018"
"会津レクリエーション公園","福島県会津若松市湊町大字赤井","37.513777","140.017891"
"旧赤井小学校","福島県会津若松市湊町大字赤井字赤井5-1","37.495237","140.000723"
"大川緑地","福島県会津若松市門田町大字一ノ堰","37.454631","139.910368"
"一ノ堰１号緑地","福島県会津若松市門田町大字一ノ堰字村西595-22","37.455686","139.912881"
"大川緑地便益施設用地","福島県会津若松市門田町大字一ノ堰字村西660-5","37.453406","139.91183"
"第五中学校","福島県会津若松市門田町大字御山字村下314","37.469974","139.925575"
"会津総合運動公園（あいづ総合体育館）","福島県会津若松市門田町大字御山字村上164","37.461858","139.925238"
"小田山公園","福島県会津若松市門田町大字黒岩字主山丙460-1","37.480118","139.943518"
"石高公園","福島県会津若松市門田町大字黒岩字大坪219-1","37.472604","139.932228"
"城南小学校","福島県会津若松市門田町大字黒岩字大坪25-1","37.475529","139.933074"
"門田小学校","福島県会津若松市門田町大字中野字村前1-1","37.468921","139.922221"
"南公民館","福島県会津若松市門田町大字中野字大道西13","37.467567","139.922114"
"徳久４号緑地","福島県会津若松市門田町大字徳久字竹之元1069-10","37.474945","139.910163"
"徳久公園","福島県会津若松市門田町大字徳久字竹之元933-12","37.473061","139.911364"
"小金井小学校","福島県会津若松市門田町大字日吉字小金井48","37.477248","139.918805"
"飯寺１９号緑地","福島県会津若松市門田町大字飯寺字上川原1-73","37.467402","139.904852"
"飯寺１１号緑地","福島県会津若松市門田町大字飯寺字村東289-41","37.476557","139.91007"
"飯寺１２号緑地","福島県会津若松市門田町大字飯寺字村東616-14","37.472141","139.907942"
"門田緑地","福島県会津若松市門田町大字飯寺字村東710-1","37.466825","139.907711"
"緑町公園","福島県会津若松市緑町234","37.494851","139.912095"
"旧旭小学校（グラウンド）","福島県会津美里町旭舘端字田中乙455","37.42705","139.8357"
"宮川生涯学習センター旭体育場","福島県会津美里町旭舘端字田中乙455","37.427355","139.835007"
"宮川生涯学習センター","福島県会津美里町永井野字宮前1706-5","37.445502","139.826384"
"ふれあいセンター「あやめ荘」","福島県会津美里町下堀字中川360-4","37.458483","139.845008"
"宮川生涯学習センター尾岐体育場","福島県会津美里町吉田字前通256","37.431242","139.809461"
"旧尾岐小学校（グラウンド）","福島県会津美里町吉田字村中甲150","37.431595","139.809804"
"新鶴体育館","福島県会津美里町佐賀瀬川字峯山5003","37.507064","139.811593"
"森の子公園","福島県会津美里町字黒川90","37.457185","139.898062"
"星の子公園","福島県会津美里町字黒川内29-2","37.45769","139.895953"
"本郷運動場","福島県会津美里町字山道上47","37.452751","139.882655"
"会津美里町複合文化施設","福島県会津美里町字新布才地1","37.465193","139.834328"
"風の子公園","福島県会津美里町字新用地275","37.455272","139.895262"
"瀬戸町ふれあい広場","福島県会津美里町字瀬戸屋前甲2220","37.453541","139.88907"
"本郷中学校（体育館）","福島県会津美里町字川原町1933","37.454165","139.883321"
"本郷中学校（校舎）","福島県会津美里町字川原町1933","37.45451","139.883739"
"本郷中学校（グラウンド）","福島県会津美里町字川原町1933","37.454003","139.883938"
"高田体育館","福島県会津美里町字東川原3244-1","37.462606","139.84555"
"高田中学校（グラウンド）","福島県会津美里町字布才地570","37.461958","139.83374"
"高田中学校（校舎）","福島県会津美里町字布才地570","37.461473","139.83478"
"高田中学校（体育館）","福島県会津美里町字布才地570","37.461814","139.834995"
"門前町駐車場","福島県会津美里町字布才地665-1","37.458606","139.835408"
"高田小学校（グラウンド）","福島県会津美里町字法憧寺南3505","37.46047","139.842282"
"高田小学校（校舎）","福島県会津美里町字法憧寺南3505","37.460649","139.841155"
"高田小学校（体育館）","福島県会津美里町字法憧寺南3505","37.461092","139.841574"
"福島県立会津西陵高等学校（グラウンド）","福島県会津美里町字法憧寺北3473","37.4635","139.843019"
"福島県立会津西陵高等学校（第２体育館）","福島県会津美里町字法憧寺北3473","37.462445","139.843165"
"福島県立会津西陵高等学校（校舎）","福島県会津美里町字法憧寺北3473","37.462644","139.842291"
"福島県立会津西陵高等学校（第１体育館）","福島県会津美里町字法憧寺北3473","37.462941","139.843417"
"会津美里町役場本郷庁舎・本郷生涯学習センター","福島県会津美里町字北川原41","37.453112","139.884035"
"旧本郷第一小学校（グラウンド）","福島県会津美里町字本郷2765","37.451383","139.887845"
"道上公園","福島県会津美里町字本郷道上105","37.45543","139.881492"
"本郷小学校（グラウンド）","福島県会津美里町字本郷道上34","37.455302","139.882175"
"本郷小学校（体育館）","福島県会津美里町字本郷道上34","37.45503","139.88224"
"本郷小学校（校舎）","福島県会津美里町字本郷道上34","37.454574","139.882299"
"ふれあいの森公園","福島県会津美里町鶴野辺字下長尾2398","37.510223","139.812462"
"新鶴生涯学習センター","福島県会津美里町鶴野辺字広町730","37.511265","139.831184"
"新鶴高齢者福祉センター","福島県会津美里町鶴野辺字広町751-1","37.512418","139.829435"
"新鶴小学校（校舎）","福島県会津美里町鶴野辺字北三百苅775","37.512476","139.830958"
"新鶴小学校（グラウンド）","福島県会津美里町鶴野辺字北三百苅775","37.512122","139.830733"
"新鶴小学校（体育館）","福島県会津美里町鶴野辺字北三百苅775","37.512501","139.830459"
"新鶴中学校（体育館）","福島県会津美里町鶴野辺字北三百苅830","37.513333","139.831118"
"新鶴中学校（校舎）","福島県会津美里町鶴野辺字北三百苅830","37.51341","139.830534"
"新鶴中学校（グラウンド）","福島県会津美里町鶴野辺字北三百苅830","37.512989","139.830855"
"高田生涯学習センター赤沢体育場","福島県会津美里町八木沢字伴右エ門前3503","37.475556","139.817875"
"旧赤沢小学校（グラウンド）","福島県会津美里町八木沢字伴右エ門前3503","37.475106","139.817532"
"関山農村公園","福島県会津美里町氷玉字家ノ下1","37.413606","139.875306"
"宮川小学校（体育館）","福島県会津美里町冨川字上中川161-1","37.446242","139.83491"
"宮川小学校（校舎）","福島県会津美里町冨川字上中川161-1","37.445974","139.835356"
"宮川小学校（グラウンド）","福島県会津美里町冨川字上中川161-1","37.445459","139.835077"
"旧藤川小学校（グラウンド）","福島県会津美里町冨川字冨岡167","37.443316","139.847401"
"旧藤川小学校（体育館）","福島県会津美里町冨川字冨岡167","37.443388","139.846805"
"螺良岡農村公園","福島県会津美里町福重岡字屋敷廻乙388-1","37.432845","139.872407"
"本郷第二体育館","福島県会津美里町福重岡字桜ノ下32","37.435709","139.879563"
"葛尾中学校","福島県葛尾村大字落合字菅ノ又14-2","37.498969","140.763851"
"葛尾村健康増進センター","福島県葛尾村大字落合字菅ノ又14-5","37.498254","140.763178"
"葛尾村地域福祉センター","福島県葛尾村大字落合字菅ノ又6-1","37.499712","140.759277"
"葛尾小学校","福島県葛尾村大字落合字西ノ内50","37.50364","140.763286"
"葛尾村村民会館","福島県葛尾村大字落合字落合16","37.50357","140.764538"
"福島県立テクノアカデミー会津","福島県喜多方市塩川町御殿場4-16","37.596899","139.880144"
"堂島小学校","福島県喜多方市塩川町四奈川字西鎧召2076-1","37.609632","139.856963"
"堂島公園","福島県喜多方市塩川町四奈川字前田2157","37.608462","139.856573"
"堂島地区公民館","福島県喜多方市塩川町四奈川字前田丙574","37.608809","139.856589"
"御殿場公園運動広場","福島県喜多方市塩川町字御殿場4-17","37.598282","139.880499"
"塩川中学校","福島県喜多方市塩川町字高道1551","37.600071","139.891449"
"塩川保健福祉センター「いきいきセンター」","福島県喜多方市塩川町字身神300-1","37.598451","139.888995"
"ふるさと会館","福島県喜多方市塩川町字身神300-7","37.598141","139.888918"
"中央公園","福島県喜多方市塩川町字東栄町1-11-1","37.592543","139.890995"
"塩川小学校","福島県喜多方市塩川町字東栄町2-1-1","37.59427","139.891282"
"塩川公民館","福島県喜多方市塩川町字東岡320-1","37.597796","139.888776"
"塩川体育館","福島県喜多方市塩川町字東岡320-1","37.597671","139.888284"
"姥堂小学校","福島県喜多方市塩川町小府根字曽谷田151-1","37.615135","139.89074"
"姥堂地区公民館","福島県喜多方市塩川町新江木字橋本前田6-1","37.6149","139.890098"
"駒形地区公民館","福島県喜多方市塩川町中屋沢字竹の花1372-1","37.602375","139.911224"
"駒形小学校","福島県喜多方市塩川町中屋沢字竹屋丙32-1","37.602948","139.913682"
"関柴小学校","福島県喜多方市関柴町三津井字下政所850","37.651477","139.90033"
"上高額公園","福島県喜多方市関柴町上高額字西村1143-1","37.643757","139.883626"
"関柴公民館","福島県喜多方市関柴町平林字政所1601-2","37.651059","139.901518"
"喜多方市ひばりが丘球場","福島県喜多方市岩月町喜多方字北山ノ神244","37.659565","139.878251"
"第三小学校","福島県喜多方市岩月町喜多方字林崎591-1","37.668034","139.887667"
"岩月夢想館","福島県喜多方市岩月町宮津字東原4843-1","37.677808","139.899446"
"岩月交遊館","福島県喜多方市岩月町宮津字東原4843-1","37.677622","139.899037"
"熊倉小学校","福島県喜多方市熊倉町熊倉字クネ添1433","37.643295","139.922719"
"熊倉公民館","福島県喜多方市熊倉町熊倉字壇ノ前1511","37.642187","139.922612"
"権現森公園","福島県喜多方市熊倉町都字輪具丙841-3","37.646509","139.936584"
"泡ノ巻公園","福島県喜多方市慶徳町山科字泡ノ巻4781","37.611121","139.80118"
"慶徳小学校","福島県喜多方市慶徳町豊岡字今町381","37.633381","139.834699"
"慶徳ふれあい館","福島県喜多方市慶徳町豊岡字本町2790-2","37.631675","139.836441"
"高郷運動広場","福島県喜多方市高郷町夏井字菅沼3691-1","37.606961","139.752143"
"高郷体育館","福島県喜多方市高郷町夏井字菅沼3691-1","37.607987","139.752904"
"高郷中学校寄宿舎","福島県喜多方市高郷町上郷字廻戸丁432-3","37.606904","139.732987"
"高郷多目的広場","福島県喜多方市高郷町上郷字西海枝34","37.615044","139.732762"
"高郷中学校","福島県喜多方市高郷町上郷字中平94","37.608119","139.731809"
"高郷公民館","福島県喜多方市高郷町上郷字天神後戊417","37.613959","139.72434"
"高郷小学校","福島県喜多方市高郷町上郷字堀田戊287","37.614425","139.724975"
"カイギュウランドたかさと","福島県喜多方市高郷町西羽賀字和尚堂3163","37.600824","139.755603"
"旧山都第三小学校","福島県喜多方市山都町一ノ木字中在家乙1722","37.71908","139.779478"
"山都森林スポーツ公園","福島県喜多方市山都町三津合字山4021-2","37.646375","139.760381"
"山都体育館","福島県喜多方市山都町字広中新田1165","37.643441","139.769193"
"山都保健センター","福島県喜多方市山都町字広中新田1176","37.644566","139.768859"
"山都中学校","福島県喜多方市山都町字上ノ原道西875","37.645074","139.770824"
"山都小学校","福島県喜多方市山都町字上ノ原道西905-2","37.6435","139.771154"
"耶麻農業高校","福島県喜多方市山都町字上ノ山平4299-1","37.637563","139.759162"
"山都開発センター","福島県喜多方市山都町字葎田960","37.643759","139.769711"
"旧山都第二小学校（現ハッピーランドあいかわ）","福島県喜多方市山都町相川字鶴巻田甲978-1","37.679399","139.793671"
"さつきが丘公園","福島県喜多方市字さつきが丘59","37.642067","139.875238"
"押切川公園スポーツ広場","福島県喜多方市字押切1-86","37.656528","139.86445"
"喜多方市押切川公園体育館","福島県喜多方市字押切1-86","37.654121","139.862994"
"喜多方プラザ文化センター","福島県喜多方市字押切2-1","37.652385","139.862058"
"花園公園","福島県喜多方市字花園11","37.655598","139.870889"
"経壇公園","福島県喜多方市字経壇72","37.658737","139.870432"
"御清水公園","福島県喜多方市字御清水東7238-3","37.6509","139.873936"
"喜多方高校","福島県喜多方市字桜ガ丘1-129","37.658904","139.874279"
"桜壇公園","福島県喜多方市字桜ガ丘1-70","37.660705","139.87251"
"桜ガ丘公園","福島県喜多方市字桜ガ丘2-104","37.662957","139.873526"
"東町公園","福島県喜多方市字蒔田3104","37.655771","139.883331"
"喜多方市総合福祉センター","福島県喜多方市字上江3646-1","37.655527","139.885635"
"第二中学校","福島県喜多方市字常盤台25","37.666746","139.873672"
"常盤台公園","福島県喜多方市字常盤台26","37.666332","139.872745"
"第一小学校","福島県喜多方市字水上6868","37.656422","139.87442"
"西四ツ谷公園","福島県喜多方市字西四ツ谷116","37.652923","139.877754"
"西四ツ谷南公園","福島県喜多方市字西四ツ谷362","37.648922","139.878496"
"大荒井公園","福島県喜多方市字大荒井15","37.672028","139.864347"
"第一中学校","福島県喜多方市字谷地田上7573","37.645342","139.875382"
"第三中学校","福島県喜多方市字南原3475","37.656777","139.888455"
"喜多方勤労青少年体育センター","福島県喜多方市字舞台田3119-1","37.656854","139.883073"
"喜多方市勤労青少年ホーム","福島県喜多方市字舞台田3119-1","37.656838","139.882689"
"喜多方市武道館","福島県喜多方市字舞台田3119-9","37.656952","139.883474"
"天満公園","福島県喜多方市字北原8810-1","37.648214","139.866222"
"北町公園","福島県喜多方市字北町上119","37.658171","139.879252"
"第二小学校","福島県喜多方市字六百苅7373","37.64836","139.873721"
"松山公民館","福島県喜多方市松山町村松字桜清水1974","37.6716","139.875642"
"松山小学校","福島県喜多方市松山町村松字大坪1943-1","37.67174","139.873842"
"上三宮遊樹館","福島県喜多方市上三宮町上三宮字下松原2559-1","37.681082","139.86135"
"上三宮小学校","福島県喜多方市上三宮町上三宮字下松原2561-1","37.682711","139.861061"
"上三宮公園","福島県喜多方市上三宮町上三宮字籬山758-3","37.686127","139.862452"
"熱塩加納宮川公園","福島県喜多方市熱塩加納町宮川字若宮地内","37.715437","139.845971"
"熱塩小学校","福島県喜多方市熱塩加納町山田字堂ノ下甲1613","37.725655","139.879784"
"加納小学校","福島県喜多方市熱塩加納町西土合甲1325","37.708452","139.856785"
"熱塩加納運動場","福島県喜多方市熱塩加納町相田字大森5000","37.718521","139.873067"
"熱塩加納体育館","福島県喜多方市熱塩加納町相田字大森5000","37.719524","139.873292"
"会北中学校","福島県喜多方市熱塩加納町米岡字下台乙839","37.720546","139.863261"
"豊川公民館","福島県喜多方市豊川町一井字間々ノ上676-5","37.634082","139.875342"
"豊川小学校","福島県喜多方市豊川町一井字八百苅688","37.633905","139.875795"
"まごころ斎苑豊川","福島県喜多方市豊川町高堂太字免田1075-2","37.630047","139.890921"
"喜多方桐桜高校","福島県喜多方市豊川町米室字高吉4344-5","37.638013","139.870492"
"中央公園（昭和電工施設）","福島県喜多方市豊川町米室字中田5473-1","37.640645","139.873487"
"鏡石町立鏡石中学校","福島県鏡石町旭町158","37.246031","140.34839"
"不時沼公園","福島県鏡石町岡ノ内172","37.254559","140.341511"
"仁井田多目的集会所","福島県鏡石町岡ノ内229-9","37.257775","140.338794"
"久来石転作センター","福島県鏡石町久来石281-10","37.228506","140.327004"
"鏡田転作センター","福島県鏡石町鏡沼62","37.265452","140.353669"
"高久田多目的集会所","福島県鏡石町高久田107","37.269699","140.358453"
"成田保健センター","福島県鏡石町成田343","37.23275","140.38208"
"前山公園","福島県鏡石町前山352","37.250086","140.337726"
"鏡田大池団地児童遊園","福島県鏡石町大池50","37.269977","140.351065"
"鏡石町立第一小学校","福島県鏡石町中央1","37.252423","140.34253"
"鏡石幼稚園","福島県鏡石町中町271-4","37.248452","140.342378"
"笠石児童遊園（笠石多目的集会所）","福島県鏡石町中町672","37.242709","140.340888"
"笠石杉林児童遊園","福島県鏡石町東町460","37.239088","140.346223"
"三区不時沼児童遊園","福島県鏡石町不時沼194","37.25508","140.345695"
"鏡石町立第二小学校","福島県鏡石町豊郷中238","37.241603","140.357927"
"鏡石保育所","福島県鏡石町本町43-6","37.258553","140.351469"
"鳥見山公園","福島県鏡石町緑町199","37.249017","140.354062"
"道の駅たまかわ","福島県玉川村大字岩法寺字宮ノ前140-2","37.22266","140.418625"
"岩法寺農業構造改善センター","福島県玉川村大字岩法寺字湯神前159","37.230672","140.407551"
"吉集会所","福島県玉川村大字吉字杉内109-1","37.205521","140.438497"
"山小屋コミュニティセンター","福島県玉川村大字山小屋字丸内田207-71","37.209476","140.474012"
"たまかわ観光交流施設","福島県玉川村大字四辻新田字村中131","37.236957","140.495215"
"四辻新田農業研修所","福島県玉川村大字四辻新田字村中131-2","37.237405","140.495062"
"たまかわ文化体育館","福島県玉川村大字小高字大谷地71","37.204881","140.417437"
"玉川第一小学校","福島県玉川村大字小高字中村前50","37.214956","140.411929"
"玉川村就業改善センター","福島県玉川村大字小高字中畷10-1","37.210912","140.408498"
"玉川村保健センター","福島県玉川村大字小高字中畷16-1","37.210886","140.407825"
"川辺公民館","福島県玉川村大字川辺字和尚平13","37.193969","140.412183"
"玉川中学校","福島県玉川村大字中字前作田71","37.218785","140.410924"
"須釜公民館","福島県玉川村大字南須釜字奥平108","37.213481","140.450514"
"すがまプラザ交流センター","福島県玉川村大字南須釜字奥平290","37.212498","140.452503"
"須釜小学校","福島県玉川村大字南須釜字堂ノ内200","37.210563","140.450362"
"蒜生農業構造改善センター","福島県玉川村大字蒜生字宮下38-1","37.204951","140.410329"
"北須釜生活改善センター","福島県玉川村大字北須釜字堀ノ内133","37.218753","140.448905"
"竜崎集会所","福島県玉川村大字竜崎字金堀75","37.233792","140.399222"
"越川集会所","福島県金山町大字越川字下前田975-3","37.399659","139.469414"
"橋立集会所","福島県金山町大字越川字下村1652","37.427477","139.483294"
"上横田集会所","福島県金山町大字横田字浜子1400","37.392272","139.434081"
"自然教育村会館","福島県金山町大字玉梨字上中井1384","37.412801","139.548951"
"玉梨集会所","福島県金山町大字玉梨字上中井1409-3","37.41315","139.550036"
"新遠路集会所","福島県金山町大字山入字居平951","37.37395","139.438983"
"藤倉集会所","福島県金山町大字山入字藤倉居平3887","37.356444","139.454488"
"下大牧集会所","福島県金山町大字水沼字下大牧2424","37.480883","139.571119"
"高倉集会所","福島県金山町大字水沼字高倉3592-1","37.480544","139.581556"
"上大牧集会所","福島県金山町大字水沼字上大牧2116","37.484964","139.564317"
"上田集会所","福島県金山町大字水沼字上田345-1","37.482836","139.540666"
"西谷集会所","福島県金山町大字西谷字下モ在家412","37.445847","139.510233"
"川口集会所","福島県金山町大字川口字上町656-2","37.452234","139.522294"
"太郎布集会所","福島県金山町大字太郎布字上村469","37.438982","139.556901"
"大塩集会所","福島県金山町大字大塩字上ノ山1872-2","37.394961","139.418863"
"西部集会所","福島県金山町大字大塩字西部4336-3","37.399313","139.462127"
"土倉集会所","福島県金山町大字大塩字土倉3653","37.397176","139.439443"
"三更集会所","福島県金山町大字大栗山字雨沼2583-1","37.462642","139.591664"
"大栗山部落公民館","福島県金山町大字大栗山字居平789","37.473711","139.553511"
"福沢集会所","福島県金山町大字大栗山字中居平1792","37.466759","139.576121"
"大志集会所","福島県金山町大字大志字居平8-1","37.464062","139.530077"
"滝沢集会所","福島県金山町大字滝沢字久保946-1","37.396818","139.401669"
"田沢集会所","福島県金山町大字田沢字居平418-1","37.392153","139.40314"
"八町集会所","福島県金山町大字八町字居平660","37.423486","139.546981"
"醸芳小学校（グラウンド）","福島県桑折町字桑島三2-8","37.847488","140.516342"
"新和町公園","福島県桑折町字新和町45","37.840531","140.515313"
"伊達崎小学校（グラウンド）","福島県桑折町大字下郡字細町1","37.850312","140.541112"
"町民運動場","福島県桑折町大字上郡字弁慶20","37.847492","140.528655"
"醸芳中学校（グラウンド）","福島県桑折町大字上郡字柳下5","37.849823","140.52592"
"ふれあい公園","福島県桑折町大字上郡字林泉寺1-1","37.84763","140.525668"
"睦合小学校（グラウンド）","福島県桑折町大字成田字堰上46-3","37.83936","140.501382"
"石塚公園","福島県桑折町大字谷地字石塚79","37.855912","140.520821"
"半田醸芳小学校（グラウンド）","福島県桑折町大字南半田字上田町5","37.865041","140.522051"
"うねめ１号公園","福島県郡山市うねめ町125","37.413659","140.333424"
"うねめ２号公園","福島県郡山市うねめ町225-1","37.411686","140.336558"
"東部地域公民館","福島県郡山市阿久津町字久保24-1","37.405","140.413495"
"東芳小学校","福島県郡山市阿久津町字大闇250","37.403049","140.413309"
"荒池公園","福島県郡山市愛宕町133","37.389443","140.376304"
"中央児童公園","福島県郡山市愛宕町135","37.390274","140.375587"
"河内小学校","福島県郡山市逢瀬町河内字町東13-1","37.418044","140.273877"
"旧河内小学校夏出分校","福島県郡山市逢瀬町河内字鳥井戸6","37.444985","140.267765"
"多田野小学校堀口分校","福島県郡山市逢瀬町多田野字上古川林9-1","37.412488","140.234714"
"逢瀬中学校","福島県郡山市逢瀬町多田野字長倉山1-1","37.406656","140.271933"
"多田野小学校","福島県郡山市逢瀬町多田野字南大界1","37.395824","140.272767"
"市立美術館","福島県郡山市安原町字大谷地130-2","37.392723","140.42014"
"八幡公園","福島県郡山市安積1-149","37.36209","140.36906"
"笹原公園","福島県郡山市安積1-94","37.363818","140.367745"
"四ツ長公園","福島県郡山市安積2-131","37.361974","140.365509"
"前田端公園","福島県郡山市安積2-273","37.358644","140.367734"
"桧ノ下公園","福島県郡山市安積3-73","37.356483","140.364599"
"西宿公園","福島県郡山市安積4-294","37.351248","140.366021"
"中田公園","福島県郡山市安積4-92","37.354458","140.362445"
"茸谷地公園","福島県郡山市安積荒井1-142","37.36791","140.3567"
"東前田公園","福島県郡山市安積荒井3-370","37.370222","140.362791"
"安積第一小学校","福島県郡山市安積荒井本町125","37.366941","140.364703"
"撫子前公園","福島県郡山市安積荒井本町211","37.367063","140.367949"
"神明公園","福島県郡山市安積荒井本町49","37.36702","140.363786"
"三日市町内会集会所","福島県郡山市安積町安積4-43","37.354153","140.363775"
"荒井３号公園","福島県郡山市安積町荒井字下北井前1-23","37.372463","140.360911"
"柴宮４号公園","福島県郡山市安積町荒井字柴宮山27-100","37.37472","140.334674"
"荒井１号公園","福島県郡山市安積町荒井字林ノ越8-31","37.370722","140.357896"
"柴宮小学校","福島県郡山市安積町荒井字萬海7-1","37.373884","140.345816"
"吉田１号公園","福島県郡山市安積町笹川字吉田28-204","37.349233","140.348659"
"天性寺","福島県郡山市安積町笹川字御所前28","37.349704","140.365561"
"荒屋敷３号公園","福島県郡山市安積町笹川字荒屋敷1-34","37.350062","140.353483"
"荒屋敷２号公園","福島県郡山市安積町笹川字荒屋敷1-50","37.350735","140.354634"
"荒池下２号公園","福島県郡山市安積町笹川字荒池下19-3","37.347044","140.356424"
"安積公民館笹川分館","福島県郡山市安積町笹川字篠川59-7","37.351243","140.368662"
"西長久保集会所","福島県郡山市安積町笹川字西長久保64-1","37.362021","140.352023"
"中ノ渡戸公園","福島県郡山市安積町笹川字中ノ渡戸9-45","37.342588","140.358723"
"北向公園","福島県郡山市安積町笹川字北向61-24","37.347722","140.348361"
"明見前公園","福島県郡山市安積町笹川字明見前5-1","37.350804","140.356504"
"安積第二中学校","福島県郡山市安積町成田字兎田向1-1","37.354164","140.339985"
"カルチャーパーク","福島県郡山市安積町成田字東丸山61","37.367401","140.329744"
"安積第三小学校","福島県郡山市安積町成田字北山崎18-3","37.354164","140.347762"
"安積消防センター","福島県郡山市安積町長久保1-16-37","37.360747","140.360382"
"長久保公園","福島県郡山市安積町長久保1-20-1","37.36002","140.358545"
"長久保二丁目公園","福島県郡山市安積町長久保2-4-17","37.359037","140.35673"
"長久保集会所","福島県郡山市安積町長久保2-4-35","37.359269","140.356864"
"笹川公園","福島県郡山市安積町長久保3-27-1","37.355815","140.358887"
"伝角田公園","福島県郡山市安積町長久保3-7-1","37.35703","140.360801"
"西勝田公園","福島県郡山市安積町長久保5-4-1","37.353583","140.3597"
"南長久保集会所","福島県郡山市安積町南長久保1-127","37.356132","140.355915"
"荒沼公園","福島県郡山市安積町南長久保1-175","37.356305","140.356516"
"滝ノ尻公園","福島県郡山市安積町南長久保2-107","37.351996","140.357467"
"深田公園","福島県郡山市安積町日出山1-97","37.375183","140.380101"
"池田公園","福島県郡山市安積町日出山2-52","37.375858","140.383151"
"浮洲ケ岡公園","福島県郡山市安積町日出山2-95","37.372946","140.38391"
"安積公民館日出山分館","福島県郡山市安積町日出山3-123","37.37018","140.378724"
"篠原公園","福島県郡山市安積町日出山3-224","37.367524","140.3764"
"日出山公園","福島県郡山市安積町日出山3-46","37.370547","140.379813"
"築地公園","福島県郡山市安積町日出山4-124","37.369095","140.382124"
"永盛小学校","福島県郡山市安積町日出山字新鍬14","37.36583","140.380535"
"永盛南公園","福島県郡山市安積町日出山字南台71-2","37.36239","140.377632"
"荒井中央公園","福島県郡山市安積北井1-49","37.371298","140.355045"
"大根畑公園","福島県郡山市安積北井2-195","37.373262","140.363273"
"郡山駅西口駅前広場","福島県郡山市駅前2-408","37.398275","140.387905"
"ペップキッズこおりやま","福島県郡山市横塚1-1-3","37.39719","140.396622"
"郡山第四中学校","福島県郡山市横塚6-25-31","37.391384","140.406644"
"開成山公園","福島県郡山市開成1-5","37.398103","140.358269"
"水・緑公園","福島県郡山市開成2-163","37.39592","140.35671"
"開拓公園","福島県郡山市開成2-18-1","37.39554","140.354894"
"開成小学校","福島県郡山市開成3-14-7","37.39416","140.350815"
"郡山開成学園","福島県郡山市開成3-25-2","37.397325","140.351784"
"梅林公園","福島県郡山市開成4-213-3","37.38718","140.356811"
"安積高校","福島県郡山市開成5-25-63","37.391104","140.350259"
"開成五丁目公園","福島県郡山市開成5-293-2","37.389781","140.352154"
"天正坦公園","福島県郡山市開成6-336-2","37.388649","140.349964"
"宇部公園","福島県郡山市喜久田町卸3-42","37.441855","140.346588"
"菖蒲池公園","福島県郡山市喜久田町字菖蒲池19-4","37.432618","140.339877"
"百合ケ丘公園","福島県郡山市喜久田町字入之内15-50","37.427224","140.351072"
"喜久田中学校","福島県郡山市喜久田町堀之内字下上ノ台19","37.455264","140.342759"
"喜久田小学校","福島県郡山市喜久田町堀之内字上馬面3","37.452209","140.343314"
"堀ノ内公園","福島県郡山市喜久田町堀之内字堀内179-1","37.456122","140.34026"
"希望ケ丘公園","福島県郡山市希望ケ丘31-1","37.409521","140.340597"
"桑野小学校","福島県郡山市亀田1-36-17","37.402769","140.345259"
"亀田公園","福島県郡山市亀田1-812","37.404027","140.347803"
"桑野公園","福島県郡山市亀田1-813","37.401884","140.345256"
"水天宮広場","福島県郡山市久留米3-52","37.378196","140.356631"
"さくら公園","福島県郡山市久留米5-60","37.377788","140.350135"
"大島中央公園","福島県郡山市桑野5-8","37.410081","140.353483"
"旧月形小学校","福島県郡山市湖南町舘字舘127","37.415783","140.136783"
"湖南小・中学校","福島県郡山市湖南町三代字京塚581-1","37.382488","140.112783"
"旧中野小学校","福島県郡山市湖南町中野字堰内2485","37.396019","140.13206"
"旧福良小学校","福島県郡山市湖南町福良字浦町前8387-1","37.390973","140.085907"
"芳山公園","福島県郡山市虎丸町230-2","37.399676","140.379043"
"鐘堂公園","福島県郡山市虎丸町315","37.400097","140.379924"
"郡山第七中学校","福島県郡山市御前南2-110","37.380827","140.332762"
"朝日が丘小学校","福島県郡山市御前南4-1","37.382771","140.331095"
"御前南公園","福島県郡山市御前南4-117","37.38319","140.329074"
"香久池公園","福島県郡山市香久池1-304","37.381522","140.372497"
"山崎集会所","福島県郡山市香久池2-15","37.379132","140.37014"
"山崎公園","福島県郡山市香久池2-283","37.378991","140.370023"
"法久寺","福島県郡山市香久池2-9-14","37.378546","140.372593"
"菜根一丁目公園","福島県郡山市菜根1-171","37.388885","140.364132"
"郡山第一中学校","福島県郡山市菜根2-1-31","37.389716","140.360536"
"郡山第三中学校","福島県郡山市菜根3-1-13","37.386383","140.369702"
"菜根東公園","福島県郡山市菜根3-492","37.384405","140.368247"
"郡山商業高校","福島県郡山市菜根5-6-7","37.384439","140.36248"
"咲田公園","福島県郡山市咲田2-160","37.40329","140.377852"
"郡山第五中学校","福島県郡山市桜木2-20-5","37.409436","140.368312"
"桜木公園","福島県郡山市桜木2-335-1","37.411475","140.370799"
"笹川二丁目公園","福島県郡山市笹川2-110","37.35724","140.371039"
"安積第二小学校","福島県郡山市三穂田町川田字柿ノ木55","37.362496","140.324153"
"穂積小学校","福島県郡山市三穂田町八幡字北山1-1","37.363605","140.287767"
"三和小学校","福島県郡山市三穂田町富岡字柿ノ口14-1","37.356384","140.288601"
"三穂田中学校","福島県郡山市三穂田町富岡字葛幡20","37.347495","140.272214"
"郡山東高校","福島県郡山市山根町13-45","37.386106","140.374424"
"桜小学校","福島県郡山市字山崎5","37.378329","140.364425"
"テクノアカデミー郡山","福島県郡山市字上野山5","37.388124","140.407429"
"名倉公園","福島県郡山市字名倉250-9","37.374896","140.367291"
"七ツ池公園","福島県郡山市七ツ池町297","37.384277","140.372409"
"若葉公園","福島県郡山市若葉町44-2","37.406431","140.37981"
"円寿寺","福島県郡山市小原田1-9-14","37.383087","140.380729"
"小原田公園","福島県郡山市小原田2-156-3","37.381861","140.385"
"小原田中学校","福島県郡山市小原田3-20-41","37.379986","140.388499"
"小原田小学校","福島県郡山市小原田4-5-18","37.379718","140.379701"
"昭和一丁目公園","福島県郡山市昭和1-132","37.387103","140.387779"
"イオンタウン郡山","福島県郡山市松木町2-88","37.391106","140.38936"
"酒蓋公園","福島県郡山市深沢2-291","37.391108","140.368553"
"郡山第二中学校","福島県郡山市神明町5-10","37.401104","140.373034"
"小原寺","福島県郡山市図景2-4-6","37.378368","140.380601"
"水門町公園","福島県郡山市水門町247-1","37.385014","140.401154"
"安積中学校","福島県郡山市成山町1","37.365274","140.363037"
"成山公園","福島県郡山市成山町194","37.365019","140.361049"
"西ノ内公園","福島県郡山市西ノ内2-265","37.407468","140.365252"
"西田学園","福島県郡山市西田町鬼生田字杉内734-1","37.45981","140.444162"
"旧鬼生田小学校","福島県郡山市西田町鬼生田字西原288","37.466654","140.429694"
"中原広場公園","福島県郡山市西田町鬼生田字中原553","37.46916","140.419561"
"芹沢集会所","福島県郡山市西田町芹沢字舘83","37.442085","140.430257"
"旧根木屋小学校","福島県郡山市西田町根木屋字明代19-2","37.433204","140.434993"
"郡山市教育研修センター","福島県郡山市西田町三町目字竹ノ内129-1","37.454867","140.435457"
"三町目平集会所","福島県郡山市西田町三町目字北ノ内67","37.453102","140.429254"
"ＷＲ　ｓｍａｒｔ　Ｓｃｈｏｏｌ　Ｔｅｓｔ　Ｆｉｅｌｄ（旧大田小学校）","福島県郡山市西田町大田字込内664","37.444713","140.464692"
"旧高野小学校","福島県郡山市西田町丹伊田字万才光内610","37.471888","140.465094"
"木村公園","福島県郡山市西田町木村字二池105-4","37.441232","140.44137"
"中谷地公園","福島県郡山市静西2-34","37.388969","140.327716"
"赤木小学校","福島県郡山市赤木町7-41","37.404992","140.381645"
"深谷公園","福島県郡山市待池台1-55-34","37.437599","140.307784"
"長橋公園","福島県郡山市待池台2-60-10","37.449226","140.292819"
"台新公園","福島県郡山市台新1-804","37.393576","140.340977"
"総合地方卸売市場","福島県郡山市大槻町字向原114","37.36937","140.323847"
"郡山高校","福島県郡山市大槻町字上篠林3","37.402214","140.337205"
"大槻小学校","福島県郡山市大槻町字城ノ内120","37.390825","140.31693"
"大槻中学校","福島県郡山市大槻町字西ノ宮西4-1","37.39632","140.319942"
"尚志高校","福島県郡山市大槻町字坦ノ腰2","37.379742","140.311009"
"小山田小学校","福島県郡山市大槻町字六角26","37.404158","140.331372"
"荒池西公園","福島県郡山市池ノ台203","37.391097","140.372908"
"中ノ目公園","福島県郡山市中ノ目1-24","37.420014","140.334273"
"中町緑地","福島県郡山市中町69-2","37.395808","140.382538"
"御舘小学校下枝分校","福島県郡山市中田町下枝字大平356","37.356736","140.489464"
"海老根小学校","福島県郡山市中田町海老根字椚山150","37.370277","140.471639"
"宮城小学校","福島県郡山市中田町高倉字宮ノ脇218-1","37.372811","140.442986"
"宮城中学校","福島県郡山市中田町高倉字古御舘178-1","37.372541","140.445323"
"御舘小学校","福島県郡山市中田町中津川字町田前278","37.36139","140.510525"
"御舘中学校","福島県郡山市中田町中津川字町田前388","37.363057","140.512747"
"静公園","福島県郡山市中野2-103","37.389195","140.331444"
"ＪＡ全農福島農産物直売所愛情館","福島県郡山市朝日2-3-25","37.404608","140.360602"
"郡山庭球場","福島県郡山市町東1-245","37.42067","140.352411"
"富田小学校","福島県郡山市町東3-147","37.422229","140.347038"
"砂子田公園","福島県郡山市町東3-165","37.419585","140.347952"
"安積黎明高校","福島県郡山市長者2-3-3","37.399993","140.369979"
"芳山小学校","福島県郡山市長者2-8-24","37.401381","140.371368"
"かおる公園","福島県郡山市鶴見坦2-176-3","37.390724","140.362577"
"薫小学校","福島県郡山市鶴見坦2-19-7","37.391382","140.363591"
"鶴見坦公園","福島県郡山市鶴見坦3-32-1","37.391922","140.358058"
"堤公園","福島県郡山市堤3-244","37.396325","140.332803"
"橘小学校","福島県郡山市堤下町4-4","37.391938","140.379423"
"宮田公園","福島県郡山市田村町下行合字宮田130-91","37.370751","140.412191"
"下行合集会所","福島県郡山市田村町下行合字朝日舞55","37.376354","140.413237"
"金屋第一集会所","福島県郡山市田村町金屋字二本木27","37.362044","140.39536"
"御代田小学校","福島県郡山市田村町御代田字中林8","37.340833","140.380259"
"大安場公園","福島県郡山市田村町桜ケ丘2-227","37.356382","140.405626"
"桜ケ丘二丁目公園","福島県郡山市田村町桜ケ丘2-295-5","37.356316","140.407247"
"守山中学校","福島県郡山市田村町山中字団子田177-2","37.338646","140.397476"
"守山小学校","福島県郡山市田村町守山字三ノ丸1","37.331211","140.412472"
"上河原公園","福島県郡山市田村町守山字上河原4-4","37.326814","140.411306"
"上合寺","福島県郡山市田村町上行合字亀河内272","37.36409","140.40805"
"高瀬小学校","福島県郡山市田村町上行合字艮耕地22-3","37.366108","140.408311"
"高瀬中学校","福島県郡山市田村町上行合字北山田1","37.365553","140.411089"
"大安場史跡公園","福島県郡山市田村町大善寺字大安場160","37.35663","140.403925"
"谷田川小学校","福島県郡山市田村町谷田川字北表21","37.311671","140.449977"
"旧田母神小学校","福島県郡山市田村町田母神字作ノ入125","37.296675","140.537748"
"木と遊ぶ公園","福島県郡山市田村町東山1-1-107","37.337257","140.41814"
"花と緑の公園","福島県郡山市田村町東山1-2-146","37.338492","140.41688"
"ふれあい公園","福島県郡山市田村町東山1-3-89","37.340001","140.419632"
"日本大学工学部・東北高校","福島県郡山市田村町徳定字中河原1","37.359164","140.384702"
"旧栃山神小学校","福島県郡山市田村町栃山神字千穂8","37.322782","140.488862"
"旧二瀬中学校","福島県郡山市田村町栃本字大花10","37.302507","140.495807"
"木葉山公園","福島県郡山市土瓜1-271","37.40091","140.333445"
"島中央公園","福島県郡山市島1-425","37.400507","140.348916"
"島公園","福島県郡山市島2-779","37.397264","140.345738"
"桃見台小学校","福島県郡山市桃見台12-3","37.40527","140.369423"
"あさか開成高校","福島県郡山市桃見台15-1","37.404437","140.372182"
"桃見台公園","福島県郡山市桃見台36-3","37.404121","140.370537"
"金透小学校","福島県郡山市堂前町5-21","37.396382","140.381089"
"蛇骨地蔵堂南公園","福島県郡山市日和田字町背戸51","37.447893","140.389459"
"高倉小学校","福島県郡山市日和田町高倉字舘腰25-3","37.478257","140.399815"
"高倉公園","福島県郡山市日和田町高倉字町裏79","37.479816","140.395332"
"安積山公園","福島県郡山市日和田町字安積山44","37.454904","140.390573"
"日向公園","福島県郡山市日和田町字原町37","37.446755","140.395005"
"イオン郡山フェスタ店","福島県郡山市日和田町字小原1","37.444536","140.376256"
"日和田中学校","福島県郡山市日和田町字中林27","37.454432","140.383033"
"日和田小学校","福島県郡山市日和田町字日向19","37.447211","140.393865"
"安子島小学校","福島県郡山市熱海町安子島字桜畑78-1","37.473979","140.309825"
"熱海中学校","福島県郡山市熱海町玉川字阿曾沢山19-2","37.484148","140.289429"
"磐梯熱海スポーツパーク","福島県郡山市熱海町高玉字南泥布沢2-7","37.485046","140.278657"
"熱海小学校","福島県郡山市熱海町高玉字樋口170","37.490813","140.276929"
"旧上伊豆島小学校","福島県郡山市熱海町上伊豆島字西畑32","37.454707","140.295263"
"熱海小学校石筵分校","福島県郡山市熱海町石筵字原田311-1","37.530253","140.264151"
"切払公園","福島県郡山市熱海町熱海2-119","37.481269","140.273972"
"熱海フットボールセンター","福島県郡山市熱海町熱海2-15-3","37.48057","140.273177"
"熱海温泉事業所","福島県郡山市熱海町熱海5-26","37.489941","140.259487"
"西部公園","福島県郡山市柏山町108","37.400758","140.338549"
"白岩小学校","福島県郡山市白岩町字柿ノ口1-1","37.410827","140.431086"
"阿良池公園","福島県郡山市八山田1-106","37.424194","140.375588"
"南広谷公園","福島県郡山市八山田2-223","37.42801","140.372243"
"郡山北工業高校","福島県郡山市八山田2-224","37.42743","140.374272"
"舘前公園","福島県郡山市八山田3-245","37.430675","140.372965"
"宮脇公園","福島県郡山市八山田4-181","37.431529","140.377476"
"八山田公園","福島県郡山市八山田5-468","37.428552","140.378276"
"三ツ坦公園","福島県郡山市八山田6-261","37.424779","140.379895"
"前林公園","福島県郡山市八山田7-197","37.422582","140.381989"
"廻渕公園","福島県郡山市備前舘1-190","37.415119","140.365156"
"備前舘公園","福島県郡山市備前舘2-134","37.416417","140.361133"
"菱田公園","福島県郡山市菱田町12-2","37.384327","140.385635"
"不動前公園","福島県郡山市不動前1-136","37.419909","140.358619"
"久保田公園","福島県郡山市富久山町久保田字久保田53-2","37.411704","140.390214"
"行健小学校","福島県郡山市富久山町久保田字空谷地23-1","37.417769","140.390533"
"行徳小学校","福島県郡山市富久山町久保田字三御堂143-1","37.416657","140.375534"
"行健中学校","福島県郡山市富久山町久保田字大原16","37.421657","140.380255"
"善宝池公園","福島県郡山市富久山町久保田字大原163","37.417251","140.381946"
"南小泉ニュータウン集会所","福島県郡山市富久山町南小泉字三道口40-6","37.418537","140.42359"
"南小泉公園","福島県郡山市富久山町南小泉字三道口40-64","37.418499","140.422939"
"福原公園","福島県郡山市富久山町八山田字山神久保6-3","37.424238","140.389517"
"山道公園","福島県郡山市富久山町八山田字山道19-1","37.433956","140.388317"
"室ノ前公園","福島県郡山市富久山町八山田字室ノ前1-5","37.431389","140.387511"
"勝木沢公園","福島県郡山市富久山町八山田字勝木沢102","37.421625","140.38789"
"明健中学校","福島県郡山市富久山町八山田字大森新田70","37.430601","140.385815"
"明健小学校","福島県郡山市富久山町八山田字大森新田70","37.430823","140.384977"
"行健第二小学校","福島県郡山市富久山町八山田字八津11-2","37.433731","140.373305"
"八山田西公園","福島県郡山市富久山町八山田字尾池南１－１外","37.429561","140.359774"
"菱池公園","福島県郡山市富久山町八山田字菱池1-71","37.432977","140.385828"
"富久山スポーツ広場","福島県郡山市富久山町福原字古舘6-1","37.427645","140.410727"
"平成記念郡山こどものもり公園","福島県郡山市富久山町福原字左内5-2","37.432413","140.397112"
"陣場公園","福島県郡山市富久山町福原字陣場108-1","37.416937","140.40801"
"陣場集会所","福島県郡山市富久山町福原字陣場81","37.418531","140.405931"
"小泉小学校","福島県郡山市富久山町北小泉字清水50","37.424436","140.415531"
"富久山公民館小泉分館","福島県郡山市富久山町北小泉字前田1-1","37.423312","140.417586"
"下亀田公園","福島県郡山市富田町字下亀田1-4","37.413033","140.349696"
"丸山公園","福島県郡山市富田町字丸山2-126","37.429137","140.334355"
"富田中学校","福島県郡山市富田町字細田83-1","37.421634","140.361202"
"奥羽大学","福島県郡山市富田町字三角堂31-1","37.418324","140.374422"
"郡山第六中学校","福島県郡山市富田町字十文字2","37.413046","140.343593"
"水神舘公園","福島県郡山市富田町字上ノ台52-3","37.428516","140.34746"
"上鶴蒔田公園","福島県郡山市富田町字上鶴蒔田6-32","37.417673","140.335181"
"うねめ４号公園","福島県郡山市富田町字大十内85-138","37.414615","140.337093"
"富田西小学校","福島県郡山市富田町字大十内85-5","37.416934","140.336093"
"百合ケ丘２号公園","福島県郡山市富田町字坦ノ腰2-103","37.425632","140.349202"
"富田東小学校","福島県郡山市富田町字天神林36","37.423601","140.358591"
"豊年田公園","福島県郡山市富田町字豊年田19-4","37.419099","140.3373"
"大島東公園","福島県郡山市並木1-11","37.40933","140.362599"
"屋敷前公園","福島県郡山市並木2-7","37.41188","140.36446"
"大島小学校","福島県郡山市並木4-10","37.410824","140.357202"
"大島西公園","福島県郡山市並木4-2","37.409987","140.358319"
"伊勢下公園","福島県郡山市並木5-11","37.41361","140.35719"
"片平小学校","福島県郡山市片平町字小林3-1","37.426932","140.304985"
"蟻塚公園","福島県郡山市片平町字新蟻塚94-2","37.410677","140.328908"
"片平中学校","福島県郡山市片平町字大笠松4","37.421216","140.311768"
"鴻ノ巣公園","福島県郡山市方八町2-237","37.394131","140.392961"
"芳賀小学校","福島県郡山市芳賀2-20-17","37.389995","140.3997"
"橘地域公民館","福島県郡山市本町1-20-18","37.392047","140.385954"
"本町緑地","福島県郡山市本町1-299-2","37.393455","140.387002"
"巳六段公園","福島県郡山市巳六段237","37.372109","140.351429"
"大成公園","福島県郡山市鳴神2-138","37.392628","140.337821"
"大成小学校","福島県郡山市鳴神2-55","37.393604","140.338038"
"東部中央公園","福島県郡山市緑ケ丘西1-17-1","37.37864","140.432826"
"石作公園","福島県郡山市緑ケ丘西3-20-1","37.381936","140.433555"
"緑ケ丘中学校","福島県郡山市緑ケ丘西4-1-1","37.3899","140.429943"
"蒲倉南公園","福島県郡山市緑ケ丘西4-21-1","37.388759","140.432088"
"緑ケ丘第一小学校","福島県郡山市緑ケ丘東1-20-1","37.376941","140.435531"
"温石平公園","福島県郡山市緑ケ丘東1-23-1","37.37496","140.432911"
"猫田公園","福島県郡山市緑ケ丘東2-23-1","37.379028","140.436482"
"赤沼公園","福島県郡山市緑ケ丘東4-34-1","37.381645","140.436997"
"赤沼北公園","福島県郡山市緑ケ丘東6-25-1","37.38464","140.43694"
"緑ケ丘公園","福島県郡山市緑ケ丘東7-36-1","37.387235","140.437147"
"前田公園","福島県郡山市緑ケ丘東7-36-3","37.390578","140.434699"
"麓山地区公共施設駐車場","福島県郡山市麓山1-167","37.394653","140.373862"
"麓山公園","福島県郡山市麓山1-347","37.394212","140.375428"
"２１世紀記念公園","福島県郡山市麓山1-89-2","37.39631","140.374647"
"町民運動場","福島県古殿町大字松川字横川476","37.090776","140.560298"
"古殿小学校校庭","福島県古殿町大字田口字寺前208-1","37.095271","140.536414"
"広野中学校","福島県広野町大字下浅見川字築地12","37.213089","140.996136"
"築地ヶ丘公園","福島県広野町大字下浅見川字築地13-2","37.212161","140.997153"
"二ツ沼体育館","福島県広野町大字下北迫字大谷地原65-15","37.234454","140.999243"
"広野町役場","福島県広野町大字下北迫字苗代替35","37.214404","140.99453"
"中央体育館","福島県広野町中央台1-1","37.212644","140.993431"
"広野町公民館","福島県広野町中央台1-1","37.212883","140.994073"
"広野町児童館","福島県広野町中央台1-6","37.212182","140.990054"
"広野町保健センター","福島県広野町中央台1-7","37.211955","140.990633"
"広野こども園","福島県広野町中央台1-8","37.212003","140.991343"
"広野小学校","福島県広野町中央台3-1","37.214744","140.992273"
"小坂農村総合管理センター","福島県国見町小坂南1-1","37.885973","140.529262"
"藤田保育所","福島県国見町大字山崎字舘東12-1","37.879903","140.541465"
"旧小坂小学校（校庭）","福島県国見町大字小坂字台14","37.888642","140.523322"
"上野台運動公園（グリーンアリーナ９２３）","福島県国見町大字森山字上野台7","37.88207","140.555767"
"上野台運動公園（総合運動場）","福島県国見町大字森山字上野台7","37.881386","140.558519"
"上野台運動公園（体育館）","福島県国見町大字森山字上野台7","37.881701","140.556325"
"県北中学校（校庭）","福島県国見町大字森山字西上野20","37.883642","140.561311"
"県北中学校（柏葉体育館）","福島県国見町大字森山字西上野20","37.884184","140.56019"
"県北中学校（体育館）","福島県国見町大字森山字西上野20","37.884201","140.561955"
"県北中学校（校舎）","福島県国見町大字森山字西上野20","37.884193","140.560962"
"くにみ幼稚園（旧森江野小学校含む）（体育館）","福島県国見町大字森山字太田川36","37.869285","140.565837"
"くにみ幼稚園（旧森江野小学校含む）（校舎）","福島県国見町大字森山字太田川36","37.868776","140.565472"
"くにみ幼稚園（旧森江野小学校含む）（園庭）","福島県国見町大字森山字太田川36","37.868713","140.566057"
"国見東部高齢者等活性化センター前広場","福島県国見町大字西大枝字王壇前16-1","37.877135","140.582988"
"国見東部高齢者等活性化センター（体育館）","福島県国見町大字西大枝字王壇前16-1","37.877552","140.583149"
"国見東部高齢者等活性化センター","福島県国見町大字西大枝字王壇前16-1","37.877417","140.582859"
"石母田集会所","福島県国見町大字石母田字樋口9","37.89156","140.554451"
"旧大木戸小学校（校庭）","福島県国見町大字大木戸字霞原3","37.890042","140.570837"
"大木戸ふれあいセンター","福島県国見町大字大木戸字新田原3","37.890292","140.57199"
"観月台文化センター","福島県国見町大字藤田字観月台15","37.877006","140.542435"
"国見小学校（体育館）","福島県国見町大字藤田字町尻一2","37.879552","140.548733"
"国見小学校（校舎）","福島県国見町大字藤田字町尻一2","37.879222","140.548491"
"国見子どもクラブ（旧藤田幼稚園）","福島県国見町大字藤田字町尻一20","37.879653","140.548071"
"国見小学校（校庭）","福島県国見町大字藤田字町尻一3","37.878866","140.548631"
"道の駅国見あつかしの郷","福島県国見町大字藤田字日渡二18-1","37.872844","140.546905"
"森江野町民センター","福島県国見町大字徳江字下谷地田15","37.868119","140.565248"
"西山林研広場","福島県鮫川村大字西山字水口向29","37.064316","140.483419"
"青生野グラウンド","福島県鮫川村大字青生野字大犬平225","36.958072","140.550049"
"旧鮫川村立青生野小学校校庭","福島県鮫川村大字青生野字大犬平56","36.958166","140.548198"
"さめがわこどもセンター園庭","福島県鮫川村大字赤坂西野字酒垂3-3","37.051063","140.466348"
"青少年広場","福島県鮫川村大字赤坂中野字宿ノ入108","37.04211","140.498877"
"村民グラウンド","福島県鮫川村大字赤坂中野字宿ノ入83","37.040048","140.504079"
"鮫川村立鮫川中学校校庭","福島県鮫川村大字赤坂中野字巡ケ作130-4","37.037653","140.507125"
"鮫川村立鮫川小学校校庭","福島県鮫川村大字赤坂中野字道少田86","37.046222","140.506572"
"渡瀬区運動広場","福島県鮫川村大字渡瀬字中山227-1","36.996337","140.490373"
"旧鮫川村立富田小学校校庭","福島県鮫川村大字富田字彦次郎213","37.023985","140.49462"
"三春小学校","福島県三春町字大町157","37.442466","140.493475"
"三春交流館まほら","福島県三春町字大町191","37.442234","140.491375"
"三春町福祉会館","福島県三春町字南町1","37.440803","140.493668"
"三春町民第２体育館","福島県三春町字日向町58","37.445525","140.489909"
"御木沢小学校","福島県三春町字樋ノ口111","37.456673","140.487503"
"三春町民体育館","福島県三春町大字貝山字泉沢100","37.431605","140.490955"
"三春中学校","福島県三春町大字貝山字泉沢100-4","37.42978","140.492997"
"要田交流館大平荘","福島県三春町大字熊耳字大平1","37.444793","140.510125"
"旧要田中学校交流施設","福島県三春町大字熊耳字八ツ田213","37.462388","140.519707"
"沢石会館","福島県三春町大字実沢字楢梨215-5","37.487389","140.537461"
"中郷幼稚園","福島県三春町大字柴原字神久保235","37.41137","140.486531"
"中郷地区交流館","福島県三春町大字柴原字神久保235","37.411468","140.48637"
"中妻小学校","福島県三春町大字沼沢字神ノ上139","37.41093","140.461519"
"岩江中学校","福島県三春町大字上舞木字向田53","37.424665","140.446298"
"岩江小学校","福島県三春町大字上舞木字大谷ツ24","37.423046","140.439634"
"岩江センター","福島県三春町大字上舞木字大谷ツ24","37.423429","140.439119"
"岩江幼稚園","福島県三春町大字上舞木字大谷ツ3-2","37.422434","140.440096"
"中郷小学校","福島県三春町大字神久保235","37.411384","140.487192"
"旧桜中学校交流施設","福島県三春町大字鷹巣字瀬山213","37.415091","140.472074"
"中妻地区交流館","福島県三春町大字鷹巣字大日向13","37.411044","140.460296"
"沢石小学校","福島県三春町大字富沢字石田68","37.489128","140.537999"
"御木沢地区公民館","福島県三春町大字平沢字東333-2","37.466569","140.483764"
"第１保育所","福島県三春町担橋1-4-1","37.448074","140.484135"
"間方集会所","福島県三島町大字間方字上居平753","37.399306","139.614714"
"高齢者福祉センター福寿草","福島県三島町大字宮下字下乙田889","37.474277","139.647523"
"多目的集会施設ひだまり","福島県三島町大字宮下字下乙田889","37.474513","139.648654"
"三島保育所","福島県三島町大字宮下字舘479","37.471752","139.642904"
"三島町町民センター","福島県三島町大字宮下字宮下350","37.470296","139.644411"
"三島小学校","福島県三島町大字宮下字建堀1846","37.469636","139.643252"
"特別養護老人ホーム桐寿苑","福島県三島町大字宮下字坂ノ下659","37.473713","139.646434"
"三島中学校","福島県三島町大字宮下字上ノ原2099","37.46824","139.638902"
"桑原集会所","福島県三島町大字桑原字居平150","37.465098","139.639986"
"三島町ふるさとセンター","福島県三島町大字西方字居平302","37.492909","139.663042"
"三島町生涯学習センター","福島県三島町大字西方字上原字3580","37.488516","139.660622"
"川井集会所","福島県三島町大字川井字下居平244","37.475954","139.663889"
"浅岐集会所","福島県三島町大字浅岐字西居平477","37.421957","139.64167"
"早戸生活改善センター","福島県三島町大字早戸字居平584","37.464404","139.59802"
"滝原林業集会センター","福島県三島町大字早戸字滝原居平1589-1","37.459686","139.608539"
"大石田集会所","福島県三島町大字大石田字下居平11","37.486775","139.638457"
"大谷活性化センター","福島県三島町大字大谷字堂免1634","37.448473","139.650156"
"大登生活改善センター","福島県三島町大字大登字宮沢201","37.469828","139.652914"
"三島町町営グラウンド","福島県三島町大字大登字寺沢976","37.474752","139.656014"
"大谷川河川敷公園","福島県三島町大字大登字上中川井地内","37.47539","139.65036"
"滝谷集会所","福島県三島町大字滝谷字居平526","37.483677","139.693689"
"桧原多目的集会所","福島県三島町大字桧原字居平1994-5","37.490491","139.677703"
"高清水集会所","福島県三島町大字名入字高清水上居平4517","37.468044","139.633296"
"名入集会所","福島県三島町大字名入字根岸居平1576","37.480544","139.66117"
"三島町工人の館","福島県三島町大字名入字諏訪ノ上394","37.483826","139.664233"
"三島町生活工芸館","福島県三島町大字名入字諏訪ノ上395","37.482795","139.664581"
"三島町交流センター","福島県三島町大字名入字諏訪ノ上418","37.48377","139.665338"
"塩庭二区多目的研修集会施設","福島県小野町大字塩庭字日天前70-1","37.24018","140.626141"
"塩庭多目的集会施設","福島県小野町大字塩庭字夫内194","37.261708","140.616658"
"夏井多目的集会施設","福島県小野町大字夏井字町屋43","37.253687","140.662018"
"吉野辺集落センター","福島県小野町大字吉野辺仲神142","37.330032","140.609285"
"小野山神ふれあい館","福島県小野町大字小野山神字畑田210-1","37.301467","140.576335"
"多目的研修集会施設","福島県小野町大字小野新町字中通2","37.279327","140.634292"
"Ｂ＆Ｇ海洋センター・町民体育館","福島県小野町大字小野新町字美売65-1","37.289385","140.621379"
"小野小学校","福島県小野町大字小野新町字万景43","37.283247","140.629679"
"上羽出庭地区農村研修センター","福島県小野町大字上羽出庭字辻ノ内84","37.231355","140.613448"
"小野中学校","福島県小野町大字谷津作字和久59","37.275901","140.62831"
"浮金集落センター","福島県小野町大字浮金字須和間112","37.34286","140.558902"
"昭和村公民館","福島県昭和村大字下中津川字住吉415","37.334192","139.613444"
"昭和小学校","福島県昭和村大字下中津川字二十苅255","37.331924","139.614134"
"しらかば荘","福島県昭和村大字野尻字廻り戸1178","37.35552","139.590484"
"しらかば会館","福島県昭和村大字野尻字新町1267","37.355421","139.591361"
"相馬地域開発記念緑地","福島県新地町駒ケ嶺","37.85059","140.909535"
"富倉防災コミュニティセンター駐車場","福島県新地町駒ケ嶺字狐塚125","37.860306","140.921277"
"駒ヶ嶺小学校校庭","福島県新地町駒ケ嶺字新町前52","37.843681","140.917796"
"旧駒ヶ嶺小学校跡地","福島県新地町駒ケ嶺字新林20","37.85281","140.921099"
"今泉墓地広場","福島県新地町今泉","37.853894","140.943948"
"総合体育館駐車場","福島県新地町小川字川向9-1","37.862123","140.91739"
"大戸浜緑地広場","福島県新地町大戸浜字宮田23","37.869619","140.933641"
"新地小学校校庭","福島県新地町谷地小屋字愛宕1","37.873767","140.916435"
"尚英中学校校庭","福島県新地町谷地小屋字愛宕38","37.872336","140.914542"
"防災センター","福島県新地町谷地小屋字中田55","37.87781","140.917584"
"農村環境改善センター駐車場","福島県新地町谷地小屋字樋掛田40-1","37.876023","140.920867"
"福田小学校校庭","福島県新地町福田字中里16","37.889409","140.893427"
"聖ヨハネ教会跡地","福島県新地町埓木崎字磯山","37.895298","140.927615"
"作田コミュニティセンター駐車場","福島県新地町埓木崎字作田38","37.88465","140.915798"
"翠ヶ丘公園","福島県須賀川市愛宕山5","37.292312","140.383986"
"旭町公園","福島県須賀川市旭町201-1","37.284918","140.378044"
"須賀川市営墓地公園","福島県須賀川市稲","37.279444","140.326596"
"市立第一中学校校庭","福島県須賀川市稲荷町130","37.279419","140.366644"
"旭ヶ岡公園","福島県須賀川市稲荷町地内","37.281976","140.365821"
"市立大東中学校校庭","福島県須賀川市雨田字芳ヶ平62","37.264286","140.422423"
"市立大東小学校校庭","福島県須賀川市雨田字芳ヶ平72","37.266404","140.423045"
"市立小塩江小学校校庭","福島県須賀川市塩田字作田1","37.290977","140.43372"
"小塩江コミュニティセンター広場","福島県須賀川市塩田字中丸木85","37.292928","140.424167"
"市立小塩江中学校校庭","福島県須賀川市塩田字中丸木85","37.293993","140.424636"
"塩田区民館広場","福島県須賀川市塩田字飯塚149","37.289499","140.424324"
"横山公園","福島県須賀川市横山町地内","37.28206","140.347104"
"牡丹台野球場","福島県須賀川市牡丹園19","37.274512","140.392088"
"加治町公園","福島県須賀川市加治町地内","37.288411","140.372222"
"県立清陵情報高等学校校庭","福島県須賀川市滑川字西町179-6","37.332719","140.371625"
"市立柏城小学校校庭","福島県須賀川市滑川字東町127","37.319987","140.37127"
"川原公園","福島県須賀川市館取町地内","37.292838","140.365973"
"西川中央公園","福島県須賀川市館取町地内","37.294009","140.365506"
"舘ヶ岡農村公園","福島県須賀川市舘ヶ岡字本郷195","37.329827","140.29552"
"丸田公園","福島県須賀川市丸田町地内","37.290246","140.365962"
"市立第二中学校校庭","福島県須賀川市岩瀬森46","37.303059","140.372206"
"市立稲田学園校庭","福島県須賀川市岩渕字岡谷地1","37.261959","140.322292"
"稲田地域体育館駐車場","福島県須賀川市岩渕字岡谷地46","37.263665","140.321837"
"市立西袋中学校校庭","福島県須賀川市吉美根字土橋680","37.306266","140.339141"
"文化センター駐車場","福島県須賀川市牛袋町11","37.289874","140.354465"
"円谷幸吉メモリアルアリーナ駐車場","福島県須賀川市牛袋町5","37.29136","140.356229"
"中宿公会堂広場","福島県須賀川市古屋敷126-1","37.297308","140.378369"
"市立阿武隈小学校校庭","福島県須賀川市古舘70","37.296422","140.390596"
"市立第二小学校校庭","福島県須賀川市弘法坦151","37.29268","140.371236"
"市立白方こども園広場","福島県須賀川市今泉字鼠内100","37.326153","140.251842"
"市立白方小学校校庭","福島県須賀川市今泉字梅田181","37.327174","140.252376"
"西ノ内公園","福島県須賀川市坂の上町地内","37.297311","140.359568"
"南上町公園","福島県須賀川市桜岡地内","37.283738","140.381384"
"市立長沼中学校校庭","福島県須賀川市志茂字六角5","37.285209","140.239771"
"西舘児童遊び場","福島県須賀川市小作田字西舘130-2","37.271176","140.406712"
"小作田公園","福島県須賀川市小作田字谷地地内","37.268996","140.406259"
"大東地域体育館駐車場","福島県須賀川市小作田字湯名塚7-3","37.270715","140.414757"
"大東コミュニティセンター広場","福島県須賀川市小作田字湯名塚8-1","37.270698","140.415382"
"小塩江地域体育館駐車場","福島県須賀川市小倉字一本柿88","37.284959","140.433158"
"旧東山小学校校庭","福島県須賀川市小倉字桐久保1","37.279365","140.503435"
"東山ふれあいホーム","福島県須賀川市小倉字桐久保19","37.275686","140.503221"
"市立大東小学校上小山田分校校庭","福島県須賀川市上小山田字小林10","37.26859","140.453988"
"新屋敷公園","福島県須賀川市新町地内","37.294322","140.354104"
"県立福島学園運動場","福島県須賀川市森宿字中新田128","37.309592","140.353769"
"一夜舘公園","福島県須賀川市仁井田","37.324277","140.325825"
"仁井田コミュニティセンター広場","福島県須賀川市仁井田字猿池11","37.329178","140.329469"
"仁井田地域体育館駐車場","福島県須賀川市仁井田字大谷地187","37.336643","140.350615"
"市立仁井田小学校校庭","福島県須賀川市仁井田字長者井戸111-1","37.33625","140.328872"
"市立仁井田中学校校庭","福島県須賀川市仁井田字北明石田30","37.332147","140.332532"
"県立須賀川桐陽高等学校校庭","福島県須賀川市陣場町128","37.297489","140.365245"
"保健センター広場","福島県須賀川市諏訪町67-1","37.289641","140.373453"
"西袋地域体育館駐車場","福島県須賀川市西川字金子田15-11","37.302614","140.329031"
"米山寺公園","福島県須賀川市西川字坂の上地内","37.299979","140.363059"
"岡東公園","福島県須賀川市西川町地内","37.295481","140.360921"
"泉田総合スポーツ広場","福島県須賀川市泉田字新舘136","37.267957","140.29957"
"前田川扇町公園","福島県須賀川市前田川字扇町地内","37.250956","140.388761"
"前田川集会所広場","福島県須賀川市前田川字和尚作17","37.258788","140.396679"
"市立西袋第二小学校校庭","福島県須賀川市袋田字小田切21","37.304168","140.316656"
"市立白江小学校校庭","福島県須賀川市大久保字室貫26","37.300594","140.284589"
"市立白江こども園広場","福島県須賀川市大久保字室貫26","37.299463","140.285356"
"夢みなみ農協旧大東支店広場","福島県須賀川市大栗字池ノ久保219","37.254488","140.431049"
"大黒池防災公園","福島県須賀川市大黒町","37.287421","140.365884"
"市立第一小学校校庭","福島県須賀川市大黒町100","37.287713","140.367269"
"影沼公園","福島県須賀川市大袋町地内","37.285036","140.356173"
"滝防災公園","福島県須賀川市滝","37.308348","140.203069"
"大滝川公園","福島県須賀川市滝字八幡後42-1","37.321278","140.205141"
"市立大森小学校校庭","福島県須賀川市狸森字杉内90","37.238258","140.44862"
"市民スポーツ広場","福島県須賀川市中曽根60","37.300956","140.383462"
"市民交流センターｔｅｔｔｅ","福島県須賀川市中町4-1","37.288774","140.375301"
"岩瀬市民サービスセンター","福島県須賀川市柱田字中地前22","37.31782","140.277529"
"市立岩瀬中学校校庭","福島県須賀川市柱田字南谷地前42","37.317193","140.266212"
"市立第三小学校校庭","福島県須賀川市朝日田53","37.278895","140.386651"
"市立第三中学校校庭","福島県須賀川市朝日田54","37.277845","140.38867"
"和田池公園","福島県須賀川市朝日田地内","37.28145","140.391173"
"城影防災公園","福島県須賀川市長沼","37.295439","140.214613"
"北町防災公園","福島県須賀川市長沼","37.298559","140.211837"
"長沼市民サービスセンター","福島県須賀川市長沼字金町85","37.289727","140.211617"
"長沼野球場","福島県須賀川市長沼字鹿之内入2-10","37.283561","140.215362"
"ながぬまラボ","福島県須賀川市長沼字鹿之内入2-9","37.282699","140.21577"
"市立長沼小学校校庭","福島県須賀川市長沼字殿町85","37.292737","140.213678"
"ふれあいセンター広場","福島県須賀川市長禄町79","37.295366","140.370719"
"長禄町公園","福島県須賀川市長禄町地内","37.294533","140.371693"
"第二保育所広場","福島県須賀川市塚田10","37.299045","140.37373"
"塚田公園","福島県須賀川市塚田地内","37.298712","140.374536"
"市立西袋第一小学校校庭","福島県須賀川市日向町115","37.297106","140.353694"
"いわせ多目的グラウンド","福島県須賀川市畑田荒池上25-2","37.30717","140.270312"
"いわせグリーン球場","福島県須賀川市畑田荒池上30-1","37.308514","140.27038"
"須賀川市役所","福島県須賀川市八幡町135","37.286903","140.372552"
"市役所防災広場","福島県須賀川市八幡町135","37.28747","140.371738"
"浜田地域体育館駐車場","福島県須賀川市浜尾字猫沼90","37.284343","140.404851"
"並木町運動場","福島県須賀川市並木町139-1","37.277721","140.369832"
"保土原・古戸地区運動場","福島県須賀川市保土原字寺作田184-1","37.247622","140.302411"
"あおば公園","福島県須賀川市北横田字石の花124","37.296973","140.274004"
"山寺池公園","福島県須賀川市北山寺町340","37.305568","140.364462"
"堀底公園","福島県須賀川市堀底町地内","37.288655","140.356382"
"長沼東部運動広場","福島県須賀川市木之崎字前田134","37.274573","140.271979"
"県立須賀川創英館高等学校校庭","福島県須賀川市緑町88","37.287295","140.387222"
"六軒団地集会所広場","福島県須賀川市六軒131-6","37.273353","140.378008"
"和田児童遊び場","福島県須賀川市和田字宿194-2","37.277265","140.403934"
"東コミュニティセンター広場","福島県須賀川市和田字柏崎44","37.281934","140.393196"
"市立長沼東小学校校庭","福島県須賀川市桙衝字下沖58","37.273069","140.272"
"西会津町克雪管理センター　大綱木分室","福島県西会津町奥川大字大綱木字杉ノ下476-1","37.684095","139.684103"
"旧奥川大舟沢季節分校","福島県西会津町奥川大字大綱木字大舟島3330","37.678417","139.697531"
"旧奥川小学校弥平四郎分校","福島県西会津町奥川大字飯根字弥平四郎716","37.75669","139.714793"
"旧奥川小学校（体育館）","福島県西会津町奥川大字飯里字上ノ原37","37.682729","139.657726"
"奥川みらい交流館","福島県西会津町奥川大字飯里字上ノ原37","37.682661","139.657522"
"旧奥川寄宿舎","福島県西会津町奥川大字飯里字沢ノ目449-6","37.681769","139.657944"
"西会津町克雪管理センター（旧奥川支所）","福島県西会津町奥川大字飯里字檀ノ前1563","37.683589","139.662542"
"奥川体育館（旧奥川中学校体育館）","福島県西会津町奥川大字豊島字大田630","37.679429","139.653793"
"旧群岡小学校（体育館）","福島県西会津町群岡字外城甲850","37.630146","139.625252"
"御稷神社","福島県西会津町群岡字梨ヶ峯甲2543-31","37.64306","139.628984"
"群岡体育館（旧群岡中学校体育館）","福島県西会津町上野尻字下沖ノ原2633-1","37.628291","139.63088"
"西会津町保健センター","福島県西会津町上野尻字西林崎3136-5","37.628811","139.630521"
"西会津国際芸術村（旧新郷中学校）","福島県西会津町新郷大字笹川字上ノ原道上5752","37.637221","139.66253"
"新郷体育館（旧新郷小学校体育館）","福島県西会津町新郷大字笹川字上ノ原道上5780","37.637418","139.663114"
"さゆり公園","福島県西会津町登世島字西林乙2529-10","37.598149","139.642941"
"屋内ゲートボール場（すぱーく西会津）","福島県西会津町登世島字西林乙5356-3","37.596376","139.646123"
"西会津小学校（多目的ホール等）","福島県西会津町尾野本字新森野66","37.590428","139.654386"
"西会津中学校（アリーナ等）","福島県西会津町尾野本字新森野87","37.589443","139.652152"
"西会津町林業研修センター","福島県西会津町尾野本字樋ノ口原乙1459-1","37.590201","139.657928"
"旧尾野本保育所","福島県西会津町尾野本字樋ノ口原乙1523","37.588439","139.657328"
"旧尾野本小学校（講堂）","福島県西会津町尾野本字樋ノ口原乙1523","37.589417","139.657093"
"旧尾野本小学校上谷分校","福島県西会津町睦合字家ノ下丁277","37.547906","139.67891"
"野沢体育館（旧西会津小学校体育館）","福島県西会津町野沢字下小屋上乙3308","37.587681","139.648663"
"道の駅にしあいづ","福島県西会津町野沢字下條乙1969-26","37.585824","139.642565"
"西会津町公民館","福島県西会津町野沢字原町乙2234-1","37.586093","139.646733"
"たかはし桜公園","福島県西会津町野沢字上原乙2424","37.588856","139.643993"
"福島県立西会津高等学校（グラウンド）","福島県西会津町野沢字上條道東256","37.588113","139.638282"
"西会津町老人憩の家","福島県西会津町野沢字如法寺乙3590-2","37.576427","139.644584"
"前山西公園","福島県西郷村字前山西62","37.123365","140.182575"
"羽太小学校　校庭","福島県西郷村大字羽太字新宿52","37.174855","140.155788"
"米多目的運動場","福島県西郷村大字熊倉字下山8","37.140865","140.179288"
"熊倉コミュニティセンター（駐車場）","福島県西郷村大字熊倉字火打山130","37.15512","140.16393"
"西郷第一中学校　校庭","福島県西郷村大字熊倉字火打山5","37.155919","140.162688"
"熊倉小学校　校庭","福島県西郷村大字熊倉字折口原33-1","37.142384","140.155169"
"西郷村営折口原グランド","福島県西郷村大字熊倉字折口原405","37.137534","140.151553"
"西郷村文化センター（駐車場）","福島県西郷村大字熊倉字折口原76-1","37.140696","140.15441"
"小田倉小学校　校庭","福島県西郷村大字小田倉字原中189","37.120185","140.161367"
"西郷村民体育館","福島県西郷村大字小田倉字蛇口1-4","37.130238","140.150345"
"西郷村立まきば保育園（園庭）","福島県西郷村大字小田倉字小田倉原1-40","37.125035","140.164063"
"西郷村保健福祉センター（駐車場）","福島県西郷村大字小田倉字上川向76-1","37.123874","140.156743"
"西郷第二中学校　校庭","福島県西郷村大字小田倉字上野原459-1","37.118315","140.145289"
"大平アメニティ広場","福島県西郷村大字小田倉字大平103-8","37.111581","140.16032"
"西郷村民野球場","福島県西郷村大字小田倉字中島26","37.130149","140.149065"
"川谷小・中学校　校庭","福島県西郷村大字真船字蒲日向269","37.160414","140.092239"
"真船コミュティセンター広場","福島県西郷村大字真船字小塚前40-3","37.144132","140.143643"
"追原コミュティセンター（駐車場）","福島県西郷村大字鶴生字由井ケ原54","37.159032","140.120097"
"西郷村立幼稚園（園庭）","福島県西郷村大字米字舘岡1-1","37.141731","140.189608"
"米小学校　校庭","福島県西郷村大字米字向山59-1","37.139658","140.180616"
"野木沢小学校校庭","福島県石川町曲木字燈籠場5","37.178828","140.429295"
"野木沢保育所広場","福島県石川町曲木字燈籠場7","37.177677","140.429056"
"まちなか駐車場","福島県石川町字下泉153-2","37.144087","140.452337"
"旧々石川小学校グラウンド","福島県石川町字関根1","37.146054","140.45715"
"文教福祉複合施設（モトガッコ）広場","福島県石川町字関根165","37.146222","140.459122"
"文教福祉複合施設（モトガッコ）駐車場","福島県石川町字関根165","37.146449","140.457929"
"町民野球場","福島県石川町字関根234","37.146373","140.461287"
"第一保育所広場","福島県石川町字古館178","37.153926","140.453954"
"県立石川高校校庭","福島県石川町字高田200","37.152103","140.453226"
"総合体育館多目的広場","福島県石川町字渡里沢296-8","37.145138","140.435742"
"総合体育館前駐車場","福島県石川町字渡里沢296-8","37.143958","140.434632"
"勤労青少年ホーム駐車場","福島県石川町字当町418-1","37.144477","140.441953"
"旧外槇保育所広場","福島県石川町字梁瀬478","37.15347","140.416759"
"安産地蔵広場","福島県石川町新屋敷字新覚42-1","37.153729","140.392207"
"赤羽公園","福島県石川町赤羽字風呂沢16-2","37.131869","140.375482"
"中谷自治センター広場","福島県石川町双里字神主34","37.147056","140.477346"
"石川中学校校庭","福島県石川町双里字川向165","37.145317","140.466154"
"山橋自治センター駐車場","福島県石川町大字山形字中野沢55","37.115681","140.469751"
"沢井地区防災広場","福島県石川町大字沢井字藤沢95-13","37.152714","140.411063"
"沢田自治センターグラウンド","福島県石川町沢井字上ノ原100","37.142274","140.395804"
"沢田小学校校庭","福島県石川町沢井字上ノ原75","37.142987","140.397353"
"旧中谷第二小学校校庭","福島県石川町中田字八又396","37.150921","140.510479"
"野木沢自治センター広場","福島県石川町中野字水無59","37.174497","140.425865"
"旧南山形小学校校庭","福島県石川町板橋字八升蒔25","37.102656","140.478154"
"母畑自治センター駐車場","福島県石川町母畑字小田口43","37.179022","140.465161"
"母畑レークサイドセンターグラウンド","福島県石川町母畑字梅木入71-8","37.194515","140.485057"
"旧母畑小学校校庭","福島県石川町母畑字樋田60","37.174715","140.466804"
"宮ノ下集会所","福島県川内村大字下川内字宮ノ下81-2","37.328926","140.819436"
"旧川内中学校","福島県川内村大字下川内字宮渡29","37.330849","140.814128"
"五枚沢集会所","福島県川内村大字下川内字五枚沢39-3","37.349212","140.892987"
"複合施設　ゆふね","福島県川内村大字下川内字坂シ内133-5","37.33195","140.83766"
"第５区集会所","福島県川内村大字下川内字坂シ内33-2","37.328225","140.832324"
"手古岡集会所","福島県川内村大字下川内字手古岡231-1","37.286299","140.838558"
"第６区集会所","福島県川内村大字下川内字石崎31-2","37.317376","140.834651"
"第７区集会所","福島県川内村大字下川内字北川原11-9","37.31567","140.840061"
"第８区集会所","福島県川内村大字下川内字毛戸26-2","37.369212","140.871062"
"第２区集会所","福島県川内村大字上川内字関場28-1","37.351143","140.792199"
"川内村コミュニティセンター","福島県川内村大字上川内字小山平15","37.336971","140.808682"
"川内村村民体育センター","福島県川内村大字上川内字小山平501-12","37.33633","140.808946"
"川内小中学園","福島県川内村大字上川内字沼畑125","37.343339","140.802937"
"かわうち保育園","福島県川内村大字上川内字沼畑125","37.342397","140.803429"
"第１区集会所","福島県川内村大字上川内字前谷地106-1","37.376394","140.751683"
"第４区集会所","福島県川内村大字上川内字大根森81-1","37.323482","140.782746"
"第３区山村活性化支援センター","福島県川内村大字上川内字町分439","37.342307","140.804071"
"旧福田小学校","福島県川俣町羽田字山ノ坊15","37.684966","140.561618"
"山木屋小中学校","福島県川俣町山木屋字小塚山9-1","37.602736","140.675716"
"山木屋地区復興商業施設（とんやの郷　駐車場）","福島県川俣町山木屋字日向40-1","37.605457","140.671984"
"川俣中学校","福島県川俣町字宮ノ脇14","37.667512","140.597052"
"川俣小学校","福島県川俣町字宮前36","37.669443","140.599453"
"旧すみよし保育園","福島県川俣町字五百田21-1","37.666946","140.600041"
"川俣町役場","福島県川俣町字五百田30","37.66498","140.59829"
"かわまた認定こども園","福島県川俣町字川原田46","37.65849","140.606568"
"川俣町商工会","福島県川俣町字八反田23","37.665952","140.601288"
"おじまふるさと交流館","福島県川俣町小島字町畑12","37.697323","140.608726"
"羽山の森美術館","福島県川俣町西福沢字山桝内20","37.65142","140.579771"
"旧冨田幼稚園","福島県川俣町鶴沢字笛田25-4","37.66553","140.590944"
"道の駅川俣（駐車場部分）","福島県川俣町鶴沢字東13-1","37.668062","140.57635"
"旧冨田小学校","福島県川俣町鶴沢字林山18","37.670979","140.579195"
"農村広場","福島県川俣町東福沢字坊ノ入","37.653062","140.591776"
"川俣町体育館","福島県川俣町東福沢字万所内山2","37.656913","140.595163"
"旧飯坂小学校","福島県川俣町飯坂字南古堂道内5","37.66949","140.62658"
"泉崎村立泉崎第一小学校","福島県泉崎村大字泉崎字高屋原71","37.163143","140.292145"
"泉崎村保健福祉総合センター","福島県泉崎村大字泉崎字山ヶ入101","37.158168","140.291578"
"泉崎村立泉崎中学校","福島県泉崎村大字泉崎字上陣場14","37.153125","140.315704"
"泉崎村防災センター","福島県泉崎村大字泉崎字新宿2","37.156995","140.2953"
"泉崎村立泉崎幼稚園","福島県泉崎村大字泉崎字八丸100","37.154506","140.302861"
"泉崎村役場","福島県泉崎村大字泉崎字八丸145","37.153784","140.303473"
"泉崎村農村環境改善センター","福島県泉崎村大字北平山字高柳88-1","37.14856","140.302737"
"泉崎村立泉崎第二小学校","福島県泉崎村大字北平山字新田東山48-2","37.142028","140.315412"
"旧山白石小学校","福島県浅川町大字山白石字本内230","37.096427","140.443036"
"浅川小学校","福島県浅川町大字浅川字荒町108","37.080483","140.414862"
"保健センター","福島県浅川町大字浅川字大明塚114-28","37.077727","140.411671"
"浅川中学校","福島県浅川町大字浅川字大明塚120","37.080371","140.411854"
"浅川町武道館","福島県浅川町大字浅川字背戸谷地144-4","37.080815","140.410857"
"旧里白石小学校","福島県浅川町大字里白石字寺ノ前118","37.107902","140.419079"
"あさかわこども園","福島県浅川町大字簑輪字坂前137","37.072305","140.411672"
"磯部中学校　敷地","福島県相馬市磯部字狐穴647","37.761415","140.987256"
"磯部コミュニティセンター","福島県相馬市磯部字狐穴647-4","37.76105","140.987191"
"磯部小学校","福島県相馬市磯部字上ノ台467-2","37.760501","140.991897"
"台畑防災集合所","福島県相馬市磯部字台畑29-2","37.764033","140.994396"
"沖ノ内公園","福島県相馬市沖ノ内2-6-1","37.806029","140.929862"
"立切防災集合所","福島県相馬市蒲庭字舘前23-1","37.729532","141.005384"
"獺庭防災集合所","福島県相馬市蒲庭字獺庭91-3","37.739294","140.992222"
"岩子防災集合所","福島県相馬市岩子字数馬206-3","37.804288","140.960397"
"長命寺","福島県相馬市岩子字大迫287","37.807162","140.962505"
"玉野公民館","福島県相馬市玉野字町56-1","37.768765","140.715115"
"玉野広場施設","福島県相馬市玉野字副霊山1-17","37.787622","140.718792"
"副霊山生活改善センター","福島県相馬市玉野字副霊山1-6","37.78766","140.71806"
"原釜防災集合所","福島県相馬市原釜字大津241-5","37.828097","140.960414"
"東部公民館","福島県相馬市原釜字北高野56-1","37.825644","140.956209"
"相馬市復興交流支援センター","福島県相馬市光陽3-3-1","37.832811","140.935576"
"山上公民館","福島県相馬市山上字上ノ台1-1","37.778185","140.879899"
"山上多目的集会所","福島県相馬市山上字尖森14-2","37.773804","140.866112"
"老人憩いの家","福島県相馬市山上字尖森27-1","37.773987","140.866405"
"山上小学校","福島県相馬市山上字柳下32-2","37.776953","140.879791"
"相馬市総合福祉センター","福島県相馬市小泉字高池357","37.807037","140.918272"
"小泉集会所","福島県相馬市小泉字高池736-1","37.806731","140.920744"
"小野多目的集会所","福島県相馬市小野字薬師堂35","37.805077","140.894985"
"坪ヶ迫東公園","福島県相馬市新沼字一反田220","37.81305","140.927116"
"刈敷田集会所","福島県相馬市新沼字刈敷田14-13","37.812536","140.934832"
"刈敷田東公園","福島県相馬市新沼字刈敷田19-3","37.815401","140.938836"
"新沼コミュニティセンター","福島県相馬市新沼字観音前270-1","37.817711","140.934224"
"坪ヶ迫団地集会所","福島県相馬市新沼字坪ケ迫1-1","37.811489","140.925059"
"坪ヶ迫ちびっこ広場","福島県相馬市新沼字坪ケ迫1-1","37.812709","140.924576"
"新田防災集合所","福島県相馬市新田字梅川120-2","37.788154","140.961578"
"大野公民館","福島県相馬市石上字みさご沢326-1","37.82284","140.895547"
"石上多目的集会所","福島県相馬市石上字寺前56","37.823405","140.917953"
"相馬看護専門学校体育館","福島県相馬市石上字南蛯沢344","37.811357","140.916894"
"飯豊小学校","福島県相馬市大曲字天神前42","37.788488","140.948154"
"大野小学校","福島県相馬市大坪字東畑7","37.83014","140.89694"
"大野台公園","福島県相馬市大野台1-1-15","37.836507","140.884671"
"高池前公園","福島県相馬市中村字高池前44","37.80402","140.919094"
"桜ヶ丘公園","福島県相馬市中村字桜ケ丘154","37.801697","140.916347"
"桜丘小学校","福島県相馬市中村字桜ケ丘179","37.801446","140.914482"
"桜ヶ丘東公園","福島県相馬市中村字桜ケ丘30","37.801573","140.919653"
"新町緑地公園","福島県相馬市中村字新町185-1","37.79876","140.924155"
"川沼集会所","福島県相馬市中村字川沼151","37.803271","140.917059"
"川沼西公園","福島県相馬市中村字川沼306","37.804308","140.914094"
"前沢目公園","福島県相馬市中村字泉町3","37.804164","140.922907"
"中村第一小学校","福島県相馬市中村字大手先1","37.796279","140.917207"
"相馬高等学校体育館","福島県相馬市中村字大手先57-1","37.795521","140.91376"
"スポーツアリーナそうま","福島県相馬市中村字北町55-1","37.798402","140.918777"
"馬陵公園","福島県相馬市中村字北町94-2","37.798285","140.916256"
"中村第一中学校","福島県相馬市中村字本町132-1","37.799439","140.907874"
"向陽中学校","福島県相馬市中野字桜町76","37.79252","140.920183"
"相馬愛育園","福島県相馬市中野字清水172-2","37.7883","140.910427"
"中野防災集合所","福島県相馬市中野字北反町141","37.794536","140.924031"
"椎木多目的集会所","福島県相馬市椎木字北原443","37.841137","140.896171"
"塚ノ町緑地公園","福島県相馬市塚ノ町1-3-1","37.801681","140.927219"
"八幡小学校","福島県相馬市坪田字清水前9-3","37.776477","140.913384"
"八幡公民館","福島県相馬市坪田字北田68","37.770962","140.913249"
"飯豊公民館","福島県相馬市程田字明神前142-4","37.788458","140.9535"
"南飯渕防災集合所","福島県相馬市南飯渕字成南76-1","37.800264","140.94407"
"日立木公民館","福島県相馬市日下石字高根沢31","37.765752","140.943419"
"日立木小学校","福島県相馬市日下石字神明前14","37.76755","140.946351"
"日下石防災集合所","福島県相馬市日下石字堂田436","37.765889","140.955657"
"松川防災集合所","福島県相馬市尾浜字高塚214-7","37.823039","140.962306"
"高平公園","福島県相馬市尾浜字高塚217","37.824274","140.962446"
"中村第二小学校","福島県相馬市尾浜字細田1","37.820929","140.943421"
"細田公会堂","福島県相馬市尾浜字札ノ沢1-5","37.821071","140.944936"
"南ノ入集会所","福島県相馬市尾浜字南ノ入4-21","37.824642","140.961388"
"角田公園","福島県相馬市北飯渕1-15-1","37.8029","140.931974"
"北飯渕公園","福島県相馬市北飯渕2-11-1","37.805731","140.934962"
"相馬総合高等学校","福島県相馬市北飯渕字阿弥陀堂200","37.80578","140.939894"
"道の駅そうま体験実習館","福島県相馬市立谷字立谷467","37.760367","140.947202"
"中村第二中学校","福島県相馬市和田字北迫185-13","37.817708","140.945643"
"大玉村西部ふれあいセンター","福島県大玉村玉井字橋本139","37.540766","140.349219"
"大玉村農村環境改善センター","福島県大玉村玉井字西庵183","37.535845","140.364935"
"大玉村東部ふれあいセンター","福島県大玉村大山字田池55-1","37.544136","140.403831"
"大玉村北部ふれあいセンター","福島県大玉村大山字藤ノ木82","37.556153","140.383545"
"（株）東京エネシス　福島総合支社","福島県大熊町熊字錦台180-1","37.38653","140.972571"
"東京パワーテクノロジー（株）福島原子力事業所","福島県大熊町熊字錦台182-1","37.387945","140.973563"
"朝日小学校　校庭","福島県只見町黒谷字九日田230","37.303631","139.362728"
"只見中学校　校庭","福島県只見町黒谷字上野300","37.302682","139.363229"
"明和小学校　校庭","福島県只見町小林字上照岡1250","37.308926","139.455111"
"只見小学校　校庭","福島県只見町只見字上ノ原1735-1","37.351359","139.317943"
"町下町民広場","福島県只見町只見字町下2591","37.341761","139.313168"
"旧山岡小学校校庭","福島県棚倉町大字岡田字上ノ内92","37.019972","140.433094"
"近津幼稚園園庭","福島県棚倉町大字下山本字久保田11-1","36.998923","140.390748"
"近津小学校校庭","福島県棚倉町大字下山本字桃木田34","36.9987","140.391674"
"棚倉町運動広場","福島県棚倉町大字関口字一本松24-1","37.034582","140.391397"
"棚倉町文化センター駐車場","福島県棚倉町大字関口字一本松58","37.036552","140.399464"
"社川運動広場","福島県棚倉町大字逆川字向原28","37.057264","140.378794"
"社川小学校校庭","福島県棚倉町大字逆川字山梨子山19","37.054878","140.377035"
"社川幼稚園園庭","福島県棚倉町大字逆川字山梨子山7-6","37.055059","140.376399"
"金沢内運動広場","福島県棚倉町大字金沢内字中背戸続123","37.056931","140.353269"
"高野小学校校庭","福島県棚倉町大字山際字仙石103","37.020082","140.351127"
"棚倉幼稚園園庭","福島県棚倉町大字棚倉字宮下138","37.029563","140.38149"
"城跡多目的広場","福島県棚倉町大字棚倉字古町99-4","37.030186","140.386986"
"亀ヶ城公園","福島県棚倉町大字棚倉字城跡26-2","37.030081","140.385506"
"棚倉中学校校庭","福島県棚倉町大字棚倉字城跡88-5","37.028706","140.383123"
"棚倉町役場駐車場","福島県棚倉町大字棚倉字中居野33","37.030244","140.379779"
"修明高等学校校庭","福島県棚倉町大字棚倉字東中居63","37.023128","140.386989"
"旧棚倉高等学校校庭","福島県棚倉町大字棚倉字堂ノ前14","37.033717","140.37512"
"棚倉保育園園庭","福島県棚倉町大字棚倉字南町54-1","37.026679","140.387938"
"棚倉小学校校庭","福島県棚倉町大字棚倉字北町118-1","37.031976","140.387623"
"近津運動広場","福島県棚倉町大字八槻字上台200","36.993607","140.390541"
"滑津小学校","福島県中島村大字滑津字羽黒前1-1","37.155031","140.371405"
"岡ノ内公民館","福島県中島村大字滑津字岡ノ内1-1","37.159222","140.373591"
"元村コミニュティセンター","福島県中島村大字滑津字元村70-2","37.15306","140.365461"
"特別養護老人ホーム　ひかりの里","福島県中島村大字滑津字宿浦10-1","37.152635","140.361449"
"小針公民館","福島県中島村大字滑津字小針153","37.165885","140.377138"
"中島中学校","福島県中島村大字滑津字中島西14","37.148583","140.350974"
"生涯学習センター輝ら里","福島県中島村大字滑津字二ツ山28-10","37.149981","140.348992"
"中島幼稚園","福島県中島村大字滑津字二ツ山28-2","37.150226","140.347971"
"総合福祉センター","福島県中島村大字滑津字二ツ山65-3","37.152639","140.349479"
"中島村保健センター","福島県中島村大字滑津字二ツ山65-3","37.153111","140.350056"
"中島保育所","福島県中島村大字滑津字二ツ山65-4","37.152551","140.348608"
"中島村体育センター","福島県中島村大字滑津字二ツ山75-4","37.150912","140.346226"
"農村環境改善センター","福島県中島村大字滑津字二ツ山75-4","37.150894","140.346647"
"迎久保公民館","福島県中島村大字吉岡字迎久保21-1","37.119816","140.357222"
"大泉坊ふれあいセンター","福島県中島村大字吉岡字迎畑30-1","37.122379","140.3624"
"町畑公民館","福島県中島村大字吉岡字町畑181","37.130967","140.363321"
"松崎ふれあいセンター","福島県中島村大字松崎字高坊地1-1","37.165829","140.395855"
"原山集会所","福島県中島村大字川原田字原山55","37.132802","140.339486"
"川原田ふれあいセンター","福島県中島村大字川原田字上町31","37.127019","140.350006"
"吉子川小学校","福島県中島村大字二子塚字家来10-2","37.131439","140.348319"
"二子塚ふれあいセンター","福島県中島村大字二子塚字後山56-2","37.136239","140.34836"
"浦原公民館","福島県中島村大字二子塚字入江50-2","37.145264","140.344134"
"猪苗代町水防センター","福島県猪苗代町字下園1329-1","37.556628","140.12234"
"県立猪苗代高校","福島県猪苗代町字窪南3664","37.56383","140.111951"
"亀ケ城公園","福島県猪苗代町字古城跡7150-1","37.561782","140.103922"
"磐梯青少年交流の家","福島県猪苗代町字五輪原7136-1","37.565644","140.082394"
"川上集会所","福島県猪苗代町字山ノ神原7082-2","37.640923","140.101004"
"猪苗代町運動公園","福島県猪苗代町字上園1340-1","37.557122","140.123877"
"猪苗代町農村環境改善センター","福島県猪苗代町字城南100","37.557207","140.104802"
"猪苗代小学校","福島県猪苗代町字茶園5770","37.563931","140.103377"
"猪苗代町体験交流館","福島県猪苗代町字鶴田141-1","37.562577","140.100729"
"猪苗代町総合体育館","福島県猪苗代町字鶴田141-2","37.56134","140.10021"
"千里地区コミュニティセンター","福島県猪苗代町千代田字前田甲312-1","37.547315","140.10754"
"月輪地区コミュニティセンター","福島県猪苗代町大字金田字西川原380-3","37.51712","140.131725"
"猪苗代町地域振興施設（道の駅猪苗代）","福島県猪苗代町大字堅田字五百苅1","37.537462","140.107309"
"（旧）翁島小学校校庭","福島県猪苗代町大字三ツ和字家北906","37.538296","140.072378"
"翁島地区コミュニティセンター","福島県猪苗代町大字三ツ和字家北906","37.537374","140.072124"
"（旧）吾妻中学校校庭","福島県猪苗代町大字蚕養字下平乙613-53","37.601744","140.135982"
"（旧）中の沢保育所","福島県猪苗代町大字蚕養字沼尻山甲2855-171","37.614634","140.206671"
"中ノ沢運動場","福島県猪苗代町大字蚕養字沼尻山甲2855-171","37.61539","140.20547"
"猪苗代町老人福祉センター","福島県猪苗代町大字蚕養字沼尻山甲2855-173","37.616213","140.204462"
"中ノ沢体育館","福島県猪苗代町大字蚕養字沼尻山甲2855-173","37.61583","140.204791"
"樋ノ口多目的集会所","福島県猪苗代町大字蚕養字中島乙591-6","37.59992","140.136857"
"（旧）吾妻小学校","福島県猪苗代町大字蚕養字中島乙592-3","37.601074","140.136105"
"千里公園","福島県猪苗代町大字千代田字千代田1","37.549175","140.104693"
"扇田公園","福島県猪苗代町大字千代田字扇田2-1","37.547033","140.101944"
"猪苗代第二小学校（旧千里小学校）","福島県猪苗代町大字千代田字前田甲312-1","37.54766","140.108095"
"猪苗代町地域福祉交流センター","福島県猪苗代町大字千代田字中島26-2","37.552522","140.109716"
"猪苗代中学校校庭","福島県猪苗代町大字千代田字中島5","37.553351","140.109077"
"さくらこども園","福島県猪苗代町大字川桁字寺道北60","37.540284","140.139179"
"（旧）東中学校","福島県猪苗代町大字川桁字上川原2262-75","37.538266","140.144263"
"川桁防災センター","福島県猪苗代町大字川桁字新町3601","37.536734","140.136344"
"川桁体育館","福島県猪苗代町大字川桁字長町3480","37.537016","140.140221"
"（旧）緑小学校","福島県猪苗代町大字中小松字狐川原甲1566-1","37.516319","140.1317"
"（旧）長瀬小学校校庭","福島県猪苗代町大字八幡字山神374-2","37.557386","140.139766"
"ひまわりこども園","福島県猪苗代町大字磐里字大五百苅254-1","37.547686","140.100699"
"中央緑地","福島県猪苗代町大字磐里字六角86-1","37.557155","140.106874"
"沖内集会所","福島県天栄村大字沖内字沖田41","37.240113","140.306708"
"天栄村山村開発センター","福島県天栄村大字下松本字原畑61","37.255975","140.247747"
"天栄村生涯学習センター","福島県天栄村大字下松本字原畑66","37.255069","140.246823"
"天栄村体育館","福島県天栄村大字下松本字四十壇26","37.256086","140.247101"
"天栄村屋内スポーツ運動場","福島県天栄村大字下松本字東田12","37.255528","140.245794"
"天栄村総合農村運動広場","福島県天栄村大字下松本字日向26","37.256614","140.244774"
"下松本集落センター","福島県天栄村大字下松本字富久保75","37.255419","140.241451"
"高林生活改善センター","福島県天栄村大字高林字屋敷下16","37.237208","140.302324"
"小川集会所","福島県天栄村大字小川字中田40-3","37.234004","140.280631"
"上松本集会所","福島県天栄村大字上松本字観音前16","37.258291","140.226955"
"安養寺研修集会所","福島県天栄村大字大里字坂下11","37.251455","140.196259"
"沢邸集会所","福島県天栄村大字大里字森下130","37.228788","140.243044"
"大里東部生活改善センター","福島県天栄村大字大里字深沢70-3","37.231447","140.260612"
"大里中部集会所","福島県天栄村大字大里字町川15-10","37.239702","140.247623"
"天栄村ふるさと公園","福島県天栄村大字大里字天房50-1","37.243392","140.244839"
"南沢集会所","福島県天栄村大字大里字南沢161","37.220474","140.258129"
"天栄村立大里小学校体育館","福島県天栄村大字大里字畑田25","37.236266","140.248427"
"丸山集会所","福島県天栄村大字大里字竜田9","37.243184","140.23089"
"湯本地区防災センター","福島県天栄村大字田良尾字五倫林山1-2","37.273284","140.021668"
"天栄村立湯本中学校体育館","福島県天栄村大字田良尾字五倫林山10","37.272393","140.023121"
"大平集会所","福島県天栄村大字田良尾字持石54","37.277701","140.063341"
"天栄村羽鳥湖高原交流促進センター","福島県天栄村大字田良尾字芝草1-3352","37.239847","140.062415"
"天栄村イベント広場","福島県天栄村大字田良尾字芝草1-3352","37.239723","140.062404"
"天栄村立湯本小学校体育館","福島県天栄村大字田良尾字野仲36","37.279405","140.006388"
"下河内研修集会所","福島県天栄村大字湯本字下河内4-1","37.272158","139.999868"
"湯本集会所","福島県天栄村大字湯本字下原72","37.281032","139.989857"
"天栄村高齢者コミュニティセンター","福島県天栄村大字湯本字関場1","37.279438","140.003908"
"天栄村湯本体育館","福島県天栄村大字湯本字関場8","37.279584","140.004387"
"中屋敷集会所","福島県天栄村大字白子字氏神9-1","37.251335","140.264991"
"天栄村立天栄中学校体育館","福島県天栄村大字白子字西原5","37.258192","140.248936"
"太多郎集会所","福島県天栄村大字白子字大木森146","37.248271","140.273249"
"今坂集会所","福島県天栄村大字白子字中田105-2","37.253246","140.253655"
"天栄村立広戸小学校体育館","福島県天栄村大字飯豊字新山28","37.24699","140.286641"
"飯豊集会所","福島県天栄村大字飯豊字西田1-3","37.243879","140.288656"
"大山集会所","福島県天栄村大字飯豊字大山6-172","37.246512","140.293886"
"児渡集会所","福島県天栄村大字牧之内字児渡49","37.263085","140.198075"
"西郷集会所","福島県天栄村大字牧之内字滝田東35","37.279161","140.169545"
"天栄村立牧本小学校体育館","福島県天栄村大字牧之内字文舎35","37.265582","140.19811"
"中郷集会所","福島県天栄村大字牧之内字北藤川原8-2","37.268746","140.181658"
"常葉公民館関本分館","福島県田村市常葉町関本字岡ノ内143","37.418395","140.65255"
"常葉公民館山根分館","福島県田村市常葉町山根字鹿島23","37.452137","140.677804"
"常葉中学校体育館","福島県田村市常葉町常葉字上野175","37.440722","140.64332"
"文化の舘ときわ","福島県田村市常葉町常葉字町裏1","37.4373","140.644208"
"常葉公民館","福島県田村市常葉町常葉字町裏1","37.437011","140.643747"
"常葉保健センター","福島県田村市常葉町常葉字町裏1","37.437512","140.644208"
"常葉老人福祉センター","福島県田村市常葉町常葉字備前作15","37.442904","140.645533"
"芦沢農業センター","福島県田村市船引町芦沢字霜田39","37.40988","140.541249"
"芦沢小学校体育館","福島県田村市船引町芦沢字大越293","37.407123","140.537963"
"旧今泉小学校体育館","福島県田村市船引町今泉字堀之内31","37.421496","140.60163"
"要田地区公民館","福島県田村市船引町笹山字立石604-1","37.45526","140.526683"
"旧移中学校体育館","福島県田村市船引町上移字橋本125","37.511124","140.651254"
"船引北部デイサービスセンター","福島県田村市船引町上移字後田172","37.515215","140.652584"
"緑小学校体育館","福島県田村市船引町上移字根岸10","37.514269","140.646845"
"移地区公民館","福島県田村市船引町上移字町147","37.514542","140.659142"
"瀬川地区公民館","福島県田村市船引町新舘字下459","37.495717","140.58292"
"瀬川小学校体育館","福島県田村市船引町新舘字軽井沢746","37.493859","140.579189"
"旧石森小学校体育館","福島県田村市船引町石森字舘108","37.454208","140.558438"
"田村市総合体育館","福島県田村市船引町船引字遠表400","37.438316","140.600852"
"船引保健センター","福島県田村市船引町船引字源次郎131","37.452384","140.582985"
"船引高等学校体育館","福島県田村市船引町船引字石崎15-3","37.448441","140.580074"
"船引高等学校第２体育館","福島県田村市船引町船引字石崎15-4","37.447766","140.579997"
"船引高等学校生徒会館","福島県田村市船引町船引字石崎15-5","37.448272","140.579133"
"船引総合福祉センター","福島県田村市船引町船引字石田151","37.434092","140.56635"
"船引中学校体育館","福島県田村市船引町東部台2-1","37.442041","140.580659"
"文珠地区公民館","福島県田村市船引町文珠字馬場平90","37.45044","140.557876"
"活性化施設北移南移コミュニティプラザ","福島県田村市船引町北移字大鹿田78-1","37.510291","140.640424"
"美山小学校体育館","福島県田村市船引町北鹿又字後和田30","37.472834","140.588982"
"船引南中学校体育館","福島県田村市船引町堀越字丸森70","37.397599","140.573001"
"旧門沢小学校体育館","福島県田村市船引町門沢字宮ノ平182","37.387848","140.592292"
"七郷地区公民館","福島県田村市船引町門沢字新舘117","37.385716","140.589328"
"つつじヶ丘運動公園管理棟","福島県田村市大越町下大越字大荷場1-2","37.396675","140.645098"
"ふれあい音楽館","福島県田村市大越町下大越字大荷場1-2","37.39705","140.644367"
"農村婦人の家","福島県田村市大越町下大越字中田88","37.403471","140.620517"
"大越転作技術研修センター","福島県田村市大越町栗出字東畑26","37.358973","140.617469"
"大越体育館","福島県田村市大越町上大越字元池175","37.379263","140.632154"
"高齢者生活福祉センターみどり荘","福島県田村市大越町上大越字古川49-2","37.39208","140.624872"
"おおごえふるさと館","福島県田村市大越町上大越字水神宮62-1","37.375577","140.63542"
"大越公民館","福島県田村市大越町上大越字水神宮62-1","37.375524","140.636204"
"老人憩いの家「寿楽荘」","福島県田村市大越町上大越字大日前34","37.372523","140.65334"
"早稲川多目的交流センター","福島県田村市大越町早稲川字前田26-3","37.380724","140.6685"
"牧野多目的交流センター","福島県田村市大越町牧野字太夫田71-3","37.364235","140.601949"
"滝根保健センター","福島県田村市滝根町広瀬字針湯33","37.313217","140.659923"
"天地人大学","福島県田村市滝根町広瀬字針湯33","37.312875","140.660024"
"滝根総合福祉センター","福島県田村市滝根町広瀬字針湯55","37.312776","140.659308"
"老人憩いの家「針湯荘」","福島県田村市滝根町広瀬字針湯62","37.31246","140.659121"
"滝根体育館","福島県田村市滝根町神俣字河原154","37.325278","140.663568"
"入水多目的集会所","福島県田村市滝根町菅谷字入水630","37.354909","140.65525"
"星の村ふれあい館","福島県田村市滝根町菅谷字馬場168","37.354999","140.661321"
"岩井沢体育館","福島県田村市都路町岩井沢字平蔵内181-1","37.45868","140.73535"
"古道体育館","福島県田村市都路町古道字遠下前56","37.438597","140.793694"
"都路保健センター","福島県田村市都路町古道字寺ノ前39","37.434114","140.79469"
"旧大久保小学校体育館","福島県田村市都路町古道字春日前56","37.395122","140.799211"
"都路小学校体育館","福島県田村市都路町古道字北町24","37.437941","140.793234"
"都路中学校体育館","福島県田村市都路町古道字北町4-6","37.435999","140.793083"
"都路公民館","福島県田村市都路町古道字本町33-4","37.436136","140.794739"
"湯川村笈川運動広場","福島県湯川村大字笈川字舘238","37.572841","139.886575"
"笈川小学校","福島県湯川村大字笈川字舘24","37.573573","139.887518"
"湯川中学校","福島県湯川村大字笈川字殿田37","37.566629","139.886685"
"湯川村中央運動広場","福島県湯川村大字笈川字殿田7","37.566795","139.887898"
"道の駅あいづ　湯川・会津坂下","福島県湯川村大字佐野目字五丁ノ目78-1","37.557292","139.862398"
"湯川村運動広場","福島県湯川村大字三川字中台141","37.569577","139.874137"
"湯川村村営野球場","福島県湯川村大字三川字的場50","37.569756","139.873311"
"勝常小学校","福島県湯川村大字勝常字堂後827","37.563574","139.871409"
"ユースピアゆがわ","福島県湯川村大字清水田字川入1","37.565606","139.888"
"湯川村体育館","福島県湯川村大字清水田字川入3","37.564813","139.888209"
"湯川村高齢者コミュニティセンター","福島県湯川村大字清水田字川入8","37.564501","139.887671"
"湯川村保健センター","福島県湯川村大字清水田字川入9","37.56461","139.887406"
"湯川村公民館","福島県湯川村大字清水田字長瀞17","37.565615","139.887437"
"旭ヶ丘地区集会所","福島県楢葉町大字井出字所布77-29","37.295073","140.976844"
"浄光西地区集会所","福島県楢葉町大字井出字浄光西3-51","37.292844","140.997573"
"向ノ内住宅地区集会所","福島県楢葉町大字井出字浄光東13-1","37.291487","140.999378"
"有限会社ウインズトラベル本社","福島県楢葉町大字井出字浄光東27-7","37.292812","141.00164"
"下井出地区集会所","福島県楢葉町大字井出字前沢52-1","37.273304","141.012962"
"大楽院","福島県楢葉町大字井出字谷地65","37.279527","141.005796"
"萩平地区集会所","福島県楢葉町大字井出字萩平58-1","37.290291","140.99278"
"上井出地区集会所","福島県楢葉町大字井出字木屋106","37.281635","141.000541"
"竜田駅西側防災広場","福島県楢葉町大字井出字木屋126","37.282682","141.002589"
"旧楢葉南幼稚園","福島県楢葉町大字下小塙字稲荷前56","37.265885","140.996887"
"楢葉町地域活動拠点施設まざらっせ","福島県楢葉町大字下小塙字久保田63-3","37.264156","140.998364"
"下小塙地区集会所","福島県楢葉町大字下小塙字久保田66","37.264317","140.997903"
"佐野地区集会所","福島県楢葉町大字下小塙字佐野98-1","37.26084","140.995762"
"後沢住宅地区集会所","福島県楢葉町大字下小塙字上ノ原2-1","37.261164","140.993907"
"楢葉小学校","福島県楢葉町大字下小塙字麦入31","37.266109","140.997743"
"一ツ屋住宅地区集会所","福島県楢葉町大字下小塙字府ノ内8-18","37.267338","140.997324"
"下繁岡地区集会所","福島県楢葉町大字下繁岡字篠柄14-2","37.29116","141.00893"
"下繁岡住宅団地広場","福島県楢葉町大字下繁岡字植松1-5","37.283375","141.01324"
"山田岡地区集会所","福島県楢葉町大字山田岡字五里内7","37.258266","140.998606"
"大坂地区集会所","福島県楢葉町大字山田岡字大坂61-10","37.245037","140.96618"
"道の駅ならは","福島県楢葉町大字山田岡字大堤入22-1","37.249916","140.99764"
"名古谷地区集会所","福島県楢葉町大字山田岡字名古谷51-5","37.257862","140.993799"
"シウ神山住宅地区集会所","福島県楢葉町大字山田浜字シウ神山50-2","37.246485","141.010698"
"山田浜地区集会所","福島県楢葉町大字山田浜字上ノ代27","37.250096","141.01089"
"上小塙地区集会所","福島県楢葉町大字上小塙字宮平2-2","37.269552","140.982637"
"女平地区集会所","福島県楢葉町大字上小塙字女平218-1","37.271568","140.951197"
"繁岡地区集会所","福島県楢葉町大字上繁岡字山神97-60","37.299733","140.998392"
"上繁岡地区集会所","福島県楢葉町大字上繁岡字取上下214-3","37.310857","140.975394"
"松館地区集会所","福島県楢葉町大字上繁岡字中平198-3","37.306893","140.968975"
"山所布地区集会所","福島県楢葉町大字上繫岡字所布22-8","37.3196","140.919118"
"前原地区集会所","福島県楢葉町大字前原字岡崎32-2","37.26638","141.0053"
"徳林寺","福島県楢葉町大字前原字寺後27","37.262293","141.001894"
"乙次郎地区集会所","福島県楢葉町大字大谷字乙次郎133","37.281134","140.898549"
"大谷地区集会所","福島県楢葉町大字大谷字山根20-1","37.283376","140.983945"
"ならはスカイアリーナ","福島県楢葉町大字大谷字上ノ原16","37.284647","140.988124"
"楢葉町総合グラウンド","福島県楢葉町大字大谷字上ノ原73-17","37.285254","140.989145"
"営団地区集会所","福島県楢葉町大字波倉字原135-28","37.297797","141.014586"
"波倉地区集会所","福島県楢葉町大字波倉字原164-1","37.298184","141.019439"
"旧ぼらぐち商店","福島県楢葉町大字波倉字小浜作5","37.314657","141.00771"
"楢葉中学校","福島県楢葉町大字北田字鐘突堂2-1","37.283747","140.994355"
"楢葉中学校武道館","福島県楢葉町大字北田字鐘突堂2-1","37.283552","140.994798"
"鐘突堂地区集会所","福島県楢葉町大字北田字鐘突堂4-16","37.282988","140.995786"
"楢葉町コミュニティセンター","福島県楢葉町大字北田字鐘突堂5-4","37.282167","140.993394"
"楢葉町公民館","福島県楢葉町大字北田字鐘突堂5-5","37.283256","140.993115"
"楢葉町保健福祉会館","福島県楢葉町大字北田字鐘突堂5-5","37.283695","140.992932"
"楢葉町サイクリングターミナル","福島県楢葉町大字北田字上ノ原27-29","37.26886","141.014216"
"北田地区集会所","福島県楢葉町大字北田字中川原23-1","37.273325","140.998453"
"中満南住宅地区集会所","福島県楢葉町大字北田字中満272-1","37.278569","140.998526"
"あおぞらこども園","福島県楢葉町大字北田字中満296-1","37.276546","140.997055"
"田島農村環境改善センター","福島県南会津町関本字百一560-2","37.152413","139.735449"
"伊南会館","福島県南会津町古町字舘後998","37.176131","139.52551"
"南郷体育館","福島県南会津町山口字村上1074","37.223804","139.538571"
"南郷総合センター","福島県南会津町山口字村上842","37.223429","139.538821"
"舘岩会館","福島県南会津町松戸原55","37.092661","139.53269"
"旧針生小学校","福島県南会津町針生字下宮238","37.189383","139.658447"
"駅前広場","福島県南会津町滝原字夏井地内","37.089372","139.703406"
"弁天山憩の広場","福島県南会津町田島字横町地内","37.20131","139.783411"
"山神社広場","福島県南会津町田島字横林地内","37.199299","139.7859"
"御蔵入交流館","福島県南会津町田島字宮本東22","37.206323","139.780067"
"田島体育館","福島県南会津町田島字後原甲3586-1","37.195719","139.773843"
"県公舎前駐車場","福島県南会津町田島字後原甲3705-1","37.200238","139.775563"
"駅前広場","福島県南会津町田島字後町甲3973-1","37.202893","139.774017"
"県立田島高等学校","福島県南会津町田島字田部原260","37.206888","139.802462"
"ヰセキ・リオンドール駐車場","福島県南会津町田島字東荒井80","37.203344","139.783251"
"ＪＡふくしま未来やすらぎ会館駐車場","福島県南相馬市原町区下北高平字北山１８６－５外","37.661815","140.988225"
"北泉海浜総合公園わんぱく広場","福島県南相馬市原町区北泉字地蔵堂外","37.654949","141.013836"
"宮田公園","福島県南相馬市鹿島区烏崎字宮田地内","37.674493","141.010629"
"鹿島カントリー倶楽部駐車場","福島県南相馬市鹿島区塩崎字蛇沼31","37.678596","140.947764"
"南柚木公会堂駐車場","福島県南相馬市鹿島区南柚木字水神下42","37.730779","140.968453"
"クラップかしま駐車場","福島県南相馬市鹿島区南柚木字八久々沢42","37.730201","140.954238"
"宝蔵寺駐車場","福島県南相馬市鹿島区北海老字北畑20","37.708721","140.995441"
"浦尻公会堂駐車場","福島県南相馬市小高区浦尻字北原72-1","37.517871","141.032343"
"水谷建設小高研修センター駐車場","福島県南相馬市小高区角部内字雁北30","37.543791","141.022311"
"貴布根神社","福島県南相馬市小高区村上字舘内地内","37.554707","141.026497"
"大井会場","福島県南相馬市小高区大井字東平5-1","37.568326","141.007198"
"塚原共同墓地","福島県南相馬市小高区塚原字諏訪原地内","37.574761","141.021061"
"安達ヶ原ふるさと村","福島県二本松市安達ヶ原4-100","37.595729","140.465602"
"安達ヶ原公園","福島県二本松市安達ヶ原4-147-2","37.594157","140.467013"
"永田農村広場","福島県二本松市永田6-513-2","37.601659","140.38724"
"二本松文化センター","福島県二本松市榎戸1-92","37.593556","140.449183"
"塩沢小学校","福島県二本松市塩沢町1-238-1","37.614693","140.426634"
"二本松第二中学校","福島県二本松市沖3-301-1","37.568588","140.466631"
"道の駅安達（上り）","福島県二本松市下川崎字上平33-1","37.635627","140.483679"
"下川崎住民センター","福島県二本松市下川崎字大中地66","37.628593","140.510985"
"二本松北小学校","福島県二本松市郭内1-1","37.596917","140.434967"
"郭内公園","福島県二本松市郭内2-17","37.602531","140.437075"
"にほんまつ保育園","福島県二本松市郭内2-276-1","37.599612","140.437433"
"二本松第一中学校","福島県二本松市郭内2-56-1","37.601917","140.440244"
"霞ヶ城公園","福島県二本松市郭内3-78","37.597508","140.430595"
"安達太良小学校","福島県二本松市岳温泉1-177-1","37.606081","140.353585"
"岳公園","福島県二本松市岳温泉2-26-2","37.599537","140.360889"
"二本松南小学校","福島県二本松市亀谷2-123","37.594418","140.446077"
"二本松市役所","福島県二本松市金色403-1","37.584753","140.43119"
"金色公園","福島県二本松市金色428-1","37.586559","140.429681"
"原瀬小学校","福島県二本松市原セ才木380","37.585251","140.384972"
"原瀬考古資料室跡地","福島県二本松市原セ日照田225","37.582794","140.390375"
"原セ農村広場","福島県二本松市原セ日照田7","37.589852","140.392443"
"戸沢住民センター","福島県二本松市戸沢字下田100","37.569652","140.578537"
"向原公園","福島県二本松市向原272-1","37.584791","140.427369"
"愛宕山公園","福島県二本松市根崎1-298-1","37.596225","140.449378"
"岳下住民センター","福島県二本松市三保内72-1","37.588318","140.4178"
"杉田農村広場","福島県二本松市七ッ段128","37.555455","140.42787"
"若宮公園","福島県二本松市若宮2-160","37.588287","140.427517"
"安達野球場","福島県二本松市渋川字上払川157","37.631225","140.464323"
"渋川住民センター","福島県二本松市渋川字上払川96-1","37.632275","140.464166"
"渋川小学校","福島県二本松市渋川字神明森27","37.634691","140.462185"
"初森グラウンド","福島県二本松市初森字十文字44-1","37.516295","140.524994"
"石井小学校","福島県二本松市小高内3","37.562846","140.459835"
"小浜小学校","福島県二本松市小浜字藤町100","37.561089","140.51246"
"小浜中学校","福島県二本松市小浜字反町411","37.553312","140.504684"
"岩代運動場","福島県二本松市小浜字芳池2","37.556662","140.51232"
"岩代支所","福島県二本松市小浜字北月山27","37.562078","140.509325"
"松岡児童遊園","福島県二本松市松岡47","37.593025","140.430692"
"上川崎住民センター","福島県二本松市上川崎字宮ノ脇7-3","37.612067","140.488008"
"川崎小学校","福島県二本松市上川崎字上種田1","37.61025","140.491349"
"あだたら高原野営場","福島県二本松市上葉木坂3-2","37.620969","140.372928"
"東和文化センター","福島県二本松市針道字上台132","37.598251","140.5802"
"東和支所","福島県二本松市針道字蔵下22","37.597363","140.581119"
"すぱーく東和","福島県二本松市針道字蔵下23-4","37.597383","140.579762"
"東和中学校","福島県二本松市針道字大町西1","37.591087","140.571065"
"カントリーパークとうわ","福島県二本松市針道字大町西2","37.592605","140.571292"
"東和小学校","福島県二本松市針道字大町西46","37.590027","140.568499"
"新殿運動場","福島県二本松市杉沢字山田155-3","37.515501","140.56926"
"成田公園","福島県二本松市成田字大木99-1","37.535992","140.492289"
"岩代中学校","福島県二本松市西新殿字一本木188","37.526927","140.563847"
"新殿小学校","福島県二本松市西新殿字永作10","37.534149","140.563013"
"杉田住民センター","福島県二本松市西町223-1","37.560522","140.412104"
"大平住民センター","福島県二本松市太子堂282","37.578562","140.474042"
"大平農村広場","福島県二本松市太子堂327","37.574689","140.474873"
"道の駅ふくしま東和","福島県二本松市太田字下田2-3","37.569944","140.577836"
"太田住民センター","福島県二本松市太田字堺田47-1","37.594276","140.540693"
"二本松第三中学校","福島県二本松市大作165","37.57192","140.411359"
"岳下小学校","福島県二本松市大壇175-1","37.586085","140.423302"
"大平小学校","福島県二本松市竹ノ内22-1","37.580332","140.475634"
"茶園児童遊園","福島県二本松市茶園1-31-1","37.588358","140.437384"
"塩沢農村広場","福島県二本松市中ノ目100","37.623414","140.42032"
"杉田小学校","福島県二本松市中江195-1","37.561409","140.416314"
"公設地方卸売市場","福島県二本松市中里67-1","37.578847","140.424679"
"旭小学校","福島県二本松市田沢字鳥上44","37.548307","140.634509"
"道の駅さくらの郷","福島県二本松市東新殿字平石田12-2","37.534634","140.590111"
"旭運動場","福島県二本松市百目木字鹿畑16","37.529084","140.615124"
"表西公園","福島県二本松市表2-901","37.60552","140.437462"
"石井運動広場","福島県二本松市平石町564-2","37.557223","140.463762"
"道の駅安達（下り）","福島県二本松市米沢字下川原田105-2","37.636101","140.481934"
"真弓ひろば","福島県二本松市本町2-144","37.59075","140.438932"
"二本松市市民交流センター","福島県二本松市本町2-3-1","37.589734","140.433831"
"箕輪集会所","福島県二本松市箕輪2-22-1","37.56735","140.382194"
"水舟運動場","福島県二本松市木幡字四方北304-1","37.639357","140.548421"
"ウッディハウスとうわ","福島県二本松市木幡字東和代34-1","37.630623","140.52619"
"木幡住民センター","福島県二本松市木幡字叺内65","37.619895","140.556971"
"安達運動場","福島県二本松市油井字石倉107","37.617541","140.455281"
"油井小学校","福島県二本松市油井字台5","37.605806","140.457742"
"安達中学校","福島県二本松市油井字田向100","37.617393","140.465087"
"安達支所","福島県二本松市油井字濡石1-2","37.607594","140.461027"
"安達太良カントリークラブ","福島県二本松市雄平台15","37.575733","140.36056"
"地域文化伝承館","福島県二本松市鈴石町361-1","37.54923","140.468297"
"みさか小学校体育館","福島県白河市みさか2-120","37.111516","140.186892"
"みさかコミュニティセンター","福島県白河市みさか2-90","37.1055","140.190902"
"愛宕町会館","福島県白河市愛宕町20-2","37.127769","140.210138"
"旭町集会所","福島県白河市旭町1-164","37.121637","140.225346"
"白河旭高等学校体育館","福島県白河市旭町1-3","37.12088","140.22286"
"鍛冶町自治会館","福島県白河市旭町1-40-2","37.122328","140.222658"
"南湖ニュータウン集会所","福島県白河市影鬼越30-208","37.103464","140.205057"
"白河文化交流館コミネス","福島県白河市会津町1-17","37.130439","140.209152"
"白河文化交流館コミネス駐車場","福島県白河市会津町1-3","37.130216","140.210159"
"さくら保育園","福島県白河市会津町24-7","37.132045","140.205981"
"会津町集会所","福島県白河市会津町36-34","37.132668","140.209661"
"丸の内会館","福島県白河市郭内1-169","37.13042","140.214949"
"城山公園","福島県白河市郭内1-181","37.132166","140.213264"
"萱根集会所","福島県白河市萱根新小萱34-4","37.142274","140.23935"
"東部ニュータウン集会所","福島県白河市萱根鳥子山7-36","37.145437","140.244853"
"寺小路集会所","福島県白河市関川窪67-1","37.116591","140.221294"
"関川窪第二集会所","福島県白河市関川窪88","37.117516","140.222815"
"二枚橋集会所","福島県白河市関辺松並1-4","37.088624","140.249825"
"関辺小学校体育館","福島県白河市関辺松並26","37.092816","140.250374"
"関辺行政センター","福島県白河市関辺松並32-1","37.092358","140.251799"
"上ノ原集会所","福島県白河市関辺上ノ原26-1","37.098334","140.242208"
"新郷渡集会所","福島県白河市関辺中道上4-1","37.090707","140.254793"
"郷渡集会所","福島県白河市関辺油久保66-2","37.08111","140.26642"
"大木集会所","福島県白河市旗宿ニ丸沢155-1","37.036771","140.219147"
"旗宿コミュニティセンター","福島県白河市旗宿町尻105-1","37.053311","140.231817"
"関の森公園白河都市農村交流センター","福島県白河市旗宿白河内13-1","37.045598","140.230442"
"和平集会所","福島県白河市旗宿和平39-2","37.049188","140.214185"
"松風の里集会所","福島県白河市鬼越77-1","37.109805","140.208637"
"久田野集会所","福島県白河市久田野66-2","37.133689","140.264486"
"大沼行政センター","福島県白河市久田野城内31","37.133784","140.258568"
"大沼市民体育館","福島県白河市久田野城内32","37.133604","140.259195"
"白河第四小学校体育館","福島県白河市久田野豆柄山3","37.126256","140.25937"
"金勝寺集会所","福島県白河市金勝寺東171-5","37.136263","140.208246"
"九番町自治会館","福島県白河市九番町西裏1-12","37.118139","140.204983"
"緑ヶ丘集会所","福島県白河市古高山1-243","37.112771","140.191255"
"向寺集会所","福島県白河市向寺92","37.135878","140.222714"
"武道館","福島県白河市向新蔵125-2","37.12214","140.210777"
"金屋町自治会館","福島県白河市宰領町37-5","37.126439","140.207838"
"桜町集会所","福島県白河市桜町33-1","37.124095","140.222675"
"三番町会館","福島県白河市三番町23-10","37.124072","140.203792"
"大町会館","福島県白河市三番町53","37.125891","140.204616"
"田町集会所","福島県白河市士多町11-1","37.130438","140.222457"
"白河第三小学校体育館","福島県白河市寺小路64-2","37.123374","140.220088"
"七番町集会所","福島県白河市七番町4-6","37.120545","140.204371"
"馬町・栄町自治会館","福島県白河市蛇石77-1","37.119501","140.216395"
"借宿集会所","福島県白河市借宿株木20","37.119141","140.294884"
"細倉集会所","福島県白河市借宿鶴ケ岡4-5","37.116451","140.306131"
"舟田集会所","福島県白河市舟田9-1","37.122602","140.277785"
"女石集会所","福島県白河市女石70-1","37.137499","140.225213"
"広谷地集会所","福島県白河市小田川牛清水69-7","37.166199","140.223225"
"芳賀須内集会所","福島県白河市小田川欠下25-1","37.166435","140.242561"
"小田川集会所","福島県白河市小田川小田ノ里111-1","37.158774","140.261333"
"昭和町集会所","福島県白河市昭和町119-2","37.132096","140.200702"
"白河第一小学校体育館","福島県白河市菖蒲沢41-1","37.120216","140.211036"
"十文字集会所","福島県白河市上ノ原2-18","37.100433","140.22577"
"新蔵町集会所","福島県白河市新蔵町15-1","37.126035","140.215036"
"みのり保育園","福島県白河市新白河2-162","37.121219","140.195763"
"高山コミュニティセンター","福島県白河市新白河2-212","37.122787","140.19103"
"真舟集会所","福島県白河市真舟2-6","37.129951","140.190395"
"白河実業高等学校体育館","福島県白河市瀬戸原6-1","37.102408","140.226469"
"西三坂集会所","福島県白河市西三坂13-16","37.103666","140.196584"
"石切場集会所","福島県白河市石切場54-2","37.119476","140.200769"
"小田川行政センター","福島県白河市泉田大久保88","37.154006","140.246605"
"泉田自治会館","福島県白河市泉田池ノ上234","37.15227","140.247237"
"小田川小学校体育館","福島県白河市泉田池ノ上239","37.153426","140.248644"
"東北中学校体育館","福島県白河市泉田南之内1","37.143038","140.255243"
"双石集会所","福島県白河市双石前ノ内45","37.111929","140.25892"
"大工町集会所","福島県白河市袋町9","37.126359","140.213031"
"芦ノ口集会所","福島県白河市大芦ノ口入山8-2","37.133771","140.289331"
"久保集会所","福島県白河市大久保前8","37.123618","140.253457"
"桜岡集会所","福島県白河市大山崎26-2","37.130873","140.245923"
"鹿島集会所","福島県白河市大鹿島39-1","37.122665","140.235865"
"中町町内会館","福島県白河市大手町3-11","37.128821","140.214852"
"宮大集会所","福島県白河市大信下小屋字宮沢119-2","37.215765","140.228164"
"西樋集会所","福島県白河市大信下小屋字西宿前190-1","37.21652","140.217721"
"日和田ふれあい交流センター","福島県白河市大信下小屋字地蔵面4-1","37.209271","140.235804"
"日篭集会所","福島県白河市大信下小屋字日篭36-2","37.215526","140.209438"
"下新城集会所","福島県白河市大信下新城字松ノ原51","37.199016","140.286121"
"宇原集会所","福島県白河市大信隈戸字宇都野前11-3","37.236842","140.158038"
"十日市集会所","福島県白河市大信隈戸字屋敷前66","37.23454","140.178224"
"上小屋ふれあい交流センター","福島県白河市大信隈戸字下ノ境2-4","37.216492","140.203827"
"湯沢多目的集会所","福島県白河市大信隈戸字柿ノ木原24","37.206963","140.187964"
"滑里川集会所","福島県白河市大信隈戸字滑里川山42","37.199637","140.197152"
"大信老人福祉センター","福島県白河市大信隈戸字隈戸30","37.239351","140.145708"
"赤仁田多目的集会所","福島県白河市大信隈戸字赤仁田100-2","37.215491","140.17864"
"日仙集会所","福島県白河市大信隈戸字日向前4-1","37.228547","140.188701"
"大信トレーニングセンター","福島県白河市大信上新城字原畑75","37.210845","140.262361"
"上新城集会所","福島県白河市大信上新城字前田4-1","37.210178","140.256465"
"外面集会所","福島県白河市大信増見字外面287-1","37.185366","140.222307"
"石久保団地集会所","福島県白河市大信増見字石久保13","37.196664","140.227581"
"堂山集会所","福島県白河市大信増見字川田30","37.206634","140.257627"
"増見集会所","福島県白河市大信増見字増見64","37.200319","140.241975"
"外面団地集会所","福島県白河市大信増見字中沢1-1","37.180495","140.216704"
"大信デイサービスセンター","福島県白河市大信増見字八幡山55","37.203471","140.241719"
"大信公民館","福島県白河市大信増見字北田58","37.203675","140.248207"
"大信小学校体育館","福島県白河市大信中新城愛宕山108-1","37.210475","140.268797"
"赤坂団地集会所","福島県白河市大信中新城字赤坂85-173","37.208743","140.276672"
"中新城構造改善センター","福島県白河市大信中新城字内屋敷5-2","37.206324","140.270979"
"大信中学校体育館","福島県白河市大信町屋字渋川70","37.209271","140.243732"
"町屋集会所","福島県白河市大信町屋字朴田61-4","37.204291","140.2486"
"田園町府コミュニティセンター","福島県白河市大信田園町府1-64","37.207554","140.246134"
"飯土用集会所","福島県白河市大信豊地字飯土用308","37.184831","140.207824"
"開進多目的集会所","福島県白河市大信豊地字分切田138","37.185374","140.185059"
"大和田自治会館","福島県白河市大和田前田82-1","37.138739","140.259943"
"搦目集会所","福島県白河市大搦目101","37.116139","140.241346"
"搦目山集会所","福島県白河市大搦目山43-269","37.104569","140.232497"
"南湖集会所","福島県白河市池下69-3","37.107396","140.219606"
"産業プラザ人材育成センター","福島県白河市中田140","37.120766","140.229176"
"第一市民体育館","福島県白河市追廻70-1","37.134281","140.211712"
"中央公民館","福島県白河市天神町2","37.127598","140.204216"
"天神町集会所","福島県白河市天神町41-1","37.128334","140.208553"
"五箇小学校体育館","福島県白河市田島165-2","37.11834","140.285771"
"田島集会所","福島県白河市田島神田14-1","37.116068","140.288781"
"入方集会所","福島県白河市田島本木前17","37.108037","140.298525"
"五箇行政センター","福島県白河市田島明治11-1","37.117038","140.282431"
"東多目的研修センター","福島県白河市東下野出島字滑志14","37.105477","140.388002"
"岩井戸集会所","福島県白河市東下野出島字岩井戸65-2","37.11817","140.395577"
"石原集会所","福島県白河市東下野出島字休場63-2","37.109979","140.40457"
"安道集会所","福島県白河市東下野出島字五蔵田32-2","37.11536","140.404273"
"坂本集会所","福島県白河市東下野出島字坂本383","37.102916","140.380932"
"小野田小学校体育館","福島県白河市東下野出島字髪内195","37.108889","140.38494"
"八内集会所","福島県白河市東下野出島字柳町154","37.11199","140.39223"
"本町下公民館","福島県白河市東釜子字釜橋75-3","37.101073","140.348321"
"東中学校体育館","福島県白河市東釜子字狐内25","37.10275","140.359561"
"きつねうち温泉","福島県白河市東釜子字狐内47","37.105045","140.364521"
"東総合体育館","福島県白河市東釜子字狐内59","37.106725","140.362261"
"若栗公民館","福島県白河市東釜子字若栗15-2","37.085064","140.359682"
"北町集会所","福島県白河市東釜子字新薄久保95","37.10522","140.346969"
"釜子小学校体育館","福島県白河市東釜子字西ノ内1","37.101554","140.343018"
"本町上構造改善センター","福島県白河市東釜子字前殿山2-1","37.098361","140.348599"
"大黒町集会所","福島県白河市東釜子字大師山62-1","37.108532","140.342788"
"百目木地区農業構造改善センター","福島県白河市東釜子字長峯80","37.088888","140.33888"
"東公民館","福島県白河市東釜子字殿田表35","37.10167","140.34974"
"東農業技術センター","福島県白河市東釜子字殿田表50","37.102291","140.34928"
"畑中集会所","福島県白河市東釜子字畑中134","37.081766","140.349153"
"第二枇杷山集会所","福島県白河市東釜子字枇杷山166","37.113151","140.355089"
"第三枇杷山集会所","福島県白河市東釜子字枇杷山231","37.111668","140.353761"
"第一枇杷山集会所","福島県白河市東釜子字枇杷山69-33","37.11173","140.351526"
"形見集会所","福島県白河市東形見字市場62","37.092882","140.322769"
"小丸山集会所","福島県白河市東小丸山7-3","37.111006","140.199965"
"大竹地区農業構造改善センター","福島県白河市東上野出島字虚空蔵280","37.09348","140.366417"
"中ノ作集会所","福島県白河市東上野出島字後山1-3","37.111084","140.382662"
"東保健センター・東デイサービスセンター","福島県白河市東上野出島字千草場153-3","37.105922","140.363703"
"蔭ノ原集会所","福島県白河市東上野出島字中峯28-2","37.118014","140.372745"
"板倉集会所","福島県白河市東上野出島字板倉160","37.113301","140.363123"
"反町・藪集会所","福島県白河市東上野出島字藪6-2","37.110006","140.372589"
"刈敷坂地域農業促進拠点センター","福島県白河市東深仁井田字刈敷坂36-1","37.119929","140.350054"
"深仁井田転作促進技術研修センター","福島県白河市東深仁井田字千代ノ岡104","37.114807","140.333772"
"千田集会所","福島県白河市東千田字瀬戸山25-1","37.093848","140.334501"
"栃本地区農業構造改善センター","福島県白河市東栃本字金塚9-3","37.103302","140.332761"
"蕪内集会所","福島県白河市東蕪内字屋敷前10","37.115988","140.321007"
"図書館","福島県白河市道場小路96-5","37.130072","140.211378"
"道場町集会所","福島県白河市道場町10-3","37.128644","140.205569"
"中田集会所","福島県白河市南中川原68-3","37.119976","140.234653"
"南町会館","福島県白河市南町17","37.124544","140.216537"
"白河高等学校体育館","福島県白河市南登り町54","37.124414","140.199128"
"白河第二小学校体育館","福島県白河市日影2-8","37.126731","140.202427"
"年貢町会館","福島県白河市年貢町55-1","37.125129","140.219626"
"白坂パークヒルズ自治会館","福島県白河市白坂愛宕山147-96","37.085727","140.19183"
"白坂行政センター","福島県白河市白坂愛宕山209-1","37.083022","140.191647"
"泉岡集会所","福島県白河市白坂愛宕山251-1","37.083206","140.19207"
"新白河ライフパーク集会所","福島県白河市白坂一里段6-118","37.100816","140.201777"
"下黒川集会所","福島県白河市白坂下黒川797","37.085882","140.157069"
"鶴ケ丘自治会館","福島県白河市白坂牛清水76-1","37.102529","140.169179"
"三輪台集会所","福島県白河市白坂三輪台276-49","37.093477","140.190726"
"三輪台団地集会所","福島県白河市白坂三輪台6-82","37.100829","140.193852"
"鶴ケ丘会館","福島県白河市白坂勝多石26-10","37.099842","140.186445"
"石阿弥陀集会所","福島県白河市白坂新石阿弥陀100","37.0953","140.215308"
"陣場集会所","福島県白河市白坂陣場164-2","37.085519","140.180784"
"白坂多目的研修センター","福島県白河市白坂陣場202","37.093029","140.186202"
"白河第五小学校体育館","福島県白河市白坂陣場317","37.084845","140.1889"
"大倉矢見集会所","福島県白河市白坂大倉矢見95-3","37.092782","140.186536"
"五器洗集会所","福島県白河市白坂大平160","37.081522","140.212539"
"皮篭集会所","福島県白河市白坂皮篭15","37.095391","140.197444"
"白河南中学校体育館","福島県白河市白坂芳野68-1","37.095863","140.207559"
"板橋集会所","福島県白河市板橋舘ノ前79-1","37.111627","140.274372"
"飯沢金勝寺集会所","福島県白河市飯沢136-2","37.139479","140.210812"
"下羽原総合研修センター","福島県白河市表郷下羽原字吉田78-1","37.055547","140.345509"
"河東田公民館","福島県白河市表郷河東田字寺平156","37.066718","140.338445"
"越掘集会所","福島県白河市表郷金山字井戸尻123","37.058657","140.298973"
"広畑集会所","福島県白河市表郷金山字広畑70","37.056672","140.288584"
"犬神集会所","福島県白河市表郷金山字笹凹17-1","37.038223","140.279848"
"表郷小学校体育館","福島県白河市表郷金山字瀬戸原108","37.058765","140.301227"
"竹ノ内集落センター","福島県白河市表郷金山字竹ノ内94","37.056636","140.294522"
"表郷保健センター","福島県白河市表郷金山字長者久保2-5","37.054579","140.306541"
"表郷幼稚園","福島県白河市表郷金山字長者久保2-5","37.053662","140.306008"
"菅辻集落農事集会所","福島県白河市表郷金山字藤川原74-2","37.052203","140.293898"
"高木集会所","福島県白河市表郷高木字上宿3-2","37.054947","140.319819"
"三森公民館","福島県白河市表郷三森字月桜188","37.055589","140.336198"
"社田集会所","福島県白河市表郷社田字太夫屋敷85","37.070137","140.284548"
"小松集会所","福島県白河市表郷小松字日向215","37.080564","140.281166"
"深渡戸集会所","福島県白河市表郷深渡戸字川田8-1","37.064281","140.348468"
"中寺集会所","福島県白河市表郷中寺字屋敷32","37.068044","140.312782"
"岩崎公民館","福島県白河市表郷中野字下滝沢29","37.058996","140.236087"
"中野公民館","福島県白河市表郷中野字上ノ原7","37.061506","140.242401"
"才ノ内公民館","福島県白河市表郷中野字中才ノ内40-1","37.066703","140.255666"
"柳橋公民館","福島県白河市表郷中野字柳橋12-3","37.063914","140.244153"
"内松公民館","福島県白河市表郷内松字四斗蒔12","37.074671","140.240867"
"八幡集会所","福島県白河市表郷八幡字上後久保25","37.071422","140.301475"
"桜岡公民館","福島県白河市表郷八幡字中ノ割55-4","37.076105","140.317566"
"宮村集会所","福島県白河市表郷八幡字福崎63-3","37.07866","140.304594"
"上宿公民館","福島県白河市表郷番沢字綾釣50","37.063949","140.276726"
"下宿集会所","福島県白河市表郷番沢字綾釣99-1","37.064851","140.279884"
"上羽郷公民館","福島県白河市表郷番沢字原8-6","37.064369","140.268366"
"表郷公民館","福島県白河市表郷番沢字桜下23","37.061056","140.2928"
"上願ふれあいセンター","福島県白河市表郷番沢字桜下26-3","37.061317","140.292046"
"おもてごう保育園","福島県白河市表郷番沢字成金142","37.064453","140.276356"
"白鳥団地集会所","福島県白河市表郷番沢字大窪10-76","37.074325","140.269663"
"表郷中学校体育館","福島県白河市表郷番沢字柳沼60","37.060636","140.293808"
"表郷老人福祉センター","福島県白河市表郷番沢字和田46-1","37.059026","140.278609"
"表郷体育館","福島県白河市表郷番沢字和田46-9","37.058317","140.278786"
"表郷多目的研修センター","福島県白河市表郷番沢字和田49-1","37.057779","140.278742"
"堀之内構造改善センター","福島県白河市表郷堀之内字舟戸59","37.064988","140.324092"
"表郷デイサービスセンター","福島県白河市表郷堀之内字堀之内1-5","37.069014","140.320722"
"梁森集会所","福島県白河市表郷梁森字瀬戸原90","37.055156","140.311785"
"大谷地集会所","福島県白河市豊地桜地60-2","37.150098","140.216521"
"北真舟集会所","福島県白河市北真舟14","37.131829","140.194754"
"中央体育館","福島県白河市北中川原30","37.123386","140.229327"
"中央老人福祉センター・中央デイサービスセンター","福島県白河市北中川原313","37.124463","140.227146"
"中央保健センター","福島県白河市北中川原313","37.124257","140.227967"
"わかば保育園","福島県白河市北中川原8-1","37.123843","140.226212"
"第一区集会所","福島県白河市北登り町12-3","37.125838","140.198982"
"本沼集会所","福島県白河市本沼38-1","37.130497","140.272764"
"本町集会所","福島県白河市本町67-4","37.126807","140.216759"
"第三市民体育館","福島県白河市明戸102-1","37.127704","140.220911"
"横町集会所","福島県白河市明戸102-8","37.127817","140.220661"
"白河中央中学校体育館","福島県白河市明戸72-5","37.128261","140.221447"
"葉ノ木平震災復興記念公園","福島県白河市葉ノ木平110","37.138046","140.218474"
"第二市民体育館","福島県白河市立石山3","37.127195","140.196672"
"白河第二中学校体育館","福島県白河市和尚壇2-1","37.128483","140.188296"
"伊香農村公園","福島県塙町大字伊香字下町2-2","36.929293","140.408506"
"常豊地区運動場","福島県塙町大字常世北野字八幡106-1","36.967421","140.43365"
"植田ふれあい広場","福島県塙町大字植田字坂ノ下１１－５外","36.906026","140.406301"
"植田農村公園","福島県塙町大字植田字又六103-1","36.903978","140.410855"
"真名畑農村公園","福島県塙町大字真名畑字宮田50","36.903837","140.383335"
"西河内農村公園","福島県塙町大字西河内字観音前1-1","36.977919","140.426611"
"笹原小学校グラウンド","福島県塙町大字川上字馬場77","36.939736","140.444919"
"塙小学校グラウンド","福島県塙町大字台宿字下川原5","36.954407","140.407632"
"台宿農村公園","福島県塙町大字台宿字南原78-119","36.951105","140.402489"
"塙中学校グラウンド","福島県塙町大字竹之内字草田3","36.957493","140.427214"
"田代農村公園","福島県塙町大字田代字急度内67","36.946045","140.483905"
"東河内地区林業者保健休養広場","福島県塙町大字東河内字荒屋270","36.987464","140.436039"
"東河内農村公園","福島県塙町大字東河内字矢倉5","36.987784","140.435819"
"栄町児童公園","福島県塙町大字塙字栄町14-4","36.956792","140.413167"
"塙町営野球場","福島県塙町大字塙字桜木町80","36.952411","140.420363"
"塙町公民館片貝分館運動場","福島県塙町大字片貝字五升蒔126","36.88961","140.498126"
"湯岐木野反農村公園","福島県塙町大字木野反字才我地20-1","36.905109","140.459836"
"更科農村公園","福島県磐梯町大字更科字堰下4638-101","37.565319","140.012687"
"布藤農村公園","福島県磐梯町大字更科字樋下2121-2","37.547249","140.024912"
"磐梯第二小学校","福島県磐梯町大字大谷字屋敷前33","37.574256","139.959778"
"磐梯ふるさとの森公園","福島県磐梯町大字大谷字日知坂6564","37.559221","139.974344"
"大寺農村公園","福島県磐梯町大字磐梯字口明石522-1","37.560512","139.994325"
"磐梯町多目的広場","福島県磐梯町大字磐梯字仁渡926","37.561866","139.992381"
"磐梯町民運動場","福島県磐梯町大字磐梯字仁渡977","37.562542","139.99107"
"磐梯第一小学校校庭","福島県磐梯町大字磐梯字水口2528","37.559863","139.986462"
"妙法原農村公園","福島県磐梯町大字磐梯字東妙法59","37.568183","140.001605"
"総合スポーツセンター（武道館）","福島県富岡町小浜481","37.348512","141.018075"
"総合スポーツセンター（総合体育館）","福島県富岡町小浜481","37.347779","141.017667"
"下郡山集会所","福島県富岡町大字下郡山字真壁327-1","37.325093","141.014374"
"西原集会所","福島県富岡町大字小浜字大膳町152","37.332791","141.013057"
"富岡第一中学校（体育館）","福島県富岡町大字小浜字中央237-1","37.338427","141.018151"
"富岡第一中学校（体育館除く）","福島県富岡町大字小浜字中央237-1","37.338547","141.017295"
"上郡山多目的集会所","福島県富岡町大字上郡山字上郡17","37.326552","140.991687"
"清水集会所","福島県富岡町大字上郡山字清水51","37.331845","141.002977"
"太田集会所","福島県富岡町大字上郡山字太田238","37.317632","141.007365"
"下千里集会所","福島県富岡町大字上手岡字下千里349-2","37.358068","140.986808"
"上手岡多目的集会所","福島県富岡町大字上手岡字下千里64","37.366623","140.971086"
"杉内集会所","福島県富岡町大字上手岡字茂手木168-1","37.371917","140.958209"
"大菅集会所","福島県富岡町大字大菅字蛇谷須204-4","37.372506","140.98702"
"王塚集会所","福島県富岡町大字本岡字王塚373-1","37.350685","141.000447"
"文化交流センター「学びの森」","福島県富岡町大字本岡字王塚622-1","37.347086","141.009306"
"高津戸多目的集会所","福島県富岡町大字本岡字清水前107","37.368032","140.989699"
"赤木多目的集会所","福島県富岡町大字本岡字赤木275-1","37.338013","140.962976"
"本町集会所","福島県富岡町大字本岡字本町14","37.341235","141.004424"
"総合福祉センター","福島県富岡町中央1-8-1","37.338286","141.007939"
"上名倉第２公園","福島県福島市さくら1-1-2","37.730091","140.394779"
"ＪＲ福島駅","福島県福島市栄町1-1","37.754215","140.460677"
"福島明成高等学校","福島県福島市永井川字北原田1","37.721657","140.450978"
"宮畑遺跡史跡公園","福島県福島市岡島字宮畑19","37.789546","140.515007"
"福島第２公園","福島県福島市岡島字堂門山１－６外","37.792469","140.521454"
"もちずり学習センター","福島県福島市岡部字高畑46","37.772745","140.500071"
"ヘルシーランド福島","福島県福島市岡部字上河原26","37.765065","140.492067"
"新山霊園","福島県福島市岡部字新山3","37.76506","140.496547"
"福島体育館・武道場","福島県福島市霞町4-45","37.764854","140.469317"
"北信中学校","福島県福島市鎌田字御仮家20","37.798063","140.480638"
"月輪小学校　屋外運動場","福島県福島市鎌田字早津小屋12","37.791238","140.508607"
"北信学習センター","福島県福島市鎌田字中江1","37.796448","140.478969"
"鎌田小学校","福島県福島市丸子字石名田6","37.787578","140.483742"
"福島商業高等学校","福島県福島市丸子字辰ノ尾1","37.78375","140.47632"
"吉井田小学校","福島県福島市吉倉字桜内48","37.745192","140.434035"
"橘高等学校","福島県福島市宮下町7-41","37.762833","140.467607"
"福島学院大学","福島県福島市宮代字乳児池1-1","37.799967","140.486808"
"余目小学校　屋外運動場","福島県福島市宮代字瘤石45","37.806052","140.473289"
"信夫ヶ丘競技場","福島県福島市古川14-1","37.775283","140.491459"
"福島第三中学校","福島県福島市古川44-2","37.776337","140.49232"
"清水学習センター","福島県福島市御山字松川原5-1","37.780756","140.457079"
"松川運動公園","福島県福島市御山字松川原５－１地先外","37.781705","140.458328"
"御山小学校","福島県福島市御山字長滝1-1","37.779186","140.458996"
"学校法人松韻学園福島高等学校","福島県福島市御山町9-1","37.764976","140.467362"
"福島県立医科大学　体育館駐車場","福島県福島市光が丘1","37.690578","140.468969"
"福島県消防学校","福島県福島市荒井字仲沢7","37.710735","140.371629"
"荒井小学校","福島県福島市荒井北3-7-4","37.72416","140.388307"
"杉妻学習センター","福島県福島市黒岩字田部屋53-2","37.728589","140.464657"
"福島県青少年会館　駐車場","福島県福島市黒岩字田部屋53-5","37.728274","140.464807"
"あづま総合運動公園　体育館前屋外広場","福島県福島市佐原字神事場１外","37.724379","140.36543"
"佐原小学校","福島県福島市佐原字田中前24","37.723193","140.355815"
"福島キャノン工場グラウンド","福島県福島市佐倉下字棚子12-1","37.74454","140.405989"
"庭塚小学校","福島県福島市在庭坂字薬師田19","37.757178","140.375656"
"福島第二中学校","福島県福島市桜木町5-20","37.761457","140.478674"
"信陵学習センター","福島県福島市笹谷字才ノ神1","37.793824","140.43116"
"笹谷小学校　屋外運動場","福島県福島市笹谷字上町18","37.79531","140.424097"
"信陵中学校","福島県福島市笹谷字島原2","37.788914","140.432898"
"野田中学校","福島県福島市笹木野字市街道28-1","37.760692","140.422713"
"吾妻学習センター","福島県福島市笹木野字折杉41-1","37.759955","140.419487"
"野田小学校","福島県福島市笹木野字町尻2","37.77102","140.423239"
"陽光会大萱荘グラウンド","福島県福島市笹木野字払川添23-1","37.783233","140.40993"
"三河台小学校　屋外運動場","福島県福島市三河南町17-7","37.757287","140.454028"
"ふくしま支援学校　屋外運動場","福島県福島市山居146-1","37.779887","140.480376"
"福島東稜高等学校","福島県福島市山居上3","37.769915","140.474575"
"岡山小学校　屋外運動場","福島県福島市山口字上中田43","37.771987","140.510363"
"福島市パークゴルフ場","福島県福島市山田字細谷1","37.720265","140.429988"
"福島県文化センター駐車場","福島県福島市春日町5-54","37.767869","140.473638"
"平田小学校","福島県福島市小田字本内26","37.71044","140.431588"
"松陵中学校　屋外運動場","福島県福島市松川町字上桜内3-4","37.656083","140.46153"
"松川学習センター","福島県福島市松川町字杉内33","37.658304","140.467703"
"松川小学校","福島県福島市松川町字南諏訪原31-1","37.65578","140.46413"
"下川崎小学校　屋外運動場","福島県福島市松川町沼袋字戸ノ内832-3","37.644192","140.500326"
"旧水原小学校","福島県福島市松川町水原字戸ノ内31","37.66539","140.421249"
"南体育館","福島県福島市松川町浅川字笠松11-2","37.67747","140.465493"
"福島大学","福島県福島市松川町浅川字直道2","37.684139","140.455302"
"金谷川小学校","福島県福島市松川町浅川字菪陳場21","37.682896","140.465704"
"美郷第４公園","福島県福島市松川町美郷4-12-1","37.666187","140.472964"
"福島第三小学校　屋外運動場","福島県福島市松浪町3-46","37.766452","140.478525"
"鳥川小学校　屋外運動場","福島県福島市上鳥渡字茶中40","37.734565","140.416452"
"福島成蹊高等学校","福島県福島市上浜町5-10","37.756206","140.477999"
"西学習センター","福島県福島市上名倉字妻下4-2","37.725136","140.38361"
"佐倉小学校","福島県福島市上名倉字大光内1","37.732567","140.39051"
"西信中学校　屋外運動場","福島県福島市上名倉字道上6","37.727181","140.386037"
"吾妻学習センター分館","福島県福島市上野寺字下平場35-1","37.758717","140.396141"
"新浜公園","福島県福島市新浜町1","37.758055","140.468418"
"福島大学附属小学校","福島県福島市新浜町4-6","37.760813","140.469957"
"福島工業高等学校","福島県福島市森合字小松原1","37.769317","140.451514"
"森合運動公園","福島県福島市森合字上柳内１－１外","37.764324","140.448383"
"県立美術館・図書館前広場","福島県福島市森合字西養山1","37.767548","140.456831"
"森合小学校　屋外運動場","福島県福島市森合字中谷地2-3","37.767459","140.449766"
"福島高等学校","福島県福島市森合町5-72","37.764598","140.462291"
"福島ふれあいパーク","福島県福島市森合町9","37.762536","140.463838"
"吉井田学習センター","福島県福島市仁井田字西下川原1-1","37.753767","140.436729"
"国体記念体育館","福島県福島市仁井田字西下川原41-1","37.75249","140.43631"
"岳陽中学校","福島県福島市須川町1-33","37.75052","140.454981"
"福島第一小学校　屋外運動場","福島県福島市杉妻町1-24","37.751405","140.466829"
"瀬上小学校　屋外運動場","福島県福島市瀬上町字一ノ坪28","37.804354","140.490002"
"福島県教育センター　駐車場","福島県福島市瀬上町字五月田16","37.801999","140.487082"
"清明小学校　屋外運動場","福島県福島市清明町9-31","37.746195","140.462014"
"大笹生小学校　屋外運動場","福島県福島市大笹生字緑田1","37.79871","140.402837"
"十六沼公園体育館","福島県福島市大笹生字俎板山341","37.815484","140.416005"
"大森小学校","福島県福島市大森字南中道4","37.726617","140.442145"
"信夫中学校","福島県福島市大森字南内町31-1","37.722638","140.436674"
"信夫学習センター","福島県福島市大森字馬場1","37.725934","140.436353"
"旧大波小上染屋分校　屋外運動場","福島県福島市大波字久保58","37.732948","140.534194"
"大波多目的集会所","福島県福島市大波字滝ノ入43-1","37.757411","140.553966"
"庭坂小学校","福島県福島市町庭坂字愛宕堂1-1","37.772319","140.380227"
"吾妻中学校　屋外運動場","福島県福島市町庭坂字原田8","37.764604","140.378662"
"あったか湯","福島県福島市町庭坂字高湯25","37.752366","140.304913"
"福島第四小学校　屋外運動場","福島県福島市天神町11-31","37.759618","140.463479"
"清沢運動場","福島県福島市田沢字沼ノ上1","37.704454","140.480275"
"渡利学習センター","福島県福島市渡利字岩崎町190","37.749662","140.485641"
"福島南高等学校","福島県福島市渡利字七社宮17","37.747471","140.476046"
"渡利小学校","福島県福島市渡利字八幡町120","37.749964","140.478774"
"渡利中学校　屋外運動場","福島県福島市渡利字平内町106","37.744713","140.478299"
"弁天山公園","福島県福島市渡利字弁天山４３－１外","37.742401","140.474617"
"水保小学校","福島県福島市土船字原野町19-1","37.74871","140.385518"
"中之湯","福島県福島市土湯温泉町字下ノ町5","37.682816","140.325073"
"旧サンスカイつちゆ跡地","福島県福島市土湯温泉町字赤坂7-6","37.68254","140.332062"
"南向台小学校","福島県福島市南向台2-36-1","37.72578","140.48199"
"清水中学校","福島県福島市南沢又字清水端23","37.771876","140.436006"
"フィジカルムーブメント専門学校","福島県福島市南沢又字明神北4-1","37.777657","140.429739"
"清水小学校　屋外運動場","福島県福島市南沢又字柳清水20","37.779379","140.443012"
"清水学習センター分館","福島県福島市南沢又字柳清水8-1","37.778983","140.442389"
"野田中央公園","福島県福島市南中央2-18","37.760923","140.437423"
"福島第一中学校","福島県福島市南町480","37.740806","140.46401"
"福島第四中学校","福島県福島市南平5-8","37.765899","140.463032"
"矢野目小学校　屋外運動場","福島県福島市南矢野目字関端2-1","37.790609","140.464898"
"ふくしま北中央公園","福島県福島市南矢野目字清水前33","37.790547","140.44901"
"福島市音楽堂・勤労青少年ホーム","福島県福島市入江町1-1","37.769388","140.478926"
"ＪＡふくしま未来　未来館よしいだ","福島県福島市八木田字神明150","37.747896","140.441371"
"福島大学附属特別支援学校","福島県福島市八木田字並柳71","37.747294","140.447868"
"大鳥中学校","福島県福島市飯坂町字舘11","37.830961","140.444901"
"飯坂学習センター","福島県福島市飯坂町字銀杏6-11","37.827526","140.447168"
"福島北高等学校","福島県福島市飯坂町字後畑1","37.815802","140.450625"
"飯坂小学校　屋外運動場","福島県福島市飯坂町字桜下1","37.833189","140.447116"
"中野小学校　屋外運動場","福島県福島市飯坂町中野字東森23","37.826751","140.431884"
"東湯野小学校","福島県福島市飯坂町東湯野字尻明1","37.822503","140.479606"
"西根中学校","福島県福島市飯坂町湯野字太平2","37.832361","140.466554"
"湯野小学校　屋外運動場","福島県福島市飯坂町湯野字台7","37.830643","140.45861"
"湯野地区運動場","福島県福島市飯坂町湯野字暮坪山3-4","37.83836","140.459833"
"平野中学校　屋外運動場","福島県福島市飯坂町平野字舘ノ前3-3","37.803122","140.438369"
"平野小学校","福島県福島市飯坂町平野字石堂10","37.810021","140.442402"
"福島県農業総合センター果樹研究所　駐車場","福島県福島市飯坂町平野字檀ノ東1","37.814176","140.445188"
"茂庭多目的集会所","福島県福島市飯坂町茂庭字宮沢口9-1","37.918281","140.425549"
"飯野学習センター","福島県福島市飯野町字後川10-2","37.657244","140.537675"
"飯野地域福祉センター","福島県福島市飯野町字西宮平25-1","37.652741","140.539256"
"飯野中学校","福島県福島市飯野町字西志保井1-1","37.65825","140.532086"
"飯野学習センター青木分館","福島県福島市飯野町青木字向広表50","37.671726","140.529506"
"飯野学習センター大久保分館","福島県福島市飯野町大久保字岩見内17","37.6637","140.548324"
"飯野小学校","福島県福島市飯野町明治字遠久内2","37.656407","140.529749"
"飯野地区体育館","福島県福島市飯野町明治字芳作62-1","37.661466","140.512793"
"飯野学習センター明治分館　屋外運動場","福島県福島市飯野町明治字北小戸明利30","37.658493","140.52217"
"福島東高等学校","福島県福島市浜田町12-21","37.757404","140.47782"
"福島大学附属中学校","福島県福島市浜田町12-26","37.758782","140.478283"
"福島第二小学校　屋外運動場","福島県福島市浜田町2-1","37.758834","140.473416"
"杉妻小学校","福島県福島市伏拝字沢口18","37.723515","140.463853"
"平石小学校","福島県福島市平石字長屋敷1-1","37.700379","140.446824"
"福島西高等学校","福島県福島市方木田字上原37","37.747832","140.451474"
"蓬莱学習センター分館","福島県福島市蓬莱町4-1-1","37.698","140.47239"
"蓬莱学習センター","福島県福島市蓬莱町4-1-2","37.698339","140.472863"
"蓬莱中央公園","福島県福島市蓬莱町4-14","37.698006","140.474798"
"蓬莱小学校　屋外運動場","福島県福島市蓬莱町4-2-1","37.699318","140.472518"
"蓬莱中学校　屋外運動場","福島県福島市蓬莱町5-14-1","37.695018","140.479455"
"蓬莱東小学校","福島県福島市蓬莱町7-1-1","37.692599","140.483169"
"北沢又小学校　屋外運動場","福島県福島市北沢又字愛宕1","37.785559","140.432123"
"学校法人松韻学園福島高等学校グラウンド","福島県福島市北沢又字樋越25","37.78366","140.446613"
"公設地方卸売市場　駐車場","福島県福島市北矢野目字樋越1","37.791751","140.476986"
"街なか広場","福島県福島市本町1","37.753918","140.464374"
"三河台学習センター","福島県福島市野田町7-1-42","37.758425","140.444442"
"桜の聖母学院高等学校","福島県福島市野田町7-11-1","37.760809","140.443732"
"ふたつやま公園","福島県福島市野田町字清水尻５－１外","37.765193","140.446044"
"社会教育館　立子山自然の家","福島県福島市立子山字金井作1","37.699589","140.505704"
"福島市職業技能訓練センター","福島県福島市立子山字大稲場20","37.680297","140.517669"
"立子山小学校","福島県福島市立子山字仲森38-1","37.682763","140.516904"
"平田村総合運動場多目的グラウンド","福島県平田村大字永田字切田113-2","37.222892","140.576387"
"平田村総合運動場野球場","福島県平田村大字永田字切田40-2","37.222593","140.574134"
"ひらた清風中学校グラウンド","福島県平田村大字永田字堂作145-1","37.213939","140.568882"
"旧乙空釜分校グラウンド","福島県平田村大字下蓬田字乙空釜16","37.226627","140.521104"
"打違内総合運動場","福島県平田村大字下蓬田字打違内1448","37.240162","140.526182"
"下蓬田集会所前庭","福島県平田村大字下蓬田字中屋敷9","37.232791","140.55249"
"駒形集会所前庭","福島県平田村大字駒形字小舘320-2","37.177843","140.581902"
"小松原集会所前庭","福島県平田村大字小松原字萩ノ作163-2","37.213616","140.566171"
"道の駅ひらた","福島県平田村大字上蓬田字横森後160","37.25058","140.560053"
"蓬田小学校グラウンド","福島県平田村大字上蓬田字上宿1","37.241607","140.571698"
"旧蓬田中学校グラウンド","福島県平田村大字上蓬田字切山1","37.236079","140.564289"
"中倉１集会所前庭","福島県平田村大字中倉字暮坪21-3","37.173765","140.539244"
"ジュピアランドひらた","福島県平田村大字蓬田新田字蓬田岳437","37.262425","140.545372"
"旧小平中学校グラウンド","福島県平田村大字北方字後川88","37.187033","140.560288"
"上北方行政区グラウンド","福島県平田村大字北方字高田75-1","37.184486","140.594288"
"小平小学校グラウンド","福島県平田村大字北方字蛇石59","37.18507","140.564749"
"下吉集会所","福島県北塩原村大字下吉字吉村1341","37.656897","139.919312"
"グループホームさくら","福島県北塩原村大字下吉字堂ノ下2","37.656353","139.918241"
"樟集会所","福島県北塩原村大字関屋字街道西1094-2","37.655389","139.951384"
"関屋集会所","福島県北塩原村大字関屋字大道西4","37.653406","139.944257"
"北塩原村生涯学習センター","福島県北塩原村大字大塩字下六郎屋敷2134","37.669051","139.973046"
"上川前集会所","福島県北塩原村大字大塩字宮ノ下409","37.675864","139.971049"
"ラビスパ裏磐梯","福島県北塩原村大字大塩字桜峠8664-5","37.658914","140.013339"
"北塩原村活性化センター","福島県北塩原村大字大塩字上六郎屋敷2160","37.668058","139.975548"
"下川前集会所","福島県北塩原村大字大塩字水上8213-1","37.672348","139.967951"
"大塩集会所","福島県北塩原村大字大塩字大塩4436","37.668368","139.985545"
"大久保集会所","福島県北塩原村大字大塩字大久保2943","37.660876","139.971592"
"北塩原村保健センター","福島県北塩原村大字大塩字堀田山8518-93","37.661924","140.015166"
"北塩原村デイサービスセンター","福島県北塩原村大字大塩字堀田山8518-93","37.661534","140.015568"
"剣ヶ峯集会所","福島県北塩原村大字桧原字剣ケ峯1093","37.66069","140.082263"
"裏磐梯小学校","福島県北塩原村大字桧原字剣ケ峯1093-732","37.658309","140.083632"
"裏磐梯幼稚園","福島県北塩原村大字桧原字剣ケ峯1093-732","37.659008","140.0843"
"裏磐梯中学校","福島県北塩原村大字桧原字剣ケ峯1093-732","37.659265","140.083525"
"北塩原村自然環境活用センター","福島県北塩原村大字桧原字剣ヶ峯1093-732","37.658359","140.084742"
"蛇平集会所","福島県北塩原村大字桧原字蛇平1074-527","37.658656","140.092497"
"小野川集会所","福島県北塩原村大字桧原字小野川1082-12","37.680018","140.114953"
"桧原湖セミナーハウス","福島県北塩原村大字桧原字水梨原1137-3","37.719293","140.032121"
"曽原狐鷹森生活改善センター","福島県北塩原村大字桧原字曽原山1096-168","37.684743","140.075239"
"北塩原村生活改善センター","福島県北塩原村大字桧原字早稲沢527-8","37.726887","140.063078"
"桧原多目的集会所","福島県北塩原村大字桧原字巣ノ山1131-54","37.716515","140.037056"
"秋元集会所","福島県北塩原村大字桧原字大府平1073-291","37.652701","140.106502"
"裏磐梯物産館","福島県北塩原村大字桧原字湯平山1171-9","37.651188","140.064891"
"道の駅裏磐梯","福島県北塩原村大字桧原字南黄連沢山1157","37.665033","140.043902"
"早稲沢集会所","福島県北塩原村大字桧原字墓下610-60","37.725759","140.064549"
"生きがい学習施設（金山集会所）","福島県北塩原村大字桧原字無縁原1031-89","37.730235","140.049472"
"長峯交流センター（長峯集会所）","福島県北塩原村大字桧原字雄子沢原1070-29","37.662988","140.041144"
"北塩原村コミュニティセンター","福島県北塩原村大字北山字姥ヶ作3151","37.655669","139.937624"
"谷地集会所","福島県北塩原村大字北山字橋本206","37.651085","139.918473"
"松陽台集会所","福島県北塩原村大字北山字松陽台11-20","37.657411","139.937972"
"第一中学校","福島県北塩原村大字北山字上ノ台2850","37.656405","139.939197"
"北塩原村構造改善センター","福島県北塩原村大字北山字村ノ内4147","37.654855","139.926821"
"北塩原村民体育館","福島県北塩原村大字北山字村東150","37.654342","139.933056"
"グループホームラポール","福島県北塩原村大字北山字地蔵堂2906-1","37.655111","139.935677"
"さくら小学校","福島県北塩原村大字北山字北畑4275","37.657104","139.925881"
"さくら幼稚園","福島県北塩原村大字北山字北畑4293","37.657594","139.92579"
"白沢公民館稲沢分館","福島県本宮市稲沢字見切田53","37.506589","140.491843"
"稲沢体育館","福島県本宮市稲沢字見切田55","37.506188","140.491512"
"稲沢運動場","福島県本宮市稲沢字五百田43","37.507299","140.492153"
"稲沢ふれあい広場","福島県本宮市稲沢字高野96","37.498172","140.494105"
"屋内運動場（まゆみアリーナ）","福島県本宮市関下字東原5-1","37.480954","140.365238"
"神座運動広場","福島県本宮市関下字東原5-1","37.481388","140.364583"
"みずきが丘第一公園","福島県本宮市岩根字みずきが丘1-557","37.490829","140.357479"
"みずきが丘第二公園","福島県本宮市岩根字みずきが丘1-585","37.486054","140.358324"
"岩根小学校体育館","福島県本宮市岩根字下年神12","37.482239","140.350746"
"岩根小学校校庭","福島県本宮市岩根字下年神12","37.481677","140.349673"
"高齢者ふれあいプラザ（岩根）","福島県本宮市岩根字下年神137-1","37.481208","140.350461"
"岩根農耕センター","福島県本宮市岩根字上土渕6","37.480302","140.349208"
"糠沢小学校体育館","福島県本宮市糠沢字原23","37.494087","140.428677"
"糠沢小学校校庭","福島県本宮市糠沢字原23","37.494002","140.429145"
"白沢公民館糠沢分館","福島県本宮市糠沢字原241","37.495407","140.429657"
"白沢保育所","福島県本宮市糠沢字五味内211","37.506639","140.448547"
"春公園","福島県本宮市糠沢字光が丘1-49","37.491427","140.433119"
"けやき公園","福島県本宮市糠沢字光が丘3-70","37.491927","140.436619"
"秋公園","福島県本宮市糠沢字光が丘3-71","37.489492","140.435224"
"夏公園","福島県本宮市糠沢字光が丘3-74","37.487953","140.433272"
"高松ふれあい広場","福島県本宮市糠沢字高松86","37.491741","140.41476"
"スマイルキッズパーク（プリンス・ウィリアムズ・パーク）","福島県本宮市糠沢字石神50","37.509163","140.443908"
"しらさわグリーンパーク","福島県本宮市糠沢字石神61","37.508659","140.441681"
"恵向公園","福島県本宮市荒井字恵向121-6","37.47817","140.372628"
"五百川幼保総合施設園庭","福島県本宮市荒井字山神23-1","37.495782","140.388169"
"五百川幼保総合施設（おひさま幼保園）","福島県本宮市荒井字山神23-1","37.496075","140.388048"
"五百川小学校体育館","福島県本宮市荒井字西畑1-1","37.495736","140.39276"
"五百川小学校校庭","福島県本宮市荒井字西畑1-1","37.49507","140.393758"
"本宮第二中学校柔剣道場","福島県本宮市荒井字団子森28","37.484686","140.365819"
"本宮第二中学校校庭","福島県本宮市荒井字団子森28","37.484116","140.366684"
"本宮第二中学校体育館","福島県本宮市荒井字団子森28","37.484621","140.366285"
"荒井運動場","福島県本宮市荒井字茶園5","37.486637","140.38338"
"荒井地区公民館","福島県本宮市荒井字茶園5","37.486342","140.38247"
"高齢者ふれあいプラザ（荒井）","福島県本宮市荒井字南ノ内65","37.48589","140.382376"
"沢田緑道","福島県本宮市荒井字北ノ内60-8","37.490008","140.384189"
"河川防災ステーション","福島県本宮市高木","37.513406","140.405652"
"井戸上公園","福島県本宮市高木字井戸上43-10","37.515617","140.419627"
"明石戸公園","福島県本宮市高木字井戸上43-5","37.518946","140.422674"
"本宮高等学校","福島県本宮市高木字井戸上45","37.514797","140.417953"
"総合体育館","福島県本宮市高木字黒作1","37.505543","140.413885"
"本宮運動公園","福島県本宮市高木字黒作1","37.507081","140.413978"
"高木地区公民館","福島県本宮市高木字舟場8-1","37.514258","140.407163"
"高木地区公民館駐車場","福島県本宮市高木字舟場8-1","37.51399","140.406875"
"たかぎ保育所","福島県本宮市高木字大学80-1","37.51133","140.41004"
"松沢運動場","福島県本宮市松沢字宮前35-1","37.486176","140.483459"
"白沢公民館松沢分館","福島県本宮市松沢字池平36","37.486206","140.48427"
"松沢児童遊び場","福島県本宮市松沢字池平38","37.486104","140.484654"
"仁井田運動場","福島県本宮市仁井田字寺下15","37.490816","140.402304"
"仁井田地区公民館","福島県本宮市仁井田字寺下15","37.491348","140.401743"
"青田農耕センター","福島県本宮市青田字来ノ池55","37.499287","140.379361"
"青田運動場","福島県本宮市青田字来ノ池55","37.498993","140.379761"
"長屋ふれあい広場","福島県本宮市長屋字舘7-36","37.530564","140.476482"
"長屋みややま運動場","福島県本宮市長屋字宮山21-5","37.52072","140.474485"
"白沢公民館長屋分館","福島県本宮市長屋字小山34","37.51987","140.476311"
"長屋体育館","福島県本宮市長屋字小山34-1","37.520075","140.475793"
"白沢公民館白岩分館","福島県本宮市白岩字関根73-3","37.499021","140.464682"
"岳山ふれあい広場","福島県本宮市白岩字大岩入124","37.492238","140.47755"
"岳山ふれあい実習館","福島県本宮市白岩字大岩入181","37.492334","140.477315"
"白沢体育館","福島県本宮市白岩字堤崎318-1","37.507617","140.455434"
"白沢運動場","福島県本宮市白岩字堤崎494-44","37.508955","140.453652"
"ふれあい夢広場","福島県本宮市白岩字堤崎494-44","37.507564","140.453013"
"白沢公民館","福島県本宮市白岩字堤崎500","37.508125","140.452593"
"白岩小学校校庭","福島県本宮市白岩字馬場193-1","37.502902","140.474922"
"白岩小学校体育館","福島県本宮市白岩字馬場193-1","37.502435","140.473421"
"白沢中学校体育館","福島県本宮市白岩字柳内835","37.505082","140.449844"
"白沢中学校校庭","福島県本宮市白岩字柳内835","37.504355","140.448816"
"本宮第２児童館","福島県本宮市本宮字花町33-1","37.509249","140.398059"
"花山公園","福島県本宮市本宮字舘ノ越234-3","37.52155","140.403634"
"本宮小学校校庭","福島県本宮市本宮字舘ノ越48","37.521044","140.402599"
"本宮小学校体育館","福島県本宮市本宮字舘ノ越48","37.52001","140.403907"
"本宮市地域交流センター（モコステーション）","福島県本宮市本宮字九縄19-1","37.513983","140.40018"
"兼谷公園","福島県本宮市本宮字兼谷169-6","37.504951","140.399107"
"本宮第一中学校柔剣道場","福島県本宮市本宮字懸鉄15","37.516832","140.391736"
"本宮第一中学校校庭","福島県本宮市本宮字懸鉄15","37.516958","140.392597"
"本宮第一中学校体育館","福島県本宮市本宮字懸鉄15","37.518215","140.390867"
"本宮市民元気いきいき応援プラザ（えぽか）","福島県本宮市本宮字千代田60-1","37.516748","140.395983"
"東町裏公園","福島県本宮市本宮字東町裏96","37.521025","140.408276"
"みずいろ公園","福島県本宮市本宮字馬場27-10","37.518511","140.400261"
"まゆみ保育所","福島県本宮市本宮字反町12-1","37.516114","140.392149"
"本宮まゆみ小学校校庭","福島県本宮市本宮字舞台1","37.514818","140.389759"
"本宮まゆみ小学校体育館","福島県本宮市本宮字舞台1","37.515776","140.388018"
"弁天公園","福島県本宮市本宮字弁天1-1","37.52165","140.411957"
"名郷公園","福島県本宮市本宮字名郷12-4","37.525664","140.398359"
"中央公民館","福島県本宮市本宮字矢来39-1","37.51721","140.400592"
"サンライズもとみや","福島県本宮市本宮字矢来39-4","37.517042","140.40094"
"多世代交流施設あぶくま憩の家","福島県本宮市本宮字立石39-2","37.522764","140.411652"
"和田小学校体育館","福島県本宮市和田字学校前1","37.526987","140.444284"
"和田小学校校庭","福島県本宮市和田字学校前1","37.526665","140.443835"
"白沢公民館和田分館","福島県本宮市和田字久保171","37.524684","140.445036"
"多世代交流施設あだたら憩の家","福島県本宮市和田字石上127","37.507241","140.448345"
"和木沢運動場","福島県本宮市和田字大木内93-1","37.512217","140.435016"
"岩角農村公園","福島県本宮市和田字東屋口26-3","37.534991","140.45238"
"矢祭町営運動場","福島県矢祭町大字金沢字蕨平6","36.885533","140.424107"
"矢祭町山村開発センター","福島県矢祭町大字小田川字春田16-1","36.865654","140.424279"
"滝川渓谷駐車場","福島県矢祭町大字大垬字滝平72-1","36.816054","140.465011"
"小松公園","福島県矢吹町小松367-1","37.205356","140.331829"
"善郷小学校","福島県矢吹町小松384-2","37.206023","140.334173"
"新町公園","福島県矢吹町新町284","37.193172","140.316346"
"三神小学校","福島県矢吹町神田西130-2","37.200307","140.384456"
"三神公民館","福島県矢吹町神田西130-3","37.200851","140.384389"
"小池公園","福島県矢吹町善郷内230-4","37.209291","140.334386"
"大池公園","福島県矢吹町大池9","37.219262","140.334911"
"矢吹小学校","福島県矢吹町中町100","37.201631","140.323883"
"大林公園","福島県矢吹町中町３９－１外","37.203371","140.323867"
"中畑公民館","福島県矢吹町中畑127-1","37.175856","140.349918"
"中畑小学校","福島県矢吹町中畑329","37.168599","140.352481"
"矢吹中学校","福島県矢吹町文京町118","37.191793","140.342393"
"平鉢集会所","福島県矢吹町平鉢391","37.172196","140.366302"
"ひまわり公園","福島県矢吹町北町186-2","37.211443","140.325234"
"明新多目的集会所","福島県矢吹町明新中10-1","37.178826","140.406766"
"旧郷戸分校校庭","福島県柳津町大字郷戸字西原甲1508-1","37.506145","139.712915"
"西山小学校","福島県柳津町大字砂子原字居平316","37.445756","139.687101"
"地域住民交流センターゆきげ館","福島県柳津町大字砂子原字居平406","37.446404","139.688008"
"旧四ツ谷分校校庭","福島県柳津町大字四ツ谷字家廻1433","37.418347","139.728365"
"旧高森分校校庭","福島県柳津町大字四ツ谷字上居平199","37.396463","139.734852"
"旧藤保育所園庭","福島県柳津町大字藤字上松ケ崎2101-1","37.554433","139.744732"
"柳津町運動公園グラウンド","福島県柳津町大字柳津字金谷沢乙1795","37.523837","139.718634"
"柳津小学校","福島県柳津町大字柳津字上村道下乙1580","37.524962","139.721426"
"柳津小中学校校庭","福島県柳津町大字柳津字上村道下乙1580","37.524455","139.721857"
"会津柳津学園中学校","福島県柳津町大字柳津字上村道下乙1580","37.523919","139.72117"
"柳津保育所園庭","福島県柳津町大字柳津字薬師堂上乙1885","37.524853","139.720669"
"下津島屯所","福島県浪江町大字下津島字原78","37.560036","140.763153"
"つしま活性化センター","福島県浪江町大字下津島字松木山22-1","37.561015","140.763785"
"苅野防災コミュニティセンター","福島県浪江町大字苅宿字鹿畑16","37.506153","140.955384"
"なみえ運動公園","福島県浪江町大字権現堂字矢沢町16-1","37.49039","140.987668"
"町営高瀬野球場","福島県浪江町大字高瀬字丈六44","37.47834","140.995601"
"浪江町防災交流センター","福島県浪江町大字室原字八龍内22-1","37.50052","140.947473"
"大堀防災コミュニティセンター","福島県浪江町大字小野田字下原1","37.481765","140.958463"
"新大平山公園","福島県浪江町大字請戸字杉迫2-5","37.477849","141.015725"
"浪江防災コミュニティセンター","福島県浪江町大字川添字南大坂28","37.49186","140.979555"
"棚塩霊園","福島県浪江町大字棚塩字狐塚92-1","37.500423","141.025099"
"幾世橋防災コミュニティセンター","福島県浪江町大字北幾世橋字植畑11","37.497505","141.016684"
"東雲館","福島県檜枝岐村字下ノ原887-2","37.024492","139.389023"
"社会福祉センター","福島県檜枝岐村字下ノ台401-4","37.020723","139.386593"
"尾瀬の郷交流センター村民体育館","福島県檜枝岐村字見通1155-1","37.033855","139.397225"
"ミヅーリハイツ","福島県檜枝岐村字見通1848-1","37.031522","139.395935"
"燧の湯","福島県檜枝岐村字上ノ台208-1","37.016852","139.384082"