"施設名","所在地","緯度","経度"
"白川公民館","大阪府茨木市鮎川1-8-17","34.81649","135.593453"
"東小学校","大阪府茨木市鮎川2-5-23","34.820494","135.590472"
"安威小学校","大阪府茨木市安威2-21-23","34.849467","135.564115"
"市民総合センター（クリエイトセンター）","大阪府茨木市駅前4-6-16","34.818781","135.568374"
"養精中学校","大阪府茨木市駅前4-7-60","34.817849","135.568015"
"穂積小学校","大阪府茨木市下穂積2-6-62","34.810313","135.554944"
"太田小学校","大阪府茨木市花園1-21-26","34.846507","135.574136"
"太田中学校","大阪府茨木市花園1-6-10","34.843691","135.571895"
"東市民体育館","大阪府茨木市学園町4-18","34.818299","135.591181"
"東雲中学校","大阪府茨木市学園南町21-7","34.813274","135.590892"
"玉島小学校","大阪府茨木市玉島2-11-23","34.800335","135.588462"
"北摂つばさ高等学校","大阪府茨木市玉島台2-15","34.800495","135.584309"
"高齢者活動支援センターシニアプラザいばらき","大阪府茨木市桑田町24-21","34.810534","135.586215"
"郡小学校","大阪府茨木市郡5-26-23","34.83445","135.552132"
"西中学校","大阪府茨木市見付山2-5-4","34.82055","135.553553"
"男女共生センターローズＷＡＭ","大阪府茨木市元町4-7","34.817111","135.570685"
"彩都西中学校","大阪府茨木市彩都あさぎ4-6-7","34.849076","135.52854"
"彩都西小学校","大阪府茨木市彩都あさぎ5-8-1","34.851867","135.528124"
"三島小学校","大阪府茨木市三島町3-13","34.831183","135.577831"
"北陵中学校","大阪府茨木市山手台1-23-10","34.854795","135.560241"
"山手台小学校","大阪府茨木市山手台4-9-4","34.86382","135.553571"
"茨木西高等学校","大阪府茨木市紫明園10-68","34.812016","135.55035"
"耳原小学校","大阪府茨木市耳原2-20-55","34.838781","135.562081"
"南中学校","大阪府茨木市若園町6-41","34.801358","135.579435"
"大池コミュニティセンター","大阪府茨木市舟木町11-35","34.813841","135.578477"
"豊川小学校","大阪府茨木市宿久庄5-14-5","34.840011","135.527259"
"春日丘高等学校","大阪府茨木市春日2-1-2","34.81768","135.560585"
"茨木工科高等学校","大阪府茨木市春日5-6-41","34.825202","135.564258"
"市民体育館","大阪府茨木市小川町2-1","34.810602","135.569793"
"庄栄小学校","大阪府茨木市庄2-26-5","34.826569","135.581397"
"春日コミュニティセンター","大阪府茨木市上穂積2-13-30","34.825308","135.559846"
"春日小学校","大阪府茨木市上穂東町5-18","34.823424","135.561224"
"郡山小学校","大阪府茨木市新郡山2-30-18","34.830785","135.542982"
"茨木高等学校","大阪府茨木市新庄町12-1","34.813349","135.570993"
"中条小学校","大阪府茨木市新中条町7-12","34.810098","135.565624"
"葦原小学校","大阪府茨木市新和町13-50","34.795576","135.576382"
"玉櫛小学校","大阪府茨木市水尾3-1-51","34.804375","135.573016"
"水尾小学校","大阪府茨木市水尾4-7-16","34.805707","135.57882"
"三島中学校","大阪府茨木市西河原1-17-10","34.829607","135.576452"
"西河原多世代交流センター","大阪府茨木市西河原2-17-4","34.832637","135.576158"
"三島コミュニティセンター","大阪府茨木市西河原2-7-12","34.830695","135.575082"
"西河原小学校","大阪府茨木市西河原北町7-33","34.834599","135.571597"
"福井市民体育館","大阪府茨木市西福井3-30-45","34.845656","135.549317"
"総持寺いのち・愛・ゆめセンター","大阪府茨木市総持寺2-5-36","34.830101","135.585263"
"蔵垣内会館","大阪府茨木市蔵垣内3-11-23","34.792545","135.556087"
"太田公民館","大阪府茨木市太田3-6-18","34.842786","135.578472"
"見山公民館","大阪府茨木市大字下音羽163","34.901672","135.540203"
"清溪小学校","大阪府茨木市大字泉原857","34.884141","135.521618"
"忍頂寺小学校","大阪府茨木市大字忍頂寺31-2","34.895331","135.541485"
"大池小学校","大阪府茨木市大池1-5-8","34.812474","135.580031"
"天王中学校","大阪府茨木市沢良宜西3-8-5","34.795502","135.56227"
"玉櫛コミュニティセンター","大阪府茨木市沢良宜東町5-39","34.79889","135.573208"
"沢良宜いのち・愛・ゆめセンター","大阪府茨木市沢良宜浜3-12-19","34.794364","135.572696"
"中津小学校","大阪府茨木市中津町10-15","34.816428","135.583702"
"春日丘小学校","大阪府茨木市中穂積3-3-43","34.815628","135.553995"
"天王小学校","大阪府茨木市天王2-13-57","34.799946","135.562186"
"南市民体育館","大阪府茨木市島3-8-19","34.790429","135.573857"
"茨木公民館","大阪府茨木市東宮町1-19","34.822565","135.574587"
"東奈良小学校","大阪府茨木市東奈良2-5-36","34.805134","135.569013"
"福井多世代交流センター","大阪府茨木市東福井2-23-22","34.849001","135.55553"
"福井小学校","大阪府茨木市東福井2-4-20","34.845541","135.55295"
"豊川中学校","大阪府茨木市藤の里1-16-8","34.840108","135.545083"
"豊川コミュニティセンター","大阪府茨木市藤の里2-16-8","34.836738","135.537137"
"北中学校","大阪府茨木市南安威3-10-3","34.842869","135.559075"
"西陵中学校","大阪府茨木市南春日丘1-19-6","34.812417","135.543795"
"沢池小学校","大阪府茨木市南春日丘3-11-6","34.816139","135.538834"
"白川小学校","大阪府茨木市白川1-4-1","34.81643","135.598053"
"生涯学習センターきらめき","大阪府茨木市畑田町1-43","34.827908","135.565544"
"畑田小学校","大阪府茨木市畑田町3-31","34.827928","135.564242"
"平田中学校","大阪府茨木市平田1-8-20","34.805495","135.587391"
"玉島公民館","大阪府茨木市平田2-25-9","34.804457","135.590056"
"茨木小学校","大阪府茨木市片桐町8-40","34.820704","135.571398"
"豊川いのち・愛・ゆめセンター","大阪府茨木市豊川4-4-28","34.832024","135.533042"
"西小学校","大阪府茨木市北春日丘3-12-23","34.820806","135.535598"
"東中学校","大阪府茨木市末広町7-4","34.819661","135.579363"
"上印公園","大阪府羽曳野市はびきの4-298-2","34.55285","135.592238"
"埴生南小学校","大阪府羽曳野市はびきの6-6-1","34.552058","135.585104"
"中央スポーツ公園","大阪府羽曳野市伊賀5-6-37","34.561097","135.582134"
"はびきの埴生学園","大阪府羽曳野市伊賀5-8-1","34.55954","135.58339"
"伊賀公園","大阪府羽曳野市伊賀6-150","34.562252","135.582734"
"羽曳が丘北公園","大阪府羽曳野市羽曳が丘1-201-1","34.546146","135.593911"
"羽曳が丘１０丁目公園","大阪府羽曳野市羽曳が丘10-400-195","34.534847","135.589227"
"羽曳が丘東公園","大阪府羽曳野市羽曳が丘3-201-1","34.543632","135.59629"
"羽曳が丘中公園","大阪府羽曳野市羽曳が丘3-202","34.542132","135.594588"
"羽曳が丘小学校","大阪府羽曳野市羽曳が丘6-8-1","34.540455","135.592778"
"羽曳が丘南公園","大阪府羽曳野市羽曳が丘7-201","34.537718","135.595233"
"健康ふれあいの郷グラウンド・ゴルフ場","大阪府羽曳野市羽曳が丘9-35-1","34.533535","135.590792"
"羽曳が丘西南公園","大阪府羽曳野市羽曳が丘西1-2-4","34.537468","135.590838"
"羽曳が丘西北公園","大阪府羽曳野市羽曳が丘西2-6-1","34.543033","135.58893"
"羽曳が丘西中公園","大阪府羽曳野市羽曳が丘西3-4-5","34.540076","135.58826"
"羽曳が丘西西公園","大阪府羽曳野市羽曳が丘西4-3-14","34.54058","135.58514"
"羽曳が丘ネオポリス公園","大阪府羽曳野市羽曳が丘西5-5-28","34.543943","135.5827"
"学園前１丁目公園","大阪府羽曳野市学園前1-320-80","34.547389","135.588399"
"樫山緑地","大阪府羽曳野市樫山357","34.557933","135.576817"
"駒ヶ谷テニスコート","大阪府羽曳野市駒ケ谷1408-1","34.54894","135.627001"
"駒ケ谷古墳公園","大阪府羽曳野市駒ケ谷2-10","34.5535","135.625094"
"駒ケ谷小学校","大阪府羽曳野市駒ケ谷344-1","34.541984","135.626789"
"グレープヒルスポーツ公園","大阪府羽曳野市駒ケ谷850","34.546171","135.63292"
"府営石川河川公園駒ヶ谷地区","大阪府羽曳野市駒ヶ谷140","34.546127","135.619389"
"丹比小学校","大阪府羽曳野市郡戸206","34.551194","135.57485"
"郡戸公園","大阪府羽曳野市郡戸300-123","34.553748","135.578403"
"しなづせせらぎの道","大阪府羽曳野市恵我之荘1-269-1","34.572327","135.578944"
"高鷲小学校第２グラウンド（地域グラウンド）","大阪府羽曳野市恵我之荘2-70-1","34.575632","135.578071"
"羽曳野市立生活文化情報センター　ＬＩＣはびきの","大阪府羽曳野市軽里1-1-1","34.553768","135.597738"
"峰塚公園","大阪府羽曳野市軽里2-85-1","34.551879","135.596264"
"古市小学校","大阪府羽曳野市古市1-2-5","34.554095","135.610417"
"石川スポーツ公園","大阪府羽曳野市古市1956","34.551289","135.615235"
"古市南小学校","大阪府羽曳野市古市5-14-38","34.547678","135.611007"
"青少年児童センター","大阪府羽曳野市向野3-1-33","34.560733","135.579866"
"向野公園","大阪府羽曳野市向野3-265-1","34.560807","135.575429"
"西浦東小学校","大阪府羽曳野市広瀬75-3","34.531452","135.612853"
"高鷲南小学校","大阪府羽曳野市高鷲2-12-1","34.566469","135.585399"
"高鷲南中学校","大阪府羽曳野市高鷲2-2-1","34.568365","135.584219"
"府立環境農林水産総合研究所","大阪府羽曳野市尺度442","34.534991","135.598754"
"道の駅「しらとりの郷・羽曳野」","大阪府羽曳野市埴生野975-3","34.533041","135.587687"
"翠鳥園遺跡公園","大阪府羽曳野市翠鳥園362","34.554455","135.602571"
"西浦小学校","大阪府羽曳野市西浦1050","34.537129","135.603479"
"府立西浦支援学校","大阪府羽曳野市西浦2-1797","34.544517","135.605619"
"峰塚中学校","大阪府羽曳野市西浦6-48","34.549868","135.596953"
"府立懐風館高校","大阪府羽曳野市大黒776","34.539447","135.622426"
"高鷲小学校","大阪府羽曳野市島泉2-1-19","34.574128","135.577949"
"高鷲北小学校","大阪府羽曳野市島泉4-3-33","34.578613","135.578317"
"羽曳野市立陵南の森総合センター","大阪府羽曳野市島泉8-8-1","34.57551","135.58469"
"高鷲中学校","大阪府羽曳野市島泉9-15-4","34.573262","135.582596"
"桃山台１号公園","大阪府羽曳野市桃山台1-324-112","34.550626","135.586617"
"桃山台２号公園","大阪府羽曳野市桃山台3-130-48","34.550646","135.582933"
"河原城中学校","大阪府羽曳野市桃山台4-123","34.549652","135.580165"
"社会福祉法人大阪福祉事業財団児童養護施設高鷲学園","大阪府羽曳野市南恵我之荘2-6-20","34.570421","135.574754"
"東除公園","大阪府羽曳野市南恵我之荘3-14-1","34.5682","135.576498"
"羽曳野市立総合スポーツセンター　はびきのコロセアム","大阪府羽曳野市南恵我之荘4-237-4","34.563178","135.573354"
"新池さくら公園","大阪府羽曳野市南恵我之荘5-859","34.566206","135.571332"
"恵我之荘小学校","大阪府羽曳野市南恵我之荘7-8-35","34.572276","135.570606"
"白鳥小学校","大阪府羽曳野市白鳥3-8-17","34.555866","135.603626"
"野々上２丁目緑地","大阪府羽曳野市野々上2-646","34.560076","135.593288"
"埴生野公園","大阪府羽曳野市野々上5-462-9","34.562581","135.590659"
"羽曳野市民会館","大阪府羽曳野市誉田1-4-4","34.555349","135.610417"
"誉田八幡宮","大阪府羽曳野市誉田3-2-8","34.558835","135.610558"
"誉田中学校","大阪府羽曳野市誉田6-5-37","34.561555","135.61241"
"誉田中学校茶山グラウンド","大阪府羽曳野市誉田6-612","34.563618","135.612115"
"西中学校","大阪府河内長野市下里町257-3","34.436414","135.540618"
"天野小学校","大阪府河内長野市下里町365","34.437685","135.53875"
"加賀田小学校","大阪府河内長野市加賀田568-1","34.424547","135.563829"
"加賀田公民館","大阪府河内長野市加賀田617-4","34.423132","135.564154"
"天見公民館","大阪府河内長野市岩瀬1244","34.41243","135.59198"
"奥河内くろまろの郷","大阪府河内長野市高向1218-1","34.436281","135.551286"
"高向公民館","大阪府河内長野市高向515-3","34.438441","135.551051"
"高向小学校","大阪府河内長野市高向86","34.434047","135.545795"
"三日市市民ホール","大阪府河内長野市三日市町32-1","34.436817","135.570165"
"千代田中学校","大阪府河内長野市市町1367-1","34.467841","135.570813"
"川上公民館","大阪府河内長野市寺元501","34.435468","135.598469"
"汐の宮こども園","大阪府河内長野市汐の宮町8-39","34.469016","135.579782"
"汐の宮公園","大阪府河内長野市汐の宮町内","34.46733","135.581448"
"あやたホール","大阪府河内長野市小山田町1824-4","34.446174","135.547344"
"小山田小学校","大阪府河内長野市小山田町590-1","34.457012","135.556669"
"寺ケ池公園","大阪府河内長野市小山田町674-5","34.458513","135.558311"
"キックス","大阪府河内長野市昭栄町7-1","34.454473","135.560455"
"野作第１公園","大阪府河内長野市昭栄町地内","34.453194","135.559084"
"松ケ丘公園","大阪府河内長野市松ケ丘西町内","34.473173","135.558708"
"ゆうゆうスペース","大阪府河内長野市上田町200-1","34.44067","135.568493"
"三日市小学校","大阪府河内長野市上田町380","34.438665","135.565525"
"川上小学校","大阪府河内長野市清見台4-18-1","34.436511","135.586197"
"くすのかホール","大阪府河内長野市清見台4-18-2","34.436856","135.586507"
"清見台第５公園","大阪府河内長野市清見台5","34.434915","135.578159"
"清見台第１公園","大阪府河内長野市清見台２地内","34.436543","135.581099"
"ラブリーホール","大阪府河内長野市西代町12-46","34.453051","135.566594"
"長野小学校","大阪府河内長野市西代町14-1","34.453999","135.564721"
"加賀田中学校","大阪府河内長野市石仏570","34.420565","135.573934"
"石仏小学校","大阪府河内長野市石仏662","34.422129","135.573716"
"市民総合体育館","大阪府河内長野市大師町25-1","34.445222","135.571729"
"福祉センター　錦渓苑","大阪府河内長野市大師町26-1","34.446123","135.571943"
"滝畑ふるさと文化財の森センター","大阪府河内長野市滝畑483-3","34.387728","135.525946"
"ノバティホール","大阪府河内長野市長野町5-1-303","34.450512","135.571954"
"天見小学校","大阪府河内長野市天見2370-1","34.398813","135.594351"
"天野公民館","大阪府河内長野市天野町1520-5","34.437982","135.535411"
"南花台小学校跡地","大阪府河内長野市南花台2-11-1","34.430326","135.560238"
"錦秀会看護専門学校","大阪府河内長野市南花台4-24-1","34.423759","135.553888"
"南花台小学校・南花台中学校","大阪府河内長野市南花台6-6-1","34.434069","135.555336"
"南花台公民館","大阪府河内長野市南花台8-4-1","34.434481","135.562218"
"楠小学校","大阪府河内長野市楠町東1011","34.469993","135.562196"
"東中学校","大阪府河内長野市日東町26-1","34.438468","135.578336"
"みのでホール","大阪府河内長野市日野980","34.420675","135.540234"
"美加の台小学校","大阪府河内長野市美加の台3-25-1","34.425977","135.587588"
"美加の台中学校","大阪府河内長野市美加の台7-2-1","34.424273","135.587046"
"美加の台第１公園","大阪府河内長野市美加の台２地内","34.430309","135.581437"
"美加の台第２公園","大阪府河内長野市美加の台７地内","34.422724","135.584811"
"長野中学校","大阪府河内長野市本多町3-1","34.455083","135.567366"
"千代田公民館","大阪府河内長野市木戸西町1-2-9","34.466936","135.566995"
"千代田小学校","大阪府河内長野市木戸町649","34.469136","135.571507"
"保健センター","大阪府河内長野市木戸東町2-1","34.472166","135.572746"
"かなん桜小学校運動場","大阪府河南町さくら坂1-1-1","34.475314","135.649161"
"さくら坂南公園","大阪府河南町さくら坂2-3-1","34.475747","135.645741"
"さくら坂北公園","大阪府河南町さくら坂3-1-1","34.480149","135.646102"
"さくら坂中央公園","大阪府河南町さくら坂4-14-2","34.47749","135.64656"
"総合運動場","大阪府河南町さくら坂5-1","34.481153","135.646862"
"白木山公園","大阪府河南町さくら坂5-5-3","34.482478","135.642634"
"さくら坂南中央公園","大阪府河南町さくら坂南6-5","34.473858","135.644004"
"石川公園","大阪府河南町一須賀19-1","34.506081","135.62524"
"石川こども園園庭","大阪府河南町一須賀76-1","34.508099","135.623932"
"中村こども園園庭","大阪府河南町神山19","34.478838","135.626713"
"大ヶ塚公園","大阪府河南町大ヶ塚71-1","34.505087","135.625633"
"大宝西公園","大阪府河南町大宝1-18-1","34.502529","135.631651"
"大宝中央公園","大阪府河南町大宝1-29-2","34.502314","135.634929"
"ネオポリス公園","大阪府河南町大宝2-8-1","34.505364","135.634465"
"大宝北公園","大阪府河南町大宝3-11-1","34.504622","135.638429"
"近つ飛鳥小学校運動場","大阪府河南町大宝3-4-1","34.503403","135.639021"
"大宝３丁目東公園","大阪府河南町大宝3-41-53","34.502897","135.640123"
"大宝東公園","大阪府河南町大宝4-23-1","34.501018","135.638644"
"大宝南公園","大阪府河南町大宝4-7-9","34.501067","135.634381"
"スーパーセンターオークワ河南店駐車場","大阪府河南町中415","34.473176","135.630568"
"なかむら公園","大阪府河南町中73-1","34.48114","135.627523"
"大阪芸術大学グラウンド","大阪府河南町東山469","34.509393","135.631415"
"中学校運動場","大阪府河南町白木1285","34.490733","135.629517"
"鈴美台公園","大阪府河南町鈴美台1-2-1","34.484243","135.647575"
"鈴美台南公園","大阪府河南町鈴美台1-8-3","34.482456","135.648104"
"鈴美台西公園","大阪府河南町鈴美台3-1-6","34.483822","135.64167"
"ヴァンテージ二色","大阪府貝塚市浦田76-1","34.43283","135.344369"
"第一中学校体育館","大阪府貝塚市加神1-5-1","34.441607","135.357125"
"第一中学校（屋外運動場）","大阪府貝塚市加神1-5-1","34.440862","135.35732"
"ひと・ふれあいセンター","大阪府貝塚市海塚2-28-49","34.443636","135.362478"
"第四中学校体育館","大阪府貝塚市橋本1385","34.41943","135.363115"
"第四中学校（屋外運動場）","大阪府貝塚市橋本1385","34.419151","135.363972"
"府立貝塚南高等学校（屋外運動場）","大阪府貝塚市橋本620","34.42192","135.366577"
"府立貝塚南高等学校体育館","大阪府貝塚市橋本620","34.421873","135.367335"
"かいづか　いぶき温泉体育館","大阪府貝塚市蕎原2114","34.370477","135.413552"
"木島小学校（屋外運動場）","大阪府貝塚市三ツ松1048","34.411708","135.381128"
"木島小学校体育館","大阪府貝塚市三ツ松1048","34.412049","135.381636"
"永寿小学校（屋外運動場）","大阪府貝塚市三ツ松2020","34.404844","135.378915"
"永寿小学校体育館","大阪府貝塚市三ツ松2020","34.404367","135.378659"
"東小学校体育館","大阪府貝塚市小瀬1-25-5","34.445565","135.367357"
"東小学校（屋外運動場）","大阪府貝塚市小瀬1-25-5","34.446401","135.368513"
"水間公園","大阪府貝塚市水間641-1","34.397792","135.383687"
"ユニライフ貝塚プラージュ","大阪府貝塚市西町20-20","34.449317","135.354949"
"南小学校体育館","大阪府貝塚市地蔵堂286","34.428117","135.356869"
"南小学校（屋外運動場）","大阪府貝塚市地蔵堂286","34.427667","135.356387"
"北小学校体育館","大阪府貝塚市中町4-1","34.449082","135.356787"
"北小学校校舎","大阪府貝塚市中町4-1","34.44938","135.356984"
"北小学校（屋外運動場）","大阪府貝塚市中町4-1","34.449121","135.357606"
"津田小学校（屋外運動場）","大阪府貝塚市津田南町1-1","34.452192","135.362626"
"津田小学校体育館","大阪府貝塚市津田南町1-1","34.451663","135.362312"
"津田小学校校舎","大阪府貝塚市津田南町1-1","34.452185","135.362131"
"やすらぎ老人福祉センター","大阪府貝塚市東79-1","34.44449","135.363227"
"青少年運動広場","大阪府貝塚市東山1-4-1","34.417068","135.386148"
"東山小学校体育館","大阪府貝塚市東山5-11-1","34.411573","135.390669"
"東山小学校（屋外運動場）","大阪府貝塚市東山5-11-1","34.411402","135.389868"
"山手地区公民館","大阪府貝塚市東山7-10-1","34.407524","135.387676"
"第三中学校体育館","大阪府貝塚市東山7-4-1","34.408621","135.389684"
"第三中学校（屋外運動場）","大阪府貝塚市東山7-4-1","34.409226","135.389191"
"貝塚合同宿舎５号棟","大阪府貝塚市二色1-2","34.446939","135.34561"
"貝塚合同宿舎４号棟","大阪府貝塚市二色1-2","34.447383","135.346249"
"二色学園体育館","大阪府貝塚市二色1-3-1","34.448662","135.343322"
"二色学園（屋外運動場）","大阪府貝塚市二色1-3-1","34.448176","135.344501"
"二色学園校舎","大阪府貝塚市二色1-3-1","34.448594","135.344199"
"エルベコート二色の浜２棟","大阪府貝塚市二色2-12","34.448022","135.342138"
"エルベコート二色の浜３棟","大阪府貝塚市二色2-12","34.447797","135.342343"
"エルベコート二色の浜１棟","大阪府貝塚市二色2-12","34.448258","135.341923"
"エルベコート二色の浜４棟","大阪府貝塚市二色2-12","34.448551","135.342412"
"エルベコート二色の浜５棟","大阪府貝塚市二色2-12","34.448443","135.342743"
"二色学園（旧第五中学校）校舎","大阪府貝塚市二色2-3-1","34.445816","135.34309"
"二色学園（旧第五中学校）（屋外運動場）","大阪府貝塚市二色2-3-1","34.445011","135.343465"
"二色学園（旧第五中学校）体育館","大阪府貝塚市二色2-3-1","34.446177","135.343137"
"アジュール二色の浜２号棟","大阪府貝塚市二色2-4","34.445331","135.344674"
"アジュール二色の浜３号棟","大阪府貝塚市二色2-4","34.44568","135.344359"
"アジュール二色の浜１号棟","大阪府貝塚市二色2-4","34.445046","135.344938"
"コスタ・ミラにしきのはま２番館","大阪府貝塚市二色2-5","34.446587","135.344638"
"コスタ・ミラにしきのはま３番館－１","大阪府貝塚市二色2-5","34.446384","135.345083"
"コスタ・ミラにしきのはま３番館－２","大阪府貝塚市二色2-5","34.446034","135.345564"
"コスタ・ミラにしきのはま４番館","大阪府貝塚市二色2-5","34.445607","135.345431"
"コスタ・ミラにしきのはま５番館","大阪府貝塚市二色2-5","34.446183","135.344448"
"コスタ・ミラにしきのはま１番館","大阪府貝塚市二色2-6","34.447369","135.343843"
"浜手地区公民館","大阪府貝塚市二色2-7-2","34.4468","135.3436"
"市民ふれあい運動広場","大阪府貝塚市二色南町4-1","34.452497","135.34038"
"府立貝塚高等学校体育館","大阪府貝塚市畠中1-1-1","34.440618","135.359187"
"府立貝塚高等学校（屋外運動場）","大阪府貝塚市畠中1-1-1","34.439817","135.359321"
"総合体育館","大阪府貝塚市畠中1-13-1","34.437812","135.36"
"第二中学校（屋外運動場）","大阪府貝塚市福田100","34.443041","135.366428"
"第二中学校体育館","大阪府貝塚市福田100","34.442678","135.365953"
"福田公園","大阪府貝塚市福田175-12","34.438723","135.366919"
"青少年人権教育交流館","大阪府貝塚市福田91","34.444","135.364366"
"アステージ貝塚北町","大阪府貝塚市北町6-29","34.448947","135.359017"
"パレス貝塚","大阪府貝塚市堀3-12-1","34.45149","135.359038"
"ユニライフ貝塚Ⅱ","大阪府貝塚市堀3-27-8","34.453273","135.357193"
"中央小学校体育館","大阪府貝塚市麻生中854","34.4319","135.372358"
"中央小学校（屋外運動場）","大阪府貝塚市麻生中854","34.432324","135.372243"
"葛城小学校体育館","大阪府貝塚市木積2032","34.397945","135.392307"
"葛城小学校（屋外運動場）","大阪府貝塚市木積2032","34.398008","135.391877"
"イーズセンチュリーセントラルオフィスビル","大阪府貝塚市脇浜1-16-9","34.439553","135.349369"
"西小学校校舎","大阪府貝塚市脇浜4-6-1","34.440203","135.347615"
"西小学校体育館","大阪府貝塚市脇浜4-6-1","34.439708","135.347432"
"西小学校（屋外運動場）","大阪府貝塚市脇浜4-6-1","34.439956","135.347994"
"市営沢団地住宅","大阪府貝塚市澤1090","34.438517","135.342094"
"グレイスコートたちばな","大阪府貝塚市澤157-3","34.430567","135.341084"
"アーク八品","大阪府貝塚市澤485-1","34.43403","135.339765"
"大芝小学校（運動場）","大阪府岸和田市磯上町2-4-1","34.48602","135.38817"
"大芝小学校　（３階廊下）","大阪府岸和田市磯上町2-4-1","34.485666","135.388256"
"山直南小学校（運動場）","大阪府岸和田市稲葉町20","34.433607","135.436909"
"桜台中学校（運動場）","大阪府岸和田市下松町1225","34.451422","135.406346"
"常盤小学校（運動場）","大阪府岸和田市下松町4-6-1","34.454598","135.397972"
"八木北小学校（運動場）","大阪府岸和田市下池田町3-6-4","34.470819","135.406364"
"野村中学校（３階廊下）","大阪府岸和田市下野町2-13-18","34.472209","135.37736"
"野村中学校（運動場）","大阪府岸和田市下野町2-13-18","34.472746","135.376802"
"東葛城小学校（運動場）","大阪府岸和田市河合町1833-4","34.406907","135.416112"
"大阪府立岸和田高校　（３階廊下及び４階廊下）","大阪府岸和田市岸城町10-1","34.458242","135.371579"
"千亀利公園","大阪府岸和田市岸城町1823-1","34.459914","135.369969"
"岸和田市貝塚市クリーンセンター（４階作業場（ゴミプラットホーム））","大阪府岸和田市岸之浦町1-2","34.476551","135.354771"
"大宮小学校（運動場）","大阪府岸和田市宮前町7-1","34.469002","135.388005"
"浪切ホール（２階ラウンジ及び２階廊下、３階屋根部屋及び３階機械置場並びに４階廊下）","大阪府岸和田市港緑町1-1","34.466217","135.369877"
"城北小学校（運動場）","大阪府岸和田市荒木町2-1-1","34.476629","135.396804"
"新条小学校（運動場）","大阪府岸和田市荒木町2-4-33","34.476358","135.399427"
"北公園","大阪府岸和田市荒木町2-40-1","34.476183","135.397682"
"市立公民館・中央地区公民館（３階会議室及び３階ロビー並びに４階多目的室及び４階ロビー）","大阪府岸和田市堺町1-1","34.461679","135.373001"
"中央小学校（運動場）","大阪府岸和田市堺町1-10","34.461889","135.372025"
"きしわだ自然資料館（屋上）","大阪府岸和田市堺町6-5","34.46241","135.370631"
"蜻蛉池公園","大阪府岸和田市三ケ山町701","34.433159","135.418667"
"山直中学校（運動場）","大阪府岸和田市三田町1030","34.458258","135.427641"
"城東小学校（運動場）","大阪府岸和田市三田町146","34.460891","135.430555"
"浜小学校（運動場）","大阪府岸和田市紙屋町12-20","34.462301","135.367103"
"浜小学校（３階教室及び３階廊下）","大阪府岸和田市紙屋町12-20","34.46267","135.366529"
"北中学校（運動場）","大阪府岸和田市春木旭町33-1","34.477862","135.395374"
"春木小学校（運動場）","大阪府岸和田市春木宮川町11-13","34.48003","135.387589"
"春木小学校（３階教室、３階会議室及び３階廊下）","大阪府岸和田市春木宮川町11-13","34.479593","135.387519"
"ラパーク岸和田（３階駐車場、４階駐車場及び屋上駐車場）","大阪府岸和田市春木若松町21-1","34.47944","135.392225"
"岸和田競輪場（周辺駐車場を含む。）","大阪府岸和田市春木若松町22","34.482523","135.39319"
"春木台場青少年広場","大阪府岸和田市春木泉町20-48","34.476623","135.378675"
"春木南地車庫（２階）","大阪府岸和田市春木泉町3","34.477225","135.382101"
"八木南小学校（運動場）","大阪府岸和田市小松里町768-1","34.460587","135.404765"
"春木中学校（３階廊下及び屋上）","大阪府岸和田市松風町10-65","34.483976","135.385224"
"春木中学校（運動場）","大阪府岸和田市松風町10-65","34.48402","135.384087"
"上松公園（ときわ公園）","大阪府岸和田市上松町２１外","34.454134","135.390092"
"朝陽小学校（３階廊下）","大阪府岸和田市上野町西1-28","34.466627","135.378826"
"朝陽小学校（運動場）","大阪府岸和田市上野町西1-28","34.466514","135.379304"
"牛ノ口公園","大阪府岸和田市上野町東205-1","34.465625","135.381919"
"中央公園","大阪府岸和田市西之内町8-2","34.469689","135.393952"
"八木小学校（運動場）","大阪府岸和田市大町3-22-1","34.46869","135.410377"
"八木運動広場","大阪府岸和田市大町4-10-1","34.466212","135.410886"
"浜工業公園","大阪府岸和田市地蔵浜町10-1","34.460387","135.361853"
"久米田中学校（運動場）","大阪府岸和田市池尻町705","34.457035","135.409268"
"久米田公園","大阪府岸和田市池尻町918","34.454643","135.420904"
"天神山小学校（運動場）","大阪府岸和田市天神山町1-1-1","34.429399","135.393427"
"山直北小学校（運動場）","大阪府岸和田市田治米町460","34.459926","135.426564"
"修斉小学校（運動場）","大阪府岸和田市土生滝町521","34.427482","135.407288"
"土生中学校（運動場）","大阪府岸和田市土生町12-10-1","34.444565","135.396016"
"中島池公園","大阪府岸和田市土生町13-694-1","34.443073","135.396551"
"今池公園","大阪府岸和田市土生町2-828-1","34.452512","135.38"
"葛城中学校（運動場）","大阪府岸和田市土生町213-1","34.436662","135.402777"
"土生公園","大阪府岸和田市土生町4-4405","34.449065","135.386334"
"旭小学校（運動場）","大阪府岸和田市土生町7-5-15","34.442017","135.390974"
"光陽中学校（運動場）","大阪府岸和田市藤井町3-6-6","34.462374","135.386557"
"山滝小学校（運動場）","大阪府岸和田市内畑町1041","34.413167","135.438176"
"山滝中学校（運動場）","大阪府岸和田市内畑町166-3","34.417615","135.439344"
"南公園","大阪府岸和田市南上町1-431-1","34.454132","135.368457"
"鴨田池青少年広場","大阪府岸和田市南上町2-290","34.452326","135.372425"
"城内小学校（運動場）","大阪府岸和田市南上町2-3-1","34.453426","135.372393"
"太田小学校（運動場）","大阪府岸和田市畑町3-12-1","34.441627","135.386765"
"葛城運動広場","大阪府岸和田市畑町4-2-1","34.44101","135.390464"
"春木運動広場","大阪府岸和田市八幡町6-11","34.481525","135.390517"
"八幡山公園","大阪府岸和田市八幡町779-4","34.483191","135.388453"
"菊ケ池青少年広場","大阪府岸和田市尾生町1067-2","34.444761","135.406352"
"光明小学校（運動場）","大阪府岸和田市尾生町564","34.44363","135.411976"
"東光小学校（運動場）","大阪府岸和田市別所町2-1-30","34.458806","135.381929"
"産業高等学校（運動場）","大阪府岸和田市別所町3-33-1","34.46112","135.390371"
"宮の池公園","大阪府岸和田市別所町３－１０２－１外５筆","34.45653","135.384631"
"岸和田市役所別館（３階廊下、４階廊下及び屋上）","大阪府岸和田市本町6-1","34.461011","135.369874"
"大阪木材商業会館（３階廊下及び屋上）","大阪府岸和田市木材町15-8","34.486517","135.378109"
"岸城中学校（運動場）","大阪府岸和田市野田町2-19-19","34.455673","135.378794"
"野田公園","大阪府岸和田市野田町2-215-1","34.45502","135.379426"
"北小学校グラウンド","大阪府熊取町希望が丘4-14-1","34.406558","135.364857"
"東小学校グラウンド","大阪府熊取町久保4-1306-1","34.391219","135.370627"
"熊取歴史公園","大阪府熊取町紺屋1-140-5","34.401483","135.348989"
"大久保防災コミュニティ公園","大阪府熊取町大久保中3-582-10","34.403086","135.340592"
"西小学校グラウンド","大阪府熊取町大久保南1-1589","34.395297","135.344071"
"八幡池青少年広場","大阪府熊取町大宮2-484-1","34.39607","135.367212"
"南小学校グラウンド","大阪府熊取町朝代東4-16-1","34.384584","135.35632"
"長池オアシス公園","大阪府熊取町長池621-77","34.390435","135.354006"
"中央小学校グラウンド","大阪府熊取町野田2-2-1","34.39987","135.356102"
"郡津公園","大阪府交野市幾野2","34.794167","135.681915"
"第二中学校","大阪府交野市幾野4-1-1","34.795489","135.681632"
"交野みらい小学校","大阪府交野市郡津1-43-1","34.791204","135.675937"
"郡津小学校","大阪府交野市郡津4-13-1","34.792335","135.673999"
"総合体育施設","大阪府交野市向井田2-5-1","34.784877","135.687848"
"私市小学校","大阪府交野市私市9-5-10","34.764857","135.688121"
"交野みらい学園","大阪府交野市私部1","34.787308","135.686279"
"私部公園","大阪府交野市私部南3","34.78212","135.686145"
"松塚公園","大阪府交野市松塚","34.793414","135.669896"
"岩船小学校","大阪府交野市森北1-25-1","34.778525","135.686189"
"倉治公園","大阪府交野市神宮寺2-9-5","34.791866","135.700586"
"星田公園","大阪府交野市星田3","34.765006","135.67018"
"星田小学校","大阪府交野市星田3-33-4","34.766411","135.666771"
"旭小学校","大阪府交野市星田4-18-1","34.764749","135.66464"
"傍示川緑道","大阪府交野市星田6","34.762646","135.662231"
"第三中学校","大阪府交野市星田8-67-1","34.761059","135.669207"
"天野川緑地公園","大阪府交野市星田北1","34.774683","135.6764"
"藤が尾小学校","大阪府交野市星田北2-45-1","34.773016","135.673583"
"倉治小学校","大阪府交野市倉治1-15-1","34.793879","135.693797"
"第四中学校","大阪府交野市天野が原町5-65-1","34.776008","135.678912"
"妙見坂小学校","大阪府交野市妙見坂7-20-1","34.761581","135.676808"
"ライブリー高石","大阪府高石市綾園1-1-21","34.522038","135.434169"
"エスタシオン高石","大阪府高石市綾園1-12-28","34.520625","135.432983"
"アレグレット高石","大阪府高石市綾園1-12-30","34.520786","135.433217"
"ＩＳＥ伊勢住宅　綾園６５０２","大阪府高石市綾園1-6-3","34.520493","135.435292"
"たかいし市民文化会館（アプラホール）","大阪府高石市綾園1-9-1","34.521203","135.434016"
"フィオレ高石","大阪府高石市綾園3-14-25","34.519721","135.430703"
"マスターズエル綾園２０","大阪府高石市綾園3-2-5","34.520017","135.432872"
"ふれあいゾーン複合センター","大阪府高石市綾園4-5-28","34.517593","135.433224"
"高南中学校","大阪府高石市綾園5-4-52","34.516682","135.430584"
"清風南海学園","大阪府高石市綾園5-7-64","34.51738","135.427673"
"プロスパーイシイ","大阪府高石市綾園6-3-16","34.51711","135.437477"
"シャルマンフジマイセレクト高石","大阪府高石市綾園7-4-15","34.514746","135.428291"
"パンセ羽衣（羽衣公民館、慶翠苑）","大阪府高石市羽衣1-11-22","34.535868","135.440446"
"マーレ羽衣","大阪府高石市羽衣1-12-25","34.535429","135.440084"
"ガーデンウェルズ浜寺公園","大阪府高石市羽衣2-2-21","34.537677","135.440059"
"ローレルコート羽衣","大阪府高石市羽衣2-5-45","34.534605","135.437433"
"羽衣小学校","大阪府高石市羽衣3-2-52","34.532296","135.439652"
"レジデンス羽衣ガーデンスクエア","大阪府高石市羽衣4-13-23","34.530155","135.434504"
"メゾンドール羽衣パークサイド","大阪府高石市羽衣4-2-37","34.532953","135.435854"
"総合保健センター","大阪府高石市羽衣4-4-26","34.531495","135.435918"
"大阪府住宅供給公社羽衣団地","大阪府高石市羽衣4-5-20","34.531245","135.434876"
"グランドメゾン羽衣伽羅橋","大阪府高石市羽衣5-1-43","34.530132","135.436669"
"メゾンドール羽衣伽羅橋","大阪府高石市羽衣5-1-65","34.530942","135.436519"
"ブラームス高石","大阪府高石市加茂1-20-9","34.525047","135.43874"
"関西スーパー高石駅前店","大阪府高石市加茂1-21-23","34.522907","135.435555"
"中央公民館","大阪府高石市加茂1-5-7","34.524972","135.440195"
"加茂小学校","大阪府高石市加茂3-4-34","34.521255","135.44298"
"日鉄建材株式会社避難タワー","大阪府高石市高砂2-11","34.5314","135.417248"
"株式会社きんでん中央支店南大阪営業所","大阪府高石市高砂3-12-1","34.535866","135.405907"
"株式会社読売大阪プリントメディア","大阪府高石市高砂3-40","34.538495","135.407805"
"カターラオーシマ","大阪府高石市高師浜1-1-9","34.528875","135.43507"
"マスターズエル高師浜２１","大阪府高石市高師浜1-25-5","34.52515","135.437073"
"ＩＳＥ伊勢住宅　高師浜７１０７","大阪府高石市高師浜3-1-15","34.526421","135.432729"
"プリモディーネ高石","大阪府高石市高師浜3-17-32","34.525617","135.432011"
"高石小学校","大阪府高石市高師浜3-19-17","34.524091","135.433015"
"ライフ高石店","大阪府高石市高師浜3-20-20","34.523331","135.434401"
"取石中学校","大阪府高石市取石3-11-1","34.517721","135.451941"
"取石小学校","大阪府高石市取石3-14-23","34.517687","135.449362"
"東コミュニティセンター（とろしプラザ）","大阪府高石市取石3-9-8","34.5185","135.4534"
"レディエンス高石","大阪府高石市西取石3-6-16","34.523426","135.444477"
"ヴァンヴェール川西","大阪府高石市西取石3-7-21","34.523117","135.4436"
"市立総合体育館","大阪府高石市西取石6-5-6","34.520474","135.444738"
"清高小学校","大阪府高石市西取石8-5-1","34.516233","135.440745"
"ウエストプラザ高石","大阪府高石市千代田1-11-11","34.522209","135.43289"
"スコーレ高師浜","大阪府高石市千代田2-3-30","34.525936","135.428089"
"グランドパレス高石","大阪府高石市千代田2-3-6","34.526083","135.428806"
"セントエルモ高石","大阪府高石市千代田4-3-28","34.523366","135.425697"
"コミュニティセンター（デージードーム）","大阪府高石市千代田4-5-25","34.5217","135.4264"
"堺化学工業株式会社高石社宅","大阪府高石市千代田4-8-5","34.521478","135.426025"
"高陽小学校","大阪府高石市千代田5-8-40","34.519008","135.427756"
"府立高石高校","大阪府高石市千代田6-12-1","34.519739","135.42247"
"旧高陽幼稚園避難タワー","大阪府高石市千代田6-12-48","34.518473","135.423461"
"南海福祉看護専門学校","大阪府高石市千代田6-12-53","34.518991","135.421051"
"東羽衣小学校","大阪府高石市東羽衣2-21-32","34.531368","135.443436"
"東羽衣公民館","大阪府高石市東羽衣3-15-30","34.531399","135.441498"
"ウォーク羽衣","大阪府高石市東羽衣3-8-20","34.533065","135.442042"
"ファミーユ羽衣","大阪府高石市東羽衣5-17-25","34.529289","135.44125"
"フレンドシップ高石","大阪府高石市東羽衣5-26-41","34.528217","135.44095"
"エンデバー高石","大阪府高石市東羽衣6-20-22","34.524217","135.443391"
"三井化学株式会社羽衣寮","大阪府高石市東羽衣6-21-11","34.524323","135.444186"
"高石中学校","大阪府高石市東羽衣6-6-45","34.525437","135.446709"
"西阿武野コミュニティセンター","大阪府高槻市阿武野1-10-2","34.855472","135.575379"
"阿武山小学校","大阪府高槻市阿武野2-1-2","34.860329","135.576804"
"安岡寺小学校","大阪府高槻市安岡寺町1-60-1","34.872236","135.603948"
"北清水小学校","大阪府高槻市安岡寺町6-2-1","34.881716","135.604486"
"北清水幼稚園","大阪府高槻市安岡寺町6-2-2","34.880964","135.605062"
"磐手小学校","大阪府高槻市安満西の町27-1","34.861094","135.628842"
"磐手公民館","大阪府高槻市安満北の町18-1","34.863022","135.629042"
"芥川高等学校","大阪府高槻市浦堂1-12-1","34.8624","135.600744"
"寿栄小学校","大阪府高槻市栄町3-11-2","34.825813","135.601684"
"寿栄コミュニティセンター","大阪府高槻市栄町3-11-3","34.82651","135.600456"
"大冠北第一コミュニティセンター","大阪府高槻市永楽町1-15","34.845612","135.632587"
"第六中学校","大阪府高槻市永楽町10-3","34.846845","135.637922"
"芥川コミュニティセンター","大阪府高槻市芥川町4-20-12","34.852011","135.608383"
"清水小学校","大阪府高槻市宮之川原4-20-1","34.865922","135.600586"
"清水認定こども園","大阪府高槻市宮之川原5-4-1","34.865703","135.59772"
"清水コミュニティセンター","大阪府高槻市宮之川原5-4-3","34.865736","135.598383"
"大冠北第二コミュニティセンター","大阪府高槻市宮野町10-16","34.850623","135.637243"
"北大冠小学校","大阪府高槻市宮野町10-5","34.851338","135.636633"
"今城塚公民館","大阪府高槻市郡家新町48-3","34.852245","135.594851"
"郡家老人福祉センター","大阪府高槻市郡家新町48-6","34.851786","135.594912"
"郡家小学校","大阪府高槻市郡家新町68-1","34.85131","135.596782"
"第二中学校","大阪府高槻市郡家本町52-1","34.857134","135.596641"
"五領公民館","大阪府高槻市五領町11-6","34.862006","135.653526"
"五領小学校","大阪府高槻市五領町12-1","34.861761","135.652682"
"第八中学校","大阪府高槻市紅茸町5-1","34.864614","135.627503"
"三島高等学校","大阪府高槻市今城町27-1","34.847267","135.597374"
"総合市民交流センター（クロスパル高槻）","大阪府高槻市紺屋町1-2","34.852035","135.619102"
"三箇牧公民館","大阪府高槻市三島江1-11-8","34.803588","135.61152"
"三箇牧認定こども園","大阪府高槻市三島江1-13-6","34.805754","135.613863"
"三箇牧小学校","大阪府高槻市三島江1-13-6","34.804871","135.613171"
"山手老人福祉センター","大阪府高槻市山手町2-2-2","34.86215","135.63901"
"日吉台公民館","大阪府高槻市寺谷町50-1","34.878008","135.608553"
"第三中学校","大阪府高槻市芝生町2-49-5","34.832096","135.607827"
"女瀬川南コミュニティセンター","大阪府高槻市芝生町3-16-1","34.82787","135.60998"
"丸橋小学校","大阪府高槻市芝生町3-16-2","34.827199","135.610265"
"芝生小学校","大阪府高槻市芝生町3-30-1","34.825752","135.608737"
"芝生幼稚園","大阪府高槻市芝生町3-30-1","34.8257","135.607643"
"芝谷中学校","大阪府高槻市芝谷町3-1","34.869753","135.609644"
"若松小学校","大阪府高槻市若松町22-2","34.834609","135.628244"
"春日ふれあい文化センター","大阪府高槻市春日町22-1","34.836798","135.627656"
"富田小学校","大阪府高槻市昭和台町1-1-1","34.830255","135.590756"
"第九中学校","大阪府高槻市松が丘1-17-1","34.873252","135.599496"
"土室小学校","大阪府高槻市上土室6-10-1","34.848397","135.577271"
"上牧小学校","大阪府高槻市上牧町4-22-1","34.860428","135.66105"
"桃園コミュニティセンター","大阪府高槻市城西町10-12","34.84144","135.614222"
"地域福祉会館","大阪府高槻市城西町4-6","34.844397","135.616699"
"城内公民館","大阪府高槻市城内町1-1","34.844664","135.622444"
"障がい者福祉センター","大阪府高槻市城内町1-11","34.844688","135.623457"
"第一中学校","大阪府高槻市城内町1-35","34.844063","135.622999"
"槻の木高等学校","大阪府高槻市城内町2-13","34.843356","135.620842"
"城南中学校","大阪府高槻市城南町2-30-1","34.838676","135.62604"
"西大冠小学校","大阪府高槻市城南町3-1-1","34.838094","135.623533"
"西大冠幼稚園","大阪府高槻市城南町3-1-2","34.837036","135.623259"
"西大冠コミュニティセンター","大阪府高槻市城南町3-1-3","34.83701","135.62388"
"芥川小学校","大阪府高槻市真上町1-2-3","34.854943","135.613606"
"たかつき芥川認定こども園","大阪府高槻市真上町1-2-6","34.854624","135.613243"
"真上公民館","大阪府高槻市真上町2-16-6","34.8578","135.608734"
"五領認定こども園","大阪府高槻市神内2-17-10","34.870641","135.65762"
"北清水コミュニティセンター","大阪府高槻市清水台1-7-1","34.878479","135.598213"
"川西コミュニティセンター","大阪府高槻市清福寺町6-5","34.851738","135.604353"
"真上小学校","大阪府高槻市西真上2-17-1","34.857851","135.600822"
"柳川小学校","大阪府高槻市西町2-1","34.825088","135.595777"
"柳川コミュニティセンター","大阪府高槻市西町2-5","34.823797","135.595544"
"第七中学校","大阪府高槻市西面北1-45-1","34.806986","135.603655"
"赤大路小学校","大阪府高槻市赤大路町15-1","34.834919","135.585084"
"赤大路コミュニティセンター","大阪府高槻市赤大路町15-6","34.835581","135.586116"
"川西小学校","大阪府高槻市川西町1-34-7","34.851253","135.604353"
"川西中学校","大阪府高槻市川西町2-33-1","34.845888","135.605255"
"清水池コミュニティセンター","大阪府高槻市川西町3-7-7","34.84545","135.60921"
"柳川中学校","大阪府高槻市川添1-1-5","34.823027","135.599395"
"冠中学校","大阪府高槻市大冠町2-24-1","34.832121","135.637828"
"冠コミュニティセンター","大阪府高槻市大冠町2-40-10","34.833295","135.637001"
"冠小学校","大阪府高槻市大冠町2-40-2","34.834056","135.636717"
"原公民館","大阪府高槻市大字原808-3","34.894397","135.599383"
"樫田支所","大阪府高槻市大字田能小字スハノ下11","34.955558","135.589369"
"樫田幼稚園","大阪府高槻市大字田能小字スハノ下12-1","34.955625","135.589666"
"樫田小学校","大阪府高槻市大字田能小字岡崎6","34.955529","135.588595"
"南大冠公民館","大阪府高槻市大塚町1-20-1","34.822359","135.632872"
"南大冠幼稚園","大阪府高槻市大塚町1-4-8","34.826704","135.633132"
"南大冠小学校","大阪府高槻市大塚町1-4-8","34.825933","135.634221"
"大冠高等学校","大阪府高槻市大塚町4-50-1","34.819788","135.629591"
"第四中学校","大阪府高槻市大畑町4-4","34.839033","135.59198"
"松原小学校","大阪府高槻市沢良木町18-1","34.845733","135.631561"
"松原幼稚園","大阪府高槻市沢良木町18-2","34.845853","135.632121"
"竹の内小学校","大阪府高槻市竹の内町60-1","34.824667","135.627714"
"竹の内コミュニティセンター","大阪府高槻市竹の内町60-6","34.825107","135.627778"
"第十中学校","大阪府高槻市竹の内町61-1","34.82174","135.627793"
"柱本小学校","大阪府高槻市柱本新町10-8","34.792442","135.6022"
"津之江小学校","大阪府高槻市津之江北町7-1","34.843245","135.605167"
"津之江幼稚園","大阪府高槻市津之江北町7-2","34.843053","135.606094"
"堤運動広場","大阪府高槻市堤町3-1","34.82744","135.617952"
"堤コミュニティセンター","大阪府高槻市堤町3-2","34.827246","135.618389"
"大冠小学校","大阪府高槻市天川町42-2","34.841696","135.634107"
"桜台小学校","大阪府高槻市登町9-1","34.830092","135.625087"
"桜台認定こども園","大阪府高槻市登町9-2","34.830864","135.624762"
"五百住小学校","大阪府高槻市登美の里町24-1","34.834294","135.600773"
"五百住幼稚園","大阪府高槻市登美の里町24-2","34.833205","135.600504"
"私立金光大阪中学校・高等学校","大阪府高槻市東上牧1-3-1","34.869884","135.663108"
"総合センター","大阪府高槻市桃園町2-1","34.846584","135.617415"
"桃園小学校","大阪府高槻市桃園町3-27","34.845036","135.616108"
"五領中学校","大阪府高槻市道鵜町3-20-1","34.857789","135.655712"
"阿武山中学校","大阪府高槻市奈佐原1-2-1","34.858172","135.581962"
"阿武山公民館","大阪府高槻市奈佐原2-11-12","34.860241","135.580186"
"庄所コミュニティセンター","大阪府高槻市南庄所町3-3","34.836933","135.614496"
"南平台小学校","大阪府高槻市南平台5-20-1","34.862293","135.590466"
"阿武野コミュニティセンター","大阪府高槻市南平台5-21-2","34.862075","135.588539"
"日吉台小学校","大阪府高槻市日吉台一番町24-18","34.869905","135.613"
"北日吉台小学校","大阪府高槻市日吉台三番町4-20","34.878949","135.608977"
"如是小学校","大阪府高槻市如是町2-3","34.836512","135.605414"
"如是公民館","大阪府高槻市如是町2-5","34.836158","135.60492"
"如是中学校","大阪府高槻市如是町7-1","34.834974","135.604071"
"関西大学　高槻ミューズキャンパス","大阪府高槻市白梅町7-1","34.854992","135.622885"
"阿武野高等学校","大阪府高槻市氷室町3-38-1","34.84871","135.586374"
"阿武野認定こども園","大阪府高槻市氷室町4-16-1","34.850918","135.585735"
"阿武野小学校","大阪府高槻市氷室町4-4-5","34.851996","135.588125"
"阿武野中学校","大阪府高槻市氷室町5-7-1","34.85859","135.584926"
"富田老人福祉センター","大阪府高槻市富田町2-4-9","34.832611","135.591305"
"富田公民館","大阪府高槻市富田町5-17-1","34.830659","135.595096"
"奥坂コミュニティセンター","大阪府高槻市別所本町35-3","34.863223","135.625028"
"奥坂小学校","大阪府高槻市別所本町35-5","34.863908","135.625"
"高槻北高等学校","大阪府高槻市別所本町36-3","34.864785","135.625128"
"玉川牧田コミュニティセンター","大阪府高槻市牧田町26-3","34.819925","135.599014"
"玉川小学校","大阪府高槻市牧田町8-1","34.819788","135.60412"
"高槻小学校","大阪府高槻市本町3-69","34.844953","135.626192"
"高槻幼稚園","大阪府高槻市本町3-69","34.845468","135.626857"
"阪南市防災コミュニティセンター","大阪府阪南市下出14-3","34.360149","135.240196"
"上荘小学校","大阪府阪南市下出548-1","34.3556","135.247562"
"貝掛中学校","大阪府阪南市貝掛1372","34.33999","135.221162"
"中央運動広場","大阪府阪南市光陽台1-17-24","34.347677","135.236468"
"鳥取中学校（救援部隊拠点）","大阪府阪南市黒田341","34.353372","135.24243"
"朝日小学校","大阪府阪南市自然田272-1","34.347323","135.26263"
"東鳥取小学校","大阪府阪南市石田６００一1","34.351113","135.246316"
"西鳥取小学校","大阪府阪南市鳥取72","34.355496","135.233691"
"飯の峯中学校","大阪府阪南市桃の木台3-9-1","34.330394","135.225656"
"桃の木台中央公園（広域避難地）","大阪府阪南市桃の木台4-423","34.330216","135.219867"
"桃の木台小学校","大阪府阪南市桃の木台5-423-33","34.327165","135.220644"
"下荘小学校","大阪府阪南市箱作2320","34.336252","135.204991"
"尾崎小学校","大阪府阪南市尾崎町5-33-8","34.368546","135.248106"
"舞小学校","大阪府阪南市舞4-6-31","34.338977","135.229833"
"府立泉鳥取高校","大阪府阪南市緑ケ丘1-1-10","34.339317","135.259131"
"鳥取東中学校","大阪府阪南市和泉鳥取1455","34.346477","135.264658"
"くれたけイン南海堺駅前","大阪府堺市堺区栄橋町1-3-12","34.580508","135.468974"
"レックスシティ堺駅前","大阪府堺市堺区栄橋町2-1-10","34.580798","135.466595"
"プロパレス堺駅前ピラーステージ","大阪府堺市堺区栄橋町2-1-24","34.580648","135.466852"
"榎小学校","大阪府堺市堺区榎元町2-3-11","34.57043","135.485737"
"阪神高速道路遠里小野換気所","大阪府堺市堺区遠里小野町1-24-25","34.593936","135.489416"
"グランキコーナ堺店","大阪府堺市堺区翁橋町1-7-1","34.572803","135.47731"
"市営翁橋住宅　１棟","大阪府堺市堺区翁橋町2-3-1","34.571692","135.480965"
"東急ドエルアルス堺フェニックス","大阪府堺市堺区海山町1-7-2","34.588651","135.477251"
"ファミールハイツ堺２番館","大阪府堺市堺区海山町2-116","34.588573","135.475169"
"ファミールハイツ堺１番館","大阪府堺市堺区海山町2-116-1","34.588993","135.474456"
"認定こども園　文化保育園","大阪府堺市堺区錦綾町1-3-17","34.584916","135.485667"
"錦綾小学校","大阪府堺市堺区錦綾町1-6-19","34.585992","135.486026"
"レックスガーデン堺東","大阪府堺市堺区錦綾町3-8-1","34.584015","135.488277"
"グラン・コート堺九間町","大阪府堺市堺区九間町西2-1-1","34.586145","135.479319"
"錦小学校","大阪府堺市堺区九間町東3-1-17","34.584423","135.482787"
"殿馬場中学校","大阪府堺市堺区櫛屋町東3-2-1","34.579005","135.479202"
"ロイヤルコート６番館","大阪府堺市堺区熊野町西1-2-15","34.580116","135.474197"
"堺東京海上日動ビル","大阪府堺市堺区熊野町西2-1-3","34.57968","135.473309"
"アパガーデンコートザビエルパーク","大阪府堺市堺区熊野町西2-2-12","34.58046","135.473068"
"関西電力送配電株式会社南大阪配電営業所","大阪府堺市堺区熊野町東2-2-20","34.578176","135.475959"
"熊野小学校","大阪府堺市堺区熊野町東5-1-49","34.576395","135.478996"
"三国丘中学校","大阪府堺市堺区向陵西町3-6-15","34.570454","135.493707"
"市立堺高校","大阪府堺市堺区向陵東町1-10-1","34.564143","135.497226"
"株式会社サンユー都市開発","大阪府堺市堺区甲斐町西1-1-31","34.577563","135.472489"
"関西大学堺キャンパス","大阪府堺市堺区香ヶ丘町1-11-1","34.590179","135.492032"
"浅香山中学校","大阪府堺市堺区今池町5-3-8","34.584233","135.494356"
"浅香山小学校","大阪府堺市堺区今池町5-4-43","34.585664","135.49451"
"市営砂道住宅","大阪府堺市堺区砂道町1-15-20","34.591508","135.488767"
"メゾンドール堺ザビエル公園","大阪府堺市堺区材木町西2-2-10","34.583863","135.476476"
"サンメゾン堺","大阪府堺市堺区三宝町1-10-1","34.590679","135.479645"
"ブランズ堺七道","大阪府堺市堺区三宝町2-150-1","34.592739","135.478338"
"三宝小学校","大阪府堺市堺区三宝町5-286","34.593828","135.471744"
"リーガル堺２","大阪府堺市堺区三宝町5-291","34.594212","135.472933"
"ヴェルドール堺","大阪府堺市堺区三宝町6-314-4","34.593902","135.470413"
"山九株式会社　さかい寮","大阪府堺市堺区三宝町6-324-1","34.594659","135.471055"
"アーバンビュー堺プレミアムコート","大阪府堺市堺区山本町1-20-1","34.586896","135.475497"
"アステージ堺","大阪府堺市堺区山本町2-56-1","34.586925","135.473092"
"クボタ・アルファコート堺","大阪府堺市堺区山本町5-95","34.588678","135.468063"
"市小学校","大阪府堺市堺区市之町西3-1-14","34.580151","135.47092"
"府営堺寺地住宅","大阪府堺市堺区寺地町西2-2-25","34.574829","135.467989"
"英彰小学校","大阪府堺市堺区寺地町西4-1-1","34.57605","135.465936"
"森新ビル","大阪府堺市堺区寺地町東2-2-1","34.573174","135.471132"
"ファミール堺","大阪府堺市堺区七道東町182-3","34.592129","135.48553"
"ロイヤルコートビル２","大阪府堺市堺区車之町西1-1-26","34.582165","135.476898"
"ロイヤルコートビル３","大阪府堺市堺区車之町西2-2-32","34.582466","135.47534"
"ロイヤルコートビル","大阪府堺市堺区車之町西２－２－５","34.58259","135.475169"
"大阪府立泉陽高等学校","大阪府堺市堺区車之町東3-2-1","34.579744","135.480207"
"ニューライフ堺","大阪府堺市堺区住吉橋町1-7-15","34.578814","135.465747"
"大阪ガス株式会社堺ガスビル","大阪府堺市堺区住吉橋町2-2-19","34.579656","135.465152"
"府営堺戎島住宅","大阪府堺市堺区戎島町1","34.583128","135.473104"
"プラットプラット","大阪府堺市堺区戎島町3-22-1","34.582051","135.46983"
"堺駅前アーバンコンフォート","大阪府堺市堺区戎島町3-22-4","34.583833","135.471342"
"ホテル・アゴーラリージェンシー大阪堺","大阪府堺市堺区戎島町4-45-1","34.582736","135.467694"
"堺化学本社ビル","大阪府堺市堺区戎島町5-2","34.583991","135.467871"
"ロイヤルコート５番館","大阪府堺市堺区戎之町西2-2-3","34.58064","135.473618"
"ロイヤルコート３番館","大阪府堺市堺区戎之町西2-2-5","34.580738","135.473495"
"ロイヤルコート８番館","大阪府堺市堺区戎之町東1-1-7","34.579982","135.475738"
"府公社ＯＰＨ堺戎之町","大阪府堺市堺区戎之町東4-3-2","34.578067","135.478887"
"堺フェニックスビル","大阪府堺市堺区宿院町西1-1-3","34.575955","135.47097"
"ＩＷＣ宿院","大阪府堺市堺区宿院町西1-1-6","34.575734","135.470787"
"さかい利晶の杜","大阪府堺市堺区宿院町西2-1-1","34.575997","135.470183"
"男女共同参画センター","大阪府堺市堺区宿院町東4-1-27","34.573354","135.473768"
"ポルト堺１","大阪府堺市堺区宿屋町西3-1-2","34.584829","135.476462"
"ポルト堺２","大阪府堺市堺区宿屋町西3-1-27","34.585041","135.476959"
"シティホテル青雲荘","大阪府堺市堺区出島海岸通2-4-14","34.570555","135.458118"
"府公社湊団地","大阪府堺市堺区出島町2-6","34.570213","135.460743"
"ＵＲ湊駅前団地４８号棟","大阪府堺市堺区出島町2-7","34.569659","135.461797"
"堺消防署　訓練棟","大阪府堺市堺区出島浜通1-1","34.573149","135.458832"
"株式会社クボタ　グローバル技術研究所","大阪府堺市堺区匠町1-11","34.598817","135.426918"
"大阪ベイプラザホテル","大阪府堺市堺区少林寺町西1-1-1","34.573239","135.468482"
"府公社ＯＰＨ堺少林寺","大阪府堺市堺区少林寺町東3-2-8","34.571248","135.471182"
"少林寺小学校","大阪府堺市堺区少林寺町東4-1-1","34.570696","135.471918"
"ロータスプラザ","大阪府堺市堺区昭和通1-11-1","34.565945","135.464993"
"株式会社高速オフセット堺工場","大阪府堺市堺区松屋大和川通3-132","34.599598","135.466263"
"三宝水再生センター","大阪府堺市堺区松屋大和川通4-147-1","34.600861","135.462629"
"山九株式会社　関西支店","大阪府堺市堺区松屋町1-6-7","34.597763","135.473083"
"パールハイツ堺","大阪府堺市堺区新在家町西1-1-10","34.571797","135.467166"
"ダイワロイネットホテル堺東","大阪府堺市堺区新町5-13","34.572654","135.482893"
"月州中学校","大阪府堺市堺区神南辺町1-1","34.584627","135.474449"
"メゾンドール堺","大阪府堺市堺区神南辺町2-76-1","34.585209","135.471343"
"ロイヤルパレス","大阪府堺市堺区神明町西1-1-7","34.584705","135.478914"
"錦西小学校","大阪府堺市堺区神明町西2-1-1","34.585445","135.478396"
"新湊小学校","大阪府堺市堺区西湊町6-6-1","34.566253","135.460831"
"神石小学校","大阪府堺市堺区石津町2-6-1","34.554861","135.466949"
"グラン・コート堺石津川公園","大阪府堺市堺区石津町3-7-1","34.553849","135.465212"
"魚本流空手拳法連盟総本部","大阪府堺市堺区石津町3-7-24","34.55231","135.465012"
"ナビタスマシナリー株式会社","大阪府堺市堺区石津北町9-1","34.559598","135.463368"
"陵西中学校","大阪府堺市堺区大仙西町2-79","34.565625","135.469544"
"大仙西小学校","大阪府堺市堺区大仙西町4-129","34.564075","135.472761"
"旭中学校","大阪府堺市堺区大仙中町11-1","34.561605","135.47819"
"大仙小学校","大阪府堺市堺区大仙中町16-1","34.560664","135.479345"
"フクダ電子近畿販売株式会社　堺営業所","大阪府堺市堺区大町西1-1-25","34.576721","135.47171"
"スーパーホテル堺マリティマ","大阪府堺市堺区大町西3-4-1","34.578297","135.468636"
"ホテルアストンプラザ大阪堺","大阪府堺市堺区大町東4-2-30","34.573948","135.475786"
"パーク大浜","大阪府堺市堺区大浜中町3-13-27","34.577982","135.459429"
"日本製鉄株式会社　大浜寮","大阪府堺市堺区大浜南町1-2-2","34.573486","135.462346"
"府営堺大浜南町住宅","大阪府堺市堺区大浜南町2-3-1","34.57421","135.460496"
"大浜中学校","大阪府堺市堺区大浜南町2-4-1","34.574005","135.461383"
"府公社ＯＰＨ大浜","大阪府堺市堺区大浜北町2-6-10","34.577485","135.462597"
"大浜体育館・武道館","大阪府堺市堺区大浜北町5-7-1","34.581534","135.459037"
"グッドマン堺","大阪府堺市堺区築港八幡町1-17","34.595783","135.445517"
"三井不動産ロジスティクスパーク堺（ＭＦＬＰ堺）５階中央車路部","大阪府堺市堺区築港八幡町1-171","34.59575","135.460637"
"株式会社日新堺ロジスティクスセンター","大阪府堺市堺区築港八幡町138-3","34.602252","135.450566"
"クリーンセンター臨海工場","大阪府堺市堺区築港八幡町１－７０外","34.591125","135.442254"
"イオンモール堺鉄砲町","大阪府堺市堺区鉄砲町1","34.594856","135.481125"
"勤労者総合福祉センター","大阪府堺市堺区田出井町2-1","34.578612","135.496454"
"グランド　ポー","大阪府堺市堺区東湊町1-101-1","34.568497","135.465996"
"旧湊小学校","大阪府堺市堺区東湊町2-119-4","34.567859","135.465986"
"レピア堺湊","大阪府堺市堺区東湊町2-150-5","34.567241","135.465238"
"市営東湊住宅","大阪府堺市堺区東湊町6-353","34.563501","135.466508"
"安井小学校","大阪府堺市堺区南安井町4-1-5","34.570157","135.47821"
"堺市総合福祉会館","大阪府堺市堺区南瓦町２－１","34.573563","135.479965"
"大阪府立三国丘高等学校","大阪府堺市堺区南三国ヶ丘町2-2-36","34.573557","135.487607"
"ブランズ・ヴェリテ堺七道","大阪府堺市堺区南島町1-36-13","34.595876","135.477981"
"阪神高速道路　南島換気所","大阪府堺市堺区南島町4-156-1","34.59797","135.475152"
"市営七道並松東住宅　２棟","大阪府堺市堺区並松町20-1","34.593657","135.484843"
"三国丘小学校","大阪府堺市堺区北三国ヶ丘町5-1-1","34.575225","135.492802"
"市営北清水住宅","大阪府堺市堺区北清水町2-3-1","34.588612","135.488434"
"ホテルサンプラザ堺本館","大阪府堺市堺区竜神橋町1-1-20","34.578913","135.468024"
"シティコート堺駅前ロータリー","大阪府堺市堺区竜神橋町1-4-4","34.579204","135.467297"
"コンフォートホテル堺","大阪府堺市堺区竜神橋町1-5-1","34.579628","135.466812"
"エル・アバンダント堺","大阪府堺市堺区竜神橋町2-3-9","34.580772","135.465645"
"日鉄テックスエンジ株式会社　阪神支店","大阪府堺市堺区緑町4-156-1","34.59886","135.462818"
"家原大池体育館","大阪府堺市西区家原寺町1-18-1","34.536826","135.472469"
"家原寺小学校","大阪府堺市西区家原寺町1-7-1","34.537478","135.476034"
"大阪府立鳳高等学校","大阪府堺市西区原田150","34.517814","135.458837"
"福泉中学校","大阪府堺市西区山田2-55","34.508841","135.464478"
"福泉上小学校","大阪府堺市西区上127-1","34.526126","135.468267"
"大阪府立堺上高等学校","大阪府堺市西区上61","34.523922","135.469111"
"上野芝中学校","大阪府堺市西区上野芝向ヶ丘町5-25-1","34.541269","135.480389"
"向丘小学校","大阪府堺市西区上野芝向ヶ丘町6-7-1","34.539622","135.478578"
"津久野中学校","大阪府堺市西区神野町2-16-1","34.541718","135.475262"
"上野芝小学校","大阪府堺市西区神野町2-25-1","34.544309","135.475721"
"府公社諏訪の森団地　１号棟　２号棟","大阪府堺市西区諏訪森町西2-114","34.551434","135.447193"
"福泉東小学校","大阪府堺市西区草部946-1","34.519237","135.473187"
"大阪府立福泉高等学校","大阪府堺市西区太平寺323","34.504699","135.480124"
"津久野小学校","大阪府堺市西区津久野町3-14-11","34.545094","135.470873"
"福泉小学校","大阪府堺市西区菱木2-2186-1","34.514529","135.471174"
"エテルノテレサ浜寺元町","大阪府堺市西区浜寺元町1-120-1","34.543953","135.454154"
"株式会社スズキ自販近畿　堺社宅","大阪府堺市西区浜寺元町1-95-2","34.543197","135.4532"
"ダイアパレス浜寺イースト","大阪府堺市西区浜寺元町5-525-1","34.540807","135.450261"
"ベルク浜寺公園","大阪府堺市西区浜寺元町5-563-1","34.540034","135.449806"
"エスワイビル浜寺荘","大阪府堺市西区浜寺公園町1-14-5","34.543533","135.444919"
"レーベン浜寺公園","大阪府堺市西区浜寺公園町1-15-1","34.543227","135.4451"
"藤和浜寺公園ホームズ駅前通り","大阪府堺市西区浜寺公園町2-137-2","34.541286","135.443741"
"デュオヒルズ浜寺公園","大阪府堺市西区浜寺公園町3-262-1","34.539331","135.44213"
"ローレルコート浜寺公園","大阪府堺市西区浜寺公園町3-311","34.539274","135.441325"
"浜寺昭和小学校","大阪府堺市西区浜寺昭和町2-282","34.54256","135.448821"
"トヨタカローラ南海株式会社本社駐車場","大阪府堺市西区浜寺諏訪森町西1-7","34.552194","135.447752"
"ダイアパレス浜寺諏訪森","大阪府堺市西区浜寺諏訪森町西2-138-1","34.550326","135.446883"
"マインハイツ諏訪森","大阪府堺市西区浜寺諏訪森町西3-287-1","34.547793","135.447253"
"ダイアパレス諏訪森ガーデンパーク","大阪府堺市西区浜寺諏訪森町西4-308-1","34.547708","135.446323"
"岬工業株式会社","大阪府堺市西区浜寺諏訪森町西4-380-1","34.546658","135.446716"
"浜寺小学校","大阪府堺市西区浜寺諏訪森町東2-163","34.549528","135.451278"
"特別養護老人ホーム　アリオン","大阪府堺市西区浜寺石津町西1-2-7","34.562348","135.454637"
"ケアライフ・メディカルサプライ株式会社本社ビル","大阪府堺市西区浜寺石津町西2-1-6","34.561367","135.454285"
"住宅型有料老人ホーム　宝の看護サカイ","大阪府堺市西区浜寺石津町西2-6-17","34.561469","135.453165"
"堺サンホテル石津川","大阪府堺市西区浜寺石津町西3-4-25","34.559307","135.452408"
"グランコート浜寺北","大阪府堺市西区浜寺石津町中1-4-1","34.56216","135.458832"
"コスモ浜寺石津町","大阪府堺市西区浜寺石津町中1-7-38","34.562718","135.457337"
"アクティブ浜寺石津","大阪府堺市西区浜寺石津町中1-8-38","34.563519","135.456482"
"ライオンズガーデン浜寺","大阪府堺市西区浜寺石津町中2-1-37","34.559296","135.457596"
"シャルマンフジ浜寺ガーデンオアシス","大阪府堺市西区浜寺石津町中2-1-51","34.560066","135.458557"
"浜寺石津小学校","大阪府堺市西区浜寺石津町中2-3-28","34.559594","135.455883"
"市営中石津住宅　１・２・３・４・５棟","大阪府堺市西区浜寺石津町中5-12","34.554686","135.451254"
"カサグランデス浜寺北","大阪府堺市西区浜寺石津町東1-2-32","34.560116","135.459137"
"サービス付き高齢者向け住宅ペガサスロイヤルリゾート石津","大阪府堺市西区浜寺石津町東1-3-31","34.560006","135.460846"
"ふぁみーゆ浜寺","大阪府堺市西区浜寺石津町東3-1-15","34.55761","135.458293"
"市営石津鉄筋住宅","大阪府堺市西区浜寺石津町東3-10-5","34.555221","135.45965"
"石津川保育園","大阪府堺市西区浜寺石津町東3-6-25","34.556797","135.458784"
"ジョイフルハイツ２","大阪府堺市西区浜寺石津町東4-5-39","34.555127","135.457236"
"ジョイフルハイツ","大阪府堺市西区浜寺石津町東4-5-41","34.555233","135.456904"
"ラ・メゾン坂口","大阪府堺市西区浜寺石津町東4-5-46","34.555397","135.457011"
"朝日プラザ浜寺","大阪府堺市西区浜寺石津町東4-6-1","34.55526","135.458352"
"ルイシャトレ諏訪ノ森","大阪府堺市西区浜寺石津町東5-12-13","34.552296","135.455349"
"ハイネス諏訪森","大阪府堺市西区浜寺船尾町西1-153-2","34.551973","135.455874"
"浜寺中学校","大阪府堺市西区浜寺船尾町西5-60","34.543381","135.458033"
"浜寺東小学校","大阪府堺市西区浜寺船尾町東1-101","34.551131","135.458192"
"介護療養型老人保健施設　ペルセウス","大阪府堺市西区浜寺船尾町東3-447","34.547479","135.462345"
"浜寺南中学校","大阪府堺市西区浜寺南町1-55","34.535998","135.448772"
"羽衣国際大学","大阪府堺市西区浜寺南町1-89-1","34.534349","135.448002"
"鳳中学校","大阪府堺市西区鳳西町1-159-1","34.528491","135.454447"
"鳳小学校","大阪府堺市西区鳳中町2-22","34.534297","135.458886"
"鳳南小学校","大阪府堺市西区鳳南町1-7","34.528318","135.457532"
"平岡小学校","大阪府堺市西区堀上緑町1-6-1","34.534667","135.477392"
"宮園小学校","大阪府堺市中区宮園町4-1","34.526047","135.495243"
"東百舌鳥中学校","大阪府堺市中区新家町260","34.54034","135.51031"
"東深井小学校","大阪府堺市中区深井水池町3214","34.531093","135.500924"
"教育文化センター","大阪府堺市中区深井清水町1426","34.533871","135.491446"
"深井中学校","大阪府堺市中区深井沢町2470-1","34.527842","135.500769"
"深井小学校","大阪府堺市中区深井中町1409","34.535237","135.491688"
"深井中央中学校","大阪府堺市中区深井北町220-1","34.540348","135.495351"
"深井西小学校","大阪府堺市中区深井北町926","34.539148","135.483591"
"深阪小学校","大阪府堺市中区深阪5-15-1","34.509294","135.508002"
"西陶器小学校","大阪府堺市中区田園570","34.510203","135.511615"
"土師小学校","大阪府堺市中区土師町3-35-1","34.538513","135.499106"
"東百舌鳥小学校","大阪府堺市中区土塔町139","34.53858","135.508404"
"大阪府立東百舌鳥高等学校","大阪府堺市中区土塔町2377-5","34.535212","135.51254"
"泉ヶ丘東中学校","大阪府堺市中区陶器北184","34.517409","135.515545"
"東陶器小学校","大阪府堺市中区陶器北2556","34.518262","135.5218"
"八田荘小学校","大阪府堺市中区八田寺町231","34.527296","135.480443"
"原池公園体育館","大阪府堺市中区八田寺町320","34.519643","135.493283"
"八田荘中学校","大阪府堺市中区八田北町580-11","34.526162","135.480735"
"福田小学校","大阪府堺市中区福田727","34.524449","135.51855"
"平井中学校","大阪府堺市中区平井346","34.51728","135.497719"
"久世小学校","大阪府堺市中区平井999","34.520717","135.495593"
"八田荘西小学校","大阪府堺市中区毛穴町268-2","34.527157","135.475758"
"八下西小学校","大阪府堺市東区引野町1-110","34.550759","135.522693"
"登美丘中学校","大阪府堺市東区高松408","34.526303","135.531379"
"登美丘東小学校","大阪府堺市東区丈六224","34.527058","135.540027"
"大阪府立登美丘高等学校","大阪府堺市東区西野51","34.518932","135.540027"
"登美丘南小学校","大阪府堺市東区草尾596","34.518195","135.536394"
"登美丘西小学校","大阪府堺市東区大美野135","34.526737","135.528451"
"野田中学校","大阪府堺市東区南野田101-1","34.521205","135.550508"
"日置荘小学校","大阪府堺市東区日置荘西町2-46-1","34.541614","135.534007"
"日置荘西小学校","大阪府堺市東区日置荘西町6-9-1","34.538318","135.524811"
"日置荘中学校","大阪府堺市東区日置荘北町3-11-28","34.541125","135.535348"
"白鷺小学校","大阪府堺市東区白鷺町2-8-1","34.545331","135.515251"
"南八下中学校","大阪府堺市東区菩提町2-58","34.55064","135.532978"
"南八下小学校","大阪府堺市東区菩提町5-228","34.547214","135.537781"
"東文化会館","大阪府堺市東区北野田1084-136","34.523399","135.541485"
"野田小学校","大阪府堺市東区北野田897-2","34.524062","135.551169"
"初芝体育館","大阪府堺市東区野尻町221-4","34.540397","135.523131"
"釜室自治会館","大阪府堺市南区釜室685-7","34.48077","135.518999"
"美木多中学校","大阪府堺市南区鴨谷台1-47-1","34.472578","135.483341"
"美木多小学校","大阪府堺市南区鴨谷台1-48-1","34.474385","135.484072"
"鴨谷体育館","大阪府堺市南区鴨谷台2-4-1","34.474088","135.478692"
"宮山台中学校","大阪府堺市南区宮山台1-1-1","34.499874","135.503789"
"宮山台小学校","大阪府堺市南区宮山台2-2-1","34.504243","135.499206"
"原山台中学校","大阪府堺市南区原山台4-2-1","34.482279","135.494288"
"原山ひかり小学校","大阪府堺市南区原山台4-3-1","34.479395","135.493711"
"御池台小学校","大阪府堺市南区御池台2-3-1","34.465431","135.503192"
"大阪健康福祉短期大学　堺・泉ヶ丘キャンパス","大阪府堺市南区高倉台1-2-1","34.496189","135.519182"
"泉北高倉小学校","大阪府堺市南区高倉台3-5-1","34.493655","135.525651"
"三原台中学校","大阪府堺市南区三原台1-12-1","34.499953","135.523175"
"三原台小学校","大阪府堺市南区三原台3-2-1","34.5015","135.51979"
"若松台小学校","大阪府堺市南区若松台1-3-1","34.491606","135.50675"
"大阪府立泉北高等学校","大阪府堺市南区若松台3-2-2","34.490379","135.501388"
"若松台中学校","大阪府堺市南区若松台3-34-1","34.486822","135.512945"
"城山台小学校","大阪府堺市南区城山台1-20-1","34.468334","135.487981"
"大阪府立成美高等学校","大阪府堺市南区城山台4-1-1","34.463277","135.487381"
"新檜尾台小学校","大阪府堺市南区新檜尾台3-7-1","34.479844","135.476282"
"大阪府立堺東高等学校","大阪府堺市南区晴美台1-1-2","34.499272","135.534033"
"はるみ小学校","大阪府堺市南区晴美台3-3-1","34.490307","135.530957"
"晴美台中学校","大阪府堺市南区晴美台3-8-1","34.486485","135.528147"
"赤坂台中学校","大阪府堺市南区赤坂台2-1-1","34.484613","135.47715"
"赤坂台小学校","大阪府堺市南区赤坂台2-2-1","34.486486","135.476005"
"竹城台東小学校","大阪府堺市南区竹城台1-10-1","34.50316","135.511051"
"竹城台小学校","大阪府堺市南区竹城台3-2-1","34.495922","135.503637"
"茶山台小学校","大阪府堺市南区茶山台2-5-1","34.491171","135.51717"
"庭代台中学校","大阪府堺市南区庭代台2-19-1","34.46857","135.500383"
"庭代台小学校","大阪府堺市南区庭代台3-12-1","34.47425","135.499985"
"栂文化会館","大阪府堺市南区桃山台2-1-2","34.48581","135.489293"
"桃山台小学校","大阪府堺市南区桃山台2-6-1","34.489309","135.487597"
"福泉南中学校","大阪府堺市南区桃山台3-7-1","34.496801","135.481654"
"大阪府立堺西高等学校","大阪府堺市南区桃山台4-16","34.495037","135.48455"
"福泉中央小学校","大阪府堺市南区桃山台4-17-1","34.496935","135.483342"
"上神谷小学校","大阪府堺市南区片蔵1425","34.480021","135.51206"
"槇塚台小学校","大阪府堺市南区槇塚台3-39-1","34.482347","135.52775"
"さつき野中学校","大阪府堺市美原区さつき野西2-6-1","34.532181","135.580218"
"さつき野小学校","大阪府堺市美原区さつき野東1-6-1","34.532423","135.581703"
"黒山小学校","大阪府堺市美原区阿弥93","34.535522","135.556112"
"美原中学校","大阪府堺市美原区小平尾390","34.538846","135.562964"
"みはら大地幼稚園","大阪府堺市美原区菅生587","34.52319","135.570435"
"美原体育館","大阪府堺市美原区多治井878-1","34.542765","135.566969"
"美原西小学校","大阪府堺市美原区太井548","34.538606","135.553068"
"美原西中学校","大阪府堺市美原区大饗102-2","34.542564","135.547476"
"八上小学校","大阪府堺市美原区大饗117-1","34.543147","135.545719"
"美原北小学校","大阪府堺市美原区大保19","34.549305","135.561174"
"平尾小学校","大阪府堺市美原区平尾360","34.532973","135.566539"
"金岡南小学校","大阪府堺市北区金岡町1182-1","34.555586","135.511281"
"金岡小学校","大阪府堺市北区金岡町1254","34.558743","135.515169"
"金岡南中学校","大阪府堺市北区金岡町2469","34.555578","135.521459"
"大阪府立金岡高等学校","大阪府堺市北区金岡町2651","34.554171","135.527135"
"新金岡小学校","大阪府堺市北区新金岡町1-4-1","34.569679","135.511169"
"金岡北中学校","大阪府堺市北区新金岡町1-5-1","34.570832","135.511359"
"光竜寺小学校","大阪府堺市北区新金岡町3-7-1","34.572445","135.521447"
"新金岡東小学校","大阪府堺市北区新金岡町4-1-9","34.568466","135.515897"
"大泉学園（大泉小学校・中学校）","大阪府堺市北区新金岡町4-9-1","34.567015","135.522697"
"五箇荘中学校","大阪府堺市北区新堀町1-85-2","34.57717","135.509656"
"五箇荘小学校","大阪府堺市北区新堀町2-58","34.577539","135.513711"
"東浅香山小学校","大阪府堺市北区大豆塚町1-60","34.580196","135.504495"
"北八下小学校","大阪府堺市北区中村町250","34.565449","135.536549"
"八下中学校","大阪府堺市北区中村町977-20","34.560393","135.532498"
"中百舌鳥小学校","大阪府堺市北区中百舌鳥町6-1033-2","34.55065","135.507074"
"中百舌鳥中学校","大阪府堺市北区中百舌鳥町6-1034-11","34.549372","135.509312"
"金岡公園体育館","大阪府堺市北区長曽根町1179-18","34.570722","135.506351"
"長尾中学校","大阪府堺市北区長曽根町1179-5","34.573776","135.502563"
"東三国丘小学校","大阪府堺市北区東三国ヶ丘町2-2-1","34.570701","135.497635"
"新浅香山小学校","大阪府堺市北区東浅香山町3-31-4","34.585461","135.509162"
"陵南中学校","大阪府堺市北区百舌鳥西之町1-75","34.549955","135.491474"
"西百舌鳥小学校","大阪府堺市北区百舌鳥西之町1-82","34.550596","135.490309"
"百舌鳥小学校","大阪府堺市北区百舌鳥梅町2-498","34.550896","135.495586"
"五箇荘東小学校","大阪府堺市北区北花田町2-203","34.580599","135.519492"
"四條畷中学校","大阪府四條畷市岡山東5-2-10","34.743652","135.652711"
"忍ヶ丘小学校","大阪府四條畷市岡山東5-2-40","34.744096","135.653636"
"四條畷高等学校","大阪府四條畷市雁屋北町1-1","34.735293","135.636127"
"岡部小学校","大阪府四條畷市砂1-7-26","34.744593","135.635188"
"四條畷西中学校","大阪府四條畷市西中野1-4-35","34.740923","135.633208"
"大阪電気通信大学","大阪府四條畷市大字清滝1130-70","34.74368","135.660057"
"四條畷小学校","大阪府四條畷市中野872","34.739633","135.645477"
"四條畷南小学校","大阪府四條畷市中野新町11-38","34.738231","135.639445"
"田原小学校","大阪府四條畷市田原台4-2-1","34.727451","135.693506"
"北谷公園","大阪府四條畷市田原台８地内","34.71833","135.689851"
"旧四條畷南中学校","大阪府四條畷市南野5-5-1","34.736767","135.645158"
"旧四條畷東小学校","大阪府四條畷市南野6-1-25","34.737093","135.649268"
"くすのき小学校","大阪府四條畷市二丁通町18-1","34.735462","135.627914"
"芦間高等学校","大阪府守口市外島町1-43","34.741526","135.56402"
"梶中学校","大阪府守口市梶町4-28-5","34.750653","135.590252"
"梶小学校","大阪府守口市梶町4-79-12","34.751179","135.588768"
"錦コミュニティセンター","大阪府守口市菊水通4-20-10","34.724886","135.57888"
"大阪電気通信大学高等学校","大阪府守口市橋波西之町1-5-18","34.737515","135.571158"
"児童センター","大阪府守口市金田町1-4-1","34.752669","135.589192"
"金田小学校","大阪府守口市金田町3-11-11","34.756591","135.595138"
"大阪国際中学校高等学校体育館","大阪府守口市高瀬町4-1-19","34.726108","135.565606"
"庭窪小学校","大阪府守口市佐太中町1-6-10","34.756095","135.580713"
"庭窪中学校","大阪府守口市佐太中町4-1-7","34.756637","135.585629"
"佐太小学校","大阪府守口市佐太中町6-11-51","34.761571","135.587561"
"錦小学校","大阪府守口市寺方錦通2-8-45","34.722719","135.576492"
"寺方南小学校","大阪府守口市寺方元町4-1-45","34.723659","135.570063"
"さつき学園","大阪府守口市春日町13-26","34.731331","135.562498"
"樟風中学校","大阪府守口市西郷通3-14-60","34.728287","135.573401"
"よつば小学校","大阪府守口市大久保町2-17-26","34.750653","135.599375"
"大久保中学校","大阪府守口市大久保町4-23-46","34.754521","135.59933"
"東部エリアコミュニティセンター　よつば未来体育室","大阪府守口市大久保町5-3-48","34.751684","135.601407"
"東部エリアコミュニティセンター","大阪府守口市大久保町１南27-6","34.751098","135.596052"
"第一中学校","大阪府守口市竹町12-29","34.737869","135.560963"
"さくら小学校","大阪府守口市東光町2-1-4","34.7314","135.568062"
"藤田小学校","大阪府守口市藤田町1-58-18","34.749489","135.594433"
"錦中学校","大阪府守口市南寺方東通4-1-31","34.721211","135.57676"
"八雲中学校","大阪府守口市八雲西町3-5-21","34.747757","135.564748"
"八雲小学校","大阪府守口市八雲西町4-31-31","34.750067","135.567403"
"守口東高等学校","大阪府守口市八雲中町2-1-32","34.74479","135.568579"
"八雲東小学校","大阪府守口市八雲東町2-77-7","34.747374","135.577477"
"守口小学校","大阪府守口市八島町13-40","34.741086","135.565319"
"西部コミュニティセンター","大阪府守口市文園町8-8","34.729776","135.556931"
"松原商工会議所","大阪府松原市阿保1-2-30","34.577118","135.551499"
"阿保公民館","大阪府松原市阿保4-210-1","34.580987","135.556383"
"岡新町公民館","大阪府松原市岡2-10-24","34.563975","135.557015"
"岡公民館","大阪府松原市岡5-4-33","34.561103","135.554562"
"松原市民運動広場","大阪府松原市岡7-212","34.562999","135.549343"
"河合公民館","大阪府松原市河合3-8-3","34.567414","135.544112"
"三宅東公園","大阪府松原市三宅東3","34.591584","135.560201"
"上田第３町会公民館","大阪府松原市上田3-2-14","34.574502","135.555415"
"西野々会館","大阪府松原市西野々2-8-23","34.577118","135.565879"
"丹南公民館","大阪府松原市丹南3-6-11","34.557872","135.55588"
"丹南町会総合会館","大阪府松原市丹南4-113-1","34.555736","135.559407"
"天美西運動広場","大阪府松原市天美西4-230-1","34.590277","135.525375"
"天美西公園","大阪府松原市天美西5","34.587579","135.525912"
"池内総合会館","大阪府松原市天美東8-2-23","34.587118","135.533867"
"池内記念会館","大阪府松原市天美東8-6-6","34.587719","135.532762"
"堀公民館","大阪府松原市天美南4-8-28","34.582525","135.535617"
"松原中央公園","大阪府松原市田井城１地内","34.578631","135.549043"
"新栄公民館","大阪府松原市東新町1-38-8","34.582412","135.541387"
"新栄連合会館","大阪府松原市東新町2-168-2","34.580693","135.542639"
"東代公民館","大阪府松原市東新町5-10-23","34.573596","135.542237"
"新町南公園","大阪府松原市南新町３地内","34.571767","135.535927"
"別所公民館","大阪府松原市別所6-5-12","34.588829","135.564211"
"向井公民館","大阪府松原市北新町1-5-16","34.578399","135.537496"
"高木町公民館","大阪府松原市北新町5-2-24","34.581169","135.531951"
"北新町大池公園","大阪府松原市北新町３地内","34.581232","135.533025"
"立部公民館","大阪府松原市立部2-213-2","34.563795","135.563261"
"大塚運動広場","大阪府松原市立部3-399-1","34.56701","135.567561"
"市立宇谷小学校","大阪府寝屋川市宇谷町8-1","34.766333","135.645426"
"市立南小学校","大阪府寝屋川市下木田町16-15","34.74937","135.622945"
"市立市民体育館","大阪府寝屋川市下木田町16-16","34.748294","135.622496"
"市立南コミュニティセンター","大阪府寝屋川市下木田町16-50","34.748625","135.62159"
"府立西寝屋川高等学校","大阪府寝屋川市葛原2-19-1","34.771311","135.601849"
"市立西コミュニティセンター","大阪府寝屋川市葛原2-7-1","34.770491","135.605442"
"市立エスポアール","大阪府寝屋川市錦町21-3","34.760719","135.614973"
"市立成美小学校","大阪府寝屋川市錦町23-45","34.759866","135.614568"
"公立大学工業高等専門学校","大阪府寝屋川市幸町26-12","34.770463","135.629361"
"市立第一中学校","大阪府寝屋川市高宮新町32-1","34.762364","135.631667"
"市立東コミュニティセンター","大阪府寝屋川市高宮新町32-2","34.7613","135.63121"
"市立西小学校","大阪府寝屋川市高柳3-1-27","34.765359","135.610484"
"市立第九中学校","大阪府寝屋川市高柳4-16-16","34.761288","135.608181"
"市立啓明小学校","大阪府寝屋川市高柳6-3-1","34.75985","135.603849"
"市立国松緑丘小学校","大阪府寝屋川市国松町47-1","34.770568","135.637763"
"市立和光小学校","大阪府寝屋川市黒原橘町30-1","34.75624","135.602765"
"市立三井小学校","大阪府寝屋川市三井が丘3-7-3","34.772386","135.642854"
"同志社香里中学校・高等学校","大阪府寝屋川市三井南町15-1","34.772823","135.635972"
"市立第七中学校","大阪府寝屋川市讃良東町1-1","34.748687","135.625754"
"市立北小学校","大阪府寝屋川市寿町57-29","34.782762","135.625595"
"市立中央小学校","大阪府寝屋川市初町1-25","34.763775","135.625842"
"大阪電気通信大学","大阪府寝屋川市初町18-8","34.760325","135.626553"
"市立西北コミュニティセンター","大阪府寝屋川市松屋町20-30","34.785146","135.62552"
"市立西南コミュニティセンター","大阪府寝屋川市上神田1-30-1","34.756564","135.612096"
"市立第五中学校","大阪府寝屋川市上神田2-8-1","34.755318","135.607835"
"府立北かわち皐が丘高等学校","大阪府寝屋川市寝屋北町1-1","34.77368","135.655333"
"市立市民会館","大阪府寝屋川市秦町41-1","34.762884","135.631482"
"トヨタモビリティーパーツ株式会社大阪支社","大阪府寝屋川市仁和寺本町3-1-1","34.769094","135.601726"
"市立第五小学校","大阪府寝屋川市成田西町2-3","34.777061","135.638311"
"市立東北コミュニティーセンター","大阪府寝屋川市成田町3-3","34.777308","135.639742"
"市立第六中学校","大阪府寝屋川市成田町3-6","34.777902","135.641131"
"市立第十中学校","大阪府寝屋川市成田南町20-7","34.775291","135.645317"
"市立石津小学校","大阪府寝屋川市石津元町8-1","34.776582","135.620127"
"市立地域交流センター（アルカスホール）","大阪府寝屋川市早子町12-21","34.763835","135.622985"
"市立東小学校","大阪府寝屋川市太秦元町2-1","34.761433","135.633845"
"市立望が丘小学校・中学校","大阪府寝屋川市打上高塚町4-1","34.755102","135.649839"
"市立望が丘地域交流スペース","大阪府寝屋川市打上高塚町4-1","34.755818","135.649396"
"すばる・北斗福祉作業所（療育・自立センター）","大阪府寝屋川市大谷町7-1","34.763138","135.658593"
"市立池田小学校","大阪府寝屋川市池田2-1-7","34.773474","135.616797"
"市立桜小学校","大阪府寝屋川市池田新町3-23","34.77317","135.612057"
"市立池の里市民交流センター","大阪府寝屋川市池田西町24-5","34.771065","135.608582"
"市立第二中学校","大阪府寝屋川市池田西町27-7","34.769554","135.610858"
"摂南大学","大阪府寝屋川市池田中町17-8","34.780025","135.612172"
"市立中木田中学校","大阪府寝屋川市中木田町7-1","34.757947","135.621731"
"市立点野小学校","大阪府寝屋川市点野5-26-1","34.772441","135.600282"
"市立第八中学校","大阪府寝屋川市点野5-28-1","34.771392","135.59995"
"市立田井小学校","大阪府寝屋川市田井西町9-1","34.77684","135.625809"
"市立第三中学校","大阪府寝屋川市田井町17-3","34.779077","135.629711"
"市立神田小学校","大阪府寝屋川市東神田町27-1","34.754784","135.614947"
"市立楠根小学校","大阪府寝屋川市楠根南町21-1","34.751527","135.630948"
"市立友呂岐中学校","大阪府寝屋川市日新町2-25","34.781052","135.624018"
"株式会社平和堂　アル・プラザ香里園","大阪府寝屋川市日新町5-5","34.783184","135.6233"
"香里ヌヴェール学院（旧　大阪聖母女学院）","大阪府寝屋川市美井町18-10","34.781024","135.636249"
"市立木屋小学校","大阪府寝屋川市豊里町19-22","34.784855","135.619703"
"市立堀溝小学校","大阪府寝屋川市堀溝3-10-8","34.738381","135.625645"
"府立寝屋川高等学校","大阪府寝屋川市本町15-64","34.764848","135.625907"
"総合教育研修センター","大阪府寝屋川市明徳1-1-1","34.777018","135.649514"
"学び館　東障害福祉センター","大阪府寝屋川市明和1-13-23","34.752091","135.642514"
"市立木田小学校","大阪府寝屋川市木田元宮1-17-1","34.752323","135.621324"
"岸部第一小学校","大阪府吹田市岸部中2-19-1","34.777075","135.536035"
"大阪学院大学・高等学校","大阪府吹田市岸部南2-6-1","34.775427","135.540976"
"第二中学校","大阪府吹田市岸部北1-21-1","34.780655","135.527104"
"岸部第二小学校","大阪府吹田市岸部北4-12-1","34.782376","135.529155"
"ＧＬＡ近畿会館","大阪府吹田市金田町28-17","34.757609","135.506583"
"吹田第一小学校","大阪府吹田市元町30-35","34.759932","135.523352"
"吹田高校","大阪府吹田市原町4-24-14","34.777589","135.528078"
"古江台中学校","大阪府吹田市古江台1-1-1","34.808069","135.50643"
"古江公園","大阪府吹田市古江台5-4","34.81334","135.512753"
"古江台小学校","大阪府吹田市古江台5-6-1","34.815503","135.50998"
"東佐井寺小学校","大阪府吹田市五月が丘西4-1","34.786804","135.522685"
"佐井寺中学校","大阪府吹田市五月が丘南5-1","34.784276","135.526259"
"吹田東小学校","大阪府吹田市幸町20-1","34.767716","135.535753"
"第五中学校","大阪府吹田市幸町21-1","34.768302","135.53625"
"ラ・ヴィベール江坂","大阪府吹田市江の木町2-39","34.757504","135.495468"
"向洋電気（株）","大阪府吹田市江の木町20-15","34.754474","135.49306"
"豊津第一小学校","大阪府吹田市江坂町1-15-42","34.761424","135.499856"
"江坂公園","大阪府吹田市江坂町1-19","34.759205","135.499926"
"豊津第二小学校","大阪府吹田市江坂町2-5-1","34.762347","135.494972"
"江坂大池小学校","大阪府吹田市江坂町3-13-1","34.766371","135.495865"
"吹田第三小学校","大阪府吹田市高城町18-39","34.762383","135.530439"
"高野公園","大阪府吹田市高野台1-4","34.794118","135.514979"
"高野台小学校","大阪府吹田市高野台2-16-1","34.795866","135.515667"
"千里高校","大阪府吹田市高野台2-17-1","34.800013","135.514924"
"高野台中学校","大阪府吹田市高野台4-5-1","34.791975","135.519324"
"佐井寺小学校","大阪府吹田市佐井寺3-3-1","34.786179","135.516904"
"佐井寺南が丘公園","大阪府吹田市佐井寺南が丘14","34.779341","135.518547"
"佐竹公園","大阪府吹田市佐竹台3-4","34.789467","135.514278"
"ねむのき公園","大阪府吹田市佐竹台4-10","34.78714","135.516976"
"佐竹台小学校","大阪府吹田市佐竹台4-12-1","34.787922","135.515224"
"山手小学校","大阪府吹田市山手町2-15-43","34.767","135.511184"
"関西大学・第一中学校・第一高等学校","大阪府吹田市山手町3-3","34.770218","135.508599"
"山田中学校","大阪府吹田市山田市場15-1","34.792622","135.53882"
"山田第三小学校","大阪府吹田市山田西1-4-1","34.792932","135.531785"
"山田第五小学校","大阪府吹田市山田西1-6-1","34.791693","135.534185"
"西山田小学校","大阪府吹田市山田西2-10-1","34.795557","135.524466"
"西山田中学校","大阪府吹田市山田西2-11-1","34.796533","135.523025"
"山田スポーツグラウンド","大阪府吹田市山田西2-17-1","34.798903","135.524683"
"山田第一小学校","大阪府吹田市山田東2-33-2","34.799822","135.528684"
"山田高校","大阪府吹田市山田東3-28-1","34.801288","135.528842"
"山田東中学校","大阪府吹田市山田東4-33-1","34.803101","135.527772"
"武田薬品工業㈱吹田寮（運動場）","大阪府吹田市山田南48","34.78917","135.534065"
"北山田小学校","大阪府吹田市山田北1-1","34.808207","135.520824"
"寿町藤原ビル","大阪府吹田市寿町2-26-9","34.753269","135.518733"
"千里新田小学校","大阪府吹田市春日4-10-1","34.784644","135.500011"
"吹田市立勤労者会館（アスワーク吹田）","大阪府吹田市昭和町12-1","34.762428","135.527241"
"豊津中学校","大阪府吹田市垂水町3-32-50","34.758316","135.504137"
"青山台小学校","大阪府吹田市青山台2-5-1","34.821989","135.504074"
"青山台中学校","大阪府吹田市青山台4-2-1","34.822447","135.508431"
"青山公園","大阪府吹田市青山台4-4","34.824011","135.504886"
"千里丘中学校","大阪府吹田市青葉丘南15-1","34.803676","135.548086"
"東山田小学校","大阪府吹田市青葉丘南15-10","34.805333","135.548927"
"吹田東高校","大阪府吹田市青葉丘南16-1","34.805217","135.547182"
"山田第二小学校","大阪府吹田市千里丘下19-1","34.793521","135.550246"
"南山田小学校","大阪府吹田市千里丘西9-1","34.794366","135.543435"
"スーパービバホーム吹田千里丘店","大阪府吹田市千里丘北1-2","34.800751","135.542707"
"千里丘北小学校","大阪府吹田市千里丘北1-30","34.799928","135.544885"
"千里第二小学校","大阪府吹田市千里山松が丘25-1","34.779043","135.509286"
"千里第三小学校","大阪府吹田市千里山西2-13-1","34.772643","135.500031"
"第一中学校","大阪府吹田市千里山西2-2-1","34.772612","135.502208"
"済生会吹田病院","大阪府吹田市川園町1-2","34.761556","135.534705"
"文化会館（メイシアター）","大阪府吹田市泉町2-29-1","34.759738","135.515308"
"吹田第二小学校","大阪府吹田市泉町3-15-18","34.758691","135.510842"
"リーサイド豊津","大阪府吹田市泉町5-11-12","34.763692","135.511761"
"竹見台中学校","大阪府吹田市竹見台1-3-1","34.795657","135.504087"
"千里たけみ小学校","大阪府吹田市竹見台3-3-1","34.795606","135.501718"
"竹見公園","大阪府吹田市竹見台4-3","34.796342","135.498602"
"片山中学校","大阪府吹田市竹谷町35-1","34.778297","135.521029"
"総合運動場","大阪府吹田市竹谷町37-1","34.779763","135.522607"
"第三中学校","大阪府吹田市中の島町3-51","34.752065","135.522762"
"片山小学校","大阪府吹田市朝日が丘町16-1","34.769919","135.518803"
"津雲公園","大阪府吹田市津雲台3-13","34.801264","135.51129"
"津雲台小学校","大阪府吹田市津雲台4-7-1","34.802394","135.509684"
"桃山台小学校","大阪府吹田市桃山台1-5-1","34.791857","135.503388"
"桃山公園","大阪府吹田市桃山台2-10","34.792106","135.498157"
"南千里中学校","大阪府吹田市桃山台4-2-1","34.787607","135.500343"
"桃山台スポーツグラウンド","大阪府吹田市桃山台5-5-1","34.790632","135.49638"
"藤白台小学校","大阪府吹田市藤白台3-3-1","34.81967","135.5155"
"藤白公園","大阪府吹田市藤白台3-4","34.819232","135.514262"
"千里金蘭大学・短期大学部・高等学校・中学校","大阪府吹田市藤白台5-25-1","34.826356","135.514842"
"北千里高校","大阪府吹田市藤白台5-6-1","34.828651","135.506883"
"内本町コミュニティーセンター","大阪府吹田市内本町2-2-12","34.758339","135.525835"
"ライフケア吹田","大阪府吹田市内本町3-25-16","34.754471","135.523392"
"南吹田公園","大阪府吹田市南金田1-12","34.754019","135.506941"
"ＧＬＡ近畿会館別館","大阪府吹田市南金田2-1-31","34.757113","135.506249"
"ビケンテクノ本社ビル","大阪府吹田市南金田2-12-1","34.755293","135.505468"
"ＮＥＳＣＯ総合ビル","大阪府吹田市南吹田1-5-25","34.751405","135.511816"
"ダスキン大阪中央工場","大阪府吹田市南吹田4-19-5","34.747384","135.50359"
"吹田南小学校","大阪府吹田市南吹田5-12-1","34.752163","135.503901"
"アドリーム江坂","大阪府吹田市南吹田5-37-35","34.751902","135.497717"
"吹田第六小学校","大阪府吹田市南清和園町43-1","34.753665","135.514779"
"千里第一小学校","大阪府吹田市片山町4-32-10","34.76939","135.526584"
"第六中学校","大阪府吹田市穂波町16-1","34.755597","135.509962"
"シティハウス吹田穂波公園","大阪府吹田市穂波町7-30","34.756399","135.51098"
"大阪府立吹田支援学校","大阪府吹田市芳野町13-120","34.755981","135.488494"
"江坂スクエアビル","大阪府吹田市芳野町14-33","34.752353","135.491145"
"ダスキンスクール","大阪府吹田市芳野町5-32","34.756899","135.488108"
"ダスキンピア","大阪府吹田市豊津町1-33","34.760385","135.496374"
"トップ産業ビル","大阪府吹田市豊津町12-43","34.759147","135.494751"
"豊津西中学校","大阪府吹田市豊津町6-1","34.760432","135.494514"
"味生公民館","大阪府摂津市一津屋1-16-13","34.761469","135.567645"
"市営一津屋第２団地","大阪府摂津市一津屋1-34-1","34.761431","135.566699"
"府営摂津味生住宅","大阪府摂津市一津屋1-38-1","34.759512","135.566556"
"味生小学校","大阪府摂津市一津屋2-19-1","34.760091","135.564929"
"市営一津屋第１団地","大阪府摂津市一津屋2-26-2","34.762115","135.565679"
"大阪漁具株式会社","大阪府摂津市一津屋3-13-1","34.765809","135.566892"
"第三中学校","大阪府摂津市学園町1-3-1","34.784983","135.559004"
"大阪府立摂津高等学校","大阪府摂津市学園町1-5-1","34.787348","135.560262"
"三宅柳田小学校","大阪府摂津市学園町2-9-1","34.784175","135.560261"
"三星ダイヤモンド工業株式会社　本社　エントランスロビー（１階）、食堂（４階）","大阪府摂津市香露園32-12","34.785024","135.556491"
"摂津市民文化ホール","大阪府摂津市香露園32-19","34.785677","135.556341"
"教育センター","大阪府摂津市香露園34-1","34.78461","135.557286"
"大阪職業訓練支援センターＪ棟","大阪府摂津市三島1-2-1","34.775041","135.562618"
"味舌小学校","大阪府摂津市三島2-13-38","34.776532","135.556285"
"市営三島住宅","大阪府摂津市三島2-5-2","34.778403","135.558749"
"摂津小学校","大阪府摂津市三島3-14-60","34.781418","135.555776"
"学校法人浪工学園星翔高等学校","大阪府摂津市三島3-5-36","34.779059","135.554789"
"大阪人間科学大学Ａ、Ｂ号館","大阪府摂津市庄屋1-12-13","34.77965","135.547411"
"太中浄水場","大阪府摂津市昭和園6-11","34.789712","135.558183"
"株式会社　かんでんエンジニアリング","大阪府摂津市新在家2-24-1","34.769079","135.568241"
"味舌体育館","大阪府摂津市正雀1-1-6","34.77854","135.551617"
"薫英学園","大阪府摂津市正雀1-4-1","34.778121","135.55073"
"認定こども園　正雀愛育園　３階、屋上","大阪府摂津市正雀4-12-23","34.772706","135.555073"
"正雀体育館","大阪府摂津市正雀4-2-3","34.77444","135.555762"
"市民図書館","大阪府摂津市正雀4-9-25","34.772395","135.553174"
"安威川公民館","大阪府摂津市正雀4-9-28","34.772519","135.553383"
"正雀市民ルーム","大阪府摂津市正雀本町1-11-1","34.775248","135.548337"
"府営摂津正雀住宅","大阪府摂津市正雀本町1-3-1","34.774586","135.548128"
"千里丘小学校","大阪府摂津市千里丘3-15-4","34.789127","135.544287"
"千里丘公民館","大阪府摂津市千里丘3-9-47","34.787537","135.547166"
"芦森工業　大阪工場","大阪府摂津市千里丘7-11-61","34.784545","135.539956"
"ニプロ株式会社（１階ホール１）","大阪府摂津市千里丘新町3-26","34.781461","135.542295"
"子育て総合支援センター遊戯室（旧三宅小学校）","大阪府摂津市千里丘東1-17-46","34.792745","135.554929"
"小規模特養摂津いやし園","大阪府摂津市鳥飼下1-13-15","34.776141","135.58778"
"特別養護老人ホーム摂津いやし園","大阪府摂津市鳥飼下1-13-7","34.776634","135.587603"
"鳥飼小学校","大阪府摂津市鳥飼下1-7-1","34.777577","135.588998"
"摂津支援学校・とりかい高等支援学校","大阪府摂津市鳥飼上1-1-15","34.785514","135.600655"
"鳥飼東小学校","大阪府摂津市鳥飼上3-4-51","34.786397","135.592964"
"第五中学校","大阪府摂津市鳥飼新町1-10-1","34.786221","135.587444"
"府営摂津鳥飼西住宅","大阪府摂津市鳥飼西2-35-1","34.770466","135.577297"
"鳥飼西小学校","大阪府摂津市鳥飼西3-1-1","34.769315","135.58013"
"とりかいこども園・第２児童センター","大阪府摂津市鳥飼西3-1-2","34.769096","135.580597"
"マンハイム淀川公園","大阪府摂津市鳥飼中1-2-10","34.781825","135.593745"
"アーバンハイツ","大阪府摂津市鳥飼中1-30-17","34.779496","135.589991"
"摂津モラロジー事務所","大阪府摂津市鳥飼中2-9-22","34.783531","135.591547"
"第二中学校","大阪府摂津市鳥飼八防2-1-1","34.770933","135.575225"
"新鳥飼公民館","大阪府摂津市鳥飼本町1-9-45","34.778969","135.585854"
"鳥飼体育館","大阪府摂津市鳥飼本町1-9-45","34.779154","135.585575"
"鳥飼北小学校","大阪府摂津市鳥飼本町5-10-1","34.776354","135.578629"
"株式会社都島製作所　摂津事業部　工場中２階会議室、工場屋上","大阪府摂津市鳥飼本町5-16-25","34.773891","135.578652"
"株式会社バイセップス　摂津営業所　寄宿舎屋上","大阪府摂津市鳥飼和道1-9-9","34.762317","135.572589"
"１２３摂津店　２階駐車場、３階駐車場、４階駐車場","大阪府摂津市鶴野2-2-9","34.78032","135.561828"
"アドリーム千里丘","大阪府摂津市鶴野4-3-34","34.781712","135.566775"
"ＮＸ・ＮＰロジスティクス株式会社","大阪府摂津市東別府3-2-6","34.768012","135.563429"
"第四中学校","大阪府摂津市東別府4-6-1","34.767388","135.557651"
"ダイキンサンライズ摂津","大阪府摂津市東別府4-9-9","34.765244","135.557484"
"別府小学校","大阪府摂津市東別府5-1-33","34.77074","135.55767"
"摂津市立葬儀会館（せっつメモリアルホール）","大阪府摂津市東別府5-1-44","34.771679","135.558647"
"第一中学校","大阪府摂津市南千里丘3-20","34.78378","135.555393"
"コミュニティプラザ","大阪府摂津市南千里丘5-35","34.786176","135.554662"
"府営摂津南別府住宅","大阪府摂津市南別府町9-1","34.75818","135.551687"
"別府コミュニティセンター","大阪府摂津市別府2-10-21","34.765704","135.55384"
"味生体育館","大阪府摂津市別府2-3-1","34.767845","135.553317"
"大阪経済大学　摂津キャンパス　クラブハウス","大阪府摂津市別府3-15-25","34.761021","135.550733"
"千早小吹台小学校体育館","大阪府千早赤阪村大字小吹68-780","34.439383","135.607983"
"千早小吹台小学校運動場","大阪府千早赤阪村大字小吹68-780","34.439498","135.608396"
"くすのきホール駐車場","大阪府千早赤阪村大字水分263","34.464118","135.625351"
"くすのきホール","大阪府千早赤阪村大字水分263","34.463778","135.625875"
"多聞尚学館運動場","大阪府千早赤阪村大字千早1040","34.41755","135.647497"
"村民運動場","大阪府千早赤阪村大字東阪255-1","34.450699","135.615301"
"Ｂ＆Ｇ海洋センター体育館","大阪府千早赤阪村大字東阪255-1","34.449908","135.616738"
"旧千早小学校運動場","大阪府千早赤阪村大字東阪388","34.442044","135.623016"
"いきいきサロンくすのき","大阪府千早赤阪村大字二河原邊8-1","34.463898","135.626248"
"りんくう北公園","大阪府泉佐野市りんくう往来北2-50","34.416732","135.312472"
"葵中央公園","大阪府泉佐野市葵町1-6252","34.401287","135.320793"
"第三小学校","大阪府泉佐野市旭町4-6","34.413724","135.323161"
"佐野中学校","大阪府泉佐野市羽倉崎4-3-12","34.404898","135.298155"
"船岡公園","大阪府泉佐野市岡本4-275-5","34.391377","135.301041"
"北部市民交流センター本館","大阪府泉佐野市下瓦屋222-1","34.417577","135.342503"
"第三中学校","大阪府泉佐野市下瓦屋500","34.420862","135.334473"
"笠松北公園","大阪府泉佐野市笠松1-3986-106","34.412576","135.307737"
"府立佐野工科高校","大阪府泉佐野市高松東1-3-50","34.405835","135.317495"
"第二小学校","大阪府泉佐野市高松北2-1-7","34.407993","135.313376"
"高松公園","大阪府泉佐野市高松北2-1925-7","34.407552","135.312515"
"生涯学習センター","大阪府泉佐野市市場東1-2-1","34.404536","135.32729"
"府立佐野高等学校","大阪府泉佐野市市場東2-14-1","34.405768","135.323887"
"中央小学校","大阪府泉佐野市市場南1-9-1","34.401848","135.326594"
"檀波羅公園","大阪府泉佐野市市場南3-29-1","34.398835","135.330409"
"コンビナート背後緑地","大阪府泉佐野市住吉町11-1","34.423572","135.324858"
"新池中学校","大阪府泉佐野市松風台1-1151-1","34.401021","135.33444"
"市青少年課事務所","大阪府泉佐野市上瓦屋610-3","34.418741","135.340626"
"長坂公園","大阪府泉佐野市上瓦屋954-3","34.415466","135.34285"
"上之郷公園","大阪府泉佐野市上之郷1305-2","34.374708","135.335559"
"上之郷小学校","大阪府泉佐野市上之郷1680","34.373958","135.326427"
"上之郷コミニュティーセンター","大阪府泉佐野市上之郷1910-3","34.37475","135.32479"
"健康増進センター","大阪府泉佐野市新安松1-1-21","34.400164","135.309571"
"末広公園","大阪府泉佐野市新安松1-1-23","34.400187","135.307734"
"湊公園","大阪府泉佐野市新浜町3","34.421408","135.322026"
"奥池公園","大阪府泉佐野市泉ケ丘1-551","34.412043","135.349905"
"二中公園","大阪府泉佐野市大西1-1660-1","34.40959","135.311816"
"佐野公民館","大阪府泉佐野市大西1-23-9","34.409952","135.312546"
"大木防災拠点","大阪府泉佐野市大木1438-1","34.354105","135.369605"
"大木小学校","大阪府泉佐野市大木1443","34.353919","135.370211"
"日新小学校","大阪府泉佐野市中庄801","34.415342","135.327413"
"長南小学校","大阪府泉佐野市長滝418","34.384944","135.310812"
"北部市民交流センター青少年分館","大阪府泉佐野市鶴原1016-1","34.419486","135.344331"
"北部市民交流センター体育分館","大阪府泉佐野市鶴原1016-1","34.419663","135.34446"
"長坂小学校","大阪府泉佐野市鶴原1053","34.418171","135.344939"
"北中小学校","大阪府泉佐野市鶴原2-2-68","34.427567","135.336304"
"土丸町会館","大阪府泉佐野市土丸50-1","34.370517","135.355182"
"佐野台小学校","大阪府泉佐野市東佐野台1-1","34.409099","135.344395"
"末広小学校","大阪府泉佐野市南中安松1545","34.397922","135.310903"
"長南中学校","大阪府泉佐野市南中安松888","34.386739","135.304022"
"南の池公園","大阪府泉佐野市南中安松951-3","34.38856","135.308652"
"長南公民館","大阪府泉佐野市南中樫井1","34.385624","135.303922"
"上田ヶ丘公園","大阪府泉佐野市南中樫井1065","34.384994","135.291275"
"樫井東中公園","大阪府泉佐野市南中樫井347-1","34.382918","135.296577"
"南部市民交流センター福祉分館","大阪府泉佐野市南中樫井421","34.384145","135.293162"
"南部市民交流センター体育分館","大阪府泉佐野市南中樫井428-1","34.383756","135.293402"
"南部市民交流センター本館","大阪府泉佐野市南中樫井476-2","34.383538","135.292819"
"泉佐野南部公園","大阪府泉佐野市南中樫井897-2","34.379736","135.295169"
"日根野公民館","大阪府泉佐野市日根野1660-1","34.379636","135.336606"
"日根野小学校","大阪府泉佐野市日根野1684","34.380698","135.336226"
"日根野中学校","大阪府泉佐野市日根野1699","34.380792","135.338453"
"府立日根野高等学校","大阪府泉佐野市日根野2372-1","34.391162","135.338943"
"東上公園","大阪府泉佐野市日根野72-93","34.375612","135.342058"
"日根野駅前１号公園","大阪府泉佐野市日根野7322","34.390222","135.333029"
"第一小学校","大阪府泉佐野市野出町1-34","34.414308","135.312537"
"テクスピア大阪","大阪府泉大津市旭町22-45","34.501473","135.408497"
"勤労青少年ホーム","大阪府泉大津市下条町11-28","34.499877","135.412801"
"えびす認定こども園","大阪府泉大津市下之町4-7","34.501137","135.397691"
"戎小学校","大阪府泉大津市河原町3-7","34.50182","135.394666"
"穴師幼稚園","大阪府泉大津市我孫子1-12-1","34.495464","135.417703"
"穴師小学校","大阪府泉大津市我孫子1-12-10","34.49496","135.417016"
"楠小学校","大阪府泉大津市我孫子2-4-7","34.493019","135.4123"
"くすのき認定こども園","大阪府泉大津市我孫子2-7-1","34.492458","135.411593"
"三十合池公園","大阪府泉大津市我孫子99-1","34.48885","135.417337"
"保健センター","大阪府泉大津市宮町2-25","34.499925","135.419851"
"総合体育館","大阪府泉大津市宮町2-50","34.500346","135.419095"
"条南小学校","大阪府泉大津市宮町9-1","34.500664","135.419684"
"条南幼稚園","大阪府泉大津市寿町16-16","34.503187","135.420471"
"小津中学校","大阪府泉大津市助松町2-13-1","34.516368","135.418468"
"助松公園","大阪府泉大津市助松町4","34.515321","135.415857"
"浜小学校","大阪府泉大津市小松町5-6","34.509076","135.408394"
"旭小学校","大阪府泉大津市昭和町2-27","34.50056","135.404941"
"旭幼稚園","大阪府泉大津市昭和町4-38","34.499593","135.406068"
"浜保育所","大阪府泉大津市菅原町13-29","34.506931","135.40398"
"畦田公園","大阪府泉大津市千原町2-12-1","34.505538","135.427584"
"条東小学校","大阪府泉大津市千原町2-12-1","34.506157","135.428581"
"池上曽根弥生学習館","大阪府泉大津市千原町2-12-45","34.505246","135.427966"
"古池公園","大阪府泉大津市曽根町3-6","34.505451","135.41978"
"要保育所","大阪府泉大津市池浦515-6","34.491101","135.419886"
"穴師公園","大阪府泉大津市池浦町3-14-633-1","34.495751","135.416286"
"誠風中学校","大阪府泉大津市池浦町4-1-1","34.499013","135.413486"
"東陽中学校","大阪府泉大津市池浦町4-4-1","34.499853","135.414299"
"東雲公園","大阪府泉大津市東雲町9","34.504639","135.411386"
"総合福祉センター","大阪府泉大津市東雲町9-15","34.505187","135.410572"
"高齢者保健・福祉支援センター","大阪府泉大津市東雲町9-54","34.503831","135.411412"
"東港公園","大阪府泉大津市東港町16","34.506722","135.398911"
"上條小学校","大阪府泉大津市東助松町3-13-1","34.511124","135.42243"
"かみじょう認定こども園","大阪府泉大津市東助松町4-8-18","34.511497","135.421924"
"北公民館","大阪府泉大津市東助松町4-8-4","34.511736","135.421333"
"南公民館","大阪府泉大津市楠町西1-7","34.493625","135.410483"
"泉大津高等学校","大阪府泉大津市北豊中町1-1-1","34.497809","135.422175"
"西信達中学校","大阪府泉南市岡田3-24-1","34.383196","135.280074"
"西信達公民館","大阪府泉南市岡田3-9-7","34.383889","135.277375"
"西信達小学校","大阪府泉南市岡田5-24-1","34.384891","135.276887"
"岡中老人集会場","大阪府泉南市信達岡中620","34.349962","135.274311"
"東小学校","大阪府泉南市信達金熊寺553","34.336386","135.291463"
"鳴滝小学校","大阪府泉南市信達市場1602","34.369753","135.275352"
"市場老人集会場","大阪府泉南市信達市場2076-1","34.368749","135.283042"
"砂川老人集会場","大阪府泉南市信達市場222-6","34.360764","135.289206"
"砂川小学校","大阪府泉南市信達市場450-6","34.363739","135.293588"
"一丘中学校","大阪府泉南市信達市場543-12","34.368178","135.288008"
"サンプラザ新家集会所","大阪府泉南市信達大苗代1128-1","34.366713","135.293483"
"埋蔵文化財センター","大阪府泉南市信達大苗代374-4","34.375303","135.28935"
"大苗代老人集会場","大阪府泉南市信達大苗代600-1","34.374294","135.285417"
"信達中学校","大阪府泉南市信達牧野34-1","34.35705","135.281666"
"信達公民館","大阪府泉南市信達牧野413","34.362667","135.280892"
"信達小学校","大阪府泉南市信達牧野705","34.36476","135.27702"
"六尾老人集会場","大阪府泉南市信達六尾324-2","34.344564","135.288572"
"八幡山区民会館","大阪府泉南市新家1440","34.362256","135.307922"
"一丘小学校","大阪府泉南市新家285-7","34.371019","135.29363"
"新家公民館","大阪府泉南市新家2948","34.370961","135.298788"
"中村老人集会場","大阪府泉南市新家2976-5","34.372245","135.297057"
"下村老人集会場","大阪府泉南市新家3552-1","34.376082","135.296618"
"新家小学校","大阪府泉南市新家975","34.366549","135.301241"
"府立りんくう翔南高等学校","大阪府泉南市樽井2-35-54","34.367107","135.265217"
"泉南中学校","大阪府泉南市樽井2-9-1","34.365608","135.272482"
"樽井小学校","大阪府泉南市樽井4-29-1","34.370511","135.258121"
"樽井防災コミュニティセンター","大阪府泉南市樽井5-14-12","34.371203","135.262939"
"樽井公民館","大阪府泉南市樽井6-11-16","34.372067","135.263019"
"ニチイキッズ泉南保育園","大阪府泉南市樽井8-7-5","34.374686","135.269899"
"市民交流センター","大阪府泉南市樽井9-16-2","34.372405","135.271677"
"雄信小学校","大阪府泉南市男里3-11-1","34.360304","135.25668"
"浜保育所","大阪府泉南市男里7-13-1","34.374296","135.255742"
"浜老人集会場","大阪府泉南市男里7-29-20","34.371051","135.252904"
"兎田老人集会場","大阪府泉南市兎田469-1","34.377076","135.309717"
"新家東小学校","大阪府泉南市兎田729-3","34.373704","135.308668"
"くすのき幼稚園","大阪府泉南市馬場1-3-1","34.362879","135.270714"
"幡代老人集会場","大阪府泉南市幡代1-13-19","34.355048","135.263631"
"別所老人集会場","大阪府泉南市別所222","34.363864","135.321006"
"万葉ホール","大阪府太子町山田104-1","34.518849","135.647476"
"山田集会所","大阪府太子町山田301-1","34.516744","135.650905"
"山田小学校（グランド）","大阪府太子町山田372","34.51544","135.652585"
"山田小学校（体育館）","大阪府太子町山田372","34.515326","135.651842"
"春日集会所","大阪府太子町春日1423-5","34.523934","135.64683"
"町立中学校（グランド）","大阪府太子町春日1479","34.516826","135.645958"
"町立中学校（体育館）","大阪府太子町春日1479","34.515911","135.646162"
"青少年グランド","大阪府太子町春日1564","34.519967","135.642603"
"磯長小学校（グランド）","大阪府太子町春日1569","34.519119","135.64268"
"磯長小学校（体育館）","大阪府太子町春日1569","34.519534","135.643034"
"聖和台第１公園","大阪府太子町聖和台4-10","34.528232","135.638514"
"上宮太子高等学校（体育館）","大阪府太子町太子1050","34.516115","135.637419"
"上宮太子高等学校（グランド）","大阪府太子町太子1050","34.515567","135.636625"
"太子・和みの広場","大阪府太子町太子2059","34.518705","135.640519"
"伽山集会所","大阪府太子町太子724-1","34.517134","135.631587"
"畑集会所","大阪府太子町畑315-1","34.504708","135.65943"
"畑薬師山公園","大阪府太子町畑725-1","34.506717","135.654491"
"葉室集会所","大阪府太子町葉室1083","34.511444","135.640098"
"葉室公園","大阪府太子町葉室1123-1","34.510889","135.642922"
"東小学校","大阪府大阪狭山市狭山3-2497-1","34.506267","135.555029"
"狭山中学校","大阪府大阪狭山市狭山4-2272-2","34.505866","135.555963"
"西小学校","大阪府大阪狭山市今熊1-22","34.497065","135.545304"
"南第一小学校","大阪府大阪狭山市西山台3-2-1","34.487745","135.542312"
"南第三小学校","大阪府大阪狭山市西山台6-19-7","34.488107","135.535928"
"南中学校","大阪府大阪狭山市大野台3-2-1","34.480244","135.54685"
"南第二小学校","大阪府大阪狭山市大野台3-23-1","34.477821","135.540442"
"池尻体育館","大阪府大阪狭山市池尻中3-639-11","34.508897","135.550896"
"北小学校","大阪府大阪狭山市池尻北2-20-7","34.514585","135.554598"
"総合体育館","大阪府大阪狭山市池之原4-248","34.506168","135.540487"
"狭山水みらいセンター","大阪府大阪狭山市東池尻6-1647","34.514872","135.560896"
"東野幼稚園","大阪府大阪狭山市東野中2-22","34.519393","135.558989"
"第七小学校","大阪府大阪狭山市東茱萸木2-865","34.486528","135.554224"
"府立狭山高等学校","大阪府大阪狭山市半田4-1510","34.495258","135.549478"
"第三中学校","大阪府大阪狭山市茱萸木2-397","34.490746","135.551293"
"晴明丘公園","大阪府大阪市阿倍野区阿倍野元町15","34.629679","135.507825"
"金塚小学校（運動場）","大阪府大阪市阿倍野区旭町3-4-46","34.642484","135.507534"
"北畠公園","大阪府大阪市阿倍野区王子町3-8","34.628553","135.509672"
"阪南公園","大阪府大阪市阿倍野区王子町4-1","34.626003","135.511766"
"大阪キリスト教短期大学（運動場）","大阪府大阪市阿倍野区丸山通1-3-61","34.636878","135.507039"
"丸山小学校（運動場）","大阪府大阪市阿倍野区丸山通1-4-43","34.636655","135.508643"
"共立児童遊園","大阪府大阪市阿倍野区共立通1-1","34.639818","135.50866"
"大谷高等学校（運動場）","大阪府大阪市阿倍野区共立通2-8-4","34.638671","135.505991"
"阪南西公園","大阪府大阪市阿倍野区阪南町1-19","34.637163","135.512863"
"阪南北公園","大阪府大阪市阿倍野区阪南町1-23","34.636711","135.51508"
"苗代小学校（運動場）","大阪府大阪市阿倍野区阪南町1-26-30","34.635396","135.516619"
"阿倍野高等学校（運動場）","大阪府大阪市阿倍野区阪南町1-30-34","34.635436","135.514795"
"阪南中公園","大阪府大阪市阿倍野区阪南町1-49","34.633596","135.514731"
"阿倍野小学校（運動場）","大阪府大阪市阿倍野区阪南町2-17-21","34.631805","135.513273"
"新阪南公園","大阪府大阪市阿倍野区阪南町3-34","34.627678","135.514983"
"阪南小学校（運動場）","大阪府大阪市阿倍野区阪南町5-7-40","34.624218","135.51244"
"阪南播磨公園","大阪府大阪市阿倍野区阪南町6-3","34.62099","135.511404"
"三明北公園","大阪府大阪市阿倍野区三明町1-4","34.64225","135.521449"
"大阪府立天王寺高等学校","大阪府大阪市阿倍野区三明町2-4-23","34.639777","135.52098"
"三明町公園","大阪府大阪市阿倍野区三明町2-9","34.639919","135.519383"
"桃山学院高等学校（運動場）","大阪府大阪市阿倍野区昭和町3-1-64","34.629419","135.517334"
"阿倍野中学校（運動場）","大阪府大阪市阿倍野区昭和町3-2-4","34.628297","135.518405"
"大阪教育大学附属天王寺小学校（運動場）","大阪府大阪市阿倍野区松崎町1-2-45","34.644419","135.518484"
"常盤小学校（運動場）","大阪府大阪市阿倍野区松崎町3-11-12","34.641016","135.517187"
"常盤公園","大阪府大阪市阿倍野区松崎町3-2","34.641818","135.517851"
"松崎公園","大阪府大阪市阿倍野区松崎町3-7","34.641558","135.513689"
"まつむし広場","大阪府大阪市阿倍野区松虫通1-2","34.636691","135.509655"
"聖天山公園","大阪府大阪市阿倍野区松虫通3-2","34.635808","135.503537"
"松虫中学校（運動場）","大阪府大阪市阿倍野区松虫通3-4-45","34.634787","135.50483"
"晴明丘小学校（運動場）","大阪府大阪市阿倍野区晴明通10-34","34.632148","135.503976"
"晴明通児童遊園","大阪府大阪市阿倍野区晴明通3","34.633136","135.507531"
"晴明丘相生公園","大阪府大阪市阿倍野区相生通2-7","34.630432","135.503413"
"長池公園","大阪府大阪市阿倍野区長池町14","34.621838","135.518625"
"長池小学校（運動場）","大阪府大阪市阿倍野区長池町20-26","34.621983","135.517166"
"晴明丘南小学校（運動場）","大阪府大阪市阿倍野区帝塚山1-23-8","34.624401","135.496442"
"八反田児童遊園","大阪府大阪市阿倍野区天王寺町南1-6","34.642829","135.522187"
"高松南公園","大阪府大阪市阿倍野区天王寺町南3-12","34.639862","135.52596"
"睦児童遊園","大阪府大阪市阿倍野区天王寺町北2-2","34.647371","135.524812"
"曙児童遊園","大阪府大阪市阿倍野区天王寺町北2-24","34.644928","135.523169"
"高松公園","大阪府大阪市阿倍野区天王寺町北3-17","34.64383","135.524477"
"高松小学校（運動場）","大阪府大阪市阿倍野区天王寺町北3-17-19","34.643467","135.525279"
"あべの翔学高等学校（運動場）","大阪府大阪市阿倍野区天王寺南町2-8-19","34.641894","135.526232"
"桃ヶ池公園","大阪府大阪市阿倍野区桃ケ池町1","34.630755","135.521442"
"昭和中学校（運動場）","大阪府大阪市阿倍野区桃ケ池町2-3-17","34.628345","135.521331"
"播磨大領公園","大阪府大阪市阿倍野区播磨町3-4","34.61796","135.508346"
"文の里中学校（運動場）","大阪府大阪市阿倍野区美章園1-5-52","34.639556","135.522414"
"美章園公園","大阪府大阪市阿倍野区美章園2-13","34.639075","135.525232"
"工芸高等学校（運動場）","大阪府大阪市阿倍野区文の里1-7-2","34.638657","135.519229"
"明浄学院高等学校（運動場）","大阪府大阪市阿倍野区文の里3-15-7","34.635146","135.521296"
"文の里公園","大阪府大阪市阿倍野区文の里3-6","34.636342","135.521767"
"阪南中学校（運動場）","大阪府大阪市阿倍野区北畠1-16-24","34.626559","135.506347"
"晴明丘中央公園","大阪府大阪市阿倍野区北畠1-18","34.626102","135.505182"
"住吉高等学校（運動場）","大阪府大阪市阿倍野区北畠2-4-1","34.627276","135.50407"
"晴明丘西公園","大阪府大阪市阿倍野区北畠3-3","34.629652","135.500186"
"高殿西公園","大阪府大阪市旭区高殿1-3","34.718889","135.534762"
"西浪橋公園","大阪府大阪市旭区高殿1-9","34.721072","135.532927"
"市営高殿西第４住宅１号館","大阪府大阪市旭区高殿2-16-1","34.719559","135.536481"
"高殿南公園","大阪府大阪市旭区高殿2-4","34.71646","135.537199"
"高殿南小学校","大阪府大阪市旭区高殿3-10-30","34.713928","135.539402"
"高殿南小学校（運動場）","大阪府大阪市旭区高殿3-10-30","34.714268","135.539393"
"高殿南三公園","大阪府大阪市旭区高殿3-5","34.712938","135.539572"
"高殿南四公園","大阪府大阪市旭区高殿4-7","34.715019","135.541727"
"市営高殿西住宅９号館","大阪府大阪市旭区高殿5-1-9","34.717714","135.538523"
"市営高殿北住宅１号館","大阪府大阪市旭区高殿5-12-1","34.719946","135.539497"
"市営高殿北住宅２号館","大阪府大阪市旭区高殿5-12-2","34.720436","135.539503"
"市営高殿西住宅８号館","大阪府大阪市旭区高殿5-2-8","34.717016","135.53958"
"大阪府立旭高等学校（運動場）","大阪府大阪市旭区高殿5-6-41","34.717666","135.542008"
"旭公園","大阪府大阪市旭区高殿5-7","34.718433","135.540877"
"旭陽中学校（運動場）","大阪府大阪市旭区高殿5-9-31","34.718933","135.539581"
"旭陽中学校","大阪府大阪市旭区高殿5-9-31","34.718303","135.54011"
"高殿小学校（運動場）","大阪府大阪市旭区高殿6-9-10","34.717917","135.543375"
"高殿小学校","大阪府大阪市旭区高殿6-9-10","34.71787","135.542977"
"高殿７公園","大阪府大阪市旭区高殿7-15","34.717699","135.549149"
"今市公園","大阪府大阪市旭区今市2-7","34.726589","135.553922"
"新森南公園","大阪府大阪市旭区新森1-4","34.716062","135.550151"
"新森南小公園","大阪府大阪市旭区新森1-7","34.717239","135.551627"
"新森北公園","大阪府大阪市旭区新森3-12","34.720104","135.554241"
"セントポリア新森公園","大阪府大阪市旭区新森4-1-27","34.715427","135.556769"
"新森中央公園","大阪府大阪市旭区新森4-22","34.718116","135.556771"
"新森小路小学校（運動場）","大阪府大阪市旭区新森6-3-13","34.715953","135.561953"
"新森小路小学校","大阪府大阪市旭区新森6-3-13","34.716373","135.562032"
"旭東中学校","大阪府大阪市旭区新森6-7-25","34.717408","135.561289"
"旭東中学校（運動場）","大阪府大阪市旭区新森6-7-25","34.717844","135.561446"
"新森東公園","大阪府大阪市旭区新森6-8","34.718166","135.563041"
"森小路南公園","大阪府大阪市旭区森小路1-12","34.72099","135.548998"
"森小路東公園","大阪府大阪市旭区森小路1-7","34.720256","135.550081"
"古市小学校","大阪府大阪市旭区森小路2-10-35","34.722737","135.551402"
"古市小学校（運動場）","大阪府大阪市旭区森小路2-10-35","34.722275","135.551492"
"森小路公園","大阪府大阪市旭区森小路2-5","34.723571","135.549747"
"清水南公園","大阪府大阪市旭区清水2-13","34.72189","135.558964"
"清水小公園","大阪府大阪市旭区清水2-6","34.720984","135.558688"
"清水中公園","大阪府大阪市旭区清水3-31","34.723718","135.560124"
"清水北公園","大阪府大阪市旭区清水3-9","34.724759","135.557646"
"市営両国住宅１号館","大阪府大阪市旭区清水4-11-1","34.72192","135.564044"
"両国町公園","大阪府大阪市旭区清水4-12","34.721888","135.564822"
"清水小学校（運動場）","大阪府大阪市旭区清水5-1-12","34.722925","135.56158"
"清水小学校","大阪府大阪市旭区清水5-1-12","34.723191","135.561498"
"市営両国住宅５号館","大阪府大阪市旭区清水5-4-5","34.722488","135.563464"
"生江小学校（運動場）","大阪府大阪市旭区生江1-10-21","34.722958","135.537545"
"生江小学校","大阪府大阪市旭区生江1-10-21","34.723275","135.537546"
"生江西公園","大阪府大阪市旭区生江1-2","34.722114","135.535409"
"生江南公園","大阪府大阪市旭区生江1-4","34.723343","135.5349"
"生江東公園","大阪府大阪市旭区生江2-11","34.724644","135.53755"
"市営新生江住宅２号館","大阪府大阪市旭区生江3-16-2","34.728543","135.535569"
"市営新生江住宅３号館","大阪府大阪市旭区生江3-20-3","34.72816","135.5343"
"市営新生江住宅１号館","大阪府大阪市旭区生江3-21-1","34.728679","135.533872"
"市営生江住宅９号館","大阪府大阪市旭区生江3-24-9","34.729282","135.534581"
"城北公園","大阪府大阪市旭区生江3-29","34.728868","135.538079"
"赤川南公園","大阪府大阪市旭区赤川1-4","34.723407","135.532263"
"城北小学校","大阪府大阪市旭区赤川3-13-47","34.727861","135.529628"
"城北小学校（運動場）","大阪府大阪市旭区赤川3-13-47","34.727384","135.529855"
"赤川公園","大阪府大阪市旭区赤川4-21","34.729196","135.530489"
"千林公園","大阪府大阪市旭区千林2-9","34.724727","135.551316"
"太子橋小学校（運動場）","大阪府大阪市旭区太子橋1-12-15","34.732251","135.55432"
"太子橋小学校","大阪府大阪市旭区太子橋1-12-15","34.732581","135.554136"
"太子橋西公園","大阪府大阪市旭区太子橋1-17","34.73269","135.552047"
"太子橋南公園","大阪府大阪市旭区太子橋1-8","34.730262","135.550906"
"市営今市住宅１号館","大阪府大阪市旭区太子橋1-9-1","34.730793","135.550717"
"太子橋中公園","大阪府大阪市旭区太子橋2-7","34.735798","135.556033"
"淀川工科高等学校（運動場）","大阪府大阪市旭区太子橋3-1-32","34.736063","135.559996"
"淀川工科高等学校","大阪府大阪市旭区太子橋3-1-32","34.736535","135.560769"
"太子橋東公園","大阪府大阪市旭区太子橋3-3","34.738532","135.559231"
"市営橋寺住宅１号館","大阪府大阪市旭区太子橋3-8-1","34.739387","135.558744"
"大宮南公園","大阪府大阪市旭区大宮1-1","34.720817","135.544926"
"大宮中公園","大阪府大阪市旭区大宮3-1","34.725855","135.54521"
"大宮ふれあい公園","大阪府大阪市旭区大宮4-2","34.727142","135.545595"
"大宮小学校","大阪府大阪市旭区大宮4-9-16","34.727376","135.546891"
"大宮小学校（運動場）","大阪府大阪市旭区大宮4-9-16","34.727084","135.546748"
"大宮北公園","大阪府大阪市旭区大宮5","34.730652","135.546511"
"市営城北住宅１３号館","大阪府大阪市旭区大宮5-1-13","34.729379","135.546274"
"大阪府立思斉支援学校（運動場）","大阪府大阪市旭区大宮5-11-7","34.730526","135.549006"
"市営大宮住宅１号館","大阪府大阪市旭区大宮5-12-1","34.730573","135.55007"
"今市中学校","大阪府大阪市旭区大宮5-13-40","34.732417","135.549881"
"今市中学校（運動場）","大阪府大阪市旭区大宮5-13-40","34.732011","135.549502"
"常翔学園中学校・高等学校　東館","大阪府大阪市旭区大宮5-16-1","34.731077","135.547045"
"市営城北住宅１４号館","大阪府大阪市旭区大宮5-2-14","34.729509","135.547642"
"市営城北住宅１５号館","大阪府大阪市旭区大宮5-7-15","34.729895","135.547583"
"市営城北住宅１２号館","大阪府大阪市旭区大宮5-8-12","34.729767","135.546209"
"市営城北住宅１号館","大阪府大阪市旭区大宮5-9-1","34.730169","135.546093"
"市営城北住宅２号館","大阪府大阪市旭区大宮5-9-2","34.730111","135.54561"
"中宮１公園","大阪府大阪市旭区中宮1-11","34.720922","135.542091"
"大宮西小学校（運動場）","大阪府大阪市旭区中宮1-8-14","34.722558","135.541504"
"大宮西小学校","大阪府大阪市旭区中宮1-8-14","34.722786","135.541753"
"江野公園","大阪府大阪市旭区中宮2-18","34.723511","135.542034"
"大宮中学校","大阪府大阪市旭区中宮4-7-11","34.726655","135.541166"
"大宮中学校（運動場）","大阪府大阪市旭区中宮4-7-11","34.726986","135.541296"
"市営城北中宮住宅１号館","大阪府大阪市旭区中宮5-1-1","34.728614","135.540783"
"市岡中学校","大阪府大阪市港区磯路1-5-21","34.666622","135.461659"
"市岡中学校（運動場）","大阪府大阪市港区磯路1-5-21","34.666737","135.462452"
"ライフ弁天町店","大阪府大阪市港区磯路1-9-25","34.667526","135.461083"
"磯路中央公園","大阪府大阪市港区磯路2-17","34.665808","135.458806"
"日本交通株式会社　弁天営業所","大阪府大阪市港区磯路2-23-27","34.666026","135.457074"
"メゾンシルク","大阪府大阪市港区磯路3-14-2","34.66358","135.456932"
"みなと生協診療所","大阪府大阪市港区磯路3-3-4","34.664235","135.458245"
"磯路小学校","大阪府大阪市港区磯路3-7-7","34.665233","135.457183"
"磯路小学校（運動場）","大阪府大阪市港区磯路3-7-7","34.665357","135.456756"
"大阪みなとドライビングスクール","大阪府大阪市港区磯路3-9-15","34.665502","135.454552"
"ホテルシーガルてんぽーざん大阪","大阪府大阪市港区海岸通1-5-15","34.653195","135.429424"
"中谷ビル","大阪府大阪市港区海岸通1-5-22","34.6528","135.43016"
"㈱間口　本社ビル","大阪府大阪市港区海岸通1-5-29","34.652581","135.429808"
"海岸通ハウス","大阪府大阪市港区海岸通2-7-23","34.651473","135.438309"
"日本通運㈱　中央国際物流センター","大阪府大阪市港区海岸通3-4-55","34.648077","135.442319"
"港晴小学校（運動場）","大阪府大阪市港区港晴1-3-12","34.656485","135.444528"
"港晴小学校","大阪府大阪市港区港晴1-3-12","34.656628","135.444012"
"市営八幡屋宝町第３住宅１号館","大阪府大阪市港区港晴1-6-1","34.655734","135.443879"
"市営八幡屋宝町第２住宅１号館","大阪府大阪市港区港晴2-3-1","34.655605","135.442271"
"市営八幡屋宝町住宅１号館","大阪府大阪市港区港晴2-5","34.654956","135.443573"
"港晴南公園","大阪府大阪市港区港晴2-8","34.655525","135.441292"
"パークシティ朝潮橋","大阪府大阪市港区港晴3-1-12","34.658276","135.444522"
"港晴東公園","大阪府大阪市港区港晴3-11","34.659148","135.441885"
"ティアラ港","大阪府大阪市港区港晴3-2-10","34.657705","135.443242"
"港晴北公園","大阪府大阪市港区港晴4-17","34.657232","135.440015"
"株式会社メロスビル","大阪府大阪市港区港晴4-18-29","34.657878","135.439939"
"奥村組土木興業㈱　本社ビル","大阪府大阪市港区三先1-11-18","34.660721","135.452729"
"港南公園","大阪府大阪市港区三先1-5","34.661015","135.456607"
"港南中学校（運動場）","大阪府大阪市港区三先1-5-28","34.660491","135.457222"
"港南中学校","大阪府大阪市港区三先1-5-28","34.660257","135.456796"
"三先住宅１０号館","大阪府大阪市港区三先2-17","34.658381","135.45141"
"ファミリープラザ朝潮橋","大阪府大阪市港区三先2-20-1","34.657484","135.4534"
"三先公園","大阪府大阪市港区三先2-3","34.659737","135.452507"
"三先小学校（運動場）","大阪府大阪市港区三先2-6-32","34.659023","135.453"
"三先小学校","大阪府大阪市港区三先2-6-32","34.658842","135.453196"
"市岡西公園","大阪府大阪市港区市岡1-15","34.663614","135.46062"
"市岡中央公園","大阪府大阪市港区市岡1-3","34.663784","135.463628"
"キコーナ市岡店","大阪府大阪市港区市岡2-5-10","34.662778","135.458632"
"ヤマト工業㈱　市岡社員寮","大阪府大阪市港区市岡3-11-14","34.662539","135.463728"
"市岡小学校","大阪府大阪市港区市岡3-2-24","34.663632","135.464737"
"市岡小学校（運動場）","大阪府大阪市港区市岡3-2-24","34.663319","135.464663"
"エトワール山村","大阪府大阪市港区市岡3-3-5","34.662686","135.465394"
"市岡浜公園","大阪府大阪市港区市岡4-2","34.660795","135.462536"
"市岡公園","大阪府大阪市港区市岡4-6","34.659838","135.461656"
"がんこフードサービス　商品センター","大阪府大阪市港区市岡4-6-69","34.659184","135.460936"
"太陽ファスナー㈱　本社ビル","大阪府大阪市港区市岡元町1-3-18","34.671096","135.468337"
"㈱ツガワ工場","大阪府大阪市港区市岡元町1-4-5","34.670161","135.469235"
"㈱日本電商　西営業所ビル","大阪府大阪市港区市岡元町1-6-28","34.668323","135.469628"
"大阪府立市岡高等学校（運動場）","大阪府大阪市港区市岡元町2-12-12","34.667779","135.466746"
"大阪府立市岡高等学校","大阪府大阪市港区市岡元町2-12-12","34.667451","135.466313"
"市岡小公園","大阪府大阪市港区市岡元町2-9","34.668733","135.466895"
"市岡元町公園","大阪府大阪市港区市岡元町3-12","34.666884","135.464529"
"市岡東中学校（運動場）","大阪府大阪市港区市岡元町3-2-18","34.667199","135.465406"
"市岡東中学校","大阪府大阪市港区市岡元町3-2-18","34.666958","135.465085"
"大塚倉庫㈱　本社ビル","大阪府大阪市港区石田1-3-16","34.668746","135.453427"
"港中学校","大阪府大阪市港区池島1-5-35","34.657567","135.448512"
"港中学校（運動場）","大阪府大阪市港区池島1-5-35","34.657267","135.448841"
"池島公園","大阪府大阪市港区池島2-4","34.656947","135.451977"
"池島小学校","大阪府大阪市港区池島2-5-47","34.655538","135.451194"
"池島小学校（運動場）","大阪府大阪市港区池島2-5-47","34.654986","135.451191"
"市営池島住宅２号館","大阪府大阪市港区池島3-1-2","34.655357","135.449198"
"市営池島住宅１号館","大阪府大阪市港区池島3-3","34.655125","135.450458"
"市営池島南住宅１号館","大阪府大阪市港区池島3-8","34.653959","135.448603"
"築港小学校（運動場）","大阪府大阪市港区築港1-10-38","34.652632","135.436441"
"築港小学校","大阪府大阪市港区築港1-10-38","34.653016","135.436198"
"築港南公園","大阪府大阪市港区築港1-2","34.653284","135.437454"
"築港中学校","大阪府大阪市港区築港1-2-41","34.652807","135.437934"
"築港中学校（運動場）","大阪府大阪市港区築港1-2-41","34.652529","135.43829"
"ポートサイド築港","大阪府大阪市港区築港1-9-1","34.653481","135.435848"
"コーシャハイツ港","大阪府大阪市港区築港2-4-1","34.651376","135.434231"
"コーシャハイツ港（２号棟）","大阪府大阪市港区築港2-4-2","34.65184","135.433836"
"天保山公園","大阪府大阪市港区築港3-2","34.657727","135.432959"
"Ｏｓａｋａ　Ｍｅｔｒｏ　大阪港駅","大阪府大阪市港区築港3-5-9","34.653865","135.434283"
"㈱辰巳商會","大阪府大阪市港区築港4-1-1","34.653633","135.432715"
"大阪港湾合同庁舎","大阪府大阪市港区築港4-10-3","34.653183","135.430675"
"日本貨物検数協会ビル","大阪府大阪市港区築港4-11-9","34.654301","135.430085"
"市営一条通住宅１号館","大阪府大阪市港区築港4-5-1","34.654943","135.431046"
"東田中公園","大阪府大阪市港区田中1-1","34.665274","135.451566"
"石田公園","大阪府大阪市港区田中1-7","34.666131","135.449477"
"田中小学校（運動場）","大阪府大阪市港区田中2-10-34","34.663191","135.447445"
"田中小学校","大阪府大阪市港区田中2-10-34","34.663558","135.447218"
"八幡屋公園","大阪府大阪市港区田中3-1","34.660351","135.446224"
"港スポーツセンター","大阪府大阪市港区田中3-1-128","34.661897","135.445731"
"Ｏｓａｋａ　Ｍｅｔｒｏ　朝潮橋駅","大阪府大阪市港区田中3-1-4","34.661569","135.448963"
"Ａｓｕｅアリーナ大阪","大阪府大阪市港区田中3-1-40","34.659108","135.444824"
"南市岡西公園","大阪府大阪市港区南市岡2-12","34.665117","135.467872"
"南市岡小学校","大阪府大阪市港区南市岡2-6-35","34.665833","135.468882"
"南市岡小学校（運動場）","大阪府大阪市港区南市岡2-6-35","34.665559","135.468926"
"南市岡公園","大阪府大阪市港区南市岡2-7","34.66581","135.46822"
"港友マンション","大阪府大阪市港区南市岡3-1-12","34.665718","135.466145"
"プレサンスロジェ弁天町","大阪府大阪市港区南市岡3-11-23","34.665187","135.464907"
"エスリード弁天町南","大阪府大阪市港区南市岡3-2-15","34.665421","135.465286"
"キングスクエアランドレックス","大阪府大阪市港区南市岡3-6-20","34.664212","135.466745"
"市営波除第２住宅５号館","大阪府大阪市港区波除1-2","34.675772","135.462949"
"波除第２住宅３号館","大阪府大阪市港区波除1-5","34.674945","135.462963"
"市営波除第２住宅４号館","大阪府大阪市港区波除1-6","34.675434","135.462451"
"市営波除第２住宅６号館","大阪府大阪市港区波除1-6-6","34.675797","135.461981"
"抱月公園","大阪府大阪市港区波除2-2","34.672023","135.465299"
"市営波除住宅１号館","大阪府大阪市港区波除2-2-19","34.672322","135.464599"
"大阪府立港高等学校","大阪府大阪市港区波除2-3-1","34.670919","135.465537"
"大阪府立港高等学校（運動場）","大阪府大阪市港区波除2-3-1","34.671374","135.465963"
"Ｏｓａｋａ　Ｍｅｔｒｏ　弁天町駅","大阪府大阪市港区波除3-11-6","34.669521","135.462171"
"波除小学校","大阪府大阪市港区波除3-6-8","34.671856","135.462312"
"波除小学校（運動場）","大阪府大阪市港区波除3-6-8","34.671622","135.462646"
"Ｈ　Ｒ　Ｃビル　（愛称ＡＩＡＩ（アイアイ）おおさか）","大阪府大阪市港区波除4-1-37","34.673738","135.463751"
"市営波除第２住宅１号館","大阪府大阪市港区波除4-5","34.673695","135.463002"
"㈱小林産業　本社ビル","大阪府大阪市港区波除4-5-7","34.673612","135.46253"
"抱月小公園","大阪府大阪市港区波除4-6","34.674309","135.463236"
"市営波除第２住宅２号館","大阪府大阪市港区波除4-7","34.674216","135.462706"
"市営波除第２住宅７号館","大阪府大阪市港区波除4-8","34.674733","135.462275"
"市営波除第２住宅８号館","大阪府大阪市港区波除4-8","34.6746","135.461746"
"波除公園","大阪府大阪市港区波除5-5","34.673918","135.461228"
"入舟公園","大阪府大阪市港区八幡屋1-4","34.657099","135.447725"
"八幡屋第２住宅４号館","大阪府大阪市港区八幡屋3-10","34.653831","135.445602"
"八幡屋小学校","大阪府大阪市港区八幡屋3-3-5","34.654832","135.445861"
"八幡屋小学校（運動場）","大阪府大阪市港区八幡屋3-3-5","34.654934","135.446235"
"入舟南公園","大阪府大阪市港区八幡屋3-4","34.654255","135.446612"
"八幡屋南公園","大阪府大阪市港区八幡屋4-3","34.65225","135.447543"
"特別養護老人ホーム愛港園","大阪府大阪市港区八幡屋4-8-1","34.651571","135.446778"
"港大阪祭典","大阪府大阪市港区福崎1-1-62","34.659817","135.458039"
"日本郵便輸送㈱　近畿支社","大阪府大阪市港区福崎1-3-30","34.657683","135.460356"
"オンワード樫山　大阪支店","大阪府大阪市港区福崎1-4-14","34.658544","135.458323"
"㈱八木製作所","大阪府大阪市港区福崎3-1-111","34.656252","135.457619"
"ホームセンターコーナン弁天町店","大阪府大阪市港区弁天1-2-24","34.669331","135.460084"
"コーシャハイツ弁天","大阪府大阪市港区弁天1-4-18","34.668176","135.459912"
"弁天西公園","大阪府大阪市港区弁天2-4","34.668297","135.457009"
"弁天小学校（運動場）","大阪府大阪市港区弁天2-9-35","34.668226","135.455652"
"弁天小学校","大阪府大阪市港区弁天2-9-35","34.668707","135.455667"
"１２３弁天町店","大阪府大阪市港区弁天3-1-8","34.666438","135.454922"
"弁天公園","大阪府大阪市港区弁天3-5","34.667582","135.453579"
"介護老人保健施設　港さつき苑","大阪府大阪市港区弁天4-16-18","34.671123","135.456079"
"弁天東公園","大阪府大阪市港区弁天5-12","34.673037","135.456675"
"㈱山櫻　大阪支店","大阪府大阪市港区弁天5-15-13","34.672095","135.455354"
"㈱梅田精密　本社ビル","大阪府大阪市港区弁天5-17-27","34.671723","135.456637"
"奥村ナイスワークビル","大阪府大阪市港区弁天6-1-3","34.674426","135.458303"
"大綱㈱　本社ビル","大阪府大阪市港区弁天6-1-5","34.674517","135.457906"
"弁天埠頭公園","大阪府大阪市港区弁天6-7","34.672696","135.453513"
"友宗電気㈱　本社ビル","大阪府大阪市港区夕凪2-15-5","34.661404","135.451311"
"アソカ学園","大阪府大阪市港区夕凪2-3-5","34.661917","135.452437"
"夕凪公園","大阪府大阪市港区夕凪2-6","34.662839","135.451905"
"大阪市下水道科学館","大阪府大阪市此花区高見1-2-53","34.693485","135.462475"
"高見小学校（運動場）","大阪府大阪市此花区高見1-3-35","34.690534","135.460971"
"高見小学校","大阪府大阪市此花区高見1-3-35","34.690546","135.460358"
"市営高見住宅５１号館","大阪府大阪市此花区高見1-4","34.689678","135.458648"
"市営高見住宅５２号館","大阪府大阪市此花区高見1-4","34.690847","135.458529"
"市営高見住宅５７号館","大阪府大阪市此花区高見1-4","34.689307","135.459393"
"高見公園","大阪府大阪市此花区高見1-5","34.691432","135.458582"
"市営高見住宅４４号館","大阪府大阪市此花区高見1-5","34.693264","135.458728"
"市営高見住宅４１号館","大阪府大阪市此花区高見1-5","34.692076","135.458494"
"市営高見住宅２６号館","大阪府大阪市此花区高見1-6","34.692397","135.462052"
"市営高見住宅２５号館","大阪府大阪市此花区高見1-6","34.692851","135.461569"
"市営高見住宅２４号館","大阪府大阪市此花区高見1-6","34.692635","135.460706"
"高見北公園","大阪府大阪市此花区高見1-7","34.692791","135.45987"
"此花中学校（運動場）","大阪府大阪市此花区高見2-14-31","34.690608","135.455638"
"此花中学校","大阪府大阪市此花区高見2-14-31","34.69007","135.455283"
"高見西公園","大阪府大阪市此花区高見3-14","34.69212","135.455444"
"桜島北公園","大阪府大阪市此花区桜島2-1","34.661616","135.431474"
"株式会社セントラル・コールド・ストレージ","大阪府大阪市此花区桜島3-2-17","34.662456","135.427338"
"桜島公園","大阪府大阪市此花区桜島3-5","34.661572","135.428339"
"市営桜島住宅１号館","大阪府大阪市此花区桜島3-6-30","34.66089","135.428208"
"千鳥橋公園","大阪府大阪市此花区四貫島1-1","34.685629","135.457112"
"此花区民一休ホール","大阪府大阪市此花区四貫島1-1-18","34.685854","135.457175"
"四貫島小学校（運動場）","大阪府大阪市此花区四貫島2-16-29","34.684851","135.454109"
"四貫島小学校","大阪府大阪市此花区四貫島2-16-29","34.685012","135.454574"
"四貫島西公園","大阪府大阪市此花区四貫島2-25","34.684862","135.452631"
"春日出小学校（運動場）","大阪府大阪市此花区春日出中1-13-23","34.680502","135.452645"
"春日出小学校","大阪府大阪市此花区春日出中1-13-23","34.680607","135.452324"
"春日出中公園","大阪府大阪市此花区春日出中1-26","34.681504","135.451885"
"市営春日出中第２住宅１号館","大阪府大阪市此花区春日出中1-5-1","34.679036","135.452601"
"住友電気工業株式会社大阪製作所社員クラブ","大阪府大阪市此花区春日出中1-5-1","34.679036","135.452614"
"春日出パークホームズⅡ","大阪府大阪市此花区春日出中1-8-23","34.68005","135.453581"
"住友化学株式会社　大阪工場（グラウンド）","大阪府大阪市此花区春日出中3-1-98","34.678891","135.448319"
"春日出公園","大阪府大阪市此花区春日出南1-2","34.679402","135.458104"
"春日出中学校（運動場）","大阪府大阪市此花区春日出南1-2-8","34.67893","135.457914"
"春日出中学校","大阪府大阪市此花区春日出南1-2-8","34.678549","135.45794"
"春日出南公園","大阪府大阪市此花区春日出南2-10","34.678352","135.453593"
"キングス夢咲シティ　ひかりの街","大阪府大阪市此花区春日出南3-3","34.673928","135.446744"
"特別養護老人ホーム　クレーネ大阪","大阪府大阪市此花区春日出北1-22-3","34.684047","135.450644"
"此花公園","大阪府大阪市此花区春日出北1-5","34.682485","135.450523"
"春日出北公園","大阪府大阪市此花区春日出北2-16","34.682356","135.447493"
"市営春日出住宅２号館","大阪府大阪市此花区春日出北2-5","34.681578","135.449133"
"市営春日出住宅１号館","大阪府大阪市此花区春日出北2-5","34.681335","135.449363"
"梅香中学校","大阪府大阪市此花区春日出北3-12-24","34.680863","135.44406"
"梅香中学校（運動場）","大阪府大阪市此花区春日出北3-12-24","34.681341","135.445086"
"㈱中日本冷蔵　本社センター","大阪府大阪市此花区西九条1-1-20","34.68241","135.470563"
"株式会社日立物流　第一ビル","大阪府大阪市此花区西九条1-28-13","34.680911","135.468108"
"西九条公民館","大阪府大阪市此花区西九条1-3-16","34.683378","135.469157"
"西九条上公園","大阪府大阪市此花区西九条1-30","34.681731","135.467616"
"株式会社日立物流　安治川物流センター","大阪府大阪市此花区西九条1-37-32","34.680142","135.46783"
"西九条南公園","大阪府大阪市此花区西九条2-1","34.679786","135.465876"
"ルモン西九条","大阪府大阪市此花区西九条2-1-32","34.679603","135.466105"
"西九条福祉会館","大阪府大阪市此花区西九条2-3-15","34.680707","135.466191"
"ファミール西九条","大阪府大阪市此花区西九条3-4-34","34.685544","135.467027"
"ケアハウス大阪安立","大阪府大阪市此花区西九条3-4-61","34.685808","135.468049"
"西九条小公園","大阪府大阪市此花区西九条3-8","34.684255","135.466172"
"西九条小学校（運動場）","大阪府大阪市此花区西九条4-3-41","34.682313","135.464791"
"西九条小学校","大阪府大阪市此花区西九条4-3-41","34.682611","135.464745"
"西九条西公園","大阪府大阪市此花区西九条4-4","34.681746","135.464057"
"西九条公園","大阪府大阪市此花区西九条5-4","34.68389","135.464995"
"此花屋内プール","大阪府大阪市此花区西九条5-4-21","34.683586","135.464553"
"此花会館／梅香殿","大阪府大阪市此花区西九条5-4-24","34.683657","135.464432"
"朝日橋公園","大阪府大阪市此花区西九条6-1","34.681529","135.462217"
"ライフ西九条店","大阪府大阪市此花区西九条6-1-132","34.683059","135.464094"
"男女共同参画センター西部館及びこども文化センター","大阪府大阪市此花区西九条6-1-20","34.681799","135.46333"
"咲くやこの花中学校・高等学校","大阪府大阪市此花区西九条6-1-44","34.680536","135.461605"
"咲くやこの花中学校・高等学校（運動場）","大阪府大阪市此花区西九条6-1-44","34.680055","135.461194"
"昇陽中学校・高等学校（運動場）","大阪府大阪市此花区朝日1-1-9","34.685164","135.462304"
"昇陽中学校・高等学校","大阪府大阪市此花区朝日1-1-9","34.684955","135.462581"
"正蓮寺川公園（東端の高台部分）","大阪府大阪市此花区朝日2","34.687306","135.463723"
"嬉ヶ崎公園","大阪府大阪市此花区朝日2-1","34.686175","135.463157"
"千鳥橋みどり公園","大阪府大阪市此花区伝法1-2","34.688746","135.46033"
"市営伝法住宅１号館","大阪府大阪市此花区伝法1-4","34.687521","135.459063"
"市営伝法住宅２号館","大阪府大阪市此花区伝法1-4","34.687798","135.459598"
"伝法コミュニティひろば","大阪府大阪市此花区伝法2-1","34.687251","135.456976"
"伝法東公園","大阪府大阪市此花区伝法2-11","34.687839","135.45493"
"市営千鳥橋住宅１号館","大阪府大阪市此花区伝法2-2-2","34.687339","135.458001"
"伝法小学校","大阪府大阪市此花区伝法3-13-10","34.690268","135.451509"
"伝法小学校（運動場）","大阪府大阪市此花区伝法3-13-10","34.690009","135.451774"
"伝法中公園","大阪府大阪市此花区伝法3-14","34.688926","135.450522"
"伝法公園","大阪府大阪市此花区伝法3-14","34.689508","135.450723"
"此花区在宅サービスセンター","大阪府大阪市此花区伝法3-2-27","34.690337","135.454603"
"伝法北公園","大阪府大阪市此花区伝法3-7","34.690802","135.452561"
"ライオンズマンション此花千鳥橋","大阪府大阪市此花区伝法4-1-3","34.687176","135.4542"
"伝法南公園","大阪府大阪市此花区伝法4-7","34.686689","135.451849"
"日新製鋼株式会社　伝法寮","大阪府大阪市此花区伝法5-1-18","34.687222","135.448926"
"キングマンション此花Ⅱ","大阪府大阪市此花区伝法5-1-24","34.687038","135.448501"
"伝法西公園","大阪府大阪市此花区伝法5-3","34.687099","135.447254"
"淀川リバーサイドヴィラ","大阪府大阪市此花区伝法5-4-12","34.687752","135.449331"
"イカリソース跡地ひろば","大阪府大阪市此花区伝法5-6","34.688691","135.448425"
"㈱鴻池組　恩貴島鴻和寮","大阪府大阪市此花区伝法6-1-49","34.684716","135.448733"
"阪神住建グランドヴィラ此花Ⅰ","大阪府大阪市此花区伝法6-2-1","34.686309","135.45116"
"住友電気工業株式会社　大阪製作所　大阪事務所","大阪府大阪市此花区島屋1-1-3","34.678577","135.444592"
"市営島屋住宅１号館","大阪府大阪市此花区島屋2-8","34.678293","135.438767"
"島屋小学校","大阪府大阪市此花区島屋2-9-36","34.677789","135.439317"
"島屋小学校（運動場）","大阪府大阪市此花区島屋2-9-36","34.677451","135.439179"
"シンプルハートホテル大阪","大阪府大阪市此花区島屋3-10-31","34.675471","135.443163"
"島屋公園","大阪府大阪市此花区島屋3-3","34.676573","135.443465"
"マルハン此花島屋店","大阪府大阪市此花区島屋3-8-14","34.676063","135.443642"
"サーパス此花ネオスタイル","大阪府大阪市此花区島屋3-8-16","34.676151","135.442796"
"ガーデン天使","大阪府大阪市此花区島屋4-1-11","34.674039","135.443735"
"日本郵便株式会社　新大阪郵便局","大阪府大阪市此花区島屋4-1-18","34.673835","135.442124"
"島屋西公園","大阪府大阪市此花区島屋5-1","34.668677","135.436455"
"新日鐵住金株式会社　製鋼所（グラウンド）","大阪府大阪市此花区島屋5-1-109","34.673598","135.437146"
"島屋南公園","大阪府大阪市此花区島屋6-2","34.670768","135.440998"
"リバーガーデン　ＥＣＯ　シティアリスの森","大阪府大阪市此花区島屋6-2-110","34.670259","135.440483"
"市営秀野西住宅３号館","大阪府大阪市此花区酉島1-11","34.684028","135.444084"
"秀野西住宅２号館","大阪府大阪市此花区酉島1-12","34.684495","135.443696"
"酉島東公園","大阪府大阪市此花区酉島1-13","34.684885","135.44375"
"市営秀野西住宅４号館","大阪府大阪市此花区酉島1-16","34.683686","135.443064"
"市営秀野西住宅５号館","大阪府大阪市此花区酉島1-17","34.683212","135.443248"
"ドルミ新淀川１５号館","大阪府大阪市此花区酉島1-2-15","34.685322","135.447066"
"市営酉島東住宅１号館","大阪府大阪市此花区酉島1-3","34.685203","135.44575"
"市営秀野西住宅１号館","大阪府大阪市此花区酉島1-5","34.684956","135.444942"
"市営酉島東住宅２号館","大阪府大阪市此花区酉島2-1","34.686264","135.446611"
"もと此花総合高等学校（新館）","大阪府大阪市此花区酉島2-3-16","34.685861","135.444941"
"もと此花総合高等学校（運動場）","大阪府大阪市此花区酉島2-3-16","34.685676","135.444063"
"酉島小学校（運動場）","大阪府大阪市此花区酉島2-5-12","34.685824","135.442134"
"酉島小学校","大阪府大阪市此花区酉島2-5-12","34.685575","135.442287"
"市営酉島第２住宅１号棟","大阪府大阪市此花区酉島3-12-20","34.682399","135.440971"
"酉島中公園","大阪府大阪市此花区酉島3-13","34.682349","135.44178"
"府住宅供給公社　春日出団地","大阪府大阪市此花区酉島3-14-24","34.681928","135.441475"
"レピア此花","大阪府大阪市此花区酉島3-16-17","34.682046","135.439991"
"酉島南公園","大阪府大阪市此花区酉島3-19","34.682695","135.439186"
"住友電気工業株式会社　大阪製作所　浩気寮","大阪府大阪市此花区酉島3-23-5","34.682138","135.438485"
"市営酉島住宅２１号館","大阪府大阪市此花区酉島4-1","34.683858","135.439016"
"コーシャハイツ酉島","大阪府大阪市此花区酉島4-1-1","34.685623","135.440835"
"市営酉島住宅２２号館","大阪府大阪市此花区酉島4-2","34.683604","135.43783"
"酉島公園","大阪府大阪市此花区酉島6-1","34.683303","135.435261"
"ルネ・パークプラザ","大阪府大阪市此花区酉島6-3-4","34.682584","135.435713"
"梅香東公園","大阪府大阪市此花区梅香1-3","34.682331","135.459757"
"梅香小学校","大阪府大阪市此花区梅香3-17-29","34.682307","135.455326"
"梅香小学校（運動場）","大阪府大阪市此花区梅香3-17-29","34.682094","135.455044"
"梅香公園","大阪府大阪市此花区梅香3-3","34.681453","135.455699"
"㈱アド・ダイセン　関西メールセンター","大阪府大阪市此花区北港1-1-1","34.671807","135.430307"
"大阪港舞洲食品流通センター","大阪府大阪市此花区北港白津1-11-52","34.661732","135.40251"
"英明幼稚園遠里小野（運動場）","大阪府大阪市住吉区遠里小野1-2-25","34.600494","135.49924"
"大和川中学校","大阪府大阪市住吉区遠里小野2-11-4","34.597509","135.496889"
"大和川中学校（運動場）","大阪府大阪市住吉区遠里小野2-11-4","34.597288","135.497656"
"市営遠里小野住宅５号館","大阪府大阪市住吉区遠里小野2-15","34.595659","135.495798"
"遠里小野公園","大阪府大阪市住吉区遠里小野5-19","34.599134","135.493364"
"遠里小野小学校（運動場）","大阪府大阪市住吉区遠里小野6-6-27","34.597351","135.494996"
"遠里小野小学校","大阪府大阪市住吉区遠里小野6-6-27","34.597421","135.495321"
"おりおの南公園","大阪府大阪市住吉区遠里小野7-5","34.596931","135.49247"
"市営遠里小野第２住宅１号館","大阪府大阪市住吉区遠里小野7-6-29","34.596423","135.492337"
"市営我孫子第２住宅１号館","大阪府大阪市住吉区我孫子1-5","34.604236","135.510494"
"市営我孫子第２住宅３号館","大阪府大阪市住吉区我孫子1-6","34.603785","135.510011"
"市営我孫子第２住宅２号館","大阪府大阪市住吉区我孫子1-6","34.603746","135.510553"
"市営我孫子第３住宅１号館","大阪府大阪市住吉区我孫子1-8","34.60492","135.50942"
"市営我孫子東第７住宅１号館","大阪府大阪市住吉区我孫子2-1","34.603313","135.510519"
"市営我孫子東第７住宅２号館","大阪府大阪市住吉区我孫子2-2","34.602827","135.510273"
"市営我孫子東第７住宅３号館","大阪府大阪市住吉区我孫子2-3","34.602277","135.5102"
"依羅小学校（運動場）","大阪府大阪市住吉区我孫子4-11-48","34.597414","135.508216"
"依羅小学校","大阪府大阪市住吉区我孫子4-11-48","34.597241","135.507828"
"我孫子公園","大阪府大阪市住吉区我孫子5-2","34.599527","135.507415"
"市営我孫子住宅１号館","大阪府大阪市住吉区我孫子5-7","34.597578","135.506109"
"市営我孫子西住宅１号館","大阪府大阪市住吉区我孫子西1-10","34.605742","135.507182"
"市営我孫子西住宅４号館","大阪府大阪市住吉区我孫子西1-12","34.604821","135.506909"
"大空小学校","大阪府大阪市住吉区我孫子西1-6-12","34.605195","135.508231"
"大空小学校（運動場）","大阪府大阪市住吉区我孫子西1-6-12","34.605467","135.508003"
"市営我孫子東第７住宅７号館","大阪府大阪市住吉区我孫子東1-10","34.60335","135.512716"
"市営我孫子東第７住宅４号館","大阪府大阪市住吉区我孫子東1-12","34.602176","135.511509"
"市営我孫子東第７住宅５号館","大阪府大阪市住吉区我孫子東1-13","34.601748","135.511498"
"我孫子中学校","大阪府大阪市住吉区我孫子東1-4-32","34.604642","135.511797"
"我孫子中学校（運動場）","大阪府大阪市住吉区我孫子東1-4-32","34.604996","135.51225"
"市営我孫子第２住宅５号館","大阪府大阪市住吉区我孫子東1-5","34.604077","135.51267"
"市営我孫子第２住宅４号館","大阪府大阪市住吉区我孫子東1-6","34.604187","135.511969"
"市営我孫子第２住宅６号館","大阪府大阪市住吉区我孫子東1-7","34.603706","135.511597"
"市営我孫子東第７住宅６号館","大阪府大阪市住吉区我孫子東1-8","34.603222","135.511949"
"市営我孫子南住宅１号館","大阪府大阪市住吉区我孫子東3-10","34.594939","135.511333"
"市営我孫子南住宅６号館","大阪府大阪市住吉区我孫子東3-10","34.594987","135.510808"
"市営我孫子南住宅５号館","大阪府大阪市住吉区我孫子東3-11","34.594502","135.511344"
"市営我孫子南住宅４号館","大阪府大阪市住吉区我孫子東3-12","34.59417","135.511306"
"市営我孫子南住宅３号館","大阪府大阪市住吉区我孫子東3-13","34.59425","135.511977"
"市営我孫子南住宅８号館","大阪府大阪市住吉区我孫子東3-5","34.596356","135.511103"
"市営我孫子南住宅７号館","大阪府大阪市住吉区我孫子東3-6","34.595884","135.511049"
"市営我孫子南住宅９号館","大阪府大阪市住吉区我孫子東3-7","34.596082","135.512138"
"市営我孫子南住宅２号館","大阪府大阪市住吉区我孫子東3-8","34.595142","135.512036"
"苅田北小学校（運動場）","大阪府大阪市住吉区苅田1-11-39","34.60364","135.520386"
"苅田北小学校","大阪府大阪市住吉区苅田1-11-39","34.603799","135.520792"
"東我孫子中学校（運動場）","大阪府大阪市住吉区苅田1-16-2","34.602746","135.51923"
"東我孫子中学校","大阪府大阪市住吉区苅田1-16-2","34.603026","135.519783"
"苅田南小学校（運動場）","大阪府大阪市住吉区苅田10-1-35","34.594202","135.514805"
"苅田南小学校","大阪府大阪市住吉区苅田10-1-35","34.594568","135.51385"
"苅田北公園","大阪府大阪市住吉区苅田2-11","34.603933","135.515335"
"苅田どんぐり公園","大阪府大阪市住吉区苅田3-4","34.601601","135.517594"
"苅田小学校","大阪府大阪市住吉区苅田3-5-34","34.601941","135.516208"
"苅田小学校（運動場）","大阪府大阪市住吉区苅田3-5-34","34.601774","135.516676"
"大阪府教育センター附属高等学校（運動場）","大阪府大阪市住吉区苅田4-1-72","34.601464","135.520758"
"市営苅田北住宅４号館","大阪府大阪市住吉区苅田4-7-4","34.599692","135.521558"
"市営苅田北住宅５号館","大阪府大阪市住吉区苅田4-7-5","34.599684","135.522183"
"市営苅田北住宅２号館","大阪府大阪市住吉区苅田4-8-2","34.599817","135.520308"
"市営苅田北住宅３号館","大阪府大阪市住吉区苅田4-8-3","34.599718","135.520894"
"市営苅田北住宅１号館","大阪府大阪市住吉区苅田4-9-1","34.599701","135.519509"
"苅田中公園","大阪府大阪市住吉区苅田6-16","34.599187","135.517638"
"市営苅田南住宅１号館","大阪府大阪市住吉区苅田9-10-1","34.59556","135.513922"
"市営苅田南住宅２号館","大阪府大阪市住吉区苅田9-10-2","34.595349","135.51452"
"市営苅田南住宅３号館","大阪府大阪市住吉区苅田9-10-3","34.595062","135.514295"
"コーシャハイツ苅田","大阪府大阪市住吉区苅田9-16-21","34.596238","135.512837"
"市営苅田住宅１号館","大阪府大阪市住吉区苅田9-17","34.595473","135.512804"
"苅田南公園","大阪府大阪市住吉区苅田9-5","34.597282","135.516109"
"苅田土地改良記念会館","大阪府大阪市住吉区苅田9-5-27","34.597324","135.516481"
"山之内北公園","大阪府大阪市住吉区山之内1-1","34.600703","135.504816"
"リバーガーデン我孫子前","大阪府大阪市住吉区山之内1-10-12","34.600388","135.502512"
"浪速中学校・高等学校（運動場）","大阪府大阪市住吉区山之内2-13-57","34.597304","135.500761"
"山之内小学校（運動場）","大阪府大阪市住吉区山之内2-17-39","34.59596","135.500256"
"山之内小学校","大阪府大阪市住吉区山之内2-17-39","34.595894","135.499874"
"山之内中央公園","大阪府大阪市住吉区山之内3-17","34.593097","135.500412"
"市営山之内住宅３号館","大阪府大阪市住吉区山之内4-10","34.59044","135.501127"
"タイホ防災株式会社社屋","大阪府大阪市住吉区山之内4-12-12","34.591117","135.501315"
"市営山之内住宅１号館","大阪府大阪市住吉区山之内4-13","34.591085","135.500459"
"市営山之内住宅９号館","大阪府大阪市住吉区山之内4-5","34.588283","135.501449"
"市営山之内住宅６号館","大阪府大阪市住吉区山之内4-7","34.589247","135.501112"
"市営山之内住宅５号館","大阪府大阪市住吉区山之内4-8","34.589645","135.501052"
"市営山之内住宅４号館","大阪府大阪市住吉区山之内4-9","34.590038","135.501074"
"山之内公園","大阪府大阪市住吉区山之内5-2","34.587667","135.50169"
"住吉一二三公園","大阪府大阪市住吉区住吉1-7","34.613994","135.496856"
"上住吉住宅３号館","大阪府大阪市住吉区上住吉1-1","34.611084","135.500528"
"市営杉本住宅１号館","大阪府大阪市住吉区杉本1-2","34.595942","135.509492"
"杉本町公園","大阪府大阪市住吉区杉本2-6","34.594956","135.507221"
"大阪公立大学","大阪府大阪市住吉区杉本3","34.592521","135.50755"
"英明幼稚園住吉（運動場）","大阪府大阪市住吉区清水丘1-24-10","34.603357","135.491452"
"遠沢公園","大阪府大阪市住吉区清水丘2-2","34.602804","135.494116"
"清水丘公園","大阪府大阪市住吉区清水丘2-22","34.602547","135.491327"
"清水丘小学校（運動場）","大阪府大阪市住吉区清水丘2-9-41","34.601638","135.492482"
"清水丘小学校","大阪府大阪市住吉区清水丘2-9-41","34.601779","135.492845"
"市営清水丘住宅２号館","大阪府大阪市住吉区清水丘3-4-2","34.597401","135.490838"
"市営清水丘住宅１号館","大阪府大阪市住吉区清水丘3-5-1","34.596889","135.490608"
"清水丘ふれあい公園","大阪府大阪市住吉区清水丘3-8","34.597482","135.490279"
"三稜中学校","大阪府大阪市住吉区千躰1-5-22","34.607259","135.499735"
"三稜中学校（運動場）","大阪府大阪市住吉区千躰1-5-22","34.607414","135.500547"
"市営千躰住宅１号館","大阪府大阪市住吉区千躰2-3","34.607481","135.497692"
"浅香中央公園","大阪府大阪市住吉区浅香1-6","34.591109","135.51015"
"我孫子南中学校","大阪府大阪市住吉区浅香1-8-55","34.593207","135.511307"
"我孫子南中学校（運動場）","大阪府大阪市住吉区浅香1-8-55","34.592987","135.511688"
"浅香住宅９号館","大阪府大阪市住吉区浅香2-1","34.591562","135.506725"
"市営浅香西住宅３号館","大阪府大阪市住吉区浅香2-1","34.591571","135.507359"
"市営浅香西住宅２号館","大阪府大阪市住吉区浅香2-1","34.591173","135.507252"
"浅香町公園","大阪府大阪市住吉区浅香2-1","34.590159","135.507688"
"市営浅香西住宅１号館","大阪府大阪市住吉区浅香2-1","34.590658","135.507399"
"市営浅香中住宅１号館","大阪府大阪市住吉区浅香2-2","34.589359","135.508369"
"大領小学校","大阪府大阪市住吉区大領3-3-5","34.615609","135.507518"
"大領小学校（運動場）","大阪府大阪市住吉区大領3-3-5","34.615806","135.507075"
"大領中学校","大阪府大阪市住吉区大領4-3-25","34.613681","135.507314"
"大領中学校（運動場）","大阪府大阪市住吉区大領4-3-25","34.61401","135.507473"
"鶴ヶ丘児童遊園","大阪府大阪市住吉区長居1-10","34.614105","135.510462"
"市営長居１丁目住宅１号館","大阪府大阪市住吉区長居1-14-1","34.614126","135.513237"
"市営長居住宅１号館","大阪府大阪市住吉区長居1-15","34.614353","135.513967"
"大阪学芸高等学校（運動場）","大阪府大阪市住吉区長居1-4-15","34.615626","135.512448"
"市営長居西第２住宅１号館","大阪府大阪市住吉区長居西1-10-1","34.614203","135.508699"
"市営長居西第２住宅２号館","大阪府大阪市住吉区長居西1-10-2","34.614566","135.508716"
"西長居公園","大阪府大阪市住吉区長居西1-14","34.612278","135.509336"
"市営長居西第２住宅３号館","大阪府大阪市住吉区長居西1-3-3","34.614948","135.508783"
"市営長居西第２住宅４号館","大阪府大阪市住吉区長居西1-3-4","34.61565","135.509075"
"市営東長居住宅１号館","大阪府大阪市住吉区長居東3-20","34.605762","135.516796"
"長居小学校","大阪府大阪市住吉区長居東3-3-40","34.609131","135.514543"
"長居小学校（運動場）","大阪府大阪市住吉区長居東3-3-40","34.608831","135.514462"
"住吉中学校","大阪府大阪市住吉区帝塚山西3-5-6","34.619335","135.495761"
"住吉中学校（運動場）","大阪府大阪市住吉区帝塚山西3-5-6","34.618907","135.496026"
"住吉小学校","大阪府大阪市住吉区帝塚山西4-1-35","34.61767","135.4963"
"住吉小学校（運動場）","大阪府大阪市住吉区帝塚山西4-1-35","34.617714","135.496902"
"帝塚山学院（運動場）","大阪府大阪市住吉区帝塚山中1-6-7","34.620469","135.498882"
"市営住吉住宅１号館","大阪府大阪市住吉区帝塚山東5","34.614349","135.498172"
"住吉住宅６号館","大阪府大阪市住吉区帝塚山東5-3","34.61493","135.498049"
"神ノ木公園","大阪府大阪市住吉区帝塚山東5-3","34.615186","135.498115"
"市営住吉住宅３号館","大阪府大阪市住吉区帝塚山東5-6-3","34.614649","135.497896"
"庭井公園","大阪府大阪市住吉区庭井2-18","34.595518","135.518393"
"大阪府立阪南高等学校","大阪府大阪市住吉区庭井2-18-81","34.595516","135.516492"
"東粉浜小学校（運動場）","大阪府大阪市住吉区東粉浜2-3-26","34.620114","135.494668"
"東粉浜小学校","大阪府大阪市住吉区東粉浜2-3-26","34.619572","135.494585"
"市営南住吉第９住宅４号館","大阪府大阪市住吉区南住吉1-12","34.609552","135.504376"
"市営南住吉第９住宅３号館","大阪府大阪市住吉区南住吉1-13","34.609547","135.503228"
"市営南住吉第９住宅２号館","大阪府大阪市住吉区南住吉1-14","34.610064","135.503207"
"市営南住吉第９住宅１号館","大阪府大阪市住吉区南住吉1-21","34.610063","135.501862"
"市営南住吉第５住宅１号館","大阪府大阪市住吉区南住吉2-11","34.607989","135.504385"
"市営南住吉第５住宅３号館","大阪府大阪市住吉区南住吉2-12","34.607486","135.504369"
"市営南住吉第５住宅２号館","大阪府大阪市住吉区南住吉2-12","34.60757","135.503993"
"市営南住吉第５住宅４号館","大阪府大阪市住吉区南住吉2-12","34.607592","135.504761"
"市営南住吉第５住宅５号館","大阪府大阪市住吉区南住吉2-13","34.607142","135.503988"
"市営南住吉第６住宅１号館","大阪府大阪市住吉区南住吉2-15","34.6075","135.502921"
"市営南住吉第８住宅１号館","大阪府大阪市住吉区南住吉2-19","34.609009","135.501836"
"南住吉第７住宅１号館","大阪府大阪市住吉区南住吉2-20","34.608436","135.501744"
"沢之町公園一帯","大阪府大阪市住吉区南住吉3","34.604088","135.501943"
"沢之町公園","大阪府大阪市住吉区南住吉3-15","34.604443","135.501933"
"南住吉小学校（運動場）","大阪府大阪市住吉区南住吉3-5-1","34.604531","135.503239"
"南住吉小学校","大阪府大阪市住吉区南住吉3-5-1","34.604667","135.503688"
"市営南住吉第４住宅１号館","大阪府大阪市住吉区南住吉3-7","34.605392","135.504784"
"市営南住吉第１住宅２号館","大阪府大阪市住吉区南住吉4-10","34.601741","135.502065"
"市営南住吉第１住宅３号館","大阪府大阪市住吉区南住吉4-13","34.601741","135.500595"
"市営南住吉第１住宅１号館","大阪府大阪市住吉区南住吉4-4","34.602156","135.503089"
"市営南住吉第１住宅５号館","大阪府大阪市住吉区南住吉4-9","34.602139","135.502001"
"墨江小学校","大阪府大阪市住吉区墨江2-3-46","34.608342","135.495917"
"墨江小学校（運動場）","大阪府大阪市住吉区墨江2-3-46","34.608162","135.496273"
"清明学院高等学校（運動場）","大阪府大阪市住吉区墨江2-4-4","34.607302","135.4945"
"墨江丘中学校（運動場）","大阪府大阪市住吉区墨江4-15-34","34.606512","135.494655"
"墨江丘中学校","大阪府大阪市住吉区墨江4-15-34","34.606113","135.49445"
"市営万代住宅１号館","大阪府大阪市住吉区万代2-9","34.621401","135.504487"
"万代池公園","大阪府大阪市住吉区万代3-7","34.62028","135.503515"
"市営住吉住宅１７号館","大阪府大阪市住吉区万代6-7","34.614319","135.499402"
"万代東公園","大阪府大阪市住吉区万代東1-1","34.621638","135.507861"
"万領中央公園","大阪府大阪市住吉区万代東3-1","34.616692","135.504358"
"南万領公園","大阪府大阪市住吉区万代東4-2","34.613152","135.503295"
"安立北公園","大阪府大阪市住之江区安立1-10","34.607474","135.49003"
"グランコート住ノ江","大阪府大阪市住之江区安立1-11-25","34.607082","135.489311"
"霰松原公園","大阪府大阪市住之江区安立2-11","34.604327","135.488681"
"安立南公園","大阪府大阪市住之江区安立3-8","34.601576","135.487536"
"ソレイユあんりゅう・なかのクリニック","大阪府大阪市住之江区安立4-4-15","34.599915","135.486986"
"御崎北公園","大阪府大阪市住之江区御崎1-8","34.611412","135.482162"
"市営御崎住宅８号館","大阪府大阪市住之江区御崎2-14","34.611493","135.477909"
"真住中学校","大阪府大阪市住之江区御崎2-2-32","34.613281","135.477796"
"真住中学校（運動場）","大阪府大阪市住之江区御崎2-2-32","34.613008","135.478709"
"市営御崎住宅１０号館","大阪府大阪市住之江区御崎2-8","34.612486","135.477802"
"御崎東公園","大阪府大阪市住之江区御崎3-3","34.61039","135.480947"
"市営御崎住宅１号館","大阪府大阪市住之江区御崎4-10","34.609169","135.477939"
"市営御崎住宅４号館","大阪府大阪市住之江区御崎4-11","34.609408","135.476944"
"住之江区在宅サービスセンターさざなみ","大阪府大阪市住之江区御崎4-6-10","34.609252","135.479945"
"住之江小学校","大阪府大阪市住之江区御崎4-6-43","34.609933","135.47924"
"住之江小学校（運動場）","大阪府大阪市住之江区御崎4-6-43","34.609699","135.479556"
"市営御崎住宅５号館","大阪府大阪市住之江区御崎4-9","34.609828","135.477287"
"御崎中公園","大阪府大阪市住之江区御崎5-1","34.608677","135.483056"
"市営敷津浦住宅１号館","大阪府大阪市住之江区御崎5-7","34.608633","135.480671"
"清江小学校","大阪府大阪市住之江区御崎5-7-18","34.60796","135.480431"
"清江小学校（運動場）","大阪府大阪市住之江区御崎5-7-18","34.608023","135.480778"
"市営御崎第２住宅１号館","大阪府大阪市住之江区御崎6-7","34.607757","135.479654"
"市営敷津浦第２住宅１号館","大阪府大阪市住之江区御崎7-1","34.605625","135.482822"
"住吉商業高等学校（運動場）","大阪府大阪市住之江区御崎7-12-55","34.603738","135.481023"
"住吉商業高等学校","大阪府大阪市住之江区御崎7-12-55","34.604011","135.479755"
"敷津浦東公園","大阪府大阪市住之江区御崎7-15","34.60313","135.479712"
"御崎南公園","大阪府大阪市住之江区御崎7-3","34.605423","135.481256"
"住之江中学校","大阪府大阪市住之江区御崎8-1-6","34.605838","135.478401"
"住之江中学校（運動場）","大阪府大阪市住之江区御崎8-1-6","34.605913","135.47785"
"ヤマト運輸（株）大阪主管支店","大阪府大阪市住之江区柴谷1-2-70","34.621042","135.464253"
"市営柴谷住宅１号棟","大阪府大阪市住之江区柴谷2-1","34.619782","135.468991"
"市営柴谷住宅３号棟","大阪府大阪市住之江区柴谷2-1","34.618828","135.468889"
"市営柴谷住宅２号棟","大阪府大阪市住之江区柴谷2-1","34.61942","135.468975"
"柴谷公園","大阪府大阪市住之江区柴谷2-7","34.617719","135.46616"
"ＧＬＰ大阪Ⅱ","大阪府大阪市住之江区柴谷2-8-76","34.615992","135.467718"
"安立小学校（運動場）","大阪府大阪市住之江区住之江1-4-29","34.605095","135.487958"
"安立小学校","大阪府大阪市住之江区住之江1-4-29","34.60441","135.488243"
"ラ・メール","大阪府大阪市住之江区住之江1-4-36","34.604233","135.487096"
"ロイヤル住之江","大阪府大阪市住之江区住之江1-4-47","34.605379","135.487389"
"ロイヤル安立","大阪府大阪市住之江区住之江2-10-17","34.601328","135.486695"
"アクシスコート住之江","大阪府大阪市住之江区住之江2-3-18","34.603532","135.486814"
"ミシェール住之江","大阪府大阪市住之江区住之江2-7-11","34.60267","135.486324"
"市営住之江住宅１号棟","大阪府大阪市住之江区住之江3-11","34.599092","135.485623"
"市営住之江住宅２号棟","大阪府大阪市住之江区住之江3-12","34.598686","135.48528"
"市営住之江住宅３号棟","大阪府大阪市住之江区住之江3-14","34.598341","135.485151"
"安住公園","大阪府大阪市住之江区住之江3-17","34.597815","135.484889"
"アジア太平洋トレードセンター","大阪府大阪市住之江区住之江区南港北2-1-10","34.637365","135.413063"
"新北島南公園","大阪府大阪市住之江区新北島2-3","34.603733","135.471151"
"新北島東公園","大阪府大阪市住之江区新北島3-5","34.606872","135.469727"
"新北島中公園","大阪府大阪市住之江区新北島3-7","34.607338","135.466401"
"市営新北島住宅２号館","大阪府大阪市住之江区新北島4-1","34.605211","135.467559"
"市営新北島住宅１号館","大阪府大阪市住之江区新北島4-1","34.60486","135.468859"
"新北島会館南公園","大阪府大阪市住之江区新北島5-3","34.607439","135.462867"
"サニーコットン住之江","大阪府大阪市住之江区新北島6-1-5","34.605982","135.464334"
"新北島小学校","大阪府大阪市住之江区新北島6-2-56","34.605576","135.463693"
"新北島小学校（運動場）","大阪府大阪市住之江区新北島6-2-56","34.605682","135.462943"
"新北島西公園","大阪府大阪市住之江区新北島7-3","34.609312","135.460615"
"大和川北公園","大阪府大阪市住之江区新北島8-1","34.607032","135.460963"
"市営新北島第２住宅１号館","大阪府大阪市住之江区新北島8-2","34.606148","135.460812"
"新北島中学校（運動場）","大阪府大阪市住之江区新北島8-2-46","34.606729","135.459709"
"新北島中学校","大阪府大阪市住之江区新北島8-2-46","34.607042","135.459839"
"市営中加賀屋住宅８号館","大阪府大阪市住之江区西加賀屋1-3","34.619991","135.47839"
"加賀屋中学校","大阪府大阪市住之江区西加賀屋2-9-20","34.619388","135.476142"
"加賀屋中学校（運動場）","大阪府大阪市住之江区西加賀屋2-9-20","34.619216","135.476766"
"ハイネス住之江公園","大阪府大阪市住之江区西加賀屋3-19-4","34.616624","135.474434"
"シャルマンハイツ","大阪府大阪市住之江区西加賀屋3-4-1","34.616135","135.47793"
"西加賀屋公園","大阪府大阪市住之江区西加賀屋3-8","34.616213","135.476537"
"住吉川小学校","大阪府大阪市住之江区西加賀屋4-1-4","34.614829","135.478701"
"住吉川小学校（運動場）","大阪府大阪市住之江区西加賀屋4-1-4","34.614763","135.478129"
"朝日プラザ住之江公園","大阪府大阪市住之江区西加賀屋4-3-5","34.614852","135.476067"
"浜口東公園","大阪府大阪市住之江区西住之江1-3","34.606851","135.48606"
"西住之江公園","大阪府大阪市住之江区西住之江1-3","34.605341","135.485588"
"シティハイツ住ノ江２号棟","大阪府大阪市住之江区西住之江1-3-2","34.606619","135.485865"
"シティハイツ住ノ江３号棟","大阪府大阪市住之江区西住之江1-4-3","34.606584","135.484948"
"ライオンズマンション住之江","大阪府大阪市住之江区西住之江2-10-7","34.60288","135.485679"
"西住之江中公園","大阪府大阪市住之江区西住之江2-15","34.602024","135.485458"
"セリザー住之江","大阪府大阪市住之江区西住之江3-1-21","34.601557","135.484397"
"西住之江南公園","大阪府大阪市住之江区西住之江3-13","34.600104","135.482895"
"グリーンビル","大阪府大阪市住之江区西住之江3-2-1","34.601672","135.484021"
"大きな手　西住之江","大阪府大阪市住之江区西住之江3-4-16","34.601364","135.483158"
"プレミスト住之江","大阪府大阪市住之江区西住之江3-5-3","34.600907","135.484689"
"ニュートラム　住之江公園駅","大阪府大阪市住之江区泉1-1","34.609258","135.471904"
"住之江競艇場","大阪府大阪市住之江区泉1-1-71","34.611526","135.471023"
"平林泉公園","大阪府大阪市住之江区泉2-1","34.613252","135.462368"
"市営中加賀屋住宅１２号館","大阪府大阪市住之江区中加賀屋1-1","34.621406","135.481927"
"市営中加賀屋住宅１１号館","大阪府大阪市住之江区中加賀屋1-11","34.621207","135.480812"
"市営中加賀屋住宅１０号館","大阪府大阪市住之江区中加賀屋1-12","34.621039","135.479503"
"市営中加賀屋住宅９号館","大阪府大阪市住之江区中加賀屋1-13","34.620541","135.479626"
"コーシャハイツ中加賀屋","大阪府大阪市住之江区中加賀屋1-4-16","34.620167","135.48157"
"中加賀屋公園","大阪府大阪市住之江区中加賀屋1-5","34.619509","135.481621"
"市営中加賀屋住宅３号館","大阪府大阪市住之江区中加賀屋1-7","34.619643","135.48043"
"市営中加賀屋住宅２号館","大阪府大阪市住之江区中加賀屋1-8","34.620039","135.480535"
"市営中加賀屋住宅１号館","大阪府大阪市住之江区中加賀屋1-9","34.620468","135.480556"
"加賀屋公園","大阪府大阪市住之江区中加賀屋3-17","34.615899","135.478495"
"ファミール中加賀屋","大阪府大阪市住之江区中加賀屋3-3-6","34.615985","135.481231"
"ライフ加賀屋店","大阪府大阪市住之江区中加賀屋4-6-28","34.614788","135.479672"
"東加賀屋１公園","大阪府大阪市住之江区東加賀屋1-3","34.618653","135.48501"
"市営東加賀屋住宅１号館","大阪府大阪市住之江区東加賀屋1-4","34.618801","135.483995"
"市営東加賀屋住宅２号館","大阪府大阪市住之江区東加賀屋1-5","34.619236","135.484156"
"加賀屋東小学校（運動場）","大阪府大阪市住之江区東加賀屋1-6-25","34.619788","135.484478"
"加賀屋東小学校","大阪府大阪市住之江区東加賀屋1-6-25","34.620181","135.484358"
"東加賀屋公園","大阪府大阪市住之江区東加賀屋2-14","34.617535","135.482222"
"住之江公園","大阪府大阪市住之江区南加賀屋1-1","34.611307","135.475509"
"南加賀屋公園","大阪府大阪市住之江区南加賀屋3-1","34.60641","135.475434"
"南加賀屋西公園","大阪府大阪市住之江区南加賀屋4-6","34.603126","135.473277"
"ニュートラム　ポートタウン東駅","大阪府大阪市住之江区南港中2-1-14","34.630901","135.429125"
"市営南港中住宅２１号館","大阪府大阪市住之江区南港中2-5","34.628223","135.42983"
"市営南港中住宅２２号館","大阪府大阪市住之江区南港中2-5","34.6278","135.42895"
"南港緑公園","大阪府大阪市住之江区南港中2-6","34.628797","135.428158"
"市営南港中住宅３２号館","大阪府大阪市住之江区南港中2-8","34.627713","135.427148"
"市営南港中住宅３１号館","大阪府大阪市住之江区南港中2-8","34.628503","135.42711"
"南港公園","大阪府大阪市住之江区南港中3-1","34.630182","135.425387"
"ニュートラム　ポートタウン西駅","大阪府大阪市住之江区南港中3-2-68","34.63091","135.422708"
"咲洲みなみ小中一貫校","大阪府大阪市住之江区南港中3-5-14","34.628736","135.425967"
"咲洲みなみ小中一貫校（運動場）","大阪府大阪市住之江区南港中3-5-14","34.628435","135.425916"
"南港海のまち公園","大阪府大阪市住之江区南港中3-6","34.627842","135.425308"
"南港北中学校","大阪府大阪市住之江区南港中4-3-39","34.635599","135.423296"
"南港北中学校（運動場）","大阪府大阪市住之江区南港中4-3-39","34.635023","135.423491"
"南港光小学校（運動場）","大阪府大阪市住之江区南港中4-4-22","34.634305","135.423435"
"南港光小学校","大阪府大阪市住之江区南港中4-4-22","34.633727","135.423417"
"南港太陽のまち公園","大阪府大阪市住之江区南港中4-5","34.633774","135.424827"
"南港桜小学校","大阪府大阪市住之江区南港中5-2-48","34.635361","135.42121"
"南港桜小学校（運動場）","大阪府大阪市住之江区南港中5-2-48","34.634668","135.420697"
"市営南港中住宅４１号館","大阪府大阪市住之江区南港中5-3","34.63511","135.419834"
"市営南港中住宅４５号館","大阪府大阪市住之江区南港中5-3","34.635048","135.418967"
"市営南港中住宅４２号館","大阪府大阪市住之江区南港中5-3","34.63456","135.419851"
"市営南港中住宅４４号館","大阪府大阪市住之江区南港中5-3","34.634801","135.418091"
"市営南港中住宅４３号館","大阪府大阪市住之江区南港中5-3","34.634536","135.418963"
"ニュートラム　中ふ頭駅","大阪府大阪市住之江区南港中5-3-48","34.633984","135.417504"
"南港花のまち公園","大阪府大阪市住之江区南港中5-4","34.63376","135.420813"
"ニュートラム　南港口駅","大阪府大阪市住之江区南港東1-7-69","34.613842","135.445881"
"ニュートラム　南港東駅","大阪府大阪市住之江区南港東2-4-52","34.613842","135.438628"
"大阪府立港南造形高等学校（運動場）","大阪府大阪市住之江区南港東2-5-72","34.612781","135.4415"
"大阪府立港南造形高等学校","大阪府大阪市住之江区南港東2-5-72","34.613386","135.441568"
"大阪南港トラックターミナル管理棟","大阪府大阪市住之江区南港東4-10-108","34.621536","135.439023"
"ニュートラム　フェリーターミナル駅","大阪府大阪市住之江区南港東4-8-52","34.618526","135.434992"
"南港中央公園","大阪府大阪市住之江区南港東8-5","34.631829","135.432169"
"シーサイドレジデンスコスモスクエア駅前","大阪府大阪市住之江区南港北1-25-10","34.641807","135.41426"
"ニュートラム　トレードセンター前駅","大阪府大阪市住之江区南港北1-30-21","34.638698","135.41213"
"ローレルスクエア大阪ベイタワー","大阪府大阪市住之江区南港北1-30-30","34.642127","135.413087"
"浜口西公園","大阪府大阪市住之江区浜口西2-6","34.610731","135.483982"
"浜口公園","大阪府大阪市住之江区浜口西3-4","34.608326","135.48396"
"住吉公園","大阪府大阪市住之江区浜口東1-1","34.612604","135.488499"
"介護付有料老人ホーム　ゆうあい","大阪府大阪市住之江区浜口東3-6-23","34.608368","135.486355"
"粉浜中公園","大阪府大阪市住之江区粉浜1-27","34.618783","135.490924"
"粉浜東公園","大阪府大阪市住之江区粉浜1-5","34.622072","135.490567"
"北粉浜小学校（運動場）","大阪府大阪市住之江区粉浜1-5-48","34.622632","135.490648"
"北粉浜小学校","大阪府大阪市住之江区粉浜1-5-48","34.622782","135.491051"
"粉浜小学校（運動場）","大阪府大阪市住之江区粉浜2-6-6","34.618045","135.490104"
"粉浜小学校","大阪府大阪市住之江区粉浜2-6-6","34.618111","135.49049"
"府住宅供給公社　住吉団地","大阪府大阪市住之江区粉浜3-13-9","34.614087","135.488642"
"粉浜南公園","大阪府大阪市住之江区粉浜3-2","34.616123","135.489347"
"粉浜北公園","大阪府大阪市住之江区粉浜西1-4","34.622501","135.489052"
"住吉第一中学校","大阪府大阪市住之江区粉浜西1-5-11","34.621396","135.48785"
"住吉第一中学校（運動場）","大阪府大阪市住之江区粉浜西1-5-11","34.621569","135.487374"
"粉浜公園","大阪府大阪市住之江区粉浜西2-6","34.618912","135.488342"
"ニュートラム　平林駅","大阪府大阪市住之江区平林南1-2","34.610663","135.458563"
"大幸工業株式会社　津波避難ビル兼車輌センター","大阪府大阪市住之江区平林南1-3-27","34.612234","135.456065"
"株式会社ロゴスコーポレーション　東館ビル","大阪府大阪市住之江区平林南2-11-13","34.611961","135.451216"
"平林西公園","大阪府大阪市住之江区平林南2-12","34.613209","135.447252"
"市営平林南第２住宅１号館","大阪府大阪市住之江区平林南2-3","34.608916","135.457978"
"市営平林南第２住宅２号館","大阪府大阪市住之江区平林南2-6","34.60846","135.456714"
"平林南公園","大阪府大阪市住之江区平林南2-6","34.609325","135.456312"
"平林小学校（運動場）","大阪府大阪市住之江区平林南2-6-48","34.608692","135.455808"
"平林小学校","大阪府大阪市住之江区平林南2-6-48","34.608984","135.456166"
"ルネ住之江","大阪府大阪市住之江区平林南2-6-54","34.609805","135.456408"
"市営平林南第３住宅１号館","大阪府大阪市住之江区平林南2-9","34.609233","135.455145"
"平林北公園","大阪府大阪市住之江区平林北1-2","34.620884","135.460249"
"三洋電機株式会社　１棟","大阪府大阪市住之江区平林北1-2-63","34.621554","135.458939"
"加賀屋北公園","大阪府大阪市住之江区北加賀屋1-2","34.624077","135.481525"
"市営北加賀屋住宅１号館","大阪府大阪市住之江区北加賀屋1-5","34.621916","135.480617"
"北加賀屋東公園","大阪府大阪市住之江区北加賀屋1-5","34.621991","135.480392"
"加賀屋小学校","大阪府大阪市住之江区北加賀屋2-5-26","34.622391","135.479024"
"加賀屋小学校（運動場）","大阪府大阪市住之江区北加賀屋2-5-26","34.622973","135.479165"
"㈱グルメ杵屋","大阪府大阪市住之江区北加賀屋3-4-7","34.624232","135.477558"
"北加賀屋公園","大阪府大阪市住之江区北加賀屋5-3","34.622984","135.475509"
"住之江スポーツセンター","大阪府大阪市住之江区北加賀屋5-3-47","34.623725","135.475504"
"特別養護老人ホーム　加賀屋の森","大阪府大阪市住之江区北加賀屋5-4-23","34.622311","135.474598"
"市営北加賀屋第５住宅１号館","大阪府大阪市住之江区北加賀屋5-6","34.621743","135.473459"
"敷津浦小学校","大阪府大阪市住之江区北島2-9-22","34.602651","135.477903"
"敷津浦小学校（運動場）","大阪府大阪市住之江区北島2-9-22","34.602469","135.478363"
"北島公園","大阪府大阪市住之江区北島3-17","34.600379","135.479053"
"緑木公園","大阪府大阪市住之江区緑木2-1","34.615526","135.473023"
"専永公園","大阪府大阪市城東区永田1-4","34.688669","135.556579"
"左専道公園","大阪府大阪市城東区永田2-12","34.68673","135.55741"
"諏訪小学校","大阪府大阪市城東区永田2-15-5","34.686427","135.558526"
"諏訪小学校（運動場）","大阪府大阪市城東区永田2-15-5","34.686544","135.558254"
"城東中学校","大阪府大阪市城東区永田3-3-44","34.681871","135.555688"
"城東中学校（運動場）","大阪府大阪市城東区永田3-3-44","34.682064","135.556769"
"永田公園","大阪府大阪市城東区永田4-14","34.681396","135.557024"
"特別養護老人ホーム　城東こすもす苑","大阪府大阪市城東区蒲生2-2-38","34.698121","135.540482"
"蒲生南公園","大阪府大阪市城東区蒲生3-2","34.698378","135.54228"
"特別養護老人ホーム　至善荘","大阪府大阪市城東区蒲生4-2-10","34.698059","135.544037"
"コーナン棟（ホームセンターコーナン関目店）","大阪府大阪市城東区関目1-4-1","34.707937","135.546828"
"ライフ関目店","大阪府大阪市城東区関目1-5-3","34.70876","135.546814"
"西関目公園","大阪府大阪市城東区関目1-7","34.708534","135.547837"
"南関目公園","大阪府大阪市城東区関目2-4","34.707109","135.550632"
"関目東小学校","大阪府大阪市城東区関目4-12-15","34.710721","135.553498"
"関目東小学校（運動場）","大阪府大阪市城東区関目4-12-15","34.710358","135.553446"
"関目中央公園","大阪府大阪市城東区関目4-3","34.710392","135.550324"
"関目駅前小公園","大阪府大阪市城東区関目5-9","34.713516","135.54735"
"北関目公園","大阪府大阪市城東区関目6-3","34.713176","135.550824"
"関目小学校","大阪府大阪市城東区関目6-5-5","34.71457","135.550666"
"関目小学校（運動場）","大阪府大阪市城東区関目6-5-5","34.714417","135.551"
"食品館アプロ　城東館","大阪府大阪市城東区古市1-12-4","34.706052","135.556023"
"菫中学校（運動場）","大阪府大阪市城東区古市1-18-4","34.70666","135.558767"
"菫中学校","大阪府大阪市城東区古市1-18-4","34.706776","135.557547"
"大阪産業大学附属高等学校（運動場）","大阪府大阪市城東区古市1-20-26","34.708396","135.559009"
"市営古市南住宅１号館","大阪府大阪市城東区古市1-5","34.708738","135.555105"
"市営古市南住宅２号館","大阪府大阪市城東区古市1-5","34.708338","135.55508"
"社会福祉法人　大阪福祉事業財団　城東区特別養護老人ホーム　社会福祉法人　大阪福祉事業財団　城東養護老人ホーム","大阪府大阪市城東区古市1-7-8","34.708937","135.556118"
"市営古市東住宅４号館","大阪府大阪市城東区古市2-5","34.71062","135.556601"
"市営古市東住宅３号館","大阪府大阪市城東区古市2-5","34.710263","135.556182"
"市営古市東住宅２号館","大阪府大阪市城東区古市2-5","34.709663","135.556145"
"市営古市東住宅１号館","大阪府大阪市城東区古市2-5","34.709292","135.556209"
"市営古市東住宅５号館","大阪府大阪市城東区古市2-5","34.709672","135.556783"
"市営古市東住宅８号館","大阪府大阪市城東区古市2-6","34.71013","135.55725"
"市営古市東住宅７号館","大阪府大阪市城東区古市2-6","34.709438","135.558049"
"市営古市東住宅６号館","大阪府大阪市城東区古市2-6","34.709248","135.557534"
"古市中公園","大阪府大阪市城東区古市2-6","34.71011","135.55807"
"市営古市東住宅９号館","大阪府大阪市城東区古市2-6","34.710562","135.557437"
"すみれ小学校（運動場）","大阪府大阪市城東区古市2-6-38","34.710436","135.558912"
"すみれ小学校","大阪府大阪市城東区古市2-6-38","34.71057","135.559511"
"大阪信愛女学院高等学校（運動場）","大阪府大阪市城東区古市2-7-30","34.711339","135.559036"
"市営古市東住宅１０号館","大阪府大阪市城東区古市2-9","34.710186","135.560045"
"古市北公園","大阪府大阪市城東区古市3-14","34.714854","135.556649"
"古市西北公園","大阪府大阪市城東区古市3-19","34.713009","135.559141"
"西今福公園","大阪府大阪市城東区今福西1-15","34.698763","135.549227"
"中今福公園","大阪府大阪市城東区今福西2-8","34.699001","135.551459"
"ネクスタビル（関西スーパー蒲生店／ジョーシン蒲生店）","大阪府大阪市城東区今福西3-2-24","34.702509","135.546743"
"鯰江小学校","大阪府大阪市城東区今福西3-9-27","34.701449","135.548164"
"鯰江小学校（運動場）","大阪府大阪市城東区今福西3-9-27","34.701492","135.548568"
"鯰江中学校（運動場）","大阪府大阪市城東区今福西4-7-20","34.701699","135.553304"
"鯰江中学校","大阪府大阪市城東区今福西4-7-20","34.702067","135.552739"
"鯰江北公園","大阪府大阪市城東区今福西5-13","34.704722","135.548695"
"鯰江公園","大阪府大阪市城東区今福西6-5","34.704046","135.551782"
"特別養護老人ホーム　城東さくら苑","大阪府大阪市城東区今福西6-6-20","34.703288","135.552085"
"鯰江南公園","大阪府大阪市城東区今福西6-7","34.702828","135.551716"
"鯰江東小学校","大阪府大阪市城東区今福東1-3-26","34.700688","135.555272"
"鯰江東小学校（運動場）","大阪府大阪市城東区今福東1-3-26","34.700765","135.554775"
"鯰江東公園","大阪府大阪市城東区今福東1-4","34.7007","135.556282"
"スギタ今福パーキング","大阪府大阪市城東区今福東1-9-37","34.701134","135.557048"
"東今福公園","大阪府大阪市城東区今福東2-11","34.702925","135.55849"
"野江特別養護老人ホーム　城東園","大阪府大阪市城東区今福東2-2-25","34.703353","135.555061"
"今福小学校","大阪府大阪市城東区今福南2-1-53","34.696478","135.55131"
"今福小学校（運動場）","大阪府大阪市城東区今福南2-1-53","34.696309","135.551644"
"今福南中央公園","大阪府大阪市城東区今福南2-17","34.698084","135.55274"
"今福南古堤公園","大阪府大阪市城東区今福南2-4","34.696223","135.553426"
"市営今福南住宅３号館","大阪府大阪市城東区今福南4-10","34.698645","135.555632"
"市営今福南住宅４号館","大阪府大阪市城東区今福南4-10","34.69876","135.55634"
"市営今福南住宅１号館","大阪府大阪市城東区今福南4-11","34.698491","135.554311"
"市営今福南住宅２号館","大阪府大阪市城東区今福南4-11","34.698619","135.554944"
"南今福北公園","大阪府大阪市城東区今福南4-13","34.699288","135.556268"
"南今福公園","大阪府大阪市城東区今福南4-4","34.698185","135.557049"
"市営今福南第２住宅３号館","大阪府大阪市城東区今福南4-6-37","34.697949","135.559649"
"市営今福南第３住宅７号館","大阪府大阪市城東区今福南4-9-7","34.698779","135.557156"
"市営今福南第３住宅８号館","大阪府大阪市城東区今福南4-9-8","34.698996","135.557594"
"鴫野東２公園","大阪府大阪市城東区鴫野2-27","34.69218","135.548752"
"鴫野の森公園","大阪府大阪市城東区鴫野西2-1","34.691234","135.536827"
"城東スポーツセンター","大阪府大阪市城東区鴫野西2-1-21","34.691573","135.536419"
"城陽中学校（運動場）","大阪府大阪市城東区鴫野西3-3-64","34.694666","135.541895"
"城陽中学校","大阪府大阪市城東区鴫野西3-3-64","34.69438","135.542059"
"鴫野公園","大阪府大阪市城東区鴫野西4-11","34.691914","135.541252"
"鴫野小学校","大阪府大阪市城東区鴫野西4-11-48","34.691441","135.541408"
"鴫野小学校（運動場）","大阪府大阪市城東区鴫野西4-11-48","34.690888","135.541678"
"鴫野西公園","大阪府大阪市城東区鴫野西4-18","34.689702","135.541355"
"市営鴫野住宅３号館","大阪府大阪市城東区鴫野西5-3","34.692179","135.542467"
"市営鴫野住宅４号館","大阪府大阪市城東区鴫野西5-3","34.691536","135.542668"
"鴫野住宅１号館","大阪府大阪市城東区鴫野西5-3","34.69173","135.543631"
"市営鴫野住宅５号館","大阪府大阪市城東区鴫野西5-3","34.69084","135.542604"
"市営鴫野住宅２号館","大阪府大阪市城東区鴫野西5-3","34.692309","135.543692"
"市営鴫野第２住宅１号館","大阪府大阪市城東区鴫野西３－６－Ａ","34.693726","135.540715"
"市営鴫野第２住宅２号館","大阪府大阪市城東区鴫野西３－６－Ｂ","34.693965","135.542985"
"鴫野北公園","大阪府大阪市城東区鴫野東1-5","34.69554","135.544763"
"特別養護老人ホーム　しぎの黄金の里","大阪府大阪市城東区鴫野東2-26-12","34.691934","135.548639"
"城東小学校（運動場）","大阪府大阪市城東区鴫野東3-16-41","34.691215","135.548812"
"城東小学校","大阪府大阪市城東区鴫野東3-16-41","34.691176","135.547845"
"鴫野東公園","大阪府大阪市城東区鴫野東3-23","34.689113","135.548073"
"新喜多公園","大阪府大阪市城東区新喜多1-9","34.697172","135.539418"
"聖賢小学校","大阪府大阪市城東区新喜多2-4-35","34.697434","135.543021"
"聖賢小学校（運動場）","大阪府大阪市城東区新喜多2-4-35","34.69722","135.542679"
"布屋公園","大阪府大阪市城東区新喜多東1-5","34.694163","135.54864"
"新喜多東中央公園","大阪府大阪市城東区新喜多東1-8","34.695169","135.548911"
"新喜多東公園","大阪府大阪市城東区新喜多東2-6","34.692563","135.551199"
"森之宮小学校","大阪府大阪市城東区森之宮1-6-64","34.683433","135.537728"
"森之宮小学校（運動場）","大阪府大阪市城東区森之宮1-6-64","34.68361","135.537064"
"大阪公立大学　森之宮キャンパス","大阪府大阪市城東区森之宮2-1-132","34.687094","135.539334"
"社会福祉法人　平成福祉会　特別養護老人ホーム　平成森之宮苑","大阪府大阪市城東区森之宮2-1-49","34.684923","135.539178"
"大阪府立成城高等学校","大阪府大阪市城東区諏訪3-11-41","34.681757","135.5613"
"成育西公園","大阪府大阪市城東区成育1-1","34.705062","135.541475"
"成育小学校","大阪府大阪市城東区成育1-5-19","34.706092","135.544133"
"成育小学校（運動場）","大阪府大阪市城東区成育1-5-19","34.706139","135.543599"
"成育公園","大阪府大阪市城東区成育3-18","34.709373","135.543722"
"蒲生中公園","大阪府大阪市城東区中央1-3","34.700748","135.541726"
"泉秀園城東ビルパーキング","大阪府大阪市城東区中央1-9-33","34.700547","135.544709"
"成育南公園","大阪府大阪市城東区中央2-2","34.704204","135.541559"
"蒲生公園一帯","大阪府大阪市城東区中央3","34.70386","135.54474"
"蒲生公園","大阪府大阪市城東区中央3-8","34.704017","135.544751"
"蒲生中学校（運動場）","大阪府大阪市城東区中央3-9-24","34.705072","135.544969"
"蒲生中学校","大阪府大阪市城東区中央3-9-24","34.705235","135.545499"
"中浜公園","大阪府大阪市城東区中浜1-6","34.686992","135.542075"
"中浜小学校（運動場）","大阪府大阪市城東区中浜2-12-35","34.685345","135.543655"
"中浜小学校","大阪府大阪市城東区中浜2-12-35","34.685262","135.544056"
"中浜中央公園","大阪府大阪市城東区中浜2-9","34.684231","135.542765"
"白山公園","大阪府大阪市城東区中浜3-1","34.685051","135.5406"
"天王田・楠根公園","大阪府大阪市城東区天王田4","34.689959","135.553008"
"生活協同組合　おおさかパルコープ　東中浜店","大阪府大阪市城東区東中浜4-5-14","34.686329","135.549712"
"東中浜公園","大阪府大阪市城東区東中浜5-3","34.684926","135.549337"
"東中浜小学校","大阪府大阪市城東区東中浜5-4-5","34.684442","135.548913"
"東中浜小学校（運動場）","大阪府大阪市城東区東中浜5-4-5","34.684228","135.549183"
"千間川みどり公園","大阪府大阪市城東区東中浜6","34.681128","135.550552"
"天王田公園","大阪府大阪市城東区東中浜7-1","34.687714","135.552079"
"西放出公園","大阪府大阪市城東区放出西2-15","34.69277","135.557555"
"放出小学校","大阪府大阪市城東区放出西2-2-18","34.694653","135.555615"
"放出小学校（運動場）","大阪府大阪市城東区放出西2-2-18","34.694837","135.555198"
"放出中学校","大阪府大阪市城東区放出西3-12-10","34.690426","135.55784"
"放出中学校（運動場）","大阪府大阪市城東区放出西3-12-10","34.690239","135.557263"
"市営放出西住宅６号館","大阪府大阪市城東区放出西3-15","34.690358","135.559001"
"市営放出西住宅６号館","大阪府大阪市城東区放出西3-15","34.690252","135.558996"
"市営放出西住宅５号館","大阪府大阪市城東区放出西3-16","34.690951","135.558828"
"放出西三公園","大阪府大阪市城東区放出西3-20","34.691185","135.558336"
"野江公園","大阪府大阪市城東区野江1-15","34.701268","135.540776"
"市営野江第２住宅３号館","大阪府大阪市城東区野江1-18","34.700738","135.539837"
"市営野江第２住宅２号館","大阪府大阪市城東区野江1-19","34.700827","135.539386"
"市営野江第２住宅１号館","大阪府大阪市城東区野江1-20","34.700311","135.539097"
"市営野江住宅１号館","大阪府大阪市城東区野江1-8","34.701975","135.538036"
"開明高等学校（運動場）","大阪府大阪市城東区野江1-9-9","34.701014","135.538136"
"榎並公園","大阪府大阪市城東区野江2-15","34.703536","135.539431"
"榎並小学校（運動場）","大阪府大阪市城東区野江4-1-28","34.709144","135.539218"
"榎並小学校","大阪府大阪市城東区野江4-1-28","34.709282","135.539673"
"明治東洋医学院専門学校","大阪府大阪市吹田市西御旅町7-53","34.749031","135.523506"
"市営田島住宅１号館","大阪府大阪市生野区舎利寺2-12-20","34.648489","135.53859"
"もと生野小学校（運動場）","大阪府大阪市生野区舎利寺3-1-39","34.647877","135.536415"
"もと生野小学校","大阪府大阪市生野区舎利寺3-1-39","34.648152","135.536102"
"舎利寺公園","大阪府大阪市生野区舎利寺3-9","34.648039","135.537886"
"勝山西公園","大阪府大阪市生野区勝山南1-13","34.65329","135.528473"
"勝山小学校（運動場）","大阪府大阪市生野区勝山南1-3-5","34.653678","135.527791"
"勝山小学校","大阪府大阪市生野区勝山南1-3-5","34.653864","135.527472"
"大阪偕星学園高等学校（運動場）","大阪府大阪市生野区勝山南2-6-38","34.652372","135.530094"
"大阪府立桃谷高等学校（運動場）","大阪府大阪市生野区勝山南3-1-4","34.653786","135.533339"
"市営勝山南住宅１号館","大阪府大阪市生野区勝山南3-11","34.652603","135.533777"
"御勝山南公園","大阪府大阪市生野区勝山南3-3","34.653594","135.535936"
"もと舎利寺小学校","大阪府大阪市生野区勝山南4-15-25","34.65223","135.538818"
"もと舎利寺小学校（運動場）","大阪府大阪市生野区勝山南4-15-25","34.652246","135.539281"
"舎利寺中央公園","大阪府大阪市生野区勝山南4-5","34.652997","135.539203"
"勝山北公園","大阪府大阪市生野区勝山北1-11","34.654917","135.529841"
"プール学院（運動場）","大阪府大阪市生野区勝山北1-19-31","34.655338","135.528672"
"桃谷中学校","大阪府大阪市生野区勝山北3-13-44","34.655027","135.533609"
"桃谷中学校（運動場）","大阪府大阪市生野区勝山北3-13-44","34.654795","135.533094"
"御勝山公園","大阪府大阪市生野区勝山北3-16","34.654551","135.535925"
"東桃谷小学校","大阪府大阪市生野区勝山北3-7-21","34.655808","135.534131"
"東桃谷小学校（運動場）","大阪府大阪市生野区勝山北3-7-21","34.655934","135.533757"
"もと鶴橋中学校","大阪府大阪市生野区勝山北4-9-22","34.656743","135.537305"
"もと鶴橋中学校（運動場）","大阪府大阪市生野区勝山北4-9-22","34.656743","135.537305"
"小路西公園","大阪府大阪市生野区小路2-2","34.661274","135.553192"
"小路小学校（運動場）","大阪府大阪市生野区小路2-24-40","34.660573","135.555435"
"小路小学校","大阪府大阪市生野区小路2-24-40","34.660528","135.554983"
"小路南公園","大阪府大阪市生野区小路3-19","34.656425","135.555145"
"小路公園","大阪府大阪市生野区小路東2-14","34.660965","135.557449"
"小路東公園","大阪府大阪市生野区小路東2-23","34.658905","135.557907"
"東小路小学校","大阪府大阪市生野区小路東3-8-15","34.659191","135.559341"
"東小路小学校（運動場）","大阪府大阪市生野区小路東3-8-15","34.65888","135.559515"
"金光藤蔭高等学校（スポーツエリア等）","大阪府大阪市生野区小路東4-1-26","34.657442","135.556542"
"西の川公園","大阪府大阪市生野区新今里1-14","34.662816","135.543504"
"新今里公園","大阪府大阪市生野区新今里2-12","34.662457","135.546478"
"東中川公園","大阪府大阪市生野区新今里7-14","34.659036","135.550982"
"東中川小学校","大阪府大阪市生野区新今里7-14-37","34.659479","135.550157"
"東中川小学校（運動場）","大阪府大阪市生野区新今里7-14-37","34.659271","135.550169"
"東生野中学校","大阪府大阪市生野区新今里7-9-25","34.660589","135.551343"
"東生野中学校（運動場）","大阪府大阪市生野区新今里7-9-25","34.660645","135.550696"
"猫間川公園","大阪府大阪市生野区生野西1-18","34.648781","135.524963"
"義務教育学校　生野未来学園（運動場）","大阪府大阪市生野区生野西3-5-40","34.650498","135.529496"
"義務教育学校　生野未来学園","大阪府大阪市生野区生野西3-5-40","34.650709","135.530265"
"生野西公園","大阪府大阪市生野区生野西3-6","34.6505","135.527939"
"生野西４公園","大阪府大阪市生野区生野西4-7","34.64761","135.52919"
"市営生野東住宅１号館","大阪府大阪市生野区生野東1-1-30","34.650384","135.531107"
"市営生野東住宅２号館","大阪府大阪市生野区生野東1-5","34.650737","135.531874"
"大阪府立生野工業高等学校（運動場）","大阪府大阪市生野区生野東2-3-66","34.646704","135.530689"
"生野工業高等学校","大阪府大阪市生野区生野東2-3-66","34.647324","135.530655"
"生野東公園","大阪府大阪市生野区生野東3-10","34.650376","135.53502"
"市営生野東住宅９号館","大阪府大阪市生野区生野東4-1","34.648178","135.534094"
"市営生野東住宅１２号館","大阪府大阪市生野区生野東4-1","34.647145","135.533911"
"市営生野東住宅１１号館","大阪府大阪市生野区生野東4-1","34.647009","135.534281"
"市営生野東住宅１３号館","大阪府大阪市生野区生野東4-1-13","34.647081","135.533491"
"市営生野東住宅８号館","大阪府大阪市生野区生野東4-2","34.64828","135.534893"
"生野東４公園","大阪府大阪市生野区生野東4-5","34.646825","135.534758"
"巽西１公園","大阪府大阪市生野区巽西1-3","34.651641","135.544847"
"巽公園","大阪府大阪市生野区巽西1-7","34.651306","135.546528"
"巽西みのり公園","大阪府大阪市生野区巽西3-15","34.646298","135.547747"
"巽西公園","大阪府大阪市生野区巽西4-6","34.643993","135.547242"
"巽住宅１号館","大阪府大阪市生野区巽中1-18-12","34.652983","135.553476"
"巽西足代公園","大阪府大阪市生野区巽中1-20","34.651618","135.552532"
"巽中東公園","大阪府大阪市生野区巽中1-5","34.651665","135.549728"
"伊賀ケ西公園","大阪府大阪市生野区巽中2-22","34.648499","135.553589"
"巽大地北公園","大阪府大阪市生野区巽中2-7","34.649933","135.54982"
"巽小学校","大阪府大阪市生野区巽中3-12-5","34.64584","135.552199"
"巽小学校（運動場）","大阪府大阪市生野区巽中3-12-5","34.645697","135.551922"
"巽中学校（運動場）","大阪府大阪市生野区巽中3-17-20","34.646926","135.553158"
"巽中学校","大阪府大阪市生野区巽中3-17-20","34.64683","135.553553"
"巽大地公園","大阪府大阪市生野区巽中3-9","34.647678","135.55098"
"巽中４公園","大阪府大阪市生野区巽中4-6","34.644816","135.550088"
"巽東第１公園","大阪府大阪市生野区巽東1-1","34.652966","135.555832"
"巽矢柄公園","大阪府大阪市生野区巽東1-10","34.650023","135.554993"
"巽伊賀ケ公園","大阪府大阪市生野区巽東1-16","34.649065","135.55588"
"大阪わかば高等学校（運動場）","大阪府大阪市生野区巽東3-10-75","34.650087","135.559666"
"巽東３公園","大阪府大阪市生野区巽東3-11","34.652447","135.55988"
"新生野中学校（運動場）","大阪府大阪市生野区巽東3-3-12","34.651928","135.557922"
"新生野中学校","大阪府大阪市生野区巽東3-3-12","34.652278","135.558065"
"巽東小学校","大阪府大阪市生野区巽東3-8-13","34.649495","135.558454"
"巽東小学校（運動場）","大阪府大阪市生野区巽東3-8-13","34.649303","135.558075"
"大阪府立生野支援学校","大阪府大阪市生野区巽東4-2-47","34.648414","135.559353"
"生野特別支援学校（運動場）","大阪府大阪市生野区巽東4-2-47","34.648563","135.559816"
"巽東公園","大阪府大阪市生野区巽東4-3","34.647946","135.55926"
"巽東緑地","大阪府大阪市生野区巽東４－１０外","34.64432","135.559788"
"巽南公園","大阪府大阪市生野区巽南1-4","34.641371","135.545826"
"巽南小学校","大阪府大阪市生野区巽南2-10-7","34.63845","135.548733"
"巽南小学校（運動場）","大阪府大阪市生野区巽南2-10-7","34.638227","135.548327"
"南巽公園","大阪府大阪市生野区巽南3-10","34.641173","135.551804"
"楠正長史跡公園","大阪府大阪市生野区巽南4-2","34.639893","135.551596"
"新巽中学校（運動場）","大阪府大阪市生野区巽南4-2-53","34.639448","135.5507"
"新巽中学校","大阪府大阪市生野区巽南4-2-53","34.639825","135.550296"
"巽南ふれあい公園","大阪府大阪市生野区巽南5-18","34.633862","135.552048"
"巽北西公園","大阪府大阪市生野区巽北1-21","34.654154","135.5455"
"北巽小学校（運動場）","大阪府大阪市生野区巽北1-30-29","34.653898","135.547518"
"北巽小学校","大阪府大阪市生野区巽北1-30-29","34.654204","135.547505"
"市営巽北住宅１号館","大阪府大阪市生野区巽北2-16-15","34.653559","135.552042"
"巽北さくら公園","大阪府大阪市生野区巽北2-7","34.654531","135.54921"
"巽北公園","大阪府大阪市生野区巽北4-2","34.65461","135.555969"
"中川公園","大阪府大阪市生野区中川2-4","34.661478","135.543327"
"大池小学校","大阪府大阪市生野区中川3-4-3","34.659635","135.544657"
"大池小学校（運動場）","大阪府大阪市生野区中川3-4-3","34.659408","135.544332"
"中川南公園","大阪府大阪市生野区中川5-13","34.656801","135.545634"
"中川６公園","大阪府大阪市生野区中川6-12","34.654599","135.542496"
"大池中学校","大阪府大阪市生野区中川6-3-6","34.655654","135.542783"
"大池中学校（運動場）","大阪府大阪市生野区中川6-3-6","34.655811","135.542307"
"中川西公園","大阪府大阪市生野区中川西2-5","34.66178","135.541305"
"Ｏｒｉｅｎｔｅｍ（オリエンテム）","大阪府大阪市生野区中川東2-18-22","34.656739","135.551418"
"中川東２公園","大阪府大阪市生野区中川東2-4","34.657957","135.550977"
"北鶴ふれあい公園","大阪府大阪市生野区鶴橋1-6","34.663358","135.529996"
"北鶴橋小学校（運動場）","大阪府大阪市生野区鶴橋3-4-50","34.664161","135.535423"
"北鶴橋小学校","大阪府大阪市生野区鶴橋3-4-50","34.664008","135.53452"
"北鶴橋公園","大阪府大阪市生野区鶴橋3-5","34.662559","135.535763"
"北鶴橋第２公園","大阪府大阪市生野区鶴橋4-1","34.665101","135.536895"
"田島公園","大阪府大阪市生野区田島3-5","34.648403","135.542777"
"田島南小中一貫校第２校地（運動場）","大阪府大阪市生野区田島3-7-38","34.648493","135.543503"
"田島南小中一貫校第２校地","大阪府大阪市生野区田島3-7-38","34.648437","135.543191"
"田島南公園","大阪府大阪市生野区田島5-21","34.644588","135.543665"
"田島南小中一貫校","大阪府大阪市生野区田島5-23-7","34.643576","135.543381"
"田島南小中一貫校（運動場）","大阪府大阪市生野区田島5-23-7","34.643601","135.543967"
"新田島公園","大阪府大阪市生野区田島5-7","34.643257","135.541397"
"桃谷公園","大阪府大阪市生野区桃谷1-2","34.660482","135.529983"
"鶴橋小学校（運動場）","大阪府大阪市生野区桃谷2-20-32","34.658895","135.532891"
"鶴橋小学校","大阪府大阪市生野区桃谷2-20-32","34.659113","135.532535"
"桃谷南公園","大阪府大阪市生野区桃谷3-14","34.659225","135.535858"
"みゆき公園","大阪府大阪市生野区桃谷3-7","34.660809","135.534683"
"御幸森２公園","大阪府大阪市生野区桃谷5-4","34.660995","135.538432"
"いくのコーライブズパーク","大阪府大阪市生野区桃谷5-5-37","34.659526","135.538079"
"いくのコーライブズパーク","大阪府大阪市生野区桃谷5-5-37","34.659569","135.53801"
"御幸森公園","大阪府大阪市生野区桃谷5-8","34.658835","135.539389"
"もと林寺小学校（運動場）","大阪府大阪市生野区林寺2-14-3","34.644488","135.532664"
"もと林寺小学校","大阪府大阪市生野区林寺2-14-3","34.644609","135.532951"
"林寺西公園","大阪府大阪市生野区林寺2-16","34.644717","135.531496"
"生野南公園","大阪府大阪市生野区林寺4-6","34.642751","135.535289"
"もと生野南小学校（運動場）","大阪府大阪市生野区林寺6-6-7","34.642048","135.538065"
"もと生野南小学校","大阪府大阪市生野区林寺6-6-7","34.642182","135.538643"
"新阿波座公園","大阪府大阪市西区阿波座1-8","34.681105","135.495523"
"明治小学校（運動場）","大阪府大阪市西区阿波座2-3-35","34.680221","135.491313"
"明治小学校","大阪府大阪市西区阿波座2-3-35","34.680568","135.491902"
"西船場公園","大阪府大阪市西区京町堀1-11","34.68773","135.494231"
"花乃井公園","大阪府大阪市西区京町堀2-11","34.685587","135.489506"
"江戸堀公園","大阪府大阪市西区京町堀3-7","34.684198","135.486516"
"境川ビューハイツ","大阪府大阪市西区境川1-6-13","34.670946","135.469888"
"グランドヴィラ境川","大阪府大阪市西区境川1-6-14","34.67124","135.469656"
"九条東公園","大阪府大阪市西区九条2-19","34.67588","135.471312"
"Ｏｓａｋａ　Ｍｅｔｒｏ中央線　九条駅","大阪府大阪市西区九条2-3-2","34.675379","135.473622"
"九条東小学校","大阪府大阪市西区九条2-6-2","34.675658","135.472405"
"九条東小学校（運動場）","大阪府大阪市西区九条2-6-2","34.675337","135.472605"
"九条公園","大阪府大阪市西区九条南1-1","34.67187","135.477245"
"大阪市高速電気軌道（株）本社ビル３階外部デッキ部通路","大阪府大阪市西区九条南1-12-62","34.669679","135.474417"
"九条南小学校（運動場）","大阪府大阪市西区九条南2-13-17","34.672668","135.473071"
"九条南小学校","大阪府大阪市西区九条南2-13-17","34.673075","135.472697"
"九条南公園","大阪府大阪市西区九条南2-19","34.672209","135.47262"
"九条ＭＴビル","大阪府大阪市西区九条南2-34-3","34.670527","135.473088"
"ユニアルス九条プレジオ","大阪府大阪市西区九条南4-10-11","34.677179","135.466378"
"九条北公園","大阪府大阪市西区九条南4-19","34.675831","135.467458"
"九条北小学校（運動場）","大阪府大阪市西区九条南4-7-38","34.676684","135.467753"
"九条北小学校","大阪府大阪市西区九条南4-7-38","34.676877","135.468293"
"西船場小学校","大阪府大阪市西区江戸堀1-21-28","34.688504","135.493898"
"西船場小学校（運動場）","大阪府大阪市西区江戸堀1-21-28","34.688256","135.494088"
"花乃井中学校","大阪府大阪市西区江戸堀2-8-29","34.68651","135.489517"
"花乃井中学校（運動場）","大阪府大阪市西区江戸堀2-8-29","34.68619","135.489261"
"グランドメゾン江戸堀西公園","大阪府大阪市西区江戸堀3-8-8","34.684558","135.486109"
"新町北公園","大阪府大阪市西区新町1-15","34.678046","135.495057"
"忠兵衛新町ハウス・　忠兵衛公園ビル","大阪府大阪市西区新町1-17-17","34.677723","135.494335"
"新町忠兵衛ビル","大阪府大阪市西区新町1-18-18","34.677424","135.494483"
"新町南公園","大阪府大阪市西区新町2-6","34.676368","135.492801"
"ライフ西大橋店","大阪府大阪市西区新町2-9-17","34.676393","135.491952"
"立売堀公園","大阪府大阪市西区新町3-1","34.678006","135.490458"
"ＩＮＳＯＵビル","大阪府大阪市西区新町3-6-10","34.676118","135.48922"
"カキモトビル","大阪府大阪市西区新町4-15-3","34.676449","135.484369"
"新町西公園","大阪府大阪市西区新町4-5","34.676488","135.486414"
"松島公園","大阪府大阪市西区千代崎1-3","34.676188","135.480445"
"西中学校","大阪府大阪市西区千代崎3-1-43","34.671527","135.478954"
"西中学校（運動場）","大阪府大阪市西区千代崎3-1-43","34.671621","135.478082"
"エクセランス九条公園","大阪府大阪市西区千代崎3-1-48","34.671638","135.479283"
"イオンモール大阪ドームシティ","大阪府大阪市西区千代崎3-13-1","34.670357","135.47793"
"京セラドーム大阪・周辺デッキ","大阪府大阪市西区千代崎３－２－１外","34.669298","135.477313"
"大阪ガスｈｕ＋ｇ　ＭＵＳＥＵＭ","大阪府大阪市西区千代崎３－南2-59","34.669229","135.478501"
"スーパービバホーム　大阪ドームシティ店","大阪府大阪市西区千代崎３－南2-66","34.668475","135.478738"
"本田小学校（運動場）","大阪府大阪市西区川口1-5-19","34.681257","135.481859"
"本田小学校","大阪府大阪市西区川口1-5-19","34.681507","135.481594"
"大喜多㈱","大阪府大阪市西区川口3-3-17","34.679981","135.478308"
"アパホテル大阪肥後橋駅前","大阪府大阪市西区土佐堀1-2-1","34.692092","135.495366"
"大阪労働衛生総合センター","大阪府大阪市西区土佐堀2-3-8","34.688113","135.489986"
"堀江公園","大阪府大阪市西区南堀江1-13","34.67221","135.49477"
"府民共済本部ビル","大阪府大阪市西区南堀江1-22-13","34.672469","135.493307"
"南堀江公園","大阪府大阪市西区南堀江2-8","34.670604","135.490768"
"高台橋公園","大阪府大阪市西区南堀江3-1","34.672338","135.48978"
"もと堀江中学校（運動場）","大阪府大阪市西区南堀江3-5-7","34.670504","135.489758"
"もと堀江中学校","大阪府大阪市西区南堀江3-5-7","34.670776","135.489883"
"大阪木材仲買会館","大阪府大阪市西区南堀江4-18-10","34.672543","135.484183"
"日吉公園","大阪府大阪市西区南堀江4-9","34.671157","135.484982"
"日吉小学校","大阪府大阪市西区南堀江4-9-19","34.67115","135.484589"
"日吉小学校（運動場）","大阪府大阪市西区南堀江4-9-19","34.671156","135.483822"
"堀江小学校（運動場）","大阪府大阪市西区北堀江3-2-16","34.674502","135.489922"
"堀江小学校","大阪府大阪市西区北堀江3-2-16","34.674395","135.490317"
"阿弥陀池公園","大阪府大阪市西区北堀江3-3","34.673848","135.489902"
"西長堀公園","大阪府大阪市西区北堀江4-1","34.675443","135.486362"
"堀江中学校（運動場）","大阪府大阪市西区北堀江4-15","34.673884","135.483303"
"大阪市立中央図書館","大阪府大阪市西区北堀江4-3-2","34.673851","135.486234"
"堀江中学校","大阪府大阪市西区北堀江4-7-1","34.673684","135.485112"
"土佐公園","大阪府大阪市西区北堀江4-9","34.674669","135.485214"
"本田公園","大阪府大阪市西区本田3-8","34.678143","135.474244"
"Ｊ国際学院　校舎","大阪府大阪市西区立売堀1-1-3","34.680206","135.497501"
"花王㈱　大阪事業場","大阪府大阪市西区立売堀1-4-1","34.679561","135.49661"
"和泉防災㈱","大阪府大阪市西区立売堀1-7-3","34.680144","135.495856"
"サンコーインダストリー㈱　新館","大阪府大阪市西区立売堀1-9-17","34.679152","135.494696"
"阿波座南公園","大阪府大阪市西区立売堀2-2","34.679802","135.491646"
"山善　第３ビル","大阪府大阪市西区立売堀3-3-21","34.679741","135.489884"
"ルイシャトレ本町西","大阪府大阪市西区立売堀3-4-13","34.67862","135.489976"
"薩摩堀公園","大阪府大阪市西区立売堀4-2","34.680563","135.488232"
"島津公園","大阪府大阪市西区立売堀5-4","34.679476","135.485497"
"住電商事㈱","大阪府大阪市西区立売堀5-8-11","34.678247","135.485314"
"金光教大阪教会","大阪府大阪市西区立売堀5-8-3","34.678553","135.485606"
"靱公園","大阪府大阪市西区靱本町1","34.685801","135.494625"
"靱幼稚園（運動場）","大阪府大阪市西区靱本町1-19-13","34.683803","135.494081"
"靱パークサイドコーポ","大阪府大阪市西区靱本町1-19-23","34.684151","135.49346"
"パークサイド本町","大阪府大阪市西区靱本町1-5-11","34.684651","135.497403"
"ショウエイ靱","大阪府大阪市西区靱本町3-10-13","34.682931","135.486652"
"市営松之宮住宅３号館","大阪府大阪市西成区旭2-7","34.644349","135.49048"
"市営松之宮住宅４号館","大阪府大阪市西成区旭3-2","34.645021","135.489157"
"もと松之宮小学校","大阪府大阪市西成区旭3-5-39","34.644996","135.48843"
"もと松之宮小学校（運動場）","大阪府大阪市西成区旭3-5-39","34.644671","135.488442"
"旭西公園","大阪府大阪市西成区旭3-9","34.64381","135.487035"
"花園公園","大阪府大阪市西成区花園北1","34.647578","135.498604"
"いまみや小中一貫校　（新今宮小学校・今宮中学校）","大阪府大阪市西成区花園北1-8-32","34.648442","135.498347"
"いまみや小中一貫校（新今宮小学校・今宮中学校）（運動場）","大阪府大阪市西成区花園北1-8-32","34.648719","135.498837"
"もと弘治小学校（運動場）","大阪府大阪市西成区花園北2-16-26","34.643956","135.497073"
"もと弘治小学校","大阪府大阪市西成区花園北2-16-26","34.644185","135.49708"
"岸里公園","大阪府大阪市西成区岸里2-12","34.631167","135.494774"
"南海公園","大阪府大阪市西成区岸里3-6","34.630614","135.493653"
"天下茶屋公園","大阪府大阪市西成区岸里東1-16","34.632604","135.49746"
"天下茶屋中学校（運動場）","大阪府大阪市西成区橘1-8-2","34.638415","135.493609"
"天下茶屋中学校","大阪府大阪市西成区橘1-8-2","34.638484","135.494089"
"橘小学校","大阪府大阪市西成区橘2-1-29","34.639576","135.491785"
"橘小学校（運動場）","大阪府大阪市西成区橘2-1-29","34.639242","135.491873"
"橘第３公園","大阪府大阪市西成区橘3-3","34.638778","135.489464"
"玉出中学校（運動場）","大阪府大阪市西成区玉出西1-15-37","34.627128","135.487971"
"玉出中学校","大阪府大阪市西成区玉出西1-15-37","34.626814","135.488419"
"玉出西公園","大阪府大阪市西成区玉出西1-9","34.626981","135.48937"
"玉出公園","大阪府大阪市西成区玉出中1-10","34.627519","135.492487"
"玉出南公園","大阪府大阪市西成区玉出中2-13","34.623741","135.491799"
"玉出小学校（運動場）","大阪府大阪市西成区玉出中2-13-48","34.624527","135.491823"
"玉出小学校","大阪府大阪市西成区玉出中2-13-48","34.624403","135.491548"
"西成スポーツセンター","大阪府大阪市西成区玉出東1-6-1","34.627965","135.495862"
"ライフ玉出東店","大阪府大阪市西成区玉出東2-9-40","34.624378","135.495402"
"山王みどり公園","大阪府大阪市西成区山王1-111-13","34.647721","135.506308"
"山王集会所（広場）","大阪府大阪市西成区山王2-10-24","34.646298","135.505497"
"山王第２公園","大阪府大阪市西成区山王2-2","34.645141","135.507265"
"飛田ふれあい会館（広場）","大阪府大阪市西成区山王3-12-13","34.643818","135.504547"
"今宮工科高等学校","大阪府大阪市西成区出城1-1-6","34.65027","135.496482"
"今宮工科高等学校（運動場）","大阪府大阪市西成区出城1-1-6","34.649857","135.496286"
"ニトリ西成店","大阪府大阪市西成区出城1-2-37","34.650522","135.495353"
"出城公園","大阪府大阪市西成区出城1-5","34.65057","135.494507"
"市営出城東第２住宅","大阪府大阪市西成区出城1-8-3","34.650267","135.493805"
"大阪市社会福祉研修・情報センター","大阪府大阪市西成区出城2-5-20","34.649859","135.490695"
"パークコート","大阪府大阪市西成区出城2-5-5","34.649708","135.491188"
"市営出城第２住宅","大阪府大阪市西成区出城3-1","34.65039","135.489788"
"出城通第５住宅１号館","大阪府大阪市西成区出城3-2","34.649712","135.489453"
"市営出城第１住宅","大阪府大阪市西成区出城3-3","34.650562","135.488662"
"市営出城西住宅２号館","大阪府大阪市西成区出城3-5","34.649886","135.487245"
"出城西公園","大阪府大阪市西成区出城3-6","34.649783","135.486124"
"市営松住宅１号棟","大阪府大阪市西成区松1-3","34.640601","135.494679"
"松通東公園","大阪府大阪市西成区松1-5","34.641099","135.494102"
"松通中公園","大阪府大阪市西成区松2-1","34.641308","135.492244"
"西成区在宅サービスセンター　はぎのさと別館","大阪府大阪市西成区松3-1-16","34.641241","135.489499"
"松通公園","大阪府大阪市西成区松3-2","34.640719","135.48978"
"北天下茶屋公園","大阪府大阪市西成区聖天下1-10","34.637648","135.50106"
"天下茶屋小学校（運動場）","大阪府大阪市西成区聖天下1-11-35","34.63687","135.501277"
"天下茶屋小学校","大阪府大阪市西成区聖天下1-11-35","34.636988","135.5017"
"成南中学校","大阪府大阪市西成区千本中1-17-10","34.633619","135.49046"
"成南中学校（運動場）","大阪府大阪市西成区千本中1-17-10","34.633042","135.489775"
"岸里小学校","大阪府大阪市西成区千本中1-8-22","34.633438","135.49164"
"岸里小学校（運動場）","大阪府大阪市西成区千本中1-8-22","34.633611","135.492081"
"千本小学校（運動場）","大阪府大阪市西成区千本中2-8-8","34.631786","135.488717"
"千本小学校","大阪府大阪市西成区千本中2-8-8","34.631516","135.488817"
"田端公園","大阪府大阪市西成区千本南1-21","34.629194","135.49029"
"千本南公園","大阪府大阪市西成区千本南2-12","34.630531","135.487827"
"千本北公園","大阪府大阪市西成区千本北1-7","34.636075","135.490656"
"橘千本北公園","大阪府大阪市西成区千本北2-10","34.636963","135.486214"
"千本西公園","大阪府大阪市西成区千本北2-21","34.635025","135.486585"
"市営中開東２号館","大阪府大阪市西成区中開2-1-13","34.652387","135.492866"
"中北公園","大阪府大阪市西成区中開2-5","34.652557","135.491189"
"中開公園","大阪府大阪市西成区中開3","34.652406","135.488594"
"開公園","大阪府大阪市西成区中開3-1","34.651947","135.489375"
"市営ひらき住宅１号館","大阪府大阪市西成区中開3-3","34.652002","135.488853"
"市営ひらき住宅３号館","大阪府大阪市西成区中開3-3","34.651905","135.488461"
"市営ひらき西住宅２号館","大阪府大阪市西成区中開3-5","34.651661","135.487709"
"西皿池公園","大阪府大阪市西成区潮路1-4","34.636555","135.493421"
"長橋１公園","大阪府大阪市西成区長橋1-4","34.649265","135.496259"
"市営長橋第４住宅１号館","大阪府大阪市西成区長橋1-8","34.648366","135.494425"
"市営長橋第４住宅２号館","大阪府大阪市西成区長橋1-8","34.64807","135.494408"
"市営長橋第５住宅２号館","大阪府大阪市西成区長橋1-9","34.648727","135.49473"
"市営長橋第５住宅１号館","大阪府大阪市西成区長橋1-9","34.64927","135.494725"
"市営長橋第１住宅","大阪府大阪市西成区長橋2-1","34.648709","135.4924"
"長橋公園","大阪府大阪市西成区長橋2-2","34.648369","135.492505"
"長橋小学校","大阪府大阪市西成区長橋2-3-21","34.648126","135.492241"
"長橋小学校（運動場）","大阪府大阪市西成区長橋2-3-21","34.647741","135.492356"
"市営長橋第６住宅１号館","大阪府大阪市西成区長橋2-5","34.64866","135.490716"
"市営長橋第３住宅３号館","大阪府大阪市西成区長橋3-1","34.648835","135.489383"
"市営長橋第３住宅２号館","大阪府大阪市西成区長橋3-1","34.64884","135.489892"
"長橋西公園","大阪府大阪市西成区長橋3-1","34.648355","135.489555"
"長橋３公園","大阪府大阪市西成区長橋3-7","34.649065","135.487501"
"鶴見橋中学校","大阪府大阪市西成区長橋3-9-23","34.648637","135.48724"
"鶴見橋中学校（運動場）","大阪府大阪市西成区長橋3-9-23","34.648599","135.486576"
"西成高等学校（運動場）","大阪府大阪市西成区津守1-13-10","34.646609","135.481928"
"西成高等学校","大阪府大阪市西成区津守1-13-10","34.647199","135.482173"
"中津守公園","大阪府大阪市西成区津守1-6","34.644711","135.485613"
"キコーナ津守店","大阪府大阪市西成区津守1-9-5","34.646733","135.484555"
"市営中津守住宅２号館","大阪府大阪市西成区津守3-1","34.639476","135.483495"
"市営中津守住宅１号館","大阪府大阪市西成区津守3-1","34.639352","135.483999"
"もと津守小学校","大阪府大阪市西成区津守3-1-66","34.640634","135.484669"
"もと津守小学校（運動場）","大阪府大阪市西成区津守3-1-66","34.640295","135.484857"
"津守南公園","大阪府大阪市西成区津守3-5","34.639032","135.482089"
"鶴見橋中公園","大阪府大阪市西成区鶴見橋1-17","34.646422","135.493383"
"鶴見橋東公園","大阪府大阪市西成区鶴見橋1-5","34.645715","135.495514"
"鶴見橋中央公園","大阪府大阪市西成区鶴見橋2-4","34.646532","135.492252"
"旭北公園","大阪府大阪市西成区鶴見橋2-9","34.645397","135.490425"
"鶴見橋公園","大阪府大阪市西成区鶴見橋3-1","34.646619","135.489731"
"松之宮公園","大阪府大阪市西成区鶴見橋3-8","34.646799","135.487097"
"もと今宮小学校（運動場）","大阪府大阪市西成区天下茶屋1-17-14","34.641915","135.499921"
"もと今宮小学校","大阪府大阪市西成区天下茶屋1-17-14","34.641632","135.499848"
"天下茶屋東公園","大阪府大阪市西成区天下茶屋東2-1","34.639988","135.504672"
"天下茶屋中公園","大阪府大阪市西成区天下茶屋東2-13","34.639313","135.50156"
"天神ノ森公園","大阪府大阪市西成区天神ノ森1-16","34.631881","135.499613"
"南開公園","大阪府大阪市西成区南開1-7","34.651027","135.490819"
"市営ひらき住宅４号館","大阪府大阪市西成区南開2-3","34.65149","135.488434"
"市営ひらき住宅２号館","大阪府大阪市西成区南開2-3","34.651636","135.488858"
"市営出城第３住宅","大阪府大阪市西成区南開2-4","34.650981","135.488455"
"市営出城西住宅１号館","大阪府大阪市西成区南開2-5","34.650491","135.487213"
"市営南開第１住宅１号館","大阪府大阪市西成区南開2-6","34.651067","135.486565"
"市営南津守第３住宅２号館","大阪府大阪市西成区南津守1-1","34.637282","135.485038"
"市営南津守第３住宅１号館","大阪府大阪市西成区南津守1-1","34.637794","135.485012"
"南津守さくら公園","大阪府大阪市西成区南津守1-21-3","34.637192","135.484083"
"ホームズ南津守店","大阪府大阪市西成区南津守1-6-41","34.634183","135.484652"
"市営南津守第１住宅１号館","大阪府大阪市西成区南津守2-2","34.632627","135.481118"
"市営南津守第１住宅２号館","大阪府大阪市西成区南津守2-2","34.632543","135.481601"
"市営南津守第４住宅２号館","大阪府大阪市西成区南津守2-4","34.632319","135.480789"
"市営南津守第４住宅３号館","大阪府大阪市西成区南津守2-4","34.632297","135.480017"
"市営南津守第４住宅１号館","大阪府大阪市西成区南津守2-4","34.632782","135.480483"
"市営天津橋住宅１号館","大阪府大阪市西成区南津守2-4-11","34.632258","135.47959"
"南津守北公園","大阪府大阪市西成区南津守4-1","34.630461","135.484601"
"ジョーシン南津守店","大阪府大阪市西成区南津守5-2-14","34.628753","135.480448"
"南津守西公園","大阪府大阪市西成区南津守5-5","34.627268","135.477016"
"南津守中公園","大阪府大阪市西成区南津守6-1","34.628662","135.4851"
"南津守小学校","大阪府大阪市西成区南津守6-1-14","34.628032","135.485413"
"南津守小学校（運動場）","大阪府大阪市西成区南津守6-1-14","34.627969","135.485036"
"ホームセンターコーナン南津守店","大阪府大阪市西成区南津守6-1-75","34.628062","135.482263"
"市営南津守第２住宅１号館","大阪府大阪市西成区南津守6-3","34.62697","135.483511"
"南津守東公園","大阪府大阪市西成区南津守6-3","34.627135","135.485052"
"市営南津守第２住宅２号館","大阪府大阪市西成区南津守6-3","34.627001","135.482615"
"南津守中央公園","大阪府大阪市西成区南津守6-67-107-12","34.626284","135.482506"
"南大阪看護専門学校","大阪府大阪市西成区南津守7-14-31","34.622908","135.482892"
"南津守公園","大阪府大阪市西成区南津守7-3","34.624207","135.486013"
"弘治南公園","大阪府大阪市西成区梅南1-2","34.642234","135.495473"
"梅南２公園","大阪府大阪市西成区梅南2-1","34.643264","135.492033"
"まつば小学校（運動場）","大阪府大阪市西成区梅南3-2-25","34.642305","135.489421"
"まつば小学校","大阪府大阪市西成区梅南3-2-25","34.642442","135.489037"
"梅南中学校","大阪府大阪市西成区梅南3-3-17","34.642557","135.487844"
"梅南中学校（運動場）","大阪府大阪市西成区梅南3-3-17","34.642606","135.487435"
"市営萩之茶屋北住宅１号館","大阪府大阪市西成区萩之茶屋1-11-22","34.647517","135.499898"
"萩之茶屋北公園","大阪府大阪市西成区萩之茶屋1-13","34.647587","135.501039"
"萩之茶屋中公園","大阪府大阪市西成区萩之茶屋2-4","34.646011","135.500722"
"萩之茶屋南公園","大阪府大阪市西成区萩之茶屋3-7","34.644724","135.50084"
"市営北開住宅１号館","大阪府大阪市西成区北開1-1","34.652918","135.49208"
"北開公園","大阪府大阪市西成区北開2-3","34.653673","135.48849"
"北津守東公園","大阪府大阪市西成区北津守1-4","34.655071","135.484059"
"市営北津守住宅２号館","大阪府大阪市西成区北津守1-6","34.654654","135.484365"
"市営北津守住宅１号館","大阪府大阪市西成区北津守1-6","34.654235","135.483898"
"北津守中公園","大阪府大阪市西成区北津守2-1","34.652957","135.484924"
"北津守西公園","大阪府大阪市西成区北津守2-5","34.653089","135.482934"
"北津守公園","大阪府大阪市西成区北津守3-10","34.650194","135.481064"
"北津守小学校（運動場）","大阪府大阪市西成区北津守3-3-40","34.651102","135.483601"
"北津守小学校","大阪府大阪市西成区北津守3-3-40","34.651546","135.483342"
"北津守中央公園","大阪府大阪市西成区北津守3-5","34.650287","135.4827"
"にしなりｗｉｎｇ","大阪府大阪市西成区北津守3-6-4","34.650411","135.482024"
"市営北津守第３住宅３号館","大阪府大阪市西成区北津守3-9","34.651439","135.480548"
"市営北津守第３住宅２号館","大阪府大阪市西成区北津守3-9","34.650958","135.480248"
"わかくさ公園","大阪府大阪市西成区北津守4-12","34.648474","135.481022"
"北津守４公園","大阪府大阪市西成区北津守4-5","34.648726","135.482529"
"歌島三角公園","大阪府大阪市西淀川区歌島1-20","34.71628","135.463663"
"歌島中学校","大阪府大阪市西淀川区歌島2-11-9","34.715298","135.460509"
"歌島中学校（運動場）","大阪府大阪市西淀川区歌島2-11-9","34.715088","135.46095"
"歌島小学校（運動場）","大阪府大阪市西淀川区歌島2-5-18","34.71418","135.461933"
"歌島小学校","大阪府大阪市西淀川区歌島2-5-18","34.714047","135.461523"
"リブコート塚本","大阪府大阪市西淀川区歌島2-6-2","34.714168","135.463166"
"市営歌島第２住宅　４号棟","大阪府大阪市西淀川区歌島3-2","34.712283","135.460214"
"市営歌島第２住宅　６号棟","大阪府大阪市西淀川区歌島3-5","34.713063","135.458975"
"市営歌島第２住宅　５号棟","大阪府大阪市西淀川区歌島3-5","34.71275","135.459453"
"市営歌島第２住宅２号館","大阪府大阪市西淀川区歌島3-6","34.713147","135.459887"
"市営歌島第２住宅　３号棟","大阪府大阪市西淀川区歌島3-6","34.712763","135.460273"
"市営歌島第２住宅１号館","大阪府大阪市西淀川区歌島3-6","34.713438","135.45927"
"北之町公園","大阪府大阪市西淀川区歌島3-7","34.713685","135.461085"
"江崎グリコ㈱　体育館　（グリコプラザ）","大阪府大阪市西淀川区歌島4-6-5","34.719132","135.462516"
"愛光児童遊園","大阪府大阪市西淀川区花川2-16","34.707654","135.464807"
"花川西公園","大阪府大阪市西淀川区花川2-3","34.706441","135.465395"
"ホームセンターコーナン御幣島店","大阪府大阪市西淀川区御幣島2-11-35","34.714027","135.452522"
"ユイット旭","大阪府大阪市西淀川区御幣島2-6-15","34.71307","135.454564"
"ライフ御幣島店","大阪府大阪市西淀川区御幣島2-9-19","34.712777","135.45257"
"フルレ歌島","大阪府大阪市西淀川区御幣島3-1-10","34.715852","135.460017"
"市営御幣島東住宅２号館","大阪府大阪市西淀川区御幣島3-10","34.717437","135.460322"
"㈱ジャクエツ　大阪店","大阪府大阪市西淀川区御幣島3-11-3","34.717957","135.46061"
"レックスシティ歌島公園","大阪府大阪市西淀川区御幣島3-14-18","34.718568","135.457364"
"御幣島小学校（運動場）","大阪府大阪市西淀川区御幣島3-5-5","34.717269","135.456367"
"御幣島小学校","大阪府大阪市西淀川区御幣島3-5-5","34.716936","135.456548"
"御幣島東公園","大阪府大阪市西淀川区御幣島3-7","34.71748","135.457914"
"市営御幣島東住宅１号館","大阪府大阪市西淀川区御幣島3-9","34.716884","135.460107"
"西淀川中央コミュニティ広場","大阪府大阪市西淀川区御幣島4-19","34.717435","135.452572"
"御幣島公園","大阪府大阪市西淀川区御幣島4-9","34.716858","135.45511"
"歌島公園","大阪府大阪市西淀川区御幣島5-7","34.719698","135.457803"
"市営御幣島住宅２号館","大阪府大阪市西淀川区御幣島6-10","34.721095","135.454351"
"市営御幣島住宅１号館","大阪府大阪市西淀川区御幣島6-10","34.721496","135.454303"
"香簑小学校","大阪府大阪市西淀川区御幣島6-5-25","34.720687","135.45319"
"香簑小学校（運動場）","大阪府大阪市西淀川区御幣島6-5-25","34.720323","135.453084"
"御幣島住宅６号館","大阪府大阪市西淀川区御幣島6-7","34.720419","135.454638"
"市営御幣島住宅５号館","大阪府大阪市西淀川区御幣島6-8","34.720342","135.455343"
"出来島公園","大阪府大阪市西淀川区出来島1-10","34.708874","135.440839"
"市営出来島第２住宅　２号棟","大阪府大阪市西淀川区出来島1-3","34.706397","135.439303"
"市営出来島第２住宅　１号棟","大阪府大阪市西淀川区出来島1-3","34.705762","135.438825"
"大和田川公園","大阪府大阪市西淀川区出来島2-1","34.704825","135.438173"
"出来島小学校（運動場）","大阪府大阪市西淀川区出来島2-2-24","34.70421","135.437548"
"出来島小学校","大阪府大阪市西淀川区出来島2-2-24","34.704279","135.437085"
"朝日プラザ出来島","大阪府大阪市西淀川区出来島2-9-4","34.706448","135.436618"
"出来島西公園","大阪府大阪市西淀川区出来島3-2","34.704089","135.435936"
"出来島住宅２号館","大阪府大阪市西淀川区出来島3-3","34.704442","135.432691"
"大阪府立出来島支援学校","大阪府大阪市西淀川区出来島3-3-6","34.702023","135.43426"
"姫島エムケー倉庫　（大洋工芸物流センター）","大阪府大阪市西淀川区千舟1-5-41","34.708179","135.451921"
"アトレ御幣島","大阪府大阪市西淀川区千舟2-15-8","34.712417","135.451575"
"西淀川区在宅サービスセンター","大阪府大阪市西淀川区千舟2-7-7","34.711585","135.452878"
"千舟公園","大阪府大阪市西淀川区千舟2-8","34.711","135.452325"
"市営神崎川住宅２号館","大阪府大阪市西淀川区千舟3-4","34.70916","135.450855"
"市営神崎川住宅１号館","大阪府大阪市西淀川区千舟3-4","34.70935","135.450373"
"好文学園女子高等学校","大阪府大阪市西淀川区千舟3-8-22","34.710124","135.448533"
"好文学園女子高等学校（運動場）","大阪府大阪市西淀川区千舟3-8-22","34.710416","135.448859"
"アルカン弐番館","大阪府大阪市西淀川区大野1-2-2","34.701179","135.441008"
"大野１丁目児童遊園","大阪府大阪市西淀川区大野1-4","34.701332","135.440523"
"市営大野住宅１号館","大阪府大阪市西淀川区大野3-7-11","34.698066","135.439234"
"西淀公園","大阪府大阪市西淀川区大和田1-1","34.705983","135.451027"
"ジェネラスグリーンロード","大阪府大阪市西淀川区大和田2-3-17","34.704577","135.444973"
"市営大和田第３住宅６号館","大阪府大阪市西淀川区大和田2-4","34.704157","135.44282"
"市営大和田第３住宅１号館","大阪府大阪市西淀川区大和田2-4-1","34.703808","135.443331"
"レックスシティアルベール","大阪府大阪市西淀川区大和田2-6-8","34.701307","135.442041"
"千船リバービュー","大阪府大阪市西淀川区大和田3-10-14","34.709652","135.445952"
"グランピア千舟","大阪府大阪市西淀川区大和田3-8-17","34.708623","135.446923"
"大和田小学校（運動場）","大阪府大阪市西淀川区大和田4-3-24","34.706129","135.445383"
"大和田小学校","大阪府大阪市西淀川区大和田4-3-24","34.705946","135.445043"
"大和田中央公園","大阪府大阪市西淀川区大和田4-4","34.705575","135.443981"
"朝日プラザ千船","大阪府大阪市西淀川区大和田4-7-30","34.707272","135.446527"
"修成建設専門学校","大阪府大阪市西淀川区大和田5-19-30","34.708489","135.444426"
"市営大和田第１住宅２号館","大阪府大阪市西淀川区大和田5-2-20","34.706117","135.44247"
"大和田北公園","大阪府大阪市西淀川区大和田5-20","34.708299","135.443844"
"市営大和田第１住宅１号館","大阪府大阪市西淀川区大和田5-3-10","34.706492","135.442218"
"淀中学校","大阪府大阪市西淀川区大和田6-13-6","34.70583","135.44035"
"淀中学校（運動場）","大阪府大阪市西淀川区大和田6-13-6","34.705562","135.44084"
"竹島南公園","大阪府大阪市西淀川区竹島2-4","34.723303","135.453783"
"ガリレイグループ本社ビル及び　立体駐車場","大阪府大阪市西淀川区竹島2-6-8","34.726222","135.454685"
"竹島公園","大阪府大阪市西淀川区竹島3-7","34.72678","135.453228"
"竹島西公園","大阪府大阪市西淀川区竹島5-5","34.727054","135.449082"
"西淀川中島地区","大阪府大阪市西淀川区中島1","34.701234","135.422886"
"川北小学校","大阪府大阪市西淀川区中島1-11-20","34.704273","135.429612"
"川北小学校（運動場）","大阪府大阪市西淀川区中島1-11-20","34.704385","135.430092"
"クオレ西淀川","大阪府大阪市西淀川区中島1-19-43","34.70122","135.427024"
"中島公園","大阪府大阪市西淀川区中島1-22","34.699384","135.426339"
"中島東公園","大阪府大阪市西淀川区中島1-3","34.70577","135.432121"
"日本通運㈱　北港ロジスティックセンター","大阪府大阪市西淀川区中島2-10-2","34.697836","135.411776"
"東佃公園","大阪府大阪市西淀川区佃1-18","34.718907","135.448423"
"佃小学校","大阪府大阪市西淀川区佃1-21-12","34.716602","135.446921"
"佃小学校（運動場）","大阪府大阪市西淀川区佃1-21-12","34.716841","135.447188"
"佃ふれあい公園","大阪府大阪市西淀川区佃2-1","34.713563","135.448646"
"佃西小学校","大阪府大阪市西淀川区佃2-15-30","34.714757","135.44442"
"佃西小学校（運動場）","大阪府大阪市西淀川区佃2-15-30","34.714829","135.443842"
"佃中学校（運動場）","大阪府大阪市西淀川区佃2-15-93","34.715755","135.445793"
"佃中学校","大阪府大阪市西淀川区佃2-15-93","34.71609","135.445503"
"新佃公園","大阪府大阪市西淀川区佃2-6","34.714237","135.44713"
"佃中公園","大阪府大阪市西淀川区佃3-9","34.711717","135.441445"
"市営佃第２住宅１号館","大阪府大阪市西淀川区佃4-4","34.711904","135.440391"
"佃公園","大阪府大阪市西淀川区佃5-7","34.711345","135.434758"
"花川公園","大阪府大阪市西淀川区柏里1-9","34.709692","135.46964"
"ベルフィオーレ","大阪府大阪市西淀川区柏里2-11-1","34.70921","135.465977"
"柏里小学校（運動場）","大阪府大阪市西淀川区柏里2-13-33","34.710638","135.465681"
"柏里小学校","大阪府大阪市西淀川区柏里2-13-33","34.710147","135.465926"
"レジデンス柏里","大阪府大阪市西淀川区柏里2-8-16","34.710253","135.46709"
"柏里公園","大阪府大阪市西淀川区柏里3-1","34.712488","135.468085"
"レジデンス早野","大阪府大阪市西淀川区柏里3-1-31","34.712603","135.467884"
"市営柏里第２住宅６号館","大阪府大阪市西淀川区柏里3-14","34.713486","135.466803"
"柏里第２住宅４号館","大阪府大阪市西淀川区柏里3-15","34.712936","135.466346"
"市営柏里第２住宅１号館","大阪府大阪市西淀川区柏里3-16","34.713254","135.466019"
"サンウレージュ","大阪府大阪市西淀川区柏里3-4-2","34.711409","135.466196"
"柏里西公園","大阪府大阪市西淀川区柏里3-7","34.711905","135.465825"
"市営柏里第２住宅５号館","大阪府大阪市西淀川区柏里3-9","34.712566","135.466451"
"姫島東第一公園","大阪府大阪市西淀川区姫島1-1","34.702958","135.459195"
"姫島小学校","大阪府大阪市西淀川区姫島1-10-4","34.701577","135.455678"
"姫島小学校（運動場）","大阪府大阪市西淀川区姫島1-10-4","34.701953","135.455658"
"介護老人保健施設　よどの里","大阪府大阪市西淀川区姫島2-13-20","34.702652","135.453372"
"せいりょう姫島","大阪府大阪市西淀川区姫島2-15-8","34.70129","135.452671"
"パークアベニュー","大阪府大阪市西淀川区姫島2-4-10","34.701141","135.453597"
"姫島第２ローズマンション","大阪府大阪市西淀川区姫島2-4-29","34.70122","135.453924"
"姫島浜公園","大阪府大阪市西淀川区姫島3-14","34.700128","135.446673"
"南姫島公園","大阪府大阪市西淀川区姫島3-6","34.699294","135.450568"
"姫島第７ローズマンション","大阪府大阪市西淀川区姫島3-7-20","34.699768","135.451589"
"ハイネスコトー姫島公園","大阪府大阪市西淀川区姫島4-11-12","34.705393","135.453834"
"姫島公園","大阪府大阪市西淀川区姫島4-14","34.704422","135.452664"
"グレイスヴィラ姫島","大阪府大阪市西淀川区姫島4-15-13","34.704131","135.45085"
"メンソーレやまのは","大阪府大阪市西淀川区姫島4-15-32","34.704314","135.451623"
"リバーパークヨドガワ","大阪府大阪市西淀川区姫島4-20-5","34.704306","135.450113"
"北姫島公園","大阪府大阪市西淀川区姫島4-21","34.704421","135.449603"
"東姫島公園","大阪府大阪市西淀川区姫島4-5","34.705299","135.455755"
"弥栄荘","大阪府大阪市西淀川区姫島5-10-8","34.703517","135.451053"
"社会福祉法人瑞穂　特別養護老人ホーム　姫島みずほ苑","大阪府大阪市西淀川区姫島5-11-24","34.703348","135.449619"
"株式会社眞鍋鉄工所","大阪府大阪市西淀川区姫島5-7-28","34.702948","135.451464"
"市営姫島第１住宅１号館","大阪府大阪市西淀川区姫島6-10","34.702373","135.445645"
"西淀中学校","大阪府大阪市西淀川区姫島6-10-5","34.702656","135.446878"
"西淀中学校（運動場）","大阪府大阪市西淀川区姫島6-10-5","34.702724","135.446333"
"西姫島公園","大阪府大阪市西淀川区姫島6-4","34.701719","135.446803"
"市営姫島住宅１号館","大阪府大阪市西淀川区姫島6-5-20","34.702391","135.445597"
"市営姫島第３住宅１号棟","大阪府大阪市西淀川区姫島6-9-38","34.704106","135.447305"
"市営姫里住宅１号館","大阪府大阪市西淀川区姫里1-3-41","34.703567","135.461047"
"姫之里公園","大阪府大阪市西淀川区姫里2-7","34.706194","135.459265"
"姫里小学校","大阪府大阪市西淀川区姫里2-8-24","34.706452","135.458378"
"姫里小学校（運動場）","大阪府大阪市西淀川区姫里2-8-24","34.706286","135.458638"
"大阪ラセン管工業","大阪府大阪市西淀川区姫里3-12-33","34.70901","135.457074"
"ルネパークオアシス","大阪府大阪市西淀川区姫里3-13-48","34.709027","135.456389"
"キングマンション歌島橋","大阪府大阪市西淀川区姫里3-2-3","34.708092","135.457977"
"上町公園","大阪府大阪市西淀川区姫里3-7","34.706239","135.455722"
"新淀川公園","大阪府大阪市西淀川区百島1-3","34.694203","135.437688"
"百島公園","大阪府大阪市西淀川区百島1-3","34.69661","135.439463"
"福町東公園","大阪府大阪市西淀川区福町1-11","34.69842","135.445344"
"キングマンション新淀川","大阪府大阪市西淀川区福町1-12-34","34.698784","135.444856"
"社会福祉法人芙蓉福祉会　介護老人保健施設なごみだいら","大阪府大阪市西淀川区福町2-11-7","34.695506","135.442292"
"社会福祉法人芙蓉福祉会　養護老人ホーム　たいら","大阪府大阪市西淀川区福町2-11-7","34.695388","135.442364"
"社会福祉法人芙蓉福祉会　特別養護老人ホーム　水都ホーム福町","大阪府大阪市西淀川区福町2-11-7","34.695671","135.44216"
"福町公園","大阪府大阪市西淀川区福町2-4","34.698072","135.441369"
"福小学校","大阪府大阪市西淀川区福町2-5-23","34.698033","135.442156"
"福小学校（運動場）","大阪府大阪市西淀川区福町2-5-23","34.697703","135.44205"
"福町西公園","大阪府大阪市西淀川区福町2-9","34.696211","135.443761"
"福町北公園","大阪府大阪市西淀川区福町3-3","34.702683","135.444473"
"阪神住建グリーンロード公園ヴィラ","大阪府大阪市西淀川区福町3-4-55","34.700883","135.442587"
"野里公園","大阪府大阪市西淀川区野里1-9","34.70879","135.463635"
"野里西公園","大阪府大阪市西淀川区野里2-10","34.709009","135.459953"
"野里小学校","大阪府大阪市西淀川区野里2-21-13","34.711169","135.461192"
"野里小学校（運動場）","大阪府大阪市西淀川区野里2-21-13","34.710804","135.461269"
"野里北公園","大阪府大阪市西淀川区野里2-22","34.711209","135.461985"
"淀商業高等学校（運動場）","大阪府大阪市西淀川区野里3-3-15","34.710383","135.458248"
"淀商業高等学校","大阪府大阪市西淀川区野里3-3-15","34.710051","135.45897"
"市営小林住宅１号館","大阪府大阪市大正区3-22-1","34.643355","135.472838"
"ほくとクリニック病院","大阪府大阪市大正区三軒家西1-18-7","34.664915","135.477799"
"三軒家西小学校（運動場）","大阪府大阪市大正区三軒家西1-20-26","34.664932","135.476639"
"三軒家西小学校","大阪府大阪市大正区三軒家西1-20-26","34.665002","135.477077"
"大正ゆめの樹保育園","大阪府大阪市大正区三軒家西1-3-21","34.666836","135.477794"
"岩崎橋公園","大阪府大阪市大正区三軒家西1-7","34.666432","135.476822"
"大正橋公園","大阪府大阪市大正区三軒家東1-1","34.666956","135.480014"
"ホテルソビアル大阪ドーム前","大阪府大阪市大正区三軒家東1-17-29","34.665343","135.479499"
"三軒家公園","大阪府大阪市大正区三軒家東2-12","34.65952","135.479133"
"三軒家東小学校","大阪府大阪市大正区三軒家東2-12-59","34.660556","135.479483"
"三軒家東小学校（運動場）","大阪府大阪市大正区三軒家東2-12-59","34.659982","135.479751"
"大正東中学校","大阪府大阪市大正区三軒家東4-4-30","34.66221","135.477386"
"大正東中学校（運動場）","大阪府大阪市大正区三軒家東4-4-30","34.662282","135.478248"
"大正区ふれあい福祉センター","大阪府大阪市大正区小林西1-14-3","34.646231","135.468505"
"小林南公園","大阪府大阪市大正区小林西2-16","34.642901","135.467836"
"小林小学校（運動場）","大阪府大阪市大正区小林東2-4-45","34.646002","135.473959"
"小林小学校","大阪府大阪市大正区小林東2-4-45","34.64652","135.473839"
"小林公園","大阪府大阪市大正区小林東2-6","34.643372","135.474904"
"介護老人保健施設　愛の里","大阪府大阪市大正区小林東2-6-14","34.643136","135.475924"
"特別養護老人ホーム　悠の里","大阪府大阪市大正区小林東2-6-15","34.643152","135.476318"
"大正中央中学校","大阪府大阪市大正区小林東3-23-5","34.644061","135.471734"
"大正中央中学校（運動場）","大阪府大阪市大正区小林東3-23-5","34.643933","135.471279"
"大正スポーツセンター・大正屋内プール（アゼリア大正）","大阪府大阪市大正区小林東3-3-25","34.647071","135.472242"
"南泉尾公園","大阪府大阪市大正区千島1-16","34.654418","135.475351"
"泉尾東小学校","大阪府大阪市大正区千島1-16-16","34.653947","135.474795"
"泉尾東小学校（運動場）","大阪府大阪市大正区千島1-16-16","34.654047","135.474418"
"大正会館","大阪府大阪市大正区千島2-6-15","34.650861","135.472165"
"千林橋公園","大阪府大阪市大正区千島3-7","34.651678","135.47044"
"介護付有料老人ホーム　プレザンメゾン大正泉尾","大阪府大阪市大正区泉尾1-18-1","34.662668","135.471176"
"泉尾上公園","大阪府大阪市大正区泉尾1-29","34.660659","135.474585"
"泉尾北小学校（運動場）","大阪府大阪市大正区泉尾2-21-24","34.660172","135.471019"
"泉尾北小学校","大阪府大阪市大正区泉尾2-21-24","34.66043","135.470615"
"大正白稜高等学校（運動場）","大阪府大阪市大正区泉尾3-19-50","34.659259","135.470392"
"大正白稜高等学校","大阪府大阪市大正区泉尾3-19-50","34.658977","135.470855"
"泉尾中公園","大阪府大阪市大正区泉尾3-21","34.658247","135.469196"
"中泉尾小学校（運動場）","大阪府大阪市大正区泉尾3-23-34","34.659153","135.469648"
"中泉尾小学校","大阪府大阪市大正区泉尾3-23-34","34.659495","135.469431"
"泉尾公園","大阪府大阪市大正区泉尾4-21","34.656722","135.468898"
"泉尾工業高等学校","大阪府大阪市大正区泉尾5-16-7","34.654757","135.468621"
"泉尾工業高等学校（運動場）","大阪府大阪市大正区泉尾5-16-7","34.655092","135.468885"
"北恩加島小学校","大阪府大阪市大正区泉尾5-17-31","34.654486","135.468307"
"北恩加島小学校（運動場）","大阪府大阪市大正区泉尾5-17-31","34.654171","135.468309"
"市営泉尾第５住宅１号館","大阪府大阪市大正区泉尾7-12-1","34.657277","135.464539"
"泉尾浜公園","大阪府大阪市大正区泉尾7-17","34.655004","135.465588"
"市営鶴町第８住宅１号館","大阪府大阪市大正区鶴町1-12-1","34.636286","135.45863"
"鶴町南公園","大阪府大阪市大正区鶴町1-19","34.635746","135.455014"
"鶴町児童遊園","大阪府大阪市大正区鶴町1-7","34.635353","135.458994"
"もと鶴浜小学校","大阪府大阪市大正区鶴町2-20-26","34.638199","135.452771"
"市営鶴町第９住宅１号館","大阪府大阪市大正区鶴町2-20-34","34.636896","135.452866"
"鶴町小学校（運動場）","大阪府大阪市大正区鶴町2-6-24","34.639005","135.456368"
"鶴町小学校","大阪府大阪市大正区鶴町2-6-24","34.639395","135.456377"
"鶴町中央公園","大阪府大阪市大正区鶴町2-7","34.638822","135.455651"
"市営鶴町第３住宅１号館","大阪府大阪市大正区鶴町3-22-1","34.642142","135.453744"
"市営鶴町第３住宅２号館","大阪府大阪市大正区鶴町3-23-2","34.642519","135.453679"
"市営鶴町第４住宅１号館","大阪府大阪市大正区鶴町4-10-1","34.642921","135.453666"
"大阪シティバス鶴町車庫","大阪府大阪市大正区鶴町4-11-55","34.643405","135.453891"
"市営鶴町住宅１号館","大阪府大阪市大正区鶴町4-2-1","34.643824","135.456333"
"市営鶴町住宅２号館","大阪府大阪市大正区鶴町4-3-2","34.64453","135.455773"
"鶴町北公園","大阪府大阪市大正区鶴町4-4","34.644444","135.454497"
"つるまち海の風保育園","大阪府大阪市大正区鶴町4-8-4","34.643108","135.45503"
"南恩加島公園","大阪府大阪市大正区南恩加島1-13","34.63451","135.472069"
"南恩加島小学校","大阪府大阪市大正区南恩加島3-6-11","34.636165","135.469879"
"南恩加島小学校（運動場）","大阪府大阪市大正区南恩加島3-6-11","34.636345","135.469645"
"介護付有料老人ホーム　スローライフおかじま","大阪府大阪市大正区南恩加島5-4-5","34.639771","135.468868"
"南恩加島西公園","大阪府大阪市大正区南恩加島6-14","34.636218","135.465588"
"大正西中学校","大阪府大阪市大正区南恩加島6-14-37","34.636209","135.465001"
"大正西中学校（運動場）","大阪府大阪市大正区南恩加島6-14-37","34.63639","135.464402"
"千本松大橋歩道部分","大阪府大阪市大正区南恩加島１－１１先","34.632535","135.475937"
"平尾亥開公園","大阪府大阪市大正区平尾1-11","34.637645","135.475981"
"平尾小学校（運動場）","大阪府大阪市大正区平尾2-21-28","34.640909","135.474421"
"平尾小学校","大阪府大阪市大正区平尾2-21-28","34.640849","135.474039"
"平尾公園","大阪府大阪市大正区平尾2-22","34.641207","135.473499"
"小林住宅５号館","大阪府大阪市大正区平尾2-23","34.642122","135.473656"
"市営小林住宅２号館","大阪府大阪市大正区平尾4-1-2","34.642892","135.472757"
"北村住宅１号館","大阪府大阪市大正区北村2-14-1","34.651858","135.46536"
"北村公園","大阪府大阪市大正区北村2-16","34.651329","135.466562"
"北村西児童遊園","大阪府大阪市大正区北村2-6","34.652816","135.466816"
"大正北中学校（運動場）","大阪府大阪市大正区北村3-1-1","34.649553","135.468552"
"大正北中学校","大阪府大阪市大正区北村3-1-1","34.650008","135.469135"
"中央小学校（運動場）","大阪府大阪市中央区瓦屋町2-8-4","34.670649","135.512889"
"瓦屋町公園","大阪府大阪市中央区瓦屋町2-9","34.670097","135.512826"
"ライフ堺筋本町店","大阪府大阪市中央区久太郎町1-7-5","34.68043","135.507756"
"真宗大谷派難波別院（南御堂）","大阪府大阪市中央区久太郎町4-1-11","34.680422","135.499892"
"玉造幼稚園（園庭）","大阪府大阪市中央区玉造1-9-10","34.676056","135.530855"
"玉造公園","大阪府大阪市中央区玉造2-20","34.676874","135.528835"
"越中公園","大阪府大阪市中央区玉造2-24","34.679236","135.527605"
"玉造小学校（運動場）","大阪府大阪市中央区玉造2-3-43","34.678432","135.529522"
"高津公園","大阪府大阪市中央区高津1-1","34.669347","135.513839"
"高津小学校（運動場）","大阪府大阪市中央区高津3-4-21","34.665463","135.510866"
"開平小学校（運動場）","大阪府大阪市中央区今橋1-5-7","34.690474","135.507942"
"中大江公園","大阪府大阪市中央区糸屋町2-2","34.6851","135.513824"
"中大江小学校、中大江幼稚園（運動場）","大阪府大阪市中央区糸屋町2-3-14","34.685182","135.51259"
"広小路公園","大阪府大阪市中央区上町1-19","34.677914","135.522934"
"中央聴覚支援学校（運動場）","大阪府大阪市中央区上町1-19-31","34.677379","135.522943"
"寺山公園","大阪府大阪市中央区上町1-2","34.677347","135.526273"
"もと東平小学校（運動場）","大阪府大阪市中央区上町西5-1-7","34.66844","135.518764"
"空堀・桃谷公園","大阪府大阪市中央区上本町西2-5","34.673824","135.518604"
"上町中学校（運動場）","大阪府大阪市中央区上本町西3-2-30","34.672367","135.519381"
"東平北公園","大阪府大阪市中央区上本町西4-1","34.669417","135.519149"
"東平南公園","大阪府大阪市中央区上本町西5-1","34.668753","135.519235"
"森之宮公園","大阪府大阪市中央区森ノ宮中央1-13","34.680615","135.532724"
"城南公園","大阪府大阪市中央区森ノ宮中央1-20","34.679136","135.532046"
"ライフセントラルスクエア森ノ宮店","大阪府大阪市中央区森ノ宮中央2-1-30","34.680001","135.531159"
"御津公園","大阪府大阪市中央区西心斎橋2-11","34.672075","135.497908"
"北大江公園","大阪府大阪市中央区石町1-3","34.689015","135.515239"
"大阪城公園一帯","大阪府大阪市中央区大阪城","34.686675","135.528447"
"大手前高等学校（運動場）","大阪府大阪市中央区大手前2-1-11","34.687804","135.518729"
"東中学校（運動場）","大阪府大阪市中央区大手前4-1-5","34.682511","135.518215"
"桃園公園","大阪府大阪市中央区谷町6-5","34.674741","135.515699"
"桃園幼稚園（園庭）","大阪府大阪市中央区谷町6-5-34","34.674525","135.516146"
"中央高等学校（運動場）","大阪府大阪市中央区釣鐘町1-1-5","34.68769","135.516312"
"南中学校（運動場）","大阪府大阪市中央区島之内1-10-23","34.674178","135.508909"
"道仁公園","大阪府大阪市中央区島之内2-5","34.670508","135.509365"
"南小学校（運動場）","大阪府大阪市中央区東心斎橋1-14-29","34.673155","135.503808"
"銅座幼稚園（園庭）","大阪府大阪市中央区内久宝寺町1-1-4","34.677657","135.51893"
"銅座公園","大阪府大阪市中央区内久宝寺町2-5","34.678339","135.518643"
"南幼稚園（運動場）","大阪府大阪市中央区南船場3-2-19","34.676933","135.502627"
"南船場心斎橋ビル","大阪府大阪市中央区南船場4-7-11","34.67689","135.499118"
"難波千日前公園","大阪府大阪市中央区難波千日前5","34.663946","135.504713"
"黒門公園","大阪府大阪市中央区日本橋2-12","34.664093","135.507486"
"谷四錦郷公園","大阪府大阪市中央区農人橋1-2","34.679867","135.516576"
"南大江小学校（運動場）","大阪府大阪市中央区農人橋1-3-3","34.67998","135.515067"
"南大江公園","大阪府大阪市中央区粉川町6","34.67809","135.513486"
"久宝公園","大阪府大阪市中央区北久宝寺町3-1","34.680183","135.502818"
"相愛中学校・高等学校","大阪府大阪市中央区本町4-1-23","34.684554","135.499353"
"本願寺津村別院（北御堂）","大阪府大阪市中央区本町4-1-3","34.684977","135.500037"
"愛日会館","大阪府大阪市中央区本町4-7-11","34.684532","135.498209"
"東横堀公園","大阪府大阪市中央区本町橋5","34.682731","135.510478"
"ライフ安田諸口店","大阪府大阪市鶴見区安田1-1-10","34.702806","135.58614"
"茨田高等学校（運動場）","大阪府大阪市鶴見区安田1-5-49","34.704175","135.587316"
"茨田小学校（運動場）","大阪府大阪市鶴見区安田2-1-8","34.7025","135.590635"
"茨田小学校","大阪府大阪市鶴見区安田2-1-8","34.702795","135.590595"
"安田公園","大阪府大阪市鶴見区安田4-2","34.706753","135.58913"
"茨田北中学校","大阪府大阪市鶴見区茨田大宮1-1-31","34.710904","135.588089"
"茨田北中学校（運動場）","大阪府大阪市鶴見区茨田大宮1-1-31","34.710736","135.587313"
"市営茨田大宮西住宅１号館","大阪府大阪市鶴見区茨田大宮1-10","34.710252","135.59029"
"茨田大宮西公園","大阪府大阪市鶴見区茨田大宮2-7","34.711605","135.594206"
"市営茨田大宮第３住宅８号館","大阪府大阪市鶴見区茨田大宮3-2","34.707111","135.596953"
"市営茨田大宮第３住宅５号館","大阪府大阪市鶴見区茨田大宮3-3","34.709577","135.597559"
"市営茨田大宮第３住宅７号館","大阪府大阪市鶴見区茨田大宮3-3","34.707773","135.597055"
"市営茨田大宮第３住宅６号館","大阪府大阪市鶴見区茨田大宮3-3","34.708474","135.597237"
"茨田大宮南公園","大阪府大阪市鶴見区茨田大宮3-7","34.707883","135.594708"
"茨田東小学校","大阪府大阪市鶴見区茨田大宮3-7-61","34.708737","135.595441"
"茨田東小学校（運動場）","大阪府大阪市鶴見区茨田大宮3-7-61","34.70845","135.595185"
"市営茨田大宮第３住宅３号館","大阪府大阪市鶴見区茨田大宮3-8","34.709303","135.596636"
"市営茨田大宮第３住宅１号館","大阪府大阪市鶴見区茨田大宮3-8","34.708346","135.596427"
"市営茨田大宮第３住宅４号館","大阪府大阪市鶴見区茨田大宮3-8","34.709788","135.596733"
"市営茨田大宮第３住宅２号館","大阪府大阪市鶴見区茨田大宮3-8","34.708827","135.59654"
"市営茨田大宮第２住宅２４号館","大阪府大阪市鶴見区茨田大宮4-1","34.710275","135.59447"
"市営茨田大宮第２住宅２５号館","大阪府大阪市鶴見区茨田大宮4-15-25","34.711486","135.59639"
"市営茨田大宮第２住宅２１号館","大阪府大阪市鶴見区茨田大宮4-23","34.710802","135.597215"
"市営茨田大宮第２住宅２０号館","大阪府大阪市鶴見区茨田大宮4-23","34.711384","135.597451"
"市営茨田大宮第２住宅１９号館","大阪府大阪市鶴見区茨田大宮4-23","34.711927","135.597564"
"茨田大宮中央公園","大阪府大阪市鶴見区茨田大宮4-23","34.712404","135.597671"
"市営茨田大宮第２住宅２２号館","大阪府大阪市鶴見区茨田大宮4-23","34.710207","135.597081"
"市営茨田大宮住宅１９号館","大阪府大阪市鶴見区茨田大宮4-28","34.713047","135.597832"
"市営茨田大宮住宅１８号館","大阪府大阪市鶴見区茨田大宮4-28","34.713682","135.598164"
"市営茨田大宮第１住宅１号館","大阪府大阪市鶴見区茨田大宮4-30-1","34.713095","135.596781"
"市営茨田大宮第１住宅２号館","大阪府大阪市鶴見区茨田大宮4-30-2","34.713148","135.595949"
"市営茨田大宮１６号館","大阪府大阪市鶴見区茨田大宮4-34","34.714123","135.597858"
"市営茨田大宮住宅１７号館","大阪府大阪市鶴見区茨田大宮4-34","34.714109","135.598636"
"市営茨田大宮第２住宅２３号館","大阪府大阪市鶴見区茨田大宮4-4","34.710231","135.595347"
"市営茨田大宮第１住宅３号館","大阪府大阪市鶴見区茨田大宮4-40","34.713994","135.596604"
"市営横堤第２住宅１号館","大阪府大阪市鶴見区横堤1-11","34.702054","135.568489"
"横堤中学校（運動場）","大阪府大阪市鶴見区横堤1-11-27","34.702489","135.569962"
"横堤中学校","大阪府大阪市鶴見区横堤1-11-27","34.702382","135.569465"
"横堤小学校","大阪府大阪市鶴見区横堤1-11-83","34.701462","135.570084"
"横堤小学校（運動場）","大阪府大阪市鶴見区横堤1-11-83","34.70155","135.569517"
"横堤南公園","大阪府大阪市鶴見区横堤2-3","34.698667","135.570112"
"横堤中公園","大阪府大阪市鶴見区横堤3-1","34.699144","135.572954"
"市営横堤第１住宅１号館","大阪府大阪市鶴見区横堤3-10","34.702313","135.573989"
"横堤東公園","大阪府大阪市鶴見区横堤3-5","34.69987","135.573311"
"ライフ横堤店","大阪府大阪市鶴見区横堤3-6-45","34.700411","135.573981"
"市営横堤北住宅１号館","大阪府大阪市鶴見区横堤4-12-1","34.70513","135.570098"
"市営横堤北住宅２号館","大阪府大阪市鶴見区横堤4-12-4","34.705667","135.569781"
"横堤北公園","大阪府大阪市鶴見区横堤5-1","34.703688","135.571695"
"茨田西小学校（運動場）","大阪府大阪市鶴見区横堤5-13-61","34.707849","135.573148"
"茨田西小学校","大阪府大阪市鶴見区横堤5-13-61","34.707344","135.573163"
"今津中学校（運動場）","大阪府大阪市鶴見区今津中1-3-35","34.692629","135.568669"
"今津中学校","大阪府大阪市鶴見区今津中1-3-55","34.692902","135.567958"
"榎本南公園","大阪府大阪市鶴見区今津中1-9","34.690708","135.566296"
"汎愛高等学校","大阪府大阪市鶴見区今津中2-1-52","34.692146","135.57053"
"汎愛高等学校（運動場）","大阪府大阪市鶴見区今津中2-1-52","34.69302","135.570714"
"今津公園","大阪府大阪市鶴見区今津中2-3","34.691161","135.570364"
"市営今津中住宅３号館","大阪府大阪市鶴見区今津中3-1","34.693047","135.57394"
"市営今津中住宅２号館","大阪府大阪市鶴見区今津中3-3","34.692632","135.573972"
"市営今津中住宅１号館","大阪府大阪市鶴見区今津中3-5","34.6922","135.573978"
"今津小学校","大阪府大阪市鶴見区今津中4-1-48","34.693228","135.577183"
"今津小学校（運動場）","大阪府大阪市鶴見区今津中4-1-48","34.692746","135.57759"
"今津南公園","大阪府大阪市鶴見区今津南3-3","34.689585","135.575606"
"榎本小学校","大阪府大阪市鶴見区今津北1-5-35","34.694747","135.568484"
"榎本小学校（運動場）","大阪府大阪市鶴見区今津北1-5-35","34.695113","135.568642"
"榎本公園","大阪府大阪市鶴見区今津北1-6","34.694372","135.567307"
"市営今津北住宅１号館","大阪府大阪市鶴見区今津北2-2","34.695495","135.570316"
"ライフ鶴見今津北店","大阪府大阪市鶴見区今津北3-8-22","34.69354","135.57419"
"今津東公園","大阪府大阪市鶴見区今津北4-4","34.695411","135.579318"
"市営茨田南住宅１２号館","大阪府大阪市鶴見区諸口1-10","34.700073","135.576766"
"諸口中公園","大阪府大阪市鶴見区諸口1-14","34.701504","135.578244"
"茨田南小学校","大阪府大阪市鶴見区諸口1-3-71","34.698302","135.577866"
"茨田南小学校（運動場）","大阪府大阪市鶴見区諸口1-3-71","34.698478","135.577519"
"市営茨田南住宅４号館","大阪府大阪市鶴見区諸口1-5","34.698942","135.576195"
"市営茨田南住宅５号館","大阪府大阪市鶴見区諸口1-7","34.699454","135.576203"
"市営諸口南住宅３号館","大阪府大阪市鶴見区諸口2-12","34.699757","135.581173"
"コーシャハイツ諸口","大阪府大阪市鶴見区諸口2-12-21","34.700411","135.581867"
"諸口東公園","大阪府大阪市鶴見区諸口2-14","34.701216","135.58279"
"市営諸口南住宅５号館","大阪府大阪市鶴見区諸口2-5","34.698905","135.580738"
"市営諸口南住宅４号館","大阪府大阪市鶴見区諸口2-6","34.699236","135.580781"
"市営諸口南住宅１号館","大阪府大阪市鶴見区諸口2-6","34.699315","135.580229"
"市営諸口南住宅２号館","大阪府大阪市鶴見区諸口2-9","34.700026","135.580309"
"茨田中学校（運動場）","大阪府大阪市鶴見区諸口3-4-44","34.702768","135.576757"
"茨田中学校","大阪府大阪市鶴見区諸口3-4-44","34.70366","135.578081"
"市営諸口住宅５号館","大阪府大阪市鶴見区諸口4-11","34.703589","135.581575"
"市営諸口住宅６号館","大阪府大阪市鶴見区諸口4-12","34.703161","135.581661"
"コーシャハイツ諸口北","大阪府大阪市鶴見区諸口6-3-19","34.705145","135.577496"
"市営諸口北住宅２号館","大阪府大阪市鶴見区諸口6-4","34.705979","135.577334"
"市営諸口北住宅３号館","大阪府大阪市鶴見区諸口6-4","34.705741","135.578466"
"市営諸口北住宅１号館","大阪府大阪市鶴見区諸口6-4","34.705512","135.577265"
"市営諸口北住宅５号館","大阪府大阪市鶴見区諸口6-5","34.706941","135.576814"
"市営諸口北住宅４号館","大阪府大阪市鶴見区諸口6-5","34.706456","135.577388"
"市営諸口第２住宅６号館","大阪府大阪市鶴見区諸口6-6-6","34.706996","135.577645"
"市営焼野住宅１号館","大阪府大阪市鶴見区焼野1-1-1","34.716637","135.583326"
"市営焼野住宅２号館","大阪府大阪市鶴見区焼野1-1-2","34.717411","135.583176"
"市営焼野住宅３号館","大阪府大阪市鶴見区焼野1-1-3","34.717244","135.58375"
"焼野小学校","大阪府大阪市鶴見区焼野1-3-44","34.716237","135.584284"
"焼野小学校（運動場）","大阪府大阪市鶴見区焼野1-3-44","34.71708","135.584329"
"焼野公園","大阪府大阪市鶴見区焼野2-7","34.716595","135.586086"
"焼野さくら公園","大阪府大阪市鶴見区焼野１－南10","34.715438","135.583847"
"焼野南公園","大阪府大阪市鶴見区焼野２－南5","34.714706","135.585267"
"中徳公園","大阪府大阪市鶴見区中茶屋1-1","34.699548","135.585135"
"市営鶴見住宅８号館","大阪府大阪市鶴見区鶴見1-2","34.697736","135.560101"
"鶴見中央公園","大阪府大阪市鶴見区鶴見1-6","34.697377","135.565038"
"鶴見１公園","大阪府大阪市鶴見区鶴見1-6","34.696676","135.565292"
"市営鶴見第２住宅４号館","大阪府大阪市鶴見区鶴見2-16","34.699467","135.565029"
"鶴見南小学校（運動場）","大阪府大阪市鶴見区鶴見2-17-22","34.69901","135.564805"
"鶴見南小学校","大阪府大阪市鶴見区鶴見2-17-22","34.699041","135.565798"
"市営鶴見第２住宅３号館","大阪府大阪市鶴見区鶴見2-20","34.699514","135.566018"
"市営鶴見第２住宅２号館","大阪府大阪市鶴見区鶴見2-21","34.699642","135.566681"
"市営鶴見第２住宅６号館","大阪府大阪市鶴見区鶴見2-21","34.700321","135.566745"
"市営鶴見第２住宅５号館","大阪府大阪市鶴見区鶴見2-22","34.699991","135.565972"
"鶴見南公園","大阪府大阪市鶴見区鶴見2-5","34.69997","135.562739"
"市営鶴見住宅３号館","大阪府大阪市鶴見区鶴見2-7","34.698974","135.561899"
"市営鶴見住宅４号館","大阪府大阪市鶴見区鶴見2-7","34.698978","135.56303"
"市営鶴見住宅２号館","大阪府大阪市鶴見区鶴見2-8","34.698255","135.562984"
"市営鶴見住宅１号館","大阪府大阪市鶴見区鶴見2-8","34.698266","135.562072"
"鶴見北公園","大阪府大阪市鶴見区鶴見4-14","34.704464","135.564889"
"鶴見小学校","大阪府大阪市鶴見区鶴見4-14-10","34.705334","135.564261"
"鶴見小学校（運動場）","大阪府大阪市鶴見区鶴見4-14-10","34.705008","135.564681"
"鶴見北中央公園","大阪府大阪市鶴見区鶴見4-7","34.704494","135.56174"
"市営鶴見北住宅１号館","大阪府大阪市鶴見区鶴見5-6","34.705952","135.564417"
"市営鶴見北住宅２号館","大阪府大阪市鶴見区鶴見5-8","34.706388","135.565292"
"市営鶴見北住宅３号館","大阪府大阪市鶴見区鶴見5-9","34.706799","135.566263"
"市営鶴見北住宅５号館","大阪府大阪市鶴見区鶴見5-9","34.706053","135.566204"
"緑中学校","大阪府大阪市鶴見区鶴見6-6-11","34.708662","135.564481"
"緑中学校（運動場）","大阪府大阪市鶴見区鶴見6-6-11","34.708049","135.564596"
"茨田北小学校","大阪府大阪市鶴見区浜3-8-66","34.708937","135.586111"
"茨田北小学校（運動場）","大阪府大阪市鶴見区浜3-8-66","34.709192","135.585866"
"浜北公園","大阪府大阪市鶴見区浜4-16","34.712063","135.584468"
"放出公園","大阪府大阪市鶴見区放出東2-2","34.692662","135.560482"
"市営放出東住宅３号館","大阪府大阪市鶴見区放出東2-5","34.691012","135.560212"
"市営放出東住宅１号館","大阪府大阪市鶴見区放出東3-2","34.689618","135.559697"
"市営放出東住宅２号館","大阪府大阪市鶴見区放出東3-2","34.690289","135.560104"
"放出小公園","大阪府大阪市鶴見区放出東3-2","34.689356","135.559291"
"放出駅南公園","大阪府大阪市鶴見区放出東3-35","34.687326","135.562753"
"緑第一公園","大阪府大阪市鶴見区緑1-17","34.714181","135.561605"
"緑第二公園","大阪府大阪市鶴見区緑1-3","34.709656","135.561501"
"鶴見商業高等学校（運動場）","大阪府大阪市鶴見区緑2-10-9","34.709924","135.567478"
"鶴見商業高等学校","大阪府大阪市鶴見区緑2-10-9","34.710361","135.566522"
"みどり小学校","大阪府大阪市鶴見区緑2-4-45","34.710445","135.56411"
"みどり小学校（運動場）","大阪府大阪市鶴見区緑2-4-45","34.710855","135.56415"
"鶴見緑地","大阪府大阪市鶴見区緑地公園","34.713714","135.574641"
"逢阪公園","大阪府大阪市天王寺区逢阪1-3","34.654115","135.511562"
"五条公園","大阪府大阪市天王寺区烏ケ辻2-5","34.657589","135.523655"
"大阪ビジネスフロンティア高等学校（運動場）","大阪府大阪市天王寺区烏ケ辻2-9-26","34.65636","135.524634"
"高津高等学校（運動場）","大阪府大阪市天王寺区餌差町10-47","34.67028","135.525108"
"大阪明星学園（運動場）","大阪府大阪市天王寺区餌差町5-44","34.672792","135.525825"
"大岸公園","大阪府大阪市天王寺区下寺町2-6","34.65504","135.510419"
"宰相山西公園","大阪府大阪市天王寺区玉造本町14","34.673497","135.528994"
"宰相山公園","大阪府大阪市天王寺区玉造本町14","34.672614","135.529498"
"真田山小学校（運動場）","大阪府大阪市天王寺区玉造本町14-41","34.671817","135.528226"
"国分公園","大阪府大阪市天王寺区国分町14","34.651289","135.524546"
"大江小学校（運動場）","大阪府大阪市天王寺区四天王寺1-9-18","34.656564","135.514973"
"寺田町公園","大阪府大阪市天王寺区寺田町1-5","34.652841","135.520875"
"聖和小学校（運動場）","大阪府大阪市天王寺区寺田町1-6-37","34.651764","135.522287"
"夕陽丘中学校（運動場）","大阪府大阪市天王寺区小宮町6-28","34.660283","135.519401"
"五条小学校（運動場）","大阪府大阪市天王寺区小宮町9-28","34.659104","135.5198"
"小橋公園","大阪府大阪市天王寺区小橋町3","34.666484","135.526027"
"上汐北公園","大阪府大阪市天王寺区上汐3-5","34.663913","135.51732"
"生魂小学校（運動場）","大阪府大阪市天王寺区上汐4-1-25","34.662798","135.517126"
"上汐公園","大阪府大阪市天王寺区上汐4-2","34.662086","135.516883"
"空清町公園","大阪府大阪市天王寺区上本町3-4","34.672023","135.521497"
"上七公園","大阪府大阪市天王寺区上本町7-2","34.662986","135.517686"
"上八公園","大阪府大阪市天王寺区上本町8-8","34.659273","135.517757"
"高津中学校（運動場）","大阪府大阪市天王寺区城南寺町1-31","34.671196","135.524008"
"真田山公園","大阪府大阪市天王寺区真田山町5","34.669561","135.528049"
"清水谷公園","大阪府大阪市天王寺区清水谷町16","34.67358","135.524131"
"宗教法人青蓮寺","大阪府大阪市天王寺区生玉寺町3-19","34.660532","135.513129"
"宗教法人大善寺","大阪府大阪市天王寺区生玉寺町5-29","34.662805","135.513306"
"宗教法人圓通寺","大阪府大阪市天王寺区生玉寺町5-4","34.663188","135.513904"
"宗教法人清恩寺","大阪府大阪市天王寺区生玉寺町5-9","34.662512","135.513833"
"宗教法人銀山寺","大阪府大阪市天王寺区生玉寺町6-26","34.663049","135.51271"
"宗教法人大安寺","大阪府大阪市天王寺区生玉寺町7-25","34.661759","135.512603"
"宗教法人法仙寺","大阪府大阪市天王寺区生玉寺町7-35","34.660989","135.51278"
"宗教法人宗惠院","大阪府大阪市天王寺区生玉前町5-22","34.662","135.51517"
"生玉公園","大阪府大阪市天王寺区生玉町13","34.664549","135.514007"
"大阪夕陽丘学園（運動場）","大阪府大阪市天王寺区生玉町7-72","34.65998","135.512346"
"石ヶ辻公園","大阪府大阪市天王寺区石ケ辻町11","34.663361","135.522428"
"清風学園（運動場）","大阪府大阪市天王寺区石ケ辻町12-16","34.663554","135.521565"
"天王寺小学校（運動場）","大阪府大阪市天王寺区大道1-4-49","34.652554","135.515239"
"稲生公園","大阪府大阪市天王寺区大道3-7","34.650085","135.519272"
"大道北公園","大阪府大阪市天王寺区大道4-6","34.745736","135.548871"
"大道南公園","大阪府大阪市天王寺区大道5-9","34.64718","135.522145"
"天王寺公園","大阪府大阪市天王寺区茶臼山町","34.648555","135.510828"
"東高津公園","大阪府大阪市天王寺区東高津町2","34.668335","135.52304"
"東上町公園","大阪府大阪市天王寺区東上町2","34.664035","135.529427"
"桃陽小学校（運動場）","大阪府大阪市天王寺区堂ケ芝1-2-23","34.661419","135.528259"
"五条小公園","大阪府大阪市天王寺区堂ケ芝2-17","34.659036","135.52457"
"南河堀公園","大阪府大阪市天王寺区南河堀町","34.646853","135.51785"
"天王寺中学校（運動場）","大阪府大阪市天王寺区北河堀町6-20","34.650115","135.517436"
"夕陽丘高等学校（運動場）","大阪府大阪市天王寺区北山町10-10","34.658614","135.522064"
"庚申堂公園","大阪府大阪市天王寺区堀越町2","34.650571","135.51604"
"味原小学校（運動場）","大阪府大阪市天王寺区味原町8-19","34.667037","135.527875"
"大阪夕陽丘学園学校用暫定グラウンド","大阪府大阪市天王寺区夕陽丘町25-5","34.657973","135.512143"
"宗教法人吉祥寺","大阪府大阪市天王寺区六万体町1-20","34.660281","135.515195"
"宗教法人鳳林寺","大阪府大阪市天王寺区六万体町2-10","34.659834","135.514962"
"高倉中学校（運動場）","大阪府大阪市都島区御幸町1-1-10","34.712694","135.533079"
"高倉中学校","大阪府大阪市都島区御幸町1-1-10","34.712649","135.532616"
"市営御幸住宅２号館","大阪府大阪市都島区御幸町1-10","34.714285","135.534467"
"市営御幸住宅１号館","大阪府大阪市都島区御幸町1-7","34.713901","135.534461"
"御幸南児童遊園","大阪府大阪市都島区御幸町1-7","34.71396","135.533916"
"生活協同組合　おおさかパルコープ　パル都島福祉センター","大阪府大阪市都島区御幸町2-13-9","34.717808","135.534561"
"高倉中央公園","大阪府大阪市都島区御幸町2-4","34.715456","135.532927"
"市営御幸住宅３号館","大阪府大阪市都島区御幸町2-5","34.715818","135.53357"
"御幸北児童遊園","大阪府大阪市都島区御幸町2-9","34.716888","135.533818"
"三和電装エンジニアリング㈱","大阪府大阪市都島区高倉町3-10-27","34.719659","135.532004"
"高倉三公園","大阪府大阪市都島区高倉町3-13","34.72044","135.532696"
"高倉小学校","大阪府大阪市都島区高倉町3-3-10","34.71866","135.533198"
"高倉小学校（運動場）","大阪府大阪市都島区高倉町3-3-10","34.718137","135.533618"
"善源寺楠公園","大阪府大阪市都島区善源寺町1-11","34.711957","135.523574"
"善源寺公園","大阪府大阪市都島区善源寺町1-4","34.710549","135.524036"
"都島工業高等学校","大阪府大阪市都島区善源寺町1-5-64","34.710709","135.525642"
"都島工業高等学校（運動場）","大阪府大阪市都島区善源寺町1-5-64","34.710226","135.525547"
"㈱ミルボン中央研究所","大阪府大阪市都島区善源寺町2-3-35","34.710938","135.526977"
"中野南公園","大阪府大阪市都島区中野町3-1","34.702209","135.524307"
"中野小学校","大阪府大阪市都島区中野町3-10-5","34.70287","135.524235"
"中野小学校（運動場）","大阪府大阪市都島区中野町3-10-5","34.702935","135.524625"
"都島中学校","大阪府大阪市都島区中野町3-9-33","34.702774","135.525561"
"都島中学校（運動場）","大阪府大阪市都島区中野町3-9-33","34.70285","135.52594"
"都島中央公園","大阪府大阪市都島区中野町5-15","34.70731","135.522642"
"中野公園","大阪府大阪市都島区中野町5-7","34.705872","135.521613"
"都島公園","大阪府大阪市都島区都島中通1","34.705388","135.531597"
"市営都島中通住宅１号館","大阪府大阪市都島区都島中通2-1","34.70305","135.53165"
"クレールソフィア都島","大阪府大阪市都島区都島中通2-10-24","34.704062","135.531533"
"ブリランテ都島","大阪府大阪市都島区都島中通2-10-25","34.704142","135.531538"
"グランシエール都島","大阪府大阪市都島区都島中通2-10-26","34.704208","135.531533"
"市営都島中通住宅２号館","大阪府大阪市都島区都島中通2-9","34.703433","135.53165"
"都島自動車学校（教習コース）","大阪府大阪市都島区都島中通１－８の一部、１２、１５","34.7059","135.5284"
"ぽっぽてらす（区民広場）","大阪府大阪市都島区都島南通1-22","34.704237","135.528317"
"都島南通公園","大阪府大阪市都島区都島南通1-24","34.70584","135.525698"
"都島北一公園","大阪府大阪市都島区都島北通1-13","34.710823","135.527694"
"都島北通公園","大阪府大阪市都島区都島北通2-4","34.709462","135.533594"
"かすがえ公園","大阪府大阪市都島区都島本通1-19","34.710399","135.52211"
"都島小学校","大阪府大阪市都島区都島本通3-10-3","34.707155","135.52757"
"都島小学校（運動場）","大阪府大阪市都島区都島本通3-10-3","34.707002","135.528012"
"敷島公園","大阪府大阪市都島区都島本通3-25","34.708351","135.528362"
"都島屋内プール","大阪府大阪市都島区都島本通4-12-7","34.707398","135.532557"
"東都島小学校","大阪府大阪市都島区都島本通4-24-20","34.70829","135.533779"
"東都島小学校（運動場）","大阪府大阪市都島区都島本通4-24-20","34.708078","135.533643"
"東都島公園","大阪府大阪市都島区都島本通4-6","34.706377","135.532234"
"桜宮小学校（運動場）","大阪府大阪市都島区東野田町1-10-19","34.696207","135.527473"
"桜宮小学校","大阪府大阪市都島区東野田町1-10-19","34.696601","135.52745"
"東野田公園","大阪府大阪市都島区東野田町1-4","34.695436","135.528058"
"生活協同組合　おおさかパルコープ　京橋事務所","大阪府大阪市都島区東野田町1-5-26","34.695736","135.529265"
"京橋公園","大阪府大阪市都島区東野田町2-6","34.697438","135.531066"
"東高等学校（運動場）","大阪府大阪市都島区東野田町4-15-14","34.698965","135.528434"
"東高等学校","大阪府大阪市都島区東野田町4-15-14","34.699453","135.528626"
"桜之宮東公園","大阪府大阪市都島区東野田町5-10","34.700578","135.535235"
"桜宮中学校（運動場）","大阪府大阪市都島区東野田町5-16-10","34.701373","135.53635"
"桜宮中学校","大阪府大阪市都島区東野田町5-16-10","34.701671","135.536684"
"市営内代第２住宅１号館","大阪府大阪市都島区内代町2-15-30","34.711896","135.536213"
"内代公園","大阪府大阪市都島区内代町3-3","34.713172","135.536299"
"内代小学校","大阪府大阪市都島区内代町3-4-6","34.713281","135.536909"
"内代小学校（運動場）","大阪府大阪市都島区内代町3-4-6","34.713123","135.53726"
"蕪村公園","大阪府大阪市都島区毛馬町1-12","34.718715","135.520025"
"市営毛馬南住宅１号館","大阪府大阪市都島区毛馬町1-21","34.719766","135.519825"
"セラヴィ毛馬","大阪府大阪市都島区毛馬町1-8-17","34.720139","135.523185"
"市営毛馬住宅１号館","大阪府大阪市都島区毛馬町2-11","34.719766","135.519825"
"毛馬南公園","大阪府大阪市都島区毛馬町2-11","34.721213","135.523234"
"大東小学校","大阪府大阪市都島区毛馬町2-11-111","34.723154","135.525299"
"大東小学校（運動場）","大阪府大阪市都島区毛馬町2-11-111","34.723054","135.524958"
"市営毛馬住宅２号館","大阪府大阪市都島区毛馬町2-12","34.724256","135.523127"
"市営毛馬住宅３号館","大阪府大阪市都島区毛馬町2-13","34.723504","135.524553"
"ライフ毛馬店","大阪府大阪市都島区毛馬町2-2-8","34.720858","135.525096"
"東毛馬公園","大阪府大阪市都島区毛馬町2-5","34.722021","135.527999"
"毛馬西公園","大阪府大阪市都島区毛馬町3-1","34.720515","135.519613"
"淀川中学校（運動場）","大阪府大阪市都島区毛馬町3-5-12","34.722026","135.519914"
"淀川中学校","大阪府大阪市都島区毛馬町3-5-12","34.722192","135.519273"
"淀川小学校（運動場）","大阪府大阪市都島区毛馬町3-5-39","34.721739","135.520929"
"淀川小学校","大阪府大阪市都島区毛馬町3-5-39","34.722139","135.521034"
"毛馬中央公園","大阪府大阪市都島区毛馬町4-1","34.722495","135.521612"
"毛馬北公園","大阪府大阪市都島区毛馬町4-13","34.724638","135.520619"
"市営毛馬住宅６号館","大阪府大阪市都島区毛馬町4-6","34.724651","135.522085"
"城北緑道公園","大阪府大阪市都島区毛馬町5","34.726024","135.526561"
"桜宮高等学校","大阪府大阪市都島区毛馬町5-22-28","34.727","135.523688"
"桜宮高等学校（運動場）","大阪府大阪市都島区毛馬町5-22-28","34.727755","135.52465"
"毛馬東公園","大阪府大阪市都島区毛馬町5-5","34.725349","135.525039"
"毛馬桜之宮公園","大阪府大阪市都島区網島町","34.715925","135.521996"
"ザ・ガーデンオリエンタル大阪","大阪府大阪市都島区網島町6-1","34.694014","135.524068"
"大阪私学会館","大阪府大阪市都島区網島町6-20","34.693613","135.524839"
"市営友渕住宅１号館","大阪府大阪市都島区友渕1-3","34.720669","135.526479"
"市営友渕住宅２号館","大阪府大阪市都島区友渕1-3","34.720517","135.527277"
"友渕中央公園","大阪府大阪市都島区友渕町1-3","34.719312","135.524828"
"友渕小学校","大阪府大阪市都島区友渕町1-3-123","34.719051","135.526353"
"友渕（分校）小学校","大阪府大阪市都島区友渕町1-3-123","34.719396","135.526864"
"友渕小学校（運動場）","大阪府大阪市都島区友渕町1-3-123","34.719416","135.525922"
"友渕小学校分校（運動場）","大阪府大阪市都島区友渕町1-3-187","34.716546","135.52236"
"友渕中学校","大阪府大阪市都島区友渕町1-5-151","34.716074","135.526344"
"友渕中学校（運動場）","大阪府大阪市都島区友渕町1-5-151","34.716644","135.525955"
"友渕公園","大阪府大阪市都島区友渕町3-9","34.721261","135.529535"
"駒川北公園","大阪府大阪市東住吉区駒川1-20","34.634195","135.531078"
"駒川公園","大阪府大阪市東住吉区駒川2-3","34.629379","135.530673"
"田辺公園","大阪府大阪市東住吉区駒川3-10","34.625791","135.530831"
"桑津北公園","大阪府大阪市東住吉区桑津1-12","34.641783","135.52932"
"桑津公園","大阪府大阪市東住吉区桑津3-6","34.638482","135.529943"
"桑津東公園","大阪府大阪市東住吉区桑津4-10","34.637404","135.532962"
"桑津小学校","大阪府大阪市東住吉区桑津5-13-13","34.63549","135.531445"
"桑津小学校（運動場）","大阪府大阪市東住吉区桑津5-13-13","34.635328","135.53098"
"東住吉中学校（運動場）","大阪府大阪市東住吉区桑津5-17-25","34.635308","135.532395"
"東住吉中学校","大阪府大阪市東住吉区桑津5-17-25","34.635042","135.531974"
"市営矢田部住宅１５号館","大阪府大阪市東住吉区公園南矢田1-12-15","34.607457","135.524602"
"市営矢田部住宅１６号館","大阪府大阪市東住吉区公園南矢田1-12-16","34.607029","135.524618"
"市営矢田部住宅１号館","大阪府大阪市東住吉区公園南矢田1-18-20","34.608862","135.525946"
"市営矢田部住宅１７号館","大阪府大阪市東住吉区公園南矢田1-23-17","34.606619","135.52568"
"市営矢田部住宅４号館","大阪府大阪市東住吉区公園南矢田1-30-4","34.608028","135.526563"
"市営矢田部住宅３号館","大阪府大阪市東住吉区公園南矢田1-31-3","34.6085","135.526542"
"市営矢田部住宅２号館","大阪府大阪市東住吉区公園南矢田1-32-2","34.608853","135.526563"
"特別養護老人ホーム　くつろぎ","大阪府大阪市東住吉区公園南矢田1-4-17","34.607047","135.523468"
"矢田西中学校（運動場）","大阪府大阪市東住吉区公園南矢田2-12-47","34.604816","135.524474"
"矢田西中学校","大阪府大阪市東住吉区公園南矢田2-12-47","34.605007","135.524041"
"矢田西小学校","大阪府大阪市東住吉区公園南矢田2-15-43","34.604485","135.525686"
"矢田西小学校（運動場）","大阪府大阪市東住吉区公園南矢田2-15-43","34.604204","135.525763"
"公園南小公園","大阪府大阪市東住吉区公園南矢田2-2","34.604818","135.523063"
"障がい者支援施設　ヴァンサンクの郷","大阪府大阪市東住吉区公園南矢田3-13-22","34.601655","135.526191"
"矢田西公園","大阪府大阪市東住吉区公園南矢田3-17","34.600275","135.525549"
"在宅介護ステーション　せいりょう","大阪府大阪市東住吉区公園南矢田4-10-6","34.596792","135.524477"
"枯木町公園","大阪府大阪市東住吉区公園南矢田4-22","34.597477","135.524853"
"東住吉スポーツセンター","大阪府大阪市東住吉区公園南矢田4-30-3","34.598709","135.526244"
"市営公園南矢田住宅２号館","大阪府大阪市東住吉区公園南矢田4-6","34.596372","135.522929"
"育和小学校（運動場）","大阪府大阪市東住吉区杭全4-10-12","34.634267","135.53727"
"育和小学校","大阪府大阪市東住吉区杭全4-10-12","34.634526","135.53788"
"杭全西公園","大阪府大阪市東住吉区杭全4-3","34.634471","135.535246"
"育和公園","大阪府大阪市東住吉区杭全8-5","34.633608","135.541552"
"うるし堤公園","大阪府大阪市東住吉区今川1-1","34.630763","135.534532"
"白鷺中学校","大阪府大阪市東住吉区今川1-2-21","34.631348","135.536242"
"白鷺中学校（運動場）","大阪府大阪市東住吉区今川1-2-21","34.631033","135.535648"
"つくし公園","大阪府大阪市東住吉区今川4-1","34.629593","135.533881"
"わかば公園","大阪府大阪市東住吉区今川4-12","34.628895","135.537039"
"今川公園","大阪府大阪市東住吉区今川4-23","34.626798","135.534579"
"今川小学校（運動場）","大阪府大阪市東住吉区今川4-24-4","34.626814","135.535589"
"今川小学校","大阪府大阪市東住吉区今川4-24-4","34.627169","135.535435"
"平野白鷺公園","大阪府大阪市東住吉区今川6-7","34.627078","135.542845"
"今林公園","大阪府大阪市東住吉区今林4-4","34.637197","135.545335"
"山坂公園","大阪府大阪市東住吉区山坂2-19","34.623308","135.521407"
"矢田公園","大阪府大阪市東住吉区住道矢田1-7","34.60128","135.53296"
"矢田東公園","大阪府大阪市東住吉区住道矢田2-11","34.60322","135.539071"
"矢田東小学校","大阪府大阪市東住吉区住道矢田2-7-43","34.602736","135.538209"
"矢田東小学校（運動場）","大阪府大阪市東住吉区住道矢田2-7-43","34.602583","135.537787"
"市営住道矢田住宅１号館","大阪府大阪市東住吉区住道矢田3-1-1","34.600334","135.53326"
"西浦池グラウンド","大阪府大阪市東住吉区住道矢田3-9","34.599443","135.536425"
"矢田河原田公園","大阪府大阪市東住吉区住道矢田6-8","34.606745","135.541717"
"住道南公園","大阪府大阪市東住吉区住道矢田9-1","34.601811","135.540274"
"矢田中学校","大阪府大阪市東住吉区住道矢田9-7-55","34.60198","135.54107"
"矢田中学校（運動場）","大阪府大阪市東住吉区住道矢田9-7-55","34.601199","135.541404"
"照ヶ丘矢田公園","大阪府大阪市東住吉区照ケ丘矢田1-16","34.60819","135.534644"
"矢田北小学校（運動場）","大阪府大阪市東住吉区照ケ丘矢田2-1-55","34.608741","135.537198"
"矢田北小学校","大阪府大阪市東住吉区照ケ丘矢田2-1-55","34.608564","135.536298"
"城南学園（運動場）","大阪府大阪市東住吉区照ケ丘矢田2-14-19","34.607871","135.538435"
"矢田住道公園","大阪府大阪市東住吉区照ケ丘矢田3-11","34.603798","135.534153"
"針中野わくわく公園","大阪府大阪市東住吉区針中野1-16","34.618801","135.534062"
"針中野東公園","大阪府大阪市東住吉区針中野4-12","34.617754","135.537601"
"今五児童遊園地","大阪府大阪市東住吉区西今川3-16","34.624643","135.532945"
"酒君塚公園","大阪府大阪市東住吉区鷹合2-5","34.614851","135.531498"
"鷹合小学校（運動場）","大阪府大阪市東住吉区鷹合3-12-38","34.611967","135.529709"
"鷹合小学校","大阪府大阪市東住吉区鷹合3-12-38","34.611955","135.529153"
"鷹合公園","大阪府大阪市東住吉区鷹合4-5","34.611174","135.530767"
"中野町公園","大阪府大阪市東住吉区中野1-8","34.622929","135.535634"
"南百済公園","大阪府大阪市東住吉区中野3-10","34.618606","135.537536"
"中野中学校（運動場）","大阪府大阪市東住吉区中野4-4-25","34.620418","135.539706"
"中野中学校","大阪府大阪市東住吉区中野4-4-25","34.620394","135.540402"
"長居公園","大阪府大阪市東住吉区長居公園1-1","34.61307","135.521034"
"田辺小学校（運動場）","大阪府大阪市東住吉区田辺2-3-34","34.626386","135.526384"
"田辺小学校","大阪府大阪市東住吉区田辺2-3-34","34.626195","135.525851"
"田辺中公園","大阪府大阪市東住吉区田辺6-9","34.625648","135.528621"
"東田辺さくら公園","大阪府大阪市東住吉区東田辺1-11","34.622346","135.528867"
"東田辺公園","大阪府大阪市東住吉区東田辺1-16","34.621727","135.527213"
"東田辺小学校（運動場）","大阪府大阪市東住吉区東田辺2-14-6","34.619849","135.527906"
"東田辺小学校","大阪府大阪市東住吉区東田辺2-14-6","34.619967","135.527437"
"東田辺中央公園","大阪府大阪市東住吉区東田辺3-4","34.618538","135.528693"
"南百済小学校","大阪府大阪市東住吉区湯里1-15-40","34.615195","135.53494"
"南百済小学校（運動場）","大阪府大阪市東住吉区湯里1-15-40","34.615037","135.53617"
"湯里の森公園","大阪府大阪市東住吉区湯里5-7","34.610123","135.536418"
"湯里小学校（運動場）","大阪府大阪市東住吉区湯里6-8-3","34.610201","135.540055"
"湯里小学校","大阪府大阪市東住吉区湯里6-8-3","34.610369","135.539739"
"南田辺小学校（運動場）","大阪府大阪市東住吉区南田辺4-3-4","34.617336","135.522245"
"南田辺小学校","大阪府大阪市東住吉区南田辺4-3-4","34.617652","135.522246"
"田辺中学校","大阪府大阪市東住吉区南田辺4-7-24","34.615849","135.522134"
"田辺中学校（運動場）","大阪府大阪市東住吉区南田辺4-7-24","34.61631","135.523305"
"北田辺公園","大阪府大阪市東住吉区北田辺1-8","34.636633","135.523982"
"サービス付き高齢者向け住宅　介護付き有料老人ホーム　北田辺輝きの郷","大阪府大阪市東住吉区北田辺1-9-9","34.636304","135.525489"
"北田辺小学校","大阪府大阪市東住吉区北田辺3-11-14","34.63283","135.524831"
"北田辺小学校（運動場）","大阪府大阪市東住吉区北田辺3-11-14","34.632739","135.524318"
"北田辺中公園","大阪府大阪市東住吉区北田辺3-6","34.634","135.525303"
"北田辺４公園","大阪府大阪市東住吉区北田辺4-2","34.634618","135.526274"
"市営長居東住宅３号館","大阪府大阪市東住吉区矢田1-13","34.607558","135.528565"
"市営長居東住宅２号館","大阪府大阪市東住吉区矢田1-14","34.608008","135.528571"
"市営長居東住宅１号館","大阪府大阪市東住吉区矢田1-15","34.608445","135.528565"
"矢田部公園","大阪府大阪市東住吉区矢田1-22","34.606721","135.529875"
"大阪芸術大学短期大学部（運動場）","大阪府大阪市東住吉区矢田2-14-19","34.607707","135.531256"
"やたなか小中一貫校（矢田小学校・矢田南中学校）（運動場）","大阪府大阪市東住吉区矢田3-4-27","34.603406","135.527951"
"やたなか小中一貫校　（矢田小学校、矢田南中学校）","大阪府大阪市東住吉区矢田3-4-27","34.60399","135.528001"
"矢田中公園","大阪府大阪市東住吉区矢田3-5","34.60442","135.527985"
"矢田中中央公園","大阪府大阪市東住吉区矢田4-10","34.603368","135.531383"
"東住吉支援学校","大阪府大阪市東住吉区矢田5-1-22","34.601884","135.528093"
"矢田教育の森公園","大阪府大阪市東住吉区矢田5-2","34.599743","135.52814"
"大和川東公園","大阪府大阪市東住吉区矢田5-7","34.598054","135.5288"
"市営矢田中住宅３号館","大阪府大阪市東住吉区矢田6-10-3","34.600018","135.531203"
"市営矢田中住宅１号館","大阪府大阪市東住吉区矢田6-11","34.600581","135.5316"
"市営矢田中住宅２号館","大阪府大阪市東住吉区矢田6-11-2","34.600321","135.531771"
"市営矢田中住宅４号館","大阪府大阪市東住吉区矢田6-12-4","34.599039","135.531635"
"矢田６公園","大阪府大阪市東住吉区矢田6-9","34.601406","135.531482"
"枯木南公園","大阪府大阪市東住吉区矢田7-6","34.595411","135.528769"
"特別養護老人ホーム　ゆめあまみ","大阪府大阪市東住吉区矢田7-6-10","34.595404","135.530124"
"玉津公園","大阪府大阪市東成区玉津1-11","34.671177","135.537131"
"玉津中学校","大阪府大阪市東成区玉津1-12-43","34.670999","135.538443"
"玉津中学校（運動場）","大阪府大阪市東成区玉津1-12-43","34.67139","135.538075"
"中道小学校（運動場）","大阪府大阪市東成区玉津1-7-39","34.67206","135.538056"
"中道小学校","大阪府大阪市東成区玉津1-7-39","34.672507","135.538116"
"たまつ和ひろば","大阪府大阪市東成区玉津2-3","34.669563","135.537392"
"１２３鶴橋店","大阪府大阪市東成区玉津3-12-3","34.665749","135.535094"
"玉津南公園","大阪府大阪市東成区玉津3-8","34.666311","135.538261"
"深江小学校","大阪府大阪市東成区深江南1-4-6","34.672217","135.555959"
"深江小学校（運動場）","大阪府大阪市東成区深江南1-4-6","34.67207","135.55558"
"西深江公園","大阪府大阪市東成区深江南1-7","34.671305","135.555958"
"南深江公園","大阪府大阪市東成区深江南2-9","34.670674","135.558474"
"阪陽公園","大阪府大阪市東成区深江北1-10","34.675898","135.556564"
"深江公園","大阪府大阪市東成区深江北2-16","34.673838","135.559337"
"東陽中学校","大阪府大阪市東成区深江北2-5-7","34.677622","135.559279"
"東陽中学校（運動場）","大阪府大阪市東成区深江北2-5-7","34.677317","135.55934"
"東深江公園","大阪府大阪市東成区深江北3-16","34.675523","135.56224"
"宝栄小学校","大阪府大阪市東成区神路1-15-48","34.677605","135.555092"
"宝栄小学校（運動場）","大阪府大阪市東成区神路1-15-48","34.677246","135.555137"
"相生中学校","大阪府大阪市東成区神路2-8-16","34.674611","135.55391"
"相生中学校（運動場）","大阪府大阪市東成区神路2-8-16","34.674459","135.553327"
"今里小学校（運動場）","大阪府大阪市東成区大今里1-35-29","34.671682","135.545131"
"今里小学校","大阪府大阪市東成区大今里1-35-29","34.671922","135.544851"
"大今里ふれあい公園","大阪府大阪市東成区大今里2-35","34.671195","135.550366"
"今里西之口公園","大阪府大阪市東成区大今里3-17","34.669582","135.544596"
"大今里公園","大阪府大阪市東成区大今里4-16","34.668736","135.548809"
"神路小学校（運動場）","大阪府大阪市東成区大今里4-6-19","34.669261","135.550584"
"神路小学校","大阪府大阪市東成区大今里4-6-19","34.669662","135.550502"
"南中本公園","大阪府大阪市東成区大今里西1-10","34.673652","135.5424"
"ライフ今里店","大阪府大阪市東成区大今里西2-15-17","34.66835","135.539793"
"平戸公園","大阪府大阪市東成区大今里西2-6","34.670115","135.540324"
"大阪市立東成区民センター","大阪府大阪市東成区大今里西3-2-17","34.668025","135.541429"
"大成小学校（運動場）","大阪府大阪市東成区大今里西3-2-62","34.667065","135.540274"
"今里南公園","大阪府大阪市東成区大今里南1-26","34.665323","135.545268"
"片江小学校（運動場）","大阪府大阪市東成区大今里南2-13-2","34.666168","135.546892"
"片江小学校","大阪府大阪市東成区大今里南2-13-2","34.666395","135.546606"
"大今里南公園","大阪府大阪市東成区大今里南4-15","34.665583","135.552623"
"北中道幼稚園","大阪府大阪市東成区中道2-2-19","34.680694","135.538079"
"北中道公園","大阪府大阪市東成区中道2-28","34.678831","135.539774"
"北中道小学校（運動場）","大阪府大阪市東成区中道2-9-20","34.679536","135.537653"
"北中道小学校","大阪府大阪市東成区中道2-9-20","34.67937","135.537619"
"中道中央公園","大阪府大阪市東成区中道4-5","34.67672","135.536894"
"千間川公園","大阪府大阪市東成区中本1-1","34.683254","135.540356"
"北中本公園","大阪府大阪市東成区中本2-28","34.680345","135.542517"
"森ノ宮医療学園専門学校アネックス校舎","大阪府大阪市東成区中本2-5-41","34.679432","135.540892"
"中本小学校（運動場）","大阪府大阪市東成区中本4-2-32","34.676837","135.539767"
"中本小学校","大阪府大阪市東成区中本4-2-32","34.676485","135.539519"
"中本くすのき公園","大阪府大阪市東成区中本5-2","34.677197","135.541427"
"東小橋小学校","大阪府大阪市東成区鶴橋3-4-50","34.666893","135.533189"
"千間川みどり公園","大阪府大阪市東成区東今里1","34.680782","135.552437"
"１２３緑橋店","大阪府大阪市東成区東今里2-3-1","34.679344","135.552263"
"東小橋北公園","大阪府大阪市東成区東小橋1-9","34.673312","135.533623"
"東小橋公園","大阪府大阪市東成区東小橋2-1","34.66992","135.532788"
"東小橋小学校（運動場）","大阪府大阪市東成区東小橋3-10-37","34.667156","135.533207"
"大阪市立東成スポーツセンター","大阪府大阪市東成区東中本2-11-30","34.678862","135.54828"
"神路公園","大阪府大阪市東成区東中本2-12","34.677987","135.548408"
"市営西今里住宅１号館","大阪府大阪市東成区東中本2-7-16","34.679557","135.546384"
"ライフ緑橋店","大阪府大阪市東成区東中本2-8-20","34.678963","135.544741"
"東中本小学校（運動場）","大阪府大阪市東成区東中本2-9-3","34.678896","135.545535"
"東中本小学校","大阪府大阪市東成区東中本2-9-3","34.679123","135.545206"
"本庄中学校（運動場）","大阪府大阪市東成区東中本3-14-2","34.675857","135.546564"
"本庄中学校","大阪府大阪市東成区東中本3-14-2","34.67629","135.546508"
"東中本公園","大阪府大阪市東成区東中本3-15","34.676113","135.54537"
"大成小学校","大阪府大阪市東成区桃谷5-5-37","34.66747","135.540393"
"井高野小学校","大阪府大阪市東淀川区井高野1-28-17","34.762365","135.544755"
"井高野小学校（運動場）","大阪府大阪市東淀川区井高野1-28-17","34.762008","135.544166"
"井高野南公園","大阪府大阪市東淀川区井高野1-3","34.7629","135.543095"
"市営井高野第６住宅１３号館","大阪府大阪市東淀川区井高野1-30-13","34.762442","135.545195"
"市営井高野第６住宅１４号館","大阪府大阪市東淀川区井高野1-30-14","34.762209","135.545302"
"市営井高野第６住宅１５号館","大阪府大阪市東淀川区井高野1-30-15","34.762116","135.545629"
"市営井高野第６住宅１６号館","大阪府大阪市東淀川区井高野1-30-16","34.762187","135.545999"
"市営井高野住宅１号館","大阪府大阪市東淀川区井高野1-4-1","34.762832","135.543953"
"市営井高野住宅２号館","大阪府大阪市東淀川区井高野1-4-2","34.763141","135.543298"
"市営井高野住宅３号館","大阪府大阪市東淀川区井高野1-4-3","34.763445","135.542837"
"市営井高野住宅４号館","大阪府大阪市東淀川区井高野1-4-4","34.763467","135.542225"
"市営井高野住宅６号館","大阪府大阪市東淀川区井高野1-4-6","34.763903","135.543062"
"市営井高野住宅７号館","大阪府大阪市東淀川区井高野1-4-7","34.763718","135.543746"
"市営井高野住宅９号館","大阪府大阪市東淀川区井高野1-4-9","34.763317","135.54457"
"井高野中学校","大阪府大阪市東淀川区井高野2-8-13","34.764695","135.548349"
"井高野中学校（運動場）","大阪府大阪市東淀川区井高野2-8-13","34.763996","135.548791"
"大阪市立井高野中学校","大阪府大阪市東淀川区井高野2-8-13","34.764847","135.547987"
"東井高野小学校（運動場）","大阪府大阪市東淀川区井高野2-8-28","34.764882","135.548841"
"大阪市立東井高野小学校","大阪府大阪市東淀川区井高野2-8-28","34.765237","135.549152"
"東井高野小学校","大阪府大阪市東淀川区井高野2-8-28","34.765208","135.54915"
"市営井高野第６住宅１０号館","大阪府大阪市東淀川区井高野3-10-10","34.76365","135.546831"
"市営井高野第６住宅１１号館","大阪府大阪市東淀川区井高野3-10-11","34.7638","135.546337"
"市営井高野第６住宅１８号館","大阪府大阪市東淀川区井高野3-10-18","34.764241","135.5466"
"市営井高野第６住宅１９号館","大阪府大阪市東淀川区井高野3-11-19","34.764734","135.546884"
"市営井高野第６住宅２０号館","大阪府大阪市東淀川区井高野3-11-20","34.764897","135.547287"
"市営井高野第６住宅２１号館","大阪府大阪市東淀川区井高野3-11-21","34.765514","135.548188"
"井高野公園","大阪府大阪市東淀川区井高野3-3","34.765511","135.543994"
"市営井高野第６住宅１２号館","大阪府大阪市東淀川区井高野3-5-12","34.764011","135.545849"
"市営井高野第６住宅１７号館","大阪府大阪市東淀川区井高野3-5-17","34.764448","135.546058"
"市営井高野第６住宅７号館","大阪府大阪市東淀川区井高野3-6-7","34.763575","135.545597"
"市営井高野第６住宅２号館","大阪府大阪市東淀川区井高野3-7-2","34.762733","135.545935"
"市営井高野第６住宅３号館","大阪府大阪市東淀川区井高野3-7-3","34.762561","135.546482"
"市営井高野第６住宅８号館","大阪府大阪市東淀川区井高野3-9-8","34.763355","135.54609"
"市営井高野第６住宅９号館","大阪府大阪市東淀川区井高野3-9-9","34.763205","135.546702"
"市営井高野第４住宅１号館","大阪府大阪市東淀川区井高野4-4-1","34.766352","135.54724"
"井高野ゴルフセンター","大阪府大阪市東淀川区井高野4-7-85","34.765668","135.550531"
"鳩ヶ瀬公園","大阪府大阪市東淀川区下新庄1-9","34.743999","135.517929"
"下新庄南公園","大阪府大阪市東淀川区下新庄2","34.742902","135.51981"
"下新庄北公園","大阪府大阪市東淀川区下新庄4-14","34.746568","135.517944"
"市営下新庄４丁目住宅１号館","大阪府大阪市東淀川区下新庄4-16-1","34.746544","135.516504"
"市営下新庄４丁目住宅２号館","大阪府大阪市東淀川区下新庄4-16-2","34.746134","135.516692"
"下新庄公園","大阪府大阪市東淀川区下新庄5-17","34.746842","135.523478"
"下新庄小学校","大阪府大阪市東淀川区下新庄5-2-9","34.74626","135.521317"
"下新庄小学校（運動場）","大阪府大阪市東淀川区下新庄5-2-9","34.746036","135.520964"
"下新庄小公園","大阪府大阪市東淀川区下新庄5-3","34.74545","135.521981"
"飛鳥町公園","大阪府大阪市東淀川区柴島1-7","34.729654","135.509263"
"大阪府立柴島高等学校（運動場）","大阪府大阪市東淀川区柴島1-7-106","34.729038","135.509744"
"柴島東公園","大阪府大阪市東淀川区柴島2-18","34.72915","135.514426"
"柴島中学校（運動場）","大阪府大阪市東淀川区柴島2-8-36","34.727254","135.512445"
"柴島中学校","大阪府大阪市東淀川区柴島2-8-36","34.727657","135.512313"
"柴島西公園","大阪府大阪市東淀川区柴島3-7","34.730932","135.514148"
"ハウス不動産ビル","大阪府大阪市東淀川区小松1-2-7","34.75116","135.53335"
"アベニュー小松ビル","大阪府大阪市東淀川区小松1-3-15","34.751269","135.534091"
"小松公園","大阪府大阪市東淀川区小松2-12","34.753202","135.536619"
"小松小学校","大阪府大阪市東淀川区小松3-18-15","34.754703","135.539868"
"小松小学校（運動場）","大阪府大阪市東淀川区小松3-18-15","34.754523","135.53933"
"松山公園","大阪府大阪市東淀川区小松4-14","34.753839","135.540606"
"市営小松南住宅１号館","大阪府大阪市東淀川区小松5-6-1","34.754131","135.547671"
"関西大学北陽高等学校（運動場）","大阪府大阪市東淀川区上新庄1-3-26","34.745381","135.529772"
"新庄公園","大阪府大阪市東淀川区上新庄2-12","34.747962","135.531044"
"新庄小学校（運動場）","大阪府大阪市東淀川区上新庄2-20-5","34.748568","135.532534"
"新庄小学校","大阪府大阪市東淀川区上新庄2-20-5","34.748833","135.532366"
"新庄小学校第２グラウンド","大阪府大阪市東淀川区上新庄2-5","34.747509","135.529678"
"極東エンジニアリング株式会社","大阪府大阪市東淀川区上新庄3-16-11","34.751093","135.531225"
"瑞光寺公園","大阪府大阪市東淀川区瑞光2-2","34.749696","135.538494"
"株式会社川本製作所　大阪支店","大阪府大阪市東淀川区瑞光3-8-20","34.752209","135.544407"
"瑞光４公園","大阪府大阪市東淀川区瑞光4-4","34.751959","135.548034"
"大隅東公園","大阪府大阪市東淀川区瑞光4-5","34.752738","135.549235"
"瑞光中学校（運動場）","大阪府大阪市東淀川区瑞光4-9-37","34.752613","135.545442"
"瑞光中学校","大阪府大阪市東淀川区瑞光4-9-37","34.752269","135.545494"
"市営瑞光住宅１号館","大阪府大阪市東淀川区瑞光5-3-1","34.752287","135.550402"
"市営瑞光住宅２号館","大阪府大阪市東淀川区瑞光5-3-2","34.752168","135.550911"
"市営瑞光住宅３号館","大阪府大阪市東淀川区瑞光5-4-3","34.752615","135.551356"
"大隅東小学校（運動場）","大阪府大阪市東淀川区瑞光5-8-19","34.753087","135.5519"
"大隅東小学校","大阪府大阪市東淀川区瑞光5-8-19","34.753439","135.551802"
"市営菅原第３住宅１号館","大阪府大阪市東淀川区菅原1-6-1","34.736288","135.5285"
"市営菅原第３住宅２号館","大阪府大阪市東淀川区菅原1-6-2","34.736412","135.529165"
"市営菅原第３住宅３号館","大阪府大阪市東淀川区菅原2-1-3","34.736478","135.529787"
"菅原天満宮公園","大阪府大阪市東淀川区菅原2-2","34.738336","135.529464"
"和合公園","大阪府大阪市東淀川区菅原3-2","34.738202","135.525171"
"菅原公園","大阪府大阪市東淀川区菅原3-6","34.738914","135.525903"
"菅原東公園","大阪府大阪市東淀川区菅原4-8","34.739927","135.527586"
"菅原西公園","大阪府大阪市東淀川区菅原5-1","34.739189","135.521355"
"菅原小学校","大阪府大阪市東淀川区菅原6-3-25","34.739185","135.523232"
"菅原小学校（運動場）","大阪府大阪市東淀川区菅原6-3-25","34.738542","135.52258"
"ラウンドワン東淀川店","大阪府大阪市東淀川区菅原7-14-29","34.742699","135.525305"
"菅原北公園","大阪府大阪市東淀川区菅原7-9","34.742166","135.523282"
"市営日之出北住宅１号館","大阪府大阪市東淀川区西淡路1-10-10","34.737471","135.505526"
"日之出北公園","大阪府大阪市東淀川区西淡路1-12","34.738148","135.504781"
"日之出公園","大阪府大阪市東淀川区西淡路1-5","34.73673","135.503701"
"市営日之出北住宅２号館","大阪府大阪市東淀川区西淡路1-6-4","34.737101","135.504147"
"市営日之出北住宅３号館","大阪府大阪市東淀川区西淡路1-8-3","34.737133","135.5047"
"日之出南公園","大阪府大阪市東淀川区西淡路2-1","34.73482","135.505489"
"日之出住宅１０号館","大阪府大阪市東淀川区西淡路2-6","34.736306","135.506162"
"西淡路公園","大阪府大阪市東淀川区西淡路3-1","34.738339","135.508599"
"もと西淡路小学校（運動場）","大阪府大阪市東淀川区西淡路3-14-11","34.742771","135.511134"
"須賀森公園","大阪府大阪市東淀川区西淡路4-17","34.742435","135.507288"
"淡路中学校","大阪府大阪市東淀川区西淡路4-25-53","34.74331","135.5098"
"淡路中学校（運動場）","大阪府大阪市東淀川区西淡路4-25-53","34.743112","135.509243"
"西淡路小学校","大阪府大阪市東淀川区西淡路5-5-32","34.742973","135.511281"
"西淡路小学校（運動場）","大阪府大阪市東淀川区西淡路5-5-32","34.742279","135.5112"
"市営淡路住宅１号館","大阪府大阪市東淀川区西淡路5-9-1","34.743667","135.512602"
"市営北陽住宅１号館","大阪府大阪市東淀川区西淡路6-2-1","34.745518","135.511662"
"市営北陽住宅２号館","大阪府大阪市東淀川区西淡路6-2-2","34.744553","135.510734"
"市営北陽住宅３号館","大阪府大阪市東淀川区西淡路6-2-3","34.745179","135.511136"
"ライフ西淡路店","大阪府大阪市東淀川区西淡路6-3-2","34.744671","135.51261"
"キコーナ西淡路店（立体駐車場）","大阪府大阪市東淀川区西淡路6-4-120","34.744765","135.515654"
"市営西淡路住宅４号館","大阪府大阪市東淀川区西淡路6-5-4","34.74627","135.512523"
"大阪高等学校（運動場）","大阪府大阪市東淀川区相川2-18-51","34.758874","135.535748"
"大阪成蹊学園（運動場）","大阪府大阪市東淀川区相川3-5-9","34.759173","135.53804"
"市営大桐住宅１号館","大阪府大阪市東淀川区大桐1-17-1","34.745845","135.547087"
"三宝寺西公園","大阪府大阪市東淀川区大桐2-10","34.748297","135.542842"
"今在家公園","大阪府大阪市東淀川区大桐2-2","34.745649","135.543651"
"市営大桐住宅３号館","大阪府大阪市東淀川区大桐3-1-3","34.746154","135.548031"
"市営大桐住宅５号館","大阪府大阪市東淀川区大桐3-3-5","34.74689","135.547534"
"市営大桐住宅６号館","大阪府大阪市東淀川区大桐3-5-6","34.747529","135.547539"
"大桐公園","大阪府大阪市東淀川区大桐3-8","34.747344","135.545871"
"大桐小学校（運動場）","大阪府大阪市東淀川区大桐4-1-15","34.747762","135.548735"
"大桐小学校","大阪府大阪市東淀川区大桐4-1-15","34.747572","135.548347"
"東大道公園","大阪府大阪市東淀川区大桐4-3","34.74626","135.551676"
"大桐中学校","大阪府大阪市東淀川区大桐4-5-8","34.748942","135.548732"
"大桐中学校（運動場）","大阪府大阪市東淀川区大桐4-5-8","34.748748","135.549377"
"大隅公園","大阪府大阪市東淀川区大桐5-14","34.749806","135.550241"
"市営北大桐住宅１号館","大阪府大阪市東淀川区大桐5-5-1","34.751146","135.548804"
"市営北大桐住宅３号館","大阪府大阪市東淀川区大桐5-7-3","34.750828","135.54938"
"大門公園","大阪府大阪市東淀川区大隅1-5","34.748198","135.540789"
"大隅西小学校","大阪府大阪市東淀川区大隅2-3-18","34.751082","135.546473"
"大隅西小学校（運動場）","大阪府大阪市東淀川区大隅2-3-18","34.750752","135.546123"
"能条東公園","大阪府大阪市東淀川区大道南1-19","34.742797","135.549289"
"大道南小学校","大阪府大阪市東淀川区大道南1-23-6","34.742929","135.550295"
"大道南小学校（運動場）","大阪府大阪市東淀川区大道南1-23-6","34.743062","135.549787"
"大道南公園","大阪府大阪市東淀川区大道南1-30","34.743163","135.551756"
"竹間公園","大阪府大阪市東淀川区大道南1-5","34.740818","135.549178"
"市営大道南住宅１号館","大阪府大阪市東淀川区大道南1-8-1","34.742931","135.548327"
"市営大道南住宅２号館","大阪府大阪市東淀川区大道南1-8-2","34.742258","135.548166"
"市営大道南住宅３号館","大阪府大阪市東淀川区大道南1-8-3","34.741822","135.547882"
"大道公園","大阪府大阪市東淀川区大道南2-16","34.744532","135.550171"
"大道北公園","大阪府大阪市東淀川区大道南2-19","34.745715","135.548891"
"能條公園","大阪府大阪市東淀川区大道南3-2","34.74202","135.546743"
"市営日之出住宅１１号館","大阪府大阪市東淀川区淡路1-1-11","34.735519","135.507048"
"淡路２公園","大阪府大阪市東淀川区淡路2-1","34.735964","135.511812"
"チャーム新大阪淡路","大阪府大阪市東淀川区淡路2-3-6","34.73518","135.51253"
"淡路３公園","大阪府大阪市東淀川区淡路3-13","34.737885","135.513305"
"大阪市北部こども相談センター","大阪府大阪市東淀川区淡路3-13-36","34.738301","135.513978"
"淡路４公園","大阪府大阪市東淀川区淡路4-14","34.74039","135.514854"
"淡路公園","大阪府大阪市東淀川区淡路5-14","34.742497","135.515577"
"市営東淡路第２住宅１号館","大阪府大阪市東淀川区東淡路1-4","34.734304","135.518728"
"市営東淡路第２住宅３号館","大阪府大阪市東淀川区東淡路2-4","34.734865","135.517241"
"市営東淡路第２住宅４号館","大阪府大阪市東淀川区東淡路2-4","34.735564","135.516833"
"市営東淡路第２住宅５号館","大阪府大阪市東淀川区東淡路2-4-5","34.735623","135.516545"
"東淡路南公園","大阪府大阪市東淀川区東淡路2-5","34.735785","135.517425"
"市営東淡路第２住宅２号館","大阪府大阪市東淀川区東淡路3-3","34.734972","135.518578"
"東淡路小学校","大阪府大阪市東淀川区東淡路3-3-32","34.736059","135.518624"
"東淡路小学校（運動場）","大阪府大阪市東淀川区東淡路3-3-32","34.735614","135.518674"
"市営東淡路住宅１号館","大阪府大阪市東淀川区東淡路3-5-1","34.735308","135.520332"
"市営東淡路住宅２号館","大阪府大阪市東淀川区東淡路3-5-2","34.735685","135.520806"
"市営東淡路第３住宅１号館","大阪府大阪市東淀川区東淡路4-15-1","34.738103","135.516695"
"東淡路町公園","大阪府大阪市東淀川区東淡路4-24","34.738571","135.520493"
"アカシヤ淡路店","大阪府大阪市東淀川区東淡路4-33-34","34.739889","135.518212"
"ライフ東淡路店","大阪府大阪市東淀川区東淡路5-8-35","34.736814","135.522076"
"山口本町公園","大阪府大阪市東淀川区東中島1-14","34.731755","135.502925"
"新大阪ビル東館","大阪府大阪市東淀川区東中島1-17-18","34.732469","135.503286"
"市営南方住宅４号館","大阪府大阪市東淀川区東中島2-12-4","34.729424","135.503767"
"市営南方住宅５号館","大阪府大阪市東淀川区東中島2-13-5","34.729566","135.504871"
"南方北公園","大阪府大阪市東淀川区東中島2-18","34.728893","135.505425"
"市営南方住宅１号館","大阪府大阪市東淀川区東中島2-21-1","34.729394","135.506462"
"南方公園","大阪府大阪市東淀川区東中島2-24","34.728554","135.506412"
"南方南公園","大阪府大阪市東淀川区東中島2-5","34.727518","135.504921"
"市営南方住宅３号館","大阪府大阪市東淀川区東中島2-6-3","34.727859","135.506266"
"市営飛鳥住宅３号館","大阪府大阪市東淀川区東中島3-11-3","34.729759","135.507962"
"市営飛鳥住宅４号館","大阪府大阪市東淀川区東中島3-11-4","34.730301","135.507651"
"市営飛鳥住宅５号館","大阪府大阪市東淀川区東中島3-11-5","34.729838","135.507463"
"市営飛鳥住宅２号館","大阪府大阪市東淀川区東中島3-13-2","34.730144","135.508931"
"東淀川支援学校（運動場）","大阪府大阪市東淀川区東中島3-5-22","34.730695","135.504938"
"東淀川支援学校","大阪府大阪市東淀川区東中島3-5-22","34.731039","135.50462"
"市営飛鳥西住宅１号館","大阪府大阪市東淀川区東中島3-6","34.731025","135.506256"
"新駅２号公園","大阪府大阪市東淀川区東中島4-3","34.731966","135.505506"
"小中一貫校むくのき学園　（啓発小学校・中島中学校）","大阪府大阪市東淀川区東中島4-8-38","34.732565","135.507283"
"小中一貫校むくのき学園（啓発小学校・中島中学校）（運動場）","大阪府大阪市東淀川区東中島4-8-38","34.731911","135.507086"
"日之出東公園","大阪府大阪市東淀川区東中島5-6","34.733628","135.507485"
"市営南江口第２住宅１号館","大阪府大阪市東淀川区南江口1-2-1","34.756796","135.545677"
"市営南江口第２住宅２号館","大阪府大阪市東淀川区南江口1-5-2","34.756172","135.545752"
"市営南江口住宅１号館","大阪府大阪市東淀川区南江口2-2-1","34.756727","135.546712"
"市営南江口住宅２号館","大阪府大阪市東淀川区南江口2-3-2","34.75674","135.547785"
"南江口公園","大阪府大阪市東淀川区南江口3-13","34.753246","135.553695"
"大阪広域環境施設組合　東淀工場","大阪府大阪市東淀川区南江口3-16-6","34.756062","135.554316"
"南江口北公園","大阪府大阪市東淀川区南江口3-2","34.75575","135.551318"
"豊北公園","大阪府大阪市東淀川区豊新1-12","34.742124","135.532881"
"多幸公園","大阪府大阪市東淀川区豊新2-8","34.742844","135.529329"
"六原公園","大阪府大阪市東淀川区豊新3-2","34.743561","135.531907"
"かぶと公園","大阪府大阪市東淀川区豊新4-10","34.744501","135.537197"
"豊新小学校","大阪府大阪市東淀川区豊新4-17-26","34.746075","135.535809"
"豊新小学校（運動場）","大阪府大阪市東淀川区豊新4-17-26","34.745877","135.535441"
"市営豊新住宅１号館","大阪府大阪市東淀川区豊新5-12-1","34.746832","135.537056"
"市営豊新住宅２号館","大阪府大阪市東淀川区豊新5-12-2","34.747515","135.537018"
"新東淀中学校（運動場）","大阪府大阪市東淀川区豊里1-10-32","34.739568","135.533032"
"新東淀中学校","大阪府大阪市東淀川区豊里1-10-32","34.739854","135.534114"
"北淀公園","大阪府大阪市東淀川区豊里1-8","34.738836","135.534256"
"淀川清流高等学校（運動場）","大阪府大阪市東淀川区豊里2-11-35","34.738952","135.537055"
"豊里三角公園","大阪府大阪市東淀川区豊里2-23","34.741729","135.535503"
"三番公園","大阪府大阪市東淀川区豊里2-4","34.73763","135.539217"
"野村公園","大阪府大阪市東淀川区豊里3-4","34.737558","135.544541"
"豊里南小学校","大阪府大阪市東淀川区豊里5-12-41","34.739422","135.544161"
"豊里南小学校（運動場）","大阪府大阪市東淀川区豊里5-12-41","34.739568","135.543718"
"豊里中央公園","大阪府大阪市東淀川区豊里5-14","34.740607","135.542715"
"豊里小学校","大阪府大阪市東淀川区豊里5-14-60","34.74176","135.544082"
"豊里小学校（運動場）","大阪府大阪市東淀川区豊里5-14-60","34.741934","135.543762"
"市営豊里住宅１号館","大阪府大阪市東淀川区豊里5-15-1","34.740196","135.543622"
"市営豊里住宅２号館","大阪府大阪市東淀川区豊里5-15-2","34.741232","135.544175"
"市営豊里住宅３号館","大阪府大阪市東淀川区豊里5-15-3","34.740619","135.544196"
"東淀中学校（運動場）","大阪府大阪市東淀川区豊里6-25-19","34.743656","135.5377"
"東淀中学校","大阪府大阪市東淀川区豊里6-25-19","34.744096","135.537619"
"市営豊里第２住宅１８号館","大阪府大阪市東淀川区豊里7-14-18","34.743444","135.54154"
"市営豊里第２住宅１７号館","大阪府大阪市東淀川区豊里7-17-17","34.743833","135.541192"
"豊里さつき公園","大阪府大阪市東淀川区豊里7-25","34.744392","135.539661"
"市営豊里第２住宅１９号館","大阪府大阪市東淀川区豊里7-4-19","34.742713","135.541203"
"大阪北視覚支援学校","大阪府大阪市東淀川区豊里7-5-26","34.743072","135.542505"
"大阪北視覚支援学校（運動場）","大阪府大阪市東淀川区豊里7-5-26","34.742464","135.542769"
"市営北江口第２住宅１号館","大阪府大阪市東淀川区北江口1-3-1","34.758894","135.541923"
"市営北江口第２住宅２号館","大阪府大阪市東淀川区北江口1-3-2","34.758964","135.542529"
"市営北江口第２住宅３号館","大阪府大阪市東淀川区北江口1-3-3","34.759564","135.542036"
"市営北江口第２住宅４号館","大阪府大阪市東淀川区北江口1-4-4","34.760062","135.542079"
"市営北江口第２住宅５号館","大阪府大阪市東淀川区北江口1-4-5","34.76052","135.542105"
"市営北江口第３住宅１号館","大阪府大阪市東淀川区北江口1-5-1","34.759907","135.541164"
"北江口中央公園","大阪府大阪市東淀川区北江口2-1","34.758479","135.544125"
"北江口公園","大阪府大阪市東淀川区北江口2-10","34.758221","135.545604"
"市営北江口第２住宅６号館","大阪府大阪市東淀川区北江口2-2-6","34.759299","135.543479"
"市営北江口第２住宅７号館","大阪府大阪市東淀川区北江口2-2-7","34.759621","135.544283"
"市営北江口第２住宅８号館","大阪府大阪市東淀川区北江口2-3-8","34.760189","135.543849"
"市営北江口第２住宅９号館","大阪府大阪市東淀川区北江口2-3-9","34.760352","135.543361"
"市営北江口住宅１号館","大阪府大阪市東淀川区北江口3-3-1","34.760766","135.547127"
"市営北江口第２住宅１２号館","大阪府大阪市東淀川区北江口3-4-12","34.760965","135.545083"
"市営北江口第２住宅１０号館","大阪府大阪市東淀川区北江口3-5-10","34.761199","135.543366"
"市営北江口第２住宅１１号館","大阪府大阪市東淀川区北江口3-5-11","34.760991","135.544589"
"グリーンシティＯＳＡＫＡ１号棟・２号棟","大阪府大阪市福島区海老江1-11","34.701179","135.476678"
"海老江東公園","大阪府大阪市福島区海老江1-4","34.696314","135.475408"
"海老江東小学校（運動場）","大阪府大阪市福島区海老江1-6-19","34.69887","135.475609"
"海老江東小学校","大阪府大阪市福島区海老江1-6-19","34.699173","135.475253"
"海老江上公園","大阪府大阪市福島区海老江3-12","34.700097","135.473031"
"アクアビラージュ","大阪府大阪市福島区海老江3-14-12","34.700558","135.473121"
"凸版印刷㈱　海老江新聞工場棟","大阪府大阪市福島区海老江3-22-61","34.70156","135.473906"
"キコーナ海老江店","大阪府大阪市福島区海老江3-23-3","34.702046","135.47503"
"海老江ひばり保育園","大阪府大阪市福島区海老江5-3-6","34.696017","135.473491"
"福島区在宅サービスセンター","大阪府大阪市福島区海老江6-2-22","34.697954","135.471012"
"トーワユニ㈱","大阪府大阪市福島区海老江6-2-9","34.697793","135.47082"
"ハイパイル６３８","大阪府大阪市福島区海老江6-3-8","34.698366","135.470917"
"海老江中公園","大阪府大阪市福島区海老江6-4","34.699049","135.470543"
"海老江公園","大阪府大阪市福島区海老江7-15","34.695515","135.470057"
"ストークマンション野田阪神","大阪府大阪市福島区海老江7-17-14","34.696825","135.470798"
"海老江西小学校","大阪府大阪市福島区海老江8-1-10","34.697482","135.469846"
"海老江西小学校（運動場）","大阪府大阪市福島区海老江8-1-10","34.697559","135.470181"
"えびえにし防災広場","大阪府大阪市福島区海老江8-13","34.695942","135.468319"
"海老江西公園","大阪府大阪市福島区海老江8-2","34.698525","135.46913"
"中江町公園","大阪府大阪市福島区吉野1-15","34.69181","135.478223"
"プリプリ６００","大阪府大阪市福島区吉野1-20-23","34.693706","135.477084"
"ロイヤルシティホール野田","大阪府大阪市福島区吉野1-22-8","34.693631","135.47629"
"ニシムラビル","大阪府大阪市福島区吉野2-2-12","34.690457","135.475989"
"東横イン大阪ＪＲ野田駅前","大阪府大阪市福島区吉野2-2-2","34.690383","135.476135"
"㈱オールホンダビル","大阪府大阪市福島区吉野2-6-2","34.691688","135.476948"
"吉野小学校","大阪府大阪市福島区吉野3-10-5","34.690219","135.472741"
"吉野小学校（運動場）","大阪府大阪市福島区吉野3-10-5","34.690317","135.473209"
"㈱アークビルド　本社ビル","大阪府大阪市福島区吉野3-12-24","34.690283","135.475426"
"江成公園","大阪府大阪市福島区吉野3-17","34.691473","135.473507"
"福島区民センター","大阪府大阪市福島区吉野3-17-23","34.691567","135.47311"
"吉野町公園","大阪府大阪市福島区吉野4-12","34.689338","135.470987"
"英風女子高等専修学校","大阪府大阪市福島区吉野4-13-4","34.688458","135.471629"
"英風女子高等専修学校（別館）","大阪府大阪市福島区吉野4-2-13","34.688205","135.4725"
"レジデンス福島Ⅱ","大阪府大阪市福島区吉野4-24-20","34.687841","135.470273"
"福島リバーガーデン","大阪府大阪市福島区吉野4-29-20","34.689721","135.469762"
"ヴェルドール野田","大阪府大阪市福島区吉野5-8-6","34.685938","135.469277"
"新家公園","大阪府大阪市福島区吉野5-9","34.687628","135.46871"
"野田中学校","大阪府大阪市福島区吉野5-9-4","34.68666","135.469118"
"野田中学校（運動場）","大阪府大阪市福島区吉野5-9-4","34.68696","135.46899"
"下福島中学校（運動場）","大阪府大阪市福島区玉川1-4-11","34.68807","135.481559"
"下福島中学校","大阪府大阪市福島区玉川1-4-11","34.688212","135.482316"
"玉川公園","大阪府大阪市福島区玉川2-11","34.691499","135.479447"
"玉川小学校","大阪府大阪市福島区玉川2-13-16","34.691785","135.481257"
"玉川小学校（運動場）","大阪府大阪市福島区玉川2-13-16","34.691923","135.480841"
"玉川南公園","大阪府大阪市福島区玉川2-2","34.689996","135.479327"
"ハナミズキ　福島","大阪府大阪市福島区玉川2-6-10","34.690466","135.479106"
"玉川西公園","大阪府大阪市福島区玉川4-13","34.689841","135.477556"
"ファミール福島","大阪府大阪市福島区鷺洲2-15-6","34.699146","135.482858"
"鷺洲中公園","大阪府大阪市福島区鷺洲2-4","34.696651","135.481133"
"リバーガーデン福島　木漏れ日の丘","大阪府大阪市福島区鷺洲5-12","34.699148","135.476811"
"鷺洲上公園","大阪府大阪市福島区鷺洲5-6","34.699353","135.477866"
"鷺洲小学校","大阪府大阪市福島区鷺洲5-6-8","34.698801","135.479139"
"鷺洲小学校（運動場）","大阪府大阪市福島区鷺洲5-6-8","34.699181","135.478679"
"鷺洲北公園","大阪府大阪市福島区鷺洲5-7","34.700642","135.47949"
"八阪中学校","大阪府大阪市福島区鷺洲6-1-13","34.700939","135.477757"
"八阪中学校（運動場）","大阪府大阪市福島区鷺洲6-1-13","34.701364","135.477882"
"大開公園","大阪府大阪市福島区大開1-18","34.694153","135.470694"
"新生発条工業㈱内　ヴィクトワール福島","大阪府大阪市福島区大開1-18-8","34.694012","135.470674"
"大開小学校（運動場）","大阪府大阪市福島区大開2-10-28","34.692397","135.470854"
"大開小学校","大阪府大阪市福島区大開2-10-28","34.692175","135.470906"
"新家西公園","大阪府大阪市福島区大開4-3","34.688673","135.464241"
"大開西公園","大阪府大阪市福島区大開4-4","34.689479","135.464461"
"朝日放送本社　リバーデッキ","大阪府大阪市福島区福島1-1-30","34.693754","135.488794"
"セントラル７０","大阪府大阪市福島区福島1-4-4","34.695795","135.489732"
"福田ビル","大阪府大阪市福島区福島2-8-22","34.695243","135.486854"
"コミュニティプラザ大阪　（コンポ大阪ビル）","大阪府大阪市福島区福島3-1-73","34.692149","135.486449"
"大阪澤久ビルディング","大阪府大阪市福島区福島3-10-4","34.693381","135.484411"
"下福島公園","大阪府大阪市福島区福島4-1","34.690774","135.482365"
"福島小学校","大阪府大阪市福島区福島4-5-6","34.693644","135.48329"
"福島小学校（運動場）","大阪府大阪市福島区福島4-5-6","34.693756","135.48363"
"福島西公園","大阪府大阪市福島区福島4-6","34.694829","135.483412"
"福島公園","大阪府大阪市福島区福島5-16","34.695808","135.485241"
"大阪トヨタ自動車㈱　本社ビル","大阪府大阪市福島区福島5-17-2","34.695201","135.485147"
"ホテル阪神","大阪府大阪市福島区福島5-6-16","34.696945","135.487823"
"トモドール北梅田","大阪府大阪市福島区福島6-23-21","34.701909","135.489947"
"上福島東公園","大阪府大阪市福島区福島6-7","34.699444","135.48883"
"上福島公園","大阪府大阪市福島区福島7-20","34.698348","135.48485"
"上福島北公園","大阪府大阪市福島区福島7-23","34.700736","135.485891"
"上福島小学校（運動場）","大阪府大阪市福島区福島7-4-33","34.696955","135.485193"
"上福島小学校","大阪府大阪市福島区福島7-4-33","34.69722","135.485281"
"エトワール宮本","大阪府大阪市福島区福島7-5-19","34.697266","135.486141"
"アーバンコート福島","大阪府大阪市福島区福島8-21-2","34.698323","135.484243"
"大阪市中央卸売市場本場","大阪府大阪市福島区野田1-1-86","34.684426","135.477648"
"大野東公園","大阪府大阪市福島区野田2-12","34.685986","135.477851"
"大八ビル","大阪府大阪市福島区野田2-16-1","34.685133","135.475888"
"かね清ビル","大阪府大阪市福島区野田2-16-3","34.685203","135.475625"
"利州㈱","大阪府大阪市福島区野田2-2-16","34.686836","135.47955"
"野田小学校（運動場）","大阪府大阪市福島区野田5-13-22","34.686107","135.473698"
"野田小学校","大阪府大阪市福島区野田5-13-22","34.686008","135.473407"
"ディクス福島レジデンス","大阪府大阪市福島区野田5-5-16","34.68434","135.472726"
"大野町公園","大阪府大阪市福島区野田5-9","34.685406","135.474141"
"瓜破北小学校","大阪府大阪市平野区瓜破1-8-33","34.604904","135.55125"
"瓜破北小学校（運動場）","大阪府大阪市平野区瓜破1-8-33","34.605073","135.55049"
"市営瓜破２丁目住宅１号館","大阪府大阪市平野区瓜破2-4-1","34.607004","135.55193"
"市営瓜破２丁目住宅２号館","大阪府大阪市平野区瓜破2-4-2","34.606711","135.552211"
"市営瓜破２丁目住宅３号館","大阪府大阪市平野区瓜破2-4-3","34.607026","135.55295"
"市営瓜破２丁目住宅４号館","大阪府大阪市平野区瓜破2-4-4","34.607505","135.553238"
"市営瓜破２丁目住宅５号館","大阪府大阪市平野区瓜破2-4-5","34.607533","135.552676"
"瓜破中学校（運動場）","大阪府大阪市平野区瓜破2-5-31","34.606234","135.552884"
"瓜破中学校","大阪府大阪市平野区瓜破2-5-31","34.606826","135.553328"
"瓜破北西公園","大阪府大阪市平野区瓜破5-1","34.603025","135.552823"
"瓜破小学校（運動場）","大阪府大阪市平野区瓜破5-3-11","34.60232","135.553084"
"瓜破小学校","大阪府大阪市平野区瓜破5-3-11","34.602456","135.552514"
"瓜破駒ヶ池公園","大阪府大阪市平野区瓜破6-3","34.59959","135.549324"
"瓜破西北公園","大阪府大阪市平野区瓜破西1-8","34.60838","135.547734"
"瓜破西小学校（運動場）","大阪府大阪市平野区瓜破西2-1-43","34.604121","135.543881"
"瓜破西小学校","大阪府大阪市平野区瓜破西2-1-43","34.604168","135.544668"
"瓜破西中学校（運動場）","大阪府大阪市平野区瓜破西2-12-22","34.602525","135.546788"
"瓜破西中学校","大阪府大阪市平野区瓜破西2-12-22","34.602424","135.545499"
"瓜破西ヶ池公園","大阪府大阪市平野区瓜破西2-9","34.602677","135.544955"
"市営瓜破東第１住宅４号館","大阪府大阪市平野区瓜破東1-11","34.606616","135.556228"
"市営瓜破東第１住宅３号館","大阪府大阪市平野区瓜破東1-12","34.606677","135.557186"
"市営瓜破東１丁目住宅１号館","大阪府大阪市平野区瓜破東1-3-1","34.608413","135.557886"
"市営瓜破東１丁目住宅２号館","大阪府大阪市平野区瓜破東1-3-2","34.608113","135.557784"
"市営瓜破東１丁目住宅３号館","大阪府大阪市平野区瓜破東1-4-3","34.607616","135.558139"
"市営瓜破東１丁目住宅４号館","大阪府大阪市平野区瓜破東1-4-4","34.607443","135.557972"
"市営瓜破東１丁目住宅５号館","大阪府大阪市平野区瓜破東1-4-5","34.607712","135.557699"
"市営瓜破東第１住宅１号館","大阪府大阪市平野区瓜破東1-6","34.607659","135.556749"
"市営瓜破東第１住宅５号館","大阪府大阪市平野区瓜破東1-6","34.60719","135.556218"
"市営瓜破東第１住宅２号館","大阪府大阪市平野区瓜破東1-6","34.607214","135.557138"
"市営瓜破東住宅３号館","大阪府大阪市平野区瓜破東2-2","34.607327","135.559294"
"瓜破東中公園","大阪府大阪市平野区瓜破東2-2","34.606725","135.560321"
"市営瓜破東住宅第２号館","大阪府大阪市平野区瓜破東2-3","34.607338","135.560131"
"市営瓜破東住宅１号館","大阪府大阪市平野区瓜破東2-4-1","34.608336","135.560301"
"瓜破東北公園","大阪府大阪市平野区瓜破東2-5","34.607753","135.561568"
"市営瓜破東住宅４号館","大阪府大阪市平野区瓜破東2-5-4","34.608322","135.560924"
"瓜破東小学校","大阪府大阪市平野区瓜破東2-5-78","34.60698","135.56105"
"瓜破東小学校（運動場）","大阪府大阪市平野区瓜破東2-5-78","34.607756","135.560792"
"市営瓜破東第２住宅１号館","大阪府大阪市平野区瓜破東2-6","34.606414","135.562979"
"市営瓜破東第２住宅２６号館","大阪府大阪市平野区瓜破東2-7","34.606907","135.564719"
"市営瓜破東第２住宅５号館","大阪府大阪市平野区瓜破東2-7","34.606904","135.563247"
"瓜破第１公園","大阪府大阪市平野区瓜破東3-1","34.605533","135.556836"
"瓜破霊園","大阪府大阪市平野区瓜破東4-4-164","34.602712","135.561202"
"市営瓜破東第２住宅４号館","大阪府大阪市平野区瓜破東4-5","34.605312","135.563994"
"市営瓜破東第２住宅２号館","大阪府大阪市平野区瓜破東4-5","34.605881","135.563442"
"市営瓜破東第２住宅３号館","大阪府大阪市平野区瓜破東4-5","34.605797","135.564112"
"瓜破下池公園","大阪府大阪市平野区瓜破東6-1","34.599793","135.557211"
"瓜破新池緑地公園","大阪府大阪市平野区瓜破東8","34.598645","135.561926"
"瓜破新池緑地南公園","大阪府大阪市平野区瓜破東8-12","34.598627","135.56279"
"瓜破新池緑地北公園","大阪府大阪市平野区瓜破東8-6","34.599791","135.562212"
"市営瓜破東８丁目住宅２号館","大阪府大阪市平野区瓜破東8-9-2","34.598788","135.560453"
"市営瓜破東８丁目住宅４号館","大阪府大阪市平野区瓜破東8-9-4","34.598722","135.559949"
"瓜破南大和川公園","大阪府大阪市平野区瓜破南1-4","34.597571","135.549388"
"瓜破南公園","大阪府大阪市平野区瓜破南2-2","34.595552","135.553005"
"瓜破南地域集会所前広場","大阪府大阪市平野区瓜破南2-4","34.595863","135.55575"
"加美正覚寺公園","大阪府大阪市平野区加美正覚寺3-1","34.633264","135.561731"
"市営加美正覚寺東住宅３号館","大阪府大阪市平野区加美正覚寺3-11","34.631263","135.562851"
"加美小学校（運動場）","大阪府大阪市平野区加美正覚寺3-13-35","34.630656","135.563407"
"加美小学校","大阪府大阪市平野区加美正覚寺3-13-35","34.631017","135.5634"
"加美中学校","大阪府大阪市平野区加美正覚寺3-13-46","34.630955","135.562175"
"加美中学校（運動場）","大阪府大阪市平野区加美正覚寺3-13-46","34.630622","135.562327"
"市営加美正覚寺東住宅２号館","大阪府大阪市平野区加美正覚寺3-9","34.63174","135.562009"
"正覚寺中公園","大阪府大阪市平野区加美正覚寺4-4","34.629748","135.562465"
"たちばな公園","大阪府大阪市平野区加美西1-4","34.627011","135.560576"
"加美西公園","大阪府大阪市平野区加美西2-5","34.625122","135.563995"
"加美神明公園","大阪府大阪市平野区加美東1-6","34.631953","135.566433"
"加美東北公園","大阪府大阪市平野区加美東2-9","34.630989","135.569278"
"市営加美東第１住宅６号館","大阪府大阪市平野区加美東3-10","34.631654","135.573031"
"市営加美東第１住宅２号館","大阪府大阪市平野区加美東3-5","34.632705","135.572998"
"市営加美東第１住宅１号館","大阪府大阪市平野区加美東3-6","34.632683","135.57229"
"市営加美東第１住宅４号館","大阪府大阪市平野区加美東3-8","34.632162","135.573159"
"加美東公園","大阪府大阪市平野区加美東5-7","34.628201","135.571679"
"加美東小学校","大阪府大阪市平野区加美東5-9-25","34.627197","135.571617"
"加美東小学校（運動場）","大阪府大阪市平野区加美東5-9-25","34.627484","135.57135"
"市営加美東第２住宅２号館","大阪府大阪市平野区加美東6-3","34.630155","135.57538"
"市営加美東第２住宅１号館","大阪府大阪市平野区加美東6-3","34.630115","135.574264"
"市営加美東第２住宅３号館","大阪府大阪市平野区加美東6-6","34.629638","135.574704"
"加美南中学校","大阪府大阪市平野区加美南1-10-15","34.623424","135.570159"
"加美南中学校（運動場）","大阪府大阪市平野区加美南1-10-15","34.623023","135.569737"
"鞍作公園","大阪府大阪市平野区加美南1-11","34.62341","135.570985"
"市営加美南住宅１号館","大阪府大阪市平野区加美南1-5","34.624968","135.570897"
"加美南部小学校","大阪府大阪市平野区加美南1-9-17","34.62421","135.570295"
"加美南部小学校（運動場）","大阪府大阪市平野区加美南1-9-17","34.624243","135.569875"
"加美北公園","大阪府大阪市平野区加美北4-2","34.639993","135.560433"
"加美長沢西公園","大阪府大阪市平野区加美北5-9","34.637905","135.56259"
"加美柿花公園","大阪府大阪市平野区加美北6-13","34.634638","135.556535"
"加美正北ふれあい公園","大阪府大阪市平野区加美北6-14","34.633632","135.556986"
"加美北小学校","大阪府大阪市平野区加美北7-4-10","34.636485","135.560292"
"加美北小学校（運動場）","大阪府大阪市平野区加美北7-4-10","34.636053","135.560347"
"市営加美北第２住宅２号館","大阪府大阪市平野区加美北8-13","34.63481","135.562971"
"市営加美北住宅１号館","大阪府大阪市平野区加美北8-14","34.634827","135.565005"
"市営加美北住宅２号館","大阪府大阪市平野区加美北8-18","34.63435","135.565016"
"市営加美北第２住宅３号館","大阪府大阪市平野区加美北8-19","34.63429","135.562987"
"市営加美北第３住宅１号館","大阪府大阪市平野区加美北8-2","34.636376","135.56318"
"加美長沢公園","大阪府大阪市平野区加美北8-3","34.636558","135.565213"
"市営加美北第２住宅１号館","大阪府大阪市平野区加美北8-9","34.635318","135.563094"
"喜連北小学校（運動場）","大阪府大阪市平野区喜連1-7-4","34.614021","135.550614"
"喜連北小学校","大阪府大阪市平野区喜連1-7-4","34.614138","135.550033"
"喜連北第１公園","大阪府大阪市平野区喜連1-8","34.613662","135.551878"
"市営喜連第２住宅１号館","大阪府大阪市平野区喜連4-10","34.60994","135.55473"
"市営喜連第２住宅３号館","大阪府大阪市平野区喜連4-13","34.60991","135.555826"
"大阪教育大学附属特別支援学校（運動場）","大阪府大阪市平野区喜連4-8-71","34.610254","135.553833"
"喜連北公園","大阪府大阪市平野区喜連5-9","34.615383","135.558465"
"喜連中公園","大阪府大阪市平野区喜連6-7","34.613251","135.558111"
"市営喜連住宅１号館","大阪府大阪市平野区喜連7-3","34.611445","135.557164"
"市営喜連住宅２号館","大阪府大阪市平野区喜連7-4","34.610518","135.556916"
"市営喜連住宅３号館","大阪府大阪市平野区喜連7-4","34.609931","135.556921"
"喜連小学校（運動場）","大阪府大阪市平野区喜連7-6-4","34.611249","135.556355"
"喜連小学校","大阪府大阪市平野区喜連7-6-4","34.611164","135.555871"
"市営西喜連第４住宅１号館","大阪府大阪市平野区喜連西1-10","34.615985","135.542647"
"市営西喜連第４住宅３号館","大阪府大阪市平野区喜連西1-3","34.615411","135.541392"
"市営西喜連第４住宅４号館","大阪府大阪市平野区喜連西1-3","34.614727","135.541344"
"喜連西中央公園","大阪府大阪市平野区喜連西2-1","34.613409","135.541337"
"市営西喜連第４住宅５号館","大阪府大阪市平野区喜連西2-1","34.614023","135.541424"
"市営西喜連第４住宅２号館","大阪府大阪市平野区喜連西2-10","34.614175","135.542889"
"市営西喜連第３住宅１号館","大阪府大阪市平野区喜連西2-2","34.613324","135.542562"
"市営西喜連第３住宅２号館","大阪府大阪市平野区喜連西2-2","34.613015","135.542537"
"市営西喜連第５住宅３号館","大阪府大阪市平野区喜連西3-16","34.611376","135.544117"
"喜連西公園","大阪府大阪市平野区喜連西3-17","34.612413","135.545771"
"喜連西小学校","大阪府大阪市平野区喜連西3-17-61","34.612336","135.545364"
"喜連西小学校（運動場）","大阪府大阪市平野区喜連西3-17-61","34.612263","135.544829"
"市営西喜連第５住宅２号館","大阪府大阪市平野区喜連西3-18","34.611028","135.544953"
"市営西喜連第３住宅６号館","大阪府大阪市平野区喜連西3-2","34.611342","135.541366"
"市営西喜連第３住宅５号館","大阪府大阪市平野区喜連西3-2","34.611095","135.541345"
"市営西喜連第３住宅３号館","大阪府大阪市平野区喜連西3-3","34.612327","135.542535"
"市営西喜連第３住宅４号館","大阪府大阪市平野区喜連西3-3","34.612009","135.542519"
"市営西喜連第５住宅４号館","大阪府大阪市平野区喜連西3-8","34.6112","135.542893"
"市営西喜連第５住宅１号館","大阪府大阪市平野区喜連西4-2","34.60994","135.54283"
"市営西喜連第５住宅５号館","大阪府大阪市平野区喜連西4-2-5","34.61019","135.542164"
"市営西喜連第５住宅７号館","大阪府大阪市平野区喜連西4-4-7","34.61023","135.544209"
"市営西喜連第５住宅６号館","大阪府大阪市平野区喜連西4-5-6","34.610281","135.544643"
"喜連北第２公園","大阪府大阪市平野区喜連西5-1","34.615408","135.547346"
"喜連中学校","大阪府大阪市平野区喜連西6-2-11","34.611395","135.548087"
"喜連中学校（運動場）","大阪府大阪市平野区喜連西6-2-11","34.611276","135.547462"
"ライフ喜連瓜破店","大阪府大阪市平野区喜連西6-2-34","34.609701","135.548503"
"喜連八坂公園","大阪府大阪市平野区喜連東2-1","34.613305","135.559305"
"喜連東小学校（運動場）","大阪府大阪市平野区喜連東2-2-17","34.613318","135.561429"
"喜連東小学校","大阪府大阪市平野区喜連東2-2-17","34.61348","135.561942"
"市営東喜連第４住宅６号館","大阪府大阪市平野区喜連東3-10","34.609573","135.562776"
"市営東喜連第４住宅８号館","大阪府大阪市平野区喜連東3-5","34.609708","135.560892"
"喜連東公園","大阪府大阪市平野区喜連東3-6","34.610483","135.560239"
"市営東喜連第４住宅９号館","大阪府大阪市平野区喜連東3-6","34.610128","135.561064"
"市営東喜連第２住宅１号館","大阪府大阪市平野区喜連東3-6-1","34.611328","135.560775"
"市営東喜連第４住宅７号館","大阪府大阪市平野区喜連東3-9","34.60962","135.561907"
"市営東喜連住宅１号館","大阪府大阪市平野区喜連東4-5","34.612686","135.564241"
"市営東喜連第５住宅１号館","大阪府大阪市平野区喜連東4-8","34.612077","135.564218"
"市営東喜連第５住宅２号館","大阪府大阪市平野区喜連東5-1","34.611114","135.564379"
"市営東喜連第４住宅４号館","大阪府大阪市平野区喜連東5-13","34.610421","135.565034"
"なかよし広場","大阪府大阪市平野区喜連東5-2","34.610363","135.563875"
"市営東喜連第４住宅２号館","大阪府大阪市平野区喜連東5-2","34.610103","135.562899"
"市営東喜連第４住宅３号館","大阪府大阪市平野区喜連東5-3","34.609997","135.563978"
"市営東喜連第４住宅５号館","大阪府大阪市平野区喜連東5-4","34.609472","135.563924"
"西脇公園","大阪府大阪市平野区西脇2-2","34.628009","135.545306"
"市営長吉第２住宅１号館","大阪府大阪市平野区長吉出戸1-1-1","34.616417","135.562364"
"市営長吉第２住宅２号館","大阪府大阪市平野区長吉出戸1-1-2","34.61613","135.562803"
"市営長吉第２住宅３号館","大阪府大阪市平野区長吉出戸1-1-3","34.616086","135.563399"
"長吉出戸公園","大阪府大阪市平野区長吉出戸1-11","34.613972","135.56533"
"市営長吉出戸西住宅２３号館","大阪府大阪市平野区長吉出戸2-25","34.612365","135.568526"
"市営長吉出戸西住宅２４号館","大阪府大阪市平野区長吉出戸2-6","34.612348","135.567458"
"長吉出戸小学校","大阪府大阪市平野区長吉出戸3-1-43","34.612741","135.570407"
"長吉出戸小学校（運動場）","大阪府大阪市平野区長吉出戸3-1-43","34.613174","135.570637"
"出戸池公園","大阪府大阪市平野区長吉出戸5-3","34.60948","135.57083"
"長吉公園","大阪府大阪市平野区長吉出戸5-4","34.610077","135.57081"
"市営長吉出戸第２住宅１号館","大阪府大阪市平野区長吉出戸7-3","34.612983","135.575495"
"市営長吉出戸第２住宅２号館","大阪府大阪市平野区長吉出戸7-3","34.613039","135.576191"
"出戸やすらぎ公園","大阪府大阪市平野区長吉出戸7-7","34.610571","135.575012"
"市営長吉出戸南第１住宅１号館","大阪府大阪市平野区長吉出戸8-10","34.608315","135.575825"
"市営長吉出戸南第１住宅４号館","大阪府大阪市平野区長吉出戸8-11","34.606942","135.577086"
"出戸南公園","大阪府大阪市平野区長吉出戸8-14","34.607436","135.576628"
"市営長吉出戸南第１住宅２号館","大阪府大阪市平野区長吉出戸8-3-2","34.608567","135.574972"
"市営長吉出戸南第１住宅３号館","大阪府大阪市平野区長吉出戸8-3-3","34.608157","135.57442"
"市営長吉出戸南第１住宅７号館","大阪府大阪市平野区長吉出戸8-7","34.607407","135.575686"
"市営長吉出戸南第１住宅６号館","大阪府大阪市平野区長吉出戸8-7","34.607173","135.575391"
"市営長吉出戸南第１住宅５号館","大阪府大阪市平野区長吉出戸8-7","34.606965","135.576128"
"長吉東小学校","大阪府大阪市平野区長吉出戸8-8-41","34.608444","135.576708"
"長吉東小学校（運動場）","大阪府大阪市平野区長吉出戸8-8-41","34.608079","135.576811"
"川辺小学校","大阪府大阪市平野区長吉川辺1-4-9","34.596851","135.569427"
"川辺小学校（運動場）","大阪府大阪市平野区長吉川辺1-4-9","34.596299","135.569375"
"川辺中公園","大阪府大阪市平野区長吉川辺2-1","34.597453","135.572617"
"長吉東部南公園","大阪府大阪市平野区長吉川辺3-11","34.596105","135.578062"
"川辺東公園","大阪府大阪市平野区長吉川辺3-2","34.598924","135.576213"
"市営長吉川辺住宅１号館","大阪府大阪市平野区長吉川辺3-21","34.594085","135.579406"
"平野特別支援学校（運動場）","大阪府大阪市平野区長吉川辺3-4-115","34.598592","135.578059"
"川辺南公園","大阪府大阪市平野区長吉川辺4-1","34.593932","135.569714"
"川辺北公園","大阪府大阪市平野区長吉川辺２－北1","34.598741","135.570421"
"長吉瓜破３号公園","大阪府大阪市平野区長吉長原1-3","34.606649","135.569476"
"なみはや公園","大阪府大阪市平野区長吉長原2-14","34.604033","135.571922"
"市営長吉住宅１号館","大阪府大阪市平野区長吉長原2-14","34.605301","135.571929"
"長吉小学校（運動場）","大阪府大阪市平野区長吉長原2-6-55","34.605608","135.569515"
"長吉小学校","大阪府大阪市平野区長吉長原2-6-55","34.605876","135.569321"
"市営長吉長原住宅１号館","大阪府大阪市平野区長吉長原4-3","34.599974","135.568376"
"市営長吉長原住宅２号館","大阪府大阪市平野区長吉長原4-3","34.599709","135.568768"
"長原公園","大阪府大阪市平野区長吉長原4-9","34.601083","135.571134"
"長原西公園","大阪府大阪市平野区長吉長原西2-4","34.60523","135.566191"
"市営長吉長原西住宅６号館","大阪府大阪市平野区長吉長原西3-10","34.599268","135.56765"
"長吉高等学校（運動場）","大阪府大阪市平野区長吉長原西3-11-33","34.598209","135.565979"
"市営長吉長原西第２住宅１号館","大阪府大阪市平野区長吉長原西3-6","34.601186","135.566196"
"市営長吉長原西第２住宅２号館","大阪府大阪市平野区長吉長原西3-6-2","34.601659","135.565799"
"長吉西中学校（運動場）","大阪府大阪市平野区長吉長原西3-8-21","34.600498","135.565474"
"長吉西中学校","大阪府大阪市平野区長吉長原西3-8-21","34.600671","135.566282"
"長吉西中学前公園","大阪府大阪市平野区長吉長原西3-9","34.600724","135.567134"
"市営長吉長原西住宅１号館","大阪府大阪市平野区長吉長原西3-9","34.600379","135.567596"
"市営長吉長原東住宅８号館","大阪府大阪市平野区長吉長原東1-11","34.604022","135.577066"
"市営長吉長原東住宅９号館","大阪府大阪市平野区長吉長原東1-5","34.603925","135.57617"
"長吉中学校（運動場）","大阪府大阪市平野区長吉長原東1-6-15","34.604807","135.57602"
"長吉中学校","大阪府大阪市平野区長吉長原東1-6-15","34.605357","135.575803"
"市営長吉長原東住宅５号館","大阪府大阪市平野区長吉長原東1-8","34.606031","135.577141"
"市営長吉長原東住宅６号館","大阪府大阪市平野区長吉長原東1-9","34.605404","135.577082"
"市営長吉長原東住宅７号館","大阪府大阪市平野区長吉長原東1-9","34.604759","135.577045"
"市営長吉長原東住宅４号館","大阪府大阪市平野区長吉長原東2-1","34.603266","135.574726"
"市営長吉長原東住宅３号館","大阪府大阪市平野区長吉長原東2-1","34.603108","135.574281"
"市営長吉長原東住宅１０号館","大阪府大阪市平野区長吉長原東2-5","34.603421","135.575956"
"市営長吉長原東住宅１１号館","大阪府大阪市平野区長吉長原東2-5","34.603382","135.576846"
"市営長吉長原東住宅１２号館","大阪府大阪市平野区長吉長原東2-6","34.602256","135.577645"
"市営長吉長原東住宅１３号館","大阪府大阪市平野区長吉長原東2-7","34.602565","135.579442"
"長吉東部中央公園","大阪府大阪市平野区長吉長原東2-9","34.602972","135.577716"
"長原小学校","大阪府大阪市平野区長吉長原東3-10-9","34.599582","135.577324"
"長原小学校（運動場）","大阪府大阪市平野区長吉長原東3-10-9","34.599231","135.577637"
"市営長吉長原東第４住宅３８号館","大阪府大阪市平野区長吉長原東3-3","34.599218","135.576669"
"市営長吉長原東第４住宅３７号館","大阪府大阪市平野区長吉長原東3-4","34.600238","135.576695"
"市営長吉六反第１住宅１号館","大阪府大阪市平野区長吉六反1-11","34.609005","135.579491"
"市営長吉六反第１住宅２号館","大阪府大阪市平野区長吉六反1-11","34.608824","135.58059"
"市営長吉六反第１住宅３号館","大阪府大阪市平野区長吉六反1-11","34.609111","135.580215"
"六反赤坂公園","大阪府大阪市平野区長吉六反1-14","34.60819","135.581818"
"六反さくら公園","大阪府大阪市平野区長吉六反1-5","34.609887","135.580627"
"市営長吉長原東住宅１６号館","大阪府大阪市平野区長吉六反3-11","34.602588","135.580436"
"六反南公園","大阪府大阪市平野区長吉六反3-17","34.605365","135.581433"
"長吉南小学校（運動場）","大阪府大阪市平野区長吉六反3-2-17","34.604542","135.578298"
"長吉南小学校","大阪府大阪市平野区長吉六反3-2-17","34.604645","135.578732"
"六反西公園","大阪府大阪市平野区長吉六反3-4","34.604778","135.579095"
"市営長吉長原東住宅１５号館","大阪府大阪市平野区長吉六反3-8","34.603136","135.581277"
"市営長吉長原東住宅１４号館","大阪府大阪市平野区長吉六反3-8","34.603159","135.580432"
"市営長吉六反北３号館","大阪府大阪市平野区長吉六反4-5-3","34.608257","135.584115"
"六反東公園","大阪府大阪市平野区長吉六反4-7","34.60683","135.585061"
"市営長吉六反北住宅１号館","大阪府大阪市平野区長吉六反4-8-1","34.608757","135.58491"
"市営長吉六反北住宅２号館","大阪府大阪市平野区長吉六反4-8-2","34.608176","135.585342"
"長吉六反中学校（運動場）","大阪府大阪市平野区長吉六反4-9-61","34.608658","135.586548"
"長吉六反中学校","大阪府大阪市平野区長吉六反4-9-61","34.608804","135.585768"
"長吉六反小学校","大阪府大阪市平野区長吉六反5-3-41","34.606485","135.586086"
"もと長吉六反小学校（運動場）","大阪府大阪市平野区長吉六反5-3-41","34.606358","135.586484"
"平野中学校（運動場）","大阪府大阪市平野区背戸口1-16-26","34.623272","135.542939"
"平野中学校","大阪府大阪市平野区背戸口1-16-26","34.623639","135.542272"
"新平野西小学校","大阪府大阪市平野区背戸口1-5-22","34.62436","135.541978"
"新平野西小学校（運動場）","大阪府大阪市平野区背戸口1-5-22","34.624387","135.541074"
"平野西小学校（運動場）","大阪府大阪市平野区背戸口4-1-31","34.62499","135.547253"
"平野西小学校","大阪府大阪市平野区背戸口4-1-31","34.624904","135.547734"
"背戸口公園","大阪府大阪市平野区背戸口5-2","34.622784","135.547487"
"元六公園","大阪府大阪市平野区平野宮町1-3","34.628335","135.551729"
"杭全公園","大阪府大阪市平野区平野宮町1-7","34.627316","135.555353"
"平野北中学校","大阪府大阪市平野区平野宮町1-8-55","34.628044","135.553315"
"平野北中学校（運動場）","大阪府大阪市平野区平野宮町1-8-55","34.628446","135.553408"
"平野小学校","大阪府大阪市平野区平野宮町1-9-29","34.627127","135.554558"
"平野小学校（運動場）","大阪府大阪市平野区平野宮町1-9-29","34.627128","135.553841"
"坂上公園","大阪府大阪市平野区平野市町1-8","34.628083","135.557367"
"京町公園","大阪府大阪市平野区平野市町3-10","34.625752","135.558392"
"東住吉高等学校（運動場）","大阪府大阪市平野区平野西2-3-77","34.617727","135.542719"
"摂陽中学校","大阪府大阪市平野区平野西3-4-7","34.620212","135.545753"
"摂陽中学校（運動場）","大阪府大阪市平野区平野西3-4-7","34.620477","135.545948"
"平野西公園","大阪府大阪市平野区平野西3-5","34.619241","135.546308"
"平野公園","大阪府大阪市平野区平野東2-11","34.622686","135.559661"
"平野野堂公園","大阪府大阪市平野区平野南1-2","34.620381","135.558025"
"平野南小学校","大阪府大阪市平野区平野南2-3-8","34.617994","135.55863"
"平野南小学校（運動場）","大阪府大阪市平野区平野南2-3-8","34.617892","135.558162"
"市営平野東住宅１号館","大阪府大阪市平野区平野南3-10","34.619493","135.560498"
"市営平野東住宅５号館","大阪府大阪市平野区平野南3-11","34.618707","135.560755"
"市営平野東住宅４号館","大阪府大阪市平野区平野南3-11","34.6188","135.561554"
"平野南公園","大阪府大阪市平野区平野南3-11","34.618276","135.560521"
"市営平野東住宅３号館","大阪府大阪市平野区平野南3-9","34.619471","135.561318"
"平野北公園","大阪府大阪市平野区平野北1-1","34.633585","135.550944"
"大阪教育大学附属平野中学校・高等学校平野校舎（運動場）","大阪府大阪市平野区流町2-1-24","34.617284","135.54987"
"国分寺公園","大阪府大阪市北区国分寺1-5","34.710256","135.514837"
"黒崎町公園","大阪府大阪市北区黒崎町5","34.707243","135.508815"
"大阪府立桜和高等学校（運動場）","大阪府大阪市北区松ケ枝町1-38","34.698654","135.517975"
"天満中学校（運動場）","大阪府大阪市北区神山町12-9","34.703678","135.506983"
"天満中学校","大阪府大阪市北区神山町12-9","34.703193","135.506917"
"菅北公園","大阪府大阪市北区菅栄町4","34.708794","135.514553"
"菅北小学校","大阪府大阪市北区菅栄町9-5","34.708821","135.513579"
"菅北小学校（運動場）","大阪府大阪市北区菅栄町9-5","34.708671","135.513859"
"菅南幼稚園（運動場）","大阪府大阪市北区菅原町11-2","34.693835","135.510123"
"西天満小学校","大阪府大阪市北区西天満3-12-21","34.696553","135.507062"
"西天満小学校（運動場）","大阪府大阪市北区西天満3-12-21","34.696416","135.506758"
"西天満どんぐり公園","大阪府大阪市北区西天満3-7","34.695917","135.507926"
"西天満公園","大阪府大阪市北区西天満5-7","34.698556","135.508039"
"扇町公園","大阪府大阪市北区扇町1-1","34.703869","135.508979"
"市営扇町住宅１号館","大阪府大阪市北区扇町2-3","34.705357","135.508087"
"扇町小学校（運動場）","大阪府大阪市北区扇町2-7-24","34.704371","135.506896"
"扇町小学校","大阪府大阪市北区扇町2-7-24","34.704678","135.506473"
"梅田ガーデン（２階外部廊下）","大阪府大阪市北区曽根崎2-15-1","34.701239","135.501432"
"平成医療学園専門学校　なにわ歯科衛生専門学校","大阪府大阪市北区大深町2-179","34.70887","135.494789"
"大淀中公園","大阪府大阪市北区大淀中1-9","34.705008","135.488687"
"大淀中学校（運動場）","大阪府大阪市北区大淀中2-1-11","34.704005","135.486866"
"大淀中学校","大阪府大阪市北区大淀中2-1-11","34.703761","135.48651"
"大淀小学校","大阪府大阪市北区大淀中4-10-33","34.703992","135.482403"
"大淀小学校（運動場）","大阪府大阪市北区大淀中4-10-33","34.703639","135.482346"
"セレッソフットサルパ－ク","大阪府大阪市北区大淀中5-12-39","34.704838","135.480637"
"大淀中５公園","大阪府大阪市北区大淀中5-8","34.70286","135.481162"
"ＪＴ大阪ビル","大阪府大阪市北区大淀南1-5-10","34.703228","135.489526"
"大淀南公園","大阪府大阪市北区大淀南1-8","34.703481","135.487933"
"特別養護老人ホーム　淳風おおさか","大阪府大阪市北区大淀南2-5-20","34.700799","135.485359"
"（宗）本門佛立宗清風寺","大阪府大阪市北区大淀南2-5-5","34.700706","135.485096"
"浦江公園","大阪府大阪市北区大淀南3-3","34.701386","135.482654"
"大淀北公園","大阪府大阪市北区大淀北1-4","34.707952","135.486645"
"市営大淀北住宅１号館","大阪府大阪市北区大淀北1-5-19","34.708495","135.485512"
"株式会社ヒラカワ本社ビル","大阪府大阪市北区大淀北1-9-5","34.707227","135.483013"
"大淀西公園","大阪府大阪市北区大淀北2-1","34.70476","135.47856"
"ヴェルデミキ","大阪府大阪市北区中崎西2-3-28","34.706427","135.503012"
"シティハイツサルキ","大阪府大阪市北区中崎西2-3-36","34.706248","135.503283"
"中津東公園","大阪府大阪市北区中津2-1","34.713687","135.498023"
"中津公園","大阪府大阪市北区中津2-8","34.714911","135.49636"
"中津小学校（運動場）","大阪府大阪市北区中津3-34-18","34.713318","135.494314"
"中津小学校","大阪府大阪市北区中津3-34-18","34.713548","135.494007"
"中津中央公園","大阪府大阪市北区中津3-4","34.710149","135.493384"
"大阪市立北スポーツセンター","大阪府大阪市北区中津3-4-27","34.710332","135.49265"
"中津南公園","大阪府大阪市北区中津5-3","34.706122","135.491417"
"平成医療学園専門学校　中津第１校舎","大阪府大阪市北区中津6-10-15","34.709833","135.49084"
"市営中津第３住宅１号館","大阪府大阪市北区中津6-2-24","34.709107","135.491627"
"大阪ＹＭＣＡインターナショナルスクール（運動場）","大阪府大阪市北区中津6-7-34","34.70831","135.488789"
"大阪ＹＭＣＡインターナショナルスクール　（西側校舎、東側校舎、体育館）","大阪府大阪市北区中津6-7-34","34.708547","135.489233"
"宝塚医療大学大阪中津キャンパス","大阪府大阪市北区中津6-9-38","34.709993","135.490128"
"阪急観光バス株式会社　（立体駐車場２階部分）","大阪府大阪市北区中津7-7-19","34.709992","135.486999"
"大阪市立科学館（南側広場）","大阪府大阪市北区中之島4-2-1","34.691196","135.491999"
"国立国際美術館","大阪府大阪市北区中之島4-2-55","34.691794","135.491963"
"大阪府立国際会議場（グランキューブ大阪）","大阪府大阪市北区中之島5-3-51","34.689353","135.486283"
"大阪市立中之島小中一貫校 （運動場）","大阪府大阪市北区中之島6-1-53","34.688248","135.486771"
"長柄西公園","大阪府大阪市北区長柄西1-7","34.714676","135.514183"
"豊仁小学校","大阪府大阪市北区長柄西2-6-20","34.717056","135.513403"
"豊仁小学校（運動場）","大阪府大阪市北区長柄西2-6-20","34.716774","135.513641"
"長柄公園","大阪府大阪市北区長柄西2-7","34.717419","135.513742"
"市営長柄中住宅２号館","大阪府大阪市北区長柄中1-1","34.710736","135.515137"
"市営長柄中住宅１号館","大阪府大阪市北区長柄中1-2","34.710761","135.514135"
"豊崎東小学校","大阪府大阪市北区長柄中2-3-30","34.713241","135.515941"
"豊崎東小学校（運動場）","大阪府大阪市北区長柄中2-3-30","34.713316","135.51567"
"鶴満寺公園","大阪府大阪市北区長柄東1-3","34.711329","135.516388"
"長柄東公園","大阪府大阪市北区長柄東1-6","34.71209","135.519076"
"さざなみプラザ","大阪府大阪市北区長柄東2-1-22","34.713549","135.519761"
"新豊崎中学校（運動場）","大阪府大阪市北区長柄東2-2-30","34.713125","135.517907"
"新豊崎中学校","大阪府大阪市北区長柄東2-2-30","34.713345","135.517256"
"市営長柄東住宅１号館","大阪府大阪市北区長柄東2-4-1","34.71501","135.519308"
"市営長柄東住宅３号館","大阪府大阪市北区長柄東2-5","34.714079","135.517489"
"市営長柄東住宅２号館","大阪府大阪市北区長柄東2-5","34.714458","135.517456"
"市営長柄東住宅４号館","大阪府大阪市北区長柄東2-6","34.713938","135.516668"
"市営長柄東住宅５号館","大阪府大阪市北区長柄東2-6","34.714339","135.51663"
"市営長柄東住宅６号館","大阪府大阪市北区長柄東2-6","34.714229","135.516974"
"市営長柄東第２住宅１号館","大阪府大阪市北区長柄東2-7","34.715337","135.516216"
"毛馬桜之宮公園（毛馬公園）","大阪府大阪市北区長柄東2-9","34.713205","135.520695"
"南天満公園","大阪府大阪市北区天神橋1-3","34.691794","135.515712"
"堀川児童遊園","大阪府大阪市北区天神橋3-4","34.700459","135.512105"
"大阪市立住まい情報センター等　建物","大阪府大阪市北区天神橋6-4-20","34.710367","135.511622"
"滝川小学校（運動場）","大阪府大阪市北区天満1-24-15","34.696032","135.519128"
"滝川小学校","大阪府大阪市北区天満1-24-15","34.696101","135.518589"
"Ｍ’Ｓ　ＴＥＭＭＡ","大阪府大阪市北区天満3-1-8","34.692522","135.515399"
"滝川公園","大阪府大阪市北区天満4-7","34.694126","135.514617"
"北稜中学校（運動場）","大阪府大阪市北区天満橋1-1-58","34.698225","135.520458"
"北稜中学校","大阪府大阪市北区天満橋1-1-58","34.698419","135.520864"
"東天満公園","大阪府大阪市北区天満橋1-7","34.700864","135.518598"
"１２３＋Ｎ大阪本店","大阪府大阪市北区兎我野町16-11","34.700655","135.502383"
"兎我野町　聚楽マンション","大阪府大阪市北区兎我野町9-2","34.700283","135.50369"
"堀川小学校（運動場）","大阪府大阪市北区東天満2-10-7","34.697888","135.51325"
"堀川小学校","大阪府大阪市北区東天満2-10-7","34.697651","135.512895"
"ボートピア梅田（北大阪堂山ビル）","大阪府大阪市北区堂山町18-8","34.704726","135.50195"
"西梅田公園","大阪府大阪市北区梅田2-6","34.697379","135.490806"
"毎日新聞大阪本社ビル・毎日インテシオ","大阪府大阪市北区梅田3-4-5","34.698498","135.490248"
"ＴＯＹＯＴＯＭｉ　ＳＴＡＹ　Ｐｒｅｍｉｕｍ　梅田Ⅱ","大阪府大阪市北区浮田1-5-13","34.708621","135.50795"
"浮田西児童遊園","大阪府大阪市北区浮田2-2","34.709437","135.508041"
"浮田公園","大阪府大阪市北区浮田2-5","34.70966","135.507584"
"コープ・ジャペン","大阪府大阪市北区豊崎2-8-11","34.71098","135.500618"
"豊崎南公園","大阪府大阪市北区豊崎3-7","34.71046","135.499327"
"豊崎小学校（運動場）","大阪府大阪市北区豊崎4-5-9","34.712327","135.500639"
"豊崎小学校","大阪府大阪市北区豊崎4-5-9","34.7126","135.500556"
"豊崎東公園","大阪府大阪市北区豊崎4-7","34.712568","135.501735"
"豊崎西公園","大阪府大阪市北区豊崎5-5","34.711505","135.498795"
"豊崎北公園","大阪府大阪市北区豊崎6-13","34.716466","135.502165"
"豊崎中公園","大阪府大阪市北区豊崎7-1","34.713904","135.499626"
"本庄南公園","大阪府大阪市北区本庄西1-4","34.711837","135.506544"
"豊崎本庄小学校","大阪府大阪市北区本庄西2-1-16","34.712766","135.50593"
"豊崎本庄小学校（運動場）","大阪府大阪市北区本庄西2-1-16","34.712484","135.506039"
"本庄公園","大阪府大阪市北区本庄西3-11","34.715684","135.504304"
"ベルコ大阪法宴会館","大阪府大阪市北区本庄東1-1-50","34.711411","135.510331"
"ライフ本庄店","大阪府大阪市北区本庄東2-3-35","34.714494","135.507959"
"本庄川崎公園","大阪府大阪市北区本庄東2-6","34.713326","135.508253"
"本庄小公園","大阪府大阪市北区本庄東3-4","34.716663","135.509116"
"豊崎中学校（運動場）","大阪府大阪市北区本庄東3-4-8","34.716039","135.509406"
"豊崎中学校","大阪府大阪市北区本庄東3-4-8","34.715628","135.509104"
"市営大淀住宅１号館","大阪府大阪市北区本庄東3-6-6","34.717089","135.509134"
"ローレルタワー梅田","大阪府大阪市北区万歳町5-12","34.706022","135.504818"
"野崎公園","大阪府大阪市北区野崎町2","34.7013","135.507073"
"与力町公園","大阪府大阪市北区与力町5","34.701014","135.514325"
"第１０新興ビル","大阪府大阪市北区浪花町1-23","34.706194","135.510592"
"市営加島南第２住宅１号館","大阪府大阪市淀川区加島1-2-1","34.723082","135.461388"
"市営加島南第２住宅２号館","大阪府大阪市淀川区加島1-2-2","34.722931","135.462594"
"市営加島南第２住宅３号館","大阪府大阪市淀川区加島1-2-3","34.722424","135.462578"
"市営加島南第３住宅１号館","大阪府大阪市淀川区加島1-20-1","34.723396","135.460397"
"市営加島南第３住宅２号館","大阪府大阪市淀川区加島1-20-2","34.723789","135.45978"
"市営加島南第４住宅１号館","大阪府大阪市淀川区加島1-30-1","34.724476","135.460316"
"加島南公園","大阪府大阪市淀川区加島1-31","34.724735","135.459331"
"市営加島中住宅３号館","大阪府大阪市淀川区加島1-31-3","34.72511","135.459963"
"市営加島住宅１４号館","大阪府大阪市淀川区加島1-38-14","34.726364","135.45878"
"新加島公園","大阪府大阪市淀川区加島1-41","34.726683","135.459297"
"市営加島住宅１０号館","大阪府大阪市淀川区加島1-43","34.726293","135.459531"
"市営加島住宅１３号館","大阪府大阪市淀川区加島1-45-13","34.72595","135.459596"
"市営加島住宅１２号館","大阪府大阪市淀川区加島1-46-12","34.725839","135.460293"
"市営加島住宅１１号館","大阪府大阪市淀川区加島1-47-11","34.726298","135.460341"
"市営加島住宅８号館","大阪府大阪市淀川区加島1-48-8","34.726609","135.459736"
"加島中住宅前公園","大阪府大阪市淀川区加島1-51","34.726093","135.460973"
"東淀工業高等学校","大阪府大阪市淀川区加島1-52-81","34.725388","135.462263"
"東淀工業高等学校（運動場）","大阪府大阪市淀川区加島1-52-81","34.726372","135.462442"
"市営加島東住宅１号館","大阪府大阪市淀川区加島1-53-1","34.728049","135.463712"
"美津島中学校（運動場）","大阪府大阪市淀川区加島1-54-41","34.727683","135.462526"
"美津島中学校","大阪府大阪市淀川区加島1-54-41","34.72786","135.463348"
"㈱三笑堂　新大阪支店","大阪府大阪市淀川区加島1-56-12","34.727518","135.46094"
"加島中央公園","大阪府大阪市淀川区加島1-58","34.728673","135.459906"
"加島小学校（運動場）","大阪府大阪市淀川区加島1-60-28","34.728426","135.458236"
"加島小学校","大阪府大阪市淀川区加島1-60-28","34.728707","135.457912"
"加島今之町公園","大阪府大阪市淀川区加島2-7","34.730727","135.458479"
"ペルル加島","大阪府大阪市淀川区加島3-11-53","34.728707","135.452302"
"ソルティエ加島","大阪府大阪市淀川区加島3-2-3","34.727353","135.455513"
"日本電測㈱","大阪府大阪市淀川区加島3-3-13","34.727665","135.455977"
"加島中公園","大阪府大阪市淀川区加島3-9","34.730109","135.45492"
"ハイム山本","大阪府大阪市淀川区加島3-9-26","34.729687","135.454784"
"加島西公園","大阪府大阪市淀川区加島4-16","34.731987","135.452454"
"市営神崎橋住宅１号館","大阪府大阪市淀川区加島4-19-1","34.731952","135.450724"
"西松建設㈱　なにわ独身寮","大阪府大阪市淀川区加島4-19-47","34.732509","135.450442"
"日本化学機械製造㈱　本社","大阪府大阪市淀川区加島4-6-23","34.733166","135.456626"
"加島北公園","大阪府大阪市淀川区加島4-7","34.731899","135.455713"
"加島駅前公園","大阪府大阪市淀川区加島３－中4","34.729749","135.45314"
"東淀川高等学校","大阪府大阪市淀川区宮原4-4-5","34.735821","135.49749"
"東淀川高等学校（運動場）","大阪府大阪市淀川区宮原4-4-5","34.736671","135.496708"
"北中島小学校（運動場）","大阪府大阪市淀川区宮原5-3-4","34.739123","135.496368"
"北中島小学校","大阪府大阪市淀川区宮原5-3-4","34.739479","135.496259"
"北中島公園","大阪府大阪市淀川区宮原5-7","34.737811","135.494683"
"市営木川第５住宅１号館","大阪府大阪市淀川区三国本国1-8","34.731083","135.488919"
"グラン・コート三国　パークアヴェニュー","大阪府大阪市淀川区三国本町1-11-23","34.730191","135.485874"
"三国本町公園","大阪府大阪市淀川区三国本町1-12","34.731558","135.48677"
"宮原小学校（運動場）","大阪府大阪市淀川区三国本町1-16-44","34.732556","135.486041"
"宮原小学校","大阪府大阪市淀川区三国本町1-16-44","34.732982","135.485996"
"淀川区在宅サービスセンター","大阪府大阪市淀川区三国本町2-14-3","34.735343","135.485971"
"日商岩井三国本町マンション","大阪府大阪市淀川区三国本町2-2-16","34.734182","135.488004"
"三国中公園","大阪府大阪市淀川区三国本町2-3","34.735296","135.488331"
"三国西公園","大阪府大阪市淀川区三国本町3-30","34.73719","135.484325"
"大阪文化服装学院　新館、東館","大阪府大阪市淀川区三国本町3-35-8","34.736153","135.484337"
"ライトハイツ","大阪府大阪市淀川区三国本町3-8-5","34.736918","135.488637"
"三国小学校","大阪府大阪市淀川区三国本町3-9-18","34.73846","135.488224"
"三国小学校（運動場）","大阪府大阪市淀川区三国本町3-9-18","34.738003","135.487979"
"三津屋小学校","大阪府大阪市淀川区三津屋中1-4-14","34.728057","135.472686"
"三津屋小学校（運動場）","大阪府大阪市淀川区三津屋中1-4-14","34.728376","135.472945"
"グランメールマツダ","大阪府大阪市淀川区三津屋中1-4-7","34.728226","135.473718"
"三津屋公園","大阪府大阪市淀川区三津屋南2-20","34.725897","135.469883"
"三津屋中央公園","大阪府大阪市淀川区三津屋南3-21","34.724137","135.463968"
"三津屋東公園","大阪府大阪市淀川区三津屋北1-2","34.730044","135.474205"
"テレーズ神崎川","大阪府大阪市淀川区三津屋北2-15-45","34.730173","135.469489"
"三津屋グリーンハイツ","大阪府大阪市淀川区三津屋北2-20-19","34.728458","135.4684"
"十三公園","大阪府大阪市淀川区十三元今里1-1","34.717032","135.477429"
"神津小学校（運動場）","大阪府大阪市淀川区十三元今里2-3-12","34.720563","135.476722"
"神津小学校","大阪府大阪市淀川区十三元今里2-3-12","34.720363","135.476447"
"田川東公園","大阪府大阪市淀川区十三元今里3-4","34.723053","135.475678"
"コンフォート片岡","大阪府大阪市淀川区十三東1-1-14","34.719811","135.488243"
"㈱ベルコ","大阪府大阪市淀川区十三東1-19-12","34.718167","135.484354"
"ネオハイツ新淀川","大阪府大阪市淀川区十三東1-20-18","34.717854","135.484611"
"十三東公園","大阪府大阪市淀川区十三東2-6","34.720391","135.48436"
"十三小学校（運動場）","大阪府大阪市淀川区十三東4-3-6","34.723717","135.485822"
"十三小学校","大阪府大阪市淀川区十三東4-3-6","34.723588","135.485461"
"十三中学校","大阪府大阪市淀川区十三東5-1-27","34.724835","135.484436"
"十三中学校（運動場）","大阪府大阪市淀川区十三東5-1-27","34.724947","135.48514"
"英真学園高等学校","大阪府大阪市淀川区十三東5-4-38","34.723566","135.483504"
"英真学園高等学校（運動場）","大阪府大阪市淀川区十三東5-4-38","34.723628","135.483892"
"東横ＩＮＮ阪急十三駅西口","大阪府大阪市淀川区十三本町1-13-4","34.71917","135.479452"
"武田薬品工業㈱　健康管理センター","大阪府大阪市淀川区十三本町2-17-85","34.724056","135.479358"
"十八条東公園","大阪府大阪市淀川区十八条1-8","34.746228","135.496424"
"十八条中央公園","大阪府大阪市淀川区十八条2-10","34.747901","135.4897"
"メゾンアンユイ","大阪府大阪市淀川区十八条2-4-20","34.746388","135.491802"
"十八条西公園","大阪府大阪市淀川区十八条3-1","34.744961","135.490289"
"三国の川辺の森　リバーガーデン","大阪府大阪市淀川区十八条3-14-15","34.746097","135.486716"
"ライオンズ三国","大阪府大阪市淀川区新高1-10-13","34.730965","135.481897"
"新高小学校（運動場）","大阪府大阪市淀川区新高1-15-53","34.732426","135.480209"
"新高小学校","大阪府大阪市淀川区新高1-15-53","34.732826","135.480105"
"新高東公園","大阪府大阪市淀川区新高3-8","34.73693","135.482175"
"新高中央公園","大阪府大阪市淀川区新高4-15","34.735085","135.478541"
"キングスクエア北大阪　パークフェリス","大阪府大阪市淀川区新高4-15-21","34.735416","135.480177"
"新高公園","大阪府大阪市淀川区新高4-6","34.734062","135.480057"
"塩野香料㈱大阪工場総合研究所","大阪府大阪市淀川区新高5-17-75","34.735023","135.478102"
"淀川公園","大阪府大阪市淀川区新北野1","34.712898","135.478639"
"星光十三ビル","大阪府大阪市淀川区新北野1-8-17","34.717913","135.481292"
"ホテルプラザオーサカ","大阪府大阪市淀川区新北野1-9-15","34.717031","135.480739"
"新北野中学校","大阪府大阪市淀川区新北野2-13-37","34.715608","135.475678"
"新北野中学校（運動場）","大阪府大阪市淀川区新北野2-13-37","34.715647","135.476227"
"北野高等学校（運動場）","大阪府大阪市淀川区新北野2-5-13","34.715196","135.478154"
"北野高等学校","大阪府大阪市淀川区新北野2-5-13","34.716182","135.478614"
"パークナード新北野","大阪府大阪市淀川区新北野2-6-23","34.714605","135.478919"
"新北野公園","大阪府大阪市淀川区新北野3-14","34.713028","135.473876"
"日本私立学校振興・共済事業団大阪会館","大阪府大阪市淀川区西宮原1-3-35","34.731745","135.490872"
"東京書籍㈱　大阪東書ビル","大阪府大阪市淀川区西宮原1-4-10","34.732249","135.49364"
"東洋医療専門学校","大阪府大阪市淀川区西宮原1-5-35","34.733049","135.493782"
"宮原公園","大阪府大阪市淀川区西宮原1-6","34.732139","135.490108"
"市営木川第３住宅１号棟","大阪府大阪市淀川区西宮原1-6-7","34.73257","135.491565"
"市営西宮原住宅１号館","大阪府大阪市淀川区西宮原1-7-1","34.733284","135.491118"
"新大阪第３ドイビル","大阪府大阪市淀川区西宮原1-8-24","34.733497","135.492533"
"ライフセントラルスクエア西宮原店","大阪府大阪市淀川区西宮原2-2-22","34.735489","135.493254"
"大学生協大阪会館","大阪府大阪市淀川区西宮原2-7-15","34.734166","135.490605"
"㈱カワダ　大阪支店","大阪府大阪市淀川区西宮原2-7-49","34.734669","135.491695"
"市営新三国住宅１号館","大阪府大阪市淀川区西宮原3-3-11","34.738342","135.492529"
"市営新三国住宅２号館","大阪府大阪市淀川区西宮原3-3-12","34.738249","135.491922"
"宮原中学校","大阪府大阪市淀川区西宮原3-3-2","34.737765","135.492647"
"宮原中学校（運動場）","大阪府大阪市淀川区西宮原3-3-2","34.737718","135.492176"
"西三国小学校（運動場）","大阪府大阪市淀川区西三国1-21-28","34.744319","135.49168"
"西三国小学校","大阪府大阪市淀川区西三国1-21-28","34.744665","135.491839"
"市営西三国住宅１号館","大阪府大阪市淀川区西三国1-7-13","34.741132","135.492011"
"三国中学校","大阪府大阪市淀川区西三国2-5-24","34.740791","135.487948"
"三国中学校（運動場）","大阪府大阪市淀川区西三国2-5-24","34.740078","135.487955"
"三国公園","大阪府大阪市淀川区西三国3-18","34.73967","135.48666"
"三国駅前公園","大阪府大阪市淀川区西三国4-10","34.739108","135.483267"
"Ｏｓａｋａ　Ｍｅｔｒｏ　西中島南方駅","大阪府大阪市淀川区西中島1-12-10","34.726452","135.498522"
"大阪リゾートアンド　スポーツ専門学校３号館","大阪府大阪市淀川区西中島1-4-18","34.724846","135.502038"
"ホテルクライトン新大阪","大阪府大阪市淀川区西中島2-13-32","34.725521","135.495935"
"新大阪第２ドイビル","大阪府大阪市淀川区西中島2-14-6","34.725139","135.496989"
"宝蔵寺　西中島別院","大阪府大阪市淀川区西中島2-6-15","34.723999","135.496402"
"市営西中島住宅１号館","大阪府大阪市淀川区西中島3-11-1","34.727202","135.50043"
"新大阪南方ビル","大阪府大阪市淀川区西中島3-14-27","34.726109","135.500939"
"大原簿記専門学校大阪校　本館","大阪府大阪市淀川区西中島3-15-22","34.725881","135.500871"
"大阪医療秘書福祉専門学校","大阪府大阪市淀川区西中島3-4-10","34.726211","135.502191"
"西中島東公園","大阪府大阪市淀川区西中島3-8","34.727684","135.501619"
"日清食品ホールディングス大阪　本社ビル","大阪府大阪市淀川区西中島4-1-1","34.725975","135.498"
"新大阪サニーストンホテル","大阪府大阪市淀川区西中島4-12-2","34.727171","135.495612"
"新大阪北田ビル","大阪府大阪市淀川区西中島4-13-12","34.727283","135.494462"
"新大阪シールビルディング","大阪府大阪市淀川区西中島4-6-17","34.726834","135.496389"
"アンシャンテ新大阪","大阪府大阪市淀川区西中島5-13-24","34.729634","135.499594"
"Ｏｓａｋａ　Ｍｅｔｒｏ　新大阪駅","大阪府大阪市淀川区西中島5-15-5","34.732514","135.498457"
"コンフォートホテル新大阪","大阪府大阪市淀川区西中島5-3-7","34.729986","135.501186"
"第８新大阪ビル","大阪府大阪市淀川区西中島5-7-11","34.729168","135.499968"
"新大阪花村ビル","大阪府大阪市淀川区西中島5-9-1","34.728386","135.500818"
"アストロ新大阪第２ビル","大阪府大阪市淀川区西中島6-1-3","34.728246","135.497753"
"第１０新大阪ビル","大阪府大阪市淀川区西中島6-11-25","34.729091","135.494912"
"第６新大阪ビル","大阪府大阪市淀川区西中島6-7-3","34.728088","135.496812"
"Ｒｎビル","大阪府大阪市淀川区西中島6-7-9","34.728017","135.496125"
"辰野新大阪ビル","大阪府大阪市淀川区西中島7-1-5","34.729848","135.497454"
"西中島小学校","大阪府大阪市淀川区西中島7-14-25","34.730085","135.494407"
"西中島小学校（運動場）","大阪府大阪市淀川区西中島7-14-25","34.729831","135.494559"
"西町公園","大阪府大阪市淀川区西中島7-15","34.730487","135.494369"
"新大阪ドイビル","大阪府大阪市淀川区西中島7-5-25","34.731065","135.497943"
"塚本南公園","大阪府大阪市淀川区塚本1-18","34.711657","135.471449"
"ラ・パルフェ・ド・パラツィーナ","大阪府大阪市淀川区塚本1-2-5","34.710964","135.473575"
"塚本小学校","大阪府大阪市淀川区塚本3-5-6","34.715637","135.472767"
"塚本小学校（運動場）","大阪府大阪市淀川区塚本3-5-6","34.715874","135.472326"
"塚本公園","大阪府大阪市淀川区塚本4-15","34.715715","135.468489"
"ジェイグランシティ塚本","大阪府大阪市淀川区塚本6-3-33","34.716224","135.466584"
"ダイヘン本社ビル","大阪府大阪市淀川区田川2-1-11","34.719669","135.474049"
"田川中公園","大阪府大阪市淀川区田川2-2","34.721299","135.473988"
"田川小学校","大阪府大阪市淀川区田川2-9-37","34.721365","135.470064"
"田川小学校（運動場）","大阪府大阪市淀川区田川2-9-37","34.721132","135.470275"
"田川公園","大阪府大阪市淀川区田川3-11","34.720143","135.463187"
"田川西公園","大阪府大阪市淀川区田川3-6","34.719398","135.46659"
"応用地質株式会社","大阪府大阪市淀川区田川北2-4-66","34.723483","135.471348"
"田川北公園","大阪府大阪市淀川区田川北2-5","34.722978","135.471747"
"Ｏｓａｋａ　Ｍｅｔｒｏ　東三国駅","大阪府大阪市淀川区東三国1-33-6","34.741145","135.498443"
"東三国東公園","大阪府大阪市淀川区東三国2-18","34.74246","135.500288"
"第２サンハイツ中村","大阪府大阪市淀川区東三国2-32-23","34.744214","135.498911"
"市営東三国住宅１号館","大阪府大阪市淀川区東三国3-1","34.745124","135.503175"
"市営東三国住宅２号館","大阪府大阪市淀川区東三国3-7-2","34.745508","135.501687"
"新東三国小学校（運動場）","大阪府大阪市淀川区東三国3-9-10","34.745569","135.500252"
"新東三国小学校","大阪府大阪市淀川区東三国3-9-10","34.745224","135.499998"
"市営東三国住宅３号館","大阪府大阪市淀川区東三国3-9-3","34.745636","135.500983"
"東三国西公園","大阪府大阪市淀川区東三国5-13","34.742195","135.493387"
"東三国小学校（運動場）","大阪府大阪市淀川区東三国6-3-24","34.744882","135.495591"
"東三国小学校","大阪府大阪市淀川区東三国6-3-24","34.744691","135.49516"
"東三国中学校（運動場）","大阪府大阪市淀川区東三国6-3-68","34.745087","135.496637"
"東三国中学校","大阪府大阪市淀川区東三国6-3-68","34.744429","135.49686"
"グランメール八洲","大阪府大阪市淀川区木川西1-3-23","34.722303","135.491325"
"シュロスＫＳＫ","大阪府大阪市淀川区木川西1-5-14","34.721852","135.489475"
"Ｇｒａｎｄ　Ｊｅｔｅ（グランジュテ）","大阪府大阪市淀川区木川西1-8-23","34.720981","135.490824"
"ジィーベント旭","大阪府大阪市淀川区木川西1-9-25","34.720471","135.489831"
"木川西公園","大阪府大阪市淀川区木川西2-17","34.724543","135.488837"
"三和ビル","大阪府大阪市淀川区木川西2-2-5","34.722704","135.489847"
"ハイツ中村","大阪府大阪市淀川区木川西2-20-6","34.724327","135.487922"
"木川公園","大阪府大阪市淀川区木川西3-7","34.726955","135.489247"
"新大阪ファミール西館","大阪府大阪市淀川区木川東1-10-23","34.722813","135.491898"
"メゾン　コウロ","大阪府大阪市淀川区木川東1-11-10","34.72277","135.491332"
"長島ビル","大阪府大阪市淀川区木川東1-11-15","34.722851","135.491479"
"木川南小学校（運動場）","大阪府大阪市淀川区木川東1-2-36","34.723047","135.494366"
"木川南小学校","大阪府大阪市淀川区木川東1-2-36","34.722816","135.494643"
"ヒシヒラリバーハイツ","大阪府大阪市淀川区木川東1-3-4","34.723918","135.494148"
"木川南公園","大阪府大阪市淀川区木川東1-4","34.723668","135.49327"
"エステムコート新大阪Ⅳ　パークフロント","大阪府大阪市淀川区木川東2-2-6","34.724049","135.493013"
"木川小学校（運動場）","大阪府大阪市淀川区木川東3-7-32","34.72619","135.492283"
"木川小学校","大阪府大阪市淀川区木川東3-7-32","34.726471","135.492668"
"木川北公園","大阪府大阪市淀川区木川東4-16","34.728332","135.490687"
"ライオンズマンション新大阪第６","大阪府大阪市淀川区木川東4-17-9","34.728485","135.489505"
"野中南公園","大阪府大阪市淀川区野中南2-1","34.725978","135.482901"
"淀川区民センター","大阪府大阪市淀川区野中南2-1-5","34.725337","135.48262"
"アービング野中南公園","大阪府大阪市淀川区野中南2-10-40","34.725786","135.480528"
"野中小学校（運動場）","大阪府大阪市淀川区野中北1-11-26","34.727714","135.480687"
"野中小学校","大阪府大阪市淀川区野中北1-11-26","34.728008","135.480825"
"㈱エイト日本技術開発","大阪府大阪市淀川区野中北1-12-39","34.728775","135.48156"
"デュクラス大阪","大阪府大阪市淀川区野中北1-5-34","34.730719","135.482426"
"野中北１公園","大阪府大阪市淀川区野中北1-6","34.729447","135.482441"
"㈱米谷","大阪府大阪市淀川区野中北2-1-22","34.72717","135.479311"
"野中北公園","大阪府大阪市淀川区野中北2-4","34.728389","135.478836"
"市営野中北住宅１号館","大阪府大阪市淀川区野中北2-4-1","34.728707","135.480223"
"株式会社フェイスグループ","大阪府大阪市淀川区野中北2-5-33","34.729304","135.47953"
"市営稲荷住宅１号館","大阪府大阪市浪速区稲荷1-5-20","34.664094","135.492239"
"関西金網株式会社","大阪府大阪市浪速区稲荷2-7-8","34.663692","135.490173"
"浪速公園一帯","大阪府大阪市浪速区塩草1-1","34.661927","135.49336"
"浪速公園","大阪府大阪市浪速区塩草1-1","34.662344","135.493539"
"市営塩草住宅１号館","大阪府大阪市浪速区塩草1-1-1","34.663002","135.491009"
"難波中学校（運動場）","大阪府大阪市浪速区塩草1-1-59","34.66215","135.490841"
"難波中学校","大阪府大阪市浪速区塩草1-1-59","34.662443","135.491604"
"塩草立葉小学校","大阪府大阪市浪速区塩草1-4-31","34.661263","135.490457"
"塩草立葉小学校（運動場）","大阪府大阪市浪速区塩草1-4-31","34.661038","135.490737"
"市営塩草第３住宅１号館","大阪府大阪市浪速区塩草2-1-25","34.660028","135.492854"
"塩草公園","大阪府大阪市浪速区塩草2-8","34.659149","135.492159"
"日本ハム西販売㈱","大阪府大阪市浪速区塩草2-8-3","34.659369","135.49263"
"ライフ塩草店","大阪府大阪市浪速区塩草3-1-1","34.662888","135.489902"
"逢下会館グラウンド","大阪府大阪市浪速区下寺3-17","34.654771","135.509247"
"愛染公園","大阪府大阪市浪速区下寺3-5","34.656671","135.509413"
"市営浪速第８住宅２号館","大阪府大阪市浪速区久保吉1-6","34.660791","135.485496"
"芦原公園","大阪府大阪市浪速区久保吉2-1","34.661449","135.483757"
"久保吉公園","大阪府大阪市浪速区久保吉2-2","34.660389","135.484557"
"恵美公園","大阪府大阪市浪速区恵美須西2-13","34.65309","135.501404"
"大阪市清掃連合協同組合","大阪府大阪市浪速区恵美須西2-14-27","34.654275","135.50196"
"東横ＩＮＮ大阪通天閣前","大阪府大阪市浪速区恵美須東2-3-4","34.651583","135.506505"
"マルハン新世界店","大阪府大阪市浪速区恵美須東3-4-36","34.649736","135.504594"
"代々木ゼミナール大阪南校","大阪府大阪市浪速区元町1-2-3","34.666499","135.497122"
"難波元町小学校（運動場）","大阪府大阪市浪速区元町1-5-30","34.664782","135.497197"
"難波元町小学校","大阪府大阪市浪速区元町1-5-30","34.664852","135.496831"
"元町中公園","大阪府大阪市浪速区元町1-6","34.664892","135.496191"
"東横イン大阪なんば","大阪府大阪市浪速区元町2-8-7","34.661468","135.497567"
"ニッシン・ナンバ・イン","大阪府大阪市浪速区元町3-10-18","34.65958","135.497061"
"㈱イワセ・エスタ","大阪府大阪市浪速区元町3-12-20","34.659746","135.494819"
"株式会社関西マツダ","大阪府大阪市浪速区桜川1-3-25","34.666948","135.493154"
"東洋テック㈱","大阪府大阪市浪速区桜川1-7-18","34.667655","135.492087"
"ベルコシティホール桜川","大阪府大阪市浪速区桜川2-2-28","34.667972","135.49046"
"稲荷町公園","大阪府大阪市浪速区桜川2-5","34.667209","135.489733"
"桜川公園","大阪府大阪市浪速区桜川4-13","34.665745","135.48356"
"株式会社５５１蓬莱","大阪府大阪市浪速区桜川4-2-5","34.667541","135.484596"
"ニッタビル","大阪府大阪市浪速区桜川4-4-26","34.667669","135.483118"
"戎公園","大阪府大阪市浪速区戎本町1-3","34.652955","135.49956"
"木津中学校（運動場）","大阪府大阪市浪速区戎本町1-3-46","34.653353","135.500258"
"木津中学校","大阪府大阪市浪速区戎本町1-3-46","34.653823","135.500031"
"㈱レクスト関西　本社ビル","大阪府大阪市浪速区戎本町1-7-23","34.654728","135.498651"
"㈱レクスト関西　総合会館","大阪府大阪市浪速区戎本町2-3-7","34.650835","135.499811"
"戎南公園","大阪府大阪市浪速区戎本町2-5","34.652138","135.500271"
"今宮高等学校","大阪府大阪市浪速区戎本町2-7-39","34.652202","135.499013"
"今宮高等学校（運動場）","大阪府大阪市浪速区戎本町2-7-39","34.652804","135.498646"
"大国小学校","大阪府大阪市浪速区大国1-9-3","34.653555","135.496988"
"大国小学校（運動場）","大阪府大阪市浪速区大国1-9-3","34.653281","135.496705"
"大国町南公園","大阪府大阪市浪速区大国2-14","34.652997","135.49504"
"市営大国南住宅１号館","大阪府大阪市浪速区大国2-18","34.652073","135.496168"
"大国町北公園","大阪府大阪市浪速区大国2-3","34.655391","135.49462"
"市営大国住宅２号館","大阪府大阪市浪速区大国3-3-23","34.656932","135.492873"
"市営大国住宅１号館","大阪府大阪市浪速区大国3-5-14","34.656254","135.492834"
"㈱ヤマダ電機ＬＡＢＩ１なんば駐車場","大阪府大阪市浪速区難波中2-11-35","34.659927","135.50215"
"日本郵便㈱浪速郵便局","大阪府大阪市浪速区難波中3-10-1","34.660776","135.50009"
"難波中公園","大阪府大阪市浪速区難波中3-11","34.660675","135.499334"
"（学）エール学園３号館","大阪府大阪市浪速区難波中3-13-1","34.660373","135.500171"
"日本橋公園","大阪府大阪市浪速区日本橋3-2","34.661551","135.507351"
"正電社・Ｓｈｏｄｅｎ　１ばん店","大阪府大阪市浪速区日本橋3-8-9","34.661517","135.505277"
"永和信用金庫","大阪府大阪市浪速区日本橋4-7-20","34.659148","135.50637"
"岡本無線電機㈱　本社ビル","大阪府大阪市浪速区日本橋4-8-4","34.659752","135.506373"
"市営日本橋住宅２号館","大阪府大阪市浪速区日本橋5-15","34.6568","135.504998"
"市営日本橋住宅５号館","大阪府大阪市浪速区日本橋5-16","34.65837","135.504444"
"市営日本橋住宅４号館","大阪府大阪市浪速区日本橋5-16","34.65777","135.504352"
"市営日東住宅３号館","大阪府大阪市浪速区日本橋5-2-18","34.657648","135.506736"
"市営日本橋住宅１号館","大阪府大阪市浪速区日本橋5-20","34.656491","135.504531"
"市営日本橋住宅３号館","大阪府大阪市浪速区日本橋5-20","34.657105","135.504531"
"ジョーシンＪ＆Ｐテクノランド","大阪府大阪市浪速区日本橋5-6-7","34.655779","135.505879"
"ジョーシン本社ビル","大阪府大阪市浪速区日本橋西1-6-5","34.659395","135.503713"
"日本橋中学校（運動場）","大阪府大阪市浪速区日本橋西1-7-6","34.657932","135.503587"
"日本橋小中一貫校","大阪府大阪市浪速区日本橋西1-7-6","34.658564","135.504004"
"市営日本橋西住宅１号館","大阪府大阪市浪速区日本橋西2-2","34.657257","135.502863"
"市営広田住宅１号館","大阪府大阪市浪速区日本橋西2-7-30","34.65611","135.503601"
"心和中学校（運動場）","大阪府大阪市浪速区日本橋東3-1-23","34.657795","135.508571"
"日東小学校","大阪府大阪市浪速区日本橋東3-1-23","34.658188","135.508521"
"日東公園","大阪府大阪市浪速区日本橋東3-2","34.658132","135.507508"
"市営日東住宅１号館","大阪府大阪市浪速区日本橋東3-3","34.657386","135.507466"
"市営日東住宅２号館","大阪府大阪市浪速区日本橋東3-6-2","34.656971","135.508151"
"トヨタカローラ浪速㈱","大阪府大阪市浪速区敷津西1-1-2","34.658843","135.497397"
"㈱スズキ自販近畿　本社ビル","大阪府大阪市浪速区敷津西1-1-5","34.658683","135.4974"
"鴎町公園","大阪府大阪市浪速区敷津西1-7","34.659199","135.495103"
"ホテルソビアルなんば大国町","大阪府大阪市浪速区敷津西2-2-5","34.655671","135.497412"
"㈱クボタ　本社ビル、第二ビル、体育館","大阪府大阪市浪速区敷津東1-2-47","34.65854","135.500909"
"学校法人大阪中華學校","大阪府大阪市浪速区敷津東1-8-13","34.658124","135.498617"
"大阪木津地方卸売市場","大阪府大阪市浪速区敷津東2-2-8","34.657277","135.500014"
"市営敷津東住宅１号館","大阪府大阪市浪速区敷津東3-5","34.655993","135.500183"
"高岸公園","大阪府大阪市浪速区敷津東3-9","34.656105","135.499744"
"敷津小学校（運動場）","大阪府大阪市浪速区敷津東3-9-32","34.655714","135.499324"
"敷津小学校","大阪府大阪市浪速区敷津東3-9-32","34.656005","135.499102"
"湊町リバープレイス","大阪府大阪市浪速区湊町1-3-1","34.668399","135.495872"
"ＯＣＡＴ　（大阪シティエアターミナルビル）","大阪府大阪市浪速区湊町1-4-1","34.666455","135.495084"
"なんばセントラルプラザ　リバーガーデン","大阪府大阪市浪速区湊町2-2-5","34.664966","135.494311"
"木津川公園","大阪府大阪市浪速区木津川2-3","34.657621","135.482964"
"大阪府立難波支援学校　大阪府立なにわ高等支援学校（運動場）","大阪府大阪市浪速区木津川2-3-30","34.658828","135.483663"
"市営浪速西第３住宅２号館","大阪府大阪市浪速区木津川2-4","34.657297","135.485061"
"もと立葉小学校（運動場）","大阪府大阪市浪速区立葉2-1-15","34.664671","135.486002"
"もと立葉小学校","大阪府大阪市浪速区立葉2-1-15","34.664818","135.485628"
"市営立葉住宅１号館","大阪府大阪市浪速区立葉2-2-7","34.664561","135.485309"
"立葉町公園","大阪府大阪市浪速区立葉2-4","34.664088","135.484949"
"浪速第１公園","大阪府大阪市浪速区浪速西1-1","34.659383","135.487971"
"浪速北公園","大阪府大阪市浪速区浪速西1-10","34.657576","135.486203"
"市営浪速西第３住宅１号館","大阪府大阪市浪速区浪速西1-11","34.658289","135.485771"
"株式会社芦原自動車教習所","大阪府大阪市浪速区浪速西1-12-23","34.658756","135.485874"
"市営新浪速第２住宅２号館","大阪府大阪市浪速区浪速西1-2","34.659258","135.487547"
"市営新浪速第２住宅３号館","大阪府大阪市浪速区浪速西1-2","34.659775","135.487445"
"市営新浪速第２住宅１号館","大阪府大阪市浪速区浪速西1-2","34.658989","135.48722"
"市営にしはま住宅１号館","大阪府大阪市浪速区浪速西1-4","34.657715","135.487829"
"大阪府病院協会看護専門学校","大阪府大阪市浪速区浪速西2-13-9","34.656305","135.485872"
"浪速第６住宅１号館","大阪府大阪市浪速区浪速西2-2","34.656818","135.487962"
"市営浪速第６住宅２号館","大阪府大阪市浪速区浪速西2-3","34.656408","135.48804"
"市営新浪速第１住宅２号館","大阪府大阪市浪速区浪速西2-5","34.656668","135.486877"
"市営新浪速第１住宅１号館","大阪府大阪市浪速区浪速西2-5","34.656011","135.486909"
"市営西栄住宅２号館","大阪府大阪市浪速区浪速西3-1","34.655664","135.487841"
"浪速西公園","大阪府大阪市浪速区浪速西3-10","34.655321","135.485753"
"市営西栄住宅３号館","大阪府大阪市浪速区浪速西3-7","34.654863","135.486156"
"市営新浪速第１住宅３号館","大阪府大阪市浪速区浪速西3-8","34.65549","135.486941"
"市営西栄住宅１号館","大阪府大阪市浪速区浪速西3-8","34.655063","135.487219"
"市営浪速第９住宅２号館","大阪府大阪市浪速区浪速西4-1-40","34.653809","135.485943"
"浪速第９住宅１号館","大阪府大阪市浪速区浪速西4-1-50","34.653922","135.487663"
"市営浪速第９住宅３号館","大阪府大阪市浪速区浪速西4-2","34.652711","135.486716"
"新浪速公園","大阪府大阪市浪速区浪速西4-2","34.652821","135.486327"
"市営浪速第１０住宅１号館","大阪府大阪市浪速区浪速東2-10-11","34.656125","135.489217"
"市営浪速東第２住宅１号館","大阪府大阪市浪速区浪速東2-2","34.655923","135.49107"
"浪速東公園","大阪府大阪市浪速区浪速東2-2","34.656608","135.490964"
"市営浪速東第２住宅２号館","大阪府大阪市浪速区浪速東2-4","34.656462","135.490549"
"市営浪速第１０住宅３号館","大阪府大阪市浪速区浪速東2-5","34.656413","135.489857"
"浪速中公園","大阪府大阪市浪速区浪速東2-8","34.657092","135.489399"
"市営浪速第１０住宅２号館","大阪府大阪市浪速区浪速東2-9","34.656544","135.489219"
"ホームセンターコーナン　ＪＲ今宮駅前店","大阪府大阪市浪速区浪速東3-1-20","34.654038","135.492467"
"浪速玉姫公園","大阪府大阪市浪速区浪速東3-13","34.655788","135.488957"
"浪速第７住宅１号館","大阪府大阪市浪速区浪速東3-2-14","34.65398","135.491938"
"浪速東３公園","大阪府大阪市浪速区浪速東3-3","34.654948","135.491447"
"市営浪速第７住宅３号館","大阪府大阪市浪速区浪速東3-4","34.655566","135.49125"
"浪速南公園","大阪府大阪市浪速区浪速東3-8","34.654717","135.489694"
"灰塚小学校","大阪府大東市灰塚1-3-1","34.705581","135.611932"
"四條畷学園高等学校","大阪府大東市学園町6-45","34.732083","135.640942"
"三箇小学校","大阪府大東市三箇1-23-1","34.718959","135.622434"
"四条中学校","大阪府大東市寺川2-7-1","34.708329","135.645127"
"諸福小学校","大阪府大東市諸福1-2-2","34.705296","135.607576"
"諸福中学校","大阪府大東市諸福5-11-1","34.703878","135.599135"
"深野小学校","大阪府大東市深野4-15-1","34.717569","135.6331"
"深野中学校","大阪府大東市深野北1-15-1","34.721449","135.633255"
"四条北小学校","大阪府大東市西楠の里町14-1","34.727101","135.632037"
"南郷中学校","大阪府大東市赤井3-15-3","34.707498","135.615896"
"泉小学校","大阪府大東市泉町1-3-1","34.70783","135.632562"
"南郷小学校","大阪府大東市太子田1-12-38","34.708381","135.612112"
"氷野小学校","大阪府大東市大東町9-1","34.713841","135.620381"
"谷川中学校","大阪府大東市谷川2-6-1","34.712534","135.628483"
"住道北小学校","大阪府大東市浜町2-12","34.70828","135.623116"
"大東中学校","大阪府大東市朋来1-30-1","34.699541","135.613864"
"北条中学校","大阪府大東市北条2-19-30","34.724076","135.63995"
"北条小学校","大阪府大東市北条6-11-1","34.723682","135.644894"
"住道南小学校","大阪府大東市末広町16-1","34.70365","135.619165"
"住道中学校","大阪府大東市末広町17-1","34.705408","135.619779"
"四条小学校","大阪府大東市野崎4-6-1","34.713291","135.640573"
"花園会館","大阪府池田市旭丘1-1-10","34.81793","135.444947"
"日本キリスト教団石橋教会","大阪府池田市旭丘1-1-19","34.817558","135.445923"
"池田高校","大阪府池田市旭丘2-2-1","34.820264","135.449257"
"旭丘会館","大阪府池田市旭丘3-7-13","34.817798","135.449942"
"秦野会館","大阪府池田市旭丘１－９・Ｇ－１０１","34.821766","135.445051"
"五月山体育館","大阪府池田市綾羽2-7-1","34.828395","135.428798"
"井口堂北会館","大阪府池田市井口堂1-6-4","34.812028","135.444148"
"石橋小学校","大阪府池田市井口堂3-3-30","34.814084","135.4472"
"石橋中学校","大阪府池田市井口堂3-6-1","34.814985","135.448095"
"宇保会館","大阪府池田市宇保町5-17","34.816593","135.430873"
"吉田会館","大阪府池田市吉田町227","34.853752","135.435501"
"空港会館","大阪府池田市空港1-11-4","34.795975","135.441264"
"児童館","大阪府池田市古江町421","34.849403","135.426318"
"人権文化交流センター","大阪府池田市古江町523-1","34.849402","135.427859"
"古江町自治会館","大阪府池田市古江町72","34.848052","135.42279"
"五月丘小学校","大阪府池田市五月丘2-3-1","34.828682","135.433956"
"五月丘会館","大阪府池田市五月丘2-4-1","34.8279","135.43631"
"日本基督教団池田五月山教会","大阪府池田市五月丘2-7-19","34.826826","135.43349"
"渋谷中学校","大阪府池田市五月丘4-1-1","34.828601","135.439564"
"呉服会館","大阪府池田市呉服町11-1","34.816939","135.424966"
"住吉会館","大阪府池田市住吉2-3-24","34.801592","135.439549"
"下渋谷会館","大阪府池田市渋谷1-8-12","34.824225","135.438064"
"渋谷会館","大阪府池田市渋谷3-3-18","34.826198","135.442125"
"池田中学校","大阪府池田市上池田1-6-17","34.825718","135.431339"
"上池田会館","大阪府池田市上池田1-9-19","34.823509","135.432044"
"城南会館","大阪府池田市城南1-8-22","34.819754","135.431127"
"市民活動交流センター","大阪府池田市新町1-8","34.826818","135.424334"
"神田北会館","大阪府池田市神田1-28-27","34.812391","135.426394"
"北神田会館","大阪府池田市神田2-21-28","34.808808","135.424177"
"神田小学校","大阪府池田市神田2-4-1","34.810672","135.424963"
"神田会館","大阪府池田市神田3-5-16","34.807456","135.424765"
"河原島会館","大阪府池田市神田3-5-21","34.807732","135.424408"
"中之嶋会館","大阪府池田市神田3-8-12","34.806522","135.424623"
"宮之原会館","大阪府池田市神田4-10-10","34.811185","135.421591"
"早苗の森会館","大阪府池田市神田4-7-2","34.811856","135.422322"
"ダイバーシティセンター（ツナガリエ石橋）","大阪府池田市石橋1-23-6","34.806348","135.443063"
"石橋北会館","大阪府池田市石橋2-4-16","34.810925","135.445927"
"神愛キリスト教会","大阪府池田市石橋3-11-7","34.805046","135.448993"
"石橋南小学校","大阪府池田市石橋4-6-1","34.803146","135.445792"
"石橋会館","大阪府池田市石橋4-6-2","34.80362","135.445958"
"荘園会館","大阪府池田市荘園1-7-13","34.812136","135.438397"
"宣真高校","大阪府池田市荘園2-3-12","34.809757","135.438328"
"総合スポーツセンター","大阪府池田市荘園2-7-30","34.808777","135.43546"
"池田小学校","大阪府池田市大和町1-4","34.822682","135.428831"
"大阪北部農業協同組合細河支店","大阪府池田市中川原町331-1","34.844788","135.429134"
"旧細河小学校","大阪府池田市中川原町498","34.844093","135.429843"
"中川原会館","大阪府池田市中川原町6-57","34.845669","135.432158"
"市民文化会館","大阪府池田市天神1-7-1","34.809432","135.441018"
"カルチャープラザ","大阪府池田市天神1-9-3","34.808927","135.439555"
"学校給食センター","大阪府池田市東山町140","34.851583","135.438876"
"東山会館","大阪府池田市東山町425-1","34.850305","135.438439"
"細河コミュニティセンター","大阪府池田市東山町617-1","34.849302","135.434785"
"桃園会館","大阪府池田市桃園1-9-12","34.819775","135.418933"
"秦野小学校","大阪府池田市畑1-1-1","34.823689","135.443457"
"南畑会館","大阪府池田市畑1-7-4","34.825021","135.447536"
"畑会館","大阪府池田市畑3-15-20","34.831151","135.446109"
"渋谷高校","大阪府池田市畑4-1-1","34.827814","135.448726"
"園芸高校","大阪府池田市八王寺2-5-1","34.80946","135.434674"
"才尊会館","大阪府池田市鉢塚2-8-4","34.81591","135.437515"
"鉢塚会館","大阪府池田市鉢塚2-8-5","34.816018","135.437561"
"呉服小学校","大阪府池田市姫室町10-1","34.817903","135.422003"
"くれは音楽堂","大阪府池田市姫室町10-1","34.818066","135.422424"
"姫室・室町会館","大阪府池田市姫室町3-1","34.820168","135.422872"
"旧伏尾台小学校","大阪府池田市伏尾台2-11","34.86437","135.438019"
"ほそごう学園","大阪府池田市伏尾台3-14","34.86108","135.440855"
"伏尾台コミュニティセンター第１会館","大阪府池田市伏尾台3-4-3","34.861898","135.437908"
"伏尾会館","大阪府池田市伏尾町11-8","34.859806","135.44547"
"豊島南会館","大阪府池田市豊島南1-8-5","34.800924","135.436469"
"北豊島中学校","大阪府池田市豊島北1-1-1","34.808011","135.431678"
"豊島北会館","大阪府池田市豊島北1-7-17","34.805417","135.434193"
"北豊島小学校","大阪府池田市豊島北2-12-1","34.805068","135.435904"
"きたてしまプラザ","大阪府池田市豊島北2-2-18","34.807252","135.436288"
"緑丘小学校","大阪府池田市緑丘2-5-12","34.821836","135.443001"
"三角公園","大阪府忠岡町高月南3-11","34.477546","135.415639"
"高月コミュニティーセンター","大阪府忠岡町高月南3-3-5","34.478978","135.41219"
"菅原神社","大阪府忠岡町高月南3-4","34.478499","135.41288"
"高月向井田公園","大阪府忠岡町高月北2-20","34.479595","135.414671"
"一般国道２６号　忠岡町側道橋（下）","大阪府忠岡町高月北２丁目","34.480741","135.41183"
"新浜公園","大阪府忠岡町新浜1-2","34.498244","135.383994"
"町民第２運動場","大阪府忠岡町新浜2-5-52","34.503154","135.379334"
"新浜緑地","大阪府忠岡町新浜３地内","34.504383","135.376351"
"子供の広場（ゲートボール場）","大阪府忠岡町忠岡中1-24","34.492586","135.396158"
"忠岡神社北側空地","大阪府忠岡町忠岡中1-26","34.492465","135.39661"
"西区ふれあい公園","大阪府忠岡町忠岡中2-19","34.493472","135.393512"
"町民いこいの広場","大阪府忠岡町忠岡中3-7","34.496417","135.387755"
"忠岡中学校","大阪府忠岡町忠岡東1-17-5","34.488049","135.399241"
"シビックセンター","大阪府忠岡町忠岡東1-34-1","34.487183","135.401457"
"町民運動場","大阪府忠岡町忠岡東1-34-27","34.487677","135.400572"
"緑水園","大阪府忠岡町忠岡東2-1","34.487579","135.403742"
"忠岡東３丁目チビッコ広場","大阪府忠岡町忠岡東3-10","34.494884","135.400533"
"鉢の様第２チビッコ老人憩いの広場","大阪府忠岡町忠岡東3-19","34.49086","135.404595"
"鉢の様第３チビッコ老人憩いの広場","大阪府忠岡町忠岡東3-2","34.490411","135.403592"
"鉢の様第１チビッコ老人憩いの広場","大阪府忠岡町忠岡東3-2","34.490325","135.404231"
"忠岡小学校","大阪府忠岡町忠岡南1-12-30","34.489709","135.393857"
"文化会館","大阪府忠岡町忠岡南1-18-17","34.489075","135.395695"
"総合福祉センター","大阪府忠岡町忠岡南1-9-15","34.488706","135.395278"
"子供の広場（忠岡南３丁目）","大阪府忠岡町忠岡南3-11","34.493161","135.389828"
"南３丁目児童遊園","大阪府忠岡町忠岡南3-15-84","34.492714","135.388532"
"東忠岡小学校","大阪府忠岡町馬瀬2-17-1","34.484282","135.405204"
"東忠岡こども園","大阪府忠岡町馬瀬2-17-2","34.484051","135.405334"
"北出公園","大阪府忠岡町北出2-17","34.480622","135.409336"
"北出児童遊園","大阪府忠岡町北出2-9-38","34.482342","135.407898"
"田尻町立中学校（運動場）","大阪府田尻町嘉祥寺412-1","34.393653","135.289578"
"田尻町総合保健福祉センター","大阪府田尻町嘉祥寺883-1","34.396129","135.289411"
"田尻町多目的グラウンド","大阪府田尻町嘉祥寺883-5","34.39639","135.28871"
"田尻駅上広場","大阪府田尻町吉見425-1","34.389626","135.290997"
"田尻町立小学校（運動場）","大阪府田尻町吉見690","34.393055","135.288881"
"第一小学校グラウンド","大阪府島本町広瀬1-5-5","34.884872","135.669118"
"江川公園","大阪府島本町江川1","34.885","135.676646"
"第四小学校グラウンド","大阪府島本町高浜2-2-1","34.876436","135.669154"
"ジオ阪急水無瀬ハートスクエア","大阪府島本町高浜3-3-1","34.875287","135.666043"
"第三小学校グラウンド","大阪府島本町桜井2-25-1","34.876891","135.659774"
"ふれあいセンター","大阪府島本町桜井3-4-1","34.882848","135.660895"
"水無瀬川緑地公園","大阪府島本町山崎2","34.888057","135.67505"
"山崎ポンプ場","大阪府島本町山崎2-2-16","34.889545","135.679107"
"若山台公園","大阪府島本町若山台2-130-32","34.891134","135.658292"
"第一中学校グラウンド","大阪府島本町水無瀬1-19-4","34.878735","135.666763"
"柳原公園","大阪府島本町青葉3-12","34.875951","135.660811"
"滝谷公園","大阪府島本町東大寺2-25-7","34.891293","135.668166"
"第二中学校グラウンド","大阪府島本町東大寺4-150","34.891485","135.66307"
"第二小学校グラウンド","大阪府島本町東大寺4-167","34.889328","135.66285"
"東大寺公園","大阪府島本町東大寺３地内","34.888864","135.66708"
"縄手北小学校","大阪府東大阪市旭町2-4","34.666556","135.63873"
"衣摺公園","大阪府東大阪市衣摺2-4","34.643662","135.573971"
"衣摺南公園","大阪府東大阪市衣摺4-11","34.638214","135.574241"
"長瀬西小学校","大阪府東大阪市衣摺5-8-51","34.641064","135.570747"
"稲田公園","大阪府東大阪市稲田新町1-9","34.68939","135.583279"
"楠根小学校","大阪府東大阪市稲田本町1-1-43","34.683736","135.579138"
"楠根中学校","大阪府東大阪市稲田本町2-6-34","34.68565","135.580521"
"玉川小学校","大阪府東大阪市稲葉1-12-1","34.669416","135.612868"
"大阪府立たまがわ高等支援学校","大阪府東大阪市稲葉2-3-25","34.670144","135.618222"
"玉美小学校","大阪府東大阪市瓜生堂1-6-1","34.661972","135.605159"
"瓜生堂公園","大阪府東大阪市瓜生堂2-26","34.660868","135.604576"
"永和公園","大阪府東大阪市永和2-13","34.660462","135.574127"
"東大阪市教育センター","大阪府東大阪市永和2-15-25","34.659869","135.575067"
"横沼公園","大阪府東大阪市永和3-18","34.657539","135.576226"
"横小路公園","大阪府東大阪市横小路町1-3","34.64901","135.648319"
"東大阪市立義務教育学校くすは縄手南校　横小路校舎","大阪府東大阪市横小路町3-12-5","34.644835","135.641609"
"横枕北公園","大阪府東大阪市横枕10","34.681806","135.606875"
"横枕西公園","大阪府東大阪市横枕西7","34.681184","135.603141"
"横枕南公園","大阪府東大阪市横枕南3","34.677496","135.607084"
"中小阪公園","大阪府東大阪市下小阪1-16","34.661185","135.58242"
"大阪府立布施高等学校","大阪府東大阪市下小阪3-14-21","34.661834","135.587533"
"八戸の里小学校","大阪府東大阪市下小阪5-3-5","34.662948","135.590306"
"六万寺公園","大阪府東大阪市下六万寺町1-3","34.650791","135.638236"
"加納西公園","大阪府東大阪市加納2-14","34.694497","135.623091"
"加納地区緩衝緑地周辺","大阪府東大阪市加納3","34.693907","135.624937"
"加納小学校","大阪府東大阪市加納3-6-8","34.695135","135.624729"
"加納緑地","大阪府東大阪市加納4-17","34.695737","135.63292"
"加納東公園","大阪府東大阪市加納4-6","34.692958","135.633075"
"加納北公園","大阪府東大阪市加納5-8","34.699144","135.630441"
"加納公園","大阪府東大阪市加納7-20","34.698407","135.6253"
"縄手北中学校","大阪府東大阪市河内町1-1","34.666221","135.64399"
"縄手東小学校","大阪府東大阪市河内町2-6","34.666508","135.645336"
"花園西町公園","大阪府東大阪市花園西町1-16","34.661791","135.615403"
"花園東町公園","大阪府東大阪市花園東町2-16","34.660107","135.623032"
"大阪府立花園高等学校","大阪府東大阪市花園東町3-1-25","34.65843","135.622692"
"花園北小学校","大阪府東大阪市花園本町1-3-29","34.66118","135.619078"
"花園公園","大阪府東大阪市花園本町2-5","34.659766","135.619597"
"花園小学校","大阪府東大阪市花園本町2-7-41","34.657916","135.618998"
"菱江北公園","大阪府東大阪市角田1-13","34.680508","135.617888"
"若宮公園","大阪府東大阪市額田町5","34.678986","135.649649"
"岸田堂北公園","大阪府東大阪市岸田堂西2-6","34.653774","135.560538"
"玉川中学校","大阪府東大阪市岩田町1-16-1","34.663928","135.612756"
"若江岩田駅前リージョンセンター","大阪府東大阪市岩田町4-3-22","34.663776","135.60801"
"岩田公園","大阪府東大阪市岩田町4-8","34.663637","135.606095"
"岩田西小学校","大阪府東大阪市岩田町5-12-27","34.665993","135.605136"
"吉原公園","大阪府東大阪市吉原2-2","34.685803","135.623719"
"長瀬北小学校","大阪府東大阪市吉松2-13-15","34.647284","135.575906"
"吉田公園","大阪府東大阪市吉田2-5","34.669496","135.618637"
"英田南小学校","大阪府東大阪市吉田5-15-16","34.666273","135.623226"
"新家第１公園","大阪府東大阪市吉田6-2","34.663941","135.626483"
"新家第２公園","大阪府東大阪市吉田7-4","34.664727","135.628965"
"新家第３公園","大阪府東大阪市吉田8-3","34.664836","135.630984"
"英田中学校","大阪府東大阪市吉田本町1-6-10","34.672677","135.623104"
"北池の端公園","大阪府東大阪市吉田本町3-8","34.67736","135.62559"
"花園中学校","大阪府東大阪市玉串町西1-4-52","34.656432","135.615531"
"玉串小学校","大阪府東大阪市玉串町西2-4-12","34.653143","135.614812"
"近江堂公園","大阪府東大阪市近江堂1-12","34.646207","135.580597"
"弥生公園","大阪府東大阪市近江堂1-4","34.648414","135.582158"
"近江堂リージョンセンター","大阪府東大阪市近江堂3-12-15","34.647021","135.589514"
"弥刀中学校","大阪府東大阪市近江堂3-4-27","34.645932","135.586921"
"金岡中学校","大阪府東大阪市金岡1-23-9","34.642063","135.580544"
"金物町公園","大阪府東大阪市金物町3","34.643949","135.593962"
"古箕輪公園","大阪府東大阪市古箕輪1-13","34.687391","135.617385"
"御厨北公園","大阪府東大阪市御厨3-6","34.671994","135.586105"
"大阪商業大学高等学校","大阪府東大阪市御厨栄町4-1-10","34.666585","135.588297"
"大阪商業大学","大阪府東大阪市御厨栄町4-1-10","34.666757","135.586439"
"御厨公園","大阪府東大阪市御厨中1-3","34.668556","135.586088"
"五百石公園","大阪府東大阪市御厨東2-1","34.665478","135.595374"
"意岐部中学校","大阪府東大阪市御厨東2-9-45","34.667876","135.595419"
"布施中学校","大阪府東大阪市荒川2-32-40","34.658387","135.567412"
"荒川公園","大阪府東大阪市荒川3-21","34.661963","135.569564"
"荒川小学校","大阪府東大阪市荒川3-23-7","34.661441","135.570726"
"荒本公園","大阪府東大阪市荒本2-5","34.673946","135.603366"
"大阪府立布施北高等学校","大阪府東大阪市荒本西1-2-72","34.671782","135.600868"
"意岐部東小学校","大阪府東大阪市荒本西1-3-46","34.672655","135.599508"
"荒本西公園","大阪府東大阪市荒本西2-2","34.674228","135.599998"
"春宮公園","大阪府東大阪市荒本北1-2","34.680157","135.600577"
"東大阪流通業務地区周辺","大阪府東大阪市荒本北3","34.682645","135.598689"
"高井田西公園","大阪府東大阪市高井田西3-2","34.672696","135.56265"
"高井田中学校","大阪府東大阪市高井田中5-2-5","34.677151","135.56887"
"高井田公園","大阪府東大阪市高井田本通4-7","34.675373","135.568"
"高井田西小学校","大阪府東大阪市高井田本通6-1-7","34.676353","135.567304"
"鴻北公園","大阪府東大阪市鴻池町1-18","34.699956","135.605275"
"徳庵公園","大阪府東大阪市鴻池徳庵町7","34.697405","135.583658"
"鴻池本町公園","大阪府東大阪市鴻池本町5","34.699948","135.600653"
"今米公園","大阪府東大阪市今米1-4","34.680799","135.625586"
"桜町公園","大阪府東大阪市桜町9","34.662597","135.633918"
"三ノ瀬公園","大阪府東大阪市三ノ瀬1-6","34.659098","135.563605"
"三島西公園","大阪府東大阪市三島3-11","34.693354","135.59438"
"枚岡公園","大阪府東大阪市山手町","34.672594","135.657647"
"柄池公園","大阪府東大阪市四条町19","34.659733","135.645487"
"布施小学校","大阪府東大阪市寺前町2-1-6","34.655355","135.56593"
"楠根東小学校","大阪府東大阪市七軒家17-33","34.686304","135.590451"
"菱屋東公園","大阪府東大阪市七軒家6","34.685521","135.591231"
"アナン学園高等学校","大阪府東大阪市若江西新町3-1-8","34.656545","135.597017"
"近畿大学附属高等学校","大阪府東大阪市若江西新町5-3-1","34.650859","135.59553"
"若江公園","大阪府東大阪市若江南町2-1","34.654472","135.604822"
"若江小学校","大阪府東大阪市若江南町2-9-54","34.654381","135.602692"
"若江中学校","大阪府東大阪市若江南町5-1-10","34.651287","135.601543"
"若江本町北公園","大阪府東大阪市若江本町2-7","34.658731","135.6044"
"岸田堂南公園","大阪府東大阪市寿町3-11","34.652161","135.564157"
"俊徳公園","大阪府東大阪市俊徳町5-11","34.65302","135.568756"
"近畿大学","大阪府東大阪市小若江3-4-1","34.651607","135.587467"
"上小阪公園","大阪府東大阪市小若江4-2","34.652847","135.584422"
"英田北小学校","大阪府東大阪市松原1-1-27","34.673206","135.626012"
"松原公園","大阪府東大阪市松原1-14","34.674313","135.628765"
"花園中央公園周辺","大阪府東大阪市松原南1","34.669472","135.62907"
"児童文化スポーツセンター","大阪府東大阪市松原南2-7-21","34.668282","135.630954"
"大池公園","大阪府東大阪市上四条町10","34.657098","135.646002"
"上四条小学校","大阪府東大阪市上四条町14-25","34.658416","135.648075"
"上小阪中学校","大阪府東大阪市上小阪2-6-5","34.654397","135.581878"
"上小阪小学校","大阪府東大阪市上小阪3-15-40","34.653784","135.584415"
"石切東小学校","大阪府東大阪市上石切町2-8-30","34.685591","135.657184"
"新家中町公園","大阪府東大阪市新家2-11","34.673292","135.593915"
"意岐部小学校","大阪府東大阪市新家2-11-52","34.672298","135.594541"
"新喜多中学校","大阪府東大阪市新喜多2-5-32","34.673786","135.574664"
"大阪府立かわち野高等学校","大阪府東大阪市新庄4-11-95","34.690031","135.611069"
"本庄北公園","大阪府東大阪市新庄西9","34.689227","135.598536"
"盾津中学校","大阪府東大阪市新庄南1-33","34.687034","135.604974"
"本庄東公園","大阪府東大阪市新庄南5","34.687591","135.603589"
"近畿大学・新上小阪地区周辺","大阪府東大阪市新上小阪","34.652242","135.595338"
"新喜多公園","大阪府東大阪市森河内西2-1","34.684332","135.568627"
"布施公園","大阪府東大阪市森河内東1-10","34.679733","135.570464"
"森河内小学校","大阪府東大阪市森河内東1-32-24","34.683542","135.568724"
"水走南公園","大阪府東大阪市水走1-4","34.674665","135.631474"
"水走西公園","大阪府東大阪市水走2-8","34.678125","135.627449"
"水走公園","大阪府東大阪市水走3-12","34.684177","135.631544"
"西堤公園","大阪府東大阪市西堤1-6","34.67808","135.577164"
"西堤小学校","大阪府東大阪市西堤学園町2-6-14","34.67477","135.581829"
"東大阪大学","大阪府東大阪市西堤学園町3-1-1","34.675931","135.581748"
"東大阪大学敬愛高等学校","大阪府東大阪市西堤学園町3-1-1","34.675988","135.581768"
"川田公園","大阪府東大阪市川田2-17","34.690178","135.621982"
"北宮小学校","大阪府東大阪市川田2-3-7","34.688729","135.619988"
"盾津東中学校","大阪府東大阪市川田3-2-26","34.689715","135.624676"
"吉原北公園","大阪府東大阪市川田3-8","34.689689","135.625903"
"川俣公園","大阪府東大阪市川俣1-12","34.680766","135.575405"
"長瀬川緑地","大阪府東大阪市川俣1-2","34.679923","135.573232"
"川俣下水処理場周辺","大阪府東大阪市川俣2","34.683383","135.575447"
"孔舎衙中学校","大阪府東大阪市善根寺町1-6-1","34.698735","135.651914"
"善根寺公園","大阪府東大阪市善根寺町3-4","34.697567","135.641933"
"足代公園","大阪府東大阪市足代新町23","34.665399","135.558111"
"足代北公園","大阪府東大阪市足代北2-15","34.667679","135.561435"
"布施中学校　夜間学級","大阪府東大阪市太平寺2-1-39","34.655626","135.569186"
"金岡公園","大阪府東大阪市大蓮東1-2","34.643222","135.578317"
"大蓮公園","大阪府東大阪市大蓮東2-10","34.638551","135.583491"
"長瀬東小学校","大阪府東大阪市大蓮東2-12-8","34.637823","135.583649"
"大蓮東公園","大阪府東大阪市大蓮東3-6","34.635823","135.582279"
"久宝寺緑地","大阪府東大阪市大蓮南3","34.633177","135.575629"
"大蓮小学校","大阪府東大阪市大蓮南5-8-50","34.635821","135.570811"
"長瀬南小学校","大阪府東大阪市大蓮北4-3-51","34.636963","135.572973"
"長瀬中学校","大阪府東大阪市大蓮北4-7-43","34.638252","135.570672"
"大阪府立枚岡樟風高等学校","大阪府東大阪市鷹殿町18-1","34.669157","135.636871"
"東大阪市立義務教育学校池島学園　中学部","大阪府東大阪市池島町3-10-1","34.652728","135.62988"
"東大阪市立義務教育学校池島学園　小学部","大阪府東大阪市池島町3-6-30","34.653743","135.631951"
"大阪府立みどり清朋高等学校","大阪府東大阪市池島町6-3-9","34.64592","135.626639"
"恩智川治水緑地周辺","大阪府東大阪市池島町7","34.649581","135.62716"
"中鴻池リージョンセンター","大阪府東大阪市中鴻池2-3-13","34.696373","135.600938"
"寺嶋公園","大阪府東大阪市中鴻池町3-10","34.696099","135.601473"
"大和公園","大阪府東大阪市中小阪1-11","34.657839","135.583218"
"小阪小学校","大阪府東大阪市中小阪1-21-15","34.657702","135.585129"
"八戸の里公園","大阪府東大阪市中小阪4-7","34.657898","135.592075"
"八戸の里東小学校","大阪府東大阪市中小阪5-17-8","34.660195","135.593574"
"中部緑地","大阪府東大阪市中新開2-7","34.694629","135.627158"
"石切公園","大阪府東大阪市中石切町1-1","34.683741","135.647145"
"石切小学校","大阪府東大阪市中石切町1-6-50","34.683489","135.644293"
"石切中学校","大阪府東大阪市中石切町4-10-3","34.689252","135.644958"
"中石切公園","大阪府東大阪市中石切町5-4","34.689072","135.638451"
"中野公園","大阪府東大阪市中野1-20","34.681596","135.609509"
"長栄中学校","大阪府東大阪市長栄寺12-30","34.667283","135.57006"
"高井田東小学校","大阪府東大阪市長栄寺15-26","34.667931","135.571476"
"北蛇草公園","大阪府東大阪市長瀬町1-14","34.651564","135.574129"
"蛇草西公園","大阪府東大阪市長瀬町3-4","34.651249","135.572271"
"長田東公園","大阪府東大阪市長田3-2","34.676438","135.592722"
"長田公園","大阪府東大阪市長田西2-3","34.677971","135.58614"
"長田中公園","大阪府東大阪市長田中3-2","34.680628","135.589254"
"長田北公園","大阪府東大阪市長田東3-4","34.680871","135.594393"
"長堂小学校","大阪府東大阪市長堂1-17-8","34.667636","135.563435"
"布施駅前リージョンセンター","大阪府東大阪市長堂1-8-37","34.66532","135.563506"
"長堂東公園","大阪府東大阪市長堂3-19","34.666343","135.567681"
"島之内公園","大阪府東大阪市島之内2-6","34.676816","135.619793"
"鴻池東小学校","大阪府東大阪市東鴻池町5-7-20","34.695574","135.610444"
"東石切公園","大阪府東大阪市東石切町2-4","34.680558","135.651243"
"楠根川緑地","大阪府東大阪市藤戸新田1-1","34.673253","135.588196"
"藤戸小学校","大阪府東大阪市藤戸新田1-3-45","34.674146","135.587127"
"成和小学校","大阪府東大阪市南鴻池町1-3-18","34.694641","135.60083"
"西楠風荘公園","大阪府東大阪市南鴻池町1-8","34.693839","135.598688"
"東楠風荘公園","大阪府東大阪市南鴻池町2-12","34.694214","135.603438"
"四条リージョンセンター","大阪府東大阪市南四条町1-7","34.658188","135.640711"
"縄手小学校","大阪府東大阪市南四条町3-2","34.656722","135.639835"
"縄手中学校","大阪府東大阪市南四条町3-26","34.656034","135.64072"
"枚岡西小学校","大阪府東大阪市南荘町2-26","34.674533","135.641992"
"楠根リージョンセンター","大阪府東大阪市楠根1-12-12","34.683414","135.581919"
"日下公園","大阪府東大阪市日下町2-9","34.691552","135.649695"
"日下リージョンセンター","大阪府東大阪市日下町3-1-7","34.690936","135.644439"
"孔舎衙小学校","大阪府東大阪市日下町6-3-6","34.695987","135.645295"
"孔舎衙東小学校","大阪府東大阪市日下町7-1-7","34.694725","135.648627"
"日新高等学校","大阪府東大阪市日下町7-9-11","34.694694","135.652644"
"柏田北公園","大阪府東大阪市柏田西1-2","34.648744","135.56953"
"柏田中学校","大阪府東大阪市柏田西3-11-28","34.643754","135.565129"
"柏田小学校","大阪府東大阪市柏田西3-7-44","34.645312","135.567436"
"柏田公園","大阪府東大阪市柏田本町12","34.646049","135.571605"
"枚岡中学校","大阪府東大阪市箱殿町8-25","34.671368","135.643523"
"長瀬公園","大阪府東大阪市菱屋西2-8","34.6512","135.577434"
"桜橋小学校","大阪府東大阪市菱屋西4-10-7","34.658772","135.578336"
"大阪樟蔭女子大学","大阪府東大阪市菱屋西4-2-26","34.663839","135.57733"
"樟蔭高等学校","大阪府東大阪市菱屋西4-2-26","34.662593","135.57788"
"菱屋東第１公園","大阪府東大阪市菱屋東2-5","34.66905","135.608811"
"菱江東公園","大阪府東大阪市菱江1-28","34.673535","135.615949"
"菱江南公園","大阪府東大阪市菱江2-2","34.674929","135.611153"
"菱江中公園","大阪府東大阪市菱江3-6","34.677065","135.616044"
"小阪中学校","大阪府東大阪市宝持1-7-5","34.656598","135.587543"
"大阪府立布施工科高等学校","大阪府東大阪市宝持3-7-5","34.654238","135.592472"
"宝町南公園","大阪府東大阪市宝町1","34.673999","135.640011"
"枚岡中央公園","大阪府東大阪市豊浦町5","34.672317","135.646825"
"弥栄小学校","大阪府東大阪市本庄1-8-2","34.682586","135.60872"
"本庄西公園","大阪府東大阪市本庄西3-5","34.687538","135.596272"
"本庄南公園","大阪府東大阪市本庄中1-3","34.683109","135.602205"
"末広町公園","大阪府東大阪市末広町21","34.65633","135.635512"
"箕輪公園","大阪府東大阪市箕輪3-1","34.685261","135.613536"
"弥刀小学校","大阪府東大阪市友井1-1-37","34.645672","135.582152"
"弥刀東小学校","大阪府東大阪市友井2-28-12","34.645068","135.588255"
"枚岡東小学校","大阪府東大阪市立花町12-28","34.674644","135.650029"
"東大阪市立義務教育学校くすは縄手南校　六万寺校舎","大阪府東大阪市六万寺町2-3-17","34.650602","135.64165"
"大阪府営住宅　藤井寺小山藤美","大阪府藤井寺市小山藤美町11-1","34.580288","135.596471"
"大井水みらいセンター（ふれあい広場）","大阪府藤井寺市西大井1-407-1","34.580393","135.603633"
"大阪府営住宅　藤井寺川北","大阪府藤井寺市川北3-5-1","34.584765","135.615397"
"大阪府営住宅　藤井寺大井","大阪府藤井寺市大井5-26-1","34.579854","135.616256"
"道明寺","大阪府藤井寺市道明寺1-14-31","34.56889","135.61631"
"道明寺天満宮","大阪府藤井寺市道明寺1-16-40","34.568307","135.617335"
"旧町立田尻小学校体育館","大阪府能勢町下田尻146-2","34.962267","135.436292"
"能勢町保健福祉センター","大阪府能勢町栗栖82-1","34.965984","135.406857"
"町立のせ保育所","大阪府能勢町今西25-1","34.968113","135.389719"
"能勢町役場","大阪府能勢町宿野28","34.973435","135.413882"
"能勢町淨るりシアター","大阪府能勢町宿野30","34.972292","135.41362"
"旧町立久佐々小学校体育館","大阪府能勢町宿野866","34.973372","135.414793"
"旧町立西中学校体育館","大阪府能勢町森上33","34.968948","135.394641"
"能勢町ふれあいプラザ","大阪府能勢町倉垣635","34.976239","135.467069"
"旧町立歌垣小学校体育館","大阪府能勢町倉垣993-2","34.976481","135.467187"
"旧町立東郷小学校体育館","大阪府能勢町地黄173-1","34.949533","135.456081"
"さとおか防災コミュニティセンター","大阪府能勢町地黄173-2","34.949441","135.45659"
"旧町立天王小学校体育館","大阪府能勢町天王200-1","35.03869","135.359089"
"能勢ささゆり学園体育館","大阪府能勢町平野110","34.953616","135.403155"
"学校法人玉手山学園総合体育館","大阪府柏原市旭ケ丘3-13-48","34.556623","135.639903"
"老人福祉センター（やすらぎの園）","大阪府柏原市旭ヶ丘1-9-30","34.566072","135.631259"
"旭ヶ丘小学校","大阪府柏原市旭ヶ丘3-4896","34.556245","135.634671"
"市民文化会館（リビエールホール）","大阪府柏原市安堂町1-60","34.579846","135.628315"
"堅下南小学校","大阪府柏原市安堂町710","34.580299","135.633695"
"堅下南中学校","大阪府柏原市安堂町878","34.580979","135.634854"
"第二体育館（柏原オーエンス第二アリーナ）","大阪府柏原市安堂町9-20","34.581201","135.633237"
"（旧）玉手幼稚園","大阪府柏原市円明町1-1","34.56253","135.626243"
"玉手小学校","大阪府柏原市円明町1-1","34.563078","135.626511"
"堅上合同会館","大阪府柏原市雁多尾畑4812-1","34.586891","135.66469"
"堅上中学校","大阪府柏原市雁多尾畑5905","34.583179","135.661612"
"堅上小学校","大阪府柏原市雁多尾畑5955","34.58484","135.662971"
"たまてこども園","大阪府柏原市玉手町12-30","34.565027","135.626238"
"玉手中学校","大阪府柏原市玉手町20-17","34.565163","135.626992"
"体育館（柏原オーエンスアリーナ）","大阪府柏原市玉手町25-80","34.567076","135.63044"
"玉手地域コミュニティ会館","大阪府柏原市玉手町9-1","34.564501","135.628475"
"柏原南コミュニティ会館","大阪府柏原市古町2-8-38","34.582347","135.622462"
"（旧）大阪府立柏原東高等学校","大阪府柏原市高井田1015","34.57533","135.646696"
"歴史資料館","大阪府柏原市高井田1598-1","34.573362","135.638932"
"大阪府立修徳学院","大阪府柏原市高井田809-1","34.573074","135.643272"
"こくぶこども園","大阪府柏原市国分6-11-28","34.565658","135.640519"
"（旧）国分東小学校","大阪府柏原市国分東条町3704-1","34.56532","135.655016"
"柏原市農業総合地域センター","大阪府柏原市国分東条町7-14","34.564888","135.647305"
"国分合同会館","大阪府柏原市国分本町2-7-2","34.565214","135.636429"
"（旧）国分幼稚園","大阪府柏原市国分本町6-1-23","34.566768","135.639542"
"国分小学校","大阪府柏原市国分本町6-11-4","34.565834","135.63936"
"国分中学校","大阪府柏原市国分本町7-1-20","34.564394","135.641769"
"国分東コミュニティ会館","大阪府柏原市国分本町7-4-78","34.562583","135.642254"
"公民館・図書館（文化センター）","大阪府柏原市上市4-1-27","34.587053","135.625856"
"堅上コミュニティ会館","大阪府柏原市青谷2072","34.57731","135.659113"
"柏原東小学校","大阪府柏原市大県1-8-5","34.587947","135.626724"
"堅下合同会館","大阪府柏原市大県3-9-19","34.588872","135.628743"
"柏原小学校","大阪府柏原市大正1-9-53","34.587517","135.620619"
"勤労者センター（Ｋ．Ｉ．ホール）","大阪府柏原市大正2-10-1","34.583739","135.618109"
"柏原西保育所","大阪府柏原市大正3-8-8","34.587164","135.615317"
"柏原西コミュニティ会館","大阪府柏原市大正3-9-20","34.587756","135.616052"
"かしわらっ子はぐくみセンター","大阪府柏原市堂島町1-23","34.590116","135.621786"
"柏原中学校","大阪府柏原市堂島町1-28","34.589431","135.622515"
"かたしもこども園","大阪府柏原市平野1-6-2","34.591961","135.629759"
"堅下小学校","大阪府柏原市平野2-1-5","34.591575","135.631377"
"（旧）堅下幼稚園","大阪府柏原市平野2-2-9","34.591453","135.632536"
"堅下北中学校","大阪府柏原市平野2-403-1","34.596702","135.633877"
"法善寺保育園","大阪府柏原市法善寺3-801","34.596611","135.624376"
"堅下北コミュニティ会館","大阪府柏原市法善寺4-348-1","34.596047","135.627944"
"（旧）堅下北幼稚園","大阪府柏原市法善寺4-348-1","34.596299","135.628384"
"堅下北小学校","大阪府柏原市法善寺4-359-5","34.597494","135.628021"
"東大阪大学柏原高等学校","大阪府柏原市本郷5-993","34.590531","135.609354"
"安中第２公園","大阪府八尾市安中町9-102","34.614877","135.602639"
"安中第１公園","大阪府八尾市栄町2-163","34.621945","135.59541"
"永畑小学校運動場","大阪府八尾市永畑町1-2-27","34.612491","135.597926"
"恩智中町公園","大阪府八尾市恩智中町1-203","34.607456","135.626873"
"恩智城址公園","大阪府八尾市恩智中町5-139","34.606423","135.633845"
"南高安中学校運動場","大阪府八尾市恩智北町3-13","34.613091","135.631254"
"南高安小学校運動場","大阪府八尾市恩智北町4-650","34.610191","135.633096"
"垣内公園","大阪府八尾市垣内5-126","34.615915","135.636505"
"萱振公園","大阪府八尾市萱振町2-38-1","34.63857","135.607384"
"府立八尾北高等学校運動場","大阪府八尾市萱振町7-42","34.643193","135.604407"
"亀井小学校運動場","大阪府八尾市亀井町1-4-1","34.616388","135.579289"
"亀井公園","大阪府八尾市亀井町3-27","34.618395","135.577153"
"久宝園公園","大阪府八尾市久宝園3-128","34.637422","135.587724"
"久宝寺小学校運動場","大阪府八尾市久宝寺2-2-33","34.628465","135.59043"
"久宝寺中学校運動場","大阪府八尾市久宝寺2-4-33","34.629755","135.590189"
"久宝寺第１公園","大阪府八尾市久宝寺4-39-2","34.626135","135.588048"
"久宝寺第２公園","大阪府八尾市久宝寺4-86","34.626058","135.589331"
"弓削公園","大阪府八尾市弓削町3-42","34.598339","135.615159"
"教興寺第２公園","大阪府八尾市教興寺1-204","34.620776","135.630977"
"教興寺第１公園","大阪府八尾市教興寺5-180","34.616552","135.630664"
"刑部小学校運動場","大阪府八尾市刑部3-29-1","34.613376","135.61797"
"桂公園","大阪府八尾市桂町3-49","34.646038","135.609894"
"桂中学校運動場","大阪府八尾市桂町4-47","34.644022","135.611346"
"桂小学校運動場","大阪府八尾市桂町4-50-2","34.643775","135.610933"
"桂小学校運動場（旧敷地）","大阪府八尾市桂町4-57","34.644459","135.608886"
"光町公園","大阪府八尾市光町2-5","34.631026","135.606793"
"光南公園","大阪府八尾市光南町2-54","34.623","135.599866"
"幸第２公園","大阪府八尾市幸町1-1-1","34.647002","135.607748"
"幸第１公園","大阪府八尾市幸町6-2-1","34.65009","135.607749"
"高安町南公園","大阪府八尾市高安町南3-70","34.616591","135.62717"
"高安西小学校運動場","大阪府八尾市高安町北4-15","34.622462","135.63009"
"府立八尾高等学校運動場","大阪府八尾市高町1-74","34.624581","135.595177"
"高美中学校運動場","大阪府八尾市高美町2-1-22","34.622115","135.608631"
"高美小学校運動場","大阪府八尾市高美町3-1-26","34.620644","135.608522"
"高美南小学校運動場","大阪府八尾市高美町6-1-11","34.613596","135.608468"
"桜ヶ丘公園","大阪府八尾市桜ヶ丘1-33","34.629667","135.607383"
"用和小学校運動場","大阪府八尾市山城町3-1-46","34.6349","135.600816"
"山本町南公園","大阪府八尾市山本町南3-26","34.624979","135.61992"
"南山本小学校運動場","大阪府八尾市山本町南7-1-9","34.620928","135.618067"
"曙川中学校運動場","大阪府八尾市山本町南8-18-1","34.620174","135.617163"
"山本町南第２公園","大阪府八尾市山本町南8-228","34.620011","135.616134"
"府立山本高等学校運動場","大阪府八尾市山本町北1-1-44","34.634165","135.617351"
"山本小学校運動場","大阪府八尾市山本町北2-6-39","34.635558","135.618407"
"山本町北第１公園","大阪府八尾市山本町北4-24-1","34.638757","135.618588"
"山本町北第２公園","大阪府八尾市山本町北7-2","34.645679","135.617509"
"志紀中学校運動場","大阪府八尾市志紀町西2-2","34.599759","135.606858"
"志紀町西公園","大阪府八尾市志紀町西3-16","34.601674","135.610016"
"若林第１公園","大阪府八尾市若林町3-126-2","34.59616","135.578002"
"若林第２公園","大阪府八尾市若林町3-28","34.592813","135.58324"
"渋川公園","大阪府八尾市渋川町4-73-2","34.620499","135.592277"
"春日公園","大阪府八尾市春日町4-13","34.61753","135.59048"
"曙川東小学校運動場","大阪府八尾市曙川東8-136","34.60055","135.621006"
"小阪合公園","大阪府八尾市小阪合町3-93-2","34.62643","135.61609"
"沼公園","大阪府八尾市沼3-119","34.585495","135.601668"
"上之島中学校運動場","大阪府八尾市上之島町南6-5-1","34.634928","135.626901"
"上之島小学校運動場","大阪府八尾市上之島町北3-22-1","34.63895","135.623284"
"上尾公園","大阪府八尾市上尾町3-22-2","34.635839","135.632176"
"植松公園","大阪府八尾市植松町7-136-1","34.613924","135.594357"
"新家公園","大阪府八尾市新家町2-74","34.645407","135.597102"
"府立八尾翠翔高等学校運動場","大阪府八尾市神宮寺3-107","34.600275","135.62782"
"教育センター（旧高安中学校運動場）","大阪府八尾市水越2-117","34.633857","135.636739"
"（旧）北高安小学校運動場","大阪府八尾市水越2-98","34.633582","135.638938"
"水越公園","大阪府八尾市水越8-67","34.63497","135.645198"
"成法中学校運動場","大阪府八尾市清水町2-2-5","34.622754","135.601563"
"西弓削公園","大阪府八尾市西弓削1-19","34.595348","135.607238"
"西山本小学校運動場","大阪府八尾市西山本町3-5-25","34.632134","135.613586"
"西山本公園","大阪府八尾市西山本町5-67-3","34.630281","135.616415"
"大正北小学校運動場","大阪府八尾市西木の本2-141","34.599785","135.583779"
"大正中学校運動場","大阪府八尾市西木の本3-83","34.600669","135.581819"
"青山第２公園","大阪府八尾市青山町4-211","34.620991","135.611027"
"青山第１公園","大阪府八尾市青山町5-214","34.621155","135.613107"
"跡部本町公園","大阪府八尾市跡部本町3-99","34.615516","135.581785"
"高安小中学校運動場","大阪府八尾市千塚2-25","34.632486","135.638088"
"太子堂公園","大阪府八尾市太子堂4-18","34.614628","135.586721"
"太田第２公園","大阪府八尾市太田2-124","34.591631","135.59128"
"大正小学校運動場","大阪府八尾市太田3-183","34.591531","135.587963"
"太田第１公園","大阪府八尾市太田6-119","34.588327","135.595873"
"太田第３公園","大阪府八尾市太田7-55-4","34.588312","135.59934"
"曙川南中学校運動場","大阪府八尾市大字八尾木167","34.609518","135.619149"
"竹渕第１公園","大阪府八尾市竹渕4-152","34.617152","135.56635"
"竹渕小学校運動場","大阪府八尾市竹渕東4-1","34.617187","135.570868"
"中田第１公園","大阪府八尾市中田4-118","34.617689","135.613375"
"中田第２公園","大阪府八尾市中田5-84","34.616971","135.616243"
"長池小学校運動場","大阪府八尾市長池町2-52-2","34.639519","135.611628"
"長池公園","大阪府八尾市長池町2-72-3","34.638325","135.610616"
"天王寺屋公園","大阪府八尾市天王寺屋4-257","34.605432","135.613405"
"志紀小学校運動場","大阪府八尾市田井中3-101","34.60255","135.606236"
"田井中公園","大阪府八尾市田井中4-229","34.600633","135.602635"
"都塚南公園","大阪府八尾市都塚南2-109","34.601516","135.620558"
"都塚北公園","大阪府八尾市都塚北2-13","34.608628","135.622686"
"東山本新町第２公園","大阪府八尾市東山本新町8-296-1","34.623877","135.630584"
"東山本公園","大阪府八尾市東山本町4-70-2","34.630973","135.622196"
"東山本小学校運動場","大阪府八尾市東山本町9-3-33","34.631136","135.628439"
"龍華小学校運動場","大阪府八尾市東太子1-6-12","34.61638","135.589087"
"東中学校運動場","大阪府八尾市東町3-8","34.631068","135.629848"
"亀井中学校運動場","大阪府八尾市南亀井町4-1-48","34.614066","135.578768"
"南小阪合公園","大阪府八尾市南小阪合町1-61","34.62461","135.612482"
"南植松公園","大阪府八尾市南植松町5-285","34.60936","135.591711"
"龍華中学校運動場","大阪府八尾市南太子堂3-1-70","34.611713","135.587908"
"南太子堂公園","大阪府八尾市南太子堂3-78-1","34.609965","135.58801"
"南本町第２公園","大阪府八尾市南本町4-19","34.622058","135.607784"
"南本町第１公園","大阪府八尾市南本町8-66-1","34.613289","135.60737"
"南木の本公園","大阪府八尾市南木の本2-13-35","34.605022","135.590225"
"南木の本第２公園（南木の本防災公園）","大阪府八尾市南木の本3-1-1","34.605857","135.58828"
"曙川公園","大阪府八尾市八尾木5-33-4","34.607427","135.616285"
"曙川小学校運動場","大阪府八尾市八尾木東2-28","34.608995","135.617002"
"八尾木北第１公園","大阪府八尾市八尾木北4-68","34.613221","135.611873"
"八尾木北第２公園","大阪府八尾市八尾木北6-96","34.614027","135.616843"
"美園小学校運動場","大阪府八尾市美園町2-51-1","34.638189","135.594964"
"美園公園","大阪府八尾市美園町2-81-1","34.636917","135.595028"
"（旧）中高安小学校運動場","大阪府八尾市服部川6-200","34.628529","135.639907"
"北山本小学校運動場","大阪府八尾市福万寺町2-1","34.643685","135.620913"
"北亀井町公園","大阪府八尾市北亀井町3-203","34.620929","135.577203"
"北本町第１公園","大阪府八尾市北本町2-216","34.631847","135.602557"
"八尾小学校運動場","大阪府八尾市本町1-1-65","34.62621","135.601334"
"本町第２公園","大阪府八尾市本町3-206-2","34.626877","135.595855"
"明美第２公園","大阪府八尾市明美町1-1-1","34.62198","135.602471"
"明美公園","大阪府八尾市明美町2-44-8","34.618462","135.602514"
"木の本公園","大阪府八尾市木の本1-64","34.600688","135.587626"
"安中小学校運動場","大阪府八尾市陽光園2-7-33","34.618517","135.600245"
"龍華東公園","大阪府八尾市龍華町1-1","34.620051","135.58928"
"八尾中学校運動場","大阪府八尾市緑ヶ丘1-17","34.636141","135.607949"
"老原第２公園","大阪府八尾市老原2-63","34.609058","135.601132"
"老原第１公園","大阪府八尾市老原7-43","34.605121","135.599534"
"府立富田林支援学校","大阪府富田林市甘南備216","34.454478","135.596017"
"河川敷（旧）喜志プール横グラウンド","大阪府富田林市喜志町１－５先","34.521516","135.616099"
"久野喜台小学校","大阪府富田林市久野喜台1-16-1","34.500109","135.56272"
"金剛中央公園","大阪府富田林市久野喜台2-2","34.497787","135.566778"
"府立河南高等学校","大阪府富田林市錦ケ丘町1-15","34.499051","135.591673"
"錦郡小学校","大阪府富田林市錦織南1-8-1","34.478825","135.582225"
"大阪大谷大学","大阪府富田林市錦織北3-11-1","34.482655","135.579919"
"金剛東中央公園","大阪府富田林市向陽台3-2","34.502695","135.579401"
"藤陽中学校","大阪府富田林市向陽台3-4-1","34.505133","135.579305"
"向陽台小学校","大阪府富田林市向陽台5-1-1","34.50694","135.580802"
"高辺台小学校","大阪府富田林市高辺台3-1-1","34.499743","135.569276"
"第三中学校","大阪府富田林市佐備15","34.486534","135.607125"
"石川河川公園","大阪府富田林市山中田町1-9","34.501059","135.611342"
"金剛中学校","大阪府富田林市寺池台1-1-1","34.49556","135.567999"
"寺池台小学校","大阪府富田林市寺池台4-3-1","34.490462","135.566691"
"新堂小学校","大阪府富田林市若松町4-5-4","34.508084","135.609379"
"第一中学校","大阪府富田林市寿町1-3-5","34.49951","135.594607"
"明治池中学校","大阪府富田林市小金台2-11-1","34.497478","135.581681"
"小金台小学校","大阪府富田林市小金台3-11-1","34.496732","135.579893"
"富田林小学校","大阪府富田林市常盤町16-20","34.499539","135.597978"
"川西小学校","大阪府富田林市新家1-3-1","34.493498","135.587848"
"第二中学校","大阪府富田林市新家1-4-1","34.492941","135.586303"
"河川敷若松東グラウンド","大阪府富田林市新堂２６４２－１先","34.504824","135.613759"
"河川敷喜志グラウンド","大阪府富田林市西条町１－９４４先","34.51604","135.619436"
"河川敷川西グラウンド","大阪府富田林市西板持町１－１２６先","34.493176","135.598549"
"河川敷西板持グラウンド","大阪府富田林市西板持町４－４先","34.487543","135.593989"
"ＰＬ学園グラウンド","大阪府富田林市大字喜志2055","34.522285","135.597749"
"利晶学園中学校・高等学校","大阪府富田林市大字彼方1801","34.472171","135.590084"
"府立富田林中学校・高等学校","大阪府富田林市谷川町4-30","34.498098","135.598678"
"津々山台公園","大阪府富田林市津々山台2-3","34.495754","135.577024"
"府立金剛高等学校","大阪府富田林市藤沢台2-1-1","34.503574","135.573747"
"藤沢台小学校","大阪府富田林市藤沢台2-3-1","34.505261","135.573444"
"葛城中学校","大阪府富田林市藤沢台3-4-1","34.503909","135.569501"
"藤沢台公園","大阪府富田林市藤沢台5-1","34.507045","135.571472"
"大伴小学校","大阪府富田林市南大伴町1-2-20","34.497437","135.616925"
"喜志中学校","大阪府富田林市梅の里1-7-1","34.523728","135.598684"
"喜志西小学校","大阪府富田林市梅の里4-6-1","34.526472","135.593009"
"彼方小学校西館","大阪府富田林市彼方411","34.479906","135.59042"
"河川敷石川グラウンド","大阪府富田林市富田林町１８先","34.498159","135.602666"
"伏見堂ちびっこ老人憩いの広場","大阪府富田林市伏見堂362-1","34.468282","135.584556"
"結のぞみ病院","大阪府富田林市伏見堂95","34.472346","135.580421"
"伏山台小学校","大阪府富田林市伏山2-1-1","34.488308","135.562982"
"喜志小学校","大阪府富田林市木戸山町1-36","34.524379","135.611527"
"熊野田公園","大阪府豊中市旭丘60-3","34.785302","135.479578"
"さくら広場","大阪府豊中市稲津町1-11","34.75368","135.475623"
"谷田公園","大阪府豊中市岡町南1-142","34.776379","135.464138"
"ともだちこども園","大阪府豊中市岡町北3-13-7","34.781816","135.460479"
"轟木公園","大阪府豊中市岡町北3-39","34.781084","135.460396"
"克明小学校グラウンド","大阪府豊中市岡町北3-4-1","34.781607","135.463239"
"克明小学校体育館及び校舎の一部","大阪府豊中市岡町北3-4-1","34.781195","135.46338"
"岡町図書館","大阪府豊中市岡町北3-4-2","34.780356","135.463509"
"第二中学校グラウンド","大阪府豊中市宮山町2-1-1","34.805441","135.461425"
"第二中学校体育館及び校舎の一部","大阪府豊中市宮山町2-1-1","34.806115","135.461419"
"赤坂上池公園","大阪府豊中市宮山町3-80-1","34.807869","135.459502"
"玉井町西公園","大阪府豊中市玉井町3-103-1","34.78624","135.453955"
"久保公園","大阪府豊中市玉井町3-146-1","34.787731","135.454033"
"熊野東公園","大阪府豊中市熊野町2-93-2","34.789183","135.4838"
"八坂公園","大阪府豊中市熊野町3-30","34.790468","135.483526"
"第十五中学校グラウンド","大阪府豊中市熊野町3-8-1","34.790988","135.485635"
"第十五中学校体育館及び校舎の一部","大阪府豊中市熊野町3-8-1","34.791307","135.485596"
"熊野北公園","大阪府豊中市熊野町4-198","34.78964","135.479123"
"第三中学校グラウンド","大阪府豊中市栗ケ丘町1-1","34.785159","135.473865"
"第三中学校体育館及び校舎の一部","大阪府豊中市栗ケ丘町1-1","34.7857","135.474026"
"蛍池こども園","大阪府豊中市蛍池西町1-18-5","34.793838","135.445696"
"蛍池センター","大阪府豊中市蛍池中町1-1-1","34.791344","135.450547"
"蛍池小学校体育館及び校舎の一部","大阪府豊中市蛍池中町1-15-1","34.790285","135.448327"
"蛍池小学校グラウンド","大阪府豊中市蛍池中町1-15-1","34.789916","135.448363"
"麻田公園","大阪府豊中市蛍池中町1-91","34.791245","135.449165"
"蛍ヶ池公園","大阪府豊中市蛍池中町4-67-5","34.796316","135.447756"
"第十八中学校体育館及び校舎の一部","大阪府豊中市蛍池中町4-7-1","34.795368","135.447086"
"第十八中学校グラウンド","大阪府豊中市蛍池中町4-7-1","34.79525","135.447113"
"人権平和センター蛍池","大阪府豊中市蛍池北町2-3-1","34.797709","135.444722"
"蛍池北青少年運動広場","大阪府豊中市蛍池北町3-3","34.796027","135.443297"
"原田小学校体育館及び校舎の一部","大阪府豊中市原田元町1-17-1","34.774012","135.461109"
"原田小学校グラウンド","大阪府豊中市原田元町1-17-1","34.773515","135.461031"
"原田公園","大阪府豊中市原田元町1-37","34.77471","135.458631"
"原田こども園","大阪府豊中市原田元町2-22-1","34.77177","135.459706"
"野畑南公園","大阪府豊中市向丘2-1-1","34.808135","135.470349"
"野畑小学校体育館及び校舎の一部","大阪府豊中市向丘3-1-1","34.81236","135.473419"
"野畑小学校グラウンド","大阪府豊中市向丘3-1-1","34.81215","135.472451"
"桜の町公園","大阪府豊中市桜の町2-38-17","34.799098","135.46485"
"内田公園","大阪府豊中市桜の町4-94-1","34.801933","135.466338"
"桜井谷東小学校グラウンド","大阪府豊中市桜の町7-5-1","34.805199","135.46953"
"桜井谷東小学校体育館及び校舎の一部","大阪府豊中市桜の町7-5-1","34.805389","135.469023"
"ＳＯＭＰＯケアそんぽの家Ｓ庄内","大阪府豊中市三和町1-2-23","34.743217","135.47374"
"菰江公園","大阪府豊中市三和町3-138-2","34.741145","135.473999"
"山ノ上公園","大阪府豊中市山ノ上町21","34.781373","135.455479"
"てらうちこども園","大阪府豊中市寺内1-12-1","34.772034","135.492231"
"寺内小学校体育館及び校舎の一部","大阪府豊中市寺内2-15-1","34.771711","135.494129"
"寺内小学校グラウンド","大阪府豊中市寺内2-15-1","34.771439","135.493383"
"第十三中学校グラウンド","大阪府豊中市柴原町2-14-1","34.79891","135.459911"
"第十三中学校体育館及び校舎の一部","大阪府豊中市柴原町2-14-1","34.798125","135.459853"
"柴原南公園","大阪府豊中市柴原町2-85-1","34.798421","135.46046"
"桜井谷小学校体育館及び校舎の一部","大阪府豊中市柴原町3-11-1","34.803775","135.462925"
"桜井谷小学校グラウンド","大阪府豊中市柴原町3-11-1","34.803325","135.462939"
"桜井谷こども園","大阪府豊中市柴原町3-11-35","34.804548","135.462495"
"柴原体育館","大阪府豊中市柴原町4-4-18","34.800401","135.45956"
"見徳山公園","大阪府豊中市柴原町5-7-1","34.801827","135.460941"
"野畑公園","大阪府豊中市春日町2-65","34.809086","135.466725"
"野畑図書館","大阪府豊中市春日町4-11-1","34.811501","135.4701"
"春日北公園","大阪府豊中市春日町5-1906","34.815057","135.472589"
"勝部センター","大阪府豊中市勝部1-5-8","34.774758","135.45578"
"勝部広場","大阪府豊中市勝部2-8","34.773776","135.454714"
"勝部３丁目児童遊園","大阪府豊中市勝部3-1816","34.778557","135.454533"
"小曽根南公園","大阪府豊中市小曾根5-41","34.754791","135.486307"
"小曽根公園","大阪府豊中市小曽根1-1647","34.760144","135.485652"
"小曽根小学校体育館及び校舎の一部","大阪府豊中市小曽根1-2-1","34.763734","135.484548"
"小曽根小学校グラウンド","大阪府豊中市小曽根1-2-1","34.763394","135.484271"
"羽鷹池公園","大阪府豊中市少路1-2100","34.804876","135.473643"
"少路１丁目公園","大阪府豊中市少路1-2105","34.804997","135.474206"
"旧島田小学校体育館及び校舎の一部","大阪府豊中市庄内栄町2-20-1","34.749153","135.465073"
"旧島田小学校グラウンド","大阪府豊中市庄内栄町2-20-1","34.748727","135.464855"
"庄内公園","大阪府豊中市庄内栄町4-30","34.745503","135.467519"
"島田公園","大阪府豊中市庄内幸町1-173","34.753679","135.468649"
"庄内北公園","大阪府豊中市庄内幸町1-71-3","34.752643","135.470127"
"庄内幸町ひろば","大阪府豊中市庄内幸町3-77-1","34.748575","135.470001"
"庄内さくら学園体育館及び校舎の一部","大阪府豊中市庄内幸町4-29-2","34.746504","135.470014"
"庄内さくら学園グランド","大阪府豊中市庄内幸町4-29-2","34.746341","135.469547"
"西町公園","大阪府豊中市庄内西町4-55","34.745904","135.473527"
"イオンタウン豊中庄内","大阪府豊中市庄内西町5-1-22","34.744264","135.47559"
"庄内東公園","大阪府豊中市庄内東町6-78","34.745035","135.477861"
"庄本公園","大阪府豊中市庄本町3-128-1","34.740322","135.460422"
"ＳＯＭＰＯケアそんぽの家豊中庄本町","大阪府豊中市庄本町3-9-20","34.739845","135.46149"
"庄内西小学校体育館及び校舎の一部","大阪府豊中市庄本町4-1-10","34.739024","135.461539"
"庄内西小学校グラウンド","大阪府豊中市庄本町4-1-10","34.738704","135.461622"
"上新田１丁目公園","大阪府豊中市上新田1-1-13","34.802621","135.494631"
"オタビ池公園","大阪府豊中市上新田1-16","34.800868","135.495243"
"新田小学校グラウンド","大阪府豊中市上新田2-19-1","34.804658","135.499334"
"新田小学校体育館及び校舎の一部","大阪府豊中市上新田2-19-1","34.804788","135.49882"
"しんでんこども園","大阪府豊中市上新田3-7-1","34.798637","135.496875"
"新田南公園","大阪府豊中市上新田4-2035-1","34.800021","135.50093"
"新田南小学校グラウンド","大阪府豊中市上新田4-9-1","34.800956","135.50064"
"新田南小学校体育館及び校舎の一部","大阪府豊中市上新田4-9-1","34.800959","135.501611"
"キコーナ上津島店の一部","大阪府豊中市上津島3-11-25","34.75835","135.461288"
"豊島西小学校グラウンド","大阪府豊中市上津島3-4-1","34.759084","135.458556"
"豊島西小学校体育館及び校舎の一部","大阪府豊中市上津島3-4-1","34.75947","135.458376"
"上野坂公園","大阪府豊中市上野坂2-1028","34.8029","135.474222"
"豊中高等学校グラウンド","大阪府豊中市上野西2-5-12","34.794915","135.470574"
"兎川公園","大阪府豊中市上野東1-20","34.790634","135.476854"
"堀田公園","大阪府豊中市上野東2-171","34.793596","135.472936"
"上野小学校体育館及び校舎の一部","大阪府豊中市上野東2-8-8","34.795523","135.475887"
"上野小学校グラウンド","大阪府豊中市上野東2-8-8","34.795172","135.475618"
"緑地小学校体育館及び校舎の一部","大阪府豊中市城山町4-1-1","34.7725","135.479729"
"緑地小学校グラウンド","大阪府豊中市城山町4-1-1","34.772049","135.479566"
"西丘こども園","大阪府豊中市新千里西町2-2-1","34.808737","135.48957"
"西丘小学校体育館及び校舎の一部","大阪府豊中市新千里西町2-23-1","34.811059","135.489512"
"西丘小学校グラウンド","大阪府豊中市新千里西町2-23-1","34.810483","135.489306"
"千里西町公園","大阪府豊中市新千里西町2-4-88","34.80982","135.488215"
"からたち公園","大阪府豊中市新千里西町3-5-118","34.812953","135.490149"
"千里文化センター","大阪府豊中市新千里東町1-2-2","34.81059","135.494525"
"千里東町公園","大阪府豊中市新千里東町2-3","34.810113","135.498944"
"東丘こども園","大阪府豊中市新千里東町2-6-1","34.810385","135.501845"
"東丘小学校グラウンド","大阪府豊中市新千里東町3-1-1","34.811307","135.501792"
"東丘小学校体育館及び校舎の一部","大阪府豊中市新千里東町3-1-1","34.811878","135.501759"
"第八中学校グラウンド","大阪府豊中市新千里東町3-2-1","34.814255","135.501474"
"第八中学校体育館及び校舎の一部","大阪府豊中市新千里東町3-2-1","34.813181","135.501773"
"もくせい公園","大阪府豊中市新千里東町3-4-1","34.81385","135.502687"
"千里体育館","大阪府豊中市新千里東町3-8-1","34.807804","135.504108"
"千里中央公園","大阪府豊中市新千里東町3-9","34.810552","135.505144"
"千里南町公園","大阪府豊中市新千里南町1-3-1","34.803063","135.49069"
"第九中学校グラウンド","大阪府豊中市新千里南町1-4-1","34.805456","135.489493"
"第九中学校体育館及び校舎の一部","大阪府豊中市新千里南町1-4-1","34.804826","135.490196"
"千里青雲高等学校グラウンド","大阪府豊中市新千里南町1-5-1","34.805058","135.487094"
"南丘小学校体育館及び校舎の一部","大阪府豊中市新千里南町2-13-1","34.800084","135.490852"
"南丘小学校グラウンド","大阪府豊中市新千里南町2-13-1","34.799371","135.491048"
"つばき公園","大阪府豊中市新千里南町3-5","34.794015","135.495101"
"千里北町公園","大阪府豊中市新千里北町1-16-48","34.816366","135.496052"
"つつじ公園","大阪府豊中市新千里北町2-18-13","34.820358","135.497205"
"北丘小学校グラウンド","大阪府豊中市新千里北町2-19-1","34.819791","135.496532"
"北丘小学校体育館及び校舎の一部","大阪府豊中市新千里北町2-19-1","34.819234","135.496219"
"樫の木公園","大阪府豊中市新千里北町3-19-1","34.816561","135.501098"
"ひらど公園","大阪府豊中市新千里北町3-4-3","34.815506","135.498508"
"アルゴセブンの一部","大阪府豊中市神州町1-15","34.738579","135.479471"
"泉丘小学校体育館及び校舎の一部","大阪府豊中市西泉丘1-10-1","34.784932","135.484425"
"泉丘小学校グラウンド","大阪府豊中市西泉丘1-10-1","34.784704","135.483556"
"旭丘こども園","大阪府豊中市西泉丘1-9-1","34.78538","135.483012"
"第十七中学校グラウンド","大阪府豊中市西泉丘2-2432-2","34.783285","135.486619"
"第十七中学校体育館及び校舎の一部","大阪府豊中市西泉丘2-2432-2","34.782771","135.486609"
"少路小学校グラウンド","大阪府豊中市西緑丘2-10-1","34.809735","135.478216"
"少路小学校体育館及び校舎の一部","大阪府豊中市西緑丘2-10-1","34.810145","135.478628"
"第十一中学校体育館及び校舎の一部","大阪府豊中市西緑丘2-11-1","34.809595","135.47971"
"第十一中学校グラウンド","大阪府豊中市西緑丘2-11-1","34.80915","135.479155"
"西緑丘新池公園","大阪府豊中市西緑丘3-394-11","34.812541","135.477347"
"熊野田小学校体育館及び校舎の一部","大阪府豊中市赤坂1-5-1","34.787119","135.47707"
"熊野田小学校グラウンド","大阪府豊中市赤坂1-5-1","34.787377","135.476182"
"千成センター","大阪府豊中市千成町2-4-28","34.736565","135.471523"
"第一中学校体育館及び校舎の一部","大阪府豊中市曽根西町1-6-1","34.770018","135.466335"
"第一中学校グラウンド","大阪府豊中市曽根西町1-6-1","34.769816","135.466919"
"曽根西センター","大阪府豊中市曽根西町4-5-1","34.77387","135.464371"
"アクア文化ホール","大阪府豊中市曽根東町3-7-1","34.770295","135.470057"
"中央公民館","大阪府豊中市曽根東町3-7-3","34.770548","135.469645"
"曽根東センター","大阪府豊中市曽根東町5-13-12","34.768839","135.472132"
"中豊島小学校グラウンド","大阪府豊中市曽根東町6-13-1","34.767711","135.4736"
"中豊島小学校体育館及び校舎の一部","大阪府豊中市曽根東町6-13-1","34.768093","135.473808"
"豊島公園","大阪府豊中市曽根南町1-6","34.766816","135.469637"
"豊島北小学校グラウンド","大阪府豊中市曽根南町2-19-1","34.766144","135.465937"
"豊島北小学校体育館及び校舎の一部","大阪府豊中市曽根南町2-19-1","34.766569","135.465934"
"走井センター","大阪府豊中市走井1-21-9","34.779818","135.454864"
"キコーナ豊中南店の一部","大阪府豊中市走井2-11-7","34.781818","135.448272"
"走井２丁目空港ひろば","大阪府豊中市走井2-156-2","34.779802","135.449005"
"庄内南小学校体育館及び校舎の一部","大阪府豊中市大黒町1-2-15","34.741814","135.471564"
"庄内南小学校グラウンド","大阪府豊中市大黒町1-2-15","34.741468","135.471749"
"大黒住宅（１棟）","大阪府豊中市大黒町2-19-1","34.740092","135.472588"
"大黒住宅（２棟）","大阪府豊中市大黒町2-20-2","34.73992","135.472381"
"大黒町公園","大阪府豊中市大黒町2-217-1","34.740298","135.471672"
"大黒町南公園","大阪府豊中市大黒町3-76-3","34.73893","135.468509"
"大島センター","大阪府豊中市大島町2-19-12","34.736195","135.467207"
"神崎川日光ハイツ","大阪府豊中市大島町3-11-20","34.730957","135.468436"
"神崎川公園","大阪府豊中市大島町3-19-7","34.733392","135.464369"
"地域共生センター","大阪府豊中市中桜塚2-28-8","34.778958","135.467928"
"桜塚公園","大阪府豊中市中桜塚2-42-1","34.779432","135.468181"
"桜塚高等学校グラウンド","大阪府豊中市中桜塚4-1-1","34.783133","135.471701"
"大塚公園","大阪府豊中市中桜塚4-95","34.779364","135.472522"
"下原公園","大阪府豊中市中桜塚5-164","34.780763","135.475579"
"長興寺公園","大阪府豊中市長興寺南1-51","34.773678","135.473656"
"長興寺南公園","大阪府豊中市長興寺南4-30","34.774338","135.477778"
"住吉公園","大阪府豊中市長興寺北2-380","34.778469","135.477638"
"刀根山小学校体育館及び校舎の一部","大阪府豊中市刀根山5-2-1","34.79675","135.451719"
"刀根山小学校グラウンド","大阪府豊中市刀根山5-2-1","34.796024","135.451687"
"とねやまこども園","大阪府豊中市刀根山6-1-15","34.797416","135.452391"
"刀根山高等学校グラウンド","大阪府豊中市刀根山6-9-1","34.798455","135.452639"
"山ヶ池公園","大阪府豊中市刀根山6-97-2","34.797683","135.452069"
"刀根山公園","大阪府豊中市刀根山元町202","34.797738","135.457011"
"島江西住宅","大阪府豊中市島江町1-2-8","34.741848","135.468318"
"島江北公園","大阪府豊中市島江町1-61-3","34.741144","135.467607"
"寺内配水場北側（配水場外）","大阪府豊中市東寺内町15","34.776431","135.497322"
"寺内北公園","大阪府豊中市東寺内町317-1","34.775334","135.49673"
"寺内南公園","大阪府豊中市東寺内町320","34.772958","135.495738"
"東泉丘小学校体育館及び校舎の一部","大阪府豊中市東泉丘3-2-1","34.78787","135.492378"
"東泉丘小学校グラウンド","大阪府豊中市東泉丘3-2-1","34.787654","135.49195"
"東泉丘４丁目第２公園","大阪府豊中市東泉丘4-3-1","34.783634","135.491215"
"東豊中小学校グラウンド","大阪府豊中市東豊中町5-1-1","34.796557","135.48463"
"東豊中小学校体育館及び校舎の一部","大阪府豊中市東豊中町5-1-1","34.797221","135.484394"
"二ノ切池公園","大阪府豊中市東豊中町5-132","34.795401","135.491041"
"ゆたかこども園","大阪府豊中市東豊中町5-2-1","34.794945","135.488104"
"東豊中図書館","大阪府豊中市東豊中町5-2-1","34.795102","135.488178"
"東豊中こども園","大阪府豊中市東豊中町5-3-1","34.795179","135.484247"
"東豊台小学校グラウンド","大阪府豊中市東豊中町6-2-1","34.794764","135.479402"
"東豊台小学校体育館及び校舎の一部","大阪府豊中市東豊中町6-2-1","34.795345","135.479267"
"萩ノ寺公園","大阪府豊中市南桜塚1-8-2","34.774247","135.46714"
"南桜塚小学校グラウンド","大阪府豊中市南桜塚2-2-1","34.778139","135.471919"
"南桜塚小学校体育館及び校舎の一部","大阪府豊中市南桜塚2-2-1","34.778422","135.47167"
"皿池公園","大阪府豊中市南桜塚4-418","34.779037","135.478833"
"二葉第３住宅","大阪府豊中市二葉町1-15-20","34.736989","135.464488"
"二葉住宅","大阪府豊中市二葉町1-15-5","34.737559","135.463857"
"二葉町北第２公園","大阪府豊中市二葉町1-734-1","34.738538","135.464149"
"第十二中学校体育館及び校舎の一部","大阪府豊中市浜2-14-1","34.759953","135.481813"
"第十二中学校グラウンド","大阪府豊中市浜2-14-1","34.759362","135.482484"
"ふれあい緑地遊戯広場","大阪府豊中市服部寿町3-11","34.759311","135.468118"
"ふれあい緑地少年野球場","大阪府豊中市服部寿町4-3","34.760218","135.466706"
"ふれあい緑地庭球場及び駐車場","大阪府豊中市服部寿町4-7","34.758649","135.467285"
"ふれあい緑地芝生広場－３","大阪府豊中市服部寿町5-56","34.760236","135.46542"
"ロイヤルホームセンター豊中","大阪府豊中市服部寿町5-92-1","34.760095","135.462985"
"豊島小学校グラウンド","大阪府豊中市服部西町3-6-5","34.762101","135.47058"
"豊島小学校体育館及び校舎の一部","大阪府豊中市服部西町3-6-5","34.762509","135.470637"
"豊島体育館","大阪府豊中市服部西町4-12-1","34.763254","135.467575"
"青少年交流文化館いぶき","大阪府豊中市服部西町4-13-1","34.763132","135.466437"
"武道館ひびき","大阪府豊中市服部西町4-13-2","34.763469","135.466443"
"ふれあい緑地遊戯広場－２","大阪府豊中市服部西町4-7","34.761173","135.466495"
"豊島温水プール","大阪府豊中市服部西町5-1","34.76231","135.465262"
"ふれあい緑地芝生広場－２","大阪府豊中市服部西町5-20","34.761547","135.464289"
"豊島温水プール駐車場","大阪府豊中市服部西町5-5","34.76221","135.464495"
"ふれあい緑地芝生広場－１","大阪府豊中市服部西町5-6","34.762119","135.463855"
"服部こども園","大阪府豊中市服部本町2-5-7","34.765013","135.477184"
"第四中学校グラウンド","大阪府豊中市服部本町4-5-7","34.767808","135.475715"
"第四中学校体育館及び校舎の一部","大阪府豊中市服部本町4-5-7","34.768313","135.475585"
"服部図書館","大阪府豊中市服部本町5-2-8","34.769345","135.477354"
"穂積南公園","大阪府豊中市穂積1-498-1","34.756464","135.470703"
"山ノ上センター","大阪府豊中市宝山町7-5","34.780673","135.45772"
"豊南小学校体育館及び校舎の一部","大阪府豊中市豊南町西2-19-1","34.749963","135.481527"
"豊南小学校グラウンド","大阪府豊中市豊南町西2-19-1","34.749471","135.481372"
"高川小学校体育館及び校舎の一部","大阪府豊中市豊南町東1-1-1","34.753785","135.484165"
"高川小学校グラウンド","大阪府豊中市豊南町東1-1-1","34.753541","135.485028"
"万代豊中豊南店","大阪府豊中市豊南町東3-1-20","34.750708","135.483927"
"豊南東公園","大阪府豊中市豊南町東3-15-1","34.750701","135.485855"
"チャンピオン豊中店","大阪府豊中市豊南町東4-8-13","34.747303","135.483895"
"大門公園","大阪府豊中市北桜塚1-27-1","34.782971","135.467247"
"生活情報センターくらしかん","大阪府豊中市北桜塚2-2-1","34.784325","135.468575"
"桜塚小学校グラウンド","大阪府豊中市北桜塚2-6-1","34.785275","135.468205"
"桜塚小学校体育館及び校舎の一部","大阪府豊中市北桜塚2-6-1","34.785301","135.467601"
"大曽公園","大阪府豊中市北桜塚4-47","34.786209","135.47204"
"北条西公園","大阪府豊中市北条町1-292-1","34.765148","135.482425"
"北条小学校グラウンド","大阪府豊中市北条町2-16-1","34.768482","135.485737"
"北条小学校体育館及び校舎の一部","大阪府豊中市北条町2-16-1","34.768539","135.484723"
"第十六中学校グラウンド","大阪府豊中市北条町3-18-1","34.766256","135.485504"
"第十六中学校体育館及び校舎の一部","大阪府豊中市北条町3-18-1","34.766618","135.48549"
"北条公園","大阪府豊中市北条町3-1879-2","34.76571","135.4857"
"第十四中学校グラウンド","大阪府豊中市北緑丘1-1-1","34.816043","135.474753"
"第十四中学校体育館及び校舎の一部","大阪府豊中市北緑丘1-1-1","34.816909","135.475023"
"のばたけこども園","大阪府豊中市北緑丘1-3-1","34.817949","135.474296"
"北緑丘こども園","大阪府豊中市北緑丘2-2-1","34.816845","135.478668"
"北緑丘小学校グラウンド","大阪府豊中市北緑丘2-4-1","34.817404","135.480071"
"北緑丘小学校体育館及び校舎の一部","大阪府豊中市北緑丘2-4-1","34.817449","135.479445"
"豊島高等学校グラウンド","大阪府豊中市北緑丘3-2-1","34.816997","135.487236"
"大池小学校グラウンド","大阪府豊中市本町1-7-12","34.788014","135.464151"
"大池小学校体育館及び校舎の一部","大阪府豊中市本町1-7-12","34.788018","135.463698"
"観音池公園","大阪府豊中市本町5-163","34.787948","135.465856"
"本町こども園","大阪府豊中市本町5-8-52","34.787459","135.467324"
"稲荷山公園","大阪府豊中市本町7-23-1","34.790125","135.46585"
"本町北公園","大阪府豊中市本町9-203-5","34.795791","135.465754"
"箕輪小学校体育館及び校舎の一部","大阪府豊中市箕輪1-1-1","34.782847","135.454478"
"箕輪小学校グラウンド","大阪府豊中市箕輪1-1-1","34.783308","135.45429"
"箕輪センター","大阪府豊中市箕輪1-20-1","34.786406","135.45307"
"箕輪３丁目公園","大阪府豊中市箕輪3-40-13","34.785673","135.448991"
"旧野田小学校体育館及び校舎の一部","大阪府豊中市野田町1-1","34.75335","135.472831"
"旧野田小学校グラウンド","大阪府豊中市野田町1-1","34.753277","135.47362"
"野田中央公園","大阪府豊中市野田町1505","34.75529","135.472451"
"野田第２住宅","大阪府豊中市野田町17-1","34.754437","135.471697"
"ＳＯＭＰＯケアそんぽの家豊中野田","大阪府豊中市野田町20-1","34.753919","135.471766"
"夕日丘公園","大阪府豊中市夕日丘1-696-1","34.784517","135.475898"
"ＳＯＭＰＯケアそんぽの家豊中戸利倉","大阪府豊中市利倉西2-1-1","34.760658","135.454723"
"第五中学校体育館及び校舎の一部","大阪府豊中市立花町1-10-1","34.785457","135.457499"
"第五中学校グラウンド","大阪府豊中市立花町1-10-1","34.784694","135.457232"
"緑丘公園","大阪府豊中市緑丘2-266-2","34.806667","135.481976"
"イオンタウン豊中緑丘","大阪府豊中市緑丘4-1","34.812193","135.478724"
"清谷池公園","大阪府豊中市緑丘4-214-19","34.815047","135.479995"
"緑丘北公園","大阪府豊中市緑丘5-80-12","34.816037","135.482459"
"吉川小学校体育館","大阪府豊能町吉川419","34.916121","135.445516"
"老人福祉センター豊寿荘","大阪府豊能町光風台5-1-2","34.900769","135.441384"
"高山コミュニティセンター","大阪府豊能町高山10","34.888685","135.489289"
"光風台小学校体育館","大阪府豊能町新光風台1-5-1","34.903651","135.431305"
"吉川中学校体育館","大阪府豊能町東ときわ台1-3-2","34.901898","135.44381"
"老人福祉センター永寿荘","大阪府豊能町木代1051","34.919108","135.500177"
"東能勢中学校体育館","大阪府豊能町余野159-2","34.919463","135.495242"
"伊加賀小学校","大阪府枚方市伊加賀西町53-1","34.803996","135.625208"
"枚方公園青少年センター","大阪府枚方市伊加賀東町6-8","34.811121","135.637649"
"磯島小学校","大阪府枚方市磯島北町3-1","34.826132","135.647808"
"高陵小学校","大阪府枚方市御殿山南町2-2","34.825441","135.656724"
"交北小学校","大阪府枚方市交北2-30-5","34.831551","135.676826"
"山田小学校","大阪府枚方市甲斐田町1-27","34.824401","135.669281"
"香里小学校","大阪府枚方市香里ケ丘10-5-2","34.785283","135.646543"
"香陽小学校","大阪府枚方市香里ケ丘11-36-1","34.787811","135.654714"
"開成小学校","大阪府枚方市香里ケ丘2-5","34.792629","135.656319"
"五常小学校","大阪府枚方市香里ケ丘6-9","34.797572","135.647367"
"第二中学校","大阪府枚方市香里園東之町20-26","34.78764","135.642671"
"春日小学校","大阪府枚方市高田2-15-10","34.780297","135.661405"
"山之上小学校","大阪府枚方市山之上1-32-1","34.799833","135.652111"
"川越小学校","大阪府枚方市釈尊寺町30-1","34.79078","135.668236"
"さだ西小学校","大阪府枚方市出口6-20-1","34.796342","135.620598"
"小倉小学校","大阪府枚方市小倉町29-1","34.836663","135.664567"
"平野小学校","大阪府枚方市招提中町1-53-1","34.837272","135.679485"
"招提小学校","大阪府枚方市招提東町2-2-8","34.836218","135.686188"
"牧野小学校","大阪府枚方市上島東町4-18","34.849405","135.675816"
"殿山第一小学校","大阪府枚方市上野1-6-5","34.830015","135.659896"
"総合文化芸術センター別館（旧メセナひらかた会館）","大阪府枚方市新町2-1-5","34.81906","135.648202"
"さだ東小学校","大阪府枚方市翠香園町30-1","34.801531","135.640653"
"桜丘北小学校","大阪府枚方市星丘4-31-1","34.807972","135.673046"
"西牧野小学校","大阪府枚方市西牧野2-1-1","34.843328","135.661076"
"氷室小学校","大阪府枚方市尊延寺3-1-38","34.803931","135.726322"
"サプリ村野","大阪府枚方市村野西町5-1","34.804045","135.660957"
"桜丘小学校","大阪府枚方市村野本町30-1","34.804131","135.671221"
"中宮小学校","大阪府枚方市中宮山戸町22-3","34.815912","135.665818"
"明倫小学校","大阪府枚方市中宮西之町10-6","34.816367","135.659959"
"枚方市立総合体育館","大阪府枚方市中宮大池4-10-1","34.820146","135.683778"
"禁野小学校","大阪府枚方市中宮北町4-1","34.822716","135.660401"
"西長尾小学校","大阪府枚方市長尾西町2-45-1","34.831551","135.701678"
"長尾小学校","大阪府枚方市長尾北町3-3-2","34.835282","135.709186"
"津田小学校","大阪府枚方市津田西町1-33-1","34.807846","135.698748"
"津田南小学校","大阪府枚方市津田西町3-10-1","34.805434","135.696934"
"枚方第二小学校","大阪府枚方市田宮本町11-1","34.807099","135.649826"
"山田東小学校","大阪府枚方市田口3-16-1","34.82409","135.67805"
"田口山小学校","大阪府枚方市田口山3-10-1","34.826558","135.69668"
"東香里小学校","大阪府枚方市東香里南町44-1","34.777816","135.653405"
"船橋小学校","大阪府枚方市東山1-68","34.850144","135.688086"
"菅原小学校","大阪府枚方市藤阪中町13-1","34.823047","135.708101"
"菅原東小学校","大阪府枚方市藤阪東町3-10-1","34.818909","135.713444"
"藤阪小学校","大阪府枚方市藤阪南町1-40-1","34.816589","135.699091"
"樟葉小学校","大阪府枚方市南楠葉2-40-6","34.864866","135.683866"
"楠葉中学校","大阪府枚方市楠葉丘2-12-1","34.866804","135.690135"
"樟葉南小学校","大阪府枚方市楠葉美咲1-25-1","34.854765","135.688015"
"樟葉西小学校","大阪府枚方市楠葉並木1-11-1","34.857641","135.679009"
"樟葉北小学校","大阪府枚方市楠葉野田3-13-1","34.868626","135.686917"
"関西外国語大学　学研都市キャンパス","大阪府枚方市穂谷1-10-1","34.797464","135.733293"
"さだ小学校","大阪府枚方市北中振2-11-21","34.796909","135.635578"
"牧野生涯学習市民センター牧野北分館","大阪府枚方市牧野北町11-1","34.848956","135.662937"
"大阪歯科大学牧野学舎","大阪府枚方市牧野本町1-4-4","34.840725","135.669645"
"枚方小学校","大阪府枚方市枚方上之町9-21","34.810146","135.644383"
"殿山第二小学校","大阪府枚方市養父丘2-7-53","34.84187","135.679778"
"豊川北小学校","大阪府箕面市粟生間谷西4-3-1","34.847169","135.508123"
"東小学校","大阪府箕面市粟生新家5-5-1","34.839856","135.512382"
"中小学校","大阪府箕面市稲1-15-8","34.828147","135.475372"
"第二中学校","大阪府箕面市萱野1-15-12","34.830479","135.480623"
"萱野小学校","大阪府箕面市萱野2-7-40","34.830428","135.487338"
"彩都の丘学園","大阪府箕面市彩都粟生北2-1-5","34.857633","135.511669"
"南小学校","大阪府箕面市桜6-5-1","34.820493","135.46062"
"豊川南小学校","大阪府箕面市小野原東3-2-1","34.831886","135.517528"
"西小学校","大阪府箕面市新稲3-12-2","34.829704","135.463177"
"とどろみの森学園","大阪府箕面市森町中1-23-14","34.885974","135.461086"
"西南小学校","大阪府箕面市瀬川3-2-1","34.812437","135.452953"
"萱野東小学校","大阪府箕面市石丸1-18-1","34.837599","135.49663"
"箕面小学校","大阪府箕面市百楽荘1-8-7","34.824862","135.466485"
"中央生涯学習センター・メイプルホール","大阪府箕面市箕面5-11-23","34.830848","135.471563"
"岬中学校グラウンド","大阪府岬町深日545","34.324051","135.152312"
"深日小学校グラウンド","大阪府岬町深日899","34.320117","135.151285"
"小島古墳広場（五山）","大阪府岬町多奈川小島904","34.313906","135.095823"
"多奈川小学校グラウンド","大阪府岬町多奈川谷川1624","34.314978","135.123562"
"関西電力緑と憩いのエリア","大阪府岬町多奈川谷川2149-1","34.321983","135.123589"
"淡輪小学校グラウンド","大阪府岬町淡輪862","34.332787","135.178666"
"門真市立第二中学校","大阪府門真市沖町10-1","34.729606","135.601245"
"門真市立沖小学校","大阪府門真市沖町28-1","34.731355","135.604101"
"門真市立東小学校","大阪府門真市岸和田3-42-1","34.724765","135.620051"
"門真市立古川橋小学校","大阪府門真市御堂町18-9","34.744514","135.5967"
"門真市立第四中学校","大阪府門真市江端町3-1","34.722655","135.614407"
"門真市立二島小学校","大阪府門真市三ツ島1-5-10","34.721207","135.594421"
"門真市立水桜小学校","大阪府門真市三ツ島6-2-1","34.72157","135.60682"
"門真市立上野口小学校","大阪府門真市上野口町31-1","34.740056","135.606494"
"門真市立速見小学校","大阪府門真市速見町4-1","34.735585","135.592153"
"門真市立大和田小学校","大阪府門真市大橋町21-46","34.735494","135.597113"
"門真市立門真市民プラザ","大阪府門真市大字北島546","34.727418","135.600876"
"門真市立門真はすはな中学校","大阪府門真市中町2-1","34.740883","135.586512"
"大阪府立門真なみはや高等学校","大阪府門真市島頭4-9-1","34.728382","135.609445"
"門真市立門真みらい小学校","大阪府門真市浜町22-41","34.746076","135.587616"
"門真市立第五中学校","大阪府門真市北岸和田3-12-1","34.73499","135.620139"
"門真市立北巣本四宮小学校","大阪府門真市北巣本町2-11","34.742999","135.616241"
"門真市立五月田小学校","大阪府門真市北島町27-1","34.726554","135.597573"
"門真市立第七中学校","大阪府門真市北島町29-1","34.725853","135.598045"
"門真市立門真小学校","大阪府門真市柳町4-1","34.737774","135.586191"
"門真市立第三中学校","大阪府門真市柳田町12-6","34.732343","135.590386"
"大阪府立門真西高等学校","大阪府門真市柳田町29-1","34.728792","135.590655"
"いぶき野小学校","大阪府和泉市いぶき野3-3-1","34.467117","135.453414"
"北池田中学校","大阪府和泉市いぶき野3-4-1","34.466645","135.455583"
"青葉はつが野小学校","大阪府和泉市はつが野1-50-1","34.442969","135.463249"
"南松尾はつが野学園","大阪府和泉市はつが野6-45-1","34.435345","135.465045"
"芦部小学校","大阪府和泉市芦部町224-3","34.480583","135.441029"
"信太高等学校","大阪府和泉市葛の葉町3-6-8","34.512716","135.432673"
"信太高等学校（津波避難）","大阪府和泉市葛の葉町3-6-8","34.512598","135.433619"
"信太高等学校","大阪府和泉市葛の葉町3-6-8","34.512359","135.433379"
"南松尾老人集会所","大阪府和泉市久井町430","34.419544","135.458591"
"光明台中学校","大阪府和泉市光明台1-28-1","34.457516","135.486434"
"光明台北小学校","大阪府和泉市光明台1-35-1","34.456743","135.483052"
"光明台南小学校","大阪府和泉市光明台3-8-1","34.452808","135.488744"
"幸小学校","大阪府和泉市幸2-3-1","34.500015","135.43622"
"黒鳥小学校","大阪府和泉市黒鳥町1-6-5","34.489887","135.436767"
"郷荘中学校","大阪府和泉市寺門町1-14-35","34.474354","135.432475"
"南池田中学校","大阪府和泉市鍛治屋町226","34.448122","135.466981"
"池上小学校","大阪府和泉市池上町3-14-45","34.502682","135.430163"
"北池田小学校","大阪府和泉市池田下町1670","34.471361","135.460991"
"信太中学校","大阪府和泉市鶴山台1-1-1","34.505578","135.448483"
"鶴山台北小学校","大阪府和泉市鶴山台1-9-1","34.507625","135.451187"
"鶴山台南小学校","大阪府和泉市鶴山台4-1-1","34.499589","135.448346"
"北松尾小学校","大阪府和泉市唐国町3-3-19","34.458639","135.44678"
"南池田小学校","大阪府和泉市納花町181","34.447875","135.474006"
"和泉中学校","大阪府和泉市伯太町1-2-1","34.492756","135.429913"
"伯太小学校","大阪府和泉市伯太町2-24-22","34.492657","135.437264"
"伯太高等学校","大阪府和泉市伯太町2-4-11","34.491067","135.433075"
"信太小学校","大阪府和泉市尾井町2-8-17","34.505556","135.443877"
"和泉総合高等学校","大阪府和泉市富秋町1-14-4","34.504424","135.432701"
"富秋中学校","大阪府和泉市富秋町2-2-98","34.50657","135.435432"
"国府小学校","大阪府和泉市府中町2-5-20","34.48346","135.425785"
"槇尾学園","大阪府和泉市仏並町207-1","34.426121","135.488235"
"南部リージョンセンター","大阪府和泉市仏並町398-1","34.423303","135.4831"
"横山小学校","大阪府和泉市北田中町183","34.429345","135.495458"
"石尾中学校","大阪府和泉市万町930","34.457216","135.457296"
"緑ケ丘小学校","大阪府和泉市緑ヶ丘3-4-1","34.445475","135.459248"
"和気小学校","大阪府和泉市和気町4-9-1","34.475646","135.428478"