"施設名","所在地","緯度","経度"
"馬坂特農館","群馬県南牧村842-1","36.170777","138.635658"
"阿智第一小学校校庭","長野県阿智村駒場143-1","35.447259","137.746587"
"阿智村北側駐車場","長野県阿智村駒場468-1","35.444163","137.747617"
"阿智中学校校庭","長野県阿智村伍和173","35.438416","137.746711"
"阿智第二小学校校庭","長野県阿智村伍和4500","35.425773","137.74648"
"伍和公民館駐車場","長野県阿智村伍和4555","35.422713","137.74412"
"阿智高等学校校庭","長野県阿智村春日2840","35.447041","137.757542"
"下清内路集会所前","長野県阿智村清内路124-1","35.490516","137.704874"
"上清内路集会所前","長野県阿智村清内路2029-2","35.504051","137.682681"
"上清内路諏訪神社境内","長野県阿智村清内路2451-2","35.507191","137.678014"
"清中プラザ駐車場","長野県阿智村清内路762-1","35.496008","137.704359"
"旧智里西小学校校庭","長野県阿智村智里4034-2","35.448131","137.664887"
"阿智第三小学校校庭","長野県阿智村智里746-1","35.447218","137.719079"
"浪合コアホール駐車場","長野県阿智村浪合1019","35.373797","137.690722"
"浪合小学校校庭","長野県阿智村浪合505-2","35.375605","137.692348"
"阿南第二中学校体育館","長野県阿南町新野1294","35.260084","137.748284"
"新野学校グランド","長野県阿南町新野1310","35.260343","137.749136"
"新野小学校体育館","長野県阿南町新野1310","35.261044","137.74918"
"新野ふれあい館","長野県阿南町新野1492","35.261057","137.74742"
"新野千石平「道の駅」第二駐車場","長野県阿南町新野2688-2","35.258135","137.744855"
"阿南少年自然の家","長野県阿南町西條2332","35.316656","137.814304"
"町民体育館","長野県阿南町西條2360","35.315861","137.812485"
"大下条小学校グランド","長野県阿南町東條1415","35.323341","137.818113"
"大下条小学校体育館","長野県阿南町東條1415","35.323792","137.818547"
"阿南第一中学校グランド","長野県阿南町東條435","35.327429","137.822806"
"阿南第一中学校体育館","長野県阿南町東條435","35.327898","137.822533"
"富草小学校グランド","長野県阿南町富草3920","35.355177","137.80144"
"富草小学校体育館","長野県阿南町富草3920","35.354835","137.801183"
"富草福祉センター","長野県阿南町富草4216","35.35403","137.799943"
"阿南高等学校体育館","長野県阿南町北條2237","35.331746","137.834198"
"阿南高校グランド","長野県阿南町北條2237","35.331272","137.833412"
"阿南高校第二グランド","長野県阿南町北條2460","35.331609","137.831341"
"和合小学校グランド","長野県阿南町和合335","35.322768","137.75021"
"和合小学校体育館","長野県阿南町和合335","35.323031","137.750017"
"和合会館","長野県阿南町和合919","35.321547","137.753929"
"野沢地区公民館","長野県安曇野市三郷温1519","36.244088","137.879614"
"三郷農村環境改善センター","長野県安曇野市三郷温2267-2","36.254838","137.882756"
"ザ・ビッグ三郷店駐車場","長野県安曇野市三郷温2716-1","36.24466","137.88874"
"下長尾地区公民館","長野県安曇野市三郷温3188-2","36.252496","137.887491"
"野沢公園","長野県安曇野市三郷温345","36.242971","137.876389"
"上長尾地区公民館","長野県安曇野市三郷温4146-1","36.254593","137.875039"
"上長尾公園","長野県安曇野市三郷温4188-1","36.253894","137.87509"
"下長尾公園","長野県安曇野市三郷温438-1","36.252914","137.887335"
"楡地区公民館","長野県安曇野市三郷温4907-1","36.269247","137.883798"
"楡農村公園","長野県安曇野市三郷温5934-1","36.268448","137.881404"
"三郷南部認定こども園","長野県安曇野市三郷温60-1","36.249816","137.879066"
"住吉地区公民館","長野県安曇野市三郷温6873-4","36.278406","137.880874"
"住吉農村公園","長野県安曇野市三郷温7017-1","36.280542","137.879279"
"南小倉公園","長野県安曇野市三郷小倉1587","36.253438","137.840001"
"南小倉地区公民館","長野県安曇野市三郷小倉1588-2","36.25326","137.839505"
"三郷競技場","長野県安曇野市三郷小倉3483-1","36.258881","137.848404"
"三郷西部認定こども園","長野県安曇野市三郷小倉3484-1","36.259768","137.848187"
"東小倉地区公民館","長野県安曇野市三郷小倉3531-2","36.259813","137.852282"
"北小倉公園","長野県安曇野市三郷小倉490-1","36.262814","137.842322"
"北小倉地区公民館","長野県安曇野市三郷小倉519-13","36.263765","137.844401"
"室町地区公民館","長野県安曇野市三郷小倉5249-1","36.244181","137.85791"
"室山アグリパーク駐車場","長野県安曇野市三郷小倉6524-1","36.251792","137.847654"
"三郷東部認定こども園","長野県安曇野市三郷明盛1068-1","36.253314","137.898439"
"三郷見岳町公園（南）","長野県安曇野市三郷明盛1350-20","36.260163","137.904248"
"三郷見岳町公園（北）","長野県安曇野市三郷明盛1500-108","36.261701","137.903057"
"一日市場地区公民館","長野県安曇野市三郷明盛1714-2","36.260183","137.898831"
"三郷体育館","長野県安曇野市三郷明盛1885-1","36.260837","137.893748"
"東中萱団地公園","長野県安曇野市三郷明盛2377-10","36.274816","137.904765"
"七日市場公園","長野県安曇野市三郷明盛263-2","36.249781","137.903598"
"中萱農村公園","長野県安曇野市三郷明盛3198","36.274638","137.897478"
"貞享義民記念館","長野県安曇野市三郷明盛3209","36.273934","137.896778"
"七日市場コミュニティセンター","長野県安曇野市三郷明盛333-1","36.248051","137.906667"
"中萱地区公民館","長野県安曇野市三郷明盛3344-2","36.275328","137.896273"
"三郷北部認定こども園","長野県安曇野市三郷明盛3365-1","36.273812","137.894879"
"及木地区公民館","長野県安曇野市三郷明盛4156-1","36.268567","137.893075"
"二木地区公民館","長野県安曇野市三郷明盛4941-1","36.259644","137.886663"
"一日市場公園","長野県安曇野市三郷明盛70-1","36.25689","137.89658"
"矢原地区公民館","長野県安曇野市穂高1306-1","36.327677","137.897004"
"白金地区公民館","長野県安曇野市穂高2034-1","36.332507","137.899864"
"神田町地区公民館","長野県安曇野市穂高2580-2","36.338023","137.889303"
"等々力地区公民館","長野県安曇野市穂高2721-1","36.339407","137.892913"
"等々力町地区公民館","長野県安曇野市穂高4351-1","36.343813","137.884281"
"穂高町地区公民館","長野県安曇野市穂高5960-3","36.340763","137.883311"
"本郷地区公民館","長野県安曇野市穂高6485-4","36.336364","137.879891"
"大門地区公民館","長野県安曇野市穂高6651-7","36.338443","137.885855"
"穂高幼稚園","長野県安曇野市穂高6802","36.334164","137.888052"
"穂高商業高等学校","長野県安曇野市穂高6839","36.335463","137.886441"
"田中地区公民館","長野県安曇野市穂高7366-1","36.328709","137.872679"
"上原地区公民館","長野県安曇野市穂高7960-4","36.326554","137.858276"
"西原地区公民館","長野県安曇野市穂高8272-1","36.33391","137.866413"
"穂高認定こども園","長野県安曇野市穂高9175","36.339307","137.872803"
"常念ふれあい公園","長野県安曇野市穂高9434-2","36.330509","137.879789"
"柏原地区公民館","長野県安曇野市穂高柏原1449-1","36.323897","137.883071"
"久保田地区公民館","長野県安曇野市穂高柏原3175-2","36.314715","137.864687"
"塚原地区公民館","長野県安曇野市穂高柏原4090","36.318012","137.854751"
"西穂高認定こども園","長野県安曇野市穂高柏原5217","36.32337","137.872403"
"柏矢町地区公民館","長野県安曇野市穂高柏原933-1","36.325642","137.890463"
"狐島地区公民館","長野県安曇野市穂高北穂高123-1","36.347987","137.894701"
"島新田地区公民館","長野県安曇野市穂高北穂高1732","36.370864","137.876449"
"北穂高運動場","長野県安曇野市穂高北穂高2093-2","36.358466","137.886751"
"青木花見地区公民館","長野県安曇野市穂高北穂高2198","36.359116","137.880513"
"北穂高認定こども園","長野県安曇野市穂高北穂高494-1","36.358455","137.88559"
"牧地区公民館","長野県安曇野市穂高牧497","36.328771","137.840678"
"ザ・ビッグ穂高店駐車場","長野県安曇野市穂高有明10368-1","36.33976","137.8581"
"新屋地区公民館","長野県安曇野市穂高有明1402-1","36.364891","137.852183"
"有明の森認定こども園","長野県安曇野市穂高有明2105-274","36.369366","137.84803"
"耳塚地区公民館","長野県安曇野市穂高有明215-1","36.359876","137.864556"
"嵩下地区公民館","長野県安曇野市穂高有明2540-1","36.354888","137.853179"
"小岩嶽地区公民館","長野県安曇野市穂高有明3042","36.355165","137.838586"
"富田振興センター","長野県安曇野市穂高有明4375-1","36.344209","137.858064"
"立足地区公民館","長野県安曇野市穂高有明5418-1","36.378549","137.862967"
"有明運動場","長野県安曇野市穂高有明6003-1","36.382233","137.854781"
"古厩地区公民館","長野県安曇野市穂高有明6334","36.371205","137.860834"
"有明高原寮","長野県安曇野市穂高有明7299","36.379496","137.822438"
"宮城地区公民館","長野県安曇野市穂高有明7299-20","36.380342","137.823462"
"橋爪地区公民館","長野県安曇野市穂高有明7562-1","36.351529","137.871534"
"豊里地区公民館","長野県安曇野市穂高有明8594","36.345668","137.845409"
"有明あおぞら認定こども園","長野県安曇野市穂高有明9511","36.350377","137.86663"
"本村区コミュニティセンター","長野県安曇野市豊科1908-1","36.291635","137.901138"
"吉野コミュニティセンター","長野県安曇野市豊科3302-1","36.292008","137.915348"
"豊科南部認定こども園","長野県安曇野市豊科369-1","36.271265","137.913505"
"上鳥羽地域農業推進拠点施設　（上鳥羽地区公民館）","長野県安曇野市豊科381-1","36.270735","137.913252"
"豊科公民館","長野県安曇野市豊科4289-1","36.299329","137.907368"
"成相コミュニティセンター","長野県安曇野市豊科4365-3","36.297124","137.908007"
"豊科中央公園","長野県安曇野市豊科4425-1","36.293632","137.90875"
"豊科認定こども園","長野県安曇野市豊科4553-15","36.295548","137.903973"
"安曇野市美術館","長野県安曇野市豊科5609-3","36.305457","137.906356"
"新田地区公民館","長野県安曇野市豊科5942-8","36.303201","137.902168"
"下鳥羽公民館","長野県安曇野市豊科980-1","36.278851","137.911746"
"光農業生活改善センター　（光地区公民館）","長野県安曇野市豊科光1471-1","36.318692","137.928566"
"桜坂地区公民館","長野県安曇野市豊科光1816-1","36.316562","137.933521"
"たつみ原地区公民館","長野県安曇野市豊科高家1137-224","36.263256","137.928578"
"たつみ原公園","長野県安曇野市豊科高家1137-87","36.262117","137.929509"
"たつみ認定こども園","長野県安曇野市豊科高家151-1","36.258156","137.921268"
"熊倉地区公民館","長野県安曇野市豊科高家2047","36.287","137.933859"
"中曽根地区公民館","長野県安曇野市豊科高家2754","36.285592","137.924281"
"アルプス認定こども園","長野県安曇野市豊科高家3259","36.291413","137.932569"
"アルプス地区公民館","長野県安曇野市豊科高家3770-93","36.296741","137.93198"
"飯田地区公民館","長野県安曇野市豊科高家414-1","36.26668","137.925401"
"真々部地区公民館","長野県安曇野市豊科高家5735-2","36.260822","137.913866"
"下飯田地区公民館","長野県安曇野市豊科高家747-1","36.272644","137.926465"
"小瀬幅農業生活改善センター（小瀬幅地区公民館）","長野県安曇野市豊科田沢4917-11","36.307628","137.939608"
"田沢地区公民館","長野県安曇野市豊科田沢5140-3","36.299965","137.940097"
"徳治郎地区公民館","長野県安曇野市豊科田沢6517-4","36.308962","137.927227"
"湯多里山の神駐車場","長野県安曇野市豊科田沢7994","36.303647","137.956991"
"踏入コミュニティセンター","長野県安曇野市豊科南穂高2737-1","36.31007","137.912089"
"南穂高認定こども園","長野県安曇野市豊科南穂高2856","36.308948","137.908806"
"新屋地区公民館","長野県安曇野市豊科南穂高3075","36.306045","137.908012"
"細萱地区公民館","長野県安曇野市豊科南穂高3757-11","36.312291","137.895649"
"殿村地区公民館","長野県安曇野市豊科南穂高4452-3","36.318491","137.902018"
"重柳地区公民館","長野県安曇野市豊科南穂高5178","36.32208","137.906521"
"寺所地区公民館","長野県安曇野市豊科南穂高657-1","36.303871","137.917625"
"倉田公園","長野県安曇野市堀金烏川1267-1","36.302981","137.859093"
"倉田構造改善センター","長野県安曇野市堀金烏川1746-6","36.302903","137.85961"
"上堀公民館","長野県安曇野市堀金烏川2120-4","36.297695","137.871467"
"堀金認定こども園","長野県安曇野市堀金烏川2280","36.297701","137.867826"
"堀金公民館","長野県安曇野市堀金烏川2750-1","36.294655","137.876192"
"岩原地区公民館","長野県安曇野市堀金烏川283-1","36.305928","137.847447"
"岩原公園","長野県安曇野市堀金烏川341","36.305664","137.847206"
"中堀地区公民館","長野県安曇野市堀金烏川3592-3","36.288551","137.888029"
"中堀公園","長野県安曇野市堀金烏川3633","36.288795","137.888625"
"下堀公園","長野県安曇野市堀金烏川4730-1","36.305161","137.880359"
"下堀地区公民館","長野県安曇野市堀金烏川4792","36.303264","137.882272"
"扇町公園","長野県安曇野市堀金烏川5270-1","36.306471","137.868069"
"扇町地区公民館","長野県安曇野市堀金烏川5270-2","36.306704","137.868139"
"田尻公園","長野県安曇野市堀金三田1058-1","36.288387","137.868404"
"田尻地区公民館","長野県安曇野市堀金三田1059-1","36.28806","137.867874"
"田多井農村公園","長野県安曇野市堀金三田2041-1","36.288211","137.85352"
"田多井地区公民館","長野県安曇野市堀金三田2395","36.286379","137.852927"
"小田多井交流センター","長野県安曇野市堀金三田601","36.277322","137.871471"
"小田多井公園","長野県安曇野市堀金三田610","36.278014","137.8703"
"北村集会場","長野県安曇野市明科光243-1","36.329874","137.929162"
"矢ノ沢地区公民館","長野県安曇野市明科光2861-2","36.338964","137.953971"
"天神原農業生活改善施設","長野県安曇野市明科光3610-5","36.332878","137.924994"
"中条集会センター","長野県安曇野市明科光607-4","36.325712","137.929168"
"荻原農村都市交流センター","長野県安曇野市明科七貴10760-1","36.373068","137.920007"
"上押野営農センター","長野県安曇野市明科七貴4117","36.35959","137.903033"
"下押野集会センター","長野県安曇野市明科七貴5818-1","36.35245","137.916417"
"塩川原農業研修センター","長野県安曇野市明科七貴7266-1","36.36656","137.923921"
"明科農村広場","長野県安曇野市明科七貴7980","36.368748","137.918393"
"宮本地区公民館","長野県安曇野市明科中川手1166-15","36.337784","137.926626"
"中耕地地区公民館","長野県安曇野市明科中川手1663-2","36.342161","137.924154"
"町地区公民館","長野県安曇野市明科中川手2535-1","36.346583","137.922343"
"明科南認定こども園","長野県安曇野市明科中川手2924-2","36.34974","137.922769"
"龍門渕公園多目的広場","長野県安曇野市明科中川手2934","36.355075","137.925305"
"明科体育館","長野県安曇野市明科中川手3167-1","36.348274","137.926234"
"上手上郷集会所","長野県安曇野市明科中川手3543-12","36.352974","137.929534"
"龍門渕公園運動広場","長野県安曇野市明科中川手4357","36.35724","137.926549"
"あやめ公園","長野県安曇野市明科中川手4376-1","36.358202","137.926902"
"清水地区公民館","長野県安曇野市明科中川手5772-1","36.34238","137.944115"
"大足地区コミュニティ集会施設","長野県安曇野市明科中川手6673","36.350458","137.94658"
"明科子どもと大人の交流学習施設　ひまわり","長野県安曇野市明科中川手6814-1","36.355699","137.928796"
"明科高等学校","長野県安曇野市明科東川手100","36.3607","137.927465"
"山中農業研修センター","長野県安曇野市明科東川手12843-11","36.369028","137.943527"
"上生野地区公民館","長野県安曇野市明科東川手13874-1","36.377784","137.926364"
"潮農業生活改善施設","長野県安曇野市明科東川手639-3","36.360624","137.932936"
"明科北認定こども園","長野県安曇野市明科東川手872-1","36.366358","137.933136"
"小泉農業研修センター","長野県安曇野市明科南陸郷2622-2","36.397369","137.924365"
"中村農業生活改善センター","長野県安曇野市明科南陸郷601-1","36.385477","137.923864"
"ますみヶ丘公民館","長野県伊那市ますみケ丘1101-7","35.844242","137.918574"
"伊那西小学校　体育館","長野県伊那市ますみケ丘6949-2","35.8467","137.915019"
"伊那西小学校　校庭","長野県伊那市ますみケ丘6949-2","35.846226","137.914284"
"横山集会施設","長野県伊那市横山9327-3","35.849902","137.893471"
"下新田公民館","長野県伊那市下新田3139","35.829039","137.957749"
"境公民館","長野県伊那市境1195","35.835414","137.970726"
"伊那東小学校　体育館","長野県伊那市境1248-1","35.834706","137.966614"
"伊那東小学校　校庭","長野県伊那市境1248-1","35.835548","137.966512"
"狐島第１公民館","長野県伊那市狐島4201-1","35.83459","137.962034"
"御園地域交流センター","長野県伊那市御園506-1","35.854503","137.966092"
"市営中央駐車場","長野県伊那市荒井3418-1","35.838089","137.960652"
"伊那中学校　第２体育館","長野県伊那市荒井4460","35.840937","137.948418"
"伊那中学校　第１体育館","長野県伊那市荒井4460","35.840133","137.949159"
"伊那中学校　校庭","長野県伊那市荒井4460","35.84089","137.949282"
"富士塚スポーツ公園運動場","長野県伊那市荒井4558-1","35.842359","137.939417"
"内の萱公民館","長野県伊那市荒井内の萱7194-1","35.834717","137.884496"
"下山田集会施設","長野県伊那市高遠町下山田930","35.828816","138.04196"
"荊口多目的集会施設","長野県伊那市高遠町荊口510-1","35.862069","138.116299"
"三義地域交流拠点施設","長野県伊那市高遠町山室2018","35.846315","138.101559"
"三義生活改善センター","長野県伊那市高遠町山室2018","35.846099","138.10142"
"勝間集会施設","長野県伊那市高遠町勝間1130","35.821504","138.06882"
"原勝間いきいき交流施設","長野県伊那市高遠町勝間1300-1","35.818065","138.074274"
"ほりでいドーム","長野県伊那市高遠町勝間176-1","35.826445","138.062747"
"小原交流センター","長野県伊那市高遠町小原696","35.830323","138.052516"
"引持生活改善センター","長野県伊那市高遠町上山田1535-1","35.818587","138.036462"
"三栄集会施設","長野県伊那市高遠町上山田1693-1","35.823049","138.037434"
"芝平集会施設","長野県伊那市高遠町上山田2198-1","35.827631","138.033636"
"上山田いきいき交流施設","長野県伊那市高遠町上山田397-1","35.823892","138.034761"
"高遠町総合福祉センター","長野県伊那市高遠町西高遠1644","35.836153","138.057394"
"高遠町文化体育館","長野県伊那市高遠町西高遠350-1","35.836913","138.054036"
"高遠小学校　体育館","長野県伊那市高遠町西高遠465","35.837622","138.050683"
"高遠小学校　校庭","長野県伊那市高遠町西高遠465","35.835776","138.051796"
"高遠町文化センター駐車場","長野県伊那市高遠町西高遠810-1","35.838194","138.058185"
"高遠町文化センター","長野県伊那市高遠町西高遠810-1","35.838763","138.05856"
"越道いきいき交流施設","長野県伊那市高遠町町上山田882-1","35.819798","138.026007"
"新栗生活改善センター","長野県伊那市高遠町長藤1406-3","35.856491","138.082081"
"高遠町老人福祉センター","長野県伊那市高遠町長藤1770-1","35.862735","138.089242"
"板山多目的集会施設","長野県伊那市高遠町長藤1862-1","35.858783","138.087649"
"野笹多目的集会施設","長野県伊那市高遠町長藤2285-2","35.864016","138.089313"
"中村多目的集会施設","長野県伊那市高遠町長藤3097","35.866006","138.09204"
"塩供集会施設","長野県伊那市高遠町長藤3939-1","35.874057","138.092981"
"高遠北小学校　体育館","長野県伊那市高遠町長藤4410","35.87804","138.096181"
"高遠北小学校　校庭","長野県伊那市高遠町長藤4410","35.877627","138.095602"
"中条多目的集会施設","長野県伊那市高遠町長藤4768","35.882722","138.095704"
"黒沢多目的集会施設","長野県伊那市高遠町長藤5274-1","35.887477","138.083913"
"弥勒多目的集会施設","長野県伊那市高遠町長藤606-1","35.848534","138.074846"
"四日市場いきいき交流施設","長野県伊那市高遠町長藤6463","35.885174","138.096401"
"栗田多目的集会施設","長野県伊那市高遠町長藤6875","35.891453","138.095973"
"的場生活改善センター","長野県伊那市高遠町東高遠1317-3","35.839139","138.068424"
"高遠閣","長野県伊那市高遠町東高遠2296","35.833498","138.063796"
"高遠中学校　校庭","長野県伊那市高遠町東高遠232","35.838606","138.06679"
"高遠中学校　体育館","長野県伊那市高遠町東高遠232","35.837952","138.0668"
"荒町活動拠点施設","長野県伊那市高遠町藤沢1394-1","35.900471","138.09914"
"高遠第２・第３保育園","長野県伊那市高遠町藤沢2255","35.900736","138.100226"
"藤沢多目的集会施設","長野県伊那市高遠町藤沢3303","35.920285","138.096018"
"松倉生活改善センター","長野県伊那市高遠町藤沢4673","35.927075","138.111147"
"片倉西組集会所","長野県伊那市高遠町藤沢5369-1","35.945456","138.103085"
"片倉多目的集会施設","長野県伊那市高遠町藤沢5941-1","35.942262","138.103758"
"片倉中組集会所","長野県伊那市高遠町藤沢6125-1","35.944199","138.104703"
"北原生活改善センター","長野県伊那市高遠町藤沢725","35.897027","138.10033"
"台殿いきいき交流施設","長野県伊那市高遠町藤沢85-1","35.897817","138.097994"
"坂下公会堂","長野県伊那市坂下3265","35.842619","137.960198"
"伊那北地域活性化センター","長野県伊那市山寺1979-2","35.846592","137.964259"
"伊那北高校　大体育館","長野県伊那市山寺2165","35.847287","137.961081"
"伊那北高校　校庭","長野県伊那市山寺2165","35.848421","137.96176"
"伊那北高校　小体育館","長野県伊那市山寺2165","35.847689","137.961009"
"伊那小学校　第１体育館","長野県伊那市山寺3221","35.844143","137.959651"
"伊那小学校　第２体育館","長野県伊那市山寺3221","35.844125","137.960064"
"伊那小学校　校庭","長野県伊那市山寺3221","35.844849","137.958772"
"若宮区集会所","長野県伊那市若宮7380-252","35.853352","137.987214"
"八ツ手間伐研修センター","長野県伊那市手良沢岡1361","35.876304","138.003607"
"下手良公民館","長野県伊那市手良沢岡508-1","35.868721","138.010757"
"手良支所・公民館","長野県伊那市手良沢岡862-1","35.864832","138.014119"
"中坪公民館","長野県伊那市手良中坪444-3","35.858147","138.021828"
"上伊那農協手良支所","長野県伊那市手良野口215","35.864104","138.01641"
"手良小学校　校庭","長野県伊那市手良野口222","35.864064","138.014288"
"手良小学校　体育館","長野県伊那市手良野口222","35.864091","138.013408"
"野口公民館","長野県伊那市手良野口958-1","35.865686","138.024743"
"小沢地域交流センター","長野県伊那市小沢7790-3","35.849867","137.927155"
"上の原公民館","長野県伊那市上の原5338-2","35.844779","137.983085"
"上新田公民館","長野県伊那市上新田2137","35.829774","137.964809"
"上牧転作促進研修センター","長野県伊那市上牧6350-1","35.855742","137.982413"
"西春近北小学校　体育館","長野県伊那市西春近191","35.819648","137.936362"
"西春近北小学校　校庭","長野県伊那市西春近191","35.81952","137.93718"
"小出一区いきいき交流施設","長野県伊那市西春近198","35.822056","137.935143"
"小出島区公民館","長野県伊那市西春近2537","35.817113","137.942303"
"小出三区公民館","長野県伊那市西春近3171-3","35.815287","137.931005"
"伊那西高校　体育館","長野県伊那市西春近4851","35.803207","137.936668"
"伊那西高等学校　校庭","長野県伊那市西春近4851","35.804161","137.937759"
"西春近支所・公民館","長野県伊那市西春近5146-2","35.80495","137.94323"
"表木公民館","長野県伊那市西春近6499","35.790471","137.942007"
"西春近南小学校　体育館","長野県伊那市西春近7370","35.781769","137.943236"
"西春近南小学校　校庭","長野県伊那市西春近7370","35.781326","137.942748"
"諏訪形農家組合集落センター","長野県伊那市西春近8111-1","35.779045","137.938052"
"赤木公民館","長野県伊那市西春近8608","35.777423","137.944904"
"下牧農業集落研修センター","長野県伊那市西春近9230-5","35.776073","137.951417"
"小出転作促進研修センター","長野県伊那市西春近１３３５－イ","35.829797","137.931254"
"西町公民館","長野県伊那市西町5028","35.836987","137.952938"
"伊那弥生ヶ丘高校　体育館","長野県伊那市西町5703","35.840068","137.951674"
"伊那弥生ヶ丘高校　校庭（上）","長野県伊那市西町5703","35.840724","137.943746"
"伊那弥生ヶ丘高校　校庭（下）","長野県伊那市西町5703","35.83945","137.95161"
"伊那市民体育館メインアリーナ","長野県伊那市西町5834-8","35.839685","137.943644"
"伊那市民体育館サブアリーナ","長野県伊那市西町5837-1","35.839207","137.943703"
"春日公園","長野県伊那市西町5949-1","35.837454","137.948182"
"大坊公民館","長野県伊那市西町6718-1","35.836448","137.920277"
"吹上集会センター","長野県伊那市西箕輪1230-4","35.900307","137.930352"
"大泉新田公民館","長野県伊那市西箕輪1615-2","35.895577","137.946987"
"羽広公民館","長野県伊那市西箕輪2983-2","35.888463","137.917286"
"西箕輪小学校　体育館","長野県伊那市西箕輪3900-138","35.877592","137.92475"
"西箕輪小学校　校庭","長野県伊那市西箕輪3900-138","35.876923","137.925619"
"西箕輪支所・公民館","長野県伊那市西箕輪4000-8","35.874058","137.926808"
"上戸集落センター","長野県伊那市西箕輪4477","35.87178","137.91647"
"中条公民館","長野県伊那市西箕輪5148","35.869588","137.91067"
"与地集会センター","長野県伊那市西箕輪6097","35.86408","137.895811"
"西箕輪中学校　体育館","長野県伊那市西箕輪6569-1","35.876054","137.924716"
"西箕輪中学校　校庭","長野県伊那市西箕輪6569-1","35.876923","137.922991"
"大萱公民館","長野県伊那市西箕輪6874","35.871972","137.936504"
"前原いきいき交流施設","長野県伊那市前原7407-1","35.853175","137.990954"
"伊那公民館","長野県伊那市中央5052","35.842642","137.966657"
"中央区公民館","長野県伊那市中央5214-7","35.840953","137.967813"
"伊那公園内球場","長野県伊那市中央5563-1","35.840255","137.971163"
"浦公民館","長野県伊那市長谷浦946","35.707258","138.095103"
"長谷中学校　校庭","長野県伊那市長谷溝口1080","35.793384","138.082325"
"長谷中学校　体育館","長野県伊那市長谷溝口1080","35.793987","138.082692"
"長谷保育園","長野県伊那市長谷溝口1317","35.789577","138.087384"
"長谷総合支所（旧老人福祉センター）","長野県伊那市長谷溝口1394","35.79222","138.085168"
"介護予防拠点施設（溝友館）","長野県伊那市長谷溝口1423-1","35.791896","138.086944"
"長谷小学校　体育館","長野県伊那市長谷溝口915","35.793902","138.086203"
"長谷小学校　校庭","長野県伊那市長谷溝口915","35.793959","138.085613"
"農村コミュニティ施設（黒河内公民館）","長野県伊那市長谷黒河内1071-1","35.774789","138.083816"
"仙流荘","長野県伊那市長谷黒河内1847-2","35.768794","138.092088"
"伊那里体育館","長野県伊那市長谷市野瀬405","35.741126","138.081853"
"入野谷","長野県伊那市長谷市野瀬405-1","35.741394","138.081686"
"市野瀬地域支え合いセンター","長野県伊那市長谷市野瀬411-1","35.742341","138.080555"
"杉島コミュニティセンター（杉島公民館）","長野県伊那市長谷杉島1129-1","35.728174","138.089347"
"長谷伝統文化等保存伝習施設（中尾座）","長野県伊那市長谷中尾363-5","35.765562","138.077807"
"公民館非持山分館（非持山公民館）","長野県伊那市長谷非持2677-1","35.821886","138.096208"
"サンハート美和","長野県伊那市長谷非持484-1","35.810966","138.082306"
"非持交流施設（聚楽館）","長野県伊那市長谷非持509-1","35.8104","138.082553"
"デイサービスセンターやすらぎ","長野県伊那市長谷非持543-3","35.808682","138.081877"
"気の里ヘルスセンター栃の木","長野県伊那市長谷非持544","35.80844","138.082716"
"木裏原公民館（いきいき交流施設）","長野県伊那市東春近10746-43","35.804864","137.932352"
"中組公民館","長野県伊那市東春近1077-2","35.813549","137.956422"
"渡場公民館（いきいき交流施設）","長野県伊那市東春近1276-2","35.810433","137.949794"
"中殿島公民館","長野県伊那市東春近1744","35.806376","137.956502"
"東春近支所・公民館","長野県伊那市東春近1826","35.804391","137.958561"
"東春近小学校　校庭","長野県伊那市東春近2312","35.809465","137.958503"
"東春近小学校　体育館","長野県伊那市東春近2312","35.809015","137.958257"
"春富中学校　校庭","長野県伊那市東春近2408","35.809584","137.955993"
"春富中学校　第２体育館","長野県伊那市東春近2408","35.807614","137.955427"
"春富中学校　第１体育館","長野県伊那市東春近2408","35.807635","137.955928"
"上伊那農協春富支所","長野県伊那市東春近2784","35.803204","137.959013"
"下殿島公民館","長野県伊那市東春近3820","35.798551","137.960778"
"車屋区公民館（集落センター）","長野県伊那市東春近399-2","35.819443","137.963912"
"田原公民館","長野県伊那市東春近4837","35.787051","137.964141"
"暁野区集会所","長野県伊那市東春近7300-23","35.8079","137.963152"
"原新田公民館","長野県伊那市東春近8061-1","35.819048","137.983813"
"榛原公民館（いきいき交流施設）","長野県伊那市東春近9202-1","35.822001","137.978411"
"日影公民館","長野県伊那市日影289","35.83771","137.977739"
"東部中学校　校庭","長野県伊那市日影5749","35.839072","137.981275"
"東部中学校　第２体育館","長野県伊那市日影5749","35.839205","137.980237"
"東部中学校　第１体育館","長野県伊那市日影5749","35.8388","137.980119"
"美原公民館","長野県伊那市美原7446-62","35.849626","137.994684"
"下川手公民館","長野県伊那市美篶10470","35.834669","137.990649"
"ふれあい交流センター笠原","長野県伊那市美篶1332","35.845643","138.028705"
"芦沢公民館","長野県伊那市美篶305-1","35.840253","138.037983"
"南割集落センター","長野県伊那市美篶3080-18","35.840626","138.030981"
"上大島区公民館","長野県伊那市美篶4068-1","35.840122","138.020717"
"上原公民館","長野県伊那市美篶4261-3","35.837803","138.013013"
"上伊那農協美篶手良支所","長野県伊那市美篶4285-2","35.839294","138.013816"
"中県公民館","長野県伊那市美篶4893","35.837338","138.009439"
"美篶支所・公民館","長野県伊那市美篶4999-1","35.840549","138.010557"
"下県交流センター","長野県伊那市美篶5135-1","35.8389","138.005721"
"美篶小学校　体育館","長野県伊那市美篶5350-1","35.841512","138.010391"
"美篶小学校　校庭","長野県伊那市美篶5350-1","35.841355","138.011423"
"上川手公民館","長野県伊那市美篶5715","35.835736","137.999329"
"末広集落センター","長野県伊那市美篶7133-4","35.844782","138.007725"
"青島交流センター","長野県伊那市美篶9988","35.832822","137.985147"
"新山集落センター","長野県伊那市富県2582","35.808105","138.034748"
"北新公民館","長野県伊那市富県2785-3","35.811453","138.028353"
"桜井公民館","長野県伊那市富県4782-1","35.825332","138.001448"
"新山小学校　体育館","長野県伊那市富県535-2","35.806056","138.033836"
"新山小学校　校庭","長野県伊那市富県535-2","35.805739","138.033423"
"貝沼公民館","長野県伊那市富県6064-1","35.818611","137.999648"
"富県支所・公民館","長野県伊那市富県6393-1","35.818004","137.994086"
"富県小学校　体育館","長野県伊那市富県7312","35.81324","137.993345"
"富県小学校　校庭","長野県伊那市富県7312","35.81304","137.992423"
"北福地集落センター","長野県伊那市富県8172-1","35.806585","137.989775"
"南福地公民館","長野県伊那市富県9665-4","35.798302","137.983537"
"上新山公民館","長野県伊那市富県979-1","35.7976","138.031541"
"福島公民館","長野県伊那市福島1385-1","35.872887","137.989874"
"平沢公民館","長野県伊那市平沢8347-2","35.856028","137.905549"
"野底公民館","長野県伊那市野底7976-1","35.861161","137.990444"
"伊那北小学校　体育館","長野県伊那市野底8380-3","35.858043","137.988657"
"伊那北小学校　校庭","長野県伊那市野底8380-3","35.85876","137.989064"
"長瀬公民館","長野県栄村堺","36.957164","138.58419"
"ＪＡながの敷地","長野県栄村堺","36.97874","138.542364"
"上原地籍","長野県栄村堺","36.982318","138.540331"
"泉平多目的施設前交差点","長野県栄村堺","36.972192","138.522092"
"野田沢公民館","長野県栄村堺","36.965304","138.554477"
"大久保公民館","長野県栄村堺","36.948766","138.547728"
"極野公民館","長野県栄村堺","36.927598","138.569744"
"切欠公民館","長野県栄村堺","36.968232","138.583761"
"塩尻区長宅","長野県栄村堺6968","36.987454","138.571321"
"旧志久見分校グランド","長野県栄村堺9214","36.975372","138.584362"
"笹原作業所付近","長野県栄村大字堺","36.946568","138.581736"
"五宝木公民館","長野県栄村大字堺","36.885385","138.600037"
"中野地区内三叉路","長野県栄村大字堺","36.930314","138.571613"
"バス停広場","長野県栄村大字堺","36.927398","138.569425"
"共同苗間前","長野県栄村大字堺","36.975937","138.5444"
"バイパス大巻Ｔ字路","長野県栄村大字堺","36.973871","138.545634"
"程久保入口","長野県栄村大字堺","36.963694","138.556901"
"天地菅沢入口","長野県栄村大字堺","36.947395","138.557081"
"県道漆平地籍","長野県栄村大字堺","36.966741","138.584308"
"箕作公民館","長野県栄村大字堺1122","36.982269","138.54223"
"坪野公民館","長野県栄村大字堺12046-3","36.931575","138.55894"
"北野公民館","長野県栄村大字堺14655","36.938629","138.576852"
"天代公民館","長野県栄村大字堺15240-1","36.93847","138.572244"
"原向公民館","長野県栄村大字堺16110","36.947933","138.573917"
"東部社会体育館","長野県栄村大字堺16711","36.957968","138.584491"
"屋敷公民館","長野県栄村大字堺17666","36.854244","138.619665"
"雄川閣","長野県栄村大字堺17878-3","36.80956","138.620321"
"和山公民館","長野県栄村大字堺17913","36.828777","138.624976"
"旧秋山分校","長野県栄村大字堺18029-2","36.856433","138.624037"
"小赤沢公民館","長野県栄村大字堺18270-2","36.864794","138.635275"
"秋山郷総合センター","長野県栄村大字堺18281","36.865974","138.634953"
"栄村高齢者生きがいセンター","長野県栄村大字堺18282","36.86282","138.636016"
"上野原公民館","長野県栄村大字堺18544","36.842207","138.623791"
"月岡公民館","長野県栄村大字堺2733","36.975314","138.543555"
"泉平公民館","長野県栄村大字堺418-3","36.971598","138.521936"
"小滝公民館","長野県栄村大字堺6106","36.977059","138.558025"
"志久見公民館","長野県栄村大字堺7954","36.980619","138.585885"
"柳在家公民館","長野県栄村大字堺8296","36.972159","138.584544"
"白鳥三叉路","長野県栄村大字豊栄","36.984959","138.506513"
"旧豊栄小学校敷地","長野県栄村大字豊栄","36.984153","138.511333"
"白鳥公民館","長野県栄村大字豊栄2267","36.984542","138.503182"
"平滝公民館","長野県栄村大字豊栄2687-2","36.985735","138.530264"
"飯栄建設生コン工場","長野県栄村大字豊栄632","36.982114","138.504325"
"集落営農共同車庫前","長野県栄村大字北信","36.98073","138.551851"
"栄小学校","長野県栄村大字北信1","36.978272","138.54712"
"青倉公民館","長野県栄村大字北信1941-1","36.989636","138.564201"
"栄村文化会館","長野県栄村大字北信3433","36.987512","138.577072"
"森公民館","長野県栄村大字北信3603-6","36.989089","138.576364"
"横倉公民館","長野県栄村大字北信54-1","36.98013","138.550027"
"特別養護老人ホームフランセーズ悠さかえ","長野県栄村豊栄2140","36.983995","138.528805"
"中央広場","長野県塩尻市みどり湖1458-34","36.094418","137.99646"
"小坂田公園","長野県塩尻市塩尻町1080","36.107239","137.986728"
"展望広場","長野県塩尻市塩尻町1633-1","36.092598","137.997925"
"塩尻東小学校　体育館","長野県塩尻市塩尻町427","36.107234","137.972002"
"塩尻東小学校　校庭","長野県塩尻市塩尻町427","36.107039","137.971226"
"町区公民館","長野県塩尻市塩尻町447","36.105167","137.976274"
"武居博明宅","長野県塩尻市塩尻町53","36.103183","137.977471"
"塩尻東支所","長野県塩尻市塩尻町648-1","36.101108","137.974976"
"柿沢区総合グラウンド","長野県塩尻市柿沢484-1","36.099596","137.994341"
"柿沢公民館","長野県塩尻市柿沢529","36.099284","137.989011"
"東山体育館","長野県塩尻市旧塩尻869-4","36.094349","138.015014"
"東山公民館","長野県塩尻市旧塩尻869-4","36.094069","138.0149"
"東山グラウンド","長野県塩尻市旧塩尻872-1","36.094668","138.014399"
"金井公民館","長野県塩尻市金井90","36.098818","137.979611"
"金井区ふれあい広場","長野県塩尻市金井90","36.098574","137.979651"
"若宮公園","長野県塩尻市広丘吉田10-5","36.171268","137.962461"
"吉田小学校　体育館","長野県塩尻市広丘吉田1097","36.165107","137.955397"
"吉田小学校　校庭","長野県塩尻市広丘吉田1097-2","36.16571","137.955358"
"信毎販売センターふれあいネット　村井広丘営業所","長野県塩尻市広丘吉田1150-11","36.166808","137.957596"
"吉田ひまわり保育園　園庭","長野県塩尻市広丘吉田1150-6","36.166665","137.957142"
"吉田ひまわり保育園　遊戯室","長野県塩尻市広丘吉田1150-6","36.166862","137.957263"
"ながうね公園","長野県塩尻市広丘吉田1156","36.165609","137.956547"
"吉田東公民館","長野県塩尻市広丘吉田1157-2","36.165377","137.956538"
"えびの子水苑","長野県塩尻市広丘吉田1301","36.156339","137.954893"
"吉田児童館","長野県塩尻市広丘吉田1568-3","36.164544","137.958736"
"吉田地区どんぐりの森公園","長野県塩尻市広丘吉田1734-1","36.16615","137.96345"
"田川の郷","長野県塩尻市広丘吉田2219-1","36.15905","137.963251"
"田川高等学校","長野県塩尻市広丘吉田2645","36.16789","137.966676"
"田川高校　校庭","長野県塩尻市広丘吉田2645","36.166969","137.966508"
"田川高校　小体育館","長野県塩尻市広丘吉田2645","36.167832","137.966199"
"田川高校　大体育館","長野県塩尻市広丘吉田2645","36.167897","137.965758"
"よしだ防災公園","長野県塩尻市広丘吉田2901-1","36.163228","137.957285"
"吉田支所（吉田地区センター）","長野県塩尻市広丘吉田2901-3","36.163083","137.956824"
"吉田児童館分館","長野県塩尻市広丘吉田3037","36.159288","137.946948"
"吉田原保育園　遊戯室","長野県塩尻市広丘吉田3037","36.159288","137.946948"
"吉田原ふれあい公園","長野県塩尻市広丘吉田3342","36.161233","137.950896"
"浄化センター敷地内","長野県塩尻市広丘吉田409-3","36.169434","137.94873"
"吉田西防災コミュニティセンター","長野県塩尻市広丘吉田440-3","36.164013","137.946206"
"長者原公園　グラウンド","長野県塩尻市広丘吉田440-3","36.164731","137.946519"
"長者原南児童公園","長野県塩尻市広丘吉田507-1","36.160377","137.945508"
"八幡原公園","長野県塩尻市広丘吉田560-1","36.166812","137.949727"
"吉田原保育園　園庭","長野県塩尻市広丘吉田679-1","36.159174","137.947117"
"吉田四区コミュニティーセンター","長野県塩尻市広丘吉田814-3","36.15559","137.943519"
"郷原区民会館","長野県塩尻市広丘郷原1085","36.127603","137.936592"
"広丘南保育園　園庭","長野県塩尻市広丘郷原1245-1","36.133651","137.939577"
"広丘南保育園　遊戯室","長野県塩尻市広丘郷原1245-1","36.133837","137.93932"
"塩尻市総合体育館（ユメックスアリーナ）　メインアリーナ","長野県塩尻市広丘郷原1657-2","36.124457","137.944545"
"塩尻市総合体育館（ユメックスアリーナ）　サブアリーナ","長野県塩尻市広丘郷原1657-2","36.124375","137.944167"
"松本歯科大学　陸上競技場","長野県塩尻市広丘郷原1780","36.129609","137.940036"
"松本歯科大学　野球場","長野県塩尻市広丘郷原1780","36.127855","137.93823"
"堅石公民館","長野県塩尻市広丘堅石1268-3","36.13924","137.93786"
"ふれあいセンター広丘","長野県塩尻市広丘堅石2150-1","36.134955","137.949772"
"堅石原東公園","長野県塩尻市広丘堅石250-9","36.138734","137.951176"
"広陵中学校　校庭","長野県塩尻市広丘堅石457-1","36.133297","137.944906"
"広陵中学校　体育館","長野県塩尻市広丘堅石457-1","36.133951","137.944915"
"堅石グラウンド","長野県塩尻市広丘堅石50-1","36.140861","137.936487"
"堅石区民センター","長野県塩尻市広丘堅石599-2","36.141022","137.944042"
"広丘小学校　体育館","長野県塩尻市広丘原新田116","36.153425","137.945919"
"広丘小学校　校庭","長野県塩尻市広丘原新田116","36.153116","137.944596"
"原新田公民館","長野県塩尻市広丘原新田244","36.150243","137.945082"
"広丘西保育園　遊戯室","長野県塩尻市広丘原新田279-5","36.152748","137.942703"
"広丘西保育園　園庭","長野県塩尻市広丘原新田279-5","36.152843","137.942845"
"広丘体育館","長野県塩尻市広丘原新田291-1","36.152942","137.946174"
"広丘児童館","長野県塩尻市広丘原新田291-2","36.152808","137.945845"
"塩尻北部公園","長野県塩尻市広丘原新田303-32","36.15368","137.943029"
"広丘短歌公園","長野県塩尻市広丘原新田564-41","36.151202","137.948758"
"桔梗小学校　体育館","長野県塩尻市広丘高出1486-193","36.122565","137.952733"
"桔梗小学校　校庭","長野県塩尻市広丘高出1486-193","36.123051","137.953063"
"中央スポーツ公園　なかよし広場","長野県塩尻市広丘高出1486-194","36.122365","137.9518"
"中央スポーツ公園　テニスコート","長野県塩尻市広丘高出1486-194","36.123564","137.951386"
"中央スポーツ公園　グラウンド","長野県塩尻市広丘高出1486-194","36.124414","137.95263"
"中央スポーツ公園　なかよし広場西駐車場","長野県塩尻市広丘高出1486-195","36.122441","137.951161"
"市営野球場","長野県塩尻市広丘高出1818-3","36.129882","137.959522"
"高出区民体育館","長野県塩尻市広丘高出1819-1","36.129169","137.960483"
"高出支所（高出公民館）","長野県塩尻市広丘高出1819-1","36.128973","137.960365"
"高出保育園　遊戯室","長野県塩尻市広丘高出1949-1","36.131199","137.959362"
"高出保育園　園庭","長野県塩尻市広丘高出1949-1","36.13093","137.959426"
"塩尻児童館","長野県塩尻市広丘高出2073-5","36.123389","137.953792"
"日の出保育園　園庭","長野県塩尻市広丘高出2073-5","36.123461","137.954055"
"日の出保育園　遊戯室","長野県塩尻市広丘高出2073-5","36.123614","137.954204"
"東京都市大学塩尻高等学校　校庭","長野県塩尻市広丘高出2081","36.123125","137.95505"
"高出第二公民館","長野県塩尻市広丘高出2114-8","36.124375","137.954056"
"塩尻志学館高校　校庭","長野県塩尻市広丘高出4-4","36.120616","137.955945"
"塩尻志学館高校　小体育館","長野県塩尻市広丘高出4-4","36.12085","137.95529"
"塩尻志学館高校　大体育館","長野県塩尻市広丘高出4-4","36.121535","137.954821"
"丘中学校　体育館","長野県塩尻市広丘野村1302","36.146588","137.964354"
"丘中学校　校庭","長野県塩尻市広丘野村1302","36.145579","137.962972"
"野村公民館","長野県塩尻市広丘野村1788-357","36.144309","137.962434"
"老人福祉センターのむら","長野県塩尻市広丘野村1788-364","36.144723","137.962031"
"野村区運動公園　小運動場","長野県塩尻市広丘野村1788-80","36.142664","137.964297"
"広丘野村保育園　園庭","長野県塩尻市広丘野村1788-80","36.143681","137.96297"
"広丘野村保育園　遊戯室","長野県塩尻市広丘野村1788-80","36.14394","137.962868"
"野村区運動公園　大運動場","長野県塩尻市広丘野村1788-80","36.14397","137.963982"
"角前運動公園","長野県塩尻市広丘野村1899-1","36.142998","137.958509"
"広丘支所（北部交流センター）","長野県塩尻市広丘野村2069-1","36.149459","137.948678"
"野村第二公民館","長野県塩尻市広丘野村836-2","36.149466","137.957591"
"桟敷介護予防交流施設","長野県塩尻市桟敷324","36.115206","137.967023"
"長野県野菜花き試験場　駐車場","長野県塩尻市宗賀1066-1","36.102938","137.932616"
"すがのの郷","長野県塩尻市宗賀1298-514","36.11169","137.931076"
"塩尻西部中学校　校庭","長野県塩尻市宗賀1461-2","36.104609","137.926403"
"塩尻西部中学校　体育館","長野県塩尻市宗賀1461-2","36.103873","137.926243"
"床尾構造改善センター","長野県塩尻市宗賀2041","36.094265","137.930414"
"床尾運動場","長野県塩尻市宗賀2097-1","36.095344","137.933466"
"宗賀中央保育園　遊戯室","長野県塩尻市宗賀2411-1","36.088915","137.920606"
"宗賀中央保育園　園庭","長野県塩尻市宗賀2411-1","36.088837","137.920815"
"宗賀小学校　体育館","長野県塩尻市宗賀2646","36.089732","137.919957"
"宗賀小学校　校庭","長野県塩尻市宗賀2646","36.089487","137.920521"
"宗賀支所（林業センター）","長野県塩尻市宗賀2658-1","36.090561","137.920975"
"宗賀農林漁業体験実習館（洗馬公民館）","長野県塩尻市宗賀2746-3","36.087728","137.916308"
"平出遺跡公園","長野県塩尻市宗賀362","36.104066","137.94231"
"牧野公民館","長野県塩尻市宗賀3847-1","36.080199","137.910751"
"本山介護予防交流施設","長野県塩尻市宗賀4992","36.06063","137.901794"
"本山区ゲートボール場広場","長野県塩尻市宗賀5011-14","36.058894","137.901426"
"レゾナック　桔梗グラウンド","長野県塩尻市宗賀545","36.107056","137.950778"
"日出塩桜の丘公園","長野県塩尻市宗賀5784-1","36.051275","137.896923"
"平出公民館","長野県塩尻市宗賀600-1","36.10251","137.946203"
"日出塩公民館","長野県塩尻市宗賀6143-1","36.049466","137.894277"
"桔梗ヶ原公民館","長野県塩尻市宗賀71-591","36.113392","137.938014"
"市営総合運動場　ゲートボール場","長野県塩尻市宗賀73-236","36.118225","137.938633"
"市営総合運動場　グラウンド","長野県塩尻市宗賀73-236","36.117527","137.938874"
"松原区公園","長野県塩尻市上西条127-2","36.095987","137.976463"
"上西条防災広場","長野県塩尻市上西条495-1","36.091981","137.977963"
"上西条公民館","長野県塩尻市上西条661-17","36.091961","137.977469"
"上西条若宮グラウンド","長野県塩尻市上西条876","36.091965","137.985208"
"太田運動場","長野県塩尻市洗馬1331","36.11173","137.924493"
"元町公民館","長野県塩尻市洗馬2187-12","36.106382","137.914388"
"芦ノ田転作促進研修センター","長野県塩尻市洗馬2493-1","36.113367","137.910234"
"洗馬小学校　校庭","長野県塩尻市洗馬2524","36.114227","137.914177"
"洗馬小学校　体育館","長野県塩尻市洗馬2524","36.113818","137.913577"
"妙義保育園　遊戯室","長野県塩尻市洗馬2535-1","36.11507","137.913965"
"妙義保育園　園庭","長野県塩尻市洗馬2535-1","36.114931","137.91421"
"洗馬支所（洗馬農村環境改善センター）","長野県塩尻市洗馬2550-2","36.113759","137.912558"
"ふれあいセンター洗馬","長野県塩尻市洗馬2713-1","36.115537","137.917105"
"洗馬児童館","長野県塩尻市洗馬2713-1","36.115272","137.917148"
"太田公民館","長野県塩尻市洗馬361","36.111365","137.925317"
"旧小曽部保育園　園庭","長野県塩尻市洗馬3703-4","36.105425","137.892241"
"上小曽部農村広場","長野県塩尻市洗馬3852-1","36.098783","137.889693"
"上小曽部転作促進センター","長野県塩尻市洗馬3857-1","36.098509","137.889807"
"下小曽部集落センター","長野県塩尻市洗馬5131-1","36.117497","137.89657"
"下小曽部グラウンド","長野県塩尻市洗馬5315","36.119684","137.892386"
"岩垂公民館","長野県塩尻市洗馬5722-1","36.124803","137.916284"
"太田集会所","長野県塩尻市洗馬656","36.109092","137.922185"
"上組生産振興センター","長野県塩尻市洗馬752","36.099134","137.915436"
"上組グラウンド","長野県塩尻市洗馬753","36.099516","137.915613"
"岩垂グラウンド","長野県塩尻市洗馬9168-1","36.130062","137.921797"
"下西条公民館","長野県塩尻市大字下西条91","36.101085","137.966393"
"塩尻東児童館","長野県塩尻市大字堀ノ内293-1","36.106698","137.972363"
"塩尻中学校　校庭","長野県塩尻市大小屋61","36.105621","137.967882"
"塩尻中学校　体育館","長野県塩尻市大小屋61","36.105145","137.967344"
"工業会館","長野県塩尻市大門1010-1","36.120311","137.949799"
"塩尻トレーニングプラザ","長野県塩尻市大門一番町1-1","36.11056","137.951698"
"市民交流センター（えんぱーく）","長野県塩尻市大門一番町12-2","36.112033","137.952829"
"塩尻駅西公園","長野県塩尻市大門桔梗ケ原1-1","36.115551","137.943878"
"ききょう公園","長野県塩尻市大門桔梗ケ原113-1","36.118376","137.94971"
"大門北公園","長野県塩尻市大門桔梗ケ原2-1","36.123381","137.94811"
"大門七区第一公民館","長野県塩尻市大門桔梗ケ原76-4","36.117757","137.945554"
"大門七区第二公民館","長野県塩尻市大門桔梗町13-7","36.118318","137.950486"
"大門児童館","長野県塩尻市大門五番町4-21","36.115855","137.957608"
"塩尻西小学校　校庭","長野県塩尻市大門五番町4-55","36.114956","137.957651"
"塩尻西小学校　体育館","長野県塩尻市大門五番町4-55","36.114472","137.957849"
"原中央公園","長野県塩尻市大門幸町600","36.118435","137.956559"
"大門三番町・四番町介護予防交流施設","長野県塩尻市大門三番町12-2","36.109429","137.958228"
"大門保育園　遊戯室","長野県塩尻市大門四番町7-13","36.109042","137.960013"
"大門保育園　園庭","長野県塩尻市大門四番町7-13","36.108945","137.959715"
"レザンホール","長野県塩尻市大門七番町4-8","36.116241","137.953365"
"信毎販売センターふれいあいネット　塩尻営業所","長野県塩尻市大門泉町13-5","36.118967","137.957733"
"桟敷原児童公園","長野県塩尻市大門泉町400","36.117239","137.958922"
"信毎販売センターふれあいネット　中南信本店","長野県塩尻市大門泉町7-7","36.118488","137.957621"
"大門田川町公民館","長野県塩尻市大門田川町150-258","36.105896","137.961698"
"大門二番町公民館","長野県塩尻市大門二番町6-1","36.107756","137.957486"
"グレイスフル塩尻","長野県塩尻市大門八番町9-10","36.113263","137.948648"
"大門原公園","長野県塩尻市大門並木町400-1","36.117135","137.953933"
"大門地区センター（大門公民館）","長野県塩尻市大門六番町3-10","36.11372","137.955766"
"市立体育館　駐車場","長野県塩尻市大門六番町5-2","36.115797","137.955391"
"市立体育館","長野県塩尻市大門六番町5-2","36.116044","137.955167"
"中西条構造改善センター","長野県塩尻市中西条37","36.098218","137.96848"
"みずほ保育園　園庭","長野県塩尻市長畝260","36.112255","137.970671"
"みずほ保育園　遊戯室","長野県塩尻市長畝260","36.112371","137.970453"
"長畝公民館","長野県塩尻市長畝68-2","36.112362","137.975304"
"長畝農業構造改善センター","長野県塩尻市長畝69-1","36.112354","137.974769"
"旧楢川中学校　校庭","長野県塩尻市奈良井1037-3","35.973754","137.820788"
"旧楢川中学校　体育館","長野県塩尻市奈良井1037-3","35.974032","137.821469"
"奈良井公民館","長野県塩尻市奈良井342-7","35.964286","137.809754"
"水辺のふるさとふれあい広場","長野県塩尻市奈良井790-1","35.966659","137.814131"
"南熊井中挟集落センター","長野県塩尻市片丘10264","36.123717","137.969292"
"中挟公会所","長野県塩尻市片丘11197-1","36.118742","137.967942"
"南内田コミュニティーセンター","長野県塩尻市片丘4753-4","36.148","137.983952"
"片丘支所（多目的研修センター）","長野県塩尻市片丘4758-7","36.145033","137.976843"
"片丘保育園　遊戯室","長野県塩尻市片丘4933","36.14761","137.98259"
"片丘保育園　園庭","長野県塩尻市片丘4933","36.147312","137.98268"
"内田原公園","長野県塩尻市片丘5010-129","36.143073","137.974384"
"内田原公民館","長野県塩尻市片丘5010-131","36.143082","137.974677"
"片丘児童館","長野県塩尻市片丘5071","36.144174","137.978755"
"片丘農村広場","長野県塩尻市片丘5073","36.14231","137.988706"
"片丘小学校　校庭","長野県塩尻市片丘5366","36.144715","137.977569"
"片丘農業者トレーニングセンター","長野県塩尻市片丘5378-3","36.145458","137.978674"
"長野県林業総合センター　大研修室","長野県塩尻市片丘5739","36.143666","137.993118"
"長野県総合教育センター　グラウンド","長野県塩尻市片丘6342-4","36.148165","137.99449"
"長野県総合教育センター　講堂","長野県塩尻市片丘6342-4","36.149118","137.996223"
"大宮八幡境内　公園","長野県塩尻市片丘6890-1","36.153688","137.985166"
"北熊井区公民館","長野県塩尻市片丘8783-1","36.135014","137.977982"
"北熊井ふれあい公園","長野県塩尻市片丘9944-1","36.128941","137.979076"
"塩尻東保育園　園庭","長野県塩尻市峰原173-1","36.095362","137.981634"
"塩尻東保育園　遊戯室","長野県塩尻市峰原173-1","36.095655","137.981573"
"ふれあいセンター東部","長野県塩尻市峰原173-1","36.095548","137.981198"
"峰原公民館","長野県塩尻市峰原173-2","36.095734","137.980576"
"両小野中学校　校庭","長野県塩尻市北小野13389","36.05428","137.966422"
"両小野中学校　体育館","長野県塩尻市北小野13389","36.054916","137.966964"
"宮前公民館（北小野転作促進センター）","長野県塩尻市北小野155-1","36.054352","137.967805"
"古町区遊園地","長野県塩尻市北小野2673-1","36.059585","137.968639"
"北小野保育園　遊戯室","長野県塩尻市北小野2894-1","36.054537","137.96507"
"北小野保育園　園庭","長野県塩尻市北小野2894-1","36.054318","137.965027"
"勝弦グラウンド","長野県塩尻市北小野4230-1","36.079808","138.001302"
"勝弦公民館","長野県塩尻市北小野4508-1","36.072365","138.001104"
"いこいの森公園","長野県塩尻市北小野4668","36.071502","138.004173"
"北小野支所（北小野地区センター）","長野県塩尻市北小野48","36.05192","137.969072"
"上田公民館","長野県塩尻市北小野779-1","36.05428","137.973876"
"堀ノ内公民館","長野県塩尻市堀ノ内98-5","36.10878","137.969236"
"楢川小中学校　体育館","長野県塩尻市木曽平沢1451-138","35.973626","137.823843"
"楢川支所","長野県塩尻市木曽平沢1451-138","35.974197","137.824369"
"楢川屋内運動場","長野県塩尻市木曽平沢1451-138","35.97381","137.824946"
"楢川小中学校　校庭","長野県塩尻市木曽平沢1451-138","35.972841","137.82351"
"楢川保育園　園庭","長野県塩尻市木曽平沢1490","35.974571","137.825393"
"楢川保育園　遊戯室","長野県塩尻市木曽平沢1490","35.974838","137.82562"
"うるしの里展望広場","長野県塩尻市木曽平沢2206-2","35.982316","137.834028"
"木曽くらしの工芸館　駐車場","長野県塩尻市木曽平沢2221","35.985893","137.841601"
"うるしの里広場","長野県塩尻市木曽平沢2324-150","35.979507","137.828384"
"平沢旭町コミュニティー消防センター","長野県塩尻市木曽平沢2433-9","35.981736","137.831228"
"信州リハビリテーション専門学校　校庭","長野県塩尻市贄川1216","36.01298","137.859038"
"信州リハビリテーション専門学校　アリーナ","長野県塩尻市贄川1216","36.012894","137.858608"
"楢川運動場","長野県塩尻市贄川2096","36.002229","137.856616"
"桃岡コミュニティー消防センター","長野県塩尻市贄川2246","35.999352","137.853238"
"贄川北部多目的集会所","長野県塩尻市贄川640-4","36.023553","137.869101"
"王滝小中学校校庭","長野県王滝村2753","35.807964","137.553225"
"王滝保育園園庭","長野県王滝村2823","35.807686","137.552602"
"小川テニスコート","長野県王滝村4093","35.806642","137.542407"
"長野県岡谷南高等学校（校庭）","長野県岡谷市湖畔3-3-30","36.056696","138.059438"
"神明小学校（校庭）","長野県岡谷市神明町1-9-40","36.076701","138.042779"
"長野県岡谷技術専門校","長野県岡谷市神明町2-1-36","36.076014","138.047115"
"長野県岡谷工業高等学校（校庭）","長野県岡谷市神明町2-10-3","36.077051","138.046364"
"岡谷北部中学校（校庭）","長野県岡谷市赤羽2-1-24","36.079682","138.049733"
"岡谷西部中学校（校庭）","長野県岡谷市川岸中1-1-1","36.046224","138.025911"
"川岸小学校（校庭）","長野県岡谷市川岸中1-1-2","36.044615","138.026204"
"長地小学校（校庭）","長野県岡谷市長地源1-1-3","36.078622","138.067442"
"岡谷東部中学校（校庭）","長野県岡谷市長地柴宮1-9-13","36.072743","138.063859"
"上の原小学校（校庭）","長野県岡谷市長地出早2-6-1","36.090943","138.052845"
"岡谷田中小学校（校庭）","長野県岡谷市田中町3-5-17","36.060109","138.058887"
"小井川小学校（校庭）","長野県岡谷市東銀座1-1-4","36.067581","138.056697"
"長野県岡谷東高等学校（校庭）","長野県岡谷市南宮2-1-17","36.061762","138.064425"
"岡谷南部中学校（校庭）","長野県岡谷市湊2-1-8","36.048273","138.054648"
"湊小学校（校庭）","長野県岡谷市湊3-6-1","36.04166","138.062712"
"下屋敷公会所庭","長野県下諏訪町下屋敷2342-64","36.105271","138.095263"
"みずべ公園","長野県下諏訪町湖畔町南6151","36.065211","138.090552"
"泉園公園","長野県下諏訪町湖畔町南6161","36.068458","138.090637"
"四ツ角駐車場","長野県下諏訪町御田町3202","36.075332","138.087151"
"駅前広場","長野県下諏訪町広瀬町5315-18","36.072243","138.084313"
"高浜公園","長野県下諏訪町高浜10616","36.067752","138.097413"
"赤砂崎公園","長野県下諏訪町字赤砂崎10944","36.059834","138.079034"
"東明公園","長野県下諏訪町社東町社10","36.074027","138.074974"
"社東町公民館庭","長野県下諏訪町社東町社106-1","36.077264","138.075336"
"下諏訪中学校校庭","長野県下諏訪町上久保5480","36.072959","138.088936"
"星が丘公会所南用地","長野県下諏訪町星が丘社6992-145","36.089133","138.081765"
"旧労災リハビリテーション長野作業所敷地","長野県下諏訪町星が丘社7001","36.086711","138.080062"
"社中学校校庭","長野県下諏訪町星が丘社7173","36.088109","138.077532"
"あすなろ公園","長野県下諏訪町清水町4562","36.069501","138.078723"
"高木運動公園","長野県下諏訪町西高木10616-397","36.066703","138.102012"
"一ツ浜第２公園","長野県下諏訪町西四王4729","36.066073","138.083591"
"一ツ浜公園","長野県下諏訪町西四王4869","36.064122","138.085853"
"四王公園","長野県下諏訪町西四王4999","36.067963","138.084855"
"鴨田公園","長野県下諏訪町西赤砂4361","36.067721","138.073889"
"西赤砂公園","長野県下諏訪町西赤砂4385","36.065989","138.076175"
"砥川西公園","長野県下諏訪町西赤砂4869","36.069571","138.076428"
"総合運動場","長野県下諏訪町西鷹野町4679-1","36.068093","138.080018"
"おんばしら館よいさ庭","長野県下諏訪町大門168-1","36.081148","138.081208"
"花田公園","長野県下諏訪町東山田社6535","36.080455","138.074598"
"とがわ保育園園庭","長野県下諏訪町東山田社6725-2","36.081144","138.078413"
"北小学校校庭","長野県下諏訪町東山田社7267","36.084636","138.077976"
"赤砂公園","長野県下諏訪町東赤砂4703","36.064159","138.082696"
"南小学校校庭","長野県下諏訪町南四王5188","36.068955","138.089116"
"萩倉地区公民館庭","長野県下諏訪町萩倉2678","36.100721","138.099345"
"向陽台公園","長野県下諏訪町武居北7108","36.075274","138.097986"
"さくら保育園園庭","長野県下諏訪町矢木町214-16","36.076825","138.082894"
"友之町駐車場","長野県下諏訪町友之町289","36.074662","138.084946"
"下條村村民グランド","長野県下條村睦沢8548","35.393423","137.787531"
"下條中学校校庭","長野県下條村睦沢8690-1","35.39533","137.790321"
"下條小学校校庭","長野県下條村睦沢8844-1","35.397533","137.788518"
"親田グランド","長野県下條村睦沢６７０１－イ","35.402883","137.764931"
"下條保育所園庭","長野県下條村陽皐865","35.390825","137.795707"
"宮川小学校　屋外運動場","長野県茅野市宮川4632","35.989272","138.157806"
"玉川小学校　屋外運動場","長野県茅野市玉川3674","35.989918","138.191135"
"茅野市運動公園　野球場・自由広場","長野県茅野市玉川500","35.992022","138.162793"
"金沢小学校　屋外運動場","長野県茅野市金沢1141","35.94753","138.186585"
"湖東小学校　屋外運動場","長野県茅野市湖東4982","36.022753","138.214146"
"泉野小学校　屋外運動場","長野県茅野市泉野2643","35.99564","138.230617"
"永明小学校　屋外運動場","長野県茅野市塚原1-7-40","35.997036","138.152545"
"米沢小学校　屋外運動場","長野県茅野市米沢4188","36.029854","138.183247"
"豊平小学校　屋外運動場","長野県茅野市豊平2340","36.014061","138.202138"
"北山小学校　屋外運動場","長野県茅野市北山4362","36.034414","138.226025"
"町１地区高齢者支え合い拠点施設","長野県宮田村139-14","35.769865","137.942076"
"新田地区高齢者支え合い拠点施設","長野県宮田村1632-3","35.75672","137.920023"
"宮田村農業者トレーニングセンター","長野県宮田村1926-10","35.752093","137.915164"
"宮田村多目的研修集会施設文化会館","長野県宮田村1926-18","35.752016","137.914671"
"宮田村総合公園ふれあい広場","長野県宮田村1926-9","35.751429","137.913111"
"西保育園","長野県宮田村2820","35.763984","137.929715"
"南割地区高齢者支え合い拠点施設","長野県宮田村2846","35.763358","137.928661"
"宮田小学校","長野県宮田村3220","35.765912","137.940142"
"町２地区高齢者支え合い拠点施設","長野県宮田村3261-7","35.767657","137.94105"
"宮田村子育て支援センターうめっこらんど","長野県宮田村3459-1","35.763294","137.937397"
"宮田中学校","長野県宮田村3474","35.761704","137.936315"
"町３地区高齢者支え合い拠点施設","長野県宮田村3587-2","35.761717","137.939377"
"駒ヶ原地区高齢者支え合い拠点施設","長野県宮田村4657","35.759063","137.941841"
"大田切地区高齢者支え合い拠点施設","長野県宮田村5074","35.75193","137.937011"
"大久保地区高齢者支え合い拠点施設","長野県宮田村5610-1","35.757882","137.953559"
"つつじが丘グランド","長野県宮田村6138-18","35.762911","137.953136"
"北割地区高齢者支え合い拠点施設","長野県宮田村664-1","35.771656","137.928758"
"東保育園","長野県宮田村6745","35.764681","137.948117"
"宮田村デイサービスセンター","長野県宮田村6838-1","35.764184","137.94806"
"宮田村民会館","長野県宮田村7021","35.765354","137.945091"
"宮田村老人福祉センター","長野県宮田村7027-1","35.764808","137.944757"
"中央グランド（中央公園）","長野県宮田村7516","35.769138","137.945382"
"中越地区高齢者支え合い拠点施設","長野県宮田村7674","35.769949","137.951181"
"町消防センター","長野県喬木村1009","35.520038","137.881245"
"氏乗集落センター","長野県喬木村10641-7","35.47802","137.914869"
"南農事集会所","長野県喬木村1162-2","35.518676","137.878748"
"大和知ゲートボール場","長野県喬木村11826-7","35.484148","137.900328"
"大和知農産物集出荷センター","長野県喬木村11879-1","35.483663","137.899626"
"大和知公民館","長野県喬木村11879-1","35.483506","137.899575"
"喬木村南部防災センター","長野県喬木村12343-1","35.48556","137.886636"
"Ａコープ喬木店駐車場","長野県喬木村1282","35.518326","137.8742"
"アジマ自動車学校教習コース","長野県喬木村1353","35.520626","137.874651"
"喬木第二小学校グラウンド","長野県喬木村13532","35.483597","137.88719"
"喬木第二小学校","長野県喬木村13532","35.483182","137.887465"
"南保育園園庭","長野県喬木村13567","35.482133","137.888525"
"喬木南保育園","長野県喬木村13567","35.482314","137.888566"
"富田陶芸館","長野県喬木村13702-1","35.482832","137.886568"
"飯田養護学校","長野県喬木村1396-2","35.519422","137.873425"
"飯田養護学校グラウンド","長野県喬木村1396-2","35.51875","137.873748"
"喬木第一小学校グラウンド","長野県喬木村1548","35.514588","137.88196"
"喬木第一小学校","長野県喬木村1548","35.514535","137.880844"
"喬木中学校","長野県喬木村1562-2","35.513963","137.883891"
"喬木中学校グラウンド","長野県喬木村1562-2","35.514614","137.883379"
"デイサービスぽけっと","長野県喬木村15816","35.506611","137.865678"
"伊久間農産物加工センター","長野県喬木村15893-3","35.508448","137.867461"
"下伊那トラック研修会館","長野県喬木村16072-1","35.505797","137.865468"
"北第一公民館","長野県喬木村161-3","35.524418","137.885093"
"喬木悠生寮","長野県喬木村16910","35.501323","137.866517"
"喬木村運動公園グラウンド","長野県喬木村1949-2","35.515657","137.884725"
"阿島北コミュニティセンター","長野県喬木村259-2","35.526313","137.882609"
"帰牛原消防センター","長野県喬木村2930","35.511957","137.895602"
"喬木北保育園","長野県喬木村3262","35.520901","137.88365"
"北保育園園庭","長野県喬木村3262","35.520545","137.883628"
"特別養護老人ホーム喬木荘","長野県喬木村3286-1","35.520305","137.88386"
"喬木村第一公民館","長野県喬木村3290","35.520398","137.884595"
"平安祭典喬木斎場駐車場","長野県喬木村400-100","35.52538","137.878933"
"寺之前集落センター","長野県喬木村4886","35.518376","137.887914"
"野田原集会所","長野県喬木村5239-15","35.503674","137.90206"
"加々須区民会館","長野県喬木村5377-1","35.502704","137.911836"
"桃添中央会所","長野県喬木村5791-3","35.508676","137.907959"
"喬木村中央社会体育館","長野県喬木村5797","35.515212","137.875696"
"芝グラウンド","長野県喬木村5797","35.514754","137.876987"
"田上川消防センター","長野県喬木村6249-2","35.505474","137.884575"
"馬場ふれあい伝承館","長野県喬木村6656-1","35.515113","137.874637"
"喬木村福祉センター","長野県喬木村6667","35.513344","137.874155"
"デイサービスセンターふれ愛","長野県喬木村6670-1","35.513334","137.873496"
"みんなの広場　アスボ","長野県喬木村6695-1","35.51406","137.875047"
"中央保育園園庭","長野県喬木村6731","35.512416","137.877431"
"喬木中央保育園","長野県喬木村6731","35.512562","137.877232"
"両平ふれあいセンター","長野県喬木村6808-1","35.511595","137.87913"
"飯田精機（株）西側駐車場","長野県喬木村7607-1","35.5081","137.885671"
"阿島傘伝承館","長野県喬木村765-1","35.522062","137.880088"
"上平集落センター","長野県喬木村8020-2","35.502298","137.892995"
"大島公民館","長野県喬木村9383-1","35.498933","137.94394"
"大島山の家","長野県喬木村9394","35.499742","137.943737"
"西駒郷グラウンド","長野県駒ヶ根市下平2901-7","35.748048","137.958913"
"農村環境改善センター前広場（一心館）","長野県駒ヶ根市下平5030","35.735505","137.966217"
"経塚保育園、市営美里団地児童公園付近一帯","長野県駒ヶ根市経塚１７－３外","35.728537","137.943879"
"三和森公園","長野県駒ヶ根市上穂栄町12-17","35.736945","137.932189"
"国土交通省天竜川上流河川事務所駐車場","長野県駒ヶ根市上穂南7-10","35.731241","137.931839"
"駒ヶ根市営グラウンド","長野県駒ヶ根市赤須町15895-1","35.72952","137.934632"
"美女ヶ森グラウンド","長野県駒ヶ根市赤穂11476-40","35.723867","137.947029"
"向ヶ丘公園","長野県駒ヶ根市赤穂11671-38","35.719919","137.947777"
"放下小平いきいき交流センター駐車場","長野県駒ヶ根市赤穂12323-4","35.712981","137.940645"
"馬見塚公園","長野県駒ヶ根市赤穂14-5","35.709849","137.928319"
"エーデルこまがね駐車場","長野県駒ヶ根市赤穂14421","35.717959","137.951297"
"伊南聖苑","長野県駒ヶ根市赤穂14679-1","35.745737","137.939884"
"北の原公園（プール跡地）","長野県駒ヶ根市赤穂14690-1","35.746247","137.939039"
"長野県看護大学グラウンド","長野県駒ヶ根市赤穂1694","35.745628","137.934702"
"赤穂小学校校庭","長野県駒ヶ根市赤穂4605-1","35.728009","137.930079"
"赤穂中学校校庭","長野県駒ヶ根市赤穂4704","35.725344","137.930036"
"南割いきいき交流センター駐車場","長野県駒ヶ根市赤穂7290","35.720416","137.91905"
"赤穂南小学校校庭","長野県駒ヶ根市赤穂8915-1","35.717229","137.933159"
"町部防災広場","長野県駒ヶ根市中央15402-1","35.737848","137.936265"
"駒ヶ根駅前広場","長野県駒ヶ根市中央33","35.736232","137.936394"
"中沢小学校校庭","長野県駒ヶ根市中沢4036","35.726063","137.984124"
"中沢農村広場グラウンド","長野県駒ヶ根市中沢4266-3","35.717654","137.983669"
"東伊那小学校校庭","長野県駒ヶ根市東伊那2413","35.751806","137.976463"
"上伊那農協駒ヶ根支所構内","長野県駒ヶ根市東町3-12","35.735926","137.937977"
"赤穂東小学校校庭","長野県駒ヶ根市飯坂1-19-1","35.736776","137.944386"
"泰成（株）駐車場","長野県駒ヶ根市飯坂2-8-34","35.737441","137.951744"
"北野沢原公園","長野県軽井沢町軽井沢東135","36.345378","138.631534"
"雲場公園","長野県軽井沢町軽井沢東238","36.343817","138.631899"
"矢ヶ崎公園","長野県軽井沢町軽井沢東28-1","36.345522","138.637762"
"西野沢原公園","長野県軽井沢町軽井沢東283","36.343978","138.627929"
"新軽井沢駐車場","長野県軽井沢町軽井沢東41-2","36.344642","138.639853"
"三笠避難小屋","長野県軽井沢町西山国有林１３８い","36.37561","138.626068"
"軽井沢東部小学校グラウンド","長野県軽井沢町大字軽井沢1249","36.346109","138.624201"
"軽井沢高等学校グラウンド","長野県軽井沢町大字軽井沢1323-43","36.344885","138.616927"
"旧軽井沢駐車場","長野県軽井沢町大字軽井沢207","36.357474","138.633294"
"旧軽井沢駐車場","長野県軽井沢町大字軽井沢207-1","36.357552","138.633259"
"諏訪の森公園","長野県軽井沢町大字軽井沢864","36.356913","138.637478"
"旧軽井沢公民館駐車場","長野県軽井沢町大字軽井沢878-1","36.357306","138.63835"
"長倉地区児童館庭","長野県軽井沢町大字長倉1629-11","36.332894","138.586618"
"歴史民俗資料館駐車場","長野県軽井沢町大字長倉2112","36.344589","138.606369"
"千ヶ滝別荘管理事務所","長野県軽井沢町大字長倉2139","36.360611","138.582187"
"長倉公園","長野県軽井沢町大字長倉2283-1","36.349863","138.595308"
"軽井沢中学校グラウンド","長野県軽井沢町大字長倉2447-1","36.345696","138.602657"
"湯川ふるさと公園（上流地区）","長野県軽井沢町大字長倉2658-10","36.347577","138.596553"
"湯川ふるさと公園（下流地区）","長野県軽井沢町大字長倉2658-10","36.337016","138.594573"
"湯川ふるさと公園（センター地区）","長野県軽井沢町大字長倉2658-10","36.340979","138.594954"
"子育て支援センター庭","長野県軽井沢町大字長倉2859-3","36.344229","138.590877"
"長倉北公園","長野県軽井沢町大字長倉3365-32","36.354019","138.588785"
"軽井沢中部小学校グラウンド","長野県軽井沢町大字長倉3734","36.342859","138.587041"
"借宿公園","長野県軽井沢町大字長倉4751","36.342432","138.563928"
"浅間ふれあい公園","長野県軽井沢町大字長倉5456","36.349482","138.562499"
"大日向運動場","長野県軽井沢町大字長倉5538-1","36.351911","138.559012"
"風越夫婦岩マレットゴルフ場","長野県軽井沢町大字長倉957-1","36.325819","138.585609"
"軽井沢西部小学校グラウンド","長野県軽井沢町大字追分1136","36.342664","138.552264"
"追分公園","長野県軽井沢町大字追分1155-1","36.340781","138.547168"
"追分第二運動場","長野県軽井沢町大字追分1550-4","36.342007","138.53402"
"三ツ石公民館庭","長野県軽井沢町大字追分1676","36.340975","138.527448"
"追分中央公園","長野県軽井沢町大字追分592","36.33922","138.541605"
"追分宿駐車場","長野県軽井沢町大字追分873","36.340508","138.547983"
"見晴台","長野県軽井沢町大字峠町41-3","36.368277","138.656666"
"軽井沢風越公園屋外テニスコート","長野県軽井沢町大字発地1157-6","36.322829","138.596821"
"軽井沢７２ゴルフ場","長野県軽井沢町大字発地1399","36.31212","138.63214"
"軽井沢南保育園庭","長野県軽井沢町大字発地2560-1","36.318005","138.591687"
"馬取公民館庭","長野県軽井沢町大字発地588","36.299373","138.618155"
"狩野公園","長野県軽井沢町中軽井沢22-16","36.350511","138.590518"
"峰の茶屋避難小屋","長野県軽井沢町長倉国有林２０８３に","36.404128","138.569291"
"万山望避難小屋","長野県軽井沢町長倉国有林２０８６イ","36.388378","138.586242"
"小瀬避難小屋","長野県軽井沢町長倉山国有林１２９る","36.387954","138.613472"
"旧野営場","長野県軽井沢町長倉山国有林１２９る","36.38621","138.615832"
"旧野営場避難小屋","長野県軽井沢町長倉山国有林１２９る","36.386296","138.616068"
"深山農村公園","長野県原村16195-1","35.954512","138.244397"
"八ヶ岳自然文化園","長野県原村17217-1613","35.97218","138.26644"
"原村レストハウス樅の木荘グランド","長野県原村17217-1729","35.965749","138.254869"
"南原運動広場","長野県原村18564-1","35.935542","138.231898"
"弓振農村広場","長野県原村3800-1","35.977271","138.221845"
"払沢農村交流施設","長野県原村4960","35.964438","138.227188"
"原小学校校庭","長野県原村6585","35.963157","138.217181"
"原中学校校庭","長野県原村6656","35.962988","138.213603"
"柏木農村広場","長野県原村9555","35.963904","138.199773"
"塩野地区世代間交流センター","長野県御代田町大字塩野1323-1","36.334673","138.495774"
"やまゆり体育館","長野県御代田町大字塩野3025-2","36.330878","138.498135"
"やまゆり公園","長野県御代田町大字塩野3025-2","36.331516","138.498178"
"清万地区世代間交流センター","長野県御代田町大字塩野3310-1","36.340103","138.517302"
"小田井地区世代間交流センター","長野県御代田町大字御代田1603-3","36.304732","138.494614"
"ハートピアみよた","長野県御代田町大字御代田1772-1","36.309054","138.497903"
"旧御代田小学校跡地（ハートピアみよた隣）","長野県御代田町大字御代田1772-1","36.309182","138.498577"
"上宿公民館","長野県御代田町大字御代田1772-2","36.308568","138.497939"
"荒町公民館","長野県御代田町大字御代田2158-1","36.312459","138.503207"
"やまゆり共同作業所","長野県御代田町大字御代田2450-1","36.319464","138.507079"
"栄町公民館","長野県御代田町大字御代田2503","36.317447","138.509027"
"龍神の杜公園","長野県御代田町大字御代田2505-2","36.316688","138.509322"
"平和台公民館","長野県御代田町大字御代田2670-94","36.311478","138.506493"
"御代田中学校体育館","長野県御代田町大字御代田2718","36.315346","138.510113"
"御代田中学校グラウンド","長野県御代田町大字御代田2718","36.315933","138.509728"
"児玉地区世代間交流センター","長野県御代田町大字御代田3995-19","36.307096","138.512807"
"御代田南小学校グラウンド","長野県御代田町大字御代田4107-41","36.309892","138.515029"
"御代田南小学校体育館","長野県御代田町大字御代田4107-41","36.310568","138.515361"
"御代田町ヘルスパイオニアセンター","長野県御代田町大字御代田4107-71","36.313069","138.518449"
"御代田町Ｂ＆Ｇ海洋センター","長野県御代田町大字御代田4107-72","36.312679","138.519117"
"雪窓公園","長野県御代田町大字御代田4107-96","36.309828","138.518432"
"西軽井沢公民館","長野県御代田町大字御代田4108-466","36.324838","138.520883"
"広戸地区世代間交流センター","長野県御代田町大字広戸559-1","36.308577","138.532932"
"向原地区世代間交流センター","長野県御代田町大字草越1173-396","36.313244","138.526831"
"草越公民館","長野県御代田町大字草越410-9","36.316429","138.544733"
"一里塚地区世代間交流センター","長野県御代田町大字馬瀬口1507-145","36.33397","138.514686"
"エコールみよた","長野県御代田町大字馬瀬口1901-1","36.321554","138.506226"
"御代田北小学校体育館","長野県御代田町大字馬瀬口1935","36.324038","138.504169"
"御代田北小学校グラウンド","長野県御代田町大字馬瀬口1935","36.323679","138.503012"
"三ツ谷地区世代間交流センター","長野県御代田町大字馬瀬口2039-5","36.326021","138.505543"
"馬瀬口創作館","長野県御代田町大字馬瀬口632-9","36.320662","138.492782"
"豊昇地区世代間交流センター","長野県御代田町大字豊昇1091-1","36.298923","138.53026"
"旧伍賀小学校跡地（豊昇園）","長野県御代田町大字豊昇1800-2","36.302983","138.533776"
"豊昇園","長野県御代田町大字豊昇1800-8","36.302386","138.53336"
"面替公民館","長野県御代田町大字面替544","36.298858","138.519172"
"信州みよたクラインガルテン大星の杜・面替（交流施設）","長野県御代田町大字面替931-1","36.298975","138.520721"
"ふるさとふれあい広場","長野県高山村大字奥山田1363","36.681824","138.400106"
"山田温泉スキー場駐車場","長野県高山村大字奥山田3681-1","36.674825","138.425163"
"山田牧場スキー場","長野県高山村大字奥山田3681-17","36.668756","138.459444"
"高山小学校校庭","長野県高山村大字高井3455","36.674675","138.357196"
"高山中学校校庭","長野県高山村大字高井4575","36.676589","138.362558"
"南部スポーツパーク","長野県高山村大字高井689-1","36.667329","138.352494"
"北部運動広場","長野県高山村大字中山1985","36.687567","138.365774"
"ゆうゆう広場","長野県高山村大字牧73-1","36.681484","138.373126"
"高森中学校グランド","長野県高森町下市田2200-23","35.551947","137.877423"
"町民グランド","長野県高森町下市田2324","35.550132","137.871352"
"高森北小学校グランド","長野県高森町山吹3727-2","35.578159","137.891678"
"印内コミュニティセンター","長野県佐久市印内179-1","36.293079","138.35049"
"印内公民館","長野県佐久市印内244-1","36.292902","138.353427"
"印内原公民館","長野県佐久市印内566-10","36.296382","138.371518"
"美里区公会場","長野県佐久市臼田1278-8","36.205534","138.47066"
"諏訪町公民館","長野県佐久市臼田2073-4","36.200846","138.473668"
"うすだ健康館","長野県佐久市臼田2175-1","36.197776","138.478941"
"臼田総合運動公園宿泊棟","長野県佐久市臼田3110-1","36.196037","138.4365"
"臼田児童館","長野県佐久市臼田559-1","36.201867","138.479721"
"浅科多目的屋内運動場","長野県佐久市塩名田1155-1","36.263765","138.417891"
"塩名田区生きがいセンター","長野県佐久市塩名田456-1","36.272731","138.421546"
"総合福祉センターあいとぴあ臼田","長野県佐久市下越16-5","36.198423","138.487209"
"下越公会堂","長野県佐久市下越175-7","36.193082","138.486516"
"臼田体育センター","長野県佐久市下越284","36.199748","138.484218"
"横山公民館","長野県佐久市下小田切1-2","36.192802","138.478379"
"下小田切公会場","長野県佐久市下小田切349-1","36.187411","138.474591"
"浅間体育センター","長野県佐久市岩村田1340-3","36.272185","138.468036"
"岩村田児童館","長野県佐久市岩村田2957-1","36.267822","138.481677"
"浅間会館","長野県佐久市岩村田543","36.274603","138.479809"
"小平公民館","長野県佐久市協和1320-1","36.257452","138.340284"
"協東公民館","長野県佐久市協和2404-7","36.259045","138.359084"
"三井公民館","長野県佐久市協和244-1","36.262097","138.345784"
"高呂公民館","長野県佐久市協和2611-1","36.256943","138.354836"
"大谷地公民館","長野県佐久市協和3151-1","36.246825","138.333535"
"協西公民館","長野県佐久市協和3347-3","36.227203","138.310878"
"桜ヶ丘地域ふれあいセンター","長野県佐久市協和5254-1","36.24859","138.349987"
"望月児童館","長野県佐久市協和5267-2","36.248504","138.349449"
"比田井公民館","長野県佐久市協和6683","36.24103","138.352143"
"片倉公民館","長野県佐久市協和7291-2","36.250877","138.362417"
"もちづき保育園","長野県佐久市協和7430-1","36.250599","138.359456"
"天神公民館","長野県佐久市協和8554","36.252586","138.358904"
"入の沢公会場","長野県佐久市桑山585-1","36.286967","138.400749"
"桑山公会場","長野県佐久市桑山728-2","36.282001","138.397054"
"御馬寄コミュニティセンター","長野県佐久市御馬寄173","36.270256","138.415575"
"駒寄公会場","長野県佐久市御馬寄587-39","36.260618","138.412973"
"あさしな保育園","長野県佐久市御馬寄715-1","36.268237","138.407687"
"あさしな児童館","長野県佐久市御馬寄715-2","36.268401","138.407873"
"庄ノ上生活改善センター","長野県佐久市御馬寄925-32","36.276196","138.415255"
"中原構造改善センター","長野県佐久市甲1176-4","36.267332","138.403868"
"下原公会場","長野県佐久市甲1351-5","36.273497","138.405585"
"上原公会場","長野県佐久市甲2165-3","36.258171","138.403844"
"道の駅ほっとぱ～く・浅科","長野県佐久市甲2177-1","36.257555","138.404232"
"香坂集会所","長野県佐久市香坂3113","36.260612","138.520392"
"東地文化センター","長野県佐久市香坂630-1","36.268011","138.563265"
"岸野集会所","長野県佐久市根岸203-1","36.238814","138.433159"
"市民交流ひろば","長野県佐久市佐久平駅南4-3","36.27527","138.461206"
"泉児童館","長野県佐久市三塚282-3","36.227692","138.451022"
"泉保育園","長野県佐久市三塚300-2","36.229828","138.449645"
"東会館","長野県佐久市志賀6059-1","36.254449","138.513835"
"生涯学習センター（野沢会館）","長野県佐久市取出町183","36.219444","138.467862"
"子ども・子育て支援拠点施設（野沢児童館併設）","長野県佐久市取出町455-1","36.220007","138.46926"
"野沢多目的広場","長野県佐久市取出町480-1","36.220104","138.46962"
"向反公民館","長野県佐久市春日1277-1","36.222942","138.349812"
"竹之城公民館","長野県佐久市春日1872-2","36.212731","138.341528"
"湯沢公民館","長野県佐久市春日2253-15","36.194064","138.336946"
"新田公民館","長野県佐久市春日2403-1","36.206501","138.341684"
"御鹿の郷地域ふれあいセンター","長野県佐久市春日2714-1","36.222688","138.353641"
"新町公民館","長野県佐久市春日3311-6","36.21081","138.358504"
"宮之入公民館","長野県佐久市春日3440-4","36.210681","138.355677"
"三明公民館","長野県佐久市春日3541-7","36.208858","138.358957"
"茂沢公民館","長野県佐久市春日3580-2","36.205173","138.355711"
"入新町公民館","長野県佐久市春日3913-1","36.198948","138.360686"
"高橋公民館","長野県佐久市春日446-1","36.228109","138.354378"
"岩下公民館","長野県佐久市春日4602-3","36.198054","138.362432"
"入片倉公民館","長野県佐久市春日4850-2","36.209285","138.360367"
"もちづき荘","長野県佐久市春日5921","36.196561","138.336549"
"ゆざわ荘","長野県佐久市春日5924-4","36.197839","138.336626"
"下之宮公民館","長野県佐久市春日624-2","36.237859","138.356127"
"善郷寺公民館","長野県佐久市春日730-45","36.234157","138.35408"
"勝間地域公民館","長野県佐久市勝間73-18","36.19045","138.481654"
"荒田集会所","長野県佐久市小田井1201","36.300007","138.495134"
"小田井児童館","長野県佐久市小田井923-16","36.303096","138.493306"
"上小田切公会場","長野県佐久市上小田切300-1","36.175203","138.455167"
"上小田切西公会場","長野県佐久市上小田切832-1","36.172329","138.448688"
"上平尾集会所","長野県佐久市上平尾793-1","36.281282","138.499951"
"平根保育園","長野県佐久市上平尾847-3","36.28204","138.499106"
"平根児童館","長野県佐久市上平尾953-7","36.284951","138.499322"
"東地区社会体育館","長野県佐久市新子田1382-1","36.262434","138.496962"
"東保育園","長野県佐久市新子田880-2","36.258471","138.503781"
"東児童館","長野県佐久市新子田897-1","36.258107","138.503506"
"中央隣保館","長野県佐久市瀬戸1177-2","36.24891","138.4816"
"清川公民館","長野県佐久市清川388-3","36.210284","138.49999"
"大沢地区社会体育館","長野県佐久市大沢789-1","36.209936","138.455368"
"大沢保育園","長野県佐久市大沢789-1","36.210325","138.455848"
"中込認定こども園","長野県佐久市中込1-10-2","36.231808","138.478256"
"中込会館（恵仁会中込施設内）","長野県佐久市中込1-17-8","36.230956","138.478095"
"下水道管理センター","長野県佐久市中込1335","36.2465","138.460378"
"ワークテラス佐久","長野県佐久市中込2336-1","36.235732","138.477977"
"勤労者体育館","長野県佐久市中込3384-1","36.254975","138.471382"
"中込児童館","長野県佐久市中込484-1","36.236944","138.471465"
"佐久平浅間児童館","長野県佐久市長土呂1288-1","36.28217","138.461646"
"長土呂公会場","長野県佐久市長土呂1395-1","36.281401","138.465546"
"中佐都保育園","長野県佐久市塚原787-1","36.268966","138.45002"
"中佐都児童館","長野県佐久市塚原815-1","36.269691","138.446854"
"広川原健康相談室","長野県佐久市田口147-1","36.177748","138.614566"
"宮代公会場","長野県佐久市田口2502-2","36.193083","138.510499"
"川原宿集会場","長野県佐久市田口2584","36.194044","138.507327"
"中町公会場","長野県佐久市田口2623-4","36.195596","138.507347"
"下町公会場","長野県佐久市田口2886-1","36.19866","138.501816"
"田口児童館","長野県佐久市田口2955","36.198229","138.49998"
"龍岡城跡ガイダンス施設","長野県佐久市田口2975-1","36.196391","138.501373"
"川村吾蔵記念館","長野県佐久市田口3112","36.196521","138.499535"
"大奈良公民館","長野県佐久市田口4527","36.206925","138.49293"
"原区公民館","長野県佐久市田口4831-1","36.203407","138.494266"
"上中込公会場","長野県佐久市田口6350-1","36.20517","138.485696"
"丸山公民館","長野県佐久市田口914-1","36.190311","138.526926"
"滝公会場","長野県佐久市湯原1247-3","36.189755","138.471952"
"湯原新田公会場","長野県佐久市湯原2673","36.187882","138.439909"
"切原児童館","長野県佐久市湯原30-4","36.18104","138.465275"
"湯原公会場","長野県佐久市湯原731","36.185984","138.460514"
"内山地区社会体育館","長野県佐久市内山5201","36.231868","138.525249"
"内山集会所","長野県佐久市内山5899-1","36.232039","138.524846"
"十日町公会場","長野県佐久市入沢1080-1","36.177038","138.489117"
"入澤集会所","長野県佐久市入沢1586-1","36.176747","138.500791"
"赤谷公会場","長野県佐久市入沢2495","36.173212","138.528307"
"青沼児童館","長野県佐久市入澤233-2","36.178695","138.491647"
"三条公会場","長野県佐久市入澤519-1","36.181782","138.485685"
"御牧原多目的集会場","長野県佐久市八幡1124-3","36.293541","138.38787"
"八幡コミュニティセンター","長野県佐久市八幡69-1","36.271543","138.395212"
"岸野児童館","長野県佐久市伴野1474-2","36.245101","138.429543"
"農村環境改善センター","長野県佐久市伴野1802-3","36.246176","138.424497"
"布施温泉","長野県佐久市布施1228","36.256014","138.373016"
"百沢公民館","長野県佐久市布施162-4","36.269425","138.377662"
"布施地域コミュニティセンター","長野県佐久市布施1701-1","36.250552","138.376323"
"式部公民館","長野県佐久市布施2682-1","36.24113","138.378542"
"抜井公民館","長野県佐久市布施3535-1","36.231785","138.388238"
"中居創作館","長野県佐久市布施4231-1","36.22144","138.393322"
"藤巻公民館","長野県佐久市布施4677-3","36.209306","138.383985"
"雁村公民館","長野県佐久市布施4965-1","36.212566","138.394921"
"牧布施公民館","長野県佐久市布施501","36.261238","138.374125"
"長者原公民館","長野県佐久市布施5316-1","36.198906","138.380011"
"大木公民館","長野県佐久市布施5550-1","36.197003","138.394853"
"御牧原公民館","長野県佐久市布施8-142","36.286763","138.380546"
"佐久総合運動公園","長野県佐久市平賀3011","36.23687","138.493635"
"城山保育園","長野県佐久市平賀4195","36.22937","138.504095"
"佐久城山児童館","長野県佐久市平賀5332-2","36.228316","138.493933"
"岩水公民館","長野県佐久市平林１１０９－イ","36.161349","138.489054"
"望月地域コミュニティセンター","長野県佐久市望月143-1","36.263998","138.361811"
"望月人権文化センター","長野県佐久市望月471-12","36.268229","138.356785"
"北川本郷公会場","長野県佐久市北川234-1","36.18168","138.474685"
"千曲台公会場","長野県佐久市北川525-27","36.179943","138.479253"
"若葉集会所","長野県佐久市北川557-52","36.174301","138.478465"
"高瀬保育園","長野県佐久市鳴瀬1371","36.254734","138.440661"
"高瀬児童館","長野県佐久市鳴瀬1378-1","36.254354","138.441099"
"茂田井自治会館","長野県佐久市茂田井2136-2","36.272193","138.338359"
"観音峰活性化センター","長野県佐久市茂田井3393-1","36.279592","138.349672"
"観音寺公民館","長野県佐久市茂田井3726-1","36.286461","138.344659"
"野沢体育センター","長野県佐久市野沢339-1","36.225947","138.46272"
"矢島老人憩いの家","長野県佐久市矢島392","36.2578","138.39186"
"かさなり公民館","長野県佐久穂町大字海瀬1172-50","36.155367","138.509084"
"川久保集落センター","長野県佐久穂町大字海瀬1649","36.148991","138.506853"
"海瀬総合グラウンド","長野県佐久穂町大字海瀬1981-4","36.148176","138.494805"
"花岡遺跡公園","長野県佐久穂町大字海瀬2387","36.139954","138.484104"
"海瀬保育園","長野県佐久穂町大字海瀬2543-1","36.152837","138.488214"
"佐久穂小中学校　グラウンド","長野県佐久穂町大字海瀬2673","36.154041","138.48389"
"海瀬社会体育館　駐車場","長野県佐久穂町大字海瀬2754","36.154804","138.482062"
"海瀬新田生活改善センター","長野県佐久穂町大字海瀬2850","36.152057","138.481989"
"秋葉山公園","長野県佐久穂町大字海瀬2990-1","36.155011","138.486732"
"佐久穂町こどもセンター　グラウンド","長野県佐久穂町大字海瀬309","36.156259","138.487696"
"一ノ淵公民館","長野県佐久穂町大字海瀬365-1","36.155068","138.491215"
"下海瀬公民館","長野県佐久穂町大字海瀬3695","36.144858","138.47878"
"花岡公民館","長野県佐久穂町大字海瀬4635","36.139031","138.484337"
"海瀬屋内ゲートボール場","長野県佐久穂町大字海瀬5199-67","36.146907","138.495339"
"旭公民館","長野県佐久穂町大字海瀬5642","36.137974","138.515746"
"館公民館","長野県佐久穂町大字海瀬5725","36.140955","138.513707"
"月見公園","長野県佐久穂町大字海瀬5737","36.139842","138.512158"
"畑ヶ中集落センター","長野県佐久穂町大字海瀬677","36.15178","138.498306"
"四ッ谷生活改善センター","長野県佐久穂町大字海瀬83-4","36.157953","138.487132"
"柳翠区民センター","長野県佐久穂町大字高野町101","36.161742","138.480916"
"旧佐久西小学校　グラウンド","長野県佐久穂町大字高野町1802","36.161373","138.474823"
"佐久穂町隣保館","長野県佐久穂町大字高野町2026-2","36.160499","138.469377"
"栄保育園","長野県佐久穂町大字高野町228","36.163652","138.480337"
"元気が出る公園","長野県佐久穂町大字高野町2666","36.157983","138.471642"
"東町区公会場","長野県佐久穂町大字高野町2942","36.163803","138.487677"
"高齢者福祉施設　ふれあい","長野県佐久穂町大字高野町351","36.162738","138.478349"
"佐久穂町同和教育集会所","長野県佐久穂町大字高野町401","36.164541","138.480012"
"婦人若者等活動促進施設（高野町公会場）","長野県佐久穂町大字高野町454-5","36.164947","138.483553"
"佐久穂町役場","長野県佐久穂町大字高野町569","36.160234","138.483605"
"佐久穂町役場　駐車場","長野県佐久穂町大字高野町569","36.160498","138.483245"
"桜町児童公園","長野県佐久穂町大字高野町652","36.163494","138.486131"
"宿岩生活改善センター","長野県佐久穂町大字宿岩65","36.168047","138.484818"
"大岳センター","長野県佐久穂町大字上1200-1","36.158381","138.455918"
"上区生活改善センター","長野県佐久穂町大字上1352-5","36.16132","138.461948"
"影生活改善センター","長野県佐久穂町大字上1662-2","36.160281","138.450288"
"上新田生活改善センター","長野県佐久穂町大字上2234-1","36.162117","138.449075"
"大張生活改善センター","長野県佐久穂町大字上623-7","36.150632","138.440579"
"馬越公民館","長野県佐久穂町大字千代里4127-1","36.123858","138.459493"
"柳沢公民館","長野県佐久穂町大字千代里4649-36","36.107638","138.451099"
"大日向小学校　グラウンド","長野県佐久穂町大字大日向1110-1","36.142709","138.549976"
"大日向２区農村研修集会センター","長野県佐久穂町大字大日向1641-1","36.137154","138.562136"
"大日向生活改善センター（１区）","長野県佐久穂町大字大日向2366-2","36.128739","138.579165"
"大日向５区生活改善センター","長野県佐久穂町大字大日向243-1","36.14377","138.528073"
"大日向４区公民館","長野県佐久穂町大字大日向4170","36.143426","138.532992"
"大日向多目的研修センター（３区）","長野県佐久穂町大字大日向788-3","36.143688","138.54391"
"千ヶ日向コミュニティーセンター","長野県佐久穂町大字畑1162-19","36.129686","138.466553"
"八千穂福祉センター","長野県佐久穂町大字畑143-1","36.137761","138.473356"
"宮前公民館","長野県佐久穂町大字畑143-35","36.135846","138.472564"
"佐久穂町役場旧八千穂庁舎　駐車場","長野県佐久穂町大字畑164","36.136904","138.471657"
"上畑会館","長野県佐久穂町大字畑164-12","36.1377","138.471682"
"千ヶ日向グラウンド","長野県佐久穂町大字畑1819-3","36.130839","138.462062"
"旧八千穂小学校　グラウンド","長野県佐久穂町大字畑224-1","36.134353","138.474497"
"八千穂消防センター","長野県佐久穂町大字畑25-3","36.130898","138.471163"
"旧八千穂中学校　グラウンド","長野県佐久穂町大字畑260","36.135999","138.475707"
"中畑公民館","長野県佐久穂町大字畑3029","36.144549","138.472634"
"城山公園","長野県佐久穂町大字畑3238","36.148705","138.471081"
"城山コミュニティーセンター","長野県佐久穂町大字畑3400-84","36.148887","138.471929"
"下畑公民館","長野県佐久穂町大字畑3499","36.150988","138.475181"
"大久保公民館","長野県佐久穂町大字畑3945-2","36.152088","138.46975"
"上野公民館","長野県佐久穂町大字畑4257-2","36.145438","138.46604"
"佐口公民館","長野県佐久穂町大字畑4981","36.144083","138.451994"
"うそのくち公民館","長野県佐久穂町大字畑5851-1","36.13132","138.415983"
"八千穂老人福祉センター","長野県佐久穂町大字畑660","36.142913","138.470977"
"畑屋内ゲートボール場","長野県佐久穂町大字畑660","36.143593","138.470454"
"八千穂保育園","長野県佐久穂町大字畑660","36.143199","138.470644"
"八千穂デイサービスセンター　こまどり","長野県佐久穂町大字畑660","36.143346","138.471106"
"大高公民館","長野県佐久穂町大字畑669","36.142194","138.471115"
"清水町北公民館","長野県佐久穂町大字畑93-2","36.133419","138.471303"
"八郡地区公民館","長野県佐久穂町大字八郡153-1","36.127931","138.44906"
"大石区公民館","長野県佐久穂町大字八郡1679-1","36.1138","138.441843"
"松井グラウンド","長野県佐久穂町大字八郡2049-622","36.114867","138.421145"
"松井転作促進研修センター","長野県佐久穂町大字八郡2487","36.115822","138.419642"
"平林生活改善センター（本郷）","長野県佐久穂町大字平林275-3","36.166098","138.492534"
"平林第一生活改善センター","長野県佐久穂町大字平林47-5","36.169586","138.489082"
"曽原公民館","長野県佐久穂町大字平林710-2","36.160983","138.497605"
"羽黒下生活改善センター","長野県佐久穂町大字平林97-1","36.166136","138.487433"
"やちほ構造改善センター","長野県佐久穂町大字穂積1335-1","36.133785","138.477239"
"しらかば社会体育館　駐車場","長野県佐久穂町大字穂積1403","36.136922","138.476401"
"天神町会館","長野県佐久穂町大字穂積1604-1","36.131302","138.474539"
"愛石公園","長野県佐久穂町大字穂積1692","36.127053","138.471629"
"穴原公民館","長野県佐久穂町大字穂積1962","36.119505","138.480179"
"穂積屋内ゲートボール場","長野県佐久穂町大字穂積2365","36.117995","138.476972"
"穂積グラウンド","長野県佐久穂町大字穂積2365-1","36.118437","138.4765"
"中央公民館","長野県佐久穂町大字穂積2368-4","36.118073","138.476006"
"崎田公民館","長野県佐久穂町大字穂積244-3","36.134167","138.484586"
"高岩公民館","長野県佐久穂町大字穂積2586-2","36.112609","138.478477"
"筆岩公民館","長野県佐久穂町大字穂積3308-2","36.113029","138.495358"
"余地ダム公園","長野県佐久穂町大字余地535","36.164111","138.551129"
"余地中谷生活改善センター","長野県佐久穂町大字余地733","36.162768","138.533266"
"余地水田転作促進研修センター（本郷）","長野県佐久穂町大字余地990","36.156944","138.522584"
"坂端公民館広場","長野県坂城町坂城10213","36.46485","138.17837"
"大宮公民館前","長野県坂城町坂城1051","36.467359","138.180762"
"新町公民館前","長野県坂城町坂城1067-1","36.466297","138.179406"
"日名沢公民館前","長野県坂城町坂城1939-3","36.46812","138.18426"
"苅屋原公民館前","長野県坂城町坂城296-1","36.468608","138.165436"
"北日名公民館広場","長野県坂城町坂城3075-1","36.474095","138.188702"
"南日名公民館広場","長野県坂城町坂城4549-3","36.46928","138.1921"
"坂城保育園","長野県坂城町坂城6204","36.46585","138.18303"
"坂城保育園園庭","長野県坂城町坂城6204","36.46557","138.18305"
"坂城小学校","長野県坂城町坂城6227","36.46634","138.184175"
"坂城小学校グランド","長野県坂城町坂城6227","36.465412","138.184148"
"中心市街地コミュニティセンター前","長野県坂城町坂城6313-2","36.463531","138.182833"
"立町公民館広場","長野県坂城町坂城6388","36.463994","138.181127"
"田町公民館広場","長野県坂城町坂城6541","36.460416","138.185164"
"坂城高等学校","長野県坂城町坂城6727","36.46222","138.18947"
"坂城高等学校グランド","長野県坂城町坂城6727-1","36.46158","138.18943"
"戌久保公民館前","長野県坂城町坂城8986-1","36.45365","138.195357"
"四ツ屋公民館広場","長野県坂城町坂城9314-1","36.455151","138.188198"
"上五明公民館広場","長野県坂城町上五明733-1","36.45486","138.1715"
"村上小学校","長野県坂城町上平1428-1","36.44901","138.16723"
"村上小学校グランド","長野県坂城町上平1428-1","36.44892","138.16775"
"村上保育園","長野県坂城町上平1540","36.44559","138.16572"
"村上保育園園庭","長野県坂城町上平1540","36.445303","138.165641"
"小野沢集会所広場","長野県坂城町上平1602-2","36.445917","138.16384"
"小網公民館前","長野県坂城町上平2229-1","36.429438","138.178192"
"上平児童館広場","長野県坂城町上平982-2","36.44809","138.161303"
"千曲坂城消防組合坂城消防署訓練場","長野県坂城町中之条1126-1","36.445607","138.194251"
"中之条公民館広場","長野県坂城町中之条1336-2","36.44771","138.193975"
"坂城町体育館","長野県坂城町中之条2468","36.45074","138.19413"
"坂城町文化センター","長野県坂城町中之条2468","36.45087","138.1937"
"坂城町文化センターグランド","長野県坂城町中之条2468","36.45165","138.19362"
"坂城中学校グランド","長野県坂城町中之条926","36.45092","138.19143"
"坂城中学校","長野県坂城町中之条926","36.44997","138.19162"
"金井８組合公民館前","長野県坂城町南条1756","36.434508","138.198036"
"南条保育園","長野県坂城町南条2003-18","36.43601","138.19653"
"南条保育園園庭","長野県坂城町南条2003-18","36.435747","138.196109"
"南条小学校","長野県坂城町南条2036","36.434843","138.19368"
"南条小学校グランド","長野県坂城町南条2036","36.434757","138.194552"
"金井振興センター前","長野県坂城町南条2330-1","36.437984","138.195132"
"南条林業センター前","長野県坂城町南条2525-1","36.43964","138.20041"
"鼠公民館広場","長野県坂城町南条276","36.42674","138.193239"
"入横尾公民館広場","長野県坂城町南条3764-2","36.441135","138.207609"
"泉区グランド","長野県坂城町南条4600","36.441446","138.198641"
"町横尾ミニ公園（旧南条保育園跡地）","長野県坂城町南条4745-1","36.44204","138.19163"
"鼠団地集会所前","長野県坂城町南条482-68","36.430152","138.19862"
"坂城テクノセンター駐車場","長野県坂城町南条4861-35","36.441352","138.189322"
"新地公民館広場","長野県坂城町南条781","36.430808","138.192829"
"新地団地集会所前","長野県坂城町南条979-10","36.43113","138.19802"
"福沢集会所前","長野県坂城町網掛2991-4","36.442749","138.164665"
"網掛公民館広場","長野県坂城町網掛564-4","36.44376","138.17401"
"月見区集会所広場","長野県坂城町網掛900-59","36.449976","138.177138"
"菅集落センター","長野県山ノ内町大字寒沢1168-1","36.718899","138.400467"
"寒沢集落センター","長野県山ノ内町大字寒沢634-1","36.722675","138.40379"
"戸狩公会堂","長野県山ノ内町大字戸狩601-4","36.743559","138.396499"
"ほなみ保育園","長野県山ノ内町大字佐野1058-1","36.732323","138.41052"
"佐野人材養成センター","長野県山ノ内町大字佐野1069-1","36.733533","138.411024"
"南小学校","長野県山ノ内町大字佐野1181-1","36.731939","138.409483"
"穂波温泉区コミュニティセンター","長野県山ノ内町大字佐野2610-4","36.735701","138.419262"
"道の駅北信州やまのうち","長野県山ノ内町大字佐野393-2","36.74105","138.405234"
"ほなみふれあいセンター","長野県山ノ内町大字佐野795-1","36.731542","138.406344"
"特別養護老人ホーム　いで湯の里","長野県山ノ内町大字佐野799-2","36.730483","138.405006"
"沓野郷土文化保存伝習館","長野県山ノ内町大字平穏1237-1","36.731279","138.43633"
"渋温泉コミュニティ消防センター","長野県山ノ内町大字平穏2112-1","36.733658","138.433461"
"金安コミュニティ消防センター","長野県山ノ内町大字平穏2281-2","36.734835","138.429999"
"湯田中共益会館","長野県山ノ内町大字平穏3091-5","36.739128","138.420811"
"かえで保育園","長野県山ノ内町大字平穏3094-1","36.73881","138.421251"
"東小学校","長野県山ノ内町大字平穏3100","36.738276","138.422632"
"山ノ内町保健センター","長野県山ノ内町大字平穏3352-1","36.743401","138.412399"
"山ノ内町地域福祉センター","長野県山ノ内町大字平穏3371-2","36.743738","138.413699"
"山ノ内中学校","長野県山ノ内町大字平穏3400-1","36.744205","138.414563"
"上条研修センター","長野県山ノ内町大字平穏3986-2","36.74883","138.411391"
"山ノ内町文化センター","長野県山ノ内町大字平穏4015-1","36.745255","138.413314"
"志賀高原保育園","長野県山ノ内町大字平穏7148","36.716988","138.492298"
"志賀高原総合会館９８","長野県山ノ内町大字平穏7148-203","36.719622","138.49068"
"表落合多目的集会所","長野県山ノ内町大字夜間瀬100051-1","36.813696","138.434006"
"土橋公会堂","長野県山ノ内町大字夜間瀬10991","36.797923","138.440884"
"乗廻集会所","長野県山ノ内町大字夜間瀬12115-1","36.784784","138.443782"
"西小学校","長野県山ノ内町大字夜間瀬2504-1","36.761648","138.405336"
"よませふれあいセンター","長野県山ノ内町大字夜間瀬2511-1","36.760783","138.405364"
"夜間瀬本郷区民会館","長野県山ノ内町大字夜間瀬2525","36.758999","138.402699"
"よませ保育園","長野県山ノ内町大字夜間瀬2970","36.758179","138.405548"
"横倉集会所","長野県山ノ内町大字夜間瀬4040-1","36.764389","138.412915"
"前坂研修センター","長野県山ノ内町大字夜間瀬6531-2","36.77462","138.415684"
"よませ活性化センター","長野県山ノ内町大字夜間瀬6819-1","36.777855","138.422684"
"苗間生活改善センター","長野県山ノ内町大字夜間瀬7586-1","36.789759","138.435199"
"中須賀川多目的集会所","長野県山ノ内町大字夜間瀬8148-2","36.795103","138.437148"
"すがかわ保育園","長野県山ノ内町大字夜間瀬8597-3","36.800411","138.435584"
"すがかわ体育館","長野県山ノ内町大字夜間瀬8611-2","36.800638","138.435915"
"すがかわふれあいセンター","長野県山ノ内町大字夜間瀬8611-2","36.800483","138.436379"
"下須賀川生活改善センター","長野県山ノ内町大字夜間瀬8939-1","36.801598","138.434367"
"宇木区民会館","長野県山ノ内町大字夜間瀬１２８７－イ","36.767716","138.401022"
"中大池語部の館","長野県山形村1321-6","36.158451","137.873456"
"農業者トレーニングセンターグラウンド","長野県山形村2040-1","36.168793","137.879252"
"農業者トレーニングセンター体育館","長野県山形村2040-1","36.169274","137.878229"
"農業者トレーニングセンター研修棟","長野県山形村2040-1","36.168699","137.878198"
"ふれあいドーム","長野県山形村2059-1","36.170357","137.878987"
"ミラ・フード館","長野県山形村2061-1","36.169881","137.879012"
"小坂公民館","長野県山形村2756-3","36.160242","137.868515"
"下大池公民館","長野県山形村3510-1","36.167288","137.871212"
"山形小学校グラウンド","長野県山形村3867","36.168713","137.874792"
"山形小学校体育館","長野県山形村3867","36.167903","137.874721"
"ふれあい児童館","長野県山形村3940-1","36.168517","137.877141"
"保健福祉センターいちいの里","長野県山形村4520-1","36.173933","137.882613"
"上竹田公会堂","長野県山形村5333-3","36.178304","137.875672"
"下竹田公会堂","長野県山形村6948-1","36.180564","137.879069"
"上大池コミュニティーセンター","長野県山形村935","36.151961","137.868121"
"本村公民館庭","長野県小海町大字小海1493-1","36.067158","138.49903"
"本村保育所跡庭","長野県小海町大字小海1518-1","36.068051","138.498561"
"小海保育所庭","長野県小海町大字小海4041-4","36.081411","138.481882"
"小海中学校校庭","長野県小海町大字小海4144-1","36.085943","138.481804"
"ちびっ子広場前駐車場","長野県小海町大字小海4221-3","36.087096","138.482632"
"小海小学校校庭","長野県小海町大字小海4588-1","36.082964","138.487912"
"笠原公民館前庭","長野県小海町大字小海5852","36.096236","138.50265"
"親川多目的グラウンド","長野県小海町大字小海7879","36.080864","138.517554"
"小海高校校庭","長野県小海町大字千代里1006-2","36.102815","138.480183"
"溝の原公民館庭","長野県小海町大字千代里2017-20","36.09487","138.455986"
"本間公民館庭","長野県小海町大字千代里2505-37","36.117284","138.473747"
"東馬流公民館前庭","長野県小海町大字東馬流4039","36.100734","138.484692"
"鎰掛公民館庭","長野県小海町大字豊里1107","36.074438","138.47675"
"北牧グラウンド","長野県小海町大字豊里285","36.095503","138.481916"
"八那池公民館庭","長野県小海町大字豊里2983","36.061032","138.465988"
"松原分校跡地","長野県小海町大字豊里4227-2","36.051632","138.460067"
"稲子野菜集荷所庭","長野県小海町大字豊里4599","36.045782","138.457584"
"小海町役場前庭","長野県小海町大字豊里57-1","36.095032","138.483292"
"八峰の湯駐車場","長野県小海町大字豊里5918-2","36.059265","138.440052"
"町総合センター庭","長野県小海町大字豊里798","36.083194","138.480375"
"乗瀬生活改善センター","長野県小諸市塩野1982-5","36.32768","138.476578"
"南ケ原集会所","長野県小諸市塩野3907-2","36.343896","138.469649"
"総合体育館（武道館含む）　駐車場","長野県小諸市乙1189-1","36.320978","138.418255"
"乙女区民会館","長野県小諸市乙女4-35","36.313402","138.438114"
"荒堀会館","長野県小諸市加増1-11-3","36.319528","138.432652"
"加増公民館","長野県小諸市加増2-4-8","36.321351","138.436709"
"小諸東中学校　校庭","長野県小諸市加増3-5-1","36.316094","138.439434"
"ひばりケ丘区生活改善センター","長野県小諸市加増830-5","36.327128","138.447646"
"天池区集会所","長野県小諸市己163-20","36.353353","138.448376"
"南保育園　園庭","長野県小諸市御影新田1265-1","36.308851","138.473364"
"一ツ谷公民館","長野県小諸市御影新田1632-2","36.306407","138.452084"
"美南ガ丘小学校　校庭","長野県小諸市御影新田1985","36.30217","138.452416"
"池の前公民館","長野県小諸市御影新田2344","36.300142","138.46386"
"谷地原コミュニティセンター","長野県小諸市御影新田2486-1","36.299515","138.457743"
"御影コミュニティセンター","長野県小諸市御影新田897-5","36.303033","138.473475"
"人権センター　駐車場","長野県小諸市御幸町1-10-11","36.316246","138.434494"
"御幸町区民会館","長野県小諸市御幸町1-18-1","36.314962","138.435734"
"小原研修センター","長野県小諸市甲1135","36.308031","138.427298"
"乙女湖公園","長野県小諸市甲1275","36.310738","138.4359"
"東小諸区集会場","長野県小諸市甲1466-1","36.315198","138.432886"
"東山区公民館","長野県小諸市甲156-2","36.308014","138.439629"
"緑ケ丘区ふれあい館","長野県小諸市甲3500-15","36.327947","138.441665"
"松井会館","長野県小諸市甲4273-3","36.337423","138.442874"
"北国街道荒町館","長野県小諸市荒町1-6-7","36.327348","138.427541"
"紺屋町会館","長野県小諸市紺屋町2-3-10","36.327205","138.430857"
"坂の上小学校　校庭","長野県小諸市紺屋町3-2-1","36.330385","138.433528"
"三和公民館","長野県小諸市三和1-5-22","36.330256","138.429843"
"久保公民館","長野県小諸市山浦1272-2","36.307363","138.415902"
"上ノ平公会場","長野県小諸市山浦2758","36.31855","138.413071"
"宮沢集出荷センター","長野県小諸市山浦284-1","36.294299","138.419496"
"千曲小学校　校庭","長野県小諸市山浦2955","36.323222","138.410826"
"千曲保育園　園庭","長野県小諸市山浦3190-1","36.322573","138.410764"
"西浦農事集会所","長野県小諸市山浦3335-1","36.320009","138.411121"
"長野県農業大学校グラウンド","長野県小諸市山浦4857-1","36.301743","138.390677"
"御牧ケ原区公民館","長野県小諸市山浦5381-50","36.304528","138.389969"
"大杭研修センター","長野県小諸市山浦656-1","36.300653","138.417127"
"市区農事集会所","長野県小諸市市436-1","36.285191","138.440338"
"美里保育園　園庭","長野県小諸市市662-10","36.291923","138.442438"
"市町区公民館","長野県小諸市市町2-4-7","36.330037","138.417413"
"井子多目的集会施設","長野県小諸市滋野甲3728-1","36.357547","138.391587"
"みはらし交流館","長野県小諸市滋野甲4162-189","36.36184","138.405"
"西保育園　園庭","長野県小諸市滋野甲907-1","36.343279","138.386852"
"芝生田区民会館","長野県小諸市滋野甲917-3","36.342538","138.386012"
"耳取区多目的集会場","長野県小諸市耳取2301-1","36.28885","138.428868"
"水明小学校　校庭","長野県小諸市諸101-1","36.339209","138.419672"
"諸公民館","長野県小諸市諸134-8","36.339948","138.418258"
"ひまわり園　園庭","長野県小諸市諸682-4","36.344364","138.413301"
"新町区公民館","長野県小諸市新町1-2-3","36.331545","138.414046"
"芦原保育園　園庭","長野県小諸市新町2-3-24","36.333034","138.416126"
"芦原中学校　校庭","長野県小諸市新町2-6-1","36.333607","138.413299"
"森山多目的共同利用施設","長野県小諸市森山737-1","36.299176","138.436983"
"西原生活改善センター","長野県小諸市西原402-1","36.339848","138.401996"
"赤坂区民会館","長野県小諸市赤坂1-11-1","36.325623","138.425708"
"相生会館","長野県小諸市相生町2-1-5","36.327749","138.423564"
"鴇久保集出荷所","長野県小諸市大久保1378-1","36.320698","138.392756"
"諏訪山公民館","長野県小諸市大久保2198-7","36.325058","138.377565"
"氷区生活改善センター","長野県小諸市大久保814","36.327316","138.392951"
"大久保公民館","長野県小諸市大久保85","36.33023","138.402523"
"糠地公民館","長野県小諸市大字滋野甲4083-3","36.362468","138.400556"
"玄江院","長野県小諸市大字耳取1922","36.289227","138.425659"
"ＪＡ佐久浅間第一集荷所","長野県小諸市大字八満1931-1","36.336026","138.47232"
"大手門公園","長野県小諸市大手1-304-2","36.328704","138.421581"
"大手区公民館","長野県小諸市大手2-1-7","36.328234","138.423407"
"滝原公民館","長野県小諸市滝原727","36.349463","138.410887"
"古城会館","長野県小諸市丁320-1","36.328307","138.418765"
"鶴巻会館","長野県小諸市鶴巻2-2-25","36.323772","138.428921"
"健速会館","長野県小諸市田町1-7-1","36.330084","138.424538"
"長野県小諸商業高等学校　校庭","長野県小諸市田町3-1-1","36.333615","138.420798"
"長野県小諸高等学校　校庭","長野県小諸市東雲4-1-1","36.331122","138.444686"
"東雲コミュニティセンター","長野県小諸市東雲5-3-17","36.331897","138.438329"
"石峠生活改善センター","長野県小諸市柏木1289-1","36.333367","138.451069"
"東区公民館","長野県小諸市柏木491-100","36.315814","138.453849"
"東小学校　校庭","長野県小諸市柏木526","36.320801","138.454438"
"柏木下生活改善センター","長野県小諸市柏木768-3","36.32307","138.451418"
"四ツ谷区公民館","長野県小諸市柏木78","36.31285","138.446179"
"柏木上生活改善センター","長野県小諸市柏木858","36.3248","138.455167"
"八幡町公民館","長野県小諸市八幡町1-4-4","36.326453","138.430077"
"藤塚農村研修センター","長野県小諸市八満2321-10","36.334013","138.46149"
"西八満生活改善センター","長野県小諸市八満31-1","36.321939","138.457548"
"八代会館","長野県小諸市八満360-1","36.322327","138.460856"
"中村農事集会所","長野県小諸市八満412-2","36.322799","138.462368"
"東保育園　園庭","長野県小諸市八満70","36.318956","138.454739"
"原村生活改善センター","長野県小諸市八満746-1","36.321734","138.466213"
"菱野区公民館","長野県小諸市菱平1873-3","36.350967","138.429746"
"後平公民館","長野県小諸市菱平2940-1","36.347233","138.41925"
"クリーンヒルこもろ　多目的広場","長野県小諸市菱平367-1","36.348808","138.435602"
"押出公民館","長野県小諸市丙664-1","36.334134","138.395524"
"富士見平区集会所","長野県小諸市丙825-3","36.335029","138.40458"
"平原集会所","長野県小諸市平原739-1","36.31229","138.462505"
"北国街道ほんまち町屋館","長野県小諸市本町2-2-9","36.32938","138.423684"
"野岸小学校　校庭","長野県小諸市与良町2-6-1","36.325389","138.43102"
"与良公会堂","長野県小諸市与良町4-1-28","36.322596","138.430674"
"野岸の丘総合福祉センター　駐車場","長野県小諸市与良町6-5-1","36.326758","138.435371"
"両神会館","長野県小諸市両神8-5","36.331871","138.411082"
"六供公民館（旧社会福祉会館２階）","長野県小諸市六供2-2-5","36.330663","138.428107"
"和田体育館　駐車場","長野県小諸市和田556-1","36.2874","138.452556"
"和田農村研修センター","長野県小諸市和田971-39","36.294889","138.458075"
"稲丘東生活センター","長野県小川村大字稲丘1041-1","36.646095","137.998404"
"和佐尾生活センター","長野県小川村大字稲丘2235-1","36.643156","137.990456"
"星と緑のロマン館","長野県小川村大字稲丘4981","36.658906","137.98701"
"富吉公会堂","長野県小川村大字稲丘500-1","36.63942","137.997602"
"日本記生活センター","長野県小川村大字稲丘5914-1","36.650228","137.986589"
"アルペンドーム","長野県小川村大字稲丘5922-1","36.650863","137.98708"
"稲丘西区民会館","長野県小川村大字稲丘6157-2","36.6487","137.985607"
"高山寺","長野県小川村大字稲丘7119-1","36.64176","137.983078"
"金剛寺","長野県小川村大字高府10203-2","36.615264","137.983516"
"蕗畑生活センター","長野県小川村大字高府10963","36.609075","137.976005"
"菅沼生活センター","長野県小川村大字高府11603-1","36.603935","137.967444"
"美会生活センター","長野県小川村大字高府12491-1","36.61305","137.965576"
"大久保自治会館","長野県小川村大字高府13027","36.618499","137.970949"
"小川村保健センター","長野県小川村大字高府13450-1","36.616946","137.965075"
"上野振興館","長野県小川村大字高府13938-1","36.620727","137.967279"
"道の駅おがわ","長野県小川村大字高府1502-2","36.613211","137.990679"
"明松寺","長野県小川村大字高府15624","36.625624","137.980165"
"梶尾生活センター","長野県小川村大字高府15970-1","36.631642","137.983655"
"花尾生活センター","長野県小川村大字高府17326-2","36.626041","137.991369"
"夏和生活センター","長野県小川村大字高府2949","36.611577","137.995457"
"久木生活センター","長野県小川村大字高府5467","36.604333","137.98713"
"バスティ高府","長野県小川村大字高府8504","36.617489","137.980996"
"サンリング","長野県小川村大字高府8552","36.61885","137.980074"
"高府町区公民館","長野県小川村大字高府8655-1","36.617232","137.978087"
"小川村公民館","長野県小川村大字高府8695-2","36.616712","137.975937"
"小川中学校","長野県小川村大字高府8800-2","36.616385","137.974969"
"小川小学校","長野県小川村大字高府8850-1","36.617903","137.974181"
"びっくらんど小川","長野県小川村大字高府9447","36.615703","137.978303"
"中尾生活センター","長野県小川村大字高府9838","36.615957","137.984943"
"舞初公民館","長野県小川村大字小根山2020-1","36.607519","137.93052"
"日影振興館","長野県小川村大字小根山3547-3","36.608669","137.934744"
"和手生活センター","長野県小川村大字小根山3927-1","36.610787","137.940098"
"小川の湯","長野県小川村大字小根山4222","36.61251","137.944354"
"小根山分館","長野県小川村大字小根山4331-1","36.611958","137.946948"
"塩沢生活センター","長野県小川村大字小根山4938","36.607743","137.949121"
"小根山町生活センター","長野県小川村大字小根山589","36.612867","137.955194"
"小根山町振興館","長野県小川村大字小根山7049-1","36.611995","137.953037"
"裏立屋公民館","長野県小川村大字小根山7590-4","36.609331","137.963031"
"表立屋公民館","長野県小川村大字小根山8638-2","36.604681","137.957543"
"西部生活センター","長野県小川村大字瀬戸川11843-11","36.620084","137.962355"
"川手公民館","長野県小川村大字瀬戸川12559-3","36.626638","137.952595"
"鳥立公民館","長野県小川村大字瀬戸川15288-1","36.651658","137.952106"
"法蔵寺","長野県小川村大字瀬戸川19280-1","36.624007","137.950061"
"古山東公民館","長野県小川村大字瀬戸川19671-1","36.620352","137.944921"
"くつろぎの郷","長野県小川村大字瀬戸川2152-1","36.632479","137.96573"
"下北尾振興館","長野県小川村大字瀬戸川3317-2","36.641938","137.971298"
"上北尾公民館","長野県小川村大字瀬戸川4382-1","36.647709","137.977655"
"法地公民館","長野県小川村大字瀬戸川5737-2","36.655662","137.975369"
"成就公民館","長野県小川村大字瀬戸川605-1","36.630611","137.974248"
"瀬戸川平公民館","長野県小川村大字瀬戸川9982-3","36.635007","137.965279"
"村営栂池社会体育館","長野県小谷村大字千国乙12840-1","36.744613","137.871771"
"栂池ビジターセンター","長野県小谷村大字千国乙12883-1","36.774026","137.81828"
"栂池山荘","長野県小谷村大字千国乙12883-1","36.7737","137.818595"
"小谷小学校","長野県小谷村大字千国乙3387-1","36.759559","137.896343"
"黒川公民館","長野県小谷村大字千国乙9692-3","36.76159","137.904746"
"おたり開発総合センター","長野県小谷村大字中小谷丙131","36.779091","137.908064"
"サンテインおたり","長野県小谷村大字中小谷丙2504-9","36.79697","137.911978"
"小谷村複合拠点施設","長野県小谷村大字中小谷丙2958","36.783249","137.915851"
"池原基幹センター","長野県小谷村大字中小谷丙7597-3","36.807101","137.903981"
"旭公民館","長野県小谷村大字中土15633-1","36.834307","137.952688"
"鎌池ブナ林亭","長野県小谷村大字中土18926-1","36.869489","137.97319"
"雨飾荘","長野県小谷村大字中土18926-1","36.867836","137.985384"
"中通基幹センター","長野県小谷村大字中土4048-1","36.805058","137.926549"
"中土観光交流センター","長野県小谷村大字中土6485","36.822823","137.93099"
"雨飾高原キャンプ場体験交流センター","長野県小谷村大字中土字カンパ平18926-1","36.881932","137.97381"
"道の駅小谷","長野県小谷村大字北小谷1861-1","36.845261","137.90044"
"深原公民館","長野県小谷村大字北小谷4618-2","36.850956","137.9087"
"李平公民館","長野県小谷村大字北小谷7639-1","36.852778","137.901384"
"大網公民館","長野県小谷村大字北小谷9312","36.889771","137.875463"
"小布施町松川総合グラウンド","長野県小布施町大字雁田1263-3","36.683158","138.328491"
"小布施町わかば保育園","長野県小布施町大字小布施1200-3","36.701439","138.3152"
"北部コミュニティーセンター小布施町北部体育館","長野県小布施町大字小布施1293-2","36.705552","138.317029"
"栗ガ丘小学校","長野県小布施町大字小布施1447-1","36.697778","138.314476"
"小布施町文化体育館","長野県小布施町大字小布施1448","36.697824","138.313957"
"小布施町役場駐車場","長野県小布施町大字小布施1491-2","36.697774","138.312091"
"小布施町立公民館","長野県小布施町大字小布施1491-2","36.698055","138.312559"
"小布施町町営テニスコート","長野県小布施町大字小布施1750-1","36.703805","138.308468"
"小布施町老人福祉センター","長野県小布施町大字小布施2408-9","36.696805","138.308089"
"小布施町立保育園付属エンゼルランドセンター","長野県小布施町大字小布施2413","36.696503","138.309934"
"小布施町総合体育館","長野県小布施町大字小布施25-8","36.696044","138.321667"
"小布施中学校","長野県小布施町大字小布施65","36.697564","138.320924"
"小布施町南公園駐車場","長野県小布施町大字小布施879-7","36.690272","138.315941"
"小布施町健康福祉センター","長野県小布施町大字小布施８６０－イ","36.690114","138.317177"
"小布施総合公園","長野県小布施町大字大島609-2","36.688857","138.296105"
"小布施町営グラウンド","長野県小布施町大字中松1336-1","36.700496","138.324105"
"松村駐車場","長野県小布施町大字中松36-1","36.694944","138.322401"
"上松川地区コミュニティーセンター","長野県小布施町大字中松4-1","36.689248","138.322137"
"小布施町６次産業センター","長野県小布施町大字中松496-1","36.695455","138.327423"
"フローラルガーデンおぶせ","長野県小布施町大字中松506-1","36.695859","138.326717"
"小布施町つすみ保育園","長野県小布施町大字中松711","36.699508","138.326327"
"小布施町トレーニングセンター","長野県小布施町大字都住533","36.69994","138.322649"
"小布施町立認定こども園栗ガ丘幼稚園","長野県小布施町大字都住550-1","36.700003","138.323241"
"中部会館","長野県松川村1124-5","36.425016","137.848809"
"かぶろ会館（公園・駐車場含む）","長野県松川村1312","36.429406","137.850928"
"東部公民館","長野県松川村1653-2","36.433795","137.851035"
"北部会館","長野県松川村2446-3","36.433459","137.843595"
"神戸公民館","長野県松川村3203","36.40521","137.851636"
"安曇野ちひろ公園","長野県松川村3358-48","36.414289","137.844839"
"西原公民館","長野県松川村3363-97","36.410425","137.845054"
"川西運動公園野球場","長野県松川村3497","36.427924","137.830614"
"板取会館","長野県松川村365","36.41754","137.84889"
"南神戸会館","長野県松川村4361-60","36.394351","137.847382"
"南部会館（グラウンド含む）","長野県松川村4363-46","36.391216","137.840108"
"鼠穴公民館","長野県松川村4629-1","36.39157","137.836573"
"松川南保育園（園庭含む）","長野県松川村5651-11","36.410041","137.865804"
"東細野会館","長野県松川村5651-247","36.410395","137.864741"
"北細野会館","長野県松川村5689-89","36.411885","137.860622"
"松川北保育園（園庭含む）","長野県松川村57-1","36.423947","137.853115"
"松川中央公園（リンリンパーク）","長野県松川村57-2","36.42319","137.85368"
"東松川南区公園（ふれあい公園）","長野県松川村5721-128","36.420687","137.866152"
"東松川南区コミュニティふれあい","長野県松川村5721-128","36.420635","137.865771"
"松川中学校（校庭含む）「洪水時は２階以上に避難」","長野県松川村5721-634","36.416278","137.86644"
"東松川運動広場","長野県松川村5725-185","36.427593","137.861855"
"コミュニティ施設東松川","長野県松川村5725-201","36.426592","137.862333"
"三軒家会館","長野県松川村5792-43","36.418727","137.86009"
"松川小学校（校庭含む）「洪水時は２階以上に避難」","長野県松川村7016-1","36.423935","137.85622"
"児童公園","長野県松川村7019-71","36.424028","137.859769"
"緑町防災公園（やすらぎ公園）","長野県松川村7019-98","36.424839","137.860638"
"コミュニティ施設緑町","長野県松川村7029-61","36.426432","137.858953"
"コミュニティ施設板取南","長野県松川村711-23","36.413564","137.851888"
"川西公民館","長野県松川村7804-12","36.429397","137.836315"
"細野会館","長野県松川村834-4","36.400297","137.860691"
"松川公園","長野県松川町元大島1397-3","35.594343","137.91313"
"双葉保育園園庭","長野県松川町元大島1664-5","35.596622","137.917829"
"七椙公園","長野県松川町元大島1994-2","35.597683","137.920884"
"台城公園駐車場","長野県松川町元大島263","35.577486","137.914648"
"名子原体育館前庭","長野県松川町元大島2930-1","35.603381","137.914356"
"富士森公園","長野県松川町元大島3034-2","35.600478","137.917036"
"松川中学校校庭","長野県松川町元大島3293","35.598127","137.908538"
"松川中央小学校校庭","長野県松川町元大島3716-1","35.596386","137.908695"
"名子中央保育園園庭","長野県松川町元大島3771","35.59346","137.909164"
"上片桐保育園園庭","長野県松川町上片桐2197","35.617962","137.899774"
"町営グランド","長野県松川町上片桐2260","35.617727","137.901127"
"信州航空電子㈱グランド","長野県松川町上片桐800","35.627604","137.904378"
"部奈公会堂前庭","長野県松川町生田2935-1","35.597355","137.944496"
"旧東小学校校庭","長野県松川町生田4734-1","35.58459","137.970396"
"福与保育園園庭","長野県松川町生田589-3","35.591394","137.928287"
"生田グラウンド","長野県松川町生田5940","35.583457","137.953277"
"大島保育園園庭","長野県松川町大島1722","35.606959","137.893994"
"北部果実選果場","長野県松川町大島2072-1","35.604851","137.894041"
"旧松川青年の家","長野県松川町大島2750-284","35.614212","137.874482"
"安原地区公民館","長野県松本市旭2-11-13","36.248018","137.976879"
"旭町小学校","長野県松本市旭2-4-4","36.245219","137.977603"
"信州大学（野球場）","長野県松本市旭3-1-1","36.253151","137.980449"
"信州大学（グラウンド）","長野県松本市旭3-1-1","36.247284","137.977456"
"信州大学","長野県松本市旭3-1-1","36.253527","137.979623"
"旭町中学校","長野県松本市旭3-7-1","36.255722","137.980368"
"梓川福祉センター","長野県松本市梓川梓2283-2","36.225016","137.868394"
"梓川公民館","長野県松本市梓川梓2285-1","36.224927","137.867914"
"梓川保健センター","長野県松本市梓川梓2288-3","36.223469","137.867583"
"梓川西保育園","長野県松本市梓川梓2348-7","36.222114","137.866278"
"ふるさと公園多目的グラウンド","長野県松本市梓川梓6970-1","36.240029","137.832525"
"梓川小学校","長野県松本市梓川梓755","36.228684","137.871401"
"梓川中学校","長野県松本市梓川梓800-2","36.230194","137.876513"
"梓川デイサービスセンターなごみ荘","長野県松本市梓川上野379-1","36.201943","137.836967"
"松香寮・梓水苑","長野県松本市梓川倭4262-1","36.220875","137.884045"
"梓川東保育園","長野県松本市梓川倭566-1","36.23446","137.892218"
"アカデミア館","長野県松本市梓川倭566-12","36.234722","137.892142"
"アルプスの郷","長野県松本市安曇209-1","36.183693","137.804182"
"安曇保育園","長野県松本市安曇2741-1","36.161772","137.760883"
"基幹集落センター及び安曇体育館","長野県松本市安曇2741-1","36.162186","137.761433"
"大野川小中学校","長野県松本市安曇3886-1","36.13289","137.666035"
"番所運動場","長野県松本市安曇3974-7","36.121844","137.650998"
"乗鞍体育館","長野県松本市安曇4017-4","36.124521","137.645368"
"乗鞍保育園","長野県松本市安曇4017-7","36.124957","137.644658"
"グレンパークさわんど","長野県松本市安曇4144-17","36.169496","137.649193"
"沢渡駐車場（第４駐車場）","長野県松本市安曇4144-18","36.169379","137.648694"
"沢渡駐車場（第１駐車場）","長野県松本市安曇4157","36.163481","137.658948"
"沢渡駐車場（第３駐車場）","長野県松本市安曇4161-2","36.164068","137.65664"
"沢渡駐車場（第２駐車場）","長野県松本市安曇4162-1","36.165653","137.652369"
"白骨温泉案内所・休憩所","長野県松本市安曇4197-16","36.151953","137.627741"
"乗鞍観光センター駐車場","長野県松本市安曇4306-5","36.122233","137.624306"
"乗鞍観光センター","長野県松本市安曇4306-5","36.122026","137.624866"
"上高地観光センター","長野県松本市安曇4468","36.246051","137.635479"
"上高地アルペンホテル","長野県松本市安曇4469-1","36.248359","137.634508"
"島々公民館","長野県松本市安曇757","36.183727","137.78612"
"安曇保健福祉センター","長野県松本市安曇88-1","36.184087","137.800848"
"安曇小中学校","長野県松本市安曇964","36.182606","137.78366"
"横尾山荘","長野県松本市安曇上高地","36.293541","137.699332"
"白骨運動場","長野県松本市安曇白骨","36.154256","137.627242"
"横田運動広場","長野県松本市横田4-413","36.246891","137.9876"
"岡田小学校","長野県松本市岡田松岡519","36.265515","137.978762"
"岡田体育館","長野県松本市岡田町488-3","36.267557","137.978708"
"岡田運動広場","長野県松本市岡田町5080-9","36.277856","137.979364"
"岡田公民館","長野県松本市岡田町517-1","36.268087","137.978721"
"四賀支所","長野県松本市会田1001-1","36.349322","137.991189"
"四賀デイサービスセンターぷくぷくの郷","長野県松本市会田1098","36.349566","137.989678"
"四賀小学校","長野県松本市会田1113","36.348172","137.990384"
"旧会田小学校校庭","長野県松本市会田518","36.35232","137.992562"
"双葉保育園","長野県松本市会田696","36.35075","137.997199"
"会田中学校","長野県松本市会田8923","36.354286","137.996112"
"城北公民館","長野県松本市開智2-3-39","36.242015","137.971265"
"開智公園テニスコート","長野県松本市開智2-4-12","36.242975","137.968985"
"開智小学校","長野県松本市開智2-4-51","36.242158","137.968792"
"鎌田小学校","長野県松本市鎌田1-8-1","36.223393","137.960965"
"鎌田中学校","長野県松本市鎌田2-3-56","36.223114","137.957513"
"松本城公園","長野県松本市丸の内4-1","36.238817","137.969478"
"松本蟻ヶ崎高等学校","長野県松本市蟻ケ崎1-1-54","36.241015","137.963776"
"松本深志高等学校","長野県松本市蟻ケ崎3-8-1","36.247464","137.966338"
"開明小学校","長野県松本市宮田11-41","36.207962","137.958498"
"丸ノ内中学校","長野県松本市宮渕3-6-1","36.243157","137.956585"
"信州大学教育学部附属　松本中学校","長野県松本市桐1-3-1","36.248869","137.975489"
"信州大学教育学部附属　松本小学校","長野県松本市桐1-3-1","36.251033","137.976227"
"松茸山荘別館　東山館","長野県松本市穴沢756","36.331413","138.003038"
"四賀Ｂ＆Ｇ海洋センター","長野県松本市穴沢779","36.332642","138.003162"
"蚕糸記念公園","長野県松本市県1-3-20","36.232656","137.982678"
"松本県ヶ丘高等学校","長野県松本市県2-1-1","36.23223","137.9854"
"あがたの森公園","長野県松本市県3-2102-4","36.23089","137.983504"
"源池小学校","長野県松本市県3-5-1","36.228558","137.983059"
"松商学園高等学校","長野県松本市県3-6-1","36.228779","137.985031"
"城東公民館","長野県松本市元町3-7-1","36.250542","137.983525"
"女鳥羽中学校","長野県松本市原1085-2","36.264391","137.980457"
"旧五常小学校","長野県松本市五常6391","36.350924","137.97121"
"高宮北公園","長野県松本市高宮北375-2","36.21912","137.958487"
"今井運動広場","長野県松本市今井1598","36.152911","137.904736"
"今井小学校","長野県松本市今井1616","36.151639","137.906221"
"今井公民館","長野県松本市今井2231-1","36.15335","137.904057"
"今井体育館","長野県松本市今井2231-1","36.153335","137.90362"
"松本平広域公園体育館","長野県松本市今井3443","36.16539","137.918289"
"笹賀運動広場","長野県松本市笹賀119-1","36.151971","137.933348"
"笹賀公民館","長野県松本市笹賀2929","36.17368","137.935637"
"松本短期大学","長野県松本市笹賀3118","36.175119","137.936745"
"菅野小学校","長野県松本市笹賀3460","36.177293","137.929457"
"菅野中学校","長野県松本市笹賀3475","36.177326","137.931442"
"大久保原公園","長野県松本市笹賀5652-37","36.204244","137.935429"
"二子小学校","長野県松本市笹賀5921","36.201632","137.942023"
"錦部運動広場（旧錦部小学校校庭）","長野県松本市七嵐224","36.314824","138.000016"
"錦部保育園","長野県松本市七嵐85-2","36.317935","137.998258"
"四賀保健センター","長野県松本市七嵐85-2","36.317447","137.998516"
"穴沢運動公園","長野県松本市取出121","36.332513","138.001505"
"坊主山クラインガルテン体験学習施設","長野県松本市取出481-1","36.345478","137.992771"
"寿台公園","長野県松本市寿台5-1-243","36.177614","137.985526"
"寿台体育館","長野県松本市寿台6-2-1","36.175959","137.982898"
"寿小学校","長野県松本市寿豊丘1004","36.180478","137.973081"
"寿体育館","長野県松本市寿豊丘424","36.182169","137.975495"
"寿公民館","長野県松本市寿豊丘424","36.182128","137.975763"
"寿台公民館","長野県松本市寿豊丘649-1","36.178018","137.98603"
"明善中学校","長野県松本市寿豊丘812-1","36.171798","137.993394"
"明善小学校","長野県松本市寿豊丘813","36.172265","137.991339"
"竹渕運動広場","長野県松本市寿北6-348-4","36.198408","137.974321"
"寿運動広場","長野県松本市寿北6-849","36.193326","137.976306"
"庄内公園","長野県松本市出川1-13","36.217791","137.977722"
"ゆめひろば庄内","長野県松本市出川1-5-9","36.216889","137.979059"
"田川小学校","長野県松本市渚1-5-34","36.234584","137.957851"
"田川公民館","長野県松本市渚3-2-7","36.230401","137.955316"
"東部公民館","長野県松本市女鳥羽2-1-25","36.239607","137.978268"
"芳川公園","長野県松本市小屋北1-18-1","36.184667","137.9587"
"芳川小学校","長野県松本市小屋北2-5-1","36.18749","137.95592"
"松原地区公民館","長野県松本市松原39-1","36.17668","137.989086"
"松原中央公園","長野県松本市松原91","36.176477","137.989973"
"白板地区公民館","長野県松本市城西1-6-17-3","36.238418","137.962221"
"松本大学","長野県松本市新村2095-1","36.220396","137.911428"
"新村公民館","長野県松本市新村2179-7","36.221513","137.91511"
"松本市駅前会館","長野県松本市深志2-3-21","36.229173","137.968895"
"まつもと市民芸術館","長野県松本市深志3-10-1","36.230882","137.974574"
"開成中学校","長野県松本市神田2-7-1","36.212485","137.988391"
"神林公民館","長野県松本市神林1557-1","36.191274","137.922084"
"神林体育館","長野県松本市神林1558","36.191562","137.922001"
"神林運動広場","長野県松本市神林1558","36.191482","137.920988"
"清水中学校","長野県松本市清水2-7-12","36.23869","137.984829"
"清水小学校","長野県松本市清水2-8-18","36.237069","137.984754"
"信明中学校","長野県松本市石芝3-3-20","36.205438","137.949904"
"松本第一高等学校","長野県松本市浅間温泉1-4-17","36.256166","137.98492"
"松本市野球場","長野県松本市浅間温泉1-9-1","36.258114","137.988788"
"浅間温泉テニスコート","長野県松本市浅間温泉1-9-2","36.256944","137.989085"
"浅間温泉文化センター","長野県松本市浅間温泉2-6-1","36.263411","137.987487"
"本郷公民館","長野県松本市浅間温泉2-9-1","36.263244","137.986728"
"本郷小学校","長野県松本市浅間温泉2-9-5","36.263679","137.985883"
"惣社公園","長野県松本市惣社600-1","36.239146","137.988956"
"松本国際高等学校","長野県松本市村井町南3-6-25","36.173323","137.956766"
"筑摩野中学校","長野県松本市村井町北2-11-1","36.184526","137.966029"
"大手公民館","長野県松本市大手3-8-1","36.236719","137.969181"
"沢村公園テニスコート","長野県松本市沢村2-1824-2","36.251945","137.96906"
"庄内北公園","長野県松本市筑摩1-25","36.220686","137.978333"
"筑摩小学校","長野県松本市筑摩1-8-1","36.223318","137.977337"
"松本工業高等学校","長野県松本市筑摩4-11-1","36.226529","137.988485"
"Ｍウイング","長野県松本市中央1-18-1","36.233374","137.96633"
"中央西公園（花時計公園）","長野県松本市中央2-9","36.231981","137.968443"
"松本市勤労者福祉センター","長野県松本市中央4-7-26","36.23315","137.977091"
"第三地区公民館","長野県松本市中央4-7-28","36.232738","137.977115"
"松本市弓道場","長野県松本市中央4-7-28","36.233309","137.975889"
"中山小学校","長野県松本市中山3517","36.196177","138.002311"
"中山公民館","長野県松本市中山3746-1","36.193216","138.001799"
"棚峯公園","長野県松本市中山台5191-155","36.179774","137.99652"
"旧中川小学校","長野県松本市中川1582","36.354117","138.015945"
"緑ヶ丘クラインガルテン体験学習施設","長野県松本市中川1747","36.36305","138.01791"
"島内体育館","長野県松本市島内1666-700","36.25251","137.925933"
"あずさ運動場","長野県松本市島内1666-777","36.253155","137.927159"
"松島中学校","長野県松本市島内3986","36.239696","137.942981"
"島内公園","長野県松本市島内4347-1","36.245874","137.945698"
"音楽文化ホール（ザ・ハーモニーホール）","長野県松本市島内4351","36.245552","137.94517"
"島内公民館","長野県松本市島内4970-1","36.251331","137.94231"
"島内小学校","長野県松本市島内5323","36.249205","137.941165"
"平瀬運動公園野球場","長野県松本市島内7554-3","36.269804","137.942704"
"平瀬運動公園運動広場","長野県松本市島内7576-3","36.273514","137.943916"
"青年の家グラウンド","長野県松本市島内8880","36.278452","137.956647"
"島立運動広場","長野県松本市島立1213","36.232401","137.93644"
"松本筑摩高等学校","長野県松本市島立2237","36.233045","137.93222"
"島立小学校","長野県松本市島立3298","36.219613","137.94123"
"島立公民館","長野県松本市島立3298-2","36.221089","137.941386"
"島立体育館","長野県松本市島立3298-2","36.220782","137.941624"
"高綱中学校","長野県松本市島立4416","36.216283","137.925579"
"奈川木曽路原体育館","長野県松本市奈川1044-16","36.045421","137.702862"
"奈川総合グラウンド","長野県松本市奈川1044-342","36.045664","137.698839"
"奈川デイサービスセンター","長野県松本市奈川1575","36.058048","137.685081"
"奈川小中学校","長野県松本市奈川2281","36.086093","137.682721"
"文化センター・夢の森","長野県松本市奈川3301","36.088579","137.681694"
"奈川生活改善センター","長野県松本市奈川980","36.054408","137.687555"
"奈川寄合渡体育館","長野県松本市奈川980","36.054287","137.687818"
"内田公民館","長野県松本市内田2203-1","36.164046","137.987372"
"内田体育館","長野県松本市内田758-1","36.169652","137.993635"
"内田運動広場","長野県松本市内田841","36.16713","137.993474"
"入山辺運動広場","長野県松本市入山辺1489-1","36.22906","138.025413"
"松風園","長野県松本市入山辺1509-1","36.229724","138.025301"
"入山辺公民館","長野県松本市入山辺1509-1","36.229315","138.024923"
"山辺小学校","長野県松本市入山辺34","36.231042","138.007257"
"梓川高等学校","長野県松本市波田10000-1","36.206455","137.868786"
"波田体育館","長野県松本市波田10098-1","36.203448","137.856341"
"波田中学校","長野県松本市波田10145-1","36.200757","137.854484"
"波田小学校","長野県松本市波田10286-1","36.202019","137.855479"
"扇子田アリーナ・運動公園","長野県松本市波田230-1","36.215904","137.88289"
"渕東保育園","長野県松本市波田4179","36.19593","137.839703"
"波田学院","長野県松本市波田4417","36.20378","137.871546"
"波田公民館","長野県松本市波田4417-1","36.207584","137.87822"
"波田中央運動広場","長野県松本市波田4417-178","36.199785","137.857218"
"波田学院校庭","長野県松本市波田4417-9","36.202482","137.867244"
"みつば保育園（こどもプラザ併設）","長野県松本市波田6861","36.201631","137.865497"
"波田保健福祉センター","長野県松本市波田6908-1","36.200465","137.865605"
"波田ひがし保育園","長野県松本市波田8128-1","36.207083","137.886967"
"松本美須々ヶ丘高等学校","長野県松本市美須々2-1","36.254587","137.977858"
"総合体育館","長野県松本市美須々5-1","36.256795","137.980733"
"南部公園","長野県松本市平田東1-963-3","36.206217","137.968421"
"並柳運動広場","長野県松本市並柳4-615","36.204611","137.980872"
"並柳小学校","長野県松本市並柳4-9-1","36.207659","137.980164"
"松南地区公民館","長野県松本市芳野4-1","36.206574","137.966802"
"南部体育館","長野県松本市芳野4-1","36.206245","137.966745"
"駅前記念公園","長野県松本市本庄1-907","36.228541","137.967756"
"第二地区公民館","長野県松本市本庄2-3-23","36.225771","137.971978"
"芳川公民館","長野県松本市野溝東2-10-1","36.189261","137.954447"
"芳川体育館","長野県松本市野溝東2-10-1","36.189648","137.9543"
"山辺運動広場","長野県松本市里山辺2836","36.231167","138.004503"
"里山辺体育館","長野県松本市里山辺2920-3","36.235501","138.004044"
"教育文化センター","長野県松本市里山辺2930-1","36.235321","138.003524"
"里山辺公民館","長野県松本市里山辺2943-1","36.236625","138.003793"
"山辺中学校","長野県松本市里山辺3326","36.237785","137.994289"
"両島浄化センター運動広場","長野県松本市両島3-1","36.224258","137.9502"
"鎌田体育館","長野県松本市両島5-50","36.223584","137.952058"
"鎌田地区公民館","長野県松本市両島5-50","36.22332","137.952079"
"芝沢体育館","長野県松本市和田1050-2","36.211574","137.914475"
"芝沢運動広場","長野県松本市和田1058-2","36.211087","137.91422"
"芝沢小学校","長野県松本市和田1118","36.211325","137.915931"
"和田公民館","長野県松本市和田2240-31","36.202975","137.915158"
"臨空工業団地体育館","長野県松本市和田4010-26","36.188215","137.899671"
"和田運動広場","長野県松本市和田850-1","36.204707","137.914799"
"丸山月極駐車場","長野県上松町旭町10-3","35.786689","137.691719"
"下旭町公園","長野県上松町旭町14","35.786796","137.692374"
"上松陸送トラック駐車場","長野県上松町正島町1-384-2","35.785806","137.69167"
"立町集会所","長野県上松町大字荻原1120-1","35.742309","137.716234"
"旧荻原小学校体育館","長野県上松町大字荻原1212-2","35.742079","137.715047"
"ふれあい交流広場おぎ","長野県上松町大字荻原1212-2","35.74236","137.715427"
"旧荻原小学校校庭","長野県上松町大字荻原1213-3","35.742057","137.715491"
"上松荘体育館","長野県上松町大字荻原1460","35.747328","137.709963"
"下河原運動場","長野県上松町大字荻原1520","35.747675","137.713092"
"東野生活改善センター","長野県上松町大字荻原1846","35.752745","137.724006"
"荻原集会所","長野県上松町大字荻原2033","35.754071","137.709933"
"小野集会所","長野県上松町大字荻原2335","35.763109","137.705118"
"旧サークルＫ駐車場","長野県上松町大字荻原234-2","35.723311","137.715517"
"老人ホーム木曽寮駐車場","長野県上松町大字荻原2409-2","35.766254","137.704599"
"吉野生活改善センター","長野県上松町大字荻原3076-1","35.77416","137.715958"
"右岸道路取付道路広場","長野県上松町大字荻原3333-9","35.740698","137.711858"
"吉野生活改善センター前広場","長野県上松町大字荻原3574","35.774017","137.716195"
"倉本集会所","長野県上松町大字荻原391-1","35.728335","137.712517"
"旧ドライブイン木曽駐車場","長野県上松町大字荻原391-5","35.728659","137.712459"
"倉本新田三叉路付近","長野県上松町大字荻原567-7","35.72968","137.720165"
"澤木義男宅横広場","長野県上松町大字荻原769","35.731244","137.714777"
"熊野神社","長野県上松町大字荻原２８３６－ロ","35.771196","137.716418"
"小脇団地入口水道施設横空き地","長野県上松町大字小川108-2","35.790912","137.70092"
"野口住宅３・４号棟前駐車場","長野県上松町大字小川1347-2","35.780129","137.705972"
"東里生活改善センター","長野県上松町大字小川1362","35.779818","137.703878"
"近所住宅集会所","長野県上松町大字小川1388","35.778735","137.703185"
"近所住宅Ｅ棟横町道","長野県上松町大字小川1399","35.779236","137.703658"
"上松町公民館駐車場","長野県上松町大字小川1706","35.780215","137.695772"
"上松町公民館","長野県上松町大字小川1706","35.780097","137.695413"
"上松町社会体育館","長野県上松町大字小川1706","35.780441","137.695445"
"寝覚公民館","長野県上松町大字小川1748","35.772117","137.705937"
"日通跡地役場倉庫駐車場","長野県上松町大字小川2007","35.7751","137.697042"
"見帰集会所","長野県上松町大字小川2245-9","35.776555","137.698784"
"山一建設駐車場","長野県上松町大字小川2278-1","35.774329","137.702085"
"グループホームうらしま","長野県上松町大字小川2377-2","35.773085","137.702796"
"上松町消防団第２分団","長野県上松町大字小川2421-1","35.77167","137.704649"
"田代集会所","長野県上松町大字小川2439-1","35.773007","137.709012"
"島防災コミュニティセンター","長野県上松町大字小川3197-1","35.777847","137.689038"
"よろまいか駐車場","長野県上松町大字小川3518","35.777059","137.682701"
"織田工房付近空き地","長野県上松町大字小川3571-1","35.776752","137.678856"
"林の平分譲地付近空き地","長野県上松町大字小川3751-2","35.774723","137.672517"
"西中生活改善センター","長野県上松町大字小川4135","35.771361","137.663282"
"出荷米調整センター","長野県上松町大字小川4230-238","35.772065","137.665437"
"西奥生活改善センター","長野県上松町大字小川4709-1","35.776318","137.638971"
"ギャラリー蝸牛付近","長野県上松町大字小川5082","35.767271","137.649761"
"大畑地籍あずまや","長野県上松町大字小川5304-1","35.76932","137.661417"
"ふるさと農園管理センター","長野県上松町大字小川5538","35.769524","137.671137"
"藤久保　久保宅付近","長野県上松町大字小川5613","35.773518","137.676646"
"台生活改善センター","長野県上松町大字小川5996","35.767143","137.635438"
"東奥農業生活改善センター","長野県上松町大字小川683-1","35.795743","137.726157"
"東小川生活改善センター","長野県上松町大字小川880-2","35.786957","137.717352"
"高山林業後継者研修センター","長野県上松町大字小川３２０－イ","35.799477","137.715324"
"桟グリーンパーク","長野県上松町大字上松1302-154","35.809224","137.684624"
"北上条公民館","長野県上松町大字上松1355","35.806757","137.684654"
"池島住宅集会所","長野県上松町大字上松1537","35.797101","137.686957"
"上松町ひのきの里総合文化センター","長野県上松町大字上松159-4","35.783301","137.693514"
"駅前ふれあい広場","長野県上松町大字上松159-4","35.783619","137.693553"
"南上条集会所","長野県上松町大字上松1619-1","35.791074","137.687187"
"フードセンターしょうきち駐車場","長野県上松町大字上松1734-1","35.772407","137.704625"
"上松中学校校庭","長野県上松町大字上松1757-1","35.770444","137.705742"
"上松中学校体育館","長野県上松町大字上松1757-1","35.770231","137.706402"
"県営住宅ねざめ団地駐車場","長野県上松町大字上松1770-12","35.770134","137.705033"
"ねざめ団地集会所","長野県上松町大字上松1776-1","35.769584","137.704749"
"松原住宅入口三叉路","長野県上松町大字上松1844-3","35.767192","137.700003"
"関西電力社宅前広場","長野県上松町大字上松188","35.787572","137.692392"
"旧鬼渕橋左岸付近","長野県上松町大字上松188-24","35.788466","137.69216"
"旭町集会所","長野県上松町大字上松188-51","35.787262","137.692655"
"木曽森林管理署公務員宿舎パーキング","長野県上松町大字上松188-83","35.784666","137.692882"
"たせや駐車場","長野県上松町大字上松2398-1","35.773225","137.703759"
"上松小学校校庭南側","長野県上松町大字上松709","35.779001","137.69505"
"山田印刷横駐車場","長野県上松町本町通り2-19-1","35.784839","137.695311"
"上松小学校体育館","長野県上松町緑町2-1696","35.780894","137.695466"
"上松小学校給食センター前","長野県上松町緑町2-1696","35.78106","137.695374"
"上松保育園園庭","長野県上松町緑町3-5","35.778198","137.694237"
"浦里小学校","長野県上田市浦野237","36.377354","138.161125"
"塩川小学校","長野県上田市塩川1400","36.355913","138.305808"
"上田西高等学校","長野県上田市下塩尻868","36.413202","138.207267"
"下室賀コミュニティセンター","長野県上田市下室賀1877-1","36.395361","138.170491"
"長野大学","長野県上田市下之郷658-1","36.369015","138.223326"
"東塩田保育園","長野県上田市下之郷806-3","36.355644","138.218063"
"上田短期大学","長野県上田市下之郷乙620","36.369603","138.220735"
"上田古戦場公園多目的グラウンド","長野県上田市下之条351-1","36.400883","138.21181"
"東塩田小学校","長野県上田市古安曽1113","36.348175","138.221286"
"染屋台多目的グラウンド","長野県上田市古里2033-1","36.401511","138.270988"
"丸子総合グラウンド","長野県上田市御嶽堂1-1","36.326363","138.266118"
"国分寺史跡公園","長野県上田市国分1105","36.380811","138.270263"
"神川小学校","長野県上田市国分1386","36.376423","138.274922"
"第一中学校","長野県上田市国分200","36.386016","138.272774"
"東小学校","長野県上田市材木町1-10-13","36.398806","138.262305"
"中央公民館","長野県上田市材木町1-2-3","36.399926","138.260571"
"塩田西小学校","長野県上田市山田476-1","36.351519","138.175834"
"鹿教湯温泉交流センター","長野県上田市鹿教湯温泉1434-2","36.301168","138.134983"
"塩田の里交流館（とっこ館）","長野県上田市手塚792","36.345872","138.179481"
"上野が丘公民館","長野県上田市住吉378-1","36.407924","138.283469"
"神科小学校","長野県上田市住吉386-1","36.408702","138.285127"
"第六中学校","長野県上田市小泉21-1","36.38879","138.197086"
"川西公民館","長野県上田市小泉863-1","36.383885","138.184884"
"塩尻小学校","長野県上田市上塩尻219","36.417129","138.218024"
"塩尻地区公民館","長野県上田市上塩尻253-1","36.417668","138.215293"
"丸子中学校","長野県上田市上丸子1878","36.326707","138.268679"
"丸子中央小学校","長野県上田市上丸子824","36.323716","138.273679"
"室賀基幹集落センター・室賀健康増進センター","長野県上田市上室賀1432-1","36.411783","138.150145"
"上田染谷丘高等学校","長野県上田市上田1710","36.409089","138.261237"
"上田創造館（長池公園含む）","長野県上田市上田原1640","36.386919","138.225967"
"川辺小学校","長野県上田市上田原367","36.394284","138.213725"
"武石小学校","長野県上田市上武石20","36.281617","138.230715"
"武石総合グラウンド","長野県上田市上武石476-9","36.280212","138.228471"
"第五中学校","長野県上田市上野441","36.407278","138.291654"
"信州大学繊維学部","長野県上田市常田3-15-1","36.392032","138.262555"
"上田東高等学校","長野県上田市常田3-5-68","36.394662","138.263146"
"上田城跡公園体育館（上田城址公園含む）","長野県上田市常磐城1-1-30","36.404692","138.240886"
"西小学校","長野県上田市常磐城5-1-53","36.410016","138.243728"
"西部公民館","長野県上田市常磐城5-4-34","36.412409","138.239974"
"長小学校","長野県上田市真田町長4200-3","36.447388","138.322941"
"真田中学校","長野県上田市真田町長6326-1","36.439777","138.302262"
"真田中央公民館・真田体育館","長野県上田市真田町長7199-1","36.441777","138.304825"
"真田運動公園グラウンド","長野県上田市真田町長7220-1","36.442143","138.30759"
"傍陽小学校","長野県上田市真田町傍陽6035-1","36.457397","138.291721"
"本原小学校","長野県上田市真田町本原2175-1","36.429087","138.308029"
"川西小学校","長野県上田市仁古田508","36.383532","138.181268"
"第四中学校","長野県上田市諏訪形1200","36.392251","138.237707"
"城下小学校","長野県上田市諏訪形928-2","36.389627","138.240835"
"菅平高原アリーナ","長野県上田市菅平高原1223-87","36.528008","138.332376"
"信州国際音楽村（信州国際音楽村公園含む）","長野県上田市生田2937-1","36.361944","138.278671"
"丸子北中学校","長野県上田市生田3298","36.352793","138.2779"
"丸子北小学校（丸子北部グラウンド含む）","長野県上田市生田3556","36.349676","138.277303"
"神川地区公民館・神川保育園","長野県上田市蒼久保1212-1","36.377599","138.282103"
"株式会社ＴＯＴＯＫＵトウトク会館","長野県上田市大屋300","36.372763","138.290253"
"第二中学校","長野県上田市大手1-1-45","36.401834","138.2471"
"上田高等学校","長野県上田市大手1-4-32","36.401026","138.247953"
"清明小学校","長野県上田市大手2-4-41","36.403547","138.249136"
"北小学校","長野県上田市中央北3-1-52","36.41251","138.254874"
"第三中学校","長野県上田市中央北3-3-62","36.415199","138.252493"
"丸子ベルパーク","長野県上田市中丸子1821-2","36.340087","138.270303"
"丸子修学館高等学校","長野県上田市中丸子810-2","36.330829","138.27627"
"南小学校","長野県上田市中之条485","36.39579","138.222238"
"上田千曲高等学校","長野県上田市中之条626","36.40037","138.228373"
"塩田中学校","長野県上田市中野377","36.361704","138.197692"
"中塩田小学校","長野県上田市中野93","36.364832","138.199209"
"長瀬市民センター","長野県上田市長瀬2476","36.35059","138.284258"
"交流文化芸術センター（サントミューゼ）","長野県上田市天神3-15-15","36.398416","138.242984"
"東内グラウンド（東内屋内ゲートボール場含む）","長野県上田市東内2498-3","36.312748","138.232787"
"塩田構造改善センター","長野県上田市富士山3349-1","36.34622","138.229271"
"築地原トレーニングセンター","長野県上田市武石上本入1710-1","36.27268","138.168879"
"川辺・泉田地区防災センター","長野県上田市福田30-4","36.388832","138.2056"
"旧西内小学校","長野県上田市平井1704","36.303216","138.161304"
"相染閣（あいそめの湯）","長野県上田市別所温泉58","36.353191","138.163249"
"農村環境改善センター","長野県上田市芳田1261-2","36.392749","138.300199"
"豊殿小学校","長野県上田市芳田968-1","36.403234","138.308072"
"古海体育館","長野県信濃町大字古海3053","36.8488","138.246631"
"古海集会所","長野県信濃町大字古海3064-1","36.848529","138.245249"
"古間体育館","長野県信濃町大字古間1945-2","36.80003","138.224043"
"信濃町地域交流施設","長野県信濃町大字古間1945-2","36.800252","138.22345"
"信濃小中学校","長野県信濃町大字古間491","36.798702","138.208444"
"総合体育館","長野県信濃町大字古間765-1","36.798808","138.21709"
"富士里支館","長野県信濃町大字大井1372-1","36.774098","138.202381"
"柏原体育館","長野県信濃町大字柏原2437","36.80963","138.19989"
"柏原保育園","長野県信濃町大字柏原2571-1","36.806562","138.201636"
"総合会館","長野県信濃町大字柏原2645-1","36.806034","138.201769"
"信濃町役場南駐車場","長野県信濃町大字柏原428-2","36.805656","138.206284"
"古間保育園","長野県信濃町大字富濃2058","36.801121","138.227059"
"いこいの家","長野県信濃町大字平岡223-1","36.786137","138.208601"
"富士里体育館","長野県信濃町大字穂波362-3","36.775549","138.203741"
"富士里保育園","長野県信濃町大字穂波446","36.775573","138.20215"
"やすらぎの森オートキャンプ場","長野県信濃町大字野尻1200-45","36.84404","138.197614"
"野尻保育園","長野県信濃町大字野尻275","36.83064","138.205791"
"野尻湖体育館","長野県信濃町大字野尻280-1","36.831949","138.205973"
"野尻湖支館","長野県信濃町大字野尻303","36.833276","138.207618"
"長野県諏訪二葉高等学校","長野県諏訪市岡村2-13-28","36.044682","138.12634"
"沖田公園","長野県諏訪市沖田2-25","36.007481","138.134878"
"湖畔公園","長野県諏訪市湖岸通り2","36.047395","138.111081"
"諏訪市図書館","長野県諏訪市湖岸通り5-12-18","36.044646","138.11226"
"文化センター広場","長野県諏訪市湖岸通り5-12-18","36.044576","138.111246"
"西山運動場","長野県諏訪市湖南3873","36.018577","138.09375"
"諏訪市湖南公民館","長野県諏訪市湖南4038-6","36.010471","138.100533"
"湖南小学校","長野県諏訪市湖南4567","36.007892","138.099627"
"諏訪西中学校","長野県諏訪市湖南4982-3","36.006925","138.100416"
"諏訪市役所　別棟第１〜４委員会室","長野県諏訪市高島1-22-30","36.038811","138.114482"
"諏訪市役所　議会棟議員控室他","長野県諏訪市高島1-22-30","36.038862","138.114238"
"諏訪市役所　本庁舎大会議室他","長野県諏訪市高島1-22-30","36.039106","138.114224"
"城南小学校","長野県諏訪市高島1-29-1","36.037878","138.114319"
"ヨットハーバー","長野県諏訪市高島3-1201-34","36.040333","138.102069"
"四賀小学校","長野県諏訪市四賀4294","36.019767","138.138411"
"諏訪市四賀公民館","長野県諏訪市四賀804-3","36.020362","138.130924"
"諏訪市原田泰治美術館","長野県諏訪市渋崎1","36.03892","138.098469"
"駅前交流テラスすわっチャオ","長野県諏訪市諏訪1-6-1","36.046772","138.11734"
"上諏訪中学校","長野県諏訪市諏訪2-12-1","36.044991","138.120597"
"上諏訪小学校","長野県諏訪市諏訪2-13-1","36.044488","138.121428"
"長野県諏訪清陵高等学校","長野県諏訪市清水1-10-1","36.038676","138.125554"
"長野県福祉大学校","長野県諏訪市清水2-2-15","36.034331","138.123141"
"諏訪中学校","長野県諏訪市清水3-3619-3","36.034064","138.119768"
"長野県諏訪実業高等学校","長野県諏訪市清水3-3663-3","36.032299","138.122405"
"清水町体育館","長野県諏訪市清水3-3663-4","36.035423","138.120365"
"霧ヶ峰駐車場","長野県諏訪市大字上諏訪13338-1","36.097738","138.160522"
"諏訪湖間欠泉センター","長野県諏訪市大字上諏訪208-90","36.053648","138.111965"
"諏訪市博物館","長野県諏訪市大字中洲171-2","36.000288","138.121385"
"諏訪市中洲公民館","長野県諏訪市大字中洲2847-1","36.008134","138.124278"
"諏訪市豊田公民館","長野県諏訪市大字豊田2591","36.021799","138.08898"
"中洲小学校","長野県諏訪市中洲2372-1","36.008101","138.125409"
"諏訪南中学校","長野県諏訪市中洲3005","36.012623","138.124295"
"豊田小学校","長野県諏訪市豊田2399","36.02184","138.090832"
"諏訪湖スタジアム","長野県諏訪市豊田811-1","36.032733","138.093893"
"中央公園スポーツ広場","長野県諏訪市豊田811-1","36.034057","138.091304"
"須坂市立旭ヶ丘小学校","長野県須坂市旭ケ丘12-2","36.680533","138.315527"
"旭ヶ丘ふれあいプラザ","長野県須坂市旭ケ丘7-55","36.680041","138.313507"
"須坂市立小山小学校","長野県須坂市臥竜1-3-1","36.647828","138.31188"
"須坂市博物館","長野県須坂市臥竜2-4-1","36.646164","138.312738"
"南部地域公民館","長野県須坂市臥竜2-4-2","36.645348","138.313382"
"須坂市臥竜山公会堂","長野県須坂市臥竜2-4-2","36.644829","138.313513"
"臥竜公園（看護学校南側）駐車場","長野県須坂市臥竜2-4-8","36.64091","138.312014"
"臥竜公園庭球場南駐車場","長野県須坂市臥竜2-4-8","36.64079","138.315124"
"須坂市動物園避難所","長野県須坂市臥竜3-967-1","36.640989","138.314272"
"須坂市勤労青少年ホーム創造の家","長野県須坂市臥竜6-25-1","36.639033","138.317899"
"須坂勤労青少年体育センター","長野県須坂市臥竜6-25-2","36.638974","138.318911"
"須坂市立日野小学校","長野県須坂市大字塩川151","36.659632","138.292152"
"日野地域公民館","長野県須坂市大字塩川168-1","36.659607","138.291043"
"日野保育園","長野県須坂市大字塩川188-9","36.660451","138.29073"
"須坂市立東中学校","長野県須坂市大字亀倉6-6","36.623407","138.332198"
"井上地域公民館","長野県須坂市大字幸高274-3","36.639887","138.286091"
"井上保育園","長野県須坂市大字幸高286-1","36.639441","138.285509"
"須坂市立井上小学校","長野県須坂市大字幸高292","36.640414","138.286182"
"須坂市北部体育館","長野県須坂市大字小河原1055-3","36.670601","138.309969"
"須坂市北部体育館　多目的防災広場","長野県須坂市大字小河原1055-3","36.670644","138.310859"
"北旭ヶ丘保育園","長野県須坂市大字小河原3133-1","36.681561","138.315013"
"須坂市北部児童センター","長野県須坂市大字小河原3305-1","36.681824","138.311788"
"須坂市人権交流センター","長野県須坂市大字小山1264-4","36.649034","138.307694"
"須坂保育園","長野県須坂市大字小山1274","36.649962","138.306597"
"須坂市保健センター","長野県須坂市大字小山1277-1","36.650339","138.306698"
"須高行政事務組合","長野県須坂市大字小山2104-36","36.647506","138.287938"
"豊洲地域公民館","長野県須坂市大字小島402-1","36.677285","138.292068"
"須坂市立豊洲小学校","長野県須坂市大字小島473","36.678051","138.293374"
"こもれびホール","長野県須坂市大字仁礼3153-756","36.553173","138.353221"
"須坂市ふれあい健康センター（湯っ蔵んど）","長野県須坂市大字仁礼7","36.615795","138.336989"
"仁礼保育園","長野県須坂市大字仁礼7-13","36.613231","138.33933"
"仁礼コミュニティセンター・　須坂市老人福祉センターくつろぎ荘","長野県須坂市大字仁礼7-16","36.614558","138.338059"
"須坂市立仁礼小学校","長野県須坂市大字仁礼96-2","36.611283","138.341123"
"長野県立長野養護学校高等部すざか分教室","長野県須坂市大字須坂1150","36.65849","138.308549"
"須坂市中央児童センター","長野県須坂市大字須坂1212-1","36.659088","138.304553"
"須坂市福祉会館","長野県須坂市大字須坂1218","36.658705","138.304611"
"須坂駅前ビルシルキー","長野県須坂市大字須坂1295-1","36.656387","138.304992"
"長野県立須坂高等学校","長野県須坂市大字須坂1518-2","36.649592","138.309275"
"須坂市役所","長野県須坂市大字須坂1528-1","36.651095","138.307317"
"須坂市役所　多目的防災広場","長野県須坂市大字須坂1528-1","36.651056","138.306629"
"長野県立須坂創成高等学校","長野県須坂市大字須坂1616","36.653335","138.304836"
"須坂市蔵のまち観光交流センター","長野県須坂市大字須坂352-2","36.654822","138.308622"
"岡信孝コレクション須坂クラシック美術館","長野県須坂市大字須坂371-6","36.654439","138.308425"
"須坂市蔵の町ふれあい館　まゆぐら","長野県須坂市大字須坂387-2","36.654689","138.309691"
"須坂市笠鉾会館ドリームホール","長野県須坂市大字須坂410-1","36.655141","138.311408"
"須坂市旧小田切家住宅","長野県須坂市大字須坂423-1","36.6561","138.312989"
"須坂市剣道場","長野県須坂市大字須坂777-1","36.65371","138.316886"
"須坂市柔道場","長野県須坂市大字須坂777-1","36.653762","138.317145"
"須坂市立須坂小学校","長野県須坂市大字須坂780","36.653302","138.316829"
"市立須坂図書館","長野県須坂市大字須坂803-1","36.654042","138.316966"
"須坂市旧上高井郡役所","長野県須坂市大字須坂812-2","36.654659","138.316128"
"須坂市生涯学習センター","長野県須坂市大字須坂７４７－イ","36.653211","138.315271"
"相之島保育園","長野県須坂市大字相之島391-1","36.676244","138.286451"
"須坂千曲保育園","長野県須坂市大字中島250-1","36.649167","138.276015"
"須坂市市民体育館　多目的防災広場","長野県須坂市大字日滝1","36.65229","138.317914"
"須坂市市民体育館","長野県須坂市大字日滝1","36.65277","138.318415"
"須坂東部保育園","長野県須坂市大字日滝1185-1","36.659816","138.321303"
"須坂市立日滝小学校","長野県須坂市大字日滝1648","36.662223","138.324618"
"須坂市立相森中学校","長野県須坂市大字日滝2082","36.662523","138.312639"
"日滝原産業団地公園駐車場","長野県須坂市大字日滝3550-11","36.678212","138.329499"
"長野県立須坂東高等学校","長野県須坂市大字日滝4-4","36.654778","138.318832"
"須坂市立常盤中学校","長野県須坂市大字日滝61","36.653858","138.319974"
"日滝地域公民館","長野県須坂市大字日滝897-4","36.658558","138.326837"
"須坂市東部児童センター","長野県須坂市大字日滝91-4","36.654811","138.322068"
"須坂市立高甫小学校","長野県須坂市大字八町1916","36.630264","138.311725"
"高甫地域公民館","長野県須坂市大字八町1918","36.63016","138.310958"
"須坂市米子農村公園","長野県須坂市大字米子879-3","36.611274","138.35699"
"須坂市豊丘活性化施設（そのさとホール）","長野県須坂市大字豊丘1023-1","36.630733","138.354584"
"豊丘保育園","長野県須坂市大字豊丘1066","36.631931","138.35107"
"須坂市立豊丘小学校","長野県須坂市大字豊丘1070","36.632603","138.351513"
"豊丘地域公民館","長野県須坂市大字豊丘1074-1","36.633549","138.352334"
"高甫保育園","長野県須坂市大字野辺1097-1","36.63099","138.31056"
"小池千枝コレクション世界の民俗人形博物館","長野県須坂市大字野辺1367-1","36.636988","138.319618"
"イベント広場","長野県須坂市大字野辺1375-1","36.636761","138.32165"
"須坂版画美術館・平塚運一版画美術館","長野県須坂市大字野辺1386-8","36.637283","138.318743"
"須高広域総合プール「サマーランド」","長野県須坂市大谷町413-4","36.655096","138.329603"
"須坂市豊洲コミュニティーセンター","長野県須坂市北相之島202-3","36.684338","138.287162"
"須坂市勤労者研修センター","長野県須坂市墨坂1-6-1","36.651411","138.301392"
"須坂市立森上小学校","長野県須坂市墨坂3-1-1","36.651078","138.304125"
"須坂市立墨坂中学校","長野県須坂市墨坂南2-19-1","36.64502","138.297149"
"須坂市南部児童センター","長野県須坂市墨坂南4-1-8","36.644904","138.305192"
"須坂市文化会館　（メセナホール）","長野県須坂市墨坂南4-5-1","36.643887","138.303348"
"小立野公民館グランド","長野県生坂村1014","36.396776","137.930413"
"小立野公民館","長野県生坂村1014","36.396961","137.930445"
"生坂村総合交流促進施設（南部交流センター）","長野県生坂村3035-4","36.407802","137.925552"
"電熱産業駐車場","長野県生坂村3374","36.406333","137.929444"
"南部交流センター駐車場","長野県生坂村3530-4","36.407747","137.925274"
"小舟集会所","長野県生坂村4463-1","36.418834","137.940865"
"村民会館","長野県生坂村5076","36.425684","137.927757"
"生坂保育園","長野県生坂村5296-1","36.423356","137.930024"
"生坂中学校","長野県生坂村5445-2","36.423911","137.9286"
"小立野南部集会所（京畑）","長野県生坂村553-1","36.390509","137.929605"
"村営やまなみ荘","長野県生坂村5804","36.431673","137.9246"
"児童館たんぽぽ","長野県生坂村6002-1","36.429742","137.925612"
"生坂村Ｂ＆Ｇ海洋センター","長野県生坂村6002-1","36.429327","137.925226"
"活性化センター（生坂村商工会）","長野県生坂村6042-1","36.429971","137.92443"
"健康管理センター","長野県生坂村6043-1","36.430065","137.923944"
"生坂村高齢者生活福祉センター","長野県生坂村6253","36.425862","137.925808"
"生坂村デイサービスセンター","長野県生坂村6271-1","36.426246","137.92561"
"生坂小学校","長野県生坂村6820","36.427332","137.929412"
"生坂小学校校庭","長野県生坂村6820","36.426813","137.929611"
"生坂村認知症対応型デイサービスセンター（はるかぜ）","長野県生坂村8272-1","36.444242","137.941722"
"下生坂体育館","長野県生坂村8301-1","36.446085","137.941081"
"雲根集会所","長野県生坂村8945-1","36.459113","137.942775"
"野沢建設資材置場","長野県生坂村大字東広津12147","36.484905","137.948614"
"古坂公民館","長野県生坂村大字東広津12956-4","36.482052","137.946394"
"鷺の平バス停","長野県生坂村大字東広津14016-132","36.466374","137.958898"
"会生活改善センター","長野県生坂村大字東広津14718-1","36.467344","137.947727"
"大久保八幡社","長野県生坂村大字東広津1560","36.445454","137.923144"
"宇留賀第二公民館","長野県生坂村大字東広津16059-12","36.472507","137.93378"
"宇留賀公民館","長野県生坂村大字東広津16292-1","36.470448","137.941238"
"木材ふれあい体験館（昭津公民館）","長野県生坂村大字東広津18194","36.442999","137.937355"
"大日向生活改善センター","長野県生坂村大字東広津19152-1","36.454202","137.944437"
"南平集会場","長野県生坂村大字東広津19176-2","36.453178","137.943315"
"北平集会所","長野県生坂村大字東広津20135-2","36.455732","137.941778"
"中塚集会場","長野県生坂村大字東広津22275-1","36.451508","137.930263"
"牛沢公民館","長野県生坂村大字北陸郷12875-12","36.432844","137.920054"
"草尾交流促進施設","長野県生坂村大字北陸郷13223-7","36.433923","137.931926"
"ＪＡブドウ出荷場","長野県生坂村大字北陸郷13318","36.435144","137.933739"
"日岐公民館","長野県生坂村大字北陸郷8766-5","36.414732","137.934249"
"旧南小学校体育館","長野県生坂村大字北陸郷8843-1","36.412029","137.925744"
"レストハウスわらく","長野県生坂村大字北陸郷9373-4","36.424267","137.94053"
"白日公民館","長野県生坂村大字北陸郷9854-3","36.418073","137.923734"
"青木村総合グラウンド","長野県青木村大字村松152-1","36.369263","138.134114"
"青木中学校体育館","長野県青木村大字村松1840","36.370507","138.128029"
"ふるさと公園あおき","長野県青木村大字村松61-1","36.371862","138.141461"
"青木村保健センター","長野県青木村大字田沢111","36.369971","138.128409"
"青木村交流ハウス","長野県青木村大字田沢3231","36.370755","138.120768"
"青木村老人福祉センター","長野県青木村大字田沢3231","36.37085","138.121353"
"青木村文化会館","長野県青木村大字田沢3252","36.370321","138.122402"
"青木村総合体育館","長野県青木村大字田沢3267","36.369282","138.122736"
"青木村図書館","長野県青木村大字田沢3273-1","36.36989","138.124695"
"青木村保育所","長野県青木村大字田沢3294","36.369002","138.124341"
"青木小学校体育館","長野県青木村大字田沢92","36.368161","138.128155"
"信州の幸あんずホール（更埴文化会館）","長野県千曲市杭瀬下1-64","36.530257","138.116911"
"ことぶきアリーナ千曲（更埴体育館）","長野県千曲市杭瀬下2-4","36.530686","138.114061"
"杭瀬下公園","長野県千曲市杭瀬下3-177","36.533337","138.117043"
"更埴子育て支援センター","長野県千曲市杭瀬下3-18","36.531611","138.116486"
"杭瀬下保育園","長野県千曲市杭瀬下3-76","36.532159","138.116775"
"五十里公園","長野県千曲市杭瀬下6-65","36.534421","138.114347"
"温泉分館","長野県千曲市上山田温泉1-19-2","36.482445","138.139943"
"上山田西公園","長野県千曲市上山田温泉1-20-1","36.482334","138.139123"
"荻原館","長野県千曲市上山田温泉1-31-3","36.482332","138.141977"
"千曲館","長野県千曲市上山田温泉1-33-4","36.482951","138.142476"
"ホテル亀屋本店","長野県千曲市上山田温泉1-37-1","36.481929","138.142331"
"中央ホテル","長野県千曲市上山田温泉1-38-1","36.481834","138.141902"
"小石の湯正明館","長野県千曲市上山田温泉1-59-1","36.48065","138.141232"
"有田屋旅館","長野県千曲市上山田温泉1-69-1","36.481275","138.142669"
"上山田ホテル","長野県千曲市上山田温泉1-69-3","36.481042","138.14275"
"玉の湯","長野県千曲市上山田温泉1-74-11","36.481892","138.143692"
"千曲市総合観光会館","長野県千曲市上山田温泉2-12-10","36.478423","138.144602"
"亀清旅館","長野県千曲市上山田温泉2-15-1","36.479377","138.143678"
"上山田中央公園","長野県千曲市上山田温泉2-19","36.478809","138.142766"
"信州の湯　清風園","長野県千曲市上山田温泉2-2-2","36.480747","138.144424"
"旬樹庵　菊水","長野県千曲市上山田温泉2-24-7","36.478864","138.142101"
"ホテル晴山","長野県千曲市上山田温泉2-29-9","36.479591","138.140786"
"山風荘","長野県千曲市上山田温泉2-30-3","36.479384","138.140991"
"湯楽　ゆうざん","長野県千曲市上山田温泉2-32-11","36.478377","138.141382"
"梅むら旅館","長野県千曲市上山田温泉2-32-5","36.478597","138.141323"
"ホテル圓山荘","長野県千曲市上山田温泉2-9-6","36.480257","138.14386"
"上山田文化会館","長野県千曲市上山田温泉3-1-1","36.478195","138.145607"
"上山田南部公園","長野県千曲市上山田温泉3-15-2","36.476411","138.143383"
"長野寿光会　上山田病院","長野県千曲市上山田温泉3-34-3","36.476387","138.145778"
"上山田文化会館第三駐車場","長野県千曲市上山田温泉3-43","36.475002","138.144226"
"上山田たじま公園","長野県千曲市上山田温泉3-45-1","36.475015","138.144531"
"市役所上山田戸倉出張所（旧上山田庁舎）","長野県千曲市上山田温泉4-15-1","36.471428","138.147378"
"上山田児童館","長野県千曲市上山田温泉4-29-1","36.473891","138.146093"
"住吉公園","長野県千曲市上山田温泉4-32","36.473341","138.146081"
"千曲市人権ふれあいセンター","長野県千曲市大字粟佐1301","36.534632","138.119162"
"屋代第３区分館","長野県千曲市大字粟佐1588-3","36.537661","138.123302"
"湯の宿　福寿草","長野県千曲市大字磯部1089","36.481581","138.150719"
"新戸倉温泉分館","長野県千曲市大字磯部1144-2","36.479412","138.152121"
"磯部分館","長野県千曲市大字磯部1170-4","36.477967","138.155561"
"戸倉体育館","長野県千曲市大字磯部1406-1","36.478046","138.153429"
"福井分館","長野県千曲市大字磯部692-5","36.484606","138.157286"
"治田町分館","長野県千曲市大字稲荷山1007-1","36.532635","138.103984"
"上八日町分館","長野県千曲市大字稲荷山1038-5","36.533065","138.102129"
"更埴西中学校","長野県千曲市大字稲荷山134","36.528624","138.099746"
"治田小学校","長野県千曲市大字稲荷山1360","36.527902","138.094322"
"治田公園","長野県千曲市大字稲荷山1638-3","36.531092","138.092933"
"元町分館","長野県千曲市大字稲荷山1711-1","36.533089","138.096341"
"勤労者体育センター","長野県千曲市大字稲荷山2086-2","36.536927","138.100345"
"稲荷山保育園","長野県千曲市大字稲荷山2131-1","36.536976","138.101451"
"稲荷山公民館","長野県千曲市大字稲荷山2131-2","36.536351","138.101235"
"荒町分館","長野県千曲市大字稲荷山2271-5","36.539695","138.102687"
"稲荷山公園","長野県千曲市大字稲荷山2323","36.537294","138.097857"
"伊勢宮公園","長野県千曲市大字稲荷山254","36.531471","138.102752"
"さらしなの里展望館","長野県千曲市大字羽尾1165-2","36.496013","138.105603"
"羽尾第四区広場","長野県千曲市大字羽尾1306","36.496129","138.110218"
"羽尾第四区分館","長野県千曲市大字羽尾1417-1","36.495238","138.110674"
"更級保育園","長野県千曲市大字羽尾1809","36.496632","138.119322"
"更級児童館","長野県千曲市大字羽尾1812","36.496683","138.118624"
"更級小学校","長野県千曲市大字羽尾1864","36.495615","138.118232"
"仙石分館","長野県千曲市大字羽尾1988-1","36.493168","138.119013"
"さらしなの里古代体験パーク","長野県千曲市大字羽尾244-1","36.500131","138.114142"
"羽尾第五区分館","長野県千曲市大字羽尾865-3","36.495481","138.103876"
"雨宮公園","長野県千曲市大字雨宮1367-1","36.544927","138.146514"
"雨宮地区転作促進研修センタ―","長野県千曲市大字雨宮2-4","36.547704","138.148176"
"（株）ブリヂストンタイヤサービス信州　千曲トラックセンター","長野県千曲市大字雨宮2312","36.553491","138.148314"
"ＤＰＬ長野千曲","長野県千曲市大字雨宮2857-1","36.5533","138.1533"
"長野電子工業㈱　千曲工場","長野県千曲市大字雨宮3256-1","36.555201","138.152374"
"沢山川親水公園","長野県千曲市大字雨宮4048-1","36.555319","138.155437"
"土口分館","長野県千曲市大字雨宮908-1","36.554408","138.15578"
"雨宮分館","長野県千曲市大字雨宮97","36.546809","138.145143"
"屋代高等学校","長野県千曲市大字屋代1000","36.544651","138.133878"
"千曲市市民交流センタ―","長野県千曲市大字屋代128-1","36.537129","138.133366"
"科野の里ふれあい公園","長野県千曲市大字屋代130-1","36.536311","138.132989"
"屋代五区公園","長野県千曲市大字屋代1563-2","36.544678","138.129868"
"屋代第５区分館","長野県千曲市大字屋代1590-1","36.544893","138.129193"
"屋代第１区分館","長野県千曲市大字屋代1964-8","36.537381","138.126077"
"屋代南高等学校","長野県千曲市大字屋代2104","36.534727","138.125221"
"屋代小学校","長野県千曲市大字屋代2111","36.535558","138.124781"
"屋代公民館","長野県千曲市大字屋代2184-3","36.538472","138.125038"
"屋代公園","長野県千曲市大字屋代2225-3","36.540503","138.125159"
"屋代児童センター","長野県千曲市大字屋代2226-4","36.540741","138.125343"
"屋代保育園","長野県千曲市大字屋代2258-1","36.542401","138.124967"
"ちくま環境エネルギ―センター","長野県千曲市大字屋代3088","36.554857","138.132707"
"千曲衛生センタ―","長野県千曲市大字屋代3119","36.554849","138.135073"
"屋代第６区分館","長野県千曲市大字屋代3200-1","36.554851","138.136303"
"屋代第２区分館","長野県千曲市大字屋代430-10","36.538441","138.131223"
"屋代第４区分館","長野県千曲市大字屋代773-1","36.541979","138.130806"
"屋代中学校","長野県千曲市大字屋代810","36.541846","138.133571"
"桑原中区分館","長野県千曲市大字桑原1330-2","36.521703","138.083208"
"桑原体育館","長野県千曲市大字桑原1340","36.523321","138.083795"
"桑原保育園","長野県千曲市大字桑原1340-2","36.523146","138.083853"
"桑原転作促進研修センタ―","長野県千曲市大字桑原1430-2","36.521229","138.083015"
"桑原西区分館","長野県千曲市大字桑原1472-1","36.519344","138.080067"
"桑原運動広場","長野県千曲市大字桑原16","36.524117","138.084166"
"稲荷山児童センター","長野県千曲市大字桑原1826-1","36.528937","138.094043"
"桑原東区分館","長野県千曲市大字桑原2-1","36.524996","138.085266"
"小坂分館","長野県千曲市大字桑原2696-1","36.529596","138.089275"
"大田原分館","長野県千曲市大字桑原3456-1","36.535533","138.060646"
"大田原運動広場","長野県千曲市大字桑原3458-1","36.535518","138.060043"
"今井町分館","長野県千曲市大字戸倉1410-1","36.493683","138.152137"
"戸倉小学校","長野県千曲市大字戸倉1756","36.488198","138.150906"
"中町分館","長野県千曲市大字戸倉1825-6","36.490986","138.152137"
"つばさ体育館　（戸倉上山田中学校併設）","長野県千曲市大字戸倉1948","36.491415","138.147646"
"戸倉児童館","長野県千曲市大字戸倉1972-2","36.489511","138.150052"
"上中町分館","長野県千曲市大字戸倉1995-8","36.488441","138.150132"
"戸倉上町分館","長野県千曲市大字戸倉2047-1","36.487497","138.152391"
"上町ふれあい広場","長野県千曲市大字戸倉2081-1","36.484851","138.152737"
"白鳥園多目的広場","長野県千曲市大字戸倉2254","36.484119","138.148758"
"戸倉創造館","長野県千曲市大字戸倉2305-1","36.485861","138.148171"
"戸倉保育園","長野県千曲市大字戸倉2388","36.488985","138.147181"
"千曲市ふれあい福祉センター（旧戸倉庁舎）","長野県千曲市大字戸倉2388","36.488651","138.147712"
"戸倉上山田中学校","長野県千曲市大字戸倉2500","36.491897","138.146637"
"戸倉人権はつらつセンター","長野県千曲市大字戸倉2639","36.494504","138.150887"
"柏王分館","長野県千曲市大字戸倉356-1","36.502284","138.146741"
"柏清水公園","長野県千曲市大字戸倉49-1","36.50792","138.145448"
"しげの家","長野県千曲市大字戸倉温泉3055","36.482476","138.143581"
"国楽館戸倉ホテル","長野県千曲市大字戸倉温泉3055","36.483311","138.143097"
"笹屋ホテル","長野県千曲市大字戸倉温泉3055","36.483546","138.142357"
"上田館","長野県千曲市大字戸倉温泉3055","36.48283","138.14333"
"戸倉温泉分館","長野県千曲市大字戸倉温泉3055-4","36.483733","138.143291"
"戸倉千曲川緑地公園","長野県千曲市大字戸倉温泉3055-6","36.481334","138.145021"
"杭瀬下分館","長野県千曲市大字杭瀬下430","36.530289","138.118761"
"埴生中学校","長野県千曲市大字桜堂100","36.523401","138.123081"
"桜堂分館","長野県千曲市大字桜堂408-1","36.530677","138.125044"
"埴生公民館","長野県千曲市大字桜堂570","36.527047","138.124125"
"黒彦分館","長野県千曲市大字若宮1305-192","36.492951","138.132426"
"若宮分館","長野県千曲市大字若宮395-2","36.488371","138.137382"
"芝原分館","長野県千曲市大字若宮745-1","36.491185","138.128401"
"埴生保育園","長野県千曲市大字寂蒔1035","36.519506","138.128154"
"寂蒔分館","長野県千曲市大字寂蒔1197-2","36.517421","138.133137"
"小船山公園","長野県千曲市大字小船山167-1","36.511561","138.123289"
"小船山分館","長野県千曲市大字小船山247-1","36.513901","138.123182"
"小島分館","長野県千曲市大字小島2833-1","36.530125","138.127111"
"八坂分館","長野県千曲市大字上山田1232-4","36.465915","138.139313"
"城腰分館","長野県千曲市大字上山田2435-3","36.474467","138.140746"
"中央分館","長野県千曲市大字上山田2980-1","36.470273","138.145493"
"三本木分館","長野県千曲市大字上山田581-1","36.466701","138.15372"
"三本木公園","長野県千曲市大字上山田583-1","36.466136","138.153788"
"上山田子育て支援センター","長野県千曲市大字上山田825-2","36.467568","138.147181"
"上山田保育園","長野県千曲市大字上山田830","36.467922","138.147876"
"萬葉の里スポーツエリア","長野県千曲市大字上山田３８１３－２７先","36.471973","138.152085"
"上徳間伊勢社境内","長野県千曲市大字上徳間2088","36.497531","138.146191"
"上徳間公園","長野県千曲市大字上徳間240-1","36.497918","138.14626"
"上徳間分館","長野県千曲市大字上徳間395-2","36.497093","138.144016"
"アピックヤマダ㈱","長野県千曲市大字上徳間90","36.495098","138.149085"
"大西緑地公園","長野県千曲市大字上徳間３８０先","36.494041","138.143479"
"漆原分館","長野県千曲市大字新山1051-6","36.458622","138.136137"
"新山分館","長野県千曲市大字新山371-5","36.462289","138.147316"
"上山田農業者トレーニングセンター","長野県千曲市大字新山512-4","36.462133","138.152877"
"上山田小学校","長野県千曲市大字新山695","36.466151","138.147956"
"更埴中央公園","長野県千曲市大字新田300","36.528433","138.111253"
"新田分館","長野県千曲市大字新田416","36.524274","138.116471"
"東小学校","長野県千曲市大字森100","36.537234","138.149947"
"森運動広場","長野県千曲市大字森1348-1","36.522346","138.155227"
"あんずの里観光会館","長野県千曲市大字森1406-1","36.521685","138.156251"
"森東分館","長野県千曲市大字森2208-3","36.520301","138.158911"
"須坂分館","長野県千曲市大字須坂1736-34","36.499679","138.119975"
"あんずの里保育園","長野県千曲市大字生萱116-1","36.539463","138.150989"
"東部体育館","長野県千曲市大字生萱120","36.538762","138.151001"
"東部児童センター","長野県千曲市大字生萱122","36.538361","138.151054"
"生萱公園","長野県千曲市大字生萱335","36.542202","138.15558"
"五加の庄花緑コミュニティパーク","長野県千曲市大字千本柳308","36.503585","138.133686"
"五加児童館","長野県千曲市大字千本柳328","36.503864","138.134278"
"五加小学校","長野県千曲市大字千本柳351","36.506168","138.131911"
"千本柳分館","長野県千曲市大字千本柳639","36.506781","138.130198"
"倉科運動広場","長野県千曲市大字倉科1043","36.53069","138.17253"
"倉科コミュニティセンター（倉科分館）","長野県千曲市大字倉科1412-4","36.531747","138.168141"
"打沢分館","長野県千曲市大字打沢76-1","36.524627","138.12721"
"平和橋緑地","長野県千曲市大字中1000","36.517582","138.112267"
"中分館","長野県千曲市大字中324-4","36.516507","138.118152"
"埴生児童センター","長野県千曲市大字鋳物師屋108-1","36.522011","138.128134"
"鋳物師屋分館","長野県千曲市大字鋳物師屋299-2","36.518898","138.126302"
"埴生小学校","長野県千曲市大字鋳物師屋72","36.521775","138.129447"
"土口運動広場","長野県千曲市大字土口143","36.553958","138.164007"
"内川公園","長野県千曲市大字内川1256-1","36.509861","138.135095"
"内川分館","長野県千曲市大字内川296","36.507256","138.138253"
"株式会社ユニオンプレート","長野県千曲市大字内川622-1","36.502666","138.137939"
"五加保育園","長野県千曲市大字内川651","36.504289","138.136195"
"㈱ホンダパーツ日商　長野営業所","長野県千曲市大字八幡1122-19","36.513594","138.085713"
"大雲寺公園","長野県千曲市大字八幡1397","36.517764","138.085508"
"郡分館","長野県千曲市大字八幡1513-1","36.519988","138.089786"
"北堀分館","長野県千曲市大字八幡2054-3","36.520181","138.102026"
"中原分館","長野県千曲市大字八幡212-3","36.517616","138.075603"
"北堀公園","長野県千曲市大字八幡2147-5","36.522581","138.101185"
"志川公園","長野県千曲市大字八幡2393-1","36.526945","138.102621"
"志川分館","長野県千曲市大字八幡2395-1","36.526624","138.102193"
"森下分館","長野県千曲市大字八幡3033-11","36.518703","138.101793"
"八幡児童センター","長野県千曲市大字八幡3094-5","36.518262","138.098826"
"八幡小学校","長野県千曲市大字八幡3111","36.518813","138.097731"
"八幡保育園","長野県千曲市大字八幡3125-2","36.519653","138.098868"
"八幡公民館","長野県千曲市大字八幡3311","36.516997","138.098989"
"新宿分館","長野県千曲市大字八幡3313-4","36.517095","138.100996"
"八幡上町分館","長野県千曲市大字八幡3642-1","36.510968","138.100968"
"峯分館","長野県千曲市大字八幡4488-1","36.511015","138.093807"
"姨捨分館","長野県千曲市大字八幡4999-6","36.505729","138.094381"
"辻分館","長野県千曲市大字八幡5845-7","36.515165","138.104679"
"代分館","長野県千曲市大字八幡6748-1","36.506188","138.110271"
"大池分館","長野県千曲市大字八幡7940-1","36.497799","138.093033"
"千曲橋緑地","長野県千曲市大字野高場1850","36.531349","138.107426"
"中町ねむのき公園","長野県千曲市大字野高場973-21","36.536919","138.109015"
"力石支館","長野県千曲市大字力石697-2","36.461597","138.162208"
"梓山公民館庭","長野県川上村大字梓山114","35.962451","138.668874"
"梓湖村民グラウンド","長野県川上村大字梓山370","35.955622","138.671726"
"川又屋内ゲートボール場","長野県川上村大字居倉119-1","35.969692","138.634865"
"居倉村民グラウンド","長野県川上村大字居倉1647","35.971985","138.630358"
"居倉公民館庭","長野県川上村大字居倉518-1","35.970877","138.619417"
"川上第一小学校校庭","長野県川上村大字原1127-1","35.971084","138.556538"
"森の上ゲートボール場","長野県川上村大字原300-3","35.96909","138.545353"
"ヘルシーパーク庭","長野県川上村大字原311","35.968672","138.547189"
"川上中学校校庭","長野県川上村大字原33","35.971053","138.548611"
"観音堂庭","長野県川上村大字原374","35.968391","138.55465"
"三鷹市川上郷自然の村駐車場","長野県川上村大字原591-362","35.926724","138.569445"
"原そ菜出荷組合集荷場","長野県川上村大字原715-1","35.967015","138.553852"
"元御所平支部集荷場","長野県川上村大字御所平1345-1","35.968618","138.540602"
"埋原集荷場","長野県川上村大字御所平1732-2","35.966929","138.525406"
"龍昌寺檀信徒会館駐車場","長野県川上村大字御所平458","35.973501","138.545249"
"長野八ヶ岳農協川上支所庭","長野県川上村大字御所平930-7","35.976864","138.527806"
"川上そ菜販売農協集荷場","長野県川上村大字秋山12-58","35.961658","138.662397"
"川上第二小学校校庭","長野県川上村大字秋山533","35.964482","138.650807"
"秋山基幹集落センター庭","長野県川上村大字秋山781","35.962638","138.649356"
"川端下公民館庭","長野県川上村大字川端下502-1","35.940463","138.645434"
"大深山グラウンド","長野県川上村大字大深山1357","35.973016","138.580694"
"川上村文化センター庭","長野県川上村大字大深山348-9","35.973982","138.583722"
"川上村役場庭","長野県川上村大字大深山525","35.975488","138.578607"
"大深山公民館庭","長野県川上村大字大深山700","35.974319","138.573506"
"大深山ゲートボール場","長野県川上村大字大深山752","35.974528","138.574554"
"川上物産農協野辺山集荷場","長野県川上村大字樋沢248-4","35.981554","138.511657"
"三耕地　福寿院","長野県泰阜村2397","35.392557","137.851334"
"高齢者支援ハウス　やすらぎの家","長野県泰阜村2397-1","35.377182","137.842092"
"山国体験の館","長野県泰阜村2733-2","35.388775","137.849415"
"平島田生活改善センター","長野県泰阜村3198-5","35.378972","137.843072"
"山村開発センター","長野県泰阜村3236-1","35.377428","137.846006"
"泰阜村総合体育館","長野県泰阜村3236-1","35.377964","137.846253"
"保健福祉支援センター","長野県泰阜村3247-3","35.376695","137.844729"
"泰阜村北保育所","長野県泰阜村3295-5","35.377756","137.842444"
"デイサロン　かたくり","長野県泰阜村3440-7","35.379259","137.841894"
"柿野生活改善センター","長野県泰阜村3539-1","35.383147","137.840358"
"万場生活改善センター","長野県泰阜村3804-3","35.386906","137.833726"
"黒見コミュニティセンター","長野県泰阜村4530-3","35.383912","137.822818"
"門島生活改善センター","長野県泰阜村4637-23","35.374241","137.815309"
"明島生活改善センター","長野県泰阜村4956-10","35.37887","137.830313"
"左京生活改善センター","長野県泰阜村5741-2","35.366135","137.839762"
"観光交流センター左京の宿","長野県泰阜村6053-1","35.363332","137.84124"
"やまびこ館","長野県泰阜村6172-1","35.354664","137.842026"
"泰阜中学校　体育館","長野県泰阜村6221-5","35.351816","137.838091"
"泰阜小学校","長野県泰阜村6221-5","35.350966","137.839112"
"泰阜中学校","長野県泰阜村6221-5","35.352372","137.837964"
"あさぎり館","長野県泰阜村6765","35.353715","137.848141"
"地域交流センター　悠々","長野県泰阜村6970","35.3544","137.850855"
"金野生活改善センター","長野県泰阜村70-1","35.405629","137.830043"
"梨久保生活改善センター","長野県泰阜村7457-3","35.362798","137.86589"
"特別養護老人ホーム　やすおか荘","長野県泰阜村7565-3","35.344337","137.848141"
"大畑生活改善センター","長野県泰阜村7628","35.344377","137.849569"
"多目的集会センター","長野県泰阜村8378-17","35.334959","137.841208"
"我科生活改善センター","長野県泰阜村8629","35.328256","137.834974"
"漆平野公会堂","長野県泰阜村8999","35.334062","137.855288"
"栃城生活改善センター","長野県泰阜村9026-22","35.347775","137.900406"
"唐笠生活改善センター","長野県泰阜村9059-5","35.396808","137.819566"
"高町生活改善センター","長野県泰阜村999-2","35.401829","137.839073"
"須原地区館","長野県大桑村大字須原962-2","35.696685","137.691798"
"大桑村役場","長野県大桑村大字長野880-1","35.689219","137.671467"
"大桑中学校体育館","長野県大桑村大字長野891-1","35.688185","137.671982"
"野尻地区館","長野県大桑村大字野尻1435-7","35.672714","137.635952"
"大桑小学校体育館","長野県大桑村大字野尻2099-1","35.672801","137.639377"
"東部地区館","長野県大鹿村鹿塩1229-3","35.589935","138.06507"
"上蔵集会所","長野県大鹿村大河原2013","35.551057","138.053338"
"母子健康センター（診療所２階）","長野県大鹿村大河原354","35.578191","138.034503"
"下青木集会所","長野県大鹿村大字大河原","35.555002","138.039203"
"原集会所","長野県大町市社1076-1","36.444612","137.874881"
"宮本公民館","長野県大町市社1140-1","36.448625","137.876265"
"山の寺生活改善センター","長野県大町市社231-1","36.443264","137.878113"
"曽根原農業改善センター","長野県大町市社2866-5","36.457467","137.871873"
"閏田公民館","長野県大町市社3426-3","36.461475","137.871738"
"社公民館","長野県大町市社3945-2","36.468528","137.868885"
"山下集落センター","長野県大町市社4953-2","36.484117","137.870715"
"館の内公民館","長野県大町市社5672-2","36.488449","137.867298"
"松崎馬頭観音前広場","長野県大町市社6236-15","36.499439","137.867991"
"松崎薬師寺駐車場","長野県大町市社6359-1","36.501586","137.868265"
"松崎ごみ置き場南側広場","長野県大町市社6429-2","36.499754","137.866457"
"大町東小学校グラウンド","長野県大町市社6700","36.495535","137.867389"
"大町東小学校","長野県大町市社6700","36.496021","137.868553"
"松崎小運動場","長野県大町市社6761-1","36.495943","137.865988"
"小西山農業生活改善センター","長野県大町市常盤121-1","36.446033","137.845875"
"原村生活改善センター","長野県大町市常盤168-3","36.472542","137.854298"
"西山公民館","長野県大町市常盤176-3","36.450358","137.842846"
"小谷集会所","長野県大町市常盤1921-2","36.453762","137.841398"
"西山住宅公民館","長野県大町市常盤2115-32","36.448808","137.849387"
"西春午子集会所","長野県大町市常盤2224","36.44288","137.850931"
"南住宅コミュニティーセンター","長野県大町市常盤2380-1","36.444786","137.853401"
"大町南小学校","長野県大町市常盤3543-1","36.468314","137.844026"
"下一公民館","長野県大町市常盤3587-2","36.46605","137.848789"
"あすなろ保育園","長野県大町市常盤3601-18","36.467236","137.845342"
"常盤公民館","長野県大町市常盤3601-18","36.467564","137.844837"
"沓掛公会堂","長野県大町市常盤3828-32","36.447881","137.853601"
"泉公民館","長野県大町市常盤5210-1","36.494301","137.834434"
"松原団地集会所","長野県大町市常盤5801-111","36.485553","137.845528"
"上一住宅集会所","長野県大町市常盤5874-2","36.478954","137.850867"
"清水公民館","長野県大町市常盤651-2","36.469848","137.829553"
"須沼公民館","長野県大町市常盤9595","36.454741","137.852494"
"大町公民館分室","長野県大町市大町1058-13","36.507023","137.862205"
"北アルプス市町村会館","長野県大町市大町1058-33","36.507367","137.862141"
"大町合同庁舎駐車場","長野県大町市大町1058-7","36.507539","137.861873"
"総合福祉センター","長野県大町市大町1129","36.506029","137.861827"
"白塩町公民館","長野県大町市大町1155-1","36.508886","137.860435"
"長野県酒類販売東側駐車場","長野県大町市大町1220-1","36.509685","137.860944"
"相生町公民館","長野県大町市大町1272-7","36.511347","137.861013"
"俵町公民館","長野県大町市大町1547-3","36.515649","137.856199"
"文化会館・大町公民館","長野県大町市大町1601-2","36.518958","137.856043"
"フレンド・プラザ大町","長野県大町市大町1601-2","36.518213","137.856686"
"大町文化公園","長野県大町市大町1800-3","36.519995","137.855368"
"大黒町ポケットパーク","長野県大町市大町2222-4","36.510649","137.857247"
"信州物産駐車場","長野県大町市大町2448-1","36.509259","137.85826"
"九日町ポケットパーク","長野県大町市大町2459-1","36.508796","137.858448"
"大町商工会議所駐車場","長野県大町市大町2511-3","36.506999","137.858659"
"市営下仲町駐車場","長野県大町市大町2542-1","36.505591","137.860223"
"八日町公民館","長野県大町市大町2657-12","36.504785","137.861761"
"神栄町公民館","長野県大町市大町2667-29","36.505184","137.864728"
"旭町公民館","長野県大町市大町2896-13","36.496819","137.863349"
"高見町公民館","長野県大町市大町3134-15","36.501704","137.858288"
"大町病院職員駐車場（高見公民館東側）","長野県大町市大町3142-1","36.50081","137.859323"
"仁科町公民館","長野県大町市大町3162","36.501181","137.860168"
"大町駅前広場公園","長野県大町市大町3190-22","36.500621","137.861138"
"五日町コミュニティーセンター","長野県大町市大町3244-7","36.501789","137.862159"
"ギャラリー・いいずら","長野県大町市大町3300-1","36.503639","137.860015"
"南原町公民館","長野県大町市大町3392-5","36.501591","137.856659"
"東若宮警察官舎駐車場","長野県大町市大町3402-5","36.500192","137.855131"
"ＪＡ大北本所駐車場","長野県大町市大町3431","36.499185","137.85822"
"はなのき保育園","長野県大町市大町3504-9","36.498999","137.853"
"大町中学校グラウンド","長野県大町市大町3759","36.500998","137.851168"
"大町中学校","長野県大町市大町3759","36.500271","137.851011"
"六九町コミュニティーセンター前広場","長野県大町市大町4186-4","36.507547","137.856069"
"弾誓寺境内","長野県大町市大町4188-11","36.509072","137.855315"
"セブンイレブン大町九日町店駐車場","長野県大町市大町4204-1","36.507622","137.857929"
"旧大町北高校グラウンド","長野県大町市大町4330","36.511127","137.853987"
"旧大町第一中学校","長野県大町市大町4528","36.512105","137.851311"
"大町西小学校グラウンド","長野県大町市大町4773-3","36.505258","137.851554"
"大町西小学校","長野県大町市大町4773-3","36.506428","137.850603"
"北原町公民館","長野県大町市大町5167-1","36.507411","137.847477"
"栄町（大原団地）集会所","長野県大町市大町5560-2","36.514804","137.838483"
"くるみ保育園","長野県大町市大町5560-25","36.515543","137.838484"
"大原２号団地公民館","長野県大町市大町5663-2","36.517281","137.840336"
"若原町公民館","長野県大町市大町5707-15","36.518431","137.842362"
"大町北小学校","長野県大町市大町5806-8","36.521407","137.844578"
"大原町公民館","長野県大町市大町6046-8","36.522095","137.834106"
"昭和電工体育館","長野県大町市大町6842-1","36.491846","137.857657"
"レゾナック・グラファイトジャパン　グラウンド","長野県大町市大町6950-1","36.49131","137.855148"
"高根町公民館","長野県大町市大町7171-1","36.500428","137.844235"
"大平生活改善センター","長野県大町市八坂1008-4","36.488331","137.907751"
"一の瀬基幹センター","長野県大町市八坂11048","36.496648","137.914403"
"八坂情報コミュニティセンターアキツ","長野県大町市八坂1133-1","36.488116","137.909453"
"中央基幹センター","長野県大町市八坂11660","36.502187","137.919985"
"小菅集会所","長野県大町市八坂13111","36.507617","137.926017"
"八坂山村広場","長野県大町市八坂14850-118","36.49689","137.952357"
"八坂ゲートボール場（レクリェーションハウス）","長野県大町市八坂14850-69","36.496519","137.952647"
"地志原集会所","長野県大町市八坂14998-12","36.497645","137.948134"
"野平北集会所","長野県大町市八坂15067-2","36.497937","137.950822"
"上篭集会所","長野県大町市八坂15732-1","36.503133","137.956299"
"舟場基幹センター","長野県大町市八坂16003","36.505724","137.960168"
"栃沢集会所","長野県大町市八坂17821","36.514576","137.963678"
"相川基幹センター","長野県大町市八坂227","36.481695","137.888276"
"横瀬農家生活改善センター","長野県大町市八坂2448-1","36.483291","137.912231"
"野平活性化施設","長野県大町市八坂25329","36.493399","137.953296"
"満仲農家生活改善センター","長野県大町市八坂3907-1","36.479174","137.921047"
"明野集会場","長野県大町市八坂808-46","36.481915","137.899726"
"八坂切久保運動場","長野県大町市八坂8408","36.500704","137.898633"
"切久保公民館","長野県大町市八坂8446","36.501132","137.896813"
"育てる会　八坂美麻学園　やまなみ山荘","長野県大町市八坂8594","36.507255","137.896996"
"石原基幹センター","長野県大町市八坂8607","36.477836","137.918253"
"舟場集会所","長野県大町市八坂１５８８２－イ","36.504846","137.960695"
"美麻トレーニングセンター","長野県大町市美麻11690-1","36.573811","137.890451"
"藤集会所","長野県大町市美麻12747","36.594974","137.891992"
"新行高齢者センター","長野県大町市美麻14003-2","36.56646","137.87437"
"新行公民館","長野県大町市美麻14611","36.570036","137.874546"
"池の平集会所","長野県大町市美麻15774-1","36.597907","137.883967"
"青具公民館","長野県大町市美麻16950","36.605309","137.893155"
"ふれあいセンター","長野県大町市美麻16956-1","36.604538","137.893886"
"ぽかぽかランド美遊","長野県大町市美麻16981","36.605402","137.893974"
"一宇田集会所","長野県大町市美麻17286-1","36.605666","137.888869"
"米山集会所","長野県大町市美麻19230","36.610619","137.884964"
"おおしお市民農園管理棟","長野県大町市美麻1932","36.544483","137.887086"
"日向集会所","長野県大町市美麻19494","36.615471","137.883241"
"塩の川集会所","長野県大町市美麻20052","36.619269","137.882206"
"川手集会所","長野県大町市美麻20960-1","36.633912","137.879697"
"片岡集会所","長野県大町市美麻24641","36.615511","137.89977"
"千見神明宮社務所","長野県大町市美麻25787-1","36.606073","137.926371"
"北村集会所","長野県大町市美麻2642-2","36.541472","137.89108"
"千見高齢者センター","長野県大町市美麻28751-1","36.603401","137.919661"
"大塩公民館","長野県大町市美麻2904-3","36.53717","137.894041"
"中の崎集会所","長野県大町市美麻29742-18","36.60236","137.920246"
"美麻大塩ゲートボール場","長野県大町市美麻3366","36.534664","137.891622"
"大塩高齢者センター","長野県大町市美麻3366","36.534763","137.891868"
"南村集会所","長野県大町市美麻496","36.53228","137.890581"
"宮村集会所","長野県大町市美麻8061-2","36.55459","137.889529"
"美麻二重ゲートボール場（屋内）","長野県大町市美麻8410","36.558951","137.888827"
"向集会所","長野県大町市美麻8450-1","36.556644","137.887104"
"中村集会所","長野県大町市美麻899-1","36.536989","137.889685"
"二重公民館","長野県大町市美麻9035-1","36.55957","137.889332"
"平公民館・女性未来館ピュア","長野県大町市平10352-1","36.539548","137.841153"
"Ｂ＆Ｇ海洋センター　体育館","長野県大町市平10352-2","36.539985","137.840989"
"ゆ～ぷる木崎湖","長野県大町市平10639-1","36.542579","137.841467"
"海の口公民館","長野県大町市平13192-1","36.569111","137.839742"
"西海の口多目的集会施設","長野県大町市平15385","36.567963","137.832909"
"上原公民館","長野県大町市平1955-118","36.516462","137.798541"
"コミュニティセンター（上原の湯）","長野県大町市平1955-446","36.518125","137.809686"
"ラーバン中綱","長野県大町市平19862-1","36.593088","137.838616"
"日向山総合事務所駐車場","長野県大町市平2010-17","36.523529","137.798942"
"湖端公民館","長野県大町市平20391-1","36.5972","137.845642"
"加蔵公民館","長野県大町市平22504-4","36.606153","137.854392"
"二ツ屋生活改善センター","長野県大町市平2595-14","36.532655","137.820607"
"アルプスウオーター","長野県大町市平2651-5","36.538564","137.814105"
"中花見生活改善センター","長野県大町市平2656-65","36.540549","137.811555"
"大町温泉郷観光協会駐車場","長野県大町市平2809-8","36.526684","137.811481"
"源汲生活改善センター","長野県大町市平3695","36.54454","137.800229"
"野口公民館","長野県大町市平430-4","36.511599","137.826872"
"秋葉林公民館","長野県大町市平573-2","36.516096","137.830492"
"借馬公民館前広場","長野県大町市平6127-2","36.526292","137.848601"
"借馬団地公民館","長野県大町市平7525","36.523241","137.846263"
"新郷公民館","長野県大町市平8040-62","36.52957","137.83017"
"鹿島生活改善センター","長野県大町市平8359","36.578534","137.804355"
"木崎基幹センター","長野県大町市平8949-1","36.535965","137.84437"
"しらかば保育園","長野県大町市平9365-3","36.538204","137.839625"
"平運動場","長野県大町市平9370-1","36.539737","137.839392"
"荒神山公園（荒神山球場・陸上競技場含む）","長野県辰野町赤羽","35.966035","137.99178"
"福祉避難所老人福祉センター","長野県辰野町大字伊那富2681-1","35.977046","137.991979"
"辰野町保健福祉センター","長野県辰野町大字伊那富2681-1","35.97734","137.99191"
"辰野西小学校","長野県辰野町大字伊那富2812","35.977771","137.989208"
"長野県立辰野高等学校","長野県辰野町大字伊那富3644-2","35.979606","137.982608"
"辰野公園","長野県辰野町大字伊那富4047","35.977298","137.984518"
"辰野南小学校","長野県辰野町大字伊那富7920","35.949538","137.973799"
"富士山グラウンド","長野県辰野町大字伊那富9573-2","35.959326","137.966501"
"川島小学校","長野県辰野町大字横川3369","36.010646","137.931008"
"両小野小学校","長野県辰野町大字小野1160","36.046068","137.965805"
"北部グラウンド","長野県辰野町大字小野599","36.035999","137.955306"
"辰野球場","長野県辰野町大字辰野1425-2","35.985317","137.993973"
"ほたる童謡公園（平出側）","長野県辰野町大字平出1006-1","35.991628","138.003366"
"辰野中学校","長野県辰野町大字平出1888","35.975594","137.996854"
"辰野東小学校","長野県辰野町大字平出2141","35.976927","138.001211"
"信州豊南短期大学","長野県辰野町大字平出72","35.972503","138.002566"
"内鎌公民館","長野県池田町大字会染10386-2","36.392332","137.88059"
"千本木台みんなの家","長野県池田町大字会染1112-29","36.425973","137.88865"
"十日市場アグリカルチャーセンター","長野県池田町大字会染11530","36.378472","137.88305"
"半在家集落センター","長野県池田町大字会染1301-6","36.422858","137.8908"
"中島基幹センター","長野県池田町大字会染1443","36.429985","137.884667"
"相道寺集落センター","長野県池田町大字会染1568-2","36.420241","137.892745"
"花見集落センター","長野県池田町大字会染2566-1","36.413041","137.89114"
"滝の台コミュニティーセンター","長野県池田町大字会染3240-57","36.400053","137.891503"
"滝沢集落センター","長野県池田町大字会染3899","36.406544","137.891886"
"多目的研修センター","長野県池田町大字会染5250","36.403226","137.882107"
"林中公民館","長野県池田町大字会染5509","36.401822","137.879557"
"池田町立会染小学校グラウンド","長野県池田町大字会染5663-1","36.404203","137.884564"
"和合公民館","長野県池田町大字会染5707-142","36.39673","137.883034"
"安曇養護学校グラウンド","長野県池田町大字会染6113-2","36.3909","137.876822"
"高瀬橋南集落センター","長野県池田町大字会染6124-178","36.375291","137.878778"
"道の駅池田・池田町ハーブセンター","長野県池田町大字会染6330-1","36.397047","137.884609"
"ザ・ビッグ信州池田店","長野県池田町大字会染6442-9","36.399771","137.8858"
"坂下農業生活改善施設","長野県池田町大字会染6595-1","36.394428","137.890096"
"渋坂公民館","長野県池田町大字会染696-44","36.398545","137.890994"
"あづみ野池田クラフトパーク","長野県池田町大字会染7770","36.38458","137.896717"
"渋中公民館","長野県池田町大字会染8259-1","36.38974","137.889675"
"渋南集落センター","長野県池田町大字会染8661","36.385247","137.889768"
"会染保育園園庭","長野県池田町大字会染9014-8","36.387716","137.88574"
"広津交流センター","長野県池田町大字広津4121","36.451481","137.902831"
"堀之内集落センター","長野県池田町大字池田1139-2","36.435217","137.880842"
"四丁目ふれあいセンター","長野県池田町大字池田1973-1","36.425159","137.878568"
"東町公民館","長野県池田町大字池田2113-5","36.420508","137.881179"
"吾妻町ふれあいセンター","長野県池田町大字池田2156-4","36.419199","137.884133"
"一丁目基幹センター","長野県池田町大字池田2255-1","36.416315","137.88097"
"池田町農村広場","長野県池田町大字池田2351-5","36.416267","137.882493"
"県立池田工業高校グラウンド","長野県池田町大字池田2524","36.414528","137.878567"
"アート梱包運輸株式会社","長野県池田町大字池田2714","36.407605","137.880754"
"株式会社ツルヤ池田店","長野県池田町大字池田2855","36.41108","137.879941"
"池田町立池田小学校グラウンド","長野県池田町大字池田3177-1","36.419656","137.875967"
"池田町立高瀬中学校グラウンド","長野県池田町大字池田3210-1","36.418951","137.874668"
"総合体育館","長野県池田町大字池田3210-4","36.419383","137.873435"
"二丁目公民館","長野県池田町大字池田3328","36.41919","137.877056"
"交流センターかえで","長野県池田町大字池田3336-1","36.418306","137.87729"
"三丁目公民館","長野県池田町大字池田4278-2","36.422685","137.877153"
"五丁目基幹センター","長野県池田町大字池田540-5","36.43006","137.87691"
"正科集落センター","長野県池田町大字池田67-1","36.440649","137.875067"
"豊町公民館","長野県池田町大字池田735-2","36.416283","137.874825"
"鵜山基幹センター","長野県池田町大字中鵜2668","36.376927","137.893982"
"中之郷集落センター","長野県池田町大字中鵜567-1","36.369917","137.891293"
"南台コミュニティセンター","長野県池田町大字中鵜782-44","36.373291","137.894804"
"豊盛公民館","長野県池田町大字陸郷10620","36.416957","137.913169"
"東山夢の郷コミュニティーセンター","長野県池田町大字陸郷7446-2","36.407984","137.908677"
"松場公民館","長野県筑北村坂井1538","36.453623","138.078819"
"冠着駅　駐車場","長野県筑北村坂井1832","36.456883","138.079472"
"下安坂公民館","長野県筑北村坂井5222","36.448993","138.064452"
"筑北小学校","長野県筑北村坂井5685","36.450049","138.068082"
"筑北小学校　校庭","長野県筑北村坂井5685","36.450424","138.067533"
"筑北村公民館","長野県筑北村坂井5711-1","36.449107","138.068051"
"坂井保育園","長野県筑北村坂井5882","36.447574","138.068001"
"バドミントン体育館","長野県筑北村坂井6275","36.43751","138.072647"
"坂井グラウンド","長野県筑北村坂井6486","36.437786","138.073275"
"坂井高齢者生活支援センター","長野県筑北村坂井8829-1","36.422184","138.095183"
"坂井高齢者生活支援センター　駐車場","長野県筑北村坂井8829-1","36.422122","138.095444"
"修那羅県道駐車場","長野県筑北村坂井9659","36.405586","138.102479"
"別所公民館","長野県筑北村坂北14042","36.423419","137.994794"
"坂北総合福祉センター","長野県筑北村坂北2183-1","36.426108","138.015497"
"筑北村図書館（２階）","長野県筑北村坂北2187","36.426263","138.015318"
"ちくほくジャンブル・ユニバーサルカレッジ　校庭","長野県筑北村坂北2267","36.428356","138.016888"
"ちくほくジャンブル・ユニバーサルカレッジ","長野県筑北村坂北2267","36.42859","138.017846"
"坂北体育館","長野県筑北村坂北2289","36.429014","138.017303"
"筑北ひまわり保育園","長野県筑北村坂北2305","36.427725","138.018485"
"道の駅さかきた　駐車場","長野県筑北村坂北4332-1","36.425804","138.011713"
"坂北野球場","長野県筑北村坂北5658","36.423364","138.006757"
"仁熊公民館　駐車場","長野県筑北村坂北7607","36.440103","137.99625"
"仁熊公民館","長野県筑北村坂北7607","36.440239","137.996269"
"筑北村防災公園（サッカー場）","長野県筑北村西条3268-1","36.413884","138.005165"
"筑北村防災広場","長野県筑北村西条3422-1","36.413274","138.009"
"西条温泉とくら","長野県筑北村西条3443","36.413215","138.008203"
"本城公民館","長野県筑北村西条3443","36.41279","138.008284"
"本城体育館　駐車場","長野県筑北村西条3449","36.412464","138.008395"
"本城体育館","長野県筑北村西条3449","36.412464","138.008395"
"本城柔剣道場","長野県筑北村西条4200-2","36.40286","138.012109"
"日本ウェルネス長野高等学校　校庭","長野県筑北村西条4228","36.403831","138.01269"
"日本ウェルネス長野高等学校","長野県筑北村西条4228","36.403159","138.012796"
"聖南中学校　校庭","長野県筑北村東条1","36.416293","138.010574"
"聖南中学校","長野県筑北村東条1","36.415553","138.010523"
"伝統文化等伝承施設","長野県筑北村東条1725","36.402482","138.021129"
"伝統文化等伝承施設　駐車場","長野県筑北村東条1725","36.402387","138.020903"
"乱橋活性化施設みなくる館　駐車場","長野県筑北村乱橋811","36.383109","138.007263"
"乱橋活性化施設みなくる館","長野県筑北村乱橋811","36.383259","138.007251"
"柳沢会館","長野県中川村葛島2518-2","35.612241","137.959856"
"葛北公会堂","長野県中川村葛島319-1","35.621925","137.933069"
"柏原集会所","長野県中川村葛島838-1","35.614568","137.929684"
"渡場会館","長野県中川村葛島945","35.60995","137.931809"
"飯沼集落センター","長野県中川村大草1137-8","35.654348","137.951496"
"美里集会所","長野県中川村大草2144-1","35.647539","137.96009"
"北組会館","長野県中川村大草3319-1","35.641183","137.948594"
"下平集会所","長野県中川村大草3966-5","35.634221","137.941969"
"中川東小学校体育館","長野県中川村大草4023","35.633735","137.944375"
"中川村基幹集落センター","長野県中川村大草4045-1","35.634177","137.945842"
"中組会館","長野県中川村大草4538-2","35.634945","137.948921"
"沖町会館","長野県中川村大草4802","35.630048","137.946169"
"八幡平会館","長野県中川村大草4900-5","35.632111","137.94022"
"三共会館","長野県中川村大草5281-3","35.625134","137.940145"
"南陽会館","長野県中川村大草6052-24","35.620826","137.954951"
"桑原会館","長野県中川村大草6896-1","35.615898","137.981134"
"中田島会館","長野県中川村片桐1602","35.623681","137.918136"
"田島会館","長野県中川村片桐2829-1","35.626551","137.922281"
"上前沢集会所","長野県中川村片桐3181-8","35.640863","137.905732"
"中通集会所","長野県中川村片桐3431-7","35.634838","137.914229"
"中央会館","長野県中川村片桐3781-1","35.630131","137.921347"
"中川中学校体育館","長野県中川村片桐4580","35.629493","137.93418"
"南原会館","長野県中川村片桐4620-25","35.627066","137.933824"
"牧ヶ原コミュニティセンター","長野県中川村片桐4738-2","35.631907","137.935107"
"中川村社会体育館","長野県中川村片桐4748","35.631285","137.934223"
"中川文化センター","長野県中川村片桐4757","35.631978","137.933989"
"小和田集会所","長野県中川村片桐5037","35.639638","137.928633"
"横前集落センター","長野県中川村片桐6185-3","35.648235","137.923735"
"南田島会館","長野県中川村片桐649","35.618467","137.917472"
"針ヶ平集会所","長野県中川村片桐6509-11","35.639564","137.919004"
"小平集会所","長野県中川村片桐7203-1","35.652036","137.940778"
"竹ノ上集落センター","長野県中川村片桐５８０８－イ3","35.642349","137.937538"
"中野市市民会館","長野県中野市三好町1-3-12","36.742291","138.369825"
"中野市中央公民館講堂","長野県中野市三好町1-4-27","36.742217","138.367787"
"中野立志館高等学校体育館","長野県中野市三好町2-1-53","36.740635","138.370909"
"高梨館跡公園","長野県中野市小舘1069-4","36.74485","138.376684"
"中野市防災広場","長野県中野市小舘159-2","36.742542","138.376826"
"旧中野高等学校校庭","長野県中野市小舘6","36.742371","138.374867"
"中野市西部文化センター（西部公民館）","長野県中野市大字安源寺666-1","36.741034","138.331966"
"一本木公園","長野県中野市大字一本木495-6","36.754543","138.376446"
"市民体育館","長野県中野市大字一本木590-1","36.757437","138.380132"
"運動公園　多目的運動広場","長野県中野市大字一本木590-1","36.757437","138.382535"
"ふるさと交流拠点施設グラウンド","長野県中野市大字永江1824-4","36.794308","138.309554"
"道の駅ふるさと豊田駐車場","長野県中野市大字永江2136","36.80087","138.322447"
"高社中学校校庭","長野県中野市大字笠原190","36.774244","138.361484"
"高社中学校体育館（洪水時は２階部分へ避難）","長野県中野市大字笠原190","36.774492","138.362621"
"高社小学校校庭","長野県中野市大字金井80","36.767765","138.369886"
"高社小学校体育館","長野県中野市大字金井80","36.768143","138.370843"
"中野市屋内運動場","長野県中野市大字栗林857-10","36.749967","138.337188"
"豊田野球場","長野県中野市大字穴田3535","36.781103","138.323402"
"平野小学校校庭","長野県中野市大字江部1359-4","36.742509","138.350714"
"平野小学校体育館","長野県中野市大字江部1359-4","36.742657","138.351512"
"延徳小学校体育館","長野県中野市大字三ツ和1731","36.71574","138.356471"
"延徳小学校校庭","長野県中野市大字三ツ和1731","36.716036","138.357097"
"日野小学校校庭","長野県中野市大字新野827","36.723056","138.377188"
"日野小学校体育館","長野県中野市大字新野827","36.722474","138.377634"
"中野西高等学校体育館","長野県中野市大字西条544-1","36.738406","138.357433"
"中野西高等学校校庭","長野県中野市大字西条544-1","36.738053","138.356335"
"中野市北部公民館","長野県中野市大字赤岩1447","36.786171","138.362448"
"高丘小学校校庭","長野県中野市大字草間1505","36.734788","138.321694"
"高丘小学校体育館","長野県中野市大字草間1505","36.735301","138.321089"
"中野立志館高等学校第２グラウンド","長野県中野市大字中野175-4","36.734425","138.366228"
"中野小学校校庭","長野県中野市大字中野1804","36.749946","138.373859"
"中野小学校体育館","長野県中野市大字中野1804","36.749424","138.373422"
"旧倭小学校体育館","長野県中野市大字田上322","36.815505","138.360437"
"旧倭小学校校庭","長野県中野市大字田上322","36.815983","138.361046"
"旧長丘小学校校庭","長野県中野市大字壁田1572","36.778589","138.349236"
"中野市子育て支援拠点施設（ハブリック）多目的運動施設","長野県中野市大字壁田1572","36.778967","138.348485"
"中野平中学校校庭","長野県中野市大字片塩165","36.747971","138.348553"
"中野平中学校体育館","長野県中野市大字片塩165","36.747376","138.348935"
"中野市豊田庁舎","長野県中野市大字豊津2508","36.773734","138.324722"
"中野市豊田文化センター（豊田公民館）","長野県中野市大字豊津2509","36.774143","138.324812"
"豊田小学校校庭","長野県中野市大字豊津4296-1","36.777381","138.325265"
"豊田中学校体育館","長野県中野市大字豊津4296-1","36.776909","138.324325"
"豊田小学校体育館","長野県中野市大字豊津4296-1","36.776789","138.324985"
"南宮中学校校庭","長野県中野市南宮1-12","36.738633","138.370619"
"南宮中学校体育館","長野県中野市南宮1-12","36.739404","138.371563"
"朝日小学校　校庭","長野県朝日村古見1265","36.127786","137.862946"
"あさひ保育園園庭（駐車場含む）","長野県朝日村古見1274-1","36.125854","137.862387"
"子育て支援センター","長野県朝日村古見1286","36.126359","137.863133"
"古見ふれあい親水広場","長野県朝日村古見1970","36.13652","137.865445"
"緑のコロシアム","長野県朝日村古見249-1","36.111808","137.832138"
"あさひプライムスキー場　駐車場","長野県朝日村古見306-1","36.115424","137.835105"
"鉢盛中学校　校庭","長野県朝日村古見3332-5","36.147353","137.882569"
"小野沢防災広場","長野県朝日村小野沢296-5","36.123555","137.866248"
"アイススケート場・駐車場","長野県朝日村針尾347","36.121698","137.861547"
"株式会社東京堂　クイックデリバリーセンター駐車場","長野県朝日村西洗馬1131-3","36.128471","137.890823"
"旧おひさま保育園　園庭","長野県朝日村西洗馬1590-1","36.121207","137.875143"
"西洗馬農村広場グラウンド","長野県朝日村西洗馬1709-1","36.11915","137.881143"
"朝日村運動広場","長野県朝日村大字古見1300-1","36.126097","137.864856"
"鉢盛中学校　体育館","長野県朝日村大字古見3332-5","36.147041","137.88387"
"鉢盛中学校","長野県朝日村大字古見3332-5","36.147061","137.883211"
"長野市立松ヶ丘小学校","長野県長野市安茂里小市2-20-1","36.626756","138.143378"
"安茂里体育館","長野県長野市安茂里小市3-27-11","36.622857","138.142656"
"長野市立下氷鉋小学校","長野県長野市稲里町下氷鉋50","36.60074","138.177053"
"長野市立広徳中学校","長野県長野市稲里町田牧1355-1","36.592566","138.172072"
"長野県長野南高等学校","長野県長野市稲里町田牧236-2","36.598716","138.177849"
"長野市立北部中学校","長野県長野市屋敷田389","36.682082","138.212604"
"美里集会所","長野県長野市鬼無里10817-1","36.694442","138.008395"
"小鬼無里公民館","長野県長野市鬼無里11493-3","36.689568","138.007017"
"松原公民館","長野県長野市鬼無里12615","36.679319","137.99147"
"鬼無里公民館両京分館","長野県長野市鬼無里13994-1","36.685702","137.967052"
"東京公民館","長野県長野市鬼無里14163-1","36.688401","137.966413"
"鬼無里屋内運動場","長野県長野市鬼無里147-8","36.678554","138.004836"
"鬼無里運動場","長野県長野市鬼無里150","36.679567","138.004057"
"鬼無里老人福祉センター","長野県長野市鬼無里160-3","36.680521","138.003091"
"鬼無里高齢者生活福祉センター","長野県長野市鬼無里160-4","36.68028","138.003488"
"新倉地区公民館","長野県長野市鬼無里2309-1","36.680638","138.013525"
"東町公民館","長野県長野市鬼無里2940","36.685573","138.008393"
"町区公民館","長野県長野市鬼無里309-3","36.682101","138.003653"
"上新倉公民館","長野県長野市鬼無里3694-2","36.684986","138.015366"
"大沢集会所","長野県長野市鬼無里4158-1","36.696938","138.022134"
"山大公民館","長野県長野市鬼無里4959-1","36.702034","138.027489"
"峯地区公民館","長野県長野市鬼無里5925","36.715073","138.036326"
"品沢高原体育館","長野県長野市鬼無里6770-17","36.732974","138.036547"
"上里健康スポーツセンター","長野県長野市鬼無里7395","36.712051","138.021991"
"鬼無里公民館上里分館","長野県長野市鬼無里7420-1","36.712192","138.022413"
"長野市立鬼無里小学校・鬼無里中学校","長野県長野市鬼無里77","36.678912","138.004758"
"財又公民館","長野県長野市鬼無里9294-1","36.703396","138.014306"
"坂屋公民館","長野県長野市鬼無里８６４３－イ","36.707607","138.018781"
"新井公民館","長野県長野市鬼無里８８２６－イ","36.706314","138.01866"
"裾花第一公民館","長野県長野市鬼無里日影10430-7","36.706167","137.956529"
"裾花第二公民館","長野県長野市鬼無里日影11023-3","36.715373","137.963551"
"鬼無里活性化センター","長野県長野市鬼無里日影2750-1","36.680181","138.001507"
"中区第一公民館","長野県長野市鬼無里日影3535-1","36.671869","137.996283"
"中区第二公民館","長野県長野市鬼無里日影4274","36.669925","137.993549"
"中区活性化センター","長野県長野市鬼無里日影4965-2","36.673246","137.992145"
"祖山集会場","長野県長野市鬼無里日影5046-1","36.673925","137.990055"
"共栄公民館","長野県長野市鬼無里日影5954-2","36.680863","137.982715"
"西京公民館","長野県長野市鬼無里日影6745-1","36.685926","137.964035"
"両京健康スポーツセンター","長野県長野市鬼無里日影6831","36.685684","137.965783"
"田之頭公民館","長野県長野市鬼無里日影8754-2","36.68739","137.941746"
"上平公民館","長野県長野市鬼無里日影891-5","36.673573","138.006925"
"長野県長野吉田高等学校第１グラウンド","長野県長野市吉田2-12-9","36.671246","138.214106"
"長野市立吉田小学校","長野県長野市吉田3-12-12","36.669368","138.221635"
"長野運動公園","長野県長野市吉田5-1-19","36.660903","138.231284"
"長野市立東部中学校","長野県長野市桐原2-8-1","36.664272","138.218558"
"長野県長野吉田高等学校戸隠分校","長野県長野市戸隠1491","36.727691","138.078933"
"戸隠交流促進施設（そばの里二番館）","長野県長野市戸隠1584","36.727486","138.077"
"宝光社振興館","長野県長野市戸隠2174-1","36.729359","138.076907"
"戸隠中社公会堂","長野県長野市戸隠3422-1","36.738837","138.085218"
"越水生活センター","長野県長野市戸隠3648-2","36.750186","138.085612"
"上楠川文化センター","長野県長野市戸隠870-1","36.726558","138.065508"
"下祖山公民館","長野県長野市戸隠祖山1055-1","36.668984","138.088406"
"下内振興館","長野県長野市戸隠祖山1717-1","36.669079","138.091699"
"坪山ふれあいセンター","長野県長野市戸隠祖山2424-3","36.662806","138.096638"
"土合生活改善センター","長野県長野市戸隠祖山270-1","36.67109","138.078412"
"ふるさとセンター","長野県長野市戸隠祖山31-1","36.671984","138.077975"
"上組公会堂","長野県長野市戸隠祖山5219-2","36.665561","138.061915"
"上祖山振興館","長野県長野市戸隠祖山5704-1","36.667367","138.057874"
"西部公会堂","長野県長野市戸隠祖山6999-2","36.670145","138.050376"
"今井公会堂","長野県長野市戸隠栃原1162","36.694838","138.067206"
"福平生活改善センター","長野県長野市戸隠栃原1912-4","36.689265","138.064057"
"倉平生活改善センター","長野県長野市戸隠栃原249-1","36.684914","138.076719"
"平多目的集会所","長野県長野市戸隠栃原2549-1","36.686797","138.069056"
"解藁神社（町組集会所）","長野県長野市戸隠栃原2710-1","36.688453","138.071451"
"清水集会所","長野県長野市戸隠栃原3103-2","36.682644","138.068715"
"柵運動場","長野県長野市戸隠栃原3391-2","36.677663","138.06789"
"志垣生活改善センター","長野県長野市戸隠栃原4144-2","36.673516","138.074334"
"戸隠体育館","長野県長野市戸隠栃原4788-2","36.676467","138.068202"
"長野市立戸隠公民館","長野県長野市戸隠栃原4789","36.676622","138.067546"
"五十土生活改善センター","長野県長野市戸隠栃原5276","36.685701","138.062534"
"笹原公会堂","長野県長野市戸隠栃原5983","36.687099","138.055429"
"田頭改善センター","長野県長野市戸隠栃原7084","36.681606","138.053024"
"西条公民館","長野県長野市戸隠栃原7532","36.68123","138.057991"
"追通生活改善センター","長野県長野市戸隠栃原8868-1","36.674551","138.053309"
"戸隠裾花デイサービスセンター","長野県長野市戸隠栃原9246-1","36.672181","138.048156"
"針立組集会所","長野県長野市戸隠栃原２０１９－ロ","36.691514","138.068228"
"中耕生活改善センター","長野県長野市戸隠豊岡10328-1","36.702179","138.101524"
"銚子口生活改善センター","長野県長野市戸隠豊岡10392-4","36.694451","138.105402"
"二条生活改善センター","長野県長野市戸隠豊岡1226-5","36.706429","138.08661"
"馬場生活改善センター","長野県長野市戸隠豊岡1521-2","36.703834","138.090827"
"長野市立戸隠小学校","長野県長野市戸隠豊岡1531","36.703385","138.088946"
"中央生活改善センター","長野県長野市戸隠豊岡1533-7","36.702892","138.088493"
"戸隠農村環境改善センター","長野県長野市戸隠豊岡1550-1","36.702242","138.088852"
"和沢生活改善センター","長野県長野市戸隠豊岡2251-4","36.702794","138.091846"
"中村公会堂","長野県長野市戸隠豊岡2488","36.702333","138.095591"
"長野市立戸隠中学校","長野県長野市戸隠豊岡2960","36.699767","138.093678"
"横道公会堂","長野県長野市戸隠豊岡3146-3","36.696378","138.088201"
"上楡木生活改善センター","長野県長野市戸隠豊岡3301-4","36.694999","138.08701"
"原生活改善センター","長野県長野市戸隠豊岡336-4","36.70881","138.09575"
"東原生活改善センター","長野県長野市戸隠豊岡4166","36.688993","138.096071"
"猿丸生活改善センター","長野県長野市戸隠豊岡4494-1","36.683715","138.096694"
"川下生活改善センター","長野県長野市戸隠豊岡4785","36.671759","138.098195"
"川手区活性化支援センター（川手記念館）","長野県長野市戸隠豊岡6054-2","36.675318","138.078288"
"日照田生活改善センター","長野県長野市戸隠豊岡6087-2","36.676747","138.079033"
"折橋公会堂","長野県長野市戸隠豊岡6985","36.688653","138.080002"
"下楠川生活改善センター","長野県長野市戸隠豊岡7541","36.707271","138.076692"
"西部区活性化促進センター","長野県長野市戸隠豊岡8254","36.701425","138.072794"
"奈良尾公会堂","長野県長野市戸隠豊岡9027","36.699227","138.071583"
"尾上生活改善センター","長野県長野市戸隠豊岡７７９－イ","36.711099","138.088478"
"母袋公会堂","長野県長野市戸隠豊岡９４７３－ロ","36.700799","138.066121"
"合戦場公園","長野県長野市合戦場2-17","36.580299","138.157575"
"長野県長野工業高等学校","長野県長野市差出南3-9-1","36.628175","138.174311"
"長野県長野商業高等学校","長野県長野市妻科243","36.655453","138.176317"
"三本柳中央公園","長野県長野市三本柳西1-71","36.618411","138.164014"
"長野市立三本柳小学校","長野県長野市三本柳東2-1","36.618651","138.166479"
"長野市立城東小学校","長野県長野市三輪6-14-30","36.657176","138.198145"
"長野市立三輪小学校","長野県長野市三輪8-3-2","36.662502","138.202806"
"三輪体育館","長野県長野市三輪8-43-17","36.664606","138.196861"
"長野県立大学三輪キャンパス","長野県長野市三輪8-49-7","36.665966","138.200529"
"美和公園","長野県長野市三輪8-50","36.666175","138.202268"
"教育支援センターＳａＳａＬＡＮＤ","長野県長野市七二会己14-4","36.611195","138.083113"
"長野市立七二会小学校","長野県長野市七二会丁220","36.627593","138.078741"
"旧七二会中学校","長野県長野市七二会丁227","36.628944","138.079122"
"長野市立塩崎小学校","長野県長野市篠ノ井塩崎3333","36.551027","138.115553"
"塩崎体育館","長野県長野市篠ノ井塩崎5268","36.55757","138.117652"
"篠ノ井体育館","長野県長野市篠ノ井岡田2059-1","36.585974","138.130848"
"篠ノ井中央公園","長野県長野市篠ノ井会716","36.573872","138.151762"
"長野俊英高等学校","長野県長野市篠ノ井御幣川1045","36.569841","138.144086"
"長野市立通明小学校","長野県長野市篠ノ井御幣川270","36.572008","138.138313"
"篠ノ井支所前","長野県長野市篠ノ井御幣川281-1","36.573278","138.138569"
"篠ノ井村山健康スポーツセンター","長野県長野市篠ノ井山布施8282","36.615543","138.095562"
"小松原体育館","長野県長野市篠ノ井小松原1056-2","36.614313","138.13578"
"専門学校　長野自動車大学校　北側校庭","長野県長野市篠ノ井小松原2240-1","36.600328","138.130357"
"長野市立共和小学校","長野県長野市篠ノ井小松原600","36.600452","138.136158"
"南部勤労青少年ホーム","長野県長野市篠ノ井小森578","36.576199","138.158287"
"長野市立篠ノ井東中学校","長野県長野市篠ノ井小森840","36.571687","138.156994"
"長野市立篠ノ井東小学校","長野県長野市篠ノ井東福寺1538","36.579361","138.177727"
"長野県消防学校","長野県長野市篠ノ井東福寺2375-1","36.57114","138.175073"
"南長野運動公園","長野県長野市篠ノ井東福寺320","36.580535","138.167282"
"長野市立篠ノ井西小学校","長野県長野市篠ノ井二ツ柳488","36.57241","138.125561"
"長野市立篠ノ井西中学校","長野県長野市篠ノ井布施五明380","36.577081","138.132626"
"長野県篠ノ井高等学校","長野県長野市篠ノ井布施高田1161-2","36.583321","138.141572"
"長野県更級農業高等学校","長野県長野市篠ノ井布施高田200","36.578319","138.150544"
"長野市立信里小学校","長野県長野市篠ノ井有旅3692","36.590232","138.102025"
"長野市立川田小学校","長野県長野市若穂川田2020","36.603729","138.241006"
"若穂中央公園","長野県長野市若穂川田427-1","36.606822","138.25029"
"長野市立若穂中学校","長野県長野市若穂川田503","36.605168","138.250859"
"長野市立保科小学校","長野県長野市若穂保科2646","36.587183","138.265525"
"長野市立綿内小学校","長野県長野市若穂綿内6656","36.622082","138.261572"
"若里公園","長野県長野市若里1-1-50","36.634952","138.187804"
"信州大学工学部運動場","長野県長野市若里4-17-1","36.629699","138.188467"
"川中島古戦場史跡公園","長野県長野市小島田町1384-1","36.590271","138.18795"
"長野市立寺尾小学校","長野県長野市松代町柴260","36.592264","138.199481"
"長野市立松代小学校","長野県長野市松代町松代205-1","36.563752","138.195209"
"長野市立松代中学校","長野県長野市松代町松代207","36.568677","138.199099"
"松代城公園","長野県長野市松代町松代35","36.565978","138.196197"
"旧清野小学校","長野県長野市松代町清野64","36.56234","138.174313"
"青垣公園","長野県長野市松代町西条3837","36.553717","138.202533"
"松代体育館","長野県長野市松代町西条3838","36.553052","138.202787"
"長野市立西条小学校","長野県長野市松代町西条4","36.549017","138.199337"
"長野県松代高等学校","長野県長野市松代町西条4065","36.554567","138.205502"
"長野県農業大学校","長野県長野市松代町大室3700","36.584391","138.221426"
"長野市立東条小学校","長野県長野市松代町東条2427","36.562349","138.212726"
"長野市立豊栄小学校","長野県長野市松代町豊栄2787","36.542978","138.230329"
"長野県長野高等学校グラウンド","長野県長野市上松1-16-12","36.66986","138.198785"
"長野市立湯谷小学校","長野県長野市上松4-28-38","36.674693","138.202634"
"文化学園長野中学・高等学校グラウンド","長野県長野市上千田141","36.632917","138.202811"
"昭和の森公園","長野県長野市上野2-120-13","36.68532","138.235277"
"昭和の森公園フィットネスセンター","長野県長野市上野2-120-13","36.685375","138.234867"
"星空の郷たかの（／信更公民館分室）","長野県長野市信更町高野1590","36.548722","138.034917"
"長野市信更公民館分室（／星空の郷たかの）","長野県長野市信更町高野1590","36.54874","138.034848"
"旧更府小学校","長野県長野市信更町上尾2200","36.581313","138.056605"
"旧信更小学校","長野県長野市信更町田野口1082","36.562884","138.077027"
"長野市立信更中学校","長野県長野市信更町氷ノ田3273","36.571175","138.0683"
"本村公民館","長野県長野市信州新町越道1111","36.596542","137.99857"
"万福寺","長野県長野市信州新町越道477","36.592606","138.001491"
"長野県篠ノ井高等学校犀峡校","長野県長野市信州新町下市場70","36.56209","137.993586"
"下中山生活改善センター","長野県長野市信州新町弘崎1857-1","36.53981","137.988331"
"枌の木公民館","長野県長野市信州新町山上条3183-2","36.595957","138.015612"
"峰組公民館","長野県長野市信州新町山上条6400-2","36.593891","138.023887"
"津和コミュニティーセンター","長野県長野市信州新町山上条１３７６－イ","36.582183","137.999822"
"南部構造改善センター","長野県長野市信州新町山穂刈6069-1","36.577075","137.982042"
"信級公民館","長野県長野市信州新町信級1261","36.553153","137.942287"
"信州新町運動場","長野県長野市信州新町新町1000-1","36.567447","138.007619"
"信州新町体育館","長野県長野市信州新町新町1000-1","36.567558","138.006694"
"長野市立信州新町中学校","長野県長野市信州新町新町1006","36.56609","138.006683"
"長野市立信州新町小学校","長野県長野市信州新町新町630-1","36.571454","138.009492"
"水内公民館","長野県長野市信州新町水内3718-2","36.577305","138.048122"
"竹房交流センター","長野県長野市信州新町竹房1025-1","36.56559","138.01316"
"信州新町信州犀川交流センター","長野県長野市信州新町日原西2287","36.548818","137.974316"
"牧郷研修センター","長野県長野市信州新町牧田中2195-3","36.550444","137.997018"
"牧野島公民館","長野県長野市信州新町牧野島167-2","36.560889","138.000553"
"信州新町保育園","長野県長野市信州新町里穂刈423-1","36.567885","138.001781"
"長野市立西部中学校","長野県長野市新諏訪1-4-1","36.657533","138.174453"
"長野市立真島小学校","長野県長野市真島町真島1425","36.606249","138.208821"
"アクアパル千曲運動広場","長野県長野市真島町川合1060-1","36.611139","138.221118"
"信州大学教育学部グラウンド","長野県長野市西長野６の口","36.65736","138.179801"
"和田公園","長野県長野市西和田2-26-1","36.657469","138.21648"
"長野市立青木島小学校","長野県長野市青木島町大塚1394","36.613352","138.185072"
"長野市立更北中学校","長野県長野市青木島町大塚51","36.605031","138.191945"
"ドリームモータースクール昭和","長野県長野市川中島町原639","36.583781","138.151077"
"御厨公園","長野県長野市川中島町御厨562","36.593261","138.162996"
"長野市立川中島中学校","長野県長野市川中島町今井1360","36.601878","138.152793"
"川中島町公民館","長野県長野市川中島町今井1762-1","36.599135","138.156775"
"長野市立昭和小学校","長野県長野市川中島町今井1865","36.591753","138.153313"
"川中島体育館","長野県長野市川中島町上氷鉋17-1","36.604795","138.155592"
"長野市立川中島小学校","長野県長野市川中島町上氷鉋172","36.609532","138.15218"
"氷鉋公園","長野県長野市川中島町上氷鉋747-1","36.609486","138.162317"
"長野市立浅川小学校","長野県長野市浅川東条337","36.681896","138.203861"
"和平地区センター","長野県長野市大岡乙1630","36.51506","137.977974"
"大岡文化センター（大岡公民館）","長野県長野市大岡乙252-1","36.506195","137.988514"
"根越地区センター","長野県長野市大岡乙5494","36.495661","137.959943"
"中部地区センター","長野県長野市大岡乙793-3","36.50279","137.978694"
"健大岡神社","長野県長野市大岡甲4731","36.532852","137.967196"
"四ヶ村地区センター","長野県長野市大岡甲6945-2","36.521179","137.982681"
"大岡活性化センター","長野県長野市大岡甲7626-1","36.516641","137.991636"
"中牧地区センター","長野県長野市大岡中牧1172-1","36.522251","138.009534"
"笹久地区センター","長野県長野市大岡丙3366","36.47691","137.978205"
"芦ノ尻地区センター","長野県長野市大岡丙4080","36.488261","137.976013"
"犀川緑地","長野県長野市大字安茂里","36.624823","138.176098"
"長野市立安茂里小学校","長野県長野市大字安茂里1158","36.639036","138.170929"
"裾花体育館","長野県長野市大字安茂里1778-1","36.63681","138.17242"
"長野市立裾花中学校","長野県長野市大字安茂里2069","36.633788","138.17594"
"長野市立古里小学校","長野県長野市大字金箱439-2","36.676556","138.245841"
"長野市立芹田小学校","長野県長野市大字栗田16-2","36.633304","138.19959"
"長野駅東口公園","長野県長野市大字栗田2121","36.641538","138.191776"
"清泉大学・清泉大学短期大学部　長野駅東口キャンパス　１階テラス・２階ロビー","長野県長野市大字栗田2277","36.64327","138.1907"
"上高田南向塚公園","長野県長野市大字高田1220-1","36.639296","138.211629"
"長野市立三陽中学校","長野県長野市大字高田1607","36.644346","138.226521"
"長野市立緑ケ丘小学校","長野県長野市大字高田2281","36.640665","138.223369"
"三重公園","長野県長野市大字高田487","36.65015","138.212508"
"長野市立古牧小学校","長野県長野市大字高田619-2","36.647606","138.218718"
"長野市立櫻ケ岡中学校","長野県長野市大字高田932","36.644847","138.204702"
"長野市立芋井小学校","長野県長野市大字桜600-6","36.679172","138.149327"
"旧芋井中学校","長野県長野市大字桜600-6","36.678405","138.14951"
"北部スポーツ・レクリエーションパーク","長野県長野市大字三才1981-1","36.689319","138.242867"
"長野市立柳町中学校","長野県長野市大字三輪1252","36.655754","138.198274"
"旧小田切小学校（青少年錬成センター分館）","長野県長野市大字山田中2574","36.644049","138.118963"
"長野市立若槻小学校","長野県長野市大字若槻東条810","36.686086","138.224546"
"長野市立柳原小学校","長野県長野市大字小島702","36.665368","138.254344"
"アソビーバナガノパーク","長野県長野市大字上ケ屋2471-79","36.701281","138.135943"
"長野市立加茂小学校","長野県長野市大字西長野185-6","36.657511","138.17646"
"長野市立犀陵中学校","長野県長野市大字川合新田202-1","36.624249","138.211426"
"長野市立東北中学校","長野県長野市大字大町945","36.676621","138.259691"
"長野市立大豆島小学校","長野県長野市大字大豆島1004-2","36.631686","138.227314"
"大豆島公民館","長野県長野市大字大豆島1054-1","36.631364","138.225322"
"大豆島公園","長野県長野市大字大豆島1063-1","36.632318","138.226392"
"大豆島体育館","長野県長野市大字大豆島1144-1","36.633606","138.228386"
"長野県長野東高等学校","長野県長野市大字大豆島2743-1","36.639212","138.244348"
"東部浄化センター４階会議室","長野県長野市大字大豆島4330","36.629503","138.240904"
"長野市立山王小学校","長野県長野市大字中御所30-1","36.646951","138.181107"
"ひまわり公園","長野県長野市大字長野旭町1108-10","36.654706","138.182414"
"長野市立城山小学校","長野県長野市大字長野東之門町404-1","36.659748","138.189108"
"長野市立長沼小学校","長野県長野市大字津野191","36.688753","138.267007"
"長野市立南部小学校","長野県長野市大字鶴賀550-1","36.640657","138.200667"
"教育センター","長野県長野市大字鶴賀550-2","36.641302","138.199274"
"長野市立鍋屋田小学校","長野県長野市大字鶴賀上千歳町1365-2","36.649964","138.189519"
"セントラルスクゥエア","長野県長野市大字鶴賀問御所町1307-1","36.65192","138.18772"
"長野市芸術館","長野県長野市大字鶴賀緑町1613","36.648524","138.195449"
"多目的（防災）広場","長野県長野市大字鶴賀緑町1613","36.648678","138.194155"
"長野日本大学中学・高等学校第１グラウンド","長野県長野市大字東和田字中道253-3","36.657891","138.222222"
"長野市立長野中学校・高等学校","長野県長野市大字徳間1133","36.680362","138.235009"
"長野市立徳間小学校","長野県長野市大字徳間570","36.676402","138.227814"
"長野工業高等専門学校グラウンド","長野県長野市大字徳間716","36.676903","138.233895"
"後町ホール（中部公民館分室）","長野県長野市大字南長野西後町614-1","36.651829","138.185672"
"長野県立大学後町キャンパス運動場","長野県長野市大字南長野西後町614-1","36.652216","138.185145"
"信州大学教育学部附属長野中学校","長野県長野市大字南堀109","36.663671","138.246195"
"信州大学教育学部附属長野小学校","長野県長野市大字南堀77-1","36.663211","138.248864"
"長野市立芋井小学校第一分校（休校中）","長野県長野市大字入山753","36.679641","138.120348"
"穂保高台避難公園","長野県長野市大字穂保573-1","36.683994","138.264947"
"長野市立朝陽小学校","長野県長野市大字北長池1406","36.653145","138.24291"
"長野市オリンピック記念アリーナ　（エムウェーブ）","長野県長野市大字北長池195","36.641325","138.240797"
"長野市立裾花小学校","長野県長野市中御所5-6-1","36.631826","138.18109"
"宮遺跡公園","長野県長野市中条2097-1","36.606233","138.029681"
"中央区分館","長野県長野市中条2105-1","36.606588","138.030057"
"長野市立中条中学校","長野県長野市中条2328","36.6062","138.033479"
"中条体育館","長野県長野市中条2328-2","36.606752","138.033935"
"長野県長野西高等学校中条校","長野県長野市中条2378-1","36.607564","138.034677"
"中条交流センター","長野県長野市中条2383-1","36.607079","138.034277"
"長野市立中条小学校","長野県長野市中条2770","36.609872","138.031674"
"中央区月夜棚生活センター","長野県長野市中条4134-1","36.613603","138.032023"
"田の入公民館","長野県長野市中条御山里4120-1","36.62681","138.019263"
"旧御山里小学校","長野県長野市中条御山里6671-1","36.635018","138.016138"
"伊折区太田公民館","長野県長野市中条御山里7713-1","36.640592","138.01066"
"伊折区新井公民館","長野県長野市中条御山里8947","36.636145","138.00484"
"地京原振興館","長野県長野市中条御山里988-1","36.63449","138.025482"
"道の駅「中条」ふるさと広場","長野県長野市中条住良木1704","36.603757","138.015664"
"峰奈良井生活センター","長野県長野市中条住良木4292","36.625375","138.006096"
"青木農業振興館","長野県長野市中条住良木501","36.606854","138.022452"
"鳥々見生活センター","長野県長野市中条住良木5732-1","36.615753","138.005878"
"大野生活センター（大野公民館）","長野県長野市中条住良木6903","36.606487","138.006157"
"住良木団地公民館","長野県長野市中条住良木8383-2","36.605244","138.010566"
"田頭生活センター（田頭公民館）","長野県長野市中条住良木8981-1","36.607121","138.013002"
"里原生活センター","長野県長野市中条住良木9901","36.615744","138.01668"
"奈良井会館","長野県長野市中条住良木４４６３－イ","36.619781","138.005406"
"念仏寺生活センター","長野県長野市中条日下野3198-3","36.641248","138.054642"
"中条地域振興施設やきもち家","長野県長野市中条日下野5286-1","36.643299","138.038931"
"中内公民館","長野県長野市中条日下野670-2","36.624814","138.049272"
"下条生活センター","長野県長野市中条日下野7558","36.627672","138.04018"
"五十里ふれあいセンター","長野県長野市中条日高1529-1","36.61298","138.057503"
"下長井公民館","長野県長野市中条日高3291-1","36.604166","138.050866"
"中長井振興館","長野県長野市中条日高3716-2","36.607036","138.045082"
"中条老人福祉センター","長野県長野市中条日高3964-2","36.611977","138.040764"
"上長井支館（上長井生活センター）","長野県長野市中条日高5637-2","36.597382","138.034515"
"県庁本館北側広場（憩いの広場）","長野県長野市南長野字幅下692-2","36.650813","138.181397"
"城山公園","長野県長野市箱清水1-7-1","36.662208","138.19019"
"長野県長野西高等学校","長野県長野市箱清水3-8-5","36.664986","138.183551"
"豊野東部地区集会所","長野県長野市豊野町蟹沢2758","36.721635","138.304493"
"長野市立豊野西小学校","長野県長野市豊野町石1880","36.708908","138.263296"
"長野市立豊野東小学校","長野県長野市豊野町大倉2213","36.728176","138.293605"
"豊野防災交流センター","長野県長野市豊野町豊野426-28","36.708659","138.276983"
"豊野体育館","長野県長野市豊野町豊野624","36.712319","138.281695"
"長野市立豊野中学校","長野県長野市豊野町豊野814","36.712741","138.282392"
"長野県長野盲学校","長野県長野市北尾張部321","36.656353","138.238711"
"坂部文化伝承館庭","長野県天龍村神原2067-2","35.222373","137.823249"
"向方老人憩いの家庭","長野県天龍村神原3892","35.245857","137.788322"
"どんぐり向方学園校庭","長野県天龍村神原3974","35.246431","137.785733"
"大河内多目的集会施設駐車場","長野県天龍村神原4898","35.231914","137.750623"
"飯伊森林組合南部支所天龍事務所庭","長野県天龍村神原569","35.261877","137.828022"
"松島独身住宅駐車場","長野県天龍村長島313","35.276705","137.848572"
"なんでも館駐車場","長野県天龍村平岡1234-2","35.274881","137.853626"
"平岡駅前駐車場","長野県天龍村平岡1289-30","35.274228","137.85324"
"天龍小学校校庭","長野県天龍村平岡475-1","35.280758","137.856291"
"天龍保育所園庭","長野県天龍村平岡618","35.279153","137.856034"
"出場構造改善センター","長野県東御市鞍掛1184","36.365761","138.363682"
"東御中央公園武道館","長野県東御市鞍掛167","36.362594","138.348858"
"東御中央公園芝生広場","長野県東御市鞍掛177-2","36.36336","138.349787"
"東御中央公園第一体育館","長野県東御市鞍掛177-2","36.362296","138.347568"
"金井公民館","長野県東御市鞍掛633","36.357662","138.35585"
"リードリーくらかけコミュニティーセンター","長野県東御市鞍掛942-55","36.361809","138.364994"
"羽毛山コミュニティーセンター","長野県東御市羽毛山336-1","36.346878","138.336491"
"羽毛山団地集会所","長野県東御市羽毛山717-1","36.349697","138.333903"
"宮公民館","長野県東御市下之城110-1","36.30386","138.345683"
"田之尻公民館","長野県東御市下之城324-5","36.308639","138.344797"
"生きがい交流センター","長野県東御市下之城45-6","36.300414","138.348118"
"本下之城集落センター","長野県東御市下之城457-5","36.314159","138.346112"
"八反田公民館","長野県東御市下之城625-9","36.317806","138.346137"
"切久保集落センター","長野県東御市下之城779-6","36.322441","138.345391"
"北御牧中学校","長野県東御市下之城947","36.32511","138.341247"
"ふれあい体育館","長野県東御市下之城962-3","36.324398","138.340669"
"青年研修センター","長野県東御市下之城962-5","36.323344","138.341238"
"北御牧グラウンド","長野県東御市下之城965-1","36.323651","138.340239"
"北御牧体育館","長野県東御市下之城978-1","36.324696","138.340302"
"加沢公民館","長野県東御市加沢1206-1","36.353279","138.348033"
"原公園","長野県東御市加沢1409-105","36.353233","138.352423"
"仲よし公園","長野県東御市海善寺1069-1","36.369625","138.319814"
"和小学校","長野県東御市海善寺1244-1","36.380077","138.325354"
"海善寺北公民館","長野県東御市海善寺741-6","36.37075","138.321091"
"海善寺公民館","長野県東御市海善寺834-2","36.367902","138.32195"
"日向が丘ひだまりの園","長野県東御市海善寺854-22","36.365522","138.319502"
"日向が丘公民館","長野県東御市海善寺854-90","36.36703","138.318524"
"県営日向が丘団地集会所","長野県東御市海善寺854-91","36.368184","138.318152"
"田中児童館","長野県東御市県109","36.358796","138.326634"
"田中公園","長野県東御市県147","36.35708","138.329658"
"あがた御膳水公園","長野県東御市県192-10","36.359377","138.335048"
"東御清翔高等学校","長野県東御市県276","36.359472","138.33261"
"市民交流広場","長野県東御市県281-2","36.358854","138.330846"
"東部子育て支援センター","長野県東御市県282-2","36.359138","138.331184"
"東部人権啓発センター","長野県東御市県288-3","36.358466","138.330982"
"中央公民館","長野県東御市県288-4","36.358586","138.331784"
"県公民館","長野県東御市県381-1","36.361806","138.3304"
"田中小学校","長野県東御市県71-2","36.358844","138.32445"
"菖蒲沢団地公園","長野県東御市御牧原1130-3","36.31106","138.369417"
"北部区公民館","長野県東御市御牧原1404-1","36.309898","138.366662"
"南部農村公園","長野県東御市御牧原716","36.297924","138.374795"
"南部公民館","長野県東御市御牧原730","36.298626","138.375802"
"乙女平山公園","長野県東御市滋野736-240","36.354608","138.358603"
"乙女平公民館","長野県東御市滋野736-243","36.354033","138.358311"
"王子平公民館","長野県東御市滋野乙1621","36.351771","138.356863"
"大石農村広場","長野県東御市滋野乙1872-1","36.354699","138.36371"
"滋野保育園","長野県東御市滋野乙2023-1","36.350965","138.369036"
"大石公民館","長野県東御市滋野乙2331-3","36.350407","138.366058"
"中屋敷公民館","長野県東御市滋野乙2923-1","36.349687","138.374047"
"滋野コミュニティーセンター","長野県東御市滋野乙2962","36.345013","138.374441"
"滋野小学校","長野県東御市滋野乙2966-3","36.346361","138.373529"
"片羽区公民館","長野県東御市滋野乙3104-1","36.344921","138.374982"
"原口農村広場","長野県東御市滋野乙3410-1","36.358619","138.384075"
"原口公民館","長野県東御市滋野乙3967-5","36.357188","138.379426"
"別府公民館","長野県東御市滋野乙4641-5","36.358459","138.3677"
"別府公園","長野県東御市滋野乙4675-1","36.359757","138.366621"
"滋野児童館","長野県東御市滋野乙507-7","36.346415","138.3667"
"桜井公民館","長野県東御市滋野乙605-1","36.343519","138.364152"
"赤岩公民館","長野県東御市滋野甲1970","36.341014","138.374631"
"聖公民館","長野県東御市滋野甲4175-2","36.370745","138.39644"
"伊豆宮公園","長野県東御市常田142-1","36.354755","138.342934"
"伊勢原公民館","長野県東御市常田222-56","36.360385","138.345602"
"東部中学校","長野県東御市常田300-2","36.358724","138.342619"
"文化会館サンテラスホール","長野県東御市常田505-1","36.357059","138.341527"
"新屋公民館","長野県東御市新屋98-2","36.36564","138.33893"
"新張青少年広場","長野県東御市新張1123-6","36.364147","138.369476"
"新張公民館","長野県東御市新張1125","36.363494","138.369468"
"湯の丸高原ビジターセンター","長野県東御市新張1269","36.42662","138.419272"
"奈良原青少年広場","長野県東御市新張2085","36.395189","138.392562"
"奈良原公民館","長野県東御市新張2544-2","36.395328","138.391206"
"横堰公民館","長野県東御市新張690-1","36.382546","138.383615"
"北御牧保育園","長野県東御市大日向102","36.328872","138.343148"
"大日向集落センター","長野県東御市大日向174","36.329175","138.344748"
"北御牧公民館","長野県東御市大日向337","36.332208","138.346314"
"みまき未来館","長野県東御市大日向338-1","36.331961","138.345647"
"光ヶ丘集会所","長野県東御市大日向440-21","36.333688","138.347436"
"北御牧小学校","長野県東御市大日向623","36.332313","138.348219"
"常田公民館","長野県東御市田中135-1","36.356046","138.335139"
"ゆうふるｔａｎａｋａ","長野県東御市田中278-18","36.354069","138.330609"
"田町公園","長野県東御市田中35-4","36.356294","138.327625"
"田中保育園","長野県東御市田中459-2","36.352961","138.330698"
"城ノ前公民館","長野県東御市田中590-85","36.352678","138.335888"
"長野救命医療専門学校","長野県東御市田中66-1","36.357191","138.332892"
"城ノ前公園","長野県東御市田中800-46","36.351486","138.339174"
"田中公民館","長野県東御市田中97-2","36.356281","138.331658"
"島川原農業生活改善施設","長野県東御市島川原265","36.338931","138.356396"
"祢津小学校","長野県東御市祢津1009","36.369082","138.354476"
"祢津保育園","長野県東御市祢津1262","36.370773","138.352745"
"西宮公民館","長野県東御市祢津2144-1","36.37443","138.350469"
"西宮公園","長野県東御市祢津2275","36.377025","138.350411"
"姫子沢公民館","長野県東御市祢津2938-1","36.381401","138.344709"
"祢津南公民館","長野県東御市祢津300-71","36.366888","138.35513"
"滝ノ沢集会所","長野県東御市祢津493-2","36.381348","138.373862"
"東町公民館","長野県東御市祢津901-1","36.372225","138.354097"
"祢津児童館","長野県東御市祢津917-4","36.37117","138.352948"
"祢津公民館","長野県東御市祢津917-4","36.3716","138.352661"
"中八重原コミュニティー広場","長野県東御市八重原1439-1","36.313894","138.321271"
"中八重原生活改善センター","長野県東御市八重原1441-1","36.314091","138.321305"
"芸術むら公園","長野県東御市八重原1806-1","36.323206","138.32312"
"明神館","長野県東御市八重原1806-1","36.325261","138.32511"
"旧山崎公民館","長野県東御市八重原1884-1","36.323233","138.329493"
"田楽平公民館","長野県東御市八重原2-576","36.311934","138.297409"
"北御牧人権啓発センター","長野県東御市八重原2813-1","36.333305","138.340131"
"下八重原生活改善センター","長野県東御市八重原2916-1","36.333307","138.332772"
"白樺団地公園","長野県東御市八重原3533-1050","36.333306","138.320881"
"白樺公民館","長野県東御市八重原3533-1110","36.334967","138.321636"
"白水グラウンド","長野県東御市八重原3533-47","36.323888","138.314349"
"芸術むら公民館","長野県東御市八重原3533-646","36.326676","138.320468"
"上八重原公民館","長野県東御市八重原523-2","36.317969","138.308245"
"布下公民館","長野県東御市布下315-1","36.337649","138.365708"
"御牧乃湯","長野県東御市布下35-4","36.335101","138.359965"
"常満団地集会所","長野県東御市布下430-59","36.334445","138.371981"
"海野宿ふれあいセンター","長野県東御市本海野1125-1","36.360781","138.31601"
"白鳥台遊園地","長野県東御市本海野1496-145","36.364422","138.318236"
"白鳥台公民館","長野県東御市本海野1496-66","36.36418","138.317701"
"海野宿囲炉裏の家","長野県東御市本海野461-1","36.364856","138.304723"
"不動公園","長野県東御市和1654-2","36.367277","138.315006"
"曽根公民館","長野県東御市和1846","36.372082","138.311514"
"西深井農村広場","長野県東御市和201-7","36.37618","138.299063"
"大川公民館","長野県東御市和2613-1","36.379662","138.321461"
"和コミュニティーセンター","長野県東御市和2628","36.379878","138.323274"
"栗林公民館","長野県東御市和3419-1","36.379795","138.316244"
"湯楽里館","長野県東御市和3875","36.386966","138.318346"
"西深井公民館","長野県東御市和395-1","36.376555","138.300072"
"田沢農村公園","長野県東御市和4858-3","36.390805","138.326945"
"田沢公民館","長野県東御市和5145","36.391888","138.335948"
"西入集会所","長野県東御市和6710-2","36.39807","138.347603"
"大田区休養村とうぶ多目的グラウンド","長野県東御市和6714-1","36.399392","138.350143"
"東入集会所","長野県東御市和6739-6","36.403315","138.357798"
"東深井公民館","長野県東御市和715-1","36.376312","138.30624"
"東上田公民館","長野県東御市和7563-1","36.377513","138.33451"
"東上田運動広場","長野県東御市和7622-2","36.377383","138.335794"
"和児童館","長野県東御市和7999-3","36.379482","138.324499"
"和保育園","長野県東御市和8017-2","36.379344","138.327364"
"寺坂団地公園","長野県東御市和8333-119","36.373459","138.33188"
"寺坂コミュニティーセンター","長野県東御市和8333-65","36.373618","138.330027"
"東上田井高公園","長野県東御市和8482-1","36.369684","138.332558"
"第八区民広場","長野県南相木村1230-3","36.048847","138.527861"
"祝平公民館駐車場","長野県南相木村2286-2","36.043244","138.535776"
"祝平区民広場","長野県南相木村2345","36.043313","138.535762"
"南相木小学校校庭","長野県南相木村2904","36.042402","138.538395"
"南相木村村営駐車場","長野県南相木村3516-1","36.035644","138.546763"
"南相木村公民館駐車場","長野県南相木村4435","36.03405","138.54969"
"地域ふれあい交流館「工房あいき」駐車場","長野県南相木村4500","36.035477","138.547945"
"南相木村総合グラウンド","長野県南相木村5418","36.028647","138.555953"
"栗生川区民広場","長野県南相木村5439","36.031166","138.55501"
"三川区民広場","長野県南相木村5872-2","36.005481","138.592628"
"立原区民広場","長野県南相木村6350-10","36.009933","138.568089"
"南牧中学校校庭","長野県南牧村大字海ノ口1183","36.015999","138.489398"
"市場農村広場","長野県南牧村大字海ノ口2095","36.000169","138.500535"
"南牧北小学校校庭","長野県南牧村大字海ノ口804","36.0221","138.489232"
"南牧保育園園庭","長野県南牧村大字海尻1131","36.035865","138.475159"
"海尻農村広場","長野県南牧村大字海尻1131-9","36.035985","138.474867"
"広瀬交流促進センター（まなびや）前庭","長野県南牧村大字広瀬126","36.005255","138.517856"
"野辺山保育園園庭","長野県南牧村大字板橋1006-4","35.959967","138.476"
"南牧南小学校校庭","長野県南牧村大字板橋988-2","35.968768","138.479134"
"平沢農村広場","長野県南牧村大字平沢208","35.917729","138.450396"
"野辺山駅前駐車場","長野県南牧村大字野辺山107-5","35.955389","138.473517"
"南牧総合グラウンド","長野県南牧村大字野辺山79-2","35.956979","138.472143"
"久保児童公園","長野県南箕輪村1158-1","35.892981","137.980369"
"北原公民館駐車場","長野県南箕輪村1630-159","35.894666","137.964816"
"大泉唐松公園","長野県南箕輪村1729-1","35.886229","137.964502"
"西部保育園庭","長野県南箕輪村1815-1","35.885721","137.962392"
"たけのこ園駐車場","長野県南箕輪村1815-4","35.885412","137.962795"
"大泉第２公民館駐車場","長野県南箕輪村1822-5","35.88509","137.96373"
"大泉児童公園","長野県南箕輪村1967-1","35.882131","137.962725"
"大芝公園内駐車場（道の駅大芝高原駐車場）","長野県南箕輪村2358-5","35.887735","137.943493"
"大芝公民館駐車場","長野県南箕輪村2380-271","35.881738","137.951709"
"北部保育園庭","長野県南箕輪村279","35.889225","137.982958"
"南箕輪中学校第２グランド","長野県南箕輪村3087-1","35.875625","137.972645"
"南箕輪中学校第１グランド","長野県南箕輪村3155-1","35.876703","137.976378"
"北殿公民館駐車場","長野県南箕輪村3163-2","35.876077","137.979091"
"中部保育園駐車場及びグランド","長野県南箕輪村3182-2","35.878216","137.976214"
"南箕輪小学校校庭","長野県南箕輪村4796","35.873732","137.978518"
"南箕輪村役場駐車場","長野県南箕輪村4840-1","35.87231","137.97494"
"塩ノ井公民館庭","長野県南箕輪村583","35.884644","137.979668"
"田畑公民館駐車場","長野県南箕輪村6631-7","35.864295","137.975637"
"田畑児童公園","長野県南箕輪村6761","35.865465","137.975401"
"中込公民館","長野県南箕輪村724-138","35.887307","137.978526"
"神子柴公園","長野県南箕輪村7257-1","35.859879","137.96899"
"神子柴公民館駐車場","長野県南箕輪村7283-2","35.859497","137.970223"
"信州大学農学部グランド","長野県南箕輪村8304-1","35.867933","137.933611"
"南部小学校校庭","長野県南箕輪村8306-986","35.859915","137.937804"
"神子柴西部集会所庭","長野県南箕輪村9008-2","35.861262","137.944767"
"上伊那農業高等学校校庭","長野県南箕輪村9110-1","35.85641","137.949223"
"沢尻コミュニティセンター駐車場","長野県南箕輪村9475-1","35.854621","137.944039"
"久保コミュニティセンター駐車場","長野県南箕輪村951-1","35.89376","137.982997"
"南原グランド","長野県南箕輪村9645-8","35.857047","137.931389"
"南原コミュニティーセンター駐車場","長野県南箕輪村9648-2","35.857987","137.930572"
"蘭分館","長野県南木曽町吾妻3392","35.56022","137.62741"
"蘭社会教育施設","長野県南木曽町吾妻3859-39","35.558607","137.632679"
"広瀬分館","長野県南木曽町吾妻4539-1","35.5595","137.656073"
"南木曽会館","長野県南木曽町吾妻52-4","35.589349","137.596613"
"妻籠町並み交流センター","長野県南木曽町吾妻610","35.575747","137.596107"
"田立社会教育施設","長野県南木曽町田立1349-1","35.590973","137.550497"
"田立分館","長野県南木曽町田立1381-2","35.590119","137.550975"
"北部分館","長野県南木曽町読書2487-2","35.638596","137.611795"
"三留野分館","長野県南木曽町読書3772-1","35.605349","137.610766"
"与川分館","長野県南木曽町読書873-3","35.634237","137.639377"
"三日市場公民館","長野県白馬村大字神城11730","36.647598","137.861995"
"堀之内コミュニティセンター","長野県白馬村大字神城17625-2","36.650685","137.861676"
"飯田交流センター","長野県白馬村大字神城23277-2","36.657953","137.852305"
"飯森公民館前","長野県白馬村大字神城25393-1","36.668672","137.846528"
"スノーハープ","長野県白馬村大字神城3003","36.634416","137.857582"
"貞麟寺","長野県白馬村大字神城6482","36.640068","137.839597"
"グリーンスポーツ駐車場","長野県白馬村大字北城1-2","36.680092","137.854402"
"ザ・ビッグ白馬店","長野県白馬村大字北城1007","36.686084","137.857298"
"新田公民館","長野県白馬村大字北城11018","36.714415","137.86863"
"切久保公民館","長野県白馬村大字北城12193-2","36.717586","137.86196"
"北部グラウンド","長野県白馬村大字北城12867-36","36.707018","137.872742"
"森上基幹センター","長野県白馬村大字北城12867-8","36.70746","137.86846"
"塩島基幹センター","長野県白馬村大字北城13030-2","36.71145","137.8766"
"落倉公民館","長野県白馬村大字北城14920-116","36.734052","137.869815"
"協和ウィング白馬","長野県白馬村大字北城2066","36.692399","137.862445"
"白馬中学校","長野県白馬村大字北城2180","36.69255","137.859288"
"旧瑞穂体育館跡地","長野県白馬村大字北城3020-121","36.691797","137.844821"
"瑞穂生活改善施設","長野県白馬村大字北城3020-29","36.695343","137.847061"
"八方口公民館","長野県白馬村大字北城5502","36.69667","137.856982"
"八方文化会館","長野県白馬村大字北城5732-2","36.702163","137.846162"
"八方第５駐車場","長野県白馬村大字北城6645-1","36.703159","137.846319"
"白馬村役場駐車場","長野県白馬村大字北城7025","36.698193","137.862749"
"大出生活改善施設","長野県白馬村大字北城7128-2","36.69732","137.868161"
"ふれあいの杜駐車場","長野県白馬村大字北城9305-1","36.70669","137.84648"
"芋川防災センター","長野県飯綱町大字芋川1531-2","36.774445","138.258385"
"飯綱町立牟礼小学校","長野県飯綱町大字黒川1584-1","36.751952","138.230298"
"赤東コミュニティ消防センター","長野県飯綱町大字赤塩2476","36.767059","138.284582"
"いいづなコネクトＥＡＳＴ（旧三水第二小学校）","長野県飯綱町大字赤塩2489","36.767916","138.285171"
"いいづなコネクトＷＥＳＴ（旧牟礼西小学校）","長野県飯綱町大字川上1535","36.735634","138.212659"
"飯綱東高原管理センター駐車場","長野県飯綱町大字川上2755-345","36.745714","138.189339"
"倉井コミュニティ消防センター","長野県飯綱町大字倉井2557-1","36.756022","138.257912"
"飯綱町立飯綱中学校","長野県飯綱町大字普光寺1","36.755809","138.247155"
"三水Ｂ＆Ｇ海洋センター","長野県飯綱町大字普光寺133-1","36.759421","138.24888"
"飯綱町立三水小学校","長野県飯綱町大字普光寺179","36.761327","138.251689"
"福井団地コミュニティセンター","長野県飯綱町大字豊野1549-1","36.742065","138.252868"
"飯綱町民会館","長野県飯綱町大字牟礼1989","36.741657","138.237772"
"牟礼Ｂ＆Ｇ海洋センター","長野県飯綱町大字牟礼1991","36.742143","138.237949"
"飯綱健康管理センター医療防災管理棟","長野県飯綱町大字牟礼2220","36.74933","138.23579"
"飯綱町立りんごっ子保育園","長野県飯綱町大字柳里467","36.740861","138.214575"
"大川ふれあい交流センター","長野県飯山市大字旭1602-2","36.866346","138.319953"
"飯山市民体育館","長野県飯山市大字旭4722","36.886065","138.368069"
"飯山市立泉台小学校","長野県飯山市大字旭5339","36.880115","138.355446"
"旧羽広山分校校庭","長野県飯山市大字一山1263-2","36.974107","138.425702"
"いいやま湯滝温泉","長野県飯山市大字一山1898-1","36.935567","138.418821"
"温井多目的交流センター","長野県飯山市大字一山537","36.967191","138.413398"
"飯山市立いずみだい保育園","長野県飯山市大字小佐原6762","36.872887","138.355996"
"柳原地区活性化センター","長野県飯山市大字小佐原6832","36.871958","138.356396"
"森の家ターミナルハウス","長野県飯山市大字照岡1571-15","36.987012","138.445826"
"エコパーク寒川","長野県飯山市大字照岡2600-1","36.982809","138.471446"
"西大滝農村研修集会施設","長野県飯山市大字照岡3027-1","36.979758","138.481837"
"岡山地区活性化センター","長野県飯山市大字照岡497-6","36.970197","138.449947"
"勤労青少年ホーム前広場","長野県飯山市大字照里1215","36.917439","138.392167"
"飯山市立城北中学校","長野県飯山市大字照里808-1","36.910121","138.386842"
"太田地区活性化センター前庭","長野県飯山市大字常郷４０５－イ","36.926226","138.386881"
"常盤地区活性化センター","長野県飯山市大字常盤1498","36.890692","138.37981"
"飯山市立常盤小学校","長野県飯山市大字常盤5228","36.889787","138.384717"
"飯山市立常盤保育園","長野県飯山市大字常盤5256-5","36.889113","138.383365"
"飯山市立瑞穂保育園","長野県飯山市大字瑞穂1112","36.879823","138.416945"
"飯山市立東小学校","長野県飯山市大字瑞穂413","36.88598","138.408726"
"瑞穂地区活性化センター","長野県飯山市大字瑞穂4174","36.890888","138.40786"
"関沢農業生活改善センター","長野県飯山市大字瑞穂4400","36.8952","138.408927"
"旧瑞穂保育園園庭","長野県飯山市大字瑞穂6385","36.896246","138.409681"
"北原コミュニティーセンター","長野県飯山市大字瑞穂豊2149-3","36.924076","138.406175"
"旧北瑞保育園園庭","長野県飯山市大字瑞穂豊602","36.914356","138.404791"
"柏尾農村研修集会施設","長野県飯山市大字瑞穂豊693-1","36.911171","138.40387"
"飯山市立城南中学校","長野県飯山市大字静間1088","36.835768","138.348103"
"秋津地区活性化センター","長野県飯山市大字静間2598-1","36.825809","138.351295"
"飯山市立秋津小学校","長野県飯山市大字静間2608","36.826392","138.350328"
"外様地区活性化センター","長野県飯山市大字中曽根50-1","36.896986","138.358018"
"まだらお高原山の家","長野県飯山市大字飯山11492-70","36.855396","138.29674"
"寺町シンボル広場","長野県飯山市大字飯山1332-3","36.84826","138.35989"
"市立飯山図書館","長野県飯山市大字飯山1421","36.849586","138.357624"
"いいやま女性センター未来","長野県飯山市大字飯山1431","36.850189","138.358432"
"飯山市公民館","長野県飯山市大字飯山1436-1","36.850026","138.357899"
"飯山市立飯山小学校","長野県飯山市大字飯山2400","36.854864","138.365462"
"長野県飯山高等学校","長野県飯山市大字飯山2610","36.859782","138.365464"
"城北グラウンド","長野県飯山市大字飯山2711-1","36.857726","138.367446"
"飯山市武道館","長野県飯山市大字飯山2742-1","36.855914","138.364506"
"旧市民会館前広場","長野県飯山市大字飯山2749","36.856133","138.366038"
"新町児童公園","長野県飯山市大字飯山280-2","36.842124","138.361266"
"飯山市立しろやま保育園園庭","長野県飯山市大字飯山2910-1","36.857464","138.36373"
"須多峰介護センター","長野県飯山市大字飯山7355-4","36.866918","138.359504"
"富倉地区活性化センター","長野県飯山市大字富倉1769","36.9115","138.315646"
"飯山市立とがり保育園","長野県飯山市大字豊田4931-1","36.919586","138.386364"
"飯山市立戸狩小学校","長野県飯山市大字豊田4975","36.920911","138.387294"
"トピアホール","長野県飯山市大字豊田6569","36.929033","138.390066"
"木島地区活性化センター","長野県飯山市大字木島1011","36.850959","138.38043"
"飯山市立木島小学校","長野県飯山市大字野坂田484-3","36.854334","138.382045"
"飯山市勤労者体育館","長野県飯山市大字野坂田781-4","36.855291","138.376841"
"飯山市立木島保育園","長野県飯山市大字野坂田849","36.856323","138.382373"
"新田創造館前","長野県飯山市大字蓮4747","36.813957","138.337197"
"上町児童公園","長野県飯山市南町21-2","36.848771","138.363006"
"鉄砲町児童公園","長野県飯山市南町24-3","36.849804","138.360416"
"並木通り","長野県飯田市","35.514858","137.82484"
"愛宕稲荷神社","長野県飯田市愛宕町2796","35.512749","137.823043"
"扇町公園","長野県飯田市愛宕町2800-1","35.513648","137.822985"
"愛宕町集会所","長野県飯田市愛宕町2890-3","35.512189","137.826093"
"みなみ信州農協三穂支所","長野県飯田市伊豆木30-2","35.446637","137.79723"
"三穂小学校グラウンド","長野県飯田市伊豆木3778","35.442678","137.796489"
"三穂保育園","長野県飯田市伊豆木5451-14","35.437868","137.792643"
"北方公園","長野県飯田市育良町3-14-1","35.502862","137.80363"
"上河原老人集会施設","長野県飯田市羽場赤坂2040-3","35.518179","137.797645"
"羽場２号公園","長野県飯田市羽場町1-11","35.517718","137.81063"
"羽場中央公会堂","長野県飯田市羽場町2-14-10","35.518413","137.807151"
"羽場１号公園","長野県飯田市羽場町2-6","35.520341","137.808364"
"羽場セントラルパーク","長野県飯田市羽場町3-5","35.518558","137.805833"
"稲葉公民館","長野県飯田市下久堅稲葉1573-1","35.452688","137.854215"
"下虎岩コミュニティ消防センター","長野県飯田市下久堅下虎岩2450-3","35.485683","137.857026"
"柿野沢構造改善センター","長野県飯田市下久堅柿野沢1020","35.46559","137.855335"
"小林生活改善センター","長野県飯田市下久堅小林760","35.466414","137.852472"
"飯田市竜東デイサービスセンター","長野県飯田市下久堅知久平123","35.475671","137.851346"
"知久平研修センター","長野県飯田市下久堅知久平929","35.476206","137.849084"
"下久堅保育園","長野県飯田市下久堅知久平940-2","35.476812","137.850746"
"下久堅小学校グラウンド","長野県飯田市下久堅知久平950","35.475458","137.850296"
"南原区民センター","長野県飯田市下久堅南原1248-2","35.4715","137.845483"
"下瀬集会施設悠愛館","長野県飯田市下瀬269-1","35.426811","137.805817"
"殿岡保育園","長野県飯田市下殿岡1020","35.496788","137.80787"
"下殿岡公会堂","長野県飯田市下殿岡327","35.493475","137.812948"
"亨保会事務所","長野県飯田市丸山町1-5569-3","35.524927","137.815678"
"丸山ふれあい広場","長野県飯田市丸山町1-7-1","35.522707","137.815993"
"かざこし公園","長野県飯田市丸山町2-4-1","35.5215","137.811968"
"風越保育園","長野県飯田市丸山町2-6728","35.523548","137.808762"
"風越山麓公園","長野県飯田市丸山町4","35.53542","137.813528"
"風越山麓研修センター","長野県飯田市丸山町4-5515-5","35.535933","137.813481"
"かざこし子どもの森公園おしぼら駐車場","長野県飯田市丸山町4-5570","35.52951","137.81426"
"久米会館","長野県飯田市久米858-1","35.471922","137.783033"
"慈光保育園","長野県飯田市宮の前4410-1","35.523353","137.826568"
"飯田市武道館","長野県飯田市宮の前4439-2","35.523158","137.82493"
"飯田市営弓道場","長野県飯田市宮の前4439-2","35.52284","137.825058"
"柏原公園","長野県飯田市宮ノ上4680-3","35.52842","137.826114"
"並木通り","長野県飯田市橋南","35.515725","137.825579"
"中央公園","長野県飯田市橋北","35.518386","137.82519"
"桐林区民センター","長野県飯田市桐林1766","35.470496","137.824151"
"桐林運動広場","長野県飯田市桐林2254-109","35.473364","137.814529"
"竜丘小学校グラウンド","長野県飯田市桐林348","35.469379","137.826894"
"竜丘保育園","長野県飯田市桐林378","35.470633","137.8261"
"下久堅運動場","長野県飯田市虎岩","35.478215","137.867608"
"虎岩交流センター","長野県飯田市虎岩499-1","35.477815","137.868319"
"江戸町公園","長野県飯田市江戸町1","35.517521","137.82991"
"江戸浜分館","長野県飯田市江戸浜町3648-2","35.514431","137.833439"
"㈱信毎販売センターふれあいネット飯田支店２階","長野県飯田市江戸浜町3686-1","35.513921","137.835858"
"駅西広場","長野県飯田市高羽町1-9","35.520265","137.820971"
"飯田東中学校グラウンド","長野県飯田市高羽町3-16","35.522809","137.824304"
"高羽第２号公園","長野県飯田市高羽町3-6-1","35.522133","137.821454"
"高羽第１号公園","長野県飯田市高羽町5-4-1","35.523713","137.819795"
"飯田文化会館","長野県飯田市高羽町5-5-1","35.524299","137.819789"
"みなみ信州農協飯田支所","長野県飯田市今宮町2-112-1","35.519753","137.816016"
"丸山保育園","長野県飯田市今宮町2-113-2","35.52143","137.816792"
"丸山小学校グラウンド","長野県飯田市今宮町2-6166","35.520586","137.815767"
"今宮公園","長野県飯田市今宮町3","35.521335","137.818049"
"市営今宮球場","長野県飯田市今宮町4","35.52504","137.816918"
"今宮福祉企業センター","長野県飯田市今宮町4-5608","35.525958","137.815617"
"座光寺保育園","長野県飯田市座光寺1716","35.538174","137.854655"
"座光寺小学校グラウンド","長野県飯田市座光寺1717-3","35.537563","137.855955"
"座光寺児童センター","長野県飯田市座光寺1726-1","35.538284","137.85545"
"原・宮崎会所","長野県飯田市座光寺210","35.542121","137.843552"
"麻績の里交流センター","長野県飯田市座光寺2535","35.533673","137.854611"
"万才会所","長野県飯田市座光寺2975-1","35.540034","137.858624"
"エス・バード駐車場","長野県飯田市座光寺3349-1","35.537875","137.865138"
"エス・バード２階大ホール","長野県飯田市座光寺3349-1","35.537734","137.864313"
"恒川清水会所","長野県飯田市座光寺4643-1","35.53252","137.863043"
"中河原集会所","長野県飯田市座光寺5509","35.524831","137.865358"
"三日市場研修センター","長野県飯田市三日市場1030","35.490528","137.799127"
"飯田運動公園","長野県飯田市三日市場1986","35.4868","137.799692"
"飯田市西部デイサービスセンター","長野県飯田市三日市場2099-2","35.485888","137.79627"
"東平コミュニティ消防センター","長野県飯田市山本1659","35.477651","137.76251"
"山本保育園","長野県飯田市山本3340-2","35.471693","137.761221"
"二ッ山集会所","長野県飯田市山本358-3","35.483423","137.768748"
"さくら保育園","長野県飯田市山本600","35.486703","137.762689"
"軽費老人ホームヴィラ緑風苑","長野県飯田市山本6719-6","35.491003","137.758254"
"㈱アイパックスグラウンド","長野県飯田市山本6722-91","35.489421","137.768467"
"時又公民館","長野県飯田市時又279","35.464583","137.83006"
"時又保育園","長野県飯田市時又329","35.463819","137.831818"
"時又ふれあいセンター","長野県飯田市時又503-1","35.46316","137.830586"
"風越公園","長野県飯田市小伝馬町1","35.520026","137.831128"
"浜井場小学校グラウンド","長野県飯田市小伝馬町1-3503","35.518555","137.832531"
"久井集会所","長野県飯田市松尾久井2534-1","35.499752","137.843211"
"松尾東保育園","長野県飯田市松尾寺所5645-1","35.499349","137.849787"
"寺所コミュニティ消防センター","長野県飯田市松尾寺所5748-4","35.498111","137.852911"
"松尾天竜グラウンド","長野県飯田市松尾寺所7305-1","35.492971","137.856486"
"上溝集会所","長野県飯田市松尾上溝3381","35.502315","137.845032"
"慈光松尾保育園","長野県飯田市松尾城3796-3","35.494192","137.843116"
"松尾小学校グラウンド","長野県飯田市松尾城3800-1","35.495088","137.843625"
"城集会所","長野県飯田市松尾城4055-5","35.491819","137.843894"
"常盤台集会所","長野県飯田市松尾常盤台107","35.501324","137.836642"
"新井コミュニティ消防センター","長野県飯田市松尾新井6132-1","35.501771","137.85621"
"水城コミュニティ消防センター","長野県飯田市松尾水城3575","35.499353","137.846493"
"清水コミュニティ消防センター","長野県飯田市松尾清水4548-7","35.485398","137.844722"
"松尾城址公園","長野県飯田市松尾代田1007-1","35.487032","137.828197"
"聖クララ幼稚園","長野県飯田市松尾代田1420-1","35.491663","137.837132"
"飯田女子短期大学グラウンド","長野県飯田市松尾代田610","35.494187","137.834383"
"シルバーハウスゆめの郷","長野県飯田市松尾代田910-1","35.49117","137.828289"
"松尾明公園","長野県飯田市松尾明","35.491583","137.849019"
"明コミュニティ防災センター","長野県飯田市松尾明5263-1","35.49159","137.848578"
"総合運動場","長野県飯田市松尾明7427","35.493404","137.853088"
"勤労者体育センター第１体育館","長野県飯田市松尾明7444-2","35.493404","137.853088"
"勤労者体育センター第２体育館","長野県飯田市松尾明7444-2","35.493404","137.853088"
"上久堅小学校グラウンド","長野県飯田市上久堅1995","35.460822","137.883248"
"越久保高齢者若者センター","長野県飯田市上久堅3337-1","35.455375","137.891206"
"上久堅運動場","長野県飯田市上久堅4510","35.450352","137.885544"
"小野子下多目的集会施設","長野県飯田市上久堅5430-1","35.446769","137.884696"
"南部コミュニティセンター","長野県飯田市上久堅6110-2","35.438553","137.88104"
"上久堅保育園","長野県飯田市上久堅7606","35.460113","137.880555"
"原平集落センター","長野県飯田市上久堅913","35.469493","137.881795"
"堂平生活改善センター","長野県飯田市上久堅9392-2","35.455478","137.881279"
"黒田研修センター","長野県飯田市上郷黒田1302-1","35.524956","137.839172"
"上郷西保育園","長野県飯田市上郷黒田1488","35.530191","137.834346"
"上郷西保育園庭","長野県飯田市上郷黒田1488","35.530071","137.834459"
"上郷体育館・柔剣道場","長野県飯田市上郷黒田1614-1","35.522809","137.842904"
"下黒田東コミュニティ消防センター","長野県飯田市上郷黒田1880-3","35.526628","137.843878"
"勅使河原学園幼稚園・保育園駐車場","長野県飯田市上郷黒田1881-1","35.526164","137.843566"
"勅使河原学園幼稚園・保育園","長野県飯田市上郷黒田1881-1","35.526399","137.843579"
"飯田市北部デイサービスセンター","長野県飯田市上郷黒田2112-1","35.529855","137.840646"
"高松保育園","長野県飯田市上郷黒田236","35.51852","137.838862"
"高松保育園庭","長野県飯田市上郷黒田236","35.518527","137.838597"
"下南多世代交流プラザ","長野県飯田市上郷黒田261-28","35.519943","137.839001"
"上黒田集落センター","長野県飯田市上郷黒田2825-2","35.531809","137.831792"
"山田運動場","長野県飯田市上郷黒田3840-312","35.540008","137.82671"
"山田体育館","長野県飯田市上郷黒田3840-312","35.539669","137.827754"
"飯田高等学校グラウンド","長野県飯田市上郷黒田450","35.516556","137.840963"
"飯田高等学校体育館","長野県飯田市上郷黒田450","35.515555","137.841373"
"飯田高等学校第二グラウンド","長野県飯田市上郷黒田450","35.515404","137.842107"
"高陵中学校グラウンド","長野県飯田市上郷黒田5485","35.52157","137.844047"
"上郷運動場","長野県飯田市上郷黒田578","35.522457","137.841275"
"飯田風越高等学校体育館","長野県飯田市上郷黒田6462","35.528809","137.820433"
"飯田風越高等学校グラウンド","長野県飯田市上郷黒田6462","35.529371","137.821558"
"イオン飯田店駐車場","長野県飯田市上郷飯沼1575","35.523662","137.851595"
"上郷福祉企業センター","長野県飯田市上郷飯沼1743-1","35.522395","137.849401"
"上郷なかよし保育園","長野県飯田市上郷飯沼2000-1","35.519494","137.849027"
"上郷なかよし保育園庭","長野県飯田市上郷飯沼2000-1","35.519355","137.848737"
"上郷休養センター（上郷地域休養施設）","長野県飯田市上郷飯沼2241-1","35.515801","137.848457"
"飯沼南自治会館","長野県飯田市上郷飯沼2361-1","35.519756","137.847092"
"北条振興センター","長野県飯田市上郷飯沼2602-1","35.525129","137.849571"
"上郷小学校グラウンド","長野県飯田市上郷飯沼3118","35.519393","137.842875"
"飯田女子高等学校グラウンド","長野県飯田市上郷飯沼3135-3","35.520013","137.843234"
"南条集落センター","長野県飯田市上郷飯沼3493","35.514827","137.851754"
"丹保研修センター","長野県飯田市上郷飯沼864","35.521971","137.853512"
"丹保農村公園","長野県飯田市上郷飯沼973","35.520932","137.857325"
"別府児童館","長野県飯田市上郷別府1195","35.509349","137.848695"
"別府児童館広場","長野県飯田市上郷別府1195","35.509195","137.848633"
"特別養護老人ホーム笑みの里","長野県飯田市上郷別府2230-8","35.515323","137.838949"
"別府上コミュニティセンター","長野県飯田市上郷別府2431-8","35.517121","137.837051"
"城東第３公園","長野県飯田市上郷別府3335-9","35.50995","137.841785"
"城東第２公園","長野県飯田市上郷別府3338-9","35.508355","137.840565"
"上川路公民館","長野県飯田市上川路981-1","35.461132","137.813897"
"程野区民センター","長野県飯田市上村102-2","35.433767","137.988979"
"下栗総合交流会館","長野県飯田市上村1152","35.374801","137.986374"
"高原ロッジ下栗","長野県飯田市上村1250","35.374558","137.982184"
"旧上村小学校下栗分校グラウンド","長野県飯田市上村1251-2","35.374229","137.982042"
"中郷正八幡集会所","長野県飯田市上村304-1","35.414681","137.978022"
"旧上村小学校中郷分校グラウンド","長野県飯田市上村414","35.407091","137.973892"
"中郷コミュニティセンター","長野県飯田市上村414-1","35.406865","137.974001"
"上村福祉企業センター中郷分場","長野県飯田市上村481-14","35.401147","137.972652"
"上村コミュニティセンター","長野県飯田市上村703","35.38653","137.970055"
"上村福祉企業センター程野分場","長野県飯田市上村76-2","35.437522","137.989224"
"上村小学校グラウンド","長野県飯田市上村837-7","35.38356","137.968577"
"上村デイサービスセンター","長野県飯田市上村844-2","35.38247","137.968513"
"上村保育園","長野県飯田市上村856-18","35.381064","137.967803"
"上村保育園庭","長野県飯田市上村856-18","35.380958","137.967882"
"旧上村小学校程野分校グラウンド","長野県飯田市上村93-6","35.434628","137.98909"
"老人集会施設（屋敷）","長野県飯田市上村994","35.384268","138.003845"
"上殿岡集会所","長野県飯田市上殿岡600","35.498804","137.806422"
"アイ・パーク","長野県飯田市上飯田5259-12","35.518822","137.8203"
"風越公園（権助）","長野県飯田市上飯田7462-49","35.523732","137.788811"
"城下グラウンド","長野県飯田市水の手町","35.510022","137.833396"
"飯田西中学校グラウンド","長野県飯田市正永町1-1215","35.523864","137.806172"
"毛呂窪公民館","長野県飯田市千栄2020-2","35.420549","137.835918"
"下村公会堂","長野県飯田市千栄515-2","35.430215","137.822571"
"千栄小学校グラウンド","長野県飯田市千栄１５３０－イ","35.423334","137.831687"
"千代小学校グラウンド","長野県飯田市千代1025","35.418683","137.864322"
"米川公会堂（千代米川老人集会施設）","長野県飯田市千代1978-5","35.41669","137.869368"
"法山地域振興センター","長野県飯田市千代3279","35.403964","137.868163"
"千代保育園","長野県飯田市千代932-5","35.419279","137.86787"
"千代運動場","長野県飯田市千代952","35.419678","137.868925"
"川路二区公民館","長野県飯田市川路1041-1","35.46112","137.811169"
"川路三区集会所（川路三区老人共同作業所）","長野県飯田市川路1974-1","35.456135","137.811554"
"川路四区集会所","長野県飯田市川路2676-3","35.450631","137.812031"
"みなみ信州農協川路支所","長野県飯田市川路2720","35.450505","137.811826"
"飯田市かわじデイサービスセンター","長野県飯田市川路3467-2","35.448505","137.807678"
"川路保育園","長野県飯田市川路3467-2","35.448254","137.807504"
"川路小学校グラウンド","長野県飯田市川路3477-1","35.448347","137.809335"
"川路五区公民館","長野県飯田市川路3583-5","35.447153","137.808888"
"川路六区コミュニティセンター","長野県飯田市川路4183","35.443091","137.813863"
"竜峡中学校グラウンド","長野県飯田市川路4370","35.441646","137.810586"
"竜峡会館","長野県飯田市川路4832-1","35.439954","137.816819"
"川路八区公民館","長野県飯田市川路5763-1","35.437531","137.810248"
"川路３号公園","長野県飯田市川路7521","35.453248","137.814745"
"川路１号公園","長野県飯田市川路7629","35.445334","137.814625"
"天竜川総合学習館かわらんべ","長野県飯田市川路7674","35.446294","137.816018"
"駄科公民館","長野県飯田市駄科1303-1","35.478382","137.829181"
"駄科コミュニティ防災センター","長野県飯田市駄科1304","35.478291","137.829352"
"鈴岡城址公園","長野県飯田市駄科1772","35.486311","137.824548"
"明星学園","長野県飯田市駄科2250","35.486683","137.811401"
"駄科集落センター","長野県飯田市駄科589-3","35.477935","137.834562"
"飯田市中部デイサービスセンター","長野県飯田市駄科904-1","35.476933","137.839824"
"大王路公園","長野県飯田市大王路2","35.52132","137.831268"
"多摩川精機（株）体育館","長野県飯田市大休1879","35.523996","137.792815"
"伊賀良保育園","長野県飯田市大瀬木1103","35.498533","137.789863"
"旭ヶ丘中学校グラウンド","長野県飯田市大瀬木3530","35.490696","137.781187"
"伊賀良小学校グラウンド","長野県飯田市大瀬木565","35.498991","137.792845"
"大瀬木コミュニティセンター","長野県飯田市大瀬木992-1","35.4969","137.78613"
"羽場第１公会堂","長野県飯田市大通2-239","35.514648","137.81675"
"憩いの広場","長野県飯田市大門町29","35.52473","137.828203"
"滝の沢公園","長野県飯田市滝の沢","35.525394","137.808894"
"滝の沢自治会館","長野県飯田市滝の沢6991-10","35.529033","137.806117"
"山本運動場","長野県飯田市竹佐377","35.467173","137.766378"
"杵原多目的ホール（飯田市山本都市農村交流促進施設）","長野県飯田市竹佐377-1","35.467563","137.766969"
"竹佐会館","長野県飯田市竹佐661-1","35.471367","137.763235"
"山本児童センター","長野県飯田市竹佐699-1","35.471587","137.764724"
"山本小学校グラウンド","長野県飯田市竹佐819-6","35.471022","137.768355"
"中央公園","長野県飯田市中央通り","35.515499","137.828402"
"飯田中央保育園","長野県飯田市中央通り2-9","35.517728","137.825437"
"中村コミュニティ消防センター","長野県飯田市中村1270-3","35.485944","137.792121"
"中村保育園","長野県飯田市中村1840-1","35.485262","137.792281"
"長野原区民センター","長野県飯田市長野原429-1","35.469676","137.833823"
"追手町小学校グラウンド","長野県飯田市追手町2-673-1","35.512707","137.829017"
"一色公民館","長野県飯田市鼎一色220","35.503369","137.81272"
"イオン飯田アップルロード店駐車場","長野県飯田市鼎一色456","35.501142","137.81755"
"飯田市かなえデイサービスセンター","長野県飯田市鼎一色551","35.502016","137.818718"
"矢高中央公園（運動場）","長野県飯田市鼎下山1429","35.503161","137.831455"
"飯田市歴史研究所駐車場","長野県飯田市鼎下山538-2","35.506658","137.837421"
"下山区民会館","長野県飯田市鼎下山707-1","35.506127","137.834654"
"下茶屋公民館","長野県飯田市鼎下茶屋2123-3","35.50978","137.828743"
"鼎中学校グラウンド","長野県飯田市鼎上山2582","35.505009","137.823752"
"上山区民センター","長野県飯田市鼎上山2959-1","35.506667","137.816584"
"上茶屋多目的センター（鼎上茶屋公民館）","長野県飯田市鼎上茶屋3458-1","35.510575","137.814472"
"西鼎公民館","長野県飯田市鼎西鼎650-2","35.508085","137.836604"
"明星保育園","長野県飯田市鼎切石3928","35.50906","137.806709"
"明星保育園庭","長野県飯田市鼎切石3928","35.508977","137.80686"
"切石会館","長野県飯田市鼎切石4492","35.510748","137.804212"
"切石体育館","長野県飯田市鼎切石4633-1","35.511818","137.805665"
"鼎切石大袋グラウンド","長野県飯田市鼎切石5119-5","35.517664","137.795114"
"風越公園（妙琴）","長野県飯田市鼎切石5247-1","35.524445","137.78824"
"鼎体育館","長野県飯田市鼎中平1339-5","35.504728","137.826689"
"鼎文化センター・鼎公民館","長野県飯田市鼎中平1339-5","35.505191","137.826946"
"鼎コミュニティ防災センター","長野県飯田市鼎中平1958-3","35.506838","137.825317"
"鼎あかり保育園","長野県飯田市鼎中平2010-1","35.50758","137.827302"
"鼎あかり保育園庭","長野県飯田市鼎中平2010-1","35.507409","137.827591"
"中平公民館","長野県飯田市鼎中平2289-2","35.50877","137.825429"
"鼎小学校グラウンド","長野県飯田市鼎中平2472","35.507328","137.823227"
"東鼎公民館","長野県飯田市鼎東鼎295","35.506295","137.840137"
"名古熊公民館","長野県飯田市鼎名古熊1350","35.498041","137.82137"
"伊豆奈農村公園","長野県飯田市鼎名古熊1558","35.49075","137.824239"
"鼎みつば保育園","長野県飯田市鼎名古熊2339","35.5008","137.821441"
"下伊那農業高等学校体育館","長野県飯田市鼎名古熊2366-4","35.500718","137.825105"
"下伊那農業高等学校グラウンド","長野県飯田市鼎名古熊2366-4","35.50109","137.825997"
"鼎弓道場","長野県飯田市鼎名古熊2423-6","35.501657","137.829666"
"飯田ＯＩＤＥ長姫高等学校グラウンド","長野県飯田市鼎名古熊2535","35.501746","137.834068"
"飯田ＯＩＤＥ長姫高等学校体育館","長野県飯田市鼎名古熊2535","35.502261","137.832805"
"老人憩いの家","長野県飯田市鼎名古熊597","35.49885","137.818422"
"竜丘２号公園","長野県飯田市嶋78","35.460913","137.821865"
"竜丘１号公園","長野県飯田市嶋95","35.460487","137.818238"
"東栄町自治会館","長野県飯田市東栄町3122-5","35.51305","137.83564"
"東中央通公民館","長野県飯田市東中央通3211-20","35.511428","137.836736"
"東中央通児童公園","長野県飯田市東中央通3211-45","35.511323","137.837247"
"城東１号公園","長野県飯田市東中央通5","35.510605","137.837906"
"名古山第一集会所","長野県飯田市南信濃南和田308-5","35.308251","137.902695"
"旧南和田小学校グラウンド","長野県飯田市南信濃南和田712-4","35.305185","137.903693"
"総合グラウンド（南信濃運動場）","長野県飯田市南信濃八重河内160","35.315944","137.924732"
"Ｂ＆Ｇ海洋センター","長野県飯田市南信濃八重河内204-1","35.316669","137.924816"
"八重河内地区館","長野県飯田市南信濃八重河内575-2","35.298141","137.926834"
"いろりの宿島畑広場","長野県飯田市南信濃八重河内580","35.29743","137.927147"
"上島グラウンド","長野県飯田市南信濃木沢292-20","35.35534","137.955256"
"遠山防災ヘリポート","長野県飯田市南信濃木沢292-20","35.355349","137.95553"
"旧木沢小学校グラウンド","長野県飯田市南信濃木沢785","35.346567","137.951695"
"木沢地区会館駐車場","長野県飯田市南信濃木沢788","35.346235","137.951937"
"木沢地区会館","長野県飯田市南信濃木沢788","35.346001","137.951886"
"南信濃学習交流センター","長野県飯田市南信濃和田1099-2","35.320858","137.934714"
"和田小学校グラウンド","長野県飯田市南信濃和田1165-1","35.323798","137.936257"
"遠山郷土館","長野県飯田市南信濃和田1192","35.320673","137.935404"
"和田保育園","長野県飯田市南信濃和田2596","35.323632","137.935099"
"和田保育園庭","長野県飯田市南信濃和田2596-1","35.323392","137.93505"
"かぐらの湯","長野県飯田市南信濃和田456","35.32126","137.930685"
"かぐらの湯駐車場","長野県飯田市南信濃和田458-1","35.321373","137.930141"
"遠山中学校グラウンド","長野県飯田市南信濃和田950","35.326762","137.937491"
"中央公園","長野県飯田市馬場町","35.516427","137.827283"
"東栄公園","長野県飯田市馬場町3","35.513969","137.833405"
"羽場保育園","長野県飯田市白山通り3-351-2","35.515151","137.810216"
"山本老人福祉センター","長野県飯田市箱川22-1","35.460647","137.774002"
"箱川郷づくり研修センター","長野県飯田市箱川571-1","35.450136","137.770094"
"八幡公園","長野県飯田市八幡町1932","35.496838","137.836746"
"八幡町公会堂","長野県飯田市八幡町2033-2","35.49658","137.838758"
"育良保育園","長野県飯田市北方130","35.509662","137.801846"
"北方コミュニティ消防センター","長野県飯田市北方2423","35.50583","137.796353"
"御蔵公会堂","長野県飯田市本町4-1234-1","35.51789","137.819739"
"飯田仏教保育園","長野県飯田市箕瀬町1-2453","35.515374","137.820048"
"緑ヶ丘中学校グラウンド","長野県飯田市毛賀470","35.488236","137.841171"
"毛賀コミュニティ消防センター","長野県飯田市毛賀886","35.4835","137.836334"
"三穂第１１組合集落センター","長野県飯田市立石536-2","35.428067","137.784959"
"みなみ信州農協立石出張所","長野県飯田市立石549-1","35.428846","137.78417"
"新地生活改善施設","長野県飯田市龍江2281-9","35.454656","137.829795"
"龍江１区公民館","長野県飯田市龍江28-22","35.458858","137.83038"
"田中上生活改善施設","長野県飯田市龍江3292-3","35.452989","137.82773"
"今田人形の館","長野県飯田市龍江3453-1","35.451688","137.824024"
"龍江小学校グラウンド","長野県飯田市龍江3591-1","35.449839","137.827195"
"龍江保育園","長野県飯田市龍江4680","35.450858","137.829771"
"天竜峡活性化センター","長野県飯田市龍江7087-1","35.443379","137.819019"
"龍江３区公民館","長野県飯田市龍江7338-2","35.439679","137.824743"
"龍江４区コミュニティ消防センター","長野県飯田市龍江8812","35.431459","137.847463"
"竜東中学校グラウンド","長野県飯田市龍江9205","35.440592","137.850728"
"尾科老人福祉センター（龍江尾科老人集会施設）","長野県飯田市龍江9340-2","35.443916","137.841003"
"東野自治会館","長野県飯田市鈴加町2-3","35.520058","137.826431"
"針ヶ平集会所","長野県飯島町七久保1032-61","35.646613","137.911649"
"特別養護老人ホーム　越百園　マレットゴルフ場　駐車場","長野県飯島町七久保1338-1","35.651914","137.921929"
"北街道ハーモナイス","長野県飯島町七久保1519-2","35.658541","137.905942"
"荒田公会所","長野県飯島町七久保1641-3","35.657718","137.917429"
"道の駅　花の里いいじま","長野県飯島町七久保2252","35.66165","137.909982"
"柏木運動場","長野県飯島町七久保2589-14","35.664536","137.915978"
"千人塚公園駐車場","長野県飯島町七久保3017","35.669791","137.895034"
"柏木集会所","長野県飯島町七久保3236-1","35.664389","137.909517"
"北村公会所","長野県飯島町七久保3436-1","35.663586","137.900008"
"上通り農業構造改善センター","長野県飯島町七久保4194-3","35.657438","137.899567"
"七久保小学校運動場","長野県飯島町七久保4235","35.658389","137.904356"
"南街道集会所","長野県飯島町七久保4257-1","35.656712","137.904491"
"新屋敷地域交流センター","長野県飯島町七久保4658-3","35.65236","137.901814"
"高遠原集会所","長野県飯島町七久保4872","35.644837","137.898734"
"新田公会所","長野県飯島町七久保854-1","35.655081","137.910467"
"中平集会所","長野県飯島町田切1193-1","35.694806","137.945743"
"田切野球場","長野県飯島町田切1212-381","35.699895","137.9394"
"春日平集会所","長野県飯島町田切161-559","35.697424","137.913457"
"南田切集会所","長野県飯島町田切2169-1","35.688171","137.945365"
"道の駅　田切の里","長野県飯島町田切2598-1","35.690529","137.939945"
"南割集会所","長野県飯島町田切2679-1","35.691822","137.937967"
"追引公会所","長野県飯島町田切2904-1","35.695663","137.930924"
"北河原集会所","長野県飯島町田切680-1","35.698633","137.936071"
"日曽利集会所","長野県飯島町日曽利243","35.677913","137.951636"
"グリーンリーフ飯島駐車場","長野県飯島町飯島1054","35.676839","137.934685"
"南町コミュニティーセンター","長野県飯島町飯島1123-9","35.677353","137.927332"
"南仲町公会所","長野県飯島町飯島1181-19","35.678783","137.927704"
"石曽根集会所","長野県飯島町飯島1704","35.683639","137.935259"
"赤坂集会所","長野県飯島町飯島2176","35.687919","137.925876"
"飯島小学校運動場","長野県飯島町飯島2426","35.677828","137.923393"
"飯島運動場","長野県飯島町飯島2436-1","35.678756","137.923377"
"北梅戸集会所","長野県飯島町飯島2436-27","35.680729","137.923778"
"中町集会所","長野県飯島町飯島2440-1","35.680238","137.924807"
"北町公会所","長野県飯島町飯島2444-1","35.681457","137.924934"
"山久集会所","長野県飯島町飯島2455-17","35.676058","137.924683"
"飯島町文化館","長野県飯島町飯島2489","35.675805","137.918958"
"飯島中学校運動場","長野県飯島町飯島2532-2","35.677619","137.922224"
"グリーンハート西駐車場","長野県飯島町飯島2587-3","35.678492","137.921918"
"舟久保教員住宅駐車場","長野県飯島町飯島2664-23","35.682708","137.922042"
"上ノ原公会所","長野県飯島町飯島2691-6","35.678671","137.918361"
"岩間農業構造改善センター","長野県飯島町飯島3288-2","35.684409","137.908506"
"美澤集会所","長野県飯島町飯島3429","35.68571","137.916768"
"高尾農業構造改善センター","長野県飯島町飯島3670-2","35.692308","137.912514"
"陣馬住宅駐車場・公園","長野県飯島町飯島3856","35.690343","137.925587"
"赤坂グリーンヒル集会所","長野県飯島町飯島3856-297","35.690296","137.922495"
"豊岡集会所","長野県飯島町飯島70-56","35.673605","137.919523"
"親町集会所","長野県飯島町飯島713-1","35.674623","137.928011"
"鳥居原集会所","長野県飯島町飯島841-10","35.676086","137.938891"
"本郷運動場","長野県飯島町本郷1136-1","35.667713","137.942527"
"本二コミュニティセンター","長野県飯島町本郷1820","35.662294","137.93428"
"本一集会所","長野県飯島町本郷2271","35.665031","137.923577"
"本三集会所","長野県飯島町本郷305","35.657642","137.938355"
"本四ふれあいセンター","長野県飯島町本郷652-1","35.662078","137.945987"
"本五集会所","長野県飯島町本郷866-2","35.663815","137.939192"
"本六集会所","長野県飯島町本郷960-6","35.669446","137.931714"
"乙事区役所庭","長野県富士見町乙事5187-1","35.915531","138.263737"
"小六母沢広場","長野県富士見町境10545-1","35.9053","138.275069"
"ジュネス体育館駐車場","長野県富士見町境12067-582","35.918645","138.304972"
"田端公園","長野県富士見町境1699","35.873258","138.292394"
"先達区公民館駐車場","長野県富士見町境2750","35.880351","138.29459"
"葛窪転作研修センター","長野県富士見町境3891-3","35.887279","138.301072"
"池袋公民館庭","長野県富士見町境7247-3","35.881773","138.279369"
"信濃境区運動広場","長野県富士見町境7307-1","35.882318","138.276504"
"境保育園園庭","長野県富士見町境7749","35.8857","138.277407"
"高森区公民館庭","長野県富士見町境8177","35.88917","138.279786"
"境小学校校庭","長野県富士見町境8941","35.889303","138.28836"
"神戸保育園跡地","長野県富士見町富士見10388","35.92628","138.209992"
"南原山集落センター庭","長野県富士見町富士見11576-2","35.928166","138.235209"
"富原集落センター庭","長野県富士見町富士見11854-1","35.934235","138.229917"
"富ケ丘公民館予定地","長野県富士見町富士見2557-44","35.925592","138.234906"
"富士見財産区庭","長野県富士見町富士見2841-2","35.913103","138.222993"
"富士見小学校校庭","長野県富士見町富士見2882-1","35.914306","138.223856"
"富士見ヶ丘コミュニティセンター庭","長野県富士見町富士見3073-2","35.911757","138.228312"
"富士見高等学校校庭","長野県富士見町富士見3330-7","35.916608","138.232861"
"コミュニティ・プラザ広場","長野県富士見町富士見3597-1","35.913199","138.237221"
"塚平区公民館庭","長野県富士見町富士見3755-16","35.905819","138.231814"
"とちの木公民館庭","長野県富士見町富士見4039-1","35.899872","138.237777"
"横吹集落センター庭","長野県富士見町富士見4638-9","35.892554","138.236495"
"富士見中学校校庭","長野県富士見町富士見4654","35.915093","138.236819"
"富士見保育園園庭","長野県富士見町富士見4654","35.913349","138.232432"
"富士見諏訪神社庭","長野県富士見町富士見4654-1006","35.912618","138.235472"
"真澄富士見事業所庭","長野県富士見町富士見5154-3","35.886758","138.229534"
"花場区公民館庭","長野県富士見町富士見5709","35.885814","138.225718"
"入笠山登山口庭","長野県富士見町富士見6666-1425","35.901657","138.172318"
"木之間区運動場","長野県富士見町富士見6749","35.894796","138.225552"
"西山保育園園庭","長野県富士見町富士見7507-3","35.911052","138.222044"
"若宮区グランド","長野県富士見町富士見7970-1","35.905355","138.220566"
"松目集落センター庭","長野県富士見町富士見8800-1","35.908796","138.214642"
"ふれあいセンターふじみ庭","長野県富士見町富士見8988-1","35.913879","138.215277"
"大平コミュニティセンター庭","長野県富士見町富士見9360-1","35.912478","138.216988"
"栗生集落センター駐車場","長野県富士見町富士見9959-1","35.919717","138.207538"
"第２体育館駐車場","長野県富士見町落合10034","35.914863","138.239993"
"町民センター駐車場","長野県富士見町落合10039-4","35.912946","138.238172"
"桜ヶ丘区公民館庭","長野県富士見町落合10727-15","35.917728","138.241063"
"冨里区役所庭","長野県富士見町落合11227-21","35.910462","138.242303"
"瀬沢新田集落センター駐車場","長野県富士見町落合12111","35.918132","138.252561"
"道の駅信州蔦木宿駐車場","長野県富士見町落合1967-3","35.863784","138.27664"
"上蔦木十五社庭","長野県富士見町落合2467-1","35.869734","138.273471"
"下蔦木集落センター駐車場","長野県富士見町落合34-1","35.862647","138.279065"
"烏帽子区運動公園","長野県富士見町落合4496-1","35.884995","138.265377"
"神代河川敷","長野県富士見町落合4858-1","35.879162","138.260946"
"平岡区公民館庭","長野県富士見町落合5171","35.884689","138.256547"
"落合保育園園庭","長野県富士見町落合6203","35.88837","138.249477"
"旧落合小学校校庭","長野県富士見町落合6203","35.88769","138.250183"
"机集落センター庭","長野県富士見町落合6280-1","35.887576","138.251095"
"先能集落センター庭","長野県富士見町落合8014-1","35.886585","138.245411"
"瀬沢区公民館庭","長野県富士見町落合8745","35.892796","138.245706"
"富士見台公民館駐車場","長野県富士見町落合9656-61","35.905043","138.243761"
"本郷保育園園庭","長野県富士見町立沢4800-101","35.927284","138.263906"
"本郷小学校校庭","長野県富士見町立沢5050","35.926416","138.263233"
"立沢構造改善センターグランド","長野県富士見町立沢5415-1","35.936728","138.267376"
"平谷小学校校庭","長野県平谷村1071","35.320745","137.627081"
"平谷高原スキー場駐車場","長野県平谷村1511","35.308795","137.625138"
"共同店舗駐車場","長野県平谷村299-1","35.323941","137.632685"
"道の駅「信州平谷」駐車場","長野県平谷村321-3","35.324037","137.63142"
"河野区民会館　庭","長野県豊丘村河野1562-1","35.561969","137.907404"
"豊丘北小学校　校庭","長野県豊丘村河野1691-1","35.564563","137.909594"
"憩の家　庭","長野県豊丘村河野3444","35.568298","137.915115"
"泉龍院　境内","長野県豊丘村河野3461","35.568887","137.916189"
"北垣外コミュニティセンター　庭","長野県豊丘村河野3681","35.570536","137.914763"
"滝川会所　庭","長野県豊丘村河野4201-2","35.576678","137.923016"
"堀越天神グランド","長野県豊丘村河野4468-312","35.556799","137.934669"
"堀越区民会館　庭","長野県豊丘村河野6449-2","35.556622","137.935168"
"総合集荷販売センター（旧ＪＡ選果場）庭","長野県豊丘村河野7811","35.558266","137.897594"
"豊丘村北保育園　園庭","長野県豊丘村河野7990","35.564077","137.907202"
"りんごっ子公園","長野県豊丘村河野8387-1","35.565596","137.908221"
"福島会所　庭","長野県豊丘村神稲10041","35.525475","137.919922"
"パノラマ公園","長野県豊丘村神稲10525","35.522673","137.912272"
"壬生沢区民会館　庭","長野県豊丘村神稲10675-1","35.518272","137.906667"
"豊丘村中央保育園　園庭","長野県豊丘村神稲12368","35.545517","137.892542"
"道の駅　南信州とよおかマルシェ　駐車場","長野県豊丘村神稲12410","35.544464","137.891169"
"洞岩寺　境内","長野県豊丘村神稲1370-1","35.546173","137.900757"
"営農支援センター　だいち","長野県豊丘村神稲3128-1","35.551436","137.894092"
"豊丘南小学校　校庭","長野県豊丘村神稲3600-1","35.540655","137.892485"
"交流学習センター　ゆめあるて駐車場","長野県豊丘村神稲369","35.549975","137.895566"
"豊丘中学校　校庭","長野県豊丘村神稲4020","35.544545","137.896101"
"児童養護施設　慈恵園　園庭","長野県豊丘村神稲4461","35.542535","137.903563"
"田村区民会館　庭","長野県豊丘村神稲498-1","35.552684","137.901189"
"林原・木門コミュニティセンター駐車場","長野県豊丘村神稲5015-1","35.538707","137.909504"
"村民グラウンド","長野県豊丘村神稲5081-1","35.536933","137.910125"
"御手形農事研修センター　庭","長野県豊丘村神稲5301-1","35.534588","137.925912"
"佐原区民会館　庭","長野県豊丘村神稲5892-2","35.537225","137.931979"
"赤松林公園","長野県豊丘村神稲6212-1","35.540799","137.93197"
"豊丘村南保育園　園庭","長野県豊丘村神稲6939","35.535395","137.890546"
"伴野区民会館　駐車場","長野県豊丘村神稲6991-2","35.533801","137.889411"
"小園小野神社　境内","長野県豊丘村神稲7590-1","35.528711","137.889516"
"なしっ子公園","長野県豊丘村神稲9138","35.534777","137.887456"
"壬生沢福島集落拠点施設　庭","長野県豊丘村神稲9879-2","35.523137","137.912444"
"勝弦小グラウンド","長野県北小野4508-2","36.07253","138.000584"
"サングリーン広場","長野県北相木村2278‐4","36.062967","138.539881"
"北相木村小学校校庭","長野県北相木村2740","36.05983","138.551563"
"旧日向小学校校庭","長野県麻績村日6286","36.456043","138.012702"
"麻績小学校校庭","長野県麻績村麻3863","36.456659","138.045039"
"筑北中学校校庭","長野県麻績村麻4631","36.460367","138.053131"
"麻績村総合グラウンド","長野県麻績村麻8425","36.454707","138.038491"
"開田高原西野研修センター","長野県木曽町開田高原西野2762-1","35.957771","137.582834"
"旧西小学校校庭","長野県木曽町開田高原西野2776","35.956389","137.582573"
"西野分館","長野県木曽町開田高原西野2790-1","35.955579","137.583031"
"駒背グラウンド","長野県木曽町開田高原西野3127","35.960161","137.580738"
"開田高原総合運動場","長野県木曽町開田高原西野5227-65","35.938391","137.570809"
"開田高原体育館","長野県木曽町開田高原西野5227-65","35.938547","137.572123"
"旧中学校グラウンド","長野県木曽町開田高原西野586","35.941778","137.598589"
"把之沢分館","長野県木曽町開田高原西野616-8","35.94178","137.600231"
"開田母子健康センター","長野県木曽町開田高原西野618","35.940777","137.600698"
"下条生活改善センター","長野県木曽町開田高原西野6323-385","35.926046","137.586367"
"開田中学校校庭","長野県木曽町開田高原西野841","35.933179","137.602715"
"開田中学校","長野県木曽町開田高原西野841","35.934256","137.602469"
"開田高原末川研修センター","長野県木曽町開田高原末川1895-10","35.938126","137.631924"
"開田小学校","長野県木曽町開田高原末川2776","35.937678","137.636125"
"開田小学校校庭","長野県木曽町開田高原末川2776","35.936666","137.636447"
"末川分館","長野県木曽町開田高原末川5581","35.936734","137.633782"
"沢頭集会所","長野県木曽町三岳1034-1","35.901173","137.601914"
"三岳野球場","長野県木曽町三岳10823","35.823483","137.636616"
"永井野集会所","長野県木曽町三岳1600","35.887552","137.593644"
"野中集会所","長野県木曽町三岳1798","35.882215","137.596309"
"北部分館","長野県木曽町三岳2002-4","35.879885","137.598715"
"三岳公民館北部分館庭","長野県木曽町三岳2002-4","35.879854","137.598446"
"井原地区集会所","長野県木曽町三岳2280","35.876859","137.6001"
"白川地区集会所","長野県木曽町三岳2579","35.867486","137.596362"
"屋敷野地区集会所","長野県木曽町三岳2969-2","35.865817","137.573648"
"中央部分館","長野県木曽町三岳3089-6","35.859902","137.597846"
"倉本集会所","長野県木曽町三岳354-3","35.89596","137.588425"
"太陽の丘公園","長野県木曽町三岳3772","35.852313","137.612945"
"中部分館","長野県木曽町三岳3791-18","35.850864","137.61498"
"本洞分館","長野県木曽町三岳4542","35.863105","137.632905"
"三岳公民館","長野県木曽町三岳6311","35.846126","137.626401"
"木曽町三岳交流促進センター","長野県木曽町三岳6452-1","35.843533","137.626828"
"三岳小学校体育館","長野県木曽町三岳6608-1","35.842139","137.627614"
"三岳小中学校校庭","長野県木曽町三岳6634","35.842279","137.626096"
"旧三岳中学校","長野県木曽町三岳6634-1","35.842783","137.625035"
"小奥集会所","長野県木曽町三岳761-1","35.911003","137.596721"
"三尾分館","長野県木曽町三岳8470-3","35.822593","137.641302"
"三岳公民館三尾分館庭","長野県木曽町三岳8470-3","35.822413","137.641256"
"桑原地区集会所","長野県木曽町三岳8727-1","35.827686","137.6344"
"小島集会所","長野県木曽町三岳9244-1","35.834734","137.629454"
"日向生活改善センター","長野県木曽町三岳9797","35.824114","137.653595"
"旧県民木曽運動広場","長野県木曽町新開129-1","35.835604","137.76127"
"町民相撲場","長野県木曽町新開1305","35.864452","137.733267"
"大原分館","長野県木曽町新開180","35.844031","137.758124"
"旧上田小学校","長野県木曽町新開1937","35.862566","137.722734"
"旧上田小学校校庭","長野県木曽町新開1942","35.863006","137.72214"
"旧上田保育園","長野県木曽町新開2135","35.858897","137.718105"
"中部コミュニティセンター","長野県木曽町新開2358","35.857296","137.711468"
"熊沢多目的集会所","長野県木曽町新開3099-1","35.881571","137.734522"
"木曽こども園","長野県木曽町新開4236-5","35.858429","137.703576"
"木曽福島体育館","長野県木曽町新開4371-1","35.859613","137.700604"
"黒川下条農業生活改善センター","長野県木曽町新開5143-3","35.873684","137.676356"
"西洞生活改善センター","長野県木曽町新開5879","35.886673","137.666823"
"下中入生活改善センター","長野県木曽町新開6436-1","35.885611","137.677468"
"ふるさと体験館きそふくしま","長野県木曽町新開6956-1","35.891486","137.677978"
"ふるさと体験館きそふくしま広場","長野県木曽町新開6959","35.892096","137.678125"
"上中入生活改善センター","長野県木曽町新開7574-1","35.904476","137.682582"
"上小川生活改善センター","長野県木曽町新開8079-1","35.910638","137.691519"
"上条生活改善センター","長野県木曽町新開9073-6","35.925528","137.676366"
"ふれあい交流センター","長野県木曽町新開１０２０２－イ","35.943901","137.665675"
"根曽生活改善センター","長野県木曽町新開１１５６－ハ","35.859955","137.740401"
"木曽町中学校","長野県木曽町新開福4110","35.855331","137.708138"
"木曽町中学校校庭","長野県木曽町新開福4110","35.853674","137.707726"
"野上生活改善センター","長野県木曽町日義1379-4","35.882653","137.779003"
"日義こども園","長野県木曽町日義1590-3","35.877711","137.753588"
"上村生活改善センター","長野県木曽町日義1597-5","35.877868","137.754932"
"日義公民館","長野県木曽町日義1600-1","35.877092","137.754779"
"日義公民館駐車場","長野県木曽町日義1600-1","35.877257","137.754833"
"日義農村環境改善センター","長野県木曽町日義1620-1","35.877472","137.75568"
"日義保健センター","長野県木曽町日義1622-1","35.878042","137.755264"
"日義小中学校体育館","長野県木曽町日義1795","35.881189","137.758998"
"日義小中学校校庭","長野県木曽町日義1795","35.88187","137.75833"
"下町会館","長野県木曽町日義1837-1","35.883879","137.758545"
"巾生活改善センター","長野県木曽町日義2273-1","35.892562","137.765249"
"向小路生活改善センター","長野県木曽町日義233-2","35.892823","137.763758"
"旭町生活改善センター","長野県木曽町日義2414-2","35.888138","137.762613"
"上町集会所","長野県木曽町日義2428","35.887585","137.761758"
"本町集会所","長野県木曽町日義2460-2","35.885641","137.760995"
"日義高齢者ふれあいセンター","長野県木曽町日義2657-2","35.885471","137.758981"
"義仲館","長野県木曽町日義290-1","35.889464","137.761011"
"小沢センター","長野県木曽町日義3120-2","35.86564","137.733814"
"原野分館","長野県木曽町日義3433","35.870839","137.741553"
"日義野球場","長野県木曽町日義3622","35.875446","137.746543"
"日義体育館","長野県木曽町日義3623","35.875913","137.747456"
"日義高齢者コミュニティーセンター","長野県木曽町日義3897-2","35.873938","137.749236"
"徳音寺コミュニティーセンター","長野県木曽町日義411-3","35.896386","137.764243"
"日義高齢者生きがい創造センター","長野県木曽町日義4313-2","35.871429","137.744094"
"中川生活改善センター","長野県木曽町日義4422-1","35.864489","137.745794"
"駒見生活改善センター","長野県木曽町日義4789-12","35.863434","137.740908"
"木曽駒森林公園","長野県木曽町日義4898-30","35.857688","137.755735"
"木曽文化公園文化ホール","長野県木曽町日義4898-37","35.859083","137.747301"
"正沢原分館","長野県木曽町日義4898-37","35.857305","137.746114"
"渡沢集会所","長野県木曽町日義4983-1","35.84983","137.764922"
"新地アクティビティーセンター","長野県木曽町日義5180-5","35.859714","137.751003"
"元原生活改善センター","長野県木曽町日義5246-1","35.867724","137.738641"
"神谷集会所","長野県木曽町日義757","35.912328","137.794413"
"山吹館","長野県木曽町日義94-1","35.888196","137.759186"
"砂ケ瀬センター","長野県木曽町日義986-1","35.894466","137.782029"
"木曽幼稚園","長野県木曽町福島1800-1","35.847242","137.697832"
"木曽青峰高等学校校庭","長野県木曽町福島1827-2","35.845836","137.696693"
"木曽青峰高等学校体育館","長野県木曽町福島1827-2","35.846254","137.697473"
"木曽福島駅前公園","長野県木曽町福島2014-14","35.844594","137.693639"
"老人憩の家","長野県木曽町福島2216","35.839371","137.695757"
"木曽福島浄化センター","長野県木曽町福島3767-1","35.822032","137.681046"
"川上正沢公民館","長野県木曽町福島392-2","35.838713","137.733373"
"道の駅木曽福島駐車場","長野県木曽町福島4061-1","35.817265","137.682542"
"山平クラブ","長野県木曽町福島4857-13","35.848603","137.698532"
"木曽町文化交流センター","長野県木曽町福島5129","35.849641","137.698406"
"木曽町文化交流センター前","長野県木曽町福島5129","35.849713","137.698249"
"御料館","長野県木曽町福島5471-1","35.853205","137.703687"
"木曽福島保健センター","長野県木曽町福島5764-5","35.851582","137.700506"
"福島小学校校庭","長野県木曽町福島5807-2","35.851737","137.699069"
"福島小学校","長野県木曽町福島5807-2","35.852398","137.69945"
"木曽郡民会館","長野県木曽町福島5808-3","35.851669","137.697803"
"中島集会所","長野県木曽町福島6229-2","35.843807","137.690281"
"木曽福島高齢者生活福祉センター","長野県木曽町福島6305","35.839784","137.686197"
"川西集会所","長野県木曽町福島6900-2","35.833138","137.68072"
"川合生活改善センター","長野県木曽町福島7219","35.822953","137.675063"
"木曽クリーンセンター","長野県木曽町福島7709","35.836994","137.667763"
"小木曽グランド","長野県木祖村大字小木曽105-1","35.956592","137.770227"
"味噌川ダム防災資料館","長野県木祖村大字小木曽1160-5","35.976562","137.772837"
"木祖村老人福祉センター","長野県木祖村大字小木曽1574-2","35.96314","137.767353"
"１２区公会所","長野県木祖村大字小木曽231","35.958681","137.770228"
"１５区公会所","長野県木祖村大字小木曽2725-1","35.968404","137.761312"
"１６区公会所","長野県木祖村大字小木曽3261-2","35.970666","137.756606"
"こだまの森管理棟及び関連施設","長野県木祖村大字小木曽3362","35.968174","137.746875"
"１７区公会所","長野県木祖村大字小木曽3901-1","35.974706","137.751003"
"１８区公会所","長野県木祖村大字小木曽4459-2","35.979498","137.746008"
"木祖村高齢者アパート","長野県木祖村大字小木曽500-35","35.955098","137.775365"
"１９区公会所","長野県木祖村大字小木曽5106-1","35.984302","137.74199"
"とちのみ保育園","長野県木祖村大字小木曽523","35.953861","137.77417"
"１３区公会所","長野県木祖村大字小木曽915","35.956946","137.7755"
"菅コミュニティー消防センター","長野県木祖村大字菅1024-1","35.932734","137.764871"
"菅北部集会所","長野県木祖村大字菅1823-1","35.948543","137.75083"
"吉田林業会館","長野県木祖村大字菅195-1","35.915505","137.769086"
"菅きさらぎの里運動公園","長野県木祖村大字菅2453","35.944777","137.757337"
"ほのぼのハウス","長野県木祖村大字菅2857-16","35.964796","137.741894"
"やぶはら高原スキー学校","長野県木祖村大字菅2968-13","35.965742","137.738867"
"菅公民館","長野県木祖村大字菅１３２４イ2","35.939319","137.760953"
"笑ん館","長野県木祖村大字薮原1019-1","35.936659","137.784272"
"町並集会施設ときわ","長野県木祖村大字薮原1111-1","35.937132","137.78474"
"木祖村社会体育館","長野県木祖村大字薮原1191-1","35.93534","137.782996"
"木祖小学校体育館","長野県木祖村大字薮原1563","35.939425","137.782422"
"木祖村道の駅（げんき屋）","長野県木祖村大字薮原163-1","35.93069","137.785741"
"わら原生活改善センター","長野県木祖村大字薮原1826","35.946671","137.778039"
"木祖村民センター","長野県木祖村大字薮原196","35.931322","137.783555"
"木祖村転作研修センター","長野県木祖村大字薮原250-2","35.933552","137.784667"
"木祖中学校体育館","長野県木祖村大字薮原461","35.938536","137.788709"
"木祖村青年の家","長野県木祖村大字薮原607-2","35.94175","137.786644"
"青木原工場地（中田産業）","長野県木祖村大字薮原770-1","35.947309","137.786487"
"特別養護老人ホーム　サニーヒルきそ","長野県木祖村大字薮原842-2","35.944028","137.784547"
"おひさま保育園及び駐車場","長野県木島平村大字往郷2995-1","36.848551","138.417315"
"ケヤキの森公園（グラウンド及び屋内運動場含む）","長野県木島平村大字往郷3507-2","36.850289","138.418619"
"木島平小学校及びグラウンド","長野県木島平村大字往郷3532","36.84885","138.415167"
"木島平中学校","長野県木島平村大字往郷839","36.853198","138.407094"
"木島平中学校及びグラウンド","長野県木島平村大字往郷839","36.853201","138.407094"
"木島平村若者センター","長野県木島平村大字往郷911-7","36.857387","138.407158"
"木島平村体育館及び前庭","長野県木島平村大字往郷991-5","36.857563","138.406305"
"農村交流館及びグラウンド","長野県木島平村大字上木島1762","36.837078","138.406762"
"観光交流センター","長野県木島平村大字上木島2549","36.832449","138.411316"
"スキー場山麓駐車場","長野県木島平村大字上木島3101-2","36.828016","138.405504"
"総合グラウンド","長野県木島平村大字上木島3139","36.829631","138.405815"
"木島平浄化センター及び駐車場","長野県木島平村大字上木島463-1","36.845441","138.399808"
"ながの農協木島平カントリーエレベーター駐車場","長野県木島平村大字上木島465","36.845604","138.399127"
"下高井農林高校及びグラウンド","長野県木島平村大字穂高2975","36.863073","138.407136"
"七ケ巻集会所","長野県野沢温泉村大字七ケ巻389-1","36.973977","138.462325"
"虫生集会所","長野県野沢温泉村大字虫生1091","36.955834","138.446184"
"こばと保育園","長野県野沢温泉村大字虫生345-1","36.949164","138.437076"
"矢垂地域防災センター","長野県野沢温泉村大字虫生41-1","36.944385","138.436623"
"坪山集落センター","長野県野沢温泉村大字坪山306","36.931334","138.424401"
"東大滝集落センター","長野県野沢温泉村大字東大滝297","36.978712","138.493417"
"明石集会所","長野県野沢温泉村大字東大滝834","36.982484","138.516931"
"平林区民センター","長野県野沢温泉村大字平林797","36.941902","138.430951"
"重地原コミュニティーセンター","長野県野沢温泉村大字豊郷3143-6","36.921058","138.421227"
"前坂公民館","長野県野沢温泉村大字豊郷4717-1","36.91426","138.432036"
"村営南原運動運動場","長野県野沢温泉村大字豊郷6573-2","36.911538","138.44178"
"中尾集落センター","長野県野沢温泉村大字豊郷6573-2","36.916542","138.443186"
"新田生活改善センター","長野県野沢温泉村大字豊郷6762-1","36.919953","138.445525"
"秋葉生活改善センター","長野県野沢温泉村大字豊郷7748-1","36.920752","138.4494"
"麻釜集会所","長野県野沢温泉村大字豊郷8750-7","36.924272","138.446722"
"真湯生活改善センター","長野県野沢温泉村大字豊郷8852-2","36.925126","138.446117"
"寺湯農業生活改善センター","長野県野沢温泉村大字豊郷8935-1","36.924014","138.444447"
"林業センター","長野県野沢温泉村大字豊郷9332","36.922899","138.449227"
"農村婦人の家","長野県野沢温泉村大字豊郷９１９８－ロ","36.922941","138.443849"
"立科町老人福祉センター","長野県立科町大字芦田2523","36.271006","138.315102"
"立科中学校","長野県立科町大字芦田3265-1","36.285973","138.318587"
"蓼科高等学校","長野県立科町大字芦田3652","36.287282","138.312641"
"立科小学校","長野県立科町大字芦田3700","36.282824","138.31511"
"立科体育センター","長野県立科町大字芦田3752-1","36.279709","138.312566"
"女神湖体育館","長野県立科町大字芦田八ケ野1001","36.133388","138.269157"