"施設名","所在地","緯度","経度"
"伊野中学校校舎３Ｆ、屋上","高知県いの町1152","33.545152","133.429884"
"伊野中学校校舎１Ｆから２Ｆ・体育館・運動場","高知県いの町1152","33.545203","133.43085"
"高知県伊野合同庁舎屋上","高知県いの町1381","33.546934","133.432816"
"すこやかセンター伊野多目的広場、駐車場","高知県いの町1400","33.54695","133.431356"
"是友防災備蓄倉庫防災研修室、屋上、広場","高知県いの町158-2","33.548018","133.443321"
"いの町役場立体駐車場","高知県いの町1700","33.548889","133.426748"
"琴平公園","高知県いの町2256-1","33.548972","133.428195"
"日本製紙パピリア高知工場大土佐寮（階段踊場、洗濯室、屋上）","高知県いの町2287-1","33.550124","133.428448"
"和光山本願寺","高知県いの町2847","33.551146","133.424009"
"伊野公民館","高知県いの町3597","33.548766","133.42606"
"天理教伊野大教会","高知県いの町3645","33.548656","133.424084"
"仁淀川漁協３階会議室","高知県いの町4055-5","33.543814","133.426732"
"ＪＡ高知県伊野支所ホール","高知県いの町駅前町221","33.54818","133.430837"
"越裏門小学校運動場","高知県いの町越裏門340-8","33.730255","133.233334"
"吾北運動場","高知県いの町下八川丁3800","33.605407","133.297861"
"旧神谷中学校運動場","高知県いの町加田2479","33.551664","133.390983"
"旧天理教渦ノ谷布教所","高知県いの町加田2633-1","33.553435","133.413583"
"星神社","高知県いの町加田2896-1","33.549205","133.39536"
"観音様","高知県いの町加田429","33.549987","133.396733"
"川内小学校運動場","高知県いの町鎌田216","33.542113","133.418949"
"紙の博物館駐車場","高知県いの町幸町110-1","33.547602","133.422942"
"紙の博物館","高知県いの町幸町110-1","33.54786","133.423284"
"西岡酒店社宅（３Ｆから４Ｆの通路、階段及び踊場）","高知県いの町幸町3","33.546844","133.424753"
"サンシャインラヴィーナ駐車場","高知県いの町枝川1133","33.551424","133.453429"
"高知ニュードライバー学院ホール","高知県いの町枝川282","33.554","133.45047"
"枝川小学校運動場、体育館","高知県いの町枝川2964-1","33.553856","133.459341"
"伊野商業高等学校運動場","高知県いの町枝川332-1","33.551237","133.445782"
"高知西バイパス管理道","高知県いの町枝川5439","33.547886","133.45131"
"八代公園","高知県いの町枝川５８５８－ロ","33.55978","133.462461"
"道の駅土佐和紙工芸村駐車場","高知県いの町鹿敷1226","33.573605","133.366092"
"丸英製紙第２工場","高知県いの町鹿敷401-1","33.567126","133.36713"
"とさ自由学校運動場","高知県いの町勝賀瀬4387","33.586035","133.364438"
"住吉神社","高知県いの町勝賀瀬523","33.57806","133.353616"
"吾北小学校運動場","高知県いの町小川西津賀才553","33.630444","133.284375"
"吾北中学校運動場","高知県いの町上八川甲3047","33.647943","133.342977"
"神谷小・中学校運動場","高知県いの町神谷694","33.553807","133.386154"
"清水公民館、駐車場","高知県いの町清水下分1000","33.67728","133.33907"
"清水第一小学校・グラウンド","高知県いの町清水上分2327-3","33.683655","133.340371"
"仁淀ハイツ（３Ｆから６Ｆの通路及び階段踊場、屋上通路）","高知県いの町西町71","33.550055","133.4225"
"日本製紙パピリア高知工場西地社宅（通路、階段踊場","高知県いの町西町79","33.55005","133.422172"
"南の谷集落センター屋上","高知県いの町大内2437","33.527522","133.42431"
"小八十広場","高知県いの町大内3658","33.534106","133.426204"
"大内農村婦人の家屋上","高知県いの町大内637-1","33.532863","133.427182"
"中追西共同館","高知県いの町中追2188","33.618019","133.372546"
"中追東農業共同館","高知県いの町中追442","33.606618","133.383442"
"本川中学校運動場","高知県いの町長沢22-1","33.726597","133.306765"
"サンプラザ新鮮館天王駐車場","高知県いの町天王南4-1-2","33.53051","133.448368"
"天王コミュニティセンター駐車場、センター","高知県いの町天王南5-2-9","33.530938","133.449055"
"いの町総合運動場テニス場","高知県いの町天王南6-9","33.533616","133.451658"
"内野公園","高知県いの町内野北町103","33.552344","133.429939"
"亀の井ホテル高知宿泊施設","高知県いの町波川1569","33.544755","133.418375"
"高知県立農業大学校グラウンド","高知県いの町波川232","33.542921","133.408122"
"高知県立農業大学校体育館","高知県いの町波川234","33.542569","133.40906"
"高知県立農業大学校駐車場","高知県いの町波川234","33.5426","133.409425"
"ケアハウスいの屋上","高知県いの町波川560-2","33.546504","133.41089"
"いの町総合運動場野球場、グラウンド","高知県いの町八田1711","33.527261","133.44131"
"伊野南中学校運動場","高知県いの町八田2300","33.53094","133.439432"
"伊野南中学校ピロティ","高知県いの町八田2300","33.531597","133.440903"
"伊野南小学校運動場","高知県いの町八田2321","33.52956","133.438455"
"若宮様","高知県いの町八田2459","33.522679","133.434798"
"水辺の駅あいの里駐車場","高知県いの町柳瀬本村551","33.560809","133.332077"
"伊野小学校運動場","高知県いの町柳町12","33.549831","133.425931"
"伊野小学校体育館３Ｆ防災倉庫・メンテナンス通路","高知県いの町柳町12","33.550535","133.426374"
"本川小学校運動場","高知県いの町脇ノ山228-7","33.778792","133.346634"
"脇ノ山公民館（公民館、駐車場）","高知県いの町脇ノ山264-2","33.773246","133.340706"
"岡集会所","高知県安芸市伊尾木1230-1","33.495604","133.931357"
"伊尾木公民館","高知県安芸市伊尾木195-1","33.491157","133.932044"
"宮田岡集会所","高知県安芸市伊尾木2605","33.501195","133.937089"
"津波避難タワ－９号（伊尾木中組西）","高知県安芸市伊尾木267-1","33.49199","133.928533"
"伊尾木中村集会所","高知県安芸市伊尾木297-1","33.491931","133.930445"
"津波避難タワ－１０号（伊尾木中組東）","高知県安芸市伊尾木3718-19","33.491202","133.929284"
"伊尾木小学校（校庭）","高知県安芸市伊尾木3719","33.489133","133.933253"
"伊尾木小学校（体育館）","高知県安芸市伊尾木3719","33.489581","133.932877"
"東組集会所","高知県安芸市伊尾木3719-1","33.488365","133.934699"
"中組集会所","高知県安芸市伊尾木3719-36","33.491184","133.929099"
"津波避難タワ－８号（伊尾木西組）","高知県安芸市伊尾木493-15","33.493819","133.924986"
"西組集会所","高知県安芸市伊尾木772-25","33.493989","133.926272"
"伊尾木保育所（園舎）","高知県安芸市伊尾木818","33.493959","133.930526"
"伊尾木保育所（園庭）","高知県安芸市伊尾木818","33.493798","133.930451"
"松原集会所","高知県安芸市井ノ口乙1526","33.541025","133.894841"
"宮ノ上集会所","高知県安芸市井ノ口乙2072-1","33.547764","133.893479"
"黒岩集会所","高知県安芸市井ノ口乙498","33.535","133.896825"
"井ノ口保育所（園舎）","高知県安芸市井ノ口乙72","33.532096","133.89988"
"井ノ口保育所（園庭）","高知県安芸市井ノ口乙72","33.5319","133.899827"
"井ノ口小学校（体育館）","高知県安芸市井ノ口乙81","33.532759","133.897696"
"井ノ口小学校（校庭）","高知県安芸市井ノ口乙81","33.532397","133.898618"
"横立集会所","高知県安芸市井ノ口乙860-3","33.537928","133.899069"
"国重集会所","高知県安芸市井ノ口乙921-1","33.538809","133.89739"
"山田グラウンド","高知県安芸市井ノ口乙河川敷","33.545489","133.897932"
"一ノ宮（過疎団地）集会所","高知県安芸市井ノ口甲1161","33.521766","133.897867"
"一ノ宮集会所","高知県安芸市井ノ口甲2185","33.527028","133.900565"
"井ノ口公民館","高知県安芸市井ノ口甲2556-1","33.531726","133.897862"
"高台寺集会所","高知県安芸市井ノ口甲689-3","33.51734","133.898018"
"東部生コンクリート㈱（骨材サイロヤード）","高知県安芸市下山1606","33.485546","133.938478"
"不動集会所","高知県安芸市下山2161-3","33.48402","133.938349"
"下山集会所","高知県安芸市下山2449-1","33.45069","133.950588"
"下山駅ホーム","高知県安芸市下山386","33.458255","133.947899"
"下山公民館","高知県安芸市下山410-2","33.457766","133.946517"
"下山小学校（体育館）","高知県安芸市下山456","33.460462","133.94608"
"下山小学校（校庭）","高知県安芸市下山456","33.46074","133.945844"
"安芸第一小学校（屋上）","高知県安芸市久世町4-13","33.501093","133.904037"
"安芸第一小学校（クラブハウス）","高知県安芸市久世町4-13","33.500753","133.904858"
"安芸第一小学校（校庭）","高知県安芸市久世町4-13","33.500919","133.904171"
"安芸第一小学校（西体育館）","高知県安芸市久世町4-13","33.501017","133.903474"
"すまいるあき","高知県安芸市久世町9-20","33.501106","133.902696"
"八丁集会所","高知県安芸市穴内乙1342","33.508861","133.864068"
"穴内公民館","高知県安芸市穴内乙1479","33.507767","133.857027"
"穴内小学校（校庭）","高知県安芸市穴内乙1674","33.509965","133.860124"
"穴内小学校（体育館）","高知県安芸市穴内乙1674","33.510041","133.860424"
"穴内保育所（園舎）","高知県安芸市穴内乙1688","33.509741","133.860532"
"穴内保育所（園庭）","高知県安芸市穴内乙1688","33.509661","133.860537"
"八丁ノ下集会所","高知県安芸市穴内乙196-1","33.505335","133.863439"
"穴内駅ホーム","高知県安芸市穴内乙234","33.506197","133.863933"
"穴内大平・新城集会所","高知県安芸市穴内乙917-9","33.506292","133.87331"
"奥ノ谷集会所","高知県安芸市穴内甲1475","33.518704","133.857432"
"穴内立花集会所","高知県安芸市穴内甲2630-1","33.523404","133.865872"
"穴内西地集会所","高知県安芸市穴内甲3195-1","33.512312","133.856241"
"古井小中学校（校庭）　※休校","高知県安芸市古井225","33.635135","134.007155"
"津波避難タワ－１号（港町１丁目）","高知県安芸市港町1-674-10","33.499611","133.912353"
"港町集会所","高知県安芸市港町1-737-12","33.497858","133.912332"
"高知高須病院附属安芸診療所","高知県安芸市港町2-635","33.500863","133.91332"
"黒瀬集会所","高知県安芸市黒瀬151-1","33.565034","133.970801"
"黒鳥公民館","高知県安芸市黒鳥976","33.510521","133.89839"
"安芸市総合運動場","高知県安芸市桜ケ丘町","33.50446","133.891729"
"球場前駅ホーム","高知県安芸市桜ケ丘町2250","33.502699","133.891377"
"ＮＴＴ西日本安芸電話交換所","高知県安芸市寿町3-32","33.499093","133.903601"
"上尾川小中学校（体育館）　※休校","高知県安芸市上尾川乙378","33.590295","133.877463"
"上尾川小中学校（校庭）　※休校","高知県安芸市上尾川乙378","33.590577","133.877436"
"ニッポン高度紙工業（グラウンド）","高知県安芸市植野1","33.517332","133.893765"
"県立安芸中・高等学校（北舎屋上）","高知県安芸市清和町1-54","33.499629","133.900775"
"清和集会所","高知県安芸市清和町4-19","33.500099","133.897763"
"安芸市防災センター","高知県安芸市西浜190-1","33.509333","133.904601"
"馬ノ丁集会所","高知県安芸市西浜3718","33.505875","133.881967"
"安芸おひさま保育所（園庭）","高知県安芸市西浜570","33.509606","133.896507"
"安芸おひさま保育所（園舎）","高知県安芸市西浜570","33.509923","133.896013"
"安芸中学校（屋上）","高知県安芸市西浜95-1","33.506609","133.902997"
"安芸中学校（体育館）","高知県安芸市西浜95-1","33.506425","133.902219"
"安芸中学校（校庭）","高知県安芸市西浜95-1","33.50588","133.902659"
"赤野小学校（体育館）","高知県安芸市赤野乙1016","33.517591","133.829516"
"赤野小学校（校庭）","高知県安芸市赤野乙1016","33.517828","133.829023"
"叶岡集会所","高知県安芸市赤野乙155-2","33.518448","133.821715"
"赤野西寄集会所","高知県安芸市赤野乙2017","33.519834","133.82916"
"赤野駅ホーム","高知県安芸市赤野乙2933","33.515999","133.824972"
"東赤野集会所","高知県安芸市赤野乙3061-1","33.516391","133.838297"
"赤野公民館","高知県安芸市赤野乙44","33.517002","133.829342"
"赤野保育所（園舎）","高知県安芸市赤野乙49-3","33.517419","133.829274"
"赤野保育所（園庭）","高知県安芸市赤野乙49-3","33.517334","133.828969"
"住吉集会所","高知県安芸市赤野乙91-8","33.516369","133.827342"
"太夫屋地集会所","高知県安芸市赤野甲2709","33.516175","133.849611"
"赤野山田集会所","高知県安芸市赤野甲938-2","33.507923","133.840175"
"桜浜集会所","高知県安芸市赤野甲２１４－イ","33.514956","133.835338"
"千歳集会所","高知県安芸市千歳町8-22","33.501011","133.894766"
"内原野体育館","高知県安芸市川北乙1606","33.528649","133.91037"
"内原野団地集会所","高知県安芸市川北乙1723-2","33.529484","133.914533"
"江川公民館","高知県安芸市川北乙587","33.523229","133.91817"
"津波避難タワ－６号（川北片町）","高知県安芸市川北甲1451","33.498655","133.919542"
"ケアハウス安芸","高知県安芸市川北甲1812-15","33.49804","133.915412"
"津波避難タワ－５号（川北西ノ島）","高知県安芸市川北甲2043-1","33.504159","133.9201"
"西ノ島集会所","高知県安芸市川北甲2043-4","33.50424","133.919977"
"川北公民館","高知県安芸市川北甲2588-1","33.502567","133.926307"
"川北小学校（校庭）","高知県安芸市川北甲2595","33.50263","133.925384"
"川北小学校（体育館）","高知県安芸市川北甲2595","33.502826","133.926066"
"川北小学校（屋上）","高知県安芸市川北甲2595","33.503046","133.925486"
"久保田集会所","高知県安芸市川北甲2666","33.507541","133.926717"
"花集会所","高知県安芸市川北甲3314-1","33.510404","133.948899"
"清香園","高知県安芸市川北甲3731","33.509426","133.933526"
"キセキレイの里（地域交流スペース）","高知県安芸市川北甲3731","33.509945","133.933655"
"清水寺岡集会所","高知県安芸市川北甲4902-4","33.513713","133.921742"
"八幡集会所","高知県安芸市川北甲5437-1","33.511043","133.921683"
"清水ケ丘体育館","高知県安芸市川北甲5552","33.510128","133.919412"
"清水ケ丘中学校（体育館）","高知県安芸市川北甲5685","33.511425","133.919364"
"清水ケ丘中学校校庭","高知県安芸市川北甲5685","33.510808","133.919525"
"川北岡集会所","高知県安芸市川北甲6715-2","33.507076","133.934971"
"津波避難タワ－７号（川北新町）","高知県安芸市川北甲7102-3","33.497492","133.920749"
"マリンプラザ","高知県安芸市川北甲943-31","33.4988","133.924623"
"染井集会所","高知県安芸市染井町2-4","33.502547","133.897485"
"安芸市民館本館","高知県安芸市染井町8-31","33.50235","133.892174"
"僧津集会所","高知県安芸市僧津433","33.524428","133.907193"
"大井公民館","高知県安芸市大井乙146-1","33.582107","133.980624"
"八ノ谷集会所","高知県安芸市大井甲1055","33.566168","133.942259"
"津久茂公民館","高知県安芸市津久茂町11-21","33.503024","133.885196"
"中之橋上公園","高知県安芸市土居1035","33.516332","133.916416"
"土居保育所（園舎）","高知県安芸市土居1056","33.517338","133.91499"
"土居保育所（園庭）","高知県安芸市土居1056","33.517132","133.915232"
"土居小学校（校庭）","高知県安芸市土居1097","33.516745","133.912937"
"土居小学校（体育館）","高知県安芸市土居1097","33.516526","133.912508"
"土居小学校（屋上）","高知県安芸市土居1097","33.516977","133.912771"
"土居上中・下中集会所","高知県安芸市土居1464-1","33.512312","133.912516"
"津波避難タワ－４号（土居）","高知県安芸市土居1885-1","33.507293","133.913198"
"春日玉造集会所","高知県安芸市土居1985-1","33.506971","133.912275"
"土居公民館","高知県安芸市土居695-3","33.517668","133.912055"
"福井ケ内集会所","高知県安芸市土居9","33.520235","133.90674"
"柳田集会所","高知県安芸市東浜202-4","33.507272","133.906075"
"土佐くろしお鉄道安芸事業本部（駅ホーム）","高知県安芸市東浜300-4","33.504897","133.906413"
"栃ノ木東地集会所","高知県安芸市栃ノ木1011-1","33.557784","133.903629"
"栃ノ木公民館","高知県安芸市栃ノ木54-2","33.555513","133.900518"
"栃ノ木公民館広場","高知県安芸市栃ノ木54-2","33.55533","133.900352"
"奈比賀公民館","高知県安芸市奈比賀365-1","33.527908","133.952801"
"川北小学校奈比賀分校（校庭）","高知県安芸市奈比賀950","33.524175","133.951549"
"川北小学校奈比賀分校（体育館）","高知県安芸市奈比賀950","33.524367","133.951555"
"ひのでの館（屋上）","高知県安芸市日ノ出町7","33.497411","133.908042"
"日ノ出集会所","高知県安芸市日ノ出町9-24","33.496899","133.909456"
"東川公民館","高知県安芸市入河内588","33.555884","133.959107"
"東川小中学校（体育館）","高知県安芸市入河内710","33.55724","133.960812"
"東川小中学校（校庭）","高知県安芸市入河内710","33.557379","133.960243"
"畑山ふるさと交流センター","高知県安芸市畑山乙381","33.621696","133.924248"
"畑山公民館広場","高知県安芸市畑山乙381","33.622035","133.923893"
"畑山公民館","高知県安芸市畑山乙381","33.622384","133.924366"
"別役公民館","高知県安芸市別役254-33","33.69346","134.036371"
"宝永集会所","高知県安芸市宝永町7-41","33.505814","133.898806"
"森澤病院","高知県安芸市本町2-13-32","33.498705","133.908493"
"安芸市民館別館","高知県安芸市本町5-17-2","33.502148","133.892242"
"津波避難タワ－３号（本町５丁目）","高知県安芸市本町5-2200-1","33.501298","133.89449"
"朝霧公園","高知県安芸市矢ノ丸1-11","33.50207","133.9115"
"高知県安芸総合庁舎（屋上）","高知県安芸市矢ノ丸1-4-36","33.502529","133.907726"
"ホテルタマイ","高知県安芸市矢ノ丸1-6-31","33.501992","133.908598"
"橋之元公園","高知県安芸市矢ノ丸1-7","33.501431","133.90731"
"江ノ川上公園","高知県安芸市矢ノ丸2-5","33.503648","133.902772"
"ＥＡＳＴマリンクリニック","高知県安芸市矢ノ丸3-1-25","33.503191","133.907792"
"安芸市体育館","高知県安芸市矢ノ丸3-11","33.503526","133.911587"
"津波避難タワ－２号（港町２丁目）","高知県安芸市矢ノ丸3-11","33.503294","133.911756"
"安芸市女性の家","高知県安芸市矢ノ丸3-12-27","33.503133","133.911311"
"矢ノ丸保育園園庭","高知県安芸市矢ノ丸3-13-21","33.502493","133.911241"
"川向集会所","高知県安芸市矢ノ丸3-9-24","33.503117","133.91027"
"町営住宅不動団地","高知県安田町大字安田","33.437343","133.985672"
"安田小学校体育館","高知県安田町大字安田1538","33.439488","133.981557"
"庄田集会所","高知県安田町大字安田2036","33.441314","133.982763"
"安田町地域ふれあいセンター","高知県安田町大字安田2111-1","33.438319","133.980538"
"多目的施設","高知県安田町大字安田2168","33.438391","133.980157"
"不動集会所","高知県安田町大字安田2687-1","33.431531","133.987767"
"薬師第１集会所","高知県安田町大字安田2752-52","33.438506","133.975481"
"間下集会所","高知県安田町大字間下414","33.468643","133.991322"
"小川集会所","高知県安田町大字小川48-2","33.51045","134.012468"
"瀬切集会所","高知県安田町大字瀬切382-2","33.523249","134.034787"
"日浦集会所","高知県安田町大字正弘1386","33.489168","134.001646"
"正弘集会所","高知県安田町大字正弘585-1","33.480334","133.999853"
"和田集会所","高知県安田町大字正弘60","33.475599","133.998669"
"旧中山小中学校体育館","高知県安田町大字正弘１５３８－イ","33.485618","134.001238"
"中山公民館","高知県安田町大字正弘７１６－イ","33.481846","134.001087"
"西ノ川集会所","高知県安田町大字西ノ川133-1","33.494541","133.994651"
"安田さくら園","高知県安田町大字西島2-1","33.442279","133.983584"
"西島老人里の家","高知県安田町大字西島392","33.446618","133.983274"
"安田町文化センター","高知県安田町大字西島40-2","33.443162","133.984104"
"東島老人憩の家","高知県安田町大字西島72-1","33.449054","133.98653"
"安田町高齢者福祉センター","高知県安田町大字西島72-1","33.443036","133.985089"
"アユおどる清流キャンプ場","高知県安田町大字船倉500","33.51436","134.023202"
"中ノ川集会所","高知県安田町大字中ノ川558","33.502256","133.998571"
"中里拓心会館","高知県安田町大字中里86","33.518673","134.022778"
"安田町津波避難タワ－２号","高知県安田町大字唐浜","33.442049","133.970806"
"旧薬師団地跡","高知県安田町大字唐浜","33.440295","133.975334"
"薬師寺（東谷）","高知県安田町大字唐浜","33.44561","133.971986"
"東谷集会所","高知県安田町大字唐浜1131","33.44572","133.970087"
"安田町立福祉館","高知県安田町大字唐浜1257-2","33.44055","133.972773"
"薬師第２集会所","高知県安田町大字唐浜2259-1","33.441049","133.973633"
"安田町津波避難タワ－３号","高知県安田町大字唐浜2332-1","33.438471","133.976466"
"唐浜東集会所","高知県安田町大字唐浜2376-1","33.441192","133.969219"
"西北集会所","高知県安田町大字唐浜61-1","33.447448","133.960058"
"安田町津波避難タワ－１号","高知県安田町大字唐浜742","33.444019","133.964144"
"唐浜集会所","高知県安田町大字唐浜815","33.442488","133.966052"
"城集会所","高知県安田町大字東島2571","33.444304","133.995444"
"ヲカ集会所","高知県安田町大字東島3391-12","33.449627","133.993075"
"井ノ岡集会所","高知県安田町大字東島3674-7","33.456192","133.990171"
"中村東集会所","高知県安田町大字東島4894-3","33.449082","133.991807"
"射場集会所","高知県安田町大字東島839-1","33.446749","133.992609"
"中村西集会所","高知県安田町大字東島868-2","33.449976","133.98617"
"安田川ほたるの里河川公園","高知県安田町大字内京坊","33.4729","133.993442"
"内京坊集会所","高知県安田町大字内京坊476","33.471678","133.996087"
"別所集会所","高知県安田町大字別所46","33.489334","134.00374"
"与床集会所","高知県安田町大字与床321","33.495865","134.011372"
"遊行寺集会所","高知県越知町越知乙399-1","33.526646","133.232316"
"子育て支援センター","高知県越知町越知甲1055","33.531548","133.260736"
"越知小学校","高知県越知町越知甲1963-1","33.533461","133.252393"
"東町集会所","高知県越知町越知甲1979","33.53324","133.252779"
"基幹集落センター","高知県越知町越知甲2387","33.532676","133.248066"
"黒住教会","高知県越知町越知甲2486","33.531172","133.24749"
"公営住宅小舟団地集会所","高知県越知町越知甲88","33.532231","133.263427"
"上ノ峠集会所","高知県越知町越知丁3302","33.54651","133.20382"
"楠神集会所","高知県越知町越知丁666-1","33.540218","133.226162"
"文徳集会所","高知県越知町越知丙144-13","33.528293","133.239756"
"横畠西部老人里の家","高知県越知町横畠中1765","33.566412","133.227716"
"横畠西部集落活動センター","高知県越知町横畠中1847","33.56621","133.227934"
"栗ノ木集会所","高知県越知町横畠中2773-1","33.563649","133.225815"
"清水集会所","高知県越知町横畠中4190-1","33.568375","133.222063"
"袖野集会所","高知県越知町横畠中513","33.563684","133.229912"
"堂ノ岡集会所","高知県越知町横畠東1-2","33.549277","133.246275"
"横畠本村集会所","高知県越知町横畠東271-1","33.553423","133.247623"
"栂ノ森集会所","高知県越知町横畠東823","33.552364","133.238536"
"柚ノ木集会所","高知県越知町横畠南2014","33.556507","133.22725"
"後山集会所","高知県越知町横畠南3620","33.545648","133.239892"
"筏津集会所","高知県越知町横畠北181","33.563258","133.213677"
"稲村集会所","高知県越知町横畠北3074","33.586984","133.221186"
"深瀬集会所","高知県越知町横畠北764","33.569627","133.217298"
"桑薮集会所","高知県越知町鎌井田桑薮1242-2","33.596462","133.254231"
"清助集会所","高知県越知町鎌井田清助153-1","33.590741","133.227999"
"日ノ浦集会所","高知県越知町鎌井田日ノ浦502","33.587376","133.229871"
"京仲集会所","高知県越知町鎌井田本村5530","33.579347","133.24837"
"鎌井田老人里の家","高知県越知町鎌井田本村682","33.569946","133.254595"
"明治西部公民館","高知県越知町鎌井田本村8720-1","33.570229","133.251953"
"宮地集会所","高知県越知町宮地568-1","33.546109","133.251617"
"栃ノ木集会所","高知県越知町桐見川280","33.512412","133.170669"
"桐見川１区集会所","高知県越知町桐見川2890-1","33.504057","133.157907"
"桐見川２区集会所","高知県越知町桐見川4530","33.504276","133.168834"
"桐見川合同集会所","高知県越知町桐見川5180","33.507251","133.160702"
"桐見川公民館","高知県越知町桐見川866","33.506407","133.16577"
"五味集会所","高知県越知町五味382","33.527177","133.22094"
"宮ケ奈路集会所","高知県越知町黒瀬1565","33.588661","133.304151"
"黒瀬集会所","高知県越知町黒瀬261","33.573359","133.299248"
"今成集会所","高知県越知町今成25-1","33.541157","133.246134"
"佐之国集会所","高知県越知町佐之国2539","33.498798","133.192589"
"山室農林協同館","高知県越知町山室183","33.512353","133.244734"
"柴尾集会所","高知県越知町柴尾1009-3","33.541663","133.261641"
"浅尾集会所","高知県越知町浅尾748","33.565105","133.257184"
"大平集会所","高知県越知町大平1077","33.521948","133.186595"
"中大平公民館","高知県越知町中大平1452","33.517384","133.192803"
"堂林集会所","高知県越知町長者甲1593","33.488699","133.151684"
"小日浦集会所","高知県越知町南ノ川1334","33.489397","133.180068"
"南ノ川集会所","高知県越知町南ノ川2978-3","33.48998","133.162879"
"南ノ川２区集会所","高知県越知町南ノ川3278","33.489432","133.155395"
"南片岡農林協同館","高知県越知町南片岡1578","33.569648","133.288085"
"片岡集会所","高知県越知町片岡1055","33.573069","133.284387"
"明治東部公民館","高知県越知町片岡1217","33.572725","133.285079"
"谷ノ内高齢者活動促進施設","高知県越知町片岡4375","33.586017","133.273117"
"熊秋集会所","高知県越知町野老山1283-3","33.56718","133.202839"
"野老山本村集会所","高知県越知町野老山1898","33.560478","133.207685"
"野老山公民館","高知県越知町野老山2033","33.559901","133.209071"
"中村集会所","高知県越知町野老山3560","33.556996","133.203591"
"八ヶ窪集会所","高知県越知町野老山4172-1","33.558197","133.201934"
"芸西村山の家","高知県芸西村久重608-1","33.567821","133.838799"
"和食駅","高知県芸西村芸西村和食甲69-1","33.517949","133.809691"
"㈱アオイコーポレーション敷地","高知県芸西村西分乙1273-1","33.519277","133.778513"
"洋寿荘","高知県芸西村西分乙297","33.51635","133.772365"
"旧洋寿荘跡地","高知県芸西村西分乙631","33.518114","133.775231"
"高台","高知県芸西村西分甲1129-1","33.522099","133.787351"
"永正寺","高知県芸西村西分甲1143","33.52909","133.801497"
"郷西集会所","高知県芸西村西分甲1145","33.528841","133.801478"
"長谷集会所","高知県芸西村西分甲2196-1","33.521149","133.788953"
"ロイヤルホテル土佐","高知県芸西村西分甲2995","33.52276","133.785439"
"飯森","高知県芸西村西分甲2995","33.520294","133.785815"
"黒潮カントリー入口","高知県芸西村西分甲3789","33.52573","133.793528"
"西の丘団地北道路","高知県芸西村西分甲4033-2","33.528986","133.798031"
"第二集会所","高知県芸西村西分甲5082-3","33.51818","133.787698"
"長谷寄津波避難タワー","高知県芸西村西分甲5082-3","33.518039","133.787844"
"第一集会所","高知県芸西村西分甲5082-313","33.518205","133.790197"
"松原津波避難タワー","高知県芸西村西分甲5082-348","33.517971","133.795569"
"西分浜西集会所","高知県芸西村西分甲5082-36","33.518112","133.783026"
"西分浜中集会所","高知県芸西村西分甲5082-365","33.518159","133.78544"
"西分駅","高知県芸西村西分甲5082-389","33.517816","133.790471"
"高台","高知県芸西村西分甲5165","33.519447","133.781402"
"高台","高知県芸西村西分甲5175","33.519702","133.784867"
"白石宅北","高知県芸西村西分甲5250","33.52378","133.789797"
"お地蔵さん北","高知県芸西村西分甲5340","33.523398","133.791587"
"郷中・東集会所","高知県芸西村西分甲641-1","33.5313","133.804758"
"天満宮","高知県芸西村西分甲852","33.533481","133.80398"
"松原集会所","高知県芸西村西分甲２５６２－ロ","33.518522","133.798208"
"神楽伝承館","高知県芸西村道家486-2","33.571721","133.825245"
"中集会所","高知県芸西村馬ノ上1061-1","33.531928","133.812703"
"西集会所","高知県芸西村馬ノ上1061-1","33.532044","133.812242"
"瓜生谷コニュニティーセンター","高知県芸西村馬ノ上3481-4","33.543056","133.810204"
"芝集会所","高知県芸西村馬ノ上400-3","33.534561","133.818192"
"土居集会所","高知県芸西村馬ノ上732","33.533713","133.815861"
"井上集会所","高知県芸西村馬ノ上815-2","33.531847","133.814291"
"津野集会所","高知県芸西村和食乙228-1","33.527362","133.825957"
"老人福祉センター","高知県芸西村和食甲1290","33.526629","133.808782"
"中村集会所","高知県芸西村和食甲1327","33.525846","133.809195"
"正路集会所","高知県芸西村和食甲1602","33.519975","133.813082"
"下組集会所","高知県芸西村和食甲1778-1","33.520692","133.810135"
"下中集会所","高知県芸西村和食甲2115","33.522784","133.809393"
"芸西村立中学校校舎","高知県芸西村和食甲2265","33.524683","133.811988"
"北組集会所","高知県芸西村和食甲2476","33.52509","133.811501"
"西組集会所","高知県芸西村和食甲2860","33.527563","133.811365"
"八幡宮広場","高知県芸西村和食甲3914","33.520985","133.815072"
"芸西村の家","高知県芸西村和食甲4525","33.529305","133.81829"
"津波避難施設（浜浦集会所）","高知県芸西村和食甲4646-2","33.517541","133.813129"
"叶木集会所","高知県芸西村和食甲4646-80","33.517473","133.815296"
"琴ヶ浜松林","高知県芸西村和食甲4647-2","33.518263","133.80193"
"琴ヶ浜集会所","高知県芸西村和食甲4647-30","33.517729","133.809405"
"村道　吉野線","高知県芸西村和食甲5369","33.527735","133.816079"
"村道　宮ノ東線","高知県芸西村和食甲5547","33.524777","133.815105"
"極楽集会所","高知県芸西村和食甲5812-8","33.523445","133.817928"
"琴ヶ浜ふれあいセンター","高知県芸西村和食甲84-1","33.518383","133.810266"
"Ｙ７吉川町錦津波避難タワー","高知県香南市吉川町吉原1010-3","33.546755","133.693154"
"Ｙ２吉川町清水八反津波避難タワー","高知県香南市吉川町吉原1230-5","33.542032","133.697674"
"Ｙ１吉川町浜口南部津波避難タワー","高知県香南市吉川町吉原1536-3","33.539853","133.695478"
"Ｙ９吉川町浜口北部津波避難タワー","高知県香南市吉川町吉原1985","33.5435","133.690657"
"吉川防災コミュニティセンター","高知県香南市吉川町吉原287-1","33.540471","133.702195"
"吉川総合センター","高知県香南市吉川町吉原352","33.541066","133.701007"
"Ｙ５吉川町東南津波避難タワー","高知県香南市吉川町吉原415-3","33.538749","133.70441"
"Ｙ４吉川町西南津波避難タワー","高知県香南市吉川町吉原555-25","33.538487","133.700901"
"Ｙ３吉川町西北津波避難タワー","高知県香南市吉川町吉原80-2","33.542724","133.701013"
"Ｙ６吉川町中北津波避難タワー","高知県香南市吉川町古川1293-1","33.544355","133.705179"
"Ｙ８吉川町松ヶ瀬津波避難タワー","高知県香南市吉川町古川1566-4","33.54045","133.707104"
"古川八幡宮","高知県香南市吉川町古川369","33.547128","133.714811"
"古川山","高知県香南市吉川町古川４８２先北側","33.549107","133.711127"
"香我美幼稚園","高知県香南市香我美町下分710-1","33.573887","133.741981"
"香我美おれんじ保育所","高知県香南市香我美町下分711-2","33.574336","133.742218"
"香我美小学校","高知県香南市香我美町下分750","33.572985","133.742832"
"Ｋ１香我美町岸本１区津波避難タワー","高知県香南市香我美町岸本308","33.541361","133.730075"
"Ｋ３香我美町岸本８区津波避難タワー","高知県香南市香我美町岸本439-2","33.541047","133.737574"
"Ｋ２香我美町岸本１０区津波避難タワー","高知県香南市香我美町岸本535-1","33.541523","133.740422"
"Ｋ４香我美町岸本小学校跡津波避難タワー","高知県香南市香我美町岸本95","33.542092","133.734065"
"月見山第２霊園駐車場上","高知県香南市香我美町岸本１０３５上","33.541106","133.746285"
"山北公民館","高知県香南市香我美町山北1557-1","33.580368","133.7428"
"香我美中学校","高知県香南市香我美町山北41-1","33.568355","133.733584"
"香我美運動広場","高知県香南市香我美町徳王子2220-1","33.559684","133.73751"
"香我美トレーニングセンター","高知県香南市香我美町徳王子2220-1","33.560526","133.736648"
"香我美市民館","高知県香南市香我美町徳王子2220-1","33.56044","133.737278"
"八幡宮","高知県香南市香我美町徳王子3876","33.548139","133.747424"
"Ａ２赤岡町幸津波避難タワー","高知県香南市赤岡町130-1","33.541762","133.717853"
"Ａ５赤岡町別所山津波避難タワー","高知県香南市赤岡町1428-53","33.544337","133.727106"
"轟神社","高知県香南市赤岡町1561","33.545539","133.720135"
"城山高校","高知県香南市赤岡町1612","33.547448","133.723037"
"香南市消防署","高知県香南市赤岡町2032-2","33.549303","133.718171"
"須留田八幡宮","高知県香南市赤岡町2221","33.549916","133.72527"
"Ａ４赤岡町南町津波避難タワー","高知県香南市赤岡町346-2","33.541457","133.720886"
"Ａ３赤岡町東荒津波避難タワー","高知県香南市赤岡町688-1","33.539468","133.725312"
"香取神社","高知県香南市赤岡町766-2","33.54966","133.718841"
"歴史の丘公園","高知県香南市赤岡町851","33.542029","133.727067"
"赤岡小学校体育館","高知県香南市赤岡町861-1","33.54206","133.726718"
"Ａ１赤岡町松ヶ瀬津波避難タワー","高知県香南市赤岡町9-41","33.54078","133.714382"
"野市東小学校","高知県香南市中ノ村770-11","33.564056","133.720171"
"野市東こども園","高知県香南市東野449-6","33.563926","133.719301"
"福島高台","高知県香南市夜須町手結156","33.526697","133.758215"
"香南会香南学園駐車場","高知県香南市夜須町手結3","33.525307","133.756876"
"薬師堂上の公園","高知県香南市夜須町手結7-3","33.527822","133.755948"
"手結山トンネル西口","高知県香南市夜須町手結１４６８前","33.527219","133.759678"
"香南会香南学園登口","高知県香南市夜須町手結４７６－２先","33.529577","133.758356"
"野中井戸","高知県香南市夜須町手結７９－１先","33.526563","133.75748"
"東池尻高台","高知県香南市夜須町手結山875","33.519504","133.76629"
"塩谷高台","高知県香南市夜須町手結山１３０４西高台","33.521397","133.756842"
"住吉高台","高知県香南市夜須町手結山１６１６－１北歩道","33.521326","133.765079"
"西池尻高台","高知県香南市夜須町手結山４６６西高台","33.519017","133.763211"
"宝田神社","高知県香南市夜須町出口1033","33.537473","133.764293"
"城山高台","高知県香南市夜須町出口７８４北高台","33.54205","133.766977"
"西山八幡宮","高知県香南市夜須町西山254","33.544667","133.760661"
"ＹＳ１夜須町第６地区西部津波避難タワー","高知県香南市夜須町千切588-1","33.535095","133.754762"
"ＹＳ２夜須町第６地区東部津波避難タワー","高知県香南市夜須町千切892-1","33.534235","133.757034"
"千切高台","高知県香南市夜須町千切１１１２先","33.532168","133.760679"
"ＹＳ３ヤ・シィパーク津波避難タワー","高知県香南市夜須町坪井","33.534571","133.752075"
"観音山","高知県香南市夜須町坪井1049","33.537769","133.752498"
"夜須こども園","高知県香南市夜須町坪井1437","33.544413","133.753165"
"坪井神社","高知県香南市夜須町坪井1507","33.541489","133.755212"
"夜須運動広場","高知県香南市夜須町坪井1691","33.54418","133.749894"
"坪井高台","高知県香南市夜須町坪井１０３５先","33.539505","133.75078"
"月見山駐車場","高知県香南市夜須町坪井９０２－１先","33.542154","133.748169"
"Ｎ２野市町八丁地津波避難タワー","高知県香南市野市町下井1134","33.548244","133.695911"
"Ｎ１野市町横井津波避難タワー","高知県香南市野市町下井1465-4","33.549481","133.702126"
"上岡山","高知県香南市野市町上岡2538-2","33.558336","133.683041"
"高規格道路（土居地区）","高知県香南市野市町土居１１８４－１地先","33.55394","133.720147"
"日吉神社","高知県香南市野市町東野2350","33.552959","133.70741"
"野市東防災コミュニティセンター","高知県香南市野市町東野363-1","33.561656","133.719726"
"高規格道路（東野地区）","高知県香南市野市町東野１２５６－６地先","33.555536","133.713441"
"佐古小学校","高知県香南市野市町母代寺104","33.582964","133.699999"
"佐古保育所","高知県香南市野市町母代寺180-1","33.581695","133.704107"
"佐古防災コミュニティセンター","高知県香南市野市町母代寺71-1","33.581128","133.699751"
"永野コミュニティセンター","高知県香美市香北町永野2151-1","33.665936","133.817265"
"下野尻集落センター","高知県香美市香北町下野尻368","33.645069","133.769511"
"下野尻多目的運動広場","高知県香美市香北町下野尻61","33.649278","133.769178"
"北岩改公会堂","高知県香美市香北町岩改17-2","33.627365","133.76524"
"岩改小学校跡（広場）","高知県香美市香北町岩改972-2","33.626654","133.761204"
"香北体育センター","高知県香美市香北町吉野1188","33.654643","133.80648"
"農村広場","高知県香美市香北町吉野1225","33.654182","133.805718"
"橋川野集落センター","高知県香美市香北町橋川野161","33.641711","133.754527"
"暁霞公民館（広場）","高知県香美市香北町五百蔵1027-4","33.650724","133.764238"
"根須公会堂","高知県香美市香北町根須535-4","33.668659","133.826761"
"清爪公会堂","高知県香美市香北町清爪527-1","33.691433","133.847557"
"佐敷公民館","高知県香美市香北町西川甲1601-3","33.625534","133.802936"
"太郎丸公会堂","高知県香美市香北町太郎丸158-1","33.644534","133.764317"
"谷相公民館","高知県香美市香北町谷相2073-2","33.67479","133.798142"
"三谷地区集会所","高知県香美市香北町谷相2478-1","33.673503","133.79532"
"猪野々集会所","高知県香美市香北町猪野々456","33.706733","133.855821"
"日ノ御子公会堂","高知県香美市香北町日ノ御子548","33.657433","133.782185"
"保健福祉センター香北","高知県香美市香北町韮生野336-1","33.648664","133.784173"
"韮生野コミュニティセンター","高知県香美市香北町韮生野493","33.650596","133.786662"
"梅久保公民館","高知県香美市香北町梅久保234","33.67408","133.827807"
"萩野公民館","高知県香美市香北町萩野1223-3","33.634833","133.75747"
"白石多目的運動広場","高知県香美市香北町白石434","33.67609","133.836888"
"白石公会堂","高知県香美市香北町白石472-1","33.675539","133.834929"
"白川上集会所","高知県香美市香北町白川561-3","33.648743","133.746619"
"基幹集落センター","高知県香美市香北町美良布1097","33.650735","133.780209"
"健康センターセレネ前広場","高知県香美市香北町美良布1211","33.648215","133.783024"
"本田集落センター","高知県香美市香北町美良布1511-3","33.646776","133.774956"
"大宮小学校（体育館）","高知県香美市香北町美良布654-1","33.652447","133.777256"
"香北中学校（体育館）","高知県香美市香北町美良布892","33.653243","133.781554"
"香北武道館","高知県香美市香北町美良布908-1","33.652037","133.780177"
"朴ノ木公会堂","高知県香美市香北町朴ノ木561","33.65927","133.800942"
"有瀬公民館","高知県香美市香北町有瀬772-1","33.658524","133.768596"
"地域福祉センター土佐山田（プラザ八王子）","高知県香美市土佐山田町262-1","33.610748","133.687585"
"中組南部集会所","高知県香美市土佐山田町１０２３－イ","33.602623","133.671643"
"土佐山田中央集会所","高知県香美市土佐山田町旭町1-3-18","33.603755","133.687481"
"山田高等学校（体育館）","高知県香美市土佐山田町旭町3-1-3","33.605002","133.689381"
"加茂公民館","高知県香美市土佐山田町加茂335-2","33.604766","133.717492"
"香美農林合同庁舎","高知県香美市土佐山田町加茂777","33.610327","133.720156"
"河ノ川部落集会所","高知県香美市土佐山田町角茂谷1841","33.681423","133.705374"
"岩次公民館","高知県香美市土佐山田町岩次46-2","33.592929","133.682651"
"片地地区多目的集会所","高知県香美市土佐山田町宮ノ口1-2","33.617438","133.717181"
"高知工科大学（体育館）","高知県香美市土佐山田町宮ノ口185","33.622452","133.719716"
"片地小学校（体育館）","高知県香美市土佐山田町宮ノ口9","33.61797","133.717139"
"仁井田公民館","高知県香美市土佐山田町佐野1642","33.637023","133.716294"
"舟入小学校（体育館）","高知県香美市土佐山田町山田1218","33.596818","133.68927"
"明治地区公民館","高知県香美市土佐山田町山田1385-1","33.600405","133.692556"
"八王子公民館","高知県香美市土佐山田町山田1749","33.604754","133.699545"
"松本部落公民館","高知県香美市土佐山田町松本117-1","33.591547","133.672833"
"上改田公民館","高知県香美市土佐山田町上改田170-2","33.620829","133.667933"
"秦山公園（ふれあい広場）","高知県香美市土佐山田町植1252-2","33.612333","133.679167"
"秦山公園野球場（土佐山田スタジアム）","高知県香美市土佐山田町植1252-2","33.611623","133.679945"
"植公民館","高知県香美市土佐山田町植148","33.617129","133.676171"
"新改公民館","高知県香美市土佐山田町新改398-4","33.625192","133.677454"
"岩村地区公民館","高知県香美市土佐山田町神通寺370","33.58358","133.676775"
"秦山町一丁目公民館","高知県香美市土佐山田町秦山町1-4-1","33.607513","133.682637"
"香長小学校（体育館）","高知県香美市土佐山田町須江32","33.621704","133.677551"
"香長地区公民館","高知県香美市土佐山田町須江36-1","33.621603","133.67783"
"須江公民館","高知県香美市土佐山田町須江386-1","33.61675","133.673769"
"西後入公民館","高知県香美市土佐山田町西後入214","33.649832","133.714118"
"山田小学校（体育館）","高知県香美市土佐山田町西本町2-4-5","33.605993","133.683198"
"船谷公民館","高知県香美市土佐山田町船谷343-1","33.620326","133.725819"
"宮上谷公民館","高知県香美市土佐山田町曽我部川1282","33.651648","133.679791"
"大後入公民館","高知県香美市土佐山田町大後入419","33.653655","133.719722"
"森林研修センター研修館","高知県香美市土佐山田町大平80","33.631277","133.711654"
"東町中部公民館","高知県香美市土佐山田町東本町4-2-30","33.607907","133.690543"
"楠目地区公民館","高知県香美市土佐山田町楠目1045","33.610622","133.703193"
"鏡野中学校（体育館）","高知県香美市土佐山田町楠目1973","33.612352","133.698115"
"平田公民館","高知県香美市土佐山田町楠目224-3","33.609535","133.706454"
"油石農業振興集会所","高知県香美市土佐山田町楠目2544","33.621985","133.693773"
"楠目小学校（体育館）","高知県香美市土佐山田町楠目391-2","33.607814","133.70133"
"市民グラウンド","高知県香美市土佐山田町楠目831","33.610987","133.697783"
"繁藤地区コミュニティセンター","高知県香美市土佐山田町繁藤3-1","33.679814","133.685337"
"繁藤老人憩の家","高知県香美市土佐山田町繁藤755-12","33.679439","133.669601"
"新改北部構造改善センター","高知県香美市土佐山田町平山484-1","33.650998","133.688569"
"中央公民館","高知県香美市土佐山田町宝町2-1-27","33.604189","133.684679"
"土佐山田体育館","高知県香美市土佐山田町宝町2-7-15","33.6021","133.685135"
"北滝本複合集会所","高知県香美市土佐山田町北滝本177","33.661586","133.661373"
"佐岡体育館","高知県香美市土佐山田町本村351","33.638214","133.718694"
"林田集会所","高知県香美市土佐山田町林田561-1","33.612878","133.724054"
"岡ノ内公会堂","高知県香美市物部町岡ノ内188-1","33.722341","133.941444"
"旧岡ノ内小中学校（グラウンド）","高知県香美市物部町岡ノ内235-6","33.722308","133.940777"
"影公会堂","高知県香美市物部町久保影120-1","33.777711","133.962392"
"高井多目的集会所","高知県香美市物部町久保高井131-1","33.757144","133.928012"
"旧久保小学校（グラウンド）","高知県香美市物部町久保沼井207","33.766919","133.947933"
"旧五王堂小学校（グラウンド）","高知県香美市物部町五王堂1115","33.740518","133.903331"
"五王堂分団屯所","高知県香美市物部町五王堂943-7","33.741387","133.904872"
"黒代公会堂","高知県香美市物部町黒代295","33.737666","133.893656"
"根木屋公会堂","高知県香美市物部町根木屋309","33.716008","133.92245"
"笹上公会堂","高知県香美市物部町笹1063-2","33.773015","133.888865"
"塩公会堂","高知県香美市物部町山崎1023-1","33.700408","133.884004"
"山崎老人憩の家","高知県香美市物部町山崎756-4","33.693117","133.881489"
"市宇公会堂","高知県香美市物部町市宇470-1","33.744153","134.000174"
"小浜農産物直販所","高知県香美市物部町小浜732-4","33.715981","133.918878"
"庄谷相多目的集会所","高知県香美市物部町庄谷相1234-1","33.668177","133.839525"
"神池分団屯所","高知県香美市物部町神池2045-3","33.724825","133.877253"
"浦山公会堂","高知県香美市物部町仙頭1854-3","33.672816","133.87907"
"影仙頭集落センター","高知県香美市物部町仙頭902","33.697447","133.899394"
"大栃区長事務所","高知県香美市物部町大栃1092-5","33.699758","133.875679"
"大栃小学校（体育館）","高知県香美市物部町大栃1177-3","33.697588","133.875707"
"南組公会堂","高知県香美市物部町大栃1226","33.696592","133.876677"
"香美市役所物部支所","高知県香美市物部町大栃1390-1","33.697879","133.877361"
"久保組公会堂","高知県香美市物部町大栃1575-1","33.700471","133.878484"
"旧大栃高等学校（多目的棟１・２階）","高知県香美市物部町大栃1926","33.702952","133.87837"
"中屋公会堂","高知県香美市物部町大栃2064-3","33.702019","133.879627"
"大北組公会堂","高知県香美市物部町大栃2236","33.705097","133.881134"
"奥物部ふれあいプラザ","高知県香美市物部町大栃878-3","33.696172","133.87428"
"特別養護老人ホーム韮生郷","高知県香美市物部町大栃89-1","33.689621","133.868458"
"高齢者生活福祉センター「こづみ」","高知県香美市物部町大栃898-1","33.69653","133.874106"
"大栃中学校（体育館）","高知県香美市物部町大栃１８００－イ","33.701768","133.878532"
"中谷川公会堂","高知県香美市物部町中谷川318","33.683318","133.855192"
"農林漁業体験実習館","高知県香美市物部町別府373-5","33.764499","134.035015"
"平井公会堂","高知県香美市物部町柳瀬1359","33.720912","133.889185"
"楮佐古公会堂","高知県香美市物部町楮佐古３６９・３７０","33.722207","133.872373"
"ロイヤルガーデンはりまや町","高知県高知市はりまや町1-13-20","33.559587","133.546336"
"ビ・ウェル京町","高知県高知市はりまや町1-2-12","33.560494","133.541987"
"はりまや橋小学校","高知県高知市はりまや町2-14-8","33.561266","133.546528"
"北街ビル","高知県高知市はりまや町3-20-1","33.562687","133.546138"
"ビ・ウェル播磨屋","高知県高知市はりまや町3-21-2","33.562263","133.546115"
"ビ・ウェル播磨屋弐番館","高知県高知市はりまや町3-21-23","33.562191","133.546449"
"土佐塾Ｓｅｉｚｏ館","高知県高知市はりまや町3-7-18","33.563292","133.544389"
"土佐塾本館","高知県高知市はりまや町3-7-8","33.563473","133.544399"
"秦小学校","高知県高知市愛宕山18","33.577466","133.535563"
"江ノ口コミュニティセンター","高知県高知市愛宕町1-10-7","33.566289","133.536047"
"ＳＴ愛宕","高知県高知市愛宕町1-11-6","33.566849","133.536199"
"よんでんライフケア高知","高知県高知市愛宕町3-11-38","33.571182","133.538503"
"木村会館","高知県高知市旭町3-121","33.556413","133.507997"
"ダイアパレス一ツ橋","高知県高知市一ツ橋1-136","33.575215","133.532016"
"一ツ橋レジデンス","高知県高知市一ツ橋町2-52","33.572991","133.528976"
"カーサ一ツ橋","高知県高知市一ツ橋町2-61","33.573705","133.53005"
"一宮小学校","高知県高知市一宮西町1-9-1","33.584613","133.56774"
"一宮老人福祉センター","高知県高知市一宮西町3-22-15","33.588526","133.570769"
"一宮市民会館・一宮児童館","高知県高知市一宮西町3-22-16","33.588744","133.570789"
"一宮ふれあいセンター","高知県高知市一宮中町1-5-20","33.583653","133.569181"
"一宮東小学校","高知県高知市一宮東町1-20-1","33.583944","133.576823"
"高知東高等学校","高知県高知市一宮徳谷23-1","33.584092","133.581634"
"サーパスシティ高知Ⅰ棟","高知県高知市一宮南町1-1-5","33.57573","133.564807"
"サーパスシティ高知Ⅱ棟","高知県高知市一宮南町1-1-6","33.575572","133.565188"
"マルハン高知一宮店（立体駐車場）","高知県高知市一宮南町1-11-11","33.579543","133.562882"
"一宮中学校","高知県高知市一宮南町1-3-1","33.576846","133.565647"
"青柳公園","高知県高知市稲荷町1-3","33.557067","133.558584"
"高知土木事務所","高知県高知市稲荷町11-26","33.556171","133.560757"
"セルヴィ２１知寄町","高知県高知市稲荷町170-1","33.55671","133.55699"
"浦戸ふれあいセンター","高知県高知市浦戸274-9","33.497548","133.56691"
"浦戸小学校","高知県高知市浦戸410-1","33.495813","133.568716"
"桂浜公園","高知県高知市浦戸6","33.497345","133.572704"
"高知県立坂本龍馬記念館","高知県高知市浦戸830","33.496474","133.571882"
"桂浜荘","高知県高知市浦戸830-25","33.496636","133.572375"
"栄田町コミュニティ住宅１号棟","高知県高知市栄田町1-5-12","33.567534","133.540437"
"栄田町コミュニティ住宅２号棟","高知県高知市栄田町1-6-20","33.567801","133.540545"
"高知よさこい咲都合同庁舎","高知県高知市栄田町2-2-10","33.567427","133.544965"
"高知県公立大学法人　永国寺キャンパス教育研究棟","高知県高知市永国寺町2-22","33.56439","133.535493"
"ホテル高砂","高知県高知市駅前町2-1","33.564271","133.543088"
"土佐中・高等学校","高知県高知市塩屋崎町1-1-10","33.552468","133.542679"
"潮江中学校","高知県高知市塩屋崎町1-2-20","33.552709","133.540985"
"塩田町マンション","高知県高知市塩田町13-14","33.571707","133.546777"
"コーポミライクリエイト","高知県高知市塩田町13-4","33.571543","133.54578"
"保健福祉センター","高知県高知市塩田町18-10","33.572537","133.545238"
"横内小学校","高知県高知市横内242-12","33.563925","133.498313"
"総合福祉施設ヘリオス","高知県高知市横浜20-1","33.528711","133.553761"
"横浜中学校","高知県高知市横浜新町1-401","33.521677","133.53453"
"横浜新町小学校","高知県高知市横浜新町5-2201","33.51403","133.536933"
"瀬戸公園","高知県高知市横浜新町5-33","33.514275","133.539984"
"サーパス高須東弐番館","高知県高知市介良乙1028-1","33.560568","133.595126"
"介良ふれあいセンター","高知県高知市介良乙2286","33.558152","133.60632"
"介良中学校","高知県高知市介良乙2620","33.556216","133.60378"
"介良小学校","高知県高知市介良乙2735-1","33.556514","133.602043"
"イチゴいちえ","高知県高知市介良乙3042-1","33.558247","133.601134"
"本江田川排水機場","高知県高知市介良乙3659-2","33.55217","133.6"
"高知東郵便局","高知県高知市介良乙952-1","33.561733","133.595071"
"東部総合運動場体育センター","高知県高知市介良丙1000-2","33.550249","133.598445"
"介良市民会館","高知県高知市介良丙329","33.549763","133.606615"
"ソレイユｅ","高知県高知市海老ノ丸11-10","33.564065","133.567012"
"アルファステイツ高須","高知県高知市葛島1-10-57","33.559512","133.574448"
"ルーカス高須","高知県高知市葛島1-10-68","33.559248","133.573346"
"マイセル高須","高知県高知市葛島1-10-68","33.558849","133.573483"
"インペリアル西本２","高知県高知市葛島1-6-28","33.558967","133.571185"
"インペリアル西本１","高知県高知市葛島1-6-37","33.55856","133.571385"
"ロイヤルガーデン２","高知県高知市葛島1-6-6","33.558257","133.571024"
"ロイヤルガーデン","高知県高知市葛島1-6-8","33.558777","133.570842"
"ヴィラージュ葛島","高知県高知市葛島1-7-9","33.559087","133.571501"
"高知厚生病院","高知県高知市葛島1-9-50","33.558302","133.572272"
"高須公園","高知県高知市葛島3","33.554263","133.570605"
"平成ビル","高知県高知市葛島3-14-1","33.552458","133.569365"
"コーポマルミ","高知県高知市葛島3-14-3","33.552498","133.569495"
"コーポ田中１号館","高知県高知市葛島4-10-7","33.553594","133.572219"
"コーポ田中２号館","高知県高知市葛島4-10-8","33.553329","133.57219"
"サーパス高須","高知県高知市葛島4-3-14","33.555662","133.574415"
"東部健康福祉センター","高知県高知市葛島4-3-3","33.555517","133.573479"
"四電葛島アパート","高知県高知市葛島4-4-3","33.55495","133.573438"
"コーポ田中５号館","高知県高知市葛島4-7-20","33.554514","133.574869"
"鴨部市営住宅２号棟","高知県高知市鴨部1-13-2","33.551855","133.502722"
"西部中学校","高知県高知市鴨部1-9-1","33.550931","133.506399"
"鴨田小学校","高知県高知市鴨部1155","33.547023","133.50788"
"高知国際中学校・高知国際高等学校","高知県高知市鴨部2-5-70","33.550352","133.501684"
"西部健康福祉センター","高知県高知市鴨部860-1","33.543905","133.50332"
"高知法務総合庁舎","高知県高知市丸の内1-4-1","33.558945","133.528359"
"高知公園","高知県高知市丸ノ内1-2-1","33.561492","133.532382"
"高知県庁本庁舎","高知県高知市丸ノ内1-2-20","33.55972","133.531113"
"丸ノ内緑地","高知県高知市丸ノ内1-20","33.559893","133.533003"
"高知地方裁判所","高知県高知市丸ノ内1-3-5","33.559201","133.529358"
"城西公園","高知県高知市丸ノ内1-5-2","33.561903","133.528412"
"高知県庁西庁舎","高知県高知市丸ノ内1-7-52","33.559435","133.528358"
"高知丸の内高等学校","高知県高知市丸ノ内2-2-40","33.563499","133.532947"
"高知県庁北庁舎","高知県高知市丸ノ内2-4-1","33.562322","133.532544"
"Ｊ．ビルディング","高知県高知市丸ノ内2-8-17","33.562973","133.529216"
"勤労者交流館","高知県高知市丸池町1-1-14","33.560948","133.561773"
"すずめ共同作業所","高知県高知市丸池町1-1-15","33.560664","133.561768"
"丸池公園","高知県高知市丸池町9","33.56177","133.563723"
"一ツ橋小学校","高知県高知市吉田町4-10","33.57162","133.53267"
"久重小学校","高知県高知市久礼野2340-2","33.612004","133.562437"
"久礼野公民館","高知県高知市久礼野字長谷口96","33.611019","133.565286"
"リバーサイドハイツ","高知県高知市吸江239","33.546307","133.569716"
"鏡中学校","高知県高知市鏡今井191","33.607046","133.472839"
"鏡小学校","高知県高知市鏡今井7","33.60343","133.472424"
"中山間地域構造改善センター","高知県高知市鏡小浜8","33.601602","133.471958"
"鏡川町市営住宅１号棟","高知県高知市鏡川町16","33.553869","133.50872"
"鏡川町市営住宅２号棟","高知県高知市鏡川町16","33.55361","133.508699"
"大利新宮の森公園","高知県高知市鏡大利554","33.59955","133.483558"
"ビ・ウェル九反田【ＲＩＶＥＲ　ＦＲＯＮＴ】","高知県高知市九反田14-5","33.560272","133.536208"
"文化プラザ「かるぽーと」","高知県高知市九反田2-1","33.558339","133.547222"
"ＯＭＯ７高知ｂｙ星野リゾート","高知県高知市九反田9-15","33.557488","133.549271"
"五台山公園","高知県高知市五台山","33.547431","133.573725"
"東部総合運動場くろしおアリーナ","高知県高知市五台山1736-1","33.545674","133.59737"
"五台山ふれあいセンター","高知県高知市五台山2945-2","33.544093","133.583285"
"五台山小学校","高知県高知市五台山3371","33.543785","133.579563"
"青柳中学校","高知県高知市五台山3923","33.549995","133.589999"
"高知県農業協同組合本所","高知県高知市五台山5015-1","33.542289","133.5723"
"御畳瀬ふれあいセンター","高知県高知市御畳瀬252","33.504993","133.556047"
"旭中学校","高知県高知市口細山164-1","33.567768","133.491455"
"卸売市場","高知県高知市弘化台12-12","33.544685","133.564374"
"城東中学校","高知県高知市江陽町1-20","33.567231","133.55352"
"江陽小学校","高知県高知市江陽町1-30","33.567063","133.551953"
"土佐国道事務所","高知県高知市江陽町2-2","33.567733","133.551589"
"高知中央自動車学校","高知県高知市江陽町4-50","33.567952","133.553755"
"行川学園","高知県高知市行川472","33.587286","133.45845"
"潮江南小学校","高知県高知市高見町248-1","33.54121","133.539556"
"高須浄化センター敷地","高知県高知市高須","33.562454","133.572359"
"高須小学校","高知県高知市高須1-1-55","33.558017","133.580983"
"サーパス高須中央","高知県高知市高須1-16-2","33.558584","133.5861"
"百万石ビル","高知県高知市高須1-18-8","33.558421","133.588468"
"ピクシー高須","高知県高知市高須1-4-5","33.559304","133.582005"
"アムールハイツ高須","高知県高知市高須1-4-6","33.559329","133.582174"
"サーパス高須第３","高知県高知市高須1-8-15","33.55855","133.5825"
"ハイツフジオ","高知県高知市高須2-1-7","33.560305","133.583721"
"ボンジュール宗円","高知県高知市高須2-13-10","33.561551","133.585562"
"セレクト高須","高知県高知市高須2-13-21","33.561014","133.586219"
"美和ハイツ３","高知県高知市高須2-15-44","33.560582","133.588006"
"メゾン・レーヴ高須","高知県高知市高須2-17-20","33.560624","133.589531"
"岡林マンション","高知県高知市高須2-17-36","33.560063","133.58887"
"ピュアコート高須","高知県高知市高須2-18-11","33.560459","133.589675"
"マンションベスタ","高知県高知市高須2-3-21","33.55988","133.58551"
"アーバンヒル青山","高知県高知市高須2-6-64","33.558722","133.587898"
"メゾンキタムラ","高知県高知市高須3-1-45","33.562047","133.588423"
"カーサローズヴェール","高知県高知市高須3-1-59","33.562795","133.587641"
"サーパス高須一番館","高知県高知市高須3-14-30","33.56386","133.5897"
"サーパス高須二番館","高知県高知市高須3-14-31","33.563632","133.589183"
"レオパレスヴィラ高須","高知県高知市高須3-16-7","33.564309","133.590432"
"メゾン北村２","高知県高知市高須3-2-20","33.562202","133.589564"
"メゾン・ド・ケイ","高知県高知市高須3-2-47","33.562263","133.589283"
"コスモハイツ高須２　Ａ棟","高知県高知市高須3-3-14","33.561525","133.589877"
"コスモハイツ高須２　Ｂ棟","高知県高知市高須3-3-15","33.561706","133.590017"
"コスモハイツ高須２　Ｃ棟","高知県高知市高須3-3-16","33.561821","133.590142"
"アバイド","高知県高知市高須3-4-44","33.560691","133.59049"
"セリーズ","高知県高知市高須砂地155","33.569563","133.575507"
"コーポ高須","高知県高知市高須新町1-1-14","33.557068","133.575794"
"ロゼ１","高知県高知市高須新町1-13-26","33.558548","133.577363"
"パークサイド高須２","高知県高知市高須新町1-5-11","33.557646","133.577058"
"青木脳神経外科形成外科","高知県高知市高須新町1-6-26","33.55826","133.577296"
"ピュア高須新町","高知県高知市高須新町1-7-7","33.558327","133.576122"
"高須ふれあいセンター","高知県高知市高須新町2-5-15","33.557728","133.580134"
"土佐塾高須教室","高知県高知市高須新町2-6-9","33.55806","133.580172"
"ルミエールＳａｗａ","高知県高知市高須新町2-7-8","33.558282","133.580003"
"パル・グランディ","高知県高知市高須新町3-1-20","33.556466","133.577334"
"グランディ","高知県高知市高須新町3-1-36","33.556175","133.577341"
"高須グランドハイツ","高知県高知市高須新町3-2-4","33.555771","133.575753"
"アルファステイツ高須新町","高知県高知市高須新町3-3-32","33.555727","133.576792"
"コーポ浜田","高知県高知市高須新町3-7-5","33.55487","133.577042"
"コーポ山﨑","高知県高知市高須新町4-2-12","33.555902","133.578677"
"第３山崎マンション","高知県高知市高須新町4-7-8","33.554535","133.5787"
"ドルフ高須","高知県高知市高須新木1-29","33.560785","133.58355"
"ホワイエ高須","高知県高知市高須新木3-36","33.562382","133.586291"
"ジューヌ高須","高知県高知市高須東町13-1","33.558309","133.594345"
"ピュア高須２","高知県高知市高須東町14-11","33.558529","133.595228"
"東ノ丸マンション","高知県高知市高須本町2-50","33.559673","133.577397"
"弥右衛門公園","高知県高知市高埇12","33.573484","133.556928"
"高知県立弓道場","高知県高知市高埇12-1","33.574887","133.557584"
"Ｌｂ－１","高知県高知市桜井町1-3-36","33.560594","133.549188"
"ビ・ウェル新堀","高知県高知市桜井町1-5-28","33.561265","133.548562"
"ライオンズマンション高知桜井町","高知県高知市桜井町1-8-32","33.562014","133.548602"
"サーパスシティ桜井町","高知県高知市桜井町2-7-32","33.561964","133.552686"
"サーパスシティ城西桜通り","高知県高知市桜馬場2-28","33.56092","133.526373"
"小高坂市民会館","高知県高知市山ノ端町32-5","33.561065","133.518314"
"シンセイ高知店（立体駐車場）","高知県高知市桟橋通1-1-30","33.552083","133.545325"
"アステールＫ","高知県高知市桟橋通1-10-6","33.55091","133.546595"
"セントヴィレッジ","高知県高知市桟橋通1-11-13","33.550342","133.545479"
"桟橋住宅","高知県高知市桟橋通1-12-15","33.550416","133.546834"
"オリザビル","高知県高知市桟橋通1-12-17","33.550914","133.54498"
"カームリヴ","高知県高知市桟橋通1-13-12","33.551497","133.544672"
"ライフ","高知県高知市桟橋通1-14-2","33.552704","133.544158"
"潮江マンションＡ","高知県高知市桟橋通1-2-28","33.552959","133.545659"
"有料老人ホームつばさ","高知県高知市桟橋通1-7-18","33.551217","133.546068"
"アスパルこうち","高知県高知市桟橋通2-1-50","33.549972","133.547132"
"潮江市民図書館","高知県高知市桟橋通2-1-50","33.550404","133.546715"
"高知工業高等学校","高知県高知市桟橋通2-11-6","33.548231","133.545917"
"（株）四電工高知支店","高知県高知市桟橋通2-2-25","33.548768","133.547526"
"四国銀行　潮江支店","高知県高知市桟橋通3-31-3","33.54725","133.5478"
"潮江第三コミュニティ住宅","高知県高知市桟橋通3-32-26","33.546707","133.546634"
"セントラルディーボ桟橋店（立体駐車場）","高知県高知市桟橋通4-16-6","33.545052","133.549318"
"高知港湾合同庁舎","高知県高知市桟橋通5-4-55","33.539663","133.552381"
"ポートハイム２８","高知県高知市桟橋通5-6-1","33.539973","133.551302"
"ステラ桟橋","高知県高知市桟橋通5-6-12","33.539139","133.550873"
"トランスポート避難ビル","高知県高知市桟橋通6-1-2","33.541336","133.552877"
"旧高知南中学・高等学校","高知県高知市桟橋通6-2-1","33.542348","133.554702"
"マイセル２","高知県高知市若松町1-6","33.555415","133.557875"
"マチレス若松","高知県高知市若松町9-41","33.553468","133.560848"
"朝倉第二小学校","高知県高知市若草南町23-56","33.540598","133.488499"
"種崎地区津波避難センター","高知県高知市種崎405-6","33.507044","133.567703"
"貴船ノ森津波避難センター","高知県高知市種崎662-6","33.502738","133.565405"
"種崎公園津波避難タワー","高知県高知市種崎773-1","33.509116","133.572556"
"種崎公園","高知県高知市種崎777-1","33.509343","133.572954"
"木村病院","高知県高知市寿町8-8","33.566469","133.535335"
"十津小学校","高知県高知市十津4-27-1","33.529193","133.578081"
"仁井田公園","高知県高知市十津6-3-1","33.522603","133.575454"
"重倉公民館","高知県高知市重倉字力石490-6","33.607106","133.556343"
"春野公民館弘岡下分館","高知県高知市春野町弘岡下1500","33.501849","133.476998"
"春野公民館弘岡上分館","高知県高知市春野町弘岡上1646-1","33.504456","133.452557"
"ニッポン高度紙工業株式会社８号工場","高知県高知市春野町弘岡上648","33.496823","133.457596"
"ニッポン高度紙工業株式会社Ｎ－１号工場","高知県高知市春野町弘岡上648","33.497226","133.45597"
"春野弘岡中市民会館","高知県高知市春野町弘岡中134-1","33.495319","133.468695"
"春野西小学校","高知県高知市春野町弘岡中2501","33.497746","133.461778"
"春野公民館弘岡中分館","高知県高知市春野町弘岡中711","33.505429","133.466407"
"甲殿東津波避難タワー","高知県高知市春野町甲殿274-3","33.478328","133.518476"
"春野公民館甲殿分館","高知県高知市春野町甲殿341-1","33.481718","133.515516"
"甲殿西津波避難タワー","高知県高知市春野町甲殿782-2","33.477326","133.515919"
"春野秋山市民会館","高知県高知市春野町秋山107-1","33.492792","133.485774"
"春野公民館秋山分館","高知県高知市春野町秋山1111-3","33.490151","133.499382"
"春野公民館森山分館","高知県高知市春野町森山1207-4","33.492472","133.466944"
"春野公民館新川分館","高知県高知市春野町森山203-4","33.494148","133.459591"
"春野公民館仁ノ分館","高知県高知市春野町仁ノ384-5","33.467214","133.486491"
"春野あじさい会館","高知県高知市春野町西分1-1","33.497848","133.48791"
"春野公民館","高知県高知市春野町西分19","33.498958","133.488335"
"春野公民館西分分館","高知県高知市春野町西分2079-2","33.498924","133.496106"
"春野中学校","高知県高知市春野町西分328","33.502087","133.489996"
"春野文化ホールピアステージ","高知県高知市春野町西分340","33.499676","133.488618"
"戸原東津波避難タワー","高知県高知市春野町東諸木1344-2","33.483586","133.531449"
"戸原西津波避難タワー","高知県高知市春野町東諸木2591-2","33.483203","133.525949"
"春野公民館諸木分館","高知県高知市春野町東諸木3441-1","33.490173","133.519251"
"春野東小学校","高知県高知市春野町東諸木3978","33.495258","133.513994"
"春野公民館内ノ谷分館","高知県高知市春野町内ノ谷810","33.510087","133.521148"
"春野公民館南ケ丘分館","高知県高知市春野町南ケ丘1-2-1","33.516149","133.519163"
"春野公民館平和分館","高知県高知市春野町平和149","33.501753","133.519071"
"春野公民館芳原分館","高知県高知市春野町芳原784-1","33.507679","133.50993"
"朝倉ふれあいセンター","高知県高知市曙町1-14-12","33.549611","133.490425"
"オリエントホテル高知","高知県高知市升形5-37","33.557246","133.528872"
"第六小学校","高知県高知市升形9-4","33.555601","133.528805"
"筆山公園","高知県高知市小石木町","33.550534","133.535953"
"小石木市民会館","高知県高知市小石木町182-4","33.55092","133.529214"
"潮江市営住宅","高知県高知市小石木町204","33.549765","133.52559"
"アルファステイツ知寄２","高知県高知市小倉町4-3","33.559587","133.566541"
"下知水再生センター","高知県高知市小倉町5-25","33.560455","133.566113"
"高知大学教育学部附属小学校","高知県高知市小津町10-13","33.564809","133.529612"
"ビ・ウェル高知城公園","高知県高知市小津町2-3","33.563933","133.530637"
"龍馬学園グローバル校舎","高知県高知市小津町3-19","33.563604","133.528979"
"高知県立塩見記念青少年プラザ","高知県高知市小津町6-4","33.563528","133.527024"
"昭和町コミュニティ住宅","高知県高知市昭和町8-18","33.569672","133.541316"
"アーバンシンフォニー美門","高知県高知市上町1-10-44","33.555772","133.526376"
"ヤイロハイツ","高知県高知市上町1-11-43","33.555058","133.527056"
"第四小学校","高知県高知市上町2-1-11","33.558273","133.524086"
"城西館　千寿館","高知県高知市上町2-5-34","33.557054","133.524461"
"龍馬の生まれたまち記念館","高知県高知市上町2-6-33","33.556453","133.524471"
"クオリア上街鷹城館","高知県高知市上町3-1-16","33.558488","133.521338"
"高知県信用保証協会","高知県高知市上町3-13-14","33.55506","133.52207"
"グループホームさくらんぼ","高知県高知市上町3-4-24","33.557821","133.521448"
"アーバンハイツ上町","高知県高知市上町3-7-26","33.557032","133.521098"
"県営住宅鏡水団地","高知県高知市上町4-9-14","33.555477","133.520181"
"サーパス城見","高知県高知市城見町9-12","33.558395","133.551991"
"高知小津高等学校","高知県高知市城北町1-14","33.564392","133.526366"
"小高坂小学校","高知県高知市新屋敷1-11-5","33.564936","133.52424"
"萩公園","高知県高知市新田町16","33.549648","133.555396"
"ロイヤル新本町","高知県高知市新本町1-3-2","33.568227","133.54195"
"江ノ口小学校","高知県高知市新本町1-8-12","33.568939","133.538672"
"日高特別支援学校高知しんほんまち分校","高知県高知市新本町2-13-51","33.569959","133.546281"
"神田小学校","高知県高知市神田1174-1","33.541534","133.512889"
"神田公園","高知県高知市神田1338-3","33.541615","133.514151"
"西山市民会館","高知県高知市神田134-26","33.537488","133.498596"
"秦住宅２号棟","高知県高知市秦南町1-4-107","33.575115","133.54476"
"秦住宅１号棟","高知県高知市秦南町1-4-113","33.574626","133.544547"
"イオンモール高知","高知県高知市秦南町1-4-8","33.575601","133.542708"
"ガーデンハイム西村","高知県高知市秦南町1-5-46","33.574356","133.542733"
"砂地津波避難タワー","高知県高知市仁井田1014-3","33.521094","133.59538"
"高知高等技術学校","高知県高知市仁井田1188","33.521641","133.594287"
"三里小学校","高知県高知市仁井田1356","33.518696","133.583097"
"三里交番","高知県高知市仁井田1612-3","33.514243","133.573867"
"パールマリン","高知県高知市仁井田1618-18","33.513242","133.57201"
"大旺新洋（株）地震・津波対策ビル","高知県高知市仁井田1625-2","33.512229","133.571868"
"舟倉津波避難センター","高知県高知市仁井田1646-14","33.509714","133.568274"
"三里文化会館","高知県高知市仁井田1652-1","33.514694","133.574036"
"三里中学校","高知県高知市仁井田3363","33.518167","133.584415"
"神幸道津波避難タワー","高知県高知市仁井田4100-38","33.515794","133.580045"
"三里ふれあいセンター","高知県高知市仁井田4229-2","33.513233","133.574835"
"新築津波避難タワー","高知県高知市仁井田4314-3","33.515739","133.572328"
"ハピネス杉井流","高知県高知市杉井流6-10","33.569847","133.554627"
"横浜小学校","高知県高知市瀬戸東町1-26","33.514915","133.547777"
"セントラルディーボ知寄店（立体駐車場）","高知県高知市青柳町35-1","33.55614","133.565692"
"アルファステイツ知寄３","高知県高知市青柳町45-1","33.555635","133.565647"
"サーパス青柳町","高知県高知市青柳町53-3","33.553722","133.564972"
"ロゼ２","高知県高知市青柳町62-1","33.554413","133.563004"
"愛宕中学校","高知県高知市相模町1-54","33.570133","133.53544"
"セントラルディーボ相模店","高知県高知市相模町16-29","33.570567","133.534212"
"ビ・ウェル相模公園ＷＥＳＴ","高知県高知市相模町17-14","33.570542","133.532171"
"中央公園","高知県高知市帯屋町1-11-27","33.560147","133.540537"
"ビ・ウェルおびさんロード","高知県高知市帯屋町1-13-8","33.560087","133.538515"
"ピッコロビル","高知県高知市帯屋町2-2-13-3","33.560479","133.536723"
"岡村ビル","高知県高知市帯屋町2-2-22","33.560288","133.536168"
"帯屋町チェントロ","高知県高知市帯屋町2-2-9","33.560472","133.537186"
"Ａｐパーク高知（立体駐車場）","高知県高知市帯屋町2-5-11","33.559574","133.534391"
"高知江の口特別支援学校","高知県高知市大原町120-5","33.552006","133.528002"
"総合体育館","高知県高知市大原町158","33.55325","133.5298"
"杉本ビル大原町","高知県高知市大原町87-1","33.552609","133.526788"
"エレガンテ大川筋","高知県高知市大川筋2-6-8","33.565035","133.532375"
"城西中学校","高知県高知市大膳町3-4","33.559752","133.524382"
"高知商業高等学校","高知県高知市大谷6","33.559806","133.494546"
"大谷公園","高知県高知市大谷公園町16-85","33.535511","133.480983"
"マリベールグローリエ","高知県高知市大津乙1245-2","33.575361","133.605618"
"テポーレヒル","高知県高知市大津乙1245-7","33.57534","133.605893"
"（株）青柳本社工場","高知県高知市大津乙1741","33.574192","133.592497"
"高知県教育センター","高知県高知市大津乙181","33.569965","133.601886"
"高知健康科学大学（講義棟）","高知県高知市大津乙2500-2","33.564643","133.586666"
"県営住宅大津団地１号棟","高知県高知市大津乙318","33.568032","133.602017"
"県営住宅大津団地２号棟","高知県高知市大津乙318","33.568335","133.60182"
"大津中学校","高知県高知市大津乙740-1","33.569117","133.595992"
"ハーモナイズおおつ２号棟","高知県高知市大津乙845","33.569311","133.594838"
"ハーモナイズおおつ１号棟","高知県高知市大津乙845","33.568986","133.594789"
"ロゼ３","高知県高知市大津乙878-1","33.570365","133.597002"
"サンシティ２","高知県高知市大津乙879-2","33.570803","133.597414"
"大津ふれあいセンター","高知県高知市大津乙930-5","33.571357","133.598114"
"大津小学校","高知県高知市大津乙972","33.57183","133.59916"
"高知市役所たかじょう庁舎","高知県高知市鷹匠町2-1-43","33.556739","133.531873"
"ちより街テラス","高知県高知市知寄町2-1-37","33.558729","133.559074"
"パチンコタマイ（立体駐車場）","高知県高知市知寄町2-2-7","33.558759","133.561274"
"サーパス知寄町１","高知県高知市知寄町2-4-10","33.557365","133.561203"
"サーパス知寄町２","高知県高知市知寄町2-4-9","33.557492","133.56072"
"朝日プラザ知寄町パサージュ","高知県高知市知寄町3-216","33.55791","133.563445"
"シャルム葛島","高知県高知市知寄町3-601-1","33.557096","133.565436"
"竹島公園","高知県高知市竹島町54-3","33.542286","133.545436"
"サーパス中の島","高知県高知市中の島1-68","33.555504","133.553774"
"サーパス中の島　桜通り","高知県高知市中の島1-93","33.556422","133.551685"
"秦泉寺公園","高知県高知市中秦泉寺318-1","33.582617","133.531689"
"秦ふれあいセンター","高知県高知市中秦泉寺54-3","33.580034","133.536796"
"セントラル宝永店（立体駐車場）","高知県高知市中宝永町10-4","33.558429","133.554109"
"海老川市民会館","高知県高知市朝倉己419-3","33.533495","133.490559"
"松田市民会館","高知県高知市朝倉己959-1","33.538217","133.494234"
"沖田公園","高知県高知市朝倉甲201-1","33.5411","133.498725"
"朝倉中学校","高知県高知市朝倉丁604-1","33.543823","133.48012"
"朝倉市民会館","高知県高知市朝倉東町24-33","33.546238","133.497235"
"朝倉総合市民会館","高知県高知市朝倉戊585-1","33.538325","133.489063"
"朝倉小学校","高知県高知市朝倉本町2-11-20","33.546895","133.486907"
"潮見台公園","高知県高知市潮見台1-2601","33.560945","133.619749"
"介良潮見台小学校","高知県高知市潮見台1-2602-1","33.561934","133.620478"
"潮江東小学校","高知県高知市潮新町2-1-54","33.550952","133.551369"
"旧御畳瀬小学校","高知県高知市長浜209","33.504742","133.554868"
"長浜市民会館","高知県高知市長浜4250","33.491421","133.541888"
"長浜地区津波避難タワー","高知県高知市長浜431-4","33.489978","133.539928"
"長浜小学校","高知県高知市長浜4811","33.499606","133.546834"
"ユニット型特別養護老人もとちか","高知県高知市長浜4975","33.50022","133.551233"
"南海中学校","高知県高知市長浜5235","33.496625","133.546626"
"長浜公園","高知県高知市長浜5618-1","33.495043","133.548191"
"特別養護老人ホームつむぐ","高知県高知市長浜6598-4","33.490792","133.547483"
"鎮守の森公園緑地","高知県高知市長浜6602-6","33.493163","133.546131"
"長浜ふれあいセンター","高知県高知市長浜690-5","33.502533","133.545222"
"ウェルカムホテル高知","高知県高知市追手筋1-8-25","33.561649","133.540088"
"オーテピア","高知県高知市追手筋2-1-1","33.560925","133.537166"
"高知追手前高等学校","高知県高知市追手筋2-2-10","33.562151","133.53649"
"高知県立高知城歴史博物館","高知県高知市追手筋2-7-5","33.56015","133.534"
"クレアフジモト","高知県高知市天神町14-23","33.553893","133.538496"
"エルミタージュ天神","高知県高知市天神町2-6","33.554781","133.540951"
"ジョンマンマンション","高知県高知市天神町4-21","33.554165","133.541079"
"メゾン・レーヴ潮江","高知県高知市土居町16-4","33.553612","133.545177"
"Ｈｏｔｅｌ　Ｋｏ’ｓ　Ｓｔｙｌｅ","高知県高知市土居町8-8","33.554901","133.544542"
"潮江高橋病院　北棟","高知県高知市土居町9-18","33.554218","133.544665"
"介護老人保健施設　梅壽苑","高知県高知市土居町9-18","33.554455","133.544633"
"土佐山公民館","高知県高知市土佐山122-1","33.635025","133.528355"
"土佐山学舎","高知県高知市土佐山桑尾13","33.633845","133.527671"
"土佐山健康福祉センター","高知県高知市土佐山桑尾1842-2","33.631903","133.526774"
"旧土佐山中学校（体育館）","高知県高知市土佐山弘瀬405","33.62273","133.498509"
"サーパス知寄","高知県高知市東雲町1-23","33.559286","133.56136"
"アルファステイツ東雲町２","高知県高知市東雲町8-55","33.55911","133.56311"
"泉野小学校","高知県高知市東秦泉寺788","33.582411","133.548391"
"高知北高等学校","高知県高知市東石立町160","33.553028","133.519241"
"サーパス月の瀬橋","高知県高知市東石立町40-1","33.55302","133.523475"
"東石立町市営住宅１号棟","高知県高知市東石立町81","33.551347","133.521201"
"東石立町市営住宅２号棟","高知県高知市東石立町81-2","33.551673","133.521131"
"１２３＋Ｎはりまや橋店","高知県高知市南はりまや町1-8-1","33.55912","133.5434"
"Ｂａｌｃｏｎｙ８南の丸","高知県高知市南ノ丸町15-2","33.5423","133.547034"
"マルハン高知桟橋店（立体駐車場）","高知県高知市南ノ丸町3-1","33.543279","133.547658"
"高知県トラック会館","高知県高知市南ノ丸町5-17","33.542338","133.548366"
"源内山緑地","高知県高知市南河ノ瀬町","33.547323","133.521486"
"潮江市民会館","高知県高知市南河ノ瀬町161","33.547554","133.523704"
"（一財）四国電気保安協会","高知県高知市南久保5-8","33.565989","133.564618"
"初月ふれあいセンター","高知県高知市南久万119-1","33.574326","133.519577"
"初月小学校","高知県高知市南久万128","33.574403","133.518782"
"初月公園（予定地含む）","高知県高知市南久万189","33.571756","133.519567"
"高知労働総合庁舎","高知県高知市南金田1-39","33.564932","133.555141"
"サーパス南金田","高知県高知市南金田8-7","33.564402","133.557705"
"高知ハーモニー・ホスピタル　（入院棟）","高知県高知市南金田9-8","33.564494","133.558532"
"潮江水再生センター","高知県高知市南新田町5-69","33.547262","133.557714"
"Ｓａｎ　Ｍｉｇｅｌ","高知県高知市南川添24","33.572317","133.562339"
"新高産業社屋","高知県高知市南竹島町53-3","33.539278","133.547828"
"ホテルベストプライス高知","高知県高知市南宝永町16-12","33.556319","133.554425"
"福留開発社屋","高知県高知市南宝永町19-11","33.555958","133.554198"
"株式会社ラウンドワン　高知店","高知県高知市南宝永町4-12","33.55784","133.5544"
"下知コミュニティセンター","高知県高知市二葉町10-7","33.556749","133.556883"
"ハイツ六泉３","高知県高知市二葉町13-30","33.556603","133.556164"
"スカイパレス二葉","高知県高知市二葉町14-33","33.556251","133.556036"
"町田ビル","高知県高知市二葉町15-1","33.556552","133.554951"
"岡村ビル","高知県高知市二葉町7-10","33.557427","133.555008"
"高知パレスホテル　新館","高知県高知市廿代町1-18","33.563094","133.541596"
"高知パレスホテル　禁煙館","高知県高知市廿代町4-1","33.563185","133.541181"
"四国開発（株）高知本社","高知県高知市日の出町2-12","33.560384","133.555664"
"昭和小学校","高知県高知市日の出町7-61","33.559896","133.558242"
"サウスブリーズホテル","高知県高知市農人町5-29","33.558286","133.549469"
"リヴィエール大高","高知県高知市梅ノ辻21-14","33.555218","133.541423"
"フィッシングハヤシ","高知県高知市梅ノ辻5-1","33.554903","133.543348"
"梅ノ辻クリニック","高知県高知市梅ノ辻8-7","33.553601","133.543565"
"パル・ボナール","高知県高知市梅ノ辻9-7","33.553259","133.543251"
"（株）轟組","高知県高知市萩町1-5-13","33.547025","133.55466"
"城北中学校","高知県高知市八反町1-8-14","33.567917","133.525572"
"県営住宅八反町団地１号棟","高知県高知市八反町2-11-23","33.566725","133.523258"
"サーパス北本町","高知県高知市比島町1-4-10","33.567476","133.550069"
"ライオンズヒルズ高知","高知県高知市比島町2-10-45","33.571247","133.551934"
"比島町市営住宅","高知県高知市比島町2-2-1","33.569107","133.549061"
"比島公園","高知県高知市比島町4-8","33.573374","133.550861"
"潮江小学校","高知県高知市百石町2-4-40","33.548821","133.542483"
"南部健康福祉センター","高知県高知市百石町3-1-30","33.545147","133.548077"
"百石町市営住宅","高知県高知市百石町3-1-33","33.544983","133.547802"
"潮江第二コミュニティ住宅","高知県高知市百石町3-6-8","33.546317","133.545991"
"潮江第一コミュニティ住宅","高知県高知市百石町4-15-4","33.54357","133.545201"
"布師田ふれあいセンター","高知県高知市布師田1647","33.583475","133.595068"
"布師田小学校","高知県高知市布師田1781-1","33.583019","133.591468"
"高知刑務所","高知県高知市布師田3604-1","33.589135","133.598566"
"（有）マルキ南工場","高知県高知市布師田3962","33.573552","133.57337"
"高知県中小企業会館","高知県高知市布師田3992-2","33.572623","133.577882"
"福井公園","高知県高知市福井町1006-1","33.565068","133.507964"
"福寿園","高知県高知市福井町748","33.569349","133.511901"
"有料老人ホームとも","高知県高知市北久保2-39","33.569545","133.564358"
"ＪＡ高知ビル","高知県高知市北御座2-27","33.568924","133.55996"
"弥右衛門ふれあいセンター","高知県高知市北御座2-60","33.569119","133.558481"
"Ｄｃｍダイキ御座店","高知県高知市北御座4-6","33.569878","133.560878"
"ビ・ウェルフレックス弥右衛門","高知県高知市北川添19-10","33.57402","133.561142"
"旭東小学校","高知県高知市北端町50","33.559538","133.507625"
"北竹島町市営住宅２号棟","高知県高知市北竹島町29-1","33.544998","133.540115"
"北竹島町市営住宅１号棟","高知県高知市北竹島町29-1","33.545536","133.538981"
"高知中央郵便局","高知県高知市北本町1-10-18","33.566669","133.541269"
"ＪＲクレメントイン高知","高知県高知市北本町1-10-59","33.566935","133.541654"
"龍馬情報ビジネス＆フード専門学校","高知県高知市北本町1-12-6","33.566755","133.539337"
"更生保護施設高坂寮","高知県高知市北本町1-3-3","33.565123","133.539969"
"龍馬看護ふくし専門学校","高知県高知市北本町1-5-3","33.56574","133.538687"
"オリエントホテル高知和風吉萬","高知県高知市北本町2-1-22","33.565521","133.544497"
"ビ・ウェルフレックス北本町","高知県高知市北本町4-6-45","33.565931","133.552219"
"高知特別支援学校","高知県高知市本宮町125","33.55763","133.498554"
"旭小学校","高知県高知市本宮町15","33.556716","133.501019"
"旭緑地（予定地含む）","高知県高知市本宮町265-2","33.555392","133.500545"
"伊予銀行高知支店","高知県高知市本町2-1-9","33.559456","133.537234"
"百十四銀行高知支店","高知県高知市本町3-3-36","33.558282","133.5345"
"高知電気ビル","高知県高知市本町4-1-16","33.558511","133.532666"
"高知県自治会館","高知県高知市本町4-1-35","33.559311","133.533009"
"ビ・ウェル本町","高知県高知市本町4-1-48","33.558986","133.533836"
"高知県建設会館","高知県高知市本町4-2-15","33.557469","133.533927"
"ザ　クラウンパレス新阪急高知","高知県高知市本町4-2-50","33.557915","133.53379"
"県民文化ホール","高知県高知市本町4-3-30","33.556801","133.533143"
"高知地方合同庁舎","高知県高知市本町4-3-41","33.557043","133.533726"
"高知市役所本庁舎","高知県高知市本町5-1-45","33.558592","133.531127"
"高知市役所第二庁舎","高知県高知市本町5-1-45","33.558275","133.530644"
"高知共済会館","高知県高知市本町5-3-20","33.558124","133.529983"
"不二興産ビル（立体駐車場）","高知県高知市本町5-4-21","33.557344","133.529763"
"高知会館","高知県高知市本町5-6-42","33.557631","133.531508"
"第２六泉寺ビル","高知県高知市六泉寺町221-1","33.539178","133.54099"
"高知河川国道事務所","高知県高知市六泉寺町96-7","33.536885","133.545178"
"いずみビル","高知県高知市和泉町6-1","33.571254","133.540588"
"株式会社高知丸高","高知県高知市薊野南町12-31","33.5766","133.560177"
"セントラルディーボ一宮店（立体駐車場）","高知県高知市薊野南町27-28","33.578119","133.561961"
"伊田トンネル上（西口）","高知県黒潮町伊田","33.036987","133.074854"
"タキウ谷（中継所）","高知県黒潮町伊田","33.031511","133.08645"
"コンピラ宮","高知県黒潮町伊田","33.033108","133.078253"
"コウジン山（伊田）","高知県黒潮町伊田","33.033508","133.077019"
"ツル丼の畝","高知県黒潮町伊田","33.037927","133.078227"
"中野上の高台","高知県黒潮町伊田","33.037668","133.081751"
"坂本八幡様高台","高知県黒潮町伊田","33.035125","133.081322"
"恵比寿神社裏山","高知県黒潮町伊田","33.035803","133.075564"
"伊田郷集会所裏山（大畑峠）","高知県黒潮町伊田","33.036489","133.078156"
"黒潮消防署","高知県黒潮町伊田2629-1","33.032205","133.081757"
"旧黒潮町立伊田小学校","高知県黒潮町伊田565","33.037051","133.073912"
"伊田浦老人憩の家","高知県黒潮町伊田654","33.035727","133.074161"
"旧黒潮町立伊田保育所","高知県黒潮町伊田808","33.035557","133.077275"
"上の山（伊田）","高知県黒潮町伊田（上の山（伊田））","33.036386","133.07637"
"伊田郷集会所","高知県黒潮町伊田８７１－イ","33.036321","133.078498"
"民家前広場（神田地区）","高知県黒潮町伊与喜","33.106459","133.09665"
"広場（ワカバ谷地区）","高知県黒潮町伊与喜","33.110777","133.094971"
"広場（堂ノ本地区②）","高知県黒潮町伊与喜","33.105647","133.097111"
"広場（堂ノ本地区①）","高知県黒潮町伊与喜","33.104206","133.097253"
"広場（竹ノハナ地区）","高知県黒潮町伊与喜","33.109142","133.094949"
"広場（小谷口地区）","高知県黒潮町伊与喜","33.107097","133.096328"
"広場（主屋式地区）","高知県黒潮町伊与喜","33.111161","133.088972"
"伊与喜消防屯所","高知県黒潮町伊与喜26-1","33.107344","133.098736"
"伊与喜集会所","高知県黒潮町伊与喜354","33.107971","133.095556"
"黒潮町立佐賀保育所","高知県黒潮町伊与喜699-1","33.104904","133.10158"
"黒潮町立伊与喜小学校","高知県黒潮町伊与喜78","33.105216","133.100024"
"黒潮町立湊川ふれあいセンター","高知県黒潮町奥湊川3091","33.062958","133.02591"
"奥湊川老人憩の家","高知県黒潮町奥湊川3102","33.062445","133.025953"
"ウエノヤマ","高知県黒潮町下田の口","33.014188","132.998575"
"田ノ口古墳裏山","高知県黒潮町下田の口","33.016452","132.99264"
"松ヶ谷","高知県黒潮町下田の口","33.011761","132.998435"
"ヲゴ山","高知県黒潮町下田の口","33.019644","132.999236"
"シホ田谷","高知県黒潮町下田の口","33.011787","132.997152"
"シオタノウエ","高知県黒潮町下田の口","33.01251","132.996494"
"サコノウエ","高知県黒潮町下田の口","33.013523","132.996285"
"コウジン山（下田の口）","高知県黒潮町下田の口","33.01307","132.999451"
"カシワ","高知県黒潮町下田の口","33.015547","132.998244"
"田の口地区防災まちづくり拠点施設（田の口消防屯所）","高知県黒潮町下田の口1036-5","33.014069","132.998385"
"黒潮町立田ノ口小学校","高知県黒潮町下田の口1925","33.015832","132.991619"
"グループホーム　しらゆり","高知県黒潮町下田の口2153","33.012958","132.986762"
"下田の口コミュニティーセンター","高知県黒潮町下田の口72","33.013108","133.001063"
"団地内空地","高知県黒潮町下田の口822-117","33.018472","132.994741"
"緑野集会所","高知県黒潮町下田の口822-142","33.017679","132.996961"
"田ノ口小学校裏山","高知県黒潮町下田の口（田ノ口小学校裏山）","33.016617","132.991616"
"北イケノ谷","高知県黒潮町下田の口（北イケノ谷）","33.012368","132.997555"
"宮尾","高知県黒潮町加持","33.047005","133.006326"
"岡ノ下","高知県黒潮町加持","33.044219","133.019844"
"土取り場","高知県黒潮町加持","33.039042","133.010208"
"古城（田村）","高知県黒潮町加持","33.044939","133.008141"
"アグリ","高知県黒潮町加持","33.043896","133.023264"
"オンヂガハナ","高知県黒潮町加持","33.044444","133.013012"
"キオリヤマ","高知県黒潮町加持","33.049939","133.005117"
"コンピラサン","高知県黒潮町加持","33.04855","133.018405"
"猿飼高台","高知県黒潮町加持","33.051892","133.018789"
"小川集落センター","高知県黒潮町加持121-1","33.042933","133.020001"
"加持本村集会所","高知県黒潮町加持2186-4","33.049994","133.006092"
"黒潮町立加持ふれあいセンター","高知県黒潮町加持3181","33.043066","133.010809"
"大方誠心園","高知県黒潮町加持33","33.039513","133.021539"
"田村集会所","高知県黒潮町加持3320-1","33.041837","133.012567"
"高敷地の民家（ホキ）","高知県黒潮町加持（高敷地の民家（ホキ））","33.045322","133.012009"
"高敷地の民家高台","高知県黒潮町加持（高敷地の民家高台）","33.041368","133.020784"
"坂口","高知県黒潮町加持（坂口）","33.050862","133.010947"
"三嶋神社","高知県黒潮町加持（三嶋神社）","33.043221","133.009344"
"寺山（加持本村）","高知県黒潮町加持（寺山（加持本村））","33.048842","133.009022"
"西の窪","高知県黒潮町加持（西の窪）","33.045535","133.016001"
"大身山","高知県黒潮町加持（大身山）","33.051422","133.006466"
"竹島ツ","高知県黒潮町加持（竹島ツ）","33.048253","133.006662"
"中山","高知県黒潮町加持（中山）","33.049623","133.011559"
"鉄塔","高知県黒潮町加持（鉄塔）","33.042414","133.017031"
"田村神社（オウジサン）","高知県黒潮町加持（田村神社（オウジサン））","33.040799","133.011259"
"本谷集会所","高知県黒潮町加持川1843-1","33.069241","132.996353"
"旧黒潮町立北郷小学校","高知県黒潮町加持川850","33.056963","132.996635"
"大屋式集会所","高知県黒潮町加持川853","33.057101","132.997235"
"八坂神社","高知県黒潮町荷稲","33.131867","133.119122"
"荷稲郵便局裏","高知県黒潮町荷稲","33.133685","133.122872"
"荷稲集会所","高知県黒潮町荷稲472-2","33.132893","133.119883"
"黒潮町立拳ノ川小学校","高知県黒潮町挙ノ川243","33.145481","133.120815"
"旧黒潮町立拳ノ川保育所","高知県黒潮町挙ノ川46-1","33.136425","133.124152"
"熊井バス停","高知県黒潮町熊井","33.100357","133.100743"
"民家宅前駐車場","高知県黒潮町熊井","33.100024","133.10224"
"金子石材工場","高知県黒潮町熊井","33.101231","133.097719"
"吉門しめじ工場","高知県黒潮町熊井","33.100775","133.101451"
"熊井集会所","高知県黒潮町熊井279-3","33.100206","133.101747"
"幡東森林組合","高知県黒潮町熊井346-8","33.100263","133.096238"
"高敷地の町道（熊野浦久保浦）","高知県黒潮町熊野浦","33.091966","133.12839"
"高敷地の民家（熊野浦久保浦）","高知県黒潮町熊野浦","33.095892","133.127553"
"高敷地の民家（熊野浦西谷）","高知県黒潮町熊野浦","33.099656","133.139815"
"熊野浦集会所","高知県黒潮町熊野浦205-159","33.101114","133.134668"
"ビニールハウス（西ノ路地区）","高知県黒潮町拳ノ川","33.147294","133.122056"
"拳ノ川農協前駐車場","高知県黒潮町拳ノ川","33.144956","133.123371"
"今西しめじ工場（若山地区）","高知県黒潮町拳ノ川","33.149908","133.115867"
"ビニールハウス（ヨコボキ地区）","高知県黒潮町拳ノ川","33.13993","133.125293"
"保健福祉支援センターこぶし","高知県黒潮町拳ノ川17-3","33.135548","133.123282"
"拳ノ川消防屯所","高知県黒潮町拳ノ川1789","33.144693","133.122983"
"拳ノ川集会所","高知県黒潮町拳ノ川233-1","33.144253","133.121601"
"御坊畑集会所","高知県黒潮町御坊畑130","33.021955","132.980592"
"かじはな高台","高知県黒潮町口湊川","33.052439","133.027818"
"入次墓地","高知県黒潮町口湊川","33.050582","133.030239"
"口湊川集会所","高知県黒潮町口湊川996","33.055493","133.026863"
"坂折地区コミュニティー広場","高知県黒潮町佐賀","33.085747","133.099078"
"高敷地の民家（下馬地）","高知県黒潮町佐賀","33.079728","133.098408"
"旧養鶏場舎跡地","高知県黒潮町佐賀","33.087044","133.1029"
"荒神山避難広場","高知県黒潮町佐賀","33.08217","133.102665"
"砂防ダム付近広場","高知県黒潮町佐賀","33.085264","133.095356"
"城山避難広場","高知県黒潮町佐賀","33.079494","133.110539"
"オクラ忠魂墓地","高知県黒潮町佐賀","33.083975","133.109231"
"横浜トンネル西口","高知県黒潮町佐賀","33.072548","133.104127"
"横浜避難広場","高知県黒潮町佐賀","33.077786","133.102153"
"黒潮町総合センター","高知県黒潮町佐賀1080-1","33.07953","133.102831"
"上分集会所","高知県黒潮町佐賀1604","33.091111","133.099016"
"坂折集会所","高知県黒潮町佐賀2560-6","33.084633","133.096773"
"馬地集会所","高知県黒潮町佐賀2757-2","33.080289","133.099213"
"東城山","高知県黒潮町佐賀299-1","33.032297","133.010594"
"黒潮町立佐賀町民館","高知県黒潮町佐賀2995-40","33.075223","133.105868"
"横浜地区津波避難タワー","高知県黒潮町佐賀3078-2","33.075622","133.10445"
"黒潮町特別養護老人ホーム　かしま荘","高知県黒潮町佐賀3177","33.062412","133.105811"
"黒潮町ディサービスセンター　鹿島ヶ浦","高知県黒潮町佐賀3177-10","33.063113","133.106076"
"観音堂","高知県黒潮町佐賀3278","33.078165","133.111108"
"旧黒潮町立横浜保育所","高知県黒潮町佐賀3537-1","33.074795","133.105862"
"佐賀漁協","高知県黒潮町佐賀381","33.077684","133.110533"
"黒潮町立佐賀中学校","高知県黒潮町佐賀600","33.082625","133.106109"
"佐賀地区津波避難タワー","高知県黒潮町佐賀713-1","33.079986","133.106247"
"漁民研修センター","高知県黒潮町佐賀773-6","33.07867","133.108376"
"ＪＡ高知はた佐賀支所","高知県黒潮町佐賀888","33.080788","133.104646"
"黒潮町立佐賀小学校","高知県黒潮町佐賀960","33.082311","133.104756"
"佐賀交流センターみらい（旧黒潮町立佐賀保育所）","高知県黒潮町佐賀967-1","33.081784","133.105158"
"高敷地の民家（上馬地）","高知県黒潮町佐賀（高敷地の民家（上馬地））","33.082681","133.098181"
"高敷地の民家（中馬地）","高知県黒潮町佐賀（高敷地の民家（中馬地））","33.081572","133.097303"
"上分集会所裏山","高知県黒潮町佐賀（上分集会所裏山）","33.091183","133.099936"
"大和田山避難広場","高知県黒潮町佐賀（大和田山避難広場）","33.083274","133.104575"
"滝本神社裏山","高知県黒潮町佐賀（滝本神社裏山）","33.075169","133.104053"
"町分避難広場","高知県黒潮町佐賀（町分避難広場）","33.080936","133.103089"
"土佐神社（城山）","高知県黒潮町佐賀（土佐神社（城山））","33.080002","133.110385"
"東公園","高知県黒潮町佐賀（東公園）","33.083508","133.110386"
"東公園背後地高台","高知県黒潮町佐賀（東公園背後地高台）","33.084146","133.110451"
"白石団地裏山","高知県黒潮町佐賀（白石団地裏山）","33.094373","133.09867"
"白石地区避難広場","高知県黒潮町佐賀（白石地区避難広場）","33.093005","133.094564"
"墓地裏山（横浜）","高知県黒潮町佐賀（墓地裏山（横浜））","33.074173","133.104603"
"民家裏山（家野地）","高知県黒潮町佐賀（民家裏山（家野地））","33.079237","133.095962"
"民家裏山（上分地区）","高知県黒潮町佐賀（民家裏山（上分地区））","33.090332","133.100977"
"野田の坂","高知県黒潮町佐賀（野田の坂）","33.081201","133.109559"
"広場（カミサイノウ地区）","高知県黒潮町佐賀橘川","33.154265","133.136164"
"広場（キドヲ地区）","高知県黒潮町佐賀橘川","33.14966","133.131656"
"広場（ナガタ地区）","高知県黒潮町佐賀橘川","33.152606","133.136505"
"広場（山ノ森地区）","高知県黒潮町佐賀橘川","33.152261","133.1337"
"佐賀橘川集会所","高知県黒潮町佐賀橘川773","33.14927","133.132414"
"広場（サル谷地区）","高知県黒潮町市野々川","33.116215","133.100968"
"広場（神ノ前地区）","高知県黒潮町市野々川","33.123025","133.100059"
"県道の広場（上ミヲンヂ地区）","高知県黒潮町市野々川","33.129924","133.090422"
"広場（田中地区）","高知県黒潮町市野々川","33.120851","133.100432"
"広場（竹本地区）","高知県黒潮町市野々川","33.116867","133.102122"
"市野々川団地集会所","高知県黒潮町市野々川9-2","33.110921","133.103201"
"市野々川集会所","高知県黒潮町市野々川955-2","33.11827","133.101902"
"畑（スケガ谷グチ地区）","高知県黒潮町市野瀬","33.159465","133.140261"
"畑（タカヒラ地区）","高知県黒潮町市野瀬","33.158458","133.139108"
"市野瀬集会所","高知県黒潮町市野瀬547-1","33.162572","133.140118"
"ナライバ","高知県黒潮町出口","32.987269","132.99793"
"西のはな","高知県黒潮町出口","32.985082","132.999189"
"上ミダバ","高知県黒潮町出口","32.988362","133.000578"
"上の山","高知県黒潮町出口","32.984673","132.995832"
"小学校跡地","高知県黒潮町出口","32.989039","133.000781"
"共同墓地","高知県黒潮町出口","32.98843","132.997478"
"外バタケ","高知県黒潮町出口","32.985461","133.000664"
"介護療養型老人保健施設ことぶき","高知県黒潮町出口2070","32.980899","132.994645"
"黒潮町立三浦小学校","高知県黒潮町出口2480","32.990847","132.996713"
"出口集会所","高知県黒潮町出口272-2","32.985272","133.000134"
"大方生華園第２","高知県黒潮町出口4-9","32.989717","133.001131"
"出口避難集会所　（出口消防屯所合築）","高知県黒潮町出口626","32.986322","132.997741"
"小黒ノ川集会所","高知県黒潮町小黒の川156","33.123189","133.120882"
"民家前広場（成又地区）","高知県黒潮町小黒ノ川","33.109997","133.133092"
"民家前広場（ダバヤシキ地区）","高知県黒潮町小黒ノ川","33.122647","133.120006"
"畑（中島地区）","高知県黒潮町小黒ノ川","33.120825","133.119243"
"民宿みやこ広場","高知県黒潮町上川口","33.038877","133.042292"
"東谷山","高知県黒潮町上川口","33.040271","133.060676"
"待王坂山金毘羅さん","高知県黒潮町上川口","33.038564","133.060164"
"桂蔵禅寺","高知県黒潮町上川口","33.041791","133.057378"
"荒神さん","高知県黒潮町上川口","33.043513","133.05573"
"高山","高知県黒潮町上川口","33.042852","133.054937"
"寺山（上川口）","高知県黒潮町上川口","33.041723","133.057699"
"東高山","高知県黒潮町上川口","33.043623","133.054894"
"黒潮町立大方くじら保育所","高知県黒潮町上川口1068-1","33.04107","133.05174"
"高知県立幡多青少年の家","高知県黒潮町上川口1166","33.040638","133.049283"
"王迎児童公園（王迎集会所）","高知県黒潮町上川口1252-2","33.039795","133.048408"
"王無集会所","高知県黒潮町上川口1499-2","33.038179","133.042043"
"王無児童公園","高知県黒潮町上川口1528-27","33.037887","133.041093"
"旧黒潮町立上川口保育所","高知県黒潮町上川口564-2","33.041574","133.058092"
"黒潮町立上川口小学校","高知県黒潮町上川口569","33.041397","133.057447"
"上川口浦集会所","高知県黒潮町上川口733-8","33.040196","133.058106"
"上川口郷集落センター","高知県黒潮町上川口885-8","33.04281","133.056251"
"旧黒潮町立上田の口保育所","高知県黒潮町上田の口107","33.010378","132.986308"
"上田の口集会所","高知県黒潮町上田の口67","33.010853","132.984797"
"民家下の県道（楮ヶ谷地区）","高知県黒潮町川奥","33.136953","133.116072"
"民家下の県道（ゴハイマキ地区）","高知県黒潮町川奥","33.144073","133.109763"
"川奥集会所","高知県黒潮町川奥289","33.140279","133.114331"
"大井川集会所","高知県黒潮町大井川71","33.065503","132.982302"
"大方橘川集会所","高知県黒潮町大方橘川539-2","33.046669","132.987533"
"中ノ川集会所","高知県黒潮町中ノ川166","33.125651","133.134348"
"西間","高知県黒潮町田野浦","32.995271","133.004196"
"打越","高知県黒潮町田野浦","32.995728","132.998963"
"生華園裏山","高知県黒潮町田野浦","32.997558","132.99224"
"西間国営","高知県黒潮町田野浦","32.995863","132.996056"
"ドヤマ高台","高知県黒潮町田野浦","32.995514","133.006089"
"ニイガダバ","高知県黒潮町田野浦","32.998425","133.000722"
"下浜西の上","高知県黒潮町田野浦","32.997473","133.003723"
"家の前貯水槽付近","高知県黒潮町田野浦","33.001936","133.000509"
"森間","高知県黒潮町田野浦","32.997854","133.004546"
"田野浦避難集会所","高知県黒潮町田野浦1028","32.996092","133.002423"
"田野浦多目的研修集会施設","高知県黒潮町田野浦2706-1","32.996149","133.004122"
"大方生華園","高知県黒潮町田野浦518","32.994397","132.996309"
"田野浦地区防災活動拠点施設（田野浦消防屯所）","高知県黒潮町田野浦652-2","32.995864","133.000176"
"土居間","高知県黒潮町田野浦（土居間）","32.99548","133.004835"
"白皇神社","高知県黒潮町田野浦（白皇神社）","32.995894","133.003795"
"本田","高知県黒潮町田野浦（本田）","33.003345","133.00126"
"黒潮町立南部保育所","高知県黒潮町田野浦１６４－２","32.991572","132.998999"
"お地蔵様","高知県黒潮町藤縄","33.095329","133.091785"
"民家裏山（深瀬地区）","高知県黒潮町藤縄","33.097528","133.095607"
"高敷地の民家（ナロ地区）","高知県黒潮町藤縄","33.095914","133.091986"
"民家広場（深瀬地区）","高知県黒潮町藤縄","33.096894","133.094875"
"民家裏山（ヤシキ地区）","高知県黒潮町藤縄","33.097383","133.093924"
"民家裏山（イノタニ地区）","高知県黒潮町藤縄","33.099568","133.094819"
"藤縄集会所","高知県黒潮町藤縄784-3","33.095986","133.092038"
"ニュー白浜裏山","高知県黒潮町灘","33.054958","133.097705"
"井の岬トンネル東側","高知県黒潮町灘","33.032061","133.089069"
"釼神社","高知県黒潮町灘","33.030592","133.094725"
"荒神様東隣（国土交通省整備箇所）","高知県黒潮町灘","33.034248","133.092572"
"灘南","高知県黒潮町灘","33.030196","133.095248"
"灘集会所","高知県黒潮町灘432","33.033137","133.093349"
"たばこ乾燥場","高知県黒潮町入野","33.034844","133.010998"
"アサガ谷","高知県黒潮町入野","33.020375","132.999019"
"かまとぎ場","高知県黒潮町入野","33.023113","133.001723"
"西坂取谷","高知県黒潮町入野","33.022983","133.002886"
"大方中央保育所裏山","高知県黒潮町入野","33.02792","133.005381"
"壇上","高知県黒潮町入野","33.023296","133.00627"
"池の坂","高知県黒潮町入野","33.02175","133.000561"
"中浅ヶ谷","高知県黒潮町入野","33.019882","133.000059"
"東城山","高知県黒潮町入野","33.032297","133.010594"
"芝集会所","高知県黒潮町入野1196-1","33.021366","133.005167"
"町地区津波避難タワー","高知県黒潮町入野1405","33.019872","133.008768"
"入野本村集会所","高知県黒潮町入野1510-8","33.021858","133.008018"
"土佐西南大規模公園展望台","高知県黒潮町入野176-2","33.019696","133.012555"
"ふるさと総合センター","高知県黒潮町入野176-2","33.020114","133.01292"
"ネスト・ウェストガーデン土佐","高知県黒潮町入野184","33.01903","133.012088"
"黒潮町保健福祉センター","高知県黒潮町入野2017-1","33.024531","133.011259"
"浜の宮集会所","高知県黒潮町入野2310-2","33.024454","133.013348"
"早咲地区津波避難タワー","高知県黒潮町入野3359","33.031752","133.016261"
"早咲集会所","高知県黒潮町入野3799","33.034352","133.015069"
"旧黒潮町立早咲保育所","高知県黒潮町入野3803-2","33.03457","133.015383"
"あったかふれあいセンターにしきの広場","高知県黒潮町入野5191-22","33.030262","133.008527"
"錦野老人憩の家","高知県黒潮町入野5196-67","33.030715","133.006162"
"黒潮町立大方中学校","高知県黒潮町入野5220","33.028464","133.008818"
"錦野児童公園","高知県黒潮町入野5343-3","33.030875","133.005158"
"高知県立大方高等学校","高知県黒潮町入野5507","33.027118","133.008266"
"黒潮町立入野小学校","高知県黒潮町入野5556","33.025596","133.008431"
"黒潮町立大方中央保育所","高知県黒潮町入野5695","33.0277","133.006404"
"入野地区防災まちづくり拠点施設（入野消防屯所）","高知県黒潮町入野5919-1","33.023779","133.003997"
"芝農村公園","高知県黒潮町入野6167","33.022036","133.003133"
"大方あかつき館屋上","高知県黒潮町入野6931-3","33.022418","133.013247"
"浜の宮地区津波避難タワー","高知県黒潮町入野6931-3","33.022417","133.012914"
"黒潮町立大方町民館","高知県黒潮町入野833-1","33.018461","133.008143"
"黒潮町立浜松教育集会所","高知県黒潮町入野841-5","33.018483","133.008035"
"黒潮町立友愛集会所","高知県黒潮町入野854-3","33.019071","133.009422"
"黒潮町立大方児童館","高知県黒潮町入野873-2","33.019648","133.008163"
"万行地区津波避難タワー","高知県黒潮町入野891","33.018576","133.006885"
"入野墓地公園","高知県黒潮町入野（入野墓地公園）","33.0311","133.003108"
"防災広場","高知県黒潮町入野（防災広場）","33.025869","133.00228"
"新町集会所","高知県黒潮町入野１４３８－イ","33.020906","133.010394"
"福堂集落センター","高知県黒潮町馬荷1938","33.058009","132.978823"
"中馬荷集落センター","高知県黒潮町馬荷2854-4","33.048818","132.970681"
"下馬荷集落センター","高知県黒潮町馬荷3239","33.041374","132.971415"
"旧黒潮町立馬荷小学校","高知県黒潮町馬荷3259","33.041823","132.97024"
"白浜駅裏山","高知県黒潮町白浜","33.057586","133.097036"
"白皇神社","高知県黒潮町白浜","33.055555","133.097622"
"白浜集会所","高知県黒潮町白浜19","33.057405","133.098384"
"高敷地の民家（梶原地区）","高知県黒潮町不破原","33.108554","133.1086"
"国道脇倉庫（城谷地区）","高知県黒潮町不破原","33.109569","133.110619"
"高敷地の民家（川向地区）","高知県黒潮町不破原","33.110975","133.107781"
"高敷地の民家（藤本地区）","高知県黒潮町不破原","33.116862","133.114238"
"不破原橋左岸","高知県黒潮町不破原","33.109417","133.108069"
"民家前広場（才小谷地区）","高知県黒潮町不破原","33.108719","133.106889"
"不破原集会所","高知県黒潮町不破原425-3","33.109466","133.109865"
"天満宮（鞭）","高知県黒潮町浮鞭","33.036887","133.031324"
"南郷小学校裏山","高知県黒潮町浮鞭","33.038178","133.025683"
"八幡宮（浮津）","高知県黒潮町浮鞭","33.040258","133.036149"
"浮津高台","高知県黒潮町浮鞭","33.039729","133.037265"
"ヤモウジ国営農地高台","高知県黒潮町浮鞭","33.04168","133.027585"
"鞭地区防災まちづくり拠点施設（鞭消防屯所）","高知県黒潮町浮鞭1821","33.03894","133.032841"
"鞭集会所","高知県黒潮町浮鞭1944-1","33.037877","133.033147"
"浮津避難集会所","高知県黒潮町浮鞭2704","33.039419","133.037026"
"弘野集会所","高知県黒潮町浮鞭300","33.035499","133.023712"
"浮津集落センター","高知県黒潮町浮鞭3588-1","33.038173","133.037353"
"土佐ユートピアカントリークラブ","高知県黒潮町浮鞭3878","33.054087","133.037784"
"旧黒潮町立東部保育所","高知県黒潮町浮鞭3954-1","33.035181","133.028826"
"黒潮町立南郷小学校","高知県黒潮町浮鞭717","33.03781","133.026067"
"長袖様","高知県黒潮町有井川","33.038678","133.065819"
"９班人家東の畑高台","高知県黒潮町有井川","33.045714","133.066094"
"シモ保喜広場","高知県黒潮町有井川","33.040219","133.067942"
"ショウブガダニ山","高知県黒潮町有井川","33.039353","133.067116"
"金毘羅神社","高知県黒潮町有井川","33.042083","133.070428"
"庄司様","高知県黒潮町有井川","33.041086","133.071308"
"須賀神社","高知県黒潮町有井川","33.044658","133.067653"
"忠魂墓地（上川口）","高知県黒潮町有井川","33.037892","133.061878"
"森の畝","高知県黒潮町有井川","33.040742","133.069061"
"特別養護老人ホーム　シーサイドホーム","高知県黒潮町有井川12-1","33.038434","133.060908"
"通所介護施設しおかぜ","高知県黒潮町有井川12-1","33.037516","133.060841"
"有井川多目的研修集会施設","高知県黒潮町有井川1809-1","33.038224","133.070337"
"保喜裏山","高知県黒潮町有井川（保喜裏山）","33.042913","133.066585"
"坊山","高知県黒潮町有井川（坊山）","33.038926","133.06884"
"水道配水池（鈴）","高知県黒潮町鈴","33.127489","133.156436"
"町道敷き高台（さかな街道）","高知県黒潮町鈴","33.125497","133.149023"
"旧鈴保育所裏山","高知県黒潮町鈴","33.127758","133.155308"
"天満宮（鈴）","高知県黒潮町鈴","33.126244","133.155019"
"町道敷き高台（町道荷稲鈴線）","高知県黒潮町鈴","33.131739","133.152267"
"戦死者墓地（鈴）","高知県黒潮町鈴","33.127731","133.154183"
"旧黒潮町立鈴小学校","高知県黒潮町鈴210","33.126702","133.156658"
"鈴集会所（漁民研修センター）","高知県黒潮町鈴211-9","33.12581","133.155345"
"旧黒潮町立鈴保育所","高知県黒潮町鈴258","33.127466","133.155365"
"民家裏山（大蔵南）","高知県黒潮町蜷川","33.046917","133.043511"
"八幡宮（蜷川）","高知県黒潮町蜷川","33.063597","133.043491"
"民家裏山（大蔵北）","高知県黒潮町蜷川","33.052984","133.042033"
"米原集会所","高知県黒潮町蜷川2630","33.088391","133.067484"
"仲分川集会所","高知県黒潮町蜷川3649-1","33.076364","133.037608"
"伴太郎集会所","高知県黒潮町蜷川3713-13","33.098725","133.052096"
"蜷川健康支援センター","高知県黒潮町蜷川666","33.059537","133.043121"
"黒潮町立蜷川ふれあいセンター","高知県黒潮町蜷川666","33.059677","133.043234"
"蜷川生活改善センター","高知県黒潮町蜷川802","33.059815","133.04276"
"襟野々公民館","高知県佐川町永野1311","33.489508","133.299537"
"花ノ木集会所","高知県佐川町永野1555","33.492987","133.299589"
"埴生ノ川公民館","高知県佐川町永野2018-1","33.489684","133.313247"
"茅ケ森集会所（南谷集会所）","高知県佐川町永野2618-1","33.493794","133.308416"
"木戸集会所（古用地集会所）","高知県佐川町永野3050","33.496025","133.302177"
"永野南組公会堂","高知県佐川町永野699-1","33.486413","133.306934"
"川原田公民館","高知県佐川町永野７０１ロ","33.485799","133.305037"
"岡﨑公民館","高知県佐川町乙1172-2","33.498399","133.278678"
"鳥の巣公民館","高知県佐川町乙128-4","33.484964","133.285563"
"虎杖野公民館","高知県佐川町乙1552","33.505166","133.27706"
"中組公民館","高知県佐川町乙1732-1","33.504653","133.280473"
"富士見町公民館（富士見集会所）","高知県佐川町乙1849-1","33.508386","133.282967"
"三野集会所","高知県佐川町乙2303-5","33.506805","133.288347"
"伏尾団地公民館","高知県佐川町乙2432-34","33.505907","133.28901"
"室原公民館","高知県佐川町乙262","33.490843","133.277143"
"青去公民館","高知県佐川町乙2878","33.511739","133.288884"
"荷稲公民館","高知県佐川町乙3013-2","33.513239","133.294122"
"小富士集会所","高知県佐川町乙3347-4","33.511553","133.291962"
"馬の原公民館","高知県佐川町乙4634","33.524753","133.286768"
"下山公民館","高知県佐川町乙6099","33.518806","133.292917"
"本村東公民館","高知県佐川町加茂1166-4","33.522684","133.316255"
"本村西公民館","高知県佐川町加茂1426","33.522052","133.31041"
"長竹公民館","高知県佐川町加茂3238","33.512025","133.325549"
"横山公民館","高知県佐川町加茂4300-2","33.514055","133.32341"
"竹ノ倉公民館","高知県佐川町加茂4572","33.51522","133.3258"
"弘岡公民館","高知県佐川町加茂524-2","33.52488","133.325011"
"集落活動センター加茂の里","高知県佐川町加茂621-1","33.523408","133.322257"
"加茂住民センター","高知県佐川町加茂674-10","33.522954","133.320809"
"東部公民館（和楽）","高知県佐川町甲1076-3","33.499827","133.294262"
"紫円公民館","高知県佐川町甲1220","33.496271","133.294374"
"旧佐川中学校武道館","高知県佐川町甲1233","33.497755","133.293699"
"新町中央集会所","高知県佐川町甲1425-10","33.500399","133.288794"
"佐川地場産センター","高知県佐川町甲1532","33.499658","133.287856"
"松崎公民館","高知県佐川町甲1665-1","33.501942","133.286203"
"中本町公民館","高知県佐川町甲1852-1","33.50397","133.282913"
"上郷公民館","高知県佐川町甲758-2","33.501363","133.299693"
"蔵法院公民館","高知県佐川町甲５１９－ロ","33.503432","133.304438"
"台住公民館","高知県佐川町黒原1526","33.549048","133.273374"
"原公民館","高知県佐川町黒原3160","33.544221","133.285284"
"山本公民館","高知県佐川町黒原3503","33.543889","133.289372"
"黒岩多目的集会所","高知県佐川町黒原402-1","33.545557","133.278532"
"薬師堂・源重公民館","高知県佐川町黒原5471-12","33.53843","133.28293"
"集落活動センターくろいわ","高知県佐川町黒原905-1","33.547807","133.277171"
"四ツ白太刀踊伝承館","高知県佐川町四ツ白718-4","33.549894","133.310676"
"庄田公民館","高知県佐川町庄田61","33.53147","133.274966"
"瑞応公民館","高知県佐川町瑞応136","33.533385","133.285034"
"西山耕公民館","高知県佐川町西山耕88-5","33.478039","133.261321"
"ふれあいセンター「けいとう」","高知県佐川町西山組1061","33.472228","133.262814"
"岩井口公民館","高知県佐川町西組1271","33.484889","133.274321"
"塚谷公民館","高知県佐川町西組1700","33.480885","133.275835"
"二ノ部公民館","高知県佐川町西組224-1","33.479091","133.282195"
"山瀬公民館","高知県佐川町西組514-2","33.469172","133.273003"
"上伏尾公民館","高知県佐川町西組736-1","33.475141","133.277381"
"下伏尾公民館","高知県佐川町西組907-1","33.479614","133.277779"
"舟床公民館","高知県佐川町川ノ内組１０３０番地先","33.44985","133.288934"
"大田川公民館","高知県佐川町大田川320","33.541789","133.270221"
"川ノ内公民館","高知県佐川町中組1469-3","33.458693","133.278501"
"芝ノ坊公民館","高知県佐川町中組155","33.473778","133.283483"
"角口・狩場集会所","高知県佐川町中組1738","33.469466","133.283981"
"薄木公民館","高知県佐川町中組386-2","33.469841","133.292719"
"野添公民館","高知県佐川町中組569","33.471114","133.28658"
"中野公民館","高知県佐川町中野65-4","33.531826","133.288828"
"入寺山公民館","高知県佐川町東組1875","33.475605","133.287875"
"下美都岐公民館","高知県佐川町東組1986-1","33.483561","133.288799"
"上美都岐公民館","高知県佐川町東組2020","33.480404","133.293783"
"とかの集落活動センターあおぞら","高知県佐川町東組2692","33.477748","133.285693"
"大平公民館","高知県佐川町東組986-3","33.477993","133.295502"
"二ツ野公民館","高知県佐川町二ツ野501-6","33.538065","133.306135"
"桂公民館","高知県佐川町丙1139","33.501873","133.271387"
"九反田公民館","高知県佐川町丙3595","33.508847","133.277459"
"柳瀬公民館","高知県佐川町丙3727-2","33.510275","133.281799"
"市の瀬公民館","高知県佐川町丙4268-2","33.519333","133.28686"
"川内ケ谷上集会所","高知県佐川町丙6170","33.513829","133.263954"
"平野公民館","高知県佐川町平野118-1","33.545153","133.269535"
"峰公民館","高知県佐川町峰耕819","33.496022","133.214011"
"松ノ木公民館","高知県佐川町本郷耕1118-2","33.496758","133.235701"
"堂野々公民館","高知県佐川町本郷耕1493-1","33.494004","133.244115"
"古畑公会堂","高知県佐川町本郷耕156","33.496567","133.223569"
"尾川地区住民センター","高知県佐川町本郷耕1897-6","33.49387","133.251747"
"下郷・高平公民館","高知県佐川町本郷耕2037","33.491087","133.264766"
"中村公民館","高知県佐川町本郷耕2043-1","33.492639","133.255938"
"集落活動センターたいこ岩","高知県佐川町本郷耕381","33.490466","133.255426"
"下切集会所","高知県三原村下切584-3","32.889079","132.793408"
"下長谷集会所","高知県三原村下長谷1579-4","32.895264","132.86778"
"皆尾集会所","高知県三原村皆尾1351","32.893849","132.848141"
"亀ノ川集会所","高知県三原村亀ノ川367-1","32.891358","132.813654"
"三原中学校","高知県三原村宮ノ川1035","32.911442","132.84417"
"三原村中央公民館","高知県三原村宮ノ川1120","32.912378","132.845454"
"三原村農業構造改善センター","高知県三原村宮ノ川1130","32.912959","132.845041"
"特別養護老人ホーム　星ヶ丘","高知県三原村宮ノ川1271-10","32.922826","132.841654"
"星ヶ丘集会所","高知県三原村宮ノ川1271-8","32.922123","132.839258"
"グループホームほうばい","高知県三原村宮ノ川1420-5","32.918967","132.845229"
"宮ノ川集会所","高知県三原村宮ノ川898-1","32.92401","132.847922"
"広野集会所","高知県三原村広野929","32.891366","132.829937"
"上下長谷集会所","高知県三原村上下長谷155-1","32.908131","132.860925"
"上長谷集会所","高知県三原村上長谷1727-1","32.924014","132.871316"
"成山集会所","高知県三原村成山362-8","32.924271","132.910685"
"芳井集会所","高知県三原村芳井185-123","32.89008","132.895678"
"柚ノ木多目的集会所","高知県三原村柚ノ木1243-3","32.906154","132.838958"
"三原小学校","高知県三原村柚ノ木47","32.910127","132.844209"
"来栖野集会所","高知県三原村来栖野240-1","32.902709","132.846763"
"狼内集会所","高知県三原村狼内452-2","32.929625","132.89612"
"武道館","高知県四万十市安並4178","33.005218","132.939253"
"市民スポーツセンター","高知県四万十市安並4231","33.004756","132.940676"
"国土交通省地域防災センター","高知県四万十市井沢1031-52","32.975548","132.962333"
"井沢防災コミュニティセンター","高知県四万十市井沢38-2","32.975576","132.964557"
"国土交通省中村河川国道事務所別棟","高知県四万十市右山2033-14","32.980725","132.940052"
"四万十市総合文化センター（しまんとぴあ）","高知県四万十市右山五月町7-7","32.988174","132.940018"
"アピアさつき","高知県四万十市右山五月町8-13","32.987139","132.939324"
"中村第一ホテル","高知県四万十市駅前町5-15","32.983931","132.943022"
"土佐西南大規模公園（下田地区）","高知県四万十市下田","32.944748","132.997946"
"中医学研究所","高知県四万十市下田2158","32.944968","132.992296"
"光明寺","高知県四万十市下田2454","32.946016","132.987474"
"下田中学校　体育館","高知県四万十市下田3216-1","32.944786","132.990475"
"下田中学校　校舎","高知県四万十市下田3216-1","32.945009","132.991051"
"四万十いやしの里","高知県四万十市下田3363","32.94488","132.993214"
"とまろっと","高知県四万十市下田3548","32.945936","132.994555"
"四万十ＣＣクラブハウス","高知県四万十市間崎1495-2","32.949983","132.969685"
"ＨｏｎｄａＣａｒｓ四万十","高知県四万十市具同5380-1","32.980331","132.911982"
"中村西中学校　体育館","高知県四万十市具同7058-1","32.98676","132.902259"
"中村西中学校　校舎","高知県四万十市具同7058-1","32.986557","132.901638"
"具同小学校　体育館","高知県四万十市具同田黒1-4-1","32.990052","132.9196"
"具同小学校校舎","高知県四万十市具同田黒1-4-1","32.989899","132.920018"
"国土交通省中村河川国道事務所古津賀宿舎","高知県四万十市古津賀2286-12","32.987104","132.961353"
"中村特別支援学校　体育館","高知県四万十市古津賀3091","32.991176","132.970622"
"幡多農業高等学校　体育館","高知県四万十市古津賀3711","32.984253","132.96633"
"（旧）東中筋中学校　体育館","高知県四万十市国見222","32.977859","132.88256"
"（旧）東中筋中学校校舎","高知県四万十市国見222","32.977857","132.883109"
"東中筋小学校校舎","高知県四万十市国見460","32.976452","132.885932"
"東中筋小学校　体育館","高知県四万十市国見460","32.975988","132.886152"
"幡多公設地方卸売市場","高知県四万十市佐岡499-1","32.988716","132.944775"
"坂本防災コニュニティセンター","高知県四万十市坂本610","32.975485","132.932157"
"山路防災コニュニティセンター","高知県四万十市山路2396-4","32.958615","132.945001"
"八束小学校校舎","高知県四万十市実崎1230","32.955583","132.968473"
"八束小学校　体育館","高知県四万十市実崎1230","32.955646","132.969009"
"（旧）勝間小学校校舎","高知県四万十市勝間114-1","33.060262","132.821472"
"（旧）常六小学校校舎","高知県四万十市常六272","33.129108","133.013267"
"深木防災コミュニティセンター","高知県四万十市深木2409-1","32.944328","132.953614"
"奥屋内下集会所","高知県四万十市西土佐奥屋内1148-2","33.103608","132.725838"
"（旧）奥屋内小学校体育館","高知県四万十市西土佐奥屋内955-1","33.111903","132.706957"
"（旧）奥屋内小学校校舎","高知県四万十市西土佐奥屋内955-1","33.11167","132.707048"
"（旧）下家地小学校体育館","高知県四万十市西土佐下家地1379","33.168611","132.746152"
"（旧）下家地小学校校舎","高知県四万十市西土佐下家地1379","33.168418","132.746286"
"玖木公民館","高知県四万十市西土佐玖木132-5","33.092334","132.757908"
"南津地区保健福祉サテライト","高知県四万十市西土佐口屋内101-1","33.095005","132.804212"
"（旧）口屋内小学校校舎","高知県四万十市西土佐口屋内280-1","33.097246","132.799547"
"（旧）口屋内小学校体育館","高知県四万十市西土佐口屋内280-1","33.097475","132.799257"
"江川流域交流センター","高知県四万十市西土佐江川1467","33.218601","132.78402"
"へきち集会所体育館","高知県四万十市西土佐江川2940","33.232816","132.788963"
"権谷せせらぎ交流館交流館","高知県四万十市西土佐江川2940","33.233053","132.789413"
"（旧）本村小学校体育館","高知県四万十市西土佐江川619","33.208252","132.789313"
"（旧）本村小学校校舎","高知県四万十市西土佐江川619","33.208521","132.78905"
"農業公社","高知県四万十市西土佐江川﨑3385","33.179317","132.771503"
"西土佐総合支所庁舎","高知県四万十市西土佐江川崎2445-1","33.172921","132.788219"
"下桁集会所","高知県四万十市西土佐須崎685","33.152406","132.74123"
"（旧）須崎小学校校舎","高知県四万十市西土佐須崎81-3","33.14721","132.750642"
"（旧）須崎小学校体育館","高知県四万十市西土佐須崎81-3","33.147084","132.750953"
"（旧）西ヶ方小学校体育館","高知県四万十市西土佐西ケ方544-1","33.18895","132.76601"
"（旧）西ヶ方小学校校舎","高知県四万十市西土佐西ケ方544-1","33.189117","132.766498"
"大宮上集会所","高知県四万十市西土佐大宮1329-7","33.151214","132.723198"
"大宮下集会所","高知県四万十市西土佐大宮1746-1","33.14115","132.747835"
"（旧）大宮小学校体育館","高知県四万十市西土佐大宮522","33.141913","132.737609"
"（旧）大宮小学校校舎","高知県四万十市西土佐大宮522","33.141809","132.73787"
"四万十学舎校舎","高知県四万十市西土佐中半408-1","33.116763","132.812807"
"中半体育館","高知県四万十市西土佐中半408-1","33.117033","132.812689"
"中村高等学校西土佐分校校舎","高知県四万十市西土佐津野川223","33.149491","132.781706"
"中村高等学校西土佐分校体育館","高知県四万十市西土佐津野川223","33.14972","132.781787"
"（旧）藤ノ川小学校校舎","高知県四万十市西土佐藤ノ川640-2","33.159083","132.840064"
"（旧）藤ノ川小学校体育館","高知県四万十市西土佐藤ノ川640-2","33.158536","132.840424"
"藤ノ川集会所","高知県四万十市西土佐藤ノ川717-2","33.160418","132.838098"
"西土佐小学校体育館","高知県四万十市西土佐用井1110-33","33.172279","132.793939"
"西土佐小学校校舎","高知県四万十市西土佐用井1110-33","33.172073","132.793322"
"西土佐中学校校舎","高知県四万十市西土佐用井1111-1","33.170676","132.793168"
"西土佐中学校体育館","高知県四万十市西土佐用井1111-1","33.171255","132.793597"
"藪ヶ市公会堂","高知県四万十市西土佐藪ケ市184-7","33.147509","132.757143"
"（旧）大川筋中学校校舎","高知県四万十市川登1106-10","33.030622","132.8534"
"（旧）大川筋中学校体育館","高知県四万十市川登1106-10","33.030986","132.853765"
"双海防災コミュニティセンター","高知県四万十市双海688","32.972615","132.997915"
"大用中学校校舎","高知県四万十市大用393","33.104258","132.961881"
"大用中学校　体育館","高知県四万十市大用393","33.103599","132.962286"
"大用小学校校舎","高知県四万十市大用428","33.102735","132.962149"
"（旧）竹屋敷小中学校　体育館","高知県四万十市竹屋敷９２９－ロ","33.096877","132.900477"
"（旧）竹屋敷小中学校校舎","高知県四万十市竹屋敷９２９－ロ","33.097529","132.900488"
"竹島小学校　体育館","高知県四万十市竹島3332","32.968624","132.977081"
"竹島小学校校舎","高知県四万十市竹島3332","32.968502","132.976701"
"菩提寺","高知県四万十市竹島397","32.968853","132.97133"
"竹島防災コミュニティセンター","高知県四万十市竹島409","32.967968","132.971516"
"中村高等学校　体育館","高知県四万十市中村丸の内24","32.998385","132.931601"
"文化センター","高知県四万十市中村桜町2-1","32.995359","132.933167"
"新ロイヤルホテル四万十","高知県四万十市中村小姓町26","32.993429","132.932147"
"中村小学校　校舎","高知県四万十市中村新町3-20","32.995729","132.936186"
"中村小学校　体育館","高知県四万十市中村新町3-20","32.995347","132.93661"
"四万十市役所","高知県四万十市中村大橋通4-10","32.991341","132.933785"
"中村中学校　体育館","高知県四万十市中村東町2-1-30","32.995541","132.938209"
"中村中学校　校舎","高知県四万十市中村東町2-1-30","32.99591","132.937142"
"中村プリンスホテル","高知県四万十市中村弥生町4-1","32.990645","132.9308"
"（旧）田野川小学校校舎","高知県四万十市田野川1240","33.027219","132.926742"
"（旧）田野川小学校体育館","高知県四万十市田野川1240","33.027129","132.927016"
"中村南小学校　校舎","高知県四万十市不破上町1949-1","32.986148","132.935448"
"中村南小学校　体育館","高知県四万十市不破上町1949-1","32.986103","132.935025"
"土佐西南大規模公園（平野地区）","高知県四万十市平野","32.949249","132.992774"
"平野地区集会所","高知県四万十市平野2871","32.955682","132.991062"
"（旧）片魚中学校校舎","高知県四万十市片魚139-7","33.120189","132.986634"
"（旧）片魚小学校校舎","高知県四万十市片魚316","33.133192","132.984725"
"名鹿集会所","高知県四万十市名鹿465","32.918224","133.000151"
"（旧）中筋中学校　体育館","高知県四万十市有岡1008","32.961813","132.830749"
"（旧）中筋中学校　校舎","高知県四万十市有岡1008","32.962023","132.830053"
"中筋老人憩の家","高知県四万十市有岡1249","32.963351","132.828237"
"中筋小学校校舎","高知県四万十市有岡931","32.961596","132.831018"
"利岡小学校校舎","高知県四万十市利岡132","33.019075","132.904573"
"利岡小学校体育館","高知県四万十市利岡132","33.018838","132.905148"
"（旧）利岡小学校校舎","高知県四万十市利岡137","33.019632","132.904031"
"蕨岡小学校校舎","高知県四万十市蕨岡甲6685","33.046459","132.942887"
"蕨岡小学校　体育館","高知県四万十市蕨岡甲6685","33.046225","132.942566"
"蕨岡保育所園舎","高知県四万十市蕨岡甲6797","33.045587","132.942196"
"蕨岡中学校校舎","高知県四万十市蕨岡甲6959","33.041971","132.941338"
"蕨岡中学校体育館","高知県四万十市蕨岡甲6959","33.042097","132.941928"
"避難タワ－１号塔（製材所跡）","高知県四万十町興津1336","33.171655","133.204008"
"避難タワ－４号塔（多目的集会所付近）","高知県四万十町興津1394-1","33.170155","133.204255"
"避難タワ－３号塔（松崎）","高知県四万十町興津1819-5","33.168419","133.21566"
"浦分地区避難広場②（灯台口）","高知県四万十町興津1988-3","33.162681","133.214045"
"小室地区避難広場②（小室本村）","高知県四万十町興津2217-6","33.161668","133.209729"
"興津地区防災拠点施設　（興津保育所・デイサービスセンターさくら貝）　（興津地区防災活動拠点施設）","高知県四万十町興津2517-2","33.176775","133.201574"
"小室地区避難広場①（忠霊塔）","高知県四万十町興津2807","33.165106","133.210113"
"避難タワ－２号塔（沖ノ下）","高知県四万十町興津3976","33.169437","133.202297"
"浦分地区避難広場①（西宝寺）","高知県四万十町興津乙2357-3","33.165568","133.21271"
"向山避難広場","高知県四万十町興津乙2362-6","33.170566","133.2097"
"志和郷地区避難広場①（天満宮横）","高知県四万十町志和1030","33.229933","133.242789"
"鶴津線避難広場","高知県四万十町志和1051-20","33.227328","133.248674"
"志和郷地区避難広場②（ヒショケ谷）","高知県四万十町志和1094-2","33.226514","133.240107"
"志和地区防災拠点広場（小学校裏山）","高知県四万十町志和1173-4","33.231876","133.24652"
"薬師堂避難広場","高知県四万十町志和1181","33.232762","133.248091"
"県道志和線避難広場","高知県四万十町志和201-2","33.22756","133.238605"
"志和防災活動拠点施設","高知県四万十町志和444-3","33.23176","133.246201"
"志和浦地区避難広場①（小学校横）","高知県四万十町志和445","33.231244","133.246286"
"志和浦地区避難広場②（薬師寺横）","高知県四万十町志和482-4","33.23285","133.247214"
"羽根公民館","高知県室戸市羽根町乙1237","33.365302","134.060269"
"羽根防災コミュニティセンター","高知県室戸市羽根町乙1404","33.369401","134.05763"
"上段老人憩いの家","高知県室戸市羽根町乙2755","33.375588","134.053237"
"上段教育集会所","高知県室戸市羽根町乙2760","33.375706","134.053302"
"羽根小学校","高知県室戸市羽根町乙3793-3","33.3678","134.056149"
"羽根中学校","高知県室戸市羽根町乙774","33.372409","134.059935"
"羽根児童館","高知県室戸市羽根町乙３０２１－１８地先","33.373626","134.049244"
"羽根市民館","高知県室戸市羽根町乙３０２１－１８地先","33.373579","134.049541"
"中川内小・中学校","高知県室戸市羽根町甲1993-1","33.392436","134.085882"
"吉良川中学校","高知県室戸市吉良川町乙2000","33.337426","134.09614"
"西灘老人憩の家","高知県室戸市吉良川町乙3157","33.337468","134.085536"
"吉良川市民館","高知県室戸市吉良川町乙5429","33.337412","134.08458"
"吉良川公民館","高知県室戸市吉良川町甲2393","33.332708","134.100098"
"吉良川防災コミュニティセンター","高知県室戸市吉良川町甲2744-1","33.333213","134.099741"
"吉良川小学校","高知県室戸市吉良川町甲2771","33.334145","134.099279"
"吉良川第一保育所","高知県室戸市吉良川町甲3039","33.334156","134.100998"
"キラメッセ室戸","高知県室戸市吉良川町丙890-11","33.306453","134.110191"
"国立室戸青少年自然の家","高知県室戸市元乙1721","33.317146","134.123532"
"元防災コミュニティセンター","高知県室戸市元甲1679-1","33.304808","134.127118"
"元小学校","高知県室戸市元甲1854","33.301744","134.12349"
"行当老人憩の家","高知県室戸市元甲2183-24","33.296308","134.114822"
"行当市民館","高知県室戸市元甲2196","33.296079","134.114784"
"佐喜浜防災コミュニティセンター","高知県室戸市佐喜浜町1334-2","33.393104","134.205318"
"佐喜浜保育所","高知県室戸市佐喜浜町1336-3","33.393243","134.204706"
"佐喜浜生活改善センター","高知県室戸市佐喜浜町1694-1","33.394688","134.205227"
"佐喜浜小学校","高知県室戸市佐喜浜町1700","33.395237","134.204934"
"佐喜浜中学校","高知県室戸市佐喜浜町3848","33.401353","134.210538"
"佐喜浜市民館","高知県室戸市佐喜浜町４９２１－１８地先","33.389211","134.213127"
"世界ジオパークセンター","高知県室戸市室戸岬町1810-2","33.299052","134.186334"
"三津防災コミュニティセンター","高知県室戸市室戸岬町1823","33.298893","134.185586"
"（旧）三高小学校","高知県室戸市室戸岬町2953","33.28256","134.185026"
"アクアファーム","高知県室戸市室戸岬町3507-1","33.266476","134.184174"
"高岡コミュニティセンター","高知県室戸市室戸岬町3631-1","33.265156","134.183204"
"シレストむろと","高知県室戸市室戸岬町3795-1","33.258759","134.182385"
"（旧）室戸岬小学校","高知県室戸市室戸岬町4414-1","33.263547","134.167883"
"椎名集落活動センター","高知県室戸市室戸岬町533-2","33.325771","134.194965"
"室戸岬公民館","高知県室戸市室戸岬町5390-1","33.268903","134.163134"
"菜生市民館","高知県室戸市室戸岬町5775","33.277802","134.155222"
"菜生老人憩いの家","高知県室戸市室戸岬町5816","33.279315","134.154329"
"室戸市中央公園相撲場","高知県室戸市室戸岬町6811","33.286163","134.156842"
"県立室戸体育館","高知県室戸市室戸岬町6811","33.28675","134.159589"
"室戸市中央公園","高知県室戸市室戸岬町6811","33.286699","134.158324"
"室戸勤労者体育センター","高知県室戸市室津2186-1","33.291748","134.1555"
"大谷第二教育集会所","高知県室戸市室津2198-7","33.292634","134.155839"
"室戸高等学校","高知県室戸市室津221","33.296134","134.168104"
"室戸小学校","高知県室戸市浮津115","33.291378","134.151353"
"大谷保育所","高知県室戸市浮津149-1","33.295534","134.152702"
"大谷老人憩いの家","高知県室戸市浮津227","33.293207","134.152606"
"大谷市民館","高知県室戸市浮津227","33.293028","134.152724"
"室戸中学校","高知県室戸市浮津３番町92-1","33.292925","134.142491"
"神の前公園","高知県室戸市領家80","33.291939","134.157881"
"室戸市保健福祉センター","高知県室戸市領家87","33.291067","134.157576"
"裏山へ","高知県宿毛市宇須々木","32.923972","132.668442"
"裏山","高知県宿毛市宇須々木","32.927797","132.673951"
"墓地へ","高知県宿毛市宇須々木","32.920253","132.668236"
"裏山へ","高知県宿毛市宇須々木","32.92202","132.668994"
"裏山へ","高知県宿毛市宇須々木","32.923929","132.669697"
"綱作業場","高知県宿毛市宇須々木","32.924786","132.668622"
"裏山へ","高知県宿毛市宇須々木","32.922745","132.668865"
"裏山","高知県宿毛市宇須々木","32.922695","132.668373"
"高台へ","高知県宿毛市宇須々木1355","32.924281","132.667078"
"山口春亀宅前","高知県宿毛市宇須々木299","32.928336","132.673561"
"山口恵生宅前","高知県宿毛市宇須々木317","32.929208","132.672806"
"松岡宅裏","高知県宿毛市宇須々木802","32.927058","132.671461"
"和泉宅横畑へ","高知県宿毛市宇須々木840","32.925617","132.671581"
"駅前公園津波避難タワー","高知県宿毛市駅前町2-801","32.930859","132.714177"
"春日神社","高知県宿毛市沖の島町鵜来島1","32.798556","132.494723"
"寺院","高知県宿毛市沖の島町鵜来島89","32.799043","132.493105"
"長浜老人憩の家","高知県宿毛市沖の島町弘瀬253","32.72541","132.564345"
"弘瀬老人憩の家","高知県宿毛市沖の島町弘瀬362-2","32.713467","132.551839"
"弘瀬離島センター","高知県宿毛市沖の島町弘瀬562-1","32.719203","132.550153"
"沖の島開発総合センター","高知県宿毛市沖の島町母島1003","32.737994","132.548965"
"古屋野老人憩の家","高知県宿毛市沖の島町母島1368","32.731236","132.543569"
"沖の島小中学校","高知県宿毛市沖の島町母島445","32.738747","132.555867"
"厳島神社","高知県宿毛市貝塚16","32.937241","132.714168"
"宿毛授産園","高知県宿毛市貝塚19-21","32.938749","132.715539"
"聖神社","高知県宿毛市樺","32.930578","132.678647"
"近くの裏山へ（畑）","高知県宿毛市樺","32.929449","132.675426"
"咸陽小学校裏山へ","高知県宿毛市樺","32.929036","132.677431"
"白皇神社","高知県宿毛市錦","32.937392","132.703158"
"観音堂","高知県宿毛市錦","32.940003","132.702708"
"稲荷神社","高知県宿毛市錦746","32.933567","132.707897"
"港南台へ（頂上付近）","高知県宿毛市港南台2-16","32.932331","132.681356"
"宿毛市総合社会福祉センター","高知県宿毛市高砂4-56","32.92825","132.705581"
"裏山へ","高知県宿毛市坂ノ下","32.925208","132.723211"
"裏山へ（畑）","高知県宿毛市坂ノ下","32.928886","132.727189"
"裏山へ（堰堤前）","高知県宿毛市坂ノ下","32.928225","132.7296"
"荒瀬山林道（堰堤横）","高知県宿毛市坂ノ下","32.931458","132.734811"
"道路奥へ","高知県宿毛市坂ノ下","32.92875","132.734408"
"裏山へ","高知県宿毛市坂ノ下","32.927064","132.724211"
"裏山へ","高知県宿毛市坂ノ下","32.925205","132.723255"
"裏山へ","高知県宿毛市坂ノ下","32.918519","132.713489"
"裏山へ","高知県宿毛市坂ノ下","32.925378","132.721181"
"裏山へ","高知県宿毛市坂ノ下","32.922839","132.719278"
"裏山へ","高知県宿毛市坂ノ下","32.922125","132.712975"
"裏山へ","高知県宿毛市坂ノ下","32.920722","132.712239"
"裏山へ","高知県宿毛市坂ノ下","32.928603","132.725161"
"裏山へ","高知県宿毛市坂ノ下","32.923828","132.711303"
"裏山へ","高知県宿毛市坂ノ下","32.919733","132.712783"
"西谷児童公園奥","高知県宿毛市桜町","32.942725","132.727086"
"宿毛天満宮","高知県宿毛市桜町14-25","32.9417","132.724961"
"東福寺の横の墓地","高知県宿毛市桜町16-2-2","32.940739","132.726383"
"四季の丘集会所前","高知県宿毛市四季の丘1-9-3","32.936533","132.710089"
"自由ヶ丘の坂へ（頂上）","高知県宿毛市自由ケ丘","32.933967","132.690031"
"忠霊塔","高知県宿毛市宿毛","32.941086","132.727983"
"みかん山へ","高知県宿毛市小深浦","32.936875","132.697114"
"裏山へ","高知県宿毛市小深浦","32.940617","132.696919"
"山へ","高知県宿毛市小深浦","32.938664","132.694692"
"朝日ヶ丘団地の上へ","高知県宿毛市小深浦","32.9341","132.696631"
"裏山へ","高知県宿毛市小深浦","32.931897","132.701142"
"資機材等倉庫","高知県宿毛市小深浦","32.938544","132.697181"
"資材置き場上","高知県宿毛市小深浦","32.931228","132.698717"
"みかん山へ","高知県宿毛市小深浦","32.935293","132.698236"
"裏山へ","高知県宿毛市小深浦","32.934072","132.6996"
"星神社","高知県宿毛市小深浦626","32.938892","132.695172"
"裏山へ","高知県宿毛市小筑紫町伊与野","32.889797","132.7238"
"倉庫奥へ","高知県宿毛市小筑紫町伊与野","32.896331","132.730636"
"三木精米所奥へ","高知県宿毛市小筑紫町伊与野","32.890428","132.723847"
"裏山へ","高知県宿毛市小筑紫町伊与野","32.891108","132.724322"
"裏山へ","高知県宿毛市小筑紫町伊与野","32.893136","132.731625"
"裏山へ（上）","高知県宿毛市小筑紫町伊与野","32.895214","132.73225"
"裏山へ","高知県宿毛市小筑紫町伊与野","32.882239","132.726644"
"裏山へ","高知県宿毛市小筑紫町伊与野","32.883842","132.723156"
"裏山へ","高知県宿毛市小筑紫町伊与野","32.887453","132.731356"
"寺田米殻店奥","高知県宿毛市小筑紫町伊与野394-4","32.888075","132.722639"
"鳳彩寺（上の墓）","高知県宿毛市小筑紫町伊与野474","32.883761","132.724867"
"集会所の山","高知県宿毛市小筑紫町伊与野566","32.887636","132.724244"
"墓地へ","高知県宿毛市小筑紫町栄喜","32.874456","132.707478"
"観音","高知県宿毛市小筑紫町栄喜","32.878094","132.705628"
"保育所裏山","高知県宿毛市小筑紫町栄喜","32.874983","132.705336"
"道路奥へ","高知県宿毛市小筑紫町栄喜","32.873378","132.708447"
"道路奥へ","高知県宿毛市小筑紫町栄喜","32.868542","132.70623"
"九兵谷","高知県宿毛市小筑紫町栄喜","32.880492","132.706728"
"高台へ","高知県宿毛市小筑紫町栄喜","32.876175","132.708797"
"墓地へ","高知県宿毛市小筑紫町栄喜","32.870617","132.706442"
"茅野宅へ","高知県宿毛市小筑紫町栄喜213-2","32.873931","132.703208"
"高木徳博宅上","高知県宿毛市小筑紫町栄喜287","32.876239","132.704631"
"住吉神社","高知県宿毛市小筑紫町栄喜463","32.882184","132.707902"
"八坂神社裏山へ","高知県宿毛市小筑紫町栄喜547","32.872117","132.704199"
"裏山へ","高知県宿毛市小筑紫町呼崎","32.90065","132.728889"
"裏山へ","高知県宿毛市小筑紫町呼崎","32.903397","132.728597"
"裏山へ","高知県宿毛市小筑紫町呼崎","32.906297","132.730869"
"裏山へ（畑の上）","高知県宿毛市小筑紫町呼崎","32.905136","132.725589"
"薬師寺上（墓）","高知県宿毛市小筑紫町呼崎","32.903775","132.724106"
"裏山へ","高知県宿毛市小筑紫町呼崎","32.901581","132.726475"
"仁井田神社（上）","高知県宿毛市小筑紫町呼崎321","32.902058","132.723425"
"七日島","高知県宿毛市小筑紫町小筑紫","32.882455","132.72112"
"尾崎山（頂上）","高知県宿毛市小筑紫町小筑紫","32.880146","132.721299"
"裏山へ","高知県宿毛市小筑紫町小筑紫","32.884603","132.722189"
"墓地","高知県宿毛市小筑紫町小筑紫","32.882397","132.723064"
"牛舎跡奥の山","高知県宿毛市小筑紫町小筑紫","32.869722","132.717778"
"裏山へ","高知県宿毛市小筑紫町小筑紫","32.883342","132.722572"
"海積神社","高知県宿毛市小筑紫町小筑紫","32.872606","132.714439"
"裏山へ","高知県宿毛市小筑紫町小筑紫","32.883828","132.721019"
"尾崎山（中腹）","高知県宿毛市小筑紫町小筑紫","32.87952","132.721485"
"天満宮","高知県宿毛市小筑紫町小筑紫494-1","32.881792","132.721503"
"石原集会所","高知県宿毛市小筑紫町石原520-1","32.858372","132.743645"
"大海避難場所","高知県宿毛市小筑紫町大海","32.889517","132.714825"
"掘り抜き北側の畑","高知県宿毛市小筑紫町大海","32.885529","132.718132"
"若宮神社上へ","高知県宿毛市小筑紫町大海","32.888892","132.716111"
"道路上へ","高知県宿毛市小筑紫町大海","32.891582","132.713858"
"墓地へ","高知県宿毛市小筑紫町大海","32.889125","132.717125"
"裏山へ","高知県宿毛市小筑紫町大海","32.888414","132.719003"
"市道頂上","高知県宿毛市小筑紫町大海","32.891198","132.714527"
"八坂神社","高知県宿毛市小筑紫町大海2550","32.889008","132.712906"
"裏山へ（看板）","高知県宿毛市小筑紫町田ノ浦","32.910331","132.723183"
"小浦地区墓地","高知県宿毛市小筑紫町田ノ浦","32.911503","132.71585"
"竹林へ","高知県宿毛市小筑紫町田ノ浦","32.911561","132.718042"
"みかん山へ（北側）","高知県宿毛市小筑紫町田ノ浦","32.918236","132.718303"
"みかん山へ","高知県宿毛市小筑紫町田ノ浦","32.915906","132.720889"
"みかん山へ","高知県宿毛市小筑紫町田ノ浦","32.916275","132.714739"
"旧みなみ保育園","高知県宿毛市小筑紫町田ノ浦1045","32.90571","132.718015"
"愛宕神社","高知県宿毛市小筑紫町田ノ浦1271","32.909825","132.72185"
"小筑紫保育園","高知県宿毛市小筑紫町田ノ浦937","32.907008","132.718189"
"奥へ","高知県宿毛市小筑紫町内外ノ浦","32.902272","132.721444"
"裏山へ","高知県宿毛市小筑紫町内外ノ浦","32.902025","132.717975"
"裏山へ（頂上）","高知県宿毛市小筑紫町内外ノ浦","32.901311","132.7121"
"道路上へ","高知県宿毛市小筑紫町内外ノ浦","32.901483","132.718192"
"裏山へ","高知県宿毛市小筑紫町内外ノ浦","32.9036","132.717747"
"若宮へ（頂上）","高知県宿毛市小筑紫町内外ノ浦","32.900422","132.714247"
"八坂神社裏（左上）","高知県宿毛市小筑紫町内外ノ浦","32.901153","132.715417"
"裏山へ（道路奥）","高知県宿毛市小筑紫町福良","32.867918","132.738187"
"裏山へ","高知県宿毛市小筑紫町福良","32.870744","132.73467"
"裏山へ","高知県宿毛市小筑紫町福良","32.868838","132.733923"
"小筑紫診療所裏山","高知県宿毛市小筑紫町福良","32.876586","132.724022"
"裏山へ","高知県宿毛市小筑紫町福良","32.86643","132.731542"
"西南設備奥の山へ","高知県宿毛市小筑紫町福良","32.877797","132.722889"
"裏山へ","高知県宿毛市小筑紫町福良","32.875975","132.726967"
"千寿園の裏へ","高知県宿毛市小筑紫町福良","32.875906","132.730386"
"墓地へ","高知県宿毛市小筑紫町湊","32.895833","132.722839"
"清掃公社上り口","高知県宿毛市松田町8","32.944609","132.729123"
"水道課","高知県宿毛市松田町9-18","32.941882","132.729437"
"お宮へ","高知県宿毛市新港1678","32.923289","132.673875"
"３丁目の高台へ","高知県宿毛市西町3-14","32.925714","132.682967"
"５丁目の登坂へ","高知県宿毛市西町5","32.930313","132.685883"
"５丁目公園","高知県宿毛市西町5-6","32.930655","132.685225"
"裏山","高知県宿毛市藻津","32.926219","132.660536"
"裏山","高知県宿毛市藻津","32.925527","132.663104"
"畑へ","高知県宿毛市藻津","32.924786","132.661781"
"みかん畑へ","高知県宿毛市大深浦","32.934092","132.688478"
"山へ（みかん畑）","高知県宿毛市大深浦","32.934842","132.685825"
"裏山へ（上段）","高知県宿毛市大深浦","32.936742","132.694094"
"山へ（アンテナ）","高知県宿毛市大深浦","32.934989","132.687908"
"裏山へ","高知県宿毛市大深浦","32.931014","132.690111"
"裏山へ（お墓）","高知県宿毛市大深浦","32.930708","132.691531"
"裏山へ","高知県宿毛市大深浦","32.934128","132.694253"
"墓地頂上","高知県宿毛市大島","32.9146","132.703017"
"水ヶ浦上へ","高知県宿毛市大島","32.913408","132.698309"
"大島中央線","高知県宿毛市大島","32.916658","132.693589"
"墓地へ","高知県宿毛市大島","32.915476","132.703083"
"春日神社","高知県宿毛市大島12","32.915764","132.701328"
"国民宿舎椰子","高知県宿毛市大島17-27","32.915933","132.689694"
"恵比須神社跡","高知県宿毛市大島4","32.912894","132.701"
"ハイタカ神社","高知県宿毛市大島7","32.916259","132.703403"
"墓地","高知県宿毛市池島","32.921992","132.689497"
"旧道","高知県宿毛市池島","32.922331","132.685604"
"天満宮","高知県宿毛市池島","32.921914","132.687922"
"灯台","高知県宿毛市池島","32.920367","132.685611"
"要工務店裏","高知県宿毛市池島961-20","32.924344","132.683703"
"石鎚神社","高知県宿毛市中央2-4-6","32.9413","132.729586"
"三浦公園津波避難タワー","高知県宿毛市中央5-2424-11","32.935879","132.728949"
"高知はた農業協同組合宿毛支所","高知県宿毛市南沖須賀1-1","32.934226","132.725843"
"高田（高台）","高知県宿毛市二ノ宮","32.958205","132.740396"
"広場","高知県宿毛市二ノ宮","32.955675","132.728339"
"文殊堂","高知県宿毛市二ノ宮","32.953005","132.737293"
"二ノ宮団地裏山","高知県宿毛市二ノ宮","32.955667","132.734417"
"集会所奥の広場","高知県宿毛市二ノ宮","32.955252","132.737447"
"中ノ森（田）","高知県宿毛市二ノ宮","32.956372","132.739108"
"正八幡宮","高知県宿毛市二ノ宮3742","32.955436","132.73819"
"清掃公社","高知県宿毛市二ノ宮3845-1","32.947645","132.729052"
"萩原天満宮","高知県宿毛市萩原7-21","32.939525","132.723217"
"一宮塩竃神社の裏山","高知県宿毛市片島1-6-71","32.925343","132.701274"
"旧測候所","高知県宿毛市片島11","32.922558","132.696156"
"港ヶ丘団地","高知県宿毛市片島12","32.923292","132.697939"
"太子堂裏山へ","高知県宿毛市片島12","32.92415","132.698386"
"民宿サカエ裏山","高知県宿毛市片島32-10","32.922328","132.698883"
"八軒屋避難道へ","高知県宿毛市片島4","32.921531","132.701161"
"大島小学校裏山へ","高知県宿毛市片島5","32.919994","132.700828"
"裏山へ","高知県宿毛市片島5","32.919244","132.6995"
"安喜渡船上の山","高知県宿毛市片島5","32.920331","132.700344"
"つつじ霊園上り口","高知県宿毛市与市明16","32.942615","132.718518"
"与市明交差点上","高知県宿毛市与市明17","32.942373","132.719118"
"稲毛神社","高知県宿毛市和田","32.940083","132.737144"
"空地へ","高知県宿毛市和田","32.943286","132.737375"
"仁井田神社","高知県宿毛市和田","32.941386","132.736278"
"東宮神社","高知県宿毛市和田","32.944294","132.754808"
"鬼子母神社","高知県宿毛市和田","32.954731","132.747383"
"白皇神社","高知県宿毛市和田","32.952311","132.742431"
"裏山墓地","高知県宿毛市和田","32.9583","132.748558"
"裏山へ","高知県宿毛市和田","32.941606","132.742744"
"山へ","高知県宿毛市和田","32.93955","132.745864"
"正和霊園","高知県宿毛市和田235-2","32.941931","132.751781"
"松田川小学校","高知県宿毛市和田2816-1","32.945333","132.736583"
"小森集会所","高知県宿毛市和田391","32.946244","132.749069"
"すみれ保育園","高知県宿毛市和田569-1","32.942542","132.748244"
"しらゆり裏山","高知県上田の口","33.013235","132.986864"
"こびろ岡高台","高知県上田の口","33.011812","132.985431"
"ミネノ下","高知県上田の口","33.009199","132.983237"
"西カマガ谷","高知県上田の口","33.007828","132.979533"
"庄屋森","高知県上田の口","33.007547","132.982156"
"古城","高知県上田の口","33.011451","132.986127"
"ミネノダバ","高知県上田の口","33.010092","132.981419"
"加枝地区集会所広場","高知県仁淀川町加枝1233","33.569652","133.183626"
"久喜集会所広場","高知県仁淀川町久喜2748-1","33.564342","133.163332"
"森の越グラウンド","高知県仁淀川町高瀬3870-1","33.542065","133.113914"
"旧寺村小学校グラウンド","高知県仁淀川町寺村1021-1","33.577095","133.195616"
"別府小学校グラウンド","高知県仁淀川町森2457","33.537084","133.129335"
"安居ヘリポート周辺","高知県仁淀川町成川551-2","33.640888","133.195896"
"仁淀中学校グラウンド","高知県仁淀川町川渡214","33.528476","133.128769"
"樫山集会所広場","高知県仁淀川町大屋758-1","33.672264","133.18632"
"大崎保育所グラウンド","高知県仁淀川町大崎157-4","33.575384","133.170248"
"旧吾川中学校グラウンド","高知県仁淀川町大崎300","33.574154","133.171139"
"大野地区コミュニティセンター広場","高知県仁淀川町大野685-1","33.647363","133.144407"
"仁淀川町移住交流拠点施設周辺","高知県仁淀川町竹ノ谷612-13","33.607762","133.153555"
"長者小学校グラウンド","高知県仁淀川町長者乙2506","33.501489","133.13391"
"長者農村広場","高知県仁淀川町長者乙2616-1","33.500597","133.131305"
"田村多目的広場","高知県仁淀川町田村189-9","33.59191","133.161434"
"招魂社広場","高知県仁淀川町土居甲1070-1","33.611569","133.174758"
"池川山村広場","高知県仁淀川町土居甲661","33.606355","133.164383"
"池川中学校グラウンド","高知県仁淀川町土居甲864","33.609572","133.169238"
"月美荘前広場","高知県仁淀川町日浦183-3","33.61347","133.195531"
"旧別枝小学校グラウンド","高知県仁淀川町別枝1775-1","33.513397","133.053319"
"沢渡多目的集会施設広場","高知県仁淀川町別枝2504-14","33.53809","133.076408"
"別枝広場","高知県仁淀川町別枝957-8","33.532583","133.056283"
"旧名野川小学校グラウンド","高知県仁淀川町名野川４５０－１外","33.560825","133.131768"
"高齢者総合福祉施設「用居集いの館」広場","高知県仁淀川町用居甲361-1","33.639897","133.126473"
"瓜生野集会所広場","高知県仁淀川町用居丁440-8","33.636682","133.088489"
"西町配水池","高知県須崎市","33.389841","133.279812"
"大神谷避難場所","高知県須崎市安和","33.35872","133.256464"
"ジンデ墓地","高知県須崎市安和","33.363138","133.251299"
"本谷中避難場所","高知県須崎市安和","33.366871","133.249835"
"地域の高台（久保宇津）","高知県須崎市安和","33.372874","133.265624"
"田ノ浦団地高台","高知県須崎市安和","33.358671","133.25988"
"さくら公園","高知県須崎市安和","33.363063","133.252988"
"高速道路緊急退出路（高速道路用地上市道）","高知県須崎市安和","33.36968","133.250511"
"安和市営住宅駐車場","高知県須崎市安和","33.359417","133.253623"
"デイサービスくりの木","高知県須崎市安和1201-54","33.358335","133.263369"
"安和小学校（体育館も含む）","高知県須崎市安和206","33.369211","133.256253"
"鍋烏頭裏山","高知県須崎市浦ノ内２４７－１地先","33.428331","133.434332"
"松本家裏山","高知県須崎市浦ノ内４地先","33.438301","133.431639"
"東部コミュニティセンター高台","高知県須崎市浦ノ内塩間","33.444055","133.41325"
"大神宮","高知県須崎市浦ノ内塩間","33.445666","133.412944"
"地域の高台（釼尾大明神）","高知県須崎市浦ノ内塩間","33.454025","133.400395"
"地域の高台（塩間②）","高知県須崎市浦ノ内塩間","33.448689","133.407606"
"旧浦ノ内小学校","高知県須崎市浦ノ内塩間779","33.445287","133.403337"
"地域の高台（下中山③）","高知県須崎市浦ノ内下中山","33.434118","133.419128"
"地域の高台（下中山②）","高知県須崎市浦ノ内下中山","33.429511","133.422593"
"地域の高台（下中山）","高知県須崎市浦ノ内下中山","33.428276","133.424425"
"明徳義塾中高等学校","高知県須崎市浦ノ内下中山160","33.422182","133.430303"
"地域の高台（県道）","高知県須崎市浦ノ内灰方","33.450214","133.423394"
"地域の高台（灰方坂本線）","高知県須崎市浦ノ内灰方","33.448956","133.429039"
"地域の高台（灰方栗島神社付近）","高知県須崎市浦ノ内灰方","33.455556","133.414707"
"地域の高台（埋立：水産試験場付近）","高知県須崎市浦ノ内灰方","33.441164","133.425203"
"地域の高台（埋立：宇佐付近）","高知県須崎市浦ノ内灰方","33.438029","133.43107"
"地域の高台（灰方田条線）","高知県須崎市浦ノ内灰方","33.444438","133.425126"
"地域の高台（大鹿）","高知県須崎市浦ノ内今川内","33.430494","133.414317"
"地域の高台（スカイライン）","高知県須崎市浦ノ内今川内","33.412965","133.415041"
"地域の高台（今川内②）","高知県須崎市浦ノ内今川内","33.41929","133.41439"
"地域の高台（今川神社）","高知県須崎市浦ノ内今川内","33.420543","133.411518"
"地域の高台（浦場②）","高知県須崎市浦ノ内今川内","33.432718","133.414033"
"地域の高台（浦場）","高知県須崎市浦ノ内今川内","33.437783","133.416858"
"浦ノ内トンネル付近（出見）","高知県須崎市浦ノ内出見","33.437371","133.393237"
"地域の高台（花山神社奥）","高知県須崎市浦ノ内出見","33.440725","133.388352"
"地域の高台（出見果樹園）","高知県須崎市浦ノ内出見","33.447585","133.384024"
"地域の高台（出見果樹園②）","高知県須崎市浦ノ内出見","33.45002","133.3891"
"地域の高台（須ノ浦方向）","高知県須崎市浦ノ内須ノ浦","33.418575","133.371488"
"地域の高台（須ノ浦）","高知県須崎市浦ノ内須ノ浦","33.414155","133.37668"
"地域の高台（若宮神社）","高知県須崎市浦ノ内須ノ浦","33.409455","133.381921"
"地域の高台（スカイライン②）","高知県須崎市浦ノ内須ノ浦","33.406648","133.387123"
"地域の高台（大島）","高知県須崎市浦ノ内西分","33.421699","133.356158"
"地域の高台（長万）","高知県須崎市浦ノ内西分","33.422926","133.349581"
"地域の高台（大星）","高知県須崎市浦ノ内西分","33.421988","133.348785"
"中ノ浦消防コミュニティ北側高台","高知県須崎市浦ノ内西分","33.419713","133.343872"
"地域の高台（鳴無公会堂方向）","高知県須崎市浦ノ内東分","33.411772","133.373226"
"地域の高台（清水）","高知県須崎市浦ノ内東分","33.432816","133.348658"
"地域の高台（浦ノ内小）","高知県須崎市浦ノ内東分","33.4298","133.351434"
"丸冨木材株式会社","高知県須崎市浦ノ内東分","33.412868","133.358007"
"地域の高台（鳴無）","高知県須崎市浦ノ内東分","33.413574","133.370028"
"シイノキワダ高台","高知県須崎市浦ノ内東分","33.429429","133.362871"
"地域の高台（中平）","高知県須崎市浦ノ内東分","33.434023","133.353622"
"地域の高台（戸波浦トンネル手前）","高知県須崎市浦ノ内東分","33.440581","133.360064"
"地域の高台（中平・熊野神社）","高知県須崎市浦ノ内東分","33.432648","133.360667"
"地域の高台（坂内）","高知県須崎市浦ノ内東分2688","33.404347","133.359652"
"根間崎公園","高知県須崎市浦ノ内東分（根間崎公園）","33.427912","133.36695"
"地域の高台（熊野神社）","高知県須崎市浦ノ内福良","33.41126","133.398988"
"県道横浪公園線（スカイライン）","高知県須崎市浦ノ内福良","33.410138","133.404937"
"池ノ浦簡易水道配水池","高知県須崎市浦ノ内福良","33.409585","133.406474"
"地域の高台（福良②）","高知県須崎市浦ノ内福良","33.415737","133.406193"
"浦ノ内トンネル付近（立目）","高知県須崎市浦ノ内立目摺木","33.435328","133.390671"
"地域の高台（摺木）","高知県須崎市浦ノ内立目摺木","33.437455","133.373345"
"地域の高台（押岡下）","高知県須崎市押岡","33.405089","133.30796"
"押岡公園","高知県須崎市押岡","33.403221","133.318304"
"地域の高台（押岡中）","高知県須崎市押岡","33.404859","133.312349"
"地域の高台（押岡上）","高知県須崎市押岡","33.400115","133.317585"
"桜馬場","高知県須崎市下郷","33.395031","133.243132"
"明神様","高知県須崎市下郷","33.393736","133.245662"
"角谷トンネル北口","高知県須崎市下分乙","33.37739","133.27221"
"琴平宮","高知県須崎市下分乙","33.387086","133.265625"
"矢ノ谷","高知県須崎市下分乙","33.387314","133.260208"
"柿ノ木谷","高知県須崎市下分乙","33.388639","133.255191"
"角谷山","高知県須崎市下分乙","33.385191","133.271504"
"角谷坂","高知県須崎市下分乙","33.380549","133.272532"
"元亨院","高知県須崎市下分乙328","33.386251","133.262206"
"高保木トンネル下側","高知県須崎市下分甲","33.392807","133.261676"
"岡本１区中組","高知県須崎市下分甲","33.393057","133.272073"
"岡本１区上組","高知県須崎市下分甲","33.392204","133.26727"
"坂ノ川公民館","高知県須崎市下分甲","33.403711","133.262427"
"波介土取り場","高知県須崎市下分甲","33.398877","133.261381"
"高保木トンネル上側","高知県須崎市下分甲","33.394048","133.257947"
"観音様","高知県須崎市下分甲","33.399345","133.251438"
"岡本１区下組","高知県須崎市下分甲","33.392252","133.273485"
"須崎高校跡裏山","高知県須崎市下分甲505","33.392074","133.274375"
"金毘羅宮","高知県須崎市下分甲（金毘羅宮）","33.398973","133.263737"
"若宮様","高知県須崎市下分甲（若宮様）","33.400676","133.241524"
"須崎中学校裏山","高知県須崎市下分甲（須崎中学校裏山）","33.39061","133.275709"
"中氏（山下地区）","高知県須崎市下分甲（中氏（山下地区））","33.397745","133.248784"
"天満宮","高知県須崎市下分甲（天満宮）","33.398435","133.247266"
"ナカンサコ登り口","高知県須崎市久通","33.394237","133.339116"
"地域の高台（小浜）","高知県須崎市吾井郷乙","33.429396","133.291188"
"国見集会所","高知県須崎市吾井郷乙","33.437847","133.28799"
"地域の高台（鯛ノ川）","高知県須崎市吾井郷乙","33.425943","133.290301"
"地域の高台（下村）","高知県須崎市吾井郷乙","33.416924","133.299754"
"朝ヶ丘中学校","高知県須崎市吾井郷乙1818","33.419924","133.293211"
"多ノ郷小学校（体育館も含む）","高知県須崎市吾井郷乙1909-2","33.418632","133.292187"
"おひさま保育園","高知県須崎市吾井郷乙1917-1","33.419915","133.29153"
"吾桑保育園","高知県須崎市吾井郷乙498-1","33.429965","133.290518"
"吾桑駅","高知県須崎市吾井郷甲","33.430251","133.295685"
"天満宮のババ","高知県須崎市吾井郷甲","33.433991","133.29315"
"高速道路料金所","高知県須崎市吾井郷甲88-7","33.423748","133.303122"
"今清神社","高知県須崎市幸町11","33.389541","133.280656"
"須崎市役所","高知県須崎市山手町1-7","33.400604","133.282687"
"落合神明宮","高知県須崎市上分乙485","33.401594","133.228418"
"地域の高台（賀茂神社）","高知県須崎市上分丙","33.399269","133.23353"
"清流荘","高知県須崎市上分丙1758-2","33.400007","133.236271"
"地域の高台（神田和田）","高知県須崎市神田","33.411471","133.305625"
"地域の高台（神田星神社）","高知県須崎市神田","33.41272","133.30516"
"地域の高台（神田和田②）","高知県須崎市神田","33.409506","133.305145"
"地域の高台（飛田）","高知県須崎市神田","33.420932","133.304574"
"地域の高台（飛田②）","高知県須崎市神田","33.420079","133.306502"
"地域の高台（神田子安地蔵）","高知県須崎市神田","33.416078","133.311972"
"地域の高台（神田）","高知県須崎市神田","33.412712","133.313297"
"須崎生コン（株）駐車場","高知県須崎市神田","33.40762","133.302231"
"金毘羅神社","高知県須崎市須崎","33.393343","133.290064"
"港の見える広場","高知県須崎市須崎","33.393907","133.290612"
"糺鴨神社経由裏山（憩いの広場）","高知県須崎市須崎","33.39308","133.287509"
"城山公園","高知県須崎市須崎","33.392568","133.290428"
"高知県須崎総合庁舎","高知県須崎市西古市町1-24","33.390597","133.285795"
"大善寺","高知県須崎市西町1","33.388244","133.281395"
"地域の高台（西糺町県駐車場）","高知県須崎市西糺町10-28","33.394679","133.286759"
"須崎第２地方合同庁舎","高知県須崎市青木町1-4","33.390629","133.289287"
"地域の高台（箕越）","高知県須崎市多ノ郷乙","33.386909","133.301391"
"地域の高台（串ノ浦）","高知県須崎市多ノ郷乙","33.392586","133.307006"
"県道２８４号線の上方へ","高知県須崎市多ノ郷乙","33.389413","133.300461"
"地域の高台（宮ノ中）","高知県須崎市多ノ郷甲","33.416459","133.270388"
"（株）新創高台","高知県須崎市多ノ郷甲","33.401753","133.284441"
"東川内分譲地","高知県須崎市多ノ郷甲","33.416885","133.282724"
"地域の高台（中ノ川内公民館）","高知県須崎市多ノ郷甲","33.418312","133.277005"
"地域の高台（宮ノ川内下②）","高知県須崎市多ノ郷甲","33.409959","133.270594"
"地域の高台（宮ノ川内中神社）","高知県須崎市多ノ郷甲","33.415574","133.275441"
"城山トンネル方向","高知県須崎市多ノ郷甲","33.402757","133.286672"
"地域の高台（あおい保育園跡）","高知県須崎市多ノ郷甲","33.411899","133.278201"
"地域の高台（宮ノ下）","高知県須崎市多ノ郷甲","33.417844","133.273631"
"須崎総合高校","高知県須崎市多ノ郷甲4167-3","33.406903","133.279945"
"須崎自動車学校","高知県須崎市多ノ郷甲4481","33.414121","133.285563"
"多ノ郷平和公園","高知県須崎市多ノ郷甲（多ノ郷平和公園）","33.41447","133.289835"
"地域の高台（宮ノ川内下）","高知県須崎市多ノ郷甲（地域の高台（宮ノ川内下））","33.411777","133.273699"
"地域の高台（正ノ岡）","高知県須崎市多ノ郷甲（地域の高台（正ノ岡））","33.413182","133.281693"
"地域の高台（多ノ郷和田）","高知県須崎市多ノ郷甲（地域の高台（多ノ郷和田））","33.408909","133.275262"
"地域の高台（須崎市旧清掃員詰所）","高知県須崎市大間西町","33.398588","133.288767"
"テレビ塔へあがる道（宮ノ西）","高知県須崎市大谷","33.38735","133.315042"
"地域の高台（白浜②）","高知県須崎市大谷","33.363573","133.3142"
"テレビ塔へあがる道（宮ノ東）","高知県須崎市大谷","33.388108","133.319177"
"地域の高台（くすのき園北側）","高知県須崎市大谷","33.379368","133.326065"
"アラバ","高知県須崎市大谷","33.382329","133.323601"
"河原中ノ島線","高知県須崎市大谷","33.361784","133.317438"
"若宮八幡宮の上方","高知県須崎市大谷","33.382154","133.31421"
"地域の高台（大谷）","高知県須崎市大谷","33.375624","133.321839"
"地域の高台（宮ノ西）","高知県須崎市大谷","33.384591","133.316383"
"大谷漁協倉庫西","高知県須崎市大谷1059-22","33.382688","133.316865"
"エム・セテック（株）高知第２工場","高知県須崎市大谷1117-1","33.384525","133.303624"
"法印山（大谷）","高知県須崎市大谷1466","33.39057","133.322371"
"野見市営住宅裏","高知県須崎市大谷175","33.379658","133.313222"
"須賀神社付近（宮ノ東）","高知県須崎市大谷347","33.38658","133.317862"
"鳶谷新山付近（宮ノ東）","高知県須崎市大谷57","33.386491","133.322138"
"貝ノ後口山（大谷）（地域の高台（宮ノ東））","高知県須崎市大谷982","33.38903","133.320495"
"地域の高台（恵比寿）","高知県須崎市大谷（地域の高台（恵比寿））","33.383851","133.321241"
"地域の高台（戸島）","高知県須崎市大谷（地域の高台（戸島））","33.362023","133.301536"
"地域の高台（小浦西）","高知県須崎市大谷（地域の高台（小浦西））","33.384101","133.322247"
"地域の高台（小浦西②）","高知県須崎市大谷（地域の高台（小浦西２））","33.381934","133.322983"
"地域の高台（小浦中）","高知県須崎市大谷（地域の高台（小浦中））","33.384093","133.323138"
"地域の高台（小浦東）","高知県須崎市大谷（地域の高台（小浦東））","33.383687","133.324502"
"地域の高台（勢井）","高知県須崎市大谷（地域の高台（勢井））","33.381151","133.304823"
"地域の高台（大谷港）","高知県須崎市大谷（地域の高台（大谷港））","33.388245","133.317649"
"地域の高台（中ノ島）","高知県須崎市大谷（地域の高台（中ノ島））","33.357391","133.308621"
"地域の高台（白浜）","高知県須崎市大谷（地域の高台（白浜））","33.363143","133.315857"
"地域の高台（蜂ケ尻）","高知県須崎市大谷（地域の高台（蜂ケ尻））","33.358109","133.318238"
"地域の高台（池ノ内）","高知県須崎市池ノ内","33.397025","133.271622"
"花鳥トンネル","高知県須崎市池ノ内","33.401547","133.278671"
"星神社","高知県須崎市池ノ内","33.400345","133.274082"
"竃戸神社","高知県須崎市池ノ内","33.39697","133.274563"
"お馬トンネル上の広場","高知県須崎市池ノ内","33.397729","133.285286"
"琴平神社（池ノ内）","高知県須崎市池ノ内466-2","33.400153","133.272487"
"須崎斎場","高知県須崎市池ノ内970-3","33.392816","133.275544"
"高知県須崎第２総合庁舎","高知県須崎市東古市町6-26","33.390672","133.28732"
"南古市町津波避難施設","高知県須崎市南古市町6-4","33.388802","133.288244"
"土崎天満宮","高知県須崎市妙見町","33.413868","133.299283"
"エム・セテック（株）高知工場","高知県須崎市妙見町378","33.41523","133.297377"
"妙見町街区公園","高知県須崎市妙見町9-1","33.41195","133.295243"
"野見江雲寺（経由県道）","高知県須崎市野見","33.378295","133.312372"
"野見神明宮（経由県道）","高知県須崎市野見","33.378981","133.314211"
"天理教野見分教会（経由県道）","高知県須崎市野見","33.378939","133.313126"
"江雲寺所有地","高知県須崎市野見","33.376984","133.312552"
"中山","高知県大月町安満地181","32.801532","132.652466"
"釜ノ谷","高知県大月町安満地195","32.801442","132.653062"
"お寺","高知県大月町安満地324","32.799918","132.656715"
"安満地地区防災活動センター","高知県大月町安満地350-1","32.800324","132.657884"
"安満地体育館","高知県大月町安満地350-1","32.800342","132.657374"
"泊崎","高知県大月町安満地433","32.803297","132.650042"
"蜂の巣防火水槽","高知県大月町安満地81","32.799088","132.64987"
"旧一切小学校体育館","高知県大月町一切175","32.783226","132.638151"
"中野正史邸上","高知県大月町一切211-3","32.782617","132.642845"
"バス駐車場","高知県大月町一切214-2","32.782228","132.639643"
"ダイビング中山上","高知県大月町一切70","32.78811","132.645672"
"どんぐり公園","高知県大月町樫ノ浦225-1","32.78673","132.722702"
"奥田学美氏畑","高知県大月町樫ノ浦313","32.787761","132.725988"
"お大師さん","高知県大月町樫ノ浦372","32.7869","132.728912"
"岩越正友邸裏山","高知県大月町樫ノ浦63","32.787359","132.726879"
"今城池","高知県大月町橘浦","32.827867","132.654409"
"旧橘浦小学校","高知県大月町橘浦159-3","32.823407","132.657404"
"赤岸","高知県大月町橘浦175","32.822728","132.657826"
"坂本邸上","高知県大月町橘浦206","32.822408","132.656656"
"奥","高知県大月町橘浦208","32.82317","132.656345"
"山本邸上","高知県大月町橘浦21","32.834638","132.666221"
"橘浦集会所","高知県大月町橘浦247-2","32.823918","132.65592"
"寺屋敷","高知県大月町橘浦344-1","32.824387","132.654693"
"エビス鼻","高知県大月町橘浦403","32.825979","132.654344"
"稲荷神社","高知県大月町橘浦492","32.824249","132.655193"
"宮山","高知県大月町橘浦566","32.823057","132.654977"
"水源地","高知県大月町橘浦70-1","32.824491","132.660063"
"水主組合事務所","高知県大月町古満目142-5","32.789863","132.690348"
"あじろ山","高知県大月町古満目187","32.788714","132.690175"
"天満宮","高知県大月町古満目335","32.789634","132.69135"
"八幡宮","高知県大月町古満目337","32.78809","132.686534"
"忠魂墓地","高知県大月町古満目340-1","32.78887","132.684764"
"遠見山","高知県大月町古満目38","32.789368","132.692053"
"古満目地区交流センター","高知県大月町古満目85","32.789887","132.691948"
"弘見体育館","高知県大月町弘見1058","32.845833","132.706899"
"芝集会所","高知県大月町弘見1397-6","32.846973","132.71235"
"大月町農村環境改善センター","高知県大月町弘見2018-1","32.845758","132.708803"
"大月町役場","高知県大月町弘見2230","32.841481","132.70699"
"大月中学校","高知県大月町弘見2400","32.837344","132.714626"
"大月小学校","高知県大月町弘見2406-1","32.836514","132.714472"
"ふれあいパーク大月","高知県大月町弘見2610","32.828722","132.70954"
"亀尾集会所","高知県大月町弘見2789","32.832468","132.705354"
"長沢集会所","高知県大月町弘見3046-2","32.838939","132.696063"
"笠木集会所","高知県大月町弘見3487-5","32.84456","132.700218"
"集落入口広場","高知県大月町弘見3742","32.828898","132.675149"
"馬路地区墓地","高知県大月町弘見3794-3","32.864133","132.719931"
"旧大月町清掃センター","高知県大月町弘見3795-45","32.862545","132.720047"
"田城集会所","高知県大月町弘見3818-1","32.855818","132.715574"
"郷集会所","高知県大月町弘見4038","32.842859","132.709413"
"大駄場集会所","高知県大月町弘見4303","32.846865","132.693417"
"谷タバコ乾燥場","高知県大月町弘見610","32.852542","132.700794"
"谷和典タバコ乾燥場","高知県大月町弘見669","32.849199","132.696684"
"芝岡忠彰邸付近","高知県大月町弘見870","32.849798","132.713199"
"柿本邸付近","高知県大月町弘見891-5","32.849287","132.712361"
"タビラ","高知県大月町才角1008","32.762805","132.766983"
"中ヶ市","高知県大月町才角1622","32.773915","132.767842"
"八幡山","高知県大月町才角1651","32.771281","132.764939"
"桜公園","高知県大月町才角1676","32.765994","132.765422"
"松崎","高知県大月町才角1697-1","32.765313","132.769633"
"国営農地分岐","高知県大月町才角1777","32.773045","132.749458"
"中前","高知県大月町才角466","32.769057","132.768051"
"下西ノ地","高知県大月町才角614","32.769535","132.764215"
"寺前","高知県大月町才角５３２－ロ","32.771276","132.768314"
"周防形屯所","高知県大月町周防形285","32.802117","132.710573"
"東平山墓地所","高知県大月町周防形365-1","32.802052","132.720201"
"長谷道","高知県大月町周防形366","32.797852","132.719798"
"白皇山","高知県大月町周防形377","32.79959","132.719509"
"東平山","高知県大月町周防形379","32.800614","132.719535"
"サカントウ","高知県大月町周防形402-1","32.799901","132.716446"
"焼野","高知県大月町周防形403-38","32.803706","132.719359"
"ホテルベルリーフ大月","高知県大月町周防形404","32.799005","132.713199"
"岩井崎","高知県大月町周防形404-2","32.79679","132.713835"
"エコロジーキャンプ場","高知県大月町周防形500","32.800287","132.712705"
"西平山","高知県大月町周防形３９３－イ","32.801602","132.717688"
"７班白皇神社前広場","高知県大月町春遠1430-1","32.810923","132.760127"
"１班川波（修）家付近","高知県大月町春遠1543-18","32.821096","132.732616"
"５班田邊家付近","高知県大月町春遠160-2","32.814872","132.755149"
"３班堀本家付近","高知県大月町春遠356","32.819089","132.747052"
"４班渡辺入鶴家付近","高知県大月町春遠393","32.817432","132.749198"
"２班福島家付近","高知県大月町春遠885","32.821445","132.748266"
"６班渡辺隆盛家付近","高知県大月町春遠98","32.812266","132.757179"
"貯水槽","高知県大月町小才角385","32.760595","132.784798"
"西ホドオカ","高知県大月町小才角601","32.757771","132.782631"
"地蔵山","高知県大月町小才角663","32.761086","132.782889"
"コンピラ宮","高知県大月町小才角800-1","32.758641","132.784589"
"脇ノ川","高知県大月町小才角802","32.757008","132.787904"
"清王集会所","高知県大月町清王233-2","32.824073","132.718408"
"加藤邸前","高知県大月町清王645","32.817114","132.726872"
"北村邸奥","高知県大月町西泊379","32.781637","132.730893"
"金刀比羅宮","高知県大月町西泊713","32.780603","132.730043"
"中山造成地","高知県大月町西泊718-1","32.780175","132.730984"
"赤泊集会所","高知県大月町赤泊133","32.784159","132.736732"
"上ヶ市","高知県大月町赤泊140","32.784835","132.736453"
"樫西体育館","高知県大月町赤泊437","32.783498","132.728799"
"樫西地区防災活動センター","高知県大月町赤泊437","32.783467","132.728629"
"音無神社","高知県大月町赤泊629","32.784021","132.736536"
"巾着山","高知県大月町大浦1424-28","32.758596","132.762536"
"倉ヶ谷","高知県大月町大浦1717","32.760495","132.763679"
"中地","高知県大月町大浦1730","32.761068","132.762032"
"休場","高知県大月町大浦1754-40","32.76022","132.760465"
"大浦地区防災活動センター","高知県大月町大浦1756-3","32.758738","132.760966"
"配水タンク付近","高知県大月町大浦１７５９－ツ","32.758853","132.760551"
"添ノ川集会所","高知県大月町添ノ川272","32.850638","132.725768"
"頭集老人憩いの家","高知県大月町頭集289-1","32.802165","132.687621"
"立集会所","高知県大月町頭集407-1","32.80715","132.695772"
"宮崎克明邸裏山","高知県大月町頭集663-4","32.795701","132.684387"
"石碑前避難所","高知県大月町柏島1001-2","32.767814","132.64331"
"柏島地区防災活動センター","高知県大月町柏島262-1","32.771477","132.624514"
"旧柏島小学校跡地","高知県大月町柏島297","32.771674","132.625033"
"フィンハウスの畑","高知県大月町柏島642-9","32.765549","132.63028"
"田中氏畑","高知県大月町柏島673","32.764787","132.62952"
"山の神","高知県大月町柏島692-1","32.766821","132.631907"
"柏島公民館","高知県大月町柏島9","32.771886","132.628086"
"ムネン峠","高知県大月町泊浦107","32.844429","132.674298"
"竜王山","高知県大月町泊浦116","32.842824","132.675677"
"山口邸上","高知県大月町泊浦146","32.843505","132.676964"
"クボタ","高知県大月町泊浦391-4","32.842833","132.678536"
"ふる里センター","高知県大月町姫ノ井1414-1","32.799979","132.735828"
"東部グラウンド","高知県大月町姫ノ井1668","32.791655","132.746975"
"唐岩集会所","高知県大月町姫ノ井1856","32.799527","132.75002"
"老人福祉センター","高知県大月町姫ノ井208-1","32.790064","132.751361"
"東部体育館","高知県大月町姫ノ井223","32.789391","132.750098"
"姫ノ井体育館","高知県大月町姫ノ井882","32.793406","132.74031"
"山下邸付近","高知県大月町平山19","32.793689","132.68046"
"武田加代子邸付近","高知県大月町平山360-2","32.796134","132.67704"
"平山地区防災活動センター","高知県大月町平山362-12","32.79398","132.674868"
"ふれあい公園","高知県大月町平山362-3","32.79439","132.674808"
"浦尻避難所","高知県大月町平山580-4","32.794884","132.680791"
"旧芳ノ沢小学校グラウンド","高知県大月町芳ノ沢1222","32.853065","132.691197"
"坂本谷入口","高知県大月町芳ノ沢134","32.86864","132.697925"
"白皇神社","高知県大月町芳ノ沢1750","32.862395","132.69976"
"宮崎牧場付近","高知県大月町芳ノ沢1893-4","32.849571","132.687093"
"タツチ入口","高知県大月町芳ノ沢1923-13","32.883057","132.699004"
"地蔵バナ降り口","高知県大月町芳ノ沢1929-12","32.879827","132.692974"
"本村集会所","高知県大月町芳ノ沢760-1","32.860926","132.703301"
"鉾土集会所","高知県大月町鉾土609-1","32.819874","132.705421"
"竜ヶ迫集会所","高知県大月町竜ヶ迫1528-66","32.863656","132.670293"
"旧川口小学校","高知県大川村上小南川306-12","33.788288","133.395032"
"大薮コミュニティセンター","高知県大川村大薮137-4","33.796102","133.364313"
"村立大川小中学校体育館","高知県大川村中切517-2","33.779823","133.470192"
"自然教育センター白滝","高知県大川村朝谷26","33.818903","133.466664"
"久礼中学校グラウンド","高知県中土佐町久礼7753","33.329063","133.224137"
"久礼小学校グラウンド","高知県中土佐町久礼7758-1","33.33086","133.22536"
"上ノ加江小学校グラウンド","高知県中土佐町上ノ加江5581","33.275679","133.239533"
"津野町葉山運動公園総合センター","高知県津野町永野246","33.445832","133.202981"
"農村交流施設　森の巣箱","高知県津野町貝ノ川床鍋392-2","33.406835","133.191739"
"勤労者体育センター","高知県津野町黒川740-1","33.439399","133.163851"
"新土居健康管理施設","高知県津野町新土居400-2","33.433729","133.229986"
"船戸体育館","高知県津野町船戸1310","33.417121","133.090271"
"津野町立精華小学校体育館","高知県津野町大野7-1","33.44186","133.173194"
"白石地区集落活動拠点施設","高知県津野町白石甲1426-1","33.43493","133.126146"
"津野町立葉山中学校体育館","高知県津野町白石丙155","33.445484","133.185916"
"津野町総合保健福祉センター「里楽」","高知県津野町姫野々431-1","33.440233","133.213928"
"津野町立葉山小学校体育館","高知県津野町姫野々503-1","33.442234","133.211858"
"郷地区集落活動拠点施設","高知県津野町芳生野乙810","33.449858","133.020111"
"津野町立中央小学校体育館","高知県津野町芳生野甲200-1","33.398419","133.021833"
"津野町東津野Ｂ＆Ｇ海洋センター","高知県津野町芳生野甲200-5","33.398741","133.023008"
"高野地区高齢者交流センター「平安の家」","高知県津野町北川2284-3","33.392234","132.975471"
"宮木集会所前広場","高知県津野町北川５６７－１外","33.400949","133.002615"
"津野町立東津野中学校体育館","高知県津野町力石2813","33.395425","133.025783"
"ふれあい住宅前広場","高知県津野町力石4653-1","33.396134","133.030315"
"中芸高校","高知県田野町1203-4","33.433479","134.011162"
"田野町役場３階・屋上","高知県田野町1828-5","33.427729","134.008187"
"第４津波避難タワー","高知県田野町2397","33.426489","134.003091"
"第３津波避難タワー","高知県田野町2464-2","33.426315","134.005121"
"第２津波避難タワー","高知県田野町2659-1","33.426028","134.00871"
"八幡神社","高知県田野町2851-1","33.428271","134.00243"
"田野中学校・体育館","高知県田野町3778-1","33.43193","134.004725"
"八王子宮","高知県田野町4497-1","33.435658","134.016979"
"第６津波避難タワー","高知県田野町539-1","33.430306","134.013515"
"第１津波避難タワー","高知県田野町747-2","33.42712","134.011905"
"第５津波避難タワー","高知県田野町814","33.428131","134.013163"
"田野小学校２階・体育館","高知県田野町924-1","33.429129","134.011196"
"仙月山","高知県土佐市宇佐町井尻３２８－１地先","33.438493","133.444304"
"丹生神社","高知県土佐市宇佐町井尻３４４－１地先","33.438793","133.444299"
"宇津賀裏山","高知県土佐市宇佐町井尻３４７－１地先","33.432092","133.439648"
"宇佐津波避難タワー","高知県土佐市宇佐町宇佐1133-6","33.449633","133.438638"
"宇佐公園","高知県土佐市宇佐町宇佐2753-50","33.452593","133.447018"
"タンク山","高知県土佐市宇佐町宇佐2940-2","33.448919","133.435098"
"宇佐防災公園","高知県土佐市宇佐町宇佐3016-2","33.456581","133.443675"
"橋田裏山１","高知県土佐市宇佐町宇佐3130","33.451886","133.453832"
"宇佐市民公園","高知県土佐市宇佐町宇佐888-1","33.449531","133.436863"
"池田家裏山","高知県土佐市宇佐町宇佐１８６８－２地先","33.454551","133.442665"
"十郎谷","高知県土佐市宇佐町宇佐２８９４地先","33.439545","133.432886"
"グラウンド裏山","高知県土佐市宇佐町宇佐２９０１－１外","33.441611","133.433006"
"福岡裏山","高知県土佐市宇佐町宇佐２９０４－９地先","33.443753","133.431602"
"渭浜砂防ダム上","高知県土佐市宇佐町宇佐２９０５地先","33.44446","133.431355"
"西郷砂防ダム上","高知県土佐市宇佐町宇佐２９４０－２地先","33.452965","133.434235"
"稲荷神社裏山","高知県土佐市宇佐町宇佐３０５９地先","33.453712","133.447523"
"東郷裏山","高知県土佐市宇佐町宇佐３０６０地先","33.454666","133.447711"
"南中裏山","高知県土佐市宇佐町宇佐３０８９－１地先","33.458568","133.451917"
"東郷２","高知県土佐市宇佐町宇佐３１０６地先","33.455468","133.452145"
"橋田裏山２","高知県土佐市宇佐町宇佐３１１９地先","33.453913","133.452796"
"海洋高校屋上","高知県土佐市宇佐町福島1-4","33.439632","133.434967"
"竜北山","高知県土佐市宇佐町竜569-1","33.430587","133.456871"
"竜横浪","高知県土佐市宇佐町竜608-11","33.429907","133.451606"
"竜砂防ダム下","高知県土佐市宇佐町竜５７３－１地先","33.430234","133.449352"
"大西前公園","高知県土佐市家俊121-1","33.461157","133.356849"
"戸波公園","高知県土佐市家俊163-1","33.460325","133.355498"
"高岡商店街　ふれあい公園","高知県土佐市高岡町乙3554-1","33.497712","133.427838"
"鳴川公園","高知県土佐市高岡町乙790-137","33.500231","133.407954"
"土佐公園","高知県土佐市高岡町乙905-1","33.498726","133.404372"
"なかよし公園","高知県土佐市高岡町甲1868-2","33.494972","133.423752"
"市民公園","高知県土佐市高岡町甲2179","33.495136","133.420262"
"高岡緑地公園","高知県土佐市高岡町甲577-1","33.492038","133.431471"
"甫渕公園津波避難タワー","高知県土佐市新居1089","33.45781","133.467795"
"新居甫渕公園","高知県土佐市新居1089","33.457851","133.467775"
"仁淀タワー","高知県土佐市新居38-33","33.458988","133.477574"
"池ノ浦１","高知県土佐市新居4769","33.453144","133.46112"
"池ノ浦２","高知県土佐市新居4788","33.45303","133.459727"
"サイレン山","高知県土佐市新居4862-1","33.456834","133.464466"
"山ノ神","高知県土佐市新居4934","33.467324","133.463327"
"上ノ村１","高知県土佐市新居5064","33.471134","133.459739"
"新居市民公園","高知県土佐市新居959-1","33.457759","133.466414"
"光の村","高知県土佐市新居２７６４－１地先","33.461956","133.453376"
"上ノ村２","高知県土佐市新居３１２４外","33.470079","133.458795"
"白菊園裏山","高知県土佐市新居４７２９外","33.450326","133.457077"
"立石４裏山","高知県土佐市新居４７９６地先","33.454437","133.463085"
"杉王神社裏山","高知県土佐市新居４８０５地先","33.456013","133.462581"
"吉田","高知県土佐市新居４８７８－イ地先","33.460578","133.460028"
"宇佐坂","高知県土佐市新居４９００－イ地先","33.464583","133.461159"
"本村東","高知県土佐市新居４９２１－２先","33.466643","133.465471"
"ファームポンド","高知県土佐市新居４９７２－２地先","33.461522","133.457217"
"大谷１","高知県土佐市用石1610","33.48109","133.450017"
"用石公民館","高知県土佐市用石2178-2","33.483551","133.451303"
"間古","高知県土佐市用石2190-1","33.481466","133.452179"
"森","高知県土佐市用石2209-1","33.480016","133.454276"
"大谷２","高知県土佐市用石2276-1","33.481837","133.449427"
"天神","高知県土佐市用石2302-1","33.48401","133.447116"
"小野の茶屋裏山","高知県土佐市用石673","33.488293","133.451455"
"万願寺","高知県土佐市用石１１２０－４地先","33.477148","133.454422"
"北山東","高知県土佐市用石２３６９－１外","33.488306","133.454017"
"南城東公園","高知県土佐市蓮池519-2","33.490439","133.417766"
"城南公園","高知県土佐市蓮池793-4","33.490889","133.414565"
"城山公園","高知県土佐市蓮池883","33.493276","133.415337"
"水呉","高知県土佐清水市旭町","32.782784","132.959535"
"鹿島ヶ丘","高知県土佐清水市旭町23","32.780069","132.963012"
"旭ヶ丘","高知県土佐清水市旭町60","32.783187","132.962661"
"橋田宅裏","高知県土佐清水市以布利","32.799355","132.955777"
"甚太谷口","高知県土佐清水市以布利","32.796357","132.962943"
"上ダバ","高知県土佐清水市以布利","32.802169","132.961654"
"金刀比羅宮","高知県土佐清水市以布利","32.798654","132.96616"
"西松","高知県土佐清水市以布利","32.797234","132.959142"
"ハナダバ","高知県土佐清水市以布利","32.798947","132.963286"
"障害者支援施設　太陽の家","高知県土佐清水市以布利55","32.802769","132.9597"
"特別養護老人ホーム　しおさい","高知県土佐清水市以布利83-5","32.803742","132.961545"
"旧三鉱生コン跡","高知県土佐清水市以布利853","32.795501","132.964703"
"土佐清水市消防署","高知県土佐清水市以布利980-143","32.802623","132.956148"
"八坂神社","高知県土佐清水市浦尻","32.781475","132.974096"
"中平公文宅上の山","高知県土佐清水市浦尻","32.776215","132.972512"
"上原吾一宅裏山","高知県土佐清水市浦尻","32.783265","132.969725"
"浦尻公会堂上の畑","高知県土佐清水市浦尻","32.783614","132.973139"
"ニツチ山","高知県土佐清水市浦尻","32.780881","132.971797"
"以布利谷","高知県土佐清水市浦尻","32.78494","132.968796"
"畑","高知県土佐清水市浦尻","32.776424","132.965704"
"つつじヶ丘公園","高知県土佐清水市越前町","32.782647","132.950401"
"橋本幸三宅上","高知県土佐清水市下ノ加江","32.875077","132.946701"
"お墓","高知県土佐清水市下ノ加江","32.872879","132.94766"
"集会所裏山","高知県土佐清水市下ノ加江","32.890705","132.939322"
"お墓","高知県土佐清水市下ノ加江","32.872879","132.947655"
"お墓の上","高知県土佐清水市下ノ加江","32.864196","132.949468"
"鍵掛防災倉庫","高知県土佐清水市下ノ加江","32.860871","132.95013"
"下地区急傾上","高知県土佐清水市下ノ加江1636","32.887868","132.938619"
"ナカマエ","高知県土佐清水市下ノ加江1636","32.888551","132.938656"
"安田實・安田資招宅裏山","高知県土佐清水市下ノ加江1727","32.886337","132.937903"
"観音さん","高知県土佐清水市下ノ加江2279","32.878722","132.938742"
"木下宅倉庫上","高知県土佐清水市下ノ加江2289","32.876558","132.938973"
"下ノ加江市民センター裏山","高知県土佐清水市下ノ加江240-5","32.867499","132.954268"
"カルト谷","高知県土佐清水市下ノ加江2429-2","32.865871","132.959683"
"馬路上水タンク","高知県土佐清水市下ノ加江2632","32.871589","132.941891"
"下若宮宮","高知県土佐清水市下ノ加江267","32.868422","132.952992"
"八坂神社","高知県土佐清水市下ノ加江2754","32.867621","132.944887"
"摺木谷急傾上","高知県土佐清水市下ノ加江2789-1","32.865829","132.946191"
"鍵掛集会所","高知県土佐清水市下ノ加江2847","32.859083","132.949237"
"上若宮宮","高知県土佐清水市下ノ加江290","32.871001","132.95068"
"小山","高知県土佐清水市下ノ加江407-1","32.871738","132.949881"
"旧坂本医院の上（安田宅裏山）","高知県土佐清水市下ノ加江509","32.873784","132.947167"
"薬師寺","高知県土佐清水市下ノ加江606","32.876274","132.945938"
"下ノ加江保育園の上","高知県土佐清水市下ノ加江690-1","32.87769","132.945956"
"観音山","高知県土佐清水市下ノ加江781-1","32.88775","132.941567"
"小川（コガ）","高知県土佐清水市下ノ加江986","32.891337","132.93976"
"下ノ加江地区防災コミュニティセンター","高知県土佐清水市下ノ加江字西高岡165-2","32.864071","132.958017"
"荒神山","高知県土佐清水市下ノ段","32.797885","132.873736"
"天満宮裏山","高知県土佐清水市下ノ段","32.794272","132.876654"
"川島さん宅空地","高知県土佐清水市下益野","32.801078","132.894432"
"倉松信雄宅裏山","高知県土佐清水市下益野","32.792977","132.887351"
"天満宮","高知県土佐清水市下益野","32.80035","132.899941"
"西光寺","高知県土佐清水市下益野","32.802682","132.894723"
"横吹峠","高知県土佐清水市下川口","32.784145","132.8449"
"春日神社","高知県土佐清水市下川口","32.782732","132.840326"
"忠魂墓地","高知県土佐清水市下川口","32.786432","132.834179"
"経塚さん","高知県土佐清水市下川口","32.787172","132.833458"
"天満宮上","高知県土佐清水市下川口","32.786365","132.837399"
"天満宮横","高知県土佐清水市下川口","32.786363","132.837744"
"榎田","高知県土佐清水市下川口","32.788398","132.853383"
"加久見広畑線","高知県土佐清水市加久見","32.795473","132.951593"
"水槽タンク","高知県土佐清水市加久見","32.794592","132.936513"
"以布利ダム管理事務所","高知県土佐清水市加久見","32.800543","132.950982"
"加久見防災倉庫","高知県土佐清水市加久見","32.793738","132.943816"
"馬路","高知県土佐清水市加久見","32.791127","132.945296"
"城山","高知県土佐清水市加久見1137","32.789958","132.944158"
"宮本建設裏山","高知県土佐清水市加久見1154-2","32.787036","132.947035"
"旧養老小学校・あんきな家","高知県土佐清水市加久見1464-279","32.785326","132.92583"
"ミヤノコ","高知県土佐清水市加久見394","32.792228","132.938803"
"宝山","高知県土佐清水市加久見510","32.789441","132.939049"
"潮江山","高知県土佐清水市加久見775-1","32.786017","132.94249"
"清水高校裏山","高知県土佐清水市加久見893-1","32.785357","132.944805"
"足摺環境衛生入口","高知県土佐清水市加久見入沢町2-5","32.784595","132.947541"
"西平山","高知県土佐清水市貝ノ川","32.76813","132.809806"
"裏山西","高知県土佐清水市貝ノ川","32.767902","132.827099"
"一本松","高知県土佐清水市貝ノ川1145","32.760388","132.813008"
"恵比寿神社","高知県土佐清水市貝ノ川1175","32.759949","132.813532"
"お墓東","高知県土佐清水市貝ノ川1267","32.758547","132.813683"
"港山の上","高知県土佐清水市貝ノ川1348-1","32.764034","132.816837"
"那須裏山","高知県土佐清水市貝ノ川1424","32.763959","132.814691"
"中村屋敷","高知県土佐清水市貝ノ川1430-1","32.764736","132.813577"
"梶ヶ谷","高知県土佐清水市貝ノ川1514","32.766476","132.812038"
"ボウの山②","高知県土佐清水市貝ノ川559","32.7665","132.8101"
"ボウの山中","高知県土佐清水市貝ノ川594","32.765401","132.810291"
"ボウの山①","高知県土佐清水市貝ノ川676","32.764597","132.810044"
"タビラ","高知県土佐清水市貝ノ川766","32.761458","132.809742"
"水槽","高知県土佐清水市久百々","32.842698","132.950797"
"久百々防災倉庫","高知県土佐清水市久百々","32.840428","132.954505"
"パイロット","高知県土佐清水市久百々","32.840485","132.951403"
"お墓","高知県土佐清水市久百々","32.843129","132.951513"
"お宮","高知県土佐清水市窪津","32.785296","132.997727"
"海蔵院","高知県土佐清水市窪津","32.786401","132.996135"
"弘瀬の上","高知県土佐清水市窪津","32.7834","132.995037"
"上駄場","高知県土佐清水市窪津","32.784958","132.996729"
"尾川の上","高知県土佐清水市窪津","32.783235","132.994006"
"火び消し","高知県土佐清水市窪津","32.786211","132.995108"
"たかせの裏山","高知県土佐清水市窪津","32.785775","132.994825"
"まるやま","高知県土佐清水市窪津","32.784972","132.995965"
"寺山","高知県土佐清水市元町","32.781511","132.95679"
"都計","高知県土佐清水市元町","32.782253","132.957116"
"蓮光寺","高知県土佐清水市元町","32.780141","132.956866"
"土佐清水市斎場","高知県土佐清水市厚生町","32.77275","132.972135"
"スカイライン上","高知県土佐清水市厚生町","32.772397","132.969878"
"墓地下","高知県土佐清水市幸町","32.783045","132.952317"
"清水小学校","高知県土佐清水市幸町7-1","32.78174","132.952467"
"五代地北","高知県土佐清水市三崎","32.79012","132.873279"
"稗田","高知県土佐清水市三崎","32.791566","132.868253"
"千尋岬展望所","高知県土佐清水市三崎","32.77309","132.867338"
"鎌田","高知県土佐清水市三崎","32.790451","132.869731"
"天皇神社上","高知県土佐清水市三崎","32.793829","132.861716"
"桜山","高知県土佐清水市三崎","32.791882","132.879795"
"五代地南","高知県土佐清水市三崎","32.789426","132.872974"
"千尋入り口","高知県土佐清水市三崎","32.786296","132.872007"
"平ノ段区長場","高知県土佐清水市三崎2757","32.796007","132.866285"
"日吉神社","高知県土佐清水市三崎4807","32.797335","132.866202"
"市営住宅","高知県土佐清水市三崎546","32.794452","132.880445"
"市民センター裏山","高知県土佐清水市三崎浦1-8-1","32.792541","132.877566"
"播磨水産の奥","高知県土佐清水市市場町","32.775508","132.952454"
"琴平宮","高知県土佐清水市市場町","32.77558","132.954659"
"パールビル（避難ビル）","高知県土佐清水市汐見町23-18","32.781311","132.947454"
"社会福祉センター（避難ビル）","高知県土佐清水市寿町11-9","32.778948","132.951644"
"第一避難所","高知県土佐清水市戎町","32.774735","132.955058"
"恵比須神社の上","高知県土佐清水市戎町","32.77273","132.954215"
"尾浦","高知県土佐清水市戎町","32.773145","132.953324"
"地蔵谷","高知県土佐清水市戎町","32.773869","132.952018"
"西村宅の上","高知県土佐清水市松崎","32.7893","132.9121"
"木のくじら","高知県土佐清水市松崎","32.781738","132.921673"
"天崎神社の上","高知県土佐清水市松崎","32.785248","132.921348"
"木下","高知県土佐清水市松崎","32.786916","132.920824"
"山下宅庭","高知県土佐清水市松崎","32.785039","132.921773"
"墓地","高知県土佐清水市松崎","32.896079","132.998491"
"榎","高知県土佐清水市松崎","32.787258","132.918803"
"田中花恵宅跡","高知県土佐清水市松尾","32.733344","132.982777"
"若宮神社前","高知県土佐清水市松尾","32.734366","132.987499"
"山下商店前","高知県土佐清水市松尾","32.732482","132.98995"
"中村雄二宅跡","高知県土佐清水市松尾","32.733781","132.982121"
"萩本駐車場","高知県土佐清水市松尾","32.733393","132.983421"
"中川豆腐店前","高知県土佐清水市松尾113","32.73526","132.985682"
"吉福邸前駐車場","高知県土佐清水市松尾209-2","32.733158","132.983576"
"旧松尾保育園庭","高知県土佐清水市松尾288","32.73387","132.982474"
"天満宮","高知県土佐清水市松尾311-1","32.734837","132.982631"
"足摺サニーサイドホテル入口","高知県土佐清水市松尾42","32.732418","132.990447"
"田中木工所","高知県土佐清水市松尾429","32.733115","132.981055"
"旧松尾小学校","高知県土佐清水市松尾467-1","32.73428","132.980121"
"西牧山","高知県土佐清水市清水","32.777511","132.948205"
"金比羅山","高知県土佐清水市清水","32.778553","132.949915"
"山神町","高知県土佐清水市清水ヶ丘","32.783138","132.957908"
"あんきな家清水ヶ丘","高知県土佐清水市清水ヶ丘30-2","32.787022","132.957291"
"仁淀建設駐車場","高知県土佐清水市足摺岬","32.728714","133.00417"
"山下亨前","高知県土佐清水市足摺岬","32.731743","132.995434"
"市営東駐車場","高知県土佐清水市足摺岬","32.724811","133.014137"
"金剛福寺下駐車場","高知県土佐清水市足摺岬","32.725234","133.018161"
"灘公園","高知県土佐清水市足摺岬1382-3","32.724615","133.007384"
"山田稲男広場","高知県土佐清水市足摺岬1428-2","32.725872","133.003932"
"旧足摺岬保育園","高知県土佐清水市足摺岬579-1","32.726386","133.012764"
"足摺岬小学校","高知県土佐清水市足摺岬579-1","32.725207","133.011024"
"診療所西駐車場","高知県土佐清水市足摺岬672-8","32.726032","133.00832"
"千崎広場","高知県土佐清水市足摺岬747-1","32.723955","133.004787"
"堂ヶ森","高知県土佐清水市足摺岬830-7","32.726213","133.002986"
"西ノ段","高知県土佐清水市大岐","32.826124","132.942576"
"垣坪神社の上","高知県土佐清水市大岐","32.826438","132.948724"
"東ノ段","高知県土佐清水市大岐","32.826445","132.946586"
"大岐津波避難タワー","高知県土佐清水市大岐","32.818617","132.946056"
"内沢","高知県土佐清水市大岐","32.820626","132.939739"
"念西寺の上","高知県土佐清水市大岐","32.818016","132.940819"
"すみだ","高知県土佐清水市大岐","32.815296","132.941271"
"白皇神社","高知県土佐清水市大岐","32.813917","132.941329"
"宮本台枝宅","高知県土佐清水市大津","32.754024","132.804226"
"新谷賢二宅裏山","高知県土佐清水市大津","32.752968","132.800849"
"山下君子宅裏山（アサビラキ）","高知県土佐清水市大津","32.751826","132.802637"
"道路のハナ","高知県土佐清水市大津","32.752568","132.802471"
"ウエノコ","高知県土佐清水市大浜","32.753948","132.969286"
"ヒビケシ山","高知県土佐清水市大浜","32.754297","132.967903"
"長崎（２）","高知県土佐清水市大浜","32.752746","132.965929"
"長崎（１）","高知県土佐清水市大浜","32.754154","132.965718"
"寺上","高知県土佐清水市大浜","32.752472","132.968935"
"ドウショウ坂","高知県土佐清水市大浜","32.755102","132.967013"
"県道四十代","高知県土佐清水市大浜","32.755127","132.970631"
"黒石","高知県土佐清水市中浜","32.758981","132.966366"
"岡駄場","高知県土佐清水市中浜","32.760869","132.964143"
"旧中浜保育園","高知県土佐清水市中浜","32.755415","132.966173"
"山崎","高知県土佐清水市中浜","32.761962","132.963851"
"芝の内駄場","高知県土佐清水市中浜","32.757221","132.966831"
"小森","高知県土佐清水市中浜","32.759476","132.960208"
"西の駄場","高知県土佐清水市中浜","32.762048","132.960858"
"トウバイ","高知県土佐清水市中浜","32.760222","132.959821"
"中浜小学校","高知県土佐清水市中浜","32.755943","132.966105"
"サコ畑","高知県土佐清水市爪白","32.789434","132.855606"
"仲間屋敷","高知県土佐清水市爪白","32.791423","132.856904"
"オレンジ園","高知県土佐清水市爪白","32.791652","132.859156"
"市役所上","高知県土佐清水市天神町","32.782438","132.955796"
"ＮＴＴ西日本土佐清水電話交換所（避難ビル）","高知県土佐清水市天神町5-25","32.7794","132.9553"
"東谷第３団地（市営住宅）の公園","高知県土佐清水市布","32.868742","132.987767"
"東谷共同作業所","高知県土佐清水市布","32.868189","132.990279"
"墓地下","高知県土佐清水市布","32.866956","132.981621"
"西光寺の上","高知県土佐清水市布","32.868468","132.981532"
"高獄山の上","高知県土佐清水市布","32.872203","132.981494"
"智円寺上の市道","高知県土佐清水市布","32.869333","132.987984"
"山脇雪春宅裏山","高知県土佐清水市布1205","32.872011","132.98513"
"熊井儀行宅裏山","高知県土佐清水市布2072","32.871148","132.985536"
"橘不二男宅庭","高知県土佐清水市布2099","32.86631","132.982544"
"三次郎谷","高知県土佐清水市布2200-7","32.86699","132.982089"
"横山誠宅前の山","高知県土佐清水市布2508","32.871094","132.979743"
"高手神社の上","高知県土佐清水市布2829-32","32.870304","132.986172"
"沖操宅の上","高知県土佐清水市布2861-3","32.873139","132.981545"
"天満宮","高知県土佐清水市布2865","32.867492","132.983014"
"片粕集会所上","高知県土佐清水市片粕","32.777084","132.834984"
"垣の内谷川堰堤","高知県土佐清水市片粕","32.776197","132.831503"
"裏山東","高知県土佐清水市片粕","32.768178","132.828671"
"宮口宅付近","高知県土佐清水市本町11","32.777284","132.953148"
"墓地駐車場","高知県土佐清水市本町11","32.77721","132.953569"
"中の駄場","高知県土佐清水市養老","32.784728","132.930441"
"５５人組","高知県土佐清水市養老","32.787223","132.932759"
"八幡宮","高知県土佐清水市立石","32.895728","133.001765"
"墓地","高知県土佐清水市立石","32.896079","132.998491"
"大久保の上","高知県土佐清水市立石","32.895","132.9963"
"山の神の上の高台","高知県土佐清水市立石","32.897886","132.994832"
"海のギャラリー裏山","高知県土佐清水市竜串","32.788905","132.865069"
"市営住宅跡地","高知県土佐清水市緑ケ丘22","32.777779","132.96383"
"市営住宅付近","高知県土佐清水市緑ケ丘27","32.777535","132.96476"
"小池地区防災避難タワー","高知県東洋町大字河内151-1","33.546974","134.293552"
"甲浦小学校","高知県東洋町大字河内27","33.545386","134.296099"
"生見地区防災避難タワー","高知県東洋町大字生見158-8","33.525492","134.278905"
"東洋町地域防災センター","高知県東洋町大字生見758-3","33.528353","134.280049"
"東洋町町民会館（屋上）","高知県東洋町大字生見758-3","33.527999","134.280009"
"白浜地区第２防災避難タワー","高知県東洋町大字白浜148","33.544134","134.291011"
"甲浦集落活動センター","高知県東洋町大字白浜198-9","33.545995","134.292154"
"甲浦中学校","高知県東洋町大字白浜6-2","33.544962","134.294881"
"川口地区集会所","高知県東洋町大字野根乙1337-1","33.543978","134.228057"
"真砂瀬地区集会所","高知県東洋町大字野根乙1933","33.556268","134.220381"
"大斗地区集会所","高知県東洋町大字野根乙2318","33.539554","134.247751"
"名留川地区集会所","高知県東洋町大字野根乙418","33.519475","134.238382"
"押野地区集会所","高知県東洋町大字野根甲366-1","33.505336","134.249126"
"別役地区集会所","高知県東洋町大字野根丁222-8","33.494113","134.236899"
"内田地区集会所","高知県東洋町大字野根丙105-2","33.522919","134.247824"
"野根地区防災活動拠点施設","高知県東洋町大字野根丙1694-2","33.504377","134.268338"
"野根地区第１津波避難タワー","高知県東洋町大字野根丙2306-9","33.508212","134.272217"
"池相間地区集会所","高知県東洋町大字野根丙2446","33.509174","134.269575"
"野根地区老人憩の家","高知県東洋町大字野根丙2456-1","33.507835","134.268504"
"つづら地区集会所","高知県東洋町大字野根丙725-1","33.516634","134.244902"
"鷹取の家","高知県梼原町下折渡210","33.361004","132.983994"
"西区生涯学習館","高知県梼原町広野167-5","33.399649","132.88832"
"松原ふれあいセンター","高知県梼原町松原572","33.312208","132.974139"
"越知面交流センター","高知県梼原町田野々1285","33.432983","132.944927"
"ゆすはら・夢・未来館","高知県梼原町梼原1426-2","33.391558","132.92671"
"防災拠点施設","高知県梼原町梼原1428-1","33.391299","132.927359"
"梼原東地区地域活動拠点施設","高知県梼原町梼原1437","33.392668","132.92697"
"旧四万川小学校","高知県梼原町富永438","33.431335","132.877696"
"四万川交流センター","高知県梼原町六丁153-1","33.429018","132.876043"
"シデイガ岡","高知県奈半利町シデイガ岡","33.423703","134.0305"
"福祉センター","高知県奈半利町乙1032","33.421414","134.022151"
"２号避難タワー","高知県奈半利町乙1100-4","33.422317","134.02439"
"奈半利町民会館　屋上","高知県奈半利町乙1297-2","33.424066","134.019653"
"奈半利中学校　３階、屋上","高知県奈半利町乙1315-3","33.427049","134.017146"
"横町団地屋上","高知県奈半利町乙1385-2","33.427289","134.021597"
"横町第２団地屋上","高知県奈半利町乙1419-1","33.428046","134.018743"
"奈半利小学校　３階、屋上","高知県奈半利町乙1648","33.424789","134.020301"
"六本松高台","高知県奈半利町乙17-2","33.413653","134.032343"
"４号避難タワー","高知県奈半利町乙1747-1","33.425894","134.022145"
"３号避難タワー","高知県奈半利町乙1779-1","33.425366","134.024557"
"５号避難タワー","高知県奈半利町乙2644-7","33.428378","134.023266"
"６号津波避難タワー","高知県奈半利町乙2904-6","33.429239","134.025418"
"多気ケ丘公園","高知県奈半利町乙3854-4","33.43314","134.029385"
"八幡様","高知県奈半利町乙394-1","33.418969","134.025909"
"奈半利駅３階オープンデッキ","高知県奈半利町乙4779-3","33.424838","134.018095"
"愛光園周辺","高知県奈半利町乙478-1","33.420889","134.028463"
"１号避難タワー","高知県奈半利町乙853-1","33.419778","134.022571"
"天神北団地１号棟屋上","高知県奈半利町乙960-1","33.421062","134.021175"
"野根山街道登り口","高知県奈半利町乙２２２４－２地先","33.426205","134.031301"
"須川集会所","高知県奈半利町甲1610","33.40326","134.037848"
"加領郷小学校","高知県奈半利町甲61-1","33.38361","134.038386"
"麓桜の広場","高知県奈半利町百石","33.430689","134.032098"
"札場避難場所","高知県南国市ＪＡ十市園芸課北","33.526434","133.618962"
"丸山避難場所","高知県南国市との山中腹","33.523326","133.602497"
"西坪池避難場所","高知県南国市ローソン東の山","33.528599","133.622015"
"丸山避難場所２","高知県南国市井ノ本","33.55553","133.625828"
"小久保避難場所","高知県南国市井上アパート南山腹","33.542213","133.61366"
"東立石避難場所","高知県南国市一久橋北の山","33.551332","133.639993"
"衣笠避難場所２","高知県南国市稲荷神社","33.550457","133.620724"
"ケアハウス白山荘","高知県南国市稲生1303-1","33.545136","133.612174"
"稲生ふれあい館","高知県南国市稲生542","33.546931","133.623414"
"稲生小学校","高知県南国市稲生561-1","33.546843","133.62369"
"土居ノ谷避難場所３","高知県南国市稲生小学校南","33.545135","133.624011"
"土居ノ谷避難場所２","高知県南国市稲生小学校南東","33.545511","133.625449"
"高知南国道路避難場所５","高知県南国市王子","33.557358","133.670018"
"北陵中学校","高知県南国市岡豊町笠ノ川848-1","33.610518","133.634359"
"岡豊高等学校","高知県南国市岡豊町中島511-1","33.581676","133.611275"
"岡豊高等学校（校舎）","高知県南国市岡豊町中島511-1","33.581839","133.610672"
"岡豊高等学校（校庭）","高知県南国市岡豊町中島511-1","33.582612","133.610828"
"岡豊小学校","高知県南国市岡豊町八幡903","33.59595","133.626522"
"岡豊保育所","高知県南国市岡豊町八幡922-1","33.59493","133.626605"
"津波避難施設　下島浜タワー","高知県南国市下島112","33.534379","133.67071"
"長岡東部保育園","高知県南国市下末松233","33.593692","133.651597"
"長岡小学校","高知県南国市下末松97","33.590787","133.651858"
"野田公民館","高知県南国市下野田267-1","33.578387","133.652206"
"後免野田小学校","高知県南国市下野田276-2","33.578294","133.650922"
"西谷・林谷避難場所１","高知県南国市河泊神社","33.54342","133.61748"
"丸山避難場所１","高知県南国市笠ノ松トンネル南詰上部","33.555707","133.626762"
"間田避難場所２","高知県南国市間田公民館南","33.545967","133.632669"
"土居ノ谷避難場所１","高知県南国市技研製作所資材置場","33.545672","133.627208"
"津波避難施設　久枝南タワー","高知県南国市久枝66-8","33.534355","133.677034"
"津波避難施設　久枝北タワー","高知県南国市久枝乙416","33.54043","133.67081"
"高知空港旅客ターミナルビル","高知県南国市久枝乙58","33.547525","133.674078"
"久礼田小学校","高知県南国市久礼田532","33.616195","133.651556"
"久礼田保育所","高知県南国市久礼田907","33.615904","133.652946"
"衣笠避難場所１","高知県南国市共同墓地","33.55315","133.621796"
"里改田避難場所","高知県南国市琴平神社","33.535198","133.636109"
"西谷・林谷避難場所２","高知県南国市熊野神社","33.543072","133.616975"
"長岡西部保育所","高知県南国市幸町1-2-23","33.579149","133.642029"
"林谷・中谷避難場所","高知県南国市国見石灰跡地","33.543787","133.618327"
"国府保育所","高知県南国市国分1132","33.602689","133.642849"
"国府小学校","高知県南国市国分1201-1","33.604553","133.644245"
"黒滝自然館せいらん","高知県南国市黒滝243","33.665324","133.606919"
"間田避難場所１","高知県南国市山口団地西","33.546011","133.63519"
"たちばな幼稚園","高知県南国市宍崎57-3","33.624432","133.636351"
"高知東工業高等学校","高知県南国市篠原1590","33.574452","133.637682"
"津波避難施設　十市坪池タワー","高知県南国市十市1660-4","33.52831","133.627245"
"十市保育園","高知県南国市十市2315-1","33.53103","133.620461"
"禅師峰寺","高知県南国市十市3084","33.526733","133.611371"
"津波避難施設　十市阿戸タワー","高知県南国市十市4393-3","33.523144","133.606251"
"人形谷避難場所","高知県南国市人形谷公民館北西","33.535172","133.621671"
"里改田・立石避難場所","高知県南国市水源地","33.541934","133.636928"
"後免野田保育園","高知県南国市西野田町2-5-18","33.576906","133.649451"
"稲生立石避難場所","高知県南国市千屋崎ポンプ場北山腹","33.552825","133.63828"
"津波避難施設　前浜浜窪タワー","高知県南国市前浜12-2","33.53419","133.666941"
"南国市立スポーツセンター","高知県南国市前浜1344-3","33.540365","133.654799"
"前浜防災コミュニティーセンター","高知県南国市前浜1534-1","33.541071","133.662928"
"津波避難施設　大湊小南タワー","高知県南国市前浜1577-1","33.540336","133.665849"
"大湊小学校","高知県南国市前浜1614-1","33.541805","133.665854"
"津波避難施設　下田村タワー","高知県南国市前浜2217-1","33.546021","133.662114"
"津波避難施設　前浜伊都多タワー","高知県南国市前浜414-4","33.534563","133.659801"
"津波避難施設　前浜久保タワー","高知県南国市前浜585","33.536004","133.664888"
"伊都多神社","高知県南国市前浜４４１－イ","33.534857","133.660611"
"八丁・大小浜避難場所","高知県南国市禅師峰寺","33.526872","133.612178"
"大小浜避難場所","高知県南国市大小浜集会所北","33.525661","133.615291"
"香長中学校","高知県南国市大埇乙2038","33.558681","133.643301"
"大篠小学校","高知県南国市大埇甲2073","33.571277","133.643355"
"大篠保育園","高知県南国市大埇甲2504","33.569257","133.639605"
"片山避難場所","高知県南国市長泉山中腹","33.5527","133.642389"
"日章福祉交流センター","高知県南国市田村乙2207","33.564323","133.665944"
"あけぼの保育所","高知県南国市田村乙2231-2","33.564174","133.668292"
"日章小学校","高知県南国市田村乙2267-1","33.565345","133.667018"
"北地避難場所１","高知県南国市田中石灰敷地内","33.547129","133.61828"
"鳶ヶ池中学校","高知県南国市東崎530","33.585424","133.65027"
"高知農業高等学校","高知県南国市東崎957-1","33.580082","133.650573"
"東坪池避難場所","高知県南国市東沢土地改良区西","33.528953","133.624969"
"高知南国道路避難場所１","高知県南国市藤ノ宮","33.559103","133.656045"
"奈路小学校","高知県南国市奈路721","33.63834","133.608306"
"北地避難場所２","高知県南国市入交石灰敷地内","33.546423","133.617166"
"白木谷小学校","高知県南国市白木谷761","33.62047","133.594224"
"芦ヶ谷避難場所","高知県南国市八幡神社南山腹","33.541319","133.610163"
"津波避難施設　浜改田本村タワー","高知県南国市浜改田2257-50","33.531757","133.647173"
"津波避難施設　浜改田中ノ丁タワー","高知県南国市浜改田300-2","33.533379","133.654069"
"津波避難施設　浜改田岩坂タワー","高知県南国市浜改田673-3","33.531898","133.644083"
"津波避難施設　浜改田浜田タワー","高知県南国市浜改田840-4","33.530152","133.636653"
"中谷・土居ノ谷避難場所１","高知県南国市福重神社","33.544373","133.619947"
"岩村ふれあいセンター","高知県南国市福船371-4","33.58223","133.675423"
"高知大学農学部","高知県南国市物部乙200","33.552126","133.677976"
"高知工業高等専門学校","高知県南国市物部乙200-1","33.547213","133.681217"
"三和憩いの広場","高知県南国市片山1004","33.556069","133.641437"
"高知南国道路避難場所４","高知県南国市北組","33.557572","133.666954"
"高知南国道路避難場所２","高知県南国市北組","33.558835","133.658015"
"高知南国道路避難場所３","高知県南国市北組","33.557798","133.66492"
"西和避難場所","高知県南国市末廣宮西","33.537708","133.622546"
"中谷・土居ノ谷避難場所２","高知県南国市名護神社","33.543984","133.619786"
"ＪＡ高知病院","高知県南国市明見526-1","33.570032","133.62314"
"明見保育所","高知県南国市明見764-1","33.568334","133.627647"
"明見避難場所","高知県南国市明見公民館西","33.568622","133.61531"
"里保育所","高知県南国市里改田1026","33.547039","133.641302"
"三和小学校","高知県南国市里改田1844-1","33.54301","133.645432"
"三和防災コミュニティーセンター","高知県南国市里改田236","33.549117","133.64303"
"琴平神社","高知県南国市里改田2607","33.536159","133.637284"
"香南中学校","高知県南国市立田324","33.572918","133.670475"
"十市小学校","高知県南国市緑ヶ丘1-2001","33.532683","133.613554"
"錦城公園","高知県南国市緑ヶ丘2-2401-1","33.533503","133.608205"
"日下保育園","高知県日高村沖名102","33.532796","133.375736"
"宮谷集会所","高知県日高村沖名1435-2","33.519365","133.361802"
"北込山集会所","高知県日高村沖名1549-3","33.516376","133.360531"
"産業郷土資料館","高知県日高村沖名1620-1","33.515214","133.35791"
"長崎集会所","高知県日高村沖名245-1","33.529166","133.374373"
"南込山集会所","高知県日高村沖名3053","33.5154","133.365105"
"渋川集会所","高知県日高村沖名3275","33.518237","133.372504"
"石田集会所","高知県日高村沖名4084-2","33.522114","133.37934"
"大川内集会所","高知県日高村沖名4691-2","33.527066","133.381166"
"日高村社会福祉センター","高知県日高村沖名5","33.53199","133.375108"
"沖名集会所","高知県日高村沖名753-3","33.521404","133.368647"
"田福集会所","高知県日高村沖名8559","33.528187","133.373061"
"猿田集会所","高知県日高村沖名２０２６－ロ","33.515931","133.357591"
"暮月集会所","高知県日高村下分1210","33.539444","133.392861"
"西田老人憩いの家","高知県日高村下分1603-5","33.539168","133.395472"
"下分ふれあいプラザ","高知県日高村下分1666-8","33.539454","133.395342"
"小村集会所（日下公民館《下分分館》）","高知県日高村下分1882-1","33.54121","133.394539"
"光岩集会所","高知県日高村下分1999-2","33.542226","133.400825"
"江尻集会所","高知県日高村下分2618","33.54582","133.389415"
"国岡集会所","高知県日高村下分3099-2","33.541305","133.388497"
"奥の谷集会所","高知県日高村下分3562-8","33.537896","133.37601"
"鍛冶屋集会所","高知県日高村下分3866-1","33.537361","133.37987"
"日高特別支援学校","高知県日高村下分60","33.538813","133.381562"
"中村集会所","高知県日高村下分6376-2","33.543407","133.38861"
"大橋東集会所","高知県日高村下分91-6","33.535109","133.376238"
"鴨地集会所","高知県日高村鴨地1165-2","33.572754","133.303043"
"平野集会所","高知県日高村岩目地1176-2","33.529631","133.340272"
"井峯・下の谷集会所","高知県日高村岩目地1504-1","33.533515","133.34388"
"加茂中学校","高知県日高村岩目地164","33.525344","133.329366"
"岩目地西集会所","高知県日高村岩目地173-1","33.526372","133.329682"
"加茂小学校","高知県日高村岩目地40","33.524713","133.328399"
"岩目地東集会所","高知県日高村岩目地419-2","33.526282","133.334396"
"日高村岩目地ふれあいプラザ","高知県日高村岩目地631-1","33.528748","133.335378"
"加茂保育園","高知県日高村岩目地640","33.527177","133.335763"
"竜石集会所","高知県日高村岩目地746-3","33.525851","133.343073"
"宮ノ谷集会所","高知県日高村宮ノ谷564-3","33.556857","133.330265"
"九頭集会所","高知県日高村九頭491","33.52208","133.340936"
"大花集会所","高知県日高村大花538-4","33.552265","133.343273"
"柱谷集会所","高知県日高村柱谷48-4","33.559402","133.363913"
"長畑集会所","高知県日高村長畑778-3","33.564456","133.325756"
"梅ヶ坂集会所","高知県日高村本郷1391-1","33.532652","133.358749"
"本郷消防屯所","高知県日高村本郷1476-1","33.531931","133.353688"
"本郷多目的集会所","高知県日高村本郷1478-9","33.531349","133.353256"
"木屋ヶ谷集会所","高知県日高村本郷155","33.534939","133.374003"
"駅前集会所","高知県日高村本郷184-2","33.534625","133.371513"
"大和田集会所","高知県日高村本郷2113-6","33.531904","133.351358"
"高齢者ふれあいスポーツセンター","高知県日高村本郷2670","33.521492","133.34568"
"鹿児集会所","高知県日高村本郷2712","33.521775","133.347423"
"宇井集会所","高知県日高村本郷3022-4","33.527646","133.354828"
"西越老人憩いの家","高知県日高村本郷3492-1","33.528256","133.361748"
"本郷ふれあいプラザ","高知県日高村本郷3492-3","33.528492","133.362353"
"日高中学校","高知県日高村本郷3611","33.528824","133.365932"
"父原集会所","高知県日高村本郷592-16","33.534212","133.367688"
"日下小学校","高知県日高村本郷89","33.536031","133.373412"
"妹背集会所","高知県日高村本郷１１６６－イ","33.535291","133.361245"
"本村集会所","高知県日高村本村593-1","33.562943","133.343483"
"能津公民館","高知県日高村本村8","33.559401","133.336503"
"能津小学校","高知県日高村本村8","33.559392","133.336814"
"名越屋集会所","高知県日高村名越屋410-2","33.571554","133.358531"
"魚梁瀬小・中体育館","高知県馬路村大字魚梁瀬10-149","33.617854","134.109215"
"朝日出地区会館","高知県馬路村大字馬路110-1","33.545579","134.054859"
"東川地区会館","高知県馬路村大字馬路1514","33.567119","134.064852"
"中ノ川地区会館","高知県馬路村大字馬路1620-1","33.576031","134.063336"
"相名地区会館","高知県馬路村大字馬路3190-1","33.564745","134.045899"
"馬路村コミュニティセンター宿泊施設","高知県馬路村大字馬路3564-1","33.55629","134.048694"
"馬路村コミュニティセンター本館","高知県馬路村大字馬路3564-1","33.556621","134.049188"
"日浦地区会館","高知県馬路村大字馬路3787-1","33.552823","134.046577"
"馬路中学校","高知県馬路村大字馬路497","33.55382","134.049437"
"馬路小学校","高知県馬路村大字馬路497","33.553538","134.049104"
"馬路小・中体育館","高知県馬路村大字馬路497","33.553941","134.048841"
"久江ノ上集会所","高知県北川村大字久江ノ上269-2","33.546537","134.114796"
"久木体育館","高知県北川村大字久木545","33.576491","134.104327"
"宗ノ上集会所","高知県北川村大字宗ノ上152-1","33.490079","134.058787"
"小島集会所","高知県北川村大字小島96-1","33.497105","134.099696"
"菅ノ上集会所","高知県北川村大字菅ノ上283","33.529506","134.178357"
"西谷集会所","高知県北川村大字西谷405","33.482854","134.039139"
"電源開発（株）厚生館","高知県北川村大字長山177","33.462745","134.048844"
"長山交流センター","高知県北川村大字長山595-1","33.470818","134.040334"
"北部集会所","高知県北川村大字島766-1","33.5417","134.119281"
"二タ又集会所","高知県北川村大字二タ又148-2","33.522871","134.134495"
"柏木交流センター","高知県北川村大字柏木122","33.45641","134.058342"
"崎山集会所","高知県北川村大字柏木757-2","33.470401","134.059392"
"平鍋集会所","高知県北川村大字平鍋191-4","33.513065","134.120475"
"木積集会所","高知県北川村大字木積106","33.478363","134.048346"
"野川交流センター","高知県北川村大字野川1571","33.44331","134.063558"
"北川村農村婦人の家","高知県北川村大字野友乙213","33.453097","134.046249"
"北川村農業センター","高知県北川村大字野友乙288","33.453746","134.036525"
"みどり保育園","高知県北川村大字野友甲1522-1","33.448441","134.042678"
"北川小学校","高知県北川村大字野友甲1545","33.447503","134.041716"
"北川中学校","高知県北川村大字野友甲1548","33.446993","134.040943"
"野友集会所","高知県北川村大字野友甲612","33.447454","134.038427"
"北川村民会館","高知県北川村大字野友甲618-1","33.446548","134.037865"
"総合保健福祉センター","高知県北川村大字野友甲710-2","33.446586","134.037145"
"和田集会所","高知県北川村大字和田506","33.487519","134.078265"
"三寄集会所","高知県本山町井窪30-1","33.756898","133.599587"
"瓜生野コミュニティセンター","高知県本山町瓜生野544-1","33.80211","133.558408"
"屋所集会所","高知県本山町屋所147","33.78463","133.550609"
"上関集会所","高知県本山町下関1366-1","33.767446","133.619258"
"下関公民館","高知県本山町下関203-1","33.768122","133.621508"
"吉延集会所","高知県本山町吉延796","33.741086","133.604651"
"吉野小学校体育館","高知県本山町吉野161","33.753859","133.556995"
"吉野小学校グラウンド","高知県本山町吉野186","33.754693","133.557215"
"吉野公民館","高知県本山町吉野410","33.754294","133.560384"
"東部コミュニティセンター","高知県本山町高角437-1","33.760595","133.618947"
"シェアオフィス「もとやま」駐車場","高知県本山町高角437-8","33.760599","133.61913"
"寺家公民館","高知県本山町寺家517-1","33.752979","133.567539"
"南部複合集会所（大石）","高知県本山町大石355","33.74789","133.598967"
"汗見川ふれあいの郷集会所、清流館","高知県本山町沢ケ内626","33.786604","133.553095"
"上奈路複合集会所","高知県本山町北山甲268-1","33.762282","133.606292"
"北山西集会所","高知県本山町北山丙439","33.761726","133.586793"
"本山町社会福祉会館","高知県本山町本山1041","33.75279","133.574899"
"一区コミュニティセンター","高知県本山町本山143-4","33.755715","133.593145"
"帰全の森体育館","高知県本山町本山2133","33.759965","133.594094"
"帰全の森グラウンド","高知県本山町本山2133","33.759264","133.594368"
"三区コミュニティセンター","高知県本山町本山453-1","33.758001","133.589828"
"本山小学グラウンド","高知県本山町本山458","33.758162","133.590249"
"本山小学校体育館","高知県本山町本山458","33.758247","133.590866"
"本山町プラチナセンター","高知県本山町本山569-1","33.759066","133.589314"
"嶺北高等学校グラウンド","高知県本山町本山727","33.758546","133.584011"
"嶺北高等学校体育館","高知県本山町本山727","33.758795","133.584826"
"四区コミュニティセンター","高知県本山町本山837-1","33.755499","133.58193"
"二区コミュニティセンター","高知県本山町本山３０３－イ","33.756725","133.589342"
"古田集会所","高知県本山町木能津704","33.750015","133.617443"