"施設名","所在地","緯度","経度"
"総合保健福祉センター","大分県宇佐市安心院町下毛2111-1","33.439355","131.354914"
"安心院中学校　体育館","大分県宇佐市安心院町下毛2222-1","33.436104","131.356284"
"安心院中学校","大分県宇佐市安心院町下毛2222-1","33.435746","131.356765"
"津房小学校","大分県宇佐市安心院町五郎丸380-2","33.391063","131.396718"
"津房小学校　体育館","大分県宇佐市安心院町五郎丸380-2","33.390682","131.396207"
"佐田小学校　体育館","大分県宇佐市安心院町佐田215","33.441905","131.395887"
"佐田小学校","大分県宇佐市安心院町佐田215","33.441606","131.395751"
"佐田地区公民館","大分県宇佐市安心院町佐田246-1","33.442258","131.395812"
"安心院小学校　体育館","大分県宇佐市安心院町木裳115-1","33.435628","131.357772"
"安心院小学校","大分県宇佐市安心院町木裳115-1","33.43533","131.35841"
"深見地区公民館","大分県宇佐市安心院町矢畑25-1","33.394318","131.341364"
"深見小学校","大分県宇佐市安心院町矢畑40-2","33.393449","131.341128"
"深見小学校　体育館","大分県宇佐市安心院町矢畑40-2","33.393963","131.34151"
"津房地区公民館","大分県宇佐市安心院町六郎丸666-2","33.392869","131.394046"
"羽馬礼分校","大分県宇佐市院内町羽馬礼212-1","33.352293","131.275393"
"南院内地区コミュニティーセンター","大分県宇佐市院内町下恵良672","33.385795","131.293269"
"南院内小学校　体育館","大分県宇佐市院内町下恵良687","33.38462","131.291238"
"南院内小学校","大分県宇佐市院内町下恵良687","33.384441","131.29176"
"院内北部小学校　体育館","大分県宇佐市院内町櫛野646","33.461459","131.328242"
"院内北部小学校","大分県宇佐市院内町櫛野646","33.461423","131.328777"
"院内地区コミュニティーセンター","大分県宇佐市院内町景平235","33.401136","131.299641"
"両川地区公民館","大分県宇佐市院内町香下207-2","33.478602","131.332176"
"山村開発センター（院内支所庁舎）","大分県宇佐市院内町山城39","33.42054","131.316765"
"院内中学校　体育館","大分県宇佐市院内町山城54","33.418985","131.31688"
"院内中学校","大分県宇佐市院内町山城54","33.419708","131.316011"
"中部小学校　体育館","大分県宇佐市院内町山城91","33.418152","131.316204"
"中部小学校","大分県宇佐市院内町山城91","33.418224","131.315812"
"高並地区多目的共同利用施設","大分県宇佐市院内町小稲22-1","33.439673","131.304785"
"高並体育館","大分県宇佐市院内町小稲24-1","33.440147","131.305884"
"老人憩いの家","大分県宇佐市院内町上余160","33.37718","131.307743"
"上院内分校","大分県宇佐市院内町定別当44","33.392239","131.252552"
"糸口山老人憩の家","大分県宇佐市大字猿渡1160-36","33.538496","131.302785"
"北部中学校　体育館","大分県宇佐市大字下時枝369-1","33.560245","131.308376"
"北部中学校","大分県宇佐市大字下時枝369-1","33.559933","131.307697"
"下拝田地区コミュニティ消防センター","大分県宇佐市大字下拝田233-2","33.50906","131.33207"
"天津農村婦人の家","大分県宇佐市大字下敷田1103-2","33.556274","131.291033"
"天津小学校　体育館","大分県宇佐市大字下敷田264-1","33.560993","131.289692"
"天津小学校","大分県宇佐市大字下敷田264-1","33.561387","131.289523"
"天津地区コミュニティ消防センター","大分県宇佐市大字下敷田76-1","33.560478","131.289364"
"封戸小学校","大分県宇佐市大字刈宇田59","33.540722","131.419937"
"封戸小学校　体育館","大分県宇佐市大字刈宇田59","33.540682","131.420519"
"北馬城小学校　体育館","大分県宇佐市大字岩崎781","33.531378","131.403849"
"北馬城小学校","大分県宇佐市大字岩崎781","33.53084","131.403893"
"宇佐中学校","大分県宇佐市大字橋津434","33.532905","131.395478"
"宇佐中学校　体育館","大分県宇佐市大字橋津434","33.533094","131.394946"
"江須賀老人憩の家","大分県宇佐市大字江須賀1401-1","33.557343","131.36674"
"柳ヶ浦小学校","大分県宇佐市大字江須賀2406","33.560104","131.364681"
"柳ヶ浦小学校　体育館","大分県宇佐市大字江須賀2406","33.560671","131.364804"
"駅川中学校","大分県宇佐市大字閤153","33.524459","131.338638"
"駅川中学校　体育館","大分県宇佐市大字閤153","33.524882","131.338462"
"長峰地区活性化センター","大分県宇佐市大字佐野629","33.540003","131.274055"
"長峰小学校","大分県宇佐市大字佐野686-2","33.54025","131.275073"
"長峰小学校　体育館","大分県宇佐市大字佐野686-2","33.539922","131.275041"
"山地区コミュニティ消防センター","大分県宇佐市大字山389-1","33.532474","131.416206"
"四日市コミュニティセンター","大分県宇佐市大字四日市111-2","33.533861","131.326874"
"四日市北小学校","大分県宇佐市大字四日市1351-1","33.533075","131.326704"
"四日市北小学校　体育館","大分県宇佐市大字四日市1351-1","33.532586","131.326462"
"四日市南小学校　体育館","大分県宇佐市大字四日市1726","33.527345","131.327818"
"四日市南小学校","大分県宇佐市大字四日市1726","33.52665","131.327983"
"西部中学校","大分県宇佐市大字四日市3315","33.528965","131.319311"
"西部中学校　体育館・道場","大分県宇佐市大字四日市3315","33.528606","131.318755"
"出光地区コミュニティ消防センター","大分県宇佐市大字出光408-4","33.522861","131.410352"
"小向野地区コミュニティ消防センター","大分県宇佐市大字小向野367","33.51713","131.357899"
"和間小学校","大分県宇佐市大字松崎1514","33.553732","131.397636"
"和間小学校　体育館","大分県宇佐市大字松崎1514","33.553761","131.398175"
"和間地区コミュニティ消防センター","大分県宇佐市大字松崎1795","33.559464","131.400359"
"八幡小学校　体育館","大分県宇佐市大字上乙女283-1","33.563006","131.332392"
"八幡小学校","大分県宇佐市大字上乙女283-1","33.562902","131.332974"
"横山小学校","大分県宇佐市大字上元重859-1","33.517517","131.300028"
"横山小学校　体育館","大分県宇佐市大字上元重859-1","33.517969","131.299929"
"糸口小学校　体育館","大分県宇佐市大字上時枝600-1","33.553423","131.307145"
"糸口小学校","大分県宇佐市大字上時枝600-1","33.55364","131.307678"
"駅館小学校","大分県宇佐市大字上田394-2","33.532083","131.346611"
"駅館小学校　体育館","大分県宇佐市大字上田394-2","33.532216","131.347247"
"上田老人憩の家","大分県宇佐市大字上田488","33.533776","131.346772"
"上拝田公民館","大分県宇佐市大字上拝田372","33.501798","131.325186"
"西馬城小学校　体育館","大分県宇佐市大字上矢部1069","33.502058","131.371341"
"西馬城小学校","大分県宇佐市大字上矢部1069","33.501754","131.370762"
"上矢部公民館","大分県宇佐市大字上矢部1308-1","33.503496","131.368224"
"清水地区コミュニティ消防センター","大分県宇佐市大字清水153-5","33.546477","131.260744"
"上赤尾老人憩の家","大分県宇佐市大字赤尾2715","33.528338","131.281806"
"宇佐市総合体育館","大分県宇佐市大字川部1571-1","33.536368","131.361174"
"豊川小学校　体育館","大分県宇佐市大字大塚542-2","33.515566","131.335318"
"豊川小学校","大分県宇佐市大字大塚542-2","33.515598","131.335901"
"長洲公民館複合施設","大分県宇佐市大字長洲","33.570564","131.377132"
"長洲中学校　体育館","大分県宇佐市大字長洲1527","33.567187","131.381476"
"長洲中学校","大分県宇佐市大字長洲1527","33.567129","131.38069"
"東の東老人憩の家","大分県宇佐市大字長洲3135-2","33.574108","131.382474"
"長洲小学校","大分県宇佐市大字長洲630","33.57002","131.375794"
"長洲小学校　体育館","大分県宇佐市大字長洲630","33.569637","131.375523"
"シルバーセンター平成館","大分県宇佐市大字長洲674","33.56951","131.376676"
"高家小学校","大分県宇佐市大字東高家288","33.571347","131.30985"
"高家小学校　体育館","大分県宇佐市大字東高家288","33.571501","131.309276"
"宇佐小学校","大分県宇佐市大字南宇佐2007","33.530799","131.371451"
"宇佐小学校　体育館","大分県宇佐市大字南宇佐2007","33.530478","131.371013"
"宇佐公民館","大分県宇佐市大字南宇佐2150-1","33.528641","131.370862"
"日足地区コミュニティ消防センター","大分県宇佐市大字日足747","33.522616","131.391238"
"畑田老人憩の家","大分県宇佐市大字畑田1337","33.543677","131.346455"
"尾永井地区コミュニティ消防センター","大分県宇佐市大字尾永井1022","33.572677","131.327618"
"駅川公民館","大分県宇佐市大字法鏡寺224","33.529089","131.348152"
"四日市公民館麻生分館（旧麻生小学校）","大分県宇佐市大字麻生5041","33.466328","131.269732"
"麻生地区活性化センター","大分県宇佐市大字麻生8-1","33.485058","131.275779"
"亀の井自動車学校　臼杵校","大分県臼杵市大字井村1800","33.138847","131.782215"
"臼杵支援学校　体育館","大分県臼杵市大字井村911","33.142089","131.776904"
"下北小学校　体育館","大分県臼杵市大字稲田892","33.145318","131.79016"
"臼杵市中央公民館","大分県臼杵市大字臼杵2-107-562","33.123266","131.807496"
"社会福祉センター","大分県臼杵市大字臼杵4-1","33.12165","131.798483"
"臼杵小学校　体育館","大分県臼杵市大字臼杵65","33.124837","131.800986"
"東中学校　体育館","大分県臼杵市大字臼杵71-18","33.124919","131.803856"
"臼杵市民会館","大分県臼杵市大字臼杵72-83","33.125483","131.80638"
"臼杵市民グランド","大分県臼杵市大字臼杵81-118","33.124382","131.803306"
"臼杵市柔剣道場","大分県臼杵市大字臼杵81-95","33.124515","131.802442"
"臼杵公園","大分県臼杵市大字臼杵字丹生島91","33.121881","131.803056"
"介護老人保健施設　南山園３階デイルーム","大分県臼杵市大字海添250","33.113215","131.802334"
"臼杵高等学校　体育館","大分県臼杵市大字海添2521","33.117941","131.805851"
"クレドホテル臼杵","大分県臼杵市大字海添2573-10","33.11887","131.806986"
"臼杵市文化財管理センター","大分県臼杵市大字吉小野4296","33.109312","131.730537"
"市浜小学校　体育館","大分県臼杵市大字戸室503","33.118592","131.787864"
"西中学校　体育館","大分県臼杵市大字戸室535","33.119192","131.785538"
"北中学校　体育館","大分県臼杵市大字江無田132-1","33.130402","131.7895"
"サンリブ臼杵","大分県臼杵市大字江無田266-5","33.125456","131.790024"
"Ｍ・サンルーラル江無田","大分県臼杵市大字江無田99","33.129405","131.788543"
"佐志生小学校　体育館","大分県臼杵市大字佐志生3015-1","33.1767","131.82742"
"上浦・深江地区コミュニティセンター","大分県臼杵市大字深江1509","33.121553","131.879702"
"海洋科学高等学校　武道場","大分県臼杵市大字諏訪254-1-2","33.136364","131.805318"
"諏訪山体育館","大分県臼杵市大字諏訪595-5","33.132787","131.797373"
"レイフ・ハーメイン諏訪","大分県臼杵市大字諏訪649-4","33.129573","131.799961"
"臼杵市総合公園","大分県臼杵市大字諏訪字北ヶ迫790","33.135325","131.797153"
"市浜地区コミュニティセンター","大分県臼杵市大字前田1851-8","33.117441","131.780078"
"臼杵南小学校　ランチルーム、体育館","大分県臼杵市大字掻懐1483","33.091682","131.757072"
"南中学校　体育館","大分県臼杵市大字掻懐2227-1","33.097256","131.74917"
"南津留地区コミュニティセンター","大分県臼杵市大字掻懐27-1","33.093663","131.757239"
"海辺小学校　体育館","大分県臼杵市大字大浜173","33.13659","131.80885"
"下ノ江小学校　体育館","大分県臼杵市大字大野1955","33.152831","131.806379"
"宮本地域体育館","大分県臼杵市大字東神野3402","33.03947","131.773978"
"中臼杵農村環境改善センター","大分県臼杵市大字武山1838","33.104091","131.730527"
"福良ヶ丘小学校","大分県臼杵市大字福良360-1","33.114748","131.794312"
"下南小学校　体育館","大分県臼杵市大字望月815","33.102854","131.772547"
"上北小学校　体育館","大分県臼杵市大字末広2487-2","33.139927","131.757793"
"コンフォート千代田","大分県臼杵市大字野田339-2","33.111444","131.78309"
"田野地区公民館","大分県臼杵市野津町大字亀甲4010-2","33.046466","131.721203"
"旧田野小学校　田野地域グラウンド","大分県臼杵市野津町大字亀甲4014","33.045833","131.720654"
"南野津地区公民館","大分県臼杵市野津町大字吉田161","33.015548","131.665151"
"吉四六ランド","大分県臼杵市野津町大字原326","33.039241","131.683443"
"野津小学校　体育館","大分県臼杵市野津町大字山頭3100","33.046074","131.699121"
"川登小学校　体育館","大分県臼杵市野津町大字清水原1341","33.006008","131.718496"
"戸上ふれあい広場","大分県臼杵市野津町大字西寒田2989","33.064619","131.660103"
"西神野ふれ愛センター","大分県臼杵市野津町大字西神野1070","33.031848","131.76163"
"南野津小学校　体育館","大分県臼杵市野津町大字西畑600","33.01312","131.666915"
"都松地区ふれあいセンター","大分県臼杵市野津町大字都原1014","33.066716","131.711923"
"野津中央公民館","大分県臼杵市野津町大字野津市184","33.045051","131.693936"
"野津中学校　体育館","大分県臼杵市野津町大字野津市666","33.037785","131.686616"
"若宮自治公民館","大分県杵築山香町野原2724-2","33.447431","131.504523"
"仲尾台公民館","大分県杵築市屋山香町野原3-4657-386","33.427732","131.484779"
"下四区集会所","大分県杵築市山香町下1230-2","33.479694","131.491011"
"下公民館（金水）","大分県杵築市山香町下2668","33.472961","131.496618"
"米子瀬公民館","大分県杵築市山香町下3939","33.467034","131.4995"
"目久保公民館","大分県杵築市山香町久木野尾2191-1","33.389616","131.43194"
"市営向野体育館","大分県杵築市山香町向野2535-1","33.497893","131.435302"
"向野地区コミュニティセンター","大分県杵築市山香町向野2639","33.497927","131.435777"
"日野地公民館","大分県杵築市山香町向野378-1","33.491715","131.437271"
"大久公民館","大分県杵築市山香町広瀬1141","33.432219","131.541473"
"下村公民館","大分県杵築市山香町広瀬1986-1","33.420694","131.534001"
"西鹿鳴越公民館","大分県杵築市山香町広瀬2858-37","33.405746","131.511406"
"東山香地区コミュニティセンター","大分県杵築市山香町広瀬311-8","33.437562","131.521208"
"小重見公民館","大分県杵築市山香町広瀬3119","33.421959","131.527454"
"報国自治公民館","大分県杵築市山香町広瀬3400-2","33.432525","131.532506"
"東山香こども園","大分県杵築市山香町広瀬349-1","33.438421","131.520111"
"南部公民館","大分県杵築市山香町広瀬3718-1","33.430059","131.523309"
"大和公民館","大分県杵築市山香町広瀬4589-2","33.43913","131.514157"
"市営東山香体育館","大分県杵築市山香町広瀬512","33.441642","131.521537"
"市営山浦体育館","大分県杵築市山香町山浦2508","33.458486","131.441025"
"浦篠集会所","大分県杵築市山香町山浦2660-3","33.456349","131.441423"
"下山八幡社","大分県杵築市山香町山浦4153","33.440034","131.460447"
"石河野公民館","大分県杵築市山香町山浦4450","33.444286","131.459165"
"山口自治公民館","大分県杵築市山香町小武102-2","33.452561","131.522996"
"上畑公民館","大分県杵築市山香町小武2550-1","33.460072","131.546598"
"小武公民館","大分県杵築市山香町小武688","33.448833","131.532041"
"又井公民館","大分県杵築市山香町倉成3049-2","33.457459","131.503044"
"個人宅農業用倉庫","大分県杵築市山香町大字下2977","33.481093","131.507057"
"吉野渡公民館","大分県杵築市山香町大字吉野渡923-2","33.459404","131.461257"
"西畑部公民館","大分県杵築市山香町大字久木野211-39","33.424312","131.433563"
"上村の郷","大分県杵築市山香町大字久木野尾3729-1","33.423217","131.442073"
"個人宅","大分県杵築市山香町大字広瀬2858-10","33.412474","131.512241"
"個人宅倉庫","大分県杵築市山香町大字山浦1468-1","33.468794","131.439712"
"山浦地区コミュニティセンター","大分県杵築市山香町大字山浦2508","33.458048","131.441082"
"東部公民館","大分県杵築市山香町大字山浦5029-2","33.459278","131.45614"
"下市公民館","大分県杵築市山香町大字内河野2589-12","33.452861","131.501548"
"恒道公民館","大分県杵築市山香町大字野原1714","33.447959","131.511012"
"樋掛公民館","大分県杵築市山香町大字野原3645-1","33.43436","131.499865"
"上市公民館","大分県杵築市山香町内河野1819-4","33.453924","131.494807"
"小谷公民館","大分県杵築市山香町内河野2344","33.450998","131.49648"
"山香小学校体育館","大分県杵築市山香町内河野2500-1","33.450141","131.500723"
"園の木御堂館","大分県杵築市山香町日指315-22","33.432361","131.442385"
"山香農村環境改善センター","大分県杵築市山香町野原1405-3","33.44281","131.505713"
"野原自治公民館","大分県杵築市山香町野原1421-11","33.443701","131.505934"
"太陽の家　広寿苑","大分県杵築市山香町野原1662-1","33.446274","131.506823"
"八幡森自治公民館","大分県杵築市山香町野原2300-3","33.442224","131.51234"
"福林自治公民館","大分県杵築市山香町野原2453","33.436945","131.505713"
"小野尾公民館","大分県杵築市山香町野原2869-2","33.433426","131.510208"
"津山自治公民館","大分県杵築市山香町野原4662-542","33.426189","131.501131"
"貫井自治公民館","大分県杵築市山香町野原656","33.440667","131.496002"
"山香中学校体育館","大分県杵築市山香町野原700-5","33.443588","131.497173"
"駅通公民館","大分県杵築市山香町立石1263-10","33.481664","131.476819"
"長上公民館","大分県杵築市山香町立石1405-2","33.485955","131.480655"
"市営立石体育館","大分県杵築市山香町立石2457","33.484087","131.47285"
"立石地区コミュニティセンター","大分県杵築市山香町立石2464","33.48416","131.472202"
"尾払公民館","大分県杵築市大字横城162","33.441081","131.686233"
"鴨川区コミュニティセンター","大分県杵築市大字鴨川1212-1","33.43656","131.604349"
"個人宅跡地","大分県杵築市大字鴨川1482","33.433279","131.60744"
"大鴨川公民館","大分県杵築市大字鴨川310-4","33.444306","131.610241"
"勤労者体育センター","大分県杵築市大字杵築1-4","33.416828","131.624247"
"祇園神社","大分県杵築市大字杵築1162","33.419098","131.612873"
"杵築コミュニティセンター","大分県杵築市大字杵築1166-4","33.419302","131.612682"
"守末公民館","大分県杵築市大字杵築1411","33.422142","131.608711"
"城山公園","大分県杵築市大字杵築16","33.415673","131.62663"
"城山公園内　宝生","大分県杵築市大字杵築16-1","33.41496","131.627328"
"杵築小学校体育館","大分県杵築市大字杵築216","33.417748","131.62079"
"杵築小学校　運動場","大分県杵築市大字杵築216","33.417526","131.621905"
"杵築幼稚園","大分県杵築市大字杵築242-1","33.417475","131.619636"
"古野区集会所","大分県杵築市大字杵築902-2","33.420488","131.614947"
"若宮八幡社社務所","大分県杵築市大字宮司336","33.428045","131.610153"
"若宮ゲートボール場","大分県杵築市大字宮司379-1","33.426479","131.612293"
"宮司公民館","大分県杵築市大字宮司379-1","33.427051","131.612073"
"梶ヶ浜高台Ｂ","大分県杵築市大字熊野1014-19","33.383687","131.642319"
"心助園","大分県杵築市大字熊野1427-1","33.391069","131.633494"
"原北活性化センター","大分県杵築市大字熊野1659-3","33.394689","131.628789"
"原北活性化センター　横広場","大分県杵築市大字熊野1659-3","33.394839","131.628775"
"原南構造改善センター","大分県杵築市大字熊野2792-36","33.38205","131.626582"
"加貫公民館","大分県杵築市大字熊野303-1","33.376939","131.638745"
"個人宅","大分県杵築市大字熊野4004-18","33.374708","131.616855"
"個人宅","大分県杵築市大字熊野4132-7","33.379116","131.616603"
"加貫高台Ａ","大分県杵築市大字熊野541-1","33.377658","131.640453"
"梶ヶ浜高台Ａ","大分県杵築市大字熊野624-15","33.378141","131.641373"
"加貫高台Ｂ","大分県杵築市大字熊野83-1","33.376484","131.635425"
"梶ヶ浜コミュニティセンター","大分県杵築市大字熊野854-2","33.38278","131.640828"
"梶ヶ浜高台Ｃ","大分県杵築市大字熊野854-20","33.384148","131.639694"
"西溝井地区集落センター","大分県杵築市大字溝井2733","33.435836","131.583834"
"二ノ坂多目的集会所","大分県杵築市大字溝井4516-12","33.436342","131.577634"
"北杵築小学校体育館","大分県杵築市大字溝井454","33.440659","131.594122"
"北杵築地区コミュニティセンター","大分県杵築市大字溝井795-1","33.440864","131.589033"
"美濃山公民館　前広場","大分県杵築市大字守江1014-6","33.413493","131.683186"
"美濃山公民館","大分県杵築市大字守江1014-6","33.413493","131.683186"
"デンケン","大分県杵築市大字守江1300-1","33.420296","131.670284"
"上の台ＮＴＴアンテナ下高台","大分県杵築市大字守江1466-2","33.42208","131.665866"
"上の台ゴミ集積場前広場","大分県杵築市大字守江1692-4","33.424874","131.665626"
"守江稲荷山","大分県杵築市大字守江1943","33.42509","131.661027"
"池の頭公民館","大分県杵築市大字守江2212-7","33.432182","131.659382"
"個人敷地高台","大分県杵築市大字守江2804","33.425263","131.657096"
"丘野辺公民館　前広場","大分県杵築市大字守江700","33.421774","131.673709"
"狩宿中部東公民館","大分県杵築市大字狩宿1190-4","33.421295","131.70363"
"亀井電気工事　前広場","大分県杵築市大字狩宿1282-1","33.419354","131.698872"
"狩宿東部集会所","大分県杵築市大字狩宿1563-1","33.410671","131.701444"
"狩宿東部集会場広場","大分県杵築市大字狩宿1563-1","33.410662","131.701465"
"美濃崎漁村センター","大分県杵築市大字狩宿1732-17","33.407017","131.695592"
"狩宿南部公民館","大分県杵築市大字狩宿1761-2","33.407815","131.694549"
"狩宿南部公民館　前広場","大分県杵築市大字狩宿1761-2","33.407703","131.694536"
"狩宿中部西公民館","大分県杵築市大字狩宿2165-1","33.417129","131.686366"
"山神社　前広場","大分県杵築市大字狩宿2491","33.421781","131.692295"
"山神社","大分県杵築市大字狩宿2491","33.42173","131.692221"
"狩宿北部上公民館","大分県杵築市大字狩宿678","33.425219","131.694844"
"（株）トアルソン前広場","大分県杵築市大字狩宿81-2","33.420716","131.684577"
"中津屋公民館","大分県杵築市大字船部2752-1","33.450111","131.60341"
"船部活性化センター","大分県杵築市大字船部789","33.450645","131.574451"
"相原公民館","大分県杵築市大字相原189-1","33.39303","131.581389"
"相原グラウンド集会所","大分県杵築市大字相原280-1","33.39703","131.58103"
"出原公民館","大分県杵築市大字相原570-73","33.401728","131.581248"
"相原集会所","大分県杵築市大字相原734-101","33.398055","131.577381"
"鹿倉公民館　前広場","大分県杵築市大字相原947","33.406127","131.571777"
"鹿倉公民館","大分県杵築市大字相原947","33.406233","131.571671"
"三楽園デイサービスセンター","大分県杵築市大字大内121-2","33.439143","131.647054"
"新興公民館","大分県杵築市大字大内1840","33.433581","131.628805"
"新興公民館　前広場","大分県杵築市大字大内1840","33.43372","131.628882"
"藤ノ川コミュニティセンター","大分県杵築市大字大内2346","33.437591","131.638612"
"東大内山高台Ｄ","大分県杵築市大字大内3088","33.42439","131.637929"
"東大内山高台Ｃ","大分県杵築市大字大内3360-22","33.42469","131.636235"
"東大内山高台Ｂ","大分県杵築市大字大内3360-6","33.42512","131.635058"
"東大内山高台Ａ","大分県杵築市大字大内3449","33.426302","131.632919"
"東大内山地区集落センター","大分県杵築市大字大内3600-22","33.426925","131.635328"
"東大内山地区集落センター　前広場","大分県杵築市大字大内3600-22","33.426839","131.635464"
"高山弘法大師","大分県杵築市大字大内3997","33.429337","131.63188"
"西大内山高台","大分県杵築市大字大内4109","33.428639","131.631111"
"個人敷地前広場","大分県杵築市大字大内4279-7","33.427882","131.627506"
"個人宅西方高台","大分県杵築市大字大内4848","33.426554","131.622253"
"明見宮草場公民館　前広場","大分県杵築市大字大内5037","33.429078","131.618907"
"篠原山神社","大分県杵築市大字大内6024","33.43778","131.623972"
"篠原公民館","大分県杵築市大字大内6037-1","33.43831","131.622116"
"三光坊集落センター","大分県杵築市大字大内7089-35","33.447618","131.618272"
"菅尾公民館　前広場","大分県杵築市大字大内7365","33.433242","131.609805"
"菅尾公民館","大分県杵築市大字大内7365","33.43332","131.609825"
"小狭間公民館","大分県杵築市大字大内7722","33.44793","131.635891"
"大片平研修センター","大分県杵築市大字大片平768","33.439501","131.567442"
"元宮八幡宮　前広場","大分県杵築市大字中1223-1","33.410024","131.59113"
"中区公民館","大分県杵築市大字中1715","33.410184","131.593794"
"法林寺　前広場","大分県杵築市大字中484","33.403882","131.583137"
"法林寺","大分県杵築市大字中484","33.403903","131.583045"
"三川高台Ｂ","大分県杵築市大字猪尾1073","33.404294","131.620465"
"三川高台Ａ","大分県杵築市大字猪尾1401","33.404536","131.616901"
"八坂神社　前広場","大分県杵築市大字猪尾1454","33.403131","131.613948"
"個人敷地上高台","大分県杵築市大字猪尾1479","33.403649","131.612871"
"猪尾住宅集会所　前広場","大分県杵築市大字猪尾1526","33.401787","131.610559"
"猪尾住宅集会所","大分県杵築市大字猪尾1526","33.401773","131.610365"
"徳丸医院　駐車場","大分県杵築市大字奈多1242","33.438103","131.708854"
"町の高台","大分県杵築市大字奈多1256-1","33.436809","131.709142"
"中東台高台","大分県杵築市大字奈多1360","33.438617","131.705531"
"報恩寺　前広場","大分県杵築市大字奈多1513","33.436046","131.706324"
"中北台高台","大分県杵築市大字奈多1822","33.439678","131.702811"
"市民の森","大分県杵築市大字奈多194-31","33.425995","131.703126"
"豊洋小学校体育館","大分県杵築市大字奈多231-1","33.428645","131.705394"
"新貝高台","大分県杵築市大字奈多2621-1","33.441254","131.706921"
"個人宅","大分県杵築市大字奈多3231-1","33.444298","131.712146"
"地蔵寺高台","大分県杵築市大字奈多417-1","33.433084","131.703062"
"谷川高台","大分県杵築市大字奈多736-2","33.434548","131.704914"
"菊本公民館　前広場","大分県杵築市大字南杵築1367","33.412366","131.60923"
"妙経寺","大分県杵築市大字南杵築1539","33.413213","131.613778"
"東下司区民広場","大分県杵築市大字南杵築1581-1","33.414695","131.61227"
"お茶坂上高台広場","大分県杵築市大字南杵築174","33.413384","131.618369"
"宗近公民館","大分県杵築市大字南杵築1837","33.415267","131.606951"
"きつき城下町資料館　駐車場","大分県杵築市大字南杵築193-1","33.415636","131.619674"
"宗近中学校　運動場","大分県杵築市大字南杵築2063","33.415781","131.606655"
"宗近中学校体育館","大分県杵築市大字南杵築2063","33.415644","131.60725"
"中平公民館","大分県杵築市大字南杵築2545","33.422132","131.599934"
"玄昌寺","大分県杵築市大字南杵築255-1","33.416787","131.615569"
"杵築カトリック教会","大分県杵築市大字南杵築257-1","33.416171","131.615369"
"天満児童公園","大分県杵築市大字南杵築261-1","33.416447","131.615436"
"中ノ原公民館","大分県杵築市大字南杵築2820-56","33.425721","131.588506"
"杵築市商工会館","大分県杵築市大字南杵築308","33.417179","131.613295"
"杵築市隣保館","大分県杵築市大字南杵築338-1","33.415605","131.613772"
"養徳寺","大分県杵築市大字南杵築368-1","33.415669","131.614624"
"妙徳寺","大分県杵築市大字南杵築372","33.414873","131.614766"
"安住寺","大分県杵築市大字南杵築379","33.414433","131.615305"
"安住寺　広場","大分県杵築市大字南杵築379","33.414411","131.615299"
"長昌寺","大分県杵築市大字南杵築380","33.413749","131.615202"
"東下司公民館","大分県杵築市大字南杵築391","33.414502","131.61393"
"貴布弥神社　広場","大分県杵築市大字南杵築391","33.414552","131.614063"
"西下司公民館","大分県杵築市大字南杵築671","33.412515","131.611027"
"今宮新池広場","大分県杵築市大字日野1168-3","33.399041","131.600909"
"天神社　前広場","大分県杵築市大字日野1425-1","33.40295","131.595997"
"天神社","大分県杵築市大字日野1426","33.402919","131.596043"
"新庄ライスセンター　前広場","大分県杵築市大字日野1641-1","33.403153","131.590878"
"ライスセンター","大分県杵築市大字日野1641-1","33.403179","131.5907"
"特別擁護老人ホーム　菩提樹","大分県杵築市大字日野1921-15","33.394084","131.596906"
"障がい者支援施設　白萩園","大分県杵築市大字日野1921-15","33.393894","131.597372"
"産霊社　前広場","大分県杵築市大字日野711-2","33.404449","131.605038"
"産霊社","大分県杵築市大字日野711-2","33.404545","131.60505"
"馬場尾公民館","大分県杵築市大字馬場尾75","33.423139","131.603365"
"八坂地区コミュニティセンター","大分県杵築市大字八坂1941-1","33.411298","131.577401"
"八坂地区コミュニティセンター広場","大分県杵築市大字八坂1941-1","33.411298","131.577401"
"平尾台住宅集会所","大分県杵築市大字八坂2248-3","33.41476","131.580271"
"友清区公民館","大分県杵築市大字八坂2765-1","33.411366","131.587232"
"八坂小学校体育館","大分県杵築市大字八坂2782-1","33.411893","131.586056"
"八坂小学校　運動場","大分県杵築市大字八坂2782-1","33.411741","131.586747"
"山中公民館","大分県杵築市大字八坂342-2","33.42697","131.555457"
"大龍寺","大分県杵築市大字八坂358-2","33.426803","131.558373"
"夫婦池旧道入口","大分県杵築市大字片野1078-1","33.399936","131.630902"
"東幼稚園","大分県杵築市大字片野1124","33.403395","131.629312"
"東小学校　３階","大分県杵築市大字片野1129-2","33.402872","131.630155"
"高須御堂","大分県杵築市大字片野1218","33.403193","131.633601"
"大阪ビル管理駐車場","大分県杵築市大字片野1666","33.402241","131.626317"
"上本庄構造改善センター","大分県杵築市大字本庄1272-1","33.415929","131.589111"
"上本庄構造改善センター　前広場","大分県杵築市大字本庄1272-1","33.416029","131.589143"
"杵築高校　運動場","大分県杵築市大字本庄2379","33.419852","131.602844"
"杵築高校体育館","大分県杵築市大字本庄2379","33.42028","131.601901"
"下本庄公民館","大分県杵築市大字本庄615","33.420824","131.596744"
"下本庄公民館　前広場","大分県杵築市大字本庄615","33.420699","131.596629"
"永松生活改善センター","大分県杵築市大田永松915-4","33.516111","131.560972"
"市営田原体育館","大分県杵築市大田沓掛10-1","33.50862","131.553792"
"上沓掛農業支援センター","大分県杵築市大田沓掛1412-2","33.50664","131.552567"
"小野営農組合倉庫","大分県杵築市大田小野2173","33.541413","131.570416"
"すずめの楽校","大分県杵築市大田小野860","33.536857","131.564211"
"杵築市役所大田庁舎","大分県杵築市大田石丸445-1","33.495553","131.557297"
"鷂神社","大分県杵築市大田波多方2823","33.47998","131.564432"
"下波多方公民館","大分県杵築市大田波多方3733-1","33.483155","131.568476"
"筌口老人憩いの家","大分県杵築市大田波多方4613-2","33.500769","131.575445"
"東俣水地区集会所","大分県杵築市大田俣水1458-1","33.488381","131.596385"
"北俣水生活改善センター","大分県杵築市大田俣水2166-1","33.503679","131.588513"
"西俣水生活改善センター","大分県杵築市大田俣水3394","33.487536","131.590408"
"市営朝田体育館","大分県杵築市大田俣水3861-1","33.482287","131.58458"
"南山田地区体育館","大分県九重町大字引治1230","33.217152","131.173461"
"南山田ふれあい交流センター","大分県九重町大字引治1230-1","33.217365","131.173951"
"ここのえみつばこども園","大分県九重町大字引治508-1","33.230589","131.18008"
"隣保館","大分県九重町大字右田3088-2","33.253864","131.174545"
"野上ふれあい交流センター","大分県九重町大字右田740-52","33.227022","131.206717"
"東飯田小学校体育館","大分県九重町大字恵良938","33.258307","131.179409"
"東飯田地区体育館","大分県九重町大字恵良941","33.258944","131.180718"
"東飯田ふれあい交流センター","大分県九重町大字恵良945-1","33.258598","131.180968"
"保健福祉センター","大分県九重町大字後野上17-1","33.227688","131.190738"
"ここのえ緑陽中学校小体育館","大分県九重町大字後野上17-3","33.227692","131.191913"
"九重文化センター","大分県九重町大字後野上17-4","33.22776","131.188796"
"九重町役場","大分県九重町大字後野上8-1","33.228532","131.188805"
"淮園小学校体育館","大分県九重町大字菅原1274","33.193493","131.158847"
"南山田小学校体育館","大分県九重町大字町田609","33.220299","131.173199"
"飯田小学校体育館","大分県九重町大字田野1617","33.159595","131.22225"
"飯田ふれあい交流センター","大分県九重町大字田野1624-123","33.15794","131.220454"
"飯田地区体育館","大分県九重町大字田野1624-26","33.157214","131.220744"
"ここのえ飯田こども園","大分県九重町大字田野1624-9","33.156998","131.220965"
"泉水コミュニティーセンター","大分県九重町大字田野204-1","33.130546","131.205251"
"野上地区体育館","大分県九重町大字野上1322-1","33.228218","131.212025"
"野上小学校体育館","大分県九重町大字野上17-1","33.225336","131.201655"
"野矢小学校体育館","大分県九重町大字野上3460","33.239209","131.263036"
"くすまちメルサンホール","大分県玖珠町大字岩室24-1","33.282184","131.160233"
"古後小学校","大分県玖珠町大字古後1611-1","33.36587","131.093614"
"北山田小学校","大分県玖珠町大字戸畑2861","33.285056","131.095178"
"北山田自治会館","大分県玖珠町大字戸畑6520-7","33.280794","131.098569"
"春日小学校","大分県玖珠町大字山浦2196","33.236703","131.090783"
"春日小学校　グラウンド","大分県玖珠町大字山浦2196","33.23635","131.090577"
"杉河内小学校　グラウンド","大分県玖珠町大字山浦835-1","33.259344","131.070103"
"町民グラウンド","大分県玖珠町大字山田328-1","33.275964","131.14767"
"玖珠町総合運動公園","大分県玖珠町大字山田90","33.279866","131.142916"
"大野原公民館前広場","大分県玖珠町大字四日市1664-2","33.299075","131.100395"
"小田小学校　グラウンド","大分県玖珠町大字小田1027-1","33.27074","131.121765"
"森中央小学校　グラウンド","大分県玖珠町大字森1-1","33.293395","131.159391"
"三島公園","大分県玖珠町大字森858","33.303736","131.158484"
"三島公園　グラウンド","大分県玖珠町大字森868-1","33.302978","131.158385"
"わらべの館","大分県玖珠町大字森868-2","33.302758","131.15878"
"八幡小学校","大分県玖珠町大字太田1462","33.312196","131.138663"
"塚脇小学校","大分県玖珠町大字塚脇198","33.274507","131.150274"
"塚脇街区公園","大分県玖珠町大字塚脇285-1","33.275869","131.153186"
"玖珠自治会館","大分県玖珠町大字塚脇462-1","33.275549","131.154072"
"日出生南部地区コミュニティセンター","大分県玖珠町大字日出生1666-145","33.326283","131.282902"
"日出生小学校・中学校　グラウンド","大分県玖珠町大字日出生1926-2","33.341476","131.25339"
"日出生北部地区コミュニティセンター","大分県玖珠町大字日出生1926-5","33.342167","131.253417"
"旧森中学校　グラウンド","大分県玖珠町大字帆足2243-1","33.2917","131.154735"
"西小川区コミュニティセンター","大分県国東市安岐町847","33.470966","131.691954"
"京製メック駐車場","大分県国東市安岐町塩屋1111","33.450299","131.717512"
"１５区公民館","大分県国東市安岐町塩屋1599-2","33.454659","131.721168"
"荒巻高台","大分県国東市安岐町塩屋1951","33.456525","131.707544"
"１３区公民館","大分県国東市安岐町塩屋652","33.453067","131.715152"
"１４区公民館","大分県国東市安岐町塩屋844-2","33.452334","131.720149"
"下原西区コミュニティセンター","大分県国東市安岐町下原1530-1","33.468985","131.71655"
"原口住宅","大分県国東市安岐町下原1918","33.466329","131.716655"
"５区公民館","大分県国東市安岐町下原1973-1","33.465172","131.717309"
"安岐小学校","大分県国東市安岐町下原2071","33.468049","131.720297"
"安岐小学校　体育館","大分県国東市安岐町下原2072","33.466816","131.719729"
"９区公民館","大分県国東市安岐町下原2169-2","33.464902","131.721498"
"千人塚","大分県国東市安岐町下原2191","33.465549","131.723067"
"６区公民館","大分県国東市安岐町下原2582-2","33.465431","131.719415"
"１１区公民館","大分県国東市安岐町下原3066","33.465865","131.725375"
"１９区公民館","大分県国東市安岐町下原463-42","33.472371","131.722029"
"１８区公民館","大分県国東市安岐町下原72-28","33.477922","131.728038"
"安岐体育館","大分県国東市安岐町下原750","33.472744","131.730174"
"楓江住宅集会所","大分県国東市安岐町下原993","33.473356","131.72388"
"南安岐地区公民館","大分県国東市安岐町下山口539","33.457379","131.685419"
"小野地区公民館","大分県国東市安岐町掛樋466-1","33.476415","131.66654"
"掛樋公民館","大分県国東市安岐町掛樋799","33.477081","131.655387"
"七郎農事研修集会所","大分県国東市安岐町吉松1365-4","33.498254","131.667027"
"吉松本谷集落センター","大分県国東市安岐町吉松2451-1","33.48778","131.68658"
"一ノ瀬生活改善センター","大分県国東市安岐町吉松335-4","33.477062","131.688836"
"美農辺公民館","大分県国東市安岐町吉松3410-87","33.482751","131.701622"
"橋上研修センター","大分県国東市安岐町山浦1758-1","33.469449","131.623282"
"山浦八幡社","大分県国東市安岐町山浦999","33.476596","131.638777"
"阿弥陀堂","大分県国東市安岐町山口","33.46194","131.633311"
"浄泉寺","大分県国東市安岐町山口","33.463965","131.631652"
"下組集会所","大分県国東市安岐町山口","33.463012","131.631769"
"本村陰平集会所","大分県国東市安岐町山口1102-2","33.457252","131.672341"
"山口集落交流センター","大分県国東市安岐町山口1960","33.46062","131.670369"
"馬渡農事集会所","大分県国東市安岐町山口3629-1","33.460673","131.637313"
"糸永生活改善センター","大分県国東市安岐町糸永1762-1","33.500536","131.6371"
"瀬戸田上公民館","大分県国東市安岐町瀬戸田1152-1","33.47175","131.684692"
"安岐中央公民館体育室","大分県国東市安岐町瀬戸田1300","33.472532","131.680231"
"瀬戸田下公民館","大分県国東市安岐町瀬戸田636-1","33.469868","131.698802"
"東小川多目的ホール","大分県国東市安岐町瀬戸田728","33.469473","131.69467"
"蔦巻集落センター","大分県国東市安岐町成久1296-63","33.46817","131.665232"
"西本剣神社社務所","大分県国東市安岐町西本661","33.4589","131.698233"
"木野地区","大分県国東市安岐町西本697-1","33.45963","131.695713"
"西本区活性化センター","大分県国東市安岐町西本805","33.459119","131.698839"
"志村農業研修集会所","大分県国東市安岐町大添123-6","33.439774","131.652486"
"尾美山集落センター","大分県国東市安岐町大添134-32","33.442986","131.658907"
"大添区公民館","大分県国東市安岐町大添704-2","33.443651","131.670147"
"市役所安岐総合支所","大分県国東市安岐町中園100","33.466529","131.692622"
"弁分生活改善センター","大分県国東市安岐町朝来2904-5","33.500927","131.621354"
"久末農業研修所","大分県国東市安岐町朝来448-3","33.514994","131.612641"
"弘法大師","大分県国東市安岐町馬場1399","33.467449","131.707426"
"上馬場集落センター","大分県国東市安岐町馬場1543","33.467628","131.706665"
"大儀寺","大分県国東市安岐町馬場1735","33.469175","131.705866"
"最廣寺","大分県国東市安岐町馬場564","33.466636","131.7103"
"恒清公民館","大分県国東市安岐町富清1187-3","33.516337","131.631768"
"富永集落センター","大分県国東市安岐町富清3649-1","33.527618","131.628322"
"小俣生活改善センター","大分県国東市安岐町明治2564","33.527649","131.60779"
"中野農業集落センター","大分県国東市安岐町明治4794-1","33.52541","131.605839"
"諸田御田植祭伝承館","大分県国東市安岐町明治487","33.541116","131.597919"
"中ノ川神社","大分県国東市安岐町矢川1098","33.490636","131.604772"
"天堤生活改善センター","大分県国東市安岐町矢川1510-25","33.476759","131.608462"
"矢川公民館","大分県国東市安岐町矢川307","33.495091","131.615403"
"山浦生活改善センター","大分県国東市安岐町矢川831","33.483189","131.621207"
"安部氏宅","大分県国東市安岐町矢川934-4","33.486589","131.61147"
"上油留木集落センター","大分県国東市安岐町油留木2060-1","33.497207","131.655595"
"下油留木集落センター","大分県国東市安岐町油留木3414","33.488649","131.66309"
"両子集落センター","大分県国東市安岐町両子222","33.540832","131.624197"
"天神社裏山","大分県国東市国見町伊美","33.685784","131.592623"
"慈雲寺","大分県国東市国見町伊美1585","33.679688","131.591511"
"稲荷様上","大分県国東市国見町伊美1650","33.681147","131.591797"
"川西　峯地区高台","大分県国東市国見町伊美1759-2","33.683874","131.592067"
"種田公民館","大分県国東市国見町伊美19","33.68743","131.57603"
"国見病院屋上","大分県国東市国見町伊美1971-1","33.685467","131.595724"
"衣笠氏宅前","大分県国東市国見町伊美229","33.677162","131.597665"
"生涯学習センターみんなんかん","大分県国東市国見町伊美2305-1","33.678275","131.594237"
"伊美三区公民館","大分県国東市国見町伊美2405","33.682095","131.59492"
"種田地区高台","大分県国東市国見町伊美243","33.686516","131.578692"
"国見中学校　体育館","大分県国東市国見町伊美2830","33.679621","131.596707"
"金久団地","大分県国東市国見町伊美3100-8","33.674697","131.596431"
"本城地区高台（江原墓所横）","大分県国東市国見町伊美3319","33.679936","131.599012"
"本城集会所","大分県国東市国見町伊美3516","33.682064","131.600648"
"旧国見ユースホステル付近","大分県国東市国見町伊美3750","33.684591","131.604248"
"国見Ｂ＆Ｇ海洋センター","大分県国東市国見町伊美3884","33.679336","131.604491"
"磯崎氏宅","大分県国東市国見町伊美953-3","33.688555","131.59019"
"旧水ヶ元トンネル前","大分県国東市国見町岐部","33.671922","131.623738"
"長瀬トンネル前（下岐部側）","大分県国東市国見町岐部","33.6718","131.632335"
"老人ホームくにみ苑","大分県国東市国見町岐部","33.665607","131.627146"
"岡公民館（岐部）","大分県国東市国見町岐部1210-1","33.65892","131.626841"
"旧熊毛郵便局","大分県国東市国見町岐部1339-6","33.658289","131.630755"
"胎蔵寺","大分県国東市国見町岐部1805","33.666507","131.630165"
"東浜公民館","大分県国東市国見町岐部1890","33.668928","131.629816"
"小江地区高台","大分県国東市国見町岐部2526","33.669585","131.641313"
"小江公民館","大分県国東市国見町岐部2666-3","33.66838","131.642431"
"西浜公民館","大分県国東市国見町岐部276-1","33.667896","131.62567"
"中岐部公民館","大分県国東市国見町岐部3939-5","33.654932","131.628563"
"上岐部公民館","大分県国東市国見町岐部4766-1","33.646303","131.625479"
"城山高台","大分県国東市国見町岐部759","33.664772","131.62568"
"浄隆寺","大分県国東市国見町鬼籠","33.665899","131.56751"
"普門寺","大分県国東市国見町鬼籠1494","33.662684","131.567762"
"円浄寺","大分県国東市国見町鬼籠1785","33.669279","131.567434"
"稲荷社","大分県国東市国見町櫛海","33.671123","131.578701"
"オリーブ園横農道高台","大分県国東市国見町櫛海104","33.672944","131.579488"
"妙光寺東側高台","大分県国東市国見町櫛海132-1","33.671163","131.578415"
"一反田農道高台","大分県国東市国見町櫛海172","33.670605","131.581387"
"おの山道路高台","大分県国東市国見町櫛海2119","33.675653","131.580247"
"国広氏宅への農道高台","大分県国東市国見町櫛海215-1","33.669736","131.580373"
"櫛海公民館","大分県国東市国見町櫛海673-1","33.664782","131.577473"
"山神社","大分県国東市国見町櫛海701-1","33.665604","131.57906"
"櫛来東山２号幹線（東山高台）","大分県国東市国見町櫛来","33.668463","131.608134"
"西山高台","大分県国東市国見町櫛来","33.674209","131.617965"
"下櫛来公民館","大分県国東市国見町櫛来","33.674815","131.618707"
"古櫛トンネル上　旧国道","大分県国東市国見町櫛来","33.676436","131.613008"
"林道　両崎線","大分県国東市国見町櫛来","33.674178","131.619361"
"城山社","大分県国東市国見町櫛来1562","33.661789","131.605987"
"上櫛来公民館","大分県国東市国見町櫛来2885-1","33.660191","131.608546"
"古江公民館","大分県国東市国見町櫛来3706-6","33.674553","131.616899"
"天満社","大分県国東市国見町向田1381","33.645397","131.664999"
"向田高齢者活動促進施設「ふれあい」","大分県国東市国見町向田249","33.648506","131.665669"
"旧向田小学校講堂","大分県国東市国見町向田249","33.648393","131.665709"
"中ノ迫地区高台","大分県国東市国見町向田2570","33.644218","131.672141"
"小迫トンネル付近高台","大分県国東市国見町向田79-4","33.652332","131.671794"
"面木港地区裏山（楠戸トンネル上）","大分県国東市国見町小熊毛","33.673907","131.648696"
"熊毛地区公民館（旧熊毛改善センター）","大分県国東市国見町小熊毛101","33.658492","131.647031"
"西の上バス停","大分県国東市国見町小熊毛2261","33.65543","131.638312"
"小熊毛公民館","大分県国東市国見町小熊毛2658-1","33.655152","131.641183"
"常光寺","大分県国東市国見町小熊毛2679","33.660311","131.645096"
"旧熊毛小学校体育館","大分県国東市国見町小熊毛62-2","33.659966","131.648485"
"清浄光寺","大分県国東市国見町西方寺191","33.64469","131.562547"
"西方寺公民館","大分県国東市国見町西方寺581-4","33.638452","131.564001"
"赤根公民館","大分県国東市国見町赤根1229-2","33.601011","131.584481"
"湯の里「渓泉」","大分県国東市国見町赤根180","33.606542","131.585737"
"千灯公民館","大分県国東市国見町千燈542-2","33.635628","131.589755"
"千灯寺","大分県国東市国見町千燈560-1","33.636856","131.589358"
"内迫地区高台（内迫線内迫大池付近）","大分県国東市国見町大熊毛","33.661825","131.658427"
"藤ノ木トンネル付近","大分県国東市国見町大熊毛","33.654699","131.667606"
"大向６号線","大分県国東市国見町大熊毛","33.658012","131.664457"
"影地区高台（大向１１号幹線）","大分県国東市国見町大熊毛","33.66608","131.658191"
"本谷浜地区高台","大分県国東市国見町大熊毛","33.663647","131.653905"
"日吉社","大分県国東市国見町大熊毛2060","33.654857","131.650282"
"龍潜寺","大分県国東市国見町大熊毛2075","33.65701","131.651838"
"大熊毛公民館","大分県国東市国見町大熊毛241","33.657188","131.64959"
"内迫公民館","大分県国東市国見町大熊毛2556-2","33.664243","131.664192"
"島田地区高台","大分県国東市国見町大熊毛2940-2","33.656793","131.662311"
"島田公民館","大分県国東市国見町大熊毛3514-3","33.656286","131.667204"
"小高島方面高台","大分県国東市国見町竹田津","33.670162","131.556103"
"小野田地区高台","大分県国東市国見町竹田津","33.680779","131.554211"
"大高島地区高台（東山地区高台）","大分県国東市国見町竹田津","33.675502","131.547187"
"コミュニティタクシー「清水２号」上","大分県国東市国見町竹田津","33.676429","131.562575"
"西村地区高台（稲荷神社）","大分県国東市国見町竹田津","33.665446","131.554708"
"岡公民館","大分県国東市国見町竹田津1203-1","33.662724","131.557283"
"大高島公民館","大分県国東市国見町竹田津2674-2","33.676555","131.54531"
"グループホーム「あじさい」","大分県国東市国見町竹田津3589-1","33.666135","131.562562"
"竹田津地区公民館（旧竹田津改善センター）","大分県国東市国見町竹田津3601-1","33.669895","131.564538"
"赤崎社","大分県国東市国見町竹田津3996","33.677372","131.563871"
"浦手公民館","大分県国東市国見町竹田津5119-4","33.67562","131.564651"
"大光寺","大分県国東市国見町竹田津93","33.664836","131.560024"
"東中公民館","大分県国東市国見町中480","33.671116","131.593809"
"国見小学校体育館","大分県国東市国見町中850","33.66799","131.589979"
"西中公民館","大分県国東市国見町中998","33.669495","131.5883"
"新涯公民館","大分県国東市国見町野田2630-2","33.659869","131.589475"
"野田公民館","大分県国東市国見町野田843","33.650049","131.590485"
"安国寺公民館","大分県国東市国東町安国寺1092-1","33.563075","131.72413"
"国東小学校　体育館","大分県国東市国東町安国寺623-2","33.562363","131.729741"
"落合集会所","大分県国東市国東町横手","33.57596","131.670933"
"行入生活改善センター","大分県国東市国東町横手","33.576371","131.669023"
"高良集落センター","大分県国東市国東町横手","33.575672","131.667465"
"横手コミュニティセンター","大分県国東市国東町横手1879","33.576752","131.668903"
"天満社","大分県国東市国東町下成仏554","33.594525","131.650541"
"岩屋公民館","大分県国東市国東町岩屋2211-2","33.563779","131.686512"
"岩戸寺公民館","大分県国東市国東町岩戸寺1717","33.620976","131.626715"
"上国崎地区公民館","大分県国東市国東町見地1253-1","33.591072","131.666639"
"見地公民館","大分県国東市国東町見地1327","33.591322","131.665659"
"原公民館","大分県国東市国東町原2833-1","33.565905","131.707705"
"山吹公民館","大分県国東市国東町原918","33.565442","131.696855"
"旭日小学校","大分県国東市国東町綱井","33.529611","131.72173"
"旭日地区公民館","大分県国東市国東町綱井1025","33.528774","131.726715"
"綱井公民館","大分県国東市国東町綱井1870-1","33.528357","131.725028"
"旭日小学校　体育館","大分県国東市国東町綱井2980","33.528918","131.722455"
"上治郎丸公民館","大分県国東市国東町治郎丸","33.534888","131.727973"
"福田氏宅","大分県国東市国東町治郎丸","33.534337","131.729123"
"梶田谷氏宅","大分県国東市国東町治郎丸","33.53386","131.730268"
"市営ゲートボール場","大分県国東市国東町治郎丸248-1","33.53629","131.733236"
"経蔵寺駐車場","大分県国東市国東町治郎丸595-3","33.535632","131.728198"
"下治郎丸公民館","大分県国東市国東町治郎丸604-4","33.534588","131.728172"
"陰平地区山道","大分県国東市国東町重藤","33.525825","131.72179"
"観音堂","大分県国東市国東町重藤","33.522706","131.724656"
"重藤団地","大分県国東市国東町重藤","33.521563","131.723886"
"バイオ病理研究所","大分県国東市国東町小原","33.549514","131.735198"
"上小原公民館","大分県国東市国東町小原","33.549621","131.736062"
"寺川建設","大分県国東市国東町小原2595","33.545218","131.735673"
"黒津公民館","大分県国東市国東町小原2809","33.543187","131.735756"
"大神宮様","大分県国東市国東町小原594","33.552749","131.724683"
"小原集会所","大分県国東市国東町小原909","33.550664","131.730774"
"勘造地区前農免道路","大分県国東市国東町深江","33.623974","131.682212"
"秋葉社上り口","大分県国東市国東町深江","33.624184","131.67925"
"成仏寺","大分県国東市国東町成仏1140","33.590643","131.627976"
"赤松多目的集会施設","大分県国東市国東町赤松746","33.557607","131.672828"
"桜本宮神社","大分県国東市国東町川原1568","33.572799","131.711692"
"立野構造改善センター","大分県国東市国東町川原301","33.570189","131.698844"
"城川公民館","大分県国東市国東町川原6-2","33.565451","131.694569"
"大恩寺構造改善センター","大分県国東市国東町大恩寺163-1","33.602973","131.667426"
"藁蓑構造改善センター","大分県国東市国東町大恩寺1709","33.607366","131.655407"
"夫婦石公民館","大分県国東市国東町大恩寺2241-6","33.612583","131.631501"
"文殊仙寺","大分県国東市国東町大恩寺2432","33.602482","131.613946"
"中田公民館","大分県国東市国東町中田1996","33.577507","131.685842"
"東光寺","大分県国東市国東町中田579","33.569757","131.692279"
"今在家公民館","大分県国東市国東町鶴川","33.560925","131.738346"
"興導寺公民館","大分県国東市国東町鶴川1378-1","33.559047","131.735664"
"アストくにさき（和室・アグリホール）","大分県国東市国東町鶴川160-2","33.563068","131.731586"
"国東高等学校","大分県国東市国東町鶴川1974","33.556875","131.733071"
"金光教国東教会","大分県国東市国東町鶴川422","33.562348","131.737033"
"今在家上の台","大分県国東市国東町鶴川519-1","33.560925","131.738346"
"国東中学校","大分県国東市国東町田深1385-1","33.575554","131.728593"
"国東中学校　体育館","大分県国東市国東町田深1422","33.575572","131.72835"
"妙見山","大分県国東市国東町東堅来","33.611854","131.694952"
"塩屋公民館","大分県国東市国東町東堅来186","33.613511","131.699402"
"堅来公民館","大分県国東市国東町東堅来2335","33.615865","131.676802"
"クリーンセンター","大分県国東市国東町東堅来616-1","33.618338","131.685584"
"浜陽公民館","大分県国東市国東町浜","33.637397","131.678502"
"恵比寿神社","大分県国東市国東町浜","33.630274","131.694826"
"砂防ダム","大分県国東市国東町浜","33.632894","131.674928"
"浜陰バイパス","大分県国東市国東町浜","33.637118","131.680249"
"来浦地区活性化センター","大分県国東市国東町浜1542","33.628431","131.662236"
"奈良原構造改善センター","大分県国東市国東町浜2590-1","33.631443","131.694339"
"パシフィックブルーゴルフ","大分県国東市国東町浜3005-4","33.629851","131.679011"
"藤原氏宅前","大分県国東市国東町浜3329-110","33.636662","131.684341"
"浜陰公民館","大分県国東市国東町浜3781-3","33.637792","131.67905"
"森光氏宅横","大分県国東市国東町浜4076","33.634764","131.676135"
"中村構造改善センター","大分県国東市国東町浜431","33.630915","131.662836"
"国本氏宅庭","大分県国東市国東町浜5510","33.636421","131.667665"
"巣舟墓地","大分県国東市国東町浜崎","33.593364","131.710575"
"丸山","大分県国東市国東町浜崎","33.588427","131.714429"
"浜崎公民館","大分県国東市国東町浜崎2090-1","33.595773","131.71167"
"寺山公民館","大分県国東市国東町浜崎831-8","33.595939","131.703004"
"立平地区高台","大分県国東市国東町浜陽","33.640003","131.673228"
"泉慶寺","大分県国東市国東町富来","33.604913","131.689229"
"富来区公民館","大分県国東市国東町富来2278","33.604737","131.6865"
"富来地域水源地","大分県国東市国東町富来浦","33.602204","131.702887"
"碇　石","大分県国東市国東町富来浦","33.607324","131.700998"
"羽田新池北側","大分県国東市国東町富来浦","33.604401","131.701187"
"城山","大分県国東市国東町富来浦","33.602323","131.707898"
"柳公民館","大分県国東市国東町富来浦1021-1","33.605518","131.705718"
"富来浦手区公民館","大分県国東市国東町富来浦1416-1","33.603276","131.711115"
"松原公民館","大分県国東市国東町富来浦1851-37","33.599766","131.712853"
"富来地区公民館","大分県国東市国東町富来浦192","33.603647","131.707519"
"ウッドミル","大分県国東市国東町富来浦273-1","33.601651","131.70345"
"富来小学校　体育館","大分県国東市国東町富来浦677-4","33.607994","131.701889"
"中谷氏宅","大分県国東市国東町北江","33.586833","131.704105"
"新栄生活改善センター","大分県国東市国東町北江2461-1","33.582821","131.70653"
"島岡ボデー","大分県国東市国東町北江3126-1","33.583345","131.726308"
"北江公民館","大分県国東市国東町北江3607-1","33.583483","131.730412"
"杝氏宅","大分県国東市国東町北江4368-1","33.579837","131.72942"
"青山氏宅倉庫","大分県国東市国東町北江4402-1","33.579743","131.732258"
"吉木公民館","大分県国東市国東町北江938","33.572113","131.724876"
"旧来浦中学校体育館","大分県国東市国東町来浦","33.631789","131.65875"
"長野生活改善センター","大分県国東市国東町来浦1245","33.629085","131.641656"
"来浦構造改善センター","大分県国東市国東町来浦2733-1","33.631861","131.656163"
"丸小野上公民館","大分県国東市武蔵町丸小野1408-3","33.546696","131.644548"
"丸小野下公民館","大分県国東市武蔵町丸小野1992-1","33.540088","131.658893"
"吉広上公民館","大分県国東市武蔵町吉広","33.522653","131.669613"
"西光寺","大分県国東市武蔵町吉広2556","33.525438","131.658846"
"弘法様","大分県国東市武蔵町吉広278-1","33.521402","131.676692"
"小ケ倉公民館","大分県国東市武蔵町吉広3170-3","33.529367","131.644458"
"楽庭社捧殿","大分県国東市武蔵町吉広978-1","33.523618","131.668813"
"武蔵保健福祉センター","大分県国東市武蔵町古市1086-1","33.502493","131.720106"
"武蔵中央公民館","大分県国東市武蔵町古市1107-1","33.50147","131.720079"
"藤本コミュニティセンター","大分県国東市武蔵町古市248-4","33.503139","131.727911"
"藤本集会所","大分県国東市武蔵町古市400-19","33.504047","131.72937"
"向陽台現地案内所","大分県国東市武蔵町向陽台13-5","33.48039","131.709265"
"三井寺公民館","大分県国東市武蔵町三井寺859-1","33.499395","131.709296"
"消防志和利班詰所","大分県国東市武蔵町志和利","33.504454","131.701977"
"下志和利公民館","大分県国東市武蔵町志和利10","33.504736","131.701465"
"小園公民館","大分県国東市武蔵町志和利1538-1","33.505403","131.675066"
"志和利公民館","大分県国東市武蔵町志和利1789-1","33.501945","131.687539"
"月山団地広場","大分県国東市武蔵町糸原","33.498523","131.714661"
"市場台","大分県国東市武蔵町糸原","33.491861","131.721361"
"港地蔵様","大分県国東市武蔵町糸原","33.497135","131.723306"
"原集会所","大分県国東市武蔵町糸原1287-2","33.493436","131.722102"
"糸原第２公民館","大分県国東市武蔵町糸原1430","33.494626","131.722134"
"無田毘沙門堂","大分県国東市武蔵町糸原1470-1","33.495879","131.722552"
"港・連佛公民館","大分県国東市武蔵町糸原1735","33.495154","131.726592"
"連　佛　館","大分県国東市武蔵町糸原1752-2","33.494805","131.725535"
"荘園山の手公民館","大分県国東市武蔵町糸原3072-7","33.489736","131.727412"
"大海田公民館","大分県国東市武蔵町糸原3282-22","33.486663","131.73099"
"南糸原公民館","大分県国東市武蔵町糸原3344-14","33.48456","131.728271"
"赤禿公民館","大分県国東市武蔵町糸原3815-23","33.483173","131.724462"
"糸原第１公民館","大分県国東市武蔵町糸原430","33.494823","131.72068"
"大上公民館","大分県国東市武蔵町糸原688","33.497503","131.716935"
"西地区公民館","大分県国東市武蔵町手野1082","33.520895","131.684261"
"手野公民館","大分県国東市武蔵町手野1082","33.515761","131.690822"
"小城公民館","大分県国東市武蔵町小城317-1","33.485669","131.710445"
"成吉区コミュニティセンター","大分県国東市武蔵町成吉695-1","33.507912","131.703664"
"志成学園　体育館","大分県国東市武蔵町成吉810","33.507173","131.709871"
"志成学園","大分県国東市武蔵町成吉849","33.507289","131.709974"
"蓮華寺前広場","大分県国東市武蔵町池ノ内","33.514907","131.722766"
"日向裏農道広場","大分県国東市武蔵町池ノ内","33.518946","131.723324"
"影平裏山広場","大分県国東市武蔵町池ノ内","33.516969","131.719102"
"石田農園","大分県国東市武蔵町池ノ内","33.52269","131.702101"
"グリーンヒル集会所","大分県国東市武蔵町池ノ内","33.514134","131.727189"
"浄水場前広場","大分県国東市武蔵町池ノ内","33.519398","131.718367"
"御霊社裏広場","大分県国東市武蔵町池ノ内","33.514143","131.724447"
"蓮華寺","大分県国東市武蔵町池ノ内1708","33.514939","131.722251"
"池ノ内公民館","大分県国東市武蔵町池ノ内404-5","33.516732","131.724365"
"鶏舎跡地","大分県国東市武蔵町内田","33.512608","131.725433"
"地蔵様","大分県国東市武蔵町内田","33.510296","131.723201"
"美郷付近高台","大分県国東市武蔵町内田","33.510455","131.724475"
"武蔵多目的グラウンド","大分県国東市武蔵町内田","33.506433","131.720974"
"農道山神影線","大分県国東市武蔵町内田","33.511816","131.712558"
"裏山","大分県国東市武蔵町内田1634-1","33.510065","131.721545"
"武蔵Ｂ＆Ｇ海洋センター","大分県国東市武蔵町内田2420","33.5066","131.717661"
"内田公民館","大分県国東市武蔵町内田653-3","33.50907","131.720229"
"麻田建設事務所","大分県国東市武蔵町麻田2885-2","33.536966","131.666415"
"すこやか館","大分県国東市武蔵町麻田32-2","33.521975","131.684841"
"麻田下公民館","大分県国東市武蔵町麻田678-1","33.52609","131.682051"
"狭間公民館","大分県国東市武蔵町挾間588-4","33.536395","131.671993"
"新女島区民会館","大分県佐伯市10468-75","32.954716","131.908505"
"花木公民館","大分県佐伯市宇目大字塩見園1752-1","32.856541","131.693287"
"上爪生活改善センター","大分県佐伯市宇目大字塩見園2163","32.859686","131.695706"
"小野公民館","大分県佐伯市宇目大字重岡1601-1","32.826677","131.656911"
"釘戸公民館","大分県佐伯市宇目大字小野市2144-2","32.864392","131.633509"
"小野市集会センター","大分県佐伯市宇目大字小野市2867-1","32.856297","131.630751"
"ふれあいセンター宇目","大分県佐伯市宇目大字小野市3374-1","32.852453","131.629169"
"楢野木公民館","大分県佐伯市宇目大字小野市3425","32.854112","131.630295"
"中津留公民館","大分県佐伯市宇目大字小野市4004-2","32.849578","131.630169"
"岩崎集会センター","大分県佐伯市宇目大字千束2077","32.854673","131.680455"
"宇目緑豊小学校（体育館）","大分県佐伯市宇目大字千束2241","32.857302","131.673809"
"柿木公民館","大分県佐伯市宇目大字千束2899","32.858469","131.682443"
"河尻集会センター","大分県佐伯市宇目大字千束726-1","32.848999","131.650326"
"大原公民館","大分県佐伯市宇目大字大平1666","32.845862","131.718505"
"田原公民館","大分県佐伯市宇目大字南田原212-1","32.84239","131.613534"
"地域包括ケアセンター佐伯の太陽　屋上東側フェンス内、４階南側バルコニー※津波避難ビル","大分県佐伯市駅前1-1-11","32.970058","131.904409"
"サンパーク佐伯駅前レジデンス","大分県佐伯市駅前1-6-34","32.970809","131.904057"
"駅前区民会館","大分県佐伯市駅前2-1-18","32.972849","131.904846"
"ホテル金水苑本館　屋上、４～５階通路※津波避難ビル","大分県佐伯市駅前2-4-13","32.972759","131.903283"
"ホテル金水苑新館　屋上、４～７階通路※津波避難ビル","大分県佐伯市駅前2-4-13","32.973226","131.903733"
"ホテルルートイン佐伯駅前　４～１０階廊下及びバルコニー※津波避難ビル","大分県佐伯市駅前2-6-40","32.971588","131.902614"
"佐伯東地区公民館　（２階集会室）","大分県佐伯市蟹田7-10","32.967675","131.903987"
"葛港公民館","大分県佐伯市葛港3-15","32.977095","131.903388"
"深島集会所","大分県佐伯市蒲江大字蒲江浦3249-38","32.722761","131.928313"
"旧蒲江翔南小学校深島分校","大分県佐伯市蒲江大字蒲江浦3276-3","32.726137","131.926939"
"蒲江振興局","大分県佐伯市蒲江大字蒲江浦373-1","32.800863","131.93593"
"市営鷲谷住宅　４～５階通路※津波避難ビル","大分県佐伯市蒲江大字蒲江浦4415-84","32.80106","131.919665"
"蒲江地域コミュニティセンター","大分県佐伯市蒲江大字蒲江浦4491-59","32.800992","131.92183"
"旧名護屋小学校","大分県佐伯市蒲江大字丸市尾浦496-2","32.792407","131.876396"
"旧西浦小学校（２階学習室及び通路、３階音楽室及び通路）","大分県佐伯市蒲江大字西野浦624","32.822379","131.980681"
"元猿集会所","大分県佐伯市蒲江大字竹野浦河内1853","32.803635","131.966583"
"たかひら展望公園","大分県佐伯市蒲江大字竹野浦河内2156-172","32.810308","131.967602"
"高山集会所","大分県佐伯市蒲江大字竹野浦河内2320-97","32.808838","131.951905"
"蒲江コミュニティセンター河内分館","大分県佐伯市蒲江大字竹野浦河内2331","32.81858","131.963419"
"旧波当津小学校","大分県佐伯市蒲江大字波当津浦928","32.7499","131.8689"
"蒲江Ｂ＆Ｇ海洋センター","大分県佐伯市蒲江大字畑野浦2524-11","32.856869","131.951712"
"蒲江コミュニティセンター上入津分館","大分県佐伯市蒲江大字畑野浦2524-8","32.856302","131.951294"
"野々河内集会所","大分県佐伯市蒲江大字野々河内浦1332","32.813901","131.896027"
"保健福祉総合センター和楽","大分県佐伯市向島1-3-8","32.958322","131.899672"
"向島地区老人の家","大分県佐伯市向島2-4-11","32.955406","131.897044"
"ニュースター春日　屋上、４～８階踊り場及び通路※津波避難ビル","大分県佐伯市春日町6-6","32.975872","131.902649"
"蒲戸地区公民館","大分県佐伯市上浦大字最勝海浦1557","33.056499","131.993611"
"長田公民館","大分県佐伯市上浦大字最勝海浦3740","33.051596","131.956277"
"東雲中学校　体育館","大分県佐伯市上浦大字浅海井浦2","33.045248","131.92566"
"東雲小学校　体育館","大分県佐伯市上浦大字浅海井浦3","33.045966","131.924861"
"浪太公民館","大分県佐伯市上浦大字浅海井浦3569-2","33.029321","131.919464"
"浅海井公民館","大分県佐伯市上浦大字浅海井浦457-2","33.04294","131.92014"
"佐伯市上浦地域福祉センター","大分県佐伯市上浦大字浅海井浦489-10","33.041596","131.92039"
"上浦振興局","大分県佐伯市上浦大字津井浦1400-3","33.053204","131.930595"
"佐伯市上浦活性化センター","大分県佐伯市上浦大字津井浦1460-12","33.051587","131.928235"
"津井地区公民館","大分県佐伯市上浦大字津井浦1460-6","33.052821","131.929737"
"佐伯鶴城高等学校　管理棟屋上、４階視聴覚室、図書館、廊下・教室棟屋上、４階教室、廊下※津波避難ビル","大分県佐伯市城下東町7-1","32.960615","131.895322"
"佐伯市城下町観光交流館","大分県佐伯市城下東町8-19","32.960696","131.893862"
"佐伯城南中学校　屋上、４階通路及び部屋※津波避難ビル","大分県佐伯市城南町17-1","32.954898","131.888564"
"城南町公民館","大分県佐伯市城南町18-35","32.95357","131.889036"
"南海医療センター附属　介護老人保健施設　屋上※津波避難ビル","大分県佐伯市常盤西町12-6","32.965926","131.900901"
"佐伯東小学校　屋上※津波避難ビル","大分県佐伯市常盤西町5-1","32.96481","131.898422"
"佐伯中央病院　６階カンファレンスルーム※津波避難ビル","大分県佐伯市常盤東町6-30","32.965152","131.90236"
"第一交通ビル　屋上、４～７階通路※津波避難ビル","大分県佐伯市常盤南町6-8","32.96273","131.90016"
"常盤公民館","大分県佐伯市常盤南町7-19","32.964206","131.901052"
"片山公民館","大分県佐伯市大字海崎1021-1","32.988143","131.887697"
"海崎駅前地区公民館","大分県佐伯市大字海崎3526-4","32.996465","131.888223"
"大入島コミュニティセンター","大分県佐伯市大字久保浦1059-13","32.998128","131.92301"
"堅田ひなん棟","大分県佐伯市大字堅田2288-1","32.909368","131.876661"
"下堅田小学校　管理・教室・特別教室棟","大分県佐伯市大字堅田5521","32.925115","131.875783"
"下堅田小学校　校舎屋上※津波避難ビル","大分県佐伯市大字堅田5521","32.925087","131.875847"
"年の神公民館","大分県佐伯市大字戸穴1525","33.003285","131.890487"
"折戸区公民館","大分県佐伯市大字戸穴184-8","33.002185","131.891901"
"中の内公民館","大分県佐伯市大字戸穴2009-2","33.008944","131.889003"
"新越公民館","大分県佐伯市大字戸穴2062-1","33.008169","131.892712"
"宇戸区公民館","大分県佐伯市大字戸穴2155-1","33.011743","131.891014"
"大宮公民館","大分県佐伯市大字戸穴249-4","32.997982","131.89368"
"彦陽中学校（屋上、４階廊下及び各教室）","大分県佐伯市大字戸穴2925","33.005003","131.892659"
"八幡小学校（屋上）","大分県佐伯市大字戸穴2942","33.003471","131.891987"
"八幡地域コミュニティセンター","大分県佐伯市大字戸穴646","33.000611","131.889099"
"宮の内公民館","大分県佐伯市大字護江588-11","33.010265","131.900885"
"風無区公民館","大分県佐伯市大字護江912-6","33.016511","131.90866"
"西上浦地域コミュニティセンター","大分県佐伯市大字狩生1557-3","33.013801","131.90446"
"車区公民館","大分県佐伯市大字狩生2039-2","33.017343","131.905187"
"市営城西団地Ｃ棟　３～５階通路※津波避難ビル","大分県佐伯市大字上岡2260","32.965305","131.85982"
"市営城西団地Ｂ棟　２～５階通路※津波避難ビル","大分県佐伯市大字上岡2260","32.965521","131.859176"
"市営城西団地Ａ棟　３～８階通路※津波避難ビル","大分県佐伯市大字上岡2260","32.966052","131.859916"
"谷川地区林業集会センター","大分県佐伯市大字青山2212","32.879601","131.87988"
"黒沢生活改善センター","大分県佐伯市大字青山4740-1","32.86704","131.862725"
"青山地域コミュニティセンター","大分県佐伯市大字青山5463-1","32.883408","131.871912"
"蛇崎公民館","大分県佐伯市大字池田1943-2","32.946558","131.900361"
"佐伯市総合運動公園　弓道場","大分県佐伯市大字長谷2614","32.927581","131.867223"
"佐伯市総合体育館","大分県佐伯市大字長谷2614","32.92641","131.866956"
"グリーンピア大越","大分県佐伯市大字長谷484","32.890989","131.83464"
"上堅田地域コミュニティセンター","大分県佐伯市大字長谷9682-11","32.938152","131.881921"
"津志河内公民館","大分県佐伯市大字長良3808-3","32.930298","131.902928"
"長良苑エンジェル　５階テラス※津波避難ビル","大分県佐伯市大字長良4956-4","32.936031","131.911514"
"長良苑エンジェル","大分県佐伯市大字長良4956-4","32.936009","131.911608"
"上岡第１浄水場　２階部屋※津波避難ビル","大分県佐伯市大字鶴望225","32.9575","131.865753"
"鶴岡地区公民館　３階通路及び部屋※津波避難ビル","大分県佐伯市大字鶴望2525-12","32.963649","131.877233"
"市営野口団地　屋上、４～８階通路※津波避難ビル","大分県佐伯市大字鶴望5158-1","32.969058","131.882694"
"西の平生活改善センター","大分県佐伯市大字木立1390-3","32.919514","131.926105"
"桟敷中区センター","大分県佐伯市大字木立1547-1","32.916834","131.926599"
"木立小学校　体育館","大分県佐伯市大字木立4480","32.920117","131.931625"
"木立小学校　管理・教室・特別教室棟","大分県佐伯市大字木立4480","32.920038","131.930946"
"木立地域コミュニティセンター","大分県佐伯市大字木立890","32.923992","131.929242"
"内町クラブ","大分県佐伯市大手町2-1-31","32.956506","131.895578"
"さいき城山桜ホール","大分県佐伯市大手町2-2-28","32.955962","131.893927"
"ホテル富杵荘　屋上、４階通路※津波避難ビル","大分県佐伯市大手町2-2-5","32.956371","131.895166"
"リバーサイド池船　４階通路※津波避難ビル","大分県佐伯市池船町13-11","32.951352","131.895407"
"桧垣ビル　屋上、４階通路※津波避難ビル","大分県佐伯市池船町14-25","32.951072","131.895268"
"㈱大分銀行　佐伯池船町社宅　４階通路及び踊り場※津波避難ビル","大分県佐伯市池船町14-29","32.950793","131.895708"
"佐伯図書館（視聴覚センター）","大分県佐伯市中の島2-20-33","32.95268","131.898119"
"佐伯税務署（屋上）","大分県佐伯市中村西町3-15","32.96057","131.896445"
"シャングリラ佐伯　屋上、４～１０階通路※津波避難ビル","大分県佐伯市中村東町4-12","32.960858","131.899946"
"まな美（佐伯教育市民ホール）　４～５階通路及び部屋※津波避難ビル","大分県佐伯市中村東町6-9","32.961791","131.899843"
"まな美（佐伯教育市民ホール）","大分県佐伯市中村東町6-9","32.961878","131.899832"
"佐伯市役所　４階～６階通路、６階議場、６０１会議室、執行部控室※津波避難ビル","大分県佐伯市中村南町1-1","32.959771","131.899969"
"佐伯市役所　大会議室","大分県佐伯市中村南町1-1","32.959757","131.900044"
"大分合同新聞社佐伯ビル　屋上※津波避難ビル","大分県佐伯市中村南町3-18","32.958995","131.899828"
"中村クラブ","大分県佐伯市中村北町1496-3","32.961386","131.898856"
"鶴谷中学校　北校舎屋上、４階通路","大分県佐伯市長島町1-1-1","32.962691","131.904433"
"鶴谷中学校　本館屋上","大分県佐伯市長島町1-1-1","32.962224","131.904406"
"鶴谷中学校　特別棟４階通路","大分県佐伯市長島町1-1-1","32.96216","131.903843"
"大分県佐伯総合庁舎　４階テラス、大会議室、５階会議室※津波避難ビル","大分県佐伯市長島町1-2-1","32.964648","131.904463"
"渡町台小学校体育館","大分県佐伯市長島町3-16-1","32.958389","131.90744"
"渡町台小学校　屋上、１～３階通路及び部屋","大分県佐伯市長島町3-16-1","32.958445","131.908554"
"渡町台小学校校舎","大分県佐伯市長島町3-16-1","32.958399","131.907788"
"長島区公民館","大分県佐伯市長島町3-7-30","32.95862","131.90711"
"直川地域コミュニティセンター横川分館","大分県佐伯市直川大字横川1076-3","32.885493","131.738686"
"直川地域コミュニティセンター下直見分館","大分県佐伯市直川大字下直見4383","32.919683","131.800806"
"竹の下老人憩の家","大分県佐伯市直川大字上直見1392-2","32.899374","131.787459"
"中津留老人憩の家","大分県佐伯市直川大字上直見３２０３－１先","32.903603","131.791756"
"直川振興局","大分県佐伯市直川大字赤木105","32.865387","131.790909"
"直川保健センター","大分県佐伯市直川大字赤木106","32.896554","131.77864"
"直川憩の森公園","大分県佐伯市直川大字赤木1253","32.870861","131.784027"
"直川体育館","大分県佐伯市直川大字赤木74-1","32.896032","131.779225"
"直川地域コミュニティセンター","大分県佐伯市直川大字赤木74-1","32.89634","131.779437"
"佐伯市消防本部　多目的ホール","大分県佐伯市鶴岡西町1-223","32.961545","131.864875"
"佐伯市消防本部　屋上※津波避難ビル","大分県佐伯市鶴岡西町1-223","32.961655","131.864878"
"慶’ｓコスモタワービル　屋上、４～７階通路※津波避難ビル","大分県佐伯市鶴岡西町2-210","32.960039","131.865495"
"西田病院　屋上※津波避難ビル","大分県佐伯市鶴岡西町2-266","32.958626","131.864079"
"長門記念病院　屋上、４階廊下及びデイルーム、５階廊下及びデイルーム※津波避難ビル","大分県佐伯市鶴岡町1-11-59","32.958851","131.881572"
"鶴岡小学校　屋上","大分県佐伯市鶴岡町3-7-1","32.960642","131.875025"
"鶴岡小学校　体育館","大分県佐伯市鶴岡町3-7-1","32.960665","131.874333"
"鶴見振興局（ホール）","大分県佐伯市鶴見大字松浦2008-6","32.945144","131.960692"
"鶴見地域コミュニティセンター吹分館","大分県佐伯市鶴見大字吹浦519-3","32.951433","131.941155"
"海上自衛隊佐伯基地分遣隊本部　庁舎屋上、４階フロア※津波避難ビル","大分県佐伯市鶴谷町3-3-37","32.968896","131.914301"
"日の出クラブ","大分県佐伯市日の出町5-10","32.974974","131.904757"
"米水津保健センター（和）","大分県佐伯市米水津大字浦代浦1215","32.921245","131.974825"
"米水津地域コミュニティセンター","大分県佐伯市米水津大字浦代浦1239-2","32.920725","131.975882"
"米水津振興局","大分県佐伯市米水津大字浦代浦1239-2","32.921232","131.975949"
"海辺の村活性化センター","大分県佐伯市米水津大字浦代浦1860-1","32.923355","131.977271"
"宮野浦採石場跡地","大分県佐伯市米水津大字宮野浦1768-21","32.887773","131.991275"
"井ノ上公民館","大分県佐伯市本匠大字井ノ上378-1","32.944721","131.733979"
"本匠振興局","大分県佐伯市本匠大字笠掛2-5","32.952792","131.802294"
"小半公民館","大分県佐伯市本匠大字小半1310-1","32.948133","131.753226"
"本匠地域コミュニティセンター西分館","大分県佐伯市本匠大字堂ノ間1066","32.928355","131.71265"
"堂ノ間地区ふれあいセンター","大分県佐伯市本匠大字堂ノ間309-1","32.930973","131.711912"
"波寄生活改善センター","大分県佐伯市本匠大字波寄2354-10","32.945385","131.785657"
"渡町台地域コミュニティセンター","大分県佐伯市野岡町2-12-14","32.967839","131.909726"
"石丸第２区公民館","大分県佐伯市弥生大字井崎1579-5","32.977222","131.845387"
"石丸第１区公民館","大分県佐伯市弥生大字井崎1792-3","32.977958","131.848002"
"木ノ瀬住宅集会施設","大分県佐伯市弥生大字井崎1798-13","32.978671","131.847844"
"昭和中学校","大分県佐伯市弥生大字井崎781","32.96934","131.842303"
"久保公民館","大分県佐伯市弥生大字江良1048-2","32.938911","131.827692"
"祇園公民館","大分県佐伯市弥生大字江良2005","32.942146","131.831799"
"細田公民館","大分県佐伯市弥生大字細田1158-3","32.958491","131.829892"
"山梨子研修施設","大分県佐伯市弥生大字山梨子1292","32.97042","131.826579"
"宇藤木地区集会施設","大分県佐伯市弥生大字尺間2120-1","33.00831","131.794257"
"尺間地区体育館","大分県佐伯市弥生大字尺間538","32.987817","131.829516"
"尺間第１集会施設","大分県佐伯市弥生大字尺間636-1","32.989671","131.827239"
"床木２地区活動促進施設","大分県佐伯市弥生大字床木2681-1","33.003369","131.8613"
"床木第４生活改善センター","大分県佐伯市弥生大字床木293-2","32.987493","131.861325"
"弥生地域コミュニティセンター","大分県佐伯市弥生大字上小倉1157-2","32.967443","131.839937"
"弥生保健センター","大分県佐伯市弥生大字上小倉1196","32.968795","131.840355"
"弥生老人デイサービスセンター","大分県佐伯市弥生大字上小倉1208","32.969241","131.840733"
"弥生児童館","大分県佐伯市弥生大字上小倉1211","32.968809","131.84091"
"武道場（弥生スポーツ公園）","大分県佐伯市弥生大字上小倉1211","32.968998","131.84113"
"弥生振興局","大分県佐伯市弥生大字上小倉656-1","32.968534","131.837474"
"道の駅やよい","大分県佐伯市弥生大字上小倉898-1","32.964994","131.838738"
"明治小学校　体育館","大分県佐伯市弥生大字大坂本1135","32.981875","131.849016"
"明治小学校（校舎）","大分県佐伯市弥生大字大坂本1136","32.98191","131.84935"
"竹峯切水高齢者活動促進センター","大分県佐伯市弥生大字大坂本598-1","32.981063","131.853557"
"大坂本地区避難施設","大分県佐伯市弥生大字大坂本993-2","32.97936","131.849713"
"切畑小学校　体育館","大分県佐伯市弥生大字門田1328","32.953199","131.838362"
"西の台小学校","大分県大分市にじが丘3-1717-1","33.228329","131.584797"
"ひばりケ丘公民館","大分県大分市ひばりケ丘2-6-1","33.171749","131.63946"
"城南小学校","大分県大分市永興2-5-25","33.215625","131.586701"
"大在小学校","大分県大分市横田1-15-58","33.248385","131.719578"
"大東中学校","大分県大分市横尾東町1-23-1","33.209869","131.675142"
"大分西部公民館","大分県大分市王子新町5-1","33.237214","131.589936"
"生石保育所","大分県大分市王子西町8-11","33.243172","131.588048"
"下郡小学校","大分県大分市下郡北3-17-23","33.228899","131.634091"
"大分中央公民館市民体育館","大分県大分市荷揚町3-45","33.240379","131.60794"
"大在西小学校","大分県大分市角子原1-4-41","33.247474","131.70812"
"金池小学校","大分県大分市金池町3-1-90","33.233965","131.613352"
"Ｊ：ＣＯＭ　ホルトホール大分","大分県大分市金池南町1-5-1","33.23053","131.605997"
"大分西中学校","大分県大分市高崎2-20-1","33.235506","131.578628"
"坂ノ市公民館","大分県大分市坂ノ市西1-10-6","33.228287","131.747363"
"坂ノ市小学校","大分県大分市坂ノ市中央5-8-1","33.23322","131.757038"
"坂ノ市中学校","大分県大分市坂ノ市南2-9-72","33.229164","131.75111"
"三佐小学校","大分県大分市三佐5-6-8","33.252887","131.680294"
"桃園小学校","大分県大分市山津町2-7-1","33.241907","131.669152"
"原川中学校","大分県大分市寺崎町1-10-1","33.247196","131.664035"
"小佐井小学校","大分県大分市小佐井3-1-18","33.223867","131.746812"
"小中島公民館","大分県大分市小中島3-1-37","33.247252","131.696686"
"宗方小学校","大分県大分市松が丘1-24-1","33.205576","131.576825"
"豊府小学校","大分県大分市上田町3-4-1","33.216901","131.603941"
"大分上野丘高等学校","大分県大分市上野丘2-10-1","33.221554","131.611992"
"上野ヶ丘中学校","大分県大分市上野町4-5","33.228724","131.612649"
"大分西高等学校","大分県大分市新春日町2-1-1","33.233502","131.590702"
"浜町保育所","大分県大分市新川西2-3-1","33.248207","131.605553"
"大在公民館","大分県大分市政所1-4-18","33.246694","131.723832"
"春日町小学校","大分県大分市西春日町1-48","33.24022","131.596743"
"舞鶴小学校","大分県大分市西浜2-1","33.246896","131.626403"
"碩田学園","大分県大分市碩田町2-5-60","33.24806","131.612231"
"大在東小学校","大分県大分市大在浜2-18-1","33.241021","131.734749"
"（旧）一尺屋小学校","大分県大分市大字一尺屋2368-1","33.200833","131.858095"
"滝尾小学校","大分県大分市大字羽田515-1","33.213953","131.632738"
"滝尾校区公民館","大分県大分市大字羽田589-1","33.216786","131.628636"
"城南中学校","大分県大分市大字荏隈754-19","33.213087","131.579518"
"鴛野小学校","大分県大分市大字鴛野108-1","33.183948","131.618743"
"横瀬小学校","大分県大分市大字横瀬1109-1","33.185918","131.541587"
"横瀬西小学校","大分県大分市大字横瀬2469","33.190394","131.532086"
"下宗方公民館","大分県大分市大字下宗方1295-1","33.199031","131.589046"
"高田小学校","大分県大分市大字下徳丸38-2","33.211011","131.68987"
"賀来中学校","大分県大分市大字賀来101-3","33.20655","131.559879"
"鶴崎中学校","大分県大分市大字皆春1200-1","33.236722","131.686772"
"稙田東中学校","大分県大分市大字寒田1369-1","33.179979","131.611871"
"寒田小学校","大分県大分市大字寒田684-4","33.184136","131.604635"
"久土公民館","大分県大分市大字久土975-1","33.214391","131.731396"
"宮河内ハイランド公民館","大分県大分市大字宮河内3769-192","33.19011","131.699924"
"川添小学校","大分県大分市大字宮河内4566","33.202081","131.697651"
"森岡小学校","大分県大分市大字曲1041-2","33.205348","131.614644"
"大分南部公民館","大分県大分市大字曲1113","33.202093","131.61215"
"稙田公民館","大分県大分市大字玉沢789","33.188177","131.577491"
"大分市歴史資料館","大分県大分市大字国分960-1","33.195251","131.552897"
"今市健康増進センター","大分県大分市大字今市1099-26","33.107703","131.450489"
"佐賀関小学校","大分県大分市大字佐賀関1104","33.24594","131.874245"
"佐賀関公民館","大分県大分市大字佐賀関1407-27","33.249134","131.872987"
"佐賀関中学校","大分県大分市大字佐賀関2-115-2","33.249323","131.862829"
"ＪＸ金属　関崎みらい海星館","大分県大分市大字佐賀関4057-419","33.26566","131.899361"
"丹生小学校","大分県大分市大字佐野2660-2","33.214911","131.722968"
"細公民館","大分県大分市大字細88-1","33.241554","131.774769"
"（旧）大志生木小学校","大分県大分市大字志生木207-1","33.245552","131.835375"
"明治北小学校","大分県大分市大字小池原428-1","33.233572","131.668023"
"松岡小学校","大分県大分市大字松岡5047","33.181067","131.667632"
"上詰公民館","大分県大分市大字上詰696-8","33.122906","131.478071"
"大塔公民館","大分県大分市大字上戸次3478","33.119833","131.655454"
"判田米良公民館","大分県大分市大字上判田3766-2","33.160469","131.620763"
"学校法人上東学園もりまち幼稚園","大分県大分市大字森町403-2","33.224602","131.676939"
"別保小学校","大分県大分市大字森町963-1","33.227488","131.685549"
"神崎小学校","大分県大分市大字神崎1798","33.254414","131.545132"
"大在中学校","大分県大分市大字政所2602-12","33.234625","131.721874"
"八幡小学校","大分県大分市大字生石82-1","33.242598","131.575763"
"延命寺公民館","大分県大分市大字丹川2440","33.202381","131.706811"
"上戸次小学校","大分県大分市大字端登1792","33.112447","131.652777"
"竹中小学校","大分県大分市大字竹中2821-1","33.13973","131.653453"
"竹中中学校","大分県大分市大字竹中3621","33.133715","131.650154"
"（旧）野津原中部小学校","大分県大分市大字竹矢2108-1","33.146321","131.50999"
"大南公民館","大分県大分市大字中戸次4491-2","33.156693","131.658901"
"賀来公民館","大分県大分市大字中尾495-1","33.204198","131.558136"
"明治小学校","大分県大分市大字猪野74","33.218472","131.66569"
"森岡校区公民館","大分県大分市大字津守307","33.210912","131.619698"
"吉野小学校","大分県大分市大字辻654","33.113954","131.693496"
"吉野中学校","大分県大分市大字辻812","33.111137","131.693856"
"稙田西中学校","大分県大分市大字田原378","33.190592","131.559842"
"田尻小学校","大分県大分市大字田尻1250","33.178295","131.590231"
"東稙田小学校","大分県大分市大字田尻499-1","33.187665","131.596513"
"陽光台公民館","大分県大分市大字迫9-44","33.222327","131.700993"
"こうざき小学校","大分県大分市大字本神崎945-2","33.239466","131.798751"
"稙田小学校","大分県大分市大字木ノ上433-1","33.183624","131.563688"
"（旧）木佐上小学校","大分県大分市大字木佐上817","33.217395","131.796907"
"野津原小学校","大分県大分市大字野津原1774-1","33.165017","131.530037"
"野津原公民館","大分県大分市大字野津原2885","33.159323","131.524508"
"野津原中学校","大分県大分市大字野津原2978-13","33.15498","131.52309"
"大道小学校","大分県大分市大道町2-9-57","33.23318","131.600118"
"（旧）中島小学校","大分県大分市中島西2-1-52","33.243571","131.607848"
"長浜小学校","大分県大分市長浜町2-6-25","33.236664","131.618603"
"津留小学校","大分県大分市東津留1-4-1","33.24074","131.630223"
"鶴崎公民館","大分県大分市東鶴崎1-1-7","33.241259","131.695549"
"王子中学校","大分県大分市南春日町6-1","33.236061","131.594872"
"鶴崎小学校","大分県大分市南鶴崎3-3-1","33.239338","131.691678"
"南大分小学校","大分県大分市二又町2-4-1","33.2147","131.593925"
"日岡小学校","大分県大分市日岡2-2-1","33.24965","131.658998"
"大分東部公民館","大分県大分市日吉町3-1","33.245532","131.650457"
"東大分小学校","大分県大分市萩原1-10-30","33.243984","131.640093"
"判田小学校","大分県大分市判田台東1-2-1","33.164281","131.636864"
"大分南高等学校","大分県大分市判田台南1-1-1","33.159056","131.630407"
"判田中学校","大分県大分市判田台北1-1-1","33.166148","131.633677"
"コンパルホール","大分県大分市府内町1-5-38","33.235361","131.610873"
"敷戸小学校","大分県大分市敷戸北町12-1","33.190915","131.622364"
"南大分体育館","大分県大分市豊饒1-1-1","33.208921","131.600748"
"南大分公民館","大分県大分市豊饒3-9-26","33.207467","131.592677"
"城東中学校","大分県大分市牧上町14-19","33.238829","131.644921"
"明野東小学校","大分県大分市明野東3-2-1","33.21847","131.657356"
"明野西小学校","大分県大分市明野南2-6-1","33.221993","131.646686"
"明野中学校","大分県大分市明野南3-7-1","33.218375","131.650935"
"明野北小学校","大分県大分市明野北4-10-1","33.230438","131.65543"
"明治明野公民館","大分県大分市明野北4-7-8","33.228693","131.658124"
"和光こども園","大分県大分市里2-1-23","33.234932","131.742113"
"小倉多目的集会所","大分県竹田市久住町大字栢木1480-2","33.039613","131.315398"
"柚木自治会集会所","大分県竹田市久住町大字栢木1721-4","33.04584","131.32668"
"峰越改善センター","大分県竹田市久住町大字栢木2836","33.033076","131.329918"
"東部生活改善センター","大分県竹田市久住町大字栢木4351","33.036042","131.350939"
"栢木センター","大分県竹田市久住町大字栢木4855","33.053828","131.344062"
"千人塚集会所","大分県竹田市久住町大字栢木6109-25","33.058535","131.332155"
"冷川公民館","大分県竹田市久住町大字栢木6314","33.057629","131.341821"
"塔立センター","大分県竹田市久住町大字栢木859-2","33.026598","131.322253"
"平木公民館","大分県竹田市久住町大字久住3174-5","33.03401","131.280275"
"建宮生活センター","大分県竹田市久住町大字久住3484-1","33.02447","131.290501"
"境川改善センター","大分県竹田市久住町大字久住488-3","33.034948","131.306026"
"新町公民館","大分県竹田市久住町大字久住6421","33.022276","131.297628"
"青柳公民館","大分県竹田市久住町大字久住920-3","33.045051","131.300097"
"巣原自治館","大分県竹田市久住町大字白丹212","33.000034","131.294912"
"白丹町公民館","大分県竹田市久住町大字白丹4725-2","33.000492","131.283358"
"小路改善センター","大分県竹田市久住町大字白丹5457","33.004206","131.274947"
"南稲葉改善センター","大分県竹田市久住町大字白丹6506-1","32.99879","131.253875"
"宮処野会館","大分県竹田市久住町大字仏原1805","33.074252","131.337865"
"石原生活改善センター","大分県竹田市久住町大字有氏1242-1","33.054927","131.30067"
"塔の原集会所","大分県竹田市久住町大字有氏3207-2","33.074892","131.321575"
"有氏公民館","大分県竹田市久住町大字有氏4638","33.07302","131.332622"
"下深迫地区集会所","大分県竹田市大字下坂田1204-1","32.993273","131.329309"
"下坂田西集会所","大分県竹田市大字下坂田253-1","32.983957","131.327891"
"下坂田東集会所","大分県竹田市大字下坂田618-2","32.987817","131.33114"
"ニュータウン七里コミュニティセンター","大分県竹田市大字会々1861-91","32.976046","131.399648"
"上下木集会所","大分県竹田市大字会々2359","32.970263","131.388492"
"赤坂公民館","大分県竹田市大字会々2694-1","32.972938","131.38973"
"一本木公民館","大分県竹田市大字会々3291-4","32.974511","131.383862"
"鹿口公民館","大分県竹田市大字会々3864-1","32.976022","131.377888"
"刈小野公民館","大分県竹田市大字刈小野1390","32.989666","131.286452"
"刈小野コミュニティセンター","大分県竹田市大字刈小野617-1","32.989401","131.297213"
"大正公民館","大分県竹田市大字吉田672-4","32.942831","131.372835"
"三本松公民館","大分県竹田市大字久保1277-3","32.98305","131.268659"
"久保公民館","大分県竹田市大字久保697","32.97413","131.28535"
"田原集会所","大分県竹田市大字九重野1963","32.882331","131.316558"
"小川公民館","大分県竹田市大字九重野3771-1","32.886284","131.3015"
"紺屋公民館","大分県竹田市大字九重野425","32.876019","131.323078"
"百木公民館","大分県竹田市大字九重野4354-5","32.884514","131.292595"
"松本分館","大分県竹田市大字穴井迫662-1","32.952151","131.35785"
"古園公民館","大分県竹田市大字古園441-2","32.997244","131.307733"
"戸上公民館","大分県竹田市大字戸上725-2","32.95197","131.314913"
"向山田公民館","大分県竹田市大字向山田704-7","32.958754","131.329129"
"森屋集会所","大分県竹田市大字高伏1029-3","33.010691","131.360078"
"楠野公民館","大分県竹田市大字今1467","32.963908","131.295768"
"ねぎのコミュニティーセンター","大分県竹田市大字今507-1","32.95995","131.289917"
"市用集会所","大分県竹田市大字市用235","32.971103","131.345882"
"志土知公民館","大分県竹田市大字志土知1293","32.971324","131.321715"
"立石構造改善センター","大分県竹田市大字枝615-1","33.00373","131.38639"
"次倉公民館","大分県竹田市大字次倉914-4","32.912008","131.343482"
"熊地構造改善センター","大分県竹田市大字小川1558-1","33.01187","131.300243"
"長田尾公民館","大分県竹田市大字小川73-2","33.015044","131.313749"
"原山生活改善センター","大分県竹田市大字小塚664-3","32.951511","131.25406"
"木原公民館","大分県竹田市大字城原390","33.001375","131.334709"
"長慶公会堂","大分県竹田市大字植木2812","32.997776","131.374346"
"荻迫集会所","大分県竹田市大字植木550","32.980901","131.381949"
"緒環（おだまき）","大分県竹田市大字神原1931","32.873777","131.356439"
"野口公民館","大分県竹田市大字神原439","32.890157","131.360366"
"吐合公民館","大分県竹田市大字神原987-2","32.872433","131.359459"
"倉木生活改善センター","大分県竹田市大字倉木1537-1","32.898873","131.386266"
"炭竈公民館","大分県竹田市大字炭竈681-2","32.986937","131.307949"
"久戸集会所","大分県竹田市大字竹田2431","32.963916","131.394849"
"上本町集会所","大分県竹田市大字竹田町426-1","32.966117","131.392139"
"竹田市城下町交流プラザ","大分県竹田市大字竹田町487-1","32.967533","131.392361"
"中村公民館","大分県竹田市大字中278","33.002745","131.394945"
"辻原集会所","大分県竹田市大字中角1508-1","32.891636","131.34813"
"渡瀬集会所","大分県竹田市大字渡瀬553","32.943601","131.340008"
"入田小高野公民館","大分県竹田市大字入田2789","32.949893","131.399118"
"拝田原集会所","大分県竹田市大字拝田原161-1","32.961924","131.382246"
"塩付生活改善センター","大分県竹田市大字飛田川497-4","32.964769","131.356991"
"坂折公民館","大分県竹田市大字飛田川647-2","32.964616","131.364621"
"鉢山自治会集会所","大分県竹田市大字福原1482","33.012166","131.322037"
"福原コミュニティセンター","大分県竹田市大字福原95","32.999083","131.317295"
"雉ヶ平公民館","大分県竹田市大字米納2172-1","32.992775","131.350973"
"柚長コミュニティセンター","大分県竹田市大字米納2484","32.98709","131.340957"
"米納地区生活改善センター","大分県竹田市大字米納634-4","32.985155","131.341257"
"長小野生活改善センター","大分県竹田市大字門田1717","32.922165","131.36825"
"大津留集会所","大分県竹田市大字門田2912-1","32.926078","131.369806"
"濁淵公民館","大分県竹田市大字挾田1038-1","32.980288","131.405708"
"羽恵集会所","大分県竹田市大字挾田2186-1","32.984836","131.416725"
"挾田集会所","大分県竹田市大字挾田278-2","32.97688","131.413913"
"須郷公民館","大分県竹田市直入町大字下田北4477-2","33.113959","131.428419"
"城後公民館","大分県竹田市直入町大字上田北2346","33.111157","131.396635"
"神堤公民館","大分県竹田市直入町大字神堤42-1","33.052933","131.395488"
"上野公民館","大分県竹田市直入町大字長湯1345-1","33.04327","131.373952"
"新田自治会公民館","大分県竹田市直入町大字長湯3917-2","33.06427","131.358241"
"下河原公民館","大分県竹田市直入町大字長湯4339","33.07008","131.358228"
"東原公民館","大分県竹田市直入町大字長湯5763","33.081422","131.343916"
"仲村公民館","大分県竹田市直入町大字長湯6109-2","33.08649","131.358837"
"久保公民館","大分県竹田市直入町大字長湯6435-2","33.089051","131.364566"
"社家公民館","大分県竹田市直入町大字長湯6758-2","33.083978","131.363896"
"下迫公民館","大分県竹田市直入町大字長湯7098-1","33.07863","131.368717"
"中津城公園","大分県中津市1278-1","33.605945","131.185788"
"南部小学校　（管理及び教室棟３階廊下）","大分県中津市1309","33.604613","131.185514"
"南部公民館","大分県中津市1468","33.604621","131.186856"
"北部小学校　（特別教室棟３階音楽室）","大分県中津市666","33.605361","131.194373"
"沖代公民館","大分県中津市沖代町1-6-52","33.587696","131.197385"
"真坂小学校","大分県中津市三光臼木432","33.537157","131.182803"
"深水小学校","大分県中津市三光上深水75","33.504186","131.261812"
"三光コミュニティーセンター","大分県中津市三光成恒421-1","33.538116","131.20953"
"秣小学校","大分県中津市三光西秣1204","33.531477","131.240215"
"三郷小学校体育館","大分県中津市山国町宇曽727","33.403023","131.053351"
"コアやまくに","大分県中津市山国町守実130","33.402259","131.042051"
"槻木交流センター","大分県中津市山国町槻木1075","33.453292","130.988317"
"やまくにスポーツパーク体育館","大分県中津市山国町平小野167-2","33.410472","131.03362"
"城北中学校","大分県中津市字小祝525-11","33.612841","131.188864"
"小楠コミュニティーセンター","大分県中津市大字一ツ松251","33.593214","131.206596"
"小楠小学校（管理及び特別教室棟２階・理科教室・図書室）","大分県中津市大字一ツ松62-1","33.594187","131.208183"
"永添運動公園","大分県中津市大字永添2065-1","33.56413","131.197317"
"ダイハツ九州スポーツパーク大貞（大貞総合運動公園）","大分県中津市大字加来2282-27","33.561103","131.208073"
"米山公園","大分県中津市大字蛎瀬1351-13","33.60879","131.209936"
"北部公民館","大分県中津市大字角木494-1","33.610039","131.19337"
"鶴居文化センター（２階、３階）","大分県中津市大字高瀬1042","33.585983","131.177667"
"如水コミュニティーセンター","大分県中津市大字合馬479-1","33.586628","131.223673"
"豊田公民館","大分県中津市大字上宮永29-1","33.592612","131.185727"
"今津コミュニティーセンター","大分県中津市大字植野1972-1","33.569491","131.26513"
"中津東体育館","大分県中津市大字是則957-43","33.588515","131.2385"
"鶴居コミュニティーセンター","大分県中津市大字相原3740-1","33.574537","131.192358"
"大幡コミュニティーセンター","大分県中津市大字大貞371-403","33.566337","131.212641"
"中津市総合体育館（ダイハツ九州アリーナ）","大分県中津市大字大貞377-1","33.563759","131.211328"
"和田コミュニティーセンター","大分県中津市大字定留1929","33.586128","131.244233"
"田尻ファミリー公園","大分県中津市大字田尻崎2-2","33.608629","131.244987"
"豊田小学校　（特別教室棟３階・音楽室・図工室）","大分県中津市大字島田594-1","33.598014","131.185176"
"大分県立工科短期大学校","大分県中津市大字東浜407-27","33.596538","131.217625"
"鶴居小学校　（特別教室棟３階多目的室）","大分県中津市大字湯屋202-2","33.574691","131.191368"
"鍋島公園","大分県中津市大字鍋島697-43","33.584103","131.270676"
"三保交流センター","大分県中津市大字福島1902","33.564753","131.235965"
"豊陽公園","大分県中津市中央町1-946-2","33.594655","131.190497"
"沖代小学校　（特別教室棟２階・多目的ホール）","大分県中津市中央町2-3-33","33.585922","131.194933"
"中央公園","大分県中津市豊田町14-39","33.597458","131.187789"
"島田公園","大分県中津市豊田町5-4","33.596877","131.18864"
"西谷地区公民館","大分県中津市本耶馬渓町西谷2810-2","33.423489","131.181204"
"上津地区公民館","大分県中津市本耶馬渓町折元1233-3","33.456576","131.185542"
"禅海スポーツセンター","大分県中津市本耶馬渓町曽木1800","33.495125","131.169233"
"本耶馬渓公民館","大分県中津市本耶馬渓町曽木1800","33.495619","131.16949"
"やかた田舎の学校","大分県中津市本耶馬渓町東屋形510","33.480905","131.215461"
"東谷地区公民館","大分県中津市本耶馬渓町東谷2319","33.444443","131.214843"
"樋田小学校体育館","大分県中津市本耶馬渓町樋田94","33.504674","131.172067"
"耶馬溪コミュニティーセンター","大分県中津市耶馬溪町大字柿坂138-1","33.453909","131.113527"
"旧山移診療所医師住宅","大分県中津市耶馬溪町大字山移3813-1","33.407342","131.157095"
"深耶馬温泉館","大分県中津市耶馬溪町大字深耶馬2941","33.386627","131.166914"
"下郷小学校","大分県中津市耶馬溪町大字大島190-2","33.429392","131.099073"
"津民地区公民館","大分県中津市耶馬溪町大字大野1083","33.476987","131.083774"
"城井地区公民館","大分県中津市耶馬溪町大字平田1418-1","33.469929","131.141096"
"市公民館　２階","大分県津久見市セメント町1-26","33.076711","131.858217"
"太平洋セメント体育館","大分県津久見市セメント町13-1","33.078433","131.855458"
"井無田第二中学校　奥","大分県津久見市井無田町1002","33.073644","131.853567"
"解脱闇寺","大分県津久見市井無田町11872-2","33.075278","131.851944"
"岡町グラウンド","大分県津久見市岡町1-24","33.079167","131.845842"
"岡町会館","大分県津久見市岡町1-24","33.079467","131.845558"
"岡町ブルータウン上","大分県津久見市岡町2503-2","33.080153","131.843644"
"伽藍社","大分県津久見市岡町2629-3","33.079931","131.844464"
"野添","大分県津久見市岩屋町2400","33.070144","131.870003"
"岩屋公園","大分県津久見市岩屋町7-11","33.074689","131.866858"
"市営グラウンド","大分県津久見市宮本町20-15","33.072808","131.861364"
"市役所","大分県津久見市宮本町20-15","33.072311","131.861225"
"老人憩いの家　２階","大分県津久見市宮本町22-16","33.073092","131.860028"
"宮山登り口","大分県津久見市宮本町443","33.072939","131.859542"
"第二中学校","大分県津久見市元町11-29","33.074085","131.853199"
"第二中学校　体育館","大分県津久見市元町11-29","33.074342","131.853625"
"宮山公園（旧ゲートボール）","大分県津久見市元町174-2","33.075414","131.858761"
"つくみん公園","大分県津久見市港町4142-153","33.076667","131.863142"
"岩屋公民館","大分県津久見市高洲町18-6","33.074658","131.866617"
"徳浦区公民館","大分県津久見市合ノ元町6-8","33.090847","131.852544"
"田ノ浦","大分県津久見市四浦5252-1","33.074444","131.989986"
"摺木","大分県津久見市四浦5563-1","33.078511","131.987058"
"トンネル入口","大分県津久見市四浦6015","33.083561","131.993678"
"志手町ニューライム上","大分県津久見市志手町2534-1","33.081219","131.845875"
"志手町不動面","大分県津久見市志手町3294-1","33.081003","131.849767"
"志手町公園","大分県津久見市志手町8","33.079394","131.849072"
"日鉄グラウンド","大分県津久見市小園町12-21","33.0764","131.843236"
"願寺鉱山駐車場周辺","大分県津久見市小園町1922-1","33.0751","131.845301"
"小園会館","大分県津久見市小園町6-10","33.076369","131.843811"
"明光保育園　２階","大分県津久見市上宮本町19-7","33.071003","131.860014"
"宮本西公園","大分県津久見市上宮本町20","33.070836","131.860344"
"寺ノ迫","大分県津久見市上宮本町270","33.069817","131.857889"
"宮本東公園","大分県津久見市上宮本町4","33.068939","131.861339"
"大鉱アパート広場","大分県津久見市上青江1341","33.079748","131.824225"
"県南かんきつ広域選果場","大分県津久見市上青江4956-5","33.081025","131.834681"
"岩屋口公民館","大分県津久見市上青江5721-1","33.078167","131.824375"
"岩屋口公民館前広場","大分県津久見市上青江5721-1","33.078281","131.824322"
"市営Ａ・Ｃ間広場","大分県津久見市上青江5743","33.078131","131.823633"
"川内会館","大分県津久見市上青江6387","33.075153","131.818211"
"川内グラウンド","大分県津久見市上青江6492","33.074667","131.816978"
"畑地区集会所前広場","大分県津久見市上青江939-4","33.083908","131.814525"
"桜ヶ瀬新町集会所","大分県津久見市新町12-13","33.078083","131.851458"
"井無田世尊寺下","大分県津久見市大字下青江1198","33.073886","131.851517"
"元町宮山トンネル上","大分県津久見市大字下青江80-3","33.074219","131.857247"
"浜","大分県津久見市大字堅浦1070","33.091833","131.862836"
"内名","大分県津久見市大字堅浦1125","33.091394","131.863894"
"久保浦奥","大分県津久見市大字堅浦1261-35","33.092808","131.864869"
"西丸","大分県津久見市大字堅浦19-24","33.093144","131.857231"
"堅徳小学校　体育館","大分県津久見市大字堅浦3-1","33.092842","131.859367"
"堅徳小学校","大分県津久見市大字堅浦3-1","33.092164","131.858872"
"堅徳小学校　グラウンド","大分県津久見市大字堅浦3-1","33.092558","131.858894"
"小迫西","大分県津久見市大字堅浦471-1","33.097778","131.860828"
"小迫奥","大分県津久見市大字堅浦785","33.096139","131.863208"
"堅浦公民館","大分県津久見市大字堅浦925-3","33.092031","131.860253"
"中間","大分県津久見市大字堅浦980","33.092747","131.862883"
"鳩浦段原　１","大分県津久見市大字四浦1484","33.064972","131.952531"
"仙水小学校　グラウンド","大分県津久見市大字四浦1533","33.065983","131.952506"
"仙水小学校　２階","大分県津久見市大字四浦1533","33.066","131.9527"
"鳩浦小川原","大分県津久見市大字四浦1592","33.06925","131.95615"
"鳩浦小浦道","大分県津久見市大字四浦1592","33.068094","131.956128"
"鳩浦河内奥","大分県津久見市大字四浦1658","33.066053","131.956025"
"鳩浦段原　２","大分県津久見市大字四浦1720","33.065077","131.952962"
"漁村センター　２階","大分県津久見市大字四浦2075-3","33.069128","131.954356"
"刀自ヶ浦川のぼり","大分県津久見市大字四浦2469-1","33.067917","131.964861"
"刀自ヶ浦赤崎","大分県津久見市大字四浦2474","33.070128","131.966289"
"刀自ヶ浦城山（刀自ヶ浦入口）","大分県津久見市大字四浦2487","33.067083","131.965061"
"久保泊芳ヶ谷","大分県津久見市大字四浦2822","33.064019","131.964064"
"久保泊オガタニ","大分県津久見市大字四浦2840-2","33.062711","131.964186"
"お宮の上","大分県津久見市大字四浦2948-4","33.065761","131.965806"
"深良津西谷","大分県津久見市大字四浦3032","33.062228","131.967269"
"深良津養殖場上","大分県津久見市大字四浦3181-4","33.060764","131.97325"
"深良津東谷","大分県津久見市大字四浦3201-4","33.060083","131.97025"
"落ノ浦本教寺","大分県津久見市大字四浦3701-1","33.068319","131.989994"
"落ノ浦集会所　２階","大分県津久見市大字四浦3727-2","33.068928","131.989419"
"荒代中道（江ノ浦越）","大分県津久見市大字四浦387","33.073981","131.939972"
"旧四浦東中学校　２階","大分県津久見市大字四浦3968","33.069824","131.989087"
"旧四浦東中学校","大分県津久見市大字四浦3968","33.069664","131.989311"
"落ノ浦鹿ノ浦","大分県津久見市大字四浦4102","33.071742","131.990117"
"荒代八重石","大分県津久見市大字四浦519","33.070342","131.941825"
"田ノ浦天神","大分県津久見市大字四浦5286-3","33.075175","131.988644"
"松ヶ浦（お宮）","大分県津久見市大字四浦5820","33.0821","131.988269"
"越智小学校","大分県津久見市大字四浦5893-2","33.083805","131.989161"
"越智小学校　２階","大分県津久見市大字四浦5893-2","33.083781","131.9893"
"越智小学校　グラウンド","大分県津久見市大字四浦5893-2","33.083817","131.988689"
"荒代開","大分県津久見市大字四浦594-1","33.067233","131.941475"
"テンコウ入口","大分県津久見市大字四浦6024","33.082522","131.993753"
"高浜臨海休養施設裏","大分県津久見市大字四浦6191-1","33.080817","131.994342"
"貯水池下","大分県津久見市大字四浦6212","33.08015","131.9946"
"浅尻","大分県津久見市大字四浦6291-2","33.081725","131.993639"
"高浜小学校跡地　グラウンド","大分県津久見市大字四浦6434-1","33.084244","131.994336"
"狩床内ヶ浦","大分県津久見市大字四浦6555","33.086547","131.989919"
"狩床高井","大分県津久見市大字四浦6785-1","33.090717","131.988336"
"大元中ノ谷","大分県津久見市大字四浦6854","33.090069","131.992806"
"大元東墓地","大分県津久見市大字四浦6994-2","33.090953","131.994381"
"西泊西ノ谷","大分県津久見市大字四浦7069","33.092075","131.995544"
"西泊東ノ谷","大分県津久見市大字四浦7227","33.092153","131.996656"
"間元西ノ谷","大分県津久見市大字四浦7353","33.094631","131.999825"
"間元東ノ谷","大分県津久見市大字四浦7400","33.095006","132.001314"
"仙水公民館　２階","大分県津久見市大字四浦7481-1","33.066858","131.954794"
"荒代十郎","大分県津久見市大字四浦924","33.065833","131.944433"
"青江小学校　体育館","大分県津久見市大字上青江3537","33.081961","131.839128"
"道尾オノ（うばめ園上）","大分県津久見市大字上青江3588","33.082831","131.839214"
"高速道入口","大分県津久見市大字上青江3773-12","33.083356","131.83865"
"臼津バイパス下","大分県津久見市大字上青江4477-1","33.080239","131.841287"
"臼津バイパス","大分県津久見市大字上青江4479-3","33.080894","131.840952"
"中町登山道路","大分県津久見市大字上青江4709","33.077886","131.8409"
"長野観音様","大分県津久見市大字上青江4851","33.079885","131.838767"
"千怒小学校　体育館","大分県津久見市大字千怒1400","33.066094","131.888175"
"千怒小学校","大分県津久見市大字千怒1400","33.065837","131.88855"
"千怒小学校　グラウンド","大分県津久見市大字千怒1400","33.065517","131.888386"
"田ノ尻奥（天神宮）","大分県津久見市大字千怒1614-1","33.064672","131.887008"
"六社大権現","大分県津久見市大字千怒1796","33.063461","131.8869"
"広浦児童公園","大分県津久見市大字千怒210-5","33.074989","131.881256"
"松葉山","大分県津久見市大字千怒2656","33.064122","131.890975"
"迫山","大分県津久見市大字千怒2899-1","33.066006","131.891411"
"うばめ園地域活動支援センターあゆみ","大分県津久見市大字千怒326-3","33.074197","131.882925"
"広浦東（内浦ガード）","大分県津久見市大字千怒385-2","33.0729","131.882175"
"尾崎","大分県津久見市大字千怒4527-1","33.072792","131.891031"
"藤内","大分県津久見市大字千怒4549-2","33.074056","131.891411"
"狩床（新地）","大分県津久見市大字千怒4715","33.076822","131.888322"
"千怒崎公園","大分県津久見市大字千怒4873-59","33.080942","131.883836"
"千怒崎（南）","大分県津久見市大字千怒4880-1","33.080672","131.885033"
"千怒崎（北）","大分県津久見市大字千怒4936-2","33.082456","131.884742"
"旭東公園","大分県津久見市大字千怒5089","33.076069","131.88705"
"運動公園駐車場","大分県津久見市大字千怒5338","33.078631","131.8825"
"市民体育館　海側","大分県津久見市大字千怒5338","33.077956","131.884147"
"津久見市とぎ倶楽部","大分県津久見市大字千怒6111-1","33.072237","131.888476"
"千怒児童公園","大分県津久見市大字千怒6127","33.072858","131.888231"
"尾ノ下","大分県津久見市大字千怒7349","33.068128","131.891089"
"太田","大分県津久見市大字千怒7385","33.069606","131.892308"
"千怒越トンネル","大分県津久見市大字千怒828-1","33.067764","131.885222"
"長目公民館","大分県津久見市大字長目1408","33.108601","131.879219"
"長目東谷","大分県津久見市大字長目1479","33.110408","131.879778"
"長目天神奥","大分県津久見市大字長目1577-1","33.108125","131.877311"
"長目小学校　グラウンド","大分県津久見市大字長目1698","33.109792","131.882644"
"釜戸奥","大分県津久見市大字長目1754","33.111778","131.883603"
"伊崎西奥","大分県津久見市大字長目2179","33.108678","131.891789"
"伊崎台道","大分県津久見市大字長目2197","33.108919","131.892617"
"大神神社","大分県津久見市大字長目2298-1","33.159319","131.978772"
"楠屋村奥","大分県津久見市大字長目2498","33.115808","131.895919"
"楠屋小楠屋","大分県津久見市大字長目2515","33.116964","131.897211"
"楠屋集会所","大分県津久見市大字長目2515-2","33.116182","131.897307"
"無垢島地区集会所　２階","大分県津久見市大字長目2648-17","33.159851","131.979039"
"無垢島小中学校　グラウンド","大分県津久見市大字長目2648-2","33.160469","131.979542"
"無垢島小中学校　２階","大分県津久見市大字長目2648-2","33.160278","131.979753"
"西の谷（屋敷跡）","大分県津久見市大字長目2698-1","33.158953","131.978697"
"しおさい","大分県津久見市大字長目2715-5","33.110981","131.885753"
"伊崎農業構造改善センター","大分県津久見市大字長目2718","33.107669","131.892131"
"浦代殿奥","大分県津久見市大字長目480-1","33.104314","131.872108"
"浦代エノミゴウチ","大分県津久見市大字長目543","33.102842","131.872047"
"浦代公民館","大分県津久見市大字長目610-3","33.103356","131.874675"
"長目広浦奥","大分県津久見市大字長目684-3","33.1061","131.873956"
"彦ノ内公会堂","大分県津久見市大字津久見2203-1","33.062889","131.868014"
"中鶴","大分県津久見市大字津久見2419-4","33.063225","131.865636"
"千怒越会館","大分県津久見市大字津久見267","33.065575","131.868617"
"久保","大分県津久見市大字津久見3042-1","33.065725","131.885228"
"津久見高校　グラウンド","大分県津久見市大字津久見3485-1","33.066778","131.862814"
"津久見高校","大分県津久見市大字津久見3485-1","33.067364","131.862447"
"豊成会館","大分県津久見市大字津久見4046-1","33.063233","131.861989"
"宗麟公園入口","大分県津久見市大字津久見4200-1","33.061892","131.859981"
"立花団地集会所","大分県津久見市大字津久見4281","33.063219","131.859325"
"津久見高校　第二グラウンド","大分県津久見市大字津久見4993","33.061467","131.857203"
"西ノ内グラウンド","大分県津久見市大字津久見6776-2","33.064222","131.853942"
"彦ノ内グラウンド","大分県津久見市大字津久見880","33.061975","131.871133"
"片代　１","大分県津久見市大字津久見浦2766-9","33.073589","131.869583"
"片代　２","大分県津久見市大字津久見浦2766-9","33.072919","131.868993"
"福","大分県津久見市大字津久見浦3518","33.073514","131.874081"
"徳浦本町寺河内奥","大分県津久見市大字徳浦1400-27","33.090015","131.847042"
"大分鉱業ベルコン下","大分県津久見市大字徳浦1951-5","33.088336","131.849511"
"旧日見トンネル","大分県津久見市大字日見1227","33.064069","131.908775"
"奥道","大分県津久見市大字日見2092-1","33.064028","131.911642"
"坪井戸","大分県津久見市大字日見2220-1","33.073592","131.897211"
"公園地北側","大分県津久見市大字保戸島100-4","33.107315","132.006762"
"市役所保戸島出張所　２階","大分県津久見市大字保戸島1132","33.105117","132.006819"
"法照寺","大分県津久見市大字保戸島1179","33.104813","132.008094"
"海徳寺","大分県津久見市大字保戸島1465","33.104478","132.007407"
"保戸島漁協　２階","大分県津久見市大字保戸島1520-2","33.104014","132.006958"
"保戸島小中学校","大分県津久見市大字保戸島21-2","33.100603","132.0067"
"公園地南側","大分県津久見市大字保戸島79-12","33.106785","132.006078"
"カンバ（長バエ側）","大分県津久見市大字保戸島861-3","33.10435","132.004595"
"カンバ（大波磯側）","大分県津久見市大字保戸島863","33.106036","132.005469"
"宮ノ下","大分県津久見市大字保戸島897","33.106125","132.006542"
"坂田道","大分県津久見市大字網代1018-2","33.063522","131.919217"
"日代小・中学校　グラウンド","大分県津久見市大字網代1535-2","33.06855","131.918031"
"旧国道（網代側）","大分県津久見市大字網代1536","33.067536","131.918708"
"薬師庵","大分県津久見市大字網代1701","33.064611","131.924117"
"恩地","大分県津久見市大字網代1732-2","33.064086","131.924203"
"西中","大分県津久見市大字網代1955","33.064244","131.924992"
"植木屋敷跡","大分県津久見市大字網代198","33.065136","131.916961"
"西奥（ヒヤノサカ）","大分県津久見市大字網代1988","33.064456","131.925711"
"東山西","大分県津久見市大字網代2137","33.064469","131.926275"
"東山東","大分県津久見市大字網代2277","33.065322","131.926828"
"岡ノ平","大分県津久見市大字網代2751-1","33.067214","131.931092"
"そこばえ上","大分県津久見市大字網代3188","33.069386","131.93025"
"幸月地蔵尊","大分県津久見市大字網代3303-1","33.072317","131.927983"
"姥ヶ浦","大分県津久見市大字網代3652-2","33.073631","131.930333"
"庵寺跡","大分県津久見市大字網代390","33.059189","131.917656"
"ウツギ谷","大分県津久見市大字網代4001-2","33.072811","131.933453"
"鳩越","大分県津久見市大字網代4085-1","33.073831","131.934208"
"柴色","大分県津久見市大字網代4627-1","33.076719","131.9324"
"福良公民館","大分県津久見市大字網代475-9","33.066447","131.918458"
"久保泊","大分県津久見市大字網代4945-2","33.087419","131.934244"
"オバネ","大分県津久見市大字網代5194","33.090542","131.932225"
"地蔵奥（墓地）","大分県津久見市大字網代5443","33.090969","131.932117"
"赤崎公民館　２階","大分県津久見市大字網代5455-2","33.091006","131.9314"
"屋敷跡","大分県津久見市大字網代5469","33.091983","131.932478"
"おかみ","大分県津久見市大字網代5653","33.091758","131.930492"
"広久保交差点奥","大分県津久見市大字網代577","33.063911","131.91975"
"大友公園（東）","大分県津久見市大友町1994-1","33.071189","131.865883"
"大友公園（南）","大分県津久見市大友町1994-1","33.070908","131.865869"
"地蔵町集会所","大分県津久見市地蔵町9-25","33.077342","131.848133"
"津久見駅前","大分県津久見市中央町1-30","33.073161","131.863703"
"角崎公園","大分県津久見市中央町24-22","33.075214","131.862503"
"石井別邸","大分県津久見市中央町3-15","33.075822","131.860606"
"姥目公園","大分県津久見市中央町7-1","33.074","131.862486"
"彦原会館","大分県津久見市津久見1217-8","33.058203","131.872506"
"津久見市民会館","大分県津久見市津久見浦3825-100","33.077017","131.871317"
"えびす公園","大分県津久見市津久見浦3825-98","33.076603","131.871956"
"徳浦宮町権現様","大分県津久見市徳浦宮町13-4","33.090664","131.856872"
"徳浦下（平林宅）横","大分県津久見市徳浦宮町136-2","33.092161","131.856064"
"徳浦下（織田宅）横","大分県津久見市徳浦宮町213-2","33.09235","131.855686"
"徳浦宮町白梅保育園上","大分県津久見市徳浦宮町348-1","33.09265","131.854306"
"徳浦迫","大分県津久見市徳浦宮町381-1","33.092692","131.852503"
"なかよし公園","大分県津久見市徳浦宮町414-2","33.091728","131.853261"
"徳浦公園","大分県津久見市徳浦宮町460-8","33.090825","131.85465"
"徳浦本町平の前","大分県津久見市徳浦本町1065","33.093358","131.846903"
"墓地","大分県津久見市徳浦本町1547-1","33.089886","131.849369"
"戸高育英会館","大分県津久見市徳浦本町3","33.091597","131.849486"
"戸高育英会館駐車場","大分県津久見市徳浦本町3","33.091828","131.849325"
"徳浦本町屋敷奥","大分県津久見市徳浦本町753","33.093664","131.851736"
"日見公民館","大分県津久見市日見1145-97","33.068369","131.909617"
"日見宝島広場","大分県津久見市日見2206","33.066058","131.911794"
"入船西町公園","大分県津久見市入船西町10-7","33.079091","131.852902"
"津久見鉱業第一集会所","大分県津久見市入船西町19","33.081031","131.852394"
"入船公民館","大分県津久見市入船西町2-5","33.079356","131.853925"
"キリン公園","大分県津久見市入船西町22","33.080908","131.854956"
"津久見鉱業グラウンド","大分県津久見市入船西町24","33.080761","131.852822"
"下浦トンネル手前","大分県津久見市入船西町4002-2","33.082581","131.854528"
"たからじま公園","大分県津久見市入船東町11-10","33.080442","131.856058"
"第一中学校　グラウンド","大分県津久見市文京町1-6","33.06825","131.865083"
"第一中学校　体育館２階","大分県津久見市文京町1-6","33.069333","131.865367"
"ゲートボール場跡","大分県津久見市門前町1229","33.075875","131.850261"
"門前町高速道路取付","大分県津久見市門前町1444-5","33.074718","131.848385"
"門前公園","大分県津久見市門前町5","33.076283","131.850208"
"津久見小学校","大分県津久見市立花町1-7","33.066137","131.859562"
"津久見小学校　グラウンド","大分県津久見市立花町1-7","33.065811","131.859333"
"長幸入口","大分県津久見市立花町4338-1","33.062925","131.858508"
"店舗駐車場","大分県日出町2312","33.368698","131.52356"
"日出幼稚園園庭","大分県日出町2674","33.367022","131.534203"
"若宮八幡駐車場","大分県日出町2831","33.3684","131.53681"
"若宮八幡","大分県日出町2831-1","33.368839","131.536892"
"安楽寺駐車場","大分県日出町真那井811-1","33.374901","131.609135"
"個人宅上県道残地","大分県日出町大字真那井1614-2","33.374781","131.603562"
"真那井幼稚園向高台","大分県日出町大字真那井3404-1","33.379246","131.590934"
"辻の尾自治公民館","大分県日出町大字川崎1065-2","33.369166","131.550742"
"宗行自治公民館","大分県日出町大字川崎205","33.370929","131.538442"
"東小深江自治公民館","大分県日出町大字川崎4020-1","33.353691","131.559305"
"個人宅前","大分県日出町大字川崎4484","33.351003","131.554042"
"西小深江自治公民館","大分県日出町大字川崎4597-2","33.355224","131.552663"
"早水台遺跡","大分県日出町大字川崎4680-24","33.353951","131.548047"
"集合住宅上高台","大分県日出町大字川崎5097-16","33.365574","131.550351"
"若宮八幡社本宮","大分県日出町大字川崎5810-1","33.360138","131.54762"
"個人宅ビニールハウス","大分県日出町大字川崎5837","33.358862","131.546928"
"則次グラウンド","大分県日出町大字川崎953-1","33.370272","131.545858"
"生目神社跡地","大分県日出町大字川崎987-1","33.367215","131.548061"
"大法輪寺","大分県日出町大字大神4012-1","33.353031","131.567188"
"高尾自治公民館","大分県日出町大字大神4130-7","33.352202","131.572542"
"日比の浦自治公民館","大分県日出町大字大神4137","33.350715","131.575283"
"上深江自治公民館","大分県日出町大字大神5349-1","33.35619","131.582666"
"牧の内自治公民館","大分県日出町大字大神5673-24","33.351042","131.589369"
"軒の井農業構造改善センター","大分県日出町大字大神6575-1","33.362812","131.587531"
"個人宅前町道","大分県日出町大字平道2009-12","33.356512","131.494502"
"個人宅前町道","大分県日出町大字平道737-1","33.353894","131.494932"
"西の二公民館前広場","大分県日出町大字豊岡2520","33.363419","131.499102"
"漁港南側資材置場","大分県日出町大神4380","33.350091","131.583045"
"個人宅前広場","大分県日出町大神4589-3","33.354342","131.578709"
"個人宅向い広場","大分県日出町大神5508","33.353994","131.584719"
"個人宅前広場","大分県日出町大神5805-18","33.349787","131.591"
"個人宅前広場","大分県日出町大神5891-13","33.353405","131.592781"
"住吉大明神","大分県日出町豊岡1056","33.358799","131.496318"
"津留橋横資材置き場","大分県日出町豊岡1243-1","33.361204","131.49068"
"三川街区公園","大分県日出町豊岡2435-1","33.36216","131.496691"
"三川街区公園","大分県日出町豊岡2435-1","33.362145","131.496743"
"店舗駐車場","大分県日出町豊岡279-1","33.3675","131.517543"
"店舗駐車場","大分県日出町豊岡308-1","33.367244","131.516904"
"個人宅前三叉路","大分県日出町豊岡3291-5","33.36427","131.501499"
"個人宅前","大分県日出町豊岡3301-6","33.362692","131.499927"
"店舗跡駐車場","大分県日出町豊岡721-7","33.364522","131.509515"
"店舗駐車場","大分県日出町豊岡778-1","33.363804","131.507514"
"三芳児童公園","大分県日田市下井手町20","33.306047","130.948379"
"三芳小学校","大分県日田市下井手町940","33.307971","130.946604"
"三芳公民館","大分県日田市下井手町989","33.307021","130.947187"
"月隈公園","大分県日田市丸山2-2-1","33.331662","130.936315"
"三隈中学校","大分県日田市亀川町402-1","33.316096","130.915598"
"京町公園","大分県日田市京町27-1","33.310148","130.928533"
"萩尾公園","大分県日田市君迫町1335-1","33.330741","130.887522"
"月出山多目的交流館（旧月出山小学校）","大分県日田市月出町5590","33.309912","131.025297"
"港町児童公園","大分県日田市港町398-5","33.325298","130.93617"
"財津町スポーツ広場","大分県日田市財津町2688-2","33.353543","130.954366"
"小渕児童公園","大分県日田市三芳小渕町73","33.304517","130.948424"
"市民文化会館（パトリア日田）","大分県日田市三本松1-8-11","33.3192","130.934145"
"花月コミュニティセンター","大分県日田市市ノ瀬町1436-1","33.365715","130.971848"
"竹田公園","大分県日田市若宮町1233","33.308533","130.939181"
"若宮小学校","大分県日田市若宮町2-15","33.310556","130.939105"
"有田小学校","大分県日田市諸留町2687-1","33.33105","130.968743"
"東有田中学校","大分県日田市諸留町488-2","33.331636","130.982785"
"東有田スポーツ広場","大分県日田市諸留町51","33.331078","130.980215"
"東有田公民館","大分県日田市諸留町52","33.330789","130.979192"
"平野球場","大分県日田市小山町479-1","33.295434","130.906071"
"北部中学校","大分県日田市上手町148-1","33.335904","130.945898"
"桂林公民館","大分県日田市上城内町2-11","33.326078","130.942897"
"桂林小学校","大分県日田市上城内町2-35","33.327202","130.94286"
"中央公民館","大分県日田市上城内町2-6","33.32594","130.94185"
"上津江第５分団消防詰所","大分県日田市上津江町上野田1217-9","33.054386","130.987115"
"上野田多目的スポーツ広場","大分県日田市上津江町上野田68-2","33.088643","130.986324"
"上津江体育館","大分県日田市上津江町川原2710","33.094954","130.976343"
"川原自治会センター","大分県日田市上津江町川原3852-1","33.112595","130.962014"
"鏡坂公園","大分県日田市上野町393-1","33.309548","130.923881"
"桂林荘（城町第一児童）公園","大分県日田市城町1-305-1","33.32725","130.938997"
"大分県立日田林工高等学校","大分県日田市吹上町30","33.331098","130.933707"
"三和小学校","大分県日田市清水町1187","33.350632","130.94295"
"三和スポーツ広場","大分県日田市清水町1823-1","33.351383","130.937197"
"三花公民館","大分県日田市清水町948-1","33.349702","130.942535"
"高瀬小学校","大分県日田市誠和町781-2","33.301637","130.936866"
"高瀬公民館","大分県日田市誠和町796-3","33.30206","130.93668"
"五和公民館","大分県日田市石井町1-274-4","33.312287","130.911456"
"石井小学校","大分県日田市石井町2-478","33.310523","130.908439"
"西有田公民館","大分県日田市石松町2927-1","33.336543","130.962174"
"大分県立日田支援学校","大分県日田市石松町2941-1","33.336507","130.961053"
"南部中学校","大分県日田市銭渕町288","33.306816","130.931275"
"赤石コミュニティセンター","大分県日田市前津江町赤石108-5","33.20999","130.940608"
"曾家多目的交流館","大分県日田市前津江町赤石3121-2","33.192851","130.968113"
"前津江町柔剣道場","大分県日田市前津江町大野2179-2","33.209345","130.919279"
"まえつえ保育園","大分県日田市前津江町大野2188","33.210093","130.918382"
"前津江中学校","大分県日田市前津江町大野2214","33.211388","130.91668"
"旧大野小学校　グラウンド","大分県日田市前津江町大野2230-2","33.210927","130.91621"
"前津江小学校","大分県日田市前津江町大野2562","33.210578","130.920875"
"前津江町活性化センター","大分県日田市前津江町大野70-15","33.191523","130.91601"
"出野地区交流センター","大分県日田市前津江町柚木2185-1","33.219375","130.884239"
"旧出野小学校","大分県日田市前津江町柚木2224","33.220068","130.883869"
"柚木多目的交流館","大分県日田市前津江町柚木451","33.255327","130.848616"
"西峰コミュニティーセンター","大分県日田市大山町西大山2042-3","33.249711","130.956418"
"大山文化センター","大分県日田市大山町西大山3600","33.257823","130.9679"
"大山小中学校","大分県日田市大山町西大山3615-1","33.25698","130.969788"
"旧大山中学校体育館","大分県日田市大山町西大山4267","33.243632","130.976204"
"旧鎌手小学校","大分県日田市大山町西大山5926-3","33.232347","130.979063"
"旧松原小学校　グラウンド","大分県日田市大山町西大山8344-2","33.198792","130.991225"
"松原児童館","大分県日田市大山町西大山8442-3","33.200262","130.988606"
"老松コミュニティーセンター","大分県日田市大山町西大山870-5","33.26054","130.960739"
"南部コミュニティーセンター","大分県日田市大山町西大山８５０４－１地先","33.193519","130.988363"
"都築コミュニティーセンター","大分県日田市大山町東大山1127-2","33.261396","130.988216"
"北部コミュニティーセンター","大分県日田市大山町東大山470-3","33.27459","130.955122"
"大分県立日田三隈高等学校","大分県日田市大字友田1546-1","33.330493","130.914794"
"光岡スポーツ広場","大分県日田市大字友田2483-3","33.328341","130.895865"
"大鶴公民館","大分県日田市大鶴本町870","33.370866","130.889729"
"大鶴スポーツ広場","大分県日田市大鶴本町884-1","33.370766","130.890965"
"大明小中学校","大分県日田市大肥町1701","33.365087","130.882562"
"咸宜小学校","大分県日田市淡窓1-5-13","33.321535","130.936028"
"咸宜公民館","大分県日田市淡窓1-5-13","33.322197","130.936631"
"若宮公民館","大分県日田市竹田新町1-37","33.312825","130.938293"
"亀山公園","大分県日田市中ノ島町559","33.314478","130.928523"
"三隈川公園","大分県日田市中ノ島町608-3","33.312488","130.926135"
"老人福祉センター延寿グラウンド","大分県日田市中ノ島町685-13","33.311567","130.918499"
"中城グラウンド","大分県日田市中城町224-1","33.325145","130.940575"
"Ｂ＆Ｇ中津江海洋センター","大分県日田市中津江村合瀬1936-28","33.136302","130.906674"
"地底博物館鯛生金山","大分県日田市中津江村合瀬3750","33.12913","130.88267"
"中津江振興局","大分県日田市中津江村栃野2357-1","33.128963","130.951418"
"津江小中学校","大分県日田市中津江村栃野4341","33.139943","130.972508"
"津江高齢者生活福祉センター（長寿苑）多目的交流室","大分県日田市中津江村栃野4344-1","33.139195","130.973876"
"朝日小学校","大分県日田市朝日町936-1","33.341618","130.918683"
"朝日公民館","大分県日田市朝日町945-1","33.340937","130.919468"
"いつま小学校","大分県日田市天瀬町五馬市2040","33.233128","131.019434"
"天瀬公民館五馬分館","大分県日田市天瀬町五馬市2166-1","33.227605","131.019124"
"天瀬複合施設","大分県日田市天瀬町合田1986-2","33.283594","131.007463"
"丸山コミュニティーセンター","大分県日田市天瀬町合田747-1","33.274047","131.000558"
"旧桜竹小学校","大分県日田市天瀬町桜竹242","33.250526","131.035096"
"天瀬公民館","大分県日田市天瀬町桜竹671-2","33.255087","131.019907"
"Ｂ＆Ｇ天瀬海洋センター","大分県日田市天瀬町桜竹80-1","33.246539","131.032514"
"出口コミュニティーセンター","大分県日田市天瀬町出口1840-1","33.204633","131.014232"
"旧台小学校","大分県日田市天瀬町女子畑1298-1","33.282415","130.977227"
"五馬中学校","大分県日田市天瀬町塚田169","33.219459","131.027481"
"東渓中学校","大分県日田市天瀬町馬原2276","33.287316","131.0055"
"旧北小野小学校　グラウンド","大分県日田市殿町3850-3","33.404433","130.937043"
"田島第一児童公園","大分県日田市田島1-143","33.317437","130.941355"
"田島第三児童公園","大分県日田市田島1-617","33.315024","130.942403"
"東部中学校","大分県日田市田島2-12-8","33.317494","130.944018"
"田島第二児童公園","大分県日田市田島2-286","33.319765","130.941898"
"大分県立日田高等学校","大分県日田市田島2-9-30","33.322326","130.944313"
"日田市総合体育館","大分県日田市田島3-29","33.318851","130.951201"
"勤労者総合福祉センター（サンヒルズひた）","大分県日田市田島3-69","33.320566","130.951071"
"田島本町児童公園","大分県日田市田島本町175","33.319241","130.939221"
"藤蔭高等学校","大分県日田市田島本町5-41","33.319883","130.939623"
"東町児童公園","大分県日田市東町716-3","33.312055","130.935108"
"戸山中学校","大分県日田市藤山町213-1","33.361573","130.957896"
"南元町児童公園","大分県日田市南元町132","33.313534","130.940109"
"浄化センター","大分県日田市南友田町717-1","33.322134","130.90671"
"羽田多目的交流館","大分県日田市日の本町2463-1","33.334662","131.027694"
"日隈公民館","大分県日田市日ノ隈町515-1","33.315483","130.924047"
"日隈小学校","大分県日田市日ノ隈町578-1","33.314976","130.925376"
"昭和学園高等学校","大分県日田市日ノ出町14","33.333262","130.940159"
"伏木多目的交流館","大分県日田市伏木町3512","33.381967","130.994148"
"光岡小学校","大分県日田市北友田1-1133-2","33.328462","130.923109"
"光岡公民館","大分県日田市北友田1-1221-1","33.328298","130.921948"
"朝日ヶ丘球場","大分県日田市北友田1-1544-3","33.331063","130.91626"
"星隈公園","大分県日田市北友田2-1950-1","33.325335","130.905557"
"北友田三丁目児童公園","大分県日田市北友田3-2531-37","33.322879","130.90073"
"本町第一公園","大分県日田市本町19","33.31643","130.935891"
"本町第二公園","大分県日田市本町56","33.315265","130.937275"
"夜明公民館","大分県日田市夜明中町1547","33.325024","130.870669"
"小野小学校","大分県日田市鈴連町1658-1","33.394323","130.941487"
"小野公民館（振興センター）","大分県日田市鈴連町900-3","33.381006","130.940112"
"達磨山","大分県姫島村","33.722628","131.639134"
"丘陵部（稲積）","大分県姫島村","33.731679","131.698205"
"丘陵部（両瀬）","大分県姫島村","33.731818","131.685576"
"丘陵部（　金　）","大分県姫島村","33.730904","131.675524"
"丘陵部（大海）","大分県姫島村","33.723736","131.670598"
"矢筈岳","大分県姫島村","33.721832","131.666599"
"城山","大分県姫島村","33.727511","131.645038"
"海岸寺","大分県姫島村1311","33.728323","131.646521"
"北浦漁港","大分県姫島村1332","33.72975","131.647213"
"北浦公園","大分県姫島村1401","33.726721","131.647944"
"離島センター「やはず」","大分県姫島村1569-1","33.724343","131.645788"
"姫島小学校　グラウンド","大分県姫島村1603","33.725139","131.645187"
"教育委員会庁舎・軽スポーツセンター","大分県姫島村1681-2","33.725782","131.644302"
"姫島中央公園","大分県姫島村2023-1","33.724194","131.647024"
"大帯八幡社","大分県姫島村2063","33.72343","131.647823"
"南浜公園","大分県姫島村2073-1","33.722727","131.648829"
"姫島中学校　校舎","大分県姫島村2108-4","33.725287","131.651324"
"姫島中学校　グラウンド","大分県姫島村2108-4","33.725047","131.652611"
"姫島運動公園","大分県姫島村2301","33.722013","131.654362"
"用作公園","大分県姫島村2337-83","33.725976","131.655439"
"浄水場","大分県姫島村3119-4","33.723881","131.658532"
"東浦漁港（大海）","大分県姫島村3633-5","33.722503","131.673843"
"東浦漁港（稲積）","大分県姫島村4916","33.731543","131.693342"
"灯台公園","大分県姫島村4966-2","33.73062","131.700425"
"東浦漁港（　金　）","大分県姫島村5287-3","33.73668","131.6815"
"西村記念公園","大分県姫島村699-1","33.723307","131.642022"
"西浦漁港","大分県姫島村859","33.725207","131.640848"
"フェリー広場","大分県姫島村松原地先","33.722108","131.649494"
"南浦漁港","大分県姫島村南浦地先","33.72095","131.644647"
"スパランド豊海公民館　集会室","大分県別府市スパランド豊海21-7","33.340651","131.486635"
"大分みらい信用金庫本店ビル","大分県別府市駅前本町1-31","33.279449","131.502852"
"乙原公民館　和室１・２、洋室","大分県別府市乙原２組","33.273044","131.481491"
"河内公民館　集会室","大分県別府市河内３組","33.266005","131.504165"
"朝日大平山地区公民館","大分県別府市火売８組","33.30868","131.467903"
"四の湯温泉前広場","大分県別府市亀川四の湯町20","33.322437","131.493321"
"亀川四の湯町２区公民館　大広間、和室","大分県別府市亀川四の湯町2028","33.321534","131.494088"
"亀川四の湯町１区公民館　集会室","大分県別府市亀川四の湯町907-1","33.323847","131.493857"
"亀陽泉　多目的ホール","大分県別府市亀川中央町10-26","33.326058","131.494231"
"亀川中央町２区公民館　集会室","大分県別府市亀川中央町12-16","33.326923","131.49437"
"浜田公園","大分県別府市亀川浜田町12","33.33271","131.493735"
"別府中央小学校（体育館、グラウンド）・べっぷ幼稚園","大分県別府市京町818-26","33.287961","131.504524"
"古賀原公民館　集会室、和室","大分県別府市古賀原２組","33.245968","131.499996"
"古市工業団地多目的グラウンド","大分県別府市古市町881-153","33.337537","131.495159"
"大谷公園","大分県別府市御幸２組","33.314908","131.475886"
"光町西広場","大分県別府市光町7-14","33.273575","131.498554"
"幸町公民館　サークル室","大分県別府市幸町5-15","33.286259","131.497824"
"すきっぷパ－クどれみ専用ホール","大分県別府市国立","33.333639","131.484797"
"桜ヶ丘公民館","大分県別府市桜ケ丘５組","33.310514","131.490505"
"別府国際コンベンションセンター（ビーコンプラザ）","大分県別府市山の手町12-1","33.28318","131.48754"
"餅ヶ浜公園","大分県別府市若草町4","33.291304","131.501969"
"小坂公民館　集会室１・２","大分県別府市小坂７組","33.347881","131.495362"
"別府市鉄輪地獄地帯公園防災研修所防災会議室","大分県別府市小倉64-64","33.312432","131.460565"
"松原公園","大分県別府市松原町8","33.272413","131.505918"
"上人ヶ浜公園","大分県別府市上人ケ浜町504-1","33.309503","131.502138"
"北部地区公民館","大分県別府市上人ケ浜町6-54","33.319632","131.49921"
"上人南公民館（広間）","大分県別府市上人南８組","33.311271","131.496381"
"上人本町・上人仲町公民館　大広間、会議室１・２","大分県別府市上人本町8-2","33.314919","131.497006"
"社会福祉会館（多目的大広間、作法室）","大分県別府市上田の湯町15-40","33.279517","131.494393"
"別府市公会堂","大分県別府市上田の湯町6-37","33.27705","131.49675"
"別府市コミュニティセンター（多目的ホール等）","大分県別府市上野口町29-13","33.289095","131.487697"
"新別府公民館　集会室","大分県別府市新別府５組4-1","33.308847","131.484264"
"山の手小学校（体育館、グラウンド）・山の手幼稚園","大分県別府市青山町5-68","33.27849","131.492982"
"べっぷアリ－ナ（体育館）","大分県別府市青山町8-37","33.278568","131.491852"
"境川小学校（体育館、グラウンド）・境川幼稚園","大分県別府市石垣西1-2-24","33.290252","131.492628"
"南原児童公園","大分県別府市石垣西4-4","33.294485","131.493318"
"吉弘公園","大分県別府市石垣西6-6","33.298779","131.492132"
"石垣小学校（体育館、グラウンド）・石垣幼稚園","大分県別府市石垣西7-6-27","33.300283","131.493358"
"桐ノ木児童公園","大分県別府市石垣西9-2729","33.302565","131.492703"
"石垣児童公園","大分県別府市石垣東2-3","33.291439","131.49804"
"南石垣公園","大分県別府市石垣東4-3","33.295121","131.497978"
"石垣東６・７丁目公民館　集会室","大分県別府市石垣東6-1588","33.298724","131.499942"
"北石垣公園","大分県別府市石垣東9-3","33.303337","131.497386"
"赤松公民館　集会室、和室","大分県別府市赤松１組","33.254704","131.512283"
"ふれあい広場サザンクロス","大分県別府市千代町1-8","33.27474","131.503695"
"ほっぺパ－ク児童館（多目的ホール）","大分県別府市荘園町73-31","33.293346","131.473093"
"市営光の園住宅集会所　集会室","大分県別府市荘園北町","33.295434","131.481843"
"天間公民館　広間","大分県別府市大字ミクミ168","33.336952","131.404816"
"北部中学校（体育館、グラウンド）","大分県別府市大字亀川231","33.325912","131.488031"
"大平山小学校（体育館、グラウンド）・大平山幼稚園","大分県別府市大字鶴見1991","33.301829","131.467694"
"鶴見台中学校（体育館、グラウンド）","大分県別府市大字鶴見3682-3","33.299323","131.48935"
"鶴見小学校（体育館、グラウンド）・鶴見幼稚園","大分県別府市大字鶴見4034","33.295539","131.468976"
"朝日小学校（体育館、グラウンド）・朝日幼稚園","大分県別府市大字鶴見615","33.309048","131.475541"
"朝日中学校（体育館、グラウンド）","大分県別府市大字鶴見950-5","33.311123","131.466745"
"実相寺中央公園集会所　集会室、和室","大分県別府市大字鶴見下馬松","33.298212","131.488392"
"実相寺中央公園","大分県別府市大字鶴見字実相寺山","33.299075","131.487009"
"扇山公民館　大ホール、和室１・２","大分県別府市大字鶴見字鶴見原4548-201","33.295131","131.467595"
"馬場公園","大分県別府市大字鶴見字馬場2706-1","33.308012","131.47757"
"北鉄輪公民館　大広間","大分県別府市大字鉄輪1346-3","33.320942","131.477121"
"鉄輪地獄地帯公園","大分県別府市大字鉄輪字フロムシ","33.311814","131.465582"
"亀川小学校（体育館、グラウンド）・亀川幼稚園","大分県別府市大字内竈1179","33.330394","131.491223"
"市営亀川住宅Ａ棟７階集会室","大分県別府市大字内竈1256-7","33.333477","131.488098"
"スパランド豊海第一幼児公園","大分県別府市大字内竈笹川3020-215","33.338704","131.487343"
"関の江新町公民館　集会室、会議室","大分県別府市大字内竈字前田3533-176","33.34282","131.489576"
"古市第３幼児（北新田）公園","大分県別府市大字内竈字北新田5-6","33.34505","131.494081"
"内竈第三幼児公園","大分県別府市大字内竈釿ノ掛前3150-92","33.337329","131.485872"
"南立石公園","大分県別府市大字南立石1884-1","33.291082","131.474127"
"南立石小学校（体育館、グラウンド）・南立石幼稚園","大分県別府市大字南立石1907-1","33.288786","131.472731"
"堀田公民館　集会室","大分県別府市大字南立石字ソコバタ943-1","33.288071","131.463161"
"南立石１区公民館（中津留公民館）　大広間","大分県別府市大字南立石字丸尾2239-1","33.282719","131.479753"
"南立石生目町公民館　集会室、和室１・２、柔剣道場","大分県別府市大字南立石字上向原1079-95","33.291384","131.465022"
"鶴見園町公民館　ホール、和室１・２","大分県別府市大字南立石字中津留道北2141-1","33.285793","131.476777"
"旧浜脇中学校（体育館、グラウンド）","大分県別府市大字浜脇1208","33.268165","131.508002"
"柳公民館　集会室","大分県別府市大字浜脇字隠山2302-3","33.258113","131.493408"
"東山小中学校（体育館、グラウンド）・東山幼稚園","大分県別府市大字別府4380-1","33.267515","131.448688"
"春木川小学校（体育館、グラウンド）・春木川幼稚園","大分県別府市大字北石垣1218-5","33.307075","131.496238"
"上人小学校（体育館、グラウンド）・上人幼稚園","大分県別府市大字北石垣171","33.316252","131.492285"
"別府市春木川ふれあい交流センター　研修室１・２、会議室","大分県別府市大字北石垣字祝保1200-3","33.306835","131.498616"
"野田公民館（集会室）","大分県別府市大字野田字千引257","33.324907","131.480961"
"大所公民館　集会室","大分県別府市大所２組","33.350703","131.464942"
"古賀の口チビッコ広場（大畑公園）","大分県別府市大畑１８組","33.300396","131.47098"
"大畑公民館　大会議室、会議室１・２","大分県別府市大畑４組2","33.303493","131.475424"
"竹の内公民館　集会室、和室、会議室","大分県別府市竹の内５組2","33.304747","131.465247"
"不老泉（集会室）","大分県別府市中央町7-16","33.277054","131.500379"
"中須賀児童公園","大分県別府市中須賀元町９組","33.309452","131.489832"
"中須賀元町・本町公民館　集会室","大分県別府市中須賀本町９組","33.309031","131.493108"
"別府西中学校（体育館、グラウンド）","大分県別府市中島町7-49","33.273893","131.492456"
"山田（桃太郎）公園","大分県別府市朝見1-13","33.271469","131.499138"
"朝見一丁目２区公民館　集会室、和室","大分県別府市朝見1-7-36","33.269437","131.500664"
"鳥越公民館　集会室","大分県別府市鳥越３組","33.261753","131.506757"
"鶴見公民館　ホール、和室、洋室","大分県別府市鶴見８組1","33.300302","131.477843"
"西部地区公民館","大分県別府市鶴見園町2-7","33.285894","131.48093"
"鉄輪東公園","大分県別府市鉄輪東１組","33.314524","131.484081"
"鉄輪東公民館　会議室、和室","大分県別府市鉄輪東４組2","33.315761","131.479947"
"野口公園","大分県別府市天満町17","33.288047","131.495743"
"鶴見ヶ丘児童公園","大分県別府市東荘園3-1","33.291902","131.48618"
"東荘園公民館　集会室、会議室、控室","大分県別府市東荘園４－２組","33.293115","131.486457"
"中部中学校（体育館、グラウンド）","大分県別府市東荘園町4-1-15","33.29301","131.489409"
"緑丘小学校（体育館、グラウンド）・緑丘幼稚園","大分県別府市東荘園町8-1-45","33.296947","131.485681"
"湯山コミュニティーセンター　休憩室、研修室","大分県別府市湯山４組","33.325106","131.454397"
"内成公民館　大広間、集会室","大分県別府市内成舟子川1237-1","33.233963","131.486582"
"内竈公民館　多目的ホール、研修室","大分県別府市内竈１５組1","33.331091","131.484429"
"中部地区公民館","大分県別府市南須賀町2-26","33.301829","131.490206"
"青山中学校（体育館、グラウンド）","大分県別府市南荘園町6-31","33.288373","131.482758"
"荘園・南荘園町公民館　集会室、会議室","大分県別府市南荘園町１組","33.290124","131.482574"
"おひさまパーク　屋上","大分県別府市南町7-22","33.270864","131.505238"
"馬場公民館　会議室、和室１・２、集会室","大分県別府市馬場３組1","33.307045","131.478517"
"仲良公園","大分県別府市浜町10","33.273085","131.508174"
"浜脇公園","大分県別府市浜脇1-6","33.270036","131.510218"
"南部地区公民館","大分県別府市浜脇1-8-20","33.269672","131.508335"
"南小学校（体育館、グラウンド）・南幼稚園","大分県別府市浜脇3-7-13","33.270645","131.503228"
"あすなろ館（遊戯ホール等）","大分県別府市平田町14-24","33.321389","131.49553"
"北中公民館　ホール、洋室","大分県別府市北中４組","33.312114","131.477689"
"的ヶ浜公園","大分県別府市北的ケ浜町1183-4","33.284158","131.505462"
"北浜公園","大分県別府市北浜1-818-386","33.278768","131.506856"
"海門寺公園","大分県別府市北浜2-2","33.280133","131.50357"
"堀田温泉　休憩室","大分県別府市堀田12-5","33.288533","131.461079"
"明礬グラウンド","大分県別府市明礬","33.31532","131.452761"
"野口ふれあい交流センター","大分県別府市野口元町12-43","33.283907","131.499355"
"別府公園","大分県別府市野口原3018-1","33.282005","131.491151"
"野口原総合運動場","大分県別府市野口原3088-9","33.28697","131.487664"
"両郡橋公民館　集会室","大分県別府市両郡橋１０組","33.264661","131.516496"
"中核工業団地「丘の公園」","大分県豊後高田市かなえ台42","33.549572","131.484824"
"臼野小学校　グラウンド","大分県豊後高田市臼野2874","33.627384","131.492922"
"真玉市民グラウンド","大分県豊後高田市臼野4315-2","33.629249","131.476505"
"粟嶋公園","大分県豊後高田市臼野7-6","33.645889","131.486636"
"白石児童公園","大分県豊後高田市界1606-2","33.54705","131.43243"
"桂陽小学校　グラウンド","大分県豊後高田市玉津1053","33.562431","131.441932"
"大分県立高田高等学校　グラウンド","大分県豊後高田市玉津1834-1","33.568299","131.443794"
"高田中学校　グラウンド","大分県豊後高田市玉津473","33.562081","131.447523"
"三浦小学校　グラウンド","大分県豊後高田市堅来4455","33.639426","131.501323"
"長崎鼻リゾートキャンプ場","大分県豊後高田市見目4060","33.681885","131.524889"
"香々地中学校　グラウンド","大分県豊後高田市香々地3400","33.664182","131.526422"
"香々地市民グラウンド","大分県豊後高田市香々地6517","33.662674","131.507346"
"旧上真玉小学校　グラウンド","大分県豊後高田市黒土10","33.587365","131.524229"
"河内小学校　グラウンド","大分県豊後高田市佐野2017","33.534642","131.467978"
"河内中学校　グラウンド","大分県豊後高田市佐野4993","33.536797","131.464657"
"戴星学園　グラウンド","大分県豊後高田市松行363","33.565656","131.522257"
"旧三重小学校　グラウンド","大分県豊後高田市上香々地4389","33.628246","131.539688"
"和光保育園　園庭","大分県豊後高田市新栄1220-2","33.578583","131.449905"
"旧都甲小学校　グラウンド","大分県豊後高田市新城83","33.560037","131.525733"
"高田市民グラウンド","大分県豊後高田市水崎1096","33.550486","131.419727"
"大村グラウンド","大分県豊後高田市西真玉3081-1","33.602141","131.474865"
"旧真玉小学校　グラウンド","大分県豊後高田市西真玉3320","33.599701","131.477129"
"草地小学校　グラウンド","大分県豊後高田市草地292-2","33.575952","131.461472"
"旧真玉火葬場跡地","大分県豊後高田市中真玉555","33.615723","131.47244"
"真玉小学校　グラウンド","大分県豊後高田市中真玉5809","33.600121","131.492342"
"田染小学校　グラウンド","大分県豊後高田市田染相原50","33.514778","131.520901"
"田染中学校　グラウンド","大分県豊後高田市田染池部1742","33.515177","131.520203"
"旧美和分校　グラウンド","大分県豊後高田市美和1057","33.555429","131.463438"
"来縄児童公園","大分県豊後高田市来縄316-1","33.548797","131.443281"
"割掛遺跡史跡公園","大分県豊後高田市来縄3423","33.546013","131.451426"
"犬飼小学校体育館","大分県豊後大野市犬飼町久原711","33.071448","131.642054"
"犬飼中学校体育館","大分県豊後大野市犬飼町久原900","33.072706","131.639269"
"犬飼支所","大分県豊後大野市犬飼町犬飼28","33.071706","131.634978"
"犬飼公民館","大分県豊後大野市犬飼町田原1476","33.066209","131.632282"
"新田小学校体育館","大分県豊後大野市三重町久田1220","32.970591","131.559183"
"三重農村環境改善センター","大分県豊後大野市三重町玉田1128","32.978038","131.572508"
"三重第一小学校体育館","大分県豊後大野市三重町市場1062-1","32.977383","131.579331"
"中央公民館","大分県豊後大野市三重町市場1200","32.977579","131.584097"
"三重東小学校体育館","大分県豊後大野市三重町小坂3959","32.989129","131.609366"
"百枝小学校体育館","大分県豊後大野市三重町西泉1512","33.001837","131.578343"
"菅尾小学校体育館・すがお地域交流センター","大分県豊後大野市三重町浅瀬3304","33.019955","131.616691"
"三重中学校体育館","大分県豊後大野市三重町内田1050","32.97734","131.589996"
"大原総合体育館","大分県豊後大野市三重町百枝1086-35","32.9896","131.585419"
"緒方小学校体育館","大分県豊後大野市緒方町馬場100","32.972204","131.472692"
"緒方公民館","大分県豊後大野市緒方町馬場41-1","32.970762","131.473155"
"清川小中学校体育館","大分県豊後大野市清川町砂田1795","32.968461","131.514847"
"神楽会館","大分県豊後大野市清川町砂田810","32.971913","131.519021"
"千歳公民館","大分県豊後大野市千歳町新殿706-1","33.040327","131.596608"
"千歳小中学校体育館","大分県豊後大野市千歳町新殿809-1","33.040394","131.597592"
"大野中学校体育館","大分県豊後大野市大野町田中2135","33.042196","131.501276"
"大野小学校体育館","大分県豊後大野市大野町田中2261","33.04237","131.50202"
"大野支所","大分県豊後大野市大野町田中55-1","33.037868","131.50193"
"豊後大野市隣保館","大分県豊後大野市大野町田中74-1","33.037902","131.501894"
"大野公民館","大分県豊後大野市大野町田中81-1","33.03842","131.50161"
"朝地小中学校体育館","大分県豊後大野市朝地町朝地2030","33.013552","131.430098"
"朝地公民館","大分県豊後大野市朝地町坪泉494","33.002693","131.430273"
"道の駅あさじ","大分県豊後大野市朝地町板井迫1018-1","32.996238","131.443866"
"旧阿蘇野小学校","大分県由布市庄内町阿蘇野4331","33.137442","131.345625"
"由布市役所本庁舎","大分県由布市庄内町柿原302","33.179996","131.426842"
"庄内中学校","大分県由布市庄内町柿原49","33.185642","131.435783"
"西庄内小学校","大分県由布市庄内町高岡417-1","33.184285","131.409845"
"西庄内幼稚園","大分県由布市庄内町高岡417-1","33.184494","131.409668"
"ほのぼの工芸館","大分県由布市庄内町庄内原321-4","33.183759","131.400073"
"ほのぼの温泉館","大分県由布市庄内町庄内原355-1","33.183493","131.400057"
"ほのぼのプラザ","大分県由布市庄内町庄内原365-1","33.184056","131.400178"
"旧星南小学校グラウンド","大分県由布市庄内町西1061","33.190111","131.373426"
"ゆふ移住交流センター星とぴあ","大分県由布市庄内町西1062-1","33.189905","131.373225"
"由布支援学校","大分県由布市庄内町西長宝1796","33.187685","131.449238"
"庄内屋内競技場","大分県由布市庄内町大龍1314","33.175875","131.430617"
"庄内総合運動公園","大分県由布市庄内町大龍1400","33.177615","131.431118"
"庄内公民館","大分県由布市庄内町大龍1400","33.179515","131.431016"
"東庄内小学校","大分県由布市庄内町大龍1835","33.176458","131.435287"
"大龍東部１区自治公民館","大分県由布市庄内町大龍2031-2","33.177681","131.44074"
"庄内体育センター","大分県由布市庄内町大龍2131","33.178449","131.443312"
"由布高等学校","大分県由布市庄内町大龍2674-1","33.182181","131.453307"
"直山公民館","大分県由布市庄内町直野内山719-5","33.154559","131.356557"
"旧大津留小学校体育館","大分県由布市庄内町東大津留636","33.211502","131.441215"
"阿南小学校","大分県由布市庄内町東長宝523","33.186332","131.452684"
"阿南幼稚園","大分県由布市庄内町東長宝558","33.186919","131.453073"
"庄内ゆうゆう館","大分県由布市庄内町畑田851","33.197771","131.422473"
"旧南庄内小学校グラウンド","大分県由布市庄内町野畑1041","33.172387","131.399819"
"龍原自治公民館","大分県由布市庄内町龍原939","33.168008","131.460379"
"幸野公民館（下湯平農民研修センター）","大分県由布市湯布院町下湯平2500-1","33.19567","131.361894"
"畑地区自治公民館","大分県由布市湯布院町下湯平582-2","33.196448","131.351008"
"湯平地区公民館","大分県由布市湯布院町下湯平796","33.192557","131.338602"
"温湯区公民館","大分県由布市湯布院町川上1525-1","33.267586","131.363794"
"若杉地区自治公民館","大分県由布市湯布院町川上185-1","33.286648","131.341965"
"湯布院福祉センター","大分県由布市湯布院町川上2863","33.26123","131.359456"
"湯布院健康温泉館","大分県由布市湯布院町川上2863","33.260775","131.359901"
"乙丸地区公民館","大分県由布市湯布院町川上2938-1","33.263443","131.357094"
"乙丸温泉館","大分県由布市湯布院町川上2946-1","33.264089","131.358196"
"湯布院中央児童公園","大分県由布市湯布院町川上2999-1","33.265692","131.361255"
"ゆふいんラックホール","大分県由布市湯布院町川上3738-1","33.264359","131.355601"
"由布院小学校","大分県由布市湯布院町川上3758","33.264175","131.354748"
"並柳地区自治公民館","大分県由布市湯布院町川上643-1","33.275581","131.354254"
"佐土原地区集会所","大分県由布市湯布院町川上854-3","33.273137","131.362558"
"奥江公民館","大分県由布市湯布院町川西1981","33.215333","131.302501"
"川西小学校","大分県由布市湯布院町川西3716","33.235716","131.324107"
"山崎地区集会所","大分県由布市湯布院町川南1162-7","33.252009","131.351149"
"東石松３集会所","大分県由布市湯布院町川南35-1","33.259492","131.355137"
"西石松地区集会所","大分県由布市湯布院町川南387-1","33.25422","131.357184"
"湯布院中学校","大分県由布市湯布院町川北1179","33.256415","131.345679"
"湯布院Ｂ＆Ｇ海洋センター","大分県由布市湯布院町川北1205","33.256886","131.344209"
"石光地区集会所","大分県由布市湯布院町川北1243-2","33.260003","131.341758"
"荒木地区自治公民館","大分県由布市湯布院町川北241-1","33.262306","131.346799"
"下依区公民館","大分県由布市湯布院町中川1050-1","33.241771","131.334924"
"川西農村健康交流センター（川西地区公民館）","大分県由布市湯布院町中川1358-1","33.240053","131.324714"
"中依地区集会所","大分県由布市湯布院町中川330","33.24499","131.340528"
"塚原小学校体育館・塚原地区自治公民館","大分県由布市湯布院町塚原510-2","33.306868","131.387043"
"由布川地域交流センター","大分県由布市挾間町古野115-1","33.211282","131.524643"
"由布川小学校","大分県由布市挾間町古野211-1","33.210582","131.529002"
"由布市役所挾間庁舎","大分県由布市挾間町向原128-1","33.198144","131.513474"
"挾間体育センター","大分県由布市挾間町向原17-2","33.195861","131.517722"
"中洲賀グラウンド","大分県由布市挾間町向原4","33.19551","131.518869"
"挾間中学校","大分県由布市挾間町向原440","33.200414","131.510115"
"挾間小学校","大分県由布市挾間町向原89","33.198826","131.514905"
"時松農事集会所","大分県由布市挾間町時松632-2","33.205182","131.454296"
"赤野自治公民館","大分県由布市挾間町赤野409-4","33.209607","131.505789"
"丸田公民館","大分県由布市挾間町赤野819-2","33.211253","131.49622"
"由布川グラウンド","大分県由布市挾間町赤野839-1","33.211274","131.495337"
"谷小学校","大分県由布市挾間町谷699","33.186529","131.492931"
"中恵自治公民館","大分県由布市挾間町谷728-3","33.184743","131.493791"
"南田代ふれあいホール","大分県由布市挾間町田代378-1","33.223652","131.485737"
"旧石城西部小学校","大分県由布市挾間町田代388","33.225536","131.484886"
"詰公民館","大分県由布市挾間町内成3397-1","33.224647","131.466595"
"朴木農事集会所","大分県由布市挾間町朴木638-2","33.219421","131.456344"
"旧朴木小学校","大分県由布市挾間町朴木729-1","33.21931","131.457694"
"来鉢自治公民館","大分県由布市挾間町来鉢1210-1","33.219305","131.509745"
"石城小学校","大分県由布市挾間町来鉢31-1","33.222802","131.523198"
"はさま未来館","大分県由布市挾間町挾間104-1","33.199243","131.513233"