"施設名","所在地","緯度","経度"
"井原小学校","岡山県井原市井原町1113-1","34.60356","133.461771"
"井原幼稚園","岡山県井原市井原町1123-5","34.603085","133.462092"
"井原市立高等学校","岡山県井原市井原町1151","34.602387","133.462766"
"袋田公園","岡山県井原市井原町116","34.595985","133.465394"
"井原公民館","岡山県井原市井原町1243-1","34.603992","133.460293"
"井原高等学校","岡山県井原市井原町1802","34.604471","133.456217"
"井原市民会館","岡山県井原市井原町311-1","34.598053","133.464303"
"田中苑","岡山県井原市井原町326","34.598616","133.463913"
"向町公園","岡山県井原市井原町3557-1","34.609256","133.45572"
"倉掛公園","岡山県井原市井原町50","34.59708","133.469176"
"稲倉小学校","岡山県井原市下稲木町888","34.56872","133.463593"
"稲倉公民館","岡山県井原市下稲木町912-3","34.567978","133.464155"
"稲倉幼稚園","岡山県井原市下稲木町949-6","34.568272","133.463027"
"出部西部公園","岡山県井原市下出部町1-101-1","34.586746","133.440399"
"大曲公園","岡山県井原市下出部町1-101-2","34.586648","133.443777"
"井原リフレッシュ公園（静のゾーン）","岡山県井原市下出部町1141-1","34.580762","133.444987"
"馬引公園","岡山県井原市下出部町2-101-1","34.579916","133.438144"
"水掻公園","岡山県井原市下出部町2-101-2","34.583686","133.440529"
"株式会社イズミゆめタウン井原店","岡山県井原市下出部町2-11-2","34.583034","133.439568"
"定信公園","岡山県井原市高屋町1-101-1","34.576831","133.425099"
"高屋幼稚園","岡山県井原市高屋町1417","34.585089","133.43072"
"高屋小学校","岡山県井原市高屋町1998","34.587793","133.428521"
"橋詰公園","岡山県井原市高屋町2-101-1","34.57814","133.430706"
"高屋中学校","岡山県井原市高屋町2-9-1","34.579233","133.43014"
"坊地公園","岡山県井原市高屋町4-101-2","34.58117","133.435625"
"高屋公民館","岡山県井原市高屋町4-25-2","34.580293","133.436416"
"高屋南公園","岡山県井原市高屋町5-101-1","34.57856","133.435387"
"田渕公園","岡山県井原市笹賀町2-101-1","34.590166","133.442409"
"白海公園","岡山県井原市笹賀町2-101-2","34.591816","133.444415"
"横田公園","岡山県井原市笹賀町2-101-3","34.590406","133.445957"
"ジャンボ井原店","岡山県井原市笹賀町2-20-1","34.589202","133.444206"
"地場産業振興センター","岡山県井原市七日市町10","34.596092","133.467957"
"アクティブライフ井原","岡山県井原市七日市町12-1","34.595718","133.468097"
"七日市公園","岡山県井原市七日市町201","34.593799","133.470677"
"出部公民館","岡山県井原市上出部町1219-2","34.591441","133.459525"
"井原運動公園","岡山県井原市上出部町1583","34.590701","133.463412"
"井原体育館","岡山県井原市上出部町1671-1","34.588463","133.462637"
"出部小学校","岡山県井原市上出部町235-1","34.593283","133.458953"
"出部幼稚園","岡山県井原市上出部町318","34.593239","133.459544"
"上出部公園","岡山県井原市上出部町603","34.593214","133.466559"
"勤労者体育センター","岡山県井原市上出部町658-1","34.592264","133.466383"
"井原保健センター","岡山県井原市上出部町658-2","34.592442","133.466705"
"井原市グラウンド・ゴルフ場","岡山県井原市上出部町四季が丘20-2","34.58484","133.466617"
"ふれあいセンター","岡山県井原市神代町2192-1","34.60088","133.52214"
"西江原公民館・西江原幼児園","岡山県井原市西江原町1414","34.600463","133.48648"
"興譲館高等学校体育館","岡山県井原市西江原町1644-1","34.602253","133.476858"
"井原中学校","岡山県井原市西江原町2000","34.603784","133.470988"
"神戸公民館","岡山県井原市西江原町2352","34.603488","133.476962"
"立戸公園","岡山県井原市西江原町2944","34.602849","133.483143"
"亀迫城山公園","岡山県井原市西江原町409-5","34.605232","133.491845"
"西江原小学校","岡山県井原市西江原町567-1","34.600175","133.487536"
"青野小学校","岡山県井原市青野町2507-1","34.626437","133.470593"
"青野幼稚園","岡山県井原市青野町2575-1","34.625374","133.470204"
"青野公民館","岡山県井原市青野町3393","34.62475","133.470787"
"葡萄浪漫館","岡山県井原市青野町3535-3","34.625134","133.478183"
"相原公園","岡山県井原市大江町1096-13","34.577205","133.453305"
"井原リフレッシュ公園（動のゾーン）","岡山県井原市大江町1419-2","34.579169","133.451135"
"大江小学校","岡山県井原市大江町2886","34.570881","133.441911"
"大江幼稚園","岡山県井原市大江町2953","34.572106","133.441978"
"大江公民館","岡山県井原市大江町2965-3","34.572961","133.44137"
"青木公園","岡山県井原市東江原町1341-4","34.596237","133.500448"
"荏原小学校","岡山県井原市東江原町2584","34.602217","133.512724"
"荏原幼稚園","岡山県井原市東江原町2788-1","34.602268","133.511832"
"荏原公民館","岡山県井原市東江原町2803-1","34.601444","133.51149"
"早雲の里交流センター","岡山県井原市東江原町855-1","34.597246","133.507796"
"宇戸谷公民館","岡山県井原市美星町宇戸谷2058","34.710266","133.576465"
"宇頭公民館","岡山県井原市美星町烏頭229-2","34.691675","133.5781"
"向組公民館","岡山県井原市美星町黒忠1997-1","34.681557","133.513365"
"八日市公会堂","岡山県井原市美星町黒忠3049-1","34.682369","133.493233"
"宗安公民館","岡山県井原市美星町黒忠3653","34.69214","133.5018"
"加谷公民館","岡山県井原市美星町黒忠4757-1","34.691632","133.489798"
"本村城平公民館","岡山県井原市美星町黒忠862","34.687564","133.506811"
"黒木公民館","岡山県井原市美星町黒木39-2","34.632807","133.526222"
"美星公民館","岡山県井原市美星町三山1043-1","34.68317","133.541993"
"三山第２公民館","岡山県井原市美星町三山2410-2","34.688817","133.549974"
"三山第３公民館","岡山県井原市美星町三山4452-2","34.681798","133.548396"
"三山第１公民館","岡山県井原市美星町三山976-2","34.68304","133.538459"
"美星中学校","岡山県井原市美星町星田1","34.677018","133.529491"
"星の郷ふれあいセンター","岡山県井原市美星町星田2-10","34.675925","133.530113"
"美星海洋センター","岡山県井原市美星町星田2-14","34.675854","133.527025"
"東星田公民館","岡山県井原市美星町星田2997-2","34.661324","133.51184"
"北星田農村公園","岡山県井原市美星町星田4385-1","34.674812","133.499341"
"北星田公民館","岡山県井原市美星町星田4978-5","34.673374","133.496074"
"西星田公民館","岡山県井原市美星町星田7153-2","34.651413","133.500918"
"美星小学校","岡山県井原市美星町西水砂20","34.672232","133.532789"
"美星農村環境改善センター","岡山県井原市美星町西水砂2474-1","34.672893","133.533501"
"老人憩の家","岡山県井原市美星町西水砂2474-1","34.673511","133.533355"
"すぱーく美星","岡山県井原市美星町西水砂2474-4","34.673094","133.532585"
"西水砂公民館","岡山県井原市美星町西水砂258","34.660149","133.533629"
"大倉公民館","岡山県井原市美星町大倉1509-2","34.675564","133.55276"
"美星幼稚園","岡山県井原市美星町大倉2456-5","34.674363","133.533723"
"東水砂公民館","岡山県井原市美星町東水砂819-2","34.658599","133.551567"
"鷹山公民館","岡山県井原市美星町明治1527-2","34.693396","133.519862"
"六部落公民館","岡山県井原市美星町明治3172-8","34.709415","133.536667"
"美星運動場","岡山県井原市美星町明治330-2","34.676599","133.525482"
"星の郷テニス場","岡山県井原市美星町明治330-4","34.675261","133.525131"
"黒萩公民館","岡山県井原市美星町明治5481-2","34.705533","133.547972"
"水名公民館","岡山県井原市美星町明治7800-1","34.740421","133.542553"
"宇戸川コミュニティハウス","岡山県井原市芳井町宇戸川2208-6","34.648752","133.448879"
"芳井公民館共和分館","岡山県井原市芳井町下鴫2546","34.68607","133.407272"
"旧共和小学校","岡山県井原市芳井町下鴫2962-1","34.684359","133.409055"
"花滝コミュニティハウス","岡山県井原市芳井町花滝2730","34.671905","133.478715"
"明治ごんぼう村ふれあい広場","岡山県井原市芳井町花滝3712-3","34.666825","133.468664"
"梶江コミュニティハウス","岡山県井原市芳井町梶江531-1","34.621054","133.443233"
"芳井体育館","岡山県井原市芳井町吉井1675","34.630178","133.425813"
"芳井運動場","岡山県井原市芳井町吉井1851-1","34.628793","133.423576"
"西吉井コミュニティハウス","岡山県井原市芳井町吉井1927-3","34.628441","133.421857"
"芳井中学校","岡山県井原市芳井町吉井4052","34.627253","133.432691"
"芳井生涯学習センター","岡山県井原市芳井町吉井4058-1","34.626092","133.433046"
"芳井幼稚園","岡山県井原市芳井町吉井4103-1","34.628939","133.432665"
"芳井公民館","岡山県井原市芳井町吉井4103-2","34.629248","133.432875"
"芳井小学校","岡山県井原市芳井町吉井4114-1","34.628449","133.432439"
"東吉井コミュニティハウス","岡山県井原市芳井町吉井688","34.633934","133.427972"
"ＪＡ晴れの国岡山　井原芳井支店（２階、３階）","岡山県井原市芳井町吉井97","34.632621","133.435175"
"旧明治小学校","岡山県井原市芳井町種522","34.672061","133.456587"
"旧明治幼稚園","岡山県井原市芳井町種600","34.671401","133.455689"
"芳井公民館明治分館","岡山県井原市芳井町種603-3","34.671236","133.455077"
"上鴫コミュニティハウス","岡山県井原市芳井町上鴫383-3","34.694427","133.400899"
"芳井公民館三原分館","岡山県井原市芳井町西三原1299-1","34.717323","133.392875"
"川相コミュニティハウス","岡山県井原市芳井町川相1391","34.651659","133.410657"
"旧川相小学校","岡山県井原市芳井町川相1461","34.651192","133.40944"
"池井コミュニティハウス","岡山県井原市芳井町池谷1549-1","34.671111","133.430285"
"上市公会堂","岡山県井原市芳井町東三原1067","34.73443","133.397484"
"村入コミュニティハウス","岡山県井原市芳井町東三原3298-5","34.734679","133.367541"
"片塚コミュニティハウス","岡山県井原市芳井町片塚1838-1","34.660121","133.441733"
"与井コミュニティハウス","岡山県井原市芳井町与井132","34.625912","133.436609"
"冨士ベークライト㈱芳井工場　２階食堂","岡山県井原市芳井町与井200","34.62392","133.439539"
"簗瀬コミュニティハウス","岡山県井原市芳井町簗瀬389-2","34.619953","133.43434"
"笹井公園","岡山県井原市木之子町110-2","34.593635","133.493998"
"高月地区コミュニティハウス","岡山県井原市木之子町1971-6","34.584917","133.479867"
"平木公園","岡山県井原市木之子町2872","34.589984","133.49774"
"木之子小学校","岡山県井原市木之子町2946","34.590904","133.500451"
"木之子中学校","岡山県井原市木之子町2957-1","34.590181","133.500924"
"木之子幼稚園","岡山県井原市木之子町3047-1","34.587853","133.498445"
"木之子公民館","岡山県井原市木之子町618","34.589871","133.495942"
"淀農村公園","岡山県井原市門田町3651-1","34.575901","133.493044"
"県主小学校","岡山県井原市門田町649-1","34.570712","133.486765"
"県主幼稚園","岡山県井原市門田町712-1","34.570622","133.485433"
"県主公民館","岡山県井原市門田町745-1","34.571225","133.48682"
"野上公民館","岡山県井原市野上町3107-4","34.642786","133.500988"
"野上小学校","岡山県井原市野上町3201","34.64194","133.499983"
"野上幼稚園","岡山県井原市野上町3218-1","34.641865","133.499699"
"東公民館　乙多見分館","岡山県岡山市中区乙多見294","34.678816","133.979489"
"岡山県立岡山城東高等学校","岡山県岡山市中区下110","34.680248","133.99948"
"富山中学校","岡山県岡山市中区海吉1462-5","34.66411","133.98986"
"操南コミュニティハウス","岡山県岡山市中区桑野291-8","34.634069","133.974857"
"岡山ふれあいセンター","岡山県岡山市中区桑野715-2","34.618433","133.979322"
"宇野コミュニティハウス","岡山県岡山市中区原尾島1-9-1","34.673837","133.948774"
"宇野小学校","岡山県岡山市中区原尾島1-9-1","34.673621","133.948527"
"岡山県立岡山盲学校","岡山県岡山市中区原尾島4-16-53","34.6664","133.956478"
"岡山県立岡山朝日高等学校","岡山県岡山市中区古京町2-2-21","34.660481","133.943249"
"東山中学校","岡山県岡山市中区御幸町13-3","34.652831","133.933506"
"東山公園集会所","岡山県岡山市中区御成町15-26","34.657332","133.943524"
"幡多小学校","岡山県岡山市中区高屋254","34.674864","133.96622"
"東公民館","岡山県岡山市中区高屋344-1","34.674264","133.968929"
"旭竜コミュニティハウス","岡山県岡山市中区高島1-8-5","34.686115","133.948841"
"操山公民館　三勲分館","岡山県岡山市中区国富1039-18","34.669249","133.9394"
"操山中学校","岡山県岡山市中区国富3-11-1","34.666306","133.950604"
"操山公民館","岡山県岡山市中区国富3-9-12","34.667782","133.949298"
"高島コミュニティハウス","岡山県岡山市中区国府市場117-1","34.691778","133.962948"
"高島小学校","岡山県岡山市中区国府市場131","34.690715","133.96278"
"高島公民館","岡山県岡山市中区国府市場99-5","34.691272","133.960126"
"竜之口コミュニティハウス","岡山県岡山市中区四御神201-1","34.693654","133.980866"
"竜之口小学校","岡山県岡山市中区四御神266","34.695087","133.978023"
"旭東コミュニティハウス","岡山県岡山市中区小橋町2-4-34","34.656397","133.936109"
"高島中学校","岡山県岡山市中区賞田190-1","34.692427","133.959831"
"操山公民館　宇野分館","岡山県岡山市中区西川原1-7-30","34.676268","133.935883"
"竜操中学校","岡山県岡山市中区赤田188-1","34.680872","133.966051"
"旭操小学校","岡山県岡山市中区倉富160","34.645814","133.972163"
"旭操コミュニティハウス","岡山県岡山市中区倉富160-1","34.644889","133.972383"
"操山公園里山センター","岡山県岡山市中区沢田649-2","34.663244","133.961718"
"操山公民館　竹田分館","岡山県岡山市中区竹田106-2","34.682401","133.939468"
"財田コミュニティハウス","岡山県岡山市中区長岡4-101","34.682834","133.984777"
"財田小学校","岡山県岡山市中区長岡58-2","34.684424","133.986215"
"岡山県立東岡山工業高等学校","岡山県岡山市中区土田290-1","34.687799","133.98579"
"岡山県立岡山聾学校","岡山県岡山市中区土田51","34.692202","133.988468"
"岡山県立岡山東商業高等学校","岡山県岡山市中区東山3-1-6","34.652038","133.94138"
"操南中学校","岡山県岡山市中区藤崎130-2","34.631779","133.969553"
"操南公民館","岡山県岡山市中区藤崎201-4","34.62896","133.965573"
"操南小学校","岡山県岡山市中区藤崎45","34.630453","133.965336"
"操明小学校","岡山県岡山市中区藤崎721-3","34.616644","133.974373"
"三勲小学校","岡山県岡山市中区徳吉町1-1-21","34.659601","133.940571"
"旭竜小学校","岡山県岡山市中区八幡8-1","34.688065","133.947284"
"操山公民館　浜川原分館","岡山県岡山市中区浜1-3-16","34.673439","133.934175"
"岡山県立岡山操山高等学校","岡山県岡山市中区浜412","34.673707","133.939799"
"富山小学校","岡山県岡山市中区福泊233","34.6547","133.974912"
"富山公民館","岡山県岡山市中区福泊246-1","34.656512","133.976255"
"富山コミュニティハウス","岡山県岡山市中区福泊321-2","34.657716","133.978523"
"平井コミュニティハウス","岡山県岡山市中区平井3-927-1","34.637408","133.949964"
"東山公民館","岡山県岡山市中区平井4-13-33","34.638247","133.947261"
"平井小学校","岡山県岡山市中区平井4-19-52","34.638387","133.945414"
"旭東小学校","岡山県岡山市中区門田屋敷本町1-17","34.655614","133.936653"
"上道公民館　御休分館","岡山県岡山市東区一日市250-3","34.713033","134.083033"
"大宮コミュニティハウス","岡山県岡山市東区下阿知860","34.624561","134.097511"
"可知小学校","岡山県岡山市東区可知1-83-2","34.660041","134.000939"
"可知コミュニティハウス","岡山県岡山市東区可知3-1-15","34.659908","134.002429"
"西大寺公民館　久保東分館","岡山県岡山市東区河本町29","34.662958","134.050277"
"西大寺南小学校","岡山県岡山市東区金岡西町435-1","34.643242","134.024629"
"西大寺南コミュニティハウス","岡山県岡山市東区金岡東町1-11-53","34.645033","134.027712"
"上南公民館　金田分館","岡山県岡山市東区金田1077","34.631688","134.019092"
"開成小学校","岡山県岡山市東区金田1524","34.626397","134.024167"
"上南中学校","岡山県岡山市東区金田722","34.636833","134.013936"
"開成コミュニティハウス","岡山県岡山市東区九蟠1036-1","34.61641","134.023749"
"上南公民館","岡山県岡山市東区君津636","34.628423","134.014117"
"犬島自然の家","岡山県岡山市東区犬島119-1","34.564589","134.099857"
"犬島コミュニティハウス","岡山県岡山市東区犬島326-18","34.565982","134.104876"
"古都コミュニティハウス","岡山県岡山市東区古都宿306","34.690421","134.000379"
"古都小学校","岡山県岡山市東区古都宿453-1","34.693509","134.00029"
"西大寺公民館","岡山県岡山市東区向州1-1","34.65499","134.039836"
"角山小学校","岡山県岡山市東区才崎389","34.6912","134.064527"
"角山コミュニティハウス","岡山県岡山市東区才崎394-7","34.690974","134.064642"
"山南公民館　大宮分館","岡山県岡山市東区宿毛359-1","34.624013","134.083309"
"上南公民館　政田分館","岡山県岡山市東区升田1-1","34.624252","134.010543"
"浮田小学校","岡山県岡山市東区沼1725","34.705799","134.035112"
"大宮小学校","岡山県岡山市東区上阿知967","34.625913","134.098589"
"浮田コミュニティハウス","岡山県岡山市東区上道北方869-5","34.70036","134.016364"
"城東台小学校","岡山県岡山市東区城東台西3-6-3","34.691674","134.024355"
"城東台コミュニティハウス","岡山県岡山市東区城東台西3-6-4","34.691715","134.023685"
"太伯小学校","岡山県岡山市東区神崎町860","34.629557","134.058347"
"太伯コミュニティハウス","岡山県岡山市東区神崎町978-1","34.631249","134.056644"
"幸島小学校","岡山県岡山市東区水門町571","34.610505","134.062374"
"幸島コミュニティハウス","岡山県岡山市東区水門町749-8","34.611653","134.058192"
"岡山県立瀬戸南高等学校","岡山県岡山市東区瀬戸町沖88","34.723351","134.042209"
"岡山県立瀬戸高等学校","岡山県岡山市東区瀬戸町光明谷316-1","34.740172","134.041697"
"岡山県立岡山瀬戸高等支援学校","岡山県岡山市東区瀬戸町江尻1326","34.723273","134.049261"
"江西小学校","岡山県岡山市東区瀬戸町江尻1399-2","34.725894","134.044144"
"瀬戸町江尻レストパーク管理棟","岡山県岡山市東区瀬戸町江尻990","34.721048","134.050243"
"瀬戸中学校","岡山県岡山市東区瀬戸町瀬戸444","34.738629","134.040688"
"瀬戸公民館","岡山県岡山市東区瀬戸町瀬戸54-1","34.734381","134.038601"
"千種小学校","岡山県岡山市東区瀬戸町鍛冶屋391","34.76029","134.073028"
"瀬戸町総合運動公園体育館","岡山県岡山市東区瀬戸町南方1311","34.748056","134.06935"
"万富公民館","岡山県岡山市東区瀬戸町万富257","34.758902","134.077082"
"政田コミュニティハウス","岡山県岡山市東区政津1032-3","34.633486","134.002306"
"政田小学校","岡山県岡山市東区政津850","34.634083","134.002273"
"御休コミュニティハウス","岡山県岡山市東区西祖137-4","34.709909","134.079652"
"御休小学校","岡山県岡山市東区西祖179","34.708221","134.073153"
"旭東公民館","岡山県岡山市東区西大寺松崎310-1","34.663886","134.012187"
"芥子山小学校","岡山県岡山市東区西大寺松崎97","34.663287","134.010981"
"西大寺小学校","岡山県岡山市東区西大寺上1-19-21","34.658091","134.031198"
"西大寺中学校","岡山県岡山市東区西大寺上1-20-60","34.657764","134.032481"
"岡山県立西大寺高等学校","岡山県岡山市東区西大寺上2-1-17","34.658393","134.034388"
"豊コミュニティハウス","岡山県岡山市東区西大寺川口125-2","34.650498","134.045943"
"豊小学校","岡山県岡山市東区西大寺川口130-2","34.649679","134.046263"
"西大寺コミュニティハウス","岡山県岡山市東区西大寺中1-4-32","34.653776","134.032491"
"西大寺ふれあいセンター","岡山県岡山市東区西大寺中2-16-33","34.65656","134.035055"
"西大寺公民館　中野分館","岡山県岡山市東区西大寺中野本町2-25","34.655158","134.028781"
"西大寺緑花公園百花プラザ","岡山県岡山市東区西大寺南1-2-3","34.650183","134.028924"
"西大寺公民館　西大寺北分館","岡山県岡山市東区西大寺北934-6","34.663166","134.038648"
"朝日小学校","岡山県岡山市東区西片岡83","34.602976","134.084084"
"旭東中学校","岡山県岡山市東区大多羅町276","34.665953","134.004211"
"平島小学校","岡山県岡山市東区東平島1293","34.713613","134.048818"
"平島コミュニティハウス","岡山県岡山市東区東平島1326-1","34.712717","134.049865"
"上道公民館","岡山県岡山市東区東平島191","34.698163","134.053183"
"朝日コミュニティハウス","岡山県岡山市東区東片岡4981-3","34.604499","134.086183"
"上道中学校","岡山県岡山市東区南古都714","34.698837","134.050842"
"雄神小学校","岡山県岡山市東区富崎218","34.671813","134.041335"
"雄神コミュニティハウス","岡山県岡山市東区富崎684-2","34.671618","134.041953"
"山南中学校","岡山県岡山市東区北幸田509-1","34.622465","134.061146"
"山南公民館","岡山県岡山市東区邑久郷688","34.61581","134.071111"
"浦安総合公園西地区管理事務所","岡山県岡山市南区浦安西町148-1","34.600607","133.912682"
"岡山市総合文化体育館","岡山県岡山市南区浦安南町493-2","34.600129","133.915812"
"浦安小学校","岡山県岡山市南区浦安本町95","34.604193","133.919637"
"浦安コミュニティハウス","岡山県岡山市南区浦安本町98-2","34.603257","133.918879"
"光南台公民館","岡山県岡山市南区宮浦1324","34.59326","133.993503"
"福田小学校","岡山県岡山市南区古新田1095","34.62463","133.87039"
"福田公民館","岡山県岡山市南区古新田1186","34.624879","133.872373"
"平福コミュニティハウス","岡山県岡山市南区三浜町1-1-19","34.617226","133.947375"
"福浜中学校","岡山県岡山市南区三浜町2-3-26","34.615979","133.943475"
"山田グリーンパーク","岡山県岡山市南区山田2263-2","34.62252","133.846512"
"福田中学校","岡山県岡山市南区山田544-3","34.625516","133.859534"
"岡南公民館","岡山県岡山市南区若葉町22-16","34.610663","133.945937"
"小串コミュニティハウス","岡山県岡山市南区小串2431-1","34.595217","134.029641"
"小串小学校","岡山県岡山市南区小串3379","34.596073","134.028425"
"植松児童館","岡山県岡山市南区植松397","34.549321","133.822618"
"芳田コミュニティハウス","岡山県岡山市南区新保675-1","34.629389","133.908215"
"灘崎公民館　西紅陽台分館","岡山県岡山市南区西紅陽台3-1-130","34.544565","133.889831"
"西高崎ふれあいプラザ","岡山県岡山市南区西高崎45-40","34.546188","133.880241"
"芳田公民館","岡山県岡山市南区西市96-1","34.633193","133.904838"
"七区コミュニティハウス","岡山県岡山市南区西七区231","34.550588","133.895509"
"福島コミュニティハウス","岡山県岡山市南区千鳥町26-22","34.61102","133.948316"
"灘崎公民館　川張分館","岡山県岡山市南区川張468-1","34.545951","133.855694"
"芳田小学校","岡山県岡山市南区泉田408","34.627474","133.908139"
"曽根小学校","岡山県岡山市南区曽根139-2","34.563159","133.839707"
"曽根コミュニティハウス","岡山県岡山市南区曽根65-3","34.558587","133.840642"
"福田コミュニティハウス","岡山県岡山市南区大福501","34.619877","133.880125"
"福南中学校","岡山県岡山市南区築港ひかり町10-35","34.602308","133.938341"
"興除公民館","岡山県岡山市南区中畦589-1","34.588249","133.853848"
"興除中学校","岡山県岡山市南区中畦589-4","34.588103","133.85326"
"興除小学校","岡山県岡山市南区中畦593","34.588218","133.852258"
"東疇小学校","岡山県岡山市南区東畦656-2","34.605845","133.878789"
"東畦コミュニティハウス","岡山県岡山市南区東畦815-9","34.599487","133.872556"
"芳田中学校","岡山県岡山市南区当新田468-1","34.62224","133.900123"
"岡山県立興陽高等学校","岡山県岡山市南区藤田1500","34.584745","133.890616"
"第三藤田コミュニティハウス","岡山県岡山市南区藤田1729","34.585418","133.893065"
"第三藤田小学校","岡山県岡山市南区藤田1757","34.583631","133.897462"
"第一藤田小学校","岡山県岡山市南区藤田349","34.577627","133.875477"
"藤田中学校","岡山県岡山市南区藤田400","34.58605","133.876469"
"藤田公民館","岡山県岡山市南区藤田508","34.591467","133.881104"
"第二藤田コミュニティハウス","岡山県岡山市南区藤田594-8","34.603799","133.891254"
"第二藤田小学校","岡山県岡山市南区藤田595","34.605717","133.89282"
"藤田児童館","岡山県岡山市南区藤田724-128","34.618751","133.904564"
"第一藤田コミュニティハウス","岡山県岡山市南区藤田92-1","34.562313","133.856158"
"興除コミュニティハウス","岡山県岡山市南区内尾196-3","34.602306","133.84904"
"岡山県立岡山南支援学校","岡山県岡山市南区内尾721-3","34.592369","133.867422"
"南輝小学校","岡山県岡山市南区南輝3-6-9","34.606199","133.935096"
"迫川コミュニティハウス","岡山県岡山市南区迫川1088","34.533643","133.877695"
"灘崎小学校迫川分校","岡山県岡山市南区迫川1094","34.53345","133.877911"
"彦崎小学校","岡山県岡山市南区彦崎2642","34.548936","133.837174"
"灘崎公民館　彦崎分館","岡山県岡山市南区彦崎2686","34.549699","133.838121"
"南ふれあいセンター","岡山県岡山市南区福田690-1","34.618477","133.916414"
"福浜公民館","岡山県岡山市南区福富中1-16-22","34.62296","133.937974"
"福浜小学校","岡山県岡山市南区福富東1-1-1","34.624072","133.939051"
"平福小学校","岡山県岡山市南区平福1-7-1","34.619318","133.949959"
"南輝コミュニティハウス","岡山県岡山市南区並木町2-15-1","34.60965","133.943062"
"片岡児童館","岡山県岡山市南区片岡1030-4","34.540455","133.863453"
"灘崎コミュニティハウス","岡山県岡山市南区片岡1079","34.541024","133.862804"
"灘崎小学校","岡山県岡山市南区片岡1091","34.541649","133.863137"
"ウェルポートなださき","岡山県岡山市南区片岡159-1","34.543671","133.867529"
"灘崎公民館","岡山県岡山市南区片岡159-1","34.543639","133.865247"
"灘崎文化センター","岡山県岡山市南区片岡186","34.543798","133.865864"
"サウスヴィレッジ","岡山県岡山市南区片岡2468","34.548023","133.86669"
"灘崎中学校","岡山県岡山市南区片岡770","34.540282","133.866307"
"岡山県立岡山芳泉高等学校","岡山県岡山市南区芳泉3-1-1","34.622426","133.915349"
"芳泉中学校","岡山県岡山市南区芳泉3-2-1","34.622424","133.916372"
"南公民館","岡山県岡山市南区芳泉3-2-2","34.622009","133.916355"
"芳泉小学校","岡山県岡山市南区芳泉3-2-3","34.622227","133.916365"
"芳泉コミュニティハウス","岡山県岡山市南区豊成1-18-15","34.630165","133.928524"
"甲浦小学校","岡山県岡山市南区飽浦250","34.591343","133.97262"
"光南台中学校","岡山県岡山市南区飽浦390","34.590829","133.973306"
"甲浦コミュニティハウス","岡山県岡山市南区飽浦413-1","34.590476","133.973562"
"光南台公民館　甲浦分館","岡山県岡山市南区北浦548-1","34.584157","133.967423"
"七区小学校","岡山県岡山市南区北七区61-3","34.556086","133.910104"
"七区児童館","岡山県岡山市南区北七区61-8","34.555724","133.912374"
"妹尾中学校","岡山県岡山市南区妹尾1212","34.615293","133.864656"
"妹尾小学校","岡山県岡山市南区妹尾1353","34.61149","133.867298"
"西ふれあいセンター","岡山県岡山市南区妹尾880-1","34.611283","133.863059"
"芳明小学校","岡山県岡山市南区万倍1","34.628058","133.897633"
"妹尾公民館","岡山県岡山市南区箕島1025-1","34.610666","133.861199"
"箕島コミュニティハウス","岡山県岡山市南区箕島2325-1","34.610509","133.849971"
"箕島小学校","岡山県岡山市南区箕島2384","34.611099","133.848811"
"福島小学校","岡山県岡山市南区立川町3-37","34.6082","133.947196"
"岡南コミュニティハウス","岡山県岡山市北区旭本町1-1","34.644061","133.927956"
"岡輝公民館","岡山県岡山市北区旭本町1-80","34.644047","133.928266"
"伊島小学校","岡山県岡山市北区伊島町1-6-6","34.676106","133.910763"
"伊島コミュニティハウス","岡山県岡山市北区伊島町1-9-15","34.677186","133.911707"
"京山公民館","岡山県岡山市北区伊島町2-9-38","34.680029","133.911729"
"烏城高等学校／生涯学習センター","岡山県岡山市北区伊島町3-1-1","34.676374","133.907635"
"岡山県立岡山工業高等学校","岡山県岡山市北区伊福町4-3-92","34.671958","133.910364"
"一宮公民館","岡山県岡山市北区一宮638-1","34.676825","133.867063"
"中山小学校","岡山県岡山市北区一宮702","34.673961","133.86755"
"岡山県立岡山南高等学校","岡山県岡山市北区奥田2-4-7","34.643461","133.923365"
"横井小学校","岡山県岡山市北区横井上178","34.706257","133.903668"
"岡輝中学校","岡山県岡山市北区岡町12-17","34.648551","133.922437"
"岡南小学校","岡山県岡山市北区岡南町2-4-5","34.641585","133.926454"
"石井中学校","岡山県岡山市北区下伊福上町10-9","34.667533","133.902405"
"岡西公民館","岡山県岡山市北区下伊福西町1-48","34.664673","133.902017"
"三門小学校","岡山県岡山市北区下伊福西町5-37","34.666163","133.900109"
"高田コミュニティハウス","岡山県岡山市北区下高田309-2","34.765298","133.825005"
"足守コミュニティハウス","岡山県岡山市北区下足守1960","34.720177","133.806319"
"津高公民館","岡山県岡山市北区栢谷1677","34.726153","133.906809"
"野谷小学校","岡山県岡山市北区栢谷259-1","34.72788","133.901201"
"岡山県立岡山支援学校","岡山県岡山市北区祇園866","34.707163","133.956459"
"香和中学校","岡山県岡山市北区吉宗590","34.731336","133.904173"
"鯉山小学校","岡山県岡山市北区吉備津1444","34.671413","133.84605"
"鯉山コミュニティハウス","岡山県岡山市北区吉備津288","34.673096","133.838818"
"御南コミュニティハウス","岡山県岡山市北区久米91","34.643485","133.872043"
"岡山中央小学校","岡山県岡山市北区弓之町9-27","34.670977","133.928114"
"牧石小学校","岡山県岡山市北区玉柏2108","34.71495","133.951418"
"牧石コミュニティハウス","岡山県岡山市北区玉柏2127-2","34.714216","133.950381"
"竹枝小学校","岡山県岡山市北区建部町吉田1504","34.843206","133.923248"
"竹枝コミュニティハウス","岡山県岡山市北区建部町吉田808-1","34.83727","133.913041"
"建部中学校","岡山県岡山市北区建部町建部上734","34.856972","133.90643"
"建部町公民館　西原分館","岡山県岡山市北区建部町西原294-3","34.835366","133.896493"
"福渡小学校","岡山県岡山市北区建部町川口1302","34.888317","133.902053"
"たけべの森公園","岡山県岡山市北区建部町田地子1571-40","34.857624","133.872906"
"建部小学校","岡山県岡山市北区建部町富沢366","34.855781","133.901816"
"建部町公民館","岡山県岡山市北区建部町福渡496-1","34.869461","133.903481"
"御津小学校","岡山県岡山市北区御津宇垣1212","34.791029","133.928116"
"御津中学校","岡山県岡山市北区御津宇垣1227","34.791903","133.930633"
"御津老人福祉センター","岡山県岡山市北区御津宇垣1227-2","34.790533","133.931648"
"御津公民館","岡山県岡山市北区御津宇垣1629","34.784589","133.928606"
"岡山県立岡山御津高等学校","岡山県岡山市北区御津金川940","34.797524","133.935418"
"金川地区コミュニティハウス","岡山県岡山市北区御津金川962-1","34.798287","133.934418"
"御津スポーツパーク（体育館他）","岡山県岡山市北区御津高津1566","34.8096","133.890112"
"宇甘東地区コミュニティハウス","岡山県岡山市北区御津高津1630","34.80915","133.89402"
"御津南保育園","岡山県岡山市北区御津国ケ原1024","34.773315","133.936436"
"葛城地区コミュニティハウス","岡山県岡山市北区御津国ケ原374-1","34.771927","133.943409"
"宇甘西地区コミュニティハウス","岡山県岡山市北区御津紙工2568","34.82249","133.857147"
"五城地区コミュニティハウス","岡山県岡山市北区御津新庄3047-1","34.816528","133.965432"
"五城小学校","岡山県岡山市北区御津新庄3055","34.816971","133.966581"
"御津南地区コミュニティハウス","岡山県岡山市北区御津野々口485","34.767256","133.930636"
"御津南小学校","岡山県岡山市北区御津野之口1616","34.773574","133.930069"
"出石コミュニティハウス","岡山県岡山市北区幸町10-10","34.661067","133.921351"
"西川アイプラザ","岡山県岡山市北区幸町10-16","34.661096","133.921998"
"旭公民館","岡山県岡山市北区広瀬町3-26","34.67621","133.927921"
"高松中学校","岡山県岡山市北区高松原古才30","34.687171","133.818191"
"岡山県立高松農業高等学校","岡山県岡山市北区高松原古才336-2","34.683424","133.820823"
"西コミュニティハウス","岡山県岡山市北区今7-16-30","34.641634","133.893852"
"御南小学校","岡山県岡山市北区今保243-3","34.641479","133.871809"
"庄内小学校","岡山県岡山市北区三手336-2","34.689017","133.816735"
"庄内コミュニティハウス","岡山県岡山市北区三手597","34.691432","133.810676"
"石井小学校","岡山県岡山市北区寿町2-8","34.666659","133.91175"
"岡山市勤労者福祉センター","岡山県岡山市北区春日町5-6","34.65402","133.92222"
"馬屋下小学校","岡山県岡山市北区松尾105-1","34.696798","133.862678"
"清輝小学校","岡山県岡山市北区新道1","34.650818","133.92649"
"中山中学校","岡山県岡山市北区辛川市場159","34.68127","133.866359"
"清輝コミュニティハウス","岡山県岡山市北区清輝本町7-26","34.65187","133.926343"
"高松公民館　加茂分館","岡山県岡山市北区惣爪622-5","34.666737","133.827416"
"足守公民館","岡山県岡山市北区足守718","34.729502","133.800806"
"足守小学校","岡山県岡山市北区足守789","34.730346","133.801557"
"大野コミュニティハウス","岡山県岡山市北区大安寺東町23-21","34.664917","133.889827"
"大野小学校","岡山県岡山市北区大安寺南町2-8-36","34.660901","133.886609"
"蛍明小学校、足守中学校","岡山県岡山市北区大井360","34.743145","133.799126"
"鹿田コミュニティハウス","岡山県岡山市北区大供表町11-8","34.652075","133.914326"
"鹿田小学校","岡山県岡山市北区大供表町16-50","34.653828","133.914302"
"馬屋下コミュニティハウス","岡山県岡山市北区大窪415-3","34.694783","133.858243"
"大元公民館","岡山県岡山市北区大元上町10-31","34.648311","133.900228"
"大元小学校","岡山県岡山市北区大元上町9-43","34.649377","133.899475"
"北ふれあいセンター","岡山県岡山市北区谷万成2-6-33","34.678669","133.895788"
"御野小学校","岡山県岡山市北区中井町1-6-34","34.683279","133.929816"
"深柢コミュニティハウス","岡山県岡山市北区中山下2-6-50","34.658805","133.928019"
"西小学校","岡山県岡山市北区中仙道1-18-20","34.645535","133.887412"
"牧山コミュニティハウス","岡山県岡山市北区中牧453","34.762519","133.960298"
"高松公民館","岡山県岡山市北区津寺104","34.682941","133.815998"
"加茂小学校","岡山県岡山市北区津寺517","34.674873","133.82211"
"京山中学校","岡山県岡山市北区津島京町1-7-1","34.680806","133.901196"
"国立大学法人岡山大学第二体育館","岡山県岡山市北区津島中2-1-1","34.685507","133.920174"
"岡北中学校","岡山県岡山市北区津島東1-1-1","34.686902","133.927659"
"北公民館","岡山県岡山市北区津島東1-3-14","34.687362","133.928619"
"津島コミュニティハウス","岡山県岡山市北区津島本町17-8","34.689936","133.910879"
"津島小学校","岡山県岡山市北区津島本町19-1","34.69011","133.908754"
"吉備中学校","岡山県岡山市北区庭瀬103","34.649569","133.850581"
"吉備小学校","岡山県岡山市北区庭瀬256","34.647584","133.850316"
"吉備公民館","岡山県岡山市北区庭瀬416","34.646837","133.847267"
"横井コミュニティハウス","岡山県岡山市北区田益1575-7","34.710398","133.90334"
"御南西公民館","岡山県岡山市北区田中157-110","34.641543","133.879173"
"岡山県立岡山西支援学校","岡山県岡山市北区田中579","34.636729","133.880758"
"御南中学校","岡山県岡山市北区田中581","34.637825","133.88018"
"陵南小学校","岡山県岡山市北区東花尻241-1","34.652839","133.862919"
"陵南コミュニティハウス","岡山県岡山市北区東花尻266-1","34.650834","133.862779"
"福谷コミュニティハウス","岡山県岡山市北区東山内541-2","34.780076","133.791063"
"桑田中学校","岡山県岡山市北区東島田町2-3-35","34.657911","133.914071"
"岡山県立岡山一宮高等学校","岡山県岡山市北区楢津221","34.681108","133.890743"
"平津コミュニティハウス","岡山県岡山市北区楢津2211","34.681857","133.882693"
"平津小学校","岡山県岡山市北区楢津738-1","34.68021","133.878489"
"南方コミュニティハウス","岡山県岡山市北区南方1-3-15","34.672061","133.9229"
"岡山後楽館（中高一貫）中学校","岡山県岡山市北区南方1-3-15","34.672053","133.923101"
"岡山市障害者体育センター","岡山県岡山市北区二日市町56","34.64549","133.929153"
"少年自然の家","岡山県岡山市北区日応寺4","34.76893","133.869395"
"三軒屋ふれあい会館","岡山県岡山市北区半田町7-5","34.696513","133.933302"
"弘西コミュニティハウス","岡山県岡山市北区番町2-11-20","34.674475","133.929147"
"岡山中央中学校","岡山県岡山市北区蕃山町6-10","34.668565","133.927313"
"岡山シンフォニーホール","岡山県岡山市北区表町1-5-1","34.665413","133.929489"
"内山下コミュニティハウス","岡山県岡山市北区表町2-4-55","34.660198","133.930099"
"岡山芸術創造劇場　ハレノワ","岡山県岡山市北区表町3-11-50","34.656452","133.92952"
"馬屋上小学校","岡山県岡山市北区富吉2944-2","34.744524","133.856156"
"馬屋上コミュニティハウス","岡山県岡山市北区富吉996-5","34.732586","133.86765"
"半田山植物園","岡山県岡山市北区法界院3-1","34.691803","133.932067"
"桃丘小学校","岡山県岡山市北区芳賀5111-22","34.707347","133.875906"
"桃丘コミュニティハウス","岡山県岡山市北区芳賀5114-89","34.703407","133.875341"
"岡山県立岡山大安寺中等教育学校","岡山県岡山市北区北長瀬本町19-34","34.655921","133.883037"
"市立陶山小学校","岡山県笠岡市押撫910-3","34.530999","133.458976"
"陶山公民館","岡山県笠岡市押撫914","34.529704","133.459222"
"市立横江幼稚園","岡山県笠岡市横島1388-1","34.483006","133.524548"
"県立笠岡工業高校","岡山県笠岡市横島808","34.486489","133.526798"
"笠岡市中央公民館","岡山県笠岡市笠岡1866-1","34.506868","133.508337"
"市立笠岡小学校","岡山県笠岡市笠岡1870","34.508531","133.507538"
"県立笠岡高校","岡山県笠岡市笠岡3073-2","34.512894","133.509836"
"県立笠岡商業高校","岡山県笠岡市笠岡3203","34.511017","133.510733"
"市立笠岡西中学校","岡山県笠岡市笠岡3797","34.519418","133.515123"
"岡山龍谷高校","岡山県笠岡市笠岡874","34.505935","133.510956"
"吉田文化会館","岡山県笠岡市吉田2169-3","34.551882","133.526883"
"吉田公民館","岡山県笠岡市吉田2223-2","34.549481","133.526023"
"市立吉田小学校","岡山県笠岡市吉田2383-1","34.549725","133.527807"
"市立金浦中学校","岡山県笠岡市吉浜1830-2","34.520251","133.481514"
"市立金浦小学校","岡山県笠岡市吉浜2214-3","34.516854","133.485669"
"ようすな会館","岡山県笠岡市金浦1566-1","34.511659","133.490597"
"組合立小北中学校","岡山県笠岡市甲弩1810-3","34.59277","133.54008"
"高島公民館","岡山県笠岡市高島4764-1","34.431293","133.506205"
"今井公民館","岡山県笠岡市今立2587-1","34.521298","133.531035"
"旧市立今井小学校","岡山県笠岡市今立30","34.527557","133.528827"
"市立新山小学校","岡山県笠岡市山口2966-1","34.570577","133.530693"
"新山公民館","岡山県笠岡市山口3258","34.569713","133.530357"
"市立新吉中学校","岡山県笠岡市山口3341","34.566734","133.529416"
"大井公民館","岡山県笠岡市小平井2203-2","34.538366","133.503021"
"真鍋島ふるさとふれあいセンター","岡山県笠岡市真鍋島4006-2","34.355511","133.577132"
"本浦公会堂","岡山県笠岡市真鍋島4093","34.354541","133.578508"
"市立真鍋小学校","岡山県笠岡市真鍋島4230","34.353246","133.578285"
"市立真鍋中学校","岡山県笠岡市真鍋島4240","34.352959","133.577963"
"岩坪会館","岡山県笠岡市真鍋島457-1","34.361955","133.584821"
"市立神内小学校","岡山県笠岡市神島3984","34.474874","133.515847"
"神島公民館","岡山県笠岡市神島4136","34.474643","133.517524"
"敬愛園","岡山県笠岡市神島外浦1-1","34.461595","133.524541"
"市立神島外中学校","岡山県笠岡市神島外浦1555","34.451184","133.51472"
"神島外公民館","岡山県笠岡市神島外浦1636-1","34.451026","133.513972"
"市立神島外小学校","岡山県笠岡市神島外浦1667-1","34.450317","133.51399"
"金浦公民館","岡山県笠岡市生江浜2066","34.51136","133.486887"
"市立大島小学校","岡山県笠岡市西大島3935","34.48347","133.534484"
"市立笠岡東中学校","岡山県笠岡市西大島新田15-3","34.495747","133.530682"
"北川公民館","岡山県笠岡市走出4053-5","34.592476","133.538854"
"市立北川小学校","岡山県笠岡市走出4102-1","34.595288","133.537374"
"旧市立大島東小学校","岡山県笠岡市大島中2553-1","34.469175","133.562287"
"大島公民館","岡山県笠岡市大島中7264","34.482815","133.552465"
"市立大島中学校","岡山県笠岡市大島中7291-1","34.481827","133.555498"
"市立大井小学校","岡山県笠岡市東大戸410-2","34.539904","133.502773"
"笠岡市Ｂ＆Ｇ海洋センター","岡山県笠岡市白石島2364-6","34.407367","133.51821"
"市立白石中学校","岡山県笠岡市白石島2482-1","34.405057","133.519222"
"市立白石小学校","岡山県笠岡市白石島2482-1","34.404541","133.519163"
"白石公民館","岡山県笠岡市白石島604-1","34.408093","133.517071"
"市立中央小学校","岡山県笠岡市八番町1-3","34.49637","133.520261"
"市民体育センター","岡山県笠岡市八番町1-9","34.494509","133.519846"
"旧市立飛島小学校","岡山県笠岡市飛島5922-1","34.342368","133.508654"
"飛島公民館","岡山県笠岡市飛島5923-1","34.342373","133.509325"
"市立尾坂幼稚園","岡山県笠岡市尾坂1986","34.559525","133.549596"
"美の浜会館","岡山県笠岡市美の浜2-3","34.489432","133.519585"
"笠岡東公民館","岡山県笠岡市富岡300-3","34.493715","133.527655"
"富岡会館","岡山県笠岡市富岡849-1","34.501034","133.524234"
"笠岡総合体育館","岡山県笠岡市平成町63-2","34.502245","133.488297"
"笠岡諸島開発総合センター","岡山県笠岡市北木島町3802-43","34.376599","133.545615"
"市立北木小学校","岡山県笠岡市北木島町7886-13","34.387889","133.52746"
"北木西公民館","岡山県笠岡市北木島町7887-46","34.387924","133.525644"
"豊浦ふれあい会館","岡山県笠岡市北木島町9768-1","34.393977","133.536377"
"茂平会館","岡山県笠岡市茂平1812-6","34.488989","133.458121"
"城見公民館","岡山県笠岡市用之江2064","34.50784","133.459826"
"市立城見小学校","岡山県笠岡市用之江2185","34.508072","133.460391"
"六島北浦文化会館","岡山県笠岡市六島5585-4","34.308199","133.537642"
"六島公民館","岡山県笠岡市六島5720","34.304296","133.536754"
"市立六島小学校","岡山県笠岡市六島5835","34.303263","133.535751"
"市民会館","岡山県笠岡市六番町1-10","34.496637","133.515645"
"井原コミュニティセンター","岡山県吉備中央町井原1-1","34.897465","133.760689"
"総合福祉センター","岡山県吉備中央町円城540-4","34.892011","133.811907"
"円城基幹集落センター","岡山県吉備中央町円城732-3","34.891267","133.806749"
"加賀東小学校","岡山県吉備中央町円城776-1","34.891734","133.807536"
"ハート・オブ・おかやま会館","岡山県吉備中央町下加茂1073-1","34.86044","133.811891"
"かもがわ武道館","岡山県吉備中央町下加茂1103-8","34.860503","133.812822"
"農林業体験研修棟","岡山県吉備中央町下加茂1506-109","34.875426","133.839127"
"子育て支援センターはぴはぴ","岡山県吉備中央町吉川1134-1","34.817638","133.75206"
"吉川公民館","岡山県吉備中央町吉川3930-8","34.819821","133.750805"
"上竹荘公民館","岡山県吉備中央町上竹2623","34.846264","133.672055"
"かよう総合スポーツ公園体育館","岡山県吉備中央町上竹5742-8","34.828779","133.661827"
"飛躍の郷ひだまり","岡山県吉備中央町上田西1381-3","34.884009","133.797461"
"かもがわ総合スポーツ公園体育館","岡山県吉備中央町上田東2360-3","34.896231","133.820169"
"高原上野公民館","岡山県吉備中央町上野633","34.85135","133.778621"
"大和こども園","岡山県吉備中央町西273-1","34.792656","133.687098"
"加賀南小学校","岡山県吉備中央町竹部7520-19","34.838576","133.764012"
"下竹荘公民館","岡山県吉備中央町湯山1002","34.858204","133.739775"
"加賀中学校","岡山県吉備中央町湯山1028","34.857235","133.740539"
"納地公民館","岡山県吉備中央町納地1266-2","34.835433","133.703777"
"千守交流センター","岡山県吉備中央町尾原3144-1","34.894826","133.720647"
"新山ほほえみセンター・サロン","岡山県吉備中央町尾原508","34.917988","133.755704"
"長田ふれあいセンター","岡山県吉備中央町富永1403-1","34.883376","133.758535"
"豊岡いきいきプラザ","岡山県吉備中央町豊岡下276-1","34.913143","133.77575"
"ロマン高原かよう総合会館","岡山県吉備中央町豊野1-2","34.863272","133.693933"
"農業振興センター","岡山県吉備中央町豊野17","34.862993","133.69447"
"加賀西小学校","岡山県吉備中央町豊野170","34.866391","133.696723"
"豊野こども園","岡山県吉備中央町豊野66-1","34.86632","133.695285"
"吉備中央町老人福祉センターふれあい荘","岡山県吉備中央町北1778-3","34.815996","133.706202"
"弓削小学校","岡山県久米南町下弓削1008-2","34.928141","133.962601"
"弓削小学校グラウンド","岡山県久米南町下弓削1008-2","34.927771","133.962907"
"弓削保育園","岡山県久米南町下弓削1673-1","34.926481","133.964335"
"久米南中学校グラウンド","岡山県久米南町下弓削440-1","34.927715","133.958755"
"久米南中学校","岡山県久米南町下弓削440-1","34.92859","133.958776"
"久米南町コミュニティセンター","岡山県久米南町下弓削515-1","34.929061","133.960598"
"久米南町民運動公園グラウンド","岡山県久米南町上弓削1500","34.939406","133.968688"
"久米南町民運動公園体育館","岡山県久米南町上弓削1500","34.938086","133.968275"
"神目コミュニティセンター","岡山県久米南町上神目12-1","34.896029","133.93186"
"神目小学校","岡山県久米南町上神目613","34.899527","133.935285"
"神目小学校グラウンド","岡山県久米南町上神目613","34.899012","133.935333"
"神目保育園","岡山県久米南町上神目615-1","34.8981","133.934476"
"竜山コミュニティセンター","岡山県久米南町中籾318-3","34.924651","133.908917"
"誕生寺保育園","岡山県久米南町里方915","34.952971","133.9559"
"誕生寺コミュニティセンター","岡山県久米南町里方918-1","34.953263","133.956439"
"誕生寺小学校","岡山県久米南町里方944","34.953491","133.954783"
"誕生寺小学校グラウンド","岡山県久米南町里方944","34.953346","133.955706"
"道の駅奥津温泉","岡山県鏡野町奥津463","35.223285","133.92292"
"至孝農コミュニティハウス","岡山県鏡野町至孝農205-1","35.184814","133.905312"
"上齋原第３区集会所","岡山県鏡野町上齋原906-5","35.278326","133.929533"
"近衛コミュニティハウス","岡山県鏡野町中谷4398-1","35.122023","133.848753"
"ＰＬＡＮＴ－５鏡野店駐車場","岡山県鏡野町布原136","35.080101","133.939609"
"宇藤木公園","岡山県玉野市宇藤木550-89","34.529899","133.897063"
"常山公園","岡山県玉野市宇藤木709-1","34.531052","133.893033"
"中央公園","岡山県玉野市宇野1-3071","34.49122","133.946715"
"宇野小学校体育館","岡山県玉野市宇野2-23-1","34.49002","133.940958"
"宇野小学校体育館","岡山県玉野市宇野2-23-1","34.48988","133.941465"
"宇野小学校","岡山県玉野市宇野2-23-1","34.489616","133.941421"
"池之浦公園","岡山県玉野市宇野3-3008","34.486648","133.944043"
"藤井公園","岡山県玉野市宇野4-1-116","34.483513","133.941886"
"花隈公園","岡山県玉野市宇野7-3157","34.492613","133.938668"
"磯部公園","岡山県玉野市宇野8-3192","34.494107","133.943333"
"西小浦公園","岡山県玉野市宇野8-3259","34.494253","133.945499"
"羽根崎公園","岡山県玉野市羽根崎町1522-1","34.460163","133.923551"
"旧奥玉小学校グラウンド","岡山県玉野市奥玉1-18","34.486516","133.923213"
"すこやかセンター","岡山県玉野市奥玉1-18-5","34.486912","133.922527"
"玉中学校グラウンド","岡山県玉野市奥玉1-27-1","34.488828","133.921833"
"奥玉公園","岡山県玉野市奥玉2-1023-1","34.484928","133.917937"
"皿池公園","岡山県玉野市奥玉3-1606","34.488749","133.917526"
"胸上小学校グラウンド","岡山県玉野市梶岡700","34.553844","133.99952"
"東児市民センター","岡山県玉野市梶岡700","34.554509","134.000396"
"梶岡公園","岡山県玉野市梶岡782-1","34.555527","134.001667"
"玉公園","岡山県玉野市玉2-2760-2","34.481245","133.934576"
"レクレセンター","岡山県玉野市玉2-3-1","34.480847","133.935107"
"玉市民センター","岡山県玉野市玉5115","34.482532","133.929564"
"玉野商業高等学校","岡山県玉野市玉6-1-1","34.486822","133.932"
"玉野商工高等学校","岡山県玉野市玉6-1-1","34.486555","133.93181"
"玉野商工高等学校","岡山県玉野市玉6-1-1","34.486184","133.931606"
"玉小学校グラウンド","岡山県玉野市玉6-20-22","34.485008","133.928713"
"大池公園","岡山県玉野市玉原2-1091-309","34.479971","133.911653"
"玉原親水公園","岡山県玉野市玉原2-1444-1","34.481806","133.913343"
"玉原小学校体育館","岡山県玉野市玉原2-22-1","34.480179","133.909268"
"玉原小学校体育館","岡山県玉野市玉原2-22-1","34.479748","133.909411"
"玉原小学校","岡山県玉野市玉原2-22-1","34.480449","133.909561"
"玉原市民センター","岡山県玉野市玉原2-7-45","34.4821","133.910692"
"天王谷川公園","岡山県玉野市玉原3-1086-67","34.483531","133.903441"
"玉野市民総合運動公園","岡山県玉野市玉原3-800-4","34.470945","133.910807"
"後閑中央公園","岡山県玉野市後閑1-152","34.533902","133.975824"
"後閑小学校体育館","岡山県玉野市後閑1412","34.535657","133.977543"
"後閑小学校体育館","岡山県玉野市後閑1421","34.535347","133.977272"
"後閑小学校","岡山県玉野市後閑1421","34.535636","133.977265"
"山田中学校グラウンド","岡山県玉野市後閑1955","34.529793","133.988992"
"日比小学校","岡山県玉野市御崎1-1-1","34.464611","133.925973"
"日比小学校体育館","岡山県玉野市御崎1-1-1","34.464444","133.926049"
"日比小学校体育館","岡山県玉野市御崎1-1-1","34.464719","133.925214"
"御崎公園","岡山県玉野市御崎2-1600-105","34.458637","133.928347"
"城山公園","岡山県玉野市向日比1-3478","34.457319","133.932575"
"向日比公園","岡山県玉野市向日比2-2736-3","34.456801","133.930589"
"山田小学校グラウンド","岡山県玉野市山田422","34.546527","133.990219"
"山田市民センター","岡山県玉野市山田447-2","34.546847","133.989614"
"渋川保育園","岡山県玉野市渋川1-2-10","34.457479","133.91065"
"渋川市営駐車場","岡山県玉野市渋川2-2","34.456093","133.90586"
"渋川公園","岡山県玉野市渋川2-9","34.45581","133.904149"
"上山坂公園","岡山県玉野市上山坂2015","34.566337","134.006737"
"旧胸上小学校石島分校グラウンド","岡山県玉野市石島3077","34.502746","134.015418"
"檜垣公園","岡山県玉野市築港1-5975-1","34.495562","133.952691"
"広田公園","岡山県玉野市築港1-7410","34.500381","133.952379"
"宇野中学校","岡山県玉野市築港2-27-1","34.498652","133.949657"
"広潟公園","岡山県玉野市築港2-7509","34.4992","133.951962"
"築港小学校","岡山県玉野市築港3-15-1","34.501246","133.946675"
"競輪場（第２駐車場）","岡山県玉野市築港4-24","34.499819","133.960841"
"競輪場（第３駐車場）","岡山県玉野市築港4-25","34.500297","133.959545"
"競輪場（日の出会館）","岡山県玉野市築港5-18-2","34.497507","133.962181"
"日之出公園","岡山県玉野市築港5-5917-1","34.498126","133.962262"
"芋尺南公園","岡山県玉野市長尾1588-357","34.482142","133.902127"
"芋尺北公園","岡山県玉野市長尾1588-387","34.485649","133.901584"
"玉原ニュータウン集会所","岡山県玉野市長尾1609-42","34.483375","133.900719"
"横田公園","岡山県玉野市槌ケ原1391","34.529863","133.906728"
"槌ケ原公園","岡山県玉野市槌ケ原845-1","34.520763","133.907463"
"田井まちなか公園","岡山県玉野市田井1-7047-1","34.509598","133.947807"
"深山公園","岡山県玉野市田井2-4464-1","34.517683","133.928048"
"田井小学校体育館","岡山県玉野市田井3-4-1","34.51624","133.945312"
"田井小学校体育館","岡山県玉野市田井3-4-1","34.515742","133.944941"
"田井小学校","岡山県玉野市田井3-4-1","34.51599","133.945028"
"東浜公園","岡山県玉野市田井3-5318","34.517855","133.952692"
"川尻公園","岡山県玉野市田井3-5699","34.515366","133.94907"
"田井市民センター","岡山県玉野市田井4-10-5","34.517788","133.946709"
"赤岸公園","岡山県玉野市田井4-5314","34.518673","133.946513"
"正之上公園","岡山県玉野市田井4-5335","34.516971","133.942744"
"中浜公園","岡山県玉野市田井5-2655","34.518288","133.950673"
"福祉の丘公園","岡山県玉野市田井5-760","34.516838","133.956636"
"野々浜公園","岡山県玉野市田井5-96-100","34.524343","133.960325"
"東紅陽台北公園","岡山県玉野市東紅陽台1-19-133","34.540602","133.893759"
"東紅陽台南公園","岡山県玉野市東紅陽台2-19-221","34.537367","133.895849"
"大崎小学校","岡山県玉野市東七区3-3","34.535832","133.929868"
"内間公園","岡山県玉野市日比2-611-1","34.456089","133.920597"
"日比市民センター別館","岡山県玉野市日比3-1-1","34.458657","133.922998"
"日比市民センター","岡山県玉野市日比3-1-1","34.458855","133.923127"
"日比市民センター別館","岡山県玉野市日比3-1-1","34.458686","133.923031"
"日比公園","岡山県玉野市日比3-1557-1","34.458584","133.923258"
"見石中央公園","岡山県玉野市八浜町見石1609-39","34.569898","133.946608"
"大崎公民館","岡山県玉野市八浜町大崎1649-1","34.531193","133.928008"
"硯井公園","岡山県玉野市八浜町大崎169-1","34.5313","133.916178"
"八浜小学校体育館","岡山県玉野市八浜町波知29","34.553499","133.947505"
"八浜小学校","岡山県玉野市八浜町波知29","34.553448","133.947415"
"八浜小学校体育館","岡山県玉野市八浜町波知29","34.553236","133.947839"
"波知公園","岡山県玉野市八浜町波知561-1","34.551745","133.954885"
"両児山公園","岡山県玉野市八浜町八浜1083-7","34.550954","133.940371"
"八浜中学校グラウンド","岡山県玉野市八浜町八浜1438","34.555774","133.943786"
"八浜市民センター","岡山県玉野市八浜町八浜165-1","34.551193","133.944966"
"旧鉾立小学校グラウンド","岡山県玉野市北方1274","34.566109","134.016327"
"鉾立公民館","岡山県玉野市北方1349-1","34.563793","134.015456"
"東児中学校","岡山県玉野市北方444","34.566505","134.009038"
"第二日比小学校","岡山県玉野市明神町1-1","34.459154","133.923543"
"第二日比小学校体育館","岡山県玉野市明神町1-1","34.459119","133.923525"
"荘内中学校","岡山県玉野市木目1373","34.506839","133.890087"
"荘内小学校グラウンド","岡山県玉野市木目498","34.51086","133.890472"
"荘内市民センター","岡山県玉野市用吉1186-1","34.512973","133.894544"
"和田公園","岡山県玉野市和田1-196-1","34.470521","133.928981"
"和田市民センター","岡山県玉野市和田3-1-2","34.469518","133.923788"
"金ヶ谷公園","岡山県玉野市和田3-1200-124","34.465302","133.922687"
"生涯学習センター（玉野備南高等学校）","岡山県玉野市和田4-7-1","34.469712","133.917083"
"和田中央公園","岡山県玉野市和田5-944","34.467929","133.922061"
"日比中学校","岡山県玉野市和田6-13-1","34.470985","133.916996"
"旧宇治幼稚園","岡山県高梁市宇治町宇治1677","34.827141","133.4903"
"旧宇治小学校","岡山県高梁市宇治町宇治1681-2","34.827648","133.490253"
"宇治総合会館","岡山県高梁市宇治町宇治1690","34.827682","133.491346"
"遠原農村生活改善センター","岡山県高梁市宇治町遠原2178-4","34.843143","133.515799"
"塩田農村生活改善センター","岡山県高梁市宇治町穴田1357-1","34.815601","133.471669"
"高梁中央公園","岡山県高梁市柿木町8-3","34.794584","133.617491"
"横田農村生活改善センター","岡山県高梁市巨瀬町3931-5","34.878802","133.625509"
"塩坪農村生活改善センター","岡山県高梁市巨瀬町4736","34.876407","133.643677"
"巨瀬地域福祉センター","岡山県高梁市巨瀬町4864-1","34.872329","133.640771"
"巨瀬小学校","岡山県高梁市巨瀬町4966-2","34.871606","133.639773"
"巨瀬幼稚園","岡山県高梁市巨瀬町4972-5","34.871245","133.639809"
"下切農村生活改善センター","岡山県高梁市玉川町下切1293","34.761919","133.581211"
"玉川幼稚園","岡山県高梁市玉川町玉1528-2","34.754019","133.601635"
"玉川小学校","岡山県高梁市玉川町玉1538-1","34.754442","133.601286"
"玉川総合会館","岡山県高梁市玉川町玉1550","34.754723","133.601531"
"増原農村生活改善センター","岡山県高梁市玉川町増原783","34.729738","133.581452"
"高梁市文化交流館","岡山県高梁市原田北町1203-1","34.785345","133.614923"
"高梁総合文化会館","岡山県高梁市原田北町1212","34.784746","133.61576"
"高梁南コミュニティハウス","岡山県高梁市原田北町1215-2","34.785728","133.615675"
"岡山県立高梁城南高等学校","岡山県高梁市原田北町1216-1","34.786127","133.614965"
"八長コミュニティハウス","岡山県高梁市高倉町大瀬八長1803-5","34.806594","133.614108"
"高倉地域市民センター","岡山県高梁市高倉町田井4532-2","34.856621","133.578427"
"旧高倉小学校体育館","岡山県高梁市高倉町飯部3344-1","34.854046","133.568177"
"高梁運動公園","岡山県高梁市小高下町2-1","34.800441","133.62329"
"松原町コミュニティハウス","岡山県高梁市松原町春木669-1","34.82015","133.560139"
"旧松原小学校","岡山県高梁市松原町春木683-2","34.820605","133.558582"
"旧松原幼稚園","岡山県高梁市松原町春木683-2","34.820469","133.558202"
"神原農村生活改善センター","岡山県高梁市松原町神原1363","34.821315","133.584297"
"成羽小学校","岡山県高梁市成羽町下原1086","34.780618","133.534758"
"成羽武道館","岡山県高梁市成羽町下原884","34.782061","133.540886"
"成羽文化センター（分館）","岡山県高梁市成羽町下原967","34.782719","133.539006"
"日名交流館かぐら","岡山県高梁市成羽町下日名712-1","34.756283","133.547081"
"日名洗心荘","岡山県高梁市成羽町下日名715","34.756256","133.546657"
"坂本生活改善センター","岡山県高梁市成羽町坂本1061","34.862463","133.4516"
"坂本コミュニティセンター","岡山県高梁市成羽町坂本1061","34.862349","133.45141"
"小泉憩の家","岡山県高梁市成羽町小泉286","34.797737","133.493295"
"吹屋連絡所","岡山県高梁市成羽町吹屋838-2","34.861439","133.470584"
"成羽こども園","岡山県高梁市成羽町成羽2251-1","34.786772","133.531554"
"成羽体育館","岡山県高梁市成羽町成羽2251-1","34.786041","133.53157"
"成美コミュニティセンター・成美集会所","岡山県高梁市成羽町成羽2771","34.785092","133.532896"
"成羽ミニスポーツセンター","岡山県高梁市成羽町成羽2796-4","34.784966","133.531915"
"成羽中学校","岡山県高梁市成羽町成羽601","34.785653","133.538357"
"中野生活改善センター","岡山県高梁市成羽町中野2776-2","34.841452","133.469024"
"中コミュニティセンター","岡山県高梁市成羽町長地1247-1","34.802762","133.46997"
"旧備中中学校","岡山県高梁市成羽町布寄109","34.819373","133.435404"
"田原集会所","岡山県高梁市成羽町布寄145-1","34.818339","133.434221"
"正宗公園","岡山県高梁市正宗町2036","34.79071","133.616761"
"下大竹コミュニティハウス","岡山県高梁市川上町下大竹768","34.73711","133.458608"
"高山コミュニティハウス","岡山県高梁市川上町高山2973","34.743453","133.422798"
"弥高山公園","岡山県高梁市川上町高山4301-1","34.738691","133.411002"
"旧高山小学校","岡山県高梁市川上町高山4301-2","34.738955","133.413997"
"高山市コミュニティハウス","岡山県高梁市川上町高山市35","34.733731","133.401316"
"三沢コミュニティハウス","岡山県高梁市川上町三沢2027","34.720573","133.502753"
"七地コミュニティハウス","岡山県高梁市川上町七地2113","34.75955","133.46675"
"上大竹コミュニティハウス","岡山県高梁市川上町上大竹1501","34.716563","133.444272"
"大賀集会所","岡山県高梁市川上町仁賀633-1","34.723649","133.463562"
"仁賀コミュニティハウス","岡山県高梁市川上町仁賀7053-1","34.702986","133.457776"
"川上小学校","岡山県高梁市川上町地頭1323","34.739731","133.484617"
"川上こども園","岡山県高梁市川上町地頭1365","34.740746","133.48487"
"川上総合運動公園体育館","岡山県高梁市川上町地頭1730","34.738521","133.486669"
"川上総合学習センター","岡山県高梁市川上町地頭1822","34.737668","133.483663"
"領家コミュニティハウス","岡山県高梁市川上町領家1371","34.75563","133.495597"
"川上中学校","岡山県高梁市川上町領家1989-1","34.74889","133.491138"
"川面地域福祉センター","岡山県高梁市川面町2212-1","34.849048","133.593094"
"高梁北中学校","岡山県高梁市川面町2302-1","34.848819","133.590645"
"培根農村生活改善センター","岡山県高梁市川面町6943","34.866273","133.60072"
"川面小学校","岡山県高梁市川面町895","34.848499","133.598408"
"中井小学校","岡山県高梁市中井町西方300","34.910341","133.584035"
"中井幼稚園","岡山県高梁市中井町西方301-1","34.910368","133.583581"
"方谷の里ふれあいセンター","岡山県高梁市中井町西方3158","34.908762","133.579142"
"中井健康増進センター","岡山県高梁市中井町西方3167-1","34.909357","133.578963"
"中井生活改善センター","岡山県高梁市中井町西方3167-1","34.909405","133.578968"
"津々農村生活改善センター","岡山県高梁市中井町津々1587-2","34.92173","133.607387"
"津川幼稚園","岡山県高梁市津川町今津1069-2","34.825216","133.618782"
"津川小学校","岡山県高梁市津川町今津1077","34.825339","133.619164"
"津川総合会館","岡山県高梁市津川町今津1801-1","34.830098","133.629716"
"高梁東中学校","岡山県高梁市津川町今津1908","34.830161","133.625014"
"八川農村生活改善センター","岡山県高梁市津川町八川894-3","34.851411","133.629811"
"高梁北コミュニティハウス","岡山県高梁市内山下127-4","34.803033","133.616761"
"岡山県立高梁高等学校","岡山県高梁市内山下38","34.80114","133.618544"
"コミュニティハウス西山荘","岡山県高梁市備中町西山1744-2","34.855735","133.35514"
"旧西山小学校","岡山県高梁市備中町西山2105","34.856884","133.354384"
"コミュニティハウス湯野荘","岡山県高梁市備中町西油野1304","34.83821","133.412593"
"旧湯野小学校","岡山県高梁市備中町西油野1323-1","34.838738","133.412591"
"富家小学校","岡山県高梁市備中町長屋27-1","34.786781","133.460032"
"コミュニティハウス田原荘・田原荘分館","岡山県高梁市備中町東油野1254-1","34.81614","133.433561"
"コミュニティハウス布瀬会館布賀はくうん荘・布賀ふれあい会館","岡山県高梁市備中町布賀1546","34.775974","133.437634"
"備中総合センター","岡山県高梁市備中町布賀29-2","34.786626","133.456953"
"センターハウス（やすらぎの里活性化施設）","岡山県高梁市備中町布賀3592-1","34.789146","133.424015"
"コミュニティハウス長谷荘","岡山県高梁市備中町布賀3883-2","34.783816","133.424031"
"コミュニティセンターいわや荘","岡山県高梁市備中町布瀬182-1","34.777812","133.466118"
"コミュニティハウス布瀬会館","岡山県高梁市備中町布瀬198-1","34.777901","133.466673"
"旧平川小学校","岡山県高梁市備中町平川6169","34.799208","133.383422"
"ひらかわいこいの家","岡山県高梁市備中町平川6468-1","34.798444","133.384102"
"長代公民館","岡山県高梁市有漢町上有漢2190-7","34.92936","133.674498"
"川関集落センター","岡山県高梁市有漢町上有漢6171-1","34.933569","133.698842"
"旧有漢東小学校","岡山県高梁市有漢町上有漢8263","34.916585","133.681108"
"大谷集落センター","岡山県高梁市有漢町有漢1505-3","34.898669","133.640105"
"有漢ふれあいセンター","岡山県高梁市有漢町有漢2105-1","34.899353","133.65235"
"有漢総合グラウンド","岡山県高梁市有漢町有漢3349","34.903375","133.662816"
"有漢生涯学習センター","岡山県高梁市有漢町有漢3387","34.90382","133.662476"
"有漢体育館","岡山県高梁市有漢町有漢3387","34.904005","133.663587"
"有漢学園","岡山県高梁市有漢町有漢3406","34.904818","133.664023"
"有漢農業構造改善センター","岡山県高梁市有漢町有漢4780","34.91754","133.680299"
"常山交流センター","岡山県高梁市有漢町有漢5577-3","34.910018","133.677326"
"精華コミュニティハウス","岡山県高梁市有漢町有漢5758-1","34.908057","133.683631"
"落合小学校","岡山県高梁市落合町阿部1686","34.777742","133.586425"
"落合勤労福祉会館","岡山県高梁市落合町阿部2303","34.778625","133.58123"
"落合研修会館","岡山県高梁市落合町阿部2303-2","34.778519","133.581433"
"高梁中学校","岡山県高梁市落合町近似1260-1","34.794532","133.61001"
"近似コミュニティハウス","岡山県高梁市落合町近似1394-2","34.795056","133.611622"
"高梁市民体育館","岡山県高梁市落合町近似267-7","34.789064","133.609371"
"高梁小学校","岡山県高梁市落合町近似504-1","34.793501","133.61148"
"ききょう緑地グラウンド","岡山県高梁市落合町近似93-1","34.783564","133.606607"
"原田コミュニティハウス","岡山県高梁市落合町原田1240-2","34.802764","133.573019"
"福地農村生活改善センター","岡山県高梁市落合町福地1496","34.794585","133.546928"
"福地小学校","岡山県高梁市落合町福地1578","34.797082","133.549237"
"勝間田保育園","岡山県勝央町岡108","35.039446","134.125254"
"ファーマーズマーケット　ノースヴィレッジ","岡山県勝央町岡1100","35.038846","134.134557"
"旧高取保育園","岡山県勝央町黒坂58-3","35.041806","134.085797"
"高取多目的研修集会所","岡山県勝央町黒板536","35.040613","134.090795"
"勝間田小学校","岡山県勝央町勝間田194-1","35.041138","134.117654"
"勝央町公民館","岡山県勝央町勝間田200-1","35.041954","134.115215"
"勝間田高等学校","岡山県勝央町勝間田47","35.041717","134.120688"
"植月保育園","岡山県勝央町植月中2-1","35.072276","134.128273"
"植月コミュニティセンター","岡山県勝央町植月中2439-16","35.070668","134.117862"
"勝央北小学校","岡山県勝央町植月中2754","35.072393","134.127687"
"古吉野コミュニティセンター","岡山県勝央町石生419-1","35.084391","134.157204"
"旧古吉野小学校","岡山県勝央町石生495","35.083844","134.154604"
"古吉野保育園","岡山県勝央町石生721-1","35.082149","134.151784"
"武道館","岡山県勝央町太平台32-1","35.047894","134.108477"
"勤労者体育センター","岡山県勝央町太平台32-1","35.047692","134.109025"
"吉野コミュニティセンター","岡山県勝央町美野1086","35.0652","134.157272"
"吉野保育園","岡山県勝央町美野1097","35.065387","134.156796"
"勝央中学校","岡山県勝央町平1000","35.054406","134.119035"
"総合保健福祉センター","岡山県勝央町平242-1","35.043344","134.115918"
"旧吉野小学校","岡山県勝央町豊久田161-1","35.065117","134.161291"
"井倉野農作業準備休憩施設","岡山県新見市井倉1359","34.917913","133.500417"
"旧井倉中学校","岡山県新見市井倉356","34.92821","133.521656"
"旧井倉小学校","岡山県新見市井倉450","34.930336","133.516839"
"井倉公民館（井倉市民センター）","岡山県新見市井倉594-1","34.930886","133.518632"
"旧井倉コミュニティハウス","岡山県新見市井倉708-5","34.931494","133.516726"
"旧下熊谷小学校","岡山県新見市下熊谷1357","35.009563","133.479798"
"新見市民体育館","岡山県新見市下熊谷22-2","34.998043","133.465493"
"新見市民運動公園","岡山県新見市下熊谷23-1","34.99797","133.466278"
"新見市地域福祉センター（新見市社会福祉協議会）","岡山県新見市金谷640-1","34.973115","133.468528"
"新見第一中学校","岡山県新見市高尾2364","34.991808","133.452837"
"高尾小学校","岡山県新見市高尾806","34.994831","133.448178"
"高尾公民館（高尾ふれあいセンター）","岡山県新見市高尾823","34.996182","133.447908"
"熊谷公民館（熊谷市民センター）","岡山県新見市上熊谷3663-3","35.017485","133.511554"
"塩城小学校","岡山県新見市上熊谷3772","35.01634","133.512921"
"中熊谷コミュニティハウス","岡山県新見市上熊谷3991-1","35.011466","133.513054"
"高齢者センター","岡山県新見市上熊谷762-2","35.030326","133.525162"
"げんき広場にいみ","岡山県新見市上市15-1","35.004832","133.43898"
"上市小学校","岡山県新見市上市217","35.007492","133.431844"
"上市公民館（上市市民センター）","岡山県新見市上市257-1","35.007837","133.432877"
"上市認定こども園","岡山県新見市上市433","35.008819","133.432488"
"城山体育館","岡山県新見市新見1191-1","34.98494","133.468616"
"まなび広場にいみ","岡山県新見市新見123-2","34.975502","133.47019"
"新見高等学校","岡山県新見市新見1394","34.981261","133.472653"
"新見中央認定こども園","岡山県新見市新見1874","34.986261","133.473114"
"思誠小学校","岡山県新見市新見1970-1","34.986055","133.470615"
"新見高等学校実習地","岡山県新見市新見1994","34.987143","133.469769"
"岡山県共生高等学校","岡山県新見市新見2032-4","34.987352","133.467721"
"新見公民館（新見ふれあいセンター）","岡山県新見市新見823-1","34.984104","133.469089"
"御殿町センター","岡山県新見市新見858","34.983434","133.467642"
"神郷公民館坂根分館","岡山県新見市神郷下神代345-3","34.972823","133.370411"
"神代小学校","岡山県新見市神郷下神代3571-1","34.987997","133.385365"
"やまびこ広場神郷","岡山県新見市神郷下神代3936","34.992525","133.396905"
"神郷公民館新郷分館","岡山県新見市神郷釜村1185-1","35.089925","133.368396"
"神郷公民館三坂分館","岡山県新見市神郷釜村3635-2","35.083745","133.406922"
"高瀬体育館","岡山県新見市神郷高瀬1226","35.086713","133.320793"
"神郷公民館高瀬分館","岡山県新見市神郷高瀬1237","35.086246","133.320804"
"神郷公民館笹尾分館","岡山県新見市神郷油野1215","35.014235","133.390165"
"旧油野小学校体育館","岡山県新見市神郷油野1977-1","35.043964","133.365954"
"神郷公民館油野分館","岡山県新見市神郷油野3111-1","35.029282","133.352484"
"神郷公民館三室分館","岡山県新見市神郷油野4121","35.048647","133.318784"
"旧菅生中学校","岡山県新見市菅生2561-1","35.078287","133.502795"
"旧菅生小学校","岡山県新見市菅生6102","35.07497","133.503607"
"菅生公民館（菅生市民センター）","岡山県新見市菅生6135-5","35.078096","133.50053"
"福本公民館（福本ふれあいセンター）","岡山県新見市菅生8832","35.050645","133.456605"
"新見市学校給食センター","岡山県新見市正田11-1","34.964634","133.465951"
"正田公民館（正田ふれあいセンター）","岡山県新見市正田228-23","34.967086","133.467756"
"新見南認定こども園","岡山県新見市正田27-5","34.967295","133.465178"
"憩いとふれあいの公園","岡山県新見市正田330","34.965023","133.470859"
"西方公民館（西方ふれあいセンター）","岡山県新見市西方1085-2","34.995147","133.44339"
"西方小学校","岡山県新見市西方1216","34.995455","133.442297"
"新見公立大学","岡山県新見市西方1263-2","34.997182","133.441537"
"新見駅前交流センター","岡山県新見市西方4161-9","34.987173","133.458038"
"石蟹公民館（石蟹ふれあいセンター）","岡山県新見市石蟹115-3","34.954803","133.479262"
"新見南中学校","岡山県新見市石蟹135","34.956286","133.479497"
"新見市防災公園","岡山県新見市石蟹157","34.957594","133.47873"
"新見南小学校","岡山県新見市石蟹554","34.955518","133.477585"
"旧明新小学校","岡山県新見市石蟹799","34.951971","133.47805"
"井原郷土文化伝承館","岡山県新見市千屋井原1019-6","35.148261","133.439893"
"千屋小学校","岡山県新見市千屋花見48","35.142637","133.427752"
"千屋公民館（千屋市民センター）","岡山県新見市千屋実1435-7","35.107159","133.436768"
"馬場コミュニティハウス","岡山県新見市千屋実2264-4","35.095704","133.434056"
"草間台小学校","岡山県新見市草間6587-2","34.933171","133.545548"
"草間公民館別館","岡山県新見市草間7415-3","34.931227","133.541225"
"草間公民館（草間市民センター）","岡山県新見市草間7471-1","34.931816","133.540377"
"旧足見小学校","岡山県新見市足見3051","34.944056","133.516938"
"足見ふれあいセンター","岡山県新見市足見3052-4","34.944398","133.516268"
"足立会館（足立連絡所）","岡山県新見市足立3852-1","35.044491","133.382447"
"刑部小学校","岡山県新見市大佐永富1592","35.080873","133.571426"
"大佐中学校","岡山県新見市大佐永富1745","35.079012","133.569021"
"大佐定住促進センター（交流センター）","岡山県新見市大佐永富1994","35.073789","133.568369"
"おおさ総合センター","岡山県新見市大佐小阪部1469-1","35.079316","133.565084"
"大佐認定こども園","岡山県新見市大佐小阪部1509-1","35.082047","133.566597"
"大佐Ｂ＆Ｇ海洋センター","岡山県新見市大佐小阪部2248-1","35.07809","133.551877"
"平松館","岡山県新見市大佐小南480","35.063305","133.563327"
"大佐公民館上刑部分館","岡山県新見市大佐上刑部14","35.108086","133.559218"
"大佐公民館大井野分館","岡山県新見市大佐大井野1057-4","35.141611","133.504037"
"旧田治部小学校","岡山県新見市大佐田治部2851","35.046278","133.551951"
"大佐公民館布瀬分館","岡山県新見市大佐布瀬364","35.021085","133.578883"
"長屋公会堂","岡山県新見市長屋435-1","34.947518","133.494417"
"長屋多目的広場","岡山県新見市長屋436-2","34.947516","133.493908"
"哲西隣保館","岡山県新見市哲西町上神代2075","34.963037","133.343009"
"哲西三光生活改善センター","岡山県新見市哲西町上神代3624-1","34.963276","133.338116"
"矢神小学校","岡山県新見市哲西町上神代5823","34.956643","133.33136"
"哲西公民館野原分館","岡山県新見市哲西町大野部23-25","34.911547","133.360732"
"畑木集会所","岡山県新見市哲西町畑木591-15","34.915001","133.316143"
"哲西公民館野馳分館","岡山県新見市哲西町八鳥416-1","34.91279","133.322381"
"野馳小学校","岡山県新見市哲西町八鳥527","34.908488","133.325804"
"哲西中学校","岡山県新見市哲西町矢田3193","34.925805","133.327087"
"きらめき広場・哲西","岡山県新見市哲西町矢田3604","34.932841","133.331379"
"哲西高齢者生活福祉センター","岡山県新見市哲西町矢田4351","34.923823","133.334397"
"井原コミュニティハウス","岡山県新見市哲多町荻尾196-1","34.901137","133.476057"
"荻尾ふれあい館","岡山県新見市哲多町荻尾845-2","34.900511","133.480667"
"哲多Ｂ＆Ｇ海洋センター","岡山県新見市哲多町花木1090","34.941902","133.462279"
"若者センター","岡山県新見市哲多町花木1091","34.941441","133.462725"
"久保井野コミュニティハウス","岡山県新見市哲多町花木2114","34.940183","133.475682"
"青木田ノ河内コミュニティハウス","岡山県新見市哲多町蚊家2208-5","34.887829","133.362824"
"哲多金ボタル交流館","岡山県新見市哲多町蚊家3322","34.895322","133.391945"
"新砥小学校","岡山県新見市哲多町蚊家4301","34.908939","133.405195"
"哲多公民館新砥分館","岡山県新見市哲多町蚊家4603","34.910334","133.405536"
"哲多郷土文化館","岡山県新見市哲多町宮河内470","34.949236","133.445807"
"哲多中学校","岡山県新見市哲多町成松121","34.918217","133.45453"
"興産コミュニティハウス","岡山県新見市哲多町大野1118","34.947088","133.413906"
"大田ふれあいセンター","岡山県新見市哲多町田淵124-1","34.929742","133.392783"
"新田コミュニティハウス","岡山県新見市哲多町田淵2419-1","34.920891","133.374208"
"公設国際貢献大学校","岡山県新見市哲多町田淵70","34.930677","133.396459"
"哲多総合センター","岡山県新見市哲多町本郷664-1","34.93715","133.450125"
"本郷小学校","岡山県新見市哲多町本郷672","34.938173","133.450959"
"旧萬歳小学校","岡山県新見市哲多町矢戸656","34.901787","133.452899"
"夢ひろば萬歳","岡山県新見市哲多町矢戸685-1","34.90165","133.453708"
"土橋交流センター","岡山県新見市土橋928","34.959182","133.545925"
"唐松公民館（唐松市民センター）","岡山県新見市唐松2744-2","34.959389","133.50342"
"旧唐松小学校体育館","岡山県新見市唐松2752","34.95911","133.503312"
"熊野コミュニティハウス","岡山県新見市法曽2809-1","34.905344","133.502678"
"井倉公民館含翠分館","岡山県新見市法曽3199","34.907754","133.508964"
"法曽農作業準備休憩施設","岡山県新見市法曽595-1","34.884018","133.520616"
"豊永公民館（豊永市民センター）","岡山県新見市豊永佐伏1120-1","34.961284","133.588922"
"旧豊永小学校体育館","岡山県新見市豊永佐伏6181","34.960314","133.589935"
"ふれあいセンター満奇","岡山県新見市豊永赤馬2637-1","34.968891","133.583818"
"西尾公会堂","岡山県新見市豊永赤馬5384","34.984694","133.595017"
"須貝邸","岡山県新庄村1100","35.175973","133.56937"
"中町集会所","岡山県新庄村1108-1","35.176701","133.569175"
"戸島公民館","岡山県新庄村1256-2","35.177797","133.561913"
"幸町公民館","岡山県新庄村1985-8","35.178308","133.567034"
"ふれあいホール","岡山県新庄村1998-1","35.1805","133.566683"
"メルヘンの里　ふれあいセンター","岡山県新庄村1998-1","35.179992","133.566709"
"新庄村公民館","岡山県新庄村2014","35.180269","133.567226"
"新庄村保育所","岡山県新庄村2014-2","35.180749","133.567092"
"新庄小学校","岡山県新庄村2074","35.181631","133.56728"
"鍛冶屋公民館","岡山県新庄村2116","35.181902","133.569056"
"新庄中学校","岡山県新庄村2134","35.181798","133.568315"
"大所公民館","岡山県新庄村225-3","35.16318","133.578264"
"田井公民館","岡山県新庄村2478-2","35.183951","133.56465"
"田中公民館","岡山県新庄村2726","35.187991","133.565327"
"二ツ橋公民館","岡山県新庄村3061","35.198597","133.533726"
"田浪公民館","岡山県新庄村3365","35.217888","133.53149"
"滝ノ尻公民館","岡山県新庄村3684-4","35.205838","133.553982"
"大原公民館","岡山県新庄村3890","35.196105","133.564678"
"中谷公民館","岡山県新庄村4006-2","35.19729","133.572022"
"高下公民館","岡山県新庄村4088","35.20103","133.574034"
"野土路公民館","岡山県新庄村4974","35.223229","133.579602"
"梨瀬公民館","岡山県新庄村5405","35.191017","133.567875"
"浦手公民館","岡山県新庄村5642","35.192214","133.576322"
"茅見公民館","岡山県新庄村843-2","35.165154","133.564381"
"境公会堂","岡山県真庭市阿口1583-5","35.025007","133.625896"
"旧阿口幼稚園","岡山県真庭市阿口2390","35.012404","133.624084"
"草谷公会堂","岡山県真庭市阿口3063-1","35.004156","133.621473"
"原茂公会堂","岡山県真庭市阿口3581","35.014146","133.616238"
"杉成集会所","岡山県真庭市粟谷1081-1","35.235217","133.617681"
"粟谷多目的研修集会所","岡山県真庭市粟谷673-2","35.226662","133.659051"
"河面大杉集会所","岡山県真庭市粟谷911-3","35.224192","133.643478"
"下一色公会堂","岡山県真庭市一色307-1","34.992093","133.70177"
"上一色公会堂","岡山県真庭市一色39","34.991052","133.690844"
"中一色公会堂","岡山県真庭市一色668-3","34.996135","133.695718"
"一色八幡神社","岡山県真庭市一色965","34.993297","133.692332"
"一宮神社","岡山県真庭市横部117","35.094359","133.694775"
"久保谷多目的生活共同施設","岡山県真庭市下河内1684-5","35.033227","133.79433"
"峪田公会堂","岡山県真庭市下河内2296-2","35.032566","133.784897"
"祥雲寺（本堂・庫裏含む）","岡山県真庭市下河内2579","35.030557","133.776346"
"土井谷ふれあいの家","岡山県真庭市下河内2597-1","35.02973","133.776601"
"日名多目的生活共同施設","岡山県真庭市下河内569-3","35.03342","133.776547"
"岡部落なかよしの園","岡山県真庭市下河内753-2","35.032494","133.777923"
"下河内神社","岡山県真庭市下河内851","35.034824","133.783453"
"宮の上公会堂","岡山県真庭市下河内978-4","35.035109","133.787649"
"下見集会所","岡山県真庭市下見168-4","34.992939","133.784219"
"法泉寺","岡山県真庭市下見275","34.993728","133.782875"
"落合老人福祉センター","岡山県真庭市下市瀬558-1","35.025999","133.738995"
"ハイランドおちあい","岡山県真庭市下市瀬586-1","35.024166","133.736518"
"白梅総合体育館","岡山県真庭市下市瀬586-3","35.022365","133.737581"
"土井公会堂","岡山県真庭市下中津井1076","34.947191","133.623801"
"中津井第３老人憩いの家（樽見）","岡山県真庭市下中津井2704-3","34.952255","133.617131"
"北房カントリー倶楽部","岡山県真庭市下中津井3933","34.95389","133.609865"
"下村公会堂","岡山県真庭市下中津井426-3","34.946918","133.627774"
"下町公会堂","岡山県真庭市下中津井445-2","34.946895","133.627794"
"中津井第２老人憩いの家","岡山県真庭市下中津井770-2","34.945481","133.626207"
"下湯原公民館","岡山県真庭市下湯原353-1","35.191049","133.732845"
"簗瀬ふれあいの館","岡山県真庭市下方1290-3","35.0042","133.733224"
"木山こども園","岡山県真庭市下方1364-4","35.002863","133.732996"
"木山小学校","岡山県真庭市下方1380","35.003289","133.733661"
"畝公会堂","岡山県真庭市下方1430","35.001168","133.73346"
"越谷公会堂","岡山県真庭市下方154-1","35.005351","133.72375"
"落合人権福祉センター","岡山県真庭市下方1732","35.004049","133.737187"
"井手伊倉集会所","岡山県真庭市下方328","35.005404","133.72964"
"簗瀬公会堂","岡山県真庭市下方546","35.007838","133.733937"
"落合中学校","岡山県真庭市下方625","35.010334","133.732815"
"八幡神社","岡山県真庭市下呰部1071","34.973473","133.628151"
"上犬田公会堂","岡山県真庭市下呰部1110-3","34.971246","133.626657"
"上合地公会堂","岡山県真庭市下呰部2352-1","34.980675","133.625258"
"北房振興局","岡山県真庭市下呰部248","34.961589","133.632878"
"北房小学校","岡山県真庭市下呰部289","34.964139","133.633555"
"北房こども園","岡山県真庭市下呰部289","34.963303","133.632906"
"安早公会堂","岡山県真庭市下呰部3104-2","34.983879","133.617812"
"北房ふるさとセンター憩いの家","岡山県真庭市下呰部623-1","34.963383","133.628119"
"湯原温泉スポーツ公園","岡山県真庭市禾津164","35.168947","133.730152"
"禾津コミュニティハウス","岡山県真庭市禾津304-2","35.170083","133.732279"
"橋谷集会所","岡山県真庭市禾津644-96","35.170701","133.719244"
"開田コミュニティハウス","岡山県真庭市開田195-2","35.044491","133.752604"
"開田荒神社","岡山県真庭市開田258-1","35.044227","133.75101"
"樫邑小学校","岡山県真庭市樫西3510","35.103561","133.778923"
"定池・松ヶ瀬公民館","岡山県真庭市樫西3685","35.096593","133.78227"
"樫東生活改善センター","岡山県真庭市樫東1354-2","35.095678","133.786292"
"善住寺","岡山県真庭市樫東1362","35.095918","133.786677"
"上野ガレキ処分場","岡山県真庭市樫東1379-18","35.100848","133.785716"
"正光寺","岡山県真庭市関1237-1","35.001205","133.68705"
"大宮神社","岡山県真庭市関1981","35.004944","133.683679"
"千里集会所","岡山県真庭市関4152-3","35.018967","133.673692"
"関コミュニティハウス","岡山県真庭市関583-1","35.000505","133.68397"
"吉集会場","岡山県真庭市吉3614","34.962196","133.795777"
"吉八幡神社","岡山県真庭市吉3796","34.96035","133.794232"
"法福寺","岡山県真庭市吉3945","34.965945","133.793309"
"湯原中学校","岡山県真庭市久見105","35.175299","133.73007"
"湯原小学校","岡山県真庭市久見70","35.174169","133.731728"
"久見コミュニティハウス","岡山県真庭市久見90-16","35.176612","133.729554"
"遷喬小学校","岡山県真庭市久世100","35.082335","133.750646"
"上町早川町公民館","岡山県真庭市久世2516-1","35.078692","133.745474"
"北町コミュニティハウス","岡山県真庭市久世281-1","35.082033","133.748125"
"久世公民館","岡山県真庭市久世2932-5","35.075177","133.753458"
"楽々デイホーム","岡山県真庭市宮地1218-2","34.97904","133.679042"
"原公会堂","岡山県真庭市宮地1460-1","34.976069","133.67668"
"上町公会堂","岡山県真庭市宮地1528-1","34.977755","133.679583"
"旧水田小学校体育館","岡山県真庭市宮地1608","34.975905","133.679498"
"實廣荒神社","岡山県真庭市宮地1861-1","34.968709","133.684877"
"宮地公会堂","岡山県真庭市宮地2306-1","34.969221","133.682505"
"水田第３老人憩いの家（湯川）","岡山県真庭市宮地837-2","34.979562","133.685254"
"栗原神社","岡山県真庭市栗原1032","34.983685","133.702661"
"権現山集会所","岡山県真庭市栗原1216","34.981874","133.705051"
"栗原神社コミュニティハウス","岡山県真庭市栗原1427-1","34.98182","133.70815"
"瑞祥寺","岡山県真庭市栗原1540","34.979464","133.71112"
"焼芝コミュニティハウス","岡山県真庭市栗原1781-5","34.982415","133.716825"
"鹿峰多目的生活共同利用施設","岡山県真庭市栗原515","34.988865","133.694858"
"美川小学校","岡山県真庭市栗原720","34.987776","133.698706"
"美川こども園","岡山県真庭市栗原780-2","34.985648","133.699098"
"月田コミュニティハウス","岡山県真庭市月田2007-1","35.042717","133.668134"
"手谷多目的生活協同施設","岡山県真庭市月田2826-5","35.038982","133.672573"
"月田小学校","岡山県真庭市月田5606-2","35.039457","133.66162"
"勝山月田公民館","岡山県真庭市月田6838-1","35.044475","133.662849"
"三堂公会堂","岡山県真庭市月田7885-1","35.050435","133.665173"
"手の尾合の坪集会所","岡山県真庭市月田本371-1","35.045133","133.636058"
"見尾公民館","岡山県真庭市見尾157","35.129114","133.708763"
"見明戸六多目的集会所","岡山県真庭市見明戸1202-6","35.177947","133.691476"
"福井集会所","岡山県真庭市見明戸1789-1","35.173201","133.688844"
"見明戸コミュニティハウス","岡山県真庭市見明戸895-2","35.180464","133.67571"
"金崎集会所","岡山県真庭市古見102-1","35.04262","133.762289"
"古見八幡神社","岡山県真庭市古見1397","35.052203","133.76754"
"落合ふれあいの館","岡山県真庭市古見1712-1","35.053364","133.759993"
"河本公会堂","岡山県真庭市古見737-3","35.048211","133.762607"
"真庭市農業構造改善センター","岡山県真庭市古呂々尾中1412-3","35.089465","133.606747"
"興法地公会堂","岡山県真庭市五名1515-4","34.987452","133.660805"
"大門公会堂","岡山県真庭市五名1699","34.98179","133.663504"
"平公会堂","岡山県真庭市五名1901-5","34.979231","133.66538"
"水田第２老人憩いの家（平）","岡山県真庭市五名1918-1","34.978892","133.663698"
"高下山之城公会堂","岡山県真庭市五名386","34.980327","133.66049"
"覚正山不動寺","岡山県真庭市後谷畝1179","35.062182","133.646893"
"谷山集会所","岡山県真庭市江川621","35.074371","133.684869"
"江川コミュニティセンター","岡山県真庭市江川858-3","35.078029","133.687362"
"高応神社","岡山県真庭市江川929","35.077133","133.684347"
"荒田コミュニティセンター","岡山県真庭市荒田386","35.066155","133.661013"
"重則集会所","岡山県真庭市荒田816","35.066558","133.651867"
"高屋多目的生活共同利用施設","岡山県真庭市高屋239-2","35.049161","133.743309"
"天津神社","岡山県真庭市高屋387","35.047731","133.747305"
"高田山上多目的集会所","岡山県真庭市高田山上1044-1","35.087029","133.625112"
"日名集会所","岡山県真庭市黒田383-1","35.168386","133.645099"
"くるみの館","岡山県真庭市佐引448-3","35.01632","133.657695"
"千束集会所","岡山県真庭市佐引805-1","35.02151","133.662454"
"産業学習館","岡山県真庭市三阪1130-22","35.093088","133.750666"
"三田神社","岡山県真庭市三田121-2","35.079731","133.688828"
"勝山中学校","岡山県真庭市三田190","35.081941","133.686414"
"山久世コミュニティハウス","岡山県真庭市山久世1833-16","35.106955","133.716324"
"東部集会所","岡山県真庭市山久世564-5","35.109114","133.723866"
"山田阿弥陀堂","岡山県真庭市山田1476","34.976697","133.668218"
"荒迫公会堂","岡山県真庭市山田2025","34.973209","133.665441"
"水田老人憩いの家","岡山県真庭市山田828-33","34.980927","133.675155"
"平公会堂","岡山県真庭市鹿田1376-2","34.990211","133.722171"
"鹿田八幡神社","岡山県真庭市鹿田1537","34.991479","133.722576"
"郡多目的集会所","岡山県真庭市鹿田1717-6","34.998919","133.725939"
"門前ふれあい会館","岡山県真庭市鹿田430-8","34.992925","133.728443"
"勇山寺","岡山県真庭市鹿田482","34.991951","133.729465"
"城北コミュニティセンター","岡山県真庭市柴原416-2","35.098103","133.709293"
"本谷多目的生活協同施設","岡山県真庭市社1319","35.182329","133.75832"
"牧原多目的研修集会所","岡山県真庭市社1938","35.174122","133.750325"
"社コミュニティハウス","岡山県真庭市社651","35.182994","133.749384"
"富原小学校","岡山県真庭市若代1948","35.060212","133.609252"
"勝山富原公民館","岡山県真庭市若代343-8","35.05842","133.611062"
"種集落農事集会所","岡山県真庭市種1790-4","35.205309","133.674693"
"三倉多目的集会所","岡山県真庭市種652-2","35.204501","133.686696"
"三野瀬多目的研修集会所","岡山県真庭市種826-6","35.212057","133.685854"
"二川みらいづくりセンター","岡山県真庭市種966","35.21877","133.672961"
"勝山文化センター","岡山県真庭市勝山319","35.080292","133.691154"
"新建コミュニティハウス","岡山県真庭市勝山447-2","35.082411","133.694824"
"勝山高校","岡山県真庭市勝山481","35.08335","133.694741"
"真庭地域産業振興センター","岡山県真庭市勝山620-5","35.082088","133.692032"
"勝山こども園","岡山県真庭市勝山628-1","35.083211","133.69231"
"東真産業株式会社本社","岡山県真庭市勝山805","35.08373","133.696699"
"上多目的集会所","岡山県真庭市上1461","35.032491","133.599556"
"真庭市高齢者福祉のむらづくり拠点施設","岡山県真庭市上3414-2","35.038113","133.605279"
"上河内コミュニティハウス","岡山県真庭市上河内1091","35.063846","133.811335"
"杉谷公会堂","岡山県真庭市上河内110-1","35.054106","133.808552"
"キリタローの館","岡山県真庭市上河内1824-3","35.058942","133.820156"
"元定公民館","岡山県真庭市上河内2341-4","35.051687","133.804804"
"東谷コミュニティハウス","岡山県真庭市上河内3226-1","35.072449","133.818771"
"熊野神社","岡山県真庭市上河内3434-1","35.07018","133.81201"
"円融寺","岡山県真庭市上河内3457","35.069574","133.810996"
"西谷下集会所","岡山県真庭市上河内3643-10","35.06938","133.808119"
"宿公民館","岡山県真庭市上河内3671-1","35.066962","133.808934"
"西谷公会堂","岡山県真庭市上河内3793-1","35.071577","133.805936"
"安行集会所","岡山県真庭市上河内416","35.058459","133.804594"
"西谷上集会所（せせらぎの家）","岡山県真庭市上河内4421-5","35.075994","133.802198"
"上山コミュニティハウス","岡山県真庭市上山354-1","34.954757","133.745459"
"万福寺","岡山県真庭市上山356","34.956621","133.746811"
"しらうめ団地集会所","岡山県真庭市上市瀬1050-96","35.030419","133.742989"
"上水田第１老人憩いの家（荒木）","岡山県真庭市上水田2288-1","34.960196","133.646637"
"北房中学校","岡山県真庭市上水田2758","34.963936","133.642014"
"北房文化センター","岡山県真庭市上水田3131","34.961873","133.633521"
"長政公会堂","岡山県真庭市上水田3197-1","34.963047","133.635326"
"谷尻集会場","岡山県真庭市上水田3911","34.966362","133.646895"
"郡神社","岡山県真庭市上水田399-1","34.954403","133.637809"
"上水田第４老人憩いの家（英賀）","岡山県真庭市上水田4838-1","34.964693","133.653133"
"井尾集荷場","岡山県真庭市上水田5457-1","34.973879","133.651106"
"井尾奥公会堂","岡山県真庭市上水田5641-4","34.977573","133.648901"
"上水田第３老人憩いの家（国重）","岡山県真庭市上水田6259-5","34.973879","133.653787"
"川崎集会所","岡山県真庭市上水田6743-1","34.970074","133.65847"
"立公会堂","岡山県真庭市上水田736-1","34.955229","133.640319"
"野々倉観音堂","岡山県真庭市上水田7440-1","34.950468","133.667591"
"菅野公会堂","岡山県真庭市上水田7762","34.956918","133.665994"
"上水田第２老人憩いの家（井殿）","岡山県真庭市上水田8325-3","34.95532","133.675293"
"小松生活改善センター","岡山県真庭市上水田913-2","34.956011","133.643485"
"定公会堂","岡山県真庭市上中津井11-2","34.941684","133.62956"
"多和福祉センター","岡山県真庭市上中津井1496-1","34.929684","133.631542"
"北房Ｂ＆Ｇ海洋センター","岡山県真庭市上中津井243-2","34.937472","133.623576"
"平田公会堂","岡山県真庭市上中津井639-3","34.93691","133.632168"
"上呰部老人憩いの家","岡山県真庭市上呰部1413-12","34.988905","133.61601"
"高鶴部自治会館","岡山県真庭市上呰部854","34.992655","133.618984"
"神代コミュニティセンター","岡山県真庭市神代913-1","35.093175","133.652971"
"杉山公会堂","岡山県真庭市杉山476","35.048102","133.700757"
"星山コミュニティセンター","岡山県真庭市星山688-1","35.12616","133.674825"
"清谷公民館","岡山県真庭市清谷667-1","35.09012","133.58756"
"西河内コミュニティハウス","岡山県真庭市西河内877","35.024368","133.729849"
"西原コミュニティハウス","岡山県真庭市西原281-6","35.022837","133.756122"
"上場下集会所","岡山県真庭市西原410-10","35.023813","133.755841"
"旧有隣中学校グラウンド","岡山県真庭市西原424-1","35.024727","133.755257"
"赤野上集会所","岡山県真庭市赤野224","35.029946","133.767178"
"小原集会所","岡山県真庭市赤野791","35.027653","133.773895"
"組コミュニティハウス","岡山県真庭市組35-26","35.095863","133.693404"
"高瀬公民館","岡山県真庭市惣129-18","35.074037","133.748351"
"大上公民館","岡山県真庭市草加部1007-2","35.08086","133.710619"
"全農岡山県本部家畜市場","岡山県真庭市草加部1810","35.074901","133.719326"
"寿和公民館","岡山県真庭市草加部2150-1","35.081422","133.704901"
"草加部小学校","岡山県真庭市草加部538","35.081115","133.719897"
"多田中公民館","岡山県真庭市多田381-18","35.080917","133.755927"
"金屋明親館","岡山県真庭市台金屋115","35.078257","133.766081"
"久世中学校","岡山県真庭市台金屋202","35.073876","133.764183"
"Ｎｉｋｋｏ真庭店","岡山県真庭市台金屋27-1","35.075373","133.767533"
"津田コミュニティハウス","岡山県真庭市旦土635-3","34.97828","133.784104"
"中河内コミュニティハウス","岡山県真庭市中河内1143-14","35.046206","133.798905"
"瑞景寺","岡山県真庭市中河内1783-1","35.050441","133.795826"
"河内小学校","岡山県真庭市中河内2119-1","35.049767","133.800227"
"釜谷公民館","岡山県真庭市中河内2689-3","35.049537","133.80311"
"八幡公民館","岡山県真庭市中河内661-3","35.040788","133.793274"
"浅野産業株式会社　真庭営業所","岡山県真庭市中原202-14","35.069701","133.789543"
"中原神社","岡山県真庭市中原302","35.072359","133.787631"
"旧真庭高校久世校地","岡山県真庭市中島143","35.071568","133.751755"
"牧集会所","岡山県真庭市仲間1607-2","35.157547","133.726718"
"釘貫小川多目的研修集会所","岡山県真庭市釘貫小川450-1","35.169257","133.735401"
"峪集会所","岡山県真庭市鉄山1377-4","35.18322","133.624195"
"篠原多目的集会所","岡山県真庭市鉄山1710-3","35.178923","133.624037"
"鉄山地区コミュニティハウス","岡山県真庭市鉄山379","35.181794","133.640288"
"中村集会所","岡山県真庭市鉄山752-4","35.198101","133.628797"
"田羽根多目的研修集会所","岡山県真庭市田羽根429-1","35.215091","133.746387"
"川東小学校","岡山県真庭市田原175","35.036061","133.761862"
"田原八幡神社","岡山県真庭市田原492","35.040749","133.764165"
"北野多目的集会所","岡山県真庭市田原山上2039-3","34.989199","133.746969"
"普門寺","岡山県真庭市田原山上2127","34.980433","133.747546"
"旧上田小学校","岡山県真庭市田原山上2138","34.980174","133.748999"
"高の巣多目的集会所","岡山県真庭市田原山上331-3","34.995224","133.757506"
"嬉石集会所","岡山県真庭市田原山上4344-4","34.964438","133.762631"
"田原山上集会所","岡山県真庭市田原山上4626","34.971631","133.762156"
"打火谷集会所","岡山県真庭市田口1196","35.138759","133.646705"
"太井ノ坂集会所","岡山県真庭市田口1479-1","35.134362","133.63272"
"田口地区コミュニティハウス","岡山県真庭市田口363-1","35.122643","133.636455"
"湯谷集会所","岡山県真庭市田口943","35.130234","133.63629"
"都喜足公民館","岡山県真庭市都喜足150-1","35.149237","133.717571"
"湯本コミュニティハウス","岡山県真庭市湯原温泉143-2","35.200165","133.733031"
"藤森多目的研修集会所","岡山県真庭市藤森94-4","35.235171","133.675664"
"真庭市久世エスパスセンター","岡山県真庭市鍋屋17-1","35.07742","133.752477"
"天津小学校","岡山県真庭市日名20-2","35.053595","133.744414"
"天津老人いこいの家","岡山県真庭市日名41-2","35.05475","133.743974"
"善福寺","岡山県真庭市日名51","35.054789","133.743611"
"古風呂集会所","岡山県真庭市日名78","35.050364","133.736737"
"木山小学校日野上分校","岡山県真庭市日野上1317","35.017653","133.703434"
"日野上公民館","岡山県真庭市日野上1328-2","35.017261","133.702536"
"日野上八幡神社","岡山県真庭市日野上3044","35.019568","133.696976"
"大谷小宗集会所","岡山県真庭市日野上407-3","35.014143","133.703756"
"河田集会所","岡山県真庭市美甘1143","35.159502","133.606489"
"宇南寺","岡山県真庭市美甘1278","35.160305","133.601504"
"山路集会所","岡山県真庭市美甘1632-3","35.159589","133.586985"
"羽仁地区コミュニティハウス","岡山県真庭市美甘1964-1","35.163704","133.585394"
"野尾集会所","岡山県真庭市美甘2312-2","35.164311","133.595749"
"平島地区コミュニティハウス","岡山県真庭市美甘2511-1","35.16384","133.603598"
"只常集会所","岡山県真庭市美甘319","35.153855","133.626691"
"当政コミュニティセンター","岡山県真庭市美甘3451-1","35.158946","133.613291"
"みどりふれあい会館","岡山県真庭市美甘3883-1","35.157427","133.62056"
"美甘健康増進施設","岡山県真庭市美甘3888-6","35.156737","133.620774"
"美甘小学校","岡山県真庭市美甘4021-4","35.157026","133.621369"
"竹元寺","岡山県真庭市美甘4059","35.158106","133.621043"
"美甘振興局","岡山県真庭市美甘4134","35.157129","133.623899"
"福寿荘","岡山県真庭市美甘448","35.154674","133.623792"
"上在所公会堂","岡山県真庭市蒜山下長田1209-2","35.286869","133.739262"
"東集会所","岡山県真庭市蒜山下長田30-55","35.299197","133.731964"
"花園下公会堂","岡山県真庭市蒜山下長田779-5","35.29164","133.729038"
"西原コミュニティハウス","岡山県真庭市蒜山下長田855-6","35.290055","133.732109"
"徳山公会堂","岡山県真庭市蒜山下徳山197-8","35.27877","133.63543"
"宗利公会堂","岡山県真庭市蒜山下徳山337","35.275905","133.630773"
"苗代公会堂","岡山県真庭市蒜山下徳山715-2","35.291214","133.624784"
"千町公会堂","岡山県真庭市蒜山下福田1113-1","35.278072","133.685042"
"上中井川公会堂","岡山県真庭市蒜山下福田320","35.282873","133.685734"
"蒜山中学校","岡山県真庭市蒜山下福田468","35.282477","133.679937"
"市木公会堂","岡山県真庭市蒜山下福田691-8","35.280985","133.689184"
"下井川多目的研修集会施設","岡山県真庭市蒜山下福田823","35.277092","133.690771"
"津黒コミュニティハウス","岡山県真庭市蒜山下和1167-4","35.266638","133.787213"
"野辺コミュニティハウス","岡山県真庭市蒜山下和1492-2","35.265468","133.779133"
"中和保健センターあじさい","岡山県真庭市蒜山下和1801","35.265967","133.777574"
"中和デイサービスセンター","岡山県真庭市蒜山下和1801","35.266015","133.77755"
"下鍛冶屋コミュニティハウス","岡山県真庭市蒜山下和1894-3","35.263421","133.773146"
"一の茅コミュニティハウス","岡山県真庭市蒜山下和2416-1","35.25162","133.778569"
"荒井コミュニティハウス","岡山県真庭市蒜山下和2713-6","35.255585","133.7638"
"吉田公民館","岡山県真庭市蒜山吉田343-10","35.278739","133.786887"
"常藤コミュニティハウス","岡山県真庭市蒜山吉田535-5","35.284807","133.786836"
"初和コミュニティハウス","岡山県真庭市蒜山初和202-1","35.247829","133.747708"
"宇田公会堂","岡山県真庭市蒜山上長田1095-4","35.297469","133.706294"
"道目木公会堂","岡山県真庭市蒜山上長田1280-2","35.289487","133.710312"
"宮城多目的生活共同施設","岡山県真庭市蒜山上長田1695-224","35.299459","133.713581"
"花園コミュニティハウス","岡山県真庭市蒜山上長田1887-1","35.290584","133.719042"
"蒜山高原スポーツ公園","岡山県真庭市蒜山上長田2300-1","35.29464","133.72777"
"中島多目的研修集会施設","岡山県真庭市蒜山上長田256-2","35.28369","133.690373"
"勝山高校蒜山校地","岡山県真庭市蒜山上長田4-143","35.287953","133.687877"
"井川栄多目的共同化施設","岡山県真庭市蒜山上長田4-46","35.296184","133.687237"
"渕ノ上コミュニティハウス","岡山県真庭市蒜山上長田454-1","35.283017","133.696188"
"吉森公会堂","岡山県真庭市蒜山上長田486","35.284911","133.698666"
"黒住教上長田中教会所","岡山県真庭市蒜山上長田567-14","35.287615","133.697464"
"延助コミュニティハウス","岡山県真庭市蒜山上徳山1016-3","35.275356","133.614626"
"中原集落集会施設","岡山県真庭市蒜山上徳山1479-13","35.278467","133.625811"
"白髪公会堂","岡山県真庭市蒜山上徳山361-2","35.272073","133.593273"
"山根田中別所多目的共同化施設","岡山県真庭市蒜山上徳山549-3","35.270477","133.599434"
"徳山神社","岡山県真庭市蒜山上徳山805","35.274475","133.608698"
"正富集落集会所","岡山県真庭市蒜山上福田269-7","35.284747","133.630427"
"川上コミュニティセンター","岡山県真庭市蒜山上福田425-1","35.281039","133.634568"
"堂の前公会堂","岡山県真庭市蒜山上福田729-4","35.279489","133.644465"
"川上小学校","岡山県真庭市蒜山上福田890-17","35.281029","133.645995"
"五反田集会所","岡山県真庭市蒜山西茅部1065-5","35.265811","133.63846"
"郷原公会堂","岡山県真庭市蒜山西茅部1392-2","35.265097","133.630169"
"笠木集落集会施設","岡山県真庭市蒜山西茅部298-18","35.267466","133.662156"
"才東集会所","岡山県真庭市蒜山西茅部398","35.270256","133.660793"
"茅部野西部落多目的共同施設","岡山県真庭市蒜山西茅部444-41","35.270623","133.661807"
"富先コミュニティハウス","岡山県真庭市蒜山中福田145-26","35.279746","133.651612"
"原コミュニティハウス","岡山県真庭市蒜山中福田356-5","35.278707","133.655423"
"日ノ爪コミュニティハウス","岡山県真庭市蒜山中福田794","35.281537","133.661577"
"粟住公会堂","岡山県真庭市蒜山東茅部1069-1","35.258683","133.679326"
"大森公会堂","岡山県真庭市蒜山東茅部1954-1","35.272703","133.682312"
"桜ヶ丘コミュニティハウス","岡山県真庭市蒜山東茅部712-585","35.263419","133.668046"
"茅部野東集会所","岡山県真庭市蒜山東茅部721-5","35.26521","133.675095"
"黒岩コミュニティハウス","岡山県真庭市蒜山東茅部734-6","35.260917","133.673432"
"湯船公会堂","岡山県真庭市蒜山湯船434-1","35.293829","133.640059"
"富掛田多目的研修集会施設","岡山県真庭市蒜山富掛田156-2","35.280907","133.667447"
"富掛田前多目的研修集会施設","岡山県真庭市蒜山富掛田262-3","35.276924","133.667689"
"八束コミュニティセンター","岡山県真庭市蒜山富山根152-2","35.280119","133.676414"
"八束老人福祉センター","岡山県真庭市蒜山富山根154-1","35.280104","133.677067"
"共和多目的集会施設","岡山県真庭市蒜山富山根694-288","35.295314","133.6666"
"別所コミュニティハウス","岡山県真庭市蒜山別所310-1","35.295644","133.776954"
"大原コミュニティハウス","岡山県真庭市蒜山別所4-222","35.294511","133.786171"
"天王中曽公会堂","岡山県真庭市蒜山本茅部11-8","35.274318","133.611648"
"本茅部公会堂","岡山県真庭市蒜山本茅部185","35.270566","133.605203"
"富尾公民館","岡山県真庭市富尾389-6","35.064429","133.748662"
"富尾下集会所","岡山県真庭市富尾433-1","35.062496","133.747614"
"福谷コミュニティハウス","岡山県真庭市福谷1136-1","35.084163","133.669781"
"勝山運動公園","岡山県真庭市福谷1192","35.082187","133.674083"
"福田コミュニティハウス","岡山県真庭市福田200-2","35.050282","133.750505"
"旧落合ひまわり保育園","岡山県真庭市福田265","35.049106","133.750518"
"平松公会堂（平松デイサービスホーム）","岡山県真庭市平松103-2","35.058857","133.759844"
"平松神社","岡山県真庭市平松156","35.05995","133.762235"
"粟村集会所","岡山県真庭市別所1342-3","35.027655","133.634143"
"醍醐桜休憩所","岡山県真庭市別所2168","35.024733","133.647046"
"中倉集会所","岡山県真庭市別所4663","35.025545","133.679717"
"市村部落集会所","岡山県真庭市別所703-7","35.018307","133.645889"
"法界寺コミュニティハウス","岡山県真庭市法界寺412-1","35.014214","133.772167"
"祖霊社","岡山県真庭市法界寺514","35.013583","133.77349"
"公害観測所","岡山県真庭市法界寺667-1","35.007822","133.777925"
"橿原神社","岡山県真庭市法界寺978","35.006988","133.779294"
"湯原ふれあいセンター","岡山県真庭市豊栄1515","35.194452","133.731232"
"羽部生活家事共同施設","岡山県真庭市豊栄240-5","35.193203","133.715863"
"茅森共同作業所","岡山県真庭市豊栄889-5","35.180833","133.724119"
"湯原公民館豊栄分館","岡山県真庭市豊栄946-1","35.18097","133.725189"
"本郷コミュニティハウス","岡山県真庭市本郷100-40","35.084003","133.684918"
"勝山小学校","岡山県真庭市本郷1801","35.084409","133.688374"
"西町コミュニティハウス","岡山県真庭市本郷1865-9","35.085637","133.686259"
"西町五組集会所","岡山県真庭市本郷1939-1","35.086885","133.687585"
"本庄多目的研修集会所","岡山県真庭市本庄1319-1","35.181062","133.70378"
"木山寺","岡山県真庭市木山1212","35.017231","133.715047"
"深町公会堂","岡山県真庭市木山171","35.016673","133.727076"
"坂元公会堂","岡山県真庭市木山500","35.007884","133.723973"
"西口西公民館","岡山県真庭市目木1285","35.081059","133.770476"
"西口農業構造改善センター","岡山県真庭市目木1555-4","35.079666","133.772949"
"上口コミュニティハウス","岡山県真庭市目木1724-1","35.080631","133.78024"
"米来小学校","岡山県真庭市目木1804","35.077684","133.778498"
"天の川こども園","岡山県真庭市野川797","35.050526","133.758054"
"余野小学校","岡山県真庭市余野下475","35.111178","133.818749"
"仏土寺","岡山県真庭市落合垂水1152","35.013677","133.741951"
"真庭高校落合校地","岡山県真庭市落合垂水488-1","35.016809","133.751443"
"落合小学校","岡山県真庭市落合垂水607-2","35.015965","133.746592"
"落合小学校グラウンド","岡山県真庭市落合垂水607-2","35.015413","133.746725"
"落合体育館","岡山県真庭市落合垂水618","35.014852","133.747761"
"垂水が丘集会所","岡山県真庭市落合垂水806-6","35.01375","133.743254"
"パル天神ハウス","岡山県真庭市落合垂水959","35.012258","133.745446"
"招魂社","岡山県瀬戸内市牛窓町牛窓2146-4","34.62117","134.171854"
"クリーンセンターかもめ","岡山県瀬戸内市牛窓町牛窓228","34.627193","134.146524"
"妙福寺","岡山県瀬戸内市牛窓町牛窓2718","34.614568","134.169598"
"五香宮","岡山県瀬戸内市牛窓町牛窓2720","34.61409","134.169869"
"本蓮寺","岡山県瀬戸内市牛窓町牛窓3194","34.616736","134.164044"
"天神社","岡山県瀬戸内市牛窓町牛窓3224-1","34.616131","134.165792"
"ホテルリマーニ","岡山県瀬戸内市牛窓町牛窓3900","34.616323","134.163039"
"財団法人服部養老会永楽学園","岡山県瀬戸内市牛窓町牛窓3933","34.618952","134.160967"
"金剛頂寺","岡山県瀬戸内市牛窓町牛窓4032","34.621032","134.160272"
"牛窓オリーブ園","岡山県瀬戸内市牛窓町牛窓412-1","34.625843","134.156366"
"牛窓綾浦コミュニティ活性化センター","岡山県瀬戸内市牛窓町牛窓4180-4","34.617409","134.158116"
"オリーブロード","岡山県瀬戸内市牛窓町牛窓4243-17","34.620328","134.157502"
"御霊宮","岡山県瀬戸内市牛窓町牛窓4345","34.618382","134.157435"
"牛窓東小学校","岡山県瀬戸内市牛窓町牛窓4433-10","34.617126","134.157437"
"牛窓東幼稚園","岡山県瀬戸内市牛窓町牛窓4433-8","34.616705","134.156152"
"牛窓町公民館","岡山県瀬戸内市牛窓町牛窓4910-1","34.620849","134.147079"
"鹿歩山","岡山県瀬戸内市牛窓町牛窓5392-3","34.614831","134.144002"
"前島コミュニティハウス","岡山県瀬戸内市牛窓町牛窓5888-27","34.60718","134.17072"
"啓明学院前島キャンプ","岡山県瀬戸内市牛窓町牛窓5888-5","34.606396","134.170081"
"牛窓中学校","岡山県瀬戸内市牛窓町牛窓6446","34.61925","134.150044"
"大師堂","岡山県瀬戸内市牛窓町牛窓747","34.631032","134.16649"
"牛窓西小学校","岡山県瀬戸内市牛窓町鹿忍2166","34.618371","134.13269"
"祇園神社","岡山県瀬戸内市牛窓町鹿忍510","34.615323","134.140828"
"西脇丘公園","岡山県瀬戸内市牛窓町鹿忍7222","34.593807","134.117476"
"丸柴青果株式会社","岡山県瀬戸内市牛窓町鹿忍7360","34.591501","134.112866"
"牛窓町公民館鹿忍分館","岡山県瀬戸内市牛窓町鹿忍921","34.617126","134.135497"
"千手コミュニティハウス","岡山県瀬戸内市牛窓町千手304-1","34.613425","134.11822"
"上区集会所","岡山県瀬戸内市牛窓町長浜1258","34.63421","134.132147"
"牛窓町公民館長浜分館","岡山県瀬戸内市牛窓町長浜3490-1","34.640873","134.134756"
"牛窓北小学校","岡山県瀬戸内市牛窓町長浜3677","34.643307","134.135508"
"国塩区集会所","岡山県瀬戸内市牛窓町長浜4326","34.644154","134.137383"
"長船中学校","岡山県瀬戸内市長船町牛文1010","34.693627","134.126438"
"西須恵コミュニティハウス","岡山県瀬戸内市長船町西須恵988-5","34.677482","134.132225"
"長船ふれあいプラザ","岡山県瀬戸内市長船町長船575-124","34.718678","134.104692"
"備前長船刀剣の里研修館","岡山県瀬戸内市長船町長船966","34.721614","134.106905"
"ＪＡ岡山　長船支所","岡山県瀬戸内市長船町土師1202-1","34.696832","134.117723"
"長船スポーツ公園","岡山県瀬戸内市長船町土師2195","34.694047","134.113035"
"ゆめトピア長船","岡山県瀬戸内市長船町土師277-4","34.700655","134.102581"
"美和小学校","岡山県瀬戸内市長船町東須恵1666-1","34.686284","134.142938"
"美和会館","岡山県瀬戸内市長船町東須恵452","34.686476","134.151911"
"長船町公民館美和分館","岡山県瀬戸内市長船町飯井190-1","34.688518","134.148109"
"和田久保地域交流サロン","岡山県瀬戸内市長船町飯井946","34.688647","134.154574"
"行幸小学校","岡山県瀬戸内市長船町服部163","34.709282","134.099455"
"富岡ふれあいプラザ","岡山県瀬戸内市長船町服部565-2","34.705503","134.105525"
"福岡ふれあいプラザ","岡山県瀬戸内市長船町福岡500-158","34.702024","134.097542"
"七小路会館","岡山県瀬戸内市長船町福岡831","34.703709","134.089811"
"磯上ふれあいプラザ","岡山県瀬戸内市長船町福里589-9","34.705895","134.129222"
"国府小学校","岡山県瀬戸内市長船町福里853","34.697289","134.120716"
"邑久スポーツ公園","岡山県瀬戸内市邑久町下山田1711-3","34.652493","134.110184"
"今城コミュニティセンター","岡山県瀬戸内市邑久町向山36-1","34.657229","134.07616"
"邑久中学校","岡山県瀬戸内市邑久町山手2","34.66572","134.10284"
"貴船山・邑久ふれあい広場","岡山県瀬戸内市邑久町山田庄1361","34.674192","134.100633"
"邑久小学校","岡山県瀬戸内市邑久町山田庄610","34.668084","134.096959"
"笠加コミュニティセンター","岡山県瀬戸内市邑久町上笠加125-1","34.684976","134.096875"
"玉津コミュニティセンター","岡山県瀬戸内市邑久町尻海2855-15","34.649384","134.159824"
"玉津体育館","岡山県瀬戸内市邑久町尻海2970","34.650699","134.159427"
"道の駅一本松展望園","岡山県瀬戸内市邑久町尻海3496-2","34.656358","134.165614"
"天津神社","岡山県瀬戸内市邑久町尻海5406","34.657016","134.179849"
"今城小学校","岡山県瀬戸内市邑久町大富25","34.659311","134.069765"
"裳掛コミュニティセンター","岡山県瀬戸内市邑久町虫明2","34.681954","134.203048"
"裳掛小学校","岡山県瀬戸内市邑久町虫明2","34.68228","134.202592"
"邑久町漁業協同組合","岡山県瀬戸内市邑久町虫明4256","34.683948","134.212427"
"横山製網株式会社上町駐車場","岡山県瀬戸内市邑久町虫明4504-1","34.68558","134.209672"
"上町公園","岡山県瀬戸内市邑久町虫明463-3","34.684557","134.204812"
"裳掛出張所","岡山県瀬戸内市邑久町虫明534-2","34.684477","134.207083"
"福田山圓福寺","岡山県瀬戸内市邑久町豆田875","34.68751","134.084929"
"邑久保育園","岡山県瀬戸内市邑久町尾張1159-1","34.663654","134.103731"
"県立邑久高等学校","岡山県瀬戸内市邑久町尾張404","34.662285","134.091638"
"中央公民館","岡山県瀬戸内市邑久町尾張465-1","34.663322","134.09375"
"福田コミュニティセンター","岡山県瀬戸内市邑久町福元272-2","34.675753","134.080078"
"福田保育園","岡山県瀬戸内市邑久町福元671-1","34.674146","134.088675"
"今城地域コミュニティセンター","岡山県瀬戸内市邑久町福山487-4","34.665001","134.060081"
"宗道神社","岡山県瀬戸内市邑久町福谷588","34.680678","134.195541"
"福田地域コミュニティセンター","岡山県瀬戸内市邑久町福中549","34.671038","134.077048"
"瀬戸内営農センター・邑久支所","岡山県瀬戸内市邑久町豊原101-1","34.662126","134.089946"
"豊原つどいの館","岡山県瀬戸内市邑久町豊原1345","34.64808","134.097621"
"大賀島寺","岡山県瀬戸内市邑久町豊原2686","34.642941","134.089728"
"豊原コミュニティセンター","岡山県瀬戸内市邑久町豊原998-1","34.648363","134.088671"
"上寺山餘慶寺・恵亮院・本乗院・吉祥院・定光院・明王院・圓乗院","岡山県瀬戸内市邑久町北島1187","34.654186","134.062034"
"瀬戸内市消防本部","岡山県瀬戸内市邑久町本庄1795","34.660904","134.125046"
"本庄コミュニティセンター","岡山県瀬戸内市邑久町本庄2370-1","34.659736","134.118272"
"コンベンションホール","岡山県西粟倉村影石1063-1","35.186712","134.335896"
"西粟倉中学校","岡山県西粟倉村影石108","35.173908","134.335126"
"西粟倉小学校","岡山県西粟倉村長尾1555","35.167765","134.336535"
"西粟倉幼稚園","岡山県西粟倉村長尾1567","35.166743","134.336368"
"高田転作促進研修施設","岡山県赤磐市稲蒔197-1","34.894255","134.073687"
"稲蒔コミュニティハウス","岡山県赤磐市稲蒔631","34.893962","134.094754"
"円光寺公民館","岡山県赤磐市円光寺246","34.792744","134.098046"
"塩木構造改善センター","岡山県赤磐市塩木577-3","34.882844","134.041024"
"佐伯北保育園","岡山県赤磐市塩木6-1","34.892313","134.065734"
"奥吉原生活改善センター","岡山県赤磐市奥吉原478-1","34.787961","134.123731"
"岡転作研修・加工施設","岡山県赤磐市岡842","34.816078","134.069612"
"下市コミュニティハウス","岡山県赤磐市下市126-2","34.751027","134.0183"
"中央公民館","岡山県赤磐市下市337","34.755911","134.019405"
"下仁保コミュニティハウス","岡山県赤磐市下仁保1556","34.770839","133.998611"
"西山団地コミュニティハウス","岡山県赤磐市下仁保192-38","34.775087","134.002898"
"可真下公会堂","岡山県赤磐市可真下1039","34.791838","134.062369"
"可真下南公民館","岡山県赤磐市可真下1791-1","34.794402","134.069691"
"可真下１支部公民館","岡山県赤磐市可真下442-1","34.798769","134.073154"
"可真上集会所","岡山県赤磐市可真上1688","34.789984","134.05384"
"熊山老人憩いの家","岡山県赤磐市可真上1729-1","34.791843","134.052497"
"河原屋コミュニティハウス","岡山県赤磐市河原屋992","34.939777","134.075546"
"河田原公会堂","岡山県赤磐市河田原318-3","34.78604","134.103409"
"河本コミュニティハウス","岡山県赤磐市河本948-5","34.748546","134.015172"
"鴨前コミュニティハウス","岡山県赤磐市鴨前652-2","34.760966","134.006"
"岩田公会堂","岡山県赤磐市岩田123-1","34.740876","134.008174"
"東円光寺公民館","岡山県赤磐市吉原392","34.796845","134.103985"
"東円光寺公民館","岡山県赤磐市吉原392","34.796845","134.103985"
"吉原公会堂","岡山県赤磐市吉原71-2","34.794358","134.109453"
"畑公民館","岡山県赤磐市吉原854","34.798497","134.109433"
"熊崎コミュニティハウス","岡山県赤磐市熊崎317-1","34.756647","134.009877"
"竜天くついし夢の里会館","岡山県赤磐市戸津野284-1","34.891828","134.02196"
"戸津野公会堂","岡山県赤磐市戸津野797","34.894377","134.028996"
"五日市公会堂","岡山県赤磐市五日市335","34.769676","134.012367"
"佐伯北研修センター","岡山県赤磐市光木505","34.888405","134.061336"
"布都美研修センター","岡山県赤磐市広戸415","34.862987","133.986918"
"信集会所","岡山県赤磐市広戸683","34.872141","133.98142"
"高屋集会所","岡山県赤磐市高屋239-1","34.761735","134.021103"
"山陽幼稚園","岡山県赤磐市高屋434","34.758299","134.02377"
"合田集落センター","岡山県赤磐市合田1828-2","34.850426","133.994034"
"黒沢集落センター","岡山県赤磐市黒沢1178","34.915504","134.071128"
"先谷集落センター","岡山県赤磐市黒沢1838-2","34.916503","134.081339"
"城南小学校","岡山県赤磐市黒本129","34.919169","134.083648"
"山方研修センター","岡山県赤磐市黒本2103","34.914042","134.065431"
"黒本コミュニティハウス","岡山県赤磐市黒本518-1","34.917371","134.078157"
"軽部小学校","岡山県赤磐市今井100","34.813445","134.024134"
"今井公民館","岡山県赤磐市今井1357-1","34.81724","134.025507"
"佐古公会堂","岡山県赤磐市佐古687","34.8069","134.073503"
"斎富多目的集会所","岡山県赤磐市斎富52-2","34.752526","134.033183"
"坂辺公民館","岡山県赤磐市坂辺504-9","34.842349","134.009478"
"笹岡公民館","岡山県赤磐市坂辺9","34.837932","134.011837"
"桜が丘西１丁目集会所","岡山県赤磐市桜が丘西1-22-6","34.768204","134.044605"
"桜が丘西１０丁目集会所","岡山県赤磐市桜が丘西10-16-15","34.782565","134.036116"
"桜が丘西２丁目集会所","岡山県赤磐市桜が丘西2-21-2","34.771178","134.037351"
"桜が丘西３丁目集会所","岡山県赤磐市桜が丘西3-29","34.772996","134.04033"
"山陽東小学校","岡山県赤磐市桜が丘西3-30","34.775561","134.039848"
"ひかり幼稚園","岡山県赤磐市桜が丘西3-30","34.774803","134.040149"
"桜が丘西４丁目集会所","岡山県赤磐市桜が丘西4-21","34.777569","134.042585"
"桜が丘中学校","岡山県赤磐市桜が丘西5-12","34.780389","134.041187"
"桜が丘西５丁目集会所","岡山県赤磐市桜が丘西5-25","34.776084","134.040735"
"桜が丘西６丁目集会所","岡山県赤磐市桜が丘西6-18-13","34.77861","134.035788"
"桜が丘西７丁目集会所","岡山県赤磐市桜が丘西7-11-27","34.774074","134.03393"
"山陽北小学校","岡山県赤磐市桜が丘西8-23","34.774714","134.028101"
"桜が丘西８丁目集会所","岡山県赤磐市桜が丘西8-33-2","34.778381","134.030452"
"山陽北幼稚園","岡山県赤磐市桜が丘西9-13-1","34.781402","134.031058"
"桜が丘西９丁目集会所","岡山県赤磐市桜が丘西9-26","34.780204","134.028436"
"桜が丘運動場","岡山県赤磐市桜が丘西9-27","34.779091","134.022309"
"桜が丘野球場","岡山県赤磐市桜が丘西9-27","34.778576","134.023709"
"桜が丘東１丁目集会所","岡山県赤磐市桜が丘東1-1-856","34.772501","134.048494"
"桜が丘東２丁目集会所","岡山県赤磐市桜が丘東2-2-638","34.779259","134.049958"
"桜が丘東３丁目集会所","岡山県赤磐市桜が丘東3-3-371","34.784161","134.048935"
"桜が丘東４丁目集会所","岡山県赤磐市桜が丘東4-4-640","34.783373","134.04172"
"桜が丘東５丁目集会所","岡山県赤磐市桜が丘東5-5-388","34.782031","134.040683"
"桜が丘いきいき交流センター","岡山県赤磐市桜が丘東5-5-391","34.781782","134.039883"
"桜が丘東６丁目集会所","岡山県赤磐市桜が丘東6-6-629","34.789187","134.038128"
"桜が丘幼稚園","岡山県赤磐市桜が丘東6-6-692","34.789592","134.043231"
"桜が丘小学校","岡山県赤磐市桜が丘東6-6-693","34.790509","134.043714"
"山口コミュニティハウス","岡山県赤磐市山口516-1","34.793055","133.984093"
"山手公会堂","岡山県赤磐市山手757-2","34.847947","134.038715"
"山陽公民館","岡山県赤磐市山陽1-10","34.745027","134.005916"
"山陽１丁目集会所","岡山県赤磐市山陽1-11-46","34.744494","134.006291"
"山陽２丁目集会所","岡山県赤磐市山陽2-358-2","34.747414","134.00511"
"山陽西小学校","岡山県赤磐市山陽3-1","34.749141","134.006621"
"山陽西幼稚園","岡山県赤磐市山陽3-10","34.750023","134.007645"
"山陽３丁目集会所","岡山県赤磐市山陽3-101-2","34.749495","134.010802"
"山陽４丁目集会所","岡山県赤磐市山陽4-147","34.751495","134.004902"
"山陽５丁目集会所","岡山県赤磐市山陽5-1","34.752167","134.007533"
"山陽６丁目集会所","岡山県赤磐市山陽6-4","34.753158","134.005143"
"山陽７丁目集会所","岡山県赤磐市山陽7-1-1","34.748772","134.000884"
"酌田公民館","岡山県赤磐市酌田700-4","34.82142","134.057141"
"吉井会館","岡山県赤磐市周匝136-1","34.918595","134.091965"
"周匝会館","岡山県赤磐市周匝1392","34.918792","134.096259"
"周匝コミュニティハウス","岡山県赤磐市周匝1462","34.92164","134.097403"
"吉井中学校","岡山県赤磐市周匝161","34.917486","134.090831"
"中村集会所","岡山県赤磐市周匝866-4","34.913376","134.091911"
"小鎌中多目的集会施設","岡山県赤磐市小鎌1272-2","34.868077","133.968266"
"布都美林間学校","岡山県赤磐市小鎌1868-1","34.857212","133.979047"
"小鎌上コミュニティハウス","岡山県赤磐市小鎌414-2","34.876213","133.972988"
"小原上公会堂","岡山県赤磐市小原1675-2","34.832582","133.99979"
"小原多目的研修集会所","岡山県赤磐市小原519","34.835925","134.006729"
"奥小原公会堂","岡山県赤磐市小原893-2","34.836792","133.999498"
"小瀬木転作研修・加工施設","岡山県赤磐市小瀬木238-7","34.785123","134.095019"
"松木公民館","岡山県赤磐市松木353","34.793894","134.092906"
"栄町公民館","岡山県赤磐市松木520-3","34.789146","134.098619"
"豊田小学校","岡山県赤磐市松木569","34.78948","134.099328"
"くまやまふれあいセンター","岡山県赤磐市松木621-1","34.790737","134.097428"
"熊山公民館","岡山県赤磐市松木623","34.790364","134.096962"
"国民健康保険熊山保健福祉総合センター","岡山県赤磐市松木636-1","34.790739","134.09617"
"沼田コミュニティハウス","岡山県赤磐市沼田890-8","34.756583","134.024704"
"山陽小学校","岡山県赤磐市上市123","34.756663","134.018991"
"上市コミュニティハウス","岡山県赤磐市上市296","34.759518","134.01623"
"高陽中学校","岡山県赤磐市上市51","34.757529","134.019792"
"上仁保コミュニティハウス","岡山県赤磐市上仁保304-1","34.773334","133.992956"
"神田多目的集会所","岡山県赤磐市神田722","34.784195","134.021608"
"仁堀西コミュニティハウス","岡山県赤磐市仁堀西569-1","34.868242","133.998242"
"仁堀中コミュニティハウス","岡山県赤磐市仁堀中1681-3","34.872221","134.011781"
"仁美農村振興センター","岡山県赤磐市仁堀中1684-1","34.872889","134.012068"
"仁美保育園","岡山県赤磐市仁堀中855","34.873321","134.00922"
"仁美小学校","岡山県赤磐市仁堀中888","34.87342","134.00788"
"仁堀東区民館","岡山県赤磐市仁堀東507","34.878416","134.019508"
"是里多目的研修施設","岡山県赤磐市是里3121-1","34.928772","134.048148"
"是里西作業所","岡山県赤磐市是里3874-3","34.929938","134.040525"
"物理集会所","岡山県赤磐市是里629-1","34.929736","134.060524"
"勢力生活改善センター","岡山県赤磐市勢力309-1","34.770102","134.097946"
"岡山白陵中学校・高等学校","岡山県赤磐市勢力588","34.77803","134.107944"
"山陽ふれあい公園","岡山県赤磐市正崎1368","34.766591","134.018857"
"正崎コミュニティハウス","岡山県赤磐市正崎692-2","34.76522","134.015695"
"西窪田多目的研修集会所","岡山県赤磐市西窪田433-4","34.783305","134.00551"
"西軽部公民館","岡山県赤磐市西軽部1230-3","34.807083","134.014501"
"西勢実集会所","岡山県赤磐市西勢実622-2","34.883161","133.984548"
"西中コミュニティハウス","岡山県赤磐市西中1173-4","34.767203","134.004843"
"西山グラウンド","岡山県赤磐市西中215","34.771557","134.004169"
"西山公民館","岡山県赤磐市西中220-1","34.770746","134.003387"
"仁軒屋コミュニティハウス","岡山県赤磐市石1307-4","34.877266","134.05583"
"石構造改善センター","岡山県赤磐市石780-1","34.871551","134.045495"
"石上集会所","岡山県赤磐市石上1737-2","34.852918","133.975594"
"石蓮寺多目的共同利用施設","岡山県赤磐市石蓮寺675-5","34.806745","134.051214"
"千躰生活改善センター","岡山県赤磐市千躰545","34.781954","134.110576"
"下分公会堂","岡山県赤磐市惣分249-4","34.840222","134.017857"
"笹岡小学校","岡山県赤磐市惣分7","34.837232","134.012419"
"惣分公会堂","岡山県赤磐市惣分741-1","34.850005","134.02129"
"赤磐市吉井Ｂ＆Ｇ海洋センター","岡山県赤磐市草生1","34.927902","134.086196"
"草生コミュニティハウス","岡山県赤磐市草生387","34.934805","134.087294"
"多賀公民館","岡山県赤磐市多賀1220-3","34.8227","134.008831"
"出屋公民館","岡山県赤磐市多賀805-3","34.829805","134.014308"
"大屋公会堂","岡山県赤磐市大屋148-2","34.836003","134.036131"
"大屋集会所","岡山県赤磐市大屋717-3","34.832553","134.033882"
"大屋下公会堂","岡山県赤磐市大屋887","34.829734","134.033739"
"大苅田コミュニティハウス","岡山県赤磐市大苅田71-2","34.790731","134.017015"
"滝山公会堂","岡山県赤磐市滝山1048-1","34.917926","134.043899"
"戸屋多目的集会施設","岡山県赤磐市滝山127","34.913928","134.058384"
"沢原公会堂","岡山県赤磐市沢原1115-2","34.796744","134.085853"
"熊山運動公園テニスコート","岡山県赤磐市沢原1304-1","34.7978","134.08066"
"磐梨中学校","岡山県赤磐市沢原149","34.800575","134.079036"
"熊山武道館","岡山県赤磐市沢原356-1","34.801391","134.079943"
"いわなし幼稚園","岡山県赤磐市沢原357","34.802038","134.079592"
"熊山運動公園野球場","岡山県赤磐市沢原41","34.798615","134.079668"
"磐梨小学校","岡山県赤磐市沢原55-1","34.799646","134.081859"
"熊山運動公園多目的広場","岡山県赤磐市沢原57","34.798985","134.080864"
"中山公会堂","岡山県赤磐市中山204-2","34.89845","134.062209"
"竜天天文台","岡山県赤磐市中勢実2978-3","34.893795","134.002294"
"中勢実公会堂","岡山県赤磐市中勢実680-2","34.893435","134.011975"
"中島多目的集会所","岡山県赤磐市中島193-2","34.762906","134.036964"
"中畑集落センター","岡山県赤磐市中畑1882-2","34.855976","133.993502"
"赤坂中学校","岡山県赤磐市町苅田425-1","34.800192","134.009348"
"赤坂体育センター","岡山県赤磐市町苅田492","34.799086","134.00979"
"赤坂公民館","岡山県赤磐市町苅田507","34.798605","134.009076"
"赤坂健康管理センター","岡山県赤磐市町苅田514","34.79845","134.008812"
"石相小学校","岡山県赤磐市町苅田64","34.789454","134.002981"
"町苅田コミュニティハウス","岡山県赤磐市町苅田733","34.793013","134.009077"
"長尾コミュニティハウス","岡山県赤磐市長尾449","34.737388","134.021467"
"津崎コミュニティハウス","岡山県赤磐市津崎615-4","34.777126","134.017514"
"釣井公民館","岡山県赤磐市釣井285-1","34.780601","134.102253"
"グリーンタウン殿谷集会所","岡山県赤磐市殿谷1139-230","34.811632","134.085115"
"熊山英国庭園","岡山県赤磐市殿谷170-11","34.811759","134.075288"
"殿谷集会所","岡山県赤磐市殿谷436-1","34.809477","134.076341"
"斗有コミュニティハウス","岡山県赤磐市斗有804-2","34.787487","133.993453"
"東窪田多目的研修集会所","岡山県赤磐市東窪田105-1","34.783956","134.009829"
"東軽部公民館","岡山県赤磐市東軽部135-3","34.803791","134.021114"
"徳富公会堂","岡山県赤磐市徳富234-9","34.778839","134.0929"
"南佐古田公民館","岡山県赤磐市南佐古田804-4","34.814496","134.037534"
"南方コミュニティハウス","岡山県赤磐市南方526","34.747739","134.036311"
"二井コミュニティハウス","岡山県赤磐市二井230-1","34.767751","134.028084"
"日古木集会所","岡山県赤磐市日古木736-2","34.765577","134.035036"
"馬屋多目的集会所","岡山県赤磐市馬屋745","34.733922","133.994363"
"八島田コミュニティハウス","岡山県赤磐市八島田805-1","34.863816","134.054203"
"尾谷公会堂","岡山県赤磐市尾谷376-3","34.77156","134.019982"
"鳥中やまびこ教室","岡山県赤磐市尾谷882","34.775714","134.017395"
"稗田公会堂","岡山県赤磐市稗田283-3","34.796","134.054357"
"福田会館","岡山県赤磐市福田530-1","34.907333","134.088051"
"平山コミュニティハウス","岡山県赤磐市平山1168-4","34.864501","134.032541"
"穂崎コミュニティハウス","岡山県赤磐市穂崎594-1","34.733124","134.007902"
"高月公民館","岡山県赤磐市穂崎848-1","34.738884","134.005337"
"暮田多目的集会施設","岡山県赤磐市暮田349-1","34.868639","134.067274"
"北佐古田公会堂","岡山県赤磐市北佐古田666","34.819696","134.04384"
"野間公民館","岡山県赤磐市野間290","34.792713","134.043229"
"弥上公民館","岡山県赤磐市弥上885","34.780271","134.05502"
"由津里公民館","岡山県赤磐市由津里2250","34.795475","133.995299"
"立川コミュニティハウス","岡山県赤磐市立川616-1","34.746279","134.022532"
"山陽児童館","岡山県赤磐市和田12-2","34.738663","134.000851"
"和田多目的集会所","岡山県赤磐市和田81-1","34.742914","133.999869"
"鴨方東幼稚園","岡山県浅口市鴨方町鴨方141","34.545229","133.588721"
"天草公園武道館","岡山県浅口市鴨方町鴨方2244-12","34.529355","133.582354"
"中央公民館","岡山県浅口市鴨方町鴨方2244-2","34.531744","133.583652"
"健康福祉センター","岡山県浅口市鴨方町鴨方2244-26","34.53239","133.584116"
"天草公園体育館","岡山県浅口市鴨方町鴨方2244-6","34.529675","133.582933"
"鴨方中学校","岡山県浅口市鴨方町鴨方780","34.538816","133.583869"
"鴨方高等学校","岡山県浅口市鴨方町鴨方819","34.536829","133.584177"
"鴨方西幼稚園","岡山県浅口市鴨方町小坂東2207","34.548665","133.568332"
"鴨方西小学校","岡山県浅口市鴨方町小坂東2223-2","34.547941","133.568909"
"鴨方西小学校阿部山分校","岡山県浅口市鴨方町小坂東5030-208","34.584395","133.574625"
"鴨方東小学校","岡山県浅口市鴨方町地頭上65","34.545467","133.589899"
"六条院こども園","岡山県浅口市鴨方町六条院中2072","34.523319","133.582773"
"六条院小学校","岡山県浅口市鴨方町六条院中2072","34.523156","133.583315"
"寄島老人福祉センター","岡山県浅口市寄島町16010","34.483297","133.588437"
"寄島学園","岡山県浅口市寄島町16089-3","34.479179","133.585335"
"寄島こども園","岡山県浅口市寄島町16089-4","34.479648","133.585803"
"寄島公民館","岡山県浅口市寄島町16091-23","34.480797","133.589949"
"ふれあい交流館サンパレア","岡山県浅口市寄島町16091-23","34.481187","133.58923"
"寄島東体育館","岡山県浅口市寄島町3202","34.493302","133.593679"
"竜南保育園","岡山県浅口市寄島町3203-1","34.493543","133.593506"
"寄島東公民館","岡山県浅口市寄島町3203-1","34.493718","133.593309"
"ファジアーノ岡山スポーツパーク寄島","岡山県浅口市寄島町7551","34.48051","133.585025"
"寄島Ｂ＆Ｇ海洋センター体育館","岡山県浅口市寄島町7555-2","34.478282","133.583593"
"寄島武道場","岡山県浅口市寄島町7676","34.482594","133.581838"
"寄島コミュニティセンター","岡山県浅口市寄島町7703","34.48163","133.582224"
"金光竹小学校","岡山県浅口市金光町下竹315","34.553384","133.633245"
"金光吉備小学校","岡山県浅口市金光町須恵160","34.535742","133.615533"
"金光中学校","岡山県浅口市金光町占見61-1","34.543352","133.617003"
"金光幼稚園","岡山県浅口市金光町占見新田288-1","34.542184","133.618185"
"金光小学校","岡山県浅口市金光町占見新田288-1","34.542422","133.617466"
"金光保健センター","岡山県浅口市金光町占見新田790-1","34.542053","133.627608"
"金光公民館","岡山県浅口市金光町占見新田790-1","34.541943","133.627619"
"金光教本部","岡山県浅口市金光町大谷320","34.539095","133.625647"
"市営駅東駐車場","岡山県倉敷市阿知1-6-15","34.602289","133.767406"
"倉敷ステーションホテル","岡山県倉敷市阿知2-8-1","34.600085","133.767595"
"市営あちてらす倉敷駐車場","岡山県倉敷市阿知3-13-1","34.598721","133.767439"
"倉敷ロイヤルアートホテル","岡山県倉敷市阿知3-21-19","34.596776","133.768072"
"ホテル　グラン・ココエ倉敷","岡山県倉敷市阿知3-9-1","34.59989","133.767083"
"県立倉敷青陵高等学校","岡山県倉敷市羽島1046-2","34.599481","133.780106"
"倉敷南公民館","岡山県倉敷市沖新町68-1","34.582708","133.753392"
"大高幼稚園","岡山県倉敷市沖新町96-1","34.584457","133.756279"
"下津井西小学校","岡山県倉敷市下津井1-17-16","34.438769","133.797484"
"下津井公民館","岡山県倉敷市下津井２－８１５－１先","34.438975","133.792851"
"下津井中学校","岡山県倉敷市下津井吹上140","34.44257","133.801511"
"下津井東小学校","岡山県倉敷市下津井田之浦2-4-66","34.438975","133.80487"
"帯江幼稚園","岡山県倉敷市加須山466-2","34.583895","133.795009"
"多津美公民館","岡山県倉敷市加須山503-7","34.586216","133.794663"
"帯江小学校","岡山県倉敷市加須山526","34.58752","133.794622"
"県立倉敷南高等学校","岡山県倉敷市吉岡330","34.567493","133.771845"
"市立玉島高等学校","岡山県倉敷市玉島1-15-60","34.543284","133.679144"
"倉敷ライフ・キャンパス","岡山県倉敷市玉島1962-10","34.557223","133.682692"
"玉島東中学校","岡山県倉敷市玉島2-21-1","34.540839","133.678623"
"玉島市民交流センター","岡山県倉敷市玉島阿賀崎1-10-1","34.55105","133.676492"
"県立玉島高等学校","岡山県倉敷市玉島阿賀崎3-1-1","34.548703","133.670905"
"玉島小学校","岡山県倉敷市玉島阿賀崎3-3-1","34.548319","133.668785"
"乙島小学校","岡山県倉敷市玉島乙島3500","34.538399","133.675937"
"上成小学校","岡山県倉敷市玉島乙島6191","34.554191","133.694749"
"玉島東公民館","岡山県倉敷市玉島乙島6897-2","34.537105","133.680636"
"ケアグラン乙島","岡山県倉敷市玉島乙島7183-1","34.533491","133.683507"
"乙島東小学校","岡山県倉敷市玉島乙島7471","34.528261","133.681382"
"玉島の森","岡山県倉敷市玉島乙島8255-1","34.518143","133.68047"
"玉島黒崎公民館","岡山県倉敷市玉島黒崎5549-6","34.503309","133.637801"
"沙美小学校","岡山県倉敷市玉島黒崎6050-1","34.50441","133.632887"
"黒崎中学校","岡山県倉敷市玉島黒崎6057","34.504908","133.63381"
"南浦憩の家","岡山県倉敷市玉島黒崎8171-1","34.495572","133.614286"
"南浦小学校","岡山県倉敷市玉島黒崎8402","34.498278","133.612637"
"上成幼稚園","岡山県倉敷市玉島上成1143-1","34.556442","133.689867"
"県立玉島商業高等学校","岡山県倉敷市玉島中央町2-9-30","34.546031","133.667649"
"玉島幼稚園","岡山県倉敷市玉島中央町3-8-1","34.544824","133.668102"
"長尾幼稚園","岡山県倉敷市玉島長尾2608","34.56978","133.68191"
"長尾小学校","岡山県倉敷市玉島長尾3086","34.57046","133.679563"
"くらしき作陽大学","岡山県倉敷市玉島長尾3515","34.574951","133.677999"
"穂井田小学校","岡山県倉敷市玉島陶1630","34.596532","133.678465"
"玉島西中学校","岡山県倉敷市玉島柏島1548","34.531134","133.660794"
"柏島小学校","岡山県倉敷市玉島柏島2751-1","34.539413","133.651423"
"国民宿舎良寛荘","岡山県倉敷市玉島柏島478","34.539511","133.663279"
"玉島南小学校","岡山県倉敷市玉島柏島6446","34.522773","133.651984"
"玉島西公民館","岡山県倉敷市玉島柏島7038-6","34.522545","133.663219"
"玉島北中学校","岡山県倉敷市玉島八島1529-1","34.563726","133.671031"
"富田幼稚園","岡山県倉敷市玉島八島1760-3","34.560801","133.658036"
"玉島北公民館","岡山県倉敷市玉島八島1773-10","34.561249","133.656199"
"富田小学校","岡山県倉敷市玉島八島1774","34.561313","133.656453"
"呼松保健の家","岡山県倉敷市呼松2-6-36","34.510812","133.771953"
"第三福田小学校","岡山県倉敷市広江1-9-1","34.520704","133.775517"
"ＪＦＥスチール広江グラウンド","岡山県倉敷市広江4-1566-17","34.528775","133.782452"
"東陽中学校","岡山県倉敷市高須賀315","34.583002","133.821562"
"葦高小学校","岡山県倉敷市笹沖145-1","34.571136","133.764353"
"くらしき健康福祉プラザ","岡山県倉敷市笹沖180","34.57238","133.76421"
"葦高幼稚園","岡山県倉敷市笹沖23","34.571533","133.760655"
"株式会社ＡｒＴｅｃｈＸ．ｉｎｇ","岡山県倉敷市四十瀬331","34.586998","133.744961"
"倉敷運動公園","岡山県倉敷市四十瀬4","34.58841","133.74565"
"トピア天満屋ハピータウン児島店","岡山県倉敷市児島駅前2-35","34.466876","133.804426"
"ダイナム児島店","岡山県倉敷市児島駅前3-16-1","34.463412","133.808986"
"本荘小学校","岡山県倉敷市児島塩生1750","34.475017","133.775742"
"本荘公民館","岡山県倉敷市児島塩生1959-3","34.47677","133.77091"
"塩生保健の家","岡山県倉敷市児島塩生3104-7","34.488163","133.770866"
"琴浦南小学校","岡山県倉敷市児島下の町2-16-17","34.469811","133.822109"
"琴浦西小学校","岡山県倉敷市児島下の町5-4-5","34.478899","133.821257"
"琴浦中学校","岡山県倉敷市児島下の町8-6-6","34.479084","133.831017"
"琴浦公民館","岡山県倉敷市児島下の町9-2-27","34.475039","133.827402"
"児島児童館","岡山県倉敷市児島小川2-2-16","34.471316","133.808736"
"児島中学校","岡山県倉敷市児島小川4-7-34","34.475692","133.804598"
"中山公園","岡山県倉敷市児島小川町2831","34.480764","133.810305"
"児島地区公園","岡山県倉敷市児島小川町3697-2","34.464303","133.817002"
"赤崎小学校","岡山県倉敷市児島赤崎2-1-59","34.455913","133.798854"
"県立倉敷琴浦高等支援学校","岡山県倉敷市児島田の口1-1-16","34.478468","133.83345"
"琴浦東小学校","岡山県倉敷市児島田の口3-13-1","34.474157","133.843438"
"唐琴公民館","岡山県倉敷市児島唐琴4-5-20","34.469321","133.861081"
"市立倉敷翔南高等学校","岡山県倉敷市児島稗田町160","34.498948","133.809674"
"市立短期大学","岡山県倉敷市児島稗田町160","34.497464","133.808934"
"稗田幼稚園","岡山県倉敷市児島稗田町793","34.499858","133.808987"
"緑丘小学校","岡山県倉敷市児島稗田町900","34.498896","133.813188"
"児島市民交流センター","岡山県倉敷市児島味野2-2-38","34.468275","133.803612"
"味野中学校","岡山県倉敷市児島味野4-2-56","34.463375","133.801896"
"県立倉敷鷲羽高等学校","岡山県倉敷市児島味野山田町2301","34.472956","133.794519"
"味野幼稚園","岡山県倉敷市児島味野城2-1-34","34.470294","133.800297"
"味野小学校","岡山県倉敷市児島味野城2-2-9","34.470447","133.799631"
"児島小学校","岡山県倉敷市児島柳田町851","34.489545","133.799235"
"倉敷市自然の家","岡山県倉敷市児島由加2708","34.502061","133.852862"
"酒津公園","岡山県倉敷市酒津1556","34.611436","133.75004"
"クラレくらしき研究センター（指定の駐車場）","岡山県倉敷市酒津2161-1","34.61999","133.754364"
"倉敷みらい公園","岡山県倉敷市寿町12-1","34.602546","133.762889"
"川崎医療福祉大学","岡山県倉敷市松島288","34.634554","133.811718"
"庄公民館","岡山県倉敷市上東736-1","34.644758","133.827387"
"庄小学校","岡山県倉敷市上東785-2","34.643614","133.82611"
"庄中学校","岡山県倉敷市上東812","34.643462","133.824529"
"倉敷体育館","岡山県倉敷市上富井1-8","34.586012","133.745262"
"マンモス新倉敷店立体駐車場","岡山県倉敷市新倉敷駅前4-68","34.559914","133.68032"
"新田中学校","岡山県倉敷市新田2674-3","34.571169","133.773901"
"新田公民館","岡山県倉敷市新田2723-3","34.571791","133.779853"
"真備公民館岡田分館","岡山県倉敷市真備町岡田271","34.646441","133.709783"
"岡田小学校","岡山県倉敷市真備町岡田619-2","34.645637","133.70472"
"薗小学校","岡山県倉敷市真備町市場4338","34.648146","133.692834"
"真備公民館薗分館","岡山県倉敷市真備町市場4358","34.647374","133.693223"
"まきび荘","岡山県倉敷市真備町市場4661","34.646234","133.700281"
"二万小学校","岡山県倉敷市真備町上二万3346","34.604581","133.708375"
"真備公民館二万分館","岡山県倉敷市真備町上二万392-1","34.60731","133.706537"
"ダイナム真備店","岡山県倉敷市真備町川辺2059-13","34.635604","133.711421"
"真備公民館川辺分館","岡山県倉敷市真備町川辺714","34.639431","133.722701"
"川辺小学校","岡山県倉敷市真備町川辺720","34.639571","133.722028"
"真備中学校","岡山県倉敷市真備町箭田1058","34.627712","133.695603"
"真備公民館箭田分館","岡山県倉敷市真備町箭田1684","34.631831","133.68901"
"真備公民館","岡山県倉敷市真備町箭田1685","34.632067","133.689094"
"市立真備陵南高等学校","岡山県倉敷市真備町箭田1769-1","34.628204","133.688305"
"真備柔剣道場","岡山県倉敷市真備町箭田1770-1","34.628538","133.68818"
"真備総合公園","岡山県倉敷市真備町箭田2208","34.642548","133.685152"
"マービーふれあいセンター","岡山県倉敷市真備町箭田40-1","34.633269","133.6992"
"箭田小学校","岡山県倉敷市真備町箭田4110","34.626986","133.685772"
"まびふれあい公園","岡山県倉敷市真備町箭田4629-1","34.622639","133.691071"
"県立倉敷まきび支援学校","岡山県倉敷市真備町箭田4682-1","34.624157","133.692986"
"吉備路クリーンセンター","岡山県倉敷市真備町箭田481","34.639633","133.691334"
"真備東中学校","岡山県倉敷市真備町辻田60-1","34.642866","133.711615"
"真備公民館辻田分館","岡山県倉敷市真備町辻田947-1","34.650625","133.716234"
"真備公民館呉妹分館","岡山県倉敷市真備町尾崎2376-1","34.623625","133.659632"
"真備公民館服部分館","岡山県倉敷市真備町服部1112-3","34.618645","133.673556"
"井ノ口公会堂","岡山県倉敷市真備町妹","34.617614","133.654355"
"呉妹小学校","岡山県倉敷市真備町妹137","34.625134","133.656529"
"ジャンボ水島店立体駐車場","岡山県倉敷市神田2-1-4","34.538625","133.737164"
"連島神亀小学校","岡山県倉敷市神田3-6-34","34.541961","133.732467"
"中洲小学校","岡山県倉敷市水江1594-1","34.595078","133.744636"
"たびのホテル倉敷水島","岡山県倉敷市水島西常盤町4-25","34.533173","133.739936"
"ホテルナンカイ倉敷","岡山県倉敷市水島西千鳥町1-25","34.528314","133.737507"
"ノヴァシティ第一ビル","岡山県倉敷市水島西千鳥町3-22","34.530207","133.739465"
"第五福田小学校","岡山県倉敷市水島西千鳥町4-37","34.531413","133.739022"
"市営水島駅前団地","岡山県倉敷市水島西千鳥町6","34.530511","133.739663"
"水島中央公園","岡山県倉敷市水島青葉町95-1","34.536452","133.73778"
"水島臨海鉄道栄駅ホーム","岡山県倉敷市水島東栄町79-1","34.537976","133.744977"
"水島臨海鉄道常盤駅ホーム","岡山県倉敷市水島東常盤町70","34.534073","133.743295"
"ザ・セレクトン倉敷水島","岡山県倉敷市水島東常磐町9-27","34.534305","133.742425"
"水島臨海鉄道水島駅ホーム","岡山県倉敷市水島東千鳥町10-1","34.529279","133.741252"
"ノヴァシティ第二ビル水島駅前パーキング","岡山県倉敷市水島東千鳥町2-10","34.529917","133.740387"
"ノヴァシティ第二ビル","岡山県倉敷市水島東千鳥町2-11","34.529762","133.740036"
"ビジネスホテルあっとほーむ","岡山県倉敷市水島東千鳥町3-10","34.530178","133.740356"
"ビジネスホテルフロンティア","岡山県倉敷市水島東千鳥町3-11","34.530209","133.74025"
"ホテル倉敷水島ヒルズ","岡山県倉敷市水島東千鳥町3-27","34.530338","133.741058"
"ビジネスホテル桜美林","岡山県倉敷市水島東千鳥町3-7","34.53009","133.740662"
"すし幸旅館","岡山県倉敷市水島東千鳥町3-9","34.530148","133.740448"
"水島臨海鉄道弥生駅ホーム","岡山県倉敷市水島東弥生町78","34.544113","133.747449"
"市営水島幸町団地","岡山県倉敷市水島南幸町5-6","34.539393","133.739326"
"水島公民館","岡山県倉敷市水島北幸町1-2","34.540069","133.741656"
"水島中学校","岡山県倉敷市水島北幸町3-1","34.540736","133.741192"
"水島小学校","岡山県倉敷市水島北春日町11-11","34.545201","133.741817"
"倉敷第一中学校","岡山県倉敷市西阿知町1070","34.584625","133.729111"
"西阿知公民館","岡山県倉敷市西阿知町1122-2","34.587137","133.726559"
"県立水島工業高等学校","岡山県倉敷市西阿知町1230","34.582454","133.725342"
"西阿知幼稚園","岡山県倉敷市西阿知町西原1000","34.585285","133.723288"
"西阿知小学校","岡山県倉敷市西阿知町西原1003","34.586157","133.723612"
"菅生小学校","岡山県倉敷市西坂538","34.622719","133.77459"
"菅生幼稚園","岡山県倉敷市西坂738","34.622122","133.776277"
"豊洲小学校","岡山県倉敷市西田201-1","34.593766","133.807464"
"県立倉敷中央高等学校","岡山県倉敷市西富井1384","34.572341","133.743047"
"南中学校","岡山県倉敷市西富井1387","34.572865","133.744262"
"船穂公民館","岡山県倉敷市船穂町船穂1697","34.584528","133.708732"
"船穂町高齢者福祉センター","岡山県倉敷市船穂町船穂1861-1","34.581864","133.697438"
"船穂小学校","岡山県倉敷市船穂町船穂2643","34.585182","133.705476"
"船穂中学校","岡山県倉敷市船穂町船穂2817-1","34.588398","133.708145"
"船穂憩の家","岡山県倉敷市船穂町船穂2836-1","34.587625","133.708673"
"船穂幼稚園","岡山県倉敷市船穂町船穂2864","34.586011","133.706993"
"船穂武道館","岡山県倉敷市船穂町船穂2897-2","34.585588","133.707139"
"柳井原小学校","岡山県倉敷市船穂町柳井原1854-5","34.610449","133.721386"
"万寿東幼稚園","岡山県倉敷市大島202-2","34.606267","133.782031"
"茶屋町公民館","岡山県倉敷市茶屋町1604-4","34.579575","133.828543"
"茶屋町西幼稚園","岡山県倉敷市茶屋町291-5","34.575704","133.822629"
"茶屋町東幼稚園","岡山県倉敷市茶屋町早沖442","34.582696","133.82924"
"茶屋町小学校","岡山県倉敷市茶屋町早沖445","34.582163","133.828718"
"倉敷国際ホテル","岡山県倉敷市中央1-1-44","34.596194","133.769755"
"倉敷市芸文館","岡山県倉敷市中央1-18-1","34.593105","133.770554"
"倉敷西小学校","岡山県倉敷市中央1-21-1","34.591973","133.770832"
"倉敷幼稚園","岡山県倉敷市中央2-7-1","34.595544","133.767959"
"倉敷北公民館","岡山県倉敷市中庄1895-1","34.614338","133.796713"
"中庄小学校","岡山県倉敷市中庄2599","34.614712","133.796255"
"中庄幼稚園","岡山県倉敷市中庄2700","34.614644","133.79882"
"岡山ゴルフ倶楽部（駐車場）","岡山県倉敷市中庄2769-2","34.609536","133.801835"
"岡山県倉敷スポーツ公園","岡山県倉敷市中庄3250-1","34.618024","133.805391"
"北中学校","岡山県倉敷市中庄505","34.619689","133.789211"
"ホテルルートイン倉敷水島","岡山県倉敷市中畝5-1-1","34.534435","133.743607"
"シマダオール（本社事務所）","岡山県倉敷市中畝7-4-7","34.525417","133.751477"
"豊洲幼稚園","岡山県倉敷市中帯江148-1","34.596224","133.802947"
"ダイナム倉敷中島店","岡山県倉敷市中島1447-1","34.577656","133.730036"
"中島幼稚園","岡山県倉敷市中島717","34.584393","133.738107"
"中島小学校","岡山県倉敷市中島909-3","34.579694","133.735742"
"ＪＦＥ倉敷体育館","岡山県倉敷市鶴の浦3-4-1","34.547278","133.709863"
"倉敷東小学校","岡山県倉敷市鶴形2-6-10","34.599237","133.771479"
"倉敷東幼稚園","岡山県倉敷市鶴形2-8-23","34.59921","133.773563"
"市立工業高等学校","岡山県倉敷市田ノ上716-1","34.592375","133.758344"
"コンフォートイン倉敷水島","岡山県倉敷市東塚1-9-1","34.523224","133.759094"
"第一福田小学校","岡山県倉敷市東塚3-1-1","34.528695","133.756119"
"第一福田幼稚園","岡山県倉敷市東塚3-1-1","34.527154","133.756329"
"福田南公民館","岡山県倉敷市東塚5-5-35","34.529737","133.764175"
"倉敷南小学校","岡山県倉敷市東富井1005-10","34.573343","133.754624"
"天城幼稚園","岡山県倉敷市藤戸町天城2276","34.560643","133.812751"
"天城小学校","岡山県倉敷市藤戸町天城2285","34.560984","133.811454"
"県立倉敷天城高等学校","岡山県倉敷市藤戸町天城269","34.563673","133.811689"
"清心中学校・清心女子高等学校","岡山県倉敷市二子1200","34.640772","133.817451"
"西中学校","岡山県倉敷市日吉町205","34.598395","133.754748"
"倉敷商工会議所","岡山県倉敷市白楽町249-5","34.588402","133.764525"
"県立倉敷商業高等学校","岡山県倉敷市白楽町545","34.588146","133.769279"
"倉敷西公民館","岡山県倉敷市八王寺町199-3","34.599181","133.752127"
"郷内小学校尾原体育館","岡山県倉敷市尾原689","34.515718","133.836675"
"倉敷東公民館","岡山県倉敷市浜町2-2-30","34.606752","133.771758"
"万寿小学校","岡山県倉敷市浜町2-3-1","34.60753","133.771738"
"万寿幼稚園","岡山県倉敷市浜町2-3-1","34.607686","133.772822"
"ホテルコメット","岡山県倉敷市福江82-1","34.533481","133.806386"
"水島緑地福田公園","岡山県倉敷市福田町古新田1027","34.53335","133.768131"
"県立倉敷古城池高等学校","岡山県倉敷市福田町古新田116-1","34.546589","133.759631"
"福田公民館","岡山県倉敷市福田町古新田274-21","34.541781","133.759645"
"第二福田小学校","岡山県倉敷市福田町古新田310-2","34.548557","133.764777"
"福田中学校","岡山県倉敷市福田町古新田533-1","34.537229","133.76172"
"第二福田幼稚園","岡山県倉敷市福田町古新田620-2","34.545172","133.766545"
"福田南中学校","岡山県倉敷市福田町古新田711-4","34.535396","133.762921"
"万寿東小学校","岡山県倉敷市福島410","34.606519","133.782094"
"東中学校","岡山県倉敷市平田155-100","34.611841","133.776776"
"第四福田小学校","岡山県倉敷市北畝3-8-1","34.546488","133.749386"
"第四福田幼稚園","岡山県倉敷市北畝3-8-1","34.545818","133.749445"
"大高小学校","岡山県倉敷市堀南621","34.579611","133.757335"
"倉敷市民会館","岡山県倉敷市本町17-1","34.595595","133.776442"
"倉敷公民館","岡山県倉敷市本町2-21","34.596924","133.771746"
"倉敷アイビースクエア","岡山県倉敷市本町7-2","34.594791","133.773716"
"岡山学院大学・岡山短期大学","岡山県倉敷市有城787","34.573189","133.800085"
"多津美中学校","岡山県倉敷市有城986","34.5756","133.799696"
"倉敷支援学校","岡山県倉敷市粒浦388-1","34.569356","133.785651"
"粒江幼稚園","岡山県倉敷市粒江1726","34.563144","133.788922"
"粒江小学校","岡山県倉敷市粒江2161","34.563438","133.790973"
"郷内小学校","岡山県倉敷市林1000","34.536233","133.819025"
"郷内公民館","岡山県倉敷市林2008-1","34.53346","133.814429"
"郷内中学校","岡山県倉敷市林620","34.53809","133.814951"
"郷内幼稚園","岡山県倉敷市林870","34.536237","133.816208"
"連島中学校","岡山県倉敷市連島中央5-6-1","34.546112","133.726079"
"連島西浦幼稚園","岡山県倉敷市連島町亀島新田126","34.549115","133.725356"
"倉敷芸術科学大学","岡山県倉敷市連島町西之浦2640","34.555022","133.711643"
"連島西浦小学校","岡山県倉敷市連島町西之浦3575","34.551708","133.721173"
"西浦ふれあい会館","岡山県倉敷市連島町西之浦366-1","34.550545","133.716048"
"ヘルスピア倉敷","岡山県倉敷市連島町西之浦4141","34.554435","133.721184"
"連島公民館","岡山県倉敷市連島町西之浦497-1","34.548144","133.7209"
"連島北小学校","岡山県倉敷市連島町西之浦5068","34.566242","133.71921"
"連島南中学校","岡山県倉敷市連島町鶴新田1310","34.542286","133.717713"
"連島南幼稚園","岡山県倉敷市連島町鶴新田1705","34.538455","133.716201"
"連島南小学校","岡山県倉敷市連島町鶴新田1705","34.539087","133.717324"
"連島南公民館","岡山県倉敷市連島町鶴新田980-1","34.545256","133.715623"
"旭丘小学校","岡山県倉敷市連島町連島1793","34.564297","133.744163"
"旭丘幼稚園","岡山県倉敷市連島町連島2239","34.563331","133.743324"
"連島東小学校","岡山県倉敷市連島町連島2850","34.556733","133.736376"
"連島東幼稚園","岡山県倉敷市連島町連島2851","34.555975","133.73571"
"老松小学校","岡山県倉敷市老松町4-10-1","34.591575","133.761423"
"老松幼稚園","岡山県倉敷市老松町4-11-29","34.592134","133.762309"
"県立倉敷工業高等学校","岡山県倉敷市老松町4-9-1","34.593511","133.760693"
"すずめ池公園","岡山県早島町若宮14-22","34.613951","133.831976"
"早島幼稚園","岡山県早島町前潟138","34.602166","133.825653"
"中央公民館","岡山県早島町前潟240","34.599754","133.82652"
"地域福祉センター","岡山県早島町前潟249-1","34.600251","133.826199"
"町民総合会館","岡山県早島町前潟370-1","34.601328","133.827853"
"南グランド","岡山県早島町前潟395","34.601078","133.829692"
"早島児童館","岡山県早島町早島1297-1","34.605978","133.827236"
"早島小学校","岡山県早島町早島1297-1","34.60523","133.827359"
"龍神社境内","岡山県早島町早島13","34.607018","133.834053"
"妙法寺境内","岡山県早島町早島1392","34.604185","133.825724"
"早島公園","岡山県早島町早島1551-1","34.606689","133.826355"
"薬師院境内","岡山県早島町早島1685","34.604712","133.822501"
"いぶき荘","岡山県早島町早島1903-3","34.602039","133.82111"
"安養院境内","岡山県早島町早島198","34.607125","133.831676"
"早島中学校","岡山県早島町早島2180","34.60058","133.8176"
"宮山グランド","岡山県早島町早島2240-1","34.600364","133.819239"
"西コミュニティセンター","岡山県早島町早島2818-1","34.605043","133.809353"
"さつき荘","岡山県早島町早島328","34.606066","133.829402"
"大池広場","岡山県早島町早島3366","34.610221","133.82216"
"県立早島支援学校体育館","岡山県早島町早島4063","34.614461","133.826151"
"中山広場","岡山県早島町早島4227-130","34.614585","133.821764"
"備南台広場","岡山県早島町早島4358-7","34.611947","133.816896"
"深砂グランド","岡山県早島町矢尾858","34.616413","133.820045"
"山手公民館西郡分館","岡山県総社市857-1","34.660246","133.763045"
"総社東中学校","岡山県総社市井手565","34.673429","133.757792"
"いじりの認定　こども園","岡山県総社市井尻野1722","34.680004","133.736302"
"総社西中学校","岡山県総社市駅前1-10-1","34.675297","133.741865"
"常盤小学校","岡山県総社市駅南1-13-13","34.666546","133.738232"
"常盤幼稚園","岡山県総社市駅南1-13-8","34.667578","133.738463"
"常盤公園","岡山県総社市駅南1-24-1","34.667225","133.739756"
"サンワーク総社","岡山県総社市駅南1-5-7","34.668973","133.741086"
"中央保育所","岡山県総社市駅南1-8-1","34.668148","133.739938"
"山手公民館","岡山県総社市岡谷151-1","34.660068","133.770433"
"山手小学校","岡山県総社市岡谷607-2","34.656905","133.770997"
"山手幼稚園","岡山県総社市岡谷627","34.656123","133.769965"
"山手公民館岡谷分館","岡山県総社市岡谷718-4","34.654743","133.772001"
"昭和公民館下倉分館","岡山県総社市下倉1338-3","34.716525","133.664534"
"西部ふれあい広場","岡山県総社市久代2616-3","34.673718","133.675356"
"総社西小学校","岡山県総社市久代4386-2","34.677068","133.687788"
"西公民館久代分館","岡山県総社市久代4482-1","34.675242","133.687362"
"久代幼稚園","岡山県総社市久代4584","34.676045","133.688269"
"岡山県立大学","岡山県総社市窪木111","34.692154","133.781762"
"服部幼稚園","岡山県総社市窪木885-5","34.684862","133.780472"
"中央公民館池田分館","岡山県総社市見延639-1","34.735996","133.724428"
"池田幼稚園","岡山県総社市見延640","34.736271","133.724007"
"池田小学校","岡山県総社市見延699","34.736479","133.724819"
"昭和公民館水内分館","岡山県総社市原2167-1","34.7284","133.635378"
"維新小学校","岡山県総社市原2229-1","34.729482","133.634691"
"維新幼稚園","岡山県総社市原2257-1","34.72877","133.634345"
"砂川公園駐車場","岡山県総社市黒尾792","34.701554","133.758308"
"常盤集会所","岡山県総社市三輪1256-1","34.66508","133.746591"
"総社運動公園（野球場・多目的広場）","岡山県総社市三輪1300","34.664583","133.749283"
"総社運動公園（きびじアリーナ・サブアリーナ）","岡山県総社市三輪1300","34.664354","133.747584"
"県立総社南高等学校","岡山県総社市三輪626-1","34.663284","133.740372"
"下水処理場","岡山県総社市三輪820","34.66333","133.738173"
"中央公民館常盤分館","岡山県総社市三輪821","34.662729","133.738141"
"西公民館山田分館","岡山県総社市山田203-2","34.674529","133.661068"
"山田幼稚園","岡山県総社市山田205-1","34.674274","133.66163"
"昭和公民館富山分館","岡山県総社市種井1856-1","34.75873","133.65076"
"山手公民館宿分館","岡山県総社市宿1272-1","34.661318","133.780227"
"山手スポーツ広場","岡山県総社市宿1778-1","34.654163","133.781679"
"中央公民館総社北分館","岡山県総社市小寺1281-1","34.689088","133.747524"
"三須幼稚園","岡山県総社市上林303-1","34.67881","133.777932"
"東公民館三須分館","岡山県総社市上林303-1","34.678992","133.777682"
"上林会館","岡山県総社市上林303-1","34.678881","133.777527"
"新本幼稚園","岡山県総社市新本7274","34.666322","133.646161"
"新本小学校","岡山県総社市新本7288","34.666455","133.646951"
"西公民館新本分館","岡山県総社市新本7743","34.664864","133.655211"
"中央公民館常盤第２分館","岡山県総社市真壁1023","34.671706","133.733862"
"武道館","岡山県総社市真壁423-1","34.666299","133.748314"
"秦小学校","岡山県総社市秦2815-2","34.698642","133.719731"
"秦幼稚園","岡山県総社市秦2987","34.698274","133.720428"
"西公民館秦分館","岡山県総社市秦3465-1","34.696229","133.723798"
"西公民館","岡山県総社市秦350","34.676741","133.704561"
"西公園グラウンド","岡山県総社市秦358","34.676343","133.705416"
"総社中学校","岡山県総社市秦540","34.677682","133.703614"
"ひだまりの家","岡山県総社市清音柿木620-1","34.653332","133.734659"
"清音公民館","岡山県総社市清音軽部1135","34.645974","133.738692"
"清音福祉センター","岡山県総社市清音軽部1135","34.646009","133.738214"
"清音小学校","岡山県総社市清音軽部666-1","34.650453","133.739218"
"きよね認定こども園","岡山県総社市清音軽部762","34.650385","133.738303"
"清音ふるさとふれあい広場","岡山県総社市清音三因1017-4","34.655647","133.754098"
"さんあいの家","岡山県総社市清音上中島226-1","34.645117","133.731567"
"阿曽幼稚園","岡山県総社市西阿曽141","34.704037","133.785327"
"東公民館阿曽分館","岡山県総社市西阿曽188-1","34.703704","133.784554"
"阿曽小学校","岡山県総社市西阿曽207-1","34.705121","133.784843"
"総社北幼稚園","岡山県総社市泉1-192","34.688114","133.750354"
"総社北小学校","岡山県総社市泉2-2","34.688264","133.748083"
"総社幼稚園","岡山県総社市総社2-17-15","34.676057","133.75406"
"中央公民館総社分館","岡山県総社市総社2-18-18","34.677348","133.753183"
"総社小学校","岡山県総社市総社3-13-1","34.678431","133.755718"
"働く婦人の家","岡山県総社市総社3-15-1","34.679257","133.756439"
"県立総社高等学校","岡山県総社市総社3-9-1","34.676831","133.756384"
"総合文化センター（中央公民館）","岡山県総社市中央3-1-102","34.672644","133.747712"
"総社南幼稚園","岡山県総社市中央3-9-101","34.671755","133.748281"
"中原会館","岡山県総社市中原1005-6","34.67071","133.728372"
"やすらぎの家","岡山県総社市中原574-1","34.664693","133.729296"
"長良文化センター","岡山県総社市長良336","34.692564","133.792069"
"東公民館服部分館","岡山県総社市南溝手265-13","34.684534","133.779972"
"東公民館","岡山県総社市南溝手477-7","34.680986","133.781084"
"総社東小学校","岡山県総社市南溝手480","34.681762","133.779467"
"昭和中学校","岡山県総社市美袋1636","34.7216","133.647029"
"昭和公民館","岡山県総社市美袋1915-1","34.719383","133.654041"
"昭和小学校","岡山県総社市美袋207","34.718816","133.654925"
"昭和幼稚園","岡山県総社市美袋245-1","34.719075","133.654507"
"神在幼稚園","岡山県総社市富原407-1","34.668266","133.718037"
"神在小学校","岡山県総社市富原422","34.668527","133.71852"
"西公民館神在分館","岡山県総社市富原903-1","34.667498","133.719985"
"総社北公園　陸上競技場","岡山県総社市福井1200","34.696152","133.747652"
"中央公民館浅尾分館","岡山県総社市門田956-1","34.680329","133.73756"
"総社中央小学校","岡山県総社市門田959","34.679747","133.736782"
"阿波保健福祉センター","岡山県津山市阿波1198","35.236206","134.112314"
"阿波公民館","岡山県津山市阿波1204","35.236508","134.112314"
"旧阿波小学校グラウンド","岡山県津山市阿波1212","35.237373","134.111878"
"阿波こぶしアリーナ","岡山県津山市阿波1785-2","35.237487","134.112694"
"阿波グラウンド","岡山県津山市阿波3303","35.243726","134.113364"
"阿波ふるさとふれあい会館","岡山県津山市阿波3307","35.244468","134.113476"
"清泉小学校","岡山県津山市綾部407","35.119302","134.07073"
"井口公園","岡山県津山市井口25-2","35.053799","133.989527"
"院庄小学校","岡山県津山市院庄1041","35.060945","133.947453"
"西部小体育館","岡山県津山市院庄1242-6","35.063653","133.953673"
"津山東中学校","岡山県津山市押入1110","35.066349","134.037916"
"福南公民館","岡山県津山市押淵376","35.020319","134.026114"
"福岡会館","岡山県津山市横山1232-1","35.052951","134.010169"
"福岡体育館","岡山県津山市横山1234-1","35.053144","134.009868"
"高田小学校","岡山県津山市下横野1075","35.116148","134.024441"
"高田公民館","岡山県津山市下横野855-2","35.116424","134.025836"
"高倉小学校","岡山県津山市下高倉西12","35.099718","134.043318"
"高倉公民館","岡山県津山市下高倉西58-4","35.09924","134.044097"
"田邑公民館","岡山県津山市下田邑114-1","35.081671","133.967847"
"加茂中学校","岡山県津山市加茂町桑原280","35.174931","134.057127"
"加茂町武道館","岡山県津山市加茂町桑原280","35.175545","134.0571"
"公郷会館","岡山県津山市加茂町公郷1604-7","35.165602","134.066253"
"加茂町スポーツセンター","岡山県津山市加茂町中原493-3","35.176072","134.046452"
"加茂町公民館","岡山県津山市加茂町塔中104","35.178208","134.05409"
"加茂町文化センター","岡山県津山市加茂町塔中113-6","35.179003","134.05523"
"加茂小学校","岡山県津山市加茂町塔中80","35.177708","134.055898"
"大久保会館","岡山県津山市久米川南2902","35.045223","133.944273"
"誠道小学校","岡山県津山市久米川南919","35.053968","133.919147"
"久米ふれあい学習館","岡山県津山市宮尾471-3","35.053475","133.922702"
"中正小学校","岡山県津山市宮部下686","35.071004","133.884154"
"大井東ふれあい学習館","岡山県津山市宮部下860-1","35.07032","133.881325"
"大崎公民館","岡山県津山市金井11-18","35.04471","134.066178"
"大崎小学校","岡山県津山市金井76","35.04421","134.065224"
"久米高齢者生活福祉センター「やすらぎの丘」","岡山県津山市桑下1228-6","35.029181","133.921209"
"秀実小学校","岡山県津山市桑上1","35.023745","133.910269"
"勝北中学校","岡山県津山市原371","35.099506","134.106643"
"高野小学校","岡山県津山市高野本郷1041","35.076149","134.052584"
"つやま東幼稚園","岡山県津山市高野本郷1270-1","35.072553","134.050429"
"高野公民館","岡山県津山市高野本郷1683-2","35.076005","134.059904"
"河辺小学校","岡山県津山市国分寺505","35.049508","134.042866"
"河辺農業研修施設","岡山県津山市国分寺592-8","35.048543","134.039684"
"河辺公民館日上分館","岡山県津山市国分寺693-4","35.04916","134.034694"
"佐良山小学校","岡山県津山市皿657-2","35.044577","133.969492"
"皿老人福祉センター","岡山県津山市皿867","35.044257","133.971959"
"鶴山公園北広場","岡山県津山市山下131","35.064372","134.005605"
"津山文化センター","岡山県津山市山下68","35.06407","134.004007"
"郷土博物館","岡山県津山市山下92","35.060834","134.005659"
"雇用労働センター","岡山県津山市山下92-1","35.060933","134.006655"
"北小学校","岡山県津山市山北238","35.069003","134.000698"
"鶴山中学校","岡山県津山市山北290","35.071936","133.999596"
"津山工業高等学校","岡山県津山市山北411-1","35.072491","134.0022"
"美作高等学校","岡山県津山市山北500","35.06749","134.00497"
"津山商業高等学校","岡山県津山市山北531","35.070117","134.003973"
"津山総合体育館","岡山県津山市山北669","35.068942","134.00834"
"中央公園グラウンド","岡山県津山市山北669","35.068323","134.007197"
"東小学校","岡山県津山市山北740","35.070985","134.008687"
"広戸小学校","岡山県津山市市場1080-1","35.127977","134.12356"
"鶴山小学校","岡山県津山市志戸部121","35.079339","134.02309"
"津山陸上競技場","岡山県津山市志戸部245","35.082331","134.018122"
"津山スポーツセンター","岡山県津山市勝部20-2","35.085034","134.01768"
"勤労者総合福祉センター","岡山県津山市勝部20-7","35.085862","134.015052"
"中道中学校","岡山県津山市勝部355","35.086044","134.02104"
"西苫田公民館","岡山県津山市小原67-1","35.077669","134.000082"
"城西公民館","岡山県津山市小田中1312-10","35.062167","133.989809"
"西小学校","岡山県津山市小田中1360","35.062288","133.992234"
"南小学校","岡山県津山市昭和町2-73-1","35.055115","133.995983"
"津山工業高等専門学校","岡山県津山市沼624-1","35.081652","134.013087"
"男女共同参画センターさんさん（アルネ津山内）","岡山県津山市新魚町17","35.059136","134.000594"
"アルネ津山","岡山県津山市新魚町17","35.059013","134.000529"
"勝北保健福祉センター","岡山県津山市新野東567","35.105038","134.112503"
"勝北文化センター・公民館","岡山県津山市新野東584","35.104779","134.110592"
"勝北風の子こども園","岡山県津山市新野東600-1","35.105681","134.109334"
"院庄公民館","岡山県津山市神戸187-4","35.060957","133.945067"
"勝北総合スポーツ公園","岡山県津山市西下1100-1","35.104012","134.087937"
"新野小学校","岡山県津山市西中591","35.109697","134.108064"
"東部運動公園グラウンド","岡山県津山市川崎1610","35.066753","134.034223"
"緑水園文化体育館","岡山県津山市川崎373-2","35.056294","134.031714"
"津山東公民館","岡山県津山市川崎796-2","35.065524","134.022255"
"林田小学校","岡山県津山市川崎850","35.06475","134.025614"
"草加部グラウンド","岡山県津山市草加部1144-8","35.099702","134.071976"
"東部小体育館","岡山県津山市草加部1186-1","35.099492","134.07271"
"大吉学習等教養施設","岡山県津山市大吉580-1","35.135478","134.136055"
"神南備園","岡山県津山市大谷600","35.052554","133.993343"
"中央公民館","岡山県津山市大谷600","35.052264","133.993488"
"弥生小学校","岡山県津山市大田121","35.085982","134.009671"
"北陵中学校","岡山県津山市大田160","35.086655","134.009445"
"みどりの丘保育所","岡山県津山市大田831-4","35.094326","134.004315"
"リージョンセンター","岡山県津山市大田920","35.09247","134.002673"
"勝加茂小学校","岡山県津山市中村125","35.090402","134.101894"
"作州城東屋敷","岡山県津山市中之町19","35.062164","134.012711"
"久米公民館","岡山県津山市中北下1271","35.060472","133.899838"
"久米総合文化運動公園体育館","岡山県津山市中北下1271","35.060196","133.900433"
"津山高校（１００周年記念館、武道場、テニスコート）","岡山県津山市椿高下62","35.06768","134.001019"
"喬松小学校","岡山県津山市坪井上100-1","35.06178","133.85352"
"大井西ふれあい学習館","岡山県津山市坪井上32-12","35.063303","133.853904"
"広野小学校","岡山県津山市田熊1943","35.06985","134.082337"
"広野公民館","岡山県津山市田熊1963-1","35.070662","134.082863"
"一宮公民館","岡山県津山市東一宮84-1","35.100907","133.997438"
"一宮小学校","岡山県津山市東一宮87-1","35.101563","133.999789"
"ふれあいサロン","岡山県津山市南新座33","35.057407","133.997845"
"久米中学校","岡山県津山市南方中1487-1","35.055171","133.896871"
"大倭ふれあい学習館","岡山県津山市南方中1541-1","35.055773","133.898735"
"久米こども園","岡山県津山市南方中1744-1","35.057588","133.903916"
"柳会館","岡山県津山市南方中556-2","35.059515","133.890284"
"津山西中学校","岡山県津山市二宮1256-1","35.06244","133.972354"
"二宮公民館","岡山県津山市二宮1982-2","35.06065","133.968583"
"つやま西幼稚園","岡山県津山市二宮1982-2","35.060636","133.968124"
"向陽小学校","岡山県津山市二宮608-1","35.060157","133.964649"
"日本原コミュニティセンター","岡山県津山市日本原356","35.111701","134.13285"
"佐良山公民館","岡山県津山市平福91","35.053992","133.96935"
"美作大学・美作大学短期大学部","岡山県津山市北園町50","35.077004","134.008118"
"清泉公民館","岡山県津山市堀坂256-8","35.123362","134.071128"
"成名公民館","岡山県津山市野村134-3","35.089563","134.074077"
"成名小学校","岡山県津山市野村135-2","35.090046","134.073486"
"倭文ふれあい学習館","岡山県津山市里公文1676-7","35.023257","133.908644"
"倭文保育所","岡山県津山市里公文1754-1","35.022058","133.906518"
"津山東体育館","岡山県津山市林田1200","35.067442","134.01475"
"津山東高等学校","岡山県津山市林田1200","35.066577","134.015614"
"皆木コミュニティハウス","岡山県奈義町皆木486-1","35.114513","134.21681"
"奈義町Ｂ＆Ｇ海洋センター","岡山県奈義町柿1074","35.118457","134.189478"
"柿コミュニティハウス","岡山県奈義町柿666-1","35.108738","134.1808"
"関本コミュニティハウス","岡山県奈義町関本268","35.135177","134.201314"
"奈義中学校","岡山県奈義町久常193","35.120548","134.179537"
"久常コミュニティハウス","岡山県奈義町久常330-1","35.12092","134.182021"
"宮内コミュニティハウス","岡山県奈義町宮内242-2","35.134819","134.172573"
"奈義小学校","岡山県奈義町広岡1261","35.11878","134.176753"
"広岡コミュニティハウス","岡山県奈義町広岡709-1","35.117704","134.169358"
"荒内西コミュニティハウス","岡山県奈義町荒内西362-5","35.109571","134.165227"
"行方コミュニティハウス","岡山県奈義町行方103-2","35.130735","134.198266"
"高円コミュニティハウス","岡山県奈義町高円924-1","35.133174","134.189404"
"やまびこ荘","岡山県奈義町小坂303-2","35.146588","134.215502"
"小坂多目的集会施設","岡山県奈義町小坂631-3","35.141727","134.216766"
"上町川コミュニティハウス","岡山県奈義町上町川1285-10","35.108197","134.140474"
"新吉野コミュニティハウス","岡山県奈義町上町川1795-4","35.111646","134.137263"
"成松コミュニティハウス","岡山県奈義町成松136-18","35.133237","134.178885"
"西原コミュニティハウス","岡山県奈義町西原992-5","35.115679","134.200495"
"滝本コミュニティハウス","岡山県奈義町滝本1650-3","35.119771","134.156169"
"中島西コミュニティハウス","岡山県奈義町中島西512","35.10218","134.161514"
"中島東コミュニティハウス","岡山県奈義町中島東642-4","35.103959","134.175405"
"馬桑コミュニティハウス","岡山県奈義町馬桑345","35.156637","134.215097"
"豊沢コミュニティハウス","岡山県奈義町豊沢449-1","35.123777","134.174316"
"伊部小学校","岡山県備前市伊部1415-2","34.740515","134.163201"
"備前中学校","岡山県備前市伊部1857","34.737221","134.165927"
"リフレセンターびぜん","岡山県備前市伊部2264-2","34.740586","134.154833"
"旧三国小学校","岡山県備前市吉永町加賀美10-1","34.893716","134.253145"
"吉永中学校","岡山県備前市吉永町岩崎363","34.820013","134.207296"
"吉永地域公民館","岡山県備前市吉永町三股19","34.815742","134.208202"
"神根公民館","岡山県備前市吉永町神根本911","34.849341","134.240759"
"三国出張所（公民館）","岡山県備前市吉永町都留岐319","34.892736","134.243544"
"南方会館","岡山県備前市吉永町南方735-2","34.808964","134.203873"
"備前市総合運動公園体育館","岡山県備前市久々井747","34.722797","134.198551"
"香登公民館","岡山県備前市香登本745-1","34.730824","134.120784"
"香登小学校","岡山県備前市香登本908","34.732286","134.124566"
"東鶴山公民館","岡山県備前市佐山2616","34.700205","134.182532"
"東鶴山小学校","岡山県備前市佐山2721","34.700806","134.183293"
"三石小学校","岡山県備前市三石3215","34.8005","134.273806"
"三石中学校","岡山県備前市三石3215","34.800483","134.274803"
"備前市民センター","岡山県備前市西片上17-2","34.743623","134.1862"
"茶臼山公園","岡山県備前市西片上1750","34.741537","134.179758"
"片上小学校","岡山県備前市西片上335","34.748806","134.182778"
"備前緑陽高等学校","岡山県備前市西片上97","34.746675","134.184015"
"備前商工会館","岡山県備前市東片上230","34.744957","134.19295"
"深谷高台","岡山県備前市日生町寒河195-1","34.735249","134.304656"
"日生東小学校","岡山県備前市日生町寒河2011","34.745822","134.293564"
"浜山高台","岡山県備前市日生町寒河2318","34.740456","134.289596"
"梅灘高台","岡山県備前市日生町寒河2420-2","34.734945","134.282511"
"中日生高台","岡山県備前市日生町寒河2882","34.738145","134.274196"
"寒河コミュニティセンター","岡山県備前市日生町寒河3961-1","34.747355","134.294156"
"慈雲寺","岡山県備前市日生町大多府316-3","34.683286","134.295531"
"日生西小学校","岡山県備前市日生町日生1680","34.731374","134.256921"
"荒神社","岡山県備前市日生町日生2164","34.732117","134.264613"
"南ノ一、南ノ二高台","岡山県備前市日生町日生2366","34.729106","134.265662"
"湾頭高台","岡山県備前市日生町日生2556-2","34.7227","134.266695"
"鴻島集会所","岡山県備前市日生町日生2666-32","34.703527","134.260445"
"旧日生南小学校（頭島）","岡山県備前市日生町日生2778","34.699525","134.285625"
"頭島総合センター","岡山県備前市日生町日生2794-1","34.698664","134.28499"
"鹿久居神社","岡山県備前市日生町日生3636-33","34.713263","134.287779"
"上山公園","岡山県備前市日生町日生501","34.732761","134.268132"
"防災センター","岡山県備前市日生町日生630","34.732595","134.27181"
"楯越山","岡山県備前市日生町日生648-10","34.73018","134.273726"
"西鶴山公民館","岡山県備前市畠田102-1","34.720367","134.111183"
"東備支援学校","岡山県備前市福田637","34.724174","134.122604"
"伊里中学校","岡山県備前市麻宇那1160","34.746074","134.227773"
"伊里小学校","岡山県備前市友延350","34.748132","134.223634"
"伊里公民館","岡山県備前市友延409","34.745827","134.224619"
"越尾老人憩いの家","岡山県美咲町越尾1345-1","34.998981","133.970962"
"柵原ふれあい鉱山公園","岡山県美咲町吉ケ原394-2","34.943586","134.082233"
"吉ヶ原老人憩いの家","岡山県美咲町吉ケ原742-7","34.944342","134.075094"
"柵原総合文化センター（柵原総合支所）","岡山県美咲町久木200-8","34.952923","134.057548"
"境公民館","岡山県美咲町境1371","34.957129","133.911082"
"三保ふれあい館","岡山県美咲町錦織1073-1","35.041135","133.944676"
"錦織老人憩いの家","岡山県美咲町錦織1821-12","35.034322","133.939619"
"加美小学校体育館","岡山県美咲町原田11-1","34.982653","133.961934"
"中央中学校体育館","岡山県美咲町原田2130","34.997894","133.956482"
"中央運動公園総合体育館","岡山県美咲町原田2152-1","34.996411","133.95367"
"中央公民館","岡山県美咲町原田3100-1","34.99618","133.95423"
"林業センター","岡山県美咲町原田3111-2","34.994755","133.9552"
"江与味コミュニティーセンター　（江与味ふれあい館）","岡山県美咲町江与味1280-1","34.945161","133.795444"
"農業総合管理センター","岡山県美咲町周佐1036-1","34.979534","134.0374"
"柵原学園体育館","岡山県美咲町書副1","34.987139","134.045788"
"柵原図書館（エイコンマナビー）","岡山県美咲町書副180-1","34.990914","134.048922"
"小原老人憩いの家","岡山県美咲町小原1101-2","34.969017","133.96381"
"上口公民館","岡山県美咲町上口1206-5","34.990943","133.862978"
"西公民館","岡山県美咲町西1566-1","34.9664","133.810676"
"加美南ふれあいセンター","岡山県美咲町西幸1602-1","34.968485","133.959171"
"旭公民館","岡山県美咲町西川1001-12","34.96809","133.82496"
"子ども第三の居場所","岡山県美咲町西川1001-12","34.967909","133.825338"
"三休公園民話館","岡山県美咲町西川上400-11","34.971547","133.823432"
"西垪和公民館","岡山県美咲町西垪和358-6","34.965913","133.842767"
"美咲中央小学校体育館","岡山県美咲町打穴下1685-1","35.015996","133.930922"
"打穴西公会堂","岡山県美咲町打穴西53-1","35.005241","133.93473"
"打穴中老人憩いの家","岡山県美咲町打穴中1279-4","35.00758","133.946898"
"打穴老人憩いの家","岡山県美咲町打穴里1639-1","34.986231","133.927478"
"旧打穴小学校体育館","岡山県美咲町打穴里1644-1","34.986629","133.927927"
"藤原老人憩いの家（平成会館）","岡山県美咲町藤原199-1","34.947001","134.065992"
"南和気荘","岡山県美咲町藤田上357","34.975016","134.084545"
"北和気コミュニティセンター","岡山県美咲町百々416-1","34.997632","134.062392"
"北和気体育館","岡山県美咲町百々417-1","34.997911","134.062752"
"北コミュニティーセンター","岡山県美咲町北772","35.015504","133.870717"
"粟井中市場多目的集会所","岡山県美作市粟井中102","35.06737","134.239266"
"粟井中土居多目的集会所","岡山県美作市粟井中1610","35.071143","134.239616"
"亀の甲コミュニティハウス","岡山県美作市粟井中1888-6","35.072162","134.242168"
"田渕老人共同作業所場","岡山県美作市粟井中514-3","35.066319","134.232614"
"粟井中叶多目的集会所","岡山県美作市粟井中932-5","35.071937","134.237497"
"美作高等技術専門校","岡山県美作市安蘇345","34.965321","134.129976"
"安蘇多目的集会所","岡山県美作市安蘇401-1","34.966304","134.129151"
"位田転作作物研修センター","岡山県美作市位田461","34.982592","134.121974"
"椿谷コミュニティハウス","岡山県美作市井口1000-2","34.942839","134.141116"
"井口コミュニティハウス","岡山県美作市井口160-1","34.939696","134.130031"
"稲穂コミュニティハウス","岡山県美作市稲穂251","34.988415","134.115379"
"右手ふれあいセンター","岡山県美作市右手1240","35.173725","134.236954"
"美作市民センター","岡山県美作市栄町35","35.008539","134.149124"
"英田青野コミュニティハウス","岡山県美作市英田青野594-1","34.943882","134.128302"
"奥農村公園","岡山県美作市奥1002-2","34.925881","134.110788"
"天神コミュニティハウス","岡山県美作市奥163","34.928587","134.119222"
"奥地区コミュニティハウス","岡山県美作市奥666","34.927264","134.114043"
"奥大谷多目的集会施設","岡山県美作市奥大谷253-2","35.011188","134.100727"
"下香山公会堂","岡山県美作市下香山219","35.042989","134.164301"
"下山コミュニティハウス","岡山県美作市下山67-2","34.960705","134.127483"
"名杭コミュニティハウス","岡山県美作市下山766","34.964814","134.106777"
"名杭共同作業所","岡山県美作市下山855-5","34.962488","134.105165"
"淀入野公会堂","岡山県美作市下庄町11-1","35.084619","134.303871"
"半坂公会堂","岡山県美作市下庄町494-2","35.091129","134.317469"
"下庄上公会堂","岡山県美作市下庄町801","35.092185","134.320686"
"大原体育館","岡山県美作市下庄町859","35.099447","134.320126"
"下町公会堂","岡山県美作市下町129","35.106633","134.326354"
"大原中学校","岡山県美作市下町350","35.103507","134.321479"
"美作クリーンセンター集会所","岡山県美作市河内141-1","35.066316","134.18589"
"中村公会堂","岡山県美作市海田1101","34.981193","134.157482"
"海田中央公民館（多目的集会所）","岡山県美作市海田2323-1","34.970905","134.153031"
"高安老人共同作業所","岡山県美作市柿ケ原1764","34.958199","134.215662"
"角南公会堂","岡山県美作市角南218-2","34.969251","134.242534"
"梶原多目的集会所","岡山県美作市梶原690-1","35.085645","134.253634"
"旧梶並小学校","岡山県美作市梶並104-4","35.114751","134.245603"
"梶並出張所（基幹集落センター）","岡山県美作市梶並499-2","35.118306","134.245932"
"梶並体育センター","岡山県美作市梶並94-1","35.116914","134.246019"
"岩見田多目的集会所","岡山県美作市岩見田401-1","34.976139","134.112175"
"吉多目的集会施設","岡山県美作市吉152-2","35.036149","134.174078"
"久賀カントリーハウス","岡山県美作市久賀1074-2","35.089271","134.224512"
"上久賀コミュニティハウス","岡山県美作市久賀1256-10","35.092618","134.229069"
"河合コミュニティハウス","岡山県美作市久賀270","35.089078","134.213951"
"下久賀コミュニティハウス","岡山県美作市久賀691-2","35.089132","134.226155"
"宮原獅子舞伝承館","岡山県美作市宮原1225","35.058323","134.298886"
"峠コミュニティハウス","岡山県美作市宮原1906-1","35.073677","134.294859"
"宮原鈩コミュニティハウス","岡山県美作市宮原832-3","35.051952","134.301066"
"讃甘コミュニティセンター","岡山県美作市宮本101","35.095848","134.326014"
"高岡公会堂","岡山県美作市宮本198-1","35.098105","134.329599"
"武蔵道場","岡山県美作市宮本98","35.095635","134.32676"
"朽木コミュニティハウス","岡山県美作市朽木55-3","35.003834","134.157273"
"大山公民館","岡山県美作市巨勢1541-2","34.978941","134.140103"
"巨勢地区集会所","岡山県美作市巨勢1983","34.966362","134.1381"
"上尾原公会堂","岡山県美作市巨勢2708","34.957962","134.130045"
"金原多目的集会所","岡山県美作市金原72-11","34.98352","134.115667"
"大原公民館","岡山県美作市古町1709","35.120261","134.325948"
"大原コミュニティセンター","岡山県美作市古町1711","35.118712","134.327382"
"旧吉野小体育館","岡山県美作市五名1263","35.057384","134.275692"
"吉野地区センター","岡山県美作市五名2002-4","35.05745","134.275993"
"殿河内老人共同作業所（五名グルメランド）","岡山県美作市五名392","35.057274","134.277563"
"愛の村パーク","岡山県美作市後山1872","35.167873","134.380286"
"後山公民館","岡山県美作市後山320-3","35.162136","134.386463"
"入谷コミュニティハウス","岡山県美作市後山898","35.166722","134.39417"
"作東中学校","岡山県美作市江見226-2","35.013176","134.223888"
"作東公民館","岡山県美作市江見226-3","35.013569","134.224561"
"作東長寿センター","岡山県美作市江見280","35.013269","134.225305"
"作東Ｂ＆Ｇ海洋センター","岡山県美作市江見910-3","35.021069","134.233851"
"作東農村環境改善センター","岡山県美作市江見944","35.021244","134.231821"
"バレンタインパーク作東","岡山県美作市江見945","35.02221","134.234121"
"国貞コミュニティハウス","岡山県美作市国貞609","34.955416","134.198959"
"武蔵武道館","岡山県美作市今岡754-1","35.098068","134.326402"
"鷺巣本谷コミュニティハウス","岡山県美作市鷺巣552-2","35.065334","134.250573"
"土師コミュニティハウス","岡山県美作市鷺巣935-1","35.061874","134.244659"
"美作中学校","岡山県美作市三倉田205","34.997515","134.149457"
"林野公民館三倉田上支館","岡山県美作市三倉田353-2","34.997714","134.145471"
"林野高等学校","岡山県美作市三倉田58-1","35.00082","134.152939"
"赤坂コミュニティハウス","岡山県美作市三保原106-1","35.120725","134.272377"
"南香合多目的研修集会施設","岡山県美作市三保原593-1","34.931592","134.14171"
"北香合多目的集会施設","岡山県美作市三保原932-3","34.935586","134.136348"
"山外野コミュニティハウス","岡山県美作市山外野918-1","34.993328","134.210069"
"山口公民館","岡山県美作市山口998-2","35.005706","134.198886"
"宗掛集会所","岡山県美作市宗掛436","35.052785","134.22369"
"小原田公会堂","岡山県美作市小原田115-4","35.094946","134.310081"
"能登香の家","岡山県美作市小房925-1","35.09163","134.247972"
"東谷コミュニティハウス","岡山県美作市小野1763","35.084101","134.248949"
"小野集会所","岡山県美作市小野2332-8","35.079682","134.247275"
"作東老人福祉センター","岡山県美作市小野2565-1","35.076889","134.243218"
"粟井小学校集会所","岡山県美作市小野530","35.075662","134.245643"
"松脇集会場","岡山県美作市松脇57-3","35.032408","134.236615"
"上山公会堂","岡山県美作市上山1517-1","34.901625","134.132526"
"大芦高原体育館","岡山県美作市上山1736-5","34.889567","134.128261"
"上山東コミュニティハウス","岡山県美作市上山3322-1","34.897793","134.162921"
"上山コミュニティハウス","岡山県美作市上山555","34.905607","134.130571"
"上相公会堂","岡山県美作市上相379-1","35.036581","134.146742"
"黒藪コミュニティハウス","岡山県美作市上福原1179-2","35.00077","134.235488"
"上福原老人共同作業所","岡山県美作市上福原665-1","35.012353","134.235973"
"仁の坂公会堂","岡山県美作市上福原909","35.010242","134.242827"
"城田多目的集会施設","岡山県美作市城田585","34.964884","134.101224"
"西町上集会所","岡山県美作市真加部1068-2","35.083605","134.17356"
"西町下集会所","岡山県美作市真加部1151-1","35.078296","134.172311"
"御門コミュニティハウス","岡山県美作市真加部1314-5","35.076175","134.188727"
"勝田小学校","岡山県美作市真加部1366","35.076045","134.188045"
"勝田中学校","岡山県美作市真加部1575","35.073686","134.188828"
"かつた市民センター","岡山県美作市真加部1611-2","35.073583","134.190664"
"勝田ふれあいセンター","岡山県美作市真加部1616","35.073054","134.191477"
"南町集会所","岡山県美作市真加部1752-3","35.072773","134.19192"
"勝田ひまわり園","岡山県美作市真加部20-3","35.079482","134.193163"
"真加部老人憩いの家","岡山県美作市真加部311","35.078679","134.190923"
"勝田ひまわりドーム","岡山県美作市真加部36-1","35.078471","134.19261"
"観音堂コミュニティハウス","岡山県美作市真加部379-2","35.082272","134.192845"
"新町公会堂","岡山県美作市真加部437","35.081134","134.191675"
"真加部コミュニティハウス","岡山県美作市真加部56-1","35.076759","134.190801"
"上之町コミュニティハウス","岡山県美作市真加部792","35.079755","134.190574"
"中磯公会堂","岡山県美作市真神1273-3","34.916547","134.143656"
"神田多目的集会施設","岡山県美作市真神467-3","34.927255","134.147623"
"真殿コミュニティハウス","岡山県美作市真殿2922-5","35.144356","134.242786"
"大杣ディサービスホーム","岡山県美作市真殿406-2","35.126258","134.251447"
"壬生公民館","岡山県美作市壬生315-2","35.072752","134.282742"
"大吉コミュニティセンター","岡山県美作市壬生87","35.077631","134.282183"
"杉原公会堂","岡山県美作市杉原30-4","35.064201","134.191242"
"美作クリーンセンター会議室","岡山県美作市杉原340","35.06442","134.186258"
"赤田公会堂","岡山県美作市赤田315-14","35.080345","134.282709"
"旧大吉保育園","岡山県美作市赤田315-2","35.08045","134.282363"
"桂坪教育集会所","岡山県美作市川上7","35.086433","134.293546"
"大野コミュニティセンター","岡山県美作市川上713","35.095615","134.297107"
"高本公民館","岡山県美作市川北1892-1","35.017124","134.222775"
"川北コミュニティハウス","岡山県美作市川北673-4","35.011803","134.208092"
"川北上コミュニティハウス","岡山県美作市川北821","35.013891","134.212561"
"則平多目的集会施設","岡山県美作市則平101-3","34.992056","134.112476"
"東粟倉総合支所（基幹集落センター）","岡山県美作市太田152-1","35.146207","134.35943"
"豊田生活改善センター","岡山県美作市大原881-1","34.99033","134.191691"
"大聖寺老人共同作業所","岡山県美作市大聖寺261-1","35.032809","134.280263"
"美久津公会堂","岡山県美作市大町2185","35.086035","134.197575"
"勝田運動公園","岡山県美作市大町2630","35.073571","134.200898"
"勝田東小学校","岡山県美作市大町64","35.065191","134.207567"
"滝公民館","岡山県美作市滝994-3","35.096535","134.284215"
"アゼリア館","岡山県美作市滝宮391-1","34.926139","134.201981"
"横川多目的研修集会施設","岡山県美作市滝宮443","34.926381","134.203754"
"沢田公民館","岡山県美作市沢田489","35.06745","134.279544"
"杉ケ市荒木野老人共同作業所","岡山県美作市竹田298-1","35.007111","134.246345"
"岩戸コミュニティハウス","岡山県美作市竹田880-1","34.996833","134.243954"
"構陵館","岡山県美作市中山1194-4","35.00415","134.132349"
"みまさかアリーナ","岡山県美作市中山1200","35.001759","134.13295"
"芦谷コミュニティハウス","岡山県美作市中川1204-1","34.914211","134.171162"
"渡瀬多目的研修集会施設","岡山県美作市中川2314-2","34.91572","134.153477"
"小長多目的研修集会施設","岡山県美作市中川322-4","34.916923","134.141491"
"中谷公会堂","岡山県美作市中谷664","35.167655","134.374326"
"中町西公会堂","岡山県美作市中町165-1","35.112367","134.32593"
"中町憩いの家","岡山県美作市中町534-3","35.115671","134.329626"
"中町東公会堂","岡山県美作市中町558","35.115579","134.329562"
"中尾コミュニティハウス","岡山県美作市中尾301-1","35.025145","134.144731"
"猪臥公会堂","岡山県美作市猪臥707-1","34.989617","134.179697"
"長谷内コミュニティハウス","岡山県美作市長谷内1069-1","35.070246","134.213268"
"鳥渕コミュニティハウス","岡山県美作市鳥渕443-1","34.955677","134.128169"
"中筋多目的集会施設","岡山県美作市殿所463-4","34.996591","134.116417"
"田井コミュニティハウス","岡山県美作市田井382-1","35.085619","134.280199"
"広山多目的集会所","岡山県美作市田殿1023-3","35.048738","134.187462"
"一色多目的集会所","岡山県美作市田殿328-1","35.042626","134.182877"
"田殿コミュニティハウス","岡山県美作市田殿815-1","35.048009","134.193414"
"高原老人共同作業所","岡山県美作市田渕1183","34.980274","134.224551"
"田渕本在所多目的集会所","岡山県美作市田渕374","34.963979","134.214021"
"片伏影集会所","岡山県美作市土居1053-3","34.987562","134.254295"
"渡田多目的集会所","岡山県美作市土居1366","34.977149","134.252654"
"土居小学校","岡山県美作市土居203","34.99048","134.266607"
"西町コミュニティセンター","岡山県美作市土居2336-1","34.995058","134.254032"
"土居老人共同作業所","岡山県美作市土居269-3","34.992975","134.263504"
"平坂コミュニティハウス","岡山県美作市土居2718","34.998462","134.254522"
"万の台集会所","岡山県美作市土居3326-2","34.987034","134.276957"
"長岡公会堂","岡山県美作市東谷下1565-2","35.114302","134.251405"
"梶並ふれあいセンター","岡山県美作市東谷下285-5","35.115978","134.253779"
"袴山荘","岡山県美作市東谷上1412-1","35.15592","134.277394"
"美作第一小学校","岡山県美作市湯郷58","34.998176","134.137893"
"湯郷地域交流センター","岡山県美作市湯郷826","34.991394","134.13315"
"江見保育園","岡山県美作市藤生19-1","35.019633","134.223728"
"豆田老人共同作業所","岡山県美作市豆田44-3","35.055538","134.273268"
"楢原下多目的集会所","岡山県美作市楢原下577-4","35.018127","134.166547"
"西郷集会所","岡山県美作市楢原下932","35.020418","134.172074"
"楢原コミュニティハウス","岡山県美作市楢原上264-2","35.023243","134.181849"
"楢原中多目的集会所","岡山県美作市楢原中252-5","35.029237","134.173489"
"美作北こども園","岡山県美作市楢原中277-1","35.027476","134.172797"
"美作北小学校","岡山県美作市楢原中60","35.028228","134.171734"
"南公会堂","岡山県美作市南182-4","34.920776","134.183815"
"南海公民館","岡山県美作市南海568","35.035592","134.210345"
"入田コミュニティセンター","岡山県美作市入田121-1","35.005893","134.146077"
"美作ラグビーサッカー場","岡山県美作市入田436-3","35.002392","134.134259"
"馬形集会所","岡山県美作市馬形48-3","35.062786","134.212283"
"白水消防機具庫","岡山県美作市白水1075-1","34.975162","134.264401"
"別所多目的集会所","岡山県美作市白水65-2","34.98452","134.261971"
"尾谷コミュニティハウス","岡山県美作市尾谷2254-2","34.947562","134.137709"
"尾谷生活改善センター","岡山県美作市尾谷967-1","34.948204","134.140215"
"美作市役所本庁舎","岡山県美作市美来1","35.026386","134.159825"
"小原コミュニティハウス","岡山県美作市福本16-1","34.941515","134.127049"
"英田コミュニティハウス","岡山県美作市福本205-1","34.941983","134.124325"
"山崎コミュニティハウス","岡山県美作市福本544-3","34.938328","134.123564"
"美作市農業者トレーニングセンター","岡山県美作市福本655","34.932794","134.123419"
"英田中学校","岡山県美作市福本730","34.936163","134.124548"
"英田公民館","岡山県美作市福本806-1","34.93885","134.124686"
"英田小学校","岡山県美作市福本935","34.935864","134.12613"
"平田多目的集会施設","岡山県美作市平田77","35.001164","134.173413"
"平福多目的集会所","岡山県美作市平福1114","35.009519","134.192717"
"豊国原多目的集会所","岡山県美作市豊国原237-1","35.021229","134.162193"
"豊野集会所","岡山県美作市豊野400-1","35.034314","134.249659"
"豊野公民館","岡山県美作市豊野400-2","35.034354","134.24984"
"大西デイサービスホーム","岡山県美作市北1552-1","34.922651","134.18829"
"殿河内多目的研修集会施設","岡山県美作市北1902-2","34.925133","134.195906"
"作谷コミュニティハウス","岡山県美作市北324-1","34.922654","134.17851"
"北原多目的集会所","岡山県美作市北原334","35.004919","134.177693"
"旧豊田小学校","岡山県美作市北原498","35.00131","134.178492"
"豊田コミュニティセンター","岡山県美作市北原540-2","35.000635","134.178698"
"北坂コミュニティハウス","岡山県美作市北坂187","34.997848","134.121865"
"北山コミュニティハウス","岡山県美作市北山1000-1","35.02962","134.165934"
"いきいきゆうゆうの里","岡山県美作市北山401","35.031423","134.15682"
"豊国公民館","岡山県美作市北山889-3","35.028651","134.165743"
"山の学校","岡山県美作市万善25","34.958854","134.206811"
"福山多目的集会所","岡山県美作市万善46","34.958392","134.206795"
"万善老人共同作業所","岡山県美作市万善803-2","34.950687","134.199905"
"駅前ビューハイツ２階２０６号","岡山県美作市明見153-1","35.013837","134.151878"
"明見コミュニティハウス","岡山県美作市明見300","35.01496","134.148765"
"野形老人共同作業所","岡山県美作市野形135-1","35.095374","134.304465"
"矢田下集会所","岡山県美作市矢田1017-2","35.056804","134.187644"
"矢田コミュニティハウス","岡山県美作市矢田1543","35.059178","134.190424"
"矢田上集会所","岡山県美作市矢田343","35.0601","134.18896"
"友野コミュニティハウス","岡山県美作市友野112-1","35.001605","134.181851"
"余野コミュニティハウス","岡山県美作市余野640-6","35.09008","134.199443"
"成林多目的集会所","岡山県美作市余野712-2","35.09641","134.201971"
"旧立石出張所","岡山県美作市立石45","35.082676","134.296096"
"林野公民館","岡山県美作市林野99-1","35.002271","134.147797"
"蓮花寺多目的集会所","岡山県美作市蓮花寺456-2","34.995892","134.279394"
"三谷コミュニティセンター","岡山県矢掛町横谷1890","34.603657","133.622036"
"美川小学校","岡山県矢掛町下高末2686","34.663793","133.587866"
"小田球場","岡山県矢掛町小田1355-15","34.615514","133.547976"
"小田小学校","岡山県矢掛町小田4212-1","34.615697","133.543965"
"Ｂ＆Ｇ海洋センター","岡山県矢掛町西川面1307-3","34.620578","133.569472"
"川面小学校","岡山県矢掛町西川面1380-1","34.625061","133.568388"
"三谷小学校","岡山県矢掛町東三成1423","34.619293","133.616286"
"中川小学校","岡山県矢掛町本堀1637","34.611065","133.561285"
"岡山県立矢掛高等学校","岡山県矢掛町矢掛1776-2","34.628108","133.592723"
"矢掛中学校","岡山県矢掛町矢掛2957","34.629962","133.585222"
"矢掛小学校","岡山県矢掛町矢掛3000-1","34.627226","133.585744"
"矢掛町総合運動公園","岡山県矢掛町矢掛342","34.62621","133.6049"
"山田小学校","岡山県矢掛町里山田2430","34.597744","133.599075"
"才申公会堂","岡山県里庄町大字新庄1312-5","34.510701","133.553527"
"南平井公会堂","岡山県里庄町大字新庄1711-8","34.507356","133.564108"
"西平井公会堂","岡山県里庄町大字新庄1842","34.509923","133.561637"
"安広公会堂","岡山県里庄町大字新庄2205-1","34.507701","133.558887"
"西ノ平公会堂","岡山県里庄町大字新庄235","34.507315","133.542444"
"狭田公会堂","岡山県里庄町大字新庄2536-4","34.507644","133.556113"
"宮地公会堂","岡山県里庄町大字新庄2656-2","34.506613","133.554007"
"駅前コミュニティーセンター","岡山県里庄町大字新庄2905-2","34.506542","133.549452"
"駅前公会堂","岡山県里庄町大字新庄2905-2","34.506454","133.549458"
"堂迫公会堂","岡山県里庄町大字新庄3193","34.503833","133.558284"
"金山公会堂","岡山県里庄町大字新庄3633-3","34.500927","133.564653"
"干瓜公会堂","岡山県里庄町大字新庄3841-1","34.501225","133.556847"
"八ツ的公会堂","岡山県里庄町大字新庄386-3","34.509366","133.544272"
"川南公会堂","岡山県里庄町大字新庄5240-3","34.500827","133.546892"
"里庄西小学校","岡山県里庄町大字新庄5534","34.50494","133.545007"
"里庄西幼稚園","岡山県里庄町大字新庄5774","34.502287","133.545212"
"グリーンクレスト東公会堂","岡山県里庄町大字新庄グリーンクレスト500-1","34.511112","133.549941"
"君賀原公会堂","岡山県里庄町大字浜中329","34.496125","133.53656"
"浜中南公会堂","岡山県里庄町大字浜中518","34.497552","133.538501"
"浜中北公会堂","岡山県里庄町大字浜中739","34.500868","133.537616"
"仁科会館","岡山県里庄町大字浜中892-1","34.501498","133.536114"
"浜中団地東公会堂","岡山県里庄町大字浜中93-166","34.497474","133.532981"
"浜中団地中央公園","岡山県里庄町大字浜中93-252","34.497274","133.532466"
"浜中団地西公会堂","岡山県里庄町大字浜中93-55","34.497456","133.531265"
"里庄町中央公民館（老人福祉センター）","岡山県里庄町大字里見1107-2","34.513508","133.555765"
"里庄総合文化ホール","岡山県里庄町大字里見1107-2","34.514001","133.556271"
"里庄町健康福祉センター","岡山県里庄町大字里見1107-2","34.514148","133.556936"
"里庄町福祉会館","岡山県里庄町大字里見1107-2","34.513601","133.556355"
"つばきの丘運動公園","岡山県里庄町大字里見2392","34.518614","133.562199"
"里庄武道館","岡山県里庄町大字里見2533-1","34.514154","133.558832"
"里庄中学校","岡山県里庄町大字里見2535","34.514425","133.558116"
"里庄町立図書館","岡山県里庄町大字里見2621","34.513492","133.559704"
"東平井公会堂","岡山県里庄町大字里見2859-1","34.511129","133.5637"
"手ノ際公会堂","岡山県里庄町大字里見3955-4","34.516892","133.572996"
"高岡公会堂","岡山県里庄町大字里見5062-2","34.528809","133.579633"
"屋中公会堂","岡山県里庄町大字里見5307","34.530153","133.584765"
"里庄東公民館","岡山県里庄町大字里見6385","34.526443","133.567419"
"本村公会堂","岡山県里庄町大字里見6423-4","34.525589","133.569608"
"里庄東幼稚園","岡山県里庄町大字里見6606-3","34.521276","133.568194"
"里庄東小学校","岡山県里庄町大字里見6610","34.521093","133.569177"
"殿迫公会堂","岡山県里庄町大字里見6642","34.520639","133.56817"
"明地公会堂","岡山県里庄町大字里見6854","34.51759","133.563476"
"古井公会堂","岡山県里庄町大字里見7402-5","34.523602","133.562926"
"林地区公園","岡山県里庄町大字里見8042","34.528288","133.560056"
"津江公会堂","岡山県里庄町大字里見8750-2","34.530877","133.563341"
"岩村コミュニティー広場","岡山県里庄町大字里見9763-1","34.530566","133.568389"
"岩村公会堂","岡山県里庄町大字里見9779-1","34.531649","133.567715"
"稲坪コミュニティハウス","岡山県和気町衣笠491-2","34.793153","134.167779"
"本荘小学校","岡山県和気町衣笠550","34.795944","134.166341"
"本荘にこにこ園","岡山県和気町衣笠570","34.795464","134.164431"
"本荘地区公民館","岡山県和気町衣笠603","34.796739","134.164803"
"こども館はつせ","岡山県和気町衣笠603","34.79688","134.164776"
"入田コミュニティハウス","岡山県和気町衣笠74-5","34.794125","134.161144"
"森コミュニティハウス","岡山県和気町衣笠766-2","34.797507","134.157988"
"ヴィレッジハウス集会所","岡山県和気町衣笠831-2","34.796634","134.154973"
"西森教養館","岡山県和気町衣笠928-5","34.798121","134.155094"
"宇生コミュニティハウス","岡山県和気町宇生312","34.842748","134.074259"
"法泉寺","岡山県和気町益原466","34.819298","134.14247"
"益原コミュニティハウス","岡山県和気町益原486-1","34.817996","134.14241"
"和気鵜飼谷温泉","岡山県和気町益原666-1","34.81329","134.144501"
"塩田コミュニティハウス","岡山県和気町塩田113-11","34.899358","134.091953"
"奥塩田公民館","岡山県和気町奥塩田1727-2","34.904538","134.107315"
"囲炉裏の館","岡山県和気町奥塩田1860-3","34.902991","134.106387"
"棚田の館","岡山県和気町奥塩田953-2","34.905483","134.117928"
"加茂神社","岡山県和気町加三方205","34.839765","134.081751"
"加三方公民館","岡山県和気町加三方509-4","34.839936","134.076185"
"大方コミュニティハウス","岡山県和気町加三方797-1","34.836972","134.069749"
"片倉公民館","岡山県和気町丸山26-1","34.874485","134.138217"
"大岩公民館","岡山県和気町丸山580-1","34.885234","134.140583"
"旧山田小学校","岡山県和気町岩戸799","34.849771","134.113287"
"天瀬公民館","岡山県和気町岩戸87-1","34.840276","134.125129"
"吉田コミュニティハウス","岡山県和気町吉田1117","34.812878","134.192381"
"奴久谷・飼葉コミュニティハウス","岡山県和気町吉田186-1","34.820518","134.187437"
"働コミュニティハウス","岡山県和気町吉田1883-2","34.82087","134.197227"
"苦木公民館","岡山県和気町苦木299-2","34.884148","134.10082"
"苦木駅舎跡","岡山県和気町苦木435-2","34.881522","134.104976"
"原コミュニティハウス","岡山県和気町原305","34.798051","134.133313"
"佐伯公民館","岡山県和気町佐伯409-1","34.848088","134.092984"
"大正園","岡山県和気町佐伯467","34.848229","134.092123"
"和気閑谷高等学校","岡山県和気町尺所15","34.800607","134.154968"
"宮田コミュニティハウス","岡山県和気町尺所204","34.799955","134.160779"
"性司コミュニティハウス","岡山県和気町尺所285-1","34.801967","134.162134"
"尺所コミュニティハウス","岡山県和気町尺所532","34.801851","134.157587"
"和気町役場本庁舎","岡山県和気町尺所555","34.802832","134.157503"
"中央公民館","岡山県和気町尺所7-1","34.799657","134.153512"
"小坂コミュニティハウス","岡山県和気町小坂560-2","34.834451","134.060677"
"清水コミュニティハウス","岡山県和気町清水251-2","34.768644","134.172418"
"県住集会所","岡山県和気町泉250","34.809406","134.168591"
"泉コミュニティハウス","岡山県和気町泉284-1","34.809261","134.164614"
"和気中学校","岡山県和気町泉375-1","34.811396","134.165173"
"大中山コミュニティハウス","岡山県和気町大中山366","34.781184","134.168269"
"由加神社","岡山県和気町大田原438","34.806851","134.158759"
"大田原コミュニティハウス","岡山県和気町大田原87-3","34.804356","134.155699"
"津瀬公民館","岡山県和気町津瀬134","34.862245","134.107324"
"加賀知田公民館","岡山県和気町田賀1013","34.847711","134.046021"
"田賀公民館","岡山県和気町田賀259-3","34.839304","134.064608"
"旧石生幼稚園","岡山県和気町田原下1518","34.806644","134.127425"
"田原下コミュニティハウス","岡山県和気町田原下701-1","34.812301","134.131705"
"田原上県住宅供給公社用地","岡山県和気町田原上1525-10","34.829579","134.127728"
"田原上コミュニティハウス","岡山県和気町田原上160-1","34.821393","134.132753"
"田土消防機庫","岡山県和気町田土1745-3","34.856425","134.127311"
"下田土公民館","岡山県和気町田土2044","34.856217","134.126905"
"大畑集会所","岡山県和気町田土704","34.856176","134.137475"
"坂本老人いこいの家","岡山県和気町藤野1623","34.812806","134.177708"
"藤野会館","岡山県和気町藤野1709","34.810601","134.17759"
"藤野児童館","岡山県和気町藤野1725","34.811231","134.178045"
"宿北コミュニティハウス","岡山県和気町藤野220","34.807713","134.172486"
"和気小学校","岡山県和気町藤野429","34.803659","134.145267"
"和気にこにこ園","岡山県和気町藤野463","34.810152","134.174442"
"田ヶ原コミュニティハウス","岡山県和気町藤野771-1","34.812538","134.174862"
"ロマンツェ","岡山県和気町南山方144-15","34.872336","134.131604"
"南公民館","岡山県和気町南山方376-2","34.874863","134.125853"
"延原公民館","岡山県和気町南山方855","34.876036","134.114618"
"木倉コミュニティハウス","岡山県和気町日笠下37-2","34.840164","134.159072"
"旧日笠小学校","岡山県和気町日笠上222","34.842994","134.164978"
"旧日笠幼稚園","岡山県和気町日笠上86-1","34.841372","134.163795"
"日笠地区公民館","岡山県和気町日笠上86-1","34.84155","134.163895"
"日笠下コミュニティハウス","岡山県和気町日笠上86-1","34.835762","134.1612"
"日笠上コミュニティハウス","岡山県和気町日笠上905-3","34.847071","134.165322"
"日室コミュニティハウス","岡山県和気町日室48-1","34.804741","134.166297"
"日室台コミュニティハウス","岡山県和気町日室526-35","34.79885","134.166531"
"小原コミュニティハウス","岡山県和気町父井原2041-2","34.843684","134.107815"
"原コミュニティハウス","岡山県和気町父井原294-2","34.841667","134.096392"
"学び館「サエスタ」","岡山県和気町父井原430-1","34.844369","134.094246"
"父井原コミュニティセンター","岡山県和気町父井原761-2","34.841371","134.090462"
"福富コミュニティハウス","岡山県和気町福富260-2","34.791757","134.152509"
"和気町体育館","岡山県和気町福富312-1","34.793919","134.148328"
"駅前公会堂","岡山県和気町福富621-1","34.79828","134.153683"
"米澤公民館","岡山県和気町米澤181-2","34.851275","134.094307"
"米澤コミュニティ広場","岡山県和気町米澤486-1","34.850876","134.089877"
"桃谷順天館","岡山県和気町米澤629-1","34.849162","134.086783"
"佐伯小学校","岡山県和気町米澤713","34.844977","134.080473"
"室原コミュニティハウス","岡山県和気町保曽1023-3","34.889476","134.182794"
"岸野コミュニティハウス","岡山県和気町保曽420-2","34.866799","134.163488"
"本谷公民館","岡山県和気町北山方2060-1","34.885902","134.121835"
"金田公民館","岡山県和気町北山方601-3","34.895577","134.119383"
"石生地区公民館","岡山県和気町本1156","34.801111","134.121858"
"本コミュニティハウス","岡山県和気町本617-4","34.801318","134.121737"
"旧石生小学校（球志館）","岡山県和気町本727-2","34.805288","134.128396"
"佐伯庁舎分館","岡山県和気町矢田308-1","34.849724","134.09746"
"佐伯老人福祉センター","岡山県和気町矢田311-1","34.850083","134.097399"
"矢田公民館","岡山県和気町矢田553-1","34.850218","134.102457"
"長楽団地集会所","岡山県和気町矢田980-1","34.870243","134.109305"
"矢田部公民館","岡山県和気町矢田部383-2","34.847571","134.080194"
"和気地区公民館","岡山県和気町和気196","34.804398","134.145444"
"旧和気小学校","岡山県和気町和気199","34.803668","134.145179"
"旧和気幼稚園","岡山県和気町和気204","34.804391","134.145079"
"曽根コミュニティハウス","岡山県和気町和気498","34.797998","134.148231"
"本成寺","岡山県和気町和気53","34.802963","134.146283"