"施設名","所在地","緯度","経度"
"聖福寺　寳樓閣","青森県おいらせ町阿光坊105-278","40.611005","141.369257"
"阿光坊地区農事集会所","青森県おいらせ町阿光坊13-7","40.605907","141.374351"
"一川目地区生活会館","青森県おいらせ町一川目2-65-441","40.635195","141.442006"
"甲洋小学校グラウンド","青森県おいらせ町一川目4-6-10","40.646045","141.437858"
"甲洋小学校","青森県おいらせ町一川目4-6-10","40.645271","141.438604"
"一川目児童公園","青森県おいらせ町一川目２地内","40.634597","141.441907"
"本町地区北コミュニティセンター","青森県おいらせ町下前田104-6","40.603739","141.431168"
"みなくる館","青森県おいらせ町下前田145-1","40.604396","141.433587"
"いきいき館","青森県おいらせ町下前田158-1","40.60458","141.434639"
"七軒町集会所","青森県おいらせ町下明堂54-3","40.597576","141.431654"
"下田小学校","青森県おいらせ町舘越38-1","40.597299","141.373493"
"下田小学校グラウンド","青森県おいらせ町舘越38-1","40.597644","141.373705"
"本村地区コミュニティセンター伝承館","青森県おいらせ町舘越40-1","40.598231","141.373749"
"百石小学校グラウンド","青森県おいらせ町牛込平20-1","40.601055","141.437305"
"百石小学校","青森県おいらせ町牛込平20-1","40.601585","141.437245"
"向山集会所","青森県おいらせ町向山3-2-1807","40.629776","141.369425"
"八戸北丘陵下田公園","青森県おいらせ町向山地内","40.614569","141.400392"
"大津波避難場所（二川目北）","青森県おいらせ町向平517-1","40.660853","141.429213"
"向坂集会所","青森県おいらせ町黒坂谷地110-121","40.613282","141.426511"
"（株）ネクサス下田店（タケダスポーツ下田店）","青森県おいらせ町菜飯50-1","40.598785","141.418061"
"三田会館","青森県おいらせ町三本木125-1","40.593176","141.411426"
"奥入瀬川南岸土地改良区記念碑","青森県おいらせ町三本木28-9","40.590847","141.39348"
"４号百石道路避難階段","青森県おいらせ町秋堂105-2","40.598246","141.423167"
"３号百石道路避難階段","青森県おいらせ町秋堂112-4","40.596723","141.423897"
"１号百石道路避難階段","青森県おいらせ町秋堂127","40.593708","141.425442"
"２号百石道路避難階段","青森県おいらせ町秋堂42-2","40.59546","141.424573"
"明神山コミュニティ防災センター","青森県おいらせ町松原1-73-460","40.607916","141.455896"
"明神山防災タワー","青森県おいらせ町松原1-73-460","40.607956","141.455607"
"明神山公園","青森県おいらせ町松原１地内","40.607534","141.455847"
"横道生活館","青森県おいらせ町松原２－１３２－４６地先","40.614451","141.4555"
"いちょう公園体育館","青森県おいらせ町沼端14-161","40.608016","141.437714"
"勤労者研修センター","青森県おいらせ町沼端14-165","40.607877","141.438984"
"いちょう公園交流館","青森県おいらせ町沼端14-165","40.607543","141.439526"
"木ノ下中学校グラウンド","青森県おいらせ町上久保22-2","40.64615","141.37817"
"木ノ下中学校","青森県おいらせ町上久保22-2","40.645751","141.377714"
"木ノ下ふれあい館","青森県おいらせ町上久保44-5","40.648634","141.380169"
"鍋久保文化センター","青森県おいらせ町上谷地10-1","40.588742","141.369633"
"桃川（株）事務所","青森県おいらせ町上明堂112","40.593682","141.429687"
"おいらせ町役場分庁舎","青森県おいらせ町上明堂60-6","40.595085","141.428372"
"東公民館","青森県おいらせ町上明堂88-2","40.596052","141.428906"
"中央公園","青森県おいらせ町上明堂地内","40.594265","141.428574"
"藤ヶ森地区生活会館","青森県おいらせ町新助川原46-2","40.597796","141.439687"
"本町地区コミュニティ消防センター","青森県おいらせ町新助川原8-8","40.594407","141.433147"
"川口地区コミュニティセンター","青森県おいらせ町新田17-2","40.602906","141.459933"
"深沢地区コミュニティセンター","青森県おいらせ町深沢2-11-8","40.628049","141.443693"
"大津波避難場所（深沢）","青森県おいらせ町深沢平地内","40.627233","141.441753"
"三本木ふれあい館","青森県おいらせ町西下谷地52-3","40.590957","141.406578"
"北公民館","青森県おいらせ町青葉2-50-1395","40.656117","141.372323"
"木ノ下児童センターみらい館","青森県おいらせ町青葉2-50-72","40.656404","141.371885"
"木ノ下小学校グラウンド","青森県おいらせ町青葉6-50-184","40.652938","141.36972"
"木ノ下小学校","青森県おいらせ町青葉6-50-184","40.653406","141.369602"
"根岸いちょう会館","青森県おいらせ町千刈田25-27","40.606749","141.429711"
"洗平地区農業構造改善センター","青森県おいらせ町洗平41-2","40.602501","141.349636"
"木内々小学校グラウンド","青森県おいらせ町染屋101-7","40.600437","141.407989"
"木内々小学校","青森県おいらせ町染屋101-7","40.601093","141.40816"
"染屋集会所","青森県おいらせ町染屋62-4","40.598459","141.410458"
"町民交流センター","青森県おいらせ町中下田125-2","40.599731","141.397301"
"曙集会所","青森県おいらせ町中下田145-73","40.603495","141.396759"
"中央公民館","青森県おいらせ町中下田159","40.599225","141.398577"
"稲荷神社（間木）","青森県おいらせ町中下田195","40.603882","141.40117"
"間木地区コミュニティセンター","青森県おいらせ町中下田224-25","40.601703","141.400866"
"有楽町集会所","青森県おいらせ町中平下長根山1-740","40.605801","141.388373"
"中野平集会所","青森県おいらせ町中野平28","40.60653","141.417937"
"百石中学校","青森県おいらせ町東下谷地116","40.61713","141.427982"
"百石中学校グラウンド","青森県おいらせ町東下谷地116","40.616821","141.428304"
"黒坂集会所","青森県おいらせ町東下谷地116-41","40.615385","141.427977"
"大津波避難場所（松原）","青森県おいらせ町東下谷地772-1","40.614316","141.44718"
"いちょう公園","青森県おいらせ町東下谷地地内","40.609763","141.437556"
"大津波避難場所（一川目南）","青森県おいらせ町内山平501-2","40.632781","141.435018"
"二川目地区生活会館","青森県おいらせ町二川目3-53-1","40.656035","141.435687"
"秋堂コミュニティセンター","青森県おいらせ町彦七川原49-1","40.595183","141.419477"
"木崎ふれあい館","青森県おいらせ町彦七川原5-4","40.595572","141.415364"
"錦ヶ丘集会所","青森県おいらせ町瓢163-41","40.609412","141.356826"
"新敷集会所","青森県おいらせ町瓢99-20","40.60491","141.358058"
"苗振谷地生活会館","青森県おいらせ町苗振谷地41-1","40.597668","141.4268"
"百石高等学校","青森県おいらせ町苗平谷地46","40.599243","141.432045"
"百石高等学校グラウンド","青森県おいらせ町苗平谷地46","40.599841","141.433251"
"百石高等学校第２グラウンド","青森県おいらせ町苗平谷地46","40.600432","141.432828"
"豊栄地区コミュニティセンター","青森県おいらせ町豊栄1-159-1","40.639952","141.410352"
"豊原農事集会所","青森県おいらせ町豊原2-730","40.636947","141.372057"
"堀切川地区コミュニティセンター","青森県おいらせ町堀ノ内205-3","40.60315","141.4539"
"染屋入口交差点","青森県おいらせ町木崎379","40.601456","141.411964"
"洋光台地区コミュニティセンター","青森県おいらせ町洋光台5-44-22","40.612871","141.438257"
"下田中学校","青森県おいらせ町立蛇114-3","40.603377","141.387536"
"下田中学校グラウンド","青森県おいらせ町立蛇114-3","40.603756","141.386801"
"古間木山集会所","青森県おいらせ町緑ケ丘1-50-1355","40.666732","141.365961"
"鶉久保地区農業構造改善センター","青森県おいらせ町鶉久保山112-4","40.661052","141.37936"
"吉出コミュニティセンター消防センター","青森県つがる市稲垣町吉出高崎33","40.865883","140.384945"
"沼館コミュニティセンター","青森県つがる市稲垣町沼館友開45-14","40.881459","140.383971"
"沼崎コミュニティ消防センター","青森県つがる市稲垣町沼崎幾代崎49","40.875152","140.393866"
"繁田地区コミュニティ消防センター","青森県つがる市稲垣町繁田若竹11-3","40.907505","140.415369"
"福富コミュニティセンター","青森県つがる市稲垣町福富笹崎10-1","40.889656","140.396441"
"稲垣交流センター","青森県つがる市稲垣町豊川宮川141","40.879832","140.397117"
"稲穂いこいの里","青森県つがる市稲垣町豊川宮川145-1","40.880943","140.395701"
"稲垣ふれあいセンター","青森県つがる市稲垣町豊川宮川145-3","40.880599","140.396973"
"稲垣中学校グランド","青森県つがる市稲垣町豊川宮川45-1","40.882638","140.397979"
"稲垣中学校","青森県つがる市稲垣町豊川宮川45-1","40.882622","140.396407"
"豊川コミュニティ消防センター","青森県つがる市稲垣町豊川宮川51-7","40.883195","140.399254"
"稲垣小学校グランド","青森県つがる市稲垣町豊川宮藤27","40.882054","140.402492"
"稲垣小学校","青森県つがる市稲垣町豊川宮藤27","40.881574","140.401693"
"穂積コミュニティセンター","青森県つがる市稲垣町豊川酒田66-3","40.890446","140.407797"
"下牛潟保健福祉館","青森県つがる市下牛潟町靏舞岬10","40.922382","140.368199"
"牛潟公民館","青森県つがる市牛潟町鷲野沢29-789","40.925038","140.348211"
"車力高齢者コミュニティセンター","青森県つがる市牛潟町鷲野沢73-72","40.929017","140.352296"
"車力ふれあい会館","青森県つがる市車力町花林48","40.94848","140.358964"
"車力小学校グランド","青森県つがる市車力町屏風山1-214","40.950234","140.353834"
"車力中学校グランド","青森県つがる市車力町屏風山1-214","40.951733","140.352455"
"車力中学校","青森県つがる市車力町屏風山1-214","40.951216","140.354825"
"車力小学校","青森県つがる市車力町屏風山1-214","40.951101","140.353893"
"車力地区コミュニティセンター","青森県つがる市車力町屏風山529","40.950169","140.355995"
"森田農村環境改善センター","青森県つがる市森田町上相野若緑61","40.792952","140.379898"
"森田公民館","青森県つがる市森田町森田月見野119-2","40.780815","140.334382"
"森田高齢農業者生きがいセンター","青森県つがる市森田町森田月見野123-20","40.777788","140.348042"
"森田コミュニティ消防センター","青森県つがる市森田町森田月見野294-1","40.777637","140.345957"
"森田中学校グランド","青森県つがる市森田町森田屏風山2-1","40.776606","140.338886"
"森田中学校","青森県つがる市森田町森田屏風山2-1","40.777309","140.339283"
"森田小学校グランド","青森県つがる市森田町森田屏風山2-2","40.777699","140.336509"
"森田小学校","青森県つがる市森田町森田屏風山2-2","40.778219","140.336434"
"大館コミュニティ消防センター","青森県つがる市森田町大館千歳136-2","40.781521","140.320554"
"森田集落農園","青森県つがる市森田町大館八重菊21-130","40.774034","140.30424"
"下車力保健福祉館","青森県つがる市中泊町大字田茂木字若緑72-34","40.941227","140.38108"
"柏第３農業研修センター","青森県つがる市柏下古川絹川134-3","40.798549","140.431007"
"玉水コミュニティセンター","青森県つがる市柏玉水岸田23-9","40.807086","140.409837"
"柏総合体育センター","青森県つがる市柏桑野木田花崎69","40.792118","140.409827"
"柏農村環境改善センター","青森県つがる市柏桑野木田花崎69","40.792321","140.410842"
"柏ふるさと交流センター","青森県つがる市柏広須松元102-1","40.793575","140.410903"
"柏小学校","青森県つがる市柏広須福島126-2","40.791683","140.408908"
"柏小学校グランド","青森県つがる市柏広須福島126-2","40.791176","140.407916"
"柏中学校グランド","青森県つがる市柏広須福島82","40.785685","140.406375"
"柏中学校","青森県つがる市柏広須福島82","40.786225","140.406697"
"上古川コミュニティ消防センター","青森県つがる市柏上古川幾山12-1","40.791595","140.420197"
"清水保健福祉館","青森県つがる市富萢町清水17-22","41.002354","140.342062"
"権現・深沢地区コミュニティセンター","青森県つがる市富萢町清水4-5","40.992627","140.357916"
"富萢地区コミュニティセンターアリーナ","青森県つがる市富萢町屏風山1-831","40.98198","140.369267"
"豊富地区コミュニティセンター","青森県つがる市豊富町千貫39-5","40.971952","140.371518"
"車力農民研修センター","青森県つがる市豊富町屏風山1-377","40.967692","140.362825"
"芦沼コミュニティ消防センター","青森県つがる市木造芦沼12-1","40.824628","140.401459"
"永田コミュニティ消防センター","青森県つがる市木造永田稲村120-2","40.831411","140.368353"
"広岡コミュニティ消防センター","青森県つがる市木造越水稲村38-5","40.794199","140.290757"
"越水コミュニティ消防センター","青森県つがる市木造越水神山35-2","40.806415","140.29862"
"駒田コミュニティ消防センター","青森県つがる市木造越水屏風山3-11","40.812827","140.301244"
"吉見コミュニティ消防センター","青森県つがる市木造下福原篠原176-4","40.809402","140.329641"
"館岡コミュニティ消防センター","青森県つがる市木造館岡上稲元182","40.880226","140.335184"
"平滝沼公園","青森県つがる市木造館岡上沢辺138-2","40.880427","140.313584"
"亀ヶ岡公園","青森県つがる市木造館岡上沢辺138-6","40.877422","140.313245"
"丸山コミュニティ消防センター","青森県つがる市木造丸山竹鼻1-2","40.836357","140.316268"
"穂波小学校グランド","青森県つがる市木造菊川喜久野43","40.813296","140.341219"
"穂波小学校","青森県つがる市木造菊川喜久野43","40.811534","140.341241"
"菊川コミュニティ消防センター","青森県つがる市木造菊川植野1-16","40.809134","140.341257"
"近野・十文字コミュニティ消防センター","青森県つがる市木造菊川平岡87","40.798565","140.348446"
"木造ふれ愛センター","青森県つがる市木造宮崎1-2","40.802664","140.3883"
"兼館コミュニティ消防センター","青森県つがる市木造兼館佐野22-5","40.84767","140.378699"
"出崎コミュニティ消防センター","青森県つがる市木造兼館袖懸17-1","40.857422","140.384826"
"菰槌コミュニティ消防センター","青森県つがる市木造菰槌江野島21-1","40.859937","140.3343"
"三ッ館コミュニティセンター　「はすの館」","青森県つがる市木造三ツ館寿抱11-1","40.79463","140.316735"
"ふぁみりぃ公園","青森県つがる市木造三ツ館寿抱11-5","40.794572","140.317387"
"柴田コミュニティ消防センター","青森県つがる市木造柴田弥生田1-2","40.805406","140.358332"
"生涯学習交流センター「松の館」","青森県つがる市木造若緑52","40.808248","140.381502"
"木造体育センター","青森県つがる市木造若緑59-1","40.809342","140.380681"
"つがる市総合体育館","青森県つがる市木造若緑64","40.809465","140.379335"
"出野里コミュニティ消防センター","青森県つがる市木造出野里山吹26","40.856521","140.396931"
"出来島コミュニティ消防センター","青森県つがる市木造出来島雉子森25","40.845941","140.280672"
"四所神社","青森県つがる市木造出来島雉子森石沢2-2","40.848259","140.285077"
"旧出来島小学校","青森県つがる市木造出来島雉子森堀切229","40.842026","140.290239"
"松原公園","青森県つがる市木造照日43-1","40.804537","140.393832"
"吹原コミュニティ消防センター","青森県つがる市木造吹原中山51-4","40.818712","140.306565"
"吹原農村公園","青森県つがる市木造吹原畠元3-2","40.821302","140.309668"
"南広森コミュニティ消防センター","青森県つがる市木造吹原屏風山1-80","40.824293","140.303701"
"銀杏ヶ丘公園","青森県つがる市木造千代町99-1","40.809125","140.387695"
"遠山コミュニティ消防センター","青森県つがる市木造千代田米盛65-2","40.8226","140.335183"
"千代田コミュニティ消防センター","青森県つがる市木造千代田末長40-1","40.821356","140.338535"
"木造農村環境改善センター","青森県つがる市木造千年33","40.814456","140.378723"
"川除コミュニティ消防センター","青森県つがる市木造川除栄盛87-3","40.82769","140.409586"
"石館・堅固コミュニティ消防センター","青森県つがる市木造善積藤田36-1","40.855186","140.363337"
"善積コミュニティ消防センター","青森県つがる市木造善積萩田51-3","40.855822","140.372087"
"大湯町コミュニティ消防センター","青森県つがる市木造大湯町清水24-1","40.869452","140.335497"
"林コミュニティ消防センター","青森県つがる市木造大畑宮崎32-3","40.8407","140.356396"
"大畑コミュニティ消防センター","青森県つがる市木造大畑朽葉222","40.836989","140.360599"
"瑞穂小学校グランド","青森県つがる市木造大畑座八1","40.838444","140.358891"
"瑞穂小学校","青森県つがる市木造大畑座八1","40.838971","140.358172"
"土滝コミュニティ消防センター","青森県つがる市木造土滝稲葉192-2","40.827219","140.359324"
"筒木坂コミュニティ消防センター","青森県つがる市木造筒木坂松本181-1","40.901352","140.339944"
"ひなた児童会館","青森県つがる市木造日向61-4","40.810553","140.389808"
"向陽小学校グランド","青森県つがる市木造日向62-1","40.811685","140.389284"
"向陽小学校","青森県つがる市木造日向62-1","40.812067","140.390282"
"木造高等学校","青森県つがる市木造日向73-2","40.810527","140.392625"
"木造高等学校グランド","青森県つがる市木造日向73-2","40.810125","140.390865"
"木造中学校グランド","青森県つがる市木造浮巣20","40.814039","140.388938"
"木造中学校","青森県つがる市木造浮巣20","40.812813","140.389571"
"福原コミュニティ消防センター","青森県つがる市木造福原妻元33-1","40.793176","140.330981"
"平滝コミュニティ消防センター","青森県つがる市木造平滝宝滝3-1","40.911017","140.34791"
"今市コミュニティ消防センター","青森県つがる市木造豊田網代31-2","40.842441","140.401975"
"縄文公園","青森県つがる市木造房松8-6","40.802444","140.387135"
"蓮花田コミュニティ消防センター","青森県つがる市木造蓮花田駒ケ宿38-2","40.826973","140.374193"
"蓮川コミュニティ消防センター","青森県つがる市木造蓮川宝船3-13","40.832704","140.39376"
"旭町児童公園","青森県むつ市旭町243-1","41.287226","141.177769"
"宇田児童公園","青森県むつ市宇田町210","41.256272","141.144077"
"水源池公園","青森県むつ市宇田町368","41.258849","141.139164"
"旧金谷沢小学校グラウンド","青森県むつ市奥内字金谷沢1-28","41.228389","141.252263"
"近川中学校グラウンド","青森県むつ市奥内字江豚沢1-2","41.19646","141.273322"
"奥内小学校グラウンド","青森県むつ市奥内字中野40","41.206167","141.273338"
"横迎町児童公園","青森県むつ市横迎町2-229","41.294163","141.219888"
"田名部高等学校グラウンド","青森県むつ市海老川町6-18","41.288389","141.202852"
"旧烏沢小学校グラウンド","青森県むつ市関根字安畑49-1","41.381381","141.198074"
"関根小学校グラウンド","青森県むつ市関根字北関根100-1","41.355905","141.20407"
"関根浜漁民研修センター広場","青森県むつ市関根字北関根313-61","41.370264","141.221198"
"苫生小学校グラウンド","青森県むつ市金曲1-5-10","41.284142","141.208656"
"金谷公園","青森県むつ市金谷1-330-1","41.295389","141.199756"
"むつ中学校グラウンド","青森県むつ市栗山町17-2","41.306738","141.20622"
"大湊中学校グラウンド","青森県むつ市桜木町19-1","41.254336","141.134515"
"むつ運動公園","青森県むつ市山田町43-1","41.293756","141.171798"
"小川町第二白百合保育園園庭","青森県むつ市小川町1-15-13","41.295591","141.203658"
"第二田名部小学校グラウンド","青森県むつ市小川町1-18-10","41.297085","141.201115"
"代官山公園","青森県むつ市小川町2-57","41.295981","141.21015"
"旧城ヶ沢小学校グラウンド","青森県むつ市城ケ沢字畑下丁塚1","41.227169","141.131641"
"旧角違小中学校グラウンド","青森県むつ市城ケ沢字流道14-60","41.210019","141.088523"
"新町児童公園","青森県むつ市新町206","41.289767","141.20979"
"禄寿荘屋外","青森県むつ市新町32-36","41.289022","141.21272"
"ダイナムむつ店","青森県むつ市赤川町13-1","41.265646","141.214812"
"川守町児童公園","青森県むつ市川守町20-1","41.26685","141.150947"
"大湊高等学校川内校舎グラウンド","青森県むつ市川内町家ノ上48","41.196131","140.969939"
"旧畑小学校グラウンド","青森県むつ市川内町家ノ辺100-87","41.301368","140.956158"
"旧蛎崎小学校グラウンド","青森県むつ市川内町蛎崎合野74-1","41.165222","140.891888"
"川内中学校グラウンド","青森県むつ市川内町休所5-1","41.200486","140.984722"
"旧第一川内小学校グラウンド","青森県むつ市川内町熊ケ平1-3","41.198435","141.008912"
"旧宿野部小学校グラウンド","青森県むつ市川内町宿野部榀木平56-13","41.176605","140.940645"
"旧桧川小学校グラウンド","青森県むつ市川内町川代225-1","41.193427","140.964295"
"ふれあい広場","青森県むつ市川内町中道129","41.203058","140.991168"
"旧湯野川小学校グラウンド","青森県むつ市川内町湯野川3-3","41.313748","140.957564"
"旧第二川内小学校グラウンド","青森県むつ市川内町立越4-17","41.234281","140.989446"
"川内体育館グラウンド","青森県むつ市川内町榀木153","41.201612","141.00179"
"大曲コミュニティセンターグラウンド","青森県むつ市大曲2-1-1","41.264887","141.223952"
"薬研公共駐車場","青森県むつ市大畑町","41.381597","141.070316"
"大畑中央公園","青森県むつ市大畑町","41.411399","141.160482"
"老人福祉センター駐車場","青森県むつ市大畑町","41.38591","141.050584"
"大畑小学校グラウンド","青森県むつ市大畑町伊勢堂1-1","41.403832","141.168157"
"大畑地区防災広場","青森県むつ市大畑町伊勢堂1-6","41.404465","141.168558"
"総合福祉センター屋外","青森県むつ市大畑町観音堂25-1","41.400114","141.157319"
"関根橋地区公民館屋外","青森県むつ市大畑町関根橋14","41.379122","141.148457"
"本町町内会館屋外","青森県むつ市大畑町庚申堂9-7","41.401647","141.161406"
"高橋川コミュニティセンター屋外","青森県むつ市大畑町高橋川30-7","41.394401","141.133189"
"旧佐助川小学校グラウンド","青森県むつ市大畑町佐助川22-2","41.446738","141.122437"
"木野部地区公民館屋外","青森県むつ市大畑町佐助川29-3","41.442295","141.126802"
"下北自然の家グラウンド","青森県むつ市大畑町佐助川399","41.447729","141.115797"
"旧小目名小学校グラウンド","青森県むつ市大畑町小目名家ノ下1","41.389089","141.121856"
"小目名地区公民館屋外","青森県むつ市大畑町小目名村54","41.391779","141.124075"
"上野町内会館屋外","青森県むつ市大畑町上野85","41.404295","141.172141"
"新町町内会館屋外","青森県むつ市大畑町新町99-1","41.404561","141.160639"
"㈲渡辺水産駐車場","青森県むつ市大畑町水木沢34-26","41.399964","141.174028"
"優婆寺駐車場","青森県むつ市大畑町正津川87-2","41.387862","141.189133"
"旧関根橋小学校グラウンド","青森県むつ市大畑町正津川大畑道31-4","41.380668","141.148381"
"正津川小学校グラウンド","青森県むつ市大畑町正津川平114-20","41.393627","141.181999"
"正津川児童館屋外","青森県むつ市大畑町正津川平114-64","41.394475","141.182424"
"正津川地区公民館屋外","青森県むつ市大畑町正津川平87-10","41.390584","141.184238"
"赤川地区公民館屋外","青森県むつ市大畑町赤川3-4","41.454645","141.115888"
"孫次郎間地区公民館屋外","青森県むつ市大畑町孫次郎間19-24","41.41407","141.162785"
"大畑体育館屋外","青森県むつ市大畑町中島108-5","41.404799","141.16837"
"大畑中央保育園園庭","青森県むつ市大畑町中島4-4","41.407112","141.164794"
"中島児童公園","青森県むつ市大畑町中島72-2","41.405933","141.16938"
"中島児童館グラウンド","青森県むつ市大畑町中島72-2","41.406221","141.169053"
"中島町内会館屋外","青森県むつ市大畑町中島80-16","41.405125","141.165727"
"二枚橋地区公民館屋外","青森県むつ市大畑町釣屋浜16-2","41.419491","141.153187"
"二枚橋区域地域防災広場","青森県むつ市大畑町釣屋浜22-37","41.416445","141.155889"
"二枚橋小学校グラウンド","青森県むつ市大畑町釣屋浜22-72","41.419649","141.15135"
"大畑中学校グラウンド","青森県むつ市大畑町兎沢17-7","41.393626","141.155761"
"湯坂下町内会館屋外","青森県むつ市大畑町湯坂下9-4","41.406504","141.158411"
"湯坂下児童館グラウンド","青森県むつ市大畑町湯坂下9-4","41.406547","141.158686"
"東町町内会屋外","青森県むつ市大畑町筒万坂56-7","41.40349","141.167319"
"大安寺敷地内","青森県むつ市大畑町本町80-20","41.397577","141.163637"
"湊町内会館屋外","青森県むつ市大畑町湊村159-4","41.406813","141.169826"
"大畑コミュニティセンター屋外","青森県むつ市大畑町湊村165-8","41.410248","141.167237"
"大平小学校グラウンド","青森県むつ市大平町8-6","41.285305","141.170652"
"宇曽利川児童公園","青森県むつ市大湊字宇曽利川村42","41.238728","141.126645"
"大湊高等学校グラウンド","青森県むつ市大湊字大近川44-84","41.250345","141.128479"
"大湊小学校グラウンド","青森県むつ市大湊上町43-32","41.268227","141.153196"
"上町児童公園","青森県むつ市大湊上町5","41.274848","141.155124"
"中央団地南緑地","青森県むつ市中央2-118-67","41.292418","141.180865"
"中央団地北緑地","青森県むつ市中央2-312-14","41.292705","141.178956"
"旧中野沢小学校グラウンド","青森県むつ市中野沢字上山道8-25","41.181418","141.288965"
"第三田名部小学校グラウンド","青森県むつ市田名部字赤川ノ内並木14-196","41.271093","141.221571"
"むつ工業高等学校グラウンド","青森県むつ市文京町22-7","41.288546","141.167408"
"文京児童公園","青森県むつ市文京町224","41.286029","141.168884"
"大平中学校グラウンド","青森県むつ市並川町2-4","41.285746","141.164771"
"柳町児童公園","青森県むつ市柳町1-296","41.29721","141.215621"
"むつ市イベント広場","青森県むつ市柳町1-323-4","41.297513","141.217098"
"柳町ひまわり保育園園庭","青森県むつ市柳町1-9-13","41.297358","141.215567"
"むつ北児童公園","青森県むつ市柳町2-155","41.29953","141.212686"
"第一田名部小学校グラウンド","青森県むつ市柳町2-7-1","41.300142","141.212716"
"田名部中学校グラウンド","青森県むつ市緑町22-8","41.285973","141.199856"
"海老川コミュニティセンター屋外","青森県むつ市緑町3-1","41.289831","141.195621"
"寄浪高台","青森県むつ市脇野沢","41.130159","140.805242"
"新井田高台","青森県むつ市脇野沢","41.134157","140.813326"
"蛸田高台","青森県むつ市脇野沢","41.134781","140.79312"
"小沢鹿間平高台","青森県むつ市脇野沢","41.168382","140.877851"
"小沢稲平高台","青森県むつ市脇野沢","41.164436","140.864049"
"旧九艘泊小学校グラウンド","青森県むつ市脇野沢九艘泊110","41.144092","140.774871"
"脇野沢八幡宮境内","青森県むつ市脇野沢桂沢18-1","41.146771","140.824827"
"旧脇野沢小学校グラウンド","青森県むつ市脇野沢桂沢71-1","41.14642","140.821372"
"源藤城神社","青森県むつ市脇野沢源藤城25","41.180667","140.800759"
"旧小沢小学校グラウンド","青森県むつ市脇野沢小サ沢1-9","41.167549","140.871645"
"愛宕山公園","青森県むつ市脇野沢瀬野川目1-1","41.140488","140.821604"
"脇野沢総合運動場","青森県むつ市脇野沢瀬野川目152","41.141099","140.816939"
"脇野沢中学校グラウンド","青森県むつ市脇野沢瀬野川目85-2","41.141333","140.815477"
"滝山倉庫広場","青森県むつ市脇野沢滝山315","41.175399","140.798506"
"旧大豆田小学校校庭","青森県横浜町字家ノ前川目30-3","41.112676","141.254918"
"横浜中学校校庭","青森県横浜町字上イタヤノ木91-17","41.077839","141.26204"
"旧南部小学校グラウンド","青森県横浜町字吹越82-1","41.030987","141.246175"
"旧有畑小学校校庭","青森県横浜町字苗代川目14","41.131344","141.274567"
"烏帽子平自然の家グラウンド","青森県横浜町字明神平183","41.01193","141.288388"
"横浜小学校校庭","青森県横浜町字林ノ後32-1","41.085322","141.254796"
"菜の花プラザ駐車場","青森県横浜町字林ノ脇79-12","41.084131","141.257107"
"蒼前集会所","青森県階上町蒼前西3-9-1108","40.476125","141.575315"
"石鉢ふれあい交流館","青森県階上町蒼前東7-9-4","40.466575","141.579838"
"石鉢小学校","青森県階上町大字角柄折字石鉢14-2","40.459741","141.578042"
"新田集会所","青森県階上町大字金山沢字新田1-9","40.441437","141.564182"
"金山沢水郷館","青森県階上町大字金山沢字大畑17-1","40.439085","141.538926"
"赤保内小学校","青森県階上町大字赤保内字耳ケ吠6-1","40.449952","141.614505"
"階上中学校","青森県階上町大字赤保内字柳沢15-2","40.448957","141.61316"
"中央体育館","青森県階上町大字鳥屋部字狐平8","40.431926","141.577354"
"森の交流館","青森県階上町大字鳥屋部字行人17-2","40.427468","141.578472"
"階上小学校","青森県階上町大字鳥屋部字大鶴音1-2","40.435754","141.577598"
"田代集会所","青森県階上町大字田代字蛇平19-11","40.398049","141.526582"
"道仏公民館","青森県階上町大字道仏字横沢15-4","40.453465","141.661893"
"道仏交流センター","青森県階上町大字道仏字横沢15-4","40.453187","141.661668"
"津波緊急避難場所（道仏公民館）","青森県階上町大字道仏字横沢15-4","40.453466","141.661891"
"津波緊急避難場所（榊山）","青森県階上町大字道仏字横沢33-5","40.457532","141.659982"
"道仏小学校","青森県階上町大字道仏字外窪21-1","40.448288","141.652736"
"津波緊急避難場所（榊平）","青森県階上町大字道仏字榊平4-67","40.463389","141.655833"
"赤保内集会所","青森県階上町大字道仏字耳ケ吠31-3","40.452438","141.614943"
"耳ヶ吠東集会所","青森県階上町大字道仏字耳ケ吠6-677","40.458045","141.617898"
"津波緊急避難場所（第１分団屯所）","青森県階上町大字道仏字鹿倉81-2","40.451418","141.668302"
"津波緊急避難場所（大蛇２）","青森県階上町大字道仏字大蛇129-9","40.467701","141.645873"
"津波緊急避難場所（大蛇１）","青森県階上町大字道仏字大蛇193-26","40.471692","141.639395"
"大蛇三地区集会所","青森県階上町大字道仏字大蛇32-22","40.467692","141.648793"
"津波緊急避難場所（沢前戸）","青森県階上町大字道仏字沢前戸1-1","40.448593","141.673252"
"町民体育館","青森県階上町大字道仏字天当平1-150","40.453609","141.622782"
"ハートフルプラザ・はしかみ","青森県階上町大字道仏字天当平1-182","40.45303","141.622927"
"階上町役場","青森県階上町大字道仏字天当平1-87","40.452466","141.620989"
"津波緊急避難場所（二ノ窪）","青森県階上町大字道仏字浜久保11-3","40.464257","141.65321"
"津波緊急避難場所（アスナ公園）","青森県階上町大字道仏字浜久保33-4","40.465453","141.649027"
"道仏中学校","青森県階上町大字道仏字蓬窪4-7","40.452212","141.656489"
"わっせ交流センター","青森県階上町大字平内字上道1-1","40.413027","141.546203"
"蟹田中学校","青森県外ヶ浜町字蟹田田ノ沢78","41.036384","140.64267"
"蟹田小学校","青森県外ヶ浜町字蟹田鰐ケ淵24-2","41.043203","140.634506"
"三厩中学校","青森県外ヶ浜町字三厩下平5-1","41.228204","140.399509"
"旧三厩小学校","青森県外ヶ浜町字三厩桃ケ丘1","41.193626","140.433655"
"平舘交流センター（旧平舘小学校）","青森県外ヶ浜町字平舘根岸小川251","41.146488","140.634978"
"旧平舘中学校","青森県外ヶ浜町字平舘根岸湯の沢55-1","41.148684","140.633525"
"町立公民館駐車場","青森県五戸町字下モ沢向8-2","40.523734","141.303344"
"歴史みらいパーク駐車場","青森県五戸町字舘1-1","40.523456","141.298705"
"旧蛯川小学校グラウンド","青森県五戸町字熊野林32","40.540231","141.322535"
"五戸町役場駐車場","青森県五戸町字古舘21-1","40.530606","141.308239"
"五戸高等学校グラウンド","青森県五戸町字根岸6","40.531419","141.292174"
"㈲平盛建運駐車場","青森県五戸町字鮫ノ口18-6","40.538063","141.334245"
"立場公園","青森県五戸町字神明後15","40.51618","141.303235"
"川原町広場","青森県五戸町字川原町36-1","40.525558","141.297749"
"五戸小学校グラウンド","青森県五戸町字天満後22-1","40.526918","141.304118"
"稲荷神社境内","青森県五戸町字野月2","40.520577","141.29704"
"ひまわり団地内西側","青森県五戸町字鍜冶屋窪","40.532641","141.315902"
"下新井田自治会館前","青森県五戸町字鍜冶屋窪154","40.534751","141.319143"
"社会福祉センター駐車場","青森県五戸町字鍜冶屋窪上ミ36","40.526432","141.310791"
"手倉橋農村公園","青森県五戸町大字手倉橋字椛ノ木24-1","40.45458","141.255689"
"手倉橋防災行政無線付近","青森県五戸町大字手倉橋字南手倉橋4","40.453841","141.264718"
"髙山好美宅付近","青森県五戸町大字手倉橋字鉢森11-2","40.449554","141.248876"
"北市川自治会館前","青森県五戸町大字上市川字家ノ後4-1","40.558972","141.38468"
"上市川団地オンコ公園","青森県五戸町大字上市川字外ノ沢249","40.558312","141.402249"
"上市川小学校グラウンド","青森県五戸町大字上市川字御兵糧3","40.562646","141.398131"
"㈱スーパーハウス八戸工場","青森県五戸町大字上市川字三方塚48-63","40.565188","141.366501"
"川内中学校グラウンド","青森県五戸町大字上市川字赤川々原1","40.553919","141.378079"
"㈱アオモリパイル八戸工場","青森県五戸町大字上市川字大タルミ97-2","40.58154","141.402005"
"北市川農村公園","青森県五戸町大字上市川字大峯嶽58","40.563152","141.383978"
"農村環境改善センター瑞穂館駐車場","青森県五戸町大字上市川字中坪1-1","40.55252","141.378229"
"デイサービスセンターコスモス駐車場","青森県五戸町大字上市川字中坪37","40.55161","141.382475"
"池ノ堂自治会館駐車場","青森県五戸町大字上市川字畑田12-3","40.568572","141.400192"
"石呑生活館付近","青森県五戸町大字上市川字鳩岡平66-292","40.567489","141.412795"
"中区公民館前","青森県五戸町大字上市川字明神平2-11","40.553532","141.391568"
"プライフーズ㈱五戸加工食品工場駐車場","青森県五戸町大字切谷内字外ノ沢38-4","40.555305","141.348296"
"切谷内小学校グラウンド","青森県五戸町大字切谷内字高田川原24-1","40.549839","141.357201"
"菖蒲川自治会館前","青森県五戸町大字切谷内字菖蒲川前谷地37-3","40.551231","141.370686"
"切谷内児童クラブグラウンド","青森県五戸町大字切谷内字切谷内村100-2","40.547095","141.356723"
"大久木農村公園","青森県五戸町大字切谷内字大久木32-2","40.537616","141.354175"
"大森集会所前","青森県五戸町大字切谷内字大森52-52","40.5498","141.338277"
"ホクト化学工業㈱","青森県五戸町大字切谷内字大畑107-96","40.560618","141.364436"
"川﨑青果㈱駐車場","青森県五戸町大字切谷内字大畑5-1","40.556549","141.363737"
"佐野絆会館前","青森県五戸町大字切谷内字淋代2-2","40.543978","141.343007"
"扇田住民会館前","青森県五戸町大字扇田字高屋敷8-1","40.492001","141.316806"
"デイサービスセンタールピナス前","青森県五戸町大字浅水字下平35-2","40.478518","141.30502"
"浅水下通自治会館前","青森県五戸町大字浅水字下平44-4","40.47817","141.305608"
"豊川小学校跡地","青森県五戸町大字浅水字幸神9-5","40.475314","141.264001"
"旧南小学校グラウンド","青森県五戸町大字浅水字十海塚35","40.484111","141.309301"
"浅水活性化センター駐車場","青森県五戸町大字浅水字浅水119","40.475563","141.302118"
"寳福寺","青森県五戸町大字浅水字浅水42","40.474504","141.297293"
"北上強宅付近","青森県五戸町大字浅水字北向33","40.468728","141.292184"
"ＪＡ全農あおもり三八地域資材配送センター浅田拠点","青森県五戸町大字浅水字六角11-11","40.472675","141.296656"
"給食センター駐車場","青森県五戸町大字倉石石沢字雨原平39-1","40.514393","141.288384"
"旧夢の森ハイランド駐車場","青森県五戸町大字倉石石沢字下雨原平99","40.507602","141.290281"
"風原平生活センター前","青森県五戸町大字倉石石沢字外山40-2","40.533206","141.244254"
"石沢地区公民館駐車場","青森県五戸町大字倉石石沢字石沢107","40.51685","141.282303"
"旧石沢小学校グラウンド","青森県五戸町大字倉石石沢字石沢72","40.514215","141.282506"
"槍沢・鳥沼新田農村公園","青森県五戸町大字倉石石沢字槍沢35-63","40.497327","141.292983"
"高村由蔵宅前","青森県五戸町大字倉石石沢字平山29","40.526042","141.225134"
"浦田協和館前","青森県五戸町大字倉石中市字浦田14","40.498847","141.242503"
"倉石スポーツセンター駐車場","青森県五戸町大字倉石中市字幸神94-1","40.504587","141.248001"
"五戸町保健福祉センター駐車場","青森県五戸町大字倉石中市字幸神道前15","40.50298","141.249876"
"明幸園グラウンド","青森県五戸町大字倉石中市字小渡88-2","40.504884","141.277315"
"向松振興館前","青森県五戸町大字倉石中市字松山5","40.506034","141.268314"
"倉石コミュニティセンター前","青森県五戸町大字倉石中市字上ミ平19-1","40.506689","141.253285"
"倉石中学校グラウンド","青森県五戸町大字倉石中市字上ミ平36","40.505499","141.251701"
"清駒地区開発婦人ホーム前","青森県五戸町大字倉石中市字清三久保7-1","40.524509","141.255854"
"大久保水道揚水場前","青森県五戸町大字倉石中市字大久保平26-2","40.523474","141.244631"
"倉石小学校グラウンド","青森県五戸町大字倉石中市字田茂平40","40.506175","141.254566"
"横倉文化センター前","青森県五戸町大字倉石中市字頭久保26-4","40.514003","141.213227"
"山田平","青森県五戸町大字倉石又重字下モ平43-2","40.491983","141.237371"
"小笠原義高宅前","青森県五戸町大字倉石又重字舘町109-1","40.475785","141.213171"
"舘町秀山会館前","青森県五戸町大字倉石又重字舘町193-1","40.475334","141.214493"
"しらかば前","青森県五戸町大字倉石又重字古川代10-1","40.475902","141.201028"
"儒童寺前","青森県五戸町大字倉石又重字古川代34","40.477207","141.202599"
"古川代農村公園","青森県五戸町大字倉石又重字古川代69","40.475515","141.199789"
"旧又重小学校グラウンド","青森県五戸町大字倉石又重字上川原110-1","40.4812","141.21617"
"太山谷農村公園","青森県五戸町大字倉石又重字上谷地2-1","40.484892","141.224063"
"冬名集落入口交差点（道路）","青森県五戸町大字倉石又重字森ノ上ミ195","40.472567","141.203049"
"森冬振興館前","青森県五戸町大字倉石又重字森田3-1","40.472355","141.203705"
"森山進宅下モ（畑）","青森県五戸町大字倉石又重字森田59-1","40.47261","141.207714"
"新山神社","青森県五戸町大字倉石又重字前平7","40.479886","141.211526"
"本田良徳宅上ミ（畑）","青森県五戸町大字倉石又重字鎗水5-4","40.47777","141.221589"
"谷地中文化センター前","青森県五戸町大字倉石又重字太田35-5","40.485597","141.226047"
"沼沢文化センター前","青森県五戸町大字倉石又重字滝ノ上100","40.465986","141.242814"
"佐々木芳弥宅前（畑）","青森県五戸町大字倉石又重字中崎24","40.501308","141.20846"
"北向農村公園","青森県五戸町大字倉石又重字北向下モ42-1","40.485325","141.235226"
"ごのへ郷土館イベント広場","青森県五戸町大字豊間内字五ケ久保1-3","40.503053","141.346669"
"三浦富男宅下モ（畑）","青森県五戸町大字豊間内字上前田12-2","40.497842","141.349669"
"五戸中学校グラウンド","青森県五戸町大字豊間内字地蔵平1-276","40.509426","141.326043"
"ひばり野公園スポーツ交流センター駐車場・五戸ドーム駐車場","青森県五戸町大字豊間内字地蔵平1-398","40.509062","141.331242"
"ひばり野団地集会所前","青森県五戸町大字豊間内字地蔵平1-776","40.510509","141.314474"
"豊間内地区コミュニティセンター駐車場","青森県五戸町大字豊間内字豊間内2-1","40.502329","141.347899"
"ふなはし児童公園","青森県五所川原市みどり町3-89","40.786213","140.455212"
"コミュニティセンター栄","青森県五所川原市みどり町4-130","40.782986","140.459262"
"やなぎぬま近隣公園","青森県五所川原市みどり町7-88","40.782362","140.45967"
"ふじうら児童公園","青森県五所川原市みどり町8-39","40.780076","140.462647"
"磯松地区津波避難タワー","青森県五所川原市磯松磯野186-1","41.076372","140.32516"
"磯松コミュニティセンター","青森県五所川原市磯松磯野186-1","41.075773","140.325514"
"もや会館","青森県五所川原市磯松山の井115-138","41.083923","140.324722"
"旧金木高等学校市浦分校グラウンド","青森県五所川原市磯松赤川3-42","41.089711","140.324557"
"岩木川河川公園","青森県五所川原市岩木川河川敷","40.812871","140.437431"
"金木東部農村公園","青森県五所川原市金木町芦野318","40.905509","140.466557"
"金木東部地区コミュニティセンター","青森県五所川原市金木町芦野318","40.905169","140.466333"
"芦野公園","青森県五所川原市金木町芦野84-170","40.911199","140.450959"
"金木小学校","青森県五所川原市金木町芦野84-54","40.909284","140.452768"
"金木中学校","青森県五所川原市金木町芦野84-9","40.905236","140.462262"
"嘉瀬農村公園","青森県五所川原市金木町嘉瀬雲雀野351","40.879286","140.458069"
"嘉瀬スキー場","青森県五所川原市金木町嘉瀬上端山崎115-3","40.881594","140.47792"
"嘉瀬老人福祉センター","青森県五所川原市金木町嘉瀬端山崎35-40","40.883615","140.4639"
"嘉瀬コミュニティセンター","青森県五所川原市金木町嘉瀬端山崎76-1","40.882508","140.46184"
"喜良市農村公園","青森県五所川原市金木町喜良市干苅208","40.892682","140.483683"
"喜良市老人福祉センター","青森県五所川原市金木町喜良市坂本476","40.90227","140.475527"
"更生農村公園","青森県五所川原市金木町喜良市坂本56-206","40.909973","140.481327"
"更生研修センター","青森県五所川原市金木町喜良市坂本56-206","40.91021","140.481415"
"喜良市コミュニティセンター","青森県五所川原市金木町喜良市千苅196-3","40.892695","140.484088"
"双葉町コミュニティ消防センター","青森県五所川原市金木町喜良市千苅248-50","40.897391","140.494337"
"蒔田農村公園","青森県五所川原市金木町蒔田桑元101-2","40.908713","140.431723"
"神原コミュニティ消防センター","青森県五所川原市金木町神原小泉126-77","40.912404","140.422484"
"金木公民館","青森県五所川原市金木町菅原367-1","40.896817","140.453788"
"金木オートキャンプ場","青森県五所川原市金木町川倉七夕野84-455","40.918205","140.453633"
"大東ヶ丘コミュニティ消防センター","青森県五所川原市金木町川倉七夕野84-637","40.920938","140.487055"
"大東ケ丘農村公園","青森県五所川原市金木町川倉七夕野84-637","40.920812","140.487277"
"金木運動公園","青森県五所川原市金木町川倉七夕野84-959","40.917664","140.465927"
"川倉ふれあいセンター","青森県五所川原市金木町川倉米出100-1","40.927889","140.452183"
"川倉農村公園","青森県五所川原市金木町川倉林下119","40.928062","140.449906"
"蒔田コミュニティ消防センター","青森県五所川原市金木町沢部396-1","40.908315","140.433713"
"中柏木コミュニティ消防センター","青森県五所川原市金木町中柏木鎧石141-1","40.873149","140.474777"
"藤枝農村公園","青森県五所川原市金木町藤枝東田430-1","40.918101","140.443182"
"藤枝集会所","青森県五所川原市金木町藤枝東田430-1","40.918207","140.443333"
"中央公民館","青森県五所川原市字一ツ谷504-1","40.80808","140.449021"
"ひとつや児童公園","青森県五所川原市字一ツ谷512-1","40.81051","140.450409"
"ひなた児童公園","青森県五所川原市字一ツ谷526","40.814568","140.451844"
"ひがし児童公園","青森県五所川原市字一ツ谷535","40.813361","140.453972"
"ふじまき児童公園","青森県五所川原市字一ツ谷553","40.809817","140.456409"
"市民体育館","青森県五所川原市字栄町20-1","40.799055","140.443306"
"コミュニティ防災センター","青森県五所川原市字鎌谷町16","40.80556","140.446746"
"かまや児童公園","青森県五所川原市字鎌谷町512","40.806235","140.44978"
"とがわ児童公園","青森県五所川原市字鎌谷町521","40.806595","140.453172"
"北部公園","青森県五所川原市字幾世森192-1","40.822154","140.446448"
"ひまわり児童公園","青森県五所川原市字幾世森51-1","40.819166","140.45067"
"北部コミュニティセンター","青森県五所川原市字幾世森51-1","40.819316","140.450971"
"中央コミュニティセンター","青森県五所川原市字上平井町16","40.811596","140.443042"
"働く婦人の家","青森県五所川原市字新町33-1","40.806359","140.443817"
"立佞武多広場","青森県五所川原市字大町506-4","40.81089","140.443192"
"菊ヶ丘運動公園","青森県五所川原市字不魚住10-1","40.796753","140.441196"
"しきしまコミュニティセンター","青森県五所川原市字敷島町36-28","40.815215","140.446595"
"柳町児童公園","青森県五所川原市字柳町5-1","40.805306","140.441746"
"富士見コミュニティセンター","青森県五所川原市字蓮沼14","40.80038","140.442479"
"平和町児童公園","青森県五所川原市字蓮沼14-28","40.800472","140.442951"
"南小学校","青森県五所川原市字蓮沼2","40.802085","140.443369"
"十三湊発掘調査事務所前グラウンド","青森県五所川原市十三琴湖岳456","41.030556","140.329549"
"十三コミュニティセンター","青森県五所川原市十三深津210","41.030072","140.3272"
"十三地区津波避難タワー","青森県五所川原市十三深津210","41.030248","140.326566"
"十三山子地区高台","青森県五所川原市十三通行道","41.024176","140.326543"
"松島会館","青森県五所川原市松島町2-89","40.80728","140.459458"
"中央小学校","青森県五所川原市松島町2-94","40.806236","140.456128"
"第一中学校","青森県五所川原市松島町3-1","40.807572","140.455322"
"松島団地児童公園","青森県五所川原市松島町7-61","40.806767","140.460273"
"市浦中学校グラウンド","青森県五所川原市相内岩井81","41.059696","140.349284"
"市浦中学校","青森県五所川原市相内岩井81","41.060251","140.3494"
"市浦コミュニティセンター","青森県五所川原市相内岩井81-384","41.059761","140.351506"
"Ｂ＆Ｇ海洋センター市浦","青森県五所川原市相内岩井81-385","41.059555","140.352015"
"基幹集落センター","青森県五所川原市相内岩井81-429","41.054269","140.355989"
"市浦小学校グラウンド","青森県五所川原市相内岩井85","41.054633","140.354652"
"市浦小学校","青森県五所川原市相内岩井85","41.054053","140.354343"
"桂川集会所","青森県五所川原市相内桂川288","41.065008","140.378784"
"太田集会所","青森県五所川原市太田山の井597","41.053133","140.399362"
"一野坪コミュニティセンター","青森県五所川原市大字一野坪字早蕨7-4","40.823762","140.463114"
"青森県立五所川原農林高等学校","青森県五所川原市大字一野坪字朝日田12-37","40.818756","140.485403"
"稲実集会所","青森県五所川原市大字稲実字開野265","40.789374","140.46803"
"コミュニティセンター七和","青森県五所川原市大字羽野木沢字隈無13","40.756047","140.521621"
"第二中学校","青森県五所川原市大字羽野木沢字隈無179-2","40.755761","140.525737"
"三ツ谷コミュニティ消防センター","青森県五所川原市大字姥萢字桜木209-3","40.783356","140.440978"
"栄小学校","青森県五所川原市大字姥萢字船橋156-2","40.789335","140.456778"
"桜田集会所","青森県五所川原市大字沖飯詰字鴻ノ巣282-2","40.841409","140.45898"
"第四中学校","青森県五所川原市大字沖飯詰字男鹿274-1","40.833274","140.46914"
"下岩崎集会所","青森県五所川原市大字下岩崎字尾花原31-9","40.839926","140.484823"
"長者森平和公園","青森県五所川原市大字金山字千代鶴5-61","40.813254","140.510707"
"コミュニティセンター松島","青森県五所川原市大字金山字竹崎48-10","40.80657","140.477868"
"戸沢集会所","青森県五所川原市大字戸沢字玉清水208-2","40.818692","140.505407"
"第三中学校","青森県五所川原市大字広田字藤浦105-1","40.781833","140.463478"
"高瀬コミュニティ消防センター","青森県五所川原市大字高瀬字一本柳111-3","40.833694","140.419423"
"コミュニティセンター三好","青森県五所川原市大字高瀬字鷹ノ爪190-1","40.842215","140.416951"
"狼野長根公園","青森県五所川原市大字持子沢字隠川695-2","40.760993","140.543552"
"持子沢コミュニティ消防センター","青森県五所川原市大字持子沢字笠野前405","40.749446","140.522289"
"三輪小学校","青森県五所川原市大字七ツ館字虫流6-5","40.779433","140.474052"
"漆川体育館","青森県五所川原市大字漆川字鍋懸151-30","40.817844","140.463415"
"小曲集会所","青森県五所川原市大字小曲字豊里176","40.813566","140.430381"
"若山集会所","青森県五所川原市大字松野木字影日83-3","40.809684","140.51817"
"五所川原小学校","青森県五所川原市大字新宮字岡田161","40.821804","140.438934"
"東峰小学校","青森県五所川原市大字神山字山越1-26","40.787947","140.517051"
"津軽フラワーセンター","青森県五所川原市大字神山字殊ノ峰117-602","40.798298","140.522499"
"コミュニティセンター長橋","青森県五所川原市大字神山字鶉野34-2","40.790848","140.513334"
"水野尾コミュニティ消防センター","青森県五所川原市大字水野尾字宮井36-3","40.795663","140.480779"
"コミュニティセンター中川","青森県五所川原市大字川山字森内395","40.83757","140.439028"
"前田野目集会所","青森県五所川原市大字前田野目字長峰28","40.754145","140.551535"
"藻川コミュニティ消防センター","青森県五所川原市大字藻川字中島2-1","40.862301","140.406422"
"中泉集会所","青森県五所川原市大字中泉字松枝88","40.761241","140.497078"
"長富コミュニティ消防センター","青森県五所川原市大字長富字鎧石167-4","40.86466","140.458023"
"三好小学校","青森県五所川原市大字鶴ケ岡字唐橋25-2","40.84886","140.41004"
"サンビレッジ五所川原","青森県五所川原市大字唐笠柳字藤巻507-6","40.797104","140.457796"
"梅沢コミュニティセンター","青森県五所川原市大字梅田字燕口118-3","40.765566","140.4775"
"青森職業能力開発短期大学校","青森県五所川原市大字飯詰字狐野171-2","40.819497","140.49616"
"五所川原運動公園","青森県五所川原市大字飯詰字狐野177-1","40.821805","140.495867"
"いずみ小学校","青森県五所川原市大字飯詰字石田184","40.835256","140.491974"
"コミュニティセンター飯詰","青森県五所川原市大字飯詰字福泉166-1","40.830615","140.487637"
"毘沙門・長富コミュニティセンター","青森県五所川原市大字毘沙門字熊石30-2","40.85221","140.457451"
"福山コミュニティ消防センター","青森県五所川原市大字福山字広富165-3","40.77971","140.508743"
"松島小学校","青森県五所川原市大字米田字八ツ橋8","40.80475","140.47433"
"みなとコミュニティセンター","青森県五所川原市大字湊字千鳥90","40.795051","140.44706"
"青森県立五所川原工科高等学校","青森県五所川原市大字湊字船越192","40.791279","140.446501"
"南部コミュニティセンター","青森県五所川原市中央4-130","40.796481","140.451208"
"市浦老人生きがいセンター","青森県五所川原市脇元赤川113-1","41.091019","140.321754"
"愛宕多目的集会所","青森県弘前市愛宕字山下42-1","40.627536","140.407984"
"西小学校グラウンド","青森県弘前市茜町3-2-1","40.600496","140.445072"
"西小学校","青森県弘前市茜町3-2-1","40.601021","140.444842"
"青柳小学校","青森県弘前市悪戸字村元7-2","40.591069","140.426754"
"青柳小学校グラウンド","青森県弘前市悪戸字村元7-2","40.591445","140.426443"
"旭ケ丘児童公園","青森県弘前市旭ケ丘2-2-35","40.581392","140.460061"
"安原第一児童公園","青森県弘前市安原2-103-1","40.577326","140.486566"
"安原第二児童公園","青森県弘前市安原3-5","40.574597","140.487439"
"一野渡集落農事集会所","青森県弘前市一野渡字岡本16-2","40.544707","140.457935"
"城東第三児童公園","青森県弘前市稲田1-103","40.602148","140.487635"
"富士見児童公園","青森県弘前市栄町4-5-7","40.618473","140.469428"
"駅前北公園","青森県弘前市駅前2-103-1","40.603009","140.480815"
"ヒロロスクエア","青森県弘前市駅前町9-20","40.597372","140.481709"
"鷹揚園","青森県弘前市下白銀町1","40.608072","140.463767"
"市民会館","青森県弘前市下白銀町1-6","40.604894","140.462252"
"弘前文化センター","青森県弘前市下白銀町19-4","40.606996","140.46929"
"弘前市立観光館","青森県弘前市下白銀町2-1","40.603075","140.465289"
"岩木総合支所","青森県弘前市賀田1-1-1","40.616184","140.421645"
"賀田西公園","青森県弘前市賀田1-10","40.616577","140.417049"
"中央公民館岩木館","青森県弘前市賀田1-18-3","40.616571","140.419502"
"岩木文化センター","青森県弘前市賀田1-18-4","40.616774","140.420249"
"賀田南公園","青森県弘前市賀田2-103","40.61459","140.419688"
"外崎児童公園","青森県弘前市外崎2-103","40.598858","140.496914"
"岩木いきいきパーク","青森県弘前市葛原字大柳294-1","40.628972","140.390168"
"岩賀公園","青森県弘前市岩賀1-8-1","40.644775","140.481119"
"鬼沢研修会館","青森県弘前市鬼沢字後田191","40.689162","140.412738"
"堂ケ沢町民会館","青森県弘前市鬼沢字山ノ越202","40.69466","140.408468"
"自得小学校グラウンド","青森県弘前市鬼沢字菖蒲沢109-4","40.685968","140.41359"
"自得小学校","青森県弘前市鬼沢字菖蒲沢109-4","40.685755","140.414067"
"吉川研修会館","青森県弘前市吉川字村元21-2","40.587264","140.344672"
"土淵川吉野町緑地","青森県弘前市吉野町2-7","40.598709","140.472283"
"桔梗野小学校グラウンド","青森県弘前市桔梗野2-21","40.592464","140.462013"
"桔梗野小学校","青森県弘前市桔梗野2-21","40.592077","140.462662"
"あけぼの児童公園","青森県弘前市桔梗野3-10","40.590507","140.461055"
"時敏小学校","青森県弘前市宮園1-5-1","40.614076","140.476784"
"時敏小学校グラウンド","青森県弘前市宮園1-5-1","40.613296","140.476661"
"宮園団地第二児童公園","青森県弘前市宮園4-2-10","40.618412","140.47902"
"宮園団地第一児童公園","青森県弘前市宮園5-7-4","40.618529","140.476032"
"宮川第四児童公園","青森県弘前市宮川2-103","40.61277","140.486558"
"宮川第五児童公園","青森県弘前市宮川3-103","40.615096","140.487607"
"宮地研修館","青森県弘前市宮地字宮本150-6","40.618017","140.391224"
"宮地農村公園","青森県弘前市宮地字宮本159-1","40.617714","140.391896"
"小沢児童公園","青森県弘前市金属町5-6","40.577832","140.441725"
"岩木Ｂ＆Ｇ海洋センター","青森県弘前市兼平字猿沢32-11","40.605345","140.4137"
"宮川第六児童公園","青森県弘前市堅田2-103","40.617215","140.491439"
"堅田児童公園","青森県弘前市堅田4-12-18","40.614195","140.491639"
"元薬師堂農村公園","青森県弘前市元薬師堂32","40.628459","140.44561"
"千年交流センター","青森県弘前市原ケ平5-1-13","40.565153","140.472204"
"弘前学院聖愛中学高等学校　屋外","青森県弘前市原ケ平字山元112-21","40.571439","140.467807"
"南中学校","青森県弘前市原ケ平字山中20-13","40.567366","140.466447"
"南中学校グラウンド","青森県弘前市原ケ平字山中20-13","40.56823","140.466472"
"市民体育館","青森県弘前市五十石町7","40.608308","140.458865"
"相馬総合支所","青森県弘前市五所字野沢41-1","40.5855","140.396737"
"五代農村公園","青森県弘前市五代字山本736","40.612115","140.405026"
"五代多目的集会所","青森県弘前市五代字沼田136","40.612645","140.409169"
"岩木小学校グラウンド","青森県弘前市五代字前田451","40.612","140.418851"
"岩木小学校","青森県弘前市五代字前田451","40.613226","140.418717"
"津軽中学校","青森県弘前市五代字早稲田478","40.61824","140.414289"
"津軽中学校グラウンド","青森県弘前市五代字早稲田478","40.617994","140.415568"
"大成小学校グラウンド","青森県弘前市御幸町13-1","40.595247","140.475485"
"大成小学校","青森県弘前市御幸町13-1","40.594648","140.476161"
"桜づつみ公園","青森県弘前市向外瀬地内","40.620312","140.469608"
"広野第三公園","青森県弘前市広野1-102","40.570123","140.491712"
"糠坪農村公園","青森県弘前市糠坪字矢作69","40.677531","140.436259"
"高照神社","青森県弘前市高岡字神馬野87-1","40.623174","140.354664"
"であいの家あうん","青森県弘前市高屋字安田735-3","40.620789","140.429295"
"北辰中学校グラウンド","青森県弘前市高杉字五反田191","40.662968","140.435668"
"北辰中学校","青森県弘前市高杉字五反田191","40.662543","140.435502"
"四ツ谷農村公園","青森県弘前市高杉字五反田274-12","40.666364","140.435602"
"高杉小学校","青森県弘前市高杉字神原7-1","40.657717","140.43433"
"高杉小学校グラウンド","青森県弘前市高杉字神原7-1","40.658236","140.43484"
"高田公園","青森県弘前市高田1-103","40.599052","140.500351"
"城東第十二児童公園","青森県弘前市高田2-103","40.598433","140.503342"
"城東第十三児童公園","青森県弘前市高田5-103-1","40.595634","140.506252"
"高野集会所","青森県弘前市高野字山元69-2","40.59547","140.35999"
"国吉農業多目的集会施設","青森県弘前市国吉字村元37-1","40.592777","140.347618"
"黒滝担い手センター","青森県弘前市黒滝字一ノ川瀬17","40.589831","140.402456"
"相馬小学校グラウンド","青森県弘前市黒滝字二ノ松本2-4","40.58343","140.400715"
"相馬小学校","青森県弘前市黒滝字二ノ松本2-4","40.583799","140.399569"
"黒土コミュニティセンター","青森県弘前市黒土字川合131-1","40.591617","140.343464"
"細越町民会館","青森県弘前市細越字早稲田17-2","40.637685","140.408109"
"船沢小学校グラウンド","青森県弘前市細越字早稲田42","40.639916","140.414536"
"船沢小学校","青森県弘前市細越字早稲田42","40.640574","140.413712"
"朝陽小学校グラウンド","青森県弘前市在府町36","40.597688","140.461508"
"朝陽小学校","青森県弘前市在府町36","40.598092","140.46095"
"坂元集会所","青森県弘前市坂元字山下81-2","40.553645","140.432434"
"桜ケ丘第三児童公園","青森県弘前市桜ケ丘1-8-16","40.576589","140.450907"
"桜ケ丘第一児童公園","青森県弘前市桜ケ丘2-10-9","40.573048","140.449108"
"桜ケ丘第二児童公園","青森県弘前市桜ケ丘3-7-9","40.572575","140.451308"
"桜ケ丘中央公園","青森県弘前市桜ケ丘4-14","40.574351","140.452638"
"笹舘農村公園","青森県弘前市笹舘字福山46","40.739205","140.392502"
"山崎児童公園","青森県弘前市山崎2-4-35","40.576703","140.468721"
"相馬中学校グラウンド","青森県弘前市紙漉沢字山越48","40.579111","140.388827"
"相馬中学校","青森県弘前市紙漉沢字山越48","40.579643","140.388821"
"自由ヶ丘公園","青森県弘前市自由ケ丘1-9-10","40.5827","140.44802"
"蒔苗町民会館","青森県弘前市蒔苗字福岡67-1","40.633112","140.434082"
"新和中学校","青森県弘前市種市字小島57-2","40.706487","140.42998"
"新和中学校グラウンド","青森県弘前市種市字小島57-2","40.706312","140.428987"
"新和地区体育文化交流センター","青森県弘前市種市字木幡387","40.703572","140.430066"
"第四中学校","青森県弘前市樹木5-2-6","40.588689","140.459326"
"第四中学校グラウンド","青森県弘前市樹木5-2-6","40.588681","140.460388"
"十腰内集会所","青森県弘前市十腰内字猿沢175","40.751991","140.336092"
"三日月公民館","青森県弘前市十腰内字野中446-1","40.750079","140.34999"
"裾野小学校","青森県弘前市十面沢字轡293","40.718707","140.357743"
"裾野小学校グラウンド","青森県弘前市十面沢字轡293","40.717237","140.357575"
"十面沢農業研修会館","青森県弘前市十面沢字轡72-3","40.728934","140.349772"
"裾野地区体育文化交流センター","青森県弘前市十面沢字轡8-9","40.719215","140.358465"
"十面沢農村公園","青森県弘前市十面沢字沢田92-1","40.725336","140.35298"
"裾野中学校グラウンド","青森県弘前市十面沢字湯ケ森40","40.71942","140.360829"
"裾野中学校","青森県弘前市十面沢字湯ケ森40","40.720081","140.360703"
"南部清掃工場","青森県弘前市小金崎字川原田54","40.542675","140.548703"
"小金崎研修センター","青森県弘前市小金崎字留岡44-2","40.543576","140.551502"
"芹沢多目的広場","青森県弘前市小栗山字芹沢地内","40.555153","140.493054"
"千年公民館","青森県弘前市小栗山字川合115-1","40.565518","140.484588"
"千年小学校グラウンド","青森県弘前市小栗山字川合119-7","40.567424","140.487715"
"千年小学校","青森県弘前市小栗山字川合119-7","40.567463","140.486968"
"清水公民館","青森県弘前市小沢字御笠見46-10","40.560687","140.434802"
"小沢農村公園","青森県弘前市小沢字御笠見60-7","40.561","140.433846"
"小比内第三児童公園","青森県弘前市小比内5-103","40.584775","140.495295"
"小友農村公園","青森県弘前市小友字宇田野199-1","40.710946","140.414008"
"松原小学校グラウンド","青森県弘前市松原東2-17","40.573424","140.482016"
"松原小学校","青森県弘前市松原東2-17","40.574113","140.481866"
"松原児童公園","青森県弘前市松原東2-17","40.574289","140.481445"
"弘前市役所","青森県弘前市上白銀町1-1","40.60305","140.46407"
"城西住宅団地北部児童公園","青森県弘前市城西2-5","40.606863","140.450302"
"城西住宅団地西部児童公園","青森県弘前市城西3-103","40.603767","140.447559"
"城西住宅団地中央公園","青森県弘前市城西4-103","40.6043","140.450523"
"城西住宅団地東部児童公園","青森県弘前市城西5-6","40.603573","140.452712"
"城東第六児童公園","青森県弘前市城東3-103","40.595198","140.487923"
"城東第七児童公園","青森県弘前市城東4-103","40.594402","140.490373"
"城東ふれあい公園","青森県弘前市城東5-103","40.592551","140.492787"
"城東第一児童公園","青森県弘前市城東中央2-103","40.599891","140.490342"
"城東第二児童公園","青森県弘前市城東中央3-103","40.600144","140.493149"
"東小学校","青森県弘前市城東中央5-6-1","40.601437","140.498786"
"東小学校グラウンド","青森県弘前市城東中央5-6-1","40.602031","140.498964"
"長四郎公園","青森県弘前市城東北2-103","40.603706","140.493638"
"城東第五児童公園","青森県弘前市城東北3-103","40.604592","140.497012"
"上二ツ堤児童公園","青森県弘前市城南2-20-21","40.581832","140.466568"
"岩木青少年スポーツセンター","青森県弘前市常盤野字湯段萢1-2","40.62613","140.265132"
"岩木青少年スポーツセンター　第２多目的広場","青森県弘前市常盤野字湯段萢1-42","40.626977","140.264134"
"弘前高校","青森県弘前市新寺町1-1","40.595189","140.467619"
"城西小学校グラウンド","青森県弘前市新町236-1","40.610812","140.45796"
"城西小学校","青森県弘前市新町236-1","40.610356","140.458722"
"撫牛子児童公園","青森県弘前市神田5-103","40.62259","140.492318"
"取上児童公園","青森県弘前市清原2-1-1","40.581877","140.488818"
"清原児童公園","青森県弘前市清原3-11-10","40.579162","140.488029"
"清水森会館","青森県弘前市清水森字沼田39-6","40.570183","140.502072"
"りんごの家","青森県弘前市清水富田字寺沢125","40.589027","140.442946"
"りんご公園","青森県弘前市清水富田字寺沢125","40.58876","140.442045"
"北和徳工業団地　レクリエーション公園","青森県弘前市清野袋3-8-6","40.637273","140.478645"
"青山いこい公園","青森県弘前市青山1-103","40.619375","140.481478"
"宮園公園","青森県弘前市青山2-103-1","40.622477","140.481782"
"北小学校","青森県弘前市青山3-15-1","40.623241","140.479561"
"北小学校グラウンド","青森県弘前市青山3-15-1","40.623496","140.478946"
"青山公園","青森県弘前市青山5-25-8","40.62594","140.480884"
"グリーン児童公園","青森県弘前市青樹町19-1","40.578671","140.4378"
"新和小学校","青森県弘前市青女子字桜苅292-4","40.695177","140.44383"
"新和小学校グラウンド","青森県弘前市青女子字桜苅292-4","40.694986","140.444292"
"石川小・中学校","青森県弘前市石川字庄司川添19-1","40.550899","140.550211"
"石川中学校グラウンド","青森県弘前市石川字庄司川添19-1","40.549713","140.550562"
"石川町民会館","青森県弘前市石川字石川84-1","40.552735","140.542097"
"河西体育センター","青森県弘前市石渡1-19-1","40.63132","140.449648"
"石渡児童公園","青森県弘前市石渡2-6-16","40.627601","140.45555"
"石渡ホームタウン集会所","青森県弘前市石渡4-12","40.630505","140.45904"
"石渡ふれあい公園","青森県弘前市石渡4-12-1","40.630229","140.458883"
"天王台公園","青森県弘前市千年4-6","40.563691","140.479223"
"川合町民会館","青森県弘前市川合字浅田90","40.578962","140.521358"
"小比内公園","青森県弘前市川先1-103","40.590399","140.492528"
"第五中学校","青森県弘前市川先2-4-1","40.586857","140.493729"
"第五中学校グラウンド","青森県弘前市川先2-4-1","40.586328","140.494274"
"小比内第二児童公園","青森県弘前市川先3-103","40.58646","140.491028"
"泉野第一公園","青森県弘前市泉野1-6","40.575377","140.490226"
"泉野第二公園","青森県弘前市泉野2-6","40.573247","140.491461"
"泉野公園","青森県弘前市泉野3-103","40.575723","140.494281"
"泉野多目的コミュニティ施設","青森県弘前市泉野3-6-2","40.574983","140.492964"
"福田第二公園","青森県弘前市早稲田1-11","40.605386","140.510351"
"早稲田美南公園","青森県弘前市早稲田3-103-1","40.599868","140.510907"
"福村公園","青森県弘前市早稲田4-103-1","40.604686","140.514668"
"相馬ふれあい館","青森県弘前市相馬字八反田25","40.563432","140.368536"
"弘前中央高校","青森県弘前市蔵主町7-1","40.609076","140.468729"
"和徳小学校グラウンド","青森県弘前市代官町107-3","40.603824","140.481745"
"和徳小学校","青森県弘前市代官町107-3","40.603977","140.481088"
"清水交流センター","青森県弘前市大開2-1-2","40.575697","140.44736"
"小沢小学校グラウンド","青森県弘前市大開2-5-1","40.574471","140.444751"
"小沢小学校","青森県弘前市大開2-5-1","40.574002","140.44437"
"弘前南高校","青森県弘前市大開4-1-1","40.580467","140.445399"
"城東小学校グラウンド","青森県弘前市大久保字西田105-40","40.629604","140.491454"
"城東小学校","青森県弘前市大久保字西田105-40","40.629527","140.492232"
"大久保第一公園","青森県弘前市大久保字西田145-27","40.631215","140.491198"
"大久保第三公園","青森県弘前市大久保字西田388-6","40.628887","140.489778"
"大久保第二公園","青森県弘前市大久保字西田421","40.628662","140.494101"
"大清水第一公園","青森県弘前市大清水1","40.58323","140.492715"
"大清水第二公園","青森県弘前市大清水4-103-1","40.579038","140.491757"
"大沢町民会館","青森県弘前市大沢字上村元68-3","40.553322","140.514795"
"駅前第二児童公園","青森県弘前市大町1-103-14","40.59565","140.48376"
"おおまち森の公園","青森県弘前市大町1-8","40.597491","140.484734"
"オオヤマザクラ公園","青森県弘前市大町2-103-1","40.594703","140.48028"
"駅前第四児童公園","青森県弘前市大町3-103-1","40.59745","140.477612"
"三省小学校","青森県弘前市中崎字野脇142-2","40.655375","140.458902"
"三省小学校グラウンド","青森県弘前市中崎字野脇142-2","40.655127","140.458891"
"中畑町民会館","青森県弘前市中畑字俵元78","40.585492","140.311557"
"中別所集会所","青森県弘前市中別所字電42-2","40.652134","140.411646"
"文京小学校グラウンド","青森県弘前市中野1-1-1","40.584016","140.473675"
"文京小学校","青森県弘前市中野1-1-1","40.584036","140.474759"
"西弘前児童公園","青森県弘前市中野1-7-2","40.583637","140.472138"
"弘前実業高校","青森県弘前市中野3-6-10","40.57822","140.474656"
"東目屋ふれあいセンター","青森県弘前市中野字中豊田20","40.589339","140.322791"
"町田地区ふれあいセンター","青森県弘前市町田1-4-1","40.635963","140.459504"
"弘前地区環境整備センター","青森県弘前市町田字筒井6-2","40.642954","140.464397"
"鳥井野農村公園","青森県弘前市鳥井野字長田40-1","40.594833","140.410333"
"鳥井野多目的集会所","青森県弘前市鳥井野字長田50-8","40.594494","140.410151"
"長山公園","青森県弘前市田園2-4","40.602376","140.505874"
"種元公園","青森県弘前市田園4-103-1","40.605999","140.507657"
"豊川公園","青森県弘前市田園5-103-1","40.609498","140.50625"
"城北公園","青森県弘前市田町3-4-8","40.614336","140.478188"
"宮川第三児童公園","青森県弘前市田町5-103","40.614198","140.48267"
"土堂町会集会所","青森県弘前市土堂字長瀬74","40.621124","140.445027"
"坂市町会集会所","青森県弘前市藤沢字野田1-7","40.571255","140.377394"
"藤沢活性化施設","青森県弘前市藤沢字野田123-1","40.563626","140.36795"
"ふじの公園","青森県弘前市藤野2-1","40.623793","140.466657"
"北辰学区高杉ふれあいセンター","青森県弘前市独狐字山辺72-1","40.656205","140.436812"
"独狐農業研修会館","青森県弘前市独狐字松ケ沢20-16","40.643365","140.442385"
"独狐の森農村公園","青森県弘前市独狐字松ケ沢48-1","40.646257","140.439271"
"楢木集会所","青森県弘前市楢木字牧野195-8","40.68417","140.421147"
"城西住宅団地南部児童公園","青森県弘前市南城西2-103-2","40.601291","140.454505"
"南大町児童公園","青森県弘前市南大町1-7","40.593344","140.485335"
"乳井多目的集会施設","青森県弘前市乳井字大清水133-2","40.553389","140.564765"
"如来瀬コミュニティセンター","青森県弘前市如来瀬字種本54-3","40.594064","140.404146"
"大久保集会所","青森県弘前市如来瀬字大久保平294","40.591381","140.386972"
"八幡多目的集会所","青森県弘前市八幡字北原43-1","40.621904","140.415731"
"弘前Ｂ＆Ｇ海洋センター","青森県弘前市八幡町1-9-1","40.615987","140.47813"
"樋の口公園","青森県弘前市樋の口2-3-10","40.603758","140.446104"
"鼻和農村公園","青森県弘前市鼻和字西田174-2","40.629219","140.414292"
"杉山集会所","青森県弘前市百沢字東岩木山141-4","40.671487","140.37605"
"上弥生集会所","青森県弘前市百沢字東岩木山876-1","40.656651","140.373392"
"弘前駅城東口緑地","青森県弘前市表町1-43","40.600188","140.486498"
"浜の町児童公園","青森県弘前市浜の町西2-6-6","40.620295","140.457258"
"浜の町団地第二児童公園","青森県弘前市浜の町東4-3-14","40.619101","140.463825"
"浜の町団地第一児童公園","青森県弘前市浜の町東5-3-59","40.62175","140.463266"
"致遠小学校グラウンド","青森県弘前市浜の町北1-7-1","40.624671","140.461107"
"致遠小学校","青森県弘前市浜の町北1-7-1","40.625367","140.460538"
"富栄農村公園","青森県弘前市富栄字笹崎126","40.635997","140.425074"
"船沢中学校グラウンド","青森県弘前市富栄字浅井名1","40.642686","140.414845"
"船沢中学校","青森県弘前市富栄字浅井名1","40.642263","140.414824"
"三ツ森町民会館","青森県弘前市富栄字浅井名171","40.647859","140.431107"
"富士見台公園","青森県弘前市富士見台1-5-14","40.572163","140.473898"
"第三大成小学校","青森県弘前市富田町47","40.586854","140.482067"
"第三大成小学校グラウンド","青森県弘前市富田町47","40.587836","140.482765"
"福村小学校グラウンド","青森県弘前市福村1-1-1","40.606915","140.512047"
"福村小学校","青森県弘前市福村1-1-1","40.60768","140.511738"
"文京公園","青森県弘前市文京町8-15","40.585813","140.471822"
"第二中学校","青森県弘前市平岡町72","40.609193","140.453928"
"第二中学校グラウンド","青森県弘前市平岡町72","40.608352","140.454655"
"第三中学校","青森県弘前市豊原1-3-3","40.583415","140.476111"
"第三中学校グラウンド","青森県弘前市豊原1-3-3","40.582536","140.476569"
"豊田小学校グラウンド","青森県弘前市豊田1-4-1","40.593774","140.498823"
"豊田小学校","青森県弘前市豊田1-4-1","40.594084","140.49771"
"弘前運動公園","青森県弘前市豊田2-3","40.591721","140.503351"
"克雪トレーニングセンター","青森県弘前市豊田2-3-1","40.592764","140.504231"
"三岳公園","青森県弘前市北園1-10-3","40.58006","140.479302"
"北園児童公園","青森県弘前市北園2-9-16","40.58237","140.482051"
"東中学校","青森県弘前市末広3-2-1","40.603","140.503486"
"東中学校グラウンド","青森県弘前市末広3-2-1","40.602161","140.503706"
"総合学習センター","青森県弘前市末広4-10-1","40.604197","140.50377"
"城東公園","青森県弘前市末広4-9","40.605049","140.503306"
"弘前学院大学屋外","青森県弘前市稔町13-1","40.583881","140.467882"
"寺沢川ふれあい公園","青森県弘前市茂森新町4-103","40.590044","140.448272"
"堀越小学校","青森県弘前市門外1-3-3","40.58083","140.498966"
"堀越小学校グラウンド","青森県弘前市門外1-3-3","40.581701","140.499188"
"堀越公民館","青森県弘前市門外2-3-11","40.578953","140.504329"
"藍内町会交流館","青森県弘前市藍内字富田70-4","40.536203","140.369622"
"龍ノ口研修館","青森県弘前市龍ノ口字村元256-2","40.597706","140.424516"
"大和沢小学校グラウンド","青森県弘前市狼森字天王12-1","40.556509","140.471466"
"大和沢小学校","青森県弘前市狼森字天王12-1","40.556785","140.470797"
"堅田集会所","青森県弘前市和徳町333-1","40.612103","140.488676"
"第一中学校","青森県弘前市和徳町363-13","40.60862","140.477198"
"第一中学校グラウンド","青森県弘前市和徳町363-13","40.607072","140.476477"
"昴地区集会所","青森県弘前市昴103","40.587701","140.407595"
"旧黒石商業高等学校第１体育館","青森県黒石市あけぼの町97-4","40.655753","140.607828"
"旧黒石商業高等学校柔剣道場","青森県黒石市あけぼの町97-4","40.65575","140.606949"
"スポカルイン黒石","青森県黒石市ぐみの木3-65","40.650597","140.594163"
"ちとせ２号公園","青森県黒石市ちとせ2-86","40.639933","140.596208"
"ちとせ１号公園","青森県黒石市ちとせ3-110","40.637312","140.601438"
"厚目内多目的集会施設","青森県黒石市沖浦字青荷澤22","40.542211","140.727705"
"旧厚目内小中学校グラウンド","青森県黒石市沖浦字大巻前46","40.542237","140.725734"
"牡丹平公民館","青森県黒石市牡丹平字諏訪野平9","40.631329","140.629103"
"山形公民館","青森県黒石市温湯字派15-1","40.609135","140.664584"
"黒石小学校体育館","青森県黒石市株梗木字中渡1-1","40.655514","140.591532"
"中郷中学校体育館","青森県黒石市株梗木字中渡1-1","40.655916","140.591011"
"社会福祉センター体育館","青森県黒石市境松1-1-1","40.647328","140.581713"
"東公園","青森県黒石市柵ノ木2-54","40.635495","140.611132"
"黒石中学校体育館","青森県黒石市柵ノ木4-1","40.639507","140.612067"
"六郷小学校体育館","青森県黒石市三島字宮元380-1","40.67129","140.619679"
"東公民館","青森県黒石市春日町20-9","40.644222","140.603747"
"黒石東小学校体育館","青森県黒石市春日町70","40.644883","140.605693"
"中郷公民館","青森県黒石市小屋敷字馬場尻道添12-2","40.676032","140.595345"
"東英小学校体育館","青森県黒石市上山形字築舘9-1","40.611202","140.663067"
"派立コミュニティセンター","青森県黒石市上十川字村元一番71-1","40.662626","140.615356"
"上十川公民館","青森県黒石市上十川字留岡一番17-2","40.657181","140.616134"
"西部地区センター","青森県黒石市西ケ丘189-1","40.649586","140.585246"
"黒石高等学校体育館","青森県黒石市西ケ丘65","40.647452","140.586603"
"一心友会館","青森県黒石市石名坂字櫻清水49-3","40.627199","140.631262"
"六郷公民館","青森県黒石市赤坂字野崎1","40.670332","140.62385"
"浅瀬石児童公園","青森県黒石市浅瀬石字村上158-3","40.628422","140.611796"
"浅瀬石公民館","青森県黒石市浅瀬石字村上160","40.628936","140.610725"
"浅瀬石川河川公園","青森県黒石市袋井1-197","40.639589","140.592585"
"落合街区公園","青森県黒石市袋字富山37-4","40.604792","140.677048"
"津軽伝承工芸館","青森県黒石市袋字富山65-1","40.60574","140.676117"
"津軽こけし館","青森県黒石市袋字富山72-1","40.606552","140.675827"
"黒石市役所わのまちセンター","青森県黒石市大字市ノ町2-1","40.643368","140.594467"
"沖揚平活性化施設","青森県黒石市大川原字蛭貝沢203","40.641676","140.800097"
"旧大川原小学校沖揚平分校グラウンド","青森県黒石市大川原字蛭貝沢257-1","40.644062","140.803374"
"大川原活性化施設","青森県黒石市大川原字萢森下6-1","40.633873","140.715303"
"竹鼻地区農村公園","青森県黒石市竹鼻字宮元35-1","40.683165","140.618679"
"追子野木会館","青森県黒石市追子野木1-92","40.638999","140.590045"
"追子野木公民館","青森県黒石市追子野木3-145-1","40.6371","140.588242"
"黒石市みんなのホール","青森県黒石市内町24-1","40.642961","140.592223"
"スポーツ交流センター","青森県黒石市内町24-1","40.642469","140.592681"
"御幸公園","青森県黒石市内町31-5","40.64201","140.59096"
"中部公民館","青森県黒石市北美町1-65-1","40.654243","140.601773"
"北美街区公園","青森県黒石市北美町3-68-5","40.65737","140.598965"
"老人福祉センター","青森県黒石市北美町一丁目65-1","40.653984","140.60231"
"黒石運動公園","青森県黒石市緑ケ丘182","40.66888","140.594684"
"駅前多目的広場","青森県黒石市緑町2-190","40.64911","140.592312"
"眺海の森ウッドパーク","青森県今別町今別山国有林107","41.170404","140.465658"
"旧開智小学校","青森県今別町大字奥平部字村元道添66-4","41.221926","140.566342"
"村元河川公園","青森県今別町大字今別","41.182469","140.490245"
"海峡あすなろ公園","青森県今別町大字今別字中沢54-2","41.180041","140.492795"
"砂ヶ森稲荷神社","青森県今別町大字砂ケ森字砂村元40-1","41.223749","140.557712"
"今別町山村広場","青森県今別町大字山崎字山崎73-1","41.184626","140.493583"
"奥津軽いまべつ駅屋内駐車場","青森県今別町大字大川平字清川92-1","41.144911","140.51458"
"大泊浄水場","青森県今別町大字大泊字上山崎63-7","41.21038","140.524687"
"大泊稲荷神社","青森県今別町大字大泊字大村元7-1","41.214583","140.524185"
"鋳釜崎キャンプ場","青森県今別町大字大泊字鋳釜21-1","41.220294","140.528008"
"てんしょう苑","青森県今別町大字浜名字二ツ石7-409","41.185105","140.449378"
"旧磯谷小中学校校庭","青森県佐井村大字佐井字磯谷10-2","41.401621","140.835117"
"磯谷防災公園","青森県佐井村大字佐井字磯谷111-4","41.398478","140.833406"
"ゆうなぎの里　駐車場","青森県佐井村大字佐井字原田55-2","41.454996","140.881169"
"常信寺","青森県佐井村大字佐井字古佐井100-1","41.433514","140.868417"
"長福寺","青森県佐井村大字佐井字古佐井112-1","41.434968","140.8671"
"発信寺","青森県佐井村大字佐井字古佐井25-1","41.432481","140.866932"
"法性寺","青森県佐井村大字佐井字古佐井30","41.4322","140.867479"
"佐井小学校校庭","青森県佐井村大字佐井字糠森103-3","41.431418","140.858577"
"津軽海峡文化館","青森県佐井村大字佐井字大佐井112-1","41.433051","140.861545"
"佐井中学校校庭","青森県佐井村大字佐井字中道75","41.442849","140.871724"
"八幡宮","青森県佐井村大字佐井字八幡堂37","41.431514","140.864428"
"願掛公園駐車場","青森県佐井村大字佐井字矢越","41.416196","140.837905"
"牛滝小中学校　校庭","青森県佐井村大字長後字牛滝川目99","41.289596","140.805019"
"旧長後小中学校校庭","青森県佐井村大字長後字長後川目22","41.367098","140.829454"
"福浦小中学校　校庭","青森県佐井村大字長後字福浦川目69","41.327601","140.814288"
"杉沢小中学校","青森県三戸町大字貝守字杉沢向平50","40.379761","141.101645"
"久川町内会館","青森県三戸町大字久慈町3-2","40.387614","141.263772"
"袴田生活改善センター","青森県三戸町大字袴田字下屋敷35","40.383373","141.210577"
"蛇沼やまびこ会館","青森県三戸町大字蛇沼字馬場平88","40.396322","141.190907"
"三戸共同福祉施設　（ジョイ・ワーク三戸）","青森県三戸町大字川守田字関根4-11","40.380903","141.25572"
"中央公民館","青森県三戸町大字川守田字関根川原55","40.380092","141.25498"
"元木平町内会館","青森県三戸町大字川守田字元木平41-5","40.394537","141.264851"
"スポーツ文化福祉複合施設（アップルドーム）","青森県三戸町大字川守田字元木平8-1","40.390111","141.265892"
"境沢集会場","青森県三戸町大字川守田字草鞋平58-5","40.372031","141.241343"
"八日町町内会館","青森県三戸町大字川守田字八日町87-3","40.376786","141.257232"
"泉山あすなろ会館","青森県三戸町大字泉山字泉山44","40.382337","141.280623"
"同心町町内会館","青森県三戸町大字同心町字上川原79","40.378016","141.25191"
"上同心町町内会館","青森県三戸町大字同心町字同心町平40-9","40.373455","141.247039"
"上二日町町内会館","青森県三戸町大字二日町77","40.380124","141.259094"
"梅内ふれあい会館","青森県三戸町大字梅内字村中114-2","40.37589","141.280437"
"豊川ほうえい会館","青森県三戸町大字豊川字上村中13-1","40.365014","141.229269"
"目時さわやか会館","青森県三戸町大字目時字中道80-1","40.348404","141.278652"
"さつきヶ丘公園","青森県三沢市さつきケ丘１地内","40.673825","141.400292"
"越下農村公園","青森県三沢市越下１地内","40.799434","141.360731"
"塩釜農村公園","青森県三沢市塩釜３地内","40.805881","141.39866"
"三沢市立岡三沢小学校（校庭）","青森県三沢市岡三沢3-1-1","40.687355","141.372914"
"岡三沢公園","青森県三沢市岡三沢３地内","40.688175","141.376002"
"下久保公園","青森県三沢市下久保２地内","40.687804","141.383681"
"まきば公園","青森県三沢市下久保３地内","40.689626","141.381679"
"三沢市立古間木小学校（校庭）","青森県三沢市古間木1-152-139","40.671406","141.347332"
"根井団体活動センター","青森県三沢市根井1-94-1","40.756938","141.376754"
"中央公園","青森県三沢市桜町１地内","40.68318","141.370776"
"三沢市立第五中学校（校庭）","青森県三沢市字古間木山141-111","40.670468","141.358457"
"三沢市立三川目小学校（校庭）","青森県三沢市鹿中2-145-459","40.681341","141.427751"
"鹿中農村公園","青森県三沢市鹿中２地内","40.68613","141.424854"
"春日台せせらぎ公園","青森県三沢市春日台2","40.667122","141.347531"
"青森県立三沢商業高等学校　（校庭）","青森県三沢市春日台2-154","40.667425","141.34408"
"青森県立三沢高等学校（校庭）","青森県三沢市松園町1-1","40.678914","141.369829"
"三沢市立第一中学校（校庭）","青森県三沢市松園町2-1-34","40.67937","141.368113"
"松園公園","青森県三沢市松園町１地内","40.676947","141.372262"
"深谷公園","青森県三沢市松園町２地内","40.675208","141.368044"
"南公園","青森県三沢市松園町２地内","40.677585","141.36696"
"栄公園","青森県三沢市松園町３地内","40.676314","141.362937"
"三沢高等学校野球場","青森県三沢市松原町2-45","40.668336","141.374764"
"織笠団体活動センター","青森県三沢市織笠4-2692-1","40.794575","141.398453"
"織笠農村公園","青森県三沢市織笠１地内","40.789357","141.401603"
"新森南公園","青森県三沢市新森１地内","40.78162","141.391027"
"新森中央公園","青森県三沢市新森２地内","40.784801","141.390381"
"新町まちかど広場","青森県三沢市新町２地内","40.673576","141.353645"
"三沢公園","青森県三沢市新町４地内","40.676978","141.351255"
"千代田ふれあい公園","青森県三沢市千代田町３地内","40.667856","141.359098"
"泉公園","青森県三沢市泉町１地内","40.665455","141.381493"
"前平南公園","青森県三沢市前平１地内","40.671287","141.406377"
"前平西公園","青森県三沢市前平１地内","40.673621","141.405553"
"前平中央公園","青森県三沢市前平１地内","40.672514","141.409693"
"前平北公園","青森県三沢市前平２地内","40.675051","141.413581"
"前平ひろば","青森県三沢市前平２地内","40.675315","141.411884"
"前平東公園","青森県三沢市前平２地内","40.671458","141.412098"
"ふるまぎ希望の丘公園","青森県三沢市大字犬落瀬字古間木地内","40.674144","141.342574"
"三沢市立三沢小学校（校庭）","青森県三沢市大字三沢字園沢93-2","40.68388","141.401369"
"三沢市立第二中学校（校庭）","青森県三沢市大字三沢字園沢97-2","40.685173","141.407984"
"園沢南公園","青森県三沢市大字三沢字園沢地内","40.680722","141.407694"
"下タ沢公園","青森県三沢市大字三沢字下タ沢地内","40.697822","141.391818"
"三沢市屋内温水プール","青森県三沢市大字三沢字戸崎101-1553","40.745942","141.383132"
"細谷農村公園","青森県三沢市大字三沢字戸崎地内","40.754194","141.40609"
"招和台","青森県三沢市大字三沢字山ノ神地内","40.691825","141.401245"
"あじさい広場","青森県三沢市大字三沢字山ノ神地内","40.692886","141.401138"
"三沢市立おおぞら小学校（校庭）　三沢市立第三中学校（校庭）","青森県三沢市大字三沢字庭構1084-33","40.780543","141.400321"
"ふるさとはまなす公園","青森県三沢市大字三沢字庭構地内","40.780612","141.3975"
"三沢市立堀口中学校（校庭）","青森県三沢市大字三沢字堀口94-143","40.68225","141.383648"
"ホスピタル・パーク","青森県三沢市大字三沢字堀口地内","40.670316","141.389492"
"三沢市立上久保小学校（校庭）","青森県三沢市大町1-3-9","40.678083","141.357842"
"滝ノ沢公園","青森県三沢市大町１地内","40.679277","141.355907"
"上久保公園","青森県三沢市大町３地内","40.676206","141.359515"
"大津南公園","青森県三沢市大津１地内","40.680111","141.415071"
"大津西公園","青森県三沢市大津３地内","40.684118","141.412262"
"大津北公園","青森県三沢市大津４地内","40.682997","141.417817"
"谷地頭団体活動センター","青森県三沢市谷地頭1-1752-1","40.779031","141.36997"
"道の駅みさわ斗南藩記念観光村","青森県三沢市谷地頭4-298-652","40.785894","141.364463"
"三沢市アメリカ広場","青森県三沢市中央町２地内","40.685198","141.365561"
"なかよし公園","青森県三沢市中央町２地内","40.683674","141.366192"
"三沢市立木崎野小学校（校庭）","青森県三沢市東町4-2","40.676928","141.377229"
"木崎野公園","青森県三沢市東町３地内","40.675957","141.376347"
"南山いこいの広場","青森県三沢市南山４地内","40.679146","141.394032"
"南町公園","青森県三沢市南町３地内","40.670902","141.369832"
"駅東公園","青森県三沢市南町４地内","40.666818","141.373071"
"日の出公園","青森県三沢市日の出４地内","40.674452","141.384066"
"美野原公園","青森県三沢市美野原２地内","40.680504","141.376625"
"平畑公園","青森県三沢市平畑２地内","40.690197","141.370036"
"こがね公園","青森県三沢市堀口２地内","40.68459","141.381085"
"緑町公園","青森県三沢市緑町１地内","40.685026","141.374964"
"淋代団体活動センター","青森県三沢市淋代3-354","40.730814","141.415521"
"淋代農村公園","青森県三沢市淋代３地内","40.731058","141.414219"
"六川目団体活動センター","青森県三沢市六川目2-100-7","40.764715","141.404336"
"はまなす団体活動センター","青森県三沢市六川目8-34-16","40.778241","141.399689"
"七戸町総合アリーナ","青森県七戸町荒熊内67-170","40.717225","141.146381"
"李沢地区集会所グラウンド","青森県七戸町字姥沢2-2","40.765661","141.240339"
"李沢地区集会所","青森県七戸町字姥沢2-2","40.765616","141.239924"
"榎林こども園グラウンド","青森県七戸町字榎林家ノ前40","40.7367","141.218884"
"榎林地区農産物加工等施設","青森県七戸町字榎林家ノ前40-1","40.737247","141.219186"
"白石地区コミュニティセンターグラウンド","青森県七戸町字堰代6-2","40.777889","141.121962"
"白石地区コミュニティセンター","青森県七戸町字堰代6-2","40.778096","141.122032"
"七戸町天間林宿泊交流施設　かだれ天間林","青森県七戸町字花松林ノ根35-1","40.722363","141.201776"
"四ヶ村集会所","青森県七戸町字花松林ノ根35-1","40.722699","141.201693"
"四ヶ村集会所グラウンド","青森県七戸町字花松林ノ根35-1","40.722729","141.201309"
"七戸町立城南小学校グラウンド","青森県七戸町字舘野32-58","40.68711","141.157062"
"七戸町立城南小学校","青森県七戸町字舘野32-58","40.686864","141.157559"
"県立七戸高等学校グラウンド","青森県七戸町字舘野47-31","40.688573","141.155627"
"県立七戸高等学校（第二体育館）","青森県七戸町字舘野47-31","40.688773","141.154444"
"県立七戸高等学校（第一体育館）","青森県七戸町字舘野47-31","40.689168","141.154218"
"農村交流施設絵馬の里交流館","青森県七戸町字見町48-1","40.671469","141.136328"
"坪地区農産物加工等施設","青森県七戸町字後平112","40.774448","141.143409"
"坪地区農産加工等施設前グラウンド","青森県七戸町字後平112","40.774282","141.143999"
"七戸町観光交流センター","青森県七戸町字荒熊内207","40.719728","141.153103"
"道の駅しちのへ　七彩館","青森県七戸町字荒熊内67-94","40.716804","141.154815"
"道の駅しちのへ駐車場","青森県七戸町字荒熊内67-94","40.717154","141.154536"
"道の駅しちのへ　物産館","青森県七戸町字荒熊内67-94","40.71665","141.155179"
"道の駅しちのへ　情報館","青森県七戸町字荒熊内67-997","40.71712","141.155238"
"中山間活性化センター","青森県七戸町字山舘25-1","40.695949","141.100233"
"農産物加工開発研修センター","青森県七戸町字山舘25-1","40.695679","141.100335"
"七戸農村環境改善センター柏葉館","青森県七戸町字七戸22-8","40.696313","141.15074"
"公立もみのき学園グラウンド","青森県七戸町字蛇坂45-2","40.709873","141.149162"
"県立七戸養護学校（体育館）","青森県七戸町字蛇坂57-31","40.711167","141.152336"
"県立七戸養護学校グラウンド","青森県七戸町字蛇坂57-31","40.710649","141.152108"
"七戸町立武道館","青森県七戸町字蛇坂57-59","40.712109","141.154423"
"中野地区コミュニティセンター","青森県七戸町字手代森52-2","40.734714","141.153178"
"中野地区コミュニティセンターグラウンド","青森県七戸町字手代森52-2","40.734787","141.152754"
"農村交流センター駒踊り伝承館","青森県七戸町字沼ノ沢39-7","40.652343","141.13776"
"七戸町立七戸小学校","青森県七戸町字上町野130","40.705942","141.153759"
"七戸町立七戸小学校グラウンド","青森県七戸町字上町野130","40.70551","141.152599"
"七戸町天間林商工会グラウンド","青森県七戸町字森ノ下48","40.744845","141.175153"
"天間林農村環境改善センター","青森県七戸町字森ノ下48-2","40.745218","141.174478"
"七戸町役場本庁舎駐車場","青森県七戸町字森ノ上131-4","40.744254","141.158"
"天間林老人福祉センター","青森県七戸町字森ノ上16-4","40.745363","141.169698"
"七戸町立天間林中学校体育館","青森県七戸町字森ノ上16-4","40.745785","141.169682"
"七戸町立天間林小学校グラウンド","青森県七戸町字森ノ上180-1","40.747236","141.160474"
"七戸町立天間林小学校","青森県七戸町字森ノ上180-1","40.747135","141.161445"
"七戸中央公民館駐車場","青森県七戸町字森ノ上210","40.745427","141.157051"
"天間林保健センター","青森県七戸町字森ノ上359-5","40.745116","141.159175"
"七戸町文化交流センター","青森県七戸町字前田32","40.685863","141.12562"
"七戸町立七戸第２多目的グラウンド","青森県七戸町字前田32-12","40.685515","141.125648"
"七戸町立七戸第２体育館","青森県七戸町字前田32-6","40.685552","141.12644"
"倉越児童公園駐車場","青森県七戸町字倉越66-6","40.704022","141.159382"
"県営農大学校（体育館）","青森県七戸町字大沢48-8","40.721292","141.160728"
"旧七戸町立野々上小中学校グラウンド","青森県七戸町字中村55-11","40.657002","141.138351"
"屋内スポーツセンター","青森県七戸町字中野16-1","40.738978","141.165077"
"ふれあいセンター","青森県七戸町字中野16-1","40.738833","141.166002"
"七戸町中央公園駐車場","青森県七戸町字中野16-1","40.73688","141.165023"
"森ノ上地区コミュニティセンター","青森県七戸町字中野96-1","40.742647","141.164125"
"柏葉公園","青森県七戸町字町1","40.697929","141.149233"
"旧七戸町立榎林中学校グラウンド","青森県七戸町字塚長根17-2","40.739693","141.209011"
"七戸町七戸運動公園駐車場","青森県七戸町字鶴児平1-108","40.704733","141.132492"
"七戸町立七戸中学校グラウンド","青森県七戸町字鶴児平191","40.703119","141.132622"
"七戸町立七戸中学校","青森県七戸町字鶴児平191","40.704084","141.131172"
"天神林児童公園","青森県七戸町字天神林18-3","40.691364","141.15454"
"道ノ上地区コミュニティセンター","青森県七戸町字道ノ上133-2","40.751004","141.149775"
"二ツ森地区コミュニティセンターグラウンド","青森県七戸町字二ツ森家ノ後1-3","40.745334","141.23351"
"二ツ森地区コミュニティセンター","青森県七戸町字二ツ森家ノ後3-2","40.745299","141.233854"
"旧七戸町立天間東小学校グラウンド","青森県七戸町字鉢森平181-26","40.748374","141.219075"
"七戸町総合福祉センターゆうずらんど","青森県七戸町字立野頭139-1","40.705952","141.16884"
"哘地区集会所","青森県七戸町字哘平47-20","40.749053","141.119157"
"哘地区集会所グラウンド","青森県七戸町字哘平47-20","40.749194","141.119117"
"旧七戸幼稚園運動場","青森県七戸町七戸9-1","40.696599","141.150298"
"ひがしの公園","青森県十和田市ひがしの2-232-4","40.631168","141.225645"
"元町公園","青森県十和田市元町東2-67","40.62749","141.210155"
"三本木公園","青森県十和田市西三番町10-6","40.612206","141.210919"
"中央公園","青森県十和田市西三番町160","40.610263","141.206918"
"西金崎公園","青森県十和田市西二十二番町385-87","40.610275","141.192137"
"若葉公園","青森県十和田市西二十二番町386-183","40.609215","141.196826"
"八甲公園","青森県十和田市西二番町75","40.615194","141.207668"
"南運動広場","青森県十和田市西六番町330-1","40.601026","141.22028"
"栄森公園","青森県十和田市大字洞内字後野2-5","40.657364","141.191346"
"大門公園","青森県十和田市東一番町30-37","40.619404","141.212801"
"太素公園","青森県十和田市東三番町24-1","40.616588","141.219919"
"瀬戸山公園","青森県十和田市東三番町40-1","40.614105","141.219229"
"あけぼの公園","青森県十和田市東十五番町101-6","40.60651","141.228789"
"三本木霊園","青森県十和田市東十三番町20-5","40.615311","141.230935"
"前谷地公園","青森県十和田市東二十一番町16-171","40.625164","141.223571"
"三木野公園","青森県十和田市東二十三番町17-1","40.621665","141.229706"
"北里公園","青森県十和田市東二十三番町17-391","40.621323","141.235258"
"東小稲公園","青森県十和田市穂並町105-35","40.602542","141.224437"
"小稲公園","青森県十和田市穂並町108-14","40.605809","141.219196"
"都市農村交流センター美郷館","青森県新郷村大字戸来字風呂前10","40.466537","141.173805"
"旧西越小学校体育館","青森県新郷村大字西越字佐野平57","40.438888","141.203359"
"旧横磯集会所（深山神社）","青森県深浦町横磯字下岡崎82","40.629627","139.892087"
"第一北金ヶ沢浄水場駐車場","青森県深浦町関字小童子山1-189","40.740461","140.104543"
"国道１０１号いこいの駐車帯（関地区）","青森県深浦町関字栃沢47-1","40.741293","140.100394"
"北金ヶ沢駅前駐車場","青森県深浦町関字栃沢89-5","40.745981","140.095564"
"旧大戸瀬支所前駐車場","青森県深浦町関字栃沢99-1","40.746371","140.095935"
"旧郵便局前付近（県道岩崎深浦線）","青森県深浦町岩崎字玉坂69-1","40.58758","139.913205"
"旧いわさき小学校グラウンド","青森県深浦町岩崎字松原113","40.585835","139.923303"
"行合崎駐車場","青森県深浦町広戸字家野上125-5","40.665699","139.941518"
"自然休養村運動広場","青森県深浦町広戸字家野上95-201","40.664301","139.943354"
"旧岩崎南小学校グラウンド","青森県深浦町黒崎字小浜158-4","40.514357","139.94844"
"農道日野線白神岳登山道口","青森県深浦町黒崎日野118-2","40.511906","139.950967"
"旧松神生活改善センター跡地","青森県深浦町松神字上浜松17","40.539055","139.947877"
"岡崎駐車場","青森県深浦町深浦字岡崎338-5","40.642062","139.91644"
"八森山町民の森公園","青森県深浦町深浦字岡崎３３８地内","40.634635","139.918211"
"岡崎区域防災公園（夕陽ヶ丘公園）","青森県深浦町深浦字岡崎３７外","40.642914","139.919714"
"岡町防災広場","青森県深浦町深浦字岡町地内","40.648374","139.929005"
"深浦駅前広場","青森県深浦町深浦字苗代沢41-51","40.65044","139.929304"
"浜町駐車場広場","青森県深浦町深浦字浜町３５２地内","40.641964","139.926978"
"きらら保育園グラウンド","青森県深浦町正道尻字小礒110-23","40.571531","139.933367"
"横磯集落センター広場","青森県深浦町大字横磯字下岡崎85-1","40.628875","139.887153"
"北金ヶ沢総合防災センター駐車場","青森県深浦町大字関字栃沢260-1","40.744951","140.093517"
"関福祉センター駐車場","青森県深浦町大字関字栃沢34","40.74311","140.101859"
"大戸瀬支所駐車場","青森県深浦町大字関字栃沢78-2","40.744771","140.097931"
"修道小学校グラウンド","青森県深浦町大字関字栃沢85-1","40.745524","140.096948"
"岩坂福祉センター駐車場","青森県深浦町大字岩坂字長谷野20-2","40.718975","140.112745"
"漁業振興センター駐車場","青森県深浦町大字岩崎字玉坂370-2","40.586792","139.912604"
"高齢者センター駐車場","青森県深浦町大字岩崎字松原104-1","40.585601","139.921614"
"岩崎上地区コミュニティセンター駐車場","青森県深浦町大字岩崎字松原57","40.582896","139.926013"
"広戸福祉センター駐車場","青森県深浦町大字広戸字家野上101-121","40.667331","139.947873"
"東野福祉センター駐車場","青森県深浦町大字広戸字家野上176","40.656986","139.950576"
"町民体育館・武道館","青森県深浦町大字広戸字家野上95-201","40.663359","139.943064"
"やまびこハウス駐車場","青森県深浦町大字黒崎字小浜243-1","40.515811","139.948746"
"松神地区コミュニティセンター駐車場","青森県深浦町大字松神字中浜松92-2","40.53979","139.947081"
"岡町福祉センター「御仮屋舘」駐車場","青森県深浦町大字深浦字岡町172-1","40.647375","139.932375"
"深浦町福祉センター「元城舘」駐車場","青森県深浦町大字深浦字元深浦165-1","40.637209","139.92428"
"深浦公民館駐車場","青森県深浦町大字深浦字中沢14-1","40.639196","139.930239"
"深浦小学校グラウンド","青森県深浦町大字深浦字寅平62-6","40.640008","139.927765"
"深浦町ふれあいプラザ「恵比須」前駐車場","青森県深浦町大字深浦字苗代沢77-28","40.648936","139.927898"
"深浦町福祉センター「猿神鼻」駐車場","青森県深浦町大字深浦字苗代沢85-3","40.645994","139.928524"
"深浦中学校グラウンド","青森県深浦町大字深浦字蓙野60","40.651027","139.935081"
"正久地区多目的センター駐車場","青森県深浦町大字正道尻字小礒109-5","40.574174","139.931367"
"岩崎中学校グラウンド","青森県深浦町大字正道尻字小礒13-2","40.578416","139.932011"
"いわさき小学校グラウンド","青森県深浦町大字正道尻字小礒13-2","40.577776","139.93222"
"大間越地区コミュニティセンター駐車場","青森県深浦町大字大間越字上小屋野70","40.48643","139.948343"
"沢辺地区コミュニティセンター駐車場","青森県深浦町大字沢辺字吉花133","40.585407","139.890446"
"長慶平福祉センター駐車場","青森県深浦町大字長慶平字西芦萢20-1","40.62529","139.999456"
"松原集落センター駐車場","青森県深浦町大字追良瀬字初瀬山草分62","40.658587","140.01216"
"追良瀬福祉センター駐車場","青森県深浦町大字追良瀬字相野山48-1","40.682039","139.975831"
"田野沢福祉センター駐車場","青森県深浦町大字田野沢字清滝44","40.76155","140.043407"
"風合瀬農業環境改善センター駐車場","青森県深浦町大字風合瀬字上砂子川21-1","40.731115","140.01368"
"晴山福祉センター駐車場","青森県深浦町大字風合瀬字大磯188-1","40.745256","140.023332"
"農村環境改善センター駐車場","青森県深浦町大字北金ヶ沢字塩見形406-1","40.750982","140.091096"
"大戸瀬中学校グラウンド","青森県深浦町大字北金ヶ沢字榊原上野208-23","40.752786","140.079637"
"柳田農業環境改善センター駐車場","青森県深浦町大字柳田字宮崎158-2","40.744024","140.132239"
"舮作福祉センター駐車場","青森県深浦町大字舮作字上清滝7","40.609704","139.870296"
"驫木多目的集落センター駐車場","青森県深浦町大字驫木字亀ヶ崎164-2","40.698153","139.978011"
"旧明道小学校グラウンド","青森県深浦町追良瀬字塩見山平85-2","40.690531","139.973849"
"追良瀬河川公園","青森県深浦町追良瀬字塩見山平２４８－２３地先","40.683432","139.974982"
"松原地区いこいの広場","青森県深浦町追良瀬字北追良瀬山1-9","40.657218","140.015423"
"田野沢漁港施設用地（野積場）","青森県深浦町田野沢字汐干浜75","40.763827","140.040886"
"旧大戸瀬小学校跡地","青森県深浦町田野沢字成瀬271-1","40.757157","140.033385"
"旧風合瀬小学校グラウンド","青森県深浦町風合瀬字上砂子川159-26","40.730229","140.010317"
"北金ヶ沢地区防災広場","青森県深浦町北金ヶ沢字塩見形356","40.747616","140.091737"
"ラーメン１０１駐車場","青森県深浦町舮作字裸森14-6","40.614115","139.872222"
"旧津軽ダム工事事務所監督員詰所","青森県西目屋村大字居森平字寒沢21-2","40.53623","140.264692"
"杉ヶ沢研修センター","青森県西目屋村大字杉ヶ沢字宮崎5","40.586867","140.304924"
"村市いこいの館","青森県西目屋村大字村市字稲葉213-1","40.548986","140.272398"
"大白公民館","青森県西目屋村大字大秋字開野58-11","40.584237","140.280467"
"西目屋村小学校体育館","青森県西目屋村大字田代字稲元121-1","40.576213","140.295708"
"西目屋村中央公民館","青森県西目屋村大字田代字稲元143","40.577062","140.295455"
"藤川集会所","青森県西目屋村大字藤川字瀬ノ上85-3","40.540894","140.270662"
"国家公務員合同宿舎磯野住宅","青森県青森市はまなす１－２－１外","40.826659","140.79363"
"片岡福祉館","青森県青森市旭町3-7-20","40.811292","140.738717"
"造道中学校","青森県青森市岡造道2-14-1","40.825475","140.788799"
"沖館市民センター","青森県青森市沖館1-1-11","40.832462","140.724445"
"ベイタウン沖館公園","青森県青森市沖館1-1-132","40.833772","140.726604"
"沖館中学校","青森県青森市沖館5-19-1","40.835921","140.716947"
"沖館小学校","青森県青森市沖館5-3-1","40.832094","140.721553"
"国家公務員合同宿舎小浜住宅","青森県青森市沖館１－２－１０外","40.833683","140.724367"
"花園町公園","青森県青森市花園2-12","40.823401","140.769986"
"古川中学校","青森県青森市久須志2-9-1","40.820177","140.728653"
"久須志福祉館","青森県青森市久須志2-9-5","40.818541","140.728731"
"橋本小学校","青森県青森市橋本1-9-17","40.824582","140.753055"
"橋本公園","青森県青森市橋本3-22","40.819201","140.754469"
"青森少年鑑別所","青森県青森市金沢1-5-38","40.813947","140.734852"
"甲田小学校","青森県青森市金沢1-6-1","40.81419","140.734024"
"甲田中学校","青森県青森市金沢3-11-1","40.808965","140.733107"
"金沢小学校","青森県青森市金沢4-5-1","40.809468","140.728672"
"午砲台公園","青森県青森市桂木2-12","40.812221","140.744767"
"奥野なかよし公園","青森県青森市桂木3-12","40.809869","140.747274"
"奥野北公園","青森県青森市桂木3-21","40.811313","140.749691"
"戸山西小学校","青森県青森市蛍沢3-1-1","40.801854","140.800241"
"戸山西公園","青森県青森市蛍沢3-17-18","40.800405","140.800042"
"戸山市民センター","青森県青森市蛍沢4-1-4","40.79906","140.804655"
"戸山中央公園","青森県青森市蛍沢4-48-188","40.798399","140.806397"
"戸山南公園","青森県青森市蛍沢４－４８－２６外","40.79534","140.80456"
"青森東高等学校","青森県青森市原別3-1-1","40.834711","140.805077"
"東部市民センター","青森県青森市原別3-8-1","40.837225","140.807145"
"古川小学校","青森県青森市古川3-7-14","40.822173","140.733768"
"古川市民センター","青森県青森市古川3-7-14","40.822043","140.734128"
"青森商業高等学校","青森県青森市戸山字安原7-1","40.811415","140.798034"
"幸畑福祉館","青森県青森市幸畑2-2-2","40.781693","140.782356"
"青森大学","青森県青森市幸畑2-3-1","40.783331","140.781236"
"阿部野北公園","青森県青森市幸畑3-693","40.783048","140.785982"
"幸畑ひばりヶ丘公園","青森県青森市幸畑4-228-95","40.778984","140.787281"
"幸畑西公園","青森県青森市幸畑１－９０７－１外","40.780685","140.77817"
"幸畑中央公園","青森県青森市幸畑３－９８３－２外","40.781342","140.782968"
"ジャムフレンドクラブ青森","青森県青森市港町2-10-23","40.829905","140.762404"
"市営住宅合浦団地","青森県青森市港町3-11-5","40.830043","140.772714"
"浪打中学校","青森県青森市合浦1-11-10","40.827915","140.772194"
"オカでんアリーナ（青森市スポーツ会館）","青森県青森市合浦1-13-1","40.828417","140.774061"
"合浦公園","青森県青森市合浦２－８６外","40.830355","140.779159"
"桜川八甲緑地","青森県青森市桜川1-1","40.817867","140.767519"
"桜川中央公園","青森県青森市桜川4-1296","40.813614","140.771479"
"桜川福祉館","青森県青森市桜川5-19-3","40.813184","140.772326"
"青森高等学校","青森県青森市桜川8-1-2","40.809084","140.767472"
"中央市民センター筒井分館","青森県青森市桜川8-1-3","40.806922","140.768319"
"筒井中学校","青森県青森市桜川8-15-1","40.807816","140.770476"
"みよし西公園","青森県青森市三好1-14","40.834683","140.703466"
"みよし東公園","青森県青森市三好1-4","40.832797","140.705529"
"マルハン三好店","青森県青森市三好２－２－４外","40.831172","140.704712"
"自由ヶ丘西公園","青森県青森市自由ケ丘1-4","40.815035","140.796244"
"自由ヶ丘中央公園","青森県青森市自由ケ丘2-11","40.814548","140.799935"
"篠田福祉館","青森県青森市篠田2-20-25","40.8271","140.724496"
"篠田小学校","青森県青森市篠田3-16-2","40.828164","140.719448"
"１号遊歩道緑地","青森県青森市勝田1","40.817587","140.752818"
"高等看護学院","青森県青森市勝田1-16-16","40.815132","140.755911"
"浦町公園","青森県青森市勝田1-6","40.815799","140.753158"
"勝田公園","青森県青森市勝田2-10","40.817686","140.7574"
"浦町中学校","青森県青森市勝田2-25-12","40.815936","140.759939"
"平和公園","青森県青森市勝田２－３６９－１外","40.820413","140.756585"
"中央市民センター小柳分館","青森県青森市小柳3-3-5","40.819281","140.792301"
"小柳小学校","青森県青森市小柳4-6-1","40.81903","140.794656"
"ほろがけ福祉館","青森県青森市小柳6-2-7","40.818487","140.787078"
"小柳緑地","青森県青森市小柳４－１３２－１外","40.819022","140.798186"
"中央市民センター","青森県青森市松原1-6-15","40.820723","140.76081"
"勤労青少年ホーム","青森県青森市松原1-6-3","40.820958","140.760387"
"北斗高等学校","青森県青森市松原2-1-24","40.818977","140.760486"
"堤小学校","青森県青森市松原2-4-4","40.819018","140.76159"
"松原公園","青森県青森市松原3-151-15","40.816667","140.762181"
"中央市民センター松森分館","青森県青森市松森3-20-14","40.812028","140.776598"
"ホテルサンルート青森　東館","青森県青森市新町1-9-8","40.827661","140.737861"
"駅前公園","青森県青森市新町１－２－４２外","40.827241","140.73471"
"ダイナム青森西店","青森県青森市新田3-118-1","40.84135","140.709481"
"青森南高等学校","青森県青森市西大野2-12-40","40.802963","140.722991"
"鳴滝南公園","青森県青森市西大野2-2","40.804588","140.723398"
"大野中央公園","青森県青森市西大野3-12","40.801015","140.726858"
"今井公園","青森県青森市西大野5-13","40.799169","140.723325"
"莨町小学校","青森県青森市青柳2-7-25","40.827384","140.758383"
"浜田福祉館","青森県青森市青葉3-8-1","40.802681","140.755938"
"石江東公園","青森県青森市石江1-7","40.831715","140.696448"
"新青森駅前公園","青森県青森市石江2-10","40.829629","140.694742"
"石江南公園","青森県青森市石江3-11","40.830051","140.691072"
"石江西公園","青森県青森市石江5-10","40.831066","140.688111"
"戸山中学校","青森県青森市赤坂1-1-1","40.801744","140.805843"
"戸山東公園","青森県青森市赤坂1-59-65","40.797971","140.811845"
"戸山北公園","青森県青森市赤坂2-78-263","40.801346","140.811396"
"戸山中央緑地","青森県青森市赤坂１－２６８－１８０外","40.799993","140.80913"
"千刈小学校","青森県青森市千刈1-10-20","40.823791","140.72743"
"割烹旅館さつき　駐車場","青森県青森市浅虫蛍谷71-7","40.890817","140.863762"
"夢宅寺","青森県青森市浅虫山下208","40.88692","140.864129"
"軽費老人ホーム和幸園　駐車場","青森県青森市浅虫内野48-1","40.887421","140.866119"
"２号遊歩道緑地","青森県青森市造道3","40.833822","140.801164"
"造道福祉館","青森県青森市造道3-12-3","40.829666","140.787826"
"造道小学校","青森県青森市造道3-4-16","40.82903","140.786072"
"中央市民センター安田分館","青森県青森市大字安田字近野370-4","40.801735","140.712821"
"青森県総合運動公園","青森県青森市大字安田字近野２３４－７外","40.804888","140.703957"
"油川中学校","青森県青森市大字羽白字沢田471","40.854424","140.687759"
"油川市民センター","青森県青森市大字羽白字池上197-1","40.852237","140.683107"
"青森北高等学校","青森県青森市大字羽白字富田80-7","40.850115","140.688869"
"野木和公園","青森県青森市大字羽白字野木和58-2","40.848273","140.67672"
"青い森セントラルパーク","青森県青森市大字浦町","40.813156","140.748579"
"青い森セントラルパーク東広場","青森県青森市大字浦町字奥野102-57-1","40.808755","140.76067"
"カクヒログループスーパーアリーナ（青森市総合体育館）","青森県青森市大字浦町字橋本335-17","40.81396","140.745909"
"北部地区農村環境改善センター","青森県青森市大字奥内字宮田41-3","40.886141","140.675895"
"横内市民センター","青森県青森市大字横内字亀井28-2","40.777785","140.765979"
"青森中央学院大学","青森県青森市大字横内字神田12-1","40.78363","140.761861"
"青森中央学院大学（総合グラウンド・サブグラウンド）","青森県青森市大字横内字神田12-1","40.782168","140.758653"
"中央市民センター岡町分館","青森県青森市大字岡町字松本7-4","40.839995","140.683715"
"中央市民センター岩渡分館","青森県青森市大字岩渡字熊沢181-2","40.778714","140.667452"
"旧浅虫中学校","青森県青森市大字久栗坂字浜田129-5","40.870667","140.85311"
"新青森県総合運動公園","青森県青森市大字宮田","40.841386","140.842176"
"東陽小学校","青森県青森市大字宮田字玉水181-1","40.840708","140.829199"
"マエダアリーナ（新青森県総合運動公園総合体育館）","青森県青森市大字宮田字高瀬22-2","40.842815","140.840373"
"牛館ふれあいセンター","青森県青森市大字牛館字松枝84-3","40.784101","140.750072"
"荒川小・中学校金浜分教室","青森県青森市大字金浜字伊吹22-1","40.76337","140.732155"
"荒川中学校","青森県青森市大字金浜字稲田107","40.779584","140.739879"
"桐ノ沢公園","青森県青森市大字駒込字桐ノ沢3-1","40.799472","140.77996"
"中央市民センター駒込分館","青森県青森市大字駒込字見吉159-1","40.798786","140.791354"
"原別小学校","青森県青森市大字原別字袖崎8","40.834794","140.811436"
"中央市民センター戸山分館","青森県青森市大字戸山字赤坂15-5","40.806347","140.803256"
"中央市民センター戸門分館","青森県青森市大字戸門字山部106-3","40.808661","140.64227"
"青森市文化財資料等収蔵庫（旧戸門小学校）","青森県青森市大字戸門字山部99-1","40.809085","140.641727"
"中央市民センター後潟分館","青森県青森市大字後潟字平野17-7","40.942251","140.660998"
"幸畑小学校","青森県青森市大字幸畑字松元50-2","40.787918","140.783542"
"荒川市民センター","青森県青森市大字荒川字柴田129-1","40.785126","140.739586"
"荒川小学校","青森県青森市大字荒川字柴田92-5","40.787912","140.740801"
"青森県立図書館","青森県青森市大字荒川字藤戸119-7","40.79515","140.738604"
"青森県総合社会教育センター","青森県青森市大字荒川字藤戸119-7","40.795893","140.738915"
"高田小学校","青森県青森市大字高田字川瀬200-5","40.770499","140.724867"
"太陽台市民館","青森県青森市大字高田字朝日山809-334","40.75872","140.709828"
"高田教育福祉センター","青森県青森市大字高田字日野229-1","40.767839","140.721178"
"青森公立大学","青森県青森市大字合子沢字山崎153-4","40.752521","140.772198"
"中央市民センター合子沢分館","青森県青森市大字合子沢字松森93","40.770829","140.758529"
"中央市民センター左堰分館","青森県青森市大字左堰字野田35","40.915636","140.668084"
"中央市民センター細越分館","青森県青森市大字細越字栄山469-6","40.789221","140.711866"
"青森市埋蔵文化財資料整理作業場（旧栄山小学校）","青森県青森市大字細越字栄山595","40.796158","140.710667"
"滝内福祉館","青森県青森市大字三内字稲元122-1","40.821332","140.707903"
"三内中学校","青森県青森市大字三内字丸山108-4","40.815669","140.704167"
"西部工業団地公園","青森県青森市大字三内字丸山394-101","40.804504","140.688048"
"三内西小学校","青森県青森市大字三内字丸山86-1","40.816688","140.705734"
"中央市民センター三内分館","青森県青森市大字三内字沢部191-1","40.819326","140.70191"
"横内中学校","青森県青森市大字四ツ石字里見64-6","40.778","140.7724"
"青森市農業振興センター","青森県青森市大字四戸橋字磯部243-319","40.943063","140.630633"
"中央市民センター小橋分館","青森県青森市大字小橋字田川56-5","40.922207","140.667459"
"緑ヶ丘東公園","青森県青森市大字新城","40.821945","140.672231"
"中央市民センター白旗野分館","青森県青森市大字新城字山田270-1","40.822919","140.653499"
"東希望公園","青森県青森市大字新城字山田339-74","40.82765","140.662042"
"山田児童遊園","青森県青森市大字新城字山田665-84","40.828992","140.66597"
"新城中央小学校","青森県青森市大字新城字平岡141-1","40.825635","140.674693"
"新城中学校","青森県青森市大字新城字平岡160","40.822129","140.680055"
"西部市民センター","青森県青森市大字新城字平岡163-22","40.82613","140.678147"
"新城小学校","青森県青森市大字新城字平岡266-14","40.829106","140.687455"
"青森西高等学校","青森県青森市大字新城字平岡266-20","40.828809","140.684286"
"中央市民センター瀬戸子分館","青森県青森市大字瀬戸子字磯田25","40.882803","140.678057"
"北中学校","青森県青森市大字清水字浜元135-1","40.904394","140.669023"
"北小学校","青森県青森市大字清水字浜元181","40.900568","140.6744"
"中央市民センター内真部分館","青森県青森市大字清水字浜元45-1","40.906302","140.672055"
"中央市民センター西田沢分館","青森県青森市大字西田沢字浜田105","40.862379","140.68671"
"中央市民センター石江分館","青森県青森市大字石江字江渡25-1","40.825842","140.695237"
"浅虫緑地","青森県青森市大字浅虫","40.888542","140.860514"
"ホテル秋田屋","青森県青森市大字浅虫字蛍谷293-12","40.894046","140.861195"
"南部屋・海扇閣","青森県青森市大字浅虫字蛍谷31","40.889746","140.861478"
"ユーサ浅虫","青森県青森市大字浅虫字蛍谷341-19","40.891589","140.861383"
"旧浅虫小学校（グラウンド）","青森県青森市大字浅虫字山下132","40.886303","140.868099"
"孫内農村センター","青森県青森市大字孫内字北原140-1","40.758545","140.634231"
"鳴滝公園","青森県青森市大字大野","40.806735","140.72562"
"大野公園","青森県青森市大字大野","40.804741","140.734244"
"大野市民センター","青森県青森市大字大野字若宮71","40.804469","140.734308"
"青い森セントラルパーク西広場","青森県青森市大字大野字長島36-53","40.819036","140.737118"
"青森県総合学校教育センター","青森県青森市大字大矢沢字野田80-2","40.789275","140.773347"
"中央市民センター鶴ヶ坂分館","青森県青森市大字鶴ケ坂字田川148-2","40.788087","140.630176"
"浜館小学校","青森県青森市大字田屋敷字下り松17","40.805555","140.789767"
"中央市民センター田茂木野分館","青森県青森市大字田茂木野字阿部野77","40.76655","140.799307"
"八ッ橋ニュータウン中央公園","青森県青森市大字筒井","40.79723","140.767965"
"中央市民センター中筒井分館","青森県青森市大字筒井字桜川87-4","40.802539","140.776313"
"筒井南小学校","青森県青森市大字筒井字八ッ橋46-1","40.797278","140.770051"
"京王台公園","青森県青森市大字筒井字八ッ橋９７３外","40.800738","140.769306"
"野沢小学校入内分校跡地","青森県青森市大字入内字駒田18-1","40.717259","140.71831"
"青森工業高等学校","青森県青森市大字馬屋尻字清水流204-1","40.844161","140.821434"
"東中学校","青森県青森市大字八幡林字熊谷28","40.83508","140.818386"
"あすか海岸緑地","青森県青森市大字飛鳥","40.870619","140.684937"
"中央市民センター飛鳥分館","青森県青森市大字飛鳥字塩越49-53","40.875506","140.682104"
"旧西田沢小学校","青森県青森市大字飛鳥字塩越80","40.872694","140.680579"
"県立保健大学","青森県青森市大字浜館字間瀬58-1","40.814134","140.792097"
"盛運輸アリーナ　（青森県営スケート場）","青森県青森市大字浜田","40.797325","140.751209"
"浜田小学校","青森県青森市大字浜田字豊田36-2","40.805709","140.756891"
"青森高等技術専門校","青森県青森市大字野尻字今田43-1","40.782632","140.766068"
"青森県身体障がい者福祉センターねむのき会館","青森県青森市大字野尻字今田52-4","40.78412","140.765393"
"横内小学校","青森県青森市大字野尻字野田60","40.781656","140.770664"
"青森市小牧野遺跡保護センター「縄文の学び舎・小牧野館」（旧野沢小学校）","青森県青森市大字野沢字沢部108","40.747768","140.723435"
"野内小学校","青森県青森市大字野内字菊川155","40.849387","140.818849"
"野木中央公園","青森県青森市大字野木","40.765805","140.746788"
"野木ふるさと館","青森県青森市大字野木字山口140-2","40.762263","140.740467"
"油川小学校","青森県青森市大字油川字船岡36","40.850514","140.691969"
"浪館福祉館","青森県青森市大字浪館字志田36","40.808189","140.720938"
"西中学校","青森県青森市大字浪館字志田36","40.808782","140.719254"
"泉川小学校","青森県青森市大字浪館字泉川1-1","40.806789","140.7216"
"中央市民センター浪館分館","青森県青森市大字浪館字平岡66-1","40.80963","140.713452"
"旧後潟小学校","青森県青森市大字六枚橋字磯打95","40.934599","140.662025"
"中央市民センター大矢沢分館","青森県青森市大矢沢字里見35-2","40.78024","140.773985"
"八ツ役北公園","青森県青森市第二問屋町３－１－４４外","40.793814","140.753435"
"合浦小学校","青森県青森市茶屋町32-17","40.827687","140.767697"
"茶屋町公園","青森県青森市茶屋町32-21","40.827293","140.76749"
"浦町小学校","青森県青森市中央2-17-13","40.818999","140.748883"
"中央西公園","青森県青森市中央2-17-14","40.818769","140.75023"
"青森市総合福祉センター","青森県青森市中央3-16-1","40.81633","140.747568"
"アピオあおもり","青森県青森市中央3-17-1","40.816768","140.747429"
"県民福祉プラザ","青森県青森市中央3-20-30","40.816748","140.750045"
"佃中学校","青森県青森市中佃2-7-1","40.816048","140.780688"
"青い森公園","青森県青森市長島1-2","40.824156","140.741887"
"長島小学校","青森県青森市長島3-8-1","40.821648","140.740577"
"佃福祉館","青森県青森市佃1-3-21","40.819865","140.773296"
"つくだウェザーパーク","青森県青森市佃2-155-16","40.819995","140.777817"
"佃小学校","青森県青森市佃2-6-1","40.819504","140.778149"
"ホテル青森","青森県青森市堤町1-1-23","40.825108","140.755419"
"リンクステーションホール青森（青森市文化会館）","青森県青森市堤町1-4-1","40.824393","140.756888"
"国家公務員合同宿舎造道住宅","青森県青森市東造道1-5-1","40.833227","140.794192"
"東大野公園","青森県青森市東大野1-14","40.802686","140.743515"
"青森中央高等学校","青森県青森市東大野1-22-1","40.802153","140.744396"
"大野小学校","青森県青森市東大野1-3-1","40.804184","140.742481"
"筒井小学校","青森県青森市筒井1-1-1","40.808479","140.764992"
"虹ヶ丘公園","青森県青森市虹ケ丘1-9","40.811889","140.793174"
"えのき公園","青森県青森市浜館4-4","40.811098","140.789121"
"はまだて公園","青森県青森市浜館２－９－１外","40.808677","140.784116"
"マルハン浜田店","青森県青森市浜田","40.796989","140.757313"
"浜田ニュータウン西公園","青森県青森市浜田1-11","40.802439","140.748329"
"浜田ニュータウン東公園","青森県青森市浜田2-22-1","40.802127","140.753895"
"浜田中央公園","青森県青森市浜田3-2-1","40.797213","140.74813"
"中央市民センター相野分館","青森県青森市富田2-14-12","40.830142","140.715495"
"中央市民センター西滝分館","青森県青森市富田2-3-33","40.826664","140.716088"
"北金沢公園","青森県青森市北金沢２－１５７－５外","40.818995","140.731962"
"アートホテル青森","青森県青森市本町2-1-26","40.827151","140.746317"
"青森フォレストホテルアネックス","青森県青森市本町2-5-18","40.825842","140.746902"
"福祉増進センター","青森県青森市本町4-1-3","40.829281","140.75136"
"アップルパレス青森","青森県青森市本町5-1-5","40.827561","140.75114"
"本町公園","青森県青森市本町１－１－１８外","40.823998","140.746881"
"青森市はまなす会館","青森県青森市問屋町1-10-10","40.78877","140.754618"
"リンクモア平安閣市民ホール（青森市民ホール）","青森県青森市柳川1-2-14","40.826611","140.733378"
"県営住宅ベイサイド柳川Ａ棟","青森県青森市柳川1-3-23","40.830511","140.730421"
"市営住宅ベイサイド柳川","青森県青森市柳川1-3-25","40.830816","140.73116"
"県営住宅ベイサイド柳川Ｂ棟","青森県青森市柳川1-3-26","40.831043","140.730531"
"県営住宅ベイサイド柳川Ｃ棟","青森県青森市柳川1-3-27","40.831526","140.730843"
"青森市役所　柳川庁舎","青森県青森市柳川2-1-1","40.832579","140.727608"
"三内小学校","青森県青森市里見1-9-1","40.817542","140.712182"
"奥野西公園","青森県青森市緑1-10","40.807063","140.743311"
"奥野中央公園","青森県青森市緑2-17-1","40.807475","140.74996"
"南中学校","青森県青森市緑2-6-1","40.807439","140.746511"
"王余魚沢小学校跡地","青森県青森市浪岡大字王余魚沢字王余魚沢1","40.724222","140.663569"
"王余魚沢児童館","青森県青森市浪岡大字王余魚沢字北村元29","40.725624","140.656023"
"浪岡女鹿沢公民館","青森県青森市浪岡大字下十川字宮本36-1","40.689774","140.556583"
"女鹿沢小学校","青森県青森市浪岡大字下十川字扇田19-2","40.69809","140.564404"
"下石川ふれあいセンター","青森県青森市浪岡大字下石川字岡田143-1","40.734314","140.532965"
"浪岡野沢小学校","青森県青森市浪岡大字吉野田字平野51-2","40.721423","140.550554"
"吉野田農村センター","青森県青森市浪岡大字吉野田字木戸口10-1","40.723525","140.544758"
"吉野田児童館","青森県青森市浪岡大字吉野田字木戸口10-1","40.723001","140.544646"
"郷山前農村公園","青森県青森市浪岡大字郷山前字上野30-1","40.715743","140.552616"
"郷山前農村センター","青森県青森市浪岡大字郷山前字上野62-5","40.716044","140.553582"
"銀農村センター","青森県青森市浪岡大字銀字杉田151","40.705455","140.561884"
"五本松農村センター","青森県青森市浪岡大字五本松字羽黒平40-1","40.722914","140.615877"
"美人川公園","青森県青森市浪岡大字五本松字羽黒平9-2","40.725711","140.621551"
"浪岡大杉公民館","青森県青森市浪岡大字高屋敷字安田29-2","40.741149","140.58667"
"大杉公園","青森県青森市浪岡大字高屋敷字安田35-1","40.740354","140.58669"
"杉沢農村公園","青森県青森市浪岡大字高屋敷字後田32-1","40.731211","140.586972"
"杉高児童館","青森県青森市浪岡大字高屋敷字後田32-1","40.731227","140.586188"
"浪岡細野山の家","青森県青森市浪岡大字細野字沢井37-3","40.693427","140.659913"
"女鹿沢農村センター","青森県青森市浪岡大字女鹿沢字西花岡35","40.706757","140.579153"
"ダイナム青森浪岡店","青森県青森市浪岡大字女鹿沢字西花岡86-4","40.705037","140.575327"
"女鹿沢児童館","青森県青森市浪岡大字女鹿沢字東富田57-2","40.703983","140.577623"
"女鹿沢児童公園","青森県青森市浪岡大字女鹿沢字東富田57-3","40.70416","140.577819"
"花岡農村環境改善センター","青森県青森市浪岡大字女鹿沢字野尻14-1","40.711912","140.572478"
"健康の森花岡プラザ","青森県青森市浪岡大字女鹿沢字野尻14-1","40.712","140.573001"
"花岡集会所","青森県青森市浪岡大字女鹿沢字野尻14-1","40.711029","140.575203"
"西山公園","青森県青森市浪岡大字女鹿沢字野尻14-142","40.720439","140.578582"
"花岡公園","青森県青森市浪岡大字女鹿沢字野尻28-3","40.711382","140.574098"
"増館農村センター","青森県青森市浪岡大字増館字富岡140-2","40.679906","140.548349"
"旧大栄小学校","青森県青森市浪岡大字大釈迦字前田5-2","40.75663","140.589722"
"大釈迦駅前広場","青森県青森市浪岡大字大釈迦字前田55-20","40.756841","140.587526"
"大釈迦駅前会館","青森県青森市浪岡大字大釈迦字前田78-8","40.756353","140.586596"
"浪岡野沢公民館","青森県青森市浪岡大字樽沢字村元313-4","40.711034","140.556879"
"野沢公園","青森県青森市浪岡大字樽沢字村元382-11","40.712416","140.562914"
"徳長農村センター","青森県青森市浪岡大字徳才子字福田4-1","40.751908","140.590277"
"浪岡北中野公民館","青森県青森市浪岡大字北中野字天王27-7","40.71034","140.6027"
"北中野農村公園","青森県青森市浪岡大字北中野字北畠195","40.706457","140.603522"
"浪岡南小学校","青森県青森市浪岡大字北中野字北畠3","40.708386","140.598009"
"本郷小学校","青森県青森市浪岡大字本郷字一本柳4","40.696409","140.614205"
"本郷農村公園","青森県青森市浪岡大字本郷字岸田17","40.690186","140.61702"
"浪岡本郷公民館","青森県青森市浪岡大字本郷字岸田21-5","40.690507","140.617766"
"緑道公園","青森県青森市浪岡大字浪岡","40.712645","140.58876"
"浪岡中学校","青森県青森市浪岡大字浪岡字稲盛1","40.705541","140.588034"
"浪岡総合公園","青森県青森市浪岡大字浪岡字稲盛6","40.704169","140.588336"
"浪岡体育館","青森県青森市浪岡大字浪岡字稲盛93","40.706338","140.588176"
"浪岡中央公民館","青森県青森市浪岡大字浪岡字稲村101-1","40.709581","140.595647"
"浪岡高等学校","青森県青森市浪岡大字浪岡字稲村101-2","40.709059","140.594148"
"中世の館","青森県青森市浪岡大字浪岡字岡田43","40.714167","140.597166"
"平川児童館","青森県青森市浪岡大字浪岡字平野174-3","40.714164","140.585846"
"平川児童公園","青森県青森市浪岡大字浪岡字平野202-2","40.71381","140.585882"
"浪岡茶屋町会館","青森県青森市浪岡大字浪岡字林本79-2","40.714602","140.592668"
"浪岡北小学校","青森県青森市浪岡大字浪岡字淋城29","40.719514","140.593218"
"なごやかプラザ福田","青森県青森市浪岡福田2-4-3","40.719353","140.584327"
"浪館小学校","青森県青森市浪館前田3-23-1","40.811125","140.71624"
"浪打小学校","青森県青森市浪打1-4-1","40.823715","140.777005"
"青森明の星短期大学","青森県青森市浪打2-6-32","40.823771","140.781171"
"奥戸小学校グラウンド","青森県大間町奥戸字館ノ上96","41.489326","140.906403"
"旧奥戸中学校グラウンド","青森県大間町奥戸字館ノ上96-7","41.487291","140.907541"
"農村婦人の家前","青森県大間町奥戸字材木川目32-2","41.471094","140.891646"
"材木防災公園","青森県大間町奥戸字焼畑52-2","41.468893","140.890485"
"向町防災公園","青森県大間町奥戸字二ツ石179-25","41.501712","140.911098"
"奥戸防災公園","青森県大間町奥戸字八森4-1","41.492013","140.911342"
"奥戸交流館駐車場","青森県大間町奥戸字浜町通48-1","41.489726","140.906098"
"大間町総合開発センター駐車場","青森県大間町大間字奥戸下道20-1","41.523166","140.904559"
"大間保育園グラウンド","青森県大間町大間字奥戸道17-6","41.526138","140.904933"
"大間幼稚園グラウンド","青森県大間町大間字大間平20-38","41.526715","140.923411"
"大間高等学校グラウンド","青森県大間町大間字大間平20-43","41.527636","140.926418"
"大間中学校グラウンド","青森県大間町大間字大間平31-1","41.527638","140.923308"
"大間町勤労青少年ホーム前","青森県大間町大間字大間平41-7","41.542485","140.913769"
"大間小学校グラウンド","青森県大間町大間字狼丁37-2","41.52812","140.913757"
"下手浜児童公園","青森県大間町大間平41-82","41.542234","140.913502"
"大鰐小学校グラウンド","青森県大鰐町大字羽黒館45","40.517724","140.566659"
"居土多目的集会センター","青森県大鰐町大字居土字宮本53-5","40.503715","140.530289"
"高野新田多目的集会センター","青森県大鰐町大字居土字高野新田27-4","40.487532","140.529977"
"折紙多目的集会センター","青森県大鰐町大字居土字沢田74-2","40.508061","140.515254"
"苦木多目的集会センター","青森県大鰐町大字苦木字豊田8-2","40.516095","140.600001"
"大鰐町農家高齢者創作館","青森県大鰐町大字駒木字駒木平124-1","40.518431","140.629874"
"旧大鰐第二小学校グラウンド","青森県大鰐町大字三ツ目内字大堰口3-2","40.509792","140.537432"
"旧大鰐第二小学校","青森県大鰐町大字三ツ目内字大堰口3-2","40.509926","140.538092"
"三ツ目内生活改善センター","青森県大鰐町大字三ツ目内字福清水46","40.519187","140.546079"
"宿川原生活改善センター","青森県大鰐町大字宿川原字川崎81-2","40.525426","140.55814"
"森山多目的研修センター","青森県大鰐町大字森山字東舘51","40.537421","140.546962"
"早瀬野多目的集会センター","青森県大鰐町大字早瀬野字小金沢142-2","40.479115","140.554014"
"旧蔵館小学校グラウンド","青森県大鰐町大字蔵館字古館80-1","40.523596","140.578858"
"大鰐町総合福祉センター","青森県大鰐町大字蔵館字川原田37-6","40.51881","140.582"
"大鰐小学校","青森県大鰐町大字大鰐字羽黒館54","40.517007","140.566883"
"大鰐町総合運動公園","青森県大鰐町大字大鰐字出張沢11-39","40.507487","140.57715"
"大鰐町中央公民館","青森県大鰐町大字大鰐字前田51-8","40.520318","140.57035"
"九十九森公民館","青森県大鰐町大字長峰字九十九森76-3","40.51273","140.604992"
"駒の台へき地保健福祉館","青森県大鰐町大字長峰字駒ノ台193","40.520133","140.646008"
"元長峰多目的集会センター","青森県大鰐町大字長峰字前田23-1","40.520077","140.596205"
"旧長峰小学校グラウンド","青森県大鰐町大字長峰字沢田1","40.513173","140.601854"
"旧長峰小学校","青森県大鰐町大字長峰字沢田1","40.513499","140.60278"
"長峰多目的研修センター","青森県大鰐町大字長峰字沢田2-3","40.513954","140.602651"
"唐牛構造改善センター","青森県大鰐町大字唐牛字沼田133-23","40.498525","140.614516"
"森林浴交流センターしまだ","青森県大鰐町大字島田字ゾベコ沢71-1","40.471291","140.581048"
"大鰐中学校","青森県大鰐町大字虹貝字篠塚24-1","40.519727","140.560823"
"大鰐中学校グラウンド","青森県大鰐町大字虹貝字篠塚44-1","40.520501","140.560211"
"清川児童公園","青森県大鰐町大字虹貝字清川154-1","40.518972","140.564299"
"虹貝コミュニティセンター","青森県大鰐町大字虹貝字清川95-1","40.514857","140.56167"
"虹貝新田へき地保健福祉館","青森県大鰐町大字虹貝字大熊沢73-3","40.503308","140.559849"
"八幡館社会福祉館","青森県大鰐町大字八幡館字沢田65-1","40.541702","140.558398"
"福寿荘","青森県中泊町大字芦野字堤の袖153-9","40.938576","140.409967"
"宮野沢総合研修センター","青森県中泊町大字宮野沢字浦島46","40.961316","140.453479"
"高寿荘","青森県中泊町大字高根字小金石205-4","40.98741","140.425995"
"下高根公民館","青森県中泊町大字高根字小金石916","41.006119","140.421865"
"泉寿荘","青森県中泊町大字今泉字布引115-1","41.029953","140.419771"
"稲荷山避難所","青森県中泊町大字小泊字稲荷20-1","41.129748","140.301973"
"稲荷山防災広場","青森県中泊町大字小泊字稲荷28-2","41.129313","140.302113"
"熊野神社","青森県中泊町大字小泊字下前175-1","41.121863","140.275586"
"熊野神社境内","青森県中泊町大字小泊字下前175-1","41.121817","140.275757"
"すくすくしたまえ館","青森県中泊町大字小泊字下前207-2","41.121076","140.273087"
"下前児童公園","青森県中泊町大字小泊字下前46-1","41.121726","140.273341"
"折戸防災広場","青森県中泊町大字小泊字下前51-12","41.113914","140.29953"
"下前上高台","青森県中泊町大字小泊字下前地内","41.122861","140.277922"
"下前浜高台④","青森県中泊町大字小泊字下前地内","41.121916","140.272032"
"下前中高台","青森県中泊町大字小泊字下前地内","41.12211","140.274167"
"上町高台","青森県中泊町大字小泊字割長根地内","41.125815","140.307577"
"ふれあい運動場","青森県中泊町大字小泊字砂山1076-3","41.128967","140.310573"
"花丘団地駐車場","青森県中泊町大字小泊字砂山1082","41.129355","140.310951"
"共同墓地駐車場","青森県中泊町大字小泊字砂山1157-1","41.128212","140.313724"
"老人憩いの家","青森県中泊町大字小泊字砂山1158","41.130341","140.309011"
"若葉町高台","青森県中泊町大字小泊字砂山地内","41.131703","140.310935"
"新町１高台","青森県中泊町大字小泊字砂山地内","41.133561","140.31411"
"旧小泊中学校グラウンド","青森県中泊町大字小泊字鮫貝196-188","41.12192","140.293342"
"旧下前小学校グラウンド","青森県中泊町大字小泊字漆流36-1","41.122799","140.272238"
"すくすくこどまり館","青森県中泊町大字小泊字小泊423","41.131436","140.305388"
"日本海漁火センター","青森県中泊町大字小泊字小泊488","41.130583","140.300651"
"港老人憩いの家","青森県中泊町大字小泊字水澗17-1","41.131201","140.294085"
"青岩高台","青森県中泊町大字小泊字青岩地内","41.163905","140.328374"
"折戸避難所","青森県中泊町大字小泊字折戸51-12","41.113811","140.299503"
"すくすく折戸館","青森県中泊町大字小泊字折戸65","41.115585","140.296204"
"道の駅高台","青森県中泊町大字小泊字折腰内45","41.145617","140.3205"
"基幹集落センター","青森県中泊町大字小泊字大山長根114","41.131893","140.292909"
"入舟高台②","青森県中泊町大字小泊字大山長根地内","41.130664","140.29254"
"小泊克雪センター","青森県中泊町大字小泊字築上104-2","41.119119","140.303923"
"下前浜高台③","青森県中泊町大字小泊字中間地内","41.121722","140.269886"
"高齢者福祉センター","青森県中泊町大字小泊字朝間25","41.127517","140.309807"
"国道３３９号線","青森県中泊町大字小泊字朝間地内","41.127028","140.313445"
"下前浜高台①","青森県中泊町大字小泊字尾崎道地内","41.122465","140.264822"
"入舟高台①","青森県中泊町大字小泊字嗽沢地内","41.133056","140.288785"
"下前浜高台②","青森県中泊町大字小泊字渕岩地内","41.121318","140.267837"
"深寿荘","青森県中泊町大字深郷田字富森84-17","40.95908","140.440926"
"二タ見団地集会所","青森県中泊町大字大沢内字海原217","40.944297","140.442679"
"大沢内集会所","青森県中泊町大字大沢内字二タ見356-2","40.938865","140.441302"
"中里小学校体育館","青森県中泊町大字中里字亀山251-1","40.964541","140.445057"
"輪寿荘","青森県中泊町大字中里字紅葉坂134","40.962699","140.434678"
"中泊町役場大会議室","青森県中泊町大字中里字紅葉坂209","40.960442","140.434001"
"総合文化センター","青森県中泊町大字中里字紅葉坂210","40.961129","140.432954"
"中央公民館","青森県中泊町大字中里字宝森1-2","40.968005","140.432611"
"老人福祉センター","青森県中泊町大字中里字宝森1-2","40.968008","140.433148"
"中里中学校体育館","青森県中泊町大字中里字宝森309","40.967936","140.425167"
"体育センター","青森県中泊町大字中里字宝森70-1","40.967416","140.431131"
"長寿荘","青森県中泊町大字長泥字玉清水1-8","40.955682","140.383565"
"竹田あけぼのセンター","青森県中泊町大字田茂木字若宮735","40.976304","140.398908"
"若宮へき地保健福祉館","青森県中泊町大字田茂木字若宮地内","41.000086","140.395879"
"田茂木防災センター","青森県中泊町大字田茂木字鳴見381-21","40.943302","140.397004"
"内潟公民館","青森県中泊町大字薄市字飛石21-2","41.010774","140.424705"
"薄市小学校体育館","青森県中泊町大字薄市字飛石田野沢187-1","41.008064","140.425203"
"盛寿荘","青森県中泊町大字八幡字八幡62-2","40.954039","140.437535"
"尾別老人憩いの家","青森県中泊町大字尾別字玉の井40-3","40.981648","140.427761"
"武田公民館","青森県中泊町大字富野字千歳188-7","40.937284","140.416675"
"武田小学校体育館","青森県中泊町大字富野字千歳305-1","40.934887","140.414614"
"鶴寿荘","青森県中泊町大字豊岡字片岡1-1","40.948343","140.415442"
"豊島農村婦人の家","青森県中泊町大字豊島字宮本190-2","40.925748","140.424708"
"袰内高台","青森県中泊町大字北小泊山国有林","41.245085","140.343191"
"旧梅沢小学校","青森県鶴田町大字横萢字松倉16-1","40.755658","140.472561"
"横萢ふれあいセンター","青森県鶴田町大字横萢字松倉2-1","40.754268","140.471645"
"沖ふれあいセンター","青森県鶴田町大字沖字岡田289-1","40.74691","140.469263"
"松倉文化センター","青森県鶴田町大字沖字藤巻99-5","40.757091","140.464179"
"廻堰ふれあいセンター","青森県鶴田町大字廻堰字下桂井58-3","40.759585","140.392449"
"境・胡桃舘ふれあいセンター","青森県鶴田町大字胡桃舘字池田1-1","40.735683","140.453105"
"旧胡桃舘小学校","青森県鶴田町大字胡桃舘字北田171","40.741496","140.454506"
"中野文化センター","青森県鶴田町大字胡桃舘字北田21","40.742136","140.455123"
"山道文化センター","青森県鶴田町大字山道字小泉371","40.75515","140.451435"
"あやめふれあいセンター","青森県鶴田町大字菖蒲川字一本柳321-3","40.737144","140.426138"
"旧菖蒲川小学校","青森県鶴田町大字菖蒲川字一本柳71-1","40.733165","140.42583"
"瀬良沢ふれあいセンター","青森県鶴田町大字瀬良沢字篠田40-2","40.750427","140.491906"
"大巻ふれあいセンター","青森県鶴田町大字大巻字柳葉309","40.778411","140.422285"
"大性ふれあいセンター","青森県鶴田町大字大性字一本柳30-3","40.726944","140.425939"
"鶴田町公民館","青森県鶴田町大字鶴田字沖津189-1","40.750023","140.428601"
"鶴田町保健福祉センター　「鶴遊館」","青森県鶴田町大字鶴田字沖津193","40.749097","140.427776"
"鶴田町体育センター","青森県鶴田町大字鶴田字沖津203-1","40.749961","140.429202"
"鶴田町武徳館","青森県鶴田町大字鶴田字沖津204-1","40.750322","140.429417"
"みどり町集会所","青森県鶴田町大字鶴田字沖津237-54","40.746351","140.430738"
"下山学園高等学校","青森県鶴田町大字鶴田字小泉369-1","40.754165","140.439344"
"駅東町営住宅集会所","青森県鶴田町大字鶴田字小泉441-1","40.755678","140.437949"
"鶴田町農村環境改善センター　「豊明館」","青森県鶴田町大字鶴田字早瀬184-1","40.757919","140.429428"
"亀田・新田子ふれあいセンター","青森県鶴田町大字鶴田字大泉79-1","40.773713","140.439397"
"鶴田小学校体育館","青森県鶴田町大字鶴田字鷹ノ尾11-2","40.762258","140.429451"
"鶴田小学校","青森県鶴田町大字鶴田字鷹ノ尾11-2","40.762975","140.43011"
"強巻文化センター","青森県鶴田町大字鶴田字鷹ノ尾99-3","40.764632","140.428353"
"鶴田町立柔剣道場","青森県鶴田町大字鶴田字渡舟20-1","40.752275","140.424921"
"鶴田中学校","青森県鶴田町大字鶴田字渡舟80-1","40.751391","140.425149"
"鶴泊ふれあいセンター","青森県鶴田町大字鶴泊字東田15","40.735838","140.432363"
"田の尻文化センター","青森県鶴田町大字尾原字下亀甲26-7","40.769813","140.408244"
"尾原文化センター","青森県鶴田町大字尾原字上亀甲52","40.757434","140.406712"
"妙堂崎担い手センター","青森県鶴田町大字妙堂崎字上林34-8","40.774649","140.384179"
"旧水元中央小学校","青森県鶴田町大字妙堂崎字杉元75","40.767609","140.388645"
"共栄文化センター","青森県鶴田町大字妙堂崎字米山267-3","40.760935","140.342826"
"西中野文化センター","青森県鶴田町大字木筒字上掛橋48","40.755891","140.414335"
"前中野集落農事集会所","青森県鶴田町大字木筒字上藤代71-1","40.749921","140.409847"
"木筒文化センター","青森県鶴田町大字木筒字上柳川31-4","40.756055","140.422119"
"鶴寿町営住宅集会所","青森県鶴田町大字木筒字上柳川46-1","40.758698","140.422173"
"間山文化センター","青森県鶴田町大字野木字下糺57-1","40.750981","140.398068"
"野木ふれあいセンター","青森県鶴田町大字野木字西松虫27-1","40.743215","140.415034"
"旧富士見小学校","青森県鶴田町大字野木字西鶴見90","40.749391","140.411591"
"新田地区活性化センター","青森県田子町大字遠瀬字堺沢出口1-2","40.269958","141.056061"
"水亦生活館","青森県田子町大字遠瀬字水亦24-2","40.258437","141.097181"
"遠瀬生活館","青森県田子町大字遠瀬字苗代71","40.28424","141.078537"
"（有）堀川ブロイラー車庫","青森県田子町大字夏坂字田代平5-1","40.295604","141.014507"
"やすらぎの駐車帯","青森県田子町大字関字関53-3","40.291292","141.041243"
"雀ケ平生活館","青森県田子町大字原字雀ケ平8-2","40.323446","141.146029"
"飯豊生活館","青森県田子町大字原字飯豊33-1","40.310333","141.129644"
"都市農村交流センター","青森県田子町大字原字飛鳥平26-1","40.315798","141.131012"
"野面生活館","青森県田子町大字原字野面77-8","40.318766","141.143743"
"嘉沢地区集落センター","青森県田子町大字山口字嘉沢11-5","40.290338","141.062621"
"上郷公民館","青森県田子町大字山口字道前80","40.290763","141.077447"
"石亀地区研修センター","青森県田子町大字石亀字石亀6","40.304037","141.095135"
"明土平生活館","青森県田子町大字相米字高屋敷128-2","40.334873","141.121104"
"細野地区集落センター","青森県田子町大字相米字細野134-4","40.344145","141.127658"
"柴倉生活館","青森県田子町大字相米字柴倉沢32-1","40.326536","141.091558"
"根渡地区担い手センター","青森県田子町大字相米字石亀渡40","40.31882","141.092685"
"相米へき地保健福祉館","青森県田子町大字相米字天間屋敷33","40.329294","141.113048"
"野月生活館","青森県田子町大字相米字野月6-1","40.336035","141.140545"
"衣更地区集落センター","青森県田子町大字田子字衣更66","40.328844","141.15424"
"下田子生活館","青森県田子町大字田子字下田子61-9","40.348436","141.172821"
"舞手地区コミュニティ消防センター","青森県田子町大字田子字喜助ケ沢1-2","40.345111","141.17665"
"向山地区コミュニティ消防センター","青森県田子町大字田子字向山上ミ平16-3","40.336326","141.162594"
"上野地区多目的研修センター","青森県田子町大字田子字上野2-3","40.350117","141.161116"
"清水頭地区総合研修センター","青森県田子町大字田子字清水頭下モ久保78-1","40.360865","141.111129"
"川代生活館","青森県田子町大字田子字大王31-2","40.354757","141.099544"
"池振地区集落センター","青森県田子町大字田子字池振下モ平2","40.346292","141.136367"
"長坂地区集落センター","青森県田子町大字田子字長坂29-4","40.361574","141.146743"
"光明寺","青森県田子町大字田子字天神堂平51-1","40.338544","141.153785"
"耕田寺","青森県田子町大字田子字田子86-1","40.341738","141.148186"
"上ノ平生活館","青森県田子町大字田子字田子上ノ平21","40.343993","141.152793"
"干草場生活館","青森県田子町大字田子字二次下モ平7-7","40.364583","141.124325"
"川向生活館","青森県田子町大字田子字馬場18-2","40.354093","141.12414"
"中央公民館","青森県田子町大字田子字柏木田169","40.342171","141.156304"
"袖平生活館","青森県田子町大字田子字白椛1-1","40.367113","141.102206"
"田子町商工会館","青森県田子町大字田子字風張13-1","40.339535","141.146812"
"野々上生活館","青森県田子町大字田子字野々上45-3","40.344112","141.139617"
"矢田郎地区コミュニティ消防センター","青森県田子町大字田子字矢田郎平3-6","40.333846","141.144766"
"茂市地区担い手センター","青森県田子町大字茂市字茂市21-1","40.300515","141.087165"
"境森集会所","青森県田舎館村大字境森字佃87-8","40.654941","140.538943"
"境森集落広場","青森県田舎館村大字境森字福田2-13","40.654242","140.538398"
"高樋老人福祉センター","青森県田舎館村大字高樋字深山林17-4","40.637178","140.573343"
"弥生の里","青森県田舎館村大字高樋字泉8","40.63366","140.577588"
"枝川集会所","青森県田舎館村大字枝川字狐森28-1","40.642842","140.56504"
"十二川原集会所","青森県田舎館村大字十二川原字石盛56","40.640194","140.569803"
"諏訪堂農村公園","青森県田舎館村大字諏訪堂字松岡12-1","40.631307","140.525647"
"諏訪堂集会所","青森県田舎館村大字諏訪堂字村元33-2","40.632128","140.527173"
"垂柳公民館","青森県田舎館村大字垂柳字永田33-1","40.636824","140.566017"
"垂柳地区農村公園","青森県田舎館村大字垂柳字石森80-3","40.638555","140.566915"
"川部駅前児童公園","青森県田舎館村大字川部字上西田122","40.645561","140.518644"
"田舎館村農村広場","青森県田舎館村大字川部字上船橋52-1","40.648307","140.531093"
"田舎館村ふれあいセンター","青森県田舎館村大字川部字村元33-1","40.645471","140.524121"
"川部和泉交流センター","青森県田舎館村大字川部字村元34-9","40.645101","140.524081"
"川部児童公園","青森県田舎館村大字川部字村元84-1","40.644504","140.520284"
"光田寺コミュニティセンター","青森県田舎館村大字前田屋敷字東中野35-1","40.649216","140.552621"
"前田屋敷会館","青森県田舎館村大字前田屋敷字南一本柳2-8","40.648188","140.550033"
"大曲農村公園","青森県田舎館村大字大曲字早稲田116","40.632874","140.536301"
"大曲会館","青森県田舎館村大字大曲字早稲田158-8","40.632182","140.534771"
"畑中児童公園","青森県田舎館村大字大曲字早稲田94-1","40.632331","140.540852"
"大根子農村公園","青森県田舎館村大字大根子字宮崎17-4","40.637579","140.520618"
"大根子公民館","青森県田舎館村大字大根子字松森34-1","40.636306","140.520092"
"田舎館小学校","青森県田舎館村大字大根子字牧ヶ袋80","40.64079","140.518728"
"田舎館小学校グラウンド","青森県田舎館村大字大根子字牧ヶ袋80","40.640134","140.518422"
"田舎館小学校体育館","青森県田舎館村大字大根子字牧ヶ袋80","40.640773","140.517832"
"田舎館村農村婦人の家","青森県田舎館村大字大袋字樋田141","40.621366","140.512851"
"大袋農村公園","青森県田舎館村大字大袋字樋田141-2","40.621341","140.512443"
"総合研修施設（田舎舘）","青森県田舎館村大字田舎舘字東田188-1","40.63004","140.5562"
"田舎館街区公園","青森県田舎館村大字田舎舘字東田200-1","40.63048","140.556002"
"土矢倉集会所","青森県田舎館村大字土矢倉字富岡10-1","40.642142","140.537645"
"東光寺集落広場","青森県田舎館村大字東光寺字村井58-2","40.657359","140.554613"
"二津屋農村公園","青森県田舎館村大字東光寺字村井6-1","40.65825","140.55958"
"二津屋会館","青森県田舎館村大字東光寺字村井6-1","40.6581","140.560009"
"東光寺会館","青森県田舎館村大字東光寺字村井93-1","40.657283","140.554883"
"高田公民館","青森県田舎館村大字東光寺字林元39-8","40.66527","140.565232"
"高田農村公園","青森県田舎館村大字東光寺字和田56-4","40.664119","140.566046"
"新町会館","青森県田舎館村大字堂野前字種井119","40.652804","140.56813"
"堂野前集落広場","青森県田舎館村大字堂野前字種井36-2","40.650752","140.56244"
"堂野前会館","青森県田舎館村大字堂野前字種井37","40.650539","140.562597"
"前田屋敷農村公園","青森県田舎館村大字堂野前字西田20-1","40.651561","140.554229"
"新町集落広場","青森県田舎館村大字堂野前字前川原151-3","40.651915","140.568532"
"田舎館中学校グラウンド","青森県田舎館村大字畑中字観妙寺40-1","40.638259","140.550854"
"田舎館中学校","青森県田舎館村大字畑中字観妙寺40-1","40.638853","140.551198"
"田舎館中学校体育館","青森県田舎館村大字畑中字観妙寺40-1","40.639098","140.550747"
"畑中会館","青森県田舎館村大字畑中字上野184-1","40.631213","140.548967"
"田舎館村民体育館","青森県田舎館村大字畑中字藤本159-1","40.632016","140.549921"
"田舎館村中央公民館","青森県田舎館村大字畑中字藤本159-1","40.631976","140.54932"
"老人憩の家","青森県田舎館村大字畑中字藤本169","40.632696","140.550843"
"八反田会館","青森県田舎館村大字八反田字古舘139-4","40.636329","140.548944"
"豊蒔農村公園","青森県田舎館村大字豊蒔字南前田3-3","40.636601","140.506336"
"豊蒔公民館","青森県田舎館村大字豊蒔字北前田204","40.635608","140.507431"
"猿ヶ森農民研修所","青森県東通村大字猿ケ森字村中15","41.292473","141.395363"
"旧北部中学校","青森県東通村大字蒲野沢字外畑9-7","41.326737","141.289382"
"鹿橋集会所","青森県東通村大字蒲野沢字鹿橋山2-12","41.323061","141.313105"
"石持地区活力倍増センター","青森県東通村大字蒲野沢字石持51-1","41.329841","141.299433"
"山あいの里","青森県東通村大字蒲野沢字前田24-1","41.305651","141.328125"
"東栄地区集会施設「大地の里」","青森県東通村大字蒲野沢字大久保76","41.343806","141.324243"
"岩屋部落集会所","青森県東通村大字岩屋字往来135-5","41.38621","141.407559"
"岩屋漁村センター","青森県東通村大字岩屋字往来173","41.389149","141.409614"
"旧岩屋小学校","青森県東通村大字岩屋字小沢平1","41.378012","141.400579"
"旧岩屋小学校校庭","青森県東通村大字岩屋字小沢平1","41.378618","141.39969"
"袰部部落集会所","青森県東通村大字岩屋字田畑11-3","41.367294","141.395813"
"桑原集会所","青森県東通村大字砂子又字新田29-12","41.294825","141.335236"
"ふれあいの館","青森県東通村大字砂子又字川原10-1","41.266255","141.341042"
"田代地区多目的集会施設","青森県東通村大字砂子又字大川目25-1","41.269982","141.377982"
"東通村体育館","青森県東通村大字砂子又字沢内5-34","41.278699","141.328951"
"そでやま館","青森県東通村大字小田野沢字南通32-1","41.227144","141.394093"
"水神の郷","青森県東通村大字尻屋字山根61-2","41.399949","141.4455"
"旧尻屋小学校","青森県東通村大字尻屋字石倉58","41.405687","141.447836"
"尻労漁村センター","青森県東通村大字尻労字小倉22","41.370798","141.444923"
"旧尻労小学校","青森県東通村大字尻労字小倉38","41.362998","141.439236"
"大利地区ふるさと伝承館","青森県東通村大字大利字冷水5-2","41.321362","141.239059"
"下田屋集会所","青森県東通村大字田屋字トサミ沢44-1","41.282499","141.255733"
"能舞の館たや","青森県東通村大字田屋字家ノ上8-2","41.270058","141.285433"
"石蕨平開拓婦人ホーム","青森県東通村大字田屋字館古横道112-1","41.25537","141.254679"
"豊栄集会所","青森県東通村大字田屋字館古横道221","41.26757","141.254746"
"一里小屋集会所","青森県東通村大字田屋字館古横道32-8","41.251059","141.248569"
"白糠地区避難施設","青森県東通村大字白糠字下馬坂81-1","41.136913","141.388225"
"白糠地区多目的集会施設","青森県東通村大字白糠字向流109-2","41.134327","141.391353"
"旧南部中学校体育館","青森県東通村大字白糠字赤平1","41.147609","141.386784"
"老部ふるさと館","青森県東通村大字白糠字前田20","41.160708","141.384793"
"布名見の里","青森県東通村大字目名字掛畑3-1","41.308809","141.26891"
"向野ふれあいセンター","青森県東通村大字目名字向野38-1","41.299056","141.259709"
"高間木集会所","青森県東通村大字目名字大所1-170","41.319136","141.281075"
"稲崎の館","青森県東通村大字野牛字稲崎平21-1","41.353799","141.32819"
"野牛部落会館","青森県東通村大字野牛字水上地内","41.335891","141.365022"
"しおさいの館","青森県東通村大字野牛字釡ノ平5-9","41.356938","141.35095"
"入口かしわの館","青森県東通村大字野牛字釡ノ平53-2","41.355682","141.335436"
"岩屋漁村センター","青森県東通村大字啞岩屋字往来173","41.389149","141.409653"
"旭町地区コミュニティーセンター","青森県東北町旭南2-31-1000","40.733471","141.272434"
"町民運動場","青森県東北町旭南2-470-1","40.732654","141.272007"
"美須々地区生涯学習センター広場","青森県東北町字ガス平1213","40.901235","141.244228"
"美須々地区生涯学習センター","青森県東北町字ガス平1213","40.902074","141.244464"
"甲地小学校グラウンド","青森県東北町字往来ノ下50","40.773811","141.284625"
"甲地小学校","青森県東北町字往来ノ下50","40.774526","141.285161"
"旧千曳小学校グラウンド","青森県東北町字家ノ下タ61-50","40.814367","141.129274"
"北総合運動公園合宿所","青森県東北町字外蛯沢前平79-47","40.77602","141.24095"
"北総合運動公園トレーニングセンター","青森県東北町字外蛯沢前平79-47","40.776374","141.241335"
"北総合運動公園野球場","青森県東北町字外蛯沢前平79-47","40.776683","141.236979"
"北総合運動公園陸上競技場","青森県東北町字外蛯沢前平79-47","40.77639","141.238931"
"北総合運動公園多目的広場","青森県東北町字外蛯沢前平79-47","40.777381","141.235005"
"北総合運動公園管理棟周辺","青森県東北町字外蛯沢前平79-47","40.777755","141.236807"
"寒水地区生涯学習センター","青森県東北町字寒水下モ42-6","40.808101","141.238754"
"寒水地区生涯学習センター広場","青森県東北町字寒水下モ42-6","40.807651","141.238412"
"淋代地区生涯学習センター","青森県東北町字高森30-1","40.864429","141.218408"
"淋代地区生涯学習センター広場","青森県東北町字高森30-1","40.864827","141.218375"
"坂下・栄町集会所","青森県東北町字上笹橋29-6","40.780392","141.213979"
"老人福祉センター","青森県東北町字上笹橋45-10","40.781237","141.211992"
"清水目地区生涯学習センター広場","青森県東北町字上清水目38-1","40.828019","141.118438"
"清水目地区生涯学習センター","青森県東北町字上清水目38-1","40.828214","141.118138"
"旧水喰小学校グラウンド","青森県東北町字切左坂道ノ上38","40.826621","141.270044"
"水喰地区学習等供用センター","青森県東北町字切左坂道ノ上38-118","40.826771","141.270768"
"舟ヶ沢地区生涯学習センター","青森県東北町字船ケ沢57-2","40.761575","141.317706"
"保健福祉センター","青森県東北町字膳前37-1","40.781479","141.211935"
"中央公民館","青森県東北町字膳前48","40.781622","141.209983"
"中央公民館駐車場","青森県東北町字膳前48","40.781159","141.210048"
"北農村環境改善センター","青森県東北町字素柄邸93-10","40.780565","141.277757"
"千曳地区学習等供用センター","青森県東北町字大平1-10","40.810961","141.132906"
"滝沢平地区生涯学習センター","青森県東北町字滝沢平2-502","40.804065","141.278063"
"東北町武道館","青森県東北町字塔ノ沢山1-11","40.784181","141.224333"
"東北中学校グラウンド","青森県東北町字塔ノ沢山1-11","40.783511","141.226002"
"東北中学校","青森県東北町字塔ノ沢山1-11","40.783799","141.224494"
"東北小学校","青森県東北町字塔ノ沢山1-484","40.782512","141.224555"
"東北小学校グラウンド","青森県東北町字塔ノ沢山1-485","40.781586","141.224828"
"蛯沢地区学習等供用センター","青森県東北町字塔ノ沢山1-487","40.782346","141.225584"
"コミュニティセンター未来館","青森県東北町字塔ノ沢山1-94","40.778314","141.218662"
"夫雑原地区生涯学習センター広場","青森県東北町字夫雑原39-2","40.821026","141.159629"
"夫雑原地区生涯学習センター","青森県東北町字夫雑原39-2","40.82116","141.159489"
"元町集会所","青森県東北町字柳沢5-55","40.775336","141.208946"
"南町集会所","青森県東北町上北南1-31-267","40.73014","141.266879"
"上北中学校グラウンド","青森県東北町上北南4-32-1","40.726737","141.257089"
"上北中学校","青森県東北町上北南4-32-1","40.727124","141.255963"
"本町集会所","青森県東北町上北北1-34-98","40.735405","141.259565"
"新町集会所","青森県東北町上北北3-26-1","40.729414","141.254335"
"上野農村公園","青森県東北町大字上野字久保28","40.730254","141.245112"
"南農村環境改善センター","青森県東北町大字上野字軍事屋敷3-1","40.726033","141.243264"
"上北地区公民館","青森県東北町大字上野字上野191-1","40.726518","141.253674"
"上北保健福祉センター","青森県東北町大字上野字上野191-1","40.725859","141.253269"
"町民体育館","青森県東北町大字上野字上野191-1","40.725377","141.253012"
"町民文化センター","青森県東北町大字上野字上野191-15","40.725153","141.253583"
"栄町集会所","青森県東北町大字上野字新堤向23","40.721684","141.257568"
"上小ふれあい館","青森県東北町大字上野字堤向22-1","40.719995","141.257787"
"上北小学校グラウンド","青森県東北町大字上野字堤向22-1","40.720558","141.2568"
"上北小学校","青森県東北町大字上野字堤向22-1","40.720572","141.257958"
"小川原湖交流センター「宝湖館」","青森県東北町大字上野字南谷地131","40.729068","141.276345"
"花向町集会所","青森県東北町大字上野字北谷地9-9","40.737783","141.261493"
"新舘公園","青森県東北町大字新舘字籠1-5","40.699147","141.186391"
"新舘地区集会所","青森県東北町大字新舘字籠1-5","40.69933","141.186493"
"旧小川原小学校グラウンド","青森県東北町大字大浦字舘野41-3","40.709209","141.294327"
"才市田集会所","青森県東北町大字大浦字古舘2-1","40.7164","141.224299"
"向山集会所","青森県東北町大字大浦字向山31-3","40.710964","141.305431"
"小川原湖ふれあい村","青森県東北町大字大浦字沼端120-1","40.727682","141.283464"
"沼崎集会所","青森県東北町大字大浦字沼端13-4","40.721937","141.286685"
"徳万才地区コミュニティーセンター","青森県東北町大字大浦字上久保1-10","40.71284","141.215003"
"大洞集会所","青森県東北町大字大浦字西淋代65-1","40.699221","141.233033"
"大浦地区多目的研修集会所","青森県東北町大字大浦字大浦21-1","40.71039","141.205622"
"大浦ふれあい公園","青森県東北町大字大浦字大浦26-1","40.710399","141.20615"
"大浦ソフトボール場","青森県東北町大字大浦字大浦山1-1","40.711272","141.212745"
"小川原地区コミュニティーセンター","青森県東北町大字大浦字中久根下108-9","40.710599","141.298009"
"菩提寺集会所","青森県東北町大字大浦字東道ノ上24-2","40.703001","141.277019"
"公立小川原湖青年の家","青森県東北町大字大浦字道ノ下104-6","40.697186","141.280991"
"公立小川原湖青年の家グラウンド","青森県東北町大字大浦字道ノ下104-6","40.697186","141.280991"
"徳万才地区ふれあい公園","青森県東北町大字大浦字徳万才7-1","40.714512","141.216423"
"虫神公園","青森県東北町大字大浦字南家ノ裏48-3","40.683035","141.27622"
"虫神集会所","青森県東北町大字大浦字南家ノ裏48-3","40.683237","141.27597"
"旧第一小学校グラウンド","青森県東北町大字大浦字二津屋16-4","40.708441","141.200859"
"南総合運動公園","青森県東北町大字大浦字明堂向106-91","40.719437","141.252862"
"新山公園","青森県東北町大字大浦字明堂向47-1","40.710872","141.249812"
"新山地区コミュニティーセンター","青森県東北町大字大浦字明堂向47-1","40.711126","141.250251"
"南部公民館","青森県南部町沖田面字沖中51-2","40.412897","141.28097"
"町民体育館","青森県南部町沖田面字沖中80","40.413429","141.281291"
"南部小学校","青森県南部町沖田面字久保10-1","40.415195","141.285426"
"沖田面公民館","青森県南部町沖田面字北本村41-2","40.414758","141.288884"
"助川、横沢研修センター","青森県南部町下名久井字乙坂1-9","40.403618","141.387132"
"屋内ゲートボール場スパークながわ","青森県南部町下名久井字剣吉前川原1-17","40.440994","141.340228"
"下名久井公民館ひだまり館","青森県南部町下名久井字台所屋敷10-3","40.427884","141.34154"
"名川中学校","青森県南部町下名久井字白山81","40.425215","141.332182"
"野場集会所","青森県南部町下名久井字野場53-11","40.408382","141.349436"
"福地第１０分団屯所","青森県南部町椛木字袖久保21-15","40.441868","141.441265"
"椛木集会所","青森県南部町椛木字渡場8-1","40.446979","141.435881"
"諏訪ノ平公民館","青森県南部町玉掛字諏訪ノ平49-1","40.415801","141.304504"
"玉掛コミュニティセンター","青森県南部町玉掛字前田44-1","40.418294","141.293812"
"剣吉公民館","青森県南部町剣吉字五合田29-1","40.445022","141.346853"
"上中町公民館","青森県南部町剣吉字上町9-1","40.443401","141.338205"
"旧剣吉小学校","青森県南部町剣吉字大館10-1","40.445786","141.340677"
"桜本町公民館","青森県南部町剣吉字大坊13-69","40.448621","141.345853"
"名川第９分団屯所","青森県南部町虎渡字荒屋敷20-2","40.437578","141.330264"
"高橋集会所","青森県南部町高橋字横舘2-2","40.469687","141.389601"
"福地第５分団屯所","青森県南部町高橋字中道1-8","40.469185","141.391181"
"高瀬コミュニティセンター","青森県南部町高瀬字宮野21-6","40.414976","141.318878"
"南部第３分団屯所","青森県南部町小向字古町116-4","40.408686","141.261701"
"史跡聖寿寺館跡案内所","青森県南部町小向字正寿寺81-2","40.413998","141.267353"
"南部第１０分団屯所","青森県南部町小向字正寿寺85-4","40.413981","141.266418"
"小向町内会館","青森県南部町小向字村中6-1","40.409735","141.265658"
"二又町内会館","青森県南部町小向字二又75-3","40.401739","141.235982"
"小向集会所","青森県南部町小向字馬場71-2","40.405692","141.261916"
"小泉集会所","青森県南部町小泉字上舘野34-1","40.468787","141.396667"
"上名久井公民館","青森県南部町上名久井字上町16-11","40.415377","141.322484"
"名川第１分団屯所","青森県南部町上名久井字上町16-2","40.415788","141.322333"
"農林漁業体験実習館チェリウス","青森県南部町上名久井字大渋民山23-141","40.397503","141.33675"
"向山団地集会所","青森県南部町森越字衛門佐窪12-4","40.434635","141.356387"
"森越公民館","青森県南部町森越字前田10-6","40.441463","141.351405"
"あけぼの研修センター","青森県南部町杉沢字あけぼの1-108","40.452667","141.411069"
"旧杉沢小学校","青森県南部町杉沢字杉沢6-4","40.452175","141.415877"
"穴久保集会所","青森県南部町杉沢字大森10-5","40.428862","141.421303"
"杉沢研修館","青森県南部町杉沢字木戸口17-2","40.452728","141.41783"
"旧杉沢中学校","青森県南部町杉沢字木戸口27-1","40.454397","141.416432"
"赤石集落農事集会所","青森県南部町赤石字待場10-2","40.410773","141.294534"
"相内町内会館","青森県南部町相内字沢構78","40.42829","141.31013"
"ふれあい交流プラザ","青森県南部町大向字泉山道9-87","40.396482","141.272904"
"旧向小学校","青森県南部町大向字飛鳥20-2","40.402544","141.272133"
"大向コミュニティ防災センター","青森県南部町大向字飛鳥39-3","40.400458","141.270899"
"鳥舌内すこやかセンター","青森県南部町鳥舌内字七ツ役8-1","40.381822","141.349979"
"名川第６分団屯所","青森県南部町鳥谷字妻ノ神16","40.363227","141.359214"
"鳥谷ふるさと館","青森県南部町鳥谷字青鹿長根27-1","40.365602","141.360398"
"旧名川南小学校","青森県南部町鳥谷字太田3","40.377523","141.363089"
"南部芸能伝承館","青森県南部町斗賀字水閊50","40.450691","141.346065"
"上斗賀公民館","青森県南部町斗賀字村前41","40.45238","141.34534"
"介護予防拠点施設げんき館","青森県南部町斗賀字土口前26-2","40.455698","141.349003"
"福地公民館","青森県南部町苫米地字下宿22-1","40.466781","141.382254"
"苫米地駅前集会所","青森県南部町苫米地字四切42","40.466232","141.373353"
"旧福地小学校","青森県南部町苫米地字寺ノ後15-1","40.471332","141.377148"
"苫米地集会所","青森県南部町苫米地字焼屋敷1-42","40.468572","141.37824"
"バーデハウスふくち","青森県南部町苫米地字上根岸73-1","40.477706","141.374616"
"苫米地下集会所","青森県南部町苫米地字殿村3-2","40.467856","141.382873"
"麦沢集会所","青森県南部町麦沢字上木戸場9-1","40.489221","141.374413"
"あかね集会所","青森県南部町福田字あかね3-89","40.456732","141.385141"
"農村環境改善センター福寿館","青森県南部町福田字下平35-1","40.460627","141.3802"
"福田集会所","青森県南部町福田字家ノ下3-4","40.459538","141.378542"
"総合保健福祉センターゆとりあ","青森県南部町福田字舘先25-1","40.463104","141.382844"
"滝田研修館","青森県南部町福田字源次郎平36-1","40.461205","141.384044"
"福地小学校","青森県南部町福田字源次郎平7-1","40.460785","141.38199"
"福地中学校","青森県南部町福田字板橋1-2","40.453285","141.38199"
"板橋集会所","青森県南部町福田字板橋14-34","40.454593","141.380622"
"いちょうホール","青森県南部町平字広場28-1","40.420042","141.33002"
"名川Ｂ＆Ｇ海洋センター","青森県南部町平字広場28-1","40.420828","141.331224"
"広場集会所","青森県南部町平字広場45-2","40.42038","141.329836"
"名川小学校","青森県南部町平字広場8","40.423011","141.331996"
"平公民館","青森県南部町平字若宮前27-4","40.417521","141.337274"
"片岸集会所","青森県南部町片岸字砂場18-2","40.469368","141.365429"
"法光寺ふれあい館","青森県南部町法光寺字八幡14-2","40.390374","141.333233"
"法師岡コミュニティ防災センター","青森県南部町法師岡字白掛77-1","40.469779","141.4077"
"福地第８分団屯所","青森県南部町埖渡字御見抜平2-2","40.449633","141.404651"
"東あかね集会所","青森県南部町埖渡字東あかね1-17","40.457736","141.395309"
"旭ヶ丘会館","青森県八戸市旭ケ丘1-1-19","40.497991","141.535941"
"旭ヶ丘小学校","青森県八戸市旭ケ丘1-1-6","40.495113","141.535377"
"上長公民館","青森県八戸市一番町1-4-1","40.51099","141.435078"
"下長公民館","青森県八戸市下長1-4-9","40.528255","141.467727"
"県立八戸工科学院","青森県八戸市桔梗野工業団地2-5-30","40.566173","141.455065"
"江陽中学校","青森県八戸市江陽1-1-33","40.517612","141.500367"
"県立八戸工業高等学校","青森県八戸市江陽1-2-27","40.518217","141.498994"
"江陽公民館","青森県八戸市江陽2-18-34","40.523981","141.505567"
"江陽小学校","青森県八戸市江陽5-9-24","40.521712","141.510825"
"根岸公民館","青森県八戸市高州2-23-19","40.540135","141.483634"
"根城公民館","青森県八戸市根城3-11-22","40.50402","141.475531"
"根城小学校","青森県八戸市根城4-22-27","40.507437","141.473207"
"根城中学校","青森県八戸市根城5-11-42","40.506813","141.468135"
"江南小学校","青森県八戸市根城9-22-50","40.51086","141.466951"
"小中野中学校","青森県八戸市小中野3-9-26","40.516136","141.512192"
"小中野公民館","青森県八戸市小中野5-2-17","40.520869","141.514193"
"小中野小学校","青森県八戸市小中野5-2-17","40.520539","141.514124"
"勤労青少年ホーム","青森県八戸市沼館2-13-20","40.526276","141.488183"
"八戸市津波防災センター","青森県八戸市沼館4-6-19","40.526995","141.4943"
"三八城公民館","青森県八戸市城下3-1-17","40.520404","141.487938"
"城下小学校","青森県八戸市城下4-3-42","40.522234","141.489734"
"県立八戸中央高等学校","青森県八戸市諏訪1-2-17","40.515522","141.517213"
"総合教育センター","青森県八戸市諏訪1-2-41","40.51507","141.516111"
"吹上小学校","青森県八戸市吹上1-14-36","40.503533","141.497653"
"第一中学校","青森県八戸市吹上2-17-1","40.500832","141.500619"
"吹上公民館","青森県八戸市吹上3-17-3","40.499195","141.496642"
"是川小学校","青森県八戸市是川4-1","40.467669","141.501218"
"白山台中学校","青森県八戸市西白山台3-24-1","40.480296","141.455167"
"西白山台小学校","青森県八戸市西白山台4-15-1","40.476812","141.454759"
"柏崎小学校","青森県八戸市青葉2-7-1","40.512521","141.511277"
"第三中学校","青森県八戸市青葉3-13-36","40.510024","141.508731"
"城北小学校","青森県八戸市石堂1-22-6","40.531013","141.477242"
"多賀台小学校","青森県八戸市多賀台3-9","40.587803","141.442099"
"下長中学校","青森県八戸市大字河原木字河原木後77-2","40.531169","141.466344"
"南部山健康運動センター体育館","青森県八戸市大字河原木字蝦夷館3-6","40.536933","141.451107"
"高館小学校","青森県八戸市大字河原木字小田56-16","40.541744","141.466186"
"八戸市屋内トレーニングセンター","青森県八戸市大字河原木字谷地田4","40.536205","141.469434"
"旧日計ヶ丘小学校","青森県八戸市大字河原木字日計上11-1","40.545796","141.477244"
"北稜中学校","青森県八戸市大字河原木字八太郎山10-139","40.546059","141.485939"
"金浜小学校","青森県八戸市大字金浜字外ノ久保43-3","40.477235","141.619843"
"長者公民館","青森県八戸市大字糠塚字下道2-1","40.505294","141.487004"
"八戸市立図書館","青森県八戸市大字糠塚字下道2-1","40.505055","141.486551"
"図南小学校","青森県八戸市大字糠塚字大開4-1","40.486562","141.480285"
"鮫中学校","青森県八戸市大字鮫町字古馬屋23-5","40.531503","141.566589"
"南浜中学校","青森県八戸市大字鮫町字子猪越15-2","40.496482","141.622776"
"鮫公民館","青森県八戸市大字鮫町字住吉町14-1","40.530282","141.557757"
"鮫小学校","青森県八戸市大字鮫町字上手代森19","40.530084","141.56103"
"種差小学校","青森県八戸市大字鮫町字赤コウ55-59","40.513433","141.60406"
"県立種差少年自然の家","青森県八戸市大字鮫町字膳並平2-26","40.497772","141.612638"
"大久喜小学校","青森県八戸市大字鮫町字大作平44-29","40.494209","141.628365"
"南浜公民館","青森県八戸市大字鮫町字棚久保14-48","40.506283","141.609911"
"八戸ポータルミュージアム（はっち）","青森県八戸市大字三日町11-1","40.509952","141.490601"
"長者まつりんぐ広場多目的施設","青森県八戸市大字山伏小路9","40.504791","141.492569"
"多賀小学校","青森県八戸市大字市川町字古館30-1","40.584527","141.461926"
"桔梗野小学校","青森県八戸市大字市川町字尻引前山31-2","40.560003","141.447128"
"市川公民館","青森県八戸市大字市川町字赤畑19-2","40.578484","141.440941"
"市川中学校","青森県八戸市大字市川町字赤畑34-2","40.578821","141.444159"
"轟木小学校","青森県八戸市大字市川町字和野22-4","40.576216","141.432225"
"県立八戸商業高等学校","青森県八戸市大字十日市字塚ノ下3-1","40.476215","141.512027"
"八戸公園緑の相談所","青森県八戸市大字十日市字天摩33","40.475831","141.513208"
"旧松館小学校","青森県八戸市大字松館字門前6-2","40.4667","141.534752"
"三条小学校","青森県八戸市大字尻内町字三条目4-4","40.513342","141.429214"
"県立八戸西高等学校","青森県八戸市大字尻内町字中根市14","40.512076","141.423854"
"三条中学校","青森県八戸市大字尻内町字中根市2","40.513572","141.425649"
"西園小学校","青森県八戸市大字尻内町字島田24-1","40.509541","141.444585"
"八戸市農業経営振興センター","青森県八戸市大字尻内町字毛合清水29","40.534003","141.425783"
"新井田小学校","青森県八戸市大字新井田字館平20","40.490635","141.520746"
"大館中学校","青森県八戸市大字新井田字市子林17-1","40.490673","141.523868"
"大館公民館","青森県八戸市大字新井田字常光田17-1","40.496086","141.522532"
"老人いこいの家臥牛荘","青森県八戸市大字新井田字八森平7-1","40.49978","141.53989"
"東公民館","青森県八戸市大字新井田字八森平7-67","40.50028","141.539955"
"是川縄文館","青森県八戸市大字是川字横山1","40.475548","141.488113"
"旧是川東小学校","青森県八戸市大字是川字街道端1-4","40.439265","141.520861"
"是川中学校","青森県八戸市大字是川字細越河原3-1","40.458836","141.493251"
"是川公民館","青森県八戸市大字是川字東前田3-11","40.458465","141.49593"
"旧番屋小学校","青森県八戸市大字是川字番屋3-8","40.450555","141.479056"
"中居林小学校","青森県八戸市大字石手洗字一本木29","40.484981","141.496415"
"町畑小学校","青森県八戸市大字大久保字下町畑29-2","40.493172","141.550968"
"白銀南公民館","青森県八戸市大字大久保字行人坂36-6","40.510858","141.556668"
"白銀南中学校","青森県八戸市大字大久保字生平1","40.511432","141.557395"
"白銀南小学校","青森県八戸市大字大久保字鷹待場38-2","40.511925","141.555753"
"県立八戸北高等学校","青森県八戸市大字大久保字町道8-3","40.510973","141.546589"
"長者中学校","青森県八戸市大字沢里字休場28-1","40.492323","141.478447"
"中居林コミュニティセンター","青森県八戸市大字中居林字綿ノ端13-13","40.489359","141.50026"
"下長小学校","青森県八戸市大字長苗代字太古殿1-1","40.52701","141.464973"
"田面木小学校","青森県八戸市大字田面木字山道下タ13-2","40.497209","141.447934"
"田面木公民館","青森県八戸市大字田面木字上野道下タ30-1","40.498033","141.447594"
"独立行政法人国立高等専門学校機構八戸工業高等専門学校","青森県八戸市大字田面木字上野平16-1","40.492388","141.449308"
"八戸聖ウルスラ学院中学・高等学校第一体育館","青森県八戸市大字田面木字上野平53-2","40.490841","141.449348"
"湊中学校","青森県八戸市大字白銀町字右新井田道13-2","40.515727","141.533928"
"白銀中学校","青森県八戸市大字白銀町字栗沢道38","40.518104","141.557795"
"白銀小学校","青森県八戸市大字白銀町字大久保道1-1","40.520713","141.545883"
"白鷗小学校","青森県八戸市大字白銀町字中平13-3","40.521028","141.55027"
"館公民館","青森県八戸市大字八幡字下陳屋40-1","40.487363","141.430427"
"明治小学校","青森県八戸市大字八幡字館ノ下12-2","40.486842","141.431762"
"明治中学校","青森県八戸市大字八幡字上ミ沢23-1","40.48477","141.436772"
"八戸市美術館","青森県八戸市大字番町10-4","40.511803","141.491653"
"旧美保野小学校","青森県八戸市大字美保野2","40.483857","141.585054"
"豊崎小学校","青森県八戸市大字豊崎町字下永福寺12-3","40.514809","141.382871"
"農村環境改善センター瑞豊館","青森県八戸市大字豊崎町字上永福寺130-1","40.514434","141.380119"
"豊崎中学校","青森県八戸市大字豊崎町字上七崎1-1","40.512606","141.366204"
"八戸市みなと体験学習館","青森県八戸市大字湊町字館鼻67-7","40.527512","141.52213"
"青潮小学校","青森県八戸市大字湊町字鮫ノ口23-4","40.513754","141.529026"
"湊公民館","青森県八戸市大字湊町字中道64-7","40.521836","141.530935"
"湊小学校","青森県八戸市大字湊町字中道7-1","40.521416","141.529985"
"第二中学校","青森県八戸市長根3-23-1","40.516457","141.47934"
"八戸小学校","青森県八戸市長根3-24-1","40.515867","141.477594"
"長者小学校","青森県八戸市長者3-2-1","40.501654","141.484223"
"県立八戸高等学校","青森県八戸市長者4-4-1","40.496788","141.483007"
"白山台小学校","青森県八戸市東白山台2-31-1","40.4852","141.468132"
"八戸市公民館","青森県八戸市内丸1-1-1","40.513023","141.488236"
"八戸市公会堂","青森県八戸市内丸1-1-1","40.513432","141.488131"
"文化教養センター南部会館","青森県八戸市内丸3-3-6","40.512922","141.490194"
"中沢中学校","青森県八戸市南郷大字市野沢字黄檗7","40.399418","141.4365"
"南郷公民館","青森県八戸市南郷大字市野沢字黒坂7-2","40.404429","141.435851"
"南郷小学校","青森県八戸市南郷大字市野沢字石窪32-10","40.404085","141.4397"
"南郷体育館","青森県八戸市南郷大字市野沢字中市野沢44-10","40.40448","141.435195"
"泉清水集会所","青森県八戸市南郷大字泉清水字浜渡45-16","40.374193","141.390942"
"旧鳩田小学校","青森県八戸市南郷大字大森字鳩田向14","40.383217","141.407853"
"鳩田農業研修センター","青森県八戸市南郷大字大森字鳩田向21-2","40.381757","141.407635"
"旧中野小学校","青森県八戸市南郷大字中野字八ツ役5-1","40.40806","141.415681"
"南郷公民館中野分館","青森県八戸市南郷大字中野字樋河ノ上1","40.41076","141.418859"
"農村婦人の家","青森県八戸市南郷大字島守字鮫ノ口4-1","40.392505","141.52919"
"島守コミュニティセンター","青森県八戸市南郷大字島守字小山田8","40.414752","141.487163"
"島守小学校","青森県八戸市南郷大字島守字小平15-1","40.416006","141.492324"
"旧田代小・中学校","青森県八戸市南郷大字島守字赤羽6-25","40.391518","141.528376"
"南郷公民館緑分館","青森県八戸市南郷大字島守字馳下り14-1","40.38394","141.500541"
"島守中学校","青森県八戸市南郷大字島守字馬場37","40.418488","141.489114"
"根岸小学校","青森県八戸市日計5-8-1","40.542258","141.48539"
"根城コミュニティセンター","青森県八戸市売市4-7-6","40.512032","141.472018"
"柏崎公民館","青森県八戸市柏崎3-13-5","40.513863","141.50071"
"県立八戸盲学校・八戸聾学校","青森県八戸市柏崎6-29-24","40.514783","141.505828"
"白銀公民館","青森県八戸市白銀3-2-14","40.522577","141.546193"
"白山台公民館","青森県八戸市北白山台5-2-5","40.485394","141.462786"
"東中学校","青森県八戸市湊高台2-14-8","40.504321","141.539424"
"八戸市東体育館","青森県八戸市湊高台8-1-1","40.50188","141.544646"
"県立八戸東高等学校","青森県八戸市類家1-4-47","40.507175","141.497883"
"福祉体育館","青森県八戸市類家4-3-1","40.507639","141.505917"
"福祉公民館","青森県八戸市類家4-3-1","40.5072","141.505778"
"いたや町集会所","青森県板柳町いたや町1-40","40.70151","140.463483"
"横沢地区農村公園","青森県板柳町大字横沢字東宮元2-1","40.68204","140.478507"
"横沢会館","青森県板柳町大字横沢字東宮元2-1","40.682381","140.478343"
"牡丹森会館","青森県板柳町大字牡丹森字鴨泊221","40.740381","140.488159"
"板柳町老人憩いの家","青森県板柳町大字灰沼字岩井61","40.700354","140.457181"
"板柳町多目的ホールあぷる","青森県板柳町大字灰沼字岩井61","40.700619","140.456154"
"多目的ホールあぷる駐車場","青森県板柳町大字灰沼字岩井61","40.701014","140.455883"
"滝館運動場","青森県板柳町大字館野越字橋元46-3","40.702295","140.511885"
"狐森会館","青森県板柳町大字狐森字宮田76-3","40.730241","140.478591"
"五林平町民会館","青森県板柳町大字五林平字前橋1","40.749299","140.509638"
"高増会館","青森県板柳町大字高増字前田70-1","40.720441","140.490113"
"板柳中学校","青森県板柳町大字三千石字五十嵐103","40.712345","140.469752"
"板柳中学校グランド","青森県板柳町大字三千石字五十嵐103","40.713356","140.468248"
"広栄町集会所","青森県板柳町大字三千石字木賊72-1","40.706342","140.466621"
"板柳東小学校","青森県板柳町大字常海橋字稲葉197-21","40.724796","140.510897"
"板柳東小学校グランド","青森県板柳町大字常海橋字稲葉197-21","40.725131","140.51206"
"下常海橋会館","青森県板柳町大字常海橋字松枝53","40.728983","140.513096"
"深味会館","青森県板柳町大字深味字深宮35-2","40.702277","140.476844"
"上下水道課敷地","青森県板柳町大字深味字東西田54-1","40.710044","140.477219"
"石野構造改善センター","青森県板柳町大字石野字大柳11-4","40.716526","140.467473"
"板柳北小学校グランド","青森県板柳町大字赤田字田川13","40.712507","140.454612"
"板柳北小学校","青森県板柳町大字赤田字田川13","40.713098","140.454194"
"旧板柳高等学校","青森県板柳町大字太田字西上林46","40.698322","140.466155"
"旧板柳高等学校グランド","青森県板柳町大字太田字西上林46","40.698974","140.467108"
"太長会館","青森県板柳町大字太田字前橋28-2","40.697421","140.475164"
"小阿弥小学校グランド","青森県板柳町大字大俵字富永39-2","40.724329","140.485331"
"小阿弥小学校","青森県板柳町大字大俵字富永39-2","40.724993","140.485027"
"大俵会館","青森県板柳町大字大俵字和田247-1","40.707589","140.490647"
"日新構造改善センター","青森県板柳町大字大俵字和田392-9","40.713319","140.491464"
"滝館会館","青森県板柳町大字滝井字西田19-1","40.70207","140.513515"
"板柳南小学校グランド","青森県板柳町大字辻字岸田75-1","40.691502","140.469354"
"板柳南小学校","青森県板柳町大字辻字岸田75-1","40.692101","140.468755"
"柏木会館","青森県板柳町大字柏木字片田野69-2","40.738714","140.483699"
"岩木川河川公園","青森県板柳町大字板柳字川面地内","40.691637","140.455721"
"板柳町福祉センター","青森県板柳町大字板柳字土井239-3","40.696044","140.457896"
"旧水道課敷地","青森県板柳町大字板柳字土井89-1","40.69704","140.453804"
"飯田会館前庭","青森県板柳町大字飯田字村元17-1","40.672581","140.472852"
"飯田会館","青森県板柳町大字飯田字村元17-1","40.672354","140.472902"
"板柳町公民館","青森県板柳町大字福野田字実田11-7","40.696918","140.46511"
"町営野球場","青森県板柳町大字福野田字実田11-7","40.69788","140.464048"
"町営ソフトボール場","青森県板柳町大字福野田字実田11-7","40.698531","140.463369"
"板柳町ふるさとセンター","青森県板柳町大字福野田字本泉34-6","40.688506","140.463234"
"ふるさとセンター広場","青森県板柳町大字福野田字本泉34-6","40.688685","140.46399"
"野中町民会館","青森県板柳町大字野中字若松41-5","40.720222","140.460609"
"沿川北部多目的多目的研修センター","青森県板柳町大字夕顔関字西田178","40.737226","140.509903"
"大石神社境内","青森県風間浦村大字易国間字家ノ上13","41.487129","140.996984"
"風間浦中学校","青森県風間浦村大字易国間字古野18-1","41.490756","140.989212"
"桑畑温泉湯ん湯ん","青森県風間浦村大字易国間字湯ノ上1-1","41.48187","141.035738"
"旧下風呂小学校","青森県風間浦村大字下風呂字甲平ノ上18-1","41.458923","141.105805"
"旧下風呂小学校跡地","青森県風間浦村大字下風呂字落ノ上1-2","41.465981","141.095003"
"旧蛇浦小学校","青森県風間浦村大字蛇浦字古釜谷平126","41.509002","140.962318"
"折戸神社境内","青森県風間浦村大字蛇浦字赤平24","41.504285","140.966641"
"さるか交流館","青森県平川市猿賀遠林1-2","40.613448","140.565467"
"平川市ふるさとセンター","青森県平川市猿賀石林94","40.61559","140.564667"
"平川市尾上農村環境改善センター","青森県平川市猿賀池上45-1","40.615911","140.565438"
"猿賀公園","青森県平川市猿賀池上45-3","40.617417","140.564495"
"みなみの和み館","青森県平川市猿賀南田88-1","40.614242","140.572007"
"平川市尾上地域福祉センター","青森県平川市猿賀南田96-3","40.614392","140.572667"
"平川市立猿賀小学校","青森県平川市猿賀明堂136-2","40.616925","140.549637"
"平川市立猿賀小学校グラウンド","青森県平川市猿賀明堂136-2","40.616467","140.549699"
"平川市立竹館小学校","青森県平川市沖館永田34-3","40.5685","140.591077"
"平川市立竹館小学校グラウンド","青森県平川市沖館永田34-3","40.568031","140.590932"
"向野町会集会所","青森県平川市沖館向野1-22","40.577345","140.578011"
"鳥海会館","青森県平川市沖館長田21-4","40.5717","140.580212"
"一本木コミュニティセンター","青森県平川市葛川一本木平30-1","40.528065","140.740036"
"葛川集会所","青森県平川市葛川家岸13","40.522105","140.72603"
"蒲田交流センター","青森県平川市蒲田元宮30-3","40.621347","140.531171"
"平川市立松崎小学校グラウンド","青森県平川市館山上亀岡5-1","40.595578","140.539151"
"平川市立松崎小学校","青森県平川市館山上亀岡5-1","40.596322","140.538929"
"館山・松崎交流センター","青森県平川市館山上亀岡5-3","40.595006","140.539016"
"苗生松多目的集会所","青森県平川市館田西和田205-3","40.58894","140.53901"
"館田地区農業推進拠点施設","青森県平川市館田前田289-2","40.582049","140.538661"
"平川市立大坊小学校グラウンド","青森県平川市岩館下り松72-2","40.565712","140.543548"
"平川市立大坊小学校","青森県平川市岩館下り松72-2","40.566099","140.543094"
"岩館地区構造改善センター","青森県平川市岩館下り松96","40.559745","140.545317"
"金屋地区多目的研修施設","青森県平川市金屋上松元46-9","40.61013","140.603888"
"尾上南田会館","青森県平川市原大野34-2","40.615317","140.577594"
"原田農業研修センター","青森県平川市原田今井121-2","40.565298","140.551075"
"平川市文化センター","青森県平川市光城2-30-1","40.590335","140.562915"
"光城コミュニティセンター","青森県平川市光城6-8","40.589619","140.560636"
"広船地区構造改善センター","青森県平川市広船福田207","40.569875","140.612692"
"荒田農業研修センター","青森県平川市荒田駒田159-2","40.601139","140.570759"
"向陽多目的研修集会施設","青森県平川市高畑前田117","40.567684","140.568789"
"四ツ屋集会所","青森県平川市四ツ屋亀田78-2","40.575576","140.53216"
"旧平川市立小国小中学校グラウンド","青森県平川市小国川原田12-1","40.545528","140.685091"
"小国コミュニティセンター","青森県平川市小国川原田2-1","40.544749","140.686369"
"三町会農業研修センター","青森県平川市小杉稲村87-1","40.576641","140.538267"
"小和森多目的研修集会施設","青森県平川市小和森松村4-1","40.592905","140.565063"
"平成町コミュニティセンター","青森県平川市小和森上松岡184-2","40.589716","140.566136"
"松館農業研修センター","青森県平川市松館浅井29-2","40.597596","140.531405"
"新屋多目的集会所","青森県平川市新屋栄館54-6","40.59521","140.597654"
"新屋町地区農村公園","青森県平川市新屋町松下86-1","40.609903","140.576186"
"新屋町会館","青森県平川市新屋町松下86-4","40.610051","140.575664"
"Ｂ＆Ｇ尾上体育館","青森県平川市新屋町北鶉野15-1","40.613195","140.585696"
"平川市立平賀東中学校","青森県平川市新館後野104-1","40.580324","140.584716"
"平川市立平賀東中学校グラウンド","青森県平川市新館後野104-1","40.579273","140.584952"
"平賀多目的広場","青森県平川市新館後野180-1","40.581867","140.577206"
"ひらかわ市民の森","青森県平川市新館東山117-168","40.571122","140.592248"
"新館集落センター","青森県平川市新館藤巻43-11","40.57697","140.582852"
"平川市平賀農村環境改善センター","青森県平川市新館野木和20-1","40.582969","140.573208"
"新山ふれあいセンター","青森県平川市新山岡部66-2","40.627876","140.535894"
"杉館ふれあいセンター","青森県平川市杉館宮元72-2","40.60766","140.5383"
"石郷集会所","青森県平川市石郷村元261","40.575698","140.551269"
"大木平集会所","青森県平川市切明温川沢1-28","40.509884","140.775501"
"井戸沢集会所","青森県平川市切明上井戸42-6","40.527831","140.746355"
"大光寺コミュニティセンター","青森県平川市大光寺三村井70-3","40.590006","140.557995"
"平川市立小和森小学校グラウンド","青森県平川市大光寺二村井166","40.592975","140.55957"
"平川市立小和森小学校","青森県平川市大光寺二村井166","40.592415","140.559556"
"平川市立平賀西中学校","青森県平川市大光寺白山13-2","40.585749","140.551501"
"平川市立平賀西中学校グラウンド","青森県平川市大光寺白山13-2","40.586459","140.551478"
"大坊コミュニティセンター","青森県平川市大坊竹内225","40.571328","140.542136"
"中佐渡集落会館","青森県平川市中佐渡前田32-1","40.609175","140.565152"
"平川市立尾上中学校","青森県平川市中佐渡南田49","40.61185","140.571909"
"平川市立尾上中学校グラウンド","青森県平川市中佐渡南田52","40.611238","140.572273"
"平川市尾上体育館","青森県平川市中佐渡南田95-4","40.611283","140.57091"
"飛鳥会館","青森県平川市町居横山341-2","40.588945","140.586289"
"ひらかわドリームアリーナ","青森県平川市町居南田249","40.58399","140.576419"
"平川市陸上競技場","青森県平川市町居南田252-1","40.583883","140.578065"
"長田地区担い手センター","青森県平川市長田沼田32-2","40.608176","140.553958"
"中佐渡地区農村公園","青森県平川市長田野田53-2","40.610353","140.559514"
"久吉地区農村公園","青森県平川市碇ケ関久吉山岸17-1","40.4439","140.649408"
"平川市碇ヶ関温泉会館","青森県平川市碇ケ関鯨森8-1","40.473953","140.62961"
"古懸不動尊境内","青森県平川市碇ケ関古懸門前1-1","40.488326","140.628652"
"平川市立碇ヶ関小中学校","青森県平川市碇ケ関三笠山100-2","40.475854","140.630297"
"平川市立碇ヶ関小中学校グラウンド","青森県平川市碇ケ関三笠山100-2","40.475443","140.630719"
"平川市碇ヶ関地域福祉センター","青森県平川市碇ケ関三笠山120-1","40.476847","140.629776"
"平川市碇ヶ関公民館","青森県平川市碇ケ関三笠山78","40.473394","140.631008"
"久吉地区集会所","青森県平川市碇ケ関水溜16-3","40.446185","140.647268"
"道の駅いかりがせき","青森県平川市碇ケ関碇石13-1","40.481649","140.623069"
"道の駅いかりがせき（屋外）","青森県平川市碇ケ関碇石13-1","40.481455","140.623297"
"古懸地区集会所","青森県平川市碇ヶ関古懸南不動野8-3","40.48918","140.622575"
"唐竹多目的集会所","青森県平川市唐竹苺原178-13","40.559952","140.604097"
"南田中ふれあいセンター","青森県平川市南田中西原130","40.610495","140.593377"
"南田中地区公園","青森県平川市南田中東林元12","40.60855","140.592894"
"平川市立金田小学校グラウンド","青森県平川市南田中北原120-1","40.613655","140.59048"
"平川市立金田小学校","青森県平川市南田中北原120-1","40.614358","140.590664"
"日沼地区農村公園","青森県平川市日沼高田10-1","40.618921","140.524581"
"日沼地区コミュニティ施設","青森県平川市日沼高田104-2","40.618126","140.524765"
"柏木町コミュニティセンター","青森県平川市柏木町東田167-58","40.579566","140.565879"
"平川市役所本庁舎（１階アヴェッサ）","青森県平川市柏木町藤山25-6","40.583779","140.567098"
"中央公園","青森県平川市柏木町藤山27-22","40.58575","140.566072"
"平川市立柏木小学校","青森県平川市柏木町柳田8-2","40.575394","140.564971"
"平川市立柏木小学校グラウンド","青森県平川市柏木町柳田8-2","40.574872","140.564932"
"八幡崎地区農業研修センター","青森県平川市八幡崎宮本85-3","40.616111","140.539587"
"松野地区集会所","青森県平川市尾崎稲元38-20","40.588117","140.596629"
"平川市立平賀東小学校","青森県平川市尾崎川合69","40.587025","140.593251"
"平川市立平賀東小学校グラウンド","青森県平川市尾崎川合69","40.58628","140.593321"
"尾崎多目的研修集会施設","青森県平川市尾崎浅井99-1","40.586631","140.611979"
"高木会館","青森県平川市尾上栄松37-1","40.615251","140.58244"
"西の平団地集会所","青森県平川市苗生松下東田41-2","40.5917","140.543963"
"平田森多目的集会所","青森県平川市平田森稲村39-1","40.59737","140.580214"
"本町コミュニティセンター","青森県平川市本町南柳田84-2","40.58554","140.55759"
"李平町会センター","青森県平川市李平上安原62-1","40.614616","140.593627"
"稲生漁民センター","青森県平内町大字稲生字稲生15-4","40.978226","140.873351"
"旧東栄小学校","青森県平内町大字外童子字葛派平8-3","40.892445","140.991271"
"外童子コミュニティセンター","青森県平内町大字外童子字船越39-2","40.884403","140.978786"
"口広林業村落コミュニティセンター","青森県平内町大字口広字口広沢154-5","40.915801","141.038883"
"東小学校","青森県平内町大字口広字水須3-9","40.918621","141.028565"
"山口コミュニティセンター","青森県平内町大字山口字小沢14-1","40.915693","140.911206"
"山口小学校","青森県平内町大字山口字小沢20-1","40.915562","140.907403"
"旧西平内中学校","青森県平内町大字山口字小沢44-3","40.915615","140.905852"
"旧狩場沢小学校助白井分校","青森県平内町大字狩場沢字堀差94-5","40.89171","141.048668"
"狩場沢公民分館","青森県平内町大字狩場沢字檜沢24-11","40.898805","141.076137"
"小豆沢公民分館","青森県平内町大字小豆沢字茂浦沢137-2","40.919634","140.912888"
"山村開発センター","青森県平内町大字小湊字下槻12-1","40.926139","140.961774"
"町立体育館","青森県平内町大字小湊字下槻3-2","40.92622","140.961306"
"小湊小学校","青森県平内町大字小湊字後萢15","40.926847","140.950987"
"旧小湊中学校","青森県平内町大字小湊字後萢21-1","40.923398","140.950888"
"勤労青少年ホーム","青森県平内町大字小湊字小湊79-3","40.928467","140.954241"
"平内中学校（旧青森東高等学校平内校舎）","青森県平内町大字小湊字新道46-26","40.926212","140.969444"
"東和コミュニティセンター","青森県平内町大字小湊字雷電際13-168","40.934709","140.971117"
"松野木公民分館","青森県平内町大字松野木字一本木1-1","40.900214","140.996853"
"清水川コミュニティセンター","青森県平内町大字清水川字往来道添26-2","40.926127","141.022268"
"旧東平内中学校","青森県平内町大字清水川字道巣5-1","40.919596","141.026085"
"盛田公民分館","青森県平内町大字盛田字塚ノ越47","40.928611","140.943525"
"中野コミュニティセンター","青森県平内町大字中野字稗田沢13","40.923002","140.891614"
"土屋コミュニティセンター","青森県平内町大字土屋字鍵懸地先","40.909028","140.868248"
"東滝コミュニティセンター","青森県平内町大字東滝字滝7-7","40.955947","140.980917"
"間木コミュニティセンター","青森県平内町大字東滝字鷲ノ沢9-1","40.94943","140.97651"
"東田沢集落圏防雪管理センター","青森県平内町大字東田沢字無沢14","40.991905","140.914952"
"野内畑集会所","青森県平内町大字東田沢字野内畑6","40.981134","140.904582"
"藤沢コミュニティセンター","青森県平内町大字藤沢字八幡33","40.915531","140.937806"
"町立体育館内童子分館","青森県平内町大字内童子字観音31-2","40.885695","140.956999"
"内童子コミュニティセンター","青森県平内町大字内童子字観音34-1","40.886226","140.957074"
"白砂コミュニティセンター","青森県平内町大字白砂字深沢4-6","40.987827","140.948374"
"浜子地区総合研修センター","青森県平内町大字浜子字家岸10-1","40.93236","140.989946"
"山の手コミュニティセンター","青森県平内町大字福館字平川家ノ下108-2","40.940005","140.959739"
"旧浅所小学校","青森県平内町大字福館字雷電林1-50","40.939947","140.969853"
"浅所コミュニティセンター","青森県平内町大字福館字雷電林1-50","40.940737","140.970674"
"浦田公民分館","青森県平内町大字茂浦字浦田沢114-3","40.961729","140.864279"
"旧茂浦小学校","青森県平内町大字茂浦字向田24-1","40.941551","140.872824"
"茂浦コミュニティセンター","青森県平内町大字茂浦字向田81","40.943191","140.872271"
"薬師野農業構造改善センター","青森県平内町大字薬師野字家岸61-2","40.91758","141.010203"
"浪打コミュニティセンター","青森県平内町大字浪打字深沢86-1","40.922736","140.868785"
"玉松台スポーツガーデン","青森県蓬田村瀬辺地字山田1-31","40.995982","140.648046"
"よもっと団地集会場","青森県蓬田村大字阿弥陀川字汐干113-1","40.971247","140.649997"
"蓬田小学校","青森県蓬田村大字阿弥陀川字汐干198-148","40.969546","140.648479"
"蓬田小学校グラウンド","青森県蓬田村大字阿弥陀川字汐干198-148","40.968797","140.648549"
"阿弥陀川公民館","青森県蓬田村大字阿弥陀川字汐干56-11","40.968783","140.655819"
"ふれあいセンター","青森県蓬田村大字郷沢字浜田136-4","40.994182","140.647461"
"ふるさと総合センター","青森県蓬田村大字郷沢字浜田137-76","40.994705","140.648233"
"総合グラウンド","青森県蓬田村大字郷沢字浜田138-15","40.985746","140.64858"
"蓬田中学校グラウンド","青森県蓬田村大字郷沢字浜田138-24","40.986645","140.651048"
"蓬田中学校","青森県蓬田村大字郷沢字浜田138-24","40.986256","140.651149"
"郷沢自治会館","青森県蓬田村大字郷沢字浜田153-11","40.99014","140.653739"
"文化伝承館前広場","青森県蓬田村大字広瀬字坂元24","41.0131","140.648217"
"文化伝承館","青森県蓬田村大字広瀬字坂元26-1","41.013368","140.648158"
"広瀬公民館","青森県蓬田村大字広瀬字坂元608-1","41.015446","140.648357"
"高根自治会公民館","青森県蓬田村大字広瀬字坂元672-1","41.022864","140.612536"
"高根農村公園広場","青森県蓬田村大字広瀬字坂元672-1","41.02307","140.612536"
"いきいき交流館","青森県蓬田村大字瀬辺地字山田35-84","40.997414","140.65192"
"瀬辺地民生会館","青森県蓬田村大字瀬辺地字田浦35-2","41.006377","140.649394"
"中沢公民館","青森県蓬田村大字中沢字浪返4-1","40.953186","140.658103"
"蓬田保育園","青森県蓬田村大字中沢字浪返48-3","40.956824","140.657202"
"蓬田保育園グラウンド","青森県蓬田村大字長科字浦田38-1","40.956584","140.657402"
"旧長科自治会公民館","青森県蓬田村大字長科字川瀬14-2","40.960675","140.657665"
"農業者トレーニングセンター","青森県蓬田村大字蓬田字宮本41-11","40.984774","140.649075"
"中央公民館","青森県蓬田村大字蓬田字汐越12","40.973093","140.656595"
"蓬田公民館","青森県蓬田村大字蓬田字汐越37-1","40.974657","140.654918"
"まかどスポーツセンター","青森県野辺地町字家ノ上6-6","40.876204","141.094333"
"旧馬門小学校グラウンド","青森県野辺地町字家ノ上6-6","40.875656","141.094494"
"野辺地小学校グラウンド","青森県野辺地町字寺ノ沢42-4","40.862905","141.132402"
"野辺地小学校","青森県野辺地町字寺ノ沢42-4","40.863107","141.131115"
"有戸地区学習等供用センター","青森県野辺地町字小沢平10-8","40.917052","141.191154"
"行政メモリアルセンター前広場","青森県野辺地町字小沢平2-2","40.917989","141.191175"
"青森県立野辺地高等学校","青森県野辺地町字松ノ木106-1","40.855296","141.110029"
"運動公園","青森県野辺地町字松ノ木114","40.85654","141.105088"
"若葉小学校","青森県野辺地町字石神裏16","40.870238","141.133504"
"若葉小学校グラウンド","青森県野辺地町字石神裏16","40.869836","141.133334"
"野辺地中学校","青森県野辺地町字浜掛11-5","40.868503","141.124322"
"野辺地中学校グラウンド","青森県野辺地町字浜掛11-5","40.869158","141.125015"
"えぼしグラウンド","青森県野辺地町字浜掛79-6","40.869953","141.122071"
"中央公民館","青森県野辺地町字野辺地1-15","40.864938","141.125155"
"木明地区農作業管理休養施設","青森県野辺地町字有戸鳥井平158-6","40.885077","141.16659"
"木明地区屋外避難場所","青森県野辺地町字有戸鳥井平4-3","40.88603","141.160983"
"地域交流ホーム","青森県六ヶ所村出戸字棚沢130-17","41.005191","141.368516"
"石川集会所","青森県六ヶ所村出戸字棚沢62-74","41.040344","141.37809"
"旧千歳中学校グラウンド","青森県六ヶ所村倉内字笹崎1021-1","40.885145","141.271317"
"千歳平ひがし児童公園","青森県六ヶ所村倉内字笹崎288","40.887263","141.290107"
"千歳平はるき小公園","青森県六ヶ所村倉内字笹崎394","40.890029","141.28721"
"千歳平小学校グラウンド","青森県六ヶ所村倉内字笹崎396","40.889124","141.286611"
"千歳平にし児童公園","青森県六ヶ所村倉内字笹崎435","40.88869","141.283133"
"第二中学校グラウンド","青森県六ヶ所村倉内字湯沢112-1","40.859802","141.339908"
"南小学校グラウンド","青森県六ヶ所村倉内字湯沢12-8","40.858427","141.33745"
"倉内コミュニティーセンター","青森県六ヶ所村倉内字道ノ上21-1","40.848898","141.361912"
"千歳平地区体育館","青森県六ヶ所村大字倉内字笹崎289-1","40.888409","141.284361"
"千歳平こども園","青森県六ヶ所村大字倉内字笹崎289-3","40.888926","141.283882"
"千歳平地区公民館","青森県六ヶ所村大字倉内字笹崎289-5","40.888407","141.283609"
"青森県立六ケ所高等学校グラウンド","青森県六ヶ所村大字倉内字笹崎305","40.887862","141.275496"
"千歳平地区消防・防災拠点広場","青森県六ヶ所村大字倉内字笹崎400-2","40.887749","141.286957"
"南こども園","青森県六ヶ所村大字倉内字唐貝地5-328","40.857706","141.339471"
"千樽集会所","青森県六ヶ所村大字鷹架108","40.934384","141.262131"
"六ヶ所村老部川地区ゲートボール場","青森県六ヶ所村大字尾駮字猿子沢2-78","40.985424","141.3706"
"戸鎖小公園","青森県六ヶ所村鷹架字久保ノ内46-2","40.93736","141.298324"
"児童厚生体育施設","青森県六ヶ所村鷹架字久保ノ内77-1","40.937245","141.296178"
"スパハウスろっかぽっか","青森県六ヶ所村鷹架字内子内337","40.918575","141.334912"
"旧泊中学校グラウンド","青森県六ヶ所村泊字焼山611-1","41.102902","141.389981"
"泊小中学校グラウンド","青森県六ヶ所村泊字川原75-17","41.086974","141.388522"
"泊避難所","青森県六ヶ所村泊滝川53-1","41.094829","141.393822"
"室ノ久保地区学習等供用センター（講堂）","青森県六ヶ所村尾駮字川向30-12","40.941988","141.290904"
"二又夢はぐ館","青森県六ヶ所村尾駮字二又83-26","40.987652","141.30431"
"文化交流プラザ（スワニー）","青森県六ヶ所村尾駮字野附1-8","40.964635","141.363855"
"第一中学校グラウンド","青森県六ヶ所村尾駮字野附1054","40.967316","141.366108"
"尾駮コミュニティーセンター","青森県六ヶ所村尾駮字野附1161-1","40.965637","141.372568"
"尾駮小学校グラウンド","青森県六ヶ所村尾駮字野附1304-1","40.96939","141.366612"
"尾駮レイクタウン北１号公園","青森県六ヶ所村尾駮字野附1320-1","40.971881","141.360025"
"尾駮レイクタウン北３号公園","青森県六ヶ所村尾駮字野附1335","40.970699","141.363737"
"尾駮レイクタウン北２号公園","青森県六ヶ所村尾駮字野附1336","40.972335","141.365325"
"大石総合運動公園","青森県六ヶ所村尾駮字野附533-1","40.98202","141.338151"
"熊野近隣公園","青森県六ヶ所村平沼字追舘123-6","40.884095","141.364992"
"青森宝栄工業株式会社","青森県六ヶ所村平沼字田面木246","40.88425","141.359775"
"旧長谷小学校　グラウンド","青森県六戸町大字下吉田字下沼田111-1","40.58965","141.352811"
"六戸町総合運動公園","青森県六戸町大字犬落瀬字下久保174-1","40.617631","141.32118"
"開知小学校　グラウンド","青森県六戸町大字犬落瀬字権現沢14-159","40.641969","141.300502"
"七百中学校　グラウンド","青森県六戸町大字犬落瀬字権現沢54-41","40.646137","141.301747"
"ふれあい昭陽館　グラウンド","青森県六戸町大字犬落瀬字四木77-97","40.666775","141.301872"
"六戸中学校　グラウンド","青森県六戸町大字犬落瀬字柴山2-90","40.612444","141.327903"
"町営野球場","青森県六戸町大字犬落瀬字前谷地61","40.609601","141.327575"
"六戸高等学校　グラウンド","青森県六戸町大字犬落瀬字坪毛沢25-163","40.618096","141.328976"
"六戸小学校　グラウンド","青森県六戸町大字犬落瀬字明土63","40.599704","141.324792"
"大曲小学校　グラウンド","青森県六戸町大字犬落瀬字柳沢91-86","40.643858","141.336036"
"旧折茂小学校　グラウンド","青森県六戸町大字折茂字前田136-3","40.603429","141.294733"
"旧柳町小学校　グラウンド","青森県六戸町大字柳町字百役31-1","40.592417","141.293772"
"芦萢へき地保健福祉館","青森県鰺ヶ沢町芦萢町字鹿子石82-5","40.692777","140.22674"
"姥袋町近くの高台","青森県鰺ヶ沢町姥袋町字霜坂熊ヶ沢","40.75076","140.16277"
"牛島近くの高台","青森県鰺ヶ沢町姥袋町字大磯","40.751995","140.151891"
"アグリビジネスホール","青森県鰺ヶ沢町建石町字成沢77","40.761989","140.306275"
"鳴沢農業実習センター","青森県鰺ヶ沢町建石町字大曲44-17","40.771717","140.284346"
"（旧）建石小学校","青森県鰺ヶ沢町建石町字島田150","40.762083","140.312864"
"石上神社","青森県鰺ヶ沢町七ツ石町140","40.776831","140.213938"
"小森林業センター","青森県鰺ヶ沢町小森町字野田99-3","40.700594","140.169235"
"松源寺","青森県鰺ヶ沢町赤石町字宇名原117","40.761287","140.169255"
"赤石公民館","青森県鰺ヶ沢町赤石町字宇名原232-2","40.762784","140.164155"
"鰺ヶ沢中学校","青森県鰺ヶ沢町赤石町字大和田27","40.773718","140.181906"
"大和田貯水池","青森県鰺ヶ沢町赤石町字大和田35-62","40.779725","140.190877"
"（旧）一ツ森小学校","青森県鰺ヶ沢町大字一ツ森町字上禿88-2","40.69001","140.15083"
"一ツ森林業センター","青森県鰺ヶ沢町大字一ツ森町字上禿88-2","40.690487","140.151499"
"青森県立鰺ヶ沢高等学校","青森県鰺ヶ沢町大字舞戸町字小夜72","40.776265","140.203915"
"中下農村婦人の家","青森県鰺ヶ沢町中村町字下清水崎142-1","40.762143","140.238641"
"（旧）中村小学校","青森県鰺ヶ沢町中村町字上山ノ井62","40.752525","140.228751"
"中村公民館","青森県鰺ヶ沢町中村町字中山ノ井109","40.757774","140.229735"
"長平生活改善センター","青森県鰺ヶ沢町長平町字甲音羽山65-123","40.711617","140.274408"
"長平青少年旅行村研修センター","青森県鰺ヶ沢町長平町字甲音羽地内","40.704571","140.27271"
"山寺子","青森県鰺ヶ沢町田中町28-1","40.777564","140.216269"
"南金沢生活改善センター","青森県鰺ヶ沢町南金沢町字床夏204-3","40.723652","140.181969"
"（旧）南金沢小学校","青森県鰺ヶ沢町南金沢町字晴間20-8","40.722609","140.183729"
"南浮田農業センター","青森県鰺ヶ沢町南浮田町字早田83-2","40.779548","140.252167"
"南浮田町近くの高台","青森県鰺ヶ沢町南浮田町字米山","40.778648","140.256113"
"浜横沢生活改善センター","青森県鰺ヶ沢町浜横沢町字金沢7-2","40.733715","140.232313"
"小ノ畑生活改善センター","青森県鰺ヶ沢町浜横沢町字深沢8-1","40.719296","140.228375"
"舞戸小学校","青森県鰺ヶ沢町舞戸町字久富27","40.776234","140.22466"
"鰺ヶ沢町総合保健福祉センター","青森県鰺ヶ沢町舞戸町字後家屋敷9-4","40.770536","140.229086"
"舞戸町近くの高台","青森県鰺ヶ沢町舞戸町字三ツ沢・西阿部野","40.766461","140.217692"
"新地稲荷神社","青森県鰺ヶ沢町舞戸町字小夜","40.781663","140.200425"
"勤労青少年ホーム","青森県鰺ヶ沢町舞戸町字小夜151","40.77548","140.206964"
"勤労者体育センター","青森県鰺ヶ沢町舞戸町字小夜151","40.77559","140.207399"
"西海小学校","青森県鰺ヶ沢町舞戸町字小夜190","40.777993","140.206984"
"室内温水プール","青森県鰺ヶ沢町舞戸町字小夜51-1","40.776195","140.207109"
"天童山公園管理棟","青森県鰺ヶ沢町舞戸町字小夜616","40.782321","140.202056"
"舞戸公民館","青森県鰺ヶ沢町舞戸町字上富田149-2","40.776551","140.220352"
"鰺ヶ沢ファッション","青森県鰺ヶ沢町舞戸町字北禿146","40.779457","140.229981"
"日本海拠点館","青森県鰺ヶ沢町舞戸町字北禿181","40.781859","140.226501"
"鰺ヶ沢中学校第二体育館","青森県鰺ヶ沢町舞戸町字鳴戸390","40.78315","140.234812"
"館稲荷神社","青森県鰺ヶ沢町舞戸町字鷲見","40.77278","140.225032"
"神明宮","青森県鰺ヶ沢町米町","40.778153","140.210215"
"（旧）鳴沢小学校","青森県鰺ヶ沢町北浮田町字外馬屋51-3","40.779254","140.272841"
"鳴沢公民館","青森県鰺ヶ沢町北浮田町字外馬屋83-3","40.781281","140.268898"
"川尻近くの高台","青森県鰺ヶ沢町北浮田町字今須","40.791575","140.251629"
"川尻営農総合研修所","青森県鰺ヶ沢町北浮田町字今須154-178","40.790743","140.247953"
"北浮田集会所","青森県鰺ヶ沢町北浮田町字今須前田57-1","40.784669","140.251724"
"北浮田町近くの高台","青森県鰺ヶ沢町北浮田町字今須浜田","40.78678","140.252774"
"中央公民館","青森県鰺ヶ沢町本町209-2","40.77976","140.209085"
"山村開発センター","青森県鰺ヶ沢町本町209-2","40.779655","140.209535"
"鰺ヶ沢こども園","青森県鰺ヶ沢町本町51-2","40.779633","140.206457"
"白八幡宮","青森県鰺ヶ沢町本町69","40.781802","140.204948"