"施設名","所在地","緯度","経度"
"移レストハウス","和歌山県かつらぎ町大字移82-1","34.294695","135.455451"
"天野地域交流センター（ゆずり葉）","和歌山県かつらぎ町大字下天野930","34.259161","135.514563"
"久木コミュニティセンター","和歌山県かつらぎ町大字花園久木284","34.150759","135.572289"
"新子ふるさと村","和歌山県かつらぎ町大字花園新子96","34.13156","135.549937"
"花園保健福祉館","和歌山県かつらぎ町大字花園中南250","34.135823","135.570985"
"旧花園中学校","和歌山県かつらぎ町大字花園北寺189","34.137687","135.537252"
"遍照寺","和歌山県かつらぎ町大字花園梁瀬1567","34.138407","135.515512"
"梁瀬小学校","和歌山県かつらぎ町大字花園梁瀬567-1","34.136391","135.516496"
"はなぞの温泉「花圃の里」","和歌山県かつらぎ町大字花園梁瀬779","34.138692","135.519308"
"新規作物地域ブランド定着施設","和歌山県かつらぎ町大字笠田中256-19","34.290037","135.472689"
"笠田中学校","和歌山県かつらぎ町大字笠田東132","34.288135","135.480543"
"笠田東第１自治区コミュニティセンター","和歌山県かつらぎ町大字笠田東30-3","34.291169","135.480558"
"笠田東児童館","和歌山県かつらぎ町大字笠田東353-1","34.285177","135.478078"
"笠田ふるさと交流館","和歌山県かつらぎ町大字笠田東396-3","34.288214","135.47864"
"笠田小学校","和歌山県かつらぎ町大字笠田東558","34.287808","135.475182"
"笠田東第１自治区西集会所","和歌山県かつらぎ町大字笠田東666-2","34.289075","135.477263"
"笠田高等学校","和歌山県かつらぎ町大字笠田東825","34.292739","135.478247"
"宮本集会所","和歌山県かつらぎ町大字宮本13","34.270314","135.502974"
"窪ふるさと館","和歌山県かつらぎ町大字窪140","34.28924","135.464017"
"兄井集会所","和歌山県かつらぎ町大字兄井243","34.288871","135.505724"
"四邑公民館","和歌山県かつらぎ町大字御所8-2","34.256847","135.486441"
"四郷地域交流センター（ともがき）","和歌山県かつらぎ町大字広口1197","34.324476","135.479706"
"広口生活改善センター","和歌山県かつらぎ町大字広口476","34.316929","135.472147"
"高田児童館","和歌山県かつらぎ町大字高田67-2","34.282619","135.44936"
"笠田公民館佐野分館","和歌山県かつらぎ町大字佐野550-1","34.295401","135.48799"
"三谷こども園","和歌山県かつらぎ町大字三谷1650","34.291071","135.518665"
"三谷公民館","和歌山県かつらぎ町大字三谷1670-1","34.289528","135.517697"
"丹生酒殿神社","和歌山県かつらぎ町大字三谷631","34.289211","135.520012"
"山崎児童館","和歌山県かつらぎ町大字山崎184","34.292488","135.534658"
"志賀地域交流センター（ふれあい）","和歌山県かつらぎ町大字志賀1347-3","34.22198","135.503413"
"寺尾集会所","和歌山県かつらぎ町大字寺尾207","34.284698","135.495775"
"新城農作業準備休養施設","和歌山県かつらぎ町大字新城879-1","34.198584","135.505317"
"西渋田児童館","和歌山県かつらぎ町大字西渋田61-1","34.27827","135.472165"
"西飯降集会所","和歌山県かつらぎ町大字西飯降291","34.306301","135.526744"
"大谷公民館","和歌山県かつらぎ町大字大谷288-5","34.298299","135.494611"
"大谷小学校","和歌山県かつらぎ町大字大谷338","34.300988","135.494249"
"大谷地域交流センター","和歌山県かつらぎ町大字大谷868-1","34.29415","135.489676"
"滝文化保存伝習施設","和歌山県かつらぎ町大字滝872-4","34.327992","135.49732"
"広野高齢者活動促進施設","和歌山県かつらぎ町大字短野210-1","34.316698","135.52181"
"中飯降グラウンド","和歌山県かつらぎ町大字中飯降1344-3","34.310089","135.53856"
"中飯降児童館","和歌山県かつらぎ町大字中飯降284-1","34.305456","135.531934"
"和歌山県農林大学校","和歌山県かつらぎ町大字中飯降422","34.308239","135.529013"
"かつらぎ町地域福祉センター","和歌山県かつらぎ町大字丁ノ町2338-2","34.295549","135.504271"
"かつらぎ総合文化会館","和歌山県かつらぎ町大字丁ノ町2454","34.294937","135.504915"
"かつらぎ公園体育センター","和歌山県かつらぎ町大字丁ノ町2527","34.295268","135.518528"
"丁ノ町地域交流センター","和歌山県かつらぎ町大字丁ノ町459-1","34.299661","135.517533"
"丁ノ町第二集会所","和歌山県かつらぎ町大字丁ノ町65-2","34.300089","135.508385"
"渋田小学校","和歌山県かつらぎ町大字東渋田152","34.277115","135.475769"
"東渋田軽スポーツセンター","和歌山県かつらぎ町大字東渋田428-8","34.278621","135.483218"
"見好公民館","和歌山県かつらぎ町大字東渋田50","34.279964","135.477452"
"河南グラウンド","和歌山県かつらぎ町大字東渋田626-3","34.284027","135.490456"
"河南地域交流センター","和歌山県かつらぎ町大字東渋田667-1","34.282349","135.493099"
"東谷ふるさとセンター","和歌山県かつらぎ町大字東谷1847","34.338923","135.489533"
"背ノ山ふれあい会館","和歌山県かつらぎ町大字背ノ山390","34.282374","135.458194"
"萩原コミュニティセンター","和歌山県かつらぎ町大字萩原353-2","34.289179","135.466264"
"西柏木会館","和歌山県かつらぎ町大字柏木305-1","34.308198","135.491597"
"平生活改善センター","和歌山県かつらぎ町大字平93","34.336927","135.478032"
"ゆうゆうコミュニテイホーム","和歌山県かつらぎ町大字妙寺146-2","34.300695","135.527995"
"紀北農芸高校","和歌山県かつらぎ町大字妙寺1781","34.309537","135.529279"
"妙寺公民館","和歌山県かつらぎ町大字妙寺445-1","34.297647","135.52091"
"妙寺中学校","和歌山県かつらぎ町大字妙寺581","34.30173","135.520402"
"妙寺小学校","和歌山県かつらぎ町大字妙寺857","34.302784","135.526441"
"町道見老津長井橋山手線東国道付近","和歌山県すさみ町見老津","33.516671","135.573737"
"旧見老津小学校（※グラウンド）","和歌山県すさみ町見老津","33.509174","135.580159"
"見老津生活改善センター","和歌山県すさみ町見老津295","33.510862","135.580186"
"常栄寺","和歌山県すさみ町見老津322","33.510813","135.580843"
"見老津避難所","和歌山県すさみ町見老津404","33.509198","135.580163"
"おんどの山","和歌山県すさみ町見老津２１６－１先","33.512842","135.579942"
"観流坊","和歌山県すさみ町見老津２１６－１先","33.511442","135.579655"
"西平見","和歌山県すさみ町見老津２１６－１先","33.512364","135.57849"
"口和深川東線１号橋南山辺","和歌山県すさみ町口和深","33.526867","135.518501"
"太公望裏山","和歌山県すさみ町口和深","33.530851","135.515925"
"口和深避難路（１）","和歌山県すさみ町口和深","33.53277","135.513366"
"口和深避難路（２）","和歌山県すさみ町口和深","33.52663","135.516252"
"下谷渡船駐車場裏山","和歌山県すさみ町口和深","33.52959","135.515137"
"下谷渡船付近裏山","和歌山県すさみ町口和深","33.528903","135.516225"
"町道小家の元線支線付近裏山","和歌山県すさみ町口和深","33.529358","135.517755"
"町道小家の元線付近裏山","和歌山県すさみ町口和深","33.529405","135.518262"
"町道小家の元線支線付近裏畑","和歌山県すさみ町口和深","33.529702","135.518249"
"町道西浜和深川線（ＪＲ線路付近）","和歌山県すさみ町口和深","33.534329","135.514323"
"口和深集会センター","和歌山県すさみ町口和深283-2","33.529669","135.520667"
"谷口渡船裏山","和歌山県すさみ町口和深３６８－２西方","33.530777","135.515118"
"国道４２号線江須ノ川橋西側","和歌山県すさみ町江住","33.50811","135.589784"
"国道４２号線江須ノ川橋下東側付近山","和歌山県すさみ町江住","33.508579","135.591152"
"江須ノ川漁港北国道４２号線","和歌山県すさみ町江住","33.507524","135.593931"
"江須ノ川漁港事務所付近個人宅高台","和歌山県すさみ町江住","33.507077","135.59421"
"公営住宅江住団地西高台","和歌山県すさみ町江住","33.509644","135.602733"
"吉田組事務所東付近山","和歌山県すさみ町江住","33.510704","135.606537"
"ＪＲ江須之川橋梁北高台","和歌山県すさみ町江住","33.51057","135.588647"
"吉田組プラント付近県道","和歌山県すさみ町江住","33.51422","135.602583"
"ＪＲ江須之川橋梁西高台","和歌山県すさみ町江住","33.510096","135.588701"
"童謡公園","和歌山県すさみ町江住142","33.50467","135.588534"
"江須之川避難所","和歌山県すさみ町江住142","33.504733","135.588197"
"江須之川生活改善センター","和歌山県すさみ町江住240","33.50768","135.590868"
"旧江住小学校（体育館）","和歌山県すさみ町江住670","33.507228","135.600557"
"旧江住小学校（校舎）","和歌山県すさみ町江住670","33.507536","135.601061"
"江住避難所","和歌山県すさみ町江住716-1","33.506785","135.599799"
"けんゆう苑","和歌山県すさみ町江住800","33.505472","135.600851"
"道の駅すさみ","和歌山県すさみ町江住808-1","33.505508","135.599722"
"公営住宅江住団地北県道バイパス","和歌山県すさみ町江住（公営住宅江住団地北県道バイパス）","33.511174","135.602132"
"江須之川生活改善センター東国道４２号線１","和歌山県すさみ町江住（江須之川生活改善センター東国道４２号線１）","33.505967","135.589114"
"江須之川生活改善センター東国道４２号線２","和歌山県すさみ町江住（江須之川生活改善センター東国道４２号線２）","33.508204","135.591249"
"江須之川本谷線三号橋付近","和歌山県すさみ町江住（江須之川本谷線三号橋付近）","33.509358","135.590015"
"酒井渡船付近個人宅高台","和歌山県すさみ町江住（酒井渡船付近個人宅高台）","33.507202","135.595025"
"小倉酒店付近裏山","和歌山県すさみ町江住（小倉酒店付近裏山）","33.511509","135.605628"
"城の平","和歌山県すさみ町江住（城の平）","33.511934","135.605927"
"町営住宅小郷谷団地付近","和歌山県すさみ町江住（町営住宅小郷谷団地付近）","33.513741","135.605737"
"町道江住新平見線付近","和歌山県すさみ町江住（町道江住新平見線付近）","33.509801","135.60939"
"町道江須之川西津浦線東国道４２号線","和歌山県すさみ町江住（町道江須之川西津浦線東国道４２号線）","33.507837","135.596431"
"町道江須平線起点付近","和歌山県すさみ町江住（町道江須平線起点付近）","33.506388","135.599392"
"楠堂谷東側山","和歌山県すさみ町江住（楠堂谷東側山）","33.508386","135.595946"
"薬師さん北個人宅裏山","和歌山県すさみ町江住（薬師さん北個人宅裏山）","33.51341","135.604139"
"薬師さん","和歌山県すさみ町江住１２７４－３東方先","33.512891","135.60454"
"町道平線タイラ橋付近県道バイパス","和歌山県すさみ町江住９８９北方先","33.51341","135.602191"
"栗垣内集会所","和歌山県すさみ町佐本西栗垣内58","33.591143","135.609715"
"佐本中集会所","和歌山県すさみ町佐本中205-1","33.589932","135.625294"
"公民館佐本分館","和歌山県すさみ町佐本中228-2","33.589225","135.62467"
"旧佐本小学校（校舎）","和歌山県すさみ町佐本中86","33.591135","135.627483"
"旧佐本小学校（体育館）","和歌山県すさみ町佐本中86","33.590858","135.62704"
"中野集会所","和歌山県すさみ町佐本中野113-2","33.600655","135.618677"
"追川集会所","和歌山県すさみ町佐本追川220","33.587227","135.618363"
"王子神社裏","和歌山県すさみ町周参見","33.553021","135.494678"
"下山避難路","和歌山県すさみ町周参見","33.543024","135.494544"
"町道山崎太間地線１号橋西個人宅裏山２","和歌山県すさみ町周参見","33.556149","135.490288"
"町道山崎太間地線１号橋西個人宅裏山１","和歌山県すさみ町周参見","33.555769","135.490057"
"ＪＲ山崎踏切付近個人宅裏山１","和歌山県すさみ町周参見","33.554747","135.493944"
"石橋墓地横砂防堰堤付近","和歌山県すさみ町周参見","33.551767","135.49924"
"町道小泊西線北個人宅裏山","和歌山県すさみ町周参見","33.552183","135.486079"
"小泊生活改善センター北個人宅裏山","和歌山県すさみ町周参見","33.551146","135.488987"
"ＪＲ山崎踏切付近個人宅裏山３","和歌山県すさみ町周参見","33.554068","135.493556"
"ＪＲ山崎踏切付近個人宅裏山２","和歌山県すさみ町周参見","33.553835","135.493781"
"関電すさみ変電所付近個人宅裏山","和歌山県すさみ町周参見","33.556751","135.501402"
"ＪＲ堀切踏切付近裏山","和歌山県すさみ町周参見","33.560695","135.49536"
"堀切生活改善センター","和歌山県すさみ町周参見1682","33.557853","135.494489"
"きのくに林産加工場","和歌山県すさみ町周参見1704","33.562859","135.493766"
"平松観音堂","和歌山県すさみ町周参見2023","33.549757","135.491122"
"漁村センター","和歌山県すさみ町周参見2050-28","33.549334","135.492412"
"歴史民俗資料館","和歌山県すさみ町周参見2290","33.552766","135.494473"
"平松津波避難タワー","和歌山県すさみ町周参見2305","33.551385","135.493249"
"県営住宅すさみ団地（四階）","和歌山県すさみ町周参見2338-2","33.554447","135.495578"
"防地避難所","和歌山県すさみ町周参見2465-1","33.559085","135.502187"
"農村活性化センター","和歌山県すさみ町周参見2820-1","33.556749","135.510164"
"周参見保育所","和歌山県すさみ町周参見2871-1","33.556546","135.511057"
"農林漁業者等健康増進施設","和歌山県すさみ町周参見3305-3","33.555507","135.503705"
"神田愛育文化センター","和歌山県すさみ町周参見3502-2","33.558442","135.503347"
"金比羅宮","和歌山県すさみ町周参見3553","33.558274","135.501916"
"周参見中学校　（体育館）","和歌山県すさみ町周参見3685","33.55435","135.50045"
"周参見中学校（校舎）","和歌山県すさみ町周参見3685","33.554786","135.499684"
"住民福祉会館","和歌山県すさみ町周参見3871-3","33.552251","135.497917"
"周参見小学校（体育館）","和歌山県すさみ町周参見4027","33.551382","135.497282"
"周参見小学校（校舎）","和歌山県すさみ町周参見4027","33.55114","135.497594"
"役場庁舎（屋上）","和歌山県すさみ町周参見4089","33.550148","135.496673"
"総合センター（津波の場合は屋上）","和歌山県すさみ町周参見4120-1","33.549813","135.495997"
"地域福祉センター［※福祉避難所］","和歌山県すさみ町周参見4133","33.549889","135.495611"
"津波避難タワー","和歌山県すさみ町周参見4289-1","33.547424","135.495559"
"下地一集会所","和歌山県すさみ町周参見4449","33.545616","135.496121"
"小泊生活改善センター","和歌山県すさみ町周参見4596","33.550746","135.488313"
"すさみ町避難ビル","和歌山県すさみ町周参見4626-15","33.550666","135.497124"
"天理教紀周文教会","和歌山県すさみ町周参見5009-1","33.556944","135.495983"
"曽根田橋西個人宅裏山","和歌山県すさみ町周参見（曽根田橋西個人宅裏山）","33.55135","135.490058"
"太間地集会所北個人宅裏山","和歌山県すさみ町周参見（太間地集会所北個人宅裏山）","33.55871","135.491229"
"大日山配水池西側１","和歌山県すさみ町周参見（大日山配水池西側１）","33.554754","135.493944"
"大日山配水池西側２","和歌山県すさみ町周参見（大日山配水池西側２）","33.554955","135.493965"
"町道小泊中之谷線北個人宅裏山","和歌山県すさみ町周参見（町道小泊中之谷線北個人宅裏山）","33.552183","135.487249"
"町道曽根田線起点付近裏山","和歌山県すさみ町周参見（町道曽根田線起点付近裏山）","33.552244","135.490466"
"町道太間地線太間地橋西個人宅裏山１","和歌山県すさみ町周参見（町道太間地線太間地橋西個人宅裏山１）","33.554696","135.490092"
"町道太間地線太間地橋西個人宅裏山２","和歌山県すさみ町周参見（町道太間地線太間地橋西個人宅裏山２）","33.555053","135.489813"
"町道太間地線堀切橋東個人宅裏山","和歌山県すさみ町周参見（町道太間地線堀切橋東個人宅裏山）","33.561008","135.495499"
"町道大阪火尻線支線付近個人宅裏山","和歌山県すさみ町周参見（町道大阪火尻線支線付近個人宅裏山）","33.556967","135.495585"
"天理教紀周文教会北個人宅付近１","和歌山県すさみ町周参見（天理教紀周文教会北個人宅付近１）","33.557253","135.496218"
"天理教紀周文教会北個人宅付近２","和歌山県すさみ町周参見（天理教紀周文教会北個人宅付近２）","33.557557","135.496261"
"藤原谷","和歌山県すさみ町周参見（藤原谷）","33.551745","135.502759"
"太間地集会所付近裏山","和歌山県すさみ町周参見１８３１先","33.55694","135.490199"
"太間地観音堂付近裏山","和歌山県すさみ町周参見１９２１南方先","33.554017","135.490556"
"三助谷","和歌山県すさみ町周参見１９６１先","33.550349","135.49094"
"畑山","和歌山県すさみ町周参見１９８４先","33.550077","135.491342"
"天神参道","和歌山県すさみ町周参見２０２１北西","33.549547","135.490595"
"県道王子橋","和歌山県すさみ町周参見２１００－３先","33.551928","135.493972"
"大日山","和歌山県すさみ町周参見２２８８－１北方先","33.55473","135.494498"
"大日山配水池昇り道","和歌山県すさみ町周参見２３３８－２西方先","33.555846","135.495647"
"大阪殿","和歌山県すさみ町周参見２４００北方先","33.557966","135.496572"
"石橋墓地裏上段","和歌山県すさみ町周参見４００５－２先","33.551649","135.498923"
"背戸山","和歌山県すさみ町周参見４０７５先","33.548206","135.497215"
"万福寺裏山","和歌山県すさみ町周参見４２８０東方","33.547473","135.497123"
"観音谷の高台","和歌山県すさみ町周参見４４２３北東先","33.547439","135.498231"
"串の戸（旧君嶋石油前の山）","和歌山県すさみ町周参見４４９１－１西方先","33.543192","135.495354"
"小泊地蔵堂付近裏山","和歌山県すさみ町周参見４６１５先","33.551673","135.488354"
"中の谷","和歌山県すさみ町周参見４６７１北方先","33.553635","135.487475"
"小河内集会センター","和歌山県すさみ町小河内913-1","33.565836","135.57902"
"西野川会館","和歌山県すさみ町西野川","33.60299","135.627421"
"太間川上会館","和歌山県すさみ町太間川38","33.599693","135.508827"
"大鎌集会所","和歌山県すさみ町大鎌237","33.551532","135.624951"
"大谷会館","和歌山県すさみ町大谷179-3","33.577069","135.616588"
"防己避難所","和歌山県すさみ町防己","33.575486","135.602838"
"里野海水浴場南国道４２号線","和歌山県すさみ町里野","33.508555","135.633075"
"中山","和歌山県すさみ町里野","33.511403","135.627513"
"町道里野椎平線ＪＲ下トンネル付近高台","和歌山県すさみ町里野","33.512127","135.625332"
"里野漁港北高台","和歌山県すさみ町里野","33.503701","135.625246"
"里野集会所","和歌山県すさみ町里野526","33.508786","135.626814"
"正福寺駐車場付近","和歌山県すさみ町里野847","33.513755","135.627315"
"和深川集会所","和歌山県すさみ町和深川383","33.535178","135.535447"
"ミナベ化工㈱事務所","和歌山県みなべ町気佐藤173-1","33.776012","135.321195"
"紀州農協アグリセンターみなべ","和歌山県みなべ町気佐藤321-6","33.773701","135.320655"
"みなべ町津波避難センター","和歌山県みなべ町気佐藤72-1","33.770328","135.318432"
"南部川右岸防災ヘリポート（タブチ池跡地）","和歌山県みなべ町筋528","33.787884","135.318231"
"道林寺","和歌山県みなべ町熊岡82","33.780084","135.337409"
"熊岡地区畑崎付近","和歌山県みなべ町熊岡４４８地先","33.776769","135.336351"
"鶴の湯温泉","和歌山県みなべ町熊瀬川47","33.835211","135.319961"
"高城公民館","和歌山県みなべ町広野9","33.846825","135.355672"
"高城高齢者センター","和歌山県みなべ町高野1404","33.851773","135.340566"
"堺地区日吉神社奥高台","和歌山県みなべ町堺383","33.74857","135.332763"
"堺地区ほうじ","和歌山県みなべ町堺418-3","33.746536","135.332554"
"堺地区灰屋付近","和歌山県みなべ町堺528","33.745274","135.329855"
"もとや魚店周辺","和歌山県みなべ町堺540-2","33.744426","135.329405"
"堺地区しんばし山","和歌山県みなべ町堺660","33.746505","135.337333"
"常福寺裏山高台","和歌山県みなべ町堺73","33.74863","135.330121"
"堺地区小川商店付近高台","和歌山県みなべ町堺４０－１外","33.748499","135.328965"
"堺地区地蔵尊裏高台","和歌山県みなべ町堺６１８外","33.745492","135.332253"
"山内地区岩井谷付近","和歌山県みなべ町山内1163","33.773886","135.308792"
"紀州梅干館","和歌山県みなべ町山内1339","33.772539","135.314076"
"紀州南部ロイヤルホテル駐車場","和歌山県みなべ町山内348","33.768746","135.301104"
"片倉地区千里球場入口付近","和歌山県みなべ町山内78-2","33.778882","135.290523"
"諏訪神社付近高台","和歌山県みなべ町山内891-2","33.776965","135.313027"
"山内地区国道４２号峠付近","和歌山県みなべ町山内４４８－３地先","33.776225","135.310592"
"新福寺裏高台（岡山）","和歌山県みなべ町山内７９０－２外","33.778151","135.315291"
"南部高等学校　体育館","和歌山県みなべ町芝407","33.764886","135.324557"
"南部高等学校（３号棟）","和歌山県みなべ町芝407","33.764592","135.325815"
"みなべ町社会福祉センター","和歌山県みなべ町芝447-2","33.766047","135.323451"
"南部公民館","和歌山県みなべ町芝503","33.765499","135.322566"
"武道館","和歌山県みなべ町芝503-6","33.765388","135.322415"
"南部中学校　体育館","和歌山県みなべ町芝510","33.764271","135.322364"
"みなべ町役場","和歌山県みなべ町芝742","33.77241","135.321627"
"猪ノ山","和歌山県みなべ町芝１０－１外","33.768378","135.328822"
"ゆうゆう館","和歌山県みなべ町埴田1444-1","33.752261","135.326885"
"なかよし作業所","和歌山県みなべ町埴田1444-1","33.752468","135.326594"
"介護老人福祉施設　虹","和歌山県みなべ町埴田1450-1","33.75175","135.327602"
"国民宿舎紀州路みなべ","和歌山県みなべ町埴田1540","33.751598","135.324055"
"埴田拝殿高台","和歌山県みなべ町埴田483-5","33.762483","135.328072"
"埴田グラウンド","和歌山県みなべ町埴田929-2","33.758161","135.327721"
"埴田医王寺（寺山）","和歌山県みなべ町埴田５１５－３外","33.763533","135.328815"
"紀州備長炭振興館","和歌山県みなべ町清川1254","33.851499","135.395381"
"旧清川中学校　体育館","和歌山県みなべ町清川2202","33.854384","135.398877"
"清川公民館","和歌山県みなべ町清川2223-3","33.853347","135.398804"
"清川小学校　体育館","和歌山県みなべ町清川2340","33.850059","135.399735"
"西中村墓地","和歌山県みなべ町西岩代1231-2","33.79092","135.272429"
"西岩代地区大師堂付近","和歌山県みなべ町西岩代1416","33.787581","135.277745"
"岩代小学校　体育館","和歌山県みなべ町西岩代2162","33.781232","135.281068"
"岩代小学校　校舎","和歌山県みなべ町西岩代2162","33.781675","135.281427"
"光照寺","和歌山県みなべ町西岩代495","33.784741","135.270986"
"戸仲会場","和歌山県みなべ町西岩代801-1","33.797234","135.271288"
"西本庄地区天王神社","和歌山県みなべ町西本庄1791-2","33.811318","135.327597"
"須賀神社前","和歌山県みなべ町西本庄242","33.799194","135.32625"
"水越観音前","和歌山県みなべ町西本庄472-1","33.805203","135.322426"
"西本庄区民会館","和歌山県みなべ町西本庄746","33.80656","135.326398"
"西本庄多目的集会場","和歌山県みなべ町西本庄773","33.80774","135.327332"
"瓜谷地区上","和歌山県みなべ町西本庄１２４外","33.796145","135.324464"
"瓜谷地区下","和歌山県みなべ町西本庄１５２－１外","33.795111","135.325805"
"特別養護老人ホームときわ寮梅の里","和歌山県みなべ町滝437","33.84112","135.3501"
"高城中学校　体育館","和歌山県みなべ町滝81","33.848856","135.3557"
"みなべ町生涯学習センター","和歌山県みなべ町谷口301-4","33.791589","135.330586"
"うめ振興館","和歌山県みなべ町谷口538-1","33.790697","135.327094"
"上南部小学校　校舎","和歌山県みなべ町谷口549","33.791142","135.32843"
"上南部小学校　体育館","和歌山県みなべ町谷口549","33.790839","135.327778"
"片山地区南紀用水ポンプ場","和歌山県みなべ町谷口730-1","33.790064","135.323831"
"高城小学校　体育館","和歌山県みなべ町土井431","33.853629","135.350561"
"東岩代地区三尾正明倉庫","和歌山県みなべ町東岩代159-2","33.778494","135.284328"
"久木会場","和歌山県みなべ町東岩代1625-1","33.795577","135.296361"
"ひかり保育所","和歌山県みなべ町東岩代2059","33.785959","135.286457"
"東岩代地区木下宅裏山","和歌山県みなべ町東岩代649","33.781352","135.287659"
"東中村会場","和歌山県みなべ町東岩代785-1","33.782126","135.288372"
"鎌田池公園","和歌山県みなべ町東吉田459","33.774423","135.327684"
"みなべ町保健福祉センター","和歌山県みなべ町東本庄100","33.78783","135.328276"
"東本庄地区堀本光生様宅","和歌山県みなべ町東本庄274","33.793811","135.336291"
"東本庄区民会館","和歌山県みなべ町東本庄571","33.798331","135.331116"
"来迎寺","和歌山県みなべ町東本庄897","33.800439","135.332053"
"上南部中学校　体育館","和歌山県みなべ町東本庄91","33.792613","135.33124"
"東本庄地区永井恒雄宅前","和歌山県みなべ町東本庄２９５－３外","33.794972","135.336604"
"東本庄地区赤坂弘治宅前空地","和歌山県みなべ町東本庄３８１－２外","33.798436","135.335316"
"閉谷政井谷二号橋付近","和歌山県みなべ町徳蔵384-15","33.782864","135.317866"
"みなべＩＣ駐車場","和歌山県みなべ町徳蔵74-3","33.780273","135.326647"
"晩稲地区小殿神社","和歌山県みなべ町晩稲1309-1","33.78339","135.342295"
"晩稲地区薬師堂","和歌山県みなべ町晩稲1358","33.783524","135.339195"
"晩稲地区観音","和歌山県みなべ町晩稲291","33.789016","135.33728"
"大谷会館","和歌山県みなべ町晩稲640-19","33.794866","135.341748"
"晩稲地区小川恒則宅前","和歌山県みなべ町晩稲１０１８外","33.786234","135.34111"
"南部小学校　校舎","和歌山県みなべ町北道289","33.7662","135.32164"
"南部小学校　体育館","和歌山県みなべ町北道289","33.766532","135.321601"
"上野山","和歌山県印南町印南1484","33.815784","135.216844"
"若もの広場","和歌山県印南町印南1559-1","33.824501","135.218573"
"印南変電所上","和歌山県印南町印南1616-3","33.824483","135.221064"
"津波避難タワー","和歌山県印南町印南1757-6","33.81327","135.218793"
"要害山","和歌山県印南町印南1866-2","33.81523","135.217741"
"印南小学校","和歌山県印南町印南1915","33.816723","135.217869"
"印南町体育センター","和歌山県印南町印南2012","33.818639","135.217534"
"庚申坂付近","和歌山県印南町印南2031-1","33.818518","135.214611"
"片見谷入口付近","和歌山県印南町印南2040-2","33.820652","135.215187"
"印南浄水場","和歌山県印南町印南2193-3","33.823412","135.217956"
"東光寺奥","和歌山県印南町印南2332","33.813169","135.223319"
"かえる大橋","和歌山県印南町印南2441-1","33.822247","135.222634"
"宇杉ヶ丘","和歌山県印南町印南2721-38","33.816303","135.224083"
"光川ＪＲトンネル奥","和歌山県印南町印南2876","33.812082","135.226213"
"印南大権現周辺","和歌山県印南町印南2973-1","33.812572","135.22101"
"殿平","和歌山県印南町印南3256-7","33.810998","135.220516"
"光川町道沿い空き地","和歌山県印南町印南3505","33.810055","135.224422"
"いなみカントリークラブフジ","和歌山県印南町印南4064-1","33.829926","135.233156"
"光川神社下","和歌山県印南町印南4479-1","33.804511","135.223799"
"印南土地改良区事務所前","和歌山県印南町印南551-2","33.814909","135.210365"
"叶神社付近","和歌山県印南町印南750","33.813128","135.211919"
"稲原中学校","和歌山県印南町印南原1743","33.859453","135.227017"
"稲原小学校","和歌山県印南町印南原4850","33.859568","135.233844"
"滝ノ口コミュニティーセンター","和歌山県印南町印南原698-2","33.84915","135.227596"
"清流小学校","和歌山県印南町羽六776","33.838732","135.262406"
"宮ノ前多目的共同利用施設","和歌山県印南町宮ノ前598","33.824537","135.252411"
"清流中学校","和歌山県印南町古井5","33.848896","135.265608"
"切目川防災センター","和歌山県印南町古井623","33.854523","135.264799"
"古屋公民館","和歌山県印南町古屋249-3","33.821297","135.254999"
"西山口高速側道","和歌山県印南町山口1023-3","33.836344","135.220842"
"八幡神社","和歌山県印南町山口1217-1","33.831692","135.221105"
"カルフール・ド・ルポ印南","和歌山県印南町山口150-1","33.821966","135.221601"
"仙光寺","和歌山県印南町山口558-1","33.830783","135.225134"
"山口研修センター","和歌山県印南町山口636-1","33.832363","135.224084"
"西ノ地集会場","和歌山県印南町西ノ地1370-2","33.804267","135.244687"
"丸山","和歌山県印南町西ノ地1402","33.80382","135.245215"
"千手観音","和歌山県印南町西ノ地1860-1","33.80794","135.243936"
"元村コミュニティーセンター","和歌山県印南町西ノ地210","33.800832","135.235481"
"高垣集会所上墓地","和歌山県印南町西ノ地2389","33.810804","135.249574"
"切目小学校","和歌山県印南町西ノ地536","33.802355","135.235448"
"川又集会センター","和歌山県印南町川又334-2","33.89543","135.357373"
"印南避難センター","和歌山県印南町大字印南1307","33.815941","135.214255"
"印南町公民館","和歌山県印南町大字印南2009-1","33.818103","135.217675"
"宇杉研修施設","和歌山県印南町大字印南2340-1","33.814023","135.221495"
"光川コミュニティセンター","和歌山県印南町大字印南3652-2","33.807669","135.223638"
"稲原防災センター","和歌山県印南町大字印南原4850","33.860173","135.23272"
"ラ・グレースゴルフクラブ","和歌山県印南町大字古井1145","33.858864","135.279629"
"いなみこども園","和歌山県印南町大字山口150-3","33.822568","135.222886"
"松原コミュニティセンター","和歌山県印南町大字松原90-1","33.870355","135.280175"
"上洞生活改善センター","和歌山県印南町大字上洞1039-1","33.885174","135.342249"
"弘龍庵","和歌山県印南町大字島田1869-1","33.788521","135.235727"
"南谷公民館","和歌山県印南町大字南谷712","33.863914","135.199143"
"紀南カントリークラブ","和歌山県印南町大字南谷925","33.852025","135.2105"
"丹生多目的集会施設","和歌山県印南町丹生439-1","33.868484","135.2823"
"津井コミュニティセンター","和歌山県印南町津井306","33.814607","135.204256"
"まづま保育園","和歌山県印南町田ノ垣内150-1","33.877151","135.315753"
"寺ノ岡","和歌山県印南町島田1037","33.797014","135.241978"
"島田集会所","和歌山県印南町島田1173-1","33.796108","135.241359"
"島田運動場","和歌山県印南町島田1393","33.793198","135.242576"
"崎山漁村センター","和歌山県印南町島田1812-2","33.788045","135.236619"
"島田農免峠","和歌山県印南町島田2998","33.796599","135.245133"
"名杭墓地付近","和歌山県印南町島田311-5","33.806301","135.252886"
"楠本集会所上","和歌山県印南町島田92","33.813857","135.253072"
"みずほ会館","和歌山県印南町南谷102","33.86953","135.186242"
"樮川集会場","和歌山県印南町樮川707","33.844594","135.286084"
"井田地蔵寺","和歌山県海南市井田102","34.157117","135.222138"
"岡田八幡宮周辺","和歌山県海南市岡田1181","34.188862","135.227867"
"山崎団地","和歌山県海南市岡田1233-5","34.172527","135.210364"
"元プライスカット駐車場周辺","和歌山県海南市岡田611-1","34.168808","135.209739"
"教法寺","和歌山県海南市岡田698","34.168536","135.213646"
"弘誓寺","和歌山県海南市岡田780","34.168905","135.219403"
"専応寺","和歌山県海南市岡田975-1","34.173166","135.215112"
"地福寺","和歌山県海南市岡田992","34.191336","135.210551"
"沖野々スポーツ広場","和歌山県海南市沖野々278-1","34.163413","135.273082"
"沖野々公園","和歌山県海南市沖野々278-6","34.163705","135.272302"
"きらら子ども園","和歌山県海南市沖野々434","34.159611","135.273844"
"住民センター","和歌山県海南市沖野々443-5","34.160414","135.273673"
"旧仁義小学校","和歌山県海南市下津町引尾756-1","34.123081","135.220868"
"教徳寺周辺","和歌山県海南市下津町塩津82","34.134815","135.16536"
"極楽寺周辺","和歌山県海南市下津町塩津881","34.132615","135.165954"
"旧塩津小学校（塩津公民館）","和歌山県海南市下津町塩津908","34.131978","135.165414"
"下津第二中学校","和歌山県海南市下津町下287-2","34.128197","135.164593"
"下津第二中学校（３階）","和歌山県海南市下津町下287-2","34.128153","135.164471"
"加茂神社","和歌山県海南市下津町下567","34.130947","135.168724"
"楠戸山中腹周辺","和歌山県海南市下津町下津119","34.113017","135.147243"
"阿弥陀寺上の道路","和歌山県海南市下津町下津1331","34.107084","135.142542"
"外瀬山周辺","和歌山県海南市下津町下津1514","34.108782","135.140119"
"大正池周辺","和歌山県海南市下津町下津1831","34.106661","135.137522"
"西方寺周辺","和歌山県海南市下津町下津2464","34.108699","135.135269"
"港ふれあい公園","和歌山県海南市下津町下津27-3","34.114485","135.145814"
"下津港湾防災管理事務所","和歌山県海南市下津町下津3066-16","34.111019","135.144528"
"下津最終処分場周辺","和歌山県海南市下津町下津3103","34.113557","135.128257"
"市道赤松楠戸線周辺","和歌山県海南市下津町下津341","34.110752","135.149018"
"下津小学校（３階）","和歌山県海南市下津町下津477","34.109285","135.152275"
"下津小学校","和歌山県海南市下津町下津477","34.109713","135.153443"
"拝待体育館","和歌山県海南市下津町下津500-1","34.10896","135.150189"
"海南市民交流センター","和歌山県海南市下津町下津500-1","34.108918","135.150926"
"海南市民交流センター立体駐車場（最上段）","和歌山県海南市下津町下津500-1","34.109373","135.150404"
"海南市民交流センター（３階）","和歌山県海南市下津町下津500-1","34.10884","135.150925"
"下津第一中学校","和歌山県海南市下津町下津500-2","34.109002","135.151387"
"下津消防署（屋上）","和歌山県海南市下津町下津518-6","34.109344","135.149725"
"紀文レストラン駐車場","和歌山県海南市下津町下津705","34.108474","135.145816"
"かぐのみ苑周辺","和歌山県海南市下津町丸田1111-1","34.133827","135.157338"
"戸坂峠","和歌山県海南市下津町丸田1158","34.135536","135.156528"
"下津防災コミュニティセンター（屋上）","和歌山県海南市下津町丸田217-1","34.125287","135.155899"
"下津防災コミュニティセンター","和歌山県海南市下津町丸田217-1","34.12534","135.15598"
"大東小学校周辺農道","和歌山県海南市下津町丸田384","34.125534","135.152352"
"黒田地区高台","和歌山県海南市下津町黒田186","34.122446","135.159543"
"旧加茂第二小学校","和歌山県海南市下津町市坪240","34.116193","135.196058"
"拝待団地周辺","和歌山県海南市下津町小原1495","34.106958","135.151267"
"加茂川小学校","和歌山県海南市下津町小松原23","34.124657","135.186504"
"海南サクアス（屋外）","和歌山県海南市下津町小南51-1","34.128274","135.169837"
"下津保健福祉センター","和歌山県海南市下津町上14-6","34.116064","135.153909"
"下津保健福祉センター（屋上）","和歌山県海南市下津町上14-6","34.116463","135.154058"
"こじか保育所","和歌山県海南市下津町上2-1","34.116541","135.154758"
"上公民館周辺","和歌山県海南市下津町上356-40","34.109055","135.157989"
"方集会所周辺高台","和歌山県海南市下津町上48-7","34.114645","135.15284"
"女良農道周辺","和歌山県海南市下津町大崎1336","34.132937","135.148794"
"女良古墳周辺","和歌山県海南市下津町大崎1373-2","34.130775","135.146251"
"万葉歌碑周辺","和歌山県海南市下津町大崎2","34.12773","135.134497"
"常行寺周辺","和歌山県海南市下津町大崎357","34.132921","135.132806"
"大崎地区集会所","和歌山県海南市下津町大崎378-1","34.133308","135.13334"
"旧大崎小学校","和歌山県海南市下津町大崎383","34.13362","135.133532"
"願称寺周辺","和歌山県海南市下津町大崎398","34.132213","135.133924"
"大崎グラウンド","和歌山県海南市下津町大崎884","34.135896","135.131208"
"三郷八幡神社参道","和歌山県海南市下津町丁160","34.122978","135.156456"
"三郷八幡神社","和歌山県海南市下津町丁238","34.121327","135.16058"
"丁区パイロット農道周辺","和歌山県海南市下津町丁500","34.118387","135.158026"
"梅田ゲートボール場","和歌山県海南市下津町梅田552-3","34.129855","135.178764"
"大東小学校（屋上）","和歌山県海南市下津町方1","34.123362","135.15218"
"大東小学校","和歌山県海南市下津町方1","34.123405","135.15227"
"宮ノ谷地区裏山周辺","和歌山県海南市下津町方1092","34.118018","135.149989"
"禅定寺","和歌山県海南市下津町方1157","34.120461","135.147318"
"市道硯楠戸線周辺","和歌山県海南市下津町方1334","34.118768","135.144571"
"硯地区裏山周辺","和歌山県海南市下津町方1430","34.122623","135.145907"
"横山農道周辺","和歌山県海南市下津町方1665-4","34.127453","135.143624"
"高田機工（株）高友寮（屋上）","和歌山県海南市下津町方389","34.12303","135.149133"
"方北地区高台③","和歌山県海南市下津町方731","34.126076","135.148435"
"方北地区高台②","和歌山県海南市下津町方793","34.124809","135.149773"
"方北地区高台①","和歌山県海南市下津町方840","34.123949","135.150479"
"旧街道","和歌山県海南市下津町方867","34.119197","135.154476"
"小島谷農道周辺","和歌山県海南市下津町方976","34.115689","135.151798"
"大明神池周辺","和歌山県海南市且来1028","34.165984","135.236968"
"大明神池東","和歌山県海南市且来1065","34.167249","135.236521"
"大明神池西","和歌山県海南市且来1069-5","34.166455","135.235792"
"松尾寺周辺","和歌山県海南市且来1221","34.174432","135.237649"
"且来八幡神社西参道","和歌山県海南市且来1316","34.170012","135.238796"
"温水プール周辺","和歌山県海南市且来1387-3","34.163904","135.227838"
"弁財天山周辺","和歌山県海南市且来1472","34.173953","135.233138"
"亀川公民館","和歌山県海南市且来272","34.171853","135.238375"
"且来八幡神社東参道","和歌山県海南市且来625","34.17116","135.240893"
"亀川小学校","和歌山県海南市且来655","34.171471","135.238447"
"且来招魂山周辺","和歌山県海南市且来840","34.171101","135.229801"
"永楽寺","和歌山県海南市且来866","34.165765","135.212763"
"二つ池周辺高台","和歌山県海南市且来922","34.168871","135.226907"
"亀川中学校","和歌山県海南市且来990","34.170528","135.237647"
"北野上公民館","和歌山県海南市原野326-3","34.184255","135.297507"
"池崎山西側周辺","和歌山県海南市黒江1237","34.160312","135.205359"
"室山地区高台","和歌山県海南市黒江127","34.169155","135.205548"
"黒江・船尾地区避難所","和歌山県海南市黒江222","34.168332","135.207251"
"黒江・船尾地区避難所周辺","和歌山県海南市黒江222","34.168593","135.207577"
"室山配水池周辺","和歌山県海南市黒江265","34.166473","135.207654"
"室山古墳登山道周辺","和歌山県海南市黒江47","34.172455","135.206388"
"中言神社周辺","和歌山県海南市黒江931","34.164293","135.205934"
"浄國寺周辺","和歌山県海南市黒江976","34.163486","135.204326"
"巽コミュニティセンター","和歌山県海南市阪井274","34.157368","135.255278"
"巽中学校","和歌山県海南市阪井399","34.154109","135.256967"
"大野小学校","和歌山県海南市山田91-1","34.149337","135.228093"
"南野上小学校","和歌山県海南市次ケ谷80","34.148234","135.271575"
"南野上公民館","和歌山県海南市次ケ谷80","34.147716","135.271313"
"巽小学校","和歌山県海南市重根1203","34.155268","135.256275"
"招魂山ちびっ子広場周辺","和歌山県海南市船尾19-3","34.16256","135.203107"
"黒江防災コミュニティセンター（屋上）","和歌山県海南市船尾222-21","34.160602","135.203752"
"黒江防災コミュニティセンター","和歌山県海南市船尾222-21","34.16066","135.203753"
"黒江小学校","和歌山県海南市船尾236-4","34.159329","135.200485"
"黒江小学校（屋上）","和歌山県海南市船尾236-4","34.159267","135.200005"
"日本製鉄避難マウンド","和歌山県海南市船尾260-100","34.155868","135.200295"
"海南スポーツセンター（屋上）","和歌山県海南市船尾260-3","34.158269","135.198791"
"海南スポーツセンター","和歌山県海南市船尾260-3","34.158308","135.198656"
"恵友病院（６階）","和歌山県海南市船尾264-2","34.159093","135.199274"
"とんだ池周辺","和歌山県海南市船尾297","34.162267","135.19956"
"ペッツファースト㈱駐車場周辺","和歌山県海南市船尾317-2","34.161003","135.198036"
"船尾山ハイキングコース周辺","和歌山県海南市船尾342-7","34.16189","135.195958"
"石本病院（屋上）","和歌山県海南市船尾365","34.15926","135.195433"
"ホテル裏側周辺","和歌山県海南市船尾398-1","34.16054","135.193729"
"妙覚寺周辺","和歌山県海南市船尾622","34.162837","135.201205"
"猪ノ子山周辺","和歌山県海南市多田1404","34.175844","135.236441"
"国主神社周辺","和歌山県海南市多田714","34.177854","135.240495"
"海南中央公園（市民運動場、わんぱく公園）","和歌山県海南市大野中1006","34.157675","135.231325"
"春日ふれあい広場","和歌山県海南市大野中1056","34.156578","135.225792"
"井田児童会館跡地周辺","和歌山県海南市大野中1056-6","34.155044","135.223645"
"総合体育館周辺","和歌山県海南市大野中1106","34.156445","135.230566"
"春日神社周辺","和歌山県海南市大野中340","34.156354","135.226792"
"大野公民館","和歌山県海南市大野中600-2","34.152803","135.226563"
"県立海南高等学校","和歌山県海南市大野中651","34.155168","135.227785"
"わんぱく公園周辺","和歌山県海南市大野中995-2","34.158003","135.232778"
"スーパーセンターオークワ海南店（屋上駐車場）","和歌山県海南市築地1-1","34.152225","135.207653"
"第三中学校（４階）","和歌山県海南市鳥居15-3","34.15237","135.218584"
"第三中学校","和歌山県海南市鳥居15-3","34.152423","135.218713"
"内海小学校（屋上）","和歌山県海南市鳥居190","34.149533","135.213854"
"内海小学校","和歌山県海南市鳥居190","34.149676","135.213909"
"日限地蔵周辺","和歌山県海南市鳥居284","34.14826","135.215978"
"御霊池埋立地","和歌山県海南市鳥居333","34.147488","135.21666"
"寶性院周辺","和歌山県海南市鳥居420-3","34.146634","135.21871"
"小中地蔵周辺","和歌山県海南市鳥居518","34.149251","135.221178"
"内海公民館","和歌山県海南市鳥居650-1","34.150299","135.211155"
"内海保育所","和歌山県海南市鳥居69","34.150028","135.219317"
"藤白神社周辺","和歌山県海南市藤白466","34.144325","135.209395"
"日方小学校","和歌山県海南市日方1257","34.157255","135.210305"
"日方小学校（屋上）","和歌山県海南市日方1257","34.157344","135.210416"
"クレンツ海南（屋上）","和歌山県海南市日方1271-99","34.155899","135.209113"
"パル・シャトー海南（４階以上）","和歌山県海南市日方1272-1","34.157164","135.208326"
"みらい子ども園","和歌山県海南市日方1272-3","34.156092","135.20836"
"海南合同宿舎２号棟（５階以上）","和歌山県海南市日方1274-3","34.156102","135.20613"
"海南合同宿舎１号棟（５階以上）","和歌山県海南市日方1274-3","34.155936","135.206238"
"マンションニューハマ（屋上）","和歌山県海南市日方1289-27","34.153917","135.208432"
"防災センター（海南市消防本部）","和歌山県海南市日方1294-13","34.156596","135.20522"
"防災センター（３階）","和歌山県海南市日方1294-13","34.156758","135.205189"
"公園地山","和歌山県海南市日方1307","34.159531","135.210994"
"池崎山津波避難場所","和歌山県海南市日方138","34.161145","135.206701"
"上神田地区高台周辺","和歌山県海南市日方1397","34.160194","135.219968"
"日方集会所奥高台","和歌山県海南市日方1401","34.160876","135.2216"
"城山地区集会所周辺","和歌山県海南市日方149-1","34.15769","135.204831"
"県営駅前団地（４階以上）","和歌山県海南市日方1500-6","34.155824","135.213942"
"海南駅前改良住宅第１号棟（４階以上）","和歌山県海南市日方1515-14","34.155376","135.211256"
"海南駅前改良住宅第２号棟（４階以上）","和歌山県海南市日方1515-14","34.15553","135.211923"
"海南保健福祉センター","和歌山県海南市日方1519-10","34.155533","135.210198"
"海南保健福祉センター（３階）","和歌山県海南市日方1519-10","34.155436","135.210209"
"和歌山プリンスイン海南（４階以上）","和歌山県海南市日方1521-1","34.154388","135.211075"
"海南医療センター（屋上）","和歌山県海南市日方1522-1","34.15382","135.210468"
"海南ｎｏｂｉｎｏｓ（屋上）","和歌山県海南市日方1525-6","34.155362","135.209393"
"海南ｎｏｂｉｎｏｓ","和歌山県海南市日方1525-6","34.15506","135.20922"
"谷口病院（６階）","和歌山県海南市日方327-11","34.15808","135.208882"
"柿本神社","和歌山県海南市日方600","34.159971","135.213403"
"元火葬場周辺","和歌山県海南市日方788","34.161836","135.217808"
"神田地蔵寺","和歌山県海南市日方828","34.160209","135.218045"
"日方公民館","和歌山県海南市日方839","34.159807","135.218984"
"海南中学校","和歌山県海南市日方962-2","34.158545","135.221198"
"海南中学校（屋上）","和歌山県海南市日方962-2","34.158605","135.221323"
"別院広場","和歌山県海南市別院636-1","34.16676","135.283578"
"中野上小学校","和歌山県海南市椋木93","34.160254","135.285695"
"ＪＲ海南駅（プラットホーム）","和歌山県海南市名高187-8","34.154359","135.214337"
"海南駅前広場","和歌山県海南市名高530","34.15435","135.213584"
"北野上小学校","和歌山県海南市孟子174","34.183553","135.292641"
"東部運動場","和歌山県海南市木津382","34.151447","135.27845"
"中野上公民館","和歌山県海南市野上中167-5","34.162581","135.279089"
"東海南中学校","和歌山県海南市野上中590","34.164831","135.283374"
"国道４２号冷水駅前バス停周辺","和歌山県海南市冷水308","34.141202","135.193434"
"冷水集会所","和歌山県海南市冷水325-31","34.143335","135.191501"
"国道４２号冷水中バス停周辺","和歌山県海南市冷水379","34.141235","135.19164"
"国道４２号冷水バス停周辺","和歌山県海南市冷水598","34.141253","135.189353"
"冷水地区避難所","和歌山県海南市冷水630-1","34.141074","135.188761"
"岡田集会所","和歌山県岩出市岡田463","34.25903","135.330532"
"岡田児童館","和歌山県岩出市岡田643-4","34.258492","135.335479"
"蔵谷公園","和歌山県岩出市紀泉台427-2","34.282445","135.290328"
"紀泉台地区公民館","和歌山県岩出市紀泉台428","34.281658","135.29066"
"紀泉台公園１","和歌山県岩出市紀泉台481","34.280432","135.289282"
"荒神公園","和歌山県岩出市紀泉台75","34.282674","135.294164"
"紀泉台グラウンド","和歌山県岩出市紀泉台96-2","34.282645","135.291122"
"紀泉台公園２","和歌山県岩出市紀泉台96-38","34.282953","135.292201"
"吉田団地公園","和歌山県岩出市吉田92-2","34.268133","135.27649"
"境谷地区避難場所","和歌山県岩出市境谷254","34.310024","135.277096"
"岩出市総合保健福祉センター（あいあいセンター）","和歌山県岩出市金池92","34.274252","135.295545"
"岩出市民総合体育館","和歌山県岩出市荊本63-2","34.263843","135.310323"
"岩出地区コミュニティセンター","和歌山県岩出市高塚11","34.253268","135.319998"
"那賀高等学校","和歌山県岩出市高塚115","34.260328","135.322658"
"若葉台公園","和歌山県岩出市今中170-8","34.279461","135.319237"
"根来北集会所","和歌山県岩出市根来1162","34.281823","135.307317"
"根来小学校","和歌山県岩出市根来479","34.277749","135.309102"
"根来地区公民館（岩出市農業構造改善総合センター）","和歌山県岩出市根来535-2","34.276238","135.308977"
"くすのき公園","和歌山県岩出市桜台422","34.27997","135.316739"
"さくら公園","和歌山県岩出市桜台423","34.280832","135.316055"
"わんぱく広場","和歌山県岩出市桜台425","34.28218","135.317836"
"けやき公園","和歌山県岩出市桜台426","34.282744","135.316247"
"むくのき公園","和歌山県岩出市桜台427","34.279352","135.317654"
"桜台地区公民館","和歌山県岩出市桜台494","34.278328","135.313997"
"山宮の浦公園","和歌山県岩出市山492-33","34.276558","135.281716"
"サンホール","和歌山県岩出市山719","34.270818","135.282202"
"船山地区公民館","和歌山県岩出市山崎118-4","34.24785","135.318923"
"上岩出公民館（岩出市農家高齢者創作館）","和歌山県岩出市水栖199-3","34.267927","135.321599"
"大池児童館","和歌山県岩出市水栖5-1","34.267301","135.327559"
"上岩出小学校","和歌山県岩出市水栖514","34.270634","135.325928"
"岩出小学校","和歌山県岩出市清水30","34.25101","135.31851"
"岩出地区公民館","和歌山県岩出市清水386-12","34.255566","135.319014"
"いわで御殿","和歌山県岩出市清水5-1","34.250816","135.319278"
"山崎北小学校","和歌山県岩出市西安上70","34.27635","135.291646"
"東公園","和歌山県岩出市西国分491","34.266344","135.331989"
"岩出市立体育館","和歌山県岩出市西野264","34.256383","135.309854"
"岩出中学校","和歌山県岩出市西野65","34.261854","135.307421"
"中央小学校","和歌山県岩出市川尻202","34.270403","135.316956"
"曽屋教育集会所","和歌山県岩出市曽屋456-5","34.266127","135.306659"
"中黒団地公園","和歌山県岩出市相谷460-15","34.273876","135.286516"
"山崎小学校","和歌山県岩出市中黒100","34.267723","135.291582"
"山崎地区公民館","和歌山県岩出市中黒52-2","34.267097","135.291825"
"さぎのせ公園","和歌山県岩出市中島1183","34.257234","135.275869"
"中島グリーンタウン南公園","和歌山県岩出市中島35-8","34.25869","135.285781"
"上岩出地区コミュニティセンター","和歌山県岩出市北大池84-2","34.275867","135.328351"
"交通公園","和歌山県岩出市堀口41","34.270618","135.304319"
"岩出第二中学校","和歌山県岩出市野上野155","34.274412","135.316108"
"丸栖コミュニティーセンター公園・広場","和歌山県紀の川市貴志川町丸栖658","34.232588","135.323233"
"中貴志小学校屋外運動場","和歌山県紀の川市貴志川町上野山55","34.216531","135.312204"
"長山ふれあい公園","和歌山県紀の川市貴志川町長山277-735","34.211165","135.286267"
"古和田会館・駐車場（第１・第２）","和歌山県紀の川市古和田626","34.272975","135.354504"
"上名手小学校屋外運動場","和歌山県紀の川市江川中988","34.293699","135.444565"
"道の駅　青洲の里駐車場・公園広場","和歌山県紀の川市西野山473","34.281156","135.441258"
"長田小学校屋外運動場","和歌山県紀の川市長田中538","34.273642","135.388408"
"紀伊国分寺跡公園","和歌山県紀の川市東国分573-3","34.268618","135.339159"
"東国分公園（中児童公園）","和歌山県紀の川市東国分98-1","34.26458","135.344711"
"打田中学校屋外運動場","和歌山県紀の川市東大井345","34.267227","135.363659"
"細野渓流キャンプ場","和歌山県紀の川市桃山町垣内258-1","34.188639","135.421118"
"桃源郷運動公園駐車場","和歌山県紀の川市桃山町最上1147-11","34.222803","135.355287"
"粉河中部運動場","和歌山県紀の川市粉河1479","34.27354","135.401983"
"名手小学校屋外運動場","和歌山県紀の川市名手西野328","34.270898","135.432732"
"川原小学校屋外運動場","和歌山県紀の川市野上126","34.291305","135.427346"
"安井集会所","和歌山県紀美野町安井134-2","34.145415","135.345061"
"円明寺集会所","和歌山県紀美野町円明寺202-1","34.168464","135.411934"
"総合福祉センター","和歌山県紀美野町下佐々1408-4","34.15211","135.311195"
"吉見集会所","和歌山県紀美野町下佐々1752-1","34.156718","135.306665"
"下佐々コミュニティーセンター","和歌山県紀美野町下佐々595-1","34.156419","135.314845"
"新生町集会所","和歌山県紀美野町下佐々803-1","34.156207","135.310123"
"紀美野中学校体育館","和歌山県紀美野町下佐々940","34.154356","135.314629"
"上真国多目的集会所","和歌山県紀美野町花野原351-6","34.168786","135.399791"
"自然体験世代交流センター","和歌山県紀美野町鎌滝636","34.141817","135.383661"
"吉野集会所","和歌山県紀美野町吉野320-3","34.158324","135.329296"
"国木原集会所","和歌山県紀美野町国木原1","34.185279","135.341536"
"四郷集会所","和歌山県紀美野町四郷134","34.180268","135.412903"
"柴目河南集会所","和歌山県紀美野町柴目355","34.169674","135.330934"
"小畑集会所","和歌山県紀美野町小畑107","34.163374","135.29384"
"スポーツ公園体育館","和歌山県紀美野町小畑853-2","34.175132","135.307972"
"真国区民センター","和歌山県紀美野町真国宮32-2","34.169556","135.374539"
"下神野小学校体育館","和歌山県紀美野町神野市場214","34.151192","135.352277"
"神野市場交流ふれあいセンター","和歌山県紀美野町神野市場269","34.149468","135.356222"
"釜滝集会所","和歌山県紀美野町西野246-1","34.171501","135.340298"
"西野集会所","和歌山県紀美野町西野691","34.169649","135.349913"
"赤木高齢者ふれあい憩いの家","和歌山県紀美野町赤木311","34.135429","135.386206"
"小川地区公民館","和歌山県紀美野町中田23","34.131406","135.324139"
"長谷集会所","和歌山県紀美野町長谷37-1","34.183332","135.316666"
"長谷宮集落センター","和歌山県紀美野町長谷宮223-2","34.182649","135.479996"
"国吉多目的集会所","和歌山県紀美野町田64","34.140079","135.415856"
"東野集会所","和歌山県紀美野町東野31-1","34.16781","135.356562"
"野上小学校体育館","和歌山県紀美野町動木1445","34.163861","135.307049"
"動木集会所","和歌山県紀美野町動木227-1","34.165277","135.306723"
"芝崎集会所","和歌山県紀美野町動木363-1","34.169761","135.309315"
"福井集会所","和歌山県紀美野町福井1313-1","34.147294","135.327377"
"福田集会所","和歌山県紀美野町福田143-1","34.156528","135.342557"
"箕六高齢者ふれあい憩いの家","和歌山県紀美野町箕六53","34.127095","135.35979"
"毛原下集会所","和歌山県紀美野町毛原下253-2","34.142578","135.43866"
"長谷毛原健康センター","和歌山県紀美野町毛原宮172-2","34.159741","135.461504"
"毛原中集会所","和歌山県紀美野町毛原中178-2","34.158285","135.456771"
"旧美里中学校体育館","和歌山県紀美野町野中494-1","34.147472","135.350125"
"あやの台小学校","和歌山県橋本市あやの台2-17","34.339825","135.657782"
"紀見小学校","和歌山県橋本市柿の木坂25-1","34.340255","135.595706"
"学文路小学校","和歌山県橋本市学文路900","34.299386","135.587561"
"柱本小学校","和歌山県橋本市紀見ケ丘2-20-1","34.368266","135.610296"
"隅田中学校","和歌山県橋本市隅田町芋生243-1","34.327247","135.648661"
"旧兵庫幼稚園","和歌山県橋本市隅田町下兵庫395","34.320594","135.630111"
"山内防災センター","和歌山県橋本市隅田町山内255-2","34.354642","135.649022"
"隅田小学校","和歌山県橋本市隅田町垂井20","34.330969","135.648101"
"古佐田区民会館みんなの家","和歌山県橋本市古佐田1-1016","34.317041","135.612178"
"紀見幼稚園","和歌山県橋本市御幸辻284","34.34043","135.603994"
"旧信太小学校体育館","和歌山県橋本市高野口町九重87-1","34.332374","135.553199"
"高野口山村体験交流促進センター","和歌山県橋本市高野口町嵯峨谷116","34.341132","135.538296"
"伏原体育館","和歌山県橋本市高野口町伏原806-1","34.307338","135.576832"
"高野口中学校","和歌山県橋本市高野口町名古曽1322-10","34.321943","135.559872"
"応其小学校","和歌山県橋本市高野口町名古曽19-1","34.303574","135.567264"
"高野口小学校","和歌山県橋本市高野口町名倉226","34.303674","135.55269"
"三石小学校","和歌山県橋本市三石台2-1-1","34.353126","135.601101"
"紀見北中学校","和歌山県橋本市三石台3-19-1","34.361617","135.600811"
"橋本中央中学校","和歌山県橋本市市脇5-3-8","34.312507","135.60463"
"境原小学校","和歌山県橋本市小峰台1-25-1","34.352381","135.627041"
"紀見東中学校","和歌山県橋本市城山台1-39-2","34.346311","135.613146"
"城山小学校","和歌山県橋本市城山台2-10-2","34.348325","135.611667"
"清水小学校","和歌山県橋本市清水2014","34.308723","135.606663"
"学文路東体育館","和歌山県橋本市清水363","34.307246","135.596998"
"恋野小学校","和歌山県橋本市赤塚129-1","34.322899","135.648152"
"谷奥深集会所","和歌山県橋本市谷奥深62","34.282343","135.672522"
"東家体育館","和歌山県橋本市東家2-1-13","34.316145","135.606848"
"旧西部中学校体育館","和歌山県橋本市柏原500","34.322115","135.582196"
"西部小学校","和歌山県橋本市柏原554-2","34.323594","135.583547"
"ひこばえの里","和歌山県橋本市彦谷752-15","34.284665","135.640877"
"下古沢コミュニティ消防センター","和歌山県九度山町大字下古沢243-2","34.268849","135.554395"
"河根小学校","和歌山県九度山町大字河根118","34.27475","135.578021"
"河根児童館","和歌山県九度山町大字河根120-1","34.275176","135.577686"
"梨の木コミュニティセンター","和歌山県九度山町大字河根384-26","34.280743","135.573098"
"河根峠集会所","和歌山県九度山町大字河根513-1","34.277099","135.577194"
"硯水集会所","和歌山県九度山町大字河根541-2","34.279959","135.578411"
"繁野集会所","和歌山県九度山町大字河根757-3","34.281563","135.57939"
"河根中学校","和歌山県九度山町大字河根77","34.273543","135.578458"
"笠木児童会館","和歌山県九度山町大字笠木94","34.244852","135.544284"
"九度山小学校","和歌山県九度山町大字九度山1077","34.287279","135.564687"
"九度山町ふるさとセンター","和歌山県九度山町大字九度山1190-1","34.287325","135.562062"
"九度山町中央公民館","和歌山県九度山町大字九度山1194","34.287671","135.561819"
"旭集会所","和歌山県九度山町大字九度山1290","34.287398","135.55958"
"九度山西集会所","和歌山県九度山町大字九度山1473-1","34.290873","135.55846"
"九度山児童館","和歌山県九度山町大字九度山1671-1","34.29173","135.561301"
"九度山中学校","和歌山県九度山町大字九度山619","34.287776","135.567518"
"九度山東集会所","和歌山県九度山町大字九度山619-1","34.288505","135.567467"
"梅林集会所","和歌山県九度山町大字九度山749-1","34.283251","135.567851"
"慈尊院児童館","和歌山県九度山町大字慈尊院112-5","34.296126","135.548724"
"西島コミュニティ消防センター","和歌山県九度山町大字慈尊院329-7","34.296497","135.53773"
"上古沢コミュニティ消防センター","和歌山県九度山町大字上古沢39","34.260129","135.548308"
"農林総合研修センター「さえもん」","和歌山県九度山町大字丹生川246-1","34.2718","135.5919"
"丹生川小学校　体育館","和歌山県九度山町大字丹生川582","34.276811","135.606838"
"青淵へき地集会所","和歌山県九度山町大字丹生川922","34.278778","135.624692"
"旧古澤小学校","和歌山県九度山町大字中古沢1","34.267112","135.549529"
"文化財伝承館「ふれあい」","和歌山県九度山町大字椎出202","34.271324","135.56566"
"椎出児童館","和歌山県九度山町大字椎出410-2","34.270903","135.56344"
"野平集会所","和歌山県九度山町大字東郷199-2","34.259256","135.60257"
"入郷コミュニティ消防センター","和歌山県九度山町大字入郷23-1","34.294018","135.554853"
"九度山町民武道館","和歌山県九度山町大字入郷637-5","34.294575","135.553091"
"九度山文化スポーツセンター","和歌山県九度山町大字入郷637-6","34.294364","135.554096"
"久保集会所","和歌山県九度山町大字北又344","34.2585","135.61"
"森の童話館","和歌山県九度山町大字北又379","34.25878","135.60927"
"北又児童会館","和歌山県九度山町大字北又628-3","34.264105","135.626651"
"中古沢コミュニティ消防センター","和歌山県九度山町中古沢282-3","34.262971","135.551281"
"雨天練習場付近","和歌山県串本町サンゴ台","33.479768","135.783454"
"イベント広場","和歌山県串本町サンゴ台","33.480417","135.784484"
"総合運動公園","和歌山県串本町サンゴ台","33.482529","135.784264"
"サンゴ台集会所","和歌山県串本町サンゴ台1060-140","33.482403","135.781378"
"クラブハウス","和歌山県串本町サンゴ台1060-42","33.482989","135.785053"
"消防防災センター（消防本部・串本消防署）","和歌山県串本町サンゴ台1256-1","33.483477","135.78737"
"串本町役場","和歌山県串本町サンゴ台690-5","33.483009","135.783905"
"くしもと町立病院","和歌山県串本町サンゴ台691-7","33.484785","135.784474"
"セドノ山","和歌山県串本町伊串","33.503919","135.802749"
"ドウ谷","和歌山県串本町伊串","33.506683","135.802588"
"地蔵様上","和歌山県串本町伊串","33.51146","135.80159"
"五輪山","和歌山県串本町伊串","33.504241","135.808414"
"山ノ神","和歌山県串本町伊串","33.507497","135.804348"
"山見登り口","和歌山県串本町伊串","33.50261","135.803318"
"尾崎みかん園","和歌山県串本町伊串","33.504007","135.801852"
"海蔵寺","和歌山県串本町伊串144","33.505732","135.806407"
"伊串多目的集会所","和歌山県串本町伊串264-2","33.503372","135.804684"
"バス停港口","和歌山県串本町樫野","33.468309","135.852369"
"鈴木宅付近","和歌山県串本町樫野","33.465725","135.851546"
"釣り公園裏山","和歌山県串本町樫野","33.470262","135.848412"
"福島宅付近","和歌山県串本町樫野","33.466369","135.850746"
"樫野集会所","和歌山県串本町樫野852","33.468525","135.849118"
"バス停裏","和歌山県串本町串本","33.475032","135.775169"
"串本中学校裏山","和歌山県串本町串本","33.461323","135.780064"
"串本小学校裏山","和歌山県串本町串本","33.471119","135.775955"
"錦江山北","和歌山県串本町串本","33.47505","135.772921"
"奥の谷","和歌山県串本町串本","33.475562","135.77794"
"マリンセンター裏山","和歌山県串本町串本","33.473539","135.773911"
"ギオン山","和歌山県串本町串本","33.468058","135.775424"
"エビス山","和歌山県串本町串本","33.473007","135.774195"
"Ａコープ付近登り口","和歌山県串本町串本","33.461842","135.781743"
"三区会館","和歌山県串本町串本1049-6","33.468108","135.7778"
"老人憩の家「わかしお」","和歌山県串本町串本1252","33.467463","135.779162"
"植松防災センター（２階以上）","和歌山県串本町串本1403-8","33.466445","135.77666"
"津波避難タワー（串本）","和歌山県串本町串本1434-1","33.464219","135.778755"
"串本古座高校串本校舎体育館","和歌山県串本町串本1522","33.461407","135.779418"
"小西マンション","和歌山県串本町串本1547-7","33.470356","135.780857"
"串本中学校（体育館）","和歌山県串本町串本1620","33.462984","135.780759"
"雇用促進住宅","和歌山県串本町串本1680","33.461708","135.777521"
"ホテルシーカンス","和歌山県串本町串本1735-33","33.469198","135.781593"
"県営住宅串本団地（３階以上）","和歌山県串本町串本1800","33.472574","135.781485"
"紀乃国屋ビル（屋上）","和歌山県串本町串本1801","33.472252","135.781456"
"和歌山東漁協津波避難タワー","和歌山県串本町串本1885-1","33.466247","135.781631"
"旧ＮＴＴビル","和歌山県串本町串本1894-1","33.465488","135.780727"
"二区会館","和歌山県串本町串本1940","33.467257","135.780891"
"大水崎会館","和歌山県串本町串本2075","33.479144","135.785676"
"新宮警察署串本分庁舎（屋上）","和歌山県串本町串本2114","33.478288","135.785571"
"大江戸温泉物語（４階以上）","和歌山県串本町串本2300-1","33.47929","135.78839"
"成和ビル","和歌山県串本町串本2304","33.471759","135.782079"
"串本町立体育館","和歌山県串本町串本2427","33.472073","135.783764"
"串本町立文化センター","和歌山県串本町串本2427","33.47247","135.784067"
"武道館","和歌山県串本町串本2564","33.474253","135.784881"
"くしもとこども園（さくら園舎）","和歌山県串本町串本502","33.4723","135.77815"
"くしもとこども園（つばき園舎）","和歌山県串本町串本508-3","33.47297","135.777649"
"串本町学校給食センター","和歌山県串本町串本713","33.471372","135.776392"
"串本小学校","和歌山県串本町串本776","33.47058","135.776863"
"広原宅裏","和歌山県串本町串本（広原宅裏）","33.475609","135.775582"
"西の岡（図書館裏山）","和歌山県串本町串本（西の岡（図書館裏山））","33.470931","135.776357"
"西の岡（袋側）","和歌山県串本町串本（西の岡（袋側））","33.473665","135.774716"
"西の岡（墓地上）","和歌山県串本町串本（西の岡（墓地上））","33.472877","135.775992"
"西の岡（本町通り裏山）","和歌山県串本町串本（西の岡（本町通り裏山））","33.470358","135.775499"
"地蔵道","和歌山県串本町串本（地蔵道）","33.473696","135.773809"
"渡船前","和歌山県串本町串本（渡船前）","33.477484","135.775386"
"備蓄倉庫前（西の岡）","和歌山県串本町串本（備蓄倉庫前（西の岡））","33.47456","135.774989"
"尾の浦奥","和歌山県串本町串本（尾の浦奥）","33.46033","135.784152"
"矢ノ熊谷","和歌山県串本町串本（矢ノ熊谷）","33.475208","135.779699"
"矢ノ熊踏切急傾斜上","和歌山県串本町串本（矢ノ熊踏切急傾斜上）","33.474501","135.779994"
"幼稚園横高台","和歌山県串本町串本（幼稚園横高台）","33.47247","135.777146"
"中ノ谷","和歌山県串本町古座","33.515136","135.830315"
"旧古座川病院裏山","和歌山県串本町古座","33.515503","135.831841"
"造船所裏","和歌山県串本町古座","33.514393","135.835296"
"古座漁村センター","和歌山県串本町古座164-1","33.516771","135.827361"
"古座消防拠点施設","和歌山県串本町古座274-2","33.514829","135.827967"
"古座集会所","和歌山県串本町古座348","33.514573","135.829928"
"阿弥陀寺","和歌山県串本町古座458-2","33.517608","135.828065"
"青原寺","和歌山県串本町古座492","33.516396","135.828875"
"栗原（河内様裏山）","和歌山県串本町古田","33.534956","135.808783"
"山口谷","和歌山県串本町古田","33.526772","135.814236"
"市谷広場","和歌山県串本町古田","33.531155","135.808686"
"中谷倉庫","和歌山県串本町古田","33.531145","135.808394"
"岩渕谷","和歌山県串本町古田","33.525372","135.815266"
"六勝寺","和歌山県串本町古田197","33.529808","135.811613"
"古田コミュニティセンター","和歌山県串本町古田199-1","33.530176","135.812542"
"古田第２浄水場付近","和歌山県串本町古田322","33.530448","135.809242"
"地主神社","和歌山県串本町古田478","33.532648","135.80973"
"玉置付近","和歌山県串本町江田","33.49217","135.704152"
"向井裏山","和歌山県串本町江田","33.496339","135.701159"
"荒井付近","和歌山県串本町江田","33.493646","135.70383"
"国道４２号（山側）江田平見登口","和歌山県串本町江田","33.490326","135.703884"
"新屋付近","和歌山県串本町江田","33.495534","135.702221"
"国道４２号（海側）松尾平見登口","和歌山県串本町江田","33.490559","135.7028"
"井沼トンネル裏山","和歌山県串本町江田","33.49438","135.70161"
"井沼裏山","和歌山県串本町江田","33.496652","135.700569"
"岡裏山","和歌山県串本町江田","33.495851","135.698702"
"海蔵寺","和歌山県串本町江田528","33.492952","135.704227"
"江田多目的集会所","和歌山県串本町江田91-1","33.494782","135.700456"
"田中付近","和歌山県串本町江田（田中付近）","33.494254","135.702511"
"稲垣裏山","和歌山県串本町高富","33.490515","135.762941"
"集会所裏","和歌山県串本町高富","33.484805","135.762807"
"国道４２号（逢坂山トンネル方面）","和歌山県串本町高富","33.483704","135.742605"
"釜郷原","和歌山県串本町高富","33.486268","135.761547"
"ミカン畑２","和歌山県串本町高富","33.486474","135.758907"
"ミカン畑１","和歌山県串本町高富","33.485655","135.757942"
"トラ谷","和歌山県串本町高富","33.483454","135.750635"
"カジヤ裏","和歌山県串本町高富","33.484635","135.761665"
"ＪＲ高富変電所前","和歌山県串本町高富","33.490836","135.762829"
"光明寺","和歌山県串本町高富375","33.487304","135.763836"
"高富地区集会所","和歌山県串本町高富485-3","33.485031","135.763242"
"晋済寺","和歌山県串本町佐部","33.551859","135.85474"
"佐部集会所","和歌山県串本町佐部320","33.549926","135.85586"
"イカシキ","和歌山県串本町出雲","33.455762","135.789848"
"ジョロコシ","和歌山県串本町出雲","33.451573","135.791511"
"ヘイチの坂","和歌山県串本町出雲","33.449756","135.786984"
"井城跡地","和歌山県串本町出雲","33.449791","135.792818"
"旧小学校跡付近","和歌山県串本町出雲","33.45322","135.789505"
"牛尾野","和歌山県串本町出雲","33.453032","135.791554"
"周遊道路","和歌山県串本町出雲","33.448735","135.787284"
"出雲集会所裏山","和歌山県串本町出雲","33.449335","135.791887"
"西の丘","和歌山県串本町出雲","33.449898","135.792291"
"出雲集会所","和歌山県串本町出雲1027-7","33.448863","135.7915"
"観福寺","和歌山県串本町出雲103","33.451417","135.793387"
"ふれあいの家","和歌山県串本町出雲1614-1","33.449638","135.781229"
"出雲小学校","和歌山県串本町出雲1617-21","33.447823","135.785695"
"竹林裏","和歌山県串本町出雲（竹林裏）","33.449383","135.789995"
"尾の浦付近","和歌山県串本町出雲（尾の浦付近）","33.45914","135.786515"
"墓地登り口","和歌山県串本町出雲（墓地登り口）","33.451224","135.790181"
"墓地付近","和歌山県串本町出雲（墓地付近）","33.449891","135.790882"
"薬師堂（観福寺）","和歌山県串本町出雲（薬師堂（観福寺））","33.451562","135.792981"
"正法寺","和歌山県串本町上田原","33.558106","135.869269"
"古座あさかぜ園","和歌山県串本町上田原1237","33.55597","135.86901"
"上田原生活改善センター","和歌山県串本町上田原867-1","33.561067","135.869799"
"旧上野山保育所","和歌山県串本町上野山143","33.515707","135.834847"
"古座福祉センター","和歌山県串本町上野山291-4","33.518338","135.833459"
"坂畑の山","和歌山県串本町神野川","33.511106","135.815987"
"神野川会館","和歌山県串本町神野川","33.51209","135.818949"
"浅利裏山","和歌山県串本町神野川","33.513767","135.816138"
"地主神社裏山","和歌山県串本町神野川","33.514986","135.818308"
"経塚","和歌山県串本町神野川","33.512553","135.817454"
"宗福寺","和歌山県串本町神野川1211","33.515713","135.816105"
"カケノ農道","和歌山県串本町須江","33.458394","135.830101"
"須江崎の坂","和歌山県串本町須江","33.455493","135.827389"
"中尾の坂","和歌山県串本町須江","33.457188","135.826925"
"須江消防屯所","和歌山県串本町須江","33.456508","135.82582"
"大島中学校（体育館）","和歌山県串本町須江1482","33.466961","135.825926"
"旧大島中学校","和歌山県串本町須江1482-1","33.466586","135.826026"
"大島小学校（体育館）","和歌山県串本町須江1577-11","33.46756","135.82451"
"南丁寺","和歌山県串本町須江25","33.457511","135.828372"
"旧須江小学校","和歌山県串本町須江545","33.459316","135.827349"
"須江・浜須賀集会所","和歌山県串本町須江635","33.458834","135.827707"
"須江コミュニティセンター","和歌山県串本町須江721-2","33.462653","135.826106"
"岡田山","和歌山県串本町西向","33.515792","135.819832"
"大浦墓地","和歌山県串本町西向","33.504635","135.811992"
"大浦町営住宅裏山","和歌山県串本町西向","33.503928","135.8113"
"青年クラブ裏山","和歌山県串本町西向","33.520647","135.819265"
"西向小学校裏山","和歌山県串本町西向","33.515254","135.819486"
"護国神社跡","和歌山県串本町西向","33.519047","135.819554"
"火伏の森周辺","和歌山県串本町西向","33.516569","135.821638"
"カジヤ谷","和歌山県串本町西向","33.522119","135.818755"
"ＪＲ保線管理ビル","和歌山県串本町西向","33.518175","135.821224"
"目津大浦集会所","和歌山県串本町西向1480-49","33.506305","135.816155"
"新宮保健所串本支所（２階以上）","和歌山県串本町西向193","33.520576","135.821282"
"串本町役場旧古座分庁舎（３階以上）","和歌山県串本町西向359","33.518133","135.822887"
"成就寺","和歌山県串本町西向396","33.518035","135.819765"
"町民文化センター（西向）","和歌山県串本町西向450","33.516488","135.824069"
"津波避難タワー（西向）","和歌山県串本町西向536","33.51623","135.823126"
"妙福寺","和歌山県串本町西向577","33.516556","135.82227"
"西向小学校","和歌山県串本町西向638","33.514993","135.819948"
"西向小学校（体育館）","和歌山県串本町西向638","33.515219","135.820158"
"西向多目的集会所","和歌山県串本町西向648-1","33.514444","135.820223"
"旧西向幼稚園","和歌山県串本町西向858-3","33.5127","135.820504"
"西向中学校（体育館）","和歌山県串本町西向922","33.510114","135.817798"
"西向中学校（３階以上）","和歌山県串本町西向922","33.510269","135.818107"
"大神神社入口","和歌山県串本町西向（大神神社入口）","33.523008","135.817731"
"目津の谷","和歌山県串本町西向（目津の谷）","33.510811","135.814598"
"目津平見","和歌山県串本町西向（目津平見）","33.505247","135.814753"
"目津墓地","和歌山県串本町西向（目津墓地）","33.507135","135.8149"
"打越","和歌山県串本町大島","33.468625","135.80083"
"大島保育所裏山","和歌山県串本町大島","33.47628","135.81"
"温泉前","和歌山県串本町大島","33.474584","135.808348"
"水谷高台","和歌山県串本町大島","33.466949","135.80036"
"大島消防屯所","和歌山県串本町大島","33.475092","135.81335"
"忠魂碑","和歌山県串本町大島","33.469914","135.802713"
"水門神社","和歌山県串本町大島73-2","33.471176","135.804397"
"蓮生寺","和歌山県串本町大島77","33.471761","135.804061"
"紀伊大島開発総合センター","和歌山県串本町大島8-10","33.472214","135.801885"
"右東谷津荷線登り口","和歌山県串本町中湊","33.51913","135.828255"
"古座小学校（体育館フロア）","和歌山県串本町中湊160","33.522086","135.826726"
"中湊コミュニティセンター","和歌山県串本町中湊163-12","33.522421","135.826058"
"串本古座高校古座校舎体育館","和歌山県串本町中湊377","33.523066","135.828026"
"正法寺","和歌山県串本町中湊584","33.523879","135.825764"
"古座公民館","和歌山県串本町中湊65","33.520459","135.828482"
"南紀熊野ジオパークセンター","和歌山県串本町潮岬2838-3","33.437556","135.760886"
"潮岬小学校（体育館）","和歌山県串本町潮岬3136","33.447715","135.75952"
"潮岬中学校（体育館）","和歌山県串本町潮岬3349","33.44834","135.755364"
"潮岬こども園","和歌山県串本町潮岬3349-132","33.447716","135.756825"
"潮岬公民館","和歌山県串本町潮岬3454-1","33.448416","135.760584"
"平松コミュニティセンター","和歌山県串本町潮岬360-1","33.455707","135.768179"
"潮岬あゆみ園","和歌山県串本町潮岬659","33.4546","135.778937"
"潮岬青少年の家","和歌山県串本町潮岬669","33.446471","135.780534"
"萩尾塔石集会所","和歌山県串本町潮岬807-1","33.45365","135.776397"
"稲荷山１","和歌山県串本町津荷","33.518564","135.840052"
"稲荷山２","和歌山県串本町津荷","33.518801","135.83988"
"稲荷山３","和歌山県串本町津荷","33.519566","135.839403"
"稲荷山４","和歌山県串本町津荷","33.518444","135.839643"
"稲荷山５","和歌山県串本町津荷","33.518507","135.838968"
"永明寺","和歌山県串本町津荷","33.520192","135.83855"
"永明寺裏","和歌山県串本町津荷","33.520098","135.838185"
"宮様の山","和歌山県串本町津荷","33.519442","135.842169"
"佐藤宅付近","和歌山県串本町津荷","33.515035","135.84006"
"上野山にしき園","和歌山県串本町津荷","33.515166","135.838595"
"上野山こども園","和歌山県串本町津荷29-2","33.515076","135.83806"
"津荷集会所","和歌山県串本町津荷376","33.519891","135.840727"
"志うけの谷","和歌山県串本町津荷（志うけの谷）","33.516922","135.8384"
"小畑裏","和歌山県串本町津荷（小畑裏）","33.51721","135.840281"
"上地","和歌山県串本町津荷（上地）","33.523537","135.836854"
"上野山防災広場","和歌山県串本町津荷（上野山防災広場）","33.519069","135.831933"
"上野山北","和歌山県串本町津荷（上野山北）","33.520203","135.836458"
"五平山","和歌山県串本町田原","33.533344","135.868143"
"むねの平見３","和歌山県串本町田原","33.535441","135.874355"
"むねの平見２","和歌山県串本町田原","33.536228","135.873261"
"えびす","和歌山県串本町田原","33.532866","135.869828"
"かまとこの平見","和歌山県串本町田原","33.541122","135.888713"
"せーべの平見","和歌山県串本町田原","33.534936","135.866582"
"たん谷","和歌山県串本町田原","33.537292","135.865697"
"むねの平見１","和歌山県串本町田原","33.53714","135.873594"
"黒潮台","和歌山県串本町田原","33.531122","135.8653"
"山村交流センター","和歌山県串本町田原277-4","33.535713","135.868302"
"古座ヴィラコミュニティセンター","和歌山県串本町田原3704-101","33.529102","135.862609"
"津波避難タワー（田原）","和歌山県串本町田原428","33.534991","135.870269"
"田原区民会館","和歌山県串本町田原540","33.536818","135.869058"
"旧田原中学校（２階以上）","和歌山県串本町田原700","33.537628","135.867983"
"田原小学校（２階以上）","和歌山県串本町田原725","33.538831","135.868133"
"田原小学校（体育館）","和歌山県串本町田原725","33.539148","135.868444"
"展望台","和歌山県串本町田原（展望台）","33.532767","135.878068"
"坊の山","和歌山県串本町田原（坊の山）","33.539926","135.868015"
"元峰平見上","和歌山県串本町田子","33.492835","135.682388"
"久美屋裏山","和歌山県串本町田子","33.490598","135.683806"
"元峰平見下","和歌山県串本町田子","33.490827","135.680844"
"中の平見中央","和歌山県串本町田子","33.491246","135.68518"
"中の平見中腹","和歌山県串本町田子","33.491835","135.684297"
"田子区民会館裏山","和歌山県串本町田子","33.492504","135.683495"
"富山平見","和歌山県串本町田子","33.490611","135.688463"
"田子多目的集会所","和歌山県串本町田子118-5","33.492517","135.683753"
"願成寺","和歌山県串本町田子89","33.494587","135.683536"
"旧田並小学校体育館裏山","和歌山県串本町田並","33.489128","135.716838"
"旧国道１","和歌山県串本町田並","33.48566","135.718536"
"灰地","和歌山県串本町田並","33.487007","135.71334"
"円光寺裏山","和歌山県串本町田並","33.487571","135.715958"
"のうなぎ２","和歌山県串本町田並","33.488886","135.710454"
"のうなぎ１","和歌山県串本町田並","33.489199","135.709371"
"ＪＲトンネル裏","和歌山県串本町田並","33.487974","135.714113"
"国道４２号串本方面","和歌山県串本町田並","33.487154","135.720708"
"国道４２号（いねむりパーキング付近）","和歌山県串本町田並","33.488806","135.705845"
"津波避難タワー（田並）","和歌山県串本町田並1073-3","33.486251","135.716977"
"円光寺","和歌山県串本町田並1141","33.487287","135.716235"
"旧田並小学校（体育館）","和歌山県串本町田並1212","33.488943","135.717669"
"串本西中学校（２階以上）","和歌山県串本町田並1300","33.490202","135.716702"
"串本西中学校（体育館）","和歌山県串本町田並1300","33.490321","135.717122"
"串本町リサイクルセンター","和歌山県串本町田並2288-1","33.487003","135.72475"
"田並公民館","和歌山県串本町田並910","33.485897","135.715505"
"佐居裏山","和歌山県串本町田並（佐居裏山）","33.489598","135.721371"
"西峰１","和歌山県串本町田並（西峰１）","33.488618","135.716055"
"西峰２","和歌山県串本町田並（西峰２）","33.488895","135.717213"
"天神","和歌山県串本町田並（天神）","33.48983","135.719501"
"田ノ崎","和歌山県串本町田並（田ノ崎）","33.48375","135.7098"
"荒計谷","和歌山県串本町田並上","33.497229","135.71727"
"水本裏山","和歌山県串本町田並上","33.495168","135.718961"
"竹内裏墓地","和歌山県串本町田並上","33.493722","135.719308"
"津呂地平見","和歌山県串本町田並上","33.49263","135.717581"
"田並地区防災拠点施設","和歌山県串本町田並上1131","33.492175","135.717402"
"愛民会館","和歌山県串本町田並上95-3","33.495805","135.718536"
"大乗","和歌山県串本町二色","33.480425","135.774606"
"戸先２","和歌山県串本町二色","33.478568","135.768818"
"戸先１","和歌山県串本町二色","33.478165","135.768635"
"旧錦富小学校裏山","和歌山県串本町二色","33.483789","135.765422"
"稲荷神社裏山","和歌山県串本町二色","33.48536","135.771403"
"伊平裏山","和歌山県串本町二色","33.48042","135.7693"
"キッチョモ裏山","和歌山県串本町二色","33.481718","135.77077"
"茶山西","和歌山県串本町二色","33.480004","135.771462"
"戸畔","和歌山県串本町二色","33.481411","135.76937"
"にしき園（屋上）","和歌山県串本町二色160","33.489073","135.768962"
"法雲寺","和歌山県串本町二色227","33.487033","135.770228"
"旧錦富小学校体育館","和歌山県串本町二色360","33.483231","135.765237"
"旧錦富小学校（屋上）","和歌山県串本町二色360","33.483454","135.765138"
"二色多目的集会所","和歌山県串本町二色372-1","33.482224","135.766917"
"茶山東","和歌山県串本町二色（茶山東）","33.479678","135.773576"
"楠の下","和歌山県串本町二色（楠の下）","33.488331","135.769531"
"法雲寺裏山","和歌山県串本町二色（法雲寺裏山）","33.487418","135.770352"
"又射谷","和歌山県串本町二色（又射谷）","33.48412","135.766057"
"海林寺裏山","和歌山県串本町姫","33.502353","135.79685"
"いちすけ裏山","和歌山県串本町姫","33.501754","135.798588"
"かじや山","和歌山県串本町姫","33.499701","135.796174"
"しりでの坂","和歌山県串本町姫","33.494668","135.795364"
"井上山","和歌山県串本町姫","33.498609","135.795058"
"稲荷山","和歌山県串本町姫","33.501843","135.797879"
"海林寺","和歌山県串本町姫","33.502","135.796925"
"旧養春小学校裏山","和歌山県串本町姫","33.501436","135.800686"
"池田山","和歌山県串本町姫","33.501633","135.795718"
"旧養春小学校","和歌山県串本町姫27","33.501183","135.800477"
"老人憩の家「福寿荘」","和歌山県串本町姫718-1","33.497799","135.796986"
"中山蜜柑畑","和歌山県串本町姫（中山蜜柑畑）","33.50174","135.800224"
"崩れ","和歌山県串本町姫（崩れ）","33.501302","135.802391"
"串本西小学校裏山","和歌山県串本町有田","33.491185","135.734435"
"串本有田病院付近","和歌山県串本町有田","33.494473","135.738619"
"国道４２号（田並寄）","和歌山県串本町有田","33.486677","135.731146"
"チンチンアメ","和歌山県串本町有田","33.492153","135.73194"
"逢坂山トンネル付近","和歌山県串本町有田","33.484518","135.739678"
"貝岡中の硲","和歌山県串本町有田","33.487905","135.741446"
"港谷配水池","和歌山県串本町有田","33.488657","135.738115"
"港谷","和歌山県串本町有田","33.488419","135.737678"
"旧国道（入谷）","和歌山県串本町有田","33.485277","135.731876"
"串本西小学校（体育館）","和歌山県串本町有田411","33.48986","135.735718"
"大山町営住宅Ｂ","和歌山県串本町有田478-4","33.491739","135.73635"
"大山町営住宅Ａ","和歌山県串本町有田478-9","33.491681","135.735899"
"正覚寺","和歌山県串本町有田520","33.48918","135.736409"
"有田公民館","和歌山県串本町有田630","33.48652","135.736989"
"旧稲村環境管理センター","和歌山県串本町有田883","33.481869","135.73889"
"佐々木山","和歌山県串本町有田（佐々木山）","33.486006","135.734365"
"次右衛門谷","和歌山県串本町有田（次右衛門谷）","33.487966","135.734086"
"出水の谷","和歌山県串本町有田（出水の谷）","33.486959","135.733882"
"正覚寺柿山","和歌山県串本町有田（正覚寺柿山）","33.489388","135.736366"
"天理の丘","和歌山県串本町有田（天理の丘）","33.486977","135.738753"
"天理の丘南","和歌山県串本町有田（天理の丘南）","33.486438","135.73848"
"風吹山登山口","和歌山県串本町有田（風吹山登山口）","33.493068","135.739236"
"和助の山Ａ","和歌山県串本町有田（和助の山Ａ）","33.486416","135.739703"
"和助の山Ｂ","和歌山県串本町有田（和助の山Ｂ）","33.486791","135.739923"
"和田地","和歌山県串本町有田（和田地）","33.489451","135.733437"
"宝生寺","和歌山県串本町有田上94","33.493623","135.7323"
"里川集会所","和歌山県串本町里川636","33.542865","135.657363"
"上野","和歌山県串本町和深","33.503863","135.655675"
"安指平見","和歌山県串本町和深","33.493783","135.668311"
"中嶋","和歌山県串本町和深","33.503773","135.657563"
"鉄道法面","和歌山県串本町和深","33.493265","135.668705"
"不動さん","和歌山県串本町和深","33.49316","135.67055"
"九ノ平見","和歌山県串本町和深","33.491634","135.671841"
"安指大橋の西","和歌山県串本町和深","33.491896","135.668581"
"金崎ガード裏山","和歌山県串本町和深","33.491684","135.672996"
"あらの坂","和歌山県串本町和深","33.495795","135.669343"
"小河口多目的集会所","和歌山県串本町和深1170","33.509004","135.658008"
"東地花卉集荷施設","和歌山県串本町和深1851","33.498673","135.657767"
"赤瀬公民館","和歌山県串本町和深2876","33.489766","135.675851"
"ＪＲ田子駅","和歌山県串本町和深2954","33.490338","135.677702"
"西地花卉集荷施設","和歌山県串本町和深535-4","33.502328","135.65038"
"和深総合センター","和歌山県串本町和深689","33.501904","135.651756"
"和深前地コミュニティセンター","和歌山県串本町和深697-2","33.500622","135.651825"
"ＪＲ和深駅付近","和歌山県串本町和深800","33.501147","135.654982"
"和深公民館","和歌山県串本町和深910","33.502523","135.656882"
"上品寺","和歌山県串本町和深929","33.503229","135.655853"
"旧和深中学校","和歌山県串本町和深978","33.504983","135.656859"
"民宿えびす付近","和歌山県串本町和深（民宿えびす付近）","33.498826","135.660878"
"和深屯所付近","和歌山県串本町和深（和深屯所付近）","33.501818","135.658475"
"和田谷","和歌山県串本町和深（和田谷）","33.503372","135.658042"
"安指会館","和歌山県串本町和深２７２０－５先","33.492129","135.669611"
"西地墓地上","和歌山県串本町鬮野川","33.484988","135.789401"
"六勝寺跡","和歌山県串本町鬮野川","33.488691","135.793037"
"西地坂道","和歌山県串本町鬮野川","33.486664","135.790782"
"坂地うどん店駐車場付近","和歌山県串本町鬮野川","33.489184","135.792623"
"橋杭集会所上","和歌山県串本町鬮野川","33.487724","135.791383"
"阿部付近","和歌山県串本町鬮野川","33.481261","135.779635"
"ＪＲトンネル上","和歌山県串本町鬮野川","33.489765","135.794398"
"大乗郷","和歌山県串本町鬮野川","33.482875","135.777012"
"徳泉寺","和歌山県串本町鬮野川214","33.496228","135.785942"
"橋杭集会所","和歌山県串本町鬮野川１４５５番地内1","33.487602","135.791744"
"明神中学校","和歌山県古座川町一雨16","33.537239","135.75742"
"一雨集会所","和歌山県古座川町一雨187","33.535986","135.743905"
"七川総合センター","和歌山県古座川町下露351-2","33.619763","135.709536"
"旧七川小学校","和歌山県古座川町下露441","33.620463","135.710013"
"月野瀬集会所","和歌山県古座川町月野瀬520","33.541644","135.796375"
"ぼたん荘","和歌山県古座川町月野瀬881-1","33.535897","135.789462"
"長徳寺","和歌山県古座川町高瀬362","33.535103","135.777518"
"古座中学校校舎","和歌山県古座川町高池139","33.525045","135.823154"
"古座川町津波避難総合センター","和歌山県古座川町高池261-1","33.526371","135.819982"
"上部集会所","和歌山県古座川町高池657-1","33.531817","135.815563"
"中央公民館","和歌山県古座川町高池777","33.534304","135.816072"
"七川総合集会所","和歌山県古座川町佐田627","33.593489","135.697451"
"三尾川小学校","和歌山県古座川町三尾川935","33.557933","135.686577"
"三尾川生活改善センター","和歌山県古座川町三尾川943","33.557294","135.686493"
"山手集会所","和歌山県古座川町山手315","33.577746","135.755014"
"潤野集会所","和歌山県古座川町潤野549","33.536699","135.763023"
"清雲寺","和歌山県古座川町小森川175","33.644304","135.784287"
"椎平集会所","和歌山県古座川町小川152-1","33.588388","135.76279"
"宝音寺","和歌山県古座川町小川554","33.593513","135.770662"
"長集会所","和歌山県古座川町小川730","33.597936","135.766521"
"小川総合センター","和歌山県古座川町小川774-1","33.601916","135.765812"
"松根集会所","和歌山県古座川町松根545","33.665311","135.715476"
"永泉寺","和歌山県古座川町松根546","33.666048","135.714786"
"真砂区民倶楽部","和歌山県古座川町真砂128","33.583706","135.689118"
"成川集会所","和歌山県古座川町成川690","33.644352","135.715368"
"西赤木集会所","和歌山県古座川町西赤木93","33.623496","135.778183"
"西川生活改善センター","和歌山県古座川町西川621-1","33.637845","135.708657"
"古座川町保健福祉センター","和歌山県古座川町川口254-1","33.542417","135.775657"
"相瀬集会所","和歌山県古座川町相瀬227","33.54848","135.727202"
"田野々集会所","和歌山県古座川町蔵土38","33.557295","135.690265"
"住吉神社社務所","和歌山県古座川町蔵土450","33.550004","135.698935"
"松の前集会所","和歌山県古座川町大川476-12","33.569205","135.678912"
"端郷倶楽部","和歌山県古座川町大川68","33.55957","135.688971"
"大柳集会所","和歌山県古座川町大柳380","33.534577","135.750662"
"池野山集会所","和歌山県古座川町池野山355-2","33.539208","135.822694"
"中崎集会所","和歌山県古座川町中崎242-2","33.564999","135.773085"
"清源寺","和歌山県古座川町長追260-2","33.575391","135.675653"
"長追集会所","和歌山県古座川町長追265","33.575328","135.676372"
"直見集会所","和歌山県古座川町直見487","33.552201","135.778552"
"鶴川集会所","和歌山県古座川町鶴川106-2","33.529593","135.745483"
"添野川集会所","和歌山県古座川町添野川818","33.616083","135.673223"
"田川集会所","和歌山県古座川町田川413","33.628555","135.783773"
"放光寺","和歌山県古座川町洞尾198","33.554703","135.716628"
"寿福寺","和歌山県古座川町南平294","33.531963","135.687477"
"楠集会所","和歌山県古座川町楠189","33.57295","135.822885"
"旧七川小学校平井分校","和歌山県古座川町平井469","33.643202","135.689531"
"峯集会所","和歌山県古座川町峯75","33.533386","135.7124"
"立合集会所","和歌山県古座川町立合127","33.53754","135.728784"
"日高看護専門学校","和歌山県御坊市薗116-2","33.896404","135.154042"
"西日本電信電話㈱御坊別館ビル","和歌山県御坊市薗210-1","33.890232","135.155151"
"御坊小学校","和歌山県御坊市薗226","33.891948","135.154961"
"Ｊｏｓｈｉｎ御坊店","和歌山県御坊市薗336-1","33.891157","135.151178"
"ジョーシン電気御坊店","和歌山県御坊市薗336-1","33.890985","135.151511"
"福祉センター","和歌山県御坊市薗350","33.890852","135.152788"
"御坊市役所","和歌山県御坊市薗350","33.891263","135.152046"
"御坊商工会館","和歌山県御坊市薗350-28","33.890629","135.152825"
"御坊市中央公民館","和歌山県御坊市薗378-1","33.890754","135.153446"
"新町地区津波避難タワー","和歌山県御坊市薗678","33.886173","135.154826"
"勤労青少年ホーム","和歌山県御坊市薗76","33.893789","135.152608"
"薗地区津波避難タワー","和歌山県御坊市薗980-2","33.887158","135.161616"
"観音山","和歌山県御坊市塩屋町南塩屋","33.858678","135.163641"
"須佐神社","和歌山県御坊市塩屋町南塩屋","33.868496","135.178965"
"御坊総合運動公園駐車場","和歌山県御坊市塩屋町南塩屋1122","33.862142","135.167753"
"塩屋小学校","和歌山県御坊市塩屋町南塩屋17","33.868358","135.163273"
"森岡会館","和歌山県御坊市塩屋町南塩屋1915-2","33.867579","135.176826"
"関西電力㈱社宅前駐車場","和歌山県御坊市塩屋町南塩屋243","33.86584","135.163264"
"北塩屋　上の芝　高台","和歌山県御坊市塩屋町北塩屋","33.875156","135.159775"
"塩屋王子神社","和歌山県御坊市塩屋町北塩屋","33.869817","135.162086"
"北塩屋　六豆山","和歌山県御坊市塩屋町北塩屋","33.870164","135.164326"
"日高博愛園しおや","和歌山県御坊市塩屋町北塩屋1246","33.873316","135.162111"
"猪野々会館","和歌山県御坊市塩屋町北塩屋1973-8","33.8711","135.180807"
"河南中学校","和歌山県御坊市塩屋町北塩屋300","33.878366","135.167466"
"岩内会館","和歌山県御坊市岩内139","33.888689","135.170283"
"熊野会館","和歌山県御坊市熊野988","33.888524","135.181447"
"御坊中学校","和歌山県御坊市島10","33.898494","135.159354"
"博愛園デイサービスセンター春日","和歌山県御坊市島221-2","33.891605","135.159393"
"わかば保育園","和歌山県御坊市島333","33.88772","135.160072"
"日高川ハイツ　あじさい棟","和歌山県御坊市島352","33.888818","135.161828"
"日高川ハイツ　にじ棟","和歌山県御坊市島352","33.889057","135.161548"
"日高川ハイツ　バラ棟","和歌山県御坊市島352","33.889272","135.162208"
"薗会館","和歌山県御坊市島358-1","33.888236","135.160947"
"日高川ハイツ　ゆり棟","和歌山県御坊市島366","33.888045","135.16213"
"市立武道館","和歌山県御坊市島426-1","33.890732","135.163346"
"つばさ保育園","和歌山県御坊市島430-2","33.891274","135.161615"
"日高高等学校","和歌山県御坊市島45","33.896363","135.157826"
"グリーンハイツ　すみれ棟","和歌山県御坊市島454","33.892775","135.164619"
"グリーンハイツ　秋桜棟","和歌山県御坊市島454","33.892661","135.164199"
"グリーンハイツ　カトレア棟","和歌山県御坊市島454","33.893197","135.164446"
"グリーンハイツ　すずらん棟","和歌山県御坊市島462-1","33.893582","135.164544"
"島会館","和歌山県御坊市島486-1","33.891303","135.161957"
"グリーンハイツ　さくら棟","和歌山県御坊市島614-2","33.894144","135.164328"
"丁畑集会所","和歌山県御坊市島618-2","33.894514","135.164944"
"税務署御坊寮","和歌山県御坊市島84-2","33.894611","135.158133"
"丸山　西山","和歌山県御坊市湯川町丸山","33.913666","135.15"
"丸山　宮山","和歌山県御坊市湯川町丸山","33.908241","135.153069"
"オークワロマンシティ","和歌山県御坊市湯川町財部181","33.897578","135.148764"
"オークワ　ロマンシティ御坊店","和歌山県御坊市湯川町財部181","33.897732","135.149438"
"財部会館","和歌山県御坊市湯川町財部485","33.901508","135.152816"
"きのくに信用金庫御坊営業部","和歌山県御坊市湯川町財部701","33.897696","135.154053"
"湯川幼稚園","和歌山県御坊市湯川町財部831-1","33.900224","135.159997"
"湯川小学校","和歌山県御坊市湯川町小松原179","33.903747","135.163068"
"湯川コミュニティセンター","和歌山県御坊市湯川町小松原317-1","33.904001","135.162524"
"紀央館高等学校","和歌山県御坊市湯川町小松原43-1","33.906169","135.161464"
"湯川中学校","和歌山県御坊市湯川町小松原50","33.906757","135.163509"
"小松原西会館","和歌山県御坊市湯川町小松原589-15","33.903416","135.148417"
"上富安集会場","和歌山県御坊市湯川町富安1028","33.927237","135.162286"
"下富安集会場","和歌山県御坊市湯川町富安1481","33.919271","135.162364"
"西富安集会所","和歌山県御坊市湯川町富安1659-2","33.916283","135.151988"
"しらゆり保育園","和歌山県御坊市湯川町富安1913-7","33.91587","135.152255"
"湯川文化会館","和歌山県御坊市湯川町富安1913-7","33.915848","135.152267"
"鳳生寺","和歌山県御坊市湯川町富安2133","33.913272","135.161447"
"吉田八幡神社","和歌山県御坊市藤田町吉田","33.913158","135.16959"
"ヨシダエルシス（株）社屋屋上","和歌山県御坊市藤田町吉田155","33.906138","135.170957"
"藤田会館","和歌山県御坊市藤田町吉田286-1","33.904163","135.167865"
"藤田小学校","和歌山県御坊市藤田町藤井2047-1","33.907873","135.173905"
"藤田コミュニティセンター","和歌山県御坊市藤田町藤井2119-1","33.90576","135.173073"
"名屋地区津波避難タワー","和歌山県御坊市名屋町1-14-3","33.882881","135.157136"
"名田中学校","和歌山県御坊市名田町上野1348-15","33.834501","135.182704"
"上野会館","和歌山県御坊市名田町上野1569-3","33.829676","135.181437"
"楠井会館","和歌山県御坊市名田町楠井1940-2","33.82155","135.192133"
"名田幼稚園","和歌山県御坊市名田町野島1-3","33.832697","135.178424"
"野島会館","和歌山県御坊市名田町野島1747","33.84251","135.171898"
"名田小学校","和歌山県御坊市名田町野島326","33.833452","135.179538"
"祓井戸会館","和歌山県御坊市名田町野島3403","33.855473","135.164759"
"加尾会館","和歌山県御坊市名田町野島358","33.836089","135.178027"
"国立和歌山高専","和歌山県御坊市名田町野島77","33.834251","135.177669"
"明神川　春日山","和歌山県御坊市明神川","33.873817","135.195806"
"明神川会館","和歌山県御坊市明神川615-3","33.872032","135.199764"
"野口会館","和歌山県御坊市野口1185-2","33.902615","135.18274"
"野口コミュニティセンター","和歌山県御坊市野口254","33.898496","135.184075"
"野口小学校","和歌山県御坊市野口756-1","33.895604","135.180043"
"古森区集会所","和歌山県御坊市野口841-2","33.894039","135.176035"
"広川町役場３階","和歌山県広川町大字広1500","34.029988","135.173055"
"広東避難施設","和歌山県広川町大字広159-1","34.026911","135.178661"
"広小学校","和歌山県広川町大字広631","34.023325","135.176172"
"津波防災教育センター３階","和歌山県広川町大字広671","34.025883","135.173119"
"花王有田研修所グラウンド","和歌山県広川町大字山本1724-10","34.023813","135.154482"
"広川町風力発電所（広川明神山風力発電所西空き地）","和歌山県広川町大字山本1959-2","34.016258","135.153346"
"山本区集会所","和歌山県広川町大字山本510-6","34.013761","135.168044"
"池ノ上区集会場","和歌山県広川町大字山本924-17","34.013803","135.166377"
"広川ビーチ駅前広場","和歌山県広川町大字山本969","34.013043","135.163898"
"南広小学校","和歌山県広川町大字上中野1175","34.01293","135.175729"
"広八幡避難施設","和歌山県広川町大字上中野206-1","34.017702","135.175289"
"男山焼会館","和歌山県広川町大字上中野88-2","34.015668","135.17819"
"唐尾避難施設","和歌山県広川町大字唐尾1024-1","34.00268","135.146432"
"善照寺","和歌山県広川町大字唐尾255","34.004065","135.147556"
"東中避難タワー","和歌山県広川町大字東中128-1","34.019044","135.185171"
"名島避難施設","和歌山県広川町大字名島292-1","34.02353","135.184027"
"たちばな支援学校（第２駐車場）","和歌山県広川町大字和田18","34.024344","135.164282"
"たちばな支援学校","和歌山県広川町大字和田21-3","34.02449","135.165887"
"湯川集会所","和歌山県高野町高野山大字湯川406","34.186464","135.531508"
"花坂多目的集会所","和歌山県高野町大字花坂651","34.216857","135.530349"
"老人憩いの家","和歌山県高野町大字高野山17-59","34.21594","135.607021"
"桜団地公園","和歌山県高野町大字高野山20-135","34.217217","135.611077"
"高野山高校体育館","和歌山県高野町大字高野山212","34.216936","135.577526"
"高野山多目的集会所","和歌山県高野町大字高野山233","34.213105","135.575321"
"高野山中学校運動場","和歌山県高野町大字高野山26-2","34.221421","135.590416"
"高野山大師教会大講堂・研修道場","和歌山県高野町大字高野山347","34.212306","135.582332"
"高野山大学松下講堂黎明館","和歌山県高野町大字高野山347","34.212587","135.585466"
"高野山小学校運動場","和歌山県高野町大字高野山376","34.211413","135.584787"
"高野山大学体育館・武道場・学生ホール","和歌山県高野町大字高野山385","34.211853","135.584805"
"高野町屋内ゲートボール場","和歌山県高野町大字高野山44-24","34.220202","135.593356"
"高野山森林公園ちびっこ野球場","和歌山県高野町大字高野山45","34.220186","135.59397"
"高野山森林公園駐車場","和歌山県高野町大字高野山45-10","34.220468","135.597289"
"花坂小学校運動場","和歌山県高野町大字高野山651","34.216575","135.530567"
"神谷集会所","和歌山県高野町大字細川457","34.245644","135.572778"
"細川団地集会所","和歌山県高野町大字細川689","34.234561","135.554243"
"西細川多目的集会所","和歌山県高野町大字細川852","34.232171","135.547691"
"筒香多目的集会所","和歌山県高野町大字上筒香46","34.239979","135.697014"
"富貴小中学校運動場","和歌山県高野町大字東富貴202","34.263245","135.700001"
"東富貴多目的集会所","和歌山県高野町大字東富貴442-1","34.261474","135.700526"
"岡高齢者憩の家","和歌山県上富田町岡1291-1","33.727186","135.442153"
"岡小学校","和歌山県上富田町岡638-1","33.724526","135.443726"
"農業構造改善センター","和歌山県上富田町岡640-12","33.724858","135.443188"
"岩崎会館","和歌山県上富田町岩崎434","33.687775","135.415302"
"上富田中学校","和歌山県上富田町岩田173-1","33.699035","135.433301"
"岩田小学校","和歌山県上富田町岩田1750","33.706248","135.44388"
"岩田高齢者憩の家","和歌山県上富田町岩田1775-1","33.706987","135.444155"
"岩田公民館","和歌山県上富田町岩田1777","33.707302","135.444061"
"岩田児童館","和歌山県上富田町岩田2843","33.709343","135.449174"
"市ノ瀬高齢者憩の家","和歌山県上富田町市ノ瀬2504-23","33.715327","135.462612"
"市ノ瀬体育館","和歌山県上富田町市ノ瀬2504-36","33.715446","135.46134"
"市ノ瀬小学校","和歌山県上富田町市ノ瀬604","33.712663","135.462221"
"農村環境改善センター","和歌山県上富田町市ノ瀬619-2","33.713029","135.463087"
"生馬公民館","和歌山県上富田町生馬1728-1","33.689337","135.439591"
"生馬小学校","和歌山県上富田町生馬1901","33.689837","135.440626"
"中央コミュニティ消防センター","和歌山県上富田町生馬725-1","33.693461","135.431586"
"防災公園","和歌山県上富田町朝来2293-7","33.703478","135.417428"
"朝来小学校","和歌山県上富田町朝来2741","33.698122","135.421684"
"朝来コミュニティセンター","和歌山県上富田町朝来2778-1","33.69717","135.420596"
"大谷総合センター","和歌山県上富田町朝来3992-3","33.705785","135.421482"
"県立熊野高校","和歌山県上富田町朝来670","33.699726","135.431357"
"上富田町保健センター","和歌山県上富田町朝来755-1","33.696531","135.430439"
"上富田福祉センター","和歌山県上富田町朝来755-1","33.696436","135.430171"
"上富田文化会館","和歌山県上富田町朝来758-1","33.696912","135.42983"
"上富田町役場","和歌山県上富田町朝来763","33.696378","135.428865"
"南紀白浜わんわんパラダイス敷地内","和歌山県上富田町南紀の台1-1","33.703232","135.405792"
"南紀の台会館","和歌山県上富田町南紀の台1805-635","33.69901","135.406291"
"南紀の台公民館","和歌山県上富田町南紀の台73-38","33.696198","135.407883"
"新宮念法寺","和歌山県新宮市あけぼの1-10","33.725713","136.002292"
"新宮ユーアイホテル","和歌山県新宮市井の沢3-12","33.722722","135.991583"
"井の沢隣保館","和歌山県新宮市井の沢5-24","33.723747","135.990795"
"王子会館","和歌山県新宮市王子町1-1-9","33.719994","136.001464"
"オーシャンハイツ","和歌山県新宮市王子町1-8-44","33.718438","136.000432"
"大浜会館","和歌山県新宮市王子町3-6-8","33.717327","136.002919"
"新宮市文化複合施設（丹鶴ホール）","和歌山県新宮市下本町2-2-1","33.730633","135.989349"
"蓬莱会館","和歌山県新宮市丸山3-16","33.722849","135.996846"
"新宮セントラルホテル","和歌山県新宮市橋本1-12-19","33.714039","135.988347"
"橋本隣保館・児童館","和歌山県新宮市橋本1-8-28","33.714437","135.986524"
"鎌塚集会所","和歌山県新宮市熊野川町鎌塚365","33.73324","135.824065"
"玉置口出張診療所","和歌山県新宮市熊野川町玉置口150","33.894543","135.879158"
"四滝集会所","和歌山県新宮市熊野川町四滝107","33.847343","135.857913"
"篠尾集会所","和歌山県新宮市熊野川町篠尾759-1","33.881997","135.818462"
"山手集会所","和歌山県新宮市熊野川町西敷屋930-1","33.853363","135.803944"
"赤木集会所","和歌山県新宮市熊野川町赤木407-1","33.775527","135.850167"
"東集会所","和歌山県新宮市熊野川町東35-2","33.749327","135.850182"
"東敷屋集会所","和歌山県新宮市熊野川町東敷屋458","33.841159","135.810579"
"尾頭集会所","和歌山県新宮市熊野川町日足1","33.823008","135.855335"
"日足相須集会所","和歌山県新宮市熊野川町日足1140-1","33.794526","135.866712"
"総合開発センター","和歌山県新宮市熊野川町日足350","33.805821","135.872223"
"熊野川小学校（体育館）","和歌山県新宮市熊野川町日足570","33.80196","135.872968"
"新宮市さつき公園","和歌山県新宮市熊野川町日足679","33.797927","135.870054"
"能城集会所","和歌山県新宮市熊野川町能城山本93-1","33.79738","135.879191"
"熊野地ハイツ","和歌山県新宮市熊野地2-11-22","33.721435","136.001696"
"熊野地会館","和歌山県新宮市熊野地2-8-1","33.722645","136.00362"
"新高田会館","和歌山県新宮市高田1801-1","33.728277","135.910394"
"高田小学校・高田中学校","和歌山県新宮市高田3465-1","33.734501","135.910297"
"佐野会館","和歌山県新宮市佐野1-9-9","33.682172","135.974727"
"新翔高等学校（体育館）","和歌山県新宮市佐野1005","33.686582","135.970929"
"市民運動競技場","和歌山県新宮市佐野1501","33.68837","135.968923"
"夏山組従業員寮","和歌山県新宮市三輪崎1-13-16","33.686589","135.985676"
"光洋中学校（校舎）","和歌山県新宮市三輪崎1199-2","33.688403","135.977314"
"光洋中学校（体育館）","和歌山県新宮市三輪崎1199-2","33.688891","135.977316"
"三輪崎八幡神社（社務所）","和歌山県新宮市三輪崎1512","33.68912","135.98287"
"三輪崎八幡神社（境内）","和歌山県新宮市三輪崎1512","33.68908","135.982982"
"三輪崎浄水場","和歌山県新宮市三輪崎1520","33.690017","135.982734"
"三輪崎会館（管理棟）","和歌山県新宮市三輪崎2-4-4","33.686401","135.983406"
"三輪崎小学校（体育館）","和歌山県新宮市三輪崎3-6-7","33.684383","135.98105"
"三輪崎小学校（校舎）","和歌山県新宮市三輪崎3-6-7","33.684703","135.980719"
"三輪崎支所","和歌山県新宮市三輪崎3-9-7","33.683925","135.980355"
"新宮市庁舎別館","和歌山県新宮市春日1-1","33.724102","135.992849"
"新宮市人権教育センター","和歌山県新宮市春日6-5","33.725811","135.992358"
"ステーションホテル新宮","和歌山県新宮市徐福2-1-31","33.724088","135.995399"
"蓬莱体育館","和歌山県新宮市徐福2-4-1","33.725137","135.996625"
"蓬莱保育所","和歌山県新宮市徐福2-4-1","33.724346","135.996273"
"蓬莱公園築山","和歌山県新宮市徐福2-7150-1","33.724513","135.996238"
"広角会館","和歌山県新宮市新宮2518-3","33.706525","135.989244"
"ターマイトクリーン駐車場","和歌山県新宮市新宮3305-1","33.71008","135.993227"
"鴻田公園","和歌山県新宮市新宮3690-9","33.708798","135.984923"
"鴻田会館","和歌山県新宮市新宮3701-4","33.710569","135.986017"
"新宮市保健センター","和歌山県新宮市新宮451","33.726885","135.990944"
"下田隣保館・児童館","和歌山県新宮市新宮4514-5","33.714006","135.992912"
"松山隣保館","和歌山県新宮市新宮4643-136","33.712277","135.997187"
"松山公園","和歌山県新宮市新宮4643-3","33.712118","135.996118"
"近畿大学附属新宮高等学校中学校（体育館）","和歌山県新宮市新宮4966","33.715386","135.998555"
"近畿大学附属新宮高等学校中学校（グラウンド）","和歌山県新宮市新宮4966","33.715542","135.997831"
"大橋通りＴビル","和歌山県新宮市新宮550","33.727507","135.986443"
"丹鶴城公園","和歌山県新宮市新宮7688-2","33.730256","135.992256"
"南清園","和歌山県新宮市新宮8002-9","33.711324","135.991908"
"新宮高等学校（校舎片廊下）","和歌山県新宮市神倉3-2-29","33.720126","135.985523"
"新宮高等学校（体育館・武道場）","和歌山県新宮市神倉3-2-29","33.720418","135.984864"
"城南中学校（体育館）","和歌山県新宮市清水元1-5-44","33.717971","135.997854"
"城南中学校（校舎）","和歌山県新宮市清水元1-5-44","33.718529","135.997698"
"近畿財務局　新宮合同宿舎","和歌山県新宮市清水元1-5-70","33.718704","135.998501"
"神倉小学校（校舎）","和歌山県新宮市千穂1-2-40","33.725532","135.985171"
"神倉小学校（体育館）","和歌山県新宮市千穂1-2-40","33.724876","135.985241"
"シャトーしんぐう","和歌山県新宮市谷王子町3-2","33.727943","135.988464"
"天理教南海大教会","和歌山県新宮市池田1-1-26","33.729858","135.994005"
"天理教南海大教会（駐車場）","和歌山県新宮市池田1-1-26","33.730064","135.994495"
"王子ヶ浜小学校（体育館）","和歌山県新宮市田鶴原2-10-1","33.719453","135.999922"
"王子ヶ浜小学校（校舎）","和歌山県新宮市田鶴原2-10-1","33.719057","135.999442"
"たづはら保育園","和歌山県新宮市田鶴原町1-3-10","33.722343","135.998625"
"ＪＰビル","和歌山県新宮市馬町2-1-3","33.728449","135.987235"
"浮島隣保館・児童館","和歌山県新宮市浮島1-10","33.725342","135.991523"
"宮井戸津波避難場所","和歌山県新宮市蓬莱1-4","33.725793","136.000376"
"蜂伏会館","和歌山県新宮市蜂伏11-9","33.682566","135.96462"
"みくまの支援学校（体育館）","和歌山県新宮市蜂伏13-26","33.68584","135.960588"
"みつばち公園","和歌山県新宮市蜂伏179","33.682865","135.963758"
"宝珠寺　本堂","和歌山県新宮市木ノ川360","33.682635","135.962298"
"宝珠寺境内","和歌山県新宮市木ノ川360","33.68263","135.962317"
"木ノ川会館","和歌山県新宮市木ノ川423","33.68211","135.961106"
"新宮市福祉センター","和歌山県新宮市野田1-1","33.723521","135.992264"
"野田隣保館","和歌山県新宮市野田5-33","33.722696","135.993208"
"緑丘会館","和歌山県新宮市緑ケ丘1-6-4","33.720829","135.991717"
"緑丘中学校（体育館）","和歌山県新宮市緑ケ丘2-1-15","33.719754","135.989722"
"緑丘中学校（校舎）","和歌山県新宮市緑ケ丘2-1-15","33.720485","135.990231"
"森浦防災複合施設","和歌山県太地町森浦143-29","33.592106","135.933294"
"山中２号線","和歌山県太地町森浦588-1","33.590106","135.932478"
"平見地区全域","和歌山県太地町太地","33.587986","135.952684"
"太地中学校","和歌山県太地町太地114","33.592526","135.959309"
"石垣記念館裏山","和歌山県太地町太地2902-15","33.601069","135.943016"
"浅間山","和歌山県太地町太地2944-4","33.601112","135.946666"
"白鯨横山","和歌山県太地町太地2970-4","33.598277","135.945889"
"多目的センター","和歌山県太地町太地2991-1","33.596945","135.942417"
"太地町公民館","和歌山県太地町太地3077-13","33.594506","135.943811"
"順心寺","和歌山県太地町太地3186","33.591437","135.943955"
"東明寺","和歌山県太地町太地3320","33.589699","135.944106"
"太地防災複合施設","和歌山県太地町太地3393-1","33.590272","135.946061"
"太地小学校","和歌山県太地町太地3436","33.588429","135.94302"
"太地保育所","和歌山県太地町太地3441-1","33.589032","135.942676"
"太地幼稚園","和歌山県太地町太地3505-1","33.588766","135.942717"
"老人憩いの家","和歌山県太地町太地3728-1","33.58953","135.948022"
"暖海避難ビル","和歌山県太地町太地4186","33.59523","135.944857"
"平見集会所","和歌山県太地町太地942-1","33.587709","135.952945"
"旧グリーンピア南紀","和歌山県太地町大字森浦","33.597415","135.924777"
"駅舎防災複合施設","和歌山県太地町大字森浦239-1","33.590897","135.927457"
"国際鯨類施設","和歌山県太地町大字太地1770-1","33.581044","135.955507"
"太地こども園","和歌山県太地町大字太地1770-14","33.579318","135.952359"
"田辺工業高等学校","和歌山県田辺市あけぼの51-1","33.728982","135.395413"
"向越集会所","和歌山県田辺市鮎川1312","33.739131","135.500097"
"小川集会所","和歌山県田辺市鮎川1716-1","33.734841","135.511349"
"大塔総合文化会館（２階以上）","和歌山県田辺市鮎川2567-1","33.729571","135.489888"
"大塔総合文化会館","和歌山県田辺市鮎川2567-1","33.729571","135.489888"
"鮎川小学校","和歌山県田辺市鮎川2580-1","33.729584","135.488039"
"大塔武道館","和歌山県田辺市鮎川2588-2","33.72769","135.486501"
"下附集落会館","和歌山県田辺市鮎川510-1","33.727074","135.481971"
"大塔ふくしかいかん（２階）","和歌山県田辺市鮎川583-9","33.729296","135.483673"
"大塔ふくしかいかん","和歌山県田辺市鮎川583-9","33.729296","135.483673"
"宇立集会所","和歌山県田辺市鮎川836-1","33.73389","135.497093"
"能登集会所","和歌山県田辺市鮎川988-2","33.74251","135.499968"
"稲成公民館","和歌山県田辺市稲成町2779-3","33.747118","135.374627"
"高山寺","和歌山県田辺市稲成町392","33.740439","135.378902"
"稲成小学校","和歌山県田辺市稲成町780","33.749935","135.37596"
"アルティエホテル紀伊田辺（屋上）","和歌山県田辺市下屋敷町1-77","33.731047","135.381407"
"ＴＫＣビル（屋上）","和歌山県田辺市下屋敷町30-1","33.730633","135.38117"
"上野悠悠館","和歌山県田辺市下川下1253-3","33.737883","135.57847"
"竹西集会所","和歌山県田辺市下川下2080","33.746025","135.562251"
"富里生活改善センター（２階）","和歌山県田辺市下川下640-1","33.745365","135.59151"
"富里生活改善センター","和歌山県田辺市下川下640-1","33.745394","135.591557"
"旧富里小学校","和歌山県田辺市下川下826","33.747012","135.58934"
"とみさと交流館","和歌山県田辺市下川下982","33.742466","135.58503"
"富里福祉センター","和歌山県田辺市下川下989","33.742606","135.585614"
"下川上集会所","和歌山県田辺市下川上222","33.74929","135.609847"
"会津小学校（屋上）","和歌山県田辺市下万呂59-1","33.744501","135.395675"
"会津小学校（２階以上）","和歌山県田辺市下万呂59-1","33.744934","135.395884"
"会津小学校","和歌山県田辺市下万呂59-1","33.744934","135.395884"
"田辺高等学校","和歌山県田辺市学園1-71","33.724308","135.389184"
"南紀高等学校","和歌山県田辺市学園1-88","33.724967","135.389197"
"緑の学習館","和歌山県田辺市熊野394","33.712106","135.614839"
"熊野集会所","和歌山県田辺市熊野632-1","33.707584","135.607879"
"五味集会所","和歌山県田辺市五味332-2","33.678269","135.616193"
"三川福祉センター","和歌山県田辺市向山354-1","33.703449","135.572339"
"江川地区津波避難タワー","和歌山県田辺市江川1075-2","33.730973","135.369514"
"紀陽銀行田辺支店（屋上）","和歌山県田辺市高雄1-16-20","33.734614","135.378038"
"市民総合センター（２階以上）","和歌山県田辺市高雄1-23-1","33.73551","135.377465"
"市民総合センター","和歌山県田辺市高雄1-23-1","33.73551","135.377465"
"高雄中学校","和歌山県田辺市高雄3-20-1","33.738941","135.38448"
"高雄中学校（３階以上）","和歌山県田辺市高雄3-20-1","33.739182","135.38433"
"三川生活改善センター","和歌山県田辺市合川439-4","33.687956","135.569861"
"三川集会所","和歌山県田辺市合川680-12","33.687461","135.569762"
"会津川左岸地区津波避難タワー","和歌山県田辺市紺屋町144","33.735027","135.374603"
"紀州備長炭記念公園","和歌山県田辺市秋津川1491-1","33.803323","135.426721"
"竹薮多目的集会所","和歌山県田辺市秋津川2090-4","33.811602","135.435001"
"秋津川公民館","和歌山県田辺市秋津川668-1","33.794367","135.426583"
"秋津川小学校","和歌山県田辺市秋津川683","33.793697","135.427163"
"秋津多目的研修センター（２階）","和歌山県田辺市秋津町227-30","33.747549","135.392663"
"秋津多目的研修センター","和歌山県田辺市秋津町227-30","33.747549","135.392663"
"宝満寺","和歌山県田辺市秋津町630","33.751066","135.399304"
"田辺スポーツパーク体育館","和歌山県田辺市上の山1-23-1-1","33.74044","135.362294"
"元町長寿館","和歌山県田辺市上の山2-13-31","33.734314","135.365744"
"田辺第三小学校","和歌山県田辺市上の山2-6-10","33.734821","135.368733"
"田辺第一小学校","和歌山県田辺市上屋敷1-2-1","33.732276","135.375701"
"田辺第一小学校（３階以上）","和歌山県田辺市上屋敷1-2-1","33.732015","135.375503"
"田辺第一小学校（２階以上）","和歌山県田辺市上屋敷1-2-1","33.732276","135.375701"
"ＮＴＴ西日本田辺別館ビル（屋上）","和歌山県田辺市上屋敷1-6-1","33.731716","135.374932"
"上秋津農村環境改善センター","和歌山県田辺市上秋津2083-1","33.755072","135.404528"
"上秋津小学校","和歌山県田辺市上秋津2196-1","33.753649","135.406295"
"上秋津中学校","和歌山県田辺市上秋津2263-2","33.751517","135.409354"
"上芳養中学校","和歌山県田辺市上芳養1483","33.810167","135.375821"
"上芳養農村環境改善センター","和歌山県田辺市上芳養3165","33.801374","135.374036"
"上芳養小学校","和歌山県田辺市上芳養3334","33.803905","135.377703"
"日向保育所","和歌山県田辺市上芳養992-1","33.801381","135.365165"
"上野多目的集会所","和歌山県田辺市上野654-3","33.767428","135.468675"
"城山台集会所","和歌山県田辺市城山台12-11","33.72725","135.427297"
"田辺医師会館（屋上）","和歌山県田辺市新屋敷町1-8","33.727521","135.378186"
"田辺市周辺衛生施設組合　清浄館","和歌山県田辺市新庄町1177-3","33.714314","135.413253"
"新庄幼稚園","和歌山県田辺市新庄町1437","33.716595","135.406697"
"新庄公民館","和歌山県田辺市新庄町2031-3","33.717638","135.405174"
"新庄公民館（２階）","和歌山県田辺市新庄町2031-3","33.717638","135.405174"
"新庄中学校","和歌山県田辺市新庄町2266-2","33.713937","135.40313"
"新庄小学校","和歌山県田辺市新庄町2300","33.714388","135.400489"
"県営西跡之浦団地１号棟（屋上）","和歌山県田辺市新庄町2433-3","33.71586","135.396498"
"県営内ノ浦団地３号棟（屋上）","和歌山県田辺市新庄町3042-44","33.699432","135.389333"
"新庄第二小学校","和歌山県田辺市新庄町3193","33.695641","135.389291"
"和歌山県立情報交流センター（Ｂｉｇ－Ｕ）","和歌山県田辺市新庄町3353-9","33.695936","135.395839"
"深谷集会所","和歌山県田辺市深谷76-1","33.703623","135.542299"
"東陽中学校","和歌山県田辺市神子浜1-4-66","33.726616","135.387574"
"田辺市立武道館","和歌山県田辺市扇ケ浜2-10","33.72638","135.377776"
"衣笠中学校（２階以上）","和歌山県田辺市中三栖147-1","33.737517","135.428681"
"衣笠中学校","和歌山県田辺市中三栖147-1","33.737517","135.428681"
"三栖小学校","和歌山県田辺市中三栖2095","33.744583","135.431722"
"三栖コミュニティセンター","和歌山県田辺市中三栖805","33.743419","135.433946"
"三栖コミュニティセンター（２階）","和歌山県田辺市中三栖805","33.743419","135.433946"
"温川多目的研修集会施設","和歌山県田辺市中辺路町温川450-1","33.826871","135.522557"
"近野小学校","和歌山県田辺市中辺路町近露1061","33.816875","135.611928"
"近露道中集会所","和歌山県田辺市中辺路町近露1146","33.814166","135.606649"
"木の下集会所","和歌山県田辺市中辺路町近露1190-1","33.814112","135.609134"
"中辺路自然休養村センター","和歌山県田辺市中辺路町近露177-3","33.818187","135.610691"
"柿平集会所","和歌山県田辺市中辺路町近露2137-1","33.807409","135.608319"
"下芝多目的集会所","和歌山県田辺市中辺路町栗栖川100-3","33.788094","135.510191"
"峰公民館","和歌山県田辺市中辺路町栗栖川1081-1","33.778945","135.501639"
"中芝会館","和歌山県田辺市中辺路町栗栖川142-13","33.788306","135.514502"
"中辺路福祉センター","和歌山県田辺市中辺路町栗栖川329-1","33.790636","135.516549"
"中辺路福祉センター（２階）","和歌山県田辺市中辺路町栗栖川329-1","33.790641","135.516569"
"中辺路保健センター","和歌山県田辺市中辺路町栗栖川329-1","33.790749","135.51681"
"上芝下会館","和歌山県田辺市中辺路町栗栖川376-6","33.791451","135.518726"
"中辺路コミュニティセンター","和歌山県田辺市中辺路町栗栖川402-1","33.792795","135.518144"
"中辺路中学校","和歌山県田辺市中辺路町栗栖川474-1","33.793211","135.51633"
"上芝上会館","和歌山県田辺市中辺路町栗栖川481-1","33.793624","135.518258"
"中辺路小学校（３階）","和歌山県田辺市中辺路町栗栖川78","33.788049","135.509329"
"中辺路小学校","和歌山県田辺市中辺路町栗栖川78","33.788049","135.509329"
"下芝会館","和歌山県田辺市中辺路町栗栖川84-1","33.788349","135.509187"
"高原多目的集会所","和歌山県田辺市中辺路町高原909","33.795795","135.53136"
"小皆公民館","和歌山県田辺市中辺路町小皆553","33.795782","135.502236"
"小松原集会所","和歌山県田辺市中辺路町小松原149","33.839782","135.538129"
"中辺路農山村伝統芸能継承保存館","和歌山県田辺市中辺路町真砂196","33.761545","135.499335"
"澤・水上集会所","和歌山県田辺市中辺路町水上69-1","33.821099","135.488024"
"石船集会所","和歌山県田辺市中辺路町石船240-2","33.769519","135.527007"
"川合集会所","和歌山県田辺市中辺路町川合1444-1","33.800494","135.525314"
"うつほの杜学園体育館","和歌山県田辺市中辺路町川合1451","33.801554","135.523998"
"大川集会所","和歌山県田辺市中辺路町大川540-11","33.811786","135.549882"
"長寿の館","和歌山県田辺市中辺路町大川68-3","33.810296","135.540283"
"中辺路郷土文化交流館","和歌山県田辺市中辺路町大内川522","33.779611","135.564932"
"内井川集会所","和歌山県田辺市中辺路町内井川485","33.830234","135.5047"
"福定集会所","和歌山県田辺市中辺路町福定459","33.818673","135.558144"
"北郡集落センター","和歌山県田辺市中辺路町北郡829","33.755584","135.501556"
"大畑会館","和歌山県田辺市中辺路町野中2023-2","33.82133","135.621129"
"上地集会所","和歌山県田辺市中辺路町野中291-1","33.830076","135.63988"
"野中老人会館","和歌山県田辺市中辺路町野中988","33.82429","135.628455"
"裏地集会所","和歌山県田辺市中辺路町野中993","33.822261","135.629504"
"中芳養小学校（３階）","和歌山県田辺市中芳養1815","33.778125","135.355435"
"中芳養小学校","和歌山県田辺市中芳養1815","33.778125","135.355435"
"中芳養中学校","和歌山県田辺市中芳養273-2","33.764527","135.359197"
"中芳養中学校（２階以上）","和歌山県田辺市中芳養273-2","33.764527","135.359197"
"万呂コミュニティセンター","和歌山県田辺市中万呂46-3","33.737747","135.400839"
"万呂コミュニティセンター（２階以上）","和歌山県田辺市中万呂46-3","33.737747","135.400839"
"紀洋団地集会所","和歌山県田辺市中万呂782-9","33.740151","135.410038"
"西牟婁総合庁舎","和歌山県田辺市朝日ケ丘23-1","33.734974","135.393015"
"東原多目的集会所","和歌山県田辺市長野1146-2","33.768195","135.444115"
"旧長野中学校","和歌山県田辺市長野1401","33.766691","135.446324"
"西原ふれあい館　梛","和歌山県田辺市長野2880-11","33.762775","135.440491"
"長野小学校","和歌山県田辺市長野641","33.767513","135.441624"
"西部センター","和歌山県田辺市天神崎11-19","33.733588","135.362018"
"もとまち保育所","和歌山県田辺市天神崎3-28","33.734292","135.362332"
"天理教中紀大教会","和歌山県田辺市天神崎30-1","33.732372","135.359266"
"田辺市庁舎（１階）","和歌山県田辺市東山1-5-1","33.729671","135.389191"
"田辺第二小学校","和歌山県田辺市東陽21-1","33.726629","135.384286"
"田辺第二小学校（屋上）","和歌山県田辺市東陽21-1","33.726794","135.384723"
"田辺市文化交流センター（たなべる）","和歌山県田辺市東陽31-1","33.726389","135.382222"
"田辺東部小学校","和歌山県田辺市南新万28-1","33.730437","135.399045"
"ひがしコミュニティセンター","和歌山県田辺市南新万28-1","33.729947","135.399075"
"旧伏菟野小学校","和歌山県田辺市伏菟野110","33.789319","135.441133"
"旧伏菟野小学校（２階）","和歌山県田辺市伏菟野110","33.789319","135.441133"
"文里地区津波避難タワー","和歌山県田辺市文里1-736-251","33.716458","135.390838"
"県営文里団地２号棟（屋上）","和歌山県田辺市文里2-16-2","33.719409","135.389765"
"平瀬集会所","和歌山県田辺市平瀬474-1","33.765035","135.588907"
"芳養公民館","和歌山県田辺市芳養松原1-15-8","33.747581","135.354368"
"特別養護老人ホーム　田辺の郷（屋上）","和歌山県田辺市芳養松原1-31-10","33.744341","135.354624"
"芳養地区津波避難タワー","和歌山県田辺市芳養松原1-4278-4","33.746264","135.352351"
"芳養小学校","和歌山県田辺市芳養松原2-18-36","33.747451","135.357901"
"田辺市体育センター","和歌山県田辺市芳養町108-4","33.75118","135.338114"
"芳養児童センター","和歌山県田辺市芳養町1725-28","33.753369","135.351134"
"はやざと保育所","和歌山県田辺市芳養町1774-9","33.754537","135.351451"
"大坊小学校","和歌山県田辺市芳養町3944","33.773706","135.376323"
"下湯川集会所","和歌山県田辺市本宮町下湯川275-2","33.822747","135.751959"
"旧四村川小学校","和歌山県田辺市本宮町下湯川479","33.822766","135.753223"
"旧皆地小学校（僻地集会所）","和歌山県田辺市本宮町皆地413","33.807927","135.728945"
"高山集会所","和歌山県田辺市本宮町高山363-1","33.829093","135.796419"
"旧本宮小学校","和歌山県田辺市本宮町耳打499","33.814318","135.782375"
"小津荷集会所","和歌山県田辺市本宮町小津荷51-1","33.828348","135.806127"
"上切原山振センター（上切原集会所）","和歌山県田辺市本宮町上切原570","33.868496","135.774985"
"祐川寺","和歌山県田辺市本宮町請川374","33.820758","135.78881"
"請川地区地域防災拠点施設","和歌山県田辺市本宮町請川480-5","33.821671","135.792207"
"旧静川小学校","和歌山県田辺市本宮町静川727-1","33.795624","135.745422"
"八木尾集会所","和歌山県田辺市本宮町切畑1260-1","33.877891","135.759789"
"切畑集会所","和歌山県田辺市本宮町切畑535","33.870803","135.76316"
"三里小学校","和歌山県田辺市本宮町大居1653","33.861548","135.763925"
"三里地区地域防災拠点施設","和歌山県田辺市本宮町大居2055-3","33.857464","135.765708"
"大居集会所","和歌山県田辺市本宮町大居504","33.859833","135.778419"
"東光院","和歌山県田辺市本宮町大居951-1","33.857367","135.774719"
"大津荷集会所","和歌山県田辺市本宮町大津荷126","33.825102","135.803079"
"田代集会所","和歌山県田辺市本宮町田代242","33.807459","135.768753"
"土河屋集会所","和歌山県田辺市本宮町土河屋234","33.883369","135.765233"
"本宮町民センター","和歌山県田辺市本宮町本宮1048-58","33.841606","135.772294"
"上地集会所","和歌山県田辺市本宮町本宮602-1","33.837246","135.772798"
"本宮中学校","和歌山県田辺市本宮町本宮730","33.837258","135.76857"
"末広児童館〈３階以上〉","和歌山県田辺市末広町15-33","33.724404","135.381526"
"紀伊田辺駅","和歌山県田辺市湊1-24","33.73305","135.384141"
"面川作業所","和歌山県田辺市面川584-1","33.686931","135.596354"
"生活介護事業所　ささゆり","和歌山県田辺市木守339","33.705897","135.641247"
"木守集会所","和歌山県田辺市木守495","33.702361","135.637785"
"明洋中学校","和歌山県田辺市目良4-1","33.734919","135.357297"
"明洋中学校（３階）","和歌山県田辺市目良4-1","33.734801","135.357158"
"龍神中学校","和歌山県田辺市龍神村安井1048-1","33.891869","135.47664"
"龍神市民センター","和歌山県田辺市龍神村安井1048-6","33.891037","135.475223"
"林業者等健康増進センター","和歌山県田辺市龍神村安井822","33.885915","135.475072"
"上宮代集会所","和歌山県田辺市龍神村宮代329-1","33.922584","135.504133"
"旧甲斐ノ川小学校","和歌山県田辺市龍神村甲斐ノ川1081","33.920159","135.435163"
"甲斐ノ川地域防災センター","和歌山県田辺市龍神村甲斐ノ川311","33.911829","135.443545"
"小家会館","和歌山県田辺市龍神村小家714-1","33.928057","135.423816"
"龍神高齢者生きがい研修館","和歌山県田辺市龍神村小又川422-6","33.948514","135.571298"
"龍神保健センター","和歌山県田辺市龍神村西340","33.895398","135.487814"
"龍神行政局（２階以上）","和歌山県田辺市龍神村西376","33.893788","135.48854"
"龍神行政局","和歌山県田辺市龍神村西376","33.893788","135.48854"
"旧殿原小学校","和歌山県田辺市龍神村殿原400","33.896406","135.52909"
"東地区集会所","和歌山県田辺市龍神村東1013-3","33.892535","135.494525"
"上山路小学校","和歌山県田辺市龍神村東528","33.89243","135.491393"
"湯ノ又地区集会所","和歌山県田辺市龍神村湯ノ又329","33.939555","135.558057"
"龍神小学校","和歌山県田辺市龍神村湯ノ又68","33.935521","135.554218"
"白寿荘","和歌山県田辺市龍神村福井1017-2","33.883392","135.443821"
"咲楽小学校","和歌山県田辺市龍神村福井1024","33.884038","135.443689"
"龍神ドーム","和歌山県田辺市龍神村柳瀬1469-1","33.884155","135.471019"
"下柳瀬地区集会所","和歌山県田辺市龍神村柳瀬529","33.878685","135.454202"
"龍神会館","和歌山県田辺市龍神村龍神27","33.958774","135.562883"
"大熊コミュニティセンター","和歌山県田辺市龍神村龍神484-5","33.993893","135.56063"
"廣井原農林漁家婦人活動促進施設（広栄会館）","和歌山県田辺市龍神村廣井原33-3","33.922096","135.518998"
"上廣井原集会所","和歌山県田辺市龍神村廣井原617-2","33.932117","135.544847"
"和田集会所","和歌山県田辺市和田253-2","33.776104","135.610664"
"方津戸峠","和歌山県湯浅町吉川257-2","34.045821","135.183911"
"吉川公民館","和歌山県湯浅町吉川269","34.04904","135.182665"
"済生会前オレンジタウン","和歌山県湯浅町吉川51-23","34.045322","135.192612"
"山田公民館","和歌山県湯浅町山田1334-2","34.028498","135.206513"
"山田小学校体育館","和歌山県湯浅町山田1920","34.027885","135.203407"
"地域福祉センター","和歌山県湯浅町栖原126","34.043087","135.183149"
"法岸寺","和歌山県湯浅町栖原1348","34.04543","135.16682"
"田栖川小学校体育館","和歌山県湯浅町栖原1384","34.044197","135.165005"
"田栖川小学校グラウンド","和歌山県湯浅町栖原1384","34.043906","135.165147"
"田栖川小学校校舎","和歌山県湯浅町栖原1384","34.044237","135.165565"
"施無畏寺","和歌山県湯浅町栖原1465","34.046663","135.16188"
"方津戸団地","和歌山県湯浅町栖原182-1","34.043353","135.182211"
"矢田池周辺","和歌山県湯浅町栖原253","34.043832","135.176784"
"湯浅町一気通貫産直加工流通加速化センター","和歌山県湯浅町栖原332","34.042399","135.170521"
"栖原坂","和歌山県湯浅町栖原355","34.040541","135.17226"
"幸神社","和歌山県湯浅町栖原557","34.040923","135.16542"
"横田文化会館","和歌山県湯浅町栖原6","34.042917","135.193288"
"前山農道","和歌山県湯浅町栖原734-2","34.039447","135.163296"
"横田元日通付近","和歌山県湯浅町栖原83","34.045061","135.189399"
"ゆあさこども園","和歌山県湯浅町青木275-1","34.033462","135.190328"
"わくわく公園","和歌山県湯浅町青木460","34.031846","135.187641"
"湯浅町役場","和歌山県湯浅町青木668-1","34.029398","135.190415"
"湯浅広川消防組合","和歌山県湯浅町青木670","34.029718","135.191182"
"庚申山","和歌山県湯浅町田1067","34.052302","135.151735"
"蓑田薬師堂裏山","和歌山県湯浅町田1091","34.049773","135.153559"
"田村小学校グラウンド","和歌山県湯浅町田359","34.054525","135.151474"
"田体育館","和歌山県湯浅町田369-5","34.054988","135.151525"
"小母ヶ谷","和歌山県湯浅町田490","34.057511","135.15409"
"たむらこども園","和歌山県湯浅町田558-6","34.056346","135.156267"
"田村出荷組合第二集荷場","和歌山県湯浅町田565-6","34.056824","135.157102"
"竹林寺","和歌山県湯浅町田620","34.057669","135.155914"
"野井坂","和歌山県湯浅町田84","34.056631","135.147857"
"南栄老人憩の家","和歌山県湯浅町湯浅1033","34.033932","135.179322"
"湯浅えき蔵","和歌山県湯浅町湯浅1075-9","34.03233","135.179775"
"満願寺裏山","和歌山県湯浅町湯浅1334","34.031699","135.180311"
"妙見山","和歌山県湯浅町湯浅1375","34.033255","135.183176"
"ＮＴＴ西日本湯浅別館","和歌山県湯浅町湯浅1533-1","34.035823","135.181847"
"町民体育館","和歌山県湯浅町湯浅1546","34.034431","135.181609"
"湯浅小学校校舎","和歌山県湯浅町湯浅1570","34.034592","135.180905"
"湯浅小学校講堂","和歌山県湯浅町湯浅1570","34.035477","135.181419"
"湯浅小学校グラウンド","和歌山県湯浅町湯浅1570","34.03494","135.181046"
"湯浅中学校校舎","和歌山県湯浅町湯浅1815","34.040291","135.184213"
"湯浅中学校グラウンド","和歌山県湯浅町湯浅1815","34.039716","135.183847"
"湯浅中学校体育館","和歌山県湯浅町湯浅1815","34.039982","135.184733"
"Ｌ・ＶＡビル","和歌山県湯浅町湯浅1940-5","34.038452","135.18309"
"耐久高等学校校舎","和歌山県湯浅町湯浅1985","34.035802","135.18346"
"耐久高等学校武道館","和歌山県湯浅町湯浅1985","34.036155","135.184019"
"耐久高等学校体育館","和歌山県湯浅町湯浅1985","34.036206","135.184423"
"有田振興局駐車場","和歌山県湯浅町湯浅2355-1","34.039623","135.194098"
"湯浅スポーツセンター","和歌山県湯浅町湯浅2435-1","34.04178","135.181398"
"六角堂","和歌山県湯浅町湯浅2563","34.041006","135.177423"
"観光駐車場","和歌山県湯浅町湯浅2702","34.038442","135.175942"
"北栄北団地","和歌山県湯浅町湯浅2702-6","34.039162","135.175703"
"総合センター","和歌山県湯浅町湯浅2707-1","34.039089","135.176309"
"住山マンション東","和歌山県湯浅町湯浅2800","34.035215","135.172976"
"ビレッジハウス湯浅","和歌山県湯浅町湯浅2917-1","34.036581","135.171919"
"北の町老人憩の家","和歌山県湯浅町湯浅709-2","34.037485","135.176664"
"湯浅幼稚園","和歌山県湯浅町湯浅785","34.034991","135.177362"
"湯浅町水道事務所","和歌山県湯浅町別所331","34.027942","135.184088"
"天神山","和歌山県湯浅町別所59-8","34.033388","135.184072"
"ふれあいプラザ","和歌山県湯浅町別所61-1","34.032748","135.184749"
"太地町地域福祉センターなぎ","和歌山県那智勝浦町市屋1056-8","33.599357","135.927065"
"宇久井中学校","和歌山県那智勝浦町大字宇久井1073","33.658627","135.971255"
"湊地区津波避難タワー","和歌山県那智勝浦町大字宇久井1136","33.657535","135.968746"
"宇久井小学校","和歌山県那智勝浦町大字宇久井214","33.660666","135.971845"
"里地区津波避難タワー","和歌山県那智勝浦町大字宇久井385-84","33.656683","135.977074"
"県営住宅宇久井団地","和歌山県那智勝浦町大字宇久井498-1","33.657433","135.978561"
"介護老人保健施設ルピナス","和歌山県那智勝浦町大字宇久井714-3","33.659509","135.982901"
"宇久井ビジターセンター（周辺を含む）","和歌山県那智勝浦町大字宇久井830","33.65638","135.982826"
"海蔵寺","和歌山県那智勝浦町大字浦神315","33.56128","135.894619"
"近畿大学水産研究所浦神実験場","和歌山県那智勝浦町大字浦神468-3","33.558406","135.892199"
"下里天満地区津波避難タワー","和歌山県那智勝浦町大字下里2511","33.577899","135.930728"
"下里小学校","和歌山県那智勝浦町大字下里2862","33.575923","135.919456"
"下里中学校","和歌山県那智勝浦町大字下里480","33.58479","135.921167"
"東牟婁（下里）教職員住宅","和歌山県那智勝浦町大字下里560-1","33.583552","135.919955"
"下里地区津波避難タワー","和歌山県那智勝浦町大字下里909-2","33.580489","135.921826"
"色川小学校・色川中学校","和歌山県那智勝浦町大字口色川2486","33.67514","135.847878"
"市野々小学校","和歌山県那智勝浦町大字市野々2604","33.663241","135.910304"
"勝浦小学校緊急避難場所","和歌山県那智勝浦町大字勝浦","33.631227","135.946906"
"ビジネスホテルブルーハーバー","和歌山県那智勝浦町大字勝浦434-2","33.628052","135.945527"
"料理旅館　万清楼","和歌山県那智勝浦町大字勝浦448","33.627953","135.946096"
"椎ノ浦防災公園","和歌山県那智勝浦町大字勝浦583","33.629181","135.947733"
"勝浦小学校","和歌山県那智勝浦町大字勝浦816","33.631417","135.946755"
"川関インター入り口付近","和歌山県那智勝浦町大字川関","33.643926","135.931974"
"川関インター那智の郷側","和歌山県那智勝浦町大字川関","33.643943","135.928794"
"川関インター避難場所","和歌山県那智勝浦町大字川関１３０７－３地先","33.644108","135.928484"
"勝浦海産物センター","和歌山県那智勝浦町大字築地５丁目1-1","33.628048","135.942123"
"紀伊勝浦郵便局","和歌山県那智勝浦町大字築地７丁目10-1","33.625759","135.941467"
"勝浦漁港人工地盤","和歌山県那智勝浦町大字築地７丁目7","33.625543","135.942895"
"那智勝浦町商工会館","和歌山県那智勝浦町大字築地８丁目5-1","33.624715","135.94123"
"新宮信用金庫　勝浦支店","和歌山県那智勝浦町大字朝日２丁目165-3","33.628641","135.938549"
"ＮＴＴ那智勝浦別館ビル","和歌山県那智勝浦町大字朝日４丁目3","33.629509","135.941803"
"エステートウチダⅡ","和歌山県那智勝浦町大字朝日４丁目91","33.630883","135.938332"
"旭ヶ丘団地","和歌山県那智勝浦町大字天満","33.627475","135.936644"
"町立温泉病院駐車場","和歌山県那智勝浦町大字天満1185-4","33.626931","135.937454"
"駿田山","和歌山県那智勝浦町大字天満1294-1","33.628235","135.93544"
"福祉健康センター","和歌山県那智勝浦町大字天満1418-2","33.631915","135.934535"
"天満保育園","和歌山県那智勝浦町大字天満147","33.639385","135.932404"
"町民センター","和歌山県那智勝浦町大字天満1497","33.632648","135.935471"
"勝浦観光ホテル駐車場","和歌山県那智勝浦町大字天満1530","33.633202","135.933784"
"那智中学校","和歌山県那智勝浦町大字天満1693","33.638588","135.931188"
"天満公民館","和歌山県那智勝浦町大字天満199","33.637592","135.93365"
"天満倉庫","和歌山県那智勝浦町大字天満307","33.636466","135.933907"
"体育文化会館","和歌山県那智勝浦町大字天満441-8","33.635743","135.937722"
"天満地区津波避難タワー","和歌山県那智勝浦町大字天満468-1","33.635727","135.936034"
"在の内避難場所","和歌山県那智勝浦町大字湯川","33.627678","135.925354"
"パチンコ東京勝浦店立体駐車場（周辺を含む）","和歌山県那智勝浦町大字湯川897-96","33.623857","135.936733"
"太田小学校","和歌山県那智勝浦町大字南大居200","33.595988","135.888712"
"二河地区津波避難タワー","和歌山県那智勝浦町大字二河181-4","33.612163","135.922965"
"教育センター","和歌山県那智勝浦町大字二河75","33.611537","135.924987"
"小坂山","和歌山県那智勝浦町大字北浜","33.631218","135.942475"
"温泉民宿　小阪屋","和歌山県那智勝浦町大字北浜１丁目18","33.630806","135.943054"
"遍照寺","和歌山県日高川町大字愛川113-1","33.982164","135.383153"
"李公民館","和歌山県日高川町大字愛川388","33.992343","135.386744"
"愛川児童館","和歌山県日高川町大字愛川68-3","33.98133","135.38647"
"伊藤川会館","和歌山県日高川町大字伊藤川45-1","33.925051","135.253795"
"堂前会場","和歌山県日高川町大字下田原217","33.959191","135.317028"
"下田原集会所","和歌山県日高川町大字下田原261","33.958862","135.315545"
"下越方集会所","和歌山県日高川町大字皆瀬111","33.968548","135.357888"
"阿田木集会所","和歌山県日高川町大字皆瀬252-3","33.980439","135.363166"
"下阿田木神社","和歌山県日高川町大字皆瀬302","33.981065","135.362756"
"皆瀬公民館","和歌山県日高川町大字皆瀬546","33.985238","135.373986"
"打尾集会所","和歌山県日高川町大字皆瀬781-1","33.971822","135.377505"
"旧寒川保育園","和歌山県日高川町大字寒川120","33.954196","135.465212"
"寒川防災広場","和歌山県日高川町大字寒川120","33.954191","135.464952"
"寒川多目的施設","和歌山県日高川町大字寒川120","33.954088","135.465506"
"西ノ川集会所","和歌山県日高川町大字寒川1323-1","33.95985","135.461311"
"旧寒川第一小学校グラウンド","和歌山県日高川町大字寒川217","33.954784","135.469229"
"旧寒川第一小学校体育館","和歌山県日高川町大字寒川217","33.954997","135.469234"
"小薮川集会所","和歌山県日高川町大字寒川2230","33.958849","135.508701"
"寒川診療所","和歌山県日高川町大字寒川293-2","33.957856","135.466591"
"安楽寺","和歌山県日高川町大字寒川310","33.958535","135.466914"
"高野集会所","和歌山県日高川町大字寒川60-1","33.95411","135.460609"
"美山漕艇場","和歌山県日高川町大字串本2204","33.961989","135.397605"
"熊野川生活改善センター","和歌山県日高川町大字熊野川210-2","33.950814","135.365565"
"原日浦生活改善センター","和歌山県日高川町大字原日浦190-3","33.975599","135.335914"
"平岩集会所","和歌山県日高川町大字原日浦57-1","33.979242","135.352243"
"下玄子集会所","和歌山県日高川町大字玄子125-1","33.920032","135.21029"
"玄子集会所","和歌山県日高川町大字玄子581-1","33.92372","135.208715"
"高畑集会所","和歌山県日高川町大字江川1743-2","33.890261","135.238141"
"江川コミュニティ防災センター","和歌山県日高川町大字江川2086-1","33.889748","135.22714"
"旧江川小学校グラウンド","和歌山県日高川町大字江川2133","33.889357","135.22425"
"旧江川小学校体育館","和歌山県日高川町大字江川2133","33.88933","135.223794"
"下江川集会所","和歌山県日高川町大字江川217","33.888938","135.211626"
"丹生中学校体育館","和歌山県日高川町大字江川536","33.891234","135.220082"
"丹生中学校グラウンド","和歌山県日高川町大字江川536","33.890909","135.219824"
"中津荘","和歌山県日高川町大字高津尾1049","33.957843","135.294651"
"新田集会所","和歌山県日高川町大字高津尾1060","33.958363","135.287939"
"なかつ保育所","和歌山県日高川町大字高津尾1071","33.958467","135.286559"
"本郷集会所","和歌山県日高川町大字高津尾124-1","33.961607","135.288932"
"伊佐の川集会所","和歌山県日高川町大字高津尾1628-2","33.981897","135.280579"
"旧船着中学校体育館","和歌山県日高川町大字高津尾266","33.96037","135.291791"
"旧高津尾小学校防災広場","和歌山県日高川町大字高津尾267","33.960962","135.291379"
"日高川町役場中津支所","和歌山県日高川町大字高津尾29","33.960871","135.287827"
"広瀬集会所","和歌山県日高川町大字高津尾319-1","33.969468","135.292955"
"尾曽集会所","和歌山県日高川町大字高津尾685-1","33.959929","135.295541"
"日高川町地域交流センター","和歌山県日高川町大字高津尾718-3","33.959134","135.295416"
"中津温泉保養館","和歌山県日高川町大字高津尾852-1","33.948052","135.3003"
"淘汰寺","和歌山県日高川町大字高津尾90","33.96286","135.289564"
"中木集会所","和歌山県日高川町大字高津尾990-1","33.945485","135.297359"
"極楽寺","和歌山県日高川町大字佐井179","33.94267","135.292077"
"佐井集会所","和歌山県日高川町大字佐井212-1","33.941128","135.292394"
"佐井ゴルフ記念館","和歌山県日高川町大字佐井597-1","33.936666","135.287813"
"旧大星小学校グラウンド","和歌山県日高川町大字坂野川150","33.92818","135.292006"
"旧大星小学校体育館","和歌山県日高川町大字坂野川150","33.928492","135.292048"
"坂野川集会所","和歌山県日高川町大字坂野川194-1","33.929497","135.291266"
"山向寺","和歌山県日高川町大字坂野川256","33.928264","135.294099"
"旧老人憩いの家「望月荘」","和歌山県日高川町大字坂野川362-1","33.927615","135.295525"
"畑ヶ瀬集会所","和歌山県日高川町大字坂野川570-2","33.925369","135.307697"
"安楽寺","和歌山県日高川町大字三佐130","33.928317","135.313688"
"中津中学校体育館","和歌山県日高川町大字三佐19-2","33.930047","135.311202"
"中津中学校グラウンド","和歌山県日高川町大字三佐19-2","33.929423","135.311181"
"旧たちばな保育所","和歌山県日高川町大字三佐252-3","33.926149","135.311095"
"三佐集会所","和歌山県日高川町大字三佐296-2","33.926873","135.313179"
"三十井川集会所","和歌山県日高川町大字三十井川84-1","33.987705","135.3241"
"旧子十浦小学校体育館","和歌山県日高川町大字三十木155","33.973968","135.326992"
"旧子十浦小学校グラウンド","和歌山県日高川町大字三十木155","33.973465","135.326681"
"渓谷寺","和歌山県日高川町大字三十木33","33.971817","135.326353"
"西鶴記念交流館","和歌山県日高川町大字三十木95-1","33.971708","135.324307"
"三百瀬公民館","和歌山県日高川町大字三百瀬477-2","33.940194","135.243349"
"三百瀬小学校グラウンド","和歌山県日高川町大字三百瀬885-1","33.94141","135.247831"
"三百瀬小学校体育館","和歌山県日高川町大字三百瀬885-1","33.941512","135.24819"
"市川集会所","和歌山県日高川町大字山野1102","33.878125","135.25439"
"大滝川集会施設","和歌山県日高川町大字山野3040-2","33.897788","135.270083"
"三津川公民館","和歌山県日高川町大字山野3203-6","33.901947","135.254663"
"山野会館","和歌山県日高川町大字山野339-1","33.891958","135.247791"
"旧山野小学校体育館","和歌山県日高川町大字山野538","33.892346","135.247528"
"旧山野小学校グラウンド","和歌山県日高川町大字山野538","33.892475","135.247887"
"姉子集会所","和歌山県日高川町大字姉子136-5","33.974899","135.325606"
"蛇尾集会所","和歌山県日高川町大字蛇尾438-17","33.935575","135.219887"
"早蘇中学校体育館","和歌山県日高川町大字蛇尾476","33.93561","135.223102"
"早蘇中学校グラウンド","和歌山県日高川町大字蛇尾476","33.935321","135.223671"
"若野コミュニティセンター","和歌山県日高川町大字若野282","33.898057","135.199413"
"初湯川集会所","和歌山県日高川町大字初湯川1170-1","33.973261","135.40782"
"旧笠松小学校体育館","和歌山県日高川町大字初湯川158-1","33.961552","135.385984"
"旧笠松小学校グラウンド","和歌山県日高川町大字初湯川158-1","33.961521","135.385297"
"美山療養温泉館","和歌山県日高川町大字初湯川1587","33.967751","135.4226"
"猪谷集会所","和歌山県日高川町大字初湯川1587","33.967889","135.422836"
"猪谷パーク管理棟","和歌山県日高川町大字初湯川1751","33.967448","135.42148"
"愛徳荘","和歌山県日高川町大字初湯川202","33.959341","135.386338"
"特別養護老人ホーム美山の里","和歌山県日高川町大字初湯川213-1","33.957416","135.38218"
"平スポーツセンター","和歌山県日高川町大字初湯川213-223","33.960252","135.386617"
"平集会所","和歌山県日高川町大字初湯川213-293","33.960426","135.384857"
"愛口集会所","和歌山県日高川町大字初湯川33-3","33.958172","135.378301"
"笠松集会所","和歌山県日高川町大字初湯川526-1","33.955729","135.387007"
"林松寺","和歌山県日高川町大字初湯川533","33.956388","135.387138"
"小釜本集会所","和歌山県日高川町大字小釜本295-1","33.937808","135.320312"
"八幡神社","和歌山県日高川町大字小釜本388","33.940082","135.313146"
"長子集会所","和歌山県日高川町大字小釜本442","33.93828","135.311595"
"矢田コミュニティセンター","和歌山県日高川町大字小熊2508-1","33.913778","135.190409"
"川辺西小学校グラウンド","和歌山県日高川町大字小熊3141","33.910138","135.18722"
"川辺西小学校体育館","和歌山県日高川町大字小熊3141","33.910944","135.187276"
"小熊児童館","和歌山県日高川町大字小熊3396-2","33.907974","135.189662"
"日高川町防災センター","和歌山県日高川町大字小熊3774-1","33.908305","135.194518"
"かわべ保育所","和歌山県日高川町大字小熊6076","33.908592","135.197349"
"松瀬コミュニティセンター","和歌山県日高川町大字松瀬564-3","33.921023","135.216317"
"鐘巻会館","和歌山県日高川町大字鐘巻1469","33.916669","135.174181"
"上越方集会所","和歌山県日高川町大字上越方21-5","33.967513","135.359418"
"上初湯川ふれあいの家","和歌山県日高川町大字上初湯川723-11","33.995802","135.411368"
"上初湯川集会所","和歌山県日高川町大字上初湯川83","33.99522","135.410065"
"上田原集会所","和歌山県日高川町大字上田原202","33.961903","135.327124"
"日高高校中津分校体育館","和歌山県日高川町大字西原357","33.962795","135.28858"
"旧老人憩いの家「歳の神荘」","和歌山県日高川町大字西原384-3","33.963067","135.286708"
"西原集会所","和歌山県日高川町大字西原47-1","33.961017","135.286839"
"千津川福祉会館","和歌山県日高川町大字千津川4600-1","33.925946","135.18571"
"千津川コミュニティセンター","和歌山県日高川町大字千津川5136-1","33.930591","135.18214"
"美山中学校グラウンド","和歌山県日高川町大字川原河129","33.981731","135.365836"
"美山中学校体育館","和歌山県日高川町大字川原河129","33.981193","135.365889"
"日高川町保健福祉センター","和歌山県日高川町大字川原河264","33.982834","135.367625"
"美山小学校グラウンド","和歌山県日高川町大字川原河381","33.982787","135.371464"
"美山小学校体育館","和歌山県日高川町大字川原河381","33.982609","135.372011"
"浅間集会所","和歌山県日高川町大字浅間54","33.968343","135.368031"
"女性若者等交流活動支援施設","和歌山県日高川町大字船津1110-1","33.944502","135.265332"
"岡本集会所","和歌山県日高川町大字船津1315-2","33.952343","135.266539"
"中津小学校体育館","和歌山県日高川町大字船津1500","33.956981","135.272322"
"中津小学校グラウンド","和歌山県日高川町大字船津1507","33.956536","135.272907"
"特別養護老人ホーム白寿苑","和歌山県日高川町大字船津1664","33.958194","135.26869"
"上滝本集会所","和歌山県日高川町大字船津219-1","33.956922","135.277123"
"観音寺","和歌山県日高川町大字船津531","33.9581","135.269473"
"高齢者等活動生活支援促進施設","和歌山県日高川町大字船津554-1","33.957664","135.268413"
"小津茂集会所","和歌山県日高川町大字船津659-1","33.954519","135.264205"
"早藤集会所","和歌山県日高川町大字早藤100-4","33.924691","135.21247"
"川辺老人憩の家","和歌山県日高川町大字早藤444-1","33.925689","135.213649"
"大星ゲートボール場","和歌山県日高川町大字大又13","33.925901","135.293602"
"大又集会所","和歌山県日高川町大字大又224-6","33.923221","135.283815"
"滝頭集会所","和歌山県日高川町大字滝頭191-2","33.956456","135.37439"
"中津川農業会館","和歌山県日高川町大字中津川1128-1","33.932878","135.19965"
"旧役場川中支所","和歌山県日高川町大字田尻117-1","33.933195","135.313225"
"田尻集会所","和歌山県日高川町大字田尻169","33.93453","135.314288"
"旧川中第一小学校グラウンド","和歌山県日高川町大字田尻236","33.934833","135.315022"
"旧川中第一小学校体育館","和歌山県日高川町大字田尻236","33.935194","135.315537"
"大成中学校","和歌山県日高川町大字土生1228-2","33.914948","135.180002"
"大成中学校グラウンド","和歌山県日高川町大字土生1228-2","33.9142","135.179505"
"大成中学校体育館","和歌山県日高川町大字土生1228-2","33.91497","135.179967"
"日高川町保健センター","和歌山県日高川町大字土生160-2","33.912139","135.185615"
"土生１０班集会所","和歌山県日高川町大字土生529-9","33.920518","135.193777"
"土生会館","和歌山県日高川町大字土生715-3","33.914419","135.18406"
"藤野川会館","和歌山県日高川町大字藤野川128-4","33.931369","135.267308"
"入野集落センター","和歌山県日高川町大字入野360-1","33.910575","135.212474"
"下平川集会所","和歌山県日高川町大字平川175","33.93572","135.236102"
"光導寺","和歌山県日高川町大字平川210","33.936832","135.237028"
"平川生活改善センター","和歌山県日高川町大字平川447-1","33.944554","135.246657"
"吉子集会所","和歌山県日高川町大字平川828-2","33.944198","135.257386"
"弥谷公民館","和歌山県日高川町大字弥谷31","33.986596","135.359167"
"老星集会所","和歌山県日高川町大字老星141-1","33.92562","135.294939"
"南山陸上競技場","和歌山県日高川町大字和佐1030-90","33.886894","135.202811"
"南山若者センター","和歌山県日高川町大字和佐1030-90","33.887974","135.200103"
"南山野球場","和歌山県日高川町大字和佐1030-90","33.885501","135.201894"
"南山スポーツ公園管理棟","和歌山県日高川町大字和佐1030-90","33.886159","135.201393"
"川辺東小学校体育館","和歌山県日高川町大字和佐1550","33.89915","135.210214"
"川辺東小学校グラウンド","和歌山県日高川町大字和佐1550","33.898816","135.209779"
"かわべテニス公園","和歌山県日高川町大字和佐2095","33.895382","135.213708"
"かわべテニス公園屋内テニスコート","和歌山県日高川町大字和佐2095","33.896397","135.212968"
"和佐公民館","和歌山県日高川町大字和佐541-1","33.900381","135.209919"
"田杭集会所","和歌山県日高町大字阿尾1630","33.892228","135.068095"
"春日神社","和歌山県日高町大字阿尾1630","33.892385","135.068276"
"田杭柳谷高台","和歌山県日高町大字阿尾1801-2","33.892633","135.072061"
"阿尾後田高台　（光徳寺裏手）","和歌山県日高町大字阿尾435","33.903835","135.07099"
"白鬚神社","和歌山県日高町大字阿尾532","33.904407","135.071303"
"阿尾尾崎高台","和歌山県日高町大字阿尾540-1","33.905358","135.071741"
"ひだか博愛園「みちしお」","和歌山県日高町大字阿尾646","33.905204","135.068462"
"中紀地域職業訓練センター","和歌山県日高町大字荊木310","33.921245","135.150086"
"荊木公民館","和歌山県日高町大字荊木797-2","33.923341","135.151499"
"光明寺","和歌山県日高町大字原谷363","33.960018","135.152054"
"内原保育所","和歌山県日高町大字原谷517","33.961876","135.15772"
"高家集会所（南）","和歌山県日高町大字高家1031-4","33.917922","135.141179"
"高家集会所（北）","和歌山県日高町大字高家469-1","33.927714","135.136905"
"中央公民館","和歌山県日高町大字高家629","33.926013","135.140325"
"農村環境改善センター","和歌山県日高町大字高家630","33.926255","135.140836"
"高家住民公園","和歌山県日高町大字高家913-2","33.917887","135.137602"
"産湯集会所","和歌山県日高町大字産湯163","33.912137","135.084288"
"産湯八幡神社","和歌山県日高町大字産湯313","33.911607","135.087344"
"下志賀コミュニティセンター","和歌山県日高町大字志賀1018-1","33.921377","135.119051"
"志賀保育所","和歌山県日高町大字志賀1781","33.922759","135.110051"
"武道館","和歌山県日高町大字志賀1781","33.922697","135.110829"
"志賀小学校","和歌山県日高町大字志賀1800","33.92334","135.114613"
"久志集会所","和歌山県日高町大字志賀2722-2","33.927655","135.100403"
"上志賀青年会場","和歌山県日高町大字志賀3486","33.935616","135.102503"
"善宗寺","和歌山県日高町大字志賀3852","33.94713","135.094101"
"沙攫神社","和歌山県日高町大字志賀4001","33.946923","135.096977"
"文化会館","和歌山県日高町大字志賀564-1","33.919099","135.126958"
"日高中学校","和歌山県日高町大字志賀71","33.9222","135.12614"
"志賀王子神社","和歌山県日高町大字志賀901","33.917103","135.124443"
"谷口住民公園","和歌山県日高町大字志賀902-1","33.917862","135.123996"
"御霊神社","和歌山県日高町大字小浦174","33.928816","135.077113"
"小浦公民館","和歌山県日高町大字小浦174","33.928541","135.077237"
"小浦峠高台","和歌山県日高町大字小浦619-1","33.933457","135.081329"
"小池集会所","和歌山県日高町大字小池450","33.906959","135.128346"
"西福寺","和歌山県日高町大字小池754","33.909107","135.127674"
"ふれあいセンター","和歌山県日高町大字小中1308","33.924699","135.126263"
"小中集会所","和歌山県日高町大字小中787-1","33.923035","135.132048"
"小中住民公園","和歌山県日高町大字小中869-1","33.924755","135.133416"
"来迎寺","和歌山県日高町大字池田341","33.942265","135.133755"
"若もの広場","和歌山県日高町大字池田451","33.945299","135.127835"
"萩原住民公園","和歌山県日高町大字萩原387-2","33.927762","135.150742"
"萩原公民館","和歌山県日高町大字萩原551-1","33.929044","135.147972"
"萩原集会所","和歌山県日高町大字萩原768-1","33.929338","135.146618"
"内原小学校","和歌山県日高町大字萩原964","33.930552","135.141647"
"比井斎場付近高台","和歌山県日高町大字比井1414-49","33.916892","135.083899"
"比井八王子原高台　（天然寺裏手）","和歌山県日高町大字比井156-2","33.919246","135.079023"
"比井唐子谷高台","和歌山県日高町大字比井220","33.919855","135.078128"
"比井北谷高台　（一行寺裏手）","和歌山県日高町大字比井366","33.919852","135.07975"
"比井後谷高台　（長覚寺裏手）","和歌山県日高町大字比井639","33.921088","135.081394"
"比井崎体育館","和歌山県日高町大字比井963-1","33.922182","135.083312"
"比井若一王子神社","和歌山県日高町大字比井992","33.922305","135.084524"
"温泉館みちしおの湯","和歌山県日高町大字方杭100","33.938406","135.087046"
"若宮神社","和歌山県日高町大字方杭165","33.939951","135.087849"
"東白浜地区１５（綱ゲートボール場付近）","和歌山県白浜町1068-1","33.68645","135.351572"
"東白浜地区４（松の木地蔵）","和歌山県白浜町1073-10","33.688312","135.351007"
"東白浜地区３（奉公浦サニーヒル）","和歌山県白浜町1073-10","33.690856","135.353335"
"東白浜地区１７（共同墓地・ゲートボール場）","和歌山県白浜町1073-3","33.688136","135.349909"
"白浜地区２","和歌山県白浜町1104-4","33.687298","135.348536"
"白浜地区３（常喜院敷地）","和歌山県白浜町1127","33.686146","135.350338"
"東白浜地区１（福菱ビル）","和歌山県白浜町1279-3","33.683998","135.354254"
"白浜地区８","和歌山県白浜町1315-2","33.683881","135.348123"
"白浜地区７","和歌山県白浜町1369-8","33.683765","135.346117"
"白浜地区９（白浜中央保健センター敷地）","和歌山県白浜町1434-2","33.681223","135.348584"
"白浜地区１０（白浜はまゆう病院裏駐車場）","和歌山県白浜町1434-3","33.681741","135.349764"
"瀬戸地区６（ラメール白浜）","和歌山県白浜町156-1","33.690489","135.351288"
"湯崎地区２","和歌山県白浜町1600","33.678174","135.348152"
"湯崎地区３（ホテルシーモア駐車場）","和歌山県白浜町1729-21","33.67525","135.337801"
"瀬戸地区４（白浜第一小学校敷地）","和歌山県白浜町190","33.690123","135.347948"
"湯崎地区１（白浜第二小学校敷地）","和歌山県白浜町2234-1","33.675455","135.34559"
"瀬戸地区８（江津良初期避難場所）","和歌山県白浜町259","33.69238","135.348392"
"東白浜地区６（白浜中学校敷地）","和歌山県白浜町2613","33.680042","135.352828"
"東白浜地区２０","和歌山県白浜町3031-11","33.678586","135.363254"
"東白浜地区１３","和歌山県白浜町3031-14","33.676863","135.3653"
"東白浜地区１４","和歌山県白浜町3031-217","33.67782","135.364356"
"東白浜地区２１","和歌山県白浜町3031-86","33.675863","135.37003"
"東白浜地区１２（白浜なぎさホーム）","和歌山県白浜町3148-38","33.676818","135.363498"
"東白浜地区１０","和歌山県白浜町3150-6","33.677376","135.36189"
"東白浜地区１９","和歌山県白浜町3154-1","33.678786","135.360777"
"東白浜地区１１（修心院金閣寺敷地）","和歌山県白浜町3183","33.673229","135.358691"
"東白浜地区８（コガノイベイホテル敷地）","和歌山県白浜町3212-1","33.682331","135.357695"
"東白浜地区７（デイサービースセンターぱる敷地）","和歌山県白浜町3249-15","33.677684","135.353956"
"東白浜地区１８","和歌山県白浜町3295-1","33.682253","135.351947"
"瀬戸地区１（熊野三所神社敷地）","和歌山県白浜町3315","33.68568","135.342904"
"白浜地区４","和歌山県白浜町3340-40","33.684436","135.351231"
"白浜地区５","和歌山県白浜町3340-7","33.685574","135.351161"
"瀬戸地区３","和歌山県白浜町3475","33.687528","135.346648"
"白浜地区６","和歌山県白浜町3499","33.6858","135.34646"
"瀬戸地区２","和歌山県白浜町3504","33.685966","135.34565"
"瀬戸地区５（民宿まるき別館）","和歌山県白浜町3600-5","33.692475","135.340355"
"瀬戸地区９（番所山）","和歌山県白浜町3601-1","33.693446","135.335817"
"東白浜地区５（阪田町内会初期避難場所）","和歌山県白浜町3715-54","33.691017","135.353003"
"東白浜地区１６（ホテル川久）","和歌山県白浜町3745-2","33.68868","135.357483"
"東白浜地区２（ネピアル白浜）","和歌山県白浜町3773-17","33.688036","135.358251"
"白浜地区１（共同墓地）","和歌山県白浜町970","33.688014","135.349389"
"瀬戸地区７（共同墓地）","和歌山県白浜町972","33.688666","135.349346"
"安宅地区２（安楽寺敷地）","和歌山県白浜町安宅386","33.581638","135.474521"
"安宅地区１（住民交流センター敷地）","和歌山県白浜町安宅464-1","33.578484","135.469576"
"安宅地区４（安宅観音敷地）","和歌山県白浜町安宅493-1","33.577141","135.46759"
"安宅地区６（宝谷避難場所）","和歌山県白浜町安宅749","33.581481","135.476785"
"安宅地区３（開墾地）","和歌山県白浜町安宅763","33.580966","135.466722"
"栄地区１","和歌山県白浜町栄118-11","33.655719","135.394289"
"塩野地区２（塩野薬師敷地）","和歌山県白浜町塩野116","33.568293","135.459722"
"塩野地区４（日置川ごみ焼却場敷地）","和歌山県白浜町塩野2119-4","33.561823","135.452"
"塩野地区１（塩野青年会館奥）","和歌山県白浜町塩野25","33.570336","135.46116"
"塩野地区６（県道日置川すさみ線）","和歌山県白浜町塩野431-2","33.551097","135.450438"
"塩野地区３（生駒神社敷地）","和歌山県白浜町塩野477","33.555316","135.460653"
"塩野地区５（県道日置川すさみ線）","和歌山県白浜町塩野503-7","33.551845","135.461347"
"堅田地区２（聖福寺敷地）","和歌山県白浜町堅田1211","33.669846","135.385896"
"堅田地区１２","和歌山県白浜町堅田1370-1","33.674537","135.385986"
"堅田地区１０","和歌山県白浜町堅田1465","33.676597","135.386444"
"堅田地区３（上観音敷地）","和歌山県白浜町堅田1507","33.67978","135.387668"
"堅田地区１８","和歌山県白浜町堅田2260","33.684242","135.373125"
"堅田地区４（櫛ヶ峯集会所敷地）","和歌山県白浜町堅田2399-469","33.676216","135.376324"
"堅田地区１７","和歌山県白浜町堅田2399-9","33.677425","135.377549"
"堅田地区１（西越集会所敷地）","和歌山県白浜町堅田2487-6","33.677831","135.380077"
"堅田地区１９（白浜サニービーチ多目的広場）","和歌山県白浜町堅田2500-361","33.680492","135.371375"
"堅田地区１６","和歌山県白浜町堅田2525-1","33.681447","135.378882"
"堅田地区２０","和歌山県白浜町堅田2559-3","33.68772","135.379465"
"堅田地区２１","和歌山県白浜町堅田2566-2","33.689578","135.380764"
"堅田地区１５（白浜ビーチゴルフ倶楽部敷地）","和歌山県白浜町堅田2577-1","33.682986","135.380917"
"堅田地区１４","和歌山県白浜町堅田2584-2","33.678056","135.385354"
"堅田地区１３","和歌山県白浜町堅田2588-1","33.677442","135.385396"
"堅田地区１１","和歌山県白浜町堅田2613","33.684595","135.386361"
"堅田地区８（玉彦神社敷地）","和歌山県白浜町堅田2747","33.667008","135.388611"
"堅田地区９（五月ヶ丘）","和歌山県白浜町堅田374-2","33.671267","135.389681"
"堅田地区７（東の公園）","和歌山県白浜町堅田464","33.669103","135.389118"
"堅田地区５","和歌山県白浜町堅田934","33.668142","135.381979"
"堅田地区６","和歌山県白浜町堅田973-1","33.668021","135.383861"
"才野地区８","和歌山県白浜町才野1239","33.658565","135.379639"
"才野地区１３（花卉団地）","和歌山県白浜町才野1304-1","33.663171","135.379542"
"才野地区４","和歌山県白浜町才野1529","33.656777","135.364125"
"才野地区６","和歌山県白浜町才野1640-153","33.656916","135.377535"
"才野地区５","和歌山県白浜町才野1640-63","33.661256","135.379417"
"才野地区７","和歌山県白浜町才野1647","33.657147","135.378417"
"才野地区９","和歌山県白浜町才野1657","33.658704","135.382215"
"才野地区１４","和歌山県白浜町才野1683-1","33.660231","135.390604"
"才野地区３","和歌山県白浜町才野1692","33.653709","135.383299"
"才野地区１０（熊野神社敷地）","和歌山県白浜町才野1757-1","33.653096","135.381042"
"才野地区２","和歌山県白浜町才野1757-1","33.660041","135.38775"
"才野地区１１","和歌山県白浜町才野1758-7","33.654884","135.38416"
"才野地区１２（西富田小学校敷地）","和歌山県白浜町才野47","33.663096","135.386722"
"平間地区１（満願寺敷地）","和歌山県白浜町十九渕100-2","33.662631","135.400286"
"十九渕地区２（小倉山）","和歌山県白浜町十九渕1152-8","33.649549","135.405722"
"十九渕地区１（加勝寺敷地）","和歌山県白浜町十九渕690","33.649745","135.413556"
"大古地区２（アンソレイユ日置敷地）","和歌山県白浜町大古13","33.57991","135.459095"
"大古地区１（長寿寺敷地）","和歌山県白浜町大古144-1","33.578672","135.460372"
"大古地区６（山崎前避難場所）","和歌山県白浜町大古768-2","33.579196","135.456688"
"大古地区５（秋葉山避難場所）","和歌山県白浜町大古799","33.574479","135.454771"
"大古地区４（瀬田谷避難場所）","和歌山県白浜町大古804","33.573328","135.452736"
"中地区２（中地区津波避難タワー）","和歌山県白浜町中1-9","33.64474","135.392257"
"中地区１（シニア共和国シャングリラ敷地）","和歌山県白浜町中1700-2","33.652714","135.384639"
"中地区３（中地区津波避難ビル）","和歌山県白浜町中283-1","33.646928","135.391769"
"椿地区２","和歌山県白浜町椿1010-76","33.606991","135.398486"
"椿地区７","和歌山県白浜町椿1043","33.606887","135.393417"
"椿地区６","和歌山県白浜町椿1045","33.60684","135.3925"
"椿地区１０","和歌山県白浜町椿1056-7","33.604468","135.390556"
"椿地区１１","和歌山県白浜町椿1056-7","33.604178","135.391056"
"椿地区９（プレジデント椿駐車場）","和歌山県白浜町椿1057-3","33.60515","135.389583"
"椿地区８（玉椿センチュリーマンション前）","和歌山県白浜町椿454-1","33.607951","135.389931"
"椿地区４","和歌山県白浜町椿733","33.618275","135.399736"
"椿地区３","和歌山県白浜町椿836-3","33.618993","135.394319"
"椿地区５","和歌山県白浜町椿918","33.614086","135.398583"
"椿地区１（稲荷神社敷地）","和歌山県白浜町椿978","33.608912","135.395167"
"田野井地区２（旧田野井小学校敷地）","和歌山県白浜町田野井524","33.593718","135.450165"
"田野井地区１（田野井会館敷地）","和歌山県白浜町田野井544","33.593454","135.44826"
"田野井地区３（天徳寺敷地）","和歌山県白浜町田野井936","33.595856","135.449123"
"内ノ川地区２（北富田小学校敷地）","和歌山県白浜町内ノ川579","33.673542","135.409056"
"内ノ川地区１（林翁寺敷地）","和歌山県白浜町内ノ川662","33.673704","135.411181"
"内ノ川地区３（内ノ川ふれあい会館敷地）","和歌山県白浜町内ノ川918-7","33.676701","135.418389"
"日置地区４（日置地区津波避難タワー）","和歌山県白浜町日置109-5","33.567451","135.446754"
"志原地区２（裏山）","和歌山県白浜町日置1157","33.577459","135.429528"
"志原地区３（春日神社敷地）","和歌山県白浜町日置1185","33.578866","135.430958"
"市江地区３（目戸地区裏山）","和歌山県白浜町日置1360","33.58662","135.405903"
"市江地区２（市江地蔵尊敷地）","和歌山県白浜町日置1448","33.589387","135.405319"
"市江地区１（市江崎灯台への道）","和歌山県白浜町日置1585","33.590012","135.402569"
"笠甫地区１（裏山）","和歌山県白浜町日置1780","33.581678","135.417972"
"笠甫地区２（太平洋岸自転車道）","和歌山県白浜町日置1831","33.580637","135.419833"
"志原地区４（太平洋岸自転車道）","和歌山県白浜町日置1879-1","33.572859","135.427306"
"志原地区５（パイロット登り口）","和歌山県白浜町日置2029","33.574965","135.430868"
"志原地区６（特別養護老人ホーム　白浜日置の郷）","和歌山県白浜町日置2037","33.572468","135.429733"
"日置地区１（村島避難場所）","和歌山県白浜町日置2039","33.569666","135.433992"
"日置地区３（松原避難場所）","和歌山県白浜町日置2042-31","33.569549","135.437757"
"日置地区２（寺山避難場所）","和歌山県白浜町日置2059-1","33.56695","135.442938"
"大古地区３（梵音寺付近）","和歌山県白浜町日置804-6","33.57048","135.451472"
"日置地区５（日置地区津波避難ビル）","和歌山県白浜町日置849","33.564821","135.444895"
"富田地区３（草堂寺横）","和歌山県白浜町富田1220","33.641713","135.407611"
"富田地区４","和歌山県白浜町富田1270","33.639954","135.405347"
"富田地区１２（軽費老人ホーム　ケアハウス南紀）","和歌山県白浜町富田1360-20","33.63869","135.39922"
"富田地区２","和歌山県白浜町富田1417-2","33.639583","135.402708"
"富田地区１１","和歌山県白浜町富田1629-1","33.624803","135.400028"
"富田地区７","和歌山県白浜町富田1645-2","33.631204","135.400542"
"富田地区８","和歌山県白浜町富田1647-1","33.628947","135.400389"
"富田地区５","和歌山県白浜町富田1677-2","33.634676","135.399361"
"富田地区６","和歌山県白浜町富田1686-1","33.631574","135.398083"
"富田地区９","和歌山県白浜町富田1701-1","33.637442","135.396292"
"富田地区１０（飛鳥神社敷地）","和歌山県白浜町富田1752","33.642882","135.406819"
"富田地区１３（富田地区津波避難タワー）","和歌山県白浜町富田980-1","33.643712","135.40417"
"平地区５","和歌山県白浜町平1148-2","33.67037","135.399875"
"平地区６","和歌山県白浜町平1161","33.667083","135.398333"
"平地区７","和歌山県白浜町平1184","33.666505","135.396514"
"平地区４","和歌山県白浜町平354","33.668426","135.400472"
"平地区１（平老人憩いの家敷地）","和歌山県白浜町平545-1","33.673299","135.404583"
"平地区３","和歌山県白浜町平600-3","33.670486","135.403306"
"平地区２","和歌山県白浜町平649-1","33.671285","135.404014"
"保呂地区１（清掃センター敷地）","和歌山県白浜町保呂749","33.682022","135.420681"
"安宅地区５（八幡神社敷地）","和歌山県白浜町矢田18","33.581725","135.46416"
"矢田地区２（宝勝寺敷地）","和歌山県白浜町矢田423","33.586227","135.463854"
"矢田地区１（裏山）","和歌山県白浜町矢田602-1","33.583003","135.45841"
"ひまわりこども園","和歌山県美浜町吉原602-1","33.893571","135.139289"
"松原地区公民館","和歌山県美浜町吉原771-4","33.889772","135.144658"
"松原小学校","和歌山県美浜町吉原774-5","33.888818","135.144761"
"松洋中学校","和歌山県美浜町吉原958","33.890684","135.136837"
"三尾高台１５","和歌山県美浜町三尾1045","33.892102","135.082377"
"三尾高台１４","和歌山県美浜町三尾1057","33.892311","135.082243"
"三尾高台１３","和歌山県美浜町三尾1107","33.893977","135.082345"
"三尾高台１２","和歌山県美浜町三尾1703-1","33.893415","135.078182"
"三尾高台１１","和歌山県美浜町三尾1798-5","33.894017","135.076321"
"三尾高台９","和歌山県美浜町三尾1920-1","33.890307","135.075742"
"三尾高台１０","和歌山県美浜町三尾1936-1","33.892952","135.074733"
"三尾高台２","和歌山県美浜町三尾216-18","33.890615","135.088568"
"三尾高台６","和歌山県美浜町三尾291","33.888851","135.087323"
"三尾高台７","和歌山県美浜町三尾332","33.887996","135.085333"
"三尾高台４","和歌山県美浜町三尾57","33.889337","135.095477"
"三尾高台８","和歌山県美浜町三尾601-8","33.889956","135.086063"
"三尾高台１","和歌山県美浜町三尾629","33.891309","135.087871"
"三尾高台３","和歌山県美浜町三尾77","33.889817","135.092339"
"三尾高台１６","和歌山県美浜町三尾772-2","33.891968","135.085398"
"旧三尾小学校","和歌山県美浜町三尾778","33.891938","135.086433"
"三尾高台５","和歌山県美浜町三尾93-17","33.888437","135.090987"
"松原高台","和歌山県美浜町大字吉原958-267","33.885892","135.148275"
"美浜合同宿舎","和歌山県美浜町大字吉原98-2","33.888911","135.147717"
"上田井地区高台","和歌山県美浜町大字田井112-1","33.896618","135.144406"
"上田井地区津波避難タワー","和歌山県美浜町大字田井321-3","33.891736","135.147478"
"コーポ美浜","和歌山県美浜町大字田井435","33.885874","135.151419"
"田井畑地区津波避難タワー","和歌山県美浜町大字田井462-6","33.884926","135.151193"
"独立行政法人国立病院機構和歌山病院","和歌山県美浜町大字和田1138","33.892768","135.134574"
"養護老人ホームときわ寮","和歌山県美浜町大字和田1138-180","33.893106","135.124264"
"ＷＡＹ美浜店","和歌山県美浜町田井426-2","33.88634","135.151766"
"田井畑コミュニティーセンター","和歌山県美浜町田井462-4","33.884877","135.151198"
"浜ノ瀬地区津波避難タワー","和歌山県美浜町浜ノ瀬24-6","33.881225","135.152851"
"浜ノ瀬避難タワー","和歌山県美浜町浜ノ瀬71","33.880372","135.151759"
"和田小学校","和歌山県美浜町和田1138-176","33.895399","135.13164"
"美浜町役場","和歌山県美浜町和田1138-278","33.893806","135.133262"
"美浜町地域福祉センター","和歌山県美浜町和田1138-326","33.893792","135.134048"
"今池周辺","和歌山県美浜町和田1471-1","33.902947","135.128752"
"下池付近高台","和歌山県美浜町和田1524","33.900903","135.127715"
"上ノ池周辺","和歌山県美浜町和田1560","33.899554","135.126184"
"谷口川砂防ダム周辺","和歌山県美浜町和田1704","33.898196","135.12391"
"本の脇高台３","和歌山県美浜町和田1802","33.896564","135.119746"
"本の脇高台１","和歌山県美浜町和田2038","33.895629","135.115664"
"本の脇高台２","和歌山県美浜町和田2062","33.895918","135.116962"
"カンフォータブル一番館","和歌山県美浜町和田2102-1","33.903723","135.143826"
"ホテルグリーンヒル美浜","和歌山県美浜町和田2193","33.90321","135.143328"
"入山高台５","和歌山県美浜町和田2640","33.915112","135.134895"
"入山高台６","和歌山県美浜町和田2754","33.913758","135.140919"
"入山高台２","和歌山県美浜町和田2907","33.904672","135.140023"
"入山高台８","和歌山県美浜町和田2933","33.90485","135.141102"
"三宝寺周辺","和歌山県美浜町和田2957","33.906862","135.14154"
"入山高台３","和歌山県美浜町和田3026-1","33.905971","135.140406"
"入山高台４","和歌山県美浜町和田3120","33.911755","135.138001"
"入山高台７","和歌山県美浜町和田3237","33.908207","135.143451"
"入山高台１","和歌山県美浜町和田3265","33.904297","135.139805"
"下尾井区民会館","和歌山県北山村大字下尾井266-2","33.940073","135.948402"
"七色区民会館","和歌山県北山村大字七色179","33.969361","135.989057"
"小松集会所","和歌山県北山村大字小松17","33.917714","135.932172"
"北山村村民会館","和歌山県北山村大字大沼66","33.931541","135.968145"
"大沼区民会館","和歌山県北山村大字大沼75","33.931566","135.967523"
"竹原区","和歌山県北山村大字竹原337","33.963355","135.973604"
"宮原小学校運動場","和歌山県有田市宮原町新町1","34.079213","135.172408"
"宮原小学校","和歌山県有田市宮原町新町1","34.078878","135.17232"
"箕島高校宮原校舎運動場","和歌山県有田市宮原町新町416","34.074951","135.178226"
"ふるさとの川総合公園","和歌山県有田市宮原町滝川原635","34.07876","135.160605"
"福祉館なごみ","和歌山県有田市宮原町東215","34.080918","135.178387"
"河南地区避難拠点地","和歌山県有田市宮崎町1052-13","34.072755","135.116604"
"田鶴小学校","和歌山県有田市宮崎町2131","34.077187","135.097276"
"田鶴小学校運動場","和歌山県有田市宮崎町2131","34.077154","135.097593"
"マツゲン有田球場","和歌山県有田市宮崎町2497-2","34.075058","135.091451"
"港小学校","和歌山県有田市港町261","34.090936","135.109633"
"港小学校運動場","和歌山県有田市港町261","34.090577","135.10995"
"県営住宅港団地","和歌山県有田市港町793-13","34.089809","135.103918"
"糸我小学校","和歌山県有田市糸我町中番330","34.067558","135.177085"
"糸我小学校運動場","和歌山県有田市糸我町中番330","34.067723","135.17671"
"有田市民体育館","和歌山県有田市初島町浜1756-5","34.09195","135.106359"
"初島小学校運動場","和歌山県有田市初島町里1242","34.098934","135.118545"
"初島小学校","和歌山県有田市初島町里1242","34.099135","135.118341"
"竹田グラウンド","和歌山県有田市初島町里1266-1","34.098943","135.122272"
"和歌山医療スポーツ専門学校（旧初島中学校）","和歌山県有田市初島町里1350-1","34.100233","135.122938"
"和歌山医療スポーツ専門学校（旧初島中学校）運動場","和歌山県有田市初島町里1350-1","34.100126","135.122299"
"河北地区避難拠点地","和歌山県有田市初島町里2409-1","34.090366","135.114517"
"保田小学校運動場","和歌山県有田市辻堂474","34.07859","135.146023"
"保田小学校","和歌山県有田市辻堂474","34.078158","135.145954"
"箕島小学校","和歌山県有田市箕島155","34.084755","135.122958"
"箕島小学校運動場","和歌山県有田市箕島155","34.084437","135.122807"
"文化福祉センター","和歌山県有田市箕島27","34.083697","135.124351"
"箕島高校運動場","和歌山県有田市箕島55","34.083088","135.130117"
"有和中学校運動場","和歌山県有田市箕島79","34.083782","135.126212"
"有和中学校","和歌山県有田市箕島79","34.083813","135.125358"
"トーヨーカネツ（株）和歌山工場","和歌山県有田市野460","34.078583","135.134116"
"町民多目的グラウンド","和歌山県有田川町熊井726-9","34.036544","135.195809"
"粟生小学校体育館","和歌山県有田川町大字粟生429","34.047909","135.342128"
"粟生住民センター","和歌山県有田川町大字粟生446-2","34.048099","135.34379"
"田殿小学校体育館","和歌山県有田川町大字井口47-1","34.078402","135.214484"
"井谷コミュニティセンター","和歌山県有田川町大字井谷170","34.111866","135.480557"
"石垣公民館宇井苔分館","和歌山県有田川町大字宇井苔216-1","34.014931","135.334933"
"遠井コミュニティセンター","和歌山県有田川町大字遠井443","34.108752","135.399908"
"押手活性館","和歌山県有田川町大字押手336-2","34.126345","135.507642"
"吉備中学校体育館","和歌山県有田川町大字下津野1241-3","34.061995","135.213375"
"きびドーム","和歌山県有田川町大字下津野2021","34.057546","135.217457"
"有田中央高校体育館","和歌山県有田川町大字下津野459","34.066339","135.216924"
"下湯川ふるさと村施設","和歌山県有田川町大字下湯川742-1","34.060241","135.449923"
"釜中地区集会所","和歌山県有田川町大字釜中318","34.09399","135.244371"
"有田東急ゴルフ場","和歌山県有田川町大字釜中423-12","34.11088","135.235014"
"石垣公民館","和歌山県有田川町大字吉原1421-1","34.042751","135.256336"
"石垣中学校体育館","和歌山県有田川町大字吉原1604","34.041903","135.254464"
"石垣小学校体育館","和歌山県有田川町大字吉原792-1","34.0492","135.252659"
"久野原小学校体育館","和歌山県有田川町大字久野原1235","34.096786","135.452337"
"宮川地区集会所","和歌山県有田川町大字宮川647","34.101688","135.43299"
"境川コミュニティセンター","和歌山県有田川町大字境川313","34.082071","135.387112"
"鳥屋城小学校体育館","和歌山県有田川町大字金屋647","34.066259","135.250499"
"金屋文化保健センター","和歌山県有田川町大字金屋7","34.064047","135.254182"
"熊井ゲートボール場","和歌山県有田川町大字熊井","34.043085","135.2011"
"三瀬川消防詰所","和歌山県有田川町大字三瀬川340","34.063863","135.386979"
"三瀬川コミュニティセンター","和歌山県有田川町大字三瀬川86-1","34.066005","135.388222"
"三田活性化センター","和歌山県有田川町大字三田461-2","34.09323","135.417486"
"糸川地区集会所","和歌山県有田川町大字糸川77","34.029843","135.260375"
"生石公民館","和歌山県有田川町大字糸野302-1","34.070481","135.245525"
"旧修理川小学校","和歌山県有田川町大字修理川694-1","34.032708","135.29117"
"かなや明恵峡温泉","和歌山県有田川町大字修理川81-3","34.037558","135.273703"
"小川小学校体育館","和歌山県有田川町大字小川610","34.072755","135.26766"
"御霊地区コミュニティセンター","和歌山県有田川町大字庄32-4","34.064988","135.240225"
"御霊小学校体育館","和歌山県有田川町大字庄35","34.063594","135.2418"
"きび体育館","和歌山県有田川町大字庄814","34.070826","135.23275"
"沼区民センター","和歌山県有田川町大字沼1415","34.101188","135.386582"
"沼谷地区集会所","和歌山県有田川町大字沼谷274","34.131694","135.468337"
"清水公民館上湯川分館","和歌山県有田川町大字上湯川426-1","34.063658","135.496099"
"旧上六川小学校","和歌山県有田川町大字上六川136","34.096304","135.254895"
"杉野原活性化センター","和歌山県有田川町大字杉野原862-2","34.117842","135.50275"
"旧北小学校","和歌山県有田川町大字瀬井629","34.112625","135.290049"
"有田中央高校清水分校体育館","和歌山県有田川町大字清水1028","34.087822","135.433974"
"小峠活性化センター","和歌山県有田川町大字清水127-3","34.092116","135.423307"
"八幡小学校体育館","和歌山県有田川町大字清水274-1","34.085751","135.428102"
"旧生石小学校体育館","和歌山県有田川町大字生石41","34.092678","135.323072"
"西ケ峯小学校体育館","和歌山県有田川町大字西ケ峯1489","34.093626","135.278356"
"岩倉公民館","和歌山県有田川町大字川口1001-1","34.053024","135.319771"
"川口地区集会所","和歌山県有田川町大字川口213","34.048199","135.313572"
"五郷地区生活改善センター","和歌山県有田川町大字川合247","34.050253","135.388823"
"大蔵コミュニティセンター","和歌山県有田川町大字大蔵112","34.117421","135.450768"
"谷地区集会所","和歌山県有田川町大字谷262-2","34.070658","135.329383"
"鳥屋城公民館","和歌山県有田川町大字中井原154","34.06386","135.25491"
"金屋中学校体育館","和歌山県有田川町大字中井原252","34.064084","135.259882"
"五郷地区コミュニティセンター","和歌山県有田川町大字中原465","34.048203","135.385688"
"クリーンセンター","和歌山県有田川町大字長谷川1552-137","34.058533","135.302356"
"藤並小学校体育館","和歌山県有田川町大字天満439-1","34.061073","135.207612"
"東大谷生活改善センター","和歌山県有田川町大字東大谷130","34.072474","135.348682"
"楠本小学校体育館（楠本区民センター）","和歌山県有田川町大字楠本149-2","34.099414","135.365154"
"城山公民館","和歌山県有田川町大字二川361","34.070193","135.357013"
"二澤地区集会所","和歌山県有田川町大字二澤40-1","34.050409","135.39574"
"日物川コミュニティセンター","和歌山県有田川町大字日物川566-3","34.075906","135.370267"
"安諦中学校体育館","和歌山県有田川町大字板尾138-1","34.120253","135.494205"
"安諦地区基幹集落センター","和歌山県有田川町大字板尾219-3","34.119272","135.490469"
"旧早月小学校体育館","和歌山県有田川町大字尾上13-1","34.082594","135.317486"
"五西月小学校体育館","和歌山県有田川町大字本堂252-2","34.091121","135.290278"
"立石地区集会所","和歌山県有田川町大字立石610","34.066496","135.310688"
"教専寺","和歌山県由良町阿戸244","33.954586","135.113651"
"町営住宅阿戸団地集会所","和歌山県由良町阿戸281","33.953656","135.115339"
"阿戸葦原会会場","和歌山県由良町阿戸366","33.955529","135.114541"
"阿戸コミュニティセンター","和歌山県由良町阿戸687-8","33.956765","135.115809"
"由良中学校","和歌山県由良町阿戸708-1","33.959083","135.116396"
"高台（田畑）","和歌山県由良町阿戸地内","33.953793","135.109411"
"裏山４－①","和歌山県由良町阿戸地内","33.955621","135.111903"
"笠松山４－②","和歌山県由良町阿戸地内","33.957192","135.116806"
"阿戸消防車庫付近","和歌山県由良町阿戸地内","33.955881","135.117717"
"高台（教専寺境内）","和歌山県由良町阿戸地内","33.95446","135.113503"
"旧衣奈小学校（２階以上）","和歌山県由良町衣奈230","33.987563","135.107005"
"西教寺","和歌山県由良町衣奈281","33.98673","135.107616"
"法林寺","和歌山県由良町衣奈310","33.986378","135.108131"
"旧衣奈中学校","和歌山県由良町衣奈680","33.984684","135.110569"
"衣奈会館","和歌山県由良町衣奈765-7","33.988761","135.106887"
"信行寺","和歌山県由良町衣奈99","33.988817","135.104313"
"衣奈消防車庫付近","和歌山県由良町衣奈地内","33.987844","135.108762"
"高台（配水池登り口付近）","和歌山県由良町衣奈地内","33.990928","135.103167"
"高台（小引坂）","和歌山県由良町衣奈地内","33.987804","135.105222"
"高台（県道上待機所付近②）","和歌山県由良町衣奈地内","33.995612","135.127482"
"高台（県道上待機所付近①）","和歌山県由良町衣奈地内","33.997713","135.127864"
"高台（西原川西高台）","和歌山県由良町衣奈地内","33.997741","135.124138"
"高台（黒島旅館裏田畑）","和歌山県由良町衣奈地内","33.989388","135.113521"
"高台（衣奈八幡神社登り口付近）","和歌山県由良町衣奈地内","33.986594","135.110322"
"戸津井円明寺","和歌山県由良町戸津井203","33.987851","135.095306"
"戸津井老人憩の家","和歌山県由良町戸津井93","33.988328","135.095062"
"高台（防災倉庫付近）","和歌山県由良町戸津井地内","33.987831","135.093265"
"高台（バス回転地）","和歌山県由良町戸津井地内","33.987508","135.094542"
"専福寺","和歌山県由良町江ノ駒117","33.965148","135.113695"
"江ノ駒老人憩の家","和歌山県由良町江ノ駒220-3","33.965316","135.115339"
"裏山６－②","和歌山県由良町江ノ駒地内","33.965036","135.109856"
"高台","和歌山県由良町江ノ駒地内","33.96658","135.115343"
"旧ペタンク場","和歌山県由良町江ノ駒地内","33.964749","135.113227"
"裏山６－①","和歌山県由良町江ノ駒地内","33.962408","135.114362"
"農免道登り口付近","和歌山県由良町江ノ駒地内","33.964321","135.116338"
"鷲林寺","和歌山県由良町三尾川155","33.993411","135.136021"
"三尾川集落センター","和歌山県由良町三尾川294","33.996787","135.134292"
"高台（こびき防災公園）","和歌山県由良町小引","33.982013","135.093635"
"小引円明寺","和歌山県由良町小引450","33.981943","135.0919"
"小引コミュニティセンター","和歌山県由良町小引468","33.982872","135.091478"
"高台（岸の上）","和歌山県由良町小引地内","33.981342","135.091611"
"高台（田畑）","和歌山県由良町小引地内","33.982697","135.093361"
"高台（別荘広場付近）","和歌山県由良町小引地内","33.983451","135.092468"
"宝国寺","和歌山県由良町神谷121","33.959474","135.086877"
"旧白崎中学校（２階以上）","和歌山県由良町神谷213","33.958584","135.084731"
"神谷老人憩の家（２階以上）","和歌山県由良町神谷241","33.958576","135.08517"
"神谷高台","和歌山県由良町神谷地内","33.960426","135.083236"
"重山登り口","和歌山県由良町神谷地内","33.959747","135.089047"
"かみや荘駐車場","和歌山県由良町神谷地内","33.959933","135.088304"
"県道上","和歌山県由良町神谷地内","33.96035","135.085061"
"神谷高台登り口","和歌山県由良町神谷地内","33.959177","135.081869"
"吹井活性化支援センター（２階以上）","和歌山県由良町吹井390-1","33.969246","135.100174"
"覚性寺","和歌山県由良町吹井391","33.96941","135.100189"
"糸谷コミュニティセンター","和歌山県由良町吹井729-8","33.961546","135.099892"
"地域福祉センター","和歌山県由良町吹井80-88","33.970367","135.108995"
"白崎会館","和歌山県由良町吹井910-2","33.969095","135.106575"
"武道館","和歌山県由良町吹井910-2","33.968763","135.106405"
"柳原コミュニティセンター","和歌山県由良町吹井949-3","33.969725","135.108035"
"吹井老人憩の家","和歌山県由良町吹井969-3","33.967115","135.101759"
"裏山１２－①（奥谷大橋東登り口）","和歌山県由良町吹井地内","33.970064","135.101723"
"裏山１５－③","和歌山県由良町吹井地内","33.960773","135.098601"
"裏山１５－④（地蔵様付近）","和歌山県由良町吹井地内","33.961507","135.099149"
"裏山１５－②（重山登り口付近）","和歌山県由良町吹井地内","33.960092","135.09871"
"高台①（ポンプ場付近畑）","和歌山県由良町吹井地内","33.966449","135.098858"
"高台②","和歌山県由良町吹井地内","33.971357","135.099502"
"町民公園","和歌山県由良町吹井地内","33.969717","135.105788"
"地蔵様付近","和歌山県由良町吹井地内","33.97258","135.099221"
"裏山１５－①","和歌山県由良町吹井地内","33.959806","135.097584"
"裏山１５－⑤","和歌山県由良町吹井地内（裏山１５－５）","33.96564","135.099712"
"大引コミュニティセンター","和歌山県由良町大引62-1","33.967767","135.087591"
"大引老人憩の家","和歌山県由良町大引709","33.970261","135.085923"
"浄明寺","和歌山県由良町大引710","33.970061","135.085743"
"高台②","和歌山県由良町大引地内","33.962501","135.126358"
"農免道路登り口","和歌山県由良町大引地内","33.967902","135.089112"
"高台①","和歌山県由良町大引地内","33.970717","135.082428"
"高台③","和歌山県由良町大引地内","33.96587","135.088237"
"ゆら柑橘集出荷施設","和歌山県由良町大字里368","33.966992","135.125129"
"中老人憩の家","和歌山県由良町中264-2","33.974947","135.137784"
"長谷寺","和歌山県由良町畑1105","33.975334","135.144814"
"ゆらこども園","和歌山県由良町畑162-3","33.979311","135.145102"
"畑農業会館","和歌山県由良町畑184","33.978002","135.14496"
"網代青年会場","和歌山県由良町網代124-1","33.9607","135.113887"
"網代老人センター","和歌山県由良町網代193","33.960493","135.112381"
"中央公民館","和歌山県由良町網代248-12","33.960289","135.117381"
"由良農村教養文化体育センター","和歌山県由良町網代248-12","33.960568","135.117128"
"念興寺","和歌山県由良町網代97","33.961483","135.114748"
"裏山５－①（高見山）","和歌山県由良町網代地内","33.961107","135.113456"
"高台（小由良坂付近）","和歌山県由良町網代地内","33.961571","135.113875"
"裏山５－③（見上山）","和歌山県由良町網代地内","33.962199","135.117722"
"裏山５－②（風呂の谷）","和歌山県由良町網代地内","33.962161","135.1166"
"門前コミュニティセンター","和歌山県由良町門前426","33.971138","135.130105"
"興国寺","和歌山県由良町門前801","33.977256","135.125582"
"由良児童館","和歌山県由良町里1126-3","33.959248","135.12224"
"光専寺","和歌山県由良町里118","33.961125","135.119958"
"蓮専寺","和歌山県由良町里1182","33.958439","135.120734"
"由良小学校（２階以上）","和歌山県由良町里166","33.960913","135.121496"
"横浜会館","和歌山県由良町里202-2","33.960349","135.120274"
"里集会所","和歌山県由良町里763-1","33.964179","135.126223"
"ＪＡ紀州付近","和歌山県由良町里地内","33.967015","135.125034"
"トンネル出口付近","和歌山県由良町里地内","33.961154","135.126185"
"高台（国道合流部付近）","和歌山県由良町里地内","33.959778","135.124099"
"高台①","和歌山県由良町里地内","33.964523","135.127997"
"国道トンネル付近","和歌山県由良町里地内","33.957182","135.122068"
"国道上（元オートスナック付近）","和歌山県由良町里地内","33.958171","135.12285"
"国道上","和歌山県由良町里地内","33.961748","135.123327"
"高台②","和歌山県由良町里地内","33.96244","135.126272"
"高台③","和歌山県由良町里地内","33.958575","135.126254"
"小山地蔵付近","和歌山県由良町里地内（小山地蔵付近）","33.966041","135.12792"
"中紀バス付近","和歌山県由良町里地内（中紀バス付近）","33.96869","135.126123"
"南消防車庫付近","和歌山県由良町里地内（南消防車庫付近）","33.958013","135.121828"
"裏山１－①（北山）","和歌山県由良町里地内（裏山１－１（北山））","33.962557","135.118708"
"裏山１－②","和歌山県由良町里地内（裏山１－２）","33.96299","135.11952"
"裏山１－③","和歌山県由良町里地内（裏山１－３）","33.96231","135.120383"
"裏山１－④","和歌山県由良町里地内（裏山１－４）","33.961722","135.121197"
"裏山１－⑤（宇佐八幡神社裏）","和歌山県由良町里地内（裏山１－５（宇佐八幡神社裏））","33.96142","135.122356"
"裏山３－①","和歌山県由良町里地内（裏山３－１）","33.958903","135.119792"
"裏山３－②","和歌山県由良町里地内（裏山３－２）","33.961525","135.129318"
"裏山３－③","和歌山県由良町里地内（裏山３－３）","33.957956","135.118389"
"里消防車庫付近","和歌山県由良町里地内（里消防車庫付近）","33.959747","135.12545"
"つつじが丘総合公園","和歌山県和歌山市つつじが丘4-4","34.268947","135.102375"
"岡崎中央児童遊園","和歌山県和歌山市井辺144-107","34.217005","135.211009"
"磯の浦東部避難場所","和歌山県和歌山市磯の浦","34.261405","135.094988"
"和歌山城公園","和歌山県和歌山市一番丁3","34.226376","135.171189"
"宇須児童遊園","和歌山県和歌山市宇須3-136-10","34.209821","135.176806"
"県営住宅ニューかわなが団地４号棟","和歌山県和歌山市宇田森9-5","34.259756","135.249991"
"県営住宅ニューかわなが団地３号棟","和歌山県和歌山市宇田森9-6","34.259412","135.250053"
"栄谷団地公園","和歌山県和歌山市栄谷153-2","34.255888","135.154821"
"栄谷公園","和歌山県和歌山市栄谷496","34.261494","135.163632"
"栄谷南公園","和歌山県和歌山市栄谷83-1","34.256117","135.15825"
"貴志小学校","和歌山県和歌山市栄谷895-2","34.259967","135.150224"
"和歌山大学（体育館）","和歌山県和歌山市栄谷930","34.267446","135.153285"
"藤戸台小学校","和歌山県和歌山市栄谷974-245","34.269665","135.155021"
"木本小学校","和歌山県和歌山市榎原255","34.257387","135.126802"
"榎原公園","和歌山県和歌山市榎原26-2","34.256883","135.133509"
"有功小学校","和歌山県和歌山市園部1453","34.263932","135.196658"
"園部公園","和歌山県和歌山市園部212-1","34.265545","135.194763"
"マスターズエル延時","和歌山県和歌山市延時140-1","34.250449","135.146798"
"ライオンズマンション和歌山塩屋","和歌山県和歌山市塩屋5-2-33","34.201562","135.179592"
"和歌川終末処理場（屋外）","和歌山県和歌山市塩屋5-3-41","34.197862","135.180099"
"岡公園","和歌山県和歌山市岡山丁3","34.225942","135.175006"
"加太小学校","和歌山県和歌山市加太1210","34.274836","135.076265"
"加太中学校","和歌山県和歌山市加太2692-1","34.275082","135.077364"
"野崎西小学校","和歌山県和歌山市梶取301-3","34.251172","135.151642"
"高津公園","和歌山県和歌山市関戸3-775-1","34.198196","135.164902"
"岩橋公園","和歌山県和歌山市岩橋1560-1","34.231294","135.224618"
"西和佐公園","和歌山県和歌山市岩橋714-1","34.240968","135.230345"
"紀三井寺児童遊園西","和歌山県和歌山市紀三井寺1-204","34.167973","135.195586"
"ビレッジハウス紀三井寺（４～６号棟）","和歌山県和歌山市紀三井寺1-28","34.17084","135.199785"
"紀三井寺児童遊園東","和歌山県和歌山市紀三井寺1-56","34.169859","135.198952"
"紀三井寺　護国院","和歌山県和歌山市紀三井寺1201","34.185424","135.189885"
"名草山霊園","和歌山県和歌山市紀三井寺1301-1","34.18259","135.189998"
"名草小学校","和歌山県和歌山市紀三井寺240","34.178795","135.190715"
"ビレッジハウス紀三井寺（１～３号棟）","和歌山県和歌山市紀三井寺342","34.170721","135.200127"
"紀三井寺苑","和歌山県和歌山市紀三井寺560-2","34.18134","135.184724"
"紀三井寺ガーデンホテルはやし","和歌山県和歌山市紀三井寺756","34.184848","135.186602"
"明和中学校","和歌山県和歌山市紀三井寺832-1","34.185479","135.180322"
"南コミュニティセンター","和歌山県和歌山市紀三井寺856","34.186077","135.184909"
"山東小学校","和歌山県和歌山市吉礼326","34.201479","135.241549"
"河岸公園","和歌山県和歌山市久保丁4-70","34.231206","135.162905"
"西和佐小学校","和歌山県和歌山市栗栖84-1","34.238767","135.227059"
"口須佐公園","和歌山県和歌山市口須佐51-4","34.204924","135.247318"
"岡東公園","和歌山県和歌山市広瀬中ノ丁1-16","34.225221","135.180006"
"広瀬小学校","和歌山県和歌山市広瀬中ノ丁1-5","34.225583","135.179358"
"県営住宅紀伊団地","和歌山県和歌山市弘西1042-8","34.264856","135.234639"
"紀伊小学校","和歌山県和歌山市弘西321","34.266836","135.237906"
"弘西公園","和歌山県和歌山市弘西920-2","34.265156","135.242342"
"東和中学校","和歌山県和歌山市杭ノ瀬116","34.21232","135.19085"
"杭ノ瀬北公園","和歌山県和歌山市杭ノ瀬62-1","34.213923","135.195964"
"杭ノ瀬公園","和歌山県和歌山市杭ノ瀬8-1","34.21356","135.199594"
"安原小学校","和歌山県和歌山市江南239","34.192156","135.224845"
"和歌山アーバンホテル","和歌山県和歌山市黒田1-2-17","34.232772","135.193688"
"黒田公園","和歌山県和歌山市黒田2-4","34.23375","135.196393"
"宮北公園","和歌山県和歌山市黒田359-1","34.238798","135.194969"
"今福公園","和歌山県和歌山市今福2-211-3","34.211661","135.166503"
"県営住宅今福第一団地","和歌山県和歌山市今福2-3-45","34.211028","135.165204"
"県営住宅今福第二団地（１～５号棟）","和歌山県和歌山市今福3-6-22","34.209361","135.1638"
"今福小学校","和歌山県和歌山市今福3-7-46","34.20873","135.163635"
"砂山小学校","和歌山県和歌山市砂山南2-1-52","34.218303","135.162673"
"西コミュニティセンター","和歌山県和歌山市砂山南3-1-11","34.217152","135.164041"
"近畿財務局和歌山合同宿舎１号棟","和歌山県和歌山市砂山南3-1-65","34.217423","135.161139"
"近畿財務局和歌山合同庁舎３号棟","和歌山県和歌山市砂山南3-2-12","34.216194","135.160828"
"近畿財務局和歌山合同庁舎２号棟","和歌山県和歌山市砂山南3-2-8","34.216464","135.160769"
"西和中学校","和歌山県和歌山市砂山南3-3-9","34.2152","135.164006"
"県立和歌山商業高等学校","和歌山県和歌山市砂山南3-3-94","34.215749","135.161468"
"いろどり山（旧三田山）","和歌山県和歌山市坂田336","34.202756","135.203457"
"伏虎義務教育学校","和歌山県和歌山市鷺ノ森南ノ丁1","34.234888","135.171013"
"創価学会南和歌山文化会館","和歌山県和歌山市雑賀崎6-4","34.192582","135.148291"
"レモンの丘公園（旧雑賀崎小学校跡地）","和歌山県和歌山市雑賀崎１６１２番初め１１筆","34.190391","135.145267"
"メトロヒルズ（屋上駐車場、立体駐車場）","和歌山県和歌山市三葛137-1","34.190067","135.187159"
"三葛防災広場","和歌山県和歌山市三葛214-2","34.192241","135.189053"
"ローパス三葛","和歌山県和歌山市三葛247-1","34.191624","135.185933"
"県営住宅三葛団地２号棟","和歌山県和歌山市三葛484","34.197588","135.189588"
"中央終末処理場","和歌山県和歌山市三葛510-1","34.195537","135.188011"
"県立医科大学保健看護学部（体育館）","和歌山県和歌山市三葛580","34.194822","135.190339"
"中央コミュニティセンター","和歌山県和歌山市三沢町1-2","34.223299","135.183582"
"山口西公園","和歌山県和歌山市山口西100-2","34.264665","135.262316"
"東山東小学校","和歌山県和歌山市山東中52-1","34.203252","135.259524"
"河北コミュニティセンター","和歌山県和歌山市市小路192-3","34.254355","135.163472"
"平井公園","和歌山県和歌山市市小路253-1","34.258425","135.162724"
"楠見西小学校","和歌山県和歌山市市小路31","34.25764","135.167705"
"和歌山北高等学校","和歌山県和歌山市市小路388","34.254897","135.170008"
"市小路公園","和歌山県和歌山市市小路44-1","34.257205","135.167269"
"岡崎小学校","和歌山県和歌山市寺内426","34.21479","135.220077"
"東部コミュニティセンター","和歌山県和歌山市寺内665","34.206043","135.226831"
"和歌山城ホール","和歌山県和歌山市七番丁25-1","34.230124","135.172199"
"和歌山ビッグ愛","和歌山県和歌山市手平2-1-2","34.21848","135.19026"
"和歌山ビッグ愛（敷地部分）・和歌山ビッグホエール（駐車場含む）","和歌山県和歌山市手平2-1-2","34.22004","135.190813"
"手平第二公園","和歌山県和歌山市手平2-223-1","34.217756","135.189124"
"日進中学校","和歌山県和歌山市秋月365-3","34.228301","135.203465"
"宮小学校","和歌山県和歌山市秋月475","34.225267","135.206137"
"出水公園","和歌山県和歌山市秋月75-1","34.234425","135.204226"
"秋葉山公園","和歌山県和歌山市秋葉町14","34.19933","135.172519"
"秋葉山公園県民水泳場","和歌山県和歌山市秋葉町4-11","34.198189","135.171675"
"和歌山信愛大学（屋内運動場・グラウンド）","和歌山県和歌山市住吉町1","34.236576","135.176399"
"砂山公園","和歌山県和歌山市出口中ノ丁7","34.22178","135.163061"
"Ｎビル　パレスＮＡＫＡＳＨＩＭＡ","和歌山県和歌山市小雑賀3-6-9","34.210142","135.184894"
"グリーンフル小雑賀","和歌山県和歌山市小雑賀583-1","34.203184","135.184597"
"１２３＋Ｎ和歌山本店（立体駐車場棟）","和歌山県和歌山市小雑賀762-1","34.19637","135.185727"
"オークワセントラルシティ和歌山店（屋上駐車場）","和歌山県和歌山市小雑賀805-1","34.195357","135.183318"
"和歌山県民文化会館","和歌山県和歌山市小松原通1-1","34.224804","135.167953"
"あいあいセンター","和歌山県和歌山市小人町29","34.230665","135.167753"
"東中学校","和歌山県和歌山市松原337","34.200778","135.224499"
"県営東松江団地","和歌山県和歌山市松江東4-6-28","34.247364","135.139328"
"市営ラブリー松江団地","和歌山県和歌山市松江北2-2-5","34.248661","135.138336"
"河西コミュニティセンター","和歌山県和歌山市松江北2-20-7","34.249334","135.134374"
"松江小学校","和歌山県和歌山市松江北4-1-1","34.252016","135.134854"
"河西中学校","和歌山県和歌山市松江北5-19-1","34.25105","135.13105"
"松島公園","和歌山県和歌山市松島262-35","34.242444","135.208587"
"上野公園","和歌山県和歌山市上野87-3","34.265368","135.25152"
"県立和歌山高等学校","和歌山県和歌山市新庄188","34.237309","135.28966"
"小倉小学校","和歌山県和歌山市新庄348","34.243595","135.287499"
"大新小学校","和歌山県和歌山市新大工町23","34.233039","135.181464"
"新堀児童遊園","和歌山県和歌山市新堀東2-310-96","34.214563","135.176703"
"和歌の浦温泉　萬波　（駐車場）","和歌山県和歌山市新和歌浦2-10","34.18538","135.156433"
"和歌山東高等学校","和歌山県和歌山市森小手穂136","34.207575","135.226015"
"休暇村紀州加太芝生園地","和歌山県和歌山市深山188-1","34.292538","135.076734"
"休暇村紀州加太","和歌山県和歌山市深山483","34.292802","135.07247"
"有料老人ホームＮＩＣＯ","和歌山県和歌山市神前182-1","34.215808","135.202885"
"市営岡崎団地（東棟、西棟）","和歌山県和歌山市神前37-1","34.21619","135.20886"
"和歌山大学附属小・中学校（体育館、グラウンド）","和歌山県和歌山市吹上1-4-1","34.223706","135.173071"
"吹上小学校","和歌山県和歌山市吹上4-1-15","34.216335","135.170337"
"桐蔭中学校・高等学校","和歌山県和歌山市吹上5-6-18","34.218246","135.17426"
"きのくに青雲高等学校","和歌山県和歌山市吹上5-6-8","34.217611","135.175151"
"きのくに志学館","和歌山県和歌山市西高松1-7-38","34.207439","135.168894"
"西浜中学校","和歌山県和歌山市西小二里1-6-1","34.204512","135.162291"
"西脇小学校","和歌山県和歌山市西庄1012","34.258265","135.104266"
"元西脇中学校跡","和歌山県和歌山市西庄1037","34.253562","135.110804"
"八幡台小学校","和歌山県和歌山市西庄1110","34.265209","135.116519"
"西脇中学校","和歌山県和歌山市西庄1110-5","34.264564","135.116331"
"和歌山北高等学校西校舎","和歌山県和歌山市西庄1148-1","34.265851","135.109748"
"西庄公園","和歌山県和歌山市西庄215","34.259947","135.116388"
"汀公園","和歌山県和歌山市西汀丁27","34.230141","135.168266"
"雑賀小学校","和歌山県和歌山市西浜1-4-48","34.199329","135.165279"
"県営住宅西浜団地","和歌山県和歌山市西浜1-6-40","34.201906","135.165845"
"松下体育館","和歌山県和歌山市西浜1037","34.195052","135.15844"
"雑賀崎小学校","和歌山県和歌山市西浜1148","34.192515","135.150662"
"中央卸売市場総合食品センター棟「わかやままるしぇ」","和歌山県和歌山市西浜1660-401","34.210126","135.149377"
"水軒堤防公園（水軒交差点より以北部分）","和歌山県和歌山市西浜1664","34.207858","135.152796"
"星林高等学校","和歌山県和歌山市西浜2-9-9","34.198413","135.163878"
"和歌山工業高等学校","和歌山県和歌山市西浜3-6-1","34.201673","135.160651"
"善明寺中央公園","和歌山県和歌山市善明寺113-4","34.2587","135.183852"
"楠見東小学校","和歌山県和歌山市善明寺150-1","34.257273","135.181419"
"善明寺公園","和歌山県和歌山市善明寺363-2","34.260887","135.185323"
"鳴滝小学校","和歌山県和歌山市善明寺615-3","34.265792","135.1869"
"楠見中学校","和歌山県和歌山市善明寺706","34.2664","135.180161"
"善明寺北公園","和歌山県和歌山市善明寺706-123","34.265408","135.18101"
"太田第四公園","和歌山県和歌山市太田1-8","34.23041","135.19261"
"県営住宅和歌山東団地","和歌山県和歌山市太田103-1","34.227392","135.194105"
"向陽中学校・高等学校","和歌山県和歌山市太田127","34.22756","135.199705"
"太田第二公園","和歌山県和歌山市太田2-12","34.231668","135.195046"
"太田第一公園","和歌山県和歌山市太田3-2","34.230558","135.198003"
"南太田公園","和歌山県和歌山市太田4-8","34.228492","135.196712"
"太田小学校","和歌山県和歌山市太田636","34.234145","135.19883"
"大垣内公園","和歌山県和歌山市大垣内720-1","34.243275","135.276005"
"楠見小学校","和歌山県和歌山市大谷349-2","34.259043","135.175957"
"県営住宅雄湊団地","和歌山県和歌山市男野芝丁3","34.229371","135.164909"
"港公園","和歌山県和歌山市築港4-14","34.220658","135.153564"
"和歌山下津港湾事務所庁舎","和歌山県和歌山市築港6-22","34.220345","135.148702"
"グリーンフル中島","和歌山県和歌山市中島260-4","34.206576","135.186577"
"中之島小学校","和歌山県和歌山市中之島1491","34.239631","135.185778"
"中之島公園","和歌山県和歌山市中之島1495","34.239543","135.187065"
"県立体育館（駐車場含む）","和歌山県和歌山市中之島2238","34.237371","135.186829"
"向之芝公園","和歌山県和歌山市中之島2251","34.236568","135.186321"
"紀和駅前公園","和歌山県和歌山市中之島803-20","34.242065","135.181196"
"貴志南小学校","和歌山県和歌山市中野11-1","34.256958","135.140046"
"直川小学校","和歌山県和歌山市直川1253","34.263947","135.215677"
"北コミュニティセンター","和歌山県和歌山市直川326-7","34.259674","135.219934"
"湊北公園","和歌山県和歌山市伝法橋南ノ丁18","34.234234","135.165699"
"あけぼの団地","和歌山県和歌山市田尻178-5","34.210453","135.198958"
"わかうら園","和歌山県和歌山市田野175","34.18566","135.150213"
"漁火の宿　シーサイド観潮（駐車場）","和歌山県和歌山市田野82","34.187602","135.15023"
"土佐町公園","和歌山県和歌山市土佐町1-43","34.223754","135.160844"
"端ノ丁公園","和歌山県和歌山市土佐町3-6","34.22043","135.161535"
"二葉団地児童遊園","和歌山県和歌山市土入291-88","34.251095","135.139723"
"市民体育館","和歌山県和歌山市土入318-1","34.253062","135.139305"
"赤津広場","和歌山県和歌山市冬野165-1","34.190977","135.215626"
"智辯学園和歌山小学・中学・高等学校（グラウンド）","和歌山県和歌山市冬野2066-1","34.174316","135.211853"
"智辯学園（体育館、グラウンド）","和歌山県和歌山市冬野2066-1","34.174117","135.212672"
"県営住宅ニューかわなが団地１号棟","和歌山県和歌山市島105-2","34.259052","135.252511"
"川永団地公園","和歌山県和歌山市島26-10","34.261568","135.253881"
"県営住宅ニューかわなが団地２号棟","和歌山県和歌山市島51-10","34.25951","135.251426"
"県営住宅川永団地（１～２号棟）","和歌山県和歌山市島51-2","34.260161","135.252612"
"県営住宅ニューかわなが団地５号棟","和歌山県和歌山市島51-2","34.259781","135.251255"
"島橋公園","和歌山県和歌山市島橋西ノ丁1","34.244782","135.146235"
"高松小学校","和歌山県和歌山市東高松2-4-45","34.208335","135.173215"
"インペリアル高松","和歌山県和歌山市東高松3-1-28","34.206414","135.171517"
"雄湊グラウンド","和歌山県和歌山市東坂ノ上丁3","34.228065","135.166118"
"市営東長町団地","和歌山県和歌山市東長町7-35","34.222715","135.166961"
"長町公園","和歌山県和歌山市東長町9-8","34.221142","135.167095"
"東田中公園","和歌山県和歌山市東田中160","34.237347","135.286464"
"浜宮小学校","和歌山県和歌山市内原778-16","34.170605","135.196209"
"牛町公園","和歌山県和歌山市南牛町48","34.226618","135.161327"
"南出島公園","和歌山県和歌山市南出島29-16","34.217225","135.191568"
"川永小学校","和歌山県和歌山市楠本285","34.256866","135.256006"
"県営住宅千旦団地１０号棟","和歌山県和歌山市禰宜1341-3","34.243733","135.246645"
"和佐小学校","和歌山県和歌山市禰宜949-2","34.235753","135.249871"
"和佐児童遊園","和歌山県和歌山市祢宜1224-1","34.241393","135.243485"
"松下公園","和歌山県和歌山市祢宜1264","34.240419","135.242965"
"宮北小学校","和歌山県和歌山市納定21","34.238054","135.19203"
"貴志中学校","和歌山県和歌山市梅原579-2","34.267753","135.143485"
"和歌山カントリー倶楽部（駐車場・通路）","和歌山県和歌山市梅原585","34.27013","135.136398"
"城東中学校","和歌山県和歌山市美園町2-63","34.230088","135.185745"
"美園公園","和歌山県和歌山市美園町2-95","34.23018","135.186656"
"紀州技研工業株式会社（本社ビル）","和歌山県和歌山市布引466","34.17574","135.1844"
"高積中学校","和歌山県和歌山市布施屋112-2","34.240848","135.262777"
"河南コミュニティセンター","和歌山県和歌山市布施屋41","34.241611","135.260081"
"福島公園","和歌山県和歌山市福島120-1","34.25186","135.164095"
"福島小学校","和歌山県和歌山市福島135-4","34.251357","135.163865"
"アイビースクエア","和歌山県和歌山市福島293-1","34.251042","135.165312"
"リベラルパレス福島","和歌山県和歌山市福島679-6","34.246054","135.161844"
"メゾンたんぽぽ","和歌山県和歌山市福島72-1","34.249245","135.162809"
"平井中央公園","和歌山県和歌山市平井470-1","34.263396","135.166248"
"大新公園","和歌山県和歌山市坊主丁12","34.232439","135.182142"
"鴨居川団地公園","和歌山県和歌山市北101-17","34.259957","135.242771"
"本町公園","和歌山県和歌山市北桶屋町7","34.235967","135.17599"
"和歌山東公園（体育館含む）","和歌山県和歌山市北出島133","34.219494","135.197838"
"県営住宅宮前駅前団地","和歌山県和歌山市北中島1-4-4","34.213579","135.18822"
"宮前小学校","和歌山県和歌山市北中島1-7-4","34.213003","135.186409"
"河北中学校","和歌山県和歌山市北島370-1","34.241067","135.152717"
"市営北島団地","和歌山県和歌山市北島433-1","34.238782","135.157845"
"紀伊中学校","和歌山県和歌山市北野544-1","34.271226","135.244144"
"堀止公園","和歌山県和歌山市堀止東1-4-23","34.214942","135.173212"
"吹上公園","和歌山県和歌山市堀止東2-10","34.216509","135.175569"
"本渡公園","和歌山県和歌山市本渡369","34.176956","135.216989"
"青岸エネルギーセンター","和歌山県和歌山市湊1342-3","34.222437","135.14341"
"青岸クリーンセンター","和歌山県和歌山市湊1342-39","34.221559","135.140907"
"市営薬種畑団地","和歌山県和歌山市湊1414-8","34.218039","135.149168"
"湊パーソナルヴィラ","和歌山県和歌山市湊18","34.212156","135.15824"
"湊小学校","和歌山県和歌山市湊2-17-40","34.233328","135.144548"
"湊公園","和歌山県和歌山市湊3-301","34.233247","135.147248"
"湊御殿公園","和歌山県和歌山市湊御殿3-7","34.21748","135.158582"
"市営湊御殿第２団地","和歌山県和歌山市湊御殿3-8-2","34.21779","135.15774"
"ワカヤマ第２冨士ホテル","和歌山県和歌山市湊紺屋町1-20","34.23365","135.166962"
"オークワ大浦街道店（屋上駐車場）","和歌山県和歌山市湊西ノ坪45-1","34.212885","135.158509"
"鳴神公園","和歌山県和歌山市鳴神951","34.232742","135.20907"
"ファシナシオン毛見","和歌山県和歌山市毛見10-2","34.16382","135.18658"
"和歌山県中央児童相談所","和歌山県和歌山市毛見1437-218","34.157562","135.185872"
"琴の浦リハビリテーションセンター","和歌山県和歌山市毛見1451","34.157987","135.185128"
"和歌山マリーナシティホテル","和歌山県和歌山市毛見1517","34.155668","135.179586"
"紀三井寺公園","和歌山県和歌山市毛見200","34.166673","135.190736"
"紀三井寺公園陸上競技場","和歌山県和歌山市毛見200","34.166711","135.190956"
"本久寺","和歌山県和歌山市毛見423-1","34.169937","135.202294"
"ファシナシオン毛見Ⅱ","和歌山県和歌山市毛見8-1","34.164072","135.186019"
"木本聖地霊園","和歌山県和歌山市木ノ本1560-1","34.266027","135.125812"
"木本公園","和歌山県和歌山市木ノ本761-2","34.26334","135.132707"
"新南公園","和歌山県和歌山市木広町3-11","34.226858","135.188092"
"新南小学校","和歌山県和歌山市木広町4-23","34.226925","135.189083"
"ふれ愛センター","和歌山県和歌山市木広町5-1-9","34.227002","135.190289"
"野崎小学校","和歌山県和歌山市野崎130-1","34.243783","135.158809"
"野崎公園","和歌山県和歌山市野崎191-1","34.246671","135.158149"
"城東公園","和歌山県和歌山市友田町3-29-1","34.232956","135.186337"
"雄湊公園","和歌山県和歌山市有田屋町5","34.227122","135.166294"
"四箇郷小学校","和歌山県和歌山市有本183","34.24645","135.200711"
"四箇郷北小学校","和歌山県和歌山市有本321","34.250342","135.200251"
"紀之川中学校","和歌山県和歌山市有本668-1","34.246294","135.189921"
"南片原公園","和歌山県和歌山市雄松町1-12","34.222955","135.180849"
"芦原小学校","和歌山県和歌山市雄松町4-25","34.219646","135.182156"
"山口小学校","和歌山県和歌山市里146","34.267136","135.26857"
"有功中学校","和歌山県和歌山市六十谷1238","34.271772","135.203778"
"市立和歌山高等学校","和歌山県和歌山市六十谷45","34.26093","135.198082"
"有功東小学校","和歌山県和歌山市六十谷895","34.268109","135.204514"
"和歌公園（権現山）","和歌山県和歌山市和歌浦西2","34.193386","135.167031"
"和歌浦小学校","和歌山県和歌山市和歌浦西2-1-18","34.191325","135.166866"
"和歌公園（鏡山地区）","和歌山県和歌山市和歌浦中3","34.187316","135.172987"
"和歌公園（津屋公園・城跡山地区）","和歌山県和歌山市和歌浦中3","34.19072","135.17125"
"和歌公園（奠供山地区）","和歌山県和歌山市和歌浦中3","34.18784","135.171684"
"秋葉山配水池","和歌山県和歌山市和歌浦東1-393-9","34.19687","135.172811"
"インペリアル和歌浦","和歌山県和歌山市和歌浦東2-8-15","34.190686","135.175147"
"和歌川苑","和歌山県和歌山市和歌川町5-44","34.194454","135.177709"
"河南総合体育館","和歌山県和歌山市和佐中165-1","34.236218","135.238683"
"三田小学校","和歌山県和歌山市和田419-1","34.198993","135.204908"
"和歌山市民図書館（屋上）","和歌山県和歌山市屏風丁17","34.236667","135.167318"