"施設名","所在地","緯度","経度"
"いなべ市役所員弁庁舎","三重県いなべ市員弁町笠田新田111","35.116154","136.561462"
"員弁西小学校","三重県いなべ市員弁町笠田新田607","35.115093","136.554067"
"市之原公民館","三重県いなべ市員弁町市之原1178","35.145232","136.561053"
"員弁運動公園体育館","三重県いなべ市員弁町楚原936","35.117366","136.564405"
"員弁東小学校","三重県いなべ市員弁町大泉1201","35.098882","136.567885"
"員弁中学校","三重県いなべ市員弁町大泉新田1739","35.108897","136.565359"
"大安中学校","三重県いなべ市大安町石榑東2977","35.099658","136.537576"
"石榑小学校","三重県いなべ市大安町石榑南611","35.104868","136.504907"
"丹生川小学校","三重県いなべ市大安町丹生川中1189","35.12318","136.520512"
"大安海洋センター体育館","三重県いなべ市大安町梅戸","35.073779","136.554969"
"三里小学校","三重県いなべ市大安町平塚1247","35.103095","136.534529"
"藤原中学校","三重県いなべ市藤原町市場491","35.17285","136.491399"
"藤原文化センター","三重県いなべ市藤原町市場493-1","35.174397","136.48684"
"旧東藤原小学校","三重県いなべ市藤原町石川989","35.158343","136.498077"
"ふじわら保育園","三重県いなべ市藤原町川合770","35.173648","136.498172"
"農業公園梅林公園直売所","三重県いなべ市藤原町鼎342","35.221008","136.495316"
"北勢中学校","三重県いなべ市北勢町阿下喜2480","35.155512","136.526365"
"阿下喜小学校","三重県いなべ市北勢町阿下喜2562-1","35.156716","136.52438"
"いなべ市役所北勢庁舎","三重県いなべ市北勢町阿下喜2633","35.152485","136.524078"
"いなべ市役所駐車場","三重県いなべ市北勢町阿下喜40","35.158806","136.514778"
"いなべ市防災拠点施設","三重県いなべ市北勢町阿下喜66-3","35.154959","136.513933"
"川原多目的集会所","三重県いなべ市北勢町川原916","35.21394","136.512529"
"山郷小学校","三重県いなべ市北勢町大辻新田276","35.149936","136.54182"
"田辺農業振興センター","三重県いなべ市北勢町田辺745-2","35.19502","136.524763"
"治田小学校","三重県いなべ市北勢町東村30-1","35.132196","136.511473"
"ＤＭＧＭＯＲⅠアリーナ","三重県伊賀市ゆめが丘1-3","34.739272","136.158478"
"友生小学校運動場","三重県伊賀市ゆめが丘2-11","34.736913","136.164014"
"友生小学校　体育館","三重県伊賀市ゆめが丘2-11","34.73761","136.164507"
"友生小学校　校舎","三重県伊賀市ゆめが丘2-11","34.737081","136.164507"
"ゆめが丘保育園　園舎","三重県伊賀市ゆめが丘5-14-1","34.734885","136.161211"
"さくら保育園　園舎","三重県伊賀市阿保1152","34.666696","136.178867"
"青山ホール","三重県伊賀市阿保1411-1","34.669273","136.177502"
"青山小学校　体育館","三重県伊賀市阿保1789","34.66437","136.184456"
"青山小学校　校舎","三重県伊賀市阿保1789","34.66452","136.183957"
"青山小学校　運動場","三重県伊賀市阿保1789","34.665235","136.184574"
"青山中学校　体育館","三重県伊賀市阿保1870","34.664052","136.185647"
"青山中学校　運動場","三重県伊賀市阿保1870","34.662865","136.185411"
"青山中学校　校舎","三重県伊賀市阿保1870","34.663337","136.184708"
"城東中学校　校舎","三重県伊賀市印代450","34.786842","136.145624"
"城東中学校　体育館","三重県伊賀市印代450","34.787098","136.145056"
"城東中学校　運動場","三重県伊賀市印代450","34.785961","136.145377"
"大山田東体育館　体育館","三重県伊賀市猿野1316","34.765637","136.281449"
"ライトピアおおやまだ","三重県伊賀市奥馬野17","34.734033","136.247578"
"上野南小学校　体育館","三重県伊賀市沖265","34.720427","136.15286"
"上野南小学校　校舎","三重県伊賀市沖265","34.720458","136.152334"
"上野南小学校運動場","三重県伊賀市沖265","34.72003","136.152409"
"下郡市民館","三重県伊賀市下郡77-4","34.715066","136.149101"
"下柘植かがやきの郷","三重県伊賀市下柘植1572-4","34.823189","136.218962"
"西柘植地区市民センター（ふるさと会館いが）","三重県伊賀市下柘植6243","34.827261","136.215688"
"丸柱地区市民センター","三重県伊賀市丸柱831-1","34.841001","136.129313"
"希望ヶ丘コミュニティセンター","三重県伊賀市希望ケ丘西3-2-20","34.78575","136.225836"
"希望ヶ丘生きがいセンター","三重県伊賀市希望ケ丘西4-5-26","34.785756","136.23029"
"希望ヶ丘保育園　園舎","三重県伊賀市希望ケ丘西4-5-30","34.785428","136.230182"
"しろなみ保育所　園舎","三重県伊賀市久米町103-1","34.753291","136.12506"
"久米町市民館","三重県伊賀市久米町514-3","34.75624","136.12943"
"久米小学校　運動場","三重県伊賀市久米町544","34.755058","136.130116"
"久米小学校　校舎","三重県伊賀市久米町544","34.755419","136.129859"
"久米小学校　体育館","三重県伊賀市久米町544","34.755441","136.130352"
"たまたき保育所　園舎","三重県伊賀市玉滝9530-1","34.869062","136.161983"
"伊賀白鳳高等学校実習農場（管理棟）","三重県伊賀市荒木1856-55","34.761432","136.164061"
"岳の里会館","三重県伊賀市高尾2450","34.599497","136.203324"
"青山児童屋内運動場　体育館","三重県伊賀市腰山354","34.632369","136.219998"
"ウエストスポーツクラブ佐那具校","三重県伊賀市佐那具町23-1","34.805627","136.17793"
"旧丸山中学校　校舎","三重県伊賀市才良800","34.706477","136.157679"
"旧丸山中学校運動場","三重県伊賀市才良800","34.70608","136.157572"
"旧丸山中学校　体育館","三重県伊賀市才良800","34.706547","136.156971"
"三訪小学校　体育館","三重県伊賀市三田1652","34.792573","136.128358"
"三訪小学校運動場","三重県伊賀市三田1652","34.792203","136.128701"
"三訪小学校　校舎","三重県伊賀市三田1652","34.792493","136.12883"
"三田保育園　園舎","三重県伊賀市三田1668","34.792612","136.127839"
"いなこ保育園　園舎","三重県伊賀市市部11-1","34.720883","136.152819"
"寺田市民館","三重県伊賀市寺田225","34.777733","136.164707"
"博要地区市民センター","三重県伊賀市種生1329-1","34.63166","136.191313"
"青山ハーモニーフォレスト管理棟","三重県伊賀市種生3137-1","34.635233","136.187517"
"小杉区高齢者等活性化センター","三重県伊賀市小杉1686","34.853992","136.226544"
"ひかり保育園　園舎","三重県伊賀市小田町141-1","34.770952","136.125018"
"伊賀上野武道館","三重県伊賀市小田町524","34.779836","136.124536"
"旧神戸小学校運動場","三重県伊賀市上神戸40","34.687484","136.153484"
"旧神戸小学校　校舎","三重県伊賀市上神戸40","34.68785","136.153489"
"旧神戸小学校　体育館","三重県伊賀市上神戸40","34.687369","136.152931"
"きじが台地区市民センター","三重県伊賀市上神戸4560-95","34.672138","136.128493"
"神戸保育所　園舎","三重県伊賀市上神戸764-3","34.689007","136.148706"
"白鳳幼稚園　園舎","三重県伊賀市上野伊予町1067-1","34.765109","136.136327"
"上野高等学校運動場","三重県伊賀市上野丸之内107","34.767992","136.126721"
"上野高等学校　校舎","三重県伊賀市上野丸之内107","34.768578","136.126769"
"上野高等学校　体育館","三重県伊賀市上野丸之内107","34.767979","136.127316"
"上野高等学校　武道場","三重県伊賀市上野丸之内107","34.768025","136.12619"
"上野西小学校運動場","三重県伊賀市上野丸之内112","34.768235","136.128802"
"上野西小学校　校舎","三重県伊賀市上野丸之内112","34.768693","136.128245"
"上野西小学校　体育館","三重県伊賀市上野丸之内112","34.768834","136.12921"
"桃青の丘幼稚園　園舎","三重県伊賀市上野丸之内177-1","34.770675","136.131998"
"崇広中学校運動場","三重県伊賀市上野丸之内78","34.768751","136.124833"
"崇広中学校　校舎","三重県伊賀市上野丸之内78","34.768002","136.124619"
"崇広中学校　体育館","三重県伊賀市上野丸之内78","34.768249","136.125086"
"上野南部地区市民センター","三重県伊賀市上野桑町1412","34.756667","136.135524"
"睦保育園　園舎","三重県伊賀市上野桑町2173","34.758351","136.131462"
"みどり保育園　園舎","三重県伊賀市上野車坂町655-4","34.766514","136.144918"
"曙保育園　園舎","三重県伊賀市上野徳居町3272-2","34.763925","136.12531"
"友生保育園　園舎","三重県伊賀市上友生675","34.744232","136.184575"
"教育研究センター　校舎","三重県伊賀市上友生785","34.743101","136.184667"
"教育研究センター　体育館","三重県伊賀市上友生785","34.743316","136.184931"
"教育研究センター運動場","三重県伊賀市上友生785","34.74265","136.184484"
"西柘植保育園　園舎","三重県伊賀市新堂118-1","34.820553","136.210175"
"西柘植小学校運動場","三重県伊賀市新堂160","34.819883","136.210994"
"西柘植小学校　校舎","三重県伊賀市新堂160","34.820148","136.210779"
"西柘植小学校　体育館","三重県伊賀市新堂160","34.820183","136.210361"
"霊峰中学校　運動場","三重県伊賀市新堂160","34.820196","136.21175"
"霊峰中学校　校舎","三重県伊賀市新堂160","34.82065","136.21138"
"霊峰中学校　体育館","三重県伊賀市新堂160","34.82094","136.211182"
"上野南中学校　体育館","三重県伊賀市森寺1488","34.70729","136.141487"
"上野南中学校　校舎","三重県伊賀市森寺1488","34.708049","136.141702"
"上野南中学校　運動場","三重県伊賀市森寺1488","34.709116","136.141959"
"諏訪地区市民センター","三重県伊賀市諏訪2438-3","34.8195","136.115358"
"旧諏訪保育所　園舎","三重県伊賀市諏訪422","34.820938","136.113191"
"旧丸柱小学校運動場","三重県伊賀市諏訪839","34.827615","136.119941"
"旧丸柱小学校　校舎","三重県伊賀市諏訪839","34.827906","136.119753"
"旧丸柱小学校　体育館","三重県伊賀市諏訪839","34.827739","136.119281"
"上野北小学校運動場","三重県伊賀市西高倉3146","34.786631","136.106705"
"上野北小学校　校舎","三重県伊賀市西高倉3146","34.787019","136.106834"
"上野北小学校　体育館","三重県伊賀市西高倉3146","34.787089","136.106276"
"新居保育所　園舎","三重県伊賀市西高倉4642-1","34.78551","136.099438"
"中瀬小学校　運動場","三重県伊賀市西明寺105","34.773272","136.154931"
"中瀬小学校　校舎","三重県伊賀市西明寺105","34.773598","136.15506"
"中瀬小学校　体育館","三重県伊賀市西明寺105","34.77336","136.154427"
"中瀬城東保育園　園舎","三重県伊賀市西明寺118","34.772683","136.154208"
"伊賀市文化会館","三重県伊賀市西明寺3240-2","34.755386","136.156665"
"阿山中学校　運動場","三重県伊賀市千貝10","34.835299","136.169976"
"阿山中学校　校舎","三重県伊賀市千貝10","34.83647","136.169439"
"阿山中学校　体育館","三重県伊賀市千貝10","34.83684","136.17019"
"阿山Ｂ＆Ｇ海洋センター","三重県伊賀市川合3376-7","34.848176","136.171253"
"壬生野小学校　運動場","三重県伊賀市川東1786-3","34.796854","136.210002"
"壬生野小学校　校舎","三重県伊賀市川東1786-3","34.796876","136.210544"
"壬生野小学校　体育館","三重県伊賀市川東1786-3","34.79725","136.20967"
"壬生野保育園　園舎","三重県伊賀市川東2652","34.79658","136.208491"
"あけぼの学園高等学校　校舎","三重県伊賀市川東412","34.810326","136.2052"
"あけぼの学園高等学校　体育館","三重県伊賀市川東412","34.811568","136.205795"
"あけぼの学園高等学校　運動場","三重県伊賀市川東412","34.810551","136.204685"
"あけぼの学園高等学校　武道場","三重県伊賀市川東412","34.810003","136.204868"
"旧古山保育園　園舎","三重県伊賀市蔵縄手425","34.693466","136.116709"
"旧古山小学校　校舎","三重県伊賀市蔵縄手440-1","34.693268","136.117624"
"旧古山小学校運動場","三重県伊賀市蔵縄手440-1","34.692977","136.117796"
"旧古山小学校　体育館","三重県伊賀市蔵縄手440-1","34.693352","136.118381"
"前田教育会館","三重県伊賀市大谷670","34.793624","136.136208"
"成和西小学校　校舎","三重県伊賀市大内624","34.737205","136.102911"
"成和西小学校　体育館","三重県伊賀市大内624","34.737201","136.103345"
"成和西小学校運動場","三重県伊賀市大内624","34.736967","136.10305"
"花之木保育園　園舎","三重県伊賀市大内792-1","34.738396","136.106684"
"旧鞆田小学校　校舎","三重県伊賀市中友田1000","34.848296","136.199048"
"旧鞆田小学校　体育館","三重県伊賀市中友田1000","34.84823","136.198523"
"旧鞆田小学校運動場","三重県伊賀市中友田1000","34.847759","136.198952"
"ともだ保育所　園舎","三重県伊賀市中友田1311-1","34.846353","136.1971"
"成和東小学校　校舎","三重県伊賀市猪田1350","34.727302","136.130588"
"成和東小学校　体育館","三重県伊賀市猪田1350","34.727258","136.130047"
"成和東小学校　運動場","三重県伊賀市猪田1350","34.727047","136.130476"
"猪田保育所　園舎","三重県伊賀市猪田1470-1","34.726884","136.131385"
"旧長田小学校運動場","三重県伊賀市長田2312-1","34.763846","136.104936"
"長田地区市民センター","三重県伊賀市長田2316-2","34.764377","136.105116"
"柘植中学校　体育館","三重県伊賀市柘植町1881","34.839568","136.237677"
"柘植中学校　校舎","三重県伊賀市柘植町1881","34.839639","136.238493"
"柘植中学校　運動場","三重県伊賀市柘植町1881","34.840229","136.238396"
"柘植保育園　園舎","三重県伊賀市柘植町1888","34.838677","136.237755"
"柘植小学校　運動場","三重県伊賀市柘植町2343","34.841957","136.245711"
"柘植小学校　校舎","三重県伊賀市柘植町2343","34.842296","136.24555"
"柘植小学校　体育館","三重県伊賀市柘植町2343","34.842458","136.246022"
"旧柘植保育園　園舎","三重県伊賀市柘植町2357-1","34.84267","136.246581"
"柘植老人憩いの家","三重県伊賀市柘植町8687-1","34.834581","136.242375"
"いがまち人権センター","三重県伊賀市柘植町8898","34.832091","136.24201"
"島ヶ原保育所　園舎","三重県伊賀市島ケ原4736","34.774332","136.058271"
"島ヶ原会館","三重県伊賀市島ケ原4739","34.773085","136.059187"
"島ヶ原中学校　運動場","三重県伊賀市島ケ原514-2","34.777181","136.057365"
"島ヶ原中学校　体育館","三重県伊賀市島ケ原514-2","34.776855","136.056533"
"島ヶ原中学校　校舎","三重県伊賀市島ケ原514-2","34.777802","136.056764"
"島ヶ原小学校　運動場","三重県伊賀市島ケ原514-2","34.77711","136.057365"
"島ヶ原小学校　校舎","三重県伊賀市島ケ原514-2","34.777723","136.056764"
"島ヶ原小学校　体育館","三重県伊賀市島ケ原514-2","34.776767","136.056528"
"府中保育園　園舎","三重県伊賀市東条74","34.791308","136.152352"
"府中小学校　運動場","三重県伊賀市東条88","34.792217","136.154384"
"府中小学校　体育館","三重県伊賀市東条88","34.792658","136.153805"
"府中小学校　校舎","三重県伊賀市東条88","34.792552","136.154577"
"阿山小学校　体育館","三重県伊賀市馬場1045","34.8271","136.178156"
"阿山小学校　運動場","三重県伊賀市馬場1045","34.826598","136.177813"
"阿山小学校　校舎","三重県伊賀市馬場1045","34.826977","136.177491"
"あやま保育所　園舎","三重県伊賀市馬場1090-2","34.82966","136.176775"
"阿山保健福祉センター","三重県伊賀市馬場1128-1","34.828833","136.17582"
"八幡町市民館","三重県伊賀市八幡町3192-1","34.755403","136.125245"
"旧比自岐小学校運動場","三重県伊賀市比自岐512","34.708393","136.185781"
"旧比自岐小学校　校舎","三重県伊賀市比自岐512","34.708754","136.185649"
"旧比自岐小学校　体育館","三重県伊賀市比自岐512","34.708578","136.185284"
"旧比自岐保育所　園舎","三重県伊賀市比自岐706","34.70813","136.186438"
"大山田小学校　体育館","三重県伊賀市平田25","34.768354","136.210862"
"大山田小学校　運動場","三重県伊賀市平田25","34.76838","136.211859"
"大山田小学校　校舎","三重県伊賀市平田25","34.768803","136.211173"
"大山田Ｂ＆Ｇ海洋センター","三重県伊賀市平田3154","34.762404","136.219431"
"大山田保健センター","三重県伊賀市平田639","34.764448","136.21889"
"大山田農村環境改善センター","三重県伊賀市平田650","34.763926","136.219368"
"大山田中学校　校舎","三重県伊賀市平田655","34.763968","136.221066"
"大山田中学校　運動場","三重県伊賀市平田655","34.763536","136.221249"
"大山田中学校　体育館","三重県伊賀市平田655","34.763898","136.221844"
"大山田福祉センター","三重県伊賀市平田656-1","34.7638","136.218815"
"大山田保育園　園舎","三重県伊賀市平田7","34.768339","136.209708"
"青山上津体育館　体育館","三重県伊賀市北山1373","34.688964","136.215329"
"木興町市民館","三重県伊賀市木興町15-84","34.758998","136.124586"
"花垣スポーツレクリエーション広場体育館　運動場","三重県伊賀市予野9669","34.705426","136.093495"
"花垣スポーツレクリエーション広場体育館","三重県伊賀市予野9669","34.705673","136.093184"
"伊賀白鳳高等学校　運動場","三重県伊賀市緑ケ丘西町2270-1","34.756779","136.140767"
"伊賀白鳳高等学校　校舎","三重県伊賀市緑ケ丘西町2270-1","34.756506","136.141776"
"伊賀白鳳高等学校　体育館","三重県伊賀市緑ケ丘西町2270-1","34.757211","136.141358"
"伊賀白鳳高等学校　武道場","三重県伊賀市緑ケ丘西町2270-1","34.757025","136.141905"
"上野東小学校　運動場","三重県伊賀市緑ケ丘中町4352","34.760432","136.146698"
"上野東小学校　校舎","三重県伊賀市緑ケ丘中町4352","34.760141","136.14599"
"上野東小学校　体育館","三重県伊賀市緑ケ丘中町4352","34.759885","136.144692"
"伊賀市民体育館　体育館","三重県伊賀市緑ケ丘東町920","34.764553","136.147679"
"みどり第二保育園　園舎","三重県伊賀市緑ケ丘本町1681-2","34.762328","136.139955"
"緑ヶ丘中学校　運動場","三重県伊賀市緑ケ丘本町4153","34.759548","136.143557"
"緑ヶ丘中学校　校舎","三重県伊賀市緑ケ丘本町4153","34.758931","136.14257"
"緑ヶ丘中学校　体育館","三重県伊賀市緑ケ丘本町4153","34.75872","136.143278"
"青山文化センター","三重県伊賀市老川1790-1","34.642159","136.204602"
"伊勢市立城田中学校校舎３階以上","三重県伊勢市粟野町472","34.486373","136.671992"
"伊勢市立御薗中学校校舎２階以上","三重県伊勢市磯町2225","34.514463","136.710344"
"磯町津波避難施設","三重県伊勢市磯町924-1","34.519822","136.704102"
"伊勢市立しごうこども園","三重県伊勢市一宇田町891-1","34.477657","136.754071"
"伊勢市立厚生小学校校舎２階以上","三重県伊勢市一志町1-4","34.4923","136.705056"
"一色町津波避難施設","三重県伊勢市一色町1490-4","34.509668","136.742479"
"伊勢市立厚生中学校校舎２階以上","三重県伊勢市一之木5-5-3","34.501488","136.709327"
"伊勢市立進修小学校屋内運動場","三重県伊勢市宇治浦田2-16-43","34.469465","136.721682"
"伊勢市立進修小学校校舎","三重県伊勢市宇治浦田2-16-43","34.469045","136.721693"
"三重交通Ｇ　スポーツの杜　伊勢　（三重県営総合競技場陸上競技場）","三重県伊勢市宇治館町510","34.465016","136.730106"
"伊勢市立高麗広公民館（ふれあい工房）","三重県伊勢市宇治今在家町511","34.415084","136.743464"
"宇治山田高等学校武道場及び体育館","三重県伊勢市浦口3-13-1","34.488342","136.693721"
"宇治山田高等学校","三重県伊勢市浦口3-13-1","34.487861","136.693865"
"三郷山","三重県伊勢市浦口町802","34.476792","136.681834"
"伊勢市立明倫小学校校舎２階以上","三重県伊勢市岡本1-18-21","34.484545","136.710186"
"村田機械株式会社　伊勢事業所","三重県伊勢市下野町600-10","34.517537","136.738991"
"シンフォニアテクノロジー響ホール伊勢（伊勢市観光文化会館）２階以上","三重県伊勢市岩渕1-13-15","34.488331","136.712605"
"いせ市民活動センター２階以上","三重県伊勢市岩渕1-2-29","34.487861","136.70799"
"伊勢市立修道小学校屋内運動場","三重県伊勢市久世戸町5-1","34.482081","136.723541"
"伊勢市立修道小学校校舎","三重県伊勢市久世戸町5-1","34.481665","136.723525"
"三交イン伊勢市駅前２階以上","三重県伊勢市宮後1-1-1","34.491618","136.708286"
"クレド宮後２階以上","三重県伊勢市宮後2-14-10","34.494084","136.709669"
"ゆたかこども園２階以上","三重県伊勢市御薗町王中島23","34.50672","136.717691"
"伊勢市立王中島公民館２階","三重県伊勢市御薗町王中島594","34.512587","136.716122"
"伊勢市立高向公民館２階","三重県伊勢市御薗町高向2658-1","34.505972","136.699242"
"伊勢市立新高公民館２階","三重県伊勢市御薗町高向686-8","34.497602","136.700132"
"伊勢市立御薗第二保育園２階","三重県伊勢市御薗町高向731","34.50073","136.699092"
"小林ポンプ場３階以上","三重県伊勢市御薗町小林1612","34.524415","136.726544"
"伊勢市立小林公民館２階以上","三重県伊勢市御薗町小林343","34.521199","136.719155"
"マンションＫ＆Ｋ２階以上","三重県伊勢市御薗町上條1244","34.517124","136.713442"
"アルタイル２階以上","三重県伊勢市御薗町上條1469-1","34.517424","136.71439"
"マンション大山２階以上","三重県伊勢市御薗町上條1469-5","34.517678","136.71379"
"アビーロード２階以上","三重県伊勢市御薗町上條1469-8","34.517385","136.713687"
"マンションＭ＆Ｅ２階以上","三重県伊勢市御薗町上條1473","34.517004","136.713844"
"伊勢市立上條公民館２階","三重県伊勢市御薗町上條88","34.517505","136.713277"
"マエストロ御薗２階以上","三重県伊勢市御薗町新開712","34.510983","136.721817"
"伊勢市立新開公民館２階","三重県伊勢市御薗町新開941-5","34.510634","136.721749"
"伊勢市立中長屋公民館２階","三重県伊勢市御薗町長屋1074-1","34.509401","136.709598"
"伊勢市立御薗小学校校舎２階以上","三重県伊勢市御薗町長屋1074-9","34.508796","136.709245"
"伊勢市立下長屋公民館２階","三重県伊勢市御薗町長屋1599-2","34.511317","136.711404"
"伊勢市ハートプラザみその２階","三重県伊勢市御薗町長屋2767","34.509628","136.707873"
"伊勢市立上長屋公民館２階","三重県伊勢市御薗町長屋2863-2","34.50876","136.705162"
"宇治山田商業高等学校","三重県伊勢市黒瀬町1193","34.493136","136.740004"
"宇治山田商業高等学校武道場及び体育館","三重県伊勢市黒瀬町1193","34.492822","136.739387"
"伊勢市立浜郷小学校校舎２階以上","三重県伊勢市黒瀬町1648-1","34.499535","136.736374"
"黒瀬市民館２階以上","三重県伊勢市黒瀬町1882","34.501171","136.735679"
"伊勢市生涯学習センター","三重県伊勢市黒瀬町562-12","34.493274","136.732353"
"伊勢市立佐八小学校校舎２階以上","三重県伊勢市佐八町2278-12","34.464888","136.660187"
"小俣保健センター２階","三重県伊勢市小俣町元町536","34.507676","136.675241"
"伊勢市立小俣小学校校舎２階以上","三重県伊勢市小俣町元町663-1","34.506706","136.673672"
"三重電子スマイルアリーナ小俣（伊勢市小俣総合体育館）","三重県伊勢市小俣町新村401-1","34.515381","136.660834"
"大仏山公園","三重県伊勢市小俣町新村菊迫間605","34.519217","136.652145"
"伊勢市立小俣中学校校舎２階以上","三重県伊勢市小俣町相合750","34.50748","136.669498"
"伊勢市小俣農村環境改善センター２階","三重県伊勢市小俣町本町3","34.505912","136.67047"
"明野高等学校武道場及び体育館","三重県伊勢市小俣町明野1481","34.525388","136.6663"
"明野高等学校","三重県伊勢市小俣町明野1481","34.526302","136.665935"
"伊勢市立明野小学校屋内運動場","三重県伊勢市小俣町明野1939","34.515196","136.661785"
"伊勢市立明野小学校校舎","三重県伊勢市小俣町明野1939","34.515705","136.66209"
"アンジュール小木Ⅱ２階以上","三重県伊勢市小木町249-6","34.502309","136.724217"
"イオンタウン伊勢ララパーク屋上駐車場","三重県伊勢市小木町曽祢538","34.506486","136.722474"
"伊勢市立城田小学校屋内運動場","三重県伊勢市上地町1494","34.491086","136.664083"
"伊勢市立城田小学校校舎","三重県伊勢市上地町1494","34.490953","136.663724"
"伊勢市立上野小学校屋内運動場","三重県伊勢市上野町2841-2","34.434055","136.653544"
"伊勢市立上野小学校校舎","三重県伊勢市上野町2841-2","34.434334","136.654059"
"旧伊勢市立沼木中学校校舎","三重県伊勢市上野町823","34.441486","136.659703"
"旧伊勢市立沼木中学校屋内運動場","三重県伊勢市上野町823","34.441367","136.660283"
"伊勢市子育て支援センターきらら館２階テラスのみ","三重県伊勢市常磐2-4-40","34.493505","136.696563"
"伊勢市立早修小学校校舎","三重県伊勢市常磐3-10-19","34.488539","136.696381"
"伊勢市立早修小学校屋内運動場","三重県伊勢市常磐3-10-19","34.488234","136.696199"
"伊勢広域環境組合クリーンセンター２階","三重県伊勢市植山町245-1","34.534643","136.681785"
"伊勢市立桜浜中学校校舎２階以上","三重県伊勢市植山町461","34.534787","136.684507"
"伊勢市立桜浜中学校２階屋内運動場","三重県伊勢市植山町461","34.534964","136.68403"
"伊勢工業高等学校２階以上","三重県伊勢市神久2-7-18","34.493106","136.721524"
"シンフォニアテクノロジー　五十鈴寮２階以上","三重県伊勢市神社港107-5","34.51322","136.734202"
"旧伊勢市立神社小学校校舎２階以上","三重県伊勢市神社港294","34.512295","136.734914"
"伊勢まなび高等学校２階以上","三重県伊勢市神田久志本町1560","34.490219","136.729916"
"伊勢市立倉田山中学校屋内運動場","三重県伊勢市神田久志本町1645-2","34.490298","136.728385"
"伊勢市立倉田山中学校校舎","三重県伊勢市神田久志本町1645-2","34.489604","136.726995"
"伊勢高等学校武道場及び体育館","三重県伊勢市神田久志本町1703-1","34.487528","136.728369"
"伊勢高等学校校舎","三重県伊勢市神田久志本町1703-1","34.488165","136.727795"
"皇学館大学第一グラウンド","三重県伊勢市神田久志本町1704","34.486051","136.727534"
"伊勢市立豊浜西小学校校舎２階以上","三重県伊勢市西豊浜町1779","34.520412","136.694316"
"旧伊勢市立豊浜中学校校舎２階以上","三重県伊勢市西豊浜町2736","34.527227","136.697626"
"小川町民会館２階","三重県伊勢市西豊浜町3657-3","34.531159","136.702842"
"伊勢広域環境組合清掃工場２階","三重県伊勢市西豊浜町653","34.520941","136.675782"
"伊勢市立有緝小学校校舎２階以上","三重県伊勢市船江2-2-5","34.497378","136.715926"
"宮本地区コミュニティセンター","三重県伊勢市前山町355-4","34.467391","136.688862"
"海惠の宿２階以上","三重県伊勢市村松町1379-1","34.541408","136.666842"
"伊勢市立北浜小学校校舎２階以上","三重県伊勢市村松町3285-1","34.543933","136.690292"
"村松町津波避難施設","三重県伊勢市村松町4485-1","34.548432","136.682196"
"明神ポンプ場３階以上","三重県伊勢市大湊町106-2","34.526845","136.732956"
"旧伊勢市立大湊小学校校舎２階以上","三重県伊勢市大湊町1118-194","34.526634","136.744655"
"三重県下水道公社宮川浄化センター２階以上","三重県伊勢市大湊町1126","34.522948","136.735762"
"伊勢市立みなと小学校屋内運動場","三重県伊勢市大湊町1282","34.518349","136.734177"
"伊勢市立みなと小学校校舎２階以上","三重県伊勢市大湊町1282","34.518226","136.733726"
"大湊町津波避難施設","三重県伊勢市大湊町528-1","34.528824","136.73867"
"大湊地区コミュニティセンター２階以上","三重県伊勢市大湊町98-5","34.527021","136.734946"
"シンフォニアテクノロジー　総合ビル２階以上","三重県伊勢市竹ケ鼻町100","34.508554","136.72828"
"伊勢市立港中学校校舎２階以上","三重県伊勢市竹ケ鼻町78-10","34.510964","136.73273"
"竹ケ鼻第一団地（東棟）２階以上","三重県伊勢市竹ケ鼻町98-2","34.510641","136.731091"
"竹ケ鼻第一団地（西棟）２階以上","三重県伊勢市竹ケ鼻町99-5","34.510442","136.730463"
"シンフォニアエンジニアリング株式会社","三重県伊勢市竹ケ鼻町99-96","34.510279","136.730145"
"伊勢市立五十鈴中学校校舎","三重県伊勢市中村町444","34.473396","136.724646"
"伊勢市立五十鈴中学校屋内運動場","三重県伊勢市中村町444","34.47287","136.724276"
"旧伊勢市立北浜中学校校舎２階以上","三重県伊勢市東大淀町15","34.552953","136.677033"
"東大淀町民会館２階","三重県伊勢市東大淀町201-1","34.558065","136.662318"
"伊勢市立東大淀小学校校舎２階以上","三重県伊勢市東大淀町351","34.556764","136.663041"
"東豊浜町土路区町民会館２階","三重県伊勢市東豊浜町1089","34.534914","136.714243"
"伊勢市立豊浜東小学校校舎２階以上","三重県伊勢市東豊浜町299-1","34.529559","136.710372"
"東豊浜町津波避難施設","三重県伊勢市東豊浜町3321-2","34.532737","136.714089"
"倉田山公園","三重県伊勢市楠部町156-1","34.490401","136.732601"
"伊勢市立四郷小学校校舎２階以上","三重県伊勢市楠部町2484","34.475234","136.737374"
"イオン伊勢店屋上駐車場","三重県伊勢市楠部町乙160-2","34.478234","136.73115"
"光の街コミュニティセンター","三重県伊勢市二見町光の街1019-4","34.498467","136.764353"
"伊勢市立二見浦小学校・二見中学校校舎","三重県伊勢市二見町光の街907-7","34.498412","136.760002"
"伊勢市立二見浦小学校・二見中学校屋内運動場","三重県伊勢市二見町光の街907-7","34.498606","136.760066"
"太江寺境内","三重県伊勢市二見町江1659","34.504804","136.791461"
"溝口会館２階","三重県伊勢市二見町溝口516-1","34.501699","136.756092"
"今一色コミュニティセンター２階以上","三重県伊勢市二見町今一色120","34.517629","136.748695"
"二見町今一色津波避難施設","三重県伊勢市二見町今一色874-191","34.520604","136.751022"
"伊勢忍者キングダム駐車場","三重県伊勢市二見町三津1164-16","34.497499","136.777439"
"緑の一里塚二見ヶ浦ステーション","三重県伊勢市二見町三津1210-2","34.503573","136.780589"
"シルバーケア豊壽園２階以上","三重県伊勢市二見町三津855","34.500255","136.773071"
"カーサ二見Ａ２階以上","三重県伊勢市二見町西1017-363","34.507081","136.756133"
"カーサ二見Ｂ２階以上","三重県伊勢市二見町西1017-363","34.506772","136.756079"
"西農業研修センター２階以上","三重県伊勢市二見町西1122","34.511916","136.758001"
"県営住宅（五十鈴川団地）２階以上","三重県伊勢市二見町西185-58","34.506708","136.757418"
"二見町西津波避難施設","三重県伊勢市二見町西2088-1","34.509297","136.756238"
"西コミュニティセンター２階","三重県伊勢市二見町西866","34.511792","136.757623"
"旧伊勢市立二見浦小学校校舎２階以上","三重県伊勢市二見町荘1500","34.507114","136.77463"
"旧伊勢市立二見中学校屋内運動場","三重県伊勢市二見町荘2037-2","34.509758","136.772671"
"旧伊勢市立二見中学校校舎２階以上","三重県伊勢市二見町荘2037-2","34.509895","136.771748"
"茶屋区防災センター２階以上","三重県伊勢市二見町茶屋104-5","34.505635","136.777005"
"二見老人福祉センター２階","三重県伊勢市二見町茶屋348","34.506257","136.778674"
"音無山","三重県伊勢市二見町茶屋572-1","34.50667","136.78531"
"伊勢市立中島小学校校舎２階以上","三重県伊勢市二俣1-2-17","34.492184","136.692202"
"伊勢市立伊勢宮川中学校校舎","三重県伊勢市二俣4-5-3","34.482551","136.68985"
"伊勢市立伊勢宮川中学校屋内運動場","三重県伊勢市二俣4-5-3","34.482131","136.688965"
"わが家　伊勢２階以上","三重県伊勢市馬瀬町850","34.516134","136.72547"
"柏町民会館２階","三重県伊勢市柏町528","34.544893","136.650877"
"伊勢市社会福祉協議会　福祉センター２階以上","三重県伊勢市八日市場町13-1","34.489636","136.698668"
"小俣北部公民館","三重県伊勢市野村町5-3","34.528655","136.66467"
"みどり保育園","三重県伊勢市矢持町下村426","34.409884","136.691706"
"有滝町津波避難施設","三重県伊勢市有滝町2613","34.540682","136.702175"
"有滝町民会館２階","三重県伊勢市有滝町2638","34.540736","136.702481"
"井田公民館","三重県紀宝町井田1415-2","33.759457","136.02485"
"井田小学校","三重県紀宝町井田1787-2","33.756436","136.022001"
"上野農事集会所（上野つどい館）","三重県紀宝町井田2250-4","33.747385","136.01783"
"紀宝町ウミガメ公園（物産館３階）","三重県紀宝町井田568-7","33.770197","136.028635"
"下り場集落センター","三重県紀宝町井田681","33.77078","136.02523"
"紀宝町リサイクルセンター","三重県紀宝町井内409-10","33.788598","135.992555"
"井内青年クラブ","三重県紀宝町井内500","33.787466","135.988106"
"相野谷小学校（体育館）","三重県紀宝町井内98-1","33.787631","135.98691"
"鵜殿福祉センター","三重県紀宝町鵜殿1074-1","33.73946","136.006488"
"鵜殿保育所","三重県紀宝町鵜殿1111","33.741382","136.008366"
"生涯学習センター（まなびの郷）","三重県紀宝町鵜殿1147-2","33.741949","136.009216"
"鵜殿小学校（体育館）","三重県紀宝町鵜殿1232-1","33.742589","136.01191"
"鵜殿ふれあい会館","三重県紀宝町鵜殿2225-99","33.738213","136.019488"
"紀宝町防災拠点施設","三重県紀宝町鵜殿324","33.73404","136.009424"
"鵜殿体育館","三重県紀宝町鵜殿324","33.734624","136.009639"
"紀宝町役場本庁舎","三重県紀宝町鵜殿324","33.733785","136.009676"
"桐原生活改善センター","三重県紀宝町桐原1634","33.807485","135.970797"
"高岡防災センター","三重県紀宝町高岡507-1","33.76207","135.974269"
"はぐくみの森","三重県紀宝町神内277-2","33.749054","136.013171"
"神内福祉センター","三重県紀宝町神内277-2","33.748657","136.012989"
"神内小学校（体育館）","三重県紀宝町神内493","33.752443","136.010759"
"瀬原公民館","三重県紀宝町瀬原202","33.734942","135.945171"
"飯盛多目的集会施設（ふれあい会館）","三重県紀宝町成川102-1","33.741813","136.002796"
"成川防災備蓄倉庫","三重県紀宝町成川1247","33.738692","135.994774"
"成川高台","三重県紀宝町成川1247","33.739595","135.993312"
"紀宝町役場分庁舎（就業改善センター）","三重県紀宝町成川656","33.734931","135.993234"
"上地多目的集会施設","三重県紀宝町成川799-5","33.736526","135.98934"
"浅里生活改善センター","三重県紀宝町浅里1149-1","33.761334","135.931717"
"飛雪の滝キャンプ場","三重県紀宝町浅里1409-1","33.757847","135.926631"
"川丈班消防車庫","三重県紀宝町浅里1430-4","33.759407","135.927387"
"旧矢渕中学校浅里分校","三重県紀宝町浅里1667-1","33.762217","135.933128"
"相野谷中学校（体育館）","三重県紀宝町大里1546","33.783162","135.98552"
"大里多目的集会施設","三重県紀宝町大里1586-1","33.781594","135.985915"
"田代体育館","三重県紀宝町大里2826","33.764192","135.996456"
"ふるさと資料館","三重県紀宝町大里2887","33.766738","135.993851"
"中高年齢者就業改善施設（小畑）","三重県紀宝町大里3245","33.772089","136.000613"
"津本防災センター","三重県紀宝町大里480-2","33.778153","135.980668"
"鮒田構造改善センター（センター弁慶）","三重県紀宝町鮒田1132-2","33.741776","135.974803"
"高齢者生産活動センター（平尾井）","三重県紀宝町平尾井1429-1","33.794251","135.987158"
"北檜杖小学校跡避難場所","三重県紀宝町北檜杖484","33.728402","135.962631"
"北檜杖多目的集会施設","三重県紀宝町北檜杖613-2","33.727626","135.961411"
"吉祥院","三重県紀北町引本浦190-1","34.105978","136.236622"
"旧引本幼稚園","三重県紀北町引本浦191-2","34.106253","136.237219"
"旧引本小学校","三重県紀北町引本浦239-2","34.106492","136.237986"
"引本浦集会所","三重県紀北町引本浦389","34.106631","136.240439"
"引本醤油裏山","三重県紀北町引本浦528-50","34.113547","136.249281"
"長浜西側高台","三重県紀北町引本浦528-86","34.112219","136.248733"
"長浜お庚申さん高台","三重県紀北町引本浦586-1","34.112983","136.24925"
"長浜集会所","三重県紀北町引本浦616-60","34.11115","136.248897"
"引本公民館屋上","三重県紀北町引本浦871","34.106044","136.242019"
"引本会館","三重県紀北町引本浦871","34.106022","136.242053"
"細野集会所","三重県紀北町河内399-1","34.149622","136.2391"
"河内集会所","三重県紀北町河内774","34.152561","136.236311"
"コミュニティセンター海野会館","三重県紀北町海野191-1","34.18759","136.321439"
"県道長島港古里線海野トンネル周辺高台","三重県紀北町海野23-7","34.189162","136.326385"
"旧海野小学校周辺高台","三重県紀北町海野394","34.189272","136.319069"
"旧海野小学校","三重県紀北町海野411","34.188761","136.318019"
"県道長島港古里線周辺高台","三重県紀北町海野576-6","34.187864","136.312006"
"古里自然休養村管理センター","三重県紀北町古里1021-3","34.183339","136.305922"
"国道４２号古里トンネル周辺高台（古里側）","三重県紀北町古里1341-8","34.179283","136.301506"
"赤崎展望台","三重県紀北町古里722-2","34.180775","136.309672"
"町道古里江ノ浦線長島隧道周辺高台","三重県紀北町古里871-20","34.187471","136.308335"
"町道生ヶ谷三浦線大額（株）周辺高台","三重県紀北町三浦105-5","34.169408","136.285639"
"町道熊ヶ谷線周辺高台","三重県紀北町三浦139-1","34.170614","136.282931"
"海蔵寺周辺高台","三重県紀北町三浦212","34.168747","136.280053"
"三浦会館","三重県紀北町三浦364-2","34.165308","136.280417"
"三浦小学校","三重県紀北町三浦432","34.167586","136.279292"
"紀勢自動車道緊急避難場所（三浦）","三重県紀北町三浦560-3","34.171039","136.274406"
"鹿焼奥高台","三重県紀北町三浦695-4","34.165742","136.277711"
"林道鹿焼京戸線周辺高台","三重県紀北町三浦755","34.162706","136.275967"
"此ケ野集会所","三重県紀北町十須1098-12","34.237311","136.283228"
"十須集会所","三重県紀北町十須149-1","34.226442","136.290375"
"中原多目的集会所","三重県紀北町十須815-1","34.238025","136.275939"
"良福寺","三重県紀北町小浦254","34.118753","136.240008"
"良福寺周辺高台","三重県紀北町小浦254","34.118775","136.240061"
"長泉寺","三重県紀北町小山浦511","34.100475","136.225228"
"小山浦集会所","三重県紀北町小山浦523-1","34.100278","136.225661"
"小山浦集会所（裏山）","三重県紀北町小山浦564-1","34.099997","136.225147"
"県道海山尾鷲港線沿","三重県紀北町小山浦915-9","34.102761","136.220803"
"上里福祉会館","三重県紀北町上里190-2","34.141933","136.233925"
"三船中学校","三重県紀北町上里543","34.144053","136.224453"
"上里小学校","三重県紀北町上里801","34.141597","136.239303"
"船津小学校","三重県紀北町船津1057","34.125908","136.214806"
"中新田集会所","三重県紀北町船津1350","34.129722","136.212731"
"紀北地域児童発達支援施設","三重県紀北町船津1351","34.129614","136.213458"
"新田多目的集会施設","三重県紀北町船津1636-1","34.135097","136.214356"
"海山リサイクルセンター","三重県紀北町船津2589","34.146006","136.202933"
"海山リサイクルセンター","三重県紀北町船津2589","34.145927","136.20335"
"紀勢自動車道緊急避難場所（前柱）","三重県紀北町船津569-16","34.1205","136.226281"
"引本公園","三重県紀北町相賀122-11","34.110319","136.2407"
"汐見あけぼの団地奥裏山","三重県紀北町相賀130-2","34.114811","136.233428"
"汐見東側裏山","三重県紀北町相賀130-55","34.115281","136.231683"
"汐見墓地上","三重県紀北町相賀134-9","34.115706","136.230967"
"汐見集会所","三重県紀北町相賀143-61","34.115625","136.229564"
"「道の駅」海山","三重県紀北町相賀1439-1","34.102481","136.214322"
"相賀小学校","三重県紀北町相賀368-3","34.110719","136.226722"
"紀北健康センター屋上","三重県紀北町相賀417-1","34.11077","136.228334"
"渡利神社","三重県紀北町相賀47-1","34.107517","136.233753"
"海山公民館","三重県紀北町相賀481-2","34.110611","136.229878"
"生涯学習センター","三重県紀北町相賀488-1","34.110203","136.229867"
"海山体育館","三重県紀北町相賀495-8","34.109333","136.230789"
"海山総合支所本館屋上","三重県紀北町相賀495-8","34.109183","136.231317"
"海山総合支所本館（旧議会棟）","三重県紀北町相賀495-8","34.109241","136.23117"
"海山総合支所別館屋上","三重県紀北町相賀495-8","34.10942","136.231311"
"潮南中学校","三重県紀北町相賀499-3","34.110725","136.230628"
"潮南中学校","三重県紀北町相賀499-3","34.110721","136.230697"
"天理教相賀分教会","三重県紀北町相賀66","34.108017","136.234028"
"紀勢自動車道緊急避難場所（高丸山）","三重県紀北町相賀838-39","34.115969","136.219131"
"相賀墓地上林道","三重県紀北町相賀840-2","34.113356","136.223008"
"新町公園地","三重県紀北町相賀843-3","34.112319","136.222833"
"新愛宕山","三重県紀北町相賀880-5","34.109831","136.222031"
"大原集会所","三重県紀北町大原184-1","34.22185","136.299739"
"小松原集会所","三重県紀北町中里646-1","34.142375","136.211908"
"ひかり保育園","三重県紀北町長島1226","34.199514","136.333033"
"本町会館","三重県紀北町長島1292-3","34.197961","136.332753"
"長島公園（記念碑山）","三重県紀北町長島1408","34.200656","136.333261"
"宮本集会所","三重県紀北町長島1417","34.199967","136.331492"
"宮本会館周辺高台","三重県紀北町長島1422-1","34.200067","136.3308"
"出垣内集会所","三重県紀北町長島144-5","34.216136","136.322744"
"岡ノ上","三重県紀北町長島1449-4","34.200075","136.330092"
"西小学校","三重県紀北町長島1538","34.199506","136.3292"
"久野天理教周辺高台","三重県紀北町長島1626","34.201858","136.325311"
"コミュニティセンター久野会館","三重県紀北町長島1649-4","34.200289","136.32755"
"加田愛宕山一心教会周辺高台","三重県紀北町長島1784-2","34.193939","136.314111"
"紀勢自動車道緊急避難場所（加田）","三重県紀北町長島1809-2","34.198569","136.316594"
"県道長島港古里線海野トンネル長島側周辺高台","三重県紀北町長島2002-2","34.191831","136.328439"
"中ノ島会館","三重県紀北町長島2067-155","34.195417","136.334114"
"江ノ浦大橋周辺高台","三重県紀北町長島2067-182","34.196222","136.336397"
"出垣内西側高台","三重県紀北町長島280-1","34.210503","136.322086"
"紀伊長島幼稚園周辺高台","三重県紀北町長島294-7","34.210283","136.320722"
"紀勢自動車道緊急避難場所（出垣内）","三重県紀北町長島324-3","34.208613","136.321946"
"紀北中学校","三重県紀北町長島444","34.208708","136.326489"
"山居集会所","三重県紀北町長島782-2","34.206647","136.331886"
"山居長島トンネル北側高台付近","三重県紀北町長島793-2","34.205911","136.331075"
"旧松本公民館周辺高台","三重県紀北町長島817-1","34.204267","136.334889"
"松本会館","三重県紀北町長島833-2","34.204481","136.335378"
"平岩新町集会所","三重県紀北町長島904","34.201836","136.336158"
"長島多目的会館","三重県紀北町長島971","34.200617","136.334564"
"赤羽中学校","三重県紀北町島原2697-2","34.215981","136.3013"
"若者センター","三重県紀北町島原2697-5","34.216325","136.299853"
"赤羽小学校","三重県紀北町島原2708-2","34.216281","136.300744"
"赤羽会館","三重県紀北町島原3384","34.210286","136.309328"
"中桐会館","三重県紀北町島原4872","34.212161","136.30375"
"志子奥集会所","三重県紀北町島原620-3","34.224646","136.323952"
"志子体育館","三重県紀北町島原958","34.220608","136.319267"
"島勝浦県道沿（玉戸）","三重県紀北町島勝浦142-11","34.110972","136.292722"
"島勝浦県道沿（須賀利道）","三重県紀北町島勝浦148-2","34.107375","136.295647"
"島勝浦県道沿（西）","三重県紀北町島勝浦165-1","34.110856","136.295964"
"島勝漁村センター","三重県紀北町島勝浦252-1","34.112578","136.298781"
"愛宕山（島勝浦）","三重県紀北町島勝浦271-5","34.111306","136.298436"
"観音堂周辺高台","三重県紀北町島勝浦292-6","34.109906","136.300219"
"島勝浦集会所","三重県紀北町島勝浦312-2","34.111797","136.299844"
"島勝浦体験型イベント交流施設","三重県紀北町島勝浦321","34.111969","136.300661"
"向江避難場所","三重県紀北町島勝浦367","34.113408","136.300197"
"世古共同井戸上","三重県紀北町島勝浦431-1","34.114428","136.299992"
"和具の浜西高台","三重県紀北町島勝浦437","34.115769","136.297"
"紀伊長島インター周辺高台","三重県紀北町東長島1208-1","34.21605","136.330186"
"田山集会所","三重県紀北町東長島1430-5","34.220608","136.332436"
"社会福祉会館","三重県紀北町東長島209-9","34.210597","136.33875"
"片上２区集会所","三重県紀北町東長島2239-1","34.220028","136.351581"
"赤岩周辺高台","三重県紀北町東長島2442-1","34.209208","136.345189"
"萩原台周辺高台","三重県紀北町東長島2442-10","34.211008","136.345525"
"東小学校","三重県紀北町東長島2458","34.209144","136.343042"
"呼崎集会所","三重県紀北町東長島2572","34.207233","136.341928"
"岩本樋門付近の愛宕山","三重県紀北町東長島2658-1","34.207281","136.344094"
"名倉ＪＲ紀勢本線周辺高台","三重県紀北町東長島2717-37","34.210058","136.348086"
"東井ノ島会館","三重県紀北町東長島287-23","34.210594","136.342453"
"城ノ浜別荘地周辺高台","三重県紀北町東長島3108-15","34.196467","136.365122"
"城ノ浜遊歩道周辺高台","三重県紀北町東長島3108-5","34.195725","136.360658"
"中州公園津波避難タワー","三重県紀北町東長島33-154","34.206989","136.337667"
"戸ノ須武村漁網周辺高台","三重県紀北町東長島396-10","34.214547","136.340883"
"秋葉山公園","三重県紀北町東長島424-1","34.211683","136.339347"
"奥田組裏山","三重県紀北町東長島424-7","34.212486","136.339867"
"紀北町役場屋上","三重県紀北町東長島769-1","34.211425","136.337222"
"二郷神社裏周辺高台","三重県紀北町東長島842","34.214475","136.333615"
"田山坂周辺高台","三重県紀北町東長島893-2","34.216092","136.331592"
"西井ノ島集会所","三重県紀北町東長島909-2","34.210494","136.337969"
"東長島公民館","三重県紀北町東長島915-2","34.211214","136.33825"
"国道４２号古里トンネル周辺高台（道瀬側）","三重県紀北町道瀬12","34.178722","136.297269"
"道瀬集会所","三重県紀北町道瀬149-3","34.175158","136.295606"
"町道田ノ谷線周辺高台","三重県紀北町道瀬214-28","34.17525","136.290319"
"法照院周辺高台","三重県紀北町道瀬266-1","34.172344","136.292277"
"広禅院","三重県紀北町馬瀬1067","34.146306","136.2465"
"鯨集会所","三重県紀北町馬瀬1228-1","34.13915","136.249442"
"馬瀬多目的集会施設","三重県紀北町馬瀬849-1","34.148417","136.250694"
"常林寺","三重県紀北町白浦102","34.127633","136.286161"
"旧白浦小学校グラウンド","三重県紀北町白浦126-16","34.127872","136.284489"
"旧白浦小学校","三重県紀北町白浦126-16","34.127739","136.284483"
"中の郷高台","三重県紀北町白浦56-8","34.127681","136.288039"
"白浦漁村センター","三重県紀北町白浦98-2","34.128097","136.286606"
"白浦集会所","三重県紀北町白浦99","34.128031","136.286372"
"便ノ山多目的集会施設","三重県紀北町便ノ山110","34.106911","136.203358"
"紀勢自動車道緊急避難場所（便ノ山）","三重県紀北町便ノ山1111","34.103878","136.194889"
"宝泉寺","三重県紀北町便ノ山80","34.107072","136.204069"
"旧矢口小学校","三重県紀北町矢口浦311","34.13059","136.268211"
"矢口浦集会所","三重県紀北町矢口浦323-1","34.131139","136.267319"
"白越三叉路","三重県紀北町矢口浦590-5","34.126386","136.278961"
"県道バイパス沿高台","三重県紀北町矢口浦739-2","34.130019","136.271444"
"矢口神社周辺高台","三重県紀北町矢口浦751-1","34.131672","136.269083"
"みやま園","三重県紀北町矢口浦842","34.136739","136.266358"
"県道矢口上里線","三重県紀北町矢口浦895-2","34.135242","136.259678"
"生熊集会所","三重県紀北町矢口浦920-2","34.126019","136.263803"
"生熊集会所周辺高台","三重県紀北町矢口浦921","34.126392","136.263953"
"ほのぼの公園","三重県亀山市みずきヶ丘","34.878879","136.46594"
"中央公園（みずきが丘第１公園）","三重県亀山市みずきヶ丘","34.878483","136.468443"
"さくら公園（みずきが丘第２公園）","三重県亀山市みずきヶ丘","34.878186","136.470873"
"みずきが丘道伯幼稚園駐車場","三重県亀山市みずきヶ丘","34.876207","136.468094"
"わんぱく公園","三重県亀山市みずきヶ丘","34.875059","136.468505"
"西グラウンド公園（みずほ台第２公園）","三重県亀山市みずほ台1-219","34.871473","136.47423"
"東公園（みずほ台第３公園）","三重県亀山市みずほ台14-186","34.871468","136.479498"
"南公園（みずほ台第４公園）","三重県亀山市みずほ台14-410","34.869774","136.478048"
"中央公園（みずほ台第１公園）","三重県亀山市みずほ台14-5","34.871692","136.477253"
"ごみ集積所前","三重県亀山市みどり町","34.873394","136.484543"
"三角公園（みどり第６公園）","三重県亀山市みどり町","34.872243","136.481917"
"古河電工カーサベルディ寮駐車場","三重県亀山市みどり町","34.870355","136.487308"
"５丁目防災倉庫横駐車場管理地","三重県亀山市みどり町","34.873255","136.481928"
"古墳公園（みどり第４公園）","三重県亀山市みどり町","34.870321","136.489506"
"見晴らし公園（みどり第３公園）","三重県亀山市みどり町12-7","34.868892","136.489213"
"井田川小学校","三重県亀山市みどり町52","34.869922","136.482683"
"ブタ公園（みどり第２公園）","三重県亀山市みどり町53-2","34.870016","136.483543"
"中央公園（みどり第１公園）","三重県亀山市みどり町56","34.870967","136.485212"
"アイリス町第三公園","三重県亀山市アイリス町","34.868526","136.45775"
"アイリス第７公園","三重県亀山市アイリス町","34.871549","136.456258"
"アイリス町第二公園","三重県亀山市アイリス町","34.869228","136.45568"
"アイリス町中央公園","三重県亀山市アイリス町","34.870987","136.455883"
"アイリス町第四公園","三重県亀山市アイリス町","34.866998","136.459825"
"東御座公民館","三重県亀山市阿野田町","34.841963","136.470456"
"阿野田公民館","三重県亀山市阿野田町","34.844318","136.462679"
"二本松公民館","三重県亀山市阿野田町1095-118","34.839675","136.466268"
"門垣戸公民館","三重県亀山市阿野田町1382-1","34.841504","136.463383"
"東部地区コミュニティセンター","三重県亀山市阿野田町1672","34.845158","136.463732"
"上野公民館","三重県亀山市阿野田町2215-2","34.843306","136.461525"
"シェーン駐車場","三重県亀山市阿野田町3205","34.840479","136.462036"
"マンション亀山駐車場","三重県亀山市阿野田町3225","34.848854","136.471405"
"社会福祉法人ケアフル亀山","三重県亀山市阿野田町二本松2443-1","34.838001","136.464634"
"旧分校跡地","三重県亀山市安坂山町","34.914838","136.413557"
"坂本地区バス停留所","三重県亀山市安坂山町","34.925914","136.412946"
"旧農協出張所跡地","三重県亀山市安坂山町","34.913474","136.411641"
"池山公民館","三重県亀山市安坂山町1798-1","34.913088","136.41563"
"野登寺","三重県亀山市安坂山町2033-1","34.916552","136.413312"
"安楽寺境内","三重県亀山市安坂山町安楽474","34.907997","136.422261"
"上原公民館","三重県亀山市安知本町","34.820375","136.446527"
"安知本多目的広場","三重県亀山市安知本町","34.831322","136.446394"
"井尻公民館","三重県亀山市井尻町","34.854054","136.481894"
"井田川公民館","三重県亀山市井田川町75","34.870502","136.492381"
"羽若町公民館","三重県亀山市羽若町","34.862332","136.451586"
"ウッディタウン羽若内公園","三重県亀山市羽若町","34.863541","136.443562"
"市営羽若住宅駐車場","三重県亀山市羽若町","34.864482","136.45277"
"西野団地西空地","三重県亀山市羽若町","34.868458","136.443922"
"総合保健福祉センター","三重県亀山市羽若町545","34.865404","136.450879"
"森実運輸亀山アパート駐車場","三重県亀山市羽若町837-3","34.866521","136.443763"
"栄町公民館","三重県亀山市栄町1487-96","34.860837","136.470461"
"市営栄町住宅駐車場","三重県亀山市栄町1506-64","34.857052","136.475021"
"弘法寺薬師堂","三重県亀山市下庄町","34.819227","136.49082"
"下庄集会所","三重県亀山市下庄町1773-1","34.823085","136.483337"
"昼生地区コミュニティセンター","三重県亀山市下庄町3049-2","34.827379","136.470595"
"下庄駅前","三重県亀山市下庄町578-1","34.814269","136.479843"
"出屋公民館","三重県亀山市下庄町806-1","34.808648","136.48056"
"梶ケ坂公民館","三重県亀山市加太梶ヶ坂3115","34.839214","136.332211"
"向井公民館","三重県亀山市加太向井2292","34.838342","136.337438"
"市場公民館","三重県亀山市加太市場1892","34.841091","136.340246"
"神武公民館","三重県亀山市加太神武","34.835514","136.319846"
"中在家遊園地（公民館）","三重県亀山市加太中在家7248-1","34.837934","136.311949"
"加太小学校","三重県亀山市加太板屋4569","34.841074","136.323445"
"加太板屋集会所","三重県亀山市加太板屋5300","34.841274","136.319196"
"北在家公民館","三重県亀山市加太北在家","34.842869","136.31389"
"関ニュータウンバス停前","三重県亀山市関ヶ丘","34.841035","136.389973"
"城山住宅駐車場","三重県亀山市関町","34.850355","136.388908"
"越川遊園地","三重県亀山市関町越川","34.838913","136.361669"
"住友社宅前駐車場","三重県亀山市関町会下","34.858012","136.399392"
"富士見公民館広場","三重県亀山市関町会下","34.859165","136.397359"
"会下公民館前","三重県亀山市関町会下","34.85987","136.399532"
"関町北部ふれあい交流センター","三重県亀山市関町会下1265-20","34.862081","136.398406"
"久我遊園地","三重県亀山市関町久我","34.84041","136.371217"
"金場公民館","三重県亀山市関町金場741","34.847967","136.360395"
"沓掛公民館","三重県亀山市関町沓掛","34.876026","136.362691"
"古厩集会所","三重県亀山市関町古厩341-1","34.843753","136.402924"
"坂下集会所","三重県亀山市関町坂下","34.888484","136.353933"
"市瀬西願寺前","三重県亀山市関町市瀬","34.861902","136.373839"
"正念寺境内","三重県亀山市関町小野224","34.852037","136.402563"
"大和橋小公園","三重県亀山市関町新所","34.853279","136.378413"
"石橋防災倉庫前","三重県亀山市関町新所","34.855205","136.386671"
"若草防災倉庫前","三重県亀山市関町新所","34.855359","136.388033"
"城山住宅前","三重県亀山市関町新所","34.853894","136.385484"
"明神公民館","三重県亀山市関町新所1155-2","34.852384","136.390188"
"御旅町公民館","三重県亀山市関町新所1691","34.855574","136.384224"
"なかよし公園","三重県亀山市関町新所1848-2","34.85468","136.387764"
"関中学校","三重県亀山市関町新所1863","34.856338","136.390174"
"観光駐車場","三重県亀山市関町新所1974-1","34.854615","136.390172"
"関駅前","三重県亀山市関町新所664","34.849282","136.394752"
"道の駅関宿","三重県亀山市関町新所674-8","34.849433","136.393213"
"関Ｂ＆Ｇ海洋センター","三重県亀山市関町新所8","34.85595","136.377667"
"関文化交流センター","三重県亀山市関町泉ヶ丘1011-1","34.85684","136.391038"
"泉ヶ丘児童公園","三重県亀山市関町泉ヶ丘1011-155","34.85729","136.393767"
"三番町山車倉東側空地","三重県亀山市関町中町","34.852609","136.393727"
"関まちなみ文化センター","三重県亀山市関町中町463-3","34.852492","136.39256"
"萩原公民館","三重県亀山市関町萩原307","34.83906","136.397678"
"白木一色公民館","三重県亀山市関町白木一色","34.875168","136.399668"
"富士ハイツ内（Ｂ②）","三重県亀山市関町富士ハイツ","34.859528","136.391413"
"富士ハイツ内（７組）","三重県亀山市関町富士ハイツ","34.859616","136.38913"
"富士ハイツ内（１組）","三重県亀山市関町富士ハイツ","34.858169","136.389248"
"富士ハイツ内（２・３組）","三重県亀山市関町富士ハイツ","34.858011","136.390067"
"富士ハイツ内（４・６組）","三重県亀山市関町富士ハイツ","34.858519","136.389238"
"富士ハイツ内（５組）","三重県亀山市関町富士ハイツ","34.859292","136.388472"
"富士ハイツ内（８・９組）","三重県亀山市関町富士ハイツ","34.859416","136.390447"
"福徳公民館","三重県亀山市関町福徳","34.834994","136.378917"
"中谷宅月極駐車場","三重県亀山市関町木崎","34.852302","136.399369"
"木崎鳥居駐車場","三重県亀山市関町木崎","34.851563","136.400474"
"東新田内広場","三重県亀山市関町木崎","34.847916","136.403142"
"関交番","三重県亀山市関町木崎137-2","34.849345","136.395558"
"関小学校","三重県亀山市関町木崎1416","34.855108","136.392517"
"あけぼの台児童公園","三重県亀山市関町木崎451-11","34.856665","136.39774"
"鷲山第一公園","三重県亀山市関町鷲山450-35","34.862992","136.389938"
"市営亀田住宅空地","三重県亀山市亀田町","34.865136","136.455136"
"サンジュール駐車場","三重県亀山市亀田町","34.866813","136.443228"
"グリーンハイツ駐車場","三重県亀山市亀田町","34.850761","136.397354"
"亀山駅前駐車場","三重県亀山市御幸町","34.850599","136.449745"
"高塚住宅前広場","三重県亀山市高塚町6","34.854759","136.464265"
"三寺町広場（ゲートボール場）","三重県亀山市三寺町","34.824947","136.46207"
"三寺町公民館","三重県亀山市三寺町61-1","34.824723","136.462469"
"山下橋前","三重県亀山市山下町","34.853747","136.42528"
"山下農事集会所","三重県亀山市山下町53","34.851519","136.424328"
"住山みんなの広場","三重県亀山市住山町","34.869127","136.436944"
"住山団地集会所","三重県亀山市住山町","34.866738","136.439439"
"渋倉町内空地","三重県亀山市渋倉町","34.854219","136.458116"
"小下公民館","三重県亀山市小下町10-6","34.853315","136.471578"
"小川生活改善センター","三重県亀山市小川町909-1","34.890175","136.427833"
"上野町ポケット公園","三重県亀山市上野町17","34.854783","136.471963"
"本町公園","三重県亀山市上野町3-184-1","34.855323","136.466323"
"オークワサウス亀山店","三重県亀山市菅内町1369-1","34.840245","136.477514"
"樺野公民館","三重県亀山市菅内町1573","34.843683","136.473143"
"レアルタウン亀山内公園","三重県亀山市西町","34.852473","136.451747"
"山田公園","三重県亀山市川合町","34.870125","136.475279"
"ひとみヶ丘第１公園","三重県亀山市川合町","34.870611","136.481761"
"川合住宅西横駐車場","三重県亀山市川合町","34.86579","136.483771"
"新道集会場","三重県亀山市川合町1197-57","34.870485","136.471361"
"川合町第三公園","三重県亀山市川合町1198-57","34.870574","136.468161"
"ピクシス駐車場","三重県亀山市川合町1217-4","34.869275","136.470059"
"川合町第十公園","三重県亀山市川合町1217-88","34.869353","136.469386"
"東野公園体育館","三重県亀山市川合町1286-49","34.863925","136.473585"
"川合町公民館","三重県亀山市川合町129-1","34.865202","136.486949"
"川合町第六公園","三重県亀山市川合町16-28","34.872247","136.481824"
"川合町第九公園","三重県亀山市川合町316-28","34.867002","136.48693"
"東野タウン自主防災倉庫前","三重県亀山市川合町柴野1252-4","34.865142","136.472349"
"南條公民館","三重県亀山市川崎町","34.893346","136.472046"
"柴崎公民館","三重県亀山市川崎町","34.897306","136.470018"
"徳原農事集会所","三重県亀山市川崎町","34.897851","136.474514"
"町公民館","三重県亀山市川崎町2422","34.890904","136.472196"
"ＪＡ鈴鹿川崎支店駐車場","三重県亀山市川崎町2699","34.891473","136.468232"
"堂坂集落センター","三重県亀山市川崎町2848","34.894347","136.474023"
"一色公民館","三重県亀山市川崎町3226","34.899847","136.4731"
"林照寺","三重県亀山市川崎町4428","34.893696","136.464611"
"太岡寺公民館","三重県亀山市太岡寺町","34.860291","136.417998"
"朝明山公民館","三重県亀山市太岡寺町","34.858549","136.410938"
"岩田油店私有地","三重県亀山市太岡寺町1177","34.859376","136.417396"
"神辺小学校","三重県亀山市太岡寺町1310","34.856994","136.417235"
"岩森公民館","三重県亀山市太森町","34.880993","136.468518"
"太田営農研修センター","三重県亀山市太森町","34.88738","136.465017"
"昼生小学校","三重県亀山市中庄町1405","34.824457","136.472503"
"中庄集会所","三重県亀山市中庄町853-1","34.826273","136.468987"
"長明寺集会所","三重県亀山市長明寺町611-1","34.878372","136.475609"
"椿世町公民館前","三重県亀山市椿世町","34.864152","136.464364"
"アイリス町第一公園","三重県亀山市椿世町1017-62","34.8696","136.454788"
"エクウスイート駐車場","三重県亀山市椿世町516-1","34.864818","136.469253"
"上野ガス（株）亀山支店","三重県亀山市椿世町547-1","34.86686","136.469524"
"天神公民館","三重県亀山市天神2","34.844458","136.453641"
"天神地区南自主防防災倉庫前","三重県亀山市天神3","34.839178","136.452625"
"亀山南小学校","三重県亀山市天神3-10-25","34.838888","136.454025"
"みなみ保育園","三重県亀山市天神3-2-33","34.840649","136.454637"
"自治会内駐車場","三重県亀山市田村町","34.875586","136.484227"
"東野集会場","三重県亀山市田村町","34.875682","136.488445"
"名越公民館","三重県亀山市田村町","34.885151","136.484763"
"田村公民館","三重県亀山市田村町","34.876513","136.479101"
"のぼのの森公園","三重県亀山市田村町1409-3","34.886604","136.483526"
"中部中学校","三重県亀山市田村町75","34.875917","136.476035"
"田茂公民館","三重県亀山市田茂町","34.830637","136.450598"
"ＮＴＴ東市職員駐車場","三重県亀山市東丸町","34.855075","136.452539"
"幼稚園跡駐車場","三重県亀山市東丸町","34.856068","136.453409"
"旧城東地区コミュニティセンター","三重県亀山市東丸町1-8-22","34.855292","136.454573"
"東丸会館","三重県亀山市東丸町519-6","34.856212","136.453671"
"シェルメール東御幸駐車場","三重県亀山市東御幸町237-5","34.850424","136.459125"
"亀山商工会館前駐車場","三重県亀山市東御幸町39-8","34.852708","136.453433"
"亀山市文化会館","三重県亀山市東御幸町63","34.8515","136.455118"
"東台町自主防災倉庫前","三重県亀山市東台町","34.854698","136.457129"
"東町共同駐車場","三重県亀山市東町","34.853366","136.458384"
"東町公園","三重県亀山市東町1-10","34.854516","136.457192"
"東町ふれあい広場","三重県亀山市東町1-5","34.853624","136.455915"
"市民協働センター駐車場","三重県亀山市東町1-8-7","34.85471","136.454529"
"南鹿島公民館","三重県亀山市南鹿島町16-1","34.85104","136.466983"
"第三愛護園","三重県亀山市南野町9-1","34.853839","136.443264"
"楠平尾集会所","三重県亀山市楠平尾町92-1","34.833553","136.438515"
"大紀アルミニウム工業所亀山工場","三重県亀山市能褒野町1314","34.903185","136.484007"
"ＮＴＮアドバンスマテリアル亀山工場","三重県亀山市能褒野町2067-1","34.886449","136.490991"
"川崎小学校","三重県亀山市能褒野町77-22","34.888877","136.481031"
"湯浅義正園","三重県亀山市能褒野町8-19","34.899975","136.491671"
"能褒野町公民館","三重県亀山市能褒野町84-8","34.888314","136.484535"
"上白木公民館","三重県亀山市白木町","34.881087","136.41"
"下白木公民館","三重県亀山市白木町","34.874601","136.415468"
"白川小学校","三重県亀山市白木町2739","34.883378","136.412589"
"落針公民館","三重県亀山市布気町1516-1","34.857269","136.425019"
"ハイツ仲野駐車場","三重県亀山市布気町1680","34.856786","136.42996"
"野尻公民館","三重県亀山市布気町1684-1","34.857736","136.430066"
"道野公民館","三重県亀山市布気町646-1","34.867729","136.426107"
"日東電工","三重県亀山市布気町919","34.861532","136.425592"
"北辺法寺クラブ","三重県亀山市辺法寺町218-1","34.893447","136.45258"
"辺法寺営農組合集会所","三重県亀山市辺法寺町888","34.891093","136.450216"
"北山町集会所","三重県亀山市北山町","34.856779","136.460137"
"鹿島交差点北空地","三重県亀山市北鹿島町","34.850545","136.461952"
"北鹿島集会所","三重県亀山市北鹿島町","34.851645","136.464782"
"北鹿島台住宅南駐車場","三重県亀山市北鹿島町","34.851017","136.462351"
"百五銀行亀山支店駐車場","三重県亀山市北町5-25","34.858178","136.465482"
"市役所前駐車場","三重県亀山市本丸町577","34.855672","136.452137"
"亀山西小学校","三重県亀山市本丸町585","34.856482","136.452172"
"亀山東小学校","三重県亀山市本町1-9-9","34.852685","136.46129"
"本町２丁目集議所","三重県亀山市本町2","34.854652","136.458499"
"本町３丁目内仮駐車場","三重県亀山市本町3","34.855085","136.461291"
"第１４アーバンハイツ駐車場","三重県亀山市本町3-15","34.855654","136.461689"
"本町広場","三重県亀山市本町4","34.856319","136.463928"
"旧田中仏壇店跡地","三重県亀山市本町4-4","34.856839","136.466"
"木下公民館","三重県亀山市木下町448","34.850984","136.413728"
"あたご第１公園","三重県亀山市野村1","34.85932","136.444123"
"西野公園体育館","三重県亀山市野村2-5-1","34.861257","136.434312"
"野村地区コミュニティセンター","三重県亀山市野村3-10-9","34.85741","136.442025"
"中央防災倉庫前","三重県亀山市野村4-1-4","34.851573","136.445497"
"忍山神社駐車場","三重県亀山市野村4-4-65","34.855051","136.436898"
"東光寺境内","三重県亀山市両尾町","34.901841","136.439105"
"原尾自治センター","三重県亀山市両尾町","34.897739","136.43151"
"平尾自治センター","三重県亀山市両尾町","34.899936","136.437564"
"野登小学校","三重県亀山市両尾町2124","34.901503","136.433492"
"千蔵寺境内","三重県亀山市両尾町32","34.901505","136.427411"
"和賀住宅自主防災倉庫前","三重県亀山市和賀町","34.841273","136.448634"
"和賀公民館","三重県亀山市和賀町3-6","34.841964","136.447016"
"和田運動場","三重県亀山市和田町","34.859445","136.480667"
"和田団地集会所","三重県亀山市和田町","34.860597","136.474653"
"自治会内ゴミ集積所前広場","三重県亀山市和田町","34.856507","136.478908"
"井田川地区南コミュニティーセンター","三重県亀山市和田町813","34.86013","136.483254"
"玉城町保健福祉会館","三重県玉城町勝田4876-1","34.487107","136.628554"
"松原高台","三重県熊野市井戸町","33.885726","136.094507"
"宇井高台","三重県熊野市井戸町","33.903132","136.077899"
"紺屋地高台","三重県熊野市井戸町","33.895331","136.089904"
"馬ノ戸高台","三重県熊野市井戸町","33.889712","136.086074"
"竜宮山","三重県熊野市井戸町","33.884488","136.096057"
"馬頭観音","三重県熊野市井戸町","33.887182","136.088671"
"熊野の宿　海ひかり","三重県熊野市井戸町1020-7","33.894616","136.095602"
"熊野市保健福祉センター","三重県熊野市井戸町1150","33.893738","136.088437"
"大馬集会所","三重県熊野市井戸町2229-2","33.91582","136.078634"
"井戸小学校","三重県熊野市井戸町238","33.89059","136.090976"
"井戸公民館瀬戸分館","三重県熊野市井戸町2409-8","33.908835","136.065572"
"宇井集会所","三重県熊野市井戸町2994-3","33.90166","136.080354"
"三重県熊野庁舎","三重県熊野市井戸町371","33.888861","136.093767"
"木本中学校","三重県熊野市井戸町4877-1","33.89194","136.093429"
"木本中学校・グラウンド","三重県熊野市井戸町4877-1","33.891477","136.093509"
"松原集会所","三重県熊野市井戸町4982","33.88611","136.09875"
"くまのふれあいセンター","三重県熊野市井戸町750-1","33.890302","136.096094"
"熊野市役所","三重県熊野市井戸町796","33.88858","136.100234"
"大井生活改善センター","三重県熊野市育生町大井240","33.933227","135.975808"
"長井生活改善センター","三重県熊野市育生町長井395-1","33.926977","135.980353"
"自然休養村管理センター","三重県熊野市育生町尾川361","33.922204","135.985383"
"旧育生小学校","三重県熊野市育生町尾川41","33.921706","135.983119"
"粉所集会所","三重県熊野市育生町粉所307-1","33.925693","135.996566"
"向高台","三重県熊野市磯崎町","33.891725","136.12759"
"旧泊小学校","三重県熊野市磯崎町1138-3","33.89531","136.126865"
"旧泊小学校・グラウンド","三重県熊野市磯崎町1138-3","33.895105","136.126988"
"磯崎区民集会所","三重県熊野市磯崎町31","33.892592","136.127547"
"海恵寺・境内","三重県熊野市磯崎町745","33.892154","136.12892"
"泊高齢者福祉拠点施設・広場","三重県熊野市磯崎町854","33.894135","136.128105"
"泊高齢者福祉拠点施設","三重県熊野市磯崎町854","33.894218","136.128075"
"熊野市紀和アクティブセンター","三重県熊野市紀和町丸山201-1","33.877603","135.952025"
"入鹿中学校","三重県熊野市紀和町小栗須27","33.879595","135.923511"
"小森公民館","三重県熊野市紀和町小森607-1","33.934442","135.939353"
"禅燈寺","三重県熊野市紀和町小船148","33.836238","135.858863"
"赤木公民館","三重県熊野市紀和町赤木412","33.892854","135.956906"
"大河内区民館","三重県熊野市紀和町大河内183","33.852105","135.90346"
"入鹿小学校","三重県熊野市紀和町大栗須1","33.877155","135.92865"
"長尾公民館","三重県熊野市紀和町長尾848","33.903434","135.962426"
"湯ノ口区民館","三重県熊野市紀和町湯ノ口219","33.869621","135.881831"
"熊野市紀和コミュニティセンター","三重県熊野市紀和町板屋82","33.876432","135.915788"
"熊野市紀和Ｂ＆Ｇ海洋センター","三重県熊野市紀和町板屋82","33.876518","135.914661"
"川畑公民館","三重県熊野市紀和町平谷1026-1","33.910141","135.945193"
"平谷公民館","三重県熊野市紀和町平谷488-1","33.909812","135.962284"
"元木津呂林間学校","三重県熊野市紀和町木津呂140","33.885492","135.891605"
"天理教　紀熊分教会","三重県熊野市紀和町矢ノ川","33.864367","135.941516"
"楊枝公民館","三重県熊野市紀和町楊枝281","33.816236","135.861452"
"元惣房保育所","三重県熊野市紀和町楊枝川529","33.837302","135.893967"
"上川生活改善センター","三重県熊野市紀和町和気709","33.807214","135.881421"
"久生屋高台２","三重県熊野市久生屋町","33.863595","136.071976"
"久生屋高台１","三重県熊野市久生屋町","33.866285","136.070603"
"久生屋高台３","三重県熊野市久生屋町","33.864744","136.067373"
"久生屋高台５","三重県熊野市久生屋町","33.856815","136.066826"
"久生屋高台４","三重県熊野市久生屋町","33.858294","136.064251"
"久生屋公民館","三重県熊野市久生屋町1038-1","33.860944","136.069598"
"介護老人保健施設　オレンジロードむつみ苑","三重県熊野市久生屋町847-2","33.865269","136.074421"
"県熊野少年自然の家","三重県熊野市金山町1577","33.879315","136.044812"
"金山小学校","三重県熊野市金山町2370-2","33.866088","136.056479"
"金山多目的集会所","三重県熊野市金山町281","33.872787","136.052432"
"寺谷集会所（コミュニティセンター）","三重県熊野市五郷町寺谷737","33.977703","136.053393"
"天理教神郷分教会","三重県熊野市五郷町寺谷951","33.980981","136.050112"
"五郷小学校","三重県熊野市五郷町桃崎1698-1","33.98495","136.045774"
"桃崎生活改善センター","三重県熊野市五郷町桃崎358-2","33.985169","136.042468"
"和田多目的集会所","三重県熊野市五郷町和田288","33.975372","136.049608"
"避難目標地点２","三重県熊野市新鹿町","33.939079","136.150924"
"避難目標地点１","三重県熊野市新鹿町","33.935572","136.147073"
"甫本高台","三重県熊野市新鹿町","33.926298","136.145106"
"ＪＲ新鹿駅前","三重県熊野市新鹿町","33.927685","136.144539"
"湊高台３","三重県熊野市新鹿町","33.932016","136.147014"
"湊高台２","三重県熊野市新鹿町","33.932265","136.147496"
"湊高台１","三重県熊野市新鹿町","33.932435","136.147689"
"旧新鹿中学校","三重県熊野市新鹿町23-3","33.92277","136.148005"
"旧新鹿中学校・グラウンド","三重県熊野市新鹿町23-3","33.92316","136.14829"
"新鹿小・中学校","三重県熊野市新鹿町916-4","33.932433","136.139819"
"新鹿小中学校・グラウンド","三重県熊野市新鹿町916-4","33.932066","136.140157"
"花知集会所","三重県熊野市神川町花知162","33.965678","135.979416"
"旧神上中学校","三重県熊野市神川町神上198","33.949847","136.003651"
"旧神上小・中学校","三重県熊野市神川町神上63","33.946837","136.008579"
"神上生活改善センター","三重県熊野市神川町神上826","33.950392","136.007997"
"長原生活改善センター","三重県熊野市神川町長原604","33.94452","136.013309"
"旧青柳分校","三重県熊野市神川町柳谷262-3","33.959826","136.029247"
"避難目標地点","三重県熊野市須野町","33.946926","136.214623"
"国道高台１","三重県熊野市須野町","33.947478","136.213893"
"須野集会所","三重県熊野市須野町70","33.9478","136.216289"
"ＪＲ大泊駅付近高台","三重県熊野市大泊町","33.902443","136.119304"
"熊野尾鷲道大泊ＩＣ高台","三重県熊野市大泊町","33.903182","136.117814"
"市道大泊駐車帯","三重県熊野市大泊町","33.904273","136.117497"
"大泊集会所","三重県熊野市大泊町106","33.901246","136.118859"
"ホテル　なみ","三重県熊野市大泊町772-1","33.895738","136.116642"
"小向高台","三重県熊野市二木島町","33.937623","136.179862"
"避難目標地点","三重県熊野市二木島町","33.939655","136.179775"
"相川高台","三重県熊野市二木島町","33.942306","136.17876"
"東高台","三重県熊野市二木島町","33.940343","136.183157"
"最明寺・境内","三重県熊野市二木島町1062","33.939738","136.187019"
"旧荒坂中学校・グラウンド","三重県熊野市二木島町432","33.938157","136.177874"
"旧荒坂中学校","三重県熊野市二木島町432","33.938365","136.177525"
"旧荒坂小学校","三重県熊野市二木島町729","33.941789","136.180263"
"里高台","三重県熊野市二木島里町","33.94077","136.188461"
"二木島里町民会館","三重県熊野市二木島里町29","33.940023","136.188279"
"波田須多目的集会所","三重県熊野市波田須町464-3","33.91294","136.139293"
"波田須児童館","三重県熊野市波田須町561-2","33.912648","136.13734"
"佐渡多目的集会所","三重県熊野市飛鳥町佐渡212-3","33.941367","136.079966"
"飛鳥中学校","三重県熊野市飛鳥町小阪499","33.943049","136.096523"
"天理教飛鳥分教会","三重県熊野市飛鳥町小阪651-2","33.936711","136.093164"
"小又多目的集会所","三重県熊野市飛鳥町小又285","33.959316","136.110794"
"神山生活改善センター","三重県熊野市飛鳥町神山188-3","33.949241","136.072048"
"天理教神内分教会","三重県熊野市飛鳥町神山861-2","33.95147","136.068188"
"旧飛鳥小学校","三重県熊野市飛鳥町大又250","33.96276","136.105688"
"熊野市立飛鳥小学校","三重県熊野市飛鳥町野口","33.948478","136.075948"
"野口多目的集会所","三重県熊野市飛鳥町野口643-2","33.946462","136.075115"
"東高台","三重県熊野市甫母町","33.945008","136.201861"
"妙見神社高台","三重県熊野市甫母町263-2","33.944305","136.200167"
"甫母須野漁村センター","三重県熊野市甫母町300","33.945476","136.200735"
"旧甫母分校・グラウンド","三重県熊野市甫母町364","33.946652","136.1996"
"旧甫母分校","三重県熊野市甫母町364","33.946855","136.19953"
"高城ミニ公園","三重県熊野市木本町","33.894006","136.101055"
"新田高台４","三重県熊野市木本町","33.897896","136.103271"
"新田高台３","三重県熊野市木本町","33.900515","136.103597"
"新田高台２","三重県熊野市木本町","33.895386","136.108146"
"新田高台１","三重県熊野市木本町","33.894273","136.10982"
"要害山","三重県熊野市木本町","33.889445","136.100814"
"切立高台","三重県熊野市木本町","33.89347","136.099516"
"商工会議所","三重県熊野市木本町171","33.890749","136.104801"
"天理教南紀大教会","三重県熊野市木本町346","33.890444","136.10209"
"木本小学校","三重県熊野市木本町349","33.890883","136.102113"
"市民会館","三重県熊野市木本町624","33.891182","136.103069"
"きのもと会館","三重県熊野市木本町629","33.890585","136.100659"
"避難目標地点２","三重県熊野市有馬町","33.876393","136.072169"
"清水川高台２","三重県熊野市有馬町","33.880779","136.0885"
"清水川高台１","三重県熊野市有馬町","33.880592","136.089487"
"羽市木高台２","三重県熊野市有馬町","33.882934","136.093434"
"避難目標地点３","三重県熊野市有馬町","33.873576","136.07142"
"避難目標地点１","三重県熊野市有馬町","33.882316","136.078548"
"羽市木高台１","三重県熊野市有馬町","33.883539","136.094056"
"山崎高台","三重県熊野市有馬町","33.871925","136.070884"
"平高台","三重県熊野市有馬町","33.874722","136.070862"
"北村地高台","三重県熊野市有馬町","33.882026","136.084981"
"有馬中学校","三重県熊野市有馬町1398","33.879357","136.081393"
"奥有馬集会所","三重県熊野市有馬町1776","33.879517","136.080089"
"志原尻青年クラブ","三重県熊野市有馬町4636-1","33.843557","136.066592"
"志原尻津波避難タワー","三重県熊野市有馬町4701","33.846787","136.067337"
"ビジネスホテル七里ヶ浜","三重県熊野市有馬町5070","33.852091","136.070251"
"釜の平・丁塚集会所","三重県熊野市有馬町5142-2","33.854045","136.070413"
"ａニューマンション","三重県熊野市有馬町5209-3","33.86023","136.074277"
"汚泥再生処理施設・屋上","三重県熊野市有馬町5233","33.858717","136.073382"
"有馬小学校・屋上","三重県熊野市有馬町530","33.875571","136.085382"
"有馬小学校","三重県熊野市有馬町530","33.875369","136.08616"
"㈱夏山組三重支店","三重県熊野市有馬町5525","33.856661","136.07312"
"有馬第１公民館","三重県熊野市有馬町5557-2","33.867301","136.079352"
"有馬第１公民館・屋上","三重県熊野市有馬町5557-2","33.867306","136.079282"
"芝園津波避難タワー","三重県熊野市有馬町5731-5","33.869489","136.082424"
"国土交通省熊野維持出張所","三重県熊野市有馬町5821","33.860921","136.075851"
"有馬第２公民館","三重県熊野市有馬町596-2","33.876178","136.087879"
"向焼香場","三重県熊野市遊木町","33.924216","136.171118"
"里焼香場","三重県熊野市遊木町","33.926586","136.171802"
"旧遊木小学校・グラウンド","三重県熊野市遊木町108","33.928493","136.174942"
"旧遊木小学校","三重県熊野市遊木町108","33.928763","136.175526"
"光明寺・境内","三重県熊野市遊木町324","33.926234","136.174031"
"遊木漁民センター","三重県熊野市遊木町338-2","33.926031","136.173124"
"安永第二公園","三重県桑名市安永332-42","35.048508","136.675917"
"安永第一公園","三重県桑名市安永359-1","35.046205","136.67677"
"安永文化会館","三重県桑名市安永806-1","35.05167","136.678233"
"一色公園","三重県桑名市一色町5","35.05877","136.689948"
"益世小学校","三重県桑名市益生町59","35.057599","136.680223"
"深川公園","三重県桑名市下深谷部20-7","35.097047","136.671117"
"桑名北高等学校","三重県桑名市下深谷部2527","35.093285","136.6595"
"深江会館","三重県桑名市下深谷部3358","35.097862","136.660049"
"深谷桑栄教育集会所","三重県桑名市下深谷部367-55","35.107936","136.660436"
"深谷小学校","三重県桑名市下深谷部3683-1","35.101453","136.657613"
"吉野緑地","三重県桑名市下深谷部4600-33","35.097593","136.667425"
"吉野公園","三重県桑名市下深谷部4600-34","35.097928","136.665886"
"深谷児童センター","三重県桑名市下深谷部4798-1","35.097906","136.669805"
"深谷第一公園","三重県桑名市下深谷部4847-58","35.098368","136.668863"
"長儘公園","三重県桑名市下深谷部4919-20","35.101065","136.66694"
"深谷教育集会所","三重県桑名市下深谷部4929-2","35.102115","136.666158"
"深谷市民館","三重県桑名市下深谷部5074-2","35.103649","136.664818"
"深谷野球場","三重県桑名市下深谷部5080-7","35.103864","136.665933"
"深谷第二公園","三重県桑名市下深谷部5146","35.102832","136.666868"
"深谷まちづくり拠点施設","三重県桑名市下深谷部5180","35.100585","136.663235"
"高砂緑地公園","三重県桑名市下深谷部543-18","35.09673","136.667941"
"高砂公園","三重県桑名市下深谷部706-1","35.096453","136.666609"
"南高砂公園","三重県桑名市下深谷部770-5","35.093625","136.66815"
"霞公園","三重県桑名市霞町2-4","35.063858","136.670136"
"蛎塚ふれあいセンター","三重県桑名市蛎塚新田772-2","35.087645","136.666403"
"有吉台公園","三重県桑名市額田1000-168","35.064677","136.637762"
"中央遊歩道","三重県桑名市掛樋地内","35.057699","136.688344"
"立教小学校","三重県桑名市吉之丸10","35.062544","136.697341"
"九華公園","三重県桑名市吉之丸5-1","35.06463","136.698715"
"三之丸公園","三重県桑名市吉之丸7","35.067477","136.697298"
"京町公園","三重県桑名市京町7","35.063996","136.693229"
"桑部園公園","三重県桑名市桑部1023-8","35.052176","136.646398"
"桑名南ハイツ公園","三重県桑名市桑部1500-83","35.048756","136.646586"
"しのはら西公園","三重県桑名市桑部3275","35.051074","136.640367"
"桑部小学校","三重県桑名市桑部479-1","35.050555","136.653026"
"桑部まちづくり拠点施設","三重県桑名市桑部830-23","35.051882","136.650244"
"光和公園","三重県桑名市桑部字松ヶ下911-4","35.050916","136.647448"
"畷公園","三重県桑名市桑名625-1","35.069278","136.685506"
"修徳まちづくり拠点施設","三重県桑名市桑名628-58","35.06996","136.685348"
"諸戸苑第一公園","三重県桑名市桑名647-102","35.071831","136.690381"
"西池城公園","三重県桑名市五反田2356","35.076456","136.61423"
"若宮公園","三重県桑名市江場1405","35.056732","136.682927"
"勢似口公園","三重県桑名市江場47","35.05399","136.695719"
"エスバリュー桑名","三重県桑名市江場723-1","35.045783","136.686474"
"緑道","三重県桑名市江場地内","35.053522","136.695409"
"長折公園","三重県桑名市江場長折488-22","35.047722","136.69332"
"高塚第一公園","三重県桑名市高塚町3-5","35.070001","136.671721"
"高塚第二公園","三重県桑名市高塚町4-5","35.071964","136.671989"
"高塚第三公園","三重県桑名市高塚町6-5","35.071178","136.668256"
"今島集会所","三重県桑名市今島1930","35.111283","136.659466"
"今島公園","三重県桑名市今島1978","35.112911","136.662193"
"正和中学校","三重県桑名市坂井339-25","35.058962","136.635017"
"老松公園","三重県桑名市三栄町5","35.065608","136.690911"
"桑名西高等学校","三重県桑名市志知2839","35.047471","136.607689"
"久米公園","三重県桑名市志知3683-2","35.052586","136.614787"
"久米まちづくり拠点施設","三重県桑名市志知3838-8","35.052603","136.615432"
"久米小学校","三重県桑名市志知3846-1","35.051318","136.616356"
"志知地区集落センター","三重県桑名市志知4389","35.052539","136.608384"
"精義小学校","三重県桑名市寿町3-28","35.066319","136.68888"
"精義公園","三重県桑名市寿町3-5","35.066225","136.68813"
"陽和中学校","三重県桑名市小貝須1408-4","35.053067","136.696326"
"城東小学校","三重県桑名市小貝須1883-2","35.05704","136.699596"
"小貝須第一公園","三重県桑名市小貝須351-51","35.047097","136.692141"
"二線堤","三重県桑名市小貝須立田町地内","35.045802","136.702496"
"板取原公園","三重県桑名市松ノ木1-5","35.077124","136.648743"
"松ノ木公園","三重県桑名市松ノ木2-5","35.076285","136.642865"
"大山田南小学校","三重県桑名市松ノ木6-11-1","35.076093","136.640216"
"藤谷公園","三重県桑名市松ノ木7-5-1","35.073091","136.643292"
"上深谷集会所","三重県桑名市上深谷部2613","35.109918","136.653829"
"桑栄団地第二公園","三重県桑名市上深谷部367-27","35.108249","136.660254"
"桑栄団地第一公園","三重県桑名市上深谷部367-8","35.108031","136.659257"
"深谷桑栄市民館","三重県桑名市上深谷部415","35.106874","136.660501"
"上之輪集会所","三重県桑名市上之輪新田地内","35.079942","136.681502"
"西別所緑地公園","三重県桑名市上野965-1","35.057561","136.667899"
"笠松公園","三重県桑名市上野字笠松町地内","35.06207","136.672866"
"走井山公園","三重県桑名市城山町地内","35.061424","136.675717"
"日進小学校","三重県桑名市新屋敷126","35.05603","136.690858"
"日進まちづくり拠点施設","三重県桑名市新屋敷169","35.056503","136.694063"
"新屋敷公園","三重県桑名市新屋敷5","35.058464","136.693341"
"こはぢけ公園","三重県桑名市新西方2-124","35.073915","136.660259"
"よきとうげ公園","三重県桑名市新西方3-150","35.074521","136.656361"
"うまざかした公園","三重県桑名市新西方5-106","35.071169","136.660438"
"ななまがり公園","三重県桑名市新西方5-220","35.070049","136.657723"
"山坂下公園","三重県桑名市新倉持88","35.0593","136.663971"
"新築公園","三重県桑名市新築町5","35.063023","136.690505"
"矢田公園","三重県桑名市新矢田1-5","35.060105","136.680481"
"光風中学校","三重県桑名市新矢田2-37","35.061575","136.684084"
"新矢田公園","三重県桑名市新矢田2-5","35.061589","136.683152"
"桑名市庁舎南駐車場","三重県桑名市新矢田2-5-1","35.061514","136.683481"
"西森忠団地児童遊園","三重県桑名市森忠527-4","35.06718","136.618983"
"西場様公園","三重県桑名市神成町1-14","35.074193","136.676059"
"岸西下公園","三重県桑名市神成町2-5","35.074382","136.675442"
"草摘公園","三重県桑名市星見ヶ丘2-401","35.076265","136.633925"
"八尾公園","三重県桑名市星見ヶ丘3-1308","35.073775","136.62962"
"星川公園","三重県桑名市星見ヶ丘5-701","35.069007","136.631039"
"坂井公園","三重県桑名市星見ヶ丘6-701","35.067463","136.634706"
"星川東谷公園","三重県桑名市星見ヶ丘7-801","35.070063","136.634365"
"星見ヶ丘小学校","三重県桑名市星見ヶ丘8-501","35.071544","136.634658"
"桑名市スター２１","三重県桑名市星見ヶ丘8-601","35.071752","136.63339"
"二谷公園","三重県桑名市星見ヶ丘9-901","35.073724","136.633949"
"みかん畑公園","三重県桑名市星川字八尾1517-4","35.071075","136.628101"
"きよたけ公園","三重県桑名市清竹の丘8","35.073648","136.669844"
"西正和台公園","三重県桑名市西正和台2-5","35.049806","136.632396"
"希望ヶ丘第二南公園","三重県桑名市西別所1200-206","35.061746","136.657841"
"希望ヶ丘第二北公園","三重県桑名市西別所1200-372","35.062606","136.658431"
"希望ヶ丘第四公園","三重県桑名市西別所1200-374","35.063686","136.657063"
"希望ヶ丘第一南公園","三重県桑名市西別所1700-77","35.060903","136.660952"
"希望ヶ丘第一北公園","三重県桑名市西別所1700-79","35.06236","136.660872"
"希望ヶ丘第三公園","三重県桑名市西別所2138-13","35.064328","136.659504"
"西別所第一公園","三重県桑名市西別所2210","35.06346","136.66249"
"西別所第二公園","三重県桑名市西別所678-1","35.060229","136.661021"
"在良第一公園","三重県桑名市西別所945-5","35.057692","136.652586"
"青葉公園","三重県桑名市青葉町1-4","35.067765","136.672865"
"はまぐりプラザ（城東まちづくり拠点施設・漁業交流センター）","三重県桑名市赤須賀86-21","35.060033","136.702612"
"こばさか公園","三重県桑名市赤尾台1-37","35.051444","136.624796"
"どうしんだに公園","三重県桑名市赤尾台4-59","35.048017","136.62325"
"さわ公園","三重県桑名市赤尾台7-61","35.047972","136.62584"
"赤尾台ひがし公園","三重県桑名市赤尾台8-48","35.050241","136.628418"
"多度東小学校","三重県桑名市多度町下野代955","35.120353","136.648774"
"旧多度西小学校","三重県桑名市多度町古野110","35.136016","136.591314"
"東建多度カントリークラブ・名古屋","三重県桑名市多度町古野2692","35.127311","136.593586"
"多度北小学校","三重県桑名市多度町香取2202","35.139774","136.649077"
"多度中小学校","三重県桑名市多度町小山2060","35.135296","136.638555"
"多度まちづくり拠点施設","三重県桑名市多度町多度1-1-1","35.132225","136.630967"
"多度体育センター","三重県桑名市多度町多度738-4","35.134302","136.635165"
"多度中学校","三重県桑名市多度町柚井24","35.138401","136.64328"
"多度青葉小学校","三重県桑名市多度町力尾2304-2","35.118384","136.625248"
"バロー桑名東店屋上駐車場","三重県桑名市太一丸687-1","35.070803","136.690471"
"太平町集会所","三重県桑名市太平町52-3","35.034006","136.707426"
"中央緑地","三重県桑名市大央町地内","35.060491","136.689742"
"大貝須集落センター","三重県桑名市大貝須110-2","35.03799","136.694933"
"大山田第三広場","三重県桑名市大山田1-3-6","35.078718","136.640579"
"大山田コミュニティプラザ","三重県桑名市大山田1-7-4","35.07867","136.63977"
"大山田まちづくり拠点施設","三重県桑名市大山田1-9","35.079395","136.639871"
"大山田第三公園","三重県桑名市大山田2-5","35.080114","136.641142"
"光陵中学校","三重県桑名市大山田5-12","35.082803","136.633467"
"東谷第一公園","三重県桑名市大山田5-7-2","35.083463","136.634149"
"東谷第二公園","三重県桑名市大山田6-7-201","35.080049","136.637071"
"大山田北小学校","三重県桑名市大山田6-8","35.082487","136.636015"
"キング観光サウザンド桑名本店立体駐車場","三重県桑名市大字江場1574-1","35.053654","136.683151"
"みずかけ公園","三重県桑名市大仲新田新井水掛582-15","35.073234","136.611134"
"五反田公園","三重県桑名市大仲新田新井水掛613-11","35.07434","136.610296"
"柿安シティホール（桑名市民会館）","三重県桑名市中央町3-20","35.06388","136.689335"
"アピタ桑名店　立体駐車場","三重県桑名市中央町3-21","35.064228","136.687515"
"山本総合ビル（シティホテル）","三重県桑名市中央町3-23","35.064201","136.686466"
"柿安シティホール（桑名市民会館）駐車場","三重県桑名市中央町3-35","35.063046","136.689394"
"ヤマモリ体育館（桑名市体育館）","三重県桑名市中央町3-38","35.063108","136.689002"
"精義まちづくり拠点施設","三重県桑名市中央町3-49","35.063568","136.687398"
"中央児童遊園","三重県桑名市中央町4-5","35.061663","136.687931"
"中山公園","三重県桑名市中山町5","35.067328","136.623913"
"浦安公園","三重県桑名市長島町浦安129","35.03353","136.73613"
"長島温泉","三重県桑名市長島町浦安333","35.026485","136.72795"
"新栄公園","三重県桑名市長島町押付525-1","35.096377","136.70308"
"かおるヶ丘児童公園","三重県桑名市長島町押付535-25","35.099091","136.703026"
"押付公園","三重県桑名市長島町押付89-3","35.102154","136.706634"
"鎌ヶ地児童公園","三重県桑名市長島町鎌ヶ地44","35.082781","136.70781"
"東名阪法面緊急避難施設（４号箇所）","三重県桑名市長島町間々地内","35.109156","136.692336"
"なばなの里（駐車場）","三重県桑名市長島町駒江270","35.08132","136.70514"
"ながしま遊館ふれあい学習館","三重県桑名市長島町源部外面337","35.085532","136.708995"
"東名阪法面緊急避難施設（７号箇所）","三重県桑名市長島町高座地内","35.106912","136.688228"
"東名阪法面緊急避難施設（６号箇所）","三重県桑名市長島町高座地内","35.107676","136.689575"
"東名阪法面緊急避難施設（８号箇所）","三重県桑名市長島町高座地内","35.106574","136.688292"
"東名阪法面緊急避難施設（３号箇所）","三重県桑名市長島町高座地内","35.109542","136.692207"
"東名阪法面緊急避難施設（５号箇所）","三重県桑名市長島町高座地内","35.108014","136.689542"
"アクアプラザながら","三重県桑名市長島町十日外面139","35.081704","136.700721"
"長島教育集会所","三重県桑名市長島町十日外面153","35.084336","136.700176"
"東名阪法面緊急避難施設（１号箇所）","三重県桑名市長島町小島地内","35.112175","136.696832"
"東名阪法面緊急避難施設（２号箇所）","三重県桑名市長島町小島地内","35.1116","136.696606"
"ながしま荘","三重県桑名市長島町松ケ島733-24","35.086785","136.712446"
"長島地区市民センター","三重県桑名市長島町松ヶ島38","35.088199","136.698997"
"長島Ｂ＆Ｇ海洋センター","三重県桑名市長島町松ヶ島59","35.086717","136.698868"
"長島まちづくり拠点施設","三重県桑名市長島町松ヶ島61-3","35.086867","136.699287"
"姫御前公園","三重県桑名市長島町松ヶ島700-1","35.090493","136.712854"
"北姫御前公園","三重県桑名市長島町松ヶ島700-143","35.089725","136.712258"
"南姫御前公園","三重県桑名市長島町松ヶ島733-176","35.086007","136.712204"
"松蔭防災コミュニティセンター","三重県桑名市長島町松蔭845-7","35.037975","136.720107"
"揖斐川白鶏地区河川防災ステーション","三重県桑名市長島町松蔭944-7","35.032742","136.722108"
"ニューハートピア温泉・天然温泉ホテル長島","三重県桑名市長島町松之木604-2","35.127171","136.683333"
"長良導水管理所","三重県桑名市長島町西外面1026","35.094502","136.690313"
"長島中学校","三重県桑名市長島町西外面2175","35.093102","136.697856"
"平和公園","三重県桑名市長島町西外面2187","35.091539","136.699013"
"長島中部小学校","三重県桑名市長島町西外面2188","35.092373","136.698206"
"輪中の郷","三重県桑名市長島町西川1093","35.121794","136.688203"
"輪中ドーム","三重県桑名市長島町西川1100","35.122267","136.686445"
"長島北部分館","三重県桑名市長島町西川375","35.110142","136.687392"
"長島北部小学校","三重県桑名市長島町西川423","35.111686","136.685657"
"木曽三川公園　カルチャービレッジ","三重県桑名市長島町西川地先","35.12072","136.686123"
"長島浄化センタークリーンピア","三重県桑名市長島町赤地331-1","35.068286","136.713798"
"東名阪法面緊急避難施設（１２号箇所）","三重県桑名市長島町千倉地内","35.101216","136.68318"
"東名阪法面緊急避難施設（１１号箇所）","三重県桑名市長島町千倉地内","35.101589","136.683164"
"大倉児童公園","三重県桑名市長島町大倉1-219","35.107089","136.700018"
"大島公園","三重県桑名市長島町大島98","35.075419","136.708321"
"三重祭典ファミリーホール長島","三重県桑名市長島町長島萱町121-3","35.095333","136.700914"
"伊曽島漁業協同組合","三重県桑名市長島町白鶏1-1","35.050017","136.718356"
"桑名市津波避難誘導デッキ","三重県桑名市長島町白鶏1-19","35.04847","136.718477"
"伊曽島分館","三重県桑名市長島町白鶏1-2","35.048855","136.718476"
"伊曽島まちづくり拠点施設","三重県桑名市長島町白鶏1-38","35.048904","136.718782"
"白坊主山公園","三重県桑名市長島町白鶏733-2","35.038293","136.720076"
"福吉公園","三重県桑名市長島町福吉153","35.058925","136.716073"
"伊曽島小学校","三重県桑名市長島町福吉567","35.055705","136.716772"
"長島防災コミュニティセンター","三重県桑名市長島町平方150-1","35.103437","136.692893"
"東名阪法面緊急避難施設（９号箇所）","三重県桑名市長島町平方地内","35.104312","136.68606"
"東名阪法面緊急避難施設（１０号箇所）","三重県桑名市長島町平方地内","35.103982","136.686131"
"ラドーニ長島","三重県桑名市長島町又木3-1","35.096367","136.699844"
"松の台公園","三重県桑名市長島町又木85-42","35.093345","136.701755"
"ユニータウン公園","三重県桑名市長島町葭ヶ須714-78","35.074223","136.715371"
"伝馬公園","三重県桑名市伝馬町5","35.056809","136.688829"
"羽田団地児童遊園","三重県桑名市島田585","35.054274","136.623819"
"島田公園","三重県桑名市島田922-33","35.057039","136.617547"
"春日台公園","三重県桑名市東金井558-7","35.046143","136.672606"
"東正和台公園","三重県桑名市東正和台6-5","35.049458","136.637142"
"東太一丸公園","三重県桑名市東太一丸5","35.071487","136.693178"
"成徳中学校","三重県桑名市東汰上415-1","35.083542","136.673692"
"桑名北部野球場","三重県桑名市東汰上853","35.089026","136.678867"
"東方公園","三重県桑名市東方1122-4","35.073251","136.67834"
"徳成第一公園","三重県桑名市東方1601-14","35.062974","136.676456"
"徳成第三公園","三重県桑名市東方1620-100","35.064557","136.676159"
"桑名高等学校","三重県桑名市東方1795","35.066152","136.677222"
"大成まちづくり拠点施設","三重県桑名市東方2080-18","35.072002","136.676417"
"大成小学校","三重県桑名市東方2157","35.073081","136.676805"
"若竹公園","三重県桑名市東方2344","35.075985","136.669397"
"修徳小学校","三重県桑名市東方302-5","35.070392","136.684828"
"尾弓田公園","三重県桑名市東方3044","35.0764","136.678393"
"寺屋敷公園","三重県桑名市東方寺屋敷1356-11","35.068687","136.679826"
"筒尾第二公園","三重県桑名市筒尾3-5","35.080881","136.650309"
"筒尾第一公園","三重県桑名市筒尾5-5","35.083328","136.645182"
"大山田東小学校","三重県桑名市筒尾8-11-1","35.081215","136.643592"
"陵成中学校","三重県桑名市筒尾8-12","35.080805","136.642443"
"大山田第四公園","三重県桑名市筒尾9-5","35.080671","136.645456"
"焼尾公園","三重県桑名市藤が丘2-801","35.078521","136.65315"
"藤が丘デザイン公園","三重県桑名市藤が丘4-105","35.075844","136.649668"
"敷谷公園","三重県桑名市藤が丘5-501","35.073621","136.648899"
"藤が丘小学校","三重県桑名市藤が丘6-109-1","35.075054","136.648046"
"小家場公園","三重県桑名市藤が丘9-501","35.074959","136.653339"
"内堀公園","三重県桑名市内堀5","35.062572","136.69519"
"内堀南公園","三重県桑名市内堀5-1","35.060763","136.69549"
"貝塚公園","三重県桑名市内堀5-2","35.061062","136.698114"
"立教まちづくり拠点施設","三重県桑名市内堀7","35.062923","136.694441"
"能部公民館","三重県桑名市能部1120-1","35.051996","136.63491"
"能部第二公園","三重県桑名市能部525-21","35.052075","136.636326"
"農住第一公園","三重県桑名市播磨3092","35.077463","136.677495"
"大和まちづくり拠点施設","三重県桑名市播磨734-1","35.07962","136.669972"
"大和小学校","三重県桑名市播磨770","35.080646","136.669223"
"播磨台公園","三重県桑名市播磨779","35.079651","136.669483"
"益世まちづくり拠点施設","三重県桑名市馬道1-33-3","35.059558","136.681166"
"梅園公園","三重県桑名市梅園通4","35.066144","136.672082"
"薬師堂","三重県桑名市稗田725","35.055482","136.659713"
"福岡町集会所","三重県桑名市福岡町295-3","35.02575","136.699179"
"湾岸桑名物流事務所","三重県桑名市福岡町475-1","35.026715","136.704172"
"矢田野公園","三重県桑名市福島969-27","35.071604","136.688444"
"福島公園","三重県桑名市福島新町106","35.078317","136.681988"
"歴史を語る公園","三重県桑名市片町地内","35.063904","136.695845"
"七和小学校","三重県桑名市芳ヶ崎1232-2","35.074737","136.619225"
"桑名工業高等学校","三重県桑名市芳ヶ崎1330-1","35.076302","136.61691"
"七和まちづくり拠点施設","三重県桑名市芳ヶ崎1365-1","35.073761","136.616816"
"芳ヶ崎団地児童遊園","三重県桑名市芳ヶ崎1380-1","35.072788","136.616555"
"ＮＴＮ総合運動公園（桑名市総合運動公園）","三重県桑名市芳ヶ崎1859-4","35.089134","136.631735"
"森忠公園","三重県桑名市芳ヶ崎字ハサマ897-1","35.067768","136.617882"
"北川原公園","三重県桑名市北川原台5","35.099912","136.663453"
"北別所第一公園","三重県桑名市北別所1131-8","35.070683","136.675225"
"鍋屋公園","三重県桑名市本願寺字西裏25-17","35.055337","136.68813"
"大堀公園","三重県桑名市本願寺大堀315-4","35.058526","136.677332"
"春日神社会館ＴＨＥ　ＫＡＳＵＧＡ","三重県桑名市本町46","35.065434","136.694931"
"明正中学校","三重県桑名市明正町31","35.057887","136.674991"
"大山田西小学校","三重県桑名市野田2-8","35.079771","136.632252"
"大山田第二公園","三重県桑名市野田3-5","35.081459","136.632207"
"野田公園","三重県桑名市野田6-5","35.078267","136.629778"
"矢田磧公園","三重県桑名市矢田磧193-9","35.059415","136.68731"
"緑道","三重県桑名市柳原地内","35.058348","136.696595"
"川岸町公園","三重県桑名市友村431-30","35.057731","136.621137"
"ささお公園","三重県桑名市陽だまりの丘1-1301","35.086035","136.648292"
"播磨中央公園","三重県桑名市陽だまりの丘2-101","35.086262","136.642415"
"しおがま公園","三重県桑名市陽だまりの丘2-501","35.087346","136.646045"
"ひだまりの丘公園","三重県桑名市陽だまりの丘4-1601","35.090565","136.640877"
"桑名市陽だまりの丘複合施設「ぽかぽか」","三重県桑名市陽だまりの丘4-2201-2","35.089011","136.64156"
"おがわら公園","三重県桑名市陽だまりの丘7-2201","35.086415","136.63812"
"おくしんでん公園","三重県桑名市陽だまりの丘8-1001","35.08506","136.636217"
"大山田第一公園","三重県桑名市陽だまりの丘8-105","35.08596","136.631528"
"里公園","三重県桑名市里町5","35.065553","136.622588"
"立花公園","三重県桑名市立花町1-4","35.064152","136.674439"
"立田町集会所","三重県桑名市立田町146-2","35.040187","136.705972"
"城南河川防災センター","三重県桑名市立田町267","35.037688","136.706034"
"在良小学校","三重県桑名市蓮花寺129-2","35.058943","136.652549"
"蓮花寺諸戸苑公園","三重県桑名市蓮花寺1605-8","35.068628","136.647518"
"在良まちづくり拠点施設","三重県桑名市蓮花寺263-1","35.059508","136.651497"
"蓮花寺住宅第三北公園","三重県桑名市蓮花寺644-152","35.064233","136.64821"
"蓮花寺住宅第四公園","三重県桑名市蓮花寺644-153","35.066108","136.648001"
"蓮花寺住宅第三南公園","三重県桑名市蓮花寺644-156","35.062929","136.64724"
"蓮花寺住宅第一公園","三重県桑名市蓮花寺644-85","35.063777","136.649702"
"白山会館","三重県桑名市蓮花寺827","35.062751","136.650055"
"蓮花寺住宅第二公園","三重県桑名市蓮花寺979-69","35.06595","136.649557"
"町屋川緑地公園","三重県桑名市和泉1124","35.04096","136.680862"
"城南小学校","三重県桑名市和泉269-1","35.045005","136.687059"
"城南まちづくり拠点施設","三重県桑名市和泉667","35.042743","136.68868"
"大羽根園自治会公会所","三重県菰野町大羽根園並木通4","35.016937","136.493588"
"永井集落センター","三重県菰野町大字永井3832","35.050698","136.528965"
"音羽公会所","三重県菰野町大字音羽585-1","35.029819","136.498223"
"下村公会所","三重県菰野町大字下村2166-3","35.020221","136.542446"
"吉沢集落センター","三重県菰野町大字吉沢1792-2","35.016211","136.527434"
"第三区民栄会館","三重県菰野町大字菰野1419-8","35.011582","136.513582"
"川原町集会所","三重県菰野町大字菰野1778","35.016286","136.508826"
"菰野第二区公民館","三重県菰野町大字菰野2203-1","35.012783","136.503372"
"神明公会所","三重県菰野町大字菰野8475-22","35.013092","136.476935"
"菰野第一区第一公会所","三重県菰野町大字菰野9007","35.00818","136.494519"
"根の平公会所","三重県菰野町大字根の平114-1","35.060173","136.483628"
"榊公会所","三重県菰野町大字榊303","35.055117","136.507554"
"一本木公会所","三重県菰野町大字榊895-44","35.049578","136.498561"
"宿野公会所","三重県菰野町大字宿野230-1","35.006956","136.526117"
"潤田集落研修センター","三重県菰野町大字潤田499","35.025287","136.513692"
"三滝園公会所","三重県菰野町大字潤田650-177","35.019557","136.51241"
"小島集落センター","三重県菰野町大字小島1687-1","35.068065","136.526143"
"松涛園公会所","三重県菰野町大字小島417-185","35.059426","136.516776"
"神森集落センター","三重県菰野町大字神森705","35.004308","136.537168"
"諏訪公会所","三重県菰野町大字諏訪3822","35.031725","136.537834"
"青葉台公会所","三重県菰野町大字杉谷1572-187","35.049171","136.500186"
"杉谷公会所","三重県菰野町大字杉谷776-1","35.058698","136.496897"
"切畑公会所","三重県菰野町大字切畑700","35.073077","136.478294"
"千草区区民センター","三重県菰野町大字千草2510","35.034222","136.489407"
"千草公会所","三重県菰野町大字千草2763","35.033951","136.489731"
"岡公民館","三重県菰野町大字千草4127-10","35.03115","136.508066"
"株式会社マキテック三重工場","三重県菰野町大字千草4633-9","35.036671","136.510609"
"福松構造改善センター","三重県菰野町大字千草5364-16","35.03829","136.500153"
"奥郷構造改善センター","三重県菰野町大字千草6368-2","35.041515","136.500906"
"江野区公会所","三重県菰野町大字千草7045-897","35.020397","136.48015"
"グリーンホテル","三重県菰野町大字千草7054-173","35.013668","136.470433"
"川北公会所","三重県菰野町大字川北563","35.028219","136.547665"
"大強原公会所","三重県菰野町大字大強原3482-1","35.027645","136.529522"
"池底集落センター","三重県菰野町大字池底1152","35.03363","136.522787"
"竹成区公会堂","三重県菰野町大字竹成2116","35.049686","136.51506"
"田光公会堂","三重県菰野町大字田光2066","35.072198","136.503847"
"田口公会所","三重県菰野町大字田口2495","35.082685","136.501309"
"日丘区公会所","三重県菰野町大字田口新田117-66","35.086615","136.506639"
"田口新田公会所","三重県菰野町大字田口新田2256","35.084222","136.518513"
"美山区公会所","三重県菰野町大字田口新田232-32","35.082729","136.512206"
"南部公民館","三重県菰野町大字福村148","35.013817","136.518138"
"福村公会所","三重県菰野町大字福村272","35.010726","136.52496"
"山地コミュニティセンター駐車場","三重県御浜町大字阿田和3424-1","33.781435","136.026147"
"芝地下地地区津波避難タワー","三重県御浜町大字阿田和4394","33.796422","136.039194"
"ＪＡ伊勢三重南紀地区本部（屋上）","三重県御浜町大字阿田和4694-4","33.802254","136.041416"
"紀南病院駐車場","三重県御浜町大字阿田和4750","33.803087","136.039118"
"御浜町役場駐車所","三重県御浜町大字阿田和6120-1","33.814056","136.048564"
"上地地区一時避難場所","三重県御浜町大字阿田和6227","33.797768","136.032088"
"御浜小学校グラウンド","三重県御浜町大字下市木1956","33.831707","136.046647"
"三軒屋地区津波避難タワー","三重県御浜町大字下市木4257-6","33.8374","136.061197"
"浜組地区津波避難タワー","三重県御浜町大字下市木4536","33.827299","136.055281"
"萩内・はまゆう台地区津波避難タワー","三重県御浜町大字下市木859","33.819082","136.051407"
"柿原公民館駐車場","三重県御浜町大字柿原734","33.801396","136.017579"
"阪本コミュニティセンター横グラウンド","三重県御浜町大字阪本1099","33.859466","135.996113"
"御浜中学校グラウンド","三重県御浜町大字志原1909-14","33.844318","136.05376"
"上市木公民館横グラウンド","三重県御浜町大字上市木2378","33.829162","136.032978"
"尾呂志体育館駐車場","三重県御浜町大字上野196-7","33.845678","135.982022"
"尾呂志公民館駐車場","三重県御浜町大字上野25","33.852588","135.98192"
"尾呂志学園駐車場","三重県御浜町大字上野535-5","33.855112","135.981582"
"神木公民館駐車場","三重県御浜町大字神木611","33.869441","136.027866"
"西原集会所駐車場","三重県御浜町大字西原221-3","33.829851","135.993779"
"中立コミュニティセンター横グラウンド","三重県御浜町大字中立397","33.823376","136.004629"
"じばさん","三重県四日市市安島1-3-18","34.968398","136.615783"
"文化会館","三重県四日市市安島2-5-3","34.97045","136.612499"
"鵜の森公園","三重県四日市市鵜の森1-251","34.964744","136.616073"
"塩浜小学校グランド","三重県四日市市塩浜町1","34.929015","136.630787"
"塩浜小学校","三重県四日市市塩浜町1","34.929494","136.630663"
"三重北勢健康増進センター","三重県四日市市塩浜町1-11","34.929386","136.627158"
"塩浜地区市民センター","三重県四日市市塩浜本町1-1","34.932413","136.625312"
"大矢知地区市民センター","三重県四日市市下さざらい町1-3","35.018492","136.64269"
"北勢きらら学園","三重県四日市市下海老町161","35.021663","136.574723"
"北勢きらら学園グランド","三重県四日市市下海老町161","35.020661","136.575941"
"大池中学校","三重県四日市市下海老町2662-1","35.004679","136.571295"
"大池中学校グランド","三重県四日市市下海老町2662-1","35.004192","136.571209"
"あさけプラザ","三重県四日市市下之宮町296-1","35.01445","136.642397"
"河原田地区市民センター","三重県四日市市河原田町159","34.917509","136.59643"
"県立四日市農芸高校","三重県四日市市河原田町2847","34.913028","136.592773"
"県立四日市農芸高校グランド","三重県四日市市河原田町2847","34.914124","136.591818"
"河原田小学校グランド","三重県四日市市河原田町70","34.915399","136.59596"
"河原田小学校","三重県四日市市河原田町70","34.915628","136.59678"
"北勢地方卸売市場組合管理棟","三重県四日市市河原田町712","34.919169","136.607984"
"三浜文化会館グランド","三重県四日市市海山道町1-1532-1","34.945807","136.621596"
"三浜文化会館","三重県四日市市海山道町1-1532-1","34.946273","136.621666"
"八郷西小学校グランド","三重県四日市市萱生町1086","35.022597","136.603053"
"八郷西小学校","三重県四日市市萱生町1086","35.023049","136.60374"
"私立暁中学・高等学校グランド","三重県四日市市萱生町238","35.031372","136.599738"
"私立暁高等学校","三重県四日市市萱生町238","35.032637","136.602093"
"私立暁中学・高等学校","三重県四日市市萱生町238","35.030678","136.598488"
"市立図書館","三重県四日市市久保田1-2-42","34.97191","136.611549"
"中央小学校","三重県四日市市元新町2-36","34.96719","136.628267"
"中央小学校グランド","三重県四日市市元新町2-36","34.966795","136.628197"
"高花平小学校グランド","三重県四日市市高花平2-1","34.953304","136.554201"
"高花平小学校","三重県四日市市高花平2-1","34.953665","136.553863"
"三滝中学校グランド","三重県四日市市高角町2068-2","34.983668","136.549313"
"三滝中学校","三重県四日市市高角町2068-2","34.984252","136.549399"
"神前地区市民センター","三重県四日市市高角町2977","34.985887","136.567294"
"橋北中学校グランド","三重県四日市市高浜町1-4","34.977052","136.634954"
"橋北中学校","三重県四日市市高浜町1-4","34.977614","136.635303"
"内部東小学校グランド","三重県四日市市采女町423-4","34.930076","136.581032"
"内部東小学校","三重県四日市市采女町423-4","34.930947","136.580823"
"内部地区市民センター","三重県四日市市采女町857-1","34.925036","136.580436"
"内部小学校グランド","三重県四日市市采女町888-1","34.927059","136.577641"
"内部小学校","三重県四日市市采女町888-1","34.92753","136.577481"
"桜台小学校","三重県四日市市桜台1-32","34.986114","136.532592"
"桜台小学校グランド","三重県四日市市桜台1-32","34.985547","136.532442"
"桜小学校グランド","三重県四日市市桜町1257","34.994061","136.532126"
"桜小学校","三重県四日市市桜町1257","34.994768","136.532292"
"桜地区市民センター","三重県四日市市桜町1399","34.993626","136.529647"
"桜中学校グランド","三重県四日市市桜町1604","34.991577","136.524434"
"桜中学校","三重県四日市市桜町1604","34.992144","136.524386"
"県立四日市西高校グランド","三重県四日市市桜町6100","34.990985","136.531363"
"県立四日市西高校","三重県四日市市桜町6100","34.991649","136.532881"
"西笹川中学校","三重県四日市市笹川4-104","34.945556","136.569762"
"西笹川中学校グランド","三重県四日市市笹川4-104","34.945125","136.569902"
"笹川西公園","三重県四日市市笹川5-5","34.947144","136.573131"
"旧笹川西小学校","三重県四日市市笹川5-62","34.947006","136.571867"
"旧笹川西小学校グランド","三重県四日市市笹川5-62","34.947072","136.571245"
"笹川小学校","三重県四日市市笹川6-25","34.946913","136.5759"
"笹川小学校グランド","三重県四日市市笹川6-25","34.946539","136.57663"
"笹川東公園","三重県四日市市笹川6-5","34.946779","136.574815"
"三重西小学校グランド","三重県四日市市三重3-129","34.990636","136.586944"
"三重西小学校","三重県四日市市三重3-129","34.99035","136.586359"
"三重平中学校","三重県四日市市三重8-1","34.987243","136.583194"
"三重平中学校グランド","三重県四日市市三重8-1","34.986659","136.58307"
"小山田小学校","三重県四日市市山田町1373-1","34.94742","136.533076"
"小山田小学校グランド","三重県四日市市山田町1373-1","34.946835","136.533108"
"小山田地区市民センター","三重県四日市市山田町1373-3","34.946086","136.534589"
"三重北小学校","三重県四日市市山之一色町90","35.00858","136.602418"
"三重北小学校グランド","三重県四日市市山之一色町90","35.009081","136.601619"
"保々地区市民センター","三重県四日市市市場町3039-5","35.049931","136.560837"
"私立暁小学校運動場","三重県四日市市蒔田3-3-37","35.016907","136.655786"
"私立暁小学校","三重県四日市市蒔田3-3-37","35.01703","136.656365"
"四郷地区市民センター","三重県四日市市室山町645","34.952778","136.5762"
"港中学校グランド","三重県四日市市十七軒町10-41","34.956958","136.624247"
"港中学校","三重県四日市市十七軒町10-41","34.957486","136.623614"
"松原公園","三重県四日市市松原町255-5","35.00954","136.654441"
"松原野球場","三重県四日市市松原町255-5","35.010432","136.653186"
"常磐地区市民センター","三重県四日市市城西町8-11","34.964688","136.604709"
"常磐小学校グランド","三重県四日市市城西町9-14","34.965025","136.6033"
"常磐小学校","三重県四日市市城西町9-14","34.965438","136.603434"
"橋北地区市民センター","三重県四日市市新浜町14-11","34.973111","136.633466"
"三滝公園","三重県四日市市新浜町5","34.972191","136.63629"
"総合会館","三重県四日市市諏訪町2-2","34.965188","136.623656"
"水沢地区市民センター","三重県四日市市水沢町2109-2","34.97351","136.479905"
"水沢小学校グランド","三重県四日市市水沢町2491","34.973176","136.478202"
"水沢小学校","三重県四日市市水沢町2491","34.973382","136.478582"
"星の広場","三重県四日市市水沢町4279-1","34.984403","136.468776"
"県立四日市中央工業高校グランド","三重県四日市市菅原町678","34.995338","136.558673"
"県立四日市中央工業高校","三重県四日市市菅原町678","34.996041","136.558116"
"中部地区市民センター","三重県四日市市西浦1-8-3","34.969873","136.61771"
"中部中学校","三重県四日市市西浦2-5-36","34.97252","136.61877"
"中部中学校グランド","三重県四日市市西浦2-5-36","34.972015","136.618486"
"西陵中学校グランド","三重県四日市市西山町7229","34.957366","136.523379"
"西陵中学校","三重県四日市市西山町7229","34.957928","136.522929"
"県営北勢中央公園","三重県四日市市西村町1080","35.065133","136.547182"
"保々小学校グランド","三重県四日市市西村町2741","35.051355","136.56058"
"保々小学校","三重県四日市市西村町2741","35.051732","136.55976"
"保々中学校グランド","三重県四日市市西村町2787-2","35.052101","136.560827"
"保々中学校","三重県四日市市西村町2787-2","35.052488","136.560618"
"笹川中学校グランド","三重県四日市市西日野町268-2","34.951254","136.58957"
"笹川中学校","三重県四日市市西日野町268-2","34.950744","136.58993"
"四郷小学校","三重県四日市市西日野町3207-1","34.955279","136.583137"
"四郷小学校グランド","三重県四日市市西日野町3207-1","34.954852","136.583206"
"四日市市障害者体育センター","三重県四日市市西日野町4070-1","34.949927","136.587305"
"県小学校グランド","三重県四日市市赤水町1002","35.010654","136.556018"
"県小学校","三重県四日市市赤水町1002","35.011089","136.556206"
"県地区市民センター","三重県四日市市赤水町957","35.00966","136.555536"
"八郷地区市民センター","三重県四日市市千代田町267-1","35.029368","136.626111"
"橋北小学校","三重県四日市市川原町25-22","34.974998","136.629387"
"橋北小学校グランド","三重県四日市市川原町25-22","34.974633","136.629333"
"川島地区市民センター","三重県四日市市川島新町1","34.976909","136.558471"
"川島小学校グランド","三重県四日市市川島町2046","34.970048","136.564988"
"川島小学校","三重県四日市市川島町2046","34.970039","136.565953"
"南中学校","三重県四日市市前田町18-17","34.935674","136.595477"
"南中学校グランド","三重県四日市市前田町18-17","34.936189","136.595171"
"神前小学校","三重県四日市市曽井町493-1","34.985078","136.568144"
"神前小学校グランド","三重県四日市市曽井町493-1","34.985377","136.568354"
"なやプラザグランド","三重県四日市市蔵町4-17","34.964941","136.633397"
"なやプラザ","三重県四日市市蔵町4-17","34.965363","136.633418"
"羽津地区市民センター","三重県四日市市大宮町13-12","34.989832","136.633482"
"羽津小学校グランド","三重県四日市市大宮町16-35","34.990269","136.631012"
"羽津小学校","三重県四日市市大宮町16-35","34.990743","136.630352"
"羽津北小学校グランド","三重県四日市市大字羽津500","34.998309","136.636111"
"羽津北小学校","三重県四日市市大字羽津500","34.998946","136.63646"
"垂坂公園・羽津山緑地","三重県四日市市大字羽津甲","35.001422","136.622361"
"羽津中学校グランド","三重県四日市市大字羽津甲26","34.997708","136.622967"
"羽津中学校","三重県四日市市大字羽津甲26","34.998143","136.622238"
"塩浜中学校グランド","三重県四日市市大字塩浜4096","34.927114","136.621418"
"塩浜中学校","三重県四日市市大字塩浜4096","34.927009","136.620614"
"常磐西小学校グランド","三重県四日市市大字松本764","34.962528","136.587101"
"常磐西小学校","三重県四日市市大字松本764","34.963254","136.586978"
"常磐中学校グランド","三重県四日市市大字松本810","34.962661","136.585445"
"常磐中学校","三重県四日市市大字松本810","34.963122","136.585402"
"海蔵小学校","三重県四日市市大字東阿倉川578-1","34.983112","136.620894"
"海蔵小学校グランド","三重県四日市市大字東阿倉川578-1","34.98281","136.621606"
"海蔵地区市民センター","三重県四日市市大字東阿倉川622-1","34.983486","136.619484"
"山手中学校グランド","三重県四日市市大字東阿倉川70","34.989246","136.62323"
"山手中学校","三重県四日市市大字東阿倉川70","34.990139","136.623617"
"県立四日市南高校グランド","三重県四日市市大字日永4917","34.950815","136.591548"
"県立四日市南高校","三重県四日市市大字日永4917","34.951259","136.591548"
"泊山小学校グランド","三重県四日市市大字日永5530-19","34.942351","136.586433"
"泊山小学校","三重県四日市市大字日永5530-19","34.942831","136.586325"
"南部丘陵公園","三重県四日市市大字泊村","34.940743","136.580405"
"県立北星高校グランド","三重県四日市市大字茂福668-1","35.007922","136.641842"
"県立北星高校","三重県四日市市大字茂福668-1","35.008506","136.641359"
"大谷台小学校グランド","三重県四日市市大谷台1-204","35.000903","136.614246"
"大谷台小学校","三重県四日市市大谷台1-204","35.001619","136.614708"
"大矢知興譲小学校","三重県四日市市大矢知町1212","35.021015","136.633817"
"大矢知興譲小学校グランド","三重県四日市市大矢知町1212","35.020444","136.634133"
"県立朝明高校","三重県四日市市中野町2216","35.040183","136.546722"
"県立朝明高校グランド","三重県四日市市中野町2216","35.039436","136.546904"
"下野小学校","三重県四日市市朝明町475-1","35.040816","136.588897"
"下野小学校グランド","三重県四日市市朝明町475-1","35.040333","136.588714"
"下野地区市民センター","三重県四日市市朝明町914-3","35.041125","136.588111"
"私立海星中・高等学校","三重県四日市市追分1-9-34","34.934665","136.600507"
"私立海星中・高等学校グランド","三重県四日市市追分1-9-34","34.93452","136.601397"
"富洲原中学校","三重県四日市市天カ須賀5-3-10","35.014426","136.667739"
"富洲原中学校グランド","三重県四日市市天カ須賀5-3-10","35.014109","136.667401"
"三重小学校","三重県四日市市東坂部町222-2","34.994204","136.598816"
"三重小学校グランド","三重県四日市市東坂部町222-2","34.993764","136.599111"
"三重地区市民センター","三重県四日市市東坂部町71-2","34.992596","136.596623"
"橋北交流会館","三重県四日市市東新町26-32","34.976066","136.637015"
"橋北交流会館グランド","三重県四日市市東新町26-32","34.975644","136.636849"
"富田中学校","三重県四日市市東茂福町4-19","34.997601","136.64972"
"富田中学校グランド","三重県四日市市東茂福町4-19","34.997052","136.649451"
"楠防災会館前広場","三重県四日市市楠町南五味塚292-1","34.907779","136.635355"
"楠防災会館","三重県四日市市楠町南五味塚292-1","34.907903","136.635242"
"楠福祉会館","三重県四日市市楠町南五味塚60","34.907079","136.632944"
"楠福祉会館前広場","三重県四日市市楠町南五味塚60","34.906714","136.632917"
"楠避難会館グランド","三重県四日市市楠町南五味塚600-1","34.903271","136.638206"
"楠避難会館","三重県四日市市楠町南五味塚600-1","34.90383","136.638437"
"楠中央緑地公園","三重県四日市市楠町北五味塚1211-1","34.914984","136.635626"
"楠交流会館","三重県四日市市楠町北五味塚1211-1","34.913273","136.636354"
"楠地区市民センター","三重県四日市市楠町北五味塚2060-72","34.913668","136.628113"
"楠小学校グランド","三重県四日市市楠町北五味塚2060-9","34.914061","136.627391"
"楠小学校","三重県四日市市楠町北五味塚2060-9","34.914541","136.627442"
"楠中学校グランド","三重県四日市市楠町北五味塚2092","34.912736","136.627183"
"楠中学校","三重県四日市市楠町北五味塚2092","34.913114","136.627424"
"日永小学校","三重県四日市市日永4-5-13","34.948708","136.601041"
"日永小学校グランド","三重県四日市市日永4-5-13","34.948255","136.601132"
"日永地区市民センター","三重県四日市市日永西3-2-18","34.951181","136.598736"
"中央緑地","三重県四日市市日永東1","34.95112","136.614094"
"中央第２体育館","三重県四日市市日永東1-3-21","34.952642","136.613973"
"総合体育館","三重県四日市市日永東1-3-21","34.952809","136.613426"
"県立四日市工業高校グランド","三重県四日市市日永東3-4-63","34.94392","136.607523"
"県立四日市工業高校","三重県四日市市日永東3-4-63","34.944843","136.607373"
"内部中学校グランド","三重県四日市市波木町697","34.934557","136.569324"
"内部中学校","三重県四日市市波木町697","34.935208","136.569528"
"南部丘陵公園","三重県四日市市波木町満足谷","34.937525","136.577117"
"県立四日市四郷高校グランド","三重県四日市市八王子町1654","34.95274","136.56173"
"県立四日市四郷高校","三重県四日市市八王子町1654","34.952806","136.56004"
"県立四日市商業高校","三重県四日市市尾平町2745","34.981602","136.592148"
"県立四日市商業高校グランド","三重県四日市市尾平町2745","34.980539","136.592861"
"富洲原小学校","三重県四日市市富州原町31-14","35.011401","136.661511"
"富洲原小学校グランド","三重県四日市市富州原町31-14","35.010821","136.661945"
"富洲原地区市民センター","三重県四日市市富州原町31-46","35.010851","136.663108"
"富田地区市民センター","三重県四日市市富田1-24-47","35.005198","136.65062"
"富田小学校","三重県四日市市富田1-24-49","35.005637","136.649646"
"富田小学校グランド","三重県四日市市富田1-24-49","35.004992","136.649609"
"県立四日市高校グランド","三重県四日市市富田4-1-43","35.006788","136.648042"
"県立四日市高校","三重県四日市市富田4-1-43","35.00746","136.647784"
"朝明中学校グランド","三重県四日市市平津町409-2","35.026598","136.617758"
"朝明中学校","三重県四日市市平津町409-2","35.026901","136.616626"
"八郷小学校","三重県四日市市平津町99-1","35.026594","136.626845"
"八郷小学校グランド","三重県四日市市平津町99-1","35.026845","136.626979"
"四日市メリノール学院駐車場","三重県四日市市平尾町2800","35.002015","136.569602"
"四日市メリノール学院","三重県四日市市平尾町2800","35.00117","136.569388"
"西朝明中学校グランド","三重県四日市市北山町1169","35.036299","136.5966"
"西朝明中学校","三重県四日市市北山町1169","35.036808","136.596665"
"中部西小学校グランド","三重県四日市市北町2-23","34.970715","136.62687"
"中部西小学校","三重県四日市市北町2-23","34.971172","136.626789"
"浜田小学校グランド","三重県四日市市北浜田町13-6","34.961581","136.62159"
"浜田小学校","三重県四日市市北浜田町13-6","34.962012","136.62188"
"本町プラザ","三重県四日市市本町9-8","34.965382","136.629082"
"安乗漁民センター","三重県志摩市阿児町安乗1070","34.358492","136.896136"
"安乗保育所","三重県志摩市阿児町安乗629-1","34.361616","136.901174"
"鵜方放課後児童クラブ","三重県志摩市阿児町鵜方1403-3","34.330125","136.822021"
"鵜方幼稚園","三重県志摩市阿児町鵜方1547","34.332811","136.823777"
"鵜方小学校　校舎","三重県志摩市阿児町鵜方1775","34.332573","136.825962"
"鵜方小学校　体育館","三重県志摩市阿児町鵜方1775","34.332603","136.825429"
"鵜方公民館","三重県志摩市阿児町鵜方1975","34.330358","136.826611"
"鵜方保育所","三重県志摩市阿児町鵜方237","34.336394","136.822816"
"神杣多目的集会所","三重県志摩市阿児町鵜方2682-393","34.338541","136.840675"
"文岡中学校　校舎","三重県志摩市阿児町鵜方3347-2","34.322663","136.825138"
"文岡中学校　体育館","三重県志摩市阿児町鵜方3347-2","34.322161","136.824536"
"東海小学校　校舎","三重県志摩市阿児町甲賀1518","34.313134","136.865878"
"東海小学校　体育館","三重県志摩市阿児町甲賀1518","34.313591","136.866201"
"東海中学校　体育館","三重県志摩市阿児町甲賀2088-1","34.318009","136.873815"
"東海中学校　校舎","三重県志摩市阿児町甲賀2088-1","34.317729","136.87392"
"甲賀北地区津波避難タワー","三重県志摩市阿児町甲賀235","34.323644","136.877081"
"甲賀社会体育館","三重県志摩市阿児町甲賀2385","34.319027","136.87943"
"甲賀地区公民館","三重県志摩市阿児町甲賀4647-1","34.318877","136.879717"
"国府地区防災施設","三重県志摩市阿児町国府2170-4","34.341766","136.872399"
"国府社会体育館","三重県志摩市阿児町国府2426","34.339343","136.87248"
"国府漁村センター緊急避難所","三重県志摩市阿児町国府2829-2","34.338024","136.875521"
"国府地区②津波避難タワー","三重県志摩市阿児町国府2873-5","34.334637","136.874215"
"旧安乗中学校　体育館","三重県志摩市阿児町国府3705-2","34.356658","136.890073"
"国府地区③津波避難タワー","三重県志摩市阿児町国府3784-2","34.330234","136.874682"
"国府地区①津波避難タワー","三重県志摩市阿児町国府4347-2","34.340101","136.874534"
"旧志島小学校　体育館","三重県志摩市阿児町志島532","34.311183","136.887061"
"志島保育所","三重県志摩市阿児町志島831-11","34.308717","136.885726"
"志島地区公民館","三重県志摩市阿児町志島94","34.310544","136.889075"
"阿児アリーナ","三重県志摩市阿児町神明1074-14","34.323075","136.830497"
"志摩市立図書館","三重県志摩市阿児町神明1074-15","34.322433","136.829816"
"うらじろ集会所","三重県志摩市阿児町神明1141-3","34.322186","136.834041"
"神明放課後児童クラブ","三重県志摩市阿児町神明346-4","34.312779","136.836579"
"神明小学校　体育館","三重県志摩市阿児町神明522-1","34.311916","136.832739"
"神明小学校　校舎","三重県志摩市阿児町神明522-1","34.311863","136.833469"
"旧立神小学校　体育館","三重県志摩市阿児町立神1538","34.299504","136.856575"
"立神ふれあいセンター","三重県志摩市阿児町立神2056","34.300784","136.857964"
"立神保育所","三重県志摩市阿児町立神2059","34.300756","136.857263"
"磯部小学校　体育館","三重県志摩市磯部町恵利原1275","34.374616","136.802567"
"磯部小学校　校舎","三重県志摩市磯部町恵利原1275","34.374612","136.802039"
"磯部こども園","三重県志摩市磯部町恵利原1275","34.373963","136.801701"
"磯部中学校　体育館","三重県志摩市磯部町恵利原1300","34.374843","136.801624"
"磯部中学校　校舎","三重県志摩市磯部町恵利原1300","34.375046","136.801196"
"磯部ふれあい公園　総合体育館","三重県志摩市磯部町恵利原557-1","34.387421","136.807806"
"旧ひのでが丘保育所","三重県志摩市磯部町坂崎1517","34.354987","136.844852"
"三ケ所地区防災施設","三重県志摩市磯部町三ケ所560-2","34.3617","136.863092"
"山原集会所","三重県志摩市磯部町山原240","34.366468","136.78608"
"成基社会体育館","三重県志摩市磯部町山原785","34.357844","136.767861"
"山田コミュニティセンター","三重県志摩市磯部町山田293","34.387342","136.818738"
"山田集会所","三重県志摩市磯部町山田313-6","34.386808","136.819191"
"的矢地区防災施設","三重県志摩市磯部町的矢866","34.370707","136.860822"
"渡鹿野島コミュニティ公園","三重県志摩市磯部町渡鹿野370-4","34.363828","136.875482"
"渡鹿野島開発総合センター","三重県志摩市磯部町渡鹿野444-2","34.361032","136.876241"
"ひまわり保育所","三重県志摩市磯部町迫間1190-1","34.372451","136.79049"
"梶坊集会所","三重県志摩市磯部町迫間1669-1","34.358069","136.78704"
"迫間文化会館","三重県志摩市磯部町迫間526-1","34.369525","136.799084"
"迫間中央集会所","三重県志摩市磯部町迫間580-1","34.369897","136.798392"
"越賀コミュニティセンター","三重県志摩市志摩町越賀1400","34.264093","136.79211"
"旧越賀中学校　体育館","三重県志摩市志摩町越賀1877","34.259167","136.786811"
"旧御座小学校　校舎","三重県志摩市志摩町御座630","34.274276","136.767278"
"御座コミュニティセンター","三重県志摩市志摩町御座701-1","34.275659","136.765363"
"布施田コミュニティセンター","三重県志摩市志摩町布施田876","34.258884","136.8266"
"旧布施田小学校　体育館","三重県志摩市志摩町布施田895","34.259229","136.825584"
"片田共同福祉施設","三重県志摩市志摩町片田2344-2","34.256409","136.845673"
"片田社会体育館","三重県志摩市志摩町片田2393","34.254878","136.843669"
"おりきの松公園多目的集会施設","三重県志摩市志摩町和具3006","34.257726","136.806582"
"志摩中学校　体育館","三重県志摩市志摩町和具303","34.258218","136.811433"
"志摩小学校　体育館","三重県志摩市志摩町和具314-1","34.258697","136.809506"
"和具漁港・志摩町和具地区津波避難タワー","三重県志摩市志摩町和具4144","34.255388","136.805366"
"間崎地区防災施設","三重県志摩市志摩町和具4354-1","34.289103","136.812746"
"志摩文化会館","三重県志摩市志摩町和具535","34.259628","136.814415"
"旧志摩幼保園","三重県志摩市志摩町和具660","34.258835","136.815102"
"船越地区公民館","三重県志摩市大王町船越133-40","34.270224","136.862347"
"船越社会体育館","三重県志摩市大王町船越1805","34.272779","136.863009"
"旧船越中学校　体育館","三重県志摩市大王町船越1903","34.274128","136.862996"
"大王中学校　校舎","三重県志摩市大王町波切1506-2","34.278203","136.882999"
"大王中学校　体育館","三重県志摩市大王町波切1506-2","34.27819","136.883745"
"総合教育センター","三重県志摩市大王町波切1985-4","34.279163","136.878646"
"ともやま公園野外活動センター","三重県志摩市大王町波切2199","34.287639","136.840904"
"大王こども園","三重県志摩市大王町波切3243-1","34.282667","136.884748"
"大王公民館","三重県志摩市大王町波切3902-2","34.289463","136.884244"
"大王柔剣道場","三重県志摩市大王町波切477-2","34.279595","136.895062"
"波切コミュニティセンター","三重県志摩市大王町波切490-3","34.27889","136.895948"
"大王小学校　校舎","三重県志摩市大王町波切877-3","34.278647","136.893857"
"大王小学校　体育館","三重県志摩市大王町波切877-3","34.277984","136.893064"
"畔名地区防災施設","三重県志摩市大王町畔名1004","34.293064","136.884265"
"畔名地区津波避難タワー","三重県志摩市大王町畔名302","34.298644","136.883329"
"畔名コミュニティセンター","三重県志摩市大王町畔名461-1","34.298835","136.881406"
"名田地区公民館","三重県志摩市大王町名田179","34.289635","136.893648"
"塩屋防災倉庫","三重県志摩市浜島町塩屋142-1","34.315793","136.765084"
"塩屋生涯学習センター","三重県志摩市浜島町塩屋200","34.316856","136.764139"
"浜島中学校　体育館","三重県志摩市浜島町塩屋604-5","34.308331","136.75912"
"南張生涯学習センター","三重県志摩市浜島町南張1614-1","34.308114","136.720158"
"迫子コミュニティセンター大崎会館","三重県志摩市浜島町迫子2594-10","34.302251","136.795808"
"迫塩社会体育館","三重県志摩市浜島町迫子497","34.316573","136.778378"
"桧山路生涯学習センター","三重県志摩市浜島町桧山路96-2","34.322204","136.753182"
"浜島小学校　校舎","三重県志摩市浜島町浜島1112","34.304964","136.749859"
"浜島小学校　体育館","三重県志摩市浜島町浜島1112","34.305281","136.750381"
"浜島地区津波避難タワー","三重県志摩市浜島町浜島506","34.295835","136.760433"
"浜島こども園","三重県志摩市浜島町浜島709","34.295888","136.757198"
"浜島こども園屋上","三重県志摩市浜島町浜島709","34.295809","136.757459"
"浜島生涯学習センター","三重県志摩市浜島町浜島755","34.296145","136.75657"
"伊勢寺小学校（校舎）","三重県松阪市伊勢寺町26","34.571832","136.482874"
"伊勢寺小学校（体育館）","三重県松阪市伊勢寺町26","34.571339","136.48247"
"東黒部地区市民センター","三重県松阪市垣内田町1-1","34.590766","136.598033"
"東黒部小学校（校舎）","三重県松阪市垣内田町6-1","34.588851","136.59795"
"東黒部小学校（体育館）","三重県松阪市垣内田町6-1","34.58913","136.597832"
"神戸地区市民センター","三重県松阪市垣鼻町1461-8","34.559852","136.541855"
"松阪高等学校（体育館）","三重県松阪市垣鼻町1664","34.56221","136.53918"
"久保中学校（校舎）","三重県松阪市垣鼻町1790-1","34.564753","136.536944"
"久保中学校（体育館）","三重県松阪市垣鼻町1790-1","34.563802","136.536832"
"第二小学校（校舎）","三重県松阪市垣鼻町633","34.566872","136.538466"
"第二小学校（体育館）","三重県松阪市垣鼻町633","34.566877","136.539058"
"鵲小学校（体育館）","三重県松阪市笠松町279","34.635049","136.527287"
"鵲小学校（校舎）","三重県松阪市笠松町279","34.635553","136.526643"
"国土交通省紀勢国道事務所","三重県松阪市鎌田町144-6","34.581649","136.532383"
"第四小学校（校舎）","三重県松阪市鎌田町428-4","34.583259","136.538859"
"第四小学校（体育館）","三重県松阪市鎌田町428-4","34.583915","136.53914"
"鎌田中学校（校舎）","三重県松阪市鎌田町656","34.5838","136.540717"
"鎌田中学校（体育館）","三重県松阪市鎌田町656","34.583332","136.53995"
"茅広江地区市民センター","三重県松阪市茅原町575","34.493654","136.473062"
"嬉野中学校（体育館）","三重県松阪市嬉野下之庄町1725","34.620347","136.472882"
"嬉野中学校（校舎）","三重県松阪市嬉野下之庄町1725","34.620143","136.471821"
"豊地農構センター","三重県松阪市嬉野下之庄町330-1","34.622077","136.459966"
"中郷公民館","三重県松阪市嬉野宮野町43-5","34.597604","136.4289"
"嬉野体育センター","三重県松阪市嬉野権現前町423-53","34.62301","136.481734"
"嬉野社会福祉センター","三重県松阪市嬉野権現前町423-9","34.623247","136.481022"
"嬉野宇気郷公民館","三重県松阪市嬉野小原町587","34.5532","136.376372"
"豊田農村集落センター","三重県松阪市嬉野須賀町1655","34.628818","136.494485"
"豊田小学校（校舎）","三重県松阪市嬉野川北町1338-2","34.631289","136.496975"
"豊田小学校（体育館）","三重県松阪市嬉野川北町1338-2","34.631723","136.496899"
"三重県農業大学校","三重県松阪市嬉野川北町530","34.632268","136.488669"
"中川新町地域交流センター","三重県松阪市嬉野中川新町3-95","34.633304","136.481061"
"中川小学校（体育館）","三重県松阪市嬉野中川町1057","34.636094","136.472747"
"中川小学校（校舎）","三重県松阪市嬉野中川町1057","34.635496","136.472753"
"嬉野生涯学習センター","三重県松阪市嬉野町1429-1","34.624797","136.482556"
"中原文化センター","三重県松阪市嬉野田村町425","34.608136","136.487307"
"中原小学校（体育館）","三重県松阪市嬉野田村町44","34.610072","136.486426"
"中原小学校（校舎）","三重県松阪市嬉野田村町44","34.61058","136.486511"
"豊地小学校（体育館）","三重県松阪市嬉野堀之内町229","34.621697","136.460048"
"豊地小学校（校舎）","三重県松阪市嬉野堀之内町229","34.621665","136.459257"
"三雲研修センター","三重県松阪市久米町2008","34.594319","136.509064"
"米ノ庄地区コミュニティセンター","三重県松阪市久米町926","34.601406","136.512826"
"三重高等学校（体育館）","三重県松阪市久保町1232-9","34.54875","136.538966"
"第五小学校（体育館）","三重県松阪市久保町276","34.562164","136.540236"
"第五小学校（校舎）","三重県松阪市久保町276","34.561918","136.540398"
"ホテル　ザ・グランコート松阪","三重県松阪市宮町238-2","34.575065","136.541129"
"東部中学校（校舎）","三重県松阪市魚見町884","34.565012","136.590107"
"東部中学校（体育館）","三重県松阪市魚見町884","34.564775","136.589397"
"エースイン・松阪","三重県松阪市京町516-1","34.575293","136.535383"
"第一隣保館","三重県松阪市京町54-1","34.574728","136.537289"
"ホテルＡＵ松阪","三重県松阪市京町１区28-2","34.575852","136.537816"
"マンション「エスポワールＭⅡ」","三重県松阪市郷津町26-1","34.588703","136.551716"
"マンション「エスポワールＭ」","三重県松阪市郷津町26-1","34.589034","136.551269"
"西中学校（体育館）","三重県松阪市曲町4-8","34.576857","136.497609"
"西中学校（校舎）","三重県松阪市曲町4-8","34.576624","136.498824"
"五主津波避難タワー","三重県松阪市五主町1589","34.632572","136.540268"
"山室山小学校（校舎）","三重県松阪市光町1","34.548936","136.517519"
"山室山小学校（体育館）","三重県松阪市光町1","34.548813","136.517995"
"港小学校（校舎）","三重県松阪市荒木町16","34.592371","136.537277"
"港小学校（体育館）","三重県松阪市荒木町16","34.592976","136.537498"
"マンション「フェリーチェ」","三重県松阪市荒木町73-2","34.590311","136.539868"
"松阪浄化センター","三重県松阪市高須町3922","34.600203","136.564263"
"丸亀ビル","三重県松阪市高町450-1","34.583182","136.55077"
"阪内防災センター","三重県松阪市阪内町197","34.523119","136.433918"
"マンション「アンジューⅤ」","三重県松阪市市場庄町1144","34.607136","136.516939"
"マンション「アンジュー」","三重県松阪市市場庄町1145","34.607362","136.517183"
"アピタ松阪三雲店","三重県松阪市市場庄町1266-1","34.604079","136.520424"
"米ノ庄小学校（体育館）","三重県松阪市市場庄町20","34.601449","136.508336"
"米ノ庄小学校（校舎）","三重県松阪市市場庄町20","34.601569","136.508669"
"射和小学校（体育館）","三重県松阪市射和町557-1","34.508367","136.538873"
"射和小学校（校舎）","三重県松阪市射和町557-1","34.508866","136.539101"
"射和地区市民センター","三重県松阪市射和町586-3","34.50849","136.538163"
"松阪商工会議所","三重県松阪市若葉町161-2","34.580298","136.54547"
"阿坂地区市民センター","三重県松阪市小阿坂町3315","34.590997","136.472609"
"阿坂小学校（校舎）","三重県松阪市小阿坂町3325","34.590425","136.472209"
"阿坂小学校（体育館）","三重県松阪市小阿坂町3325","34.590081","136.471538"
"三重県地方卸売市場","三重県松阪市小津町800","34.615495","136.522469"
"三重県地方卸売市場　津波避難タワー","三重県松阪市小津町800","34.614876","136.521774"
"大江中学校（体育館）","三重県松阪市小片野町228","34.482433","136.449213"
"大江中学校（校舎）","三重県松阪市小片野町228","34.482198","136.449642"
"大石地区市民センター","三重県松阪市小片野町2304-9","34.487863","136.443917"
"南小学校区放課後児童クラブ施設","三重県松阪市小片野町729-4","34.480368","136.442705"
"南小学校（体育館）","三重県松阪市小片野町945","34.482149","136.440603"
"南小学校（校舎）","三重県松阪市小片野町945","34.481788","136.441046"
"小野江小学校（校舎）","三重県松阪市小野江町355","34.644037","136.509594"
"小野江小学校（体育館）","三重県松阪市小野江町355","34.643648","136.509476"
"松ヶ崎地区市民センター","三重県松阪市松崎浦町738-1","34.609307","136.525751"
"松ヶ崎小学校（体育館）","三重県松阪市松崎浦町751-2","34.610932","136.522078"
"松ヶ崎小学校（校舎）","三重県松阪市松崎浦町751-2","34.611056","136.522469"
"松名瀬津波避難タワー","三重県松阪市松名瀬町1257-2","34.60255","136.579936"
"徳和小学校（校舎）","三重県松阪市上川町197-4","34.547937","136.550592"
"徳和小学校（体育館）","三重県松阪市上川町197-4","34.546987","136.550033"
"ワークセンター松阪","三重県松阪市上川町212-1","34.54665","136.550722"
"徳和地区コミュニティセンター","三重県松阪市上川町263-3","34.546756","136.549678"
"新屋敷取水所","三重県松阪市新屋敷町大字松山602-2","34.5742","136.590525"
"伊勢寺地区市民センター","三重県松阪市深長町905","34.572134","136.485324"
"鵲公民館","三重県松阪市星合町6-1","34.63493","136.525878"
"東地区市民センター","三重県松阪市清生町533","34.573132","136.543768"
"児童センター","三重県松阪市清生町622-1","34.574136","136.541084"
"東部カントリーエレベーター","三重県松阪市西黒部町3802","34.585903","136.566083"
"西黒部小学校（校舎）","三重県松阪市西黒部町713-1","34.586451","136.57423"
"西黒部小学校（体育館）","三重県松阪市西黒部町713-1","34.586141","136.574026"
"西黒部地区市民センター","三重県松阪市西黒部町713-32","34.586664","136.574877"
"第三小学校（校舎）","三重県松阪市西之庄町150","34.581287","136.524722"
"第三小学校（体育館）","三重県松阪市西之庄町150","34.580838","136.524752"
"松阪衛生センター","三重県松阪市西野々町721-1","34.579323","136.559226"
"松江小学校（体育館）","三重県松阪市川井町380-1","34.581714","136.516159"
"松江小学校（校舎）","三重県松阪市川井町380-1","34.582211","136.516605"
"子ども支援研究センター","三重県松阪市川井町690-1","34.578299","136.519378"
"橋西地区市民センター","三重県松阪市川井町772-10","34.579083","136.519193"
"イオンタウン松阪船江","三重県松阪市船江町1392-27","34.594105","136.523529"
"ハートフルみくも保健福祉センター","三重県松阪市曽原町2678","34.625218","136.53107"
"ハートフルみくもスポーツ文化センター","三重県松阪市曽原町2678","34.625363","136.531135"
"三重塗料株式会社","三重県松阪市曽原町478","34.630725","136.516369"
"天白小学校（体育館）","三重県松阪市曽原町774","34.622723","136.517897"
"天白小学校（校舎）","三重県松阪市曽原町774","34.62282","136.518219"
"天白公民館","三重県松阪市曽原町872","34.627077","136.516927"
"漕代地区市民センター","三重県松阪市早馬瀬町279-2","34.543528","136.588876"
"大河内地区市民センター","三重県松阪市大河内町796","34.525049","136.476073"
"朝見小学校（校舎）","三重県松阪市大宮田町195","34.570887","136.574085"
"朝見小学校（体育館）","三重県松阪市大宮田町195","34.570618","136.573961"
"朝見地区市民センター","三重県松阪市大宮田町209-4","34.571227","136.574296"
"マンション「Ｍ’ｓコルテ」","三重県松阪市大口町1-12","34.590577","136.544001"
"松和自動車学校","三重県松阪市大口町1624-1","34.606604","136.553315"
"株式会社大戸　鋼材センター","三重県松阪市大口町608","34.598253","136.549591"
"花岡地区市民センター","三重県松阪市大黒田町1235-2","34.562999","136.52047"
"花岡小学校（校舎）","三重県松阪市大黒田町757","34.560009","136.522242"
"花岡小学校（体育館）","三重県松阪市大黒田町757","34.559697","136.522021"
"大石防災センター","三重県松阪市大石町64-1","34.483524","136.427253"
"松阪牛の里オーシャンファーム武道館","三重県松阪市大足町1064","34.566072","136.508064"
"港地区市民センター","三重県松阪市大平尾町629-1","34.593492","136.537552"
"松尾小学校（校舎）","三重県松阪市丹生寺町566","34.549656","136.492319"
"松尾小学校（体育館）","三重県松阪市丹生寺町566","34.549951","136.493163"
"松尾地区コミュニティセンター","三重県松阪市丹生寺町605","34.549574","136.492908"
"ＪＡみえなか旧米ノ庄支店","三重県松阪市中ノ庄町121","34.60079","136.508118"
"フレックスホテル","三重県松阪市中央町36-18","34.579406","136.539543"
"マンション「メルベーユⅡ」","三重県松阪市中央町497-1","34.582672","136.542052"
"マンション「メルベーユ」","三重県松阪市中央町511-1","34.582971","136.542517"
"三雲中学校（校舎）","三重県松阪市中道町345","34.620209","136.513698"
"三雲中学校（体育館）","三重県松阪市中道町345","34.620681","136.513789"
"亀井ビル","三重県松阪市中道町653","34.619491","136.521541"
"恩賜財団済生会松阪総合病院（立体駐車場）","三重県松阪市朝日町１区13-1","34.578766","136.536057"
"恩賜財団済生会松阪総合病院","三重県松阪市朝日町１区15-6","34.579727","136.536994"
"松阪市リサイクルセンター","三重県松阪市町平尾町351-2","34.59899","136.545448"
"猟師公民館","三重県松阪市町平尾町513","34.60249","136.538617"
"マンション「シャンティーク」","三重県松阪市塚本町174-1","34.595456","136.518199"
"ホームセンターコーナン松阪塚本店","三重県松阪市塚本町41","34.595959","136.523591"
"幸小学校（体育館）","三重県松阪市殿町1198-2","34.571967","136.523389"
"幸小学校（校舎）","三重県松阪市殿町1198-2","34.572158","136.52433"
"第一小学校（校舎）","三重県松阪市殿町1349-1","34.575356","136.529285"
"第一小学校（体育館）","三重県松阪市殿町1349-1","34.576314","136.529421"
"松阪工業高等学校（体育館）","三重県松阪市殿町1417","34.572242","136.526763"
"殿町中学校（校舎）","三重県松阪市殿町1508-1","34.57545","136.523837"
"殿町中学校（体育館）","三重県松阪市殿町1508-1","34.574861","136.523487"
"医療法人まとかた（まとかた大西クリニック）","三重県松阪市東黒部町835","34.591403","136.590955"
"第二隣保館","三重県松阪市東町15-2","34.575212","136.547221"
"粟野コミュニティセンター","三重県松阪市飯高町粟野589","34.419312","136.254047"
"宮前小学校（体育館）","三重県松阪市飯高町宮前1022","34.434513","136.334323"
"宮前小学校（校舎）","三重県松阪市飯高町宮前1022","34.434954","136.33492"
"老人福祉センター（飯高）","三重県松阪市飯高町宮前704-2","34.431796","136.335761"
"飯高中学校（体育館）","三重県松阪市飯高町宮前927","34.434759","136.333743"
"飯高中学校（校舎）","三重県松阪市飯高町宮前927","34.434644","136.333142"
"旧飯高西中学校（体育館）","三重県松阪市飯高町宮本216","34.401523","136.220455"
"旧飯高西中学校（校舎）","三重県松阪市飯高町宮本216","34.401245","136.21979"
"Ｂ＆Ｇ海洋センター","三重県松阪市飯高町七日市834","34.409239","136.224345"
"総合開発センター","三重県松阪市飯高町七日市850","34.408965","136.223766"
"保健センター","三重県松阪市飯高町森1407","34.387431","136.217142"
"香肌小学校（校舎）","三重県松阪市飯高町森1810-2","34.387107","136.222209"
"香肌小学校（体育館）","三重県松阪市飯高町森1810-2","34.386908","136.221877"
"グランドゴルフ場","三重県松阪市飯高町森2199-1","34.378644","136.222032"
"林業総合センター","三重県松阪市飯高町波瀬148","34.421572","136.141872"
"たんぽぽの丘","三重県松阪市飯高町富永72-1","34.412963","136.23626"
"飯南ひまわりこども園","三重県松阪市飯南町横野839","34.472478","136.395488"
"飯南産業文化センター","三重県松阪市飯南町横野848","34.471698","136.395362"
"飯南体育センター","三重県松阪市飯南町横野867","34.472208","136.394787"
"ふれあいセンター","三重県松阪市飯南町横野885","34.471916","136.394247"
"飯南コミュニティセンター","三重県松阪市飯南町粥見3910-1","34.451219","136.390688"
"粥見小学校（体育館）","三重県松阪市飯南町粥見3969","34.449853","136.391031"
"粥見小学校（校舎）","三重県松阪市飯南町粥見3969","34.450227","136.391627"
"飯南たんぽぽこども園","三重県松阪市飯南町粥見4018","34.449542","136.389419"
"飯南高等学校（体育館）","三重県松阪市飯南町粥見5480-1","34.447812","136.37417"
"飯南中学校（体育館）","三重県松阪市飯南町粥見566","34.461521","136.401567"
"飯南中学校（校舎）","三重県松阪市飯南町粥見566","34.461497","136.402315"
"上仁柿コミュニティ消防センター","三重県松阪市飯南町上仁柿1597-1","34.484629","136.362628"
"有間野小学校（休校）","三重県松阪市飯南町有間野1064","34.436431","136.35164"
"櫛田地区市民センター","三重県松阪市豊原町1118-1","34.548204","136.583124"
"揥水小学校（体育館）","三重県松阪市豊原町1120","34.547766","136.582008"
"揥水小学校（校舎）","三重県松阪市豊原町1120","34.547688","136.582863"
"松阪商業高等学校（体育館）","三重県松阪市豊原町1600","34.546086","136.567779"
"漕代小学校（体育館）","三重県松阪市目田町207","34.538566","136.587703"
"漕代小学校（校舎）","三重県松阪市目田町207","34.538768","136.588091"
"大河内小学校（校舎）","三重県松阪市矢津町1775","34.531728","136.475345"
"大河内小学校（体育館）","三重県松阪市矢津町1775","34.531513","136.475777"
"宇気郷地区市民センター","三重県松阪市柚原町38","34.538358","136.391824"
"中部中学校（校舎）","三重県松阪市立野町1344","34.547227","136.50981"
"中部中学校（体育館）","三重県松阪市立野町1344","34.547776","136.509834"
"三十三銀行アリーナ（松阪市総合体育館）","三重県松阪市立野町1370","34.544704","136.508084"
"機殿小学校（校舎）","三重県松阪市六根町16","34.568871","136.600478"
"機殿小学校（体育館）","三重県松阪市六根町16","34.568619","136.599818"
"機殿地区市民センター","三重県松阪市六根町885-2","34.568297","136.599054"
"川越町総合体育館","三重県川越町亀崎新田77-546","35.01052","136.68334"
"三重県北勢沿岸流域下水道北部浄化センター管理本館","三重県川越町亀崎新田80-2","35.018091","136.691677"
"亀崎地区公民館","三重県川越町亀崎新田83-6","35.022654","136.692183"
"亀須・亀崎地区津波避難タワー","三重県川越町亀須新田168-1","35.028759","136.688699"
"亀須地区公民館","三重県川越町亀須新田278-5","35.030664","136.689898"
"上吉地区公民館","三重県川越町高松1301","35.012613","136.679188"
"霞４号幹線検査路","三重県川越町高松1395-3","35.008866","136.679344"
"川越南小学校","三重県川越町高松258","35.022322","136.666109"
"高松地区公民館","三重県川越町高松380-1","35.017888","136.671971"
"かわごえよつばの里","三重県川越町大字亀崎新田21-12","35.023539","136.687223"
"北部保育所避難施設","三重県川越町当新田763-1","35.032294","136.685331"
"川越町水防倉庫","三重県川越町当新田816-4","35.036485","136.680973"
"南福崎地区公民館","三重県川越町南福崎405","35.019632","136.678003"
"三重県立川越高等学校","三重県川越町豊田2303-1","35.027988","136.666284"
"天神地区公民館","三重県川越町豊田373-2","35.013965","136.661686"
"豊田水防倉庫","三重県川越町豊田826-1","35.023982","136.661264"
"豊田地区公民館","三重県川越町豊田927-1","35.022884","136.661217"
"川越町役場","三重県川越町豊田一色280","35.023016","136.673827"
"川越町いきいきセンター","三重県川越町豊田一色314","35.026021","136.671037"
"川越町あいあいセンター","三重県川越町豊田一色314","35.026333","136.670308"
"豊田一色地区公民館","三重県川越町豊田一色320","35.025882","136.670257"
"川越中学校","三重県川越町豊田一色67","35.025279","136.670522"
"川越北小学校","三重県川越町豊田一色69","35.02365","136.669865"
"北福崎地区公民館","三重県川越町北福崎45-1","35.03111","136.678234"
"津田小学校体育館","三重県多気町井内林138","34.500965","136.513262"
"津田地区公民館","三重県多気町井内林894-1","34.500499","136.515463"
"相可小学校体育館","三重県多気町兄国464","34.510867","136.555819"
"相可地区公民館","三重県多気町兄国808-4","34.510544","136.555544"
"天啓の里","三重県多気町四疋田587-1","34.495491","136.535239"
"外城田小学校体育館","三重県多気町森荘534-1","34.484218","136.577457"
"外城田地区公民館","三重県多気町森荘570-1","34.484554","136.577559"
"佐奈地区公民館","三重県多気町仁田12","34.480714","136.545287"
"佐奈小学校体育館","三重県多気町仁田120","34.48198","136.547197"
"多気中学校第１体育館","三重県多気町相可1540","34.499769","136.544988"
"多気中学校第２体育館","三重県多気町相可1540","34.498513","136.546345"
"ＢＡＮＫＹＯ文化会館","三重県多気町相可1587-1","34.495938","136.547263"
"Ｄｒｅａｍオーシャントレーニングセンター","三重県多気町相可1608","34.495189","136.547149"
"相可高校体育館","三重県多気町相可50","34.503727","136.536082"
"勢和東公民館","三重県多気町丹生1807","34.480847","136.489216"
"ささゆり苑","三重県多気町朝柄2889","34.458884","136.462535"
"勢和公民館","三重県多気町朝柄3127-2","34.461281","136.459438"
"勢和中学校体育館","三重県多気町片野2254","34.464863","136.458815"
"勢和小学校体育館","三重県多気町片野2343","34.463598","136.460178"
"むつみ館","三重県大紀町阿曽118-1","34.344924","136.40605"
"美里館","三重県大紀町阿曽1492-5","34.337438","136.412897"
"阿曽公民館","三重県大紀町阿曽1542-4","34.337945","136.410171"
"平瀬集会所","三重県大紀町阿曽1666-15","34.329886","136.410432"
"登利集会所","三重県大紀町阿曽2227-2","34.332045","136.407997"
"下り集会所","三重県大紀町阿曽258-12","34.341605","136.408627"
"上西出集会所","三重県大紀町阿曽2624","34.332827","136.402495"
"下西出集会所","三重県大紀町阿曽2830","34.335039","136.405187"
"美滝館","三重県大紀町阿曽3117","34.348858","136.400451"
"阿曽集会所","三重県大紀町阿曽3264-3","34.333493","136.407358"
"毘沙野集会所","三重県大紀町阿曽3430-3","34.338576","136.408179"
"さつき館","三重県大紀町阿曽483-3","34.338992","136.411457"
"大原野集会所【あけぼの館】","三重県大紀町阿曽762-5","34.337943","136.424146"
"板取集会所","三重県大紀町永会2169-1","34.364851","136.481564"
"藤児童館","三重県大紀町永会2441-1","34.37622","136.477534"
"木屋集会所","三重県大紀町永会2892-1","34.352214","136.487576"
"大紀町多目的センターふるさと館","三重県大紀町永会3838","34.393782","136.471777"
"若瀬集会所","三重県大紀町永会3925","34.393498","136.477588"
"高谷集会所","三重県大紀町永会568-2","34.387862","136.464522"
"コミュニティセンター谷山会館","三重県大紀町錦128","34.216029","136.403665"
"⑤横避難所","三重県大紀町錦13-10","34.212925","136.402204"
"浅間山避難所","三重県大紀町錦130-2","34.215264","136.402526"
"中町避難所","三重県大紀町錦131-11","34.216691","136.401651"
"錦神社神殿","三重県大紀町錦151","34.216869","136.402537"
"向井ヶ浜避難所","三重県大紀町錦16-1","34.214748","136.396596"
"角町避難所","三重県大紀町錦162-15","34.219122","136.401215"
"東町避難所","三重県大紀町錦21-40","34.213108","136.402907"
"的場防災会館","三重県大紀町錦226-1","34.218031","136.401881"
"金蔵寺","三重県大紀町錦229-1","34.218303","136.401099"
"釜土避難所","三重県大紀町錦262","34.2206","136.400882"
"清甫園避難所","三重県大紀町錦262-7","34.216965","136.40111"
"浅ヶ谷避難所","三重県大紀町錦307-63","34.221174","136.401688"
"花園・新生町避難所","三重県大紀町錦342-10","34.221465","136.402352"
"ジロハゲ避難所","三重県大紀町錦342-3","34.222479","136.400245"
"山の神避難所","三重県大紀町錦343-31","34.225437","136.394648"
"錦タワー","三重県大紀町錦354-1","34.222799","136.3985"
"若葉避難所","三重県大紀町錦409-13","34.225011","136.398342"
"のぞみ避難所","三重県大紀町錦452-2","34.228407","136.394948"
"旧２６０号避難所","三重県大紀町錦599-18","34.231158","136.395308"
"福羅避難所","三重県大紀町錦60-5","34.214899","136.402787"
"栄町避難所","三重県大紀町錦662-2","34.228735","136.392937"
"高岡会館裏避難所","三重県大紀町錦675-1","34.226031","136.392271"
"高岡避難所","三重県大紀町錦675-6","34.225831","136.391306"
"旧錦中学校校舎３階及び屋上","三重県大紀町錦71-5","34.214455","136.404702"
"大紀町役場錦支所","三重県大紀町錦736-7","34.222522","136.395833"
"錦あおぞら保育園","三重県大紀町錦788-10","34.222812","136.394448"
"錦みなとホール","三重県大紀町錦795","34.222611","136.395077"
"大明神避難所","三重県大紀町錦802-1","34.218374","136.396069"
"第２錦タワー","三重県大紀町錦915-9","34.220295","136.398919"
"金輪新田集会所","三重県大紀町金輪439-3","34.401754","136.484956"
"金輪集会所","三重県大紀町金輪624","34.39934","136.478043"
"三ヶ野生活改善センター","三重県大紀町崎1748-1","34.282622","136.399386"
"山海の郷紀勢（和室・喫茶室）","三重県大紀町崎2154-1","34.297465","136.399055"
"コンベンションホール","三重県大紀町崎2200-1","34.297274","136.399501"
"古和河内防災会館","三重県大紀町崎2867","34.297234","136.419078"
"大紀町長野防災会館","三重県大紀町崎4866","34.299292","136.40085"
"高尾集会所","三重県大紀町崎683-4","34.303093","136.390923"
"紀勢児童館","三重県大紀町崎815","34.298341","136.388772"
"坂津集会所","三重県大紀町崎971-6","34.293194","136.381296"
"神原集会所","三重県大紀町神原249","34.396916","136.461279"
"瀬戸集会所","三重県大紀町神原532-1","34.391902","136.450941"
"打見構造改善センター","三重県大紀町打見213-2","34.414766","136.479397"
"大紀町役場七保支所","三重県大紀町打見305-3","34.413965","136.479758"
"七保小学校体育館","三重県大紀町打見388","34.41209","136.480951"
"やまびこ広場","三重県大紀町大内山1917","34.261263","136.343983"
"米ヶ谷コミュニティセンター","三重県大紀町大内山2290-2","34.256412","136.339273"
"中野コミュニティセンター","三重県大紀町大内山2939-1","34.260293","136.351014"
"大内山保育園","三重県大紀町大内山3140-1","34.273161","136.358943"
"大内山教育集会所","三重県大紀町大内山3688-7","34.284851","136.368029"
"中央公民館（大内山公民館）","三重県大紀町大内山849-3","34.275458","136.357509"
"大内山Ｂ＆Ｇ海洋センター体育館","三重県大紀町大内山853-2","34.275578","136.358094"
"大内山健康福祉センターいきいきプラザ","三重県大紀町大内山861-1","34.275275","136.357874"
"大紀小学校講堂","三重県大紀町大内山875","34.275167","136.358692"
"滝原公民館","三重県大紀町滝原1030-1","34.365288","136.421267"
"中村集会所","三重県大紀町滝原1387-3","34.362063","136.418858"
"出谷集会所","三重県大紀町滝原1557-3","34.358803","136.415904"
"大宮小学校体育館","三重県大紀町滝原1748-1","34.349977","136.408382"
"長者野集会所","三重県大紀町滝原1856-2","34.350618","136.411765"
"大宮中学校体育館","三重県大紀町滝原1889-7","34.350721","136.406419"
"大滝集会所","三重県大紀町滝原2504-3","34.351776","136.404151"
"里集会所","三重県大紀町滝原444-5","34.375763","136.41936"
"柏野センター","三重県大紀町柏野1530","34.310653","136.405467"
"野原新田集会所","三重県大紀町野原1652-2","34.415971","136.50682"
"野原集会所","三重県大紀町野原547","34.429751","136.507864"
"野添公民館","三重県大紀町野添302","34.416661","136.488847"
"大台町地域福祉センター","三重県大台町粟生1010","34.414875","136.468489"
"大台町健康ふれあい会館","三重県大台町粟生1010","34.414933","136.468775"
"粟生公民館","三重県大台町粟生347","34.416462","136.466493"
"下三瀬集会所","三重県大台町下三瀬553-2","34.401127","136.427189"
"真手地域総合センター","三重県大台町下真手1301-1","34.377627","136.367762"
"下楠集会所","三重県大台町下楠389","34.421143","136.484391"
"大杉谷地域防災コミュニティーセンター","三重県大台町岩井291","34.298259","136.221163"
"大杉谷地域総合センター","三重県大台町久豆199","34.278689","136.217052"
"久豆生活改善センター","三重県大台町久豆348-3","34.279859","136.211863"
"熊内集会所","三重県大台町熊内208-1","34.363278","136.316683"
"栗谷生活改善センター","三重県大台町栗谷212-1","34.38542","136.3022"
"宮川福祉センター","三重県大台町江馬122","34.363708","136.33869"
"大台町林業総合センター","三重県大台町江馬316","34.362003","136.335399"
"大台町生活改善センター","三重県大台町江馬701","34.362363","136.331194"
"高奈集会所","三重県大台町高奈260-1","34.407872","136.462761"
"大台町就業改善センター","三重県大台町佐原1019","34.394543","136.405359"
"佐原集会所","三重県大台町佐原442-3","34.396686","136.406802"
"小切畑生活改善センター","三重県大台町小切畑1000","34.367168","136.345447"
"領内地域防災コミュニティーセンター","三重県大台町小滝171-3","34.344347","136.285888"
"上三瀬公民館","三重県大台町上三瀬450-5","34.400752","136.420865"
"大台中学校","三重県大台町上三瀬903-1","34.398396","136.415029"
"上真手集会所","三重県大台町上真手416-2","34.374878","136.364294"
"上菅集会所","三重県大台町上菅467","34.385408","136.380832"
"上楠コミュニティセンター","三重県大台町上楠241-7","34.419609","136.472408"
"川添保育園","三重県大台町上楠409-1","34.421524","136.474113"
"川添小学校","三重県大台町上楠420","34.421122","136.473334"
"日進公民館","三重県大台町新田239-1","34.439036","136.518341"
"日進小学校","三重県大台町新田278","34.438934","136.521216"
"神瀬集会所","三重県大台町神瀬266","34.432612","136.493347"
"川合集会所１","三重県大台町菅合1204","34.385105","136.405569"
"大台町老人憩の家","三重県大台町菅合2206","34.354805","136.402005"
"三瀬谷認定こども園","三重県大台町菅合2960","34.38773","136.404076"
"下菅集会所","三重県大台町菅合316-11","34.38552","136.390559"
"清水集会所","三重県大台町清滝485-1","34.366115","136.36093"
"千代集会所","三重県大台町千代959","34.44617","136.547083"
"大滝農構センター","三重県大台町大ケ所291-2","34.35704","136.41035"
"大杉谷林間キャンプ村（民芸館）","三重県大台町大杉159-21","34.275807","136.196447"
"長ケ集会所","三重県大台町長ケ831-1","34.386682","136.439635"
"唐櫃生活改善センター","三重県大台町唐櫃340-1","34.35043","136.300885"
"宮野集会所","三重県大台町栃原1249-2","34.445543","136.509003"
"グリーンプラザおおだい","三重県大台町栃原1691-1","34.434959","136.513205"
"大台町町民体育館（旧協和中学校）","三重県大台町栃原1692-1","34.434678","136.513094"
"日進保育園","三重県大台町栃原1868-2","34.434722","136.512359"
"本郷公民館","三重県大台町栃原618","34.444996","136.517664"
"南集会所","三重県大台町南333-1","34.340424","136.281053"
"桧原集会所","三重県大台町桧原455-6","34.294183","136.22491"
"本田木屋生活改善センター","三重県大台町本田木屋150-3","34.368808","136.357883"
"明豆集会所","三重県大台町明豆348-2","34.358821","136.303866"
"茂原集会所","三重県大台町茂原351-6","34.358317","136.332273"
"昴学園高校","三重県大台町茂原48","34.360337","136.33676"
"宮川中学校","三重県大台町茂原643-8","34.356399","136.329304"
"大台町Ｂ＆Ｇ海洋センター","三重県大台町弥起井363","34.388784","136.397323"
"弥起井集会所","三重県大台町弥起井373-2","34.390416","136.396228"
"柳原集会所","三重県大台町柳原634-1","34.440648","136.543665"
"向陽台公民館","三重県朝日町向陽台2-1-9","35.038478","136.653909"
"柿公民館","三重県朝日町大字柿2050","35.033434","136.658333"
"朝日町体育館","三重県朝日町大字柿2146","35.035171","136.659047"
"朝日町教育文化施設","三重県朝日町大字柿2278","35.036727","136.659223"
"朝日町教育文化施設駐車場","三重県朝日町大字柿2278","35.036378","136.658646"
"ふれあいパーク","三重県朝日町大字柿2340-36","35.037303","136.658925"
"朝日町町民スポーツ施設","三重県朝日町大字柿2822-1","35.036394","136.652047"
"朝日中学校グランド","三重県朝日町大字柿2838","35.037678","136.652667"
"朝日中学校","三重県朝日町大字柿2838","35.038231","136.65263"
"梅ヶ丘第二公園","三重県朝日町大字柿3179","35.034625","136.651448"
"梅ヶ丘第一公園","三重県朝日町大字柿3252","35.032881","136.651078"
"朝日小学校","三重県朝日町大字柿750","35.033743","136.665427"
"朝日町公民館","三重県朝日町大字小向1893","35.036743","136.66095"
"北條公園","三重県朝日町大字小向1948","35.039675","136.663576"
"小向公民館","三重県朝日町大字小向849-4","35.035322","136.665294"
"朝日町保健福祉センター","三重県朝日町大字小向891-5","35.034573","136.664128"
"朝日ヶ丘公民館","三重県朝日町大字縄生2591-27","35.043538","136.668251"
"縄生公民館","三重県朝日町大字縄生714-1","35.043065","136.672765"
"植松公園","三重県朝日町大字埋縄1367","35.03506","136.650166"
"埋縄公民館","三重県朝日町大字埋縄994","35.031568","136.6481"
"当新田地区公民館","三重県朝日町縄生1142-1","35.034432","136.681547"
"白梅西公民館","三重県朝日町白梅の丘西1-8-3","35.042138","136.65868"
"うらら公園","三重県朝日町白梅の丘西2-8-1","35.040251","136.659496"
"展望公園","三重県朝日町白梅の丘東2-12-12","35.038816","136.661456"
"白梅東集会所","三重県朝日町白梅の丘東2-12-12","35.038936","136.661336"
"名谷公園","三重県朝日町白梅の丘東2-13-4","35.0381","136.661155"
"鳥羽シーサイドホテル","三重県鳥羽市安楽島町1084","34.478911","136.851643"
"亀の井ホテル　鳥羽","三重県鳥羽市安楽島町1200-7","34.474737","136.851017"
"亀の井ホテル　鳥羽（駐車場）","三重県鳥羽市安楽島町1200-7","34.474609","136.850651"
"第１安楽島苑公園","三重県鳥羽市安楽島町1312-48","34.473661","136.85582"
"鳥羽東中学校","三重県鳥羽市安楽島町1451-19","34.464193","136.849514"
"鳥羽東中学校グラウンド","三重県鳥羽市安楽島町1451-19","34.46451","136.850168"
"鳥羽高校校庭","三重県鳥羽市安楽島町1459","34.465859","136.847139"
"鳥羽高校体育館","三重県鳥羽市安楽島町1459","34.466111","136.84878"
"鳥羽高校武道場","三重県鳥羽市安楽島町1459","34.465559","136.84837"
"安楽島保育所","三重県鳥羽市安楽島町1459-1","34.464269","136.848919"
"桜ヶ丘緑地","三重県鳥羽市安楽島町329-260","34.459679","136.85808"
"安楽島小学校グラウンド","三重県鳥羽市安楽島町377","34.462627","136.859632"
"安楽島小学校３階","三重県鳥羽市安楽島町377","34.463005","136.859399"
"安楽島小学校","三重県鳥羽市安楽島町377","34.462907","136.85902"
"てんぐ山","三重県鳥羽市安楽島町690","34.463259","136.86964"
"安楽島公民館２階","三重県鳥羽市安楽島町844-4","34.463823","136.870352"
"中山かき直売所（駐車場）","三重県鳥羽市浦村町1208","34.44121","136.884891"
"サン浦島　悠季の里（駐車場）","三重県鳥羽市浦村町1215-5","34.442759","136.886381"
"本浦公民館","三重県鳥羽市浦村町1237","34.44431","136.88895"
"本浦老人憩の家前広場","三重県鳥羽市浦村町1293","34.442977","136.888534"
"与吉屋（駐車場）","三重県鳥羽市浦村町1415-15","34.441932","136.892562"
"旧鏡浦小学校","三重県鳥羽市浦村町1744-1","34.446235","136.900246"
"旧鏡浦小学校グラウンド","三重県鳥羽市浦村町1744-1","34.446585","136.90038"
"今浦観音堂前広場","三重県鳥羽市浦村町181","34.442064","136.87906"
"今浦老人憩の家","三重県鳥羽市浦村町240","34.440829","136.879915"
"河内公民館","三重県鳥羽市河内町75-1","34.445206","136.83573"
"加茂中学校３階","三重県鳥羽市岩倉町105","34.448191","136.8413"
"加茂中学校グラウンド","三重県鳥羽市岩倉町105","34.447792","136.841224"
"加茂中学校","三重県鳥羽市岩倉町105","34.44818","136.840672"
"みどりが丘集会所","三重県鳥羽市岩倉町1144-120","34.450573","136.843005"
"加茂小学校３階","三重県鳥羽市岩倉町27-1","34.445209","136.844569"
"加茂小学校","三重県鳥羽市岩倉町27-1","34.444937","136.844362"
"鳥羽陽光苑敷地","三重県鳥羽市岩倉町609","34.442428","136.848452"
"旧堅子公民館２階","三重県鳥羽市堅子町124","34.385032","136.873078"
"鳥羽小学校グラウンド","三重県鳥羽市堅神町805-2","34.479223","136.820068"
"鳥羽小学校","三重県鳥羽市堅神町805-2","34.47893","136.819833"
"堅神公民館","三重県鳥羽市堅神町815","34.479779","136.820778"
"幸丘公園","三重県鳥羽市幸丘1345","34.458466","136.845275"
"相差保育所グラウンド","三重県鳥羽市国崎町140","34.415724","136.923509"
"相差保育所","三重県鳥羽市国崎町140","34.415984","136.923726"
"国崎保育所跡地","三重県鳥羽市国崎町300","34.414086","136.924647"
"五感の宿　慶泉（駐車場）","三重県鳥羽市国崎町740","34.413249","136.915834"
"坂手公民館","三重県鳥羽市坂手町135","34.48563","136.860166"
"林昌寺境内","三重県鳥羽市坂手町176","34.485258","136.859509"
"坂手診療所１階待合室","三重県鳥羽市坂手町178","34.484897","136.859058"
"坂手連絡所２階","三重県鳥羽市坂手町199","34.484837","136.859532"
"旧坂手小学校グラウンド","三重県鳥羽市坂手町935","34.485882","136.86091"
"坂手コミュニティアリーナ","三重県鳥羽市坂手町935","34.486362","136.860953"
"若杉公民館","三重県鳥羽市若杉町10-40","34.452787","136.842267"
"若杉町多目的広場","三重県鳥羽市若杉町939-1","34.452198","136.841938"
"鳥羽グランドホテル（駐車場）","三重県鳥羽市小浜町239-9","34.49483","136.836431"
"ガーデンヒルズ利平治（駐車場）","三重県鳥羽市小浜町296-15","34.490925","136.833817"
"湯快リゾート　鳥羽彩朝楽（駐車場）","三重県鳥羽市小浜町610","34.501294","136.834286"
"湯快リゾート　鳥羽彩朝楽","三重県鳥羽市小浜町610","34.501189","136.834655"
"旧小浜小学校２階以上","三重県鳥羽市小浜町97","34.498374","136.833493"
"旧小浜小学校グラウンド","三重県鳥羽市小浜町97","34.498429","136.834122"
"旧小浜小学校３階","三重県鳥羽市小浜町97","34.498444","136.83336"
"隠殿岡第一公園","三重県鳥羽市松尾町21-10","34.442999","136.840059"
"松尾公民館","三重県鳥羽市松尾町644-3","34.431928","136.84178"
"なごみ","三重県鳥羽市松尾町651-2","34.432048","136.841712"
"鳥羽市園芸センター敷地","三重県鳥羽市松尾町937-6","34.430341","136.841803"
"八代神社境内","三重県鳥羽市神島町1","34.549246","136.982699"
"神島保育所グラウンド","三重県鳥羽市神島町274","34.549216","136.982064"
"神島開発総合センター２階以上","三重県鳥羽市神島町85-2","34.549983","136.980499"
"菅島小学校屋上","三重県鳥羽市菅島町1-2","34.498626","136.899659"
"菅島小学校","三重県鳥羽市菅島町1-2","34.498524","136.899538"
"菅島コミュニティアリーナ","三重県鳥羽市菅島町1-2","34.498816","136.900096"
"宮山","三重県鳥羽市菅島町260","34.498015","136.900941"
"石鏡公民館前広場","三重県鳥羽市石鏡町151-1","34.447189","136.917409"
"石鏡公民館","三重県鳥羽市石鏡町151-1","34.447326","136.917339"
"ホテル芭新萃（駐車場）","三重県鳥羽市石鏡町1850-33","34.448324","136.912255"
"和風旅館　新八屋（駐車場）","三重県鳥羽市石鏡町338-1","34.44345","136.921679"
"旧石鏡保育所グラウンド","三重県鳥羽市石鏡町338-38","34.444623","136.918134"
"千賀公民館２階","三重県鳥羽市千賀町140","34.386293","136.881812"
"旭分校跡地","三重県鳥羽市千賀町85-2","34.387031","136.877303"
"船津コミュニティセンター","三重県鳥羽市船津町690","34.455909","136.840436"
"船津保育所グラウンド","三重県鳥羽市船津町707-1","34.454691","136.839313"
"弘道小学校","三重県鳥羽市相差町1014","34.38914","136.902772"
"神明神社境内","三重県鳥羽市相差町1237","34.391979","136.904521"
"鳥羽磯部漁協相差支所女性等活動拠点施設","三重県鳥羽市相差町1240-1","34.391041","136.906959"
"民宿旅館　山川（駐車場）","三重県鳥羽市相差町1406","34.392946","136.908777"
"リゾートヒルズ　豊浜（駐車場）","三重県鳥羽市相差町1471","34.393419","136.907695"
"別館　すずき（駐車場）","三重県鳥羽市相差町174","34.383872","136.906222"
"旧長岡中学校","三重県鳥羽市相差町1910","34.390196","136.900854"
"旧長岡中学校屋上","三重県鳥羽市相差町1910","34.390331","136.900396"
"鳥羽市民体育館２階","三重県鳥羽市大明東町4-8","34.468464","136.851467"
"鳥羽市武道館","三重県鳥羽市大明東町8-2","34.46811","136.854469"
"鳥羽商船高専第２体育館","三重県鳥羽市池上町1-1","34.480252","136.825311"
"鳥羽商船高専第２体育館横広場","三重県鳥羽市池上町1-1","34.480038","136.825445"
"裏萩山公園","三重県鳥羽市池上町594-1","34.480226","136.831909"
"あおぞら保育所","三重県鳥羽市池上町9-24","34.481362","136.827828"
"あおぞら保育所グラウンド","三重県鳥羽市池上町9-24","34.481154","136.827892"
"日和山公園","三重県鳥羽市鳥羽1-11-55","34.485883","136.841962"
"美台第二公園","三重県鳥羽市鳥羽1-20-102","34.485788","136.830165"
"美台集会所","三重県鳥羽市鳥羽1-20-104","34.485452","136.830444"
"鳥羽国際ホテル（駐車場）","三重県鳥羽市鳥羽1-23-1","34.491809","136.841538"
"戸田家","三重県鳥羽市鳥羽1-24-26","34.488542","136.841509"
"ミキモト鳥羽工場敷地","三重県鳥羽市鳥羽1-4-65","34.484915","136.84281"
"近畿日本鉄道鳥羽駅","三重県鳥羽市鳥羽1-8-13","34.486776","136.843125"
"ＪＲ東海鳥羽駅","三重県鳥羽市鳥羽1-8-13","34.486497","136.842787"
"扇芳閣（駐車場）","三重県鳥羽市鳥羽2-12-24","34.480772","136.839702"
"鳥羽市役所西庁舎","三重県鳥羽市鳥羽3-1-1","34.481935","136.842927"
"旧鳥羽小学校グラウンド","三重県鳥羽市鳥羽3-1-61","34.480803","136.844593"
"城山公園","三重県鳥羽市鳥羽3-1791-1","34.4823","136.843698"
"ＮＴＴ西日本鳥羽ビル","三重県鳥羽市鳥羽3-7-7","34.482779","136.842199"
"奥谷公園","三重県鳥羽市鳥羽4-1134","34.47438","136.840679"
"若竹集会所","三重県鳥羽市鳥羽5-8-37","34.469765","136.840097"
"あしたば作業所","三重県鳥羽市鳥羽5-8-62","34.469618","136.838428"
"あしたば作業所（駐車場）","三重県鳥羽市鳥羽5-8-62","34.469756","136.838465"
"旧桃取小学校校舎２階（保育所側）","三重県鳥羽市桃取町21-2","34.511678","136.850255"
"天神山ゲートボール場","三重県鳥羽市桃取町262","34.515916","136.853565"
"八幡神社境内","三重県鳥羽市桃取町273-3","34.514914","136.854331"
"桃取コミュニティセンター","三重県鳥羽市桃取町284","34.515028","136.854051"
"桃取健康管理センター","三重県鳥羽市桃取町93-4","34.514957","136.853096"
"答志中学校校庭","三重県鳥羽市答志町2220-5","34.521306","136.887903"
"答志中学校校舎２階（体育館側）","三重県鳥羽市答志町2220-5","34.52169","136.887769"
"答志コミュニティセンター","三重県鳥羽市答志町386-2","34.529121","136.901662"
"答志保育所グラウンド","三重県鳥羽市答志町494","34.527505","136.899869"
"答志保育所","三重県鳥羽市答志町494","34.527601","136.899713"
"首塚","三重県鳥羽市答志町805-18","34.519246","136.900266"
"答志和具コミュニティセンター","三重県鳥羽市答志町813","34.521452","136.901524"
"答志小学校","三重県鳥羽市答志町941-1","34.524914","136.899899"
"答志コミュニティアリーナ２階","三重県鳥羽市答志町943","34.525148","136.899861"
"つばき公園","三重県鳥羽市答志町980-1","34.526891","136.899549"
"白木公民館","三重県鳥羽市白木町196","34.427303","136.824479"
"御宿　瀬乃崎（駐車場）","三重県鳥羽市畔蛸町127-42","34.395511","136.893895"
"愛宕会館","三重県津市愛宕町10","34.723426","136.512667"
"中央市民館","三重県津市愛宕町233","34.726013","136.513383"
"東光寺","三重県津市安東町1289","34.734871","136.469033"
"西光寺","三重県津市安東町1942","34.742186","136.467395"
"正圓寺","三重県津市安東町294","34.736957","136.475052"
"粟加区公民館","三重県津市安濃町粟加518","34.775048","136.44149"
"明合公民館","三重県津市安濃町粟加978","34.777055","136.436771"
"明合小学校","三重県津市安濃町粟加978","34.777021","136.437322"
"安濃区集落センター","三重県津市安濃町安濃1427-2","34.77405","136.455284"
"メープルビレッジ公園","三重県津市安濃町安濃2488-17","34.772626","136.462687"
"安部区公民館","三重県津市安濃町安部409-1","34.758378","136.428582"
"戸島区地区公園","三重県津市安濃町戸島800","34.781638","136.430215"
"光明寺区集会所","三重県津市安濃町光明寺20-2","34.742994","136.437587"
"荒木区ハートフル公園","三重県津市安濃町荒木183","34.777521","136.4466"
"荒木区公民館","三重県津市安濃町荒木217","34.779349","136.446605"
"種子碑（伝大日如来碑）","三重県津市安濃町荒木239","34.78019","136.446116"
"今徳区公民館","三重県津市安濃町今徳1484","34.745991","136.444086"
"浄土寺区西ゴミ集積所横","三重県津市安濃町浄土寺1656-1","34.74911","136.454277"
"浄土寺区公民館","三重県津市安濃町浄土寺1707","34.746598","136.454881"
"（有）杉本商店前駐車場","三重県津市安濃町浄土寺33-3","34.751015","136.45782"
"ウイングタウン西公園","三重県津市安濃町浄土寺56-13","34.74976","136.456346"
"神田区集会所","三重県津市安濃町神田197-1","34.751646","136.442958"
"佐倉園集会所","三重県津市安濃町清水112-28","34.74495","136.470867"
"清水区公民館","三重県津市安濃町清水1123","34.746898","136.470486"
"シャロームタウン清水公園","三重県津市安濃町清水180-11","34.745738","136.467581"
"清水ヶ丘第２児童公園","三重県津市安濃町清水756-11","34.749564","136.474888"
"清水ヶ丘第３児童公園","三重県津市安濃町清水756-158","34.751137","136.47336"
"清水ヶ丘公民館","三重県津市安濃町清水756-30","34.750838","136.473134"
"清水苑公園","三重県津市安濃町清水812-5","34.748806","136.475586"
"清水ヶ丘第１児童公園","三重県津市安濃町清水903-58","34.748704","136.473547"
"清水ヶ丘地区公園","三重県津市安濃町清水903-95","34.749979","136.47322"
"村主区公民館","三重県津市安濃町川西1166","34.758322","136.450134"
"井上区集落センター","三重県津市安濃町川西1446","34.75711","136.448187"
"村主区・河原口","三重県津市安濃町川西1991","34.759808","136.451533"
"ＪＡ津安芸安濃中央支店","三重県津市安濃町川西2042","34.7528","136.453645"
"村主区バス停前（土橋）","三重県津市安濃町川西325-1","34.757912","136.449243"
"ファミリーステージ安濃集会所","三重県津市安濃町川西592-31","34.753603","136.458289"
"ファミリーステージ安濃公園","三重県津市安濃町川西592-32","34.753224","136.457468"
"リバーサイド自治会集会所","三重県津市安濃町川西607-40","34.752585","136.45822"
"下川原東地区ゴミ集積所前","三重県津市安濃町川西643-9","34.752646","136.459131"
"前野区公民館","三重県津市安濃町前野105","34.745064","136.437728"
"曽根児童公園（曽根農村公園）","三重県津市安濃町曽根1158","34.752406","136.461127"
"曽根区公民館","三重県津市安濃町曽根609-2","34.75017","136.463198"
"岩城区・県道横公園","三重県津市安濃町草生1413","34.767617","136.424615"
"岩城区集落センター","三重県津市安濃町草生1486","34.76804","136.422797"
"仲之郷区公民館","三重県津市安濃町草生2034-2","34.763698","136.421345"
"仲之郷児童公園","三重県津市安濃町草生2034-2","34.763496","136.421682"
"平尾区農作業管理休養施設","三重県津市安濃町草生3147-1","34.761431","136.412852"
"草生小学校","三重県津市安濃町草生4209","34.764021","136.426856"
"草生公民館","三重県津市安濃町草生4249-1","34.763444","136.426337"
"生水区公民館","三重県津市安濃町草生6257","34.762038","136.435543"
"山出地区集会所","三重県津市安濃町草生853","34.771393","136.418837"
"花の木第１公園","三重県津市安濃町太田1605-20","34.753986","136.476678"
"花の木台集会所","三重県津市安濃町太田1664-80","34.752669","136.477528"
"太田区公民館","三重県津市安濃町太田61","34.754446","136.471775"
"試験場団地宿舎Ｄ棟東敷地","三重県津市安濃町大塚239","34.778449","136.436569"
"戸島区公民館（集落センター）","三重県津市安濃町大塚486","34.779946","136.429866"
"大塚区公民館","三重県津市安濃町大塚539-9","34.779261","136.434105"
"前田区公民館","三重県津市安濃町中川1599","34.755379","136.437817"
"二子区公民館","三重県津市安濃町中川668-3","34.75207","136.42961"
"田端上野区公民館","三重県津市安濃町田端上野551-1","34.764182","136.445791"
"安濃中央総合公園内体育館","三重県津市安濃町田端上野818","34.769017","136.436056"
"団地東安濃グラウンド","三重県津市安濃町田端上野874-27","34.765209","136.439609"
"明合団地集会所","三重県津市安濃町田端上野910-65","34.765835","136.435993"
"明合団地児童公園（明合団地中央公園）","三重県津市安濃町田端上野975-14","34.765143","136.435655"
"地蔵さん前広場","三重県津市安濃町東観音寺311","34.761394","136.441195"
"サンヒルズ安濃","三重県津市安濃町東観音寺418","34.762129","136.44409"
"東観音寺公民館","三重県津市安濃町東観音寺433-10","34.760297","136.443551"
"魚繁商店駐車場","三重県津市安濃町東観音寺433-2","34.760317","136.443398"
"東観中学校","三重県津市安濃町東観音寺494-1","34.760799","136.446037"
"レインボー安濃集会所","三重県津市安濃町内多286-14","34.75522","136.461257"
"安濃公民館","三重県津市安濃町内多3653","34.759563","136.459888"
"安濃小学校","三重県津市安濃町内多451","34.758978","136.459196"
"内多区公民館","三重県津市安濃町内多827-1","34.765984","136.463941"
"南神山集落センター","三重県津市安濃町南神山100","34.747398","136.431318"
"平田古墳歴史公園","三重県津市安濃町妙法寺1004-6","34.742009","136.443354"
"ピュアタウン集会所","三重県津市安濃町妙法寺1013-8","34.741123","136.444373"
"大森組事務所前","三重県津市安濃町妙法寺166-2","34.742831","136.451203"
"妙法寺公民館","三重県津市安濃町妙法寺99-4","34.742764","136.45233"
"野口区公民館","三重県津市安濃町野口62-2","34.781552","136.416225"
"村主小学校","三重県津市安濃町連部68","34.750105","136.451301"
"村主公民館","三重県津市安濃町連部69-1","34.750085","136.450731"
"中央みのり公園","三重県津市一志町みのりケ丘115-408","34.646787","136.440804"
"とことめの里一志","三重県津市一志町井関1792","34.654782","136.420732"
"平岩集会所","三重県津市一志町井関249","34.652279","136.42235"
"東山集会所","三重県津市一志町井関837","34.647181","136.423557"
"井生公会所","三重県津市一志町井生2691","34.646841","136.385933"
"高野文化会館","三重県津市一志町高野1170-5","34.6645","136.431165"
"高岡老人憩いの家","三重県津市一志町高野1321-1","34.662499","136.432279"
"一志こども園","三重県津市一志町高野1451","34.660669","136.430251"
"一志体育館","三重県津市一志町高野160-728","34.65856","136.424422"
"一志中学校","三重県津市一志町高野2609","34.65675","136.42229"
"高野農村公園","三重県津市一志町高野969-1","34.664689","136.432827"
"小山集会所","三重県津市一志町小山401-1","34.64242","136.446349"
"庄村集会所","三重県津市一志町庄村244-1","34.662117","136.447968"
"石橋公会所","三重県津市一志町石橋301-2","34.656999","136.407309"
"村出集会所","三重県津市一志町大仰1032","34.647136","136.408042"
"大井公民館","三重県津市一志町大仰217-1","34.645372","136.411697"
"（旧）大井小学校","三重県津市一志町大仰326","34.645526","136.410674"
"一志西小学校","三重県津市一志町田尻353-1","34.655966","136.426944"
"一志高岡公民館","三重県津市一志町田尻605-2","34.655792","136.434365"
"虹が丘集会所","三重県津市一志町虹が丘5-7","34.638935","136.456108"
"虹が丘くすのき公園","三重県津市一志町虹が丘9-15","34.637597","136.455279"
"波瀬ふれあい会館","三重県津市一志町波瀬2232-2","34.623496","136.391238"
"（旧）波瀬小学校","三重県津市一志町波瀬2236","34.623988","136.390123"
"波瀬出張所","三重県津市一志町波瀬4332-2","34.623495","136.390573"
"ＪＡ三重中央農協旧室の口支店","三重県津市一志町波瀬7068","34.608944","136.371528"
"コミュニティプラザ川合（川合公民館）","三重県津市一志町八太1008-1","34.651603","136.44829"
"川合文化会館","三重県津市一志町八太420-4","34.648481","136.448027"
"一志東小学校","三重県津市一志町八太785-1","34.65272","136.446236"
"片野集会所","三重県津市一志町片野254","34.645589","136.460139"
"姫路集会所","三重県津市一志町片野553-24","34.646754","136.454716"
"西郊中学校グラウンド","三重県津市一色町219","34.72994","136.47662"
"西郊中学校","三重県津市一色町219","34.730557","136.476813"
"正源寺","三重県津市一色町525","34.72866","136.47223"
"三重県総合文化センター","三重県津市一身田上津部田1234","34.744728","136.501969"
"三重県立津東高等学校（体育館・グラウンド）","三重県津市一身田上津部田1470","34.740881","136.495436"
"上津台中央公園","三重県津市一身田上津部田1488-86","34.745439","136.494866"
"一身田小学校","三重県津市一身田大古曽355","34.760028","136.501952"
"三重県身体障害者総合福祉センター駐車場","三重県津市一身田大古曽670-2","34.756373","136.498065"
"三重短期大学","三重県津市一身田中野157","34.748797","136.511825"
"一身田中学校","三重県津市一身田中野880-1","34.75435","136.505172"
"高田本山専修寺","三重県津市一身田町2819","34.762098","136.503611"
"高田高等学校グラウンド","三重県津市一身田町2843","34.764072","136.504768"
"高田中・高等学校","三重県津市一身田町2843","34.764462","136.503674"
"一身田公民館（一身田出張所）","三重県津市一身田町293-3","34.7599","136.507997"
"平野公園","三重県津市一身田平野374","34.754883","136.515588"
"志登茂園団地西公園","三重県津市一身田平野430-56","34.75396","136.517217"
"特定施設憩いの里津ケアホーム","三重県津市一身田平野726-3","34.751755","136.51273"
"特別養護老人ホーム津の街","三重県津市一身田平野726-6","34.751984","136.512044"
"志登茂園団地南公園","三重県津市一身田平野767-3","34.750945","136.51534"
"高田短期大学","三重県津市一身田豊野195","34.770201","136.509403"
"高田短期大学駐車場","三重県津市一身田豊野195","34.769791","136.506399"
"稲葉農村集落多目的共同利用施設","三重県津市稲葉町1905-3","34.705311","136.407209"
"医療法人東海眼科","三重県津市羽所町399","34.734966","136.511565"
"アストプラザ","三重県津市羽所町700","34.734568","136.511025"
"アスト駐車場","三重県津市羽所町700","34.735128","136.510849"
"津市雲出地区防災コミュニティセンター","三重県津市雲出伊倉津町792-1","34.664045","136.536667"
"カヤバ株式会社三重工場","三重県津市雲出長常町1129-11","34.672973","136.527244"
"くもづホテル＆コンファレンス","三重県津市雲出長常町626-10","34.665853","136.530784"
"殿木集会所","三重県津市雲出島貫町488-1","34.65557","136.513523"
"雲出市民館","三重県津市雲出島貫町488-7","34.65557","136.513544"
"雲出小学校","三重県津市雲出本郷町1164","34.662554","136.524021"
"雲出出張所","三重県津市雲出本郷町1388-1","34.665635","136.522094"
"雲出市民センター","三重県津市雲出本郷町1389","34.66541","136.521753"
"津市久居消防署南分署","三重県津市雲出本郷町1631-10","34.664673","136.518154"
"三重県勤労者福祉会館","三重県津市栄町1-891","34.728506","136.510199"
"一般財団法人　三重地方自治労働文化センター","三重県津市栄町2-361","34.731353","136.514168"
"ＨＯＷＡビル津","三重県津市栄町2-380","34.731859","136.513352"
"ＪＡビル専用駐車場","三重県津市栄町2-407-2","34.729343","136.510978"
"ＭＯＲＥビル（モアビル）","三重県津市栄町3-141-1","34.733278","136.513578"
"フラワーロード栄","三重県津市栄町4-185-1","34.734013","136.514208"
"津栄町三交ビル","三重県津市栄町4-643","34.73647","136.513951"
"津老人保健施設アルカディア","三重県津市乙部11-5","34.717329","136.519932"
"寺町公園","三重県津市乙部5","34.718271","136.516315"
"フェニックスメディカルセンタービル","三重県津市乙部5-3","34.717144","136.516347"
"育生小学校","三重県津市下弁財町津興1350","34.704603","136.514823"
"津興公園","三重県津市下弁財町津興3005","34.70511","136.512151"
"一色区住民センター","三重県津市河芸町一色1481-3","34.782027","136.541206"
"豊津小学校グラウンド","三重県津市河芸町一色1680","34.783277","136.543916"
"豊津小学校","三重県津市河芸町一色1680","34.783568","136.543937"
"児童養護施設里山学院なのはな","三重県津市河芸町影重1171-1","34.77798","136.540083"
"影重公民館","三重県津市河芸町影重945","34.776695","136.539832"
"久知野公民館","三重県津市河芸町久知野1776","34.800199","136.535218"
"高佐公民館","三重県津市河芸町高佐518-1","34.778093","136.52108"
"三行児童公園","三重県津市河芸町三行105","34.800761","136.517328"
"三行農業構造改善センター","三重県津市河芸町三行1228-1","34.802019","136.516991"
"みらいの森ゆたか園","三重県津市河芸町三行989","34.804628","136.518314"
"東上野公民館","三重県津市河芸町上野1168-202","34.789499","136.553284"
"朝陽中学校","三重県津市河芸町上野2010","34.784518","136.53583"
"上野小学校","三重県津市河芸町上野2963","34.794847","136.548624"
"新上野公民館","三重県津市河芸町上野3339-129","34.796661","136.543351"
"大蔵園公民館","三重県津市河芸町上野346-103","34.795218","136.554462"
"上野地区農業構造改善センター","三重県津市河芸町上野3791-3","34.797677","136.551868"
"上野公民館","三重県津市河芸町上野834-4","34.793546","136.54844"
"西千里集会所","三重県津市河芸町西千里1589-3","34.807239","136.551206"
"赤部公民館","三重県津市河芸町赤部325","34.790727","136.524862"
"千里ヶ丘小学校","三重県津市河芸町千里ヶ丘13","34.805116","136.548626"
"千里ヶ丘公民館","三重県津市河芸町千里ヶ丘14-1","34.805252","136.54794"
"千里団地集会所","三重県津市河芸町千里ヶ丘69-2","34.80712","136.543623"
"中瀬公民館","三重県津市河芸町中瀬322","34.779276","136.53328"
"松林寺","三重県津市河芸町中別保1819-1","34.7877","136.547153"
"中別保公民館","三重県津市河芸町中別保2034-1","34.785769","136.550818"
"かえでの丘集会所","三重県津市河芸町杜の街1-20-28","34.80183","136.53892"
"くすのきの丘集会所","三重県津市河芸町杜の街1-8-16","34.803254","136.542314"
"本福寺（境内）","三重県津市河芸町東千里691-1","34.802284","136.561566"
"信光寺","三重県津市河芸町東千里707-1","34.802998","136.562387"
"東千里公民館（尾前神社境内）","三重県津市河芸町東千里759","34.800972","136.562301"
"正法寺","三重県津市河芸町東千里844","34.800372","136.560091"
"南黒田公民館","三重県津市河芸町南黒田442-1","34.784101","136.511737"
"南黒田公民館前広場","三重県津市河芸町南黒田442-1","34.784145","136.511861"
"浜田公民館","三重県津市河芸町浜田1440-5","34.784076","136.528043"
"河芸公民館","三重県津市河芸町浜田742","34.784961","136.533784"
"河芸体育館","三重県津市河芸町浜田774","34.786388","136.535107"
"黒田小学校","三重県津市河芸町北黒田109-1","34.788896","136.520762"
"北黒田公民館","三重県津市河芸町北黒田43-3","34.787738","136.519711"
"善休寺","三重県津市河辺町2015","34.745036","136.479341"
"津西ハイタウンセントラルパーク","三重県津市河辺町3022","34.750552","136.480117"
"三重大学教育学部附属小学校","三重県津市観音寺町359","34.726924","136.502494"
"観音寺町集会所","三重県津市観音寺町666","34.730358","136.4974"
"中部電力パワーグリッド株式会社三重支社","三重県津市丸之内2-21","34.714007","136.506112"
"タカノビル","三重県津市丸之内24-16","34.716917","136.506404"
"津商工会館","三重県津市丸之内29-14","34.717317","136.508953"
"百五銀行丸之内本部棟","三重県津市丸之内31-21","34.717908","136.509711"
"津丸の内ビル","三重県津市丸之内9-18","34.714753","136.508344"
"養正小学校","三重県津市丸之内養正町14-1","34.721913","136.506265"
"玉置町公園","三重県津市丸之内養正町5","34.721768","136.50538"
"百五銀行岩田本店棟","三重県津市岩田21-27","34.7134","136.508276"
"天理教津大教会","三重県津市岩田22-18","34.713477","136.507589"
"佐伯町公園","三重県津市岩田8","34.710566","136.506818"
"井戸山地区集会所","三重県津市久居井戸山町153-6","34.67121","136.482499"
"久居東中学校グラウンド","三重県津市久居井戸山町721-1","34.668234","136.485362"
"久居東中学校","三重県津市久居井戸山町721-1","34.668759","136.485153"
"ひとみね保育園","三重県津市久居一色町934","34.687954","136.405052"
"久居西中学校","三重県津市久居一色町940","34.687616","136.406448"
"久居西中学校グラウンド","三重県津市久居一色町940","34.687056","136.406131"
"北口文化会館デイサービスセンター","三重県津市久居烏木町464-4","34.681183","136.47282"
"北口第一公園","三重県津市久居烏木町486-1","34.68265","136.472782"
"元町地区集会所","三重県津市久居元町2099-2","34.668899","136.467864"
"こべき保育園","三重県津市久居元町2314-17","34.668591","136.473136"
"久居公民館","三重県津市久居元町2354","34.671051","136.473007"
"久居交流広場","三重県津市久居元町2354","34.6713","136.472587"
"久居公民館駐車場","三重県津市久居元町2354","34.671366","136.47238"
"万町・中町・射場町地区集会所","三重県津市久居射場町43","34.681941","136.46742"
"中町第二公園","三重県津市久居射場町87","34.67942","136.467987"
"新町三角公園","三重県津市久居新町2819","34.683823","136.481892"
"成美小学校グラウンド","三重県津市久居新町737","34.677186","136.476853"
"成美小学校","三重県津市久居新町737","34.677468","136.477255"
"久居駅東口防災広場","三重県津市久居新町905-2","34.675142","136.478575"
"久居グラウンド","三重県津市久居西鷹跡町1-2","34.67609","136.458472"
"久居老人福祉センター","三重県津市久居西鷹跡町365-1","34.677353","136.465019"
"誠之小学校","三重県津市久居西鷹跡町424","34.675043","136.464997"
"誠之小学校グラウンド","三重県津市久居西鷹跡町424","34.674668","136.464847"
"久居中学校グラウンド","三重県津市久居西鷹跡町494","34.675645","136.461233"
"久居中学校","三重県津市久居西鷹跡町494","34.675173","136.460278"
"西鷹跡地区集会所","三重県津市久居西鷹跡町498-17","34.675688","136.459321"
"東鷹跡地区集会所","三重県津市久居東鷹跡町1-12","34.673515","136.46999"
"三重県立久居農林高等学校体育館","三重県津市久居東鷹跡町105","34.673925","136.465779"
"久居農林高等学校グラウンド","三重県津市久居東鷹跡町105","34.673294","136.466514"
"巽ヶ丘幼稚園","三重県津市久居東鷹跡町177-5","34.675017","136.466248"
"久居総合福祉会館駐車場","三重県津市久居東鷹跡町20-17","34.672279","136.468444"
"久居総合福祉会館","三重県津市久居東鷹跡町20-2","34.672919","136.468894"
"久居アルスプラザ駐車場","三重県津市久居東鷹跡町246","34.67505","136.470169"
"久居北口市民館","三重県津市久居北口町2709-6","34.684159","136.478817"
"北口保育園","三重県津市久居北口町554","34.680658","136.47418"
"密柑山幼稚園","三重県津市久居北口町554-2","34.680292","136.474882"
"久居北口文化会館","三重県津市久居北口町560-5","34.681014","136.473204"
"北部保育園","三重県津市久居北口町859-3","34.683997","136.477109"
"久居児童センター","三重県津市久居北口町862-5","34.684173","136.477437"
"明神地区集会所","三重県津市久居明神町1180-259","34.690849","136.479948"
"明神教育集会所","三重県津市久居明神町1463-1","34.689668","136.462022"
"明神教育集会所前広場","三重県津市久居明神町1463-1","34.689487","136.46207"
"諸戸山・横山地区集会所","三重県津市久居明神町1530-27","34.692637","136.465556"
"相川地区集会所","三重県津市久居野村町1976-22","34.684216","136.486906"
"久居団地・東町地区集会所","三重県津市久居野村町372-264","34.677266","136.484279"
"のむら幼稚園","三重県津市久居野村町542-3","34.677742","136.48806"
"立成小学校グラウンド","三重県津市久居野村町560","34.677103","136.489074"
"立成小学校","三重県津市久居野村町560","34.677557","136.489193"
"野村保育園","三重県津市久居野村町568-4","34.676389","136.489285"
"立成コミュニティセンター","三重県津市久居野村町874-8","34.679112","136.483961"
"久居体育館駐車場","三重県津市久居野村町877-1","34.679695","136.483853"
"久居体育館","三重県津市久居野村町877-1","34.680066","136.484304"
"善行寺（境内）","三重県津市栗真小川町1608","34.766476","136.522795"
"小川園児童遊び場","三重県津市栗真小川町863-60","34.77609","136.529163"
"栗真小学校","三重県津市栗真中山町452","34.761084","136.522385"
"津市北消防署","三重県津市栗真中山町816-6","34.760327","136.515822"
"志登茂園団地東公園","三重県津市栗真町屋町50-61","34.751262","136.519292"
"三重県立国児学園","三重県津市栗真町屋町524","34.747828","136.523298"
"町屋会館","三重県津市栗真町屋町714-1","34.751191","136.52313"
"栗真出張所","三重県津市栗真町屋町836-1","34.754136","136.523419"
"専称寺（境内）","三重県津市栗真町屋町872","34.753961","136.525157"
"雲林院福祉会館","三重県津市芸濃町雲林院1019","34.808604","136.408237"
"下川公民館","三重県津市芸濃町雲林院1192-3","34.804376","136.410406"
"南山集会所駐車場","三重県津市芸濃町雲林院2014-8","34.797829","136.404758"
"南山集会所","三重県津市芸濃町雲林院2014-8","34.797688","136.404768"
"市場公民館","三重県津市芸濃町雲林院357-2","34.809289","136.403736"
"（旧）雲林院小学校","三重県津市芸濃町雲林院566","34.807172","136.40677"
"中瀬古公民館","三重県津市芸濃町雲林院616","34.807472","136.406317"
"上ノ段集会所","三重県津市芸濃町雲林院751-10","34.810659","136.40754"
"河原集会所","三重県津市芸濃町雲林院816-17","34.812795","136.408443"
"河原公園","三重県津市芸濃町雲林院816-19","34.812303","136.407644"
"新田教育集会所","三重県津市芸濃町雲林院834-17","34.812591","136.410306"
"青木団地公園","三重県津市芸濃町雲林院960-16","34.80902","136.410539"
"青木団地教育集会所","三重県津市芸濃町雲林院960-53","34.808523","136.411043"
"岡本公民館","三重県津市芸濃町岡本422","34.788468","136.443194"
"河内下公民館（宝並）","三重県津市芸濃町河内282-1","34.800611","136.384865"
"錫杖湖水荘","三重県津市芸濃町河内679","34.809617","136.36782"
"河内下之垣内公民館","三重県津市芸濃町河内889","34.810112","136.359849"
"小野平公民館","三重県津市芸濃町小野平176-1","34.792288","136.415309"
"多門公民館","三重県津市芸濃町多門857","34.802001","136.417172"
"新横山集会所","三重県津市芸濃町中縄510-4","34.812993","136.413494"
"藤ヶ丘団地集会所","三重県津市芸濃町中縄524-4","34.814987","136.412537"
"藤ヶ丘団地公園","三重県津市芸濃町中縄524-64","34.815335","136.413573"
"西部ヶ丘集会所","三重県津市芸濃町中縄644-1","34.815982","136.409925"
"中縄公民館","三重県津市芸濃町中縄876-3","34.818641","136.419315"
"楠原公民館","三重県津市芸濃町楠原424","34.836648","136.413128"
"忍田駐車場","三重県津市芸濃町忍田139","34.81309","136.405969"
"忍田公民館","三重県津市芸濃町忍田189-3","34.812504","136.40418"
"萩野区集会所","三重県津市芸濃町萩野728-1","34.792961","136.438874"
"（旧）安西小学校","三重県津市芸濃町北神山310","34.79782","136.42789"
"北神山公民館","三重県津市芸濃町北神山362","34.796035","136.428583"
"八幡前集会所","三重県津市芸濃町椋本1568-19","34.80398","136.427014"
"椋本三部集会所","三重県津市芸濃町椋本1815-5","34.808921","136.428707"
"椋本７－２広場","三重県津市芸濃町椋本2160-11","34.804061","136.4285"
"第四部公民館","三重県津市芸濃町椋本2699-1","34.808116","136.432985"
"豊久野公民館","三重県津市芸濃町椋本3706-2","34.807961","136.445202"
"豊久野公民館駐車場","三重県津市芸濃町椋本3706-2","34.807776","136.445245"
"岩原公民館","三重県津市芸濃町椋本3937-1","34.813909","136.441531"
"殿町教育集会所","三重県津市芸濃町椋本410-15","34.81171","136.416017"
"殿町教育集会所駐車場","三重県津市芸濃町椋本410-15","34.811824","136.415995"
"西町公民館","三重県津市芸濃町椋本481-3","34.810398","136.421147"
"芸濃小学校","三重県津市芸濃町椋本5047","34.810718","136.42771"
"芸濃中学校","三重県津市芸濃町椋本5147","34.811809","136.425149"
"平林公民館","三重県津市芸濃町椋本5502-2","34.820279","136.428109"
"富家集会所","三重県津市芸濃町椋本6127-1","34.805346","136.433477"
"芸濃総合文化センター","三重県津市芸濃町椋本6824","34.812595","136.424372"
"椋本団地児童公園","三重県津市芸濃町椋本892-113","34.80454","136.424682"
"椋本団地集会所","三重県津市芸濃町椋本892-69","34.805258","136.425116"
"林町公民館","三重県津市芸濃町林163-6","34.82698","136.41888"
"林殿町公民館","三重県津市芸濃町林1784-2","34.8277","136.425132"
"明小学校","三重県津市芸濃町林325","34.8283","136.420597"
"林川原公民館","三重県津市芸濃町林485-1","34.832214","136.424307"
"戸木公民館","三重県津市戸木町1782","34.677774","136.450289"
"戸木地区集会所","三重県津市戸木町2056-1","34.678365","136.449961"
"戸木幼稚園","三重県津市戸木町2337","34.678841","136.449902"
"狐塚地区集会所","三重県津市戸木町3504-3","34.689414","136.457817"
"三重県立久居高等学校体育館","三重県津市戸木町3569-1","34.694768","136.461355"
"久居高等学校グラウンド","三重県津市戸木町3569-1","34.693532","136.461696"
"風早地区集会所","三重県津市戸木町4152-359","34.681472","136.449663"
"久居中央スポーツ公園","三重県津市戸木町5252","34.681325","136.437108"
"羽野地区集会所","三重県津市戸木町5578-13","34.677359","136.436255"
"戸木地区多目的広場","三重県津市戸木町5641-1","34.676144","136.441533"
"戸木小学校","三重県津市戸木町880","34.676165","136.452741"
"戸木小学校グラウンド","三重県津市戸木町880","34.675781","136.452896"
"岩田公園","三重県津市幸町2005","34.706011","136.506069"
"津偕楽公園","三重県津市広明町147-1","34.731621","136.506331"
"ホテル　ザ・グランコート津西","三重県津市広明町345-4","34.731683","136.509243"
"東横ＩＮＮ津駅西口","三重県津市広明町349-1","34.732153","136.508771"
"北立誠小学校","三重県津市江戸橋1-30","34.744845","136.51748"
"贄崎地区防災コミュニティセンター","三重県津市港町1-23","34.71229","136.522255"
"馬場区民会館","三重県津市香良洲町1056","34.647382","136.535814"
"香海中学校","三重県津市香良洲町128","34.651924","136.531348"
"桜町区民会館","三重県津市香良洲町134-11","34.65259","136.532961"
"砂原区民会館","三重県津市香良洲町1703-2","34.648891","136.539259"
"香良洲公民館","三重県津市香良洲町1876-1","34.643969","136.539487"
"津市香良洲庁舎","三重県津市香良洲町1878","34.644058","136.539202"
"サンデルタ香良洲","三重県津市香良洲町2167","34.643832","136.542528"
"香良洲小学校","三重県津市香良洲町2190-1","34.645674","136.542436"
"地家区民会館","三重県津市香良洲町237-1","34.649059","136.532451"
"高砂区民会館","三重県津市香良洲町3675-50","34.642839","136.544046"
"川口ポンプ場","三重県津市香良洲町3763-1","34.639524","136.546398"
"香良洲体育館","三重県津市香良洲町3952-90","34.64509","136.545537"
"掘割ポンプ場","三重県津市香良洲町3953-3","34.645729","136.546559"
"川原区民会館","三重県津市香良洲町455","34.654403","136.535114"
"香良洲高台防災公園","三重県津市香良洲町5380","34.6582","136.545931"
"稲葉区民会館","三重県津市香良洲町5536-39","34.657057","136.540418"
"まつぼっくり作業所","三重県津市香良洲町5722","34.647008","136.540343"
"浜浦区民会館","三重県津市香良洲町5879","34.648197","136.541887"
"香良洲歴史資料館（若桜会館）","三重県津市香良洲町6320","34.646034","136.54363"
"小松区民会館","三重県津市香良洲町786-2","34.653728","136.53805"
"高洲町教育集会所","三重県津市高洲町15-30","34.725857","136.525177"
"高洲会館","三重県津市高洲町18-14","34.72641","136.525416"
"小森宮の前児童遊び場","三重県津市高茶屋2-833","34.678807","136.50995"
"高茶屋小学校","三重県津市高茶屋3-1-1","34.67168","136.508884"
"南郊公民館","三重県津市高茶屋3-25-6","34.67296","136.509322"
"高茶屋市民センター","三重県津市高茶屋4-37-59","34.669174","136.504411"
"南郊中学校","三重県津市高茶屋4-44-1","34.66934","136.509063"
"三重県工業研究所駐車場","三重県津市高茶屋5-5-45","34.668292","136.498855"
"日本板硝子（株）津事業所南グラウンド","三重県津市高茶屋小森町1018-1","34.66564","136.50618"
"三重県立津高等技術学校","三重県津市高茶屋小森町1176-2","34.666597","136.501613"
"イオンモール津南","三重県津市高茶屋小森町145","34.67023","136.517557"
"小森向山苑自治会集会所","三重県津市高茶屋小森町1675-1","34.667573","136.492082"
"高茶屋小森山自治会集会所","三重県津市高茶屋小森町1733-4","34.66944","136.487693"
"南部緑地公園","三重県津市高茶屋小森町4000","34.669529","136.495474"
"中町公民館","三重県津市高野尾町1431-1","34.791612","136.466142"
"里区集会所","三重県津市高野尾町4209-1","34.79391","136.46954"
"高野尾小学校","三重県津市高野尾町5266-1","34.792813","136.461929"
"高野尾出張所","三重県津市高野尾町5417-1","34.793262","136.46208"
"落合小遊園地（榊原市民館広場）","三重県津市榊原町10020-1","34.701477","136.354994"
"榊原市民館","三重県津市榊原町10032","34.701592","136.354693"
"榊原市場地区小公園（２区市場小公園）","三重県津市榊原町1133-4","34.70149","136.380381"
"第２区集会所","三重県津市榊原町1242","34.703325","136.380365"
"榊原地区集会所","三重県津市榊原町2879-2","34.706662","136.364107"
"中の山公会所","三重県津市榊原町2922","34.704675","136.361471"
"一の坂集会所","三重県津市榊原町3721","34.704546","136.34583"
"寺野垣内集会所","三重県津市榊原町4696-1","34.701869","136.35797"
"榊原農民研修所","三重県津市榊原町5104","34.706664","136.370773"
"榊原小学校","三重県津市榊原町5848","34.705353","136.372384"
"榊原小学校グラウンド","三重県津市榊原町5848","34.705331","136.373001"
"榊原温泉湯の瀬","三重県津市榊原町6103","34.702617","136.37536"
"下村教育集会所前広場","三重県津市榊原町8161-2","34.694296","136.388813"
"下村教育集会所","三重県津市榊原町8161-2","34.694494","136.388904"
"三重県教育文化会館（本館・駐車場）","三重県津市桜橋2-142","34.733427","136.515501"
"三重県教育文化会館","三重県津市桜橋2-142","34.73351","136.515292"
"橋北中学校","三重県津市桜橋2-38-1","34.731677","136.518217"
"南立誠小学校","三重県津市桜橋2-39","34.731803","136.51704"
"南立誠小学校グラウンド","三重県津市桜橋2-39","34.731124","136.517099"
"三重県自治会館","三重県津市桜橋2-96","34.731114","136.514679"
"旭町公園","三重県津市桜橋3-198","34.733862","136.517724"
"イセットビル","三重県津市桜橋3-408","34.735563","136.51545"
"三重県津庁舎（本館）","三重県津市桜橋3-446-34","34.738204","136.517501"
"創価学会三重文化会館","三重県津市桜橋3-446-40","34.736878","136.516663"
"乙部公園","三重県津市寿町14","34.715131","136.515498"
"津生協病院","三重県津市寿町16-24","34.715442","136.516809"
"ＣＳビル","三重県津市寿町18-15","34.715893","136.518802"
"敬和公民館","三重県津市寿町21-22","34.71652","136.515598"
"修成小学校","三重県津市修成町9-1","34.710073","136.501287"
"渋見町集会所","三重県津市渋見町418","34.735243","136.491883"
"三重県立津商業高等学校","三重県津市渋見町699","34.736391","136.498152"
"三重県立津商業高等学校グラウンド","三重県津市渋見町699-1","34.736919","136.498032"
"七栗産業会館","三重県津市庄田町517-2","34.673594","136.420523"
"上浜南公園","三重県津市上浜町1-144","34.738011","136.51313"
"ひょうたん池公園","三重県津市上浜町6-3-2","34.738995","136.505329"
"中日新聞　津橋南専売所","三重県津市上弁財町15-8","34.70415","136.507032"
"橋南中学校","三重県津市上弁財町津興2537-4","34.702751","136.510782"
"三重県立こころの医療センター駐車場","三重県津市城山1-12-1","34.6743","136.508006"
"城山会館","三重県津市城山2-20-3","34.678191","136.504914"
"桃園小学校","三重県津市新家町1350","34.660329","136.48629"
"桃園小学校グラウンド","三重県津市新家町1350","34.659976","136.48613"
"桃園情報センター","三重県津市新家町1365-5","34.660757","136.485616"
"三重県立津高等学校グラウンド","三重県津市新町3-1-1","34.71834","136.49069"
"森集会所","三重県津市森町148-1","34.676733","136.410367"
"森教育集会所","三重県津市森町1910-1","34.688173","136.418786"
"栗葉小学校グラウンド","三重県津市森町270","34.678751","136.411138"
"栗葉小学校","三重県津市森町270","34.679153","136.410929"
"栗葉幼稚園","三重県津市森町284-1","34.678284","136.411567"
"七栗公民館","三重県津市森町286","34.678523","136.411713"
"森町集会所","三重県津市森町850-1","34.680064","136.413865"
"サービス付き高齢者向け住宅安濃津ろまん","三重県津市神戸154-9","34.714789","136.489346"
"神戸公園","三重県津市神戸1621-2","34.710476","136.477945"
"津市青少年野外活動センター","三重県津市神戸1680-1","34.711011","136.478108"
"神戸小学校","三重県津市神戸332-1","34.714875","136.482033"
"須ヶ瀬地区構造改善センター","三重県津市須ケ瀬町1610-7","34.656632","136.465837"
"たるみ子育て交流館ほか２施設駐車場","三重県津市垂水1300","34.68591","136.506124"
"南が丘小学校","三重県津市垂水2538-1","34.690089","136.495637"
"南が丘中学校","三重県津市垂水2622-1","34.688739","136.494462"
"南が丘会館","三重県津市垂水2882-1","34.697318","136.500311"
"津リージョンプラザ立体駐車場","三重県津市西丸之内23-1","34.718009","136.504269"
"津市本庁舎","三重県津市西丸之内23-1","34.718537","136.505469"
"津リージョンプラザ","三重県津市西丸之内23-1","34.718754","136.504876"
"お城西公園","三重県津市西丸之内335-2","34.71932","136.50559"
"津市応急クリニック及び教育委員会庁舎","三重県津市西丸之内37-8","34.72016","136.504751"
"一本橋住宅児童遊び場","三重県津市川添町34-19","34.711739","136.495048"
"川添町集会所","三重県津市川添町6-32","34.711585","136.495143"
"桃園地区集会所","三重県津市川方町475-2","34.664048","136.473977"
"三愛相生町ビル","三重県津市相生町10","34.722882","136.513491"
"相生会館","三重県津市相生町383","34.724374","136.515301"
"相生町公園","三重県津市相生町5","34.725181","136.516914"
"株式会社シーテック三重支社","三重県津市大倉12-19","34.702826","136.504877"
"日本土建本社ビル","三重県津市大倉19-1","34.704927","136.506463"
"彰見寺（境内）","三重県津市大谷町1","34.733729","136.502656"
"三重県総合教育センター駐車場","三重県津市大谷町12","34.735606","136.503368"
"大門病院","三重県津市大門1-3","34.717398","136.514622"
"フェニックスホテル","三重県津市大門28-8","34.719854","136.514979"
"観音公園","三重県津市大門5-1","34.720423","136.513781"
"津センターパレスビル","三重県津市大門7-15","34.718656","136.511006"
"フェニックス通り駐車場","三重県津市大門7-32","34.718406","136.511368"
"大里小学校","三重県津市大里窪田町1821","34.770734","136.492693"
"高田本山駐車場","三重県津市大里窪田町2710-1","34.762654","136.501364"
"高田中・高等学校　５号館","三重県津市大里窪田町2865-1","34.764645","136.503746"
"山室町センター","三重県津市大里山室町3655-1","34.786381","136.486128"
"小野田町集会所","三重県津市大里小野田町166-1","34.778031","136.490667"
"川北公民館","三重県津市大里川北町273-1","34.770658","136.500413"
"かわきた公園","三重県津市大里川北町295-104","34.770876","136.503893"
"大里出張所","三重県津市大里睦合町1292-1","34.774919","136.490712"
"豊里公民館","三重県津市大里睦合町610-1","34.772419","136.486438"
"豊里中学校グラウンド","三重県津市大里睦合町820-1","34.776616","136.483743"
"豊里中学校","三重県津市大里睦合町820-1","34.777149","136.484172"
"野田会館","三重県津市大里野田町401-1","34.780941","136.48712"
"津中央郵便局","三重県津市中央1-1","34.718793","136.509724"
"三重会館","三重県津市中央1-1","34.719022","136.510132"
"メゾンエスポワール","三重県津市中央14-8","34.721342","136.507989"
"津地方裁判所","三重県津市中央3-1","34.719501","136.50813"
"検校公園","三重県津市中央5","34.721175","136.509458"
"さくら児童館","三重県津市中河原2075","34.726587","136.517658"
"東橋内中学校","三重県津市中河原356-2","34.721107","136.518856"
"敬和小学校","三重県津市中河原445","34.72094","136.520132"
"近縁寺","三重県津市長岡町552","34.738548","136.487458"
"西が丘小学校","三重県津市長岡町800-437","34.744667","136.491782"
"鳥居町児童遊び場","三重県津市鳥居町88-43","34.72473","136.506982"
"島崎町公園","三重県津市島崎町272","34.732828","136.521465"
"津第二地方合同庁舎","三重県津市島崎町327-2","34.7344","136.519862"
"三重県建設技術センター","三重県津市島崎町56","34.730796","136.520961"
"古河公園","三重県津市東古河町5","34.719576","136.499671"
"西橋内中学校","三重県津市東古河町7-1","34.720696","136.499993"
"三愛物産株式会社三重支店","三重県津市藤方1165-1","34.688441","136.516759"
"藤水出張所","三重県津市藤方1491-2","34.685514","136.510059"
"藤水小学校","三重県津市藤方1627","34.689831","136.51231"
"パナソニック株式会社エレクトリックワークス社　津工場　厚生会館","三重県津市藤方1668","34.689144","136.515609"
"三重県立聾学校","三重県津市藤方2304-2","34.694112","136.517962"
"津八幡宮","三重県津市藤方2339","34.696853","136.514353"
"結城神社","三重県津市藤方2341","34.697704","136.515205"
"津市モーターボート競走場","三重県津市藤方637","34.681755","136.521938"
"Ｌｕｔ’ｓ（ラッツ）","三重県津市藤方716","34.682955","136.518849"
"東邦ガス株式会社　津事業所","三重県津市南丸之内4-10","34.713348","136.500332"
"中部電力パワーグリッド株式会社五軒町立体駐車場","三重県津市南丸之内２３．２４．２５","34.713854","136.50391"
"ぼだいじこども園グラウンド","三重県津市南中央10-18","34.70663","136.508983"
"七尾ビル","三重県津市南中央2-18","34.70505","136.509344"
"古道公園","三重県津市南中央5","34.70478","136.508264"
"安東小学校","三重県津市納所町245","34.733107","136.486324"
"中勢用水中央管理事務所","三重県津市納所町524","34.726602","136.486618"
"青山高原保健休養地管理事務所","三重県津市白山町伊勢見4","34.654446","136.267028"
"稲垣公民館","三重県津市白山町稲垣253-2","34.653435","136.328137"
"岡集落センター","三重県津市白山町岡169-1","34.662817","136.356665"
"垣内公民館","三重県津市白山町垣内684","34.668528","136.314487"
"白山体育館","三重県津市白山町古市808","34.650882","136.340826"
"上佐田公民館","三重県津市白山町佐田1110","34.679903","136.332885"
"口佐田集会所","三重県津市白山町佐田178","34.669567","136.341286"
"佐田集会所","三重県津市白山町佐田554-3","34.672662","136.343759"
"上佐田教育集会所","三重県津市白山町佐田948","34.681849","136.331061"
"上広集会所","三重県津市白山町三ケ野1106","34.670244","136.386605"
"大美集会所","三重県津市白山町三ケ野1263-3","34.670092","136.383224"
"三ヶ野集会所","三重県津市白山町三ケ野2773-1","34.678256","136.374513"
"三ヶ野上集会所","三重県津市白山町三ヶ野3382-1","34.679765","136.367674"
"山田野集会所","三重県津市白山町山田野2949-3","34.640247","136.317494"
"美里区多目的集会所","三重県津市白山町山田野38-3","34.644105","136.324478"
"山田野上集会所","三重県津市白山町山田野464-1","34.638068","136.314338"
"田中公民館","三重県津市白山町山田野481-2","34.638666","136.315775"
"下司名公民館","三重県津市白山町山田野590-5","34.639215","136.319597"
"北出区公民館","三重県津市白山町山田野752-3","34.642145","136.321142"
"山田野１区公民館","三重県津市白山町山田野934-7","34.643684","136.326873"
"小杉公民館","三重県津市白山町小杉191","34.631645","136.274922"
"倭小学校","三重県津市白山町上ノ村183","34.667437","136.335394"
"上ノ村集会所","三重県津市白山町上ノ村2244","34.667892","136.330878"
"グリーンホール","三重県津市白山町上ノ村9-296","34.664552","136.33474"
"元取集会所","三重県津市白山町城立213-3","34.625786","136.284518"
"元取公民館","三重県津市白山町城立305","34.625107","136.285256"
"真見集落センター","三重県津市白山町真見97","34.616952","136.316744"
"御城公民館","三重県津市白山町川口1076","34.638312","136.341403"
"的場区集会所","三重県津市白山町川口1165","34.638054","136.34397"
"馬場公民館","三重県津市白山町川口1260-2","34.640124","136.346191"
"川口公民館","三重県津市白山町川口1968","34.643014","136.348459"
"川口小学校","三重県津市白山町川口1991","34.642553","136.347962"
"瀬古集会所","三重県津市白山町川口2022","34.642307","136.347065"
"岩脇公民館","三重県津市白山町川口2128-2","34.642","136.350294"
"川口北区駐車場","三重県津市白山町川口218-5","34.638629","136.336959"
"川口南公民館","三重県津市白山町川口27","34.635763","136.338516"
"杉ヶ瀬公民館","三重県津市白山町川口2782","34.649742","136.350788"
"並木公民館","三重県津市白山町川口3215-1","34.649734","136.356925"
"茅刈公民館","三重県津市白山町川口3437","34.652242","136.363035"
"吹毛公民館","三重県津市白山町川口3655-2","34.648426","136.362365"
"御衣田公民館","三重県津市白山町川口3702-2","34.649246","136.366866"
"双川公民館","三重県津市白山町川口377","34.642765","136.336528"
"小野連合区公民館","三重県津市白山町川口4003","34.64455","136.356507"
"白山中学校","三重県津市白山町川口471-6","34.644292","136.336755"
"市場公民館","三重県津市白山町川口4755","34.635994","136.344209"
"大広教育集会所","三重県津市白山町川口6520","34.640397","136.370751"
"大広地区集会所","三重県津市白山町川口6820","34.641584","136.371865"
"大角公民館","三重県津市白山町川口712-1","34.645344","136.338404"
"白山公民館","三重県津市白山町川口897","34.639024","136.340188"
"大原集会所","三重県津市白山町大原200-3","34.638483","136.269241"
"中ノ村集会所","三重県津市白山町中ノ村115","34.66583","136.342966"
"倭公民館","三重県津市白山町中ノ村581","34.66862","136.343738"
"藤集落センター","三重県津市白山町藤1551","34.631178","136.311457"
"西町公民館","三重県津市白山町南家城1245-4","34.622186","136.313803"
"家城グラウンド","三重県津市白山町南家城1461-2","34.621066","136.318613"
"本町生活改善センター","三重県津市白山町南家城1500","34.622815","136.319642"
"立町公民館","三重県津市白山町南家城1517-10","34.621214","136.319383"
"東町公民館","三重県津市白山町南家城162","34.628498","136.327243"
"宮町公民館","三重県津市白山町南家城2382","34.625971","136.320074"
"家城小学校","三重県津市白山町南家城647","34.627406","136.313826"
"白山高等学校グラウンド","三重県津市白山町南家城678","34.624118","136.313259"
"家城公民館","三重県津市白山町南家城851-3","34.626581","136.321536"
"南出倶楽部","三重県津市白山町南出296-1","34.662105","136.344113"
"大三公民館","三重県津市白山町二本木1001-253","34.665995","136.370726"
"白山台集会所「ふれあい」","三重県津市白山町二本木1001-426","34.667783","136.368488"
"浜城観音堂","三重県津市白山町二本木2159","34.665202","136.364294"
"閑城集会所","三重県津市白山町二本木2331","34.662689","136.364311"
"茶屋北集会所","三重県津市白山町二本木276-25","34.665287","136.373551"
"大三小学校","三重県津市白山町二本木296","34.664032","136.373183"
"向居上中公民館","三重県津市白山町二本木3101","34.658708","136.362426"
"向居山出北公民館","三重県津市白山町二本木3490","34.658544","136.367065"
"向居山出南公民館","三重県津市白山町二本木4015-1","34.654878","136.366824"
"沖広倶楽部","三重県津市白山町二本木403","34.661689","136.374941"
"茶屋南集会所","三重県津市白山町二本木582","34.662176","136.369712"
"中徳田集会所","三重県津市白山町二本木671","34.662125","136.368103"
"西徳田公民館","三重県津市白山町二本木690-2","34.662746","136.366854"
"二俣集落センター","三重県津市白山町二俣702","34.618136","136.300448"
"八対野１区公民館","三重県津市白山町八対野100","34.664739","136.319048"
"八対野４区公民館","三重県津市白山町八対野1129-4","34.652029","136.324534"
"八ツ山小学校","三重県津市白山町八対野2480","34.649138","136.326978"
"八対野２区公民館","三重県津市白山町八対野2838-3","34.664053","136.315614"
"八対野５区公民館","三重県津市白山町八対野3321","34.647651","136.329862"
"八対野３区公民館","三重県津市白山町八対野3508","34.655943","136.319562"
"八対野教育文化会館","三重県津市白山町八対野92-2","34.663944","136.319129"
"八ツ山公民館","三重県津市白山町八対野994-1","34.649338","136.329306"
"福田山公民館","三重県津市白山町福田山577","34.610828","136.272493"
"北家城自主防災センター","三重県津市白山町北家城1328","34.63122","136.332059"
"志登茂川浄化センター","三重県津市白塚町1592","34.772453","136.541609"
"中勢沿岸流域下水道（志登茂川処理区）志登茂川浄化センター","三重県津市白塚町1592","34.77255","136.541647"
"白塚公園","三重県津市白塚町2496-3","34.767518","136.533216"
"白塚小学校","三重県津市白塚町4463","34.760665","136.528267"
"長安寺","三重県津市白塚町5291","34.75882","136.526311"
"市営白塚団地３号館","三重県津市白塚町58-3","34.775324","136.534544"
"近鉄白塚駅グラウンド","三重県津市白塚町957","34.772854","136.535491"
"新町小学校","三重県津市八町3-3-1","34.720832","136.492404"
"学校法人セントヨゼフ女子学園（第一体育館・第二体育館）","三重県津市半田1330","34.703403","136.497691"
"セントヨゼフ女子学園グラウンド","三重県津市半田1330","34.703204","136.496967"
"半田児童遊び場（高松スポーツ公園）","三重県津市半田1396-1","34.705455","136.497893"
"高西寺","三重県津市半田1936","34.706623","136.490701"
"津南防災コミュニティセンター","三重県津市半田3249-11","34.692606","136.491255"
"三重県立津工業高等学校グラウンド","三重県津市半田534","34.709111","136.497702"
"三重県立津工業高等学校","三重県津市半田534","34.709698","136.497601"
"美杉小学校","三重県津市美杉町奥津1025","34.511791","136.266402"
"中市場会舘","三重県津市美杉町奥津1216","34.511978","136.259109"
"八幡地域住民センター","三重県津市美杉町奥津1288-8","34.512088","136.260141"
"八幡生活改善センター","三重県津市美杉町奥津1294","34.51139","136.26064"
"八幡生活改善センター駐車場","三重県津市美杉町奥津1294","34.511346","136.260796"
"谷口集会所","三重県津市美杉町奥津2071","34.511412","136.271903"
"波籠集会所","三重県津市美杉町奥津265-1","34.522069","136.270961"
"美杉高齢者生活福祉センター","三重県津市美杉町奥津929","34.511409","136.268996"
"上殿集会所","三重県津市美杉町奥津962-1","34.510506","136.267633"
"野登瀬公民館","三重県津市美杉町下多気1484","34.536337","136.313022"
"六田公民館","三重県津市美杉町下多気182","34.519966","136.301783"
"やまなみ会館","三重県津市美杉町下多気2586-6","34.525672","136.304224"
"美杉ゴルフ倶楽部ロッヂ","三重県津市美杉町下多気3437-34","34.540473","136.287762"
"世古集会所","三重県津市美杉町下多気633","34.524607","136.306541"
"下之川生活改善センター","三重県津市美杉町下之川1875","34.555067","136.340079"
"下之川生活改善センター駐車場","三重県津市美杉町下之川1875","34.554911","136.339995"
"不動之口公民館","三重県津市美杉町下之川2039-3","34.552987","136.338512"
"ごんぼ会舘","三重県津市美杉町下之川5396-1","34.553326","136.335848"
"美杉下之川体育館","三重県津市美杉町下之川6098-2","34.557643","136.342525"
"下之川地域住民センター","三重県津市美杉町下之川6115","34.557307","136.341946"
"三多気農事集会所","三重県津市美杉町三多気390","34.519209","136.221645"
"多気地域住民センター","三重県津市美杉町上多気1031","34.516644","136.300116"
"美杉多気体育館","三重県津市美杉町上多気1042-5","34.51684","136.300003"
"美杉多気体育館前グラウンド","三重県津市美杉町上多気1042-5","34.516182","136.300143"
"町屋公民館","三重県津市美杉町上多気1330","34.513523","136.30408"
"杉平集会所","三重県津市美杉町杉平108-3","34.512658","136.223633"
"美杉伊勢地体育館","三重県津市美杉町石名原1581-2","34.513547","136.238303"
"伊勢地多目的集会所前グラウンド","三重県津市美杉町石名原1583","34.513535","136.237685"
"伊勢地多目的集会所","三重県津市美杉町石名原1583","34.513774","136.237867"
"伊勢地地域住民センター","三重県津市美杉町石名原1681","34.513551","136.238883"
"寺村集会所","三重県津市美杉町石名原1747-1","34.514435","136.242182"
"下前戸集会所","三重県津市美杉町石名原1895-1","34.51373","136.245971"
"越知集会所","三重県津市美杉町石名原2156-1","34.513335","136.249231"
"逢坂集会所","三重県津市美杉町石名原2812-1","34.522639","136.248828"
"上垣内集会所","三重県津市美杉町石名原640-4","34.51281","136.238214"
"払戸東集会所","三重県津市美杉町石名原896-3","34.513655","136.232619"
"宮の本上集会所","三重県津市美杉町川上1303","34.4855","136.269085"
"やまびこ会舘","三重県津市美杉町川上32-1","34.510027","136.257677"
"美杉高齢者婦人センター「しゃくなげ会館」","三重県津市美杉町川上3372","34.479477","136.265819"
"浄土宗高巌寺","三重県津市美杉町川上3383","34.478631","136.266199"
"上太郎生公民館","三重県津市美杉町太郎生1125","34.525273","136.193214"
"上出組集会所","三重県津市美杉町太郎生2032-2","34.530247","136.190782"
"宮崎組集会所","三重県津市美杉町太郎生2060-6","34.531558","136.193807"
"太郎生多目的集会所","三重県津市美杉町太郎生2120","34.535296","136.19392"
"（旧）太郎生小学校","三重県津市美杉町太郎生2128-1","34.534515","136.194588"
"萩原集会所","三重県津市美杉町太郎生2178-1","34.538455","136.191968"
"大洞組集会所","三重県津市美杉町太郎生2854-3","34.535197","136.19636"
"南出自治会集会所","三重県津市美杉町太郎生3027-1","34.531677","136.196507"
"太郎生殿組集会所","三重県津市美杉町太郎生3805-1","34.549265","136.19316"
"猿子自治会舘","三重県津市美杉町太郎生4473-3","34.556819","136.188631"
"江後中尾集会所","三重県津市美杉町太郎生557","34.524146","136.188175"
"上太郎生西地区農業集落多目的集会所","三重県津市美杉町太郎生739-1","34.526696","136.19075"
"丹生俣多目的集会所","三重県津市美杉町丹生俣1360-2","34.489189","136.303253"
"下組区集会所","三重県津市美杉町丹生俣174-2","34.497664","136.304428"
"天理教國司分教会","三重県津市美杉町丹生俣783-1","34.492334","136.30553"
"中原公民館","三重県津市美杉町竹原1052-4","34.590206","136.299742"
"上平公民館","三重県津市美杉町竹原1398-1","34.584277","136.289587"
"小原公民館","三重県津市美杉町竹原2090-1","34.583017","136.285497"
"竹原コミュニティ防災センター","三重県津市美杉町竹原241-1","34.601104","136.309928"
"竹原地域住民センター","三重県津市美杉町竹原2777","34.594316","136.30504"
"美杉竹原体育館","三重県津市美杉町竹原2796","34.593831","136.305496"
"竹原多目的集会所","三重県津市美杉町竹原2821","34.594721","136.305493"
"中野公民館","三重県津市美杉町竹原3199","34.599789","136.305603"
"持経集会所","三重県津市美杉町竹原378-9","34.604821","136.312554"
"脇ケ野公民館","三重県津市美杉町八手俣1103-2","34.583633","136.342654"
"小西公民館","三重県津市美杉町八知1513","34.568274","136.273045"
"宮ノ下集会所","三重県津市美杉町八知3027-1","34.567139","136.273442"
"大御堂公民館（柳瀬分館）","三重県津市美杉町八知3898-2","34.551023","136.262735"
"大御堂公民館（箱根分館）","三重県津市美杉町八知4524","34.545407","136.256909"
"大御堂公民館","三重県津市美杉町八知5153-1","34.546432","136.25921"
"美杉総合文化センター","三重県津市美杉町八知5580-2","34.555939","136.26236"
"美杉中学校","三重県津市美杉町八知5800","34.554984","136.264752"
"（旧）美杉総合開発センター駐車場","三重県津市美杉町八知5828-1","34.555915","136.26367"
"須渕公民館","三重県津市美杉町八知674-1","34.582809","136.276763"
"老ヶ野第一公民館","三重県津市美杉町八知8243","34.535266","136.248171"
"小田集会所","三重県津市美杉町八知9371-1","34.543777","136.250509"
"長谷山ハイツ１公園","三重県津市美里町家所154-73","34.727455","136.422372"
"長谷山ハイツ第一期集会所","三重県津市美里町家所154-90","34.727746","136.422136"
"（旧）辰水小学校","三重県津市美里町家所2045","34.734168","136.409078"
"家所区民センター","三重県津市美里町家所2067-4","34.73313","136.409073"
"明顕寺","三重県津市美里町家所2241","34.732276","136.410748"
"実相寺","三重県津市美里町家所2371-1","34.731769","136.414025"
"グリーンハウス","三重県津市美里町家所4797","34.733279","136.415757"
"長谷山ハイツ第二期集会所","三重県津市美里町家所8-229","34.729329","136.423176"
"桂畑文化センター","三重県津市美里町桂畑1244-3","34.736509","136.350989"
"穴倉公民館","三重県津市美里町穴倉840-1","34.741764","136.3908"
"穴倉公民館前広場","三重県津市美里町穴倉840-1","34.741592","136.39102"
"中之郷クラブ","三重県津市美里町五百野1360-1","34.712177","136.397327"
"上之郷クラブ","三重県津市美里町五百野1472-1","34.713388","136.396318"
"吹上集会所","三重県津市美里町五百野1714","34.708667","136.405827"
"外山集会所","三重県津市美里町五百野1744","34.712074","136.405799"
"ふれあいセンター五百野","三重県津市美里町五百野1916-2","34.712099","136.399758"
"高座原公民館東の公園","三重県津市美里町高座原420","34.754121","136.396119"
"高座原公民館","三重県津市美里町高座原420","34.754251","136.395993"
"新開クラブ","三重県津市美里町三郷1578","34.725349","136.38086"
"美里社会福祉センター","三重県津市美里町三郷46-3","34.722064","136.386735"
"梅林寺","三重県津市美里町三郷758","34.734009","136.37951"
"みさとの丘学園","三重県津市美里町三郷84","34.718894","136.38732"
"船山公民館駐車場","三重県津市美里町船山71-1","34.757277","136.3989"
"船山公民館","三重県津市美里町船山71-1","34.757313","136.398718"
"下中集会所","三重県津市美里町足坂551-2","34.71907","136.391525"
"（旧）高宮小学校","三重県津市美里町足坂585","34.720448","136.39172"
"南長野生活改善センター","三重県津市美里町南長野533","34.731078","136.365956"
"日南田公民館","三重県津市美里町日南田43","34.744613","136.415802"
"平木多目的集会所","三重県津市美里町平木492","34.754074","136.354247"
"（旧）長野小学校","三重県津市美里町北長野1435","34.744981","136.362459"
"北長野ゆうえん地","三重県津市美里町北長野1536","34.744024","136.361394"
"北長野林業者等休養福祉施設","三重県津市美里町北長野1544-2","34.743357","136.361554"
"細野区会議所","三重県津市美里町北長野2214","34.744962","136.364224"
"中野文化会館","三重県津市美里町北長野3001","34.739922","136.358836"
"中野集会所","三重県津市美里町北長野335-1","34.740363","136.358524"
"櫛形出張所","三重県津市分部1192-1","34.731605","136.456998"
"櫛形小学校","三重県津市分部1211-1","34.729515","136.456097"
"長谷山集会所","三重県津市分部1699-14","34.733248","136.448235"
"長谷山市民館駐車場","三重県津市分部1712-1","34.732504","136.448077"
"櫛形市民館","三重県津市分部262-1","34.738631","136.464198"
"片田出張所","三重県津市片田井戸町16-1","34.710325","136.442977"
"片田公民館","三重県津市片田井戸町17-2","34.710477","136.443121"
"片田小学校","三重県津市片田井戸町22","34.711365","136.442394"
"片田工業団地北公園","三重県津市片田町594-6","34.698009","136.439252"
"片田田中公園","三重県津市片田田中町1834-4","34.712297","136.446233"
"豊が丘すばる公園","三重県津市豊が丘1-3175-454","34.803813","136.470387"
"豊が丘あすなろ公園","三重県津市豊が丘1-3175-455","34.80409","136.472946"
"豊が丘げんき公園","三重県津市豊が丘1-3340-177","34.801888","136.473407"
"豊が丘さわやか公園","三重県津市豊が丘1-3351-162","34.801602","136.470934"
"豊が丘おおぞら公園","三重県津市豊が丘2-3006-430","34.80761","136.467721"
"豊が丘どんぐり公園","三重県津市豊が丘2-3006-431","34.806641","136.472002"
"豊が丘みどり公園","三重県津市豊が丘2-3214-130","34.80724","136.47544"
"豊が丘小学校","三重県津市豊が丘2-34-1","34.807857","136.472284"
"豊が丘たけのこ公園","三重県津市豊が丘3-2996-118","34.804231","136.468247"
"豊が丘にっこり公園","三重県津市豊が丘3-3351-212","34.801544","136.468612"
"豊が丘のびのび公園","三重県津市豊が丘4-2992-240","34.808464","136.463864"
"豊が丘わかば公園","三重県津市豊が丘4-2996-292","34.807751","136.465479"
"豊が丘なかよし公園","三重県津市豊が丘5-2386-282","34.810442","136.458848"
"豊が丘わんぱく公園","三重県津市豊が丘5-3080-157","34.810182","136.464835"
"西念寺","三重県津市北河路町538","34.723804","136.476575"
"北河路集会所","三重県津市北河路町547","34.72393","136.476703"
"津球場公園内野球場（メインスタンド）","三重県津市本町31-1","34.711513","136.51127"
"ホームラン津店立体駐車場","三重県津市本町34-15","34.713205","136.511855"
"津球場公園","三重県津市本町5","34.711059","136.511057"
"三重県立看護大学","三重県津市夢が丘1-1-1","34.760323","136.488955"
"木造区集会所","三重県津市木造町1581","34.656721","136.499917"
"コミュニティセンター桃園","三重県津市木造町2160-1","34.652384","136.50856"
"津市西部市民センター","三重県津市野田1-1","34.72371","136.469274"
"智円寺","三重県津市野田1501","34.716956","136.464806"
"泉ヶ丘団地中央公園","三重県津市野田21-818","34.71319","136.459927"
"三重県立みえ夢学園高等学校","三重県津市柳山津興1239","34.705811","136.513451"
"橋南会館","三重県津市柳山津興1535-27","34.709816","136.514392"
"阿漕塚記念館","三重県津市柳山津興632","34.707958","136.517206"
"緑が丘サンベール公園","三重県津市緑ケ丘2-4-3","34.711325","136.469308"
"保健センター","三重県度会町棚橋1215-1","34.43895","136.622432"
"地域交流センター","三重県度会町棚橋1453-2","34.434942","136.621111"
"度会小学校体育館","三重県度会町棚橋1679-1","34.435393","136.618123"
"度会小学校校舎","三重県度会町棚橋1679-1","34.435379","136.617383"
"棚橋保育所","三重県度会町棚橋248-2","34.434617","136.626731"
"町民体育館","三重県度会町棚橋300","34.432354","136.625883"
"度会中学校校舎","三重県度会町棚橋300","34.432637","136.626639"
"度会中学校体育館","三重県度会町棚橋300","34.431885","136.62724"
"中央公民館","三重県度会町棚橋314","34.432687","136.625858"
"中之郷保育所","三重県度会町中之郷1024","34.406083","136.604391"
"小川郷体育館","三重県度会町中之郷1025","34.405692","136.603555"
"旧小川郷小学校校舎","三重県度会町中之郷1025","34.405568","136.603866"
"中之郷生活改善センター","三重県度会町中之郷1157-5","34.405301","136.605852"
"長原保育所","三重県度会町長原365","34.430527","136.569411"
"中川体育館","三重県度会町麻加江516-1","34.437173","136.555982"
"麻加江生活改善センター","三重県度会町麻加江603-2","34.437869","136.557581"
"一之瀬公民館","三重県度会町脇出329","34.35095","136.587653"
"旧一之瀬小学校校舎","三重県度会町脇出372","34.351675","136.589136"
"一之瀬体育館","三重県度会町脇出372","34.351711","136.589726"
"笹尾西小学校校庭","三重県東員町笹尾西2-1-1","35.099555","136.592357"
"笹尾中央公園","三重県東員町笹尾東2-6-1","35.097986","136.596362"
"笹尾東小学校校庭","三重県東員町笹尾東4-28","35.101601","136.603316"
"城山小学校校庭","三重県東員町城山1-48","35.090537","136.605192"
"東員第二中学校校庭","三重県東員町城山2-1","35.100036","136.603342"
"東員駅駅前広場","三重県東員町大字山田1953-1","35.077547","136.587658"
"稲部小学校校庭","三重県東員町大字大木944","35.082867","136.57448"
"三和小学校校庭","三重県東員町大字長深700","35.064356","136.57728"
"東員中部公園","三重県東員町大字北大社1634","35.073154","136.580696"
"神田小学校校庭","三重県東員町大字六把野新田100","35.078032","136.592453"
"東員第一中学校校庭","三重県東員町大字六把野新田557","35.078977","136.600489"
"弁天裏山","三重県南伊勢町阿曽浦","34.27272","136.587962"
"旧中学校裏山","三重県南伊勢町阿曽浦","34.274741","136.587769"
"浅間山","三重県南伊勢町阿曽浦","34.273607","136.581521"
"赤崎高台（東）","三重県南伊勢町阿曽浦","34.271337","136.59205"
"県道","三重県南伊勢町阿曽浦","34.282887","136.584513"
"町道","三重県南伊勢町阿曽浦","34.282176","136.578679"
"赤崎高台（西）","三重県南伊勢町阿曽浦","34.273287","136.59088"
"阿曽浦高齢者コミュニティセンター","三重県南伊勢町阿曽浦179-17","34.275408","136.583227"
"片山寺高台","三重県南伊勢町阿曽浦248-22","34.276071","136.583981"
"向山","三重県南伊勢町阿曽浦251-3","34.280337","136.58228"
"龍淵寺高台","三重県南伊勢町阿曽浦255","34.278687","136.5819"
"合同ビル","三重県南伊勢町阿曽浦60","34.276763","136.581449"
"江戸屋山（中電鉄塔）","三重県南伊勢町伊勢地","34.283784","136.496696"
"かんじゃ谷","三重県南伊勢町伊勢地","34.284184","136.496137"
"ジエイ谷下","三重県南伊勢町伊勢地","34.28807","136.495931"
"ジエイ谷上","三重県南伊勢町伊勢地","34.289005","136.495855"
"ナキ谷","三重県南伊勢町伊勢地","34.290445","136.496681"
"伊勢地防災センター裏山","三重県南伊勢町伊勢地","34.288503","136.499392"
"源四郎屋谷","三重県南伊勢町伊勢地","34.286295","136.496312"
"小山宅裏山","三重県南伊勢町伊勢地","34.284045","136.500209"
"飛谷下","三重県南伊勢町伊勢地","34.286494","136.500636"
"飛谷上","三重県南伊勢町伊勢地（飛谷上）","34.28743","136.500299"
"小切間宅裏","三重県南伊勢町伊勢路","34.349761","136.640388"
"豆原林道","三重県南伊勢町伊勢路","34.340931","136.650358"
"穂原神社裏山","三重県南伊勢町伊勢路1073-7","34.344078","136.64008"
"旧穂原小学校前山の神","三重県南伊勢町伊勢路1089-1","34.345279","136.641075"
"金比羅山参道","三重県南伊勢町伊勢路1141-1","34.34761","136.643703"
"岡部宅裏山","三重県南伊勢町伊勢路1178-3","34.347374","136.640533"
"墓地の上","三重県南伊勢町伊勢路1417-3","34.351224","136.643188"
"奥村宅裏山","三重県南伊勢町伊勢路1473","34.352562","136.644407"
"伊勢路多目的集会施設","三重県南伊勢町伊勢路1523-1","34.353697","136.643775"
"榊原宅裏山","三重県南伊勢町伊勢路1674-2","34.354278","136.641032"
"西来寺裏山","三重県南伊勢町伊勢路1709-2","34.354447","136.642985"
"大石宅裏山","三重県南伊勢町伊勢路2013","34.342054","136.640864"
"山本宅裏山","三重県南伊勢町伊勢路2164","34.356351","136.642877"
"瀬野宅裏山","三重県南伊勢町伊勢路2437","34.359802","136.648002"
"小切間宅裏山","三重県南伊勢町伊勢路267","34.34659","136.646482"
"浅間山上り口町道","三重県南伊勢町押渕","34.325163","136.624214"
"町道迫間浦押渕線","三重県南伊勢町押渕","34.328605","136.635755"
"東谷宅南方の畑","三重県南伊勢町押渕","34.32542","136.631571"
"押渕コミュニティセンター","三重県南伊勢町押渕1072-1","34.326847","136.629008"
"永福寺裏山","三重県南伊勢町押渕2103","34.326612","136.626501"
"墓地上","三重県南伊勢町押渕2163","34.32828","136.629511"
"長光寺上","三重県南伊勢町下津浦1061","34.334979","136.724603"
"生活改善センター上","三重県南伊勢町下津浦894-1","34.335993","136.727016"
"下津浦生活改善センター","三重県南伊勢町下津浦895-4","34.335533","136.727048"
"（有）石川用地","三重県南伊勢町河内","34.279939","136.510461"
"中村宅裏山","三重県南伊勢町河内","34.28991","136.514927"
"五郎坂","三重県南伊勢町河内","34.288817","136.516144"
"隧道口バス停","三重県南伊勢町河内","34.286475","136.514468"
"仙宮神社石段","三重県南伊勢町河内","34.283682","136.511919"
"南宅裏山","三重県南伊勢町河内","34.291644","136.510569"
"谷山","三重県南伊勢町河内","34.289419","136.50789"
"老宅谷","三重県南伊勢町河内","34.284977","136.50818"
"河内多目的集会施設","三重県南伊勢町河内487","34.289884","136.511573"
"上村宅裏山","三重県南伊勢町河内甲537-1","34.291866","136.514746"
"大納神社","三重県南伊勢町古和浦","34.265925","136.461186"
"八柱神社上","三重県南伊勢町古和浦","34.249851","136.458807"
"八幡神社","三重県南伊勢町古和浦","34.254502","136.460105"
"奥の山","三重県南伊勢町古和浦","34.256158","136.459212"
"防災センター上","三重県南伊勢町古和浦","34.257515","136.459723"
"浅間山","三重県南伊勢町古和浦","34.258403","136.455337"
"条三","三重県南伊勢町古和浦","34.261703","136.457903"
"一本松","三重県南伊勢町古和浦","34.256721","136.464581"
"さざなみ園前の山","三重県南伊勢町古和浦1138-2","34.256907","136.457732"
"第一公民館","三重県南伊勢町古和浦147","34.255842","136.46076"
"配水池","三重県南伊勢町古和浦232-4","34.260259","136.461009"
"南宅上","三重県南伊勢町五ケ所浦","34.354729","136.703709"
"溝口宅上","三重県南伊勢町五ケ所浦","34.348937","136.692809"
"西駿路上町道","三重県南伊勢町五ケ所浦","34.352812","136.693918"
"あじへい上県道","三重県南伊勢町五ケ所浦","34.349773","136.689556"
"南勢小学校上","三重県南伊勢町五ケ所浦","34.349924","136.709039"
"岡本美工上","三重県南伊勢町五ケ所浦","34.352242","136.705183"
"五ヶ所公民館","三重県南伊勢町五ケ所浦1057-2","34.350831","136.700104"
"五ヶ所保育園","三重県南伊勢町五ヶ所浦1060","34.351914","136.699622"
"正泉寺上","三重県南伊勢町五ヶ所浦1129","34.353476","136.700194"
"社会福祉協議会上","三重県南伊勢町五ヶ所浦2870","34.351184","136.705542"
"東駿路上町道","三重県南伊勢町五ヶ所浦707-1","34.351255","136.695502"
"西明神上畑","三重県南伊勢町五ヶ所浦752","34.350852","136.696171"
"明神上畑","三重県南伊勢町五ヶ所浦822-1","34.351429","136.698505"
"五ヶ所浦津波避難タワー","三重県南伊勢町五ヶ所浦987","34.348218","136.699537"
"林道名古田線","三重県南伊勢町斎田","34.337253","136.638926"
"バッキョ田","三重県南伊勢町斎田","34.342147","136.632847"
"滝宅裏山","三重県南伊勢町斎田","34.349","136.633591"
"谷村砂防ダム下","三重県南伊勢町斎田","34.343293","136.630058"
"前田宅奥林道","三重県南伊勢町斎田","34.34618","136.631624"
"谷崎氏神","三重県南伊勢町斎田","34.347321","136.631671"
"荘司氏神","三重県南伊勢町斎田","34.345505","136.635161"
"町道水源地線","三重県南伊勢町斎田","34.343505","136.638986"
"斎田多目的集会施設","三重県南伊勢町斎田774-2","34.344335","136.63336"
"大江宅裏の畑","三重県南伊勢町始神","34.336012","136.623759"
"始神コミュニティセンター","三重県南伊勢町始神154","34.335341","136.623098"
"海禅寺","三重県南伊勢町宿浦","34.301315","136.68992"
"山本宅前","三重県南伊勢町宿浦","34.302784","136.690807"
"加藤宅上","三重県南伊勢町宿浦","34.298987","136.692883"
"奥村宅上","三重県南伊勢町宿浦","34.299275","136.694466"
"水谷宅上","三重県南伊勢町宿浦","34.30239","136.697808"
"ヲカザキ公園","三重県南伊勢町宿浦","34.305655","136.689878"
"宿浦区民センター","三重県南伊勢町宿浦1114-5","34.300802","136.690132"
"田岡宅上","三重県南伊勢町宿浦989","34.303489","136.693482"
"旧南島西中学校","三重県南伊勢町小方竈","34.262262","136.481257"
"浅間神社","三重県南伊勢町小方竈","34.260905","136.491986"
"三重交通バス駐車場上","三重県南伊勢町小方竈124-5","34.265099","136.488626"
"小方竈多目的集会施設","三重県南伊勢町小方竈213-3","34.260952","136.491093"
"隠居山","三重県南伊勢町新桑竈135-1","34.245174","136.436287"
"新桑竈多目的集会施設","三重県南伊勢町新桑竈95-4","34.245282","136.438802"
"神前霊園","三重県南伊勢町神前浦","34.275094","136.497645"
"方座坂","三重県南伊勢町神前浦","34.272671","136.504075"
"神前神社","三重県南伊勢町神前浦201-1","34.274716","136.498634"
"上地谷","三重県南伊勢町神前浦219","34.272648","136.497467"
"権兵衛山","三重県南伊勢町神前浦257-3","34.274286","136.500445"
"地蔵谷","三重県南伊勢町神前浦284-1","34.273197","136.501281"
"中央公民館","三重県南伊勢町神前浦75","34.275802","136.498387"
"名古宅上","三重県南伊勢町神津佐","34.345438","136.730585"
"森井宅上","三重県南伊勢町神津佐","34.34473","136.726315"
"田畑宅上","三重県南伊勢町神津佐","34.342961","136.731704"
"法泉寺上","三重県南伊勢町神津佐","34.346406","136.73119"
"植所","三重県南伊勢町神津佐","34.344396","136.73047"
"旧神原園上","三重県南伊勢町神津佐1083","34.343011","136.729008"
"空山","三重県南伊勢町神津佐299-3","34.343823","136.732923"
"滝ヶ谷","三重県南伊勢町神津佐30","34.34225","136.730224"
"神津佐消防詰所上","三重県南伊勢町神津佐497-4","34.345166","136.732934"
"神津佐公民館","三重県南伊勢町神津佐515","34.345147","136.732489"
"宮地グランド","三重県南伊勢町切原","34.365407","136.713188"
"旧小山宅裏","三重県南伊勢町切原","34.36345","136.71429"
"谷口建設事務所前","三重県南伊勢町切原","34.362755","136.706838"
"切原コミュニティセンター","三重県南伊勢町切原693-1","34.362095","136.710771"
"切原コミュニティセンター","三重県南伊勢町切原693-1","34.362146","136.711072"
"旧美和ロック上の山","三重県南伊勢町泉","34.346089","136.723083"
"岡宅上の山","三重県南伊勢町泉1037-2","34.349807","136.719217"
"宝光寺上の山","三重県南伊勢町泉1053","34.348715","136.718978"
"河合宅上の山","三重県南伊勢町泉1139","34.346186","136.71859"
"炭焼き窯上の山","三重県南伊勢町泉288-3","34.349916","136.722633"
"泉地区農業研修施設","三重県南伊勢町泉289-1","34.348379","136.721558"
"小田宅上畑","三重県南伊勢町泉399-4","34.351099","136.720899"
"山之内宅付近","三重県南伊勢町泉902","34.354478","136.721436"
"山本宅上の山","三重県南伊勢町泉962","34.351096","136.719482"
"龍泉寺上","三重県南伊勢町船越","34.348908","136.685032"
"地蔵山","三重県南伊勢町船越","34.350402","136.684065"
"町道東谷本線","三重県南伊勢町船越","34.348092","136.686207"
"たねやぶ上","三重県南伊勢町船越","34.347926","136.685573"
"ワンバ上県道","三重県南伊勢町船越","34.340626","136.691217"
"船越公民館","三重県南伊勢町船越1781-1","34.346434","136.685705"
"消防署裏","三重県南伊勢町船越334","34.345035","136.682358"
"西の谷山の神","三重県南伊勢町船越515-2","34.346752","136.682098"
"西の谷奥","三重県南伊勢町船越677-4","34.348215","136.680211"
"秋葉神社","三重県南伊勢町船越781","34.34884","136.682841"
"山本旧宅","三重県南伊勢町相賀浦","34.291868","136.647169"
"竹内宅上","三重県南伊勢町相賀浦","34.299711","136.654116"
"旧弓引場","三重県南伊勢町相賀浦","34.29517","136.646949"
"急傾斜高台","三重県南伊勢町相賀浦","34.290515","136.65151"
"禿山高台","三重県南伊勢町相賀浦209-6","34.29084","136.648848"
"海ぼうず","三重県南伊勢町相賀浦371-1","34.292864","136.649442"
"ふれあいと体験の館”海ぼうず”","三重県南伊勢町相賀浦395","34.292787","136.64954"
"片ガリ高台","三重県南伊勢町相賀浦74-3","34.288686","136.649948"
"わかば園跡地（平谷地区）","三重県南伊勢町村山","34.286681","136.485607"
"生活改善センター前山","三重県南伊勢町村山","34.284094","136.484571"
"山本宅裏山（職谷地区）","三重県南伊勢町村山","34.285387","136.480532"
"国道２６０号高台（南島トンネル付近）","三重県南伊勢町村山","34.273419","136.491711"
"小山宅裏山","三重県南伊勢町村山","34.279438","136.492033"
"池場地区高台（池場みかん山）","三重県南伊勢町村山","34.280325","136.486561"
"池田宅裏山（２ヶ所）","三重県南伊勢町村山","34.282426","136.486004"
"村山多目的集会施設","三重県南伊勢町村山1012","34.279042","136.495575"
"浅間山","三重県南伊勢町村山1024-6","34.279938","136.495586"
"大通寺横高台","三重県南伊勢町村山1031","34.281751","136.495662"
"ふれあいセンターなんとう","三重県南伊勢町村山1132-1","34.280116","136.49945"
"伊勢地防災センター","三重県南伊勢町村山1610","34.288508","136.498933"
"みかん山","三重県南伊勢町村山4-1","34.276765","136.496114"
"村山生活改善センター","三重県南伊勢町村山596","34.284852","136.484841"
"木村宅裏山","三重県南伊勢町村山782","34.280266","136.494026"
"大江簡易水道配水地","三重県南伊勢町大江","34.296587","136.600167"
"大江公民館","三重県南伊勢町大江591","34.298396","136.601437"
"泰雲寺上","三重県南伊勢町大江618","34.299127","136.600451"
"塩竈浜へ行く道","三重県南伊勢町大方竈","34.266482","136.603588"
"赤崎高台西奥","三重県南伊勢町大方竈","34.272561","136.592166"
"墓の上","三重県南伊勢町大方竈","34.266087","136.591831"
"大智院上","三重県南伊勢町大方竈119-1","34.268467","136.59299"
"大方竈生活改善センター","三重県南伊勢町大方竈47-1","34.267912","136.592431"
"棚橋神社上","三重県南伊勢町棚橋竈","34.248324","136.437268"
"猪谷","三重県南伊勢町棚橋竈","34.25114","136.432836"
"楠江（棚橋公園上）","三重県南伊勢町棚橋竈","34.250687","136.44953"
"焼山","三重県南伊勢町棚橋竈","34.249783","136.440578"
"中山","三重県南伊勢町棚橋竈22","34.247956","136.438254"
"新国道","三重県南伊勢町棚橋竈286","34.250377","136.434789"
"長泉寺","三重県南伊勢町棚橋竈360","34.250148","136.43981"
"大間","三重県南伊勢町中津浜浦","34.325903","136.683997"
"ナキノ谷","三重県南伊勢町中津浜浦","34.331933","136.689441"
"カンジャ","三重県南伊勢町中津浜浦154","34.32757","136.685292"
"第二コイ谷","三重県南伊勢町中津浜浦221-1","34.3295","136.685487"
"寺上","三重県南伊勢町中津浜浦266","34.328469","136.68498"
"第一コイ谷","三重県南伊勢町中津浜浦348-3","34.330163","136.686342"
"中津浜浦漁村センター","三重県南伊勢町中津浜浦356-1","34.329639","136.687199"
"山神地区町営住宅跡地","三重県南伊勢町田曽浦","34.292329","136.693148"
"上東地区宿宅上畑","三重県南伊勢町田曽浦","34.294772","136.695673"
"上中村地区坂本畑","三重県南伊勢町田曽浦","34.295699","136.692201"
"北村地区川口宅上","三重県南伊勢町田曽浦","34.296438","136.691854"
"山佐屋宅前","三重県南伊勢町田曽浦","34.291344","136.691551"
"山伏屋上畑","三重県南伊勢町田曽浦","34.29296","136.692456"
"豊田コミュニティ上国道","三重県南伊勢町田曽浦","34.295746","136.696955"
"東豊田地区山本宅上広場","三重県南伊勢町田曽浦2674","34.294284","136.698077"
"南豊田地区角田宅上","三重県南伊勢町田曽浦3111","34.293504","136.696126"
"慈眼寺","三重県南伊勢町田曽浦3469","34.293305","136.693479"
"田曽浦コミュニティセンター","三重県南伊勢町田曽浦3948-2","34.294897","136.692852"
"町民グラウンド","三重県南伊勢町田曽浦4709-2","34.296535","136.693581"
"東宮浅間山","三重県南伊勢町東宮","34.292643","136.541943"
"かとけ上の谷","三重県南伊勢町東宮","34.283445","136.536274"
"かとけ下の谷","三重県南伊勢町東宮","34.281882","136.535625"
"大仙寺（瑞賢公園）","三重県南伊勢町東宮","34.286369","136.537541"
"西村宅裏山","三重県南伊勢町東宮","34.280464","136.548046"
"伊勢電子跡","三重県南伊勢町東宮","34.285279","136.538274"
"南島中学校上","三重県南伊勢町東宮1049-1","34.286682","136.544182"
"旧東宮坂","三重県南伊勢町東宮1051-4","34.283597","136.544779"
"棚瀬","三重県南伊勢町東宮2244-1","34.289812","136.538486"
"東宮大仙寺","三重県南伊勢町東宮2381","34.286237","136.538689"
"港地区","三重県南伊勢町東宮407","34.275991","136.542493"
"東宮コミュニティセンター","三重県南伊勢町東宮778","34.285353","136.539973"
"集落内山林高台","三重県南伊勢町道行竃","34.288544","136.596331"
"越坂地区高台","三重県南伊勢町道行竃","34.290618","136.598391"
"道行竈生活改善センター","三重県南伊勢町道行竈142-2","34.288664","136.597935"
"とっくり坂","三重県南伊勢町道方","34.298255","136.585964"
"旧野見坂道路","三重県南伊勢町道方","34.299482","136.58325"
"法雲院上","三重県南伊勢町道方1223","34.29708","136.578406"
"道方生活改善センター","三重県南伊勢町道方419","34.297131","136.582643"
"とちの木","三重県南伊勢町栃木竈","34.256946","136.473457"
"奥の川避難所","三重県南伊勢町栃木竈","34.258695","136.466366"
"献珠庵","三重県南伊勢町栃木竈86","34.258358","136.466141"
"庄司宅裏","三重県南伊勢町奈屋浦","34.280408","136.537321"
"山本宅裏山","三重県南伊勢町奈屋浦","34.279259","136.543389"
"吉ヶ谷","三重県南伊勢町奈屋浦","34.281514","136.542643"
"エビス神社","三重県南伊勢町奈屋浦1","34.279003","136.541866"
"旭団地","三重県南伊勢町奈屋浦2647-58","34.281124","136.537403"
"奈屋浦防災センター","三重県南伊勢町奈屋浦57","34.280553","136.542126"
"照泉寺","三重県南伊勢町奈屋浦57","34.280419","136.542967"
"山出宅","三重県南伊勢町内瀬","34.347646","136.660336"
"萩原宅裏山","三重県南伊勢町内瀬","34.343322","136.658397"
"岩尾谷","三重県南伊勢町内瀬","34.349471","136.650356"
"上ノ谷ダム","三重県南伊勢町内瀬","34.348106","136.653024"
"下村宅裏山","三重県南伊勢町内瀬1045-1","34.346862","136.653218"
"旧西本木材工場裏山","三重県南伊勢町内瀬1089-1","34.343739","136.656843"
"クスゴみかん畑","三重県南伊勢町内瀬1273-3","34.346421","136.663359"
"内瀬地区集会所","三重県南伊勢町内瀬162","34.347239","136.649694"
"金刀比羅神社","三重県南伊勢町内瀬166-2","34.34816","136.648273"
"山川宅上","三重県南伊勢町内瀬168-1","34.346576","136.649266"
"久保宅裏山","三重県南伊勢町内瀬1748","34.342548","136.65226"
"古谷宅裏山","三重県南伊勢町内瀬178","34.348935","136.649533"
"国道口公園","三重県南伊勢町迫間浦","34.322441","136.649116"
"旧南海小学校上","三重県南伊勢町迫間浦","34.310135","136.635201"
"南海園上","三重県南伊勢町迫間浦1113-19","34.308385","136.635203"
"海雲寺境内","三重県南伊勢町迫間浦417","34.322088","136.657291"
"迫間神社境内","三重県南伊勢町迫間浦445","34.321798","136.657868"
"迫間浦コミュニティセンター","三重県南伊勢町迫間浦471","34.320294","136.658247"
"桜山","三重県南伊勢町迫間浦527-1","34.319766","136.65622"
"大森宅付近","三重県南伊勢町飯満","34.347862","136.714856"
"大仙寺上","三重県南伊勢町飯満","34.342168","136.705973"
"飯満コミュニティセンター","三重県南伊勢町飯満176","34.341833","136.705638"
"射場","三重県南伊勢町方座浦","34.26067","136.488925"
"金毘神宮（八幡神社）","三重県南伊勢町方座浦1-20","34.260883","136.494464"
"旧国道２６０号方座坂途中登り口","三重県南伊勢町方座浦128-7","34.259943","136.495976"
"芳草神社","三重県南伊勢町方座浦130-11","34.257467","136.496883"
"方座浦防災センター","三重県南伊勢町方座浦17","34.26118","136.495004"
"海徳寺境内横","三重県南伊勢町方座浦9","34.26164","136.49499"
"杉ノ浦","三重県南伊勢町木谷","34.318177","136.713175"
"ウシロバ","三重県南伊勢町木谷104","34.329597","136.71754"
"木谷の館","三重県南伊勢町木谷184","34.329156","136.718255"
"村田宅上","三重県南伊勢町木谷247-1","34.328153","136.720974"
"浅間山","三重県南伊勢町木谷63-1","34.329269","136.720147"
"慥柄浦防災センター上国道","三重県南伊勢町慥柄浦","34.288283","136.562061"
"旧南中上国道","三重県南伊勢町慥柄浦","34.290845","136.568433"
"観音堂（海蔵寺上）","三重県南伊勢町慥柄浦459-1","34.28768","136.566502"
"慥柄浦防災センター","三重県南伊勢町慥柄浦588","34.287931","136.563061"
"浅間山１","三重県南伊勢町礫浦103","34.315212","136.675995"
"礫浦コミュニティセンター","三重県南伊勢町礫浦139-1","34.313468","136.673818"
"宮山","三重県南伊勢町礫浦161-1","34.312047","136.672166"
"礫浦環境改善総合センター","三重県南伊勢町礫浦163-4","34.312076","136.671215"
"県道礫浦押渕線","三重県南伊勢町礫浦172-3","34.31152","136.669865"
"浅間山２","三重県南伊勢町礫浦81-1","34.315965","136.675907"
"最明寺の奥","三重県南伊勢町贄浦","34.284861","136.555999"
"奥の田頭","三重県南伊勢町贄浦","34.283743","136.554166"
"豆賀太の上","三重県南伊勢町贄浦","34.283195","136.544766"
"大正町奥の旧道","三重県南伊勢町贄浦","34.283053","136.553885"
"高浜の新道","三重県南伊勢町贄浦","34.286838","136.558145"
"弁天山","三重県南伊勢町贄浦","34.279028","136.55484"
"浅間山","三重県南伊勢町贄浦","34.279724","136.557978"
"漁民会館横の高台","三重県南伊勢町贄浦315","34.282619","136.554422"
"第二公民館","三重県南伊勢町贄浦413","34.281491","136.555374"
"賀田駅裏避難場所","三重県尾鷲市賀田町","33.971762","136.189285"
"元梶賀小学校グラウンド","三重県尾鷲市梶賀町","33.964662","136.218664"
"城の跡","三重県尾鷲市九鬼町","34.015222","136.252644"
"九鬼センター上避難場所","三重県尾鷲市九鬼町","34.017187","136.252607"
"コメリホームセンター尾鷲店駐車場","三重県尾鷲市古戸町1","34.07074","136.186464"
"平松","三重県尾鷲市古江町27","33.981098","136.209179"
"周蔵屋庭","三重県尾鷲市古江町406","33.976289","136.206111"
"富蔵屋所有地畑","三重県尾鷲市古江町410","33.97568","136.20603"
"丹助屋庭","三重県尾鷲市古江町507-1","33.975058","136.205509"
"永林寺裏避難路","三重県尾鷲市行野浦137","34.062224","136.242229"
"元行野浦小学校跡地","三重県尾鷲市行野浦186-6","34.06308","136.241321"
"坂場西高速道路下避難場所","三重県尾鷲市坂場西町","34.082464","136.184533"
"県尾鷲庁舎駐車場","三重県尾鷲市坂場西町1","34.079901","136.190193"
"尾鷲市斎場駐車場","三重県尾鷲市坂場西町25","34.079442","136.184608"
"三木浦児童公園","三重県尾鷲市三木浦町441-2","33.985438","136.24574"
"ＪＲ三木里駅前広場","三重県尾鷲市三木里町1050-1","34.001357","136.202946"
"さくら公園","三重県尾鷲市須賀利町320-1","34.101124","136.270826"
"曽根避難広場","三重県尾鷲市曽根町","33.964622","136.192845"
"イオン尾鷲店屋上駐車場","三重県尾鷲市倉ノ谷町2-17","34.077132","136.188874"
"元早田小学校グラウンド","三重県尾鷲市早田町310-11","33.999566","136.255392"
"天満荘広場","三重県尾鷲市大字天満浦1-6","34.078467","136.20776"
"ＪＲ大曽根浦駅前広場","三重県尾鷲市大曽根浦127-2","34.062085","136.223004"
"中村山公園","三重県尾鷲市中村町10","34.072108","136.192493"
"天満浦避難階段","三重県尾鷲市天満浦","34.077934","136.20364"
"桜茶屋避難広場","三重県尾鷲市北浦西町1381-3","34.079045","136.195556"
"名柄八幡神社","三重県尾鷲市名柄町","34.00254","136.215865"
"野地町駅前児童公園","三重県尾鷲市野地町12","34.075324","136.191464"
"国市神社前広場","三重県尾鷲市矢浜2-12-20","34.061109","136.196338"
"すずらん台小学校グラウンド","三重県名張市すずらん台東３番町219","34.633764","136.160975"
"南中学校グラウンド","三重県名張市つつじが丘南１番町241","34.606953","136.13869"
"つつじが丘小学校グラウンド","三重県名張市つつじが丘北３番町5","34.607532","136.130806"
"錦生体育館グラウンド","三重県名張市安部田2270","34.598386","136.061613"
"比奈知小学校グラウンド","三重県名張市下比奈知1422","34.62192","136.130656"
"名張中央公園","三重県名張市夏見2812","34.624639","136.112717"
"箕曲小学校グラウンド","三重県名張市夏見351","34.612754","136.097166"
"名張中学校グラウンド","三重県名張市丸之内15","34.621154","136.09278"
"名張小学校グラウンド","三重県名張市丸之内55","34.621877","136.091947"
"英心高等学校桔梗が丘校グラウンド","三重県名張市桔梗が丘１番町５街区13","34.647016","136.118235"
"桔梗が丘小学校グラウンド","三重県名張市桔梗が丘３番町２街区67","34.644298","136.118164"
"桔梗が丘南小学校グラウンド","三重県名張市桔梗が丘５番町１２街区38","34.636633","136.125041"
"桔梗が丘中学校グラウンド","三重県名張市桔梗が丘７番町１街区1926-1","34.646549","136.126098"
"桔梗が丘東小学校グラウンド","三重県名張市桔梗が丘７番町１街区86","34.645554","136.129327"
"鴻之台３号公園","三重県名張市鴻之台３番町83","34.624905","136.103845"
"平尾山カルチャーパーク","三重県名張市桜ヶ丘3088-1","34.621373","136.10081"
"近畿大学工業高等専門学校グラウンド","三重県名張市春日丘７番町1","34.615272","136.119358"
"美旗小学校グラウンド","三重県名張市新田117-2","34.664987","136.138476"
"国津体育館グラウンド","三重県名張市神屋1866","34.588332","136.142698"
"錦生赤目小学校グラウンド","三重県名張市赤目町檀116","34.598581","136.077506"
"薦原小学校グラウンド","三重県名張市薦生1595","34.652449","136.087995"
"蔵持小学校グラウンド","三重県名張市蔵持町原出338","34.635458","136.107291"
"滝之原体育館グラウンド","三重県名張市滝之原1050","34.630529","136.15585"
"朝日公園","三重県名張市朝日町1319-5","34.625972","136.088956"
"長瀬運動場","三重県名張市長瀬1418","34.588045","136.171517"
"名張高等学校グラウンド","三重県名張市東町2067-2","34.627609","136.097695"
"梅が丘小学校グラウンド","三重県名張市梅が丘北１番町340","34.638439","136.091055"
"北中学校グラウンド","三重県名張市美旗中村2380","34.65178","136.119378"
"特別支援学校伊賀つばさ学園グラウンド","三重県名張市美旗町南西原229-2","34.657867","136.123282"
"名張青峰高等学校グラウンド","三重県名張市百合が丘東６番町1","34.610526","136.106487"
"百合が丘小学校グラウンド","三重県名張市百合が丘東９番町1","34.604249","136.106293"
"赤目中学校グラウンド","三重県名張市箕曲中村219","34.608931","136.082139"
"東行部集会所","三重県明和町行部376-1","34.569907","136.636537"
"ふれあい会館","三重県明和町佐田2026","34.563407","136.622584"
"旧上御糸小学校","三重県明和町佐田2038-2","34.56234","136.622574"
"旧ささふえ保育所","三重県明和町佐田273","34.566751","136.633394"
"明和町人権センター","三重県明和町佐田458-2","34.563586","136.630407"
"斎宮小学校","三重県明和町斎宮3385-2","34.537796","136.611223"
"斎宮ふれあいプラザ","三重県明和町斎宮891-5","34.52897","136.624718"
"明和町総合体育館","三重県明和町坂本1216-1","34.549597","136.62154"
"坂本公会堂","三重県明和町坂本1393","34.545329","136.613129"
"山大淀公民館","三重県明和町山大淀3004-1","34.564882","136.649469"
"みどりこども園","三重県明和町上村103","34.527211","136.605101"
"上野公民館","三重県明和町上野652","34.53377","136.633799"
"新茶屋公民館","三重県明和町新茶屋76-7","34.52428","136.653289"
"旧大淀小学校","三重県明和町大淀2873-1","34.566054","136.654209"
"明和町担い手センター","三重県明和町大淀595","34.546615","136.647028"
"大淀会館","三重県明和町大淀甲173","34.561413","136.655014"
"いつき会館","三重県明和町竹川1050-2","34.534805","136.610113"
"旧斎宮幼稚園","三重県明和町竹川160","34.533458","136.61047"
"イオンモール明和","三重県明和町中村1223","34.581276","136.613765"
"旧下御糸小学校","三重県明和町内座367","34.583939","136.622174"
"みいと会館","三重県明和町内座368","34.584225","136.622657"
"明和北小学校","三重県明和町馬之上902-1","34.550698","136.626594"
"ささふえこども園","三重県明和町馬之上902-1","34.550486","136.625522"
"ふるさと会館","三重県明和町馬之上944-2","34.548665","136.625134"
"明和町中央公民館","三重県明和町馬之上944-6","34.54844","136.624518"
"とづか会館","三重県明和町蓑村34","34.518763","136.627657"
"みょうじょうこども園","三重県明和町明星1060","34.522252","136.636269"
"明星小学校","三重県明和町明星1547","34.52725","136.63684"
"明星会館","三重県明和町明星1747-1","34.528667","136.640016"
"明宝苑公民館","三重県明和町明星2561-6","34.533317","136.643581"
"本郷会館","三重県明和町明星477-1","34.525842","136.631961"
"有爾中区第一公民館","三重県明和町有爾中506-1","34.519299","136.622021"
"旧修正小学校","三重県明和町有爾中816-1","34.52122","136.619605"
"はごろもフーズ㈱　木曽岬プラント　（倉庫　３階）","三重県木曽岬町大字栄288","35.06953","136.745425"
"鍋田川上流排水機場　（屋上）","三重県木曽岬町大字加路戸12","35.100269","136.721358"
"福徳商事㈱　（工場　３階）","三重県木曽岬町大字加路戸556","35.089802","136.723713"
"南部地区津波避難タワー","三重県木曽岬町大字源緑輪中1069-3","35.056507","136.743481"
"防災センター　（２階、屋上）","三重県木曽岬町大字源緑輪中441","35.063153","136.735535"
"鍋田川下流排水機場　（屋上）","三重県木曽岬町大字源緑輪中地先","35.059021","136.751041"
"ＥＳＲ弥富木曽岬ＤＣ","三重県木曽岬町大字新輪1-3-4","35.04854","136.751651"
"町民ホール（ホール・屋上）","三重県木曽岬町大字西対海地251","35.075951","136.731355"
"町立中学校　（校舎　３階、屋上）","三重県木曽岬町大字中和泉361","35.075353","136.744596"
"町立小学校　（校舎　３階、屋上）","三重県木曽岬町大字田代160","35.074694","136.731757"
"浅井工業㈱　（事務所　２階）","三重県木曽岬町大字富田子444","35.063985","136.750114"
"北部地区津波避難タワー","三重県木曽岬町大字和泉421-1","35.083844","136.736088"
"中部畳材㈱　（倉庫　２、３階）","三重県木曽岬町大字和富1-5","35.082989","136.745723"
"石田鉄工㈱　（事務所　３階、　屋上）","三重県木曽岬町大字和富7-3","35.073395","136.751249"
"川俣公園","三重県鈴鹿市阿古曽町2014-1","34.867427","136.546419"
"橘公園","三重県鈴鹿市阿古曽町2014-2","34.869723","136.546944"
"阿古曽公園（ふれあい広場）","三重県鈴鹿市阿古曽町2014-3","34.870051","136.544593"
"安塚１号公園","三重県鈴鹿市安塚町1081-6","34.866148","136.576135"
"安塚２号公園","三重県鈴鹿市安塚町874-36","34.864257","136.577061"
"安塚３号公園","三重県鈴鹿市安塚町954-17","34.864774","136.57621"
"山の花公園","三重県鈴鹿市安塚町字山の花1376-34","34.866222","136.574799"
"西山公園","三重県鈴鹿市安塚町字西山675-13","34.869501","136.574523"
"深伊沢小学校グラウンド","三重県鈴鹿市伊船町1693","34.928028","136.483434"
"伊船新田公園","三重県鈴鹿市伊船町2834-1","34.915913","136.487565"
"伊船工業団地公園","三重県鈴鹿市伊船町531-59","34.937989","136.467789"
"磯山一丁目１号公園","三重県鈴鹿市磯山1-264-38","34.810845","136.56292"
"磯山三丁目１号公園","三重県鈴鹿市磯山3-1598-19","34.81674","136.571775"
"磯山四丁目２号公園","三重県鈴鹿市磯山4-1380-19","34.818877","136.574275"
"磯山四丁目公園","三重県鈴鹿市磯山4-1400-47","34.819993","136.574055"
"一ノ宮小学校グラウンド","三重県鈴鹿市一ノ宮町557","34.897833","136.599504"
"一ノ宮公園","三重県鈴鹿市一ノ宮町字地蔵堂875-1","34.901368","136.596203"
"一ノ宮池公園","三重県鈴鹿市一ノ宮町字池586-15","34.898912","136.598161"
"一ノ宮南公園","三重県鈴鹿市一ノ宮町字鍋端333-53","34.894049","136.594827"
"稲生一丁目３号公園","三重県鈴鹿市稲生1-2718-20","34.831324","136.558621"
"稲生一丁目７号公園","三重県鈴鹿市稲生1-3287-4","34.832542","136.558926"
"稲生一丁目１号公園","三重県鈴鹿市稲生1-3317-10","34.832574","136.559441"
"稲生一丁目２号公園","三重県鈴鹿市稲生1-3317-11","34.832702","136.559541"
"稲生一丁目４号公園","三重県鈴鹿市稲生1-3323-10","34.833626","136.559785"
"稲生一丁目５号公園","三重県鈴鹿市稲生1-3323-8","34.833283","136.559565"
"稲生一丁目６号公園","三重県鈴鹿市稲生1-542-15","34.831968","136.55734"
"稲生二丁目１号公園","三重県鈴鹿市稲生2-3118-9","34.834888","136.560912"
"稲生二丁目２号公園","三重県鈴鹿市稲生2-3174-20","34.83395","136.560279"
"稲生二丁目３号公園","三重県鈴鹿市稲生2-3183-8","34.834757","136.560685"
"稲生小学校グラウンド","三重県鈴鹿市稲生3-10-1","34.837696","136.560246"
"中村公園","三重県鈴鹿市稲生こがね園2580-53","34.830669","136.559917"
"河内浦公園","三重県鈴鹿市稲生こがね園2800-11","34.832469","136.561481"
"門前公園","三重県鈴鹿市稲生こがね園3300-8","34.832872","136.559991"
"稲生塩屋公園","三重県鈴鹿市稲生塩屋2-2373-12","34.831208","136.56427"
"稲生塩屋二丁目公園","三重県鈴鹿市稲生塩屋2-2460-18","34.831617","136.565714"
"高林公園","三重県鈴鹿市稲生西2-6870-14","34.838866","136.556764"
"稲生西三丁目１号公園","三重県鈴鹿市稲生西3-6951-17","34.839333","136.557009"
"稲生西三丁目２号公園","三重県鈴鹿市稲生西3-7274-14","34.840576","136.555332"
"折戸公園","三重県鈴鹿市稲生西3-7522-2","34.841244","136.557439"
"鈴鹿サーキット駐車場","三重県鈴鹿市稲生町7992","34.851227","136.543353"
"稲生高校グラウンド","三重県鈴鹿市稲生町8232-1","34.848062","136.554898"
"希望ヶ丘公園","三重県鈴鹿市稲生町字稲生山8800-31","34.844545","136.55628"
"希望ヶ丘東公園","三重県鈴鹿市稲生町字折戸7486-5","34.843596","136.557533"
"中尾公園","三重県鈴鹿市稲生町字中尾9436-59","34.839731","136.549859"
"牧田小学校グラウンド","三重県鈴鹿市岡田1-29-1","34.881522","136.548003"
"岡田一丁目１号公園","三重県鈴鹿市岡田1-92-2","34.879661","136.546716"
"岡田三丁目公園","三重県鈴鹿市岡田3-332-33","34.879041","136.551457"
"箕田公園","三重県鈴鹿市下箕田2-458","34.874693","136.627031"
"下箕田四丁目４号公園","三重県鈴鹿市下箕田4-235-23","34.881351","136.625926"
"下箕田四丁目２号公園","三重県鈴鹿市下箕田4-242-27","34.881786","136.6254"
"下箕田四丁目３号公園","三重県鈴鹿市下箕田4-290-28","34.882816","136.627766"
"白鳥中学校グラウンド","三重県鈴鹿市加佐登3-1-1","34.891411","136.52689"
"鈴鹿フラワーパーク","三重県鈴鹿市加佐登町1690-1","34.9009","136.521602"
"上田一色公園","三重県鈴鹿市加佐登町字北端2829-5","34.894696","136.537309"
"花川公園","三重県鈴鹿市花川町118","34.93371","136.514725"
"鈴鹿医療科学大学　千代崎キャンパス","三重県鈴鹿市岸岡町1001-1","34.857904","136.59907"
"江島丘公園","三重県鈴鹿市岸岡町2248-5","34.845833","136.593584"
"海のみえる岸岡山緑地","三重県鈴鹿市岸岡町2696","34.851612","136.604442"
"岸岡ユウ公園","三重県鈴鹿市岸岡町字ユウ25-4","34.85508","136.608949"
"岸岡ユウ２号公園","三重県鈴鹿市岸岡町字ユウ27-27","34.856575","136.609528"
"岸岡虹の木公園","三重県鈴鹿市岸岡町字ユウ48-22","34.855481","136.608457"
"ひばりヶ丘東公園","三重県鈴鹿市岸岡町字雲雀山2707-177","34.853258","136.602002"
"岩ヶ谷公園","三重県鈴鹿市岸岡町字岩ヶ谷3656","34.849219","136.600228"
"ひばりヶ丘ひばり公園","三重県鈴鹿市岸岡町字見当山2626-86","34.850173","136.602231"
"ひばりヶ丘中央公園","三重県鈴鹿市岸岡町字山中1700-179","34.851638","136.599164"
"泉野公園","三重県鈴鹿市岸岡町字泉野1200-56","34.85884","136.596316"
"打越公園","三重県鈴鹿市岸岡町字打越3548","34.847514","136.592625"
"岸岡大通公園","三重県鈴鹿市岸岡町字大通3374","34.85487","136.60087"
"大門公園","三重県鈴鹿市岸岡町字大門2869-21","34.851766","136.606302"
"新大門公園","三重県鈴鹿市岸岡町字大門3782","34.852863","136.60706"
"岸岡天王２号公園","三重県鈴鹿市岸岡町字天王3132-114","34.857154","136.600928"
"岸岡天王１号公園","三重県鈴鹿市岸岡町字天王3132-74","34.858092","136.60169"
"八反坪公園","三重県鈴鹿市岸岡町字八反坪3133","34.854506","136.596595"
"北新田公園","三重県鈴鹿市岸岡町字北新田3490","34.849552","136.591552"
"弓削一丁目公園","三重県鈴鹿市弓削1-48-10","34.882089","136.540087"
"有竹公園","三重県鈴鹿市弓削町965-32","34.886654","136.539419"
"仁上公園","三重県鈴鹿市汲川原町字仁上509-11","34.876458","136.514718"
"鈴鹿大学駐車場","三重県鈴鹿市郡山町663-222","34.809448","136.538076"
"郡山小学校グラウンド","三重県鈴鹿市郡山町710-6","34.815864","136.536231"
"郡山公園","三重県鈴鹿市郡山町796-4","34.816389","136.534471"
"太陽の街西公園","三重県鈴鹿市郡山町字高山2042-2","34.809849","136.532361"
"太陽の街北公園","三重県鈴鹿市郡山町字西高山2017-6","34.814108","136.535413"
"太陽の街南緑地公園","三重県鈴鹿市郡山町字西高山2036-9","34.808411","136.532532"
"太陽の街第２西公園","三重県鈴鹿市郡山町字西高山2048-4","34.808796","136.528519"
"太陽の街南公園","三重県鈴鹿市郡山町字追谷669-25","34.810732","136.537041"
"太陽の街中央公園","三重県鈴鹿市郡山町字末野604-5","34.813199","136.538421"
"郡山町２号公園","三重県鈴鹿市郡山町字野口795-64","34.815224","136.532142"
"郡山町１号公園","三重県鈴鹿市郡山町字野口795-84","34.815165","136.532668"
"栄小学校校舎","三重県鈴鹿市五祝町1845-2","34.817202","136.558392"
"栄小学校グラウンド","三重県鈴鹿市五祝町1845-2","34.816824","136.558246"
"天名小学校グラウンド","三重県鈴鹿市御薗町2500","34.828482","136.528822"
"御薗工業団地公園","三重県鈴鹿市御薗町字鎌田3600-14","34.835766","136.537351"
"桜台２号公園","三重県鈴鹿市御薗町字桜台5513","34.83166","136.535888"
"桜台１号公園","三重県鈴鹿市御薗町字桜台5558","34.833945","136.533158"
"広瀬町大塚公園","三重県鈴鹿市広瀬町1442-14","34.900858","136.502505"
"江島台公園","三重県鈴鹿市江島台1-970-55","34.843554","136.592483"
"江島総合スポーツ公園","三重県鈴鹿市江島台2-13","34.845033","136.590768"
"松池公園","三重県鈴鹿市江島台2-14","34.844045","136.590609"
"江島大山公園","三重県鈴鹿市江島町字大山1698-22","34.846586","136.592534"
"冨士見ヶ丘公園","三重県鈴鹿市江島町字富士下3538","34.845943","136.599744"
"高岡山北公園","三重県鈴鹿市高岡台2-274-1","34.909815","136.591945"
"青谷公園","三重県鈴鹿市高岡台3-4","34.906381","136.587786"
"高岡山中央公園","三重県鈴鹿市高岡台4-180-1","34.906648","136.585552"
"高岡ふれあい公園","三重県鈴鹿市高岡町字社田527-2","34.897497","136.591831"
"高岡公園","三重県鈴鹿市高岡町字川原1064-6","34.900621","136.592318"
"高岡城跡公園","三重県鈴鹿市高岡町字茶山1353-1","34.903969","136.591376"
"加佐登小学校グラウンド","三重県鈴鹿市高塚町1069","34.898638","136.514825"
"白鳥レイクタウン中央公園","三重県鈴鹿市高塚町1841-324","34.906261","136.514073"
"白鳥レイクタウン親水公園","三重県鈴鹿市高塚町1841-353","34.904501","136.515682"
"高塚２号公園","三重県鈴鹿市高塚町1843-102","34.905423","136.516734"
"高塚１号公園","三重県鈴鹿市高塚町1843-85","34.904592","136.516895"
"大森公園","三重県鈴鹿市国府町12-75","34.851793","136.494875"
"国府新町公園","三重県鈴鹿市国府町2200-1","34.862041","136.515077"
"国府小学校グラウンド","三重県鈴鹿市国府町2373-1","34.857317","136.50915"
"西之城戸公園","三重県鈴鹿市国府町4165","34.85132","136.498434"
"国府台３号公園","三重県鈴鹿市国府町4922-468","34.842426","136.508135"
"国府台２号公園","三重県鈴鹿市国府町4922-589","34.84346","136.506038"
"国府台１号公園","三重県鈴鹿市国府町4922-822","34.845459","136.507084"
"赤坂公園","三重県鈴鹿市国府町5646-138","34.85434","136.519384"
"国府工業団地内公園","三重県鈴鹿市国府町7651-17","34.857684","136.517914"
"平田野中学校グラウンド","三重県鈴鹿市国府町9105-1","34.852929","136.512256"
"天神公園","三重県鈴鹿市国分町字天神813-1","34.911312","136.573847"
"桜島公園","三重県鈴鹿市桜島町1-18","34.853078","136.573589"
"割塚公園","三重県鈴鹿市桜島町1-7","34.853791","136.57037"
"新池公園","三重県鈴鹿市桜島町2-12-6","34.852031","136.576082"
"町田公園","三重県鈴鹿市桜島町3-8-1","34.854195","136.57724"
"桜島小学校グラウンド","三重県鈴鹿市桜島町4-12","34.855258","136.576684"
"城山公園","三重県鈴鹿市桜島町4-6","34.857174","136.577837"
"野田公園","三重県鈴鹿市桜島町5-10","34.856921","136.573668"
"吉沢公園","三重県鈴鹿市桜島町6-7-4","34.855269","136.572664"
"石垣池公園","三重県鈴鹿市桜島町7-1-3","34.858426","136.569722"
"西割塚公園","三重県鈴鹿市桜島町7-15-6","34.855456","136.569319"
"桜島町七丁目１号公園","三重県鈴鹿市桜島町7-19-27","34.857839","136.57057"
"合川小学校グラウンド","三重県鈴鹿市三宅町3694-2","34.817293","136.502914"
"三日市一丁目公園","三重県鈴鹿市三日市1-240-20","34.879436","136.5542"
"三日市二丁目公園","三重県鈴鹿市三日市2-820-33","34.878759","136.560186"
"飯野高校グラウンド","三重県鈴鹿市三日市町1695","34.866684","136.550952"
"創徳中学校グラウンド","三重県鈴鹿市三日市町1803-8","34.866588","136.554868"
"飯野小学校グラウンド","三重県鈴鹿市三日市南2-1-7","34.864158","136.552336"
"中之池１号公園","三重県鈴鹿市三日市南2-2063-35","34.863803","136.553456"
"中之池４号公園","三重県鈴鹿市三日市南2-2075-27","34.861941","136.552678"
"中之池２号公園","三重県鈴鹿市三日市南2-2079-17","34.862932","136.553579"
"中之池３号公園","三重県鈴鹿市三日市南2-2079-38","34.862764","136.553509"
"山辺公園","三重県鈴鹿市山辺町字川原田373-2","34.897385","136.565437"
"川原田公園","三重県鈴鹿市山辺町字川原田83-30","34.896685","136.566357"
"椿小学校グラウンド","三重県鈴鹿市山本町750","34.959003","136.463337"
"弁天山公園","三重県鈴鹿市算所2-1224-1","34.872345","136.54619"
"算所三丁目公園","三重県鈴鹿市算所3-102-15","34.876643","136.547755"
"算所三丁目２号公園","三重県鈴鹿市算所3-921-67","34.875742","136.545211"
"算所四丁目公園","三重県鈴鹿市算所4-20-18","34.879594","136.553221"
"清和小学校グラウンド","三重県鈴鹿市算所5-21-12","34.875956","136.55351"
"算所五丁目公園","三重県鈴鹿市算所5-330-20","34.875527","136.551889"
"算所公園","三重県鈴鹿市算所5-843","34.875166","136.550615"
"鼓ヶ浦１号公園","三重県鈴鹿市寺家1-2076-74","34.816632","136.578338"
"鼓ヶ浦３号公園","三重県鈴鹿市寺家1-2076-98","34.816505","136.578783"
"鼓ヶ浦２号公園","三重県鈴鹿市寺家1-2149-19","34.817289","136.580575"
"鼓ヶ浦小学校グラウンド","三重県鈴鹿市寺家1-41-1","34.815368","136.577104"
"鼓ヶ浦小学校校舎","三重県鈴鹿市寺家1-41-1","34.815764","136.577123"
"寺家二丁目公園","三重県鈴鹿市寺家2-2185-4","34.819659","136.580182"
"第一さくら幼稚園","三重県鈴鹿市寺家3-2-12","34.824879","136.580454"
"鼓ヶ浦公園","三重県鈴鹿市寺家3-2373-51","34.820217","136.583695"
"鼓ヶ浦サン・スポーツランド","三重県鈴鹿市寺家3-2450-15","34.821891","136.583089"
"堀切公園","三重県鈴鹿市寺家3-2540-15","34.821598","136.578625"
"鼓ヶ浦中学校グラウンド","三重県鈴鹿市寺家4-11-1","34.824033","136.585599"
"鼓ヶ浦中学校校舎","三重県鈴鹿市寺家4-11-1","34.824248","136.584933"
"塩塚公園","三重県鈴鹿市寺家5-1579-31","34.826502","136.57927"
"マルヨビル（税理士法人フラッツ・コンサルティング）","三重県鈴鹿市寺家6-16-32","34.824256","136.576835"
"寺家六丁目公園","三重県鈴鹿市寺家6-1843-16","34.822195","136.577245"
"寄町２号公園","三重県鈴鹿市寺家8-336-3","34.822678","136.573872"
"寄町１号公園","三重県鈴鹿市寺家8-413-11","34.823563","136.57304"
"スズキ自販三重　アリーナ白子","三重県鈴鹿市寺家町1441-1","34.829943","136.578156"
"御座池公園","三重県鈴鹿市寺家町字当郷1224","34.831421","136.571665"
"自由ヶ丘公園","三重県鈴鹿市自由ヶ丘2-2726","34.914621","136.548713"
"若松西一丁目１号公園","三重県鈴鹿市若松西1-3107-9","34.864547","136.608888"
"若松西二丁目１号公園","三重県鈴鹿市若松西2-3092-4","34.864757","136.609797"
"若松西五丁目１号公園","三重県鈴鹿市若松西5-1098-2","34.870277","136.614812"
"若松西五丁目２号公園","三重県鈴鹿市若松西5-482-16","34.870255","136.614004"
"井戸公園","三重県鈴鹿市若松西5-672-24","34.871263","136.616679"
"若松小学校校舎","三重県鈴鹿市若松中1-4-1","34.859834","136.613226"
"若松小学校グラウンド","三重県鈴鹿市若松中1-4-1","34.859376","136.613864"
"若松薬師公園","三重県鈴鹿市若松中2-1252-1","34.862157","136.615957"
"浜田公園","三重県鈴鹿市若松東2-665-4","34.863346","136.620007"
"清水清三郎商店株式会社　事務棟","三重県鈴鹿市若松東3-9-33","34.868424","136.622605"
"若松北一丁目１号公園","三重県鈴鹿市若松北1-1379-3","34.86581","136.618832"
"若松北一丁目２号公園","三重県鈴鹿市若松北1-643-20","34.86604","136.6173"
"レインボーわかまつ公園","三重県鈴鹿市若松北2-1200-7","34.868556","136.617432"
"若松北二丁目１号公園","三重県鈴鹿市若松北2-1258-9","34.867751","136.618853"
"若松北二丁目２号公園","三重県鈴鹿市若松北2-538-12","34.869912","136.621793"
"若松北三丁目公園","三重県鈴鹿市若松北3-511-17","34.870789","136.623768"
"天栄中学校グラウンド","三重県鈴鹿市秋永町1839","34.819141","136.546843"
"住吉公園","三重県鈴鹿市住吉1-7058-271","34.865068","136.541391"
"東半沢公園","三重県鈴鹿市住吉2-4-1","34.862314","136.537988"
"五反畑公園","三重県鈴鹿市住吉2-4-2","34.862204","136.540563"
"ダイセーフォレストパーク（鈴鹿青少年の森）","三重県鈴鹿市住吉町6744-1","34.850861","136.537142"
"東谷口公園","三重県鈴鹿市住吉町7265-50","34.854114","136.542184"
"田中公園","三重県鈴鹿市十宮2-409-1","34.89103","136.581578"
"十宮二丁目公園","三重県鈴鹿市十宮2-633-5","34.892279","136.579975"
"宮之前１号公園","三重県鈴鹿市十宮2-637-5","34.891844","136.579615"
"宮之前２号公園","三重県鈴鹿市十宮2-640-9","34.891703","136.579583"
"十宮三丁目１号公園","三重県鈴鹿市十宮3-643-9","34.890826","136.579286"
"十宮四丁目１号公園","三重県鈴鹿市十宮4-522-3","34.888066","136.576496"
"十宮四丁目２号公園","三重県鈴鹿市十宮4-810-13","34.888756","136.575933"
"神戸中学校グラウンド","三重県鈴鹿市十宮町1335","34.893751","136.576495"
"河曲小学校グラウンド","三重県鈴鹿市十宮町719-2","34.891707","136.575004"
"小岐須公園","三重県鈴鹿市小岐須町1057","34.951048","136.449878"
"小社公園","三重県鈴鹿市小社町131","34.951794","136.458341"
"小田あらこ公園","三重県鈴鹿市小田町1103-48","34.87379","136.491341"
"小田西山田公園","三重県鈴鹿市小田町998-18","34.8754","136.489722"
"イオンモール鈴鹿平面駐車場","三重県鈴鹿市庄野羽山4-1-2","34.870528","136.530244"
"庄野羽山四丁目２号公園","三重県鈴鹿市庄野羽山4-3000-131","34.869606","136.525868"
"庄野羽山四丁目３号公園","三重県鈴鹿市庄野羽山4-3000-340","34.869923","136.52917"
"庄野羽山四丁目１号公園","三重県鈴鹿市庄野羽山4-3000-8","34.872758","136.525303"
"庄野共進三丁目公園","三重県鈴鹿市庄野共進3-3429-63","34.876208","136.530666"
"鈴鹿川河川緑地","三重県鈴鹿市庄野町1180","34.883363","136.529737"
"鈴鹿高校・中学校　グラウンド","三重県鈴鹿市庄野町1260","34.882509","136.530906"
"庄野公園","三重県鈴鹿市庄野町1506-10","34.883216","136.525798"
"庄野東二丁目１号公園","三重県鈴鹿市庄野東2-1398-14","34.876458","136.526974"
"庄野小学校グラウンド","三重県鈴鹿市庄野東2-5-35","34.878017","136.529878"
"上田２号公園","三重県鈴鹿市上田町1036-10","34.895677","136.536101"
"上田公園","三重県鈴鹿市上田町字北火之坪192-16","34.89767","136.543407"
"貝戸部公園","三重県鈴鹿市上野町字貝戸部950-1","34.898386","136.55018"
"深溝公園","三重県鈴鹿市深溝町1435","34.924408","136.504336"
"鈴西小学校グラウンド","三重県鈴鹿市深溝町3172-1","34.927939","136.517677"
"矢田部公園","三重県鈴鹿市神戸1-4-1","34.881436","136.582659"
"神戸小学校グラウンド","三重県鈴鹿市神戸2-12-10","34.884412","136.579356"
"神戸二丁目ポケットパーク","三重県鈴鹿市神戸2-2002","34.882347","136.578234"
"神戸ふれあい公園","三重県鈴鹿市神戸2-543","34.883091","136.579929"
"地子町公園","三重県鈴鹿市神戸3-865-1","34.879442","136.583896"
"神戸高校グラウンド","三重県鈴鹿市神戸4-1-80","34.878647","136.580366"
"神戸五丁目１号公園","三重県鈴鹿市神戸5-547-4","34.880477","136.575336"
"神戸公園","三重県鈴鹿市神戸5-772-1","34.879676","136.576986"
"神戸五丁目２号公園","三重県鈴鹿市神戸5-913-33","34.879786","136.57624"
"常盤公園","三重県鈴鹿市神戸8-164-1","34.888982","136.582052"
"すずか公園","三重県鈴鹿市神戸9-4","34.885676","136.585218"
"飯野寺家町ふれあい広場","三重県鈴鹿市神戸地子町121-4","34.876257","136.582927"
"茨木公園","三重県鈴鹿市神戸地子町字茨木282-10","34.872038","136.586993"
"鈴鹿中央線緑地","三重県鈴鹿市神戸本多町690-1","34.876216","136.58229"
"本多町公園","三重県鈴鹿市神戸本多町字本多町717","34.877804","136.574744"
"阿自賀神社境内","三重県鈴鹿市須賀1-6","34.886568","136.585185"
"市場公園","三重県鈴鹿市西玉垣町字市場1429-9","34.860729","136.588694"
"市場２号公園","三重県鈴鹿市西玉垣町字市場1454-19","34.862459","136.588599"
"西玉垣公園","三重県鈴鹿市西玉垣町字市場8-4","34.861573","136.585131"
"庄内公園","三重県鈴鹿市西庄内町3398","34.925206","136.457643"
"西条二丁目１号公園","三重県鈴鹿市西条2-463-37","34.883831","136.571659"
"西条１号公園","三重県鈴鹿市西条4-118","34.879891","136.574516"
"西条２号公園","三重県鈴鹿市西条5-115","34.877805","136.568424"
"西条中央公園","三重県鈴鹿市西条6-43","34.877208","136.570984"
"西条３号公園","三重県鈴鹿市西条7-6","34.87801","136.565351"
"大廻公園","三重県鈴鹿市西条8-70","34.876112","136.56415"
"替取公園","三重県鈴鹿市西条9-23","34.874751","136.562722"
"西玉垣１号公園","三重県鈴鹿市石垣1-5345-118","34.855022","136.56731"
"西玉垣２号公園","三重県鈴鹿市石垣1-5345-83","34.855829","136.568025"
"石薬師小学校グラウンド","三重県鈴鹿市石薬師町1713","34.90365","136.547112"
"石薬師高校グラウンド","三重県鈴鹿市石薬師町452","34.90484","136.553288"
"石薬師１号公園","三重県鈴鹿市石薬師町字開戸部173-39","34.898566","136.549687"
"うの花タウン公園","三重県鈴鹿市石薬師町字寺東452-153","34.903977","136.550782"
"大久保公園","三重県鈴鹿市大久保町184","34.972946","136.459525"
"大池一丁目２号公園","三重県鈴鹿市大池1-1710-33","34.8694","136.540731"
"大池一丁目公園","三重県鈴鹿市大池1-858-11","34.866319","136.542802"
"明生小学校グラウンド","三重県鈴鹿市大池2-13-1","34.866052","136.540445"
"大池公園","三重県鈴鹿市大池2-1720-186","34.867834","136.538694"
"平田池公園","三重県鈴鹿市大池2-833-1","34.865934","136.541436"
"大池二丁目１号公園","三重県鈴鹿市大池2-835-87","34.866184","136.538396"
"飯野地子町公園","三重県鈴鹿市地子町字宮ノ腰468","34.868313","136.565642"
"下り長２号公園","三重県鈴鹿市池田町字下り長1050-21","34.902707","136.612068"
"下り長３号公園","三重県鈴鹿市池田町字下り長898-49","34.903663","136.615208"
"下り長１号公園","三重県鈴鹿市池田町字下り長898-54","34.903703","136.613647"
"櫛引公園","三重県鈴鹿市池田町字櫛引1160-4","34.903646","136.610229"
"竹野一丁目１号公園","三重県鈴鹿市竹野1-3-9","34.881596","136.560888"
"竹野公園","三重県鈴鹿市竹野2-692-1","34.882757","136.556759"
"中旭が丘二丁目１号公園","三重県鈴鹿市中旭が丘2-7360-20","34.846517","136.574596"
"中旭が丘二丁目２号公園","三重県鈴鹿市中旭が丘2-7445-11","34.846999","136.573942"
"白子中学校グラウンド","三重県鈴鹿市中旭が丘4-5-62","34.840928","136.579451"
"石橋公園","三重県鈴鹿市中江島町171","34.841422","136.592859"
"東石橋公園","三重県鈴鹿市中江島町282","34.839716","136.595455"
"太陽の街東公園","三重県鈴鹿市中瀬古町字唐立243-17","34.811167","136.540974"
"長太旭町三丁目公園","三重県鈴鹿市長太旭町3-466-7","34.893296","136.624932"
"長太旭町四丁目公園","三重県鈴鹿市長太旭町4-629-1","34.894286","136.628706"
"長太小学校校舎","三重県鈴鹿市長太旭町5-4-5","34.893482","136.630665"
"長太小学校グラウンド","三重県鈴鹿市長太旭町5-4-5","34.893117","136.63078"
"長太旭町六丁目１号公園","三重県鈴鹿市長太旭町6-2043-16","34.895571","136.635575"
"長太栄町二丁目１号公園","三重県鈴鹿市長太栄町2-556-11","34.889798","136.625675"
"長太栄町二丁目２号公園","三重県鈴鹿市長太栄町2-580-18","34.889842","136.624361"
"マックスバリュ長太の浦店","三重県鈴鹿市長太栄町3-15-18","34.89031","136.630135"
"グランツ","三重県鈴鹿市長太栄町4-17-14","34.889829","136.63284"
"神波公園","三重県鈴鹿市長太栄町4-951-10","34.890154","136.632423"
"長太栄町五丁目１号公園","三重県鈴鹿市長太栄町5-801-4","34.886129","136.629459"
"ビジネス旅館　はな房","三重県鈴鹿市長太新町2-11-3","34.903155","136.6345"
"長太新町三丁目２号公園","三重県鈴鹿市長太新町3-1735-73","34.902397","136.637455"
"長太新町三丁目公園","三重県鈴鹿市長太新町3-1740-199","34.901384","136.640717"
"長太新町四丁目公園","三重県鈴鹿市長太新町4-1761-25","34.898543","136.636715"
"鈴峰中学校グラウンド","三重県鈴鹿市長澤町1867-1","34.930276","136.484916"
"津賀公園","三重県鈴鹿市津賀町1456","34.889014","136.512369"
"土師公園","三重県鈴鹿市土師町字一色558","34.868233","136.603821"
"東旭が丘一丁目公園","三重県鈴鹿市東旭が丘1-1137-16","34.850445","136.57401"
"東旭が丘一丁目２号公園","三重県鈴鹿市東旭が丘1-6618-9","34.850259","136.573373"
"東旭が丘二丁目公園","三重県鈴鹿市東旭が丘2-6700-146","34.849009","136.578032"
"東旭が丘キャナルパーク","三重県鈴鹿市東旭が丘2-6700-163","34.849432","136.577909"
"コモンシティ東旭が丘南公園","三重県鈴鹿市東旭が丘2-6700-388","34.848594","136.576831"
"コモンシティ東旭が丘東公園","三重県鈴鹿市東旭が丘2-6700-393","34.849186","136.577094"
"コモンシティ東旭が丘西公園","三重県鈴鹿市東旭が丘2-6700-400","34.848508","136.574411"
"コモンシティ東旭が丘北公園","三重県鈴鹿市東旭が丘2-6700-412","34.850304","136.576594"
"コモンシティ東旭が丘中央公園","三重県鈴鹿市東旭が丘2-6700-418","34.84938","136.575549"
"東旭が丘三丁目２号公園","三重県鈴鹿市東旭が丘3-6722-28","34.846509","136.575564"
"東旭が丘三丁目公園","三重県鈴鹿市東旭が丘3-6755-49","34.846353","136.579422"
"東旭が丘公園","三重県鈴鹿市東旭が丘4-6822-8","34.845818","136.580414"
"旭が丘小学校グラウンド","三重県鈴鹿市東旭が丘5-3-18","34.846347","136.582325"
"東旭が丘五丁目２号公園","三重県鈴鹿市東旭が丘5-6872-42","34.846785","136.580364"
"東旭が丘五丁目１号公園","三重県鈴鹿市東旭が丘5-6872-44","34.846115","136.581104"
"東旭が丘七丁目公園","三重県鈴鹿市東旭が丘7-5","34.846764","136.585982"
"東磯山一丁目１号公園","三重県鈴鹿市東磯山1-1163-132","34.80932","136.570767"
"東磯山一丁目２号公園","三重県鈴鹿市東磯山1-2310-6","34.811336","136.568466"
"潮風の街磯山（市営住宅）","三重県鈴鹿市東磯山2-1758-303","34.811365","136.574443"
"鈴鹿シルバーケア豊壽園","三重県鈴鹿市東磯山2-5-1","34.812283","136.572668"
"新鼓ヶ浦１号公園","三重県鈴鹿市東磯山3-1758-284","34.813133","136.575938"
"新鼓ヶ浦２号公園","三重県鈴鹿市東磯山3-2038-323","34.814658","136.576963"
"東磯山四丁目１号公園","三重県鈴鹿市東磯山4-1681-59","34.814186","136.571915"
"東磯山四丁目２号公園","三重県鈴鹿市東磯山4-1728-9","34.816348","136.57258"
"玉垣団地中央公園","三重県鈴鹿市東玉垣町2800-94","34.854828","136.59382"
"千代崎中学校グラウンド","三重県鈴鹿市東玉垣町2863","34.859766","136.594881"
"玉垣中央公園","三重県鈴鹿市東玉垣町300-5","34.860806","136.600076"
"井沢公園","三重県鈴鹿市東玉垣町字井沢300-10","34.860242","136.597496"
"岸岡団地公園","三重県鈴鹿市東玉垣町字乙戸部2823-1","34.853492","136.593007"
"丸田公園","三重県鈴鹿市東玉垣町字丸田1210-29","34.860174","136.593252"
"山神戸公園","三重県鈴鹿市東玉垣町字山神戸2557-16","34.857727","136.595631"
"東玉垣２号公園","三重県鈴鹿市東玉垣町字北浦612-1","34.864561","136.594338"
"東玉垣公園","三重県鈴鹿市東玉垣町字門田522-7","34.86318","136.594042"
"愛宕小学校グラウンド","三重県鈴鹿市東江島町23-15","34.841421","136.599689"
"愛宕小学校校舎","三重県鈴鹿市東江島町23-15","34.841146","136.599217"
"江島公園","三重県鈴鹿市東江島町2859-2","34.837481","136.598757"
"庄内小学校グラウンド","三重県鈴鹿市東庄内町2458-1","34.921478","136.462561"
"東庄内公園","三重県鈴鹿市東庄内町2489-14","34.92071","136.462355"
"鈴鹿ほたるの里駐車場","三重県鈴鹿市東庄内町4265-1","34.934427","136.454857"
"原公園","三重県鈴鹿市東庄内町857","34.909209","136.470501"
"飯野道伯公園","三重県鈴鹿市道伯3-1723-7","34.865569","136.546085"
"道伯三丁目１号公園","三重県鈴鹿市道伯3-1734-130","34.865662","136.544556"
"道伯三丁目２号公園","三重県鈴鹿市道伯3-1736-37","34.864971","136.546761"
"道伯四丁目１号公園","三重県鈴鹿市道伯4-1750-24","34.866745","136.549861"
"道伯四丁目２号公園","三重県鈴鹿市道伯4-2338-6","34.867068","136.549674"
"モイットタウン北公園","三重県鈴鹿市道伯町2139-263","34.85684","136.551063"
"モイットタウン南公園","三重県鈴鹿市道伯町2139-265","34.855273","136.549164"
"南旭が丘二丁目公園","三重県鈴鹿市南旭が丘2-1549-2","34.844313","136.56937"
"南旭が丘二丁目２号公園","三重県鈴鹿市南旭が丘2-7280-187","34.844309","136.571322"
"南旭が丘三丁目２号公園","三重県鈴鹿市南旭が丘3-7280-187","34.842905","136.572683"
"旭が丘中央公園","三重県鈴鹿市南旭が丘3-7280-6","34.843524","136.573483"
"鈴鹿医療科学大学　白子キャンパス","三重県鈴鹿市南玉垣町3500-3","34.850367","136.586647"
"イオンタウン鈴鹿玉垣　平面駐車場の一部","三重県鈴鹿市南玉垣町5520-106","34.857141","136.582326"
"東鼻野１号公園","三重県鈴鹿市南玉垣町7301","34.848842","136.584264"
"東鼻野２号公園","三重県鈴鹿市南玉垣町7306","34.849318","136.587483"
"南玉垣７号公園","三重県鈴鹿市南玉垣町字一色2232-6","34.859101","136.587574"
"玉垣公園","三重県鈴鹿市南玉垣町字玉垣4545-27","34.850442","136.579228"
"南玉垣１号公園","三重県鈴鹿市南玉垣町字玉垣4925-44","34.855717","136.579996"
"南玉垣２号公園","三重県鈴鹿市南玉垣町字玉垣4925-89","34.855127","136.581718"
"ラバンテ南玉垣公園","三重県鈴鹿市南玉垣町字玉垣5520-77","34.858191","136.584346"
"南玉垣３号公園","三重県鈴鹿市南玉垣町字玉垣6162-10","34.862744","136.577303"
"南玉垣５号公園","三重県鈴鹿市南玉垣町字玉垣6180-32","34.861838","136.579424"
"南玉垣６号公園","三重県鈴鹿市南玉垣町字玉垣6252-11","34.863439","136.575403"
"一色公園","三重県鈴鹿市南玉垣町字玉垣6604-1","34.857445","136.586423"
"黒鍬公園","三重県鈴鹿市南玉垣町字玉垣6604-2","34.854042","136.584572"
"箱塚公園","三重県鈴鹿市南玉垣町字玉垣6604-3","34.854401","136.587718"
"南玉垣４号公園","三重県鈴鹿市南玉垣町字新町2329-15","34.857468","136.588542"
"桜の森公園","三重県鈴鹿市南玉垣町字東鼻野3500-5","34.851293","136.589306"
"フォレスト白子","三重県鈴鹿市南江島町16-10","34.83972","136.590583"
"鬼黒公園","三重県鈴鹿市南江島町195","34.841171","136.589287"
"後端公園","三重県鈴鹿市南江島町275","34.840079","136.590853"
"東後端公園","三重県鈴鹿市南江島町371","34.838016","136.592516"
"プラージュなごみ","三重県鈴鹿市南若松町429-17","34.849846","136.610587"
"南若松公園","三重県鈴鹿市南若松町9-30","34.840915","136.602197"
"南若松２号公園","三重県鈴鹿市南若松町字味噌田429-174","34.849181","136.610013"
"大木歯科医院津波避難タワー","三重県鈴鹿市南長太町２５０４－１外４筆","34.885473","136.629121"
"箕田小学校校舎","三重県鈴鹿市南堀江1-1-1","34.881292","136.61867"
"箕田小学校グラウンド","三重県鈴鹿市南堀江1-1-1","34.880995","136.619413"
"白子小学校校舎","三重県鈴鹿市白子1-12-12","34.831118","136.587473"
"白子小学校グラウンド","三重県鈴鹿市白子1-12-12","34.830619","136.58676"
"白子三丁目１号公園","三重県鈴鹿市白子3-3884-6","34.829977","136.58321"
"白子三丁目５号公園","三重県鈴鹿市白子3-3908-2","34.829836","136.583795"
"白子三丁目３号公園","三重県鈴鹿市白子3-3920-10","34.831223","136.583521"
"白子三丁目２号公園","三重県鈴鹿市白子3-3935-11","34.830158","136.585324"
"白子三丁目４号公園","三重県鈴鹿市白子3-3971-3","34.831501","136.585597"
"ヒオキビル","三重県鈴鹿市白子4-15-20","34.834166","136.584914"
"ホテルグリーンパーク鈴鹿","三重県鈴鹿市白子4-15-20","34.834299","136.58466"
"白子高等学校校舎","三重県鈴鹿市白子4-17-1","34.834181","136.582972"
"白子高校グラウンド","三重県鈴鹿市白子4-17-1","34.833901","136.581783"
"白子四丁目公園","三重県鈴鹿市白子4-3814-4","34.832796","136.58195"
"ＨＯＷＡビル","三重県鈴鹿市白子駅前13-1","34.836782","136.588017"
"コンフォートホテル鈴鹿","三重県鈴鹿市白子駅前14-26","34.836291","136.588633"
"白子駅西自転車駐車場","三重県鈴鹿市白子駅前16-16","34.834869","136.589825"
"白子ストーリアホテル","三重県鈴鹿市白子駅前2955","34.835138","136.590096"
"そよら鈴鹿白子","三重県鈴鹿市白子駅前3-1","34.836332","136.591416"
"新生公園","三重県鈴鹿市白子駅前3016-8","34.83325","136.588062"
"鈴鹿市子育て応援館","三重県鈴鹿市白子駅前6-33","34.837948","136.589007"
"鈴鹿高専　陸上競技場","三重県鈴鹿市白子町6742-1","34.851861","136.583172"
"白子東町公園","三重県鈴鹿市白子本町6307-2","34.831665","136.592242"
"深谷公園","三重県鈴鹿市八野町13","34.838152","136.495007"
"飯野寺家町公園","三重県鈴鹿市飯野寺家町字堂山140-9","34.873402","136.584144"
"肥田寺垣内公園","三重県鈴鹿市肥田町字寺垣内333-48","34.875354","136.590087"
"肥田寺垣内東公園","三重県鈴鹿市肥田町字寺垣内348-14","34.875808","136.591835"
"平田一色公園","三重県鈴鹿市平田1-392-28","34.878397","136.539925"
"平田二丁目２号公園","三重県鈴鹿市平田2-1436-100","34.877665","136.535751"
"平田二丁目１号公園","三重県鈴鹿市平田2-1436-55","34.876586","136.535859"
"平田二丁目公園","三重県鈴鹿市平田2-1568-1","34.876133","136.537597"
"平田本町一丁目１号公園","三重県鈴鹿市平田本町1-91-6","34.882528","136.537741"
"平田公園","三重県鈴鹿市平田本町2-485","34.88015","136.536859"
"平田本町二丁目１号公園","三重県鈴鹿市平田本町2-552-4","34.880302","136.536029"
"平野公園","三重県鈴鹿市平野町965","34.868368","136.513941"
"玉垣小学校グラウンド","三重県鈴鹿市北玉垣町947","34.864185","136.589623"
"根洞公園","三重県鈴鹿市北玉垣町字根洞1867-34","34.866198","136.578789"
"山上公園","三重県鈴鹿市北玉垣町字山上2001-158","34.863814","136.581185"
"小塚公園","三重県鈴鹿市北玉垣町字小塚1785-1","34.865584","136.584582"
"北ノ添公園","三重県鈴鹿市北玉垣町字北ノ添1703-6","34.866693","136.583297"
"北江島１号公園","三重県鈴鹿市北江島町2258-32","34.844894","136.594971"
"北江島町２号公園","三重県鈴鹿市北江島町2367-15","34.844987","136.596548"
"愛宕公園","三重県鈴鹿市北江島町3418","34.84304","136.598835"
"浜ノ田公園","三重県鈴鹿市北若松町字浜ノ田392-27","34.87315","136.625632"
"杉野工業津波避難ビル","三重県鈴鹿市北長太町1839","34.899391","136.634147"
"ほうりん認定こども園","三重県鈴鹿市北長太町4119","34.89971","136.633199"
"北長太町公園","三重県鈴鹿市北長太町字三宮神256-14","34.895542","136.633448"
"三宮神公園","三重県鈴鹿市北長太町字三宮神260-5","34.89479","136.632665"
"長太旭町公園","三重県鈴鹿市北長太町字三宮神310-11","34.894531","136.633687"
"八反田１号公園","三重県鈴鹿市北堀江2-144-58","34.883943","136.624912"
"大木中学校グラウンド","三重県鈴鹿市北堀江2-15-1","34.882769","136.62688"
"大木中学校校舎","三重県鈴鹿市北堀江2-15-1","34.883301","136.62683"
"八反田２号公園","三重県鈴鹿市北堀江2-202-47","34.883125","136.626259"
"末広西１号公園","三重県鈴鹿市末広西1820-116","34.86011","136.556521"
"末広西２号公園","三重県鈴鹿市末広西1820-139","34.86044","136.555996"
"稲生道公園","三重県鈴鹿市末広東7","34.860128","136.570481"
"末広町１号公園","三重県鈴鹿市末広南1-5333-18","34.859374","136.566023"
"末広町３号公園","三重県鈴鹿市末広南2-5351-96","34.858646","136.560043"
"末広南三丁目公園","三重県鈴鹿市末広南3-5349-155","34.857508","136.559041"
"末広町４号公園","三重県鈴鹿市末広北2-5517-14","34.861875","136.561045"
"末広町２号公園","三重県鈴鹿市末広北3-5474-9","34.86247","136.559037"
"木田公園","三重県鈴鹿市木田町808-1","34.901012","136.565361"
"若宮公園","三重県鈴鹿市木田町字南山1281","34.909688","136.555654"
"清水公園","三重県鈴鹿市野村町字北新田418","34.840821","136.568008"
"葵公園","三重県鈴鹿市野町西2-674","34.85238","136.562878"
"東裏公園","三重県鈴鹿市野町中1-901-1","34.852787","136.568174"
"東山公園","三重県鈴鹿市野町東1-501-1","34.85195","136.571021"
"野町公園","三重県鈴鹿市野町東2-1107-1","34.849704","136.567265"
"祓川公園","三重県鈴鹿市野町南1-663-176","34.849373","136.561343"
"野辺公園","三重県鈴鹿市野辺1-880","34.883424","136.563389"
"松の下公園","三重県鈴鹿市矢橋1-702","34.881458","136.586079"
"矢橋公園","三重県鈴鹿市矢橋1-769","34.879763","136.586925"
"矢橋二丁目３号公園","三重県鈴鹿市矢橋2-202","34.88259","136.58795"
"矢橋二丁目２号公園","三重県鈴鹿市矢橋2-226-6","34.88385","136.587201"
"矢橋二丁目４号公園","三重県鈴鹿市矢橋2-243","34.883395","136.588825"
"矢橋二丁目１号公園","三重県鈴鹿市矢橋2-247-10","34.883378","136.589179"
"矢橋三丁目１号公園","三重県鈴鹿市矢橋3-261-12","34.884528","136.589143"
"鈴鹿ハイツ北公園","三重県鈴鹿市鈴鹿ハイツ7992-1127","34.856907","136.55189"
"鈴鹿ハイツ東公園","三重県鈴鹿市鈴鹿ハイツ7992-1211","34.85656","136.553317"
"鈴鹿ハイツ南公園","三重県鈴鹿市鈴鹿ハイツ8308-8","34.853196","136.550099"
"井田川小学校グラウンド","三重県鈴鹿市和泉町814","34.870638","136.505369"