"施設名","所在地","緯度","経度"
"上野原カントリークラブ駐車場","山梨県上野原市上野原6887","35.659625","139.118241"
"下之街道公民館","神奈川県愛川町角田1413","35.529887","139.312807"
"峰公民館","神奈川県愛川町角田1929-2","35.528931","139.304303"
"愛川中原中学校","神奈川県愛川町角田210","35.528726","139.32575"
"ありんこ高峰作業所駐車場","神奈川県愛川町角田2191-2","35.529062","139.297975"
"戸倉公民館","神奈川県愛川町角田2259-2","35.528282","139.299677"
"角田児童館","神奈川県愛川町角田2469-1","35.528937","139.307763"
"下箕輪公民館","神奈川県愛川町角田3088-4","35.527927","139.318959"
"梅沢公民館","神奈川県愛川町角田332-7","35.53332","139.321181"
"海底公民館","神奈川県愛川町角田4231","35.523819","139.299641"
"小沢児童館（児童遊園地含む）","神奈川県愛川町角田642-1","35.536761","139.332837"
"上小沢公民館（児童遊園地含む）","神奈川県愛川町角田752-6","35.534621","139.326903"
"金屋公民館","神奈川県愛川町三増1590-4","35.544457","139.298444"
"中里公民館","神奈川県愛川町三増1661-6","35.542344","139.3004"
"上三増公民館","神奈川県愛川町三増2060-5","35.548894","139.295501"
"下宿公民館","神奈川県愛川町三増50-4","35.536171","139.308593"
"三増児童館（児童遊園地含む。）","神奈川県愛川町三増591","35.539984","139.303641"
"高峰小学校","神奈川県愛川町三増767","35.534805","139.31196"
"高峰保育園","神奈川県愛川町三増773","35.534626","139.313322"
"神奈川県立愛川高等学校","神奈川県愛川町三増822-1","35.53196","139.31753"
"新宿公民館","神奈川県愛川町三増860-19","35.5327","139.312283"
"春日台保育園","神奈川県愛川町春日台2-11-3","35.524857","139.329044"
"中津第二小学校","神奈川県愛川町春日台2-9-1","35.524391","139.329616"
"春日台会館","神奈川県愛川町春日台3-6-18","35.523986","139.332676"
"菅原小学校","神奈川県愛川町中津1103","35.520919","139.335127"
"上熊坂東公民館","神奈川県愛川町中津1158-6","35.520668","139.333758"
"愛川東中学校","神奈川県愛川町中津1400","35.523411","139.328727"
"大塚児童館","神奈川県愛川町中津1855-3","35.528832","139.333608"
"六倉児童館","神奈川県愛川町中津2273-3","35.529497","139.343037"
"二井坂児童館","神奈川県愛川町中津3724-2","35.509812","139.335437"
"上熊坂児童館","神奈川県愛川町中津386-1","35.518564","139.329506"
"中津南保育園","神奈川県愛川町中津3893","35.507426","139.339073"
"半縄公民館","神奈川県愛川町中津3903-1","35.506473","139.339192"
"中津工業団地第１号公園","神奈川県愛川町中津4043","35.522282","139.34207"
"桜台団地公民館","神奈川県愛川町中津4061-9","35.508735","139.344426"
"楠公民館","神奈川県愛川町中津485-2","35.515765","139.331192"
"熊坂児童館","神奈川県愛川町中津511","35.514189","139.331427"
"坂本体育館（運動場含む）","神奈川県愛川町中津5177","35.500799","139.341627"
"坂本児童館","神奈川県愛川町中津5177-2","35.501021","139.341816"
"中津小学校","神奈川県愛川町中津544","35.511945","139.333428"
"中津保育園","神奈川県愛川町中津544","35.512149","139.334411"
"下谷八菅山児童館","神奈川県愛川町中津6222","35.515618","139.329318"
"下松台公民館","神奈川県愛川町中津690","35.511878","139.335482"
"桜台児童館","神奈川県愛川町中津7341","35.510466","139.340623"
"愛川中学校","神奈川県愛川町田代1395","35.532698","139.287591"
"田代第一町内会事務所","神奈川県愛川町田代1569-1","35.528751","139.284373"
"田代保育園","神奈川県愛川町田代323","35.525612","139.288561"
"田代小学校","神奈川県愛川町田代500","35.527618","139.29111"
"田代児童館","神奈川県愛川町田代４８９－イ","35.52676","139.291591"
"八菅山公民館","神奈川県愛川町八菅山141-3","35.511528","139.325072"
"半原小学校","神奈川県愛川町半原2201","35.539917","139.273611"
"原臼児童館","神奈川県愛川町半原2312-1","35.537917","139.272863"
"両向児童館（児童遊園地含む）","神奈川県愛川町半原2683-5","35.535212","139.269265"
"愛川ソーラー観光広場","神奈川県愛川町半原2891","35.532411","139.267538"
"県立愛川ふれあいの村グラウンド","神奈川県愛川町半原3390","35.538773","139.264432"
"半原公民館","神奈川県愛川町半原4343-3","35.545293","139.267593"
"半原保育園","神奈川県愛川町半原4495-1","35.543572","139.266937"
"宮本児童館","神奈川県愛川町半原4604","35.542059","139.266396"
"細野クラブ中細野児童遊園地","神奈川県愛川町半原481-1","35.531512","139.277861"
"細野児童館","神奈川県愛川町半原498","35.532633","139.277254"
"川北児童館（青少年広場含む）","神奈川県愛川町半原6356","35.545366","139.264628"
"県立あいかわ公園・パークセンター","神奈川県愛川町半原５４２３外","35.540941","139.257015"
"綾西小学校【校庭】","神奈川県綾瀬市綾西1-2-1","35.432975","139.416941"
"綾西小学校【校舎及び体育館】","神奈川県綾瀬市綾西1-2-1","35.433436","139.417042"
"綾西公園","神奈川県綾瀬市綾西2-1800-124","35.43138","139.414287"
"吉岡地区センター【屋外】","神奈川県綾瀬市吉岡2316","35.425876","139.412533"
"春日台中学校【校舎及び体育館】","神奈川県綾瀬市吉岡393-1","35.423015","139.432209"
"春日台中学校【校庭】","神奈川県綾瀬市吉岡393-1","35.423392","139.431677"
"天台小学校【校舎及び体育館】","神奈川県綾瀬市寺尾台1-3-1","35.456221","139.417809"
"天台小学校【校庭】","神奈川県綾瀬市寺尾台1-3-1","35.456654","139.417393"
"寺尾小学校【校舎及び体育館】","神奈川県綾瀬市寺尾南1-3-1","35.447568","139.427666"
"寺尾小学校【校庭】","神奈川県綾瀬市寺尾南1-3-1","35.447608","139.428376"
"県立綾瀬高校【校舎及び体育館】","神奈川県綾瀬市寺尾南1-4-1","35.449264","139.429067"
"県立綾瀬高校【校庭】","神奈川県綾瀬市寺尾南1-4-1","35.449125","139.428021"
"綾北小学校【校庭】","神奈川県綾瀬市寺尾本町3-10-1","35.45591","139.426936"
"綾北小学校【校舎及び体育館】","神奈川県綾瀬市寺尾本町3-10-1","35.456455","139.426672"
"早園小学校【校舎及び体育館】","神奈川県綾瀬市小園420","35.450302","139.412523"
"早園小学校【校庭】","神奈川県綾瀬市小園420","35.449918","139.412572"
"綾南小学校【校庭】","神奈川県綾瀬市上土棚中1-12-19","35.417923","139.446953"
"綾南保育園【園庭】","神奈川県綾瀬市上土棚南1-4-17","35.414601","139.44681"
"土棚小学校【校庭】","神奈川県綾瀬市上土棚南6-1-1","35.411668","139.442732"
"土棚小学校【校舎及び体育館】","神奈川県綾瀬市上土棚南6-1-1","35.411432","139.442248"
"市民スポーツセンター【陸上競技場】","神奈川県綾瀬市深谷上3-6-1","35.44414","139.428082"
"綾北中学校【校舎及び体育館】","神奈川県綾瀬市深谷上4-4-1","35.449273","139.431681"
"綾北中学校【校庭】","神奈川県綾瀬市深谷上4-4-1","35.4486","139.431161"
"光綾公園","神奈川県綾瀬市深谷上4-5234","35.447326","139.431837"
"綾瀬小学校【校舎及び体育館】","神奈川県綾瀬市深谷中5-1-1","35.438763","139.434051"
"綾瀬小学校【校庭】","神奈川県綾瀬市深谷中5-1-1","35.439322","139.434255"
"綾瀬中学校【校舎及び体育館】","神奈川県綾瀬市深谷南2-3-1","35.43066","139.439241"
"綾瀬中学校【校庭】","神奈川県綾瀬市深谷南2-3-1","35.430017","139.43949"
"藤沢ゴルフクラブ","神奈川県綾瀬市深谷南7-2-1","35.427802","139.442082"
"藤沢ゴルフクラブ","神奈川県綾瀬市深谷南7-2-1","35.42795","139.44128"
"県立綾瀬西高校【校庭】","神奈川県綾瀬市早川1485-1","35.437356","139.412302"
"県立綾瀬西高校【校舎及び体育館】","神奈川県綾瀬市早川1485-1","35.436281","139.412517"
"城山中学校【校舎及び体育館】","神奈川県綾瀬市早川2230","35.439113","139.415617"
"城山中学校【校庭】","神奈川県綾瀬市早川2230","35.439057","139.414767"
"早園地区センター【屋外】","神奈川県綾瀬市早川2934","35.442356","139.411786"
"城山公園","神奈川県綾瀬市早川城山3-4-1","35.438539","139.419854"
"風車公園","神奈川県綾瀬市大上2-555-9","35.460195","139.425524"
"北の台小学校【校舎及び体育館】","神奈川県綾瀬市大上9-14-1","35.465492","139.434569"
"北の台小学校【校庭】","神奈川県綾瀬市大上9-14-1","35.46594","139.434589"
"落合小学校【校庭】","神奈川県綾瀬市落合北3-10-1","35.420736","139.434817"
"落合小学校【校舎及び体育館】","神奈川県綾瀬市落合北3-10-1","35.421132","139.434792"
"北の台中学校【校舎及び体育館】","神奈川県綾瀬市蓼川1-2-1","35.461613","139.435424"
"北の台中学校【校庭】","神奈川県綾瀬市蓼川1-2-1","35.462398","139.434966"
"粟田小学校グランド","神奈川県横須賀市ハイランド2-41-1","35.223249","139.684978"
"大楠中学校グランド","神奈川県横須賀市芦名1-2-1","35.23063","139.615312"
"安針台第２公園","神奈川県横須賀市安針台18","35.281898","139.642238"
"長浦小学校グランド","神奈川県横須賀市安針台3-1","35.288474","139.645942"
"三笠公園","神奈川県横須賀市稲岡町82","35.286457","139.673865"
"浦賀中学校グランド","神奈川県横須賀市浦賀3-26-1","35.251218","139.70975"
"浦賀小学校グランド","神奈川県横須賀市浦賀3-8-1","35.250574","139.713988"
"夏島小学校グランド","神奈川県横須賀市浦郷町4-35","35.315978","139.634114"
"神奈川歯科大学グランド","神奈川県横須賀市浦上台4-1","35.256597","139.713994"
"荻野小学校グランド","神奈川県横須賀市荻野8-1","35.226324","139.628315"
"追浜中学校グランド","神奈川県横須賀市夏島町12","35.318946","139.633311"
"県立追浜高校グランド","神奈川県横須賀市夏島町13","35.321278","139.633213"
"追浜公園","神奈川県横須賀市夏島町2","35.317392","139.635043"
"旧上の台中学校グランド","神奈川県横須賀市鴨居2-55-15","35.248721","139.731224"
"鴨居小学校グランド","神奈川県横須賀市鴨居3-1-6","35.25111","139.732521"
"鴨居中学校グランド","神奈川県横須賀市鴨居3-2-2","35.253098","139.733834"
"横須賀美術館","神奈川県横須賀市鴨居4-1","35.25962","139.738003"
"岩戸中学校グランド","神奈川県横須賀市岩戸5-6-3","35.227965","139.667762"
"県立岩戸養護学校グランド","神奈川県横須賀市岩戸5-6-5","35.226235","139.66729"
"久里浜中学校グランド","神奈川県横須賀市久里浜2-11-1","35.229528","139.698297"
"横須賀総合高校グランド","神奈川県横須賀市久里浜6-1-1","35.226382","139.708825"
"久里浜小学校グランド","神奈川県横須賀市久里浜6-6-1","35.228884","139.707232"
"明浜小学校グランド","神奈川県横須賀市久里浜6-7-1","35.227828","139.706247"
"県立横須賀高校グランド","神奈川県横須賀市公郷町3-117","35.256917","139.670315"
"県立横須賀工業高校グランド","神奈川県横須賀市公郷町4-10","35.253778","139.677017"
"公郷小学校グランド","神奈川県横須賀市公郷町4-5","35.255467","139.674767"
"公郷中学校グランド","神奈川県横須賀市公郷町5-81","35.257542","139.678997"
"佐原２丁目公園","神奈川県横須賀市佐原2-2-10","35.242399","139.684581"
"県立横須賀南高校グランド","神奈川県横須賀市佐原4-20-1","35.236984","139.68994"
"桜小学校グランド","神奈川県横須賀市坂本町1-19","35.272746","139.657549"
"坂本中学校グランド","神奈川県横須賀市坂本町1-19","35.272247","139.659469"
"不入斗中学校グランド","神奈川県横須賀市坂本町1-19","35.272185","139.660993"
"望洋小学校グランド","神奈川県横須賀市桜ヶ丘1-50-1","35.254672","139.702604"
"ヴェルニー公園","神奈川県横須賀市汐入町1-1","35.283342","139.6592"
"常葉中学校グランド","神奈川県横須賀市小川町18","35.281886","139.673922"
"諏訪小学校グランド","神奈川県横須賀市小川町18","35.282027","139.672946"
"湘南国際村西公園","神奈川県横須賀市湘南国際村1-2","35.253906","139.605834"
"鷹取中学校グランド","神奈川県横須賀市湘南鷹取2-30-1","35.308111","139.622425"
"鷹取小学校グランド","神奈川県横須賀市湘南鷹取4-7-1","35.30747","139.614638"
"森崎小学校グランド","神奈川県横須賀市森崎3-13-1","35.245366","139.678828"
"大矢部中学校グランド","神奈川県横須賀市森崎5-14-2","35.245237","139.665334"
"中央公園","神奈川県横須賀市深田台19","35.275501","139.673554"
"神明小学校グランド","神奈川県横須賀市神明町407","35.226571","139.701692"
"神明中学校グランド","神奈川県横須賀市神明町903","35.22488","139.700498"
"逸見小学校グランド","神奈川県横須賀市西逸見町1-14","35.283171","139.649882"
"高坂小学校グランド","神奈川県横須賀市西浦賀3-1-1","35.241763","139.714501"
"田浦中学校グランド","神奈川県横須賀市船越町7-66","35.302019","139.631349"
"防衛大学校グランド","神奈川県横須賀市走水1-10-20","35.258496","139.724233"
"武山小学校グランド","神奈川県横須賀市太田和3-1-1","35.224435","139.639791"
"県立横須賀大津高校グランド","神奈川県横須賀市大津町4-17-1","35.258492","139.690908"
"大津中学校グランド","神奈川県横須賀市大津町5-2-1","35.25984","139.690884"
"大津公園","神奈川県横須賀市大津町5-4-1","35.258075","139.688526"
"根岸小学校グランド","神奈川県横須賀市大津町5-5-1","35.256402","139.686692"
"市営公園墓地","神奈川県横須賀市大矢部6-1033","35.2382","139.663104"
"池上小学校グランド","神奈川県横須賀市池上3-5-1","35.259833","139.648217"
"池上中学校グランド","神奈川県横須賀市池上3-5-1","35.26109","139.647412"
"大塚台小学校グランド","神奈川県横須賀市池田町3-1-1","35.245023","139.693853"
"長井中学校グランド","神奈川県横須賀市長井5-12-1","35.205786","139.612976"
"長井小学校グランド","神奈川県横須賀市長井5-9-1","35.204693","139.61236"
"長沢中学校グランド","神奈川県横須賀市長沢5-1-1","35.214596","139.674508"
"県立津久井浜高校グランド","神奈川県横須賀市津久井4-4-1","35.200689","139.662358"
"津久井小学校グランド","神奈川県横須賀市津久井5-2-1","35.20715","139.667304"
"海上自衛隊　第２術科学校グランド","神奈川県横須賀市田浦港町","35.294081","139.634214"
"田浦小学校グランド","神奈川県横須賀市田浦町3-55","35.290518","139.63164"
"沢山小学校グランド","神奈川県横須賀市東逸見町3-35","35.274781","139.650047"
"馬堀小学校グランド","神奈川県横須賀市馬堀町4-10-1","35.259365","139.714514"
"馬堀中学校グランド","神奈川県横須賀市馬堀町4-10-2","35.259118","139.716328"
"鶴久保小学校グランド","神奈川県横須賀市不入斗町1-1","35.267635","139.666796"
"不入斗公園","神奈川県横須賀市不入斗町1-2","35.268353","139.663617"
"武山中学校グランド","神奈川県横須賀市武3-31-1","35.218213","139.644931"
"西公園","神奈川県横須賀市武3-33-1","35.218303","139.646074"
"衣笠公園","神奈川県横須賀市平作1-6","35.257528","139.65731"
"城北小学校グランド","神奈川県横須賀市平作1-6-1","35.256745","139.656839"
"衣笠中学校グランド","神奈川県横須賀市平作2-31-1","35.25287","139.653443"
"横須賀市学校給食センター","神奈川県横須賀市平作5-28-10","35.258163","139.643601"
"うみかぜ公園","神奈川県横須賀市平成町3-23","35.276455","139.683575"
"野比小学校グランド","神奈川県横須賀市野比1-25-1","35.215922","139.684793"
"野比中学校グランド","神奈川県横須賀市野比4-4-1","35.216171","139.694011"
"野比東小学校グランド","神奈川県横須賀市野比4-6-1","35.213517","139.695622"
"横浜市立さちが丘小学校　校舎６","神奈川県横浜市旭区さちが丘110-1","35.456809","139.522987"
"横浜市立さちが丘小学校　校舎４","神奈川県横浜市旭区さちが丘110-1","35.456915","139.523303"
"横浜市立さちが丘小学校　校舎１７－１","神奈川県横浜市旭区さちが丘110-1","35.456757","139.522499"
"横浜市立さちが丘小学校　校舎５","神奈川県横浜市旭区さちが丘110-1","35.457028","139.522992"
"横浜市立さちが丘小学校　体育館","神奈川県横浜市旭区さちが丘110-1","35.457163","139.522831"
"横浜市立さちが丘小学校　校舎１８","神奈川県横浜市旭区さちが丘110-1","35.456766","139.523212"
"横浜市立旭中学校　校舎７","神奈川県横浜市旭区今宿2-40-1","35.474155","139.517446"
"横浜市立旭中学校　校舎１","神奈川県横浜市旭区今宿2-40-1","35.474194","139.517977"
"横浜市立旭中学校　体育館","神奈川県横浜市旭区今宿2-40-1","35.473849","139.518202"
"横浜市立今宿中学校　校舎４","神奈川県横浜市旭区今宿東町825","35.485081","139.536791"
"横浜市立今宿中学校　体育館","神奈川県横浜市旭区今宿東町825","35.484954","139.537285"
"横浜市立今宿中学校　校舎１","神奈川県横浜市旭区今宿東町825","35.48474","139.536904"
"横浜市立今宿小学校　校舎１","神奈川県横浜市旭区今宿東町829","35.484199","139.53647"
"横浜市立今宿小学校　体育館","神奈川県横浜市旭区今宿東町829","35.484282","139.535826"
"横浜市立今宿小学校　校舎２","神奈川県横浜市旭区今宿東町829","35.484391","139.536668"
"横浜市立今宿南小学校　校舎１１","神奈川県横浜市旭区今宿南町1879-2","35.47893","139.529263"
"横浜市立今宿南小学校　校舎１－１","神奈川県横浜市旭区今宿南町1879-2","35.479183","139.52915"
"横浜市立今宿南小学校　体育館","神奈川県横浜市旭区今宿南町1879-2","35.479035","139.528512"
"旧横浜市立左近山第二小学校　校舎１","神奈川県横浜市旭区左近山1011","35.45715","139.556166"
"旧横浜市立左近山第二小学校　校舎４－４","神奈川県横浜市旭区左近山1011","35.457341","139.556789"
"旧横浜市立左近山第二小学校　体育館","神奈川県横浜市旭区左近山1011","35.457473","139.556826"
"左近山中学校体育館４－１","神奈川県横浜市旭区左近山1335-2","35.459215","139.550763"
"左近山中学校校舎１","神奈川県横浜市旭区左近山1335-2","35.459581","139.551072"
"左近山中学校校舎３","神奈川県横浜市旭区左近山1335-2","35.459883","139.551026"
"横浜市立左近山小学校　体育館","神奈川県横浜市旭区左近山1997-2","35.461946","139.550149"
"横浜市立左近山小学校　校舎１","神奈川県横浜市旭区左近山1997-2","35.462377","139.549853"
"横浜市立左近山小学校　校舎６","神奈川県横浜市旭区左近山1997-2","35.462084","139.549322"
"横浜市立左近山小学校　校舎３１","神奈川県横浜市旭区左近山1997-2","35.46173","139.549196"
"横浜市立笹野台小学校　校舎７－１","神奈川県横浜市旭区笹野台4-48-1","35.473196","139.510685"
"横浜市立笹野台小学校　体育館","神奈川県横浜市旭区笹野台4-48-1","35.473105","139.510685"
"横浜市立笹野台小学校　校舎２","神奈川県横浜市旭区笹野台4-48-1","35.47348","139.510298"
"横浜市立市沢小学校　体育館","神奈川県横浜市旭区市沢町781","35.462128","139.559311"
"横浜市立市沢小学校　校舎１","神奈川県横浜市旭区市沢町781","35.461713","139.558861"
"横浜市立若葉台特別支援学校　校舎２","神奈川県横浜市旭区若葉台2-1-1","35.502699","139.501773"
"横浜市立若葉台特別支援学校　校舎１","神奈川県横浜市旭区若葉台2-1-1","35.502961","139.502336"
"横浜市立若葉台特別支援学校　体育館","神奈川県横浜市旭区若葉台2-1-1","35.503293","139.502261"
"横浜市立若葉台小学校　校舎９－１","神奈川県横浜市旭区若葉台2-14-1","35.508689","139.500865"
"横浜市立若葉台小学校　校舎１","神奈川県横浜市旭区若葉台2-14-1","35.508659","139.500575"
"横浜市立若葉台小学校　校舎１１","神奈川県横浜市旭区若葉台2-14-1","35.508292","139.500575"
"横浜市立若葉台小学校　体育館","神奈川県横浜市旭区若葉台2-14-1","35.508327","139.501289"
"横浜市立若葉台小学校　校舎１０－１","神奈川県横浜市旭区若葉台2-14-1","35.508471","139.500436"
"旧横浜市立若葉台西中学校　体育館","神奈川県横浜市旭区若葉台4-34-1","35.50558","139.49078"
"旧横浜市立若葉台西中学校　校舎２","神奈川県横浜市旭区若葉台4-34-1","35.505742","139.491638"
"旧横浜市立若葉台西中学校　校舎１","神奈川県横浜市旭区若葉台4-34-1","35.50534","139.491552"
"旧横浜市立左近山小高小学校　体育館","神奈川県横浜市旭区小高町55-2","35.462141","139.553819"
"旧横浜市立左近山小高小学校　校舎１","神奈川県横浜市旭区小高町55-2","35.461821","139.553689"
"横浜市立上川井小学校　体育館","神奈川県横浜市旭区上川井町2913","35.498279","139.503105"
"横浜市立上川井小学校　校舎６","神奈川県横浜市旭区上川井町2913","35.498603","139.502939"
"横浜市立上白根小学校　校舎１","神奈川県横浜市旭区上白根2-45-1","35.495538","139.539472"
"横浜市立上白根小学校　体育館","神奈川県横浜市旭区上白根2-45-1","35.495739","139.539525"
"横浜市立上白根小学校　校舎６","神奈川県横浜市旭区上白根2-45-1","35.495319","139.539783"
"横浜市立上白根小学校　校舎１－４","神奈川県横浜市旭区上白根2-45-1","35.495713","139.539826"
"横浜市立上白根北中学校　校舎３－１","神奈川県横浜市旭区上白根2-47-1","35.49546","139.537038"
"横浜市立上白根北中学校　体育館","神奈川県横浜市旭区上白根2-47-1","35.495722","139.537075"
"横浜市立上白根北中学校　校舎２","神奈川県横浜市旭区上白根2-47-1","35.495857","139.537515"
"横浜市立上白根北中学校　校舎１","神奈川県横浜市旭区上白根2-47-1","35.495355","139.537423"
"旧横浜市立上白根中学校　校舎７","神奈川県横浜市旭区上白根町868","35.498568","139.532871"
"旧横浜市立上白根中学校　校舎１","神奈川県横浜市旭区上白根町868","35.498188","139.532361"
"旧横浜市立上白根中学校　体育館","神奈川県横浜市旭区上白根町868","35.497695","139.532313"
"横浜市立四季の森小学校　体育館","神奈川県横浜市旭区上白根町901","35.496694","139.532257"
"横浜市立四季の森小学校　校舎１－１","神奈川県横浜市旭区上白根町901","35.496545","139.531752"
"横浜市立四季の森小学校　校舎３","神奈川県横浜市旭区上白根町901","35.496851","139.531683"
"横浜市立四季の森小学校　校舎１０","神奈川県横浜市旭区上白根町901","35.49686","139.532192"
"横浜市立川井小学校　体育館","神奈川県横浜市旭区川井宿町32-2","35.493616","139.520223"
"横浜市立川井小学校　校舎１","神奈川県横浜市旭区川井宿町32-2","35.493944","139.520657"
"横浜市立本宿中学校　体育館","神奈川県横浜市旭区川島町1979","35.464832","139.547568"
"横浜市立本宿中学校　校舎１","神奈川県横浜市旭区川島町1979","35.46437","139.547611"
"横浜市立本宿中学校　校舎６","神奈川県横浜市旭区川島町1979","35.464099","139.547616"
"横浜市立善部小学校　体育館","神奈川県横浜市旭区善部町4-1","35.45142","139.516388"
"横浜市立善部小学校　校舎１","神奈川県横浜市旭区善部町4-1","35.451242","139.516432"
"横浜市立万騎が原小学校　校舎１","神奈川県横浜市旭区大池町66","35.452748","139.533885"
"横浜市立万騎が原小学校　体育館","神奈川県横浜市旭区大池町66","35.452543","139.533397"
"横浜市立万騎が原小学校　校舎５","神奈川県横浜市旭区大池町66","35.452534","139.534127"
"横浜市立希望ケ丘小学校　校舎１２","神奈川県横浜市旭区中希望が丘124","35.458558","139.512009"
"横浜市立希望ケ丘小学校　校舎１","神奈川県横浜市旭区中希望が丘124","35.458877","139.512046"
"横浜市立希望ケ丘小学校　体育館","神奈川県横浜市旭区中希望が丘124","35.458523","139.512851"
"横浜市立希望ケ丘小学校　校舎９","神奈川県横浜市旭区中希望が丘124","35.459078","139.512604"
"横浜市立中沢小学校　校舎１－３","神奈川県横浜市旭区中沢3-25-1","35.47493","139.522137"
"横浜市立中沢小学校　体育館","神奈川県横浜市旭区中沢3-25-1","35.474821","139.522153"
"横浜市立中沢小学校　校舎１２","神奈川県横浜市旭区中沢3-25-1","35.474393","139.521858"
"横浜市立中沢小学校　校舎１","神奈川県横浜市旭区中沢3-25-1","35.474664","139.522319"
"横浜市立白根小学校　体育館","神奈川県横浜市旭区中白根1-9-1","35.487192","139.544004"
"横浜市立白根小学校　校舎１７","神奈川県横浜市旭区中白根1-9-1","35.487475","139.544793"
"横浜市立白根小学校　校舎８","神奈川県横浜市旭区中白根1-9-1","35.487842","139.544417"
"横浜市立白根小学校　校舎１","神奈川県横浜市旭区中白根1-9-1","35.487623","139.543881"
"横浜市立白根小学校　校舎７","神奈川県横浜市旭区中白根1-9-1","35.487772","139.544868"
"横浜市立中尾小学校　校舎１","神奈川県横浜市旭区中尾1-8-1","35.465582","139.522491"
"横浜市立中尾小学校　体育館","神奈川県横浜市旭区中尾1-8-1","35.465892","139.522363"
"横浜市立鶴ケ峯小学校　体育館","神奈川県横浜市旭区鶴ケ峰1-42","35.471778","139.551389"
"横浜市立鶴ケ峯小学校　校舎３","神奈川県横浜市旭区鶴ケ峰1-42","35.472053","139.551523"
"横浜市立鶴ケ峯小学校　校舎５","神奈川県横浜市旭区鶴ケ峰1-42","35.471944","139.552043"
"横浜市立鶴ケ峯中学校　校舎１８","神奈川県横浜市旭区鶴ケ峰本町3-28-1","35.481851","139.54269"
"横浜市立鶴ケ峯中学校　校舎２９－１","神奈川県横浜市旭区鶴ケ峰本町3-28-1","35.481908","139.542074"
"横浜市立鶴ケ峯中学校　体育館","神奈川県横浜市旭区鶴ケ峰本町3-28-1","35.482126","139.541612"
"横浜市立鶴ケ峯中学校　校舎１０","神奈川県横浜市旭区鶴ケ峰本町3-28-1","35.481567","139.542573"
"横浜市立都岡小学校　体育館","神奈川県横浜市旭区都岡町4-8","35.484837","139.521627"
"横浜市立都岡小学校　校舎７","神奈川県横浜市旭区都岡町4-8","35.485619","139.5213"
"横浜市立都岡小学校　校舎６","神奈川県横浜市旭区都岡町4-8","35.485265","139.521155"
"横浜市立東希望が丘小学校　体育館","神奈川県横浜市旭区東希望が丘155","35.464203","139.511124"
"横浜市立東希望が丘小学校　校舎１","神奈川県横浜市旭区東希望が丘155","35.464482","139.511563"
"横浜市立南希望が丘中学校　体育館","神奈川県横浜市旭区南希望が丘108-8","35.457257","139.508798"
"横浜市立南希望が丘中学校　校舎１６","神奈川県横浜市旭区南希望が丘108-8","35.456829","139.509705"
"横浜市立南希望が丘中学校　校舎１５－１","神奈川県横浜市旭区南希望が丘108-8","35.456859","139.509394"
"横浜市立南希望が丘中学校　校舎１－１","神奈川県横浜市旭区南希望が丘108-8","35.457122","139.509512"
"横浜市立南本宿小学校　体育館","神奈川県横浜市旭区南本宿町79","35.458109","139.538998"
"横浜市立南本宿小学校　校舎１","神奈川県横浜市旭区南本宿町79","35.458432","139.538456"
"横浜市立二俣川小学校　体育館","神奈川県横浜市旭区二俣川1-33","35.46411","139.529496"
"横浜市立二俣川小学校　校舎１２","神奈川県横浜市旭区二俣川1-33","35.464302","139.528965"
"横浜市立二俣川小学校　校舎３","神奈川県横浜市旭区二俣川1-33","35.463913","139.529475"
"横浜市立二俣川小学校　校舎１","神奈川県横浜市旭区二俣川1-33","35.463913","139.529126"
"横浜市立不動丸小学校　校舎１","神奈川県横浜市旭区白根3-33-1","35.483486","139.550405"
"横浜市立不動丸小学校　校舎９","神奈川県横浜市旭区白根3-33-1","35.4837","139.549912"
"横浜市立不動丸小学校　体育館","神奈川県横浜市旭区白根3-33-1","35.483673","139.550143"
"横浜市立本宿小学校　校舎１","神奈川県横浜市旭区本宿町16","35.469183","139.544326"
"横浜市立本宿小学校　体育館","神奈川県横浜市旭区本宿町16","35.4689","139.544068"
"横浜市立本宿小学校　校舎３０","神奈川県横浜市旭区本宿町16","35.468952","139.544256"
"横浜市立本宿小学校　校舎５","神奈川県横浜市旭区本宿町16","35.469009","139.544852"
"横浜市立万騎が原中学校　校舎２３－１","神奈川県横浜市旭区万騎が原31","35.457231","139.536056"
"横浜市立万騎が原中学校　校舎７－１","神奈川県横浜市旭区万騎が原31","35.457747","139.535761"
"横浜市立万騎が原中学校　校舎６","神奈川県横浜市旭区万騎が原31","35.458048","139.536506"
"横浜市立万騎が原中学校　校舎５－１","神奈川県横浜市旭区万騎が原31","35.458131","139.536007"
"横浜市立万騎が原中学校　体育館","神奈川県横浜市旭区万騎が原31","35.457319","139.535879"
"横浜市立山王台小学校　校舎１","神奈川県横浜市磯子区磯子5-2-1","35.407862","139.614513"
"横浜市立山王台小学校　校舎１２","神奈川県横浜市磯子区磯子5-2-1","35.407691","139.614277"
"横浜市立山王台小学校　体育館","神奈川県横浜市磯子区磯子5-2-1","35.408072","139.614197"
"横浜市立浜小学校　校舎１","神奈川県横浜市磯子区磯子台23-1","35.405442","139.613029"
"横浜市立浜小学校　体育館１９","神奈川県横浜市磯子区磯子台23-1","35.406015","139.613694"
"横浜市立浜小学校　校舎１４－３","神奈川県横浜市磯子区磯子台23-1","35.405783","139.613329"
"横浜市立浜小学校　校舎１４","神奈川県横浜市磯子区磯子台23-1","35.405884","139.613045"
"岡村中学校校舎５－３","神奈川県横浜市磯子区岡村1-14-1","35.416534","139.617076"
"横浜市立岡村中学校　体育館","神奈川県横浜市磯子区岡村1-14-1","35.41614","139.617219"
"横浜市立岡村中学校　校舎３８－１","神奈川県横浜市磯子区岡村1-14-1","35.416435","139.618292"
"横浜市立岡村中学校　校舎３７","神奈川県横浜市磯子区岡村1-14-1","35.416785","139.617986"
"横浜市立岡村中学校　校舎５－１","神奈川県横浜市磯子区岡村1-14-1","35.416955","139.617391"
"横浜市立岡村小学校　体育館","神奈川県横浜市磯子区岡村4-7-1","35.421109","139.612089"
"横浜市立岡村小学校　校舎４","神奈川県横浜市磯子区岡村4-7-1","35.420886","139.611301"
"横浜市立岡村小学校　校舎３","神奈川県横浜市磯子区岡村4-7-1","35.42138","139.611301"
"横浜市立滝頭小学校　校舎１１－１","神奈川県横浜市磯子区丸山2-25-1","35.422011","139.621131"
"横浜市立滝頭小学校　体育館","神奈川県横浜市磯子区丸山2-25-1","35.42188","139.620654"
"横浜市立磯子小学校　校舎６","神奈川県横浜市磯子区久木町11-1","35.414244","139.622108"
"横浜市立磯子小学校　体育館","神奈川県横浜市磯子区久木町11-1","35.4143","139.622559"
"横浜市立磯子小学校　校舎３－１","神奈川県横浜市磯子区久木町11-1","35.414191","139.622564"
"横浜市立汐見台中学校　校舎３","神奈川県横浜市磯子区汐見台1-2-1","35.407146","139.611093"
"横浜市立汐見台中学校　体育館","神奈川県横浜市磯子区汐見台1-2-1","35.406529","139.61126"
"横浜市立汐見台中学校　校舎５","神奈川県横浜市磯子区汐見台1-2-1","35.407198","139.611641"
"横浜市立汐見台中学校　校舎４","神奈川県横浜市磯子区汐見台1-2-1","35.407076","139.611346"
"横浜市立汐見台中学校　校舎１","神奈川県横浜市磯子区汐見台1-2-1","35.407373","139.61126"
"横浜市立汐見台小学校　校舎１４","神奈川県横浜市磯子区汐見台3-6","35.400455","139.606127"
"横浜市立汐見台小学校　校舎１","神奈川県横浜市磯子区汐見台3-6","35.401181","139.606787"
"横浜市立汐見台小学校　校舎２","神奈川県横浜市磯子区汐見台3-6","35.400871","139.606535"
"横浜市立汐見台小学校　校舎３","神奈川県横浜市磯子区汐見台3-6","35.4006","139.606305"
"横浜市立汐見台小学校　校舎４","神奈川県横浜市磯子区汐見台3-6","35.400997","139.607034"
"横浜市立汐見台小学校　校舎６","神奈川県横浜市磯子区汐見台3-6","35.40038","139.606418"
"横浜市立汐見台小学校　校舎１５","神奈川県横浜市磯子区汐見台3-6","35.40004","139.606202"
"横浜市立汐見台小学校　体育館","神奈川県横浜市磯子区汐見台3-6","35.400541","139.60609"
"横浜市立さわの里小学校　体育館","神奈川県横浜市磯子区上中里町548","35.36946","139.609512"
"横浜市立さわの里小学校　校舎３","神奈川県横浜市磯子区上中里町548","35.369561","139.609061"
"横浜市立さわの里小学校　校舎２","神奈川県横浜市磯子区上中里町548","35.369351","139.609259"
"横浜市立さわの里小学校　校舎１","神奈川県横浜市磯子区上中里町548","35.36918","139.609297"
"横浜市立森東小学校　校舎１","神奈川県横浜市磯子区森1-4","35.397451","139.616047"
"横浜市立森東小学校　体育館","神奈川県横浜市磯子区森1-4","35.397508","139.61587"
"横浜市立屏風浦小学校　校舎２","神奈川県横浜市磯子区森3-11-1","35.391477","139.613924"
"横浜市立屏風浦小学校　体育館","神奈川県横浜市磯子区森3-11-1","35.390694","139.614112"
"横浜市立屏風浦小学校　校舎７","神奈川県横浜市磯子区森3-11-1","35.391311","139.613774"
"横浜市立屏風浦小学校　校舎５","神奈川県横浜市磯子区森3-11-1","35.391118","139.614069"
"横浜市立屏風浦小学校　校舎１","神奈川県横浜市磯子区森3-11-1","35.390825","139.613704"
"横浜市立森中学校　体育館","神奈川県横浜市磯子区森5-22-1","35.392742","139.605471"
"横浜市立森中学校　校舎１－２","神奈川県横浜市磯子区森5-22-1","35.392458","139.605053"
"横浜市立杉田小学校　校舎６","神奈川県横浜市磯子区杉田1-8-1","35.38534","139.616547"
"横浜市立杉田小学校　体育館","神奈川県横浜市磯子区杉田1-8-1","35.384916","139.616622"
"横浜市立杉田小学校　校舎１４","神奈川県横浜市磯子区杉田1-8-1","35.38489","139.616938"
"横浜市立杉田小学校　校舎５","神奈川県横浜市磯子区杉田1-8-1","35.385629","139.616922"
"横浜市立浜中学校　校舎２","神奈川県横浜市磯子区杉田3-30-11","35.378998","139.610961"
"横浜市立浜中学校　体育館","神奈川県横浜市磯子区杉田3-30-11","35.378779","139.610483"
"横浜市立浜中学校　校舎１９","神奈川県横浜市磯子区杉田3-30-11","35.378407","139.611202"
"横浜市立浜中学校　校舎５","神奈川県横浜市磯子区杉田3-30-11","35.379151","139.611111"
"横浜市立浜中学校　校舎１－１","神奈川県横浜市磯子区杉田3-30-11","35.37877","139.611229"
"横浜市立梅林小学校　校舎９","神奈川県横浜市磯子区杉田5-13-1","35.377805","139.619994"
"横浜市立梅林小学校　体育館","神奈川県横浜市磯子区杉田5-13-1","35.377748","139.619693"
"横浜市立梅林小学校　校舎２１－１","神奈川県横浜市磯子区杉田5-13-1","35.377547","139.619699"
"横浜市立梅林小学校　校舎１３","神奈川県横浜市磯子区杉田5-13-1","35.37805","139.619924"
"横浜市立梅林小学校　校舎１１","神奈川県横浜市磯子区杉田5-13-1","35.377809","139.620187"
"横浜市立梅林小学校　校舎８－１","神奈川県横浜市磯子区杉田5-13-1","35.37753","139.619967"
"横浜市立根岸中学校　校舎２２－１","神奈川県横浜市磯子区西町17-13","35.415086","139.631606"
"横浜市立根岸中学校　校舎２２－２","神奈川県横浜市磯子区西町17-13","35.415375","139.631654"
"横浜市立根岸中学校　体育館","神奈川県横浜市磯子区西町17-13","35.414968","139.631075"
"横浜市立根岸小学校　校舎１－１","神奈川県横浜市磯子区西町2-46","35.417984","139.632561"
"横浜市立根岸小学校　校舎３","神奈川県横浜市磯子区西町2-46","35.417411","139.632931"
"横浜市立根岸小学校　校舎４－１","神奈川県横浜市磯子区西町2-46","35.41811","139.633097"
"横浜市立根岸小学校　校舎５－１","神奈川県横浜市磯子区西町2-46","35.417734","139.632947"
"横浜市立根岸小学校　体育館","神奈川県横浜市磯子区西町2-46","35.418124","139.632942"
"横浜市立洋光台第一小学校　体育館","神奈川県横浜市磯子区洋光台1-4-1","35.384709","139.595704"
"横浜市立洋光台第一小学校　校舎１６","神奈川県横浜市磯子区洋光台1-4-1","35.383996","139.595393"
"横浜市立洋光台第一小学校　校舎１－１","神奈川県横浜市磯子区洋光台1-4-1","35.384521","139.595698"
"横浜市立洋光台第一小学校　校舎１５","神奈川県横浜市磯子区洋光台1-4-1","35.384337","139.595763"
"横浜市立洋光台第一小学校　校舎１４－１","神奈川県横浜市磯子区洋光台1-4-1","35.384232","139.595591"
"横浜市立洋光台第三小学校　校舎１－１","神奈川県横浜市磯子区洋光台2-4","35.382603","139.589819"
"横浜市立洋光台第三小学校　体育館","神奈川県横浜市磯子区洋光台2-4","35.38222","139.589573"
"横浜市立洋光台第三小学校　校舎５－１","神奈川県横浜市磯子区洋光台2-4","35.382111","139.589621"
"横浜市立洋光台第三小学校　校舎１－１","神奈川県横浜市磯子区洋光台2-4","35.38236","139.590066"
"横浜市立洋光台第二小学校　校舎３－１","神奈川県横浜市磯子区洋光台4-15-1","35.376442","139.600026"
"横浜市立洋光台第二小学校　校舎１","神奈川県横浜市磯子区洋光台4-15-1","35.376113","139.599989"
"横浜市立洋光台第二小学校　体育館","神奈川県横浜市磯子区洋光台4-15-1","35.37677","139.599903"
"横浜市立洋光台第二小学校　校舎２２－２","神奈川県横浜市磯子区洋光台4-15-1","35.376166","139.599935"
"横浜市立洋光台第二小学校　校舎４","神奈川県横浜市磯子区洋光台4-15-1","35.376547","139.599989"
"横浜市立洋光台第二小学校　校舎２","神奈川県横浜市磯子区洋光台4-15-1","35.376262","139.599833"
"横浜市立洋光台第四小学校　校舎１－１","神奈川県横浜市磯子区洋光台6-6-1","35.373113","139.597333"
"横浜市立洋光台第四小学校　校舎６－１","神奈川県横浜市磯子区洋光台6-6-1","35.373353","139.597086"
"横浜市立洋光台第四小学校　校舎４－１","神奈川県横浜市磯子区洋光台6-6-1","35.373279","139.597403"
"横浜市立洋光台第四小学校　体育館","神奈川県横浜市磯子区洋光台6-6-1","35.372925","139.596797"
"横浜市立笠間小学校　校舎１","神奈川県横浜市栄区笠間3-28-1","35.36186","139.532068"
"横浜市立笠間小学校　体育館","神奈川県横浜市栄区笠間3-28-1","35.36221","139.531483"
"横浜市立桂台中学校　体育館","神奈川県横浜市栄区桂台中5-1","35.354385","139.564436"
"横浜市立桂台中学校　校舎１","神奈川県横浜市栄区桂台中5-1","35.353908","139.564517"
"横浜市立桂台中学校　校舎７","神奈川県横浜市栄区桂台中5-1","35.353571","139.564586"
"横浜市立桂台小学校　校舎６－１","神奈川県横浜市栄区桂台南1-1-1","35.352089","139.5637"
"横浜市立桂台小学校　校舎１","神奈川県横浜市栄区桂台南1-1-1","35.352689","139.563909"
"横浜市立桂台小学校　体育館","神奈川県横浜市栄区桂台南1-1-1","35.352089","139.563571"
"横浜市立桂台小学校　校舎３","神奈川県横浜市栄区桂台南1-1-1","35.3524","139.563501"
"横浜市立本郷中学校　校舎１０","神奈川県横浜市栄区桂町84-14","35.364785","139.549988"
"横浜市立本郷中学校　校舎７","神奈川県横浜市栄区桂町84-14","35.364872","139.550519"
"横浜市立本郷中学校　体育館","神奈川県横浜市栄区桂町84-14","35.364421","139.549752"
"横浜市立本郷中学校　校舎２０","神奈川県横浜市栄区桂町84-14","35.364128","139.549849"
"横浜市立本郷中学校　校舎８","神奈川県横浜市栄区桂町84-14","35.364964","139.551115"
"横浜市立上郷小学校　校舎７－１","神奈川県横浜市栄区犬山町6-1","35.357685","139.571716"
"横浜市立上郷小学校　体育館","神奈川県横浜市栄区犬山町6-1","35.358149","139.571619"
"横浜市立上郷小学校　校舎１３－１","神奈川県横浜市栄区犬山町6-1","35.357471","139.571689"
"横浜市立上郷小学校　校舎６","神奈川県横浜市栄区犬山町6-1","35.357419","139.571689"
"横浜市立上郷小学校　校舎２－１","神奈川県横浜市栄区犬山町6-1","35.357983","139.57163"
"横浜市立上郷小学校　校舎１","神奈川県横浜市栄区犬山町6-1","35.357436","139.572107"
"横浜市立公田小学校　体育館","神奈川県横浜市栄区公田町354-3","35.35416","139.554153"
"横浜市立公田小学校　校舎１","神奈川県横浜市栄区公田町354-3","35.354366","139.55382"
"横浜市立小山台小学校　体育館","神奈川県横浜市栄区小山台1-15-1","35.380383","139.558135"
"横浜市立小山台小学校　校舎１","神奈川県横浜市栄区小山台1-15-1","35.380186","139.557727"
"横浜市立西本郷中学校　校舎８","神奈川県横浜市栄区小菅ケ谷1-29-1","35.363557","139.542557"
"横浜市立西本郷中学校　体育館","神奈川県横浜市栄区小菅ケ谷1-29-1","35.363964","139.543287"
"横浜市立西本郷中学校　校舎１－１","神奈川県横浜市栄区小菅ケ谷1-29-1","35.363859","139.542858"
"横浜市立西本郷小学校　校舎５","神奈川県横浜市栄区小菅ケ谷2-22-1","35.365441","139.54137"
"横浜市立西本郷小学校　校舎１","神奈川県横浜市栄区小菅ケ谷2-22-1","35.365152","139.541236"
"横浜市立西本郷小学校　体育館","神奈川県横浜市栄区小菅ケ谷2-22-1","35.365602","139.542421"
"横浜市立西本郷小学校　校舎１５","神奈川県横浜市栄区小菅ケ谷2-22-1","35.365804","139.541912"
"横浜市立庄戸小学校　体育館","神奈川県横浜市栄区庄戸1-15-1","35.353047","139.584853"
"横浜市立庄戸小学校　校舎１","神奈川県横浜市栄区庄戸1-15-1","35.353205","139.584397"
"横浜きりん学園　校舎１－１","神奈川県横浜市栄区庄戸3-1-1","35.351924","139.585351"
"横浜きりん学園　体育館","神奈川県横浜市栄区庄戸3-1-1","35.352462","139.585539"
"横浜市立桜井小学校　校舎９","神奈川県横浜市栄区上郷町242-2","35.365908","139.572741"
"横浜市立桜井小学校　体育館","神奈川県横浜市栄区上郷町242-2","35.36614","139.572956"
"横浜市立桜井小学校　校舎１","神奈川県横浜市栄区上郷町242-2","35.366118","139.572382"
"横浜市立本郷小学校　体育館","神奈川県横浜市栄区中野町16-1","35.362923","139.561883"
"横浜市立本郷小学校　校舎１１","神奈川県横浜市栄区中野町16-1","35.363203","139.561068"
"横浜市立本郷小学校　校舎９","神奈川県横浜市栄区中野町16-1","35.363146","139.561872"
"横浜市立豊田小学校　体育館","神奈川県横浜市栄区長沼町125-4","35.381885","139.535634"
"横浜市立豊田小学校　校舎９","神奈川県横浜市栄区長沼町125-4","35.382554","139.535581"
"横浜市立豊田小学校　校舎６","神奈川県横浜市栄区長沼町125-4","35.382602","139.535999"
"横浜市立豊田小学校　校舎４","神奈川県横浜市栄区長沼町125-4","35.382182","139.536031"
"横浜市立千秀小学校　体育館","神奈川県横浜市栄区田谷町1832","35.371375","139.520399"
"横浜市立千秀小学校　校舎５－１","神奈川県横浜市栄区田谷町1832","35.371594","139.520308"
"横浜市立千秀小学校　校舎１","神奈川県横浜市栄区田谷町1832","35.371607","139.519793"
"横浜市立飯島中学校　体育館","神奈川県横浜市栄区飯島町746-1","35.373041","139.532329"
"横浜市立飯島中学校　校舎１４－１","神奈川県横浜市栄区飯島町746-1","35.372394","139.53175"
"横浜市立飯島中学校　校舎１３－１","神奈川県横浜市栄区飯島町746-1","35.372604","139.531921"
"横浜市立飯島中学校　校舎１","神奈川県横浜市栄区飯島町746-1","35.372761","139.532147"
"横浜市立飯島小学校　校舎１－３","神奈川県横浜市栄区飯島町771-2","35.373244","139.535302"
"横浜市立飯島小学校　体育館","神奈川県横浜市栄区飯島町771-2","35.372689","139.534535"
"横浜市立飯島小学校　校舎１－１","神奈川県横浜市栄区飯島町771-2","35.373104","139.534706"
"横浜市立飯島小学校　校舎１５","神奈川県横浜市栄区飯島町771-2","35.372995","139.535495"
"横浜市立本郷台小学校　体育館","神奈川県横浜市栄区本郷台1-6-1","35.371207","139.548711"
"横浜市立本郷台小学校　校舎９","神奈川県横浜市栄区本郷台1-6-1","35.371452","139.549366"
"横浜市立小菅ケ谷小学校　校舎２","神奈川県横浜市栄区本郷台4-31-1","35.377189","139.548386"
"横浜市立小菅ケ谷小学校　体育館","神奈川県横浜市栄区本郷台4-31-1","35.377333","139.548027"
"横浜市立小菅ケ谷小学校　校舎１","神奈川県横浜市栄区本郷台4-31-1","35.377036","139.54822"
"横浜市立小菅ケ谷小学校　校舎１０","神奈川県横浜市栄区本郷台4-31-1","35.376795","139.547887"
"横浜市立小菅ケ谷小学校　校舎３","神奈川県横浜市栄区本郷台4-31-1","35.37732","139.548612"
"旧横浜市立野七里小学校　体育館","神奈川県横浜市栄区野七里2-3-1","35.346424","139.579547"
"旧横浜市立野七里小学校　校舎１","神奈川県横浜市栄区野七里2-3-1","35.34638","139.578925"
"旧横浜市立野七里小学校　校舎２","神奈川県横浜市栄区野七里2-3-1","35.346061","139.578893"
"旧横浜市立野七里小学校　校舎８","神奈川県横浜市栄区野七里2-3-1","35.345794","139.578683"
"横浜市立小中一貫校　西金沢小中学校　校舎８","神奈川県横浜市金沢区釜利谷西4-19-1","35.344075","139.593868"
"横浜市立小中一貫校　西金沢小中学校　体育館","神奈川県横浜市金沢区釜利谷西4-19-1","35.343428","139.593092"
"横浜市立小中一貫校　西金沢小中学校　校舎１","神奈川県横浜市金沢区釜利谷西4-19-1","35.34384","139.593412"
"横浜市立小中一貫校　西金沢小中学校　校舎２－１","神奈川県横浜市金沢区釜利谷西4-19-1","35.343559","139.593146"
"横浜市立釜利谷東小学校　体育館","神奈川県横浜市金沢区釜利谷東2-12-1","35.344437","139.616643"
"横浜市立釜利谷東小学校　校舎１","神奈川県横浜市金沢区釜利谷東2-12-1","35.344586","139.617104"
"横浜市立釜利谷東小学校　校舎１（２階以上）","神奈川県横浜市金沢区釜利谷東2-12-1","35.344599","139.617399"
"横浜市立釜利谷小学校　校舎１","神奈川県横浜市金沢区釜利谷東6-37-1","35.343833","139.608159"
"横浜市立釜利谷小学校　校舎３－１","神奈川県横浜市金沢区釜利谷東6-37-1","35.343627","139.607558"
"横浜市立釜利谷小学校　校舎９","神奈川県横浜市金沢区釜利谷東6-37-1","35.343342","139.60773"
"横浜市立釜利谷小学校　体育館","神奈川県横浜市金沢区釜利谷東6-37-1","35.343168","139.608148"
"横浜市立釜利谷南小学校　校舎１","神奈川県横浜市金沢区釜利谷南4-12-1","35.338681","139.606023"
"横浜市立釜利谷南小学校　体育館","神奈川県横浜市金沢区釜利谷南4-12-1","35.339066","139.605561"
"横浜市立高舟台小学校　校舎１２","神奈川県横浜市金沢区高舟台1-35-1","35.333481","139.607847"
"横浜市立高舟台小学校　校舎１－１","神奈川県横浜市金沢区高舟台1-35-1","35.333739","139.607841"
"横浜市立高舟台小学校　体育館","神奈川県横浜市金沢区高舟台1-35-1","35.333958","139.607787"
"横浜市立文庫小学校　校舎１３","神奈川県横浜市金沢区寺前2-21-7","35.340444","139.630932"
"横浜市立文庫小学校　校舎１２","神奈川県横浜市金沢区寺前2-21-7","35.340326","139.631276"
"横浜市立文庫小学校　校舎１５－１","神奈川県横浜市金沢区寺前2-21-7","35.340085","139.631136"
"横浜市立文庫小学校　校舎１６－１","神奈川県横浜市金沢区寺前2-21-7","35.340089","139.630814"
"横浜市立文庫小学校　校舎３０","神奈川県横浜市金沢区寺前2-21-7","35.340531","139.630911"
"横浜市立文庫小学校　体育館","神奈川県横浜市金沢区寺前2-21-7","35.339735","139.630627"
"横浜市立西柴中学校　校舎８","神奈川県横浜市金沢区西柴1-23-1","35.352347","139.629271"
"横浜市立西柴中学校　体育館","神奈川県横浜市金沢区西柴1-23-1","35.353165","139.628702"
"横浜市立西柴中学校　校舎２","神奈川県横浜市金沢区西柴1-23-1","35.352793","139.629346"
"横浜市立西柴小学校　校舎５－１","神奈川県横浜市金沢区西柴4-23-1","35.347665","139.633069"
"横浜市立西柴小学校　校舎１","神奈川県横浜市金沢区西柴4-23-1","35.347893","139.633155"
"横浜市立西柴小学校　体育館","神奈川県横浜市金沢区西柴4-23-1","35.34746","139.633445"
"横浜市立西柴小学校　校舎７－１","神奈川県横浜市金沢区西柴4-23-1","35.347591","139.633466"
"横浜市立大道中学校　校舎８","神奈川県横浜市金沢区大道1-85-1","35.330877","139.60141"
"横浜市立大道中学校　校舎１２","神奈川県横浜市金沢区大道1-85-1","35.33061","139.601824"
"横浜市立大道中学校　校舎１３","神奈川県横浜市金沢区大道1-85-1","35.330475","139.60155"
"横浜市立大道中学校　体育館","神奈川県横浜市金沢区大道1-85-1","35.33079","139.601035"
"横浜市立大道小学校　体育館","神奈川県横浜市金沢区大道2-3-1","35.326515","139.611499"
"横浜市立大道小学校　校舎４－１","神奈川県横浜市金沢区大道2-3-1","35.326712","139.610384"
"横浜市立大道小学校　校舎２－１","神奈川県横浜市金沢区大道2-3-1","35.326681","139.611"
"横浜市立大道小学校　校舎１","神奈川県横浜市金沢区大道2-3-1","35.32645","139.610995"
"横浜市立金沢小学校　体育館","神奈川県横浜市金沢区町屋町26-26","35.335307","139.629984"
"横浜市立金沢小学校　校舎１２（３階以上）","神奈川県横浜市金沢区町屋町26-26","35.335798","139.629271"
"横浜市立金沢小学校　校舎１２","神奈川県横浜市金沢区町屋町26-26","35.335828","139.629126"
"横浜市立金沢小学校　校舎３（３階以上）","神奈川県横浜市金沢区町屋町26-26","35.335916","139.629995"
"横浜市立金沢小学校　校舎３","神奈川県横浜市金沢区町屋町26-26","35.335946","139.629872"
"横浜市立金沢小学校　校舎２（３階以上）","神奈川県横浜市金沢区町屋町26-26","35.335684","139.62985"
"横浜市立金沢小学校　校舎２","神奈川県横浜市金沢区町屋町26-26","35.335715","139.629689"
"横浜市立八景小学校　校舎２２（２階以上）","神奈川県横浜市金沢区泥亀1-21-2","35.338919","139.622295"
"横浜市立八景小学校　体育館","神奈川県横浜市金沢区泥亀1-21-2","35.338832","139.622633"
"横浜市立八景小学校　校舎２２","神奈川県横浜市金沢区泥亀1-21-2","35.339103","139.622332"
"横浜市立八景小学校　校舎１９（２階以上）","神奈川県横浜市金沢区泥亀1-21-2","35.338705","139.621324"
"横浜市立八景小学校　校舎１９","神奈川県横浜市金沢区泥亀1-21-2","35.338884","139.621227"
"横浜市立八景小学校　校舎１３（２階以上）","神奈川県横浜市金沢区泥亀1-21-2","35.338749","139.621968"
"横浜市立八景小学校　校舎１３","神奈川県横浜市金沢区泥亀1-21-2","35.338762","139.621694"
"横浜市立八景小学校　校舎１２－１（２階以上）","神奈川県横浜市金沢区泥亀1-21-2","35.338718","139.622397"
"横浜市立八景小学校　校舎１２－１","神奈川県横浜市金沢区泥亀1-21-2","35.338731","139.622161"
"横浜市立朝比奈小学校　体育館","神奈川県横浜市金沢区東朝比奈2-53-1","35.323281","139.594661"
"横浜市立朝比奈小学校　校舎８","神奈川県横浜市金沢区東朝比奈2-53-1","35.322874","139.59473"
"横浜市立朝比奈小学校　校舎３－１","神奈川県横浜市金沢区東朝比奈2-53-1","35.323386","139.594661"
"横浜市立朝比奈小学校　校舎２","神奈川県横浜市金沢区東朝比奈2-53-1","35.323123","139.594843"
"横浜市立朝比奈小学校　校舎１","神奈川県横浜市金沢区東朝比奈2-53-1","35.323342","139.595042"
"横浜市立能見台小学校　体育館","神奈川県横浜市金沢区能見台3-32-1","35.358174","139.622488"
"横浜市立能見台小学校　校舎１－５","神奈川県横浜市金沢区能見台3-32-1","35.357964","139.622091"
"横浜市立能見台小学校　校舎１－１","神奈川県横浜市金沢区能見台3-32-1","35.357772","139.622338"
"横浜市立能見台南小学校　体育館","神奈川県横浜市金沢区能見台6-3-1","35.353214","139.615818"
"横浜市立能見台南小学校　校舎５－１","神奈川県横浜市金沢区能見台6-3-1","35.352965","139.615673"
"横浜市立能見台南小学校　校舎３","神奈川県横浜市金沢区能見台6-3-1","35.353291","139.61505"
"横浜市立小田小学校　体育館","神奈川県横浜市金沢区富岡西1-69-1","35.37228","139.62015"
"横浜市立小田小学校　校舎８","神奈川県横浜市金沢区富岡西1-69-1","35.371891","139.620439"
"横浜市立小田小学校　校舎７","神奈川県横浜市金沢区富岡西1-69-1","35.371755","139.620198"
"横浜市立小田小学校　校舎４－１","神奈川県横浜市金沢区富岡西1-69-1","35.371939","139.619881"
"横浜市立西富岡小学校　体育館","神奈川県横浜市金沢区富岡西5-49-1","35.36172","139.613514"
"横浜市立西富岡小学校　校舎２","神奈川県横浜市金沢区富岡西5-49-1","35.362109","139.614357"
"横浜市立西富岡小学校　校舎１－１","神奈川県横浜市金沢区富岡西5-49-1","35.362088","139.613724"
"横浜市立富岡小学校　体育館","神奈川県横浜市金沢区富岡西7-13-1","35.366278","139.624394"
"横浜市立富岡小学校　校舎２７－１","神奈川県横浜市金沢区富岡西7-13-1","35.366427","139.625633"
"横浜市立富岡小学校　校舎１４","神奈川県横浜市金沢区富岡西7-13-1","35.36679","139.625601"
"横浜市立富岡小学校　校舎８","神奈川県横浜市金沢区富岡西7-13-1","35.366711","139.624695"
"横浜市立並木中央小学校　体育館","神奈川県横浜市金沢区並木1-25-1","35.367084","139.640852"
"横浜市立並木中央小学校　校舎１３－１","神奈川県横浜市金沢区並木1-25-1","35.366493","139.641828"
"横浜市立並木中央小学校　校舎１－１","神奈川県横浜市金沢区並木1-25-1","35.366624","139.641254"
"横浜市立並木第一小学校　体育館","神奈川県横浜市金沢区並木1-7-1","35.372752","139.638706"
"横浜市立並木第一小学校　校舎２－１","神奈川県横浜市金沢区並木1-7-1","35.372791","139.639129"
"横浜市立並木第一小学校　校舎１","神奈川県横浜市金沢区並木1-7-1","35.373255","139.638754"
"横浜市立並木第四小学校　校舎１０","神奈川県横浜市金沢区並木3-10-1","35.355469","139.641472"
"横浜市立並木第四小学校　校舎１","神奈川県横浜市金沢区並木3-10-1","35.355789","139.641375"
"横浜市立並木第四小学校　体育館","神奈川県横浜市金沢区並木3-10-1","35.356358","139.641343"
"横浜市立並木中学校　体育館","神奈川県横浜市金沢区並木3-4-1","35.359808","139.640629"
"横浜市立並木中学校　校舎７","神奈川県横浜市金沢区並木3-4-1","35.359711","139.641374"
"横浜市立並木中学校　校舎１","神奈川県横浜市金沢区並木3-4-1","35.359322","139.641042"
"横浜市立六浦中学校　校舎１２","神奈川県横浜市金沢区六浦1-24-4","35.32495","139.61834"
"横浜市立六浦中学校　体育館","神奈川県横浜市金沢区六浦1-24-4","35.324762","139.61849"
"横浜市立六浦中学校　校舎２１（２階以上）","神奈川県横浜市金沢区六浦1-24-4","35.325025","139.618254"
"横浜市立六浦中学校　校舎２１","神奈川県横浜市金沢区六浦1-24-4","35.325036","139.618183"
"横浜市立六浦中学校　校舎１６（２階以上）","神奈川県横浜市金沢区六浦1-24-4","35.324727","139.617975"
"横浜市立六浦中学校　校舎１６","神奈川県横浜市金沢区六浦1-24-4","35.324587","139.617659"
"横浜市立六浦小学校　校舎５","神奈川県横浜市金沢区六浦3-11-1","35.330286","139.61284"
"横浜市立六浦小学校　校舎１","神奈川県横浜市金沢区六浦3-11-1","35.329481","139.613006"
"横浜市立六浦小学校　体育館","神奈川県横浜市金沢区六浦3-11-1","35.329538","139.612653"
"横浜市立六浦小学校　校舎６","神奈川県横浜市金沢区六浦3-11-1","35.330181","139.613157"
"横浜市立六浦小学校　校舎３","神奈川県横浜市金沢区六浦3-11-1","35.329945","139.612642"
"横浜市立瀬ケ崎小学校　体育館","神奈川県横浜市金沢区六浦東3-2-1","35.318718","139.61981"
"横浜市立瀬ケ崎小学校　校舎１１－１","神奈川県横浜市金沢区六浦東3-2-1","35.319011","139.619923"
"横浜市立瀬ケ崎小学校　校舎１３","神奈川県横浜市金沢区六浦東3-2-1","35.319392","139.620164"
"横浜市立六浦南小学校　体育館","神奈川県横浜市金沢区六浦南3-22-1","35.31544","139.610658"
"横浜市立六浦南小学校　校舎１－２","神奈川県横浜市金沢区六浦南3-22-1","35.315835","139.61143"
"横浜市立六浦南小学校　校舎１","神奈川県横浜市金沢区六浦南3-22-1","35.315861","139.610722"
"横浜市立豊田中学校　体育館","神奈川県横浜市戸塚区下倉田町950","35.381964","139.542797"
"横浜市立豊田中学校　校舎１９","神奈川県横浜市戸塚区下倉田町950","35.382541","139.541847"
"横浜市立豊田中学校　校舎１１","神奈川県横浜市戸塚区下倉田町950","35.382371","139.542121"
"横浜市立豊田中学校　校舎２","神奈川県横浜市戸塚区下倉田町950","35.382187","139.542287"
"横浜市立豊田中学校　校舎１","神奈川県横浜市戸塚区下倉田町950","35.382217","139.541692"
"横浜市立東戸塚小学校　校舎１","神奈川県横浜市戸塚区吉田町88","35.401722","139.538817"
"横浜市立東戸塚小学校　体育館","神奈川県横浜市戸塚区吉田町88","35.401656","139.537498"
"横浜市立東戸塚小学校　校舎７（２階以上）","神奈川県横浜市戸塚区吉田町88","35.401451","139.538549"
"横浜市立東戸塚小学校　校舎７","神奈川県横浜市戸塚区吉田町88","35.401442","139.53804"
"横浜市立東戸塚小学校　校舎６（２階以上）","神奈川県横浜市戸塚区吉田町88","35.401726","139.538538"
"横浜市立東戸塚小学校　校舎６","神奈川県横浜市戸塚区吉田町88","35.401726","139.538013"
"横浜市立東戸塚小学校　校舎５（２階以上）","神奈川県横浜市戸塚区吉田町88","35.402006","139.537975"
"横浜市立東戸塚小学校　校舎５","神奈川県横浜市戸塚区吉田町88","35.402002","139.537739"
"横浜市立東戸塚小学校　校舎１（２階以上）","神奈川県横浜市戸塚区吉田町88","35.40163","139.538817"
"横浜市立東汲沢小学校　校舎２－３","神奈川県横浜市戸塚区汲沢1-16-1","35.399468","139.521574"
"横浜市立東汲沢小学校　体育館","神奈川県横浜市戸塚区汲沢1-16-1","35.399485","139.521429"
"横浜市立東汲沢小学校　校舎５","神奈川県横浜市戸塚区汲沢1-16-1","35.399555","139.52085"
"横浜市立東汲沢小学校　校舎４","神奈川県横浜市戸塚区汲沢1-16-1","35.399","139.521225"
"横浜市立東汲沢小学校　校舎３","神奈川県横浜市戸塚区汲沢1-16-1","35.399219","139.521295"
"横浜市立東汲沢小学校　校舎１","神奈川県横浜市戸塚区汲沢1-16-1","35.399507","139.521166"
"横浜市立汲沢小学校　校舎７","神奈川県横浜市戸塚区汲沢3-6-1","35.397705","139.514166"
"横浜市立汲沢小学校　体育館","神奈川県横浜市戸塚区汲沢3-6-1","35.397167","139.513866"
"横浜市立汲沢小学校　校舎３","神奈川県横浜市戸塚区汲沢3-6-1","35.397696","139.513807"
"横浜市立汲沢中学校　校舎２－１","神奈川県横浜市戸塚区汲沢町550-2","35.399082","139.50739"
"横浜市立汲沢中学校　体育館","神奈川県横浜市戸塚区汲沢町550-2","35.39906","139.507283"
"横浜市立汲沢中学校　校舎２－３","神奈川県横浜市戸塚区汲沢町550-2","35.398981","139.507122"
"横浜市立汲沢中学校　校舎１","神奈川県横浜市戸塚区汲沢町550-2","35.398596","139.507642"
"横浜市立大正中学校　校舎１６－１","神奈川県横浜市戸塚区原宿4-12-1","35.378374","139.503353"
"横浜市立大正中学校　体育館","神奈川県横浜市戸塚区原宿4-12-1","35.378575","139.502403"
"横浜市立大正中学校　校舎３７","神奈川県横浜市戸塚区原宿4-12-1","35.378374","139.502382"
"横浜市立大正中学校　校舎２７","神奈川県横浜市戸塚区原宿4-12-1","35.377928","139.502741"
"横浜市立大正中学校　校舎１６－２","神奈川県横浜市戸塚区原宿4-12-1","35.378256","139.503664"
"横浜市立大正中学校　校舎９","神奈川県横浜市戸塚区原宿4-12-1","35.378212","139.502768"
"横浜市立大正小学校　校舎３","神奈川県横浜市戸塚区原宿4-17-1","35.379559","139.503264"
"横浜市立大正小学校　体育館","神奈川県横浜市戸塚区原宿4-17-1","35.379135","139.503328"
"横浜市立大正小学校　校舎１５","神奈川県横浜市戸塚区原宿4-17-1","35.378921","139.50372"
"横浜市立大正小学校　校舎５－１","神奈川県横浜市戸塚区原宿4-17-1","35.379568","139.503795"
"横浜市立大正小学校　校舎１","神奈川県横浜市戸塚区原宿4-17-1","35.379791","139.503092"
"横浜市立戸塚小学校　校舎１","神奈川県横浜市戸塚区戸塚町132","35.397072","139.532179"
"横浜市立戸塚小学校　体育館","神奈川県横浜市戸塚区戸塚町132","35.396928","139.531927"
"横浜市立戸塚小学校　校舎２４（２階以上）","神奈川県横浜市戸塚区戸塚町132","35.39747","139.53301"
"横浜市立戸塚小学校　校舎２４","神奈川県横浜市戸塚区戸塚町132","35.397605","139.532994"
"横浜市立戸塚小学校　校舎８（２階以上）","神奈川県横浜市戸塚区戸塚町132","35.397299","139.532645"
"横浜市立戸塚小学校　校舎８","神奈川県横浜市戸塚区戸塚町132","35.39733","139.532195"
"横浜市立戸塚小学校　校舎７（２階以上）","神奈川県横浜市戸塚区戸塚町132","35.397632","139.532576"
"横浜市立戸塚小学校　校舎７","神奈川県横浜市戸塚区戸塚町132","35.397662","139.532211"
"横浜市立戸塚小学校　校舎１（２階以上）","神奈川県横浜市戸塚区戸塚町132","35.396989","139.532173"
"横浜市立南戸塚中学校　体育館","神奈川県横浜市戸塚区戸塚町1842-1","35.381142","139.518075"
"横浜市立南戸塚中学校　校舎１","神奈川県横浜市戸塚区戸塚町1842-1","35.38112","139.518622"
"横浜市立下郷小学校　校舎１","神奈川県横浜市戸塚区戸塚町2447-2","35.386134","139.523755"
"横浜市立下郷小学校　体育館","神奈川県横浜市戸塚区戸塚町2447-2","35.386681","139.523648"
"横浜市立下郷小学校　校舎４－１","神奈川県横浜市戸塚区戸塚町2447-2","35.386821","139.524195"
"横浜市立下郷小学校　校舎３","神奈川県横浜市戸塚区戸塚町2447-2","35.386458","139.524077"
"横浜市立南戸塚小学校　校舎８","神奈川県横浜市戸塚区戸塚町2790-3","35.388231","139.525298"
"横浜市立南戸塚小学校　体育館","神奈川県横浜市戸塚区戸塚町2790-3","35.388454","139.525598"
"横浜市立南戸塚小学校　校舎１３","神奈川県横浜市戸塚区戸塚町2790-3","35.388507","139.525786"
"横浜市立南戸塚小学校　校舎１","神奈川県横浜市戸塚区戸塚町2790-3","35.388179","139.525722"
"横浜市立戸塚中学校　校舎８","神奈川県横浜市戸塚区戸塚町4542","35.401443","139.523983"
"横浜市立戸塚中学校　体育館","神奈川県横浜市戸塚区戸塚町4542","35.400661","139.523806"
"横浜市立戸塚中学校　校舎１１","神奈川県横浜市戸塚区戸塚町4542","35.401776","139.523324"
"横浜市立戸塚中学校　校舎１０","神奈川県横浜市戸塚区戸塚町4542","35.401771","139.523812"
"横浜市立戸塚中学校　校舎３","神奈川県横浜市戸塚区戸塚町4542","35.400879","139.524101"
"横浜市立川上小学校　校舎１５－１","神奈川県横浜市戸塚区秋葉町203-2","35.426652","139.545665"
"横浜市立川上小学校　体育館","神奈川県横浜市戸塚区秋葉町203-2","35.426691","139.54552"
"横浜市立川上小学校　校舎１","神奈川県横浜市戸塚区秋葉町203-2","35.426433","139.545101"
"横浜市立秋葉小学校　校舎１","神奈川県横浜市戸塚区秋葉町392-1","35.421241","139.544573"
"横浜市立秋葉小学校　体育館","神奈川県横浜市戸塚区秋葉町392-1","35.420905","139.544374"
"横浜市立秋葉小学校　校舎１－５","神奈川県横浜市戸塚区秋葉町392-1","35.420695","139.543699"
"横浜市立小雀小学校　校舎１","神奈川県横浜市戸塚区小雀町1845","35.376924","139.511457"
"横浜市立小雀小学校　体育館","神奈川県横浜市戸塚区小雀町1845","35.376464","139.511677"
"横浜市立小雀小学校　校舎７－１","神奈川県横浜市戸塚区小雀町1845","35.376416","139.511779"
"横浜市立倉田小学校　校舎１－１","神奈川県横浜市戸塚区上倉田町1426-6","35.389549","139.541275"
"横浜市立倉田小学校　体育館","神奈川県横浜市戸塚区上倉田町1426-6","35.389282","139.541672"
"横浜市立倉田小学校　校舎１－５","神奈川県横浜市戸塚区上倉田町1426-6","35.389593","139.540626"
"横浜市立倉田小学校　校舎１－４","神奈川県横浜市戸塚区上倉田町1426-6","35.389553","139.540905"
"横浜市立上矢部小学校　校舎１－２","神奈川県横浜市戸塚区上矢部町1463-4","35.423549","139.528855"
"横浜市立上矢部小学校　体育館","神奈川県横浜市戸塚区上矢部町1463-4","35.423706","139.528055"
"横浜市立上矢部小学校　校舎１０","神奈川県横浜市戸塚区上矢部町1463-4","35.423322","139.528715"
"横浜市立上矢部小学校　校舎１－１","神奈川県横浜市戸塚区上矢部町1463-4","35.42354","139.528431"
"横浜市立深谷中学校　校舎８","神奈川県横浜市戸塚区深谷町1071","35.383092","139.499912"
"横浜市立深谷中学校　体育館２","神奈川県横浜市戸塚区深谷町1071","35.383387","139.500076"
"横浜市立深谷中学校　校舎１０","神奈川県横浜市戸塚区深谷町1071","35.383376","139.499311"
"横浜市立深谷中学校　校舎１","神奈川県横浜市戸塚区深谷町1071","35.383356","139.499759"
"横浜市立深谷台小学校　校舎２","神奈川県横浜市戸塚区深谷町1312-1","35.38812","139.496548"
"横浜市立深谷台小学校　体育館","神奈川県横浜市戸塚区深谷町1312-1","35.388518","139.496913"
"横浜市立深谷台小学校　校舎９","神奈川県横浜市戸塚区深谷町1312-1","35.387595","139.496382"
"横浜市立深谷台小学校　校舎８－１","神奈川県横浜市戸塚区深谷町1312-1","35.3884","139.49701"
"横浜市立深谷台小学校　校舎３－１","神奈川県横浜市戸塚区深谷町1312-1","35.387932","139.496307"
"横浜市立深谷台小学校　校舎１－１","神奈川県横浜市戸塚区深谷町1312-1","35.388304","139.496747"
"横浜市立深谷小学校　体育館","神奈川県横浜市戸塚区深谷町1688-2","35.39242","139.502819"
"横浜市立深谷小学校　校舎２","神奈川県横浜市戸塚区深谷町1688-2","35.391624","139.502883"
"横浜市立深谷小学校　校舎１－１","神奈川県横浜市戸塚区深谷町1688-2","35.392004","139.502792"
"横浜市立川上北小学校　体育館","神奈川県横浜市戸塚区川上町63-1","35.42885","139.553503"
"横浜市立川上北小学校　校舎１－８","神奈川県横浜市戸塚区川上町63-1","35.428824","139.554689"
"横浜市立川上北小学校　校舎１","神奈川県横浜市戸塚区川上町63-1","35.429068","139.554211"
"横浜市立鳥が丘小学校　校舎１－１","神奈川県横浜市戸塚区鳥が丘53","35.411122","139.522351"
"横浜市立鳥が丘小学校　体育館","神奈川県横浜市戸塚区鳥が丘53","35.411454","139.522136"
"横浜市立鳥が丘小学校　校舎１４","神奈川県横浜市戸塚区鳥が丘53","35.410794","139.522227"
"横浜市立東俣野小学校　校舎８","神奈川県横浜市戸塚区東俣野町1103-1","35.368075","139.496344"
"横浜市立東俣野小学校　体育館","神奈川県横浜市戸塚区東俣野町1103-1","35.36811","139.496693"
"横浜市立東俣野小学校　校舎１－１","神奈川県横浜市戸塚区東俣野町1103-1","35.368127","139.49613"
"横浜市立南舞岡小学校　体育館","神奈川県横浜市戸塚区南舞岡4-15-1","35.389325","139.554814"
"横浜市立南舞岡小学校　校舎１－１","神奈川県横浜市戸塚区南舞岡4-15-1","35.388822","139.554728"
"横浜市立柏尾小学校　校舎２－１","神奈川県横浜市戸塚区柏尾町1317","35.415102","139.552127"
"横浜市立柏尾小学校　体育館","神奈川県横浜市戸塚区柏尾町1317","35.415015","139.552041"
"横浜市立柏尾小学校　校舎８","神奈川県横浜市戸塚区柏尾町1317","35.41456","139.55188"
"横浜市立柏尾小学校　校舎４","神奈川県横浜市戸塚区柏尾町1317","35.415024","139.551457"
"横浜市立柏尾小学校　校舎１","神奈川県横浜市戸塚区柏尾町1317","35.414919","139.551897"
"横浜市立品濃小学校　校舎８","神奈川県横浜市戸塚区品濃町504-1","35.425746","139.557966"
"横浜市立品濃小学校　体育館","神奈川県横浜市戸塚区品濃町504-1","35.426507","139.557499"
"横浜市立品濃小学校　校舎１－１","神奈川県横浜市戸塚区品濃町504-1","35.426358","139.557424"
"横浜市立東品濃小学校　体育館","神奈川県横浜市戸塚区品濃町559","35.433948","139.560322"
"横浜市立東品濃小学校　校舎１","神奈川県横浜市戸塚区品濃町559","35.434044","139.560676"
"横浜市立舞岡中学校　校舎９（２階以上）","神奈川県横浜市戸塚区舞岡町226","35.409491","139.544719"
"横浜市立舞岡中学校　体育館","神奈川県横浜市戸塚区舞岡町226","35.409736","139.544225"
"横浜市立舞岡中学校　校舎１０（２階以上）","神奈川県横浜市戸塚区舞岡町226","35.409614","139.544831"
"横浜市立舞岡中学校　校舎１０","神奈川県横浜市戸塚区舞岡町226","35.409714","139.544821"
"横浜市立舞岡中学校　校舎９","神奈川県横浜市戸塚区舞岡町226","35.409483","139.544306"
"横浜市立舞岡小学校　体育館","神奈川県横浜市戸塚区舞岡町534","35.407176","139.550649"
"横浜市立舞岡小学校　校舎１－１","神奈川県横浜市戸塚区舞岡町534","35.407154","139.551057"
"横浜市立境木小学校　校舎２","神奈川県横浜市戸塚区平戸3-48-1","35.436397","139.568208"
"横浜市立境木小学校　体育館","神奈川県横浜市戸塚区平戸3-48-1","35.436218","139.568423"
"横浜市立境木小学校　校舎１７","神奈川県横浜市戸塚区平戸3-48-1","35.436353","139.56881"
"横浜市立境木小学校　校舎５－１","神奈川県横浜市戸塚区平戸3-48-1","35.436169","139.568509"
"横浜市立境木小学校　校舎１","神奈川県横浜市戸塚区平戸3-48-1","35.436878","139.568638"
"横浜市立境木中学校　校舎２","神奈川県横浜市戸塚区平戸3-48-2","35.436822","139.569805"
"横浜市立境木中学校　体育館","神奈川県横浜市戸塚区平戸3-48-2","35.436291","139.569638"
"横浜市立境木中学校　校舎６－１","神奈川県横浜市戸塚区平戸3-48-2","35.436309","139.569815"
"横浜市立境木中学校　校舎１","神奈川県横浜市戸塚区平戸3-48-2","35.436982","139.569306"
"横浜市立平戸台小学校　体育館","神奈川県横浜市戸塚区平戸町1165","35.423398","139.567707"
"横浜市立平戸台小学校　校舎１","神奈川県横浜市戸塚区平戸町1165","35.423057","139.567943"
"横浜市立平戸小学校　校舎１","神奈川県横浜市戸塚区平戸町542","35.426803","139.56373"
"横浜市立平戸小学校　体育館","神奈川県横浜市戸塚区平戸町542","35.426663","139.564143"
"横浜市立名瀬小学校　体育館","神奈川県横浜市戸塚区名瀬町776","35.431096","139.540599"
"横浜市立名瀬小学校　校舎１","神奈川県横浜市戸塚区名瀬町776","35.43107","139.541178"
"横浜市立名瀬中学校　校舎１","神奈川県横浜市戸塚区名瀬町791-6","35.433957","139.543578"
"横浜市立名瀬中学校　体育館","神奈川県横浜市戸塚区名瀬町791-6","35.434276","139.543433"
"横浜市立矢部小学校　校舎３","神奈川県横浜市戸塚区矢部町1698","35.40758","139.523416"
"横浜市立矢部小学校　体育館","神奈川県横浜市戸塚区矢部町1698","35.407433","139.523727"
"横浜市立矢部小学校　校舎１６","神奈川県横浜市戸塚区矢部町1698","35.407833","139.523598"
"横浜市立矢部小学校　校舎１","神奈川県横浜市戸塚区矢部町1698","35.40716","139.523271"
"横浜市立永谷小学校　校舎２","神奈川県横浜市港南区下永谷5-48-15","35.411411","139.559631"
"横浜市立永谷小学校　体育館","神奈川県横浜市港南区下永谷5-48-15","35.411425","139.559298"
"横浜市立永谷小学校　校舎１２－１","神奈川県横浜市港南区下永谷5-48-15","35.411342","139.559223"
"横浜市立永谷小学校　校舎１－１","神奈川県横浜市港南区下永谷5-48-15","35.411696","139.559496"
"横浜市立丸山台小学校　体育館","神奈川県横浜市港南区丸山台3-8-1","35.401173","139.568206"
"横浜市立丸山台小学校　校舎１","神奈川県横浜市港南区丸山台3-8-1","35.40088","139.568432"
"横浜市立丸山台中学校　校舎９","神奈川県横浜市港南区丸山台4-1-1","35.394632","139.564849"
"横浜市立丸山台中学校　体育館","神奈川県横浜市港南区丸山台4-1-1","35.395398","139.565043"
"横浜市立丸山台中学校　校舎１","神奈川県横浜市港南区丸山台4-1-1","35.394913","139.565118"
"横浜市立芹が谷中学校　校舎１","神奈川県横浜市港南区芹が谷2-7-1","35.41727","139.573793"
"横浜市立芹が谷中学校　体育館","神奈川県横浜市港南区芹が谷2-7-1","35.417078","139.574024"
"横浜市立芹が谷中学校　校舎１１","神奈川県横浜市港南区芹が谷2-7-1","35.417624","139.574227"
"横浜市立芹が谷中学校　校舎２","神奈川県横浜市港南区芹が谷2-7-1","35.417493","139.573771"
"横浜市立芹が谷小学校　校舎３－１","神奈川県横浜市港南区芹が谷3-32-1","35.414701","139.573658"
"横浜市立芹が谷小学校　体育館","神奈川県横浜市港南区芹が谷3-32-1","35.414972","139.573384"
"横浜市立芹が谷小学校　校舎１４","神奈川県横浜市港南区芹が谷3-32-1","35.415379","139.574147"
"横浜市立芹が谷小学校　校舎３","神奈川県横浜市港南区芹が谷3-32-1","35.414985","139.57346"
"横浜市立芹が谷小学校　校舎１","神奈川県横浜市港南区芹が谷3-32-1","35.415536","139.573819"
"横浜市立芹が谷南小学校　校舎１","神奈川県横浜市港南区芹が谷4-22-1","35.412303","139.571369"
"横浜市立芹が谷南小学校　体育館","神奈川県横浜市港南区芹が谷4-22-1","35.412911","139.571686"
"横浜市立南台小学校　校舎１４","神奈川県横浜市港南区港南5-6-1","35.397174","139.591906"
"横浜市立南台小学校　体育館","神奈川県横浜市港南区港南5-6-1","35.396794","139.592217"
"横浜市立南台小学校　校舎１","神奈川県横浜市港南区港南5-6-1","35.397607","139.592164"
"横浜市立笹下中学校　校舎２","神奈川県横浜市港南区港南5-8-1","35.39653","139.592858"
"横浜市立笹下中学校　体育館","神奈川県横浜市港南区港南5-8-1","35.396538","139.592755"
"横浜市立笹下中学校　校舎１２","神奈川県横浜市港南区港南5-8-1","35.396761","139.592632"
"横浜市立笹下中学校　校舎４","神奈川県横浜市港南区港南5-8-1","35.39625","139.592948"
"横浜市立笹下中学校　校舎１－１","神奈川県横浜市港南区港南5-8-1","35.396521","139.593346"
"横浜市立港南台第三小学校　校舎１－１","神奈川県横浜市港南区港南台2-14-1","35.379009","139.582462"
"横浜市立港南台第三小学校　体育館","神奈川県横浜市港南区港南台2-14-1","35.379123","139.582023"
"横浜市立港南台第三小学校　校舎９－３","神奈川県横浜市港南区港南台2-14-1","35.379228","139.582924"
"横浜市立港南台第三小学校　校舎１－３","神奈川県横浜市港南区港南台2-14-1","35.3796","139.582634"
"横浜市立小坪小学校　校舎１","神奈川県横浜市港南区港南台4-11-1","35.375988","139.574091"
"横浜市立小坪小学校　体育館","神奈川県横浜市港南区港南台4-11-1","35.3765","139.574197"
"横浜市立日野南中学校　体育館","神奈川県横浜市港南区港南台4-37-1","35.374768","139.568715"
"横浜市立日野南中学校　校舎１","神奈川県横浜市港南区港南台4-37-1","35.375083","139.569193"
"横浜市立日野南中学校　校舎１１－１","神奈川県横浜市港南区港南台4-37-1","35.375398","139.568769"
"横浜市立港南台第二小学校　体育館","神奈川県横浜市港南区港南台5-4-1","35.372278","139.579251"
"横浜市立港南台第二小学校　校舎２－１","神奈川県横浜市港南区港南台5-4-1","35.37216","139.579235"
"横浜市立港南台第二小学校　校舎１３","神奈川県横浜市港南区港南台5-4-1","35.371639","139.579229"
"横浜市立港南台第二小学校　校舎１－１","神奈川県横浜市港南区港南台5-4-1","35.371919","139.579229"
"横浜市立港南台第二小学校　校舎１６","神奈川県横浜市港南区港南台5-4-1","35.371792","139.579101"
"横浜市立港南台第二小学校　校舎１８","神奈川県横浜市港南区港南台5-4-1","35.371801","139.579487"
"横浜市立港南台第一中学校　校舎２","神奈川県横浜市港南区港南台6-6-1","35.371458","139.586071"
"横浜市立港南台第一中学校　体育館","神奈川県横浜市港南区港南台6-6-1","35.371651","139.586993"
"横浜市立港南台第一中学校　校舎３","神奈川県横浜市港南区港南台6-6-1","35.371712","139.586355"
"横浜市立港南台第一中学校　校舎１－１","神奈川県横浜市港南区港南台6-6-1","35.371454","139.586494"
"横浜市立港南台第一小学校　校舎２－１","神奈川県横浜市港南区港南台6-7-1","35.370299","139.586874"
"横浜市立港南台第一小学校　校舎１－１","神奈川県横浜市港南区港南台6-7-1","35.370688","139.587099"
"横浜市立港南台第一小学校　体育館","神奈川県横浜市港南区港南台6-7-1","35.370846","139.587668"
"横浜市立港南台第一小学校　校舎７","神奈川県横浜市港南区港南台6-7-1","35.370001","139.587207"
"横浜市立港南中学校　校舎４－１","神奈川県横浜市港南区港南中央通6-1","35.401452","139.590302"
"横浜市立港南中学校　校舎２８－１","神奈川県横浜市港南区港南中央通6-1","35.402314","139.591037"
"横浜市立港南中学校　校舎２１","神奈川県横浜市港南区港南中央通6-1","35.401124","139.590275"
"横浜市立港南中学校　校舎４－５","神奈川県横浜市港南区港南中央通6-1","35.401951","139.590678"
"横浜市立港南中学校　体育館","神奈川県横浜市港南区港南中央通6-1","35.401347","139.590618"
"横浜市立日下小学校　校舎１８","神奈川県横浜市港南区笹下3-9-1","35.390393","139.601789"
"横浜市立日下小学校　体育館","神奈川県横浜市港南区笹下3-9-1","35.390043","139.601634"
"横浜市立日下小学校　校舎２４","神奈川県横浜市港南区笹下3-9-1","35.390187","139.601591"
"横浜市立日下小学校　校舎２０","神奈川県横浜市港南区笹下3-9-1","35.390672","139.601585"
"横浜市立相武山小学校　体育館","神奈川県横浜市港南区上永谷1-7-5","35.402654","139.580338"
"横浜市立相武山小学校　校舎１","神奈川県横浜市港南区上永谷1-7-5","35.40251","139.580719"
"横浜市立永野小学校　体育館","神奈川県横浜市港南区上永谷2-21-10","35.405603","139.56984"
"横浜市立永野小学校　校舎９","神奈川県横浜市港南区上永谷2-21-10","35.406093","139.57057"
"横浜市立永野小学校　校舎３","神奈川県横浜市港南区上永谷2-21-10","35.405603","139.569915"
"横浜市立永野小学校　校舎１","神奈川県横浜市港南区上永谷2-21-10","35.405813","139.570328"
"横浜市立上永谷中学校　体育館","神奈川県横浜市港南区上永谷4-12-14","35.410394","139.569114"
"横浜市立上永谷中学校　校舎１０－１","神奈川県横浜市港南区上永谷4-12-14","35.409537","139.569624"
"横浜市立上永谷中学校　校舎５－１","神奈川県横浜市港南区上永谷4-12-14","35.409921","139.569527"
"横浜市立上永谷中学校　校舎２","神奈川県横浜市港南区上永谷4-12-14","35.410175","139.569275"
"横浜市立上永谷中学校　校舎１","神奈川県横浜市港南区上永谷4-12-14","35.409952","139.569136"
"横浜市立上大岡小学校　体育館","神奈川県横浜市港南区上大岡東3-11-1","35.404211","139.603863"
"横浜市立上大岡小学校　校舎２","神奈川県横浜市港南区上大岡東3-11-1","35.404609","139.604239"
"横浜市立上大岡小学校　校舎１","神奈川県横浜市港南区上大岡東3-11-1","35.404517","139.603751"
"横浜市立桜岡小学校　体育館","神奈川県横浜市港南区大久保1-6-43","35.412112","139.594029"
"横浜市立桜岡小学校　校舎９","神奈川県横浜市港南区大久保1-6-43","35.412254","139.593171"
"横浜市立桜岡小学校　校舎３","神奈川県横浜市港南区大久保1-6-43","35.412499","139.593745"
"横浜市立下永谷小学校　体育館","神奈川県横浜市港南区東永谷1-36-1","35.408","139.581866"
"横浜市立下永谷小学校　校舎５－１","神奈川県横浜市港南区東永谷1-36-1","35.408114","139.581941"
"横浜市立下永谷小学校　校舎１","神奈川県横浜市港南区東永谷1-36-1","35.408582","139.581738"
"横浜市立東永谷中学校　体育館","神奈川県横浜市港南区東永谷2-14-7","35.406046","139.578551"
"横浜市立東永谷中学校　校舎１","神奈川県横浜市港南区東永谷2-14-7","35.406427","139.579079"
"横浜市立日限山小学校　校舎９","神奈川県横浜市港南区日限山2-16-1","35.393822","139.559814"
"横浜市立日限山小学校　体育館","神奈川県横浜市港南区日限山2-16-1","35.394373","139.559616"
"横浜市立日限山小学校　校舎８－１","神奈川県横浜市港南区日限山2-16-1","35.393953","139.5596"
"横浜市立日限山小学校　校舎１－１","神奈川県横浜市港南区日限山2-16-1","35.394128","139.559916"
"横浜市立日限山中学校　体育館","神奈川県横浜市港南区日限山4-33-1","35.386462","139.557632"
"横浜市立日限山中学校　校舎１０","神奈川県横浜市港南区日限山4-33-1","35.386646","139.557482"
"横浜市立日限山中学校　校舎１","神奈川県横浜市港南区日限山4-33-1","35.386904","139.557144"
"横浜市立吉原小学校　体育館","神奈川県横浜市港南区日野2-20-40","35.397298","139.58301"
"横浜市立吉原小学校　校舎９","神奈川県横浜市港南区日野2-20-40","35.397159","139.58368"
"横浜市立吉原小学校　校舎３－１","神奈川県横浜市港南区日野2-20-40","35.397381","139.583106"
"横浜市立吉原小学校　校舎１","神奈川県横浜市港南区日野2-20-40","35.397434","139.583605"
"横浜市立日野小学校　体育館","神奈川県横浜市港南区日野7-11-1","35.387216","139.580024"
"横浜市立日野小学校　校舎４","神奈川県横浜市港南区日野7-11-1","35.3875","139.579751"
"横浜市立日野小学校　校舎１－１","神奈川県横浜市港南区日野7-11-1","35.387334","139.580077"
"横浜市立日野南小学校　体育館","神奈川県横浜市港南区日野南6-35-1","35.374914","139.561565"
"横浜市立日野南小学校　校舎５－１","神奈川県横浜市港南区日野南6-35-1","35.374818","139.561516"
"横浜市立日野南小学校　校舎１","神奈川県横浜市港南区日野南6-35-1","35.375107","139.562181"
"横浜市立野庭すずかけ小学校　体育館","神奈川県横浜市港南区野庭町346-2","35.388204","139.574542"
"横浜市立野庭すずかけ小学校　校舎６","神奈川県横浜市港南区野庭町346-2","35.388488","139.574574"
"横浜市立野庭すずかけ小学校　校舎１－１","神奈川県横浜市港南区野庭町346-2","35.387906","139.574923"
"横浜市立下野庭小学校　体育館","神奈川県横浜市港南区野庭町602","35.393187","139.571042"
"横浜市立下野庭小学校　校舎７","神奈川県横浜市港南区野庭町602","35.393209","139.571793"
"横浜市立下野庭小学校　校舎２","神奈川県横浜市港南区野庭町602","35.392995","139.571584"
"横浜市立下野庭小学校　校舎１","神奈川県横浜市港南区野庭町602","35.392693","139.571579"
"横浜市立野庭中学校　体育館","神奈川県横浜市港南区野庭町630","35.387138","139.570448"
"横浜市立野庭中学校　校舎２２","神奈川県横浜市港南区野庭町630","35.386775","139.570587"
"横浜市立野庭中学校　校舎８","神奈川県横浜市港南区野庭町630","35.386758","139.569949"
"横浜市立野庭中学校　校舎１－２","神奈川県横浜市港南区野庭町630","35.386993","139.570936"
"横浜市立下田小学校　体育館２２－１","神奈川県横浜市港北区下田町4-10-1","35.557621","139.629881"
"横浜市立下田小学校　校舎１７－１","神奈川県横浜市港北区下田町4-10-1","35.557241","139.630379"
"横浜市立下田小学校　校舎１７","神奈川県横浜市港北区下田町4-10-1","35.557298","139.629934"
"横浜市立港北小学校　体育館４－１","神奈川県横浜市港北区菊名2-15-1","35.499485","139.634729"
"横浜市立港北小学校　校舎２０－１","神奈川県横浜市港北区菊名2-15-1","35.499965","139.635593"
"横浜市立港北小学校　校舎７－２","神奈川県横浜市港北区菊名2-15-1","35.500044","139.635909"
"横浜市立港北小学校　校舎１","神奈川県横浜市港北区菊名2-15-1","35.500157","139.636306"
"横浜市立菊名小学校　体育館１７","神奈川県横浜市港北区菊名5-18-1","35.513393","139.635646"
"横浜市立菊名小学校　校舎５","神奈川県横浜市港北区菊名5-18-1","35.513078","139.634788"
"横浜市立菊名小学校　校舎４","神奈川県横浜市港北区菊名5-18-1","35.513187","139.635297"
"横浜市立菊名小学校　校舎１","神奈川県横浜市港北区菊名5-18-1","35.512991","139.63548"
"横浜市立綱島小学校　校舎８－１（３階以上）","神奈川県横浜市港北区綱島西3-11-1","35.536934","139.627763"
"横浜市立綱島小学校　校舎１（３階以上）","神奈川県横浜市港北区綱島西3-11-1","35.537061","139.628815"
"横浜市立綱島小学校　校舎２０","神奈川県横浜市港北区綱島西3-11-1","35.53731","139.627881"
"横浜市立綱島小学校　校舎１","神奈川県横浜市港北区綱島西3-11-1","35.537179","139.628665"
"横浜市立綱島小学校　校舎２０（３階以上）","神奈川県横浜市港北区綱島西3-11-1","35.537423","139.628058"
"横浜市立綱島小学校　校舎６","神奈川県横浜市港北区綱島西3-11-1","35.537449","139.628402"
"横浜市立綱島小学校　校舎６（３階以上）","神奈川県横浜市港北区綱島西3-11-1","35.537375","139.628503"
"横浜市立綱島小学校　校舎８－１","神奈川県横浜市港北区綱島西3-11-1","35.537069","139.627747"
"横浜市立綱島小学校　体育館２１","神奈川県横浜市港北区綱島西3-11-1","35.536659","139.627844"
"横浜市立北綱島小学校　校舎１（２階以上）（※洪水は計画規模）","神奈川県横浜市港北区綱島西5-14-40","35.543853","139.630763"
"横浜市立北綱島小学校　校舎１","神奈川県横浜市港北区綱島西5-14-40","35.544014","139.630817"
"横浜市立北綱島小学校　校舎１（３階以上）（※洪水は最大規模）","神奈川県横浜市港北区綱島西5-14-40","35.543691","139.630704"
"横浜市立北綱島小学校　校舎７","神奈川県横浜市港北区綱島西5-14-40","35.54391","139.631133"
"横浜市立北綱島小学校　校舎７（３階以上）","神奈川県横浜市港北区綱島西5-14-40","35.543744","139.631074"
"横浜市立北綱島小学校　校舎１５","神奈川県横浜市港北区綱島西5-14-40","35.544189","139.630613"
"横浜市立北綱島小学校　体育館２","神奈川県横浜市港北区綱島西5-14-40","35.543787","139.630345"
"横浜市立綱島東小学校　校舎２（３階以上）（※洪水は最大規模）","神奈川県横浜市港北区綱島東3-1-30","35.537219","139.640544"
"横浜市立綱島東小学校　校舎２０","神奈川県横浜市港北区綱島東3-1-30","35.537358","139.64057"
"横浜市立綱島東小学校　校舎２０（２階以上）（※洪水は計画規模）","神奈川県横浜市港北区綱島東3-1-30","35.53728","139.640619"
"横浜市立綱島東小学校　校舎３","神奈川県横浜市港北区綱島東3-1-30","35.537655","139.640318"
"横浜市立綱島東小学校　校舎３（２階以上）（※洪水は計画規模）","神奈川県横浜市港北区綱島東3-1-30","35.537707","139.640447"
"横浜市立綱島東小学校　校舎２（２階以上）（※洪水は計画規模）","神奈川県横浜市港北区綱島東3-1-30","35.537319","139.640463"
"横浜市立綱島東小学校　校舎２","神奈川県横浜市港北区綱島東3-1-30","35.537446","139.640372"
"横浜市立綱島東小学校　校舎３（３階以上）（※洪水は最大規模）","神奈川県横浜市港北区綱島東3-1-30","35.537773","139.640581"
"横浜市立綱島東小学校　校舎５","神奈川県横浜市港北区綱島東3-1-30","35.537825","139.640683"
"横浜市立綱島東小学校　校舎５（２階以上）（※洪水は計画規模）","神奈川県横浜市港北区綱島東３－１－３０（横浜市立綱島東小学校　校舎５（２階以上））","35.537878","139.640796"
"横浜市立綱島東小学校　校舎５（３階以上）（※洪水は最大規模）","神奈川県横浜市港北区綱島東３－１－３０（横浜市立綱島東小学校　校舎５（３階以上）","35.53793","139.640908"
"横浜市立綱島東小学校　体育館４","神奈川県横浜市港北区綱島東３－１－３０（横浜市立綱島東小学校　体育館４）","35.537118","139.640774"
"横浜市立高田中学校　校舎５","神奈川県横浜市港北区高田町2439","35.556791","139.617302"
"横浜市立高田中学校　体育館６","神奈川県横浜市港北区高田町2439","35.556351","139.617967"
"横浜市立高田東小学校　体育館５－２","神奈川県横浜市港北区高田東2-33-1","35.552493","139.625134"
"横浜市立高田東小学校　校舎５－１","神奈川県横浜市港北区高田東2-33-1","35.552624","139.625107"
"横浜市立高田東小学校　校舎１","神奈川県横浜市港北区高田東2-33-1","35.552327","139.624978"
"横浜市立師岡小学校　校舎１７（※洪水は計画規模）","神奈川県横浜市港北区師岡町986","35.523811","139.639373"
"横浜市立師岡小学校　体育館９－３","神奈川県横浜市港北区師岡町986","35.523151","139.638622"
"横浜市立師岡小学校　校舎２５（※洪水は計画規模）","神奈川県横浜市港北区師岡町986","35.523972","139.639432"
"横浜市立師岡小学校　校舎９－１（２階以上）（※洪水は最大規模）","神奈川県横浜市港北区師岡町986","35.52323","139.638558"
"横浜市立師岡小学校　校舎９－１（※洪水は計画規模）","神奈川県横浜市港北区師岡町986","35.523326","139.638488"
"横浜市立師岡小学校　校舎７（２階以上）（※洪水は最大規模）","神奈川県横浜市港北区師岡町986","35.523902","139.639051"
"横浜市立師岡小学校　校舎７（※洪水は計画規模）","神奈川県横浜市港北区師岡町986","35.523837","139.638917"
"横浜市立師岡小学校　校舎１","神奈川県横浜市港北区師岡町986","35.523623","139.638579"
"横浜市立篠原西小学校　校舎１１－１","神奈川県横浜市港北区篠原町1241-1","35.501781","139.615454"
"横浜市立篠原西小学校　体育館４","神奈川県横浜市港北区篠原町1241-1","35.501689","139.614644"
"横浜市立篠原西小学校　校舎１１－２","神奈川県横浜市港北区篠原町1241-1","35.501632","139.615432"
"横浜市立篠原西小学校　校舎２","神奈川県横浜市港北区篠原町1241-1","35.501401","139.615244"
"横浜市立篠原西小学校　校舎１","神奈川県横浜市港北区篠原町1241-1","35.502004","139.615035"
"横浜市立篠原小学校　体育館４","神奈川県横浜市港北区篠原東3-27-1","35.502863","139.627297"
"横浜市立篠原小学校　校舎９","神奈川県横浜市港北区篠原東3-27-1","35.502893","139.626921"
"横浜市立篠原小学校　校舎１","神奈川県横浜市港北区篠原東3-27-1","35.50319","139.62697"
"横浜市立小机小学校　校舎１","神奈川県横浜市港北区小机町1382-10","35.505385","139.598203"
"横浜市立小机小学校　体育館２","神奈川県横浜市港北区小机町1382-10","35.505555","139.597913"
"横浜市立城郷中学校　校舎８","神奈川県横浜市港北区小机町325","35.505526","139.587455"
"横浜市立城郷中学校　体育館９－２","神奈川県横浜市港北区小机町325","35.505251","139.587632"
"横浜市立城郷中学校　校舎１２","神奈川県横浜市港北区小机町325","35.505832","139.587429"
"横浜市立城郷中学校　校舎９－１","神奈川県横浜市港北区小机町325","35.505234","139.587418"
"横浜市立新羽小学校　体育館２","神奈川県横浜市港北区新羽町1452-2","35.522471","139.608412"
"横浜市立新羽小学校　校舎３","神奈川県横浜市港北区新羽町1452-2","35.52238","139.607999"
"横浜市立新羽小学校　校舎１","神奈川県横浜市港北区新羽町1452-2","35.522676","139.607929"
"横浜市立新田小学校　校舎１","神奈川県横浜市港北区新吉田町3226","35.533281","139.610056"
"横浜市立新田小学校　体育館２","神奈川県横浜市港北区新吉田町3226","35.533163","139.609643"
"横浜市立新田小学校　校舎１１","神奈川県横浜市港北区新吉田町3226","35.53284","139.609879"
"横浜市立新田小学校　校舎１０","神奈川県横浜市港北区新吉田町3226","35.533036","139.609825"
"横浜市立新吉田第二小学校　体育館８","神奈川県横浜市港北区新吉田町491-1","35.54965","139.612181"
"横浜市立新吉田第二小学校　校舎１（３階以上）（※洪水は最大規模）","神奈川県横浜市港北区新吉田町491-1","35.549576","139.612766"
"横浜市立新吉田第二小学校　校舎１（※洪水は計画規模）","神奈川県横浜市港北区新吉田町491-1","35.549799","139.612836"
"横浜市立新田中学校　校舎６（３階以上）","神奈川県横浜市港北区新吉田東5-25-1","35.541272","139.623075"
"横浜市立新田中学校　校舎６","神奈川県横浜市港北区新吉田東5-25-1","35.54122","139.622721"
"横浜市立新田中学校　校舎３（３階以上）","神奈川県横浜市港北区新吉田東5-25-1","35.541198","139.622378"
"横浜市立新田中学校　校舎３","神奈川県横浜市港北区新吉田東5-25-1","35.541158","139.622067"
"横浜市立新田中学校　体育館３０－１","神奈川県横浜市港北区新吉田東5-25-1","35.540661","139.62322"
"横浜市立新田中学校　校舎１４（３階以上）","神奈川県横浜市港北区新吉田東5-25-1","35.540735","139.622051"
"横浜市立新田中学校　校舎１４","神奈川県横浜市港北区新吉田東5-25-1","35.540927","139.622024"
"横浜市立新吉田小学校　校舎１","神奈川県横浜市港北区新吉田東6-44-1","35.538441","139.617534"
"横浜市立新吉田小学校　校舎１（３階以上）","神奈川県横浜市港北区新吉田東6-44-1","35.538467","139.617904"
"横浜市立新吉田小学校　校舎５－１","神奈川県横浜市港北区新吉田東6-44-1","35.538196","139.61821"
"横浜市立新吉田小学校　体育館５－２","神奈川県横浜市港北区新吉田東6-44-1","35.538074","139.61822"
"横浜市立大曽根小学校　校舎２（３階以上）","神奈川県横浜市港北区大曽根2-31-1","35.532039","139.630378"
"横浜市立大曽根小学校　校舎２","神奈川県横浜市港北区大曽根2-31-1","35.532087","139.630196"
"横浜市立大曽根小学校　体育館４","神奈川県横浜市港北区大曽根2-31-1","35.531284","139.630094"
"横浜市立大曽根小学校　校舎７（３階以上）","神奈川県横浜市港北区大曽根2-31-1","35.531738","139.629702"
"横浜市立大曽根小学校　校舎７","神奈川県横浜市港北区大曽根2-31-1","35.531939","139.629793"
"横浜市立大綱小学校　校舎１－１（３階以上）","神奈川県横浜市港北区大倉山4-2-1","35.519054","139.625763"
"横浜市立大綱小学校　校舎１－１","神奈川県横浜市港北区大倉山4-2-1","35.518853","139.625479"
"横浜市立大綱小学校　体育館４","神奈川県横浜市港北区大倉山4-2-1","35.518596","139.626498"
"横浜市立大綱小学校　校舎２（３階以上）","神奈川県横浜市港北区大倉山4-2-1","35.518853","139.626289"
"横浜市立大綱小学校　校舎２","神奈川県横浜市港北区大倉山4-2-1","35.518993","139.626138"
"横浜市立太尾小学校　校舎１－２（※洪水は計画規模）","神奈川県横浜市港北区大倉山7-34-1","35.524421","139.61895"
"横浜市立太尾小学校　体育館６（※洪水は計画規模）","神奈川県横浜市港北区大倉山7-34-1","35.524618","139.61932"
"横浜市立太尾小学校　校舎２（※洪水は計画規模）","神奈川県横浜市港北区大倉山7-34-1","35.524395","139.619781"
"横浜市立太尾小学校　校舎１（３階以上）（※洪水は最大規模）","神奈川県横浜市港北区大倉山7-34-1","35.524308","139.619299"
"横浜市立太尾小学校　校舎１（※洪水は計画規模）","神奈川県横浜市港北区大倉山7-34-1","35.524225","139.619068"
"横浜市立大豆戸小学校　校舎１（※洪水は計画規模）","神奈川県横浜市港北区大豆戸町759","35.516013","139.621887"
"横浜市立大豆戸小学校　校舎１（３階以上）（※洪水は最大規模）","神奈川県横浜市港北区大豆戸町759","35.51583","139.622096"
"横浜市立大豆戸小学校　体育館７（※洪水は計画規模）","神奈川県横浜市港北区大豆戸町759","35.516319","139.622101"
"横浜市立樽町中学校　校舎２","神奈川県横浜市港北区樽町4-15-1","35.528524","139.642308"
"横浜市立樽町中学校　校舎２１","神奈川県横浜市港北区樽町4-15-1","35.528682","139.642968"
"横浜市立樽町中学校　校舎２（３階以上）（※洪水は最大規模）","神奈川県横浜市港北区樽町4-15-1","35.528341","139.642287"
"横浜市立樽町中学校　校舎１３（２階以上）（※洪水は計画規模）","神奈川県横浜市港北区樽町4-15-1","35.528625","139.642764"
"横浜市立樽町中学校　校舎２（２階以上）（※洪水は計画規模）","神奈川県横浜市港北区樽町4-15-1","35.528433","139.642298"
"横浜市立樽町中学校　校舎１","神奈川県横浜市港北区樽町4-15-1","35.528214","139.641836"
"横浜市立樽町中学校　校舎１（２階以上）（※洪水は計画規模）","神奈川県横浜市港北区樽町4-15-1","35.528206","139.642045"
"横浜市立樽町中学校　校舎１（３階以上）（※洪水は最大規模）","神奈川県横浜市港北区樽町4-15-1","35.528193","139.642249"
"横浜市立樽町中学校　校舎１３","神奈川県横浜市港北区樽町4-15-1","35.528625","139.642561"
"横浜市立樽町中学校　校舎２１（２階以上）（※洪水は計画規模）","神奈川県横浜市港北区樽町４－１５－１（横浜市立樽町中学校　校舎２１（２階以上）","35.528599","139.642968"
"横浜市立樽町中学校　校舎３－２（２階以上）（※洪水は計画規模）","神奈川県横浜市港北区樽町４－１５－１（横浜市立樽町中学校　校舎３－２（２階以上）","35.528529","139.642013"
"横浜市立樽町中学校　校舎３－２（３階以上）（※洪水は最大規模）","神奈川県横浜市港北区樽町４－１５－１（横浜市立樽町中学校　校舎３－２（３階以上）","35.52852","139.642164"
"横浜市立樽町中学校　校舎３－２","神奈川県横浜市港北区樽町４－１５－１（横浜市立樽町中学校　校舎３－２）","35.528546","139.641831"
"横浜市立樽町中学校　体育館８","神奈川県横浜市港北区樽町４－１５－１（横浜市立樽町中学校　体育館８）","35.52876","139.641879"
"横浜市立城郷小学校　体育館１３－１","神奈川県横浜市港北区鳥山町814","35.504972","139.60309"
"横浜市立城郷小学校　校舎１９（２階以上）（※洪水は最大規模）","神奈川県横浜市港北区鳥山町814","35.504872","139.602216"
"横浜市立城郷小学校　校舎１９（※洪水は計画規模）","神奈川県横浜市港北区鳥山町814","35.50495","139.60228"
"横浜市立城郷小学校　校舎１５－１（２階以上）（※洪水は最大規模）","神奈川県横浜市港北区鳥山町814","35.505108","139.602415"
"横浜市立城郷小学校　校舎１５－１（※洪水は計画規模）","神奈川県横浜市港北区鳥山町814","35.505204","139.602495"
"横浜市立城郷小学校　校舎１３（※洪水は計画規模）","神奈川県横浜市港北区鳥山町814","35.505047","139.602967"
"横浜市立城郷小学校　校舎１０（２階以上）（※洪水は最大規模）","神奈川県横浜市港北区鳥山町814","35.50516","139.602822"
"横浜市立城郷小学校　校舎１０（※洪水は計画規模）","神奈川県横浜市港北区鳥山町814","35.505208","139.602726"
"横浜市立矢上小学校　体育館２－２","神奈川県横浜市港北区日吉3-23-1","35.55428","139.657994"
"横浜市立矢上小学校　校舎１２－１（３階以上）（※洪水は最大規模）","神奈川県横浜市港北区日吉3-23-1","35.553852","139.657903"
"横浜市立矢上小学校　校舎１２－１（※洪水は計画規模）","神奈川県横浜市港北区日吉3-23-1","35.554027","139.657973"
"横浜市立矢上小学校　校舎２－１","神奈川県横浜市港北区日吉3-23-1","35.55425","139.657876"
"横浜市立矢上小学校　校舎１","神奈川県横浜市港北区日吉3-23-1","35.554123","139.657495"
"横浜市立日吉台小学校　校舎３","神奈川県横浜市港北区日吉本町1-34-21","35.5528","139.643477"
"横浜市立日吉台小学校　校舎５","神奈川県横浜市港北区日吉本町1-34-21","35.552538","139.643815"
"横浜市立日吉台小学校　校舎１４","神奈川県横浜市港北区日吉本町1-34-21","35.552695","139.642924"
"横浜市立日吉台小学校　体育館６","神奈川県横浜市港北区日吉本町1-34-21","35.552386","139.643766"
"横浜市立駒林小学校　校舎３","神奈川県横浜市港北区日吉本町2-51-1","35.552505","139.635322"
"横浜市立駒林小学校　体育館７","神奈川県横浜市港北区日吉本町2-51-1","35.552667","139.634753"
"横浜市立駒林小学校　校舎１５－１","神奈川県横浜市港北区日吉本町2-51-1","35.552627","139.635027"
"横浜市立駒林小学校　校舎２－１","神奈川県横浜市港北区日吉本町2-51-1","35.552702","139.635263"
"横浜市立駒林小学校　校舎１－１","神奈川県横浜市港北区日吉本町2-51-1","35.552902","139.635166"
"横浜市立日吉南小学校　体育館２－１","神奈川県横浜市港北区日吉本町4-2-6","35.544741","139.638712"
"横浜市立日吉南小学校　校舎２９（３階以上）","神奈川県横浜市港北区日吉本町4-2-6","35.544326","139.639881"
"横浜市立日吉南小学校　校舎２９","神奈川県横浜市港北区日吉本町4-2-6","35.544475","139.639946"
"横浜市立日吉南小学校　校舎１１（２階以上）（※洪水は計画規模）","神奈川県横浜市港北区日吉本町4-2-6","35.544632","139.638851"
"横浜市立日吉南小学校　校舎１１","神奈川県横浜市港北区日吉本町4-2-6","35.544767","139.638916"
"横浜市立日吉南小学校　校舎１（３階以上）","神奈川県横浜市港北区日吉本町4-2-6","35.544772","139.639661"
"横浜市立日吉南小学校　校舎１","神奈川県横浜市港北区日吉本町4-2-6","35.544894","139.639254"
"横浜市立箕輪小学校　体育館","神奈川県横浜市港北区箕輪町2-7-1","35.544832","139.645613"
"横浜市立箕輪小学校　校舎１","神奈川県横浜市港北区箕輪町2-7-1","35.544916","139.645167"
"横浜市立羽沢小学校　校舎１－１","神奈川県横浜市神奈川区羽沢町935","35.488552","139.587255"
"横浜市立羽沢小学校　体育館５－１","神奈川県横浜市神奈川区羽沢町935","35.488115","139.586992"
"横浜市立羽沢小学校　校舎５","神奈川県横浜市神奈川区羽沢町935","35.488246","139.586955"
"横浜市立浦島小学校　体育館４－３","神奈川県横浜市神奈川区浦島丘16","35.483973","139.636436"
"横浜市立浦島小学校　校舎４－２","神奈川県横浜市神奈川区浦島丘16","35.483685","139.636645"
"横浜市立青木小学校　体育館１７－１","神奈川県横浜市神奈川区桐畑17","35.473316","139.626216"
"横浜市立青木小学校　校舎１７－２","神奈川県横浜市神奈川区桐畑17","35.473155","139.625985"
"横浜市立青木小学校　校舎８－１","神奈川県横浜市神奈川区桐畑17","35.473482","139.625706"
"横浜市立青木小学校　校舎１","神奈川県横浜市神奈川区桐畑17","35.473487","139.625567"
"横浜市立栗田谷中学校　体育館９","神奈川県横浜市神奈川区栗田谷3-1","35.47711","139.623828"
"横浜市立栗田谷中学校　校舎１","神奈川県横浜市神奈川区栗田谷3-1","35.477022","139.624391"
"横浜市立幸ケ谷小学校　体育館２２","神奈川県横浜市神奈川区幸ケ谷1-1","35.471945","139.630998"
"横浜市立幸ケ谷小学校　校舎２４","神奈川県横浜市神奈川区幸ケ谷1-1","35.471408","139.630515"
"横浜市立幸ケ谷小学校　校舎２１","神奈川県横浜市神奈川区幸ケ谷1-1","35.471486","139.631052"
"横浜市立幸ケ谷小学校　校舎１６","神奈川県横浜市神奈川区幸ケ谷1-1","35.471687","139.631132"
"横浜市立斎藤分小学校　体育館７","神奈川県横浜市神奈川区斎藤分町34-1","35.481871","139.623136"
"横浜市立斎藤分小学校　校舎１－１","神奈川県横浜市神奈川区斎藤分町34-1","35.482307","139.623361"
"横浜市立斎藤分小学校　校舎６","神奈川県横浜市神奈川区斎藤分町34-1","35.482242","139.623002"
"横浜市立松本中学校　校舎３０－１","神奈川県横浜市神奈川区三ツ沢下町30-1","35.480037","139.615624"
"横浜市立松本中学校　体育館１０","神奈川県横浜市神奈川区三ツ沢下町30-1","35.480395","139.615485"
"横浜市立松本中学校　校舎３１－１","神奈川県横浜市神奈川区三ツ沢下町30-1","35.479836","139.615817"
"横浜市立松本中学校　校舎２９－１","神奈川県横浜市神奈川区三ツ沢下町30-1","35.480259","139.615292"
"横浜市立松本中学校　校舎２７－１","神奈川県横浜市神奈川区三ツ沢下町30-1","35.480574","139.615131"
"横浜市立松本中学校　校舎１７－１","神奈川県横浜市神奈川区三ツ沢下町30-1","35.48022","139.615061"
"横浜市立松本中学校　校舎６－２","神奈川県横浜市神奈川区三ツ沢下町30-1","35.480382","139.614739"
"横浜市立三ツ沢小学校　校舎４","神奈川県横浜市神奈川区三ツ沢中町4-17","35.476142","139.607802"
"横浜市立三ツ沢小学校　校舎２０","神奈川県横浜市神奈川区三ツ沢中町4-17","35.476046","139.608371"
"横浜市立三ツ沢小学校　体育館３５","神奈川県横浜市神奈川区三ツ沢中町4-17","35.47571","139.608645"
"横浜市立三ツ沢小学校　校舎２５","神奈川県横浜市神奈川区三ツ沢中町4-17","35.475766","139.60806"
"横浜市立子安小学校　体育館３－１","神奈川県横浜市神奈川区新子安1-36-1","35.49074","139.654876"
"横浜市立子安小学校　校舎１－１","神奈川県横浜市神奈川区新子安1-36-1","35.490264","139.65508"
"横浜市立子安小学校　校舎２－１","神奈川県横浜市神奈川区新子安1-36-1","35.490408","139.65457"
"横浜市立南神大寺小学校　校舎１","神奈川県横浜市神奈川区神大寺2-9-16","35.485031","139.612208"
"横浜市立南神大寺小学校　体育館２","神奈川県横浜市神奈川区神大寺2-9-16","35.485515","139.612342"
"横浜市立中丸小学校　校舎１","神奈川県横浜市神奈川区神大寺3-17-1","35.482247","139.602862"
"横浜市立中丸小学校　体育館４－１","神奈川県横浜市神奈川区神大寺3-17-1","35.482038","139.603275"
"横浜市立神大寺小学校　体育館１８－２","神奈川県横浜市神奈川区神大寺3-34-1","35.487672","139.609593"
"横浜市立神大寺小学校　校舎９","神奈川県横浜市神奈川区神大寺3-34-1","35.487872","139.608955"
"横浜市立神大寺小学校　校舎１８－１","神奈川県横浜市神奈川区神大寺3-34-1","35.48772","139.609395"
"横浜市立神大寺小学校　校舎５","神奈川県横浜市神奈川区神大寺3-34-1","35.487816","139.60858"
"横浜市立菅田の丘小学校　体育館","神奈川県横浜市神奈川区菅田町1393","35.496469","139.585995"
"横浜市立菅田の丘小学校　校舎１","神奈川県横浜市神奈川区菅田町1393","35.496163","139.585936"
"横浜市立旧菅田小学校　体育館","神奈川県横浜市神奈川区菅田町674","35.496464","139.578103"
"横浜市立旧菅田小学校　校舎１","神奈川県横浜市神奈川区菅田町674","35.496198","139.578179"
"横浜市立西寺尾第二小学校　体育館２０－１","神奈川県横浜市神奈川区西寺尾2-15-1","35.499283","139.646452"
"横浜市立西寺尾第二小学校　校舎２２","神奈川県横浜市神奈川区西寺尾2-15-1","35.498986","139.646586"
"横浜市立西寺尾第二小学校　校舎２１－２","神奈川県横浜市神奈川区西寺尾2-15-1","35.49934","139.646672"
"横浜市立西寺尾第二小学校　校舎２０－２","神奈川県横浜市神奈川区西寺尾2-15-1","35.499252","139.646339"
"横浜市立西寺尾第二小学校　校舎２３","神奈川県横浜市神奈川区西寺尾2-15-1","35.499073","139.64687"
"横浜市立西寺尾小学校　校舎１－１","神奈川県横浜市神奈川区西寺尾2-5-1","35.497256","139.645747"
"横浜市立西寺尾小学校　体育館１－２","神奈川県横浜市神奈川区西寺尾2-5-1","35.497221","139.645269"
"横浜市立錦台中学校　校舎２１－１","神奈川県横浜市神奈川区西寺尾3-10-1","35.49588","139.650975"
"横浜市立錦台中学校　校舎２１－３","神奈川県横浜市神奈川区西寺尾3-10-1","35.496492","139.651098"
"横浜市立錦台中学校　体育館２１－４","神奈川県横浜市神奈川区西寺尾3-10-1","35.496322","139.651114"
"横浜市立錦台中学校　校舎２１－２","神奈川県横浜市神奈川区西寺尾3-10-1","35.496247","139.650631"
"横浜市立神奈川中学校　体育館２８－１","神奈川県横浜市神奈川区西大口141","35.491944","139.638605"
"横浜市立神奈川中学校　校舎２６","神奈川県横浜市神奈川区西大口141","35.492337","139.638213"
"横浜市立神奈川中学校　校舎２７","神奈川県横浜市神奈川区西大口141","35.4917","139.638471"
"横浜市立大口台小学校　体育館１６","神奈川県横浜市神奈川区大口仲町460","35.495813","139.638219"
"横浜市立大口台小学校　校舎１０","神奈川県横浜市神奈川区大口仲町460","35.495433","139.637345"
"横浜市立大口台小学校　校舎９","神奈川県横浜市神奈川区大口仲町460","35.495503","139.637779"
"横浜市立神奈川小学校　校舎５－１","神奈川県横浜市神奈川区東神奈川2-35-1","35.4773","139.635728"
"横浜市立神奈川小学校　校舎１－１","神奈川県横浜市神奈川区東神奈川2-35-1","35.477514","139.635948"
"横浜市立神奈川小学校　校舎２－１","神奈川県横浜市神奈川区東神奈川2-35-1","35.477518","139.635578"
"横浜市立神奈川小学校　体育館３－１","神奈川県横浜市神奈川区東神奈川2-35-1","35.477776","139.635642"
"横浜市立白幡小学校　校舎２１－１","神奈川県横浜市神奈川区白幡上町11-1","35.491388","139.631717"
"横浜市立白幡小学校　体育館２５","神奈川県横浜市神奈川区白幡上町11-1","35.492048","139.631851"
"横浜市立白幡小学校　校舎２０","神奈川県横浜市神奈川区白幡上町11-1","35.491388","139.632194"
"横浜市立浦島丘中学校　体育館１２－１","神奈川県横浜市神奈川区白幡東町27-1","35.486055","139.641719"
"横浜市立浦島丘中学校　校舎１８","神奈川県横浜市神奈川区白幡東町27-1","35.485793","139.641188"
"横浜市立浦島丘中学校　校舎７－４","神奈川県横浜市神奈川区白幡東町27-1","35.485893","139.641858"
"横浜市立浦島丘中学校　校舎２１","神奈川県横浜市神奈川区白幡東町27-1","35.485932","139.640705"
"横浜市立二谷小学校　校舎８","神奈川県横浜市神奈川区平川町11-1","35.480354","139.62838"
"横浜市立二谷小学校　校舎５","神奈川県横浜市神奈川区平川町11-1","35.480669","139.628536"
"横浜市立二谷小学校　校舎４－１","神奈川県横浜市神奈川区平川町11-1","35.480686","139.628997"
"横浜市立二谷小学校　体育館１４","神奈川県横浜市神奈川区平川町11-1","35.480341","139.629024"
"横浜市立神橋小学校　校舎１８－１","神奈川県横浜市神奈川区六角橋2-34-19","35.489937","139.620402"
"横浜市立神橋小学校　校舎９","神奈川県横浜市神奈川区六角橋2-34-19","35.48985","139.621566"
"横浜市立神橋小学校　体育館８－１","神奈川県横浜市神奈川区六角橋2-34-19","35.489601","139.621695"
"横浜市立神橋小学校　校舎１９－１","神奈川県横浜市神奈川区六角橋2-34-19","35.489741","139.620423"
"横浜市立神橋小学校　校舎１７－１","神奈川県横浜市神奈川区六角橋2-34-19","35.489937","139.621072"
"横浜市立六角橋中学校　校舎３５－１","神奈川県横浜市神奈川区六角橋5-33-1","35.490936","139.614136"
"横浜市立六角橋中学校　体育館３７－１","神奈川県横浜市神奈川区六角橋5-33-1","35.490875","139.613524"
"横浜市立六角橋中学校　校舎１８－１","神奈川県横浜市神奈川区六角橋5-33-1","35.490412","139.61376"
"横浜市立六角橋中学校　校舎６","神奈川県横浜市神奈川区六角橋5-33-1","35.490718","139.613765"
"横浜市立六角橋中学校　校舎３６","神奈川県横浜市神奈川区六角橋5-33-1","35.490543","139.614157"
"横浜市立原中学校　校舎４－１","神奈川県横浜市瀬谷区阿久和西2-1-6","35.454649","139.497676"
"横浜市立原中学校　体育館","神奈川県横浜市瀬谷区阿久和西2-1-6","35.453976","139.498202"
"横浜市立原中学校　校舎２９","神奈川県横浜市瀬谷区阿久和西2-1-6","35.453757","139.497724"
"横浜市立原中学校　校舎１５","神奈川県横浜市瀬谷区阿久和西2-1-6","35.454102","139.497639"
"横浜市立原中学校　校舎４－２","神奈川県横浜市瀬谷区阿久和西2-1-6","35.454745","139.498202"
"横浜市立原小学校　体育館","神奈川県横浜市瀬谷区阿久和東4-33-1","35.447183","139.501126"
"横浜市立原小学校　校舎１９","神奈川県横浜市瀬谷区阿久和東4-33-1","35.446855","139.500166"
"横浜市立原小学校　校舎１３","神奈川県横浜市瀬谷区阿久和東4-33-1","35.447213","139.500526"
"横浜市立原小学校　校舎５","神奈川県横浜市瀬谷区阿久和東4-33-1","35.447467","139.500445"
"横浜市立阿久和小学校　校舎１","神奈川県横浜市瀬谷区阿久和南4-8-2","35.441083","139.49705"
"横浜市立阿久和小学校　体育館","神奈川県横浜市瀬谷区阿久和南4-8-2","35.441651","139.496835"
"横浜市立瀬谷さくら小学校　体育館","神奈川県横浜市瀬谷区下瀬谷3-58-1","35.451406","139.481839"
"横浜市立瀬谷さくら小学校　校舎１","神奈川県横浜市瀬谷区下瀬谷3-58-1","35.451406","139.481297"
"横浜市立瀬谷第二小学校　校舎２","神奈川県横浜市瀬谷区橋戸2-41-1","35.461012","139.481857"
"横浜市立瀬谷第二小学校　校舎１","神奈川県横浜市瀬谷区橋戸2-41-1","35.460715","139.481937"
"横浜市立瀬谷第二小学校　校舎１５","神奈川県横浜市瀬谷区橋戸2-41-1","35.460872","139.482029"
"横浜市立瀬谷第二小学校　体育館","神奈川県横浜市瀬谷区橋戸2-41-1","35.4603","139.481669"
"横浜市立三ツ境小学校　校舎２－１","神奈川県横浜市瀬谷区三ツ境157","35.460732","139.498498"
"横浜市立三ツ境小学校　体育館","神奈川県横浜市瀬谷区三ツ境157","35.460405","139.498509"
"横浜市立三ツ境小学校　校舎２７","神奈川県横浜市瀬谷区三ツ境157","35.460531","139.498128"
"横浜市立三ツ境小学校　校舎１５","神奈川県横浜市瀬谷区三ツ境157","35.460977","139.498327"
"横浜市立三ツ境小学校　校舎３","神奈川県横浜市瀬谷区三ツ境157","35.460318","139.498144"
"横浜市立上瀬谷小学校　校舎１６","神奈川県横浜市瀬谷区瀬谷町7140","35.489377","139.477141"
"横浜市立上瀬谷小学校　体育館","神奈川県横浜市瀬谷区瀬谷町7140","35.4896","139.476443"
"横浜市立上瀬谷小学校　校舎４","神奈川県横浜市瀬谷区瀬谷町7140","35.489704","139.476985"
"横浜市立上瀬谷小学校　校舎６","神奈川県横浜市瀬谷区瀬谷町7140","35.489447","139.477597"
"横浜市立相沢小学校　校舎１０","神奈川県横浜市瀬谷区相沢2-56-1","35.475281","139.490622"
"横浜市立相沢小学校　体育館","神奈川県横浜市瀬谷区相沢2-56-1","35.475159","139.489775"
"横浜市立相沢小学校　校舎３","神奈川県横浜市瀬谷区相沢2-56-1","35.475525","139.490424"
"横浜市立相沢小学校　校舎１－１","神奈川県横浜市瀬谷区相沢2-56-1","35.475491","139.489882"
"横浜市立瀬谷小学校　校舎１４","神奈川県横浜市瀬谷区相沢4-1-1","35.472948","139.484932"
"横浜市立瀬谷小学校　校舎６","神奈川県横浜市瀬谷区相沢4-1-1","35.472516","139.484133"
"横浜市立瀬谷小学校　校舎４","神奈川県横浜市瀬谷区相沢4-1-1","35.472682","139.483902"
"横浜市立瀬谷小学校　校舎７－１","神奈川県横浜市瀬谷区相沢4-1-1","35.472275","139.484278"
"横浜市立瀬谷小学校　体育館","神奈川県横浜市瀬谷区相沢4-1-1","35.472765","139.484525"
"横浜市立瀬谷中学校　校舎４３","神奈川県横浜市瀬谷区中央5-41","35.471748","139.481759"
"横浜市立瀬谷中学校　体育館","神奈川県横浜市瀬谷区中央5-41","35.471119","139.480907"
"横浜市立瀬谷中学校　校舎１－１","神奈川県横浜市瀬谷区中央5-41","35.472076","139.480922"
"横浜市立瀬谷中学校　校舎４","神奈川県横浜市瀬谷区中央5-41","35.471661","139.480928"
"横浜市立瀬谷中学校　校舎５","神奈川県横浜市瀬谷区中央5-41","35.471089","139.481765"
"横浜市立瀬谷中学校　校舎２２－１","神奈川県横浜市瀬谷区中央5-41","35.472011","139.481438"
"横浜市立瀬谷中学校　校舎２８","神奈川県横浜市瀬谷区中央5-41","35.471482","139.481776"
"横浜市立南瀬谷小学校　体育館","神奈川県横浜市瀬谷区南瀬谷1-1-1","35.456692","139.486101"
"横浜市立南瀬谷小学校　校舎４－１","神奈川県横浜市瀬谷区南瀬谷1-1-1","35.457186","139.487238"
"横浜市立南瀬谷小学校　校舎４－２","神奈川県横浜市瀬谷区南瀬谷1-1-1","35.457422","139.486728"
"横浜市立南瀬谷小学校　校舎１５","神奈川県横浜市瀬谷区南瀬谷1-1-1","35.457064","139.486208"
"横浜市立南瀬谷小学校　校舎２０","神奈川県横浜市瀬谷区南瀬谷1-1-1","35.457226","139.486541"
"横浜市立南瀬谷小学校　校舎３２－３","神奈川県横浜市瀬谷区南瀬谷1-1-1","35.456688","139.486283"
"神奈川県立横浜ひなたやま支援学校　校舎１５","神奈川県横浜市瀬谷区南瀬谷2-20","35.445623","139.485668"
"神奈川県立横浜ひなたやま支援学校　体育館","神奈川県横浜市瀬谷区南瀬谷2-20","35.446082","139.485743"
"横浜市立南瀬谷中学校　校舎５","神奈川県横浜市瀬谷区南台2-2-8","35.457967","139.485583"
"横浜市立南瀬谷中学校　校舎６","神奈川県横浜市瀬谷区南台2-2-8","35.458269","139.485696"
"横浜市立南瀬谷中学校　体育館","神奈川県横浜市瀬谷区南台2-2-8","35.457045","139.484762"
"横浜市立南瀬谷中学校　校舎１","神奈川県横浜市瀬谷区南台2-2-8","35.457487","139.485369"
"横浜市立二つ橋小学校　体育館","神奈川県横浜市瀬谷区二ツ橋町507","35.472922","139.498002"
"横浜市立二つ橋小学校　校舎１","神奈川県横浜市瀬谷区二ツ橋町507","35.473141","139.497412"
"横浜市立二つ橋小学校　校舎１１","神奈川県横浜市瀬谷区二ツ橋町507","35.472874","139.497359"
"横浜市立大門小学校　校舎２","神奈川県横浜市瀬谷区本郷3-47-5","35.471305","139.474846"
"横浜市立大門小学校　校舎１","神奈川県横浜市瀬谷区本郷3-47-5","35.471519","139.474906"
"横浜市立大門小学校　校舎１（２階以上）","神奈川県横浜市瀬谷区本郷3-47-5","35.471593","139.475329"
"横浜市立大門小学校　体育館","神奈川県横浜市瀬谷区本郷3-47-5","35.47096","139.474932"
"横浜市立大門小学校　校舎２（２階以上）","神奈川県横浜市瀬谷区本郷3-47-5","35.471191","139.474873"
"横浜市立大門小学校　校舎７","神奈川県横浜市瀬谷区本郷3-47-5","35.470977","139.475029"
"横浜市立戸部小学校　体育館","神奈川県横浜市西区伊勢町2-115","35.453166","139.62136"
"横浜市立戸部小学校　校舎１","神奈川県横浜市西区伊勢町2-115","35.453118","139.621913"
"横浜市立岡野中学校　校舎７（２階以上）","神奈川県横浜市西区岡野2-14-1","35.46156","139.611785"
"横浜市立岡野中学校　校舎７","神奈川県横浜市西区岡野2-14-1","35.462016","139.611939"
"横浜市立岡野中学校　体育館","神奈川県横浜市西区岡野2-14-1","35.46156","139.611785"
"横浜市立宮谷小学校　体育館","神奈川県横浜市西区宮ケ谷6-7","35.466561","139.608285"
"横浜市立宮谷小学校　校舎１４－１","神奈川県横浜市西区宮ケ谷6-7","35.466299","139.608757"
"横浜市立一本松小学校　体育館","神奈川県横浜市西区西戸部町1-115","35.447463","139.619217"
"横浜市立一本松小学校　校舎１６－３","神奈川県横浜市西区西戸部町1-115","35.447275","139.619297"
"横浜市立一本松小学校　校舎５－１","神奈川県横浜市西区西戸部町1-115","35.446948","139.618954"
"横浜市立一本松小学校　校舎１－３","神奈川県横浜市西区西戸部町1-115","35.44669","139.618707"
"横浜市立西中学校　体育館","神奈川県横浜市西区西戸部町3-286","35.451991","139.618407"
"横浜市立西中学校　校舎１","神奈川県横浜市西区西戸部町3-286","35.451816","139.618541"
"横浜市立浅間台小学校　体育館","神奈川県横浜市西区浅間町3-237","35.460979","139.605323"
"横浜市立浅間台小学校　校舎２０","神奈川県横浜市西区浅間町3-237","35.462037","139.605897"
"横浜市立浅間台小学校　校舎１４","神奈川県横浜市西区浅間町3-237","35.461867","139.605881"
"横浜市立浅間台小学校　校舎１７","神奈川県横浜市西区浅間町3-237","35.461443","139.605682"
"横浜市立西前小学校　体育館","神奈川県横浜市西区中央2-27-7","35.453559","139.616051"
"横浜市立西前小学校　校舎１４－１","神奈川県横浜市西区中央2-27-7","35.453918","139.615702"
"横浜市立東小学校　体育館","神奈川県横浜市西区東ケ丘59","35.443679","139.62383"
"横浜市立東小学校　校舎１","神奈川県横浜市西区東ケ丘59","35.44326","139.623766"
"横浜市立稲荷台小学校　体育館","神奈川県横浜市西区藤棚町2-220","35.449082","139.612449"
"横浜市立稲荷台小学校　校舎７","神奈川県横浜市西区藤棚町2-220","35.448819","139.612428"
"横浜市立平沼小学校　校舎４－１","神奈川県横浜市西区平沼2-11-36","35.457257","139.615962"
"横浜市立平沼小学校　体育館","神奈川県横浜市西区平沼2-11-36","35.457804","139.615555"
"横浜市立平沼小学校　校舎１","神奈川県横浜市西区平沼2-11-36","35.457161","139.61571"
"横浜市立軽井沢中学校　体育館","神奈川県横浜市西区北軽井沢24","35.468996","139.609874"
"横浜市立軽井沢中学校　校舎１６－１","神奈川県横浜市西区北軽井沢24","35.46888","139.609587"
"横浜市立老松中学校　体育館","神奈川県横浜市西区老松町27","35.448174","139.62425"
"横浜市立老松中学校　校舎７","神奈川県横浜市西区老松町27","35.447863","139.624834"
"横浜市立老松中学校　校舎１","神奈川県横浜市西区老松町27","35.448261","139.62485"
"横浜市立あかね台中学校　体育館５－１","神奈川県横浜市青葉区あかね台2-8-2","35.541102","139.484628"
"横浜市立あかね台中学校　校舎３－１","神奈川県横浜市青葉区あかね台2-8-2","35.542028","139.485314"
"横浜市立あかね台中学校　校舎２－１","神奈川県横浜市青葉区あかね台2-8-2","35.541639","139.485395"
"横浜市立あかね台中学校　校舎１－１","神奈川県横浜市青葉区あかね台2-8-2","35.541146","139.485019"
"横浜市立あざみ野中学校　体育館２","神奈川県横浜市青葉区あざみ野1-29-1","35.572376","139.546534"
"横浜市立あざみ野中学校　校舎１２","神奈川県横浜市青葉区あざみ野1-29-1","35.571922","139.547542"
"横浜市立あざみ野中学校　校舎１－１","神奈川県横浜市青葉区あざみ野1-29-1","35.571752","139.547366"
"横浜市立あざみ野中学校　校舎１","神奈川県横浜市青葉区あざみ野1-29-1","35.571748","139.546561"
"横浜市立あざみ野第二小学校　体育館２","神奈川県横浜市青葉区あざみ野3-29-3","35.564048","139.541364"
"横浜市立あざみ野第二小学校　校舎１１","神奈川県横浜市青葉区あざみ野3-29-3","35.563608","139.541723"
"横浜市立あざみ野第二小学校　校舎１","神奈川県横浜市青葉区あざみ野3-29-3","35.563917","139.542056"
"横浜市立あざみ野第一小学校　体育館６","神奈川県横浜市青葉区あざみ野4-6-1","35.572215","139.542253"
"横浜市立あざみ野第一小学校　校舎１１","神奈川県横浜市青葉区あざみ野4-6-1","35.571683","139.542843"
"横浜市立あざみ野第一小学校　校舎４－１","神奈川県横浜市青葉区あざみ野4-6-1","35.572045","139.54272"
"横浜市立あざみ野第一小学校　校舎１","神奈川県横浜市青葉区あざみ野4-6-1","35.571796","139.542495"
"横浜市立さつきが丘小学校　体育館１－３","神奈川県横浜市青葉区さつきが丘8","35.532403","139.518384"
"横浜市立さつきが丘小学校　校舎１－２","神奈川県横浜市青葉区さつきが丘8","35.532403","139.518786"
"横浜市立さつきが丘小学校　校舎１－１","神奈川県横浜市青葉区さつきが丘8","35.532119","139.519087"
"横浜市立嶮山小学校　体育館２","神奈川県横浜市青葉区すすき野1-6-4","35.575826","139.528728"
"横浜市立嶮山小学校　校舎１","神奈川県横浜市青葉区すすき野1-6-4","35.5759","139.529425"
"横浜市立すすき野小学校　体育館７－１","神奈川県横浜市青葉区すすき野3-4-1","35.579522","139.530076"
"横浜市立すすき野小学校　校舎８","神奈川県横浜市青葉区すすき野3-4-1","35.579592","139.530392"
"横浜市立すすき野小学校　校舎２","神奈川県横浜市青葉区すすき野3-4-1","35.579522","139.530693"
"横浜市立すすき野小学校　校舎１","神奈川県横浜市青葉区すすき野3-4-1","35.57926","139.530446"
"横浜市立奈良中学校　体育館２","神奈川県横浜市青葉区すみよし台36-3","35.557231","139.494321"
"横浜市立奈良中学校　校舎１２－１","神奈川県横浜市青葉区すみよし台36-3","35.556969","139.495372"
"横浜市立奈良中学校　校舎１－１","神奈川県横浜市青葉区すみよし台36-3","35.556974","139.49511"
"横浜市立奈良中学校　校舎１","神奈川県横浜市青葉区すみよし台36-3","35.556974","139.494696"
"横浜市立つつじが丘小学校　体育館７－２","神奈川県横浜市青葉区つつじが丘34","35.535441","139.52041"
"横浜市立つつじが丘小学校　校舎７－１","神奈川県横浜市青葉区つつじが丘34","35.535554","139.520426"
"横浜市立つつじが丘小学校　校舎３","神奈川県横浜市青葉区つつじが丘34","35.535694","139.519654"
"横浜市立つつじが丘小学校　校舎２","神奈川県横浜市青葉区つつじが丘34","35.535943","139.520121"
"横浜市立みたけ台小学校　体育館２","神奈川県横浜市青葉区みたけ台18","35.556598","139.517539"
"横浜市立みたけ台小学校　校舎３－１","神奈川県横浜市青葉区みたけ台18","35.556049","139.517013"
"横浜市立みたけ台小学校　校舎１","神奈川県横浜市青葉区みたけ台18","35.556555","139.517077"
"横浜市立みたけ台中学校　校舎５","神奈川県横浜市青葉区みたけ台30","35.557055","139.521357"
"横浜市立みたけ台中学校　体育館２","神奈川県横浜市青葉区みたけ台30","35.556976","139.520799"
"横浜市立みたけ台中学校　校舎４","神奈川県横浜市青葉区みたけ台30","35.556876","139.52118"
"横浜市立みたけ台中学校　校舎１","神奈川県横浜市青葉区みたけ台30","35.556675","139.521164"
"横浜市立もえぎ野小学校　校舎１－１","神奈川県横浜市青葉区もえぎ野16","35.548626","139.523156"
"横浜市立もえぎ野小学校　体育館４","神奈川県横浜市青葉区もえぎ野16","35.548474","139.523628"
"横浜市立もえぎ野小学校　校舎１７","神奈川県横浜市青葉区もえぎ野16","35.548238","139.523311"
"横浜市立もえぎ野小学校　校舎１６","神奈川県横浜市青葉区もえぎ野16","35.548465","139.523327"
"横浜市立もえぎ野小学校　校舎６－１","神奈川県横浜市青葉区もえぎ野16","35.54836","139.523134"
"横浜市立荏子田小学校　校舎２","神奈川県横浜市青葉区荏子田3-8-9","35.575104","139.535064"
"横浜市立荏子田小学校　体育館９","神奈川県横浜市青葉区荏子田3-8-9","35.575003","139.535617"
"横浜市立荏子田小学校　校舎１","神奈川県横浜市青葉区荏子田3-8-9","35.574855","139.535499"
"横浜市立荏田西小学校　校舎１１","神奈川県横浜市青葉区荏田西4-5-1","35.54718","139.548942"
"横浜市立荏田西小学校　体育館９","神奈川県横浜市青葉区荏田西4-5-1","35.547446","139.548921"
"横浜市立荏田西小学校　校舎１２－１","神奈川県横浜市青葉区荏田西4-5-1","35.547463","139.549291"
"横浜市立荏田西小学校　校舎８－１","神奈川県横浜市青葉区荏田西4-5-1","35.547651","139.549205"
"横浜市立榎が丘小学校　校舎２","神奈川県横浜市青葉区榎が丘29","35.542223","139.51028"
"横浜市立榎が丘小学校　体育館８－２","神奈川県横浜市青葉区榎が丘29","35.542166","139.509819"
"横浜市立榎が丘小学校　校舎７","神奈川県横浜市青葉区榎が丘29","35.542074","139.510264"
"横浜市立榎が丘小学校　校舎５","神奈川県横浜市青葉区榎が丘29","35.541764","139.509872"
"横浜市立榎が丘小学校　校舎１","神奈川県横浜市青葉区榎が丘29","35.541948","139.510012"
"横浜市立鴨志田緑小学校　体育館２","神奈川県横浜市青葉区鴨志田町532","35.563406","139.504928"
"横浜市立鴨志田緑小学校　校舎１","神奈川県横浜市青葉区鴨志田町532","35.56386","139.504917"
"横浜市立鴨志田第一小学校　校舎３","神奈川県横浜市青葉区鴨志田町805-6","35.557089","139.509542"
"横浜市立鴨志田第一小学校　体育館２","神奈川県横浜市青葉区鴨志田町805-6","35.557342","139.509333"
"横浜市立鴨志田第一小学校　校舎１－１","神奈川県横浜市青葉区鴨志田町805-6","35.557089","139.509183"
"横浜市立桂小学校　体育館４","神奈川県横浜市青葉区桂台1-4","35.548539","139.504766"
"横浜市立桂小学校　校舎１","神奈川県横浜市青葉区桂台1-4","35.548312","139.505142"
"横浜市立恩田小学校　校舎１０","神奈川県横浜市青葉区桂台2-36","35.552076","139.499042"
"横浜市立恩田小学校　体育館２","神奈川県横浜市青葉区桂台2-36","35.552513","139.499058"
"横浜市立恩田小学校　校舎１","神奈川県横浜市青葉区桂台2-36","35.552273","139.499605"
"横浜市立黒須田小学校　校舎３－１","神奈川県横浜市青葉区黒須田34-1","35.568341","139.533174"
"横浜市立黒須田小学校　体育館４－１","神奈川県横浜市青葉区黒須田34-1","35.568354","139.532842"
"横浜市立黒須田小学校　校舎２－１","神奈川県横浜市青葉区黒須田34-1","35.56801","139.532906"
"横浜市立黒須田小学校　校舎１","神奈川県横浜市青葉区黒須田34-1","35.567691","139.532944"
"横浜市立青葉台小学校　校舎３","神奈川県横浜市青葉区桜台47","35.551128","139.509776"
"横浜市立青葉台小学校　校舎１－１","神奈川県横浜市青葉区桜台47","35.550844","139.509813"
"横浜市立青葉台小学校　体育館１３－２","神奈川県横浜市青葉区桜台47","35.551194","139.509588"
"横浜市立青葉台小学校　校舎１４","神奈川県横浜市青葉区桜台47","35.551351","139.509813"
"横浜市立青葉台小学校　校舎１３－１","神奈川県横浜市青葉区桜台47","35.551294","139.509502"
"横浜市立市ケ尾小学校　校舎１","神奈川県横浜市青葉区市ケ尾町1632-1","35.556062","139.539984"
"横浜市立市ケ尾小学校　体育館２","神奈川県横浜市青葉区市ケ尾町1632-1","35.556433","139.539748"
"横浜市立東市ケ尾小学校　体育館４","神奈川県横浜市青葉区市ケ尾町519","35.543383","139.545983"
"横浜市立東市ケ尾小学校　校舎１","神奈川県横浜市青葉区市ケ尾町519","35.543156","139.546444"
"横浜市立山内小学校　校舎１６－１","神奈川県横浜市青葉区新石川1-20-1","35.568766","139.556987"
"横浜市立山内小学校　校舎８","神奈川県横浜市青葉区新石川1-20-1","35.568748","139.557427"
"横浜市立山内小学校　体育館１６－２","神奈川県横浜市青葉区新石川1-20-1","35.568595","139.556912"
"横浜市立山内小学校　校舎３６","神奈川県横浜市青葉区新石川1-20-1","35.568731","139.556718"
"横浜市立山内小学校　校舎２４","神奈川県横浜市青葉区新石川1-20-1","35.569141","139.556386"
"横浜市立山内小学校　校舎１４","神奈川県横浜市青葉区新石川1-20-1","35.568966","139.556906"
"横浜市立新石川小学校　校舎１２","神奈川県横浜市青葉区新石川3-12-1","35.576895","139.562539"
"横浜市立新石川小学校　校舎１０","神奈川県横浜市青葉区新石川3-12-1","35.576755","139.562169"
"横浜市立新石川小学校　体育館２","神奈川県横浜市青葉区新石川3-12-1","35.576812","139.561793"
"横浜市立新石川小学校　校舎１３","神奈川県横浜市青葉区新石川3-12-1","35.57648","139.561954"
"横浜市立新石川小学校　校舎１１","神奈川県横浜市青葉区新石川3-12-1","35.576589","139.56248"
"横浜市立青葉台中学校　校舎１","神奈川県横浜市青葉区青葉台2-25-2","35.547536","139.515124"
"横浜市立青葉台中学校　体育館８－３","神奈川県横浜市青葉区青葉台2-25-2","35.547152","139.514641"
"横浜市立青葉台中学校　校舎８－１","神奈川県横浜市青葉区青葉台2-25-2","35.547305","139.514647"
"横浜市立緑が丘中学校　校舎１","神奈川県横浜市青葉区千草台50-1","35.535885","139.536606"
"横浜市立緑が丘中学校　体育館２","神奈川県横浜市青葉区千草台50-1","35.535824","139.537131"
"横浜市立鉄小学校　校舎１（３階以上）（※洪水は最大規模）","神奈川県横浜市青葉区鉄町427","35.562352","139.519527"
"横浜市立鉄小学校　校舎２－１（※洪水は計画規模）","神奈川県横浜市青葉区鉄町427","35.562352","139.519527"
"横浜市立鉄小学校　校舎１（※洪水は計画規模）","神奈川県横浜市青葉区鉄町427","35.562609","139.519945"
"横浜市立鉄小学校　体育館２－２（※洪水は計画規模）","神奈川県横浜市青葉区鉄町427","35.562203","139.51943"
"横浜市立田奈小学校　校舎１５","神奈川県横浜市青葉区田奈町51-13","35.53914","139.499755"
"横浜市立田奈小学校　体育館１５－３","神奈川県横浜市青葉区田奈町51-13","35.539013","139.499701"
"横浜市立田奈小学校　校舎７","神奈川県横浜市青葉区田奈町51-13","35.539288","139.500184"
"横浜市立田奈小学校　校舎１","神奈川県横浜市青葉区田奈町51-13","35.538887","139.499717"
"横浜市立谷本小学校　体育館１７","神奈川県横浜市青葉区藤が丘1-55-10","35.543099","139.535895"
"横浜市立谷本小学校　校舎１２","神奈川県横浜市青葉区藤が丘1-55-10","35.543287","139.535525"
"横浜市立谷本小学校　校舎１１","神奈川県横浜市青葉区藤が丘1-55-10","35.543142","139.534892"
"横浜市立藤が丘小学校　体育館２－２","神奈川県横浜市青葉区藤が丘2-30-3","35.539465","139.525803"
"横浜市立藤が丘小学校　校舎１－１","神奈川県横浜市青葉区藤が丘2-30-3","35.539142","139.5262"
"横浜市立奈良の丘小学校　体育館２－２","神奈川県横浜市青葉区奈良2-29-1","35.55096","139.486442"
"横浜市立奈良の丘小学校　校舎１","神奈川県横浜市青葉区奈良2-29-1","35.551601","139.486753"
"横浜市立奈良の丘小学校　校舎２－１","神奈川県横浜市青葉区奈良2-29-1","35.551283","139.486383"
"横浜市立奈良小学校　校舎１２","神奈川県横浜市青葉区奈良町1541-2","35.56284","139.481386"
"横浜市立奈良小学校　校舎１","神奈川県横浜市青葉区奈良町1541-2","35.562779","139.480887"
"横浜市立奈良小学校　体育館５－２","神奈川県横浜市青葉区奈良町1541-2","35.562233","139.48063"
"横浜市立奈良小学校　校舎５－１","神奈川県横浜市青葉区奈良町1541-2","35.562403","139.480587"
"横浜市立谷本中学校　校舎３－１","神奈川県横浜市青葉区梅が丘5","35.537221","139.522719"
"横浜市立谷本中学校　校舎１","神奈川県横浜市青葉区梅が丘5","35.537243","139.522188"
"横浜市立谷本中学校　体育館６－２","神奈川県横浜市青葉区梅が丘5","35.536667","139.522922"
"横浜市立谷本中学校　校舎１２","神奈川県横浜市青葉区梅が丘5","35.537029","139.521914"
"横浜市立谷本中学校　校舎６－１","神奈川県横浜市青葉区梅が丘5","35.536789","139.522928"
"横浜市立谷本中学校　校舎２－１","神奈川県横浜市青葉区梅が丘5","35.537077","139.522735"
"横浜市立美しが丘東小学校　体育館２","神奈川県横浜市青葉区美しが丘2-25","35.582506","139.560129"
"横浜市立美しが丘東小学校　校舎１－１","神奈川県横浜市青葉区美しが丘2-25","35.582336","139.560467"
"横浜市立美しが丘東小学校　校舎３","神奈川県横浜市青葉区美しが丘2-25","35.582008","139.559893"
"横浜市立美しが丘小学校　体育館３－１","神奈川県横浜市青葉区美しが丘2-29","35.584095","139.556761"
"横浜市立美しが丘小学校　校舎１－１","神奈川県横浜市青葉区美しが丘2-29","35.584361","139.556681"
"横浜市立美しが丘小学校　校舎２","神奈川県横浜市青葉区美しが丘2-29","35.584567","139.556938"
"横浜市立美しが丘中学校　体育館８","神奈川県横浜市青葉区美しが丘3-41-1","35.587839","139.550658"
"横浜市立美しが丘中学校　校舎１","神奈川県横浜市青葉区美しが丘3-41-1","35.587931","139.551505"
"横浜市立美しが丘中学校　校舎３","神奈川県横浜市青葉区美しが丘3-41-1","35.588027","139.551194"
"横浜市立元石川小学校　校舎１","神奈川県横浜市青葉区美しが丘4-31-1","35.583211","139.548324"
"横浜市立元石川小学校　体育館７－１","神奈川県横浜市青葉区美しが丘4-31-1","35.583067","139.547879"
"横浜市立元石川小学校　校舎８","神奈川県横浜市青葉区美しが丘4-31-1","35.582993","139.548957"
"横浜市立山内中学校　体育館３０－１","神奈川県横浜市青葉区美しが丘5-4","35.576571","139.552559"
"横浜市立山内中学校　校舎１９","神奈川県横浜市青葉区美しが丘5-4","35.577051","139.552467"
"横浜市立山内中学校　校舎１４","神奈川県横浜市青葉区美しが丘5-4","35.576724","139.551829"
"横浜市立山内中学校　校舎８","神奈川県横浜市青葉区美しが丘5-4","35.577055","139.551706"
"横浜市立美しが丘西小学校　体育館２－１","神奈川県横浜市青葉区美しが丘西2-48-1","35.590082","139.534019"
"横浜市立美しが丘西小学校　校舎１－１","神奈川県横浜市青葉区美しが丘西2-48-1","35.590161","139.534668"
"横浜市立岡津小学校　校舎１２－１","神奈川県横浜市泉区岡津町2311","35.428283","139.524622"
"横浜市立岡津小学校　校舎１－２","神奈川県横浜市泉区岡津町2311","35.428274","139.524129"
"横浜市立岡津小学校　体育館","神奈川県横浜市泉区岡津町2311","35.428008","139.523887"
"横浜市立岡津小学校　校舎５","神奈川県横浜市泉区岡津町2311","35.427947","139.524419"
"横浜市立上飯田小学校　体育館","神奈川県横浜市泉区上飯田町1331","35.42387","139.480028"
"横浜市立上飯田小学校　校舎１","神奈川県横浜市泉区上飯田町1331","35.424106","139.480307"
"横浜市立上飯田小学校　校舎３","神奈川県横浜市泉区上飯田町1331","35.424324","139.48043"
"横浜市立上飯田中学校　体育館","神奈川県横浜市泉区上飯田町2254","35.430362","139.482106"
"横浜市立上飯田中学校　校舎１","神奈川県横浜市泉区上飯田町2254","35.429807","139.481671"
"横浜市立上飯田中学校　校舎１１","神奈川県横浜市泉区上飯田町2254","35.429968","139.482315"
"旧横浜市立いちょう小学校　校舎５","神奈川県横浜市泉区上飯田町3220-4","35.432078","139.475323"
"旧横浜市立いちょう小学校　校舎１","神奈川県横浜市泉区上飯田町3220-4","35.432445","139.475178"
"旧横浜市立いちょう小学校　体育館","神奈川県横浜市泉区上飯田町3220-4","35.431685","139.475125"
"旧横浜市立いちょう小学校　校舎８－１","神奈川県横浜市泉区上飯田町3220-4","35.431567","139.475194"
"旧横浜市立いちょう小学校　校舎４－１","神奈川県横浜市泉区上飯田町3220-4","35.432135","139.474996"
"横浜市立飯田北いちょう小学校　体育館","神奈川県横浜市泉区上飯田町3795","35.434675","139.481473"
"横浜市立飯田北いちょう小学校　校舎１","神奈川県横浜市泉区上飯田町3795","35.434417","139.481558"
"横浜市立飯田北いちょう小学校　校舎６","神奈川県横浜市泉区上飯田町3795","35.434177","139.48144"
"横浜市立新橋小学校　校舎１０","神奈川県横浜市泉区新橋町909","35.434491","139.506267"
"横浜市立新橋小学校　体育館","神奈川県横浜市泉区新橋町909","35.434181","139.505886"
"横浜市立新橋小学校　校舎１","神奈川県横浜市泉区新橋町909","35.434373","139.506664"
"横浜市立西が岡小学校　体育館","神奈川県横浜市泉区西が岡3-12-11","35.419175","139.515415"
"横浜市立西が岡小学校　校舎１－１","神奈川県横浜市泉区西が岡3-12-11","35.418807","139.515576"
"横浜市立東中田小学校　体育館","神奈川県横浜市泉区中田東4-43-1","35.417158","139.512309"
"横浜市立東中田小学校　校舎４","神奈川県横浜市泉区中田東4-43-1","35.417468","139.511097"
"横浜市立東中田小学校　校舎１－４","神奈川県横浜市泉区中田東4-43-1","35.41728","139.512368"
"横浜市立東中田小学校　校舎１","神奈川県横浜市泉区中田東4-43-1","35.417538","139.511848"
"横浜市立中田小学校　校舎１０","神奈川県横浜市泉区中田南4-4-1","35.410523","139.507973"
"横浜市立中田小学校　校舎１１","神奈川県横浜市泉区中田南4-4-1","35.410821","139.507549"
"横浜市立中田小学校　校舎１４","神奈川県横浜市泉区中田南4-4-1","35.410563","139.508531"
"横浜市立中田小学校　校舎２１","神奈川県横浜市泉区中田南4-4-1","35.410838","139.508022"
"横浜市立中田小学校　体育館","神奈川県横浜市泉区中田南4-4-1","35.410348","139.507185"
"横浜市立葛野小学校　体育館","神奈川県横浜市泉区中田南5-15-1","35.404039","139.508475"
"横浜市立葛野小学校　校舎４","神奈川県横浜市泉区中田南5-15-1","35.404166","139.508019"
"横浜市立葛野小学校　校舎３","神奈川県横浜市泉区中田南5-15-1","35.403969","139.508056"
"横浜市立葛野小学校　校舎１－１","神奈川県横浜市泉区中田南5-15-1","35.403807","139.508325"
"横浜市立中田中学校　校舎１","神奈川県横浜市泉区中田北2-20-1","35.414667","139.505451"
"横浜市立中田中学校　体育館","神奈川県横浜市泉区中田北2-20-1","35.41496","139.505274"
"横浜市立領家中学校　校舎１０","神奈川県横浜市泉区領家4-3-1","35.415639","139.52114"
"横浜市立領家中学校　体育館","神奈川県横浜市泉区領家4-3-1","35.415648","139.520625"
"横浜市立領家中学校　校舎１１","神奈川県横浜市泉区領家4-3-1","35.415539","139.521462"
"横浜市立領家中学校　校舎９－１","神奈川県横浜市泉区領家4-3-1","35.415368","139.521209"
"横浜市立緑園西小学校　体育館","神奈川県横浜市泉区緑園3-39","35.440406","139.517033"
"横浜市立緑園西小学校　校舎１－１","神奈川県横浜市泉区緑園3-39","35.440892","139.517612"
"横浜市立緑園東小学校　校舎１","神奈川県横浜市泉区緑園5-28","35.44345","139.526396"
"横浜市立緑園東小学校　体育館","神奈川県横浜市泉区緑園5-28","35.444123","139.526766"
"横浜市立緑園東小学校　校舎２","神奈川県横浜市泉区緑園5-28","35.443791","139.526798"
"緑園義務教育学校校舎６","神奈川県横浜市泉区緑園5-28","35.443871","139.527026"
"横浜市立泉が丘中学校　校舎９","神奈川県横浜市泉区和泉が丘3-29-1","35.405089","139.492692"
"横浜市立泉が丘中学校　体育館","神奈川県横浜市泉区和泉が丘3-29-1","35.405177","139.492542"
"横浜市立泉が丘中学校　校舎１６－１","神奈川県横浜市泉区和泉が丘3-29-1","35.404888","139.491753"
"横浜市立泉が丘中学校　校舎１２","神奈川県横浜市泉区和泉が丘3-29-1","35.40484","139.492633"
"横浜市立泉が丘中学校　校舎１","神奈川県横浜市泉区和泉が丘3-29-1","35.404577","139.492204"
"横浜市立伊勢山小学校　体育館","神奈川県横浜市泉区和泉中央南2-27-1","35.411027","139.497305"
"横浜市立伊勢山小学校　校舎１","神奈川県横浜市泉区和泉中央南2-27-1","35.410822","139.496956"
"横浜市立下和泉小学校　校舎２","神奈川県横浜市泉区和泉町1436","35.40107","139.492717"
"横浜市立下和泉小学校　体育館","神奈川県横浜市泉区和泉町1436","35.400707","139.492668"
"横浜市立下和泉小学校　校舎１","神奈川県横浜市泉区和泉町1436","35.40131","139.493087"
"横浜市立中和田小学校　校舎３７","神奈川県横浜市泉区和泉町3721","35.415539","139.49061"
"横浜市立中和田小学校　体育館","神奈川県横浜市泉区和泉町3721","35.415684","139.490352"
"横浜市立中和田小学校　校舎３９","神奈川県横浜市泉区和泉町3721","35.415858","139.491098"
"横浜市立中和田小学校　校舎３７－１","神奈川県横浜市泉区和泉町3721","35.415321","139.490518"
"横浜市立中和田小学校　校舎１５","神奈川県横浜市泉区和泉町3721","35.415347","139.491495"
"横浜市立中和田中学校　体育館","神奈川県横浜市泉区和泉町4062","35.416325","139.497987"
"横浜市立中和田中学校　校舎１４","神奈川県横浜市泉区和泉町4062","35.415748","139.498239"
"横浜市立中和田中学校　校舎５","神奈川県横浜市泉区和泉町4062","35.415962","139.497869"
"横浜市立中和田中学校　校舎４","神奈川県横浜市泉区和泉町4062","35.416015","139.498695"
"横浜市立和泉小学校　校舎５","神奈川県横浜市泉区和泉町4320","35.423013","139.496684"
"横浜市立和泉小学校　校舎１－１","神奈川県横浜市泉区和泉町4320","35.42276","139.496169"
"横浜市立和泉小学校　体育館","神奈川県横浜市泉区和泉町4320","35.422808","139.496974"
"横浜市立いずみ野中学校　校舎３","神奈川県横浜市泉区和泉町6201","35.431794","139.49779"
"横浜市立いずみ野中学校　校舎１","神奈川県横浜市泉区和泉町6201","35.432073","139.497565"
"横浜市立いずみ野中学校　校舎２","神奈川県横浜市泉区和泉町6201","35.431798","139.497484"
"横浜市立いずみ野中学校　体育館","神奈川県横浜市泉区和泉町6201","35.432148","139.497983"
"横浜市立いずみ野中学校　校舎１１","神奈川県横浜市泉区和泉町6201","35.431431","139.497613"
"横浜市立いずみ野小学校　校舎２","神奈川県横浜市泉区和泉町6211","35.434347","139.495137"
"横浜市立いずみ野小学校　体育館","神奈川県横浜市泉区和泉町6211","35.434434","139.494107"
"横浜市立いずみ野小学校　校舎１","神奈川県横浜市泉区和泉町6211","35.434298","139.494611"
"横浜市立中和田南小学校　校舎６","神奈川県横浜市泉区和泉町987","35.397935","139.483758"
"横浜市立中和田南小学校　体育館","神奈川県横浜市泉区和泉町987","35.398022","139.48467"
"横浜市立中和田南小学校　校舎３","神奈川県横浜市泉区和泉町987","35.398259","139.484375"
"横浜市立横浜吉田中学校　校舎９－２","神奈川県横浜市中区羽衣町3-84","35.44262","139.633519"
"横浜市立横浜吉田中学校　体育館","神奈川県横浜市中区羽衣町3-84","35.442598","139.633384"
"横浜市立横浜吉田中学校　校舎１","神奈川県横浜市中区羽衣町3-84","35.442865","139.632912"
"横浜市立本町小学校　体育館","神奈川県横浜市中区花咲町3-86","35.451071","139.628794"
"横浜市立本町小学校　校舎１７","神奈川県横浜市中区花咲町3-86","35.450634","139.628677"
"横浜市立みなと総合高等学校　体育館","神奈川県横浜市中区山下町231","35.441858","139.642586"
"横浜市立みなと総合高等学校　校舎１－１","神奈川県横浜市中区山下町231","35.441731","139.642129"
"横浜市立港中学校　体育館","神奈川県横浜市中区山下町241","35.44143","139.643455"
"横浜市立港中学校　校舎１","神奈川県横浜市中区山下町241","35.441534","139.642961"
"横浜市立山元小学校　校舎１５","神奈川県横浜市中区山元町3-152","35.427937","139.637845"
"横浜市立山元小学校　体育館","神奈川県横浜市中区山元町3-152","35.427591","139.637818"
"横浜市立山元小学校　校舎２１","神奈川県横浜市中区山元町3-152","35.427657","139.638033"
"横浜市立山元小学校　校舎１６－１","神奈川県横浜市中区山元町3-152","35.428212","139.638049"
"横浜市立元街小学校　体育館","神奈川県横浜市中区山手町36","35.43632","139.648715"
"横浜市立元街小学校　校舎１５－１","神奈川県横浜市中区山手町36","35.436057","139.649085"
"横浜市立横浜吉田中学校（旧横浜市立富士見中学校）　校舎１","神奈川県横浜市中区山田町3-9","35.439236","139.633766"
"横浜市立横浜吉田中学校（旧横浜市立富士見中学校）　体育館２－１","神奈川県横浜市中区山田町3-9","35.439333","139.633117"
"横浜市立北方小学校　体育館","神奈川県横浜市中区諏訪町29","35.436257","139.654035"
"横浜市立北方小学校　校舎１４－１","神奈川県横浜市中区諏訪町29","35.436633","139.653885"
"横浜市立仲尾台中学校　体育館","神奈川県横浜市中区仲尾台23","35.425569","139.644688"
"横浜市立仲尾台中学校　校舎１７","神奈川県横浜市中区仲尾台23","35.425206","139.644699"
"横浜市立仲尾台中学校　校舎３１－１","神奈川県横浜市中区仲尾台23","35.425595","139.645369"
"横浜市立間門小学校　校舎３","神奈川県横浜市中区本牧間門29-1","35.417953","139.655006"
"横浜市立間門小学校　校舎６","神奈川県横浜市中区本牧間門29-1","35.417918","139.655553"
"横浜市立間門小学校　体育館","神奈川県横浜市中区本牧間門29-1","35.418696","139.655489"
"横浜市立間門小学校　校舎１－１","神奈川県横浜市中区本牧間門29-1","35.418263","139.655263"
"横浜市立本牧南小学校　体育館","神奈川県横浜市中区本牧元町44-1","35.416628","139.669088"
"横浜市立本牧南小学校　校舎３－１","神奈川県横浜市中区本牧元町44-1","35.416514","139.669039"
"横浜市立本牧南小学校　校舎１","神奈川県横浜市中区本牧元町44-1","35.416418","139.668557"
"横浜市立大鳥小学校　体育館","神奈川県横浜市中区本牧町1-251","35.427562","139.656596"
"横浜市立大鳥小学校　校舎１４－１","神奈川県横浜市中区本牧町1-251","35.427313","139.656826"
"横浜市立本牧小学校　体育館","神奈川県横浜市中区本牧和田5-1","35.424431","139.662803"
"横浜市立本牧小学校　校舎１","神奈川県横浜市中区本牧和田5-1","35.424746","139.662164"
"横浜市立立野小学校　校舎６－１","神奈川県横浜市中区立野76","35.426975","139.644852"
"横浜市立立野小学校　体育館","神奈川県横浜市中区立野76","35.42694","139.644756"
"横浜市立立野小学校　校舎１８","神奈川県横浜市中区立野76","35.427272","139.644895"
"横浜市立立野小学校　校舎５","神奈川県横浜市中区立野76","35.427119","139.645148"
"横浜市立下末吉小学校　体育館６","神奈川県横浜市鶴見区下末吉2-25-6","35.522701","139.674583"
"横浜市立下末吉小学校　校舎１０（３階以上）（※洪水は最大規模）","神奈川県横浜市鶴見区下末吉2-25-6","35.522535","139.675366"
"横浜市立下末吉小学校　校舎１０（２階以上）（※洪水は計画規模）","神奈川県横浜市鶴見区下末吉2-25-6","35.522635","139.675344"
"横浜市立下末吉小学校　校舎１０","神奈川県横浜市鶴見区下末吉2-25-6","35.522727","139.675323"
"横浜市立下末吉小学校　校舎８（３階以上）","神奈川県横浜市鶴見区下末吉2-25-6","35.522854","139.6752"
"横浜市立下末吉小学校　校舎８","神奈川県横浜市鶴見区下末吉2-25-6","35.52281","139.674931"
"横浜市立末吉中学校　体育館７－１","神奈川県横浜市鶴見区下末吉6-13-1","35.523168","139.663792"
"横浜市立末吉中学校　校舎２２","神奈川県横浜市鶴見区下末吉6-13-1","35.52343","139.663765"
"横浜市立末吉中学校　校舎８－１","神奈川県横浜市鶴見区下末吉6-13-1","35.523133","139.66435"
"横浜市立末吉中学校　校舎２１","神奈川県横浜市鶴見区下末吉6-13-1","35.522797","139.663905"
"横浜市立末吉中学校　校舎１６","神奈川県横浜市鶴見区下末吉6-13-1","35.52346","139.66421"
"横浜市立下野谷小学校　校舎２６（３階以上）（※洪水は最大規模）","神奈川県横浜市鶴見区下野谷町2-49","35.500083","139.681555"
"横浜市立下野谷小学校　校舎９","神奈川県横浜市鶴見区下野谷町2-49","35.500321","139.680997"
"横浜市立下野谷小学校　校舎９（２階以上）（※洪水は計画規模）","神奈川県横浜市鶴見区下野谷町2-49","35.500287","139.681045"
"横浜市立下野谷小学校　校舎９（３階以上）（※洪水は最大規模）","神奈川県横浜市鶴見区下野谷町2-49","35.500269","139.681083"
"横浜市立下野谷小学校　校舎２６","神奈川県横浜市鶴見区下野谷町2-49","35.500192","139.681282"
"横浜市立下野谷小学校　校舎２６（２階以上）（※洪水は計画規模）","神奈川県横浜市鶴見区下野谷町2-49","35.50014","139.68141"
"横浜市立下野谷小学校　校舎２７－１","神奈川県横浜市鶴見区下野谷町2-49","35.500385","139.681582"
"横浜市立下野谷小学校　体育館２７－２（※洪水は計画規模）","神奈川県横浜市鶴見区下野谷町2-49","35.500328","139.681738"
"横浜市立寛政中学校　体育館２０－１（※洪水は計画規模）","神奈川県横浜市鶴見区寛政町23-1","35.501816","139.69953"
"横浜市立寛政中学校　校舎２０－２（※洪水は計画規模）","神奈川県横浜市鶴見区寛政町23-1","35.501921","139.699723"
"横浜市立寛政中学校　校舎１９－１（３階以上）（※洪水は最大規模）","神奈川県横浜市鶴見区寛政町23-1","35.501811","139.699878"
"横浜市立寛政中学校　校舎１９－１（※洪水は計画規模）","神奈川県横浜市鶴見区寛政町23-1","35.501615","139.699578"
"横浜市立寛政中学校　校舎１８－１（３階以上）（※洪水は最大規模）","神奈川県横浜市鶴見区寛政町23-1","35.50141","139.699374"
"横浜市立寛政中学校　校舎１８－１（※洪水は計画規模）","神奈川県横浜市鶴見区寛政町23-1","35.501562","139.699218"
"横浜市立岸谷小学校　体育館１１","神奈川県横浜市鶴見区岸谷1-6-1","35.493265","139.662082"
"横浜市立岸谷小学校　校舎１４","神奈川県横浜市鶴見区岸谷1-6-1","35.493645","139.662446"
"横浜市立岸谷小学校　校舎５","神奈川県横浜市鶴見区岸谷1-6-1","35.493496","139.66176"
"横浜市立生麦中学校　体育館１８－２","神奈川県横浜市鶴見区岸谷2-1-1","35.493239","139.659999"
"横浜市立生麦中学校　校舎１８－１","神奈川県横浜市鶴見区岸谷2-1-1","35.492973","139.659876"
"横浜市立生麦中学校　校舎１３","神奈川県横浜市鶴見区岸谷2-1-1","35.494016","139.65957"
"横浜市立生麦中学校　校舎９","神奈川県横浜市鶴見区岸谷2-1-1","35.492964","139.659597"
"横浜市立生麦中学校　校舎７","神奈川県横浜市鶴見区岸谷2-1-1","35.493781","139.659243"
"横浜市立生麦中学校　校舎４","神奈川県横浜市鶴見区岸谷2-1-1","35.493091","139.659372"
"横浜市立生麦中学校　校舎３－１","神奈川県横浜市鶴見区岸谷2-1-1","35.493427","139.659307"
"横浜市立駒岡小学校　体育館３","神奈川県横浜市鶴見区駒岡3-14-1","35.528382","139.655054"
"横浜市立駒岡小学校　校舎２１","神奈川県横浜市鶴見区駒岡3-14-1","35.528828","139.654946"
"横浜市立駒岡小学校　校舎４","神奈川県横浜市鶴見区駒岡3-14-1","35.528898","139.654651"
"横浜市立駒岡小学校　校舎２－１","神奈川県横浜市鶴見区駒岡3-14-1","35.529068","139.6547"
"横浜市立駒岡小学校　校舎１","神奈川県横浜市鶴見区駒岡3-14-1","35.52909","139.654989"
"横浜市立市場小学校　体育館２９","神奈川県横浜市鶴見区元宮1-13-1","35.523234","139.682549"
"横浜市立市場小学校　校舎２８（３階以上）","神奈川県横浜市鶴見区元宮1-13-1","35.522841","139.682774"
"横浜市立市場小学校　校舎２８","神奈川県横浜市鶴見区元宮1-13-1","35.522832","139.68249"
"横浜市立市場小学校　校舎２７","神奈川県横浜市鶴見区元宮1-13-1","35.523229","139.682849"
"横浜市立市場小学校　校舎１４（３階以上）","神奈川県横浜市鶴見区元宮1-13-1","35.522522","139.682796"
"横浜市立市場小学校　校舎１４","神奈川県横浜市鶴見区元宮1-13-1","35.522522","139.68264"
"横浜市立潮田小学校　校舎２４（※洪水は計画規模）","神奈川県横浜市鶴見区向井町3-82-1","35.506623","139.689666"
"横浜市立潮田小学校　校舎１０","神奈川県横浜市鶴見区向井町3-82-1","35.506885","139.689183"
"横浜市立潮田小学校　校舎１０（２階以上）（※洪水は計画規模）","神奈川県横浜市鶴見区向井町3-82-1","35.506876","139.689382"
"横浜市立潮田小学校　校舎１０（３階以上）（※洪水は最大規模）","神奈川県横浜市鶴見区向井町3-82-1","35.506872","139.689548"
"横浜市立潮田小学校　校舎６－１","神奈川県横浜市鶴見区向井町3-82-1","35.506868","139.689934"
"横浜市立潮田小学校　校舎６－１（２階以上）（※洪水は計画規模）","神奈川県横浜市鶴見区向井町3-82-1","35.506868","139.69002"
"横浜市立潮田小学校　校舎６－１（３階以上）（※洪水は最大規模）","神奈川県横浜市鶴見区向井町3-82-1","35.506863","139.690111"
"横浜市立潮田小学校　校舎６－２","神奈川県横浜市鶴見区向井町3-82-1","35.506859","139.69032"
"横浜市立潮田小学校　校舎６－２（２階以上）（※洪水は計画規模）","神奈川県横浜市鶴見区向井町3-82-1","35.506833","139.690546"
"横浜市立潮田中学校　校舎７（３階以上）（※洪水は最大規模）","神奈川県横浜市鶴見区向井町4-83","35.506155","139.691149"
"横浜市立潮田中学校　校舎９","神奈川県横浜市鶴見区向井町4-83","35.506749","139.691219"
"横浜市立潮田中学校　校舎２４","神奈川県横浜市鶴見区向井町4-83","35.506727","139.691729"
"横浜市立潮田中学校　校舎２４（２階以上）（※洪水は計画規模）","神奈川県横浜市鶴見区向井町4-83","35.506714","139.69189"
"横浜市立潮田中学校　校舎２４（３階以上）（※洪水は最大規模）","神奈川県横浜市鶴見区向井町4-83","35.50671","139.692099"
"横浜市立潮田中学校　校舎２５","神奈川県横浜市鶴見区向井町4-83","35.506836","139.691294"
"横浜市立潮田中学校　校舎２５（２階以上）（※洪水は計画規模）","神奈川県横浜市鶴見区向井町4-83","35.506827","139.691439"
"横浜市立潮田中学校　校舎７","神奈川県横浜市鶴見区向井町4-83","35.506535","139.691176"
"横浜市立潮田中学校　校舎７（２階以上）（※洪水は計画規模）","神奈川県横浜市鶴見区向井町4-83","35.506365","139.691155"
"横浜市立潮田小学校　校舎６－２（３階以上）（※洪水は最大規模）","神奈川県横浜市鶴見区向井町３－８２－１（横浜市立潮田小学校　校舎６－２（３階以上））","35.50682","139.690744"
"横浜市立潮田小学校　校舎６－３（２階以上）（※洪水は計画規模）","神奈川県横浜市鶴見区向井町３－８２－１（横浜市立潮田小学校　校舎６－３（２階以上）","35.506868","139.689795"
"横浜市立潮田小学校　校舎６－３（３階以上）（※洪水は最大規模）","神奈川県横浜市鶴見区向井町３－８２－１（横浜市立潮田小学校　校舎６－３（３階以上）","35.506863","139.689854"
"横浜市立潮田小学校　校舎６－３","神奈川県横浜市鶴見区向井町３－８２－１（横浜市立潮田小学校　校舎６－３）","35.506872","139.68973"
"横浜市立潮田小学校　体育館３２－１（※洪水は計画規模）","神奈川県横浜市鶴見区向井町３－８２－１（横浜市立潮田小学校　体育館３２－１）","35.506497","139.690717"
"横浜市立潮田中学校　校舎９（２階以上）（※洪水は計画規模）","神奈川県横浜市鶴見区向井町４－８３（横浜市立潮田中学校　校舎９（２階以上）","35.50674","139.691359"
"横浜市立潮田中学校　校舎９（３階以上）（※洪水は最大規模）","神奈川県横浜市鶴見区向井町４－８３（横浜市立潮田中学校　校舎９（３階以上）","35.50674","139.691504"
"横浜市立潮田中学校　体育館２８","神奈川県横浜市鶴見区向井町４－８３（横浜市立潮田中学校　体育館２８）","35.506369","139.690704"
"横浜市立新鶴見小学校　校舎１－１","神奈川県横浜市鶴見区江ケ崎町2-1","35.533122","139.676594"
"横浜市立新鶴見小学校　校舎１－１（２階以上）（※洪水は計画規模）","神奈川県横浜市鶴見区江ケ崎町2-1","35.533022","139.676642"
"横浜市立新鶴見小学校　校舎１－１（３階以上）（※洪水は最大規模）","神奈川県横浜市鶴見区江ケ崎町2-1","35.532886","139.676675"
"横浜市立新鶴見小学校　校舎３","神奈川県横浜市鶴見区江ケ崎町2-1","35.532673","139.67661"
"横浜市立新鶴見小学校　校舎３（２階以上）（※洪水は計画規模）","神奈川県横浜市鶴見区江ケ崎町2-1","35.532716","139.676836"
"横浜市立新鶴見小学校　校舎３（３階以上）（※洪水は最大規模）","神奈川県横浜市鶴見区江ケ崎町2-1","35.53276","139.677061"
"横浜市立新鶴見小学校　校舎４－１（※洪水は計画規模）","神奈川県横浜市鶴見区江ケ崎町2-1","35.533153","139.677072"
"横浜市立新鶴見小学校　校舎６","神奈川県横浜市鶴見区江ケ崎町2-1","35.532842","139.677388"
"横浜市立新鶴見小学校　校舎６（２階以上）（※洪水は計画規模）","神奈川県横浜市鶴見区江ケ崎町2-1","35.532336","139.6769"
"横浜市立新鶴見小学校　体育館４－２（※洪水は計画規模）","神奈川県横浜市鶴見区江ケ崎町２－１（横浜市立新鶴見小学校　体育館４－２）","35.533009","139.67712"
"横浜市立市場中学校　校舎１１","神奈川県横浜市鶴見区市場下町1-1","35.515346","139.683403"
"横浜市立市場中学校　校舎２０－１","神奈川県横浜市鶴見区市場下町1-1","35.514569","139.683075"
"横浜市立市場中学校　校舎２０","神奈川県横浜市鶴見区市場下町1-1","35.514722","139.682872"
"横浜市立市場中学校　校舎１７（３階以上）","神奈川県横浜市鶴見区市場下町1-1","35.515359","139.683778"
"横浜市立市場中学校　校舎１７","神奈川県横浜市鶴見区市場下町1-1","35.515442","139.683655"
"横浜市立市場中学校　校舎１１（３階以上）","神奈川県横浜市鶴見区市場下町1-1","35.515032","139.683129"
"横浜市立市場中学校　体育館３７－１","神奈川県横浜市鶴見区市場下町1-1","35.515119","139.684127"
"横浜市立獅子ケ谷小学校　校舎１","神奈川県横浜市鶴見区獅子ケ谷1-19-1","35.516952","139.650814"
"横浜市立獅子ケ谷小学校　体育館８","神奈川県横浜市鶴見区獅子ケ谷1-19-1","35.517078","139.650396"
"横浜市立汐入小学校　校舎１２（※洪水は計画規模）","神奈川県横浜市鶴見区汐入町2-36","35.498932","139.687894"
"横浜市立汐入小学校　校舎１４（※洪水は計画規模）","神奈川県横浜市鶴見区汐入町2-36","35.498862","139.687658"
"横浜市立汐入小学校　校舎１２（３階以上）（※洪水は最大規模）","神奈川県横浜市鶴見区汐入町2-36","35.498787","139.687948"
"横浜市立汐入小学校　体育館１７（※洪水は計画規模）","神奈川県横浜市鶴見区汐入町2-36","35.499194","139.687583"
"横浜市立汐入小学校　校舎１４（３階以上）（※洪水は最大規模）","神奈川県横浜市鶴見区汐入町2-36","35.498731","139.687701"
"横浜市立上の宮中学校　校舎１","神奈川県横浜市鶴見区上の宮1-26-33","35.512211","139.638974"
"横浜市立上の宮中学校　体育館３","神奈川県横浜市鶴見区上の宮1-26-33","35.512599","139.638775"
"横浜市立末吉小学校　校舎２６－１（２階以上）（※洪水は計画規模）","神奈川県横浜市鶴見区上末吉1-9-1","35.524594","139.66927"
"横浜市立末吉小学校　校舎１２－２（３階以上）（※洪水は最大規模）","神奈川県横浜市鶴見区上末吉1-9-1","35.52486","139.669887"
"横浜市立末吉小学校　校舎１２－２（※洪水は計画規模）","神奈川県横浜市鶴見区上末吉1-9-1","35.525044","139.669828"
"横浜市立末吉小学校　体育館２７－２（※洪水は計画規模）","神奈川県横浜市鶴見区上末吉1-9-1","35.525135","139.669592"
"横浜市立末吉小学校　校舎２７－１（※洪水は計画規模）","神奈川県横浜市鶴見区上末吉1-9-1","35.52483","139.669667"
"横浜市立末吉小学校　校舎２６－１（３階以上）（※洪水は最大規模）","神奈川県横浜市鶴見区上末吉1-9-1","35.524607","139.669421"
"横浜市立末吉小学校　校舎２６－１","神奈川県横浜市鶴見区上末吉1-9-1","35.524581","139.669136"
"横浜市立上末吉小学校　校舎１０","神奈川県横浜市鶴見区上末吉5-24-1","35.534193","139.662015"
"横浜市立上末吉小学校　体育館７","神奈川県横浜市鶴見区上末吉5-24-1","35.533966","139.662702"
"横浜市立上末吉小学校　校舎６","神奈川県横浜市鶴見区上末吉5-24-1","35.534044","139.662815"
"横浜市立上末吉小学校　校舎４","神奈川県横浜市鶴見区上末吉5-24-1","35.534223","139.662482"
"横浜市立生麦小学校　校舎３１－１（３階以上）（※洪水は最大規模）","神奈川県横浜市鶴見区生麦4-15-1","35.495715","139.670788"
"横浜市立生麦小学校　校舎３１－１（※洪水は計画規模）","神奈川県横浜市鶴見区生麦4-15-1","35.495576","139.670621"
"横浜市立生麦小学校　校舎１０（３階以上）（※洪水は最大規模）","神奈川県横浜市鶴見区生麦4-15-1","35.495654","139.671367"
"横浜市立生麦小学校　校舎１０（※洪水は計画規模）","神奈川県横浜市鶴見区生麦4-15-1","35.495776","139.671201"
"横浜市立生麦小学校　体育館１３（※洪水は計画規模）","神奈川県横浜市鶴見区生麦4-15-1","35.495121","139.670873"
"横浜市立鶴見中学校　校舎１２","神奈川県横浜市鶴見区鶴見中央3-14-1","35.50992","139.684301"
"横浜市立鶴見中学校　校舎１－１","神奈川県横浜市鶴見区鶴見中央3-14-1","35.509885","139.684869"
"横浜市立鶴見中学校　校舎１－１（３階以上）","神奈川県横浜市鶴見区鶴見中央3-14-1","35.50982","139.684982"
"横浜市立鶴見中学校　体育館５－１","神奈川県横浜市鶴見区鶴見中央3-14-1","35.509632","139.684022"
"横浜市立鶴見中学校　校舎２８","神奈川県横浜市鶴見区鶴見中央3-14-1","35.509719","139.685132"
"横浜市立鶴見中学校　校舎２１－３","神奈川県横浜市鶴見区鶴見中央3-14-1","35.509544","139.68539"
"横浜市立鶴見中学校　校舎１２（３階以上）","神奈川県横浜市鶴見区鶴見中央3-14-1","35.509968","139.684531"
"横浜市立鶴見小学校　校舎１０","神奈川県横浜市鶴見区鶴見中央3-19-1","35.509275","139.683971"
"横浜市立鶴見小学校　体育館８－１","神奈川県横浜市鶴見区鶴見中央3-19-1","35.509004","139.683359"
"横浜市立鶴見小学校　校舎２６－２（３階以上）","神奈川県横浜市鶴見区鶴見中央3-19-1","35.508969","139.684309"
"横浜市立鶴見小学校　校舎２６－２","神奈川県横浜市鶴見区鶴見中央3-19-1","35.509074","139.684405"
"横浜市立鶴見小学校　校舎１８（３階以上）","神奈川県横浜市鶴見区鶴見中央3-19-1","35.509222","139.683552"
"横浜市立鶴見小学校　校舎１８","神奈川県横浜市鶴見区鶴見中央3-19-1","35.509323","139.683622"
"横浜市立鶴見小学校　校舎１０（３階以上）","神奈川県横浜市鶴見区鶴見中央3-19-1","35.509157","139.684218"
"横浜市立鶴見小学校　校舎１","神奈川県横浜市鶴見区鶴見中央3-19-1","35.50879","139.68411"
"横浜市立寺尾小学校　校舎４","神奈川県横浜市鶴見区東寺尾5-19-1","35.503454","139.6573"
"横浜市立寺尾小学校　体育館５","神奈川県横浜市鶴見区東寺尾5-19-1","35.504467","139.657606"
"横浜市立寺尾小学校　校舎１６－１","神奈川県横浜市鶴見区東寺尾5-19-1","35.504166","139.65804"
"横浜市立寺尾小学校　校舎１","神奈川県横浜市鶴見区東寺尾5-19-1","35.503983","139.657182"
"横浜市立東台小学校　体育館１４－２","神奈川県横浜市鶴見区東寺尾東台12-1","35.50318","139.664559"
"横浜市立東台小学校　校舎１４－１","神奈川県横浜市鶴見区東寺尾東台12-1","35.503263","139.664468"
"横浜市立東台小学校　校舎１３","神奈川県横浜市鶴見区東寺尾東台12-1","35.503578","139.664714"
"横浜市立東台小学校　校舎１０","神奈川県横浜市鶴見区東寺尾東台12-1","35.503761","139.664349"
"横浜市立東台小学校　校舎６","神奈川県横浜市鶴見区東寺尾東台12-1","35.503591","139.663781"
"横浜市立上寺尾小学校　体育館１－２","神奈川県横浜市鶴見区馬場3-21-21","35.507331","139.653558"
"横浜市立上寺尾小学校　校舎１","神奈川県横浜市鶴見区馬場3-21-21","35.507099","139.653896"
"横浜市立馬場小学校　校舎１","神奈川県横浜市鶴見区馬場7-20-1","35.510162","139.644103"
"横浜市立馬場小学校　体育館２－１","神奈川県横浜市鶴見区馬場7-20-1","35.509699","139.644757"
"横浜市立馬場小学校　校舎１０","神奈川県横浜市鶴見区馬場7-20-1","35.5099","139.644039"
"横浜市立馬場小学校　校舎６","神奈川県横浜市鶴見区馬場7-20-1","35.509943","139.644505"
"横浜市立入船小学校　校舎１１（２階以上）（※洪水は計画規模）","神奈川県横浜市鶴見区浜町1-1-1","35.501219","139.692648"
"横浜市立入船小学校　校舎１１（３階以上）（※洪水は最大規模）","神奈川県横浜市鶴見区浜町1-1-1","35.50121","139.692846"
"横浜市立入船小学校　校舎１１","神奈川県横浜市鶴見区浜町1-1-1","35.501219","139.692455"
"横浜市立入船小学校　体育館２１","神奈川県横浜市鶴見区浜町1-1-1","35.500874","139.692417"
"横浜市立入船小学校　校舎１３（３階以上）（※洪水は最大規模）","神奈川県横浜市鶴見区浜町1-1-1","35.501232","139.693399"
"横浜市立入船小学校　校舎１３（２階以上）（※洪水は計画規模）","神奈川県横浜市鶴見区浜町1-1-1","35.501232","139.693265"
"横浜市立入船小学校　校舎１３","神奈川県横浜市鶴見区浜町1-1-1","35.501228","139.69312"
"横浜市立平安小学校　校舎１","神奈川県横浜市鶴見区平安町2-9-1","35.512077","139.692125"
"横浜市立平安小学校　校舎９","神奈川県横浜市鶴見区平安町2-9-1","35.5122","139.692252"
"横浜市立平安小学校　体育館１７","神奈川県横浜市鶴見区平安町2-9-1","35.512034","139.692563"
"横浜市立平安小学校　校舎２０","神奈川県横浜市鶴見区平安町2-9-1","35.512418","139.69236"
"横浜市立平安小学校　校舎１１（３階以上）","神奈川県横浜市鶴見区平安町2-9-1","35.512296","139.692091"
"横浜市立平安小学校　校舎６（３階以上）","神奈川県横浜市鶴見区平安町2-9-1","35.512331","139.692596"
"横浜市立平安小学校　校舎１１","神奈川県横浜市鶴見区平安町2-9-1","35.512436","139.692043"
"横浜市立平安小学校　校舎９（３階以上）","神奈川県横浜市鶴見区平安町2-9-1","35.512235","139.692413"
"横浜市立平安小学校　校舎６","神奈川県横浜市鶴見区平安町2-9-1","35.512466","139.692547"
"横浜市立豊岡小学校　校舎８","神奈川県横浜市鶴見区豊岡町27-1","35.512006","139.67561"
"横浜市立豊岡小学校　校舎１－２","神奈川県横浜市鶴見区豊岡町27-1","35.512875","139.674811"
"横浜市立豊岡小学校　校舎９","神奈川県横浜市鶴見区豊岡町27-1","35.512617","139.675015"
"横浜市立豊岡小学校　校舎１０－１","神奈川県横浜市鶴見区豊岡町27-1","35.5127","139.674811"
"横浜市立豊岡小学校　校舎１１－１","神奈川県横浜市鶴見区豊岡町27-1","35.512862","139.67509"
"横浜市立豊岡小学校　校舎１５－１","神奈川県横浜市鶴見区豊岡町27-1","35.512111","139.675364"
"横浜市立豊岡小学校　校舎２２","神奈川県横浜市鶴見区豊岡町27-1","35.512364","139.67523"
"横浜市立豊岡小学校　体育館１５－２","神奈川県横浜市鶴見区豊岡町27-1","35.51194","139.675364"
"横浜市立寺尾中学校　校舎７","神奈川県横浜市鶴見区北寺尾3-13-1","35.520354","139.659394"
"横浜市立寺尾中学校　校舎１４－２","神奈川県横浜市鶴見区北寺尾3-13-1","35.520315","139.659008"
"横浜市立寺尾中学校　体育館２４","神奈川県横浜市鶴見区北寺尾3-13-1","35.519891","139.658391"
"横浜市立寺尾中学校　校舎２１","神奈川県横浜市鶴見区北寺尾3-13-1","35.52004","139.658665"
"横浜市立寺尾中学校　校舎２０－１","神奈川県横浜市鶴見区北寺尾3-13-1","35.519883","139.659131"
"横浜市立旭小学校　体育館１１","神奈川県横浜市鶴見区北寺尾4-25-1","35.516491","139.654644"
"横浜市立旭小学校　校舎１０－１","神奈川県横浜市鶴見区北寺尾4-25-1","35.516604","139.654595"
"横浜市立旭小学校　校舎１２","神奈川県横浜市鶴見区北寺尾4-25-1","35.516198","139.654858"
"横浜市立旭小学校　校舎２４","神奈川県横浜市鶴見区北寺尾4-25-1","35.516071","139.654569"
"横浜市立矢向中学校　校舎１（２階以上）（※洪水は計画規模）","神奈川県横浜市鶴見区矢向1-8-24","35.528802","139.67469"
"横浜市立矢向中学校　校舎１６","神奈川県横浜市鶴見区矢向1-8-24","35.529235","139.674706"
"横浜市立矢向中学校　校舎１９","神奈川県横浜市鶴見区矢向1-8-24","35.529335","139.674867"
"横浜市立矢向中学校　校舎１７（２階以上）（※洪水は計画規模）","神奈川県横浜市鶴見区矢向1-8-24","35.529056","139.674577"
"横浜市立矢向中学校　校舎１７","神奈川県横浜市鶴見区矢向1-8-24","35.529134","139.674572"
"横浜市立矢向中学校　校舎１６（３階以上）（※洪水は最大規模）","神奈川県横浜市鶴見区矢向1-8-24","35.529204","139.67513"
"横浜市立矢向中学校　校舎１６（２階以上）（※洪水は計画規模）","神奈川県横浜市鶴見区矢向1-8-24","35.529217","139.67491"
"横浜市立矢向中学校　校舎１","神奈川県横浜市鶴見区矢向1-8-24","35.52903","139.674695"
"横浜市立矢向中学校　校舎１（３階以上）（※洪水は最大規模）","神奈川県横浜市鶴見区矢向1-8-24","35.528514","139.67469"
"横浜市立矢向小学校　校舎５－１","神奈川県横浜市鶴見区矢向3-8-1","35.532846","139.679323"
"横浜市立矢向小学校　校舎４（３階以上）（※洪水は最大規模）","神奈川県横浜市鶴見区矢向3-8-1","35.533501","139.679195"
"横浜市立矢向小学校　校舎４（２階以上）（※洪水は計画規模）","神奈川県横浜市鶴見区矢向3-8-1","35.533409","139.679034"
"横浜市立矢向小学校　校舎４","神奈川県横浜市鶴見区矢向3-8-1","35.533313","139.678867"
"横浜市立矢向小学校　校舎５－１（２階以上）（※洪水は計画規模）","神奈川県横浜市鶴見区矢向3-8-1","35.532885","139.679415"
"横浜市立矢向小学校　校舎５－１（３階以上）（※洪水は最大規模）","神奈川県横浜市鶴見区矢向3-8-1","35.532929","139.67949"
"横浜市立矢向小学校　校舎８－１","神奈川県横浜市鶴見区矢向3-8-1","35.533103","139.67883"
"横浜市立矢向小学校　校舎８－１（２階以上）（※洪水は計画規模）","神奈川県横浜市鶴見区矢向3-8-1","35.532985","139.678943"
"横浜市立矢向小学校　校舎８－１（３階以上）（※洪水は最大規模）","神奈川県横浜市鶴見区矢向3-8-1","35.532889","139.679044"
"横浜市立矢向小学校　校舎９－１（３階以上）（※洪水は最大規模）","神奈川県横浜市鶴見区矢向3-8-1(横浜市立矢向小学校　校舎９－１（３階以上）","35.53333","139.67987"
"横浜市立矢向中学校　体育館３－１","神奈川県横浜市鶴見区矢向１－８－２４（横浜市立矢向中学校　体育館３－１）","35.528484","139.675065"
"横浜市立矢向小学校　校舎９－１（２階以上）（※洪水は計画規模）","神奈川県横浜市鶴見区矢向３－８－１（横浜市立矢向小学校　校舎９－１（２階以上）","35.533396","139.679795"
"横浜市立矢向小学校　校舎９－１","神奈川県横浜市鶴見区矢向３－８－１（横浜市立矢向小学校　校舎９－１）","35.533479","139.679726"
"横浜市立矢向小学校　校舎９－２（２階以上）（※洪水は計画規模）","神奈川県横浜市鶴見区矢向３－８－１（横浜市立矢向小学校　校舎９－２（２階以上）","35.533518","139.679565"
"横浜市立矢向小学校　校舎９－２（３階以上）（※洪水は最大規模）","神奈川県横浜市鶴見区矢向３－８－１（横浜市立矢向小学校　校舎９－２（３階以上）","35.533557","139.679645"
"横浜市立矢向小学校　校舎９－２","神奈川県横浜市鶴見区矢向３－８－１（横浜市立矢向小学校　校舎９－２）","35.533466","139.679484"
"横浜市立矢向小学校　体育館７","神奈川県横浜市鶴見区矢向３－８－１（横浜市立矢向小学校　体育館７）","35.533671","139.679506"
"横浜市立すみれが丘小学校　校舎１－１","神奈川県横浜市都筑区すみれが丘34","35.566169","139.580091"
"横浜市立すみれが丘小学校　校舎２","神奈川県横浜市都筑区すみれが丘34","35.565881","139.579705"
"横浜市立すみれが丘小学校　体育館３","神奈川県横浜市都筑区すみれが丘34","35.566134","139.580606"
"横浜市立つづきの丘小学校　体育館４－１","神奈川県横浜市都筑区荏田東1-22-1","35.546139","139.565657"
"横浜市立つづきの丘小学校　校舎２","神奈川県横浜市都筑区荏田東1-22-1","35.545737","139.565448"
"横浜市立つづきの丘小学校　校舎１","神奈川県横浜市都筑区荏田東1-22-1","35.545637","139.565808"
"横浜市立荏田東第一小学校　体育館１－４","神奈川県横浜市都筑区荏田東3-5-1","35.547049","139.562305"
"横浜市立荏田東第一小学校　校舎１","神奈川県横浜市都筑区荏田東3-5-1","35.546625","139.562455"
"横浜市立荏田東第一小学校　校舎６","神奈川県横浜市都筑区荏田東3-5-1","35.546695","139.563098"
"横浜市立荏田南小学校　校舎１","神奈川県横浜市都筑区荏田南2-5-2","35.544455","139.556406"
"横浜市立荏田南小学校　体育館１－３","神奈川県横浜市都筑区荏田南2-5-2","35.543831","139.556996"
"横浜市立荏田南小学校　校舎９","神奈川県横浜市都筑区荏田南2-5-2","35.544708","139.556829"
"横浜市立荏田小学校　校舎１－１（※洪水は計画規模）","神奈川県横浜市都筑区荏田南町694","35.557511","139.563675"
"横浜市立荏田小学校　体育館７－２","神奈川県横浜市都筑区荏田南町694","35.556979","139.563809"
"横浜市立荏田小学校　校舎７（※洪水は計画規模）","神奈川県横浜市都筑区荏田南町694","35.557058","139.563627"
"横浜市立荏田小学校　校舎６（２階以上）（※洪水は最大規模）","神奈川県横浜市都筑区荏田南町694","35.557223","139.563911"
"横浜市立荏田小学校　校舎６（※洪水は計画規模）","神奈川県横浜市都筑区荏田南町694","35.557389","139.564024"
"横浜市立荏田小学校　校舎１－１（２階以上）（※洪水は最大規模）","神奈川県横浜市都筑区荏田南町694","35.557319","139.563546"
"横浜市立茅ケ崎東小学校　体育館４－１","神奈川県横浜市都筑区茅ケ崎東2-11-1","35.543161","139.581158"
"横浜市立茅ケ崎東小学校　校舎１","神奈川県横浜市都筑区茅ケ崎東2-11-1","35.542397","139.580611"
"横浜市立茅ケ崎東小学校　校舎２","神奈川県横浜市都筑区茅ケ崎東2-11-1","35.542606","139.581121"
"横浜市立茅ケ崎中学校　校舎１","神奈川県横浜市都筑区茅ケ崎南1-10-1","35.540431","139.581546"
"横浜市立茅ケ崎中学校　校舎１２","神奈川県横浜市都筑区茅ケ崎南1-10-1","35.540261","139.582715"
"横浜市立茅ケ崎中学校　校舎６","神奈川県横浜市都筑区茅ケ崎南1-10-1","35.5404","139.582061"
"横浜市立茅ケ崎中学校　体育館２","神奈川県横浜市都筑区茅ケ崎南1-10-1","35.540902","139.581353"
"横浜市立茅ケ崎小学校　校舎１－６","神奈川県横浜市都筑区茅ケ崎南1-11-1","35.540248","139.580517"
"横浜市立茅ケ崎小学校　体育館１－３","神奈川県横浜市都筑区茅ケ崎南1-11-1","35.54078","139.580421"
"横浜市立茅ケ崎小学校　校舎１－１","神奈川県横浜市都筑区茅ケ崎南1-11-1","35.540632","139.580866"
"横浜市立茅ケ崎小学校　校舎１－５","神奈川県横浜市都筑区茅ケ崎南1-11-1","35.540549","139.580458"
"横浜市立茅ケ崎小学校　校舎１－７","神奈川県横浜市都筑区茅ケ崎南1-11-1","35.5403","139.580866"
"横浜市立牛久保小学校　校舎２","神奈川県横浜市都筑区牛久保1-23-1","35.559683","139.58181"
"横浜市立牛久保小学校　体育館３","神奈川県横浜市都筑区牛久保1-23-1","35.55967","139.58233"
"横浜市立牛久保小学校　校舎１","神奈川県横浜市都筑区牛久保1-23-1","35.559422","139.581971"
"横浜市立中川小学校　校舎１","神奈川県横浜市都筑区牛久保東2-21-1","35.550439","139.58747"
"横浜市立中川小学校　体育館２","神奈川県横浜市都筑区牛久保東2-21-1","35.550902","139.587497"
"横浜市立勝田小学校　校舎８－１","神奈川県横浜市都筑区勝田町266","35.543268","139.595575"
"横浜市立勝田小学校　体育館５","神奈川県横浜市都筑区勝田町266","35.543621","139.595098"
"横浜市立勝田小学校　校舎１２","神奈川県横浜市都筑区勝田町266","35.54336","139.595194"
"横浜市立勝田小学校　校舎１１","神奈川県横浜市都筑区勝田町266","35.543504","139.595296"
"横浜市立勝田小学校　校舎６－１","神奈川県横浜市都筑区勝田町266","35.543207","139.595199"
"横浜市立勝田小学校　校舎１","神奈川県横浜市都筑区勝田町266","35.543098","139.595419"
"横浜市立折本小学校　校舎１３","神奈川県横浜市都筑区折本町1321","35.528333","139.594064"
"横浜市立折本小学校　校舎３","神奈川県横浜市都筑区折本町1321","35.52832","139.594332"
"横浜市立折本小学校　校舎１","神奈川県横浜市都筑区折本町1321","35.52835","139.594782"
"横浜市立折本小学校　体育館１－２","神奈川県横浜市都筑区折本町1321","35.528359","139.595002"
"横浜市立川和小学校　校舎８","神奈川県横浜市都筑区川和町1463","35.529653","139.547"
"横浜市立川和小学校　校舎４","神奈川県横浜市都筑区川和町1463","35.529936","139.547403"
"横浜市立川和小学校　体育館２２","神奈川県横浜市都筑区川和町1463","35.529543","139.547864"
"横浜市立中川中学校　体育館２７","神奈川県横浜市都筑区大棚町240","35.550846","139.593091"
"横浜市立中川中学校　校舎１","神奈川県横浜市都筑区大棚町240","35.551059","139.593327"
"横浜市立中川中学校　校舎１５－１","神奈川県横浜市都筑区大棚町240","35.551208","139.593107"
"横浜市立中川中学校　校舎１５－２","神奈川県横浜市都筑区大棚町240","35.550998","139.592849"
"横浜市立中川中学校　校舎８","神奈川県横浜市都筑区大棚町240","35.551544","139.593107"
"横浜市立都田西小学校　体育館２","神奈川県横浜市都筑区池辺町2452-1","35.521719","139.563783"
"横浜市立都田西小学校　校舎１","神奈川県横浜市都筑区池辺町2452-1","35.52137","139.563515"
"横浜市立都田西小学校　校舎５－１","神奈川県横浜市都筑区池辺町2452-1","35.520968","139.563311"
"横浜市立都田中学校　校舎１４－１","神奈川県横浜市都筑区池辺町2818","35.523099","139.570124"
"横浜市立都田中学校　校舎１１","神奈川県横浜市都筑区池辺町2818","35.522963","139.569695"
"横浜市立都田中学校　校舎１４－２","神奈川県横浜市都筑区池辺町2818","35.523195","139.570532"
"横浜市立都田中学校　体育館２３－１","神奈川県横浜市都筑区池辺町2818","35.523025","139.571605"
"横浜市立都田小学校　体育館１８－１（※洪水は計画規模）","神奈川県横浜市都筑区池辺町2831","35.521872","139.57198"
"横浜市立都田小学校　校舎１８－３（※洪水は計画規模）","神奈川県横浜市都筑区池辺町2831","35.521846","139.571782"
"横浜市立都田小学校　校舎４","神奈川県横浜市都筑区池辺町2831","35.522439","139.571513"
"横浜市立都田小学校　校舎８","神奈川県横浜市都筑区池辺町2831","35.522684","139.571454"
"横浜市立中川西小学校　校舎６","神奈川県横浜市都筑区中川1-3-1","35.560077","139.569632"
"横浜市立中川西小学校　体育館１－２","神奈川県横浜市都筑区中川1-3-1","35.560208","139.569267"
"横浜市立中川西小学校　校舎１","神奈川県横浜市都筑区中川1-3-1","35.559938","139.569021"
"横浜市立中川西中学校　校舎９－１","神奈川県横浜市都筑区中川2-1-1","35.562218","139.565719"
"横浜市立中川西中学校　体育館２","神奈川県横浜市都筑区中川2-1-1","35.562418","139.565505"
"横浜市立中川西中学校　校舎１","神奈川県横浜市都筑区中川2-1-1","35.561886","139.565167"
"横浜市立都筑小学校　校舎１","神奈川県横浜市都筑区中川6-2-1","35.556469","139.574531"
"横浜市立都筑小学校　校舎２－１","神奈川県横浜市都筑区中川6-2-1","35.556478","139.575083"
"横浜市立都筑小学校　校舎６","神奈川県横浜市都筑区中川6-2-1","35.556308","139.575008"
"横浜市立都筑小学校　体育館４","神奈川県横浜市都筑区中川6-2-1","35.556631","139.575367"
"横浜市立茅ケ崎台小学校　校舎１","神奈川県横浜市都筑区長坂13-1","35.537185","139.569875"
"横浜市立茅ケ崎台小学校　校舎２","神奈川県横浜市都筑区長坂13-1","35.53746","139.570121"
"横浜市立茅ケ崎台小学校　体育館３","神奈川県横浜市都筑区長坂13-1","35.5376","139.569714"
"横浜市立東山田小学校　体育館３","神奈川県横浜市都筑区東山田1-4-1","35.564785","139.596368"
"横浜市立東山田小学校　校舎１－１","神奈川県横浜市都筑区東山田1-4-1","35.564379","139.596609"
"横浜市立東山田小学校　校舎２","神奈川県横浜市都筑区東山田1-4-1","35.564156","139.596255"
"横浜市立山田小学校　校舎５－１","神奈川県横浜市都筑区東山田3-29-1","35.560042","139.602418"
"横浜市立山田小学校　体育館５－２","神奈川県横浜市都筑区東山田3-29-1","35.559937","139.602515"
"横浜市立山田小学校　校舎１","神奈川県横浜市都筑区東山田3-29-1","35.56005","139.603072"
"横浜市立南山田小学校　校舎６","神奈川県横浜市都筑区南山田2-27-1","35.557208","139.589516"
"横浜市立南山田小学校　体育館２－２","神奈川県横浜市都筑区南山田2-27-1","35.55754","139.589092"
"横浜市立南山田小学校　校舎１","神奈川県横浜市都筑区南山田2-27-1","35.557155","139.589108"
"横浜市立南山田小学校　校舎４－１","神奈川県横浜市都筑区南山田2-27-1","35.557548","139.589521"
"横浜市立川和中学校　校舎１７","神奈川県横浜市都筑区富士見が丘21-1","35.531109","139.557752"
"横浜市立川和中学校　体育館３","神奈川県横浜市都筑区富士見が丘21-1","35.530633","139.557141"
"横浜市立川和中学校　校舎１","神奈川県横浜市都筑区富士見が丘21-1","35.530939","139.557178"
"横浜市立川和中学校　校舎１５","神奈川県横浜市都筑区富士見が丘21-1","35.531044","139.556652"
"横浜市立川和東小学校　校舎１－１","神奈川県横浜市都筑区富士見が丘21-2","35.531451","139.558339"
"横浜市立川和東小学校　校舎３","神奈川県横浜市都筑区富士見が丘21-2","35.531626","139.557636"
"横浜市立川和東小学校　校舎６","神奈川県横浜市都筑区富士見が丘21-2","35.531215","139.558011"
"横浜市立川和東小学校　校舎８","神奈川県横浜市都筑区富士見が丘21-2","35.531608","139.558065"
"横浜市立川和東小学校　体育館５","神奈川県横浜市都筑区富士見が丘21-2","35.53184","139.558457"
"横浜市立北山田小学校　校舎１－１","神奈川県横浜市都筑区北山田5-14-1","35.5648","139.585861"
"横浜市立北山田小学校　校舎６","神奈川県横浜市都筑区北山田5-14-1","35.5648","139.585427"
"横浜市立北山田小学校　体育館２－１","神奈川県横浜市都筑区北山田5-14-1","35.565119","139.585958"
"横浜市立井土ケ谷小学校　校舎１３","神奈川県横浜市南区井土ケ谷上町2-1","35.432458","139.599773"
"横浜市立井土ケ谷小学校　校舎４","神奈川県横浜市南区井土ケ谷上町2-1","35.432749","139.599529"
"横浜市立井土ケ谷小学校　校舎１８","神奈川県横浜市南区井土ケ谷上町2-1","35.432745","139.599472"
"横浜市立井土ケ谷小学校　体育館","神奈川県横浜市南区井土ケ谷上町2-1","35.433088","139.600282"
"横浜市立井土ケ谷小学校　校舎１５－２","神奈川県横浜市南区井土ケ谷上町2-1","35.433313","139.600046"
"横浜市立井土ケ谷小学校　校舎６","神奈川県横浜市南区井土ケ谷上町2-1","35.433073","139.599572"
"横浜市立永田台小学校　校舎１","神奈川県横浜市南区永田みなみ台6-1","35.432722","139.589464"
"横浜市立永田台小学校　体育館","神奈川県横浜市南区永田みなみ台6-1","35.433168","139.589035"
"横浜市立永田台小学校　校舎２－１","神奈川県横浜市南区永田みなみ台6-1","35.432512","139.589099"
"横浜市立永田中学校　校舎１","神奈川県横浜市南区永田みなみ台7-1","35.43407","139.587236"
"永田中学校校舎３－２","神奈川県横浜市南区永田みなみ台7-1","35.433901","139.587355"
"横浜市立永田中学校　校舎２","神奈川県横浜市南区永田みなみ台7-1","35.433852","139.587316"
"横浜市立永田中学校　校舎９","神奈川県横浜市南区永田みなみ台7-1","35.434101","139.587627"
"横浜市立永田中学校　校舎２","神奈川県横浜市南区永田みなみ台7-1","35.433372","139.587203"
"横浜市立永田小学校　校舎１７","神奈川県横浜市南区永田北2-6-12","35.435737","139.592152"
"横浜市立永田小学校　体育館","神奈川県横浜市南区永田北2-6-12","35.435063","139.591191"
"横浜市立永田小学校　校舎１","神奈川県横浜市南区永田北2-6-12","35.435575","139.591572"
"横浜市立蒔田中学校　校舎９（２階以上）","神奈川県横浜市南区花之木町2-45","35.432383","139.609554"
"横浜市立蒔田中学校　校舎９","神奈川県横浜市南区花之木町2-45","35.432204","139.60927"
"横浜市立蒔田中学校　体育館","神奈川県横浜市南区花之木町2-45","35.432571","139.609785"
"横浜市立蒔田中学校　校舎１４－１（２階以上）","神奈川県横浜市南区花之木町2-45","35.431609","139.609635"
"横浜市立蒔田中学校　校舎１４－１","神奈川県横浜市南区花之木町2-45","35.431915","139.609308"
"横浜市立南吉田小学校　体育館","神奈川県横浜市南区高根町2-14","35.436426","139.626117"
"横浜市立南吉田小学校　校舎１","神奈川県横浜市南区高根町2-14","35.436635","139.626653"
"横浜市立太田小学校　体育館","神奈川県横浜市南区三春台42","35.44067","139.61757"
"横浜市立太田小学校　校舎２－２","神奈川県横浜市南区三春台42","35.441156","139.617302"
"横浜市立太田小学校　校舎２－１","神奈川県横浜市南区三春台42","35.441265","139.617146"
"横浜市立太田小学校　校舎１","神奈川県横浜市南区三春台42","35.440871","139.617742"
"横浜市立日枝小学校　体育館","神奈川県横浜市南区山王町5-31","35.435339","139.617081"
"横浜市立日枝小学校　校舎１","神奈川県横浜市南区山王町5-31","35.435592","139.616625"
"横浜市立蒔田小学校　体育館","神奈川県横浜市南区蒔田町1020","35.425651","139.613418"
"横浜市立蒔田小学校　校舎１","神奈川県横浜市南区蒔田町1020","35.426167","139.612887"
"横浜市立蒔田小学校　校舎２－１","神奈川県横浜市南区蒔田町1020","35.425896","139.613316"
"横浜市立蒔田小学校　校舎９－１","神奈川県横浜市南区蒔田町1020","35.42566","139.613483"
"横浜市立藤の木小学校　校舎２","神奈川県横浜市南区大岡4-10-1","35.412425","139.604966"
"横浜市立藤の木小学校　体育館","神奈川県横浜市南区大岡4-10-1","35.412045","139.604397"
"横浜市立藤の木小学校　校舎２１－１","神奈川県横浜市南区大岡4-10-1","35.411913","139.604853"
"横浜市立藤の木小学校　校舎１８","神奈川県横浜市南区大岡4-10-1","35.412044","139.604242"
"横浜市立藤の木小学校　校舎５－１","神奈川県横浜市南区大岡4-10-1","35.412049","139.604488"
"横浜市立藤の木小学校　校舎１","神奈川県横浜市南区大岡4-10-1","35.412709","139.605068"
"横浜市立藤の木中学校　体育館","神奈川県横浜市南区大岡4-44-1","35.41064","139.606602"
"横浜市立藤の木中学校　校舎１４","神奈川県横浜市南区大岡4-44-1","35.410242","139.606382"
"横浜市立藤の木中学校　校舎１３","神奈川県横浜市南区大岡4-44-1","35.410273","139.606183"
"横浜市立藤の木中学校　校舎１－１","神奈川県横浜市南区大岡4-44-1","35.410614","139.606022"
"横浜市立大岡小学校　校舎１４－１","神奈川県横浜市南区大橋町3-49","35.425962","139.60083"
"横浜市立大岡小学校　校舎１４－１（２階以上）","神奈川県横浜市南区大橋町3-49","35.425931","139.600262"
"横浜市立大岡小学校　体育館","神奈川県横浜市南区大橋町3-49","35.426203","139.600594"
"横浜市立大岡小学校　校舎１４－４（２階以上）","神奈川県横浜市南区大橋町3-49","35.425922","139.600343"
"横浜市立大岡小学校　校舎１４－４","神奈川県横浜市南区大橋町3-49","35.426203","139.600594"
"横浜市立石川小学校　体育館","神奈川県横浜市南区中村町1-66","35.434513","139.635981"
"横浜市立石川小学校　校舎１７","神奈川県横浜市南区中村町1-66","35.43419","139.635772"
"横浜市立中村小学校　校舎９－１","神奈川県横浜市南区中村町4-269-1","35.432941","139.625783"
"横浜市立中村小学校　体育館","神奈川県横浜市南区中村町4-269-1","35.432382","139.625938"
"横浜市立中村小学校　校舎３","神奈川県横浜市南区中村町4-269-1","35.432495","139.62553"
"横浜市立南小学校　体育館","神奈川県横浜市南区中里1-6-16","35.418701","139.599383"
"横浜市立南小学校　校舎５","神奈川県横浜市南区中里1-6-16","35.419111","139.598697"
"横浜市立南小学校　校舎３","神奈川県横浜市南区中里1-6-16","35.41908","139.599255"
"横浜市立南小学校　校舎９","神奈川県横浜市南区中里1-6-16","35.418744","139.598895"
"横浜市立共進中学校　校舎１５－２","神奈川県横浜市南区東蒔田町1-5","35.432871","139.617117"
"横浜市立共進中学校　校舎１５－１","神奈川県横浜市南区東蒔田町1-5","35.432652","139.616854"
"横浜市立共進中学校　体育館","神奈川県横浜市南区東蒔田町1-5","35.432692","139.617358"
"横浜市立南太田小学校　校舎１－１","神奈川県横浜市南区南太田1-17-1","35.435387","139.611351"
"横浜市立南太田小学校　体育館","神奈川県横浜市南区南太田1-17-1","35.435491","139.610922"
"横浜市立平楽中学校　校舎１４","神奈川県横浜市南区平楽1","35.431343","139.633327"
"横浜市立平楽中学校　体育館","神奈川県横浜市南区平楽1","35.431701","139.633456"
"横浜市立南が丘中学校　校舎１３","神奈川県横浜市南区別所3-6-1","35.413872","139.591066"
"横浜市立南が丘中学校　校舎１２","神奈川県横浜市南区別所3-6-1","35.413895","139.590449"
"横浜市立南が丘中学校　校舎１０","神奈川県横浜市南区別所3-6-1","35.413794","139.590604"
"横浜市立南が丘中学校　校舎７","神奈川県横浜市南区別所3-6-1","35.413436","139.590487"
"南が丘中学校体育館６","神奈川県横浜市南区別所3-6-1","35.41417","139.5909"
"横浜市立別所小学校　体育館","神奈川県横浜市南区別所6-3-1","35.416932","139.582259"
"横浜市立別所小学校　校舎１","神奈川県横浜市南区別所6-3-1","35.417031","139.581787"
"横浜市立南中学校　体育館","神奈川県横浜市南区六ツ川1-14","35.427028","139.596598"
"横浜市立南中学校　校舎２６","神奈川県横浜市南区六ツ川1-14","35.426363","139.597092"
"横浜市立南中学校　校舎１７","神奈川県横浜市南区六ツ川1-14","35.427006","139.59736"
"横浜市立南中学校　校舎６","神奈川県横浜市南区六ツ川1-14","35.426669","139.597398"
"横浜市立南中学校　校舎１－１","神奈川県横浜市南区六ツ川1-14","35.427102","139.596952"
"六つ川西小学校校舎１－２","神奈川県横浜市南区六ツ川2-156-1","35.425076","139.577718"
"横浜市立六つ川西小学校　体育館","神奈川県横浜市南区六ツ川2-156-1","35.424845","139.577312"
"横浜市立六つ川西小学校　校舎１","神奈川県横浜市南区六ツ川2-156-1","35.424814","139.577859"
"横浜市立六つ川小学校　校舎１","神奈川県横浜市南区六ツ川3-4-12","35.428954","139.584138"
"横浜市立六つ川小学校　校舎３","神奈川県横浜市南区六ツ川3-4-12","35.429015","139.583591"
"横浜市立六つ川小学校　体育館","神奈川県横浜市南区六ツ川3-4-12","35.428613","139.584224"
"横浜市立六つ川小学校　校舎６－１","神奈川県横浜市南区六ツ川3-4-12","35.428678","139.584299"
"横浜市立六つ川台小学校　体育館","神奈川県横浜市南区六ツ川3-65-9","35.428895","139.580464"
"横浜市立六つ川台小学校　校舎８","神奈川県横浜市南区六ツ川3-65-9","35.428892","139.580003"
"横浜市立六つ川台小学校　校舎２－１","神奈川県横浜市南区六ツ川3-65-9","35.428656","139.580663"
"横浜市立六つ川台小学校　校舎１","神奈川県横浜市南区六ツ川3-65-9","35.428586","139.580942"
"横浜市立六ツ川中学校　体育館","神奈川県横浜市南区六ツ川3-81-11","35.4293","139.578309"
"横浜市立六ツ川中学校　校舎１－５","神奈川県横浜市南区六ツ川3-81-11","35.429064","139.57824"
"横浜市立六ツ川中学校　校舎１","神奈川県横浜市南区六ツ川3-81-11","35.428872","139.57824"
"横浜市立常盤台小学校　校舎１","神奈川県横浜市保土ケ谷区釜台町22-1","35.469282","139.585755"
"横浜市立常盤台小学校　校舎４","神奈川県横浜市保土ケ谷区釜台町22-1","35.469632","139.58575"
"横浜市立常盤台小学校　体育館１０－２","神奈川県横浜市保土ケ谷区釜台町22-1","35.469361","139.585428"
"横浜市立常盤台小学校　校舎１０－１","神奈川県横浜市保土ケ谷区釜台町22-1","35.469527","139.585337"
"横浜市立常盤台小学校　校舎５","神奈川県横浜市保土ケ谷区釜台町22-1","35.468889","139.585567"
"横浜市立保土ケ谷中学校　校舎８","神奈川県横浜市保土ケ谷区釜台町3-1","35.466561","139.584632"
"横浜市立保土ケ谷中学校　校舎２","神奈川県横浜市保土ケ谷区釜台町3-1","35.466304","139.584862"
"横浜市立保土ケ谷中学校　体育館９","神奈川県横浜市保土ケ谷区釜台町3-1","35.466024","139.584707"
"横浜市立保土ケ谷中学校　校舎１９","神奈川県横浜市保土ケ谷区釜台町3-1","35.466103","139.584229"
"横浜市立保土ケ谷中学校　校舎１８","神奈川県横浜市保土ケ谷区釜台町3-1","35.466334","139.584487"
"横浜市立富士見台小学校　体育館２１","神奈川県横浜市保土ケ谷区岩井町307","35.442995","139.602135"
"横浜市立富士見台小学校　校舎３","神奈川県横浜市保土ケ谷区岩井町307","35.442335","139.601771"
"横浜市立富士見台小学校　校舎１９","神奈川県横浜市保土ケ谷区岩井町307","35.442619","139.602023"
"横浜市立岩崎小学校　体育館１４","神奈川県横浜市保土ケ谷区岩崎町22-1","35.446791","139.587041"
"横浜市立岩崎小学校　校舎１５－１","神奈川県横浜市保土ケ谷区岩崎町22-1","35.446918","139.586729"
"横浜市立岩崎小学校　校舎４","神奈川県横浜市保土ケ谷区岩崎町22-1","35.446437","139.586365"
"横浜市立岩崎小学校　校舎３－１","神奈川県横浜市保土ケ谷区岩崎町22-1","35.446669","139.586365"
"横浜市立岩崎小学校　校舎２－１","神奈川県横浜市保土ケ谷区岩崎町22-1","35.446691","139.586461"
"横浜市立宮田中学校　体育館２２－１","神奈川県横浜市保土ケ谷区宮田町1-100","35.461427","139.60448"
"横浜市立宮田中学校　校舎１９","神奈川県横浜市保土ケ谷区宮田町1-100","35.461506","139.604861"
"横浜市立宮田中学校　校舎１８","神奈川県横浜市保土ケ谷区宮田町1-100","35.461702","139.605108"
"横浜市立宮田中学校　校舎１４","神奈川県横浜市保土ケ谷区宮田町1-100","35.461357","139.605231"
"横浜市立権太坂小学校　校舎１２－１","神奈川県横浜市保土ケ谷区権太坂2-4-1","35.441974","139.574495"
"横浜市立権太坂小学校　校舎１","神奈川県横浜市保土ケ谷区権太坂2-4-1","35.441677","139.574442"
"横浜市立権太坂小学校　体育館２","神奈川県横浜市保土ケ谷区権太坂2-4-1","35.442114","139.573959"
"横浜市立今井小学校　体育館６－１","神奈川県横浜市保土ケ谷区今井町981-1","35.446869","139.558099"
"横浜市立今井小学校　校舎２","神奈川県横浜市保土ケ谷区今井町981-1","35.446729","139.558753"
"横浜市立今井小学校　校舎１","神奈川県横浜市保土ケ谷区今井町981-1","35.44662","139.558399"
"横浜市立今井小学校　校舎１５","神奈川県横浜市保土ケ谷区今井町981-1","35.446803","139.558962"
"横浜市立坂本小学校　体育館７－２","神奈川県横浜市保土ケ谷区坂本町6","35.464627","139.579364"
"横浜市立坂本小学校　校舎７－１","神奈川県横浜市保土ケ谷区坂本町6","35.46475","139.579391"
"横浜市立坂本小学校　校舎１","神奈川県横浜市保土ケ谷区坂本町6","35.464837","139.5799"
"横浜市立坂本小学校　校舎２０","神奈川県横浜市保土ケ谷区坂本町6","35.464522","139.580244"
"横浜市立桜台小学校　体育館１０","神奈川県横浜市保土ケ谷区桜ケ丘1-13-1","35.450234","139.591424"
"横浜市立桜台小学校　校舎１－１","神奈川県横浜市保土ケ谷区桜ケ丘1-13-1","35.45072","139.590475"
"横浜市立桜台小学校　校舎５","神奈川県横浜市保土ケ谷区桜ケ丘1-13-1","35.450768","139.591044"
"横浜市立桜台小学校　校舎１３","神奈川県横浜市保土ケ谷区桜ケ丘1-13-1","35.450527","139.590164"
"横浜市立岩崎中学校　校舎１６","神奈川県横浜市保土ケ谷区桜ケ丘2-6-1","35.450292","139.584947"
"横浜市立岩崎中学校　体育館３３－２","神奈川県横浜市保土ケ谷区桜ケ丘2-6-1","35.449649","139.585677"
"横浜市立岩崎中学校　校舎３３－１","神奈川県横浜市保土ケ谷区桜ケ丘2-6-1","35.449593","139.58528"
"横浜市立岩崎中学校　校舎３２","神奈川県横浜市保土ケ谷区桜ケ丘2-6-1","35.450008","139.585098"
"横浜市立上菅田笹の丘小学校　体育館","神奈川県横浜市保土ケ谷区上菅田町134","35.484401","139.566783"
"横浜市立上菅田笹の丘小学校　校舎１","神奈川県横浜市保土ケ谷区上菅田町134","35.484406","139.566269"
"横浜市立笹山小学校　校舎６－１","神奈川県横浜市保土ケ谷区上菅田町1422","35.492496","139.565232"
"横浜市立新井小学校　校舎２－１","神奈川県横浜市保土ケ谷区上菅田町1574-1","35.495619","139.556541"
"横浜市立新井小学校　体育館２－２","神奈川県横浜市保土ケ谷区上菅田町1574-1","35.495497","139.55652"
"横浜市立新井小学校　校舎１","神奈川県横浜市保土ケ谷区上菅田町1574-1","35.49578","139.556938"
"横浜市立上菅田中学校　校舎１","神奈川県横浜市保土ケ谷区上菅田町780","35.490125","139.568568"
"横浜市立上菅田中学校　体育館２","神奈川県横浜市保土ケ谷区上菅田町780","35.489756","139.568243"
"横浜市立上菅田中学校　校舎３","神奈川県横浜市保土ケ谷区上菅田町780","35.490106","139.569135"
"横浜市立上星川小学校　校舎３－１","神奈川県横浜市保土ケ谷区上星川2-51-1","35.476422","139.577749"
"横浜市立上星川小学校　体育館３－２","神奈川県横浜市保土ケ谷区上星川2-51-1","35.476326","139.577851"
"横浜市立上星川小学校　校舎５","神奈川県横浜市保土ケ谷区上星川2-51-1","35.476387","139.577969"
"横浜市立上星川小学校　校舎１","神奈川県横浜市保土ケ谷区上星川2-51-1","35.476204","139.577986"
"横浜市立新井中学校　校舎５","神奈川県横浜市保土ケ谷区新井町43-7","35.484335","139.559882"
"横浜市立新井中学校　体育館２","神奈川県横浜市保土ケ谷区新井町43-7","35.483863","139.55941"
"横浜市立新井中学校　校舎１","神奈川県横浜市保土ケ谷区新井町43-7","35.484213","139.559356"
"横浜市立藤塚小学校　校舎９－１","神奈川県横浜市保土ケ谷区新桜ケ丘1-22-1","35.451308","139.563011"
"横浜市立藤塚小学校　体育館５－１","神奈川県横浜市保土ケ谷区新桜ケ丘1-22-1","35.451482","139.562684"
"横浜市立藤塚小学校　校舎１７－１","神奈川県横浜市保土ケ谷区新桜ケ丘1-22-1","35.451111","139.562909"
"横浜市立藤塚小学校　校舎１","神奈川県横浜市保土ケ谷区新桜ケ丘1-22-1","35.450962","139.562781"
"横浜市立保土ケ谷小学校　体育館２４－２","神奈川県横浜市保土ケ谷区神戸町129-4","35.454834","139.595242"
"横浜市立保土ケ谷小学校　校舎２３","神奈川県横浜市保土ケ谷区神戸町129-4","35.454659","139.595017"
"横浜市立瀬戸ケ谷小学校　校舎２－１","神奈川県横浜市保土ケ谷区瀬戸ケ谷町243","35.441569","139.587079"
"横浜市立瀬戸ケ谷小学校　体育館２－２","神奈川県横浜市保土ケ谷区瀬戸ケ谷町243","35.44146","139.587036"
"横浜市立瀬戸ケ谷小学校　校舎１－１","神奈川県横浜市保土ケ谷区瀬戸ケ谷町243","35.441272","139.586886"
"横浜市立星川小学校　校舎５","神奈川県横浜市保土ケ谷区星川3-18-1","35.461109","139.589104"
"横浜市立星川小学校　体育館９－２","神奈川県横浜市保土ケ谷区星川3-18-1","35.46086","139.589388"
"横浜市立星川小学校　校舎１８","神奈川県横浜市保土ケ谷区星川3-18-1","35.460952","139.589688"
"横浜市立星川小学校　校舎１７","神奈川県横浜市保土ケ谷区星川3-18-1","35.461253","139.589801"
"横浜市立星川小学校　校舎９－１","神奈川県横浜市保土ケ谷区星川3-18-1","35.460947","139.589318"
"横浜市立星川小学校　校舎４","神奈川県横浜市保土ケ谷区星川3-18-1","35.461524","139.589211"
"横浜市立川島小学校　校舎２","神奈川県横浜市保土ケ谷区川島町1162","35.473413","139.567954"
"横浜市立川島小学校　体育館４－１","神奈川県横浜市保土ケ谷区川島町1162","35.473518","139.568528"
"横浜市立川島小学校　校舎１","神奈川県横浜市保土ケ谷区川島町1162","35.473662","139.56768"
"横浜市立西谷中学校　校舎２－２","神奈川県横浜市保土ケ谷区川島町1208","35.474501","139.564215"
"横浜市立西谷中学校　体育館２２","神奈川県横浜市保土ケ谷区川島町1208","35.473767","139.564483"
"横浜市立西谷中学校　校舎１４","神奈川県横浜市保土ケ谷区川島町1208","35.474383","139.564467"
"横浜市立西谷中学校　校舎５","神奈川県横浜市保土ケ谷区川島町1208","35.474667","139.563759"
"旧横浜市立くぬぎ台小学校　校舎１－３","神奈川県横浜市保土ケ谷区川島町1374-1","35.472137","139.559365"
"旧横浜市立くぬぎ台小学校　校舎５－１","神奈川県横浜市保土ケ谷区川島町1374-1","35.472762","139.559236"
"旧横浜市立くぬぎ台小学校　校舎１－１","神奈川県横浜市保土ケ谷区川島町1374-1","35.472439","139.559349"
"旧横浜市立くぬぎ台小学校　体育館５－２","神奈川県横浜市保土ケ谷区川島町1374-1","35.472644","139.559236"
"横浜市立帷子小学校　体育館２－２（２階以上）","神奈川県横浜市保土ケ谷区川辺町65-1","35.456659","139.598126"
"横浜市立帷子小学校　校舎１","神奈川県横浜市保土ケ谷区川辺町65-1","35.456851","139.597606"
"横浜市立帷子小学校　校舎１（※２階以上）","神奈川県横浜市保土ケ谷区川辺町65-1","35.456646","139.597606"
"横浜市立帷子小学校　校舎２","神奈川県横浜市保土ケ谷区川辺町65-1","35.456711","139.597971"
"横浜市立帷子小学校　校舎８","神奈川県横浜市保土ケ谷区川辺町65-1","35.456899","139.596946"
"横浜市立帷子小学校　校舎８（※２階以上）","神奈川県横浜市保土ケ谷区川辺町65-1","35.456768","139.597043"
"横浜市立帷子小学校　体育館２－２","神奈川県横浜市保土ケ谷区川辺町65-1","35.456681","139.598046"
"横浜市立初音が丘小学校　校舎９－１","神奈川県横浜市保土ケ谷区藤塚町1-1","35.44792","139.576844"
"横浜市立初音が丘小学校　体育館１８－１","神奈川県横浜市保土ケ谷区藤塚町1-1","35.448108","139.576768"
"横浜市立初音が丘小学校　校舎８","神奈川県横浜市保土ケ谷区藤塚町1-1","35.447977","139.575851"
"横浜市立初音が丘小学校　校舎５－２","神奈川県横浜市保土ケ谷区藤塚町1-1","35.448003","139.576404"
"横浜市立初音が丘小学校　校舎２","神奈川県横浜市保土ケ谷区藤塚町1-1","35.448173","139.57606"
"横浜市立橘中学校　体育館１－４","神奈川県横浜市保土ケ谷区仏向町1167-2","35.456102","139.576651"
"横浜市立橘中学校　校舎６","神奈川県横浜市保土ケ谷区仏向町1167-2","35.455735","139.576528"
"横浜市立橘中学校　校舎１","神奈川県横浜市保土ケ谷区仏向町1167-2","35.456246","139.576608"
"横浜市立仏向小学校　体育館２３","神奈川県横浜市保土ケ谷区仏向町845","35.460237","139.585309"
"横浜市立仏向小学校　校舎１４","神奈川県横浜市保土ケ谷区仏向町845","35.460551","139.58598"
"横浜市立峯小学校　校舎２０","神奈川県横浜市保土ケ谷区峰岡町1-10","35.461476","139.599366"
"横浜市立峯小学校　体育館７－１","神奈川県横浜市保土ケ谷区峰岡町1-10","35.461069","139.599393"
"横浜市立峯小学校　校舎２１－１","神奈川県横浜市保土ケ谷区峰岡町1-10","35.461309","139.599623"
"横浜市立峯小学校　校舎１０－１","神奈川県横浜市保土ケ谷区峰岡町1-10","35.461646","139.59899"
"横浜市立いぶき野小学校　校舎４","神奈川県横浜市緑区いぶき野14-1","35.525734","139.502096"
"横浜市立いぶき野小学校　体育館９","神奈川県横浜市緑区いぶき野14-1","35.526075","139.501758"
"横浜市立いぶき野小学校　校舎１０","神奈川県横浜市緑区いぶき野14-1","35.525834","139.502563"
"横浜市立いぶき野小学校　校舎５","神奈川県横浜市緑区いぶき野14-1","35.525821","139.501763"
"横浜市立いぶき野小学校　校舎１－１","神奈川県横浜市緑区いぶき野14-1","35.526075","139.502053"
"横浜市立東鴨居中学校　体育館３","神奈川県横浜市緑区鴨居3-39-1","35.504693","139.570914"
"横浜市立東鴨居中学校　校舎１","神奈川県横浜市緑区鴨居3-39-1","35.504278","139.571493"
"横浜市立鴨居小学校　校舎５","神奈川県横浜市緑区鴨居4-7-15","35.508946","139.566193"
"横浜市立鴨居小学校　体育館１５","神奈川県横浜市緑区鴨居4-7-15","35.508382","139.566665"
"横浜市立鴨居小学校　校舎１","神奈川県横浜市緑区鴨居4-7-15","35.508897","139.566788"
"横浜市立鴨居中学校　校舎１１－１","神奈川県横浜市緑区鴨居5-12-35","35.507577","139.561652"
"横浜市立鴨居中学校　体育館８","神奈川県横浜市緑区鴨居5-12-35","35.507988","139.56141"
"横浜市立鴨居中学校　校舎１２","神奈川県横浜市緑区鴨居5-12-35","35.507486","139.56178"
"横浜市立鴨居中学校　校舎１－１","神奈川県横浜市緑区鴨居5-12-35","35.50766","139.561453"
"横浜市立緑小学校　校舎１","神奈川県横浜市緑区鴨居5-19-1","35.505039","139.560916"
"横浜市立緑小学校　体育館６","神奈川県横浜市緑区鴨居5-19-1","35.505105","139.56009"
"横浜市立緑小学校　校舎１０","神奈川県横浜市緑区鴨居5-19-1","35.505555","139.560809"
"横浜市立三保小学校　校舎２１","神奈川県横浜市緑区三保町1867","35.515299","139.526208"
"横浜市立三保小学校　体育館６－２","神奈川県横浜市緑区三保町1867","35.515482","139.526143"
"横浜市立三保小学校　校舎１","神奈川県横浜市緑区三保町1867","35.515993","139.52676"
"横浜市立三保小学校　校舎５－１","神奈川県横浜市緑区三保町1867","35.515958","139.526235"
"横浜市立三保小学校　校舎６－１","神奈川県横浜市緑区三保町1867","35.515622","139.526138"
"横浜市立三保小学校　校舎１８－１","神奈川県横浜市緑区三保町1867","35.515762","139.526138"
"横浜市立中山中学校　校舎２１－３","神奈川県横浜市緑区寺山町653-21","35.504351","139.53992"
"横浜市立中山中学校　体育館２０－１","神奈川県横浜市緑区寺山町653-21","35.503661","139.539496"
"横浜市立中山中学校　校舎１８","神奈川県横浜市緑区寺山町653-21","35.503452","139.539759"
"横浜市立中山中学校　校舎１９－１","神奈川県横浜市緑区寺山町653-21","35.50388","139.539974"
"横浜市立中山中学校　校舎２０－３","神奈川県横浜市緑区寺山町653-21","35.503893","139.539486"
"横浜市立十日市場小学校　体育館３１－１","神奈川県横浜市緑区十日市場町1392-1","35.520771","139.514983"
"横浜市立十日市場小学校　校舎２１－１","神奈川県横浜市緑区十日市場町1392-1","35.520566","139.514333"
"横浜市立十日市場中学校　体育館２３－３","神奈川県横浜市緑区十日市場町1501-42","35.52257","139.511887"
"横浜市立十日市場中学校　校舎２５","神奈川県横浜市緑区十日市場町1501-42","35.522177","139.512145"
"横浜市立十日市場中学校　校舎２４","神奈川県横浜市緑区十日市場町1501-42","35.522443","139.51274"
"横浜市立上山小学校　校舎１","神奈川県横浜市緑区上山2-5-1","35.506558","139.546945"
"横浜市立上山小学校　校舎１２","神奈川県横浜市緑区上山2-5-1","35.506733","139.547229"
"横浜市立上山小学校　体育館２－１","神奈川県横浜市緑区上山2-5-1","35.506174","139.546907"
"横浜市立新治小学校　校舎２３","神奈川県横浜市緑区新治町768","35.51809","139.520625"
"横浜市立新治小学校　体育館１５－３","神奈川県横浜市緑区新治町768","35.517431","139.519574"
"横浜市立新治小学校　校舎１５","神奈川県横浜市緑区新治町768","35.51757","139.519928"
"横浜市立新治小学校　校舎２２","神奈川県横浜市緑区新治町768","35.517998","139.519702"
"横浜市立森の台小学校　校舎２６","神奈川県横浜市緑区森の台13-1","35.508776","139.535817"
"横浜市立森の台小学校　体育館２８","神奈川県横浜市緑区森の台13-1","35.508981","139.535994"
"横浜市立森の台小学校　校舎２５","神奈川県横浜市緑区森の台13-1","35.508535","139.53535"
"横浜市立竹山小学校　体育館４－２","神奈川県横浜市緑区竹山3-1-16","35.495601","139.56075"
"横浜市立竹山小学校　校舎６","神奈川県横浜市緑区竹山3-1-16","35.49602","139.561238"
"横浜市立竹山小学校　校舎１","神奈川県横浜市緑区竹山3-1-16","35.496147","139.56076"
"横浜市立中山小学校　校舎７","神奈川県横浜市緑区中山町925","35.511026","139.548383"
"横浜市立中山小学校　体育館２","神奈川県横浜市緑区中山町925","35.510764","139.548024"
"横浜市立中山小学校　校舎４","神奈川県横浜市緑区中山町925","35.510685","139.548523"
"横浜市立田奈中学校　校舎５","神奈川県横浜市緑区長津田2-24-1","35.534633","139.49751"
"横浜市立田奈中学校　体育館２３","神奈川県横浜市緑区長津田2-24-1","35.534069","139.499238"
"横浜市立田奈中学校　校舎１３","神奈川県横浜市緑区長津田2-24-1","35.534275","139.499152"
"横浜市立田奈中学校　校舎１２","神奈川県横浜市緑区長津田2-24-1","35.534519","139.498455"
"横浜市立田奈中学校　校舎１０","神奈川県横浜市緑区長津田2-24-1","35.534737","139.497956"
"横浜市立長津田小学校　校舎２０","神奈川県横浜市緑区長津田町2330","35.529688","139.490882"
"横浜市立長津田小学校　校舎１４","神奈川県横浜市緑区長津田町2330","35.530172","139.491161"
"横浜市立長津田小学校　校舎３","神奈川県横浜市緑区長津田町2330","35.530299","139.490785"
"横浜市立長津田小学校　体育館６","神奈川県横浜市緑区長津田町2330","35.529958","139.490657"
"横浜市立長津田第二小学校　校舎４","神奈川県横浜市緑区長津田町2469-3","35.534852","139.48827"
"横浜市立長津田第二小学校　体育館３","神奈川県横浜市緑区長津田町2469-3","35.534935","139.488677"
"横浜市立長津田第二小学校　校舎１","神奈川県横浜市緑区長津田町2469-3","35.535005","139.488328"
"横浜市立長津田第二小学校　校舎２","神奈川県横浜市緑区長津田町2469-3","35.534691","139.488377"
"横浜市立東本郷小学校　校舎１","神奈川県横浜市緑区東本郷5-40-1","35.504979","139.582135"
"横浜市立東本郷小学校　校舎３－１","神奈川県横浜市緑区東本郷5-40-1","35.505258","139.582188"
"横浜市立東本郷小学校　校舎７","神奈川県横浜市緑区東本郷5-40-1","35.504608","139.581829"
"横浜市立東本郷小学校　体育館２－１","神奈川県横浜市緑区東本郷5-40-1","35.505424","139.581947"
"横浜市立山下小学校　校舎１","神奈川県横浜市緑区北八朔町1865-3","35.525207","139.538458"
"横浜市立山下小学校　校舎５","神奈川県横浜市緑区北八朔町1865-3","35.525255","139.538753"
"横浜市立山下小学校　体育館３","神奈川県横浜市緑区北八朔町1865-3","35.525142","139.537654"
"横浜市立山下小学校　校舎４","神奈川県横浜市緑区北八朔町1865-3","35.52533","139.537841"
"横浜市立山下みどり台小学校　校舎２－１","神奈川県横浜市緑区北八朔町2031-3","35.531613","139.533372"
"横浜市立山下みどり台小学校　体育館３－１","神奈川県横浜市緑区北八朔町2031-3","35.531862","139.533082"
"横浜市立山下みどり台小学校　校舎１","神奈川県横浜市緑区北八朔町2031-3","35.531351","139.533179"
"霧が丘複合施設「霧の里」（旧霧が丘第三小学校）　体育館２","神奈川県横浜市緑区霧が丘3-23","35.516271","139.505515"
"霧が丘複合施設「霧の里」（旧霧が丘第三小学校）　校舎１","神奈川県横浜市緑区霧が丘3-23","35.51617","139.504748"
"横浜市立霧が丘義務教育学校（旧小学校部分）　校舎１－１","神奈川県横浜市緑区霧が丘4-3","35.511744","139.507141"
"横浜市立霧が丘義務教育学校（旧小学校部分）　体育館２","神奈川県横浜市緑区霧が丘4-3","35.511997","139.507667"
"横浜市立霧が丘義務教育学校（旧小学校部分）　校舎１２","神奈川県横浜市緑区霧が丘4-3","35.512181","139.506883"
"横浜市立霧が丘義務教育学校（旧小学校部分）　校舎１１","神奈川県横浜市緑区霧が丘4-3","35.511954","139.507007"
"横浜市立霧が丘義務教育学校（旧小学校部分）　校舎１０","神奈川県横浜市緑区霧が丘4-3","35.512071","139.507162"
"えびな市民活動センター（ビナレッジ）","神奈川県海老名市さつき町51-2","35.447604","139.381297"
"海西中学校【校庭】","神奈川県海老名市さつき町58","35.447607","139.380326"
"海西中学校【校舎及び体育館】","神奈川県海老名市さつき町58","35.448205","139.380701"
"文化会館及び中央図書館","神奈川県海老名市めぐみ町6-1","35.45228","139.386797"
"総合福祉会館","神奈川県海老名市めぐみ町6-3","35.451939","139.385907"
"下今泉コミュニティセンター","神奈川県海老名市下今泉1-17-55","35.462779","139.38587"
"有鹿小学校","神奈川県海老名市河原口3-13-1","35.453149","139.37782"
"国分寺台文化センター","神奈川県海老名市国分寺台2-10-23","35.439253","139.405553"
"大谷小学校","神奈川県海老名市国分寺台2-13-1","35.440072","139.403734"
"史跡相模国分寺跡","神奈川県海老名市国分南1-1912-2","35.454374","139.39783"
"海老名中学校","神奈川県海老名市国分南3-11-1","35.44993","139.397972"
"海老名小学校","神奈川県海老名市国分南3-12-3","35.451307","139.398665"
"国分コミュニティセンター","神奈川県海老名市国分南4-14-1","35.452625","139.403074"
"杉本小学校【校舎及び体育館】","神奈川県海老名市国分北4-10-1","35.464507","139.408652"
"杉本小学校【校庭】","神奈川県海老名市国分北4-10-1","35.464988","139.408952"
"社家コミュニティセンター","神奈川県海老名市社家3-18-1","35.423928","139.384795"
"社家小学校【校庭】","神奈川県海老名市社家5-10-1","35.419814","139.381136"
"社家小学校【校舎及び体育館】","神奈川県海老名市社家5-10-1","35.420453","139.381512"
"県立有馬高等学校【校庭】","神奈川県海老名市社家5-27-1","35.415727","139.379757"
"県立有馬高等学校【校舎及び体育館】","神奈川県海老名市社家5-27-1","35.41515","139.379381"
"勝瀬文化センター","神奈川県海老名市勝瀬4-40","35.446403","139.397513"
"上星小学校【校庭】","神奈川県海老名市上今泉1-23-1","35.466403","139.403733"
"上星小学校【校舎及び体育館】","神奈川県海老名市上今泉1-23-1","35.466643","139.402756"
"上今泉コミュニティセンター","神奈川県海老名市上今泉1-5-32","35.466516","139.40523"
"今泉中学校【校庭】","神奈川県海老名市上今泉1840","35.466198","139.393311"
"今泉中学校【校舎及び体育館】","神奈川県海老名市上今泉1840","35.465565","139.393065"
"今泉小学校【校舎及び体育館】","神奈川県海老名市上今泉2028","35.46169","139.391497"
"今泉小学校【校庭】","神奈川県海老名市上今泉2028","35.461821","139.392157"
"障害者支援センターあきば","神奈川県海老名市上今泉6-11-20","35.467455","139.410144"
"北部公園体育館","神奈川県海老名市上今泉6-14-1","35.46559","139.40961"
"北部公園","神奈川県海老名市上今泉6-340-1","35.466737","139.410735"
"杉久保コミュニティセンター","神奈川県海老名市杉久保北2-18-15","35.426755","139.397495"
"杉久保小学校【校庭】","神奈川県海老名市杉久保北4-4-1","35.428629","139.403214"
"杉久保小学校【校舎及び体育館】","神奈川県海老名市杉久保北4-4-1","35.429035","139.403885"
"県立かながわ農業アカデミー","神奈川県海老名市杉久保北5-1-1","35.425781","139.40578"
"大谷中学校【校舎及び体育館】","神奈川県海老名市大谷南2-10-1","35.436981","139.397247"
"大谷中学校【校庭】","神奈川県海老名市大谷南2-10-1","35.437335","139.396496"
"大谷コミュニティセンター","神奈川県海老名市大谷南4-21-1","35.433052","139.397961"
"大谷近隣公園","神奈川県海老名市大谷南4-3285-1","35.432738","139.397081"
"有馬小学校及び有馬中学校【校舎及び体育館】","神奈川県海老名市中河内1784","35.416196","139.395272"
"有馬小学校及び有馬中学校【校庭】","神奈川県海老名市中河内1784","35.415619","139.395996"
"中新田小学校【校庭】","神奈川県海老名市中新田1-15-1","35.438427","139.385868"
"中新田小学校【校舎及び体育館】","神奈川県海老名市中新田1-15-1","35.438873","139.386329"
"県立海老名高等学校","神奈川県海老名市中新田1-26-1","35.442578","139.388029"
"中新田コミュニティセンター","神奈川県海老名市中新田2-16-14","35.442696","139.382063"
"わかば会館","神奈川県海老名市中新田383-1","35.444299","139.385478"
"県立中央農業高等学校【校舎及び体育館】","神奈川県海老名市中新田4-12-1","35.433539","139.385499"
"県立中央農業高等学校【校庭】","神奈川県海老名市中新田4-12-1","35.434387","139.386277"
"県立えびな支援学校","神奈川県海老名市中新田4-5-1","35.433369","139.384132"
"東柏ケ谷近隣公園","神奈川県海老名市東柏ケ谷1-1766-3","35.468255","139.429156"
"柏ケ谷コミュニティセンター","神奈川県海老名市東柏ケ谷2-14-12","35.468847","139.42484"
"東柏ケ谷小学校","神奈川県海老名市東柏ケ谷6-9-7","35.46795","139.434914"
"柏ケ谷小学校","神奈川県海老名市柏ケ谷1090","35.466238","139.417212"
"柏ケ谷中学校【校舎及び体育館】","神奈川県海老名市柏ケ谷884","35.468828","139.417169"
"柏ケ谷中学校【校庭】","神奈川県海老名市柏ケ谷884","35.469553","139.417003"
"富士フイルムビジネスイノベーション株式会社　海老名事業所【グラウンド】","神奈川県海老名市本郷2274","35.402209","139.395712"
"本郷コミュニティセンター","神奈川県海老名市本郷4626-1","35.41337","139.395508"
"門沢橋小学校【校舎及び体育館】","神奈川県海老名市門沢橋1-19-1","35.409045","139.379336"
"門沢橋小学校【校庭】","神奈川県海老名市門沢橋1-19-1","35.408621","139.380135"
"門沢橋コミュニティセンター及び有馬図書館","神奈川県海老名市門沢橋1-20-41","35.407852","139.380285"
"水辺スポーツ公園","神奈川県開成町吉田島2710","35.339225","139.132257"
"屋敷下第一公園","神奈川県開成町吉田島3813-2","35.323735","139.13374"
"開成駅前公園","神奈川県開成町吉田島4362","35.328229","139.134274"
"中家村公園","神奈川県開成町吉田島780","35.331283","139.130297"
"金井島緑陰自由運動広場","神奈川県開成町金井島1322","35.343","139.113642"
"円蔵小学校","神奈川県茅ヶ崎市円蔵1-13-1","35.342381","139.407668"
"円蔵中学校","神奈川県茅ヶ崎市円蔵1-15-1","35.343513","139.408816"
"神奈川県立鶴嶺高等学校","神奈川県茅ヶ崎市円蔵1-16-1","35.343856","139.409503"
"茅ヶ崎市円蔵スポーツ広場","神奈川県茅ヶ崎市円蔵651","35.343122","139.409513"
"北陽中学校","神奈川県茅ヶ崎市下寺尾1660","35.365974","139.409121"
"神奈川県立茅ケ崎北陵高等学校（旧校舎敷地）","神奈川県茅ヶ崎市下寺尾515","35.363876","139.397591"
"神奈川県衛生研究所","神奈川県茅ヶ崎市下町屋1-3-1","35.331562","139.384055"
"茅ヶ崎市役所","神奈川県茅ヶ崎市茅ケ崎1-1-1","35.333827","139.403497"
"茅ヶ崎市民文化会館","神奈川県茅ヶ崎市茅ケ崎1-11-1","35.33519","139.404029"
"梅田小学校","神奈川県茅ヶ崎市茅ケ崎1-6-1","35.333065","139.400937"
"電源開発株式会社茅ヶ崎社宅","神奈川県茅ヶ崎市茅ケ崎1-7-5","35.33351","139.401073"
"茅ヶ崎市総合体育館","神奈川県茅ヶ崎市茅ケ崎1-9-63","35.334868","139.403239"
"電源開発株式会社技術開発部茅ヶ崎研究所","神奈川県茅ヶ崎市茅ケ崎1-9-88","35.334685","139.401896"
"茅ヶ崎市中央公園","神奈川県茅ヶ崎市茅ケ崎2-3-1","35.335506","139.406272"
"スリーハンドレッドクラブ","神奈川県茅ヶ崎市甘沼441","35.355208","139.415489"
"茅ヶ崎小学校","神奈川県茅ヶ崎市共恵1-10-23","35.328533","139.403318"
"神奈川県立茅ケ崎里山公園","神奈川県茅ヶ崎市芹沢1030","35.374718","139.420248"
"小出小学校","神奈川県茅ヶ崎市芹沢944","35.371511","139.424079"
"香川小学校","神奈川県茅ヶ崎市香川1-33-1","35.353174","139.407023"
"今宿小学校","神奈川県茅ヶ崎市今宿192","35.336571","139.38553"
"汐見台小学校","神奈川県茅ヶ崎市汐見台3-11","35.3211","139.437297"
"神奈川県立湘南汐見台公園","神奈川県茅ヶ崎市汐見台3-15","35.322232","139.438615"
"松下政経塾","神奈川県茅ヶ崎市汐見台5-25","35.323519","139.439064"
"室田小学校","神奈川県茅ヶ崎市室田1-1-1","35.346074","139.420429"
"松林中学校","神奈川県茅ヶ崎市室田3-1-1","35.340419","139.420604"
"梅田中学校","神奈川県茅ヶ崎市十間坂3-6-25","35.332969","139.39864"
"茅ヶ崎市体育館","神奈川県茅ヶ崎市十間坂3-6-5","35.33289","139.399596"
"真如苑湘南支部","神奈川県茅ヶ崎市小桜町1-38","35.337155","139.424258"
"小和田小学校","神奈川県茅ヶ崎市小和田3-10-1","35.343848","139.438868"
"浜須賀中学校","神奈川県茅ヶ崎市松が丘2-8-54","35.326623","139.424511"
"松浪小学校","神奈川県茅ヶ崎市松浪1-1-61","35.330986","139.432496"
"松浪中学校","神奈川県茅ヶ崎市松浪2-6-47","35.3292","139.436074"
"神奈川県立茅ケ崎支援学校","神奈川県茅ヶ崎市西久保29-1","35.347595","139.38862"
"赤羽根中学校","神奈川県茅ヶ崎市赤羽根3030","35.349357","139.437283"
"湘南カントリークラブ","神奈川県茅ヶ崎市赤羽根4123","35.35929","139.433531"
"茅ヶ崎公園","神奈川県茅ヶ崎市中海岸3-3-11","35.320529","139.404191"
"中島中学校　グラウンド（地震）","神奈川県茅ヶ崎市中島1469-2","35.325618","139.375118"
"中島中学校","神奈川県茅ヶ崎市中島1469-2","35.325136","139.375241"
"鶴が台団地","神奈川県茅ヶ崎市鶴が台","35.34855","139.407965"
"茅ヶ崎市立鶴が台保育園","神奈川県茅ヶ崎市鶴が台10-8","35.348847","139.406452"
"鶴が台小学校","神奈川県茅ヶ崎市鶴が台12-1","35.348136","139.405367"
"鶴が台中学校","神奈川県茅ヶ崎市鶴が台2-7","35.348423","139.411019"
"第一中学校","神奈川県茅ヶ崎市東海岸南4-10-1","35.319573","139.414714"
"東海岸小学校","神奈川県茅ヶ崎市東海岸南4-10-1","35.319845","139.413711"
"西浜中学校","神奈川県茅ヶ崎市南湖6-15-3","35.31879","139.39101"
"西浜小学校","神奈川県茅ヶ崎市南湖6-5-8","35.318803","139.394965"
"茅ヶ崎太陽の郷","神奈川県茅ヶ崎市南湖7-12869","35.318778","139.389148"
"神奈川県立茅ケ崎西浜高等学校","神奈川県茅ヶ崎市南湖7-12869-11","35.319138","139.387526"
"萩園中学校　グラウンド（地震）","神奈川県茅ヶ崎市萩園2425","35.34182","139.381647"
"萩園中学校","神奈川県茅ヶ崎市萩園2425","35.341346","139.381537"
"浜須賀小学校","神奈川県茅ヶ崎市白浜町3-1","35.323249","139.424011"
"松林小学校","神奈川県茅ヶ崎市菱沼1-1-1","35.34462","139.427842"
"ＧＤＯ茅ヶ崎ゴルフリンクス","神奈川県茅ヶ崎市菱沼海岸9-38","35.319641","139.420041"
"鶴嶺小学校","神奈川県茅ヶ崎市浜之郷477","35.337749","139.389722"
"鶴嶺中学校","神奈川県茅ヶ崎市浜之郷500","35.340915","139.390508"
"浜之郷小学校","神奈川県茅ヶ崎市浜之郷90","35.344821","139.389698"
"ＴＯＴＯ株式会社茅ヶ崎工場","神奈川県茅ヶ崎市本村2-8-1","35.336119","139.420514"
"神奈川県立茅ケ崎高等学校","神奈川県茅ヶ崎市本村3-4-1","35.338928","139.418023"
"京急茅ヶ崎自動車学校","神奈川県茅ヶ崎市本村3-8-54","35.337753","139.420066"
"柳島スポーツ公園","神奈川県茅ヶ崎市柳島1300","35.3217","139.377005"
"柳島小学校","神奈川県茅ヶ崎市柳島1594","35.324175","139.377858"
"緑が浜小学校","神奈川県茅ヶ崎市緑が浜1-1","35.323354","139.432529"
"田端スポーツ公園","神奈川県寒川町田端2483-1","35.352516","139.372216"
"まつかげ台児童館","神奈川県厚木市まつかげ台9-15","35.503414","139.31468"
"東名中学校","神奈川県厚木市愛甲1809","35.420781","139.353028"
"愛甲児童館","神奈川県厚木市愛甲3-23-1","35.423493","139.345663"
"愛甲老人憩の家","神奈川県厚木市愛甲3-23-1","35.423525","139.345676"
"愛甲小学校","神奈川県厚木市愛甲西1-17-1","35.42613","139.339159"
"愛甲公民館","神奈川県厚木市愛甲西1-17-1","35.426415","139.339215"
"愛甲原児童館","神奈川県厚木市愛甲西2-15-1","35.423901","139.331463"
"片平老人憩の家","神奈川県厚木市愛甲東3-19-13","35.417429","139.353107"
"愛名老人憩の家","神奈川県厚木市愛名52-1","35.44588","139.32691"
"厚木南公民館","神奈川県厚木市旭町2-4-18","35.438075","139.367753"
"厚木南児童館","神奈川県厚木市旭町5-16-1","35.43402","139.364252"
"厚木第二小学校","神奈川県厚木市旭町5-38-1","35.43387","139.361841"
"厚木王子高校","神奈川県厚木市王子1-1-1","35.456462","139.344628"
"王子児童館","神奈川県厚木市王子3-3-1","35.458474","139.340377"
"岡津古久老人憩の家","神奈川県厚木市岡津古久878-1","35.430457","139.315027"
"厚木清南高校","神奈川県厚木市岡田1-12-1","35.431125","139.360908"
"厚木南老人憩の家","神奈川県厚木市岡田1-13-12","35.431462","139.359779"
"相川小学校","神奈川県厚木市岡田5-10-1","35.420465","139.367404"
"岡田児童館","神奈川県厚木市岡田5-9-1","35.421483","139.367866"
"岡田老人憩の家","神奈川県厚木市岡田5-9-1","35.421512","139.36787"
"南毛利中学校","神奈川県厚木市恩名2-16-1","35.44321","139.352275"
"温水老人憩の家","神奈川県厚木市温水1906","35.445265","139.337756"
"浅間山児童館","神奈川県厚木市温水1908-1","35.444786","139.338325"
"温水・恩名老人憩の家","神奈川県厚木市温水617-1","35.439232","139.345997"
"温水・恩名児童館","神奈川県厚木市温水617-1","35.439229","139.345956"
"ぼうさいの丘公園","神奈川県厚木市温水783-1","35.433926","139.342858"
"南毛利公民館","神奈川県厚木市温水西1-17-1","35.438884","139.335474"
"下依知老人憩の家","神奈川県厚木市下依知2-30-3","35.471465","139.372535"
"依知南小学校","神奈川県厚木市下依知2-7-1","35.472671","139.371016"
"依知南公民館","神奈川県厚木市下依知3-1-7","35.469866","139.37258"
"神奈川工科大学","神奈川県厚木市下荻野1030","35.486337","139.341706"
"荻野新宿児童館","神奈川県厚木市下荻野1253-5","35.4749","139.342481"
"荻野新宿老人憩の家","神奈川県厚木市下荻野1253-5","35.474935","139.342447"
"下古沢児童館","神奈川県厚木市下古沢257-1","35.452309","139.324578"
"下古沢老人憩の家","神奈川県厚木市下古沢658","35.457292","139.321374"
"下川入老人憩の家","神奈川県厚木市下川入1366-3","35.495131","139.350886"
"あつぎ郷土博物館","神奈川県厚木市下川入1366-4","35.49522","139.350312"
"下川入児童館","神奈川県厚木市下川入1424","35.499237","139.350626"
"相川公民館","神奈川県厚木市下津古久703-2","35.408602","139.358105"
"長坂老人憩の家","神奈川県厚木市関口304","35.487466","139.360702"
"関口老人憩の家","神奈川県厚木市関口501-1","35.485637","139.366753"
"依知小学校","神奈川県厚木市関口872-1","35.491549","139.363459"
"及川球技場","神奈川県厚木市及川1-17-1","35.466795","139.347274"
"及川児童館","神奈川県厚木市及川496-1","35.467228","139.344722"
"及川老人憩の家","神奈川県厚木市及川496-1","35.467269","139.344721"
"睦合西公民館","神奈川県厚木市及川667","35.465532","139.347106"
"宮の里児童館","神奈川県厚木市宮の里1-2-10","35.47684","139.312618"
"金田老人憩の家","神奈川県厚木市金田172-1","35.46682","139.367648"
"金田東老人憩の家","神奈川県厚木市金田775-10","35.460877","139.370756"
"金田児童館","神奈川県厚木市金田775-10","35.460912","139.3706"
"厚木北公民館","神奈川県厚木市元町9-4","35.447428","139.366135"
"戸室児童館","神奈川県厚木市戸室1-15-12","35.448431","139.353322"
"戸室老人憩の家","神奈川県厚木市戸室2-10-13","35.448798","139.350332"
"厚木高校","神奈川県厚木市戸室2-24-1","35.446076","139.351339"
"戸室小学校","神奈川県厚木市戸室4-4-1","35.45183","139.350535"
"中戸田児童館","神奈川県厚木市戸田1061-2","35.401513","139.365699"
"中戸田老人憩の家","神奈川県厚木市戸田1406-2","35.399512","139.366451"
"戸田小学校","神奈川県厚木市戸田545","35.403122","139.360477"
"上戸田児童館","神奈川県厚木市戸田588-3","35.403498","139.364833"
"下沖老人憩の家","神奈川県厚木市戸田669","35.401801","139.358684"
"吾妻町児童館","神奈川県厚木市吾妻町1-22","35.454011","139.353817"
"妻田児童館","神奈川県厚木市妻田西1-17-33","35.458081","139.356891"
"妻田西老人憩の家","神奈川県厚木市妻田西3-15-8","35.464564","139.354828"
"清水小学校","神奈川県厚木市妻田西3-18-1","35.46551","139.353582"
"妻田東老人憩の家","神奈川県厚木市妻田東1-19-14","35.45698","139.363249"
"妻田東児童館","神奈川県厚木市妻田東1-19-14","35.45696","139.363212"
"妻田小学校","神奈川県厚木市妻田南1-14-1","35.452478","139.361777"
"睦合南公民館","神奈川県厚木市妻田北1-18-33","35.464775","139.357199"
"三田児童館","神奈川県厚木市三田2722","35.483476","139.349684"
"睦合北公民館","神奈川県厚木市三田2735-1","35.483772","139.35089"
"睦合東中学校","神奈川県厚木市三田3472","35.469005","139.362196"
"三田小学校","神奈川県厚木市三田515","35.482376","139.347268"
"三田老人憩の家","神奈川県厚木市三田南3-26-31","35.471957","139.353112"
"山際児童館","神奈川県厚木市山際180","35.493852","139.366092"
"山際南部老人憩の家","神奈川県厚木市山際180","35.493847","139.366039"
"山際老人憩の家","神奈川県厚木市山際649-26","35.502485","139.358138"
"北小学校","神奈川県厚木市山際658","35.504255","139.359116"
"七沢児童館","神奈川県厚木市七沢1330-5","35.448147","139.293812"
"玉川小学校","神奈川県厚木市七沢150-1","35.439266","139.303657"
"七沢老人憩の家","神奈川県厚木市七沢1507-3","35.44562","139.29515"
"玉川公民館","神奈川県厚木市七沢175-6","35.438446","139.302549"
"自然環境保全センター","神奈川県厚木市七沢657","35.441762","139.294383"
"相川中学校","神奈川県厚木市酒井1981-1","35.408426","139.364985"
"酒井老人憩の家","神奈川県厚木市酒井2142-1","35.413759","139.362508"
"厚木北児童館","神奈川県厚木市寿町3-15-26","35.447565","139.365953"
"厚木小学校","神奈川県厚木市寿町3-15-34","35.447114","139.36276"
"厚木中央公園","神奈川県厚木市寿町3-424-1","35.444012","139.362213"
"小野児童館","神奈川県厚木市小野2287","35.435747","139.313291"
"玉川中学校","神奈川県厚木市小野301-10","35.430239","139.321391"
"藤塚中学校","神奈川県厚木市上依知1289","35.507204","139.356567"
"依知北公民館","神奈川県厚木市上依知1313-1","35.507631","139.358889"
"藤塚児童館","神奈川県厚木市上依知1334-7","35.510168","139.361053"
"藤塚老人憩の家","神奈川県厚木市上依知1383-1","35.511364","139.362033"
"上依知小学校","神奈川県厚木市上依知1657","35.511016","139.363899"
"上依知児童館","神奈川県厚木市上依知2722-3","35.516622","139.368087"
"上依知老人憩の家","神奈川県厚木市上依知2846","35.515408","139.366304"
"上荻野小学校","神奈川県厚木市上荻野1429","35.50721","139.312053"
"荻野公民館上荻野分館","神奈川県厚木市上荻野1925-1","35.51027","139.30436"
"上荻野児童館","神奈川県厚木市上荻野3643","35.511047","139.302275"
"宮本老人憩の家","神奈川県厚木市上荻野5451-1","35.493224","139.314383"
"荻野久保老人憩の家","神奈川県厚木市上荻野5647-1","35.497186","139.312267"
"荻野児童館","神奈川県厚木市上荻野6287-1","35.490306","139.319105"
"荻野小学校","神奈川県厚木市上荻野8","35.49166","139.320637"
"上古沢老人憩の家","神奈川県厚木市上古沢1343-2","35.460397","139.312385"
"上落合老人憩の家","神奈川県厚木市上落合560-2","35.40738","139.348817"
"上落合児童館","神奈川県厚木市上落合562","35.407232","139.34847"
"森の里小学校","神奈川県厚木市森の里1-27-1","35.444801","139.30609"
"森の里児童館","神奈川県厚木市森の里1-31-1","35.444968","139.308604"
"森の里公民館","神奈川県厚木市森の里1-31-1","35.444969","139.308647"
"若宮公園","神奈川県厚木市森の里1-38-39","35.443732","139.310607"
"森の里中学校","神奈川県厚木市森の里3-35-1","35.448409","139.305021"
"厚木中学校","神奈川県厚木市水引1-1-3","35.445151","139.360032"
"船子老人憩の家","神奈川県厚木市船子1578-1","35.427278","139.351032"
"依知中学校","神奈川県厚木市中依知364","35.474374","139.36945"
"中依知児童館","神奈川県厚木市中依知479-1","35.474849","139.371103"
"荻野運動公園","神奈川県厚木市中荻野1500","35.482035","139.320894"
"荻野公民館","神奈川県厚木市中荻野594-1","35.486405","139.328373"
"南毛利小学校","神奈川県厚木市長谷1085","35.435141","139.339479"
"長谷老人憩の家","神奈川県厚木市長谷1182-11","35.434265","139.337426"
"鳶尾小学校","神奈川県厚木市鳶尾2-12-1","35.489185","139.329951"
"鳶尾児童館","神奈川県厚木市鳶尾3-2-11","35.491947","139.327016"
"鳶尾老人憩の家","神奈川県厚木市鳶尾3-2-11","35.491968","139.326977"
"荻野中学校","神奈川県厚木市鳶尾5-1-1","35.493097","139.321658"
"ひまわり児童館","神奈川県厚木市南町11-11","35.432005","139.357172"
"飯山中部児童館","神奈川県厚木市飯山1115-4","35.47057","139.322694"
"日枝老人憩の家","神奈川県厚木市飯山4291-2","35.469454","139.31925"
"飯山小学校","神奈川県厚木市飯山4400","35.472517","139.320696"
"尼寺老人憩の家","神奈川県厚木市飯山4742","35.474783","139.308489"
"千頭老人憩の家","神奈川県厚木市飯山592","35.466882","139.338736"
"小鮎公民館","神奈川県厚木市飯山南1-46-5","35.461025","139.322777"
"小鮎小学校","神奈川県厚木市飯山南4-9-1","35.463086","139.322641"
"小鮎中学校","神奈川県厚木市飯山南4-9-2","35.462224","139.32323"
"古松台児童館","神奈川県厚木市飯山南5-37-6","35.461715","139.330902"
"毛利台小学校","神奈川県厚木市毛利台1-23-1","35.441164","139.330099"
"毛利台児童館","神奈川県厚木市毛利台2-2-13","35.440218","139.330219"
"毛利台老人憩の家","神奈川県厚木市毛利台2-2-13","35.440185","139.330234"
"緑ヶ丘児童館","神奈川県厚木市緑ケ丘2-2-1","35.453862","139.342063"
"緑ヶ丘公民館","神奈川県厚木市緑ケ丘2-2-1","35.453958","139.342121"
"緑ヶ丘小学校","神奈川県厚木市緑ケ丘4-1-1","35.45495","139.342975"
"緑ヶ丘老人憩の家","神奈川県厚木市緑ケ丘5-8-15","35.453959","139.338355"
"林老人憩の家","神奈川県厚木市林3-7-15","35.457721","139.346667"
"林中学校","神奈川県厚木市林5-5-1","35.458172","139.351946"
"ひばりが丘コミュニティセンター","神奈川県座間市ひばりが丘1-49-1","35.489076","139.432169"
"県立相模向陽館高等学校【校舎・体育館】","神奈川県座間市ひばりが丘3-58-1","35.480208","139.43625"
"県立相模向陽館高等学校【校庭】","神奈川県座間市ひばりが丘3-58-1","35.480871","139.437268"
"ひばりが丘小学校【校舎・体育館】","神奈川県座間市ひばりが丘4-4-1","35.483859","139.430848"
"ひばりが丘小学校【校庭】","神奈川県座間市ひばりが丘4-4-1","35.483242","139.430716"
"旭小学校【校庭】","神奈川県座間市ひばりが丘5-43-1","35.487689","139.42884"
"旭小学校【校舎・体育館】","神奈川県座間市ひばりが丘5-43-1","35.487134","139.429075"
"東中学校【校庭】","神奈川県座間市ひばりが丘5-57-1","35.484805","139.429165"
"東中学校【校舎・体育館】","神奈川県座間市ひばりが丘5-57-1","35.485323","139.429459"
"相武台東小学校【体育館】","神奈川県座間市栗原1302","35.499851","139.416877"
"相武台東小学校【校庭】","神奈川県座間市栗原1302","35.499358","139.417239"
"県立座間総合高等学校【校庭】","神奈川県座間市栗原2487","35.488323","139.416541"
"県立座間総合高等学校【校舎・体育館】","神奈川県座間市栗原2487","35.488058","139.417421"
"芹沢公園（一部）","神奈川県座間市栗原2593-1","35.485843","139.420463"
"栗原コミュニティセンター","神奈川県座間市栗原中央3-29-17","35.481573","139.417152"
"栗原中学校【校庭】","神奈川県座間市栗原中央6-4-1","35.484928","139.417104"
"栗原中学校【校舎・体育館】","神奈川県座間市栗原中央6-4-1","35.484954","139.417695"
"もくせい園","神奈川県座間市栗原中央6-7-27","35.483077","139.417094"
"栗原小学校【校庭】","神奈川県座間市栗原中央6-8-1","35.482352","139.417978"
"栗原小学校【校舎・体育館】","神奈川県座間市栗原中央6-8-1","35.482503","139.417415"
"相模野小学校【校庭】","神奈川県座間市広野台1-41-1","35.503478","139.41941"
"相模野小学校【校舎・体育館】","神奈川県座間市広野台1-41-1","35.504123","139.419381"
"西中学校【校舎・体育館】","神奈川県座間市座間2-1230","35.485215","139.386291"
"西中学校【校庭】","神奈川県座間市座間2-1230","35.484465","139.386245"
"座間小学校【校庭】","神奈川県座間市座間2-3133","35.485457","139.39216"
"座間小学校【校舎・体育館】","神奈川県座間市座間2-3133","35.486185","139.392367"
"富士山公園","神奈川県座間市座間3734","35.491237","139.399778"
"新田宿・四ツ谷コミュニティセンター","神奈川県座間市四ツ谷1026","35.473627","139.385727"
"小松原コミュニティセンター","神奈川県座間市小松原1-45-14","35.497924","139.432312"
"中原小学校【校庭】","神奈川県座間市西栗原2-16-1","35.472959","139.408148"
"中原小学校【校舎・体育館】","神奈川県座間市西栗原2-16-1","35.472492","139.408055"
"相武台コミュニティセンター","神奈川県座間市相武台3-20-18","35.500423","139.413827"
"相模が丘小学校【校舎・体育館】","神奈川県座間市相模が丘3-1-1","35.506527","139.418328"
"相模が丘小学校【校庭】","神奈川県座間市相模が丘3-1-1","35.506402","139.418938"
"相模が丘コミュニティセンター","神奈川県座間市相模が丘3-38-1","35.509038","139.422832"
"北地区文化センター","神奈川県座間市相模が丘5-30-4","35.509127","139.424663"
"相模中学校【校舎・体育館】","神奈川県座間市相模が丘6-35-1","35.504248","139.429931"
"相模中学校【校庭】","神奈川県座間市相模が丘6-35-1","35.503848","139.428951"
"座間市民球場","神奈川県座間市相模が丘6-36-24","35.503096","139.430031"
"東原小学校【校舎・体育館】","神奈川県座間市東原2-6-1","35.481389","139.427485"
"東原小学校【校庭】","神奈川県座間市東原2-6-1","35.480741","139.427043"
"通園センター","神奈川県座間市東原2-8-1","35.480116","139.426659"
"東地区文化センター","神奈川県座間市東原3-1-1","35.478532","139.423856"
"東原コミュニティセンター","神奈川県座間市東原4-13-13","35.474925","139.427591"
"南中学校【校舎・体育館】","神奈川県座間市南栗原3-8-1","35.475401","139.42069"
"南中学校【校庭】","神奈川県座間市南栗原3-8-1","35.475964","139.420746"
"座間市公民館","神奈川県座間市入谷西2-53-34","35.484271","139.393297"
"県立座間高等学校【校舎・体育館】","神奈川県座間市入谷西5-11-1","35.478067","139.396473"
"県立座間高等学校【校庭】","神奈川県座間市入谷西5-11-1","35.477217","139.397072"
"入谷小学校【校舎・体育館】","神奈川県座間市入谷西5-8-1","35.479993","139.396145"
"入谷小学校【校庭】","神奈川県座間市入谷西5-8-1","35.479967","139.395528"
"県立座間谷戸山公園（一部）","神奈川県座間市入谷東1-6-1","35.486434","139.402457"
"立野台小学校【校舎・体育館】","神奈川県座間市立野台1-1-3","35.484893","139.409377"
"立野台小学校【校庭】","神奈川県座間市立野台1-1-3","35.484353","139.409527"
"立野台事務所","神奈川県座間市立野台1-1-4","35.485211","139.409882"
"立野台コミュニティセンター","神奈川県座間市立野台3-14-12","35.479063","139.41258"
"座間中学校【校庭】","神奈川県座間市緑ケ丘4-6-10","35.49254","139.408002"
"座間中学校【校舎・体育館】","神奈川県座間市緑ケ丘4-6-10","35.492561","139.406723"
"三崎小学校","神奈川県三浦市三崎1-20-32","35.143197","139.619451"
"名向小学校","神奈川県三浦市三崎町諸磯65","35.155373","139.628067"
"県立城ケ島公園","神奈川県三浦市三崎町城ケ島52","35.132244","139.62379"
"三崎中学校","神奈川県三浦市三崎町六合45-1","35.155492","139.639809"
"初声中学校","神奈川県三浦市初声町下宮田3622","35.189731","139.634558"
"初声小学校","神奈川県三浦市初声町下宮田3728","35.188143","139.629702"
"初声市民センター","神奈川県三浦市初声町入江200","35.186688","139.629528"
"県立三浦初声高等学校和田キャンパス","神奈川県三浦市初声町和田3023-1","35.194242","139.622117"
"三浦ＹＭＣＡグローバル・エコ・ヴィレッジ　ヒルサイド","神奈川県三浦市初声町和田3136","35.191387","139.61716"
"旧三崎中学校","神奈川県三浦市城山町5-1","35.144801","139.621446"
"南下浦小学校","神奈川県三浦市南下浦町菊名1096","35.173338","139.653769"
"南下浦中学校","神奈川県三浦市南下浦町金田206","35.171904","139.653698"
"三浦市農業協同組合松輪支店","神奈川県三浦市南下浦町松輪1287","35.150891","139.669142"
"剣崎小学校","神奈川県三浦市南下浦町松輪1710","35.147442","139.665661"
"上宮田小学校","神奈川県三浦市南下浦町上宮田3040","35.188425","139.648321"
"マホロバマインズ三浦","神奈川県三浦市南下浦町上宮田3231","35.185094","139.650985"
"南下浦市民センター","神奈川県三浦市南下浦町上宮田3274","35.187222","139.653651"
"旭小学校","神奈川県三浦市南下浦町上宮田950","35.195059","139.655989"
"三浦市農業協同組合大乗支店","神奈川県三浦市南下浦町毘沙門1567-1","35.148925","139.647801"
"岬陽小学校","神奈川県三浦市岬陽町10-1","35.147314","139.630707"
"橘中学校","神奈川県小田原市羽根尾410","35.292626","139.232314"
"鴨宮中学校","神奈川県小田原市鴨宮547","35.284235","139.176382"
"尊徳記念館","神奈川県小田原市栢山2065-1","35.302518","139.145678"
"城北中学校","神奈川県小田原市栢山2888","35.307736","139.139046"
"久野小学校","神奈川県小田原市久野1561","35.272772","139.136515"
"小田原フラワーガーデン","神奈川県小田原市久野3798-5","35.28063","139.128318"
"国府津中学校","神奈川県小田原市国府津2372","35.284003","139.199656"
"国府津小学校","神奈川県小田原市国府津2485","35.282407","139.202337"
"星槎小田原キャンパス（旧片浦中学校）","神奈川県小田原市根府川41","35.206101","139.139439"
"片浦小学校","神奈川県小田原市根府川534","35.203548","139.136894"
"生きがいふれあいセンターいそしぎ","神奈川県小田原市酒匂2-32-15","35.268671","139.184907"
"保健センター","神奈川県小田原市酒匂2-32-15","35.268378","139.184965"
"酒匂中学校","神奈川県小田原市酒匂3-4-1","35.264274","139.186906"
"酒匂小学校","神奈川県小田原市酒匂5-15-3","35.270414","139.194545"
"下府中小学校","神奈川県小田原市酒匂930","35.278527","139.187538"
"町田小学校","神奈川県小田原市寿町2-7-25","35.261056","139.166981"
"下中小学校","神奈川県小田原市小船178","35.301856","139.225089"
"報徳小学校","神奈川県小田原市小台405","35.301322","139.14018"
"梅の里センター分館曽我みのり館","神奈川県小田原市上曽我2984","35.310881","139.173019"
"城山中学校","神奈川県小田原市城山3-4-1","35.255211","139.151697"
"豊川小学校","神奈川県小田原市成田530-1","35.286224","139.165625"
"千代小学校","神奈川県小田原市千代687","35.29544","139.178179"
"千代中学校","神奈川県小田原市千代800","35.294976","139.176035"
"芦子小学校","神奈川県小田原市扇町1-37-7","35.264797","139.157127"
"足柄小学校","神奈川県小田原市扇町3-21-7","35.26898","139.156627"
"白山中学校","神奈川県小田原市扇町5-7-17","35.273314","139.156362"
"前羽小学校","神奈川県小田原市前川858","35.285333","139.22666"
"下曽我小学校","神奈川県小田原市曽我原333","35.299835","139.190588"
"曽我小学校","神奈川県小田原市曽我大沢69","35.316994","139.166349"
"梅の里センター","神奈川県小田原市曽我別所807-1","35.303215","139.184005"
"桜井小学校","神奈川県小田原市曽比1943","35.310493","139.139426"
"早川小学校","神奈川県小田原市早川2-14-1","35.243411","139.143812"
"東富水小学校","神奈川県小田原市中曽根359","35.291422","139.154875"
"山王小学校","神奈川県小田原市東町2-9-1","35.257661","139.175925"
"白鴎中学校","神奈川県小田原市東町4-13-1","35.260333","139.180584"
"中央図書館（かもめ）","神奈川県小田原市南鴨宮1-5-30","35.271972","139.174752"
"富士見小学校","神奈川県小田原市南鴨宮3-25-1","35.270732","139.182429"
"城南中学校","神奈川県小田原市板橋875-1","35.25244","139.141551"
"大窪小学校","神奈川県小田原市板橋985","35.250512","139.13655"
"泉中学校","神奈川県小田原市飯田岡22","35.287453","139.147163"
"城北タウンセンター　いずみ","神奈川県小田原市飯田岡382-2","35.289523","139.14412"
"富水小学校","神奈川県小田原市飯田岡481","35.288785","139.141166"
"新玉小学校","神奈川県小田原市浜町2-1-20","35.255501","139.16464"
"三の丸小学校","神奈川県小田原市本町1-12-49","35.248467","139.156072"
"矢作小学校","神奈川県小田原市矢作227","35.287087","139.176648"
"真鶴町民センター","神奈川県真鶴町岩172-8","35.157917","139.137849"
"岩ふれあい館グラウンド","神奈川県真鶴町岩706","35.163875","139.138289"
"ひなづる幼稚園園庭","神奈川県真鶴町真鶴1412-3","35.150345","139.14105"
"真鶴中学校グラウンド","神奈川県真鶴町真鶴1855","35.156953","139.130863"
"真鶴聖苑","神奈川県真鶴町真鶴1916-1","35.161972","139.130954"
"まなづる小学校グラウンド","神奈川県真鶴町真鶴543","35.156194","139.139977"
"北中学校","神奈川県秦野市横野101","35.398191","139.189208"
"広畑小学校","神奈川県秦野市下大槻174-4","35.360633","139.261119"
"南小学校","神奈川県秦野市今泉699","35.366542","139.216494"
"東中学校","神奈川県秦野市寺山509","35.395949","139.234629"
"東小学校","神奈川県秦野市寺山512","35.394596","139.234196"
"渋沢中学校","神奈川県秦野市渋沢2030","35.363796","139.185805"
"渋沢小学校","神奈川県秦野市渋沢上1-12-1","35.369035","139.179332"
"（株）不二家秦野工場","神奈川県秦野市曽屋228","35.389077","139.204657"
"スタンレー電気株式会社秦野製作所","神奈川県秦野市曽屋400","35.388608","139.207949"
"鶴巻中学校","神奈川県秦野市鶴巻2220","35.38033","139.270976"
"鶴巻小学校","神奈川県秦野市鶴巻2240-1","35.378105","139.270941"
"南が丘中学校","神奈川県秦野市南が丘1-6","35.356862","139.224356"
"南が丘小学校","神奈川県秦野市南が丘4-1","35.355933","139.228149"
"大根中学校","神奈川県秦野市南矢名4-28-1","35.367846","139.268697"
"大根小学校","神奈川県秦野市南矢名4-29-1","35.366546","139.268777"
"本町中学校","神奈川県秦野市富士見町1-1","35.376435","139.213785"
"本町小学校","神奈川県秦野市文京町1-5","35.374194","139.222572"
"カルチャーパーク（総合体育館含む）","神奈川県秦野市平沢148","35.380521","139.202064"
"西小学校","神奈川県秦野市並木町8-1","35.380304","139.17851"
"北小学校","神奈川県秦野市菩提380","35.399357","139.18941"
"日産車体（株）秦野事業所","神奈川県秦野市堀山下233","35.384177","139.19248"
"堀川小学校","神奈川県秦野市堀川105-3","35.381316","139.186305"
"末広小学校","神奈川県秦野市末広町6-6","35.375929","139.232895"
"上小学校","神奈川県秦野市柳川25-3","35.383255","139.165154"
"西中学校","神奈川県秦野市柳町2-5-1","35.376279","139.181163"
"南中学校","神奈川県秦野市緑町16-1","35.37393","139.210082"
"聖和学院第２グランド","神奈川県逗子市久木1-508-3","35.300083","139.577464"
"久木会館","神奈川県逗子市久木2-1-1","35.302675","139.577219"
"久木小学校","神奈川県逗子市久木2-1-1","35.302458","139.576576"
"久木中・小学校共同運動場及び付近一帯","神奈川県逗子市久木2-10","35.304582","139.581565"
"聖和学院","神奈川県逗子市久木2-2-1","35.302179","139.577704"
"かんクリニック　リウマチ・整形外科","神奈川県逗子市久木4-2-9","35.298335","139.572423"
"なかよし公園","神奈川県逗子市久木5-1620-26","35.305431","139.571097"
"久木中学校","神奈川県逗子市久木7-2-1","35.304876","139.579284"
"ハイランド自治会館","神奈川県逗子市久木8-8-90","35.309051","139.571392"
"県立逗子葉山高等学校","神奈川県逗子市桜山5-24-1","35.291741","139.597131"
"県立逗子葉山高校グランド","神奈川県逗子市桜山5-24-1","35.292187","139.59715"
"県立逗子葉山高校体育館等","神奈川県逗子市桜山5-24-1","35.292102","139.596577"
"福祉会館","神奈川県逗子市桜山5-32-1","35.294725","139.593801"
"桜山上公園","神奈川県逗子市桜山5-327","35.295542","139.597724"
"みどりケ丘公園","神奈川県逗子市桜山5-375-15","35.295783","139.596631"
"逗子桜山コンフォートガーデン自治会館","神奈川県逗子市桜山5-40-1","35.293705","139.594039"
"なごみの丘公園","神奈川県逗子市桜山5-533-3","35.294384","139.592922"
"才戸児童公園","神奈川県逗子市桜山6-1289","35.294092","139.591479"
"才戸子供広場","神奈川県逗子市桜山6-1352","35.293221","139.590552"
"県企業庁逗子配水池付近一帯","神奈川県逗子市桜山8-1999","35.288961","139.578186"
"葉山工務店","神奈川県逗子市桜山8-3-8","35.289998","139.576786"
"ファミール逗子シーサイドヒルズ","神奈川県逗子市桜山9-3-55","35.285934","139.574488"
"蘆花記念公園","神奈川県逗子市桜山８－２１５１イ1","35.287462","139.575829"
"ファミール逗子公園","神奈川県逗子市山の根1-435-13","35.300394","139.579206"
"山の根親交会館","神奈川県逗子市山の根3-13-15","35.301167","139.585745"
"松本谷戸公園","神奈川県逗子市山の根3-159-39","35.301326","139.585083"
"山の根松本公園","神奈川県逗子市山の根3-92-2","35.301949","139.587427"
"一の沢公園","神奈川県逗子市小坪1-1541-5","35.300481","139.565967"
"亀が岡自治会館","神奈川県逗子市小坪1-30-1","35.305993","139.563949"
"たきが谷公園","神奈川県逗子市小坪2-1048-34","35.302397","139.560353"
"小坪小学校","神奈川県逗子市小坪3-6-1","35.298614","139.559317"
"披露山児童公園","神奈川県逗子市小坪3-658-1","35.297324","139.559678"
"大谷戸公園","神奈川県逗子市小坪3-960-13","35.300041","139.561027"
"大崎公園","神奈川県逗子市小坪4-739","35.293711","139.559393"
"小坪小学校区コミュニティセンター","神奈川県逗子市小坪5-21-17","35.297437","139.55498"
"小坪会館","神奈川県逗子市小坪5-21-4","35.297128","139.555877"
"社会福祉法人湘南の凪　もやい","神奈川県逗子市小坪5-22-10","35.298064","139.554097"
"逗子マリーナ３号棟","神奈川県逗子市小坪5-23-3","35.296854","139.553354"
"逗子マリーナ４号棟","神奈川県逗子市小坪5-23-4","35.296337","139.553612"
"逗子マリーナ５号棟","神奈川県逗子市小坪5-23-5","35.295966","139.554233"
"逗子マリーナ８号棟","神奈川県逗子市小坪5-23-8","35.296484","139.554991"
"イリオス公園","神奈川県逗子市小坪6-140-8","35.300458","139.556824"
"小坪東谷戸会館","神奈川県逗子市小坪6-7-11","35.300811","139.558659"
"沼間小学校","神奈川県逗子市沼間1-7-18","35.296987","139.601387"
"東逗子会館","神奈川県逗子市沼間2-1-1","35.301344","139.598147"
"エルデ公園","神奈川県逗子市沼間2-1519-21","35.300223","139.598755"
"沼間小学校区コミュニティセンター","神奈川県逗子市沼間3-16-32","35.296826","139.611645"
"アーデンヒル自治会館","神奈川県逗子市沼間3-21-1","35.293019","139.610103"
"沼間中学校","神奈川県逗子市沼間3-21-2","35.292536","139.608042"
"アーデンヒルつどいの広場及び沼間中学校グラウンド゛一帯","神奈川県逗子市沼間3-21-2","35.292664","139.609315"
"グリーンヒル自治会館","神奈川県逗子市沼間5-17-1","35.292064","139.617515"
"興人東逗子自治会館","神奈川県逗子市沼間6-7-1","35.296628","139.617891"
"新宿会館","神奈川県逗子市新宿2-2-24","35.29261","139.573352"
"逗子開成中学校　・高等学校","神奈川県逗子市新宿2-5-1","35.294093","139.573101"
"小坪大谷戸会館","神奈川県逗子市新宿4-15-26","35.299855","139.564339"
"けやきの広場","神奈川県逗子市新宿4-1537-7","35.29969","139.566235"
"披露山公園","神奈川県逗子市新宿5-1851","35.296237","139.564476"
"披露山公園及び付近一帯　（個人宅・私有地を除く）","神奈川県逗子市新宿5-4-1","35.295771","139.56197"
"オーケー逗子店","神奈川県逗子市逗子1-11-17","35.297054","139.575624"
"逗子パーク・ホームズ","神奈川県逗子市逗子1-2-18","35.297096","139.577601"
"ザ・パークハウス逗子","神奈川県逗子市逗子1-9-31","35.296151","139.576358"
"桜逗会館","神奈川県逗子市逗子3-4-7","35.296313","139.584883"
"文化プラザホール","神奈川県逗子市逗子4-2-10","35.295081","139.582258"
"図書館","神奈川県逗子市逗子4-2-10","35.29525","139.582162"
"市民交流センター","神奈川県逗子市逗子4-2-11","35.295415","139.582796"
"逗子小学校","神奈川県逗子市逗子4-2-45","35.294849","139.582733"
"逗子市役所","神奈川県逗子市逗子5-2-16","35.295599","139.580421"
"ＮＴＴ逗子ビル","神奈川県逗子市逗子6-1-33","35.294103","139.577553"
"聖マリア小学校","神奈川県逗子市逗子6-8-47","35.292699","139.57723"
"ＧＲＡＮＴＡＧＥ　ＢＡＹ　ＶＩＥＷ","神奈川県逗子市逗子7-1-53","35.294831","139.576822"
"逗子市立体育館（逗子アリーナ）","神奈川県逗子市池子1-11-1","35.299965","139.589886"
"第一運動公園一帯","神奈川県逗子市池子1-11-2","35.300755","139.592461"
"池子会館","神奈川県逗子市池子2-10-10","35.305838","139.593446"
"アザリエ望洋公園","神奈川県逗子市池子2-283-536","35.302644","139.596257"
"アザリエ展望公園","神奈川県逗子市池子2-332-4","35.30398","139.593659"
"アザリエ坂道公園","神奈川県逗子市池子2-338-66","35.303153","139.592302"
"廻り倉児童公園","神奈川県逗子市池子2-350","35.302101","139.594481"
"池子小学校","神奈川県逗子市池子3-9-1","35.306121","139.601114"
"高齢者センター","神奈川県逗子市池子4-1012","35.31239","139.600619"
"逗子中学校校庭付近一帯","神奈川県逗子市池子4-755","35.309166","139.59864"
"逗子中学校","神奈川県逗子市池子4-755","35.308973","139.60085"
"保健センター","神奈川県逗子市池子字桟敷戸1892-6","35.302025","139.589152"
"宮ヶ瀬小・中学校","神奈川県清川村宮ケ瀬954-1","35.524124","139.231319"
"緑中学校","神奈川県清川村煤ケ谷1933","35.477899","139.279767"
"緑小学校","神奈川県清川村煤ケ谷2076","35.480503","139.277266"
"宮崎中学校","神奈川県川崎市宮前区宮崎107","35.588779","139.59779"
"宮崎台小学校","神奈川県川崎市宮前区宮崎3-18-2","35.592428","139.589528"
"富士見台小学校","神奈川県川崎市宮前区宮前平2-18-3","35.588294","139.579568"
"宮前平中学校","神奈川県川崎市宮前区宮前平2-7","35.589364","139.583652"
"宮前平小学校","神奈川県川崎市宮前区宮前平3-14-1","35.588982","139.585878"
"犬蔵中学校","神奈川県川崎市宮前区犬蔵1-10-1","35.589307","139.563777"
"犬蔵小学校","神奈川県川崎市宮前区犬蔵1-3-1","35.59138","139.565423"
"鷺沼小学校","神奈川県川崎市宮前区鷺沼2-1","35.57756","139.568825"
"生田緑地（宮前区・多摩区）","神奈川県川崎市宮前区初山１地内","35.607753","139.559757"
"向丘中学校","神奈川県川崎市宮前区神木本町5-11-1","35.598416","139.581228"
"稗原小学校","神奈川県川崎市宮前区水沢3-7-1","35.595594","139.542593"
"菅生小学校","神奈川県川崎市宮前区菅生1-5-1","35.59811","139.556913"
"菅生中学校","神奈川県川崎市宮前区菅生2-10-1","35.598382","139.552514"
"野川小学校","神奈川県川崎市宮前区西野川2-19-1","35.573633","139.610074"
"野川中学校","神奈川県川崎市宮前区西野川2-2-1","35.573864","139.606152"
"土橋小学校","神奈川県川崎市宮前区土橋3-1-11","35.582984","139.575521"
"有馬小学校","神奈川県川崎市宮前区東有馬5-12-1","35.568124","139.591604"
"白幡台小学校","神奈川県川崎市宮前区南平台13-1","35.595727","139.56739"
"南野川小学校","神奈川県川崎市宮前区南野川2-12-1","35.566857","139.603776"
"宮崎小学校","神奈川県川崎市宮前区馬絹1-30-9","35.579504","139.587529"
"向丘小学校","神奈川県川崎市宮前区平1-6-1","35.60009","139.576348"
"平中学校","神奈川県川崎市宮前区平3-15-1","35.603427","139.569009"
"平小学校","神奈川県川崎市宮前区平6-5-1","35.595466","139.579927"
"西野川小学校","神奈川県川崎市宮前区野川台3-10-1","35.574519","139.60664"
"西有馬小学校","神奈川県川崎市宮前区有馬7-6-1","35.571297","139.576507"
"有馬中学校","神奈川県川崎市宮前区有馬7-7-1","35.571","139.57721"
"御幸小学校","神奈川県川崎市幸区遠藤町1","35.543349","139.691782"
"下平間小学校","神奈川県川崎市幸区下平間175","35.549402","139.679016"
"古市場小学校","神奈川県川崎市幸区古市場1-1","35.555349","139.686339"
"古川小学校","神奈川県川崎市幸区古川町70","35.546409","139.681167"
"御幸中学校","神奈川県川崎市幸区戸手4-2-1","35.544551","139.693906"
"市立幸高校","神奈川県川崎市幸区戸手本町1-150","35.542031","139.686751"
"戸手小学校","神奈川県川崎市幸区戸手本町1-165","35.542387","139.685182"
"多摩川河川敷（幸区～多摩区）","神奈川県川崎市幸区小向","35.557454","139.685426"
"西御幸小学校","神奈川県川崎市幸区小向西町4-30","35.546242","139.688376"
"市立川崎総合科学高校","神奈川県川崎市幸区小向仲野町5-1","35.552389","139.695808"
"小倉小学校","神奈川県川崎市幸区小倉2-20-1","35.541508","139.665215"
"市立看護大学","神奈川県川崎市幸区小倉4-30-1","35.535875","139.669645"
"新小倉小学校","神奈川県川崎市幸区新小倉2-15","35.540211","139.674072"
"幸町小学校","神奈川県川崎市幸区中幸町2-17","35.538313","139.693609"
"南河原中学校","神奈川県川崎市幸区中幸町4-31","35.532673","139.69234"
"塚越中学校","神奈川県川崎市幸区塚越1-60","35.548474","139.678363"
"南河原小学校","神奈川県川崎市幸区都町18","35.537856","139.690414"
"御幸公園","神奈川県川崎市幸区東古市場1","35.552305","139.693591"
"東小倉小学校","神奈川県川崎市幸区東小倉1-1","35.547157","139.674608"
"夢見ヶ崎小学校","神奈川県川崎市幸区南加瀬2-13-1","35.547797","139.662408"
"南加瀬中学校","神奈川県川崎市幸区南加瀬3-10-1","35.544324","139.662525"
"南加瀬小学校","神奈川県川崎市幸区南加瀬4-24-1","35.542972","139.659183"
"日吉小学校","神奈川県川崎市幸区北加瀬1-37-1","35.547614","139.668993"
"日吉中学校","神奈川県川崎市幸区北加瀬2-3-1","35.553846","139.661439"
"下作延小学校","神奈川県川崎市高津区下作延5-19-1","35.603195","139.60082"
"西梶ヶ谷小学校","神奈川県川崎市高津区梶ヶ谷2-14-1","35.588167","139.602388"
"梶ヶ谷小学校","神奈川県川崎市高津区梶ヶ谷4-12","35.586237","139.60411"
"西高津中学校","神奈川県川崎市高津区久地1-10-1","35.607425","139.610156"
"久地小学校","神奈川県川崎市高津区久地4-2-1","35.611378","139.600158"
"市立高津高校","神奈川県川崎市高津区久本3-11-1","35.595911","139.616368"
"高津中学校","神奈川県川崎市高津区久本3-11-2","35.595721","139.61854"
"久本小学校","神奈川県川崎市高津区久本3-11-3","35.595179","139.617619"
"久末小学校","神奈川県川崎市高津区久末647","35.568208","139.619449"
"高津小学校","神奈川県川崎市高津区溝口4-19-1","35.60518","139.613836"
"坂戸小学校","神奈川県川崎市高津区坂戸1-18-1","35.596421","139.622527"
"東橘中学校・子母口小学校","神奈川県川崎市高津区子母口730","35.569979","139.632996"
"緑ケ丘霊園","神奈川県川崎市高津区上作延","35.605881","139.594198"
"上作延小学校","神奈川県川崎市高津区上作延559","35.598204","139.597559"
"南原小学校","神奈川県川崎市高津区上作延796","35.596889","139.589644"
"新作小学校","神奈川県川崎市高津区新作1-9-1","35.587368","139.611096"
"橘小学校","神奈川県川崎市高津区千年1024","35.581666","139.621449"
"橘中学校","神奈川県川崎市高津区千年1300","35.584272","139.620373"
"東高津小学校","神奈川県川崎市高津区北見方2-5-1","35.601713","139.627994"
"末長小学校","神奈川県川崎市高津区末長3-8-1","35.590437","139.619204"
"東高津中学校","神奈川県川崎市高津区末長4-1-1","35.591801","139.621395"
"旭町小学校","神奈川県川崎市川崎区旭町2-2-1","35.531877","139.714789"
"川崎中学校","神奈川県川崎市川崎区下並木50","35.52282","139.689564"
"宮前小学校","神奈川県川崎市川崎区宮前町8-13","35.528945","139.705835"
"京町小学校","神奈川県川崎市川崎区京町1-1-4","35.5195","139.692071"
"京町中学校","神奈川県川崎市川崎区京町3-19-11","35.50954","139.696145"
"さくら小学校","神奈川県川崎市川崎区桜本1-9-15","35.520623","139.722003"
"四谷小学校","神奈川県川崎市川崎区四谷下町4-1","35.526838","139.737508"
"南大師中学校","神奈川県川崎市川崎区四谷上町24-1","35.528422","139.736636"
"田島中学校","神奈川県川崎市川崎区小田2-21-7","35.512715","139.698091"
"小田小学校","神奈川県川崎市川崎区小田4-12-24","35.511549","139.702297"
"小田公園","神奈川県川崎市川崎区小田4-20-38","35.509771","139.698596"
"東小田小学校","神奈川県川崎市川崎区小田5-11-20","35.51209","139.706819"
"川中島小学校","神奈川県川崎市川崎区川中島2-4-19","35.531132","139.725759"
"浅田小学校","神奈川県川崎市川崎区浅田2-11-21","35.507112","139.702769"
"大師中学校","神奈川県川崎市川崎区大師河原2-1-1","35.535371","139.738727"
"大師公園","神奈川県川崎市川崎区大師公園1","35.532269","139.731721"
"向小学校","神奈川県川崎市川崎区大島4-17-1","35.524293","139.715175"
"東大島小学校","神奈川県川崎市川崎区大島5-25-1","35.523648","139.719598"
"田島支援学校桜校","神奈川県川崎市川崎区池上新町1-1-3","35.523635","139.725894"
"桜本中学校","神奈川県川崎市川崎区池上新町1-2-4","35.523234","139.726963"
"市立川崎高校・附属中学校","神奈川県川崎市川崎区中島3-3-1","35.52757","139.714307"
"殿町小学校","神奈川県川崎市川崎区殿町1-17-19","35.537549","139.745303"
"渡田小学校","神奈川県川崎市川崎区田島町14-1","35.516345","139.709673"
"田島小学校","神奈川県川崎市川崎区渡田1-20-1","35.521999","139.708094"
"渡田中学校","神奈川県川崎市川崎区渡田向町11-1","35.520595","139.702955"
"新町小学校","神奈川県川崎市川崎区渡田新町3-15-1","35.518281","139.700608"
"大師小学校","神奈川県川崎市川崎区東門前2-6-1","35.53335","139.735094"
"東門前小学校","神奈川県川崎市川崎区東門前3-4-6","35.536331","139.7353"
"川中島中学校","神奈川県川崎市川崎区藤崎2-19-1","35.527518","139.721971"
"藤崎小学校","神奈川県川崎市川崎区藤崎3-2-1","35.525637","139.724677"
"川崎小学校","神奈川県川崎市川崎区日進町20-1","35.524783","139.695186"
"大島小学校","神奈川県川崎市川崎区浜町1-5-1","35.516824","139.717153"
"臨港中学校","神奈川県川崎市川崎区浜町2-11-22","35.514413","139.715794"
"富士見公園（一帯）","神奈川県川崎市川崎区富士見1","35.527847","139.710001"
"富士見中学校","神奈川県川崎市川崎区富士見2-1-2","35.528181","139.707826"
"生田中学校","神奈川県川崎市多摩区三田2-5420-2","35.612351","139.545706"
"三田小学校","神奈川県川崎市多摩区三田3-6-4","35.610139","139.546113"
"宿河原小学校","神奈川県川崎市多摩区宿河原2-1-1","35.616553","139.574644"
"稲田小学校","神奈川県川崎市多摩区宿河原3-18-1","35.613061","139.579462"
"稲田中学校","神奈川県川崎市多摩区宿河原4-1-1","35.618698","139.579047"
"菅小学校","神奈川県川崎市多摩区菅2-6-1","35.632681","139.532362"
"稲田公園","神奈川県川崎市多摩区菅稲田堤2-9-1","35.637285","139.538305"
"菅中学校","神奈川県川崎市多摩区菅城下28-1","35.636268","139.523093"
"東菅小学校","神奈川県川崎市多摩区菅馬場2-19-1","35.627053","139.536913"
"菅馬場公園","神奈川県川崎市多摩区菅馬場3-11","35.623696","139.532907"
"南菅小学校","神奈川県川崎市多摩区菅馬場3-25-1","35.623077","139.532163"
"南菅中学校","神奈川県川崎市多摩区菅馬場4-1-1","35.622778","139.530564"
"西菅公園","神奈川県川崎市多摩区菅北浦4-13","35.624468","139.528755"
"西菅小学校","神奈川県川崎市多摩区菅北浦4-2-1","35.62721","139.530176"
"生田小学校","神奈川県川崎市多摩区生田7-22-1","35.617079","139.541512"
"中野島中学校","神奈川県川崎市多摩区中野島1-16-1","35.628242","139.545957"
"中野島小学校","神奈川県川崎市多摩区中野島3-12-1","35.628834","139.551325"
"長尾小学校","神奈川県川崎市多摩区長尾7-28-1","35.605375","139.581496"
"登戸小学校","神奈川県川崎市多摩区登戸1329","35.62246","139.558767"
"南生田小学校","神奈川県川崎市多摩区南生田3-1-1","35.606515","139.533739"
"南生田中学校","神奈川県川崎市多摩区南生田3-4-1","35.605952","139.533428"
"下布田小学校","神奈川県川崎市多摩区布田23-1","35.631599","139.546546"
"枡形中学校","神奈川県川崎市多摩区枡形1-22-1","35.618739","139.548271"
"東生田小学校","神奈川県川崎市多摩区枡形4-9-1","35.616303","139.550842"
"井田中学校","神奈川県川崎市中原区井田杉山町11-1","35.570083","139.643797"
"井田小学校","神奈川県川崎市中原区井田中ノ町29-1","35.564651","139.645653"
"大戸小学校","神奈川県川崎市中原区下小田中1-4-1","35.580538","139.639133"
"西中原中学校","神奈川県川崎市中原区下小田中2-17-1","35.578938","139.643425"
"下小田中小学校","神奈川県川崎市中原区下小田中3-35-1","35.571699","139.64038"
"下沼部小学校","神奈川県川崎市中原区下沼部1955","35.573189","139.670414"
"新城小学校","神奈川県川崎市中原区下新城1-15-1","35.581681","139.632359"
"苅宿小学校","神奈川県川崎市中原区苅宿25-1","35.56254","139.663034"
"宮内小学校","神奈川県川崎市中原区宮内2-4-1","35.58875","139.641406"
"宮内中学校","神奈川県川崎市中原区宮内4-13-1","35.585166","139.646471"
"今井小学校","神奈川県川崎市中原区今井西町3-18","35.576304","139.649242"
"今井中学校","神奈川県川崎市中原区今井仲町7-1","35.575324","139.650431"
"中原小学校","神奈川県川崎市中原区小杉御殿町1-950","35.583434","139.65053"
"中原中学校","神奈川県川崎市中原区小杉陣屋町1-24-1","35.585988","139.659554"
"西丸子小学校","神奈川県川崎市中原区小杉陣屋町2-19-1","35.586626","139.654914"
"小杉小学校","神奈川県川崎市中原区小杉町2-295-1","35.580449","139.656698"
"上丸子小学校","神奈川県川崎市中原区上丸子八幡町815","35.579221","139.664809"
"大谷戸小学校","神奈川県川崎市中原区上小田中1-27-1","35.590989","139.631707"
"市立聾学校","神奈川県川崎市中原区上小田中3-10-5","35.585148","139.637431"
"平間中学校","神奈川県川崎市中原区上平間1368","35.558387","139.678363"
"平間小学校","神奈川県川崎市中原区上平間1480","35.556743","139.676636"
"下河原小学校","神奈川県川崎市中原区上平間585","35.557732","139.681569"
"市立橘高校","神奈川県川崎市中原区中丸子562","35.56754","139.667881"
"玉川中学校","神奈川県川崎市中原区中丸子562","35.566226","139.667533"
"等々力緑地","神奈川県川崎市中原区等々力1-1","35.586037","139.651233"
"玉川小学校","神奈川県川崎市中原区北谷町32","35.563731","139.67263"
"木月小学校","神奈川県川崎市中原区木月4-53-1","35.557699","139.655459"
"東住吉小学校","神奈川県川崎市中原区木月住吉町1-11","35.569485","139.657821"
"住吉中学校","神奈川県川崎市中原区木月住吉町27-1","35.565615","139.661398"
"川崎市中原平和公園","神奈川県川崎市中原区木月住吉町33-1","35.568303","139.658668"
"住吉小学校","神奈川県川崎市中原区木月祗園町17-1","35.568615","139.653024"
"はるひ野小学校・はるひ野中学校","神奈川県川崎市麻生区はるひ野4-8-1","35.617682","139.461334"
"王禅寺ふるさと公園","神奈川県川崎市麻生区王禅寺528-1","35.585742","139.520092"
"南百合丘小学校","神奈川県川崎市麻生区王禅寺西1-26-1","35.599604","139.513095"
"王禅寺中央小学校","神奈川県川崎市麻生区王禅寺東4-14-1","35.586724","139.513736"
"王禅寺中央中学校","神奈川県川崎市麻生区王禅寺東4-14-2","35.586075","139.513188"
"東柿生小学校","神奈川県川崎市麻生区王禅寺東6-3-1","35.579428","139.510207"
"岡上小学校","神奈川県川崎市麻生区岡上675-1","35.579265","139.483068"
"金程小学校","神奈川県川崎市麻生区金程2-10-1","35.611859","139.499527"
"金程中学校","神奈川県川崎市麻生区金程3-16-1","35.613814","139.499325"
"栗木台小学校","神奈川県川崎市麻生区栗木台5-15-1","35.611583","139.476984"
"西生田中学校","神奈川県川崎市麻生区高石3-25-1","35.615822","139.51955"
"西生田小学校","神奈川県川崎市麻生区細山2-2-1","35.617003","139.519118"
"麻生小学校","神奈川県川崎市麻生区上麻生3-24-1","35.602412","139.504353"
"麻生中学校","神奈川県川崎市麻生区上麻生4-39-1","35.596344","139.503774"
"柿生中学校","神奈川県川崎市麻生区上麻生6-40-1","35.586617","139.499636"
"千代ヶ丘小学校","神奈川県川崎市麻生区千代ヶ丘8-9-1","35.617264","139.503444"
"長沢小学校","神奈川県川崎市麻生区東百合丘2-24-7","35.597956","139.527686"
"長沢中学校","神奈川県川崎市麻生区東百合丘4-12-1","35.598015","139.524293"
"虹ヶ丘小学校","神奈川県川崎市麻生区虹ヶ丘1-21-2","35.57908","139.52121"
"白山中学校跡地施設（旧白山中学校）","神奈川県川崎市麻生区白山1-1-1","35.590969","139.514932"
"日本映画大学白山キャンパス","神奈川県川崎市麻生区白山2-1-1","35.591382","139.512188"
"真福寺小学校","神奈川県川崎市麻生区白山5-3-1","35.590616","139.506696"
"白鳥中学校","神奈川県川崎市麻生区白鳥1-5-1","35.601408","139.48584"
"百合丘小学校","神奈川県川崎市麻生区百合丘2-1-2","35.60786","139.514234"
"柿生小学校","神奈川県川崎市麻生区片平3-3-1","35.59119","139.495852"
"片平小学校","神奈川県川崎市麻生区片平5-28-1","35.597149","139.492943"
"横山公園","神奈川県相模原市中央区横山5-11","35.562103","139.361404"
"相模原市立総合水泳場","神奈川県相模原市中央区横山5-11-1","35.562449","139.36383"
"相模原市立上溝中学校","神奈川県相模原市中央区横山5-19-54","35.559971","139.363514"
"横山公民館","神奈川県相模原市中央区横山台1-20-10","35.568452","139.356353"
"相模原市立横山小学校","神奈川県相模原市中央区横山台2-35-1","35.566119","139.355283"
"相模原市立共和中学校","神奈川県相模原市中央区共和1-3-10","35.565853","139.397526"
"相模原市立光が丘小学校","神奈川県相模原市中央区光が丘2-19-1","35.55486","139.376875"
"小山公民館","神奈川県相模原市中央区向陽町8-1","35.585394","139.36752"
"相模原市立向陽小学校","神奈川県相模原市中央区向陽町8-33","35.586117","139.366194"
"相模原市立共和小学校","神奈川県相模原市中央区高根1-16-13","35.560949","139.395586"
"大野北公民館","神奈川県相模原市中央区鹿沼台1-10-20","35.568403","139.393615"
"鹿沼公園","神奈川県相模原市中央区鹿沼台2-15","35.566806","139.391991"
"小山公園","神奈川県相模原市中央区小山4-1","35.588408","139.354268"
"相模原市立小山中学校","神奈川県相模原市中央区小山4-3-1","35.586585","139.354802"
"相模原市立小山小学校","神奈川県相模原市中央区小山4-3-2","35.586181","139.354717"
"相模原市立上溝南中学校","神奈川県相模原市中央区上溝2322-2","35.548684","139.357186"
"相模原市立上溝小学校","神奈川県相模原市中央区上溝7-6-1","35.555014","139.36051"
"上溝公民館","神奈川県相模原市中央区上溝7-7-17","35.55574","139.359732"
"相模原市立上溝南小学校","神奈川県相模原市中央区上溝782-1","35.542345","139.366946"
"星が丘公民館","神奈川県相模原市中央区星が丘3-1-38","35.559579","139.369935"
"相模原市立星が丘小学校","神奈川県相模原市中央区星が丘3-1-6","35.560314","139.37073"
"清新公民館","神奈川県相模原市中央区清新3-16-1","35.577778","139.362915"
"相模原市立清新小学校","神奈川県相模原市中央区清新3-16-6","35.57686","139.362243"
"相模原市立清新中学校","神奈川県相模原市中央区清新8-5-1","35.572297","139.362937"
"相模原市立田名北小学校","神奈川県相模原市中央区田名1932-1","35.555436","139.334591"
"田名公民館","神奈川県相模原市中央区田名4834","35.550485","139.336515"
"相模原市立田名小学校","神奈川県相模原市中央区田名5091-1","35.548863","139.336662"
"相模原市立田名中学校","神奈川県相模原市中央区田名5250-1","35.550556","139.337683"
"相模原市立新宿小学校","神奈川県相模原市中央区田名7019","35.551426","139.351159"
"相模原市立淵野辺東小学校","神奈川県相模原市中央区東淵野辺3-17-1","35.560323","139.416072"
"相模原市立中央中学校","神奈川県相模原市中央区富士見1-3-17","35.569377","139.377292"
"相模原市立中央小学校","神奈川県相模原市中央区富士見1-3-22","35.570336","139.375776"
"中央公民館","神奈川県相模原市中央区富士見2-13-1","35.567666","139.380336"
"相模原市立富士見小学校","神奈川県相模原市中央区富士見2-4-1","35.568355","139.379214"
"相模原市立大野北小学校","神奈川県相模原市中央区淵野辺2-34-1","35.574516","139.398637"
"相模原市立大野北中学校","神奈川県相模原市中央区淵野辺2-8-40","35.573948","139.396584"
"相模原市立淵野辺小学校","神奈川県相模原市中央区淵野辺4-6-22","35.573092","139.396961"
"相模原市立並木小学校","神奈川県相模原市中央区並木2-16-1","35.557676","139.380681"
"光が丘公民館","神奈川県相模原市中央区並木4-7-9","35.554799","139.382279"
"旧青葉小学校","神奈川県相模原市中央区並木4-8-4","35.554426","139.383276"
"相模原市立弥栄小学校","神奈川県相模原市中央区弥栄3-1-10","35.557677","139.387626"
"相模原市立弥栄中学校","神奈川県相模原市中央区弥栄3-1-7","35.556946","139.386314"
"相模原市立由野台中学校","神奈川県相模原市中央区由野台3-1-3","35.556437","139.394993"
"相模原市立陽光台小学校","神奈川県相模原市中央区陽光台1-15-1","35.554615","139.368741"
"陽光台公民館","神奈川県相模原市中央区陽光台5-6-1","35.550183","139.37663"
"相模原市立緑が丘中学校","神奈川県相模原市中央区緑が丘1-28-1","35.547406","139.383444"
"相模原市立鶴の台小学校","神奈川県相模原市南区旭町24-5","35.52363","139.42877"
"相模原市立新磯小学校","神奈川県相模原市南区磯部1028-5","35.50371","139.384329"
"相模原市立相陽中学校","神奈川県相模原市南区磯部1540","35.515045","139.385729"
"相模原市立鵜野森中学校","神奈川県相模原市南区鵜野森1-11-1","35.545149","139.428844"
"古淵鵜野森公園","神奈川県相模原市南区鵜野森1-25-1","35.549004","139.427648"
"麻溝公民館","神奈川県相模原市南区下溝594-6","35.531832","139.376603"
"相模原市立麻溝小学校","神奈川県相模原市南区下溝713","35.52718","139.376016"
"大野中公民館","神奈川県相模原市南区古淵3-21-1","35.552793","139.421815"
"相模原市立大野小学校","神奈川県相模原市南区古淵3-21-2","35.552009","139.42163"
"相模原市立相模台中学校","神奈川県相模原市南区桜台20-1","35.521422","139.407933"
"相模台公園","神奈川県相模原市南区桜台21","35.519479","139.407895"
"相模原市立若松小学校","神奈川県相模原市南区若松2-22-1","35.541054","139.429508"
"相模原市立南大野小学校","神奈川県相模原市南区上鶴間1-5-1","35.528268","139.444476"
"相模原市立上鶴間中学校","神奈川県相模原市南区上鶴間4-14-1","35.519181","139.445535"
"相模原市立上鶴間小学校","神奈川県相模原市南区上鶴間4-7-1","35.520181","139.444798"
"相模原市立くぬぎ台小学校","神奈川県相模原市南区上鶴間5-7-1","35.522113","139.442033"
"相模原市立東林中学校","神奈川県相模原市南区上鶴間8-21-1","35.515076","139.445021"
"相模原市立鹿島台小学校","神奈川県相模原市南区上鶴間本町1-9-1","35.539236","139.438902"
"相模原市立谷口中学校","神奈川県相模原市南区上鶴間本町4-13-43","35.533245","139.442093"
"相模原市立谷口小学校","神奈川県相模原市南区上鶴間本町5-13-1","35.53598","139.447544"
"上鶴間公民館","神奈川県相模原市南区上鶴間本町7-7-1","35.529126","139.447029"
"相模原市立鶴園小学校","神奈川県相模原市南区上鶴間本町7-8-1","35.529484","139.4496"
"旧もえぎ台小学校","神奈川県相模原市南区新磯野2-41-16","35.512759","139.40371"
"相模原市立若草中学校","神奈川県相模原市南区新磯野2046","35.517108","139.402962"
"相模原市立若草小学校","神奈川県相模原市南区新磯野2329","35.520847","139.400247"
"相模原市立緑台小学校","神奈川県相模原市南区新磯野3-10-23","35.506172","139.404632"
"相武台公民館","神奈川県相模原市南区新磯野4-1-3","35.510242","139.404344"
"相模原市立相武台中学校","神奈川県相模原市南区新磯野5-1-10","35.511572","139.400372"
"さがみロボット産業特区プレ実証フィールド","神奈川県相模原市南区新戸2607-2","35.499646","139.389865"
"相模原市立双葉小学校","神奈川県相模原市南区双葉1-2-15","35.530279","139.411874"
"東林公民館","神奈川県相模原市南区相南1-10-10","35.517136","139.434411"
"相模原市立東林小学校","神奈川県相模原市南区相南2-3-1","35.515946","139.432424"
"相模原市立相武台小学校","神奈川県相模原市南区相武台団地2-5-1","35.508432","139.408947"
"相模台公民館","神奈川県相模原市南区相模台1-13-5","35.518118","139.415358"
"相模原市立桜台小学校","神奈川県相模原市南区相模台7-7-1","35.523286","139.407575"
"大野南公民館","神奈川県相模原市南区相模大野5-31-1","35.530288","139.430121"
"相模原市立新町中学校","神奈川県相模原市南区相模大野9-14-1","35.525505","139.437923"
"相模原市立大野台中央小学校","神奈川県相模原市南区大野台2-26-8","35.55122","139.404718"
"大野台公民館","神奈川県相模原市南区大野台5-16-38","35.552368","139.407608"
"相模原市立大野台小学校","神奈川県相模原市南区大野台8-1-15","35.548105","139.413671"
"相模原市立大野台中学校","神奈川県相模原市南区大野台8-2-1","35.545695","139.41236"
"大沼公民館","神奈川県相模原市南区東大沼3-17-15","35.539987","139.419699"
"相模原市立大沼小学校","神奈川県相模原市南区東大沼3-20-1","35.538941","139.420301"
"相模原市立夢の丘小学校","神奈川県相模原市南区当麻490-2","35.532368","139.367073"
"相模原市立相模台小学校","神奈川県相模原市南区南台6-5-1","35.522196","139.413997"
"相模原市立大野南中学校","神奈川県相模原市南区文京1-10-1","35.53693","139.4297"
"相模原市立谷口台小学校","神奈川県相模原市南区文京2-12-1","35.532177","139.426717"
"相模原市立市民健康文化センター","神奈川県相模原市南区麻溝台1872-1","35.530339","139.392838"
"相模原市立総合体育館","神奈川県相模原市南区麻溝台2284-1","35.529015","139.395163"
"相模原麻溝公園","神奈川県相模原市南区麻溝台2317-1","35.526941","139.39209"
"相模原市立麻溝台中学校","神奈川県相模原市南区麻溝台4-12-1","35.531523","139.408599"
"相模原北公園","神奈川県相模原市緑区下九沢2368-1","35.583454","139.330685"
"相模原市立北総合体育館","神奈川県相模原市緑区下九沢2368-1","35.584851","139.32854"
"相模原市立内出中学校","神奈川県相模原市緑区下九沢2845","35.587468","139.318685"
"相模原市立作の口小学校","神奈川県相模原市緑区下九沢459-1","35.569712","139.350015"
"相模原市立ふじのこども園","神奈川県相模原市緑区吉野1030-12","35.621356","139.164073"
"学校法人シュタイナー学園高等部","神奈川県相模原市緑区吉野407","35.615863","139.166436"
"相模原市立川尻小学校","神奈川県相模原市緑区久保沢2-22-2","35.596886","139.301922"
"相模原市立相模丘中学校","神奈川県相模原市緑区久保沢2-22-4","35.597994","139.301436"
"城山公民館","神奈川県相模原市緑区久保沢2-26-1","35.599836","139.301681"
"相模原市立旭中学校","神奈川県相模原市緑区橋本1-12-15","35.589549","139.345602"
"相模原市立橋本小学校","神奈川県相模原市緑区橋本1-12-20","35.587981","139.344843"
"相模原市立宮上小学校","神奈川県相模原市緑区橋本4-11-1","35.600221","139.350288"
"相模原市立旭小学校","神奈川県相模原市緑区橋本6-15-27","35.599118","139.343422"
"橋本公民館・相模原市立男女共同参画推進センター","神奈川県相模原市緑区橋本6-2-1","35.596151","139.344857"
"相模原市立相原中学校","神奈川県相模原市緑区橋本8-12-1","35.599151","139.332781"
"相模原市立広田小学校","神奈川県相模原市緑区広田9-5","35.604617","139.300112"
"相模原市立根小屋小学校","神奈川県相模原市緑区根小屋1580","35.575476","139.273464"
"相模原市立串川ひがし地域センター","神奈川県相模原市緑区根小屋1619-1","35.573402","139.272349"
"相模原市立津久井中央小学校","神奈川県相模原市緑区三ケ木39-7","35.583081","139.233191"
"相模原市立津久井生涯学習センター・相模原市立津久井中央地域センター","神奈川県相模原市緑区三ケ木414","35.587472","139.235408"
"相模原市立三井地域センター","神奈川県相模原市緑区三井394-1","35.592132","139.262642"
"相模原市立広陵小学校","神奈川県相模原市緑区若葉台4-3-1","35.596193","139.291715"
"相模原市立湘南小学校","神奈川県相模原市緑区小倉1573","35.572471","139.307921"
"藤野中央公民館","神奈川県相模原市緑区小渕1992","35.615436","139.154442"
"藤野総合事務所","神奈川県相模原市緑区小渕2000","35.61508","139.155245"
"相模原市立藤野中学校","神奈川県相模原市緑区小渕2082","35.61464","139.16068"
"相模原市立中沢中学校","神奈川県相模原市緑区城山2-7-1","35.589443","139.285745"
"相模原市立内郷中学校","神奈川県相模原市緑区寸沢嵐2742-4","35.597657","139.213379"
"内郷グラウンド","神奈川県相模原市緑区寸沢嵐823","35.600659","139.21939"
"相模原市立内郷小学校","神奈川県相模原市緑区寸沢嵐833","35.600206","139.218464"
"相模原市立青根地域センター・旧青根中学校","神奈川県相模原市緑区青根1926","35.542206","139.127355"
"相模原市立串川地域センター","神奈川県相模原市緑区青山1012","35.566376","139.246789"
"緑区役所青野原出張所","神奈川県相模原市緑区青野原1250-1","35.562495","139.194133"
"相模原市立青和学園","神奈川県相模原市緑区青野原1250-1","35.56244","139.193374"
"青野原グラウンド","神奈川県相模原市緑区青野原2118","35.565127","139.18932"
"相模原市立千木良小学校","神奈川県相模原市緑区千木良1035","35.619455","139.20942"
"相模原市立当麻田小学校","神奈川県相模原市緑区相原1-14-1","35.60317","139.327918"
"相模原市立相原小学校","神奈川県相模原市緑区相原4-13-14","35.599486","139.321409"
"相原公民館","神奈川県相模原市緑区相原4-14-12","35.59973","139.32044"
"相模原市立小網地域センター","神奈川県相模原市緑区太井252-1","35.58516","139.270638"
"相模原市立大島小学校","神奈川県相模原市緑区大島1121-19","35.580024","139.319335"
"相模原市立大沢小学校","神奈川県相模原市緑区大島1566","35.576051","139.325636"
"大沢公民館","神奈川県相模原市緑区大島1776-5","35.575021","139.326275"
"相模原市立大沢中学校","神奈川県相模原市緑区大島1800","35.574985","139.327626"
"相模原市立九沢小学校","神奈川県相模原市緑区大島1859-3","35.575002","139.333601"
"相模原市立中野小学校","神奈川県相模原市緑区中野600","35.58576","139.257021"
"津久井中央公民館・相模原市立津久井老人福祉センター","神奈川県相模原市緑区中野633-1","35.586479","139.256557"
"相模原市立中野中学校","神奈川県相模原市緑区中野960","35.587423","139.257578"
"相模原市立串川小学校","神奈川県相模原市緑区長竹1424","35.566401","139.259044"
"相模原市立串川中学校","神奈川県相模原市緑区長竹1469","35.566376","139.260312"
"旧鳥屋小学校","神奈川県相模原市緑区鳥屋1321-3","35.546829","139.216462"
"相模原市立鳥屋学園","神奈川県相模原市緑区鳥屋1339","35.545509","139.217363"
"宮上児童館","神奈川県相模原市緑区東橋本3-15-9","35.596618","139.35326"
"相模原市立二本松小学校","神奈川県相模原市緑区二本松2-9-1","35.592099","139.316998"
"相模原市立藤野小学校","神奈川県相模原市緑区日連549","35.610634","139.156598"
"旧菅井小学校","神奈川県相模原市緑区牧野11695","35.561839","139.148785"
"篠原の里センター","神奈川県相模原市緑区牧野2881","35.588914","139.173654"
"相模原市立藤野農村環境改善センター","神奈川県相模原市緑区牧野4232","35.581555","139.150073"
"相模原市立藤野南小学校","神奈川県相模原市緑区牧野4327","35.581056","139.149895"
"藤野芸術の家","神奈川県相模原市緑区牧野4819","35.594887","139.152153"
"牧郷体育館","神奈川県相模原市緑区牧野7029","35.584453","139.14032"
"名倉グラウンド","神奈川県相模原市緑区名倉1000","35.609186","139.149221"
"学校法人シュタイナー学園初等部・中等部","神奈川県相模原市緑区名倉2805-1","35.60681","139.136431"
"相模原市立北相中学校","神奈川県相模原市緑区与瀬1019-5","35.615982","139.193945"
"相模湖公民館","神奈川県相模原市緑区与瀬1134-3","35.617232","139.188291"
"神奈川県立相模湖交流センター","神奈川県相模原市緑区与瀬259-1","35.613387","139.193327"
"相模原市立桂北小学校","神奈川県相模原市緑区与瀬877","35.614848","139.191104"
"葉山島センター","神奈川県相模原市緑区葉山島359","35.557813","139.317572"
"相模原市立ふるさと自然体験教室・沢井体育館","神奈川県相模原市緑区澤井936","35.628027","139.147812"
"相模原市立ふるさと自然体験教室","神奈川県相模原市緑区澤井936-1","35.628585","139.14851"
"大井小学校グラウンド","神奈川県大井町金子1436","35.330215","139.151199"
"湘光中学校グラウンド","神奈川県大井町金子1950","35.324512","139.155548"
"相和小学校グラウンド","神奈川県大井町山田580","35.335766","139.162323"
"上大井小学校グラウンド","神奈川県大井町上大井171","35.319794","139.155945"
"国府小学校","神奈川県大磯町月京18-1","35.310993","139.276733"
"国府中学校","神奈川県大磯町月京40-1","35.314069","139.274301"
"月京会館","神奈川県大磯町月京5-12","35.310123","139.27809"
"国府支所","神奈川県大磯町月京6-10","35.310601","139.277836"
"モンメール大磯","神奈川県大磯町高麗1-3-18","35.32012","139.325693"
"高麗区民会館","神奈川県大磯町高麗2-11-16","35.32203","139.325643"
"生涯学習館","神奈川県大磯町高麗2-14-20","35.322376","139.325049"
"戸塚ビル","神奈川県大磯町高麗2-22-27","35.325591","139.32521"
"国府新宿福祉館","神奈川県大磯町国府新宿397-1","35.304077","139.27294"
"馬場老人憩の家","神奈川県大磯町国府本郷1120","35.309706","139.283048"
"障害福祉センターすばる","神奈川県大磯町国府本郷1196","35.309182","139.285187"
"大磯運動公園","神奈川県大磯町国府本郷2126-1","35.312684","139.291501"
"大磯プリンスホテル","神奈川県大磯町国府本郷546","35.301319","139.280536"
"大磯城山公園　（旧三井別邸地区）","神奈川県大磯町国府本郷576","35.306095","139.290288"
"中丸会館","神奈川県大磯町国府本郷785-1","35.305164","139.284439"
"黒岩公民館","神奈川県大磯町黒岩540-1","35.326731","139.260761"
"寺坂老人憩の家","神奈川県大磯町寺坂236-1","35.3255","139.289207"
"生沢会館","神奈川県大磯町生沢699-1","35.320195","139.27884"
"西久保福祉館","神奈川県大磯町西久保189-2","35.324104","139.2582"
"西小磯東老人憩の家","神奈川県大磯町西小磯104","35.305722","139.300246"
"西小磯西老人憩の家","神奈川県大磯町西小磯287-2","35.304184","139.293665"
"アクアテラス大磯","神奈川県大磯町西小磯292-1","35.303253","139.292388"
"郷土資料館","神奈川県大磯町西小磯446-1","35.30542","139.290875"
"石神台会館","神奈川県大磯町石神台1-1-13","35.31047","139.272051"
"ノジマ大磯スクウェア","神奈川県大磯町大磯1010","35.310629","139.313948"
"大磯町消防本部","神奈川県大磯町大磯1075","35.308911","139.315447"
"南本町会館","神奈川県大磯町大磯1121-5","35.309314","139.314743"
"中南信用金庫本店","神奈川県大磯町大磯1133-1","35.309132","139.315098"
"社会福祉法人　エリザベス・サンダース・ホーム","神奈川県大磯町大磯1152","35.308718","139.314081"
"藤田眼科クリニックビル","神奈川県大磯町大磯1188","35.307785","139.311508"
"茶屋町会館","神奈川県大磯町大磯1265","35.307614","139.313572"
"福祉センターさざれ石","神奈川県大磯町大磯1352-1","35.30701","139.314002"
"北下町福祉館","神奈川県大磯町大磯1713-19","35.310503","139.319169"
"プレステージ大磯","神奈川県大磯町大磯1852-2","35.312163","139.318087"
"長者町老人憩いの家","神奈川県大磯町大磯1922-22","35.312833","139.320211"
"諸橋ビル","神奈川県大磯町大磯2178-17","35.31651","139.322988"
"シーベルズ","神奈川県大磯町大磯2298-1","35.316687","139.325764"
"山王町常会場","神奈川県大磯町大磯449-7","35.313547","139.318742"
"学校法人　聖ステパノ学園","神奈川県大磯町大磯868","35.309929","139.312781"
"ふれあい会館","神奈川県大磯町大磯937-4","35.312649","139.316238"
"吉川ビル","神奈川県大磯町大磯962","35.312138","139.317131"
"片野ビル","神奈川県大磯町大磯971","35.3117","139.317419"
"裡道児童館","神奈川県大磯町大磯１２５３－イ","35.308273","139.31248"
"虫窪老人憩の家","神奈川県大磯町虫窪354","35.321544","139.267046"
"大磯町役場本庁舎","神奈川県大磯町東小磯183","35.30685","139.311345"
"大磯中学校","神奈川県大磯町東小磯261","35.307452","139.3081"
"大磯小学校","神奈川県大磯町東小磯3","35.309343","139.311678"
"台町会館","神奈川県大磯町東小磯311-9","35.308562","139.308036"
"サンキッズ大磯","神奈川県大磯町東町1-13-33","35.311626","139.322312"
"東町福祉館","神奈川県大磯町東町2-8-37","35.313719","139.324525"
"大磯高等学校","神奈川県大磯町東町2-9-1","35.312602","139.324645"
"大磯高等学校","神奈川県大磯町東町2-9-1","35.312624","139.324661"
"県立大和高校体育館","神奈川県大和市つきみ野3-4","35.507618","139.454238"
"県立大和高校校庭","神奈川県大和市つきみ野3-4","35.507251","139.45523"
"県立大和高校、つきみ野中学校","神奈川県大和市つきみ野3-5","35.506897","139.454002"
"つきみ野中学校体育館","神奈川県大和市つきみ野3-5-1","35.508102","139.45367"
"つきみ野中学校校庭","神奈川県大和市つきみ野3-5-1","35.508687","139.454668"
"一ノ関・城ヶ岡","神奈川県大和市下鶴間2714","35.492565","139.466667"
"鶴間中学校体育館","神奈川県大和市下鶴間3016","35.495846","139.454259"
"鶴間中学校校庭","神奈川県大和市下鶴間3016","35.496274","139.454511"
"北大和小学校校庭","神奈川県大和市下鶴間685","35.508974","139.462148"
"北大和小学校体育館","神奈川県大和市下鶴間685","35.50935","139.462427"
"いちょう団地","神奈川県大和市下和田262","35.429293","139.472788"
"渋谷中学校体育館","神奈川県大和市下和田49","35.431236","139.472848"
"渋谷中学校校庭","神奈川県大和市下和田49","35.430528","139.473191"
"文ヶ岡小学校校庭","神奈川県大和市桜森3-16-31","35.47435","139.438937"
"文ヶ岡小学校体育館","神奈川県大和市桜森3-16-31","35.474525","139.438261"
"渋谷学習センター","神奈川県大和市渋谷5-22","35.432884","139.46413"
"渋谷小学校校庭","神奈川県大和市渋谷7-10","35.431127","139.46698"
"渋谷小学校体育館","神奈川県大和市渋谷7-10","35.430969","139.467591"
"大和スポーツセンター","神奈川県大和市上草柳1-1-1","35.474534","139.458383"
"大和スポーツセンター競技場","神奈川県大和市上草柳1-1-1","35.475372","139.457693"
"泉の森","神奈川県大和市上草柳588","35.477644","139.444576"
"大野原小学校体育館","神奈川県大和市上草柳7-4-26","35.48412","139.453716"
"大野原小学校校庭","神奈川県大和市上草柳7-4-26","35.483849","139.453018"
"上和田中学校体育館","神奈川県大和市上和田1314-1","35.44873","139.480295"
"上和田中学校校庭","神奈川県大和市上和田1314-1","35.448451","139.479458"
"県立大和南高校体育館","神奈川県大和市上和田2557","35.442952","139.474459"
"県立大和南高校","神奈川県大和市上和田2557","35.443017","139.475259"
"県立大和南高校校庭","神奈川県大和市上和田2557","35.443437","139.474701"
"上和田小学校校庭","神奈川県大和市上和田2695","35.440898","139.469641"
"上和田小学校体育館","神奈川県大和市上和田2695","35.441515","139.469298"
"桜丘小学校校庭","神奈川県大和市上和田832","35.452804","139.468506"
"桜丘小学校体育館","神奈川県大和市上和田832","35.453057","139.46908"
"県立大和東高校、大和東小学校","神奈川県大和市深見1760","35.479444","139.469569"
"県立大和東高校校庭","神奈川県大和市深見1760","35.479146","139.46863"
"大和東小学校校庭","神奈川県大和市深見1805","35.476749","139.469699"
"大和中学校体育館","神奈川県大和市深見西7-5-1","35.485171","139.454072"
"大和中学校校庭","神奈川県大和市深見西7-5-1","35.485809","139.455617"
"大和小学校体育館","神奈川県大和市深見西8-7-1","35.486788","139.461096"
"大和小学校校庭","神奈川県大和市深見西8-7-1","35.487107","139.46204"
"深見小学校体育館","神奈川県大和市深見台2-9-1","35.467631","139.470651"
"深見小学校校庭","神奈川県大和市深見台2-9-1","35.467753","139.469862"
"西鶴間小学校校庭","神奈川県大和市西鶴間2-25-43","35.487435","139.444961"
"西鶴間小学校体育館","神奈川県大和市西鶴間2-25-43","35.488191","139.445347"
"横浜銀行、大和総合グランド","神奈川県大和市草柳1-22","35.466398","139.453328"
"引地台小学校体育館","神奈川県大和市草柳3-1-2","35.459514","139.459904"
"引地台小学校校庭","神奈川県大和市草柳3-1-2","35.459522","139.458729"
"光丘中学校校庭","神奈川県大和市大和南2-11-1","35.465157","139.465008"
"光丘中学校体育館","神奈川県大和市大和南2-11-1","35.464231","139.464815"
"大和第一ホテル","神奈川県大和市中央1-3-19","35.468544","139.461441"
"草柳小学校体育館","神奈川県大和市中央3-6-1","35.471741","139.454332"
"草柳小学校校庭","神奈川県大和市中央3-6-1","35.471676","139.455019"
"中央林間小学校校庭","神奈川県大和市中央林間9-54-1","35.517008","139.449491"
"中央林間小学校体育館","神奈川県大和市中央林間9-54-1","35.5172","139.448917"
"緑野小学校体育館","神奈川県大和市中央林間西5-3-1","35.502426","139.437261"
"緑野小学校校庭","神奈川県大和市中央林間西5-3-1","35.502618","139.43791"
"相模カンツリークラブゴルフ場","神奈川県大和市中央林間西7-1-1","35.507967","139.436046"
"相模カンツリー倶楽部","神奈川県大和市中央林間西7-1-1","35.507958","139.436068"
"保健福祉センター","神奈川県大和市鶴間1-31-7","35.490487","139.454525"
"県立大和西高校、南林間小学校、南林間中学校","神奈川県大和市南林間9-3","35.496426","139.434639"
"南林間中学校体育館","神奈川県大和市南林間9-3-1","35.497054","139.435456"
"南林間中学校校庭","神奈川県大和市南林間9-3-1","35.497202","139.436373"
"南林間小学校体育館","神奈川県大和市南林間9-3-2","35.495824","139.436055"
"南林間小学校校庭","神奈川県大和市南林間9-3-2","35.49616","139.43694"
"県立大和西高校体育館","神奈川県大和市南林間9-5-1","35.496473","139.433999"
"県立大和西高校校庭","神奈川県大和市南林間9-5-1","35.497238","139.434192"
"桜丘学習センター","神奈川県大和市福田1-30-1","35.450774","139.462682"
"下福田中学校校庭","神奈川県大和市福田1569-1","35.425288","139.460196"
"下福田中学校体育館","神奈川県大和市福田1569-1","35.425966","139.461692"
"大和ゆとりの森仲良しプラザ","神奈川県大和市福田4112","35.436485","139.451735"
"大和ゆとりの森","神奈川県大和市福田4112","35.437374","139.451127"
"福田小学校体育館","神奈川県大和市福田5-22-1","35.44426","139.461697"
"福田小学校校庭","神奈川県大和市福田5-22-1","35.443513","139.46233"
"下福田小学校校庭","神奈川県大和市福田570","35.431308","139.457578"
"下福田小学校体育館","神奈川県大和市福田570","35.431701","139.458125"
"柳橋小学校体育館","神奈川県大和市柳橋1-17-7","35.459871","139.46255"
"柳橋小学校校庭","神奈川県大和市柳橋1-17-7","35.460522","139.462276"
"引地台公園、引地台中学校","神奈川県大和市柳橋4-5000","35.45657","139.461616"
"引地台中学校体育館","神奈川県大和市柳橋4-5050","35.456239","139.46141"
"引地台中学校校庭","神奈川県大和市柳橋4-5050","35.45738","139.461764"
"林間小学校体育館","神奈川県大和市林間1-5-18","35.496834","139.449904"
"林間小学校校庭","神奈川県大和市林間1-5-18","35.496411","139.449497"
"大和学園聖セシリアグラウンド","神奈川県大和市林間2-6-11","35.500082","139.446791"
"大和市特別支援教育センターアンダンテ","神奈川県大和市林間2-6-18","35.500902","139.445759"
"井ノ口小学校","神奈川県中井町井ノ口2005","35.339465","139.231981"
"境コミュニティセンター","神奈川県中井町境1293","35.352297","139.210054"
"中村小学校","神奈川県中井町半分形350","35.325811","139.216715"
"中井中学校","神奈川県中井町比奈窪295","35.333894","139.218192"
"中井中央公園","神奈川県中井町比奈窪580","35.339522","139.217392"
"吉浜小学校体育館","神奈川県湯河原町吉浜1300","35.149982","139.117374"
"吉浜小学校グラウンド","神奈川県湯河原町吉浜1300","35.149974","139.116631"
"プレゴ湯河原店立体駐車場（３階以上）","神奈川県湯河原町吉浜1576-1","35.14597","139.115553"
"ニューライフ湯河原","神奈川県湯河原町吉浜1906-4","35.159867","139.114687"
"東台福浦小学校グラウンド","神奈川県湯河原町吉浜216","35.153126","139.127201"
"東台福浦小学校体育館","神奈川県湯河原町吉浜216","35.153725","139.127096"
"川堀会館","神奈川県湯河原町吉浜378-1","35.156006","139.127504"
"川堀公園","神奈川県湯河原町吉浜468-1","35.157781","139.12339"
"ゆり公園","神奈川県湯河原町吉浜771-2","35.153549","139.118468"
"ヘルシープラザ（屋上）","神奈川県湯河原町吉浜863","35.150204","139.120459"
"ヘルシープラザ（屋内）","神奈川県湯河原町吉浜863","35.150282","139.120419"
"文化福祉会館（屋内）","神奈川県湯河原町吉浜999-2","35.149281","139.119121"
"文化福祉会館（屋上）","神奈川県湯河原町吉浜999-2","35.149226","139.119177"
"みやのうえ保育園","神奈川県湯河原町宮下36-1","35.141759","139.091145"
"宮下会館","神奈川県湯河原町宮下626-1","35.144089","139.09921"
"湯河原小学校体育館","神奈川県湯河原町宮上11","35.142226","139.092628"
"湯河原小学校グラウンド","神奈川県湯河原町宮上11","35.142343","139.091286"
"宮上会館","神奈川県湯河原町宮上229-12","35.14196","139.085178"
"奥湯河原公園","神奈川県湯河原町宮上695-1","35.161276","139.058035"
"奥湯河原区民会館","神奈川県湯河原町宮上775-27","35.158204","139.061688"
"さがみ信用金庫宮上支店　駐車場及び下側駐車場","神奈川県湯河原町宮上１４２－８宮上142-1","35.141742","139.087431"
"城堀公園","神奈川県湯河原町城堀272-19","35.149087","139.102944"
"おにわ保育園","神奈川県湯河原町城堀38-2","35.146792","139.106916"
"城堀会館","神奈川県湯河原町城堀87-1","35.14624","139.105309"
"鍛冶屋会館","神奈川県湯河原町鍛冶屋376-1","35.157328","139.109675"
"五郎神社","神奈川県湯河原町鍛冶屋723-1","35.160851","139.108283"
"森下公園","神奈川県湯河原町鍛冶屋868-1","35.159433","139.106474"
"たちばな保育園","神奈川県湯河原町鍛冶屋868-3","35.159741","139.106158"
"まさご保育園（屋上）","神奈川県湯河原町中央1-16-1","35.146206","139.111141"
"まさご保育園　（屋内）","神奈川県湯河原町中央1-16-1","35.146351","139.111101"
"アクロスプラザ湯河原（屋上駐車場）","神奈川県湯河原町中央1-1617-54","35.145225","139.11321"
"湯河原ロイヤルハイツ（２～１１階共有通路及び外部非常階段）","神奈川県湯河原町中央1-1627-15","35.144649","139.112364"
"小川ビル（屋外階段）","神奈川県湯河原町中央1-1632-14","35.145167","139.111846"
"メゾン千夢（屋上）","神奈川県湯河原町中央1-20-5","35.147059","139.111477"
"広崎公園","神奈川県湯河原町中央1-4","35.147021","139.108002"
"レジデンス内藤（４階階段踊り場）","神奈川県湯河原町中央2-14-7","35.147567","139.11124"
"内田ビル（屋上）","神奈川県湯河原町中央2-16-2","35.147461","139.112099"
"メゾンド和幸（屋上）","神奈川県湯河原町中央2-16-3","35.147558","139.112095"
"防災コミュニティセンター","神奈川県湯河原町中央2-21-1","35.148454","139.110474"
"町民体育館","神奈川県湯河原町中央2-21-1","35.14924","139.110449"
"町民体育館駐車場","神奈川県湯河原町中央2-21-1","35.149263","139.111032"
"さくらんぼ公園","神奈川県湯河原町中央3-4","35.151098","139.110842"
"柵口公園","神奈川県湯河原町中央4-18","35.153022","139.111784"
"亀ヶ原公園","神奈川県湯河原町中央5-12","35.148537","139.113998"
"御庭公園","神奈川県湯河原町土肥1-11-11","35.144303","139.103536"
"ちぼり湯河原スイーツファクトリー","神奈川県湯河原町土肥1-15-4","35.143937","139.102005"
"町立図書館","神奈川県湯河原町土肥1-4-13","35.145497","139.103428"
"蔵町公園","神奈川県湯河原町土肥2-11-16","35.144722","139.107679"
"ホームステーションらいふ湯河原（屋上）","神奈川県湯河原町土肥2-14-28","35.144132","139.10741"
"門川会館","神奈川県湯河原町土肥2-19-24","35.143718","139.108501"
"川端公園","神奈川県湯河原町土肥3-10","35.142035","139.109824"
"湯河原胃腸病院若葉寮（屋外階段）","神奈川県湯河原町土肥4-4-5","35.142773","139.104069"
"千暮公園","神奈川県湯河原町土肥4-4-8","35.142843","139.104693"
"桜木公園","神奈川県湯河原町土肥5-6","35.142328","139.100371"
"福浦会館","神奈川県湯河原町福浦115-1","35.151437","139.131711"
"シーサイドスクエア（屋上）","神奈川県湯河原町福浦12-4","35.150808","139.133543"
"旧福浦幼稚園園庭","神奈川県湯河原町福浦387","35.152753","139.129114"
"湯河原町浄水センター（屋上）","神奈川県湯河原町門川11","35.142021","139.111828"
"津波避難タワー兼第５分団詰所　（屋上）","神奈川県湯河原町門川234-2","35.143645","139.110126"
"パレス湘南（屋上）","神奈川県湯河原町門川62-1","35.144126","139.110036"
"聖園女学院","神奈川県藤沢市みその台1-4","35.353336","139.478409"
"荏原湘南スポーツセンター","神奈川県藤沢市稲荷1-9-1","35.354029","139.466394"
"羽鳥小学校","神奈川県藤沢市羽鳥3-11-1","35.343718","139.458232"
"羽鳥中学校","神奈川県藤沢市羽鳥4-13-14","35.345729","139.462228"
"県立湘南台高等学校","神奈川県藤沢市円行1986","35.398076","139.460311"
"藤沢市まちづくり協会ビル","神奈川県藤沢市円行2-3-17","35.395688","139.459064"
"多摩大学湘南キャンパス","神奈川県藤沢市円行802","35.38718","139.461667"
"秋葉台公園周辺（秋葉台中含む）","神奈川県藤沢市遠藤2000-1","35.3875","139.444926"
"秋葉台文化体育館","神奈川県藤沢市遠藤2000-1","35.389165","139.444233"
"秋葉台中学校","神奈川県藤沢市遠藤2000-2","35.38664","139.444099"
"秋葉台小学校","神奈川県藤沢市遠藤2959","35.389034","139.441456"
"遠藤市民センター","神奈川県藤沢市遠藤2984-3","35.387167","139.440092"
"慶應義塾大学湘南藤沢キャンパス","神奈川県藤沢市遠藤5322","35.388358","139.427945"
"滝の沢小学校","神奈川県藤沢市遠藤641-3","35.370057","139.436881"
"滝の沢小学校周辺（遠藤公園含む）","神奈川県藤沢市遠藤641-3","35.371161","139.437791"
"滝の沢中学校","神奈川県藤沢市遠藤699-3","35.372216","139.443218"
"長後中学校","神奈川県藤沢市下土棚590","35.409232","139.46047"
"長後中学校周辺（富士見台小含む）","神奈川県藤沢市下土棚590","35.410081","139.459755"
"富士見台小学校","神奈川県藤沢市下土棚591-1","35.409263","139.459095"
"老人福祉センターこぶし荘","神奈川県藤沢市下土棚800-1","35.40778","139.456886"
"葛原公民館","神奈川県藤沢市葛原1385","35.407204","139.430745"
"六会中学校","神奈川県藤沢市亀井野1000","35.384105","139.466676"
"日本大学藤沢高等学校","神奈川県藤沢市亀井野1866","35.377977","139.470376"
"日本大学","神奈川県藤沢市亀井野1866","35.379829","139.469072"
"日本大学藤沢小学校","神奈川県藤沢市亀井野1866","35.376933","139.47172"
"日本大学生物資源科学部","神奈川県藤沢市亀井野1866","35.380577","139.469687"
"亀井野小学校","神奈川県藤沢市亀井野3-31","35.380651","139.476971"
"六会市民センター","神奈川県藤沢市亀井野4-8-1","35.385238","139.474796"
"六会小学校","神奈川県藤沢市亀井野550","35.389183","139.465636"
"湘南港港湾管理事務所","神奈川県藤沢市江の島1-12-2","35.299569","139.483577"
"江の島アイランドスパ","神奈川県藤沢市江の島2-1-6","35.302174","139.481079"
"江の島サムエル・コッキング苑","神奈川県藤沢市江の島2-3-28","35.299788","139.479131"
"江の島サムエル・コッキング苑（亀ヶ岡広場含む）","神奈川県藤沢市江の島2-3-28","35.299693","139.479297"
"江島神社","神奈川県藤沢市江の島2-3-8","35.300542","139.479673"
"江の島大師","神奈川県藤沢市江の島2-4-10","35.298763","139.479216"
"高倉中学校","神奈川県藤沢市高倉1122","35.408039","139.473509"
"藤沢湘南台病院","神奈川県藤沢市高倉2345","35.416807","139.47042"
"高谷小学校","神奈川県藤沢市高谷9-1","35.34341","139.503672"
"高谷小学校周辺（高谷公園・天嶽院含む）","神奈川県藤沢市高谷9-1","35.343908","139.504304"
"鵠沼市民センター","神奈川県藤沢市鵠沼海岸2-10-34","35.319657","139.47"
"市営鵠沼住宅","神奈川県藤沢市鵠沼海岸4-12","35.318504","139.462205"
"鵠南小学校","神奈川県藤沢市鵠沼海岸4-7-34","35.318554","139.463815"
"八部公園","神奈川県藤沢市鵠沼海岸6-12","35.325356","139.465175"
"湘南なぎさ荘","神奈川県藤沢市鵠沼海岸6-17-7","35.323587","139.465167"
"太陽の家","神奈川県藤沢市鵠沼海岸6-6-12","35.327445","139.464168"
"鵠洋小学校","神奈川県藤沢市鵠沼桜が岡3-16-38","35.326962","139.474873"
"鵠沼中学校","神奈川県藤沢市鵠沼桜が岡4-3-37","35.333775","139.479047"
"ＪＦＥエンジニアリング（株）江の島苑友荘","神奈川県藤沢市鵠沼松が岡1-17-4","35.316645","139.476597"
"湘南学園中学校・高等学校","神奈川県藤沢市鵠沼松が岡4-1-32","35.323617","139.477723"
"第一中学校","神奈川県藤沢市鵠沼神明5-10-9","35.344813","139.471261"
"県立湘南高等学校周辺（第一中学校含む）","神奈川県藤沢市鵠沼神明5-6-10","35.344621","139.473074"
"県立湘南高等学校","神奈川県藤沢市鵠沼神明5-6-10","35.344599","139.472462"
"市民会館周辺（奥田公園含む）","神奈川県藤沢市鵠沼東8-1","35.333721","139.490911"
"藤沢市民会館","神奈川県藤沢市鵠沼東8-1","35.333266","139.490108"
"藤嶺学園鵠沼高等学校","神奈川県藤沢市鵠沼藤が谷4-9-10","35.327297","139.48323"
"県立藤沢工科高等学校","神奈川県藤沢市今田744","35.389625","139.478306"
"特別養護老人ホーム　みどりの園","神奈川県藤沢市小塚370-1","35.334381","139.505399"
"小塚東町内会館","神奈川県藤沢市小塚41-21","35.340821","139.513704"
"湘南台市民センター","神奈川県藤沢市湘南台1-8","35.397853","139.469556"
"湘南台小学校","神奈川県藤沢市湘南台5-23","35.401262","139.467753"
"湘南台公園周辺（湘南台中含む）","神奈川県藤沢市湘南台7-16","35.397233","139.471203"
"湘南台中学校","神奈川県藤沢市湘南台7-18-1","35.396107","139.47218"
"明治小学校","神奈川県藤沢市城南3-3-1","35.349864","139.459741"
"藤嶺学園藤沢高等学校","神奈川県藤沢市西富1-7-1","35.349608","139.486714"
"翠ヶ丘公園","神奈川県藤沢市西富593-2","35.352525","139.487538"
"俣野小学校","神奈川県藤沢市西俣野2660","35.367064","139.483247"
"北部環境事業所","神奈川県藤沢市石川2168","35.394964","139.45143"
"善行中学校","神奈川県藤沢市石川3988-1","35.371173","139.465228"
"石川小学校","神奈川県藤沢市石川4-19-1","35.37641","139.447717"
"新林小学校","神奈川県藤沢市川名400","35.33195","139.492696"
"新林公園周辺（新林小含む）","神奈川県藤沢市川名411-1","35.32961","139.493447"
"善行市民センター","神奈川県藤沢市善行1-2-3","35.361012","139.472843"
"県立総合教育センター","神奈川県藤沢市善行7-1-1","35.359456","139.477599"
"県立スポーツセンター","神奈川県藤沢市善行7-1-2","35.359837","139.475178"
"藤沢翔陵高等学校","神奈川県藤沢市善行7-1-3","35.361515","139.474342"
"大越小学校","神奈川県藤沢市善行坂1-19-1","35.364779","139.464524"
"善行小学校","神奈川県藤沢市善行団地6-1","35.367428","139.461732"
"村岡市民センター","神奈川県藤沢市村岡東1-5-17","35.339443","139.507538"
"御所見市民センター","神奈川県藤沢市打戻1760-1","35.401469","139.415506"
"御所見小学校","神奈川県藤沢市打戻1902","35.403307","139.416618"
"御所見小学校周辺（御所見市民センター含む）","神奈川県藤沢市打戻1902","35.402458","139.41568"
"大鋸小学校","神奈川県藤沢市大鋸1020","35.354138","139.49426"
"大清水中学校","神奈川県藤沢市大鋸1400","35.353725","139.483122"
"大清水小学校","神奈川県藤沢市大鋸1433","35.354891","139.484997"
"県立藤沢清流高等学校","神奈川県藤沢市大鋸1450","35.355347","139.483279"
"芙蓉カントリー倶楽部","神奈川県藤沢市大庭2320","35.349743","139.44771"
"県立藤沢西高等学校","神奈川県藤沢市大庭3608-2","35.356834","139.44202"
"小糸小学校","神奈川県藤沢市大庭5062-1","35.359333","139.446533"
"大庭城址公園","神奈川県藤沢市大庭5230-1","35.361523","139.451549"
"大庭小学校","神奈川県藤沢市大庭5307-7","35.363584","139.443536"
"湘南大庭市民センター","神奈川県藤沢市大庭5406-1","35.364949","139.446654"
"大庭中学校","神奈川県藤沢市大庭5416-6","35.363416","139.450298"
"駒寄小学校","神奈川県藤沢市大庭5527-2","35.368517","139.448789"
"大道小学校","神奈川県藤沢市朝日町3-3","35.338938","139.493449"
"県立藤沢総合高等学校","神奈川県藤沢市長後1909","35.415509","139.457481"
"長後市民センター","神奈川県藤沢市長後513","35.412333","139.46122"
"長後小学校","神奈川県藤沢市長後770","35.416535","139.468275"
"八松小学校","神奈川県藤沢市辻堂元町3-1-6","35.333929","139.453043"
"明治市民センター","神奈川県藤沢市辻堂新町1-11-23","35.340208","139.449299"
"明治中学校","神奈川県藤沢市辻堂新町2-13-1","35.341273","139.455624"
"神台公園周辺（湘南藤沢徳洲会病院含む）","神奈川県藤沢市辻堂神台1-4","35.34047","139.446744"
"湘南工科大学附属高等学校","神奈川県藤沢市辻堂西海岸1-1-25","35.325007","139.451229"
"湘南工科大学（周辺）","神奈川県藤沢市辻堂西海岸1-1-25","35.324058","139.451158"
"湘南工科大学","神奈川県藤沢市辻堂西海岸1-1-25","35.324192","139.451829"
"高砂小学校","神奈川県藤沢市辻堂西海岸1-3-1","35.325847","139.448686"
"浜見小学校","神奈川県藤沢市辻堂西海岸1-4-1","35.324705","139.449765"
"高浜中学校","神奈川県藤沢市辻堂西海岸1-4-3","35.324677","139.448518"
"辻堂市民センター","神奈川県藤沢市辻堂西海岸2-1-17","35.324948","139.447211"
"長久保公園","神奈川県藤沢市辻堂太平台2-13-35","35.332849","139.466562"
"辻堂小学校","神奈川県藤沢市辻堂東海岸1-17-1","35.325614","139.457572"
"湘洋中学校","神奈川県藤沢市辻堂東海岸4-17-1","35.319184","139.458851"
"天神小学校","神奈川県藤沢市天神町1-1","35.3747","139.464277"
"藤ヶ岡中学校","神奈川県藤沢市藤が岡3-18-1","35.347111","139.498458"
"片瀬小学校","神奈川県藤沢市片瀬2-14-29","35.319606","139.487623"
"片瀬山公園","神奈川県藤沢市片瀬3-12","35.313292","139.490255"
"片瀬市民センター","神奈川県藤沢市片瀬3-9-6","35.313683","139.4873"
"片瀬しおさいセンター（片瀬市民センター分館）","神奈川県藤沢市片瀬4-9-22","35.315403","139.483732"
"湘南白百合学園小学校","神奈川県藤沢市片瀬海岸2-2-30","35.311437","139.484225"
"片瀬中学校","神奈川県藤沢市片瀬山4-1-1","35.322689","139.493362"
"湘南白百合学園中学校・高等学校","神奈川県藤沢市片瀬目白山4-1","35.316422","139.491194"
"鵠沼小学校","神奈川県藤沢市本鵠沼5-4-23","35.33669","139.473457"
"藤沢市民センター・労働会館等複合施設","神奈川県藤沢市本町1-12-17","35.343887","139.481354"
"藤沢小学校","神奈川県藤沢市本町1-9-1","35.345293","139.484041"
"本町小学校","神奈川県藤沢市本町2-6-17","35.342854","139.479611"
"済美館（藤沢市民センター分館）","神奈川県藤沢市本町4-6-16","35.347606","139.480935"
"石名坂温水プール","神奈川県藤沢市本藤沢1-10-1","35.352094","139.471631"
"村岡小学校","神奈川県藤沢市弥勒寺1-16-1","35.338271","139.497829"
"村岡中学校","神奈川県藤沢市弥勒寺2-1-27","35.338564","139.50004"
"御所見中学校","神奈川県藤沢市用田500","35.402528","139.421169"
"中里小学校","神奈川県藤沢市獺郷68","35.399041","139.414035"
"南足柄市営総合グラウンド","神奈川県南足柄市関本360","35.324389","139.09909"
"南足柄小学校校庭","神奈川県南足柄市関本400","35.322127","139.0995"
"南足柄中学校校庭","神奈川県南足柄市関本433","35.321367","139.098732"
"岩原小学校校庭","神奈川県南足柄市岩原310","35.295845","139.129546"
"向田小学校校庭","神奈川県南足柄市向田555","35.321565","139.112558"
"福沢小学校校庭","神奈川県南足柄市千津島632","35.334519","139.107041"
"岡本中学校校庭","神奈川県南足柄市塚原1660","35.303973","139.127127"
"岡本小学校校庭","神奈川県南足柄市塚原1769","35.30565","139.125128"
"駒千代青少年広場","神奈川県南足柄市塚原2200","35.303525","139.122125"
"南足柄市運動公園","神奈川県南足柄市怒田1734","35.343086","139.095452"
"県立足柄高校校庭","神奈川県南足柄市怒田860","35.329343","139.103002"
"旧北足柄小学校校庭","神奈川県南足柄市内山1051","35.344962","139.074153"
"南足柄市体育センター","神奈川県南足柄市和田河原1030","35.315374","139.125047"
"神奈川県立二宮高等学校","神奈川県二宮町一色1363","35.313819","139.246521"
"梅沢老人憩の家","神奈川県二宮町山西102-1","35.294086","139.250871"
"二宮町立山西小学校","神奈川県二宮町山西1401","35.30217","139.246994"
"二宮町立体育館","神奈川県二宮町山西218-10","35.293007","139.247192"
"二宮町立二宮西中学校","神奈川県二宮町川匂323","35.297796","139.236378"
"茶屋老人憩の家","神奈川県二宮町川匂71","35.292356","139.240751"
"東京大学二宮果樹園跡地","神奈川県二宮町中里518","35.310843","139.252219"
"生涯学習センターラディアン　（花の丘公園含む）　施設外","神奈川県二宮町二宮1240-10","35.304201","139.257648"
"二宮町立二宮中学校","神奈川県二宮町二宮54-2","35.298129","139.264481"
"二宮町立二宮小学校","神奈川県二宮町二宮872-1","35.299189","139.255818"
"海の星幼稚園","神奈川県二宮町二宮88","35.297438","139.261952"
"袖が浦公園","神奈川県二宮町二宮92-3","35.296473","139.260436"
"心泉学園","神奈川県二宮町二宮98","35.296353","139.257304"
"二宮町立一色小学校","神奈川県二宮町百合が丘2-7","35.311451","139.240175"
"阿字ヶ池苑池","神奈川県箱根町芦之湯90","35.22141","139.043156"
"箱根恵明学園グラウンド","神奈川県箱根町宮ノ下416","35.242352","139.056765"
"旧宮城野保育園跡地","神奈川県箱根町宮城野102","35.252879","139.051916"
"宮城野保育園園庭","神奈川県箱根町宮城野140","35.252098","139.053076"
"箱根の森小学校校庭","神奈川県箱根町宮城野225","35.253383","139.054769"
"上河原公園","神奈川県箱根町宮城野921","35.254958","139.047524"
"星槎レイクアリーナ運動広場","神奈川県箱根町元箱根164","35.241551","138.999842"
"元箱根集会所駐車場","神奈川県箱根町元箱根63","35.204184","139.030815"
"仙石原交差点臨時駐車場","神奈川県箱根町仙石原106","35.272786","139.01095"
"唐沢公園","神奈川県箱根町仙石原555","35.272008","139.00269"
"星槎大学箱根キャンパスグラウンド","神奈川県箱根町仙石原817","35.267666","139.007846"
"仙石原公園","神奈川県箱根町仙石原842","35.269245","139.010934"
"仙石原小学校校庭","神奈川県箱根町仙石原981","35.271205","139.015218"
"大平台ふれあい広場","神奈川県箱根町大平台415","35.236633","139.075544"
"環翠楼駐車場","神奈川県箱根町塔ノ澤115","35.232616","139.092387"
"神明町公園","神奈川県箱根町湯本190-1","35.232696","139.111716"
"湯本小学校","神奈川県箱根町湯本399","35.230146","139.105112"
"湯本地域スポーツ施設","神奈川県箱根町湯本855","35.234585","139.1116"
"箱根中学校校庭","神奈川県箱根町二ノ平1154","35.245519","139.050179"
"箱根遊船元箱根港前","神奈川県箱根町箱根10","35.202815","139.030876"
"箱根町園地","神奈川県箱根町箱根181","35.189108","139.023479"
"箱根集会所駐車場","神奈川県箱根町箱根221","35.188318","139.025378"
"箱根地域スポーツ施設運動場","神奈川県箱根町箱根561","35.197983","139.029911"
"畑宿寄木会館駐車場","神奈川県箱根町畑宿103","35.213129","139.062868"
"横内中学校","神奈川県平塚市横内1948-3","35.373649","139.353734"
"横内公民館","神奈川県平塚市横内2506","35.371891","139.353298"
"横内小学校","神奈川県平塚市横内2687","35.371785","139.352233"
"岡崎小学校","神奈川県平塚市岡崎3430","35.372956","139.306417"
"岡崎公民館","神奈川県平塚市岡崎3634","35.371948","139.307983"
"旭小学校","神奈川県平塚市河内307","35.334992","139.309205"
"旭北公民館","神奈川県平塚市河内440","35.338242","139.310352"
"なでしこ小学校","神奈川県平塚市花水台42-1","35.316435","139.338393"
"平塚競輪場","神奈川県平塚市久領堤5-1","35.325705","139.362043"
"崇善公民館","神奈川県平塚市見附町1-8","35.328968","139.344101"
"中原公民館","神奈川県平塚市御殿2-17-38","35.344318","139.326706"
"中原小学校","神奈川県平塚市御殿2-8-9","35.34412","139.329639"
"中原中学校","神奈川県平塚市御殿4-5-1","35.350692","139.325256"
"金旭中学校","神奈川県平塚市広川12","35.355766","139.304357"
"山城中学校","神奈川県平塚市高村166","35.332113","139.308498"
"勝原小学校","神奈川県平塚市高村45","35.333375","139.305425"
"湘南海岸公園と周辺学校群","神奈川県平塚市高浜台32","35.318761","139.356877"
"太洋中学校","神奈川県平塚市高浜台7-1","35.320401","139.356034"
"高浜高等学校","神奈川県平塚市高浜台8-1","35.320324","139.357048"
"平塚工科高等学校　グラウンド、体育館（地震）","神奈川県平塚市黒部丘12-7","35.322444","139.337546"
"平塚工科高等学校","神奈川県平塚市黒部丘12-7","35.321832","139.337165"
"旭南公民館","神奈川県平塚市山下2-16-1","35.334393","139.314965"
"山下小学校","神奈川県平塚市山下3-25-1","35.330576","139.316796"
"神明中学校","神奈川県平塚市四之宮1-10-1","35.349232","139.349594"
"城島公民館","神奈川県平塚市小鍋島271-1","35.373276","139.333282"
"城島小学校","神奈川県平塚市小鍋島608-3","35.372381","139.330318"
"吉沢公民館","神奈川県平塚市上吉沢395-1","35.344143","139.29097"
"吉沢小学校","神奈川県平塚市上吉沢465","35.345895","139.289571"
"大住中学校","神奈川県平塚市城所649","35.371541","139.32351"
"平塚江南高等学校　グラウンド、体育館（地震）","神奈川県平塚市諏訪町5-1","35.338425","139.334584"
"真土小学校","神奈川県平塚市西真土4-3-1","35.360617","139.349034"
"八幡公民館","神奈川県平塚市西八幡1-10-22","35.342613","139.347946"
"八幡山公園","神奈川県平塚市浅間町1","35.334112","139.348505"
"崇善小学校","神奈川県平塚市浅間町4-3","35.333305","139.345952"
"江陽中学校","神奈川県平塚市浅間町8-1","35.335655","139.348025"
"江陽中学校周辺","神奈川県平塚市浅間町8-1","35.335655","139.348025"
"平塚中等教育学校","神奈川県平塚市大原1-13","35.34258","139.338481"
"大原小学校","神奈川県平塚市大原1-14","35.34445","139.338546"
"大原公民館","神奈川県平塚市大原1-15","35.344685","139.338623"
"相模小学校","神奈川県平塚市大神2434-1","35.390445","139.366786"
"大神公民館","神奈川県平塚市大神5-12-17","35.390857","139.365725"
"平塚農商高校　グラウンド、体育館（地震）","神奈川県平塚市達上ケ丘10-10","35.333404","139.328093"
"平塚農業高等学校","神奈川県平塚市達上ケ丘10-10","35.333771","139.328677"
"富士見小学校","神奈川県平塚市中里10-1","35.332781","139.334461"
"富士見公民館","神奈川県平塚市中里11-21","35.331779","139.334671"
"春日野中学校","神奈川県平塚市中里33-1","35.331207","139.331072"
"松原小学校","神奈川県平塚市天沼7-10","35.334954","139.356246"
"神田公民館","神奈川県平塚市田村3-12-5","35.373592","139.358765"
"平塚湘風高等学校","神奈川県平塚市田村3-13-1","35.372509","139.358814"
"神田中学校","神奈川県平塚市田村4-31-1","35.378801","139.359145"
"神田小学校","神奈川県平塚市田村6-1-1","35.376197","139.36316"
"土屋公民館","神奈川県平塚市土屋1864-1","35.350739","139.262558"
"土沢中学校　校舎の一部、体育館（土砂）","神奈川県平塚市土屋2244","35.345807","139.268799"
"土屋小学校　校舎（土砂）","神奈川県平塚市土屋3004-2","35.347465","139.259763"
"大野小学校","神奈川県平塚市東真土2-1-1","35.353782","139.358057"
"四之宮公民館","神奈川県平塚市東真土2-1-48","35.354397","139.358398"
"大野公民館","神奈川県平塚市東真土2-12-1","35.35537","139.354858"
"大野中学校","神奈川県平塚市東中原1-12-1","35.35444","139.341799"
"松が丘小学校","神奈川県平塚市東中原1-12-2","35.354949","139.340788"
"松が丘公民館","神奈川県平塚市東中原2-17-19","35.351929","139.336609"
"八幡小学校","神奈川県平塚市東八幡3-8-1","35.34395","139.357864"
"八幡小学校","神奈川県平塚市東八幡3-8-1","35.34395","139.357864"
"花水公民館","神奈川県平塚市桃浜町34-34","35.321476","139.343857"
"金目中学校","神奈川県平塚市南金目1013-2","35.360586","139.291927"
"金目小学校","神奈川県平塚市南金目907","35.358887","139.290246"
"金目公民館","神奈川県平塚市南金目966","35.361479","139.290614"
"南原小学校","神奈川県平塚市南原1-11-31","35.337605","139.326928"
"南原公民館","神奈川県平塚市南原2-15-1","35.340103","139.325485"
"豊田公民館","神奈川県平塚市南豊田366-1","35.356361","139.330098"
"旭陵中学校","神奈川県平塚市日向岡2-9-1","35.340932","139.300229"
"金田公民館","神奈川県平塚市入野108-1","35.353321","139.319458"
"金田小学校","神奈川県平塚市入野514","35.354198","139.315041"
"平和学園グラウンド","神奈川県平塚市馬入2124-39","35.335186","139.370195"
"松原公民館","神奈川県平塚市八千代町2-23","35.331569","139.355134"
"なでしこ公民館","神奈川県平塚市撫子原12-54","35.316615","139.333665"
"カルチャーＢＯＮＤＳ平塚","神奈川県平塚市平塚5-23-12","35.326385","139.330404"
"神奈川県立子ども自立生活　支援センター","神奈川県平塚市片岡991-1","35.352895","139.295422"
"豊田小学校","神奈川県平塚市豊田宮下552","35.358603","139.33123"
"みずほ小学校","神奈川県平塚市北金目2-39-1","35.363447","139.287308"
"東海大学　グラウンド・体育館・野球場","神奈川県平塚市北金目4-1-1","35.361951","139.271828"
"港小学校","神奈川県平塚市夕陽ケ丘22-1","35.322273","139.357597"
"須賀公民館","神奈川県平塚市夕陽ケ丘60-32","35.324429","139.358978"
"浜岳中学校","神奈川県平塚市龍城ケ丘4-26","35.319678","139.344034"
"浜岳中学校","神奈川県平塚市龍城ケ丘4-26","35.319678","139.344034"
"花水小学校","神奈川県平塚市龍城ケ丘5-62","35.318735","139.345175"
"花水小学校","神奈川県平塚市龍城ケ丘5-62","35.318735","139.345175"
"松延小学校","神奈川県平塚市纒226","35.341528","139.31242"
"一色小学校体育館等","神奈川県葉山町一色1060","35.265543","139.586535"
"一色小学校グランド","神奈川県葉山町一色1060","35.26528","139.586948"
"下山口会館","神奈川県葉山町下山口1705-1","35.259578","139.583705"
"下山口児童館","神奈川県葉山町下山口1705-1","35.259499","139.583716"
"湘南国際村グリーンパーク１号","神奈川県葉山町上山口1560-91","35.258589","139.609261"
"上山口小学校体育館等","神奈川県葉山町上山口158","35.268075","139.617317"
"上山口小学校グランド","神奈川県葉山町上山口158","35.268521","139.617033"
"上山口会館","神奈川県葉山町上山口2627","35.265648","139.614107"
"上山口児童館","神奈川県葉山町上山口2627","35.265557","139.613951"
"長柄小学校グランド","神奈川県葉山町長柄130","35.281423","139.583177"
"長柄小学校体育館等","神奈川県葉山町長柄130","35.282098","139.583"
"葉桜会館","神奈川県葉山町長柄1413-154","35.289024","139.591741"
"葉桜児童館","神奈川県葉山町長柄1413-154","35.288958","139.591639"
"イトーピア中央公園","神奈川県葉山町長柄1642-276","35.290393","139.602874"
"南郷中学校体育館等","神奈川県葉山町長柄1835","35.285814","139.598876"
"南郷中学校グランド","神奈川県葉山町長柄1835","35.285262","139.599027"
"南郷上ノ山公園","神奈川県葉山町長柄1888-1","35.285137","139.601646"
"葉山小学校体育館等","神奈川県葉山町堀内2050-1","35.272173","139.584379"
"葉山小学校グランド","神奈川県葉山町堀内2050-1","35.271932","139.583934"
"東伏見東公園","神奈川県葉山町堀内2100-149","35.274079","139.586702"
"葉山町福祉文化会館","神奈川県葉山町堀内2220","35.273005","139.586986"
"葉山中学校グランド","神奈川県葉山町堀内2247-2","35.275567","139.58964"
"葉山中学校体育館等","神奈川県葉山町堀内2247-2","35.275795","139.588342"
"木古庭公園","神奈川県葉山町木古庭1652-4","35.265706","139.633589"
"木古庭児童館","神奈川県葉山町木古庭605","35.264639","139.631902"
"木古庭会館","神奈川県葉山町木古庭605","35.264701","139.631988"