"施設名","所在地","緯度","経度"
"外善光御鍬神社境内","岐阜県安八町外善光3396","35.327301","136.651343"
"城体験学習館","岐阜県安八町城1-59","35.332354","136.65996"
"キャッスルパーク","岐阜県安八町城2-965-1","35.331361","136.660239"
"下河原秋葉神社","岐阜県安八町森部1066-1","35.33248","136.680497"
"下河原西集積所","岐阜県安八町森部1558-2","35.331687","136.674962"
"山中ジェネラルクリニック","岐阜県安八町森部1870-1","35.338913","136.676142"
"山之神神社境内","岐阜県安八町森部3690-1","35.343831","136.676208"
"一色集会所","岐阜県安八町森部626","35.343845","136.684268"
"下屋敷金峯神社境内","岐阜県安八町森部633-2","35.338533","136.685297"
"表寺内大県神社境内","岐阜県安八町森部750","35.340707","136.685094"
"八幡神社境内","岐阜県安八町森部881-1","35.335452","136.682379"
"結の郷","岐阜県安八町西結1010","35.361748","136.662482"
"結小学校","岐阜県安八町西結1065","35.362504","136.663301"
"道浄公園","岐阜県安八町西結1332-1","35.355286","136.666584"
"堀組北駐車場","岐阜県安八町西結1599-1","35.352176","136.660922"
"等流寺境内","岐阜県安八町西結1640","35.35024","136.660072"
"領家コミュニティセンター","岐阜県安八町西結2105-1","35.348156","136.659725"
"領家南集会所","岐阜県安八町西結2116-1","35.347286","136.660051"
"歴史資料館跡地","岐阜県安八町西結2521","35.34424","136.66478"
"板屋島公会堂","岐阜県安八町西結2628-2","35.346232","136.662358"
"ふたばこども園","岐阜県安八町西結2818","35.347616","136.666323"
"町屋公会堂","岐阜県安八町西結335","35.370775","136.661247"
"津村方公民館","岐阜県安八町西結448","35.373883","136.660926"
"覚成寺","岐阜県安八町西結701","35.368775","136.661378"
"中組集会所","岐阜県安八町西結832-1","35.36554","136.662222"
"まちあい公園","岐阜県安八町西結931-2","35.370718","136.661913"
"善光公民館","岐阜県安八町善光115-1","35.324762","136.664855"
"名木林神社境内","岐阜県安八町大森224","35.329062","136.676788"
"大森社宮神社境内","岐阜県安八町大森380","35.327363","136.674171"
"名森小学校","岐阜県安八町大明神40","35.333266","136.660771"
"大野公民館","岐阜県安八町大野196","35.326737","136.660422"
"登龍中学校","岐阜県安八町大野333","35.326795","136.666368"
"総合体育館","岐阜県安八町大野343","35.327209","136.665081"
"中白髭神社境内","岐阜県安八町中1471","35.30864","136.654384"
"西組ごみ集積所付近","岐阜県安八町中213-1","35.309764","136.651362"
"東組待避所","岐阜県安八町中35-2","35.310077","136.658837"
"安八温泉保養センター","岐阜県安八町中須202","35.335309","136.653919"
"上村公民館","岐阜県安八町東結116-2","35.366012","136.664458"
"受徳寺境内","岐阜県安八町東結120","35.365362","136.664508"
"むすぶテラス（北部公園グラウンド）","岐阜県安八町東結1561","35.359714","136.668422"
"東蚊塚公民館","岐阜県安八町東結1708-1","35.354248","136.668249"
"トミダヤ結店北駐車場","岐阜県安八町東結199-1","35.362667","136.668605"
"入方農業技術センター","岐阜県安八町東結778","35.365456","136.672065"
"東安中学校","岐阜県安八町東結952-43","35.360161","136.673066"
"南今ヶ渕白髭神社境内","岐阜県安八町南今ヶ渕10","35.338236","136.664619"
"南今ヶ渕墓地","岐阜県安八町南今ヶ渕1219","35.340872","136.670653"
"教順寺東広場","岐阜県安八町南今ヶ渕124","35.339314","136.666727"
"中筋ごみ集積所付近","岐阜県安八町南今ヶ渕539","35.335341","136.669879"
"ＪＡ西美濃名森支店","岐阜県安八町南條1155-1","35.320739","136.658917"
"南條白髭神社境内","岐阜県安八町南條308","35.318182","136.663235"
"南條消防車庫前広場","岐阜県安八町南條727-1","35.317471","136.660856"
"通性寺境内","岐阜県安八町氷取70","35.332938","136.663025"
"氷取白髭神社境内","岐阜県安八町氷取８６７西","35.332356","136.661473"
"横堀集会所","岐阜県安八町北今ヶ渕1020","35.343623","136.671005"
"青刈集会所","岐阜県安八町北今ヶ渕119-1","35.341637","136.659792"
"杁ノ戸集会所","岐阜県安八町北今ヶ渕1722","35.346289","136.67453"
"川西公園","岐阜県安八町北今ヶ渕248-2","35.338587","136.66287"
"隼人神社遊園地","岐阜県安八町北今ヶ渕499-1","35.341606","136.66486"
"北今ヶ渕公民館","岐阜県安八町北今ヶ渕551","35.341733","136.665422"
"伊富神社境内","岐阜県安八町牧1114-14","35.332121","136.648669"
"円長寺","岐阜県安八町牧1386","35.329711","136.64824"
"牧こども園","岐阜県安八町牧1511","35.328586","136.645932"
"稲荷神社境内","岐阜県安八町牧1720-2","35.324429","136.643788"
"天王神社境内","岐阜県安八町牧1877-33","35.323955","136.643487"
"金森義光宅東広場","岐阜県安八町牧1877-6","35.322554","136.643166"
"下一番組ごみ集積所","岐阜県安八町牧2891-7","35.318345","136.643943"
"牧農業構造改善センター","岐阜県安八町牧2917","35.326532","136.646016"
"牧小学校","岐阜県安八町牧2927","35.326428","136.647519"
"上組集会所","岐阜県安八町牧3213-1","35.334149","136.65098"
"ＪＡ西美濃牧支店跡地","岐阜県安八町牧3530","35.326053","136.649177"
"もくせい団地東遊園地","岐阜県安八町牧86-7","35.337418","136.650225"
"下中公園","岐阜県羽島市下中町城屋敷307-1","35.287018","136.70501"
"下中コミュニティセンター","岐阜県羽島市下中町城屋敷318-1","35.287552","136.703706"
"はしまコミュニティセンター","岐阜県羽島市下中町城屋敷318-1","35.287538","136.703512"
"防災ステーション","岐阜県羽島市下中町石田701","35.275079","136.698703"
"老人福祉センター羽島温泉","岐阜県羽島市桑原町午南1038-1","35.257364","136.683915"
"環境プラント","岐阜県羽島市桑原町西小藪3-122","35.252777","136.663256"
"桑原コミュニティセンター","岐阜県羽島市桑原町大須2-70","35.265335","136.678807"
"羽島市立桑原学園（後期課程）","岐阜県羽島市桑原町八神3315-1","35.266111","136.681492"
"羽島市立桑原学園（前期課程）","岐阜県羽島市桑原町八神3315-1","35.266172","136.681224"
"江吉良東公園","岐阜県羽島市江吉良町1079-13","35.312153","136.709183"
"羽島市立中央小学校","岐阜県羽島市江吉良町1270","35.311282","136.706253"
"岐阜県立看護大学","岐阜県羽島市江吉良町3047-1","35.306295","136.685494"
"江吉良コミュニティセンター","岐阜県羽島市江吉良町558","35.315219","136.696112"
"江吉良公園","岐阜県羽島市江吉良町872","35.316129","136.70076"
"羽島中央公園","岐阜県羽島市江吉良町江西２－３５の一部","35.313856","136.692262"
"江中公園","岐阜県羽島市江吉良町江中3-80","35.311588","136.693695"
"舟橋西公園","岐阜県羽島市舟橋町1-53","35.313561","136.684657"
"舟橋北公園","岐阜県羽島市舟橋町3-91","35.312554","136.688644"
"舟橋東公園","岐阜県羽島市舟橋町5-117","35.31006","136.691838"
"舟橋公園","岐阜県羽島市舟橋町宮北2-37","35.318258","136.690235"
"宮浦公園","岐阜県羽島市舟橋町宮北7-54","35.315168","136.689631"
"南扇公園","岐阜県羽島市舟橋町出須賀2-73","35.309748","136.683607"
"出須賀公園","岐阜県羽島市舟橋町出須賀4-57","35.309975","136.681672"
"羽島市立小熊小学校","岐阜県羽島市小熊町2-361-5","35.349554","136.697874"
"東小熊公園","岐阜県羽島市小熊町2-586-1","35.349985","136.706633"
"小熊コミュニティセンター","岐阜県羽島市小熊町3-397-2","35.347218","136.699314"
"下山さくら公園","岐阜県羽島市小熊町3-769-9","35.345871","136.696363"
"外粟野公園","岐阜県羽島市小熊町外粟野2-24","35.341661","136.694953"
"川口第一公園","岐阜県羽島市小熊町川口1-41","35.33649","136.700157"
"川口公園","岐阜県羽島市小熊町川口前392","35.335408","136.700908"
"川口ポケットパーク","岐阜県羽島市小熊町川口前394-4","35.335666","136.700774"
"天王第二公園","岐阜県羽島市小熊町天王3-52","35.336953","136.694793"
"島第二公園","岐阜県羽島市小熊町島1-112","35.331643","136.706762"
"宮西公園","岐阜県羽島市小熊町島2-139","35.332327","136.704811"
"島第一公園","岐阜県羽島市小熊町島3-70","35.336225","136.707218"
"島第三公園","岐阜県羽島市小熊町島5-65","35.334388","136.709982"
"天王第一公園","岐阜県羽島市小熊町内粟野1-46","35.339824","136.692821"
"内粟野公園","岐阜県羽島市小熊町内粟野4-50","35.339422","136.696843"
"羽島市立中島中学校","岐阜県羽島市上中町沖1593","35.296862","136.700135"
"上中コミュニティセンター","岐阜県羽島市上中町沖1690","35.296729","136.7009"
"羽島市立中島小学校","岐阜県羽島市上中町沖2100","35.290462","136.698899"
"長間公園","岐阜県羽島市上中町長間418-1","35.302149","136.703651"
"長間北公園","岐阜県羽島市上中町長間88-1","35.306348","136.709166"
"長間ポケットパーク","岐阜県羽島市上中町長間943-11","35.304916","136.706831"
"足近新田公園","岐阜県羽島市新生町1-65","35.330208","136.705976"
"羽島市立正木小学校","岐阜県羽島市正木町坂丸4-3","35.33044","136.731133"
"正木コミュニティセンター","岐阜県羽島市正木町坂丸4-54-2","35.329187","136.731062"
"新井さくら公園","岐阜県羽島市正木町新井685-20","35.316343","136.721198"
"正木中畑公園","岐阜県羽島市正木町須賀2078-21","35.333095","136.722467"
"須賀本村公園","岐阜県羽島市正木町須賀本村40-4","35.336738","136.728769"
"岐阜県立羽島特別支援学校","岐阜県羽島市正木町大浦230-1","35.32606","136.726144"
"大浦東公園","岐阜県羽島市正木町大浦3603-9","35.322147","136.733232"
"運動公園","岐阜県羽島市正木町大浦602","35.323313","136.727086"
"馬場元町公園","岐阜県羽島市足近町7-326","35.340578","136.723043"
"羽島市立羽島中学校","岐阜県羽島市足近町7-455","35.339483","136.721281"
"羽島市立足近小学校","岐阜県羽島市足近町7-66-1","35.345364","136.724247"
"足近コミュニティセンター","岐阜県羽島市足近町7-66-1","35.344675","136.724121"
"市場公園","岐阜県羽島市足近町市場426-25","35.345736","136.740819"
"西的場緑地","岐阜県羽島市竹鼻町1036-1","35.325702","136.692078"
"西須賀公園","岐阜県羽島市竹鼻町1178-3","35.329352","136.692185"
"羽島市立竹鼻小学校","岐阜県羽島市竹鼻町1295-1","35.327735","136.701406"
"岐阜県立羽島高等学校","岐阜県羽島市竹鼻町200-2","35.321389","136.696996"
"大仏児童公園","岐阜県羽島市竹鼻町215-1","35.321457","136.70124"
"はしま観光交流センター","岐阜県羽島市竹鼻町2614","35.324341","136.701969"
"歴史民俗資料館・映画資料館","岐阜県羽島市竹鼻町2624-1","35.324176","136.701985"
"蒲池公園","岐阜県羽島市竹鼻町27","35.321356","136.695361"
"羽島市立竹鼻中学校","岐阜県羽島市竹鼻町3176","35.319708","136.704422"
"竹鼻コミュニティセンター","岐阜県羽島市竹鼻町730","35.323295","136.698499"
"大西第二公園","岐阜県羽島市竹鼻町１０７９－２の一部","35.322958","136.697871"
"大西公園","岐阜県羽島市竹鼻町丸の内1-20","35.323893","136.697052"
"市民の森羽島公園","岐阜県羽島市竹鼻町丸の内6-1","35.327643","136.696808"
"柔剣道道場","岐阜県羽島市竹鼻町丸の内6-160","35.328618","136.698095"
"図書館","岐阜県羽島市竹鼻町丸の内6-2","35.328954","136.696472"
"文化センター（中央公民館）","岐阜県羽島市竹鼻町丸の内6-7","35.328681","136.697208"
"消防南公園","岐阜県羽島市竹鼻町丸の内9-7","35.32641","136.694135"
"平成パーク","岐阜県羽島市竹鼻町狐穴3004-3","35.324372","136.704454"
"神楽公園","岐阜県羽島市竹鼻町神楽15","35.32959","136.703891"
"竹鼻南コミュニティセンター","岐阜県羽島市竹鼻町飯柄1324","35.309386","136.715867"
"羽島市立中央中学校","岐阜県羽島市竹鼻町飯柄505","35.311148","136.715697"
"中央中ポケットパーク","岐阜県羽島市竹鼻町飯柄５０５－３の一部","35.30972","136.714839"
"蜂尻北公園","岐阜県羽島市竹鼻町蜂尻220-22","35.308186","136.716044"
"蜂尻南公園","岐阜県羽島市竹鼻町蜂尻370-17","35.305755","136.712907"
"蜂尻西公園","岐阜県羽島市竹鼻町蜂尻426-1","35.307308","136.711152"
"間島北公園","岐阜県羽島市福寿町間島1-117","35.332901","136.69126"
"外うら西公園","岐阜県羽島市福寿町間島3-123","35.336481","136.695558"
"間島西公園","岐阜県羽島市福寿町間島4-30","35.332415","136.694821"
"外うら東公園","岐阜県羽島市福寿町間島6-53","35.334898","136.699406"
"間島東公園","岐阜県羽島市福寿町間島9-43","35.331983","136.698549"
"千代田西公園","岐阜県羽島市福寿町千代田3-87","35.32035","136.681"
"駅前公園","岐阜県羽島市福寿町浅平1-69","35.316939","136.686098"
"千代田公園","岐阜県羽島市福寿町浅平2-41","35.318836","136.68638"
"市民会館","岐阜県羽島市福寿町浅平3-25","35.321374","136.693392"
"浅平東公園","岐阜県羽島市福寿町浅平3-26","35.320744","136.693124"
"平方第一公園","岐阜県羽島市福寿町平方10-39","35.316858","136.679445"
"平方第三公園","岐阜県羽島市福寿町平方14-9","35.318588","136.6738"
"平方第二公園","岐阜県羽島市福寿町平方5-13","35.314299","136.681103"
"福寿地域交流センター","岐阜県羽島市福寿町本郷1-17","35.321892","136.687588"
"福寿コミュニティセンター","岐阜県羽島市福寿町本郷1-22","35.321696","136.687843"
"羽島市立福寿小学校","岐阜県羽島市福寿町本郷1096","35.322902","136.686407"
"浅平公園","岐阜県羽島市福寿町本郷664-6","35.321005","136.688477"
"本郷公園","岐阜県羽島市福寿町本郷２－１００の一部","35.32153","136.683735"
"蜂尻第二公園","岐阜県羽島市蜂尻713-12","35.307633","136.709702"
"健康の森　善意公園","岐阜県羽島市堀津町46","35.290131","136.676756"
"堀津コミュニティセンター","岐阜県羽島市堀津町593-1","35.302662","136.675428"
"羽島市立堀津小学校","岐阜県羽島市堀津町617-1","35.301485","136.677505"
"横手東公園","岐阜県羽島市堀津町横手1-28","35.310847","136.675415"
"横手公園","岐阜県羽島市堀津町横手3-5","35.312318","136.670765"
"須賀西公園","岐阜県羽島市堀津町須賀西30","35.308109","136.670157"
"須賀中公園","岐阜県羽島市堀津町須賀中66","35.30802","136.674003"
"須賀南公園","岐阜県羽島市堀津町須賀南1-71","35.30469","136.672119"
"資源物ストックヤード","岐阜県羽島市堀津町須賀南2-29","35.305339","136.671193"
"須賀東山公園","岐阜県羽島市堀津町須賀北1-50","35.306873","136.67925"
"前谷公園","岐阜県羽島市堀津町前谷104","35.304834","136.676215"
"上原小学校　グラウンド","岐阜県下呂市夏焼3055","35.733286","137.280786"
"上原小学校体育館","岐阜県下呂市夏焼3055","35.733839","137.280741"
"竹原中学校体育館","岐阜県下呂市宮地2714","35.762922","137.29353"
"竹原中学校　グラウンド","岐阜県下呂市宮地2714","35.763443","137.292342"
"竹原公民館","岐阜県下呂市宮地288-1","35.76675","137.290058"
"竹原小学校体育館","岐阜県下呂市宮地600","35.767562","137.285194"
"竹原小学校　グラウンド","岐阜県下呂市宮地600","35.768043","137.285734"
"下原グラウンド","岐阜県下呂市金山町下原町113","35.669288","137.168502"
"下原体育館","岐阜県下呂市金山町下原町113","35.669711","137.168861"
"東公民館","岐阜県下呂市金山町岩瀬781-4","35.7186","137.135986"
"金山テニスコート","岐阜県下呂市金山町金山2151","35.658432","137.159208"
"金山小学校　グラウンド","岐阜県下呂市金山町金山2151","35.659759","137.159144"
"金山小学校体育館","岐阜県下呂市金山町金山2151","35.660424","137.15979"
"金山市民会館","岐阜県下呂市金山町金山2294","35.658127","137.159863"
"かなやまこども園","岐阜県下呂市金山町金山2301-3","35.658667","137.159889"
"かなやまこども園グラウンド","岐阜県下呂市金山町金山2301-3","35.658593","137.159621"
"金山中学校体育館","岐阜県下呂市金山町金山2619","35.655001","137.156834"
"金山中学校　グラウンド","岐阜県下呂市金山町金山2619","35.65435","137.156287"
"道の駅かれん","岐阜県下呂市金山町金山911-1","35.668455","137.14765"
"リバーサイドスポーツセンター","岐阜県下呂市金山町金山911-1","35.669079","137.147191"
"リバーサイドスタジアム","岐阜県下呂市金山町金山911-1","35.667519","137.14776"
"健康館","岐阜県下呂市金山町金山973-2","35.667772","137.145531"
"菅田体育館","岐阜県下呂市金山町菅田桐洞117","35.64287","137.119144"
"菅田グラウンド","岐阜県下呂市金山町菅田桐洞117","35.642961","137.119911"
"いきいきセンター","岐阜県下呂市金山町菅田桐洞4101","35.640647","137.153643"
"菅田公民館","岐阜県下呂市金山町菅田桐洞699-3","35.644902","137.126394"
"東第一体育館","岐阜県下呂市金山町祖師野224-1","35.715261","137.135494"
"東第一グラウンド","岐阜県下呂市金山町祖師野224-1","35.714878","137.136036"
"市営駅前駐車場","岐阜県下呂市金山町大船渡339-2","35.66264","137.164083"
"下原公民館","岐阜県下呂市金山町大船渡600-8","35.663344","137.161512"
"白草公園","岐阜県下呂市御厩野22-1","35.760278","137.31436"
"加子母Ｂ＆Ｇ海洋センター","岐阜県下呂市御厩野3015-102","35.751296","137.329528"
"湯本湯けむり広場","岐阜県下呂市幸田1154-1","35.80784","137.239559"
"幸の瀬湯けむり広場","岐阜県下呂市幸田1162","35.807153","137.239382"
"小坂小学校　グラウンド","岐阜県下呂市小坂町小坂町1020","35.953832","137.260043"
"小坂小学校体育館","岐阜県下呂市小坂町小坂町1020","35.954478","137.259835"
"道の駅南飛騨小坂はなもも","岐阜県下呂市小坂町赤沼田811-1","35.931568","137.294414"
"きこりセンター　駐車場","岐阜県下呂市小坂町大島987-14","35.948818","137.258149"
"きこりセンター","岐阜県下呂市小坂町大島987-14","35.948527","137.258085"
"小坂ふれあいグラウンド","岐阜県下呂市小坂町長瀬1064","35.935604","137.280531"
"小坂中学校　グラウンド","岐阜県下呂市小坂町長瀬466","35.942032","137.271505"
"小坂中学校体育館","岐阜県下呂市小坂町長瀬466","35.941795","137.272276"
"湯屋地区公民館","岐阜県下呂市小坂町湯屋199-3","35.916057","137.310517"
"湯屋グラウンド","岐阜県下呂市小坂町湯屋46","35.922865","137.309353"
"湯屋体育館","岐阜県下呂市小坂町湯屋46","35.923442","137.30909"
"わかばこども園","岐阜県下呂市小川1048-1","35.797709","137.256414"
"わかばこども園　グラウンド","岐阜県下呂市小川1048-1","35.79737","137.256548"
"下呂特別支援学校体育館","岐阜県下呂市小川432-1","35.801542","137.256552"
"下呂特別支援学校グラウンド","岐阜県下呂市小川432-1","35.801163","137.255358"
"つつじが丘公園野球場","岐阜県下呂市少ケ野1827-111","35.788524","137.25107"
"中原公民館","岐阜県下呂市焼石2926","35.726367","137.198943"
"なかはら子育て・保育ステーション","岐阜県下呂市焼石3530-1","35.729999","137.197902"
"なかはら子育て・保育ステーショングラウンド","岐阜県下呂市焼石3530-1","35.729868","137.198004"
"旧中原小学校体育館","岐阜県下呂市焼石3552-1","35.730177","137.198746"
"旧中原小学校　グラウンド","岐阜県下呂市焼石3552-1","35.730683","137.19905"
"たけはらこども園","岐阜県下呂市乗政1005-1","35.783146","137.285391"
"たけはらこども園　グラウンド","岐阜県下呂市乗政1005-1","35.783025","137.285359"
"阿多野　湯けむり広場","岐阜県下呂市森1075-1","35.807827","137.242954"
"下呂市営パーキング","岐阜県下呂市森1126-1","35.8083","137.244059"
"ふれあい広場","岐阜県下呂市森1132-3","35.807953","137.244183"
"下呂交流会館　駐車場","岐阜県下呂市森2270-3","35.806325","137.251814"
"下呂交流会館","岐阜県下呂市森2270-3","35.806904","137.252126"
"下呂小学校体育館","岐阜県下呂市森285","35.800701","137.247257"
"下呂小学校　グラウンド","岐阜県下呂市森285","35.800731","137.247954"
"下呂中学校体育館","岐阜県下呂市森455-1","35.799813","137.251436"
"下呂中学校　グラウンド","岐阜県下呂市森455-1","35.799338","137.252419"
"下呂市民会館","岐阜県下呂市森801-10","35.803053","137.245123"
"きこちゃんスタジアム","岐阜県下呂市足小坂町長瀬1064","35.936352","137.27996"
"湯之島グラウンド","岐阜県下呂市湯之島97-1","35.814221","137.235494"
"馬瀬神原ふれあい広場","岐阜県下呂市馬瀬数河1262-2","35.905257","137.147495"
"道の駅馬瀬美輝の里","岐阜県下呂市馬瀬西村1695","35.820035","137.187593"
"馬瀬憩いの広場","岐阜県下呂市馬瀬惣島1700","35.839646","137.186575"
"惣島いこいの家","岐阜県下呂市馬瀬惣島1710","35.840377","137.186129"
"栃尾ふれあい広場","岐阜県下呂市馬瀬惣島789","35.834088","137.187884"
"清流ふれあい会館","岐阜県下呂市馬瀬中切1281-2","35.893621","137.158961"
"馬瀬グラウンド","岐阜県下呂市馬瀬中切1852","35.895075","137.16142"
"馬瀬小学校　グラウンド","岐阜県下呂市馬瀬中切976","35.897251","137.152613"
"馬瀬小学校体育館","岐阜県下呂市馬瀬中切976","35.896623","137.153379"
"わかあゆ子育て・保育ステーション","岐阜県下呂市馬瀬名丸1041","35.869967","137.175164"
"わかあゆ子育て・保育ステーショングラウンド","岐阜県下呂市馬瀬名丸1041","35.869518","137.175254"
"馬瀬中央公民館","岐阜県下呂市馬瀬名丸406","35.871105","137.174541"
"あさぎり体育館","岐阜県下呂市萩原町羽根1696-1","35.887336","137.207459"
"あさぎり公園","岐阜県下呂市萩原町羽根1696-1","35.887062","137.206778"
"下呂総合庁舎　グラウンド・駐車場","岐阜県下呂市萩原町羽根2605-1","35.883257","137.207292"
"下呂総合庁舎","岐阜県下呂市萩原町羽根2605-1","35.884187","137.207475"
"宮田小学校　グラウンド","岐阜県下呂市萩原町宮田1340-1","35.92714","137.234659"
"宮田小学校体育館","岐阜県下呂市萩原町宮田1340-1","35.926846","137.235931"
"山之口公民館","岐阜県下呂市萩原町山之口1375","35.979751","137.195033"
"北部憩いの広場","岐阜県下呂市萩原町山之口748-1","35.970053","137.196369"
"南部体育館","岐阜県下呂市萩原町西上田653-1","35.837114","137.228446"
"みやだ子育て・保育ステーション","岐阜県下呂市萩原町大ケ洞74-3","35.926128","137.232365"
"みやだ子育て・保育ステーショングラウンド","岐阜県下呂市萩原町大ケ洞74-3","35.925972","137.232419"
"萩原小学校体育館","岐阜県下呂市萩原町萩原1101","35.878204","137.211342"
"萩原小学校　グラウンド","岐阜県下呂市萩原町萩原1101","35.878012","137.210885"
"星雲会館","岐阜県下呂市萩原町萩原1166-8","35.87923","137.210132"
"星雲会館駐車場","岐阜県下呂市萩原町萩原1166-8","35.879438","137.209703"
"益田清風高校体育館","岐阜県下呂市萩原町萩原326-1","35.875639","137.212808"
"益田清風高校　グラウンド","岐阜県下呂市萩原町萩原326-1","35.876925","137.211815"
"萩原南中学校体育館","岐阜県下呂市萩原町萩原579","35.873772","137.211909"
"萩原南中学校　グラウンド","岐阜県下呂市萩原町萩原579","35.873681","137.213213"
"みなみこども園","岐阜県下呂市萩原町萩原600-1","35.872986","137.214357"
"みなみこども園　グラウンド","岐阜県下呂市萩原町萩原600-1","35.872766","137.214164"
"萩原北中学校　グラウンド","岐阜県下呂市萩原町尾崎61","35.912037","137.201227"
"萩原北中学校体育館","岐阜県下呂市萩原町尾崎61","35.912157","137.200549"
"尾崎小学校　グラウンド","岐阜県下呂市萩原町尾崎973","35.925874","137.199021"
"尾崎小学校体育館","岐阜県下呂市萩原町尾崎973","35.925919","137.199653"
"きたこども園　グラウンド","岐阜県下呂市萩原町野上768","35.909539","137.200152"
"きたこども園","岐阜県下呂市萩原町野上768","35.909628","137.199964"
"上原公民館","岐阜県下呂市門和佐3687-2","35.707738","137.287778"
"かみはら子育て・保育ステーション","岐阜県下呂市門和佐3688","35.707734","137.288073"
"かみはら子育て・保育ステーショングラウンド","岐阜県下呂市門和佐3688","35.707503","137.287998"
"上原テニスコート","岐阜県下呂市門和佐3943-1","35.717721","137.288765"
"上原グラウンド","岐阜県下呂市門和佐3943-1","35.717956","137.289178"
"和佐グラウンド","岐阜県下呂市和佐2394","35.718602","137.204635"
"春里小学校","岐阜県可児市塩642-1","35.407406","137.024925"
"下恵土地区センタ","岐阜県可児市下恵土1673","35.421746","137.047897"
"今渡南小学校","岐阜県可児市下恵土3433-7","35.431501","137.047193"
"姫治地区センター","岐阜県可児市下切1530","35.395733","137.058707"
"久々利地区センター","岐阜県可児市久々利1644-1","35.403537","137.110948"
"東明小学校","岐阜県可児市久々利1945","35.408632","137.094247"
"兼山小学校","岐阜県可児市兼山1444-1","35.453109","137.095767"
"兼山地区センター","岐阜県可児市兼山701-1","35.457625","137.092505"
"総合会館","岐阜県可児市広見1-5","35.425301","137.060601"
"中部中学校","岐阜県可児市広見1086","35.420566","137.071307"
"広見地区センター","岐阜県可児市広見7-77","35.422635","137.067982"
"広見小学校","岐阜県可児市広見71-1","35.424268","137.067055"
"蘇南中学校","岐阜県可児市今渡112","35.430067","137.033101"
"今渡地区センター","岐阜県可児市今渡1521-4","35.435433","137.036262"
"今渡北小学校","岐阜県可児市今渡1680","35.433216","137.045488"
"可児市福祉センター","岐阜県可児市今渡682-1","35.428159","137.040223"
"老人福祉センター可児川苑","岐阜県可児市坂戸765","35.41754","137.030909"
"Ｂ＆Ｇ海洋センター","岐阜県可児市坂戸987-4","35.41161","137.039249"
"桜ケ丘小学校","岐阜県可児市桜ケ丘5-55-2","35.382072","137.11388"
"東可児中学校","岐阜県可児市皐ケ丘4-71","35.384909","137.110016"
"桜ケ丘地区センター","岐阜県可児市皐ケ丘6-1-1","35.386054","137.104792"
"西可児中学校","岐阜県可児市若葉台7-1","35.40696","137.01949"
"広見東地区センター","岐阜県可児市瀬田1736","35.429161","137.087554"
"川合地区センター","岐阜県可児市川合北2-14","35.44153","137.053797"
"旭小学校","岐阜県可児市大森2078-3","35.397905","137.068305"
"老人福祉センター福寿苑","岐阜県可児市大森347-2","35.408049","137.075628"
"中恵土地区センター","岐阜県可児市中恵土1896-1","35.429183","137.070523"
"土田地区センター","岐阜県可児市土田2352-2","35.425307","137.012669"
"土田小学校","岐阜県可児市土田4226-1","35.426562","137.012393"
"帷子地区センター","岐阜県可児市東帷子1011","35.40349","137.006764"
"帷子小学校","岐阜県可児市東帷子1047","35.400995","137.005992"
"南帷子小学校","岐阜県可児市東帷子2231","35.389545","137.012172"
"広陵中学校","岐阜県可児市東帷子593","35.40811","137.010959"
"平牧地区センター","岐阜県可児市二野2547-4","35.409835","137.082209"
"春里地区センター","岐阜県可児市矢戸407","35.403484","137.022671"
"旧西江小学校","岐阜県海津市海津町安田72","35.183947","136.63496"
"木曽三川輪中ミュージアム","岐阜県海津市海津町萱野205-1","35.216349","136.640617"
"旧東江小学校","岐阜県海津市海津町駒ケ江159","35.213601","136.671339"
"旧大江小学校","岐阜県海津市海津町古中島204","35.174161","136.666705"
"海津庁舎（大会議室）","岐阜県海津市海津町高須515","35.220518","136.63655"
"日新中学校","岐阜県海津市海津町高須531-1","35.220196","136.637974"
"文化センター","岐阜県海津市海津町高須585-1","35.217856","136.639034"
"海津明誠高等学校","岐阜県海津市海津町高須町11-1","35.222882","136.631508"
"海津小学校","岐阜県海津市海津町高須町337","35.220904","136.630318"
"旧吉里小学校","岐阜県海津市海津町松木776-1","35.241512","136.659117"
"長良川サービスセンター","岐阜県海津市海津町福江1202-2","35.163714","136.669897"
"アクアワールド水郷パークセンター","岐阜県海津市海津町福江566","35.177336","136.65749"
"木曽三川公園センター（公園内広場）","岐阜県海津市海津町油島255-3","35.147633","136.667879"
"城南中学校","岐阜県海津市南濃町羽沢1050","35.219045","136.602023"
"道の駅（月見の里南濃）","岐阜県海津市南濃町羽沢673-1","35.214958","136.60074"
"石津小学校","岐阜県海津市南濃町吉田319","35.171835","136.629683"
"働く女性の家","岐阜県海津市南濃町吉田492","35.174308","136.625517"
"（株）シンセイ南濃事業所","岐阜県海津市南濃町吉田895-5","35.163047","136.631367"
"城山小学校","岐阜県海津市南濃町駒野1317-8","35.228864","136.593499"
"下多度小学校","岐阜県海津市南濃町津屋1869","35.256899","136.563834"
"旧養南グラウンド","岐阜県海津市南濃町津屋1935-1","35.257328","136.562018"
"南濃コミュニティセンター","岐阜県海津市南濃町津屋2837-263","35.24824","136.565074"
"みかげの森「プラザしもたど」","岐阜県海津市南濃町津屋2837-90","35.248327","136.565423"
"南濃南部グラウンド","岐阜県海津市南濃町田鶴706","35.156704","136.640495"
"今尾小学校","岐阜県海津市平田町今尾4434","35.253059","136.627564"
"平田体育館","岐阜県海津市平田町今尾503","35.256073","136.634949"
"ふるさと会館","岐阜県海津市平田町今尾614-1","35.256027","136.636077"
"平田中学校","岐阜県海津市平田町蛇池1318","35.255512","136.643299"
"海西小学校","岐阜県海津市平田町野寺1023","35.273939","136.66275"
"平田海西公民館","岐阜県海津市平田町野寺1359-1","35.274438","136.666982"
"八木山小学校","岐阜県各務原市つつじが丘1-1","35.410518","136.928277"
"鵜沼第二小学校","岐阜県各務原市鵜沼各務原町2-260","35.399006","136.90262"
"鵜沼第一小学校","岐阜県各務原市鵜沼西町4-179","35.39886","136.933915"
"陵南小学校","岐阜県各務原市鵜沼大伊木町4-425","35.383831","136.904732"
"各務小学校","岐阜県各務原市各務おがせ町4-7","35.417968","136.90082"
"中央小学校","岐阜県各務原市各務西町4-302","35.40869","136.882782"
"稲羽西福祉センター","岐阜県各務原市小佐野町3-205","35.388187","136.832286"
"稲羽中学校","岐阜県各務原市上戸町5-40","35.381202","136.851142"
"鵜沼第三小学校","岐阜県各務原市新鵜沼台4-1","35.404073","136.948785"
"川島小学校（洪水時は校舎３階以上に避難）","岐阜県各務原市川島河田町1041-3","35.363878","136.829716"
"稲羽東小学校（洪水時は校舎２階以上に避難）","岐阜県各務原市前渡西町1393","35.38499","136.878378"
"蘇原第二小学校","岐阜県各務原市蘇原沢上町1-19","35.403886","136.859816"
"蘇原第一小学校","岐阜県各務原市蘇原野口町1-1","35.415976","136.8654"
"稲羽西小学校","岐阜県各務原市大佐野町1-233","35.382633","136.837924"
"那加第二小学校","岐阜県各務原市那加雲雀町1","35.402363","136.842251"
"那加福祉センター","岐阜県各務原市那加雲雀町15","35.402088","136.843587"
"那加第一小学校","岐阜県各務原市那加手力町22-5","35.40915","136.826637"
"桜体育館","岐阜県各務原市那加手力町41","35.409541","136.825312"
"那加第三小学校","岐阜県各務原市那加東亜町1-1","35.403524","136.834918"
"那加中学校","岐阜県各務原市那加東亜町48","35.402692","136.840187"
"尾崎小学校","岐阜県各務原市尾崎南町3-2","35.424061","136.830037"
"緑陽中学校","岐阜県各務原市緑苑北1-4","35.417603","136.947385"
"円城寺集会場","岐阜県笠松町円城寺1471","35.373617","136.783317"
"笠松小学校体育館","岐阜県笠松町下新町87","35.369897","136.760136"
"笠松小学校運動場","岐阜県笠松町下新町87","35.369687","136.759444"
"笠松小学校","岐阜県笠松町下新町87","35.370035","136.759701"
"笠松町歴史未来館","岐阜県笠松町下本町87","35.366064","136.761856"
"スポーツ交流館","岐阜県笠松町江川116","35.377842","136.802943"
"スポーツ交流館駐車場","岐阜県笠松町江川116","35.377632","136.802943"
"こども館運動場","岐阜県笠松町桜町93","35.370014","136.753325"
"こども館","岐阜県笠松町桜町93","35.37014","136.753404"
"奈良津駐車場","岐阜県笠松町若葉町8-1","35.369483","136.764589"
"第一保育所","岐阜県笠松町上新町172","35.37212","136.762685"
"第一保育所運動場","岐阜県笠松町上新町172","35.371842","136.76264"
"岐阜工業高等学校体育館","岐阜県笠松町常盤町1700","35.374397","136.761308"
"岐阜工業高等学校運動場","岐阜県笠松町常盤町22","35.375531","136.761352"
"中央交流センター駐車場","岐阜県笠松町常盤町6","35.373376","136.761109"
"中央交流センター","岐阜県笠松町常盤町6","35.373709","136.760723"
"町民体育館","岐阜県笠松町常盤町6","35.373989","136.76097"
"清住町広場","岐阜県笠松町清住町37","35.369519","136.756603"
"笠松保育園","岐阜県笠松町西宮町44-2","35.36805","136.75912"
"笠松保育園運動場","岐阜県笠松町西宮町44-2","35.367875","136.759318"
"コミュニティ消防センター","岐阜県笠松町中新町29","35.371243","136.761373"
"笠松刑務所鍛錬場","岐阜県笠松町中川町23","35.373361","136.757032"
"下羽栗小学校体育館","岐阜県笠松町中野227","35.374639","136.794683"
"下羽栗小学校","岐阜県笠松町中野227","35.374779","136.795391"
"下羽栗小学校運動場","岐阜県笠松町中野227","35.374473","136.795375"
"総合交流センター","岐阜県笠松町中野229","35.373965","136.79539"
"総合交流センター駐車場","岐阜県笠松町中野229","35.373536","136.795348"
"下羽栗会館駐車場","岐阜県笠松町中野317","35.372651","136.79367"
"下羽栗会館","岐阜県笠松町中野317","35.372795","136.793675"
"松枝交流センター駐車場","岐阜県笠松町長池292","35.354469","136.750511"
"松枝交流センター","岐阜県笠松町長池292","35.354206","136.750511"
"笠松幼稚園","岐阜県笠松町長池377","35.358695","136.750179"
"笠松幼稚園運動場","岐阜県笠松町長池377","35.358564","136.75071"
"福祉健康センター駐車場","岐阜県笠松町長池408-1","35.358331","136.746277"
"福祉健康センター","岐阜県笠松町長池408-1","35.358515","136.746396"
"町民運動場","岐阜県笠松町長池573-1","35.356607","136.747357"
"南部コミュニティ消防センター","岐阜県笠松町長池634","35.355675","136.750034"
"松枝小学校体育館","岐阜県笠松町長池642","35.355203","136.747926"
"松枝小学校運動場","岐阜県笠松町長池642","35.355159","136.749117"
"松枝小学校","岐阜県笠松町長池642","35.355627","136.749165"
"リバーサイド笠松園","岐阜県笠松町田代621-1","35.35984","136.752498"
"福祉会館","岐阜県笠松町東陽町44-1","35.375872","136.763216"
"福祉会館駐車場","岐阜県笠松町東陽町44-1","35.375773","136.762733"
"二見児童公園","岐阜県笠松町二見町65","35.371582","136.762827"
"厚生会館","岐阜県笠松町瓢町15","35.370195","136.754899"
"忠霊塔広場","岐阜県笠松町瓢町17","35.369901","136.755072"
"米野会館","岐阜県笠松町米野480","35.380312","136.811969"
"日枝神社境内","岐阜県笠松町米野480","35.37994","136.811996"
"児神社","岐阜県笠松町北及1100","35.347472","136.744734"
"児神社境内","岐阜県笠松町北及1100","35.347175","136.744675"
"運動公園内運動場","岐阜県笠松町北及1655-1","35.354791","136.742519"
"松枝保育所運動場","岐阜県笠松町北及1783","35.35463","136.746559"
"松枝保育所","岐阜県笠松町北及1783","35.354875","136.745808"
"松枝みなみ会館駐車場","岐阜県笠松町北及33-2","35.351823","136.742837"
"松枝みなみ会館","岐阜県笠松町北及33-2","35.351994","136.742863"
"笠松双葉幼稚園運動場","岐阜県笠松町北及66","35.350592","136.742741"
"笠松双葉幼稚園","岐阜県笠松町北及66","35.350767","136.742693"
"下羽栗保育所","岐阜県笠松町無動寺228","35.373929","136.797028"
"下羽栗保育所運動場","岐阜県笠松町無動寺228","35.373579","136.797291"
"門間倉庫","岐阜県笠松町門間1883","35.349684","136.735145"
"北門間会館","岐阜県笠松町門間522-1","35.357907","136.735152"
"笠松中学校運動場","岐阜県笠松町弥生町1","35.371668","136.758838"
"笠松中学校","岐阜県笠松町弥生町1","35.372248","136.759442"
"笠松中学校体育館","岐阜県笠松町弥生町4","35.372337","136.75835"
"緑会館","岐阜県笠松町緑町71","35.376978","136.759573"
"小関集落センター","岐阜県関ケ原町大字関ケ原1309-1","35.369317","136.458918"
"関ケ原中学校（体育館）","岐阜県関ケ原町大字関ケ原2490-101","35.35893","136.463992"
"国保保健福祉総合施設やすらぎ","岐阜県関ケ原町大字関ケ原2490-29","35.359417","136.466"
"関ケ原町民体育館","岐阜県関ケ原町大字関ケ原2682-2","35.358624","136.470838"
"関ケ原小学校（体育館）","岐阜県関ケ原町大字関ケ原3132-3","35.36006","136.469799"
"旧関ケ原小学校附属幼稚園","岐阜県関ケ原町大字関ケ原3132-8","35.360794","136.469077"
"東保育園","岐阜県関ケ原町大字関ケ原3608-1","35.362735","136.477803"
"東町転作促進研修センター","岐阜県関ケ原町大字関ケ原3758","35.363197","136.479959"
"瑞竜転作促進研修施設","岐阜県関ケ原町大字関ケ原691-1","35.369856","136.471109"
"関ケ原ふれあいセンター","岐阜県関ケ原町大字関ケ原894-29","35.366532","136.466984"
"エコミュージアム関ケ原","岐阜県関ケ原町大字玉1565-3","35.368815","136.43684"
"北部集落センター","岐阜県関ケ原町大字玉249-1","35.375543","136.442216"
"旧北保育園","岐阜県関ケ原町大字玉37-1","35.370331","136.448711"
"貝戸集落構造改善センター","岐阜県関ケ原町大字今須1045-1","35.325792","136.419826"
"門間転作促進研修施設","岐阜県関ケ原町大字今須123-2","35.347008","136.426977"
"今須保育園","岐阜県関ケ原町大字今須160","35.345116","136.424925"
"グリーンウッド関ケ原","岐阜県関ケ原町大字今須2048","35.340755","136.449742"
"竹之尻転作促進研修施設","岐阜県関ケ原町大字今須581-2","35.338068","136.420824"
"旧今須小中学校（体育館）","岐阜県関ケ原町大字今須75-1","35.347322","136.434686"
"旧小林分校","岐阜県関ケ原町大字今須765","35.331262","136.418304"
"山中多目的集会施設","岐阜県関ケ原町大字山中981-2","35.358559","136.448896"
"西保育園","岐阜県関ケ原町大字松尾258-1","35.359487","136.46307"
"大高転作促進研修施設","岐阜県関ケ原町大字大高1056-1","35.369218","136.483477"
"藤下転作促進研修施設","岐阜県関ケ原町大字藤下317-1","35.358974","136.45615"
"野上転作促進技術研修施設","岐阜県関ケ原町大字野上1168-2","35.369803","136.499366"
"安桜小学校","岐阜県関市いろは町1","35.481271","136.917699"
"旭ケ丘小学校","岐阜県関市旭ケ丘2-1-1","35.483484","136.927048"
"旭ケ丘中学校","岐阜県関市旭ケ丘2-3-1","35.483624","136.930007"
"安桜山公園","岐阜県関市安桜山128","35.48683","136.918159"
"津保川ウォーターフロントパーク","岐阜県関市一ツ山町４７－３地先","35.477866","136.916569"
"一本木公園","岐阜県関市一本木町62","35.481241","136.913516"
"稲口公民センター","岐阜県関市稲口285-1","35.471272","136.915695"
"円保公園","岐阜県関市円保通3-65","35.487793","136.930044"
"戸丁集会場","岐阜県関市下之保1616-1","35.556255","137.001373"
"百々目木集会場","岐阜県関市下之保1909-3","35.571743","137.00198"
"大門集会場","岐阜県関市下之保2322","35.559828","136.998957"
"道の駅平成","岐阜県関市下之保2503-2","35.552186","136.997249"
"町集会場","岐阜県関市下之保2633-2","35.551659","136.996186"
"轡野集会場","岐阜県関市下之保303-1","35.544491","137.014132"
"下白金公民センター","岐阜県関市下白金280","35.47408","136.853742"
"上切公民センター","岐阜県関市下有知1231","35.515566","136.905481"
"下有知小学校","岐阜県関市下有知1525-1","35.51141","136.905456"
"今宮公民センター","岐阜県関市下有知2794","35.52234","136.907759"
"下有知中学校","岐阜県関市下有知3121-1","35.51613","136.909505"
"下有知ふれあい公園","岐阜県関市下有知3245-15","35.511013","136.90669"
"下有知ふれあいセンター","岐阜県関市下有知3245-32","35.510725","136.906698"
"下有知いしがみ公民センター","岐阜県関市下有知3539-4","35.50512","136.908829"
"下有知南部公民センター","岐阜県関市下有知3663-1","35.501587","136.906458"
"松ケ洞公民センター","岐阜県関市下有知6191-1","35.514861","136.912129"
"県立関有知高等学校","岐阜県関市下有知6191-3","35.514104","136.913089"
"笠屋公園","岐阜県関市笠屋2-49","35.476095","136.940013"
"関口公園","岐阜県関市関口町1-52","35.480271","136.929417"
"関商工高等学校","岐阜県関市桐ケ丘1-1","35.460527","136.898036"
"桐谷住宅公民センター","岐阜県関市桐谷台2-6-1","35.4574","136.892082"
"巾公民センター","岐阜県関市巾2-209-3","35.483998","136.887101"
"金屋町ふれあい広場","岐阜県関市金屋町43-1","35.484078","136.915937"
"向山第１公園","岐阜県関市向山町1-7-5","35.453663","136.901949"
"向山公民センター","岐阜県関市向山町2-7-11","35.456377","136.902633"
"向山第２公園","岐阜県関市向山町2-9","35.455151","136.903187"
"向山第３公園","岐阜県関市向山町3-7","35.452049","136.903709"
"向山第４公園","岐阜県関市向山町4-1","35.453548","136.905462"
"農村婦人の家","岐阜県関市広見482-1","35.514253","136.865064"
"広見公民センター","岐阜県関市広見811-1","35.509506","136.865734"
"黒屋リフレッシュ倶楽部","岐阜県関市黒屋3505","35.501544","136.928584"
"県立関高等学校","岐阜県関市桜ケ丘2-1-1","35.475255","136.929071"
"桜台西公園","岐阜県関市桜台1-1-12","35.467216","136.924453"
"桜台南公園","岐阜県関市桜台2-12-2","35.465517","136.927274"
"桜ケ丘中学校","岐阜県関市桜台3-13-1","35.465043","136.928382"
"桜台中央公園","岐阜県関市桜台3-3-1","35.466439","136.928869"
"桜台東公民センター","岐阜県関市桜台4-3-14","35.466439","136.931236"
"桜台東公園","岐阜県関市桜台4-3-15","35.465938","136.931426"
"共栄公園","岐阜県関市桜本町1-25","35.489016","136.911393"
"文化会館","岐阜県関市桜本町2-30-1","35.490964","136.910932"
"春日公園","岐阜県関市桜木町18-1","35.481165","136.916336"
"山ノ手ひろば","岐阜県関市山ノ手3-1","35.486465","136.917899"
"十三塚北公園","岐阜県関市山王通西80","35.488441","136.896167"
"津保川台公民センター","岐阜県関市山田211-237","35.473915","136.864396"
"山田公民センター","岐阜県関市山田405-1","35.471041","136.858595"
"富岡保育園","岐阜県関市市平賀501-1","35.48494","136.944534"
"富岡小学校","岐阜県関市市平賀506","35.485845","136.944045"
"富岡ふれあいセンター","岐阜県関市市平賀506-1","35.484873","136.945247"
"長峰公園","岐阜県関市市平賀長峰726-21","35.490576","136.947116"
"古野集会場","岐阜県関市志津野2700","35.517209","136.970041"
"富野中学校","岐阜県関市志津野2972","35.524524","136.964772"
"わかくさ・プラザ","岐阜県関市若草通2-1","35.495815","136.915721"
"総合体育館","岐阜県関市若草通2-1","35.495632","136.915233"
"学習情報館","岐阜県関市若草通2-1","35.495413","136.916099"
"関市役所","岐阜県関市若草通3-1","35.495809","136.918099"
"川端公園","岐阜県関市寿町1-19","35.478199","136.923013"
"旧警察署武道場","岐阜県関市住吉町22","35.483154","136.920099"
"新田ふれあい公園","岐阜県関市十三塚町1-1","35.486118","136.894457"
"十六所公園・グラウンド","岐阜県関市十六所39-18","35.479062","136.910543"
"雲雀公園","岐阜県関市春里町3-82","35.475957","136.926388"
"西部ふれあいセンター","岐阜県関市小屋名110","35.480644","136.863389"
"小金田中学校","岐阜県関市小屋名127","35.480134","136.863806"
"赤土坂公民センター","岐阜県関市小屋名1307-1","35.485607","136.877669"
"岐阜県百年公園北駐車場","岐阜県関市小屋名1966","35.480218","136.869809"
"岐阜県百年公園南駐車場","岐阜県関市小屋名1966","35.471816","136.871404"
"西部保育園","岐阜県関市小屋名621-2","35.49297","136.867172"
"小屋名公民センター","岐阜県関市小屋名975-1","35.487381","136.865012"
"鮎之瀬ふれあいセンター","岐阜県関市小瀬153","35.498942","136.894198"
"瀬尻小学校","岐阜県関市小瀬2120-4","35.498745","136.892788"
"鮎の瀬公園（鮎の瀬グラウンド）","岐阜県関市小瀬600","35.49774","136.88076"
"小瀬長池公園","岐阜県関市小瀬長池59","35.493645","136.894585"
"小瀬南第２公園","岐阜県関市小瀬南2-1558-9","35.493309","136.888152"
"小瀬南公民センター","岐阜県関市小瀬南2-5-1","35.493625","136.888942"
"小野構造改善センター","岐阜県関市小野1089","35.531701","136.948534"
"上之保小学校","岐阜県関市上之保1071","35.608092","137.033287"
"上之保体育館","岐阜県関市上之保13505","35.616341","137.043167"
"上之保ふるさと会館","岐阜県関市上之保14847-1","35.611088","137.038411"
"上之保生涯学習センター","岐阜県関市上之保15110-1","35.612788","137.040519"
"行合集会場","岐阜県関市上之保18552-2","35.640623","137.065186"
"宮脇集会場","岐阜県関市上之保2045-3","35.612748","137.02466"
"鳥屋市集会場","岐阜県関市上之保23308-1","35.661236","137.078858"
"上之保ふれあいの館　・上之保たくみの館","岐阜県関市上之保24660-2","35.67317","137.067156"
"上之保温泉ほほえみの湯","岐阜県関市上之保477","35.608056","137.02239"
"金竜小学校","岐阜県関市上白金482-1","35.482414","136.859645"
"上白金公園","岐阜県関市上白金639-1","35.480095","136.859215"
"安桜公園","岐阜県関市常盤町60","35.483993","136.917123"
"新迫間西公園","岐阜県関市新迫間60","35.445176","136.941121"
"新迫間中央公園","岐阜県関市新迫間76","35.444931","136.945348"
"南ケ丘公園","岐阜県関市神明町2-108","35.473565","136.922809"
"しんめい公園","岐阜県関市神明町4-3","35.476693","136.920738"
"稲口グラウンド","岐阜県関市神明町4-83","35.475586","136.919037"
"坊地構造改善センター","岐阜県関市神野3013-2","35.526797","136.988332"
"水ノ輪公園","岐阜県関市水ノ輪町51","35.50132","136.908977"
"小瀬星ヶ丘公民センター","岐阜県関市星ケ丘16-3","35.49031","136.879081"
"星ケ丘公園","岐阜県関市星ケ丘16-4","35.489885","136.879333"
"川北公園","岐阜県関市清水町45","35.478251","136.916658"
"富野ふれあいセンター","岐阜県関市西神野144-1","35.519102","136.973821"
"富野小学校","岐阜県関市西神野270-1","35.518396","136.970223"
"富野保育園","岐阜県関市西神野298-1","35.519128","136.969312"
"田原保育園","岐阜県関市西田原1421-1","35.456577","136.945119"
"田原ふれあいセンター","岐阜県関市西田原1426-1","35.457223","136.944571"
"田原小学校","岐阜県関市西田原1465","35.456158","136.944423"
"安桜山北公園","岐阜県関市西本郷通3-23","35.493716","136.915717"
"西本郷公園","岐阜県関市西本郷通5-145","35.490377","136.920693"
"西本郷公民センター","岐阜県関市西本郷通5-2-18","35.490999","136.920431"
"清水公園","岐阜県関市西本郷通7-65","35.489094","136.924546"
"安桜ふれあいセンター","岐阜県関市千年町2-18-1","35.483839","136.917398"
"西部ふれあいセンター別館","岐阜県関市千疋196","35.493644","136.852464"
"千疋体育館","岐阜県関市千疋5-7-1","35.487355","136.847272"
"千疋北公園","岐阜県関市千疋字入ヶ洞1171-4","35.494735","136.856274"
"前山第２公園","岐阜県関市前山町41","35.472896","136.912268"
"前山第３公園","岐阜県関市前山町43","35.471947","136.912766"
"前山第４公園","岐阜県関市前山町59","35.470987","136.911874"
"前山第５公園","岐阜県関市前山町61","35.471578","136.910809"
"庄中河川公園","岐阜県関市倉知","35.477476","136.896113"
"南ケ丘保育園","岐阜県関市倉知2916-21","35.457155","136.896095"
"南ケ丘小学校","岐阜県関市倉知4372","35.457943","136.891274"
"倉知ふれあいセンター","岐阜県関市倉知927-1","35.48172","136.897922"
"保戸島公民センター","岐阜県関市側島561-5","35.474897","136.841644"
"貸上公園","岐阜県関市貸上町29-1","35.495425","136.909983"
"大平台東公園","岐阜県関市大平台12-11","35.496945","136.860635"
"大平台北公園","岐阜県関市大平台15-50","35.497471","136.858145"
"大平台南公園","岐阜県関市大平台23-1","35.496236","136.861736"
"大平台公民センター","岐阜県関市大平台3-5","35.496529","136.85809"
"倉知小学校","岐阜県関市段下66-1","35.484207","136.89625"
"池尻東集会場","岐阜県関市池尻268-1","35.506565","136.887591"
"池尻公民センター","岐阜県関市池尻356","35.506159","136.884609"
"池田公園","岐阜県関市池田町47","35.497093","136.89786"
"久須集会場","岐阜県関市中之保1151-1","35.569895","137.05658"
"多々羅集会場","岐阜県関市中之保3357-2","35.575418","137.028645"
"間吹集会場","岐阜県関市中之保4602-1","35.572022","137.0262"
"武儀やまゆり保育園","岐阜県関市中之保4680","35.572001","137.024412"
"若栗集会場","岐阜県関市中之保5446-1","35.570162","137.010217"
"津保川中学校","岐阜県関市中之保5700-5","35.567897","137.01046"
"柳瀬集会場","岐阜県関市中之保6136-6","35.563251","137.004569"
"日根集会場","岐阜県関市中之保782-1","35.579918","137.050712"
"緑ケ丘公園","岐阜県関市中福野町63","35.488046","136.904102"
"旭ケ丘ふれあいセンター","岐阜県関市仲町8-15","35.486098","136.927664"
"桜ケ丘ふれあいセンター","岐阜県関市鋳物師屋5-2-30","35.474246","136.936368"
"鋳物師屋東公園","岐阜県関市鋳物師屋5-29","35.474178","136.93696"
"鋳物師屋西公園","岐阜県関市鋳物師屋6-25","35.473592","136.933083"
"観音公園","岐阜県関市長谷寺町1-15","35.485111","136.924183"
"長谷寺ふれあい公園","岐阜県関市長谷寺町1-51","35.484021","136.923413"
"津保川台中央公園","岐阜県関市津保川台2-1010-318","35.472515","136.868149"
"辻井戸公園","岐阜県関市辻井戸町1-81","35.487865","136.908898"
"桜ケ丘公民センター","岐阜県関市天徳町1-1-2","35.478043","136.932061"
"塔ノ洞環境保全農業推進センター","岐阜県関市塔ノ洞2861","35.498761","136.941936"
"中池体育館","岐阜県関市塔ノ洞3845-1","35.50575","136.936581"
"中池自然の家","岐阜県関市塔ノ洞3885-1","35.505145","136.936455"
"陸上競技場管理棟","岐阜県関市塔ノ洞3885-1","35.502091","136.936723"
"関駅西口駅前広場駐車場","岐阜県関市東桜町18-1","35.491631","136.9121"
"東山北公園","岐阜県関市東山4-38","35.491928","136.943568"
"東山中央公園","岐阜県関市東山4-4-2","35.491502","136.945216"
"東志摩公民センター","岐阜県関市東志摩755","35.515423","136.897969"
"東新南公園","岐阜県関市東新町3-137","35.480406","136.934384"
"東本郷公民センター","岐阜県関市東本郷通2-1-10","35.488318","136.933325"
"吉野公園","岐阜県関市東本郷通2-38","35.488566","136.934126"
"東本郷公園","岐阜県関市東本郷通5-41","35.489294","136.938203"
"栗原集会場","岐阜県関市洞戸栗原74-1","35.613934","136.824177"
"洞戸林業センター跡地","岐阜県関市洞戸高賀1144","35.642871","136.845203"
"高見集会場","岐阜県関市洞戸高見2052-1","35.644987","136.822106"
"洞戸小学校","岐阜県関市洞戸市場248","35.605042","136.821809"
"国民健康保険洞戸診療所","岐阜県関市洞戸市場292-3","35.603592","136.817274"
"洞戸ふれあいセンター","岐阜県関市洞戸市場294-5","35.602075","136.817209"
"板取川中学校","岐阜県関市洞戸市場566-1","35.608134","136.814512"
"下菅谷集会場","岐阜県関市洞戸菅谷293-1","35.597058","136.806885"
"道の駅ラステンほらど","岐阜県関市洞戸菅谷545","35.596377","136.798334"
"下洞戸活性化センター","岐阜県関市洞戸大野745-1","35.606858","136.843409"
"洞戸保育園","岐阜県関市洞戸通元寺78-1","35.60678","136.81575"
"南天神公園","岐阜県関市南天神2-4","35.478006","136.935459"
"虹ケ丘公民センター","岐阜県関市虹ケ丘北10-1","35.471442","136.865184"
"迫間台公民センター","岐阜県関市迫間台1-14-1","35.453554","136.924632"
"迫間台第２公園","岐阜県関市迫間台1-2301-493","35.453601","136.925104"
"迫間台中央公園","岐阜県関市迫間台2-2301-42","35.450333","136.925405"
"板取門出体育館","岐阜県関市板取1129","35.693052","136.810059"
"板取集落センター","岐阜県関市板取1163-2","35.69274","136.809279"
"上ヶ瀬集会場","岐阜県関市板取1562-2","35.699595","136.805836"
"板取ふれあいセンター","岐阜県関市板取1643-17","35.703193","136.803284"
"板取体育館","岐阜県関市板取2305","35.722754","136.784314"
"中切集会場","岐阜県関市板取2706-1","35.722473","136.776787"
"板取多目的研修集会場","岐阜県関市板取2910-1","35.720498","136.772165"
"板取シュトローム","岐阜県関市板取4175-9","35.734076","136.774034"
"板取川温泉バーデェハウス","岐阜県関市板取4175-9","35.734719","136.773863"
"杉島・島口集会場","岐阜県関市板取5026-2","35.754597","136.788907"
"老洞集会場","岐阜県関市板取6248-4","35.680819","136.808896"
"国民健康保険板取診療所","岐阜県関市板取6503","35.688447","136.811748"
"松谷集会場","岐阜県関市板取6600","35.69344","136.804708"
"加部集会場","岐阜県関市板取766-1","35.683003","136.812204"
"尾太公園","岐阜県関市尾太73","35.509077","136.927511"
"武儀生涯学習センター","岐阜県関市富之保2001-1","35.583197","137.013939"
"武儀小学校","岐阜県関市富之保2777-2","35.586023","137.011687"
"堂谷内集会場","岐阜県関市富之保5704-4","35.610793","137.010024"
"雁曽礼集会場","岐阜県関市富之保6288-2","35.618958","137.00415"
"祖父川集会場","岐阜県関市富之保923","35.585197","136.998347"
"博愛小学校","岐阜県関市武芸川町高野254","35.523467","136.85266"
"武芸川生涯学習センター","岐阜県関市武芸川町小知野779-1","35.535898","136.842124"
"武芸川体育館（武道場・剣道場）","岐阜県関市武芸川町小知野779-1","35.536028","136.841728"
"武芸川体育館（体育室）","岐阜県関市武芸川町小知野779-1","35.536233","136.842049"
"道の駅むげ川","岐阜県関市武芸川町跡部1810","35.515183","136.854084"
"武芸川南ふれあいの広場公園（南グラウンド）","岐阜県関市武芸川町跡部1810-2","35.514427","136.854538"
"むげがわ児童館","岐阜県関市武芸川町谷口1032-1","35.54204","136.832681"
"むげがわ保育園","岐阜県関市武芸川町谷口1032-1","35.54204","136.832681"
"武芸小学校","岐阜県関市武芸川町谷口1336","35.544831","136.822715"
"旧寺尾小学校","岐阜県関市武芸川町谷口2316","35.587868","136.834074"
"武芸川谷口水辺公園","岐阜県関市武芸川町谷口746-7","35.542309","136.821655"
"武芸川ふれあいの広場公園","岐阜県関市武芸川町谷口953","35.541626","136.833313"
"武芸川中学校","岐阜県関市武芸川町八幡1503","35.534997","136.841765"
"武芸川保健センター","岐阜県関市武芸川町八幡1533-7","35.535754","136.843476"
"武芸川ふるさと館","岐阜県関市武芸川町八幡1566","35.537339","136.843683"
"大平公園","岐阜県関市平賀8-83","35.486822","136.947308"
"平賀第一公園","岐阜県関市平賀第一２８街区1","35.485336","136.941213"
"平賀第一調整池ひろば","岐阜県関市平賀第一６街区1","35.485506","136.939501"
"文化公園","岐阜県関市平賀町1-18-6","35.483461","136.930891"
"北後公園","岐阜県関市平賀町2-44-1","35.485228","136.933674"
"平賀公民センター","岐阜県関市平賀町3-48","35.485875","136.935623"
"鋳物師屋南公園","岐阜県関市平成通1-78","35.47069","136.933694"
"せきてらす（地域交流施設）","岐阜県関市平和通4-12-1","35.481833","136.915264"
"関市勤労会館","岐阜県関市平和通6-11-1","35.482887","136.912331"
"アピセ・関","岐阜県関市平和通7-5-1","35.484769","136.911459"
"片倉グラウンド","岐阜県関市片倉町1-4","35.481971","136.909229"
"堅仙房公民センター","岐阜県関市北仙房26-1","35.494952","136.905805"
"西部公民センター","岐阜県関市北福野町2-4-30","35.489567","136.899504"
"福野公園","岐阜県関市北福野町2-6","35.489131","136.899492"
"中央親子教室","岐阜県関市本郷町88","35.486862","136.925568"
"本郷公民センター","岐阜県関市本郷町88-21","35.486904","136.925338"
"泉ケ丘公園","岐阜県関市明生町2-66-1","35.473182","136.926765"
"桜ケ丘小学校","岐阜県関市明生町4-1-1","35.471774","136.927141"
"弥生公園","岐阜県関市弥生町2-75","35.478544","136.929345"
"柳町公民センター","岐阜県関市柳町11","35.483259","136.910633"
"柳町公園","岐阜県関市柳町4-6","35.483747","136.91077"
"雄飛ヶ丘公民センター","岐阜県関市雄飛ケ丘9-1","35.483893","136.900788"
"緑ケ丘中学校","岐阜県関市緑ケ丘2-1-10","35.492208","136.901759"
"厚八社会体育施設グラウンド","岐阜県岐南町みやまち1-91","35.395186","136.771978"
"西小学校グラウンド","岐阜県岐南町みやまち4-119","35.389145","136.775981"
"西小学校","岐阜県岐南町みやまち4-119","35.38936","136.774812"
"西町民センター","岐阜県岐南町みやまち4-125","35.389976","136.774042"
"岐南さくら保育園","岐阜県岐南町みやまち4-96","35.390477","136.774911"
"駅前広場","岐阜県岐南町下印食3-11","35.389703","136.769684"
"岐阜女子高校　（総合体育館）","岐阜県岐南町三宅1-130","35.396814","136.791109"
"三宅町民センター","岐阜県岐南町三宅6-93","35.389846","136.795644"
"岐南町多機能型地域こども安心センター","岐阜県岐南町上印食3-110","35.39656","136.787326"
"石原瀬コミュ　ニティー広場","岐阜県岐南町石原瀬1549","35.379675","136.766134"
"岐南中学校","岐阜県岐南町徳田3-284","35.384226","136.775094"
"岐南中学校グラウンド","岐阜県岐南町徳田3-284","35.384047","136.776146"
"蛇池公園","岐阜県岐南町徳田4-220","35.385077","136.771979"
"徳田町民センター（くつろぎ苑）","岐阜県岐南町徳田4-71","35.384943","136.772848"
"岐南さくら南認定こども園","岐阜県岐南町徳田6-15","35.380049","136.773376"
"南町民センター","岐阜県岐南町徳田8-97","35.37767","136.769947"
"岐南さくら認定こども園　けやきの杜","岐阜県岐南町八剣1-105","35.392785","136.782762"
"北小学校グラウンド","岐阜県岐南町八剣1-90","35.392124","136.783105"
"北小学校","岐阜県岐南町八剣1-90","35.391564","136.783497"
"すこやかセンター","岐阜県岐南町八剣5-114","35.39141","136.779268"
"ほほえみ会館","岐阜県岐南町八剣5-90-1","35.391945","136.779221"
"中央公民館","岐阜県岐南町八剣7-107","35.389457","136.783137"
"北保跡地運動広場","岐阜県岐南町八剣北1-185","35.397755","136.784503"
"八剣北公園","岐阜県岐南町八剣北2-147","35.396814","136.78259"
"北町民センター","岐阜県岐南町八剣北4-78","35.39471","136.783885"
"うれしの東保育園","岐阜県岐南町伏屋1-39","35.38708","136.792261"
"伏屋獅子舞会館","岐阜県岐南町伏屋3-338-1","35.381582","136.792735"
"防災コミュニティーセンター","岐阜県岐南町伏屋5-82","35.384147","136.788459"
"羽栗社会体育施設グラウンド","岐阜県岐南町伏屋7-96","35.380707","136.792716"
"多目的広場","岐阜県岐南町平成7-47","35.38179","136.780298"
"総合体育館","岐阜県岐南町平成7-47","35.382368","136.779992"
"旧岐阜バス平島停留所（平島ゴミ集積場）","岐阜県岐南町平島3-22","35.384257","136.814787"
"平島町民センター","岐阜県岐南町平島4-20","35.385868","136.812202"
"平島公園","岐阜県岐南町平島4-94","35.384954","136.811287"
"平島西広場","岐阜県岐南町平島6","35.385929","136.807756"
"うれしの認定こども園","岐阜県岐南町平島8-53","35.384576","136.805987"
"東町民センター","岐阜県岐南町野中1-121","35.385994","136.799668"
"東小学校","岐阜県岐南町野中1-99","35.387382","136.800143"
"東小学校グラウンド","岐阜県岐南町野中1-99","35.386735","136.799955"
"総合健康福祉センター（やすらぎ苑）","岐阜県岐南町野中8-75","35.380423","136.798296"
"中央卸売市場（建物内を除く）","岐阜県岐阜市茜部新所2-5","35.38532","136.757961"
"茜部公民館","岐阜県岐阜市茜部新所4-126-2","35.38058","136.754935"
"茜部小学校","岐阜県岐阜市茜部新所4-91-3","35.381859","136.755487"
"南部防災備蓄拠点（旧岐阜南消防署）（建物内除く）","岐阜県岐阜市茜部大野1-12","35.395826","136.755231"
"茜部大野公園","岐阜県岐阜市茜部大野1-95","35.395303","136.753061"
"茜部辰新公園","岐阜県岐阜市茜部辰新２－２５地先","35.37767","136.758608"
"あかね公園","岐阜県岐阜市茜部菱野２－１１５~118","35.385378","136.750209"
"茜部公園","岐阜県岐阜市茜部野瀬3-159","35.374147","136.743818"
"岩野田公民館","岐阜県岐阜市粟野西2-33","35.47794","136.780635"
"岩野田小学校","岐阜県岐阜市粟野西2-33","35.478296","136.781117"
"岩野田公園","岐阜県岐阜市粟野西5-297","35.478538","136.774496"
"岩野田中学校","岐阜県岐阜市粟野西5-817","35.482645","136.771705"
"十六銀行粟野グランド（西の山ぎわを除く）","岐阜県岐阜市粟野西6","35.48717","136.769856"
"粟野台南公園","岐阜県岐阜市粟野台307-222","35.488682","136.777629"
"粟野台中央公園","岐阜県岐阜市粟野台307-244","35.489957","136.776049"
"粟野台北公園","岐阜県岐阜市粟野台307-3","35.491486","136.776088"
"岩野田北公民館","岐阜県岐阜市粟野東2-33-3","35.484077","136.780645"
"岩野田北小学校","岐阜県岐阜市粟野東2-33-3","35.484615","136.780661"
"粟野北公園","岐阜県岐阜市粟野東4-424","35.489311","136.788365"
"粟野公園","岐阜県岐阜市粟野東5-406","35.484438","136.783934"
"方県公園","岐阜県岐阜市安食3-104","35.496959","136.727677"
"方県小学校","岐阜県岐阜市安食3-115","35.497211","136.728716"
"（旧）方県保育所グランド","岐阜県岐阜市安食3-118","35.497569","136.728953"
"方県公民館","岐阜県岐阜市安食443-2","35.498012","136.728348"
"花かいどう南公園","岐阜県岐阜市安食字志良古26-101","35.487516","136.718039"
"花かいどう北公園","岐阜県岐阜市安食字志良古26-307","35.49056","136.716872"
"安食公園","岐阜県岐阜市安食字志良古26-314","35.489031","136.719297"
"安宅公園","岐阜県岐阜市安宅町2-18-3","35.406852","136.765595"
"伊奈波公園","岐阜県岐阜市伊奈波通1-80-2","35.428324","136.767338"
"一松道公園","岐阜県岐阜市一松道1864-3","35.409596","136.767965"
"古川公園","岐阜県岐阜市一日市場北町4","35.425399","136.718269"
"岐阜市立女子短期大学","岐阜県岐阜市一日市場北町7-1","35.425856","136.716739"
"宇佐西公園","岐阜県岐阜市宇佐3-10","35.397747","136.731215"
"海草公園","岐阜県岐阜市宇佐東町8-1","35.39893","136.73618"
"宇佐中公園","岐阜県岐阜市宇佐南1-9-1","35.396459","136.735367"
"宇佐南公園","岐阜県岐阜市宇佐南2-7-1","35.394463","136.735562"
"井堰公園","岐阜県岐阜市宇佐南4-3-1","35.394581","136.730449"
"本荘中学校","岐阜県岐阜市雲雀ケ丘1","35.415746","136.731946"
"雲雀ケ丘公園","岐阜県岐阜市雲雀ケ丘7","35.415083","136.732757"
"早田中公園","岐阜県岐阜市栄新町1-42","35.437429","136.757492"
"早田緑地","岐阜県岐阜市栄新町3-110","35.438953","136.756588"
"永田町公園","岐阜県岐阜市永田町29","35.426628","136.751651"
"西部コミュニティセンター駐車場","岐阜県岐阜市下鵜飼1-105","35.457266","136.71375"
"黒野公民館","岐阜県岐阜市下鵜飼1564-3","35.461884","136.718339"
"黒野西公園","岐阜県岐阜市下鵜飼字甌窶1534-1","35.46172","136.717153"
"宮公園","岐阜県岐阜市下川手字宮71-3","35.39523","136.770074"
"川手公園","岐阜県岐阜市下川手字中島","35.388182","136.767061"
"さぎしも公園","岐阜県岐阜市下土居1-4-1","35.45022","136.75652"
"下土居東公園","岐阜県岐阜市下土居2-1-6","35.451812","136.759667"
"下土居中央公園","岐阜県岐阜市下土居2-20","35.453325","136.756055"
"青山中学校","岐阜県岐阜市下土居2-27-1","35.453391","136.758619"
"下土居さんかく公園","岐阜県岐阜市下土居3-11","35.457069","136.752999"
"鳥羽川緑地","岐阜県岐阜市下土居字下野１７２地先","35.456198","136.753833"
"下奈良公園","岐阜県岐阜市下奈良2-31-1","35.391032","136.710226"
"日置江北公園","岐阜県岐阜市下奈良4-3-1","35.385053","136.710024"
"次木公園","岐阜県岐阜市下奈良4-4-1","35.386026","136.709768"
"愛宕公園","岐阜県岐阜市加納愛宕町22","35.408641","136.750826"
"加納公園（加納城跡含む）","岐阜県岐阜市加納丸之内4","35.399575","136.760312"
"沓井公園","岐阜県岐阜市加納沓井町36","35.403474","136.760101"
"加納西公民館","岐阜県岐阜市加納高柳町1-1","35.403993","136.750459"
"加納西小学校","岐阜県岐阜市加納高柳町1-1","35.404201","136.750758"
"加納三笠公園","岐阜県岐阜市加納三笠町1","35.405629","136.748628"
"加納中学校","岐阜県岐阜市加納舟田町9","35.397045","136.759766"
"南部コミュニティセンター駐車場","岐阜県岐阜市加納城南通1-20","35.397693","136.760659"
"加納神明公園","岐阜県岐阜市加納神明町6-7-3","35.401363","136.749685"
"水野町公園","岐阜県岐阜市加納水野町4-22","35.407797","136.753012"
"清水緑地","岐阜県岐阜市加納清水町5","35.408317","136.759478"
"加納東公民館","岐阜県岐阜市加納西丸町1-73-2","35.401722","136.76176"
"加納小学校","岐阜県岐阜市加納西丸町1-73-2","35.401371","136.761925"
"加納西公園","岐阜県岐阜市加納大黒町4-3-3","35.401757","136.752244"
"岐阜大学附属小学校","岐阜県岐阜市加納大手町74","35.403776","136.762397"
"岐阜大学附属中学校","岐阜県岐阜市加納大手町74","35.403058","136.762206"
"加納高等学校","岐阜県岐阜市加納南陽町3-17","35.398173","136.750135"
"加野公園","岐阜県岐阜市加野1-42","35.465896","136.815859"
"藍川北中学校","岐阜県岐阜市加野2-23-1","35.463717","136.823608"
"加野中公園","岐阜県岐阜市加野3-2","35.462143","136.822389"
"藍川公民館","岐阜県岐阜市加野3-3-1","35.462957","136.824415"
"藍川小学校","岐阜県岐阜市加野3-3-5","35.462239","136.825026"
"百楽公園","岐阜県岐阜市加野6-25","35.466995","136.824761"
"花本公園","岐阜県岐阜市加野7-14","35.471985","136.827599"
"岩井東公園","岐阜県岐阜市加野7-19","35.470434","136.826708"
"河渡公園","岐阜県岐阜市河渡1-165-2","35.411848","136.702034"
"河渡緑地","岐阜県岐阜市河渡字中嶋１６７０－１地先外","35.40723","136.701646"
"河渡小公園","岐阜県岐阜市河渡字道内１２４０－１地先","35.411523","136.703059"
"福住公園","岐阜県岐阜市花園町19","35.411873","136.752116"
"華陽小学校","岐阜県岐阜市華陽5-1","35.408823","136.769474"
"華陽公民館","岐阜県岐阜市華陽5-11","35.408775","136.770219"
"芥見公園","岐阜県岐阜市芥見1-10","35.447354","136.84102"
"芥見小学校","岐阜県岐阜市芥見2-213","35.453059","136.841603"
"芥見公民館","岐阜県岐阜市芥見2-98","35.452896","136.839533"
"藍川中学校","岐阜県岐阜市芥見4-157","35.450924","136.849948"
"東部コミュニティセンター駐車場","岐阜県岐阜市芥見4-80","35.450038","136.848025"
"野村公園","岐阜県岐阜市芥見5-181","35.447909","136.845767"
"龍雲寺","岐阜県岐阜市芥見大船1-151","35.459933","136.845785"
"大船台公園","岐阜県岐阜市芥見大船1-182","35.460808","136.845794"
"野畑公園","岐阜県岐阜市芥見中野畑177-1","35.445021","136.842602"
"大洞南山公園","岐阜県岐阜市芥見南山1-26-2","35.454632","136.857244"
"岡本鋳造グランド","岐阜県岐阜市芥見南山3","35.455209","136.863021"
"教育研究所","岐阜県岐阜市芥見南山3-10-1","35.455408","136.857211"
"岐阜清流高等特別支援学校","岐阜県岐阜市芥見南山3-11-1","35.454335","136.859584"
"芥見南公民館","岐阜県岐阜市芥見南山3-12-1","35.454774","136.862954"
"諏訪山運動場","岐阜県岐阜市芥見野畑3","35.440451","136.847908"
"早田西公園","岐阜県岐阜市学園町1-93-1","35.438945","136.754141"
"早田公民館","岐阜県岐阜市学園町2-35","35.439795","136.756229"
"早田小学校","岐阜県岐阜市学園町2-35","35.440198","136.756632"
"城西公民館","岐阜県岐阜市萱場東町1-1","35.435764","136.735942"
"萱場東公園","岐阜県岐阜市萱場東町5-34","35.437658","136.732895"
"新富公園","岐阜県岐阜市萱場南1-12","35.433142","136.733104"
"島中央公園","岐阜県岐阜市萱場南2-9-1","35.43472","136.72952"
"篭下公園","岐阜県岐阜市萱場北町2-39","35.43909","136.730383"
"岩井公園","岐阜県岐阜市岩井3-14","35.472089","136.820151"
"岩井北公園","岐阜県岐阜市岩井3-5","35.471997","136.816975"
"岩井天神西公園","岐阜県岐阜市岩井380","35.468109","136.80757"
"岩井天神東公園","岐阜県岐阜市岩井380-186","35.469686","136.812791"
"岩井天神南公園","岐阜県岐阜市岩井380-217","35.467684","136.811167"
"岩崎緑地","岐阜県岐阜市岩崎1","35.464094","136.773979"
"岩崎公園","岐阜県岐阜市岩崎2-17-40","35.462817","136.777553"
"上岩崎公園","岐阜県岐阜市岩崎字畑中676","35.472664","136.778823"
"早田南公園","岐阜県岐阜市岩倉町2-71","35.432609","136.755019"
"岩公民館","岐阜県岐阜市岩滝西1-612","35.435085","136.840226"
"岩小学校","岐阜県岐阜市岩滝西1-612","35.435528","136.840892"
"八坂公園","岐阜県岐阜市岩滝西3-250","35.429345","136.848203"
"岩滝八幡公園","岐阜県岐阜市岩滝東2-94-1","35.426354","136.85402"
"岩地公園","岐阜県岐阜市岩地2-9-18","35.406891","136.80541"
"岩田坂公園","岐阜県岐阜市岩田坂1-12","35.434668","136.826533"
"流公園","岐阜県岐阜市岩田坂3-6","35.435385","136.830322"
"岩田西公園","岐阜県岐阜市岩田西1-777","35.438939","136.831222"
"岩田公園","岐阜県岐阜市岩田西3-181","35.445721","136.834244"
"岩利広場","岐阜県岐阜市岩利2-143","35.505182","136.735136"
"岩利公園","岐阜県岐阜市岩利4-38","35.503222","136.734171"
"中部プラント水処理棟屋上","岐阜県岐阜市祈年町4-1","35.405248","136.770953"
"祈年町公園","岐阜県岐阜市祈年町５－５０－２外","35.406423","136.769208"
"菊地公園","岐阜県岐阜市菊地町1-25","35.408359","136.745888"
"中洲公園","岐阜県岐阜市宮浦町12","35.437086","136.72816"
"宮北公園","岐阜県岐阜市宮北町21-3","35.398315","136.766719"
"京町公園","岐阜県岐阜市京町2-10-1","35.425773","136.755655"
"京町公民館","岐阜県岐阜市京町3-19","35.424456","136.755696"
"岐阜中央中学校","岐阜県岐阜市京町3-19","35.424452","136.755708"
"岐阜羽島衛生施設組合　衛生センター運動広場","岐阜県岐阜市境川5-110","35.37041","136.740119"
"岐阜羽島衛生施設組合　旧ごみ処理施設跡地","岐阜県岐阜市境川5-147","35.36968","136.74011"
"岐阜駅北口駅前広場","岐阜県岐阜市橋本町1-100","35.410145","136.756776"
"橋本緑地","岐阜県岐阜市橋本町2","35.409751","136.752337"
"菖蒲池公園","岐阜県岐阜市鏡島2970-1","35.416495","136.727465"
"菖蒲池小公園","岐阜県岐阜市鏡島字辰巳野２９７０地先","35.417005","136.728033"
"精華中学校","岐阜県岐阜市鏡島精華1-11-27","35.411808","136.723021"
"鏡島運動場","岐阜県岐阜市鏡島西1-7-1","35.412912","136.71298"
"鏡島北公園","岐阜県岐阜市鏡島西1-9","35.411385","136.713775"
"鏡島小学校","岐阜県岐阜市鏡島西2-2-1","35.410277","136.716864"
"鏡島公民館","岐阜県岐阜市鏡島西2-2-47","35.410962","136.716834"
"鏡島長瀬公園","岐阜県岐阜市鏡島中2-12-34","35.414322","136.717721"
"鏡島南公園（南鏡島公園）","岐阜県岐阜市鏡島南1-13","35.406169","136.714644"
"市立岐阜商業高校","岐阜県岐阜市鏡島南2-7-1","35.405589","136.715853"
"鏡緑地","岐阜県岐阜市鏡島南4-4-3","35.402143","136.712566"
"琴塚北公園","岐阜県岐阜市琴塚1-1323-194","35.419603","136.809669"
"琴塚公園","岐阜県岐阜市琴塚3-3-8","35.417491","136.813708"
"近島公園","岐阜県岐阜市近島4-5","35.430721","136.738398"
"金園公園","岐阜県岐阜市金園町8-184-17","35.417203","136.774198"
"金岡公園","岐阜県岐阜市金岡町13","35.41591","136.755572"
"金公園","岐阜県岐阜市金町5-5","35.415752","136.757477"
"徹明公民館","岐阜県岐阜市金宝町4-1","35.416251","136.754985"
"草潤中学校","岐阜県岐阜市金宝町4-1","35.415976","136.754124"
"梅林公民館","岐阜県岐阜市金竜町6-6","35.416122","136.771011"
"梅林小学校","岐阜県岐阜市金竜町6-6","35.416416","136.771116"
"梅林中学校","岐阜県岐阜市九重町3-8","35.413109","136.778639"
"月ノ会公園","岐阜県岐阜市月ノ会町1-12-60","35.419631","136.779403"
"鍵屋西公園","岐阜県岐阜市鍵屋西町2-26","35.4171","136.742652"
"黒野小学校","岐阜県岐阜市古市場20-1","35.464335","136.718977"
"五坪町公園","岐阜県岐阜市五坪町1-8-16","35.408842","136.771406"
"田神公園","岐阜県岐阜市五坪町2-5-7","35.408192","136.773694"
"御望公園","岐阜県岐阜市御望3-53","35.473533","136.706887"
"岐北中学校","岐阜県岐阜市御望971-1-2","35.473947","136.712372"
"光公園","岐阜県岐阜市光町3-9","35.434997","136.746715"
"江口公園","岐阜県岐阜市江口2-1-2","35.421587","136.724624"
"江崎公園","岐阜県岐阜市江崎南21","35.402384","136.70472"
"江崎運動場","岐阜県岐阜市江崎南堤外","35.401484","136.703039"
"溝旗公園","岐阜県岐阜市溝旗町4-1","35.413518","136.764104"
"溝口公園","岐阜県岐阜市溝口113-1","35.476554","136.837769"
"オーキッドパーク（立体駐車場３階）","岐阜県岐阜市香蘭1-12","35.411067","136.746554"
"香蘭グリーンパーク","岐阜県岐阜市香蘭2-22","35.411052","136.745478"
"野土島公園","岐阜県岐阜市高田3-5-3","35.39556","136.808084"
"黒野公園","岐阜県岐阜市黒野字惣門口495","35.462224","136.71917"
"黒野城南公園","岐阜県岐阜市黒野字村前704","35.458786","136.722168"
"黒野城跡公園","岐阜県岐阜市黒野城跡297-1","35.460106","136.724203"
"本荘公民館","岐阜県岐阜市此花町6-29","35.411104","136.737474"
"本荘小学校","岐阜県岐阜市此花町6-29","35.411396","136.736939"
"佐野公園","岐阜県岐阜市佐野字中野141","35.515429","136.724074"
"細畑公園","岐阜県岐阜市細畑6-3-12","35.403399","136.786005"
"鷺山公民館","岐阜県岐阜市鷺山1401-2","35.447174","136.754572"
"鷺山北公園","岐阜県岐阜市鷺山新町4-1","35.452618","136.751824"
"二本松公園","岐阜県岐阜市鷺山中沫1543-46","35.445898","136.750946"
"若川公園","岐阜県岐阜市鷺山中沫1769-2","35.445217","136.755283"
"蝉東公園","岐阜県岐阜市鷺山東1-4-7","35.449463","136.764032"
"蝉西公園","岐阜県岐阜市鷺山東2-8-2","35.448617","136.761163"
"鷺山小学校","岐阜県岐阜市鷺山北町9-12","35.451386","136.752107"
"桜木町公園","岐阜県岐阜市桜木町2-21-1","35.419011","136.742599"
"三笠公園","岐阜県岐阜市三笠町2-14-1","35.413264","136.774327"
"岐阜城北高等学校","岐阜県岐阜市三田洞465-1","35.478089","136.788284"
"三田洞自動車学校","岐阜県岐阜市三田洞東1-23-1","35.479458","136.796653"
"兎ヶ洞中公園","岐阜県岐阜市三田洞東2-101-1","35.47651","136.793274"
"兎ヶ洞西緑地","岐阜県岐阜市三田洞東2-2-2","35.47775","136.793259"
"三田洞公園","岐阜県岐阜市三田洞東3-102-1","35.472041","136.800048"
"兎ケ洞東公園","岐阜県岐阜市三田洞東3-4-1","35.47418","136.796348"
"坂下公園","岐阜県岐阜市三田洞東5-13-14","35.476348","136.792133"
"岐阜薬科大学（三田洞キャンパス）","岐阜県岐阜市三田洞東5-6-1","35.476991","136.790572"
"三輪緑地","岐阜県岐阜市三輪ぷりんとぴあ16","35.500683","136.826943"
"山先公園","岐阜県岐阜市山先町2","35.443155","136.782977"
"みんなの広場　カオカオ","岐阜県岐阜市司町40-5","35.426994","136.760193"
"公園道路（四ツ屋公園）","岐阜県岐阜市四屋堤内","35.430204","136.760024"
"市橋公民館","岐阜県岐阜市市橋4-10-10","35.402919","136.723366"
"市橋公園","岐阜県岐阜市市橋6-13","35.398836","136.721597"
"市橋コミュニティセンター駐車場","岐阜県岐阜市市橋6-13-25","35.399061","136.721547"
"市橋小学校","岐阜県岐阜市市橋6-6-28","35.401768","136.72024"
"合渡小学校","岐阜県岐阜市寺田1-1","35.416813","136.70717"
"寺田公園","岐阜県岐阜市寺田1-37","35.42186","136.707925"
"合渡公民館","岐阜県岐阜市寺田3-11-1","35.417349","136.705879"
"若松公園","岐阜県岐阜市若福町16-2","35.462175","136.769034"
"久保見公園","岐阜県岐阜市守口町2-29","35.438317","136.725522"
"旦島公園","岐阜県岐阜市守口町4-26","35.438078","136.722165"
"網代小学校","岐阜県岐阜市秋沢2-156-1","35.503284","136.701358"
"網代公民館","岐阜県岐阜市秋沢2-297","35.502709","136.702826"
"鶯谷中学高等学校ミレニアムグランド","岐阜県岐阜市秋津町7","35.423853","136.762991"
"出屋敷公園","岐阜県岐阜市出屋敷149-1","35.524943","136.823418"
"福光公園","岐阜県岐阜市初日町2-18","35.447929","136.770219"
"青山青少年会館広場","岐阜県岐阜市小西郷1-56-2","35.454522","136.70132"
"岐阜特別支援学校","岐阜県岐阜市小西郷3-120-2","35.462831","136.700155"
"小野公園","岐阜県岐阜市小野628-81","35.464558","136.711711"
"粕森公園","岐阜県岐阜市上加納山","35.418894","136.764627"
"城田寺公園","岐阜県岐阜市上城田寺東92","35.468558","136.751765"
"上尻毛公園","岐阜県岐阜市上尻毛日吉27","35.444335","136.708495"
"西郷本郷公園","岐阜県岐阜市上西郷265","35.476472","136.69133"
"西郷北公園","岐阜県岐阜市上西郷8-96","35.47896","136.685663"
"厚見公民館","岐阜県岐阜市上川手198-5","35.397321","136.770933"
"厚見小学校","岐阜県岐阜市上川手198-5","35.397328","136.771439"
"厚見中学校","岐阜県岐阜市上川手262-1","35.397985","136.775211"
"岐陽体育館運動場","岐阜県岐阜市上川手735-2","35.408479","136.777682"
"厚見公園","岐阜県岐阜市上川手字南出190-1","35.398543","136.774406"
"石田公園","岐阜県岐阜市上土居1-14","35.455963","136.765414"
"狭間公園","岐阜県岐阜市上土居2-20","35.455901","136.758522"
"富塚公園","岐阜県岐阜市上土居3-2","35.45687","136.762585"
"野田公園","岐阜県岐阜市上土居4-14","35.460236","136.76692"
"常磐小学校","岐阜県岐阜市上土居838","35.460758","136.763954"
"常磐公民館","岐阜県岐阜市上土居838","35.460813","136.76337"
"常磐公園","岐阜県岐阜市上土居字上中野747-8","35.4642","136.768054"
"城田寺緑地","岐阜県岐阜市城田寺字萱野2283-1","35.46293","136.74248"
"大正公園","岐阜県岐阜市城田寺字大正684-96","35.468152","136.745182"
"岩戸南公園","岐阜県岐阜市城望町46","35.421141","136.786158"
"尻毛中央公園","岐阜県岐阜市尻毛1-131-1","35.439734","136.713484"
"しいのみ公園","岐阜県岐阜市諏訪山2-18","35.440495","136.852642"
"諏訪山公園（あじさい公園）","岐阜県岐阜市諏訪山2-4","35.440021","136.85038"
"すぎのこ公園","岐阜県岐阜市諏訪山3-4-14","35.437877","136.851305"
"まなしだ公園","岐阜県岐阜市諏訪山3-9-4","35.438305","136.854092"
"岐阜総合学園高等学校","岐阜県岐阜市須賀2-7-25","35.383959","136.7209"
"須賀公園","岐阜県岐阜市須賀3-12","35.385444","136.719076"
"本荘公園","岐阜県岐阜市吹上町2","35.414309","136.742211"
"長森東公民館","岐阜県岐阜市水海道2-10-1","35.411885","136.812284"
"長森東小学校","岐阜県岐阜市水海道2-10-1","35.41196","136.81133"
"富田学園第２グランド","岐阜県岐阜市水海道3-20","35.408331","136.809046"
"菅生公園","岐阜県岐阜市菅生3-5-3","35.422244","136.730614"
"菅生小公園","岐阜県岐阜市菅生4-101","35.421231","136.728391"
"島南公園","岐阜県岐阜市菅生8-5","35.423954","136.734792"
"済美高等学校校庭","岐阜県岐阜市正法寺町33","35.395439","136.762585"
"正木公園","岐阜県岐阜市正木字古川1978-139","35.446919","136.746575"
"鷺山公園","岐阜県岐阜市正木字山本１５１９－１外","35.449839","136.750955"
"正木緑地","岐阜県岐阜市正木字南出口","35.451169","136.737448"
"正木西公園","岐阜県岐阜市正木西町13-3","35.453499","136.741118"
"マーサ２１（イオン岐阜店）駐車場（本館立体駐車場含む）","岐阜県岐阜市正木中1-2-1","35.448616","136.743906"
"正木古川公園","岐阜県岐阜市正木中2-4","35.448809","136.742998"
"正木中公園","岐阜県岐阜市正木中3-9-1","35.45095","136.744"
"正木南公園","岐阜県岐阜市正木南1-16","35.448957","136.739901"
"正木古川西公園","岐阜県岐阜市正木南1-20-1","35.44941","136.740944"
"正木北公園","岐阜県岐阜市正木北町10-2","35.453483","136.747663"
"清和公園","岐阜県岐阜市清本町3-1","35.408394","136.739582"
"旦ノ越公園","岐阜県岐阜市清本町7-26","35.404415","136.739074"
"七郷公民館","岐阜県岐阜市西改田字川向3","35.447535","136.705197"
"旧岐阜養護学校小・中学部","岐阜県岐阜市西改田字川向3","35.447839","136.70502"
"七郷小学校","岐阜県岐阜市西改田字川向94-1","35.450024","136.706494"
"西改田公園","岐阜県岐阜市西改田上の町114","35.449635","136.701721"
"せせらぎ広場","岐阜県岐阜市西材木町９地先","35.4341","136.765865"
"西秋沢公園","岐阜県岐阜市西秋沢2-176","35.501586","136.696482"
"岐阜本巣特別支援学校","岐阜県岐阜市西秋沢2-363-1","35.499084","136.693321"
"西川手公園","岐阜県岐阜市西川手9-13","35.382311","136.764831"
"西荘公園","岐阜県岐阜市西荘2-5","35.409542","136.724415"
"鏡島大橋北駐車場","岐阜県岐阜市西中島2-3","35.424034","136.72064"
"西中島南公園","岐阜県岐阜市西中島3-7","35.426238","136.722568"
"北部プラント多目的グランド","岐阜県岐阜市西中島6-3","35.429548","136.719544"
"西中島北公園","岐阜県岐阜市西中島7-3","35.428972","136.722913"
"西島公園","岐阜県岐阜市西島町6-1","35.42609","136.73358"
"西野町公園","岐阜県岐阜市西野町3-22","35.427901","136.757214"
"なかよし公園","岐阜県岐阜市西野町7-22","35.423219","136.748086"
"清水野公園","岐阜県岐阜市西鶉6-45","35.378307","136.722102"
"華陽フロンティア高等学校","岐阜県岐阜市西鶉6-69","35.378271","136.720088"
"青柳公園","岐阜県岐阜市青柳町5-1","35.427855","136.748727"
"三輪中学校","岐阜県岐阜市石原1-12","35.495723","136.831282"
"八幡公園","岐阜県岐阜市石谷字北山610-2","35.485118","136.741482"
"石谷公園","岐阜県岐阜市石谷字北山614-149","35.483077","136.743041"
"長森南中学校","岐阜県岐阜市切通2-11-1","35.402938","136.794806"
"いりのと緑地","岐阜県岐阜市切通4-136-1","35.398895","136.791038"
"長森南小学校","岐阜県岐阜市切通5-12-1","35.396314","136.798168"
"長森南公民館","岐阜県岐阜市切通5-3-14","35.396053","136.796573"
"陣屋公園","岐阜県岐阜市切通6-15-1","35.398166","136.798944"
"共和公園","岐阜県岐阜市折立字長瀬524-3","35.453728","136.737666"
"折立公園","岐阜県岐阜市折立字北浦262-2","35.459384","136.73079"
"芭蕉公園","岐阜県岐阜市折立字木成683","35.452586","136.732831"
"北野公園","岐阜県岐阜市千手堂北町2-13","35.416799","136.75032"
"長良西小学校","岐阜県岐阜市千代田町2-1","35.44523","136.769932"
"岐阜西中学校","岐阜県岐阜市川部3-30","35.434424","136.707703"
"長森コミュニティセンター駐車場","岐阜県岐阜市前一色1-2-1","35.408497","136.795915"
"夕べが池公園","岐阜県岐阜市曽我屋4-138","35.425906","136.698827"
"北西部運動公園","岐阜県岐阜市曽我屋８地内","35.431356","136.711633"
"岐阜清流中学校","岐阜県岐阜市早田1901-18","35.435989","136.74621"
"早田東公園","岐阜県岐阜市早田東町4-40","35.436486","136.763616"
"早田北公園","岐阜県岐阜市早田東町8-62","35.439459","136.762183"
"北西部体育館","岐阜県岐阜市則松2-65-2","35.48529","136.700915"
"からかさ松公園","岐阜県岐阜市則松3-30-1","35.489973","136.699166"
"則武公民館","岐阜県岐阜市則武209-2","35.445725","136.740921"
"則武小学校","岐阜県岐阜市則武209-2","35.44596","136.741513"
"新田南公園","岐阜県岐阜市則武字新屋敷1754-1","35.439286","136.748963"
"若竹公園","岐阜県岐阜市則武字道甫分","35.443336","136.747"
"新田北山公園","岐阜県岐阜市則武字北山","35.442696","136.750774"
"新田中央公園","岐阜県岐阜市則武字北山523-1","35.442417","136.748997"
"新田東公園","岐阜県岐阜市則武字北山５８５－１５外","35.440897","136.752391"
"県立岐阜商業高等学校","岐阜県岐阜市則武新屋敷1816-6","35.439618","136.752258"
"岐阜北高等学校","岐阜県岐阜市則武清水1841-11","35.437224","136.748947"
"いずみ公園","岐阜県岐阜市則武西1-24-1","35.44266","136.73361"
"則武南公園","岐阜県岐阜市則武西1-4-1","35.440243","136.737414"
"城西小学校","岐阜県岐阜市則武西1-8-1","35.440806","136.73408"
"島中学校","岐阜県岐阜市則武西1-8-2","35.440958","136.732919"
"萱野公園","岐阜県岐阜市則武西2-4-1","35.443194","136.737422"
"則武公園","岐阜県岐阜市則武中1-22","35.43942","136.74489"
"蒲池公園","岐阜県岐阜市則武中2-33","35.44159","136.74033"
"秋葉公園","岐阜県岐阜市則武中2-9","35.439221","136.740259"
"宗作公園","岐阜県岐阜市則武中4-9","35.442612","136.742321"
"村山公園","岐阜県岐阜市村山2","35.482958","136.715446"
"三輪南小学校","岐阜県岐阜市太郎丸1034","35.490407","136.82661"
"三輪南公民館","岐阜県岐阜市太郎丸1034","35.490511","136.825976"
"福丸公園","岐阜県岐阜市太郎丸2174-42","35.48669","136.811719"
"岐阜女子大学グラウンド","岐阜県岐阜市太郎丸80","35.501335","136.805763"
"太郎丸諏訪公園","岐阜県岐阜市太郎丸諏訪124","35.49554","136.816816"
"太郎丸中島公園","岐阜県岐阜市太郎丸中島137","35.490366","136.8174"
"交人公園","岐阜県岐阜市大学北2-128","35.472402","136.729734"
"岐阜公園（山地を除く）","岐阜県岐阜市大宮町1","35.43409","136.774379"
"金華公民館","岐阜県岐阜市大工町1","35.432876","136.765621"
"岐阜小学校","岐阜県岐阜市大工町1","35.433582","136.766111"
"伊鳥緑地","岐阜県岐阜市大字城田寺萱野２３４４－１外","35.457928","136.743614"
"島大橋河川公園","岐阜県岐阜市大字曽我屋柳原外","35.425083","136.712746"
"つばき公園","岐阜県岐阜市大字椿洞字蔭平425-73","35.47626","136.756011"
"大菅南公園","岐阜県岐阜市大菅南12","35.402044","136.709644"
"大菅北公園","岐阜県岐阜市大菅北16-1","35.407142","136.709111"
"大蔵台公園","岐阜県岐阜市大蔵台4","35.454136","136.827248"
"清水公園","岐阜県岐阜市大洞1-7-9","35.45608","136.870418"
"桐ヶ丘公園","岐阜県岐阜市大洞桐が丘3-60","35.462579","136.865187"
"大洞緑公園","岐阜県岐阜市大洞桐が丘4-4","35.462241","136.867929"
"藍川東中学校","岐阜県岐阜市大洞紅葉が丘6-22-3","35.462139","136.872727"
"紅葉ヶ丘公園","岐阜県岐阜市大洞紅葉ヶ丘4-37","35.462584","136.870542"
"芥見東小学校","岐阜県岐阜市大洞桜台1-2","35.458541","136.864214"
"芥見東公民館","岐阜県岐阜市大洞桜台1-26-2","35.459232","136.863712"
"桜台公園","岐阜県岐阜市大洞桜台6-38","35.46014","136.866745"
"つくし公園","岐阜県岐阜市大洞西4-1","35.455798","136.866454"
"柏台公園","岐阜県岐阜市大洞柏台6-60-1","35.459868","136.871282"
"緑山公園","岐阜県岐阜市大洞緑山1-3373-33","35.453349","136.86512"
"岐阜高等学校","岐阜県岐阜市大縄場3-1","35.425261","136.746644"
"大縄場公園","岐阜県岐阜市大縄場8-20","35.423194","136.745092"
"忠節橋下流広場","岐阜県岐阜市大縄場３－１地先","35.426032","136.744761"
"大福公園","岐阜県岐阜市大福町6-44","35.436687","136.739633"
"伊自良川緑地","岐阜県岐阜市旦ノ島西１－３５地先","35.437017","136.719122"
"島西運動場","岐阜県岐阜市旦島2-5","35.43172","136.723139"
"旦島南公園","岐阜県岐阜市旦島2-7-1","35.432799","136.722915"
"柳公園","岐阜県岐阜市旦島3-3","35.431458","136.720098"
"平島公園","岐阜県岐阜市旦島4-11","35.435195","136.719565"
"萱場西公園","岐阜県岐阜市旦島宮町1-31","35.436518","136.72923"
"長良川公園","岐阜県岐阜市池ノ上１－１２地先","35.44077","136.770943"
"池ノ上公園","岐阜県岐阜市池ノ上町2-36","35.430753","136.743852"
"茶屋新田運動場","岐阜県岐阜市茶屋新田字下村地先","35.35843","136.690286"
"日置江公園","岐阜県岐阜市茶屋新田上村地先","35.363314","136.690821"
"西郷中公園","岐阜県岐阜市中1-35-1","35.466229","136.705976"
"中屋運動場","岐阜県岐阜市中屋東２地先","35.490489","136.842092"
"西郷中央公園","岐阜県岐阜市中西郷1-41","35.464311","136.701079"
"西郷公民館","岐阜県岐阜市中西郷4-236","35.470672","136.696117"
"西郷小学校","岐阜県岐阜市中西郷4-261","35.471588","136.696812"
"雄日ケ丘公園","岐阜県岐阜市中川原1-97","35.443333","136.798314"
"岐阜聖徳学園高等学校校庭","岐阜県岐阜市中鶉1-50","35.38679","136.734491"
"鶉小学校","岐阜県岐阜市中鶉4-189-1","35.379162","136.73347"
"鶉公民館","岐阜県岐阜市中鶉7-11","35.378216","136.732657"
"岩戸公園","岐阜県岐阜市長森岩戸944-5","35.425552","136.783547"
"川原公園（細畑西公園）","岐阜県岐阜市長森細畑字下川原地内","35.400068","136.78258"
"沓掛公園","岐阜県岐阜市長森本町1-9-30","35.420465","136.797865"
"一楽公園","岐阜県岐阜市長良2-1-1","35.451109","136.781195"
"春田公園","岐阜県岐阜市長良2-151-1","35.451109","136.784831"
"長良小学校","岐阜県岐阜市長良259","35.446721","136.777111"
"長良公民館","岐阜県岐阜市長良259","35.446543","136.776377"
"真福寺中公園","岐阜県岐阜市長良3-61","35.454066","136.781896"
"長良東公民館","岐阜県岐阜市長良宮路町3-5-1","35.449798","136.780864"
"海用畑公園","岐阜県岐阜市長良校文町34","35.446575","136.778122"
"長良公園","岐阜県岐阜市長良字城之内1466-10","35.446788","136.783583"
"堀田緑地","岐阜県岐阜市長良字東野地先","35.441756","136.787319"
"鵜飼緑地","岐阜県岐阜市長良字東野地先","35.440601","136.786117"
"尾花公園","岐阜県岐阜市長良字尾花1246-4","35.451741","136.789781"
"岐山高等学校","岐阜県岐阜市長良小山田2587-1","35.457226","136.780078"
"東長良中学校","岐阜県岐阜市長良真生町3-27-4","35.448228","136.780755"
"長良東小学校","岐阜県岐阜市長良真生町3-9","35.449061","136.781507"
"長良高等学校","岐阜県岐阜市長良西後町1716-1","35.447251","136.780691"
"堀田公園","岐阜県岐阜市長良東1-91","35.44678","136.786548"
"山の下公園","岐阜県岐阜市長良東3-278","35.448507","136.790898"
"尾花自然公園","岐阜県岐阜市長良東3-95","35.450259","136.788875"
"松籟公園","岐阜県岐阜市長良洞2435-1","35.455906","136.787769"
"長良中学校","岐阜県岐阜市長良福光2070","35.446887","136.766099"
"長良川球技場メドゥ及び駐車場","岐阜県岐阜市長良福光字青襖2070-5","35.445092","136.766346"
"福光緑地","岐阜県岐阜市長良福光字青襖2070-5","35.446768","136.767407"
"長良広場","岐阜県岐阜市長良福光南町地内","35.441332","136.773859"
"津島公園","岐阜県岐阜市津島町5-28","35.434977","136.757771"
"岐阜市畜産センター公園","岐阜県岐阜市椿洞字中野","35.486394","136.764863"
"㈱日本キャンパック岐阜工場","岐阜県岐阜市鶴田町3-7-5","35.413899","136.770987"
"川原町広場","岐阜県岐阜市堤外","35.436432","136.772444"
"金竜公園","岐阜県岐阜市田端町1-10","35.416384","136.769475"
"朝日大学ＰＤＩ岐阜歯科診療所","岐阜県岐阜市都通5-15","35.414594","136.746782"
"亀の渡公園","岐阜県岐阜市島田1-1","35.42343","136.73987"
"岐阜競輪場駐車場","岐阜県岐阜市東栄町5","35.412381","136.783498"
"東改田公園","岐阜県岐阜市東改田312","35.44876","136.713369"
"東島公園","岐阜県岐阜市東島2-7","35.425359","136.738421"
"東島北公園","岐阜県岐阜市東島4-8-1","35.428809","136.737693"
"天王公園","岐阜県岐阜市東鶉5-94","35.377542","136.743189"
"末広公園","岐阜県岐阜市洞字稲木964","35.469192","136.716101"
"黒野洞公園","岐阜県岐阜市洞字桜池727-2","35.469738","136.720578"
"蝉丸公園","岐阜県岐阜市南蝉1-29","35.445935","136.762851"
"池田公園","岐阜県岐阜市南蝉2-89","35.447331","136.759633"
"すみれ公園","岐阜県岐阜市南鶉3-95-1","35.374737","136.736336"
"日光コミュニティセンター駐車場","岐阜県岐阜市日光町9-1-3","35.436369","136.745511"
"日光公園","岐阜県岐阜市日光町9-28","35.437041","136.744467"
"日置江公民館","岐阜県岐阜市日置江1859-1","35.37411","136.70693"
"華西公園","岐阜県岐阜市日置江2-19-80","35.371905","136.708765"
"且格小学校","岐阜県岐阜市日置江3-1859-1","35.373803","136.706257"
"日野公民館","岐阜県岐阜市日野西4-2-6","35.43651","136.803366"
"日野堂後公園","岐阜県岐阜市日野中川原3982","35.444292","136.811493"
"日野坂公園","岐阜県岐阜市日野東8-12-7","35.428813","136.817027"
"日野中央公園","岐阜県岐阜市日野南1-17","35.42988","136.80278"
"日野本郷公園","岐阜県岐阜市日野南4-16","35.430001","136.809491"
"日野橋公園","岐阜県岐阜市日野南6-3","35.429204","136.815064"
"城美北公園","岐阜県岐阜市日野南8-14-3","35.428211","136.809465"
"城美南公園","岐阜県岐阜市日野南8-23-1","35.425536","136.811105"
"城美東公園","岐阜県岐阜市日野南8-37-7","35.427521","136.813209"
"城美西公園","岐阜県岐阜市日野南8-5-1","35.427111","136.80738"
"日野小学校","岐阜県岐阜市日野北1-4-1","35.438297","136.803423"
"清眺台第二公園","岐阜県岐阜市日野北5-21","35.44069","136.814922"
"清眺台公園","岐阜県岐阜市日野北5-8-1","35.442318","136.815676"
"うさぎ公園","岐阜県岐阜市日野北7-2-19","35.443373","136.821533"
"梅林公園（山地を除く）","岐阜県岐阜市梅林南町","35.418103","136.771138"
"白菊公園","岐阜県岐阜市白菊町6-19","35.434284","136.737768"
"白山公民館","岐阜県岐阜市白山町2-1","35.412815","136.766909"
"白山小学校","岐阜県岐阜市白山町2-1-1","35.412831","136.766113"
"白木町公園","岐阜県岐阜市白木町28-2","35.428197","136.765511"
"八ッ梅公園","岐阜県岐阜市八ツ梅町3-8","35.423402","136.75335"
"北部コミュニティセンター駐車場","岐阜県岐阜市八代1-11-13","35.459516","136.772719"
"ゆずり花公園","岐阜県岐阜市八代2-14","35.460868","136.769941"
"福光中央公園（市民球場）","岐阜県岐阜市八代2-8","35.459106","136.770279"
"八代公園","岐阜県岐阜市八代3-14","35.461199","136.773126"
"美江寺公園","岐阜県岐阜市美江寺町1-1","35.425658","136.761458"
"美島公園","岐阜県岐阜市美島町3-25","35.43618","136.750094"
"彦坂公園","岐阜県岐阜市彦坂川北104","35.498351","136.742565"
"出雲公園","岐阜県岐阜市敷島町10-4","35.406367","136.728991"
"どんぐり公園","岐阜県岐阜市福光西1-16-3","35.45279","136.767704"
"お茶の木公園","岐阜県岐阜市福光西3-6","35.455475","136.769828"
"太田北公園","岐阜県岐阜市福光東1-34","35.4524","136.77238"
"松原公園","岐阜県岐阜市福光東3-15","35.456531","136.775089"
"福光東公園","岐阜県岐阜市福光東3-19-1","35.457003","136.772599"
"太田西公園","岐阜県岐阜市福光南町18-21","35.44931","136.767675"
"聖マリア女学院高等学校校庭","岐阜県岐阜市福富201","35.485372","136.815928"
"北東部コミュニティセンター駐車場","岐阜県岐阜市福富迎田6-1","35.478882","136.825714"
"桜ケ丘公園","岐阜県岐阜市弁天町2-11","35.419804","136.747356"
"岐阜競輪場東駐車場","岐阜県岐阜市北一色3","35.41188","136.785838"
"長森西公民館","岐阜県岐阜市北一色5-5-1","35.412478","136.788676"
"長森西小学校","岐阜県岐阜市北一色5-5-1","35.412125","136.789126"
"柿ヶ瀬公園","岐阜県岐阜市北柿ケ瀬107","35.448523","136.731456"
"北山公園","岐阜県岐阜市北山3-2-5","35.45826","136.858188"
"竜万公園","岐阜県岐阜市北島2-5","35.427659","136.7288"
"北島公園","岐阜県岐阜市北島6-12","35.430858","136.730139"
"島公民館","岐阜県岐阜市北島7-6-12","35.428764","136.734342"
"島小学校","岐阜県岐阜市北島7-6-12","35.429361","136.734731"
"県立岐阜盲学校","岐阜県岐阜市北野町70-1","35.427246","136.75295"
"三輪北公民館","岐阜県岐阜市北野東356","35.503897","136.832985"
"三輪北小学校","岐阜県岐阜市北野東356","35.504185","136.833923"
"岐阜ファミリーパーク","岐阜県岐阜市北野北","35.517569","136.831801"
"本郷公園","岐阜県岐阜市本郷町2-1","35.422064","136.750003"
"明郷小学校","岐阜県岐阜市本郷町3-1","35.422219","136.748779"
"本郷公民館","岐阜県岐阜市本郷町3-1","35.421623","136.7485"
"岐南工業高等学校","岐阜県岐阜市本荘3456-19","35.405223","136.730586"
"八ツ草公園","岐阜県岐阜市本荘3456-6","35.40272","136.730714"
"本荘西公園","岐阜県岐阜市本荘西1-64","35.409916","136.733613"
"岐阜県農業技術センター","岐阜県岐阜市又丸729-1","35.441716","136.69983"
"又丸公園","岐阜県岐阜市又丸津島63","35.435353","136.701205"
"長良西公民館","岐阜県岐阜市万代町2-5-1","35.445715","136.769395"
"ポケットパーク名水","岐阜県岐阜市湊町地内","35.438063","136.773649"
"中央青少年会館・子ども若者総合支援センター・ことばの教室","岐阜県岐阜市明徳町11","35.423995","136.757338"
"明徳公民館","岐阜県岐阜市明徳町11","35.423701","136.757863"
"木ノ下公園","岐阜県岐阜市木ノ下町7","35.40802","136.7827"
"木ノ本公園（木之本公園）","岐阜県岐阜市木ノ本町1-17","35.414062","136.749227"
"木之本公民館","岐阜県岐阜市木ノ本町1-18","35.414433","136.748245"
"徹明さくら小学校","岐阜県岐阜市木ノ本町1-18","35.41487","136.748107"
"木田小学校","岐阜県岐阜市木田2-173","35.443462","136.719214"
"東木田公園","岐阜県岐阜市木田3-95","35.44482","136.722595"
"木田公民館","岐阜県岐阜市木田479-5","35.441894","136.719481"
"板屋テニスコート","岐阜県岐阜市木田5","35.450913","136.724359"
"西木田公園","岐阜県岐阜市木田字新屋敷1-1","35.446099","136.714079"
"柿ヶ瀬緑地","岐阜県岐阜市木田字森元2062-1","35.444508","136.731941"
"門屋公園","岐阜県岐阜市門屋門99-1","35.497806","136.833953"
"長森北小学校","岐阜県岐阜市野一色3-1-3","35.415384","136.799269"
"長森中学校","岐阜県岐阜市野一色4-11-1","35.412573","136.800054"
"長森北公民館","岐阜県岐阜市野一色4-11-3","35.413196","136.800876"
"野一色公園","岐阜県岐阜市野一色4-14","35.411865","136.801771"
"学校法人富田学園校庭","岐阜県岐阜市野一色4-17-1","35.412041","136.80291"
"岐阜大学","岐阜県岐阜市柳戸1-1","35.465186","136.737571"
"柳森公園","岐阜県岐阜市柳森町2-20","35.401997","136.736114"
"宮下公園","岐阜県岐阜市柳津町下佐波3-181","35.359976","136.721919"
"宮下コミュニティ会館","岐阜県岐阜市柳津町下佐波4-37","35.359523","136.722125"
"もえぎの里・もえぎの里多目的体育館","岐阜県岐阜市柳津町下佐波西1-15","35.364242","136.718382"
"柳津小学校","岐阜県岐阜市柳津町丸野1-1","35.368135","136.730342"
"カラフルタウン岐阜駐車場","岐阜県岐阜市柳津町丸野3-3-6","35.363105","136.729215"
"丸野公園","岐阜県岐阜市柳津町丸野5-99-1","35.359798","136.728111"
"柳津公民館","岐阜県岐阜市柳津町宮東1-1","35.366198","136.737441"
"宮東公園","岐阜県岐阜市柳津町宮東2-168","35.367971","136.738608"
"柳津花木園","岐阜県岐阜市柳津町宮東3-121","35.369483","136.739043"
"高桑公園","岐阜県岐阜市柳津町高桑3-14","35.357467","136.710244"
"高桑コミュニティ会館","岐阜県岐阜市柳津町高桑3-28","35.356807","136.710714"
"岐阜聖徳学園大学","岐阜県岐阜市柳津町高桑西1-1","35.36195","136.706694"
"高桑運動広場","岐阜県岐阜市柳津町高桑堤外3-102","35.352871","136.708308"
"坂巻運動広場","岐阜県岐阜市柳津町佐波6397-1","35.354435","136.725198"
"境川緑道公園","岐阜県岐阜市柳津町佐波字玄番堤外","35.367396","136.725024"
"宮上公園","岐阜県岐阜市柳津町上佐波2-272","35.372133","136.724101"
"宮上ふれあい会館","岐阜県岐阜市柳津町上佐波2-326","35.371268","136.721421"
"上佐波西公園","岐阜県岐阜市柳津町上佐波5-128-5","35.372521","136.712862"
"境川中学校","岐阜県岐阜市柳津町上佐波東3-70","35.37046","136.727534"
"東塚南公園","岐阜県岐阜市柳津町東塚2-138","35.366378","136.752629"
"東栄会館","岐阜県岐阜市柳津町東塚2-151","35.365791","136.752858"
"東塚公園","岐阜県岐阜市柳津町東塚2-26","35.367056","136.752952"
"南塚東公園","岐阜県岐阜市柳津町南塚1-82","35.364185","136.738443"
"南塚会館","岐阜県岐阜市柳津町南塚4-35","35.362406","136.733217"
"南塚公園","岐阜県岐阜市柳津町南塚4-47","35.362399","136.73407"
"北塚会館","岐阜県岐阜市柳津町北塚2-60-1","35.367034","136.734723"
"羽島北高等学校","岐阜県岐阜市柳津町北塚3-110","35.370435","136.735199"
"柳津運動場","岐阜県岐阜市柳津町北塚4-94","35.370112","136.732668"
"北塚公園","岐阜県岐阜市柳津町北塚5-1-1","35.366967","136.733333"
"イオン柳津店駐車場（立体駐車場含む）","岐阜県岐阜市柳津町本郷4-1-1","35.367844","136.744128"
"流通センター公園","岐阜県岐阜市柳津町流通センター1-13","35.366034","136.708446"
"ビバホーム屋上駐車場","岐阜県岐阜市柳津町流通センター1-52","35.369803","136.710362"
"本郷会館","岐阜県岐阜市柳津町蓮池1-78","35.365296","136.74485"
"蓮池公園","岐阜県岐阜市柳津町蓮池1-80","35.365293","136.745382"
"ぎふ結のもり","岐阜県岐阜市薮田南2-1-1","35.3927","136.72361"
"薮田公園","岐阜県岐阜市薮田南5-10","35.390129","136.715303"
"岐阜県県民ふれあい会館","岐阜県岐阜市薮田南5-14-53","35.39262","136.714828"
"おぶさ桜公園","岐阜県岐阜市雄総桜町2-15","35.440935","136.789612"
"荒田公園","岐阜県岐阜市六条大溝4-15-1","35.38939","136.72963"
"新田公園","岐阜県岐阜市六条大溝4-7-1","35.39153","136.73343"
"陽南中学校","岐阜県岐阜市六条東1-1-1","35.404612","136.745134"
"三里公民館","岐阜県岐阜市六条東2-14-9","35.40269","136.743607"
"福寿公園","岐阜県岐阜市六条南1-7-1","35.398542","136.744466"
"入の元公園","岐阜県岐阜市六条南2-2-7","35.399425","136.740977"
"六条中公園","岐阜県岐阜市六条南2-9-10","35.39642","136.73972"
"空下公園","岐阜県岐阜市六条南3-1-6","35.39592","136.74103"
"六条南公園","岐阜県岐阜市六条南3-11-1","35.393883","136.738563"
"三里小学校","岐阜県岐阜市六条北2-5-1","35.402658","136.742013"
"三里公園","岐阜県岐阜市六条北2-7-11","35.401416","136.742747"
"希望の森公園","岐阜県岐阜市六条北3-17-1","35.402577","136.739418"
"六条北公園","岐阜県岐阜市六条北4-18-1","35.40151","136.738427"
"鶯谷中学高等学校校庭","岐阜県岐阜市鶯谷町7","35.424198","136.766819"
"鶉緑地","岐阜県岐阜市鶉字堤外17-1","35.372747","136.734501"
"聖徳学園野球場","岐阜県岐阜市鶉前堤外3-1","35.371128","136.73016"
"高鷲板橋集会所","岐阜県郡上市高鷲町ひるがの2375-31","36.002581","136.927933"
"高鷲板橋集会所駐車場","岐阜県郡上市高鷲町ひるがの2375-31","36.00246","136.928024"
"高鷲ひるがの老人憩いの家","岐阜県郡上市高鷲町ひるがの4670-101","36.00269","136.90443"
"高鷲北小学校グラウンド","岐阜県郡上市高鷲町ひるがの4670-282","36.000077","136.901503"
"高鷲北小学校体育館","岐阜県郡上市高鷲町ひるがの4670-282","36.000335","136.900927"
"高鷲鮎走公民館駐車場","岐阜県郡上市高鷲町鮎立2759-3","35.942692","136.861178"
"高鷲鮎走公民館","岐阜県郡上市高鷲町鮎立2759-3","35.942552","136.861393"
"高鷲鮎走老人憩いの家","岐阜県郡上市高鷲町鮎立2769-1","35.942473","136.860919"
"高鷲切立集会所駐車場","岐阜県郡上市高鷲町鮎立3997","35.931161","136.874301"
"高鷲切立集会所","岐阜県郡上市高鷲町鮎立3997","35.931248","136.874284"
"高鷲切立多目的運動広場","岐阜県郡上市高鷲町鮎立4318","35.932406","136.872562"
"高鷲小洞集会所","岐阜県郡上市高鷲町鮎立720-1","35.949211","136.84765"
"高鷲西洞集会所","岐阜県郡上市高鷲町西洞2619","35.978208","136.881373"
"高鷲西洞運動広場","岐阜県郡上市高鷲町西洞3215-3","35.98132","136.886936"
"高鷲西洞体育館","岐阜県郡上市高鷲町西洞3215-3","35.981167","136.887334"
"たかす町民センター駐車場","岐阜県郡上市高鷲町大鷲1244-8","35.951909","136.874691"
"たかす町民センター","岐阜県郡上市高鷲町大鷲1244-8","35.952078","136.875455"
"たかす町民センターグラウンド","岐阜県郡上市高鷲町大鷲1244-8","35.95227","136.874852"
"高鷲中洞老人憩いの家","岐阜県郡上市高鷲町大鷲1636-2","35.954945","136.878391"
"高鷲デイサービスセンター","岐阜県郡上市高鷲町大鷲201-2","35.945402","136.871929"
"高鷲デイサービスセンター駐車場","岐阜県郡上市高鷲町大鷲201-2","35.945196","136.871755"
"高鷲小学校グラウンド","岐阜県郡上市高鷲町大鷲2387-1","35.946746","136.878162"
"高鷲小学校体育館","岐阜県郡上市高鷲町大鷲2387-1","35.947064","136.878548"
"高鷲向鷲見集会所","岐阜県郡上市高鷲町大鷲2437-1","35.946301","136.87935"
"高鷲中洞集会所","岐阜県郡上市高鷲町大鷲842-2","35.948666","136.877173"
"高鷲鷲見集会所駐車場","岐阜県郡上市高鷲町鷲見1420","35.968982","136.927654"
"高鷲鷲見老人憩いの家","岐阜県郡上市高鷲町鷲見1479-1","35.970176","136.929174"
"高鷲上野ふれあい体育館駐車場","岐阜県郡上市高鷲町鷲見2616-1","35.975505","136.910017"
"高鷲上野ふれあい体育館","岐阜県郡上市高鷲町鷲見2616-1","35.975683","136.910285"
"高鷲上野集会所","岐阜県郡上市高鷲町鷲見5106-1","35.975956","136.909586"
"高鷲上野集会所駐車場","岐阜県郡上市高鷲町鷲見5106-1","35.975848","136.909502"
"河辺集会所","岐阜県郡上市大和町河辺526","35.793629","136.910044"
"旧大和南小学校体育館","岐阜県郡上市大和町河辺951-2","35.803297","136.906932"
"上栗巣体育館","岐阜県郡上市大和町栗巣1934-2","35.861334","136.944595"
"郡上特別支援学校体育館","岐阜県郡上市大和町栗巣32-1","35.818079","136.940671"
"大和中学校武道場","岐阜県郡上市大和町剣100","35.81577","136.899775"
"大和中学校体育館","岐阜県郡上市大和町剣100","35.815544","136.90014"
"大和中学校グラウンド","岐阜県郡上市大和町剣100","35.814735","136.899667"
"大和小学校体育館","岐阜県郡上市大和町剣1085-1","35.822588","136.892685"
"大和小学校グラウンド","岐阜県郡上市大和町剣1085-1","35.821714","136.892562"
"剣中公民館","岐阜県郡上市大和町剣1290-1","35.82273","136.892371"
"道の駅古今伝授の里やまと駐車場","岐阜県郡上市大和町剣164","35.81586","136.902299"
"大和生涯学習センターグラウンド","岐阜県郡上市大和町剣4-5","35.811892","136.897012"
"大間見体育館","岐阜県郡上市大和町大間見1572","35.85809","136.904991"
"福田研修所","岐阜県郡上市大和町島1046-3","35.785732","136.907108"
"西公民館","岐阜県郡上市大和町島2657-1","35.792792","136.906983"
"旧大和西小学校グラウンド","岐阜県郡上市大和町島3020","35.792704","136.905916"
"旧大和西小学校体育館","岐阜県郡上市大和町島3020","35.793016","136.905495"
"古今伝授の里運動公園","岐阜県郡上市大和町島4450","35.794147","136.901947"
"大和幼児教育センターやまびこ園運動場","岐阜県郡上市大和町島5327","35.796921","136.906885"
"大和幼児教育センターやまびこ園","岐阜県郡上市大和町島5327","35.797604","136.906476"
"やまと総合センター","岐阜県郡上市大和町徳永290","35.805687","136.90087"
"徳永公民館","岐阜県郡上市大和町徳永327","35.807117","136.903726"
"郡上市役所大和庁舎駐車場","岐阜県郡上市大和町徳永585","35.807053","136.901362"
"大和保健福祉センターやまつつじ","岐阜県郡上市大和町徳永618","35.807204","136.900311"
"フィールドミュージアム第２駐車場","岐阜県郡上市大和町牧785","35.810972","136.922515"
"中万場集会所","岐阜県郡上市大和町万場1606-1","35.83951","136.879112"
"万場公民館","岐阜県郡上市大和町万場1733","35.83787","136.88084"
"旧大和第一北小学校グラウンド","岐阜県郡上市大和町万場1950","35.835859","136.88233"
"旧大和第一北小学校体育館","岐阜県郡上市大和町万場1950","35.836349","136.881967"
"下万場集会所","岐阜県郡上市大和町万場2572-1","35.831834","136.881993"
"上万場集会所","岐阜県郡上市大和町万場719","35.846989","136.875529"
"落部公民館","岐阜県郡上市大和町落部1601-1","35.811513","136.883923"
"阿多岐集会所・牛道地区第１体育館駐車場","岐阜県郡上市白鳥町阿多岐1940-1","35.914423","136.91402"
"阿多岐集会所・牛道地区第１体育館","岐阜県郡上市白鳥町阿多岐1940-1","35.914573","136.913868"
"為真中央生活改善センター","岐阜県郡上市白鳥町為真1015-20","35.876884","136.861859"
"郡上北高等学校グラウンド","岐阜県郡上市白鳥町為真1265-2","35.884171","136.864226"
"郡上北高等学校体育館","岐阜県郡上市白鳥町為真1265-2","35.885023","136.863823"
"為真小向集会所","岐阜県郡上市白鳥町為真1948-1","35.875289","136.872723"
"郡上市合併記念公園（総合グラウンド）","岐阜県郡上市白鳥町為真2062-1","35.882564","136.866784"
"白鳥中学校体育館","岐阜県郡上市白鳥町為真761-1","35.880469","136.866395"
"白鳥中学校グラウンド","岐阜県郡上市白鳥町為真761-1","35.878374","136.86577"
"恩地農村センター","岐阜県郡上市白鳥町恩地300-1","35.884744","136.88178"
"恩地農村センター広場","岐阜県郡上市白鳥町恩地300-1","35.884888","136.881715"
"干田野集会所","岐阜県郡上市白鳥町干田野1182-1","35.932706","136.823833"
"白鳥地域特産物振興センター","岐阜県郡上市白鳥町向小駄良693-2","35.881616","136.854797"
"石徹白上在所コミュニティセンター駐車場","岐阜県郡上市白鳥町石徹白3-32-1","35.990855","136.768969"
"石徹白上在所コミュニティセンター","岐阜県郡上市白鳥町石徹白3-32-1","35.990872","136.768749"
"石徹白農村センター","岐阜県郡上市白鳥町石徹白36-51-1","35.973667","136.771396"
"石徹白小学校グラウンド","岐阜県郡上市白鳥町石徹白39-2","35.973098","136.770899"
"石徹白小学校体育館","岐阜県郡上市白鳥町石徹白39-2","35.973321","136.771371"
"石徹白高齢者福祉支援センター","岐阜県郡上市白鳥町石徹白39-5-1","35.972998","136.77044"
"カルヴィラいとしろ","岐阜県郡上市白鳥町石徹白57-100","35.974386","136.77744"
"カルヴィラいとしろ駐車場","岐阜県郡上市白鳥町石徹白57-100","35.974067","136.777096"
"大島南部会館","岐阜県郡上市白鳥町大島1324-2","35.855945","136.864727"
"上野ふれあいと憩の広場公園","岐阜県郡上市白鳥町大島1806-20","35.867094","136.863454"
"牛道小学校グラウンド","岐阜県郡上市白鳥町中西499-1","35.891131","136.891292"
"牛道小学校体育館","岐阜県郡上市白鳥町中西499-1","35.891384","136.891844"
"白鳥東部デイサービスセンター","岐阜県郡上市白鳥町中西509-1","35.892323","136.891204"
"中西区民センター","岐阜県郡上市白鳥町中西584-21","35.89059","136.889881"
"中津屋伝統芸能継承センター駐車場","岐阜県郡上市白鳥町中津屋846-1","35.851594","136.87758"
"中津屋伝統芸能継承センター","岐阜県郡上市白鳥町中津屋846-1","35.85176","136.877419"
"長滝コミュニティセンター","岐阜県郡上市白鳥町長滝77-1","35.92117","136.83109"
"那留農業技術研修センター","岐阜県郡上市白鳥町那留1198-2","35.874188","136.885673"
"那留小学校体育館","岐阜県郡上市白鳥町那留1450-1","35.871837","136.884161"
"那留小学校グラウンド","岐阜県郡上市白鳥町那留1450-1","35.871639","136.883903"
"那留山村広場グラウンド","岐阜県郡上市白鳥町那留1498-119","35.869454","136.883513"
"丸山公園","岐阜県郡上市白鳥町那留1502-480","35.874095","136.880682"
"二日町地区第２コミュニティ消防センター","岐阜県郡上市白鳥町二日町1249-1","35.897578","136.851255"
"北濃小学校グラウンド","岐阜県郡上市白鳥町二日町153-1","35.914936","136.839749"
"北濃小学校体育館","岐阜県郡上市白鳥町二日町153-1","35.915286","136.839794"
"二日町地区防災拠点施設広場","岐阜県郡上市白鳥町二日町277-1","35.912678","136.84235"
"二日町地区防災拠点施設","岐阜県郡上市白鳥町二日町277-1","35.913071","136.842307"
"二日町八幡神社","岐阜県郡上市白鳥町二日町335","35.911375","136.843515"
"二日町農村センター広場","岐阜県郡上市白鳥町二日町874-1","35.905963","136.847546"
"白鳥小学校グラウンド","岐阜県郡上市白鳥町白鳥10-2","35.88115","136.857659"
"白鳥地区介護予防拠点施設","岐阜県郡上市白鳥町白鳥131-1","35.883207","136.859508"
"美濃白鳥駅前広場","岐阜県郡上市白鳥町白鳥158-1","35.885017","136.860113"
"白鳥駅前避難地","岐阜県郡上市白鳥町白鳥194-2","35.885229","136.860286"
"白鳥ふれあい創造館","岐阜県郡上市白鳥町白鳥359-26","35.887131","136.861436"
"白鳥ふれあい創造館駐車場","岐阜県郡上市白鳥町白鳥359-26","35.887407","136.860742"
"郡上市役所白鳥庁舎駐車場","岐阜県郡上市白鳥町白鳥38-1","35.881465","136.859455"
"野添集会所広場","岐阜県郡上市白鳥町野添677","35.893383","136.901771"
"野添集会所","岐阜県郡上市白鳥町野添677","35.89333","136.901991"
"六ノ里地区防災拠点施設","岐阜県郡上市白鳥町六ノ里1114-4","35.888178","136.940064"
"六ノ里集会所・牛道地区第２体育館駐車場","岐阜県郡上市白鳥町六ノ里1669-1","35.893996","136.922439"
"六ノ里集会所・牛道地区第２体育館","岐阜県郡上市白鳥町六ノ里1669-1","35.894135","136.922434"
"郡上市総合スポーツセンター","岐阜県郡上市八幡町旭1130-1","35.751946","136.967001"
"郡上八幡総合運動場","岐阜県郡上市八幡町旭1514-2","35.759165","136.981841"
"郡上八幡西安久田農林集会所","岐阜県郡上市八幡町安久田1085","35.736586","136.966759"
"中野避難地","岐阜県郡上市八幡町稲成361-6","35.739991","136.948"
"中野集会所","岐阜県郡上市八幡町稲成361-6","35.740074","136.94793"
"穀見集会所","岐阜県郡上市八幡町稲成780","35.734875","136.955521"
"千虎集会所","岐阜県郡上市八幡町吉野259-1","35.719317","136.947771"
"八幡第２公民館","岐阜県郡上市八幡町五町3-18","35.756746","136.944592"
"五町社会体育施設グラウンド","岐阜県郡上市八幡町五町4-1-3","35.756279","136.942084"
"口明方小学校グラウンド","岐阜県郡上市八幡町市島932","35.783761","137.009244"
"口明方小学校体育館","岐阜県郡上市八幡町市島932","35.784009","137.009046"
"口明方コミュニティ消防センター","岐阜県郡上市八幡町市島945-1","35.78456","137.009749"
"川合小学校グラウンド","岐阜県郡上市八幡町初音1080","35.770839","136.952943"
"川合小学校体育館","岐阜県郡上市八幡町初音1080","35.77113","136.952428"
"郡上八幡川合農村環境改善センター","岐阜県郡上市八幡町初音1135-2","35.771086","136.951876"
"小那比公民館","岐阜県郡上市八幡町小那比3115-1","35.658951","137.028928"
"おなび生きがいセンター","岐阜県郡上市八幡町小那比6270-1","35.661653","137.022976"
"郡上八幡小那比山村広場","岐阜県郡上市八幡町小那比6270-2","35.661466","137.023304"
"八幡中学校グラウンド","岐阜県郡上市八幡町小野8-5-1","35.756418","136.973927"
"八幡中学校体育館","岐阜県郡上市八幡町小野8-5-1","35.756222","136.973224"
"郡上八幡青少年センター","岐阜県郡上市八幡町小野8-5-2","35.755666","136.973624"
"郡上高等学校体育館","岐阜県郡上市八幡町小野970","35.754409","136.964126"
"郡上高等学校グラウンド","岐阜県郡上市八幡町小野970","35.755351","136.965119"
"八幡西中学校体育館・格技場","岐阜県郡上市八幡町西乙原254-1","35.709926","136.950694"
"八幡西中学校グラウンド","岐阜県郡上市八幡町西乙原254-1","35.709146","136.950378"
"相生小学校体育館","岐阜県郡上市八幡町相生1358","35.714164","136.950059"
"相生小学校グラウンド","岐阜県郡上市八幡町相生1358","35.714354","136.950472"
"相生公民館","岐阜県郡上市八幡町相生1371-10","35.714003","136.950887"
"郡上八幡中央公園","岐阜県郡上市八幡町大正町29","35.747744","136.949801"
"郡上八幡南部コミュニティ消防センター","岐阜県郡上市八幡町大正町54","35.747928","136.950463"
"中坪４区集会所","岐阜県郡上市八幡町中坪99-1","35.758194","136.953868"
"八幡公民館","岐阜県郡上市八幡町殿町46-1","35.754315","136.95684"
"郡上八幡中央コミュニティ消防センター","岐阜県郡上市八幡町島谷1010-2","35.74706","136.957036"
"栄町・今・今小町集会所","岐阜県郡上市八幡町島谷1123","35.747694","136.954452"
"郡上市総合文化センター","岐阜県郡上市八幡町島谷207-1","35.749339","136.964301"
"郡上市総合文化センター駐車場","岐阜県郡上市八幡町島谷207-1","35.749421","136.964882"
"八幡小学校体育館","岐阜県郡上市八幡町島谷8","35.750236","136.961747"
"八幡小学校グラウンド","岐阜県郡上市八幡町島谷8","35.750131","136.962169"
"那比社会体育施設","岐阜県郡上市八幡町那比3068","35.706409","136.897174"
"那比社会体育施設グラウンド","岐阜県郡上市八幡町那比3068","35.706629","136.89697"
"那比公民館","岐阜県郡上市八幡町那比3068","35.706117","136.8969"
"旧西和良小学校グラウンド","岐阜県郡上市八幡町美山2525","35.740011","137.008065"
"旧西和良小学校体育館","岐阜県郡上市八幡町美山2525","35.740144","137.007227"
"西和良公民館","岐阜県郡上市八幡町美山2643","35.739977","137.006416"
"郡上市滞在型コンベンション施設「ホテル積翠園」","岐阜県郡上市八幡町柳町511-2","35.753912","136.959312"
"勝更コミュニティ消防センター","岐阜県郡上市八幡町有坂1283-1","35.748427","136.945655"
"有坂会館","岐阜県郡上市八幡町有坂312-4","35.764094","136.9385"
"美並健康増進センター","岐阜県郡上市美並町三戸1059-1","35.68401","136.966994"
"美並北部コミュニティーセンター駐車場","岐阜県郡上市美並町三戸1059-1","35.68438","136.966908"
"美並相戸公民館","岐阜県郡上市美並町三戸1138","35.682636","136.96881"
"美並深戸転作技術研修センター","岐阜県郡上市美並町三戸332","35.687151","136.959842"
"円山集会所","岐阜県郡上市美並町山田1201-60","35.67885","136.956161"
"円山集会所広場","岐阜県郡上市美並町山田1201-60","35.678876","136.955856"
"美並くじ本転作技術研修センター","岐阜県郡上市美並町山田1493-43","35.681208","136.961602"
"旧北グラウンド駐車場","岐阜県郡上市美並町山田1616-1","35.681365","136.964329"
"美並門福手集会所","岐阜県郡上市美並町山田1809-1","35.683777","136.963039"
"美並杉原集会所","岐阜県郡上市美並町山田356","35.675399","136.950216"
"美並杉原集会所駐車場","岐阜県郡上市美並町山田356","35.675402","136.950348"
"赤池集会所","岐阜県郡上市美並町山田930","35.672176","136.959386"
"赤池集会所駐車場","岐阜県郡上市美並町山田930","35.672298","136.959257"
"下田公民館","岐阜県郡上市美並町上田425-1","35.643516","136.948123"
"吉田小学校グラウンド","岐阜県郡上市美並町上田69","35.639907","136.945729"
"吉田小学校体育館","岐阜県郡上市美並町上田69","35.639855","136.945204"
"美並南部コミュニティセンター広場","岐阜県郡上市美並町大原1074-2","35.638445","136.951493"
"美並南部グラウンド","岐阜県郡上市美並町大原1079","35.639173","136.951805"
"美並南部体育館","岐阜県郡上市美並町大原1111-1","35.638516","136.951981"
"下大矢集会所","岐阜県郡上市美並町大原1553","35.635063","136.952757"
"日本まん真ん中温泉子宝の湯駐車場","岐阜県郡上市美並町大原2709","35.626793","136.949927"
"美並勝原公民館","岐阜県郡上市美並町大原2821-1","35.62339","136.951131"
"黒地集会所","岐阜県郡上市美並町大原3120-1-1","35.613962","136.943862"
"美並梅原集会所","岐阜県郡上市美並町梅原294","35.693116","136.964079"
"幼児教育センターみなみ園","岐阜県郡上市美並町白山1290-1","35.654722","136.947131"
"郡南中学校体育館","岐阜県郡上市美並町白山1331-1","35.653057","136.949877"
"郡南中学校グラウンド","岐阜県郡上市美並町白山1331-1","35.653581","136.950488"
"美並福野公民館","岐阜県郡上市美並町白山1426-1","35.649345","136.95099"
"美並健康福祉センターさつき苑","岐阜県郡上市美並町白山430-3","35.665266","136.965002"
"美並総合体育館","岐阜県郡上市美並町白山430-31","35.665375","136.964643"
"日本まん真ん中センター","岐阜県郡上市美並町白山430-4","35.66543","136.963529"
"まん真ん中広場","岐阜県郡上市美並町白山437","35.666221","136.96534"
"三城小学校体育館","岐阜県郡上市美並町白山745-1","35.660048","136.955174"
"三城小学校グラウンド","岐阜県郡上市美並町白山745-1","35.65976","136.954798"
"ふれあいの家","岐阜県郡上市明宝奥住1786-1","35.882868","137.066786"
"寒水掛踊り伝承館広場","岐阜県郡上市明宝寒水1241-1","35.855266","136.99039"
"寒水掛踊り伝承館","岐阜県郡上市明宝寒水1241-1","35.855261","136.990199"
"いこいの家","岐阜県郡上市明宝気良1798","35.874247","137.026461"
"するすみの家","岐阜県郡上市明宝気良503-1","35.862639","137.027699"
"明宝スポーツセンター広場","岐阜県郡上市明宝気良52","35.854009","137.029246"
"明宝スポーツセンター","岐阜県郡上市明宝気良52","35.853781","137.029316"
"明宝小学校グラウンド","岐阜県郡上市明宝気良88","35.854284","137.029983"
"小川小学校グラウンド","岐阜県郡上市明宝小川632","35.862378","137.123289"
"小川小学校体育館","岐阜県郡上市明宝小川632","35.862524","137.12364"
"小川交流センター","岐阜県郡上市明宝小川657-31","35.862475","137.122684"
"磨墨の里公園物産館","岐阜県郡上市明宝大谷1015","35.844741","137.028389"
"明宝中学校グラウンド","岐阜県郡上市明宝二間手267","35.855149","137.037783"
"明宝コミュニティセンター駐車場","岐阜県郡上市明宝二間手532","35.850467","137.032875"
"明宝コミュニティセンター","岐阜県郡上市明宝二間手532","35.850309","137.033093"
"ほほえみの家","岐阜県郡上市明宝畑佐349-3","35.861091","137.059956"
"安郷野集会所","岐阜県郡上市和良町安郷野13-1","35.753779","137.105095"
"横野ふれあいプラザ","岐阜県郡上市和良町横野1111-2","35.737485","137.065596"
"和良運動公園駐車場","岐阜県郡上市和良町宮地1155","35.742106","137.068029"
"和良運動公園広場","岐阜県郡上市和良町宮地1155","35.742867","137.068053"
"和良保育園広場","岐阜県郡上市和良町宮地397-10","35.741829","137.074806"
"和良保育園・和良児童館","岐阜県郡上市和良町宮地397-10","35.742071","137.07463"
"鹿倉ひまわりプラザ","岐阜県郡上市和良町鹿倉698","35.784449","137.080943"
"上沢集会所","岐阜県郡上市和良町沢44-1","35.743036","137.077499"
"和良町民センター","岐阜県郡上市和良町沢677-1","35.745769","137.077338"
"和良保健福祉歯科総合施設","岐阜県郡上市和良町沢865-1","35.747555","137.083129"
"和良保健福祉歯科総合施設駐車場","岐阜県郡上市和良町沢865-1","35.747659","137.083386"
"下沢いきがい施設","岐阜県郡上市和良町沢933-5","35.747934","137.083247"
"郡上東中学校運動場","岐阜県郡上市和良町法師丸196-1","35.744424","137.08623"
"郡上東中学校屋内運動場","岐阜県郡上市和良町法師丸196-1","35.743836","137.086159"
"野尻集会所","岐阜県郡上市和良町野尻244-2","35.749091","137.069202"
"山岡中学校","岐阜県恵那市岡町下手向182-4","35.355218","137.374784"
"田園空間ビジターセンター","岐阜県恵那市笠置町河合655-7","35.490151","137.328957"
"恵那北中学校","岐阜県恵那市笠置町河合980","35.480117","137.330775"
"笠置コミュニティセンター","岐阜県恵那市笠置町姫栗10-2","35.48661","137.345814"
"毛呂窪公民館","岐阜県恵那市笠置町毛呂窪","35.487859","137.378756"
"毛呂窪体育館","岐阜県恵那市笠置町毛呂窪1042","35.488635","137.378149"
"岩邑中学校","岐阜県恵那市岩村町1273-1","35.375452","137.439454"
"恵那特別支援学校","岐阜県恵那市岩村町133-3","35.365544","137.445249"
"岩邑小学校","岐阜県恵那市岩村町1524-1","35.368985","137.439947"
"岩村コミュニティセンター","岐阜県恵那市岩村町1657-1","35.365738","137.43495"
"旧岩村振興事務所駐車場","岐阜県恵那市岩村町545-1","35.364263","137.440415"
"飯峡会館","岐阜県恵那市岩村町飯羽間2601-3","35.385107","137.431968"
"ふるさと富田会館","岐阜県恵那市岩村町富田1916-3","35.376795","137.451003"
"串原コミュニティセンター","岐阜県恵那市串原3146-3","35.261526","137.405911"
"串原福祉センター","岐阜県恵那市串原3171-1","35.241656","137.387704"
"メダリオン・ベルグラビアリゾート","岐阜県恵那市串原3915","35.253292","137.429139"
"三郷小学校","岐阜県恵那市三郷町佐々良木1822","35.411403","137.365471"
"三郷コミュニティセンター","岐阜県恵那市三郷町佐々良木1839-4","35.410305","137.365412"
"恵那南部農業者トレーニングセンター","岐阜県恵那市三郷町野井1355-3","35.424274","137.383968"
"野井公民館","岐阜県恵那市三郷町野井1987-2","35.421924","137.382314"
"山岡小学校","岐阜県恵那市山岡町下手向1831","35.349601","137.382931"
"山岡Ｂ＆Ｇ海洋センター","岐阜県恵那市山岡町下手向33-1","35.353431","137.37604"
"釜屋公孫樹会館","岐阜県恵那市山岡町釜屋684-1","35.337339","137.373532"
"爪切地蔵ふれあい会館","岐阜県恵那市山岡町久保原382-1","35.369331","137.39361"
"原公民館","岐阜県恵那市山岡町原921-1","35.33024","137.355359"
"山岡グラウンド","岐阜県恵那市山岡町上手向1161-1","35.354395","137.376423"
"山岡農村環境改善センター","岐阜県恵那市山岡町上手向1228-1","35.352021","137.381155"
"田代集落農事集会所","岐阜県恵那市山岡町田代871-1","35.338809","137.323823"
"ひまわり会館","岐阜県恵那市山岡町田沢3154-1","35.345199","137.39561"
"さくら会館","岐阜県恵那市山岡町馬場山田970-1","35.355829","137.408072"
"上矢作小学校","岐阜県恵那市上矢作町1798-1","35.300429","137.502352"
"上矢作こども園","岐阜県恵那市上矢作町下720","35.274654","137.475401"
"上矢作基幹集落センター","岐阜県恵那市上矢作町漆原15-1","35.294493","137.484678"
"上矢作体育館","岐阜県恵那市上矢作町漆原33-2","35.294882","137.484056"
"上矢作コミュニティセンター","岐阜県恵那市上矢作町漆原44-2","35.295032","137.484559"
"上矢作中学校","岐阜県恵那市上矢作町漆原67","35.291775","137.487188"
"恵那高等学校","岐阜県恵那市大井町1023-1","35.453989","137.418128"
"恵那東中学校","岐阜県恵那市大井町1073-1","35.452363","137.420349"
"大井第二小学校","岐阜県恵那市大井町1982-1","35.462982","137.419523"
"中央公園","岐阜県恵那市大井町200-8","35.451363","137.411492"
"中山道大井宿広場","岐阜県恵那市大井町210-1","35.453224","137.408789"
"恵那農業高等学校","岐阜県恵那市大井町2625-17","35.465975","137.414264"
"シアター恵那","岐阜県恵那市大井町2709-55","35.477776","137.401547"
"養護老人ホーム恵光園","岐阜県恵那市大井町2716-166","35.464345","137.392327"
"恵那市福祉センター","岐阜県恵那市大井町727-11","35.453247","137.415961"
"城ヶ丘こども園","岐阜県恵那市大井町848-1","35.456289","137.415512"
"大井小学校","岐阜県恵那市大井町851-1","35.454854","137.416928"
"保古自然館","岐阜県恵那市中津川市茄子川1688-84","35.440467","137.496415"
"中野方コミュニティセンター","岐阜県恵那市中野方町1802-1","35.521253","137.306934"
"中野方小学校","岐阜県恵那市中野方町2353-1","35.523281","137.309276"
"中野方グラウンド","岐阜県恵那市中野方町2551-5","35.520704","137.311384"
"岐阜県森林組合連合会東濃支所","岐阜県恵那市長島町永田307-69","35.437045","137.405283"
"長島小学校","岐阜県恵那市長島町永田461-1","35.449406","137.403433"
"恵那北小学校","岐阜県恵那市長島町久須見177-4","35.47385","137.36047"
"恵那総合庁舎駐車場","岐阜県恵那市長島町正家1067-71","35.449967","137.432562"
"正家公民館","岐阜県恵那市長島町正家504-4","35.444009","137.41505"
"夢屋恵那店","岐阜県恵那市長島町正家689","35.444439","137.417565"
"まきがね西体育館","岐阜県恵那市長島町中野1269-182","35.441987","137.382588"
"恵那西中学校","岐阜県恵那市長島町中野1269-261","35.440516","137.381835"
"まきがね公園","岐阜県恵那市長島町中野1269-389","35.444251","137.385603"
"恵那市中央図書館","岐阜県恵那市長島町中野2-2-5","35.447849","137.410823"
"恵那文化センター","岐阜県恵那市長島町中野414-1","35.449874","137.404638"
"東野コミュニティセンター","岐阜県恵那市東野1342-1","35.442121","137.428481"
"東野小学校","岐阜県恵那市東野1346","35.441143","137.428123"
"飯地小学校","岐阜県恵那市飯地町26-4","35.485756","137.292013"
"飯地コミュニティセンター","岐阜県恵那市飯地町68-1","35.483753","137.292346"
"武並コミュニティセンター","岐阜県恵那市武並町竹折1059-36","35.439633","137.347207"
"武並小学校","岐阜県恵那市武並町竹折1059-91","35.439116","137.346297"
"クリスタルパーク恵那スケート場","岐阜県恵那市武並町竹折970-1","35.4325","137.355529"
"藤多目的研修センター","岐阜県恵那市武並町藤1712-6","35.454745","137.321937"
"明智かえでホール","岐阜県恵那市明智町1138-1","35.29984","137.390813"
"明智Ｂ＆Ｇ海洋センター","岐阜県恵那市明智町1138-1","35.300194","137.390693"
"明智小学校","岐阜県恵那市明智町122-2","35.310022","137.391801"
"明智文化センター","岐阜県恵那市明智町1860-6","35.304256","137.38901"
"明智中学校","岐阜県恵那市明智町60-1","35.308927","137.393018"
"明智コミュニティセンター","岐阜県恵那市明智町846-6","35.301676","137.386763"
"明智横通集会センター","岐阜県恵那市明智町986-69","35.287598","137.378166"
"阿妻公民館","岐阜県恵那市明智町阿妻211-1","35.273956","137.345252"
"吉良見消防センター","岐阜県恵那市明智町吉良見436-1","35.308432","137.355802"
"ふれあい会館吉良見","岐阜県恵那市明智町吉良見472-1","35.306697","137.355728"
"明智杉野集会センター","岐阜県恵那市明智町杉野900","35.318509","137.399605"
"明智東方センター","岐阜県恵那市明智町東方590","35.290664","137.422757"
"神明児童公園","岐阜県古井町下古井206","35.440254","137.020978"
"サンクラシック　ゴルフクラブ","岐阜県御嵩町比衣1097-1-1","35.454585","137.109861"
"宮中学校","岐阜県高山市一之宮町3072","36.082205","137.238584"
"一之宮公民館","岐阜県高山市一之宮町3087","36.082554","137.239821"
"モンデウス飛騨位山交流促進センター","岐阜県高山市一之宮町7846-1","36.061588","137.226281"
"奥飛驒ビジターセンター","岐阜県高山市奥飛騨温泉郷763-12","36.190066","137.551679"
"奥飛騨総合文化センター","岐阜県高山市奥飛騨温泉郷村上1480","36.246402","137.514437"
"栃尾小学校","岐阜県高山市奥飛騨温泉郷栃尾350","36.249258","137.514117"
"南小学校","岐阜県高山市岡本町1-18","36.140304","137.24734"
"岡本保育園","岐阜県高山市岡本町3-53-10","36.147575","137.246937"
"飛騨高山高校岡本校舎","岐阜県高山市下岡本町2000-30","36.147683","137.241304"
"中山中学校","岐阜県高山市下岡本町2663","36.155791","137.239392"
"高山西高校","岐阜県高山市下林町353","36.153848","137.224931"
"高山市役所","岐阜県高山市花岡町2-18","36.146145","137.251931"
"花里小学校","岐阜県高山市花里町1-54","36.13295","137.253034"
"崇教眞光青年会館","岐阜県高山市久々野町久々野111-1","36.063165","137.258771"
"久々野公民館","岐阜県高山市久々野町久々野1505-4","36.053247","137.276654"
"久々野小学校","岐阜県高山市久々野町久々野1772","36.051733","137.275574"
"久々野中学校","岐阜県高山市久々野町久々野2319","36.055732","137.280092"
"道の駅飛騨街道なぎさ","岐阜県高山市久々野町渚2685","36.006822","137.291667"
"小屋名活性化施設","岐阜県高山市久々野町小屋名1094-2","36.089976","137.306298"
"久々野多目的センター","岐阜県高山市久々野町無数河580-1","36.048463","137.275268"
"北小学校","岐阜県高山市桐生町2-21","36.152869","137.252967"
"江名子小学校","岐阜県高山市江名子町2838","36.135778","137.279645"
"上江ふれあいセンター","岐阜県高山市江名子町4198","36.13007","137.287576"
"高根多目的センター","岐阜県高山市高根町上ケ洞481","36.03642","137.48378"
"飛騨高山御嶽トレ－ニングセンター","岐阜県高山市高根町日和田1180","36.001443","137.532858"
"宇津江公民館","岐阜県高山市国府町宇津江1804-1","36.206511","137.192793"
"金桶地区多目的集会所","岐阜県高山市国府町金桶104","36.202425","137.224245"
"国府Ｂ＆Ｇ海洋センター体育館","岐阜県高山市国府町広瀬町2567-1","36.212475","137.215429"
"国府小学校","岐阜県高山市国府町広瀬町2586-6","36.213573","137.215333"
"こくふ交流センター","岐阜県高山市国府町広瀬町880-1","36.211447","137.214854"
"三川公民館","岐阜県高山市国府町三川514-1","36.187894","137.259413"
"こくふ保育園","岐阜県高山市国府町三日町380-1","36.215948","137.215681"
"国府中学校","岐阜県高山市国府町三日町450","36.215673","137.213892"
"荒城農業体験交流館","岐阜県高山市国府町八日町651-2","36.222667","137.24078"
"国府町福祉の里","岐阜県高山市国府町木曽垣内650","36.220597","137.211934"
"高山市資源リサイクルセンター","岐阜県高山市三福寺町1800","36.156861","137.267748"
"斐太高校","岐阜県高山市三福寺町736","36.157073","137.258365"
"崇教眞光世界総本山","岐阜県高山市山田町1515-1","36.137975","137.230097"
"飛騨高山高校山田校舎","岐阜県高山市山田町711","36.145508","137.229825"
"県立木工芸術スク－ル","岐阜県高山市匠ケ丘町1-123","36.13777","137.221427"
"高山市民文化会館","岐阜県高山市昭和町1-188-1","36.140207","137.248584"
"総合福祉センター","岐阜県高山市昭和町2-224","36.143631","137.249515"
"東山中学校","岐阜県高山市松之木町262","36.151604","137.274195"
"東小学校","岐阜県高山市松之木町2962-1","36.149056","137.272224"
"松倉中学校","岐阜県高山市上岡本町4-119","36.138843","137.240929"
"本郷小学校","岐阜県高山市上宝町在家1642","36.286382","137.368005"
"蔵柱公民館","岐阜県高山市上宝町蔵柱1209","36.280872","137.318167"
"高山市上宝支所","岐阜県高山市上宝町本郷540","36.286401","137.363452"
"北稜中学校","岐阜県高山市上宝町本郷652","36.285683","137.362175"
"新宮小学校","岐阜県高山市新宮町2635-2","36.143014","137.21219"
"日枝中学校","岐阜県高山市森下町1-200-1","36.131575","137.259111"
"山王保育園","岐阜県高山市森下町1-401","36.131963","137.256776"
"小鳥体育館","岐阜県高山市清見町夏厩442","36.141577","137.076505"
"坂下公民館","岐阜県高山市清見町坂下491-1","36.100696","137.134568"
"清見小学校","岐阜県高山市清見町三日町112","36.120438","137.180176"
"高山市清見支所","岐阜県高山市清見町三日町305","36.128663","137.186754"
"清見中学校","岐阜県高山市清見町三日町477-1","36.129629","137.183354"
"おっぱら自然体験センター","岐阜県高山市清見町大原600","35.947965","137.083701"
"南保育園","岐阜県高山市西之一色町1-31-3","36.133922","137.250693"
"石浦公民館","岐阜県高山市石浦町5-102","36.116069","137.263308"
"龍華保育園","岐阜県高山市石浦町7-345","36.119857","137.261186"
"高山工業高校","岐阜県高山市千島町291","36.129638","137.253805"
"飛騨・世界生活文化センター","岐阜県高山市千島町900-1","36.121631","137.254244"
"西小学校","岐阜県高山市総和町2-18-1","36.146606","137.254681"
"荘川体育館・黒谷公民館","岐阜県高山市荘川町黒谷100","36.016538","136.984724"
"荘川福祉センター・荘川総合センター","岐阜県高山市荘川町新渕430-1","36.032753","136.956331"
"下野々俣公民館","岐阜県高山市荘川町野々俣568","36.032572","136.93584"
"六厩公民館","岐阜県高山市荘川町六厩532-1","36.061661","137.03591"
"岩滝小学校","岐阜県高山市滝町220","36.136175","137.348649"
"旗鉾地区多目的集会所","岐阜県高山市丹生川町旗鉾465","36.17611","137.455666"
"細越集会所","岐阜県高山市丹生川町細越366-1","36.177339","137.29019"
"荒城集会所","岐阜県高山市丹生川町三之瀬133","36.205277","137.310218"
"丹生川中学校","岐阜県高山市丹生川町町方1500","36.167028","137.307815"
"丹生川小学校","岐阜県高山市丹生川町町方65-1","36.172575","137.310282"
"旧丹生川東小学校","岐阜県高山市丹生川町白井150","36.175941","137.395365"
"法力活性化施設","岐阜県高山市丹生川町法力147","36.173444","137.341386"
"高山市丹生川支所・総合防災センター","岐阜県高山市丹生川町坊方2000","36.170215","137.309878"
"丹生川老人いこいの家","岐阜県高山市丹生川町坊方2190-1","36.168153","137.314176"
"飛騨高山ビッグアリ－ナ","岐阜県高山市中山町600","36.150201","137.233172"
"三枝保育園","岐阜県高山市中切町500-2","36.171202","137.239542"
"三枝小学校","岐阜県高山市中切町715","36.17261","137.24106"
"法正寺","岐阜県高山市朝日町西洞45","36.017298","137.389198"
"朝日保健センター","岐阜県高山市朝日町万石330","36.090652","137.3526"
"燦燦朝日館・朝日小学校体育館","岐阜県高山市朝日町万石800","36.088816","137.346901"
"朝日中学校","岐阜県高山市朝日町立岩777","36.093414","137.345052"
"高山別院照蓮寺","岐阜県高山市鉄砲町6","36.145545","137.260984"
"地場産業振興センター","岐阜県高山市天満町5-1-25","36.140817","137.254054"
"ＪＡひだ農業管理センター","岐阜県高山市冬頭町1-1","36.162145","137.242951"
"煥章館","岐阜県高山市馬場町2-115","36.143488","137.262355"
"旧北保育園","岐阜県高山市八幡町100-1","36.14963","137.259616"
"高山幼稚園","岐阜県高山市片野町2-279","36.122203","137.265296"
"片野会館","岐阜県高山市片野町3-199","36.126744","137.262671"
"山王小学校","岐阜県高山市片野町6-400","36.129407","137.259457"
"城山保育園","岐阜県高山市堀端町94","36.14133","137.262739"
"西保育園","岐阜県高山市名田町5-56","36.140313","137.255022"
"加茂山第１集会所","岐阜県坂祝町加茂山1-19-7","35.438552","136.986473"
"加茂山第２集会所","岐阜県坂祝町加茂山2-10-1","35.440165","136.984815"
"中央公民館","岐阜県坂祝町黒岩1260-1","35.439162","136.982604"
"総合福祉会館サンライフさかほぎ","岐阜県坂祝町黒岩153-1","35.440682","136.979432"
"坂祝幼稚園","岐阜県坂祝町黒岩20-1","35.437309","136.9849"
"黒岩公民館","岐阜県坂祝町黒岩609-2","35.445294","136.974191"
"坂祝小学校","岐阜県坂祝町取組35-2","35.426535","136.984312"
"取組東公民館","岐阜県坂祝町取組403","35.425424","136.979138"
"取組西公民館","岐阜県坂祝町取組684-1","35.425435","136.973988"
"一色公民館","岐阜県坂祝町酒倉166-1","35.426522","137.00315"
"茶屋公民館","岐阜県坂祝町酒倉2489-3","35.427179","136.991131"
"池端公民館","岐阜県坂祝町酒倉342-1","35.430198","136.999124"
"中組公民館","岐阜県坂祝町酒倉632-3","35.432685","136.996901"
"東館","岐阜県坂祝町酒倉770-8","35.434903","136.99425"
"雲埋公民館","岐阜県坂祝町酒倉787-1","35.436361","136.997157"
"勝山公民館","岐阜県坂祝町勝山231-1","35.426587","136.97056"
"勝山稲葉公民館","岐阜県坂祝町勝山480-1","35.431161","136.96769"
"坂祝中学校","岐阜県坂祝町深萱146-1","35.432563","136.977148"
"西館","岐阜県坂祝町深萱370-1","35.437645","136.969445"
"深萱公民館","岐阜県坂祝町深萱563-1","35.437527","136.964374"
"大針公民館","岐阜県坂祝町大針220","35.443382","136.988192"
"桜尾小学校運動場","岐阜県山県市伊佐美706-1","35.523894","136.786747"
"柿野交流センター運動場","岐阜県山県市柿野1365","35.622211","136.795034"
"伊自良北小学校運動場","岐阜県山県市掛217","35.552718","136.720248"
"葛原運動場","岐阜県山県市葛原4493-3","35.600642","136.708956"
"美山小学校運動場","岐阜県山県市岩佐763","35.54855","136.797051"
"高富小学校運動場","岐阜県山県市高富1079","35.494792","136.788176"
"高富中学校運動場","岐阜県山県市高富2845-1","35.504063","136.795144"
"山県市総合運動場","岐阜県山県市高木1675","35.505185","136.794938"
"高富コミュニティセンター駐車場","岐阜県山県市高木704-8","35.498985","136.78269"
"佐賀広場","岐阜県山県市佐賀158","35.493204","136.78116"
"共和町いこい広場","岐阜県山県市佐賀50","35.493132","136.78343"
"美山ジョイフル倶楽部駐車場","岐阜県山県市笹賀197","35.587486","136.758783"
"旧北山交流センター運動場","岐阜県山県市神崎100-1","35.630088","136.718176"
"大桑小学校運動場","岐阜県山県市大桑2382-2","35.538456","136.764571"
"大桜グラウンド","岐阜県山県市大桑2731-1","35.535663","136.774417"
"伊自良南小学校運動場","岐阜県山県市大森540-2","35.525402","136.729712"
"伊自良ふれあい・さわやかドーム","岐阜県山県市大門850-71","35.535059","136.725463"
"伊自良中学校運動場","岐阜県山県市大門954","35.535462","136.727721"
"谷合運動場","岐阜県山県市谷合1029","35.592838","136.736172"
"いわ桜小学校運動場","岐阜県山県市谷合1159","35.5921","136.738733"
"山県高等学校運動場","岐阜県山県市中洞44-1","35.549468","136.809784"
"富岡小学校運動場","岐阜県山県市東深瀬30","35.509439","136.788301"
"伊自良総合運動公園","岐阜県山県市洞田127-67","35.534801","136.723648"
"梅原小学校運動場","岐阜県山県市梅原1543","35.516625","136.755584"
"梅原スポーツランド","岐阜県山県市梅原2645-1","35.516141","136.74714"
"美山中学校運動場","岐阜県山県市富永64","35.555617","136.794866"
"富波運動場","岐阜県山県市富波495","35.569647","136.78588"
"木の国七宗コミュニティーセンター","岐阜県七宗町上麻生2125-1","35.542167","137.121914"
"上麻生小学校　運動場","岐阜県七宗町上麻生2356-1","35.542618","137.121955"
"上麻生小学校","岐阜県七宗町上麻生2356-1","35.543003","137.121805"
"上麻生小学校　体育館","岐阜県七宗町上麻生2356-1","35.54309","137.122293"
"七宗第一保育園","岐阜県七宗町上麻生2489-4","35.542383","137.11905"
"七宗第一保育園　園庭","岐阜県七宗町上麻生2489-4","35.542444","137.11927"
"七宗町民運動場","岐阜県七宗町上麻生3566-1","35.555855","137.110833"
"サンホーム七宗　駐車場","岐阜県七宗町神渕10327-1","35.589861","137.085683"
"サンホーム七宗","岐阜県七宗町神渕10327-1","35.590154","137.085678"
"神渕コミュニティーセンター　駐車場","岐阜県七宗町神渕4525-4","35.577023","137.091851"
"神渕コミュニティーセンター","岐阜県七宗町神渕4525-4","35.576997","137.091567"
"七宗第二保育園","岐阜県七宗町神渕4552-2","35.578009","137.091413"
"七宗第二保育園　園庭","岐阜県七宗町神渕4552-2","35.577743","137.091515"
"旧神渕中学校","岐阜県七宗町神渕9858","35.581623","137.087927"
"旧神渕中学校　体育館","岐阜県七宗町神渕9858","35.582042","137.087836"
"神渕小学校","岐阜県七宗町神渕9871","35.582557","137.086924"
"神渕小中学校　運動場","岐阜県七宗町神渕9871","35.581811","137.087611"
"七宗中学校　運動場","岐阜県七宗町川並468-1","35.536688","137.115936"
"七宗中学校","岐阜県七宗町川並468-1","35.537168","137.115818"
"七宗中学校　体育館","岐阜県七宗町川並468-1","35.536902","137.116601"
"日本最古の石博物館　駐車場","岐阜県七宗町中麻生1160","35.533488","137.114533"
"日本最古の石博物館","岐阜県七宗町中麻生1160","35.533192","137.114678"
"道の駅ロック・ガーデンひちそう","岐阜県七宗町中麻生1176-3","35.534192","137.114353"
"安次公民館","岐阜県神戸町安次178","35.428017","136.604098"
"横井農事センター","岐阜県神戸町横井1243-1","35.440306","136.599596"
"中島公民館","岐阜県神戸町横井740-68","35.438244","136.590815"
"下宮公民館","岐阜県神戸町下宮248-10","35.412967","136.612068"
"加納公民館","岐阜県神戸町加納185-3","35.401111","136.607373"
"更屋敷公民館","岐阜県神戸町更屋敷713-1","35.415793","136.5894"
"丈六道公民館","岐阜県神戸町丈六道356-1","35.425607","136.607681"
"ビレッジハウスごうど","岐阜県神戸町丈六道607-4","35.429999","136.610394"
"新屋敷公民館","岐阜県神戸町新屋敷425","35.412377","136.621759"
"三津屋公民館","岐阜県神戸町神戸106-5","35.420905","136.601923"
"新和公民館","岐阜県神戸町神戸1338-9","35.420309","136.614576"
"福井公民館","岐阜県神戸町神戸1523","35.418595","136.618462"
"昭和町公民館","岐阜県神戸町神戸160-21","35.41857","136.603231"
"起公民館","岐阜県神戸町神戸1945-15","35.421705","136.615744"
"鍛冶屋町公民館","岐阜県神戸町神戸288-1","35.417894","136.60507"
"下新町公民館","岐阜県神戸町神戸349","35.417616","136.606656"
"横町公民館","岐阜県神戸町神戸387-1","35.420391","136.606004"
"上新町公民館","岐阜県神戸町神戸409-4","35.420338","136.606379"
"本町公民館","岐阜県神戸町神戸457-4","35.419323","136.605719"
"井田公民館","岐阜県神戸町神戸674-5","35.423747","136.605772"
"宮町公民館","岐阜県神戸町神戸7-2","35.423465","136.604294"
"栄町公民館","岐阜県神戸町神戸932-1","35.421587","136.608842"
"新瀬古公民館","岐阜県神戸町瀬古1154-90","35.405523","136.620147"
"瀬古公民館","岐阜県神戸町瀬古236-2","35.406135","136.617288"
"西座倉公民館","岐阜県神戸町西座倉356-1","35.421884","136.626654"
"幸町公民館","岐阜県神戸町西保18","35.417192","136.596795"
"西保公民館","岐阜県神戸町西保590-3","35.41133","136.590524"
"新西保公民館","岐阜県神戸町西保712-7","35.411039","136.585876"
"東方公民館","岐阜県神戸町西保910-5","35.411561","136.603334"
"斉田公民館","岐阜県神戸町斉田290","35.396577","136.635549"
"川西公民館","岐阜県神戸町川西47","35.413782","136.604553"
"前田公民館","岐阜県神戸町前田444","35.409048","136.610084"
"西濃環境整備組合","岐阜県神戸町大野町下座倉1375-1","35.410744","136.636517"
"中沢公民館","岐阜県神戸町中沢596","35.394573","136.602244"
"田公民館","岐阜県神戸町田237-2","35.433926","136.600466"
"南方公民館","岐阜県神戸町南方378","35.407006","136.593541"
"八条公民館","岐阜県神戸町八条104","35.406712","136.600144"
"付寄公民館","岐阜県神戸町付寄59-2","35.402432","136.633624"
"髙橋地所第２住宅","岐阜県神戸町北一色248-2","35.435878","136.589257"
"第一中島公民館","岐阜県神戸町北一色248-48","35.435697","136.589453"
"北一色公民館","岐阜県神戸町北一色683","35.429683","136.592809"
"北島第２住宅集会所","岐阜県神戸町北一色775-1","35.432754","136.592373"
"峰之井公民館","岐阜県神戸町北一色900-35","35.435193","136.593513"
"清水町公民館","岐阜県神戸町末守1-6","35.42525","136.599714"
"豊島社宅","岐阜県神戸町末守211-9","35.41886","136.597919"
"末守公民館","岐阜県神戸町末守572-3","35.423437","136.59741"
"柳瀬公民館","岐阜県神戸町柳瀬805","35.398283","136.629352"
"落合公民館","岐阜県神戸町落合834-1","35.404002","136.633967"
"和泉公民館","岐阜県神戸町和泉164-2","35.40247","136.596895"
"垂井こども園","岐阜県垂井町1007-1","35.373429","136.518924"
"西相川公園","岐阜県垂井町1016-2","35.374074","136.518136"
"垂井小学校","岐阜県垂井町1069-2","35.373268","136.522296"
"相川児童公園","岐阜県垂井町1111-12","35.372898","136.527929"
"垂井西町コミュニティセンター","岐阜県垂井町1128-1","35.372439","136.52325"
"垂井中町コミュニティセンター","岐阜県垂井町1292-4","35.371176","136.526358"
"垂井東町コミュニティセンター","岐阜県垂井町1307-3","35.371774","136.528606"
"ワイワイプラザ垂井","岐阜県垂井町1532-1","35.37033","136.527396"
"タルイピアセンター","岐阜県垂井町2443-1","35.369763","136.53671"
"不破中学校","岐阜県垂井町2461","35.369851","136.540608"
"いずみの園","岐阜県垂井町綾戸262","35.370603","136.554133"
"垂井町農村婦人の家","岐阜県垂井町綾戸790-5","35.370329","136.553778"
"東地区まちづくりセンター","岐阜県垂井町綾戸901-1","35.374314","136.547919"
"東小学校","岐阜県垂井町綾戸910-1","35.372807","136.549073"
"東小学校留守家庭児童教室","岐阜県垂井町綾戸917-1","35.372154","136.549672"
"岩手地区まちづくりセンター","岐阜県垂井町岩手608-2","35.385497","136.500459"
"岩手こども園","岐阜県垂井町岩手609-1","35.384643","136.499134"
"岩手小学校","岐阜県垂井町岩手619-2","35.385506","136.498729"
"朝倉運動公園","岐阜県垂井町宮代1984-4","35.362694","136.518124"
"宮代小学校","岐阜県垂井町宮代2729","35.364123","136.528765"
"宮代小学校留守家庭児童教室","岐阜県垂井町宮代2729","35.364193","136.529146"
"宮代地区まちづくりセンター","岐阜県垂井町宮代664-4","35.362651","136.528447"
"宮代こども園","岐阜県垂井町宮代672-1-1","35.362335","136.527612"
"栗原地区まちづくりセンター","岐阜県垂井町栗原1075","35.339173","136.546244"
"合原小学校","岐阜県垂井町栗原1102-1","35.339299","136.547982"
"北中学校","岐阜県垂井町新井152-1","35.38386","136.516446"
"府中こども園","岐阜県垂井町新井709-3","35.38634","136.521544"
"府中地区まちづくりセンター","岐阜県垂井町新井709-4","35.385985","136.52188"
"清水児童公園","岐阜県垂井町清水2-99","35.376385","136.52735"
"垂井町林業センター","岐阜県垂井町大滝462-2","35.395867","136.513242"
"地蔵公園","岐阜県垂井町地蔵1-64-1","35.37744","136.536734"
"垂井東こども園","岐阜県垂井町地蔵2-41","35.378937","136.537962"
"コスモス公園","岐阜県垂井町東神田1-99-3","35.369399","136.53383"
"神田西公園","岐阜県垂井町東神田2-16","35.367733","136.531174"
"神田東公園","岐阜県垂井町東神田2-79","35.367498","136.534004"
"新井公園","岐阜県垂井町南新井1-30","35.385885","136.520567"
"老人福祉センター","岐阜県垂井町表佐1496-2","35.359766","136.547999"
"南体育館","岐阜県垂井町表佐1498-1","35.359515","136.547832"
"表佐こども園","岐阜県垂井町表佐1506","35.359193","136.547607"
"表佐地区まちづくりセンター","岐阜県垂井町表佐1723-1","35.361639","136.548609"
"むつみ会館","岐阜県垂井町表佐2113-1","35.357737","136.548022"
"表佐小学校","岐阜県垂井町表佐940","35.363919","136.54664"
"表佐小学校留守家庭児童教室","岐阜県垂井町表佐942-1","35.364068","136.547891"
"垂井町コミュニティ・防災センター","岐阜県垂井町府中2417-12","35.380442","136.524989"
"府中小学校","岐阜県垂井町府中464","35.387235","136.524823"
"穂積グラウンド","岐阜県瑞穂市稲里452-1","35.387018","136.68441"
"穂積第２グラウンド","岐阜県瑞穂市稲里607-1","35.385636","136.684491"
"柳一色公園","岐阜県瑞穂市稲里680","35.383341","136.686089"
"巣南公民館","岐阜県瑞穂市宮田300-1","35.404743","136.649892"
"巣南グラウンド","岐阜県瑞穂市宮田300-2","35.403326","136.650028"
"牛牧団地公園","岐阜県瑞穂市牛牧1293-99","35.383479","136.673216"
"牛牧小学校グラウンド","岐阜県瑞穂市牛牧1523","35.378482","136.672657"
"牛牧小学校校舎・体育館","岐阜県瑞穂市牛牧1523","35.379081","136.672657"
"牛牧南部コミュニティセンター","岐阜県瑞穂市牛牧1580-1","35.377687","136.67258"
"牛牧南部コミュニティセンター駐車場","岐阜県瑞穂市牛牧1580-1","35.377849","136.67305"
"上牛牧ふれあい公園","岐阜県瑞穂市牛牧611-1","35.38892","136.66636"
"西ふれあい広場","岐阜県瑞穂市居倉175","35.416115","136.643934"
"西保育・教育センター屋外遊戯場","岐阜県瑞穂市居倉177-1","35.416223","136.64304"
"西保育・教育センター","岐阜県瑞穂市居倉177-1","35.416562","136.643056"
"西小学校グラウンド","岐阜県瑞穂市居倉389","35.415915","136.64175"
"西小学校校舎・体育館","岐阜県瑞穂市居倉389","35.416168","136.642112"
"巣南中学校校舎・体育館・武道場","岐阜県瑞穂市古橋10-1","35.40166","136.650862"
"巣南中学校グラウンド","岐阜県瑞穂市古橋10-1","35.401238","136.651307"
"南保育・教育センター","岐阜県瑞穂市古橋1129-1","35.391402","136.650986"
"南保育・教育センター屋外遊戯場","岐阜県瑞穂市古橋1129-1","35.391223","136.651222"
"南ふれあい広場","岐阜県瑞穂市古橋1466","35.38772","136.656066"
"南小学校校舎・体育館","岐阜県瑞穂市古橋1660","35.388008","136.6569"
"南小学校グラウンド","岐阜県瑞穂市古橋1660","35.387675","136.657163"
"穂南公園","岐阜県瑞穂市犀川4-27","35.368028","136.675153"
"十九条公園","岐阜県瑞穂市十九条37-1","35.395882","136.660602"
"牛牧北部防災コミュニティセンター","岐阜県瑞穂市十九条413-1","35.392684","136.665851"
"生津スポーツ広場","岐阜県瑞穂市生津223-1","35.406108","136.695182"
"彦内公園","岐阜県瑞穂市生津外宮前町2-87","35.403657","136.691767"
"真菰池公園","岐阜県瑞穂市生津外宮東町1-97","35.406276","136.691381"
"滝坪公園","岐阜県瑞穂市生津滝坪町1-123","35.409286","136.684291"
"南流公園","岐阜県瑞穂市生津天王町2-106","35.400883","136.695868"
"天待公園","岐阜県瑞穂市生津天王東町2-70","35.403362","136.696897"
"水防センター","岐阜県瑞穂市祖父江1143-5","35.369722","136.687052"
"祖父江公園","岐阜県瑞穂市祖父江1143-5","35.369476","136.686441"
"豊かな緑どんぐり公園","岐阜県瑞穂市祖父江141-1","35.380294","136.685282"
"牛牧保育所屋外遊戯場","岐阜県瑞穂市祖父江170","35.379814","136.682164"
"牛牧保育所","岐阜県瑞穂市祖父江170","35.380033","136.682035"
"中山道大月多目的広場","岐阜県瑞穂市大月1276","35.401906","136.648476"
"本田第２保育所屋外遊戯場","岐阜県瑞穂市只越387","35.39867","136.678099"
"本田第２保育所","岐阜県瑞穂市只越387","35.39891","136.678067"
"ほづみ幼稚園","岐阜県瑞穂市只越500","35.398173","136.684542"
"ほづみ幼稚園屋外遊戯場","岐阜県瑞穂市只越500","35.397709","136.684912"
"老人福祉センター","岐阜県瑞穂市田之上597","35.406428","136.650038"
"高道公園","岐阜県瑞穂市馬場小城町1-122","35.409822","136.690694"
"上光公園","岐阜県瑞穂市馬場上光町1-141","35.413563","136.68497"
"馬場公園","岐阜県瑞穂市馬場上光町2-107","35.410835","136.685973"
"生津小学校校舎・体育館","岐阜県瑞穂市馬場上光町2-108","35.411295","136.684483"
"生津小学校グラウンド","岐阜県瑞穂市馬場上光町2-108","35.410823","136.684435"
"前畑公園","岐阜県瑞穂市馬場前畑町2-169","35.413059","136.680493"
"中小学校校舎・体育館","岐阜県瑞穂市美江寺173","35.411144","136.65803"
"中小学校グラウンド","岐阜県瑞穂市美江寺173","35.410915","136.658011"
"中保育・教育センター屋外遊戯場","岐阜県瑞穂市美江寺223","35.410357","136.660426"
"中保育・教育センター","岐阜県瑞穂市美江寺223","35.410735","136.659962"
"中ふれあい広場","岐阜県瑞穂市美江寺276","35.409854","136.661335"
"市民センター","岐阜県瑞穂市別府1300-3","35.391523","136.689876"
"別府保育所屋外遊戯場","岐阜県瑞穂市別府140","35.397461","136.690051"
"別府保育所","岐阜県瑞穂市別府144-1","35.397534","136.689015"
"井場公園","岐阜県瑞穂市別府1599-1","35.39414","136.684115"
"穂積中学校校舎・体育館","岐阜県瑞穂市別府1888","35.391993","136.686602"
"穂積中学校グラウンド","岐阜県瑞穂市別府1888","35.391542","136.687369"
"下穂積公園","岐阜県瑞穂市穂積1151-1","35.379475","136.695862"
"朝日大学６号館・１０周年記念館","岐阜県瑞穂市穂積1851","35.380752","136.690516"
"朝日大学グラウンド","岐阜県瑞穂市穂積1896-1","35.378681","136.690221"
"穂積小学校校舎・体育館","岐阜県瑞穂市穂積452","35.389789","136.694745"
"穂積小学校グラウンド","岐阜県瑞穂市穂積452","35.389649","136.695646"
"野口公園","岐阜県瑞穂市穂積947-1","35.383177","136.695512"
"本田第１保育所屋外遊戯場","岐阜県瑞穂市本田1915","35.407615","136.681362"
"本田第１保育所","岐阜県瑞穂市本田1915","35.407895","136.681185"
"穂積北中学校校舎南球技場","岐阜県瑞穂市本田2000","35.402511","136.687248"
"穂積北中学校校舎・体育館","岐阜県瑞穂市本田2000","35.403845","136.687168"
"せせらぎ公園","岐阜県瑞穂市本田2201-15","35.403763","136.670258"
"本田小学校校舎・体育館","岐阜県瑞穂市本田938","35.40766","136.677641"
"本田小学校グラウンド","岐阜県瑞穂市本田938","35.407174","136.677652"
"本田コミュニティセンター","岐阜県瑞穂市本田977-1","35.405418","136.677598"
"野田公園","岐阜県瑞穂市野田新田4025","35.38584","136.67837"
"清流みどりの丘公園","岐阜県瑞穂市野白新田144-1","35.374486","136.679865"
"五色公園","岐阜県瑞浪市一色町4-19","35.357981","137.251077"
"稲津小学校グラウンド","岐阜県瑞浪市稲津町小里371-1","35.34354","137.279205"
"瑞浪南中学校グラウンド","岐阜県瑞浪市稲津町小里456","35.346841","137.280401"
"稲津コミュニティーセンター駐車場","岐阜県瑞浪市稲津町小里697-1","35.349811","137.274088"
"ますみ公園","岐阜県瑞浪市益見町1-140","35.362687","137.259676"
"下沖公園","岐阜県瑞浪市下沖町1-1","35.365181","137.240305"
"釜戸小学校グラウンド","岐阜県瑞浪市釜戸町3007-3","35.41002","137.301647"
"狭間川公園","岐阜県瑞浪市松ケ瀬町4-33","35.365738","137.236691"
"小樽公園","岐阜県瑞浪市上平町1-39","35.361291","137.255289"
"南松公園","岐阜県瑞浪市上平町4-38","35.358867","137.255052"
"高松公園","岐阜県瑞浪市西小田町3-258","35.359513","137.231796"
"小田西部中央公園","岐阜県瑞浪市西小田町6-42","35.359854","137.227857"
"旧大湫小学校グラウンド","岐阜県瑞浪市大湫町416-1","35.434114","137.29471"
"樽上公園","岐阜県瑞浪市樽上町1-41-1","35.362347","137.252602"
"市民福祉センター（ハートピア）","岐阜県瑞浪市樽上町1-77","35.362197","137.251316"
"土岐小学校グラウンド","岐阜県瑞浪市土岐町6451-4","35.37565","137.263644"
"瑞浪中学校グラウンド","岐阜県瑞浪市土岐町7790-1","35.355189","137.254987"
"瑞浪北中学校グラウンド","岐阜県瑞浪市土岐町973","35.373627","137.251361"
"陶小学校グラウンド","岐阜県瑞浪市陶町水上665-1","35.320555","137.319123"
"日吉小学校グラウンド","岐阜県瑞浪市日吉町2370-1","35.414313","137.236877"
"市民日吉グラウンド","岐阜県瑞浪市日吉町2722-1","35.420688","137.237747"
"瑞浪小学校グラウンド","岐阜県瑞浪市北小田町1-66","35.361524","137.243854"
"瑞浪中央公園","岐阜県瑞浪市北小田町2-4","35.360918","137.246032"
"明賀台ふれあい公園","岐阜県瑞浪市明賀台2-82","35.343359","137.243732"
"市民公園（いこいの広場）","岐阜県瑞浪市明世町戸狩69-1","35.372691","137.240508"
"明世小学校グラウンド","岐阜県瑞浪市明世町山野内1-40","35.370329","137.233441"
"四反田公園","岐阜県瑞浪市薬師町4-14","35.363607","137.229637"
"下吉田下公民館","岐阜県川辺町下吉田251-1","35.50857","137.087965"
"下吉田上公民館","岐阜県川辺町下吉田612-1","35.519026","137.096145"
"下川辺公民館","岐阜県川辺町下川辺372-42","35.470577","137.055682"
"下川辺西組公民館","岐阜県川辺町下川辺690-2","35.473915","137.052356"
"下飯田公民館","岐阜県川辺町下飯田22-4","35.47854","137.080624"
"北部公民館","岐阜県川辺町下麻生140-1","35.520131","137.092802"
"下麻生グラウンド","岐阜県川辺町下麻生1915","35.523237","137.101187"
"下麻生第四地区公民館","岐阜県川辺町下麻生517-1","35.522194","137.103795"
"鹿塩公民館","岐阜県川辺町鹿塩430-1","35.49854","137.051934"
"中組公民館","岐阜県川辺町上川辺1074-2","35.509959","137.079632"
"鵜飼公民館","岐阜県川辺町上川辺1848","35.504448","137.071848"
"神坂公民館","岐阜県川辺町上川辺3316-1","35.509937","137.062959"
"田中公民館","岐阜県川辺町上川辺461-1","35.514042","137.083913"
"川辺北小学校グラウンド","岐阜県川辺町上川辺575","35.51326","137.082639"
"川辺北小学校","岐阜県川辺町上川辺575","35.513701","137.082355"
"御座野公民館","岐阜県川辺町上川辺68","35.517557","137.088171"
"第２こども園","岐阜県川辺町上川辺930-4","35.513082","137.080668"
"西栃井公民館","岐阜県川辺町西栃井1001-1","35.479826","137.065234"
"下町公民館","岐阜県川辺町西栃井1694-1","35.483679","137.066977"
"西タウン集会場","岐阜県川辺町西栃井1785-1","35.48387","137.062291"
"山楠グラウンド","岐阜県川辺町西栃井1816-1","35.485294","137.054835"
"やすらぎの家","岐阜県川辺町石神128","35.494714","137.070975"
"石神上公民館（上旧道クラブ）","岐阜県川辺町石神879-5","35.501603","137.073882"
"中川辺公民館","岐阜県川辺町中川辺1-1","35.489007","137.067345"
"天神東公民館","岐阜県川辺町中川辺1088-1","35.491193","137.069126"
"天神裏公民館","岐阜県川辺町中川辺1088-4","35.491255","137.067468"
"中井公民館","岐阜県川辺町中川辺1238-1","35.491137","137.070574"
"川辺西小学校","岐阜県川辺町中川辺125","35.486182","137.066066"
"川辺西小学校グラウンド","岐阜県川辺町中川辺125","35.485863","137.066264"
"川辺中学校グラウンド","岐阜県川辺町中川辺1367","35.489021","137.070666"
"川辺中学校","岐阜県川辺町中川辺1367","35.489824","137.070693"
"中央公民館","岐阜県川辺町中川辺1518-4","35.486395","137.071243"
"川辺漕艇場","岐阜県川辺町中川辺1675-3","35.48949","137.071421"
"第１こども園","岐阜県川辺町中川辺176","35.485367","137.066014"
"大北公民館","岐阜県川辺町中川辺952-7","35.490027","137.064206"
"比久見上公民館","岐阜県川辺町比久見1014-2","35.497981","137.077923"
"第３こども園及び児童館","岐阜県川辺町比久見1032-5","35.498068","137.07896"
"比久見下公民館","岐阜県川辺町比久見289-4","35.491377","137.075299"
"川辺海洋センター","岐阜県川辺町比久見725-5","35.49694","137.074402"
"川辺東小学校グラウンド","岐阜県川辺町比久見785-4","35.497666","137.07576"
"川辺東小学校","岐阜県川辺町比久見785-4","35.497947","137.075988"
"福島公民館","岐阜県川辺町福島522-4","35.48097","137.075845"
"北陵中学校","岐阜県多治見市旭ケ丘10-6-82","35.364849","137.109626"
"北栄小学校","岐阜県多治見市旭ケ丘10-6-82","35.365519","137.107963"
"旭ケ丘北公園","岐阜県多治見市旭ケ丘6-5-1","35.369938","137.09796"
"旭ケ丘児童センター","岐阜県多治見市旭ケ丘7-16-62","35.364214","137.102121"
"北陵公園","岐阜県多治見市旭ケ丘8-29-306","35.362898","137.107272"
"旭ケ丘保育園","岐阜県多治見市旭ケ丘8-29-43","35.36577","137.104225"
"旭ケ丘公民館広場","岐阜県多治見市旭ケ丘8-29-99","35.36536","137.105035"
"旭ケ丘公民館","岐阜県多治見市旭ケ丘8-29-99","35.365482","137.104721"
"多治見駅南広場","岐阜県多治見市音羽町2","35.335032","137.121783"
"笠原向島運動広場","岐阜県多治見市笠原町1651-1","35.303964","137.161347"
"笠原交流センター","岐阜県多治見市笠原町2081-1","35.29894","137.160545"
"笠原中学校","岐阜県多治見市笠原町2455-12","35.308488","137.1594"
"かさはら福祉センター","岐阜県多治見市笠原町2900-6","35.301763","137.154379"
"笠原小学校","岐阜県多治見市笠原町3387-9","35.293991","137.161457"
"旧笠原西コミュニティーセンター","岐阜県多治見市笠原町4115-1","35.296733","137.150017"
"笠原運動公園","岐阜県多治見市笠原町4164-1","35.296545","137.144831"
"北野保育園","岐阜県多治見市喜多町8-27","35.339454","137.105395"
"八幡神社境内地","岐阜県多治見市喜多町8-28-1","35.339032","137.104903"
"希望ケ丘第１公園","岐阜県多治見市希望ケ丘2-49","35.370806","137.120161"
"とうしん学びの丘エール芝生広場","岐阜県多治見市虎渓山町4-13-1","35.350835","137.129103"
"とうしん学びの丘エール","岐阜県多治見市虎渓山町4-13-1","35.351222","137.130131"
"中央児童館遊園地","岐阜県多治見市御幸町2-95","35.330375","137.127963"
"幸町広場","岐阜県多治見市幸町4-44-2","35.353289","137.095875"
"根本小学校","岐阜県多治見市高根町4-6-5","35.363248","137.093435"
"共栄保育園","岐阜県多治見市高田町3-64","35.358063","137.134642"
"共栄小学校","岐阜県多治見市高田町3-64","35.358544","137.135839"
"高田公民館広場","岐阜県多治見市高田町6-11","35.359664","137.133062"
"共栄児童館","岐阜県多治見市高田町6-40","35.360067","137.133433"
"根本交流センター","岐阜県多治見市根本町3-55-1","35.360187","137.090776"
"坂上公園","岐阜県多治見市坂上町6-34-1","35.334374","137.140276"
"三の倉市民の里","岐阜県多治見市三の倉町猪場37","35.313525","137.086775"
"市之倉東公園","岐阜県多治見市市之倉町1-2-2","35.30027","137.134995"
"市之倉小学校","岐阜県多治見市市之倉町10-381","35.29906","137.117996"
"市之倉西第５公園","岐阜県多治見市市之倉町13-83-339","35.302719","137.107105"
"市之倉児童センター","岐阜県多治見市市之倉町7-124","35.300191","137.122714"
"市之倉公園","岐阜県多治見市市之倉町7-175-18","35.297573","137.122183"
"市之倉運動広場","岐阜県多治見市市之倉町9-208-1","35.301265","137.122103"
"精華小学校","岐阜県多治見市十九田町2-119","35.34009","137.120776"
"バロー文化ホール（文化会館）","岐阜県多治見市十九田町2-8","35.341758","137.122283"
"小泉保育園","岐阜県多治見市小泉町2-153","35.349324","137.098466"
"小泉交流センター","岐阜県多治見市小泉町7-178","35.3459","137.096554"
"小泉中学校","岐阜県多治見市小泉町7-70","35.34539","137.094081"
"小泉小学校","岐阜県多治見市小泉町7-90","35.344716","137.093389"
"小泉公民館","岐阜県多治見市小泉町8-80","35.347028","137.099844"
"小泉公民館駐車場","岐阜県多治見市小泉町8-80","35.347286","137.099999"
"小名田公園","岐阜県多治見市小名田町3-206-1","35.362195","137.132588"
"小名田公会堂","岐阜県多治見市小名田町3-263","35.363042","137.131365"
"小名田東第１公園","岐阜県多治見市小名田町6-342","35.367301","137.136093"
"小滝第１公園","岐阜県多治見市小名田町小滝1-152","35.379738","137.117748"
"小滝第２公園","岐阜県多治見市小名田町小滝5-271","35.377952","137.120244"
"たじみ陶生苑","岐阜県多治見市小名田町小滝5-411","35.3765","137.122407"
"西ケ洞公園","岐阜県多治見市小名田町西ケ洞1-187","35.369685","137.117363"
"昭和公園","岐阜県多治見市昭和町1-1","35.330315","137.123645"
"松風台運動場","岐阜県多治見市松坂町4-7-47","35.370143","137.088392"
"神明公園","岐阜県多治見市上町4-21","35.337082","137.136572"
"精華交流センター","岐阜県多治見市上野町4-23-1","35.340366","137.125341"
"産業文化センター","岐阜県多治見市新町1-23","35.334093","137.129334"
"星ケ台保育園","岐阜県多治見市星ケ台3-7-3","35.322819","137.147012"
"西坂第４公園","岐阜県多治見市西坂町2-124","35.355635","137.110115"
"市民病院駐車場","岐阜県多治見市前畑町3-39-1","35.330654","137.117331"
"総合福祉センター","岐阜県多治見市太平町2-39-1","35.333352","137.111284"
"南姫財産区事務所","岐阜県多治見市大針町1-1","35.379527","137.071682"
"ふれあいセンター姫","岐阜県多治見市大針町80-2","35.379391","137.072331"
"大正公園","岐阜県多治見市大正町1-6","35.336856","137.12916"
"感謝と挑戦のＴＹＫ体育館（総合体育館）","岐阜県多治見市大畑町2-150","35.317804","137.12965"
"パークレーンズ駐車場","岐阜県多治見市大畑町5-174","35.319474","137.136009"
"南ケ丘中学校","岐阜県多治見市大畑町大洞48-1","35.311536","137.12209"
"南姫小学校","岐阜県多治見市大藪町1237-1","35.38397","137.066522"
"滝呂小学校","岐阜県多治見市滝呂町12-186-4","35.314245","137.153906"
"滝呂公園","岐阜県多治見市滝呂町14-144-1","35.310675","137.153796"
"滝呂里山公園","岐阜県多治見市滝呂町5-135","35.31339","137.139122"
"滝呂中央公園","岐阜県多治見市滝呂町7-120-2","35.31371","137.143115"
"池田保育園","岐阜県多治見市池田町3-120","35.32765","137.106549"
"池田小学校","岐阜県多治見市池田町6-25","35.334075","137.103561"
"池田町屋公民館","岐阜県多治見市池田町7-15","35.332229","137.105613"
"長瀬公園","岐阜県多治見市長瀬町18-85","35.352184","137.115257"
"東栄公園","岐阜県多治見市東栄町1-1-2","35.354018","137.13916"
"市役所駐車場","岐阜県多治見市日ノ出町1-60-1","35.333354","137.131864"
"市役所本庁舎","岐阜県多治見市日ノ出町2-15","35.3328","137.132113"
"精華小学校附属愛児幼稚園","岐阜県多治見市白山町3-1","35.339237","137.121322"
"白山むすび公園","岐阜県多治見市白山町3-78-1","35.338315","137.118142"
"多治見中学校","岐阜県多治見市美坂町4-10","35.329301","137.141678"
"姫ケ丘公園","岐阜県多治見市姫町2-20-12","35.385089","137.073786"
"姫白山公園","岐阜県多治見市姫町5-1-303","35.395338","137.068803"
"養正小学校附属幼稚園","岐阜県多治見市平野町2-79","35.33016","137.13467"
"養正小学校","岐阜県多治見市平野町2-80","35.330574","137.134086"
"前山団地遊園地","岐阜県多治見市平野町4-81-126","35.324922","137.135477"
"ＫＥＩＺ駐車場","岐阜県多治見市宝町7-2-1","35.342448","137.111234"
"豊岡緑地","岐阜県多治見市豊岡町1-40","35.334169","137.124909"
"ヤマカまなびパーク（学習館）","岐阜県多治見市豊岡町1-55","35.333957","137.124237"
"北丘第３公園","岐阜県多治見市北丘町4-17-39","35.362988","137.080888"
"北丘中央公園","岐阜県多治見市北丘町5-6-93","35.363299","137.077442"
"北丘運動広場","岐阜県多治見市北丘町7-13-2","35.36485","137.073294"
"北丘第２公園","岐阜県多治見市北丘町8-1-107","35.362799","137.075717"
"北丘第１公園","岐阜県多治見市北丘町8-1-2","35.361762","137.075953"
"明和公園","岐阜県多治見市明和町3-26-56","35.359585","137.101035"
"明和東第２公園","岐阜県多治見市明和町4-5-382","35.362544","137.102799"
"明和東第１公園","岐阜県多治見市明和町4-5-559","35.360204","137.102958"
"明和中央公園","岐阜県多治見市明和町4-9-1","35.360353","137.105618"
"平和中学校","岐阜県多治見市脇之島町1-1","35.324785","137.123409"
"脇之島北公園","岐阜県多治見市脇之島町4-9-1","35.319726","137.116843"
"脇之島中央公園","岐阜県多治見市脇之島町6-22-1","35.316787","137.112175"
"脇之島公民館","岐阜県多治見市脇之島町6-31-3","35.316967","137.114038"
"脇之島児童センター","岐阜県多治見市脇之島町6-31-5","35.317034","137.113889"
"脇之島南第１公園","岐阜県多治見市脇之島町7-24-1","35.312926","137.117392"
"脇之島小学校","岐阜県多治見市脇之島町7-39-2","35.31565","137.112333"
"綾里小学校","岐阜県大垣市綾野5-85","35.343261","136.587389"
"安井小学校","岐阜県大垣市禾森1-1","35.353759","136.626819"
"江並中学校","岐阜県大垣市外渕4-66","35.327693","136.622697"
"星和中学校","岐阜県大垣市楽田町6-60","35.384409","136.63004"
"西中学校","岐阜県大垣市割田1-601-2","35.342626","136.601604"
"西小学校","岐阜県大垣市久瀬川町6-110","35.358189","136.600977"
"静里小学校","岐阜県大垣市久徳町423","35.360307","136.589137"
"宇留生小学校","岐阜県大垣市熊野町1171","35.374658","136.583932"
"西部中学校","岐阜県大垣市荒川町337","35.364888","136.578089"
"東中学校","岐阜県大垣市三塚町1169","35.363159","136.631073"
"東小学校","岐阜県大垣市三塚町1180","35.363424","136.629145"
"小野小学校","岐阜県大垣市小野1-171","35.371212","136.647236"
"上石津学園","岐阜県大垣市上石津町一之瀬100","35.311941","136.478907"
"旧　一之瀬小学校","岐阜県大垣市上石津町一之瀬1590","35.316094","136.482076"
"えぼしふれあい会館","岐阜県大垣市上石津町下山2860","35.248676","136.462409"
"農村環境改善サブセンター","岐阜県大垣市上石津町下山2864-2","35.248913","136.462774"
"旧　多良小学校","岐阜県大垣市上石津町宮38","35.281873","136.462698"
"旧　牧田小学校","岐阜県大垣市上石津町牧田2672","35.339717","136.496236"
"興文小学校","岐阜県大垣市西外側町1-34","35.361732","136.611505"
"興文中学校","岐阜県大垣市西崎町1-82","35.362752","136.60742"
"青墓小学校","岐阜県大垣市青墓町1-787","35.384842","136.562745"
"赤坂小学校","岐阜県大垣市赤坂新町1-49","35.3929","136.588782"
"赤坂中学校","岐阜県大垣市赤坂町3421","35.389002","136.578762"
"中川小学校","岐阜県大垣市中川町2-460","35.384308","136.615861"
"荒崎小学校","岐阜県大垣市長松町789","35.36476","136.568966"
"江東小学校","岐阜県大垣市内原3-135","35.314334","136.614155"
"南中学校","岐阜県大垣市南頬町4-141","35.353954","136.619554"
"日新小学校","岐阜県大垣市入方1-34","35.332344","136.600532"
"川並小学校","岐阜県大垣市馬の瀬町1500","35.337618","136.638815"
"北中学校","岐阜県大垣市八島町2290","35.374318","136.615563"
"北小学校","岐阜県大垣市八島町2302","35.374318","136.61397"
"南小学校","岐阜県大垣市美和町1871","35.352659","136.619387"
"墨俣小学校","岐阜県大垣市墨俣町墨俣242-1","35.363284","136.684721"
"北小学校屋外運動場","岐阜県大野町大字稲富1708","35.483608","136.646582"
"道の駅「パレットピアおおの」","岐阜県大野町大字下磯313-2","35.432148","136.629743"
"西濃環境整備組合","岐阜県大野町大字下座倉1375-1","35.410766","136.636735"
"南小学校屋外運動場","岐阜県大野町大字加納468","35.440689","136.622736"
"東海職業能力開発大学校","岐阜県大野町大字古川1-2","35.492558","136.643574"
"中小学校屋外運動場","岐阜県大野町大字公郷1661","35.455359","136.610978"
"揖東中学校屋外運動場","岐阜県大野町大字公郷3261-3","35.447566","136.606741"
"大野中学校屋外運動場","岐阜県大野町大字黒野1081","35.471853","136.631935"
"町民東運動場","岐阜県大野町大字黒野2267-4","35.46393","136.643588"
"西小学校屋外運動場","岐阜県大野町大字松山15-1","35.475076","136.608615"
"東小学校屋外運動場","岐阜県大野町大字相羽763-10","35.457964","136.638776"
"大野小学校屋外運動場","岐阜県大野町大字大野177","35.472745","136.63537"
"運動公園","岐阜県大野町大字野860","35.487296","136.623052"
"（仮称）池田東地区広場","岐阜県池田町下東野233","35.44559","136.58307"
"宮地小学校屋外体育施設（グラウンド）","岐阜県池田町宮地864","35.455046","136.550688"
"池田小学校屋外体育施設（グラウンド）","岐阜県池田町上田1160-1","35.446619","136.585132"
"池田中学校屋外体育施設（グラウンド）","岐阜県池田町草深485-1","35.440367","136.560796"
"池野駅北駐車場","岐阜県池田町池野300-5","35.437228","136.578124"
"養基小学校","岐阜県池田町田中555","35.467009","136.569503"
"養基小学校屋外体育施設（グラウンド）","岐阜県池田町田中555","35.466576","136.56954"
"八幡小学校屋　外体育施設（グラウンド）","岐阜県池田町八幡753","35.420489","136.574818"
"道の駅池田温泉駐車場","岐阜県池田町片山1953-1","35.419555","136.560149"
"温知小学校屋外体育施設（グラウンド）","岐阜県池田町本郷1267","35.442919","136.569243"
"池田町役場・中央公民館駐車場","岐阜県池田町六之井1468-1","35.441823","136.573036"
"いこいの森池野","岐阜県池田町六之井1765-1","35.434903","136.572827"
"池田高等学校グラウンド","岐阜県池田町六之井242-1","35.436649","136.587524"
"ふるさとにぎわい広場","岐阜県中津川市えびす町1707-2","35.496837","137.506042"
"えびす公園","岐阜県中津川市えびす町1716-8","35.49589","137.504658"
"商工会議所ホール","岐阜県中津川市かやの木町1-20","35.488795","137.500973"
"阿木高等学校","岐阜県中津川市阿木119","35.397443","137.464039"
"阿木交流センター","岐阜県中津川市阿木27-1","35.396039","137.466137"
"阿木中学校","岐阜県中津川市阿木6006","35.395304","137.478232"
"阿木小学校","岐阜県中津川市阿木79-1","35.397119","137.468007"
"一色公園","岐阜県中津川市一色町1543-14","35.49278","137.511146"
"下野いきいき会館","岐阜県中津川市下野1423-7","35.589411","137.46848"
"加子母小学校","岐阜県中津川市加子母2781-72","35.71804","137.360036"
"加子母中学校","岐阜県中津川市加子母3357","35.715777","137.363251"
"加子母ふれあいコミュニティーセンター","岐阜県中津川市加子母3427-1","35.716623","137.369388"
"加子母公民館","岐阜県中津川市加子母3519-2","35.715516","137.37071"
"坂本公民館","岐阜県中津川市茄子川1197-10","35.472322","137.456449"
"茄子川地域振興財団","岐阜県中津川市茄子川1317-4","35.467365","137.447002"
"第一中学校","岐阜県中津川市駒場1606-3","35.497848","137.487843"
"中津商業高等学校","岐阜県中津川市駒場1646","35.50382","137.493509"
"桃山公園","岐阜県中津川市駒場1657-4","35.499688","137.497975"
"西小学校","岐阜県中津川市駒場301-1","35.487105","137.494893"
"高山区民会館","岐阜県中津川市高山1286-76","35.533966","137.44271"
"坂下中学校","岐阜県中津川市坂下1500-1","35.579367","137.522727"
"坂下総合事務所第２庁舎","岐阜県中津川市坂下1665-5","35.571941","137.527571"
"坂下小学校","岐阜県中津川市坂下2375","35.581783","137.519033"
"坂下高等学校","岐阜県中津川市坂下624-1","35.57879","137.524828"
"坂下公民館","岐阜県中津川市坂下820-1","35.573935","137.528361"
"山口公民館","岐阜県中津川市山口1616-3","35.556425","137.543703"
"山口小学校","岐阜県中津川市山口1647-21","35.557614","137.54436"
"サンライフ中津川","岐阜県中津川市手賀野172-1","35.47722","137.487321"
"サンライフ分館","岐阜県中津川市手賀野173-2","35.477436","137.488892"
"南小学校","岐阜県中津川市昭和町6-47","35.492498","137.503565"
"神坂中学校","岐阜県中津川市神坂1526-3","35.519457","137.568677"
"神坂小学校","岐阜県中津川市神坂1526-3","35.519928","137.56886"
"坂本中学校","岐阜県中津川市千旦林1386-1","35.4766","137.448375"
"坂本小学校","岐阜県中津川市千旦林1460","35.478366","137.447242"
"中津川工業高等学校","岐阜県中津川市千旦林1521-3","35.485904","137.44482"
"坂本北部体育館","岐阜県中津川市千旦林1573-45","35.494904","137.44589"
"川上小学校","岐阜県中津川市川上409-7","35.618552","137.498411"
"中津高等学校","岐阜県中津川市中津川1088-2","35.501682","137.507619"
"旭ヶ丘公園","岐阜県中津川市中津川1316-1","35.500476","137.508391"
"第二中学校","岐阜県中津川市中津川2251-1","35.490572","137.505953"
"東小学校","岐阜県中津川市東宮町5-1","35.495949","137.509112"
"馬籠ふるさと学校","岐阜県中津川市馬籠4797-230","35.528352","137.560053"
"苗木小学校","岐阜県中津川市苗木2083","35.523511","137.472677"
"苗木中学校","岐阜県中津川市苗木2092","35.52451","137.471705"
"苗木トレーニングセンター","岐阜県中津川市苗木4610-24","35.528382","137.460615"
"名古屋市中津川野外教育センター","岐阜県中津川市苗木4827","35.525974","137.452584"
"苗木交流センター","岐阜県中津川市苗木7516-1","35.523317","137.475745"
"蛭川中学校","岐阜県中津川市蛭川1798-1","35.5246","137.373211"
"蛭川公民館","岐阜県中津川市蛭川2198-1","35.523167","137.382606"
"蛭川小学校","岐阜県中津川市蛭川2298-1","35.524006","137.380806"
"蛭川生きがいの家","岐阜県中津川市蛭川4117-13","35.513121","137.384485"
"蛭川福祉センターやすらぎ荘","岐阜県中津川市蛭川4862-1","35.514309","137.397676"
"付知南小学校","岐阜県中津川市付知町10890","35.642518","137.443658"
"付知北小学校","岐阜県中津川市付知町3719-1","35.666255","137.414576"
"付知Ｂ＆Ｇ海洋センター","岐阜県中津川市付知町5692","35.65701","137.426079"
"付知中学校","岐阜県中津川市付知町5758","35.65805","137.425846"
"福岡小学校","岐阜県中津川市福岡1-22","35.574176","137.454783"
"福岡中学校","岐阜県中津川市福岡1-8","35.573893","137.453065"
"福岡区民会館","岐阜県中津川市福岡699-1","35.559033","137.449768"
"福岡総合事務所","岐阜県中津川市福岡714-2","35.560324","137.452028"
"中央公民館","岐阜県中津川市本町2-3-25","35.49508","137.503214"
"本町公園","岐阜県中津川市本町3-15-11","35.496001","137.499122"
"落合公民館","岐阜県中津川市落合728-2","35.513501","137.530848"
"落合中学校","岐阜県中津川市落合761-2","35.513042","137.532672"
"落合小学校","岐阜県中津川市落合943-4","35.510848","137.529089"
"西部こども園","岐阜県土岐市下石町1015-1","35.320835","137.189224"
"西部支所","岐阜県土岐市下石町1060","35.319784","137.190485"
"ウェルフェア土岐","岐阜県土岐市下石町1060","35.320262","137.190843"
"下石小学校","岐阜県土岐市下石町1100-1","35.320695","137.194809"
"貢公民館","岐阜県土岐市下石町1261-1","35.322429","137.19095"
"セントラルホール下石","岐阜県土岐市下石町1325-1","35.325181","137.190202"
"常福寺","岐阜県土岐市下石町1745","35.325221","137.198966"
"土岐紅陵高等学校","岐阜県土岐市下石町1795-12","35.320406","137.197872"
"下石脇ノ田公園","岐阜県土岐市下石町1893-25","35.32091","137.199826"
"南防災センター","岐阜県土岐市下石町2034","35.322875","137.204234"
"山神公民館","岐阜県土岐市下石町2077-4","35.322976","137.206112"
"総合公園多目的広場","岐阜県土岐市下石町2183-1","35.318428","137.212308"
"石拾公民館","岐阜県土岐市下石町304-108","35.315785","137.168394"
"阿庄公民館","岐阜県土岐市下石町309","35.321761","137.18282"
"阿庄サンホール","岐阜県土岐市下石町309","35.321617","137.18281"
"下石公園","岐阜県土岐市下石町581-1","35.329666","137.186047"
"裏山東公民館","岐阜県土岐市下石町720","35.327839","137.191701"
"楽習舎下石公民館","岐阜県土岐市下石町963-1","35.323407","137.188724"
"陶史台東公園","岐阜県土岐市下石陶史台2-106","35.328218","137.210769"
"陶史台南集会場","岐阜県土岐市下石陶史台4-94","35.325371","137.210099"
"陶史台北集会場","岐阜県土岐市下石陶史台5-106","35.328657","137.207902"
"陶史台西公園","岐阜県土岐市下石陶史台5-115","35.327199","137.206613"
"陶史台南公園","岐阜県土岐市下石陶史台6-2004-10","35.324697","137.207637"
"土岐市スポーツセンター","岐阜県土岐市御幸町1-49","35.34893","137.17326"
"御幸公園","岐阜県土岐市御幸町3-3","35.347368","137.172582"
"神宮倶楽部","岐阜県土岐市妻木町1200-1","35.310894","137.189356"
"妻木小学校","岐阜県土岐市妻木町1291-1","35.310297","137.192867"
"妻木こども園","岐阜県土岐市妻木町1357","35.311609","137.19285"
"妻木公民館","岐阜県土岐市妻木町1370-1","35.310802","137.191176"
"西陵中学校","岐阜県土岐市妻木町1513-1","35.318086","137.185301"
"門田公民館","岐阜県土岐市妻木町1648-3","35.31813","137.191961"
"上郷公民館","岐阜県土岐市妻木町166","35.301175","137.188788"
"明神町公民館","岐阜県土岐市妻木町1887","35.315295","137.193031"
"山寺町公民館","岐阜県土岐市妻木町2124-9","35.307864","137.197549"
"東町公民館","岐阜県土岐市妻木町2437","35.313176","137.198426"
"庚申町公民館","岐阜県土岐市妻木町2532","35.312311","137.200325"
"生涯学習館","岐阜県土岐市妻木町3009-47","35.316573","137.208082"
"西陵公民館","岐阜県土岐市妻木町3247","35.312702","137.179638"
"西陵公園","岐阜県土岐市妻木町3247-242","35.31371","137.179952"
"崇禅寺","岐阜県土岐市妻木町55-1","35.299911","137.194461"
"平公民館","岐阜県土岐市妻木町582-2","35.304966","137.194169"
"平成公園","岐阜県土岐市妻木平成町1-1","35.320303","137.188984"
"久保田公園","岐阜県土岐市妻木平成町4-23","35.317097","137.188897"
"はせな公園","岐阜県土岐市妻木平成町6-25","35.313898","137.189173"
"泉西公民館","岐阜県土岐市泉が丘町1-176","35.36946","137.173744"
"泉ヶ丘東公園","岐阜県土岐市泉が丘町2-1","35.373338","137.1731"
"泉が丘第２集会所","岐阜県土岐市泉が丘町2-44","35.37433","137.174464"
"県営泉北住宅集会所","岐阜県土岐市泉が丘町3-2","35.376638","137.173227"
"泉が丘第１集会所","岐阜県土岐市泉が丘町4-132","35.37179","137.172052"
"泉ヶ丘北公園","岐阜県土岐市泉が丘町4-2","35.375644","137.170208"
"泉が丘第４集会所","岐阜県土岐市泉が丘町4-2","35.375621","137.170684"
"泉が丘第５集会場","岐阜県土岐市泉が丘町5-72","35.374265","137.170093"
"泉ヶ丘南公園","岐阜県土岐市泉が丘町6-86","35.371509","137.170398"
"泉が丘第６公民館","岐阜県土岐市泉が丘町6-87","35.371264","137.170128"
"久尻区民会館","岐阜県土岐市泉郷町2-48","35.360386","137.179501"
"諏訪公園","岐阜県土岐市泉郷町4-4","35.361167","137.181167"
"寺下公園","岐阜県土岐市泉寺下町1-17","35.36151","137.177742"
"大富中集会場","岐阜県土岐市泉森下町1-5","35.36418","137.189176"
"泉児童館","岐阜県土岐市泉神栄町1-74","35.362428","137.184666"
"神栄公園","岐阜県土岐市泉神栄町4-6","35.362495","137.185647"
"仲森公園","岐阜県土岐市泉西窯町1-14","35.368369","137.186375"
"大坪公園","岐阜県土岐市泉大坪町3-6","35.364441","137.183003"
"大島公園","岐阜県土岐市泉大島町3-1","35.365453","137.189443"
"伍所公園","岐阜県土岐市泉大島町4-1","35.365891","137.190862"
"日之出公園","岐阜県土岐市泉池ノ上町1-2","35.356622","137.17612"
"泉公民館","岐阜県土岐市泉中窯町1-1","35.367084","137.188053"
"神泉殿","岐阜県土岐市泉中窯町1-38","35.369122","137.187714"
"泉幼稚園","岐阜県土岐市泉中窯町1-5","35.368771","137.188809"
"泉小学校","岐阜県土岐市泉中窯町1-5","35.368327","137.189085"
"大富窯クラブ","岐阜県土岐市泉中窯町2-9-1","35.370046","137.188248"
"西窯公園","岐阜県土岐市泉中窯町3-20","35.371083","137.188528"
"賤洞町内会集会場","岐阜県土岐市泉町河合1262-1","35.386847","137.209099"
"極善寺","岐阜県土岐市泉町河合370-1","35.365995","137.208878"
"河合公民館","岐阜県土岐市泉町河合376-5","35.365957","137.2079"
"みつばこども園","岐阜県土岐市泉町河合735-2","35.364228","137.201559"
"岩野町公民館","岐阜県土岐市泉町河合755","35.364983","137.200092"
"嶋香寺","岐阜県土岐市泉町河合896-1","35.367041","137.203378"
"泉こども園","岐阜県土岐市泉町久尻12-11","35.357527","137.182"
"織部の里公園","岐阜県土岐市泉町久尻1246-1","35.366056","137.176083"
"大坪第二町内会クラブ","岐阜県土岐市泉町久尻1340-5","35.364602","137.181576"
"久尻東部地域センター","岐阜県土岐市泉町久尻1397-1","35.367757","137.179264"
"泉西小学校","岐阜県土岐市泉町久尻1413-2","35.369021","137.175814"
"泉西幼稚園","岐阜県土岐市泉町久尻1413-2","35.368999","137.174693"
"緑が丘町内倶楽部","岐阜県土岐市泉町久尻1470-1","35.357482","137.172092"
"岐阜県立はなの木苑","岐阜県土岐市泉町久尻1512","35.369817","137.156939"
"すこやか館","岐阜県土岐市泉町久尻47-16","35.355798","137.183017"
"西公園","岐阜県土岐市泉町久尻55","35.354975","137.178788"
"久尻神社","岐阜県土岐市泉町久尻784","35.358851","137.173463"
"久尻こども園","岐阜県土岐市泉町久尻948-1","35.362401","137.176282"
"赤サバ新池公園","岐阜県土岐市泉町久尻950","35.362392","137.175616"
"寺下集会場","岐阜県土岐市泉町久尻980-9","35.363306","137.177444"
"長養寺","岐阜県土岐市泉町久尻998","35.36272","137.178711"
"泉中学校","岐阜県土岐市泉町大富1635-1","35.367095","137.18421"
"おりべの丘北公園","岐阜県土岐市泉町大富1847-10","35.379551","137.188119"
"おりべの丘集会所","岐阜県土岐市泉町大富1847-12","35.379476","137.188331"
"おりべの丘東公園","岐阜県土岐市泉町大富1853-180","35.377285","137.189435"
"おりべの丘南公園","岐阜県土岐市泉町大富1853-207","35.376073","137.186901"
"東公園","岐阜県土岐市泉町大富213-1","35.3629","137.191748"
"大富上公会堂","岐阜県土岐市泉町大富223-10","35.360974","137.190658"
"大富下組集会場","岐阜県土岐市泉町大富243-5","35.361753","137.186456"
"榎公園","岐阜県土岐市泉町大富273-1","35.357471","137.186111"
"定林寺福祉会館","岐阜県土岐市泉町定林寺422-2","35.372606","137.200095"
"定林寺公民館","岐阜県土岐市泉町定林寺528-2","35.371312","137.19652"
"西洞公園","岐阜県土岐市泉町定林寺536","35.373422","137.19706"
"宮前公園","岐阜県土岐市泉町定林寺818-1","35.370911","137.194638"
"活動センター駐車場","岐阜県土岐市泉町定林寺959-7","35.387667","137.192583"
"島田公園","岐阜県土岐市泉島田町2-24","35.364371","137.18715"
"芝原公園","岐阜県土岐市泉東窯町1-3","35.36825","137.191083"
"延命寺","岐阜県土岐市泉東窯町1-6","35.368069","137.19172"
"大沼公園","岐阜県土岐市泉明治町4-1","35.359308","137.177725"
"市営曽木グラウンド","岐阜県土岐市曽木町1207-3","35.296775","137.25701"
"住久保公民館","岐阜県土岐市曽木町1824-1","35.29937","137.267359"
"蘭仙農業集落研修センター","岐阜県土岐市曽木町1945-105","35.31292","137.276125"
"下公民館","岐阜県土岐市曽木町2433-3","35.306912","137.25525"
"上町公民館","岐阜県土岐市曽木町293-4","35.299431","137.24847"
"仏徳寺","岐阜県土岐市曽木町346","35.300822","137.251036"
"曽木公民館","岐阜県土岐市曽木町407-1-1","35.300835","137.252568"
"中切公民館","岐阜県土岐市曽木町499-2","35.301213","137.251678"
"大中公民館","岐阜県土岐市曽木町960","35.294483","137.255155"
"駄知中学校","岐阜県土岐市駄知町1145-6","35.335981","137.231555"
"北山公民館","岐阜県土岐市駄知町1184-2","35.332224","137.23069"
"旭ヶ丘北区倶楽部","岐阜県土岐市駄知町1263-40","35.335228","137.22516"
"駄知体育館","岐阜県土岐市駄知町1340-1","35.330685","137.230035"
"駄知公民館","岐阜県土岐市駄知町1343-1","35.330424","137.230317"
"井ノ口公民館","岐阜県土岐市駄知町1528-7","35.327511","137.234481"
"有古公園","岐阜県土岐市駄知町1571-1","35.326531","137.232033"
"長久寺","岐阜県土岐市駄知町1602","35.327683","137.231199"
"平公民館","岐阜県土岐市駄知町1606-4","35.328157","137.229703"
"小川町会館","岐阜県土岐市駄知町1662","35.328265","137.228382"
"白坂倶楽部","岐阜県土岐市駄知町1847-6","35.327586","137.226171"
"駄知幼稚園","岐阜県土岐市駄知町1858-1","35.329101","137.221581"
"駄知小学校","岐阜県土岐市駄知町1858-1","35.330432","137.22282"
"老人福祉センター白寿苑","岐阜県土岐市駄知町2023-1","35.3266","137.2295"
"駄知公園","岐阜県土岐市駄知町2024-4","35.325878","137.230471"
"駄知児童センター","岐阜県土岐市駄知町2024-7","35.326368","137.229393"
"南山公園","岐阜県土岐市駄知町2230-11","35.320481","137.223459"
"みなみこども園","岐阜県土岐市駄知町2326-1","35.32165","137.224219"
"南公民館","岐阜県土岐市駄知町2330-12","35.320581","137.22417"
"郷公民館","岐阜県土岐市駄知町699-2","35.332142","137.23612"
"追分西公園","岐阜県土岐市駄知町902-346","35.339975","137.238409"
"追分南公園","岐阜県土岐市駄知町902-477","35.33793","137.240445"
"６号町内クラブ","岐阜県土岐市駄知町987-2","35.335401","137.235235"
"本郷町公民館","岐阜県土岐市津町土岐口2153-15","35.354714","137.18427"
"濃南こども園","岐阜県土岐市鶴里町柿野1184-1","35.270861","137.21842"
"鶴里公民館","岐阜県土岐市鶴里町柿野1207-1","35.271539","137.218927"
"下町内公民館","岐阜県土岐市鶴里町柿野1660-1","35.275121","137.222355"
"中沢公民館","岐阜県土岐市鶴里町柿野1928-2","35.288331","137.216876"
"町町内公民館","岐阜県土岐市鶴里町柿野2224-4","35.272053","137.217979"
"荘厳寺","岐阜県土岐市鶴里町柿野2245-1","35.27051","137.217188"
"上町内公民館","岐阜県土岐市鶴里町柿野260-1","35.26408","137.209203"
"大沢公民館","岐阜県土岐市鶴里町柿野3121-4","35.267252","137.188052"
"細野白鳥公民館","岐阜県土岐市鶴里町柿野911","35.285081","137.243563"
"濃南小・中学校","岐阜県土岐市鶴里町細野139-2","35.278248","137.237171"
"細野農業集落研修センター","岐阜県土岐市鶴里町細野495-3","35.277917","137.240361"
"学園都市西公園","岐阜県土岐市土岐ヶ丘1-14","35.337922","137.167121"
"学園都市北公園","岐阜県土岐市土岐ヶ丘2-26","35.344038","137.171117"
"学園都市中央公園","岐阜県土岐市土岐ヶ丘2-41","35.34013","137.170617"
"学園都市東公園","岐阜県土岐市土岐ヶ丘3-28","35.339927","137.172294"
"上田公園","岐阜県土岐市土岐口中町2-66","35.346319","137.176776"
"畑田公園","岐阜県土岐市土岐口中町4-100","35.344463","137.175183"
"上田町公民館","岐阜県土岐市土岐口中町4-92-2","35.344663","137.177234"
"古井公園","岐阜県土岐市土岐口南町1-88","35.341841","137.17759"
"栄楽公園","岐阜県土岐市土岐口南町3-55","35.337962","137.180518"
"津路公園","岐阜県土岐市土岐口北町2-71","35.34945","137.176592"
"本町倶楽部","岐阜県土岐市土岐津町高山184-1","35.356906","137.191354"
"セラトピア土岐","岐阜県土岐市土岐津町高山4","35.358309","137.187971"
"高山公園","岐阜県土岐市土岐津町高山412-1","35.353514","137.19019"
"高山区民会館","岐阜県土岐市土岐津町高山412-2","35.35427","137.190219"
"土岐津児童館","岐阜県土岐市土岐津町高山412-2","35.353956","137.190278"
"慈徳院","岐阜県土岐市土岐津町高山427-1","35.353825","137.191212"
"ときつこども園","岐阜県土岐市土岐津町高山427-3","35.354267","137.191415"
"土岐津町東部区民館","岐阜県土岐市土岐津町高山484","35.358009","137.194042"
"土岐商業高等学校","岐阜県土岐市土岐津町土岐口1262","35.344743","137.169512"
"御幸町公民館","岐阜県土岐市土岐津町土岐口1285-1","35.348093","137.167834"
"大洞町公民館","岐阜県土岐市土岐津町土岐口1299-55","35.340268","137.153689"
"エコハウスなかやま","岐阜県土岐市土岐津町土岐口1372-1","35.346398","137.159233"
"中山町公民館","岐阜県土岐市土岐津町土岐口1374-1","35.345661","137.159758"
"栄楽公民館","岐阜県土岐市土岐津町土岐口167-2","35.337444","137.180465"
"津路北会館","岐阜県土岐市土岐津町土岐口1741-4","35.351143","137.174038"
"土岐津小学校","岐阜県土岐市土岐津町土岐口2000-1","35.352619","137.180861"
"土岐津幼稚園","岐阜県土岐市土岐津町土岐口2005-1","35.353075","137.181171"
"土岐津公民館","岐阜県土岐市土岐津町土岐口2043-3","35.349973","137.180155"
"土岐津体育館","岐阜県土岐市土岐津町土岐口2046-1","35.350159","137.17913"
"土岐津中学校","岐阜県土岐市土岐津町土岐口2046-1","35.3491","137.181249"
"土岐市役所","岐阜県土岐市土岐津町土岐口2101","35.352504","137.183192"
"文化プラザ","岐阜県土岐市土岐津町土岐口2121-1","35.352757","137.184102"
"土岐川公園","岐阜県土岐市土岐津町土岐口2154-14","35.354897","137.184818"
"図書館","岐阜県土岐市土岐津町土岐口2154-9","35.355169","137.185202"
"西山公園","岐阜県土岐市土岐津町土岐口2255-118","35.345456","137.187252"
"西山公民館","岐阜県土岐市土岐津町土岐口2255-19","35.348871","137.184833"
"陶元町第三集会場","岐阜県土岐市土岐津町土岐口2257-36","35.338949","137.194874"
"古井町公民館","岐阜県土岐市土岐津町土岐口419","35.340965","137.176819"
"陶元町公民館","岐阜県土岐市土岐津町土岐口627-1","35.341267","137.181882"
"栄楽南公民館","岐阜県土岐市土岐津町土岐口700-9","35.333667","137.18376"
"セラドンパーク","岐阜県土岐市土岐津町土岐口728","35.339532","137.19132"
"陶元公園","岐阜県土岐市土岐津町土岐口771-1","35.340117","137.18547"
"上田下町公民館","岐阜県土岐市土岐津町土岐口920-7","35.347003","137.17779"
"花園こども園","岐阜県土岐市土岐津町土岐口974-1","35.349332","137.178161"
"広福寺","岐阜県土岐市土岐津町土岐口974-1","35.348763","137.177882"
"笠神公園","岐阜県土岐市肥田浅野笠神町2-49","35.362991","137.198516"
"北防災センター","岐阜県土岐市肥田浅野笠神町3-11","35.363646","137.196706"
"浅野区公民館","岐阜県土岐市肥田浅野元町1-8","35.360325","137.200597"
"浅野会館","岐阜県土岐市肥田浅野元町1-9","35.360426","137.200779"
"双葉町公民館","岐阜県土岐市肥田浅野双葉町1-27","35.362218","137.194212"
"梅ノ木公園","岐阜県土岐市肥田浅野梅ノ木町2-48","35.358574","137.199048"
"矢落公園","岐阜県土岐市肥田浅野矢落町1-28","35.359737","137.194224"
"高根第三町内会倶楽部","岐阜県土岐市肥田町浅野1078-10","35.352845","137.205805"
"高根第一公民館","岐阜県土岐市肥田町浅野1079-96","35.35766","137.207671"
"浅野第二公民館","岐阜県土岐市肥田町浅野610","35.35858","137.202573"
"永松寺","岐阜県土岐市肥田町浅野885","35.360406","137.204045"
"天福寺","岐阜県土岐市肥田町肥田1547-1","35.348445","137.216139"
"肥田公民館","岐阜県土岐市肥田町肥田1697-4","35.35295","137.214759"
"土岐市福祉施設ひだまり","岐阜県土岐市肥田町肥田2042-2","35.353637","137.213496"
"肥田小学校","岐阜県土岐市肥田町肥田2269-1","35.351401","137.20736"
"肥田こども園","岐阜県土岐市肥田町肥田2285-1","35.354506","137.208362"
"肥田中学校","岐阜県土岐市肥田町肥田2285-1","35.3514","137.207224"
"下肥田第一公民館","岐阜県土岐市肥田町肥田2731-2","35.359365","137.210035"
"杉焼公園","岐阜県土岐市肥田町肥田287-240","35.330493","137.220589"
"セラテクノ土岐","岐阜県土岐市肥田町肥田287-3","35.336352","137.222055"
"旭ケ丘公園","岐阜県土岐市肥田町肥田287-305","35.327279","137.22052"
"旭ヶ丘南公民館","岐阜県土岐市肥田町肥田287-417","35.3278","137.21926"
"旭ケ丘中央公園","岐阜県土岐市肥田町肥田287-7","35.331283","137.221588"
"下肥田第二公民館","岐阜県土岐市肥田町肥田2985-77","35.360626","137.217488"
"上肥田クラブ","岐阜県土岐市肥田町肥田888-2","35.345521","137.223416"
"道の駅茶の里東白川駐車場","岐阜県東白川村越原1061-3","35.668012","137.352292"
"名古屋女子大学舎広場","岐阜県東白川村越原1121-10","35.663469","137.347565"
"曲坂集会所前","岐阜県東白川村越原132-5","35.667865","137.343191"
"栃山クラブ前","岐阜県東白川村越原1550-2","35.662345","137.372312"
"黒渕クラブ前","岐阜県東白川村越原1612-6","35.653468","137.379958"
"ちびっこ広場","岐阜県東白川村越原1630-2","35.654953","137.381253"
"清水屋前","岐阜県東白川村越原1758-2","35.655269","137.388606"
"高砂会館前","岐阜県東白川村越原2157-1","35.641193","137.385081"
"こまもり会館前","岐阜県東白川村越原2248-3","35.637283","137.391435"
"中田屋前","岐阜県東白川村越原2472-9","35.635667","137.384929"
"越原センター前","岐阜県東白川村越原500-1","35.669099","137.352657"
"いのなぎ前交差点","岐阜県東白川村越原761-3","35.674263","137.357931"
"岩野登り口付近","岐阜県東白川村越原834-11","35.675078","137.368233"
"むくハウス前広場","岐阜県東白川村越原976-1","35.669416","137.360401"
"五加センター前","岐阜県東白川村五加1228","35.619871","137.282057"
"大沢集会所前","岐阜県東白川村五加1894-3","35.620811","137.269851"
"下野集会所前","岐阜県東白川村五加2956-1","35.619545","137.285494"
"久須見集会所前","岐阜県東白川村五加3432-2","35.621306","137.30777"
"昭幸園ハウス","岐阜県東白川村五加741","35.626616","137.290137"
"五加運動場","岐阜県東白川村五加893-1","35.622831","137.289953"
"旧ちびっこ広場","岐阜県東白川村神土1740-1","35.637199","137.355225"
"上親田集会所前","岐阜県東白川村神土2117-12","35.648272","137.337821"
"田中屋前交差点","岐阜県東白川村神土2140-3","35.6473","137.346341"
"東白川製茶工場前","岐阜県東白川村神土2654-1","35.654827","137.341874"
"小学校運動場","岐阜県東白川村神土2686-19","35.656934","137.339121"
"五葉会館前","岐阜県東白川村神土3013-1","35.655694","137.329118"
"中谷集会所前","岐阜県東白川村神土4438-6","35.656635","137.320648"
"加舎尾クラブ前","岐阜県東白川村神土4492","35.654216","137.325487"
"総合運動場","岐阜県東白川村神土501","35.643898","137.321764"
"西洞センター前","岐阜県東白川村神土5131-2","35.653101","137.312431"
"役場前駐車場","岐阜県東白川村神土548","35.642311","137.323877"
"中学校校庭","岐阜県東白川村神土662","35.644163","137.326807"
"保健福祉センター","岐阜県東白川村神土692-2","35.647296","137.332752"
"アゼチ木工所前","岐阜県東白川村神土85-3","35.63262","137.307016"
"白川村コミュニティ消防センター","岐阜県白川村荻町1117-1","36.26305","136.906041"
"戸島多目的活動施設","岐阜県白川村荻町1628","36.271819","136.906049"
"白川保育園","岐阜県白川村荻町1673","36.273619","136.905103"
"荻町多目的集会施設","岐阜県白川村荻町256","36.271826","136.90601"
"本覚寺","岐阜県白川村荻町385","36.257504","136.905289"
"明善寺","岐阜県白川村荻町679","36.255814","136.906646"
"小白川冬期孤立集落機能維持施設管理棟","岐阜県白川村小白川478-1","36.36067","136.873178"
"かんなかべ","岐阜県白川村椿原109-1","36.322694","136.894978"
"トヨタ白川郷自然学校","岐阜県白川村馬狩223","36.257789","136.882361"
"鳩谷コミュニティ会館","岐阜県白川村鳩谷111","36.265937","136.901176"
"旧白川小学校体育館","岐阜県白川村鳩谷15","36.263271","136.903659"
"白川郷学園体育館","岐阜県白川村鳩谷575-1","36.273952","136.897056"
"ふれあい体育館","岐阜県白川村鳩谷575-1","36.273126","136.898573"
"飯島集落センター","岐阜県白川村飯島259-2","36.276629","136.900772"
"白川村総合文化交流施設","岐阜県白川村飯島873","36.278712","136.901584"
"平瀬保育園","岐阜県白川村平瀬126-10","36.170557","136.906944"
"南部地区文化会館","岐阜県白川村平瀬126-11","36.169694","136.907312"
"旧平瀬小学校体育館","岐阜県白川村平瀬126-11","36.170056","136.907325"
"常徳寺","岐阜県白川村平瀬237","36.171993","136.903293"
"大白川温泉しらみずの湯","岐阜県白川村平瀬247-7","36.173111","136.902393"
"南部公民館","岐阜県白川村平瀬80-1","36.17164","136.903834"
"御母衣電力館","岐阜県白川村牧140-1","36.14521","136.908578"
"木谷多目的集会施設","岐阜県白川村木谷621","36.191001","136.902742"
"森の食彩館白真弓","岐阜県白川村木谷868-1","36.186437","136.904169"
"室山公民館","岐阜県白川町下佐見2619-5","35.668572","137.204755"
"徳田公民館","岐阜県白川町下佐見2975-7","35.652436","137.218468"
"薄野公民館","岐阜県白川町下佐見3908-5","35.647692","137.23061"
"久室公民館","岐阜県白川町下佐見505-1","35.668877","137.244128"
"白川町町民会館","岐阜県白川町河岐1645-1","35.579381","137.18935"
"白川中学校（体育館）","岐阜県白川町河岐1830","35.583162","137.193669"
"道の駅「美濃白川」","岐阜県白川町河東3500-1","35.603938","137.173744"
"白川北ふれあいセンター","岐阜県白川町河東763","35.619906","137.164523"
"広野集会場","岐阜県白川町広野336","35.607774","137.205352"
"奥新田公民館","岐阜県白川町黒川1030-2","35.581339","137.374497"
"黒川保育園","岐阜県白川町黒川124-1","35.59537","137.315414"
"鱒渕公民館","岐阜県白川町黒川1458-3","35.586479","137.342313"
"めぐみの農協　黒川支店","岐阜県白川町黒川1812-7","35.595396","137.32298"
"黒川ふれあいセンター","岐阜県白川町黒川1821-4","35.596068","137.321554"
"黒川中切公民館","岐阜県白川町黒川312-5","35.594277","137.320984"
"黒川いこいの家","岐阜県白川町黒川3640-1","35.584581","137.292086"
"小坂公民館","岐阜県白川町黒川4236-1","35.581806","137.290282"
"中新田公民館","岐阜県白川町黒川804-24","35.57948","137.354541"
"村君公民館","岐阜県白川町坂ノ東331","35.637649","137.18143"
"白川茶流通センター","岐阜県白川町坂ノ東5231-1","35.606235","137.173519"
"白川病院","岐阜県白川町坂ノ東5770","35.603658","137.165004"
"大利公民館","岐阜県白川町坂ノ東6056-1","35.604021","137.162542"
"飛騨川漁業協同組合","岐阜県白川町坂ノ東6983-6","35.580674","137.183297"
"福祉センター","岐阜県白川町三川2065-2","35.571942","137.212318"
"上田公会堂","岐阜県白川町三川2855-1","35.582678","137.210638"
"下平公民館","岐阜県白川町三川80-1","35.561746","137.227215"
"佐見ふれあいセンター","岐阜県白川町上佐見1957-1","35.675823","137.269647"
"佐見保育園","岐阜県白川町上佐見3451-1","35.676323","137.275516"
"大寺公民館","岐阜県白川町上佐見377","35.67658","137.278404"
"蘇原ふれあいセンター","岐阜県白川町赤河1060-2","35.547485","137.264017"
"蘇原小学校（体育館）","岐阜県白川町赤河1163-3","35.544458","137.262847"
"昌寿寺","岐阜県白川町赤河1444-6","35.550074","137.25674"
"白竹の里","岐阜県白川町赤河1454-2","35.550372","137.259749"
"下赤河公民館","岐阜県白川町赤河1848-17","35.549872","137.245572"
"古田公民館","岐阜県白川町赤河1942-2","35.558281","137.244325"
"上赤河公会堂","岐阜県白川町赤河206-9","35.547381","137.275022"
"後山公会堂","岐阜県白川町赤河653-11","35.557058","137.266842"
"日向公会堂","岐阜県白川町赤河931-4","35.551266","137.26355"
"蘇原保育園","岐阜県白川町切井1168-3","35.546479","137.308421"
"切井中切集会場","岐阜県白川町切井1227-3","35.543072","137.303085"
"追分公会堂","岐阜県白川町切井1395-1","35.542688","137.311196"
"鹿折公民館","岐阜県白川町切井1675-1","35.54361","137.317817"
"塔洞集会場","岐阜県白川町切井1949-2","35.546095","137.31199"
"中央公民館","岐阜県白川町切井2206-1-2","35.551551","137.308012"
"中の瀬公会堂","岐阜県白川町切井221","35.545801","137.286869"
"稲中公民館","岐阜県白川町切井2445-15","35.554785","137.310649"
"丑丸集会場","岐阜県白川町切井465-6","35.539519","137.292685"
"川畑集会場","岐阜県白川町切井861","35.545405","137.298176"
"中川公民館","岐阜県白川町中川952-2","35.613478","137.250636"
"油井運動場","岐阜県白川町白山1668-1","35.637521","137.186458"
"宇津尾公民館","岐阜県白川町白山972-4","35.617873","137.201427"
"和泉体育館","岐阜県白川町和泉342-2","35.590686","137.212653"
"錦津保育園","岐阜県八百津町伊岐津志1484","35.466761","137.122421"
"錦津コミュニティセンター","岐阜県八百津町伊岐津志1692-1","35.468646","137.12588"
"錦津コミュニティセンター駐車場","岐阜県八百津町伊岐津志1692-1","35.468431","137.125771"
"錦津小学校体育館","岐阜県八百津町伊岐津志1806","35.467491","137.13074"
"錦津小学校グラウンド","岐阜県八百津町伊岐津志1806","35.467255","137.130139"
"蘇水公園","岐阜県八百津町伊岐津志2731-5","35.474062","137.135807"
"久田見小学校グラウンド","岐阜県八百津町久田見2741","35.520403","137.187831"
"久田見小学校体育館","岐阜県八百津町久田見2741","35.520338","137.187128"
"久田見環境改善センター","岐阜県八百津町久田見2745-7","35.519964","137.189113"
"八百津町東部デイサービスセンター","岐阜県八百津町久田見2761-8","35.521034","137.186486"
"八百津東部中学校体育館","岐阜県八百津町久田見3376-1","35.515216","137.200402"
"八百津東部中学校グラウンド","岐阜県八百津町久田見3376-1","35.514282","137.199904"
"元坂上分校跡地","岐阜県八百津町上吉田1532-14","35.530086","137.150025"
"潮見小学校グラウンド","岐阜県八百津町潮見1125","35.498274","137.255614"
"潮見小学校体育館","岐阜県八百津町潮見1125","35.499204","137.25585"
"潮南多目的運動場","岐阜県八百津町潮見237-2","35.487107","137.24491"
"潮南環境改善センター","岐阜県八百津町潮見808-9","35.486583","137.245747"
"人道の丘公園","岐阜県八百津町八百津1071","35.471903","137.168645"
"丸山運動場","岐阜県八百津町八百津1516-1","35.466801","137.163628"
"諸田公園","岐阜県八百津町八百津1770-1","35.473384","137.161194"
"八百津町Ｂ＆Ｇ体育館","岐阜県八百津町八百津3389-1","35.476395","137.144755"
"旧八高運動場","岐阜県八百津町八百津3390-2","35.475856","137.145401"
"ファミリーセンター第３駐車場","岐阜県八百津町八百津3597-1","35.474851","137.144168"
"八百津小学校グラウンド","岐阜県八百津町八百津3784","35.475823","137.142711"
"八百津小学校体育館","岐阜県八百津町八百津3784","35.476041","137.143472"
"八百津町中央公民館","岐阜県八百津町八百津3827-1","35.476459","137.143851"
"八百津町福祉センター","岐阜県八百津町八百津3836-3","35.476774","137.143529"
"北部農村センター","岐阜県八百津町八百津6928-3","35.510562","137.145731"
"北部農村センター広場","岐阜県八百津町八百津6928-3","35.510362","137.145541"
"福地公民館","岐阜県八百津町福地757-2","35.52931","137.240106"
"福地体育館","岐阜県八百津町福地775-3","35.528439","137.239668"
"福地運動場","岐阜県八百津町福地775-3","35.528514","137.240918"
"稲葉城公園","岐阜県八百津町野上70-1","35.472222","137.109742"
"八百津中学校サブグラウンド","岐阜県八百津町野上916-4","35.478772","137.124683"
"八百津中学校体育館","岐阜県八百津町野上916-4","35.479449","137.124206"
"和知小学校体育館","岐阜県八百津町和知1227","35.467584","137.100007"
"和知小学校グラウンド","岐阜県八百津町和知1227","35.467509","137.100978"
"和知農業者研修センター","岐阜県八百津町和知1692","35.466933","137.102798"
"和知運動場","岐阜県八百津町和知1706","35.466513","137.103777"
"友雪館","岐阜県飛騨市河合町稲越2876-1","36.249571","137.089344"
"稲越運動場","岐阜県飛騨市河合町稲越2922","36.25254","137.090914"
"河合ふるさと体験　宿泊施設グランド","岐阜県飛騨市河合町稲越491-2","36.258216","137.095988"
"稲越体育館","岐阜県飛騨市河合町稲越491-2","36.256049","137.097813"
"河合町コミュニティセンター","岐阜県飛騨市河合町角川223-1","36.304209","137.103738"
"河合町保健福祉センター","岐阜県飛騨市河合町角川318","36.303733","137.101458"
"河合町保健センター駐車場","岐阜県飛騨市河合町角川318","36.303655","137.100933"
"飛騨市林業センター","岐阜県飛騨市河合町角川324","36.303941","137.102113"
"飛騨かわい　ローズガーデン","岐阜県飛騨市河合町角川780","36.304778","137.096228"
"河合小学校グランド","岐阜県飛騨市河合町角川91-2","36.305778","137.106978"
"河合小学校","岐阜県飛騨市河合町角川91-2","36.306547","137.107004"
"角川グランド","岐阜県飛騨市河合町角川974-2","36.305195","137.0999"
"河合保育園","岐阜県飛騨市河合町角川974-2","36.30566","137.099973"
"角川体育館","岐阜県飛騨市河合町角川974-2","36.305725","137.100386"
"元田運動広場","岐阜県飛騨市河合町元田2-6","36.274267","137.026967"
"羽根運動場","岐阜県飛騨市河合町上ケ島115-2","36.290898","137.056027"
"飛騨みやがわ考古民族館","岐阜県飛騨市宮川町塩屋104","36.390888","137.184179"
"坂下体育館","岐阜県飛騨市宮川町桑野61","36.401473","137.182623"
"坂下グランド","岐阜県飛騨市宮川町桑野61","36.400865","137.182526"
"飛騨まんが王国","岐阜県飛騨市宮川町杉原116","36.411953","137.190063"
"飛騨まんが王国駐車場","岐阜県飛騨市宮川町杉原116","36.412536","137.189505"
"宮川アリーナ","岐阜県飛騨市宮川町西忍1004","36.336683","137.143799"
"ナチュールみやがわ","岐阜県飛騨市宮川町西忍135","36.337977","137.149027"
"高齢者コミュ二ティセンター","岐阜県飛騨市宮川町西忍231-1","36.412459","137.190185"
"みやがわスポーツ公園","岐阜県飛騨市宮川町西忍415-2","36.335198","137.146549"
"宮川町保健センター","岐阜県飛騨市宮川町野首28-2","36.327544","137.138093"
"宮川町デーサービスセンター","岐阜県飛騨市宮川町野首28-2","36.327583","137.138007"
"宮川保育園","岐阜県飛騨市宮川町野首30-2","36.327465","137.138461"
"宮川小学校","岐阜県飛騨市宮川町林258","36.328641","137.139127"
"宮川小学校グランド","岐阜県飛騨市宮川町林258","36.328295","137.139379"
"宮川町コミュニティセンター","岐阜県飛騨市宮川町林50-1","36.328557","137.140782"
"起し太鼓の里広場","岐阜県飛騨市古川町壱之町14-5","36.236518","137.185939"
"古川まつり会館","岐阜県飛騨市古川町壱之町14-5","36.237022","137.185767"
"宮城保育園","岐阜県飛騨市古川町栄2-11-12","36.241944","137.179123"
"飛騨市クリーンセンター","岐阜県飛騨市古川町下野16-2","36.259224","137.139518"
"ＪＡひだ古川会館","岐阜県飛騨市古川町金森町15-10","36.236365","137.18752"
"ＪＡひだ古川支店駐車場","岐阜県飛騨市古川町金森町15-10","36.23659","137.187236"
"古川駅前広場駐車場","岐阜県飛騨市古川町金森町8-32","36.236754","137.189149"
"千代の松原公園","岐阜県飛騨市古川町向町3-7-11","36.232068","137.183642"
"千代の松原コミュニティセンター","岐阜県飛騨市古川町向町3-7-13","36.23081","137.183575"
"黒内屋内運動場","岐阜県飛騨市古川町黒内1400-1","36.243314","137.11571"
"桃源郷温泉すぱーふる","岐阜県飛騨市古川町黒内1407","36.242259","137.114384"
"桃源郷温泉すぱーふる駐車場","岐阜県飛騨市古川町黒内1407","36.242449","137.114722"
"ふれあい広場","岐阜県飛騨市古川町黒内673","36.248236","137.11418"
"総合会館・保健福祉　センター駐車場","岐阜県飛騨市古川町若宮2-1-2","36.236938","137.190788"
"飛騨市美術館","岐阜県飛騨市古川町若宮2-1-58","36.237951","137.190141"
"郷土民芸会館","岐阜県飛騨市古川町若宮2-1-58","36.238219","137.189948"
"総合保健福祉センター","岐阜県飛騨市古川町若宮2-1-60","36.237351","137.189604"
"飛騨市文化交流センター","岐阜県飛騨市古川町若宮2-1-63","36.238041","137.188971"
"古川町コミュニティセンター　（総合会館）","岐阜県飛騨市古川町若宮2-1-66","36.238595","137.189356"
"古川中学校グランド","岐阜県飛騨市古川町沼町100","36.244877","137.173999"
"古川中学校","岐阜県飛騨市古川町沼町100","36.244379","137.174921"
"古川トレーニングセンター","岐阜県飛騨市古川町沼町233-1","36.243564","137.175449"
"気多公園","岐阜県飛騨市古川町上気多1749","36.241003","137.195292"
"吉城高等学校","岐阜県飛騨市古川町上気多1987-2","36.244465","137.197453"
"吉城高等学校グランド","岐阜県飛騨市古川町上気多1987-2","36.243721","137.19641"
"ＪＡひだ広域農業管理　センター","岐阜県飛騨市古川町上野571-1","36.247311","137.165703"
"森林公園・サンスポーツランド","岐阜県飛騨市古川町信包733-1","36.258087","137.140684"
"平成グランド","岐阜県飛騨市古川町数河4113-2","36.297581","137.217468"
"杉崎廃寺跡遺跡公園","岐阜県飛騨市古川町杉崎2059","36.257537","137.158467"
"杉崎公園","岐阜県飛騨市古川町杉崎3641-1","36.252915","137.155606"
"古川西小学校","岐阜県飛騨市古川町杉崎510","36.253926","137.157832"
"古川西小学校グランド","岐阜県飛騨市古川町杉崎510","36.254305","137.158383"
"さくら保育園","岐阜県飛騨市古川町杉崎553-1","36.253377","137.157419"
"福祉ふれあい公園","岐阜県飛騨市古川町是重102","36.225206","137.198443"
"増島保育園","岐阜県飛騨市古川町是重123","36.224278","137.199009"
"古川小学校","岐阜県飛騨市古川町片原町8-35","36.233973","137.192666"
"古川小学校グランド","岐阜県飛騨市古川町片原町8-35","36.23415","137.191545"
"飛騨市役所駐車場","岐阜県飛騨市古川町本町2-22","36.237775","137.185923"
"山之村多目的集会施設","岐阜県飛騨市神岡町下之本198","36.395096","137.38373"
"老人福祉センター割石温泉","岐阜県飛騨市神岡町割石219","36.366573","137.281965"
"釜崎社会体育館","岐阜県飛騨市神岡町釜崎836-1","36.317368","137.30361"
"旧神岡工業高校グランド","岐阜県飛騨市神岡町釜崎847","36.316459","137.304505"
"神岡中学校","岐阜県飛騨市神岡町桜ケ丘1","36.328877","137.30347"
"神岡中学校グランド","岐阜県飛騨市神岡町桜ケ丘1","36.328256","137.303784"
"桜ヶ丘体育館","岐阜県飛騨市神岡町桜ケ丘1-2","36.327651","137.304312"
"山田体育館","岐阜県飛騨市神岡町山田2059","36.297713","137.25282"
"上村コミュニティセンター","岐阜県飛騨市神岡町小萱2040","36.305934","137.30843"
"飛騨神岡高等学校グランド","岐阜県飛騨市神岡町小萱2138-2","36.308417","137.303735"
"飛騨神岡高等学校","岐阜県飛騨市神岡町小萱2138-2","36.30852","137.30491"
"山之村牧場","岐阜県飛騨市神岡町森茂1157","36.378776","137.365816"
"奥飛騨山之村牧場","岐阜県飛騨市神岡町森茂1157","36.378752","137.36592"
"山之村小中学校グランド","岐阜県飛騨市神岡町森茂1649-1","36.377385","137.371957"
"山之村小中学校","岐阜県飛騨市神岡町森茂1649-1","36.377791","137.371957"
"船津座","岐阜県飛騨市神岡町船津1130-1","36.334191","137.29857"
"神岡町ふれあいセンター","岐阜県飛騨市神岡町船津2122-4","36.336724","137.296108"
"神岡小学校グランド","岐阜県飛騨市神岡町船津225","36.329247","137.296702"
"神岡小学校","岐阜県飛騨市神岡町船津225","36.330007","137.296777"
"介護医療院たかはら","岐阜県飛騨市神岡町殿1081-19","36.324361","137.307928"
"坂巻公園","岐阜県飛騨市神岡町殿360","36.32033","137.308996"
"旭保育園グランド","岐阜県飛騨市神岡町殿979","36.32407","137.309265"
"旭保育園","岐阜県飛騨市神岡町殿979","36.324273","137.309072"
"神岡振興事務所","岐阜県飛騨市神岡町東町378","36.331984","137.301265"
"神岡振興事務所駐車場","岐阜県飛騨市神岡町東町378","36.331917","137.301659"
"神岡町コミュニティセンター","岐阜県飛騨市神岡町東町378","36.332103","137.302075"
"流葉グランド","岐阜県飛騨市神岡町伏方143","36.306391","137.246965"
"流葉温泉Ｍプラザ","岐阜県飛騨市神岡町伏方150","36.307591","137.245153"
"サンビレッジ神岡","岐阜県飛騨市神岡町麻生野280-1","36.310979","137.321424"
"道の駅スカイドーム","岐阜県飛騨市神岡町夕陽ケ丘6","36.329011","137.307132"
"ほくぶ保育園","岐阜県美濃加茂市伊深町1563-3","35.501235","137.003794"
"伊深小学校","岐阜県美濃加茂市伊深町888-2","35.501976","137.005084"
"伊深交流センター（連絡所）","岐阜県美濃加茂市伊深町927-1","35.501138","137.005021"
"下米田保育園","岐阜県美濃加茂市下米田町今109-2","35.462927","137.060935"
"下米田小学校","岐阜県美濃加茂市下米田町西脇578","35.464802","137.060987"
"下米田交流センター（連絡所）","岐阜県美濃加茂市下米田町則光182","35.463158","137.061848"
"加茂野小学校","岐阜県美濃加茂市加茂野町今泉1541","35.462594","136.974102"
"加茂野交流センター（連絡所）","岐阜県美濃加茂市加茂野町今泉1546-4","35.461702","136.975171"
"加茂野保育園","岐阜県美濃加茂市加茂野町鷹之巣1453","35.462977","136.972932"
"あじさいエコパーク","岐阜県美濃加茂市加茂野町鷹之巣2158-2","35.472343","136.967936"
"大楽児童公園","岐阜県美濃加茂市古井町下古井17","35.443629","137.02185"
"井戸畑児童公園","岐阜県美濃加茂市古井町下古井642","35.441465","137.024655"
"中之島公園（リバーポートパーク美濃加茂）","岐阜県美濃加茂市御門町2-6-6","35.438181","137.033278"
"三和小学校","岐阜県美濃加茂市三和町川浦2560","35.513048","137.042274"
"三和交流センター（連絡所）","岐阜県美濃加茂市三和町川浦2565","35.512559","137.041333"
"清流里山公園（駐車場）","岐阜県美濃加茂市山之上町2292-1","35.472229","137.031821"
"山之上こども園","岐阜県美濃加茂市山之上町2812-1","35.47904","137.04446"
"山之上交流センター（連絡所）","岐阜県美濃加茂市山之上町3457-1","35.478193","137.041755"
"山之上小学校","岐阜県美濃加茂市山之上町3495-2","35.479635","137.040555"
"総合福祉会館","岐阜県美濃加茂市新池町3-4-1","35.453482","137.030182"
"末広公園","岐阜県美濃加茂市森山町1-284","35.455335","137.049485"
"森山公園","岐阜県美濃加茂市森山町5-18-1","35.460791","137.044748"
"西中学校","岐阜県美濃加茂市西町1-30","35.447423","137.005875"
"西総合グラウンド","岐阜県美濃加茂市西町2-209","35.443753","137.000632"
"西体育館","岐阜県美濃加茂市西町3-232","35.44417","137.001139"
"太田第二保育園","岐阜県美濃加茂市西町3-249-1","35.443105","137.000973"
"川合コミュニティ広場","岐阜県美濃加茂市川合町1-2725-1","35.444862","137.044717"
"二ツ塚公園","岐阜県美濃加茂市川合町1-8-1","35.44326","137.040747"
"中部国際医療学院","岐阜県美濃加茂市川合町4-6-8","35.450738","137.050771"
"前平公園","岐阜県美濃加茂市前平町3-1","35.454231","137.000613"
"プラザちゅうたい","岐阜県美濃加茂市太田町1916-1","35.442297","137.013248"
"中町公園","岐阜県美濃加茂市太田町2852-5","35.43994","137.014268"
"生涯学習センター","岐阜県美濃加茂市太田町3425-1","35.44001","137.016317"
"太田小学校","岐阜県美濃加茂市太田本町5-4-39","35.437517","137.00819"
"大手町公園","岐阜県美濃加茂市大手町1-3","35.446606","137.018008"
"古井近隣公園","岐阜県美濃加茂市中富町2-5-2","35.446417","137.0309"
"田島公園","岐阜県美濃加茂市田島町1-37","35.44738","137.021396"
"あじさい保育園","岐阜県美濃加茂市田島町2-2-38","35.44875","137.022844"
"山手小学校","岐阜県美濃加茂市田島町2-6-6","35.450261","137.022988"
"文化会館（かも～る）","岐阜県美濃加茂市島町2-5-27","35.438074","137.02676"
"蜂屋小学校","岐阜県美濃加茂市蜂屋町上蜂屋11","35.472414","137.005956"
"文化の森","岐阜県美濃加茂市蜂屋町上蜂屋3299-1","35.457114","137.021657"
"蜂屋交流センター（連絡所）","岐阜県美濃加茂市蜂屋町上蜂屋3637","35.471568","137.00873"
"蜂友学舎保育園","岐阜県美濃加茂市蜂屋町中蜂屋4469-1","35.470437","137.009745"
"牧野交流センター","岐阜県美濃加茂市牧野1941-1","35.449499","137.071991"
"可茂特別支援学校","岐阜県美濃加茂市牧野2007-1","35.448537","137.061481"
"古井小学校","岐阜県美濃加茂市本郷町1-9-8","35.447423","137.038305"
"東総合グラウンド","岐阜県美濃加茂市本郷町2-1915-1","35.449219","137.036814"
"加茂高等学校","岐阜県美濃加茂市本郷町2-6-78","35.448012","137.034805"
"カナリヤの家","岐阜県美濃加茂市本郷町2-8-25","35.450162","137.03794"
"加茂農林高等学校","岐阜県美濃加茂市本郷町3-3-13","35.449621","137.03195"
"美濃加茂中学高等学校","岐阜県美濃加茂市本郷町7-6-60","35.46271","137.043326"
"上古井交流センター（連絡所）","岐阜県美濃加茂市本郷町8-8-48","35.451481","137.0461"
"東中学校","岐阜県美濃加茂市本郷町8-8-52","35.452594","137.046435"
"東図書館","岐阜県美濃加茂市本郷町9-2-2","35.451217","137.040093"
"藍見グラウンド","岐阜県美濃市横越95-1","35.534152","136.890895"
"上牧生涯学習センター体育館","岐阜県美濃市乙狩837-1","35.591047","136.857965"
"洲原生涯学習センターグラウンド","岐阜県美濃市下河和460","35.586606","136.94608"
"洲原防災コミュニティセンター","岐阜県美濃市下河和468-3","35.587559","136.94601"
"美濃建設会館","岐阜県美濃市極楽寺746","35.532642","136.888746"
"藍見小学校体育館","岐阜県美濃市極楽寺794-1","35.534122","136.885987"
"藍見防災コミュニティセンター","岐阜県美濃市極楽寺797-2","35.533869","136.886667"
"御手洗グラウンド","岐阜県美濃市御手洗888-3","35.581622","136.863749"
"上牧公民館","岐阜県美濃市小倉737-32","35.582006","136.86202"
"防災・中央コミュニティセンター","岐阜県美濃市上条1350","35.545099","136.907499"
"中有知小学校体育館","岐阜県美濃市生櫛1614-1","35.527209","136.900329"
"中有知グラウンド","岐阜県美濃市生櫛1702-2","35.520043","136.889678"
"ザ・ビッグ美濃店駐車場","岐阜県美濃市千畝町2776","35.537633","136.909701"
"美濃中学校体育館","岐阜県美濃市千畝町2881-1","35.538903","136.912646"
"美濃小学校体育館","岐阜県美濃市泉町1594-1","35.550556","136.914706"
"武義高校体育館","岐阜県美濃市泉町2-3","35.549231","136.916861"
"台山ヒロック","岐阜県美濃市曽代1125-2","35.55645","136.916168"
"道の駅美濃にわか茶屋","岐阜県美濃市曽代2007","35.554646","136.913696"
"大矢田公民館","岐阜県美濃市大矢田1261-5","35.53856","136.871488"
"大矢田小学校体育館","岐阜県美濃市大矢田1382-2","35.540269","136.871039"
"大矢田体育館","岐阜県美濃市大矢田975-1","35.535288","136.874966"
"定住促進センター","岐阜県美濃市片知593","35.580624","136.904921"
"美濃和紙用具ミュージアムふくべ","岐阜県美濃市片知813","35.58894","136.90964"
"牧谷小学校体育館","岐阜県美濃市蕨生2095-3","35.588249","136.889913"
"南公民館駐車場・児童公園","岐阜県富加町羽生1446-1","35.479951","136.9717"
"道の駅「半布里の郷とみか」駐車場","岐阜県富加町羽生2174-1","35.474478","136.980917"
"双葉中学校駐車場・グラウンド","岐阜県富加町羽生990","35.486493","136.984566"
"栃洞児童公園","岐阜県富加町加治田1354-1","35.492402","137.002924"
"加治田住宅棟東広場","岐阜県富加町加治田3384","35.490539","136.99058"
"子育て支援拠点施設すくすく駐車場","岐阜県富加町加治田350","35.489955","136.994803"
"高畑ハイツ児童公園","岐阜県富加町高畑1872","35.478187","136.961537"
"高畑住宅児童遊園","岐阜県富加町高畑374-1","35.474962","136.963984"
"高畑集会場駐車場","岐阜県富加町高畑737","35.477934","136.960324"
"西公民館駐車場・児童公園","岐阜県富加町大山857-1","35.496038","136.969735"
"富加小学校駐車場・グラウンド","岐阜県富加町滝田1381-1","35.482096","136.975514"
"富加町役場駐車場","岐阜県富加町滝田1511","35.485311","136.979732"
"勤労青少年ホーム","岐阜県北方町高屋条里2-22","35.417558","136.688012"
"総合体育館","岐阜県北方町高屋石末1-9","35.42464","136.693043"
"働く婦人の家","岐阜県北方町芝原中町3-50","35.444446","136.694133"
"北学園（後期課程）","岐阜県北方町北方1367-1","35.435299","136.687924"
"北屋井集会所","岐阜県本巣市屋井1353","35.457073","136.651265"
"新屋敷公民館","岐阜県本巣市屋井151-2","35.460819","136.65516"
"南屋井公民館","岐阜県本巣市屋井568-2","35.453744","136.64979"
"下屋井公民館","岐阜県本巣市屋井731-1","35.448592","136.648931"
"温井公民館","岐阜県本巣市温井162-1","35.431432","136.636957"
"真正中学校（体育館）","岐阜県本巣市下真桑1010","35.434511","136.654709"
"真正中学校グラウンド","岐阜県本巣市下真桑1010","35.43428","136.655996"
"真正中学校（校舎）","岐阜県本巣市下真桑1010","35.434066","136.654773"
"真正公民館","岐阜県本巣市下真桑1060","35.433564","136.656416"
"住吉公民館","岐阜県本巣市下真桑1165","35.435923","136.654293"
"真桑幼児園","岐阜県本巣市下真桑178-1","35.434355","136.666113"
"真桑小学校グラウンド","岐阜県本巣市下真桑223-1","35.432802","136.665903"
"真桑小学校（校舎）","岐阜県本巣市下真桑223-1","35.433371","136.665232"
"真桑小学校（体育館）","岐阜県本巣市下真桑223-1","35.433401","136.666043"
"真正幼児園","岐阜県本巣市下真桑443-2","35.442696","136.663027"
"真正幼児園グラウンド","岐阜県本巣市下真桑443-2","35.442329","136.663167"
"大門公民館","岐阜県本巣市下真桑506-1","35.440466","136.660406"
"神明公民館","岐阜県本巣市下真桑690-4","35.439485","136.656202"
"曲り田公民館","岐阜県本巣市下真桑982-19","35.436156","136.659014"
"下福島公民館","岐阜県本巣市下福島702-2","35.424375","136.650956"
"海老公民館","岐阜県本巣市海老59","35.446491","136.640502"
"東外山ふれあい広場","岐阜県本巣市外山1100-1","35.547367","136.669372"
"川内公民館","岐阜県本巣市外山1694-1","35.547948","136.675046"
"木倉公民館","岐阜県本巣市外山448","35.560958","136.664455"
"金原公民館","岐阜県本巣市金原353-2","35.571645","136.646137"
"郡府研修センター","岐阜県本巣市郡府119-1","35.461295","136.688573"
"席田小学校グラウンド","岐阜県本巣市郡府37","35.457319","136.68346"
"席田小学校（体育館）","岐阜県本巣市郡府37","35.45773","136.683034"
"席田小学校（校舎）","岐阜県本巣市郡府37","35.457726","136.683903"
"真正グラウンド","岐阜県本巣市軽海171-1","35.432339","136.665922"
"東軽海公民館","岐阜県本巣市軽海269-1","35.43032","136.662912"
"西軽海公民館","岐阜県本巣市軽海636-1","35.428739","136.655656"
"本巣市民文化ホール","岐阜県本巣市軽海718","35.431168","136.656163"
"真正体育センター","岐阜県本巣市軽海725-1","35.432257","136.656496"
"見延公民館","岐阜県本巣市見延1067-1","35.462947","136.667074"
"一色小学校グラウンド","岐阜県本巣市見延16","35.469137","136.666345"
"一色小学校（体育館）","岐阜県本巣市見延16","35.468961","136.665743"
"一色小学校（校舎）","岐阜県本巣市見延16","35.469695","136.666242"
"弾正幼児園","岐阜県本巣市国領148","35.436502","136.641299"
"しんせい運動広場","岐阜県本巣市国領173","35.435556","136.641343"
"国領公民館","岐阜県本巣市国領43","35.437441","136.641812"
"越卒集会所","岐阜県本巣市根尾越卒347","35.650574","136.595679"
"越波集会所","岐阜県本巣市根尾越波866","35.738461","136.608963"
"下大須第一集会所","岐阜県本巣市根尾下大須1312-9","35.70773","136.671018"
"ＮＥＯキャンピングパーク","岐阜県本巣市根尾下大須1428-1","35.70906","136.670685"
"根尾幼児園","岐阜県本巣市根尾高尾775-1","35.598039","136.626574"
"市場集会所","岐阜県本巣市根尾市場215","35.634561","136.611023"
"旧根尾小学校（校舎）","岐阜県本巣市根尾市場461","35.636035","136.609615"
"小鹿集会所","岐阜県本巣市根尾小鹿252-3","35.651482","136.643278"
"松田第一集会所","岐阜県本巣市根尾松田531-1","35.660759","136.652594"
"上大須集会所","岐阜県本巣市根尾上大須1779","35.723326","136.661067"
"神所集会所","岐阜県本巣市根尾神所174","35.640955","136.605193"
"根尾学園（体育館）","岐阜県本巣市根尾神所268-1","35.64013","136.604368"
"根尾学園（校舎）","岐阜県本巣市根尾神所268-1","35.64025","136.603736"
"大河原集会所","岐阜県本巣市根尾大河原123-1","35.750777","136.580291"
"樽見集会所","岐阜県本巣市根尾樽見104-2","35.637764","136.614686"
"長島集会所","岐阜県本巣市根尾長島233-1","35.678368","136.572071"
"長嶺集会所","岐阜県本巣市根尾長嶺157-6","35.662743","136.579042"
"能郷集会所","岐阜県本巣市根尾能郷266-1","35.684192","136.565301"
"八谷集会所","岐阜県本巣市根尾八谷1082","35.658741","136.570811"
"板所集会所","岐阜県本巣市根尾板所356","35.62836","136.616825"
"川原集会所","岐阜県本巣市根尾板所617-2","35.634279","136.614114"
"根尾文化センター","岐阜県本巣市根尾板所625-1","35.63481","136.615491"
"平野集会所","岐阜県本巣市根尾平野113-2","35.593384","136.628567"
"門脇集会所","岐阜県本巣市根尾門脇166","35.656173","136.586928"
"ＮＥＯ桜交流ランド","岐阜県本巣市根尾門脇422","35.659701","136.588663"
"佐原公民館","岐阜県本巣市佐原178-9","35.555402","136.645148"
"糸貫老人福祉センター","岐阜県本巣市三橋1101-6","35.451044","136.672477"
"糸貫中学校（校舎）","岐阜県本巣市三橋1101-8","35.448928","136.672753"
"糸貫中学校グラウンド","岐阜県本巣市三橋1101-8","35.450293","136.672857"
"糸貫中学校（体育館）","岐阜県本巣市三橋1101-8","35.449523","136.672701"
"三橋公民館","岐阜県本巣市三橋393","35.45685","136.679458"
"山口公民館","岐阜県本巣市山口559-1","35.502941","136.662603"
"南出公民館","岐阜県本巣市七五三1208-11","35.445697","136.643341"
"小弾正公民館","岐阜県本巣市七五三1263-2","35.447999","136.64498"
"中野会館","岐阜県本巣市七五三1574","35.445936","136.655635"
"更屋敷公民館","岐阜県本巣市七五三399","35.455004","136.655603"
"土貴野小学校グラウンド","岐阜県本巣市七五三658","35.451053","136.654514"
"土貴野小学校（校舎）","岐阜県本巣市七五三658","35.451379","136.654417"
"土貴野小学校（体育館）","岐阜県本巣市七五三658","35.451339","136.653864"
"宗慶公民館","岐阜県本巣市宗慶96-1","35.431186","136.673548"
"十四条下公民館","岐阜県本巣市十四条597-2","35.42303","136.662554"
"十四条上公民館","岐阜県本巣市十四条817-10","35.422816","136.658902"
"春近公民館","岐阜県本巣市春近276","35.454627","136.69618"
"小柿共栄公民館","岐阜県本巣市小柿219-2","35.422356","136.676562"
"小柿坪内公民館","岐阜県本巣市小柿307","35.420153","136.675996"
"真正スポーツセンター","岐阜県本巣市小柿368-3","35.422936","136.67527"
"小柿南栄公民館","岐阜県本巣市小柿408","35.423322","136.675789"
"小柿北組公民館","岐阜県本巣市小柿609-2","35.42652","136.675843"
"上高屋研修センター","岐阜県本巣市上高屋70","35.472151","136.656756"
"旦内北公民館","岐阜県本巣市上真桑1065-1","35.446504","136.669015"
"北町公民館","岐阜県本巣市上真桑1179-6","35.449458","136.670389"
"旦内南公民館","岐阜県本巣市上真桑1266-1","35.443272","136.669952"
"旦内南集荷場","岐阜県本巣市上真桑1315","35.44141","136.670115"
"緑町公民館","岐阜県本巣市上真桑1455-34","35.44137","136.673232"
"東町公民館","岐阜県本巣市上真桑1488-7","35.440448","136.673712"
"真桑みどり公園","岐阜県本巣市上真桑1636-1","35.437165","136.671515"
"八ツ又公民館","岐阜県本巣市上真桑2075-18","35.436197","136.675925"
"岐阜工業高等専門学校グラウンド","岐阜県本巣市上真桑2236","35.44652","136.671379"
"岐阜工業高等専門学校（第二体育館）","岐阜県本巣市上真桑2236","35.445969","136.67253"
"岐阜工業高等専門学校（第一体育館）","岐阜県本巣市上真桑2236","35.447748","136.671623"
"南町公民館","岐阜県本巣市上真桑2258-100","35.438271","136.677781"
"本郷公民館","岐阜県本巣市上真桑331","35.446439","136.663329"
"北部研修センター","岐阜県本巣市上真桑331","35.446378","136.66305"
"西町公民館","岐阜県本巣市上真桑603","35.442913","136.655331"
"糸貫富有柿の里","岐阜県本巣市上保1-1-1","35.473222","136.676984"
"上保中央公民館","岐阜県本巣市上保430","35.465677","136.681288"
"外山小学校（校舎）","岐阜県本巣市神海1328-3","35.54428","136.642085"
"外山小学校運動場","岐阜県本巣市神海1328-3","35.544058","136.641468"
"外山小学校（体育館）","岐阜県本巣市神海1328-3","35.544477","136.641924"
"神海幼児園","岐阜県本巣市神海459-1","35.537784","136.649253"
"外山基幹集落センター","岐阜県本巣市神海459-3","35.537575","136.649887"
"神海公民館","岐阜県本巣市神海917-1","35.537873","136.646443"
"随原公民館","岐阜県本巣市随原565-1","35.461643","136.661099"
"数屋研修センター","岐阜県本巣市数屋524-2","35.467245","136.656696"
"溝口公民館","岐阜県本巣市政田1410-5","35.431347","136.646533"
"清水公民館","岐阜県本巣市政田1706","35.437752","136.645267"
"弾正小学校グラウンド","岐阜県本巣市政田2100","35.43426","136.643099"
"弾正小学校（校舎）","岐阜県本巣市政田2100","35.434728","136.643254"
"弾正小学校（体育館）","岐阜県本巣市政田2100","35.434715","136.642493"
"真正団地公民館","岐阜県本巣市政田2157","35.43577","136.644116"
"更屋敷公民館","岐阜県本巣市政田320-2","35.44169","136.648049"
"天神前住宅公民館","岐阜県本巣市政田717","35.433812","136.646906"
"東村公民館","岐阜県本巣市政田81","35.445608","136.64767"
"竹後公民館","岐阜県本巣市政田991-2","35.434845","136.647456"
"石原研修センター","岐阜県本巣市石原117-1","35.454647","136.685445"
"石神農事集会所","岐阜県本巣市石神242-3","35.48539","136.660483"
"浅木北町公民館","岐阜県本巣市浅木13-1","35.442798","136.642936"
"あさぎ苑公民館","岐阜県本巣市浅木255-6","35.443844","136.638899"
"浅木公園","岐阜県本巣市浅木45-1","35.443852","136.641066"
"浅木公民館","岐阜県本巣市浅木84-1","35.441148","136.641077"
"もとす広域連合老人福祉施設大和園","岐阜県本巣市曽井中島1156-4","35.482456","136.66627"
"本巣老人福祉センター","岐阜県本巣市曽井中島1170-6","35.48327","136.668026"
"中島公民館","岐阜県本巣市曽井中島1368-1","35.481554","136.673478"
"本巣幼児園","岐阜県本巣市曽井中島1429-2","35.48451","136.676407"
"向野社宅集会場","岐阜県本巣市曽井中島404-14","35.496194","136.665146"
"向道公民館","岐阜県本巣市曽井中島415-4","35.495133","136.665607"
"東川原公民館","岐阜県本巣市曽井中島593-1","35.489887","136.670671"
"辻屋公民館","岐阜県本巣市曽井中島644-4","35.488061","136.672924"
"西川原公民館","岐阜県本巣市曽井中島722-1","35.48789","136.667503"
"南原住宅集会場","岐阜県本巣市曽井中島867-3","35.490207","136.664825"
"川西公民館","岐阜県本巣市曽井中島902-49","35.488014","136.664869"
"早野公民館","岐阜県本巣市早野450-1","35.451864","136.661402"
"ひばり町公民館","岐阜県本巣市早野864-112","35.45045","136.669817"
"長屋研修センター","岐阜県本巣市長屋1110-5","35.477394","136.66823"
"大構公民館","岐阜県本巣市長屋1400-77","35.469258","136.67386"
"日当公民館","岐阜県本巣市日当1144","35.585118","136.633832"
"天神公民館","岐阜県本巣市仏生寺320-1","35.448778","136.686699"
"仏生寺公民館","岐阜県本巣市仏生寺611-8","35.443781","136.685637"
"本巣松陽高等学校","岐阜県本巣市仏生寺859-1","35.445077","136.678155"
"高砂防災センター","岐阜県本巣市仏生寺868-673","35.441774","136.678158"
"西之門公民館","岐阜県本巣市文殊1128-2","35.4866","136.677562"
"徳山団地集会所","岐阜県本巣市文殊115-101","35.496749","136.692601"
"本巣中学校（校舎）","岐阜県本巣市文殊120","35.490101","136.674347"
"本巣中学校運動場","岐阜県本巣市文殊120","35.489498","136.674481"
"本巣中学校（体育館）","岐阜県本巣市文殊120","35.490193","136.673596"
"中谷公民館","岐阜県本巣市文殊1309-1","35.485613","136.680187"
"上新町公民館","岐阜県本巣市文殊131-6","35.489685","136.692015"
"武備公民館","岐阜県本巣市文殊1355-8","35.486784","136.681894"
"文殊団地集会所","岐阜県本巣市文殊141-86","35.485456","136.692018"
"宝珠公民館","岐阜県本巣市文殊1487-2","35.490904","136.686466"
"新町公民館","岐阜県本巣市文殊1737","35.484651","136.692143"
"本巣小学校運動場","岐阜県本巣市文殊179","35.488044","136.674701"
"本巣小学校（校舎）","岐阜県本巣市文殊179","35.488498","136.674577"
"本巣小学校（体育館）","岐阜県本巣市文殊179","35.488175","136.674202"
"本巣公民館","岐阜県本巣市文殊324","35.483023","136.678226"
"本巣多目的広場","岐阜県本巣市文殊326","35.482229","136.678008"
"本巣総合運動場","岐阜県本巣市文殊50-1","35.48824","136.688303"
"宝珠ハイツ公民館","岐阜県本巣市文殊57-254","35.495606","136.6907"
"宝珠集荷場","岐阜県本巣市文殊938-3","35.48655","136.687333"
"法林寺公民館","岐阜県本巣市法林寺179","35.497485","136.673465"
"北野公民館","岐阜県本巣市北野223","35.458915","136.69616"
"木知原公民館","岐阜県本巣市木知原807","35.520587","136.649695"
"有里公民館","岐阜県本巣市有里533-2","35.466631","136.660408"
"公正公民館・体育館","岐阜県揖斐川町乙原291","35.530742","136.530814"
"外津汲集会場","岐阜県揖斐川町外津汲1695","35.534201","136.511926"
"樫原集会場","岐阜県揖斐川町樫原485-1","35.570972","136.485673"
"坂内コミュニティーセンター","岐阜県揖斐川町坂内広瀬2729-1","35.606512","136.405062"
"坂本コミュニティセンター","岐阜県揖斐川町坂内広瀬3040","35.59438","136.423393"
"広瀬集会場","岐阜県揖斐川町坂内広瀬3167","35.604823","136.403656"
"旧坂内小中学校","岐阜県揖斐川町坂内広瀬351","35.599347","136.41675"
"坂内振興事務所","岐阜県揖斐川町坂内広瀬924","35.602932","136.412147"
"諸家集会場","岐阜県揖斐川町坂内坂本1236","35.55136","136.411678"
"坂西多目的集会所","岐阜県揖斐川町坂内坂本165-1","35.593853","136.421699"
"川上集会場","岐阜県揖斐川町坂内川上1353-4","35.612536","136.362762"
"三倉特産品加工・文化伝承施設","岐阜県揖斐川町三倉193-1","35.526627","136.52885"
"揖斐川町役場","岐阜県揖斐川町三輪133","35.487338","136.568656"
"揖斐小学校","岐阜県揖斐川町三輪1332-2","35.489294","136.574599"
"揖斐高等学校","岐阜県揖斐川町三輪1852","35.4869","136.580821"
"揖斐浄化センター公園","岐阜県揖斐川町三輪2168","35.481522","136.581894"
"香六青少年会館","岐阜県揖斐川町春日香六543","35.467417","136.468214"
"小宮神多目的集会所","岐阜県揖斐川町春日小宮神995","35.46571","136.460723"
"川合多目的集会所","岐阜県揖斐川町春日川合1620","35.466138","136.458615"
"かすが幼児園","岐阜県揖斐川町春日川合1668-2","35.465441","136.45805"
"春日小学校","岐阜県揖斐川町春日川合1677-2","35.465922","136.457638"
"古屋多目的集会施設","岐阜県揖斐川町春日川合3900","35.41955","136.444624"
"中山多目的集会所","岐阜県揖斐川町春日中山2700","35.461122","136.44736"
"高齢者コミュニティセンター","岐阜県揖斐川町春日美束2675-2","35.484309","136.446677"
"種本多目的集会施設","岐阜県揖斐川町春日美束2680","35.483777","136.446908"
"尾西集会所","岐阜県揖斐川町春日美束尾西4970","35.483032","136.43262"
"上ケ流多目的集会所","岐阜県揖斐川町春日六合1902","35.474811","136.487384"
"旧春日中学校","岐阜県揖斐川町春日六合3098","35.46728","136.480574"
"樫多目的集会所","岐阜県揖斐川町春日六合600","35.472279","136.504897"
"下ケ流多目的集会施設","岐阜県揖斐川町春日六合975","35.468267","136.492357"
"滝集会所","岐阜県揖斐川町春日六合滝66-5","35.473819","136.520757"
"小津公民館・体育館","岐阜県揖斐川町小津836-2","35.580015","136.522638"
"月夜谷ふれあいの里","岐阜県揖斐川町小津987-1","35.579192","136.534184"
"小島小学校","岐阜県揖斐川町小島139","35.481081","136.545141"
"小島コミュニティセンター","岐阜県揖斐川町小島67-1","35.481647","136.544024"
"揖斐川町地域交流センター","岐阜県揖斐川町上南方27-7","35.491095","136.566684"
"いびがわゆめパークＴｏ・Ｌｅ・Ｍｏ","岐阜県揖斐川町上南方675","35.492093","136.562607"
"健康広場","岐阜県揖斐川町上南方853-49","35.497032","136.563595"
"清水小学校","岐阜県揖斐川町清水1527","35.470519","136.595277"
"清水公民館","岐阜県揖斐川町清水1528-12","35.470743","136.596206"
"藤橋公民館","岐阜県揖斐川町西横山408-1","35.584954","136.457592"
"旧久瀬中学校","岐阜県揖斐川町西津汲481-3","35.554188","136.506478"
"旧久瀬小学校","岐阜県揖斐川町西津汲481-3","35.553453","136.505647"
"くぜ幼児園","岐阜県揖斐川町西津汲710-1","35.554142","136.504606"
"久瀬公民館・体育館","岐阜県揖斐川町西津汲711","35.554025","136.504197"
"揖斐特別支援学校体育館","岐阜県揖斐川町谷汲深坂2760","35.514786","136.6068"
"下神原地区コミュニティー会館","岐阜県揖斐川町谷汲神原362-1","35.541158","136.54919"
"谷汲トレイルセンター","岐阜県揖斐川町谷汲神原762-1","35.551692","136.556443"
"旧ながせ幼児園","岐阜県揖斐川町谷汲長瀬2565-1","35.53","136.642172"
"旧長瀬小学校体育館","岐阜県揖斐川町谷汲長瀬423-14","35.533115","136.641427"
"谷汲小学校体育館","岐阜県揖斐川町谷汲名礼1242-11","35.527331","136.599802"
"谷汲スポーツセンター","岐阜県揖斐川町谷汲名礼141","35.519282","136.606718"
"谷汲中学校体育館","岐阜県揖斐川町谷汲名礼244-13","35.522735","136.610674"
"谷汲文化会館","岐阜県揖斐川町谷汲名礼265-43","35.526424","136.609043"
"木曽屋地区活性化支援センター","岐阜県揖斐川町谷汲木曽屋685-1","35.538351","136.563116"
"有鳥生活改善センター","岐阜県揖斐川町谷汲有鳥85-3","35.523154","136.562293"
"揖斐川町「ふじはし星の家」","岐阜県揖斐川町鶴見639","35.636996","136.483945"
"水と森の学習館","岐阜県揖斐川町鶴見653-1","35.636564","136.483803"
"教育交流施設（道の駅）","岐阜県揖斐川町東横山264-1","35.577215","136.462858"
"藤橋高齢者コミュニティセンター","岐阜県揖斐川町東横山942","35.588348","136.45566"
"東津汲コミュニティセンター","岐阜県揖斐川町東津汲1007-1","35.555826","136.507222"
"久瀬振興事務所","岐阜県揖斐川町東津汲875-1","35.55666","136.506971"
"やまびこの郷","岐阜県揖斐川町東津汲877-1","35.557139","136.507528"
"日坂公民館・体育館","岐阜県揖斐川町日坂1267-2","35.552237","136.454198"
"栃の実荘","岐阜県揖斐川町日坂1509-15","35.537698","136.43038"
"大和公民館","岐阜県揖斐川町房島490","35.493869","136.553423"
"大和小学校","岐阜県揖斐川町房島560","35.4937","136.554336"
"北方小学校","岐阜県揖斐川町北方1362","35.505511","136.539856"
"北方公民館","岐阜県揖斐川町北方1365-17","35.505274","136.539065"
"北和中学校","岐阜県揖斐川町北方1891-2","35.503056","136.550593"
"揖斐川中学校","岐阜県揖斐川町和田412","35.478576","136.567921"
"脛永公民館","岐阜県揖斐川町脛永597-1","35.469169","136.577685"
"日吉こども園","岐阜県養老町宇田66","35.325337","136.552793"
"日吉公民館","岐阜県養老町宇田66-2","35.325135","136.552691"
"金草川排水機場広場","岐阜県養老町烏江825","35.302803","136.592941"
"大垣養老高校養老校舎","岐阜県養老町押越17-6","35.31147","136.549939"
"東部町民体育館","岐阜県養老町下笠2751","35.269448","136.591309"
"東部中学校グラウンド","岐阜県養老町下笠2769","35.27218","136.592145"
"東部中学校","岐阜県養老町下笠2769","35.272326","136.59095"
"スマイルグラウンド","岐阜県養老町五日市300","35.311831","136.544618"
"中央公園多目的広場","岐阜県養老町五日市400","35.311627","136.546617"
"中央公園野球場","岐阜県養老町五日市400","35.31119","136.547754"
"総合体育館","岐阜県養老町五日市400","35.311045","136.546125"
"広幡公民館","岐阜県養老町口ケ島19-1","35.29789","136.569208"
"広幡こども園","岐阜県養老町口ケ島191-1","35.295451","136.571899"
"広幡小学校グラウンド","岐阜県養老町口ケ島196-2","35.294652","136.571409"
"山口会館","岐阜県養老町高田18-1","35.307968","136.556848"
"養老こども園","岐阜県養老町高田231-1","35.310708","136.556253"
"旧養老町民プール多目的広場","岐阜県養老町高田2862","35.299058","136.578922"
"高田中学校グラウンド","岐阜県養老町高田3789-4","35.311074","136.552933"
"産業文化会館","岐阜県養老町高田3879-3","35.310577","136.553157"
"高田中学校柔剣道場","岐阜県養老町高田3879-4","35.310687","136.554219"
"心身障害者福祉センター","岐阜県養老町高田789-2","35.308423","136.564085"
"老人福祉センター","岐阜県養老町高田79-2","35.307942","136.558988"
"養老公園こどもの家","岐阜県養老町高林1298-2","35.284264","136.552063"
"福祉センター","岐阜県養老町三神町345","35.31496","136.55072"
"日吉公民館室原分館","岐阜県養老町室原613-4","35.336711","136.560238"
"室原自治会館","岐阜県養老町室原614-4","35.33672","136.560448"
"上多度公民館","岐阜県養老町小倉258-2","35.276677","136.562164"
"上多度小学校グラウンド","岐阜県養老町小倉415","35.274283","136.564397"
"ふれあいセンター養老","岐阜県養老町石畑1560-5","35.295747","136.548238"
"養老町民会館","岐阜県養老町石畑483-2","35.304829","136.548813"
"中央公民館","岐阜県養老町石畑491","35.305243","136.54922"
"保健センター","岐阜県養老町石畑523","35.304774","136.550432"
"養老小学校グラウンド","岐阜県養老町石畑660","35.303516","136.550963"
"就業改善センター","岐阜県養老町船附1148","35.28833","136.596464"
"船附こども園","岐阜県養老町船附1149-4","35.288255","136.595499"
"笠郷小学校グラウンド","岐阜県養老町船附1150","35.286878","136.596669"
"大垣養老高校大垣校舎","岐阜県養老町祖父江1418-4","35.311914","136.582356"
"池辺小学校グラウンド","岐阜県養老町大巻1140","35.252172","136.607083"
"池辺公民館","岐阜県養老町大巻1162-1","35.252688","136.605895"
"日吉小学校グラウンド","岐阜県養老町中138","35.325763","136.553304"
"多芸公民館","岐阜県養老町直江396","35.318211","136.560974"
"養北こども園","岐阜県養老町飯田219","35.32278","136.570685"
"そよかぜ飯田教室","岐阜県養老町飯田225-1","35.322945","136.572061"
"養北小学校グラウンド","岐阜県養老町飯田265","35.323404","136.571472"
"小畑公民館","岐阜県養老町飯田366-1","35.324446","136.570635"
"牧田川堤防","岐阜県輪之内町塩喰2405-2","35.292957","136.609692"
"明看寺","岐阜県輪之内町塩喰467","35.284257","136.617852"
"塩喰集会場","岐阜県輪之内町塩喰631","35.283339","136.61709"
"大榑川堤防","岐阜県輪之内町下大榑364-1","35.270424","136.651715"
"白鬚神社（下新田）","岐阜県輪之内町下大榑新田1319-1","35.266907","136.635153"
"堤燈明","岐阜県輪之内町下大榑新田1467","35.269979","136.643327"
"仁木こども園","岐阜県輪之内町下大榑新田261-2","35.2731","136.632542"
"明教寺","岐阜県輪之内町海松新田175-1","35.269497","136.624124"
"ごまんど神社","岐阜県輪之内町海松新田233","35.266225","136.627927"
"小寺自動車前","岐阜県輪之内町海松新田50-3","35.275751","136.621694"
"仁木小学校","岐阜県輪之内町海松新田827","35.272628","136.629487"
"神明神社（上大榑）","岐阜県輪之内町四郷106","35.289055","136.652324"
"多度神社","岐阜県輪之内町四郷1694","35.284312","136.650645"
"五反郷新田集会場","岐阜県輪之内町四郷2252-2","35.281116","136.64506"
"輪之内中学校","岐阜県輪之内町四郷2457","35.284134","136.636411"
"輪之内町民センター","岐阜県輪之内町四郷2530-1","35.284859","136.638169"
"西之川集会場","岐阜県輪之内町四郷335","35.289966","136.646221"
"八幡神社（本郷）","岐阜県輪之内町松内1219","35.263495","136.625271"
"柿内集会場","岐阜県輪之内町松内2839-3","35.255276","136.625413"
"傳了寺駐車場","岐阜県輪之内町松内481-2","35.263456","136.617214"
"神明神社（西藻池）","岐阜県輪之内町藻池新田5098-1","35.279706","136.619748"
"大吉新田集会場","岐阜県輪之内町大吉新田1039","35.270531","136.618513"
"大藪こども園","岐阜県輪之内町大藪1117","35.294751","136.655234"
"大藪小学校","岐阜県輪之内町大藪1117","35.294487","136.656066"
"東大薮防災倉庫前","岐阜県輪之内町大藪2742-2","35.292442","136.666717"
"中郷上集会場","岐阜県輪之内町中郷973-4","35.29957","136.642772"
"中郷集会所","岐阜県輪之内町中郷新田1596-1","35.291214","136.637782"
"下中郷集会場","岐阜県輪之内町中郷新田2005","35.283022","136.627268"
"輪之内ふれあいセンター","岐阜県輪之内町中郷新田2201-1","35.278436","136.629186"
"南波会館","岐阜県輪之内町南波361-1","35.306714","136.63428"
"福束小学校","岐阜県輪之内町南波76","35.30368","136.631207"
"揖斐川堤防","岐阜県輪之内町南波879-9","35.288536","136.618031"
"白鬚神社（福束）","岐阜県輪之内町福束1648","35.298142","136.622744"
"水谷宅前","岐阜県輪之内町福束4302","35.301274","136.619818"
"乗願寺東","岐阜県輪之内町福束新田162-3","35.283236","136.62664"
"福中集会場","岐阜県輪之内町福束新田81-2","35.288875","136.631122"
"北屋敷集会場","岐阜県輪之内町福束新田946-2","35.284142","136.619781"
"本戸集会場","岐阜県輪之内町本戸26-1","35.308804","136.644764"
"輪中堤防","岐阜県輪之内町本戸300-10","35.307749","136.651741"
"福束こども園","岐阜県輪之内町里983-1","35.303915","136.632676"
"白鬚神社（楡俣）","岐阜県輪之内町楡俣1698-1","35.30168","136.66286"
"済美館","岐阜県輪之内町楡俣2261-4","35.307044","136.656462"
"長良川堤","岐阜県輪之内町楡俣3868-4","35.299264","136.664723"
"楡俣新田公民館","岐阜県輪之内町楡俣新田400","35.298503","136.651539"