"施設名","所在地","緯度","経度"
"東畑消防車庫前","秋田県にかほ市伊勢居地","39.236786","139.966415"
"上坂会館前広場","秋田県にかほ市伊勢居地字グミノ木森140-3","39.214572","140.012774"
"伊勢居地児童遊園地","秋田県にかほ市伊勢居地字谷地25","39.243845","139.965251"
"東畑会館前広場","秋田県にかほ市伊勢居地字平太屋敷31","39.236379","139.966331"
"薫風苑","秋田県にかほ市院内字〆カケ114","39.274358","139.97252"
"杉山運動公園","秋田県にかほ市院内字ヒシカタ161","39.273671","139.959532"
"仁賀保中学校グラウンド","秋田県にかほ市院内字ヒシカタ261","39.271791","139.956843"
"横根児童遊園地","秋田県にかほ市院内字下横根7-28","39.276895","139.969671"
"さくら団地駐車場","秋田県にかほ市院内字下横根78-3","39.27769","139.970176"
"下坂会館前広場","秋田県にかほ市院内字下坂3","39.226723","140.025303"
"駐在所広場","秋田県にかほ市院内字城前15-2","39.269176","139.973902"
"院内児童遊園地","秋田県にかほ市院内字城前61","39.269212","139.975447"
"高速杉山緊急避難施設","秋田県にかほ市院内字杉山","39.277643","139.960972"
"釜ヶ台児童遊園地","秋田県にかほ市釜ケ台字中島9-5","39.238925","140.033232"
"家ノ後高台","秋田県にかほ市芹田字家ノ後122-1","39.284738","139.932046"
"諏訪神社境内","秋田県にかほ市芹田字中道106","39.284221","139.928548"
"芹田児童遊園地","秋田県にかほ市芹田字中道130-1","39.286773","139.929205"
"塩焚浜高台","秋田県にかほ市金浦字塩焚浜108-1","39.25831","139.911841"
"岡の谷地グラウンド","秋田県にかほ市金浦字岡の谷地107","39.252548","139.91494"
"太郎助山団地","秋田県にかほ市金浦字岡の谷地169-25","39.250114","139.918251"
"コミュニティ公園","秋田県にかほ市金浦字金浦95-2","39.257647","139.915753"
"金浦バイパス跨線橋","秋田県にかほ市金浦字高森140-6","39.24266","139.916931"
"にかほ市商工会館前広場","秋田県にかほ市金浦字十二林158-9","39.257069","139.917764"
"十二林児童公園","秋田県にかほ市金浦字十二林223-1","39.256854","139.919843"
"金浦駅前広場","秋田県にかほ市金浦字十二林83-1","39.256254","139.920066"
"赤石館広場","秋田県にかほ市金浦字赤石31-1","39.245293","139.917113"
"金浦中学校グラウンド","秋田県にかほ市金浦字谷地中30-3","39.251352","139.91991"
"金浦小学校グラウンド","秋田県にかほ市金浦字谷地中9-1","39.251396","139.922603"
"鳥長根児童公園","秋田県にかほ市金浦字鳥長根33-9","39.258771","139.924627"
"コミュニティ防災センター","秋田県にかほ市金浦字南金浦12-1","39.255611","139.914614"
"太平山","秋田県にかほ市金浦字南金浦188","39.253802","139.914136"
"金浦公民館広場","秋田県にかほ市金浦字南金浦49-2","39.255509","139.917156"
"丸大機工駐車場","秋田県にかほ市金浦字背長森10-1","39.248951","139.923708"
"金浦中央公園","秋田県にかほ市金浦字堀切7","39.25762","139.917571"
"勢至保育園広場","秋田県にかほ市金浦字木の浦山17-11","39.260959","139.918071"
"高速黒川緊急避難施設","秋田県にかほ市黒川","39.272021","139.940019"
"宮田高台","秋田県にかほ市黒川字宮田21-1","39.274504","139.933568"
"三嶽神社","秋田県にかほ市黒川字三嶽後12","39.275571","139.926502"
"黒川児童遊園地","秋田県にかほ市黒川字三嶽新田242","39.275785","139.930684"
"ＡＳＣ駐車場","秋田県にかほ市黒川字平石48-2","39.267983","139.929121"
"三森児童遊園地","秋田県にかほ市三森字午ノ浜110-1","39.288699","139.940203"
"午ノ浜温泉","秋田県にかほ市三森字午ノ浜144-1","39.287143","139.943052"
"薬師神社","秋田県にかほ市三森字御堂森1","39.286391","139.937576"
"ヤマト運輸前駐車場","秋田県にかほ市三森字高田26","39.280827","139.938605"
"御堂森","秋田県にかほ市三森字水上104-1","39.286418","139.940726"
"午ノ浜温泉脇の山","秋田県にかほ市三森字水上174-1","39.28711","139.942519"
"古四王森","秋田県にかほ市三森字浜田203-1","39.288087","139.936695"
"山王森","秋田県にかほ市三森字浜田259-1","39.288033","139.935469"
"寺田児童遊園地","秋田県にかほ市寺田字長瀬町149-1","39.239228","139.95629"
"神明神社","秋田県にかほ市小国字下腰4","39.262947","139.970838"
"院内小学校グラウンド","秋田県にかほ市小国字郷ノ町65-1","39.265891","139.97083"
"上小国公園広場","秋田県にかほ市小国字前田225","39.252756","139.97666"
"小国ゲートボール場","秋田県にかほ市小国字道下60","39.265069","139.972213"
"大塩越会館裏山","秋田県にかほ市象潟町","39.222392","139.90333"
"舟岡集会所前","秋田県にかほ市象潟町横岡字堰端7","39.188345","139.968447"
"水岡自治会館前広場","秋田県にかほ市象潟町横岡字前谷地92","39.195085","139.965156"
"横岡会館前","秋田県にかほ市象潟町横岡字前田56-1","39.1766","139.974107"
"大森遊園地","秋田県にかほ市象潟町横岡字大森2-1","39.209981","139.96058"
"水岡広場","秋田県にかほ市象潟町横岡字目貫谷地1-32","39.193172","139.962644"
"市営住宅松ヶ丘広場","秋田県にかほ市象潟町関字建石45-310","39.195132","139.91003"
"市営住宅建石広場","秋田県にかほ市象潟町関字建石45-348","39.194365","139.907192"
"関グラウンド","秋田県にかほ市象潟町関字西大坂1-9","39.181749","139.907421"
"まま高台","秋田県にかほ市象潟町関字村の下2-1","39.183954","139.905593"
"鳥屋森運動広場","秋田県にかほ市象潟町関字鳥屋森26-6","39.193468","139.914218"
"御不動様神社","秋田県にかほ市象潟町字一丁目塩越44","39.213192","139.895897"
"熊野神社広場","秋田県にかほ市象潟町字一丁目塩越5","39.213302","139.897741"
"象潟グラウンド","秋田県にかほ市象潟町字沖ノ田8-1","39.204942","139.906889"
"九十九島球場","秋田県にかほ市象潟町字屋敷田76","39.205571","139.908423"
"ＪＡ象潟支店駐車場","秋田県にかほ市象潟町字家の後146","39.205701","139.900751"
"駅前広場","秋田県にかほ市象潟町字家ノ後1-12","39.207072","139.901808"
"稲荷神社","秋田県にかほ市象潟町字狐森28-2","39.201293","139.907959"
"象潟公民館前","秋田県にかほ市象潟町字狐森31-1","39.202141","139.907367"
"古四王神社広場","秋田県にかほ市象潟町字五丁目塩越13","39.203022","139.899507"
"戸隠神社広場","秋田県にかほ市象潟町字五丁目塩越173","39.204102","139.899632"
"上荒屋会館前","秋田県にかほ市象潟町字五丁目塩越87","39.201917","139.902752"
"たつみ寛洋ホテル","秋田県にかほ市象潟町字後田116-5","39.204654","139.902209"
"みどり中央公園","秋田県にかほ市象潟町字後田60-1","39.20472","139.901276"
"象潟夕日の宿さんねむ温泉","秋田県にかほ市象潟町字才の神31-1","39.216589","139.899031"
"象潟公会堂","秋田県にかほ市象潟町字三丁目塩越163","39.209305","139.89801"
"本隆寺広場","秋田県にかほ市象潟町字四丁目塩越192-2","39.207654","139.898945"
"光岸寺","秋田県にかほ市象潟町字四丁目塩越231","39.20626","139.898235"
"にかほ市商工会象潟支所前","秋田県にかほ市象潟町字四丁目塩越76-2","39.20525","139.89932"
"八島神社広場","秋田県にかほ市象潟町字象潟島","39.21578","139.902148"
"出雲神社広場","秋田県にかほ市象潟町字上狐森9","39.198214","139.909089"
"道の駅象潟「ねむの丘」広場","秋田県にかほ市象潟町字大塩越73-1","39.218292","139.899077"
"鳥の海中央公園","秋田県にかほ市象潟町字鳥の海3-40","39.1937","139.91076"
"象潟町児童公園","秋田県にかほ市象潟町字入道島15-1","39.212195","139.901253"
"栄町会館前","秋田県にかほ市象潟町字浜山121-2","39.20025","139.904471"
"天の山広場","秋田県にかほ市象潟町字浜山126","39.200863","139.907436"
"汐見会館遊園地","秋田県にかほ市象潟町字浜山126-157","39.199702","139.909768"
"おばこ町会館前","秋田県にかほ市象潟町字浜畑59-7","39.207398","139.896144"
"象潟神社広場","秋田県にかほ市象潟町字妙見下66-1","39.209816","139.900641"
"象潟小学校グラウンド","秋田県にかほ市象潟町字妙見下77-2","39.210113","139.901109"
"桜ヶ丘遊園地","秋田県にかほ市象潟町字木戸口51-75","39.199986","139.911817"
"小砂川中磯","秋田県にかほ市象潟町小砂川","39.128261","139.882475"
"小砂川クツカケ","秋田県にかほ市象潟町小砂川字クツカケ","39.124938","139.88007"
"観音森集会所広場","秋田県にかほ市象潟町小砂川字観音森23-1","39.129187","139.939188"
"小砂川保育園広場","秋田県にかほ市象潟町小砂川字砂畑5","39.129699","139.886154"
"小砂川グラウンド","秋田県にかほ市象潟町小砂川字小田12-2","39.136009","139.885773"
"小砂川自治会館前","秋田県にかほ市象潟町小砂川字中磯47-1","39.13165","139.884809"
"石名坂広場","秋田県にかほ市象潟町小滝字石名坂25","39.196608","139.950307"
"上郷グラウンド","秋田県にかほ市象潟町小滝字舞台64","39.190863","139.946549"
"中ノ沢グラウンド","秋田県にかほ市象潟町西中野沢字中ノ沢131-2","39.17371","139.910133"
"大日霊貴神社","秋田県にかほ市象潟町西中野沢字中ノ沢44-1","39.17112","139.907888"
"旧国道","秋田県にかほ市象潟町川袋字釜ノ上","39.154226","139.89539"
"国道７号","秋田県にかほ市象潟町川袋字釜ノ上","39.155008","139.897096"
"久志神社","秋田県にかほ市象潟町川袋字滝ノ下54","39.153993","139.899581"
"萬照寺前広場","秋田県にかほ市象潟町川袋字滝ノ下78-2","39.152797","139.901915"
"旧ＪＡ秋田しんせい上浜支所","秋田県にかほ市象潟町洗釜字砂山2-45","39.167329","139.903438"
"上浜駅前広場","秋田県にかほ市象潟町洗釜字砂山5-47","39.164642","139.902462"
"ぐみの木会館広場","秋田県にかほ市象潟町洗釜字浜山2-2","39.166153","139.903832"
"大砂川生活改善センター","秋田県にかほ市象潟町大砂川字トド盛20-1","39.158285","139.908277"
"象潟都市農村交流センター","秋田県にかほ市象潟町大砂川字下橋20-6","39.160361","139.900356"
"上浜グラウンド","秋田県にかほ市象潟町大砂川字釜道1-1","39.159002","139.898706"
"大須郷グラウンド","秋田県にかほ市象潟町大須郷字雨谷地316","39.148929","139.89721"
"大須郷大道下","秋田県にかほ市象潟町大須郷字大道下","39.143984","139.885329"
"大須郷林ノ下","秋田県にかほ市象潟町大須郷字林ノ下","39.149363","139.890334"
"阿曽石材駐車場","秋田県にかほ市象潟町大須郷大道下40-23","39.141671","139.884713"
"大飯郷会館前","秋田県にかほ市象潟町大飯郷字堂ノ前48","39.215393","139.941587"
"長岡グラウンド","秋田県にかほ市象潟町長岡字家尻79-1","39.202571","139.950265"
"本郷運動広場","秋田県にかほ市象潟町本郷字盛","39.175312","139.95238"
"水沢会館前広場","秋田県にかほ市水沢字堂ノ前225-1","39.236681","139.98279"
"いちょう館広場","秋田県にかほ市前川字久根添55","39.236787","139.92622"
"前川児童館広場","秋田県にかほ市前川字沼尻95-1","39.236371","139.925071"
"大竹農村公園","秋田県にかほ市大竹字水叩25-4","39.231257","139.944474"
"旧小出小学校グラウンド","秋田県にかほ市中三地字橋本293-1","39.243132","139.95717"
"三日市児童遊園地","秋田県にかほ市中三地字森ノ内69","39.255439","139.956891"
"中野児童遊園地","秋田県にかほ市中三地字中ノ堀10-19","39.246948","139.957447"
"立居地児童遊園地","秋田県にかほ市中三地字立居地89-1","39.253275","139.950718"
"田抓児童遊園地","秋田県にかほ市田抓字小荒田170","39.267594","139.951565"
"石田広場","秋田県にかほ市田抓字地蔵森164","39.26131","139.958094"
"冬師児童遊園地","秋田県にかほ市冬師字冬師20-2","39.219499","140.030502"
"馬場児童遊園地","秋田県にかほ市馬場字石水口84","39.257673","139.968048"
"旧釜ケ台小中学校グラウンド","秋田県にかほ市馬場字冬師山8-4","39.230233","140.033226"
"桂坂会館広場","秋田県にかほ市畑字一本木下20-12","39.218255","139.972552"
"畑運動広場","秋田県にかほ市畑字宮嶋132-3","39.234979","139.963914"
"塩竈神社","秋田県にかほ市飛字飛ケ崎3-1","39.263113","139.916103"
"堺児童遊園地","秋田県にかほ市樋目野字下山54-13","39.255111","139.943078"
"樋ノ口会館前広場","秋田県にかほ市樋目野字中道115","39.250018","139.947269"
"久斯神社境内","秋田県にかほ市樋目野字堂ノ本58-1","39.248318","139.949108"
"百目木運動公園","秋田県にかほ市樋目野字百目木11","39.254709","139.947105"
"平森高台","秋田県にかほ市平沢","39.287131","139.948611"
"室沢会館駐車場","秋田県にかほ市平沢字家妻71","39.287176","139.96915"
"望海公園","秋田県にかほ市平沢字画書面37-1","39.289586","139.956466"
"室内神社","秋田県にかほ市平沢字宮ノ前46","39.286304","139.966588"
"ＴＤＫ琴浦工場跡地","秋田県にかほ市平沢字古里38-5","39.295954","139.969502"
"行ヒ森公園","秋田県にかほ市平沢字行ヒ森17-7","39.284867","139.96567"
"安楽寺","秋田県にかほ市平沢字坂ノ下108","39.290337","139.959125"
"八幡神社","秋田県にかほ市平沢字上町5","39.291423","139.958568"
"ＴＤＫ健保駐車場","秋田県にかほ市平沢字新町","39.291718","139.966519"
"秋葉神社","秋田県にかほ市平沢字新町17-2","39.290903","139.964419"
"駅前広場","秋田県にかほ市平沢字清水152","39.29007","139.963837"
"仁賀保公園","秋田県にかほ市平沢字清水4","39.290431","139.961959"
"清水尻公園","秋田県にかほ市平沢字清水尻109-6","39.285308","139.970302"
"石橋公園","秋田県にかほ市平沢字石橋47-15","39.287152","139.971983"
"大日神社","秋田県にかほ市平沢字前谷地238","39.287604","139.951137"
"ＴＤＫ秋田工場東門","秋田県にかほ市平沢字前田","39.293044","139.974349"
"大水口国道緑地","秋田県にかほ市平沢字大水口","39.287307","139.95325"
"墓地公園","秋田県にかほ市平沢字団子坂1","39.286677","139.974787"
"ホテルエクセルキクスイ","秋田県にかほ市平沢字町田108-1","39.290612","139.972298"
"平沢小学校グラウンド","秋田県にかほ市平沢字長磯32","39.290052","139.954896"
"マックスバリュ駐車場","秋田県にかほ市平沢字天ケ町80-1","39.289342","139.97274"
"仁賀保運動公園","秋田県にかほ市平沢字馬飼森","39.28722","139.963917"
"共立エーティーエス駐車場","秋田県にかほ市平沢字平森83-8","39.28663","139.948792"
"サイエンスパーク","秋田県にかほ市平沢字宝田47","39.284174","139.961308"
"高速両前寺緊急避難施設","秋田県にかほ市両前寺字阿部館","39.299994","139.976667"
"香取神社境内","秋田県にかほ市両前寺字阿部館53","39.296042","139.978045"
"両前寺児童遊園地","秋田県にかほ市両前寺字阿部堂68-40","39.299046","139.971651"
"水道記念碑","秋田県にかほ市両前寺字狐森3-2","39.299886","139.977958"
"大台地区防災センター前広場","秋田県井川町井内字桂畑62-13","39.869026","140.16215"
"仲台運動広場（仲台分館前広場）","秋田県井川町井内字上野239","39.892942","140.1347"
"井内運動広場（井内児童館前広場）","秋田県井川町井内字杉ケ崎125","39.888976","140.139515"
"井内農村公園（井内地区緑化施設）","秋田県井川町井内字菅生沢160","39.886834","140.140487"
"宇治木運動広場","秋田県井川町宇治木字伊勢堂41-1","39.915708","140.112084"
"泉岳地区集会所前広場","秋田県井川町宇治木字伊勢堂45","39.915782","140.110795"
"小泉運動広場","秋田県井川町黒坪字小泉9","39.917895","140.110291"
"新間分館前広場","秋田県井川町黒坪字新間198-7","39.922648","140.106742"
"小今戸運動広場","秋田県井川町今戸字カチ田191-1","39.918238","140.072961"
"今戸運動広場","秋田県井川町今戸字ヲマキ49-1","39.922461","140.073151"
"今戸分館前広場（今戸コミュニティセンター前）","秋田県井川町今戸字家ノ後77-1","39.925218","140.070834"
"横岡地区防災センター前広場","秋田県井川町坂本字横岡27-1","39.909463","140.100671"
"井川義務教育学校グラウンド","秋田県井川町坂本字山崎38","39.911015","140.097344"
"町民体育館前","秋田県井川町坂本字山崎5-1","39.910802","140.099351"
"坂本団地児童公園広場","秋田県井川町坂本字四百刈61-14","39.91412","140.096113"
"大野地分館前広場","秋田県井川町坂本字大野地54-3","39.900505","140.105684"
"日本国花苑広場","秋田県井川町坂本字飛塚42","39.904684","140.094853"
"老人福祉センター前広場","秋田県井川町寺沢字綱木沢145-1","39.893286","140.121611"
"翠香苑駐車場","秋田県井川町小竹花字道端14-1","39.909616","140.084968"
"こどもセンター内広場","秋田県井川町小竹花字道端50","39.910124","140.086361"
"赤沢分館前広場","秋田県井川町赤沢字赤沢163","39.897712","140.114556"
"大麦運動広場（大麦分館前広場）","秋田県井川町大麦字向村31-2","39.90052","140.132692"
"八幡運動広場","秋田県井川町八田大倉字八幡2-1","39.90727","140.105004"
"㈱スズキ部品秋田駐車場","秋田県井川町浜井川字家ノ東136","39.90552","140.082431"
"浜井川運動広場","秋田県井川町浜井川字家ノ東425-2","39.9104","140.080339"
"田中分館前","秋田県井川町浜井川字家ノ東54-2","39.912603","140.078685"
"新屋敷運動広場","秋田県井川町浜井川字洲崎99-2","39.916226","140.072023"
"さくら駅児童公園","秋田県井川町浜井川字新堰30-2","39.912408","140.075518"
"旧井川小学校グラウンド","秋田県井川町浜井川字二階103","39.904646","140.097409"
"街道運動広場","秋田県井川町北川尻字海老沢巡り21","39.916987","140.079813"
"海老沢分館前広場","秋田県井川町北川尻字海老沢村191-2","39.921061","140.092345"
"役場駐車場","秋田県井川町北川尻字海老沢樋ノ口78-1","39.913815","140.081389"
"農村環境改善センター前広場","秋田県井川町北川尻字海老沢樋ノ口78-4","39.913724","140.081116"
"上村分館前広場","秋田県井川町北川尻字上村宅地66","39.913757","140.094541"
"中下村分館前広場","秋田県井川町北川尻字中村42-5","39.912024","140.088874"
"館岡分館前広場","秋田県井川町葹田字羽根田195","39.90673","140.120609"
"葹田分館前広場","秋田県井川町葹田字轡田31-3","39.90485","140.117929"
"寺沢分館前広場","秋田県井川町葹田字中ノ目29-9","39.90218","140.12419"
"葹田農村公園（コミュニティセンター前広場）","秋田県井川町葹田字柳町36-1","39.903762","140.121391"
"旧田代仙道診療所屋外広場","秋田県羽後町下仙道字田中122","39.183588","140.309143"
"高瀬ケアセンター駐車場","秋田県羽後町下仙道字風平97-1","39.169119","140.320561"
"三輪公民館（美里音）駐車場","秋田県羽後町貝沢字拾三本塚111-1","39.195025","140.441556"
"町営三輪陸上競技場・町営三輪球場","秋田県羽後町貝沢字拾三本塚25","39.19812","140.440178"
"旧三輪中学校校庭","秋田県羽後町貝沢字拾三本塚25","39.19777","140.44014"
"三輪小学校校庭・屋外運動場","秋田県羽後町貝沢字拾三本塚7","39.19592","140.438815"
"郡山公園","秋田県羽後町郡山字下郡330","39.222047","140.422005"
"旧田代小学校校庭・屋外運動場","秋田県羽後町軽井沢字下除野山6-2","39.216404","140.271294"
"軽井沢山村広場","秋田県羽後町軽井沢字下杉沢山5-3","39.220671","140.284791"
"貝沢公園","秋田県羽後町字前谷地186","39.180134","140.447736"
"県立羽後高等学校校庭","秋田県羽後町字大戸1","39.191583","140.398085"
"多目的運動広場","秋田県羽後町字大戸14-1","39.192561","140.401139"
"羽後中学校校庭","秋田県羽後町字雄勝野1","39.200405","140.397582"
"町営羽後陸上競技場・町営羽後球場","秋田県羽後町字雄勝野1","39.201502","140.399309"
"西馬音内公民館・明通分館屋外広場","秋田県羽後町床舞字軽内180-4","39.17888","140.414194"
"新処公園","秋田県羽後町床舞字堤下55","39.180091","140.42119"
"ポプラ館屋外広場","秋田県羽後町上仙道字約束沢45","39.135371","140.313586"
"田代公民館・上到米分館館屋外広場","秋田県羽後町上到米字高橋39-6","39.232699","140.304129"
"旧明治小学校跡地","秋田県羽後町新町字京塚野1","39.238488","140.392743"
"八反田公園","秋田県羽後町新町字馬ノ峰16-1","39.244338","140.397086"
"田畑公園","秋田県羽後町杉宮字田畑177-1","39.20422","140.425998"
"西馬音内小学校校庭・屋外運動場","秋田県羽後町西馬音内字祭ノ神19","39.196299","140.40259"
"活性化センター駐車場","秋田県羽後町西馬音内字中野187","39.19987","140.41273"
"元西公園","秋田県羽後町西馬音内堀回字関ノ口71-1","39.195604","140.384138"
"大手門会館屋外広場","秋田県羽後町西馬音内堀回字上石地蔵10-3","39.19169","140.378676"
"五輪坂アルカディア公園","秋田県羽後町足田字古堤上地内","39.219398","140.400582"
"ひばり野グラウンド","秋田県羽後町足田字新城川1-5","39.225761","140.403782"
"土舘公園","秋田県羽後町足田字大谷地200-1","39.224922","140.4053"
"羽後明成小学校校庭","秋田県羽後町足田字大谷地223","39.224413","140.406787"
"大久保公園","秋田県羽後町大久保字柏原124-1","39.209155","140.440182"
"旧田代小学校屋外広場","秋田県羽後町田代字明通山3","39.203049","140.308654"
"嶋田公園","秋田県羽後町嶋田新田字嶋田214","39.235947","140.411434"
"農林業体験交流施設屋外広場","秋田県羽後町飯沢字瀬後野50","39.159165","140.356409"
"五輪坂運動広場","秋田県羽後町林崎字三ツ盛22","39.220269","140.391326"
"本郷第一公園","秋田県横手市旭川1-6","39.310037","140.575748"
"本郷第二公園","秋田県横手市旭川2-44","39.308053","140.578961"
"八王寺公園","秋田県横手市安田柳堤3-1","39.297705","140.56179"
"横手市立横手南小学校","秋田県横手市羽黒町4-36","39.315847","140.570981"
"Ｙ２ぷらざ","秋田県横手市駅前町1-21","39.311756","140.561583"
"横手駅南児童公園","秋田県横手市駅南1-35","39.299602","140.563494"
"横手市横手保健センター","秋田県横手市横山町1-1","39.304313","140.563666"
"旧横手市立金沢中学校グラウンド","秋田県横手市金沢中野字根小屋84","39.376305","140.569647"
"立馬郊グラウンド","秋田県横手市金沢中野字三貫堰645-1","39.363541","140.555851"
"横手市金沢地区交流センター（金沢孔城館）","秋田県横手市金沢中野字長持213-1","39.369704","140.567138"
"旧横手市立横手西中学校グラウンド","秋田県横手市黒川字一本木32","39.358004","140.519691"
"横手市黒川地区交流センター（オアシス館）","秋田県横手市黒川字館西619","39.364208","140.501259"
"旧横手市立黒川小学校グラウンド","秋田県横手市黒川字福島59","39.365072","140.500288"
"秋田県立横手城南高等学校","秋田県横手市根岸町2-14","39.322384","140.567875"
"旧横手市黒沢小学校グラウンド","秋田県横手市山内黒沢字田代沢口4-1","39.273367","140.707577"
"横手市山内三又コミュニティセンター","秋田県横手市山内三又字堂林72","39.211081","140.706311"
"旧横手市松川小学校グラウンド","秋田県横手市山内大松川字上台140","39.298399","140.632485"
"道の駅さんない","秋田県横手市山内土渕字小目倉沢34","39.289153","140.625746"
"横手市立山内小学校","秋田県横手市山内土渕字菅生37-1","39.28509","140.623003"
"横手市山内ほっとパレス「ゆうらく館」","秋田県横手市山内土渕字鶴ケ池31-3","39.28224","140.621503"
"鶴ケ池公園","秋田県横手市山内土渕字鶴ケ池地内1-1","39.280899","140.620611"
"山内農林産物加工交流施設（ふれあい館）","秋田県横手市山内土渕字道地59-12","39.28291","140.615344"
"横手市山内地区交流センター（山内庁舎）","秋田県横手市山内土渕字二瀬8-4","39.277688","140.620741"
"横手市山内南郷コミュニティセンター","秋田県横手市山内南郷字赤渕31","39.246433","140.690507"
"横手市山内地区交流センター筏分館","秋田県横手市山内筏字久保5","39.262403","140.652595"
"横手市山内陸上競技場、野球場","秋田県横手市山内筏字力石126-3","39.26707","140.634069"
"横手市山内体育館","秋田県横手市山内平野沢字南相野々42-1","39.271741","140.621709"
"横手駅東口市営駐車場","秋田県横手市寿町11","39.31232","140.561787"
"横手市十文字地区交流センター（十文字庁舎）","秋田県横手市十文字町海道下12-5","39.224948","140.521157"
"道の駅十文字","秋田県横手市十文字町字海道下21-4","39.226124","140.52149"
"旧横手市立十文字第一小学校グラウンド","秋田県横手市十文字町字十文字48","39.224813","140.523587"
"横手市三重地区交流センター","秋田県横手市十文字町十五野新田字増田道東19","39.230782","140.513475"
"横手市十文字陸上競技場","秋田県横手市十文字町十五野新田字坊主沢20","39.236221","140.518462"
"横手市立十文字小学校","秋田県横手市十文字町十五野新田字坊主沢5-1","39.239157","140.519461"
"横手市立十文字中学校","秋田県横手市十文字町十五野新田字梨木境134-1","39.241461","140.520289"
"横手市十文字西スポーツセンター","秋田県横手市十文字町植田字一ト市127","39.226976","140.461988"
"横手市十文字西地区交流センター（西地区館／交流館）","秋田県横手市十文字町植田字一ト市330","39.226847","140.460619"
"横手市十文字防災センター","秋田県横手市十文字町植田字古川端111-2","39.218059","140.472931"
"旧横手市立植田小学校グラウンド","秋田県横手市十文字町植田字忍ノ沢14-4","39.235174","140.47339"
"梨木公園","秋田県横手市十文字町西原二番町54","39.230252","140.530008"
"西原児童公園","秋田県横手市十文字町西原二番町55","39.226353","140.528281"
"海蔵院農村公園","秋田県横手市十文字町鼎字海蔵院34-1","39.220032","140.482412"
"柳原農村公園","秋田県横手市十文字町鼎字中川原10","39.213238","140.489857"
"能平喜農村公園","秋田県横手市十文字町鼎字能平喜160","39.233872","140.497686"
"宝竜公園","秋田県横手市十文字町宝竜2-74","39.2174","140.523366"
"旧横手市立睦合小学校グラウンド","秋田県横手市十文字町睦合字宿屋布36","39.22995","140.448105"
"睦合農村公園","秋田県横手市十文字町睦合字乱場115-1","39.238587","140.442052"
"木下広域健康広場","秋田県横手市十文字町木下字木下167","39.248579","140.460128"
"中央団地児童公園","秋田県横手市十文字町梨木字羽場下10-24","39.232384","140.529352"
"腕越児童公園","秋田県横手市十文字町腕越字山道端105-2","39.224515","140.534235"
"横手市境町地区交流センター（ふるさと館）","秋田県横手市上境字谷地中144-1","39.342611","140.527382"
"旧横手市立境町小学校グラウンド","秋田県横手市上境字谷地中17","39.340651","140.526777"
"横手市横手体育館","秋田県横手市条里2-2-40","39.313007","140.552397"
"大鳥公園","秋田県横手市新坂町132-1","39.329241","140.564192"
"清川児童公園","秋田県横手市清川町112","39.310933","140.570571"
"横手市立横手北中学校","秋田県横手市静町字鶴田37","39.327711","140.545747"
"横手市立横手南中学校","秋田県横手市赤坂字郷士館32-1","39.300697","140.54801"
"横手市立旭小学校","秋田県横手市赤坂字城野岡222","39.314767","140.526901"
"秋田県立横手支援学校","秋田県横手市赤坂字仁坂105-1","39.29728","140.531667"
"赤坂総合公園","秋田県横手市赤坂字大沼沢2-9","39.297016","140.5458"
"花瑞木児童公園","秋田県横手市前郷一番町760","39.311422","140.56669"
"秋田県立横手高等学校青雲館","秋田県横手市前郷二番町10-1","39.30802","140.564888"
"横手市西成瀬地区交流センター","秋田県横手市増田町荻袋字真当72","39.203955","140.575267"
"横手市亀田地区交流センター","秋田県横手市増田町亀田字半助村70","39.215531","140.5617"
"横手市狙半内地区交流センター","秋田県横手市増田町狙半内字七曲下101","39.164098","140.621895"
"秋田県立増田高等学校","秋田県横手市増田町増田字一本柳137","39.211973","140.533525"
"横手市増田野球場","秋田県横手市増田町増田字若松106","39.201973","140.558412"
"横手市立増田中学校","秋田県横手市増田町増田字若松27","39.202336","140.556739"
"横手市増田体育館","秋田県横手市増田町増田字若松44-4","39.202824","140.558497"
"横手市増田まんが美術館","秋田県横手市増田町増田字新町285","39.204719","140.550513"
"横手市立増田小学校","秋田県横手市増田町増田字土肥館141","39.202219","140.542388"
"増田地区多目的研修センター","秋田県横手市増田町増田字土肥館173","39.201265","140.542734"
"横手市立栄小学校","秋田県横手市大屋寺内字長谷下6-3","39.274646","140.557735"
"横手市栄地区交流センター（さかえ館）","秋田県横手市大屋新町字堂ノ前32-1","39.276265","140.557778"
"横手市川西地区交流センター","秋田県横手市大森町袴形字東神成309","39.372826","140.447135"
"坂部農村公園","秋田県横手市大森町坂部字小屋ノ沢1-1","39.367905","140.282628"
"横手市坂部多目的集落集会所","秋田県横手市大森町坂部字小屋ノ沢1-1","39.367636","140.283261"
"旧大森コミュニティ交流センター駐車場","秋田県横手市大森町字高口下水戸提1","39.3489","140.430367"
"横手市大森体育館","秋田県横手市大森町字持向192","39.355353","140.434456"
"横手市大森町高齢者等保健福祉センター","秋田県横手市大森町字菅生田245-206","39.351333","140.416919"
"横手市大森地区交流センター分館","秋田県横手市大森町字大森145","39.342568","140.427233"
"横手市大森地区交流センター","秋田県横手市大森町字大中島276","39.342988","140.433566"
"横手市立大森小学校","秋田県横手市大森町字中田1-4","39.341705","140.425236"
"山村広場（松原団地おまつり広場）","秋田県横手市大森町上溝字観音寺361","39.346131","140.399512"
"横手市大森町生きがい交流広場","秋田県横手市大森町上溝字白山下16-1","39.347992","140.412277"
"横手市白山体育館","秋田県横手市大森町上溝字白山下72","39.34872","140.408541"
"横手市大森前田運動場","秋田県横手市大森町八沢木字前田100","39.370229","140.351294"
"横手市ほろわ地区交流センター","秋田県横手市大森町八沢木字前田33-2","39.371431","140.351948"
"秋田県立保呂羽山少年自然の家","秋田県横手市大森町八沢木字大木屋73","39.357379","140.312306"
"横手市八沢木地区交流センター","秋田県横手市大森町八沢木字中房29","39.354652","140.386908"
"中房農村公園","秋田県横手市大森町八沢木字中房29-1","39.354204","140.386441"
"板井田農村公園","秋田県横手市大森町板井田字沖田24","39.395117","140.444864"
"光明寺街区公園","秋田県横手市大水戸町10-18","39.314042","140.564638"
"秋田県立横手清陵学院高等学校","秋田県横手市大沢字前田147-1","39.306762","140.584541"
"大雄コミュニティ交流センター","秋田県横手市大雄字狐塚262","39.33236","140.472924"
"横手市大雄地域福祉センター（ふれあい館）","秋田県横手市大雄字大関310","39.336426","140.474628"
"大雄子どもセンター","秋田県横手市大雄字田根森50","39.330498","140.483733"
"横手市立大雄小学校","秋田県横手市大雄字田根森50","39.330755","140.482392"
"横手市立横手明峰中学校","秋田県横手市大雄字藤巻西10","39.332424","140.442216"
"横手市大雄地区交流センター","秋田県横手市大雄字本庄道下10","39.334333","140.475509"
"大雄運動公園","秋田県横手市大雄字本庄道下20","39.336271","140.475564"
"旧横手市立阿気小学校グラウンド","秋田県横手市大雄字木戸口22","39.34295","140.453082"
"横手市旭地区交流センター（旭ふれあい館）","秋田県横手市猪岡字水上91-2","39.316712","140.521644"
"横手市朝倉地区交流センター（あさくら館）","秋田県横手市朝倉町6-38","39.323407","140.561642"
"荒沼児童公園","秋田県横手市朝日が丘2-422","39.297603","140.540332"
"西山児童公園","秋田県横手市朝日が丘3-423","39.296165","140.537698"
"追廻第二児童公園","秋田県横手市追廻1-56","39.333514","140.56906"
"追廻第一児童公園","秋田県横手市追廻3-27","39.333689","140.572651"
"記念公園運動広場","秋田県横手市南町13","39.304918","140.568354"
"横手市民会館","秋田県横手市南町13-1","39.304002","140.568669"
"三井寺児童公園","秋田県横手市南町849","39.307291","140.572125"
"梅ノ木街区公園","秋田県横手市梅の木町711","39.315553","140.559228"
"横手市立横手北小学校","秋田県横手市八幡字下長田50","39.328145","140.548515"
"横手市横手防災センター","秋田県横手市婦気大堤字婦気前197-1","39.300708","140.551828"
"横手市下鍋倉地区農村集落多目的共同利用施設","秋田県横手市平鹿町下鍋倉字下糸畑原229","39.250559","140.482066"
"秋田県立平成高等学校","秋田県横手市平鹿町上吉田字角掛60","39.283653","140.513458"
"横手市吉田地区交流センター","秋田県横手市平鹿町上吉田字吉田95-3","39.292055","140.506406"
"横手市立吉田小学校","秋田県横手市平鹿町上吉田字大道88-3","39.293085","140.500751"
"横手市吉田地区交流センター分館","秋田県横手市平鹿町上吉田字田ノ植87","39.290567","140.504317"
"横手市立平鹿中学校","秋田県横手市平鹿町浅舞字一関向3-1","39.261192","140.502633"
"横手市平鹿体育館","秋田県横手市平鹿町浅舞字覚町後131-2","39.262594","140.491739"
"横手市浅舞地区交流センター","秋田県横手市平鹿町浅舞字覚町後140","39.263255","140.492253"
"横手市浅舞地区交流センター蛭野分館","秋田県横手市平鹿町浅舞字釜池175","39.289268","140.466622"
"十五野公園（平鹿野球場）","秋田県横手市平鹿町浅舞字十六石野61","39.258345","140.502698"
"横手市平鹿町ゆとり館","秋田県横手市平鹿町浅舞字蒋沼289","39.261139","140.492995"
"横手市農村体験学習施設「アイリスハウス」","秋田県横手市平鹿町浅舞字蒋沼291","39.260697","140.493661"
"横手市平鹿就業改善センター","秋田県横手市平鹿町浅舞字蒋沼313","39.262036","140.492092"
"浅舞公園","秋田県横手市平鹿町浅舞字上蒋沼５２外","39.258881","140.492785"
"横手市浅舞陸上競技場","秋田県横手市平鹿町浅舞字道川南19-1","39.259322","140.504652"
"横手市立浅舞小学校","秋田県横手市平鹿町浅舞字八幡小路18","39.26296","140.478699"
"横手市平鹿防災センター","秋田県横手市平鹿町浅舞字野々助158-3","39.260552","140.487726"
"横手市醍醐地区交流センター","秋田県横手市平鹿町醍醐字四ツ屋76","39.252582","140.535755"
"横手市立醍醐小学校","秋田県横手市平鹿町醍醐字大橋7","39.250466","140.534497"
"下醍醐農村公園","秋田県横手市平鹿町醍醐字醍醐東66","39.252408","140.524387"
"横手市平鹿ときめき交流センターゆっぷる","秋田県横手市平鹿町醍醐字沢口166","39.233124","140.564572"
"樽見内農村公園","秋田県横手市平鹿町樽見内字扇田139","39.271639","140.459891"
"水上児童公園","秋田県横手市平和町485","39.308002","140.57094"
"横手公園","秋田県横手市睦成字城付1-4","39.320413","140.569752"
"秋田県立横手高等学校","秋田県横手市睦成字鶴谷地68","39.337707","140.564599"
"横手市立朝倉小学校","秋田県横手市睦成字碇185","39.326075","140.560089"
"横手市横手中央地区交流センター（横手市女性センター）","秋田県横手市本町3-30","39.319744","140.566118"
"秋田県立雄物川高等学校","秋田県横手市雄物川町今宿字まみ袋125","39.281616","140.433131"
"横手市雄物川体育館","秋田県横手市雄物川町今宿字前田面7","39.289461","140.432215"
"横手市立雄物川小学校","秋田県横手市雄物川町今宿字鳴田35","39.289557","140.429736"
"雄物川中央公園","秋田県横手市雄物川町沼館字高畑320","39.298349","140.43242"
"横手市雄物川コミュニティセンター","秋田県横手市雄物川町沼館字高畑338","39.297552","140.432187"
"横手市沼館地区交流センター（アスパルおものがわ）","秋田県横手市雄物川町沼館字沼館140-1","39.297449","140.427865"
"横手市大沢地区交流センター","秋田県横手市雄物川町大沢字大沢182","39.274401","140.385665"
"横手市里見地区交流センター","秋田県横手市雄物川町東里字東里173-2","39.276113","140.448564"
"横手市二井山地区農村集落多目的共同利用施設","秋田県横手市雄物川町二井山字二井山153-4","39.314237","140.381898"
"横手市福地地区交流センター","秋田県横手市雄物川町柏木字後田7","39.272106","140.411531"
"旧つきの木館駐車場","秋田県横手市雄物川町薄井字下小出70","39.32576","140.445354"
"横手市館合地区交流センター","秋田県横手市雄物川町薄井字薄井60","39.324427","140.440529"
"川向分館（たんぽぽ館）","秋田県潟上市昭和大久保字イカリ沖18-4","39.865881","140.052185"
"下町集会所","秋田県潟上市昭和大久保字屋布24-2","39.867218","140.055302"
"八郎まつり伝承館","秋田県潟上市昭和大久保字音羽下342","39.86879","140.034743"
"羽城中学校（体育館）","秋田県潟上市昭和大久保字元木田145","39.868043","140.068832"
"昭和体育館","秋田県潟上市昭和大久保字元木田179","39.868201","140.067439"
"昭和中央児童館","秋田県潟上市昭和大久保字元木田68","39.865327","140.06526"
"湖南交流センター","秋田県潟上市昭和大久保字後谷地4-1","39.864729","140.041314"
"大豊小学校","秋田県潟上市昭和大久保字高田22","39.866275","140.054687"
"上町集会所","秋田県潟上市昭和大久保字小橋24","39.867079","140.060684"
"昭和中央館","秋田県潟上市昭和大久保字町後247","39.869358","140.058357"
"中町集会所","秋田県潟上市昭和大久保字町後45-2","39.866376","140.057977"
"昭和介護予防センター","秋田県潟上市昭和大久保字堤の上1-3","39.870142","140.066483"
"潟上市市民センター昭和館","秋田県潟上市昭和大久保字堤の上1-3","39.869425","140.065376"
"元木集会所","秋田県潟上市昭和大久保字堤ノ上34-11","39.86759","140.06461"
"大郷守集会所","秋田県潟上市昭和大久保字北野街道上56-8","39.848926","140.044429"
"天神下集会所","秋田県潟上市昭和大久保字北野大崎道添40-4","39.857493","140.042423"
"野村集会所","秋田県潟上市昭和大久保字北野白洲野上37-2","39.871463","140.028411"
"乱橋集会所","秋田県潟上市昭和八丁目字汲田24","39.856097","140.0612"
"郷土文化保存伝習館","秋田県潟上市昭和豊川山田字家の上64","39.873779","140.084443"
"仁山集会所","秋田県潟上市昭和豊川上虻川字山王田5-1","39.858434","140.116708"
"新薬児童館","秋田県潟上市昭和豊川上虻川字新所130-1","39.854645","140.128785"
"多目的交流施設","秋田県潟上市昭和豊川船橋字鈴木8-1","39.862661","140.095175"
"真形草生土集会所","秋田県潟上市昭和豊川槻木字真形沢1-5","39.849978","140.086801"
"竜毛集会所","秋田県潟上市昭和豊川竜毛字観音田30-1","39.869095","140.079121"
"山神集会所","秋田県潟上市昭和乱橋字下畑61-7","39.865546","140.059476"
"天王コミュニティセンター","秋田県潟上市天王字ハラヘ4-3","39.898303","139.965447"
"東湖町集会所","秋田県潟上市天王字一向11-103","39.902851","139.962845"
"羽立集会所","秋田県潟上市天王字羽立131-1","39.904991","139.998738"
"天王Ｂ＆Ｇ海洋センター","秋田県潟上市天王字羽立片山254-2","39.899814","139.994416"
"羽立北野集会所","秋田県潟上市天王字羽立北野1-124","39.888759","139.997572"
"児玉集会所","秋田県潟上市天王字沖田台350-1","39.891152","139.982621"
"下出戸集会所","秋田県潟上市天王字下浜山105-1","39.846948","140.017774"
"二田一区集会所","秋田県潟上市天王字下分水42-3","39.885922","139.990751"
"蒲沼第１集会所","秋田県潟上市天王字蒲沼69-2","39.867742","140.005007"
"天王中学校","秋田県潟上市天王字宮の後3","39.886084","139.984639"
"旧東湖小学校","秋田県潟上市天王字宮の後303","39.897044","139.964086"
"潟上市図書館","秋田県潟上市天王字御休下1-1","39.883363","139.985519"
"曲町集会所","秋田県潟上市天王字御休下209-1","39.894272","139.967108"
"江川集会所","秋田県潟上市天王字江川151","39.887062","139.974704"
"江川自治会館","秋田県潟上市天王字江川51-4","39.888703","139.970966"
"天王温泉くらら","秋田県潟上市天王字江川上谷地109-2","39.856989","140.009115"
"天王小学校","秋田県潟上市天王字児玉82","39.887556","139.986975"
"天王総合体育館","秋田県潟上市天王字持長根93-1","39.88608","139.981708"
"天王コミュニティ防災センター","秋田県潟上市天王字持長根93-1","39.886183","139.982243"
"二田栄町集会所","秋田県潟上市天王字上江川170","39.879461","139.992154"
"二田駅前集会所","秋田県潟上市天王字上江川213-1","39.881546","139.989505"
"藤原記念病院","秋田県潟上市天王字上江川47","39.879597","139.987948"
"地域密着型特別養護老人ホーム聚恵苑","秋田県潟上市天王字上江川47-100","39.883257","139.98862"
"二田新町集会所","秋田県潟上市天王字上江川47-1190","39.879585","139.989849"
"潟上市市民センター","秋田県潟上市天王字上江川47-398","39.884026","139.986086"
"上北野集会所","秋田県潟上市天王字上北野121-22","39.818254","140.04441"
"天王南中学校","秋田県潟上市天王字上北野4-38","39.826007","140.045357"
"追分地区児童館","秋田県潟上市天王字上北野75","39.82126","140.043279"
"細谷集会所","秋田県潟上市天王字上狼縁1-2","39.852505","140.026762"
"勤労青少年ホーム","秋田県潟上市天王字長沼132-21","39.814601","140.052203"
"追分自治会館","秋田県潟上市天王字長沼132-9","39.81141","140.053372"
"牛坂集会所","秋田県潟上市天王字追分117-179","39.82554","140.053728"
"追分西自治会館","秋田県潟上市天王字追分西25-15","39.816791","140.041585"
"秋田西高等学校","秋田県潟上市天王字追分西26-1","39.815045","140.041349"
"追分小学校","秋田県潟上市天王字追分西26-7","39.811163","140.049646"
"緑町集会所","秋田県潟上市天王字追分西32-173","39.82467","140.033568"
"追分西西集会所","秋田県潟上市天王字追分西66-2","39.819366","140.038513"
"鶴沼台集会所","秋田県潟上市天王字鶴沼台54","39.864892","140.014056"
"天王本郷自治会館","秋田県潟上市天王字天王123","39.897991","139.960616"
"自性院","秋田県潟上市天王字天王71","39.899646","139.960975"
"二田コミュニティセンター","秋田県潟上市天王字二田154","39.871476","140.008359"
"二田３区集会所","秋田県潟上市天王字二田184-2","39.876916","140.001323"
"二田二区集会所","秋田県潟上市天王字二田208-2","39.880767","139.99641"
"塩口集会所","秋田県潟上市天王字不動下529","39.906431","139.982129"
"渋谷集会所","秋田県潟上市天王字不動台62","39.90077","139.986351"
"三軒屋集会所","秋田県潟上市天王字北野117-2","39.832419","140.037271"
"上出戸集会所","秋田県潟上市天王字北野164-15","39.833673","140.029267"
"出戸小学校","秋田県潟上市天王字北野231-2","39.841906","140.024479"
"出戸浜集会所","秋田県潟上市天王字北野239-2","39.842022","140.022984"
"出戸新町ことぶき荘","秋田県潟上市天王字北野299-38","39.842454","140.029272"
"出戸館","秋田県潟上市天王字北野329","39.843015","140.029975"
"大崎第１集会所","秋田県潟上市天王大崎字野沢166-1","39.891805","140.00659"
"中町会館","秋田県潟上市飯田川下虻川字屋敷120-1","39.876358","140.069294"
"下虻川自治会館","秋田県潟上市飯田川下虻川字屋敷40-1","39.878662","140.069754"
"けやき児童館","秋田県潟上市飯田川下虻川字蟹沢114","39.880105","140.072678"
"羽立神明自治会館","秋田県潟上市飯田川下虻川字街道上一本木34-1","39.873579","140.067111"
"羽立児童館","秋田県潟上市飯田川下虻川字道心谷地48-1","39.871796","140.066631"
"潟上市市民センター飯田川館","秋田県潟上市飯田川下虻川字八ツ口66","39.882831","140.070422"
"金山集会所","秋田県潟上市飯田川金山字家ノ前83-2","39.881106","140.102034"
"飯塚第２自治会館","秋田県潟上市飯田川飯塚字深田19-2","39.896571","140.079734"
"宮下会館","秋田県潟上市飯田川飯塚字僧ケ沢4","39.891602","140.079136"
"飯塚第１自治会館","秋田県潟上市飯田川飯塚字中谷地47-7","39.898172","140.073524"
"平成会館","秋田県潟上市飯田川飯塚字中谷地89-2","39.899127","140.071061"
"飯塚浜生活総合センター","秋田県潟上市飯田川飯塚字片田35-5","39.89677","140.071383"
"飯田川小学校","秋田県潟上市飯田川和田妹川字岩崎12-12","39.886042","140.072088"
"飯田川ふれあいスポーツ会館","秋田県潟上市飯田川和田妹川字岩崎8-4","39.885411","140.073013"
"矢坂会館","秋田県潟上市飯田川和田妹川字坂ノ下51","39.889321","140.078485"
"妹川浜集会所","秋田県潟上市飯田川和田妹川字四百刈2","39.888083","140.071352"
"和田妹川自治会館","秋田県潟上市飯田川和田妹川字出張32-1","39.88675","140.075854"
"潟上市若竹児童センター","秋田県潟上市飯田川和田妹川字千刈8-2","39.886707","140.072131"
"和田児童館","秋田県潟上市飯田川和田妹川字和田25-1","39.887096","140.078733"
"五城目第一中学校","秋田県五城目町高崎字広ケ野200","39.944857","140.133177"
"馬川地区公民館","秋田県五城目町高崎字前田81","39.936009","140.131773"
"昭辰児童公園","秋田県五城目町高崎字中川原11","39.944322","140.123743"
"もりやまこども園","秋田県五城目町字羽黒前76-1","39.951877","140.124751"
"五城館","秋田県五城目町字鵜ノ木89-1","39.943913","140.117016"
"ターミナルパーク磯ノ目","秋田県五城目町字鵜ノ木90-2","39.943466","140.116049"
"朝市ふれあい館","秋田県五城目町字下タ町182","39.947117","140.121151"
"広域体育館","秋田県五城目町上樋口字堂社75","39.939779","140.121825"
"町民センター","秋田県五城目町上樋口字堂社75","39.939814","140.120953"
"屋内温水プール","秋田県五城目町上樋口字堂社75","39.940224","140.121208"
"雀舘運動公園","秋田県五城目町上樋口字堂社75","39.940878","140.121868"
"矢場崎集会所","秋田県五城目町川崎字宮花10-74","39.945903","140.106568"
"農村環境改善センター（グラウンド）","秋田県五城目町大川下樋口字屋敷下3-2","39.935982","140.083041"
"旧大川小学校（校舎）","秋田県五城目町大川下樋口字関合13-1","39.935264","140.081776"
"旧大川小学校（体育館）","秋田県五城目町大川下樋口字関合13-1","39.935318","140.082206"
"五城目高等学校","秋田県五城目町大川西野字田屋下100","39.940333","140.107112"
"谷地中農村公園","秋田県五城目町大川谷地中字堰添11-2","39.93123","140.097233"
"大手農村公園","秋田県五城目町内川黒土字千刈台7","39.948321","140.158458"
"富津内地区公民館","秋田県五城目町内川黒土字千刈台7","39.948177","140.158924"
"杉沢交流センター友愛館","秋田県五城目町馬場目字杉沢下台59-1","39.914256","140.23516"
"町村農村公園","秋田県五城目町馬場目字町村64-1","39.917861","140.156701"
"馬場目地区公民館","秋田県五城目町馬場目字蓬内台117-1","39.914069","140.162118"
"坊井地農村公園","秋田県五城目町馬場目字坊井地86","39.919393","140.21758"
"北北口山村広場","秋田県五城目町富津内中津又字高野10-2","39.954257","140.220461"
"中津又地区コミュニティセンター","秋田県五城目町富津内中津又字石動44-1","39.949401","140.208287"
"旧富津内小学校跡地","秋田県五城目町富津内中津又字大台7-1","39.946193","140.2004"
"湖北小学校","秋田県三種町鵜川字上谷地28","40.097703","140.031288"
"八竜中学校","秋田県三種町鵜川字西本田10","40.099661","140.004352"
"旧下岩川小学校グラウンド","秋田県三種町下岩川字長面向台50","40.083721","140.135931"
"旧鯉川小学校グラウンド","秋田県三種町鯉川字片平34","40.002574","140.085202"
"琴丘小学校","秋田県三種町鹿渡字東二本柳23","40.046344","140.080629"
"ことおか中央公園スカルパ","秋田県三種町鹿渡字盤若台75-1","40.036495","140.094805"
"琴丘中学校","秋田県三種町鹿渡字盤若台89","40.035671","140.092101"
"旧上岩川小学校グラウンド","秋田県三種町上岩川字柏木岱40","40.058024","140.148071"
"山本中学校","秋田県三種町森岳字関ノ台18","40.09909","140.08577"
"森岳小学校","秋田県三種町森岳字東囲111","40.09447","140.076185"
"釜谷地区災害備蓄倉庫前広場","秋田県三種町大口字下の沢57-1","40.101005","139.970155"
"浜口小学校","秋田県三種町浜田字福沢57","40.102691","139.983714"
"金岡小学校","秋田県三種町豊岡金田字茂呂沢78-2","40.123352","140.081218"
"福祉保健センター","秋田県鹿角市花輪字下花輪50","40.19233","140.792252"
"下川原地域活動センター","秋田県鹿角市花輪字下川原35-4","40.22856","140.780608"
"旧平元小学校","秋田県鹿角市花輪字源田平6-1","40.244157","140.804799"
"桜山地区公園","秋田県鹿角市花輪字荒屋敷51-1","40.191098","140.79589"
"交流センター","秋田県鹿角市花輪字荒田1-1","40.214707","140.78928"
"山村開発センター","秋田県鹿角市花輪字荒田4-1","40.215328","140.787718"
"鹿角市役所敷地内","秋田県鹿角市花輪字荒田4-1","40.21654","140.78827"
"記念スポーツセンター","秋田県鹿角市花輪字荒田4-1","40.214848","140.788157"
"柴平小学校","秋田県鹿角市花輪字高市向35","40.235378","140.806377"
"鹿角アメニティパーク倶楽部ハウス","秋田県鹿角市花輪字小坂8-1","40.203391","140.794232"
"交流プラザ（ＭＩＴプラザ）","秋田県鹿角市花輪字上花輪128-1","40.187904","140.789328"
"西街区公園","秋田県鹿角市花輪字上中島150","40.185485","140.784614"
"福祉プラザ","秋田県鹿角市花輪字上中島93","40.186677","140.785965"
"上中島街区公園","秋田県鹿角市花輪字上中島94","40.186589","140.786629"
"旧花輪北小学校","秋田県鹿角市花輪字新川端20","40.222514","140.792944"
"鹿角市総合運動公園","秋田県鹿角市花輪字赤坂160","40.189091","140.818519"
"柴内街区公園","秋田県鹿角市花輪字地羅野1-7","40.221471","140.805623"
"花輪小学校","秋田県鹿角市花輪字中花輪88","40.189797","140.793503"
"花輪中学校","秋田県鹿角市花輪字陳場125","40.198556","140.796267"
"文化の杜交流館　コモッセ","秋田県鹿角市花輪字八正寺13","40.192216","140.787035"
"柴平地域活動センター","秋田県鹿角市花輪字八幡平12-1","40.241547","140.807193"
"鹿角トレーニングセンター　（アルパス）","秋田県鹿角市花輪字百合沢81-1","40.187861","140.822119"
"鹿角高等学校","秋田県鹿角市花輪字明堂長根12","40.178166","140.79359"
"錦木塚伝説公園","秋田県鹿角市十和田錦木字浜田83-1","40.254222","140.768056"
"錦木地区市民センター","秋田県鹿角市十和田錦木字浜田91-1","40.253634","140.768089"
"旧山根分校グラウンド","秋田県鹿角市十和田山根字大畑32","40.292313","140.783248"
"旧草木小学校","秋田県鹿角市十和田草木字大畑70","40.267903","140.82261"
"大湯小学校","秋田県鹿角市十和田大湯字権現堂15-1","40.297473","140.828044"
"大湯地区市民センター","秋田県鹿角市十和田大湯字権現堂22-1","40.297102","140.827305"
"大湯運動公園・四の岱街区公園","秋田県鹿角市十和田大湯字五の岱53-44","40.302522","140.839391"
"大湯温泉総合振興プラザ","秋田県鹿角市十和田大湯字中田23-2","40.293562","140.826697"
"中滝ふるさと学舎グラウンド","秋田県鹿角市十和田大湯字白沢45-1","40.372999","140.884489"
"旧末広小学校","秋田県鹿角市十和田末広字不動平4-1","40.2328","140.737066"
"弁天崎街区公園","秋田県鹿角市十和田毛馬内字下小路67","40.2745","140.765888"
"毛馬内保育園","秋田県鹿角市十和田毛馬内字下小路67","40.275084","140.765831"
"毛馬内運動公園","秋田県鹿角市十和田毛馬内字古館16","40.281604","140.765676"
"十和田小学校","秋田県鹿角市十和田毛馬内字上新田1-1","40.26195","140.772824"
"十和田中学校","秋田県鹿角市十和田毛馬内字上土ケ久保22-1","40.265594","140.780192"
"十和田市民センター","秋田県鹿角市十和田毛馬内字城ノ下7-5","40.26957","140.768448"
"陣場街区公園","秋田県鹿角市十和田毛馬内字中陣場4-1","40.261123","140.770804"
"谷内運動広場・谷内街区　公園","秋田県鹿角市八幡平字堰の下104","40.110543","140.785393"
"八幡平中学校","秋田県鹿角市八幡平字諸田4-1","40.136991","140.794419"
"八幡平市民センター","秋田県鹿角市八幡平字小豆沢碇114","40.138592","140.797686"
"八幡平運動広場","秋田県鹿角市八幡平字小豆沢碇114","40.139074","140.79732"
"谷内地区市民センター","秋田県鹿角市八幡平字仲の沖100","40.111327","140.785008"
"旧曙運動広場","秋田県鹿角市八幡平字長内2-2","40.135987","140.774951"
"八幡平小学校","秋田県鹿角市八幡平字長嶺川原1","40.137892","140.797133"
"湯瀬体育館","秋田県鹿角市八幡平字湯瀬一羽根45-2","40.120301","140.840051"
"尾去沢市民センター","秋田県鹿角市尾去沢字軽井沢46-5","40.188157","140.766125"
"旧尾去沢デイサービス　センター","秋田県鹿角市尾去沢字軽井沢47-9","40.189497","140.762869"
"尾去沢小学校","秋田県鹿角市尾去沢字上山201-1","40.182918","140.774096"
"尾去沢中学校","秋田県鹿角市尾去沢字上山239-1","40.184232","140.776461"
"城山野球場","秋田県鹿角市尾去沢字新堀3-2","40.18342","140.769257"
"旭南小学校（体育館）（洪水時は校舎２階以上を含む）","秋田県秋田市旭南1-15-1","39.709703","140.109826"
"旭南小学校グラウンド","秋田県秋田市旭南1-15-1","39.710405","140.10956"
"旭南地区コミュニティセンター","秋田県秋田市旭南1-15-5","39.710129","140.108875"
"茨島多目的運動広場","秋田県秋田市茨島1-12-12","39.702969","140.102139"
"茨島地区コミュニティセンター","秋田県秋田市茨島1-4-71","39.703471","140.10289"
"茨島体育館","秋田県秋田市茨島1-4-71","39.703971","140.102674"
"秋田モータースクール自動車教習場","秋田県秋田市茨島4-3-36","39.698092","140.101777"
"横森地域運動広場","秋田県秋田市横森3-3","39.705959","140.144184"
"株式会社さわやか倶楽部介護付有料老人ホームさわやか桜弐番館（３階から４階までの通路と食堂）","秋田県秋田市卸町1-10-3","39.699125","140.107453"
"天然温泉グランスパホテルこまち立体駐車場（３階、屋上）","秋田県秋田市卸町1-2-3","39.701644","140.108167"
"下新城地区コミュニティセンター","秋田県秋田市下新城笠岡字堰場193-4","39.799206","140.077619"
"下新城小学校グラウンド","秋田県秋田市下新城笠岡字佐戸反10","39.799461","140.076734"
"下新城小学校（体育館）","秋田県秋田市下新城笠岡字佐戸反10","39.800232","140.076627"
"秋田県立大学陸上競技場","秋田県秋田市下新城中野字街道端西241-7","39.798992","140.047373"
"秋田北中学校グラウンド","秋田県秋田市下新城中野字街道端西241-90","39.806096","140.05326"
"秋田北中学校（体育館）","秋田県秋田市下新城中野字街道端西241-90","39.80593","140.054134"
"下新城交流センター","秋田県秋田市下新城中野字前谷地263","39.800222","140.063669"
"下浜旧ゲートボール場","秋田県秋田市下浜羽川字横長根32-25","39.618078","140.064893"
"下浜工業団地緑地","秋田県秋田市下浜羽川字下山70","39.610684","140.070539"
"下浜地区コミュニティセンター","秋田県秋田市下浜羽川字下野1-76","39.614671","140.063625"
"八幡神社境内","秋田県秋田市下浜羽川字家ノ腰209","39.606624","140.081368"
"羽川岩城地区周辺山林","秋田県秋田市下浜羽川字岩城地内","39.603651","140.07019"
"コスモ工機株式会社　秋田工場敷地","秋田県秋田市下浜羽川字五郎池126-2","39.611254","140.072461"
"珠林寺　墓地駐車場","秋田県秋田市下浜羽川字寺ノ下22","39.601743","140.078259"
"旧下浜中学校（体育館）","秋田県秋田市下浜羽川字水垂92","39.612826","140.066189"
"下浜小学校グラウンド","秋田県秋田市下浜羽川字水垂92","39.613054","140.065595"
"下浜小学校（体育館）","秋田県秋田市下浜羽川字水垂92","39.613451","140.065172"
"下浜羽川遊園地","秋田県秋田市下浜羽川字二十町41-2","39.605799","140.073887"
"桂根グラウンドゴルフ場","秋田県秋田市下浜桂根字大台56-33","39.642106","140.072545"
"下浜長浜公民館敷地","秋田県秋田市下浜長浜字荒郷屋70","39.625967","140.064901"
"長浜地区運動公園","秋田県秋田市下浜長浜字藤木台","39.63015","140.067943"
"下浜八田地域運動広場（旧八田小学校グラウンド）","秋田県秋田市下浜八田字餅田42","39.612693","140.129032"
"ノースアジア大学グラウンド","秋田県秋田市下北手桜字守沢46-1","39.714439","140.159041"
"ノースアジア大学明桜高等学校グラウンド","秋田県秋田市下北手桜字守沢8-1","39.717221","140.16198"
"一つ森公園コミュニティ体育館","秋田県秋田市下北手桜字蛭沢141-7","39.699847","140.142235"
"旧下北手中学校グラウンド","秋田県秋田市下北手松崎字走り崎14","39.723423","140.164124"
"旧下北手中学校（体育館）","秋田県秋田市下北手松崎字走り崎14","39.722815","140.164506"
"旧下北手小学校グラウンド","秋田県秋田市下北手松崎字谷崎202-1","39.720362","140.168746"
"旧下北手小学校（体育館）","秋田県秋田市下北手松崎字谷崎202-1","39.720775","140.169481"
"下北手地区コミュニティセンター","秋田県秋田市下北手柳館字前田面133-1","39.718149","140.173077"
"旧岩見三内小学校グラウンド","秋田県秋田市河辺岩見字鍛冶屋敷14","39.709978","140.295059"
"河辺戸島野球場","秋田県秋田市河辺戸島字上野50-1","39.633804","140.193513"
"戸島小学校（体育館）（洪水時は校舎２階を含む）","秋田県秋田市河辺戸島字本町123","39.642196","140.196894"
"旧戸島小学校グラウンド","秋田県秋田市河辺戸島字本町123","39.641721","140.197677"
"河辺岩見三内地区コミュニティセンター","秋田県秋田市河辺三内字外川原34-1","39.706621","140.286946"
"岩見三内中学校グラウンド","秋田県秋田市河辺三内字外川原39","39.70831","140.287546"
"岩見三内小学校（体育館）","秋田県秋田市河辺三内字外川原39","39.707652","140.28676"
"岩見三内中学校（体育館）","秋田県秋田市河辺三内字外川原39","39.708007","140.286218"
"秋田県健康増進交流センター駐車場","秋田県秋田市河辺三内字丸舞1-1","39.741679","140.317691"
"秋田市河辺高齢者健康づくりセンター（ユフォーレ体育館）","秋田県秋田市河辺三内字丸舞1-1","39.741404","140.316342"
"旧赤平小学校グラウンド","秋田県秋田市河辺赤平字小曽根80","39.677877","140.258877"
"旧赤平小学校（体育館）","秋田県秋田市河辺赤平字小曽根80","39.677146","140.259338"
"河辺総合福祉交流センター","秋田県秋田市河辺北野田高屋字上前田表66-1","39.652879","140.212419"
"河辺総合福祉交流センター駐車場","秋田県秋田市河辺北野田高屋字上前田表66-1","39.652596","140.212921"
"河辺中学校グラウンド","秋田県秋田市河辺北野田高屋字雷谷地84","39.657939","140.216253"
"河辺中学校（体育館）","秋田県秋田市河辺北野田高屋字雷谷地84","39.65854","140.215317"
"河辺小学校（体育館）","秋田県秋田市河辺和田字岡村164-1","39.658133","140.232714"
"河辺小学校グラウンド","秋田県秋田市河辺和田字岡村164-1","39.658571","140.233306"
"和田駅前駐車場","秋田県秋田市河辺和田字上中野129","39.651014","140.218668"
"河辺体育館","秋田県秋田市河辺和田字上中野186","39.650983","140.216208"
"河辺体育館駐車場","秋田県秋田市河辺和田字上中野186","39.65115","140.216639"
"河辺市民サービスセンター","秋田県秋田市河辺和田字北条ケ崎38-2","39.652783","140.215301"
"外旭川小学校グラウンド","秋田県秋田市外旭川字梶ノ目262-2","39.747769","140.109392"
"外旭川小学校（体育館）","秋田県秋田市外旭川字梶ノ目262-2","39.747097","140.109019"
"外旭川中学校グラウンド","秋田県秋田市外旭川字梶ノ目50","39.748333","140.114761"
"外旭川中学校（体育館）","秋田県秋田市外旭川字梶ノ目50","39.748944","140.114305"
"外旭川地区コミュニティセンター","秋田県秋田市外旭川字四百刈76","39.749434","140.101445"
"前谷地近隣公園","秋田県秋田市外旭川字前谷地3","39.755195","140.092883"
"外旭川地域運動広場（旧外旭川中学校グラウンド）","秋田県秋田市外旭川八幡田1-18","39.743864","140.107877"
"牛島清水町市営住宅（１号棟から３号棟まで〔３階から４階までの廊下と階段および踊り場〕）","秋田県秋田市牛島西4-29","39.687128","140.10322"
"牛島運動公園","秋田県秋田市牛島東1-5","39.700364","140.113645"
"南部市民サービスセンター別館","秋田県秋田市牛島東6-4-5","39.69501","140.124263"
"牛島小学校グラウンド","秋田県秋田市牛島東6-6-1","39.694588","140.127161"
"牛島小学校（体育館）（洪水時は校舎２階以上を含む）","秋田県秋田市牛島東6-6-1","39.695124","140.126722"
"金足地区コミュニティセンター","秋田県秋田市金足小泉字上前55","39.823162","140.066864"
"金足西小学校（体育館）","秋田県秋田市金足大清水字大清水台1","39.839122","140.053682"
"金足西小学校グラウンド","秋田県秋田市金足大清水字大清水台1","39.839554","140.053371"
"秋田県立金足農業高等学校野球場・ラグビー場","秋田県秋田市金足追分字海老穴102-4","39.815085","140.05854"
"旧金足東小学校グラウンド","秋田県秋田市金足片田字待入109","39.823529","140.091746"
"秋田県中央地区老人福祉総合エリア駐車場","秋田県秋田市御所野下堤5-1-1","39.66559","140.156019"
"御所野小学校グラウンド","秋田県秋田市御所野元町5-1-1","39.660721","140.166168"
"御所野小学校（体育館）","秋田県秋田市御所野元町5-1-1","39.660979","140.165339"
"御所野学院高等学校（体育館）","秋田県秋田市御所野地蔵田4-1-1","39.66059","140.155734"
"御所野学院中学校（体育館）","秋田県秋田市御所野地蔵田4-1-1","39.66111","140.155712"
"御所野学院中学校・高等学校グラウンド","秋田県秋田市御所野地蔵田4-31","39.657279","140.1554"
"南部市民サービスセンター","秋田県秋田市御野場1-5-1","39.672909","140.135319"
"広面小学校（体育館）（洪水時は校舎２階以上を含む）","秋田県秋田市広面字蟹沢29","39.729132","140.144046"
"広面小学校グラウンド","秋田県秋田市広面字蟹沢29","39.728369","140.144164"
"東地区コミュニティセンター","秋田県秋田市広面字鬼頭38","39.710929","140.141253"
"東部市民サービスセンター","秋田県秋田市広面字釣瓶町13-3","39.724142","140.151875"
"城東中学校グラウンド","秋田県秋田市広面字鍋沼17","39.7162","140.147279"
"城東中学校（２階体育館）","秋田県秋田市広面字鍋沼17","39.715659","140.147322"
"秋田県職員港北新町公舎（２階から３階までの階段と踊り場）","秋田県秋田市港北新町10-1","39.769431","140.073832"
"桜小学校（体育館）","秋田県秋田市桜4-12-1","39.709711","140.154886"
"桜小学校グラウンド","秋田県秋田市桜4-12-1","39.709096","140.154725"
"桜ガ丘第二街区公園","秋田県秋田市桜ガ丘3-4","39.702826","140.153225"
"桜中学校グラウンド","秋田県秋田市桜台1-1-1","39.711293","140.155981"
"桜中学校（体育館）","秋田県秋田市桜台1-1-1","39.711004","140.154768"
"桜地区コミュニティセンター（多目的ホール）","秋田県秋田市桜台1-1-4","39.709601","140.155823"
"桜台中央公園","秋田県秋田市桜台2-5","39.710105","140.158165"
"中央市民サービスセンター","秋田県秋田市山王1-1-1","39.719923","140.103587"
"山王中学校（体育館）（洪水時は校舎２階以上を含む）","秋田県秋田市山王3-1-24","39.71752","140.106888"
"山王中学校グラウンド","秋田県秋田市山王3-1-24","39.717648","140.106116"
"旭北小学校（体育館）（洪水時は校舎２階以上を含む）","秋田県秋田市山王3-1-35","39.716407","140.106218"
"旭北小学校グラウンド","秋田県秋田市山王3-1-35","39.716883","140.106438"
"山王第一街区公園","秋田県秋田市山王3-1-60","39.717791","140.104815"
"山王プレスビル（２階から屋上までの屋外施設および踊り場）","秋田県秋田市山王6-1-13","39.716646","140.100261"
"フォレストヒルズ山王（３階から４階までの共用通路）","秋田県秋田市山王沼田町10-33","39.714347","140.090364"
"秋田県児童会館（２階から３階までのホールと各室）","秋田県秋田市山王中島町1-2","39.717836","140.092508"
"四ツ小屋小学校（体育館）（洪水時は校舎２階以上を含む）","秋田県秋田市四ツ小屋字街道東256-1","39.667772","140.13825"
"四ツ小屋小学校グラウンド","秋田県秋田市四ツ小屋字街道東256-1","39.667309","140.139225"
"高清水公園","秋田県秋田市寺内鵜木地内","39.739995","140.082225"
"寺内地区コミュニティセンター","秋田県秋田市寺内神屋敷13-23","39.735071","140.082804"
"寺内地区コミュニティセンター敷地","秋田県秋田市寺内神屋敷13-23","39.735362","140.08292"
"社会福祉法人感恩講児童保育院グラウンド","秋田県秋田市寺内神屋敷2-1","39.731605","140.083744"
"秋田県青少年交流センター駐車場","秋田県秋田市寺内神屋敷3-1","39.730793","140.080516"
"寺内小学校（体育館）","秋田県秋田市寺内堂ノ沢2-14-1","39.734535","140.085097"
"寺内小学校グラウンド","秋田県秋田市寺内堂ノ沢2-14-1","39.734493","140.085821"
"ユナイテッド計画株式会社（２階屋上）","秋田県秋田市寺内蛭根3-24-3","39.728352","140.083233"
"国立大学法人秋田大学野球場","秋田県秋田市手形学園町1","39.729993","140.13351"
"秋田東中学校グラウンド","秋田県秋田市手形休下町10-51","39.727966","140.129248"
"秋田東中学校（２階体育館）","秋田県秋田市手形休下町10-51","39.727797","140.128256"
"旭川地区コミュニティセンター","秋田県秋田市手形字才ノ浜51-2","39.738216","140.13284"
"旭川小学校（体育館）","秋田県秋田市手形字才ノ浜63","39.738934","140.13173"
"旭川小学校グラウンド","秋田県秋田市手形字才ノ浜63","39.738171","140.132106"
"秋田県立秋田高等学校陸上競技場","秋田県秋田市手形字中台1","39.734366","140.134518"
"明徳地区コミュニティセンター","秋田県秋田市手形住吉町2-27","39.726071","140.130282"
"国立大学法人秋田大学陸上競技場","秋田県秋田市手形住吉町6","39.727963","140.131847"
"将軍野中学校グラウンド","秋田県秋田市将軍野南1-12-1","39.744517","140.080719"
"将軍野中学校（体育館）","秋田県秋田市将軍野南1-12-1","39.744979","140.082146"
"高清水小学校グラウンド","秋田県秋田市将軍野南1-2-16","39.743972","140.083833"
"高清水小学校（体育館）","秋田県秋田市将軍野南1-2-16","39.743596","140.083412"
"将軍野地区コミュニティセンター","秋田県秋田市将軍野南4-8-8","39.747069","140.086427"
"上新城地区コミュニティセンター","秋田県秋田市上新城五十丁字小林88-5","39.794451","140.118878"
"旧上新城小学校グラウンド","秋田県秋田市上新城五十丁字大村屋敷22","39.795003","140.123234"
"旧上新城小学校（体育館）","秋田県秋田市上新城五十丁字大村屋敷22","39.795474","140.123077"
"上北手小学校グラウンド","秋田県秋田市上北手猿田字館ノ下38","39.682051","140.164835"
"上北手小学校（体育館）","秋田県秋田市上北手猿田字館ノ下38","39.682518","140.164745"
"学校法人日本赤十字学園日本赤十字東北看護大学・日本赤十字東北看護大学介護福祉短期大学部グラウンド","秋田県秋田市上北手猿田字苗代沢17-3","39.685001","140.154826"
"上北手地区コミュニティセンター","秋田県秋田市上北手猿田字苗代沢37-1","39.685463","140.158955"
"秋田県立栗田支援学校グラウンド","秋田県秋田市新屋栗田町10-10","39.689511","140.07864"
"日新小学校（体育館）","秋田県秋田市新屋栗田町24-1","39.685595","140.080939"
"日新小学校グラウンド","秋田県秋田市新屋栗田町24-1","39.685413","140.081384"
"向浜運動広場内旧運転練習場","秋田県秋田市新屋字砂奴寄地内","39.717682","140.074319"
"秋田商業高等学校グラウンド（サッカー場、　硬式野球場、陸上競技場）","秋田県秋田市新屋勝平台1-1","39.708461","140.077292"
"秋田商業高等学校","秋田県秋田市新屋勝平台1-1","39.708734","140.07598"
"勝平地区コミュニティセンター","秋田県秋田市新屋松美ガ丘東町10-10","39.701227","140.084049"
"松美ヶ丘第三街区公園","秋田県秋田市新屋松美ガ丘南町16-30","39.700373","140.081483"
"勝平小学校（体育館）","秋田県秋田市新屋松美ガ丘北町14-1","39.706898","140.079204"
"勝平小学校グラウンド","秋田県秋田市新屋松美ガ丘北町14-1","39.707485","140.079159"
"新屋松美町緑道（勝平日吉神社隣接広場）","秋田県秋田市新屋松美町地内","39.698649","140.076497"
"西部市民サービスセンター（３階各室と廊下およびホール）","秋田県秋田市新屋扇町13-34","39.677042","140.085492"
"西部市民サービスセンター（多目的ホール）","秋田県秋田市新屋扇町13-34","39.677298","140.085441"
"秋田公立美術大学グラウンド","秋田県秋田市新屋大川町12-3","39.684974","140.091297"
"秋田公立美術大学（体育館）","秋田県秋田市新屋大川町12-3","39.685662","140.091445"
"秋田公立美術大学（講義棟２階の各室と通路）","秋田県秋田市新屋大川町12-3","39.686603","140.09171"
"秋田公立美術大学附属高等学院（体育館）","秋田県秋田市新屋大川町12-3","39.685961","140.091573"
"秋田西中学校（校舎３階教室と廊下、塔屋１階部分）","秋田県秋田市新屋大川町19-75","39.685092","140.089013"
"秋田西中学校グラウンド","秋田県秋田市新屋大川町19-75","39.684239","140.08855"
"秋田西中学校（体育館）","秋田県秋田市新屋大川町19-75","39.685151","140.088389"
"秋田カントリークラブコース内、クラブ前駐車場","秋田県秋田市新屋町字砂奴寄5-1","39.718667","140.079113"
"国土交通省秋田防災ステーション敷地","秋田県秋田市新屋町字天秤野148-7","39.709145","140.074119"
"勝平市民グラウンド","秋田県秋田市新屋豊町153-1","39.703542","140.094067"
"勝平中学校（体育館）","秋田県秋田市新屋北浜町13-1","39.7024","140.073833"
"勝平中学校グラウンド","秋田県秋田市新屋北浜町13-1","39.702976","140.073892"
"大住小学校（２階体育館）","秋田県秋田市仁井田字西潟敷33","39.688574","140.113229"
"大住小学校グラウンド","秋田県秋田市仁井田字西潟敷33","39.689039","140.113828"
"大住小学校（校舎３階教室と廊下）","秋田県秋田市仁井田字西潟敷33","39.6886","140.113667"
"御野場中学校グラウンド","秋田県秋田市仁井田字中新田223","39.676324","140.118546"
"御野場中学校（体育館）","秋田県秋田市仁井田字中新田223","39.6775","140.118943"
"仁井田地区コミュニティセンター","秋田県秋田市仁井田本町4-5-20","39.679632","140.13048"
"仁井田小学校（体育館）（洪水時は校舎２階以上を含む）","秋田県秋田市仁井田本町4-7-1","39.679152","140.126967"
"仁井田小学校グラウンド","秋田県秋田市仁井田本町4-7-1","39.679441","140.128174"
"秋田県立秋田南高等学校陸上競技場","秋田県秋田市仁井田緑町4-1","39.690569","140.121377"
"千秋公園","秋田県秋田市千秋公園1-1","39.721956","140.123942"
"明徳小学校グラウンド","秋田県秋田市千秋公園1-13","39.724176","140.123548"
"明徳小学校（体育館）","秋田県秋田市千秋公園1-13","39.724737","140.123167"
"秋田県立秋田北高等学校グラウンド","秋田県秋田市千秋中島町8-1","39.727461","140.122281"
"川尻地区コミュニティセンター","秋田県秋田市川尻みよし町8-16","39.710933","140.097108"
"川尻小学校（校舎３階教室と廊下）","秋田県秋田市川尻みよし町8-31","39.711681","140.095804"
"川尻小学校グラウンド","秋田県秋田市川尻みよし町8-31","39.710869","140.096183"
"川尻小学校（体育館）","秋田県秋田市川尻みよし町8-31","39.711591","140.096467"
"川尻市営住宅（１号棟から７号棟まで〔２階から５階までの階段および踊り場〕）","秋田県秋田市川尻上野町1","39.709272","140.1013"
"総社神社街区公園","秋田県秋田市川尻総社町14-6","39.710953","140.100148"
"ドジャース食品館屋上駐車場（屋上駐車場）","秋田県秋田市川尻大川町8-25","39.713157","140.090429"
"秋田県赤十字血液センター（３階会議室）","秋田県秋田市川尻町字大川反233-186","39.714165","140.086426"
"株式会社ユアテック秋田支社（３階から５階までの通路と屋内階段および踊り場）","秋田県秋田市川尻町字大川反233-9","39.711567","140.084097"
"平和公園","秋田県秋田市泉字五庵山135","39.740371","140.121231"
"泉小学校グラウンド","秋田県秋田市泉中央6-2-1","39.73204","140.108744"
"泉小学校（体育館）","秋田県秋田市泉中央6-2-1","39.731328","140.109221"
"秋操近隣公園","秋田県秋田市泉中央6-3-1","39.731737","140.110319"
"泉地区コミュニティセンター","秋田県秋田市泉北1-20-27","39.734337","140.103513"
"泉中学校（体育館）","秋田県秋田市泉北2-6-1","39.73477","140.105747"
"泉中学校グラウンド","秋田県秋田市泉北2-6-1","39.735351","140.105312"
"旧山谷小学校グラウンド","秋田県秋田市太平山谷字中山谷143","39.732149","140.260091"
"旧山谷小学校（体育館）","秋田県秋田市太平山谷字中山谷143","39.731714","140.261199"
"太平地区コミュニティセンター","秋田県秋田市太平目長崎字沼田42","39.730622","140.199006"
"旧太平小学校グラウンド","秋田県秋田市太平目長崎字上目長崎144","39.730704","140.195599"
"旧太平小学校（体育館）","秋田県秋田市太平目長崎字上目長崎144","39.731302","140.196441"
"大住地区コミュニティセンター","秋田県秋田市大住南2-7-24","39.68612","140.11003"
"旭北地区コミュニティセンター","秋田県秋田市大町4-4-15","39.716185","140.114207"
"大平台もみの木公園","秋田県秋田市大平台1-14-6","39.699793","140.160891"
"中通小学校（体育館）（洪水時は校舎２階以上を含む）","秋田県秋田市中通5-8-22","39.714031","140.12143"
"中通小学校グラウンド","秋田県秋田市中通5-8-22","39.713784","140.120601"
"ホテルルートイン秋田土崎（４階から８階までの通路）","秋田県秋田市土崎港西2-12-30","39.753801","140.06376"
"ビレッジハウス土崎（１号棟から３号棟まで〔３階から５階までの階段と踊り場〕）","秋田県秋田市土崎港西2-12-48","39.75406","140.064726"
"旧チャレンジオフィスあきた（３階〔大小多目的室、通路〕、屋上）","秋田県秋田市土崎港西3-9-15","39.756298","140.066417"
"古川町街区公園（土崎市民グラウンド）","秋田県秋田市土崎港西4-3-1","39.758752","140.064399"
"北部市民サービスセンター（体育館）","秋田県秋田市土崎港西5-3-1","39.760699","140.065245"
"北部市民サービスセンター（３階フロア、バルコニーおよび屋上）","秋田県秋田市土崎港西5-3-1","39.7613","140.065552"
"光沼近隣公園","秋田県秋田市土崎港相染町字沼端77","39.767557","140.06674"
"秋田県営土崎港住宅（３階から４階までの階段と踊り場）","秋田県秋田市土崎港相染町字中谷地47-2","39.763392","140.065527"
"株式会社　ジーンズエムシーディ物流棟・工場棟（屋上）","秋田県秋田市土崎港相染町字浜ナシ山17-3","39.768898","140.059442"
"医療法人正和会五十嵐記念病院在宅総合ケアセンター（病院屋上、ケアセンター屋上）","秋田県秋田市土崎港中央1-17-23","39.753578","140.068512"
"旧土崎小学校（体育館）","秋田県秋田市土崎港中央3-1-78","39.754868","140.071312"
"旧土崎小学校グラウンド","秋田県秋田市土崎港中央3-1-78","39.754456","140.071478"
"旧土崎小学校（校舎３階教室と廊下および屋上）","秋田県秋田市土崎港中央3-1-78","39.755112","140.071777"
"社会福祉法人はまなす会ケアハウス土崎（３階から８階までのホール、屋外階段と踊り場）","秋田県秋田市土崎港中央3-4-40","39.754508","140.068034"
"琴平第二街区公園","秋田県秋田市土崎港中央4-10-25","39.755343","140.075362"
"医療法人運忠会土崎病院介護老人保健施設なぎさ（病院外来棟屋上、介護老人保健施設屋上・６階ベランダ）","秋田県秋田市土崎港中央4-4-26","39.753225","140.072045"
"土崎マンション（３階から４階までの通路）","秋田県秋田市土崎港中央6-16-17","39.758509","140.072709"
"土崎聖書キリスト教会グローリアチャペル（３階ホールと和室）","秋田県秋田市土崎港中央6-16-34","39.759741","140.072553"
"土崎小学校グラウンド","秋田県秋田市土崎港東1-6-39","39.750331","140.076707"
"土崎南小学校（体育館）","秋田県秋田市土崎港東1-6-39","39.749783","140.076828"
"秋田県立秋田中央高等学校野球場・ラグビー場","秋田県秋田市土崎港南3-2-78","39.743782","140.077161"
"土崎中学校（校舎２階から３階までの教室と廊下）","秋田県秋田市土崎港北1-3-1","39.759237","140.076167"
"土崎中学校グラウンド","秋田県秋田市土崎港北1-3-1","39.758849","140.077234"
"土崎中学校（体育館）","秋田県秋田市土崎港北1-3-1","39.759604","140.075931"
"土崎駅東第三街区公園","秋田県秋田市土崎港北2-18-18","39.760784","140.08086"
"港北地区コミュニティセンター","秋田県秋田市土崎港北3-7-9","39.765015","140.082388"
"港北小学校グラウンド","秋田県秋田市土崎港北4-6-1","39.763234","140.075393"
"港北小学校（校舎３階教室と廊下）","秋田県秋田市土崎港北4-6-1","39.762956","140.076496"
"港北小学校（体育館）","秋田県秋田市土崎港北4-6-1","39.763756","140.076391"
"東小学校グラウンド","秋田県秋田市東通2-11-1","39.715559","140.140469"
"東小学校（２階体育館）","秋田県秋田市東通2-11-1","39.71508","140.140826"
"拠点第一街区公園","秋田県秋田市東通仲町16-1","39.713641","140.130755"
"秋田市民交流プラザ","秋田県秋田市東通仲町4-1","39.715818","140.131467"
"築山小学校グラウンド","秋田県秋田市楢山古川新町55-1","39.706009","140.121872"
"築山小学校（２階体育館）","秋田県秋田市楢山古川新町55-1","39.705565","140.122352"
"城南中学校グラウンド","秋田県秋田市楢山城南町4-1","39.698617","140.128448"
"城南中学校（体育館）","秋田県秋田市楢山城南町4-1","39.69951","140.129542"
"楢山地区コミュニティセンター","秋田県秋田市楢山南中町1-9","39.708253","140.11751"
"楢山緑地（楢山公園）","秋田県秋田市楢山南中町1-9","39.70879","140.117957"
"秋田県立秋田きらり支援学校グラウンド","秋田県秋田市南ケ丘1-1-1","39.689588","140.156041"
"聖霊学園高等学校グラウンド","秋田県秋田市南通みその町4-82","39.7097","140.123005"
"秋田南中学校（２階体育館）","秋田県秋田市南通宮田15-1","39.707783","140.127131"
"秋田南中学校グラウンド","秋田県秋田市南通宮田15-1","39.707331","140.126474"
"八橋陸上競技場","秋田県秋田市八橋運動公園1-10","39.721586","140.095687"
"八橋硬式野球場","秋田県秋田市八橋運動公園1-7","39.720037","140.096822"
"八橋運動公園","秋田県秋田市八橋運動公園地内","39.720541","140.094782"
"八橋第２球技場・健康広場","秋田県秋田市八橋運動公園地内","39.719734","140.099871"
"八橋球技場","秋田県秋田市八橋運動公園地内","39.721473","140.099747"
"八橋小学校グラウンド","秋田県秋田市八橋大沼町7-1","39.731729","140.095534"
"八橋小学校（体育館）","秋田県秋田市八橋大沼町7-1","39.731939","140.096351"
"八橋小学校（校舎２階〔普通教室、学習室、多目的ホールおよび廊下〕、３階〔普通教室および廊下〕）","秋田県秋田市八橋大沼町7-1","39.732216","140.09654"
"秋田県ＪＡビル（３階から１０階までの廊下、３階から９階までのエレベータホールおよび屋上）","秋田県秋田市八橋南2-10-16","39.719117","140.088425"
"八橋地区コミュニティセンター（多目的ホール）","秋田県秋田市八橋本町5-2-27","39.725293","140.09577"
"八橋地区コミュニティセンター（２階和室、会議室および談話コーナー）","秋田県秋田市八橋本町5-2-27","39.725231","140.095939"
"秋田市立体育館（メインアリーナ固定観覧席および２階上部ジョギングコースほか、サブアリーナ固定観覧席）","秋田県秋田市八橋本町6-12-20","39.725956","140.088067"
"市立体育館第２駐車場","秋田県秋田市八橋本町６地内","39.726642","140.088624"
"八橋墓地公園","秋田県秋田市八橋本町６地内","39.726328","140.089243"
"飯島穀丁第四児童遊園地（松風団地）","秋田県秋田市飯島穀丁地内","39.776006","140.065149"
"宗教法人雲祥院霊園および山林","秋田県秋田市飯島穀丁地内","39.774984","140.063631"
"飯島中学校（体育館）","秋田県秋田市飯島字田尻堰越48","39.773056","140.084521"
"飯島中学校グラウンド","秋田県秋田市飯島字田尻堰越48","39.773613","140.084531"
"飯島南地区コミュニティセンター（多目的ホール）","秋田県秋田市飯島字南場掛318-2","39.768448","140.094287"
"医療法人久盛会秋田緑ヶ丘病院　第二、第三駐車場","秋田県秋田市飯島字堀川84","39.790115","140.05938"
"飯島老人いこいの家敷地","秋田県秋田市飯島字堀川84-191","39.788373","140.055134"
"飯島津波避難タワー","秋田県秋田市飯島字堀川地内-","39.787046","140.040755"
"飯島神社街区公園","秋田県秋田市飯島松根西町8-40","39.77154","140.071952"
"飯島地区コミュニティセンター敷地","秋田県秋田市飯島松根東町5-22","39.772225","140.072968"
"飯島地区コミュニティセンター","秋田県秋田市飯島松根東町5-22","39.772088","140.073227"
"飯島南小学校（体育館）","秋田県秋田市飯島西袋1-1-2","39.767675","140.091197"
"飯島南小学校グラウンド","秋田県秋田市飯島西袋1-1-2","39.766945","140.091171"
"飯島西部街区公園","秋田県秋田市飯島川端3-3-21","39.786776","140.061446"
"飯島小学校（体育館）","秋田県秋田市飯島鼠田2-2-1","39.778965","140.072488"
"飯島小学校校庭・グラウンド","秋田県秋田市飯島鼠田2-2-1","39.778677","140.073111"
"飯島小学校グラウンド","秋田県秋田市飯島鼠田2-2-1","39.777551","140.073851"
"飯島道東一丁目第一児童遊園地","秋田県秋田市飯島道東１地内","39.777344","140.067762"
"秋田工業高等専門学校グラウンド","秋田県秋田市飯島文京町1-1","39.773417","140.078903"
"グリーンステージ飯島（１号棟から２号棟まで〔２階から４階までの廊下と階段および踊り場〕）","秋田県秋田市飯島緑丘町11-1","39.778071","140.070023"
"浜田小学校グラウンド","秋田県秋田市浜田字自在山47-2","39.666438","140.067177"
"大森山公園","秋田県秋田市浜田字大森山29-1","39.667254","140.074047"
"もしもしピット秋田市はまなす広場","秋田県秋田市浜田字滝ノ元地内","39.664624","140.070277"
"医療法人緑陽会笠松病院敷地","秋田県秋田市浜田字藍ノ原52","39.653487","140.070023"
"保戸野小学校グラウンド","秋田県秋田市保戸野すわ町9-60","39.724356","140.114908"
"保戸野小学校（体育館）","秋田県秋田市保戸野すわ町9-60","39.72469","140.115563"
"秋田県立秋田工業高等学校多目的グラウンド","秋田県秋田市保戸野金砂町3-1","39.731138","140.121852"
"国立大学法人秋田大学附属中学校屋外運動場","秋田県秋田市保戸野原の町7-75","39.726193","140.115956"
"保戸野地区コミュニティセンター","秋田県秋田市保戸野中町6-12","39.724308","140.117993"
"秋田県立新屋高等学校グラウンド（野球場・陸上競技場）","秋田県秋田市豊岩石田坂字鎌塚77-3","39.66836","140.096089"
"豊岩地区コミュニティセンター","秋田県秋田市豊岩豊巻字内縄尻224-1","39.649652","140.11361"
"豊岩小学校グラウンド","秋田県秋田市豊岩豊巻字内縄尻90","39.648221","140.112647"
"旧豊岩中学校（体育館）","秋田県秋田市豊岩豊巻字内縄尻90-2","39.64805","140.1121"
"旧戸米川小学校グラウンド","秋田県秋田市雄和戸賀沢字金山沢20","39.572464","140.198104"
"雄和新波野球場","秋田県秋田市雄和新波字寺沢31-1","39.527309","140.236043"
"旧大正寺小学校グラウンド","秋田県秋田市雄和新波字寺沢32-8","39.526395","140.235141"
"旧大正寺小学校（体育館）","秋田県秋田市雄和新波字寺沢32-8","39.525691","140.235254"
"竹の花公園","秋田県秋田市雄和新波字清水木233","39.525996","140.240462"
"雄和基幹集落センター（大正寺連絡所）","秋田県秋田市雄和新波字樋口62-2","39.526091","140.234033"
"秋田なまはげ農業協同組合大正寺資材倉庫駐車場","秋田県秋田市雄和新波字本屋敷1-1","39.53057","140.229828"
"雄和南体育館","秋田県秋田市雄和神ケ村字陳笠259","39.525126","140.231465"
"雄和花の森野球場","秋田県秋田市雄和石田字蟹沢39","39.593776","140.174079"
"雄和中学校（体育館）","秋田県秋田市雄和石田字蟹沢40","39.593581","140.171174"
"雄和小学校（体育館）","秋田県秋田市雄和石田字蟹沢40","39.593056","140.17052"
"秋田なまはげ農業協同組合雄和支店駐車場","秋田県秋田市雄和石田字中大部3","39.59189","140.167161"
"秋田県農業試験場駐車場第１駐車場","秋田県秋田市雄和相川字源八沢34-1","39.574822","140.194496"
"雄和サイクリングターミナル","秋田県秋田市雄和椿川字奥椿岱145-2","39.627359","140.195966"
"秋田県立中央公園","秋田県秋田市雄和椿川字駒坂台4-1","39.623622","140.208684"
"旧川添小学校（体育館）","秋田県秋田市雄和椿川字長者屋敷36-1","39.621094","140.158175"
"旧川添小学校グラウンド","秋田県秋田市雄和椿川字長者屋敷36-1","39.621743","140.1592"
"長者やま荘（雄和地区北部コミュニティ施設）","秋田県秋田市雄和椿川字長者屋敷38-1","39.620823","140.157863"
"雄和市民サービスセンター","秋田県秋田市雄和妙法字上大部48-1","39.591173","140.170598"
"雄和ふれあいプラザ敷地（一部）","秋田県秋田市雄和妙法字上大部77","39.591636","140.170691"
"雄和体育館","秋田県秋田市雄和妙法字上大部95-1","39.591536","140.168838"
"旧七滝小学校グラウンド","秋田県小坂町荒谷字上ノ平27-1","40.295895","140.764274"
"十和田出張所","秋田県小坂町十和田湖字生出1-2","40.418226","140.857255"
"向陽街区公園","秋田県小坂町小坂鉱山字苦竹31","40.333645","140.737479"
"東渡ノ羽街区公園","秋田県小坂町小坂鉱山字渡ノ羽1-49","40.332918","140.74036"
"北あけぼの街区公園","秋田県小坂町小坂鉱山字尾樽部76-1","40.330741","140.754842"
"南あけぼの児童遊園","秋田県小坂町小坂鉱山字尾樽部76-1","40.328868","140.753051"
"川上グラウンド","秋田県小坂町小坂字下川原29-1","40.366001","140.730098"
"旧小坂高等学校グラウンド","秋田県小坂町小坂字館平66-1","40.323036","140.731339"
"藤倉街区公園","秋田県小坂町小坂字山崎2-130","40.311307","140.747168"
"向陽運動場","秋田県小坂町小坂字上谷地29-1","40.331847","140.736304"
"中央公園","秋田県小坂町小坂字赤神13-2","40.326241","140.743589"
"小坂小学校グラウンド","秋田県小坂町小坂字赤神4-1","40.325206","140.74374"
"鳥越街区公園","秋田県小坂町上向字谷地端25-1","40.323393","140.762767"
"大海公民館","秋田県上小阿仁村沖田面字上大海7","40.047749","140.296164"
"八木沢公民館","秋田県上小阿仁村沖田面字西山下3-7","39.948924","140.310932"
"中茂公民館","秋田県上小阿仁村沖田面字南沢109","39.982622","140.255491"
"沖田面公民館","秋田県上小阿仁村沖田面字野中278-2","40.046804","140.283128"
"若者センター","秋田県上小阿仁村沖田面字野中278-7","40.046353","140.283348"
"旧沖田面小学校グラウンド","秋田県上小阿仁村沖田面字野中335","40.046498","140.279817"
"上五反沢公民館","秋田県上小阿仁村五反沢字堰根沢口83-3","40.032598","140.314333"
"五反沢児童館","秋田県上小阿仁村五反沢字家ノ下86","40.048985","140.306715"
"中五反沢公民館","秋田県上小阿仁村五反沢字森ノ下9-1","40.039879","140.312209"
"健康増進トレーニングセンター","秋田県上小阿仁村小沢田字向川原118","40.063637","140.294937"
"開発センター","秋田県上小阿仁村小沢田字向川原118","40.063511","140.295559"
"村民グラウンド","秋田県上小阿仁村小沢田字向川原190","40.062331","140.294881"
"旧かみこあに保育園","秋田県上小阿仁村小沢田字向川原210","40.063023","140.294324"
"生涯学習センター","秋田県上小阿仁村小沢田字向川原60-3","40.063794","140.298064"
"集住型宿泊交流拠点施設コアニティー","秋田県上小阿仁村小沢田字向川原72-2","40.061615","140.296521"
"保健センター","秋田県上小阿仁村小沢田字向川原80","40.064709","140.296653"
"高齢者生活福祉センター","秋田県上小阿仁村小沢田字向川原80","40.064627","140.297211"
"小沢田公民館","秋田県上小阿仁村小沢田字小沢田75","40.063944","140.292779"
"上小阿仁小・中学校","秋田県上小阿仁村小沢田字上ノ岱97","40.060572","140.293321"
"杉花交流センター","秋田県上小阿仁村杉花字杉花33-4","40.066045","140.301684"
"大林公民館","秋田県上小阿仁村大林字村廻37-2","40.034271","140.273456"
"大阿瀬公民館","秋田県上小阿仁村堂川字鵜頭坂4-9","40.081273","140.311781"
"南沢公民館","秋田県上小阿仁村南沢字箱渕岱30","40.005262","140.283631"
"い樹い樹交流センター","秋田県上小阿仁村福舘字村岱43","40.057356","140.295565"
"下仏社多目的集会施設","秋田県上小阿仁村仏社字伊勢堂下67-4","40.064419","140.311828"
"羽立集会施設","秋田県上小阿仁村仏社字羽立台22-5","40.076684","140.312997"
"長信田交流センター","秋田県上小阿仁村仏社字長信田日ノ台330","40.083959","140.320768"
"上仏社担い手センター","秋田県上小阿仁村仏社字田ノ沢11-1","40.060515","140.324997"
"雲然野球場","秋田県仙北市角館町雲然田中264-1","39.584972","140.539116"
"八割運動広場","秋田県仙北市角館町雲然田中41-1","39.581198","140.532097"
"雲沢トレーニングセンター","秋田県仙北市角館町雲然田中437-13","39.5853","140.539398"
"雲沢トレーニングセンター前広場","秋田県仙北市角館町雲然田中437-13","39.5853","140.539398"
"雲沢集落センター前広場","秋田県仙北市角館町雲然田中437-13","39.585499","140.539989"
"雲沢集落センター","秋田県仙北市角館町雲然田中437-13","39.58527","140.540024"
"角館西保育園","秋田県仙北市角館町雲然田中437-2","39.586042","140.540404"
"下延コミュニティセンター","秋田県仙北市角館町下延段添198","39.563832","140.534269"
"下延コミュニティセンター前広場","秋田県仙北市角館町下延段添198","39.563731","140.533903"
"古城山公園","秋田県仙北市角館町古城山地内-","39.604996","140.56097"
"秋田県立角館高等学校グラウンド","秋田県仙北市角館町細越町37","39.603139","140.565868"
"秋田県立角館高等学校","秋田県仙北市角館町細越町37","39.603271","140.564906"
"旧角館警察署跡地","秋田県仙北市角館町小館33-1","39.590783","140.562011"
"秋田県立大曲支援学校せんぼく校","秋田県仙北市角館町小館77-2","39.590007","140.561044"
"秋田県立大曲支援学校せんぼく校グラウンド","秋田県仙北市角館町小館77-2","39.589269","140.561291"
"角館中学校","秋田県仙北市角館町小勝田小倉前73","39.59674","140.555143"
"角館中学校グラウンド","秋田県仙北市角館町小勝田中川原135","39.595204","140.555857"
"花葉館","秋田県仙北市角館町西長野古米沢30-19","39.621049","140.476761"
"花葉館前広場","秋田県仙北市角館町西長野古米沢30-19","39.620851","140.476084"
"西長野交流センター","秋田県仙北市角館町西長野中泊402","39.60949","140.506277"
"西長野交流センターグラウンド","秋田県仙北市角館町西長野中泊402","39.608873","140.506643"
"落合運動公園","秋田県仙北市角館町西野川原55-27","39.586106","140.555837"
"角館小学校グラウンド","秋田県仙北市角館町西野川原56-1","39.590022","140.554178"
"角館小学校","秋田県仙北市角館町西野川原56-1","39.59032","140.555282"
"中川保育園","秋田県仙北市角館町川原羽黒堂324-1","39.621518","140.551241"
"中川コミュニティセンター","秋田県仙北市角館町川原中道41","39.623592","140.554804"
"中川コミュニティセンターグラウンド","秋田県仙北市角館町川原中道41","39.62314","140.555032"
"中川コミュニティ広場","秋田県仙北市角館町川原中道46","39.62285","140.553953"
"健康管理センター","秋田県仙北市角館町中菅沢77-28","39.590395","140.568884"
"角館交流センター","秋田県仙北市角館町中菅沢77-30","39.591246","140.568973"
"仙北市役所角館庁舎駐車場","秋田県仙北市角館町中菅沢77-30","39.590183","140.569061"
"角館こども園","秋田県仙北市角館町中菅沢91-1","39.590734","140.567317"
"旧図書館前広場（火除け）","秋田県仙北市角館町東勝楽丁17","39.596247","140.562742"
"白岩コミュニティ運動広場","秋田県仙北市角館町白岩上西野153","39.585742","140.611247"
"白岩小学校グラウンド","秋田県仙北市角館町白岩上西野162","39.58778","140.608481"
"白岩小百合保育園","秋田県仙北市角館町白岩上西野93-1","39.585402","140.610471"
"白岩コミュニティセンター","秋田県仙北市角館町白岩新西野162","39.586503","140.607775"
"八割コミュニティセンター","秋田県仙北市角館町八割西ケ沢195","39.579113","140.520854"
"角館樺細工伝承館","秋田県仙北市角館町表町下丁10-1","39.599542","140.561115"
"角館公民館","秋田県仙北市角館町表町上丁6","39.602615","140.560647"
"角館公民館駐車場","秋田県仙北市角館町表町上丁6","39.602485","140.560144"
"旧角館高等学校グラウンド","秋田県仙北市角館町表町上丁２４外-","39.602462","140.561562"
"桜並木駐車場","秋田県仙北市角館町北野１０７外-","39.600081","140.559234"
"活性化施設かたくり館","秋田県仙北市西木町小山田字八津249-1","39.689342","140.553394"
"活性化施設かたくり館駐車場","秋田県仙北市西木町小山田字八津249-1","39.689252","140.553912"
"西明寺野球場","秋田県仙北市西木町小淵野字向山52-2","39.655611","140.593037"
"西木総合開発センター","秋田県仙北市西木町上荒井字古堀田47","39.656066","140.571761"
"仙北市役所西木庁舎","秋田県仙北市西木町上荒井字古堀田47","39.656072","140.571495"
"仙北市役所西木庁舎駐車場","秋田県仙北市西木町上荒井字古堀田47","39.655674","140.571437"
"西明寺中学校グラウンド","秋田県仙北市西木町上荒井字上橋元280-1","39.66232","140.572664"
"西明寺中学校","秋田県仙北市西木町上荒井字上橋元280-1","39.662774","140.572598"
"上桧木内地区コミュニティ高野台グラウンド","秋田県仙北市西木町上桧木内字浦子内地内-","39.813605","140.579863"
"多世代交流施設西木山鳩館","秋田県仙北市西木町上桧木内字大森37","39.81445","140.587866"
"多世代交流施設西木山鳩館広場","秋田県仙北市西木町上桧木内字大森37","39.814659","140.587914"
"紙風船館","秋田県仙北市西木町上桧木内字大地田3-1","39.815544","140.584078"
"紙風船館広場","秋田県仙北市西木町上桧木内字大地田3-1","39.815003","140.58404"
"旧上桧木内小学校グラウンド","秋田県仙北市西木町上桧木内字大地田50","39.81517","140.585492"
"西木総合健康増進センター","秋田県仙北市西木町桧木内字吉田123","39.748384","140.597971"
"吉田野球場","秋田県仙北市西木町桧木内字吉田6-6","39.748643","140.597116"
"桧木内小学校グラウンド","秋田県仙北市西木町桧木内字高屋110","39.741161","140.590383"
"桧木内小学校","秋田県仙北市西木町桧木内字高屋110","39.740696","140.589529"
"桧木内中学校グラウンド","秋田県仙北市西木町桧木内字高屋2-3","39.742122","140.592572"
"桧木内中学校","秋田県仙北市西木町桧木内字高屋2-3","39.741879","140.591924"
"西木林業総合センター","秋田県仙北市西木町桧木内字松葉232","39.743478","140.591344"
"桧木内地区公民館","秋田県仙北市西木町桧木内字松葉290-1","39.741628","140.593682"
"桧木内川河川公園","秋田県仙北市西木町門屋下川原地内-","39.657993","140.559288"
"西木温泉クリオン","秋田県仙北市西木町門屋字屋敷田83-2","39.661293","140.566407"
"西木コミュニティセンター","秋田県仙北市西木町門屋字屋敷田84","39.661007","140.566764"
"西木コミュニティセンター体育館","秋田県仙北市西木町門屋字屋敷田84","39.660999","140.566421"
"西明寺小学校","秋田県仙北市西木町門屋字六本杉6","39.654375","140.566768"
"西明寺小学校グラウンド","秋田県仙北市西木町門屋字六本杉6","39.653642","140.566455"
"小松農村広場","秋田県仙北市田沢湖小松字羽根ケ台174-1","39.61563","140.581167"
"就業改善センター","秋田県仙北市田沢湖神代字古館野404-1","39.622466","140.597518"
"神代小学校","秋田県仙北市田沢湖神代字珍重屋敷48","39.62152","140.600908"
"神代小学校グラウンド","秋田県仙北市田沢湖神代字珍重屋敷48","39.621428","140.599011"
"神代中学校","秋田県仙北市田沢湖神代字野中清水244","39.622454","140.599122"
"神代中学校グラウンド","秋田県仙北市田沢湖神代字野中清水244","39.623123","140.599158"
"神代市民体育館","秋田県仙北市田沢湖神代字野中清水259","39.622603","140.598237"
"神代武道館","秋田県仙北市田沢湖神代字野中清水283-2","39.622255","140.598553"
"田沢湖総合開発センター","秋田県仙北市田沢湖生保内字宮ノ後27","39.700113","140.731521"
"仙北市役所田沢湖庁舎","秋田県仙北市田沢湖生保内字宮ノ後30","39.700298","140.731995"
"四十程グラウンド","秋田県仙北市田沢湖生保内字船場地内-","39.686577","140.711178"
"中生保内農村運動広場","秋田県仙北市田沢湖生保内字造道171","39.720722","140.71641"
"田沢湖健康増進センター","秋田県仙北市田沢湖生保内字浮世坂20","39.698829","140.721956"
"仙北市民会館","秋田県仙北市田沢湖生保内字武蔵野105-1","39.705317","140.729579"
"生保内中学校グラウンド","秋田県仙北市田沢湖生保内字武蔵野105-1","39.703621","140.731736"
"生保内武道館","秋田県仙北市田沢湖生保内字武蔵野105-1","39.705334","140.730899"
"生保内市民体育館","秋田県仙北市田沢湖生保内字武蔵野105-1","39.705173","140.731296"
"生保内中学校","秋田県仙北市田沢湖生保内字武蔵野105-1","39.703303","140.730373"
"生保内小学校","秋田県仙北市田沢湖生保内字武蔵野111","39.703789","140.728241"
"生保内小学校グラウンド","秋田県仙北市田沢湖生保内字武蔵野111","39.703789","140.728241"
"生保内公園野球場","秋田県仙北市田沢湖生保内武蔵野地内-","39.699882","140.737764"
"県営発電所グラウンド","秋田県仙北市田沢湖田沢字鎧畑42-1","39.774361","140.665176"
"田沢湖活性化センターグラウンド","秋田県仙北市田沢湖田沢字高屋166-5","39.767974","140.694777"
"田沢市民体育館","秋田県仙北市田沢湖田沢字高屋59","39.7687","140.690081"
"春山第１駐車場","秋田県仙北市田沢湖田沢字春山145-1","39.734436","140.698149"
"春山第２駐車場","秋田県仙北市田沢湖田沢字春山148-1","39.731412","140.699319"
"田沢交流センター","秋田県仙北市田沢湖田沢字大山7","39.766937","140.694214"
"大沼農村広場","秋田県仙北市田沢湖梅沢字沼頭4-10","39.63868","140.606096"
"西１丁目コミュニティ広場","秋田県大潟村西1-4","40.014582","139.955472"
"西２丁目コミュニティ広場","秋田県大潟村西2-5","40.020315","139.956507"
"西３丁目コミュニティ広場","秋田県大潟村西3-4","40.024687","139.957485"
"道の駅おおがた","秋田県大潟村西5-2","40.015427","139.951582"
"中央２番地広場","秋田県大潟村中央2","40.01617","139.960064"
"大潟中学校グラウンド","秋田県大潟村中央5-1","40.023297","139.960195"
"南コミュニティ広場","秋田県大潟村東2-1","40.016567","139.963366"
"東２丁目コミュニティ広場","秋田県大潟村東2-5","40.019144","139.962728"
"東３丁目コミュニティ広場","秋田県大潟村東3-1","40.023216","139.963907"
"北１丁目コミュニティ広場","秋田県大潟村北1-1","40.028086","139.958586"
"北２丁目コミュニティ広場","秋田県大潟村北2-4","40.027268","139.965134"
"上川沿小学校グラウンド","秋田県大館市餌釣字前田75","40.247359","140.573476"
"上川沿小学校","秋田県大館市餌釣字前田75","40.24792","140.573101"
"成章中学校","秋田県大館市猿間字中谷地10","40.218042","140.670156"
"成章中学校グラウンド","秋田県大館市猿間字中谷地10","40.21848","140.669416"
"十二所体育館","秋田県大館市猿間字長漕６１－２外","40.218053","140.667879"
"南小学校グラウンド","秋田県大館市下川原字向野6","40.244606","140.526771"
"南小学校","秋田県大館市下川原字向野6","40.245165","140.525591"
"旧天下町児童館","秋田県大館市下代野字天下道下1-150","40.29441","140.585211"
"大館市花岡総合スポーツ公園体育館","秋田県大館市花岡町字アセ石33","40.317374","140.552384"
"大館市花岡総合スポーツ公園多目的運動広場","秋田県大館市花岡町字アセ石33","40.317603","140.551265"
"花岡小学校","秋田県大館市花岡町字根井下22","40.331132","140.555508"
"花岡小学校グラウンド","秋田県大館市花岡町字根井下22","40.330847","140.555655"
"前田児童公園","秋田県大館市花岡町字前田102-3","40.328911","140.552803"
"花岡公民館","秋田県大館市花岡町字前田102-3","40.328441","140.553511"
"大館市児童発達支援センターひまわり","秋田県大館市花岡町字前田181-5","40.325428","140.554699"
"旧花岡中学校グラウンド","秋田県大館市花岡町字前田202-1","40.326871","140.557531"
"旧花岡中学校","秋田県大館市花岡町字前田202-1","40.327341","140.556024"
"大森野街区公園","秋田県大館市花岡町字大森野31-1","40.331852","140.562043"
"田代公民館越山分館","秋田県大館市岩瀬字越山向岱77-5","40.347383","140.46565"
"旧越山小学校グラウンド","秋田県大館市岩瀬字越山向岱79-5","40.347219","140.465898"
"田代中学校グラウンド","秋田県大館市岩瀬字下軽石野2-2","40.277204","140.45967"
"田代中学校","秋田県大館市岩瀬字下軽石野2-2","40.277191","140.458378"
"たしろ保育園","秋田県大館市岩瀬字上岩瀬上野19","40.293748","140.453947"
"山瀬小学校","秋田県大館市岩瀬字上軽石野39-18","40.278332","140.459299"
"山瀬小学校グラウンド","秋田県大館市岩瀬字上軽石野39-18","40.278815","140.459535"
"障害者生活支援センター","秋田県大館市岩瀬字赤川20","40.298444","140.4624"
"田代公民館赤川分館","秋田県大館市岩瀬字赤川20","40.297908","140.462454"
"田代公民館岩瀬分館","秋田県大館市岩瀬字大柳95-6","40.273727","140.467511"
"観光交流施設　秋田犬の里","秋田県大館市御成町1-13-1","40.286717","140.556079"
"清水堰児童公園","秋田県大館市御成町1-134","40.287642","140.561461"
"駅前児童公園","秋田県大館市御成町1-21","40.287475","140.55882"
"御成児童公園","秋田県大館市御成町2-321","40.285347","140.561632"
"昭和児童公園","秋田県大館市幸町164","40.269019","140.555389"
"城西体育館","秋田県大館市根下戸新町6-20","40.272644","140.534366"
"旧山田小学校体育館","秋田県大館市山田字寺下24","40.30328","140.480141"
"田代公民館山田分館","秋田県大館市山田字寺下42","40.303124","140.481813"
"大館鳳鳴高等学校","秋田県大館市字金坂後6","40.273389","140.572931"
"大館鳳鳴高等学校グラウンド","秋田県大館市字金坂後6","40.272186","140.573682"
"城南小学校","秋田県大館市字桜町9","40.269883","140.565972"
"城南小学校グラウンド","秋田県大館市字桜町9","40.269507","140.565959"
"中央公民館","秋田県大館市字桜町南45-1","40.268677","140.565712"
"城南保育園","秋田県大館市字桜町南45-3","40.268788","140.566965"
"城南保育園分園","秋田県大館市字水門前124","40.276934","140.562776"
"秋田職業能力開発短期大学校駐車場等","秋田県大館市字扇田道下6-1","40.264409","140.571821"
"秋田職業能力開発短期大学校","秋田県大館市字扇田道下6-1","40.263971","140.571805"
"大館運動公園（田町球場）","秋田県大館市字大館3-1","40.273448","140.557367"
"桂城公園","秋田県大館市字中城1","40.272403","140.564827"
"柳町児童公園","秋田県大館市字中町46","40.269245","140.559821"
"鉄砲場児童公園","秋田県大館市字鉄砲場102-2","40.274765","140.572648"
"長根山運動公園","秋田県大館市字東台１外","40.276426","140.586797"
"高館公園","秋田県大館市釈迦内字高館下１００－１外","40.298234","140.55404"
"老人いこいの家（清和荘）","秋田県大館市釈迦内字獅子ケ森1-1","40.301619","140.580834"
"釈迦内児童公園","秋田県大館市釈迦内字上大留23","40.304758","140.559949"
"釈迦内公民館","秋田県大館市釈迦内字上大留6","40.304056","140.559418"
"釈迦内小学校グラウンド","秋田県大館市釈迦内字相染台24","40.309959","140.56608"
"釈迦内保育園","秋田県大館市釈迦内字相染台24","40.30838","140.565871"
"釈迦内児童センター","秋田県大館市釈迦内字相染台24","40.308605","140.565593"
"釈迦内小学校","秋田県大館市釈迦内字相染台24","40.30903","140.565179"
"釈迦内体育館","秋田県大館市釈迦内字台野道上１０－１外","40.30088","140.572706"
"北陽中学校グラウンド","秋田県大館市釈迦内字長者森1","40.324338","140.577062"
"北陽中学校","秋田県大館市釈迦内字長者森1","40.324919","140.576258"
"十二所公民館","秋田県大館市十二所字元館1-1","40.215423","140.671381"
"湯夢湯夢の里","秋田県大館市十二所字後田34","40.21148","140.645836"
"成章小学校グラウンド","秋田県大館市十二所字大平190","40.215801","140.662751"
"成章小学校","秋田県大館市十二所字大平190","40.216489","140.662734"
"北部老人福祉総合エリア","秋田県大館市十二所字平内新田237-1","40.215814","140.658159"
"十二所保育園","秋田県大館市十二所字片町21-6","40.214714","140.669761"
"真中農林業多目的研修集会施設","秋田県大館市出川字上野30","40.252015","140.50491"
"旧真中保育所","秋田県大館市出川字上野30","40.251538","140.506173"
"真中公民館","秋田県大館市出川字上野30","40.252512","140.505004"
"旧松峰児童館","秋田県大館市松峰字松峰仁王田１０２－１外","40.306468","140.547969"
"松木児童公園","秋田県大館市松木字伊勢堂下2","40.297299","140.54804"
"大館国際情報学院高等学校","秋田県大館市松木字大上25-1","40.291107","140.555161"
"大館国際情報学院中・高等学校グラウンド","秋田県大館市松木字大上25-1","40.289968","140.555691"
"大館国際情報学院中学校","秋田県大館市松木字大上25-1","40.290436","140.555372"
"沼館保育所","秋田県大館市沼館字神田表111","40.287867","140.538943"
"沼館町内（温泉）会館","秋田県大館市沼館字藤蕪82","40.285098","140.540068"
"大館樹海ドーム（ニプロハチ公ドーム）","秋田県大館市上代野字稲荷台1-1","40.292636","140.586736"
"大館樹海ドーム（ニプロハチ公ドーム）駐車場","秋田県大館市上代野字稲荷台1-1","40.292258","140.58869"
"長木公民館","秋田県大館市上代野字八幡岱24-1","40.292536","140.593316"
"樹海体育館（タクミアリーナ）","秋田県大館市上代野字八幡岱29-4","40.293467","140.592274"
"長木小学校","秋田県大館市上代野字八幡岱45","40.293794","140.594267"
"長木小学校グラウンド","秋田県大館市上代野字八幡岱45","40.293022","140.593728"
"長木保育所","秋田県大館市上代野字八幡岱47","40.29316","140.594938"
"城西児童公園","秋田県大館市城西町70-1","40.271168","140.543344"
"城西小学校グラウンド","秋田県大館市城西町8-1","40.268571","140.543576"
"城西小学校","秋田県大館市城西町8-1","40.269062","140.543496"
"桂城小学校グラウンド","秋田県大館市水門町1-12","40.275488","140.555784"
"桂城小学校","秋田県大館市水門町1-12","40.27628","140.555755"
"桂城児童センター","秋田県大館市水門町1-5","40.27646","140.556699"
"水門児童公園","秋田県大館市水門町88","40.275917","140.551521"
"秋田看護福祉大学駐車場等","秋田県大館市清水2-3-4","40.281351","140.553002"
"秋田看護福祉大学","秋田県大館市清水2-3-4","40.280911","140.553468"
"長木公民館雪沢分館","秋田県大館市雪沢字上谷地55-3","40.291303","140.690689"
"東光鉄工㈱雪沢テクノパーク体育館","秋田県大館市雪沢字蕷ケ岱256-1","40.284325","140.682402"
"下川沿公民館","秋田県大館市川口字隼人岱108-55","40.277414","140.499125"
"川口小学校","秋田県大館市川口字隼人岱108-68","40.277849","140.49662"
"川口小学校グラウンド","秋田県大館市川口字隼人岱108-68","40.277268","140.496491"
"下川沿中学校","秋田県大館市川口字隼人岱108-69","40.278436","140.497857"
"下川沿中学校グラウンド","秋田県大館市川口字隼人岱108-69","40.277646","140.498028"
"田代スポーツ公園","秋田県大館市早口字岩瀬越6-1","40.29073","140.447601"
"田代体育館（グリアス）","秋田県大館市早口字岩瀬越6-1","40.290616","140.448497"
"田代公民館岩野目分館","秋田県大館市早口字岩野目22","40.310597","140.40464"
"田代公民館本郷分館","秋田県大館市早口字上屋敷66-2","40.288253","140.428032"
"田代公民館","秋田県大館市早口字上野43-1","40.270065","140.446061"
"田代公民館早口一分館","秋田県大館市早口字上野55-8","40.272153","140.446821"
"田代公民館谷地の平分館","秋田県大館市早口字深沢岱40-4","40.279884","140.451681"
"旧岩野目小学校グラウンド","秋田県大館市早口字前田73-1","40.310321","140.405636"
"旧岩野目小学校","秋田県大館市早口字前田73-1","40.309925","140.406103"
"田代公民館大野分館","秋田県大館市早口字大野1-4","40.347988","140.388676"
"田代老人福祉センター","秋田県大館市早口字堤ノ沢4","40.276758","140.446557"
"田代公民館大野分館体育館","秋田県大館市早口字墓所岱65-3","40.3478","140.387971"
"鳳町児童公園","秋田県大館市大茂内字清水田49-1","40.290297","140.59336"
"上川沿公民館","秋田県大館市池内字大出135","40.24346","140.57308"
"中道児童公園","秋田県大館市中道1-13","40.284532","140.555867"
"中道南児童公園","秋田県大館市中道2-73-2","40.281346","140.557577"
"はやぐち児童館","秋田県大館市長坂字坂地13-1","40.271529","140.436839"
"早口小学校","秋田県大館市長坂字坂地岱12","40.271285","140.432905"
"早口小学校グラウンド","秋田県大館市長坂字坂地岱12","40.270614","140.433152"
"田代公民館早口二分館","秋田県大館市長坂字宝田岱33-5","40.269984","140.432252"
"大館少年自然の家","秋田県大館市東字岩神沢31","40.27347","140.591109"
"二井田公民館","秋田県大館市二井田字高村1","40.237965","140.551603"
"南中学校グラウンド","秋田県大館市二井田字小石台20","40.24689","140.524298"
"南中学校","秋田県大館市二井田字小石台20","40.247667","140.523035"
"二井田陸上競技場","秋田県大館市二井田字中台15-1","40.236917","140.542575"
"二井田保育所","秋田県大館市二井田字贄ノ里190","40.237858","140.551976"
"矢立小学校グラウンド","秋田県大館市白沢字白沢1149","40.34226","140.586543"
"旧矢立中学校グラウンド","秋田県大館市白沢字白沢1149","40.342227","140.586543"
"矢立公民館","秋田県大館市白沢字白沢1149","40.34282","140.587417"
"矢立小学校","秋田県大館市白沢字白沢1149","40.343069","140.586937"
"粕田沢農林業多目的研修集会施設","秋田県大館市粕田字中羽立156","40.344514","140.580762"
"二井田公民館麓西分館","秋田県大館市比内前田字下前田8","40.230718","140.509886"
"西館児童館","秋田県大館市比内町笹館字前田野73","40.209326","140.564372"
"西館小学校","秋田県大館市比内町笹館字前田野77","40.21124","140.563693"
"西館小学校グラウンド","秋田県大館市比内町笹館字前田野77","40.211895","140.563365"
"西館保育園","秋田県大館市比内町笹館字前田野79-1","40.211954","140.562335"
"比内児童館","秋田県大館市比内町扇田字伊勢堂岱178","40.225488","140.584453"
"比内グラウンド","秋田県大館市比内町扇田字伊勢堂岱１７８－１外","40.224909","140.584867"
"扇田保育園北側広場","秋田県大館市比内町扇田字庚申岱1","40.225478","140.583735"
"比内体育館","秋田県大館市比内町扇田字庚申岱34-2","40.224467","140.583866"
"扇田保育園南側駐車場","秋田県大館市比内町扇田字庚申岱4-6","40.225183","140.58358"
"比内公民館","秋田県大館市比内町扇田字庚申岱8","40.224029","140.583522"
"比内中学校グラウンド","秋田県大館市比内町扇田字新館野中岱12","40.21284","140.590249"
"比内中学校","秋田県大館市比内町扇田字新館野中岱12","40.212176","140.589085"
"扇田保育園","秋田県大館市比内町扇田字町後13-8","40.226206","140.583144"
"扇田ふれあい公園","秋田県大館市比内町扇田字南扇田36-2","40.226482","140.582368"
"扇田小学校","秋田県大館市比内町扇田字白砂131","40.226191","140.579599"
"扇田小学校グラウンド","秋田県大館市比内町扇田字白砂131","40.225843","140.57928"
"旧大葛小学校グラウンド","秋田県大館市比内町大葛字休間内沢口22","40.134403","140.658253"
"旧大葛小学校体育館","秋田県大館市比内町大葛字休間内沢口22","40.134984","140.658461"
"高齢者・若者センター（比内公民館大葛分館）","秋田県大館市比内町大葛字大葛家後74-3","40.129921","140.667456"
"構造改善センター（比内公民館西館分館）","秋田県大館市比内町達子字曲谷地62-7","40.211761","140.565045"
"比内支援学校グラウンド","秋田県大館市比内町達子字前田野1-2","40.217333","140.56431"
"比内支援学校","秋田県大館市比内町達子字前田野1-2","40.216386","140.564306"
"達子森公園","秋田県大館市比内町達子字前田野39","40.221907","140.565463"
"比内公民館三岳分館","秋田県大館市比内町中野字上客路橋7-17","40.178133","140.594171"
"比内公民館東館分館","秋田県大館市比内町独鈷字小館下18-2","40.192454","140.604208"
"東館保育園","秋田県大館市比内町独鈷字独鈷11","40.192577","140.603667"
"東館小学校","秋田県大館市比内町独鈷字独鈷90","40.192132","140.600513"
"東館小学校グラウンド","秋田県大館市比内町独鈷字独鈷90","40.19297","140.600041"
"小泉交流センター","秋田県大館市比内町白沢水沢字水沢25-2","40.188752","140.513752"
"比内公民館八木橋分館","秋田県大館市比内町八木橋字畠沢岱16","40.2066","140.535158"
"比内公民館味噌内分館","秋田県大館市比内町味噌内字鬼ケ沢10","40.202479","140.608949"
"古片山下街区公園","秋田県大館市美園町180-1","40.27199","140.550769"
"狐台児童公園","秋田県大館市柄沢字狐台2-107","40.257594","140.574146"
"大館鳳鳴高等学校定時制桜楯館","秋田県大館市柄沢字狐台52-2","40.25852","140.572439"
"大館鳳鳴高等学校定時制桜楯館グラウンド","秋田県大館市柄沢字狐台52-2","40.259085","140.572168"
"大館桂桜高等学校","秋田県大館市片山町3-10-43","40.275957","140.529311"
"大館桂桜高等学校グラウンド","秋田県大館市片山町3-10-43","40.275989","140.529328"
"片山三丁目児童公園","秋田県大館市片山町3-26","40.27674","140.53484"
"大館労働福祉会館","秋田県大館市豊町2-37","40.274289","140.556426"
"第一中学校グラウンド","秋田県大館市北神明町10-1","40.267063","140.548469"
"第一中学校","秋田県大館市北神明町10-1","40.267787","140.548592"
"神明児童公園","秋田県大館市北神明町269-1","40.266974","140.550105"
"二ツ山総合公園","秋田県大館市餅田１－１２９外","40.277432","140.525822"
"有浦保育園","秋田県大館市有浦1-7-38","40.283795","140.566465"
"北地区コミュニティセンター本館","秋田県大館市有浦1-8-15","40.285206","140.565804"
"有浦児童会館分館","秋田県大館市有浦1-8-33","40.284749","140.565918"
"有浦児童会館","秋田県大館市有浦4-6-43","40.283609","140.568917"
"有浦小学校グラウンド","秋田県大館市有浦4-6-55","40.284195","140.568578"
"有浦小学校","秋田県大館市有浦4-6-55","40.284448","140.567912"
"東中学校","秋田県大館市有浦5-2-8","40.282828","140.569523"
"東中学校グラウンド","秋田県大館市有浦5-2-8","40.282335","140.569547"
"有浦児童公園","秋田県大館市有浦6-49","40.280866","140.568018"
"大場台集落会館","秋田県大仙市円行寺字大場台38-2","39.47739","140.323824"
"中仙公民館鴬野分館グラウンド","秋田県大仙市下鴬野字上村1","39.569856","140.56052"
"角間川児童公園","秋田県大仙市角間川町字四上町地内","39.402616","140.483768"
"角間川小学校グラウンド","秋田県大仙市角間川町字大浦町99","39.404435","140.485109"
"大綱交流館駐車場","秋田県大仙市刈和野字愛宕下24-1","39.544459","140.375914"
"大佐沢公園","秋田県大仙市刈和野字山堂ヶ沢２－１外","39.554492","140.380448"
"西仙北スポーツセンター内公園","秋田県大仙市刈和野字小野17-1","39.551239","140.372988"
"西仙北小学校グラウンド","秋田県大仙市刈和野字上ノ台322","39.550493","140.380134"
"西仙北中学校グラウンド","秋田県大仙市刈和野字田中蟻塚12","39.550386","140.38915"
"秋田県立西仙北高等学校グラウンド","秋田県大仙市刈和野字北ノ沢嶋山5-1","39.555904","140.376083"
"旧稲沢小学校グラウンド","秋田県大仙市協和稲沢字堤ヶ沢出口6","39.615061","140.436747"
"下淀川グラウンド","秋田県大仙市協和下淀川字車田29-2","39.552649","140.257535"
"協和小学校グラウンド","秋田県大仙市協和境字岸舘37","39.610466","140.328131"
"協和支所駐車場","秋田県大仙市協和境字野田4-2","39.616294","140.320422"
"旧協和給食センター駐車場","秋田県大仙市協和荒川字下谷地10","39.609859","140.340389"
"道の駅協和駐車場","秋田県大仙市協和荒川字新田表15-2","39.618473","140.362443"
"大盛館駐車場","秋田県大仙市協和荒川字川前9-1","39.631825","140.40052"
"旧小種小学校グラウンド","秋田県大仙市協和小種字中台15-4","39.527141","140.267437"
"船岡共学館","秋田県大仙市協和船岡字下中野159-2","39.646366","140.327366"
"宇津野農村公園","秋田県大仙市協和船岡字上宇津野278-2","39.659987","140.349673"
"協和スキー場駐車場","秋田県大仙市協和船岡字上庄内71-1","39.681242","140.392966"
"協和市民センター和ピア駐車場","秋田県大仙市協和船岡字大袋1-7","39.621756","140.315793"
"特別養護老人ホーム　峰山荘駐車場","秋田県大仙市協和中淀川字中村12-2","39.575162","140.258562"
"中淀川緑地広場","秋田県大仙市協和中淀川字鳥屋野24","39.580587","140.278185"
"峰吉川駅前広場","秋田県大仙市協和峰吉川字半仙64-21","39.56684","140.323269"
"強首地区多目的研修施設","秋田県大仙市強首字上野台1","39.548704","140.300585"
"旧双葉小学校グラウンド","秋田県大仙市強首字上野台1-2","39.548001","140.298375"
"西仙北緑地運動広場","秋田県大仙市強首字上野台23-22","39.542451","140.324958"
"大仙市ドライバー休憩施設駐車場（西仙北ＩＣ）","秋田県大仙市強首字上野台25","39.540596","140.326532"
"旧西仙北西中学校グラウンド","秋田県大仙市強首字上野台92-1","39.532416","140.306442"
"しあわせ公園","秋田県大仙市幸町","39.470912","140.480799"
"高梨小学校グラウンド","秋田県大仙市高梨字新屋敷1","39.457053","140.522027"
"さるびや児童公園","秋田県大仙市佐野町地内","39.470284","140.47061"
"四ツ屋小学校グラウンド","秋田県大仙市四ツ屋字下古道81","39.493281","140.500376"
"松倉農村広場","秋田県大仙市四ツ屋字小又35-1","39.513956","140.477502"
"大曲中学校グラウンド","秋田県大仙市若竹町7-17","39.467023","140.467907"
"若竹第一児童公園","秋田県大仙市若竹町地内","39.466059","140.468868"
"神岡中央公園","秋田県大仙市神宮寺","39.496125","140.416293"
"平和中学校グラウンド","秋田県大仙市神宮寺荒屋20","39.49787","140.418733"
"かみおか嶽雄館","秋田県大仙市神宮寺字下川原前開102","39.496392","140.413716"
"神岡小学校グラウンド","秋田県大仙市神宮寺字館ノ北29","39.491542","140.431561"
"中川原グラウンド","秋田県大仙市神宮寺字吉貝人着","39.486056","140.423985"
"笹倉公園","秋田県大仙市神宮寺字笹倉1-2","39.517159","140.444281"
"太平健康広場","秋田県大仙市神宮寺字鶴ヶ沢出口50-1","39.503169","140.447009"
"八石太平台","秋田県大仙市神宮寺字萩の台151-5","39.52051","140.399199"
"二タ子沢農村公園","秋田県大仙市神宮寺字八石上高野56-1","39.512466","140.417717"
"清水小学校グラウンド","秋田県大仙市清水字上大蔵86","39.517871","140.555329"
"花館小学校グラウンド","秋田県大仙市泉町地内","39.473632","140.460444"
"太田南小学校グラウンド","秋田県大仙市太田町横沢字窪関南298","39.50846","140.596826"
"太田球場","秋田県大仙市太田町横沢字堤田350","39.505579","140.604786"
"太田北小学校グラウンド","秋田県大仙市太田町国見字国見田115","39.528853","140.5835"
"太田東小学校グラウンド","秋田県大仙市太田町斉内字高野1-93","39.526428","140.629364"
"太田東部地区公園（墓地公園）","秋田県大仙市太田町川口字北千本野1-57","39.50793","140.62854"
"太田ふれあいの里（グラウンド・ゴルフ場）","秋田県大仙市太田町太田","39.505678","140.653023"
"太田中学校グラウンド","秋田県大仙市太田町太田字新田田尻76","39.51437","140.598778"
"太田東今泉緑地広場（敬愛館）","秋田県大仙市太田町東今泉字大信田472-6","39.516604","140.632467"
"大曲駅東広場","秋田県大仙市大花町13","39.466981","140.479104"
"大花児童公園","秋田県大仙市大花町地内","39.465064","140.483242"
"大曲小学校グラウンド","秋田県大仙市大曲花園町4-88","39.455202","140.475495"
"花園児童公園","秋田県大仙市大曲花園町地内","39.456098","140.473973"
"八幡児童公園","秋田県大仙市大曲丸の内町地内","39.462059","140.474137"
"秋田県立大曲農業高等学校グラウンド","秋田県大仙市大曲金谷町26-9","39.448175","140.473422"
"蓮沼第一児童公園","秋田県大仙市大曲金谷町地内","39.451646","140.473419"
"戸巻町児童公園","秋田県大仙市大曲戸巻町地内","39.456983","140.491403"
"大曲黒瀬街区公園","秋田県大仙市大曲黒瀬町地内","39.461584","140.482621"
"東大曲小学校グラウンド","秋田県大仙市大曲字下高畑81","39.447408","140.494797"
"秋田県立大曲工業高等学校グラウンド","秋田県大仙市大曲若葉町3-17","39.450824","140.489622"
"住吉町児童公園","秋田県大仙市大曲住吉町地内","39.449111","140.487137"
"須和町児童公園","秋田県大仙市大曲須和町１地内","39.45481","140.482877"
"秋田県立大曲支援学校グラウンド","秋田県大仙市大曲西根字下成沢122","39.447921","140.447809"
"大川西根小学校グラウンド","秋田県大仙市大曲西根字小館20","39.448257","140.452271"
"中央公園","秋田県大仙市大曲川原町","39.458537","140.474622"
"ねむのき児童公園","秋田県大仙市大曲通町地内","39.465412","140.477262"
"桂公園","秋田県大仙市大曲田町地内","39.451033","140.483054"
"旧大曲南保育園跡地","秋田県大仙市大曲日の出町1-27","39.445961","140.477939"
"大曲中央公民館駐車場","秋田県大仙市大曲日の出町2-447","39.449464","140.481192"
"大曲市民会館第１駐車場","秋田県大仙市大曲日の出町2-472","39.447606","140.481908"
"いちょう児童公園","秋田県大仙市大曲日の出町１ー地内","39.447717","140.477058"
"さくら児童公園","秋田県大仙市大曲日の出町１ー地内","39.444604","140.476191"
"十日市第一児童公園","秋田県大仙市大曲白金町地内","39.466201","140.472238"
"白金児童公園","秋田県大仙市大曲白金町地内","39.46487","140.471551"
"旧大沢郷小学校グラウンド","秋田県大仙市大沢郷宿字カクマ沢138-1","39.52419","140.306237"
"西仙北林業者等健康増進施設","秋田県大仙市大沢郷宿字横山59-2","39.523128","140.309211"
"あかしや児童公園","秋田県大仙市朝日町地内","39.467172","140.47479"
"道の駅なかせん駐車場","秋田県大仙市長野字高畑95-1","39.538332","140.532319"
"中仙中学校グラウンド","秋田県大仙市長野字新山5-1","39.540132","140.540755"
"西仙北農村環境改善センター","秋田県大仙市土川字刈布沢24-48","39.548791","140.402618"
"小杉山農村公園","秋田県大仙市土川字楯越1-1","39.551412","140.456331"
"辰ノ口集落会館","秋田県大仙市土川字小杉山沢ノ内古道沢山2-1","39.537247","140.435146"
"小杉山地区生涯学習センター","秋田県大仙市土川字小杉山沢ノ内焼山1-2","39.546001","140.451979"
"半道寺運動公園","秋田県大仙市土川字上雨堤1-33","39.53923","140.398768"
"西今泉農村公園","秋田県大仙市土川字大楽183-3","39.560438","140.408445"
"旧土川小学校グラウンド","秋田県大仙市土川字半道寺西野１－１１外","39.544183","140.403852"
"川港親水公園","秋田県大仙市藤木","39.407199","140.485397"
"藤木小学校グラウンド","秋田県大仙市藤木字街道下67","39.411883","140.493382"
"大曲南中学校グラウンド","秋田県大仙市藤木字上野中70-2","39.411384","140.488082"
"内小友小学校グラウンド","秋田県大仙市内小友字四ツ村35","39.419152","140.450894"
"大曲西中学校グラウンド","秋田県大仙市内小友字中沢176-1","39.438139","140.440396"
"総合公園テニスコート駐車場","秋田県大仙市内小友字中沢176-14","39.439807","140.434219"
"南外山村運動広場・運動場","秋田県大仙市南外","39.464834","140.376749"
"旧南外西小学校グラウンド","秋田県大仙市南外字下湯ノ又198-14","39.437567","140.356288"
"南外運動場","秋田県大仙市南外字上野99-1","39.440702","140.358194"
"南外中学校グラウンド・野球場","秋田県大仙市南外字赤平台野19-1","39.460341","140.370414"
"南外小学校グラウンド・駐車場","秋田県大仙市南外字田中田17","39.475014","140.390026"
"柵の湯駐車場","秋田県大仙市板見内字一ツ森149","39.472937","140.536809"
"大曲市民会館第２駐車場","秋田県大仙市飯田字屋舗通247","39.447081","140.481966"
"横堀小学校グラウンド","秋田県大仙市福田字穴沢4","39.486868","140.538507"
"真山公園","秋田県大仙市払田字真山1","39.467685","140.541978"
"旧豊岡小学校グラウンド","秋田県大仙市豊岡字中荒井野29","39.559239","140.610139"
"豊成小学校グラウンド","秋田県大仙市豊川字下水無47","39.558371","140.587389"
"ドンパン広場","秋田県大仙市北長野字茶畑地内","39.545228","140.54333"
"神岡野球場","秋田県大仙市北楢岡字向堀野2-1","39.496107","140.393086"
"神岡カントリーエレベーター","秋田県大仙市北楢岡字上龍蔵台191-1","39.523391","140.381775"
"道の駅かみおか駐車場","秋田県大仙市北楢岡字船戸","39.521361","140.376936"
"旧北神小学校グラウンド（音楽交流館）","秋田県大仙市北楢岡字嶋151","39.50651","140.388576"
"西仙北農村交流施設","秋田県大仙市北野目字堂伝野2","39.544388","140.346499"
"仙北健康広場","秋田県大仙市堀見内字元田茂木３５－１外","39.46517","140.507694"
"仙北中学校グラウンド","秋田県大仙市堀見内字西福嶋29","39.471101","140.519002"
"中仙公民館鑓見内分館広場","秋田県大仙市鑓見内字石持108","39.518456","140.517713"
"鵜木文化交流館前","秋田県男鹿市鵜木字鵜木15-3","39.968941","139.916432"
"美里小学校グラウンド","秋田県男鹿市鵜木字松木沢境90","39.979357","139.922936"
"若美総合体育館前","秋田県男鹿市鵜木字中角境36","39.968235","139.908586"
"若美総合体育館","秋田県男鹿市鵜木字中角境36","39.968927","139.90847"
"館山近隣公園","秋田県男鹿市鵜木字道村133-3","39.97335","139.915736"
"ＪＡ秋田なまはげ若美支店駐車場","秋田県男鹿市鵜木字白榎235","39.973602","139.919248"
"若美支所前","秋田県男鹿市角間崎字家ノ下452","39.963635","139.915371"
"若美コミュニティセンター","秋田県男鹿市角間崎字家ノ下54","39.963003","139.915703"
"角間崎文化振興館前","秋田県男鹿市角間崎字諏訪田77-1","39.958583","139.911251"
"角間崎地区児童遊園","秋田県男鹿市角間崎字百目木17-1","39.957817","139.91309"
"塩戸十王堂前","秋田県男鹿市戸賀塩浜字漁元崎59","39.945946","139.710467"
"戸賀コミュニティセンター","秋田県男鹿市戸賀塩浜字大水沢15-2","39.957503","139.720694"
"戸賀湾展望公園","秋田県男鹿市戸賀塩浜字壷ケ沢52","39.942091","139.706874"
"秋田県立男鹿水族館","秋田県男鹿市戸賀塩浜字壺ケ沢93","39.942173","139.704644"
"加茂集会所","秋田県男鹿市戸賀加茂青砂字鴨34-3","39.910005","139.730256"
"加茂青砂神社","秋田県男鹿市戸賀加茂青砂字倉道72-1","39.910834","139.731007"
"加茂ドライブイン駐車場","秋田県男鹿市戸賀加茂青砂字中台1-209","39.910707","139.721287"
"ホテルきららか前","秋田県男鹿市戸賀加茂青砂字中台1-466","39.91141","139.718823"
"街区公園上トチ山","秋田県男鹿市戸賀戸賀字戸賀152-8","39.962823","139.714594"
"ヨサゲの坂の上","秋田県男鹿市戸賀戸賀字戸賀204-2","39.960799","139.708837"
"新町","秋田県男鹿市戸賀戸賀字小沢45-124","39.963352","139.723163"
"浜中神社境内地上","秋田県男鹿市戸賀戸賀字平床45","39.947586","139.721325"
"浜塩谷神社境内","秋田県男鹿市戸賀浜塩谷字抜沢62","39.953159","139.72266"
"安田町内会館","秋田県男鹿市五里合琴川字浜台１９地内","39.973029","139.854056"
"旧五里合小学校グラウンド","秋田県男鹿市五里合神谷字下石27","39.981402","139.870256"
"五里合コミュニティセンター","秋田県男鹿市五里合神谷字下石27","39.982188","139.869926"
"五里合体育館前","秋田県男鹿市五里合神谷字鮫の口82","39.97706","139.872614"
"太田弥壽夫宅上","秋田県男鹿市五里合中石字南浜野3","39.985459","139.874298"
"第３駐車場","秋田県男鹿市五里合中石字南浜野8-131","39.991609","139.877807"
"第２駐車場","秋田県男鹿市五里合中石字南浜野8-147","39.990494","139.876516"
"旧五里合中学校グラウンド","秋田県男鹿市五里合箱井字三十刈150-1","39.974413","139.868896"
"琴川児童遊園","秋田県男鹿市五里合箱井字是ケ沢122-12","39.969001","139.86567"
"箱井街区公園","秋田県男鹿市五里合箱井字町屋田104","39.973023","139.873061"
"松木沢地区児童遊園","秋田県男鹿市松木沢字本内堂ノ前本内境162-1","39.984036","139.922109"
"一向街区公園","秋田県男鹿市船越字一向33-27","39.89964","139.946874"
"男鹿東中学校グラウンド","秋田県男鹿市船越字根木169","39.91216","139.923874"
"男鹿東中学校","秋田県男鹿市船越字根木169","39.913093","139.92387"
"清水組屋上","秋田県男鹿市船越字船越285","39.902682","139.952647"
"船越コミュニティセンター","秋田県男鹿市船越字船越40","39.901609","139.952584"
"前野街区公園","秋田県男鹿市船越字前野97-3","39.906211","139.929517"
"男鹿工業高等学校グラウンド","秋田県男鹿市船越字内子1-1","39.905135","139.931894"
"男鹿工業高等学校","秋田県男鹿市船越字内子1-1","39.904414","139.933573"
"内子街区公園","秋田県男鹿市船越字内子1-614","39.904057","139.928674"
"船越近隣公園","秋田県男鹿市船越字内子6-3","39.901402","139.941705"
"八郎谷地街区公園","秋田県男鹿市船越字八郎谷地37-166","39.906703","139.954257"
"船越小学校グラウンド","秋田県男鹿市船越字本町7","39.902407","139.943584"
"船越小学校","秋田県男鹿市船越字本町7","39.903049","139.944152"
"洞泉寺境内","秋田県男鹿市船川港金川字金川78","39.896037","139.856548"
"金川台街区公園","秋田県男鹿市船川港金川字金川台1-25","39.898055","139.858553"
"金川台４区方面","秋田県男鹿市船川港金川字金川台１－１地内","39.899737","139.860544"
"夏興宅","秋田県男鹿市船川港金川字上ノ山98-9","39.895068","139.853633"
"男鹿市勤労青少年ホーム前","秋田県男鹿市船川港金川字姫ケ沢150-4","39.891891","139.850157"
"サンワーク男鹿駐車場","秋田県男鹿市船川港金川字姫ケ沢158-10","39.890943","139.850077"
"樹園　養護老人ホーム前","秋田県男鹿市船川港女川字鵜ノ崎130","39.861313","139.818598"
"下長根の台地","秋田県男鹿市船川港女川字下長根16","39.865061","139.818725"
"柴崎の畑","秋田県男鹿市船川港女川字大坂台37","39.866207","139.821877"
"祥雲寺境内","秋田県男鹿市船川港女川字堂ノ前1","39.867693","139.823293"
"坂の上","秋田県男鹿市船川港女川字堂ノ前13-2","39.864967","139.820021"
"鵜の崎灯台","秋田県男鹿市船川港女川字二ツ坂7-3","39.858748","139.819434"
"ナコジャカの坂","秋田県男鹿市船川港小浜字下台17","39.86369","139.761296"
"ドノ坂の上","秋田県男鹿市船川港小浜字下台60","39.86119","139.758523"
"馬生目街区公園","秋田県男鹿市船川港仁井山字屋布台16-1","39.910085","139.840203"
"仁井山街区公園","秋田県男鹿市船川港仁井山字谷地端99-2","39.920374","139.848629"
"ＮＴＴ男鹿ビル","秋田県男鹿市船川港船川字栄町62","39.882339","139.846733"
"ＯＧＡマリンパーク","秋田県男鹿市船川港船川字海岸通り1-20","39.884507","139.856584"
"男鹿みなと市民病院","秋田県男鹿市船川港船川字海岸通り1-8-6","39.882634","139.852992"
"金川近隣公園","秋田県男鹿市船川港船川字海岸通り2-17-1","39.894395","139.856151"
"男鹿市民文化会館前","秋田県男鹿市船川港船川字海岸通り二14-5","39.892299","139.853988"
"船川港公民館前","秋田県男鹿市船川港船川字外ケ沢126-1","39.880227","139.845601"
"船川港津波避難タワー","秋田県男鹿市船川港船川字外ケ沢146","39.881046","139.848469"
"芦沢１区高台","秋田県男鹿市船川港船川字外ケ沢９１－４地内","39.881335","139.843647"
"船川第一小学校グラウンド","秋田県男鹿市船川港船川字漆畑36-1","39.890818","139.848162"
"西ケ丘街区公園","秋田県男鹿市船川港船川字小沢田146-1","39.888001","139.840664"
"道の駅おが","秋田県男鹿市船川港船川字新浜町1-19","39.882218","139.847837"
"オガルベ","秋田県男鹿市船川港船川字新浜町50","39.882907","139.847179"
"泉台街区公園","秋田県男鹿市船川港船川字泉台46-1","39.88696","139.847081"
"船川ふれあい公園","秋田県男鹿市船川港船川字大沢田","39.890956","139.843159"
"船川神明社境内","秋田県男鹿市船川港船川字鳥屋場25-1","39.885113","139.843056"
"嶺徳院境内","秋田県男鹿市船川港船川字鳥屋場86","39.883453","139.844191"
"男鹿市保健センター前","秋田県男鹿市船川港船川字片田74","39.888684","139.844039"
"館山","秋田県男鹿市船川港双六字館山118-1","39.863121","139.776252"
"ウジャカの坂","秋田県男鹿市船川港双六字小倉山154","39.864538","139.765239"
"しんめいさんの上","秋田県男鹿市船川港双六字打越37","39.866337","139.770528"
"双六街区公園","秋田県男鹿市船川港双六字打越８２－１外","39.864782","139.768615"
"わらび台","秋田県男鹿市船川港双六字蕨台95","39.864517","139.774546"
"増川八幡神社","秋田県男鹿市船川港増川字宮ノ下20","39.869785","139.827837"
"惣屋布・小田","秋田県男鹿市船川港増川字惣屋布１６－４地内","39.870398","139.830068"
"大宮・小泊","秋田県男鹿市船川港増川字大宮１７－３地内","39.869293","139.834031"
"鵜ノ崎散策道","秋田県男鹿市船川港台島字鵜ノ崎62-1","39.859896","139.808662"
"台島街区公園","秋田県男鹿市船川港台島字木戸口30","39.869218","139.79221"
"十年坂の上","秋田県男鹿市船川港台島字野竹57-1","39.867119","139.797742"
"吉祥院境内","秋田県男鹿市船川港椿字家ノ後45","39.865271","139.777631"
"船木慶一郎宅上","秋田県男鹿市船川港椿字坂ノ上70-1","39.866609","139.77956"
"旧椿小学校グラウンド","秋田県男鹿市船川港椿字中山138-3","39.868852","139.787799"
"椿コミュニティセンター","秋田県男鹿市船川港椿字東27","39.866704","139.783699"
"山の恵美子宅前","秋田県男鹿市船川港椿字東40-3","39.866634","139.784787"
"鎌田實宅","秋田県男鹿市船川港椿字東66-1","39.86784","139.782282"
"旧船川南小学校グラウンド","秋田県男鹿市船川港南平沢字越名坂1","39.879437","139.836486"
"旧船川南小学校","秋田県男鹿市船川港南平沢字越名坂1","39.878596","139.837435"
"男鹿南中学校グラウンド","秋田県男鹿市船川港南平沢字上大畑台30","39.8743","139.839635"
"男鹿海洋高等学校","秋田県男鹿市船川港南平沢字大畑台42","39.876745","139.838902"
"羽立街区公園","秋田県男鹿市船川港比詰字才の神28-1","39.900585","139.865641"
"老人ホーム寿恵園前","秋田県男鹿市船川港比詰字神明堂脇7","39.909206","139.858165"
"男鹿総合運動公園","秋田県男鹿市船川港比詰字大沢田113-1","39.910011","139.85309"
"船川北公民館グラウンド","秋田県男鹿市船川港比詰字大沢田50","39.915161","139.852099"
"男鹿市総合体育館","秋田県男鹿市船川港比詰字大沢田１１１外","39.911257","139.853773"
"旧男鹿高校グラウンド","秋田県男鹿市船川港比詰字餅ケ沢200","39.901605","139.866521"
"門前駐車場","秋田県男鹿市船川港本山門前字垂水13-153","39.864463","139.754385"
"五社堂駐車場","秋田県男鹿市船川港本山門前字祓川9-3","39.866577","139.750754"
"旧男鹿中小学校グラウンド","秋田県男鹿市男鹿中山町字家口124-2","39.942726","139.819431"
"男鹿中コミュニティセンター","秋田県男鹿市男鹿中山町字家口144-2","39.94268","139.82052"
"旧男鹿中中学校グラウンド","秋田県男鹿市男鹿中山町字小室沢100","39.948915","139.816025"
"地蔵台坂道","秋田県男鹿市男鹿中浜間口字岡杭3-1","39.960035","139.819024"
"墓所入口","秋田県男鹿市男鹿中浜間口字岡杭35","39.961176","139.825228"
"大高金幸宅前","秋田県男鹿市男鹿中浜間口字岡杭79-1","39.960175","139.824678"
"中間口坂道","秋田県男鹿市男鹿中浜間口字川上85-2","39.95852","139.823475"
"福川地区運動広場","秋田県男鹿市福川字竪石106","39.949353","139.921202"
"旧潟西中学校グラウンド","秋田県男鹿市福米沢字八卦1-1","39.998983","139.93049"
"福米沢農村公園","秋田県男鹿市福米沢字福米93-1","39.994103","139.927169"
"横長根住宅幼児遊園","秋田県男鹿市払戸字横長根89-34","39.91725","139.926627"
"潟端地区集会施設前","秋田県男鹿市払戸字小堤下千間35-1","39.941684","139.940128"
"若美南部地区運動広場","秋田県男鹿市払戸字川向3-1","39.922015","139.93784"
"若美ふれあい創明館","秋田県男鹿市払戸字川向8-1","39.922412","139.938593"
"旧払戸小学校グラウンド","秋田県男鹿市払戸字渡部22","39.937416","139.929372"
"払戸小学校グラウンド","秋田県男鹿市払戸字渡部97","39.936709","139.926036"
"払戸小学校","秋田県男鹿市払戸字渡部97","39.937473","139.926035"
"旧北磯小学校グラウンド","秋田県男鹿市北浦西黒沢字戸沢75","39.983546","139.719814"
"宝田寺境内","秋田県男鹿市北浦西黒沢字鳥の久保36-2","39.9799","139.731591"
"西水口街区公園","秋田県男鹿市北浦西水口字橇坂122-1","39.955378","139.762558"
"温泉会館五風","秋田県男鹿市北浦湯本字草木原21-2","39.973439","139.742365"
"湯本街区公園","秋田県男鹿市北浦湯本字中里84","39.974061","139.745569"
"入道崎街区公園","秋田県男鹿市北浦入道崎字家の上3-1","39.998942","139.703417"
"入道崎駐車場","秋田県男鹿市北浦入道崎字昆布浦2-3","40.0034","139.70215"
"入道崎公民館","秋田県男鹿市北浦入道崎字嶋畑80","39.999131","139.70672"
"旧男鹿北中学校グラウンド","秋田県男鹿市北浦北浦字山王林40","39.96803","139.776914"
"北浦街区公園","秋田県男鹿市北浦北浦字山王林１－１の内","39.965379","139.78174"
"北浦コミュニティセンター","秋田県男鹿市北浦北浦字杉原9-1","39.965064","139.781325"
"北浦保育園前","秋田県男鹿市北浦北浦字鍛冶屋長根52-2","39.957494","139.786052"
"北浦保育園","秋田県男鹿市北浦北浦字鍛冶屋長根52-2","39.957411","139.785881"
"新道街区公園","秋田県男鹿市北浦北浦字忍田７３地内","39.960971","139.78428"
"雲昌寺境内","秋田県男鹿市北浦北浦字北浦57","39.962259","139.780873"
"相川十王堂前","秋田県男鹿市北浦北浦字冷水106-1","39.957272","139.792174"
"北陽小学校グラウンド","秋田県男鹿市北浦北浦表町字表町19","39.965521","139.776326"
"上山（宮沢）","秋田県男鹿市野石字宮沢85-1","40.0227","139.922321"
"赤坂地区児童遊園","秋田県男鹿市野石字牛踏1-32","40.012635","139.9297"
"玉ノ池町内会館前","秋田県男鹿市野石字玉ノ池1-385","40.041209","139.942668"
"美野町内会館前","秋田県男鹿市野石字玉ノ池54","40.04655","139.934032"
"申川農村公園","秋田県男鹿市野石字苦竹台18-2","40.004908","139.899323"
"墓地（五明光）","秋田県男鹿市野石字五明光113","40.058743","139.950558"
"市の山（五明光）","秋田県男鹿市野石字五明光43-1","40.055668","139.948173"
"野石地区農村公園","秋田県男鹿市野石字才ノ神11-2","40.016577","139.924337"
"五明光地区児童遊園","秋田県男鹿市野石字山崎20-2","40.056651","139.954893"
"坂の上（五明光）","秋田県男鹿市野石字山崎22","40.056986","139.953945"
"福野農村公園","秋田県男鹿市野石字上李台102-1","39.992386","139.909725"
"石田川原地区児童遊園","秋田県男鹿市野石字石田川原170-180","40.040813","139.946172"
"若美農業者トレーニングセンター","秋田県男鹿市野石字大場沢下1-48","40.035404","139.92481"
"旧北保育所（宮沢）","秋田県男鹿市野石字大場沢台28-1","40.033089","139.925519"
"宮沢町内会館前","秋田県男鹿市野石字大沢47-1","40.025468","139.92341"
"釜谷地地区集会施設前","秋田県男鹿市野石字天山10-68","40.033973","139.932179"
"八ツ面農村公園","秋田県男鹿市野石字東下八ツ面69","40.00519","139.913451"
"柳原地区集会施設前","秋田県男鹿市野石字柳原200","40.039673","139.946056"
"八ッ面朋友館","秋田県男鹿市野石字箒台36","40.007583","139.915619"
"旧脇本第二小学校グラウンド","秋田県男鹿市脇本樽沢字刈沢156","39.935307","139.903453"
"大倉街区公園","秋田県男鹿市脇本富永字大倉71","39.918378","139.899631"
"萬境寺境内","秋田県男鹿市脇本脇本字横町道上167","39.905562","139.895843"
"本明寺境内","秋田県男鹿市脇本脇本字横町道上203","39.904234","139.893559"
"脇本第一小学校グラウンド","秋田県男鹿市脇本脇本字上野1-1","39.908628","139.898782"
"脇本近隣公園","秋田県男鹿市脇本脇本字前野7","39.911789","139.908133"
"脇本コミュニティセンター","秋田県男鹿市脇本脇本字前野8","39.912455","139.90853"
"脇本街区公園","秋田県男鹿市脇本脇本字脇本149-21","39.902822","139.903523"
"城下農村公園","秋田県東成瀬村岩井川字城下96-1","39.173708","140.710876"
"旧矢櫃グラウンド","秋田県東成瀬村岩井川字矢櫃","39.17399","140.713638"
"手倉農村公園","秋田県東成瀬村椿川字中村120-1","39.158507","140.711102"
"東成瀬村多目的グラウンド","秋田県東成瀬村田子内字宮田114-1","39.180871","140.649829"
"総合グラウンド","秋田県東成瀬村田子内字上林1-1","39.177351","140.653793"
"野球場","秋田県東成瀬村田子内字上林20","39.177343","140.656168"
"平良農村公園","秋田県東成瀬村田子内字二階野77-1","39.181648","140.659218"
"旧稲庭小学校（グラウンド）","秋田県湯沢市稲庭町字琵琶倉24","39.105153","140.585825"
"旧稲庭小学校（体育館）","秋田県湯沢市稲庭町字琵琶倉24","39.104918","140.584957"
"横堀交流センター（体育館）","秋田県湯沢市横堀字小田中5-2","39.061399","140.451723"
"雄勝中学校（グラウンド）","秋田県湯沢市横堀字板橋5","39.054153","140.448036"
"雄心館","秋田県湯沢市横堀字板橋5","39.055545","140.449388"
"雄勝小学校（体育館）","秋田県湯沢市横堀字板橋5","39.055003","140.450412"
"雄勝小学校（グラウンド）","秋田県湯沢市横堀字板橋5","39.055941","140.450122"
"雄勝中学校（体育館）","秋田県湯沢市横堀字板橋5","39.054666","140.449157"
"旧院内小学校（体育館）","秋田県湯沢市下院内字笈形町73-1","39.05241","140.419889"
"旧院内小学校（グラウンド）","秋田県湯沢市下院内字笈形町73-1","39.05219","140.419326"
"皆瀬中学校（体育館）","秋田県湯沢市皆瀬字下菅生24-1","39.078095","140.590415"
"皆瀬小学校（グラウンド）","秋田県湯沢市皆瀬字下菅生27","39.077775","140.590989"
"皆瀬小学校（体育館）","秋田県湯沢市皆瀬字下菅生27","39.07757","140.590361"
"小安峡見晴らし広場","秋田県湯沢市皆瀬字坂ノ上3-2","39.021088","140.651533"
"皆瀬休養施設駐車場","秋田県湯沢市皆瀬字小湯ノ上79-3","39.001536","140.669999"
"市営皆瀬野球場","秋田県湯沢市皆瀬字上小保内3","39.052546","140.629739"
"皆瀬体育館","秋田県湯沢市皆瀬字沢梨台107-1","39.075552","140.586138"
"関口街区公園","秋田県湯沢市関口字関口地内","39.137387","140.489141"
"旧三関小学校（体育館）","秋田県湯沢市関口字堀量68","39.133089","140.485956"
"旧三関小学校（グラウンド）","秋田県湯沢市関口字堀量68","39.133464","140.486658"
"岩崎街区公園","秋田県湯沢市岩崎字岩崎地内","39.203435","140.510008"
"ふるさとふれあいセンター","秋田県湯沢市岩崎字寝連沢9-4","39.200504","140.5072"
"幡野地区センター","秋田県湯沢市金谷字樋口123","39.187327","140.463835"
"旧駒形小学校（グラウンド）","秋田県湯沢市駒形町字三又前田面47-4","39.176616","140.556775"
"旧駒形小学校（体育館）","秋田県湯沢市駒形町字三又前田面47-4","39.176824","140.555831"
"元清水東街区公園","秋田県湯沢市元清水１地内","39.168957","140.485597"
"元清水西街区公園","秋田県湯沢市元清水２地内","39.169269","140.482169"
"古館街区公園","秋田県湯沢市古館町地内","39.171631","140.489521"
"高松地区センター（グラウンド）","秋田県湯沢市高松字上地6-2","39.065802","140.531018"
"高松地区センター（体育館）","秋田県湯沢市高松字上地6-2","39.065269","140.531436"
"稲川中学校（体育館）","秋田県湯沢市三梨町字間明田140","39.144201","140.572243"
"稲川中学校（グラウンド）","秋田県湯沢市三梨町字間明田140","39.144812","140.573268"
"旧三梨小学校（グラウンド）","秋田県湯沢市三梨町字清水小屋244","39.135881","140.567152"
"旧三梨小学校（体育館）","秋田県湯沢市三梨町字清水小屋244","39.135244","140.567511"
"山田中学校（体育館）","秋田県湯沢市山田字下館10","39.151228","140.463638"
"山田中学校（グラウンド）","秋田県湯沢市山田字下館10","39.151873","140.464202"
"山田小学校（グラウンド）","秋田県湯沢市山田字土生原52","39.151479","140.457374"
"山田小学校（体育館）","秋田県湯沢市山田字土生原52","39.151932","140.456162"
"ヘルシーパーク","秋田県湯沢市字沖鶴110","39.174823","140.480389"
"総合体育館","秋田県湯沢市字沖鶴140","39.174545","140.479147"
"文化交流センター","秋田県湯沢市字沖鶴69-5","39.173081","140.481172"
"湯沢西小学校（グラウンド）","秋田県湯沢市字万石26","39.155074","140.485837"
"湯沢西小学校（体育館）","秋田県湯沢市字万石26","39.156293","140.485864"
"寺沢街区公園","秋田県湯沢市若葉町地内","39.146373","140.488901"
"旧中山小学校（体育館）","秋田県湯沢市秋ノ宮字中山222","38.982307","140.488037"
"雄勝スポーツセンター（体育館）","秋田県湯沢市秋ノ宮字中島365","39.011207","140.459758"
"雄勝スポーツセンター（グラウンド）","秋田県湯沢市秋ノ宮字中島365","39.011874","140.459109"
"小町の郷公園","秋田県湯沢市小野字橋本90","39.066439","140.459871"
"小野地区センター（グラウンド）","秋田県湯沢市小野字油屋敷15","39.080692","140.466777"
"小野地区センター（体育館）","秋田県湯沢市小野字油屋敷15","39.081104","140.467871"
"杉沢街区公園","秋田県湯沢市杉沢字野々沢地内","39.182628","140.498611"
"湯沢東小学校（グラウンド）","秋田県湯沢市杉沢新所字八斗場33","39.183038","140.487"
"湯沢北中学校（グラウンド）","秋田県湯沢市杉沢新所字八斗場33","39.183977","140.488443"
"湯沢東小学校（体育館）","秋田県湯沢市杉沢新所字八斗場33","39.18238","140.487869"
"湯沢北中学校（体育館）","秋田県湯沢市杉沢新所字八斗場33","39.182323","140.487929"
"新所街区公園","秋田県湯沢市杉沢新所字八幡山地内","39.17843","140.496301"
"成沢街区公園","秋田県湯沢市成沢字堤端地内","39.194476","140.504226"
"西新町街区公園","秋田県湯沢市清水町１地内","39.164867","140.486198"
"清水町街区公園","秋田県湯沢市清水町４地内","39.165483","140.482944"
"中川原南街区公園","秋田県湯沢市清水町５地内","39.164961","140.47752"
"松沢街区公園","秋田県湯沢市西愛宕町1","39.149015","140.489371"
"旧湯沢テニスコート","秋田県湯沢市千石町2-355-2","39.155182","140.487697"
"石名塚街区公園","秋田県湯沢市千石町2-4","39.156556","140.486812"
"南部文化交流センター","秋田県湯沢市千石町2-4-8","39.156149","140.486755"
"西松沢街区公園","秋田県湯沢市千石町3-5","39.151838","140.48696"
"稲川体育館","秋田県湯沢市川連町字上平城120","39.149549","140.573059"
"稲川体育館駐車場","秋田県湯沢市川連町字上平城120","39.149613","140.572389"
"稲川農村環境改善センター","秋田県湯沢市川連町字上平城120","39.150114","140.57297"
"稲川小学校（体育館）","秋田県湯沢市川連町字道下86","39.153981","140.566531"
"稲川小学校（グラウンド）","秋田県湯沢市川連町字道下86","39.153083","140.566494"
"旧須川小学校（体育館）","秋田県湯沢市相川字須川119-7","39.092172","140.479039"
"旧須川小学校（グラウンド）","秋田県湯沢市相川字須川119-7","39.091451","140.479962"
"西田町街区公園","秋田県湯沢市田町2-3","39.158682","140.490248"
"秋田県立湯沢翔北高等学校（グラウンド）","秋田県湯沢市湯ノ原2-1-1","39.167951","140.498317"
"秋田県立湯沢翔北高等学校（体育館）","秋田県湯沢市湯ノ原2-1-1","39.16807","140.497107"
"湯沢南中学校（グラウンド）","秋田県湯沢市南台6-1","39.143744","140.487377"
"湯沢南中学校（体育館）","秋田県湯沢市南台6-1","39.143074","140.487914"
"平清水街区公園","秋田県湯沢市表町4-7","39.168593","140.488428"
"藤里保育園","秋田県藤里町藤琴字三ツ谷脇38-1","40.282409","140.261728"
"旧坊中小学校グラウンド","秋田県藤里町藤琴字上坊中86","40.306281","140.284576"
"藤里学園グラウンド","秋田県藤里町藤琴字鳥谷場218-1","40.271705","140.264115"
"藤里幼稚園","秋田県藤里町藤琴字鳥谷場223","40.27221","140.262806"
"旧藤里中学校グラウンド","秋田県藤里町藤琴草刈野137","40.280115","140.254516"
"旧米田小学校グラウンド","秋田県藤里町粕毛字米田67","40.309427","140.232711"
"栄町街区公園","秋田県能代市栄町274","40.205606","140.023829"
"能代南中学校","秋田県能代市河戸川字中野241","40.175616","140.029007"
"能代南中学校グラウンド","秋田県能代市河戸川字中野241","40.175071","140.029366"
"南地域センター","秋田県能代市河戸川字南後田134-1","40.175493","140.027662"
"花園街区公園","秋田県能代市花園町1","40.202694","140.024087"
"井坂街区公園","秋田県能代市御指南町２４外","40.211069","140.036514"
"東雲中学校","秋田県能代市向能代字トトメキ106-1","40.22533","140.042723"
"東雲中学校グラウンド","秋田県能代市向能代字トトメキ106-1","40.224916","140.044472"
"向能代小学校グラウンド","秋田県能代市向能代字上野越25-1","40.223091","140.036945"
"向能代小学校","秋田県能代市向能代字上野越25-1","40.223689","140.037042"
"向能代地域センター","秋田県能代市向能代字上野越83-1","40.221892","140.035225"
"広域交流センター","秋田県能代市字海詠坂3-2","40.188961","140.009558"
"能代高等学校","秋田県能代市字高塙2-1","40.182657","140.048353"
"能代高等学校グラウンド","秋田県能代市字高塙2-1","40.182862","140.047042"
"大瀬街区公園","秋田県能代市字大瀬儘下21-7","40.189051","140.035412"
"旧鶴形小学校グラウンド","秋田県能代市字町後16","40.204708","140.11898"
"鶴形地域拠点施設","秋田県能代市字町後16","40.204905","140.11839"
"第四小学校グラウンド","秋田県能代市字藤山3","40.188178","140.031125"
"第四小学校","秋田県能代市字藤山3","40.187538","140.031449"
"おとも苑","秋田県能代市字腹鞁ノ沢19-10","40.178431","140.077447"
"能代第二中学校グラウンド","秋田県能代市字豊祥岱1-46","40.194309","140.03124"
"能代第二中学校","秋田県能代市字豊祥岱1-46","40.193829","140.030561"
"渟城南小学校グラウンド","秋田県能代市若松町2-24","40.20499","140.028747"
"渟城南小学校","秋田県能代市若松町2-24","40.205727","140.028924"
"出戸街区公園","秋田県能代市出戸本町187","40.199442","140.025128"
"出戸小街区公園","秋田県能代市出戸本町248","40.197967","140.02656"
"昭南町街区公園","秋田県能代市昭南町113","40.203826","140.02039"
"能代ふれあいプラザ","秋田県能代市上町12-32","40.212706","140.030758"
"中央近隣公園","秋田県能代市上町152","40.211645","140.025459"
"常盤地域センター","秋田県能代市常盤字堂回90","40.225316","140.137561"
"旧常盤中学校","秋田県能代市常盤字堂回90","40.225663","140.137672"
"旧常盤小学校","秋田県能代市常盤字堂回90","40.225465","140.137747"
"旧常盤中学校グラウンド","秋田県能代市常盤字堂回90","40.224431","140.137658"
"旧常盤小学校グラウンド","秋田県能代市常盤字堂回90","40.225352","140.138576"
"能代公園","秋田県能代市清助町２５外","40.21262","140.018707"
"出戸町街区公園","秋田県能代市西通町172","40.208092","140.022841"
"能代東中学校","秋田県能代市扇田字東扇田251-1","40.188025","140.09325"
"能代東中学校グラウンド","秋田県能代市扇田字東扇田251-1","40.187755","140.09473"
"扇淵地域センター","秋田県能代市扇田字道地155-1","40.194227","140.088764"
"浅内小学校","秋田県能代市浅内字上ノ山236","40.159977","140.022259"
"浅内小学校グラウンド","秋田県能代市浅内字上ノ山236","40.160978","140.02175"
"能代市総合体育館","秋田県能代市大町9-53","40.216268","140.026636"
"大町街区公園","秋田県能代市大町１４８－２外","40.214038","140.027209"
"旧竹生小学校","秋田県能代市竹生字竹生18-1","40.257895","140.039333"
"旧竹生小学校グラウンド","秋田県能代市竹生字竹生18-1","40.257813","140.038045"
"旧能代北高等学校跡地","秋田県能代市追分町1-36","40.205131","140.030348"
"中央公民館広場","秋田県能代市追分町4-26","40.2026","140.029022"
"文化会館","秋田県能代市追分町4-26","40.202666","140.028335"
"勤労青少年ホーム","秋田県能代市追分町4-26","40.202797","140.029301"
"荷上場体育館","秋田県能代市二ツ井町荷上場字鍋良子出口1-1","40.218896","140.245286"
"二ツ井公民館荷上場分館","秋田県能代市二ツ井町荷上場字鍋良子出口1-1","40.219093","140.245613"
"きみまち子ども園","秋田県能代市二ツ井町荷上場字鍋良子出口15-1","40.217698","140.24542"
"桜づつみ公園","秋田県能代市二ツ井町荷上場米代川右岸","40.213625","140.246424"
"苅又石地区集会所","秋田県能代市二ツ井町苅又石字大沢掛112-1","40.179812","140.195463"
"駒形部落集会所","秋田県能代市二ツ井町駒形字出口115-2","40.216022","140.182295"
"矢崎集会所","秋田県能代市二ツ井町駒形字矢崎無","40.213676","140.170651"
"ニツ井中学校","秋田県能代市二ツ井町字下野76-2","40.206025","140.236139"
"ニツ井中学校グラウンド","秋田県能代市二ツ井町字下野76-2","40.205484","140.235087"
"ニツ井公民館","秋田県能代市二ツ井町字下野家後49","40.207339","140.238748"
"ニツ井児童館","秋田県能代市二ツ井町字下野家後82-2","40.208606","140.237794"
"ニツ井子ども園","秋田県能代市二ツ井町字下野川端2-1","40.204123","140.23632"
"旧ニツ井小学校グラウンド","秋田県能代市二ツ井町字滑良子川端40-1","40.211081","140.243672"
"能代高等学校定時制課程グラウンド","秋田県能代市二ツ井町字五千苅20-1","40.215436","140.241344"
"能代高等学校定時制課程","秋田県能代市二ツ井町字五千苅20-1","40.214635","140.240571"
"ニツ井公民館ニツ井分館","秋田県能代市二ツ井町字三千苅3-3","40.211553","140.240308"
"ニツ井伝承ホール","秋田県能代市二ツ井町字上台1-1","40.205512","140.232667"
"ニツ井小学校","秋田県能代市二ツ井町字上台25-1","40.203375","140.230233"
"ニツ井小学校グラウンド","秋田県能代市二ツ井町字上台25-1","40.203971","140.231475"
"ニツ井町総合体育館","秋田県能代市二ツ井町字上台60","40.204013","140.233707"
"二ツ井球場","秋田県能代市二ツ井町字稗川原113","40.197955","140.224383"
"旧種梅小学校グラウンド","秋田県能代市二ツ井町種15-1","40.235932","140.216607"
"旧種梅小学校","秋田県能代市二ツ井町種字下樋ノ口15-1","40.236194","140.217481"
"種梅ふるさとの家","秋田県能代市二ツ井町種字下樋ノ口167","40.236356","140.21618"
"外面部落集会所（児童館）","秋田県能代市二ツ井町種字外面29-1","40.213546","140.210583"
"鎌谷公民館","秋田県能代市二ツ井町種字鎌谷沢出口無-","40.225349","140.203023"
"種公民館","秋田県能代市二ツ井町種字熊野堂前145-2","40.225979","140.219607"
"鬼神公民館","秋田県能代市二ツ井町小掛字堰根台22-1","40.174057","140.227856"
"小掛部落会館","秋田県能代市二ツ井町小掛字下田表2","40.179171","140.220367"
"小繋会館","秋田県能代市二ツ井町小繋字神明社下22-1","40.211769","140.260619"
"道の駅ふたつい","秋田県能代市二ツ井町小繋字泉51","40.216158","140.259597"
"旧天神小学校","秋田県能代市二ツ井町小繋字天神道上38-1","40.203393","140.259009"
"旧天神小学校グラウンド","秋田県能代市二ツ井町小繋字天神道上38-1","40.203168","140.258798"
"仁鮒部落集会所","秋田県能代市二ツ井町仁鮒字家後無","40.191767","140.228308"
"杉ホールひびき","秋田県能代市二ツ井町仁鮒字後山38-2","40.19224","140.229238"
"旧仁鮒小学校","秋田県能代市二ツ井町仁鮒字後山52-1","40.1914","140.229991"
"旧仁鮒小学校グラウンド","秋田県能代市二ツ井町仁鮒字後山52-1","40.191159","140.230876"
"中台自治会館","秋田県能代市二ツ井町仁鮒字中台無","40.196238","140.234864"
"切石老人集会所","秋田県能代市二ツ井町切石字山根61-1","40.19983","140.211916"
"切石コミュニティセンター","秋田県能代市二ツ井町切石字山根64-4","40.20019","140.2106"
"旧切石小学校グラウンド","秋田県能代市二ツ井町切石字大倉175","40.200961","140.209315"
"ニツ井公民館濁川分館","秋田県能代市二ツ井町濁川字濁川145-1","40.10981","140.200388"
"本田代集会所","秋田県能代市二ツ井町田代字胡麻木岱73-3","40.121201","140.228926"
"田代上部落集会所","秋田県能代市二ツ井町田代字水沢無","40.096074","140.237085"
"田代生活改善センター","秋田県能代市二ツ井町田代字泥ノ木岱122-1","40.110732","140.227306"
"旧田代小学校グラウンド","秋田県能代市二ツ井町田代字泥ノ木岱212","40.10982","140.228872"
"梅内聚落会館","秋田県能代市二ツ井町梅内字前田160","40.238256","140.213064"
"大畑公民館","秋田県能代市二ツ井町梅内字大畑無","40.28303","140.188681"
"馬子岱集会所","秋田県能代市二ツ井町梅内字馬子岱48-1","40.264118","140.192568"
"悪戸集落営農センター","秋田県能代市二ツ井町梅内字白岩新田無","40.230132","140.196163"
"田ノ沢生活改善センター","秋田県能代市二ツ井町梅内字様の下96-3","40.250465","140.196575"
"大渕泥ノ木部落公民館","秋田県能代市二ツ井町梅内来万無-","40.257195","140.192239"
"羽立部落会館","秋田県能代市二ツ井町飛根字羽立169","40.218311","140.158058"
"羽立新田部落集会所","秋田県能代市二ツ井町飛根字羽立新田無","40.221938","140.145789"
"旧富根小学校グラウンド","秋田県能代市二ツ井町飛根字高清水304","40.219367","140.165636"
"旧富根小学校","秋田県能代市二ツ井町飛根字高清水304","40.219744","140.16554"
"ブナの森ふれあい伝承館","秋田県能代市二ツ井町飛根字高清水391","40.218349","140.166269"
"大林部落集会所","秋田県能代市二ツ井町飛根字大林無","40.223152","140.189977"
"昭和新田部落集会所","秋田県能代市二ツ井町飛根字中道下悪戸無","40.219908","140.141775"
"富田公民館","秋田県能代市二ツ井町飛根字富田無","40.230222","140.174049"
"下田平集会所","秋田県能代市二ツ井町麻生字綱前54","40.204655","140.27866"
"麻生会館","秋田県能代市二ツ井町麻生字麻生46-1","40.20295","140.26555"
"渟城西小学校","秋田県能代市盤若町2-1","40.210113","140.021446"
"渟城西小学校グラウンド","秋田県能代市盤若町2-1","40.209675","140.019965"
"能代科学技術高等学校","秋田県能代市盤若町3-1","40.210773","140.020194"
"能代第一中学校","秋田県能代市盤若町8-11","40.212557","140.015692"
"能代第一中学校グラウンド","秋田県能代市盤若町8-11","40.212905","140.015563"
"富町小街区公園","秋田県能代市富町193","40.210781","140.030309"
"富町街区公園","秋田県能代市富町197","40.211334","140.030336"
"母体会館","秋田県能代市母体字樋ノ口6-5","40.170043","140.133281"
"旧朴瀬小学校グラウンド","秋田県能代市朴瀬字二林台65-1","40.21173","140.084787"
"旧朴瀬小学校","秋田県能代市朴瀬字二林台65-1","40.211926","140.084283"
"旧日影小学校グラウンド","秋田県能代市朴瀬字日影71-2","40.237924","140.082508"
"大正町街区公園","秋田県能代市末広町273","40.207256","140.019653"
"萩の台街区公園","秋田県能代市末広町298","40.207439","140.017134"
"市営陸上競技場","秋田県能代市末広町66-1","40.210719","140.016027"
"能代河畔公園","秋田県能代市万町１３６外","40.215852","140.027105"
"川端街区公園","秋田県能代市万町２１３外","40.215883","140.031284"
"明治町街区公園","秋田県能代市明治町126","40.201038","140.034151"
"柳町街区公園","秋田県能代市柳町167","40.208443","140.027951"
"落合４号街区公園","秋田県能代市落合字下悪土150","40.226296","140.021687"
"落合３号街区公園","秋田県能代市落合字下前田204","40.223849","140.025973"
"アリナス","秋田県能代市落合字下台2-1","40.233786","140.015676"
"能代球場前","秋田県能代市落合字下台3","40.235708","140.017381"
"Ｂ＆Ｇ海洋センター","秋田県能代市落合字亀谷地1-65","40.233334","140.013029"
"土床体育館","秋田県能代市落合字亀谷地1-65","40.232556","140.012353"
"落合第二球場","秋田県能代市落合字古悪土1-1","40.226268","140.012667"
"落合球技場","秋田県能代市落合字古悪土1-1","40.226194","140.013589"
"ソフトボール場第二","秋田県能代市落合字古悪土1-1","40.227292","140.012441"
"ソフトボール場第一","秋田県能代市落合字古悪土1-1","40.227022","140.012736"
"落合近隣公園","秋田県能代市落合字古釜谷地72","40.229081","140.016807"
"落合５号街区公園","秋田県能代市落合字上釜谷地280","40.226355","140.016194"
"落合２号街区公園","秋田県能代市落合字上前田198","40.224647","140.027363"
"向ヶ丘街区公園","秋田県能代市落合字中大野台1-163","40.227156","140.041078"
"落合１号街区公園","秋田県能代市落合字落合150","40.229287","140.02307"
"能代松陽高等学校グラウンド","秋田県能代市緑町4-7","40.196213","140.03275"
"能代松陽高等学校","秋田県能代市緑町4-7","40.19662","140.032305"
"旧崇徳小学校","秋田県能代市檜山字寺田4-8","40.174473","140.109974"
"旧崇徳小学校グラウンド","秋田県能代市檜山字寺田4-9","40.17391","140.110477"
"檜山地域拠点施設","秋田県能代市檜山字霧山下104","40.16972","140.112832"
"第五小学校グラウンド","秋田県能代市鰄渕字中嶋古屋布25","40.193699","140.080983"
"第五小学校","秋田県能代市鰄渕字中嶋古屋布25","40.193564","140.080329"
"（旧）岩館小学校グラウンド","秋田県八峰町八森字ノケソリ116","40.403815","139.975314"
"岩館地区防災コミュニティーセンター前","秋田県八峰町八森字岩館76","40.402541","139.970793"
"八森小学校グラウンド","秋田県八峰町八森字滝の上117","40.371544","140.020448"
"（旧）八森中学校グラウンド","秋田県八峰町八森字椿台112","40.360196","140.025799"
"峰浜小学校グラウンド","秋田県八峰町峰浜水沢字カッチキ台7-1","40.295397","140.036866"
"八峰中学校グラウンド","秋田県八峰町峰浜田中字野田沢40-1","40.283824","140.048081"
"（旧）塙川小学校グラウンド","秋田県八峰町峰浜塙字豊後長根150-1","40.275432","140.075722"
"八峰町役場駐車場","秋田県八峰町峰浜目名潟字目長田118","40.318308","140.039197"
"（旧）岩子小学校グラウンド","秋田県八峰町峰浜目名潟字栩木沢24","40.323261","140.076029"
"塞ノ神農村公園","秋田県八郎潟町浦大町字塞ノ神171","39.964816","140.085966"
"地域資料館","秋田県八郎潟町浦大町字天道田100-1","39.965307","140.088064"
"浦大町コミュニティセンター","秋田県八郎潟町浦大町字豊坂40-1","39.968342","140.090665"
"八郎潟たいようこども園（おおぞら）","秋田県八郎潟町字家ノ後1-1","39.942376","140.078622"
"上昼根集会所","秋田県八郎潟町字家ノ後153-19","39.941031","140.080226"
"多目的広場（防災センター隣駐車場）","秋田県八郎潟町字家ノ後2-1","39.941811","140.078372"
"防災センター","秋田県八郎潟町字家ノ後6-1","39.941899","140.078118"
"７・８区児童館","秋田県八郎潟町字家ノ後7-1","39.942614","140.078338"
"家ノ後街区（児童）公園","秋田県八郎潟町字家ノ後7-1","39.942893","140.079097"
"昼根下児童館","秋田県八郎潟町字上昼根273-2","39.942909","140.082216"
"八郎潟展示館　うたせ館","秋田県八郎潟町字川口531-1","39.948434","140.056778"
"うたせ館駐車場","秋田県八郎潟町字川口531-1","39.948363","140.057112"
"第二町民体育館","秋田県八郎潟町字大道111","39.950619","140.074681"
"旧八郎潟小学校グラウンド","秋田県八郎潟町字大道111","39.951921","140.074178"
"青年婦人会館　ロマンの里","秋田県八郎潟町字大道23-1","39.948586","140.07355"
"農村環境改善センター","秋田県八郎潟町字大道81-1","39.949478","140.072847"
"大道地域公民館","秋田県八郎潟町字大道88-1","39.949877","140.07326"
"１・２・３区児童館","秋田県八郎潟町字中久保102","39.940476","140.071799"
"中久保街区（児童）公園","秋田県八郎潟町字中久保24","39.941079","140.071747"
"老人憩いの家　壽山荘","秋田県八郎潟町字中久保27","39.941109","140.071289"
"羽立児童館","秋田県八郎潟町字中田261-2","39.949433","140.080749"
"中田街区（児童）公園","秋田県八郎潟町字中田277","39.950102","140.07932"
"えきまえ交流館　はちパル","秋田県八郎潟町字中田67-4","39.947946","140.077808"
"えきまえ交流館はちパル駐車場","秋田県八郎潟町字中田67-4","39.948675","140.077676"
"１１・１２・１３区児童館","秋田県八郎潟町字中嶋30","39.944107","140.07277"
"９・１０区児童館","秋田県八郎潟町字中嶋336-2","39.946332","140.07602"
"中央児童館","秋田県八郎潟町字中嶋336-60","39.948306","140.073743"
"大道街区（児童）公園３２区","秋田県八郎潟町字中嶋64","39.945745","140.072332"
"３１・３２区児童館","秋田県八郎潟町字中嶋64","39.945979","140.072217"
"昼根下街区（児童）公園","秋田県八郎潟町字昼寝下68","39.945205","140.079891"
"岡本下台地域公民館","秋田県八郎潟町小池字岡本下台127-2","39.948395","140.10605"
"小池児童館","秋田県八郎潟町小池字中嶋136","39.954182","140.089613"
"小池農村公園","秋田県八郎潟町小池字中嶋142","39.954455","140.088235"
"三倉鼻児童館","秋田県八郎潟町真坂字三倉鼻78-4","39.985175","140.073877"
"真坂児童館","秋田県八郎潟町真坂字石塚175-2","39.969798","140.079292"
"真坂集落センター","秋田県八郎潟町真坂字大沢100-1","39.97312","140.079"
"高岡コミュニティ体育館","秋田県八郎潟町真坂字沢田30-5","39.967343","140.085489"
"高岡コミュニティセンター","秋田県八郎潟町真坂字沢田30-5","39.967552","140.085027"
"真坂地区コミュニティ施設","秋田県八郎潟町真坂字鳥屋崎159","39.965574","140.077507"
"川崎公民館","秋田県八郎潟町川崎字嘉美2-4","39.943137","140.098428"
"川崎農村公園","秋田県八郎潟町川崎字高田312","39.944165","140.093429"
"川崎地区農村集落多目的共同利用施設","秋田県八郎潟町川崎字高田314","39.944533","140.093347"
"夜叉袋児童館","秋田県八郎潟町夜叉袋字一本木3-1","39.956874","140.073247"
"老人憩いの家　弁天荘","秋田県八郎潟町夜叉袋字沖谷地300","39.954485","140.080924"
"八郎潟小学校・中学校（体育館、武道場）","秋田県八郎潟町夜叉袋字大嶋田107","39.953586","140.073408"
"八郎潟小学校・中学校グラウンド","秋田県八郎潟町夜叉袋字大嶋田107","39.953474","140.074607"
"中羽立公園","秋田県八郎潟町夜叉袋字中羽立1-1","39.952612","140.080293"
"中羽立公園管理棟","秋田県八郎潟町夜叉袋字中羽立1-1","39.952367","140.080236"
"町民体育館","秋田県八郎潟町夜叉袋字中羽立1-1","39.952143","140.081125"
"オリンピック記念会館","秋田県八郎潟町夜叉袋字中羽立1-1","39.952079","140.080483"
"安城寺農村公園","秋田県美郷町安城寺字柳原22","39.44128","140.553807"
"道の駅美郷駐車場","秋田県美郷町金沢字下館124","39.380237","140.567655"
"大畑農村公園","秋田県美郷町金沢東根字蛭川409-1","39.439103","140.578356"
"黒沢農村公園","秋田県美郷町黒沢字西野144-1","39.489734","140.627944"
"駅前多目的広場","秋田県美郷町上深井字谷地中77-5","39.406399","140.515678"
"美郷町北運動公園野球場","秋田県美郷町土崎字上野乙1-197","39.465697","140.592652"
"千畑小学校グラウンド","秋田県美郷町土崎字上野乙1-4","39.466641","140.596396"
"役場駐車場","秋田県美郷町土崎字上野乙170-10","39.461971","140.582195"
"みさと福祉センター駐車場","秋田県美郷町土崎字上野乙6-1","39.466365","140.58299"
"土崎農村公園","秋田県美郷町土崎字土崎林8-17","39.465899","140.57188"
"北運動公園北ふれあい広場","秋田県美郷町筒土崎字上野乙205-7","39.464117","140.582615"
"薬樹の森健康公園","秋田県美郷町畑屋字高野5-2","39.43467","140.56414"
"美郷町宿泊交流施設グラウンド","秋田県美郷町飯詰字下鶴田22-1","39.39417","140.533092"
"南運動公園","秋田県美郷町飯詰字糠渕18-1","39.38756","140.531088"
"雁の里山本公園","秋田県美郷町飯詰字東西法寺159","39.361872","140.547439"
"仙南小学校グラウンド","秋田県美郷町飯詰字轌町26-1","39.38706","140.53421"
"本堂城回農村公園","秋田県美郷町本堂城回字若林2-4","39.472944","140.585636"
"下鑓田農村公園","秋田県美郷町鑓田字上二ツ石245-7","39.43082","140.544918"
"一丈木公園","秋田県美郷町浪花字一丈木1-3","39.467082","140.606389"
"元本堂農村公園","秋田県美郷町浪花字大道178-5","39.480578","140.614408"
"美郷町中央公園","秋田県美郷町六郷字安楽寺288","39.421325","140.554857"
"美郷中学校グラウンド","秋田県美郷町六郷字押切10","39.415713","140.560855"
"わくわく広場","秋田県美郷町六郷字古屋敷54-1","39.425002","140.543328"
"六郷小学校グラウンド","秋田県美郷町六郷字赤城1","39.417576","140.547858"
"六郷高等学校グラウンド","秋田県美郷町六郷字馬場52","39.418527","140.554992"
"みさとこども館駐車場","秋田県美郷町六郷字白山55-1","39.418862","140.546291"
"もとだて農村公園","秋田県美郷町六郷字八幡44-1","39.431006","140.521336"
"にぎわい広場","秋田県美郷町六郷字米町62","39.421395","140.54725"
"六郷東根運動広場","秋田県美郷町六郷東根字東明田地271","39.410702","140.580156"
"美郷町野球場","秋田県美郷町六郷東根字北明田地150","39.411286","140.578741"
"吉田自治会館","秋田県北秋田市阿仁吉田字町頭65-2","40.032688","140.396179"
"下新町児童館","秋田県北秋田市阿仁銀山字下新町63-1","39.999649","140.403344"
"阿仁合保育所・阿仁保健センター","秋田県北秋田市阿仁銀山字上新町71-1","39.997052","140.40347"
"戸鳥内地区地域特産品生産施設","秋田県北秋田市阿仁戸鳥内字家ノ前109-1","39.916077","140.502759"
"阿仁農村環境改善センター（大阿仁公民館）","秋田県北秋田市阿仁幸屋渡字山根23-1","39.904236","140.451341"
"根子番楽伝承館","秋田県北秋田市阿仁根子字館下段44","39.941763","140.400593"
"小様児童館","秋田県北秋田市阿仁小様字小様120","40.032106","140.41492"
"小渕集会所","秋田県北秋田市阿仁小渕字小渕23-2","40.0321","140.401104"
"義務教育学校　阿仁学園","秋田県北秋田市阿仁水無字上岱13-2","40.006056","140.403053"
"阿仁ふるさと文化センター（阿仁公民館）","秋田県北秋田市阿仁水無字大町146-1","40.003053","140.40102"
"阿仁体育館","秋田県北秋田市阿仁水無字畑町東裏194-4","39.995493","140.404565"
"旧前田小学校","秋田県北秋田市阿仁前田字下川端103-1","40.065298","140.412753"
"前田公民館","秋田県北秋田市阿仁前田字下川端167-1","40.064181","140.414537"
"神成交流センター","秋田県北秋田市阿仁前田字神成67","40.054153","140.400095"
"コンベンションホール四季美館","秋田県北秋田市阿仁前田字大道上3-1","40.060868","140.410017"
"打当温泉マタギの湯","秋田県北秋田市阿仁打当字仙北渡道上ミ67","39.921124","140.536153"
"旧大阿仁小学校","秋田県北秋田市阿仁比立内字様ノ向1","39.907605","140.456799"
"秋田北鷹高等学校（洪水時２階）","秋田県北秋田市伊勢町1-1","40.225168","140.376218"
"浦田交流センター","秋田県北秋田市浦田字浦田5-1","40.102647","140.412393"
"栄公民館","秋田県北秋田市栄字下タ前田9-1","40.231907","140.39446"
"竹原岱農業倉庫","秋田県北秋田市栄字竹原岱1-2","40.23225","140.408479"
"鷹巣東小学校（洪水時２階）","秋田県北秋田市栄字田沢古川布252","40.234491","140.391022"
"市民ふれあいプラザ（洪水時２階）","秋田県北秋田市花園町10-5","40.228007","140.37061"
"北秋田市役所第二庁舎（洪水時２階）","秋田県北秋田市花園町15-1","40.226702","140.370331"
"合川学童研修センター","秋田県北秋田市鎌沢字石渕44","40.107808","140.322988"
"杉山田集会施設","秋田県北秋田市鎌沢字雪田岱207-1","40.087718","140.310423"
"鎌沢生活改善センター","秋田県北秋田市鎌沢字地蔵岱96","40.101566","140.31055"
"地域福祉センター（洪水時２階）","秋田県北秋田市宮前町9-68","40.222513","140.37236"
"保健センター","秋田県北秋田市宮前町9-69","40.223076","140.372131"
"森吉中学校","秋田県北秋田市桂瀬字下柏木岱1","40.099547","140.419983"
"五味堀地域コミュニティセンター","秋田県北秋田市五味堀字家ノ下モ92-1","40.053664","140.403407"
"七座健康増進センター（七座公民館）","秋田県北秋田市今泉字根立場65-2","40.211739","140.300621"
"今泉交流センター","秋田県北秋田市今泉字大堤脇44","40.214734","140.292777"
"根森田地域コミュニティセンター","秋田県北秋田市根森田字杉ノ下92","40.039449","140.431653"
"森吉山ダム広報館","秋田県北秋田市根森田字姫ヶ岱31","40.037955","140.458627"
"東根田多目的集会施設","秋田県北秋田市根田字屋布岱175-1","40.140441","140.307006"
"交流センター（洪水時２階）","秋田県北秋田市材木町2-2","40.232348","140.374651"
"文化会館（洪水時２階）","秋田県北秋田市材木町2-3","40.232123","140.373467"
"岩脇児童館","秋田県北秋田市七日市字岩脇囲ノ内23","40.170566","140.402449"
"七日市基幹集落センター（七日市公民館）","秋田県北秋田市七日市字寺山下7","40.178763","140.401508"
"上舟木生活改善センター","秋田県北秋田市七日市字菅谷地岱16","40.10378","140.451778"
"松沢児童館","秋田県北秋田市七日市字大沢16-2","40.103709","140.478737"
"小森自治会館","秋田県北秋田市小森字小森14-1","40.189896","140.403129"
"坊山交流センター","秋田県北秋田市小森字坊山52","40.173698","140.457937"
"新屋布コミュニティセンター","秋田県北秋田市小又字新屋布24-1","40.054624","140.422132"
"クウィンス森吉","秋田県北秋田市小又字堂ノ下21-2","40.06148","140.417697"
"ヤマハミュージッククラフト秋田　厚生会館","秋田県北秋田市小又字堂ノ下44-3","40.060763","140.418465"
"旧合川東小学校　体育館","秋田県北秋田市上杉字下屋布岱279","40.148252","140.342296"
"上杉あいターミナル","秋田県北秋田市上杉字相染岱174-1","40.146093","140.349718"
"新田目児童館","秋田県北秋田市新田目字屋布岱37","40.146757","140.320246"
"セントラル合川","秋田県北秋田市新田目字大野80-1","40.159816","140.328032"
"松ヶ丘児童館","秋田県北秋田市川井字松石殿1-462","40.171516","140.317756"
"前山森林交流センター","秋田県北秋田市前山字かめ山下34-3","40.219686","140.317419"
"増沢集会施設","秋田県北秋田市増沢字上岱34","40.191824","140.291827"
"鷹巣体育館（洪水時２階）","秋田県北秋田市鷹巣字東中岱11","40.222677","140.361637"
"鷹巣小学校（洪水時２階）","秋田県北秋田市鷹巣字南中家下37-1","40.222203","140.363759"
"中屋敷自治会館","秋田県北秋田市中屋敷字中悪戸40","40.186195","140.394249"
"綴子小学校","秋田県北秋田市綴子字街道下59","40.254753","140.376445"
"綴子基幹集落センター（綴子公民館）","秋田県北秋田市綴子字掛泥道上151-1","40.252362","140.373501"
"綴子大畑自治会館","秋田県北秋田市綴子字宮本169","40.276565","140.392077"
"北健康増進センター","秋田県北秋田市綴子字糠沢上谷地301-1","40.254817","140.395592"
"綴子児童館","秋田県北秋田市綴子字西館62","40.252029","140.369124"
"道の駅たかのす","秋田県北秋田市綴子字大堤道下６２－１ほか-","40.251862","140.374603"
"田子ヶ沢セリ集荷所","秋田県北秋田市綴子字田子ヶ沢117-1","40.275805","140.346257"
"森吉コミュニティセンター（森吉公民館）","秋田県北秋田市米内沢字寺ノ下16-3","40.118698","140.368107"
"森吉総合スポーツセンター","秋田県北秋田市米内沢字七曲172","40.115372","140.381741"
"森吉構造改善センター","秋田県北秋田市米内沢字七曲51","40.118243","140.38044"
"アグリハウス","秋田県北秋田市米内沢字楢岱57","40.134241","140.381493"
"蟹沢会館","秋田県北秋田市坊沢字屋敷岱85","40.206158","140.307503"
"鷹巣中学校（洪水時２階）","秋田県北秋田市坊沢字下タ上野79","40.234764","140.359102"
"坊沢公民館","秋田県北秋田市坊沢字善千鳥坂17","40.228897","140.338761"
"本城地域コミュニティセンター","秋田県北秋田市本城字館ノ下113-4","40.128455","140.347887"
"米内沢小学校","秋田県北秋田市本城字中島16","40.123421","140.363258"
"木戸石児童館","秋田県北秋田市木戸石字東屋布岱9","40.17862","140.301598"
"合川公民館","秋田県北秋田市李岱字下豊田25","40.157159","140.315849"
"合川体育館（洪水時２階）","秋田県北秋田市李岱字下豊田25","40.157415","140.315409"
"合川中学校（洪水時２階）","秋田県北秋田市李岱字家向1","40.158528","140.314725"
"合川小学校（洪水時２階）","秋田県北秋田市李岱字家向26-1","40.157464","140.312324"
"沢口林業センター（沢口公民館）","秋田県北秋田市脇神字下太田表22-1","40.199475","140.39037"
"清鷹小学校","秋田県北秋田市脇神字塚ノ岱165-1","40.206375","140.392813"
"舟場自治会館","秋田県北秋田市脇神字平崎上岱135-14","40.213786","140.370848"
"伊勢堂岱温泉縄文の湯","秋田県北秋田市脇神字平崎川戸沼86-2","40.213141","140.365665"
"芦川配水池敷地","秋田県由利本荘市芦川字芦川145-2","39.465778","140.039644"
"折林八幡神社境内","秋田県由利本荘市芦川字折林69","39.478796","140.042854"
"本荘ステーションホテル","秋田県由利本荘市花畑町1-80","39.38634","140.05633"
"子吉地区コミュニティ防災センター","秋田県由利本荘市葛法字轌田1-5","39.340503","140.049829"
"鶴舞会館","秋田県由利本荘市瓦谷地1","39.386006","140.045749"
"ウッディホールこだま","秋田県由利本荘市館字中島372","39.339101","140.123976"
"旧石沢小学校","秋田県由利本荘市館字六角167","39.340052","140.125487"
"石沢体育館","秋田県由利本荘市館字六角168","39.34005","140.124263"
"石沢運動広場","秋田県由利本荘市館字六角168","39.339575","140.124771"
"高城体育館","秋田県由利本荘市岩城亀田亀田町字亀田町18-2","39.498685","140.085315"
"亀田出張所","秋田県由利本荘市岩城亀田亀田町字田町41","39.500886","140.083831"
"岩城多目的グラウンド（天鷺グラウンド）","秋田県由利本荘市岩城亀田町字亀田町45","39.499866","140.085656"
"上新谷自治会グラウンド","秋田県由利本荘市岩城勝手字前砂沢64","39.577963","140.061917"
"岩城小学校","秋田県由利本荘市岩城赤平字新鶴巻4","39.502249","140.072123"
"国立病院機構あきた病院","秋田県由利本荘市岩城内道川字井戸ノ沢84-40","39.560733","140.060061"
"旧道川中学校グラウンド","秋田県由利本荘市岩城内道川字烏森150-70","39.556293","140.058681"
"旧道川小学校グラウンド","秋田県由利本荘市岩城内道川字烏森151","39.555372","140.057884"
"岩城コミュニティセンター「岩城会館」","秋田県由利本荘市岩城内道川字新鶴潟50","39.544019","140.055945"
"岩城総合体育館","秋田県由利本荘市岩城内道川字新鶴潟50","39.543473","140.057479"
"岩城総合支所駐車場","秋田県由利本荘市岩城内道川字新鶴潟50","39.543462","140.055999"
"二古自治会グラウンド","秋田県由利本荘市岩城二古字庵ノ前1-4","39.531541","140.056908"
"岩城中学校","秋田県由利本荘市岩城二古字向村20-1","39.527683","140.055112"
"岩谷小学校","秋田県由利本荘市岩谷町字十二柳2","39.438929","140.097153"
"由利本荘市総合体育館","秋田県由利本荘市岩谷町字西越62","39.442033","140.088015"
"大内農村環境改善センター","秋田県由利本荘市岩谷町字日渡100","39.443589","140.096476"
"岩谷体育館","秋田県由利本荘市岩谷町字日渡78","39.443423","140.096811"
"本荘グランドホテル","秋田県由利本荘市岩渕下254","39.392125","140.04918"
"本荘合同庁舎","秋田県由利本荘市給人町17","39.388612","140.043524"
"由利緑地公園グラウンド","秋田県由利本荘市黒沢字山本68","39.317893","140.095298"
"砂子下コミュニティセンター","秋田県由利本荘市砂子下15-1","39.386735","140.039215"
"ホテルアイリス","秋田県由利本荘市肴町5","39.390713","140.042081"
"鶴舞小学校","秋田県由利本荘市桜小路1","39.384052","140.050339"
"小友公民館","秋田県由利本荘市三条字三条谷地72-1","39.360046","140.07767"
"山内公民館","秋田県由利本荘市山内下長田39","39.325529","140.176957"
"上川大内出張所","秋田県由利本荘市小栗山字小栗山113","39.414965","140.225511"
"旧上川大内小学校","秋田県由利本荘市小栗山字小栗山76-2","39.414621","140.222405"
"本荘南部コミュニティ防災センター","秋田県由利本荘市小人町42-2","39.37911","140.050828"
"松ヶ崎八幡神社境内","秋田県由利本荘市松ケ崎字宮ノ腰27","39.500194","140.049888"
"光禅寺境内","秋田県由利本荘市松ケ崎字光禅寺前105","39.495104","140.054185"
"松ヶ崎体育館","秋田県由利本荘市松ケ崎字荒町北側181-1","39.497223","140.051923"
"大内小学校","秋田県由利本荘市松本字小及位野78","39.449954","140.174316"
"下川大内出張所","秋田県由利本荘市松本字上川原14-4","39.363937","140.241798"
"市民交流学習センター","秋田県由利本荘市上大野16","39.375591","140.063201"
"旧下川大内小学校","秋田県由利本荘市新沢字猫屋布45","39.456939","140.155653"
"神沢配水池敷地","秋田県由利本荘市神沢字赤砂子25-2","39.491925","140.052085"
"松ヶ崎運動広場","秋田県由利本荘市神沢字大森山地内","39.483351","140.043352"
"松ヶ崎公民館","秋田県由利本荘市神沢字浜辺111","39.490595","140.043878"
"神沢緑地広場","秋田県由利本荘市神沢字冷水237","39.492985","140.045937"
"親川御嶽神社境内","秋田県由利本荘市親川字親川58","39.459383","140.038272"
"深沢運動広場","秋田県由利本荘市親川字濁川61-1","39.43826","140.032114"
"本荘由利総合運動公園","秋田県由利本荘市水林379","39.378432","140.030875"
"秋田県立ゆり支援学校","秋田県由利本荘市水林456-3","39.379039","140.026283"
"本荘南中学校","秋田県由利本荘市水林466","39.383954","140.037838"
"旧西沢小グラウンド","秋田県由利本荘市西沢字舞台5-7","39.282803","140.069927"
"津波避難タワー","秋田県由利本荘市西目町海士剥字海士剥下52-21","39.367308","140.015628"
"特別養護老人ホーム「ひまわり」駐車場","秋田県由利本荘市西目町海士剥字御月森1","39.368886","140.020187"
"御月森グラウンド","秋田県由利本荘市西目町海士剥字御月森1-530","39.371662","140.016371"
"坊主森","秋田県由利本荘市西目町出戸字浜山1","39.352045","140.004425"
"中高屋公民館広場","秋田県由利本荘市西目町出戸字浜山1-47","39.363155","140.007486"
"西目中学校","秋田県由利本荘市西目町出戸字浜山6-107","39.341757","140.004418"
"出戸交流センター敷地内","秋田県由利本荘市西目町出戸字浜山6-108","39.338421","139.996835"
"西目小学校","秋田県由利本荘市西目町沼田字新屋下37-1","39.341323","140.011743"
"西目高等学校グラウンド","秋田県由利本荘市西目町沼田字新道下2-142","39.352148","140.013138"
"西目公民館「シーガル」","秋田県由利本荘市西目町沼田字新道下2-533","39.347904","140.015199"
"Ｂ＆Ｇ西目海洋センター","秋田県由利本荘市西目町沼田字新道下2-682","39.347452","140.016712"
"新山小学校","秋田県由利本荘市石脇字山ノ神11","39.402851","140.039077"
"本荘北中学校","秋田県由利本荘市石脇字山ノ神11-304","39.405705","140.040133"
"由利工業高校グラウンド","秋田県由利本荘市石脇字田尻30","39.406095","140.027137"
"由利本荘市職業訓練センター","秋田県由利本荘市石脇字田尻30-22","39.403689","140.025686"
"由利本荘総合防災公園","秋田県由利本荘市石脇字田尻野18","39.398337","140.032151"
"田尻野消防センター","秋田県由利本荘市石脇字田尻野23-8","39.394805","140.029707"
"石脇体育館","秋田県由利本荘市石脇字弁慶川2","39.398558","140.04763"
"石脇公園グラウンド","秋田県由利本荘市石脇字弁慶川57","39.397843","140.047945"
"鶴舞球場","秋田県由利本荘市切通15-4","39.383842","140.045442"
"南内越運動広場","秋田県由利本荘市川口字愛宕山150","39.398965","140.05929"
"南内越公民館・体育館","秋田県由利本荘市川口字愛宕町192","39.399542","140.058724"
"由利高等学校グラウンド","秋田県由利本荘市川口字太鞁森7","39.400507","140.056677"
"西滝沢水辺プラザ","秋田県由利本荘市川西字高野242-1","39.284397","140.113184"
"由利小学校","秋田県由利本荘市前郷字金神110","39.314117","140.113933"
"由利体育館","秋田県由利本荘市前郷字御伊勢下1","39.315723","140.110529"
"由利コミュニティセンター「善隣館」","秋田県由利本荘市前郷字御伊勢下24-1","39.316466","140.11073"
"Ｂ＆Ｇ由利海洋センター","秋田県由利本荘市前郷字御伊勢下39-2","39.317582","140.111157"
"由利中学校","秋田県由利本荘市前郷字根堀台39","39.319507","140.111383"
"旧前郷小学校グラウンド","秋田県由利本荘市前郷字滝沢舘76-4","39.30931","140.109803"
"大内中学校","秋田県由利本荘市中館字堤台6","39.43655","140.083884"
"鳥海山木のおもちゃ館駐車場","秋田県由利本荘市町村字鳴瀬台65-1","39.333983","140.066699"
"直根学習センター","秋田県由利本荘市鳥海町下直根字大谷地37","39.165515","140.162924"
"小川農村環境改善センター","秋田県由利本荘市鳥海町小川字倉隅16-1","39.156498","140.241182"
"笹子公民館","秋田県由利本荘市鳥海町上笹子字下野77-2","39.106664","140.292598"
"旧笹子小学校・旧笹子学習センターグラウンド","秋田県由利本荘市鳥海町上笹子字堺台65","39.110502","140.289"
"鳥海中学校","秋田県由利本荘市鳥海町上川内字西野108","39.181185","140.194446"
"鳥海小学校","秋田県由利本荘市鳥海町上川内字西野14-1","39.181893","140.194462"
"直根公民館","秋田県由利本荘市鳥海町中直根字中山5-2","39.149793","140.172284"
"紫水館","秋田県由利本荘市鳥海町伏見字久保193","39.191122","140.191201"
"健康広場","秋田県由利本荘市鳥海町伏見字折切38-1","39.185904","140.186382"
"鳥海トレーニングセンター","秋田県由利本荘市鳥海町伏見字折切38-3","39.186471","140.187109"
"本荘高等学校グラウンド","秋田県由利本荘市陳場岱6","39.37578","140.0415"
"秋田県立大学本荘キャンパス","秋田県由利本荘市土谷字海老ノ口84-4","39.393318","140.073067"
"文化交流館「カダーレ」","秋田県由利本荘市東町15","39.386617","140.053077"
"玉米会館","秋田県由利本荘市東由利館合字向田79-4","39.286978","140.284489"
"八塩館","秋田県由利本荘市東由利黒渕字野中83-5","39.252538","140.262429"
"高瀬館","秋田県由利本荘市東由利宿字上ノ台363-1","39.31265","140.230321"
"旧大琴生涯学習センターグラウンド","秋田県由利本荘市東由利宿字上ノ台73","39.311374","140.229658"
"大蔵館","秋田県由利本荘市東由利蔵字蔵113-1","39.314924","140.265927"
"住吉館","秋田県由利本荘市東由利田代字住吉48-1","39.266101","140.257005"
"旧住吉小学校跡広場","秋田県由利本荘市東由利田代字住吉48-1","39.266326","140.256758"
"袖山館","秋田県由利本荘市東由利田代字滝ノ下5-1","39.280441","140.237292"
"東由利小学校","秋田県由利本荘市東由利法内字宮ノ前243","39.313469","140.274661"
"東由利克雪センター","秋田県由利本荘市東由利法内字上苗代沢36","39.332259","140.270806"
"老方館グラウンド","秋田県由利本荘市東由利老方字五升畑13","39.305903","140.285909"
"老方館","秋田県由利本荘市東由利老方字五升畑13","39.306059","140.285692"
"東由利運動場","秋田県由利本荘市東由利老方字台山23","39.298676","140.276685"
"総合開発センター「有鄰館」","秋田県由利本荘市東由利老方字台山36","39.299024","140.279726"
"東由利体育館","秋田県由利本荘市東由利老方字台山40","39.298223","140.280226"
"東由利中学校","秋田県由利本荘市東由利老方字台山85","39.296485","140.279849"
"「黄桜温泉」湯楽里駐車場","秋田県由利本荘市東由利老方字畑田28","39.301248","140.284555"
"北内越運動広場","秋田県由利本荘市内越字中の目209","39.424047","140.082156"
"北内越公民館","秋田県由利本荘市内越字平岡304-1","39.420117","140.076223"
"本荘公園","秋田県由利本荘市尾崎14","39.384592","140.047754"
"本荘公園前広場","秋田県由利本荘市尾崎17","39.386059","140.0476"
"本荘由利広域行政センター","秋田県由利本荘市尾崎17","39.385688","140.049358"
"由利本荘市消防庁舎","秋田県由利本荘市美倉町27-2","39.390695","140.048411"
"コミュニティ体育館","秋田県由利本荘市美倉町30","39.390968","140.048776"
"三川公民館前広場","秋田県由利本荘市浜三川字三川12-1","39.418369","140.028499"
"ボートプラザ「アクアパル」","秋田県由利本荘市北裏地54-1","39.392324","140.03847"
"羽後信用金庫駐車場","秋田県由利本荘市本荘13","39.391215","140.046489"
"子吉公民館","秋田県由利本荘市埋田字用堰北17","39.360265","140.058032"
"由利本荘市消防署矢島分署","秋田県由利本荘市矢島町元町字大川原127-1","39.2312","140.146604"
"矢島ふれあい公園","秋田県由利本荘市矢島町七日町字羽坂174","39.232649","140.13787"
"矢島コミュニティセンター「日新館」","秋田県由利本荘市矢島町七日町字羽坂64-1","39.231401","140.1394"
"矢島小学校","秋田県由利本荘市矢島町七日町字助の渕1-4","39.233824","140.143911"
"矢島高等学校グラウンド","秋田県由利本荘市矢島町七日町字助の渕1-5","39.232331","140.144712"
"矢島ソフトボール場","秋田県由利本荘市矢島町七日町字上山寺20-1","39.224348","140.136887"
"矢島多目的運動広場","秋田県由利本荘市矢島町七日町字上山寺34-2","39.224536","140.136272"
"矢島体育センター","秋田県由利本荘市矢島町七日町字上山寺54-1","39.225394","140.137612"
"矢島中学校","秋田県由利本荘市矢島町七日町助の渕1-4","39.233573","140.144176"
"旧矢島小学校グラウンド","秋田県由利本荘市矢島町城内字八森6","39.23035","140.134508"
"矢島保育園","秋田県由利本荘市矢島町城内字八森下515","39.235253","140.135851"
"矢島格技場","秋田県由利本荘市矢島町矢島町1","39.230101","140.132554"
"本荘東中学校","秋田県由利本荘市薬師堂字境橋77","39.371196","140.059122"
"子吉小学校","秋田県由利本荘市薬師堂字堂ノ下93-2","39.36838","140.045494"