"施設名","所在地","緯度","経度"
"クリスタルアージョ","広島県安芸高田市吉田町吉田761","34.666469","132.703675"
"旧郷野小学校体育館","広島県安芸高田市吉田町桂234","34.63014","132.648326"
"郷野地区コミュニティ集会所","広島県安芸高田市吉田町桂279-3","34.629344","132.649106"
"道の駅「三矢の里あきたかた」","広島県安芸高田市吉田町山手1059-1","34.648615","132.674314"
"愛郷小学校","広島県安芸高田市吉田町山手1165-3","34.648161","132.671671"
"可愛振興センター","広島県安芸高田市吉田町山手1392-2","34.650032","132.667618"
"吉田運動公園","広島県安芸高田市吉田町相合555-1","34.669791","132.690027"
"丹比西コミュニティ集会所","広島県安芸高田市吉田町多治比1691-1","34.682029","132.657097"
"吉田生活改善センター","広島県安芸高田市吉田町多治比613-1","34.677645","132.682868"
"向原戸島地区生活改善センター","広島県安芸高田市向原町戸島1016-1","34.631867","132.722417"
"向原坂地区生活改善センター","広島県安芸高田市向原町坂1984-7","34.609275","132.736261"
"向原生涯学習センターみらい","広島県安芸高田市向原町坂333","34.611054","132.719417"
"向原運動広場","広島県安芸高田市向原町長田4680","34.603257","132.718684"
"上長田地区多目的集会所","広島県安芸高田市向原町長田4733","34.604301","132.718059"
"向原保垣地区生活改善センター","広島県安芸高田市向原町保垣942-3","34.580064","132.71646"
"小原中央集会所","広島県安芸高田市甲田町下小原3472-7","34.663727","132.742787"
"甲田中学校","広島県安芸高田市甲田町高田原1250","34.69286","132.757406"
"甲田文化センターミューズ","広島県安芸高田市甲田町高田原1446-3","34.695403","132.758553"
"甲田人権福祉センター","広島県安芸高田市甲田町高田原1458","34.695692","132.758432"
"羽佐竹コミュニティホーム","広島県安芸高田市高宮町羽佐竹646-1","34.773389","132.696797"
"来原コミュニティセンター","広島県安芸高田市高宮町原田2267-1","34.745433","132.697574"
"旧来原小学校体育館","広島県安芸高田市高宮町原田3375","34.746825","132.697346"
"高宮Ｂ＆Ｇ海洋センター","広島県安芸高田市高宮町佐々部38-7","34.763311","132.709249"
"高宮小学校","広島県安芸高田市高宮町佐々部915-1","34.766074","132.718089"
"高宮田園パラッツォ","広島県安芸高田市高宮町佐々部957","34.766523","132.721217"
"高宮ハーモニー広場","広島県安芸高田市高宮町佐々部983-2","34.767089","132.719094"
"旧川根小学校","広島県安芸高田市高宮町川根1920","34.825201","132.673371"
"船木ゆめ広場","広島県安芸高田市高宮町船木2334","34.784656","132.76099"
"房後ふれあいセンター","広島県安芸高田市高宮町房後257","34.757066","132.723792"
"来女木公民館","広島県安芸高田市高宮町来女木1796","34.759454","132.681434"
"八千代基幹集落センター","広島県安芸高田市八千代町下根2570-4","34.607116","132.596695"
"八千代Ｂ＆Ｇ海洋センター","広島県安芸高田市八千代町佐々井1329","34.619997","132.60579"
"八千代文化施設フォルテ","広島県安芸高田市八千代町佐々井1391","34.620294","132.607813"
"横田地域活動拠点施設","広島県安芸高田市美土里町横田1936-1","34.723573","132.656364"
"桑田の庄","広島県安芸高田市美土里町桑田760-1","34.758882","132.59161"
"生田集会所","広島県安芸高田市美土里町生田1841-1","34.77428","132.606729"
"中北会館","広島県安芸高田市美土里町北773-1","34.762524","132.63401"
"本郷地域活動拠点施設","広島県安芸高田市美土里町本郷2830-1","34.718035","132.61308"
"美土里生涯学習センターまなび","広島県安芸高田市美土里町本郷4535-2","34.725288","132.628311"
"川・森・文化・交流センター","広島県安芸太田町大字加計5908-2","34.619814","132.319613"
"修道活性化センター","広島県安芸太田町大字穴2870","34.587653","132.375851"
"安芸太田町役場東館","広島県安芸太田町大字戸河内784-1","34.576548","132.227537"
"飯室児童館","広島県安佐北区安佐町飯室1544","34.551458","132.444943"
"海田高等学校","広島県海田町つくも町1-60","34.366938","132.52919"
"海田町シルバープラザ","広島県海田町つくも町6-3","34.366553","132.530614"
"稲荷町公園","広島県海田町稲荷町2084","34.372443","132.532065"
"ＤＣＭダイキ海田店","広島県海田町栄町3-16","34.363667","132.534012"
"ＪＲ海田市駅ＮＫビル（ビエラ海田市）","広島県海田町窪町1-23","34.371143","132.531595"
"窪地公園","広島県海田町窪町1953-20","34.371477","132.5303"
"ガイナステイツ海田市駅前","広島県海田町窪町2-10","34.371334","132.530445"
"港町公園","広島県海田町窪町2214-1","34.370738","132.528044"
"安芸農業協同組合","広島県海田町窪町8-8","34.370459","132.530666"
"株式会社植田商店　業務用食品スーパー海田店","広島県海田町月見町10-5","34.360116","132.537505"
"海田中学校","広島県海田町幸町10-1","34.368111","132.544079"
"海田児童館","広島県海田町幸町5-7","34.369627","132.542031"
"株式会社東洋シート","広島県海田町国信1-6-25","34.376869","132.550537"
"国信公園","広島県海田町国信2-6070-3","34.382223","132.559195"
"砂走公園","広島県海田町砂走1203-3","34.382824","132.555578"
"丸善工業株式会社","広島県海田町砂走16-14","34.381997","132.555117"
"三迫公園","広島県海田町三迫2-3565-1","34.36561","132.552184"
"三迫第二公園","広島県海田町三迫3-2495-1","34.360257","132.552919"
"海田町民センター","広島県海田町寺迫1-1-29","34.372943","132.549327"
"寺迫公園","広島県海田町寺迫1-2219-7","34.37026","132.550735"
"小さくら保育所","広島県海田町寺迫2-12-35","34.371185","132.552063"
"海田東公民館","広島県海田町寺迫2-2-59","34.374029","132.550029"
"万惣海田店","広島県海田町曙町1-31","34.369093","132.541332"
"あけぼの公園","広島県海田町曙町582-1","34.368185","132.540361"
"海田小学校","広島県海田町昭和中町2-55","34.369163","132.537207"
"昭和公園","広島県海田町昭和町７２０地先","34.371212","132.538537"
"海田町ふるさと館","広島県海田町畝2-10-20","34.379694","132.549826"
"イトウゴフク海田店","広島県海田町畝2-15-15","34.380025","132.552168"
"鮮Ｄｏ！エブリイ海田店","広島県海田町畝2-15-15","34.380575","132.552698"
"こうわ認定こども園かいた","広島県海田町畝2-15-23","34.379812","132.552044"
"観音免公園","広島県海田町畝2-165-17","34.380027","132.549624"
"畝公園","広島県海田町畝１－１４０６地先","34.376416","132.547568"
"西浜公園","広島県海田町西浜1751-6","34.367926","132.545886"
"石原公園","広島県海田町石原1444-8","34.375367","132.545325"
"広島国際学院","広島県海田町曽田1-5","34.374834","132.546229"
"海田南小学校","広島県海田町大立町12-5","34.364999","132.545275"
"大立公園","広島県海田町大立町445-8","34.365427","132.544226"
"一貫田公園","広島県海田町中店183","34.374154","132.535632"
"龍洞保育園","広島県海田町中店7-13","34.373301","132.534616"
"織田幹雄スクエア","広島県海田町中店8-24","34.372932","132.533768"
"海田町保健センター","広島県海田町中店8-33","34.373202","132.534071"
"エバーグリーンホーム","広島県海田町東2-8-6","34.365354","132.559898"
"海田総合公園","広島県海田町東海田蟻ケ原","34.371376","132.56897"
"東昭和公園","広島県海田町東昭和町635-2","34.369557","132.54159"
"つくも保育所","広島県海田町南つくも町11-15","34.365327","132.530844"
"海田町ひまわりプラザ","広島県海田町南つくも町11-16","34.365308","132.531023"
"海田西小学校","広島県海田町南つくも町12-3","34.364233","132.531505"
"エディオン海田店","広島県海田町南つくも町13-18","34.363795","132.530414"
"海田西中学校","広島県海田町南つくも町2-2","34.36517","132.529889"
"海田町立図書館","広島県海田町南幸町1-11","34.366473","132.542129"
"社会福祉法人住田学園福祉会さいわい保育園","広島県海田町南幸町10-26","34.363819","132.541004"
"みどりのもりこどもえん","広島県海田町南幸町11-3","34.365746","132.541946"
"海田みどり幼稚園","広島県海田町南幸町12-4","34.365757","132.542594"
"南堀川公園","広島県海田町南堀川町1549-9","34.369172","132.530183"
"フジ海田店","広島県海田町南本町1-3","34.364115","132.539005"
"南本町公園","広島県海田町南本町1111","34.362258","132.538333"
"株式会社キーレックス","広島県海田町南明神町2-51","34.361454","132.5271"
"麒麟倉庫株式会社","広島県海田町日の出町10-3","34.364851","132.538263"
"日の出公園","広島県海田町日の出町1073-1","34.364069","132.536954"
"海田町福祉センター","広島県海田町日の出町2-35","34.364327","132.537331"
"海田東小学校","広島県海田町浜角1-17","34.373041","132.548533"
"介護老人保健施設さくら","広島県海田町堀川町2-23","34.368471","132.530965"
"明治安田生命海田営業所","広島県海田町堀川町3-15","34.367847","132.532562"
"創価学会広島安芸文化会館","広島県海田町堀川町3-31","34.368358","132.531877"
"マリーナサンライズ","広島県海田町明神町1-31","34.367193","132.526606"
"明神公園","広島県海田町明神町1749-9","34.367437","132.526899"
"熊野第三小学校グランド","広島県熊野町貴船15-1","34.329809","132.570625"
"熊野第二小学校グランド","広島県熊野町初神3-25-1","34.361705","132.600576"
"深原地区公園グランド","広島県熊野町新宮2-13","34.36081","132.605233"
"熊野町民グランド","広島県熊野町川角5-10-1","34.322022","132.577804"
"熊野第四小学校グランド","広島県熊野町川角5-13-1","34.321832","132.57438"
"熊野町公民館駐車場","広島県熊野町中溝1-11-2","34.336237","132.586864"
"熊野第一小学校グランド","広島県熊野町中溝4-4-1","34.34013","132.582834"
"熊野中学校グランド","広島県熊野町中溝6-1-1","34.339585","132.576642"
"熊野東中学校グランド","広島県熊野町萩原1-23-1","34.333952","132.592902"
"広島県呉高等技術専門校（管理棟，実習棟）","広島県呉市阿賀中央5-11-17","34.233419","132.605689"
"呉高等学校（体育館，教室）","広島県呉市阿賀中央5-13-56","34.233604","132.602921"
"呉高等学校グラウンド","広島県呉市阿賀中央5-13-56","34.23439","132.603143"
"呉南特別支援学校（屋内運動場）","広島県呉市阿賀中央5-13-71","34.233129","132.603974"
"阿賀中学校グラウンド","広島県呉市阿賀中央5-14-16","34.233978","132.600971"
"阿賀中学校（体育館，教室）","広島県呉市阿賀中央5-14-16","34.234621","132.600608"
"阿賀駅前複合ビル西棟（駐車場）","広島県呉市阿賀中央6-2-11","34.23658","132.600496"
"阿賀まちづくりセンター","広島県呉市阿賀中央6-2-16","34.236601","132.601059"
"阿賀駅前駐車場","広島県呉市阿賀中央6-2-3","34.236302","132.600814"
"西光寺","広島県呉市阿賀中央8-2-6","34.239071","132.596544"
"称名寺","広島県呉市阿賀中央9-8-2","34.236585","132.59469"
"（旧）情島小学校（校舎）","広島県呉市阿賀町12973","34.158829","132.571461"
"広島県豊栄住宅","広島県呉市阿賀南1-7-37","34.229696","132.60328"
"阿賀小学校（体育館，教室）","広島県呉市阿賀南2-1-1","34.233718","132.599436"
"阿賀小学校グラウンド","広島県呉市阿賀南2-1-1","34.23281","132.598943"
"阿賀小学校（校舎）","広島県呉市阿賀南2-1-1","34.233201","132.599054"
"広島文化学園大学　阿賀キャンパスグラウンド","広島県呉市阿賀南2-10-3","34.230022","132.599214"
"広島文化学園大学　阿賀キャンパス（本館）","広島県呉市阿賀南2-10-3","34.230679","132.599185"
"広島文化学園大学　阿賀キャンパス（体育館）","広島県呉市阿賀南2-10-3","34.230649","132.598688"
"国立呉工業高等専門学校（体育館）","広島県呉市阿賀南2-2-11","34.232407","132.601545"
"国立呉工業高等専門学校グラウンド","広島県呉市阿賀南2-2-11","34.231786","132.600913"
"阿賀集会所","広島県呉市阿賀南3-12-2","34.23354","132.596517"
"東延崎自治会館","広島県呉市阿賀南4-2-14","34.232905","132.595507"
"（旧）延崎小学校（体育館）","広島県呉市阿賀南6-4-28","34.230572","132.593299"
"（旧）延崎小学校グラウンド","広島県呉市阿賀南6-4-28","34.230283","132.593576"
"大入老人集会所","広島県呉市阿賀南8-15-13","34.207984","132.579015"
"大誠寺","広島県呉市阿賀南8-17-13","34.208402","132.578019"
"（旧）大入小学校（教室）","広島県呉市阿賀南8-8-20","34.211831","132.581535"
"（旧）大入小学校グラウンド","広島県呉市阿賀南8-8-20","34.211554","132.581633"
"冠崎集会所","広島県呉市阿賀南9-30-26","34.199732","132.567511"
"呉工業高等学校グラウンド","広島県呉市阿賀北2-10-1","34.252213","132.5963"
"呉工業高等学校（体育館）","広島県呉市阿賀北2-10-1","34.252151","132.595901"
"原小学校グラウンド","広島県呉市阿賀北4-3-16","34.248638","132.59432"
"原小学校（体育館，教室）","広島県呉市阿賀北4-3-16","34.249271","132.594236"
"日之浦自治会館","広島県呉市安浦町安登1167-6","34.256622","132.751555"
"塩谷自治会館","広島県呉市安浦町安登3084-31","34.244422","132.746475"
"小田野原自治会館","広島県呉市安浦町安登西10-1-14","34.255687","132.716453"
"岡谷自治会館","広島県呉市安浦町安登西2-9-18","34.259861","132.724517"
"奥条自治会館","広島県呉市安浦町安登西3-6-20","34.256966","132.720818"
"向野原自治会館","広島県呉市安浦町安登西5-20-50","34.25563","132.721638"
"安登小学校（体育館，教室）","広島県呉市安浦町安登西5-7-19","34.255791","132.722322"
"安登小学校グラウンド","広島県呉市安浦町安登西5-7-19","34.255597","132.722629"
"安登公園","広島県呉市安浦町安登西6","34.251306","132.717796"
"コミュニティいちざこ","広島県呉市安浦町安登西8-4-3","34.252197","132.715876"
"跡条自治会館","広島県呉市安浦町安登東5-8-12","34.251213","132.723902"
"大谷自治会館","広島県呉市安浦町安登東6-5-11","34.24811","132.718747"
"原畑集会所","広島県呉市安浦町原畑348-2","34.280091","132.721523"
"瑞雲寺","広島県呉市安浦町三津口1-21-14","34.285109","132.75387"
"三津口憩の家","広島県呉市安浦町三津口2-18-11","34.282587","132.756702"
"（旧）三津口小学校グラウンド","広島県呉市安浦町三津口2-27-2","34.284563","132.756172"
"（旧）三津口小学校（体育館，教室）","広島県呉市安浦町三津口2-27-2","34.284017","132.756657"
"子之浦自治会館","広島県呉市安浦町三津口3-14-22","34.2828","132.761616"
"女子畑自治会館","広島県呉市安浦町女子畑1788-1","34.30918","132.749195"
"（旧）野路東小学校（体育館）","広島県呉市安浦町女子畑639","34.308413","132.747569"
"（旧）野路東小学校グラウンド","広島県呉市安浦町女子畑639","34.308483","132.748037"
"水尻集会所","広島県呉市安浦町水尻1-14-11","34.273244","132.750606"
"藤木自治会館","広島県呉市安浦町赤向坂1093","34.300711","132.742495"
"赤向坂自治会館","広島県呉市安浦町赤向坂390-7","34.305561","132.730361"
"いなしふれあい広場","広島県呉市安浦町大字中畑字高野谷10713","34.302245","132.70361"
"内海南自治会館","広島県呉市安浦町中央3-2-9","34.282128","132.740368"
"安浦中学校グラウンド","広島県呉市安浦町中央4-2-1","34.282518","132.743624"
"安浦中学校（校舎）","広島県呉市安浦町中央4-2-1","34.282687","132.744219"
"安浦中学校（体育館，教室）","広島県呉市安浦町中央4-2-1","34.282708","132.743998"
"安浦まちづくりセンター","広島県呉市安浦町中央4-3-2","34.281634","132.744278"
"晴海園自治会館","広島県呉市安浦町中央5-1-8","34.282756","132.745318"
"三津口西自治会館","広島県呉市安浦町中央6-2-40","34.282676","132.748912"
"中央ハイツ自治会館","広島県呉市安浦町中央ハイツ13-32","34.251211","132.71167"
"老人福祉センター安浦内海会館","広島県呉市安浦町中央北2-6-32","34.285296","132.741309"
"中切自治会館","広島県呉市安浦町中切1023-4","34.270583","132.725984"
"市原集会所","広島県呉市安浦町中畑1385-6","34.295819","132.696591"
"中畑自治会館","広島県呉市安浦町中畑434-7","34.303456","132.705237"
"安浦会館","広島県呉市安浦町内海南4-6-21","34.277861","132.73634"
"安浦小学校（体育館，教室）","広島県呉市安浦町内海北1-2-5","34.285236","132.73893"
"安浦小学校グラウンド","広島県呉市安浦町内海北1-2-5","34.285511","132.737979"
"安浦小学校（北校舎）","広島県呉市安浦町内海北1-2-5","34.285772","132.738356"
"安浦小学校（南校舎）","広島県呉市安浦町内海北1-2-5","34.2854","132.738512"
"内海北自治会館","広島県呉市安浦町内海北4-13-13","34.29292","132.731528"
"内平自治会館","広島県呉市安浦町内平593-1","34.276326","132.717742"
"押込集会所","広島県呉市押込3-5-2","34.317929","132.565237"
"道心寺礼拝堂","広島県呉市押込6-3-2","34.311736","132.573526"
"せとぎん会館","広島県呉市音戸町鰯浜2-4-21","34.19449","132.534638"
"引地区集会所","広島県呉市音戸町引地1-4-18","34.195966","132.536218"
"高須集会所","広島県呉市音戸町高須2-3-44","34.186639","132.537226"
"先奥区自治会館","広島県呉市音戸町先奥2-3-29","34.158155","132.521422"
"早瀬パブリックセンター","広島県呉市音戸町早瀬2-53-1","34.151664","132.495479"
"坪井区自治会館","広島県呉市音戸町坪井2-7-11","34.198293","132.532887"
"（旧）田原小学校グラウンド","広島県呉市音戸町田原2-3-1","34.176201","132.498919"
"田原保健福祉活動センター","広島県呉市音戸町田原2-3-16","34.175703","132.498633"
"（旧）渡子小学校グラウンド","広島県呉市音戸町渡子2-23-1","34.190094","132.512416"
"渡子区自治会館（旧渡子小学校）","広島県呉市音戸町渡子2-23-1","34.190126","132.512959"
"音戸西中学校グラウンド","広島県呉市音戸町渡子3-16-1","34.187039","132.506943"
"明徳中学校（体育館，教室）","広島県呉市音戸町藤脇1-30-1","34.151116","132.509877"
"明徳中学校グラウンド","広島県呉市音戸町藤脇1-30-1","34.150435","132.509408"
"藤脇憩いの家","広島県呉市音戸町藤脇2-8-2","34.147307","132.505028"
"音戸小学校（体育館，教室）","広島県呉市音戸町南隠渡1-12-6","34.186304","132.534524"
"音戸小学校グラウンド","広島県呉市音戸町南隠渡1-12-6","34.186153","132.534902"
"南隠渡区集会所","広島県呉市音戸町南隠渡1-4-26","34.188154","132.532198"
"音戸まちづくりセンター","広島県呉市音戸町南隠渡1-7-1","34.188101","132.534096"
"音戸中学校（体育館，教室）","広島県呉市音戸町南隠渡4-15-1","34.18274","132.529669"
"音戸中学校グラウンド","広島県呉市音戸町南隠渡4-15-1","34.183124","132.529601"
"波多見コミュニティセンター","広島県呉市音戸町波多見2-17-1","34.183183","132.551627"
"大浦崎スポーツセンター","広島県呉市音戸町波多見6-20-1","34.173971","132.555091"
"大浦崎体育館（大浦崎スポーツセンター）","広島県呉市音戸町波多見6-20-1","34.174569","132.555003"
"大浦崎会館（大浦崎スポーツセンター）","広島県呉市音戸町波多見6-20-1","34.175115","132.555321"
"波多見小学校（体育館，教室）","広島県呉市音戸町波多見9-11-1","34.175768","132.54522"
"波多見小学校グラウンド","広島県呉市音戸町波多見9-11-1","34.175631","132.545487"
"畑区自治会館","広島県呉市音戸町畑1-27-31","34.165497","132.530803"
"（旧）奥内小学校（体育館）","広島県呉市音戸町畑3-27-1","34.160948","132.523203"
"（旧）奥内小学校グラウンド","広島県呉市音戸町畑3-27-1","34.160846","132.52373"
"音戸高等学校グラウンド","広島県呉市音戸町北隠渡1-1-1","34.192511","132.531796"
"音戸高等学校（体育館）","広島県呉市音戸町北隠渡1-1-1","34.19288","132.532057"
"北隠渡区集会所","広島県呉市音戸町北隠渡1-7-15","34.191273","132.532396"
"有清区自治会館","広島県呉市音戸町有清1-23-26","34.16136","132.521095"
"下蒲刈まちづくりセンター","広島県呉市下蒲刈町下島1730","34.191596","132.674735"
"（旧）下蒲刈中学校（体育館，教室）","広島県呉市下蒲刈町下島2119","34.192974","132.677646"
"（旧）下蒲刈中学校グラウンド","広島県呉市下蒲刈町下島2119","34.192496","132.677944"
"下蒲刈市民センター","広島県呉市下蒲刈町下島2361-7","34.186439","132.683269"
"大地蔵集会所","広島県呉市下蒲刈町下島3290-3","34.174335","132.662082"
"正念寺","広島県呉市下蒲刈町下島3314-2","34.175418","132.661849"
"正円寺","広島県呉市海岸1-2-13","34.243974","132.550052"
"川原石集会所","広島県呉市海岸2-5-8","34.247771","132.543964"
"港町小学校グラウンド","広島県呉市海岸3-5-30","34.247984","132.542697"
"港町小学校（体育館，教室）","広島県呉市海岸3-5-30","34.248175","132.542292"
"蒲刈まちづくりセンター","広島県呉市蒲刈町1112-29","34.18745","132.688392"
"蒲刈市民センター","広島県呉市蒲刈町宮盛1-2","34.197234","132.73203"
"宮盛集会所","広島県呉市蒲刈町宮盛字前田913-1","34.194824","132.736606"
"向清水集会所","広島県呉市蒲刈町向2535-1","34.188267","132.694971"
"向コミュニティセンター","広島県呉市蒲刈町向3206-1","34.1913","132.688808"
"蒲刈中学校グラウンド","広島県呉市蒲刈町向771","34.185107","132.692155"
"蒲刈中学校（体育館，教室）","広島県呉市蒲刈町向771","34.18441","132.692364"
"蒲刈小学校グラウンド","広島県呉市蒲刈町向771","34.185369","132.692032"
"蒲刈小学校（体育館，教室）","広島県呉市蒲刈町向771","34.185704","132.691939"
"大浦集会所グラウンド","広島県呉市蒲刈町大浦5116","34.179528","132.753466"
"大浦集会所（旧蒲刈小学校）","広島県呉市蒲刈町大浦5116","34.179623","132.753661"
"蒲刈介護予防センター","広島県呉市蒲刈町大浦字宮田新開5109-2","34.179347","132.75409"
"恵みの丘蒲刈","広島県呉市蒲刈町大浦字前沖浦","34.1641","132.749133"
"蒲刈町開発総合センター","広島県呉市蒲刈町田戸2308-1","34.197042","132.722644"
"宮花町区自治会館","広島県呉市吉浦宮花町1-27","34.25948","132.526419"
"吉浦運動場","広島県呉市吉浦西城町16","34.260847","132.526011"
"吉浦小学校グラウンド","広島県呉市吉浦中町2-6-5","34.260784","132.52948"
"吉浦小学校（体育館，教室）","広島県呉市吉浦中町2-6-5","34.261074","132.529669"
"誓光寺","広島県呉市吉浦中町2-8-30","34.261343","132.530748"
"勝法寺","広島県呉市吉浦東町1-14","34.257016","132.530978"
"吉浦まちづくりセンター","広島県呉市吉浦東本町1-7-23","34.257803","132.529749"
"吉浦集会所","広島県呉市吉浦本町3-11-35","34.263077","132.529899"
"魚見会館","広島県呉市吉浦潭鼓町3-12","34.255844","132.531644"
"休谷ホーム","広島県呉市宮原1-5-26","34.235998","132.568144"
"坪内小学校（体育館，教室）","広島県呉市宮原12-13-1","34.223564","132.555999"
"坪内小学校グラウンド","広島県呉市宮原12-13-1","34.223293","132.556158"
"呉宮原高等学校（体育館）","広島県呉市宮原3-1-1","34.235755","132.563"
"呉宮原高等学校グラウンド","広島県呉市宮原3-1-1","34.235641","132.563259"
"宮原集会所（宮原支所）","広島県呉市宮原4-10-1","34.233414","132.562577"
"宮原小学校（体育館，教室）","広島県呉市宮原4-8-1","34.233357","132.562136"
"宮原小学校グラウンド","広島県呉市宮原4-8-1","34.233314","132.561577"
"正圓寺","広島県呉市宮原5-7-29","34.232725","132.5631"
"宮原まちづくりセンター","広島県呉市宮原7-4-21","34.229797","132.559801"
"郷原小学校グラウンド","広島県呉市郷原町1584-1","34.300579","132.635218"
"郷原小学校（体育館，教室）","広島県呉市郷原町1584-1","34.300971","132.635323"
"郷原まちづくりセンター","広島県呉市郷原町1585-8","34.30001","132.636412"
"郷原中学校グラウンド","広島県呉市郷原町1706","34.297537","132.638629"
"郷原中学校（教室，図書室）","広島県呉市郷原町1706","34.297756","132.638033"
"浄光寺","広島県呉市郷原町1912","34.30205","132.633641"
"グリーンヒル郷原（グラウンド）","広島県呉市郷原野路の里2-3-1","34.299061","132.652461"
"グリーンヒル郷原","広島県呉市郷原野路の里2-3-1","34.299907","132.651635"
"グリーンヒル郷原","広島県呉市郷原野路の里2-3-1","34.299907","132.651635"
"警固屋公園多目的広場","広島県呉市警固屋2","34.21293","132.542929"
"警固屋まちづくりセンター","広島県呉市警固屋2-222","34.213338","132.544337"
"警固屋体育館","広島県呉市警固屋2-222","34.213683","132.543943"
"満行寺","広島県呉市警固屋4-11-5","34.211536","132.546436"
"法晃寺","広島県呉市警固屋5-9-8","34.207797","132.545354"
"警固屋市民センター","広島県呉市警固屋6-3-15","34.202146","132.540994"
"警固屋中学校グラウンド","広島県呉市警固屋7-4-1","34.199698","132.541829"
"警固屋中学校（体育館，教室）","広島県呉市警固屋7-4-1","34.199368","132.541902"
"警固屋小学校グラウンド","広島県呉市警固屋7-5-1","34.20049","132.542304"
"警固屋小学校（体育館，教室）","広島県呉市警固屋7-5-1","34.200241","132.542246"
"みはらし荘","広島県呉市警固屋8-17-1","34.197102","132.545016"
"警固屋９丁目アパート集会所","広島県呉市警固屋9-7","34.197283","132.554681"
"見晴説教場","広島県呉市見晴2-5-57","34.198856","132.551958"
"入船山公園多目的広場","広島県呉市幸町5","34.238776","132.562295"
"白岳小学校（東西校舎）","広島県呉市広駅前1-6-1","34.231862","132.628385"
"白岳小学校（校舎）","広島県呉市広駅前1-6-1","34.231933","132.628071"
"白岳小学校（体育館，教室）","広島県呉市広駅前1-6-1","34.231532","132.62728"
"白岳小学校グラウンド","広島県呉市広駅前1-6-1","34.231465","132.627902"
"白岳中学校（校舎）","広島県呉市広駅前2-11-1","34.230725","132.632609"
"白岳中学校（体育館，教室）","広島県呉市広駅前2-11-1","34.230821","132.63318"
"白岳中学校グラウンド","広島県呉市広駅前2-11-1","34.230167","132.632531"
"白岳中学校（特別教室）","広島県呉市広駅前2-11-1","34.230958","132.632854"
"広北ふれあい集会所","広島県呉市広塩焼1-2-29","34.249279","132.630784"
"南横路自治会館","広島県呉市広横路2-1-5","34.239843","132.610168"
"広西集会所","広島県呉市広横路4-1-47","34.24279","132.616525"
"横路小学校グラウンド","広島県呉市広横路4-1-9","34.242624","132.615468"
"横路小学校（体育館，教室）","広島県呉市広横路4-1-9","34.24222","132.614808"
"横路小学校（北校舎）","広島県呉市広横路4-1-9","34.242768","132.614905"
"横路小学校（南校舎）","広島県呉市広横路4-1-9","34.242482","132.615107"
"横路中学校（体育館，教室）","広島県呉市広横路4-9-15","34.243202","132.615851"
"横路中学校グラウンド","広島県呉市広横路4-9-15","34.243718","132.615478"
"横路中学校（西校舎）","広島県呉市広横路4-9-15","34.243295","132.615205"
"横路中学校（校舎）","広島県呉市広横路4-9-15","34.243088","132.615402"
"広中央中学校グラウンド","広島県呉市広吉松2-15-1","34.242943","132.629099"
"広中央中学校（体育館，教室）","広島県呉市広吉松2-15-1","34.242988","132.630086"
"広まちづくりセンター","広島県呉市広古新開2-1-3","34.232554","132.615208"
"東消防署・防災センター","広島県呉市広古新開2-1-9","34.233049","132.614332"
"呉商業高等学校（体育館）","広島県呉市広古新開4-1-1","34.238016","132.613228"
"呉商業高等学校グラウンド","広島県呉市広古新開4-1-1","34.237963","132.614028"
"広島国際大学呉キャンパスグラウンド","広島県呉市広古新開5-1-1","34.237201","132.616206"
"広島国際大学呉キャンパス１号館","広島県呉市広古新開5-1-1","34.237872","132.616326"
"広島国際大学呉キャンパス（体育館）","広島県呉市広古新開5-1-1","34.23683","132.616935"
"広島国際大学呉キャンパス５号館","広島県呉市広古新開5-1-1","34.238453","132.615548"
"教法寺","広島県呉市広古新開6-17-27","34.23773","132.620922"
"広小学校（第一校舎）","広島県呉市広杭本町3-1","34.238738","132.626967"
"広小学校（体育館，教室）","広島県呉市広杭本町3-1","34.238608","132.627405"
"広小学校（第三校舎）","広島県呉市広杭本町3-1","34.238284","132.626803"
"広小学校（第二校舎）","広島県呉市広杭本町3-1","34.238506","132.626867"
"広小学校グラウンド","広島県呉市広杭本町3-1","34.237918","132.626633"
"（旧）小坪小学校グラウンド","広島県呉市広小坪1-24-1","34.207687","132.633959"
"（旧）小坪小学校（体育館）","広島県呉市広小坪1-24-1","34.207557","132.634842"
"小坪集会所","広島県呉市広小坪1-40-6","34.206805","132.636275"
"東小坪自治会館","広島県呉市広小坪2-1-1","34.204055","132.638416"
"石内老人集会所","広島県呉市広石内2-8-7","34.265871","132.630979"
"クリーンセンターくれ","広島県呉市広多賀谷3-9-3","34.223949","132.605452"
"広中央老人集会所","広島県呉市広大新開1-2-27","34.231642","132.62389"
"広公園","広島県呉市広大新開1-7","34.231758","132.62595"
"オークアリーナ","広島県呉市広大新開1-7-1","34.232389","132.62663"
"オークアリーナ（駐車場）","広島県呉市広大新開1-7-1","34.232996","132.626578"
"広高等学校グラウンド","広島県呉市広大新開3-6-44","34.234281","132.629231"
"広高等学校（体育館，格技場）","広島県呉市広大新開3-6-44","34.234444","132.630055"
"善通寺支坊","広島県呉市広中新開2-2-10","34.23897","132.624545"
"三坂地小学校グラウンド","広島県呉市広中迫町4-1","34.246588","132.629693"
"三坂地小学校（体育館，教室）","広島県呉市広中迫町4-1","34.247074","132.629714"
"長浜老人集会所","広島県呉市広長浜2-1-17","34.212776","132.621753"
"専徳寺","広島県呉市広長浜3-13-21","34.21503","132.622361"
"住蓮寺","広島県呉市広長浜3-8-31","34.214058","132.623107"
"広南小学校（体育館，教室）","広島県呉市広長浜4-1-26","34.212064","132.625105"
"広南小学校グラウンド","広島県呉市広長浜4-1-26","34.211902","132.625"
"広南中学校グラウンド","広島県呉市広長浜4-1-9","34.212339","132.623498"
"広南中学校（体育館，教室）","広島県呉市広長浜4-1-9","34.211985","132.624434"
"広津久茂自治会館","広島県呉市広津久茂町7-8","34.219673","132.621717"
"徳丸自治会館","広島県呉市広徳丸町11-17","34.257809","132.632029"
"広白岳３丁目自治会館","広島県呉市広白岳3-11-18","34.223945","132.632508"
"広会館","広島県呉市広白岳3-6-34","34.222991","132.633775"
"ゴッド・広中央パーキング","広島県呉市広文化町1-6","34.233088","132.613682"
"新日本造機㈱（事務棟・食堂棟）","広島県呉市広末広1-2-10","34.230375","132.620191"
"名田説教場","広島県呉市広名田2-8-8","34.226156","132.626707"
"両城小学校（体育館，教室）","広島県呉市三条2-15-12","34.248146","132.551783"
"両城小学校（第２校舎，第３校舎）","広島県呉市三条2-15-12","34.247295","132.551406"
"両城小学校グラウンド","広島県呉市三条2-15-12","34.247888","132.551735"
"両城小学校（第１校舎）","広島県呉市三条2-15-12","34.247587","132.551466"
"三条集会所","広島県呉市三条3-7-13","34.248906","132.553963"
"明西寺","広島県呉市三条3-8-9","34.249454","132.554543"
"山手１丁目集会所","広島県呉市山手1-23-16","34.254588","132.559664"
"呉三津田高等学校（体育館）","広島県呉市山手1-5-1","34.252341","132.558543"
"呉三津田高等学校グラウンド","広島県呉市山手1-5-1","34.251367","132.557032"
"山の手会館","広島県呉市山手2-2-1-101","34.256429","132.559901"
"本通小学校（体育館，教室）","広島県呉市寺本町1-10","34.248113","132.572046"
"本通小学校グラウンド","広島県呉市寺本町1-10","34.247768","132.572166"
"（旧）落走小学校グラウンド","広島県呉市汐見町10-25","34.278441","132.521193"
"落走自治会館","広島県呉市汐見町12-8","34.278683","132.520584"
"海上保安大学校（講堂兼体育館）","広島県呉市若葉町5-1","34.246096","132.527245"
"吉浦中学校グラウンド","広島県呉市狩留賀町8-6","34.264927","132.516599"
"吉浦中学校（体育館，教室）","広島県呉市狩留賀町8-6","34.264572","132.517235"
"昭和南いきいきライフホーム","広島県呉市焼山ひばりケ丘町19-28","34.281135","132.547602"
"昭和西小学校（体育館，教室）","広島県呉市焼山宮ケ迫1-3-1","34.298724","132.553895"
"昭和西小学校グラウンド","広島県呉市焼山宮ケ迫1-3-1","34.298302","132.553981"
"昭和南小学校グラウンド","広島県呉市焼山此原町14-1","34.282525","132.546453"
"昭和南小学校（体育館，教室）","広島県呉市焼山此原町14-1","34.282038","132.546369"
"桜ヶ丘老人集会所","広島県呉市焼山桜ケ丘2-6-5","34.283421","132.555037"
"呉二河峡ゴルフセンター","広島県呉市焼山松ヶ丘2-1-1","34.279818","132.550842"
"円福寺","広島県呉市焼山西3-19-14","34.296308","132.554893"
"昭和西ふれあい集会所","広島県呉市焼山西3-4-3","34.292438","132.55286"
"昭和北中学校グラウンド","広島県呉市焼山泉ケ丘2-11-1","34.311041","132.556388"
"昭和北中学校（体育館，教室）","広島県呉市焼山泉ケ丘2-11-1","34.31138","132.55618"
"昭和市民センター","広島県呉市焼山中央2-8-12","34.296695","132.557618"
"昭和体育館","広島県呉市焼山中央2-8-12","34.296662","132.558278"
"昭和市民センター駐車場","広島県呉市焼山中央2-8-12","34.296943","132.558039"
"昭和中央小学校グラウンド","広島県呉市焼山中央4-1-1","34.289594","132.560563"
"昭和中央小学校（体育館，教室）","広島県呉市焼山中央4-1-1","34.289209","132.560815"
"昭和中央集会所","広島県呉市焼山中央4-4-18","34.291376","132.560519"
"ダイナム広島呉焼山店","広島県呉市焼山中央6-13-13","34.289539","132.568817"
"昭和中学校（体育館，教室）","広島県呉市焼山中央6-9-1","34.289586","132.564879"
"昭和中学校グラウンド","広島県呉市焼山中央6-9-1","34.290592","132.564777"
"焼山公園","広島県呉市焼山町","34.2977","132.546376"
"野外活動センター","広島県呉市焼山町字山の神598","34.289987","132.537226"
"焼山第三団地ふれあい集会所","広島県呉市焼山東2-2-6","34.295363","132.565289"
"呉特別支援学校（体育室）","広島県呉市焼山北3-22-1","34.307927","132.553644"
"昭和北小学校（体育館，教室）","広島県呉市焼山本庄1-6-1","34.306293","132.554802"
"昭和北小学校グラウンド","広島県呉市焼山本庄1-6-1","34.306097","132.555286"
"新宮町自治会館","広島県呉市新宮町13-5","34.248455","132.537353"
"神山集会所","広島県呉市神山1-19-29","34.277279","132.572525"
"皆実会館","広島県呉市仁方皆実町1-11","34.21622","132.655552"
"仁方中学校グラウンド","広島県呉市仁方桟橋通16-8","34.220475","132.654216"
"仁方中学校（校舎）","広島県呉市仁方桟橋通16-8","34.220768","132.654041"
"仁方中学校（体育館，教室）","広島県呉市仁方桟橋通16-8","34.220661","132.65352"
"仁方老人集会所","広島県呉市仁方桟橋通3-5","34.221569","132.654993"
"八岩華神社","広島県呉市仁方西神町26-2","34.227587","132.650382"
"神町自治会館","広島県呉市仁方西神町34-1","34.227667","132.64807"
"実相院","広島県呉市仁方西神町7-9","34.225257","132.65158"
"仁方大歳自治会館","広島県呉市仁方大歳町20-37","34.222559","132.661975"
"浄徳寺","広島県呉市仁方中筋町1-2","34.227856","132.650966"
"中筋自治会館","広島県呉市仁方中筋町21","34.233009","132.65316"
"戸田自治会館","広島県呉市仁方町戸田4060-1","34.209165","132.652617"
"東側自治会館","広島県呉市仁方本町1-17-1","34.226121","132.653064"
"大東自治会館","広島県呉市仁方本町1-4-20","34.222637","132.653687"
"仁方まちづくりセンター","広島県呉市仁方本町1-6-11","34.223924","132.652688"
"仁方小学校グラウンド","広島県呉市仁方本町1-6-6","34.223052","132.653156"
"仁方小学校（体育館，教室）","広島県呉市仁方本町1-6-6","34.223482","132.652971"
"晴海町自治会館","広島県呉市瀬戸見町1-1","34.246868","132.532973"
"惣付ふれあい集会所","広島県呉市西惣付町12-26","34.262211","132.573274"
"消防局","広島県呉市西中央3-1-9","34.248524","132.560107"
"呉中央中学校（体育館，教室）","広島県呉市西中央4-10-52","34.252216","132.559889"
"呉中央小学校グラウンド","広島県呉市西中央4-10-52","34.252872","132.559982"
"呉中央小学校（体育館，教室）","広島県呉市西中央4-10-52","34.253252","132.56021"
"呉中央中学校グラウンド","広島県呉市西中央4-10-52","34.251775","132.55972"
"呉中央小学校（管理棟，教室棟）","広島県呉市西中央4-10-52","34.253182","132.560338"
"アポート呉","広島県呉市西中央7-34","34.249339","132.56058"
"清水ヶ丘高等学校グラウンド","広島県呉市青山町2-1","34.239854","132.568047"
"清水ケ丘高等学校（体育館）","広島県呉市青山町2-1","34.240056","132.567161"
"川尻町転作促進研修所","広島県呉市川尻町久筋1-7-27","34.241047","132.701073"
"川尻小学校（体育館，教室）","広島県呉市川尻町久俊1-5-24","34.237936","132.693298"
"川尻小学校グラウンド","広島県呉市川尻町久俊1-5-24","34.238067","132.693653"
"久俊文化会館","広島県呉市川尻町久俊2-10-72","34.24069","132.69554"
"小仁方文化会館","広島県呉市川尻町小仁方1-23-7","34.213964","132.678652"
"小用文化会館","広島県呉市川尻町小用1-13-12","34.239959","132.718347"
"原山会館","広島県呉市川尻町森3-11-31","34.236229","132.686005"
"川尻中学校グラウンド","広島県呉市川尻町西1-23-47","34.231315","132.692522"
"川尻中学校（体育館，教室）","広島県呉市川尻町西1-23-47","34.232042","132.69263"
"川尻中学校（校舎）","広島県呉市川尻町西1-23-47","34.231769","132.693016"
"森・沖田コミュニティホーム","広島県呉市川尻町西1-29-1","34.229781","132.692612"
"川尻福祉センターふれあい","広島県呉市川尻町西2-3-33","34.235433","132.694089"
"森文化会館","広島県呉市川尻町西3-1-5","34.233586","132.69131"
"西の宮地区会館","広島県呉市川尻町西4-4-18","34.227745","132.689473"
"岩戸自治会館","広島県呉市川尻町西6-5-38","34.218858","132.683971"
"川尻まちづくりセンター","広島県呉市川尻町東1-1-21","34.235395","132.696324"
"かわじり中央会館","広島県呉市川尻町東1-8-15","34.235466","132.697739"
"川尻グラウンド","広島県呉市川尻町東2","34.236726","132.703064"
"宮原中学校（体育館，教室）","広島県呉市船見町1-1","34.226529","132.555006"
"宮原中学校グラウンド","広島県呉市船見町1-1","34.22628","132.554842"
"（旧）尾立小学校グラウンド","広島県呉市倉橋町10003","34.105944","132.533162"
"（旧）倉橋東小学校（体育館）","広島県呉市倉橋町11161-1","34.099769","132.540393"
"（旧）倉橋東小学校グラウンド","広島県呉市倉橋町11161-1","34.099597","132.540673"
"倉橋東センター","広島県呉市倉橋町11959-25","34.098941","132.54394"
"（旧）倉橋西中学校グラウンド","広島県呉市倉橋町1313","34.108558","132.505041"
"大迫コミュニティホーム","広島県呉市倉橋町14105-10","34.115902","132.570616"
"海越生活改善センター","広島県呉市倉橋町15101-2","34.088417","132.548573"
"鹿老渡社会教育施設グラウンド","広島県呉市倉橋町16537","34.071073","132.551205"
"鹿老渡社会教育施設","広島県呉市倉橋町16537","34.071242","132.551326"
"鹿島中老人集会所","広島県呉市倉橋町18320-2","34.060191","132.527569"
"鹿島中コミュニティホーム","広島県呉市倉橋町18650-2","34.065301","132.530442"
"鹿島社会教育施設グラウンド","広島県呉市倉橋町18733","34.069127","132.531822"
"鹿島社会教育施設","広島県呉市倉橋町18733","34.068932","132.531939"
"石原老人集会所","広島県呉市倉橋町2390-8","34.103608","132.502655"
"尾曽郷老人集会所","広島県呉市倉橋町2807-7","34.092769","132.491863"
"須川説教所","広島県呉市倉橋町3296-2","34.09408","132.4883"
"倉橋小中学校グラウンド","広島県呉市倉橋町383-2","34.102299","132.51467"
"倉橋小中学校（体育館，教室）","広島県呉市倉橋町383-2","34.102566","132.514864"
"西宇土老人集会所","広島県呉市倉橋町3904-2","34.089046","132.473881"
"鹿島瀬戸コミュニティホーム","広島県呉市倉橋町4279-11","34.070173","132.53602"
"倉橋まちづくりセンター","広島県呉市倉橋町431","34.101983","132.512367"
"大向老人集会所","広島県呉市倉橋町4492-2","34.093699","132.455809"
"重生コミュニティホーム","広島県呉市倉橋町5345-20","34.114141","132.46137"
"倉橋体育館","広島県呉市倉橋町539-1","34.10306","132.511846"
"重生生活改善センター","広島県呉市倉橋町5786-6","34.119652","132.474671"
"灘コミュニティホーム","広島県呉市倉橋町5869-1","34.126725","132.48399"
"宇和木老人集会所","広島県呉市倉橋町5921-2","34.128475","132.499292"
"宇和木社会教育施設グラウンド","広島県呉市倉橋町5926-2","34.128817","132.499043"
"才ノ木老人集会所","広島県呉市倉橋町597-3","34.1034","132.509767"
"明徳小学校グラウンド","広島県呉市倉橋町7490","34.146018","132.508287"
"明徳小学校（体育館，教室）","広島県呉市倉橋町7490","34.1463","132.508293"
"倉橋まちづくりセンター釣士田分館","広島県呉市倉橋町7529","34.145947","132.510314"
"長谷老人集会所","広島県呉市倉橋町8191-1","34.143957","132.530013"
"農業技術拠点センター","広島県呉市倉橋町894","34.104957","132.50578"
"（旧）倉橋小学校（体育館・教室）","広島県呉市倉橋町963","34.106075","132.507332"
"（旧）倉橋小学校グラウンド","広島県呉市倉橋町963","34.10568","132.507184"
"尾立生活改善センター","広島県呉市倉橋町9964-7","34.103895","132.53295"
"鹿島下老人集会所","広島県呉市倉橋町乙17738","34.052648","132.521674"
"スーパーＯＺ","広島県呉市築地町1-16","34.243036","132.547239"
"二川まちづくりセンター","広島県呉市築地町3-1","34.244593","132.545439"
"クレイトンベイホテル","広島県呉市築地町3-3","34.244007","132.545691"
"広島ガス不動産呉ビル","広島県呉市中央1-6-26","34.244103","132.559857"
"中央図書館","広島県呉市中央3-10-3","34.246873","132.562898"
"蔵本駐車場","広島県呉市中央3-11-5","34.247515","132.563507"
"呉地方合同庁舎（立体駐車場）","広島県呉市中央3-9-15","34.248081","132.562979"
"中央公園","広島県呉市中央4","34.24943","132.56451"
"呉市体育館","広島県呉市中央4-1-1","34.250334","132.563978"
"福祉会館","広島県呉市中央5-12-21","34.250225","132.565678"
"つばき会館","広島県呉市中央6-2-9","34.25009","132.566418"
"落走集会所","広島県呉市長谷町22-4","34.275502","132.522155"
"長迫小学校グラウンド","広島県呉市長迫町12-5","34.249481","132.577883"
"長迫小学校（体育館，教室）","広島県呉市長迫町12-5","34.249807","132.577563"
"坪ノ内アパート集会所","広島県呉市坪ノ内町10","34.221367","132.553346"
"法正寺","広島県呉市的場3-7-12","34.213234","132.549917"
"（旧）鍋小学校グラウンド","広島県呉市的場4-1-1","34.210381","132.547117"
"天応まちづくりセンター","広島県呉市天応宮町4-15","34.287273","132.518028"
"天応ふれあい集会所","広島県呉市天応宮町4-22","34.287179","132.518351"
"天応西条公園","広島県呉市天応西条3-24","34.29213","132.523119"
"大西自治会館","広島県呉市天応西条3-25-65","34.290756","132.523097"
"天応学園グラウンド","広島県呉市天応大浜2-1-64","34.287849","132.515622"
"天応学園（体育館，教室）","広島県呉市天応大浜2-1-64","34.287904","132.515049"
"天応学園（校舎）","広島県呉市天応大浜2-1-64","34.288281","132.515557"
"呉ポートピアパーク","広島県呉市天応大浜3-2-3","34.291115","132.511993"
"天応西いきいきライフホーム","広島県呉市天応伝十原町15-1","34.293227","132.51303"
"福浦集会所","広島県呉市天応福浦町12-37","34.296188","132.510509"
"東愛宕アパート集会室","広島県呉市東愛宕町1-1","34.250472","132.554083"
"東塩屋町自治会館","広島県呉市東塩屋町203","34.249996","132.543542"
"辰川会館（旧辰川小学校（体育館））","広島県呉市東辰川町6-32","34.257859","132.572601"
"荘山田小学校（体育館，教室）","広島県呉市東中央3-1-23","34.253545","132.569924"
"荘山田小学校グラウンド","広島県呉市東中央3-1-23","34.253299","132.569865"
"畑老人集会所","広島県呉市東畑2-4-35","34.252611","132.585614"
"東畑中学校グラウンド","広島県呉市東畑2-7-38","34.253501","132.587258"
"東畑中学校（体育館，教室）","広島県呉市東畑2-7-38","34.253239","132.587101"
"片山中学校グラウンド","広島県呉市東片山町13-5","34.25391","132.566576"
"片山中学校（体育館，教室）","広島県呉市東片山町13-5","34.254419","132.566292"
"栃原自治会館","広島県呉市栃原町西谷683-1","34.285892","132.588144"
"内神自治会館","広島県呉市内神町16-6","34.257251","132.567168"
"二河野球場","広島県呉市二河町","34.254755","132.56143"
"二河公園多目的グラウンド","広島県呉市二河町","34.253806","132.562174"
"スポーツ会館","広島県呉市二河町1-8","34.25458","132.563024"
"和庄小学校グラウンド","広島県呉市八幡町10-7","34.242455","132.568855"
"和庄小学校（体育館，教室）","広島県呉市八幡町10-7","34.242222","132.56913"
"（旧）昭和東小学校（体育館，教室）","広島県呉市苗代町39-2","34.290858","132.591425"
"昭和東まちづくりセンター","広島県呉市苗代町39-2","34.290516","132.591141"
"苗代自治会館","広島県呉市苗代町字岡ノ台544-2","34.296273","132.587008"
"（旧）昭和東小学校グラウンド","広島県呉市苗代町字八幡野39-2","34.291021","132.590758"
"明立小学校グラウンド","広島県呉市伏原2-6-38","34.254459","132.576806"
"明立小学校（体育館，教室）","広島県呉市伏原2-6-38","34.254955","132.576828"
"呉駅西共同ビル","広島県呉市宝町1-10","34.245537","132.55676"
"折本マリンビル３号館","広島県呉市宝町4-21","34.241584","132.557304"
"呉中央桟橋ターミナル","広島県呉市宝町4-44","34.240588","132.556429"
"ゆめタウン呉","広島県呉市宝町5-10","34.242249","132.556245"
"三菱日立パワーシステムズ（株）呉工場","広島県呉市宝町6-9","34.24328","132.557151"
"沖友コミュニティセンター","広島県呉市豊町沖友1005-1","34.162475","132.838497"
"豊スポーツセンター","広島県呉市豊町沖友1132","34.161334","132.839116"
"豊スポーツセンターグラウンド","広島県呉市豊町沖友1132","34.161135","132.839153"
"久比コミュニティセンター駐車場","広島県呉市豊町久比2321-4","34.181917","132.830997"
"久比コミュニティセンター","広島県呉市豊町久比2321-4","34.181704","132.830622"
"豊小学校グラウンド","広島県呉市豊町久比2411-1","34.183869","132.830213"
"豊小学校（体育館，教室）","広島県呉市豊町久比2411-1","34.185214","132.830189"
"久比東コミュニティセンター","広島県呉市豊町久比328","34.182746","132.831236"
"三角集会所","広島県呉市豊町久比3955","34.19176","132.818723"
"御手洗港町交流館施設","広島県呉市豊町御手洗231-1","34.179831","132.86678"
"（旧）豊小学校グラウンド","広島県呉市豊町大長4790-1","34.180576","132.862497"
"豊市民センター駐車場","広島県呉市豊町大長5915-3","34.183468","132.857617"
"豊まちづくりセンター","広島県呉市豊町大長5915-3","34.183097","132.857637"
"斎島集会所","広島県呉市豊浜町大字斎島1605-5","34.118986","132.793328"
"立花集会所（農業構造改善センター）","広島県呉市豊浜町大字大浜286","34.176833","132.807538"
"大浜集会所","広島県呉市豊浜町大字大浜622","34.166461","132.808654"
"豊浜グラウンド（架橋記念公園）","広島県呉市豊浜町大字大浜地内","34.172077","132.804896"
"内浦集会所","広島県呉市豊浜町大字豊島1033-4","34.169204","132.795514"
"山崎集会所","広島県呉市豊浜町大字豊島3142-1","34.182391","132.792814"
"豊浜中学校グラウンド","広島県呉市豊浜町大字豊島3438","34.180425","132.795629"
"豊浜中学校（体育館，教室）","広島県呉市豊浜町大字豊島3438","34.179953","132.796147"
"豊浜まちづくりセンター","広島県呉市豊浜町大字豊島3526-15","34.176308","132.798678"
"（旧）豊島小学校グラウンド","広島県呉市豊浜町大字豊島3690","34.17396","132.796133"
"（旧）豊島小学校（教室）","広島県呉市豊浜町大字豊島3690","34.174683","132.796405"
"豊浜まちづくりセンター豊島分館","広島県呉市豊浜町大字豊島3959-1","34.173873","132.797262"
"北塩屋町自治会館","広島県呉市北塩屋町9-28","34.255123","132.54393"
"和庄集会所","広島県呉市本町22-4","34.243141","132.56997"
"両城中学校（体育館，教室）","広島県呉市両城2-22-15","34.248435","132.548812"
"両城中学校グラウンド","広島県呉市両城2-22-15","34.247972","132.5492"
"和庄中学校グラウンド","広島県呉市和庄登町3-18","34.244934","132.570258"
"和庄中学校（体育館，教室）","広島県呉市和庄登町3-18","34.244639","132.570943"
"阿戸学区集会所","広島県広島市安芸区阿戸町2488-5","34.381756","132.631878"
"阿戸認定こども園","広島県広島市安芸区阿戸町2622","34.383655","132.626452"
"阿戸中学校","広島県広島市安芸区阿戸町2847","34.384567","132.626545"
"阿戸小学校","広島県広島市安芸区阿戸町2862-1","34.3849","132.626493"
"阿戸生活改善センター","広島県広島市安芸区阿戸町4020-1","34.397285","132.620662"
"阿戸福祉センター","広島県広島市安芸区阿戸町6038","34.383913","132.625273"
"阿戸公民館","広島県広島市安芸区阿戸町6166","34.381403","132.625366"
"阿戸児童館","広島県広島市安芸区阿戸町6175-2","34.381196","132.625544"
"瀬野川公園","広島県広島市安芸区上瀬野","34.429369","132.638467"
"瀬野学区集会所","広島県広島市安芸区上瀬野2-16-12","34.425103","132.620118"
"荒谷集会所","広島県広島市安芸区上瀬野町399-3","34.417639","132.63153"
"中大山集会所","広島県広島市安芸区上瀬野町758","34.432459","132.629796"
"朝宮集会所","広島県広島市安芸区上瀬野南1-1995","34.420508","132.620171"
"瀬野公民館","広島県広島市安芸区瀬野1-29-21","34.420962","132.605145"
"瀬野幼稚園","広島県広島市安芸区瀬野1-35-1","34.421272","132.606132"
"瀬野小学校","広島県広島市安芸区瀬野1-35-32","34.421787","132.606828"
"瀬野児童館","広島県広島市安芸区瀬野1-36-13","34.422081","132.607396"
"瀬野福祉センター","広島県広島市安芸区瀬野1-4-19","34.42165","132.59756"
"みどり坂小学校","広島県広島市安芸区瀬野西1-38-1","34.4267","132.590125"
"みどり坂第一公園","広島県広島市安芸区瀬野西2-2","34.424314","132.598708"
"みどり坂中央公園","広島県広島市安芸区瀬野西4-1","34.428643","132.589313"
"みどり坂学区集会所","広島県広島市安芸区瀬野西4-4-10","34.429908","132.590062"
"立石集会所","広島県広島市安芸区瀬野町2737-9","34.437074","132.58698"
"正之坪集会所","広島県広島市安芸区瀬野南1-15-7","34.419879","132.60089"
"船越西部保育園","広島県広島市安芸区船越1-41-9","34.375894","132.517672"
"西古谷集会所","広島県広島市安芸区船越1-9-11","34.377329","132.518412"
"岩滝公園","広島県広島市安芸区船越4-12","34.378748","132.52562"
"船越東部集会所","広島県広島市安芸区船越5-22-1","34.374697","132.528161"
"船越小学校","広島県広島市安芸区船越5-22-11","34.374805","132.52716"
"船越公民館","広島県広島市安芸区船越5-22-23","34.373873","132.526146"
"船越幼稚園","広島県広島市安芸区船越5-22-41","34.374436","132.52576"
"船越中学校","広島県広島市安芸区船越6-44-1","34.383084","132.533293"
"安芸区民文化センター","広島県広島市安芸区船越南3-2-16","34.37212","132.526794"
"船越南部保育園","広島県広島市安芸区船越南3-21-23","34.369656","132.52348"
"北鴻治集会所","広島県広島市安芸区船越南3-25-31","34.371329","132.52644"
"下前田集会所","広島県広島市安芸区中野2-34-11","34.387504","132.55657"
"中野西集会所","広島県広島市安芸区中野2-6-21","34.38938","132.560558"
"中野公民館","広島県広島市安芸区中野3-20-9","34.396652","132.570104"
"中野小学校","広島県広島市安芸区中野4-21-1","34.399315","132.57315"
"中野児童館","広島県広島市安芸区中野4-21-2","34.398675","132.573654"
"瀬野川中学校","広島県広島市安芸区中野4-24-1","34.401156","132.57265"
"中野東児童館","広島県広島市安芸区中野5-11-1","34.402982","132.581653"
"中野東小学校","広島県広島市安芸区中野5-11-1","34.403904","132.58096"
"中野保育園","広島県広島市安芸区中野5-19-1","34.403117","132.579161"
"中野集会所","広島県広島市安芸区中野5-20-2","34.402781","132.578947"
"瀬野川東中学校","広島県広島市安芸区中野7-29-1","34.420801","132.588286"
"安芸区スポーツセンター","広島県広島市安芸区中野東2-3-1","34.391189","132.566028"
"畑賀学区集会所","広島県広島市安芸区畑賀2-15-23","34.392655","132.553387"
"畑賀児童館","広島県広島市安芸区畑賀3-23-12","34.394147","132.549026"
"畑賀小学校","広島県広島市安芸区畑賀3-28-16","34.393913","132.550107"
"畑賀福祉センター","広島県広島市安芸区畑賀3-30-14","34.394128","132.551037"
"畑賀保育園","広島県広島市安芸区畑賀3-7-8","34.398065","132.548299"
"畑賀公園","広島県広島市安芸区畑賀町","34.396327","132.551495"
"奥畑集会所","広島県広島市安芸区畑賀町1004-5","34.400343","132.548489"
"矢野新町公園","広島県広島市安芸区矢野新町1-1","34.350871","132.52413"
"矢野西集会所","広島県広島市安芸区矢野西1-37-11","34.351294","132.52941"
"県立安芸南高等学校","広島県広島市安芸区矢野西2-15-1","34.350577","132.521257"
"大磯・星ヶ丘集会所","広島県広島市安芸区矢野西3-42-2","34.345218","132.523754"
"矢野西保育園","広島県広島市安芸区矢野西4-11-12","34.350466","132.530946"
"矢野西小学校","広島県広島市安芸区矢野西4-5-1","34.350136","132.533754"
"矢野西児童館","広島県広島市安芸区矢野西4-5-1","34.349827","132.53312"
"矢野公民館","広島県広島市安芸区矢野西5-24-2","34.350109","132.537316"
"矢野小学校","広島県広島市安芸区矢野西6-11-1","34.347883","132.535236"
"矢野児童館","広島県広島市安芸区矢野西6-11-1","34.34747","132.536534"
"矢野福祉センター","広島県広島市安芸区矢野西6-12-1","34.347848","132.537227"
"矢野幼稚園","広島県広島市安芸区矢野西6-12-2","34.347816","132.537012"
"矢野上集会所","広島県広島市安芸区矢野西7-6-26","34.344616","132.536836"
"絵下山公園","広島県広島市安芸区矢野町","34.319718","132.54326"
"寺屋敷集会所","広島県広島市安芸区矢野町字寺屋敷740-3","34.320862","132.550821"
"矢野中学校","広島県広島市安芸区矢野東2-16-1","34.359133","132.539947"
"月が丘公園","広島県広島市安芸区矢野東3-16","34.356704","132.542873"
"矢野東集会所","広島県広島市安芸区矢野東5-2-29","34.354092","132.535525"
"矢野中央保育園","広島県広島市安芸区矢野東5-9-2","34.352527","132.537406"
"矢野東保育園","広島県広島市安芸区矢野東6-19-14","34.346013","132.539978"
"安芸矢野ニュータウン中央公園","広島県広島市安芸区矢野南2-20","34.340325","132.53122"
"矢野南集会所","広島県広島市安芸区矢野南2-20-37","34.339597","132.530445"
"矢野南小学校","広島県広島市安芸区矢野南4-17-1","34.337944","132.534452"
"矢野南児童館","広島県広島市安芸区矢野南4-9-22","34.339396","132.530617"
"安東小学校","広島県広島市安佐南区安東1-28-1","34.474221","132.458714"
"安東保育園","広島県広島市安佐南区安東2-1-12","34.472732","132.456107"
"安東公民館","広島県広島市安佐南区安東2-16-42","34.474096","132.456571"
"鯛之迫集会所","広島県広島市安佐南区安東2-20-47","34.475884","132.454376"
"安東児童館","広島県広島市安佐南区安東3-1-1","34.476026","132.459393"
"安田女子大学","広島県広島市安佐南区安東6-13-1","34.479458","132.452306"
"祇園保育園","広島県広島市安佐南区祇園2-17-13","34.443531","132.467156"
"祇園児童館","広島県広島市安佐南区祇園3-1-22","34.442268","132.463104"
"祇園小学校","広島県広島市安佐南区祇園3-1-27","34.442695","132.464046"
"広島経済大学","広島県広島市安佐南区祇園5-37-1","34.448489","132.456531"
"祇園中学校","広島県広島市安佐南区祇園5-39-1","34.445026","132.455645"
"祇園集会所","広島県広島市安佐南区祇園6-22-2","34.444191","132.465326"
"古市小学校","広島県広島市安佐南区古市2-21-1","34.454645","132.471761"
"古市保育園","広島県広島市安佐南区古市2-21-3","34.454833","132.472114"
"古市集会所","広島県広島市安佐南区古市2-28-28","34.457565","132.47436"
"古市公民館","広島県広島市安佐南区古市3-24-8","34.456325","132.469793"
"安西集会所","広島県広島市安佐南区高取南2-1-18","34.471387","132.436614"
"安西幼稚園","広島県広島市安佐南区高取南2-17-1","34.468355","132.434049"
"安西小学校","広島県広島市安佐南区高取南2-18-1","34.467735","132.432662"
"安西児童館","広島県広島市安佐南区高取南2-18-1","34.468371","132.432759"
"安西中学校","広島県広島市安佐南区高取南3-27-1","34.464979","132.431344"
"安北小学校","広島県広島市安佐南区高取北2-30-1","34.480491","132.435577"
"安北児童館","広島県広島市安佐南区高取北2-30-1","34.479688","132.436156"
"高取北中学校","広島県広島市安佐南区高取北3-19-1","34.480203","132.43402"
"高取公園","広島県広島市安佐南区高取北4-17","34.47768","132.434576"
"高長集会所","広島県広島市安佐南区高取北4-4-14","34.475215","132.434076"
"山本小学校","広島県広島市安佐南区山本3-13-1","34.43836","132.452935"
"山本児童館","広島県広島市安佐南区山本3-13-2","34.437853","132.453205"
"山本幼稚園","広島県広島市安佐南区山本4-12-4","34.437737","132.449818"
"山本保育園","広島県広島市安佐南区山本4-12-4","34.43785","132.449493"
"山本集会所","広島県広島市安佐南区山本4-9-3-4","34.438648","132.450203"
"春日野小学校","広島県広島市安佐南区山本新町2-18-1","34.44143","132.434302"
"春日野中央公園","広島県広島市安佐南区山本新町2-4","34.444764","132.438173"
"春日野集会所","広島県広島市安佐南区山本新町3-23-34","34.444911","132.439477"
"戸山公民館","広島県広島市安佐南区沼田町阿戸269-3","34.484209","132.356909"
"戸山集会所","広島県広島市安佐南区沼田町阿戸343-1","34.485293","132.357084"
"戸山小学校","広島県広島市安佐南区沼田町阿戸3722","34.482796","132.354073"
"戸山中学校","広島県広島市安佐南区沼田町阿戸3725","34.48335","132.354064"
"阿戸集会所","広島県広島市安佐南区沼田町大字阿戸1416-1","34.496674","132.370431"
"慈光保育園","広島県広島市安佐南区沼田町大字阿戸3135-1","34.491826","132.365917"
"上吉山集会所","広島県広島市安佐南区沼田町大字吉山1393-1","34.461945","132.334925"
"下吉山集会所","広島県広島市安佐南区沼田町大字吉山2877-6","34.475265","132.348532"
"安公民館","広島県広島市安佐南区上安2-2-46","34.473727","132.446301"
"上安保育園","広島県広島市安佐南区上安2-23-24-12","34.475547","132.444922"
"安幼稚園","広島県広島市安佐南区上安2-26-18","34.475275","132.442865"
"安小学校","広島県広島市安佐南区上安2-7-56","34.473088","132.442972"
"上安集会所","広島県広島市安佐南区上安4-4-1","34.48081","132.448178"
"上安小学校","広島県広島市安佐南区上安5-21-52","34.485458","132.447667"
"上安児童館","広島県広島市安佐南区上安5-7-21","34.484512","132.449668"
"祇園福祉センター","広島県広島市安佐南区西原1-13-26","34.434452","132.462407"
"祇園公民館","広島県広島市安佐南区西原1-13-26","34.434668","132.462394"
"原南小学校","広島県広島市安佐南区西原2-19-23","34.431489","132.466919"
"原南集会所","広島県広島市安佐南区西原2-26-3","34.431237","132.466015"
"原保育園","広島県広島市安佐南区西原3-9-19","34.435912","132.473253"
"原小学校","広島県広島市安佐南区西原6-29-6","34.439383","132.470398"
"祇園東中学校・太田川高水敷","広島県広島市安佐南区西原7-16","34.437419","132.474487"
"祇園東中学校","広島県広島市安佐南区西原7-16-1","34.439047","132.475128"
"原集会所","広島県広島市安佐南区西原8-17-8","34.443959","132.472586"
"川内集会所","広島県広島市安佐南区川内3-8-25","34.462811","132.486175"
"川内児童館","広島県広島市安佐南区川内5-39-32","34.464729","132.484753"
"川内小学校","広島県広島市安佐南区川内5-40-1","34.464566","132.486571"
"川内幼稚園","広島県広島市安佐南区川内5-40-2","34.464233","132.485661"
"城南中学校","広島県広島市安佐南区川内6-2320","34.473637","132.490848"
"川内保育園","広島県広島市安佐南区川内6-36-31","34.468951","132.488206"
"城南中学校・川内第二公園","広島県広島市安佐南区川内6-8","34.474148","132.490468"
"相田集会所","広島県広島市安佐南区相田2-4-37","34.473222","132.451009"
"安集会所","広島県広島市安佐南区相田4-3-32-9","34.471255","132.446006"
"大町児童館","広島県広島市安佐南区大町西1-16-12","34.454672","132.462972"
"大町小学校","広島県広島市安佐南区大町西2-24-1","34.457477","132.462556"
"大町幼稚園","広島県広島市安佐南区大町西2-26-1","34.456639","132.462851"
"安佐南中学校","広島県広島市安佐南区大町西2-35-1","34.458007","132.459423"
"大町集会所","広島県広島市安佐南区大町東3-7-25-6","34.46087","132.467429"
"大町保育園","広島県広島市安佐南区大町東3-8-6","34.460691","132.466679"
"安佐中学校","広島県広島市安佐南区大町東4-1-6","34.468581","132.466006"
"大塚小学校","広島県広島市安佐南区大塚西6-1-1","34.449142","132.392379"
"大塚児童館","広島県広島市安佐南区大塚西6-1-2","34.448143","132.392901"
"大塚中学校","広島県広島市安佐南区大塚西6-3-1","34.449082","132.38951"
"大塚公民館","広島県広島市安佐南区大塚西6-3-2","34.449595","132.390243"
"大塚学区集会所","広島県広島市安佐南区大塚西7-26-19","34.453541","132.392739"
"Ａシティ中央公園","広島県広島市安佐南区大塚西7-41","34.453979","132.391713"
"広島修道大学","広島県広島市安佐南区大塚東1-1-1","34.434435","132.405054"
"大塚学びの丘公園","広島県広島市安佐南区大塚東3-2","34.436097","132.413327"
"広島市立大学","広島県広島市安佐南区大塚東3-4-1","34.439118","132.413784"
"西風新都東公園","広島県広島市安佐南区大塚東3-6","34.438105","132.420367"
"安佐南区民文化センター（マエダハウジング安佐南区民文化センター）","広島県広島市安佐南区中筋1-22-17","34.451634","132.474487"
"中筋児童館","広島県広島市安佐南区中筋2-15-16","34.449226","132.479257"
"中筋小学校","広島県広島市安佐南区中筋2-15-5","34.44943","132.479233"
"ＳｕｎＳｕｎ保育園","広島県広島市安佐南区中筋2-8-1","34.450549","132.477471"
"中筋保育園","広島県広島市安佐南区中筋3-20-6","34.452013","132.480922"
"中筋幼稚園","広島県広島市安佐南区中筋3-31-21","34.451027","132.478947"
"古市児童館","広島県広島市安佐南区中須1-38-13","34.456593","132.470599"
"交通科学館（ヌマジ交通ミュージアム）","広島県広島市安佐南区長楽寺2-12-2","34.470791","132.428433"
"長束幼稚園","広島県広島市安佐南区長束2-5-37","34.429769","132.460047"
"長束小学校","広島県広島市安佐南区長束4-15-1","34.427057","132.454713"
"長束児童館","広島県広島市安佐南区長束4-15-1","34.426517","132.454183"
"新庄集会所","広島県広島市安佐南区長束4-19-28","34.425954","132.45243"
"長束集会所","広島県広島市安佐南区長束5-18-6","34.431622","132.453594"
"長束保育園","広島県広島市安佐南区長束5-29-15","34.430762","132.456463"
"祇園西公民館","広島県広島市安佐南区長束6-10-28","34.435345","132.452344"
"長束西小学校","広島県広島市安佐南区長束西1-26-1","34.428455","132.448716"
"長束中学校","広島県広島市安佐南区長束西1-26-2","34.42783","132.448563"
"長束西児童館","広島県広島市安佐南区長束西1-26-3","34.42908","132.448278"
"長束西集会所","広島県広島市安佐南区長束西3-2-3","34.430908","132.450131"
"広島文化学園大学・短期大学","広島県広島市安佐南区長束西3-5-1","34.431597","132.447521"
"竜王集会所","広島県広島市安佐南区長束西4-6-28","34.431019","132.444645"
"東原集会所","広島県広島市安佐南区東原2-6-17","34.443661","132.481421"
"東原中学校","広島県広島市安佐南区東原3-8-1","34.445918","132.477196"
"東野小学校","広島県広島市安佐南区東野1-7-1","34.445811","132.485153"
"東野集会所","広島県広島市安佐南区東野2-20-25","34.448162","132.485516"
"東野公民館","広島県広島市安佐南区東野2-22-7","34.4481","132.484309"
"八木梅林公園","広島県広島市安佐南区八木1-22","34.475316","132.492672"
"梅林集会所","広島県広島市安佐南区八木3-2-24","34.481165","132.494114"
"広島市豪雨災害伝承館","広島県広島市安佐南区八木3-24-23","34.48271","132.492568"
"梅林小学校","広島県広島市安佐南区八木3-3-9","34.48038","132.492306"
"城山北中学校","広島県広島市安佐南区八木5-34-1","34.483673","132.504147"
"八木小学校","広島県広島市安佐南区八木9-17-1","34.488287","132.50652"
"八木幼稚園","広島県広島市安佐南区八木9-17-2","34.488508","132.506876"
"八木児童館","広島県広島市安佐南区八木9-20-19","34.487677","132.505635"
"鳴渡場集会所","広島県広島市安佐南区八木町272-1","34.508576","132.505954"
"伴西公園","広島県広島市安佐南区伴西1-6","34.466872","132.387079"
"伴福祉センター","広島県広島市安佐南区伴西2-1-17","34.468321","132.38549"
"奥畑集会所","広島県広島市安佐南区伴西5-1126","34.458877","132.37329"
"伴中学校","広島県広島市安佐南区伴中央1-7-1","34.464226","132.406113"
"伴児童館","広島県広島市安佐南区伴中央1-7-2","34.462489","132.406412"
"伴小学校","広島県広島市安佐南区伴中央1-7-2","34.461495","132.40729"
"三城田集会所","広島県広島市安佐南区伴中央2-11-12","34.462365","132.401047"
"伴中央集会所","広島県広島市安佐南区伴中央2-5-80","34.459835","132.405612"
"瀬戸集会所","広島県広島市安佐南区伴中央3-2076-3","34.464635","132.392343"
"安佐南区スポーツセンター","広島県広島市安佐南区伴東3-13-16","34.469501","132.413177"
"広陵高等学校","広島県広島市安佐南区伴東3-14-1","34.471228","132.412713"
"下伴集会所","広島県広島市安佐南区伴東3-6-1","34.467466","132.416463"
"細坂集会所","広島県広島市安佐南区伴東4-32-50","34.469828","132.409937"
"伴東集会所","広島県広島市安佐南区伴東5-18-3","34.468338","132.420541"
"市立沼田高等学校","広島県広島市安佐南区伴東6-1-1","34.461041","132.423726"
"伴東小学校","広島県広島市安佐南区伴東7-11-1","34.462873","132.420591"
"沼田保育園","広島県広島市安佐南区伴東7-63-9","34.463195","132.410185"
"沼田公民館","広島県広島市安佐南区伴東7-64-8","34.46229","132.409605"
"沼田老人いこいの家","広島県広島市安佐南区伴東7-64-8","34.46219","132.409705"
"伴南児童館","広島県広島市安佐南区伴南1-21-1","34.452145","132.383065"
"伴南小学校","広島県広島市安佐南区伴南1-29-1","34.451544","132.384152"
"こころ北公園","広島県広島市安佐南区伴南1-38","34.449311","132.38552"
"伴南学区集会所","広島県広島市安佐南区伴南1-6-5","34.449055","132.381897"
"奥畑防災調節池公園","広島県広島市安佐南区伴南3-2","34.455046","132.37778"
"椎原集会所","広島県広島市安佐南区伴北5-2922-1","34.477185","132.393951"
"広島工業大学沼田校舎","広島県広島市安佐南区伴北6-4104-2","34.482042","132.395077"
"大下集会所","広島県広島市安佐南区伴北6-9935-2","34.484221","132.398727"
"若葉台中央公園","広島県広島市安佐南区伴北7-34","34.484245","132.406434"
"毘沙門台集会所","広島県広島市安佐南区毘沙門台2-48-4","34.4778","132.461505"
"毘沙門台小学校","広島県広島市安佐南区毘沙門台3-1-1","34.480118","132.465135"
"毘沙門台児童館","広島県広島市安佐南区毘沙門台3-1-1","34.480244","132.466013"
"毘沙門台公園","広島県広島市安佐南区毘沙門台3-2","34.479934","132.464166"
"毘沙門台東公園","広島県広島市安佐南区毘沙門台東1-23","34.480206","132.46748"
"緑井集会所","広島県広島市安佐南区緑井1-5-1-204","34.466047","132.47528"
"緑井小学校","広島県広島市安佐南区緑井4-31-1","34.46985","132.472957"
"ラクア緑井","広島県広島市安佐南区緑井5-22-1","34.467136","132.478088"
"佐東公民館","広島県広島市安佐南区緑井6-29-25","34.471898","132.482669"
"緑井保育園","広島県広島市安佐南区緑井8-24-3","34.47948","132.485316"
"あさひが丘公園","広島県広島市安佐北区あさひが丘3-21","34.507319","132.43552"
"日浦児童館","広島県広島市安佐北区あさひが丘3-21-1","34.507202","132.436056"
"日浦公民館","広島県広島市安佐北区あさひが丘3-23-13","34.506576","132.435852"
"日浦学区集会所","広島県広島市安佐北区あさひが丘6-3-25","34.509191","132.434644"
"日浦小学校","広島県広島市安佐北区あさひが丘7-12-1","34.507981","132.439181"
"日浦中学校","広島県広島市安佐北区あさひが丘7-20-1","34.50939","132.438579"
"久地南児童館","広島県広島市安佐北区安佐町くすの木台52-1","34.500879","132.394981"
"久地南集会所","広島県広島市安佐北区安佐町くすの木台52-2","34.501088","132.394851"
"久地南小学校","広島県広島市安佐北区安佐町くすの木台55-1","34.500017","132.392958"
"境原集会所","広島県広島市安佐北区安佐町久地283-3","34.487746","132.401075"
"久地保育園","広島県広島市安佐北区安佐町久地4453-1","34.520506","132.405099"
"旧久地小学校","広島県広島市安佐北区安佐町久地4477-2","34.520417","132.405973"
"久地集会所","広島県広島市安佐北区安佐町久地4492","34.519162","132.405232"
"後山集会所","広島県広島市安佐北区安佐町後山1411-5","34.50616","132.44769"
"小峠集会所","広島県広島市安佐北区安佐町小河内1217-2","34.561918","132.404357"
"安佐小河内集会所","広島県広島市安佐北区安佐町小河内4579-3","34.584113","132.418289"
"旧小河内小学校","広島県広島市安佐北区安佐町小河内4734","34.582025","132.417819"
"青少年野外活動センター","広島県広島市安佐北区安佐町小河内5135","34.576023","132.430537"
"いずみ保育園","広島県広島市安佐北区安佐町大字飯室1515","34.552938","132.445389"
"筒瀬福祉センター","広島県広島市安佐北区安佐町筒瀬125-1","34.510203","132.480763"
"筒瀬小学校","広島県広島市安佐北区安佐町筒瀬1598","34.496647","132.47076"
"筒瀬集会所","広島県広島市安佐北区安佐町筒瀬459-3","34.505622","132.473364"
"北部資源選別センター","広島県広島市安佐北区安佐町筒瀬864","34.498299","132.468295"
"飯室小学校","広島県広島市安佐北区安佐町飯室1544","34.55204","132.444653"
"飯室集会所","広島県広島市安佐北区安佐町飯室1569-8","34.550996","132.445278"
"安佐公民館","広島県広島市安佐北区安佐町飯室3455-1","34.548929","132.440417"
"清和中学校","広島県広島市安佐北区安佐町飯室3737","34.550495","132.440367"
"毛木集会所","広島県広島市安佐北区安佐町毛木761","34.526622","132.429502"
"鈴張小学校","広島県広島市安佐北区安佐町鈴張1896","34.583862","132.460174"
"鈴張児童館","広島県広島市安佐北区安佐町鈴張1915","34.58369","132.459818"
"鈴張集会所","広島県広島市安佐北区安佐町鈴張2025-1","34.581432","132.456108"
"特別養護老人ホームこころ","広島県広島市安佐北区安佐町鈴張2688","34.57941","132.454926"
"安佐北区総合福祉センター","広島県広島市安佐北区可部3-19-22","34.520608","132.512338"
"可部学区集会所","広島県広島市安佐北区可部3-46-33","34.51723","132.514018"
"可部小学校","広島県広島市安佐北区可部4-9-1","34.518574","132.509541"
"可部児童館","広島県広島市安佐北区可部4-9-2","34.518096","132.510311"
"可部中学校","広島県広島市安佐北区可部7-2-1","34.524888","132.512311"
"安佐北区民文化センター","広島県広島市安佐北区可部7-28-25","34.52575","132.507726"
"安佐北区図書館","広島県広島市安佐北区可部7-28-25","34.52605","132.507663"
"城保育園","広島県広島市安佐北区可部7-29-4","34.525872","132.507016"
"今井田集会所","広島県広島市安佐北区可部町今井田157","34.51071","132.469563"
"行森集会所","広島県広島市安佐北区可部町勝木1391-2","34.534784","132.469367"
"可部運動公園管理事務所","広島県広島市安佐北区可部町勝木1410","34.539359","132.465358"
"姫瀬集会所","広島県広島市安佐北区可部町勝木284","34.526684","132.437926"
"大野集会所","広島県広島市安佐北区可部町大字勝木1012-3","34.522655","132.46078"
"上原前集会所","広島県広島市安佐北区可部東1-26-28","34.509731","132.520043"
"可部南集会所","広島県広島市安佐北区可部東2-25-3","34.511598","132.516786"
"第二東亜ハイツ集会所","広島県広島市安佐北区可部東3-27-1","34.510184","132.523638"
"上原北集会所","広島県広島市安佐北区可部東4-22-5","34.514095","132.522044"
"県立可部高等学校","広島県広島市安佐北区可部東4-27-1","34.516336","132.519321"
"寺山公園","広島県広島市安佐北区可部東4-28","34.514698","132.517164"
"台中央集会所","広島県広島市安佐北区可部東5-24-23","34.518635","132.518663"
"中島会館","広島県広島市安佐北区可部南1-1-39","34.500537","132.514233"
"中島南集会所","広島県広島市安佐北区可部南1-23-27-3","34.494913","132.513392"
"広島市安佐北コミュニティセンター","広島県広島市安佐北区可部南2-1-38","34.505917","132.51564"
"可部南小学校","広島県広島市安佐北区可部南2-11-1","34.504226","132.516733"
"可部南児童館","広島県広島市安佐北区可部南2-11-2","34.503535","132.517025"
"広島市可部福祉センター","広島県広島市安佐北区可部南2-23-28","34.500427","132.517205"
"中屋集会所","広島県広島市安佐北区可部南4-10-37","34.507441","132.510899"
"下の浜集会所","広島県広島市安佐北区可部南5-1-2","34.51019","132.512514"
"北部こども療育センター","広島県広島市安佐北区可部南5-8-70","34.508764","132.514256"
"西山公園","広島県広島市安佐北区亀崎2-4","34.486143","132.522626"
"亀崎集会所","広島県広島市安佐北区亀崎3-6-18","34.486871","132.524642"
"亀崎中学校","広島県広島市安佐北区亀崎4-1-1","34.484342","132.527495"
"亀崎小学校","広島県広島市安佐北区亀崎4-2-1","34.483092","132.525135"
"亀崎児童館","広島県広島市安佐北区亀崎4-2-2","34.483118","132.526571"
"亀山小学校","広島県広島市安佐北区亀山5-11-1","34.527003","132.495472"
"亀山集会所","広島県広島市安佐北区亀山5-9-5","34.525922","132.496487"
"亀山児童館","広島県広島市安佐北区亀山7-4-10","34.526285","132.492557"
"勝木台公園","広島県広島市安佐北区亀山西2-32","34.530587","132.474581"
"亀山南集会所","広島県広島市安佐北区亀山南2-6-15","34.518653","132.495666"
"亀山公民館","広島県広島市安佐北区亀山南3-16-16","34.522446","132.495331"
"亀山中学校・亀山南小学校","広島県広島市安佐北区亀山南3-28","34.5193","132.493229"
"亀山中学校","広島県広島市安佐北区亀山南3-28-1","34.519697","132.492813"
"亀山南小学校","広島県広島市安佐北区亀山南3-28-2","34.520235","132.494208"
"亀山南児童館","広島県広島市安佐北区亀山南3-28-3","34.519998","132.49509"
"虹山集会所","広島県広島市安佐北区亀山南5-4-6","34.524983","132.492436"
"亀山南保育園","広島県広島市安佐北区亀山南5-44-31","34.527738","132.485253"
"口田東小学校","広島県広島市安佐北区口田2-1-1","34.469191","132.501693"
"口田東児童館","広島県広島市安佐北区口田2-1-3","34.469341","132.500707"
"口田東集会所","広島県広島市安佐北区口田4-12-23","34.470413","132.504221"
"口田公民館","広島県広島市安佐北区口田4-9-19","34.469141","132.503771"
"口田南集会所","広島県広島市安佐北区口田南2-21-23","34.4527","132.493278"
"口田小学校","広島県広島市安佐北区口田南2-7-2","34.458404","132.496032"
"口田児童館","広島県広島市安佐北区口田南2-7-3","34.458033","132.495396"
"口田保育園","広島県広島市安佐北区口田南4-33-20","34.455646","132.497501"
"口田南公園","広島県広島市安佐北区口田南6","34.457424","132.503738"
"口田中学校","広島県広島市安佐北区口田南9-13-1","34.456331","132.507402"
"矢口が丘公園","広島県広島市安佐北区口田南9-19","34.458792","132.509123"
"三入集会所","広島県広島市安佐北区三入2-28-21","34.537976","132.523842"
"三入小学校","広島県広島市安佐北区三入3-12-1","34.539317","132.52689"
"三入児童館","広島県広島市安佐北区三入5-15-9","34.542361","132.530436"
"三入公民館","広島県広島市安佐北区三入5-15-9","34.542559","132.530396"
"三入東児童館","広島県広島市安佐北区三入東1-10-5","34.535108","132.538861"
"市立広島中等教育学校","広島県広島市安佐北区三入東1-14-1","34.532067","132.540917"
"三入東小学校","広島県広島市安佐北区三入東1-3-1","34.535407","132.535028"
"三入中学校","広島県広島市安佐北区三入東1-7-1","34.53502","132.537981"
"桐陽台公園","広島県広島市安佐北区三入東2-6","34.53495","132.546346"
"三入東学区集会所","広島県広島市安佐北区三入東2-7-14","34.534408","132.547759"
"狩留家保育園","広島県広島市安佐北区狩留家町2858","34.482503","132.578097"
"狩小川保育園","広島県広島市安佐北区小河原町120","34.470176","132.559954"
"小河原・上深川集会所","広島県広島市安佐北区小河原町160-1","34.471052","132.560622"
"狩小川児童館","広島県広島市安佐北区上深川町1315-4","34.48029","132.566953"
"狩小川小学校","広島県広島市安佐北区上深川町1345","34.481448","132.566818"
"深川集会所","広島県広島市安佐北区深川1-5-11","34.490708","132.522397"
"安佐北区スポーツセンター（大和興産安佐北区スポーツセンター）","広島県広島市安佐北区深川2-50-1","34.492925","132.516681"
"深川小学校","広島県広島市安佐北区深川5-12-1","34.482248","132.53063"
"深川児童館","広島県広島市安佐北区深川5-12-2","34.48195","132.531731"
"高陽公民館","広島県広島市安佐北区深川5-13-12","34.482536","132.53157"
"深川保育園","広島県広島市安佐北区深川5-4-4","34.483133","132.530866"
"高陽中学校","広島県広島市安佐北区深川6-22-6","34.47863","132.534084"
"真亀公民館","広島県広島市安佐北区真亀1-3-27","34.480649","132.52085"
"真亀児童館","広島県広島市安佐北区真亀1-3-27","34.480662","132.520421"
"寺迫公園","広島県広島市安佐北区真亀1-9","34.480308","132.51881"
"落合中学校","広島県広島市安佐北区真亀2-1-1","34.482187","132.516902"
"恵下山公園","広島県広島市安佐北区真亀3-23","34.481503","132.511236"
"真亀集会所","広島県広島市安佐北区真亀3-4-1","34.484562","132.51514"
"真亀保育園","広島県広島市安佐北区真亀3-4-2","34.484914","132.515014"
"真亀小学校","広島県広島市安佐北区真亀5-28-1","34.483002","132.517953"
"倉掛児童館","広島県広島市安佐北区倉掛1-12-1","34.474182","132.528392"
"倉掛公民館","広島県広島市安佐北区倉掛1-12-1","34.474352","132.528646"
"倉掛小学校","広島県広島市安佐北区倉掛1-13-1","34.473008","132.528605"
"倉掛集会所","広島県広島市安佐北区倉掛2-2-2","34.474686","132.529394"
"県消防学校・市総合防災センター","広島県広島市安佐北区倉掛2-33","34.469811","132.531512"
"広島市総合防災センター","広島県広島市安佐北区倉掛2-33-1","34.470552","132.533349"
"倉掛公園","広島県広島市安佐北区倉掛3-37","34.475258","132.531916"
"大林集会所","広島県広島市安佐北区大林2-8-33","34.551001","132.541069"
"大林小学校","広島県広島市安佐北区大林4-14-1","34.554861","132.546169"
"大林保育園","広島県広島市安佐北区大林4-15-18","34.553612","132.545017"
"井原会館","広島県広島市安佐北区白木町井原4442-2","34.582803","132.674861"
"井原小学校","広島県広島市安佐北区白木町井原825","34.586113","132.677207"
"三田集会所","広島県広島市安佐北区白木町三田2218-1","34.513582","132.612321"
"三田小学校","広島県広島市安佐北区白木町三田2649","34.512894","132.611682"
"下三田集会所","広島県広島市安佐北区白木町三田5826","34.503399","132.590491"
"三田保育園","広島県広島市安佐北区白木町三田7173-3","34.513976","132.610182"
"上三田集会所","広島県広島市安佐北区白木町三田9063-3","34.529582","132.635048"
"白木中学校","広島県広島市安佐北区白木町市川1428","34.554326","132.655043"
"志屋小学校","広島県広島市安佐北区白木町志路3890-1","34.578244","132.617858"
"志屋集会所","広島県広島市安佐北区白木町志路3925-1","34.577703","132.618373"
"高南小学校","広島県広島市安佐北区白木町秋山1188","34.550094","132.659177"
"白木公民館","広島県広島市安佐北区白木町秋山2391-4","34.552531","132.657475"
"玖村会館","広島県広島市安佐北区落合2-41-26","34.480098","132.507417"
"落合保育園","広島県広島市安佐北区落合3-8-21","34.47741","132.513481"
"落合東小学校","広島県広島市安佐北区落合4-13-1","34.475421","132.515316"
"落合東児童館","広島県広島市安佐北区落合4-13-2","34.476097","132.514935"
"中山公園","広島県広島市安佐北区落合4-16","34.475817","132.512821"
"落合東集会所","広島県広島市安佐北区落合5-10-14","34.479568","132.514663"
"落合小学校","広島県広島市安佐北区落合南2-13-1","34.466706","132.513628"
"落合幼稚園","広島県広島市安佐北区落合南2-13-2","34.468054","132.512844"
"落合児童館","広島県広島市安佐北区落合南2-13-3","34.467536","132.514502"
"落合集会所","広島県広島市安佐北区落合南2-4-5","34.468636","132.512073"
"彩が丘中央公園","広島県広島市佐伯区河内南1-21","34.406454","132.344026"
"彩が丘公民館","広島県広島市佐伯区河内南1-21-6","34.406595","132.344282"
"彩が丘小学校","広島県広島市佐伯区河内南2-10-1","34.410274","132.343995"
"彩が丘児童館","広島県広島市佐伯区河内南2-10-2","34.409523","132.343594"
"五日市南小学校","広島県広島市佐伯区海老園3-18-1","34.361191","132.357289"
"五日市南保育園","広島県広島市佐伯区海老園3-18-1","34.359978","132.356691"
"五日市南児童館","広島県広島市佐伯区海老園3-18-2","34.360571","132.357118"
"五日市南中学校","広島県広島市佐伯区海老園4-2-21","34.35942","132.359842"
"海老山公園","広島県広島市佐伯区海老山町6","34.363235","132.365515"
"広島なぎさ中学校・高等学校","広島県広島市佐伯区海老山南1-13-10","34.359947","132.366882"
"五日市東小学校","広島県広島市佐伯区皆賀2-3-1","34.375449","132.369032"
"五日市東児童館","広島県広島市佐伯区皆賀2-3-2","34.37521","132.370327"
"老人いこいの家楽々荘","広島県広島市佐伯区楽々園5-8-32","34.361199","132.353535"
"楽々園公民館","広島県広島市佐伯区楽々園5-8-32","34.361355","132.353456"
"佐伯区スポーツセンター","広島県広島市佐伯区楽々園6-1-27","34.358973","132.356081"
"楽々園小学校","広島県広島市佐伯区楽々園6-8-1","34.3578","132.354018"
"楽々園児童館","広島県広島市佐伯区楽々園6-8-2","34.357872","132.352909"
"県立五日市高等学校","広島県広島市佐伯区観音台3-15-1","34.387571","132.340194"
"吉見園公民館","広島県広島市佐伯区吉見園13-1","34.364106","132.37082"
"五月が丘小学校・五月が丘中学校","広島県広島市佐伯区五月が丘2-22","34.422058","132.405226"
"五月が丘小学校","広島県広島市佐伯区五月が丘2-22-1","34.42255","132.40545"
"五月が丘児童館","広島県広島市佐伯区五月が丘2-22-2","34.421503","132.405467"
"五月が丘中学校","広島県広島市佐伯区五月が丘2-23-1","34.420298","132.405104"
"老人いこいの家さつき荘","広島県広島市佐伯区五月が丘4-14-10","34.43047","132.404131"
"五月が丘保育園","広島県広島市佐伯区五月が丘5-21-22","34.428072","132.401297"
"五月が丘公民館","広島県広島市佐伯区五月が丘5-3-33","34.425006","132.400537"
"五月が丘第五公園","広島県広島市佐伯区五月が丘5-4","34.423598","132.39919"
"五日市児童館","広島県広島市佐伯区五日市3-1-1","34.370369","132.360686"
"五日市小学校","広島県広島市佐伯区五日市3-1-1","34.36861","132.360694"
"五日市駅前保育園","広島県広島市佐伯区五日市駅前1-1-3","34.36933","132.369272"
"五日市中央小学校","広島県広島市佐伯区五日市中央3-12-1","34.368959","132.35283"
"五日市中央児童館","広島県広島市佐伯区五日市中央3-12-2","34.369267","132.352274"
"五日市中央公民館","広島県広島市佐伯区五日市中央4-8-20","34.371934","132.35179"
"佐伯区民文化センター","広島県広島市佐伯区五日市中央6-1-10","34.37963","132.359549"
"五日市中学校・造幣局広島支局野球場","広島県広島市佐伯区五日市中央6-4","34.378467","132.356376"
"五日市中学校","広島県広島市佐伯区五日市中央6-4-1","34.376769","132.355829"
"五日市中央北保育園","広島県広島市佐伯区五日市中央7-8-43","34.383965","132.357132"
"門前集会所","広島県広島市佐伯区五日市町大字下小深川320-5","34.411138","132.356156"
"下小深川集会所","広島県広島市佐伯区五日市町大字下小深川84-5","34.405803","132.355526"
"皆賀公民館","広島県広島市佐伯区五日市町大字昭和台34-2","34.37754","132.369851"
"河内児童館","広島県広島市佐伯区五日市町大字上河内1601-2","34.413498","132.354742"
"河内小学校","広島県広島市佐伯区五日市町大字上河内371","34.413493","132.351206"
"河内保育園","広島県広島市佐伯区五日市町大字上河内493","34.414346","132.353365"
"河内体育館","広島県広島市佐伯区五日市町大字上河内537","34.414486","132.354531"
"河内公民館","広島県広島市佐伯区五日市町大字上河内537","34.414284","132.354373"
"魚切多目的集会所","広島県広島市佐伯区五日市町大字上河内乙976","34.424128","132.350423"
"野登呂多目的集会所","広島県広島市佐伯区五日市町大字上小深川753-4","34.428348","132.361605"
"石内小学校","広島県広島市佐伯区五日市町大字石内3276","34.419312","132.38424"
"石内公民館","広島県広島市佐伯区五日市町大字石内3289-1","34.417718","132.383074"
"石内保育園","広島県広島市佐伯区五日市町大字石内4134-2","34.417914","132.385162"
"薬師が丘第六公園","広島県広島市佐伯区五日市町大字薬師ケ丘","34.397607","132.343667"
"三筋保育園","広島県広島市佐伯区三筋2-2-14","34.367811","132.347324"
"三筋集会所","広島県広島市佐伯区三筋2-6-2","34.36722","132.347886"
"広島工業大学","広島県広島市佐伯区三宅2-1","34.370968","132.343722"
"広島工業大学鶴記念体育館・第二体育館","広島県広島市佐伯区三宅2-1-1","34.368775","132.344153"
"広島工業大学武道館","広島県広島市佐伯区三宅2-1-1","34.369077","132.342639"
"五日市観音小学校","広島県広島市佐伯区三宅4-10-1","34.373239","132.349072"
"城山中学校","広島県広島市佐伯区城山2-17-1","34.386223","132.353188"
"五日市公民館","広島県広島市佐伯区新宮苑11-14","34.370647","132.362208"
"杉並台公園","広島県広島市佐伯区杉並台","34.432746","132.300108"
"ジ・アウトレット広島南駐車場内立体駐車場","広島県広島市佐伯区石内東4-1-1","34.405945","132.395698"
"石内福祉センター","広島県広島市佐伯区石内南1-5-1","34.407922","132.377499"
"石内南中央公園","広島県広島市佐伯区石内南4-1","34.414822","132.389253"
"石内北学区集会所","広島県広島市佐伯区石内北1-5-33","34.441536","132.382561"
"石内北児童館","広島県広島市佐伯区石内北3-22-14","34.443558","132.387187"
"石内北小学校","広島県広島市佐伯区石内北3-23-1","34.443002","132.386965"
"千同保育園","広島県広島市佐伯区千同2-10-1","34.380551","132.353232"
"坪井公民館","広島県広島市佐伯区坪井1-32-10","34.373603","132.350967"
"坪井保育園","広島県広島市佐伯区坪井1-32-8","34.373883","132.351415"
"坪井児童館","広島県広島市佐伯区坪井1-32-9","34.37382","132.350533"
"五日市観音西児童館","広島県広島市佐伯区坪井3-877","34.380724","132.339981"
"五日市観音西小学校","広島県広島市佐伯区坪井3-877","34.381342","132.338891"
"五日市観音中学校","広島県広島市佐伯区坪井3-88","34.379301","132.339268"
"坪井公園","広島県広島市佐伯区坪井町字割巌須山","34.383274","132.334347"
"下五原集会所","広島県広島市佐伯区湯来町大字下1503-2","34.549676","132.335496"
"葛原集会所","広島県広島市佐伯区湯来町大字葛原707","34.421998","132.30269"
"菅沢集会所","広島県広島市佐伯区湯来町大字菅沢424-1","34.479057","132.258285"
"広島市湯来交流体験センター","広島県広島市佐伯区湯来町大字多田","34.473664","132.240914"
"湯来西公民館","広島県広島市佐伯区湯来町大字多田2712","34.474263","132.243169"
"旧湯来西小学校","広島県広島市佐伯区湯来町大字多田甲2419","34.469924","132.233788"
"佐伯区スポーツセンター湯来体育館","広島県広島市佐伯区湯来町大字白砂1215","34.436131","132.288717"
"湯来南保育園","広島県広島市佐伯区湯来町大字白砂3538","34.432113","132.290689"
"湯来南小学校","広島県広島市佐伯区湯来町大字白砂3555-1","34.433361","132.289991"
"湯来東小学校","広島県広島市佐伯区湯来町大字麦谷1803-1","34.525695","132.316085"
"湯来農村環境改善センター","広島県広島市佐伯区湯来町大字麦谷2501","34.523953","132.314253"
"県立湯来南高等学校","広島県広島市佐伯区湯来町大字伏谷1198","34.443165","132.290143"
"大森集会所","広島県広島市佐伯区湯来町大字伏谷1499","34.451071","132.287282"
"砂谷中学校","広島県広島市佐伯区湯来町大字伏谷5-1","34.435397","132.293456"
"湯来南公民館","広島県広島市佐伯区湯来町大字伏谷甲13-1","34.435815","132.294729"
"下和田集会所","広島県広島市佐伯区湯来町大字和田1021-3","34.498501","132.290323"
"湯来中学校","広島県広島市佐伯区湯来町大字和田118-1","34.486437","132.272695"
"湯来福祉会館","広島県広島市佐伯区湯来町大字和田333","34.490919","132.278071"
"佐伯区図書館湯来河野閲覧室","広島県広島市佐伯区湯来町大字和田353-1","34.490168","132.27891"
"湯来保育園","広島県広島市佐伯区湯来町和田94-16","34.491395","132.278882"
"藤の木小学校","広島県広島市佐伯区藤の木2-2-1","34.426395","132.364242"
"藤の木児童館","広島県広島市佐伯区藤の木2-2-2","34.425684","132.365079"
"藤の木公民館","広島県広島市佐伯区藤の木2-27-7","34.421008","132.36329"
"八幡小学校","広島県広島市佐伯区八幡2-2-1","34.392113","132.357291"
"八幡児童館","広島県広島市佐伯区八幡2-3-1","34.391694","132.357993"
"八幡保育園","広島県広島市佐伯区八幡3-16-16","34.392491","132.361468"
"八幡公民館","広島県広島市佐伯区八幡3-23-22","34.391526","132.358857"
"八幡東公民館","広島県広島市佐伯区八幡東2-6-19","34.390738","132.363148"
"八幡東小学校","広島県広島市佐伯区八幡東4-27-1","34.393862","132.365498"
"隅の浜美の里会館","広島県広島市佐伯区美の里1-1-9","34.359775","132.349848"
"美隅公民館","広島県広島市佐伯区美の里2-1-25","34.359669","132.346412"
"美の里保育園","広島県広島市佐伯区美の里2-1-9","34.360089","132.346656"
"県立廿日市高等学校","広島県広島市佐伯区美の里2-7","34.357522","132.347603"
"美鈴が丘中央公園","広島県広島市佐伯区美鈴が丘西1-7","34.392714","132.381941"
"美鈴が丘小学校","広島県広島市佐伯区美鈴が丘西1-8-1","34.392035","132.380261"
"美鈴が丘児童館","広島県広島市佐伯区美鈴が丘西1-8-2","34.391345","132.379116"
"美鈴が丘中学校","広島県広島市佐伯区美鈴が丘南1-12-1","34.39006","132.37767"
"美鈴が丘公民館","広島県広島市佐伯区美鈴が丘南3-1-9","34.391951","132.38515"
"市立美鈴が丘高等学校","広島県広島市佐伯区美鈴が丘緑2-13-1","34.392562","132.377178"
"利松保育園","広島県広島市佐伯区利松1-10-10","34.3959","132.364019"
"利松児童館","広島県広島市佐伯区利松1-10-7","34.395741","132.364223"
"利松公民館","広島県広島市佐伯区利松1-18-15","34.393893","132.364453"
"三和中学校","広島県広島市佐伯区利松3-10-1","34.400946","132.362752"
"井口集会所","広島県広島市西区井口2-1-3","34.373465","132.386849"
"井口小学校","広島県広島市西区井口2-13-1","34.37211","132.384455"
"井口児童館","広島県広島市西区井口2-13-1","34.372301","132.383383"
"井口四丁目集会所","広島県広島市西区井口4-41-5","34.37556","132.372904"
"井口台集会所","広島県広島市西区井口台1-22-19","34.378934","132.380295"
"井口台小学校","広島県広島市西区井口台3-5-1","34.380146","132.381744"
"井口台児童館","広島県広島市西区井口台3-5-1","34.380157","132.380636"
"井口台公園","広島県広島市西区井口台3-6","34.38001","132.380163"
"井口台中学校","広島県広島市西区井口台4-2-1","34.379586","132.387633"
"井口明神小学校","広島県広島市西区井口明神1-13-1","34.372602","132.390463"
"井口明神児童館","広島県広島市西区井口明神1-13-2","34.371855","132.391554"
"明神中央集会所","広島県広島市西区井口明神1-6-1","34.373784","132.390948"
"県立広島井口高等学校・井口中学校・西部埋立第二公園","広島県広島市西区井口明神2-10","34.369609","132.385007"
"明神二丁目集会所","広島県広島市西区井口明神2-10-1","34.371343","132.38658"
"井口中学校","広島県広島市西区井口明神2-12-1","34.370119","132.387004"
"明神三丁目集会所","広島県広島市西区井口明神3-3-11","34.369145","132.38366"
"井口保育園","広島県広島市西区井口鈴が台1-4-1","34.373666","132.383471"
"井口公民館","広島県広島市西区井口鈴が台2-14-8","34.371275","132.377768"
"鈴が台会館","広島県広島市西区井口鈴が台2-9-26","34.37196","132.378044"
"西区民文化センター（コジマホールディングス西区民文化センター）","広島県広島市西区横川新町6-1","34.408729","132.44849"
"横川保育園","広島県広島市西区横川新町8-7","34.408186","132.447437"
"横川会館","広島県広島市西区横川町2-1-1","34.408137","132.453126"
"県総合グランド","広島県広島市西区観音新町2-11","34.376784","132.423201"
"南観音公民館","広島県広島市西区観音新町2-16-46","34.375071","132.420883"
"観音新町会館","広島県広島市西区観音新町3-8-40","34.373596","132.422708"
"観音本町集会所","広島県広島市西区観音本町1-21-3","34.387402","132.436903"
"観音小学校","広島県広島市西区観音本町2-1-26","34.390729","132.435312"
"観音児童館","広島県広島市西区観音本町2-1-74","34.390256","132.436558"
"観音公民館","広島県広島市西区観音本町2-1-77","34.390173","132.436807"
"古江集会所","広島県広島市西区古江西町10-38","34.389402","132.408876"
"古田小学校","広島県広島市西区古江西町18-43","34.386991","132.407168"
"古田児童館","広島県広島市西区古江西町19-15","34.385465","132.408039"
"古田公民館","広島県広島市西区古江西町19-15","34.385561","132.40788"
"古田中学校","広島県広島市西区古江西町27-1","34.385585","132.404529"
"古田保育園","広島県広島市西区古江東町1-17","34.391438","132.415076"
"古田台小学校","広島県広島市西区古田台1-5-1","34.391942","132.40335"
"古田台公園","広島県広島市西区古田台1-7","34.392039","132.402075"
"古田台集会所","広島県広島市西区古田台2-6-22","34.39351","132.40235"
"己斐上集会所","広島県広島市西区己斐上1-14-5","34.409138","132.42064"
"己斐小学校","広島県広島市西区己斐上2-1-1","34.40017","132.422128"
"己斐児童館","広島県広島市西区己斐上2-1-2","34.399525","132.423368"
"己斐中学校","広島県広島市西区己斐上3-35-1","34.407556","132.41425"
"己斐上公民館","広島県広島市西区己斐上4-2-55","34.414506","132.422678"
"己斐上五丁目集会所","広島県広島市西区己斐上5-26-11","34.415186","132.418747"
"己斐上中学校","広島県広島市西区己斐上6-452-4","34.417763","132.428682"
"己斐上小学校","広島県広島市西区己斐上6-455","34.417212","132.424571"
"己斐上児童館","広島県広島市西区己斐上6-456","34.416665","132.424804"
"己斐西町集会所","広島県広島市西区己斐西町19-41","34.396126","132.423214"
"己斐大迫集会所","広島県広島市西区己斐大迫3-24-1","34.415074","132.42689"
"己斐保育園","広島県広島市西区己斐中1-10-8","34.400415","132.423137"
"己斐公民館","広島県広島市西区己斐中1-15-3","34.397561","132.426845"
"己斐東小学校","広島県広島市西区己斐中3-127","34.406597","132.425222"
"己斐東学区会館","広島県広島市西区己斐中3-46-5","34.402764","132.424034"
"己斐東児童館","広島県広島市西区己斐東2-30-3","34.406036","132.426381"
"己斐本町一丁目集会所","広島県広島市西区己斐本町1-7-5","34.398804","132.430468"
"己斐集会所（己斐本町会館）","広島県広島市西区己斐本町2-3-4","34.395421","132.428264"
"庚午保育園","広島県広島市西区庚午中1-11-11","34.383318","132.417934"
"庚午小学校","広島県広島市西区庚午中1-15-1","34.383485","132.416987"
"庚午児童館","広島県広島市西区庚午中1-15-2","34.383099","132.416077"
"庚午中三丁目集会所","広島県広島市西区庚午中3-3-15","34.38344","132.412621"
"庚午中学校","広島県広島市西区庚午中4-12-48","34.380878","132.416243"
"庚午集会所（庚午福祉会館）","広島県広島市西区庚午中4-19-27","34.38173","132.413172"
"庚午南集会所","広島県広島市西区庚午南2-28-11","34.376486","132.411247"
"草津公園","広島県広島市西区庚午南2-38","34.377609","132.408496"
"西区スポーツセンター","広島県広島市西区庚午南2-41-1","34.375991","132.409309"
"庚午北集会所","広島県広島市西区庚午北2-14-1","34.390059","132.419712"
"庚午中央会館","広島県広島市西区庚午北4-9-17","34.385364","132.419025"
"高須集会所（高須会館）","広島県広島市西区高須3-4-22","34.393384","132.415676"
"高須児童館","広島県広島市西区高須4-16-1","34.396676","132.413703"
"高須小学校","広島県広島市西区高須4-16-1","34.396327","132.414657"
"高須台中央公園","広島県広島市西区高須台3-21","34.399532","132.416758"
"高須台集会所","広島県広島市西区高須台3-22-18","34.398956","132.416408"
"三篠小学校","広島県広島市西区三篠町1-9-25","34.412411","132.450731"
"三滝会館","広島県広島市西区三滝町14-10","34.414409","132.450425"
"三篠児童館","広島県広島市西区三滝町18-13","34.414218","132.450206"
"三滝少年自然の家","広島県広島市西区三滝本町1-73-20","34.416476","132.436786"
"三滝本町集会所","広島県広島市西区三滝本町2-16-25","34.418719","132.445272"
"山手集会所","広島県広島市西区山手町26-4","34.408297","132.436613"
"山田地区集会所","広島県広島市西区山田新町1-17-26","34.399737","132.391862"
"山田児童館","広島県広島市西区山田新町1-17-4","34.399943","132.392061"
"山田小学校","広島県広島市西区山田新町2-21-1","34.398102","132.386965"
"山田集会所","広島県広島市西区山田町885-2","34.402347","132.389296"
"西部埋立第六公園","広島県広島市西区商工センター1-13","34.369168","132.397372"
"広島サンプラザ","広島県広島市西区商工センター3-1-1","34.370959","132.394304"
"西部埋立第五公園","広島県広島市西区商工センター3-2","34.370317","132.393259"
"小河内集会所（小河内会館）","広島県広島市西区小河内町2-10-14","34.40172","132.437949"
"小河内保育園","広島県広島市西区小河内町2-6-8","34.402209","132.438233"
"草津新町一丁目集会所","広島県広島市西区草津新町1-7-11","34.375781","132.403541"
"草津新町二丁目集会所","広島県広島市西区草津新町2-9-8","34.375068","132.395441"
"草津小学校","広島県広島市西区草津東2-12-1","34.381637","132.405501"
"草津児童館","広島県広島市西区草津東2-20-1","34.381016","132.404315"
"草津保育園","広島県広島市西区草津東2-20-23","34.380912","132.404072"
"草津公民館・草津東集会所","広島県広島市西区草津東2-20-7","34.380799","132.404551"
"西部埋立第八公園","広島県広島市西区草津南1-16","34.377594","132.402619"
"みゆき保育園","広島県広島市西区草津南1-16-8","34.376462","132.402475"
"草津浜町集会所","広島県広島市西区草津浜町16-7","34.377433","132.405765"
"草津本町集会所","広島県広島市西区草津本町25-3","34.379251","132.403512"
"三篠公民館","広島県広島市西区打越町10-23","34.41183","132.449685"
"大宮集会所","広島県広島市西区大宮1-14-1","34.421348","132.454642"
"大芝集会所","広島県広島市西区大芝1-13-21","34.417811","132.4595"
"大芝児童館","広島県広島市西区大芝1-25-17","34.416561","132.456836"
"大芝小学校","広島県広島市西区大芝1-25-18","34.417162","132.457104"
"大芝公園・交通ランド（広島トヨペット交通公園）","広島県広島市西区大芝公園1","34.418975","132.460685"
"楠木集会所（楠木会館）","広島県広島市西区大芝公園2-1","34.41554","132.460227"
"中広・天満会館","広島県広島市西区中広町1-18-9","34.400054","132.441773"
"中広中学校","広島県広島市西区中広町3-1-41","34.406148","132.446887"
"中広集会所","広島県広島市西区中広町3-28-22","34.404279","132.446145"
"天満児童館","広島県広島市西区天満町1-27","34.39627","132.442294"
"天満小学校","広島県広島市西区天満町1-27","34.397446","132.441622"
"田方集会所","広島県広島市西区田方1-20-21","34.384676","132.398426"
"田方上集会所","広島県広島市西区田方2-6-12","34.392211","132.398729"
"観音中学校","広島県広島市西区南観音3-4-6","34.38729","132.42971"
"第二南観音会館","広島県広島市西区南観音5-2-15","34.383251","132.425234"
"南観音児童館","広島県広島市西区南観音6-5-15","34.381508","132.426781"
"南観音小学校","広島県広島市西区南観音6-5-45","34.38235","132.426681"
"南観音会館（第一会館）","広島県広島市西区南観音6-8-6","34.380618","132.427649"
"南観音集会所","広島県広島市西区南観音7-1-14","34.382164","132.430607"
"観音会館","広島県広島市西区南観音町18-11","34.388535","132.43168"
"三篠保育園","広島県広島市西区楠木町3-8-10","34.413137","132.456627"
"三篠・楠木集会所","広島県広島市西区楠木町3-8-15","34.413174","132.456846"
"ふくしま保育園","広島県広島市西区福島町1-18-1","34.396235","132.434114"
"西地域交流センター","広島県広島市西区福島町1-19-12","34.395988","132.434559"
"西区地域福祉センター","広島県広島市西区福島町2-24-1","34.392202","132.43227"
"竜王公園","広島県広島市西区竜王町","34.413572","132.437189"
"竜王集会所","広島県広島市西区竜王町7-4","34.409924","132.442106"
"鈴が峰小学校","広島県広島市西区鈴が峰町36-2","34.379978","132.393614"
"鈴が峰児童館","広島県広島市西区鈴が峰町36-3","34.380466","132.395326"
"鈴が峰会館","広島県広島市西区鈴が峰町37-4","34.38098","132.395667"
"鈴が峰公民館","広島県広島市西区鈴が峰町44-1","34.379912","132.38889"
"鈴が峰公園","広島県広島市西区鈴が峰町45","34.381665","132.392208"
"吉島公園","広島県広島市中区羽衣町16","34.377865","132.45064"
"中島集会所","広島県広島市中区羽衣町16-15","34.377451","132.450924"
"本川・広瀬集会所","広島県広島市中区榎町2-2","34.397281","132.446144"
"中島小学校","広島県広島市中区加古町10-8","34.386796","132.448019"
"文化交流会館（広島文化学園ＨＢＧホール）","広島県広島市中区加古町3-3","34.388766","132.448856"
"アステールプラザ（ＪＭＳアステールプラザ）","広島県広島市中区加古町4-17","34.387619","132.447969"
"中央公園広場エリア","広島県広島市中区基町15","34.401125","132.455805"
"広島サッカースタジアム（エディオンピースウイング広島）","広島県広島市中区基町15-2-1","34.401663","132.45375"
"基町中央集会所","広島県広島市中区基町19-6","34.404004","132.45628"
"基町児童館","広島県広島市中区基町19-7","34.403648","132.455989"
"基町小学校","広島県広島市中区基町20-2","34.402589","132.456411"
"基町幼稚園","広島県広島市中区基町20-3","34.403138","132.456279"
"基町保育園","広島県広島市中区基町20-5","34.402345","132.455979"
"広島城跡","広島県広島市中区基町21","34.401559","132.46021"
"旧広島市民球場跡地イベント広場（ひろしまゲートパークプラザ）","広島県広島市中区基町5","34.397236","132.454895"
"吉島東集会所","広島県広島市中区吉島新町2-9-1","34.368295","132.450821"
"吉島公民館（吉島集会所含む。）","広島県広島市中区吉島西3-2-10","34.371027","132.446186"
"吉島体育館","広島県広島市中区吉島西3-2-11","34.370722","132.44608"
"吉島保育園","広島県広島市中区吉島西3-3-10","34.371344","132.445772"
"吉島児童館","広島県広島市中区吉島西3-4-25","34.370825","132.445308"
"吉島小学校","広島県広島市中区吉島西3-4-60","34.372044","132.445055"
"広島刑務所","広島県広島市中区吉島町13-114","34.377807","132.445331"
"吉島福祉センター","広島県広島市中区吉島東2-17-30","34.369364","132.448619"
"吉島東公園","広島県広島市中区吉島東3-1","34.371304","132.451865"
"吉島中学校","広島県広島市中区吉島東3-1-1","34.369931","132.452278"
"吉島東児童館","広島県広島市中区吉島東3-2-7","34.369252","132.453121"
"吉島東小学校","広島県広島市中区吉島東3-2-7","34.368435","132.452626"
"光南集会所","広島県広島市中区光南3-1-6","34.366647","132.445453"
"広瀬小学校","広島県広島市中区広瀬町2-8","34.400946","132.446687"
"広瀬集会所","広島県広島市中区広瀬北町6-1","34.402242","132.447228"
"江波栄町集会所","広島県広島市中区江波栄町6-16","34.364974","132.427388"
"江波中学校","広島県広島市中区江波西1-1-13","34.373528","132.435669"
"江波東集会所（舟入江波町民会館）","広島県広島市中区江波東1-6-2","34.373792","132.43793"
"江波第二保育園","広島県広島市中区江波東2-2-2","34.370159","132.438445"
"江波児童館","広島県広島市中区江波東2-2-2","34.370222","132.43843"
"江波保育園","広島県広島市中区江波南1-21-16","34.365851","132.437759"
"江波集会所","広島県広島市中区江波南1-7-19","34.367233","132.434309"
"江波小学校","広島県広島市中区江波南2-2-53","34.364628","132.433423"
"江波南集会所","広島県広島市中区江波南2-8-1","34.363441","132.433516"
"江波皿山公園","広島県広島市中区江波二本松1-1","34.371286","132.432311"
"江波山公園","広島県広島市中区江波二本松2-11","34.365323","132.433845"
"江波二本松集会所","広島県広島市中区江波二本松2-4-20","34.366966","132.432906"
"国泰寺中学校","広島県広島市中区国泰寺町1-1-41","34.385553","132.458374"
"袋町学区会館（国泰寺集会所）","広島県広島市中区国泰寺町1-3-31","34.387516","132.45606"
"神崎南集会所","広島県広島市中区舟入幸町14-14","34.385122","132.439383"
"舟入児童館","広島県広島市中区舟入幸町14-16","34.385084","132.439179"
"舟入公民館","広島県広島市中区舟入川口町2-8","34.381084","132.443727"
"神崎小学校","広島県広島市中区舟入中町1-36","34.38735","132.445462"
"舟入高等学校","広島県広島市中区舟入南1-4-4","34.379285","132.440202"
"舟入小学校","広島県広島市中区舟入南2-9-48","34.379732","132.437827"
"舟入南集会所","広島県広島市中区舟入南4-1-55","34.377019","132.44092"
"舟入保育園","広島県広島市中区舟入南4-18-21","34.375461","132.438462"
"神崎保育園","広島県広島市中区舟入本町2-31","34.385148","132.444909"
"縮景園","広島県広島市中区上幟町2","34.400477","132.467648"
"幟町中学校","広島県広島市中区上幟町6-29","34.398916","132.468435"
"舟入集会所（操会館）","広島県広島市中区西川口町15-1","34.382292","132.437516"
"中央公民館","広島県広島市中区西白島町24-36","34.405505","132.458096"
"基町高等学校","広島県広島市中区西白島町25-1","34.404648","132.45975"
"白島小学校","広島県広島市中区西白島町26-3","34.404725","132.461616"
"白島児童館","広島県広島市中区西白島町26-30","34.403923","132.460829"
"白島集会所","広島県広島市中区西白島町9-17","34.40697","132.462908"
"千田公園","広島県広島市中区千田町3-7","34.376395","132.455408"
"中区スポーツセンター（コジマホールディングス中区スポーツセンター）","広島県広島市中区千田町3-8-12","34.375719","132.457148"
"工業技術センター","広島県広島市中区千田町3-8-24","34.375041","132.456845"
"健康づくりセンター","広島県広島市中区千田町3-8-6","34.376299","132.457251"
"袋町小学校（袋町児童館含む）","広島県広島市中区袋町6-36","34.391782","132.458661"
"大手町第一公園集会所","広島県広島市中区大手町2-5-24","34.392602","132.455024"
"広島みらい創生高等学校","広島県広島市中区大手町4-4-4","34.386444","132.451432"
"鷹野橋職員会館","広島県広島市中区大手町5-6-3","34.383785","132.453341"
"男女共同参画推進センター（ゆいぽーと）","広島県広島市中区大手町5-6-9","34.383561","132.453263"
"平和記念公園","広島県広島市中区中島町","34.393082","132.45214"
"広島国際会議場","広島県広島市中区中島町1-5","34.392105","132.451041"
"竹屋保育園","広島県広島市中区鶴見町11-25","34.384683","132.46623"
"竹屋小学校","広島県広島市中区鶴見町8-49","34.385752","132.466831"
"東千田公園","広島県広島市中区東千田町1","34.381888","132.457859"
"千田児童館","広島県広島市中区東千田町2-1-23","34.379108","132.459422"
"千田小学校","広島県広島市中区東千田町2-1-34","34.379802","132.459418"
"環境局中工場","広島県広島市中区南吉島1-5-1","34.358435","132.442267"
"南吉島集会所","広島県広島市中区南吉島2-1-50","34.360847","132.44323"
"南千田西集会所","広島県広島市中区南千田西町2-10","34.374329","132.455827"
"千田学区集会所","広島県広島市中区平野町11-10","34.377603","132.460865"
"竹屋公民館","広島県広島市中区宝町3-15","34.385492","132.463264"
"本川児童館","広島県広島市中区本川町1-5-24","34.395362","132.449992"
"本川保育園","広島県広島市中区本川町1-5-24","34.395186","132.449923"
"本川小学校","広島県広島市中区本川町1-5-39","34.395936","132.450559"
"幟町小学校","広島県広島市中区幟町3-10","34.396547","132.466474"
"幟町児童館","広島県広島市中区幟町3-49","34.396989","132.466299"
"尾長集会所","広島県広島市東区愛宕町2-13","34.397194","132.483732"
"下温品集会所","広島県広島市東区温品2-26-26","34.405393","132.510394"
"温品集会所","広島県広島市東区温品5-1-18","34.413951","132.508581"
"温品保育園","広島県広島市東区温品5-8-1","34.412825","132.505079"
"温品公民館","広島県広島市東区温品7-8-19","34.415265","132.510537"
"温品幼稚園","広島県広島市東区温品7-8-4","34.41624","132.511227"
"温品小学校","広島県広島市東区温品7-8-8","34.416043","132.510461"
"温品中学校","広島県広島市東区温品8-5-1","34.417581","132.512351"
"温品児童館","広島県広島市東区温品8-8-25","34.427461","132.517133"
"牛田小学校","広島県広島市東区牛田旭1-14-45","34.412827","132.470811"
"牛田集会所","広島県広島市東区牛田旭2-6-15","34.412509","132.472932"
"牛田総合公園","広島県広島市東区牛田新町1","34.417094","132.469009"
"市立広島商業高等学校","広島県広島市東区牛田新町1-1-1","34.422493","132.469957"
"牛田中学校","広島県広島市東区牛田新町1-14-1","34.420972","132.469506"
"牛田新町児童館","広島県広島市東区牛田新町1-15-1","34.418915","132.470364"
"牛田新町小学校","広島県広島市東区牛田新町1-15-1","34.419193","132.470409"
"牛田新町集会所（老人集会所）","広島県広島市東区牛田新町1-3-31","34.423064","132.46636"
"新牛田公園","広島県広島市東区牛田新町1-8","34.416813","132.465892"
"東区スポーツセンター（マエダハウジング東区スポーツセンター）","広島県広島市東区牛田新町1-8-3","34.416393","132.467096"
"牛田公民館","広島県広島市東区牛田新町1-8-3","34.416165","132.467012"
"早稲田中学校","広島県広島市東区牛田早稲田4-15-1","34.417343","132.485547"
"早稲田小学校","広島県広島市東区牛田早稲田4-9-1","34.418926","132.480537"
"早稲田集会所","広島県広島市東区牛田東2-12-23","34.413611","132.481223"
"広島女学院大学","広島県広島市東区牛田東4-13-1","34.413511","132.484216"
"早稲田公民館","広島県広島市東区牛田東4-19-1","34.414204","132.482726"
"戸坂集会所","広島県広島市東区戸坂桜東町1-2","34.433797","132.485824"
"戸坂児童館","広島県広島市東区戸坂出江2-1-1","34.435494","132.486202"
"戸坂小学校","広島県広島市東区戸坂出江2-1-1","34.434855","132.485734"
"戸坂公民館","広島県広島市東区戸坂出江2-10-26","34.433281","132.488326"
"戸坂城山児童館","広島県広島市東区戸坂城山町1-2","34.429455","132.488098"
"戸坂城山小学校","広島県広島市東区戸坂城山町1-2","34.429862","132.488767"
"広島城北学園","広島県広島市東区戸坂城山町1-3","34.428754","132.488728"
"東浄保育園","広島県広島市東区戸坂新町1-5-25","34.423605","132.49606"
"東浄集会所","広島県広島市東区戸坂新町2-37-5","34.427028","132.49918"
"戸坂中学校・戸坂庭球場・戸坂運動広場","広島県広島市東区戸坂新町3-1","34.424523","132.502992"
"戸坂新町公園","広島県広島市東区戸坂新町3-1","34.423804","132.500805"
"戸坂中学校","広島県広島市東区戸坂新町3-1-1","34.425177","132.502622"
"東浄児童館","広島県広島市東区戸坂新町3-1-4","34.423189","132.499876"
"戸坂城山集会所","広島県広島市東区戸坂数甲2-8-28","34.43081","132.492333"
"戸坂千足集会所","広島県広島市東区戸坂千足1-5-5","34.437659","132.482948"
"戸坂惣田集会所","広島県広島市東区戸坂千足2-1-6","34.438237","132.489101"
"戸坂保育園","広島県広島市東区戸坂千足2-10-2","34.437133","132.486871"
"戸坂福祉センター","広島県広島市東区戸坂大上1-4-22","34.427829","132.491437"
"戸坂南集会所（戸坂南会館）","広島県広島市東区戸坂南1-13-21","34.425042","132.491316"
"広島市心身障害者福祉センター","広島県広島市東区光町2-1-5","34.401462","132.482349"
"わかくさ保育園","広島県広島市東区光町2-15-42","34.400223","132.482556"
"二葉中学校","広島県広島市東区光町2-15-8","34.400887","132.484115"
"山根町東集会所","広島県広島市東区山根町17-9","34.40169","132.488015"
"尾長児童館","広島県広島市東区山根町21-10","34.399009","132.485324"
"尾長小学校","広島県広島市東区山根町21-10","34.399625","132.485741"
"若草集会所","広島県広島市東区若草町10-25","34.397797","132.480198"
"あけぼの保育園","広島県広島市東区曙2-4-1","34.396138","132.489458"
"介護老人保健施設ウェルフェア","広島県広島市東区上温品1-21-6","34.42139","132.513661"
"温品福祉センター","広島県広島市東区上温品1-24-1","34.422005","132.512385"
"上温品小学校","広島県広島市東区上温品3-4-1","34.427847","132.516532"
"上温品児童館","広島県広島市東区上温品3-4-1","34.427478","132.517216"
"上温品集会所","広島県広島市東区上温品4-20-16","34.427015","132.520808"
"中山台集会所","広島県広島市東区中山上2-37-4","34.420223","132.49999"
"鈴が丘集会所","広島県広島市東区中山新町1-1-30","34.422815","132.496823"
"東浄小学校","広島県広島市東区中山新町2-8-1","34.421103","132.500262"
"中山集会所","広島県広島市東区中山中町11-2","34.412509","132.497058"
"中山保育園","広島県広島市東区中山中町4-16","34.412546","132.497694"
"中山小学校","広島県広島市東区中山東1-2-1","34.409667","132.500249"
"中山児童館","広島県広島市東区中山東1-2-1","34.409474","132.501334"
"中山福祉センター","広島県広島市東区中山南1-5-39","34.407184","132.495286"
"中山大堤集会所","広島県広島市東区中山南1-5-39","34.407173","132.495123"
"東区図書館","広島県広島市東区東蟹屋町10-31","34.39562","132.483198"
"東区民文化センター","広島県広島市東区東蟹屋町10-31","34.395568","132.483547"
"二葉公民館","広島県広島市東区東蟹屋町9-34","34.395167","132.482055"
"二葉集会所","広島県広島市東区二葉の里1-7-22","34.401081","132.470795"
"馬木公民館","広島県広島市東区馬木2-565-4","34.436023","132.526584"
"福木集会所","広島県広島市東区馬木7-508-13","34.444999","132.535162"
"福木児童館","広島県広島市東区馬木9-1-1","34.446293","132.535501"
"福木保育園","広島県広島市東区馬木9-1-1","34.446309","132.535058"
"福木小学校","広島県広島市東区馬木9-1-2","34.445941","132.535834"
"福木幼稚園","広島県広島市東区馬木9-1-3","34.445547","132.535332"
"福木中学校","広島県広島市東区馬木9-1-5","34.446292","132.538533"
"丸山集会所","広島県広島市東区尾長西2-4-27","34.400554","132.489924"
"高天原墓園","広島県広島市東区尾長町官有無","34.404412","132.493956"
"広島市東地域交流センター","広島県広島市東区尾長東1-14-10","34.395545","132.491115"
"片河集会所","広島県広島市東区尾長東2-10-17","34.398217","132.489821"
"皇ケ丘集会所","広島県広島市東区尾長東3-9-7-8","34.402004","132.492638"
"福木公園","広島県広島市東区福田1","34.44709","132.534192"
"福田公民館","広島県広島市東区福田4-4152-1","34.452438","132.542377"
"矢賀児童館","広島県広島市東区矢賀2-10-31","34.397743","132.496026"
"矢賀幼稚園","広島県広島市東区矢賀2-10-5","34.398234","132.496509"
"矢賀小学校","広島県広島市東区矢賀2-10-67","34.398559","132.495992"
"矢賀集会所","広島県広島市東区矢賀2-8-34","34.399539","132.496056"
"矢賀新町集会所","広島県広島市東区矢賀新町4-6-21","34.391256","132.496667"
"大河集会所","広島県広島市南区旭1-14-12","34.373281","132.478262"
"大河児童館","広島県広島市南区旭1-5-25","34.375358","132.478868"
"大河小学校","広島県広島市南区旭1-8-1","34.375054","132.478501"
"旭三丁目集会所（旭三丁目会館）","広島県広島市南区旭3-7-10","34.369548","132.475923"
"宇品海岸集会所","広島県広島市南区宇品海岸2-8-2","34.355245","132.461586"
"広島競輪場","広島県広島市南区宇品海岸3-6","34.35609","132.467123"
"南区スポーツセンター宇品体育館","広島県広島市南区宇品海岸3-6-54","34.355471","132.464594"
"宇品西公園","広島県広島市南区宇品御幸2-6","34.366428","132.461847"
"宇品集会所","広島県広島市南区宇品御幸2-6-42","34.367057","132.461399"
"宇品公民館","広島県広島市南区宇品御幸4-1-2","34.361025","132.463747"
"宇品小学校","広島県広島市南区宇品御幸4-5-11","34.360821","132.461279"
"宇品児童館","広島県広島市南区宇品御幸4-5-32","34.359483","132.46106"
"宇品東保育園","広島県広島市南区宇品神田3-10-15","34.362995","132.46576"
"宇品東集会所（東宇品会館）","広島県広島市南区宇品神田3-10-15","34.36301","132.46595"
"宇品神田集会所（東宇品神田南会館）","広島県広島市南区宇品神田5-16-14","34.35814","132.465474"
"金輪島集会所","広島県広島市南区宇品町字金輪島381-9","34.3455","132.48384"
"宇品第一公園","広島県広島市南区宇品東2-1","34.366661","132.47155"
"宇品中学校","広島県広島市南区宇品東5-1-51","34.363309","132.472224"
"宇品東小学校","広島県広島市南区宇品東7-11-8","34.357906","132.467931"
"宇品東児童館","広島県広島市南区宇品東7-11-8","34.357227","132.468785"
"段原中学校","広島県広島市南区霞1-3-30","34.380608","132.483083"
"段原山崎集会所","広島県広島市南区霞1-5-7","34.383015","132.480102"
"皆実保育園","広島県広島市南区皆実町1-15-2","34.379281","132.468081"
"皆実児童館","広島県広島市南区皆実町1-15-2","34.379387","132.468327"
"皆実小学校","広島県広島市南区皆実町1-15-32","34.378646","132.468098"
"皆実集会所（皆実学区集会所）","広島県広島市南区皆実町3-3-20","34.377344","132.466187"
"皆実東部集会所","広島県広島市南区皆実町4-6-14","34.376287","132.470054"
"皆実南部集会所","広島県広島市南区皆実町5-19-9","34.373063","132.466249"
"皆実西部集会所","広島県広島市南区皆実町6-3-17","34.37322","132.463819"
"元宇品集会所（元宇品会館）","広島県広島市南区元宇品町13-18","34.3469","132.461943"
"元宇品保育園","広島県広島市南区元宇品町5-8","34.348076","132.462177"
"元宇品小学校","広島県広島市南区元宇品町7-10","34.348257","132.460355"
"向洋新町集会所（向洋新町会館）","広島県広島市南区向洋新町1-6-1","34.365503","132.509459"
"向洋新町小学校","広島県広島市南区向洋新町1-6-2","34.3664","132.508629"
"向洋新町児童館","広島県広島市南区向洋新町1-6-2","34.365781","132.509388"
"向洋集会所","広島県広島市南区向洋中町5-16","34.366942","132.506228"
"青崎保育園","広島県広島市南区向洋本町1-22","34.371047","132.505678"
"似島公民館","広島県広島市南区似島町字家下752-74","34.312294","132.432319"
"似島集会所","広島県広島市南区似島町字家下752-74","34.312428","132.432447"
"似島小学校","広島県広島市南区似島町字大黄2410","34.304937","132.437649"
"似島学園小・中学校","広島県広島市南区似島町字長谷1487","34.31527","132.447087"
"広島市似島歓迎交流センター","広島県広島市南区似島町字東大谷182","34.307917","132.439777"
"似島中学校","広島県広島市南区似島町字南風泊2250","34.303394","132.438229"
"似島臨海公園","広島県広島市南区似島町大黄","34.308222","132.441188"
"出汐集会所（出汐会館）","広島県広島市南区出汐1-5-12","34.379822","132.476848"
"県立広島皆実高等学校・県立広島工業高等学校","広島県広島市南区出汐2-4","34.377242","132.473874"
"出島福祉センター","広島県広島市南区出島1-32-1","34.357867","132.45149"
"出島保育園","広島県広島市南区出島1-33-57","34.356252","132.452506"
"出島集会所","広島県広島市南区出島2-14-73","34.354995","132.44634"
"出島西公園","広島県広島市南区出島2-22","34.352423","132.443261"
"段原集会所","広島県広島市南区松川町4-4","34.390418","132.472945"
"比治山小学校","広島県広島市南区上東雲町28-28","34.385222","132.485406"
"上東雲集会所","広島県広島市南区上東雲町8-4","34.38521","132.48409"
"仁保保育園","広島県広島市南区仁保1-1-11","34.37376","132.495437"
"仁保大町集会所","広島県広島市南区仁保1-1-12","34.373548","132.495312"
"仁保中学校","広島県広島市南区仁保1-56-1","34.369872","132.491782"
"仁保旭ケ丘集会所（旭ヶ丘会館）","広島県広島市南区仁保1-60-17","34.369505","132.493211"
"仁保集会所（渕崎会館）","広島県広島市南区仁保2-6-8","34.372003","132.498088"
"柞木集会所（柞木会館）","広島県広島市南区仁保3-2-8","34.367774","132.499533"
"仁保新町保育園","広島県広島市南区仁保新町1-6-15","34.377299","132.491817"
"仁保公民館","広島県広島市南区仁保新町1-8-6","34.376674","132.493406"
"仁保新町集会所","広島県広島市南区仁保新町2-5-25","34.375663","132.493889"
"仁保児童館","広島県広島市南区仁保新町2-8-12","34.375006","132.495551"
"仁保小学校","広島県広島市南区仁保新町2-8-30","34.375461","132.494753"
"翠町小学校","広島県広島市南区翠4-10-1","34.368336","132.474083"
"翠町中学校","広島県広島市南区翠4-15-1","34.368316","132.471863"
"翠町集会所（翠町会館）","広島県広島市南区翠5-18-3","34.368092","132.467798"
"西霞町集会所","広島県広島市南区西霞町13-18","34.376736","132.481754"
"荒神保育園","広島県広島市南区西蟹屋3-15-13","34.391442","132.481976"
"荒神集会所（荒神地区集会所）","広島県広島市南区西蟹屋3-15-15","34.391398","132.481911"
"荒神町小学校","広島県広島市南区西蟹屋3-7-27","34.3928","132.479796"
"青崎公民館","広島県広島市南区青崎1-12-7","34.373739","132.506167"
"青崎児童館","広島県広島市南区青崎1-12-7","34.373245","132.506208"
"青崎集会所","広島県広島市南区青崎1-13-4","34.372834","132.505367"
"青崎小学校","広島県広島市南区青崎1-15-51","34.372553","132.506285"
"大州集会所（大州学区集会所）","広島県広島市南区大州2-13-8","34.388808","132.489832"
"大州保育園","広島県広島市南区大州3-9-31","34.388796","132.490787"
"大州小学校","広島県広島市南区大州5-10-12","34.38492","132.497156"
"大州児童館","広島県広島市南区大州5-10-12","34.38473","132.496111"
"大州中学校","広島県広島市南区大州5-10-4","34.385666","132.496015"
"大須賀集会所","広島県広島市南区大須賀町9-1","34.397991","132.473139"
"丹那集会所","広島県広島市南区丹那町18-1","34.364826","132.480089"
"段原西集会所","広島県広島市南区段原2-11-18","34.388049","132.475718"
"段原東集会所","広島県広島市南区段原4-3-16","34.389402","132.479218"
"段原公民館","広島県広島市南区段原山崎2-7-4","34.384807","132.480399"
"段原南一丁目集会所","広島県広島市南区段原南1-13-27","34.384012","132.476321"
"段原南二丁目集会所","広島県広島市南区段原南2-5-8","34.385294","132.479087"
"比治山集会所（比治山会館）","広島県広島市南区段原日出1-13-22","34.386015","132.481683"
"段原小学校","広島県広島市南区的場町2-4-19","34.391665","132.473748"
"東雲一丁目集会所","広島県広島市南区東雲1-11-25","34.384056","132.491051"
"東雲集会所（東雲会館）","広島県広島市南区東雲2-9-26","34.381112","132.490316"
"渕﨑公園","広島県広島市南区東雲3-18","34.375024","132.499223"
"東雲三丁目集会所","広島県広島市南区東雲3-9-29","34.379849","132.494524"
"東雲児童館","広島県広島市南区東雲本町2-11-2","34.381763","132.487545"
"東雲本町一・二丁目集会所（東雲本町会館）","広島県広島市南区東雲本町2-14-25","34.381086","132.487084"
"東雲本町三丁目集会所（東雲本町三丁目会館）","広島県広島市南区東雲本町3-9-20","34.378265","132.487977"
"市立広島工業高等学校","広島県広島市南区東本浦町1-18","34.377197","132.489756"
"本浦集会所（本浦会館）","広島県広島市南区東本浦町20-8","34.373931","132.490201"
"南蟹屋集会所","広島県広島市南区南蟹屋2-6-11","34.390202","132.485245"
"広島市民球場（マツダスタジアム）","広島県広島市南区南蟹屋町2-3-1","34.39187","132.484591"
"楠那中学校","広島県広島市南区楠那町4-1","34.362765","132.487374"
"楠那小学校","広島県広島市南区楠那町5-7","34.362782","132.486053"
"楠那保育園","広島県広島市南区楠那町7-10","34.363359","132.48534"
"楠那公民館","広島県広島市南区楠那町7-10","34.363431","132.485202"
"南区スポーツセンター","広島県広島市南区楠那町7-31","34.363228","132.485984"
"日宇那集会所（日宇那会館）","広島県広島市南区日宇那町11-22","34.361932","132.492074"
"比治山公園","広島県広島市南区比治山公園","34.384428","132.472883"
"まんが図書館","広島県広島市南区比治山公園1-4","34.387757","132.47447"
"南区民文化センター","広島県広島市南区比治山本町16-27","34.380974","132.468384"
"比治山下公園","広島県広島市南区比治山本町8","34.379988","132.473547"
"比治山本町集会所","広島県広島市南区比治山本町8-1","34.380289","132.472906"
"大河公民館","広島県広島市南区北大河町15-12","34.371407","132.477718"
"大河保育園","広島県広島市南区北大河町15-16","34.371091","132.477538"
"黄金山集会所（黄金山会館）","広島県広島市南区北大河町31-6","34.372969","132.483905"
"黄金山小学校","広島県広島市南区北大河町35-1","34.3718","132.482227"
"東青崎集会所","広島県広島市南区堀越1-10-13","34.37271","132.510696"
"堀越集会所（堀越会館）","広島県広島市南区堀越2-12-11","34.372764","132.512207"
"岡大王西児童公園","広島県江田島市沖美町岡大王479","34.206844","132.410398"
"三高小学校　グラウンド","広島県江田島市沖美町三吉2613","34.257495","132.405431"
"旧三高中学校　グラウンド","広島県江田島市沖美町三吉2699","34.258582","132.403985"
"鹿田公園","広島県江田島市沖美町是長1517-2","34.227378","132.390742"
"沖美市民センター駐車場","広島県江田島市沖美町畑995","34.209384","132.405231"
"沖美ふれあいセンター　駐車場","広島県江田島市沖美町美能833-5","34.256107","132.382651"
"宮ノ原交流プラザ　グラウンド","広島県江田島市江田島町宮ノ原2-21-1","34.252664","132.461139"
"石風呂児童公園","広島県江田島市江田島町宮ノ原3-15160-37","34.260783","132.45562"
"幸ノ浦荒神社境内","広島県江田島市江田島町幸ノ浦2-13-10","34.282397","132.450354"
"江南交流プラザ　グラウンド","広島県江田島市江田島町江南2-8-22","34.200757","132.474977"
"江田島公園","広島県江田島市江田島町小用1-7100-1","34.244823","132.489252"
"切串小学校　グラウンド","広島県江田島市江田島町切串1-11-2","34.284369","132.478222"
"切串ふれあい公園","広島県江田島市江田島町切串2-10717-1","34.280529","132.480162"
"大歳神社境内","広島県江田島市江田島町切串2-10894-1","34.279078","132.479295"
"タカノス交流広場","広島県江田島市江田島町切串4-12564","34.286211","132.467429"
"大須公園","広島県江田島市江田島町大須2-14016-11","34.284805","132.436007"
"向側公園","広島県江田島市江田島町中央1-17535-17","34.2458","132.477466"
"江田島中央公園","広島県江田島市江田島町中央1-17952-1","34.246922","132.483125"
"中郷公園","広島県江田島市江田島町中央2-17389-7","34.249343","132.476677"
"江田島小学校　グラウンド","広島県江田島市江田島町中央4-18-1","34.238498","132.475573"
"山田西児童公園","広島県江田島市江田島町中央5-18731-1","34.237459","132.480909"
"津久茂公園","広島県江田島市江田島町津久茂3-520-1","34.247942","132.448259"
"柿浦交流プラザ　グラウンド","広島県江田島市大柿町柿浦1508-1","34.18168","132.471595"
"引島児童公園","広島県江田島市大柿町柿浦2723-4","34.175224","132.476063"
"大柿自然環境体験学習交流館　グラウンド","広島県江田島市大柿町深江1073-1","34.169341","132.451809"
"浄円寺　境内","広島県江田島市大柿町大君779","34.167993","132.475992"
"旧大君小学校　グラウンド","広島県江田島市大柿町大君862","34.169813","132.480617"
"大柿高等学校新館廊下（３Ｆ・４Ｆ）","広島県江田島市大柿町大原1118-1","34.173859","132.460312"
"大柿市民センター駐車場","広島県江田島市大柿町大原535-2","34.174858","132.463348"
"大柿中学校　グラウンド","広島県江田島市大柿町大原920","34.172079","132.467268"
"江田島市総合運動公園","広島県江田島市大柿町飛渡瀬1234","34.195056","132.465506"
"飛渡瀬交流プラザ　グラウンド","広島県江田島市大柿町飛渡瀬1633-1","34.201702","132.471735"
"高田交流プラザ　グラウンド","広島県江田島市能美町高田3355-5","34.233482","132.435704"
"能美運動公園","広島県江田島市能美町鹿川2041-5","34.211259","132.444217"
"鹿川小学校　グラウンド","広島県江田島市能美町鹿川2788","34.200201","132.440362"
"旧鹿川公民館　駐車場","広島県江田島市能美町鹿川2814-1","34.20123","132.440319"
"鹿川交流プラザ　駐車場","広島県江田島市能美町鹿川3126-1","34.200241","132.439405"
"中町小学校　グラウンド","広島県江田島市能美町中町2279","34.220349","132.439686"
"真道山森林公園","広島県江田島市能美町中町3420-1","34.210522","132.447582"
"安芸地区衛生管理組合安芸クリーンセンター","広島県坂町21322-8","34.314096","132.49621"
"横浜なかよし公園","広島県坂町横浜西一丁目6377-1","34.339035","132.500095"
"西児童遊園地","広島県坂町横浜西一丁目6386-9","34.338185","132.500519"
"横浜西津波災害一時避難所","広島県坂町横浜西一丁目地内","34.338803","132.49709"
"尾鷹公園","広島県坂町横浜中央一丁目10680-22","34.34121","132.504864"
"平成ヶ浜西公園","広島県坂町横浜中央一丁目10682-29","34.338251","132.506597"
"坂中学校（グラウンド）","広島県坂町横浜中央一丁目6-57","34.340327","132.505374"
"坂中学校（屋内）","広島県坂町横浜中央一丁目6-57","34.339974","132.50545"
"横洲公園","広島県坂町横浜中央三丁目5143-3","34.338127","132.504612"
"横浜中央津波災害一時避難場所","広島県坂町横浜中央地内目地内","34.342621","132.496042"
"中洲公園","広島県坂町横浜東一丁目10679-17","34.333924","132.504945"
"横浜若竹こども園","広島県坂町横浜東一丁目4-5","34.337487","132.505544"
"岡公園","広島県坂町横浜東一丁目6833-12","34.333689","132.505428"
"横浜ふれあいセンター","広島県坂町横浜東一丁目9-1","34.336153","132.504529"
"横浜小学校（屋内）","広島県坂町横浜東一丁目9-3","34.33611","132.504945"
"横浜小学校（グラウンド）","広島県坂町横浜東一丁目9-3","34.335543","132.505009"
"法大神公園","広島県坂町横浜東二丁目6813","34.335115","132.50686"
"釜ヶ谷公園","広島県坂町横浜東二丁目854-51","34.332316","132.506205"
"ナフコ広島ベイサイド店　屋上駐車場","広島県坂町亀石山21120","34.304","132.502139"
"保健センター","広島県坂町坂西一丁目18-14","34.338304","132.513907"
"丸子児童遊園地","広島県坂町坂西一丁目3331-1","34.339678","132.513598"
"町立図書館","広島県坂町坂西一丁目4-16","34.338906","132.511413"
"上条児童遊園地","広島県坂町坂西三丁目4173","34.327757","132.514504"
"上條公園","広島県坂町坂西三丁目4324","34.329224","132.516017"
"坂みみょう保育園","広島県坂町坂西二丁目2-12","34.335497","132.515886"
"西側公園","広島県坂町坂西二丁目4640","34.333813","132.5151"
"宮崎公園","広島県坂町坂東一丁目3229-7","34.342592","132.516645"
"お宮の杜公園","広島県坂町坂東乙番目乙662","34.340914","132.519279"
"西林寺","広島県坂町坂東三丁目14-17","34.336143","132.518517"
"坂留守家庭児童会","広島県坂町坂東四丁目1-28","34.33584","132.517337"
"正原池公園","広島県坂町坂東四丁目1723","34.333627","132.520888"
"中央公園","広島県坂町坂東四丁目2821","34.33503","132.517327"
"浜田公園","広島県坂町坂東丁目2956-1","34.339558","132.514987"
"シモハナ　Ｈａｌｌ（町民交流センター）","広島県坂町坂東二丁目20-1","34.338275","132.516152"
"坂小学校（グラウンド）","広島県坂町坂東二丁目22-1","34.338679","132.516768"
"坂小学校（屋内）","広島県坂町坂東二丁目22-1","34.337995","132.516248"
"坂公民館","広島県坂町坂東二丁目22-8","34.337474","132.516462"
"坂東二丁目公園","広島県坂町坂東二丁目3001-17","34.339678","132.517487"
"めだかとげんごろう公園","広島県坂町坂東二丁目3027-20","34.340243","132.516767"
"コミュニティーホールさか","広島県坂町坂東二丁目4-10","34.340149","132.516371"
"新張公園","広島県坂町坂東二丁目787-2","34.338548","132.51835"
"三田尾児童遊園地","広島県坂町字三田尾1995","34.330127","132.521558"
"坂町有住宅集会所","広島県坂町小屋浦一丁目７内","34.299955","132.506809"
"向田児童遊園地","広島県坂町小屋浦三丁目10502-2","34.301168","132.507815"
"小屋浦公園","広島県坂町小屋浦四丁目10359-1","34.303078","132.511704"
"坂町災害伝承ホール","広島県坂町小屋浦四丁目25-9","34.303714","132.512358"
"小屋浦いこいの森公園","広島県坂町小屋浦四丁目919-2","34.307155","132.510079"
"天地川公園","広島県坂町小屋浦四丁目9600","34.304013","132.511355"
"小屋浦ふれあいセンター","広島県坂町小屋浦二丁目28-11","34.302001","132.509298"
"小屋浦小学校（グラウンド）","広島県坂町小屋浦二丁目28-7","34.302143","132.508711"
"小屋浦小学校（屋内）","広島県坂町小屋浦二丁目28-7","34.302309","132.509113"
"小屋浦みみょう保育園","広島県坂町小屋浦二丁目38-27","34.302794","132.509856"
"西昭寺","広島県坂町小屋浦二丁目39-20","34.303437","132.510577"
"藤之脇公園第一・第二公園","広島県坂町小屋浦二丁目9200","34.30486","132.508099"
"植田中央公園","広島県坂町植田三丁目7586-6","34.329893","132.50672"
"植田第四公園","広島県坂町植田四丁目394-115","34.325684","132.505074"
"植田第三公園","広島県坂町植田四丁目394-129","34.326942","132.506146"
"植田第一公園","広島県坂町植田四丁目394-96","34.328014","132.507799"
"植田丘公園","広島県坂町植田四丁目7594-1","34.329095","132.508206"
"水尻公園","広島県坂町水尻8974-7","34.320452","132.500315"
"横浜公園","広島県坂町鯛尾二丁目","34.338052","132.494584"
"鯛尾公園","広島県坂町鯛尾二丁目5800-61","34.338019","132.492371"
"マツダ㈱マツダトレーニングセンター鯛尾","広島県坂町鯛尾二丁目6-7","34.338708","132.493942"
"明神公園","広島県坂町鯛尾二丁目831-20","34.337578","132.491877"
"県営町営平成ヶ浜住宅１号館（４階以上）","広島県坂町平成ケ浜2-2-2-100","34.343184","132.512895"
"町民センター","広島県坂町平成ヶ浜一丁目1-1","34.340976","132.513215"
"平成ヶ浜東公園","広島県坂町平成ヶ浜一丁目13017","34.342707","132.513769"
"きらり・さかなぎさ公園","広島県坂町平成ヶ浜五丁目1","34.344203","132.512346"
"平成ヶ浜中央公園","広島県坂町平成ヶ浜五丁目13074","34.343957","132.50951"
"パルティ・フジ坂　駐車場","広島県坂町平成ヶ浜三丁目2-1","34.340327","132.509929"
"広島翔洋高等学校（屋内）","広島県坂町平成ヶ浜三丁目3-20","34.340674","132.508051"
"広島文化学園大学（バスケットコート・駐車場）","広島県坂町平成ヶ浜三丁目3-20","34.340254","132.507885"
"広島翔洋高等学校（グラウンド）","広島県坂町平成ヶ浜三丁目3-20","34.34117","132.508551"
"ＤＣＭダイキＥＸ坂店（屋上駐車場）","広島県坂町平成ヶ浜二丁目1-48","34.340243","132.512174"
"北新地運動公園","広島県坂町北新地一丁目2","34.346242","132.51621"
"坂町Ｂ＆Ｇ海洋センター","広島県坂町北新地一丁目2-75","34.347048","132.517138"
"フジグラン安芸（３階・４階・屋上駐車場）","広島県坂町北新地二丁目3-30","34.349756","132.51867"
"リージョンプラザ","広島県三原市円一町2-1-1","34.396342","133.077722"
"中央公民館","広島県三原市円一町2-3-1","34.395179","133.078092"
"武道館","広島県三原市円一町2-7-1","34.395913","133.077057"
"南小学校","広島県三原市円一町2-7-2","34.395444","133.077242"
"下北方老人集会所","広島県三原市下北方2-23-18","34.406761","132.971062"
"本郷中学校","広島県三原市下北方2-27-1","34.407066","132.967488"
"県立広島大学三原キャンパス","広島県三原市学園町1-1","34.391154","133.056443"
"三原小学校","広島県三原市館町2-3-1","34.40347","133.083283"
"広島大学附属三原小・中学校","広島県三原市館町2-6-1","34.402808","133.084855"
"羽倉コミュニティホーム","広島県三原市久井町羽倉1341-3","34.505745","133.012451"
"旧羽倉コミュニティホーム","広島県三原市久井町羽倉1433-2","34.503733","133.014733"
"久井運動公園自由広場","広島県三原市久井町羽倉39","34.503537","133.022027"
"久井コミュニティセンター","広島県三原市久井町下津1397","34.536273","133.036076"
"下津コミュニティホーム","広島県三原市久井町下津2326-6","34.528696","133.039272"
"久井小・中学校","広島県三原市久井町下津735","34.517148","133.034084"
"吉田スポーツ広場","広島県三原市久井町吉田141-2","34.550245","133.070664"
"吉田コミュニティホーム","広島県三原市久井町吉田512","34.537469","133.058025"
"江木スポーツ広場","広島県三原市久井町江木533","34.534824","133.042651"
"久井の市コミュニティホーム","広島県三原市久井町江木98-5","34.540166","133.037523"
"久井運動公園Ｂ＆Ｇ海洋センター","広島県三原市久井町坂井原10409-3","34.504646","133.023205"
"坂井原老人集会所","広島県三原市久井町坂井原1103-3","34.482726","133.036833"
"旧久井南小学校","広島県三原市久井町坂井原3024","34.488596","133.03256"
"久井南コミュニティセンター","広島県三原市久井町山中野1337","34.488097","133.010559"
"中野老人集会所","広島県三原市久井町山中野1615","34.490336","133.011649"
"芋堀老人集会所","広島県三原市久井町山中野278-8","34.480409","132.995885"
"小林集会所（法林寺）","広島県三原市久井町小林125-3","34.497042","133.004442"
"泉コミュニティホーム","広島県三原市久井町泉1341-10","34.539578","133.009354"
"土取コミュニティホーム","広島県三原市久井町土取417-1","34.474669","133.021347"
"久井保健福祉センター（久井支所）","広島県三原市久井町和草1906-1","34.518088","133.025848"
"黒郷コミュニティホーム","広島県三原市久井町和草2042-1","34.516615","133.027335"
"和草コミュニティホーム","広島県三原市久井町和草761-1","34.532299","133.018116"
"莇原コミュニティホーム","広島県三原市久井町莇原746","34.549669","133.043098"
"芸術文化センター（ポポロ）","広島県三原市宮浦2-1-1","34.400881","133.067835"
"宮浦中学校","広島県三原市宮浦5-29-1","34.393165","133.057355"
"宮浦コミュニティセンター","広島県三原市宮浦6-9-22","34.394188","133.062285"
"第三中学校","広島県三原市宮沖3-15-2","34.394181","133.072744"
"県立三原高等学校","広島県三原市宮沖4-11-1","34.393444","133.072429"
"地域学習センター（さざなみ学校）","広島県三原市幸崎久和喜3-18","34.344227","133.068434"
"旧渡瀬小学校","広島県三原市幸崎町渡瀬36-20","34.346753","133.013767"
"幸崎中学校","広島県三原市幸崎能地3-16-1","34.338421","133.036985"
"幸崎小学校","広島県三原市幸崎能地3-16-2","34.339151","133.036548"
"幸崎コミュニティセンター","広島県三原市幸崎能地3-8-13","34.337749","133.037615"
"高坂町コミュニティホーム","広島県三原市高坂町真良1813-1","34.435308","132.999677"
"旧向田小学校","広島県三原市鷺浦町向田野浦1712","34.32826","133.106342"
"須ノ上集会所","広島県三原市鷺浦町向田野浦4318","34.336342","133.124025"
"鷺浦コミュニティセンター","広島県三原市鷺浦町向田野浦675-4","34.329463","133.100739"
"旧鷺浦小学校","広島県三原市鷺浦町須波1738","34.353035","133.113074"
"鷺浦小学校","広島県三原市鷺浦町須波2189","34.353135","133.117911"
"糸崎コミュニティセンター","広島県三原市糸崎5-10-7","34.393462","133.107548"
"糸崎小学校","広島県三原市糸崎5-3-1","34.391339","133.109047"
"第一中学校","広島県三原市糸崎5-7-1","34.392843","133.108956"
"田野浦小学校","広島県三原市宗郷1-10-1","34.386212","133.062966"
"小坂町コミュニティホーム","広島県三原市小坂町1264-1","34.416783","133.017343"
"沼北小学校","広島県三原市小坂町3515","34.413414","133.01855"
"広島県立三原特別支援学校","広島県三原市小泉町10199-2","34.373209","132.975784"
"小泉小学校","広島県三原市小泉町4840-1","34.369419","132.989378"
"沼田小学校","広島県三原市沼田2-1-32","34.402437","133.041966"
"沼田西小学校","広島県三原市沼田西町松江1508","34.394153","132.983704"
"沼田西・小泉町コミュニティホーム","広島県三原市沼田西町惣定1168-1","34.381772","132.99514"
"やまみ三原運動公園","広島県三原市沼田東町釜山10253-1","34.379437","133.009953"
"沼田東小学校","広島県三原市沼田東町片島273","34.389462","133.020449"
"第五中学校","広島県三原市沼田東町片島532","34.388691","133.02304"
"沼田東コミュニティセンター","広島県三原市沼田東町片島716","34.384582","133.021697"
"如水館高等学校","広島県三原市深町1183","34.437558","133.140422"
"深町コミュニティホーム","広島県三原市深町1565-2","34.431344","133.136962"
"深小学校","広島県三原市深町1589","34.431259","133.136226"
"須波小学校","広島県三原市須波1-22-1","34.364795","133.083318"
"須波コミュニティセンター","広島県三原市須波1-22-2","34.37042","133.085391"
"第四中学校","広島県三原市須波ハイツ2-26-1","34.353846","133.077858"
"西小学校","広島県三原市西宮2-7-1","34.405013","133.066096"
"神田公民館","広島県三原市大和町下徳良106-1","34.541436","132.950046"
"大和人権文化センター","広島県三原市大和町下徳良107-1","34.541757","132.949952"
"大和文化センター","広島県三原市大和町下徳良111","34.541955","132.949532"
"大和支所","広島県三原市大和町下徳良111","34.541613","132.949099"
"広島三育学院","広島県三原市大和町下徳良296-2","34.553619","132.920179"
"大和認定こども園","広島県三原市大和町下徳良697-2","34.538938","132.921792"
"上徳良コミュニティホーム","広島県三原市大和町上徳良1528-1","34.534022","132.963632"
"蔵宗コミュニティホーム","広島県三原市大和町蔵宗1244-2","34.56453","132.903357"
"大和中学校","広島県三原市大和町大具2280","34.532825","132.920276"
"大和小学校","広島県三原市大和町大具2362-1","34.535666","132.918174"
"大草公民館","広島県三原市大和町大草9131-2","34.500078","132.958729"
"萩原コミュニティホーム","広島県三原市大和町萩原2408-1","34.563469","132.949002"
"椹梨公民館","広島県三原市大和町椋梨1004","34.528462","132.892503"
"くわなし皆来館","広島県三原市大和町椋梨2431","34.530091","132.89306"
"白竜ドーム","広島県三原市大和町和木1026-3","34.504899","132.919045"
"和木公民館","広島県三原市大和町和木1537-6","34.514014","132.921114"
"大和保健福祉センター","広島県三原市大和町和木1538-1","34.513946","132.921317"
"和木地域ふれあい交流センター","広島県三原市大和町和木2163-7","34.507235","132.925204"
"第二中学校","広島県三原市中之町2-14-1","34.409562","133.096143"
"中之町コミュニティセンター","広島県三原市中之町2-2-1","34.407981","133.094865"
"県立三原東高等学校","広島県三原市中之町2-7-1","34.410074","133.099296"
"中之町小学校","広島県三原市中之町6-4-1","34.418497","133.10695"
"三原市人権文化センター","広島県三原市長谷1-6-1","34.397426","133.032283"
"八幡町コミュニティホーム","広島県三原市八幡町宮内277","34.474878","133.084754"
"北方グランド・ゴルフ場管理棟","広島県三原市本郷町上北方1001-1","34.413888","132.942012"
"北方ふれあい集会所","広島県三原市本郷町上北方1012-1","34.413648","132.942823"
"北方コミュニティセンター","広島県三原市本郷町上北方1023-1","34.413371","132.941925"
"広島県立中央森林公園","広島県三原市本郷町上北方1315","34.443698","132.927918"
"旧北方小学校","広島県三原市本郷町上北方2922","34.412417","132.943764"
"船木コミュニティセンター","広島県三原市本郷町船木1949","34.431873","132.967654"
"旧船木小学校","広島県三原市本郷町船木1972","34.432885","132.96595"
"茅田老人集会所","広島県三原市本郷町船木2514-9","34.433681","132.97753"
"船木防災公園","広島県三原市本郷町船木5200-18","34.436135","132.983008"
"広井町内会会館","広島県三原市本郷町南方3373-9","34.395091","132.965871"
"南方コミュニティセンター","広島県三原市本郷町南方3985-1","34.395238","132.956795"
"本郷西小学校","広島県三原市本郷町南方4003","34.39623","132.956384"
"尾原中集会所","広島県三原市本郷町南方7558-2","34.398615","132.948798"
"本郷保健福祉センター","広島県三原市本郷南5-23-1","34.407487","132.989287"
"県立総合技術高等学校","広島県三原市本郷南5-25-1","34.408151","132.988208"
"本郷保育所","広島県三原市本郷南5-8-1","34.406981","132.988971"
"本郷幼稚園","広島県三原市本郷南5-8-1","34.406936","132.989208"
"本郷西老人集会所","広島県三原市本郷南6-13-9","34.40966","132.983604"
"本郷生涯学習センター","広島県三原市本郷南6-25-1","34.410676","132.983263"
"本郷小学校","広島県三原市本郷北3-15-1","34.411281","132.985614"
"本郷人権文化センター","広島県三原市本郷北3-16-10","34.411603","132.98657"
"東下岡集会所","広島県三原市本郷北3-20-7","34.411404","132.988569"
"木原小学校","広島県三原市木原3-2-20","34.392783","133.141674"
"木原町コミュニティホーム","広島県三原市木原4-12-1","34.392612","133.147266"
"粟屋コミュニティセンター","広島県三次市粟屋町2320-1","34.794066","132.834883"
"三次市立粟屋小学校","広島県三次市粟屋町2346-2","34.794672","132.835511"
"粟屋西自治交流センター","広島県三次市粟屋町949-2","34.769262","132.798952"
"旧志和地小学校","広島県三次市下志和地町1371","34.729921","132.821327"
"川地コミュニティセンター","広島県三次市下志和地町663-8","34.740474","132.803292"
"三次市立川地小学校","広島県三次市下川立町503-1","34.73655","132.788905"
"ＪＡ三次旧川立支店","広島県三次市下川立町67-5","34.725371","132.784581"
"旧安田小学校","広島県三次市吉舎町安田1742","34.739933","133.029624"
"三次市立八幡小学校","広島県三次市吉舎町丸田224-2","34.699726","132.982521"
"広島県立日彰館高等学校（体育館、グラウンド、理科棟２・３階）","広島県三次市吉舎町吉舎293-2","34.721772","132.99171"
"よっしゃ吉舎","広島県三次市吉舎町吉舎368","34.719406","132.993011"
"吉舎コミュニティセンター","広島県三次市吉舎町吉舎552-1","34.717631","132.991945"
"吉舎保健センター","広島県三次市吉舎町吉舎723-1","34.718503","132.993589"
"中四字コミュニティセンター","広島県三次市吉舎町三玉626-6","34.727269","132.990755"
"吉舎徳市自治交流センター","広島県三次市吉舎町徳市2527-1","34.6635","132.9571"
"敷地コミュニティセンター","広島県三次市吉舎町敷地1807-1","34.747193","132.966231"
"三次市立君田小学校","広島県三次市君田町東入君10361-2","34.876533","132.853905"
"君田生涯学習センター","広島県三次市君田町東入君644-8","34.87711","132.851358"
"和田コミュニティセンター","広島県三次市向江田町3358-1","34.787912","132.920263"
"三次市立和田小学校","広島県三次市向江田町3363-6","34.789338","132.920468"
"宇賀交流拠点施設","広島県三次市甲奴町宇賀1211","34.704228","133.037814"
"三次市立甲奴小学校","広島県三次市甲奴町梶田10005-1","34.709808","133.070337"
"小童コミュニティセンター","広島県三次市甲奴町小童3029-2","34.681087","133.068513"
"甲奴健康づくりセンター　ゆげんき","広島県三次市甲奴町西野592","34.705787","133.073782"
"上川コミュニティセンター","広島県三次市甲奴町抜湯37","34.750384","133.079066"
"有田・福田構造改善センター","広島県三次市甲奴町福田266-1","34.730622","133.093147"
"美山荘在宅サービスステーション","広島県三次市甲奴町本郷1707-1","34.696861","133.082172"
"ジミー・カーターシビックセンター","広島県三次市甲奴町本郷940","34.70062","133.089237"
"神杉コミュニティセンター","広島県三次市高杉町1684-1","34.774057","132.891763"
"三次市立神杉小学校","広島県三次市高杉町1684-1","34.774297","132.892602"
"作木山村開発センター","広島県三次市作木町下作木674","34.865403","132.718966"
"文化センターさくぎ","広島県三次市作木町下作木905-2","34.873448","132.723839"
"作木上地区自治交流センター","広島県三次市作木町香淀256-1","34.827737","132.724382"
"作木下地区自治交流センター","広島県三次市作木町大津140-1","34.891995","132.681473"
"三次市民ホールきりり","広島県三次市三次町111-1","34.811665","132.866376"
"尾関山公園","広島県三次市三次町1674-2","34.81429","132.839862"
"三次市立三次中学校","広島県三次市三次町1731-1","34.813635","132.843231"
"三次コミュニティセンター","広島県三次市三次町1828-5","34.812287","132.845694"
"三次市立三次小学校","広島県三次市三次町1851-1","34.811694","132.845614"
"川西コミュニティセンター","広島県三次市三若町2651-1","34.717223","132.890673"
"三次市立川西小学校","広島県三次市三若町2652","34.717344","132.889972"
"三良坂体育館","広島県三次市三良坂町三良坂2719-1","34.762891","132.96432"
"三良坂コミュニティセンター","広島県三次市三良坂町三良坂2825","34.76291","132.9657"
"三次市三良坂支所","広島県三次市三良坂町三良坂5042-1","34.76365","132.958281"
"三次市三和支所","広島県三次市三和町上板木10038-4","34.663521","132.842412"
"三次市立三和中学校","広島県三次市三和町上板木10055","34.661693","132.84355"
"みわ総合福祉センター","広島県三次市三和町敷名11460-2","34.664968","132.84645"
"広島県立みよし公園","広島県三次市四拾貫町","34.796883","132.904197"
"みよしまちづくりセンター","広島県三次市十日市西6-10-45","34.803661","132.84234"
"三次市役所","広島県三次市十日市中2-8-1","34.805382","132.852046"
"三次市立十日市中学校","広島県三次市十日市中4-2-2","34.807699","132.856271"
"三次市立十日市小学校","広島県三次市十日市中4-9-1","34.808821","132.853955"
"広島県立林業技術センター","広島県三次市十日市町168-1","34.794764","132.853739"
"三次市福祉保健センター","広島県三次市十日市東3-14-1","34.809881","132.862435"
"十日市コミュニティセンター","広島県三次市十日市南1-2-18","34.802904","132.854278"
"若宮公園","広島県三次市十日市南4-102","34.79962","132.857164"
"広島県立みよし風土記の丘","広島県三次市小田幸町122","34.762372","132.897331"
"三次市立河内小学校","広島県三次市小文町173-1","34.829743","132.85164"
"河内コミュニティセンター","広島県三次市小文町182-1","34.829256","132.852068"
"ほしはら山の学校","広島県三次市上田町388","34.696178","132.911565"
"酒屋コミュニティセンター","広島県三次市西酒屋町281-3","34.779797","132.860245"
"三次市立酒河小学校","広島県三次市西酒屋町804-1","34.785189","132.851625"
"ダイナム三次店駐車場","広島県三次市西酒屋町91-1","34.789887","132.858948"
"三次市立青河小学校","広島県三次市青河町580-1","34.760807","132.819444"
"青河コミュニティセンター","広島県三次市青河町582-1","34.761385","132.820228"
"三次市立塩町中学校","広島県三次市大田幸町10541-2","34.771096","132.911198"
"三次市立田幸小学校","広島県三次市大田幸町1600-1","34.755644","132.913229"
"田幸コミュニティセンター","広島県三次市大田幸町342-5","34.755015","132.910708"
"みよし運動公園","広島県三次市東酒屋町10493","34.780768","132.869046"
"酒屋体育館","広島県三次市東酒屋町306-60","34.785594","132.88069"
"ナフコ三次店駐車場","広島県三次市東酒屋町380-1","34.782124","132.876683"
"広島県三次ワイナリー","広島県三次市東酒屋町445-3","34.778615","132.8668"
"広島県立三次高等学校（体育館、グラウンド、三高会館）","広島県三次市南畑敷町155","34.804294","132.87006"
"三次西健康づくりセンターデイサービス施設","広島県三次市日下町143-1","34.818798","132.81954"
"三次市立八次小学校","広島県三次市畠敷町1725-1","34.805148","132.885969"
"八次コミュニティセンター","広島県三次市畠敷町1860-1","34.806959","132.895381"
"三次市立八次中学校","広島県三次市畠敷町1860-1","34.806405","132.894256"
"横谷ふるさとセンター","広島県三次市布野町横谷774-1","34.923694","132.755738"
"道の駅ゆめランド布野","広島県三次市布野町下布野661-1","34.855597","132.797499"
"戸河内下会館","広島県三次市布野町戸河内461-1","34.866466","132.802946"
"布野保健福祉センター","広島県三次市布野町上布野11093-1","34.875735","132.791807"
"布野生涯学習センター","広島県三次市布野町上布野1196-1","34.8846","132.78057"
"三次市立布野小学校","広島県三次市布野町上布野1405","34.880777","132.784455"
"一木多目的研修施設","広島県庄原市一木町100","34.824172","133.00084"
"永末コミュニティセンター","広島県庄原市永末町275-3","34.854946","133.047996"
"永末小学校","広島県庄原市永末町37-1","34.856337","133.05201"
"掛田集会所","広島県庄原市掛田町77-1","34.870775","133.00317"
"美湯団地南集会所","広島県庄原市宮内町1413","34.855888","133.039581"
"宮内多目的研修集会所","広島県庄原市宮内町67-5","34.867446","133.044895"
"戸郷会館","広島県庄原市戸郷町147","34.843947","133.013992"
"戸郷団地コミュニティーセンター","広島県庄原市戸郷町5-38","34.847526","133.01111"
"口和小学校","広島県庄原市口和町永田3-2","34.893868","132.924709"
"口和老人福祉センター","広島県庄原市口和町永田415-4","34.887872","132.917532"
"宮内ふれあいプラザ","広島県庄原市口和町宮内154-4","34.932482","132.907659"
"金田集会所","広島県庄原市口和町金田311-5","34.867451","132.903464"
"石谷集会所","広島県庄原市口和町金田5417-3","34.860838","132.916237"
"旧口北小学校","広島県庄原市口和町向泉1041","34.916074","132.902257"
"口和スポーツセンター","広島県庄原市口和町向泉1116-2","34.91743","132.904155"
"口和コミュニティセンター","広島県庄原市口和町向泉389-1","34.916702","132.898026"
"口和中学校","広島県庄原市口和町向泉527-1","34.905893","132.903113"
"口和自治振興センター","広島県庄原市口和町向泉934-4","34.916248","132.900141"
"常定集会所","広島県庄原市口和町常定351-2","34.888076","132.901703"
"大月集会所","広島県庄原市口和町大月215-4","34.911766","132.884392"
"竹地本谷集会所","広島県庄原市口和町竹地谷193-5","34.940069","132.878893"
"旧竹地谷小学校","広島県庄原市口和町竹地谷913-1","34.95056","132.852639"
"湯木ふれあいプラザ","広島県庄原市口和町湯木1195-1","34.906263","132.927189"
"口和総合運動公園","広島県庄原市口和町湯木1250-1","34.913165","132.914025"
"西念寺","広島県庄原市高町2514","34.866527","133.054385"
"高自治振興センター","広島県庄原市高町821-4","34.881758","133.072836"
"高小学校","広島県庄原市高町828","34.881936","133.071934"
"高茂公民館","広島県庄原市高茂町274","34.850491","132.920666"
"高門多目的研修施設","広島県庄原市高門町259-1","34.836936","133.053881"
"奥門田地域農業構造改善センター","広島県庄原市高野町奥門田201-1","35.009243","132.904149"
"岡大内集会所","広島県庄原市高野町岡大内4-2","35.027555","132.88312"
"下高自治振興センター","広島県庄原市高野町下門田8","35.024627","132.882504"
"高野湯川コミュニティセンター","広島県庄原市高野町上湯川680","35.038371","132.96482"
"上里原老人集会所","広島県庄原市高野町上里原184-4","35.023701","132.865093"
"高野保健福祉センター","広島県庄原市高野町新市1150","35.032274","132.906072"
"庄原市役所高野支所","広島県庄原市高野町新市1171-1","35.0338","132.906874"
"上高自治振興センター","広島県庄原市高野町新市1283","35.034385","132.902481"
"高野山村開発センター","広島県庄原市高野町新市1284","35.034178","132.90203"
"高野中学校","広島県庄原市高野町新市1314-1","35.035702","132.900474"
"高野中学校（屋外運動場）","広島県庄原市高野町新市1314-1","35.035516","132.900812"
"高野小学校","広島県庄原市高野町新市1650","35.036973","132.901041"
"中門田老人集会所","広島県庄原市高野町中門田177-1","35.026661","132.888107"
"南地区集会所","広島県庄原市高野町南180","35.029496","132.921398"
"緑の村文化センター","広島県庄原市高野町南257","35.030097","132.922351"
"高野和南原コミュニティセンター","広島県庄原市高野町和南原275","35.067575","132.906303"
"三日市集会所","広島県庄原市三日市町276-3","34.856377","133.003841"
"県立庄原特別支援学校","広島県庄原市三日市町4-44","34.847142","133.009579"
"広島県立庄原格致高校（屋内運動場）","広島県庄原市三日市町515","34.861092","133.004366"
"広島県立庄原格致高校（屋外運動場）","広島県庄原市三日市町515","34.860448","133.005444"
"栄町集会所","広島県庄原市三日市町607-4","34.858501","133.006365"
"山王集会所","広島県庄原市山内町1127-3","34.825912","132.951124"
"隠地多目的研修施設","広島県庄原市山内町1525","34.831214","132.959121"
"山内小学校","広島県庄原市山内町813-1","34.832427","132.949017"
"山内自治振興センター","広島県庄原市山内町813-4","34.831592","132.948537"
"行里多目的研修施設","広島県庄原市山内町87","34.835701","132.956222"
"市中愛農館","広島県庄原市市町1239-1","34.855446","132.97268"
"市上組集会所","広島県庄原市市町549-4","34.86018","132.96684"
"市町構造改善センター","広島県庄原市市町656-1","34.851345","132.972389"
"東自治振興センター","広島県庄原市七塚町11-2","34.847219","132.985877"
"七塚西多目的研修施設","広島県庄原市七塚町1324","34.836529","132.972273"
"ひろしま農業協同組合庄原西支店","広島県庄原市七塚町1352-1","34.838545","132.967358"
"金信集会所","広島県庄原市七塚町41","34.84549","132.984745"
"八幡集会所","広島県庄原市七塚町5073-1","34.841015","132.986321"
"旭会館","広島県庄原市七塚町534-1","34.842901","132.981195"
"県立広島大学庄原キャンパス","広島県庄原市七塚町562","34.824915","132.976454"
"蜂原集会所","広島県庄原市七塚町588","34.845299","132.98141"
"中原集会所","広島県庄原市七塚町792-3","34.842662","132.979792"
"殿河内老人集会所","広島県庄原市実留町2057-9","34.813217","133.008547"
"旧実留小学校（屋内運動場）","広島県庄原市実留町2410","34.81117","133.013192"
"峰田小学校","広島県庄原市春田町101-3","34.817144","133.044597"
"ふれあいの広場","広島県庄原市春田町101-3","34.817613","133.044522"
"峰春会館","広島県庄原市春田町1244-3","34.81333","133.042883"
"誠心集会所","広島県庄原市春田町217-2","34.821709","133.039552"
"小用多目的研修施設","広島県庄原市小用町334-1","34.861316","133.061133"
"国営備北丘陵公園（エントラスセンター国兼）","広島県庄原市上原町","34.848096","133.006605"
"国営備北丘陵公園（第二駐車場）","広島県庄原市上原町","34.842309","132.99907"
"国営備北丘陵公園（第五駐車場）","広島県庄原市上原町","34.848981","133.006498"
"国営備北丘陵公園（大芝生広場）","広島県庄原市上原町","34.837589","133.002157"
"熊野多目的研修施設","広島県庄原市上原町1685","34.834661","132.995585"
"東小学校","広島県庄原市上原町376-1","34.854234","132.996001"
"上原老人集会所","広島県庄原市上原町422","34.852921","132.995524"
"北後迫老人集会所","広島県庄原市上原町92-1","34.862456","133.003181"
"上谷コミュニティセンター","広島県庄原市上谷町1719","34.822682","133.077924"
"新庄老人集会所","広島県庄原市新庄町140-1","34.842475","133.031205"
"桜花の郷ラ・フォーレ庄原（２階お休み処）","広島県庄原市新庄町5281-1","34.85161","133.031803"
"桜花の郷ラ・フォーレ庄原（駐車場）","広島県庄原市新庄町5281-1","34.852362","133.032176"
"新庄東第２振興区集会所（みのりの里）","広島県庄原市新庄町595","34.846131","133.036357"
"表水越公民館","広島県庄原市水越町372-7","34.835927","132.923359"
"後水越老人集会所","広島県庄原市水越町859-1","34.844508","132.901273"
"庄原市リサイクルプラザ","広島県庄原市是松町20-25","34.837337","133.035026"
"旧熊野小学校","広島県庄原市西城町熊野1023","35.01741","133.088482"
"別所地区老人集会所","広島県庄原市西城町熊野75-2","34.974412","133.130104"
"熊野転作推進研修集会所","広島県庄原市西城町熊野946","35.017812","133.091124"
"西城ふれあいセンター","広島県庄原市西城町栗259-1","34.919046","133.116451"
"栗多目的研修集会所","広島県庄原市西城町栗477-1","34.918048","133.107103"
"高尾集会所","広島県庄原市西城町高尾5235-64","35.010249","133.179114"
"三坂老人集会所","広島県庄原市西城町三坂693-3","35.049082","133.19034"
"庄原市西城総合運動公園","広島県庄原市西城町三坂733","35.051443","133.18621"
"八鉾自治振興センター","広島県庄原市西城町小鳥原615-1","35.015978","133.153906"
"地明集会所","広島県庄原市西城町小鳥原651-1","35.01582","133.153068"
"本町会館","広島県庄原市西城町西城135-2","34.93247","133.117087"
"西城小学校","広島県庄原市西城町西城281-1","34.932882","133.116141"
"塩田地区集会所","広島県庄原市西城町大屋1532-2","34.939064","133.0878"
"大屋多目的研修集会所","広島県庄原市西城町大屋195-2","34.944862","133.083118"
"比婆山会館","広島県庄原市西城町大屋1953","34.966257","133.123256"
"大屋西老人集会所","広島県庄原市西城町大屋415","34.968564","133.075494"
"本谷地区集会所","広島県庄原市西城町大屋559-2","34.949065","133.069638"
"大戸多目的研修集会所","広島県庄原市西城町大屋丙1","34.921208","133.071578"
"大佐農業技術研修集会所","広島県庄原市西城町大佐504-2","34.938509","133.118683"
"西城自治振興センター","広島県庄原市西城町大佐734","34.94047","133.117743"
"中迫地区集会所","広島県庄原市西城町中迫110-3","34.947958","133.089866"
"西城保健福祉センター","広島県庄原市西城町中野1339","34.939851","133.115983"
"有田老人集会所","広島県庄原市西城町中野188","34.955529","133.122454"
"西城中学校","広島県庄原市西城町中野622-4","34.944669","133.118815"
"西城中学校（屋外運動場）","広島県庄原市西城町中野622-4","34.945768","133.119171"
"入江多目的研修集会所","広島県庄原市西城町入江845-1","34.932922","133.110255"
"八鳥集会所","広島県庄原市西城町八鳥467-5","34.964344","133.137259"
"八鳥上老人集会所","広島県庄原市西城町八鳥745-2","34.967258","133.144984"
"平子老人集会所","広島県庄原市西城町平子281-3","34.915599","133.111389"
"竹原上集会所","広島県庄原市西城町平子447-1","34.91226","133.099986"
"竹原下老人集会所","広島県庄原市西城町平子618-1","34.908318","133.096378"
"平子多目的研修集会所","広島県庄原市西城町平子95-1","34.921025","133.117315"
"馬場瀬地区老人集会所","広島県庄原市西城町平子964-2","34.894278","133.119278"
"後油木集会所","広島県庄原市西城町油木1048-1","35.038704","133.108522"
"前油木老人集会所","広島県庄原市西城町油木318-5","35.044662","133.119758"
"大胡会館","広島県庄原市西本町1-11-28","34.855248","133.016466"
"広島県立庄原実業高校（屋外運動場）","広島県庄原市西本町1-24-34","34.853172","133.015842"
"広島県立庄原実業高校（屋内運動場）","広島県庄原市西本町1-24-34","34.852632","133.013652"
"庄原小学校","広島県庄原市西本町2-13-1","34.855509","133.011719"
"庄原自治振興センター，庄原市民会館","広島県庄原市西本町2-17-15","34.858117","133.009879"
"協同組合　庄原ショッピングセンター（ジョイフル）","広島県庄原市西本町2-19-1","34.855628","133.009239"
"新道会館","広島県庄原市西本町3-1-27","34.859683","133.012392"
"広島みどり信用金庫本店","広島県庄原市西本町3-1-8","34.859144","133.012899"
"庄原市総合体育館","広島県庄原市西本町4-3-2","34.861964","133.010748"
"庄原市ふれあいセンター","広島県庄原市西本町4-5-26","34.863457","133.010446"
"旧川北小学校","広島県庄原市川北町1148","34.896672","133.011041"
"北自治振興センター","広島県庄原市川北町154-3","34.88319","133.000129"
"大重老人集会所","広島県庄原市川北町1631","34.912118","133.02981"
"富田生活改善センター","広島県庄原市川北町2300","34.886908","133.007913"
"秋国構造改善センター","広島県庄原市川北町2423-1","34.913731","133.017298"
"茶屋集会所","広島県庄原市川北町524-1","34.88693","133.001808"
"総領中学校","広島県庄原市総領町稲草2125","34.783638","133.068922"
"総領高齢者能力活用センター","広島県庄原市総領町稲草521-46","34.782728","133.044986"
"総領小学校（屋外運動場）","広島県庄原市総領町下領家267","34.784596","133.075494"
"総領小学校","広島県庄原市総領町下領家267","34.784688","133.075545"
"総領自治振興センター","広島県庄原市総領町下領家278","34.783797","133.074478"
"里山総領体育館","広島県庄原市総領町下領家61","34.783347","133.073029"
"大久保東コミュニティ集会所","広島県庄原市大久保町587-1","34.848206","133.055923"
"大久保集会所","広島県庄原市大久保町937-3","34.845109","133.049068"
"川東多目的研修施設","広島県庄原市濁川町230-2","34.8733","132.957813"
"庄原市埋蔵文化財センター","広島県庄原市濁川町43-2","34.873797","132.959061"
"田川子育て支援施設","広島県庄原市濁川町43-9","34.873301","132.959519"
"川西集会所（濁川町）","広島県庄原市濁川町477-6","34.876584","132.958384"
"庄原市役所（市民ひろば）","広島県庄原市中本町1-10-1","34.857853","133.016874"
"紅屋コミュニティ会館","広島県庄原市中本町1-8-5","34.858653","133.016893"
"殿垣内集会所","広島県庄原市殿垣内町113-1","34.841114","132.962379"
"田原多目的研修施設","広島県庄原市田原町294-4","34.842219","132.969219"
"田森自治振興センター","広島県庄原市東城町粟田1715-1","34.93951","133.278097"
"北区集会所","広島県庄原市東城町粟田199-2","34.95902","133.280449"
"粟田小学校","広島県庄原市東城町粟田2229","34.934596","133.279918"
"リフレッシュハウス東城","広島県庄原市東城町粟田2538-1","34.920699","133.264307"
"粟田東自治区集会所","広島県庄原市東城町粟田4412","34.945484","133.295839"
"塩原集会所","広島県庄原市東城町塩原638-5","34.980521","133.24246"
"高野集会所","広島県庄原市東城町久代1202-2","34.855949","133.314266"
"為重集会所","広島県庄原市東城町久代162-1","34.878307","133.268861"
"久代東振興会館","広島県庄原市東城町久代1760","34.867927","133.296247"
"久代自治振興センター","広島県庄原市東城町久代2105-1","34.865921","133.281137"
"久代４区集会所","広島県庄原市東城町久代542-6","34.860069","133.251459"
"戸宇集会所","広島県庄原市東城町戸宇1138","34.898137","133.243236"
"戸宇頭谷集会所","広島県庄原市東城町戸宇320","34.908577","133.237775"
"下郷集会所","広島県庄原市東城町戸宇388-1","34.89369","133.256809"
"三坂南集会所","広島県庄原市東城町三坂1344-5","34.837313","133.242881"
"新坂自治振興センター","広島県庄原市東城町三坂330","34.853659","133.239313"
"休暇村帝釈峡（本館ホール）","広島県庄原市東城町三坂962-1","34.845944","133.234903"
"休暇村帝釈峡（多目的ホール）","広島県庄原市東城町三坂965-1","34.843223","133.237091"
"小串地区老人集会所","広島県庄原市東城町小串332-3","34.992255","133.301973"
"加谷集会所","広島県庄原市東城町小奴可2358-8","34.994871","133.222036"
"小奴可研修センター","広島県庄原市東城町小奴可2646-1","34.993765","133.208757"
"小奴可小学校","広島県庄原市東城町小奴可320-5","34.993943","133.213582"
"持丸集会所","広島県庄原市東城町小奴可3410-1","35.049227","133.235624"
"新免集会所","広島県庄原市東城町新免1478","34.846459","133.267652"
"八幡自治振興センター","広島県庄原市東城町森2668-2","34.961845","133.205306"
"八幡ふれあいプラザ","広島県庄原市東城町森52-3","34.953966","133.20845"
"千鳥構造改善センター","広島県庄原市東城町千鳥207-3","35.001104","133.276715"
"下千鳥集会所","広島県庄原市東城町千鳥332-1","34.987736","133.287981"
"宮平団地集会所","広島県庄原市東城町川西1456-2","34.911677","133.260675"
"東城高等学校","広島県庄原市東城町川西476-2","34.902358","133.270746"
"川西集会所（東城町）","広島県庄原市東城町川西659-2","34.903262","133.269199"
"東寿園","広島県庄原市東城町川西947-2","34.90917","133.2612"
"川西振興会館","広島県庄原市東城町川西962-1","34.909782","133.261269"
"川鳥コミュニティーセンター","広島県庄原市東城町川鳥918-1","34.939202","133.195795"
"東城自治振興センター","広島県庄原市東城町川東1188-2","34.894745","133.277263"
"東城小学校","広島県庄原市東城町川東1342","34.895588","133.275773"
"ひろしま農業協同組合東城支店","広島県庄原市東城町川東1346","34.897297","133.275579"
"こどもの館","広島県庄原市東城町川東1371-1","34.898984","133.276013"
"東城中央運動公園","広島県庄原市東城町川東5223","34.897193","133.283435"
"東城中学校（屋外運動場）","広島県庄原市東城町川東5227","34.897497","133.281358"
"東城中学校","広島県庄原市東城町川東5227","34.897181","133.281196"
"東城ふれあいセンター","広島県庄原市東城町川東824","34.886468","133.277705"
"竹森集会所","広島県庄原市東城町竹森2-10","34.942716","133.240594"
"宇山西集会所","広島県庄原市東城町帝釈宇山154-1","34.896393","133.208595"
"宇山集会所","広島県庄原市東城町帝釈宇山390","34.878576","133.223769"
"福田集会所","広島県庄原市東城町帝釈山中170","34.915366","133.175774"
"山中地区老人集会所","広島県庄原市東城町帝釈山中484-1","34.911247","133.197043"
"まて野集会所","広島県庄原市東城町帝釈山中5103","34.920171","133.163624"
"始終上集会所","広島県庄原市東城町帝釈始終140","34.892736","133.155756"
"始終地区老人集会所","広島県庄原市東城町帝釈始終653","34.894194","133.171892"
"未渡集会所","広島県庄原市東城町帝釈未渡1129","34.862416","133.180888"
"帝釈峡まほろばの里交流促進センター","広島県庄原市東城町帝釈未渡1903","34.864575","133.202319"
"竹渡集会所","広島県庄原市東城町帝釈未渡199-1","34.873628","133.168476"
"帝釈自治振興センター","広島県庄原市東城町帝釈未渡2021","34.870059","133.198989"
"旧帝釈小学校（屋内運動場）","広島県庄原市東城町帝釈未渡2051","34.870649","133.198441"
"上町集会所","広島県庄原市東城町東城220-1","34.899186","133.272698"
"徳了寺","広島県庄原市東城町東城224","34.898819","133.272663"
"しまなみ信用金庫東城支店","広島県庄原市東城町東城368","34.897433","133.272078"
"ヤマモトロックマシン㈱","広島県庄原市東城町東城424-1","34.894953","133.273191"
"小奴可自治振興センター","広島県庄原市東城町内堀1100-1","34.998334","133.24916"
"福代老人集会所","広島県庄原市東城町福代104-1","34.909714","133.291495"
"保田地区老人集会所","広島県庄原市東城町保田341-2","34.933984","133.169689"
"庄原中学校","広島県庄原市東本町1-26-1","34.855615","133.022063"
"石丸老人集会所","広島県庄原市東本町2-13-15","34.861025","133.023646"
"大歳下集会所","広島県庄原市東本町4-1-7","34.862075","133.012649"
"板橋小学校","広島県庄原市板橋町165-1","34.839423","133.018688"
"敷信自治振興センター","広島県庄原市板橋町203-6","34.835226","133.017336"
"庄原市森林体験交流施設","広島県庄原市比和町古頃579","34.970408","132.95576"
"旧三河内小学校","広島県庄原市比和町三河内1638","34.976488","133.028874"
"ふれあいの里福田","広島県庄原市比和町三河内2770-2","34.991067","133.018279"
"ふれあいの里越原","広島県庄原市比和町三河内3454-1","35.040002","133.038206"
"小和田南集会所","広島県庄原市比和町三河内860-1","34.966468","133.027257"
"比和小学校","広島県庄原市比和町比和1020","34.98791","132.987616"
"比和中学校","広島県庄原市比和町比和1052","34.986808","132.987401"
"比和自治振興センター","広島県庄原市比和町比和1119-1","34.983409","132.985913"
"宿泊研修施設かさべるで（屋外運動場）","広島県庄原市比和町比和165-1","34.993973","133.016045"
"宿泊研修施設かさべるで","広島県庄原市比和町比和165-1","34.993085","133.013819"
"あけぼの荘","広島県庄原市比和町比和535-1","34.989281","132.995664"
"甲平集会所","広島県庄原市尾引町474-3","34.813576","132.938776"
"尾引コミュニティーセンター","広島県庄原市尾引町548-2","34.819027","132.940128"
"峰田自治振興センター","広島県庄原市峰田町1445-2","34.816483","133.048478"
"発展集会所","広島県庄原市峰田町805-9","34.826354","133.044109"
"本郷多目的研修施設","広島県庄原市本郷町1013","34.846754","132.960888"
"本村自治振興センター","広島県庄原市本村町1234-1","34.846019","133.08457"
"三十戸集会所","広島県庄原市本村町2706","34.835663","133.080005"
"木戸多目的研修施設","広島県庄原市木戸町138-4","34.821442","132.94852"
"門田集会所","広島県庄原市門田町375-10","34.877209","132.983948"
"笹渕集会所","広島県庄原市門田町749-4","34.874247","132.974111"
"阿下ふれあい会館","広島県神石高原町阿下697","34.732725","133.230672"
"くるみふれあいプラザ","広島県神石高原町井関2068","34.688986","133.290612"
"来見小学校体育館","広島県神石高原町井関2696","34.683229","133.297125"
"永野南農事集会所","広島県神石高原町永野7117-2","34.802102","133.23406"
"多目的体育館","広島県神石高原町下豊松5301","34.778337","133.338146"
"豊松小学校体育館","広島県神石高原町下豊松5323","34.778694","133.337599"
"仙養ふるさと会館","広島県神石高原町近田600-1","34.739871","133.324993"
"古川コミュニティーホーム","広島県神石高原町古川5289-1","34.822048","133.168411"
"さんわ総合センター","広島県神石高原町高蓋472","34.675253","133.202881"
"総合交流センターじんせきの里","広島県神石高原町高光2117-10","34.803484","133.178496"
"トレーニングセンター","広島県神石高原町高光甲2256-1","34.800713","133.176913"
"笹尾ふれあいプラザ","広島県神石高原町笹尾912-2","34.794865","133.317374"
"時安社会教育施設","広島県神石高原町時安2634","34.692539","133.332516"
"三和中学校体育館","広島県神石高原町小畠1370","34.697431","133.254043"
"小畠体育館","広島県神石高原町小畠1917","34.704431","133.246546"
"三和協働支援センター","広島県神石高原町小畠2025","34.70354","133.247265"
"小野社会教育施設","広島県神石高原町小野5898-2","34.834254","133.311041"
"上社会教育施設","広島県神石高原町上792-3","34.692","133.231731"
"陽光の里文化ホール","広島県神石高原町上豊松1767-1","34.77097","133.338007"
"神石コスモドーム","広島県神石高原町相渡2188","34.854733","133.202874"
"相渡社会教育施設","広島県神石高原町相渡3082","34.84318","133.19381"
"神石老人福祉センター","広島県神石高原町福永1609-1","34.79661","133.17382"
"木津和振興会館","広島県神石高原町木津和1561-4","34.718456","133.19107"
"油木小学校体育館","広島県神石高原町油木乙1","34.782272","133.276198"
"油木山村開発センター","広島県神石高原町油木乙1857","34.777196","133.280126"
"油木コミュニティセンター","広島県神石高原町油木乙1870-4","34.777033","133.279"
"油木高校体育館","広島県神石高原町油木乙1965","34.777867","133.275517"
"油木体育館","広島県神石高原町油木甲6836-1","34.789047","133.266496"
"世羅町大見スポーツ広場","広島県世羅町安田409","34.645838","133.00223"
"大見自治センター（多目的広場）","広島県世羅町安田45","34.646956","133.002403"
"伊尾自治センター（スポーツ広場）","広島県世羅町伊尾1969-1","34.631533","133.107707"
"宇津戸自治センター（多目的広場）","広島県世羅町宇津戸1433-2","34.559092","133.112535"
"世羅町宇津戸スポーツ広場","広島県世羅町宇津戸838-1","34.556707","133.116381"
"津名自治センター（スポーツ広場）","広島県世羅町下津田577-1","34.664021","132.903995"
"世羅町西大田スポーツ広場","広島県世羅町賀茂3260-3","34.577574","132.989427"
"せら香遊ランド（グラウンド）","広島県世羅町京丸809-3","34.616762","133.005988"
"世羅西中学校（グラウンド）","広島県世羅町黒川10144-4","34.634779","132.908585"
"せらにし青少年旅行村（農村広場）","広島県世羅町黒川10527-14","34.642884","132.89824"
"黒川自治センター（スポーツ広場）","広島県世羅町黒川2569-1","34.630496","132.89615"
"津久志スポーツ広場","広島県世羅町黒渕3-2","34.60722","132.95824"
"山福田自治センター（スポーツ広場）","広島県世羅町山中福田1882-2","34.636667","132.957383"
"陽だまり公園","広島県世羅町寺町1197","34.587127","133.039673"
"世羅中学校（第２グラウンド）","広島県世羅町寺町1272-1","34.591791","133.035402"
"世羅中学校（グラウンド）","広島県世羅町寺町961-2","34.589226","133.038354"
"西大田自治センター（多目的広場）","広島県世羅町重永62","34.577482","132.991422"
"せらにし小学校（グラウンド）","広島県世羅町小国4682","34.620522","132.923494"
"甲山小学校（グラウンド）","広島県世羅町小世良69-1","34.585048","133.0629"
"甲山中学校（グラウンド）","広島県世羅町西上原1469-1","34.591241","133.074112"
"せらひがし小学校（グラウンド）","広島県世羅町川尻1987-2","34.59054","133.097492"
"世羅町中央スポーツ広場","広島県世羅町川尻1996-1","34.590766","133.098662"
"世羅町東スポーツ広場","広島県世羅町別迫1111","34.626145","133.069646"
"東自治センター（多目的広場）","広島県世羅町別迫700-1","34.633211","133.073974"
"世羅小学校（グラウンド）","広島県世羅町本郷891-1","34.588941","133.045855"
"沖浦観光物産館","広島県大崎上島町沖浦","34.212006","132.891996"
"大崎上島漁業協同組合","広島県大崎上島町沖浦1138-1","34.212909","132.894697"
"大崎上島幼稚園","広島県大崎上島町沖浦125","34.210002","132.884156"
"上の谷集会所","広島県大崎上島町沖浦1272-2","34.213129","132.899138"
"ふれあい郷土資料館","広島県大崎上島町沖浦1911","34.215843","132.916996"
"木江小学校","広島県大崎上島町沖浦253","34.209612","132.885565"
"沖浦漁村センター","広島県大崎上島町沖浦896-4","34.212758","132.8934"
"円妙寺","広島県大崎上島町沖浦945-2","34.215341","132.894171"
"沖浦農業開発センター","広島県大崎上島町沖浦乙706-1","34.211502","132.889968"
"西野屋内運動場","広島県大崎上島町原田1128-4","34.228413","132.867734"
"瀬井集会所","広島県大崎上島町原田1752-3","34.241636","132.86434"
"西野公民館","広島県大崎上島町原田639-1","34.232206","132.87687"
"大崎上島町ふれあいの館","広島県大崎上島町大串10-1","34.241923","132.888903"
"大串老人福祉センター","広島県大崎上島町大串1893-1","34.233694","132.852867"
"東原下老人集会所","広島県大崎上島町中野1204-2","34.244685","132.899491"
"大崎上島町学習交流センター","広島県大崎上島町中野1600-1","34.247719","132.895324"
"原下集会所","広島県大崎上島町中野1626-1","34.244591","132.896327"
"大崎上島開発総合センター","広島県大崎上島町中野2067-1","34.242347","132.889198"
"大崎上島文化センター","広島県大崎上島町中野2067-5","34.241959","132.888968"
"本郷老人集会所","広島県大崎上島町中野3806-2","34.23558","132.888179"
"大崎産業会館","広島県大崎上島町中野4098-4","34.243952","132.881937"
"山尻老人集会所","広島県大崎上島町中野524-2","34.234443","132.900477"
"向山老人集会所","広島県大崎上島町中野5249-2","34.253132","132.883073"
"大崎上島中学校","広島県大崎上島町中野5603","34.244241","132.886396"
"長島集会所","広島県大崎上島町中野6520","34.2648","132.873232"
"荒神社","広島県大崎上島町東野","34.261749","132.933137"
"金毘羅神社","広島県大崎上島町東野","34.278403","132.938524"
"垂水神社","広島県大崎上島町東野","34.276111","132.929512"
"古社八幡神社","広島県大崎上島町東野","34.274817","132.922624"
"垂水老人集会所","広島県大崎上島町東野129-8","34.277202","132.930166"
"盛谷老人集会所","広島県大崎上島町東野1607-1","34.270672","132.916731"
"東野小学校体育館","広島県大崎上島町東野1845","34.268274","132.916771"
"東野屋内運動場","広島県大崎上島町東野1854-1","34.266414","132.917279"
"小原老人集会所","広島県大崎上島町東野1956-1","34.260446","132.919933"
"大崎公園","広島県大崎上島町東野2650-2","34.26333","132.907802"
"矢弓老人集会所","広島県大崎上島町東野2750","34.260454","132.909355"
"上組老人集会所","広島県大崎上島町東野3414-1","34.257107","132.916427"
"観光農林漁業経営管理所","広島県大崎上島町東野3522","34.255768","132.915717"
"東野解放教育集会所","広島県大崎上島町東野3960","34.254503","132.907174"
"広島商船高等専門学校","広島県大崎上島町東野4272-1","34.253168","132.902754"
"脇之浦集いの館","広島県大崎上島町東野4494-1","34.248666","132.90358"
"地域芸能文化伝承館","広島県大崎上島町東野5372-16","34.261417","132.934169"
"鮴崎老人集会所","広島県大崎上島町東野5482-2","34.27818","132.940585"
"生野島老人集会所","広島県大崎上島町東野6174","34.283944","132.914177"
"東野保健福祉センター","広島県大崎上島町東野6625-1","34.269735","132.914666"
"東野文化センター","広島県大崎上島町東野6625-1","34.269457","132.914878"
"古江老人集会所","広島県大崎上島町東野759","34.274965","132.920001"
"明石地域集会所","広島県大崎上島町明石2350-1","34.210836","132.875395"
"明石会館","広島県大崎上島町明石2564","34.207094","132.876711"
"金剛寺","広島県大崎上島町木江134-2","34.227536","132.917297"
"木江交流倶楽部かもめ館","広島県大崎上島町木江141-8","34.227038","132.917543"
"浄泉寺","広島県大崎上島町木江4946-1","34.234719","132.911627"
"木江公民館","広島県大崎上島町木江4968","34.235025","132.913119"
"木江会館","広島県大崎上島町木江4968-6","34.235645","132.914137"
"木江保健福祉センター","広島県大崎上島町木江5-9","34.223367","132.916516"
"木江屋内運動場","広島県大崎上島町木江5028-2","34.237315","132.91125"
"岩白会館","広島県大崎上島町木江5228-1","34.2459","132.927122"
"木江解放集会所","広島県大崎上島町木江5701-6","34.241356","132.923336"
"宇浜地域集会所","広島県大崎上島町木江乙5156-10","34.237194","132.917306"
"阿多田島漁業協同組合","広島県大竹市阿多田1015","34.194404","132.314395"
"阿多田漁村センター","広島県大竹市阿多田1019","34.193838","132.315369"
"海の家あたた","広島県大竹市阿多田446","34.187584","132.316369"
"阿多田防災コミュニティグラウンド","広島県大竹市阿多田68","34.194102","132.312668"
"旧阿多田小学校体育館","広島県大竹市阿多田68","34.194932","132.312046"
"コミュニティサロン玖波","広島県大竹市玖波1-4-20","34.253565","132.227491"
"玖波中学校","広島県大竹市玖波4-12-1","34.25388","132.224417"
"玖波中学校グラウンド","広島県大竹市玖波4-12-1","34.2541","132.223185"
"玖波小学校","広島県大竹市玖波7-1-1","34.258438","132.229412"
"玖波小学校グラウンド","広島県大竹市玖波7-1-1","34.258073","132.229627"
"玖波８丁目集会所","広島県大竹市玖波8-2-21","34.262543","132.235163"
"谷尻集会所","広島県大竹市栗谷町奥谷尻124-3","34.300094","132.190995"
"後原集会所","広島県大竹市栗谷町後原161","34.297512","132.170747"
"広原公民館","広島県大竹市栗谷町広原445","34.327287","132.193847"
"栗谷小学校体育館","広島県大竹市栗谷町小栗林510","34.295793","132.157567"
"栗谷小学校グラウンド","広島県大竹市栗谷町小栗林510","34.295824","132.157829"
"農林振興センター","広島県大竹市栗谷町小栗林652","34.293883","132.158355"
"旧栗谷中学校グラウンド","広島県大竹市栗谷町小栗林901","34.29042","132.159907"
"旧栗谷中学校体育館","広島県大竹市栗谷町小栗林901","34.290494","132.159594"
"谷和集会所","広島県大竹市栗谷町谷和326","34.271061","132.180326"
"コミュニティサロン元町","広島県大竹市元町2-5-13","34.205262","132.213205"
"元町４丁目集会所","広島県大竹市元町4-7-17","34.204201","132.209057"
"後飯谷公民館","広島県大竹市後飯谷1379-9","34.240071","132.147675"
"御園台自治会館","広島県大竹市御園台4-24","34.23409","132.216378"
"黒川会館","広島県大竹市黒川1-5-9","34.244255","132.221252"
"三ツ石会館","広島県大竹市三ツ石町606","34.236896","132.20936"
"小栗林集会所","広島県大竹市小栗林沖田524-9","34.295462","132.158517"
"大竹市役所","広島県大竹市小方1-11-1","34.237839","132.222304"
"おがたピア（地域福祉会館）","広島県大竹市小方1-20-1","34.241681","132.221156"
"小方小・中学校（小方学園）","広島県大竹市小方ケ丘1-1","34.237898","132.211329"
"小方小・中学校（小方学園）グラウンド","広島県大竹市小方ケ丘1-1","34.239245","132.211902"
"弥栄ダム管理所","広島県大竹市小方町小方813-1","34.235521","132.164908"
"松ケ原集会所","広島県大竹市松ケ原町445-3","34.298691","132.222286"
"松ケ原集会所","広島県大竹市松ケ原町445-3","34.298704","132.222111"
"ゆめタウン大竹","広島県大竹市晴海1-6-1","34.241158","132.22349"
"晴海臨海公園","広島県大竹市晴海2","34.238719","132.226444"
"サントピア大竹（総合福祉センター）","広島県大竹市西栄2-4-1","34.220199","132.225715"
"栄公民館","広島県大竹市西栄3-14-13","34.215528","132.226731"
"コミュニティサロン栄町","広島県大竹市西栄3-3-19","34.216409","132.226945"
"前飯谷公民館","広島県大竹市前飯谷4186-1","34.242701","132.16167"
"さかえ公園","広島県大竹市東栄1-7","34.22022","132.228166"
"大竹保育所","広島県大竹市白石1-14-15","34.212432","132.215339"
"大竹高等学校","広島県大竹市白石1-3-1","34.216091","132.216102"
"大竹中学校グラウンド","広島県大竹市白石1-8-1","34.211817","132.216988"
"大竹中学校","広島県大竹市白石1-8-1","34.212754","132.216984"
"大竹小学校","広島県大竹市白石2-1-1","34.210762","132.216661"
"大竹小学校グラウンド","広島県大竹市白石2-1-1","34.209939","132.216245"
"穂仁原水辺の広場","広島県大竹市穂仁原3594","34.227662","132.192231"
"大竹市第２期工業用水道管理棟","広島県大竹市防鹿3287-1","34.2283","132.201885"
"防鹿集会所","広島県大竹市防鹿3351","34.226718","132.19847"
"サンホテル大竹","広島県大竹市北栄6-7","34.221648","132.224504"
"旧本町保育所","広島県大竹市本町1-4-8","34.210613","132.220059"
"アゼリアおおたけ（大竹会館）","広島県大竹市本町1-9-3","34.214142","132.21945"
"木野集会所","広島県大竹市木野1-10-15","34.206805","132.194913"
"旧木野小学校グラウンド","広島県大竹市木野1-10-25","34.20664","132.194919"
"木野二丁目集会所","広島県大竹市木野2-205","34.220674","132.201838"
"秀東館　若竹","広島県大竹市木野2-7-38","34.223024","132.203384"
"油見会館","広島県大竹市油見3-14-1","34.218742","132.220085"
"大竹市総合市民会館","広島県大竹市立戸1-6-1","34.222463","132.219309"
"立戸集会所","広島県大竹市立戸2-6-8","34.224491","132.219234"
"竹原中学校グラウンド","広島県竹原市下野町2230","34.347368","132.900847"
"宿根スポーツ広場","広島県竹原市下野町345","34.359198","132.877246"
"中通小学校グラウンド","広島県竹原市下野町3469","34.354651","132.90189"
"大王公園","広島県竹原市下野町4301","34.353577","132.90692"
"大井スポーツ広場","広島県竹原市下野町926-5","34.333317","132.885462"
"吉名学園グラウンド","広島県竹原市吉名町2671","34.319634","132.860939"
"旧吉名小学校グラウンド","広島県竹原市吉名町4907-1","34.319644","132.868275"
"旧竹原東幼稚園グラウンド","広島県竹原市港町2-3-1","34.335985","132.9161"
"北崎公園","広島県竹原市港町3-3","34.333895","132.918003"
"ピースリーホームバンブー総合公園","広島県竹原市高崎町1414","34.338931","132.928863"
"大乗小学校グラウンド","広島県竹原市高崎町185-7","34.337103","132.947744"
"小梨スポーツ広場","広島県竹原市小梨町10385-1","34.36928","132.921324"
"仁賀小学校グラウンド","広島県竹原市仁賀町1280","34.375751","132.847825"
"荘野小学校グラウンド","広島県竹原市西野町2025","34.395848","132.887469"
"竹原西小学校グラウンド","広島県竹原市竹原町2440","34.33356","132.898839"
"旧竹原西保育所グラウンド","広島県竹原市竹原町2596","34.331506","132.895777"
"竹原高等学校グラウンド","広島県竹原市竹原町3444-1","34.341724","132.902904"
"中央公園","広島県竹原市竹原町3465","34.342772","132.902537"
"新町公園","広島県竹原市竹原町3522-2","34.345167","132.907814"
"旧忠海西小学校グラウンド","広島県竹原市忠海床浦1-5-1","34.333939","132.987571"
"忠海高等学校グラウンド","広島県竹原市忠海床浦4-4-1","34.333162","132.982019"
"内堀公園","広島県竹原市忠海中町2","34.338639","132.992583"
"黒滝ホームグラウンド","広島県竹原市忠海中町3-13-1","34.342187","132.986544"
"忠海スポーツ広場","広島県竹原市忠海東町2-5040","34.337747","132.997044"
"忠海学園グラウンド","広島県竹原市忠海東町3-9-1","34.340844","132.997212"
"旧忠海東小学校グラウンド","広島県竹原市忠海東町5-19-1","34.335275","133.001628"
"竹原小学校グラウンド","広島県竹原市田ノ浦2-5-1","34.345381","132.915316"
"田万里スポーツ広場","広島県竹原市田万里町1241","34.408361","132.83911"
"賀茂川中学校グラウンド","広島県竹原市東野町2051-1","34.390729","132.88989"
"東野小学校グラウンド","広島県竹原市東野町914","34.372413","132.882936"
"旧大乗幼稚園グラウンド","広島県竹原市福田町2705-1","34.341151","132.948976"
"道の駅たけはら（駐車場）","広島県竹原市本町1-1-1","34.343518","132.912426"
"旧竹原西幼稚園グラウンド","広島県竹原市本町4-3-1","34.347918","132.907898"
"鏡山公園","広島県東広島市鏡山2","34.406591","132.727557"
"胡麻近隣公園","広島県東広島市高屋高美が丘3-1","34.45739","132.79184"
"是国近隣公園","広島県東広島市高屋台1-116-23","34.469999","132.834449"
"龍王山総合公園","広島県東広島市黒瀬町丸山116","34.329811","132.679015"
"志和流通団地１号公園","広島県東広島市志和流通1-37","34.46455","132.651383"
"西条中央公園","広島県東広島市西条栄町1214-45","34.427726","132.742326"
"三ツ城公園","広島県東広島市西条中央7-24-1","34.41608","132.733689"
"東広島運動公園","広島県東広島市西条町田口67-1","34.381373","132.730288"
"阿品市民センター","広島県廿日市市阿品2-23-8","34.322624","132.313759"
"阿品台市民センター","広島県廿日市市阿品台4-1-41","34.329917","132.309235"
"阿品公園","広島県廿日市市阿品台5-1","34.330666","132.306928"
"阿品台西小学校（体育館）","広島県廿日市市阿品台西1-1","34.325327","132.305211"
"廿日市西高等学校（体育館）","広島県廿日市市阿品台西6-1","34.326407","132.302339"
"阿品台中学校（体育館）","広島県廿日市市阿品台東1-1","34.333784","132.309439"
"日本赤十字広島看護大学","広島県廿日市市阿品台東1-2","34.335503","132.309691"
"阿品台東小学校（体育館）","広島県廿日市市阿品台東2-1","34.332152","132.309498"
"大野８区集会所","広島県廿日市市塩屋2-2-32","34.283514","132.264404"
"沖塩屋集会所","広島県廿日市市沖塩屋4-2-1","34.282626","132.269853"
"廿日市市役所","広島県廿日市市下平良1-11-1","34.348225","132.331587"
"ゆめタウン廿日市　（駐車場４階、５階、Ｒ階及び車両用スロープ）","広島県廿日市市下平良2-2-1","34.345822","132.335161"
"大野西市民センター","広島県廿日市市丸石2-5-17","34.273965","132.261986"
"大野第９区集会所","広島県廿日市市丸石3-1-5","34.27618","132.260993"
"第一集会所","広島県廿日市市吉和153","34.465556","132.113613"
"吉和学園","広島県廿日市市吉和1555-1","34.480024","132.134033"
"吉和福祉センター","広島県廿日市市吉和1771-1","34.485409","132.142071"
"吉和ふれあい交流センター","広島県廿日市市吉和1886-1","34.484737","132.143234"
"第二集会所","広島県廿日市市吉和738-11","34.476719","132.121189"
"第三集会所","広島県廿日市市吉和甲3282-1","34.503375","132.146964"
"宮園小学校（体育館）","広島県廿日市市宮園1-1-2","34.354969","132.304782"
"宮園市民センター","広島県廿日市市宮園3-1-5","34.35402","132.303832"
"宮島口旅客ターミナル","広島県廿日市市宮島口1-11-1","34.311212","132.30527"
"ボートレース宮島外向発売所（パルボート宮島）","広島県廿日市市宮島口1-15-60","34.315106","132.306531"
"赤崎集会所","広島県廿日市市宮島口2-2460-1","34.312862","132.301387"
"柿の浦集会所","広島県廿日市市宮島口東2-12-21","34.320689","132.302293"
"大野東市民センター","広島県廿日市市宮島口東2-12-5","34.320332","132.301875"
"国民宿舎みやじま杜の宿","広島県廿日市市宮島町","34.294844","132.31455"
"もみぢ荘","広島県廿日市市宮島町","34.294284","132.324706"
"旅彩のお宿　水羽荘","広島県廿日市市宮島町","34.295392","132.316246"
"宮島の宿　錦水館","広島県廿日市市宮島町1133","34.29876","132.321364"
"山一別館","広島県廿日市市宮島町1162-3","34.301419","132.322764"
"ホテル宮島別荘","広島県廿日市市宮島町1165","34.301999","132.323343"
"宮島四季の宿　わたなべ","広島県廿日市市宮島町215-1","34.293176","132.318977"
"ホテル菊乃家","広島県廿日市市宮島町335","34.294288","132.321428"
"岩惣","広島県廿日市市宮島町345-1","34.295214","132.321981"
"宮島グランドホテル　有もと","広島県廿日市市宮島町364","34.296065","132.321707"
"ｅｔｔｏ宮島交流館（宮島まちづくり交流センター）","広島県廿日市市宮島町412","34.296854","132.321525"
"旅荘かわぐち","広島県廿日市市宮島町469","34.297479","132.321718"
"水羽荘別邸葉もれび","広島県廿日市市宮島町49","34.294988","132.316482"
"聚景荘","広島県廿日市市宮島町50","34.294736","132.316992"
"宮島ホテルニュー寿","広島県廿日市市宮島町515","34.298281","132.322415"
"蔵宿いろは","広島県廿日市市宮島町589-4","34.299642","132.32183"
"宮島ホテル　まこと","広島県廿日市市宮島町755","34.299469","132.324191"
"宮島学園（体育館）","広島県廿日市市宮島町779-2","34.304215","132.326186"
"厳島東門前　菊がわ","広島県廿日市市宮島町796","34.30032","132.323188"
"ホテルみや離宮","広島県廿日市市宮島町849","34.300089","132.321584"
"さくらや","広島県廿日市市宮島町853-1","34.300448","132.321578"
"宮島福祉センター","広島県廿日市市宮島町960-2","34.305214","132.330431"
"宮島シーサイドホテル","広島県廿日市市宮島町967","34.304357","132.335107"
"宮島まちづくり交流センター杉之浦","広島県廿日市市宮島町993-1","34.302813","132.335502"
"宮島ゲストハウス　三國屋","広島県廿日市市宮島町中江町327","34.294656","132.321337"
"宮内小学校（体育館）","広島県廿日市市宮内1518","34.348078","132.308757"
"宮内市民センター","広島県廿日市市宮内1553","34.346909","132.308116"
"明石集会所","広島県廿日市市宮内2856","34.353254","132.270589"
"上川上集会所","広島県廿日市市玖島128-4","34.402241","132.206648"
"平谷集会所","広島県廿日市市玖島2172","34.420768","132.234831"
"玖島の里づくり交流拠点施設（体育館）","広島県廿日市市玖島4323","34.39155","132.249722"
"玖島ふれあいセンター","広島県廿日市市玖島4347-1","34.390217","132.247709"
"廿日市消防署","広島県廿日市市串戸1-9-33","34.345827","132.326579"
"串戸市民センター","広島県廿日市市串戸2-13-13","34.348008","132.32588"
"峰高公園","広島県廿日市市串戸6-1","34.353089","132.322881"
"栗栖集会所","広島県廿日市市栗栖426","34.375014","132.141676"
"後畑集会所","広島県廿日市市原2378-2","34.40488","132.306703"
"原小学校","広島県廿日市市原433","34.369529","132.303919"
"原市民センター","広島県廿日市市原439-2","34.369937","132.305398"
"佐方市民センター","広島県廿日市市佐方1-4-28","34.364489","132.339912"
"佐方小学校（体育館）","広島県廿日市市佐方10-1","34.359942","132.333557"
"佐方会館","広島県廿日市市佐方本町3-14","34.360545","132.342379"
"廿日市高等学校（体育館・講堂）","広島県廿日市市桜尾3-3-1","34.357177","132.345198"
"廿日市中学校（体育館）","広島県廿日市市桜尾3-9-1","34.355806","132.346802"
"桂公園","広島県廿日市市桜尾本町11","34.357535","132.342284"
"四季が丘中学校（体育館）","広島県廿日市市四季が丘2-1-1","34.352272","132.293233"
"四季が丘公園","広島県廿日市市四季が丘3","34.349063","132.289939"
"四季が丘市民センター","広島県廿日市市四季が丘5-13-3","34.348607","132.294471"
"四季が丘小学校","広島県廿日市市四季が丘8-1-1","34.348011","132.289132"
"廿日市ケアセンターそよ風","広島県廿日市市上平良1355-19","34.35665","132.320917"
"新宮中央公園","広島県廿日市市新宮1-15","34.351485","132.331937"
"大野第２区集会所","広島県廿日市市深江3-5-10","34.308777","132.296869"
"あさはらまちづくり交流センター（中央活性化センター）","広島県廿日市市浅原2654-3","34.343526","132.136144"
"あさはらまちづくり交流センター（交流ホール／旧浅原小学校体育館）","広島県廿日市市浅原2662-3","34.344185","132.137155"
"宮島台集会所","広島県廿日市市前空2-9-21","34.30256","132.287126"
"対厳山２号公園","広島県廿日市市対厳山2-4","34.313959","132.297862"
"対厳山１号公園","広島県廿日市市対厳山3-6","34.314282","132.293297"
"対厳山集会所","広島県廿日市市対厳山3-6-7","34.314535","132.293409"
"チチヤス大野ふれあい公園（大野東部公園）","広島県廿日市市対厳山地内","34.310901","132.294086"
"大野支所","広島県廿日市市大野1-1-1","34.286268","132.275385"
"フジタ　スクエア　まるくる大野（多世代活動交流センター）","広島県廿日市市大野1328","34.297448","132.276036"
"はつかいち市民大野図書館","広島県廿日市市大野1328","34.298108","132.277107"
"大野４区集会所","広島県廿日市市大野1446-4","34.302119","132.279875"
"大野５区集会所","広島県廿日市市大野4521","34.294788","132.274643"
"大野３区集会所","広島県廿日市市大野582-5","34.310742","132.283673"
"大野東小学校（体育館）","広島県廿日市市大野720","34.309822","132.283236"
"大野７区集会所","広島県廿日市市大野原2-4-24","34.29039","132.270996"
"大野学園","広島県廿日市市大野原4-2-60","34.292133","132.26997"
"大野第６区集会所","広島県廿日市市大野中央2-14-23","34.28891","132.276383"
"広島総合病院利用者立体駐車場（駐車場２～５階、Ｒ階及び車両用スロープ）","広島県廿日市市地御前1-1100-2","34.34348","132.323928"
"学研廿日市市多世代サポートセンター","広島県廿日市市地御前1-3-28","34.342978","132.321997"
"金剛寺小学校（体育館）","広島県廿日市市地御前2-22-1","34.344933","132.319395"
"地御前市民センター","広島県廿日市市地御前3-10-5","34.341578","132.318685"
"地御前小学校（体育館）","広島県廿日市市地御前4-3-1","34.337713","132.317885"
"野坂中学校（体育館）","広島県廿日市市地御前北1-3-1","34.343454","132.313746"
"地御前キラキラ公園","広島県廿日市市地御前北3-33","34.340646","132.312984"
"中道集会所","広島県廿日市市中道387-1","34.379934","132.088266"
"助藤集会所","広島県廿日市市虫所山1059-2","34.406665","132.174108"
"大虫集会所","広島県廿日市市虫所山1374","34.423915","132.183109"
"所山集会所","広島県廿日市市虫所山62-3","34.398312","132.157945"
"津田小学校（体育館）","広島県廿日市市津田2740","34.369193","132.172839"
"水と緑のまち　さいき文化センター","広島県廿日市市津田4218","34.36577","132.177308"
"佐伯中学校（体育館）","広島県廿日市市津田69-1","34.367262","132.192907"
"佐伯高等学校（体育館・武道場）","広島県廿日市市津田850","34.370142","132.188097"
"中央市民センター","広島県廿日市市天神11-29","34.355031","132.338033"
"権現ハウス","広島県廿日市市峠245-64","34.357688","132.235466"
"大野第１０区集会所","広島県廿日市市八坂1-12-9","34.268888","132.246422"
"宮島工業高等学校（体育館）","広島県廿日市市物見西2-6-1","34.296727","132.28238"
"七尾中学校（体育館）","広島県廿日市市平良2-2-34","34.354599","132.324269"
"平良市民センター","広島県廿日市市平良2-7-6","34.354309","132.325753"
"廿日市小学校（体育館）","広島県廿日市市本町2-13","34.352622","132.336282"
"友和小学校（体育館）","広島県廿日市市友田19","34.359309","132.226059"
"友和市民センター","広島県廿日市市友田407-1","34.358471","132.219674"
"平良小学校（体育館）","広島県廿日市市陽光台1-4-1","34.354438","132.31454"
"鏡浦市民スポーツ広場","広島県尾道市因島鏡浦町548-2","34.328617","133.195973"
"東生口市民スポーツ広場","広島県尾道市因島原町1591-1","34.28454","133.137208"
"甲田公園","広島県尾道市因島三庄町1823-1","34.295354","133.189356"
"天神児童遊園地","広島県尾道市因島洲江町1193","34.291385","133.145183"
"因島運動公園","広島県尾道市因島重井町4749","34.326105","133.15521"
"因島フラワーセンター駐車場","広島県尾道市因島重井町伊浜1182-1","34.345059","133.152162"
"しまなみ分校グラウンド","広島県尾道市因島大浜町1517-1","34.345825","133.17176"
"ひまわり公園","広島県尾道市因島中庄町1925","34.313265","133.154606"
"西浦市民スポーツ広場","広島県尾道市因島中庄町2252","34.318824","133.151604"
"田熊市民スポーツ広場","広島県尾道市因島田熊町1022-4","34.299388","133.170256"
"因島総合福祉保健センター駐車場","広島県尾道市因島田熊町1315-1","34.301586","133.169052"
"因島南中学校グラウンド","広島県尾道市因島土生町1172-1","34.296938","133.179075"
"赤松児童遊園地","広島県尾道市因島土生町1834","34.288436","133.178949"
"平木公園","広島県尾道市因島土生町2030-1","34.284581","133.180497"
"西畑公園","広島県尾道市因島土生町80-3","34.294643","133.170967"
"椋浦市民スポーツ広場","広島県尾道市因島椋浦町500","34.317234","133.201748"
"浦崎小学校グラウンド","広島県尾道市浦崎町甲2246","34.404776","133.275832"
"林児童公園","広島県尾道市吉和町4524","34.406294","133.16806"
"吉和中学校グラウンド","広島県尾道市吉和町4600","34.408866","133.166625"
"尾道市立大学グラウンド","広島県尾道市久山田町1600-2","34.422244","133.162325"
"旭が丘第１児童公園","広島県尾道市久保町2110","34.426372","133.204392"
"栗原第１児童公園","広島県尾道市栗原町11700-14","34.43571","133.193222"
"栗原北小学校グラウンド","広島県尾道市栗原町11750","34.437644","133.194139"
"川上児童公園","広島県尾道市栗原町4558-2","34.426211","133.18399"
"栗原第２児童公園","広島県尾道市栗原町9740-32","34.433465","133.192241"
"東則末児童公園","広島県尾道市栗原東2-1388-2","34.415938","133.194141"
"旧原田小学校グラウンド","広島県尾道市原田町梶山田61","34.495765","133.213136"
"旧原田中学校グラウンド","広島県尾道市原田町梶山田66","34.494555","133.213437"
"県立尾道商業高等学校","広島県尾道市古浜町20-1","34.397795","133.170529"
"旧綾目小学校グラウンド","広島県尾道市御調町綾目935-5","34.525975","133.121557"
"河内市民スポーツ広場","広島県尾道市御調町丸門田1484","34.494395","133.115094"
"御調西小学校グラウンド","広島県尾道市御調町丸門田21","34.501291","133.123236"
"御調中学校グラウンド","広島県尾道市御調町高尾93","34.516049","133.139298"
"御調中央小学校グラウンド","広島県尾道市御調町市1113","34.513698","133.14837"
"御調高等学校グラウンド","広島県尾道市御調町神204-2","34.513549","133.141011"
"旧大和小学校グラウンド","広島県尾道市御調町大山田1139-2","34.549184","133.146558"
"旧今津野小学校グラウンド","広島県尾道市御調町津蟹604-1","34.500467","133.094869"
"向島運動公園","広島県尾道市向島町11098-289","34.381981","133.18428"
"西部公園","広島県尾道市向島町11231-1","34.38201","133.182146"
"三幸小学校グラウンド","広島県尾道市向島町12617","34.379831","133.175124"
"江奥市民スポーツ広場","広島県尾道市向島町3983","34.384823","133.202059"
"中央児童公園","広島県尾道市向島町4832","34.390811","133.20057"
"向島中央小学校グラウンド","広島県尾道市向島町5979","34.392503","133.198388"
"兼吉第一公園","広島県尾道市向島町912","34.396504","133.204088"
"古江浜団地第３遊園地","広島県尾道市向東町10900-30","34.395919","133.232392"
"歌児童公園","広島県尾道市向東町12350-1","34.405654","133.234123"
"古江奥遊園地","広島県尾道市向東町8069","34.395395","133.224193"
"高西中学校グラウンド","広島県尾道市高須町3467-1","34.443274","133.22795"
"高須小学校グラウンド","広島県尾道市高須町3493","34.44005","133.227767"
"長者原スポーツセンター駐車場","広島県尾道市高須町985-25","34.437583","133.210896"
"竜王台第１街区公園","広島県尾道市桜町2886-2","34.415527","133.184756"
"ひまわり認定こども園グラウンド","広島県尾道市山波町122-2","34.424963","133.224818"
"山波小学校グラウンド","広島県尾道市山波町1630","34.415205","133.226168"
"大多志児童公園","広島県尾道市山波町246-1","34.423491","133.227013"
"新高山第２児童公園","広島県尾道市新高山1-2748-220","34.415445","133.217701"
"新高山第１児童公園","広島県尾道市新高山2-2631-9","34.421289","133.21529"
"シトラスパーク駐車場","広島県尾道市瀬戸田町荻4985","34.265004","133.091075"
"高根市民スポーツ広場","広島県尾道市瀬戸田町高根595","34.313753","133.083627"
"名荷市民スポーツ広場","広島県尾道市瀬戸田町名荷896","34.307989","133.126013"
"北市民スポーツ広場","広島県尾道市瀬戸田町林1327-1","34.304751","133.104494"
"栗原小学校グラウンド","広島県尾道市西則末町11-16","34.422436","133.188058"
"則末児童公園","広島県尾道市西則末町2210","34.418224","133.187661"
"千光寺公園グラウンド","広島県尾道市西土堂町1175","34.410679","133.19353"
"旧土堂小学校グラウンド","広島県尾道市西土堂町6-44","34.406795","133.195101"
"土堂児童公園","広島県尾道市西土堂町960-23","34.407651","133.196933"
"西藤小学校グラウンド","広島県尾道市西藤町1500","34.455289","133.223106"
"虹ヶ丘街区公園","広島県尾道市西藤町3319","34.45706","133.220469"
"虹ヶ丘第１遊園地","広島県尾道市西藤町3320","34.458367","133.220762"
"旧長江小学校グラウンド","広島県尾道市長江2-8-12","34.414151","133.200641"
"尾道みなと小学校グラウンド（旧長江中学校グラウンド）","広島県尾道市長江3-10-4","34.419426","133.196193"
"旧久保小学校グラウンド","広島県尾道市東久保町13-19","34.414186","133.207354"
"生涯学習センター広場","広島県尾道市東久保町20-14","34.412629","133.209563"
"栗原中学校グラウンド","広島県尾道市東則末町9-53","34.41916","133.191707"
"日比崎小学校グラウンド","広島県尾道市日比崎町12-1","34.406924","133.185524"
"日比崎中学校グラウンド","広島県尾道市日比崎町23-1","34.407394","133.183022"
"三成小学校グラウンド","広島県尾道市美ノ郷町三成1042-2","34.451546","133.191565"
"ひよりが丘街区公園","広島県尾道市美ノ郷町三成1818-2","34.446238","133.194334"
"三成東児童公園","広島県尾道市美ノ郷町三成184","34.453832","133.204277"
"三成西児童公園","広島県尾道市美ノ郷町三成221-1","34.453577","133.197998"
"三成が丘第２児童公園","広島県尾道市美ノ郷町三成2735","34.448141","133.197861"
"三成が丘第１児童公園","広島県尾道市美ノ郷町三成2936","34.441979","133.193942"
"三成が丘第３児童公園","広島県尾道市美ノ郷町三成3145","34.442798","133.196668"
"三成が丘第４児童公園","広島県尾道市美ノ郷町三成3187","34.439394","133.196945"
"三美園児童公園","広島県尾道市美ノ郷町三成351-370","34.435843","133.200109"
"尾道流通団地第１街区公園","広島県尾道市美ノ郷町本郷1-106","34.442864","133.165617"
"尾道流通団地第３街区公園","広島県尾道市美ノ郷町本郷1-116","34.439355","133.164113"
"美木中学校グラウンド","広島県尾道市美ノ郷町本郷2258","34.454702","133.177576"
"美木原小学校グラウンド","広島県尾道市美ノ郷町本郷604","34.450883","133.16568"
"旧百島中学校グラウンド","広島県尾道市百島町1440","34.376607","133.273121"
"百島小・中学校グラウンド","広島県尾道市百島町489","34.374895","133.274551"
"ゴーゴー公園","広島県尾道市平原1-16-6","34.408429","133.177788"
"なかよし公園","広島県尾道市平原1-25-10","34.405866","133.176845"
"尾道西公園","広島県尾道市平原1-6","34.408755","133.175405"
"にこにこ公園","広島県尾道市平原2-50","34.410588","133.177368"
"さんかく公園","広島県尾道市平原3-76-1","34.412507","133.176267"
"おおどおり公園","広島県尾道市平原3-84-5","34.413329","133.178569"
"わんぱく公園","広島県尾道市平原4-95-1","34.416226","133.17709"
"防地児童公園","広島県尾道市防地町1284-1","34.41889","133.206673"
"尾道みなと中学校グラウンド（旧久保中学校グラウンド）","広島県尾道市防地町22-40","34.421256","133.203943"
"旧木ノ庄西小学校グラウンド","広島県尾道市木ノ庄町木門田1511-1","34.467325","133.157893"
"木ノ庄東幼稚園グラウンド","広島県尾道市木ノ庄町木梨696","34.469902","133.180615"
"竜王台第３街区公園","広島県尾道市門田町5339-1","34.416014","133.179979"
"竜王台第２街区公園","広島県尾道市門田町5349-1","34.415788","133.182273"
"阿字スポーツグラウンド体育館","広島県府中市阿字町955","34.61146","133.18301"
"鵜飼児童公園","広島県府中市鵜飼町555-39","34.568453","133.249049"
"ウカイバレー公園","広島県府中市鵜飼町800-15","34.587624","133.252817"
"段原公園","広島県府中市鵜飼町800-69","34.581855","133.252191"
"広谷保育所","広島県府中市鵜飼町97-3","34.571472","133.244215"
"栗生小学校（グラウンド）","広島県府中市栗柄町3056","34.551598","133.239487"
"栗生小学校","広島県府中市栗柄町3056","34.551997","133.23987"
"クルトピア栗生","広島県府中市栗柄町3096-1","34.551412","133.239902"
"元町北公園","広島県府中市元町12-2","34.577119","133.241356"
"元町公園","広島県府中市元町546-3","34.574589","133.236985"
"府中学園体育館","広島県府中市元町576-1","34.576572","133.236834"
"府中学園（グラウンド）","広島県府中市元町576-1","34.576024","133.235112"
"稲月児童公園","広島県府中市広谷町1197","34.571009","133.259071"
"広谷児童公園","広島県府中市広谷町824-1","34.567193","133.254247"
"保健福祉総合センター","広島県府中市広谷町919-3","34.564166","133.25668"
"稲荷木児童公園　（開町）","広島県府中市高木町1159-3","34.556962","133.247153"
"国府児童公園","広島県府中市高木町1896","34.560459","133.253943"
"下樋掛児童公園","広島県府中市高木町484-1","34.561404","133.245579"
"国府小学校","広島県府中市高木町617","34.560643","133.249086"
"国府小学校（グラウンド）","広島県府中市高木町617","34.561077","133.249361"
"桜が丘そよかぜ公園","広島県府中市桜が丘1-25","34.577798","133.245178"
"桜が丘ふれあい公園","広島県府中市桜が丘1-7-1","34.580914","133.241511"
"桜が丘わんぱく公園","広島県府中市桜が丘2-14","34.579085","133.24676"
"桜が丘恐竜公園","広島県府中市桜が丘2-15","34.579542","133.24766"
"龍王小グラウンド","広島県府中市三郎丸町217","34.545223","133.193011"
"三郎丸児童公園","広島県府中市三郎丸町936-1","34.539366","133.186328"
"クルトピア明郷","広島県府中市篠根町630-4","34.551539","133.203409"
"府中明郷学園第１グラウンド","広島県府中市篠根町656","34.552435","133.205302"
"府中明郷学園第２体育館","広島県府中市篠根町661","34.551679","133.203993"
"府中明郷学園第２グラウンド","広島県府中市篠根町661","34.551898","133.204205"
"府中公園","広島県府中市出口町38-1","34.580054","133.232317"
"西ッ子児童公園","広島県府中市出口町846-2","34.578573","133.225813"
"県立府中高等学校（グラウンド）","広島県府中市出口町898","34.576457","133.224404"
"上下北小学校（グラウンド）","広島県府中市上下町上下1881-1","34.697723","133.126348"
"上下運動公園","広島県府中市上下町上下2400-1","34.70103","133.116945"
"県立上下高等学校（グラウンド）","広島県府中市上下町上下566","34.689269","133.119601"
"上下町民会館","広島県府中市上下町上下861-3","34.695336","133.116708"
"上下中学校（グラウンド）","広島県府中市上下町上下915","34.698128","133.114692"
"上下中学校","広島県府中市上下町上下915","34.698284","133.114591"
"上下南小学校","広島県府中市上下町矢多田171","34.668242","133.123749"
"上下南小学校（グラウンド）","広島県府中市上下町矢多田171","34.668419","133.124481"
"中須児童公園","広島県府中市中須町1280-3","34.556569","133.254081"
"中須公園","広島県府中市中須町1650-1","34.562526","133.262971"
"旭小学校（グラウンド）","広島県府中市中須町610","34.562549","133.260317"
"中之町児童公園","広島県府中市中須町722-1","34.557764","133.260268"
"中須２号児童公園","広島県府中市中須町895-3","34.559509","133.260584"
"県立府中東高等学校（グラウンド）","広島県府中市土生町399-1","34.56051","133.229983"
"南公民館","広島県府中市土生町615-19","34.559161","133.230085"
"緑ヶ丘２号児童公園","広島県府中市土生町650-25","34.555745","133.228577"
"南の丘公園","広島県府中市土生町855-1","34.562552","133.230632"
"府中天満屋　駐車場","広島県府中市府川町186-1","34.569765","133.236979"
"府川児童公園","広島県府中市府川町286-1","34.568418","133.235744"
"お祭り広場","広島県府中市府中町194-97","34.575755","133.233398"
"生涯学習センター","広島県府中市府中町27-1","34.571972","133.234714"
"前原児童公園","広島県府中市父石町1175-1","34.561794","133.215293"
"父石１号児童公園","広島県府中市父石町443-1","34.556436","133.212956"
"門田池児童公園","広島県府中市本山町118","34.580318","133.239467"
"見晴団地南児童公園","広島県府中市本山町1673","34.57897","133.234266"
"見晴団地北児童公園","広島県府中市本山町1735-1","34.581137","133.238135"
"菅谷児童公園","広島県府中市目崎町223-5","34.570506","133.218426"
"南小学校（グラウンド）","広島県府中市用土町444","34.562226","133.233231"
"南小学校","広島県府中市用土町444","34.562481","133.233154"
"第一中学校","広島県府中市用土町463","34.561462","133.231986"
"第一中学校（グラウンド）","広島県府中市用土町463","34.5615","133.232113"
"府中中学校グラウンド","広島県府中町宮の町5-4-28","34.391137","132.513779"
"府中東小学校グラウンド","広島県府中町山田4-4-1","34.394248","132.518522"
"府中北小学校グラウンド","広島県府中町清水ヶ丘23-1","34.401395","132.515729"
"府中中央小学校グラウンド","広島県府中町浜田2-6-1","34.386263","132.507917"
"府中公民館","広島県府中町本町2-15-1","34.395864","132.507976"
"府中小学校グラウンド","広島県府中町本町2-15-2","34.39544","132.506833"
"府中南小学校グラウンド","広島県府中町柳ヶ丘51-25","34.38016","132.511217"
"府中緑ヶ丘中学校グラウンド","広島県府中町緑ヶ丘3-18","34.387116","132.504574"
"芦田川緑地（火災時等）","広島県福山市芦田川河川敷","34.470495","133.360703"
"芦田ふれあいプラザ","広島県福山市芦田町下有地46-2","34.524971","133.276992"
"芦田中学校","広島県福山市芦田町下有地928","34.529239","133.278055"
"芦田中学校（グラウンド）","広島県福山市芦田町下有地928","34.528669","133.278051"
"有磨公民館","広島県福山市芦田町上有地123-3","34.528446","133.267217"
"有磨小学校（グラウンド）","広島県福山市芦田町上有地388-1","34.528555","133.260545"
"福相小学校","広島県福山市芦田町福田1030","34.532916","133.286054"
"福相小学校（グラウンド）","広島県福山市芦田町福田1030","34.532929","133.286012"
"福田交流館","広島県福山市芦田町福田2479-12","34.531784","133.288254"
"伊勢丘交流館","広島県福山市伊勢丘4-6-1","34.504354","133.425192"
"伊勢丘小学校","広島県福山市伊勢丘5-7-1","34.505839","133.420229"
"伊勢丘小学校（グラウンド）","広島県福山市伊勢丘5-7-1","34.505882","133.419968"
"鳳中学校","広島県福山市伊勢丘6-5-1","34.508078","133.427876"
"鳳中学校（グラウンド）","広島県福山市伊勢丘6-5-1","34.508402","133.428531"
"東部市民センター","広島県福山市伊勢丘6-6-1","34.50717","133.426968"
"福山コロナ立体駐車場","広島県福山市一文字町24-1","34.465207","133.406875"
"引野交流館","広島県福山市引野町4013-1","34.492103","133.416143"
"引野小学校","広島県福山市引野町4032","34.491509","133.413832"
"引野小学校（グラウンド）","広島県福山市引野町4032","34.491924","133.414802"
"長浜小学校（グラウンド）","広島県福山市引野町5401","34.485665","133.411639"
"長浜小学校","広島県福山市引野町5401","34.485799","133.411663"
"英数学館小・中・高等学校（グラウンド）","広島県福山市引野町980-1","34.501437","133.429046"
"英数学館小・中・高等学校","広島県福山市引野町980-1","34.501237","133.428384"
"旭丘交流館","広島県福山市引野町南1-17-46","34.492109","133.420362"
"旭丘小学校","広島県福山市引野町南2-17-1","34.489949","133.426815"
"旭丘小学校（グラウンド）","広島県福山市引野町南2-17-1","34.490002","133.427388"
"駅家西交流館","広島県福山市駅家町近田12-1","34.546443","133.320106"
"駅家西小学校（グラウンド）","広島県福山市駅家町近田205-1","34.544658","133.317625"
"駅家西小学校","広島県福山市駅家町近田205-1","34.544159","133.317178"
"元駅家西公民館","広島県福山市駅家町近田480","34.543356","133.313168"
"駅家南中学校（グラウンド）","広島県福山市駅家町江良247","34.539472","133.329701"
"駅家南中学校","広島県福山市駅家町江良247","34.539718","133.329403"
"福山通運株式会社福山北支店","広島県福山市駅家町江良490","34.540503","133.319209"
"宜山小学校","広島県福山市駅家町今岡424","34.529968","133.315757"
"宜山小学校（グラウンド）","広島県福山市駅家町今岡424","34.529758","133.315992"
"宜山交流館","広島県福山市駅家町今岡435-7","34.530429","133.316307"
"服部旧学校施設・服部交流館（グラウンド）","広島県福山市駅家町助元70","34.584459","133.3109"
"服部旧学校施設・服部交流館","広島県福山市駅家町助元70","34.584917","133.310767"
"駅家小学校（グラウンド）","広島県福山市駅家町倉光100","34.548292","133.326796"
"駅家小学校","広島県福山市駅家町倉光100","34.548557","133.326263"
"駅家交流館","広島県福山市駅家町倉光37-1","34.545564","133.327562"
"北部市民センター","広島県福山市駅家町倉光37-1","34.545593","133.32775"
"駅家東交流館","広島県福山市駅家町法成寺1270","34.558187","133.324904"
"コマツカスタマーサポート株式会社中国カンパニー","広島県福山市駅家町法成寺1575-12","34.571689","133.326307"
"株式会社ウダテクノ","広島県福山市駅家町法成寺1575-13","34.570995","133.326586"
"株式会社なかやま牧場","広島県福山市駅家町法成寺1575-16","34.570359","133.326505"
"株式会社マンセイ","広島県福山市駅家町法成寺1575-17","34.569427","133.32642"
"富士ベンダーサービス株式会社","広島県福山市駅家町法成寺1575-23","34.572457","133.32554"
"有限会社エキヤパッケージ","広島県福山市駅家町法成寺1575-24","34.573513","133.325685"
"有限会社サブレ","広島県福山市駅家町法成寺1575-25","34.573964","133.325615"
"株式会社富士製作","広島県福山市駅家町法成寺1575-26","34.571671","133.325218"
"株式会社ダイフク工業","広島県福山市駅家町法成寺1575-27","34.570995","133.32539"
"有限会社マルエス紙工","広島県福山市駅家町法成寺1575-6","34.572069","133.325363"
"有限会社ティーエスケー","広島県福山市駅家町法成寺1575-7","34.571852","133.325325"
"こだま食品株式会社","広島県福山市駅家町法成寺1575-9","34.573902","133.326618"
"株式会社中国新聞福山制作センター","広島県福山市駅家町法成寺1613-17","34.570982","133.328329"
"福山通運株式会社福山北流通センター","広島県福山市駅家町法成寺1613-5","34.572656","133.3304"
"ホーコス株式会社","広島県福山市駅家町法成寺1613-50","34.568959","133.330663"
"トウショク株式会社","広島県福山市駅家町法成寺1613-54","34.573862","133.327959"
"駅家中学校","広島県福山市駅家町法成寺250","34.553007","133.321702"
"駅家中学校（グラウンド）","広島県福山市駅家町法成寺250","34.552615","133.322034"
"駅家北小学校（グラウンド）","広島県福山市駅家町法成寺67","34.555033","133.330329"
"駅家北小学校（旧駅家東小学校）","広島県福山市駅家町法成寺67","34.554865","133.329377"
"駅家公園","広島県福山市駅家町万能倉35-29","34.547989","133.338746"
"卸センター会館","広島県福山市卸町14-1","34.462317","133.403045"
"加茂交流館","広島県福山市加茂町芦原491-1","34.579758","133.351761"
"加茂中学校","広島県福山市加茂町下加茂1190","34.569713","133.342476"
"加茂中学校（グラウンド）","広島県福山市加茂町下加茂1190","34.569253","133.342392"
"加茂交流館体育室","広島県福山市加茂町下加茂379-2","34.555053","133.343635"
"広島県立福山北特別支援学校","広島県福山市加茂町下加茂6","34.556356","133.338607"
"広島県立福山北特別支援学校（グラウンド）","広島県福山市加茂町下加茂6","34.557398","133.33857"
"加茂小学校（グラウンド）","広島県福山市加茂町中野848","34.575738","133.347743"
"加茂小学校","広島県福山市加茂町中野848","34.575679","133.347787"
"広瀬学園小・中学校（旧広瀬中学校）（グラウンド）","広島県福山市加茂町北山1064-1","34.612054","133.341791"
"広瀬学園小・中学校（旧広瀬中学校）","広島県福山市加茂町北山1064-1","34.612454","133.341578"
"広瀬交流館","広島県福山市加茂町北山223-1","34.609478","133.343419"
"広瀬学園小・中学校（旧広瀬小学校）（グラウンド）","広島県福山市加茂町北山714-2","34.612491","133.341691"
"中央公園","広島県福山市霞町1-10","34.483369","133.366455"
"まなびの館ローズコム","広島県福山市霞町1-10-1","34.482861","133.366104"
"霞交流館","広島県福山市霞町3-4-13","34.483099","133.361242"
"霞小学校","広島県福山市霞町3-8-1","34.482695","133.361473"
"霞小学校（グラウンド）","広島県福山市霞町3-8-1","34.482428","133.361548"
"福山城公園","広島県福山市丸之内1-8","34.4909","133.360476"
"久松台小学校（グラウンド）","広島県福山市久松台1-9-1","34.503616","133.357583"
"久松台小学校","広島県福山市久松台1-9-1","34.504309","133.357536"
"久松台交流館","広島県福山市久松台2-1-1","34.504201","133.356006"
"広島県立福山葦陽高等学校","広島県福山市久松台3-1-1","34.502264","133.351218"
"広島県立福山葦陽高等学校（グラウンド）","広島県福山市久松台3-1-1","34.502926","133.352484"
"郷分幼稚園（グラウンド）","広島県福山市郷分町1434","34.514971","133.343925"
"精華中学校","広島県福山市金江町金見1921","34.427656","133.283768"
"精華中学校（グラウンド）","広島県福山市金江町金見1921","34.427857","133.284875"
"金江小学校","広島県福山市金江町金見3552-1","34.43299","133.283069"
"金江小学校（グラウンド）","広島県福山市金江町金見3552-1","34.432535","133.282584"
"金江交流館","広島県福山市金江町藁江184-2","34.433247","133.282359"
"熊野交流館","広島県福山市熊野町乙1097-7","34.43524","133.336375"
"熊野小学校（グラウンド）","広島県福山市熊野町乙1132","34.434525","133.335245"
"熊野小学校","広島県福山市熊野町乙1132","34.43476","133.334925"
"福山平成大学","広島県福山市御幸町上岩成117-1","34.549632","133.347591"
"福山平成大学（グラウンド）","広島県福山市御幸町上岩成117-1","34.549753","133.350335"
"御幸小学校","広島県福山市御幸町森脇140","34.537325","133.350901"
"御幸小学校（グラウンド）","広島県福山市御幸町森脇140","34.536948","133.351066"
"御幸交流館","広島県福山市御幸町森脇181-1","34.53753","133.350413"
"芦田川見る視る館","広島県福山市御幸町中津原","34.517829","133.351815"
"幸千中学校（グラウンド）","広島県福山市御幸町中津原1270","34.529043","133.361631"
"幸千中学校","広島県福山市御幸町中津原1270","34.52954","133.361225"
"南交流館","広島県福山市御門町1-1-30","34.481272","133.368284"
"城南中学校","広島県福山市光南町3-4-1","34.477066","133.368086"
"城南中学校（グラウンド）","広島県福山市光南町3-4-1","34.476593","133.368084"
"福山市立大学","広島県福山市港町2-19-1","34.482106","133.379957"
"高西交流館","広島県福山市高西町1-12-16","34.446762","133.239478"
"福山通運株式会社尾道支店","広島県福山市高西町南166","34.427547","133.243779"
"遺芳丘小学校（グラウンド）","広島県福山市今津町1561","34.454494","133.245875"
"遺芳丘小学校（旧今津小学校）","広島県福山市今津町1561","34.453774","133.246475"
"今津交流館","広島県福山市今津町6-2-38","34.44962","133.248438"
"福山市人権交流センター","広島県福山市佐波町262-3","34.484442","133.33145"
"近畿大学附属広島高等学校・中学校　福山校（グラウンド）","広島県福山市佐波町389","34.482185","133.332458"
"近畿大学附属広島高等学校・中学校　福山校","広島県福山市佐波町389","34.482217","133.333793"
"東中学校","広島県福山市三吉町南2-10-2","34.490111","133.377975"
"東中学校（グラウンド）","広島県福山市三吉町南2-10-2","34.489495","133.377698"
"福山すこやかセンター","広島県福山市三吉町南2-11-22","34.489542","133.37997"
"山手小学校（グラウンド）","広島県福山市山手町1-5-1","34.490332","133.331703"
"山手小学校","広島県福山市山手町1-5-1","34.490653","133.331417"
"山手交流館","広島県福山市山手町1-9-17","34.489825","133.331412"
"城西中学校（グラウンド）","広島県福山市山手町3000","34.498211","133.326683"
"城西中学校","広島県福山市山手町3000","34.498481","133.325749"
"広島県立福山高等技術専門校","広島県福山市山手町6-30-1","34.497067","133.337969"
"泉交流館","広島県福山市山手町6-37-4","34.499033","133.337833"
"泉小学校（グラウンド）","広島県福山市山手町7-13-63","34.499936","133.335758"
"泉小学校","広島県福山市山手町7-13-63","34.500213","133.336131"
"山野旧学校施設（山野中学校）","広島県福山市山野町山野3776","34.656959","133.388402"
"山野旧学校施設（旧山野中学校）（グラウンド）","広島県福山市山野町山野3776","34.656761","133.388209"
"山野交流館","広島県福山市山野町山野3785","34.653584","133.390333"
"山野ふれあいプラザ","広島県福山市山野町山野3790-1","34.653379","133.390653"
"培遠中学校（グラウンド）","広島県福山市春日町3-15-18","34.51124","133.412038"
"培遠中学校","広島県福山市春日町3-15-18","34.51184","133.411717"
"春日交流館","広島県福山市春日町3-6-17","34.5124","133.418017"
"広島大学附属福山中・高等学校（グラウンド）","広島県福山市春日町5-14-1","34.503385","133.410159"
"広島大学附属福山中・高等学校","広島県福山市春日町5-14-1","34.503779","133.410763"
"緑丘小学校（グラウンド）","広島県福山市春日町5-15-1","34.503133","133.407873"
"緑丘小学校","広島県福山市春日町5-15-1","34.503508","133.407271"
"緑丘交流館","広島県福山市春日町5-16-3","34.50288","133.408666"
"緑丘交流館春日コミュニティ館","広島県福山市春日町5-5-22","34.505262","133.407895"
"春日小学校（グラウンド）","広島県福山市春日町浦上2002","34.51694","133.415844"
"春日小学校","広島県福山市春日町浦上2002","34.517054","133.415577"
"キソメック株式会社","広島県福山市曙町1-14-24","34.475954","133.400288"
"有限会社あけぼのスタジオ","広島県福山市曙町3-32-14","34.4697","133.3983"
"株式会社エーディジャパン","広島県福山市曙町4-4-8","34.471591","133.401318"
"曙交流館","広島県福山市曙町5-16-1","34.469116","133.395018"
"曙小学校（グラウンド）","広島県福山市曙町5-16-3","34.468747","133.394259"
"曙小学校","広島県福山市曙町5-16-3","34.469241","133.394394"
"株式会社ミウラ","広島県福山市曙町5-9-36","34.469108","133.392252"
"株式会社エスピービー","広島県福山市曙町6-6-8","34.465116","133.399816"
"松永中学校","広島県福山市松永町2-24-16","34.446387","133.247322"
"松永中学校（グラウンド）","広島県福山市松永町2-24-16","34.445755","133.247467"
"松永交流館","広島県福山市松永町3-1-29","34.449244","133.256773"
"西部市民センター","広島県福山市松永町3-1-29","34.449647","133.25699"
"松永交流館松永コミュニティセンター","広島県福山市松永町4-14-1","34.447686","133.259771"
"松永小学校","広島県福山市松永町6-7-11-8","34.444249","133.256031"
"松永小学校（グラウンド）","広島県福山市松永町6-7-11-8","34.443831","133.256034"
"ふくやま芸術文化ホール（リーデンローズ）","広島県福山市松浜町2-1-10","34.483379","133.376455"
"沼隈体育館","広島県福山市沼隈町下山南1235","34.398855","133.306648"
"沼隈体育館（駐車場）","広島県福山市沼隈町下山南1235","34.398607","133.307299"
"菅野集会所","広島県福山市沼隈町下山南1736-1","34.403381","133.324583"
"広島県立沼南高等学校（グラウンド）","広島県福山市沼隈町下山南4","34.409851","133.3096"
"至誠中学校（グラウンド）","広島県福山市沼隈町上山南484-2","34.428934","133.320489"
"至誠中学校","広島県福山市沼隈町上山南484-2","34.429574","133.321203"
"菅田ふれあいプラザ","広島県福山市沼隈町上山南550","34.436289","133.309967"
"広島県立沼隈特別支援学校","広島県福山市沼隈町上山南736-3","34.424048","133.321226"
"広島県立沼隈特別支援学校（グラウンド）","広島県福山市沼隈町上山南736-3","34.423667","133.321638"
"新池広場（グラウンド）","広島県福山市沼隈町常石199-1","34.394052","133.297315"
"常石交流館","広島県福山市沼隈町常石213","34.391945","133.295933"
"中組集会所","広島県福山市沼隈町常石271","34.389252","133.294297"
"西組集会所","広島県福山市沼隈町常石702-1","34.387868","133.292188"
"常石ともに学園（グラウンド）","広島県福山市沼隈町常石984-1","34.386779","133.297517"
"常石ともに学園","広島県福山市沼隈町常石984-1","34.386726","133.298182"
"浜組集会所","広島県福山市沼隈町草深1533-3","34.391323","133.322933"
"ぬまくま市民交流センター","広島県福山市沼隈町草深1889-6","34.39043","133.318861"
"千年交流館","広島県福山市沼隈町草深1889-6","34.390275","133.318823"
"沼隈サンパル","広島県福山市沼隈町草深1890-4","34.389992","133.319667"
"沼隈サンパル（駐車場）","広島県福山市沼隈町草深1890-4","34.390023","133.319111"
"想青学園（グラウンド）","広島県福山市沼隈町草深2058-2","34.388426","133.320594"
"想青学園","広島県福山市沼隈町草深2058-2","34.38891","133.320254"
"林崎集会所","広島県福山市沼隈町草深342-1","34.395798","133.319727"
"沼隈体育センター（グラウンド）","広島県福山市沼隈町中山南18","34.420264","133.305866"
"沼隈体育センター","広島県福山市沼隈町中山南18","34.413491","133.31308"
"ツネイシホールディングス㈱しまなみビレッジセンターハウス","広島県福山市沼隈町中山南26-1","34.42019","133.3044"
"山南交流館","広島県福山市沼隈町中山南482","34.419809","133.323346"
"下八日谷集会所","広島県福山市沼隈町中山南577-1","34.420482","133.326938"
"山南小学校","広島県福山市沼隈町中山南甲1254","34.41705","133.323254"
"山南小学校（グラウンド）","広島県福山市沼隈町中山南甲1254","34.416742","133.323494"
"能登原旧学校施設","広島県福山市沼隈町能登原1141","34.376397","133.350283"
"能登原旧学校施設（グラウンド）","広島県福山市沼隈町能登原1141","34.376718","133.350144"
"能登原交流館","広島県福山市沼隈町能登原1589-7","34.37727","133.346436"
"桜集会所","広島県福山市沼隈町能登原1973-1","34.38282","133.338657"
"大門中学校","広島県福山市城興ケ丘8-1","34.494727","133.433536"
"大門中学校（グラウンド）","広島県福山市城興ケ丘8-1","34.495269","133.433674"
"ガイア新涯店立体駐車場","広島県福山市新涯町1-39-12","34.462969","133.396227"
"新涯交流館","広島県福山市新涯町3-17-41","34.459612","133.390778"
"新涯小学校","広島県福山市新涯町3-18-1","34.459722","133.391289"
"新涯小学校（グラウンド）","広島県福山市新涯町3-18-1","34.459742","133.392121"
"ローズ＆ピア立体駐車場","広島県福山市新涯町4-1-3","34.460199","133.396029"
"誠之中学校","広島県福山市新涯町6-14-1","34.454564","133.396971"
"誠之中学校（グラウンド）","広島県福山市新涯町6-14-1","34.454562","133.397769"
"下安井会館","広島県福山市新市町下安井1340-5","34.58014","133.28061"
"網引小学校","広島県福山市新市町宮内1240","34.576928","133.276352"
"網引小学校（グラウンド）","広島県福山市新市町宮内1240","34.576362","133.276219"
"網引交流館","広島県福山市新市町宮内315","34.571606","133.273629"
"戸手小学校（グラウンド）","広島県福山市新市町戸手1244","34.550816","133.291945"
"戸手小学校","広島県福山市新市町戸手1244","34.551244","133.291978"
"戸手交流館","広島県福山市新市町戸手1280","34.551361","133.289528"
"広島県立芦品まなび学園高等学校","広島県福山市新市町戸手1330","34.550254","133.293662"
"広島県立芦品まなび学園高等学校（グラウンド）","広島県福山市新市町戸手1330","34.549712","133.293639"
"新市交流館新市コミュニティセンター","広島県福山市新市町新市1022","34.559404","133.274413"
"しんいち市民交流センター","広島県福山市新市町新市1061-1","34.558676","133.27331"
"新市中央中学校","広島県福山市新市町新市1305","34.563099","133.268335"
"新市中央中学校（グラウンド）","広島県福山市新市町新市1305","34.563113","133.268375"
"新市スポーツセンター","広島県福山市新市町新市816-3","34.557301","133.27608"
"新市交流館","広島県福山市新市町新市820-3","34.557414","133.275582"
"新市小学校","広島県福山市新市町新市852","34.557578","133.274435"
"新市小学校（グラウンド）","広島県福山市新市町新市852","34.557596","133.274478"
"広島県立戸手高等学校（グラウンド）","広島県福山市新市町相方200","34.544702","133.285005"
"広島県立戸手高等学校","広島県福山市新市町相方200","34.545362","133.284818"
"元相方コミュニティ館","広島県福山市新市町相方415","34.547734","133.276303"
"相方会館","広島県福山市新市町相方854-1","34.549184","133.272673"
"常金丸交流館・常金丸小学校","広島県福山市新市町大字金丸414","34.603983","133.264598"
"福山共同生コン株式会社","広島県福山市新浜町1-7-23","34.477258","133.400384"
"株式会社ケンユー","広島県福山市新浜町4-7-30","34.469524","133.401462"
"大成館中学校（グラウンド）","広島県福山市神村町10004","34.455757","133.257231"
"大成館中学校","広島県福山市神村町10004","34.455788","133.257108"
"広島県立松永高等学校（グラウンド）","広島県福山市神村町113","34.460815","133.262503"
"広島県立松永高等学校","広島県福山市神村町113","34.46171","133.262264"
"元神村１２区コミュニティ館","広島県福山市神村町1211","34.471203","133.260623"
"神村交流館","広島県福山市神村町3257-3","34.455694","133.268167"
"神村小学校","広島県福山市神村町3369","34.45722","133.269656"
"神村小学校（グラウンド）","広島県福山市神村町3369","34.457667","133.269765"
"神村交流館神村コミュニティセンター","広島県福山市神村町4790-1","34.461195","133.284514"
"御野小学校（グラウンド）","広島県福山市神辺町下御領28","34.566434","133.403589"
"御野小学校","広島県福山市神辺町下御領28","34.566479","133.403477"
"御野交流館","広島県福山市神辺町下御領46-2","34.563279","133.402833"
"福山通運株式会神辺流通センター","広島県福山市神辺町下御領654","34.562481","133.398678"
"竹尋交流館","広島県福山市神辺町下竹田8-1","34.555566","133.415508"
"竹尋小学校（グラウンド）","広島県福山市神辺町下竹田85-1","34.556778","133.418867"
"竹尋小学校","広島県福山市神辺町下竹田85-1","34.556804","133.418866"
"神辺東中学校（グラウンド）","広島県福山市神辺町下竹田959-1","34.561742","133.414338"
"神辺東中学校","広島県福山市神辺町下竹田959-1","34.561961","133.413606"
"中条小学校三谷分校（休校中）","広島県福山市神辺町三谷632-1","34.605838","133.383733"
"中条小学校三谷分校（グラウンド）","広島県福山市神辺町三谷632-1","34.605666","133.38349"
"フジグラン神辺　立体駐車場","広島県福山市神辺町新道上2-10-26","34.544179","133.357952"
"中条交流館神辺西コミュニティセンター","広島県福山市神辺町西中条270-1","34.566802","133.383494"
"神辺小学校（グラウンド）","広島県福山市神辺町川南2912-12","34.536807","133.380887"
"神辺小学校","広島県福山市神辺町川南2912-12","34.536247","133.381975"
"湯田小学校（グラウンド）","広島県福山市神辺町川北1113-1","34.550552","133.379152"
"湯田小学校","広島県福山市神辺町川北1113-1","34.550798","133.378657"
"湯田交流館","広島県福山市神辺町川北1126-2","34.549957","133.377538"
"かんなべ市民交流センター","広島県福山市神辺町川北1151-1","34.546342","133.373936"
"福山市神辺文化会館（駐車場）","広島県福山市神辺町川北1155-1","34.54531","133.37491"
"福山市神辺文化会館","広島県福山市神辺町川北1155-1","34.54554","133.37484"
"神辺西中学校（グラウンド）","広島県福山市神辺町川北1401-1","34.543334","133.365977"
"神辺西中学校","広島県福山市神辺町川北1401-1","34.544019","133.365555"
"広島県立神辺高等学校","広島県福山市神辺町川北375-1","34.542224","133.384452"
"広島県立神辺高等学校（グラウンド）","広島県福山市神辺町川北375-1","34.541494","133.384416"
"中条交流館","広島県福山市神辺町東中条186-1","34.57768","133.369723"
"中条小学校（グラウンド）","広島県福山市神辺町東中条2304-1","34.58064","133.371918"
"中条小学校","広島県福山市神辺町東中条2304-1","34.58071","133.372631"
"神辺中学校（グラウンド）","広島県福山市神辺町湯野1313","34.55647","133.384381"
"神辺中学校","広島県福山市神辺町湯野1313","34.555338","133.384304"
"道上小学校（グラウンド）","広島県福山市神辺町道上1923-1","34.560678","133.358329"
"道上小学校","広島県福山市神辺町道上1923-1","34.5607","133.359119"
"道上交流館","広島県福山市神辺町道上994-5","34.55706","133.36145"
"広島県立神辺旭高等学校","広島県福山市神辺町徳田75-1","34.552142","133.375732"
"広島県立神辺旭高等学校（グラウンド）","広島県福山市神辺町徳田75-1","34.552174","133.37572"
"向丘中学校","広島県福山市水呑向丘107","34.439525","133.381743"
"向丘中学校（グラウンド）","広島県福山市水呑向丘107","34.440266","133.381626"
"水呑小学校（グラウンド）","広島県福山市水呑町1919","34.445635","133.37943"
"水呑小学校","広島県福山市水呑町1919","34.445858","133.379159"
"広島県立福山商業高等学校（グラウンド）","広島県福山市水呑町3535","34.439749","133.389185"
"広島県立福山商業高等学校","広島県福山市水呑町3535","34.440792","133.389521"
"水呑交流館","広島県福山市水呑町4363","34.447921","133.384924"
"水上スポーツセンター","広島県福山市水呑町4748","34.443393","133.393028"
"竹ヶ端運動公園（グラウンド）","広島県福山市水呑町4748","34.445929","133.389801"
"瀬戸小学校（グラウンド）","広島県福山市瀬戸町地頭分1377","34.471325","133.325451"
"瀬戸小学校","広島県福山市瀬戸町地頭分1377","34.471934","133.325328"
"瀬戸交流館","広島県福山市瀬戸町地頭分693","34.468432","133.324807"
"瀬戸交流館瀬戸コミュニティセンター","広島県福山市瀬戸町地頭分80-1","34.477075","133.322696"
"西深津交流館深津コミュニティセンター","広島県福山市西深津町1-5-17","34.493754","133.380405"
"福山暁の星学院（小・中・高等学校）（グラウンド）","広島県福山市西深津町3-4-1","34.496008","133.382918"
"福山暁の星学院（小・中・高等学校）","広島県福山市西深津町3-4-1","34.496381","133.382905"
"西深津交流館","広島県福山市西深津町4-1-2","34.497939","133.37915"
"西深津小学校","広島県福山市西深津町5-1-1","34.497877","133.376867"
"西深津小学校（グラウンド）","広島県福山市西深津町5-1-1","34.497761","133.376093"
"中央中学校（グラウンド）","広島県福山市西深津町5-22-1","34.500779","133.379864"
"中央中学校","広島県福山市西深津町5-22-1","34.500193","133.379706"
"西小学校（グラウンド）","広島県福山市西町1-14-17","34.487475","133.355694"
"西小学校","広島県福山市西町1-14-17","34.487832","133.355456"
"西交流館","広島県福山市西町1‐19‐2","34.487331","133.354965"
"赤坂小学校","広島県福山市赤坂町赤坂312-1","34.466332","133.297312"
"赤坂小学校（グラウンド）","広島県福山市赤坂町赤坂312-1","34.466001","133.297394"
"赤坂交流館","広島県福山市赤坂町赤坂340-1","34.465961","133.296463"
"済美中学校","広島県福山市赤坂町赤坂7267-2","34.475744","133.307552"
"済美中学校（グラウンド）","広島県福山市赤坂町赤坂7267-2","34.475638","133.307593"
"福山市立福山中・高等学校","広島県福山市赤坂町赤坂910","34.466541","133.29985"
"福山市立福山中・高等学校（グラウンド）","広島県福山市赤坂町赤坂910","34.467286","133.301403"
"福山市総合体育館（エフピコアリーナ）","広島県福山市千代田町1-1-2","34.46653","133.36698"
"総合体育館公園","広島県福山市千代田町1-662-2","34.46705","133.36822"
"千田小学校","広島県福山市千田町3-16-26","34.520605","133.370384"
"千田小学校（グラウンド）","広島県福山市千田町3-16-26","34.520023","133.370726"
"千田交流館","広島県福山市千田町3-19-12","34.520529","133.371498"
"盈進中・高等学校","広島県福山市千田町千田487-4","34.523043","133.367354"
"盈進中・高等学校（グラウンド）","広島県福山市千田町千田487-4","34.522709","133.368953"
"川口小学校（グラウンド）","広島県福山市川口町2-2-1","34.469508","133.383508"
"川口小学校","広島県福山市川口町2-2-1","34.469755","133.383761"
"福山医療センター職員宿舎メゾン川口","広島県福山市川口町3-12-28","34.467005","133.385693"
"株式会社福山臨床検査センター","広島県福山市草戸町1-23-21","34.479584","133.352523"
"光交流館","広島県福山市草戸町4-1-29","34.476013","133.362007"
"光小学校（グラウンド）","広島県福山市草戸町4-14-1","34.472753","133.359885"
"光小学校","広島県福山市草戸町4-14-1","34.473009","133.35953"
"鷹取中学校（グウランド）","広島県福山市草戸町4-4-1","34.475013","133.36112"
"鷹取中学校","広島県福山市草戸町4-4-1","34.475341","133.360821"
"旧走島小学校（グラウンド）","広島県福山市走島町49","34.345919","133.434492"
"走島交流館","広島県福山市走島町58","34.345604","133.434834"
"走島交流館（グラウンド）","広島県福山市走島町58","34.345691","133.434104"
"蔵王交流館","広島県福山市蔵王町2-8-45","34.505267","133.393341"
"蔵王小学校","広島県福山市蔵王町4-16-1","34.509039","133.388697"
"蔵王小学校（グラウンド）","広島県福山市蔵王町4-16-1","34.508728","133.389166"
"川口交流館","広島県福山市多治米町1-30-4","34.47091","133.383835"
"多治米小学校（グラウンド）","広島県福山市多治米町5-15-15","34.465678","133.375397"
"多治米小学校","広島県福山市多治米町5-15-15","34.465962","133.375089"
"多治米交流館","広島県福山市多治米町5-2-12","34.467932","133.373536"
"大谷台交流館","広島県福山市大谷台3-13-3","34.515908","133.442169"
"野々浜交流館","広島県福山市大門町4-21-8","34.491759","133.44477"
"野々浜小学校（グラウンド）","広島県福山市大門町7-13-1","34.493988","133.451882"
"野々浜小学校","広島県福山市大門町7-13-1","34.493672","133.451664"
"銀河学院中・高等学校（グラウンド）","広島県福山市大門町大門119-8","34.501352","133.435321"
"銀河学院中・高等学校","広島県福山市大門町大門119-8","34.501915","133.434831"
"大谷台小学校（グラウンド）","広島県福山市大門町大門580","34.512777","133.448251"
"大谷台小学校","広島県福山市大門町大門580","34.512606","133.449135"
"大門交流館","広島県福山市大門町大門甲60","34.499525","133.441088"
"大津野小学校（グラウンド）","広島県福山市大門町日之出丘3043","34.49987","133.443237"
"大津野小学校","広島県福山市大門町日之出丘3043","34.500351","133.443411"
"津之郷小学校（グラウンド）","広島県福山市津之郷町津之郷1322","34.485781","133.319735"
"津之郷小学校","広島県福山市津之郷町津之郷1322","34.4859","133.3191"
"津之郷交流館","広島県福山市津之郷町津之郷863-2","34.483571","133.31928"
"坪生小学校（グラウンド）","広島県福山市坪生町1-42-1","34.523026","133.43567"
"坪生小学校","広島県福山市坪生町1-42-1","34.5224","133.4353"
"坪生交流館","広島県福山市坪生町5-19-17","34.530442","133.442675"
"高島小学校","広島県福山市田尻町2248","34.424294","133.386935"
"高島小学校（グラウンド）","広島県福山市田尻町2248","34.42385","133.38724"
"田尻高島交流館","広島県福山市田尻町2318","34.423953","133.388783"
"東桜町緑地","広島県福山市東桜町","34.48552","133.362418"
"一ツ橋中学校（グラウンド）","広島県福山市東手城町1-4-1","34.487731","133.403333"
"一ツ橋中学校","広島県福山市東手城町1-4-1","34.487494","133.40271"
"長浜交流館","広島県福山市東手城町2-11-25","34.481298","133.405778"
"深津小学校","広島県福山市東深津町2-5-1","34.495613","133.389908"
"深津小学校（グラウンド）","広島県福山市東深津町2-5-1","34.49521","133.389189"
"城東中学校","広島県福山市東深津町3-17-33","34.497136","133.39714"
"城東中学校（グラウンド）","広島県福山市東深津町3-17-33","34.496507","133.396958"
"福山通運株式会社福山流通センター","広島県福山市東深津町4-20-1","34.489541","133.38986"
"深津交流館","広島県福山市東深津町6-7-1","34.494415","133.386855"
"川口東交流館","広島県福山市東川口町4-9-34","34.473846","133.386111"
"川口東小学校（グラウンド）","広島県福山市東川口町5-13-46","34.473779","133.390089"
"川口東小学校","広島県福山市東川口町5-13-46","34.473022","133.390169"
"東村交流館","広島県福山市東村町2536-1","34.463342","133.228477"
"東村旧学校施設","広島県福山市東村町2543","34.464073","133.228786"
"東村旧学校施設（グラウンド）","広島県福山市東村町2543","34.463746","133.229086"
"福山大学","広島県福山市東村町三蔵985-1","34.458469","133.229391"
"福山大学（グラウンド）","広島県福山市東村町三蔵985-1","34.455416","133.231997"
"東小学校","広島県福山市東町3-7-49","34.493367","133.37085"
"東小学校（グラウンド）","広島県福山市東町3-7-49","34.493029","133.370744"
"東交流館","広島県福山市東町3-7-53","34.49343","133.37015"
"藤江交流館","広島県福山市藤江町2720-1","34.419218","133.279622"
"藤江小学校","広島県福山市藤江町2894","34.421779","133.280987"
"藤江小学校（グラウンド）","広島県福山市藤江町2894","34.422306","133.281851"
"桜丘交流館奈良津コミュニティセンター","広島県福山市奈良津町1-9-15","34.500155","133.367892"
"桜丘交流館","広島県福山市奈良津町1-9-21","34.500256","133.368567"
"やまわり会館","広島県福山市内海町1102-1","34.35183","133.287171"
"横島自治会館","広島県福山市内海町1543-5","34.35001","133.28751"
"内海交流館","広島県福山市内海町460","34.354549","133.282666"
"うつみ市民交流センター","広島県福山市内海町88-60","34.356261","133.285613"
"箱崎集会所","広島県福山市内海町イ1309","34.35706","133.3365"
"寺山集会所","広島県福山市内海町イ1447-3","34.367492","133.334365"
"内浦旧学校施設（旧内浦小学校）","広島県福山市内海町イ1780","34.359594","133.324252"
"内浦旧学校施設（旧内浦小学校）（グラウンド）","広島県福山市内海町イ1780","34.359385","133.324661"
"内浦交流館","広島県福山市内海町イ1973-3","34.359822","133.323527"
"釜谷集会所","広島県福山市内海町イ2653","34.366642","133.320454"
"沖集会所","広島県福山市内海町イ349-1","34.353124","133.319696"
"内海ふれあいホール（駐車場）","広島県福山市内海町ロ2424-8","34.35759","133.29162"
"内海ふれあいホール","広島県福山市内海町ロ2424-8","34.357954","133.291727"
"福山市内海生活支援ハウス","広島県福山市内海町ロ2827","34.357161","133.295327"
"南地区コミュニティセンター","広島県福山市内海町ロ3326-1","34.3513","133.29506"
"内海旧学校施設（旧内海中学校）","広島県福山市内海町ロ925-9","34.368463","133.304544"
"内海旧学校施設（旧内海中学校）（グラウンド）","広島県福山市内海町ロ925-9","34.368441","133.305731"
"手城交流館","広島県福山市南手城町2-10-23","34.483435","133.39165"
"日本リコス株式会社手城倉庫屋上","広島県福山市南手城町2-32-14","34.480343","133.391701"
"手城小学校","広島県福山市南手城町4-5-10","34.484066","133.399725"
"手城小学校（グラウンド）","広島県福山市南手城町4-5-10","34.483626","133.399675"
"ラフェスタ２立体駐車場","広島県福山市南蔵王町3-1-13","34.499786","133.392554"
"西交流館本庄コミュニティセンター","広島県福山市南本庄3-4-15","34.484918","133.351383"
"セブン＆エイト立体駐車場","広島県福山市南本庄4-1-3","34.48502","133.35"
"日吉台小学校","広島県福山市日吉台1-15-1","34.510523","133.40389"
"日吉台小学校（グラウンド）","広島県福山市日吉台1-15-1","34.510203","133.403601"
"日吉台交流館","広島県福山市日吉台1-16-27","34.511196","133.403783"
"旭小学校","広島県福山市入船町1-2-1","34.48935","133.37373"
"旭小学校（グラウンド）","広島県福山市入船町1-2-1","34.488936","133.374155"
"旭交流館","広島県福山市入船町1-6-19","34.488428","133.374156"
"天満屋ハピータウンポートプラザ店立体駐車場","広島県福山市入船町3-1-25","34.487033","133.376647"
"ゆめタウン福山店立体駐車場","広島県福山市入船町3-1-60","34.486652","133.378369"
"元吉津コミュニティ館","広島県福山市北吉津町3-2-34","34.498057","133.363202"
"桜丘小学校","広島県福山市北吉津町5-6-15","34.499591","133.368006"
"桜丘小学校（グラウンド）","広島県福山市北吉津町5-6-15","34.499375","133.36894"
"福山市立大学北本庄キャンパス（グラウンド）","広島県福山市北本庄町4-5-2","34.499026","133.347121"
"福山市立大学北本庄キャンパス","広島県福山市北本庄町4-5-2","34.499822","133.347461"
"本郷小学校（グラウンド）","広島県福山市本郷町1040-1","34.471339","133.246492"
"本郷小学校","広島県福山市本郷町1040-1","34.471656","133.246865"
"本郷交流館","広島県福山市本郷町1045-1","34.471534","133.24594"
"本郷交流館本郷コミュニティセンター","広島県福山市本郷町2850","34.463872","133.250455"
"市民参画センター","広島県福山市本町1-35","34.49278","133.36405"
"市民参画センター（駐車場）","広島県福山市本町1-35","34.4928","133.36426"
"幕山小学校（グラウンド）","広島県福山市幕山台2-17-1","34.508572","133.434371"
"幕山小学校","広島県福山市幕山台2-17-1","34.508965","133.434534"
"幕山交流館","広島県福山市幕山台2-24-12","34.510922","133.436418"
"広島県立大門高等学校","広島県福山市幕山台3-1-1","34.507518","133.435915"
"広島県立大門高等学校（グラウンド）","広島県福山市幕山台3-1-1","34.506926","133.436158"
"東朋中学校（グラウンド）","広島県福山市幕山台7-24-1","34.515607","133.438392"
"東朋中学校","広島県福山市幕山台7-24-1","34.515131","133.438578"
"神原ロジスティクス福山物流センター","広島県福山市箕沖町109-5","34.434469","133.435497"
"福山通運株式会社福山港流通センター","広島県福山市箕沖町127-11","34.443049","133.422517"
"箕島小学校（グラウンド）","広島県福山市箕島町325","34.449097","133.401914"
"箕島小学校","広島県福山市箕島町325","34.448951","133.402258"
"箕島交流館","広島県福山市箕島町329","34.449599","133.402903"
"アシードブリュー株式会社","広島県福山市箕島町5725-1","34.455759","133.402948"
"福山テクノ工業団地一帯","広島県福山市箕島町外０－５０外","34.450736","133.409033"
"明王台交流館","広島県福山市明王台1-2-15","34.477777","133.341347"
"明王台小学校（グラウンド）","広島県福山市明王台1-2-16","34.478701","133.34093"
"明王台小学校","広島県福山市明王台1-2-16","34.478195","133.341486"
"広島県立福山明王台高等学校（グラウンド）","広島県福山市明王台2-4-1","34.472728","133.343213"
"広島県立福山明王台高等学校","広島県福山市明王台2-4-1","34.47339","133.343615"
"南小学校（グラウンド）","広島県福山市明治町4-1","34.483373","133.368105"
"南小学校","広島県福山市明治町4-1","34.484239","133.368013"
"株式会社フタバ図書アルティ福山本店立体駐車場","広島県福山市明神町1-14-20","34.489585","133.395526"
"株式会社ラウンドワン福山店立体駐車場","広島県福山市明神町1-9-28","34.489321","133.392394"
"メガガイア福山明神町立体駐車場","広島県福山市明神町2-17-22","34.490059","133.399968"
"樹徳小学校","広島県福山市木之庄町1-1-63","34.494805","133.357099"
"樹徳小学校（グラウンド）","広島県福山市木之庄町1-1-63","34.494767","133.355993"
"樹徳交流館","広島県福山市木之庄町3-4-23","34.497599","133.35543"
"城北中学校（グラウンド）","広島県福山市木之庄町4-1-1","34.494742","133.358321"
"城北中学校","広島県福山市木之庄町4-1-1","34.495246","133.358183"
"広島県立福山誠之館高等学校（グラウンド）","広島県福山市木之庄町6-11-1","34.503012","133.361717"
"広島県立福山誠之館高等学校","広島県福山市木之庄町6-11-1","34.502817","133.360712"
"広島県立東高等学校（グラウンド）","広島県福山市木之庄町6-11-2","34.501686","133.362147"
"広島県立東高等学校","広島県福山市木之庄町6-11-2","34.502269","133.361803"
"広島県立福山工業高等学校（グラウンド）","広島県福山市野上町3-9-2","34.475178","133.365016"
"広島県立福山工業高等学校","広島県福山市野上町3-9-2","34.476038","133.364864"
"柳津ふれあいプラザ","広島県福山市柳津町2-11-12","34.43975","133.265447"
"柳津小学校","広島県福山市柳津町5-2-25","34.437266","133.268052"
"柳津小学校（グラウンド）","広島県福山市柳津町5-2-25","34.437719","133.267428"
"柳津交流館","広島県福山市柳津町5-7-34","34.437967","133.268301"
"株式会社ハローズ緑町店立体駐車場","広島県福山市緑町1-30","34.476458","133.371458"
"緑町公園","広島県福山市緑町9-5","34.478446","133.374093"
"鞆交流館鞆コミュニティセンター","広島県福山市鞆町後地1208","34.386266","133.380164"
"鞆の浦学園（旧鞆小学校）","広島県福山市鞆町後地1240-1","34.384988","133.378593"
"鞆の浦学園（旧鞆小学校）（グラウンド）","広島県福山市鞆町後地1240-1","34.38457","133.378324"
"鞆の浦学園（旧鞆中学校）","広島県福山市鞆町後地371-1","34.39434","133.375319"
"鞆の浦学園（旧鞆中学校）（グラウンド）","広島県福山市鞆町後地371-1","34.393689","133.375732"
"鞆交流館","広島県福山市鞆町鞆423-1","34.384542","133.384268"
"阿坂老人憩の家・グランド","広島県北広島町阿坂4197","34.63075","132.464357"
"北広島町豊平診療所駐車場","広島県北広島町阿坂4705","34.627935","132.449256"
"美和集会センター・駐車場","広島県北広島町移原660-1","34.744644","132.353836"
"雲耕公民館","広島県北広島町雲耕579","34.728408","132.222033"
"奥原老人集会所","広島県北広島町奥原313-1","34.778183","132.261465"
"板村ふれあいプラザ駐車場","広島県北広島町奥中原243","34.744537","132.291082"
"奥中原集落センター","広島県北広島町奥中原248-1","34.737503","132.275438"
"小笹ふれあい館","広島県北広島町下石227","34.710533","132.470795"
"戦国の庭歴史館　駐車場","広島県北広島町海応寺265-1","34.717233","132.464943"
"岩戸集会所・駐車場","広島県北広島町岩戸1693-1","34.766779","132.513266"
"本谷会館・駐車場","広島県北広島町岩戸754-1","34.775632","132.516052"
"吉木福祉センター・駐車場","広島県北広島町吉木1600","34.620553","132.414574"
"からしろ館・駐車場","広島県北広島町宮迫386-12","34.778942","132.490059"
"こぶしの里ふれあいセンター","広島県北広島町橋山10052-3","34.694304","132.230681"
"千代田中学校屋内運動場","広島県北広島町古保利450","34.679462","132.540297"
"琴庄老人集会所","広島県北広島町戸谷1123","34.668372","132.407245"
"戸谷希望の館","広島県北広島町戸谷11772","34.64403","132.398665"
"共盛老人集会所・グランド","広島県北広島町戸谷5655-1","34.646076","132.366094"
"美和東文化センター・グランド","広島県北広島町溝口1099","34.705906","132.381432"
"枕集落センター・駐車場","広島県北広島町溝口477","34.726906","132.387837"
"亀山振興センター","広島県北広島町荒神原1272","34.73449","132.234514"
"芸北ホリスティックセンター・駐車場","広島県北広島町荒神原200","34.729509","132.250293"
"荒神農耕センター","広島県北広島町荒神原308-1","34.72794","132.245724"
"高野会館","広島県北広島町高野611-1","34.753325","132.368736"
"今吉田老人集会所・グランド","広島県北広島町今吉田1736","34.606502","132.441751"
"八重小学校屋内運動場・グランド","広島県北広島町今田2288-1","34.688487","132.523495"
"八重総合センター","広島県北広島町今田2303-1","34.687224","132.523389"
"奥今田会館","広島県北広島町今田898-1","34.667076","132.509619"
"サイオト集会所・グランド","広島県北広島町才乙696-1","34.77672","132.308122"
"芸北Ｂ＆Ｇ海洋センター","広島県北広島町細見10141-16","34.731736","132.298586"
"芸北オークガーデン","広島県北広島町細見145-104","34.721886","132.297002"
"細見下コミュニティセンター","広島県北広島町細見932-5","34.725455","132.314536"
"原東交流センター・グランド","広島県北広島町志路原518","34.714758","132.442701"
"八重西総合センター","広島県北広島町寺原2753","34.688151","132.505647"
"小原振興センター・駐車場","広島県北広島町小原722-1","34.730814","132.334151"
"上石集会所・駐車場","広島県北広島町上石781","34.71202","132.450215"
"氏神工業団地公園","広島県北広島町新氏神2","34.686755","132.564409"
"北広島町図書館","広島県北広島町新庄1031-1","34.764128","132.491809"
"大朝インター駐車場","広島県北広島町新庄2617-1","34.760616","132.489573"
"大朝教育集会所・駐車場","広島県北広島町新庄2883","34.761815","132.499022"
"旧新庄小学校屋内運動場・グランド","広島県北広島町新庄3497","34.763554","132.497511"
"新庄学園体育館・グランド","広島県北広島町新庄848","34.764014","132.492674"
"新庄学園同窓会館","広島県北広島町新庄848","34.763164","132.492307"
"千代田運動公園総合体育館（Ｋｕｍａｈｉｒａ　Ｓｐｏｒｔｓ　Ａｒｅｎａ）・駐車場他","広島県北広島町壬生10500","34.686326","132.543697"
"壬生小学校屋内運動場・グランド","広島県北広島町壬生855","34.678703","132.555735"
"政所振興センター","広島県北広島町政所310-1","34.72058","132.239303"
"西宗集会所","広島県北広島町西宗1087-4","34.67403","132.450457"
"川井会館","広島県北広島町川井163-1","34.679204","132.572094"
"川戸地区運動施設","広島県北広島町川戸3373","34.731291","132.52328"
"曙公会堂・駐車場","広島県北広島町川戸4570","34.737068","132.543519"
"加計高等学校芸北分校武道場・グランド","広島県北広島町川小田10075-15","34.726125","132.276329"
"芸北文化ホール","広島県北広島町川小田10075-54","34.725399","132.277093"
"役場芸北支所駐車場","広島県北広島町川小田10075-56","34.725881","132.276988"
"芸北小学校屋内運動場・グランド","広島県北広島町川小田213-3","34.734834","132.285323"
"川小田集落センター","広島県北広島町川小田388-1","34.731592","132.282892"
"上川東公会堂・駐車場","広島県北広島町川東1114-8","34.69438","132.5537"
"草安集会センター","広島県北広島町草安208","34.769607","132.274985"
"蔵迫地区センター","広島県北広島町蔵迫1380","34.71207","132.505351"
"グリーンヒルおおあさ・バンガロー","広島県北広島町大朝11370","34.770073","132.47309"
"大朝Ｂ＆Ｇ海洋センター・グランド・駐車場","広島県北広島町大朝11370","34.769256","132.473429"
"大朝地域づくりセンター・駐車場","広島県北広島町大朝2497","34.77169","132.464575"
"大朝福祉センター（町社協事務所）","広島県北広島町大朝2513-1","34.772055","132.46497"
"茅原会館","広島県北広島町大朝3443-4","34.762373","132.453838"
"大朝体育館・駐車場","広島県北広島町大朝4436-1","34.76852","132.466933"
"大朝小学校グラウンド","広島県北広島町大朝4676-1","34.769038","132.467783"
"大朝中学校屋内運動場・グランド","広島県北広島町大朝4683-1","34.768453","132.468156"
"小枝会館","広島県北広島町大朝6063-4","34.779621","132.478668"
"間所集会所","広島県北広島町大朝719-3","34.776846","132.463845"
"大塚ふれあいセンター・グランド","広島県北広島町大塚2108-1","34.782543","132.444905"
"おおぐれ交流施設　清流の家・駐車場","広島県北広島町大暮590","34.754072","132.33432"
"雲月ふれあいセンター","広島県北広島町大利原230","34.762597","132.27704"
"中祖会館","広島県北広島町中祖210","34.722651","132.242847"
"保余原会館・駐車場","広島県北広島町丁保余原575-1","34.671065","132.568118"
"長笹老人集会所・グランド","広島県北広島町長笹911-1","34.622846","132.384398"
"交流館天狗の里","広島県北広島町田原647-1","34.738668","132.430767"
"豊平学園屋内運動場・グランド","広島県北広島町都志見10914","34.653311","132.427112"
"道の駅豊平どんぐり村駐車場","広島県北広島町都志見12609","34.646733","132.444243"
"豊平総合運動公園","広島県北広島町都志見12609","34.645319","132.443951"
"都志見生活改善センター・グランド","広島県北広島町都志見4417-2","34.649225","132.441885"
"豊平教育集会所","広島県北広島町都志見4857-5","34.646709","132.447949"
"土橋生活改善センター","広島県北広島町土橋71-1","34.793399","132.256127"
"八幡高原センター・駐車場","広島県北広島町東八幡原899-1","34.708988","132.173134"
"旧南方小学校屋内運動場・グランド","広島県北広島町南方1918","34.643188","132.565347"
"南方総合センター","広島県北広島町南方1939-1","34.642922","132.564812"
"小木次集会所","広島県北広島町南方3123-3","34.649199","132.553856"
"畑ふれあいセンター・グランド","広島県北広島町南方6398","34.59887","132.547155"
"筏津コミュニティセンター・グランド","広島県北広島町筏津656-2","34.767377","132.421406"
"明神会館・広場","広島県北広島町本地13849-291","34.603031","132.496477"
"本地総合センター・南側駐車場","広島県北広島町本地2673-1","34.639115","132.510119"
"本地小学校屋内運動場・グランド","広島県北広島町本地2812-1","34.639237","132.510414"
"葭原自治会館・駐車場","広島県北広島町本地5990","34.653297","132.527479"
"広島県立千代田高等学校","広島県北広島町有間600-1","34.689661","132.516522"
"道の駅　舞ロードＩＣ千代田　駐車場","広島県北広島町有田1122","34.674706","132.541616"
"北広島町まちづくりセンター","広島県北広島町有田1234","34.673951","132.537378"
"ショッピングセンターサンクス　屋上駐車場","広島県北広島町有田1532","34.674988","132.536362"
"八重東小学校屋内運動場・グランド","広島県北広島町有田1897","34.671106","132.533466"