"施設名","所在地","緯度","経度"
"つるぎ町多目的広場","徳島県つるぎ町一宇字蔭25-2","33.954431","134.066503"
"せせらぎの風駐車場","徳島県つるぎ町貞光字せせらぎ1","34.043121","134.067415"
"つるぎ町就業改善センター駐車場","徳島県つるぎ町貞光字宮下61","34.038191","134.061776"
"太田小学校グラウンド","徳島県つるぎ町貞光字太田西107","34.044397","134.080232"
"貞光ゆうゆうパーク","徳島県つるぎ町貞光字大須賀-","34.043165","134.056615"
"貞光ゆうゆう館駐車場","徳島県つるぎ町貞光字大須賀11-1","34.042454","134.059898"
"貞光中学校グラウンド","徳島県つるぎ町貞光字中須賀52","34.036969","134.064848"
"つるぎ町保健センター駐車場","徳島県つるぎ町貞光字中須賀68-1","34.040334","134.064985"
"西部テクノスクールグラウンド","徳島県つるぎ町貞光字東浦128-4","34.032563","134.06359"
"つるぎ高等学校グラウンド","徳島県つるぎ町貞光字馬出63-2","34.041356","134.055487"
"貞光小学校グラウンド","徳島県つるぎ町貞光字野口87","34.036213","134.060083"
"日浦小学校グラウンド","徳島県つるぎ町半田字蔭名1292","34.025841","134.023411"
"高清小学校グラウンド","徳島県つるぎ町半田字高清1398","34.001518","134.03901"
"坂根小学校グラウンド","徳島県つるぎ町半田字坂根346","33.98935","134.03681"
"半田地域福祉センターやすらぎ苑駐車場","徳島県つるぎ町半田字小野521","34.038827","134.029933"
"特別養護老人ホームうらら荘駐車場","徳島県つるぎ町半田字松生150-1","34.041285","134.023165"
"つるぎ町スポーツセンター駐車場","徳島県つるぎ町半田字田井202","34.030527","134.030291"
"長谷保農村公園","徳島県つるぎ町半田字田井247-1","34.02954","134.030553"
"半田中学校グラウンド","徳島県つるぎ町半田字田井282","34.031679","134.029962"
"八千代中学校グラウンド","徳島県つるぎ町半田字日開野122","33.997347","134.028145"
"伊島中学校　（休校中）校舎２階","徳島県阿南市伊島町瀬戸3","33.844448","134.809177"
"伊島小学校　（休校中）校舎２階","徳島県阿南市伊島町瀬戸3-2","33.844622","134.808876"
"岩脇福祉会館","徳島県阿南市羽ノ浦町岩脇町筋20-3","33.941667","134.618074"
"岩脇小学校グラウンド","徳島県阿南市羽ノ浦町岩脇町筋87","33.942062","134.615775"
"岩脇小学校校舎２階以上","徳島県阿南市羽ノ浦町岩脇町筋87","33.942374","134.615614"
"羽ノ浦公民館建物２階　（洪水・高潮）","徳島県阿南市羽ノ浦町宮倉大木38-4","33.953578","134.6223"
"羽ノ浦公民館敷地","徳島県阿南市羽ノ浦町宮倉大木38-4","33.953424","134.622139"
"羽ノ浦公民館建物","徳島県阿南市羽ノ浦町宮倉大木38-4","33.953575","134.622247"
"羽ノ浦中学校グラウンド","徳島県阿南市羽ノ浦町宮倉沢田154","33.953239","134.617444"
"羽ノ浦中学校校舎　（津波）","徳島県阿南市羽ノ浦町宮倉沢田154","33.953529","134.617201"
"羽ノ浦中学校校舎３階以上　（洪水・高潮）","徳島県阿南市羽ノ浦町宮倉沢田154","33.953587","134.617305"
"羽ノ浦グラウンド","徳島県阿南市羽ノ浦町宮倉沢田82","33.953637","134.619098"
"能路寺山","徳島県阿南市羽ノ浦町宮倉背戸田60","33.967972","134.625336"
"阿南市勤労女性センター２階","徳島県阿南市羽ノ浦町春日野1-75","33.960985","134.616939"
"羽ノ浦小学校校舎　（津波）","徳島県阿南市羽ノ浦町中庄原婦知1-1","33.958159","134.62806"
"羽ノ浦小学校グラウンド","徳島県阿南市羽ノ浦町中庄原婦知1-1","33.957583","134.628378"
"羽ノ浦小学校体育館","徳島県阿南市羽ノ浦町中庄原婦知1-1","33.957948","134.627766"
"羽ノ浦小学校校舎２階　（洪水・高潮）","徳島県阿南市羽ノ浦町中庄原婦知1-1","33.958115","134.628046"
"富岡東高等学校羽ノ浦校校舎２階以上　（洪水・高潮）","徳島県阿南市羽ノ浦町中庄市50-1","33.959731","134.627975"
"富岡東高等学校羽ノ浦校グラウンド","徳島県阿南市羽ノ浦町中庄市50-1","33.959778","134.627574"
"富岡東高等学校羽ノ浦校校舎　（津波）","徳島県阿南市羽ノ浦町中庄市50-1","33.959771","134.628002"
"富岡東高等学校羽ノ浦校体育館","徳島県阿南市羽ノ浦町中庄市50-1","33.959482","134.627503"
"富岡東高等学校羽ノ浦校部室棟","徳島県阿南市羽ノ浦町中庄市50-1","33.959255","134.627379"
"阿南市情報文化センター","徳島県阿南市羽ノ浦町中庄上ナカレ16-3","33.954091","134.623754"
"横見小学校北校舎２階以上　（津波）","徳島県阿南市横見町前長岡67-2","33.928982","134.655507"
"横見小学校北校舎３階以上　（洪水・高潮）","徳島県阿南市横見町前長岡67-2","33.928928","134.65548"
"横見小学校グラウンド","徳島県阿南市横見町前長岡67-2","33.928221","134.655514"
"横見小学校西校舎２階","徳島県阿南市横見町前長岡67-2","33.928626","134.655421"
"横見小学校南校舎２階","徳島県阿南市横見町前長岡67-2","33.928768","134.655737"
"大野小学校校舎３階","徳島県阿南市下大野町三条5","33.93449","134.595598"
"大野小学校体育館","徳島県阿南市下大野町三条5","33.934753","134.595582"
"大野小学校グラウンド","徳島県阿南市下大野町三条5","33.933983","134.595491"
"加茂谷中学校校舎４階","徳島県阿南市加茂町南不け1","33.914033","134.550153"
"加茂谷中学校グラウンド","徳島県阿南市加茂町南不け1","33.914553","134.550222"
"加茂谷総合センター２階　（土砂災害）","徳島県阿南市加茂町野上22-11","33.921175","134.552795"
"加茂谷総合センター　（洪水・高潮）","徳島県阿南市加茂町野上22-11","33.921271","134.55281"
"吉井小学校グラウンド","徳島県阿南市吉井町原18-2","33.922089","134.558881"
"吉井小学校体育館","徳島県阿南市吉井町原18-2","33.921813","134.559202"
"橘こどもセンター２階　（津波）","徳島県阿南市橘町久保38-3","33.875138","134.640595"
"橘こどもセンター　（洪水・高潮）","徳島県阿南市橘町久保38-3","33.875217","134.640494"
"橘地区防災公園","徳島県阿南市橘町西浦58","33.873727","134.639778"
"橘小学校グラウンド","徳島県阿南市橘町大浦166-1","33.87104","134.631998"
"橘小学校校舎２階以上","徳島県阿南市橘町大浦166-1","33.870994","134.632955"
"ふるさと館建物２階","徳島県阿南市橘町土井崎115-16","33.851904","134.623984"
"ふるさと館敷地","徳島県阿南市橘町土井崎115-16","33.851721","134.623978"
"旧クリーンセンター敷地","徳島県阿南市橘町土井崎117-14","33.851951","134.623109"
"旧クリーンセンター管理棟","徳島県阿南市橘町土井崎117-14","33.852107","134.622643"
"南部ふるさとふれあい運動公園","徳島県阿南市橘町土井崎34","33.850925","134.623864"
"橘町総合センター　２階（高潮）","徳島県阿南市橘町豊浜36-15","33.871685","134.640411"
"橘町総合センター　（洪水・土砂災害）","徳島県阿南市橘町豊浜36-15","33.872051","134.641121"
"阿南市クリーンピュア管理棟３階　（土砂災害）","徳島県阿南市熊谷町定方44","33.916649","134.577349"
"阿南市クリーンピュア管理棟　（洪水・高潮）","徳島県阿南市熊谷町定方44","33.916506","134.577356"
"阿南市クリーンピュア敷地","徳島県阿南市熊谷町定方44","33.916775","134.576575"
"桑野小学校校舎２階以上","徳島県阿南市桑野町岡元40-1","33.873491","134.611721"
"桑野小学校グラウンド","徳島県阿南市桑野町岡元40-1","33.873792","134.611928"
"見能林小学校体育館","徳島県阿南市見能林町西内35","33.90096","134.670061"
"見能林小学校校舎２階以上","徳島県阿南市見能林町西内35","33.900761","134.670553"
"阿南工業高等専門学校校舎２階以上","徳島県阿南市見能林町青木265","33.898087","134.667196"
"阿南工業高等専門学校グラウンド","徳島県阿南市見能林町青木265","33.896807","134.668368"
"阿南中学校校舎２階以上","徳島県阿南市見能林町南勘高1","33.905505","134.665793"
"阿南中学校体育館３階以上","徳島県阿南市見能林町南勘高1","33.90563","134.664892"
"見能林公民館　（土砂災害）","徳島県阿南市見能林町念仏免4-1","33.901207","134.669472"
"見能林公民館２階　（津波・洪水・高潮）","徳島県阿南市見能林町念仏免4-1","33.901249","134.669511"
"東部自然公園散策路","徳島県阿南市才見町米島裏6","33.914035","134.684113"
"山口小学校東校舎２階","徳島県阿南市山口町久延69-1","33.872926","134.581788"
"山口小学校グラウンド","徳島県阿南市山口町久延69-1","33.872614","134.58168"
"桑野公民館建物２階　（洪水・高潮）","徳島県阿南市山口町内田150-1","33.871355","134.603852"
"桑野公民館敷地","徳島県阿南市山口町内田150-1","33.871506","134.603782"
"桑野公民館建物　（土砂災害）","徳島県阿南市山口町内田150-1","33.871364","134.603884"
"スポーツ総合センター　（土砂災害）","徳島県阿南市七見町下川田100-1","33.919748","134.684299"
"スポーツ総合センター２階　（津波・洪水・高潮）","徳島県阿南市七見町下川田100-1","33.919748","134.684228"
"阿南支援学校体育館","徳島県阿南市上大野町大山田52","33.925757","134.581509"
"阿南支援学校グラウンド","徳島県阿南市上大野町大山田52","33.926122","134.582576"
"中野島小学校校舎２階","徳島県阿南市上中町中原182-1","33.932924","134.628544"
"中野島小学校グラウンド","徳島県阿南市上中町中原182-1","33.932426","134.629124"
"阿南光高等学校新野キャンパスグラウンド","徳島県阿南市新野町室ノ久保12","33.851106","134.59571"
"阿南光高等学校新野キャンパス体育館２階","徳島県阿南市新野町室ノ久保12","33.850282","134.595259"
"新野東小学校グラウンド","徳島県阿南市新野町是国37-2","33.845277","134.603828"
"新野東小学校体育館","徳島県阿南市新野町是国37-2","33.845144","134.604155"
"新野公民館建物２階　（洪水）","徳島県阿南市新野町西馬場18","33.847815","134.581948"
"新野公民館建物　（土砂災害）","徳島県阿南市新野町西馬場18","33.847801","134.581884"
"新野公民館敷地","徳島県阿南市新野町西馬場18","33.847556","134.581835"
"新野小学校グラウンド","徳島県阿南市新野町南宮ノ久保70-1","33.846871","134.580216"
"新野小学校北校舎２階以上","徳島県阿南市新野町南宮ノ久保70-1","33.847357","134.580865"
"新野中学校　体育館","徳島県阿南市新野町馬見21","33.844395","134.578973"
"新野中学校グラウンド","徳島県阿南市新野町馬見21","33.843798","134.579295"
"新野西小学校　（休校中）校舎２階以上","徳島県阿南市新野町友常1","33.838561","134.541711"
"新野西小学校　（休校中）グラウンド","徳島県阿南市新野町友常1","33.838971","134.541942"
"深瀬町コミュニティセンター２階","徳島県阿南市深瀬町大畝町35-1","33.922006","134.548076"
"大井小学校　（休校中）体育館","徳島県阿南市大井町東平127-1","33.908939","134.517669"
"大井小学校　（休校中）南校舎２階","徳島県阿南市大井町東平127-1","33.908832","134.517926"
"大井小学校　（休校中）グラウンド","徳島県阿南市大井町東平127-1","33.909224","134.517637"
"阿南市武道館","徳島県阿南市大潟町210-56","33.88471","134.668492"
"大潟会館","徳島県阿南市大潟町214-16","33.885134","134.667632"
"阿南西部公園","徳島県阿南市中大野町南傍示","33.922503","134.58108"
"大野公民館建物２階　（洪水・高潮）","徳島県阿南市中大野町北傍示440-2","33.933253","134.594248"
"大野公民館建物　（土砂災害）","徳島県阿南市中大野町北傍示440-2","33.933267","134.594167"
"大野公民館敷地","徳島県阿南市中大野町北傍示440-2","33.933387","134.5945"
"長生小学校体育館","徳島県阿南市長生町五反地25-2","33.910234","134.616545"
"長生小学校　校舎　３階","徳島県阿南市長生町五反地25-2","33.909829","134.616663"
"長生小学校　グラウンド","徳島県阿南市長生町五反地25-2","33.909517","134.617022"
"長生公民館　建物　２階（洪水・高潮）","徳島県阿南市長生町上荒井楠ノ前4-2","33.908655","134.619346"
"長生公民館　敷地","徳島県阿南市長生町上荒井楠ノ前4-2","33.908795","134.619228"
"長生公民館　建物　（土砂災害）","徳島県阿南市長生町上荒井楠ノ前4-2","33.908715","134.619378"
"阿南第一中学校　グラウンド","徳島県阿南市長生町西方589","33.927124","134.626364"
"阿南第一中学校　校舎　３階","徳島県阿南市長生町西方589","33.926494","134.625149"
"津乃峰小学校　体育館（土砂災害）","徳島県阿南市津乃峰町戎山129-37","33.884659","134.649595"
"津乃峰小学校　校舎　３階　（津波）","徳島県阿南市津乃峰町戎山129-37","33.884387","134.650005"
"津乃峰小学校　校舎　２階以上（洪水・高潮）","徳島県阿南市津乃峰町戎山129-37","33.884408","134.649924"
"津乃峰町新浜地区　津波避難タワー","徳島県阿南市津乃峰町新浜18-5","33.884917","134.660061"
"津乃峰地区防災公園","徳島県阿南市津乃峰町西分213-1","33.886436","134.641869"
"津乃峰総合センター　（土砂災害）","徳島県阿南市津乃峰町長浜494","33.888787","134.655938"
"津乃峰総合センター　３階以上（津波）","徳島県阿南市津乃峰町長浜494","33.888758","134.655819"
"津乃峰総合センター２階以上　（洪水・高潮）","徳島県阿南市津乃峰町長浜494","33.888772","134.655878"
"蒲生田小学校　（休校中）グラウンド","徳島県阿南市椿町蒲生田2","33.838152","134.741689"
"蒲生田小学校　（休校中）校舎　（洪水・土砂災害・津波）","徳島県阿南市椿町蒲生田2","33.838406","134.74162"
"蒲生田小学校　（休校中）２階以上　（高潮）","徳島県阿南市椿町蒲生田2","33.838369","134.741568"
"椿町中学校校舎２階以上","徳島県阿南市椿町宮ケ谷23","33.834354","134.681229"
"椿町中学校体育館","徳島県阿南市椿町宮ケ谷23","33.834309","134.68162"
"椿小学校体育館","徳島県阿南市椿町黒田47","33.828829","134.666109"
"椿小学校校舎２階以上","徳島県阿南市椿町黒田47","33.82861","134.666391"
"椿小学校グラウンド","徳島県阿南市椿町黒田47","33.828254","134.666517"
"かもだ岬温泉保養施設建物","徳島県阿南市椿町船瀬60-2","33.831699","134.726508"
"かもだ岬温泉保養施設敷地","徳島県阿南市椿町船瀬60-2","33.83165","134.725774"
"椿会館２階","徳島県阿南市椿町浜14","33.831247","134.677507"
"椿公民館椿泊分館２階","徳島県阿南市椿泊町出島9-2","33.842929","134.710454"
"椿泊小学校グラウンド","徳島県阿南市椿泊町東127","33.845097","134.716214"
"椿泊小学校校舎２階","徳島県阿南市椿泊町東127","33.84441","134.716048"
"那賀川スポーツセンター２階","徳島県阿南市那賀川町苅屋354-1","33.948513","134.663068"
"那賀川中学校校舎２階以上","徳島県阿南市那賀川町苅屋370-1","33.948872","134.662572"
"那賀川中学校グラウンド","徳島県阿南市那賀川町苅屋370-1","33.949121","134.662594"
"工地地区命山津波避難施設","徳島県阿南市那賀川町工地592-1","33.955261","134.673087"
"黒地文化センター２階","徳島県阿南市那賀川町黒地712-1","33.963153","134.64107"
"那賀川公民館２階","徳島県阿南市那賀川町今津浦喜来31-1","33.962121","134.651495"
"那賀川Ｂ＆Ｇ海洋センター敷地","徳島県阿南市那賀川町今津浦向新田20-5","33.962143","134.667699"
"那賀川Ｂ＆Ｇ海洋センター","徳島県阿南市那賀川町今津浦向新田20-5","33.961992","134.667468"
"科学センター天文館２階以上","徳島県阿南市那賀川町上福井南川渕8-1","33.948884","134.682039"
"科学センター体験館２階以上","徳島県阿南市那賀川町上福井南川渕8-1","33.949076","134.681594"
"平島小学校校舎２階以上","徳島県阿南市那賀川町赤池131-2","33.943533","134.66276"
"那賀川公民館平島分館２階","徳島県阿南市那賀川町赤池307-2","33.942336","134.663013"
"（株）レーザーシステム徳島事業所屋上","徳島県阿南市那賀川町中島414-1","33.94136","134.667708"
"中島緊急避難階段","徳島県阿南市那賀川町中島968-1","33.942362","134.674677"
"今津小学校校舎２階以上","徳島県阿南市那賀川町敷地238","33.963837","134.646125"
"ゆたか野地区防災公園","徳島県阿南市那賀川町豊香野39","33.968156","134.64833"
"阿南第二中学校グラウンド","徳島県阿南市内原町竹ノ内口143-1","33.876233","134.62844"
"阿南第二中学校南校舎２階以上","徳島県阿南市内原町竹ノ内口143-1","33.876807","134.628226"
"楠根桜づつみ公園","徳島県阿南市楠根町新田175-3","33.932825","134.569662"
"徳島県南部総合県民局阿南庁舎３階以上","徳島県阿南市富岡町あ王谷46","33.918081","134.65551"
"阿南市役所低層部１階","徳島県阿南市富岡町トノ町12-3","33.921805","134.659572"
"牛岐城趾公園高台","徳島県阿南市富岡町トノ町24-3","33.920806","134.658072"
"阿南琴江寮・富岡保育所２階","徳島県阿南市富岡町トノ町96-1","33.920627","134.656038"
"阿南社会福祉会館２階以上","徳島県阿南市富岡町今福寺40-17","33.91859","134.662292"
"富岡西高等学校グラウンド","徳島県阿南市富岡町小山18-3","33.918332","134.649597"
"富岡西高等学校校舎　（津波）","徳島県阿南市富岡町小山18-3","33.919437","134.650289"
"富岡西高等学校校舎２階以上　（洪水・高潮）","徳島県阿南市富岡町小山18-3","33.91905","134.650013"
"富岡西高等学校体育館","徳島県阿南市富岡町小山18-3","33.919393","134.649396"
"桑野川防災ステーション","徳島県阿南市富岡町庄境7-1","33.918747","134.648052"
"富岡公民館","徳島県阿南市富岡町西池田135-1","33.915384","134.656566"
"阿南市文化会館駐車場","徳島県阿南市富岡町西池田135-1","33.916114","134.656427"
"阿南市文化会館","徳島県阿南市富岡町西池田135-1","33.915642","134.656099"
"阿南ひまわり会館　（土砂災害）","徳島県阿南市富岡町北通33-1","33.92137","134.662617"
"阿南ひまわり会館２階以上　（津波・洪水・高潮）","徳島県阿南市富岡町北通33-1","33.921448","134.662622"
"福井町総合センター敷地","徳島県阿南市福井町古津198-2","33.836905","134.620874"
"福井町総合センター建物２階","徳島県阿南市福井町古津198-2","33.836834","134.621172"
"福井保育所建物","徳島県阿南市福井町高田117-3","33.83746","134.621416"
"福井保育所敷地","徳島県阿南市福井町高田117-3","33.837327","134.621599"
"福井中学校校舎２階以上　（津波・洪水・高潮）","徳島県阿南市福井町大西141","33.838655","134.623028"
"福井中学校校舎　（土砂災害）","徳島県阿南市福井町大西141","33.83865","134.623097"
"福井中学校グラウンド","徳島県阿南市福井町大西141","33.839046","134.623142"
"福井小学校東校舎２階","徳島県阿南市福井町大西192-1","33.83807","134.622268"
"福井小学校敷地","徳島県阿南市福井町大西192-1","33.838005","134.621764"
"福井小学校校舎・体育館","徳島県阿南市福井町大西192-1","33.838219","134.62149"
"大西地区津波避難タワー","徳島県阿南市福井町大西78-5","33.841423","134.62386"
"福井教育集会所２階","徳島県阿南市福井町内歩128-3","33.833647","134.623061"
"福井コミュニティハウス","徳島県阿南市福井町内歩66-1","33.831358","134.623446"
"福井南小学校　（休校中）敷地","徳島県阿南市福井町日の地122-1","33.798847","134.589681"
"福井南小学校　（休校中）体育館","徳島県阿南市福井町日の地122-1","33.79912","134.590111"
"宝田小学校校舎２階以上","徳島県阿南市宝田町久保田124","33.920663","134.635658"
"宝田小学校グラウンド","徳島県阿南市宝田町久保田124","33.9202","134.635819"
"宝田公民館２階","徳島県阿南市宝田町久保田97-1","33.922982","134.637544"
"阿南光高等学校宝田キャンパスグラウンド","徳島県阿南市宝田町今市中新開10-6","33.924669","134.64043"
"阿南光高等学校宝田キャンパス体育館２階　（洪水）","徳島県阿南市宝田町今市中新開10-6","33.92453","134.639043"
"阿南光高等学校宝田キャンパス体育館　（津波）","徳島県阿南市宝田町今市中新開10-6","33.92464","134.63892"
"中野島総合センター３階　（洪水・高潮）","徳島県阿南市柳島町中川原10","33.933195","134.640734"
"中野島総合センター　（津波）","徳島県阿南市柳島町中川原10","33.933227","134.640697"
"中野島総合センター敷地","徳島県阿南市柳島町中川原10","33.933234","134.640965"
"富岡東中学校・高等学校校舎２階以上","徳島県阿南市領家町走寄102-2","33.921741","134.6653"
"富岡東中学校・高等学校グラウンド","徳島県阿南市領家町走寄102-2","33.921454","134.663966"
"富岡幼稚園２階","徳島県阿南市領家町浜田182-1","33.92297","134.668803"
"富岡小学校校舎２階以上","徳島県阿南市領家町浜田200","33.923829","134.668215"
"阿南労働総合庁舎　（ハローワーク）２階以上","徳島県阿南市領家町本荘ヶ内120-6","33.923132","134.664105"
"徳島県南部総合県民局　保健福祉環境部阿南庁舎　（阿南保健所）３階休養室・廊下、屋上","徳島県阿南市領家町野神319","33.925158","134.671606"
"老人ホーム福寿荘２階以上","徳島県阿南市畭町亀崎93-7","33.916533","134.697565"
"阿波伊沢北分館","徳島県阿波市阿波町亀底199-1","34.128936","134.227352"
"阿波久勝公民館","徳島県阿波市阿波町庚申原218-1","34.083366","134.250974"
"久勝小学校（体育館）","徳島県阿波市阿波町森沢28","34.084976","134.251913"
"阿波農村環境改善センター","徳島県阿波市阿波町東原173-1","34.082683","134.235449"
"阿波中学校（体育館）","徳島県阿波市阿波町東原230-1","34.08582","134.234696"
"林小学校（体育館）","徳島県阿波市阿波町東整理155-1","34.074156","134.201686"
"伊沢小学校（体育館）","徳島県阿波市阿波町南柴生172","34.08936","134.228746"
"阿波伊沢公民館","徳島県阿波市阿波町南柴生84","34.088158","134.229535"
"阿波林公民館","徳島県阿波市阿波町南整理182-1","34.072189","134.198191"
"柿原小学校（体育館）","徳島県阿波市吉野町柿原字ヒロナカ256-1","34.097507","134.35222"
"一条小学校（体育館）","徳島県阿波市吉野町西条字岡ノ川原135","34.100568","134.386694"
"吉野コミュニティーセンター","徳島県阿波市吉野町西条字大西28","34.098205","134.372063"
"吉野中学校（体育館）","徳島県阿波市吉野町西条字大西4-1","34.098823","134.369421"
"市場コミュニティーセンター","徳島県阿波市市場町市場字上野段388","34.089999","134.284703"
"市場中学校（体育館）","徳島県阿波市市場町市場字上野段6-3","34.098441","134.286179"
"市場小学校（体育館）","徳島県阿波市市場町市場字上野段670","34.087156","134.286853"
"大俣小学校（体育館）","徳島県阿波市市場町上喜来字西原200","34.104088","134.262619"
"大俣公民館","徳島県阿波市市場町上喜来字田中602-3","34.103557","134.269141"
"八幡公民館","徳島県阿波市市場町大野島字稲荷112-1","34.090677","134.312781"
"八幡小学校（体育館）","徳島県阿波市市場町大野島字稲荷138-1","34.091103","134.311493"
"土成中学校（体育館）","徳島県阿波市土成町吉田字一本松の二42","34.114258","134.347971"
"御所小学校（体育館）","徳島県阿波市土成町宮川内字広坪89","34.119366","134.361869"
"土成小学校（体育館）","徳島県阿波市土成町成当1203","34.109055","134.325346"
"土成コミュニティーセンター","徳島県阿波市土成町土成字丸山10","34.115478","134.339695"
"国道鹿ヶ谷高台","徳島県海陽町奥浦字鹿ヶ谷12-2","33.591609","134.351946"
"遊遊ＮＡＳＡ","徳島県海陽町奥浦字鹿ヶ谷58-3","33.588271","134.35407"
"六地蔵前広場（～散策道）","徳島県海陽町奥浦字西分38-1","33.594675","134.35156"
"妙見山公園（新町側）","徳島県海陽町奥浦字町内192-1","33.594809","134.353899"
"明現神社（町内側）","徳島県海陽町奥浦字町内192-2","33.594661","134.354496"
"薬師寺（～明現神社）","徳島県海陽町奥浦字町内192-3","33.594876","134.355"
"西山墓地散策道","徳島県海陽町奥浦字脇ノ宮108-1","33.5966","134.34965"
"安養寺高台","徳島県海陽町久保字安養寺55-1","33.573572","134.2946"
"浄福寺裏山","徳島県海陽町久保字久保1-1","33.569451","134.301596"
"八幡神社（宍喰）","徳島県海陽町久保字久保1-3","33.569791","134.303259"
"ジャンボ緑風会前広場","徳島県海陽町久保字板取243-310","33.57671","134.307014"
"板取地区高台","徳島県海陽町久保字板取243-58","33.570443","134.307046"
"宍喰県民グランド駐車場（～高台）","徳島県海陽町久保字北田57-2","33.572406","134.299418"
"海南小学校","徳島県海陽町四方原字旭町50","33.606881","134.354596"
"海南保育所横避難所","徳島県海陽町四方原字広谷19","33.614673","134.358147"
"海南文化村（～高台）","徳島県海陽町四方原字広谷20","33.613797","134.358255"
"竹ヶ島高台（戎田宅裏山）","徳島県海陽町宍喰浦","33.545705","134.319298"
"県道沿高台（金目地区裏山）","徳島県海陽町宍喰浦字金目9-9","33.551901","134.309591"
"正梶地区高台","徳島県海陽町宍喰浦字古目61-3","33.559438","134.306558"
"県道沿高台（旧水床旅館前から高台）","徳島県海陽町宍喰浦字古目84-22","33.55732","134.311892"
"愛宕神社（宍喰）","徳島県海陽町宍喰浦字三反田98","33.565366","134.302229"
"宍喰津波避難タワー","徳島県海陽町宍喰浦字宍喰228-1","33.56482","134.306729"
"ホテルリビエラししくい（３階以上）","徳島県海陽町宍喰浦字松原226-1","33.568517","134.307132"
"弁天山（宍喰）","徳島県海陽町宍喰浦字正梶186","33.561682","134.305718"
"正梶避難所","徳島県海陽町宍喰浦字正梶191-1","33.56031","134.305069"
"竹ヶ島高台（民宿竹ヶ島裏山）","徳島県海陽町宍喰浦字竹ヶ島28-3","33.547761","134.31771"
"竹ヶ島高台（川野宅上高台から遊歩道）","徳島県海陽町宍喰浦字竹ヶ島32-1","33.544806","134.319835"
"竹ヶ島神社","徳島県海陽町宍喰浦字竹ヶ島34","33.544896","134.318488"
"国道沿高台（豚皇裏高台）","徳島県海陽町宍喰浦字那佐328-14","33.581778","134.315788"
"那佐高台２","徳島県海陽町宍喰浦字那佐329","33.584263","134.323131"
"那佐高台１","徳島県海陽町宍喰浦字那佐329","33.584021","134.324923"
"国道沿高台（那佐高台）","徳島県海陽町宍喰浦字那佐329-1","33.583172","134.319304"
"那佐神社","徳島県海陽町宍喰浦字那佐335","33.58361","134.326129"
"高畠地区高台","徳島県海陽町浅川","33.638016","134.356914"
"イナ地区高台","徳島県海陽町浅川字イナ19-1","33.628163","134.361661"
"取池避難所","徳島県海陽町浅川字イナ4-4","33.628914","134.362112"
"観音庵","徳島県海陽町浅川字イナ47-1","33.627199","134.361216"
"スベリ坂","徳島県海陽町浅川字ノドロ42-10","33.621521","134.364349"
"浅川東（裏山）","徳島県海陽町浅川字ノドロ6-3","33.62283","134.361999"
"粟ノ浦神社","徳島県海陽町浅川字粟浦口53-2","33.634358","134.367878"
"弁天神社（浅川）","徳島県海陽町浅川字新町30-3","33.624134","134.359542"
"東泉寺（～裏山高台）","徳島県海陽町浅川字新町30-3","33.623956","134.359816"
"まぜのおか","徳島県海陽町浅川字西福良43","33.624014","134.369314"
"まぜのおか　体育館","徳島県海陽町浅川字西福良43","33.622583","134.369399"
"江音寺（～愛宕山）","徳島県海陽町浅川字川ヨリ西169-4","33.622758","134.361355"
"愛宕山（浅川）","徳島県海陽町浅川字川ヨリ西169-4","33.623169","134.360502"
"大田地区高台","徳島県海陽町浅川字大田38-2","33.631763","134.363083"
"大田（県道浅川港線）","徳島県海陽町浅川字大田71-2","33.629963","134.363533"
"加島城趾","徳島県海陽町浅川字鍛冶屋44-2","33.634323","134.375858"
"鯖瀬","徳島県海陽町浅川字中相21-25","33.64802","134.38504"
"鯖床","徳島県海陽町浅川字天神前14-1","33.631317","134.36739"
"天神前","徳島県海陽町浅川字天神前7-3","33.632809","134.367911"
"加島（森田宅裏山）","徳島県海陽町浅川字別当7-10","33.634926","134.3729"
"柳ノ内","徳島県海陽町浅川字柳ノ内109","33.637632","134.3612"
"西法寺","徳島県海陽町多良字片山90-1","33.604446","134.345943"
"（株）丸本","徳島県海陽町大井字谷口4","33.630548","134.323976"
"五反田（ごんげんさん高台）","徳島県海陽町大里","33.617166","134.375839"
"久米山高台","徳島県海陽町大里字奥馬谷33","33.61071","134.363844"
"海部高等学校","徳島県海陽町大里字古畑58-2","33.607771","134.357809"
"五反田地区高台（さつき台前）","徳島県海陽町大里字五反田91-1","33.61516","134.372975"
"大里台高台","徳島県海陽町大里字五反田92-5","33.613476","134.371977"
"海陽中学校　体育館","徳島県海陽町大里字松原34-83","33.606568","134.363835"
"海陽中学校","徳島県海陽町大里字松原34-83","33.606408","134.363682"
"海陽町役場海南庁舎","徳島県海陽町大里字上中須128","33.601971","134.352043"
"愛宕山（大里）","徳島県海陽町大里字片山21-1","33.604022","134.350305"
"馳馬避難所","徳島県海陽町日比原","33.563117","134.285916"
"大野地区高台","徳島県海陽町日比原","33.565831","134.287738"
"海陽町日比原西避難所","徳島県海陽町日比原字日比原128","33.571065","134.288193"
"海陽町日比原氏神神社","徳島県海陽町日比原字日比原142","33.571387","134.289915"
"海陽町日比原東避難所","徳島県海陽町日比原字日比原149-1","33.57157","134.291236"
"城山山下避難所（若宮神社上）","徳島県海陽町鞆浦","33.594112","134.358823"
"鞆浦仲町避難場所","徳島県海陽町鞆浦","33.591413","134.358709"
"城山山下避難所","徳島県海陽町鞆浦","33.593459","134.358713"
"多善寺（～観音堂）","徳島県海陽町鞆浦字高倉3-2","33.592038","134.358446"
"善称寺（～観音堂）","徳島県海陽町鞆浦字高倉3-2","33.592302","134.358471"
"トワニー海部工場跡","徳島県海陽町鞆浦字高倉31-1","33.591685","134.357112"
"城山堤ノ外避難所","徳島県海陽町鞆浦字山下9-1","33.5937","134.357377"
"万照寺（愛宕山）","徳島県海陽町鞆浦字大宮29-1","33.590465","134.35981"
"法華寺（～高台）","徳島県海陽町鞆浦字東町115","33.591028","134.36179"
"東上町","徳島県海陽町鞆浦字東町147","33.590854","134.360837"
"東浜","徳島県海陽町鞆浦字東町155-3","33.591788","134.361039"
"住吉神社","徳島県海陽町鞆浦字立岩9","33.592181","134.359451"
"吉野川市役所","徳島県吉野川市鴨島町鴨島115-1","34.0662","134.358654"
"市民プラザ","徳島県吉野川市鴨島町鴨島252-1","34.070545","134.356239"
"鴨島小学校","徳島県吉野川市鴨島町鴨島564","34.073206","134.354466"
"鴨島第一中学校","徳島県吉野川市鴨島町鴨島633-2","34.075081","134.347729"
"文化研修センター","徳島県吉野川市鴨島町鴨島696-14","34.075096","134.355781"
"鴨島公民館","徳島県吉野川市鴨島町鴨島甲1","34.07491","134.350754"
"県立吉野川高校","徳島県吉野川市鴨島町喜来681-9","34.078162","134.362778"
"牛島公民館","徳島県吉野川市鴨島町牛島675-14","34.075499","134.386586"
"牛島小学校","徳島県吉野川市鴨島町牛島865-1","34.073234","134.386168"
"森山小学校","徳島県吉野川市鴨島町山路1086","34.06295","134.370333"
"岡原多目的緑地公園","徳島県吉野川市鴨島町山路1637","34.06053","134.381888"
"岡野コミュニティセンター","徳島県吉野川市鴨島町山路1656-1","34.060099","134.381175"
"岡原児童公園","徳島県吉野川市鴨島町山路1656-3","34.060334","134.381014"
"向麻山公園","徳島県吉野川市鴨島町上浦643-2","34.069827","134.38792"
"上浦小学校","徳島県吉野川市鴨島町上浦931","34.068189","134.396438"
"西麻植小学校","徳島県吉野川市鴨島町西麻植字絵馬堂85-2","34.068323","134.339298"
"西麻植会館","徳島県吉野川市鴨島町西麻植字中筋46-1","34.06468","134.344609"
"知恵島小学校","徳島県吉野川市鴨島町知恵島781","34.080036","134.350206"
"飯尾敷地コミュニティセンター","徳島県吉野川市鴨島町飯尾550-74","34.057693","134.354175"
"飯尾敷地小学校","徳島県吉野川市鴨島町飯尾7","34.06262","134.35075"
"鴨島東中学校","徳島県吉野川市鴨島町麻植塚215-3","34.069361","134.375608"
"山川地域総合センター","徳島県吉野川市山川町翁喜台117","34.052387","134.23146"
"アメニティセンター","徳島県吉野川市山川町翁喜台95-1","34.051909","134.232244"
"旧川田小学校","徳島県吉野川市山川町住吉189","34.047461","134.232549"
"山瀬小学校","徳島県吉野川市山川町諏訪266-1","34.061515","134.250257"
"旧川田西小学校","徳島県吉野川市山川町川田429-6","34.061567","134.208451"
"山川中学校","徳島県吉野川市山川町前川261","34.06093","134.233905"
"高越小学校","徳島県吉野川市山川町町93","34.045421","134.225377"
"学島小学校","徳島県吉野川市川島町学字辻76","34.05604","134.281246"
"川島小学校","徳島県吉野川市川島町桑村2193","34.056554","134.313813"
"川島こども園","徳島県吉野川市川島町桑村2421-1","34.060014","134.304346"
"川島中学校","徳島県吉野川市川島町桑村2558","34.058866","134.302508"
"吉野川市交流センター","徳島県吉野川市川島町桑村2827-70","34.060509","134.297246"
"県立川島中学・高校","徳島県吉野川市川島町桑村367-3","34.059164","134.325187"
"多目的グラウンド","徳島県吉野川市川島町桑村607-23","34.053376","134.324723"
"川島公民館","徳島県吉野川市川島町桑村860","34.060631","134.318424"
"川島公民館山田西分館","徳島県吉野川市川島町山田字芝生45-1","34.056853","134.330722"
"上桜公園","徳島県吉野川市川島町山田字湯吸142-7","34.051942","134.326341"
"川島城テニスコート","徳島県吉野川市川島町川島136-1","34.0665","134.320537"
"川島城駐車場","徳島県吉野川市川島町川島136-4","34.065357","134.320522"
"城山老人福祉センター","徳島県吉野川市川島町川島146","34.0654","134.321415"
"城山児童公園","徳島県吉野川市川島町川島189-1","34.065928","134.319722"
"旧東山小学校","徳島県吉野川市美郷字古土地155-2","34.030978","134.298039"
"中山間地域交流拠点施設（旧種野小）","徳島県吉野川市美郷字川俣47","34.03133","134.256888"
"旧美郷中学校","徳島県吉野川市美郷字川俣51","34.030847","134.256291"
"吉野川市ふるさとセンター","徳島県吉野川市美郷字中筋194-1","34.025788","134.259814"
"旧中枝小学校","徳島県吉野川市美郷字平71-2","34.017758","134.261816"
"旧美郷老人福祉センター","徳島県吉野川市美郷字毛無92-6","34.030298","134.26396"
"嵯峨老人憩いの家","徳島県佐那河内村下字下田11-1","33.988577","134.467842"
"高樋保健センター","徳島県佐那河内村下字高樋46-1","33.999644","134.47396"
"村民体育館","徳島県佐那河内村下字西ノハナ27","33.993838","134.458617"
"小・中学校体育館","徳島県佐那河内村下字中川原30","33.992379","134.454798"
"多目的地域交流施設","徳島県佐那河内村下字東内11-3","33.985042","134.462008"
"宮前公民館","徳島県佐那河内村上字幸田170-2","33.99113","134.437172"
"農業総合振興センター","徳島県佐那河内村上字中辺74-1","33.993148","134.45334"
"井川中学校　体育館","徳島県三好市井川町タクミ田100-2","34.028877","133.868511"
"井関集会所","徳島県三好市井川町井関121","34.024457","133.877946"
"荒倉集会所","徳島県三好市井川町井内西105","33.984224","133.878268"
"下影集会所","徳島県三好市井川町井内西1587","33.989423","133.874332"
"高齢者コミュニティセンター野住の家（旧井内小学校野住分校）","徳島県三好市井川町井内西2453","33.988561","133.859904"
"西ノ浦中央集会所","徳島県三好市井川町井内西3679","33.998536","133.871321"
"上西集会所","徳島県三好市井川町井内西3823","33.995437","133.868167"
"色原集会所","徳島県三好市井川町井内西4220-2","33.992933","133.870983"
"吉木集会所","徳島県三好市井川町井内西4834-1","33.999844","133.879665"
"井内地域多目的施設（旧井内小学校）","徳島県三好市井川町井内西4896","33.998623","133.879611"
"中津集会所","徳島県三好市井川町井内西4977","33.997416","133.877077"
"農産物加工開発センター","徳島県三好市井川町井内西5007-2","33.997458","133.879597"
"井川基幹集落センター","徳島県三好市井川町井内西5188-9","33.997868","133.879856"
"段地多目的集会施設","徳島県三好市井川町井内西5802","34.006992","133.876435"
"公民館安田分館","徳島県三好市井川町井内西6834-3","34.015601","133.873321"
"浪内集会所","徳島県三好市井川町井内西6879-1","34.015263","133.875523"
"三樫尾集会所","徳島県三好市井川町井内西7610","34.012336","133.865599"
"公民館桜分館","徳島県三好市井川町井内東1071","33.987129","133.893907"
"公民館宮奥分館","徳島県三好市井川町井内東13-1","33.988664","133.881989"
"馬場集会所","徳島県三好市井川町井内東22","33.990185","133.879953"
"向集会所","徳島県三好市井川町井内東2425-2","33.994578","133.878683"
"知行多目的集会施設","徳島県三好市井川町井内東254","33.984866","133.88369"
"鞍石集会所","徳島県三好市井川町井内東2620","33.996709","133.882866"
"馬路集会所","徳島県三好市井川町井内東3045-2","34.002835","133.883364"
"公民館東分館","徳島県三好市井川町井内東3318","33.99893","133.887141"
"大久保集会所","徳島県三好市井川町井内東4024","33.999756","133.890778"
"平集会所","徳島県三好市井川町井内東513","33.987222","133.885526"
"公民館吹分館","徳島県三好市井川町井内東5767","34.016232","133.883682"
"吹集会所","徳島県三好市井川町井内東6024","34.017887","133.880875"
"ふるさと交流センター","徳島県三好市井川町岡野前64","34.027956","133.87674"
"中村集会所","徳島県三好市井川町吉岡192","34.030677","133.866045"
"城集会所","徳島県三好市井川町御領田135-1","34.028904","133.876557"
"池田高校辻校　体育館","徳島県三好市井川町御領田61-1","34.028379","133.874719"
"公民館旭分館","徳島県三好市井川町才長谷37-1","34.032818","133.888824"
"公民館佃分館","徳島県三好市井川町西井川1181","34.032697","133.856032"
"女法寺公会堂","徳島県三好市井川町西井川1241-2","34.032957","133.859289"
"女法寺集会所","徳島県三好市井川町西井川1290","34.033912","133.86026"
"長尾集会所","徳島県三好市井川町西井川1656","34.026451","133.847468"
"公民館黎明分館","徳島県三好市井川町西井川208-1","34.030159","133.835095"
"西井川坊集会所","徳島県三好市井川町西井川284-1","34.029771","133.838674"
"西井川保育所","徳島県三好市井川町西井川383","34.029891","133.840367"
"老人憩いの家白寿荘","徳島県三好市井川町西井川453-3","34.028359","133.841914"
"なでしこ館","徳島県三好市井川町西井川647-1","34.030969","133.843022"
"末集会所","徳島県三好市井川町西井川70-1","34.028024","133.829624"
"西井川集会所","徳島県三好市井川町西井川734-3","34.032652","133.846428"
"西井川小学校　体育館","徳島県三好市井川町西井川734-3","34.032635","133.846161"
"出ノ上公会堂","徳島県三好市井川町西井川778-4","34.031433","133.846688"
"浜の町集会所","徳島県三好市井川町辻156","34.029449","133.880319"
"辻集会所","徳島県三好市井川町辻316-2","34.027835","133.880306"
"辻小学校　体育館","徳島県三好市井川町辻53-1","34.028048","133.878944"
"三好市井川公民館（井川支所内）","徳島県三好市井川町辻73","34.028359","133.879659"
"子安集会所","徳島県三好市井川町片山161-1","34.02996","133.884055"
"王地小学校　体育館","徳島県三好市三野町加茂野宮1393","34.051017","133.989957"
"活性化センター紅葉の郷","徳島県三好市三野町加茂野宮1803-7","34.057165","133.987294"
"加茂野宮地区集落農事集会所","徳島県三好市三野町加茂野宮812","34.049423","133.985976"
"三野公民館","徳島県三好市三野町芝生1028-3","34.042066","133.971384"
"三野老人福祉センター","徳島県三好市三野町芝生1036","34.041879","133.971091"
"芝生仲町西町集会所","徳島県三好市三野町芝生1064-1","34.041912","133.968546"
"芝生東集会所","徳島県三好市三野町芝生1099-1","34.041115","133.972859"
"芝生小学校　体育館","徳島県三好市三野町芝生1230","34.041642","133.966559"
"三野中学校　体育館","徳島県三好市三野町芝生1232","34.040928","133.966656"
"芝生西集会所","徳島県三好市三野町芝生1243-19","34.042493","133.966112"
"三野体育館","徳島県三好市三野町芝生1293-30","34.051622","133.963914"
"東部公会堂","徳島県三好市三野町芝生1298-36","34.04872","133.964974"
"芝生門所集会所","徳島県三好市三野町芝生371","34.047081","133.974838"
"芝生上地区集落農事集会所","徳島県三好市三野町芝生527","34.046616","133.970389"
"芝生中筋西集会所","徳島県三好市三野町芝生893-6","34.045098","133.969005"
"芝生中東集会所","徳島県三好市三野町芝生962","34.04416","133.970432"
"勢力会館","徳島県三好市三野町勢力3771","34.048828","133.979986"
"清水上野集会所","徳島県三好市三野町清水1490-1","34.056156","134.000045"
"清水地区農村集落多目的共同利用施設（清水集会所）","徳島県三好市三野町清水945-2","34.049622","133.996266"
"太刀野原集会所","徳島県三好市三野町太刀野1799-5","34.050347","133.937677"
"東川原集会所","徳島県三好市三野町太刀野7-2","34.043798","133.964021"
"芝生小学校太刀野分校","徳島県三好市三野町太刀野970","34.04806","133.953141"
"中屋地区農村集落多目的共同利用施設（中屋集会所）","徳島県三好市三野町太刀野山1774","34.081875","133.936687"
"井ノ久保集会所","徳島県三好市三野町太刀野山2761-2","34.091368","133.917284"
"馬瓶集会所","徳島県三好市三野町太刀野山2973","34.083986","133.914888"
"田野々集会所","徳島県三好市三野町太刀野山3415-1","34.071344","133.930173"
"太刀野山地域多目的施設体育館　（旧太刀野山小学校体育館）","徳島県三好市三野町太刀野山3796","34.07186","133.939227"
"公民館東谷分館","徳島県三好市三野町太刀野山558","34.064713","133.970614"
"花園集会所","徳島県三好市三野町太刀野山61","34.050584","133.959682"
"羽瀬集会所","徳島県三好市山城下名2039-16","33.869451","133.726026"
"下川コミュニティセンター","徳島県三好市山城町下川515-5","33.971981","133.779868"
"下名影集会所","徳島県三好市山城町下名","33.86183","133.77305"
"日浦集会所","徳島県三好市山城町下名","33.863166","133.764306"
"三名農村環境改善センター・　下名小学校体育館","徳島県三好市山城町下名1001-1","33.870977","133.772734"
"粟山地区集会所","徳島県三好市山城町栗山333-2","33.905345","133.71106"
"公民館河内分館（旧河内小学校）","徳島県三好市山城町光兼490","33.931147","133.721897"
"国政公会堂","徳島県三好市山城町国政42-1","33.953379","133.763185"
"黒川集会所","徳島県三好市山城町黒川","33.955648","133.728395"
"佐連交流館","徳島県三好市山城町佐連138","33.978712","133.698333"
"寺野集会所","徳島県三好市山城町寺野549","33.973619","133.748723"
"柴川集会所","徳島県三好市山城町柴川1018","33.977484","133.728279"
"若山集会所","徳島県三好市山城町若山513-3","33.987162","133.780743"
"重実集会所","徳島県三好市山城町重実","33.943365","133.754561"
"小川谷集会所","徳島県三好市山城町小川谷648-1","33.964585","133.701915"
"上名地域多目的施設体育館　（旧上名小学校体育館）","徳島県三好市山城町上名236-3","33.875357","133.730207"
"平中集会所","徳島県三好市山城町上名263-1","33.877668","133.729403"
"平上集会所","徳島県三好市山城町上名592-3","33.876402","133.721998"
"政友地域多目的施設体育館　（旧政友小学校　体育館）","徳島県三好市山城町政友46","33.969604","133.739092"
"恵泉館","徳島県三好市山城町政友65-2","33.972398","133.73525"
"水無集会所","徳島県三好市山城町西宇","33.884184","133.755514"
"峯集会所","徳島県三好市山城町西宇1090-1","33.915397","133.745762"
"公民館西宇分館","徳島県三好市山城町西宇1219-1","33.913057","133.757402"
"西宇地域多目的施設体育館　（旧西宇小学校　体育館）","徳島県三好市山城町西宇1226-3","33.913511","133.758209"
"相川集会所","徳島県三好市山城町相川1442","33.97865","133.744088"
"大月集会所","徳島県三好市山城町大月296-8","33.96782","133.713272"
"山城小学校　体育館","徳島県三好市山城町大川持30-2","33.966044","133.75431"
"山城支所","徳島県三好市山城町大川持518-9","33.960523","133.753133"
"山城公民館・山城中学校体育館","徳島県三好市山城町大川持544","33.96038","133.746751"
"大津集会所","徳島県三好市山城町大津","33.925669","133.760059"
"大野地域多目的施設体育館　（旧大野小学校　体育館）","徳島県三好市山城町大野519","33.965822","133.714346"
"公民館大野分館・大野体育館　（旧大野中学校体育館）","徳島県三好市山城町大野524","33.96568","133.71492"
"公民館大和分館・大和地域多目的施設体育館（旧大和小学校・体育館）","徳島県三好市山城町大和川214-1","33.990448","133.765343"
"中野集会所","徳島県三好市山城町中野","33.941872","133.738122"
"尾又集会所","徳島県三好市山城町尾又363","33.927344","133.698497"
"平野地域多目的施設体育館　（旧平野小学校体育館）","徳島県三好市山城町平野55","33.941686","133.694578"
"末貞集会所","徳島県三好市山城町末貞63","33.955807","133.75419"
"川口会館","徳島県三好市山城町末貞798-1","33.959279","133.755289"
"茂地集会所","徳島県三好市山城町茂地108-1","33.964286","133.690738"
"檪生小学校　体育館","徳島県三好市西祖谷山村一宇262-1","33.893146","133.815452"
"西祖谷支所","徳島県三好市西祖谷山村一宇343-2","33.892859","133.81714"
"三好市西祖谷老人福祉センター","徳島県三好市西祖谷山村一宇343-4","33.893113","133.816888"
"吾橋多目的集会所","徳島県三好市西祖谷山村下吾橋15-4","33.871477","133.791448"
"吾橋小学校　校舎・体育館","徳島県三好市西祖谷山村下吾橋303-2","33.866633","133.786845"
"今久保活性化センター　（かずら橋イベント広場）","徳島県三好市西祖谷山村今久保345-1","33.874216","133.832863"
"消防第１分団小祖谷詰所","徳島県三好市西祖谷山村小祖谷37-1","33.936311","133.892742"
"善徳地域多目的施設体育館　（旧善徳小学校校舎・体育館）","徳島県三好市西祖谷山村善徳362","33.882138","133.838625"
"西祖谷中学校　体育館","徳島県三好市西祖谷山村東西岡10","33.881931","133.77848"
"西祖谷多目的広場管理棟","徳島県三好市西祖谷山村東西岡8-1","33.881864","133.778662"
"公民館有瀬分館・有瀬地域多目的施設体育館（旧有瀬小学校校舎・体育館）","徳島県三好市西祖谷山村有瀬414","33.839065","133.797188"
"公民館イタノ分館","徳島県三好市池田町イタノ3328-2","34.023146","133.786187"
"池田小学校　体育館","徳島県三好市池田町ウエノ2379-4","34.03107","133.809342"
"公民館上野分館","徳島県三好市池田町ウエノ2787-8","34.030705","133.799112"
"池田高等学校　体育館","徳島県三好市池田町ウエノ2834","34.031363","133.804176"
"池田中学校　体育館","徳島県三好市池田町ウエノ2861-1","34.03151","133.808623"
"池田幼稚園","徳島県三好市池田町ウエノ2869-2","34.030856","133.808768"
"消防第５分団詰所（旧第６分団詰所）","徳島県三好市池田町サコダ166-6","34.009485","133.786953"
"三好市役所","徳島県三好市池田町サラダ1610-1","34.026039","133.807157"
"公民館東部分館","徳島県三好市池田町シマ807-1","34.027009","133.818389"
"三好市保健センター","徳島県三好市池田町シンマチ1476-1","34.026108","133.809929"
"三好市中央公民館","徳島県三好市池田町マチ2476","34.029628","133.80769"
"公民館池南分館","徳島県三好市池田町マチ2551","34.027784","133.800594"
"農村婦人の家","徳島県三好市池田町マチ2551-1","34.026864","133.798742"
"三好市池田総合体育館","徳島県三好市池田町マチ2551-1","34.028152","133.798474"
"公民館供養地分館","徳島県三好市池田町ヤマダ330","34.027068","133.824028"
"佐野地域多目的施設　（旧佐野幼稚園）","徳島県三好市池田町佐野金氏942","34.001959","133.703213"
"境谷構造改善センター","徳島県三好市池田町佐野南大境1152-1","33.993865","133.68182"
"公民館佐野分館","徳島県三好市池田町佐野福田井1883-2","34.002197","133.704802"
"梅ノ谷多目的集会施設","徳島県三好市池田町漆川下川原134-1","33.990451","133.810156"
"黒沢活性化センター","徳島県三好市池田町漆川黒沢４８１５－７地先","33.977509","133.832917"
"漆川地域多目的施設体育館　（旧漆川小学校体育館）","徳島県三好市池田町漆川小林1900","33.991774","133.822967"
"公民館漆川分館","徳島県三好市池田町漆川坊岡837","33.994112","133.828651"
"箸蔵小学校　体育館","徳島県三好市池田町州津井関1208","34.036842","133.837159"
"池田高校三好校　体育館","徳島県三好市池田町州津大深田720","34.037853","133.848862"
"西山構造改善センター","徳島県三好市池田町西山久保3948","34.039668","133.801587"
"入体集会所","徳島県三好市池田町西山宮ノ東2403","34.045857","133.823996"
"公民館西山分館","徳島県三好市池田町西山宮ノ北3698","34.044137","133.804877"
"入体構造改善センター","徳島県三好市池田町西山古野2367","34.04509","133.821165"
"西山浜教育集会所","徳島県三好市池田町西山西川見507-1","34.034515","133.80008"
"公民館下野呂内分館","徳島県三好市池田町西山中塚1093","34.060682","133.796463"
"峰ノ久保集会所","徳島県三好市池田町西山峰ノ久保2963-1","34.039884","133.821005"
"北嶺活性化センター","徳島県三好市池田町西山落1680","34.049128","133.828796"
"川崎幼稚園・小学校体育館","徳島県三好市池田町川崎浪会31","33.968243","133.774116"
"公民館出合分館","徳島県三好市池田町大利大西6","33.959392","133.798594"
"三縄小学校　体育館・校舎","徳島県三好市池田町中西イバ508-1","33.99623","133.7917"
"三縄公民館地区館","徳島県三好市池田町中西フルトノ984-2","34.002906","133.791518"
"公民館馬路分館","徳島県三好市池田町馬路安長47-1","34.012093","133.747497"
"馬路構造改善センター","徳島県三好市池田町馬路蔭ノ前54","34.014526","133.75604"
"馬路小学校　体育館","徳島県三好市池田町馬路字立石33-1","34.010015","133.735595"
"日ノ出堂面集会所","徳島県三好市池田町馬路土居72","34.013364","133.751361"
"公民館馬場分館","徳島県三好市池田町白地ウマバ458","34.036727","133.782647"
"野呂内構造改善センター","徳島県三好市池田町白地ノロウチ247-1","34.057914","133.765602"
"井ノ久保集会所","徳島県三好市池田町白地井ノ久保1651","34.019115","133.764211"
"井ノ久保コミュニティセンター","徳島県三好市池田町白地井ノ久保556-2","34.017616","133.774518"
"井ノ久保活性化センター","徳島県三好市池田町白地井ノ久保966-1","34.017418","133.766733"
"旧池田第一中学校　体育館","徳島県三好市池田町白地字本名888","34.013398","133.781137"
"白地公民館地区館","徳島県三好市池田町白地本名153-1","34.017124","133.781766"
"白地小学校　体育館","徳島県三好市池田町白地本名57","34.016906","133.782817"
"東祖谷小中学校　体育館","徳島県三好市東祖谷下瀬12-1","33.875284","133.921066"
"祖谷の歴史館　伝習ホール","徳島県三好市東祖谷京上14-3","33.868207","133.906393"
"高野地区多目的集会所","徳島県三好市東祖谷高野24-124-2","33.887651","133.863387"
"佐野地区多目的集会所","徳島県三好市東祖谷小島104","33.89136","133.881795"
"栃之瀬地域多目的施設　（旧栃之瀬小学校　校舎・体育館）","徳島県三好市東祖谷新居屋73","33.855176","133.893038"
"菅生地区集会所","徳島県三好市東祖谷菅生162-1","33.873307","133.987856"
"いやしの温泉郷","徳島県三好市東祖谷菅生28-1","33.868788","133.978707"
"名頃集会所","徳島県三好市東祖谷菅生640-2","33.855038","134.020576"
"名頃地域多目的施設　（旧名頃小学校　校舎）","徳島県三好市東祖谷菅生640-8","33.854885","134.019763"
"落合地域多目的施設　（旧落合小学校　体育館）","徳島県三好市東祖谷落合403","33.878072","133.938317"
"落合公民館","徳島県三好市東祖谷落合86-2","33.880269","133.933145"
"和田避難所　（旧ふるさと就労施設和田工場）","徳島県三好市東祖谷和田1-1","33.871704","133.870986"
"府甲部集会所","徳島県三好市白地","34.00434","133.76966"
"小松島西高校勝浦校","徳島県勝浦町大字久国字屋原1","33.931854","134.513371"
"勝浦町住民福祉センター２階以上","徳島県勝浦町大字久国字久保田3-1","33.931183","134.51099"
"勝浦中学校","徳島県勝浦町大字久国字久保田45-1","33.933607","134.510875"
"勝浦中学校体育館","徳島県勝浦町大字久国字久保田45-1","33.933312","134.510063"
"久国集会所","徳島県勝浦町大字久国字松ノ本17","33.930708","134.510771"
"坂本集会所","徳島県勝浦町大字坂本字宮平1-1","33.936034","134.451934"
"坂本八幡神社","徳島県勝浦町大字坂本字宮平2","33.936087","134.451635"
"三崎集会所","徳島県勝浦町大字坂本字川南9","33.933887","134.460551"
"東とくしま農業協同組合勝浦支所","徳島県勝浦町大字三渓字下川原19-1","33.929862","134.496915"
"与川内集会所","徳島県勝浦町大字三渓字宮平101","33.938823","134.476797"
"勝浦町民体育館","徳島県勝浦町大字三渓字古川1-1","33.932894","134.486032"
"勝浦町農村環境改善センター１階多目的ホール","徳島県勝浦町大字三渓字古川3-2","33.933024","134.486507"
"中山集会所","徳島県勝浦町大字三渓字三月田3-1","33.933669","134.497847"
"市の江集会所","徳島県勝浦町大字三渓字小川142-1","33.932242","134.484696"
"妙音寺","徳島県勝浦町大字三渓字上羽瀬39","33.939463","134.501373"
"横瀬小学校体育館","徳島県勝浦町大字三渓字上川原13-2","33.930401","134.494408"
"横瀬小学校","徳島県勝浦町大字三渓字上川原13-2","33.930459","134.493823"
"横瀬集会所","徳島県勝浦町大字三渓字中村164-1","33.929058","134.494625"
"徳島医療福祉専門学校体育館","徳島県勝浦町大字三渓字平128-1","33.934666","134.499351"
"沼江コミュニティセンター","徳島県勝浦町大字沼江字一楽36-2","33.948322","134.557889"
"勝浦町子育て交流支援センター","徳島県勝浦町大字沼江字一楽39","33.948703","134.557804"
"胎蔵寺","徳島県勝浦町大字沼江字一楽40","33.948585","134.558256"
"教育集会所","徳島県勝浦町大字沼江字猿滝58-1","33.941803","134.52872"
"今山ふれあい交流館","徳島県勝浦町大字沼江字高開44-1","33.948083","134.542253"
"慈林寺","徳島県勝浦町大字沼江字山路184","33.949516","134.543039"
"今宮神社","徳島県勝浦町大字沼江字山路191","33.950409","134.545184"
"善入寺","徳島県勝浦町大字沼江字寺ノ岡5","33.94363","134.550561"
"石原集会所","徳島県勝浦町大字沼江字神谷126","33.954162","134.559339"
"山西集会所","徳島県勝浦町大字沼江字西岡21-3","33.943465","134.542694"
"かつうら国土と未来振興協会事務所２階以上","徳島県勝浦町大字沼江字西岡29","33.943587","134.542341"
"掛谷集会所","徳島県勝浦町大字沼江字田中59","33.948541","134.554409"
"神宮寺","徳島県勝浦町大字星谷字宮原50-1","33.939229","134.521246"
"星谷集会所","徳島県勝浦町大字星谷字宮原57-2","33.937928","134.522081"
"大宮神社","徳島県勝浦町大字星谷字宮原66","33.939331","134.521787"
"星谷運動公園","徳島県勝浦町大字星谷字石田19-1","33.936562","134.524807"
"生名集会所（東林庵）","徳島県勝浦町大字生名字屋敷73-2","33.93018","134.51977"
"道の駅ひなの里かつうら","徳島県勝浦町大字生名字月ノ瀬4-1","33.932127","134.523093"
"生名センター（観正寺）","徳島県勝浦町大字生名字平野28","33.926986","134.51299"
"生名コミュニティセンター","徳島県勝浦町大字生名字北1-3","33.929291","134.51807"
"立川集会所","徳島県勝浦町大字棚野字口立川4-1","33.921826","134.483953"
"棚野集会所","徳島県勝浦町大字棚野字西久保19-5","33.93113","134.500243"
"円城寺","徳島県勝浦町大字棚野字畑田15","33.929649","134.50282"
"中角集会所","徳島県勝浦町大字中角字研谷31","33.934853","134.530377"
"生比奈小学校体育館","徳島県勝浦町大字中角字豊田1-1","33.940528","134.534832"
"生比奈小学校","徳島県勝浦町大字中角字豊田1-1","33.940218","134.535104"
"玉の木・五十田公会堂","徳島県勝浦町中角字玉の木11","33.939942","134.531197"
"小松島市総合福祉センター","徳島県小松島市横須町11-7","34.001198","134.593864"
"コミュニティ金磯会館","徳島県小松島市金磯町7-1","33.994797","134.603974"
"櫛渕小学校","徳島県小松島市櫛渕町字北佃45","33.953958","134.584513"
"勝浦川橋南詰高台","徳島県小松島市江田町字大江田12-5","34.013775","134.561493"
"碩心館病院駐車場周辺","徳島県小松島市江田町字大江田44-1","34.014325","134.563698"
"勝浦川橋北詰高台","徳島県小松島市江田町字敷地前76-16","34.018231","134.558103"
"坂野小学校","徳島県小松島市坂野町字根上り6-1","33.981692","134.632723"
"目佐厚生福祉解放センター","徳島県小松島市坂野町字目佐101","33.967106","134.63374"
"芝田多目的研修センター","徳島県小松島市芝生町字西居屋敷107-3","33.995236","134.58015"
"徳島赤十字病院（西棟３階屋上、５階屋上）","徳島県小松島市小松島町字井利ノ口103","34.012441","134.582806"
"南小松島小学校","徳島県小松島市小松島町字高須36","34.005051","134.585925"
"スーパーホテル徳島・小松島天然温泉","徳島県小松島市小松島町字若井崎10-6","34.013399","134.579478"
"生涯学習センター・市立図書館","徳島県小松島市小松島町字新港29-11","34.01137","134.58699"
"保健センター・サウンドハウスホール","徳島県小松島市小松島町字新港9-10","34.01013","134.588574"
"中央会館","徳島県小松島市松島町5-6","34.008653","134.58523"
"小松島小学校","徳島県小松島市神田瀬町2-63","34.009935","134.58113"
"コミュニティセンター新開会館","徳島県小松島市赤石町6-60","33.982423","134.614251"
"中村公会堂周辺","徳島県小松島市大林町字中村91-1","33.967692","134.615211"
"新開小学校","徳島県小松島市大林町字中津37","33.978385","134.617434"
"小松島厚生福祉解放センター","徳島県小松島市中郷町字加藤18-1","34.007869","134.571698"
"泰地総合センター","徳島県小松島市中郷町字桜馬場103-1","34.013065","134.573894"
"千代小学校","徳島県小松島市中田町字奥林29","34.015334","134.574943"
"小松島西高等学校","徳島県小松島市中田町字原ノ下28-1","34.015202","134.577223"
"みなと高等学園","徳島県小松島市中田町字新開28-1","34.015099","134.583242"
"北小松島小学校","徳島県小松島市中田町字浜田33","34.015786","134.587142"
"児安小学校","徳島県小松島市田浦町字近里27","34.001662","134.565079"
"春日霊苑付近","徳島県小松島市田野町","33.977625","134.591552"
"東山ノ神（バイパストンネル上）周辺","徳島県小松島市田野町","33.980965","134.59761"
"天理教勝島分教会境内周辺","徳島県小松島市田野町字仮家107-2","33.980679","134.586427"
"小松島市葬斎場","徳島県小松島市田野町字赤石北64-1","33.991333","134.593464"
"芝田小学校","徳島県小松島市田野町字中須45","33.984629","134.583581"
"（旧）勤労青少年ホーム","徳島県小松島市南小松島町1-16","34.005746","134.591208"
"小松島高等学校","徳島県小松島市日開野町字高須47-1","34.004438","134.586286"
"小松島中学校","徳島県小松島市日開野町字弥三次3-1","34.002144","134.576882"
"立江公民館","徳島県小松島市立江町字松本30","33.968046","134.603577"
"立江小学校","徳島県小松島市立江町字松本34-3","33.968281","134.603625"
"小松島南中学校","徳島県小松島市立江町字赤石78-2","33.978708","134.606436"
"しらさぎ浄園","徳島県小松島市立江町字大田ノ浦67-1","33.976999","134.598628"
"ＪＡ東とくしまみはらしの丘　あいさい広場駐車場","徳島県小松島市立江町字炭屋ヶ谷47-3","33.976405","134.601688"
"徳島小松島港赤石地区津波避難タワー","徳島県小松島市和田津開町字北401","33.991806","134.620306"
"小松島ニュータウン地区津波避難施設　希望の丘","徳島県小松島市和田島町","33.99246","134.639762"
"和田島小学校","徳島県小松島市和田島町字山のはな8","33.996141","134.640796"
"海上自衛隊小松島航空基地　体育館","徳島県小松島市和田島町字洲端4-3","34.005338","134.62979"
"和田島公民館","徳島県小松島市和田島町字明神北129","33.997021","134.640356"
"国道１１号線　新広島橋付近歩道・広島ランプ付近歩道","徳島県松茂町広島","34.136692","134.575025"
"ホテルソラエ　（２階以上の階段）","徳島県松茂町広島字宮ノ前26-1","34.133525","134.573326"
"春叢園　（洪水・高潮時（３階））　（津波時（屋上））","徳島県松茂町広島字鍬ノ先23-1","34.137668","134.584518"
"松茂町保健相談センター　（洪水・高潮時（２階））　（津波時（２階、屋上））","徳島県松茂町広島字三番越2-2","34.136295","134.580821"
"松茂町老人福祉センター　（洪水・高潮時（２階））　（津波時（２階））","徳島県松茂町広島字三番越2-2","34.136462","134.581199"
"松茂町地域子育て支援センター　（洪水・高潮時（２階））　（津波時（２階））","徳島県松茂町広島字三番越2-4","34.136001","134.580764"
"松茂町議会棟（２階以上）","徳島県松茂町広島字東裏30","34.133855","134.58033"
"松茂町総合会館　（洪水・高潮時（２、３、４階））　（津波時（２、３、４階））","徳島県松茂町広島字東裏30","34.133915","134.580231"
"津波防災センター・中央庁舎（洪水・高潮時（４階））（津波時（４階、屋上））","徳島県松茂町広島字東裏30","34.133764","134.580563"
"株式会社ハレルヤ本社工場　（３階）","徳島県松茂町広島字北川向四ノ越30","34.140609","134.580575"
"三洋電機株式会社松茂寮　（２階以上の階段、通路）","徳島県松茂町笹木野字山下31-1","34.12632","134.595646"
"特別養護老人ホーム和光園　（洪水・高潮時（２階））　（津波時（２階））","徳島県松茂町笹木野字山東49-1","34.124413","134.595332"
"自衛隊笹木野宿舎　（２階以上の階段）","徳島県松茂町笹木野字八山開拓123","34.127829","134.589847"
"町営笹木野団地　（２階以上の階段）","徳島県松茂町笹木野字八山開拓143","34.128274","134.588405"
"松茂中学校　（洪水・高潮時（２、３階））　（津波時（２、３階、屋上））","徳島県松茂町笹木野字八山開拓186","34.129443","134.589942"
"自衛隊松茂宿舎　（２階以上の階段）","徳島県松茂町笹木野字八山開拓194-1","34.12835","134.590554"
"自衛隊八山宿舎　（２階以上の階段、通路）","徳島県松茂町笹木野字八山開拓205-2","34.127596","134.59139"
"職員公舎笹木野　（２階以上の階段）","徳島県松茂町笹木野字八山開拓6-1","34.125474","134.5929"
"エスチュアリ－６４　（２階以上の階段、通路）","徳島県松茂町笹木野字八上63","34.131405","134.580608"
"町営福有団地　（２階以上の階段）","徳島県松茂町笹木野字八北開拓1-159","34.143215","134.594129"
"ビジネスホテルポケット　（２階以上の階段、通路）","徳島県松茂町笹木野字八北開拓207-1","34.139243","134.590804"
"吉野川育成園　（洪水・高潮時（３階））　（津波時（３階の通路、屋上））","徳島県松茂町笹木野字八北開拓236-1","34.141901","134.59459"
"なごみ　（洪水・高潮時（２階））　（津波時（２階））","徳島県松茂町笹木野字八北開拓329-1","34.140933","134.594844"
"冨士ファニチア株式会社ショールーム　（洪水・高潮時（２、３階））　（津波時（２、３階））","徳島県松茂町笹木野字八北開拓412","34.139926","134.596159"
"自衛隊住吉宿舎　（２階以上の階段、通路）","徳島県松茂町住吉字住吉開拓110-1","34.128882","134.596821"
"松茂小学校　（洪水・高潮時（２、３、４階））　（津波時（２、３、４階、屋上））","徳島県松茂町住吉字住吉開拓187","34.131674","134.590144"
"海上自衛隊　（３階）","徳島県松茂町住吉字住吉開拓38","34.130397","134.59792"
"コーポラスコクフ　（２階以上の階段、通路）","徳島県松茂町住吉字住吉開拓478","34.13151","134.588701"
"エス・プワール　（２階以上の階段）","徳島県松茂町住吉字住吉開拓91-1","34.130028","134.590744"
"主要地方道徳島空港線　空港大橋歩道・空港インター大橋歩道","徳島県松茂町中喜来","34.142271","134.583056"
"パールメゾン松茂　（２階以上の階段、通路）","徳島県松茂町中喜来字稲本211-1","34.145798","134.593844"
"ホテルルートイン徳島空港－松茂スマートインター－（２階以上の階段、廊下、屋上）","徳島県松茂町中喜来字宮前四番越13-1","34.144252","134.580012"
"ほのぼのホスピタル　（４階）","徳島県松茂町中喜来字群恵216-1","34.141901","134.586751"
"松茂町総合体育館　（洪水・高潮時（観覧席、アリーナ１階））　（津波時（２階））","徳島県松茂町中喜来字群恵225-3","34.142108","134.588386"
"松茂町第二体育館　（観覧席、アリーナ、ステージ１階）","徳島県松茂町中喜来字群恵312-5","34.142713","134.58893"
"グラン・ドムール松茂　（２階以上の階段、通路）","徳島県松茂町中喜来字群恵番外46-1","34.139523","134.58899"
"喜来小学校　（洪水・高潮時（２、３階））　（津波時（２、３階、屋上））","徳島県松茂町中喜来字前原西一番越14","34.142256","134.574093"
"町営中喜来団地　（２階以上の階段）","徳島県松茂町中喜来字前原西五番越1","34.140988","134.577088"
"県営住宅松茂西団地　（２階以上の階段）","徳島県松茂町中喜来字蔵野1","34.146034","134.582133"
"中喜来地区津波避難タワー","徳島県松茂町中喜来字南渕16-19","34.150506","134.573131"
"エグゼ松茂　（２階以上の階段、通路）","徳島県松茂町中喜来字福有開拓193-10","34.14232","134.601176"
"松茂ＰＡ","徳島県松茂町長岸","34.143821","134.564302"
"松茂パーキングエリア","徳島県松茂町長岸","34.143903","134.565214"
"松茂ＰＡ","徳島県松茂町長岸","34.143807","134.564357"
"長岸津波避難場所　（四国横断自動車道の盛土斜面）","徳島県松茂町長岸727-27","34.148836","134.563549"
"ＪＡ大津・松茂長岸梨選果場（２階）","徳島県松茂町長岸87","34.145732","134.569406"
"町営長原団地　（３階共用部分）","徳島県松茂町長原467","34.1146","134.601664"
"長原小学校　（２階）","徳島県松茂町長原530","34.117636","134.602774"
"長原地区津波避難タワー","徳島県松茂町長原字月見岡225-1","34.10865","134.601069"
"松茂町津波防災センター　（洪水・高潮時（２、３階））　（津波時（２、３階、屋上））","徳島県松茂町豊岡字芦田鶴105-9","34.11714","134.59905"
"徳島阿波おどり空港　（３階搭乗待合室）","徳島県松茂町豊久字朝日野16-2","34.134465","134.618026"
"徳島県運転免許センター　（洪水・高潮時（３階ロビー））　（津波時（３階展望デッキ、ロビー））","徳島県松茂町満穂字満穂開拓1-1","34.138594","134.594746"
"ロジェ・空港通り　（２階以上の階段、通路）","徳島県松茂町満穂字満穂開拓15-1","34.141133","134.598534"
"県営住宅松茂団地　（２階以上の階段）","徳島県松茂町満穂字満穂開拓20","34.139009","134.597203"
"県営住宅松茂東団地　（２階以上の階段）","徳島県松茂町満穂字満穂開拓55","34.138238","134.598915"
"フクポンファミリーマンション　（２階以上の階段、通路）","徳島県松茂町満穂字満穂開拓61-1","34.139733","134.600616"
"上勝町基幹集落センター","徳島県上勝町大字旭字蔭66","33.878588","134.389491"
"高鉾公民館","徳島県上勝町大字正木字中津66","33.920804","134.428041"
"上勝町コミュニティーセンター","徳島県上勝町大字福原字下横峯3-1","33.888488","134.401935"
"福原ふれあいセンター","徳島県上勝町大字福原字平間45-2","33.884952","134.416585"
"傍示定住センター（体育館含む）","徳島県上勝町大字傍示字下地65-1","33.915537","134.419495"
"老人保健施設健祥会ハート","徳島県上板町下六條字中西50-1","34.111277","134.434014"
"高志小学校（体育館）","徳島県上板町高瀬字天目一1108","34.103766","134.418362"
"藍里病院　グラウンド及び福祉地区","徳島県上板町佐藤塚","34.115304","134.454881"
"藍里病院　グラウンド及び福祉地区","徳島県上板町佐藤塚字東288-3","34.115519","134.453887"
"藍里病院","徳島県上板町佐藤塚字東288-3","34.11517","134.454047"
"上板町農村環境改善センター","徳島県上板町七條字経塚42","34.121425","134.405802"
"上板町役場","徳島県上板町七條字経塚42","34.121359","134.404997"
"上板町ファミリースポーツ公園","徳島県上板町七條字天王7","34.121458","134.412588"
"神宅小学校（体育館）","徳島県上板町神宅字喜来135","34.134138","134.415112"
"上板中学校（体育館）","徳島県上板町神宅字西金屋44","34.125594","134.41026"
"上板町文化センター","徳島県上板町神宅字青木10-1","34.13102","134.420552"
"上板町馬道会館","徳島県上板町西分字原渕18-2","34.120643","134.426861"
"上板町文化センター第１分館","徳島県上板町西分字滝ノ宮西26-1","34.13077","134.422414"
"東光小学校（体育館）","徳島県上板町西分字東光8","34.117408","134.428413"
"松島小学校（体育館）","徳島県上板町鍛冶屋原字北原20","34.120542","134.39847"
"広野支所","徳島県神山町阿野字五反地295-1","34.026774","134.401392"
"広野小学校体育館","徳島県神山町阿野字広野22","34.029332","134.403539"
"広野小学校","徳島県神山町阿野字広野22","34.030079","134.403796"
"広野小学校運動場","徳島県神山町阿野字広野22","34.030087","134.404138"
"旧広野小学校体育館","徳島県神山町阿野字広野42","34.028861","134.403748"
"旧広野小学校","徳島県神山町阿野字広野42","34.028768","134.40348"
"旧阿川小学校","徳島県神山町阿野字地ノ平132-2","34.005801","134.355776"
"阿川公民館","徳島県神山町阿野字地ノ平138-1","34.005325","134.355605"
"下分公民館","徳島県神山町下分字今井125-3","33.96002","134.31104"
"旧下分小学校運動場","徳島県神山町下分字西寺28","33.96164","134.312262"
"旧鬼籠野小学校一ノ坂分校","徳島県神山町鬼籠野字一ノ坂514","34.00632","134.421867"
"鬼籠野生活改善センター","徳島県神山町鬼籠野字川東118-1","33.98891","134.395273"
"鬼籠野公民館","徳島県神山町鬼籠野字川東118-1","33.988933","134.395253"
"旧鬼籠野小学校体育館","徳島県神山町鬼籠野字川東119","33.989115","134.39543"
"旧鬼籠野小学校運動場","徳島県神山町鬼籠野字川東119","33.98911","134.395902"
"旧鬼籠野幼稚園","徳島県神山町鬼籠野字川東119","33.989426","134.395621"
"上分公民館","徳島県神山町上分字川又西13","33.958795","134.279431"
"神山まるごと高等専門学校体育館","徳島県神山町神領字西上角175-1","33.972611","134.363056"
"神山中学校体育館","徳島県神山町神領字大埜地393-5","33.970311","134.359716"
"神山中学校","徳島県神山町神領字大埜地396","33.969532","134.359622"
"神山中学校運動場","徳島県神山町神領字大埜地396","33.969408","134.359181"
"旧神領幼稚園","徳島県神山町神領字大埜地408-3","33.969608","134.35822"
"神領小学校体育館","徳島県神山町神領字大埜地411-1","33.969214","134.357221"
"神領小学校","徳島県神山町神領字大埜地411-1","33.969488","134.357678"
"城西高校神山校","徳島県神山町神領字北399","33.968829","134.342895"
"城西高校神山校武道場","徳島県神山町神領字北399","33.969132","134.342926"
"城西高校神山校体育館","徳島県神山町神領字北399","33.969024","134.342496"
"神山町役場","徳島県神山町神領字本野間100","33.967257","134.350472"
"浦庄小学校","徳島県石井町浦庄字下浦475-1","34.066485","134.416446"
"公民館浦庄分館","徳島県石井町浦庄字下浦602-1","34.067034","134.419965"
"下浦東農業構造改善センター","徳島県石井町浦庄字下浦915","34.062783","134.421195"
"高浦中学校","徳島県石井町浦庄字国実100","34.076689","134.420782"
"石井町消防団浦庄分団第２部詰所","徳島県石井町浦庄字上浦649-1","34.066186","134.405273"
"石井町上南集会所","徳島県石井町浦庄字上浦662-7","34.065927","134.404514"
"石井町消防団浦庄分団第３部詰所","徳島県石井町浦庄字諏訪943-8","34.073271","134.409688"
"石井町消防団浦庄分団第１部詰所","徳島県石井町浦庄字大万122-8","34.07602","134.428343"
"大万農業構造改善センター","徳島県石井町浦庄字大万137-1","34.075838","134.428625"
"関農業構造改善センター","徳島県石井町高原字関357-1","34.080648","134.403604"
"公民館高原分館","徳島県石井町高原字東高原223-1","34.084045","134.421774"
"高原小学校","徳島県石井町高原字東高原250-1","34.083516","134.421202"
"石井町消防団高川原分団第３部詰所","徳島県石井町高川原","34.078996","134.435293"
"加茂野農業構造改善センター","徳島県石井町高川原字加茂野145","34.085674","134.456922"
"高川原小学校","徳島県石井町高川原字高川原1167","34.0774","134.448272"
"石井中学校","徳島県石井町高川原字高川原125-1","34.074447","134.439662"
"公民館高川原分館","徳島県石井町高川原字高川原1276","34.076715","134.449379"
"飯尾川公園","徳島県石井町高川原字高川原2115-3","34.084825","134.445555"
"高川原福祉会館・公会堂","徳島県石井町高川原字高川原666-1","34.073627","134.445393"
"南島農業構造改善センター","徳島県石井町高川原字南島627","34.080413","134.429645"
"重松農業構造改善センター","徳島県石井町石井字重松235-4","34.071966","134.433802"
"前山公園","徳島県石井町石井字城ノ内923","34.057751","134.434253"
"前山公園屋内運動場（体育館）","徳島県石井町石井字城ノ内923","34.057845","134.435199"
"石井小学校","徳島県石井町石井字石井1184-1","34.065726","134.443995"
"徳島県立農林水産総合技術支援センター","徳島県石井町石井字石井1660","34.062421","134.440377"
"名西高校","徳島県石井町石井字石井21-11","34.072634","134.44061"
"石井町消防団石井分団第６部詰所","徳島県石井町石井字石井2480-3","34.066914","134.454625"
"石井町地域防災交流センター","徳島県石井町石井字石井365-1","34.071102","134.44658"
"石井町保健センター","徳島県石井町石井字石井380-11","34.070081","134.445352"
"公民館石井分館","徳島県石井町石井字石井431-1","34.069003","134.443367"
"石井町中央公民館","徳島県石井町石井字石井480-1","34.067932","134.446524"
"石井町消防団石井分団第２部詰所","徳島県石井町石井字石井958-12","34.065174","134.448976"
"尼寺教育センター","徳島県石井町石井字尼寺53-1","34.068937","134.467441"
"石井町消防団石井分団第７部詰所","徳島県石井町石井字白鳥553","34.06769","134.459098"
"石井町防災センター（三郎広場）","徳島県石井町藍畑","34.091415","134.41482"
"石井町高畑西集会所","徳島県石井町藍畑字高畑1155-1","34.093565","134.437994"
"石井町消防団藍畑分団第５部詰所","徳島県石井町藍畑字高畑1852-1","34.098319","134.4477"
"高畑東農業構造改善センター","徳島県石井町藍畑字高畑436-5","34.092681","134.447215"
"石井町消防団藍畑分団第３部詰所","徳島県石井町藍畑字西覚円1392-3","34.095901","134.42839"
"石井町消防団藍畑分団第６部詰所","徳島県石井町藍畑字西覚円996-1","34.094191","134.419734"
"石井町消防団藍畑分団第４部詰所","徳島県石井町藍畑字第十123-1","34.104331","134.456564"
"石井町消防団藍畑分団第７部詰所","徳島県石井町藍畑字東覚円483-2","34.095855","134.436374"
"藍畑小学校","徳島県石井町藍畑字東覚円670","34.097734","134.440428"
"公民館藍畑分館","徳島県石井町藍畑字東覚円671-1","34.098295","134.439464"
"石井町竜王集会所","徳島県石井町藍畑字竜王52-9","34.093084","134.451802"
"加茂小学校・グラウンド・体育館","徳島県東みよし町加茂2688","34.036145","133.923546"
"三加茂公民館（東みよし町役場）","徳島県東みよし町加茂3360","34.036753","133.936844"
"ぶぶるパークみかも","徳島県東みよし町西庄字横手1","34.044138","133.941562"
"三加茂中学校・グラウンド","徳島県東みよし町西庄字横手51","34.042159","133.937797"
"東みよし町農業者トレーニングセンター","徳島県東みよし町西庄字横手9-2","34.043274","133.938677"
"町立体育館","徳島県東みよし町西庄字横手9-2","34.043496","133.938097"
"吉野川ハイウェイオアシス","徳島県東みよし町足代1650","34.036686","133.891575"
"足代小学校・グラウンド・体育館","徳島県東みよし町足代2708","34.043261","133.902267"
"三好総合運動公園","徳島県東みよし町足代3936-1","34.047534","133.893063"
"三庄小学校・グラウンド・体育館","徳島県東みよし町中庄1130-1","34.038399","133.94729"
"昼間小学校・グラウンド・体育館","徳島県東みよし町昼間1637","34.04163","133.876135"
"ふれアリーナみよし","徳島県東みよし町昼間1734","34.039059","133.876083"
"三好中学校・グラウンド","徳島県東みよし町昼間1893","34.038887","133.875368"
"小川谷運動公園","徳島県東みよし町昼間2597","34.037961","133.858738"
"東みよし町役場三好庁舎","徳島県東みよし町昼間3673-1","34.042767","133.867158"
"東みよし町中央公民館（老人福祉センター）","徳島県東みよし町昼間3697-1","34.04314","133.865444"
"イーストハイム３～４階　共用廊下","徳島県徳島市かちどき橋3-18-3","34.060103","134.554951"
"ローレルハイツかちどき３階　共用廊下・階段","徳島県徳島市かちどき橋4-1","34.060006","134.554608"
"阿波しらさぎ大橋　川内側【避難場所】歩道部分","徳島県徳島市─","34.089144","134.584703"
"阿波しらさぎ大橋　渭東側【避難場所】歩道部分","徳島県徳島市─","34.079043","134.579177"
"サンハイム朝田２～３階　共用廊下・階段","徳島県徳島市安宅1-10-27","34.069177","134.573057"
"コーポ安宅２～４階　共用廊下・階段","徳島県徳島市安宅1-7-3","34.069647","134.571053"
"ライブコープＡＴＡＫＥ３～５階　共用廊下、屋上","徳島県徳島市安宅1-8-38","34.07034","134.571647"
"由希マンション２～４階　共用廊下・階段","徳島県徳島市安宅2-2-22","34.071331","134.574435"
"城東マンション２～４階　共用廊下・階段","徳島県徳島市安宅2-5-5","34.069324","134.575291"
"城東中学校　南校舎２～３階　廊下・各教室","徳島県徳島市安宅3-2-76","34.069094","134.577672"
"城東中学校　中校舎２～４階　廊下・各教室","徳島県徳島市安宅3-2-76","34.0694","134.577719"
"城東中学校　屋内運動場２階　ホール・アリーナ・屋外スペース","徳島県徳島市安宅3-2-76","34.069658","134.577951"
"城東中学校　北校舎２～４階　廊下・各教室","徳島県徳島市安宅3-2-76","34.069887","134.577446"
"八幡神社【避難場所】境内","徳島県徳島市伊賀町1-17","34.065827","134.544108"
"徳島平成病院３階　食堂・デイルーム","徳島県徳島市伊賀町3-19-2","34.063541","134.544113"
"光仙寺【避難場所】境内","徳島県徳島市伊賀町4-17","34.061784","134.543786"
"笹乃庄３～５階　階段","徳島県徳島市伊月町3-23","34.062846","134.55014"
"アーバンハイム東３～８階　共用廊下・階段","徳島県徳島市伊月町4-30","34.061861","134.549824"
"モルシェラ壱番館３～８階　共用廊下・階段","徳島県徳島市伊月町4-31","34.062041","134.549795"
"コーポハッピ－２～３階　共用廊下・階段","徳島県徳島市伊月町4-6-7","34.06116","134.550472"
"アパホテル徳島駅前３～１０階　共用廊下・階段、屋上","徳島県徳島市一番町2-21","34.072558","134.552379"
"エクセル２５　２～４階　共用廊下、階段","徳島県徳島市栄町4-29","34.061266","134.54845"
"四国建設コンサルタント株式会社　徳島本社　２階～５階外階段・踊り場、６階踊り場","徳島県徳島市応神町応神産業団地3-1","34.123772","134.524475"
"吉成跨線橋【避難場所】歩道部分","徳島県徳島市応神町吉成","34.115767","134.531054"
"応神小学校　南館２階　廊下・各教室","徳島県徳島市応神町吉成字西吉成91-1","34.114853","134.526898"
"応神小学校　本館２～３階　廊下・各教室","徳島県徳島市応神町吉成字西吉成91-1","34.115093","134.526882"
"学校法人　生光学園　学生寮Ｃ棟３～４階　共用廊下","徳島県徳島市応神町吉成字前須29","34.10945","134.532264"
"学校法人　生光学園　学生寮Ａ棟３～４階　共用廊下","徳島県徳島市応神町吉成字前須29","34.109021","134.532603"
"学校法人　生光学園　学生寮Ｂ棟３～４階　共用廊下","徳島県徳島市応神町吉成字前須29","34.108711","134.532531"
"Ｗｉｌｌ　Ｇ１　３階　共用廊下","徳島県徳島市応神町吉成字只津119-1","34.120844","134.526194"
"徳島北高等学校　クラブハウス棟２階　廊下","徳島県徳島市応神町吉成字中ノ瀬40-6","34.127577","134.528807"
"徳島北高等学校　教室棟・体育館棟２～３階　廊下・普通教室・アリーナ等","徳島県徳島市応神町吉成字中ノ瀬40-6","34.126172","134.529694"
"応神中学校　北校舎２～３階　廊下・各教室","徳島県徳島市応神町吉成字長田130-1","34.112939","134.53008"
"応神中学校　南校舎２～３階　廊下・各教室","徳島県徳島市応神町吉成字長田130-1","34.112673","134.530047"
"学校法人　生光学園　小学校特別教室棟３～４階　共用廊下、屋上","徳島県徳島市応神町古川字宮ノ前38","34.109033","134.534681"
"学校法人　生光学園　高等学校校舎棟３～５階　共用廊下","徳島県徳島市応神町古川字宮ノ前38","34.109586","134.533382"
"西日本高速道路株式会社　四国支社　徳島高速道路事務所駐車場【避難場所】駐車場","徳島県徳島市応神町古川字宮ノ前39-1","34.105641","134.542849"
"四国大学　情報メディア館・児童教育館３～５階　廊下・演習室・ＥＶホール等","徳島県徳島市応神町古川字戎子野123-1","34.103103","134.551874"
"四国大学　中央棟３～１０階　廊下・講義室・ＥＶホール等","徳島県徳島市応神町古川字戎子野123-1","34.103189","134.553292"
"四国大学　３０周年記念館・経営情報館３～７階　廊下・演習室・ＥＶホール等","徳島県徳島市応神町古川字戎子野123-1","34.103446","134.553846"
"ハイツ徳島３～４階　共用廊下・階段","徳島県徳島市応神町古川字戎子野139-8","34.103881","134.551889"
"ミニーズハウス３～４階　共用廊下・階段","徳島県徳島市応神町古川字戎子野25-1","34.10402","134.559506"
"ブライト古川３階　共用廊下","徳島県徳島市応神町古川字戎子野43-1","34.105077","134.557045"
"第１０愛日ハイツ２～５階　共用廊下・階段","徳島県徳島市応神町古川字戎子野65-1","34.103117","134.558247"
"リバーサイドハイツ３～４階　共用廊下","徳島県徳島市応神町古川字鯛ノ浜添19-4","34.111352","134.546596"
"エル古川３階　共用廊下","徳島県徳島市応神町古川字東109-2","34.103607","134.546822"
"コパン・ジャンティ原３階　共用廊下","徳島県徳島市応神町古川字東165-1","34.103228","134.548111"
"障害者支援施設　健祥苑２～４階　共用廊下・階段・食堂談話室・バルコニー、２・４階　サービスステーション２階　地域交流研修室、３階機能回復訓練室、４階　面会相談室・娯楽室、屋上","徳島県徳島市応神町古川字北25-1","34.106647","134.548726"
"特別養護老人ホーム健祥会　モルダウ３～４階　屋外スペース","徳島県徳島市応神町古川字北36","34.106677","134.54802"
"ケアハウス健祥会　リバティ３～７階　廊下・屋外スペース、３～６階　食堂談話室","徳島県徳島市応神町古川字北39-2","34.106708","134.547531"
"市営　応神団地　２棟３～４階　共用廊下・階段","徳島県徳島市応神町東貞方字北野29","34.120859","134.520948"
"市営　応神団地　１棟３～４階　共用廊下・階段","徳島県徳島市応神町東貞方字北野29","34.121055","134.521135"
"ＳＡＲＡ林Ⅳ３～４階　共用廊下・階段","徳島県徳島市沖浜2-12","34.052424","134.55225"
"メゾン・ドール３階　共用廊下・階段","徳島県徳島市沖浜2-27","34.053598","134.552065"
"ミラベール林３～４階　共用廊下・階段","徳島県徳島市沖浜2-48-1","34.052436","134.551387"
"第２みずほビルディング３～８階　共用廊下・階段","徳島県徳島市沖浜3-30","34.049646","134.551143"
"第３みずほビルディング３～１１階　共用廊下・階段","徳島県徳島市沖浜3-63-1","34.050243","134.55026"
"第３コーポ濱田３～７階　共用廊下・階段","徳島県徳島市沖浜町東畑563-3","34.055989","134.552189"
"ウォーターフロント沖浜３～７階　共用廊下・階段","徳島県徳島市沖浜東1-39","34.055206","134.555188"
"生涯福祉センター３階　共用廊下・会議室・福祉研修室・屋外スペース","徳島県徳島市沖浜東2-16","34.05232","134.553988"
"第３福永ハイツ３～６階　共用廊下・階段","徳島県徳島市沖浜東2-26","34.05293","134.55513"
"ＡＳＡＤＡハイツ３階　共用廊下","徳島県徳島市沖浜東2-37-2","34.052348","134.55598"
"ＳＡＲＡ林Ⅲ３～４階　共用廊下・階段","徳島県徳島市沖浜東2-49","34.051677","134.554742"
"サンハイツ沖浜２～４階　共用廊下","徳島県徳島市沖浜東2-51-2","34.051487","134.55452"
"沖浜コーポ３～４階　共用廊下・階段","徳島県徳島市沖浜東3-18","34.051035","134.553965"
"沖浜コーポⅡ３階　共用廊下","徳島県徳島市沖浜東3-18","34.051204","134.553869"
"ニューＤＫハイツ３～５階　共用廊下・階段","徳島県徳島市沖浜東3-71","34.049224","134.55486"
"助任小学校　北校舎２～３階　廊下・各教室","徳島県徳島市下助任町1-1","34.080889","134.556995"
"助任小学校　東校舎２階　廊下・各教室","徳島県徳島市下助任町1-1","34.080565","134.557482"
"助任小学校　体育館２階　廊下・ギャラリー","徳島県徳島市下助任町1-1","34.080247","134.557236"
"助任小学校　南校舎２～３階　廊下・各教室","徳島県徳島市下助任町1-1","34.080625","134.556924"
"宇都宮皮膚泌尿器科３～５階　廊下・階段、５階　屋外スペース","徳島県徳島市吉野本町1-11-1","34.079454","134.551473"
"Ｍａ・メゾン吉野３階　共用廊下","徳島県徳島市吉野本町1-13-1","34.079583","134.551233"
"三木ハイツ３～４階　共用廊下・階段","徳島県徳島市吉野本町6-51-5","34.088137","134.553682"
"西富田コミュニティセンター２階　廊下・会議室・図書室・遊戯室・屋外スペース","徳島県徳島市弓町1-17","34.066499","134.545976"
"パレ・シャンドゥリエ３～６階　共用廊下・階段","徳島県徳島市金沢1-2-52","34.074365","134.582803"
"プレタメゾン金沢３～８階　共用廊下・階段","徳島県徳島市金沢1-5-21","34.076203","134.581301"
"リバーサイド福井３～４階　共用廊下・階段","徳島県徳島市金沢1-5-79-5","34.074649","134.581042"
"県営　金沢団地　６号棟２～８階　共用廊下・階段、屋上","徳島県徳島市金沢1-8-15","34.076941","134.58065"
"県営　金沢団地　７号棟２～８階　共用廊下・階段、屋上","徳島県徳島市金沢1-8-20","34.077652","134.580586"
"オリエンタルハイツ２～６階　共用廊下・階段","徳島県徳島市金沢2-1-10","34.072943","134.583948"
"新居建設運輸株式会社２階　駐車場","徳島県徳島市金沢2-2-72","34.071651","134.585845"
"ビラフェニックス金沢３～７階　共用廊下・階段","徳島県徳島市金沢2-5-80","34.075214","134.585736"
"国土交通省　金沢宿舎２～４階　共用廊下","徳島県徳島市金沢2-5-82","34.075095","134.584668"
"徳島駅前再開発ビル３階　シビックセンター前広場","徳島県徳島市元町1-24","34.073409","134.549189"
"徳島市役所本館２～７階　廊下・会議室","徳島県徳島市幸町2-5","34.070282","134.554967"
"幸町会館２～６階　廊下・屋内スペース・屋外スペース","徳島県徳島市幸町3-71-1","34.068784","134.554806"
"ｅｓｔビル屋上","徳島県徳島市紺屋町25","34.06752","134.547637"
"アクティ２１　３～９階　共用廊下・階段","徳島県徳島市紺屋町5","34.066732","134.549515"
"ライオンズマンション佐古一番町３～７階　共用廊下・階段","徳島県徳島市佐古1-12-7","34.07787","134.542528"
"小椋マンション３～４階　共用廊下・階段、４階　屋外スペース","徳島県徳島市佐古1-13-9","34.078258","134.541154"
"Ｔ´ｓ　ｓＴｙｌｅ３階　共用廊下・階段","徳島県徳島市佐古1-17-9","34.078741","134.541493"
"佐古一番町ハイツＡ館３～６階　共用廊下・階段","徳島県徳島市佐古1-5-5","34.076334","134.543217"
"佐古クレストビル３～８階　共用廊下・階段","徳島県徳島市佐古1-8-9","34.077091","134.539888"
"アークハイツ３～６階　共用廊下・階段、屋上","徳島県徳島市佐古2-11-6","34.078822","134.537412"
"松の内ビル３～４階　共用廊下・階段","徳島県徳島市佐古2-12-15","34.079034","134.538334"
"メルシーハイツ２号館３～４階　共用廊下・階段","徳島県徳島市佐古2-4-7","34.076531","134.539087"
"ケアハウス虹の橋ガーデン３～７階　共用廊下・階段、屋上","徳島県徳島市佐古2-6-9","34.077365","134.537544"
"ラ・フォール佐古三番町Ａ棟３～５階　共用廊下","徳島県徳島市佐古3-12-12","34.079683","134.534935"
"ラ・フォール佐古三番町Ｂ棟３階　共用廊下","徳島県徳島市佐古3-12-13","34.07961","134.535194"
"コーポ桑村３～５階　共用廊下","徳島県徳島市佐古3-3-22","34.077304","134.535442"
"ロイヤルクレイン佐古３～７階　共用廊下","徳島県徳島市佐古3-9-11","34.078862","134.536999"
"徳島市シルバー人材センター２階　集会室・バルコニー・廊下・階段・階段踊場","徳島県徳島市佐古4-12-10","34.07987","134.533945"
"ＳＨＯＥＩＲＯＯＭ－１佐古３～５階　共用廊下","徳島県徳島市佐古4-2-20","34.077062","134.533098"
"ａｒｔｃｉｔｙ佐古３～４階　階段、屋上","徳島県徳島市佐古4-4-19","34.077486","134.533774"
"佐古コミュニティセンター２階　廊下・会議室・遊戯室・図書室・図書コーナー・屋外スペース","徳島県徳島市佐古4-7-1","34.07884","134.533219"
"増谷ビル３～４階　共用廊下・階段","徳島県徳島市佐古7-6-3","34.078474","134.524652"
"市営佐古住宅Ａ棟２～４階　共用廊下・階段","徳島県徳島市佐古8-2-1","34.076623","134.521437"
"市営佐古住宅Ａ棟　３階共用廊下、４階　共用廊下・階段","徳島県徳島市佐古8-2-1","34.076623","134.521437"
"市営佐古住宅Ｂ棟２～４階　共用廊下・階段","徳島県徳島市佐古8-2-2","34.076379","134.521485"
"市営佐古住宅Ｂ棟　３階共用廊下、４階共用廊下・階段","徳島県徳島市佐古8-2-2","34.076379","134.521485"
"市営佐古住宅Ｃ棟２～４階　共用廊下・階段","徳島県徳島市佐古8-2-3","34.076121","134.521539"
"市営佐古住宅Ｃ棟　３階共用廊下、４階共用廊下・階段","徳島県徳島市佐古8-2-3","34.076121","134.521539"
"諏訪神社【避難場所】　境内","徳島県徳島市佐古山町字諏訪山21","34.075748","134.535545"
"鈴江病院３階　食堂","徳島県徳島市佐古八－4-22","34.07729","134.522404"
"メゾン三軒屋３～４階　共用廊下・階段","徳島県徳島市三軒屋町外23-126","34.037794","134.544632"
"アベニューＫ３～４階　共用廊下・階段","徳島県徳島市山城西1-8","34.052943","134.556339"
"ヴェルメゾンツインＢ３～４階　共用廊下・階段","徳島県徳島市山城西2-36","34.051556","134.557982"
"ヴェルメゾンツインＡ３～４階　共用廊下・階段","徳島県徳島市山城西2-36","34.05176","134.558062"
"Ｋハイツ３～４階　共用廊下・階段","徳島県徳島市山城西2-45","34.051281","134.557641"
"オリエンタルハイツ文理３～６階　共用廊下・階段","徳島県徳島市山城西2-71","34.050881","134.557362"
"フレンチェスデン３階　共用廊下","徳島県徳島市山城西3-14-2","34.049697","134.557832"
"ＳＡＲＡ林Ⅱ３～４階　共用廊下・階段","徳島県徳島市山城西4-18","34.048585","134.555266"
"ＳＡＲＡ林３～４階　共用廊下・階段","徳島県徳島市山城西4-18","34.048344","134.555175"
"アクティーハイツ山城３～４階　共用廊下・階段","徳島県徳島市山城町西浜傍示155","34.050353","134.558143"
"徳島文理大学　体育館（６号館）２階　アリーナ・ステージ・廊下・階段３階　観覧席","徳島県徳島市山城町西浜傍示180","34.053573","134.559324"
"徳島県立産業観光交流センター２階　廊下オープンデッキ","徳島県徳島市山城町東浜傍示1","34.053109","134.563567"
"ファミール山城３階　共用廊下","徳島県徳島市山城町東浜傍示11","34.051636","134.559576"
"ホテルクレメント徳島３～４階　ロビー・ホワイエ部分","徳島県徳島市寺島本町西1-61","34.074595","134.55072"
"徳島駅クレメント駐車場３～６階　駐車場、屋上　駐車場","徳島県徳島市寺島本町西1-61","34.074915","134.550011"
"徳島クレメントプラザ屋上広場","徳島県徳島市寺島本町西1-61","34.074397","134.55113"
"コーポしず３階　共用廊下・階段、屋上","徳島県徳島市寺島本町東2-12","34.072644","134.552577"
"プラザ　アネックス３～５階　共用廊下、屋上","徳島県徳島市秋田町2-7","34.06471","134.549683"
"八番館３～７階　ホール","徳島県徳島市秋田町4-11","34.061704","134.549491"
"カレッジ２１　２～３階　共用廊下・階段","徳島県徳島市住吉1-1-16","34.075505","134.564074"
"医療法人おかがわ　おかがわ内科・小児科３～４階　廊下・階段・職員待機室、４階　屋外スペース","徳島県徳島市住吉1-10-19","34.072957","134.563405"
"シャトル住吉３階　共用廊下","徳島県徳島市住吉1-10-22","34.072821","134.563602"
"国行ハイツ２～４階　共用廊下・階段","徳島県徳島市住吉1-11-20","34.072658","134.565688"
"キリンパークハイツ３～４階　共用廊下・階段","徳島県徳島市住吉1-3-22","34.074539","134.564164"
"キリンパークハイツ　２　２～５階　共用廊下・階段","徳島県徳島市住吉1-3-24","34.074453","134.563967"
"ピュアハイツ２～３階　共用廊下・階段","徳島県徳島市住吉1-3-36","34.074422","134.562609"
"Ｋ’Ｓガーデン住吉２～３階　共用廊下","徳島県徳島市住吉1-3-65","34.075134","134.563854"
"アーバンライフ住吉２～３階　共用廊下・階段","徳島県徳島市住吉1-4-12","34.075274","134.565871"
"村上マンション３～４階　共用廊下","徳島県徳島市住吉1-4-13","34.075195","134.565645"
"高知銀行　住吉社宅３階　共用廊下","徳島県徳島市住吉1-5-21","34.074598","134.566269"
"ファミールハイツ栗本　Ｎｏ．５　２～３階　共用廊下・階段","徳島県徳島市住吉1-8-36","34.07279","134.564686"
"清紫苑３階　共用廊下、屋上","徳島県徳島市住吉1-8-5","34.073676","134.564856"
"フォルムフクナガ３～４階　共用廊下・階段","徳島県徳島市住吉2-2-23","34.078161","134.569351"
"フォルムフクナガⅡ３～４階　共用廊下・階段","徳島県徳島市住吉2-2-23","34.07793","134.569346"
"フジハイツ２～３階　共用廊下・階段","徳島県徳島市住吉2-3-9","34.077621","134.569302"
"カレッジハイツＨＩＭＡＷＡＲＩ３階　共用廊下","徳島県徳島市住吉2-4-45","34.077857","134.567284"
"キャンパスハイツ輝３階　共用廊下・階段","徳島県徳島市住吉2-4-7","34.078105","134.567707"
"コーポアトリエ２～３階　共用廊下・階段","徳島県徳島市住吉2-6-5","34.076933","134.567147"
"ペンギンハイツ２～３階　共用廊下・階段","徳島県徳島市住吉2-8-55","34.075821","134.567708"
"ファミールハイツクリモト　３号館２～３階　共用廊下・階段","徳島県徳島市住吉3-10-2","34.074696","134.568439"
"ハイツモナーデ２～３階　共用廊下","徳島県徳島市住吉3-10-45","34.074447","134.568224"
"福永ハイツ３階　共用廊下","徳島県徳島市住吉3-10-47","34.074488","134.568014"
"ファミールハイツクリモト　１号館２～３階　共用廊下・階段","徳島県徳島市住吉3-10-6","34.074305","134.568561"
"ファミールハイツクリモト　２号館３階　共用廊下","徳島県徳島市住吉3-10-7","34.074357","134.568948"
"城東小学校　南校舎２～３階　廊下・各教室","徳島県徳島市住吉3-2-5","34.077251","134.569966"
"城東小学校　北校舎２～３階　廊下・各教室・渡り廊下・屋外スペース、屋上","徳島県徳島市住吉3-2-5","34.077441","134.570248"
"城東小学校　体育館２階　ギャラリー","徳島県徳島市住吉3-2-5","34.076911","134.571222"
"メゾン花３階　共用廊下","徳島県徳島市住吉3-7-30","34.074479","134.569368"
"社会福祉法人　白寿会（白寿園・仙寿園）４階　会議室・ホール、４～５階　屋外スペース","徳島県徳島市住吉4-11-10","34.082744","134.568493"
"市営　北住吉団地２～３階　共用廊下","徳島県徳島市住吉4-11-11-2","34.081903","134.568243"
"市営　北住吉団地３階　共用廊下","徳島県徳島市住吉4-11-11-2","34.081903","134.568243"
"市営　北住吉団地２階　共用廊下","徳島県徳島市住吉4-11-11-2","34.081903","134.568243"
"リバーサイドコーポＭ＆Ｅ３階　共用廊下","徳島県徳島市住吉4-13-39","34.080895","134.57309"
"シティーメゾンフェニックス住吉３階　共用廊下","徳島県徳島市住吉4-2-4","34.079212","134.567316"
"トレンドハイツ２１　２～３階　共用廊下・階段","徳島県徳島市住吉4-2-41","34.078884","134.568092"
"ラ・ヴィータ博愛パートⅡ３階　共用廊下・階段","徳島県徳島市住吉4-3-62","34.080128","134.568613"
"ラ・ヴィータ博愛パートⅠ３階　共用廊下・階段","徳島県徳島市住吉4-3-63","34.080218","134.568339"
"ラ・ヴィータ博愛パートⅢ３～４階　共用廊下・階段","徳島県徳島市住吉4-3-64","34.079988","134.568361"
"レジデンス二条３階　共用廊下","徳島県徳島市住吉4-5-15","34.079705","134.569908"
"クラージュＭＡＳＵＫＡＮＥ２～７階　共用廊下・階段","徳島県徳島市住吉4-5-82","34.078205","134.570667"
"第２クレッシェンド戸川３～７階　共用廊下・階段","徳島県徳島市住吉6-6-33","34.078667","134.577849"
"メゾン出来島３階　共用廊下","徳島県徳島市出来島本町3-24","34.078969","134.544215"
"スカイコート鈴江２～５階　共用廊下・階段","徳島県徳島市出来島本町3-45","34.079466","134.544846"
"トーイズハウス２～３階　共用廊下・階段","徳島県徳島市出来島本町4-1-1","34.078408","134.543857"
"春日ハイツＡ・Ｂ３～４階　共用廊下・階段","徳島県徳島市春日1-4-56-57","34.092327","134.533904"
"第二春日ハイツ３～４階　共用廊下・階段","徳島県徳島市春日1-5-3","34.092696","134.534118"
"スカール春日３～６階　共用廊下・階段","徳島県徳島市春日2-1-23","34.090937","134.528969"
"ベルティアネシス３～６階　共用廊下・階段","徳島県徳島市春日2-2-46","34.090904","134.527859"
"プリマベーラ３階　共用廊下","徳島県徳島市春日3-1-1","34.08989","134.527704"
"ハウズ坂口３階　共用廊下","徳島県徳島市春日3-1-1-3","34.089582","134.52779"
"ＷＩＴＨ（ウィズビル）３～４階　共用廊下","徳島県徳島市助任橋1-24-1","34.077067","134.558248"
"グリーンヒル助任３～４階　共用廊下","徳島県徳島市助任橋2-13-1","34.078623","134.557634"
"アベステート３～６階　共用廊下・階段","徳島県徳島市助任橋2-30","34.079259","134.558301"
"大吉ビル３～４階　共用廊下、屋上","徳島県徳島市助任本町1-8-2","34.078042","134.556755"
"エレガンス　ポアソン２～４階　共用廊下・階段","徳島県徳島市助任本町5-25-2","34.083213","134.560925"
"リバレインマンション勝占３～１１階　共用廊下・階段、屋上","徳島県徳島市勝占町外敷地16-16","34.015365","134.556786"
"第１７柴田マンション２～１０階　共用廊下・階段","徳島県徳島市勝占町外敷地16-20","34.018617","134.556155"
"南部中学校　屋内運動場２階　ホール・アリーナ","徳島県徳島市勝占町外敷地62","34.017551","134.556489"
"南部中学校　特別教室棟２～４階　廊下・各教室","徳島県徳島市勝占町外敷地62","34.017102","134.556019"
"南部中学校　管理・教室棟２～４階　廊下・各教室","徳島県徳島市勝占町外敷地62","34.016941","134.556153"
"勝占中部コミュニティセンター２階　廊下・会議室・和室・料理室・屋外スペース","徳島県徳島市勝占町中須76-2","34.020374","134.554881"
"加茂名中学校　校舎２～３階　廊下・各教室","徳島県徳島市庄町1-76-1","34.073422","134.512304"
"加茂名中学校　屋内運動場２階　アリーナ・ステージ","徳島県徳島市庄町1-76-1","34.073929","134.512483"
"相互産業ビル２～６階　共用廊下・階段、塔屋","徳島県徳島市昭和町1-37","34.064545","134.557443"
"グループリビングとくしま県庁前２～３階　共用廊下・階段、屋上","徳島県徳島市昭和町3-32","34.063313","134.560097"
"ガーデンヒルズ昭和町　Ｉ　２～３階　共用廊下・階段","徳島県徳島市昭和町6-5-1","34.060754","134.565448"
"シャトル昭和町３～４階　共用廊下・階段","徳島県徳島市昭和町7-10-2","34.058467","134.569084"
"グラン・パレ３階　共用廊下","徳島県徳島市昭和町7-12","34.058489","134.568676"
"コーポ幸２～４階　共用廊下","徳島県徳島市昭和町7-21-1","34.059451","134.566448"
"市営昭和団地　３～５階　共用廊下・階段、６階　共用廊下","徳島県徳島市昭和町7-39-3","34.05818","134.566932"
"市営昭和団地２～５階　共用廊下・階段、６階　共用廊下","徳島県徳島市昭和町7-39-3","34.05818","134.566932"
"昭和町職員住宅３～４階　共用廊下","徳島県徳島市昭和町7-7-2","34.058933","134.568241"
"県営　昭和町８丁目団地　１・２号棟２～６階　共用廊下・階段","徳島県徳島市昭和町8-51-1","34.056769","134.568995"
"県営　昭和町８丁目団地　３・４号棟２～６階　共用廊下・階段","徳島県徳島市昭和町8-51-1","34.056852","134.568635"
"ル・モンド交成３～４階　共用廊下","徳島県徳島市昭和町8-78-1","34.055255","134.571233"
"東洋ハイツ３～４階　共用廊下・階段","徳島県徳島市昭和町8-84","34.055281","134.570534"
"東洋ハイツＰＡＲＴⅡ３～４階　共用廊下・階段","徳島県徳島市昭和町8-87","34.055853","134.568919"
"東條ハイツ３　２階　共用廊下","徳島県徳島市昭和町8-87-1","34.054432","134.569654"
"サンハイツイケダ２～３階　共用廊下・階段","徳島県徳島市昭和町8-87-114","34.055311","134.568231"
"アーベントハイツ平岡３～４階　共用廊下・階段","徳島県徳島市昭和町8-87-92","34.056101","134.567605"
"ハイツ生藤３～４階　共用廊下・階段","徳島県徳島市上吉野町2-19-1","34.088317","134.557594"
"国土交通省上吉野町宿舎　Ｂ棟２～４階　共用廊下・階段","徳島県徳島市上吉野町3-31","34.089743","134.554278"
"第二　三木ハイツ３～４階　共用廊下・階段","徳島県徳島市上助任町三本松373-10","34.089217","134.54935"
"ミルキーウェイ３階　共用廊下","徳島県徳島市上助任町三本松375-6","34.089562","134.548105"
"アヴィタションＷＩＳＥ３階　共用廊下","徳島県徳島市上助任町三本松375-6","34.089451","134.548325"
"ＫＯＳＵＭＯＨＡＩＭＵⅡ３～５階　共用廊下","徳島県徳島市上助任町蛭子114-2","34.088932","134.550788"
"セントラルハイムソフィア３階　共用廊下","徳島県徳島市上助任町蛭子133-1","34.090204","134.550626"
"シュライン・アクア３階　共用廊下","徳島県徳島市上助任町蛭子141-1","34.090537","134.550576"
"クレッシェンド城東３階　共用廊下・階段","徳島県徳島市城東町1-2-12","34.07661","134.574016"
"市営　城東団地６棟　２階共用廊下、３～４階共用廊下・踊り場","徳島県徳島市城東町1-3-15","34.075736","134.574615"
"市営　城東団地　６棟２～４階　共用廊下・階段","徳島県徳島市城東町1-3-15","34.075736","134.574615"
"市営　城東団地　５棟２～４階　共用廊下・階段","徳島県徳島市城東町1-3-45","34.075542","134.574211"
"市営　城東団地　５棟　２階共用廊下、３～４階　共用廊下・踊り場","徳島県徳島市城東町1-3-45","34.075542","134.574211"
"徳島商業高等学校　体育館２階　廊下","徳島県徳島市城東町1-4-1","34.074993","134.572689"
"徳島商業高等学校　西校舎２～３階　廊下・普通教室","徳島県徳島市城東町1-4-1","34.074688","134.571955"
"徳島商業高等学校　本館２～４階　廊下・普通教室棟","徳島県徳島市城東町1-4-1","34.074483","134.573099"
"徳島商業高等学校　北校舎２～５階　廊下・普通教室","徳島県徳島市城東町1-4-1","34.074813","134.573241"
"市営　城東団地　３棟２～４階　共用廊下・階段","徳島県徳島市城東町1-5-10","34.074832","134.574363"
"市営　城東団地　３棟　２階共用廊下、３～４階共用廊下・踊り場","徳島県徳島市城東町1-5-10","34.074832","134.574363"
"市営　城東団地　２棟　２階共用廊下、３～４階共用廊下・踊り場","徳島県徳島市城東町1-5-13","34.074592","134.574256"
"市営　城東団地　２棟２～４階　共用廊下・階段","徳島県徳島市城東町1-5-13","34.074592","134.574256"
"市営　城東団地　１棟２～４階　共用廊下・階段","徳島県徳島市城東町1-5-16","34.074335","134.574154"
"市営　城東団地　１棟　２階共用廊下、３～４階共用廊下・踊り場","徳島県徳島市城東町1-5-16","34.074335","134.574154"
"市営　城東団地　４棟２～４階　共用廊下・階段","徳島県徳島市城東町1-5-8","34.075085","134.574481"
"市営　城東団地　４棟　２階共用廊下、３～４階共用廊下・踊り場","徳島県徳島市城東町1-5-8","34.075085","134.574481"
"沖の洲病院　２～３階　廊下","徳島県徳島市城東町1-8-8","34.073004","134.573506"
"市営　住吉東団地　１棟２～５階　共用廊下・階段","徳島県徳島市城東町2-4-28","34.07363","134.577822"
"市営　住吉東団地１棟　２階共用廊下・３～４階共用廊下・踊り場、５階共用廊下・踊り場・屋上庭園","徳島県徳島市城東町2-4-28","34.07363","134.577822"
"市営　住吉東団地　２棟２～４階　共用廊下・階段","徳島県徳島市城東町2-4-30","34.073897","134.578187"
"市営　住吉東団地２棟　２階　共用廊下、３～４階共用廊下・踊り場","徳島県徳島市城東町2-4-30","34.073897","134.578187"
"市営　住吉東団地　３棟２～４階　共用廊下・階段","徳島県徳島市城東町2-4-33","34.073857","134.577613"
"市営　住吉東団地３棟　２階共用廊下、３～４階共用廊下・踊り場","徳島県徳島市城東町2-4-33","34.073857","134.577613"
"市営　住吉東団地　５棟２～５階　共用廊下・階段","徳島県徳島市城東町2-4-40","34.074339","134.577904"
"市営　住吉東団地　５棟　２階共用廊下、３～４階共用廊下・踊り場","徳島県徳島市城東町2-4-40","34.074339","134.577904"
"市営　住吉東団地　４棟　２階共用廊下，３～４階共用廊下・踊り場","徳島県徳島市城東町2-4-5","34.074284","134.578359"
"市営　住吉東団地　４棟２～４階　共用廊下・階段","徳島県徳島市城東町2-4-5","34.074284","134.578359"
"県営　城東町団地　４号棟３階　共用廊下","徳島県徳島市城東町2-5-15","34.074273","134.577173"
"コーポ城東３階　共用廊下","徳島県徳島市城東町2-6-34","34.074065","134.574716"
"県営　南二軒屋一の坪団地　１号棟３階　共用廊下・階段","徳島県徳島市城南町1-7-16","34.055905","134.538454"
"県営　南二軒屋一の坪団地　２号棟３階　共用廊下・階段","徳島県徳島市城南町1-7-18","34.056101","134.538405"
"県営　南二軒屋一の坪団地　３号棟３階　共用廊下・階段","徳島県徳島市城南町1-7-22","34.056403","134.538352"
"県営　南二軒屋一の坪団地　４号棟３階　共用廊下・階段","徳島県徳島市城南町1-7-24","34.056603","134.538309"
"県営　南二軒屋一の坪団地　５号棟３階　共用廊下・階段","徳島県徳島市城南町1-7-26","34.05683","134.538271"
"メゾン・ド・はやま３階　共用廊下","徳島県徳島市城南町1-9-7","34.055341","134.537643"
"城南高等学校　校舎棟２～４階　廊下・普通教室等","徳島県徳島市城南町2-2-88","34.05508","134.542499"
"城南高等学校　体育館棟２～３階　通路・アリーナ・ステージ","徳島県徳島市城南町2-2-88","34.054324","134.542064"
"八万中学校　中校舎２～４階　廊下・各教室","徳島県徳島市城南町3-4-22","34.053956","134.538931"
"八万中学校　北校舎　特別教室棟２～３階　廊下・各教室","徳島県徳島市城南町3-4-22","34.054269","134.539084"
"八万中学校　屋内運動場２階　アリーナ・ステージ","徳島県徳島市城南町3-4-22","34.053419","134.538723"
"八万中学校　南校舎２～３階　廊下・各教室","徳島県徳島市城南町3-4-22","34.053709","134.538744"
"八万中学校　北校舎２～３階　廊下・各教室","徳島県徳島市城南町3-4-22","34.054336","134.539502"
"八万小学校　校舎２～４階　廊下・各教室、３～４階　屋外スペース","徳島県徳島市城南町4-1-52","34.052874","134.54119"
"徳島県徳島合同庁舎　本館２～ＰＨ階　廊下・階段、４階　男女休養室","徳島県徳島市新蔵町1-67","34.069682","134.558164"
"徳島市消防局・東消防署３階　講堂","徳島県徳島市新蔵町1-88","34.069506","134.557008"
"新蔵町２丁目公舎３階　共用廊下","徳島県徳島市新蔵町2-20","34.071101","134.559665"
"徳島大学日亜会館３階　廊下・共用室・講義室","徳島県徳島市新蔵町2-24","34.069665","134.559677"
"合同宿舎　新蔵住宅３～５階　共用廊下・階段","徳島県徳島市新蔵町2-42","34.069058","134.560155"
"ヤナギダハイツ３～４階　共用廊下・階段","徳島県徳島市新蔵町3-21","34.070849","134.561075"
"徳島保健所庁舎２～３階　廊下・ＥＶホール","徳島県徳島市新蔵町3-80","34.070081","134.560612"
"市営　新蔵町団地３棟２～５階　共用廊下・階段","徳島県徳島市新蔵町3-81","34.069576","134.560911"
"市営　新蔵町団地２棟２～５階　共用廊下・階段","徳島県徳島市新蔵町3-81","34.069196","134.5613"
"市営　新蔵町団地　１棟２～５階　共用廊下・階段","徳島県徳島市新蔵町3-81","34.068915","134.561119"
"阿波おどり会館２階　廊下・階段、ギャラリー、ホール、休憩室３階　廊下・階段、ミュージアム、楽屋１、楽屋２　４階～５階　廊下・階段","徳島県徳島市新町橋2-20","34.07015","134.545103"
"天神社【避難場所】境内","徳島県徳島市新町橋2-21","34.069862","134.544721"
"南福島ビューハイツ３～４階　共用廊下・階段","徳島県徳島市新南福島1-4-22","34.0667","134.566987"
"県営　新浜町団地　６号棟３～５階　共用廊下・階段","徳島県徳島市新浜町1-5-28","34.051823","134.569192"
"県営　新浜町団地　１号棟３～８階　共用廊下・階段","徳島県徳島市新浜町1-5-28","34.052294","134.569012"
"県営　新浜町団地　５号棟３～５階　共用廊下・階段","徳島県徳島市新浜町1-5-28","34.051439","134.569135"
"新浜住宅１号棟２～５階　共用廊下・階段","徳島県徳島市新浜町2-3-75","34.049646","134.56797"
"新浜住宅２号棟２～５階　共用廊下・階段","徳島県徳島市新浜町2-3-75","34.049498","134.56823"
"新浜Ⅱ職員住宅３階　共用廊下","徳島県徳島市新浜町2-4-14","34.051028","134.568052"
"国家公務員宿舎　新浜住宅２～５階　共用廊下・階段","徳島県徳島市新浜町2-4-20","34.050483","134.56799"
"新浜職員住宅３階　共用廊下","徳島県徳島市新浜本町1-8-33","34.043644","134.574023"
"認定こども園めだかのこころ２階　ベランダ","徳島県徳島市新浜本町2-2-23","34.043843","134.568965"
"認定こども園めだかのこころ【避難場所】園庭、駐車場","徳島県徳島市新浜本町2-2-23","34.043621","134.568895"
"新浜交流センター　駐車場【避難場所】駐車場","徳島県徳島市新浜本町2-3-57-2","34.042664","134.567719"
"カリーノパラッツォ３階　共用廊下","徳島県徳島市新浜本町3-1-46","34.044857","134.568943"
"アメニティ新浜３～４階　共用廊下・階段","徳島県徳島市新浜本町3-4-52","34.044528","134.565926"
"津田山南津波緊急避難場所【避難場所】旧末広自動車道路　管理事務所跡地","徳島県徳島市新浜本町4","34.047596","134.570641"
"第２コーポ朝日奈３～４階　共用廊下・階段","徳島県徳島市新浜本町4-4-30","34.046438","134.569938"
"金刀比羅神社【避難場所】境内","徳島県徳島市勢見町1-1","34.060776","134.546356"
"第１６柴田マンション３～８階　共用廊下・階段","徳島県徳島市西新浜町1-2-25","34.045607","134.562632"
"県営　西新浜団地　３号棟２～５階　共用廊下","徳島県徳島市西新浜町1-3-33","34.043993","134.562845"
"県営　西新浜団地　１号棟２～５階　共用廊下","徳島県徳島市西新浜町1-3-33","34.043648","134.563035"
"県営　西新浜団地　２号棟２～５階　共用廊下","徳島県徳島市西新浜町1-3-33","34.043904","134.563263"
"第１４柴田マンション３～８階　共用廊下・階段","徳島県徳島市西新浜町1-3-35","34.044105","134.562165"
"さんとぴあＷＳ３階　共用廊下・階段","徳島県徳島市西新浜町1-3-82","34.043867","134.564482"
"マルナカスーパーセンター徳島店２～３階　駐車場","徳島県徳島市西新浜町1-6-1","34.044672","134.558819"
"百田ハイツ３～４階　共用廊下・階段","徳島県徳島市西新浜町1-6-54","34.043435","134.556697"
"環境首都課　分庁舎　エコみらいとくしま２階　ホール、会議室２、屋上、外階段","徳島県徳島市西新浜町2-3-102","34.042476","134.561059"
"コスモ・パートⅡ３～４階　共用廊下・階段","徳島県徳島市西新浜町2-5-65","34.041827","134.55534"
"じぞうばし内科外科３階　共用廊下・階段、屋上","徳島県徳島市西須賀町下中須13-2","34.028365","134.549814"
"東消防署　勝占分署屋上","徳島県徳島市西須賀町下中須29-7","34.030914","134.549688"
"県営　地蔵橋団地　３号棟３～５階　共用廊下","徳島県徳島市西須賀町鶴島4-1","34.024953","134.54693"
"県営　地蔵橋団地　４号棟３～５階　共用廊下","徳島県徳島市西須賀町鶴島4-1","34.024509","134.54679"
"県営　地蔵橋団地　１号棟３～５階　共用廊下","徳島県徳島市西須賀町鶴島4-1","34.025242","134.547456"
"県営　地蔵橋団地　２号棟３～５階　共用廊下","徳島県徳島市西須賀町鶴島4-1","34.024838","134.547289"
"県営　西須賀団地　３号棟３～４階　共用廊下","徳島県徳島市西須賀町東開52-2","34.030234","134.547494"
"県営　西須賀団地　７号棟３～４階　共用廊下","徳島県徳島市西須賀町東開52-2","34.030554","134.54787"
"県営　西須賀団地　２号棟３～４階　共用廊下","徳島県徳島市西須賀町東開52-2","34.030043","134.54772"
"県営　西須賀団地　１号棟３～４階　共用廊下","徳島県徳島市西須賀町東開52-2","34.030096","134.548015"
"県営　西須賀団地　６号棟３～４階　共用廊下","徳島県徳島市西須賀町東開52-2","34.03075","134.54765"
"県営　西須賀団地　５号棟３～４階　共用廊下","徳島県徳島市西須賀町東開52-2","34.030701","134.547344"
"県営　西須賀団地　４号棟３～４階　共用廊下","徳島県徳島市西須賀町東開52-2","34.030465","134.547382"
"県営　西須賀団地　８号棟３～４階　共用廊下","徳島県徳島市西須賀町東開52-2","34.030318","134.547945"
"円徳寺２階　本堂、向拝、ポーチ、ＥＶホール、控室３階　廊下・階段、客殿ホール、客殿、控室","徳島県徳島市西大工町3-7","34.073033","134.54494"
"三島神社【避難場所】境内","徳島県徳島市西大工町5-11","34.074779","134.542055"
"プリヴェールＫ３～４階　共用廊下","徳島県徳島市西二軒屋町2-1","34.056945","134.544999"
"サンセール二軒屋ＥＡＳＴ３階　共用廊下","徳島県徳島市西二軒屋町2-11","34.056611","134.54485"
"サンセール二軒屋ＷＥＳＴ３階　共用廊下","徳島県徳島市西二軒屋町2-13","34.056398","134.54472"
"旭野北津波緊急避難場所【避難場所】高速道路のり面部分","徳島県徳島市川内町","34.099021","134.597153"
"旭野南津波緊急避難場所【避難場所】高速道路のり面部分","徳島県徳島市川内町","34.09302","134.599481"
"平石夷野津波緊急避難場所【避難場所】高速道路のり面部分","徳島県徳島市川内町","34.117998","134.580549"
"大松津波緊急避難場所【避難場所】高速道路のり面部分","徳島県徳島市川内町","34.119011","134.575635"
"加賀須野津波緊急避難場所【避難場所】高速道路のり面部分","徳島県徳島市川内町","34.119568","134.572946"
"西日本高速道路株式会社　徳島自動車道　徳島料金所","徳島県徳島市川内町","34.10286","134.57655"
"北原津波緊急避難場所【避難場所】高速道路のり面部分","徳島県徳島市川内町","34.103178","134.561718"
"徳島南部自動車道　徳島本線料金所　従業員駐車場従業員駐車場","徳島県徳島市川内町旭野100","34.086065","134.601381"
"ドリーム館３～４階　共用廊下・階段","徳島県徳島市川内町榎瀬730-1","34.103808","134.551578"
"アクア２１　３～４階　共用廊下・階段","徳島県徳島市川内町榎瀬730-2","34.103597","134.551032"
"プレサージュ川内２～３階　共用廊下・階段","徳島県徳島市川内町榎瀬730-3","34.103667","134.551186"
"シャンゼリゼ２１　３～４階　共用廊下・階段","徳島県徳島市川内町榎瀬730-8","34.103713","134.551365"
"アネスティ２１　３階　共用廊下・階段","徳島県徳島市川内町榎瀬738-3","34.10458","134.551118"
"フローラ川内２～４階　共用廊下・階段","徳島県徳島市川内町榎瀬798-5","34.105724","134.554705"
"クイーンハイツ３階　共用廊下","徳島県徳島市川内町榎瀬806-3","34.106075","134.552794"
"川内町民会館２階　廊下・大会議室・小会議室・控室・屋外スペース","徳島県徳島市川内町沖島260","34.107431","134.573657"
"スペースドゥ川内３～６階　共用廊下・階段","徳島県徳島市川内町沖島284-2","34.108546","134.571756"
"ベルベ玉鳳院２階　廊下・ロビー","徳島県徳島市川内町沖島569","34.102754","134.570591"
"赤沢医院２～４階　屋外階段、屋上","徳島県徳島市川内町沖島68-1","34.100582","134.578242"
"川内南アコール保育園２～４階　屋外スペース","徳島県徳島市川内町下別宮西38-2","34.092862","134.590787"
"ソシア原２～３階　共用廊下・階段","徳島県徳島市川内町加賀須野1090-14","34.124308","134.572508"
"ノーブル川内３階　共用廊下","徳島県徳島市川内町加賀須野444-2","34.128145","134.575611"
"大塚倉庫株式会社　徳島川内営業所第１メディカルロジスティックセンター３～５階　屋外通路、屋上","徳島県徳島市川内町加賀須野463-24","34.12277","134.581933"
"コーポ加賀須野３階　共用廊下","徳島県徳島市川内町加賀須野874-1","34.117902","134.590558"
"市営宮島住宅西棟２～８階　共用廊下・階段","徳島県徳島市川内町宮島錦野10-1","34.093008","134.57884"
"市営宮島住宅西棟３～８階　共用廊下・階段","徳島県徳島市川内町宮島錦野10-1","34.093008","134.57884"
"市営宮島住宅西棟２～８階　共用廊下・階段、屋上","徳島県徳島市川内町宮島錦野10-1","34.093008","134.57884"
"市営宮島住宅東棟２～６階　共用廊下・階段、屋上","徳島県徳島市川内町宮島錦野11-5","34.092905","134.579328"
"市営宮島住宅東棟　３～６階　共用廊下・階段","徳島県徳島市川内町宮島錦野11-5","34.092905","134.579328"
"川内南小学校　西校舎２階　廊下・各教室","徳島県徳島市川内町宮島本浦5-2","34.094909","134.583253"
"川内南小学校　東校舎２階　廊下・各教室、屋上","徳島県徳島市川内町宮島本浦5-2","34.094827","134.583908"
"ＣＡＢＩＮⅡ２～４階　共用廊下・階段","徳島県徳島市川内町金岡14-1","34.096843","134.56858"
"武田ビル３～７階　共用廊下・階段","徳島県徳島市川内町金岡31","34.09701","134.566336"
"ラ・フォーレⅢ２～７階　共用廊下・階段","徳島県徳島市川内町金岡40-1","34.097265","134.566039"
"ラ・フォーレ　２　２～７階　共用廊下・階段","徳島県徳島市川内町金岡5-1","34.096213","134.569444"
"ラ・フォーレ川内２～７階　共用廊下・階段","徳島県徳島市川内町金岡5-2","34.096608","134.569444"
"リッチ・ｄｅ・川内　２　２～１２階　共用廊下・階段","徳島県徳島市川内町金岡64-1","34.097474","134.570362"
"介護老人保健施設　わかくさ２階　共用廊下","徳島県徳島市川内町小松西88","34.089951","134.591929"
"伸松ビル２～６階　共用廊下・階段","徳島県徳島市川内町上別宮東33","34.099498","134.567489"
"エグゼ川内２～３階　共用廊下・階段","徳島県徳島市川内町上別宮北48","34.102401","134.566772"
"川内北小学校　北校舎２～３階　廊下・各教室","徳島県徳島市川内町大松133","34.114249","134.573897"
"川内北小学校　新校舎２階　廊下・各教室","徳島県徳島市川内町大松133","34.113802","134.574486"
"川内北小学校　南校舎２～３階　廊下・各教室、屋上","徳島県徳島市川内町大松133","34.114008","134.574349"
"ＫＩＷＩ川内３～５階　共用廊下・階段","徳島県徳島市川内町大松393-12","34.11809","134.575119"
"東消防署　川内分署屋上","徳島県徳島市川内町大松517-2","34.116041","134.569174"
"川内中学校　屋内運動場２階　講堂・ミーティングルーム","徳島県徳島市川内町竹須賀151","34.108101","134.574576"
"川内中学校　北校舎２階　廊下・各教室","徳島県徳島市川内町竹須賀151","34.108124","134.574184"
"川内中学校　南校舎２～４階　廊下・各教室","徳島県徳島市川内町竹須賀151","34.10777","134.574358"
"川内中学校　新館２～４階　廊下・各教室","徳島県徳島市川内町竹須賀151","34.10794","134.574748"
"徳島県生コンセンター３階　フロア・階段等、屋上","徳島県徳島市川内町中島97-1","34.116117","134.567058"
"医療法人若草会　松村病院２階　廊下・作業療法室・職員食堂・理学療法室３～４階　廊下・食堂兼談話室５階　廊下・物干し場屋上","徳島県徳島市川内町鶴島162","34.094793","134.572307"
"徳島森林管理署　川内公務員宿舎３～４階　共用廊下・階段、屋上","徳島県徳島市川内町鶴島239-1","34.092513","134.577347"
"サニーコーポ３階　共用廊下","徳島県徳島市川内町鶴島248","34.093632","134.576398"
"四国大学　鶴島グラウンド【避難場所】グラウンド","徳島県徳島市川内町鶴島613-1","34.089792","134.586809"
"富吉津波緊急避難場所【避難場所】高速道路のり面部分","徳島県徳島市川内町富吉148","34.10171","134.586368"
"プレタメゾン川内２～８階　共用廊下・階段","徳島県徳島市川内町平石古田190-1","34.107288","134.578798"
"モンテメール川内２～４階　共用廊下・階段","徳島県徳島市川内町平石古田79-1","34.108357","134.577068"
"島田内科屋上","徳島県徳島市川内町平石若宮114","34.105281","134.580103"
"コーポエンゼル２～４階　共用廊下・階段","徳島県徳島市川内町平石若宮163","34.103709","134.582893"
"株式会社徳島大正銀行　研修会館宿泊所３階　廊下・特別室等、屋上","徳島県徳島市川内町平石流通団地12","34.108633","134.587356"
"米津津波緊急避難場所【避難場所】高速道路のり面部分","徳島県徳島市川内町米津123","34.113612","134.589946"
"スタート１　３階　共用廊下","徳島県徳島市川内町北原10","34.104371","134.56004"
"スタート２　３階　共用廊下","徳島県徳島市川内町北原171-2","34.104229","134.559895"
"川内町鈴江東アメンド３～４階　共用廊下・階段","徳島県徳島市川内町鈴江東7-3","34.101673","134.57474"
"リッチ・ｄｅ・川内２～７階　共用廊下・階段","徳島県徳島市川内町鈴江北19","34.098378","134.572619"
"サンリット・２４　３階　共用廊下","徳島県徳島市蔵本元町2-39-3","34.079523","134.517088"
"あべハイツⅡ３階　共用廊下","徳島県徳島市蔵本元町2-60","34.080371","134.518021"
"グランドピア２～３階　共用廊下","徳島県徳島市蔵本元町2-68","34.08104","134.519145"
"タマナリハイツ２～３階　共用廊下","徳島県徳島市蔵本元町2-69","34.08108","134.519378"
"カサプエルト２～３階　共用廊下","徳島県徳島市蔵本元町3-5","34.081279","134.518517"
"ＦＵＬＬ　ＨＯＵＳＥ（フルハウス）３階　共用廊下","徳島県徳島市蔵本元町3-7-2","34.081138","134.518405"
"ワークマンション３～４階　共用廊下・階段","徳島県徳島市蔵本町3-10","34.077891","134.517138"
"ケアハウスあさがお３～４階　ゲストルーム、３～５階　談話室３～６階　共用廊下、６階　サンルーム","徳島県徳島市大原町外籠47-4","34.034152","134.568616"
"コーポＯＨＡＲＡ３階　共用廊下","徳島県徳島市大原町内開39-4","34.026167","134.571057"
"ウイングコーポ大原３～５階　共用廊下・階段、４～５階　屋外スペース","徳島県徳島市大原町内開80","34.02534","134.569637"
"コスモグランディ大松３～１２階　共用廊下・階段","徳島県徳島市大松町榎原外83-17","34.025672","134.555495"
"大松小学校　校舎２～３階　廊下・各教室","徳島県徳島市大松町上野神9","34.023724","134.553605"
"徳島ワシントンホテルプラザ２～１２階　廊下・ＥＶホール等","徳島県徳島市大道1-61-1","34.066995","134.547045"
"中筋ビル３～９階　階段、屋上","徳島県徳島市大道1-62","34.06723","134.547144"
"大久保病院２～４階　食堂・デイルーム、５階　食堂","徳島県徳島市大道2-30","34.064347","134.546876"
"ＳＵＮ　ＦＬＯＷＥＲ２～４階　共用廊下・階段","徳島県徳島市大和町1-7-3","34.067875","134.571112"
"コスモハイツ大和Ⅱ２～４階　共用廊下・階段","徳島県徳島市大和町2-1-5","34.068831","134.572228"
"シャルム大和３階　共用廊下","徳島県徳島市大和町2-2-78","34.06782","134.571752"
"富田小学校　南校舎２～３階　廊下・各教室","徳島県徳島市中央通3-15","34.061991","134.552781"
"富田小学校　北校舎２～３階　廊下・各教室、屋上","徳島県徳島市中央通3-15","34.062372","134.553601"
"アーバンコート中吉野３～６階　共用廊下・階段","徳島県徳島市中吉野町1-20-4","34.08266","134.558428"
"鳴門教育大学附属中学校３～４階　廊下・教室等、屋上","徳島県徳島市中吉野町1-31","34.084396","134.557085"
"県営　中吉野町団地３～５階　共用廊下・階段","徳島県徳島市中吉野町3-1-4","34.083849","134.554672"
"ハイツ中吉野３～４階　共用廊下、階段","徳島県徳島市中吉野町3-83-4","34.087774","134.554523"
"ハイツ林３～４階　共用廊下、階段","徳島県徳島市中吉野町3-83-5","34.087513","134.554552"
"アベニューモリ　Ｓｔ．１　３階　共用廊下・階段","徳島県徳島市中吉野町4-42-1","34.084615","134.547772"
"アベニューモリ　Ｓｔ．２　３～６階　共用廊下・階段","徳島県徳島市中吉野町4-42-10","34.084755","134.548026"
"アベニューモリ　Ｓｔ．Ⅴ３～６階　共用廊下・階段","徳島県徳島市中吉野町4-43-5","34.084834","134.548343"
"中洲八木病院屋上","徳島県徳島市中洲町1-31","34.068222","134.557685"
"パレス中洲３～６階　共用廊下・階段","徳島県徳島市中洲町1-53","34.068924","134.558554"
"徳島県薬学会館３～５階　廊下・ＥＶホール・屋外スペース等","徳島県徳島市中洲町1-58-1","34.069237","134.557334"
"中洲住宅２～５階　共用廊下・階段","徳島県徳島市中洲町2-38","34.068797","134.559737"
"里見第２ビル２～７階　共用廊下・階段","徳島県徳島市中洲町3-19-1","34.067681","134.561543"
"徳島県立総合福祉センター５階　大ホール・和室会議室・ホール、６階　階段","徳島県徳島市中昭和町1-2","34.060864","134.556293"
"葵ハイツ富永３～７階　共用廊下・階段","徳島県徳島市中昭和町1-95","34.06178","134.556538"
"中昭和マンション３階　共用廊下","徳島県徳島市中昭和町2-55-1","34.062267","134.557866"
"コーポ尾崎２～４階　共用廊下・階段","徳島県徳島市中昭和町2-60","34.061715","134.55788"
"昭和パークハイツ２～４階　共用廊下・階段","徳島県徳島市中昭和町2-79","34.062404","134.558713"
"元木ハイツ２～４階　共用廊下・階段","徳島県徳島市中昭和町2-84","34.062831","134.559125"
"林内科２階　食堂、３階　会議室・デイルーム、屋上","徳島県徳島市中昭和町2-94","34.061723","134.558616"
"ケアハウスとみだ２階　集会所、３階　ゲストルーム","徳島県徳島市中昭和町3-48","34.061178","134.559325"
"富田中学校　第一校舎２階　廊下・各教室","徳島県徳島市中昭和町3-77","34.060218","134.558565"
"富田中学校　本館２～３階　廊下・各教室、屋上","徳島県徳島市中昭和町3-77","34.059587","134.558659"
"徳島市消防団　昭和分団屋上","徳島県徳島市中昭和町3-77","34.060482","134.559558"
"富田中学校　屋内運動場２階　柔道場・剣道場","徳島県徳島市中昭和町3-77","34.059482","134.557898"
"富田中学校　第五校舎２階　廊下・各教室","徳島県徳島市中昭和町3-77","34.059049","134.558158"
"富田中学校　第４校舎２階　廊下・各教室","徳島県徳島市中昭和町3-77","34.059347","134.558313"
"富田中学校　第三校舎２階　廊下・各教室","徳島県徳島市中昭和町3-77","34.059831","134.558158"
"富田中学校　第二校舎２～３階　廊下・各教室","徳島県徳島市中昭和町3-77","34.059986","134.558474"
"昭和コミュニティセンター２階　廊下・会議室・和室・遊戯室・図書室・相談室・屋外スペース、屋上","徳島県徳島市中昭和町3-81","34.060025","134.560049"
"ラ・サムサラ３階　共用廊下","徳島県徳島市中昭和町4-31-3","34.061768","134.561977"
"モデルナマンション　３～４階　共用廊下、４階　屋外スペース","徳島県徳島市中昭和町5-54-5","34.059667","134.562869"
"昭和小学校　南校舎２～３階　廊下・各教室","徳島県徳島市中昭和町5-60","34.059084","134.563843"
"昭和小学校　北校舎２～３階　廊下・各教室、屋上","徳島県徳島市中昭和町5-60","34.059374","134.563694"
"マンション雪風２～３階　共用廊下・階段","徳島県徳島市中常三島町1-18-4","34.080205","134.560859"
"ロイヤルガーデン中常三島２～１５階　共用廊下・階段","徳島県徳島市中常三島町2-17-1","34.079871","134.561645"
"三井ビル３～４階　共用廊下、屋上","徳島県徳島市中常三島町3-1-3","34.079767","134.563966"
"バーデン坂尾３～４階　共用廊下・階段","徳島県徳島市中常三島町3-11-1","34.078833","134.564901"
"テイクイントーラス２～３階　共用廊下・階段","徳島県徳島市中常三島町3-12","34.078807","134.565277"
"フォーシーズン常三島３～７階　共用廊下・階段","徳島県徳島市中常三島町3-14-16","34.079176","134.56636"
"アーバンパレスネオ３～４階　共用廊下","徳島県徳島市中常三島町3-25","34.078707","134.564225"
"スカイスクーパアダジオ３～４階　共用廊下","徳島県徳島市中常三島町3-6","34.079036","134.564223"
"小山ハイツ３階　共用廊下","徳島県徳島市中前川町3-15-3","34.079333","134.551647"
"徳島中学校　管理棟２～４階　廊下・各教室","徳島県徳島市中前川町3-16","34.079835","134.552672"
"徳島中学校　給食棟２階　音楽室","徳島県徳島市中前川町3-16","34.080037","134.552414"
"徳島中学校　教室棟２～３階　廊下・各教室","徳島県徳島市中前川町3-16","34.079963","134.553168"
"徳島中学校　屋内運動場２階　ホール・アリーナ・屋外スペースＲ階　キャットウォーク","徳島県徳島市中前川町3-16","34.080198","134.553425"
"コーポ松英３階　共用廊下","徳島県徳島市中前川町4-3","34.079495","134.550052"
"ルナ前川３～７階　共用廊下・階段","徳島県徳島市中前川町5-10","34.082527","134.545359"
"医療法人　山田眼科醫院３～５階　共用廊下・階段、屋上","徳島県徳島市中通町2-31","34.070889","134.551662"
"シティコーポ宝仙３～７階　共用廊下・階段","徳島県徳島市中通町2-32","34.070831","134.551756"
"城東高等学校　生徒館棟・体育館棟２～４階　廊下・教室・アリーナ・屋外廊下","徳島県徳島市中徳島町1-5","34.072573","134.558677"
"ル・プルミエ３～４階　共用廊下・階段","徳島県徳島市中徳島町2-32","34.073602","134.560182"
"津田寺【避難場所】境内","徳島県徳島市津田西町18-17","34.05211","134.576083"
"津田八幡神社【避難場所】境内","徳島県徳島市津田西町18-21","34.051815","134.575941"
"津田山東津波緊急避難場所【避難場所】津田墓地上部","徳島県徳島市津田西町2","34.048695","134.573185"
"津田中学校　南校舎２～３階　廊下・各教室","徳島県徳島市津田西町2-2-14","34.048476","134.575326"
"津田中学校　北校舎２～３階　廊下・各教室","徳島県徳島市津田西町2-2-14","34.048734","134.575477"
"津田中学校　屋内運動場２階　ホール・アリーナ","徳島県徳島市津田西町2-2-14","34.047587","134.57465"
"津田中学校　西校舎２～４階　廊下・各教室","徳島県徳島市津田西町2-2-14","34.048668","134.575176"
"津田小学校　西校舎２～３階　廊下・各教室","徳島県徳島市津田西町2-5-27","34.049739","134.573857"
"津田小学校　本館２～３階　廊下・各教室","徳島県徳島市津田西町2-5-27","34.049567","134.574906"
"津田小学校　特別教室棟２～３階　廊下・各教室","徳島県徳島市津田西町2-5-27","34.049901","134.574018"
"ラ・ヴィータ博愛　ＰＡＲＴ．Ⅴ２～３階　共用廊下・階段","徳島県徳島市津田町1-12-14","34.052305","134.583588"
"グローリアカーザ３～４階　共用廊下・階段","徳島県徳島市津田町1-2-6","34.052895","134.58128"
"ピッコロ・カーザⅡ３階　共用廊下","徳島県徳島市津田町1-3-35","34.05185","134.580206"
"北斗ビル３階　共用廊下・階段","徳島県徳島市津田町3-1-37","34.048309","134.579561"
"県営　津田松原団地２～８階　共用廊下・階段、屋上","徳島県徳島市津田町3-7-7","34.046971","134.582555"
"レジデンス津田２～３階　共用廊下・階段","徳島県徳島市津田町4-4-4","34.044426","134.580072"
"県営　津田四丁目団地　２号棟２～５階　共用廊下・階段","徳島県徳島市津田町4-4-57","34.043919","134.580447"
"県営　津田四丁目団地　１号棟２～５階　共用廊下・階段","徳島県徳島市津田町4-4-57","34.044021","134.580147"
"徳島市消防団　津田分団　防災倉庫屋上","徳島県徳島市津田町4-4-6","34.044385","134.580229"
"津田コミュニティセンター２階　廊下・会議室・和室・遊戯室・図書室・屋外スペース","徳島県徳島市津田町4-5-55","34.044788","134.580442"
"マリンハイツ３～６階　共用廊下","徳島県徳島市津田浜之町1-36","34.053575","134.576455"
"カーサ三好３階　共用廊下","徳島県徳島市津田浜之町10-9","34.050364","134.57193"
"津田学童保育会館２階　廊下・遊戯室・屋外スペース","徳島県徳島市津田本町1-2-15","34.051086","134.578395"
"コーポカネワ３～４階　共用廊下・階段","徳島県徳島市津田本町3-1-28","34.047776","134.577149"
"東消防署　津田出張所屋上","徳島県徳島市津田本町3-1-57","34.047446","134.575489"
"学校法人わかくさ学園　わかくさ幼稚園　園舎屋上","徳島県徳島市津田本町4-2-48","34.045392","134.576104"
"スカイハイツ新田２～４階　共用廊下・階段","徳島県徳島市津田本町5-2-41","34.044518","134.578194"
"北部浄化センター　管理棟３階　ホール・会議室・屋外スペース","徳島県徳島市東沖洲1-14","34.063576","134.598948"
"徳島県立東部防災館（おきのすインドアパーク）","徳島県徳島市東沖洲1-8","34.065483","134.598557"
"徳島小松島港沖洲外地区　津波避難タワー　屋上","徳島県徳島市東沖洲2","34.058296","134.597244"
"ニチレイ・ロジスティクス四国　倉庫棟３階　荷捌き室、屋上","徳島県徳島市東沖洲2-66","34.058879","134.59911"
"サテライト徳島　立体駐車場３階　駐車場、屋上　駐車場","徳島県徳島市東沖洲2-8","34.058202","134.593266"
"四国通建株式会社　徳島支店３～７階　共用廊下・階段、屋上","徳島県徳島市東吉野町1-10-1","34.083933","134.56306"
"エトワール東吉野３～４階　共用廊下・階段","徳島県徳島市東吉野町1-43-3","34.086003","134.561992"
"グループリビング東吉野３～６階　廊下・階段、６階　屋外スペース","徳島県徳島市東吉野町2-31-2","34.083846","134.5635"
"新町小学校　低学年棟２～３階　廊下・各教室","徳島県徳島市東山手町2-25","34.068458","134.545825"
"新町小学校　管理棟２～３階　廊下・各教室","徳島県徳島市東山手町2-25","34.068216","134.54597"
"新町公民館２階　廊下・会議室・ラウンジ・屋外スペース","徳島県徳島市東山手町2-25","34.068483","134.544798"
"新町小学校　南校舎２～３階　廊下・各教室","徳島県徳島市東山手町2-25","34.0676","134.54627"
"新町小学校　高学年棟２～３階　廊下・各教室","徳島県徳島市東山手町2-25","34.067969","134.546079"
"瑞巌寺【避難場所】境内","徳島県徳島市東山手町3-18","34.067984","134.54414"
"幸福の科学　四国本部精舎２階～７階　非常用階段、屋内階段等","徳島県徳島市東大工町1-24-1","34.069863","134.546187"
"アルファホテル徳島２～８階　廊下・階段、２階　ホール、３階　会議室","徳島県徳島市東大工町2-11","34.068844","134.547065"
"徳島三木ビル２～９階　ＥＶホール・階段・屋外階段、屋上","徳島県徳島市東大工町3-16","34.067445","134.547087"
"株式会社時事通信社　徳島支局３階　階段、屋上","徳島県徳島市徳島町2-13","34.072279","134.55711"
"ＷＩＳＤＯＭ徳島町３～６階　共用廊下・階段","徳島県徳島市徳島町3-5","34.074443","134.557471"
"城山【避難場所】本丸跡","徳島県徳島市徳島町城内","34.075352","134.554823"
"内町小学校　校舎２～３階　廊下・各教室","徳島県徳島市徳島町城内1-15","34.076586","134.550827"
"とくぎんトモニアリーナ（徳島市立体育館）２階　観客席、廊下、多目的室","徳島県徳島市徳島町城内6","34.076444","134.549956"
"徳島県立中央武道館柔剣道場棟２階　剣道場アリーナ、剣道場師範控室、屋上、廊下等　弓道場棟２階　第１・２・３研修室、廊下等","徳島県徳島市徳島町城内6","34.077333","134.550187"
"徳島地方合同庁舎２～７階　廊下・ホール・階段、５階　小会議室","徳島県徳島市徳島町城内6-6","34.076803","134.548641"
"沖洲小学校　本校舎２～５階　廊下・各教室、屋外スペース２階　体育館アリーナ","徳島県徳島市南沖洲2-2-4","34.064736","134.587076"
"沖洲小学校　西校舎２階　廊下・音楽室、ホール、屋上","徳島県徳島市南沖洲2-2-4","34.065203","134.586326"
"コーポシーサイド３～５階　共用廊下","徳島県徳島市南沖洲3-11-22","34.059828","134.58619"
"リッチ・ｄｅ・沖洲３～８階　共用廊下・階段","徳島県徳島市南沖洲3-11-40","34.059382","134.58559"
"パレス南沖洲３～４階　共用廊下・階段","徳島県徳島市南沖洲3-7-29","34.061718","134.588031"
"北川コーポ３～４階　共用廊下・階段","徳島県徳島市南沖洲3-9-35","34.060926","134.587156"
"その木ハイツ３～５階　共用廊下","徳島県徳島市南沖洲4-1-1","34.063694","134.590512"
"アーバンコート沖洲２～５階　共用廊下・階段","徳島県徳島市南沖洲5-9-25","34.060176","134.581953"
"創価学会徳島文化会館　３～４階　屋外スペース","徳島県徳島市南沖洲5-9-55","34.061057","134.581277"
"佐古小学校　北校舎２～３階　廊下・各教室","徳島県徳島市南佐古4-1-32","34.076759","134.530835"
"佐古小学校　南校舎２～３階　廊下・各教室","徳島県徳島市南佐古4-1-32","34.076199","134.530668"
"佐古小学校　中校舎２～３階　廊下・各教室","徳島県徳島市南佐古4-1-32","34.076506","134.530631"
"市営南佐古住宅Ｃ棟２～３階　共用廊下・階段","徳島県徳島市南佐古5-1-1","34.076315","134.529595"
"市営南佐古住宅Ｃ棟　３階　共用廊下","徳島県徳島市南佐古5-1-1","34.076315","134.529595"
"市営南佐古住宅Ｂ棟２～３階　共用廊下・階段","徳島県徳島市南佐古5-1-2","34.076517","134.529549"
"市営南佐古住宅Ｂ棟３階　共用廊下","徳島県徳島市南佐古5-1-2","34.076517","134.529549"
"市営南佐古住宅Ａ棟　３階　共用廊下","徳島県徳島市南佐古5-1-3","34.076728","134.529516"
"市営南佐古住宅Ａ棟２～３階　共用廊下・階段","徳島県徳島市南佐古5-1-3","34.076728","134.529516"
"カーム新御池３階　共用廊下・階段","徳島県徳島市南佐古5-2-6","34.075208","134.529828"
"カ・メゾン南佐古３階　共用廊下・階段","徳島県徳島市南佐古5-2-9","34.074664","134.529792"
"サニーハイツ佐古、四国測建ビル３階　共用廊下・階段","徳島県徳島市南佐古6-1-5","34.07606","134.527908"
"谷口マンション３階　共用廊下・階段","徳島県徳島市南佐古6-2-25","34.075507","134.527138"
"メルシーハイツ１号館３～４階　共用廊下・階段","徳島県徳島市南佐古6-5-30","34.075487","134.526599"
"ツインハイツ３～５階　共用廊下・階段","徳島県徳島市南佐古8-2-9","34.074092","134.523502"
"エルベ南佐古３階　共用廊下、屋上","徳島県徳島市南佐古8-5-14","34.073157","134.52245"
"ホテルサンシャイン徳島３～９階　階段、屋上","徳島県徳島市南出来島町2-7-1","34.077136","134.544435"
"第２メゾン吉岡２～３階　共用廊下・階段","徳島県徳島市南昭和町3-40-1","34.057778","134.558252"
"レジデンス南昭和３～４階　共用廊下・階段","徳島県徳島市南昭和町4-33-1","34.058074","134.560971"
"スプリングハイツ３階　共用廊下","徳島県徳島市南昭和町4-63-3","34.056746","134.561433"
"レディースハイツ希林館２～３階　共用廊下・階段","徳島県徳島市南昭和町4-92-14","34.0546","134.55995"
"中山ビル　２番館３～４階　共用廊下・階段","徳島県徳島市南昭和町5-26-1","34.057211","134.563141"
"中山ビル　１番館３～４階　共用廊下・階段","徳島県徳島市南昭和町5-26-2","34.05726","134.562894"
"アマ・デトワール　１　２～３階　共用廊下・階段","徳島県徳島市南昭和町6-20-1","34.057556","134.564287"
"アマ・デトワール　２　２～３階　共用廊下・階段","徳島県徳島市南昭和町6-20-1","34.057401","134.563987"
"ルミエール２１　３階　共用廊下","徳島県徳島市南昭和町7-21-7","34.056486","134.565477"
"徳島大学　体育館３階　廊下・第１体育場","徳島県徳島市南常三島町1-1","34.078345","134.559622"
"徳島大学地域創生・国際交流会館２～６階　共用廊下、５階　教室","徳島県徳島市南常三島町1-1","34.076865","134.560019"
"徳島大学　理工学部　共通講義棟３～４階　廊下・ＥＶホール・講義室","徳島県徳島市南常三島町2-1","34.077586","134.562764"
"ウィロード１９８８　２～４階　共用廊下・階段","徳島県徳島市南常三島町2-3","34.076593","134.562739"
"キャッスル８５　２～４階　共用廊下・階段","徳島県徳島市南常三島町2-5","34.07638","134.562797"
"ハイツ幸宝２～３階　共用廊下・階段","徳島県徳島市南常三島町2-6-2","34.076378","134.563458"
"鳴門教育大学附属小学校３階　廊下・教室等、屋上","徳島県徳島市南前川町1-1","34.078429","134.555332"
"キャルズ２１　３階　共用廊下・階段","徳島県徳島市南前川町2-30","34.078604","134.553717"
"クドウハイツ３階　共用廊下","徳島県徳島市南前川町3-30-1","34.079082","134.551546"
"ロイヤルガーデン南仲之町２～１２階　共用廊下・階段、１３階　共用廊下","徳島県徳島市南仲之町3-24-1","34.065096","134.554835"
"サクラメントＨｏｕｓｅ（ハウス）３～４階　共用廊下","徳島県徳島市南田宮1-6-22","34.083552","134.544401"
"コーポショウエイ３階　共用廊下","徳島県徳島市南田宮2-6-13","34.081624","134.542954"
"宮内ハイツ３～４階　共用廊下・階段","徳島県徳島市南田宮2-8-20","34.080757","134.543806"
"ハイツ１８　３階　共用廊下","徳島県徳島市南田宮3-4-36","34.08549","134.537162"
"パレス千松２～６階　共用廊下・階段","徳島県徳島市南田宮4-3-7","34.085708","134.531044"
"千松小学校　新校舎南２階　廊下・各教室","徳島県徳島市南田宮4-5-5","34.084994","134.534012"
"千松小学校　北校舎２～４階　廊下・各教室","徳島県徳島市南田宮4-5-5","34.085486","134.533691"
"千松小学校　新校舎北２階　廊下・各教室","徳島県徳島市南田宮4-5-5","34.085234","134.533656"
"千松小学校　中校舎２～３階　廊下・各教室","徳島県徳島市南田宮4-5-5","34.085378","134.534097"
"サンライズ松原３～４階　共用廊下・階段","徳島県徳島市南田宮4-7-1","34.084316","134.534151"
"ルナ田宮３～５階　共用廊下","徳島県徳島市南田宮4-8-14","34.083358","134.534236"
"ツインズコート３～６階　共用廊下・階段","徳島県徳島市南二軒屋町1-2-3","34.055882","134.546034"
"徳島市消防団　八万分団屋上","徳島県徳島市南二軒屋町2-3-11","34.053425","134.545137"
"徳島視覚支援学校・徳島聴覚支援学校２～４階　廊下、屋上","徳島県徳島市南二軒屋町2-4-55","34.054063","134.544622"
"リバーサイド南末広　６番館３～６階　共用廊下・階段","徳島県徳島市南末広町2-31","34.062873","134.57227"
"南末広ハイツ３～４階　共用廊下・階段","徳島県徳島市南末広町2-38","34.062346","134.572082"
"マンワール南末広２～６階　共用廊下・階段","徳島県徳島市南末広町2-74","34.062191","134.570873"
"ハイツコウシンⅠ３～６階　共用廊下・階段","徳島県徳島市南末広町2-8-18","34.062819","134.571491"
"ブライダルアサヒ３～７階　屋外階段、７階　倉庫","徳島県徳島市南末広町30-22","34.060983","134.575802"
"イオンモール徳島３～７階立体駐車場、立体駐車場及び本棟屋上","徳島県徳島市南末広町4-1","34.061893","134.573058"
"南末広第一マンション２～１０階　共用廊下・階段","徳島県徳島市南末広町4-30","34.062569","134.574871"
"南末広第二マンション４階、７階、１０階　共用廊下","徳島県徳島市南末広町4-31","34.062498","134.575526"
"サーパス南末広　壱番館３～６階　共用廊下・階段","徳島県徳島市南末広町4-32","34.062248","134.576411"
"サーパス南末広　弐番館２～１３階　共用廊下・階段","徳島県徳島市南末広町4-33","34.062536","134.576507"
"ロイヤルコーポ末広３～５階　共用廊下","徳島県徳島市南末広町4-54","34.061305","134.575879"
"メゾン城西３～４階　共用廊下・階段","徳島県徳島市南矢三町1-9-5","34.082999","134.528676"
"徳島県立障害者交流プラザ２～３階　屋外通路・スロープ","徳島県徳島市南矢三町2-1-59","34.08465","134.525305"
"城西中学校　南校舎２～３階　廊下・各教室","徳島県徳島市南矢三町2-7-77","34.081375","134.52662"
"城西中学校　屋内運動場２階　ホール・アリーナ","徳島県徳島市南矢三町2-7-77","34.081284","134.527239"
"城西中学校　中校舎２～３階　廊下・各教室","徳島県徳島市南矢三町2-7-77","34.081628","134.527006"
"城西中学校　北校舎２～３階　廊下・各教室","徳島県徳島市南矢三町2-7-77","34.081886","134.527092"
"県営　矢三高見団地　２号棟３～５階　共用廊下・階段","徳島県徳島市南矢三町2-8-11","34.080721","134.528224"
"県営　矢三高見団地　１号棟３～５階　共用廊下・階段","徳島県徳島市南矢三町2-8-11","34.08098","134.528202"
"阿波製紙株式会社　厚生会館２階食堂スペース","徳島県徳島市南矢三町3-10-18","34.082024","134.521194"
"県営　矢三野神ノ本団地　３号棟３～５階　共用廊下","徳島県徳島市南矢三町3-5-20","34.083062","134.519201"
"県営　矢三野神ノ本団地　１号棟３～５階　共用廊下","徳島県徳島市南矢三町3-5-20","34.083569","134.519335"
"県営　矢三野神ノ本団地　２号棟３～５階　共用廊下","徳島県徳島市南矢三町3-5-20","34.083307","134.519265"
"寒香梅ハイツ３階　共用廊下","徳島県徳島市南矢三町3-5-43","34.083772","134.520119"
"徳島中央郵便局","徳島県徳島市八百屋町1-2","34.07126","134.553411"
"文化の森総合公園　シンボル広場　上の広場　【避難場所】シンボル広場　上の広場","徳島県徳島市八万町","34.040245","134.525771"
"夷山緑地（圓福寺公園）【避難場所】緑地内","徳島県徳島市八万町夷山29-1","34.04853","134.534193"
"メゾン竹内３階　共用廊下・階段","徳島県徳島市八万町下福万109-1","34.052685","134.532841"
"八万南小学校　校舎２～３階　廊下・各教室","徳島県徳島市八万町橋本111","34.042796","134.532223"
"若葉ハイツ３～５階　共用廊下・階段","徳島県徳島市八万町橋本50-1","34.045685","134.53144"
"八坂神社【避難場所】　境内","徳島県徳島市八万町犬山203","34.040069","134.54342"
"第１ハイツ福寿園１～３階　共用廊下・階段（床標高が高いため）","徳島県徳島市八万町上福万172-4","34.052174","134.531155"
"第２ハイツ福寿園１～３階　共用廊下・階段（床標高が高いため）","徳島県徳島市八万町上福万172-4","34.052405","134.531096"
"ガーデンヒルズ城南Ⅲ３階　共用廊下","徳島県徳島市八万町千鳥15-1","34.050817","134.53688"
"Ｍ´Ｓ２１　３階　共用廊下","徳島県徳島市八万町大坪193-1","34.045398","134.528233"
"サーパス文化の森　一番館２～１０階　共用廊下・階段","徳島県徳島市八万町大坪205-5","34.043943","134.52801"
"サーパス文化の森　二番館２～１０階　共用廊下・階段","徳島県徳島市八万町大坪205-6","34.043973","134.527579"
"大坪住宅７号棟２～５階　共用廊下・階段","徳島県徳島市八万町大坪221-1","34.042558","134.529483"
"大坪住宅８号棟２～５階　共用廊下・階段","徳島県徳島市八万町大坪221-1","34.042878","134.530068"
"大坪住宅９号棟２～５階　共用廊下・階段","徳島県徳島市八万町大坪221-1","34.042567","134.530041"
"メゾン・プチ・フルール３～４階　共用廊下・階段","徳島県徳島市八万町大坪96-2","34.045551","134.526939"
"医療法人敬老会　森岡病院３階　共用廊下・屋外スペース","徳島県徳島市八万町大野5-1","34.04344","134.54977"
"特別養護老人ホーム　ピア３階　屋外スペース","徳島県徳島市八万町大野5-5","34.043843","134.550006"
"グリーンハイツ近藤３～６階　共用廊下・階段","徳島県徳島市八万町内浜170-3","34.04815","134.543109"
"内浜ハイツ３～４階　共用廊下・階段","徳島県徳島市八万町内浜64-1","34.049281","134.538743"
"八万コミュニティセンター２階　廊下・和室・屋外スペース","徳島県徳島市八万町法花187-1","34.040083","134.539285"
"ハーブメゾン井川３階　共用廊下・階段","徳島県徳島市八万町法花谷247","34.037755","134.536733"
"春日神社【避難場所】境内","徳島県徳島市眉山町大滝山1","34.072223","134.542639"
"不動中学校　校舎２～３階　廊下・各教室","徳島県徳島市不動本町2-124","34.097386","134.50772"
"不動小学校　校舎２階　廊下・各教室","徳島県徳島市不動本町2-133","34.097252","134.506326"
"イクタコーポレーション３階　共用廊下","徳島県徳島市富田橋1-36-2","34.064309","134.553406"
"小野木マンション３階　共用廊下、屋上","徳島県徳島市富田橋1-56","34.064283","134.553828"
"ブルーメ森井２階　共用廊下","徳島県徳島市富田橋5-4","34.059288","134.551319"
"オーシャンハイツⅡ３～４階　共用廊下・階段","徳島県徳島市富田橋6-4","34.058822","134.55089"
"富田浜山清ビル３～８階　共用廊下・階段","徳島県徳島市富田浜2-17-1","34.067013","134.553077"
"市営　福島団地１棟２～１０階　共用廊下・階段","徳島県徳島市福島1-10-25","34.072222","134.567056"
"市営　福島団地２棟２～５階　共用廊下・階段","徳島県徳島市福島1-10-29","34.071685","134.567137"
"レジデンス福島２～１１階　共用廊下・階段","徳島県徳島市福島1-6-55","34.071206","134.564649"
"阿波国慈恵院２階　廊下、屋上","徳島県徳島市福島1-6-62","34.071616","134.56394"
"福島小学校　南校舎２～４階　廊下・各教室","徳島県徳島市福島1-7-28","34.069901","134.566343"
"福島小学校　北校舎２～３階　廊下・各教室","徳島県徳島市福島1-7-28","34.070522","134.56647"
"コーポ山本２～４階　共用廊下・階段","徳島県徳島市福島1-8-59","34.068454","134.565679"
"シティハウス　２　２～３階　共用廊下・階段","徳島県徳島市福島2-1-19","34.071939","134.568683"
"シティハウス　１　３階　共用廊下","徳島県徳島市福島2-1-6","34.071889","134.56898"
"ロイヤルガーデン福島　１４回共用部（廊下）３～１３階共有部（東階段及び西階段並びに廊下）","徳島県徳島市福島2-167-1","34.068676","134.568169"
"渭東コミュニティセンター２階　廊下・会議室・和室・調理室・サロン・屋外スペース　３階　廊下・階段・遊戯室・図書室・屋外スペース","徳島県徳島市福島2-4-24","34.069972","134.569454"
"ハイツはと２～６階　共用廊下・階段","徳島県徳島市福島2-4-8","34.069911","134.568328"
"シャトル福島　北棟３～５階　共用廊下・階段","徳島県徳島市福島2-5-16","34.068868","134.569019"
"シャトル福島　南棟３～５階　共用廊下・階段","徳島県徳島市福島2-5-16","34.068705","134.568989"
"コーポ福島３～４階　共用廊下・階段","徳島県徳島市福島2-5-30","34.067832","134.568926"
"Ｇｒａｎｄ　Ｐｉｎ（グランドパイン）２～３階　共用廊下","徳島県徳島市福島2-5-56","34.068832","134.567829"
"サーパス渭東３～１０階　共用廊下・階段","徳島県徳島市北沖洲1-1-50","34.067755","134.583517"
"徳島市立高等学校　校舎２～５階　廊下・各教室・体育館・２階　屋外通路","徳島県徳島市北沖洲1-15-60","34.072228","134.578934"
"シャトレ徳島２～４階　共用廊下・階段","徳島県徳島市北沖洲1-6-10","34.069041","134.583914"
"コーポ沖洲３～４階　共用廊下・階段","徳島県徳島市北沖洲2-3-30","34.066343","134.587024"
"タウンパレス２階　駐車場","徳島県徳島市北沖洲2-3-44","34.066661","134.58612"
"パレスフェアリー　２　３階　共用廊下","徳島県徳島市北沖洲2-7-40","34.069038","134.588324"
"パレスフェアリー　１　３階　共用廊下","徳島県徳島市北沖洲2-7-40","34.06894","134.588447"
"郡ハイツ２～６階　共用廊下・階段","徳島県徳島市北沖洲3-2-45","34.065284","134.589653"
"マリンサイド３～６階　共用廊下・階段","徳島県徳島市北沖洲3-4-36","34.065622","134.589974"
"沖洲コミュニティセンター２階　廊下・会議室・遊戯室・図書室・屋外スペース","徳島県徳島市北沖洲3-4-7","34.066847","134.589511"
"めだか保育園分園【津波避難タワー】タワー中段","徳島県徳島市北沖洲3-8-69","34.069681","134.589859"
"ハイツ阿部２～４階　共用廊下・階段、屋上","徳島県徳島市北沖洲3-9-10","34.071739","134.590582"
"中央卸売市場　管理棟３～７階　立体駐車場、立体駐車場及び本棟屋上","徳島県徳島市北沖洲4-1-38","34.067586","134.591056"
"Ｓｕｎ　ＳｔａｇｅⅠ３階　共用廊下","徳島県徳島市北沖洲4-11-30","34.071484","134.594139"
"川島病院　１号館３～５階　廊下・階段","徳島県徳島市北佐古1-1-39","34.08","134.541018"
"川島病院　２号館３～４階　廊下・階段・食堂","徳島県徳島市北佐古1-1-39","34.079816","134.541005"
"川島病院　３号館３～５階　廊下・階段・食堂、５階　屋外スペース","徳島県徳島市北佐古1-1-39","34.079741","134.541451"
"社会福祉法人　飛鳥ケアハウス３～６階　廊下","徳島県徳島市北佐古1-1-6","34.079399","134.541683"
"グランドール北佐古３～４階　共用廊下・階段","徳島県徳島市北佐古1-4-46","34.083264","134.538911"
"エステート北佐古３～５階　共用廊下・階段","徳島県徳島市北佐古1-5-12","34.081513","134.537387"
"アップルコート３～４階　共用廊下・階段","徳島県徳島市北佐古1-7-40","34.080656","134.539575"
"四国クリエイト協会徳島支所２階　廊下・会議室・喫茶室・打合せ室","徳島県徳島市北佐古2-1-14","34.081871","134.536665"
"方上小学校　校舎２～３階　廊下・各教室","徳島県徳島市北山町下地1-3","34.024982","134.536304"
"コスモプラザ３～９階　共用廊下、屋上","徳島県徳島市北常三島町1-1-6","34.081867","134.560945"
"プレステージ常三島ハイツ３～８階　共用廊下・階段","徳島県徳島市北常三島町2-10-9","34.08046","134.561954"
"サウスキャッスル２～３階　共用廊下・階段","徳島県徳島市北常三島町2-17-35","34.080865","134.562925"
"徳島市民病院　立体駐車場２階　駐車場、屋上　駐車場","徳島県徳島市北常三島町2-34","34.081644","134.56236"
"ノーベル徳大前２～４階　共用廊下・階段","徳島県徳島市北常三島町3-31-5","34.082114","134.564742"
"ＭＣマンション３～４階　共用廊下・階段","徳島県徳島市北常三島町3-4-2","34.08032","134.563983"
"ユーソニア３～４階　共用廊下・階段","徳島県徳島市北前川町1-4-1","34.080284","134.555789"
"渭北コミュニティセンター２階　廊下・集会室・会議室・研修室・調理室・屋外スペース、屋上","徳島県徳島市北前川町2-7-3","34.081091","134.553919"
"アーバン前川３階　共用廊下","徳島県徳島市北前川町3-15-2","34.081391","134.553135"
"ロイヤルガーデン北前川２～１４階　共用廊下・階段、１５階　共用廊下","徳島県徳島市北前川町4-7","34.080771","134.549891"
"メゾン・デ・レブ３階　共用廊下・階段","徳島県徳島市北田宮1-6-41","34.090165","134.546342"
"ハイツ森３～４階　共用廊下・階段","徳島県徳島市北田宮1-6-47","34.089776","134.547126"
"市営　灘団地　２棟３階　共用廊下","徳島県徳島市北田宮1-7-33","34.089968","134.545661"
"市営　灘団地１棟　２～４階　共用廊下","徳島県徳島市北田宮1-7-33","34.090177","134.545641"
"市営　灘団地　１棟３～４階　共用廊下・階段","徳島県徳島市北田宮1-7-33","34.090177","134.545641"
"市営　灘団地　１棟３～４階　共用廊下","徳島県徳島市北田宮1-7-33","34.090177","134.545641"
"市営　灘団地２棟　２～３階　共用廊下","徳島県徳島市北田宮1-7-33","34.089968","134.545661"
"城ノ内中等教育学校　研修館２階　廊下・ホール・宿泊室等","徳島県徳島市北田宮1-9-30","34.091738","134.546174"
"城ノ内中等教育学校　東教室棟２～３階　廊下・教室等","徳島県徳島市北田宮1-9-30","34.091922","134.546602"
"城ノ内中等教育学校　南教室棟３～４階　廊下・教室","徳島県徳島市北田宮1-9-30","34.091625","134.545471"
"城ノ内中等教育学校　北教室棟２～４階　廊下・教室","徳島県徳島市北田宮1-9-30","34.091918","134.545405"
"城ノ内中等教育学校　体育館２階　廊下等","徳島県徳島市北田宮1-9-30","34.091063","134.546086"
"手塚ハイツ３～４階　共用廊下・階段","徳島県徳島市北田宮2-1-23","34.087421","134.543877"
"クスモトビル３～５階　共用廊下・階段","徳島県徳島市北田宮2-14-50","34.091457","134.542777"
"市営　広坪団地２棟　２～３階　共用廊下","徳島県徳島市北田宮2-2-15","34.087159","134.542236"
"市営　広坪団地　２棟３階　共用廊下","徳島県徳島市北田宮2-2-15","34.087159","134.542236"
"市営　広坪団地　１棟３～４階　共用廊下・階段","徳島県徳島市北田宮2-2-16","34.087089","134.541785"
"市営　広坪団地３棟　３～４階　共用廊下","徳島県徳島市北田宮2-2-35","34.087482","134.541842"
"市営　広坪団地３棟　２～４階　共用廊下","徳島県徳島市北田宮2-2-35","34.087482","134.541842"
"市営　広坪団地　３棟３～４階　共用廊下・階段","徳島県徳島市北田宮2-2-35","34.087482","134.541842"
"桑村マンション３～４階　共用廊下・階段","徳島県徳島市北田宮2-4-67","34.088174","134.540218"
"Ａｒｃａｄｉａ２１　３～４階　共用廊下・階段","徳島県徳島市北田宮2-7-39","34.089753","134.544301"
"北野ビル３階　共用廊下","徳島県徳島市北田宮2-7-52","34.090116","134.544824"
"クレア城ノ内３階　共用廊下・共用食堂","徳島県徳島市北田宮2-8-8","34.090336","134.543992"
"サンシャイン木村ハイツⅢ３～５階　共用廊下・階段","徳島県徳島市北田宮3-1-11","34.086843","134.538085"
"メゾンドール田宮３階　共用廊下","徳島県徳島市北田宮3-10-18","34.091898","134.536432"
"サンシャイン木村ハイツ３～５階　共用廊下・階段","徳島県徳島市北田宮3-2-5","34.086956","134.537277"
"ルミエール北田宮Ⅰ３階　共用廊下","徳島県徳島市北田宮3-4-30","34.087878","134.535235"
"株式会社四電工　田宮寮３～４階　共用廊下、屋上","徳島県徳島市北田宮3-5-58","34.088658","134.538731"
"リバティ２１　３～４階　共用廊下","徳島県徳島市北田宮3-5-68","34.087779","134.538505"
"マリベール　Ｔ－ｓｋｙ３階　共用廊下","徳島県徳島市北田宮3-6-46","34.090608","134.538435"
"城北高等学校　北校舎２～４階　廊下・普通教室等","徳島県徳島市北田宮4-13-6","34.089821","134.530705"
"城北高等学校　本館２～５階　廊下・普通教室等","徳島県徳島市北田宮4-13-6","34.089343","134.530789"
"城北高等学校　体育館２～３階　ホール、２階　ステージ・アリーナ・ホール等","徳島県徳島市北田宮4-13-6","34.089492","134.529953"
"加茂コミュニティセンター２階　廊下・会議室・和室・遊戯室・図書室・ラウンジ・屋外スペース","徳島県徳島市北田宮4-6-60","34.088502","134.529481"
"エグゼリオ３階　共用廊下","徳島県徳島市北矢三町1-2-10","34.086142","134.528059"
"徳島しらさぎ中学校　２階　会議室・廊下","徳島県徳島市北矢三町1-3-8","34.088386","134.526245"
"徳島中央高等学校　本館２～５階　廊下・各教室、屋上","徳島県徳島市北矢三町1-3-8","34.088068","134.526829"
"徳島科学技術高等学校　校舎２～５階　廊下・教室等","徳島県徳島市北矢三町2-1-1","34.085802","134.525273"
"徳島科学技術高等学校　駐輪場２階　自転車置場通路","徳島県徳島市北矢三町2-1-1","34.086196","134.525829"
"徳島科学技術高等学校　体育館２階　舞台・アリーナ・屋外通路","徳島県徳島市北矢三町2-1-1","34.085957","134.525976"
"ビルド・ノーサイド３～６階　共用廊下・階段","徳島県徳島市北矢三町2-4-43","34.087092","134.525811"
"さくらハイツ３階　共用廊下・階段","徳島県徳島市北矢三町2-8-36","34.090265","134.524241"
"市営　矢三西住宅　２～４階共用廊下・階段","徳島県徳島市北矢三町3-1-67","34.085818","134.52207"
"市営　矢三西住宅　２～４階共用廊下・階段、４階屋上、屋上","徳島県徳島市北矢三町3-1-67","34.085818","134.52207"
"ベルディオ３階　共用廊下・階段・ＥＶホール","徳島県徳島市北矢三町3-2-70","34.086531","134.52152"
"グランドハイツ矢三３階　共用廊下","徳島県徳島市北矢三町3-3-27","34.088378","134.519748"
"西原ハイツ３～４階　共用廊下・階段","徳島県徳島市北矢三町3-5-46","34.089779","134.520824"
"グランディール矢三Ｄ３階　共用廊下","徳島県徳島市北矢三町3-6-18","34.090103","134.520025"
"グランディール矢三Ｃ３階　共用廊下","徳島県徳島市北矢三町3-6-20","34.089937","134.519582"
"ノーブルＮｉｎｅ３階　共用廊下","徳島県徳島市北矢三町4-8-3-8","34.087656","134.517349"
"コーポ齋藤２～４階　共用廊下・階段、屋上","徳島県徳島市末広1-4-14","34.066144","134.571767"
"第１９柴田マンション３～９階　共用廊下・階段","徳島県徳島市末広1-5-66","34.063404","134.569958"
"末広レインボーハイツ３～４階　共用廊下・階段","徳島県徳島市末広3-3-36","34.066566","134.575601"
"西山ハイツ２～４階　共用廊下・階段","徳島県徳島市末広3-6-22","34.066153","134.576448"
"百間地開発ビル　夢壱番館２～９階　共用廊下・階段","徳島県徳島市末広4-1-1","34.067439","134.577626"
"県営　末広西団地　１号棟３～５階　共用廊下・階段","徳島県徳島市末広4-1-22","34.066983","134.578646"
"県営　末広西団地　３号棟３～５階　共用廊下・階段","徳島県徳島市末広4-1-22","34.066383","134.578345"
"県営　末広西団地　４号棟３～５階　共用廊下・階段","徳島県徳島市末広4-1-22","34.067065","134.578332"
"県営　末広西団地　２号棟３～５階　共用廊下・階段","徳島県徳島市末広4-1-22","34.066681","134.57842"
"第２吉野川ハイツ２～４階　共用廊下・階段","徳島県徳島市末広4-1-8","34.067184","134.578011"
"光ハイツ２～８階　共用廊下・階段","徳島県徳島市末広4-1-9","34.067716","134.578425"
"市営　末広団地　１４棟　２～１２階　共用廊下・踊り場","徳島県徳島市末広4-10-14","34.06475","134.580943"
"市営　末広団地　１４棟２～１２階　共用廊下・階段、１１階　屋外スペース","徳島県徳島市末広4-10-14","34.06475","134.580943"
"市営　末広団地　１５棟２～８階　共用廊下・階段","徳島県徳島市末広4-10-15","34.064557","134.580474"
"市営　末広団地　１６棟２～４階　共用廊下・階段","徳島県徳島市末広4-10-16","34.064425","134.580893"
"市営　末広団地１７棟　３～４階共用廊下・踊り場","徳島県徳島市末広4-10-17","34.064225","134.580552"
"市営　末広団地　１７棟２～４階　共用廊下・階段","徳島県徳島市末広4-10-17","34.064225","134.580552"
"市営　末広団地　１８棟２～４階　共用廊下・階段","徳島県徳島市末広4-10-18","34.064076","134.580206"
"市営　末広団地１９棟　２～８階共用廊下・踊り場","徳島県徳島市末広4-10-19","34.063886","134.580653"
"市営　末広団地　１９棟２～８階　共用廊下・階段、５、７、８階　屋外スペース、屋上","徳島県徳島市末広4-10-19","34.063886","134.580653"
"サニーテラス２～３階　共用廊下・階段","徳島県徳島市末広4-3-5","34.064623","134.578896"
"県営　末広南団地　２号棟３階　共用廊下・階段","徳島県徳島市末広4-4-32","34.064978","134.579144"
"県営　末広南団地　５号棟３階　共用廊下・階段","徳島県徳島市末広4-4-32","34.065133","134.578181"
"県営　末広南団地　４号棟３階　共用廊下・階段","徳島県徳島市末広4-4-32","34.065413","134.57825"
"県営　末広南団地　３号棟３階　共用廊下・階段","徳島県徳島市末広4-4-32","34.064903","134.579704"
"県営　末広南団地　１号棟３階　共用廊下・階段","徳島県徳島市末広4-4-32","34.065183","134.579272"
"リビエールＳＳＣ３～４階　共用廊下・階段","徳島県徳島市末広4-8-17","34.066797","134.581277"
"グランディール末広３～４階　共用廊下・階段","徳島県徳島市末広5-1-16","34.064591","134.577175"
"徳島県庁舎２・５～１０階　廊下・ＥＶホール","徳島県徳島市万代町1-1","34.065736","134.559312"
"徳島グランヴィリオホテル３～５階　駐車場","徳島県徳島市万代町3-5-1","34.065002","134.561167"
"徳島県職員会館３階～４階　廊下","徳島県徳島市万代町3-5-3","34.064519","134.56137"
"医療法人　倚山会　田岡病院２階　研修室、研修ホール等５階　屋外リハビリ訓練スペース、スタッフルーム等","徳島県徳島市万代町4-2-2","34.065576","134.563563"
"県営　万代町団地２～８階　共用廊下・階段、屋上","徳島県徳島市万代町5-22-9","34.062587","134.56364"
"コスモハイツ２～４階　共用廊下・階段","徳島県徳島市万代町5-47-3","34.061962","134.564264"
"ハーバーハイツ万代町３～４階　共用廊下・階段","徳島県徳島市万代町5-71-39","34.063198","134.565867"
"ジャスミンハイツ万代町３～４階　共用廊下・階段","徳島県徳島市万代町5-71-41","34.063011","134.566033"
"エスポワール　Ⅱ２～３階　共用廊下・階段","徳島県徳島市万代町6-14","34.0612","134.565615"
"レジデンスイマイⅡ２～３階　共用廊下・階段","徳島県徳島市万代町6-6","34.061833","134.565104"
"ファミールアキツ３～４階　共用廊下・階段","徳島県徳島市明神町2-25","34.063806","134.554673"
"ヴィラ・デ・アッシュ３～４階　共用廊下・階段","徳島県徳島市明神町2-7-1","34.062589","134.554677"
"オーシャンハイツ３階　共用廊下","徳島県徳島市明神町6-32-1","34.058112","134.550349"
"シティーコーポ倖３～６階　共用廊下・階段","徳島県徳島市明神町6-33-1","34.05806","134.550639"
"あわぎんホール２（中２）～７階（ＰＨ１階）　廊下・ホール・階段","徳島県徳島市藍場町2-14","34.075067","134.546212"
"徳島県警察学校　本館２階　廊下・講堂、３階　廊下・第３～５教室","徳島県徳島市論田町中開51-1","34.035803","134.574786"
"論田小学校　校舎２～３階　廊下・各教室","徳島県徳島市論田町本浦上9","34.029698","134.563986"
"アーバンコート論田３～４階　共用廊下・階段","徳島県徳島市論田町本浦中4","34.031244","134.56434"
"阿井公民館前駐車場","徳島県那賀町阿井字杉の久保17-1","33.849627","134.481079"
"阿井グラウンド","徳島県那賀町阿井字杉の久保5-1","33.849097","134.481862"
"相生中学校グラウンド","徳島県那賀町延野字大原100","33.821165","134.481909"
"相生小学校グラウンド","徳島県那賀町延野字大原80","33.821227","134.483411"
"相生ふるさと交流館駐車場","徳島県那賀町横石字大板34","33.798151","134.451444"
"四季美谷温泉駐車場","徳島県那賀町横谷字夏切3-3","33.862697","134.250986"
"海川グラウンド","徳島県那賀町海川字ヲフウチ55","33.779842","134.253716"
"木沢小学校グラウンド","徳島県那賀町坂州字向エ169-1","33.828629","134.299381"
"木沢グラウンド","徳島県那賀町坂州字高山平7-1","33.826287","134.299934"
"上那賀中学校グラウンド","徳島県那賀町小浜197","33.804923","134.372758"
"上那賀グラウンド","徳島県那賀町小浜24-1","33.809936","134.374875"
"（旧）桜谷小学校グラウンド","徳島県那賀町水崎字水崎原27","33.798077","134.380593"
"西納グラウンド","徳島県那賀町西納字上平間3","33.829902","134.417909"
"日野谷グラウンド","徳島県那賀町大久保字中西28-1","33.793606","134.443999"
"中山地区農村緑地公園","徳島県那賀町中山字かじや前8","33.861735","134.532371"
"中山公民館駐車場","徳島県那賀町中山字とふめん36","33.85974","134.529612"
"平谷小学校グラウンド","徳島県那賀町平谷字北浦9","33.794383","134.301948"
"平谷グラウンド","徳島県那賀町平谷字北側21-1","33.789878","134.30202"
"相生グラウンド","徳島県那賀町平野字大平間10","33.833852","134.438076"
"平野グラウンド","徳島県那賀町平野字妙見前1-1","33.837445","134.452318"
"北川小学校グラウンド","徳島県那賀町木頭折宇字六地蔵89","33.77474","134.113766"
"北川グラウンド","徳島県那賀町木頭北川字船谷口3","33.773797","134.103708"
"木頭小・中学校グラウンド","徳島県那賀町木頭和無田字ナカスジ1","33.772561","134.198233"
"木頭文化会館前駐車場","徳島県那賀町木頭和無田字マツギ40","33.769939","134.196928"
"雄公民館グラウンド","徳島県那賀町雄字かんばら17","33.805661","134.473329"
"道の駅鷲の里駐車場","徳島県那賀町和食郷字田野82","33.863274","134.501502"
"鷲敷中学校駐車場","徳島県那賀町和食郷字南川119","33.857584","134.494623"
"那賀町総合体育館駐車場","徳島県那賀町和食郷字南川136","33.857437","134.496643"
"豊饒の杜グラウンド","徳島県那賀町和食郷字南川673","33.856068","134.493635"
"板野町南公会堂","徳島県板野町下庄字神木59-1","34.123026","134.448937"
"下庄老人憩の家","徳島県板野町下庄字栖養14-1","34.123646","134.45337"
"板野南小学校　体育館　※屋外含む","徳島県板野町下庄字栖養44","34.123915","134.456241"
"南公民館","徳島県板野町下庄字栖養46-2","34.12478","134.457014"
"健康の館（板野町田園パーク）　※屋外含む","徳島県板野町犬伏字大柳1","34.139289","134.45613"
"文化の館","徳島県板野町犬伏字東谷13-1","34.145112","134.453333"
"犬伏老人憩の家","徳島県板野町犬伏字平山83","34.142401","134.450652"
"徳島工業短期大学","徳島県板野町犬伏字蓮花谷100","34.142214","134.444319"
"古城老人憩の家","徳島県板野町古城字南屋敷44-1","34.131775","134.44984"
"黒谷老人憩の家","徳島県板野町黒谷字東原24-3","34.141206","134.431363"
"板野町体育センター","徳島県板野町吹田字間谷14-1","34.147264","134.455494"
"吹田老人憩の家","徳島県板野町吹田字神木3-3","34.148478","134.460854"
"穂波園指定通所介護事業所","徳島県板野町吹田字西山68-10","34.145739","134.455676"
"板野東小学校　体育館・講堂　※屋外含む","徳島県板野町吹田字町東2","34.147091","134.464609"
"西中富老人憩の家","徳島県板野町西中富字雁ケ坪35","34.12633","134.465193"
"日出家老人憩の家","徳島県板野町西中富字宮ノ本28-7","34.119095","134.464495"
"板野高校体育館","徳島県板野町川端字関ノ本47","34.140952","134.470275"
"川端老人憩の家（川端コミュニティセンター）","徳島県板野町川端字宮ノ西17-2","34.148752","134.4787"
"川端教育集会所","徳島県板野町川端字権現1-1","34.15117","134.480336"
"川端老人ルーム","徳島県板野町川端字原田33-1","34.148348","134.482112"
"板野町防災ステーション","徳島県板野町川端字新手崎18-1","34.137473","134.472809"
"新田老人憩の家","徳島県板野町川端字中手崎52-9","34.136586","134.471696"
"板野東小学校・幼稚園大坂分校　体育館","徳島県板野町大坂字宮本20","34.177768","134.44818"
"郡頭教育集会所","徳島県板野町大寺字王子33","34.141318","134.463188"
"岡ノ宮老人憩の家","徳島県板野町大寺字岡ノ前138-3","34.141916","134.459449"
"板野保育園管理棟","徳島県板野町大寺字岡ノ前20","34.139965","134.459794"
"総合センター","徳島県板野町大寺字岡ノ前33-1","34.140337","134.459107"
"板野町町民センター","徳島県板野町大寺字亀山西169-5","34.14406","134.462669"
"中央公民館","徳島県板野町大寺字亀山西190-1","34.144618","134.462672"
"板野町東公会堂","徳島県板野町大寺字亀山西31-1","34.14521","134.464663"
"板野中学校　体育館・柔剣道場　※屋外含む","徳島県板野町大寺字郡頭11","34.14007","134.462116"
"板野保育園遊戯室","徳島県板野町大寺字郡頭27-2","34.139898","134.460819"
"高樹老人憩の家","徳島県板野町大寺字高樹14-6","34.13022","134.462539"
"大寺老人憩の家","徳島県板野町大寺字平井75-1","34.142453","134.467075"
"中久保老人憩の家","徳島県板野町中久保字当部65-1","34.116287","134.442606"
"唐園老人憩の家","徳島県板野町唐園字香殿北20","34.127485","134.446448"
"板野西小学校　体育館　※屋外含む","徳島県板野町那東字泉ノ西4-9","34.135904","134.438029"
"板野町町民ふれあいプラザ","徳島県板野町那東字大道下10","34.136577","134.439574"
"那東老人憩の家","徳島県板野町那東字道ブチ22-1","34.138212","134.438168"
"矢武老人憩の家","徳島県板野町矢武字鏡松3","34.125502","134.435654"
"羅漢老人憩の家","徳島県板野町羅漢字吉田15-2","34.13416","134.432882"
"阿部校","徳島県美波町阿部103","33.791096","134.640035"
"阿部公民館","徳島県美波町阿部214","33.790095","134.639341"
"交流拠点施設（にぎわいの館）（地震時、洪水時、土砂災害時、高潮時は２階以上に避難）","徳島県美波町伊座利220","33.80615","134.670053"
"伊座利校（地震時、洪水時、土砂災害時、高潮時は２階以上に避難）","徳島県美波町伊座利221","33.805996","134.669605"
"交流促進施設（イザリｃａｆｅ）（地震時は２階以上に避難）","徳島県美波町伊座利301-2","33.802602","134.669147"
"青少年旅行村キャンプ場管理棟","徳島県美波町伊座利字小伊座利341","33.80181","134.665786"
"旧明神荘","徳島県美波町伊座利字小伊座利341-44","33.802236","134.665713"
"美波町医療保健センター（洪水時、土砂災害時、津波時、高潮時は２階以上に避難）","徳島県美波町奥河内字井ノ上13-2","33.735681","134.532486"
"井ノ上公会堂（洪水時、土砂災害時、高潮時は２階以上に避難）","徳島県美波町奥河内字井ノ上234-5","33.741624","134.53705"
"日和佐隣保館（洪水時、土砂災害時、高潮時は２階以上に避難）","徳島県美波町奥河内字井ノ上69-4","33.736125","134.531992"
"日和佐総合体育館（津波時は２階以上に避難）","徳島県美波町奥河内字櫛ヶ谷263-1","33.72216","134.539237"
"日和佐公民館（洪水時、津波時、高潮時は２階以上に避難）","徳島県美波町奥河内字寺前153-1","33.731103","134.533055"
"薬王寺","徳島県美波町奥河内字寺前285-1","33.732323","134.527589"
"日和佐中学校　体育館（洪水時、土砂災害時、高潮時は２階以上に避難）","徳島県美波町奥河内字大久保76-2","33.73905","134.531641"
"日和佐小学校　体育館","徳島県美波町奥河内字本村32","33.735579","134.535919"
"山河内集会所","徳島県美波町山河内字なか10-1","33.716566","134.485367"
"潮騒の館","徳島県美波町志和岐字天王10","33.780961","134.607901"
"荘巌寺","徳島県美波町志和岐字天王68-3","33.781435","134.607435"
"志和岐公民館（洪水時、土砂災害時、高潮時は２階以上に避難）","徳島県美波町志和岐字田井ヶ浦89","33.781385","134.608982"
"田井公民館（洪水時、土砂災害時、高潮時は２階以上に避難）","徳島県美波町字田井710","33.772875","134.58225"
"由岐公民館（洪水時、土砂災害時、高潮時は２階以上に避難。津波時は３階以上に避難）","徳島県美波町西の地字西地50-1","33.775028","134.591015"
"由岐小学校　体育館（洪水時、土砂災害時、高潮時は２階以上に避難）","徳島県美波町西の地字谷裏90-19","33.77624","134.598157"
"西河内集会所","徳島県美波町西河内字丹前14","33.732961","134.512282"
"赤松集会所","徳島県美波町赤松字阿地屋379-5","33.776121","134.498776"
"赤松防災拠点施設","徳島県美波町赤松字阿地屋41-1","33.775413","134.498931"
"基幹集落センター","徳島県美波町赤松字阿地屋48","33.77584","134.499795"
"美波町由岐Ｂ＆Ｇ海洋センター（洪水時、土砂災害時、高潮時は２階以上に避難）","徳島県美波町田井字小野52","33.773404","134.586852"
"東由岐公民館（洪水時、土砂災害時、高潮時は２階以上に避難）","徳島県美波町東由岐字大池101-1","33.773825","134.594535"
"ねぶと防災拠点施設","徳島県美波町東由岐字本村217-1","33.770599","134.59496"
"美波町城山交流拠点施設","徳島県美波町日和佐浦444-28","33.729062","134.537206"
"十二社神社社務所","徳島県美波町北河内久望251","33.782598","134.534762"
"大戸集会所","徳島県美波町北河内字久望398-1","33.780084","134.547107"
"深瀬集会所","徳島県美波町北河内字北分158","33.762129","134.524283"
"北河内集会所","徳島県美波町北河内字本村240-1","33.745124","134.537362"
"木岐白浜集落センター","徳島県美波町木岐191-2","33.760284","134.569457"
"木岐小学校　体育館","徳島県美波町木岐72","33.765417","134.575403"
"木岐小学校　校舎（洪水時、土砂災害時、高潮時は２階以上に避難）","徳島県美波町木岐72","33.765667","134.575774"
"木岐聖ヶ丘農林漁業体験施設","徳島県美波町木岐927-2","33.767163","134.560037"
"穴吹農村環境改善センター","徳島県美馬市穴吹町穴吹字安成73","34.053194","134.170309"
"穴吹中学校","徳島県美馬市穴吹町穴吹字井口23","34.043695","134.167688"
"穴吹小学校","徳島県美馬市穴吹町穴吹字柏40","34.046645","134.168659"
"穴吹スポーツセンター","徳島県美馬市穴吹町穴吹字藪ノ下5","34.047144","134.169851"
"宮内交流の里","徳島県美馬市穴吹町口山字宮内52","34.008848","134.148527"
"初草ふれあい館","徳島県美馬市穴吹町口山字初草144","34.037514","134.1611"
"西渕ふれあいの里","徳島県美馬市穴吹町口山字渕名485","34.024493","134.132697"
"三島中学校","徳島県美馬市穴吹町三島字三谷356","34.055439","134.128525"
"三島小学校　※洪水時は２階以上に避難","徳島県美馬市穴吹町三島字三谷374","34.055217","134.130091"
"道の駅　みまの里","徳島県美馬市美馬町字願勝寺72","34.054507","134.057123"
"郡里地域活動センター　※洪水時は３階以上に避難","徳島県美馬市美馬町字玉振前1-1","34.056923","134.06706"
"寺町防災交流センター","徳島県美馬市美馬町字寺ノ下20-1","34.052091","134.060684"
"重清北交流館","徳島県美馬市美馬町字狙ケ内26-3","34.086742","134.041943"
"重清東地域活動センター　※洪水時は２階以上に避難","徳島県美馬市美馬町字大泉48-1","34.051719","134.042564"
"美馬中学校等（美馬小学校含む）","徳島県美馬市美馬町字谷ヨリ西68","34.052531","134.049856"
"美馬福祉センター跡地","徳島県美馬市美馬町字中東原75","34.053013","134.047167"
"美馬町市民サービスセンター","徳島県美馬市美馬町字天神121","34.049743","134.049934"
"喜来地域活動センター","徳島県美馬市美馬町字天神63-1","34.048937","134.052871"
"芝坂地域活動センター","徳島県美馬市美馬町字南原22-1","34.064393","134.087276"
"美馬竜王の郷","徳島県美馬市美馬町字入倉657","34.096297","134.066606"
"重清西地域活動センター","徳島県美馬市美馬町字八幡115","34.047559","134.01778"
"三ツ木集会所","徳島県美馬市木屋平字三ツ木239-1","33.963293","134.214209"
"木屋平複合施設等（川井集会所、木屋平中学校体育館含む）","徳島県美馬市木屋平字川井224","33.934824","134.212204"
"谷口公民館","徳島県美馬市木屋平字谷口35-1","33.914766","134.178674"
"岩倉小学校","徳島県美馬市脇町岩倉2879","34.062584","134.113552"
"地域共生交流施設　小星ベース","徳島県美馬市脇町字小星692-1","34.06055","134.096712"
"江原北小学校　※土砂災害時は体育館使用不可","徳島県美馬市脇町字西赤谷3744-2","34.111469","134.17166"
"大谷せせらぎの里","徳島県美馬市脇町字西大谷437","34.105208","134.143016"
"清水地域活動センター","徳島県美馬市脇町字西俣名1069","34.156745","134.156051"
"中ノ谷ふれあいの里","徳島県美馬市脇町字川原柴221","34.103324","134.115473"
"江原中学校","徳島県美馬市脇町字曽江名359-41","34.089514","134.172665"
"東俣ふれあいの里","徳島県美馬市脇町字東俣名320","34.13441","134.193155"
"江原南小学校","徳島県美馬市脇町字拝原829","34.072772","134.172742"
"うだつアリーナ","徳島県美馬市脇町新町196","34.067582","134.131855"
"脇町小学校","徳島県美馬市脇町大字猪尻字西ノ久保116","34.070709","134.151388"
"脇町中学校","徳島県美馬市脇町大字猪尻字西ノ久保78","34.07032","134.15284"
"地域交流センター　ミライズ","徳島県美馬市脇町大字猪尻字西分116-1","34.06673","134.14941"
"道の駅　藍ランドうだつ","徳島県美馬市脇町大字脇町55","34.066896","134.146708"
"岩倉中学校","徳島県美馬市脇町別所3406","34.060897","134.107495"
"北島南小学校校舎","徳島県北島町江尻字宮ノ本40-2","34.118936","134.543496"
"北島南小学校体育館","徳島県北島町江尻字宮ノ本40-2","34.118927","134.543126"
"南部地区学習等供用施設","徳島県北島町江尻字宮ノ本41-3","34.119252","134.54375"
"北島町武道館","徳島県北島町江尻字柳池4-1","34.122542","134.545413"
"北島西児童館","徳島県北島町高房字勝瑞境95-10","34.129224","134.533943"
"北島中学校体育館","徳島県北島町高房字東野神本25-3","34.124524","134.544413"
"北島中学校校舎","徳島県北島町高房字東野神本25-3","34.124314","134.545388"
"グリーンタウン防災施設","徳島県北島町新喜来字下竿1-16","34.136168","134.542481"
"北島町保健相談センター","徳島県北島町新喜来字南古田88-1","34.126676","134.546107"
"図書館・創世ホール","徳島県北島町新喜来字南古田91","34.126103","134.546296"
"太郎八須地区一時避難場所","徳島県北島町太郎八須","34.137446","134.564476"
"北島町清掃センター","徳島県北島町太郎八須字宮ノ本1-1","34.140841","134.565358"
"北島北公園総合体育館","徳島県北島町太郎八須字五反地10-1","34.134743","134.557747"
"北島南老人憩の家","徳島県北島町鯛浜字川久保171","34.113455","134.552337"
"中村老門地区津波避難タワー","徳島県北島町中村字井利ノ口８－３地先","34.128053","134.565222"
"北島町総合庁舎（公民館）","徳島県北島町中村字上地23-1","34.12559","134.546997"
"サンライフ北島","徳島県北島町中村字川田9-1","34.125683","134.546094"
"北島町立保育所","徳島県北島町中村字竹ノ下23-1","34.12829","134.548936"
"町民体育センター","徳島県北島町中村字中内11-1","34.128294","134.55517"
"チューリップハウス横高台","徳島県北島町中村字中内45-1","34.128802","134.554006"
"北島小学校校舎","徳島県北島町中村字長池17-3","34.124921","134.54993"
"北島小学校体育館","徳島県北島町中村字長池17-3","34.125107","134.549257"
"中央地区学習等供用施設","徳島県北島町中村字長池28","34.124116","134.550722"
"サンビレッジ北島","徳島県北島町中村字日開野51-5","34.129136","134.553498"
"吉野川荘","徳島県北島町中村字八丁野4-19","34.130787","134.537366"
"北島東児童館","徳島県北島町中村字本須76-7","34.126505","134.56293"
"北部地区学習等供用施設","徳島県北島町北村字壱町四反地18-1","34.13714","134.55331"
"北島北小学校校舎","徳島県北島町北村字壱町四反地20-1","34.136721","134.552691"
"北島北小学校体育館","徳島県北島町北村字壱町四反地20-1","34.136384","134.552267"
"板野東部消防組合　（洪水時（２階））　（津波時（２階））","徳島県北島町北村字大開11-1","34.134226","134.563236"
"河内地区軍人墓地","徳島県牟岐町大字河内","33.686571","134.420138"
"平野コミュニティセンター","徳島県牟岐町大字河内字東平野785-3","33.690983","134.418408"
"橘コミュニティセンター","徳島県牟岐町大字橘字しばのはら182-4","33.703988","134.443792"
"喜来多目的集会所","徳島県牟岐町大字橘字みやのもと1142","33.696819","134.430681"
"秋葉避難広場","徳島県牟岐町大字川長","33.668787","134.422616"
"三崎神社","徳島県牟岐町大字川長","33.67809","134.41865"
"山戸地区高台２","徳島県牟岐町大字川長","33.67631","134.425329"
"山戸地区高台１","徳島県牟岐町大字川長","33.677234","134.42608"
"天神社南側山道","徳島県牟岐町大字川長","33.670055","134.423447"
"大坪地区高台","徳島県牟岐町大字川長","33.672214","134.424496"
"天神前地区高台","徳島県牟岐町大字川長","33.670616","134.423401"
"市宇谷地区高台","徳島県牟岐町大字川長","33.670723","134.427446"
"関コミュニティセンター","徳島県牟岐町大字川長字関85-7","33.679481","134.421593"
"老人保健施設「和楽」","徳島県牟岐町大字川長字山戸28","33.674828","134.423897"
"牟岐中学校","徳島県牟岐町大字川長字市宇谷100","33.672048","134.42655"
"牟岐小学校","徳島県牟岐町大字川長字市宇谷100","33.671694","134.426578"
"牟岐中学校体育館","徳島県牟岐町大字川長字市宇谷100","33.671149","134.425738"
"川長コミュニティセンター","徳島県牟岐町大字川長字新光寺24","33.671875","134.422087"
"牟岐町海の総合文化センター","徳島県牟岐町大字川長字新光寺82","33.674559","134.42175"
"町民センター","徳島県牟岐町大字川長字大坪100-2","33.671636","134.426025"
"町民体育館","徳島県牟岐町大字川長字大坪177","33.672047","134.425768"
"洞雲寺裏山","徳島県牟岐町大字川長字大坪31","33.672989","134.423457"
"天神前コミュニティセンター","徳島県牟岐町大字川長字天神前52-3","33.669639","134.422359"
"大田氏宅周辺","徳島県牟岐町大字中村","33.673664","134.414206"
"杉谷ハイツ","徳島県牟岐町大字中村","33.670615","134.413224"
"中村津波避難タワー","徳島県牟岐町大字中村","33.668965","134.420073"
"大谷避難広場","徳島県牟岐町大字中村","33.667541","134.416652"
"大谷地区西高台","徳島県牟岐町大字中村","33.662551","134.410432"
"大谷地区高台","徳島県牟岐町大字中村","33.667087","134.414289"
"楠の浦地区高台","徳島県牟岐町大字中村","33.663101","134.415839"
"皆の谷団地駐車場","徳島県牟岐町大字中村","33.675873","134.419277"
"杉王神社","徳島県牟岐町大字中村","33.67304","134.417526"
"山田地区高台","徳島県牟岐町大字中村","33.670275","134.411685"
"海部病院北側避難広場","徳島県牟岐町大字中村","33.671982","134.4149"
"八坂地区高台","徳島県牟岐町大字中村","33.663949","134.413871"
"正観寺前広場","徳島県牟岐町大字中村字奥前158-1","33.671656","134.408069"
"牟岐町隣保館","徳島県牟岐町大字中村字山田142","33.667797","134.415996"
"特別養護老人ホーム「緑風荘」","徳島県牟岐町大字中村字山田30","33.668393","134.413141"
"海部老人ホーム","徳島県牟岐町大字中村字清水120","33.675383","134.41709"
"清水文化センター","徳島県牟岐町大字中村字清水78-1","33.675606","134.420632"
"ＮＴＴ牟岐ビル","徳島県牟岐町大字中村字本村128-1","33.672459","134.419092"
"旧牟岐小学校体育館","徳島県牟岐町大字中村字本村14","33.668271","134.419984"
"旧牟岐小学校（北校舎）","徳島県牟岐町大字中村字本村14","33.668231","134.419399"
"徳島大正銀行牟岐支店","徳島県牟岐町大字中村字本村155-14","33.670442","134.418803"
"本町会館","徳島県牟岐町大字中村字本村65","33.669684","134.418555"
"牟岐町役場","徳島県牟岐町大字中村字本村7-4","33.668195","134.420722"
"内妻地区高台２","徳島県牟岐町大字内妻","33.660749","134.406579"
"内妻地区高台１","徳島県牟岐町大字内妻","33.66156","134.404351"
"内妻コミュニティセンター","徳島県牟岐町大字内妻字丸山142-3","33.661923","134.401192"
"中山地区高台","徳島県牟岐町大字灘","33.668066","134.431692"
"サンライン入口","徳島県牟岐町大字灘","33.668693","134.426285"
"柿久保・浦岡氏宅付近","徳島県牟岐町大字灘","33.668323","134.428704"
"蛭子神社上高台","徳島県牟岐町大字灘","33.666179","134.439202"
"コミュニティセンター上高台","徳島県牟岐町大字灘","33.666737","134.440371"
"古牟岐地区東高台","徳島県牟岐町大字灘","33.66767","134.441894"
"古牟岐コミュニティセンター","徳島県牟岐町大字灘字下浜辺184-7","33.665958","134.440433"
"同倫コミュニティセンター","徳島県牟岐町大字灘字宮田114-1","33.668132","134.425464"
"灘コミュニティセンター","徳島県牟岐町大字灘字大平間43-4","33.670925","134.434526"
"東の中コミュニティセンター","徳島県牟岐町大字灘字大牟岐田68-1","33.667056","134.426768"
"県立牟岐少年自然の家","徳島県牟岐町大字灘字東谷116-35","33.668493","134.443134"
"横瀬文化センター","徳島県牟岐町大字辺川字横瀬675-26","33.689673","134.435287"
"辺川農業構造改善センター","徳島県牟岐町大字辺川字寺ノ前508","33.691706","134.441657"
"小松コミュニティセンター","徳島県牟岐町大字辺川字小松692","33.69239","134.435172"
"海蔵寺墓地","徳島県牟岐町大字牟岐浦","33.668617","134.42518"
"平野氏宅跡地","徳島県牟岐町大字牟岐浦","33.634937","134.425173"
"出羽島地区ヘリポート","徳島県牟岐町大字牟岐浦","33.635376","134.423287"
"スバナ地区高台","徳島県牟岐町大字牟岐浦","33.634842","134.421414"
"東部コミュニティセンター裏山","徳島県牟岐町大字牟岐浦","33.665175","134.427084"
"八幡避難広場裏山","徳島県牟岐町大字牟岐浦","33.667845","134.423742"
"観栄寺裏山","徳島県牟岐町大字牟岐浦","33.63441","134.425618"
"宮の本コニュニティセンター","徳島県牟岐町大字牟岐浦字宮ノ本167-1","33.666439","134.423349"
"出羽島地区津波避難タワー","徳島県牟岐町大字牟岐浦字出羽島11-14","33.635785","134.425784"
"出羽島漁村センター","徳島県牟岐町大字牟岐浦字出羽島4-1","33.636767","134.424622"
"出羽島集会所","徳島県牟岐町大字牟岐浦字出羽島46-12","33.63528","134.422949"
"海蔵寺","徳島県牟岐町大字牟岐浦字八幡山4","33.667796","134.425056"
"西浦コミュニティセンター","徳島県牟岐町大字牟岐浦字浜崎192","33.666262","134.418312"
"高齢者交流施設　浜の家","徳島県牟岐町大字牟岐浦字浜崎214-1","33.66686","134.42026"
"旧海部病院","徳島県牟岐町中村本村75-1","33.670771","134.419629"
"室撫佐漁業協同組合","徳島県鳴門市瀬戸町室字本村64-1","34.243067","134.617175"
"小島田集会所","徳島県鳴門市瀬戸町小島田字通り1-3","34.227892","134.594976"
"旧島田小学校（校舎）","徳島県鳴門市瀬戸町中島田字北田36","34.238228","134.596798"
"旧島田小学校（運動場）","徳島県鳴門市瀬戸町中島田字北田36","34.238086","134.597282"
"旧島田小学校（体育館）","徳島県鳴門市瀬戸町中島田字北田36","34.238459","134.596499"
"鳴門市クリーンセンター","徳島県鳴門市瀬戸町堂浦字浦代105-17-2","34.212607","134.570822"
"明神北集会所（集会所）","徳島県鳴門市瀬戸町堂浦字地廻り壱10-1","34.211575","134.577556"
"明神北集会所（高台）","徳島県鳴門市瀬戸町堂浦字地廻り壱10-1","34.211659","134.577475"
"瀬戸公民館（高台）","徳島県鳴門市瀬戸町堂浦字地廻り壱86-4","34.2155","134.583411"
"瀬戸公民館","徳島県鳴門市瀬戸町堂浦字地廻り壱86-4","34.215314","134.583421"
"瀬戸中学校（運動場）","徳島県鳴門市瀬戸町堂浦字地廻り壱96-4","34.214433","134.584692"
"瀬戸中学校（校舎）","徳島県鳴門市瀬戸町堂浦字地廻り壱96-4","34.215124","134.584796"
"瀬戸中学校（体育館）","徳島県鳴門市瀬戸町堂浦字地廻り壱96-4","34.214948","134.584306"
"旧瀬戸小学校（運動場）","徳島県鳴門市瀬戸町堂浦字地廻り参220-1","34.224624","134.588939"
"旧瀬戸小学校（体育館）","徳島県鳴門市瀬戸町堂浦字地廻り参220-1","34.225236","134.588394"
"旧瀬戸小学校（校舎）","徳島県鳴門市瀬戸町堂浦字地廻り参220-1","34.225013","134.58868"
"堂浦ふれあい会館","徳島県鳴門市瀬戸町堂浦字地廻り弐266","34.218961","134.587325"
"日出集会所","徳島県鳴門市瀬戸町堂浦字日出3-3","34.226826","134.573113"
"明神菅谷集会所","徳島県鳴門市瀬戸町堂浦字本浦中32-2","34.205452","134.573433"
"撫佐集会所","徳島県鳴門市瀬戸町撫佐字本村62-2","34.233903","134.609958"
"小海集会所","徳島県鳴門市瀬戸町北泊字小海287-1","34.222297","134.568394"
"北泊公民館","徳島県鳴門市瀬戸町北泊字北泊103","34.237242","134.589362"
"北泊漁民センター近くの道","徳島県鳴門市瀬戸町北泊字北泊209-6","34.238991","134.587341"
"北泊漁業協同組合（北泊漁民センター）","徳島県鳴門市瀬戸町北泊字北泊209-6","34.239141","134.58755"
"市道明神エリカの丘線","徳島県鳴門市瀬戸町明神","34.210354","134.576801"
"明神越浦集会所","徳島県鳴門市瀬戸町明神字越浦334-7","34.202951","134.583986"
"明神小学校（体育館）","徳島県鳴門市瀬戸町明神字越浦70","34.201887","134.580376"
"明神小学校（校舎）","徳島県鳴門市瀬戸町明神字越浦70","34.202229","134.580365"
"明神小学校（運動場）","徳島県鳴門市瀬戸町明神字越浦70","34.201301","134.580966"
"市営明神第二団地","徳島県鳴門市瀬戸町明神字下本城212","34.209097","134.580013"
"明神集会所","徳島県鳴門市瀬戸町明神字下本城242","34.208298","134.578929"
"さくら公園","徳島県鳴門市瀬戸町明神字鳴谷89-8","34.199184","134.581634"
"鳴門複合産業団地　道路","徳島県鳴門市瀬戸町明神板屋島-","34.198397","134.579959"
"鳴門渦潮高等学校（第一グラウンド）","徳島県鳴門市大津町吉永595","34.163902","134.601372"
"鳴門渦潮高等学校（本館）","徳島県鳴門市大津町吉永595","34.162788","134.602066"
"鳴門渦潮高等学校（第二グラウンド）","徳島県鳴門市大津町吉永595","34.160952","134.601263"
"鳴門渦潮高等学校（第二体育館）","徳島県鳴門市大津町吉永595","34.164566","134.602197"
"鳴門渦潮高等学校（第一体育館）","徳島県鳴門市大津町吉永595","34.164617","134.601221"
"鳴門渦潮高等学校（至誠館）","徳島県鳴門市大津町吉永595","34.164465","134.601745"
"ココラック鳴門","徳島県鳴門市大津町吉永字前ノ越280-9","34.161995","134.594276"
"高速道路大幸避難場所","徳島県鳴門市大津町大幸","34.152301","134.56264"
"高速道路段関避難場所","徳島県鳴門市大津町大幸","34.155848","134.561674"
"大幸集会所","徳島県鳴門市大津町大幸字若宮の元14","34.153917","134.554861"
"大代前場集会所","徳島県鳴門市大津町大代1133-1","34.168467","134.567559"
"大津西小学校（校舎）","徳島県鳴門市大津町大代1210","34.166642","134.567411"
"大津西小学校（運動場）","徳島県鳴門市大津町大代1210","34.167165","134.56752"
"大津西小学校（体育館）","徳島県鳴門市大津町大代1210","34.166909","134.566921"
"大代集会所","徳島県鳴門市大津町大代1213-2","34.166221","134.56706"
"大津中央公民館","徳島県鳴門市大津町大代679-2","34.166358","134.570809"
"大代山路集会所（高台）","徳島県鳴門市大津町大代997-1","34.170874","134.566115"
"大代山路集会所（集会所）","徳島県鳴門市大津町大代997-1","34.170781","134.566131"
"大代古墳入口","徳島県鳴門市大津町大代辺露","34.172127","134.570798"
"段関野崎集会所","徳島県鳴門市大津町段関字沖野21-6","34.152594","134.569306"
"段関集会所","徳島県鳴門市大津町段関字西53-2","34.161593","134.562537"
"道の駅　くるくる　なると　２階　芝生広場","徳島県鳴門市大津町備前島字蟹田の越338-1","34.158362","134.579408"
"備前島集会所","徳島県鳴門市大津町備前島字荒神の越164-3","34.162431","134.579282"
"鳴門市学校給食センター","徳島県鳴門市大津町備前島字松の本219","34.162733","134.582014"
"第一小学校（体育館）","徳島県鳴門市大津町木津野字内田11","34.168576","134.592992"
"第一小学校（校舎）","徳島県鳴門市大津町木津野字内田11","34.168652","134.593545"
"第一小学校（運動場）","徳島県鳴門市大津町木津野字内田11","34.167983","134.592812"
"ふるはうす","徳島県鳴門市大津町木津野字北川縁37","34.169405","134.588468"
"ハイツ大津","徳島県鳴門市大津町木津野字藪の内62-1","34.169252","134.590852"
"市営矢倉団地","徳島県鳴門市大津町矢倉字参の越35","34.154781","134.588441"
"大津団地集会所","徳島県鳴門市大津町矢倉字西の越2-2","34.146557","134.591255"
"Ｍ＆Ｍマルナカマート㈱","徳島県鳴門市大津町矢倉字裏10-2","34.158354","134.592154"
"シティーフィールド１","徳島県鳴門市大津町矢倉字裏15-9","34.158378","134.592778"
"ガーデンヒルズ鳴門Ⅰ","徳島県鳴門市大津町矢倉字六ノ越1-1","34.151992","134.592389"
"堀江南分団詰所","徳島県鳴門市大麻町牛屋島字中須45-4","34.148939","134.553717"
"高畑集会所","徳島県鳴門市大麻町高畑字居屋敷127-2","34.153773","134.531291"
"人権福祉センター","徳島県鳴門市大麻町三俣字前野18","34.140468","134.527876"
"市場団地集会所","徳島県鳴門市大麻町三俣字前野9-3","34.141262","134.527735"
"ホープス勝瑞","徳島県鳴門市大麻町市場字川向二61-4","34.134026","134.527418"
"医王集会所","徳島県鳴門市大麻町市場字大道34-1","34.135082","134.533988"
"堀江南小学校（運動場）","徳島県鳴門市大麻町西馬詰字橋ノ本7","34.144414","134.540792"
"堀江南小学校（体育館）","徳島県鳴門市大麻町西馬詰字橋ノ本7","34.144748","134.54145"
"堀江南小学校（校舎）","徳島県鳴門市大麻町西馬詰字橋ノ本7","34.145012","134.540812"
"板東南ふれあいセンター（旧川崎幼稚園）庁舎","徳島県鳴門市大麻町川崎394","34.142271","134.520652"
"板東南ふれあいセンター（旧川崎幼稚園）運動場","徳島県鳴門市大麻町川崎394","34.142085","134.521097"
"堀江北小学校（体育館）","徳島県鳴門市大麻町大谷字中筋41","34.160388","134.541457"
"堀江北小学校（運動場）","徳島県鳴門市大麻町大谷字中筋41","34.159562","134.54127"
"旧堀江公民館（高台）","徳島県鳴門市大麻町大谷字道の上24","34.161548","134.540073"
"大谷集会所","徳島県鳴門市大麻町大谷字椢原14","34.166839","134.540276"
"堀江公民館","徳島県鳴門市大麻町大谷字椢原18","34.167246","134.539327"
"池谷集会所","徳島県鳴門市大麻町池谷字長田103-2","34.156393","134.52802"
"大麻中学校（運動場）","徳島県鳴門市大麻町池谷字長田105","34.156803","134.528712"
"大麻中学校（体育館・武道場）","徳島県鳴門市大麻町池谷字長田105","34.157695","134.528076"
"津慈集会所","徳島県鳴門市大麻町津慈字宮ノ本150-4","34.143007","134.511407"
"東馬詰集会所","徳島県鳴門市大麻町東馬詰字諏訪の元74-1","34.14545","134.55293"
"萩原集会所","徳島県鳴門市大麻町萩原字アコメン11-3","34.154165","134.513386"
"萩原団地集会所","徳島県鳴門市大麻町萩原字西山田68-35","34.157054","134.510574"
"舞姫会館","徳島県鳴門市大麻町板東字牛ノ宮東16-3","34.153189","134.510451"
"共栄集会所","徳島県鳴門市大麻町板東字采女120-4","34.153062","134.503267"
"大西集会所","徳島県鳴門市大麻町板東字采女48-7","34.155187","134.501729"
"霊山寺集会所","徳島県鳴門市大麻町板東字西山田32","34.15928","134.501657"
"平草集会所","徳島県鳴門市大麻町板東字西平草62-12","34.164536","134.503753"
"山田集会所","徳島県鳴門市大麻町板東字東山田57-2","34.15729","134.507332"
"樋殿谷集会所","徳島県鳴門市大麻町板東字樋殿谷99-2","34.166858","134.509464"
"板東公民館","徳島県鳴門市大麻町板東字宝蔵103-1","34.154058","134.505285"
"板東公民館（周辺）","徳島県鳴門市大麻町板東字宝蔵103-1","34.153983","134.505478"
"板東小学校（体育館）","徳島県鳴門市大麻町板東字宝蔵60","34.156287","134.50395"
"板東小学校（運動場）","徳島県鳴門市大麻町板東字宝蔵60","34.155953","134.504381"
"板東連絡所","徳島県鳴門市大麻町板東字宝蔵65","34.156641","134.506212"
"川原場集会所","徳島県鳴門市大麻町桧字コモガ池90-2","34.149246","134.496762"
"桧西集会所","徳島県鳴門市大麻町桧字ダンノ上32-4","34.154018","134.491337"
"リューネの森集会所","徳島県鳴門市大麻町桧字中山田13-151","34.157808","134.492147"
"桧集会所","徳島県鳴門市大麻町桧字野神ノ北31-5","34.155722","134.496196"
"宮尾神社（姫田字三ツカ谷）","徳島県鳴門市大麻町姫田字三ツカ谷","34.165513","134.549764"
"姫田集会所","徳島県鳴門市大麻町姫田字森崎57-2","34.159973","134.546089"
"小森集会所","徳島県鳴門市大麻町姫田字東百地1-4","34.164166","134.559688"
"岡崎集会所","徳島県鳴門市撫養町岡崎字二等道路東41-2","34.181251","134.620425"
"黒崎小学校（体育館）","徳島県鳴門市撫養町黒崎字宮津88-1","34.187719","134.597155"
"黒崎小学校（運動場）","徳島県鳴門市撫養町黒崎字宮津88-1","34.187948","134.596885"
"黒崎小学校（校舎）","徳島県鳴門市撫養町黒崎字宮津88-1","34.187531","134.596816"
"聖母幼稚園","徳島県鳴門市撫養町黒崎字松島208","34.188354","134.600339"
"黒崎地区コミュニティセンター","徳島県鳴門市撫養町黒崎字清水86-2","34.189414","134.595984"
"市道中山黒崎線（鳴門病院南）","徳島県鳴門市撫養町黒崎小谷","34.181833","134.594184"
"うずしおふれあい公園","徳島県鳴門市撫養町斎田","34.181608","134.60276"
"鳴門高等学校（体育館）","徳島県鳴門市撫養町斎田字岩崎135-1","34.179183","134.600511"
"鳴門高等学校（校舎）","徳島県鳴門市撫養町斎田字岩崎135-1","34.178199","134.601167"
"鳴門高等学校（運動場）","徳島県鳴門市撫養町斎田字岩崎135-1","34.181185","134.598628"
"斎田公民館","徳島県鳴門市撫養町斎田字岩崎145","34.177527","134.600735"
"撫養小学校（運動場）","徳島県鳴門市撫養町斎田字岩崎72","34.176492","134.601958"
"撫養小学校（校舎）","徳島県鳴門市撫養町斎田字岩崎72","34.176868","134.601962"
"撫養小学校（体育館）","徳島県鳴門市撫養町斎田字岩崎72","34.176723","134.601422"
"斎田集会所","徳島県鳴門市撫養町斎田字岩崎86-1","34.177439","134.602324"
"鳴門市総合運動場","徳島県鳴門市撫養町斎田字大池76","34.177662","134.595271"
"リアライズ鳴門","徳島県鳴門市撫養町斎田字東発19-3","34.169887","134.604639"
"小川病院","徳島県鳴門市撫養町斎田字北浜99","34.179407","134.604464"
"ホテルカクイン鳴門","徳島県鳴門市撫養町斎田大堤208","34.176909","134.609369"
"日峯マンション","徳島県鳴門市撫養町小桑島字前浜180","34.182683","134.604237"
"徳島県農業協同組合うずしお支店（２階会議室）","徳島県鳴門市撫養町大桑島字大谷5-1","34.189574","134.606963"
"桑島地区コミュニティセンター","徳島県鳴門市撫養町大桑島字中之組30","34.1857","134.60677"
"鳴門市立図書館","徳島県鳴門市撫養町大桑島字蛭子山11","34.185694","134.603003"
"鳴門住宅","徳島県鳴門市撫養町大桑島字蛭子山170","34.187866","134.602998"
"市営桑島第二団地","徳島県鳴門市撫養町大桑島字北ノ浜37","34.187547","134.60407"
"桑島小学校（体育館）","徳島県鳴門市撫養町大桑島字与三左谷6","34.184704","134.607321"
"桑島小学校（南棟校舎）","徳島県鳴門市撫養町大桑島字与三左谷6","34.184826","134.606818"
"桑島小学校（運動場）","徳島県鳴門市撫養町大桑島字与三左谷6","34.184527","134.607804"
"高速鳴門バス停","徳島県鳴門市撫養町大桑島字濘岩","34.187266","134.609339"
"高速鳴門バス停立体駐車場","徳島県鳴門市撫養町大桑島字濘岩75-1","34.188216","134.610734"
"サンライズ大桑島","徳島県鳴門市撫養町大桑島字濘岩浜19-27","34.183609","134.612"
"勤労者体育センター","徳島県鳴門市撫養町大桑島字濘岩浜35-8","34.185205","134.613844"
"鳴門市剣道場","徳島県鳴門市撫養町大桑島字濘岩浜35-8","34.184882","134.614597"
"大商硝子㈱鳴門工場","徳島県鳴門市撫養町南浜字大工野21-1","34.163279","134.609495"
"サーパス鳴門","徳島県鳴門市撫養町南浜字東浜156-12","34.173002","134.607669"
"第５西谷ビル","徳島県鳴門市撫養町南浜字東浜158-13","34.17355","134.608227"
"鳴門市本庁舎（屋上）","徳島県鳴門市撫養町南浜字東浜170","34.173017","134.609014"
"ダイアパレス鳴門","徳島県鳴門市撫養町南浜字東浜527-1","34.174611","134.606081"
"鳴門渦潮高等学校（撫養グラウンド：クラブハウス）","徳島県鳴門市撫養町南浜字馬目木58","34.172242","134.595519"
"鳴門渦潮高等学校（撫養グラウンド：運動場）","徳島県鳴門市撫養町南浜字馬目木58","34.172637","134.596132"
"南浜集会所","徳島県鳴門市撫養町南浜字蛭子前西23","34.173552","134.598998"
"第一中学校（運動場）","徳島県鳴門市撫養町南浜字浜田37-1","34.171977","134.605484"
"第一中学校（体育館）","徳島県鳴門市撫養町南浜字浜田37-1","34.172696","134.604674"
"第一中学校（校舎）","徳島県鳴門市撫養町南浜字浜田37-1","34.172565","134.605274"
"ケアハウスなると","徳島県鳴門市撫養町南浜蛭子前東105","34.174837","134.604777"
"弁財天集会所","徳島県鳴門市撫養町弁財天字三ツ井丁4-2","34.179959","134.617868"
"北浜老人憩いの家","徳島県鳴門市撫養町北浜字宮の東4-2","34.180724","134.613989"
"城山東側道路","徳島県鳴門市撫養町木津","34.170758","134.579006"
"木津神地区ふれあい運動場","徳島県鳴門市撫養町木津1037-1","34.171529","134.582597"
"木津元村集会所","徳島県鳴門市撫養町木津1123-2","34.170328","134.582316"
"鳴門市し尿処理施設場内","徳島県鳴門市撫養町木津200","34.171836","134.576113"
"原地集会所","徳島県鳴門市撫養町木津388-1","34.169266","134.574012"
"天理教撫養大教会","徳島県鳴門市撫養町木津461","34.168893","134.576939"
"鳴門市衛生センターグラウンド","徳島県鳴門市撫養町木津字池の内236-1","34.171366","134.573901"
"㈱大塚製薬工場鳴門工場","徳島県鳴門市撫養町立岩元地115","34.170889","134.6206"
"立岩塩浜集会所","徳島県鳴門市撫養町立岩字元地196","34.172236","134.61729"
"鳴門・大塚スポーツパーク","徳島県鳴門市撫養町立岩字四枚61","34.166603","134.616128"
"鳴門・大塚スポーツパーク（ポカリスエットスタジアム）","徳島県鳴門市撫養町立岩字四枚61","34.168259","134.61786"
"鳴門・大塚スポーツパーク（武道館）","徳島県鳴門市撫養町立岩字四枚61","34.167869","134.615263"
"鳴門・大塚スポーツパーク（アミノバリューホール）","徳島県鳴門市撫養町立岩字四枚61","34.168995","134.615366"
"㈱テレビ鳴門","徳島県鳴門市撫養町立岩字四枚74","34.166533","134.61409"
"徳島県鳴門合同庁舎","徳島県鳴門市撫養町立岩字七枚128","34.17257","134.613926"
"第二中学校（体育館）","徳島県鳴門市撫養町立岩字内田150","34.177201","134.621859"
"第二中学校（校舎）","徳島県鳴門市撫養町立岩字内田150","34.176654","134.621855"
"第二中学校（運動場）","徳島県鳴門市撫養町立岩字内田150","34.17689","134.622996"
"川東公民館","徳島県鳴門市撫養町立岩字内田63-2","34.176072","134.614286"
"林崎小学校（体育館）","徳島県鳴門市撫養町立岩字内田73-1","34.176248","134.616085"
"林崎小学校（校舎）","徳島県鳴門市撫養町立岩字内田73-1","34.176608","134.61675"
"林崎小学校（運動場）","徳島県鳴門市撫養町立岩字内田73-1","34.176167","134.617883"
"林崎集会所","徳島県鳴門市撫養町林崎字南殿町28-2","34.176972","134.614255"
"妙見山","徳島県鳴門市撫養町林崎字北殿町147","34.178174","134.618365"
"トリーデなると","徳島県鳴門市撫養町林崎字北殿町149","34.177827","134.618744"
"北灘東小学校（運動場）","徳島県鳴門市北灘町粟田字西傍示228-1","34.223985","134.540407"
"北灘東小学校（体育館）","徳島県鳴門市北灘町粟田字西傍示228-1","34.224544","134.540632"
"旧北灘東幼稚園","徳島県鳴門市北灘町粟田字西傍示228-1","34.224234","134.541161"
"粟田公民館","徳島県鳴門市北灘町粟田字東傍示72","34.221474","134.54027"
"張集会所","徳島県鳴門市北灘町櫛木字中田14-2","34.204934","134.564007"
"櫛木集会所","徳島県鳴門市北灘町櫛木字中末83-3","34.211619","134.558661"
"北灘公民館（高台）","徳島県鳴門市北灘町宿毛谷字クロハエ66","34.225036","134.520116"
"大浦漁港ふれあい広場","徳島県鳴門市北灘町宿毛谷字相ケ谷23","34.225742","134.521758"
"三津の高台","徳島県鳴門市北灘町折野三津12","34.200684","134.465166"
"北條集会所","徳島県鳴門市北灘町折野字屋敷154-1","34.216519","134.484888"
"西條集会所（高台）","徳島県鳴門市北灘町折野字屋敷379-1","34.213544","134.483263"
"西條集会所","徳島県鳴門市北灘町折野字屋敷379-1","34.213535","134.483145"
"旧北灘西小学校（体育館）","徳島県鳴門市北灘町折野字屋敷64-3","34.213922","134.483394"
"三津集会所","徳島県鳴門市北灘町折野字三津260-2","34.206756","134.463265"
"川筋集会所","徳島県鳴門市北灘町折野字川筋33-4","34.194585","134.476013"
"旧北灘中学校（校舎）","徳島県鳴門市北灘町大浦字東浦75","34.223844","134.525571"
"旧北灘中学校（運動場）","徳島県鳴門市北灘町大浦字東浦75","34.22443","134.525814"
"大須集会所","徳島県鳴門市北灘町大須字西添25","34.205099","134.451265"
"大須神社","徳島県鳴門市北灘町大須西添69","34.203604","134.450539"
"鳥ヶ丸集会所（高台）","徳島県鳴門市北灘町鳥ケ丸トノムラ60-2","34.224513","134.512656"
"鳥ヶ丸集会所","徳島県鳴門市北灘町鳥ケ丸字トノムラ60-2","34.224588","134.512592"
"鳴門リゾートマンション「ふるさと君」（高台）","徳島県鳴門市鳴門町高島字竹島324","34.209125","134.590947"
"鳴門教育大学（共通研究Ａ棟）","徳島県鳴門市鳴門町高島字中島748","34.202315","134.60566"
"鳴門教育大学（体育館）","徳島県鳴門市鳴門町高島字中島748","34.204267","134.605035"
"鳴門教育大学（陸上競技場）","徳島県鳴門市鳴門町高島字中島748","34.205391","134.605402"
"鳴門西小学校（体育館）","徳島県鳴門市鳴門町高島字北217","34.202962","134.597064"
"鳴門西小学校（校舎）","徳島県鳴門市鳴門町高島字北217","34.20332","134.596837"
"鳴門西小学校（運動場）","徳島県鳴門市鳴門町高島字北217","34.202128","134.596383"
"県営高島団地","徳島県鳴門市鳴門町高島字北380","34.206922","134.594428"
"市営高島団地","徳島県鳴門市鳴門町高島字北384","34.206546","134.594261"
"高島団地集会所","徳島県鳴門市鳴門町高島字北384","34.206798","134.594133"
"鳴門ウチノ海総合公園","徳島県鳴門市鳴門町高島字北679","34.210641","134.597139"
"鳴門公民館","徳島県鳴門市鳴門町高島字北86","34.203923","134.596111"
"三ツ石ハイランド","徳島県鳴門市鳴門町三ツ石字芙蓉山下240","34.205031","134.608877"
"鳴門中学校（体育館）","徳島県鳴門市鳴門町三ツ石字芙蓉山下251","34.202948","134.609742"
"鳴門中学校（運動場）","徳島県鳴門市鳴門町三ツ石字芙蓉山下251","34.202425","134.609919"
"ふるさと君渦潮編","徳島県鳴門市鳴門町土佐泊浦高砂112-1","34.197546","134.624218"
"野集会所","徳島県鳴門市鳴門町土佐泊浦字高砂181-2","34.200512","134.622806"
"鳴門東地区コミュニティセンター","徳島県鳴門市鳴門町土佐泊浦字高砂65-3","34.195912","134.623063"
"旧鳴門東小学校（運動場）","徳島県鳴門市鳴門町土佐泊浦字高砂65-3","34.196169","134.623464"
"旧鳴門東小学校（体育館）","徳島県鳴門市鳴門町土佐泊浦字高砂65-3","34.196153","134.622973"
"神戸淡路鳴門自動車道側道３","徳島県鳴門市鳴門町土佐泊浦字黒山","34.210105","134.62257"
"特別養護老人ホーム鳴優荘","徳島県鳴門市鳴門町土佐泊浦字黒山118-257","34.206556","134.625799"
"黒山集会所","徳島県鳴門市鳴門町土佐泊浦字黒山118-295","34.209911","134.624347"
"ベル・シーサイドヴィュー鳴門Ⅰ","徳島県鳴門市鳴門町土佐泊浦字黒山118-357","34.209523","134.627005"
"ヴァンベール鳴門駐車場","徳島県鳴門市鳴門町土佐泊浦字黒山246-3","34.21213","134.627948"
"神戸淡路鳴門自動車道側道４","徳島県鳴門市鳴門町土佐泊浦字大谷","34.199914","134.618552"
"神戸淡路鳴門自動車道横広場","徳島県鳴門市鳴門町土佐泊浦字大毛","34.227522","134.629794"
"大毛山に向かう道","徳島県鳴門市鳴門町土佐泊浦字大毛","34.224763","134.62649"
"神戸淡路鳴門自動車道側道２","徳島県鳴門市鳴門町土佐泊浦字大毛","34.222469","134.625728"
"大毛集会所","徳島県鳴門市鳴門町土佐泊浦字大毛122","34.225396","134.63239"
"小鳴門橋北側道路","徳島県鳴門市鳴門町土佐泊浦字土佐泊","34.195151","134.613492"
"神戸淡路鳴門自動車道側道１","徳島県鳴門市鳴門町土佐泊浦字福池","34.232585","134.635756"
"大塚国際美術館","徳島県鳴門市鳴門町土佐泊浦福池65-1","34.232589","134.638166"
"里浦農業協同組合","徳島県鳴門市里浦町里浦字花面233-1","34.175579","134.624868"
"里浦集会所","徳島県鳴門市里浦町里浦字花面350-2","34.173588","134.626368"
"里浦公民館","徳島県鳴門市里浦町里浦字花面535-2","34.17148","134.625072"
"里浦南防災センター","徳島県鳴門市里浦町里浦字恵美寿5-6","34.150115","134.61394"
"里浦北集会所","徳島県鳴門市里浦町里浦字坂田415-5","34.177065","134.629627"
"里浦小学校（校舎）","徳島県鳴門市里浦町里浦字西浜401","34.167087","134.626445"
"里浦小学校（運動場）","徳島県鳴門市里浦町里浦字西浜401","34.166391","134.626253"
"里浦小学校（体育館）","徳島県鳴門市里浦町里浦字西浜401","34.16683","134.626167"
"ゆめタウン徳島","徳島県藍住町奥野字東中須88-1","34.119354","134.500978"
"藍住町町民体育館","徳島県藍住町奥野字矢上前18-1","34.125857","134.496385"
"藍住中学校","徳島県藍住町奥野字矢上前18-1","34.125169","134.49756"
"藍住町勤労女性センター","徳島県藍住町奥野字矢上前32-1","34.126674","134.498353"
"藍住南小学校","徳島県藍住町奥野字和田95","34.121562","134.491011"
"藍住北小学校","徳島県藍住町住吉字乾1","34.132822","134.506133"
"藍住東中学校","徳島県藍住町住吉字若宮49-1","34.128725","134.511376"
"藍住東小学校","徳島県藍住町勝瑞字成長155-1","34.127197","134.516721"
"勝瑞城館跡公園","徳島県藍住町勝瑞字東勝地61-1","34.130935","134.521277"
"藍住西小学校","徳島県藍住町富吉字豊吉55-1","34.135252","134.484477"