"施設名","所在地","緯度","経度"
"安飾コミュニティステーション（旧安飾地区公民館）","茨城県かすみがうら市安食1075-1","36.11379","140.347698"
"逆西防災広場","茨城県かすみがうら市稲吉2-9-18","36.122878","140.249886"
"逆西第一児童公園","茨城県かすみがうら市稲吉2613-364","36.124317","140.249987"
"下稲吉コミュニティセンター（旧働く女性の家）","茨城県かすみがうら市稲吉3-15-67","36.124801","140.248373"
"稲吉ふれあい公園","茨城県かすみがうら市稲吉4-10-1","36.127757","140.245708"
"下稲吉小学校","茨城県かすみがうら市下稲吉1623-5","36.135184","140.239504"
"大塚児童館（大塚ふれあいセンター）","茨城県かすみがうら市下稲吉1868-22","36.132106","140.239129"
"大塚ファミリー公園","茨城県かすみがうら市下稲吉1873-3","36.131749","140.238588"
"下稲吉中学校","茨城県かすみがうら市下稲吉2273-2","36.132642","140.247781"
"下稲吉東小学校","茨城県かすみがうら市下稲吉2286","36.13101","140.251458"
"桜塚公園","茨城県かすみがうら市下稲吉2607-72","36.122999","140.253094"
"わかぐり保育所","茨城県かすみがうら市下稲吉519-2","36.149718","140.245788"
"霞ヶ浦北小学校","茨城県かすみがうら市下軽部1232","36.097479","140.342711"
"下大津コミュニティステーション（旧下大津地区公民館）","茨城県かすみがうら市加茂4472","36.080097","140.28569"
"牛渡コミュニティステーション（旧牛渡地区公民館）","茨城県かすみがうら市牛渡2862-3","36.066649","140.331371"
"やまゆり保育所","茨城県かすみがうら市五反田298-20","36.177623","140.21998"
"かすみがうら市歴史博物館研修施設","茨城県かすみがうら市坂1029-1","36.074395","140.372949"
"かすみがうら市交流センター","茨城県かすみがうら市坂4784","36.06999","140.374736"
"志士庫コミュニティステーション（旧志士庫小学校）","茨城県かすみがうら市宍倉1594","36.122001","140.321852"
"戸沢公園運動広場","茨城県かすみがうら市宍倉3604-1","36.126388","140.307928"
"かすみがうらウエルネスプラザ","茨城県かすみがうら市宍倉5462","36.128566","140.286431"
"旧七会小学校","茨城県かすみがうら市上稲吉182-2","36.143219","140.220537"
"旧上佐谷小学校","茨城県かすみがうら市上佐谷1837","36.165048","140.20506"
"千代田義務教育学校","茨城県かすみがうら市上佐谷990","36.162248","140.223896"
"千代田義務教育学校児童クラブ","茨城県かすみがうら市上佐谷990-74","36.160893","140.223606"
"わかぐり運動公園体育館","茨城県かすみがうら市新治1813-2","36.140501","140.247355"
"霞ヶ浦南小学校","茨城県かすみがうら市深谷3360-1","36.088416","140.310672"
"霞ヶ浦中学校","茨城県かすみがうら市深谷3398-2","36.089551","140.305653"
"霞ヶ浦コミュニティセンター（旧あじさい館）","茨城県かすみがうら市深谷3719-1","36.086727","140.313093"
"新治児童館","茨城県かすみがうら市西野寺51-1","36.170674","140.260204"
"第１常陸野公園　千代田Ｂ＆Ｇ海洋センター体育館","茨城県かすみがうら市中佐谷1252-8","36.156735","140.220788"
"千代田コミュニティセンター（旧志筑小学校）","茨城県かすみがうら市中志筑2112","36.184427","140.231084"
"勘兵衛新田児童公園","茨城県つくばみらい市伊奈東33-100","35.991498","140.057933"
"いなひがし公園","茨城県つくばみらい市伊奈東52-2","35.997491","140.058164"
"わかくさ幼稚園","茨城県つくばみらい市下島422","35.954679","140.059677"
"谷和原小学校","茨城県つくばみらい市加藤241","35.99063","140.011255"
"鈴の丘公園","茨城県つくばみらい市絹の台1-13","35.980181","139.97864"
"小絹中学校","茨城県つくばみらい市絹の台1-14-2","35.980339","139.977413"
"絹の台桜公園","茨城県つくばみらい市絹の台3-2","35.97828","139.978974"
"笛の丘公園","茨城県つくばみらい市絹の台3-25","35.976602","139.974689"
"鐘の丘公園","茨城県つくばみらい市絹の台5-14","35.973778","139.978136"
"谷和原中学校","茨城県つくばみらい市古川950","35.991604","140.01257"
"伊奈第１保育所","茨城県つくばみらい市山王新田1253","35.944599","140.071673"
"伊奈中学校","茨城県つくばみらい市市野深600","35.967777","140.032564"
"きょうりゅう公園","茨城県つくばみらい市紫峰ヶ丘1-16-1","35.999579","140.039051"
"とんぼ公園","茨城県つくばみらい市紫峰ヶ丘2-10","36.001731","140.035929"
"かたつむり公園","茨城県つくばみらい市紫峰ヶ丘3-16-6","36.004503","140.037306"
"みらい平コミュニティセンター","茨城県つくばみらい市紫峰ヶ丘4-4-1","36.001553","140.04048"
"みらい平どんぐり公園","茨城県つくばみらい市紫峰ヶ丘4-5-1","36.002528","140.040415"
"ちょうちょう公園","茨城県つくばみらい市紫峰ヶ丘5-32-16","36.003459","140.04421"
"小絹コミュニティセンター","茨城県つくばみらい市小絹848","35.982611","139.980371"
"小絹小学校","茨城県つくばみらい市小絹858","35.981684","139.979571"
"小張小学校","茨城県つくばみらい市小張1661","35.982779","140.039055"
"総合運動公園","茨城県つくばみらい市小張1770","35.979044","140.045371"
"伊奈第２保育所","茨城県つくばみらい市小張4705","35.984482","140.040285"
"谷和原第２保育所","茨城県つくばみらい市上小目600","35.992067","140.001169"
"谷和原幼稚園","茨城県つくばみらい市上小目600","35.991895","140.001531"
"つくばみらい市総合教育支援センター","茨城県つくばみらい市上長沼1250","36.011861","140.012673"
"総合福祉施設きらくやまふれあいの丘","茨城県つくばみらい市神生530","35.963979","140.088881"
"谷和原第１保育所","茨城県つくばみらい市仁左衛門新田641","36.017735","140.019765"
"茨城県立伊奈特別支援学校","茨城県つくばみらい市青古新田300","35.972033","140.020288"
"すみれ幼稚園","茨城県つくばみらい市足高1313","35.951887","140.088094"
"谷井田コミュニティセンター","茨城県つくばみらい市谷井田1960","35.951289","140.045624"
"伊奈小学校","茨城県つくばみらい市谷井田2047","35.951573","140.049886"
"いばらき広域農業共済組合　旧茨城南部支所","茨城県つくばみらい市中平柳336-1","35.938674","140.042402"
"開智望小学校・開智望中等教育学校","茨城県つくばみらい市筒戸3400","35.966775","139.98635"
"伊奈東中学校","茨城県つくばみらい市南太田254","35.972917","140.059082"
"伊奈東小学校","茨城県つくばみらい市板橋2379","35.981991","140.054576"
"板橋コミュニティセンター","茨城県つくばみらい市板橋2675-1","35.981344","140.058817"
"てんとうむし公園","茨城県つくばみらい市富士見ヶ丘1-10-1","36.005637","140.031769"
"みらいの森公園","茨城県つくばみらい市富士見ヶ丘1-25-1","36.004513","140.029764"
"くわがた公園","茨城県つくばみらい市富士見ヶ丘2-10-1","35.999368","140.032586"
"富士見ヶ丘小学校","茨城県つくばみらい市富士見ヶ丘2-18-1","35.997955","140.031816"
"かえる公園","茨城県つくばみらい市富士見ヶ丘3-14","36.000277","140.026322"
"ほたる公園","茨城県つくばみらい市富士見ヶ丘4-26-21","36.004356","140.027791"
"福岡小学校","茨城県つくばみらい市福岡971","36.027319","140.031194"
"茨城県立伊奈高等学校","茨城県つくばみらい市福田711","35.961458","140.040871"
"豊小学校","茨城県つくばみらい市豊体1692","35.978524","140.022326"
"福岡堰さくら公園","茨城県つくばみらい市北山2633-7","36.042011","140.029628"
"なかよし公園","茨城県つくばみらい市陽光台2-11-6","35.997884","140.043655"
"陽光台小学校","茨城県つくばみらい市陽光台3-1","35.995109","140.043882"
"石の公園","茨城県つくばみらい市陽光台3-20","35.992366","140.040215"
"みらい平さくら公園","茨城県つくばみらい市陽光台3-45","35.990941","140.036768"
"すこやか公園","茨城県つくばみらい市陽光台4-8-1","35.995126","140.035771"
"（株）鹿島アントラーズＦＣ　つくばアカデミーセンター","茨城県つくば市みどりの中央51-1","36.026048","140.060539"
"茎崎運動公園","茨城県つくば市下岩崎2160-10","35.98328","140.102674"
"コーチャンフォーつくば店（駐車場）","茨城県つくば市学園の森3-50-7","36.10056","140.083668"
"研究学園駅前公園","茨城県つくば市学園南2-1","36.080747","140.081708"
"中央公園","茨城県つくば市吾妻2-7-5","36.084457","140.111089"
"ファーマーズベースつくば","茨城県つくば市高須賀866-1","36.07367","140.019682"
"大清水公園","茨城県つくば市竹園1-5-2","36.080217","140.115333"
"洞峰公園","茨城県つくば市二の宮2-20","36.059723","140.121521"
"筑波北部公園","茨城県つくば市北原1","36.155853","140.054543"
"大池公園","茨城県つくば市北条1477-1","36.174101","140.10436"
"さくら運動公園","茨城県つくば市流星台63","36.092814","140.127813"
"阿字ヶ浦ふれあい交流館","茨城県ひたちなか市阿字ケ浦町610","36.387425","140.607082"
"旧磯崎小学校","茨城県ひたちなか市磯崎町4598","36.380429","140.624212"
"美乃浜学園","茨城県ひたちなか市磯崎町5135","36.371395","140.619749"
"佐和高等学校","茨城県ひたちなか市稲田636-1","36.441021","140.536286"
"佐野小学校","茨城県ひたちなか市稲田76","36.435318","140.532598"
"那珂湊中学校","茨城県ひたちなか市廻り目2896","36.350044","140.596069"
"大島コミュニティセンター","茨城県ひたちなか市外野1-1-1","36.403834","140.535369"
"外野小学校","茨城県ひたちなか市外野1-30-1","36.406232","140.53739"
"金上ふれあいセンター","茨城県ひたちなか市金上562-1","36.371283","140.539979"
"中央図書館","茨城県ひたちなか市元町5-3","36.396479","140.527407"
"佐野コミュニティセンター","茨城県ひたちなか市高場190","36.4347","140.533575"
"茨城県立勝田特別支援学校","茨城県ひたちなか市高場2452","36.433042","140.528675"
"老人福祉センター高場荘","茨城県ひたちなか市高場594-2","36.427953","140.53982"
"高野小学校","茨城県ひたちなか市高野474","36.424781","140.546999"
"佐野中学校","茨城県ひたちなか市佐和1504","36.440872","140.530001"
"笠松運動公園","茨城県ひたちなか市佐和2197-28","36.453768","140.539059"
"三反田小学校","茨城県ひたちなか市三反田3065","36.365106","140.555226"
"那珂湊第一小学校","茨城県ひたちなか市山ノ上町1-1","36.340805","140.585347"
"那珂湊高等学校","茨城県ひたちなか市山ノ上町4-6","36.342934","140.584574"
"市毛小学校","茨城県ひたちなか市市毛825","36.401651","140.502737"
"勝田第二中学校","茨城県ひたちなか市市毛979","36.397252","140.509809"
"市毛コミュニティセンター","茨城県ひたちなか市市毛980","36.395703","140.511631"
"枝川小学校","茨城県ひたちなか市枝川160","36.381538","140.493155"
"勝倉小学校","茨城県ひたちなか市勝倉3010","36.376924","140.525359"
"松戸体育館","茨城県ひたちなか市松戸町2-6-1","36.394518","140.547044"
"勝田工業高等学校","茨城県ひたちなか市松戸町3-10-1","36.390485","140.546624"
"総合体育館","茨城県ひたちなか市新光町49","36.393441","140.584656"
"那珂湊第三小学校","茨城県ひたちなか市西十三奉行13251-1","36.359982","140.593157"
"総合福祉センター","茨城県ひたちなか市西大島3-16-1","36.408668","140.523285"
"文化会館","茨城県ひたちなか市青葉町1-1","36.387433","140.528243"
"子育て支援・多世代交流施設（ふぁみりこらぼ）","茨城県ひたちなか市石川町11-1","36.390212","140.528078"
"勝田中等教育学校","茨城県ひたちなか市足崎1458","36.405816","140.554615"
"勝田第一中学校","茨城県ひたちなか市大成町38-1","36.386506","140.537059"
"那珂湊コミュニティセンター","茨城県ひたちなか市鍛治屋窪3566","36.352754","140.592293"
"中根小学校","茨城県ひたちなか市中根1863","36.381843","140.560561"
"茨城工業高等専門学校","茨城県ひたちなか市中根866","36.400003","140.551085"
"１中地区コミュニティセンター","茨城県ひたちなか市長堀町3-4-1","36.388094","140.542401"
"長堀小学校","茨城県ひたちなか市長堀町3-5-1","36.389171","140.542507"
"茨城大学附属特別支援学校","茨城県ひたちなか市津田1955","36.413395","140.507582"
"津田コミュニティセンター","茨城県ひたちなか市津田2732","36.406398","140.495783"
"津田小学校","茨城県ひたちなか市津田東1-1-1","36.413111","140.505768"
"田彦中学校","茨城県ひたちなか市田彦1442-1","36.411956","140.517735"
"田彦小学校","茨城県ひたちなか市田彦1457","36.41109","140.520575"
"田彦コミュニティセンター","茨城県ひたちなか市田彦950-128","36.419662","140.517469"
"東石川小学校","茨城県ひたちなか市東石川1-1-1","36.396347","140.528274"
"ワークプラザ勝田","茨城県ひたちなか市東石川1279","36.398574","140.53776"
"大島中学校","茨城県ひたちなか市東大島4-6-1","36.404483","140.533487"
"那珂湊総合福祉センター（しあわせプラザ）","茨城県ひたちなか市南神敷台17-6","36.353998","140.592953"
"前渡コミュニティセンター","茨城県ひたちなか市馬渡2980-1","36.411661","140.571163"
"勝田第三中学校","茨城県ひたちなか市馬渡2982","36.411218","140.571457"
"前渡小学校","茨城県ひたちなか市馬渡309","36.403805","140.574592"
"那珂湊第二小学校","茨城県ひたちなか市富士ノ上10-1","36.34704","140.598952"
"旧平磯小学校","茨城県ひたちなか市平磯町250","36.357111","140.609002"
"堀口小学校","茨城県ひたちなか市堀口588","36.387803","140.515118"
"湊公園ふれあい館","茨城県ひたちなか市湊中央1-1-1","36.340523","140.588854"
"那珂湊コミュニティセンター柳沢館","茨城県ひたちなか市柳沢472","36.357501","140.570096"
"那珂湊保健相談センター","茨城県ひたちなか市和田町2-11-21","36.343938","140.600632"
"かすみ公民館","茨城県阿見町阿見2083-2","36.043617","140.218708"
"茨城大学農学部農場","茨城県阿見町阿見4668-1","36.032793","140.21187"
"県立医療大学グラウンド","茨城県阿見町阿見4669-2","36.025371","140.211742"
"阿見第二小学校","茨城県阿見町阿見4988","36.031636","140.20348"
"阿見第一小学校","茨城県阿見町岡崎3-19","36.038166","140.217941"
"阿見町総合運動公園","茨城県阿見町吉原52-3","36.005042","140.229366"
"吉原交流センター","茨城県阿見町吉原614","35.996568","140.220963"
"本郷小学校","茨城県阿見町荒川本郷1400","36.017071","140.170638"
"朝日中学校","茨城県阿見町荒川本郷1855-1","36.01506","140.185199"
"中央公民館","茨城県阿見町若栗1886-1","36.018092","140.220267"
"町民体育館","茨城県阿見町若栗1886-1","36.01734","140.219455"
"曙ふれあい公園","茨城県阿見町曙297-1","36.038113","140.227631"
"実穀ふれあいセンター","茨城県阿見町上長3-28","36.00552","140.195511"
"霞ヶ浦高等学校","茨城県阿見町青宿50","36.052229","140.21811"
"竹来中学校","茨城県阿見町竹来400-1","36.032756","140.231858"
"阿見中学校","茨城県阿見町中央1-2-1","36.029429","140.214245"
"阿見小学校","茨城県阿見町中央2-1-5","36.03039","140.216841"
"舟島小学校","茨城県阿見町島津3928","36.02899","140.255184"
"舟島ふれあいセンター","茨城県阿見町南平台1-31-6","36.022202","140.253991"
"君原小学校","茨城県阿見町塙145","36.00482","140.258442"
"君原公民館","茨城県阿見町塙171-2","36.004659","140.260296"
"本郷ふれあいセンター","茨城県阿見町本郷1-11-1","36.024803","140.179856"
"あさひ小学校","茨城県阿見町本郷1-5-1","36.027214","140.178656"
"（旧）阿波小学校","茨城県稲敷市阿波1240","35.955094","140.375793"
"新利根公民館（地区センター）","茨城県稲敷市伊佐津3239-1","35.913979","140.293019"
"新利根総合運動公園","茨城県稲敷市伊佐津3280","35.912453","140.293177"
"あずま北小学校","茨城県稲敷市伊佐部1673","35.941825","140.416372"
"君賀コミュニティセンター","茨城県稲敷市下君山378","35.922637","140.287131"
"桜川中学校","茨城県稲敷市下馬渡770","35.969836","140.40331"
"沼里コミュニティセンター","茨城県稲敷市蒲ケ山2452","35.956665","140.286928"
"稲敷市役所東支所（洪水時２階以上）","茨城県稲敷市結佐1545","35.92913","140.456427"
"みのり幼稚園","茨城県稲敷市結佐2534-8","35.927194","140.45686"
"（旧）古渡小学校","茨城県稲敷市古渡2166","35.978213","140.368257"
"桜川こども園","茨城県稲敷市古渡305","35.972641","140.356062"
"稲敷市保健センター","茨城県稲敷市江戸崎甲1990","35.961081","140.314841"
"稲敷市江戸崎福祉センター","茨城県稲敷市江戸崎甲1992","35.961441","140.315083"
"江戸崎中央公民館","茨城県稲敷市江戸崎甲2148-2","35.960468","140.315834"
"江戸崎中学校","茨城県稲敷市江戸崎甲2595","35.961624","140.319323"
"江戸崎小学校","茨城県稲敷市江戸崎甲3194","35.95491","140.319784"
"江戸崎地区児童クラブ","茨城県稲敷市江戸崎甲3277-1","35.956451","140.323785"
"県立江戸崎総合高等学校","茨城県稲敷市江戸崎甲476-2","35.968773","140.323886"
"江戸崎体育館　（洪水時２階以上）","茨城県稲敷市荒沼3-1","35.954727","140.326827"
"高田小学校","茨城県稲敷市高田854","35.946968","140.34136"
"認定こども園えどさき","茨城県稲敷市高田930-1","35.945139","140.340459"
"高田コミュニティセンター","茨城県稲敷市高田989-4","35.944943","140.339182"
"あずま東小学校　（洪水時２階以上）","茨城県稲敷市佐原下手1-1","35.927224","140.460128"
"あずま生涯学習センター　（洪水時２階以上）","茨城県稲敷市佐原組新田1596","35.929537","140.415922"
"稲敷市教育センター（旧）鳩崎小学校","茨城県稲敷市佐倉1356-1","35.990806","140.338387"
"新利根地区児童クラブ","茨城県稲敷市柴崎229","35.904754","140.298478"
"新利根中学校","茨城県稲敷市柴崎7139","35.908568","140.294198"
"新利根小学校","茨城県稲敷市柴崎7218-4","35.907382","140.294998"
"奥原婦人ホーム","茨城県稲敷市松山遠原3092-31","35.934799","140.28363"
"沼里小学校","茨城県稲敷市沼田2661-1","35.960331","140.289304"
"新利根幼稚園","茨城県稲敷市上根本3301","35.919043","140.261713"
"（旧）根本小学校","茨城県稲敷市上根本3301","35.918717","140.262357"
"桜川公民館（地区センター）","茨城県稲敷市須賀津208","35.967441","140.409485"
"いこいのプラザ","茨城県稲敷市太田1002","35.916745","140.32139"
"桜川地区児童クラブ","茨城県稲敷市柏木4-5","35.973052","140.361725"
"桜川小学校","茨城県稲敷市柏木4-5","35.974595","140.361889"
"桜川総合運動公園","茨城県稲敷市柏木4-5","35.971694","140.362445"
"東中学校　（洪水時２階以上）","茨城県稲敷市八千石77","35.932419","140.4279"
"鳩崎コミュニティセンター","茨城県稲敷市鳩崎1075-1","35.9906","140.339647"
"（旧）浮島小学校","茨城県稲敷市浮島3650","35.970884","140.433093"
"あずま西小学校　（洪水時２階以上）","茨城県稲敷市福田1125","35.936273","140.368007"
"ゆたか幼稚園","茨城県稲敷市福田1169","35.939032","140.369568"
"（旧）新東小学校　（洪水時２階以上）","茨城県稲敷市本新218-10","35.949979","140.492615"
"茨城町運動公園","茨城県茨城町越安1397","36.301418","140.404449"
"青葉中学校","茨城県茨城町奥谷862","36.285229","140.413821"
"旧広浦小学校","茨城県茨城町下石崎1859","36.295426","140.514445"
"旧川根小学校","茨城県茨城町下飯沼1080","36.290703","140.383874"
"旧沼前小学校","茨城県茨城町宮ヶ崎1443","36.258747","140.459942"
"駒場庁舎（旧駒場小学校）","茨城県茨城町駒場450","36.280807","140.427247"
"青葉小学校（旧梅香中学校）","茨城県茨城町駒場700","36.276533","140.430824"
"桜の郷中央公園","茨城県茨城町桜の郷3263-21","36.324365","140.414452"
"旧上野合小学校","茨城県茨城町秋葉1140-1","36.25071","140.407303"
"総合福祉センター　ゆうゆう館","茨城県茨城町小堤1037-1","36.288475","140.425473"
"県立茨城東高等学校","茨城県茨城町小幡2524","36.271639","140.39909"
"大戸小学校","茨城県茨城町大戸1730-1","36.3162","140.418933"
"明光中学校","茨城県茨城町谷田部510","36.291063","140.445564"
"涸沼自然公園","茨城県茨城町中石崎2263","36.287598","140.501587"
"旧石﨑小学校","茨城県茨城町中石崎527","36.290577","140.485351"
"長岡小学校","茨城県茨城町長岡3168","36.303471","140.435043"
"葵小学校（旧長岡第二小学校）","茨城県茨城町長岡3715","36.306757","140.445632"
"県立農業大学校","茨城県茨城町長岡4070-186","36.291998","140.454405"
"下妻小学校","茨城県下妻市下妻乙386","36.179971","139.963377"
"多賀谷の郷","茨城県下妻市下妻乙823-1","36.187552","139.968043"
"陣屋公園","茨城県下妻市下妻甲1-4","36.186454","139.961413"
"三道地公園","茨城県下妻市下妻丁124-4","36.183006","139.958554"
"上町公園","茨城県下妻市下妻丁232","36.181158","139.956504"
"大町コミュニティーセンター","茨城県下妻市下妻丙154","36.190163","139.951808"
"豊加美小学校","茨城県下妻市加養128","36.173549","139.988238"
"豊加美市民センター","茨城県下妻市加養98","36.172393","139.988577"
"皆葉生活改善センター","茨城県下妻市皆葉2374-2","36.142568","139.939475"
"千代川中学校","茨城県下妻市鎌庭2777","36.152854","139.959345"
"千代川運動公園ふれあいハウス","茨城県下妻市鬼怒257","36.153561","139.961606"
"桐ヶ瀬農村集落センター","茨城県下妻市桐ケ瀬80","36.202073","139.923422"
"五箇公民館","茨城県下妻市五箇249","36.138368","139.927802"
"高道祖市民センター","茨城県下妻市高道祖1002","36.189552","140.009226"
"高道祖小学校","茨城県下妻市高道祖2638-1","36.195786","140.013166"
"高道祖本田農村集落センター","茨城県下妻市高道祖4557","36.190251","140.006496"
"働く婦人の家","茨城県下妻市今泉240","36.172895","139.958759"
"坂井新農村集落センター","茨城県下妻市坂井38-1","36.19172","139.981833"
"上妻市民センター","茨城県下妻市柴29","36.213142","139.933552"
"騰波ノ江市民センター","茨城県下妻市若柳甲284","36.219749","139.982191"
"騰波ノ江小学校","茨城県下妻市若柳甲644","36.22075","139.982799"
"総上小学校","茨城県下妻市小島1116","36.172209","139.961767"
"神明集落センター","茨城県下妻市神明122-1","36.221462","139.96952"
"数須新農村集落センター","茨城県下妻市数須152","36.215103","139.988135"
"赤須農村集落センター","茨城県下妻市赤須1330","36.205961","139.933823"
"村岡生活改善センター","茨城県下妻市村岡1034-1","36.160444","139.91942"
"やすらぎの里しもつま","茨城県下妻市大園木251-1","36.149946","139.992285"
"東部中学校","茨城県下妻市大串1279","36.200876","139.976432"
"大宝小学校","茨城県下妻市大宝625","36.202655","139.972955"
"大木農村集落センター","茨城県下妻市大木633","36.215255","139.954843"
"長塚農村集落センター","茨城県下妻市長塚477-1","36.184959","139.940883"
"下妻中学校","茨城県下妻市長塚乙38-1","36.190971","139.946112"
"砂沼広域公園","茨城県下妻市長塚乙4-1","36.188968","139.944262"
"上妻小学校","茨城県下妻市半谷426","36.218243","139.93598"
"大形小学校","茨城県下妻市別府199","36.1528","139.944119"
"宗道小学校","茨城県下妻市本宗道120","36.158702","139.968977"
"本宿公園","茨城県下妻市本宿町1-22","36.187324","139.963972"
"多賀谷城跡公園","茨城県下妻市本城町2-50","36.184154","139.966128"
"総合体育館","茨城県下妻市本城町3-36","36.185221","139.969474"
"旧金江津小学校　（洪水時　校舎２階部分以上）","茨城県河内町金江津4465","35.884542","140.340911"
"つつみ会館","茨城県河内町金江津645-227","35.879549","140.338054"
"河内町役場　みずほ分庁舎","茨城県河内町源清田1942","35.881694","140.254681"
"旧河内中学校（体育館部分のみ）","茨城県河内町源清田57","35.878333","140.245362"
"西共同利用施設","茨城県河内町源清田5893","35.887325","140.240213"
"第１地区共同利用施設","茨城県河内町幸谷64-2","35.886647","140.223691"
"田園都市センター","茨城県河内町十三間戸496-1","35.901497","140.363589"
"旧生板小学校　（洪水時　校舎２階部分以上）","茨城県河内町生板2506","35.878035","140.224271"
"福祉センター","茨城県河内町生板9593","35.8789","140.230181"
"第２地区共同利用施設","茨城県河内町生板9593-2","35.879202","140.230519"
"旧長竿小学校","茨城県河内町長竿221","35.885417","140.277378"
"農業者トレーニングセンター","茨城県河内町長竿3566","35.882909","140.286415"
"農村環境改善センター","茨城県河内町長竿3689-1","35.883226","140.285428"
"中央公民館","茨城県河内町長竿3689-1","35.882974","140.285874"
"水と緑のふれあい公園","茨城県河内町長竿5412","35.879951","140.27511"
"かわち学園　（洪水時　校舎２階部分以上）","茨城県河内町長竿5456-1","35.881714","140.274198"
"田川共同利用施設","茨城県河内町田川520-3","35.870676","140.29588"
"第５地区共同利用施設","茨城県河内町片巻905","35.876176","140.309211"
"友部第二中学校","茨城県笠間市旭町510-1","36.325894","140.330523"
"稲田中学校","茨城県笠間市稲田2145-3","36.360553","140.20398"
"岩間海洋センター","茨城県笠間市押辺2259-1","36.290817","140.310861"
"岩間中学校","茨城県笠間市下郷4997-1","36.300702","140.287634"
"笠間小学校","茨城県笠間市笠間2689-1","36.381857","140.256613"
"市民体育館","茨城県笠間市石井2068-1","36.385238","140.246433"
"友部中学校","茨城県笠間市中央4-1-1","36.343086","140.300471"
"友部小学校","茨城県笠間市美原3-3-1","36.343419","140.315913"
"柏田台集会所","茨城県牛久市さくら台2-6-2","35.962327","140.159502"
"さくら台区民会館","茨城県牛久市さくら台3-28-17","35.960005","140.161298"
"ひたち野中央区民館","茨城県牛久市ひたち野西3-23-2","36.011138","140.157983"
"ひたち野東自治会館","茨城県牛久市ひたち野東3-16-3","36.001126","140.172998"
"ひたち野自治会館","茨城県牛久市ひたち野東5-18-2","36.005541","140.157695"
"びゅうパルクひたち野タウンセンター","茨城県牛久市ひたち野東5-33","36.00329","140.159348"
"井ノ岡公会堂","茨城県牛久市井ノ岡町2640-3","35.961224","140.247554"
"栄西集会所","茨城県牛久市栄町1-56-65","35.988815","140.148651"
"栄町区民会館","茨城県牛久市栄町4-202-1","35.981628","140.153341"
"奥原公会堂","茨城県牛久市奥原町2219","35.945018","140.251652"
"岡見会館","茨城県牛久市岡見町1453-9","35.976309","140.176192"
"上池台区民会館","茨城県牛久市岡見町2075-3","35.986816","140.167566"
"第８岡見自治会館","茨城県牛久市岡見町2792-31","35.986994","140.177785"
"東岡見区民会館","茨城県牛久市岡見町971-1","35.970339","140.185032"
"下根ケ丘会館","茨城県牛久市下根町1305-2","35.988719","140.171483"
"東下根区民会館","茨城県牛久市下根町1322-80","35.993773","140.17692"
"下根区民会館","茨城県牛久市下根町787","35.998645","140.163243"
"刈谷自治会館","茨城県牛久市刈谷町1-175","35.973216","140.125406"
"秋住団地自治会館","茨城県牛久市刈谷町2-188-83","35.972953","140.13164"
"久野公会堂","茨城県牛久市久野町1277","35.969681","140.224709"
"上久野集会所","茨城県牛久市久野町2387","35.976128","140.221656"
"中根賀田会館","茨城県牛久市久野町3217-6","35.970233","140.229966"
"大和田公会堂","茨城県牛久市久野町432-1","35.959654","140.237133"
"上町区民会館","茨城県牛久市牛久町110-1","35.967086","140.13578"
"向台自治会館","茨城県牛久市牛久町1214-9","35.960196","140.146912"
"下町区自治会館","茨城県牛久市牛久町27","35.962935","140.138982"
"牛久駅西ニュータウン自治会館","茨城県牛久市牛久町3288-2","35.971982","140.138386"
"本町区民会館","茨城県牛久市牛久町3308-1","35.973806","140.138183"
"報徳公民館","茨城県牛久市桂町2656-4","35.981444","140.250653"
"桂区民会館","茨城県牛久市桂町727-2","35.973481","140.240476"
"女化区民会館","茨城県牛久市女化町391-1","35.949313","140.171502"
"小坂ふるさとコミュニティーセンター","茨城県牛久市小坂町2593-1","35.961778","140.20729"
"向原区民会館","茨城県牛久市小坂町3389-1","35.972118","140.197204"
"小坂団地区民会館","茨城県牛久市小坂町3392-17","35.971732","140.196273"
"三日月橋生涯学習センター","茨城県牛久市庄兵衛新田町210-3","35.961645","140.126216"
"上太田会館","茨城県牛久市上太田町573","35.963242","140.187568"
"竹の台自治会館","茨城県牛久市上柏田1-15-7","35.993887","140.155387"
"むつみ会館","茨城県牛久市上柏田1-19-2","35.994065","140.151842"
"上柏田２号公園","茨城県牛久市上柏田3-48-2","35.989422","140.158591"
"松ケ丘自治会館","茨城県牛久市上柏田4-25-14","35.986356","140.157891"
"成井公会堂","茨城県牛久市城中町1277","35.949217","140.14718"
"城中区民会館","茨城県牛久市城中町244-1","35.957635","140.131499"
"かわはら台自治会館","茨城県牛久市神谷1-11-12","35.974018","140.152534"
"栄東ふれあい館","茨城県牛久市神谷1-2-2","35.976063","140.152529"
"神谷区公会堂","茨城県牛久市神谷2-21-3","35.967118","140.153718"
"向台自治集会所","茨城県牛久市神谷6-46-4","35.963346","140.15394"
"大中公民館","茨城県牛久市中根町382","36.003588","140.155707"
"猪子区民会館","茨城県牛久市猪子町837-2","35.995935","140.147425"
"一厚公民館","茨城県牛久市猪子町992-692","35.992223","140.139763"
"神谷二区区民会館","茨城県牛久市田宮2-36-6","35.984935","140.142572"
"田宮区民会館","茨城県牛久市田宮町1084-3","35.984964","140.137484"
"つつじが丘区民会館","茨城県牛久市田宮町199-3","35.976463","140.135681"
"第２つつじが丘区民会館","茨城県牛久市田宮町448-3","35.981838","140.133551"
"牛久第二小学校","茨城県牛久市田宮町530","35.978748","140.131405"
"奥野生涯学習センター","茨城県牛久市島田町2700-1","35.959485","140.228458"
"ねむの木台区民会館","茨城県牛久市東大和田町157","36.002635","140.152016"
"ひたち野うしく中学校","茨城県牛久市東猯穴町1341-1","36.014522","140.153212"
"東猯穴公会堂","茨城県牛久市東猯穴町609-1","36.014779","140.147444"
"東区会館","茨城県牛久市南2-23-2","35.971786","140.144214"
"関電工人材育成センター","茨城県牛久市南3-2-1","35.972451","140.149121"
"東みどり野区民会館","茨城県牛久市南4-10-18","35.966616","140.147011"
"みどり野区民会館","茨城県牛久市南4-37-10","35.966071","140.144641"
"緑ケ丘区民会館","茨城県牛久市南5-19-37","35.966854","140.14985"
"中柏田区公会堂","茨城県牛久市柏田町1506","35.981436","140.16011"
"下柏田区民会館","茨城県牛久市柏田町267-3","35.97094","140.165222"
"山神町公民館","茨城県境町1070-5","36.104054","139.800006"
"Ｓ－Ｇａｌｌｅｒｙ粛殩寶美術館","茨城県境町1455-1","36.105059","139.79207"
"上町公民館","茨城県境町1512-3","36.108201","139.793349"
"茨城県立境高等学校","茨城県境町175","36.114295","139.802068"
"宮本町公民館","茨城県境町2048-5","36.109832","139.787674"
"Ｓ－ｓｔｕｄｙ＆Ｈｅａｒｔ（洪水時２階に避難）","茨城県境町2173-8","36.114953","139.795945"
"アイレットハウス　さくら館（大規模洪水時の緊急避難用に屋上を使用）","茨城県境町2225-1","36.113378","139.790342"
"境小学校（洪水時３階に避難）","茨城県境町293","36.110906","139.795858"
"住吉町公民館","茨城県境町301-1","36.111036","139.795067"
"水害避難タワー（大規模洪水時の緊急避難用に使用）","茨城県境町391-1","36.108443","139.794523"
"中央公民館","茨城県境町395-1","36.108074","139.794978"
"旭町公民館","茨城県境町541-5","36.110934","139.801061"
"松岡町公民館","茨城県境町67-1","36.116104","139.797817"
"アイレットハウス　モクセイ館（大規模洪水時の緊急避難用に屋上を使用","茨城県境町888","36.105716","139.800402"
"境町研修センター","茨城県境町965-29","36.105367","139.793445"
"新吉町公民館","茨城県境町990","36.103771","139.794167"
"ＤＰＬ境古河物流倉庫","茨城県境町みらい平2-3-1","36.127877","139.805928"
"一ノ谷営農研修センター","茨城県境町一ノ谷245","36.087143","139.82047"
"稲尾集落センター","茨城県境町稲尾571","36.140984","139.789621"
"浦向公民館","茨城県境町浦向190","36.094728","139.812124"
"猿山集落センター","茨城県境町猿山493-4","36.138694","139.802005"
"横塚公民館","茨城県境町横塚319","36.149993","139.783151"
"下砂井営農担い手センター","茨城県境町下砂井771-3","36.135245","139.826441"
"下小橋集落センター","茨城県境町下小橋411","36.103548","139.805627"
"ＬＦ境古河物流倉庫","茨城県境町下小橋838-3","36.112733","139.813145"
"桐ヶ作新田戸構造改善センター","茨城県境町桐ヶ作2367-3","36.064783","139.819307"
"金岡営農研修センター","茨城県境町金岡186","36.079276","139.811495"
"栗山集落センター","茨城県境町栗山163","36.129633","139.823954"
"ふれあいの里（洪水時２階に避難）","茨城県境町栗山815","36.126681","139.818507"
"七軒集落センター","茨城県境町山崎1544-4","36.126246","139.83731"
"井草公民館","茨城県境町山崎1768","36.118343","139.838424"
"山崎北公民館","茨城県境町山崎307-3","36.125822","139.822353"
"山崎南集落センター","茨城県境町山崎526","36.12173","139.822795"
"境町公民館志鳥分館","茨城県境町志鳥330","36.147246","139.79414"
"蛇池田園都市センター","茨城県境町蛇池408","36.128725","139.812943"
"長田小学校（洪水時２階以上に避難）","茨城県境町蛇池409","36.129678","139.812408"
"ＧＬＰ境古河物流倉庫","茨城県境町蛇池748","36.131668","139.808517"
"若林新田営農担い手センター","茨城県境町若林1488","36.070399","139.830752"
"若林本田公民館","茨城県境町若林1926","36.070565","139.838664"
"若林蓮台公民館","茨城県境町若林408","36.076868","139.835278"
"武道館（洪水時２階に避難）","茨城県境町上小橋540","36.119368","139.809602"
"町民体育館（洪水時２階に避難）","茨城県境町上小橋540","36.120286","139.808305"
"文化村公民館（洪水時２階に避難）","茨城県境町上小橋540","36.119878","139.80807"
"上小橋集落センター","茨城県境町上小橋555-3","36.118967","139.809631"
"ＳＡＫＡＩ　Ｔｅｎｎｉｓ　ｃｏｕｒｔ２０２０","茨城県境町上小橋560-1","36.121822","139.808228"
"アーバンスポーツパーク","茨城県境町上小橋560-3","36.121822","139.808228"
"上野原集会場","茨城県境町西泉田1303-2","36.124237","139.808881"
"西泉田集落センター","茨城県境町西泉田707-2","36.116575","139.815865"
"染谷集落センター","茨城県境町染谷782-5","36.096913","139.81665"
"喜五郎集落センター","茨城県境町大歩1512","36.132688","139.833771"
"猿島小学校","茨城県境町大歩333","36.106733","139.818926"
"大歩集落センター","茨城県境町大歩335-2","36.107523","139.821666"
"中大歩営農担い手センター","茨城県境町中大歩1278-2","36.110511","139.830669"
"アイレットハウス　ひまわり館（大規模洪水時の緊急避難用に屋上を使用）","茨城県境町長井戸1648-12","36.121527","139.796484"
"境第一中学校（洪水時２階以上に避難）","茨城県境町長井戸1682","36.122354","139.794314"
"勤労青少年ホーム","茨城県境町長井戸1689-1","36.120828","139.793025"
"さくらの森パーク","茨城県境町長井戸2874","36.115315","139.787046"
"長井戸集落センター","茨城県境町長井戸992-2","36.131496","139.795723"
"茨城県立境特別支援学校","茨城県境町塚崎2170","36.127132","139.767292"
"塚崎一区集落センター","茨城県境町塚崎2682","36.123613","139.774799"
"静小学校（洪水時３階以上に避難）","茨城県境町塚崎704","36.130127","139.77676"
"塚崎二区農村集落センター","茨城県境町塚崎809-1","36.130616","139.775215"
"内門本田集落センター","茨城県境町内門358-1","36.115528","139.828274"
"モバイル建築さかい研究開発センター","茨城県境町内門600-1","36.124558","139.833014"
"内門新田公民館","茨城県境町内門922-1","36.112313","139.836882"
"森戸小学校（洪水時３階に避難）","茨城県境町百戸1252","36.08128","139.827986"
"百戸公民館","茨城県境町百戸1791-2","36.075102","139.819358"
"境第二中学校（洪水時３階に避難）","茨城県境町伏木1310-1","36.099221","139.823198"
"伏木北部公民館","茨城県境町伏木2831-2","36.102779","139.839229"
"伏木中部営農担い手センター","茨城県境町伏木3524-3","36.095509","139.827676"
"伏木南部公民館","茨城県境町伏木37","36.091362","139.832446"
"境リバーサイドパーク（境河岸）","茨城県境町利根川河川敷（本船町地先）","36.10483","139.788669"
"浦町児童公園（浦町防災広場）","茨城県結城市結城196-1","36.302438","139.875502"
"城南小学校","茨城県結城市城南町1-11","36.28761","139.863373"
"川木谷グランド","茨城県結城市大字結城10045-2","36.298661","139.860893"
"結城西小学校","茨城県結城市大字結城10290-1","36.301523","139.86127"
"結城第一高等学校","茨城県結城市大字結城1076","36.304219","139.882149"
"四ツ京近隣公園","茨城県結城市大字結城11910-1","36.308208","139.871399"
"玉岡尭舜認定こども園","茨城県結城市大字結城12018-1","36.313487","139.872287"
"茨城県結城看護専門学校","茨城県結城市大字結城1211-7","36.304084","139.880291"
"結城市立公民館","茨城県結城市大字結城1446-10","36.30505","139.877535"
"結城小学校","茨城県結城市大字結城1927","36.306447","139.880288"
"城跡歴史公園","茨城県結城市大字結城2486-1","36.307967","139.885605"
"結城東中学校","茨城県結城市大字結城3381","36.298609","139.88576"
"結城第二高等学校","茨城県結城市大字結城7355","36.295053","139.875761"
"城西小学校","茨城県結城市大字結城9633-1","36.288406","139.852657"
"城西保育所","茨城県結城市大字結城9648","36.286259","139.851147"
"江川地区多目的集会施設","茨城県結城市大字江川新宿1973-20","36.237874","139.83162"
"山川小学校","茨城県結城市大字今宿1164-1","36.233648","139.875609"
"山川保育所","茨城県結城市大字今宿1167","36.232452","139.875411"
"鹿窪運動公園","茨城県結城市大字鹿窪1","36.28087","139.876489"
"結城特別支援学校","茨城県結城市大字鹿窪1357-10","36.270645","139.879543"
"生きがいふれあいセンター","茨城県結城市大字鹿窪514-9","36.276253","139.886116"
"鬼怒商業高等学校","茨城県結城市大字小森1513-2","36.290471","139.900148"
"絹川小学校","茨城県結城市大字小森2227","36.281083","139.89576"
"結城中学校","茨城県結城市大字小田林2600","36.299358","139.854485"
"上山川小学校","茨城県結城市大字上山川3388","36.253975","139.884178"
"才光寺会館","茨城県結城市大字上山川4135-7","36.263966","139.886514"
"結城南中学校","茨城県結城市大字大木1123","36.25481","139.864822"
"江川北小学校","茨城県結城市大字田間1421","36.253726","139.838565"
"江川南小学校","茨城県結城市大字北南茂呂81","36.216312","139.82574"
"市民文化センターアクロス","茨城県結城市中央町2-2","36.290926","139.871717"
"古河第三小学校","茨城県古河市旭町1-18-4","36.195029","139.722938"
"古河第一高等学校","茨城県古河市旭町2-4-5","36.195536","139.724047"
"総和南中学校","茨城県古河市磯部1773","36.163805","139.753094"
"古河中等教育学校","茨城県古河市磯部846","36.169987","139.747737"
"地域交流センター","茨城県古河市横山町1-2-20","36.197394","139.705065"
"古河第五小学校","茨城県古河市横山町3-13-27","36.203305","139.702593"
"古河第三中学校","茨城県古河市下山町9-5","36.189699","139.725147"
"中央小学校","茨城県古河市下大野1573-20","36.185514","139.758905"
"中央運動公園総合体育館","茨城県古河市下大野2528","36.18129","139.752957"
"下大野小学校","茨城県古河市下大野734-2","36.167626","139.772085"
"下辺見小学校","茨城県古河市下辺見2400","36.176738","139.733642"
"コミュニティセンター総和","茨城県古河市下辺見2401","36.176147","139.734749"
"総和工業高等学校","茨城県古河市葛生1004-1","36.156499","139.792973"
"茨城県立総和工業高等学校（大規模洪水により広域避難が必要な場合に使用）","茨城県古河市葛生1004-1","36.157327","139.791946"
"さくら公民館","茨城県古河市久能973-1","36.166444","139.772656"
"駒羽根小学校","茨城県古河市駒羽根1364","36.160331","139.761301"
"ネーブルパーク","茨城県古河市駒羽根620","36.165854","139.754852"
"駒込小学校","茨城県古河市駒込899-3","36.222623","139.807443"
"三和高等学校","茨城県古河市五部54-1","36.207486","139.819018"
"古河第二高等学校","茨城県古河市幸町19-18","36.184141","139.710562"
"古河総合公園","茨城県古河市鴻巣399-1","36.177427","139.701227"
"古河第二中学校","茨城県古河市鴻巣780","36.17187","139.713196"
"古河第七小学校","茨城県古河市三和176-1","36.164192","139.705082"
"釈迦小学校","茨城県古河市釈迦271","36.157056","139.751036"
"諸川小学校","茨城県古河市諸川1097","36.196897","139.811214"
"旧古河産業技術専門学院","茨城県古河市諸川1844","36.20437","139.809719"
"三和北中学校","茨城県古河市諸川1995","36.208684","139.805916"
"総和中学校","茨城県古河市女沼290-1","36.176367","139.751954"
"総和北中学校","茨城県古河市小堤1775","36.203098","139.767371"
"小堤小学校","茨城県古河市小堤1815-1","36.204997","139.760941"
"上大野小学校","茨城県古河市上大野1425","36.20503","139.780648"
"上辺見小学校","茨城県古河市上辺見1164","36.189366","139.7315"
"ユーセンター総和","茨城県古河市上辺見2369","36.186913","139.730124"
"古河第一中学校","茨城県古河市常盤町11-26","36.204459","139.714402"
"第四保育所","茨城県古河市新久田245-5","36.170513","139.702818"
"古河福祉の森会館","茨城県古河市新久田271-1","36.168916","139.703261"
"三和健康ふれあい　スポーツセンター","茨城県古河市仁連2042-1","36.185582","139.819513"
"三和図書館","茨城県古河市仁連2042-1","36.18461","139.8205"
"仁連小学校","茨城県古河市仁連607","36.182711","139.80823"
"水海小学校","茨城県古河市水海542-1","36.143517","139.756251"
"西牛谷小学校","茨城県古河市西牛谷650","36.201148","139.736861"
"古河ゴルフリンクス","茨城県古河市西町10-1","36.199113","139.697003"
"生涯学習センター総和","茨城県古河市前林1953-1","36.152523","139.739313"
"古河市隣保館","茨城県古河市大山1729-5","36.152094","139.721066"
"大和田小学校","茨城県古河市大和田822","36.190051","139.796696"
"古河第一小学校","茨城県古河市中央町3-10-1","36.192674","139.701569"
"古河第四小学校","茨城県古河市中田1221","36.154606","139.714568"
"古河第三高等学校","茨城県古河市中田新田12-1","36.160665","139.711016"
"中田公民館","茨城県古河市中田新田135-1","36.155129","139.713617"
"古河東公民館","茨城県古河市東3-7-19","36.197387","139.714546"
"三和農村環境改善センター","茨城県古河市東山田1808-12","36.158572","139.817883"
"八俣小学校","茨城県古河市東山田1814","36.158243","139.818744"
"三和中学校","茨城県古河市東山田472","36.171906","139.814728"
"名崎小学校","茨城県古河市尾崎4200","36.185254","139.842647"
"三和東中学校","茨城県古河市尾崎4515","36.193943","139.837751"
"古河第六小学校","茨城県古河市北町16-47","36.203525","139.717126"
"総和老人福祉センター","茨城県古河市北利根10","36.159411","139.765226"
"サークル館","茨城県古河市北利根10","36.158944","139.766004"
"古河第二小学校","茨城県古河市本町2-10-45","36.192603","139.707226"
"スポーツ交流センター","茨城県古河市立崎510-1","36.181133","139.695575"
"道の駅「ごか」","茨城県五霞町ごかみらい13-3","36.095519","139.758069"
"五霞小学校","茨城県五霞町元栗橋1072","36.113432","139.741057"
"西南広域消防五霞分署","茨城県五霞町元栗橋1887-1","36.106398","139.74782"
"五霞町Ｂ＆Ｇ海洋センター","茨城県五霞町元栗橋6250","36.113069","139.744254"
"ごか西児童館","茨城県五霞町元栗橋916-5","36.113782","139.739194"
"五霞中学校","茨城県五霞町元栗橋953","36.113877","139.742113"
"五霞町環境浄化センター","茨城県五霞町原宿台2-27-4","36.092849","139.739106"
"原宿台コミュニティセンター","茨城県五霞町原宿台4-12-2","36.095701","139.737847"
"ごか南児童館","茨城県五霞町原宿台4-25-9","36.094018","139.734281"
"大王パッケージ株式会社","茨城県五霞町幸主572","36.08156","139.766606"
"五霞ふれあいセンター","茨城県五霞町江川179-1","36.099112","139.761503"
"旧五霞東小学校","茨城県五霞町江川200","36.100351","139.761112"
"五霞町中央公民館","茨城県五霞町小福田148-1","36.117086","139.744399"
"茨城むつみ農業協同組合五霞支店","茨城県五霞町新幸谷453","36.114057","139.744586"
"五霞町川妻浄水場","茨城県五霞町川妻953","36.127935","139.721869"
"五霞町保健センター","茨城県五霞町大字小福田1231-1","36.109478","139.750717"
"玉造中学校","茨城県行方市玉造甲2807","36.102908","140.425127"
"玉造運動場（農村環境改善センター含）","茨城県行方市玉造甲3190","36.100318","140.434394"
"玉造小学校","茨城県行方市玉造甲3200","36.100964","140.436443"
"地域包括支援センター","茨城県行方市玉造甲478-1","36.102849","140.414691"
"北浦公民館","茨城県行方市山田2175","36.08378","140.533345"
"北浦体育館","茨城県行方市山田2175","36.082688","140.532529"
"保健センター","茨城県行方市山田3282-10","36.083361","140.510851"
"麻生東小学校","茨城県行方市蔵川549","36.033936","140.528739"
"北浦小学校","茨城県行方市内宿358-2","36.090669","140.508736"
"北浦中学校","茨城県行方市内宿390","36.088936","140.504969"
"麻生運動場","茨城県行方市南269-1","36.023197","140.475123"
"麻生中学校","茨城県行方市南327-3","36.023317","140.477167"
"北浦幼稚園","茨城県行方市繁昌212","36.069042","140.524235"
"麻生小学校","茨城県行方市麻生1147-1","35.988984","140.484577"
"麻生公民館","茨城県行方市麻生1221","35.987845","140.487979"
"情報交流センター","茨城県行方市麻生1570-1","35.990495","140.489542"
"高萩小学校","茨城県高萩市安良川1048","36.712913","140.705421"
"駒形集会所","茨城県高萩市安良川272-164","36.710455","140.715258"
"横川集会所","茨城県高萩市横川9-1","36.802018","140.646036"
"髙萩ユーフィールド（旧）君田小・中学校","茨城県高萩市下君田682","36.801707","140.585096"
"下君田集会所","茨城県高萩市下君田755","36.809825","140.589629"
"サンスポーツランド高萩","茨城県高萩市下手綱2037-2","36.728077","140.708315"
"松岡中学校","茨城県高萩市下手綱4","36.740021","140.702005"
"松岡小学校","茨城県高萩市下手綱43","36.738633","140.70656"
"松岡地区公民館","茨城県高萩市下手綱787-1","36.735298","140.707211"
"行人塚集会所","茨城県高萩市高戸192-1","36.722692","140.716278"
"高戸集会所","茨城県高萩市高戸810-3","36.723822","140.724357"
"高萩高等学校","茨城県高萩市高萩1111","36.716385","140.706921"
"秋山中学校","茨城県高萩市高萩273","36.721246","140.689172"
"山手集会所","茨城県高萩市高萩460-3","36.722826","140.678052"
"文化会館","茨城県高萩市高萩6","36.711875","140.70748"
"高萩市民球場","茨城県高萩市高萩727","36.726782","140.681549"
"駒木原集会所","茨城県高萩市高萩790-2","36.722738","140.691203"
"台高萩集会所","茨城県高萩市高萩903","36.722328","140.700799"
"高浜スポーツ広場","茨城県高萩市高浜町1-42","36.70784","140.71789"
"高萩中学校","茨城県高萩市高浜町1-77","36.709803","140.719559"
"市営高浜第二住宅（津波避難ビル）","茨城県高萩市高浜町2-2","36.708373","140.719969"
"市営高浜住宅（津波避難ビル）","茨城県高萩市高浜町3-104","36.705061","140.718477"
"若栗集会所","茨城県高萩市若栗227","36.771728","140.634873"
"秋山下集会所","茨城県高萩市秋山1164","36.707522","140.683898"
"秋山中林崎集会所","茨城県高萩市秋山1829","36.716041","140.677466"
"秋山南集会所","茨城県高萩市秋山2433-9","36.706453","140.673138"
"秋山中集会所","茨城県高萩市秋山625-5","36.716227","140.685226"
"秋山集会所","茨城県高萩市秋山806-1","36.718807","140.677443"
"和野集会所","茨城県高萩市秋山83-1","36.730153","140.675274"
"高萩市民センター","茨城県高萩市春日町2-22","36.714672","140.713921"
"高萩市総合福祉センター","茨城県高萩市春日町3-10","36.719615","140.717028"
"リーベロたかはぎ","茨城県高萩市春日町3-10-16","36.718794","140.716804"
"上君田集会所","茨城県高萩市上君田715","36.79803","140.577906"
"上手綱集会所","茨城県高萩市上手綱1769-6","36.738413","140.682876"
"千代田集会所","茨城県高萩市上手綱1911-1","36.74159","140.677456"
"北組集会所","茨城県高萩市上手綱2485-1","36.739069","140.690069"
"関口集会所","茨城県高萩市上手綱2807-9","36.754056","140.675412"
"石舟集会所","茨城県高萩市上手綱3146-1","36.750259","140.686"
"上原集会所","茨城県高萩市上手綱3223-14","36.748093","140.687878"
"てつな住宅団地集会所","茨城県高萩市上手綱5150-4","36.733818","140.68271"
"下組集会所","茨城県高萩市上手綱52","36.735772","140.699958"
"明秀学園高萩キャンパス","茨城県高萩市石滝2490-1","36.699496","140.704625"
"石滝上ノ台集会所","茨城県高萩市石滝2604-3","36.69718","140.706352"
"さくら宇宙公園","茨城県高萩市石滝608-1","36.699855","140.696417"
"赤浜集会所","茨城県高萩市赤浜1397-1","36.739206","140.721737"
"高萩清松高等学校","茨城県高萩市赤浜1864","36.736328","140.716421"
"高萩市リサイクルセンター","茨城県高萩市赤浜2100-192","36.752839","140.700654"
"高萩霊園","茨城県高萩市赤浜364","36.726627","140.726742"
"大能集会所","茨城県高萩市大能653","36.743455","140.593045"
"中戸川集会所","茨城県高萩市中戸川1211","36.720672","140.609663"
"島名集会所","茨城県高萩市島名1606","36.707823","140.690856"
"向洋台集会所","茨城県高萩市島名2118-87","36.714675","140.693486"
"秋山小学校","茨城県高萩市島名2161-1","36.715718","140.686367"
"上島名千代町集会所","茨城県高萩市島名2253-142","36.716183","140.689406"
"肥前町集会所","茨城県高萩市肥前町2-1-8","36.718591","140.719999"
"東小学校","茨城県高萩市有明町1-141","36.716262","140.722508"
"有明町集会所","茨城県高萩市有明町2-13-1","36.71107","140.719012"
"岩井第一小学校","茨城県坂東市岩井2029-1","36.056689","139.882351"
"総合体育館","茨城県坂東市岩井3086","36.049239","139.878764"
"岩井公民館","茨城県坂東市岩井3108","36.049212","139.879671"
"八坂公園","茨城県坂東市岩井3162-3","36.046948","139.87869"
"県立坂東清風高等学校","茨城県坂東市岩井4319-1","36.048229","139.89105"
"中央児童公園","茨城県坂東市岩井4325-1","36.048383","139.889816"
"児童福祉センター","茨城県坂東市岩井4326-1","36.048767","139.889583"
"新町コミュニティセンターホロニック","茨城県坂東市岩井4624-8","36.045759","139.887104"
"市民音楽ホール","茨城県坂東市岩井5082","36.041624","139.882746"
"逆井地区農村いこいの広場（大規模洪水（予想される場合を含む。）により広域避難が必要な場合に使用）","茨城県坂東市逆井1047-17","36.137421","139.851028"
"逆井城跡公園","茨城県坂東市逆井1262","36.142902","139.854111"
"逆井城址公園（大規模洪水（予想される場合を含む。）により広域避難が必要な場合に使用）","茨城県坂東市逆井1262","36.142383","139.853937"
"逆井山小学校","茨城県坂東市逆井1825-30","36.134402","139.863917"
"（旧）茨城県立坂東総合高等学校跡地（大規模洪水により広域避難必要な場合に使用）","茨城県坂東市逆井2833-115","36.132439","139.840528"
"県立坂東清風高等学校（農場）","茨城県坂東市逆井2833-115","36.133854","139.840049"
"前山公園（大規模洪水（予想される場合を含む。）により広域避難が必要な場合に使用）","茨城県坂東市逆井2841","36.134094","139.845175"
"前山公園","茨城県坂東市逆井2845-3","36.134521","139.844901"
"浄土宗常繁寺駐車場（大規模洪水（予想される場合を含む。）により広域避難が必要な場合に使用）","茨城県坂東市逆井883","36.133826","139.84632"
"岩井保健センター","茨城県坂東市弓田2145-1","36.066672","139.893722"
"西村公民館","茨城県坂東市沓掛2401","36.10604","139.89578"
"沓掛小学校","茨城県坂東市沓掛3775","36.10209","139.90069"
"沓掛球場","茨城県坂東市沓掛6083","36.100025","139.908759"
"猿島幼稚園","茨城県坂東市沓掛6083-3","36.100764","139.90908"
"幸神平公園","茨城県坂東市幸神平34","36.054191","139.916934"
"飯島小学校","茨城県坂東市幸田新田1468-1","36.062943","139.923306"
"岩井球場","茨城県坂東市鵠戸255","36.05021","139.878088"
"猿島保健センター","茨城県坂東市山2717-1","36.119289","139.883182"
"猿島武道館","茨城県坂東市山2724","36.118465","139.883254"
"猿島体育館","茨城県坂東市山2724","36.118179","139.883442"
"猿島公民館","茨城県坂東市山2730","36.11798","139.88532"
"猿島中学校","茨城県坂東市山2807","36.115543","139.882751"
"七重小学校","茨城県坂東市借宿683-2","36.084151","139.865807"
"中川小学校","茨城県坂東市小山108","36.017991","139.880115"
"岩井中学校","茨城県坂東市上出島1053","36.061466","139.878285"
"生子菅小学校","茨城県坂東市生子2219","36.105496","139.855484"
"放課後児童クラブ生子館","茨城県坂東市生子2743-1","36.106676","139.8548"
"猿島球場","茨城県坂東市生子新田804","36.112827","139.87001"
"生子菅地区農業構造改善センター","茨城県坂東市生子新田879-1","36.104093","139.860338"
"生子運動公園","茨城県坂東市生子新田884-1","36.104882","139.860477"
"飯島コミュニティセンターいなほの里","茨城県坂東市大口新田50","36.046505","139.94169"
"長須小学校","茨城県坂東市長須1243","36.056114","139.848668"
"内野山小学校","茨城県坂東市内野山849","36.08506","139.921759"
"内野山運動公園","茨城県坂東市内野山854-1","36.084318","139.923554"
"東中学校","茨城県坂東市猫実1093-2","36.043839","139.927142"
"坂東市立公民館神大実分館","茨城県坂東市猫実794-2","36.038476","139.926021"
"神大実小学校","茨城県坂東市猫実805","36.039932","139.925759"
"馬立運動公園","茨城県坂東市馬立1185","36.070088","139.907236"
"弓馬田小学校","茨城県坂東市馬立30-1","36.067495","139.895707"
"馬立コミュニティセンターふれあい館","茨城県坂東市馬立680","36.06209","139.899576"
"岩井第二小学校","茨城県坂東市辺田1172-7","36.041852","139.896868"
"ぼうけん広場","茨城県坂東市辺田1516-60","36.044228","139.891601"
"岩井福祉センター「夢積館」","茨城県坂東市辺田48","36.032202","139.897824"
"南中学校","茨城県坂東市矢作326","36.007826","139.900759"
"七郷小学校","茨城県坂東市矢作87-1","36.006913","139.906159"
"七郷コミュニティセンターみどりのさと","茨城県坂東市矢作90-1","36.007147","139.905169"
"莚打コミュニティセンター芽吹の郷","茨城県坂東市莚打711-1","35.994363","139.892334"
"桜川市立岩瀬東中学校","茨城県桜川市磯部466","36.370472","140.141283"
"桜川市猿田体育館","茨城県桜川市猿田413-1","36.334931","140.157538"
"茨城県立岩瀬高等学校","茨城県桜川市岩瀬1511-1","36.368303","140.116242"
"桜川市立岩瀬小学校","茨城県桜川市鍬田553-5","36.360852","140.097984"
"桜川市立真壁学園義務教育学校","茨城県桜川市真壁町伊佐々158","36.268564","140.087311"
"桜川市立旧谷貝小学校","茨城県桜川市真壁町下谷貝1146-1","36.294383","140.058919"
"桜川市立旧桜川中学校","茨城県桜川市真壁町亀熊570","36.294142","140.096294"
"真壁伝承館","茨城県桜川市真壁町真壁198","36.277489","140.10074"
"桜川市立旧樺穂小学校","茨城県桜川市真壁町長岡437","36.291629","140.111554"
"桜川市紫尾体育館","茨城県桜川市真壁町椎尾1687","36.251093","140.074973"
"桜川市真壁第２体育館","茨城県桜川市真壁町田179-4","36.271936","140.094258"
"茨城県立真壁高等学校","茨城県桜川市真壁町飯塚210","36.279541","140.094605"
"桜川市立坂戸小学校","茨城県桜川市西飯岡512-4","36.365617","140.077556"
"桜川市立大国小学校","茨城県桜川市大国玉597","36.326548","140.075234"
"桜川市立南飯田小学校","茨城県桜川市南飯田1-1","36.382434","140.137219"
"桜川市立岩瀬西中学校","茨城県桜川市富岡535","36.369687","140.088477"
"桜川市立雨引小学校","茨城県桜川市本木1591","36.323705","140.105758"
"岩瀬日本大学高等学校","茨城県桜川市友部1739","36.349546","140.14341"
"桜川市立羽黒小学校","茨城県桜川市友部201","36.357363","140.147039"
"高松幼稚園","茨城県鹿嶋市粟生301","35.94191","140.650476"
"旧高松小学校","茨城県鹿嶋市粟生301","35.942792","140.651227"
"角折公民館","茨城県鹿嶋市角折1448-1","36.034731","140.629667"
"はまなす公民館","茨城県鹿嶋市角折2096-1","36.033722","140.627377"
"宮下保育園","茨城県鹿嶋市宮下1-9-5","35.972958","140.634581"
"水戸地方法務局鹿島支局","茨城県鹿嶋市宮下5-20-4","35.971701","140.628508"
"セイビ堂ドリームパーク（地域子育て支援センター）","茨城県鹿嶋市宮中1-12-10","35.966219","140.631354"
"三笠小学校","茨城県鹿嶋市宮中2042-1","35.971299","140.645848"
"三笠公民館","茨城県鹿嶋市宮中2042-1","35.971565","140.645669"
"鹿島中学校","茨城県鹿嶋市宮中2398-1","35.976663","140.638894"
"チェリオイオン鹿嶋店","茨城県鹿嶋市宮中290-1","35.96006","140.644017"
"高正Ｕ＆Ｉセンターホール（鹿嶋勤労文化会館）","茨城県鹿嶋市宮中325-1","35.962943","140.644269"
"鹿行水道事務所","茨城県鹿嶋市宮中3761-1","35.980969","140.611363"
"私立清真学園高等学校・中学校","茨城県鹿嶋市宮中4448-5","35.976947","140.635986"
"中央公民館","茨城県鹿嶋市宮中4631-1","35.978731","140.633165"
"荒井農村集落センター","茨城県鹿嶋市荒井326-1","36.05329","140.620784"
"大同東小学校","茨城県鹿嶋市荒井373","36.055743","140.617338"
"中野東小学校","茨城県鹿嶋市荒野1221","36.019108","140.63611"
"荒野台公民館","茨城県鹿嶋市荒野1573-7","36.017542","140.629238"
"新田コミュニティセンター","茨城県鹿嶋市荒野180","36.022024","140.63994"
"龍蔵院・集落センター","茨城県鹿嶋市荒野56-2","36.017767","140.638148"
"佐田保育園","茨城県鹿嶋市佐田503","35.953138","140.64015"
"県立鹿島灘高等学校","茨城県鹿嶋市志崎121","36.075581","140.592816"
"志崎新農村集落センター","茨城県鹿嶋市志崎590","36.064647","140.578201"
"小山農村集落センター","茨城県鹿嶋市小山160","36.016218","140.638767"
"県立鹿島特別支援学校","茨城県鹿嶋市沼尾1195","36.000594","140.604229"
"県立鹿島高等学校","茨城県鹿嶋市城山2-2-19","35.965346","140.623798"
"鹿島小学校","茨城県鹿嶋市城山4-3-43","35.963695","140.624285"
"鹿野中学校","茨城県鹿嶋市城山4-7-10","35.963308","140.620993"
"鹿島公民館","茨城県鹿嶋市城山4-7-17","35.961763","140.621294"
"波野幼稚園","茨城県鹿嶋市神向寺126","35.988574","140.642745"
"カシマスポーツセンター","茨城県鹿嶋市神向寺23-2","35.99028","140.638974"
"県立カシマサッカースタジアム","茨城県鹿嶋市神向寺26-2","35.991966","140.640358"
"卜伝の郷運動公園多目的球技場","茨城県鹿嶋市神向寺55-1","35.991927","140.643314"
"豊郷小学校","茨城県鹿嶋市須賀1170","35.985492","140.610124"
"豊郷公民館","茨城県鹿嶋市須賀1692-1","35.985448","140.611624"
"天長井戸農村集落センター","茨城県鹿嶋市青塚1179-4","36.043807","140.612867"
"青塚農村集落センター","茨城県鹿嶋市青塚678-3","36.045475","140.623262"
"大志崎農村集落センター","茨城県鹿嶋市大小志崎664-2","36.07633","140.606833"
"小志崎農村集落センター","茨城県鹿嶋市大小志崎779","36.070971","140.611986"
"豊津小学校","茨城県鹿嶋市大船津2328-1","35.962696","140.61021"
"豊津公民館","茨城県鹿嶋市大船津4277-6","35.960895","140.614607"
"棚木農村集落センター","茨城県鹿嶋市棚木370","36.026618","140.600023"
"高松地区防災公園","茨城県鹿嶋市谷原1473","35.933897","140.638011"
"中野西小学校","茨城県鹿嶋市中1729-3","36.015037","140.589495"
"居合田園都市センター","茨城県鹿嶋市中1747","36.017428","140.588515"
"中農村集落センター","茨城県鹿嶋市中2381-2","36.018032","140.598982"
"はまなす幼稚園","茨城県鹿嶋市中595","36.011571","140.589096"
"ホテルルートイン鹿島","茨城県鹿嶋市長栖2275-1","35.933115","140.641689"
"津賀公民館","茨城県鹿嶋市津賀1153-2","36.039923","140.586172"
"塙新農村集落センター","茨城県鹿嶋市津賀1758-2","36.044291","140.594176"
"大野公民館","茨城県鹿嶋市津賀1919-1","36.050174","140.598745"
"大野中学校","茨城県鹿嶋市津賀1925-1","36.05104","140.6002"
"掛崎公民館","茨城県鹿嶋市津賀641","36.030301","140.575444"
"私立鹿島学園高等学校","茨城県鹿嶋市田野辺141-9","36.002955","140.618691"
"奈良毛新農村集落センター","茨城県鹿嶋市奈良毛373","36.011094","140.592009"
"鉢形小学校","茨城県鹿嶋市鉢形台3-15-1","35.958716","140.650793"
"鉢形公民館","茨城県鹿嶋市鉢形台3-15-1","35.95904","140.651316"
"浜津賀公民館","茨城県鹿嶋市浜津賀375-4","36.06225","140.615591"
"大野高齢者センター","茨城県鹿嶋市武井1399","36.052592","140.574156"
"共栄農村集落センター","茨城県鹿嶋市武井2092-17","36.063936","140.599844"
"大同西小学校","茨城県鹿嶋市武井264","36.037733","140.578296"
"額賀公民館","茨城県鹿嶋市武井918","36.038986","140.575824"
"武井釜新農村集落センター","茨城県鹿嶋市武井釜309","36.065775","140.615604"
"平井中学校","茨城県鹿嶋市平井1125-1","35.969208","140.664251"
"平井公民館","茨城県鹿嶋市平井1128-64","35.971551","140.666746"
"三笠幼稚園","茨城県鹿嶋市平井1184-4","35.97091","140.647128"
"カワチ薬品鹿嶋店","茨城県鹿嶋市平井1290-1","35.965621","140.651881"
"総合福祉センター","茨城県鹿嶋市平井1350-45","35.95851","140.660201"
"平井小学校","茨城県鹿嶋市平井20-2","35.972952","140.667534"
"平井小学校　屋上","茨城県鹿嶋市平井20-2","35.972804","140.667199"
"平井認定こども園","茨城県鹿嶋市平井東1-27-4","35.961631","140.667428"
"波野小学校","茨城県鹿嶋市明石516","35.99169","140.647244"
"波野公民館","茨城県鹿嶋市明石520-2","35.991789","140.646695"
"高松小学校・高松中学校","茨城県鹿嶋市木滝274","35.942447","140.649365"
"高松公民館","茨城県鹿嶋市木滝478-53","35.943604","140.64921"
"県立鹿島産業技術専門学院","茨城県鹿嶋市林572-1","36.016921","140.621771"
"林新農村集落センター","茨城県鹿嶋市林728-1","36.014673","140.613098"
"中坪農村集落センター","茨城県鹿嶋市和1070","36.034984","140.601608"
"立原農村集落センター","茨城県鹿嶋市和1826-1","36.029143","140.593897"
"花の山新農村集落センター","茨城県鹿嶋市和772-65","36.046629","140.60786"
"鹿行水道事務所鰐川浄水場２階事務所","茨城県鹿嶋市鰐川234","35.931076","140.629087"
"高井小学校","茨城県取手市ゆめみ野3-22-1","35.925072","140.043309"
"旧取手第一中学校","茨城県取手市井野3-15-1","35.895736","140.076535"
"寺原小学校","茨城県取手市井野台5-14-1","35.910894","140.063145"
"旧井野小学校","茨城県取手市井野団地1-1","35.896861","140.076136"
"めぐみの杜","茨城県取手市稲29-1","35.909448","140.044457"
"取手西小学校","茨城県取手市稲70","35.90977","140.046072"
"さくら荘","茨城県取手市岡1025","35.928631","140.046051"
"永山中学校","茨城県取手市下高井2311","35.925355","140.02985"
"永山小学校","茨城県取手市下高井2340","35.926851","140.028569"
"久賀小学校","茨城県取手市萱場60","35.930431","140.112666"
"取手東小学校","茨城県取手市吉田400","35.891476","140.083089"
"取手第一中学校","茨城県取手市吉田470","35.89323","140.086108"
"つつじ園","茨城県取手市戸頭1299-1","35.919961","140.005816"
"戸頭小学校","茨城県取手市戸頭3-21-1","35.921979","140.015591"
"戸頭中学校","茨城県取手市戸頭7-1-1","35.920768","140.011638"
"旧戸頭西小学校","茨城県取手市戸頭8-10-1","35.925891","140.008126"
"身障者ポニーの会","茨城県取手市高須2148","35.903288","140.142248"
"旧高須小学校（グランド）","茨城県取手市高須2151","35.903542","140.142777"
"高須公民館","茨城県取手市高須2157","35.904535","140.143639"
"桜が丘小学校","茨城県取手市桜が丘2-17-1","35.902771","140.12698"
"山王小学校","茨城県取手市山王380","35.933484","140.066799"
"市之代集会所","茨城県取手市市之代499-1","35.949068","140.022626"
"藤代紫水高等学校","茨城県取手市紫水1-660","35.938058","140.093365"
"あけぼの","茨城県取手市寺田4723","35.916582","140.040966"
"取手第二中学校","茨城県取手市寺田5147","35.910991","140.051906"
"成田国際航空専門学校","茨城県取手市取手西野1842","35.880197","140.071938"
"旧小文間小学校","茨城県取手市小文間4359","35.885322","140.110471"
"取手松陽高等学校","茨城県取手市小文間4770","35.879403","140.12239"
"水彩館","茨城県取手市小文間5720-1","35.891944","140.095365"
"小堀集会所","茨城県取手市小堀3894-1","35.879856","140.074207"
"取手ウェルネスプラザ","茨城県取手市新町2-5-25","35.898275","140.062738"
"六郷小学校","茨城県取手市清水373-1","35.912575","140.09353"
"江戸川学園取手中・高等学校","茨城県取手市西1-37-1","35.903207","140.041235"
"取手第一高等学校","茨城県取手市台宿2-4-1","35.897533","140.065669"
"藤代南中学校","茨城県取手市中田880","35.906476","140.117723"
"かたらいの郷","茨城県取手市長兵衛新田193-2","35.889819","140.090923"
"取手第二高等学校","茨城県取手市東2-5-1","35.891464","140.068646"
"取手小学校","茨城県取手市東5-3-1","35.89076","140.070623"
"藤代小学校","茨城県取手市藤代53","35.927654","140.109207"
"障害者福祉センターふじしろ","茨城県取手市藤代730-1","35.921452","140.110371"
"宮和田小学校","茨城県取手市藤代南3-11-1","35.914639","140.121734"
"白山小学校","茨城県取手市白山2-3-18","35.900745","140.061163"
"旧白山西小学校（前田建設工業株式会社）","茨城県取手市白山8-11-6","35.908716","140.055232"
"藤代高等学校","茨城県取手市毛有640","35.910687","140.085738"
"取手グリーンスポーツセンター","茨城県取手市野々井1299","35.919106","140.026624"
"江戸川学園取手小学校","茨城県取手市野々井1567-3","35.912786","140.034582"
"藤代中学校","茨城県取手市椚木1343","35.92506","140.092491"
"けやき台中学校","茨城県守谷市けやき台5-21-1","35.939458","139.992404"
"郷州小学校","茨城県守谷市みずき野5-4-1","35.936654","140.011263"
"御所ケ丘中学校","茨城県守谷市御所ケ丘4-16","35.963038","139.974404"
"御所ケ丘小学校","茨城県守谷市御所ケ丘5-15","35.964316","139.973515"
"高野小学校","茨城県守谷市高野1342","35.928876","139.987162"
"松ケ丘小学校","茨城県守谷市松ケ丘4-12","35.942513","139.982571"
"松前台小学校","茨城県守谷市松前台2-16","35.970093","139.966793"
"北園保育所","茨城県守谷市松並1577-1","35.95529","139.996374"
"茨城県立守谷高等学校","茨城県守谷市大木70","35.963649","139.956628"
"西板戸井田園都市センター","茨城県守谷市板戸井1599-1","35.973725","139.946705"
"北守谷公民館","茨城県守谷市板戸井1977-2","35.973568","139.955584"
"黒内小学校","茨城県守谷市百合ケ丘2-2349","35.953511","139.986336"
"守谷中学校","茨城県守谷市百合ケ丘2-2675","35.949034","139.985412"
"愛宕中学校","茨城県守谷市本町4325-2","35.939338","140.001967"
"守谷小学校","茨城県守谷市本町858","35.946984","140.001101"
"大野小学校","茨城県守谷市野木崎492","35.946068","139.965239"
"大井沢小学校","茨城県守谷市薬師台4-12","35.961733","139.964933"
"羽鳥運動広場","茨城県小美玉市羽鳥2030-3","36.238289","140.288301"
"東平児童公園","茨城県小美玉市羽鳥2654-8","36.254127","140.288549"
"羽鳥小学校","茨城県小美玉市羽鳥932","36.242067","140.28216"
"（旧）下吉影小学校","茨城県小美玉市下吉影1763-4","36.193035","140.436891"
"大井戸湖岸公園","茨城県小美玉市下玉里2508-1","36.142847","140.352158"
"（旧）玉里東小学校","茨城県小美玉市下玉里457","36.15157","140.345089"
"宮田防災公園","茨城県小美玉市宮田785-1","36.195102","140.352398"
"玉里運動公園","茨城県小美玉市栗又四ケ2406-4","36.182329","140.322628"
"（旧）玉里北小学校","茨城県小美玉市栗又四ケ986","36.176586","140.339834"
"堅倉わんぱく公園","茨城県小美玉市堅倉1659","36.235903","140.350618"
"堅倉小学校","茨城県小美玉市堅倉1698-6","36.234459","140.354715"
"仲丸池公園","茨城県小美玉市堅倉1959","36.230102","140.338844"
"江戸住宅公園","茨城県小美玉市江戸90-161","36.252949","140.309301"
"空のえき　そ・ら・ら","茨城県小美玉市山野1628-44","36.180938","140.400251"
"先後公園","茨城県小美玉市小岩戸2023-126","36.261775","140.346949"
"小川南中学校","茨城県小美玉市小川650","36.164499","140.361534"
"小川南小学校","茨城県小美玉市小川686-1","36.167373","140.358915"
"（旧）玉里小学校","茨城県小美玉市上玉里1039","36.163321","140.334492"
"玉里学園義務教育学校","茨城県小美玉市上玉里751-1","36.162496","140.332863"
"小川北義務教育学校","茨城県小美玉市川戸1347-1","36.191411","140.381831"
"竹原小学校","茨城県小美玉市竹原571","36.212361","140.316137"
"希望ヶ丘公園","茨城県小美玉市中台418","36.218686","140.307339"
"茨城県立中央高等学校","茨城県小美玉市張星500","36.245845","140.309766"
"納場小学校","茨城県小美玉市納場444","36.254501","140.323316"
"納場運動広場","茨城県小美玉市納場765-1","36.261542","140.317395"
"（旧）上吉影小学校","茨城県小美玉市飯前1376-16","36.212319","140.406202"
"美野里中学校","茨城県小美玉市部室1196-3","36.238645","140.324816"
"（旧）野田小学校","茨城県小美玉市野田70","36.188847","140.376837"
"小川運動公園","茨城県小美玉市与沢532-1","36.154688","140.399318"
"（旧）橘小学校","茨城県小美玉市与沢729-1","36.160377","140.398198"
"桂町民センター","茨城県城里町阿波山167","36.51577","140.369357"
"桂中学校","茨城県城里町阿波山799","36.51838","140.36428"
"塩子生活改善センター","茨城県城里町塩子1968-1","36.493046","140.269166"
"花山体育館","茨城県城里町塩子2622","36.489217","140.275789"
"七会小学校","茨城県城里町塩子2682","36.488745","140.275095"
"塩子運動広場","茨城県城里町塩子３６９６外","36.486049","140.28724"
"沢山小学校","茨城県城里町下阿野沢156","36.524242","140.353249"
"ホロルの湯","茨城県城里町下古内1829-3","36.433686","140.357076"
"旧古内小学校","茨城県城里町下古内405","36.458077","140.339569"
"常北公民館","茨城県城里町下青山1-1","36.475698","140.373997"
"常北中学校","茨城県城里町下青山10","36.475475","140.37286"
"下赤沢運動公園","茨城県城里町下赤沢613-1","36.453549","140.230146"
"下赤沢集落センター","茨城県城里町下赤沢700-1","36.453412","140.228101"
"錫高野田園都市センター","茨城県城里町錫高野1300","36.499624","140.326589"
"水戸桜ノ牧高等学校常北校","茨城県城里町春園1634","36.479215","140.360933"
"七会保健福祉センター","茨城県城里町小勝1400","36.470957","140.281871"
"七会町民センター","茨城県城里町小勝2268-3","36.458902","140.271137"
"常北小学校","茨城県城里町上青山410","36.472027","140.356007"
"上赤沢農村集落センター","茨城県城里町上赤沢155-3","36.44586","140.214962"
"旧小松小学校","茨城県城里町上入野2910","36.445044","140.377275"
"真端農村集落センター","茨城県城里町真端367","36.43998","140.250811"
"常北保健福祉センター","茨城県城里町石塚1428-1","36.480049","140.375293"
"コミュニティセンター城里","茨城県城里町石塚1428-1","36.479644","140.375459"
"石塚小学校","茨城県城里町石塚2497","36.475723","140.38648"
"桂小学校","茨城県城里町孫根291","36.506336","140.346004"
"岩船地区公民館","茨城県城里町孫根355-1","36.506704","140.342113"
"大網農村集落センター","茨城県城里町大網454-2","36.441138","140.278817"
"旧七会公民館","茨城県城里町徳蔵357-3","36.457477","140.260524"
"旧七会西小学校","茨城県城里町徳蔵891","36.455968","140.249393"
"道の駅「常総」","茨城県常総市むすびまち1","36.084027","139.98669"
"岡田小学校","茨城県常総市向石下1020","36.11822","139.949294"
"飯沼小学校","茨城県常総市鴻野山859-1","36.115353","139.932346"
"絹西小学校","茨城県常総市坂手町7303-3","36.00198","139.960669"
"玉小学校","茨城県常総市若宮戸794","36.137418","139.963356"
"水海道中学校","茨城県常総市小山戸町61","36.034984","139.985257"
"五箇小学校","茨城県常総市上蛇町1508","36.069717","140.004232"
"石下紫峰高等学校","茨城県常総市新石下1192-3","36.107947","139.981972"
"石下小学校","茨城県常総市新石下1907-1","36.111558","139.981776"
"石下総合福祉センター","茨城県常総市新石下4365","36.114059","139.981482"
"水海道第一高等学校","茨城県常総市水海道亀岡町2543","36.018716","139.985176"
"水海道第二高等学校","茨城県常総市水海道橋本町3549-4","36.027916","139.990295"
"水海道小学校","茨城県常総市水海道天満町2516-1","36.016741","139.984187"
"石下西中学校","茨城県常総市杉山910-1","36.1174","139.946503"
"菅生小学校","茨城県常総市菅生町4711","35.996891","139.934184"
"菅原小学校","茨城県常総市大生郷町1615","36.065055","139.950908"
"旧大花羽小学校","茨城県常総市大輪町386-1","36.067169","139.972851"
"三妻小学校","茨城県常総市中妻町4146","36.06835","139.981823"
"鬼怒中学校","茨城県常総市中妻町4180","36.069495","139.981399"
"大生小学校","茨城県常総市平町415-1","36.038815","140.005872"
"水海道西中学校","茨城県常総市豊岡町乙1005-1","36.027937","139.968224"
"豊岡小学校","茨城県常総市豊岡町丙3362","36.034364","139.971762"
"豊田小学校","茨城県常総市豊田2246","36.116688","139.996289"
"石下中学校","茨城県常総市本石下1000-1","36.122424","139.975719"
"常陸太田市立峰山中学校","茨城県常陸太田市磯部町1620","36.516056","140.536491"
"常陸太田市総合福祉会館","茨城県常陸太田市稲木町33","36.530602","140.52389"
"茨城県立太田第一高等学校","茨城県常陸太田市栄町58","36.549043","140.521562"
"常陸太田市金砂ふるさと体験交流施設","茨城県常陸太田市下宮河内町820","36.615671","140.441817"
"常陸太田市高倉地域交流センター","茨城県常陸太田市下高倉町1","36.710575","140.465795"
"常陸太田市交流センターふじ","茨城県常陸太田市高柿町272","36.553708","140.461958"
"旧常陸太田市立金砂郷小学校","茨城県常陸太田市高柿町325-1","36.554972","140.462284"
"旧常陸太田市立小里小学校","茨城県常陸太田市小中町202","36.751958","140.484378"
"常陸太田市すいふこども園","茨城県常陸太田市松平町1136","36.585448","140.487003"
"旧常陸太田市立幸久小学校","茨城県常陸太田市上河合町2","36.508145","140.514037"
"山吹運動公園","茨城県常陸太田市新宿町1","36.535625","140.518356"
"茨城県立太田西山高等学校","茨城県常陸太田市新宿町210","36.540025","140.517202"
"常陸太田市立太田中学校","茨城県常陸太田市新宿町466","36.544731","140.514985"
"常陸太田市立世矢小学校","茨城県常陸太田市真弓町1855","36.52426","140.570213"
"常陸太田市立世矢中学校","茨城県常陸太田市真弓町1878","36.525851","140.569327"
"茨城県立常陸太田特別支援学校","茨城県常陸太田市瑞龍町1032-1","36.562875","140.532208"
"常陸太田市立瑞竜中学校","茨城県常陸太田市瑞龍町570","36.554848","140.530418"
"常陸太田市里美文化センター","茨城県常陸太田市折橋町623","36.716122","140.498938"
"常陸太田市立誉田小学校","茨城県常陸太田市増井町1303","36.560081","140.518574"
"常陸太田市立里美小・中学校","茨城県常陸太田市大中町60-1","36.723803","140.496477"
"常陸太田市立金砂郷中学校","茨城県常陸太田市大里町3577","36.537076","140.477135"
"常陸太田市立金砂郷小学校","茨城県常陸太田市大里町4401","36.54152","140.484941"
"大里ふれあい広場ふれあいセンター","茨城県常陸太田市大里町4401","36.540618","140.487135"
"常陸太田市立峰山小学校","茨城県常陸太田市谷河原町298","36.522825","140.515517"
"常陸太田市立太田小学校","茨城県常陸太田市中城町151","36.546189","140.519517"
"常陸太田市民交流センター","茨城県常陸太田市中城町3210","36.545029","140.52454"
"常陸太田市生涯学習センター","茨城県常陸太田市中城町3280","36.544804","140.526489"
"旧常陸太田市立水府小学校","茨城県常陸太田市中染町2522","36.631323","140.481898"
"旧常陸太田市立郡戸小学校","茨城県常陸太田市中野町2","36.51525","140.473889"
"常陸太田市水府総合センター","茨城県常陸太田市町田町163-1","36.62432","140.481155"
"常陸太田市立水府小・中学校","茨城県常陸太田市町田町696","36.62147","140.485288"
"常陸太田市水府海洋センター","茨城県常陸太田市天下野町7233-2","36.649626","140.482328"
"旧常陸太田市立西小沢小学校","茨城県常陸太田市内田町1096","36.514309","140.547002"
"常陸太田市立機初小学校","茨城県常陸太田市幡町929","36.545893","140.540156"
"宇留野圷農村文化伝統館","茨城県常陸大宮市宇留野1483-1","36.538112","140.433636"
"宇留野台ふれあい交流センター","茨城県常陸大宮市宇留野370-6","36.541016","140.422018"
"第１０区集会所（姥賀町）","茨城県常陸大宮市姥賀町584-1","36.559484","140.407994"
"栄町コミュニティセンター","茨城県常陸大宮市栄町1212-1","36.542431","140.41722"
"塩原農村集落センター","茨城県常陸大宮市塩原2764-1","36.573571","140.422477"
"下伊勢畑地区センター","茨城県常陸大宮市下伊勢畑1142","36.555127","140.299036"
"御前山青少年旅行村","茨城県常陸大宮市下伊勢畑2370","36.553334","140.295734"
"下岩瀬新農村集落センター","茨城県常陸大宮市下岩瀬500","36.516193","140.454109"
"緒川げんき保育園","茨城県常陸大宮市下小瀬398","36.584732","140.319951"
"下小瀬生活改善センター","茨城県常陸大宮市下小瀬407","36.584198","140.320491"
"下村田公民館","茨城県常陸大宮市下村田2814","36.518808","140.426995"
"下町ふるさとコミュニティセンター","茨城県常陸大宮市下町1490-1","36.55103","140.419055"
"仲檜沢会館","茨城県常陸大宮市下檜沢1958-1","36.651989","140.337258"
"下檜沢上郷コミュニティセンター","茨城県常陸大宮市下檜沢2732-2","36.668583","140.339746"
"宿里ふるさとコミュニティセンター","茨城県常陸大宮市下檜沢3323-1","36.646782","140.341404"
"下郷ふるさとコミュニティセンター","茨城県常陸大宮市下檜沢3747-3","36.638196","140.343416"
"家和楽農村集落センター","茨城県常陸大宮市家和楽113-1","36.660186","140.390091"
"梶畑集会所","茨城県常陸大宮市家和楽622","36.665596","140.39672"
"岩崎コミュニティセンター","茨城県常陸大宮市岩崎526-1","36.596503","140.413387"
"道の駅常陸大宮かわプラザ","茨城県常陸大宮市岩崎717-1","36.597108","140.410051"
"吉丸コミュニティセンター","茨城県常陸大宮市吉丸997-1","36.594037","140.282991"
"久隆地区センター","茨城県常陸大宮市久隆387-2","36.698185","140.343422"
"宮の郷公園","茨城県常陸大宮市宮の郷2153-19","36.546983","140.443225"
"西部総合公園","茨城県常陸大宮市工業団地25","36.537791","140.374644"
"西部総合公園体育館","茨城県常陸大宮市工業団地25","36.538886","140.373205"
"くりえーとセンター大宮","茨城県常陸大宮市工業団地34","36.536279","140.374479"
"東河戸集落センター","茨城県常陸大宮市高部1880-1","36.682672","140.303028"
"仲河戸集落センター","茨城県常陸大宮市高部2438-4","36.693695","140.289782"
"入檜沢上コミュニティセンター","茨城県常陸大宮市高部3218-1","36.687491","140.280046"
"入檜沢下集落センター","茨城県常陸大宮市高部3644","36.680889","140.288651"
"細草集落センター","茨城県常陸大宮市高部4472-2","36.655014","140.290078"
"旧美和中学校体育館","茨城県常陸大宮市高部454","36.665632","140.305229"
"花立自然公園","茨城県常陸大宮市高部4611-1","36.649355","140.293306"
"大貝生活改善センター","茨城県常陸大宮市高部4925-6","36.642665","140.288851"
"美和地域センター別館","茨城県常陸大宮市高部5278","36.662395","140.300106"
"美和地域センター","茨城県常陸大宮市高部5281-1","36.662576","140.299799"
"国長生活改善センター","茨城県常陸大宮市国長714-1","36.578772","140.301019"
"上野地区センター","茨城県常陸大宮市根本162-1","36.527617","140.436266"
"上野小学校体育館","茨城県常陸大宮市根本231","36.527746","140.436754"
"三美公民館","茨城県常陸大宮市三美386-1","36.54699","140.350316"
"和大地区センター","茨城県常陸大宮市山方2589-3","36.618739","140.393386"
"山方中学校体育館","茨城県常陸大宮市山方3267","36.627269","140.392186"
"山方小学校体育館","茨城県常陸大宮市山方3292","36.630042","140.395241"
"芝新農村集落センター","茨城県常陸大宮市山方4023-1","36.623537","140.388645"
"陰陽山森林公園","茨城県常陸大宮市山方5061","36.629387","140.370203"
"神奉地コミュニティセンター","茨城県常陸大宮市山方530-1","36.626078","140.403838"
"南皆沢集会所","茨城県常陸大宮市山方5466-2","36.630988","140.376996"
"山方運動公園","茨城県常陸大宮市山方5819","36.632181","140.385886"
"パークアルカディア","茨城県常陸大宮市山方5858-4","36.630518","140.382305"
"北皆沢集会所","茨城県常陸大宮市山方6004-2","36.634164","140.37706"
"山方地域センター別館","茨城県常陸大宮市山方660","36.632095","140.394989"
"山方宿駅交流センター","茨城県常陸大宮市山方848-2","36.624975","140.401235"
"山方２区集会所","茨城県常陸大宮市山方969-6","36.625912","140.403327"
"若林農村集落センター","茨城県常陸大宮市若林1388-1","36.550076","140.391748"
"三王山自然公園","茨城県常陸大宮市秋田428-2","36.576219","140.256071"
"秋田生活改善センター","茨城県常陸大宮市秋田952","36.57703","140.269133"
"舟生地区センター","茨城県常陸大宮市舟生470-3","36.648274","140.392356"
"諸富野地区センター","茨城県常陸大宮市諸沢116-2","36.659723","140.415194"
"諸沢３区集落センター","茨城県常陸大宮市諸沢2172-3","36.659288","140.436754"
"諸沢４区集落センター","茨城県常陸大宮市諸沢3369-2","36.666034","140.441794"
"諸沢西地区センター","茨城県常陸大宮市諸沢5026-3","36.671547","140.422021"
"２２世紀の森","茨城県常陸大宮市諸沢5042","36.671963","140.422886"
"諸沢２区農村集落センター","茨城県常陸大宮市諸沢785-2","36.648508","140.414376"
"小貫地区センター","茨城県常陸大宮市小貫675-5","36.610909","140.407197"
"小玉集落センター","茨城県常陸大宮市小玉554","36.588952","140.302881"
"ふるさとセンターつづじ荘","茨城県常陸大宮市小舟1234-2","36.626463","140.284239"
"やすらぎの里公園","茨城県常陸大宮市小舟1234-2","36.625163","140.283888"
"緒川高齢者コミュニティセンター「やすらぎ荘」","茨城県常陸大宮市小舟1282","36.626407","140.285746"
"大賀小学校体育館","茨城県常陸大宮市小祝218-2","36.583635","140.402049"
"大賀ファミリー公園","茨城県常陸大宮市小祝227-2","36.585083","140.402853"
"小祝新農村集落センター","茨城県常陸大宮市小祝336-2","36.586494","140.39944"
"小場公民館","茨城県常陸大宮市小場6567-1","36.505296","140.399577"
"旧小場小学校体育館","茨城県常陸大宮市小場981-2","36.51295","140.397622"
"小瀬沢ふるさとコミュニティセンター","茨城県常陸大宮市小瀬沢125-1","36.602842","140.302924"
"大宮東部コミュニティセンター","茨城県常陸大宮市小倉1873","36.570401","140.425867"
"小田野上郷生活改善センター","茨城県常陸大宮市小田野1015-1","36.683985","140.265928"
"三浦杉公園","茨城県常陸大宮市小田野131-1","36.657714","140.287613"
"小田野山村広場","茨城県常陸大宮市小田野2171-1","36.674526","140.269768"
"小田野中郷集落センター","茨城県常陸大宮市小田野2176","36.674578","140.269441"
"美和小学校体育館","茨城県常陸大宮市小田野22","36.659489","140.291349"
"小田野下郷営農改善センター","茨城県常陸大宮市小田野2432-1","36.666282","140.276441"
"小田野宿集落センター","茨城県常陸大宮市小田野69-1","36.657719","140.289704"
"大場地区センター","茨城県常陸大宮市小野219-1","36.534103","140.36654"
"松之草生活改善センター","茨城県常陸大宮市松之草16-2","36.607115","140.290162"
"照山地区センター","茨城県常陸大宮市照山1114-2","36.615088","140.42678"
"照田集落センター","茨城県常陸大宮市照田349-2","36.596587","140.370983"
"上伊勢畑集落センター","茨城県常陸大宮市上伊勢畑687-1","36.556965","140.270185"
"上岩瀬新農村集落センター","茨城県常陸大宮市上岩瀬842-1","36.523114","140.442266"
"緒川地域センター","茨城県常陸大宮市上小瀬1259","36.605093","140.319819"
"明峰中学校体育館","茨城県常陸大宮市上小瀬1281","36.604227","140.322622"
"茨城県立小瀬高等学校体育館","茨城県常陸大宮市上小瀬1881","36.608449","140.325186"
"川西生活改善センター","茨城県常陸大宮市上小瀬2185-5","36.607434","140.319326"
"本郷ふるさとコミュニティセンター","茨城県常陸大宮市上小瀬2812-1","36.616881","140.323429"
"下郷農村集落センター","茨城県常陸大宮市上小瀬359","36.598861","140.32242"
"西根生活改善センター","茨城県常陸大宮市上小瀬3730-2","36.619357","140.315887"
"緒川運動公園","茨城県常陸大宮市上小瀬5777","36.605865","140.311545"
"宿農村集落センター","茨城県常陸大宮市上小瀬5987","36.606137","140.323711"
"緒川小学校体育館","茨城県常陸大宮市上小瀬751","36.597741","140.320332"
"村石地区センター","茨城県常陸大宮市上村田1123-1","36.529366","140.413584"
"村田小学校体育館","茨城県常陸大宮市上村田1259-1","36.527029","140.414287"
"大宮南部コミュニティセンター","茨城県常陸大宮市上村田882-5","36.527766","140.4089"
"上大賀集会所","茨城県常陸大宮市上大賀632-2","36.591694","140.403729"
"第５区集会所（上町）","茨城県常陸大宮市上町420-2","36.54982","140.411416"
"美和運動公園","茨城県常陸大宮市上檜沢1523","36.66681","140.320588"
"上檜沢生活改善センター","茨城県常陸大宮市上檜沢163-2","36.662169","140.327362"
"上組会館","茨城県常陸大宮市上檜沢1758-2","36.668021","140.31945"
"中組集落センター","茨城県常陸大宮市上檜沢754","36.672584","140.324348"
"盛金川東集会所","茨城県常陸大宮市盛金1113-2","36.677481","140.390117"
"平山集会所","茨城県常陸大宮市盛金2090-6","36.668615","140.386916"
"盛金地区センター","茨城県常陸大宮市盛金2478-2","36.672925","140.385892"
"もりがね富士見公園","茨城県常陸大宮市盛金2692","36.676076","140.38382"
"桧沢口岡平集会所","茨城県常陸大宮市盛金3057-1","36.685236","140.376349"
"西塩子田園都市センター","茨城県常陸大宮市西塩子1696-1","36.584575","140.347405"
"西野内地区センター","茨城県常陸大宮市西野内294-1","36.63816","140.398787"
"西野内運動公園","茨城県常陸大宮市西野内６５５－４地先河川敷","36.638961","140.399316"
"石沢公民館","茨城県常陸大宮市石沢1158-2","36.53574","140.407733"
"第二中学校体育館","茨城県常陸大宮市石沢1555","36.536166","140.415916"
"大宮自然公園","茨城県常陸大宮市石沢60-2","36.52907","140.403648"
"千田田園都市センター","茨城県常陸大宮市千田464-1","36.589133","140.252415"
"泉コミュニティセンター","茨城県常陸大宮市泉813-1","36.531876","140.432016"
"大岩集落センター","茨城県常陸大宮市大岩399-2","36.632172","140.255143"
"大宮運動公園","茨城県常陸大宮市鷹巣1860","36.573784","140.399181"
"大坂平新農村集落センター","茨城県常陸大宮市鷹巣2681-5","36.570716","140.387625"
"鷹巣ふるさとコミュニティセンター","茨城県常陸大宮市鷹巣925-4","36.571404","140.408172"
"辰ノ口集会所","茨城県常陸大宮市辰ノ口1251-1","36.586823","140.422098"
"辰ノ口親水公園","茨城県常陸大宮市辰ノ口1339-2","36.592229","140.420892"
"中居公民館","茨城県常陸大宮市中居293-2","36.579856","140.273117"
"大宮第３区集会所","茨城県常陸大宮市中富町1055-2","36.544633","140.410907"
"常陸大宮市文化センター","茨城県常陸大宮市中富町3135-6","36.543413","140.411322"
"大宮西小学校体育館","茨城県常陸大宮市抽ヶ台町2906-8","36.547501","140.401685"
"大宮中学校体育館","茨城県常陸大宮市抽ヶ台町3117","36.552839","140.400719"
"抽ヶ台公民館","茨城県常陸大宮市抽ヶ台町3365-4","36.548979","140.401624"
"長倉地区センター","茨城県常陸大宮市長倉1078-1","36.565493","140.277747"
"御前山文化伝習センター","茨城県常陸大宮市長倉125-8","36.563509","140.288092"
"長沢農村集落センター","茨城県常陸大宮市長沢1380-5","36.624538","140.351143"
"長田地区センター","茨城県常陸大宮市長田1753-1","36.60848","140.365408"
"田子内集会所","茨城県常陸大宮市田子内町3247-2","36.560184","140.39758"
"東富コミュニティセンター","茨城県常陸大宮市東富町668-1","36.554985","140.409725"
"玉川自然公園","茨城県常陸大宮市東野1058-2","36.567299","140.360407"
"大宮北小学校体育館","茨城県常陸大宮市東野3323","36.570958","140.37219"
"玉川地区センター","茨城県常陸大宮市東野4313-1","36.575288","140.372463"
"那賀集落農事集会所","茨城県常陸大宮市那賀101","36.577603","140.32505"
"百観音自然公園","茨城県常陸大宮市那賀2440","36.578933","140.331323"
"南町公民館","茨城県常陸大宮市南町3140","36.543312","140.414249"
"入本郷集落センター","茨城県常陸大宮市入本郷454-1","36.594302","140.265856"
"八田集落センター","茨城県常陸大宮市八田1074-1","36.561669","140.382215"
"桧山公民館","茨城県常陸大宮市桧山890-2","36.539183","140.258395"
"表郷みらい館","茨城県常陸大宮市氷之沢150-1","36.628533","140.335552"
"野沢会館","茨城県常陸大宮市氷之沢2370-1","36.633795","140.316206"
"元沢集落センター","茨城県常陸大宮市氷之沢788","36.642732","140.325315"
"富岡集会所","茨城県常陸大宮市富岡303-1","36.548166","140.435314"
"塩田地区センター","茨城県常陸大宮市北塩子2163","36.585904","140.357359"
"大宮小学校体育館","茨城県常陸大宮市北町116","36.552301","140.414599"
"おおみやコミュニティセンター","茨城県常陸大宮市北町400-2","36.551458","140.411292"
"第８区公民館（北町）","茨城県常陸大宮市北町76-1","36.553816","140.412368"
"北富田集会所","茨城県常陸大宮市北富田898","36.68551","140.421978"
"門井公民館","茨城県常陸大宮市門井118-2","36.5713","140.335663"
"内原農村集落センター","茨城県常陸大宮市野口2011-4","36.554432","140.327839"
"野口地区センター","茨城県常陸大宮市野口2084","36.551342","140.326039"
"御前山トレーニングセンター","茨城県常陸大宮市野口3195","36.562816","140.315014"
"御前山地域センター","茨城県常陸大宮市野口3195","36.562618","140.315224"
"御前山小学校体育館","茨城県常陸大宮市野口3217","36.563895","140.313025"
"上郷新農村集落センター","茨城県常陸大宮市野口3353-4","36.561143","140.312533"
"野口平公民館","茨城県常陸大宮市野口平556","36.560934","140.339584"
"山方南小学校体育館","茨城県常陸大宮市野上1067","36.608059","140.389055"
"野上地区センター","茨城県常陸大宮市野上1194-2","36.606897","140.390376"
"県立常陸大宮高等学校体育館","茨城県常陸大宮市野中町3257-2","36.556761","140.397365"
"野中集会所","茨城県常陸大宮市野中町748-2","36.554103","140.404961"
"野田集落センター","茨城県常陸大宮市野田1121-1","36.562909","140.256132"
"油河内農村集落センター","茨城県常陸大宮市油河内199-1","36.618672","140.269145"
"鷲子宿集落センター","茨城県常陸大宮市鷲子1664","36.658778","140.249334"
"美和高齢者コミュニティセンター","茨城県常陸大宮市鷲子2072-1","36.664792","140.242704"
"鷲子運動広場","茨城県常陸大宮市鷲子2109-3","36.665876","140.242552"
"花輪集落センター","茨城県常陸大宮市鷲子2555","36.674617","140.236416"
"鳥居土集落センター","茨城県常陸大宮市鷲子3173-3","36.680735","140.231153"
"鷲子下郷農村集落センター","茨城県常陸大宮市鷲子449-2","36.654822","140.275155"
"軽野東小学校","茨城県神栖市奥野谷5746-2","35.890647","140.711965"
"神栖市ふれあいセンター「湯楽々」","茨城県神栖市奥野谷6283-2","35.894789","140.717311"
"横瀬小学校","茨城県神栖市横瀬1276-15","35.869364","140.696651"
"神栖市保健・福祉会館","茨城県神栖市溝口1746-1","35.888687","140.663422"
"神栖市武道館","茨城県神栖市溝口4991-10","35.887488","140.66981"
"神栖市中央公民館及び文化センター","茨城県神栖市溝口4991-4","35.888825","140.668777"
"神栖市民体育館","茨城県神栖市溝口4991-4","35.888204","140.669858"
"神栖高校","茨城県神栖市高浜1468","35.874509","140.643816"
"若松緑地","茨城県神栖市砂山15","35.839544","140.739752"
"若松公民館","茨城県神栖市砂山15","35.839236","140.73898"
"宝山公園","茨城県神栖市砂山18","35.849561","140.729247"
"若松中央児童公園","茨城県神栖市若松中央4-103","35.834248","140.738752"
"深芝小学校","茨城県神栖市深芝南3-8","35.912468","140.652127"
"須田小学校","茨城県神栖市須田1177-13","35.828576","140.749424"
"須田幼稚園","茨城県神栖市須田1301-1","35.832287","140.752467"
"波崎第三中学校","茨城県神栖市須田2340-1","35.838337","140.741708"
"石神幼稚園","茨城県神栖市石神773-1","35.869107","140.651264"
"日和山農村集落センター","茨城県神栖市太田1550-1","35.812482","140.747908"
"西押揚農村集落センター","茨城県神栖市太田390","35.826571","140.724817"
"太田小学校","茨城県神栖市太田598-2","35.836743","140.719438"
"押揚児童公園","茨城県神栖市太田新町2-2-10","35.832329","140.730336"
"三番蔵児童公園","茨城県神栖市太田新町4-2-3","35.834616","140.728649"
"歴史民俗資料館","茨城県神栖市大野原4-8-5","35.897085","140.63652"
"大野原西小学校","茨城県神栖市大野原5-1-45","35.8907","140.6367"
"大野原コミュニティセンター","茨城県神栖市大野原7-5-59","35.889749","140.644665"
"大野原幼稚園","茨城県神栖市大野原中央2-1-22","35.883977","140.642867"
"大野原小学校","茨城県神栖市大野原中央2-1-8","35.8858","140.643935"
"神栖第四中学校","茨城県神栖市大野原中央2-8-46","35.886481","140.638468"
"神栖第一中学校","茨城県神栖市知手100-3","35.871304","140.670874"
"軽野小学校","茨城県神栖市知手2-2","35.871977","140.667394"
"高齢者ふれあいセンターむつみ荘","茨城県神栖市知手4678-2","35.880675","140.728964"
"うずも幼稚園","茨城県神栖市知手中央5-9-7","35.878055","140.710112"
"神栖第三中学校","茨城県神栖市知手中央7-1-17","35.87442","140.707019"
"うずもコミュニティセンター","茨城県神栖市知手中央7-1-6","35.873736","140.705076"
"土合運動広場","茨城県神栖市土合東2-10000-1","35.782413","140.77842"
"やたべ土合小学校","茨城県神栖市土合南3-16-36","35.790434","140.769489"
"土合運動公園","茨城県神栖市土合北1-7-60","35.792019","140.786381"
"土合体育館","茨城県神栖市土合北1-7-60","35.792461","140.785857"
"波崎第四中学校","茨城県神栖市土合北1-8-10","35.791032","140.785306"
"土合緑地","茨城県神栖市土合北2-10-10","35.795781","140.782613"
"神栖市はさき保健・交流センター","茨城県神栖市土合本町1-8762-11","35.788733","140.783612"
"波崎高校","茨城県神栖市土合本町2-9928-1","35.790144","140.779841"
"矢田部公民館","茨城県神栖市土合本町3-9809-15","35.793933","140.776641"
"神栖市はさき福祉センター","茨城県神栖市土合本町3-9809-158","35.793324","140.777322"
"土合１号公園","茨城県神栖市土合本町4-9809-11","35.795477","140.777875"
"植松小学校","茨城県神栖市土合本町4-9809-2","35.797032","140.777763"
"砂山都市緑地","茨城県神栖市東和田21-2","35.895504","140.694182"
"舎利保育園","茨城県神栖市波崎3355","35.768147","140.803609"
"波崎西小学校","茨城県神栖市波崎5011","35.761295","140.803363"
"波崎総合支所・防災センター","茨城県神栖市波崎6530","35.756823","140.813727"
"波崎第一中学校","茨城県神栖市波崎7070","35.757407","140.817786"
"海老台区民館","茨城県神栖市波崎7620-1","35.746973","140.817047"
"利根公園","茨城県神栖市波崎8386-1","35.746024","140.818896"
"波崎小学校","茨城県神栖市波崎8759","35.748427","140.827431"
"漁業集落緑地広場","茨城県神栖市波崎9420-1","35.746684","140.834297"
"仲町公園","茨城県神栖市波崎9520-12","35.745316","140.836307"
"波崎灯台跡公園","茨城県神栖市波崎9524-24","35.743486","140.836477"
"波崎東ふれあいセンター","茨城県神栖市波崎9572-1","35.747747","140.834814"
"波崎体育館","茨城県神栖市波崎9572-1","35.74983","140.833127"
"豊ヶ浜児童公園","茨城県神栖市波崎9572-1","35.742263","140.839984"
"豊ヶ浜運動公園","茨城県神栖市波崎9579","35.748348","140.834216"
"はさき生涯学習センター","茨城県神栖市波崎9591","35.751883","140.830065"
"平泉コミュニティセンター","茨城県神栖市平泉2751-2","35.90613","140.634599"
"息栖小学校","茨城県神栖市平泉2780","35.90396","140.63763"
"平泉児童センター","茨城県神栖市平泉2783-3","35.904827","140.637863"
"神栖第二中学校","茨城県神栖市平泉東1-60-1","35.90302","140.640195"
"神栖中央公園","茨城県神栖市木崎1203-9","35.897218","140.650293"
"かみす防災アリーナ","茨城県神栖市木崎1219-7","35.898938","140.649993"
"十町歩農村集落センター","茨城県神栖市矢田部12655","35.826246","140.768169"
"神栖市教育センター","茨城県神栖市矢田部3024","35.788315","140.753774"
"波崎第二中学校","茨城県神栖市矢田部3120","35.789139","140.752986"
"波崎柳川高校","茨城県神栖市柳川1603-1","35.864417","140.736629"
"柳川小学校","茨城県神栖市柳川中央1-9-10","35.859895","140.738924"
"ちとせ市民運動場","茨城県水戸市ちとせ２地内","36.40161","140.45416"
"常澄中学校","茨城県水戸市塩崎町1016","36.333203","140.548339"
"鹿島臨海鉄道常澄駅ホーム","茨城県水戸市塩崎町3300-2","36.340926","140.558597"
"下大野小学校","茨城県水戸市塩崎町666","36.33945","140.552183"
"国田市民センター","茨城県水戸市下国井町1212-4","36.426911","140.430962"
"国田義務教育学校","茨城県水戸市下国井町2595-1","36.427221","140.433606"
"下大野市民センター","茨城県水戸市下大野6094-1","36.343139","140.555999"
"茨城県立水戸高等特別支援学校","茨城県水戸市下大野町6212","36.345011","140.557259"
"茨城県立産業技術短期大学校","茨城県水戸市下大野町6342","36.344657","140.558093"
"赤塚中学校","茨城県水戸市河和田1-1708-4","36.376658","140.410643"
"赤塚小学校","茨城県水戸市河和田2-2116-1","36.378904","140.404769"
"赤塚市民センター","茨城県水戸市河和田3-2329-3","36.37473","140.405302"
"河和田小学校","茨城県水戸市河和田町1019","36.368485","140.412964"
"桜川市民センター","茨城県水戸市河和田町2894-4","36.370971","140.418663"
"笠原小学校","茨城県水戸市笠原町347-17","36.34413","140.454359"
"笠原市民センター","茨城県水戸市笠原町358-5","36.342135","140.456052"
"笠原中学校","茨城県水戸市笠原町417-3","36.337461","140.452096"
"上大野市民センター","茨城県水戸市吉沼町1768-2","36.364503","140.51902"
"吉沢小学校","茨城県水戸市吉沢町169-1","36.333765","140.461772"
"吉沢市民センター","茨城県水戸市吉沢町243-3","36.332125","140.459284"
"五軒小学校","茨城県水戸市金町3-2-25","36.384412","140.463387"
"稲荷第二市民センター","茨城県水戸市栗崎町1695-4","36.348528","140.518528"
"見川市民センター","茨城県水戸市見川2-179-1","36.373267","140.436016"
"見川小学校","茨城県水戸市見川2-96-3","36.373111","140.43855"
"見川中学校","茨城県水戸市見川2-98","36.3738","140.437471"
"緑岡市民センター","茨城県水戸市見川町2563","36.355086","140.442757"
"緑岡小学校","茨城県水戸市見川町2563","36.356212","140.443798"
"緑岡中学校","茨城県水戸市見川町2563-81","36.357656","140.44471"
"常磐大学","茨城県水戸市見和1-430-1","36.380767","140.440024"
"見和市民センター","茨城県水戸市見和2-224-1","36.375666","140.430082"
"吉田市民センター","茨城県水戸市元吉田町1736-5","36.345611","140.476816"
"吉田小学校","茨城県水戸市元吉田町1757-1","36.345108","140.475906"
"第四中学校","茨城県水戸市元吉田町1987-3","36.345354","140.481297"
"千波中学校","茨城県水戸市元吉田町599-2","36.358127","140.477077"
"五軒市民センター","茨城県水戸市五軒町1-2-12","36.379607","140.466637"
"鯉淵市民センター","茨城県水戸市鯉淵町2989-2","36.345319","140.371674"
"鯉淵小学校","茨城県水戸市鯉淵町3000","36.345101","140.371137"
"三の丸小学校","茨城県水戸市三の丸1-6-51","36.374946","140.476509"
"三の丸市民センター","茨城県水戸市三の丸1-6-60","36.374754","140.475442"
"第二中学校","茨城県水戸市三の丸2-9-22","36.375469","140.480647"
"那珂川若宮河川敷","茨城県水戸市若宮町","36.380428","140.502738"
"城東市民運動場","茨城県水戸市若宮町","36.379649","140.499069"
"酒門市民センター","茨城県水戸市酒門町1374-6","36.342559","140.493722"
"酒門小学校","茨城県水戸市酒門町1445-1","36.341125","140.493117"
"城東小学校","茨城県水戸市城東2-7-62","36.373328","140.493494"
"城東市民センター","茨城県水戸市城東3-1-47","36.371962","140.496119"
"駅南平和公園","茨城県水戸市城南2-13","36.365179","140.478772"
"堀原小学校","茨城県水戸市新原1-7-1","36.393314","140.430793"
"堀原市民センター","茨城県水戸市新原1-9-16","36.393936","140.432957"
"堀原運動公園","茨城県水戸市新原2-11-1","36.396384","140.439929"
"新荘小学校","茨城県水戸市新荘2-11-1","36.385813","140.452115"
"新荘市民センター","茨城県水戸市新荘2-11-2","36.384849","140.452128"
"青柳公園","茨城県水戸市水府町864-6","36.379736","140.483404"
"常磐市民センター","茨城県水戸市西原1-3-12","36.387335","140.444703"
"常磐小学校","茨城県水戸市西原1-3-12","36.387145","140.444016"
"石川市民センター","茨城県水戸市石川2-4243","36.385633","140.426937"
"石川小学校","茨城県水戸市石川4-4035","36.389886","140.422441"
"偕楽園公園","茨城県水戸市千波町","36.375196","140.453666"
"千波公園","茨城県水戸市千波町","36.368103","140.455329"
"千波市民センター","茨城県水戸市千波町114-6","36.3618","140.462842"
"千波小学校","茨城県水戸市千波町1538-1","36.355008","140.465188"
"山根市民センター","茨城県水戸市全隈町78-1","36.411478","140.385635"
"双葉台市民センター","茨城県水戸市双葉台2-1-5","36.393465","140.395971"
"双葉台小学校","茨城県水戸市双葉台5-26","36.395851","140.406368"
"双葉台中学校","茨城県水戸市双葉台5-27","36.397304","140.406959"
"稲荷第一小学校","茨城県水戸市大串町142-1","36.337142","140.537536"
"稲荷第一市民センター","茨城県水戸市大串町2134","36.336531","140.543747"
"大場市民センター","茨城県水戸市大場町2283-1","36.322786","140.52162"
"大場小学校","茨城県水戸市大場町2489","36.322352","140.520966"
"上中妻小学校","茨城県水戸市大塚町1086-2","36.383432","140.39195"
"上中妻市民センター","茨城県水戸市大塚町1157-1","36.383757","140.388785"
"柳河市民運動場","茨城県水戸市中河内町","36.396289","140.459252"
"妻里小学校","茨城県水戸市中原町682","36.381218","140.360508"
"第三中学校敷地内","茨城県水戸市朝日町2882-1","36.360895","140.489308"
"第三中学校","茨城県水戸市朝日町2882-1","36.361719","140.489636"
"第一中学校","茨城県水戸市東原3-1-1","36.3853","140.448677"
"上大野小学校","茨城県水戸市東大野106-1","36.363834","140.526029"
"内原市民センター","茨城県水戸市内原町1395-6","36.362172","140.356517"
"内原小学校","茨城県水戸市内原町1451","36.362275","140.359171"
"内原中学校","茨城県水戸市内原町1463-29","36.364156","140.360998"
"飯富小学校","茨城県水戸市飯富町4420-1","36.437739","140.414377"
"飯富市民センター","茨城県水戸市飯富町4449-8","36.438602","140.415366"
"飯富中学校","茨城県水戸市飯富町4479-1","36.438791","140.413577"
"梅が丘小学校","茨城県水戸市姫子1-827-2","36.380862","140.432509"
"稲荷第二小学校","茨城県水戸市百合が丘町997-204","36.345223","140.509962"
"浜田小学校","茨城県水戸市浜田1-1-1","36.363851","140.494628"
"茨城大学敷地内","茨城県水戸市文京2-1-1","36.401724","140.444764"
"寿市民センター","茨城県水戸市平須町1636","36.32829","140.428463"
"寿小学校","茨城県水戸市平須町1809-1","36.328939","140.431494"
"第五中学校","茨城県水戸市堀町1166-1","36.398853","140.428371"
"石川中学校","茨城県水戸市堀町2304-2","36.396713","140.42086"
"渡里市民センター","茨城県水戸市堀町466-7","36.40483","140.427898"
"渡里小学校","茨城県水戸市堀町468-1","36.405743","140.427218"
"柳河小学校","茨城県水戸市柳河町318-1","36.397104","140.46929"
"柳河市民センター","茨城県水戸市柳河町673-1","36.399973","140.468335"
"竹隈市民センター","茨城県水戸市柳町2-5-8","36.366967","140.490095"
"妻里市民センター","茨城県水戸市有賀町2242","36.38173","140.36095"
"東町運動公園・茨城県立歴史館","茨城県水戸市緑町2-3-10","36.379041","140.449764"
"東小学校","茨城県石岡市旭台1-11-3","36.193299","140.298335"
"石岡特別支援学校","茨城県石岡市下青柳716-1","36.211852","140.179435"
"林小学校","茨城県石岡市下林857-1","36.232185","140.220312"
"柿岡小学校","茨城県石岡市柿岡2159-2","36.240009","140.191947"
"八郷中学校","茨城県石岡市柿岡3513-2","36.247791","140.189343"
"中央公民館","茨城県石岡市柿岡5680-1","36.245609","140.198213"
"瓦会小学校","茨城県石岡市瓦谷1135-2","36.270591","140.20523"
"吉生小学校","茨城県石岡市吉生513-2","36.232604","140.162568"
"園部小学校","茨城県石岡市宮ケ崎6","36.259568","140.250224"
"みなみ保育所","茨城県石岡市月岡1375","36.20501","140.178458"
"城南スポーツ交流施設（旧城南中学校）","茨城県石岡市高浜112","36.167898","140.295709"
"国府地区公民館","茨城県石岡市国府5-7-1","36.185977","140.277261"
"石岡市教育支援センター（旧北小学校）","茨城県石岡市根当10949-1","36.228892","140.266954"
"城南地区公民館","茨城県石岡市三村7109","36.152506","140.294022"
"園部中学校","茨城県石岡市山崎1862","36.259052","140.256687"
"朝日スポーツ交流施設","茨城県石岡市柴内630","36.189708","140.174863"
"府中小学校","茨城県石岡市若松1-11-18","36.200503","140.267158"
"府中中学校","茨城県石岡市若松2-6-5","36.198746","140.264704"
"葦穂小学校","茨城県石岡市小屋1054","36.263365","140.173554"
"恋瀬地区公民館","茨城県石岡市小見827-1","36.29587","140.191486"
"小幡小学校","茨城県石岡市小幡4080","36.222035","140.161589"
"有明スポーツ交流施設（旧有明中学校）","茨城県石岡市小塙189-2","36.285591","140.202405"
"杉並小学校","茨城県石岡市杉並2-3-1","36.203528","140.284118"
"石岡第一高等学校","茨城県石岡市石岡1-9","36.191167","140.2838"
"旧関川小学校","茨城県石岡市石川1153","36.142434","140.309982"
"小桜小学校","茨城県石岡市川又746","36.208311","140.193042"
"石岡海洋センター","茨城県石岡市染谷1415","36.20429","140.241671"
"石岡小学校","茨城県石岡市総社1-2-10","36.190106","140.268523"
"国府中学校","茨城県石岡市総社2-12-1","36.185645","140.268052"
"ふれあいの里石岡ひまわりの館","茨城県石岡市大砂10527-6","36.223568","140.249693"
"大増多目的センター","茨城県石岡市大増3606","36.307106","140.176659"
"東成井小学校","茨城県石岡市東成井996","36.258228","140.272404"
"石岡中学校","茨城県石岡市東石岡4-2-1","36.188353","140.294268"
"東地区公民館","茨城県石岡市東石岡4-6-24","36.188377","140.296643"
"石岡運動公園","茨城県石岡市南台3-34-1","36.179417","140.30566"
"南小学校","茨城県石岡市南台4-1-1","36.179695","140.295596"
"石岡第二高等学校","茨城県石岡市府中5-14-14","36.200195","140.273278"
"片野集会所","茨城県石岡市片野157","36.222307","140.203101"
"八郷総合運動公園","茨城県石岡市野田600","36.254656","140.202867"
"大子町立西保育所","茨城県大子町大字芦野倉401","36.788141","140.319133"
"大子町立大子西中学校体育館","茨城県大子町大字芦野倉733","36.794309","140.314756"
"大子町立芦野倉集会所","茨城県大子町大字芦野倉879-1","36.78945","140.315054"
"依上コミュニティセンター","茨城県大子町大字下金沢208-3","36.780229","140.296135"
"大子町立依上小学校体育館・校舎","茨城県大子町大字下金沢217-1","36.77946","140.295497"
"山造集会所","茨城県大子町大字下津原1599","36.732065","140.390153"
"下津原集会所","茨城県大子町大字下津原707-1","36.746458","140.377759"
"下野宮宿公会堂","茨城県大子町大字下野宮1611-3","36.817269","140.371592"
"大子町営下野宮体育館","茨城県大子町大字下野宮1739-2","36.816195","140.373127"
"生手内集会所","茨城県大子町大字下野宮2360-7","36.815411","140.377826"
"大子町立下野宮東区集会所","茨城県大子町大字下野宮3999-3","36.826056","140.382208"
"大子町立下野宮郷集会所","茨城県大子町大字下野宮5963-1","36.826035","140.364864"
"大子町立下野宮集会所","茨城県大子町大字下野宮２２５８－２－Ｂ","36.815843","140.375347"
"大子町立外大野集会所","茨城県大子町大字外大野1052","36.805207","140.421553"
"大子町立高柴集会所","茨城県大子町大字高柴1562","36.781506","140.435563"
"大子町立生瀬小学校体育館","茨城県大子町大字高柴1974","36.778956","140.42411"
"生瀬コミュニティセンター","茨城県大子町大字高柴1982","36.778262","140.426052"
"柿平集会所","茨城県大子町大字高柴3181-1","36.776982","140.446422"
"高柴上組集会所","茨城県大子町大字高柴683-2","36.796136","140.438937"
"大子町立高田集会所","茨城県大子町大字高田411-3","36.844136","140.375122"
"大子町立滝倉集会所","茨城県大子町大字頃藤1716-2","36.716414","140.41051"
"上小川コミュニティセンター","茨城県大子町大字頃藤3445-2","36.719353","140.378886"
"大子町立頃藤保育所","茨城県大子町大字頃藤3701","36.72497","140.387065"
"大子町立南中学校体育館","茨城県大子町大字頃藤3708","36.724058","140.385727"
"大子町立仲沢集会所","茨城県大子町大字頃藤4187-1","36.727351","140.38217"
"頃藤南区集会所","茨城県大子町大字頃藤500","36.709189","140.384987"
"大子町立上小川小学校体育館","茨城県大子町大字頃藤5017-2","36.723387","140.377011"
"大子町立頃藤西一区集会所","茨城県大子町大字頃藤6181-3","36.716657","140.372236"
"関戸神社社務所","茨城県大子町大字頃藤6503","36.713683","140.382821"
"奥久慈茶の里公園","茨城県大子町大字左貫1920","36.827451","140.279947"
"大子町立さはら小学校体育館","茨城県大子町大字左貫1990-3","36.827038","140.283643"
"佐原コミュニティセンター","茨城県大子町大字左貫3224-1","36.824095","140.284152"
"大子町立左貫本郷田園都市センター","茨城県大子町大字左貫682-2","36.832766","140.27192"
"大子町立山田集会所","茨城県大子町大字山田1307","36.776245","140.309147"
"旧初原小学校","茨城県大子町大字初原960","36.813191","140.30809"
"大子町立初原集会所","茨城県大子町大字初原963-2","36.812408","140.308743"
"大子町立小生瀬下区集会所","茨城県大子町大字小生瀬2878-4","36.763753","140.414631"
"宿組集会所","茨城県大子町大字小生瀬3860-1","36.765615","140.427155"
"大子町立小生瀬保育所","茨城県大子町大字小生瀬4045","36.768231","140.428437"
"旧上岡小学校","茨城県大子町大字上岡957-3","36.778094","140.327158"
"大子町立上岡集会所","茨城県大子町大字上岡971-4","36.777344","140.328484"
"大子町立上郷生活改善センター","茨城県大子町大字上郷1331","36.842717","140.336916"
"大子町立上金沢集会所","茨城県大子町大字上金沢412-1","36.777639","140.27553"
"大子町立上野宮第二集会所","茨城県大子町大字上野宮1605-2","36.881907","140.285436"
"大子町立上野宮下組集会所","茨城県大子町大字上野宮507","36.856323","140.32282"
"北沢集会所","茨城県大子町大字西金1857-1","36.706253","140.410302"
"旧西金小学校体育館","茨城県大子町大字西金250","36.697514","140.386453"
"西金集会所","茨城県大子町大字西金288","36.698195","140.384878"
"下小川コミュニティセンター","茨城県大子町大字西金381","36.695547","140.386676"
"大子町立川山集会所","茨城県大子町大字川山1017","36.806911","140.370082"
"宮川コミュニティセンター","茨城県大子町大字川山979-1","36.807596","140.368488"
"大子町立浅川集会所","茨城県大子町大字浅川1246-2","36.800835","140.33315"
"旧浅川小学校","茨城県大子町大字浅川1253","36.801351","140.334072"
"大子広域公園","茨城県大子町大字浅川2921","36.793282","140.348104"
"大子町立相川集会所","茨城県大子町大字相川40-1","36.773204","140.276851"
"袋田地域防災センター","茨城県大子町大字袋田1329-3","36.758822","140.384902"
"大子町立袋田小学校体育館・特別棟","茨城県大子町大字袋田1457-1","36.759321","140.383043"
"袋田コミュニティセンター","茨城県大子町大字袋田1923-8","36.754968","140.37936"
"袋田大塩集会所","茨城県大子町大字袋田2242-4","36.749186","140.384364"
"所谷集会所","茨城県大子町大字袋田3937-3","36.736786","140.383784"
"袋田滝本集会所","茨城県大子町大字袋田603-2","36.759386","140.395784"
"袋田宿集会所","茨城県大子町大字袋田981","36.759659","140.390914"
"近町公民館","茨城県大子町大字大子1330-27","36.777328","140.342113"
"大子町保健センター","茨城県大子町大字大子1846","36.765555","140.354364"
"茨城県立大子清流高等学校体育館","茨城県大子町大字大子224","36.777503","140.347388"
"愛宕町集会所","茨城県大子町大字大子303-2","36.775884","140.349234"
"大子町立大子幼稚園","茨城県大子町大字大子442","36.773026","140.351858"
"金町集会所","茨城県大子町大字大子442-1","36.773574","140.351515"
"大子町立だいご小学校体育館","茨城県大子町大字大子460","36.773238","140.35205"
"大子町文化福祉会館","茨城県大子町大字大子722-1","36.77095","140.352125"
"大子町立大生瀬坂西集会所","茨城県大子町大字大生瀬2561-3","36.802833","140.389743"
"大生瀬坂東集落センター","茨城県大子町大字大生瀬999-1","36.794894","140.40972"
"大沢下集会所","茨城県大子町大字大沢1221","36.718174","140.350667"
"大子町立大沢集会所","茨城県大子町大字大沢615","36.729723","140.337102"
"池田中集会所","茨城県大子町大字池田1439-1","36.78471","140.362877"
"大子町立大子中学校体育館","茨城県大子町大字池田1648","36.782586","140.359832"
"大子町立池田集会所","茨城県大子町大字池田1805-1","36.784317","140.363981"
"池田保育園","茨城県大子町大字池田1806","36.784025","140.364744"
"池田下集会所","茨城県大子町大字池田2094-3","36.777749","140.364592"
"大子シルバー人材センター","茨城県大子町大字池田2559-1","36.780257","140.359141"
"大子町立リフレッシュセンター","茨城県大子町大字池田2669","36.775244","140.357819"
"大子町立中央公民館","茨城県大子町大字池田2669","36.774972","140.357818"
"大子町立松沼集会所","茨城県大子町大字池田2823-2","36.769465","140.358943"
"道の駅奥久慈だいご","茨城県大子町大字池田2830-1","36.768417","140.359267"
"池田上農村集落センター","茨城県大子町大字池田627","36.79058","140.368761"
"大子町立中郷集会所","茨城県大子町大字中郷1918-1","36.867613","140.349172"
"下町公会堂","茨城県大子町大字町付1244-1","36.841186","140.356232"
"旧黒沢小学校体育館","茨城県大子町大字町付1529","36.842108","140.353509"
"堰ノ上公会堂","茨城県大子町大字町付2659-4","36.835449","140.365543"
"北平集会所","茨城県大子町大字町付3280-9","36.833677","140.363516"
"黒沢コミュニティセンター","茨城県大子町大字町付910-1","36.838373","140.353213"
"上町公会堂","茨城県大子町大字町付１１０６の内1","36.84052","140.351292"
"田野沢公会堂","茨城県大子町大字田野沢395-1","36.7913","140.280546"
"大子町立栃原集会所","茨城県大子町大字栃原865-1","36.725915","140.302149"
"大子町立内大野集会所","茨城県大子町大字内大野1937","36.788262","140.419508"
"大子町立生瀬中学校体育館","茨城県大子町大字内大野2963-1","36.788663","140.416974"
"大子町立南田気集会所","茨城県大子町大字南田気604","36.759445","140.37246"
"塙公会堂","茨城県大子町大字塙321","36.787844","140.30289"
"大子町立北田気集会所","茨城県大子町大字北田気288","36.761977","140.366926"
"大子町役場","茨城県大子町大字北田気662","36.764405","140.363454"
"大子町営研修センター","茨城県大子町大字北田気662","36.765341","140.363372"
"大子町立槙野地生活改善センター","茨城県大子町大字槙野地2465-5","36.83669","140.317807"
"大子おやき学校","茨城県大子町大字槙野地2469","36.837292","140.317834"
"後冥賀集会所","茨城県大子町大字冥賀2306-1","36.820573","140.350927"
"前冥賀集会所","茨城県大子町大字冥賀245-1","36.802595","140.356594"
"大子広域公園オートキャンプ場","茨城県大子町大字矢田15-1","36.795632","140.347429"
"森林の温泉","茨城県大子町大字矢田15-12","36.795626","140.350791"
"大子町立矢田集落センター","茨城県大子町大字矢田252-5","36.796991","140.362987"
"大子町営宿泊施設やみぞ体育館","茨城県大子町大字矢田524-2","36.790523","140.359835"
"磯道児童公園","茨城県大洗町磯道60","36.322349","140.580455"
"大洗町地域コミュニティ防災センター","茨城県大洗町磯浜町1131-6","36.314177","140.568625"
"堀割児童公園","茨城県大洗町磯浜町2703","36.319449","140.566465"
"第一中学校","茨城県大洗町磯浜町5247","36.316963","140.574936"
"大洗小学校","茨城県大洗町磯浜町5361-1","36.316249","140.576651"
"小松原児童公園","茨城県大洗町磯浜町5365-4","36.320055","140.577586"
"大洗町防災ふれあい公園","茨城県大洗町磯浜町5857","36.323138","140.577674"
"明神町児童公園","茨城県大洗町磯浜町6881-368","36.311987","140.583643"
"漁村広場","茨城県大洗町磯浜町6881-371","36.31222","140.580898"
"一丁目公園","茨城県大洗町磯浜町6881-375","36.312332","140.579972"
"大洗町中央公民館","茨城県大洗町磯浜町6881-88","36.31252","140.574116"
"大洗文化センター","茨城県大洗町磯浜町6881-88","36.312422","140.574868"
"祝町幼稚園","茨城県大洗町磯浜町8228-88","36.33017","140.589994"
"大洗ゴルフ倶楽部","茨城県大洗町磯浜町8231-1","36.321439","140.589472"
"大洗キャンプ場","茨城県大洗町磯浜町8231-4","36.32103","140.582758"
"大洗海浜公園","茨城県大洗町磯浜町8249","36.304847","140.565617"
"矢ノ下児童公園","茨城県大洗町五反田112","36.321622","140.569833"
"ビンチウ児童公園","茨城県大洗町五反田375","36.326631","140.571289"
"岩崎児童公園","茨城県大洗町五反田488","36.322957","140.573359"
"大洗町健康福祉センター　ゆっくら健康館","茨城県大洗町港中央26-1","36.311506","140.570109"
"大洗駅前広場","茨城県大洗町桜道300","36.315048","140.563333"
"桜道児童公園","茨城県大洗町桜道356","36.316273","140.561104"
"大洗町総合運動公園","茨城県大洗町成田町1626","36.27602","140.541412"
"旧夏海小学校","茨城県大洗町成田町236","36.286293","140.550672"
"太平洋クラブ大洗シャーウッドコース","茨城県大洗町成田町3137","36.268059","140.542214"
"日本原子力研究開発機構大洗研究開発センター　山場平住宅　駐車場等","茨城県大洗町大貫町1044","36.297819","140.557407"
"南中学校","茨城県大洗町大貫町1212-14","36.295012","140.557191"
"大洗高等学校","茨城県大洗町大貫町2908","36.308123","140.551309"
"旧大貫小学校","茨城県大洗町大貫町659","36.310768","140.561682"
"東光台児童公園","茨城県大洗町東光台7","36.315895","140.583643"
"和銅児童公園","茨城県大洗町和銅6","36.318966","140.57323"
"筑西市シルバー人材センター","茨城県筑西市ニ木成1622-3","36.295091","139.97738"
"旭ヶ丘農村集落センター","茨城県筑西市旭ヶ丘2930-1","36.263082","139.986994"
"川島出張所","茨城県筑西市伊佐山155-26","36.292138","139.914422"
"井上農村集落センター","茨城県筑西市井上1341","36.257295","139.971284"
"一本松集落田園都市センター","茨城県筑西市一本松836","36.295325","139.967387"
"竹島公民館","茨城県筑西市稲野辺513-1","36.318587","139.98737"
"西押尾集落センター","茨城県筑西市押尾343-2","36.251735","140.051862"
"横塚公民館","茨城県筑西市横塚266","36.319352","140.010499"
"下館第二高等学校","茨城県筑西市岡芹1119","36.321635","139.974916"
"定林寺","茨城県筑西市岡芹957","36.318013","139.975496"
"光徳寺","茨城県筑西市乙512","36.309467","139.974031"
"妙西寺","茨城県筑西市乙657","36.305804","139.977535"
"下岡崎近隣公園","茨城県筑西市下岡崎3-14","36.298742","139.98407"
"下星谷公民館","茨城県筑西市下星谷115","36.317288","140.04568"
"下川中子・金井集落センター","茨城県筑西市下川中子1219","36.264108","140.002257"
"川島公民館","茨城県筑西市下川島772-1","36.292169","139.914276"
"下館第一高等学校","茨城県筑西市下中山590","36.309568","139.98756"
"下館武道館","茨城県筑西市下中山732-1","36.306233","139.982246"
"最勝寺","茨城県筑西市下平塚57","36.314745","139.946979"
"下野殿多目的研修集会施設","茨城県筑西市下野殿644-1","36.269907","139.974118"
"川神馬農村集落センター","茨城県筑西市嘉家佐和1437","36.262944","139.980074"
"春日児童館","茨城県筑西市嘉家佐和1773","36.263074","139.975465"
"花田田園都市センター","茨城県筑西市花田487","36.233497","139.949524"
"明野トレーニングセンター","茨城県筑西市海老ヶ島2120-7","36.248636","140.027836"
"海老江公民館","茨城県筑西市海老江579-1","36.250046","140.007567"
"外塚集落センター","茨城県筑西市外塚521","36.307298","139.961114"
"伊讃公民館","茨城県筑西市外塚720","36.308068","139.965157"
"梶内農村集落センター","茨城県筑西市梶内136","36.237591","139.980023"
"関舘田園都市センター","茨城県筑西市関舘239","36.22928","139.96288"
"桜塚田園都市センター","茨城県筑西市関本下2214-2","36.243574","139.927211"
"暁保育園","茨城県筑西市関本上1393-1","36.256551","139.913551"
"橋本農村集落センター","茨城県筑西市関本中716","36.247708","139.90753"
"本郷農村集落センター","茨城県筑西市関本肥土331-1","36.256528","139.905485"
"分中農村集落センター","茨城県筑西市関本分中74-1","36.258714","139.899962"
"吉田公民館","茨城県筑西市吉田627-3","36.264994","140.011613"
"協和の杜体育館","茨城県筑西市久地楽260","36.344479","140.031046"
"東宮後生活改善センター","茨城県筑西市宮後198-4","36.267398","140.062833"
"権現台集会所","茨城県筑西市宮後2387","36.257187","140.05976"
"宮山会館","茨城県筑西市宮山500-4","36.257388","140.048418"
"宮山ふるさとふれあい公園","茨城県筑西市宮山504","36.258112","140.0489"
"新田集落研修センター","茨城県筑西市玉戸1198-1","36.290353","139.93406"
"下館工業高等学校","茨城県筑西市玉戸1336-111","36.282915","139.954394"
"産業技術専門学院","茨城県筑西市玉戸1336-54","36.286411","139.953306"
"玉戸農村集落センター","茨城県筑西市玉戸24-2","36.296017","139.954239"
"十里農村集落センター","茨城県筑西市桑山1672-2","36.292565","140.033354"
"栗崎農村集落センター","茨城県筑西市桑山2694","36.303979","140.023633"
"東郷田園都市センター","茨城県筑西市桑山367-2","36.289564","140.04703"
"古内集落センター","茨城県筑西市古内1371-1","36.258712","140.000745"
"五所宮集落センター","茨城県筑西市五所宮1-1","36.333879","139.943612"
"向上野公民館","茨城県筑西市向上野277","36.207779","140.028985"
"幸町コミュニティセンター","茨城県筑西市幸町3-1-30","36.283943","139.947171"
"星宮寺","茨城県筑西市甲370-1","36.313104","139.97843"
"高津公民館","茨城県筑西市高津124","36.231167","140.015303"
"笹塚集落研修センター","茨城県筑西市笹塚326-2","36.311361","139.948686"
"三郷農村集落センター","茨城県筑西市三郷684","36.330816","140.048523"
"寺上野公民館","茨城県筑西市寺上野556","36.225812","140.031032"
"木有戸集落センター","茨城県筑西市舟生112-1","36.266771","139.931351"
"宮本公民館","茨城県筑西市小栗123-1","36.37155","140.019331"
"下小栗集落センター","茨城県筑西市小栗9349-1","36.352692","140.018784"
"小川下集落センター","茨城県筑西市小川1491","36.29567","139.923464"
"小塙農村集落センター","茨城県筑西市小塙271","36.334286","139.953633"
"総合福祉センター","茨城県筑西市小林355","36.322473","139.977598"
"下館保健センター","茨城県筑西市小林355-1","36.32293","139.977573"
"心身障害者福祉センター","茨城県筑西市小林355-1","36.322446","139.977586"
"石倉公民館","茨城県筑西市松原1997-12","36.267199","140.03077"
"三ツ谷公民館","茨城県筑西市松原2394-2","36.263448","140.024387"
"篠之内公民館","茨城県筑西市松原2819-2","36.267097","140.018095"
"西松原コミュニティセンター","茨城県筑西市松原433-4","36.257411","140.031398"
"上星谷農村集落センター","茨城県筑西市上星谷296","36.324522","140.041811"
"上西郷谷集落センター","茨城県筑西市上西郷谷167-1","36.274617","140.062218"
"下館総合体育館","茨城県筑西市上平塚627","36.319223","139.930774"
"上野転作研修センター","茨城県筑西市上野897-1","36.240706","139.927204"
"深見農村集落センター","茨城県筑西市深見249-3","36.294786","140.010002"
"神分農村集落センター","茨城県筑西市神分538","36.30465","139.952521"
"成井生活改善センター","茨城県筑西市成井377-2","36.23421","140.019784"
"西谷貝農村集落センター","茨城県筑西市西谷貝679","36.311518","139.96324"
"西方会館","茨城県筑西市西方1398-2","36.286631","139.96033"
"赤浜コミュニティセンター","茨城県筑西市赤浜691","36.216927","140.018916"
"中公民館","茨城県筑西市折本325-1","36.339905","139.97264"
"折本集落研修センター","茨城県筑西市折本902","36.349952","139.971918"
"川澄ふるさとコミュニティセンター","茨城県筑西市川澄1017-4","36.327981","139.996286"
"稲荷宿農村集落センター","茨城県筑西市川澄375","36.323309","139.991016"
"川連農村集落センター","茨城県筑西市川連367","36.281324","139.998585"
"船玉田園都市センター","茨城県筑西市船玉271-1","36.272394","139.909186"
"明野高等学校","茨城県筑西市倉持1176","36.24209","140.028303"
"倉持参集殿","茨城県筑西市倉持928","36.236652","140.036001"
"南大関農村集落センター","茨城県筑西市大関1209","36.341015","139.998875"
"大林農村集落センター","茨城県筑西市大林302-2","36.253113","139.997354"
"谷永島公民館","茨城県筑西市谷永島433-1","36.310359","140.038989"
"協和転作促進研修センター","茨城県筑西市知行463-2","36.307306","140.03975"
"竹垣生活改善センター","茨城県筑西市竹垣495","36.261679","140.012156"
"中館農村集落センター","茨城県筑西市中館380","36.330426","139.974435"
"中館観音寺","茨城県筑西市中館522-1","36.332762","139.976082"
"中根農村集落センター","茨城県筑西市中根408-2","36.237849","140.047671"
"鶴田公民館","茨城県筑西市中上野1742-2","36.223263","140.013886"
"田宿集落センター","茨城県筑西市田宿227-1","36.258131","140.040471"
"島農村集落センター","茨城県筑西市島345","36.300768","139.995485"
"東石田公民館","茨城県筑西市東石田1049-4","36.220081","140.04804"
"東保末公民館","茨城県筑西市東保末75","36.245612","140.006728"
"関城体育館","茨城県筑西市藤ケ谷1845-1","36.259876","139.956506"
"藤野・西原田園都市センター","茨城県筑西市藤ケ谷2698-1","36.265418","139.950116"
"関城老人福祉センター","茨城県筑西市藤ケ谷733-4","36.245765","139.966856"
"内淀公民館","茨城県筑西市内淀160-3","36.278409","140.031692"
"鍋山公民館","茨城県筑西市鍋山496","36.272229","140.028243"
"ニ木成農村集落センター","茨城県筑西市二木成1540","36.29845","139.979805"
"下館トレーニングセンター","茨城県筑西市二木成1622","36.295486","139.97688"
"鎌田集落センター","茨城県筑西市二木成1679","36.287266","139.974643"
"猫島集落センター","茨城県筑西市猫島242-1","36.277825","140.044204"
"八田農村集落センター","茨城県筑西市八田464","36.357466","140.000931"
"八幡集落センター","茨城県筑西市八幡180","36.322997","140.049266"
"飯島農村集落センター","茨城県筑西市飯島261","36.303902","139.945963"
"樋口雷神社","茨城県筑西市樋口407","36.369059","139.974722"
"雁沼集落センター","茨城県筑西市布川407-2","36.280969","139.927572"
"房山農村集落センター","茨城県筑西市布川48-3","36.275063","139.946926"
"布川田園都市センター","茨城県筑西市布川608-1","36.274933","139.926367"
"地域交流センター","茨城県筑西市丙372","36.309066","139.979135"
"蓬田公民館","茨城県筑西市蓬田826-3","36.361183","140.042499"
"茂田ふるさとコミュニティセンター","茨城県筑西市茂田1495","36.303945","140.01011"
"木戸田園都市センター","茨城県筑西市木戸1","36.241738","139.972299"
"協和公民館","茨城県筑西市門井1962-2","36.328657","140.033443"
"野殿転作促進研修センター","茨城県筑西市野殿1003-2","36.273375","139.967998"
"野田集落センター","茨城県筑西市野田871-2","36.280107","139.982755"
"西蓮沼公民館","茨城県筑西市蓮沼1172-2","36.32237","140.020513"
"蓮沼団地公民館","茨城県筑西市蓮沼1591-115","36.315178","140.024348"
"蕨農村集落センター","茨城県筑西市蕨494-2","36.292583","139.995033"
"養蚕公民館","茨城県筑西市蕨632","36.295483","139.993934"
"延方小学校","茨城県潮来市小泉2090","35.958342","140.580984"
"潮来第二中学校","茨城県潮来市新宮1868-1","35.962032","140.583497"
"茨城県立潮来高等学校","茨城県潮来市須賀3025","35.95461","140.566937"
"（旧）大生原小学校","茨城県潮来市水原1988-1","35.988837","140.568943"
"潮来第一中学校","茨城県潮来市潮来1270","35.946861","140.5531"
"潮来小学校","茨城県潮来市潮来471","35.94188","140.548025"
"津知小学校","茨城県潮来市辻829-1","35.953587","140.553057"
"日の出小学校","茨城県潮来市日の出3-12-1","35.937087","140.570621"
"日の出中学校","茨城県潮来市日の出3-9-8","35.935317","140.571483"
"牛堀中学校","茨城県潮来市堀之内1009","35.966662","140.525356"
"牛堀小学校","茨城県潮来市堀之内1219-1","35.968878","140.525742"
"右籾小学校","茨城県土浦市右籾1728-3","36.044733","140.18502"
"土浦第六中学校","茨城県土浦市右籾428-1","36.050116","140.195055"
"六中地区公民館","茨城県土浦市烏山2-2346-1","36.051668","140.202653"
"茨城県霞ケ浦環境科学センター","茨城県土浦市沖宿町1853","36.075688","140.266117"
"上大津東小学校","茨城県土浦市沖宿町2476-1","36.080655","140.252083"
"乙戸小学校","茨城県土浦市乙戸南2-1-1","36.031952","140.150661"
"土浦市保健センター","茨城県土浦市下高津2-7-27","36.071067","140.191949"
"下高津小学校","茨城県土浦市下高津4-2-9","36.075724","140.182847"
"荒川沖小学校","茨城県土浦市荒川沖東3-24-3","36.025495","140.16478"
"四中地区公民館","茨城県土浦市国分町11-5","36.067449","140.190313"
"市民運動広場","茨城県土浦市佐野子260","36.085418","140.178808"
"旧宍塚小学校","茨城県土浦市宍塚1478","36.087967","140.162964"
"老人福祉センター湖畔荘","茨城県土浦市手野町1892-1","36.09274","140.24187"
"土浦第五中学校","茨城県土浦市手野町3218-1","36.09915","140.245685"
"上大津公民館","茨城県土浦市手野町3252","36.098509","140.243336"
"旧上大津西小学校","茨城県土浦市手野町3651","36.101419","140.23309"
"土浦日本大学高等学校","茨城県土浦市小松ケ丘町4-46","36.064194","140.195554"
"都和南小学校","茨城県土浦市常名3090-1","36.104362","140.187823"
"つくば国際大学高等学校","茨城県土浦市真鍋1-3-5","36.088674","140.201614"
"真鍋小学校","茨城県土浦市真鍋4-3-1","36.096906","140.203296"
"土浦第一高等学校","茨城県土浦市真鍋4-4-2","36.097731","140.203893"
"土浦工業高等学校","茨城県土浦市真鍋6-11-20","36.10404","140.197554"
"菅谷小学校","茨城県土浦市菅谷町1464-8","36.111147","140.259406"
"土浦湖北高等学校","茨城県土浦市菅谷町1525-1","36.104935","140.264016"
"川口運動公園","茨城県土浦市川口2-12-75","36.081774","140.211188"
"霞ケ浦総合公園","茨城県土浦市大岩田1051","36.062969","140.219782"
"土浦第三高等学校","茨城県土浦市大岩田1599","36.056202","140.213514"
"大岩田小学校","茨城県土浦市大岩田2066-1","36.05512","140.203906"
"土浦小学校","茨城県土浦市大手町13-32","36.083515","140.197075"
"一中地区公民館","茨城県土浦市大手町13-9","36.082845","140.197129"
"東小学校","茨城県土浦市中455-1","36.057408","140.174613"
"亀城公園","茨城県土浦市中央1-13-34","36.085004","140.198248"
"都和中学校","茨城県土浦市中貫1222-2","36.120628","140.197227"
"土浦第四中学校","茨城県土浦市中高津3-10-4","36.068123","140.182646"
"神立小学校","茨城県土浦市中神立町4","36.118426","140.231286"
"常総学院高等学校","茨城県土浦市中村西根1010","36.057928","140.162523"
"乙戸沼公園","茨城県土浦市中村西根番外50-10","36.044279","140.149943"
"土浦第三中学校","茨城県土浦市中村南1-25-15","36.042602","140.165974"
"三中地区公民館","茨城県土浦市中村南4-8-14","36.040057","140.160779"
"中村小学校","茨城県土浦市中村南5-29-5","36.042362","140.159356"
"土浦第二中学校","茨城県土浦市東真鍋町21-7","36.096294","140.207499"
"旧藤沢小学校","茨城県土浦市藤沢3057","36.123667","140.162647"
"新治学園義務教育学校","茨城県土浦市藤沢913-1","36.136767","140.158557"
"新治地区公民館","茨城県土浦市藤沢982","36.132037","140.157397"
"土浦第二小学校","茨城県土浦市富士崎2-1-41","36.071522","140.197969"
"土浦第一中学校","茨城県土浦市文京町3-8","36.08486","140.195072"
"都和公民館","茨城県土浦市並木5-4824-1","36.115764","140.191573"
"都和小学校","茨城県土浦市並木5-4826-2","36.117348","140.191646"
"神立公園","茨城県土浦市北神立町3","36.117223","140.230206"
"旧山ノ荘小学校","茨城県土浦市本郷301","36.146228","140.169841"
"二中地区公民館","茨城県土浦市木田余1675","36.096425","140.215743"
"ワークヒル土浦","茨城県土浦市木田余東台4-1-1","36.103324","140.220575"
"土浦第二高等学校","茨城県土浦市立田町9-6","36.088238","140.1936"
"舟石川コミュニティセンター","茨城県東海村舟石川158-1","36.468905","140.552491"
"東海村立舟石川小学校","茨城県東海村舟石川690-1","36.460637","140.556881"
"東海村立東海中学校","茨城県東海村舟石川825-12","36.466509","140.574458"
"なごみ東海村総合支援センター","茨城県東海村舟石川駅東3-9-33","36.465266","140.570477"
"東海村立照沼小学校","茨城県東海村照沼905-2","36.437502","140.5899"
"中丸コミュニティセンター","茨城県東海村須和間345-1","36.449063","140.565902"
"東海村立石神小学校","茨城県東海村石神外宿1055","36.488318","140.57283"
"石神コミュニティセンター","茨城県東海村石神内宿1609","36.481009","140.573312"
"東海村総合体育館","茨城県東海村船場749-3","36.460269","140.560224"
"東海文化センター","茨城県東海村船場768-15","36.459806","140.562066"
"東海村立東海南中学校","茨城県東海村船場784-7","36.457824","140.560663"
"東海村立村松小学校","茨城県東海村村松1443-2","36.45946","140.579367"
"東海村総合福祉センター「絆」","茨城県東海村村松2005","36.455154","140.573496"
"東海村立中丸小学校","茨城県東海村村松2124-8","36.456992","140.564738"
"茨城県立東海高等学校","茨城県東海村村松771-1","36.457856","140.563054"
"真崎コミュニティセンター","茨城県東海村村松835-1","36.459298","140.587534"
"東海村姉妹都市交流会館","茨城県東海村東海3-6-7","36.473637","140.564093"
"東海村立白方小学校","茨城県東海村白方2009","36.472079","140.590729"
"白方コミュニティセンター","茨城県東海村白方2077","36.47088","140.591725"
"那珂市立瓜連中学校（屋内と屋外を合わせて）","茨城県那珂市瓜連1015","36.500402","140.455692"
"那珂市立瓜連小学校（屋内と屋外を合わせて）","茨城県那珂市瓜連1296","36.500488","140.44427"
"那珂市立横堀小学校（屋内と屋外を合わせて）","茨城県那珂市横堀1502-1","36.46593","140.518915"
"ふれあいセンターよこぼり（屋内と屋外を合わせて）","茨城県那珂市横堀1526-1","36.467828","140.518717"
"横堀公民館（屋内と屋外を合わせて）","茨城県那珂市横堀1722-1","36.46492","140.516652"
"下大賀コミュニティセンター（屋内と屋外を合わせて）","茨城県那珂市下大賀1526-1","36.508329","140.433604"
"那珂市立第二中学校（屋内と屋外を合わせて）","茨城県那珂市額田南郷2386-4","36.479122","140.52031"
"那珂市立額田小学校（屋内と屋外を合わせて）","茨城県那珂市額田北郷311","36.49187","140.519314"
"額田中央公民館（屋内と屋外を合わせて）","茨城県那珂市額田北郷612","36.490926","140.518055"
"古徳公民館（屋内と屋外を合わせて）","茨城県那珂市古徳191-4","36.49606","140.43926"
"那珂市瓜連体育館（屋内と屋外を合わせて）","茨城県那珂市古徳310","36.497475","140.445262"
"総合センターらぽーる（屋内と屋外を合わせて）","茨城県那珂市古徳371","36.498705","140.4442"
"旧那珂市立戸多小学校（屋内と屋外を合わせて）","茨城県那珂市戸2297","36.469494","140.423713"
"宿農村集落センター（屋内と屋外を合わせて）","茨城県那珂市戸3628-1","36.458452","140.426678"
"那珂総合公園（屋内と屋外を合わせて）","茨城県那珂市戸崎428-2","36.466091","140.439396"
"ふれあいセンターごだい（屋内と屋外を合わせて）","茨城県那珂市後台1491-43","36.422028","140.476111"
"茨城県立那珂高等学校（屋内と屋外を合わせて）","茨城県那珂市後台1710-1","36.426512","140.479622"
"那珂市立第一中学校（屋内と屋外を合わせて）","茨城県那珂市後台2547","36.436947","140.490865"
"笠松運動公園（屋内と屋外を合わせて）","茨城県那珂市向山1280-1","36.457523","140.541641"
"那珂市立菅谷小学校（屋内と屋外を合わせて）","茨城県那珂市菅谷2378-1","36.444191","140.49929"
"那珂市立第四中学校（屋内と屋外を合わせて）","茨城県那珂市菅谷2476","36.446696","140.506448"
"ふれあいセンターすがや（屋内と屋外を合わせて）","茨城県那珂市菅谷2955-1","36.441741","140.496398"
"総合保健福祉センター（屋内と屋外を合わせて）","茨城県那珂市菅谷3198","36.447356","140.494905"
"那珂市立菅谷西小学校（屋内と屋外を合わせて）","茨城県那珂市菅谷4542-1","36.452358","140.487047"
"那珂市立菅谷東小学校（屋内と屋外を合わせて）","茨城県那珂市菅谷891-2","36.447037","140.508349"
"静公民館（屋内と屋外を合わせて）","茨城県那珂市静564-1","36.506242","140.423961"
"中里公民館（屋内と屋外を合わせて）","茨城県那珂市中里583-5","36.489008","140.453013"
"那珂市立五台小学校（屋内と屋外を合わせて）","茨城県那珂市東木倉960-1","36.424506","140.473151"
"茨城県立水戸農業高等学校（屋内と屋外を合わせて）","茨城県那珂市東木倉983","36.427356","140.473096"
"ふれあいセンターよしの（屋内と屋外を合わせて）","茨城県那珂市飯田307-1","36.463267","140.459775"
"那珂市立第三中学校（屋内と屋外を合わせて）","茨城県那珂市飯田3645","36.469778","140.461926"
"那珂市立芳野小学校（屋内と屋外を合わせて）","茨城県那珂市飯田3992","36.468174","140.457936"
"那珂市中央公民館（屋内と屋外を合わせて）","茨城県那珂市福田1819","36.456161","140.485837"
"平野コミュニティセンター（屋内と屋外を合わせて）","茨城県那珂市平野1800-333","36.485644","140.438879"
"本米崎公民館（屋内と屋外を合わせて）","茨城県那珂市本米崎1513","36.490602","140.547451"
"旧那珂市立本米崎小学校　（屋内と屋外を合わせて）","茨城県那珂市本米崎2706-1","36.482664","140.548206"
"門部台農村集落センター（屋内と屋外を合わせて）","茨城県那珂市門部2715-2","36.488821","140.479397"
"那珂市立木崎小学校（屋内と屋外を合わせて）","茨城県那珂市門部2765","36.488303","140.483507"
"久慈交流センター","茨城県日立市みなと町3-10","36.493115","140.614899"
"㈱日立製作所国分グラウンド","茨城県日立市鮎川町1-4","36.561799","140.640257"
"油縄子交流センター","茨城県日立市鮎川町2-6-1","36.566315","140.638044"
"油縄子小学校","茨城県日立市鮎川町3-11-1","36.565936","140.63923"
"多賀中学校（特別支援学校含む）","茨城県日立市鮎川町3-11-2","36.566777","140.639162"
"多賀高等学校","茨城県日立市鮎川町3-9-1","36.567623","140.641682"
"旧東小沢小学校","茨城県日立市下土木内町617","36.495757","140.582412"
"河原子小学校","茨城県日立市河原子町4-3-4","36.546708","140.639383"
"会瀬青少年の家","茨城県日立市会瀬町1-1-20","36.580261","140.65936"
"会瀬小学校","茨城県日立市会瀬町2-17-10","36.577816","140.652516"
"㈱日立製作所会瀬グラウンド（日立体育館含む）","茨城県日立市会瀬町4-2","36.583478","140.648757"
"滑川小学校","茨城県日立市滑川本町1-20-7","36.61693","140.668066"
"滑川市民広場（滑川体育館含む）","茨城県日立市滑川本町1-21","36.61563","140.668396"
"久慈小学校","茨城県日立市久慈町1-23-1","36.497325","140.619762"
"日立商業高等学校","茨城県日立市久慈町6-20-1","36.504099","140.611294"
"松風中学校","茨城県日立市久慈町6-20-2","36.505554","140.610106"
"仲町交流センター","茨城県日立市宮田町4-4-15","36.607824","140.652629"
"かみね公園","茨城県日立市宮田町5-2","36.608362","140.658418"
"仲町小学校","茨城県日立市宮田町5-5-1","36.607985","140.65411"
"塙山交流センター","茨城県日立市金沢町2-11-5","36.54677","140.616929"
"塙山小学校","茨城県日立市金沢町2-14-1","36.548179","140.616123"
"金沢小学校","茨城県日立市金沢町5-2-1","36.540526","140.612025"
"日立シビックセンター（新都市広場含む）","茨城県日立市幸町1-21-1","36.590167","140.659602"
"旧平沢中学校","茨城県日立市高鈴町1-15-1","36.60075","140.643644"
"日立第二高等学校","茨城県日立市鹿島町3-2-1","36.590119","140.647599"
"助川中学校","茨城県日立市鹿島町3-5-1","36.588456","140.647302"
"日立第一高等学校","茨城県日立市若葉町3-15-1","36.599522","140.658227"
"愛宕神社","茨城県日立市十王町伊師2951","36.682752","140.704307"
"伊師町田園都市センター","茨城県日立市十王町伊師3586","36.684246","140.703461"
"いぶき台団地中央公園","茨城県日立市十王町伊師3900","36.693639","140.706882"
"櫛形小学校","茨城県日立市十王町伊師本郷508","36.676886","140.689078"
"黒坂地区生活改善センター","茨城県日立市十王町黒坂168","36.69226","140.548589"
"山部小学校","茨城県日立市十王町山部841","36.692602","140.667727"
"城の丘公園","茨城県日立市十王町城の丘1-1","36.670067","140.682839"
"城の丘東公園","茨城県日立市十王町城の丘1-20-1","36.669112","140.678644"
"城の丘北公園","茨城県日立市十王町城の丘2-20","36.669869","140.675768"
"城の丘南公園","茨城県日立市十王町城の丘3-9-1","36.665769","140.677453"
"城の丘西公園","茨城県日立市十王町城の丘5-4-1","36.667985","140.675543"
"十王パノラマ公園","茨城県日立市十王町友部1085-6","36.669808","140.665039"
"十王交流センター","茨城県日立市十王町友部129-2","36.671915","140.684004"
"十王スポーツ広場（十王体育館含む）","茨城県日立市十王町友部1936-1","36.680786","140.678256"
"十王総合健康福祉センター","茨城県日立市十王町友部2088-1","36.679834","140.678733"
"十王中学校","茨城県日立市十王町友部600","36.674871","140.679043"
"十王駅前公園","茨城県日立市十王町友部東1-7","36.671111","140.687801"
"宮の前公園","茨城県日立市十王町友部東4-5-12","36.667849","140.684891"
"助川小学校","茨城県日立市助川町2-15-1","36.591343","140.64654"
"日高中学校","茨城県日立市小木津町3-26-1","36.643055","140.681087"
"日立工業高等学校","茨城県日立市城南町2-12-1","36.588731","140.640816"
"消防拠点施設防災広場","茨城県日立市神峰町2-4-1","36.601027","140.653958"
"駒王中学校","茨城県日立市神峰町3-2-32","36.601855","140.656486"
"かみすわ山荘","茨城県日立市諏訪町1439","36.597233","140.605575"
"諏訪小学校","茨城県日立市諏訪町3-10-1","36.57044","140.624257"
"諏訪交流センター","茨城県日立市諏訪町4-11-1","36.564778","140.627146"
"諏訪スポーツ広場","茨城県日立市諏訪町963-3","36.572226","140.618708"
"水木小学校","茨城県日立市水木町1-6-1","36.521795","140.629921"
"水木交流センター","茨城県日立市水木町2-23-20","36.518083","140.625984"
"泉丘中学校","茨城県日立市水木町2-9-1","36.52303","140.626726"
"㈱日立製作所日立工業専修学校","茨城県日立市西成沢町2-17-1","36.576668","140.630454"
"産業支援センター","茨城県日立市西成沢町2-20-1","36.576277","140.633605"
"旧坂本中学校","茨城県日立市石名坂町1-30-1","36.510159","140.597478"
"豊浦小学校","茨城県日立市折笠町741","36.655707","140.690986"
"折笠スポーツ広場","茨城県日立市折笠町987-1","36.652855","140.68255"
"豊浦交流センター","茨城県日立市川尻町1-40-1","36.652689","140.697253"
"豊浦中学校","茨城県日立市川尻町3-11-1","36.657678","140.703761"
"日立北高等学校","茨城県日立市川尻町6-11-1","36.662731","140.685022"
"台原中学校","茨城県日立市台原町1-9-1","36.53303","140.61091"
"大みか小学校","茨城県日立市大みか町3-19-15","36.513419","140.62807"
"茨城キリスト教学園","茨城県日立市大みか町6-11-1","36.513422","140.61643"
"㈱日立製作所大みかゴルフ場（サッカー場、体育館含む）","茨城県日立市大みか町6-20","36.510596","140.6132"
"暇修館","茨城県日立市大久保町4-15-1","36.553186","140.618244"
"坂下市民広場","茨城県日立市大和田町1936","36.506981","140.584167"
"久慈川日立南交流センター","茨城県日立市大和田町2208","36.50821","140.585441"
"成沢小学校","茨城県日立市中成沢町3-16-8","36.573989","140.636304"
"田尻交流センター","茨城県日立市田尻町1-35-1","36.630581","140.672974"
"田尻小学校","茨城県日立市田尻町4-39-1","36.624089","140.675887"
"旧中里小学校","茨城県日立市東河内町1909","36.634726","140.545987"
"中里小中学校","茨城県日立市東河内町1953","36.633418","140.546673"
"滑川中学校","茨城県日立市東滑川町3-17-1","36.614764","140.674353"
"シーマークスクエア","茨城県日立市東滑川町5-1-1","36.617416","140.67749"
"大沼交流センター","茨城県日立市東金沢町5-7-1","36.538335","140.626053"
"市民運動公園","茨城県日立市東成沢町2-15","36.576351","140.647438"
"河原子交流センター","茨城県日立市東多賀町3-7-5","36.543974","140.636196"
"河原子中学校","茨城県日立市東多賀町4-10-10","36.545395","140.630743"
"大沼小学校","茨城県日立市東大沼町2-1-8","36.534552","140.629508"
"坂本東小学校","茨城県日立市南高野町3-21-1","36.506378","140.599949"
"日高小学校","茨城県日立市日高町2-12-1","36.638976","140.682256"
"日高交流センター","茨城県日立市日高町2-2-1","36.639185","140.678115"
"中里スポーツ広場","茨城県日立市入四間町513-1","36.640466","140.57375"
"中小路小学校","茨城県日立市平和町2-4-1","36.596428","140.658912"
"宮田交流センター","茨城県日立市本宮町1-6-1","36.605123","140.658277"
"宮田小学校","茨城県日立市本宮町2-9-1","36.603726","140.660969"
"大久保小学校","茨城県日立市末広町1-1-1","36.558049","140.62576"
"おおくぼ児童公園・おおくぼさくら児童公園","茨城県日立市末広町1-1-2","36.556887","140.625266"
"大久保中学校","茨城県日立市末広町5-12-34","36.558335","140.619291"
"粟野運動公園","茨城県八千代町大字粟野291-2","36.169979","139.933583"
"貝谷運動公園","茨城県八千代町大字貝谷37","36.18465","139.91809"
"川西小学校グラウンド","茨城県八千代町大字久下田440","36.211397","139.899932"
"八千代第一中学校グラウンド","茨城県八千代町大字若1808","36.173593","139.886425"
"東中学校グラウンド","茨城県八千代町大字沼森50","36.188197","139.918245"
"川西地区運動広場","茨城県八千代町大字新井428","36.199671","139.904345"
"中結城地区公園","茨城県八千代町大字菅谷35","36.194044","139.889747"
"中結城小学校グラウンド","茨城県八千代町大字菅谷351","36.196803","139.883856"
"町民公園","茨城県八千代町大字菅谷883-1","36.186537","139.872806"
"中結城北部地区運動広場","茨城県八千代町大字西大山313-2","36.206083","139.874868"
"西豊田小学校グラウンド","茨城県八千代町大字太田365","36.176702","139.923055"
"クリーンパーク・きぬ","茨城県八千代町大字大渡戸390","36.23322","139.901314"
"東蕗田運動公園","茨城県八千代町大字東蕗田241-1","36.156656","139.901761"
"安静小学校グラウンド","茨城県八千代町大字蕗田820","36.151493","139.896274"
"下結城地区公園","茨城県八千代町大字平塚2175-1","36.16075","139.867917"
"下結城小学校グラウンド","茨城県八千代町大字平塚3740","36.161937","139.866512"
"八千代高等学校グラウンド","茨城県八千代町大字平塚4824-2","36.184004","139.861984"
"安達運輸株式会社コンテナ用駐車場（大規模洪水により広域避難が必要な場合に使用）","茨城県八千代町平塚4824-150","36.18295","139.862286"
"八千代高校東側洗車場跡地（大規模洪水により広域避難が必要な場合に使用）","茨城県八千代町平塚4824-190","36.185332","139.863349"
"茨城県立八千代高等学校（大規模洪水（予想される場合を含む。）により広域避難が必要な場合に使用）","茨城県八千代町平塚4824-2","36.185535","139.861705"
"旧　大谷小学校グラウンド","茨城県美浦村興津366","35.994609","140.310359"
"美浦中学校グラウンド","茨城県美浦村受領1432","36.007511","140.304089"
"美浦小学校グラウンド","茨城県美浦村受領1433-3","36.007147","140.303784"
"旧　安中小学校グラウンド","茨城県美浦村土浦1979-1","36.010281","140.345379"
"旧　木原小学校グラウンド","茨城県美浦村木原1567","36.019949","140.29289"
"（旧）上島西小学校","茨城県鉾田市梶山1505-1","36.122053","140.538219"
"（旧）上島東小学校","茨城県鉾田市汲上1734","36.122466","140.586921"
"大洋保健センター","茨城県鉾田市汲上2600-4","36.104001","140.573534"
"大洋公民館","茨城県鉾田市汲上2601","36.103598","140.573081"
"旭幼稚園","茨城県鉾田市玉田1047-21","36.229124","140.536392"
"とちぎ海浜自然の家","茨城県鉾田市玉田336-2","36.220609","140.561494"
"（旧）旭東小学校","茨城県鉾田市荒地604","36.231087","140.546162"
"（旧）白鳥西小学校","茨城県鉾田市札925","36.080656","140.551862"
"鉾田市農業振興センター","茨城県鉾田市子生378","36.218064","140.547429"
"（旧）旭西小学校","茨城県鉾田市鹿田904-5","36.227325","140.497705"
"（旧）舟木小学校","茨城県鉾田市舟木1-7","36.221245","140.469672"
"鉾田北幼稚園","茨城県鉾田市舟木211-9","36.207316","140.473825"
"上釜グランド","茨城県鉾田市上釜87-1","36.249554","140.55355"
"（旧）白鳥東小学校","茨城県鉾田市上沢14","36.095524","140.596499"
"大洋小学校","茨城県鉾田市上沢922-1","36.09731","140.584933"
"つばさ幼稚園","茨城県鉾田市上沢938-18","36.09724","140.583076"
"とっぷ・さんて大洋","茨城県鉾田市上幡木1500-2","36.086835","140.604662"
"鉾田北小学校","茨城県鉾田市上冨田1011-1","36.207652","140.471937"
"鉾田北中学校","茨城県鉾田市上冨田1011-1","36.206691","140.471787"
"旭公民館","茨城県鉾田市造谷1141-3","36.237846","140.511868"
"旭保健センター","茨城県鉾田市造谷605-3","36.230795","140.534718"
"旭中学校","茨城県鉾田市造谷863-5","36.229893","140.53419"
"大洋中学校","茨城県鉾田市大蔵1337-1","36.104624","140.572218"
"大洋武道館","茨城県鉾田市大蔵1338-1","36.105159","140.573035"
"鹿島灘海浜公園","茨城県鉾田市大竹390","36.150253","140.57814"
"（旧）大竹小学校","茨城県鉾田市大竹990","36.159087","140.575489"
"（旧）大和田小学校","茨城県鉾田市大和田1018-3","36.206431","140.44053"
"中居運動場","茨城県鉾田市中居1480-1","36.088378","140.57682"
"（旧）旭北小学校","茨城県鉾田市田崎3852","36.253937","140.521549"
"旭スポーツセンター","茨城県鉾田市田崎616-6","36.241136","140.512129"
"多目的グランド","茨城県鉾田市田崎616-6","36.240555","140.512974"
"第一保育所","茨城県鉾田市塔ケ崎918","36.157193","140.506104"
"（旧）当間小学校","茨城県鉾田市当間2122-6","36.162277","140.484794"
"ほっとパーク鉾田","茨城県鉾田市当間220","36.152296","140.484333"
"ともえ荘","茨城県鉾田市当間228-2","36.153342","140.484425"
"とくしゅくの杜","茨城県鉾田市徳宿1261-1","36.187547","140.506243"
"県立鉾田第二高等学校　農場（旧鉾田農業高校）","茨城県鉾田市徳宿2997-1","36.202949","140.486193"
"（旧）諏訪小学校","茨城県鉾田市柏熊983","36.180912","140.544058"
"県立鉾田第一高等学校","茨城県鉾田市鉾田1090-2","36.155332","140.517334"
"県立鉾田第二高等学校","茨城県鉾田市鉾田1158","36.155364","140.514746"
"鉾田幼稚園","茨城県鉾田市鉾田1411-3","36.158948","140.518865"
"鉾田保健センター","茨城県鉾田市鉾田1443","36.158346","140.517001"
"鉾田中央公民館","茨城県鉾田市鉾田1444-1","36.159038","140.515817"
"鉾田南柔剣道場","茨城県鉾田市鉾田1469","36.157017","140.514243"
"鉾田南中学校","茨城県鉾田市鉾田1469-1","36.157449","140.51587"
"第二保育所","茨城県鉾田市鉾田148","36.16018","140.512376"
"（旧）鉾田小学校","茨城県鉾田市鉾田986","36.154112","140.515152"
"鉾田市みのわ水鳥公園","茨城県鉾田市箕輪1754","36.26883","140.522446"
"冷水田園都市センター","茨城県鉾田市冷水1086","36.208079","140.564374"
"（旧）旭南小学校","茨城県鉾田市樅山576-16","36.201202","140.551308"
"鉾田南小学校","茨城県鉾田市烟田1059-1","36.155418","140.528717"
"磯原地区公園","茨城県北茨城市磯原町磯原1206-1","36.800257","140.742271"
"北茨城市複合防災センター","茨城県北茨城市磯原町磯原1612-1","36.802363","140.749749"
"北茨城市民体育館","茨城県北茨城市磯原町磯原1630-9","36.800865","140.753457"
"北茨城市立精華小学校","茨城県北茨城市磯原町磯原4-36","36.79416","140.741127"
"北茨城市立磯原中学校","茨城県北茨城市磯原町豊田979-1","36.796122","140.72942"
"北茨城市立図書館","茨城県北茨城市磯原町本町2-5-16","36.788142","140.746414"
"北茨城市立明徳小学校","茨城県北茨城市磯原町木皿726","36.794988","140.712642"
"北茨城市保健センター","茨城県北茨城市華川町臼場187-27","36.79805","140.738197"
"華川スポーツパーク","茨城県北茨城市華川町下相田109","36.815097","140.715725"
"マウントあかね","茨城県北茨城市華川町小豆畑2747","36.837859","140.691278"
"北茨城市華川町公民館","茨城県北茨城市華川町小豆畑912-2","36.82001","140.711651"
"北茨城市立華川小学校","茨城県北茨城市華川町上小津田84","36.826596","140.70853"
"北茨城市立中妻小学校","茨城県北茨城市華川町中妻456","36.809682","140.727113"
"北茨城市関南町多目的集会所","茨城県北茨城市関南町関本下674","36.83426","140.772558"
"北茨城市立関南小学校","茨城県北茨城市関南町神岡下172","36.831269","140.773913"
"二ツ島高台公園","茨城県北茨城市関南町神岡上字二ツ島64-4","36.808478","140.760455"
"大津地区津波避難タワー","茨城県北茨城市関南町仁井田18","36.83044","140.784959"
"北茨城市立関本小中学校","茨城県北茨城市関本町関本上1470","36.861078","140.759681"
"北茨城市関本多目的研修集会所","茨城県北茨城市関本町関本上582-1","36.858832","140.749541"
"北茨城市生涯学習センター分館","茨城県北茨城市関本町富士ケ丘749","36.856036","140.727426"
"北茨城市生涯学習センター","茨城県北茨城市関本町福田158","36.856748","140.766362"
"北茨城市立大津小学校","茨城県北茨城市大津町2301-14","36.836613","140.788736"
"北茨城市立常北中学校","茨城県北茨城市大津町2448","36.840698","140.786273"
"中郷ふるさとコミュニティセンター","茨城県北茨城市中郷町粟野220-2","36.762551","140.718728"
"中郷地区津波避難タワー","茨城県北茨城市中郷町下桜井2496-1","36.784622","140.746805"
"汐見ケ丘望海会館","茨城県北茨城市中郷町汐見ケ丘2-1259-268","36.760927","140.734411"
"北茨城市立中郷第二小学校","茨城県北茨城市中郷町小野矢指720-3","36.756548","140.715726"
"北茨城市立中郷第一小学校","茨城県北茨城市中郷町上桜井53-5","36.779963","140.734114"
"北茨城市中郷多目的集会所","茨城県北茨城市中郷町上桜井844-1","36.780513","140.731982"
"北茨城市立石岡小学校","茨城県北茨城市中郷町石岡823","36.780889","140.700659"
"北茨城市立中郷中学校","茨城県北茨城市中郷町足洗508","36.774213","140.735308"
"北茨城市立平潟小学校","茨城県北茨城市平潟町1077","36.851043","140.790022"
"もえぎ野台自然公園","茨城県利根町もえぎ野台2-4-7","35.876096","140.159169"
"もえぎ野台中央公園","茨城県利根町もえぎ野台3-16-4","35.877761","140.162146"
"羽根野台中央公園","茨城県利根町羽根野850-150","35.877798","140.140931"
"羽根野台東公園","茨城県利根町羽根野900-49","35.880251","140.143167"
"利根中学校（旧新館中学校）","茨城県利根町横須賀1277","35.872875","140.161186"
"利根町健康増進等複合施設（旧文小学校）","茨城県利根町下曽根254","35.87322","140.144752"
"四季の丘第２公園","茨城県利根町四季の丘1-14-3","35.856095","140.150258"
"上曽根運動公園","茨城県利根町上曽根472-2","35.874626","140.128321"
"早尾台第１公園","茨城県利根町早尾500-235","35.877369","140.14701"
"利根町総合教育センター（旧文間小学校）","茨城県利根町大房228","35.874665","140.177"
"生涯学習センター","茨城県利根町中谷967","35.862229","140.180546"
"八幡台児童公園","茨城県利根町八幡台2-15","35.858048","140.14135"
"日本ウェルネススポーツ大学第１キャンパス（旧利根中学校）","茨城県利根町布川1377","35.860194","140.145644"
"旧布川小学校グラウンド","茨城県利根町布川1709","35.856729","140.147114"
"風の公園","茨城県利根町布川2100-18","35.859409","140.154977"
"布川地区コミュニティセンター","茨城県利根町布川2958-1","35.856368","140.143094"
"すこやか交流センター","茨城県利根町布川2968","35.856541","140.142928"
"利根小学校","茨城県利根町布川4230","35.852778","140.153642"
"利根っ子運動公園","茨城県利根町布川618-1","35.860211","140.142147"
"旧東文間小学校","茨城県利根町立崎425","35.863056","140.184944"
"龍ケ崎市立龍ケ崎小学校","茨城県龍ケ崎市3316","35.911032","140.190977"
"龍ケ崎市立龍ケ崎中学校","茨城県龍ケ崎市3777","35.914213","140.179846"
"にぎわい広場","茨城県龍ケ崎市4110","35.907173","140.185909"
"龍ケ崎市立龍ケ崎西小学校","茨城県龍ケ崎市8810","35.90149","140.178796"
"行部内公園","茨城県龍ケ崎市久保台1-20-2","35.929021","140.178894"
"龍ケ崎市立久保台小学校","茨城県龍ケ崎市久保台2-3","35.933168","140.176772"
"茨城県立竜ヶ崎第二高等学校","茨城県龍ケ崎市古城3087","35.90818","140.191656"
"つくばの里向陽台公園","茨城県龍ケ崎市向陽台4-2-1","35.933926","140.236106"
"ふるさとふれあい公園","茨城県龍ケ崎市高須町4145","35.903985","140.161073"
"愛国学園大学附属龍ケ崎高等学校","茨城県龍ケ崎市若柴町2747","35.927734","140.156591"
"龍ケ崎市立馴柴小学校","茨城県龍ケ崎市若柴町3135","35.92612","140.144543"
"北竜台公園","茨城県龍ケ崎市小柴1-8-1","35.930937","140.166395"
"貝原塚東公園","茨城県龍ケ崎市松ケ丘2-11","35.930225","140.209074"
"龍ケ崎市立松葉小学校","茨城県龍ケ崎市松葉2-9","35.936998","140.15822"
"若柴公園","茨城県龍ケ崎市松葉6-1","35.941117","140.155125"
"龍ケ崎市立城ノ内小学校","茨城県龍ケ崎市城ノ内5-27","35.921375","140.214961"
"龍ケ崎市立城ノ内中学校","茨城県龍ケ崎市城ノ内5-3","35.922091","140.207759"
"小貝川市民運動公園","茨城県龍ケ崎市川原代町33-1","35.919139","140.133758"
"龍ケ崎市立川原代小学校","茨城県龍ケ崎市川原代町3518","35.916293","140.154194"
"龍ケ崎市立城西中学校","茨城県龍ケ崎市川原代町710","35.921015","140.138424"
"森林公園","茨城県龍ケ崎市泉町1966","35.94673","140.216241"
"城南スポーツ公園","茨城県龍ケ崎市大徳町1318","35.907849","140.200181"
"旧龍ケ崎市立大宮小学校","茨城県龍ケ崎市大徳町4945","35.894685","140.20584"
"龍ケ崎市立中根台中学校","茨城県龍ケ崎市中根台1-12","35.928066","140.171163"
"市民健康の森","茨城県龍ケ崎市中里1-1-4","35.934375","140.204326"
"龍ヶ岡公園","茨城県龍ケ崎市中里3-1","35.927445","140.203023"
"総合運動公園","茨城県龍ケ崎市中里3-2-1","35.926496","140.205605"
"北文間運動広場","茨城県龍ケ崎市長沖町1490-2","35.892471","140.15712"
"龍ケ崎市立長山中学校","茨城県龍ケ崎市長山3-1","35.942225","140.156287"
"龍ケ崎市立長山小学校","茨城県龍ケ崎市長山5-7-1","35.9467","140.157027"
"蛇沼公園","茨城県龍ケ崎市長山8-20","35.942948","140.162746"
"龍ケ崎市立八原小学校","茨城県龍ケ崎市藤ケ丘1-22-4","35.933537","140.200819"
"貝原塚西公園","茨城県龍ケ崎市藤ケ丘6-11-13","35.931777","140.196555"
"長峰西公園","茨城県龍ケ崎市白羽2-11","35.92342","140.221033"
"長峰東公園","茨城県龍ケ崎市白羽3-21-2","35.920919","140.230265"
"工業団地運動公園","茨城県龍ケ崎市薄倉町2364-1","35.935194","140.22521"
"長戸コミュニティセンター（旧龍ケ崎市立長戸小学校）","茨城県龍ケ崎市半田町65","35.926793","140.239124"
"農業公園","茨城県龍ケ崎市板橋町440","35.932171","140.248899"
"龍ケ崎市立馴馬台小学校","茨城県龍ケ崎市平台4-23-1","35.923129","140.166332"
"流通経済大学","茨城県龍ケ崎市平畑120","35.916757","140.189785"
"茨城県立竜ヶ崎第一高等学校","茨城県龍ケ崎市平畑248","35.915022","140.18728"
"茨城県立竜ヶ崎南高等学校","茨城県龍ケ崎市北方町120","35.881131","140.160594"