"施設名","所在地","緯度","経度"
"太田市沢野行政センター","群馬県太田市高林西町882-5","36.259156","139.365831"
"太田市立南小学校","群馬県太田市高林東町1372","36.255749","139.376412"
"太田市立南中学校","群馬県太田市高林北町955-1","36.262047","139.363575"
"調公園","埼玉県さいたま市浦和区岸町3-17","35.853513","139.656344"
"県立浦和第一女子高等学校","埼玉県さいたま市浦和区岸町3-8-45","35.852332","139.659631"
"高砂小学校","埼玉県さいたま市浦和区岸町4-1-29","35.856221","139.656549"
"岸町小学校","埼玉県さいたま市浦和区岸町5-20-4","35.850902","139.650366"
"駒場運動公園","埼玉県さいたま市浦和区駒場2-1","35.871323","139.664622"
"駒場緑地","埼玉県さいたま市浦和区駒場2-4","35.872816","139.6631"
"浦和総合運動場","埼玉県さいたま市浦和区元町1","35.869357","139.657733"
"浦和高等学校","埼玉県さいたま市浦和区元町1-28-17","35.870866","139.657785"
"上木崎小学校","埼玉県さいたま市浦和区上木崎3-4-3","35.887565","139.642364"
"常盤公園","埼玉県さいたま市浦和区常盤1-8","35.862289","139.650704"
"埼玉大学教育学部附属小学校","埼玉県さいたま市浦和区常盤6-9-44","35.861959","139.642666"
"仲町小学校","埼玉県さいたま市浦和区常盤8-18-4","35.863758","139.640998"
"北浦和公園・浦和北公園","埼玉県さいたま市浦和区常盤9-30","35.869994","139.643675"
"常盤小学校","埼玉県さいたま市浦和区常盤9-30-9","35.868517","139.643764"
"常盤中学校","埼玉県さいたま市浦和区針ケ谷4-1-9","35.877559","139.639438"
"常盤北小学校","埼玉県さいたま市浦和区針ケ谷4-2-12","35.879332","139.639058"
"木崎中学校","埼玉県さいたま市浦和区瀬ケ崎2-17-1","35.87941","139.661495"
"大原中学校","埼玉県さいたま市浦和区大原3-1-11","35.893602","139.648184"
"大原スポーツ広場一帯","埼玉県さいたま市浦和区大原３－１０３－３外","35.896253","139.649589"
"大東小学校","埼玉県さいたま市浦和区大東3-14-1","35.882968","139.664603"
"北浦和小学校","埼玉県さいたま市浦和区北浦和2-18-3","35.876927","139.648718"
"仲本小学校","埼玉県さいたま市浦和区本太2-12-31","35.861364","139.661135"
"本太小学校","埼玉県さいたま市浦和区本太2-26-25","35.865905","139.657127"
"県立浦和西高等学校","埼玉県さいたま市浦和区木崎3-1-1","35.889065","139.654331"
"本太中学校","埼玉県さいたま市浦和区領家1-4-15","35.873229","139.659033"
"木崎小学校","埼玉県さいたま市浦和区領家4-19-4","35.882653","139.652407"
"県立浦和高等学校","埼玉県さいたま市浦和区領家5-3-3","35.877512","139.651556"
"針ヶ谷小学校","埼玉県さいたま市浦和区領家7-2-1","35.88142","139.649049"
"西原中学校","埼玉県さいたま市岩槻区岩槻3750","35.95572","139.681262"
"城北小学校","埼玉県さいたま市岩槻区岩槻6619","35.961643","139.693811"
"和土小学校","埼玉県さいたま市岩槻区黒谷1353","35.925493","139.720115"
"城南中学校","埼玉県さいたま市岩槻区笹久保577","35.914327","139.726747"
"慈恩寺小学校","埼玉県さいたま市岩槻区慈恩寺259","35.981235","139.707862"
"上里小学校","埼玉県さいたま市岩槻区上里2-2","35.96522","139.705138"
"県立岩槻高等学校","埼玉県さいたま市岩槻区城南1-3-38","35.941866","139.703221"
"柏陽中学校","埼玉県さいたま市岩槻区真福寺454","35.935499","139.703318"
"東岩槻小学校","埼玉県さいたま市岩槻区諏訪2-6-1","35.969758","139.709141"
"岩槻諏訪公園","埼玉県さいたま市岩槻区諏訪4-4","35.968941","139.70541"
"西原小学校","埼玉県さいたま市岩槻区西原6-25","35.953079","139.683756"
"岩槻文化公園","埼玉県さいたま市岩槻区村国229","35.945148","139.720324"
"県立岩槻商業高等学校","埼玉県さいたま市岩槻区太田1-4-1","35.950149","139.705861"
"岩槻城址公園","埼玉県さいたま市岩槻区太田3-4","35.950409","139.710066"
"北部工業団地記念公園","埼玉県さいたま市岩槻区大字古ケ場1-2-1","35.97789","139.691883"
"和土住宅公園","埼玉県さいたま市岩槻区大字黒谷636-1","35.925632","139.72687"
"慈恩寺親水公園","埼玉県さいたま市岩槻区大字小溝459-1","35.979614","139.716193"
"川通公園","埼玉県さいたま市岩槻区大字長宮825-5","35.951087","139.72928"
"開智学園","埼玉県さいたま市岩槻区大字徳力186","35.972484","139.714916"
"川通小学校","埼玉県さいたま市岩槻区大野島422-1","35.941492","139.731208"
"岩槻中学校","埼玉県さいたま市岩槻区仲町1-14-35","35.948748","139.702819"
"太田小学校","埼玉県さいたま市岩槻区仲町1-17-3","35.947568","139.70424"
"川通中学校","埼玉県さいたま市岩槻区長宮435","35.94754","139.732163"
"徳力小学校","埼玉県さいたま市岩槻区徳力136-4","35.973648","139.716479"
"城南小学校","埼玉県さいたま市岩槻区南下新井1191-1","35.93506","139.712829"
"南平野公園","埼玉県さいたま市岩槻区南平野2-26","35.955435","139.717756"
"柏崎小学校","埼玉県さいたま市岩槻区柏崎762","35.933207","139.701237"
"新和小学校","埼玉県さいたま市岩槻区尾ケ崎1252","35.910348","139.732834"
"桜山中学校","埼玉県さいたま市岩槻区表慈恩寺684-1","35.972163","139.711389"
"河合小学校","埼玉県さいたま市岩槻区平林寺351","35.966804","139.671786"
"城北中学校","埼玉県さいたま市岩槻区本宿392-1","35.964904","139.688707"
"岩槻小学校","埼玉県さいたま市岩槻区本町5-6-45","35.952976","139.699267"
"慈恩寺中学校","埼玉県さいたま市岩槻区裏慈恩寺505","35.98489","139.704794"
"春岡小学校","埼玉県さいたま市見沼区春岡2-29-1","35.949145","139.662004"
"春岡中央公園","埼玉県さいたま市見沼区春岡3-42-1","35.947637","139.658896"
"春野小学校","埼玉県さいたま市見沼区春野1-10-1","35.956757","139.668158"
"アーバンみらい公園","埼玉県さいたま市見沼区春野1-1634-3","35.957361","139.666153"
"春野中学校","埼玉県さいたま市見沼区春野2-2-1","35.95622","139.662802"
"観音寺下公園","埼玉県さいたま市見沼区深作2-7","35.95223","139.668173"
"鎌倉公園","埼玉県さいたま市見沼区大字御蔵1393-1","35.904445","139.665358"
"片柳中学校","埼玉県さいたま市見沼区大字御蔵551","35.906573","139.673811"
"春里中学校","埼玉県さいたま市見沼区大字小深作268-19","35.940731","139.664434"
"芝浦工業大学","埼玉県さいたま市見沼区大字深作307","35.952063","139.655406"
"七里総合公園","埼玉県さいたま市見沼区大字大谷","35.923576","139.680279"
"大谷中学校","埼玉県さいたま市見沼区大字大谷1634-2","35.925058","139.666943"
"大谷小学校","埼玉県さいたま市見沼区大字大谷18","35.921217","139.665312"
"東宮下小学校","埼玉県さいたま市見沼区大字東宮下215-1","35.925672","139.678163"
"七里小学校","埼玉県さいたま市見沼区大字東宮下312","35.929128","139.676467"
"片柳小学校","埼玉県さいたま市見沼区大字東新井244-1","35.910529","139.670886"
"海老沼小学校","埼玉県さいたま市見沼区大字東新井710-5","35.908082","139.660374"
"大宮八幡中学校","埼玉県さいたま市見沼区大字南中丸357","35.918861","139.653318"
"県立大宮東高等学校","埼玉県さいたま市見沼区大字膝子567","35.92731","139.685514"
"蓮沼小学校","埼玉県さいたま市見沼区大字蓮沼1070","35.934452","139.6618"
"県立大宮商業高等学校","埼玉県さいたま市見沼区大和田町1-356","35.927307","139.644523"
"大砂土東小学校","埼玉県さいたま市見沼区大和田町2-998","35.937109","139.646844"
"島小学校","埼玉県さいたま市見沼区島町533-2","35.946617","139.652333"
"七里中学校","埼玉県さいたま市見沼区東宮下1-1-1","35.927406","139.680578"
"大砂土中学校","埼玉県さいたま市見沼区東大宮1-100-1","35.937585","139.644734"
"堀の内公園","埼玉県さいたま市見沼区東大宮2-15","35.94614","139.636928"
"見沼小学校","埼玉県さいたま市見沼区東大宮2-45","35.948376","139.632451"
"東大宮中央公園","埼玉県さいたま市見沼区東大宮5-42-1","35.949353","139.644541"
"藁田島公園","埼玉県さいたま市見沼区東大宮6-42","35.951679","139.650351"
"砂中央公園","埼玉県さいたま市見沼区東大宮7-42","35.94032","139.646638"
"堀崎公園","埼玉県さいたま市見沼区堀崎町12-1","35.936234","139.653336"
"栄和小学校","埼玉県さいたま市桜区栄和1-7-1","35.86135","139.617705"
"埼玉大学","埼玉県さいたま市桜区下大久保255","35.862709","139.607595"
"大久保小学校","埼玉県さいたま市桜区五関21","35.87178","139.598312"
"大久保中学校","埼玉県さいたま市桜区五関282","35.867107","139.597242"
"県立浦和北高等学校","埼玉県さいたま市桜区五関595","35.867168","139.59408"
"上大久保中学校","埼玉県さいたま市桜区上大久保861-1","35.872407","139.615885"
"新開小学校","埼玉県さいたま市桜区新開2-18-1","35.850546","139.61811"
"神田小学校","埼玉県さいたま市桜区神田541-1","35.874817","139.607456"
"旧県立浦和工業高等学校","埼玉県さいたま市桜区西堀5-1-1","35.853485","139.625619"
"土合小学校","埼玉県さいたま市桜区西堀7-21-1","35.857526","139.627021"
"西堀高沼公園","埼玉県さいたま市桜区西堀8-2019-2","35.858618","139.635181"
"大久保東小学校","埼玉県さいたま市桜区大久保領家331","35.871097","139.603238"
"千貫樋水郷公園","埼玉県さいたま市桜区大字五関字中島地内","35.863416","139.597028"
"荒川総合運動公園通り","埼玉県さいたま市桜区大字在家137","35.877723","139.593872"
"荒川総合運動公園","埼玉県さいたま市桜区大字在家591","35.874707","139.58199"
"荒川彩湖公園","埼玉県さいたま市桜区大字田島3513-1","35.837098","139.619993"
"桜草公園","埼玉県さいたま市桜区大字田島3542-1","35.83715","139.613341"
"中島小学校","埼玉県さいたま市桜区中島1-28-1","35.86519","139.624049"
"土合中学校","埼玉県さいたま市桜区町谷1-19-1","35.860617","139.623109"
"田島小学校","埼玉県さいたま市桜区田島10-12-1","35.837569","139.623576"
"田島中学校","埼玉県さいたま市桜区田島10-13-1","35.838295","139.623045"
"宮前中学校","埼玉県さいたま市西区宮前町1467-1","35.929317","139.598056"
"宮前小学校","埼玉県さいたま市西区宮前町341","35.923645","139.594896"
"大宮西小学校","埼玉県さいたま市西区三橋5-1359","35.903888","139.591026"
"三橋総合公園","埼玉県さいたま市西区三橋5-190","35.91377","139.59564"
"大宮西中学校","埼玉県さいたま市西区三橋6-1558","35.919774","139.58956"
"指扇小学校","埼玉県さいたま市西区西大宮1-49-6","35.922451","139.573044"
"埼玉栄中学・高等学校","埼玉県さいたま市西区西大宮3-11-1","35.926438","139.579352"
"指扇中学校","埼玉県さいたま市西区西大宮3-31-1","35.927486","139.576675"
"西遊馬公園","埼玉県さいたま市西区西遊馬３４３３－１外","35.904599","139.560851"
"植水中学校","埼玉県さいたま市西区大字三条町345-1","35.886553","139.583846"
"県立大宮南高等学校","埼玉県さいたま市西区大字植田谷本793","35.889074","139.58979"
"鴨川みずべの里","埼玉県さいたま市西区大字水判土109-1","35.897272","139.597225"
"県立大宮武蔵野高等学校","埼玉県さいたま市西区大字西遊馬1601","35.909112","139.560891"
"馬宮東小学校","埼玉県さいたま市西区大字西遊馬189-1","35.903727","139.571495"
"指扇北小学校","埼玉県さいたま市西区大字中釘1506-1","35.933251","139.572127"
"秋葉の森総合公園","埼玉県さいたま市西区大字中釘188-2","35.936042","139.565471"
"県立大宮光陵高等学校","埼玉県さいたま市西区大字中野林145","35.895383","139.589405"
"植水小学校","埼玉県さいたま市西区大字中野林225-1","35.894008","139.594654"
"土屋中学校","埼玉県さいたま市西区大字土屋1766-1","35.911585","139.571817"
"馬宮中学校","埼玉県さいたま市西区大字二ツ宮589-1","35.898718","139.580033"
"栄小学校","埼玉県さいたま市西区大字飯田811","35.906906","139.582921"
"馬宮西小学校","埼玉県さいたま市西区大字飯田新田189-2","35.886118","139.559511"
"宝来運動公園","埼玉県さいたま市西区大字宝来2022-1","35.933332","139.550729"
"県立大宮北特別支援学校","埼玉県さいたま市西区中釘後谷2290-1","35.942926","139.574465"
"大宮南小学校","埼玉県さいたま市大宮区吉敷町3-87","35.900473","139.633864"
"大宮北小学校","埼玉県さいたま市大宮区宮町3-84","35.911678","139.627548"
"大宮公園","埼玉県さいたま市大宮区高鼻町","35.918531","139.631669"
"桜木中学校","埼玉県さいたま市大宮区桜木町4-219","35.904864","139.616845"
"桜木小学校","埼玉県さいたま市大宮区桜木町4-328-9","35.903217","139.617186"
"三橋中学校","埼玉県さいたま市大宮区三橋1-1300","35.904588","139.602865"
"大平公園","埼玉県さいたま市大宮区三橋1-55","35.909057","139.605607"
"三橋小学校","埼玉県さいたま市大宮区三橋2-20","35.903375","139.604848"
"大宮国際中等教育学校","埼玉県さいたま市大宮区三橋4-96","35.895842","139.599516"
"大和田公園","埼玉県さいたま市大宮区寿能町","35.921427","139.641165"
"大宮第二公園","埼玉県さいたま市大宮区寿能町","35.918427","139.640789"
"大宮北中学校","埼玉県さいたま市大宮区寿能町1-21","35.921702","139.632042"
"上小小学校","埼玉県さいたま市大宮区上小町1337-1","35.896383","139.617203"
"大成小学校","埼玉県さいたま市大宮区大成町2-282","35.914257","139.614025"
"大成中学校","埼玉県さいたま市大宮区大成町2-379","35.91301","139.612088"
"大宮小学校","埼玉県さいたま市大宮区大門町3-3","35.906452","139.630413"
"氷川緑地","埼玉県さいたま市大宮区大門町3-47","35.908948","139.630833"
"天沼緑地","埼玉県さいたま市大宮区天沼町1-676-1","35.910271","139.644962"
"第二東中学校","埼玉県さいたま市大宮区天沼町1-760","35.909005","139.646665"
"芝川小学校","埼玉県さいたま市大宮区天沼町2-1077","35.905207","139.645917"
"県立大宮高等学校","埼玉県さいたま市大宮区天沼町2-323","35.899903","139.638378"
"大宮南中学校","埼玉県さいたま市大宮区天沼町2-362","35.898853","139.638299"
"合併記念見沼公園","埼玉県さいたま市大宮区天沼町１－９４１外","35.905783","139.647548"
"さいたま新都心公園","埼玉県さいたま市大宮区北袋町1-190-24","35.893196","139.639092"
"大宮東中学校","埼玉県さいたま市大宮区堀の内町1-99","35.908411","139.635761"
"大宮東小学校","埼玉県さいたま市大宮区堀の内町3-145","35.913751","139.635919"
"大宮第三公園","埼玉県さいたま市大宮区堀の内町地内","35.915195","139.642376"
"与野西北小学校","埼玉県さいたま市中央区円阿弥4-3-7","35.887584","139.608522"
"県立いずみ高等学校","埼玉県さいたま市中央区円阿弥7-4-1","35.893975","139.611813"
"与野東中学校","埼玉県さいたま市中央区下落合3-21-10","35.888051","139.632127"
"下落合環境空間緑道","埼玉県さいたま市中央区下落合4-35-3","35.8868","139.626218"
"下落合小学校","埼玉県さいたま市中央区上落合1-7-33","35.889637","139.631713"
"上落合小学校","埼玉県さいたま市中央区上落合4-14-24","35.893829","139.625772"
"大戸小学校","埼玉県さいたま市中央区新中里1-6-28","35.872131","139.636184"
"与野中央公園","埼玉県さいたま市中央区新中里4-7-2","35.877707","139.631615"
"大戸公園","埼玉県さいたま市中央区大戸2-1225-1","35.864121","139.634996"
"与野南中学校","埼玉県さいたま市中央区大戸2-6-25","35.86542","139.634538"
"与野南小学校","埼玉県さいたま市中央区大戸6-2-25","35.866712","139.634891"
"八王子公園","埼玉県さいたま市中央区八王子4-2","35.880214","139.608309"
"八王子中学校","埼玉県さいたま市中央区八王子4-2-1","35.878271","139.608782"
"与野公園","埼玉県さいたま市中央区本町西1-14","35.881663","139.618201"
"県立与野高等学校","埼玉県さいたま市中央区本町西2-8-1","35.884132","139.617814"
"与野本町小学校","埼玉県さいたま市中央区本町東3-5-23","35.883337","139.622914"
"与野八幡小学校","埼玉県さいたま市中央区本町東5-23-14","35.890359","139.622187"
"鈴谷小学校","埼玉県さいたま市中央区鈴谷5-1-1","35.870833","139.631654"
"与野西中学校","埼玉県さいたま市中央区鈴谷8-10-33","35.877485","139.623706"
"西浦和小学校","埼玉県さいたま市南区曲本1-3-5","35.838001","139.630358"
"大谷口中学校","埼玉県さいたま市南区広ケ谷戸21","35.863094","139.682605"
"大谷口小学校","埼玉県さいたま市南区広ケ谷戸24","35.862196","139.68337"
"沼影小学校","埼玉県さいたま市南区沼影2-8-36","35.83904","139.646724"
"善前小学校","埼玉県さいたま市南区太田窪2500-1","35.853736","139.68581"
"谷田小学校","埼玉県さいたま市南区太田窪5-10-6","35.855818","139.678505"
"明花公園","埼玉県さいたま市南区大字大谷口5732","35.854653","139.693728"
"大谷口公園","埼玉県さいたま市南区大字大谷口5736-1","35.853642","139.691274"
"向小学校","埼玉県さいたま市南区大谷口5437","35.857746","139.695848"
"浦和競馬場","埼玉県さいたま市南区大谷場1-8-42","35.857874","139.670543"
"大谷場東小学校","埼玉県さいたま市南区大谷場2-13-54","35.853731","139.675149"
"大谷場中学校","埼玉県さいたま市南区大谷場2-13-54","35.854331","139.67428"
"南浦和中学校","埼玉県さいたま市南区辻6-1-33","35.83438","139.656963"
"辻小学校","埼玉県さいたま市南区辻6-3-28","35.832893","139.658559"
"浦和南高等学校","埼玉県さいたま市南区辻6-5-31","35.832084","139.657018"
"辻南小学校","埼玉県さいたま市南区辻8-7-32","35.831785","139.664725"
"内谷中学校","埼玉県さいたま市南区内谷6-10-1","35.835659","139.647913"
"大谷場小学校","埼玉県さいたま市南区南浦和1-18-3","35.852497","139.668892"
"舟山公園","埼玉県さいたま市南区南浦和3-38","35.847409","139.675509"
"岸中学校","埼玉県さいたま市南区南本町2-25-27","35.85019","139.665619"
"南浦和小学校","埼玉県さいたま市南区白幡1-1-20","35.845748","139.65788"
"白幡中学校","埼玉県さいたま市南区白幡2-18-13","35.849042","139.652734"
"文蔵小学校","埼玉県さいたま市南区文蔵5-16-29","35.834854","139.673641"
"浦和別所小学校","埼玉県さいたま市南区別所2-5-34","35.849153","139.647893"
"別所沼公園","埼玉県さいたま市南区別所4-12","35.856176","139.640752"
"埼玉大学教育学部附属中学校","埼玉県さいたま市南区別所4-2-5","35.855745","139.643994"
"浦和大里小学校","埼玉県さいたま市南区別所7-14-28","35.845145","139.644172"
"吉野公園","埼玉県さいたま市北区吉野町1-379-1","35.95279","139.61237"
"前谷公園","埼玉県さいたま市北区吉野町1-8-5","35.947571","139.618766"
"つつじヶ丘公園","埼玉県さいたま市北区吉野町2-213","35.958464","139.605192"
"きたまちしましま公園","埼玉県さいたま市北区宮原町1-859","35.931641","139.622547"
"東宮原ぼうさい広場","埼玉県さいたま市北区宮原町2-125-1","35.943125","139.619918"
"宮原公園・宮原南公園","埼玉県さいたま市北区宮原町2-79","35.941484","139.617447"
"つばさ小学校","埼玉県さいたま市北区宮原町3-902-4","35.932896","139.610741"
"宮原小学校","埼玉県さいたま市北区宮原町4-102-6","35.948989","139.606591"
"宮原中学校","埼玉県さいたま市北区宮原町4-129","35.951981","139.606166"
"松原公園","埼玉県さいたま市北区宮原町4-42","35.946462","139.614603"
"県立大宮中央高等学校","埼玉県さいたま市北区櫛引町2-499-1","35.920405","139.609955"
"日進中学校","埼玉県さいたま市北区櫛引町2-503-1","35.921218","139.609821"
"市民の森・見沼グリーンセンター","埼玉県さいたま市北区見沼2-94","35.932604","139.639163"
"土呂中学校","埼玉県さいたま市北区見沼3-75","35.938498","139.638028"
"泰平小学校","埼玉県さいたま市北区今羽町628","35.949674","139.626378"
"植竹小学校","埼玉県さいたま市北区植竹町2-1","35.929519","139.626224"
"県立大宮ろう学園","埼玉県さいたま市北区植竹町2-68","35.932095","139.626503"
"土呂公園","埼玉県さいたま市北区土呂町1-42","35.9348","139.63092"
"植竹中学校","埼玉県さいたま市北区土呂町352","35.933529","139.627288"
"東大成小学校","埼玉県さいたま市北区東大成町2-12","35.924642","139.618876"
"三貫清水緑地","埼玉県さいたま市北区奈良町57-1","35.942431","139.600917"
"大宮北高等学校","埼玉県さいたま市北区奈良町91-1","35.945611","139.600466"
"日進公園","埼玉県さいたま市北区日進町1-311","35.921903","139.604149"
"農業機械研究部門","埼玉県さいたま市北区日進町1-40-2","35.916881","139.604318"
"番場公園","埼玉県さいたま市北区日進町2-1435-1","35.933008","139.599145"
"うねうね公園","埼玉県さいたま市北区日進町2-1916-3","35.934513","139.609011"
"日進小学校","埼玉県さいたま市北区日進町2-911","35.924925","139.607428"
"日進北小学校","埼玉県さいたま市北区日進町3-178","35.936611","139.603839"
"大宮別所小学校","埼玉県さいたま市北区別所町42-1","35.954679","139.597539"
"大砂土小学校","埼玉県さいたま市北区本郷町1","35.937183","139.627472"
"県立大宮科学技術高等学校","埼玉県さいたま市北区本郷町1970","35.947619","139.628684"
"泰平中学校","埼玉県さいたま市北区本郷町1991","35.949316","139.627337"
"本郷第１公園","埼玉県さいたま市北区本郷町890-1","35.946774","139.623132"
"原山小学校","埼玉県さいたま市緑区原山1-30-12","35.866003","139.670554"
"三室小学校","埼玉県さいたま市緑区三室1994","35.883587","139.682264"
"県立浦和東高等学校","埼玉県さいたま市緑区寺山365","35.908942","139.707424"
"松芝公園","埼玉県さいたま市緑区芝原2-4-2","35.88259","139.691114"
"芝原小学校","埼玉県さいたま市緑区芝原2-5","35.881815","139.69186"
"野田小学校","埼玉県さいたま市緑区上野田16","35.90065","139.703713"
"原山中学校","埼玉県さいたま市緑区太田窪1-10-22","35.866934","139.666895"
"浦和学院高等学校","埼玉県さいたま市緑区代山172","35.90007","139.707487"
"美園中学校","埼玉県さいたま市緑区大崎2550-3","35.892537","139.712715"
"県立浦和特別支援学校","埼玉県さいたま市緑区大崎58","35.881673","139.716222"
"美園台公園","埼玉県さいたま市緑区大字下野田５５０外","35.895312","139.724333"
"見沼氷川公園","埼玉県さいたま市緑区大字見沼500","35.885975","139.694469"
"三浦運動公園","埼玉県さいたま市緑区大字三浦6836-1","35.897736","139.664001"
"さぎ山記念公園・見沼自然公園","埼玉県さいたま市緑区大字上野田362-1","35.906091","139.696866"
"見沼臨時グラウンド","埼玉県さいたま市緑区大字新宿地内","35.892967","139.679549"
"大間木公園","埼玉県さいたま市緑区大字大間木1947","35.86473","139.710453"
"大崎公園","埼玉県さいたま市緑区大字大崎","35.884433","139.71423"
"美園臨時グラウンド","埼玉県さいたま市緑区大字大門2822-1","35.886925","139.730781"
"大門小学校","埼玉県さいたま市緑区大門1189","35.881173","139.733479"
"東浦和中学校","埼玉県さいたま市緑区中尾1207-1","35.874925","139.683937"
"中尾小学校","埼玉県さいたま市緑区中尾2596-1","35.868466","139.682483"
"井沼方公園","埼玉県さいたま市緑区東浦和2-15-1","35.861973","139.70097"
"尾間木中学校","埼玉県さいたま市緑区東浦和4-29-1","35.869257","139.698524"
"東浦和中央公園","埼玉県さいたま市緑区東浦和4-4-1","35.86549","139.70126"
"大牧小学校","埼玉県さいたま市緑区東浦和6-12-3","35.873101","139.706746"
"尾間木小学校","埼玉県さいたま市緑区東浦和8-11-5","35.868816","139.696964"
"道祖土小学校","埼玉県さいたま市緑区道祖土1-1-1","35.875153","139.668384"
"三室中学校","埼玉県さいたま市緑区馬場1-38-2","35.887338","139.684382"
"美園北小学校","埼玉県さいたま市緑区美園2-12-11","35.901046","139.723"
"美園小学校","埼玉県さいたま市緑区美園5-33","35.890549","139.735031"
"美園南中学校","埼玉県さいたま市緑区美園6-15","35.88561","139.736271"
"体育センター（せせらぎホール）","埼玉県ときがわ町大字関堀148-1","36.00335","139.274424"
"保健センター","埼玉県ときがわ町大字関堀151-1","36.002978","139.273984"
"関堀集落センター","埼玉県ときがわ町大字関堀32-2","36.002892","139.278089"
"明覚小学校","埼玉県ときがわ町大字関堀65","36.003322","139.27669"
"明覚小学校（校庭）","埼玉県ときがわ町大字関堀65","36.002989","139.276546"
"玉川中学校","埼玉県ときがわ町大字玉川1385-2","36.00985","139.299493"
"玉川中学校（校庭）","埼玉県ときがわ町大字玉川1385-2","36.009599","139.29964"
"一ト市コミュニティセンター","埼玉県ときがわ町大字玉川1600-1","36.008776","139.301397"
"仲井分館","埼玉県ときがわ町大字玉川2436","36.006279","139.297885"
"玉川公民館","埼玉県ときがわ町大字玉川2485","36.008128","139.297185"
"文化センター（アスピアたまがわ）","埼玉県ときがわ町大字玉川2510","36.008038","139.296083"
"活き生き活動センター","埼玉県ときがわ町大字玉川2515","36.008931","139.29624"
"玉川小学校","埼玉県ときがわ町大字玉川2666","36.009461","139.293355"
"玉川小学校（校庭）","埼玉県ときがわ町大字玉川2666","36.009343","139.293378"
"玉川保育園","埼玉県ときがわ町大字玉川2685-2","36.010137","139.294163"
"春日集落センター","埼玉県ときがわ町大字玉川4615","36.016018","139.301188"
"玉川運動場（運動場）","埼玉県ときがわ町大字玉川882","36.011682","139.310286"
"勤労福祉センター","埼玉県ときがわ町大字玉川89-3","36.012716","139.312316"
"五明地域運動場（運動場）","埼玉県ときがわ町大字五明1402-2","36.02156","139.271372"
"ふれあいセンター田黒","埼玉県ときがわ町大字田黒272-10","36.023096","139.303334"
"田黒地域運動場（運動場）","埼玉県ときがわ町大字田黒689","36.021319","139.301168"
"田中集会所","埼玉県ときがわ町大字田中216-1","36.004734","139.274607"
"都幾川公民館","埼玉県ときがわ町大字桃木32","36.00419","139.273696"
"都幾川中学校（校庭）","埼玉県ときがわ町大字桃木50","36.004486","139.269983"
"都幾川中学校","埼玉県ときがわ町大字桃木50","36.004766","139.269996"
"桃木中央会館","埼玉県ときがわ町大字桃木90-1","36.003562","139.268644"
"日影分館","埼玉県ときがわ町大字日影731","36.022839","139.263501"
"馬場公会堂","埼玉県ときがわ町大字馬場100-1","36.001167","139.281116"
"番匠文化センター","埼玉県ときがわ町大字番匠459-1","36.002897","139.289114"
"椚平文化センター","埼玉県ときがわ町大字椚平522","35.976216","139.221815"
"西ノ原中央公園","埼玉県ふじみ野市うれし野1-5-1","35.855462","139.519773"
"東久保中央公園","埼玉県ふじみ野市ふじみ野1-3","35.858941","139.514881"
"亀久保小学校","埼玉県ふじみ野市ふじみ野2-22-1","35.863374","139.515765"
"大井東中学校","埼玉県ふじみ野市ふじみ野3-2-1","35.861099","139.516583"
"西中央公園","埼玉県ふじみ野市霞ケ丘2-1791-21","35.874164","139.508004"
"亀久保中央公園","埼玉県ふじみ野市亀久保1-2","35.85859","139.509564"
"文京学院大学第１グラウンド","埼玉県ふじみ野市亀久保1150-13","35.854003","139.502488"
"三角小学校","埼玉県ふじみ野市亀久保1709-1","35.858332","139.489896"
"駒西小学校","埼玉県ふじみ野市駒西3-6-1","35.867978","139.522471"
"さぎの森小学校","埼玉県ふじみ野市駒林28","35.869709","139.539397"
"駒林体育館","埼玉県ふじみ野市駒林28","35.869769","139.539973"
"市沢公園","埼玉県ふじみ野市市沢2-5-5","35.853784","139.523797"
"福岡中央公園","埼玉県ふじみ野市上野台1-3-1","35.875509","139.516374"
"福岡中学校","埼玉県ふじみ野市上野台3-3-1","35.876215","139.522622"
"西小学校","埼玉県ふじみ野市西2-10-25","35.872218","139.505223"
"福岡小学校","埼玉県ふじみ野市西原2-6-1","35.874458","139.527897"
"西鶴ケ岡公園","埼玉県ふじみ野市西鶴ケ岡2-741-11","35.863109","139.497575"
"葦原中学校","埼玉県ふじみ野市川崎310","35.888693","139.517452"
"県立ふじみ野高等学校","埼玉県ふじみ野市大井1158-1","35.849877","139.511536"
"東原親水公園","埼玉県ふじみ野市大井2-13-1","35.850934","139.522146"
"東原小学校","埼玉県ふじみ野市大井2-9-1","35.851886","139.520712"
"東台小学校","埼玉県ふじみ野市大井710-1","35.848236","139.523188"
"市民憩の森","埼玉県ふじみ野市大井中央1-1094-3","35.856311","139.505787"
"文京学院大学第２グラウンド","埼玉県ふじみ野市大井中央1-1168-11","35.855277","139.505299"
"西原小学校","埼玉県ふじみ野市大井武蔵野1322-4","35.851038","139.499634"
"総合体育館","埼玉県ふじみ野市大井武蔵野1392-1","35.843967","139.487439"
"大井西中学校","埼玉県ふじみ野市大井武蔵野408-1","35.854713","139.493618"
"花の木中学校","埼玉県ふじみ野市中福岡213-1","35.876663","139.535275"
"鶴ヶ丘小学校","埼玉県ふじみ野市鶴ケ岡1-3-1","35.86377","139.505411"
"鶴ケ岡中央公園","埼玉県ふじみ野市鶴ケ岡2-5","35.865262","139.506052"
"大井中学校","埼玉県ふじみ野市苗間24-1","35.852716","139.511404"
"大井小学校","埼玉県ふじみ野市苗間37","35.854667","139.514574"
"上野台体育館","埼玉県ふじみ野市福岡1-1-3","35.878758","139.519301"
"上野台小学校","埼玉県ふじみ野市福岡1-2-1","35.878453","139.521145"
"ふじみ野市第２運動公園","埼玉県ふじみ野市福岡字川袋5-1","35.87172","139.550053"
"志の崎児童公園","埼玉県伊奈町栄1-112","35.972527","139.635389"
"中島児童公園","埼玉県伊奈町栄2-88","35.97392","139.638989"
"南小学校グラウンド","埼玉県伊奈町栄4-1","35.98368","139.639654"
"南小学校","埼玉県伊奈町栄4-1","35.983929","139.639845"
"南部大公園","埼玉県伊奈町栄4-181","35.982585","139.640604"
"小針中学校グラウンド","埼玉県伊奈町学園2-207","36.009293","139.61491"
"小針中学校","埼玉県伊奈町学園2-207","36.009803","139.615543"
"県立伊奈学園総合高等学校グラウンド","埼玉県伊奈町学園4-1-1","36.016317","139.612403"
"県立伊奈学園総合高等学校","埼玉県伊奈町学園4-1-1","36.013507","139.612827"
"下宿児童公園","埼玉県伊奈町寿1-170","36.006139","139.601309"
"宮前児童公園","埼玉県伊奈町寿1-430","36.009012","139.602661"
"北部区画整理組合事業完成記念児童公園","埼玉県伊奈町寿2-358","36.004513","139.604082"
"小針小学校グラウンド","埼玉県伊奈町寿2-80-1","36.005603","139.602812"
"小針小学校","埼玉県伊奈町寿2-80-1","36.005865","139.602582"
"原児童公園","埼玉県伊奈町寿3-229","36.005859","139.607926"
"向原児童公園","埼玉県伊奈町寿4-33","36.00372","139.607"
"日本薬科大学","埼玉県伊奈町小室10281","35.991608","139.617051"
"国際学院高等学校グラウンド","埼玉県伊奈町小室10474","35.991623","139.613942"
"国際学院高等学校","埼玉県伊奈町小室10474","35.990608","139.613123"
"栄北高等学校","埼玉県伊奈町小室1123","35.983366","139.62404"
"ふれあい活動センター","埼玉県伊奈町小室2450-1","35.978521","139.637487"
"南中学校","埼玉県伊奈町小室3001","35.98333","139.63268"
"南中学校グラウンド","埼玉県伊奈町小室3001","35.982775","139.631951"
"伊奈中学校","埼玉県伊奈町小室5166","35.997569","139.622917"
"伊奈中学校グラウンド","埼玉県伊奈町小室5166","35.997306","139.623609"
"小室小学校","埼玉県伊奈町小室7981","35.991896","139.629983"
"小室小学校グラウンド","埼玉県伊奈町小室7981","35.991353","139.63042"
"町制施行記念公園","埼玉県伊奈町小針内宿732-1","36.014252","139.608757"
"きんもくせい公園","埼玉県伊奈町西小針4-207-1","36.0208","139.602371"
"小針北小学校","埼玉県伊奈町内宿台5-214-1","36.018245","139.604576"
"小針北小学校グラウンド","埼玉県伊奈町内宿台5-214-1","36.018274","139.605317"
"県民活動総合センター","埼玉県伊奈町内宿台6-26","36.01965","139.607054"
"県民活動総合センターグラウンド","埼玉県伊奈町内宿台6-26","36.020084","139.6053"
"中央児童公園","埼玉県伊奈町本町1-136","35.997797","139.626342"
"西中学校","埼玉県羽生市羽生120","36.175912","139.531302"
"羽生実業高等学校","埼玉県羽生市羽生323","36.178027","139.528189"
"羽生ふじ高等学園","埼玉県羽生市下羽生320-1","36.169263","139.551988"
"羽生第一高等学校","埼玉県羽生市下岩瀬153","36.160572","139.533051"
"手子林小学校","埼玉県羽生市下手子林555","36.153179","139.572549"
"新郷第二小学校","埼玉県羽生市下新郷1099","36.146269","139.522227"
"羽生高等学校","埼玉県羽生市加羽ヶ崎303-1","36.161721","139.542359"
"東中学校","埼玉県羽生市今泉1448","36.172991","139.575315"
"羽生水郷公園","埼玉県羽生市三田ヶ谷地内","36.172453","139.59771"
"小松公園","埼玉県羽生市小松280","36.156395","139.526776"
"小松北公園","埼玉県羽生市小松台1-516-9","36.156421","139.532315"
"小松南公園","埼玉県羽生市小松台1-603-39","36.151579","139.53637"
"小松東公園","埼玉県羽生市小松台2-705-9","36.156236","139.537394"
"羽生西公園","埼玉県羽生市小須賀110","36.180297","139.521648"
"岩瀬小学校","埼玉県羽生市上岩瀬1756","36.163448","139.524539"
"上新郷公園","埼玉県羽生市上新郷1822","36.170353","139.512733"
"新郷第一小学校","埼玉県羽生市上新郷5716","36.174741","139.508266"
"上新郷町並公園","埼玉県羽生市上新郷5988-1","36.178991","139.503396"
"羽生スカイスポーツ公園","埼玉県羽生市常木1175","36.195821","139.603244"
"誠和福祉高等学校","埼玉県羽生市神戸706","36.137536","139.562414"
"須影小学校","埼玉県羽生市須影672","36.150806","139.547213"
"栄町公園","埼玉県羽生市西2-12","36.168659","139.532773"
"小松道上公園","埼玉県羽生市西3-16","36.168096","139.529893"
"新田前公園","埼玉県羽生市西4-8","36.171647","139.528986"
"新田公園","埼玉県羽生市西5-17","36.174782","139.527114"
"大道公園","埼玉県羽生市西5-8","36.174607","139.53029"
"上川崎公園","埼玉県羽生市川崎2-267-1","36.145124","139.536066"
"下川崎公園","埼玉県羽生市川崎2-281-30","36.14139","139.544971"
"上岩瀬産業団地公園","埼玉県羽生市大字上岩瀬737-3","36.169722","139.523438"
"本川俣公園","埼玉県羽生市大字本川俣540-2","36.183784","139.53584"
"大沼公園","埼玉県羽生市大沼2-75","36.168023","139.569774"
"相生町緑地公園","埼玉県羽生市中央1-1537-3","36.171371","139.536419"
"岩瀬第８公園","埼玉県羽生市中岩瀬220","36.159265","139.535823"
"南中学校","埼玉県羽生市中岩瀬226","36.160784","139.537427"
"旧村君小学校","埼玉県羽生市堤107","36.204502","139.586535"
"栃木西公園","埼玉県羽生市東3-13","36.178942","139.54052"
"栃木東公園","埼玉県羽生市東3-19","36.179324","139.542209"
"稲子前公園","埼玉県羽生市東3-45","36.182406","139.54002"
"羽生平和公園","埼玉県羽生市東6-2","36.172348","139.547481"
"城沼公園","埼玉県羽生市東7-8-5","36.169787","139.549205"
"羽生中央公園","埼玉県羽生市東９地内","36.175185","139.554848"
"羽生東小学校","埼玉県羽生市藤井上組270","36.186145","139.562752"
"元町公園","埼玉県羽生市南2-12","36.165748","139.537434"
"小松道下公園","埼玉県羽生市南2-27","36.164896","139.535269"
"旭町公園","埼玉県羽生市南5-13","36.16927","139.543166"
"前谷公園","埼玉県羽生市南6-4-1","36.166087","139.543745"
"羽生南小学校","埼玉県羽生市南6-5-1","36.167265","139.544363"
"宮田１号公園","埼玉県羽生市南7-15-1","36.164091","139.542511"
"宮田２号公園","埼玉県羽生市南7-20-1","36.16303","139.544496"
"宮田３号公園","埼玉県羽生市南8-5-1","36.165195","139.539464"
"空の公園","埼玉県羽生市南羽生1-20-1","36.152232","139.558676"
"太陽の公園","埼玉県羽生市南羽生2-24-1","36.148704","139.562813"
"山の公園","埼玉県羽生市南羽生2-31-13","36.148529","139.559053"
"光の公園","埼玉県羽生市南羽生3-18","36.146599","139.555522"
"風の公園","埼玉県羽生市南羽生4-12-3","36.148726","139.554338"
"羽生北小学校","埼玉県羽生市北2-1-1","36.176017","139.539177"
"大天白公園","埼玉県羽生市北2-9","36.178777","139.538549"
"大和町公園","埼玉県羽生市北3-7","36.178247","139.532971"
"葛西親水公園","埼玉県羽生市本川俣1013-1","36.188299","139.531057"
"川俣小学校","埼玉県羽生市本川俣629","36.183579","139.537191"
"旧三田ヶ谷小学校","埼玉県羽生市弥勒87","36.176129","139.592806"
"稲荷児童公園","埼玉県越生町越生東1-8","35.963812","139.301748"
"神明児童公園","埼玉県越生町越生東3-5-1","35.960523","139.302679"
"五領児童公園","埼玉県越生町越生東5-8-1","35.957279","139.303882"
"武蔵越生高等学校","埼玉県越生町上野東1-3-10","35.952125","139.31126"
"川原田児童公園","埼玉県越生町上野東4-20-1","35.958254","139.307273"
"越生町立梅園小学校","埼玉県越生町大字小杉547","35.96886","139.26953"
"上谷農村公園","埼玉県越生町大字上谷17-1","35.974749","139.271745"
"オーパークおごせ","埼玉県越生町大字上野3083-1","35.946562","139.294771"
"埼玉県立越生高等学校","埼玉県越生町大字西和田600","35.972918","139.301295"
"大満農村広場","埼玉県越生町大字大満257","35.955386","139.263989"
"レイクタウンスポーツ公園","埼玉県越谷市レイクタウン5-10","35.879346","139.828998"
"叡明高等学校","埼玉県越谷市レイクタウン7-2-1","35.875491","139.81661"
"越谷南高等学校","埼玉県越谷市レイクタウン7-9","35.873899","139.82047"
"見田方遺跡公園","埼玉県越谷市レイクタウン8-2","35.877895","139.821285"
"緑の森公園","埼玉県越谷市越ヶ谷2579","35.900334","139.78969"
"越ヶ谷高等学校","埼玉県越谷市越ヶ谷2788-1","35.898761","139.791372"
"中央市民会館","埼玉県越谷市越ヶ谷4-1-1","35.889697","139.791451"
"北部市民会館","埼玉県越谷市恩間181-1","35.92424","139.773007"
"獨協埼玉中学高等学校","埼玉県越谷市恩間新田316","35.939248","139.758641"
"桜井南小学校","埼玉県越谷市下間久里226","35.924311","139.785792"
"桜井地区センター","埼玉県越谷市下間久里792-1","35.929972","139.785547"
"花田小学校","埼玉県越谷市花田4-14-1","35.905449","139.801753"
"蒲生小学校","埼玉県越谷市蒲生旭町1-75","35.869578","139.797961"
"児童館ヒマワリ","埼玉県越谷市蒲生旭町11-35","35.866001","139.798844"
"蒲生交流館","埼玉県越谷市蒲生寿町4-9","35.868942","139.794166"
"中央中学校","埼玉県越谷市宮前1-18-1","35.901015","139.793836"
"宮本小学校","埼玉県越谷市宮本町5-85","35.88997","139.773737"
"しらこばと運動公園","埼玉県越谷市砂原39","35.911798","139.754581"
"千間台中学校","埼玉県越谷市三野宮1141","35.933203","139.756114"
"埼玉県立大学","埼玉県越谷市三野宮820","35.930121","139.755488"
"出羽公園","埼玉県越谷市七左町4-222","35.875029","139.767877"
"西体育館","埼玉県越谷市七左町4-223","35.874018","139.767536"
"出羽地区センター","埼玉県越谷市七左町4-248-1","35.873411","139.76792"
"しらこばと水上公園","埼玉県越谷市小曽川985","35.913217","139.747724"
"科学技術体験センター","埼玉県越谷市新越谷1-59","35.871149","139.783027"
"富士中学校","埼玉県越谷市新越谷1-85","35.877007","139.782833"
"老人福祉センターけやき荘","埼玉県越谷市新川町2-55","35.881851","139.760818"
"西中学校","埼玉県越谷市神明町2-385","35.897826","139.765975"
"越谷西特別支援学校","埼玉県越谷市西新井850-1","35.889321","139.753198"
"西方小学校","埼玉県越谷市西方2-12-1","35.884849","139.796953"
"赤山交流館","埼玉県越谷市赤山町3-128-1","35.884346","139.777983"
"千間台記念会館","埼玉県越谷市千間台西1-9-9","35.935331","139.770592"
"千間台第四公園","埼玉県越谷市千間台西4-2","35.934021","139.763872"
"千間台小学校","埼玉県越谷市千間台西5-4","35.931933","139.764501"
"児童館コスモス","埼玉県越谷市千間台東2-9","35.934923","139.784013"
"南中学校","埼玉県越谷市川柳町1-198","35.874536","139.809493"
"明正小学校","埼玉県越谷市川柳町1-401","35.875126","139.811364"
"川柳小学校","埼玉県越谷市川柳町1-471-1","35.873345","139.813178"
"光陽中学校","埼玉県越谷市川柳町1-498","35.875036","139.812706"
"川柳地区センター","埼玉県越谷市川柳町2-485","35.867359","139.813686"
"老人福祉センターひのき荘","埼玉県越谷市川柳町2-507-1","35.866502","139.811797"
"川柳公園","埼玉県越谷市川柳町4-15-1","35.863767","139.814478"
"南体育館","埼玉県越谷市川柳町4-20","35.864372","139.815292"
"越谷特別支援学校","埼玉県越谷市船渡500","35.932732","139.795531"
"大相模中学校","埼玉県越谷市相模町3-165","35.885938","139.809418"
"大相模地区センター","埼玉県越谷市相模町3-42-1","35.884473","139.808502"
"総合体育館","埼玉県越谷市増林2-33","35.90276","139.813469"
"増林小学校","埼玉県越谷市増林2-512","35.908234","139.818033"
"越谷総合公園","埼玉県越谷市増林3-1","35.901962","139.818502"
"老人福祉センターゆりのき荘","埼玉県越谷市増林3-2-2","35.901052","139.816647"
"増林地区センター","埼玉県越谷市増林3-4-1","35.901409","139.820607"
"増林公園","埼玉県越谷市増林3989-2","35.913516","139.816912"
"越谷東高等学校","埼玉県越谷市増林5670-1","35.893825","139.812913"
"城ノ上小学校","埼玉県越谷市増林6066-1","35.900685","139.807524"
"大袋東小学校","埼玉県越谷市袋山1750","35.918108","139.774633"
"大袋北小学校","埼玉県越谷市袋山515","35.93062","139.772065"
"大袋北交流館","埼玉県越谷市袋山565-4","35.930366","139.773474"
"北中学校","埼玉県越谷市袋山870","35.929201","139.778426"
"大間野小学校","埼玉県越谷市大間野町2-115","35.865917","139.782953"
"武蔵野中学校","埼玉県越谷市大間野町4-357","35.866105","139.773004"
"新栄中学校","埼玉県越谷市大吉435","35.919648","139.799939"
"新方地区センター","埼玉県越谷市大吉470-1","35.920762","139.799014"
"西大袋第一公園","埼玉県越谷市大字大竹","35.924372","139.764006"
"北陽中学校","埼玉県越谷市大松450","35.933094","139.799049"
"北体育館","埼玉県越谷市大杉510","35.932565","139.798104"
"大杉公園","埼玉県越谷市大杉518","35.932251","139.797212"
"老人福祉センターくすのき荘","埼玉県越谷市大杉655","35.927262","139.795472"
"大相模小学校","埼玉県越谷市大成町2-1","35.88638","139.8206"
"大沢小学校","埼玉県越谷市大沢2-13-21","35.900657","139.784753"
"栄進中学校","埼玉県越谷市大沢659-1","35.906476","139.784155"
"大袋小学校","埼玉県越谷市大竹147","35.920674","139.769092"
"大袋中学校","埼玉県越谷市大竹236","35.91901","139.764109"
"桜井小学校","埼玉県越谷市大泊1140","35.939257","139.783415"
"越谷北高等学校","埼玉県越谷市大泊500-1","35.937585","139.787589"
"桜井交流館","埼玉県越谷市大泊730-2","35.938221","139.784085"
"大沢北交流館","埼玉県越谷市大里326-1","35.916248","139.784794"
"大沢北小学校","埼玉県越谷市大林580","35.915621","139.787798"
"出羽小学校","埼玉県越谷市谷中町2-69","35.879854","139.772648"
"越谷総合技術高等学校","埼玉県越谷市谷中町3-100-1","35.884591","139.769191"
"越ヶ谷小学校","埼玉県越谷市中町1-41","35.891993","139.785437"
"蒲生地区センター","埼玉県越谷市登戸町33-16","35.872327","139.796185"
"東小林記念会館","埼玉県越谷市東越谷3-10-7","35.893861","139.796769"
"東越谷第二公園","埼玉県越谷市東越谷3-14","35.895888","139.796233"
"東越谷小学校","埼玉県越谷市東越谷6-1040","35.899104","139.798955"
"東中学校","埼玉県越谷市東越谷9-3160","35.893298","139.810553"
"大沢地区センター","埼玉県越谷市東大沢1-12-1","35.908261","139.786661"
"鷺後小学校","埼玉県越谷市東大沢2-1-1","35.91057","139.787078"
"鷺高第五公園","埼玉県越谷市東大沢5-10","35.907044","139.789519"
"越谷コミュニティセンター","埼玉県越谷市南越谷1-2876-1","35.87385","139.792336"
"南越谷小学校","埼玉県越谷市南越谷4-21-1","35.874927","139.785689"
"南越谷地区センター","埼玉県越谷市南越谷4-21-1","35.874175","139.786671"
"南越谷交流館","埼玉県越谷市南越谷5-15-4","35.870325","139.789611"
"南越谷第一公園","埼玉県越谷市南越谷5-21","35.870468","139.787373"
"荻島地区センター","埼玉県越谷市南荻島190-1","35.906856","139.766393"
"文教大学","埼玉県越谷市南荻島3337","35.904703","139.77376"
"荻島小学校","埼玉県越谷市南荻島902","35.905826","139.765587"
"南部交流館","埼玉県越谷市南町1-22-13","35.861966","139.804662"
"蒲生南小学校","埼玉県越谷市南町1-8-1","35.863061","139.80539"
"南部第四公園","埼玉県越谷市南町3-8","35.860243","139.806715"
"平方中学校","埼玉県越谷市平方2115","35.946955","139.789885"
"平方公園","埼玉県越谷市平方2402","35.950515","139.786434"
"平方小学校","埼玉県越谷市平方2784","35.947132","139.784662"
"北越谷小学校","埼玉県越谷市北越谷3-10-38","35.901977","139.771854"
"北越谷地区センター","埼玉県越谷市北越谷4-8-35","35.90176","139.77635"
"北越谷第五公園","埼玉県越谷市北越谷5-482","35.908269","139.777718"
"県民健康福祉村","埼玉県越谷市北後谷82","35.884224","139.757981"
"新方小学校","埼玉県越谷市北川崎178","35.932026","139.810093"
"弥栄小学校","埼玉県越谷市北川崎725","35.926076","139.797461"
"越谷西高等学校","埼玉県越谷市野島460-1","35.916637","139.748698"
"越谷流通公園","埼玉県越谷市流通団地3-4","35.879334","139.805382"
"横瀬町活性化センター","埼玉県横瀬町大字芦ヶ久保140-1","35.977454","139.134566"
"横瀬町農村公園駐車場","埼玉県横瀬町大字芦ヶ久保244-1","35.981072","139.133938"
"旧横瀬町立芦ヶ久保小学校","埼玉県横瀬町大字芦ヶ久保637-1","35.977715","139.138201"
"横瀬町総合福祉センター","埼玉県横瀬町大字横瀬1240","35.981932","139.109685"
"横瀬町保育所","埼玉県横瀬町大字横瀬1243-1","35.981849","139.109109"
"苅米コミュニティ広場","埼玉県横瀬町大字横瀬1331-5","35.981171","139.11145"
"寺坂棚田農業者等用トイレ用地","埼玉県横瀬町大字横瀬1868-1","35.989372","139.106437"
"ウォーターパーク・シラヤマ児童公園","埼玉県横瀬町大字横瀬1913-41","35.987606","139.104784"
"横瀬町町民会館・歴史民俗資料館駐車場","埼玉県横瀬町大字横瀬1924-1","35.987506","139.102803"
"横瀬町町民会館駐車場","埼玉県横瀬町大字横瀬1995-1","35.986039","139.102937"
"横瀬町町民会館","埼玉県横瀬町大字横瀬2000","35.986659","139.102921"
"ウォーターパーク・シラヤマ駐車場","埼玉県横瀬町大字横瀬2042-1","35.98699","139.105197"
"上宇根コミュニティ広場","埼玉県横瀬町大字横瀬3305-1","35.980855","139.092229"
"１区コミュニティ広場","埼玉県横瀬町大字横瀬348-1","35.972841","139.105147"
"横瀬児童館","埼玉県横瀬町大字横瀬4377-1","35.990933","139.097552"
"横瀬町役場","埼玉県横瀬町大字横瀬4545-1","35.987389","139.100064"
"横瀬町スポーツ交流館","埼玉県横瀬町大字横瀬4554","35.98873","139.100587"
"横瀬町立横瀬小学校","埼玉県横瀬町大字横瀬4556","35.988345","139.101394"
"横瀬町立横瀬中学校","埼玉県横瀬町大字横瀬4658","35.992193","139.098844"
"川西コミュニティ広場","埼玉県横瀬町大字横瀬5353-1","35.999428","139.100526"
"横瀬町コミュニティ防災センター","埼玉県横瀬町大字横瀬6209-1","35.997826","139.104114"
"横瀬町町民グラウンド駐車場①","埼玉県横瀬町大字横瀬6310-1","35.995349","139.107776"
"横瀬町町民グラウンド駐車場②","埼玉県横瀬町大字横瀬6317-1","35.995067","139.107357"
"横瀬町町民グラウンド","埼玉県横瀬町大字横瀬6351","35.994442","139.105834"
"１２区コミュニティ広場","埼玉県横瀬町大字横瀬6500","35.992817","139.102218"
"３区コミュニティ広場","埼玉県横瀬町大字横瀬852-1","35.975788","139.111294"
"桶川西小学校","埼玉県桶川市下日出谷836-1","35.99974","139.547306"
"サン・アリーナ","埼玉県桶川市下日出谷西2-4-1","35.993957","139.545612"
"加納中学校","埼玉県桶川市加納1279","36.022591","139.572698"
"べに花ふるさと館","埼玉県桶川市加納419-1","36.01793","139.561899"
"保健センター","埼玉県桶川市鴨川1-4-1","35.996816","139.558852"
"加納小学校","埼玉県桶川市坂田883","36.018115","139.578848"
"桶川高等学校","埼玉県桶川市坂田945","36.019807","139.575013"
"加納公民館","埼玉県桶川市坂田982-5","36.018633","139.573087"
"桶川東小学校","埼玉県桶川市坂田西1-7-1","36.009987","139.573628"
"坂田コミュニティセンター","埼玉県桶川市坂田東2-3-1","36.012483","139.574622"
"日出谷小学校","埼玉県桶川市上日出谷885","36.007712","139.540888"
"桶川小学校","埼玉県桶川市西1-4-27","36.003916","139.560299"
"桶川西高等学校","埼玉県桶川市川田谷1531-2","35.984325","139.531588"
"城山公園","埼玉県桶川市川田谷2839-11","35.991429","139.525339"
"桶川西中学校","埼玉県桶川市川田谷3680-1","36.001649","139.534852"
"川田谷小学校","埼玉県桶川市川田谷4213","35.998328","139.529438"
"川田谷生涯学習センター","埼玉県桶川市川田谷4405-4","35.993913","139.526746"
"農業センター","埼玉県桶川市川田谷4414","35.99357","139.527061"
"桶川中学校","埼玉県桶川市泉1-5-10","36.000629","139.55914"
"朝日小学校","埼玉県桶川市朝日2-18-1","35.989489","139.570477"
"老人福祉センター","埼玉県桶川市末広2-8-29","36.006088","139.571483"
"桶川東中学校","埼玉県桶川市末広3-19-28","36.009238","139.571143"
"ファミリーグラウンド","埼玉県加須市阿佐間769","36.131639","139.655011"
"加須市立加須南小学校（運動用地）","埼玉県加須市下高柳1991","36.114684","139.602706"
"加須市立樋遣川小学校（運動用地）","埼玉県加須市下樋遣川427","36.154469","139.618674"
"加須市立加須東中学校（運動用地）","埼玉県加須市花崎1-22-1","36.107165","139.631688"
"花崎北公園","埼玉県加須市花崎北2-1","36.112549","139.635867"
"加須市立花崎北小学校（運動用地）","埼玉県加須市花崎北3-1","36.113923","139.63061"
"騎西総合公園","埼玉県加須市外川355","36.108522","139.578803"
"騎西城山公園","埼玉県加須市外川457-1","36.104008","139.58262"
"加須市立大利根東小学校（運動用地）","埼玉県加須市旗井807","36.152487","139.686218"
"加須市立騎西中学校（運動用地）","埼玉県加須市騎西1001","36.104933","139.576503"
"加須市立騎西小学校（運動用地）","埼玉県加須市騎西52-3","36.103075","139.572129"
"玉敷公園","埼玉県加須市騎西535-1","36.106848","139.570905"
"騎西中央公園","埼玉県加須市騎西961","36.106978","139.575379"
"久下公園","埼玉県加須市久下1-23","36.11851","139.609767"
"加須北部公園","埼玉県加須市古川2-6-1","36.146111","139.643122"
"加須市立北川辺東小学校（運動用地）","埼玉県加須市向古河54","36.18611","139.688783"
"加須市立鴻茎小学校（運動用地）","埼玉県加須市鴻茎1596-2","36.086047","139.594568"
"藤ノ木公園","埼玉県加須市鴻茎3208-1","36.090084","139.582548"
"加須市立原道小学校（運動用地）","埼玉県加須市細間699","36.158315","139.65096"
"加須市立志多見小学校（運動用地）","埼玉県加須市志多見633","36.131684","139.549142"
"加須市立高柳小学校（運動用地）","埼玉県加須市上高柳889","36.114098","139.58229"
"田ケ谷サン・スポーツランド","埼玉県加須市上崎1850-1","36.109857","139.546777"
"種足ふれあいの森","埼玉県加須市上種足937-1","36.08659","139.559367"
"加須市立加須北中学校（運動用地）","埼玉県加須市上樋遣川4128","36.163651","139.628329"
"大利根西部公園","埼玉県加須市新利根1-4-1","36.167395","139.637509"
"加須はなさき公園","埼玉県加須市水深1722","36.102104","139.633965"
"古宮公園","埼玉県加須市正能4","36.111848","139.567828"
"加須市立豊野小学校（運動用地）","埼玉県加須市生出313-1","36.13358","139.652143"
"けやき公園","埼玉県加須市西ノ谷800","36.095899","139.578321"
"加須市立大越小学校（運動用地）","埼玉県加須市大越2115","36.179387","139.621581"
"加須市立水深小学校（運動用地）","埼玉県加須市大室165","36.100754","139.620851"
"加須市立種足小学校（運動用地）","埼玉県加須市中種足123","36.084489","139.567811"
"ふるさと広場","埼玉県加須市中種足1230-1","36.08462","139.565634"
"加須市立田ヶ谷小学校（運動用地）","埼玉県加須市内田ケ谷447-3","36.115346","139.551588"
"加須市立加須平成中学校（運動用地）","埼玉県加須市南大桑1860","36.111094","139.647769"
"加須市立大桑小学校（運動用地）","埼玉県加須市南大桑3388-1","36.116623","139.64157"
"加須市立加須西中学校（運動用地）","埼玉県加須市馬内1","36.13652","139.572318"
"加須市立北川辺西小学校（運動用地）","埼玉県加須市麦倉1189","36.194367","139.651386"
"加須市立北川辺中学校（運動用地）","埼玉県加須市麦倉3705","36.188719","139.66374"
"埼玉県立不動岡高等学校（運動用地）","埼玉県加須市不動岡1-7-45","36.133279","139.591139"
"加須市立不動岡小学校（運動用地）","埼玉県加須市不動岡798","36.137149","139.586952"
"豊野台公園","埼玉県加須市豊野台2-725-3","36.121067","139.667486"
"加須市立大利根中学校（運動用地）","埼玉県加須市北下新井1705-1","36.13875","139.664276"
"加須市立元和小学校（運動用地）","埼玉県加須市北下新井521-1","36.141142","139.670445"
"大利根運動公園","埼玉県加須市北下新井684-1","36.136733","139.666937"
"埼玉県水産研究所","埼玉県加須市北小浜1060-1","36.132253","139.609933"
"加須市立昭和中学校（運動用地）","埼玉県加須市北小浜70","36.125025","139.615499"
"加須市立三俣小学校（運動用地）","埼玉県加須市北小浜850","36.132349","139.613825"
"加須市立加須小学校（運動用地）","埼玉県加須市本町4-25","36.123836","139.604508"
"加須市立礼羽小学校（運動用地）","埼玉県加須市礼羽560","36.129242","139.582756"
"皆野小学校","埼玉県皆野町大字皆野1346","36.074293","139.098311"
"柔剣道場","埼玉県皆野町大字皆野2125","36.074085","139.097565"
"三沢小学校","埼玉県皆野町大字三沢1606","36.056202","139.130574"
"老人福祉センター（長生荘）","埼玉県皆野町大字大渕103-1","36.075276","139.089717"
"国神小学校","埼玉県皆野町大字大渕70-1","36.075419","139.088245"
"みなみ野集会所","埼玉県滑川町みなみ野3-10-13","36.043148","139.37591"
"月輪六軒集会所","埼玉県滑川町月の輪5-20-3","36.042908","139.335025"
"月の輪小学校体育館","埼玉県滑川町月の輪6-15-3","36.044928","139.339994"
"伊古集会所","埼玉県滑川町大字伊古509","36.075296","139.342692"
"羽尾倉林集会所","埼玉県滑川町大字羽尾1355-1","36.05617","139.370368"
"月輪中央集会所","埼玉県滑川町大字月輪418-1","36.048369","139.353028"
"国営武蔵丘陵森林公園（西入口駐車場）","埼玉県滑川町大字山田1920","36.091323","139.361755"
"上山田集会所","埼玉県滑川町大字山田779","36.08632","139.374221"
"宮前小学校体育館","埼玉県滑川町大字中尾1535-1","36.060227","139.354376"
"都集会所","埼玉県滑川町大字都168-4","36.042904","139.369971"
"土塩中下集会所","埼玉県滑川町大字土塩709-4","36.097469","139.367583"
"福田小学校体育館","埼玉県滑川町大字福田1660-1","36.082205","139.356023"
"滑川町役場（総合運動公園）","埼玉県滑川町大字福田750-1","36.067056","139.360915"
"和泉集会所","埼玉県滑川町大字和泉844-1","36.083086","139.330379"
"寄居町南口駅前拠点（Ｙｏｔｔｅｃｏ・ＹＯＲＩＢＡ）","埼玉県寄居町大字寄居1231-11","36.117025","139.195005"
"寄居小学校","埼玉県寄居町大字寄居206","36.116096","139.187131"
"寄居中学校","埼玉県寄居町大字桜沢2000","36.127953","139.208012"
"桜沢小学校","埼玉県寄居町大字桜沢2740","36.130697","139.20616"
"城南中学校","埼玉県寄居町大字鉢形2222","36.10511","139.20441"
"鉢形小学校","埼玉県寄居町大字鉢形645","36.110872","139.204916"
"男衾小学校","埼玉県寄居町大字富田53","36.108488","139.252353"
"男衾中学校","埼玉県寄居町大字富田65","36.108569","139.250664"
"生涯学舎","埼玉県寄居町大字風布212","36.104259","139.150624"
"末野公園","埼玉県寄居町大字末野971","36.119672","139.166609"
"用土小学校","埼玉県寄居町大字用土2859","36.155022","139.206341"
"折原小学校","埼玉県寄居町大字立原385","36.103126","139.188031"
"吉見中学校","埼玉県吉見町大字下細谷1","36.046858","139.448809"
"勤労福祉センター","埼玉県吉見町大字下細谷1210","36.044273","139.453696"
"保健センター","埼玉県吉見町大字下細谷1212","36.044368","139.454009"
"悠友館","埼玉県吉見町大字下細谷1213","36.044467","139.454493"
"吉見町福祉会館","埼玉県吉見町大字下細谷1216-1","36.044449","139.454909"
"吉見町役場","埼玉県吉見町大字下細谷411","36.039852","139.45388"
"東公民館","埼玉県吉見町大字蚊斗谷132","36.032998","139.483989"
"道の駅いちごの里よしみ","埼玉県吉見町大字久保田1737","36.036776","139.457466"
"吉見ヶ丘公園","埼玉県吉見町大字久保田1887-27","36.036437","139.455622"
"南小学校","埼玉県吉見町大字久保田942-2","36.027382","139.447661"
"御所団地公園","埼玉県吉見町大字御所246-1","36.051007","139.442039"
"東第二小学校","埼玉県吉見町大字江和井1555","36.026262","139.495195"
"フレンドシップハイツよしみ","埼玉県吉見町大字黒岩602","36.056727","139.441441"
"ふれあい広場","埼玉県吉見町大字小新井142","36.054033","139.453821"
"永府公園","埼玉県吉見町大字西吉見604-1","36.024655","139.434631"
"荒川荘","埼玉県吉見町大字大串2843","36.019388","139.487799"
"北小学校","埼玉県吉見町大字地頭方441","36.063874","139.458012"
"よしみけやき保育所","埼玉県吉見町大字中新井467","36.05199","139.452857"
"町民体育館","埼玉県吉見町大字中新井493-1","36.050912","139.453678"
"Ｂ＆Ｇ海洋センター体育館","埼玉県吉見町大字中新井497","36.051396","139.453543"
"吉見町民会館（フレサよしみ）","埼玉県吉見町大字中新井508","36.051974","139.454968"
"憩いの森公園","埼玉県吉見町大字長谷1839","36.052146","139.425331"
"八幡公園","埼玉県吉見町大字長谷1931","36.061324","139.422758"
"越中公園","埼玉県吉見町大字長谷1953","36.056187","139.422165"
"大沼下公園","埼玉県吉見町大字長谷509-7","36.06039","139.430476"
"六の谷公園","埼玉県吉見町大字長谷726","36.057794","139.432622"
"前山公園","埼玉県吉見町大字田甲1235","36.065328","139.435085"
"西が丘小学校","埼玉県吉見町大字南吉見2074-3","36.038832","139.431905"
"天王山自然公園","埼玉県吉見町大字北吉見1670","36.050913","139.426296"
"西部ふれあいセンター","埼玉県吉見町大字北吉見1717-1","36.049789","139.42515"
"西公民館","埼玉県吉見町大字北吉見2823","36.045966","139.436"
"埋蔵文化財センター","埼玉県吉見町大字北吉見321","36.03902","139.42135"
"南吉見公園","埼玉県吉見町大字北吉見3933-1","36.047206","139.429228"
"さくら台公園","埼玉県吉見町大字北吉見3940-23","36.051131","139.421513"
"西小学校","埼玉県吉見町大字和名50","36.050802","139.436248"
"東部街区第１公園","埼玉県吉見町東野2-11","36.040614","139.467543"
"東部街区第２公園","埼玉県吉見町東野3-12","36.039672","139.470807"
"東部街区第６公園","埼玉県吉見町東野4-12","36.035634","139.469234"
"東野ふれあいセンター","埼玉県吉見町東野5-15-7","36.037763","139.47203"
"東第一小学校","埼玉県吉見町東野5-20-1","36.03768","139.471301"
"東部街区第５公園","埼玉県吉見町東野5-21","36.036765","139.470634"
"東部街区第７公園（柿の木台公園）","埼玉県吉見町東野5-30","36.035834","139.471644"
"東部街区第３公園（成城台公園）","埼玉県吉見町東野5-4-1","36.038586","139.471154"
"東部街区第４公園","埼玉県吉見町東野6-4","36.038731","139.474968"
"吉川市民交流センターおあしす","埼玉県吉川市きよみ野1-1","35.89564","139.854549"
"吉川市旭地区センター","埼玉県吉川市旭6-4","35.93112","139.841574"
"吉川市立三輪野江小学校","埼玉県吉川市加藤641","35.885934","139.882956"
"吉川市立関小学校","埼玉県吉川市吉川団地1-10","35.893155","139.845453"
"埼玉県立吉川美南高等学校","埼玉県吉川市高久600","35.874021","139.86514"
"吉川市立北谷小学校","埼玉県吉川市高富857","35.876048","139.858057"
"吉川市総合体育館","埼玉県吉川市上笹塚1-58-1","35.903606","139.858292"
"吉川市立東中学校","埼玉県吉川市上笹塚3-104-1","35.904183","139.864861"
"吉川市立中央中学校","埼玉県吉川市中央2-21-1","35.890269","139.851918"
"吉川市立栄小学校","埼玉県吉川市中央3-26-1","35.891546","139.856612"
"吉川市老人福祉センター","埼玉県吉川市中央3-50-4","35.892147","139.858907"
"吉川市立中曽根小学校","埼玉県吉川市中曽根2-4","35.866877","139.846797"
"吉川市立旭小学校","埼玉県吉川市南広島1940","35.918097","139.851547"
"吉川市立美南小学校　（吉川市美南地区公民館含む）","埼玉県吉川市美南4-17-3","35.863714","139.85155"
"吉川中学校","埼玉県吉川市美南5-17-1","35.868981","139.849035"
"吉川市児童館ワンダーランド","埼玉県吉川市美南5-3-1","35.868648","139.847468"
"吉川市立吉川小学校　（吉川市平沼地区公民館含む）","埼玉県吉川市平沼73","35.884242","139.839109"
"吉川市中央公民館","埼玉県吉川市保577","35.879454","139.851414"
"吉川市立南中学校","埼玉県吉川市保672","35.882631","139.852002"
"栗橋Ｂ＆Ｇ海洋センター","埼玉県久喜市伊坂1551-1","36.129494","139.692423"
"栗橋文化会館（イリス）","埼玉県久喜市伊坂1557","36.129001","139.693196"
"埼玉県立栗橋北彩高等学校","埼玉県久喜市伊坂南2-16","36.131845","139.687395"
"さいたま看護専門学校","埼玉県久喜市下清久500-11","36.076839","139.652359"
"久喜菖蒲公園","埼玉県久喜市河原井町70","36.054791","139.646208"
"久喜市立鷲宮小学校","埼玉県久喜市葛梅113","36.093821","139.657823"
"葛梅公園","埼玉県久喜市葛梅2-15-1","36.091748","139.653793"
"健康福祉センター（くりむ）","埼玉県久喜市間鎌255-1","36.125569","139.696145"
"くりの木","埼玉県久喜市間鎌276-2","36.124357","139.697711"
"久喜市立栗橋西中学校","埼玉県久喜市間鎌330-1","36.122402","139.695922"
"太田集会所","埼玉県久喜市吉羽1-37-14","36.065489","139.687354"
"児童センター","埼玉県久喜市吉羽1-40-14","36.065492","139.68931"
"久喜市立太田小学校","埼玉県久喜市吉羽2-16-10","36.069173","139.687521"
"久喜市立太東中学校","埼玉県久喜市吉羽2410","36.061326","139.701313"
"久喜地域子育て支援センター（ぽかぽか）","埼玉県久喜市吉羽692-1","36.05904","139.685887"
"久喜中央コミュニティセンター","埼玉県久喜市久喜中央4-7-7","36.068974","139.672787"
"久喜東コミュニティセンター","埼玉県久喜市久喜東1-27-20","36.060218","139.682142"
"東一公園","埼玉県久喜市久喜東1-957-6","36.062099","139.67979"
"向地児童公園","埼玉県久喜市久喜東3-31","36.061","139.685084"
"久喜市立久喜東小学校","埼玉県久喜市久喜東4-25-20","36.053054","139.684082"
"久喜市立久喜北小学校","埼玉県久喜市久喜北2-30-1","36.077929","139.67245"
"埼玉県立久喜北陽高等学校","埼玉県久喜市久喜本837-1","36.077246","139.663033"
"久喜市立栗橋東中学校","埼玉県久喜市栗橋1425","36.127707","139.702449"
"栗橋中央コミュニティセンター体育館","埼玉県久喜市栗橋中央2-7-1","36.138545","139.700886"
"久喜市立栗橋小学校","埼玉県久喜市栗橋東3-3-1","36.134766","139.701332"
"栗原記念会館","埼玉県久喜市栗原4-9-12","36.069484","139.706303"
"総合運動公園","埼玉県久喜市江面1616","36.055326","139.660484"
"久喜市立久喜南中学校","埼玉県久喜市江面85","36.065705","139.662118"
"高柳やすらぎ公園","埼玉県久喜市高柳2513-1","36.114857","139.668129"
"久喜市立栗橋西小学校","埼玉県久喜市佐間266-1","36.118831","139.682401"
"久喜市立砂原小学校","埼玉県久喜市砂原1-4-1","36.095934","139.661944"
"桜田運動公園","埼玉県久喜市桜田2-7-1","36.097498","139.68203"
"久喜市立東鷲宮小学校","埼玉県久喜市桜田3-10-1","36.092322","139.684035"
"鷲宮東コミュニティセンター（さくら）","埼玉県久喜市桜田3-10-2","36.092433","139.68508"
"けやき広場","埼玉県久喜市桜田3-12","36.089216","139.680677"
"桜田コミュニティセンター及び屋内型こどもの遊び場（あそびのにわ）","埼玉県久喜市桜田3-2-1","36.089809","139.681152"
"いちょうの木","埼玉県久喜市所久喜835-1","36.074724","139.636385"
"コア　ヴィレッジ","埼玉県久喜市除堀1380","36.046055","139.645402"
"権現堂公園（１号公園）","埼玉県久喜市小右衛門50","36.109952","139.724744"
"久喜市立栢間小学校","埼玉県久喜市菖蒲町下栢間2720","36.035966","139.57927"
"森下緑地グラウンド","埼玉県久喜市菖蒲町下栢間5495-1","36.04929","139.57474"
"森下コミュニティセンター","埼玉県久喜市菖蒲町下栢間5495-2","36.049654","139.573948"
"彩嘉園","埼玉県久喜市菖蒲町三箇1235-1","36.061773","139.616833"
"ふれあい広場","埼玉県久喜市菖蒲町三箇2834","36.063183","139.626862"
"菖蒲老人福祉センター","埼玉県久喜市菖蒲町三箇2904","36.063739","139.625958"
"旧久喜市立菖蒲南中学校","埼玉県久喜市菖蒲町小林110","36.045465","139.582991"
"久喜市立小林小学校","埼玉県久喜市菖蒲町小林2197","36.054433","139.583523"
"しらさぎ公園","埼玉県久喜市菖蒲町菖蒲10","36.060075","139.606377"
"しょうぶ会館","埼玉県久喜市菖蒲町菖蒲1077-1","36.069749","139.597075"
"労働会館（あやめ会館）","埼玉県久喜市菖蒲町菖蒲193-1","36.065874","139.601943"
"久喜市立菖蒲東小学校","埼玉県久喜市菖蒲町菖蒲427","36.066102","139.608071"
"寺田緑地グラウンド","埼玉県久喜市菖蒲町菖蒲5013-42","36.066911","139.609761"
"久喜市立菖蒲小学校","埼玉県久喜市菖蒲町菖蒲625","36.069601","139.601266"
"菖蒲文化会館（アミーゴ）","埼玉県久喜市菖蒲町菖蒲85-1","36.061398","139.603161"
"菖蒲運動公園","埼玉県久喜市菖蒲町菖蒲880","36.070196","139.599655"
"鎮守の森公園","埼玉県久喜市菖蒲町上栢間3312-1","36.040583","139.574794"
"久喜市立菖蒲中学校","埼玉県久喜市菖蒲町上大崎860","36.057048","139.604183"
"あやめ公園","埼玉県久喜市菖蒲町新堀1695","36.066574","139.599767"
"久喜市立三箇小学校","埼玉県久喜市菖蒲町台852-1","36.055401","139.62191"
"埼玉県立久喜特別支援学校","埼玉県久喜市上清久1100","36.076379","139.648094"
"清久コミュニティセンター","埼玉県久喜市上清久1489-2","36.077748","139.63637"
"偕楽荘","埼玉県久喜市上清久930","36.079718","139.648913"
"久喜市立鷲宮西中学校","埼玉県久喜市上内1797","36.090286","139.656986"
"ゆう・あい","埼玉県久喜市上内327-6","36.084187","139.667856"
"久喜市立上内小学校","埼玉県久喜市上内716","36.088655","139.66287"
"清久公園","埼玉県久喜市清久町9","36.069924","139.631529"
"けやきの木","埼玉県久喜市青毛1146-1","36.074337","139.692775"
"花みずき会館","埼玉県久喜市青毛2-11-13","36.075976","139.702638"
"ふれあいセンター久喜","埼玉県久喜市青毛753-1","36.072261","139.693266"
"久喜市立青毛小学校","埼玉県久喜市青毛800","36.073296","139.69548"
"青葉コミュニティセンター","埼玉県久喜市青葉1-2-1","36.070095","139.695891"
"久喜市立青葉小学校","埼玉県久喜市青葉1-3-1","36.066884","139.69561"
"青葉公園","埼玉県久喜市青葉3-1","36.071345","139.696026"
"久喜市立久喜東中学校","埼玉県久喜市青葉3-4-1","36.071574","139.697868"
"青葉４丁目公園","埼玉県久喜市青葉4-11","36.070906","139.700328"
"青葉５丁目公園","埼玉県久喜市青葉5-8","36.06658","139.69748"
"埼玉県立鷲宮高等学校","埼玉県久喜市中妻1020","36.090236","139.647105"
"鷲宮西コミュニティセンター（おおとり）","埼玉県久喜市中妻785-2","36.088666","139.65224"
"栗橋コミュニティセンター（くぷる）","埼玉県久喜市中里1048-1","36.105427","139.714146"
"栗橋地域子育て支援センター（くぷる）","埼玉県久喜市中里1048-1","36.105336","139.713976"
"あゆみの郷","埼玉県久喜市東大輪2273-1","36.100744","139.670097"
"久喜市立桜田小学校","埼玉県久喜市東大輪311","36.090766","139.688007"
"大堀公園","埼玉県久喜市南栗橋1-4-2","36.113652","139.71533"
"内沼公園","埼玉県久喜市南栗橋11-9-1","36.108354","139.703126"
"南栗橋近隣公園","埼玉県久喜市南栗橋12-1-3","36.109027","139.706092"
"丁張公園","埼玉県久喜市南栗橋2-4","36.11669","139.711603"
"魚越公園","埼玉県久喜市南栗橋3-8","36.114611","139.708141"
"久喜市立栗橋南小学校","埼玉県久喜市南栗橋4-21-1","36.113775","139.709629"
"蓮沼公園","埼玉県久喜市南栗橋5-10","36.108834","139.713642"
"狐塚公園","埼玉県久喜市南栗橋7-11","36.106522","139.710637"
"大沼公園","埼玉県久喜市南栗橋8-4-1","36.109194","139.708898"
"花と香りの公園","埼玉県久喜市八甫4-106-1","36.099292","139.688997"
"久喜市立鷲宮東中学校","埼玉県久喜市八甫4-46","36.101418","139.689741"
"のぞみ園","埼玉県久喜市北青柳1331","36.051301","139.663225"
"久喜市立江面小学校","埼玉県久喜市北青柳40-1","36.056114","139.666938"
"久喜市立久喜小学校","埼玉県久喜市本町2-5-1","36.067574","139.669565"
"埼玉県立久喜高等学校","埼玉県久喜市本町3-12-1","36.066436","139.668065"
"久喜市立久喜中学校","埼玉県久喜市本町4-1-1","36.068297","139.665121"
"久喜市立本町小学校","埼玉県久喜市本町7-6-1","36.07524","139.668398"
"埼玉県立久喜工業高等学校","埼玉県久喜市野久喜474","36.071852","139.685814"
"久喜けいわ","埼玉県久喜市六万部1435","36.076821","139.643189"
"久喜市立清久小学校","埼玉県久喜市六万部590","36.077295","139.638456"
"鷲宮地域子育て支援センター（すまいる）","埼玉県久喜市鷲宮2-6-19","36.098767","139.661191"
"鷲宮温水プール（敷地）","埼玉県久喜市鷲宮6-4-1","36.100097","139.670862"
"久喜市立鷲宮中学校","埼玉県久喜市鷲宮782","36.095646","139.667928"
"日本工業大学","埼玉県宮代町学園台4-1","36.0278","139.714006"
"進修館","埼玉県宮代町笠原1-1-1","36.022806","139.723471"
"スキップ広場","埼玉県宮代町笠原1-4","36.022022","139.723432"
"百間中学校","埼玉県宮代町宮代3-7-38","36.019677","139.727739"
"宮代台中央公園","埼玉県宮代町宮代台3-3","36.042565","139.692287"
"宮東テニスコート","埼玉県宮代町字宮東863","36.009903","139.747866"
"はらっパーク宮代","埼玉県宮代町字金原295","36.005366","139.715107"
"県立宮代特別支援学校","埼玉県宮代町字金原636-1","36.012008","139.712151"
"旧いきがい活動センター","埼玉県宮代町字山崎3","36.01181","139.719491"
"百間小学校","埼玉県宮代町字西原261","36.009354","139.727737"
"川端公民館","埼玉県宮代町字川端578","36.006641","139.743694"
"宮東グラウンド","埼玉県宮代町字川端731-1","36.007786","139.747061"
"前原グラウンド","埼玉県宮代町字中455-1","36.004865","139.722782"
"前原中学校","埼玉県宮代町字中461","36.004228","139.721839"
"東グラウンド","埼玉県宮代町字東265-1","36.000201","139.730787"
"県立宮代高等学校","埼玉県宮代町字東611","36.005145","139.732311"
"笠原小学校","埼玉県宮代町字百間1105","36.019156","139.720824"
"須賀小学校","埼玉県宮代町大字須賀1425-1","36.037532","139.701157"
"須賀中学校","埼玉県宮代町大字須賀1426-1","36.038109","139.702109"
"東粂原グラウンド","埼玉県宮代町大字東粂原363-1","36.032633","139.700878"
"総合運動公園　（総合体育館）","埼玉県宮代町大字和戸1834","36.053895","139.695994"
"姫宮北公園","埼玉県宮代町東姫宮1-4","36.005937","139.736461"
"百間公民館","埼玉県宮代町百間5-1-29","36.02351","139.730306"
"東小学校","埼玉県宮代町百間5-8-48","36.023039","139.732284"
"和戸公民館","埼玉県宮代町和戸2-5-1","36.042575","139.699151"
"狭山経済高等学校","埼玉県狭山市稲荷山2-6-1","35.841708","139.39487"
"入間川小学校","埼玉県狭山市鵜ノ木5-9","35.854942","139.397763"
"入間川中学校","埼玉県狭山市鵜ノ木6-46","35.853833","139.394785"
"狭山元気プラザ","埼玉県狭山市狭山台1-21","35.862115","139.435431"
"狭山台中央公園","埼玉県狭山市狭山台3-28","35.855376","139.433688"
"狭山台小学校","埼玉県狭山市狭山台4-25","35.852227","139.434113"
"狭山台中学校","埼玉県狭山市狭山台4-26","35.852866","139.435488"
"日生さやま台集会所","埼玉県狭山市広瀬台1-22-1","35.867585","139.394824"
"西中学校","埼玉県狭山市広瀬東3-23-1","35.860648","139.395604"
"広瀬公民館","埼玉県狭山市広瀬東3-34-1","35.862373","139.396715"
"狭山緑陽高等学校","埼玉県狭山市広瀬東4-3-1","35.864417","139.39761"
"広瀬小学校","埼玉県狭山市広瀬東4-4-1","35.863254","139.394593"
"水富公民館","埼玉県狭山市根岸2-17-13","35.857799","139.382288"
"水富小学校","埼玉県狭山市根岸2-22-1","35.858467","139.382374"
"新狭山公園","埼玉県狭山市新狭山1-4","35.883699","139.441458"
"中原公園","埼玉県狭山市新狭山2-13-1","35.874493","139.430498"
"新狭山公民館","埼玉県狭山市新狭山2-17-1","35.873588","139.43033"
"三ツ木公園","埼玉県狭山市新狭山3-3","35.875011","139.436173"
"奥富小学校","埼玉県狭山市大字下奥富1019","35.878121","139.423759"
"サンパーク奥富","埼玉県狭山市大字下奥富2552-1","35.879619","139.417282"
"老人福祉センター寿荘","埼玉県狭山市大字加佐志513-2","35.863691","139.441783"
"笹井小学校","埼玉県狭山市大字笹井1700","35.853375","139.371057"
"狭山清陵高等学校","埼玉県狭山市大字上奥富34","35.873412","139.424726"
"南小学校","埼玉県狭山市大字水野815-1","35.827705","139.423605"
"水野公民館","埼玉県狭山市大字水野891-4","35.822803","139.424688"
"山王中学校","埼玉県狭山市大字南入曽157","35.844144","139.440681"
"入曽地域交流センター","埼玉県狭山市大字南入曽428-3","35.832788","139.43152"
"山王小学校","埼玉県狭山市大字南入曽55","35.84011","139.437667"
"老人福祉センター不老荘","埼玉県狭山市大字南入曽737-1","35.833825","139.417761"
"入曽第七区自治会館","埼玉県狭山市大字南入曽879-12","35.833579","139.423288"
"入間野中学校","埼玉県狭山市大字北入曽1028-1","35.839139","139.420874"
"御狩場小学校","埼玉県狭山市大字北入曽755-4","35.845368","139.428031"
"入間野小学校","埼玉県狭山市大字北入曽980","35.840236","139.422317"
"堀兼小学校","埼玉県狭山市大字堀兼1234","35.860174","139.445827"
"堀兼中学校","埼玉県狭山市大字堀兼1237","35.860703","139.444227"
"堀兼・上赤坂公園","埼玉県狭山市大字堀兼2484-3","35.845112","139.454468"
"富士見小学校","埼玉県狭山市中央4-17-1","35.850936","139.42479"
"中央公民館","埼玉県狭山市入間川1-3-1","35.856892","139.412222"
"新狭山小学校","埼玉県狭山市入間川1108","35.865487","139.431923"
"中央中学校","埼玉県狭山市入間川1752-1","35.860911","139.418679"
"入間川東小学校","埼玉県狭山市入間川2-7-23","35.85992","139.413907"
"コミュニティセンター","埼玉県狭山市入間川4-16-4","35.853759","139.402558"
"武道館","埼玉県狭山市入間川4-18-21","35.853783","139.402942"
"柏原小学校","埼玉県狭山市柏原1141","35.878094","139.406092"
"柏原公民館","埼玉県狭山市柏原1154","35.877403","139.405465"
"柏原中学校","埼玉県狭山市柏原2520-11","35.877892","139.407518"
"市民総合体育館","埼玉県狭山市柏原555","35.878747","139.392935"
"智光山公園","埼玉県狭山市柏原561","35.878381","139.392153"
"老人福祉センター宝荘","埼玉県狭山市柏原612","35.885053","139.396213"
"狭山工業高等学校","埼玉県狭山市富士見2-5-1","35.848118","139.421021"
"南運動場（伊勢町ふれあい公園）","埼玉県熊谷市伊勢町94","36.144235","139.372825"
"熊谷南小学校","埼玉県熊谷市榎町343","36.139279","139.379"
"塩集会所","埼玉県熊谷市塩142-1","36.10294","139.318076"
"上押切集会所","埼玉県熊谷市押切1056-1","36.134116","139.323799"
"江南総合グラウンド","埼玉県熊谷市押切2436","36.119339","139.33821"
"パークシティ集会所","埼玉県熊谷市押切2653-95","36.111082","139.336587"
"下押切集会所","埼玉県熊谷市押切313-3","36.133541","139.340204"
"奈良小学校","埼玉県熊谷市下奈良561-3","36.186232","139.379359"
"荒川公園","埼玉県熊谷市河原町2-173","36.136693","139.384947"
"大幡公園","埼玉県熊谷市柿沼780-1","36.166833","139.378239"
"秦小学校","埼玉県熊谷市葛和田831","36.205699","139.419797"
"老人憩の家　めぬま荘（秦公民館）","埼玉県熊谷市葛和田922-1","36.202013","139.418721"
"久下第２公園","埼玉県熊谷市久下1-167","36.116999","139.427421"
"久下第１公園","埼玉県熊谷市久下1-42","36.114512","139.426197"
"久下第３公園","埼玉県熊谷市久下3-103","36.116288","139.430253"
"久下第４公園","埼玉県熊谷市久下4-171","36.119846","139.433912"
"久下小学校","埼玉県熊谷市久下808","36.121782","139.418362"
"玉井中学校","埼玉県熊谷市久保島888","36.168311","139.345527"
"荒川公民館","埼玉県熊谷市宮前町1-24-1","36.14169","139.382321"
"宮前公園","埼玉県熊谷市宮前町1-29","36.14154","139.382916"
"商工会館","埼玉県熊谷市宮町2-39","36.146917","139.388125"
"中央公園","埼玉県熊谷市宮町2-39","36.147617","139.390169"
"宮町公園","埼玉県熊谷市宮町2-68","36.14775","139.386898"
"玉井公園","埼玉県熊谷市玉井1973-314","36.178348","139.343713"
"玉井在家第２公園","埼玉県熊谷市玉井2-24","36.17869","139.337168"
"玉井在家第１公園","埼玉県熊谷市玉井3-69","36.180364","139.340499"
"玉井在家第３公園","埼玉県熊谷市玉井5-71","36.17757","139.33933"
"玉井稲荷木第２公園","埼玉県熊谷市玉井南2-88","36.176378","139.346871"
"玉井稲荷木第１公園","埼玉県熊谷市玉井南3-19","36.1741","139.345938"
"駅東第１公園","埼玉県熊谷市銀座2-137","36.138597","139.396425"
"東公園","埼玉県熊谷市銀座3-1","36.142719","139.395395"
"駅東第３公園","埼玉県熊谷市銀座7-154","36.136063","139.399593"
"熊谷荒川緑地","埼玉県熊谷市熊谷2553-2","36.134968","139.386679"
"荒川中学校","埼玉県熊谷市月見町2-174","36.144374","139.37059"
"見晴公園","埼玉県熊谷市見晴町460","36.14112","139.373021"
"スポーツ・文化村「くまぴあ」（創作展示棟を除く。）","埼玉県熊谷市原島315","36.170789","139.366724"
"大幡中学校","埼玉県熊谷市原島834-1","36.163515","139.374763"
"大坂集会所","埼玉県熊谷市御正新田1321-1","36.116663","139.360932"
"御正新田生活改善センター","埼玉県熊谷市御正新田453-1","36.123397","139.352882"
"吉見保育所","埼玉県熊谷市向谷373-1","36.095872","139.41154"
"県立熊谷商業高等学校","埼玉県熊谷市広瀬800","36.148993","139.356154"
"江南中学校","埼玉県熊谷市江南中央2-1-1","36.115813","139.336725"
"江南体育館","埼玉県熊谷市江南中央2-3-1","36.11527","139.336527"
"武道館","埼玉県熊谷市江波363","36.209643","139.388919"
"玉井小学校","埼玉県熊谷市高柳116-1","36.172931","139.344575"
"中条中学校","埼玉県熊谷市今井539-1","36.177286","139.404608"
"佐谷田小学校","埼玉県熊谷市佐谷田1030","36.134103","139.414398"
"佐谷田公園","埼玉県熊谷市佐谷田371-3","36.133659","139.409398"
"妻沼小学校","埼玉県熊谷市妻沼1492","36.229044","139.37799"
"妻沼勤労福祉会館","埼玉県熊谷市妻沼1706-1","36.222591","139.376677"
"妻沼消防署北広場","埼玉県熊谷市妻沼1720","36.222725","139.374351"
"さくら公園","埼玉県熊谷市妻沼1720-4","36.222322","139.375384"
"妻沼東中学校","埼玉県熊谷市妻沼430-1","36.223893","139.386935"
"小島小学校・中学校","埼玉県熊谷市妻沼小島2111","36.250946","139.355168"
"旧男沼小学校","埼玉県熊谷市妻沼台137-1","36.235066","139.35314"
"妻沼中央公民館","埼玉県熊谷市妻沼東1-1","36.223011","139.381738"
"桜木小学校","埼玉県熊谷市桜木町2-33-1","36.136393","139.387252"
"文化センター","埼玉県熊谷市桜木町2-33-2","36.137096","139.386725"
"市民体育館","埼玉県熊谷市桜木町2-33-5","36.136405","139.386499"
"県立熊谷西高等学校","埼玉県熊谷市三ケ尻2066","36.164855","139.331893"
"三尻中学校","埼玉県熊谷市三ケ尻2743","36.161986","139.321742"
"三尻小学校","埼玉県熊谷市三ケ尻2862-1","36.158875","139.319523"
"江南北小学校","埼玉県熊谷市三本359","36.128141","139.33506"
"三本集会所","埼玉県熊谷市三本717","36.129729","139.330561"
"熊谷文化創造館「さくらめいと」","埼玉県熊谷市拾六間111-1","36.165896","139.327976"
"外原公園","埼玉県熊谷市拾六間774-2","36.171463","139.31216"
"寿公園","埼玉県熊谷市拾六間788-29","36.170646","139.30832"
"曙町保育所","埼玉県熊谷市曙町3-63","36.134209","139.394588"
"曙公園","埼玉県熊谷市曙町4-8","36.135468","139.394888"
"小江川集落センター","埼玉県熊谷市小江川1403","36.100369","139.334426"
"江南南小学校","埼玉県熊谷市小江川1881","36.107227","139.334505"
"江南農村センター","埼玉県熊谷市小江川1936-1","36.104978","139.332601"
"市田小学校","埼玉県熊谷市小泉243-1","36.110766","139.397649"
"熊谷さくら運動公園","埼玉県熊谷市小島157-1","36.155791","139.345141"
"県立熊谷工業高等学校","埼玉県熊谷市小島820","36.157085","139.354692"
"春日文化センター","埼玉県熊谷市小八林103-7","36.076825","139.426673"
"上江袋集会所","埼玉県熊谷市上江袋519-2","36.202087","139.355103"
"長井小学校","埼玉県熊谷市上根358","36.20995","139.387411"
"上新田集会所","埼玉県熊谷市上新田227","36.131491","139.318195"
"妻沼東運動公園","埼玉県熊谷市上須戸952-1","36.2063","139.399618"
"熊谷スポーツ文化公園","埼玉県熊谷市上川上810","36.166397","139.40341"
"中条小学校","埼玉県熊谷市上中条892-1","36.18088","139.403927"
"奈良中学校","埼玉県熊谷市上奈良1038","36.182735","139.367308"
"雀宮児童館","埼玉県熊谷市上之1305-1","36.160474","139.396855"
"雀宮第１公園","埼玉県熊谷市上之1306","36.160376","139.397561"
"上之公園","埼玉県熊谷市上之1774-2","36.154082","139.39813"
"成田星宮小学校","埼玉県熊谷市上之2810-1","36.154171","139.405862"
"熊谷東中学校","埼玉県熊谷市上之3177","36.146311","139.414815"
"籠原保育所","埼玉県熊谷市新堀1124","36.174908","139.324675"
"籠原小学校","埼玉県熊谷市新堀1143","36.173771","139.318255"
"籠原第１公園","埼玉県熊谷市新堀1154-12","36.174235","139.314867"
"新堀小学校","埼玉県熊谷市新堀182","36.172967","139.338152"
"新堀公民館","埼玉県熊谷市新堀202-1","36.172937","139.337265"
"マミーマート籠原店駐車場","埼玉県熊谷市新堀新田523","36.172797","139.322196"
"籠原公民館・西児童館","埼玉県熊谷市新堀新田576-1","36.172447","139.31509"
"須賀広集落センター","埼玉県熊谷市須賀広243-1","36.105951","139.341971"
"江南南児童クラブ","埼玉県熊谷市須賀広599-1","36.106855","139.335992"
"広瀬川原公園","埼玉県熊谷市瀬南68","36.14552","139.355133"
"江南コミュニティセンター","埼玉県熊谷市成沢1138-1","36.115285","139.352253"
"成沢会議所","埼玉県熊谷市成沢348-1","36.124304","139.344972"
"別府沼公園","埼玉県熊谷市西別府1456","36.194961","139.334431"
"別府中学校","埼玉県熊谷市西別府1817","36.187548","139.334902"
"別府公民館","埼玉県熊谷市西別府2252-1","36.193631","139.335328"
"別府小学校","埼玉県熊谷市西別府29-1","36.193367","139.341483"
"西野集会所","埼玉県熊谷市西野240-1","36.202813","139.37295"
"石原公園","埼玉県熊谷市石原1652-70","36.148203","139.371924"
"石原小学校","埼玉県熊谷市石原3-1-1","36.152216","139.377254"
"赤城公園","埼玉県熊谷市赤城町1-16","36.146476","139.35952"
"松風公園","埼玉県熊谷市赤城町1-167","36.146907","139.364168"
"堤公園","埼玉県熊谷市赤城町2-120","36.145921","139.367384"
"江南保育所","埼玉県熊谷市千代323-1","36.117527","139.334867"
"江南総合文化会館「ピピア」","埼玉県熊谷市千代325-1","36.117709","139.334148"
"大境公園","埼玉県熊谷市船木台1-4","36.074088","139.421172"
"大林公園","埼玉県熊谷市船木台2-4","36.076092","139.417028"
"船木台中央公園","埼玉県熊谷市船木台3-4-1","36.0775","139.418353"
"大里ふれあいセンター","埼玉県熊谷市船木台3-4-4","36.077479","139.417519"
"楓山公園","埼玉県熊谷市船木台5-13-4","36.078851","139.414098"
"阿諏訪野公園","埼玉県熊谷市船木台5-3-1","36.080868","139.416553"
"善ヶ島集会所","埼玉県熊谷市善ケ島195-5","36.215265","139.399851"
"ショッピングモールビッグベア駐車場","埼玉県熊谷市代1183-2","36.173994","139.368089"
"大幡児童館","埼玉県熊谷市代597-4","36.170126","139.376382"
"大幡小学校","埼玉県熊谷市代681","36.169569","139.373127"
"県立熊谷高等学校","埼玉県熊谷市大原1-9-1","36.154099","139.379079"
"県立熊谷農業高等学校","埼玉県熊谷市大原3-3-1","36.154608","139.377889"
"大原中学校","埼玉県熊谷市大原3-4-1","36.153699","139.377274"
"大麻生中学校","埼玉県熊谷市大麻生35-1","36.151016","139.340769"
"大麻生小学校","埼玉県熊谷市大麻生51","36.149508","139.339668"
"旧星宮小学校","埼玉県熊谷市池上733","36.157212","139.43147"
"熊谷西小学校","埼玉県熊谷市中央1-1","36.152829","139.389415"
"箱田第４公園","埼玉県熊谷市中央1-148","36.154626","139.391391"
"箱田保育所","埼玉県熊谷市中央1-46","36.153158","139.39122"
"箱田第１公園","埼玉県熊谷市中央2-219","36.153794","139.394406"
"富士見中学校","埼玉県熊谷市中央3-103","36.156278","139.39503"
"箱田第２公園","埼玉県熊谷市中央3-169","36.155903","139.396648"
"大里中学校","埼玉県熊谷市中曽根815-1","36.103035","139.405031"
"農業活性化センター「アグリメイト」","埼玉県熊谷市中奈良897","36.190961","139.377175"
"市民ホール","埼玉県熊谷市仲町19","36.14755","139.382888"
"八木橋パーク仲町","埼玉県熊谷市仲町34","36.147402","139.383312"
"大里生涯学習センター「あすねっと」","埼玉県熊谷市津田1-1","36.1032","139.411071"
"大里体育館","埼玉県熊谷市津田21","36.102679","139.411221"
"日向集会所","埼玉県熊谷市日向481","36.19052","139.414259"
"ウエルシア熊谷箱田二丁目店駐車場","埼玉県熊谷市箱田2-20-48","36.151873","139.386962"
"旧太田小学校","埼玉県熊谷市八木田5","36.216038","139.352406"
"江南総合公園","埼玉県熊谷市板井377-1","36.108032","139.308772"
"江南農業研修センター","埼玉県熊谷市板井671","36.108087","139.318894"
"太田公民館","埼玉県熊谷市飯塚1410-1","36.217201","139.351335"
"妻沼運動公園","埼玉県熊谷市飯塚200-1","36.224673","139.356982"
"雀宮第５公園","埼玉県熊谷市肥塚550-1","36.162354","139.396861"
"雀宮第３公園","埼玉県熊谷市肥塚591","36.162829","139.39448"
"雀宮第４公園","埼玉県熊谷市肥塚702-1","36.161097","139.390972"
"樋春集会所","埼玉県熊谷市樋春1023-1","36.132626","139.349553"
"樋春南集会所","埼玉県熊谷市樋春555","36.128628","139.351705"
"美土里町公園","埼玉県熊谷市美土里町1-20","36.169832","139.313843"
"平戸公園","埼玉県熊谷市平戸493","36.141529","139.409574"
"吉岡中学校","埼玉県熊谷市平塚新田479-2","36.113802","139.372336"
"別府第１公園","埼玉県熊谷市別府2-83","36.185776","139.332822"
"別府第２公園","埼玉県熊谷市別府4-44","36.182728","139.339495"
"別府第３公園","埼玉県熊谷市別府5-51","36.180381","139.33538"
"本石公園","埼玉県熊谷市本石1-10","36.14869","139.379375"
"婦人児童館","埼玉県熊谷市本石1-10","36.148632","139.379712"
"八木橋一番街立体駐車場","埼玉県熊谷市本石1-250-1","36.147207","139.380897"
"イオン熊谷店立体駐車場","埼玉県熊谷市本石2-135","36.145561","139.378802"
"県立熊谷女子高等学校","埼玉県熊谷市末広2-131","36.144487","139.392161"
"熊谷東小学校","埼玉県熊谷市末広3-4-1","36.145362","139.396855"
"吉岡小学校","埼玉県熊谷市万吉2103","36.1202","139.370834"
"万吉弥太郎公園","埼玉県熊谷市万吉2502-115","36.127776","139.37205"
"万平公園","埼玉県熊谷市万平町1-1","36.135803","139.390809"
"箕輪集会所","埼玉県熊谷市箕輪305-1","36.082152","139.412165"
"吉見小学校","埼玉県熊谷市箕輪7","36.088193","139.412691"
"熊谷流通センター内　中央緑地","埼玉県熊谷市問屋町3-1800-59","36.131346","139.426335"
"野原集会所","埼玉県熊谷市野原622-1","36.104052","139.364096"
"野原西部集会所","埼玉県熊谷市野原66-3","36.103661","139.352424"
"妻沼西中学校","埼玉県熊谷市弥藤吾2359-2","36.22602","139.364229"
"めぬま農業研修センター","埼玉県熊谷市弥藤吾2440","36.224297","139.368224"
"県立妻沼高等学校","埼玉県熊谷市弥藤吾480","36.215979","139.382174"
"妻沼児童館","埼玉県熊谷市弥藤吾692-1","36.215569","139.373526"
"妻沼西小学校","埼玉県熊谷市弥藤吾704","36.215557","139.371901"
"新堀第４公園","埼玉県熊谷市籠原中央第一土地区画整理事業地内","36.177214","139.331094"
"新堀第３公園","埼玉県熊谷市籠原中央第一土地区画整理事業地内","36.178015","139.333776"
"新堀第１公園","埼玉県熊谷市籠原中央第一土地区画整理事業地内","36.175052","139.333691"
"新堀第２公園","埼玉県熊谷市籠原中央第一土地区画整理事業地内","36.175967","139.33257"
"新堀第５公園","埼玉県熊谷市籠原中央第一土地区画整理事業地内","36.178887","139.3321"
"籠原南第１公園","埼玉県熊谷市籠原南1-303","36.172988","139.327567"
"籠原南第２公園","埼玉県熊谷市籠原南1-56","36.171801","139.330796"
"籠原中央公園","埼玉県熊谷市籠原南2-102","36.169015","139.328"
"籠原南第３公園","埼玉県熊谷市籠原南3-141","36.17131","139.325057"
"籠原南第４公園","埼玉県熊谷市籠原南3-76","36.169773","139.325799"
"戸田東中学校　校庭","埼玉県戸田市下戸田1-11-15","35.814157","139.68626"
"戸田東中学校　校舎（３階・４階）","埼玉県戸田市下戸田1-11-15","35.814314","139.685594"
"戸田東小学校　校庭","埼玉県戸田市下戸田1-11-15","35.813683","139.687866"
"戸田東小学校　校舎（３階・４階）","埼玉県戸田市下戸田1-11-15","35.814092","139.68778"
"東部福祉センター　施設（３階・４階）","埼玉県戸田市下前1-2-20","35.810617","139.687365"
"喜沢小学校　校庭","埼玉県戸田市喜沢1-48-6","35.811458","139.696395"
"喜沢小学校　校舎（３階・４階）","埼玉県戸田市喜沢1-48-6","35.812056","139.696484"
"喜沢中学校　校舎（３階・４階）","埼玉県戸田市喜沢南1-6-29","35.806483","139.693603"
"喜沢中学校　校庭","埼玉県戸田市喜沢南1-6-29","35.80595","139.693601"
"戸田第二小学校　校舎（３階・４階）","埼玉県戸田市喜沢南2-2-37","35.804464","139.691758"
"戸田第二小学校　校庭","埼玉県戸田市喜沢南2-2-37","35.804578","139.690729"
"戸田公園観覧席","埼玉県戸田市戸田公園6","35.801947","139.675975"
"戸田公園高台広場","埼玉県戸田市戸田公園6","35.801744","139.675655"
"惣右エ門公園","埼玉県戸田市笹目1-38","35.818959","139.652424"
"児童センタープリムローズ　施設（３階）","埼玉県戸田市笹目2-19-14","35.815678","139.652379"
"笹目コミュニティセンター　施設（３階）","埼玉県戸田市笹目3-12-1","35.815457","139.649264"
"笹目東小学校　校庭","埼玉県戸田市笹目3-17-12","35.814824","139.651368"
"笹目東小学校　校舎（３階・４階）","埼玉県戸田市笹目3-17-12","35.815217","139.651069"
"笹目中学校　校庭","埼玉県戸田市笹目4-38-1","35.821597","139.650811"
"笹目中学校　校舎（２階～４階）","埼玉県戸田市笹目4-38-1","35.821916","139.650448"
"笹目小学校　校舎（３階・４階）","埼玉県戸田市笹目6-9-1","35.814691","139.645103"
"笹目小学校　校庭","埼玉県戸田市笹目6-9-1","35.814164","139.64531"
"笹目公園","埼玉県戸田市笹目7-1","35.812363","139.642762"
"上戸田地域交流センター　施設（３階）","埼玉県戸田市上戸田2-21-1","35.812662","139.680848"
"戸田第一小学校　校庭","埼玉県戸田市上戸田3-7-5","35.812873","139.676819"
"戸田第一小学校　校舎（３階）","埼玉県戸田市上戸田3-7-5","35.813413","139.676754"
"戸田市文化会館　施設（３階～５階）","埼玉県戸田市上戸田4-8-1","35.817418","139.676447"
"戸田かけはし高等特別支援学校　校舎（３階・４階）","埼玉県戸田市新曽1093-1","35.819673","139.66505"
"新曽小学校　校舎（３階・４階）","埼玉県戸田市新曽南2-13-8","35.810547","139.663611"
"新曽小学校　校庭","埼玉県戸田市新曽南2-13-8","35.810147","139.66369"
"心身障害者福祉センター　施設（３階）","埼玉県戸田市川岸2-4-8","35.805728","139.686625"
"戸田翔陽高等学校　校庭","埼玉県戸田市大字新曽1093","35.819456","139.66593"
"戸田翔陽高等学校　校舎（３階・４階）","埼玉県戸田市大字新曽1093","35.81875","139.664839"
"戸田市スポーツセンター　グラウンド","埼玉県戸田市大字新曽1286","35.820578","139.665885"
"戸田市スポーツセンター　施設（２階～５階）","埼玉県戸田市大字新曽1286","35.821315","139.665565"
"新曽北小学校　校舎（３階・４階）","埼玉県戸田市大字新曽1367","35.818159","139.664352"
"新曽北小学校　校庭","埼玉県戸田市大字新曽1367","35.817677","139.66472"
"新曽福祉センター　施設（３階・４階）","埼玉県戸田市大字新曽1395","35.814218","139.663921"
"新曽中学校　校舎（２階～４階）","埼玉県戸田市大字新曽1448","35.821333","139.662802"
"新曽中学校　校庭","埼玉県戸田市大字新曽1448","35.821463","139.663583"
"芦原小学校　校舎（２階・３階）","埼玉県戸田市大字新曽1961","35.824531","139.661453"
"芦原小学校　校庭","埼玉県戸田市大字新曽1961","35.825118","139.661512"
"美女木小学校　校庭","埼玉県戸田市美女木2-33-1","35.827545","139.646635"
"美女木小学校　校舎（２階～４階）","埼玉県戸田市美女木2-33-1","35.828037","139.646802"
"新田公園","埼玉県戸田市美女木3-1","35.827123","139.644552"
"南稜高等学校　校庭","埼玉県戸田市美女木4-23-4","35.824705","139.648302"
"南稜高等学校　校舎（２階～５階）","埼玉県戸田市美女木4-23-4","35.824159","139.649199"
"美笹中学校　校舎（２階～４階）","埼玉県戸田市美女木5-12-6","35.819777","139.640396"
"美笹中学校　校庭","埼玉県戸田市美女木5-12-6","35.819469","139.641051"
"西部福祉センター　施設（２階・３階）","埼玉県戸田市美女木5-2-16","35.820908","139.642531"
"美谷本小学校　校舎（２階・３階）","埼玉県戸田市美女木7-11-3","35.826173","139.637084"
"美谷本小学校　校庭","埼玉県戸田市美女木7-11-3","35.825735","139.637078"
"児童センターこどもの国　施設（３階）","埼玉県戸田市本町1-17-7","35.809508","139.680456"
"戸田南小学校　校庭","埼玉県戸田市本町4-8-2","35.806604","139.681314"
"戸田南小学校　校舎（３階・４階）","埼玉県戸田市本町4-8-2","35.807057","139.681314"
"戸田中学校　校庭","埼玉県戸田市本町5-8-46","35.804232","139.676234"
"戸田中学校　校舎（３階・４階）","埼玉県戸田市本町5-8-46","35.804231","139.678352"
"さかえ小学校","埼玉県幸手市栄2-90","36.060584","139.720931"
"権現堂公園２号公園","埼玉県幸手市外国府間170","36.101074","139.725189"
"権現堂公園３号公園","埼玉県幸手市権現堂996","36.092937","139.725876"
"千塚西公園","埼玉県幸手市香日向3-13","36.088338","139.695081"
"幸手看護専門学校","埼玉県幸手市香日向4-5-1","36.087575","139.701511"
"コミュニティセンター","埼玉県幸手市香日向4-5-2","36.087003","139.702333"
"行幸小学校","埼玉県幸手市大字円藤内460-2","36.094229","139.711063"
"幸手市立行幸小学校","埼玉県幸手市大字円藤内460-2","36.094325","139.711299"
"東公民館","埼玉県幸手市大字下宇和田58-6","36.066435","139.76757"
"長倉小学校","埼玉県幸手市大字下川崎242","36.085683","139.709216"
"西中学校","埼玉県幸手市大字下川崎387","36.082661","139.709547"
"東埼玉総合病院（駐車場）","埼玉県幸手市大字吉野517-5","36.053354","139.723077"
"武道館","埼玉県幸手市大字幸手1957-1","36.071837","139.729751"
"日本保健医療大学幸手北キャンパス","埼玉県幸手市大字幸手1961-2","36.072784","139.730916"
"さくら小学校","埼玉県幸手市大字幸手72","36.070195","139.730763"
"上高野小学校","埼玉県幸手市大字上高野1009","36.066426","139.712339"
"南公民館","埼玉県幸手市大字上高野1194","36.062096","139.713096"
"権現堂川小学校","埼玉県幸手市大字神明内570","36.074693","139.742644"
"西公民館","埼玉県幸手市大字千塚117","36.088115","139.709381"
"旧吉田幼稚園","埼玉県幸手市大字惣新田1478","36.055703","139.773892"
"吉田小学校","埼玉県幸手市大字惣新田3159","36.065824","139.772383"
"保健福祉総合センター（ウェルス幸手）","埼玉県幸手市大字天神島1030-1","36.068729","139.736472"
"北公民館","埼玉県幸手市大字内国府間867","36.091244","139.722183"
"権現堂公園４号公園","埼玉県幸手市大字内国府間887-3","36.091702","139.723419"
"市民文化体育館（アスカル）","埼玉県幸手市大字平須賀2380-1","36.067368","139.736962"
"東中学校","埼玉県幸手市大字平須賀2912-3","36.069982","139.753303"
"老人福祉センター","埼玉県幸手市大字木立1513","36.0741","139.750334"
"幸手総合公園","埼玉県幸手市大字木立1779-1","36.082537","139.752335"
"海洋センター","埼玉県幸手市大字木立1779-3","36.084445","139.750039"
"幸手小学校","埼玉県幸手市中3-11-41","36.076038","139.722197"
"八代小学校","埼玉県幸手市平須賀1-14","36.055314","139.74398"
"日本保健医療大学幸手南キャンパス","埼玉県幸手市平須賀2-555","36.059223","139.729"
"幸手桜高等学校","埼玉県幸手市北1-17-59","36.086036","139.718644"
"幸手中学校","埼玉県幸手市北1-7-4","36.082626","139.718385"
"中央公民館","埼玉県幸手市緑台2-1-7","36.069063","139.726312"
"図書館","埼玉県幸手市緑台2-5-25","36.068029","139.728376"
"シルバー人材センター","埼玉県行田市旭町13-24","36.13938","139.466705"
"壱里山公園","埼玉県行田市壱里山町1-51","36.113072","139.434231"
"コミュニティセンターみずしろ分館","埼玉県行田市向町5-3","36.138649","139.462917"
"向町公園","埼玉県行田市向町7","36.136868","139.463544"
"忍・行田公民館","埼玉県行田市佐間1-22-11","36.132694","139.458859"
"南小学校","埼玉県行田市佐間1-25-4","36.130949","139.460116"
"佐間公民館","埼玉県行田市佐間3-1-37","36.129896","139.46983"
"男女共同参画推進センター","埼玉県行田市佐間3-23-6","36.125484","139.467514"
"行田中学校","埼玉県行田市佐間3-3-8","36.129529","139.470552"
"長野中学校","埼玉県行田市桜町2-1-55","36.149941","139.465828"
"西小学校","埼玉県行田市持田3-5-9","36.129411","139.441929"
"城西公園","埼玉県行田市城西3-14","36.138991","139.445807"
"持田公民館","埼玉県行田市城西5-9-26","36.133594","139.441535"
"水城公園","埼玉県行田市水城公園","36.135008","139.457981"
"清水町公園","埼玉県行田市清水町11","36.113928","139.430074"
"太田中学校","埼玉県行田市大字下須戸1164-1","36.139382","139.504409"
"地域交流センター","埼玉県行田市大字下須戸629","36.150624","139.507184"
"太田公民館","埼玉県行田市大字下須戸971","36.142068","139.503445"
"下忍小学校","埼玉県行田市大字下忍2451","36.118169","139.468199"
"犬塚農村公園","埼玉県行田市大字犬塚1460","36.177291","139.453456"
"荒木公民館","埼玉県行田市大字荒木1111","36.163917","139.487782"
"見沼小学校","埼玉県行田市大字荒木1606","36.162296","139.484086"
"見沼中学校","埼玉県行田市大字荒木4892","36.169861","139.47826"
"埼玉中学校","埼玉県行田市大字埼玉4143-1","36.11551","139.492235"
"埼玉公民館","埼玉県行田市大字埼玉4600","36.116138","139.490861"
"埼玉小学校","埼玉県行田市大字埼玉4610-2","36.116683","139.489783"
"さきたま古墳公園","埼玉県行田市大字埼玉4834","36.126231","139.476347"
"西中学校","埼玉県行田市大字持田600","36.128948","139.445317"
"泉小学校","埼玉県行田市大字持田70","36.121417","139.446371"
"総合福祉会館","埼玉県行田市大字酒巻1737-1","36.186598","139.457194"
"古代蓮の里","埼玉県行田市大字小針2375-1","36.131376","139.498399"
"太田小学校","埼玉県行田市大字小針3521","36.144727","139.499203"
"星宮公民館","埼玉県行田市大字上池守46","36.148328","139.442577"
"教育支援センター（旧星宮小学校）","埼玉県行田市大字上池守47","36.14869","139.443294"
"地域文化センター","埼玉県行田市大字真名板1173-2","36.131821","139.523348"
"旧太田東小学校","埼玉県行田市大字真名板955","36.132265","139.52089"
"見沼元圦公園","埼玉県行田市大字須加3792","36.179962","139.472683"
"旧須加小学校","埼玉県行田市大字須加4586","36.186781","139.481005"
"須加公民館","埼玉県行田市大字須加4650-2","36.18581","139.483509"
"星河公民館","埼玉県行田市大字谷郷2082","36.156195","139.462898"
"県立進修館高等学校","埼玉県行田市大字長野1320","36.151962","139.465852"
"県立進修館高等学校（旧行田工業高校）","埼玉県行田市大字長野1354","36.151405","139.468215"
"桜ヶ丘公民館","埼玉県行田市大字長野1812-1","36.151712","139.469697"
"桜ヶ丘小学校","埼玉県行田市大字長野1880","36.152231","139.470528"
"県立行田特別支援学校","埼玉県行田市大字長野4235","36.133333","139.47213"
"南河原中学校","埼玉県行田市大字南河原1081","36.179863","139.431061"
"南河原小学校","埼玉県行田市大字南河原782","36.180911","139.436153"
"南河原公民館","埼玉県行田市大字南河原869","36.17769","139.435094"
"馬見塚公園","埼玉県行田市大字馬見塚540-1","36.167915","139.440914"
"下忍公民館","埼玉県行田市大字樋上214","36.120532","139.470626"
"北河原公民館","埼玉県行田市大字北河原1378","36.190467","139.438758"
"旧北河原小学校","埼玉県行田市大字北河原1517","36.192416","139.436471"
"総合公園","埼玉県行田市大字和田1165","36.153877","139.450381"
"総合体育館","埼玉県行田市大字和田1242","36.152498","139.450637"
"北小学校","埼玉県行田市大字和田94-1","36.161307","139.46217"
"棚田中央公園","埼玉県行田市棚田町1-2","36.124024","139.43545"
"太井公民館","埼玉県行田市棚田町1-58-10","36.120303","139.434459"
"中央児童公園","埼玉県行田市中央6-1","36.141832","139.459985"
"長野公民館","埼玉県行田市長野1-4-8","36.143013","139.468839"
"東小学校","埼玉県行田市長野2-26-8","36.137974","139.47272"
"商工センター","埼玉県行田市忍2-1-8","36.140307","139.457659"
"富士見公園","埼玉県行田市富士見町1-15","36.144052","139.480204"
"県立総合教育センター","埼玉県行田市富士見町2-24","36.150747","139.473928"
"富士見児童交通公園","埼玉県行田市富士見町2-9","36.14937","139.471659"
"忍中学校","埼玉県行田市本丸18-6","36.13677","139.452624"
"産業文化会館駐車場","埼玉県行田市本丸2-20","36.138086","139.456377"
"市役所駐車場","埼玉県行田市本丸2-5","36.139282","139.455793"
"忍城バスターミナル駐車場","埼玉県行田市本丸3-5","36.137161","139.456976"
"コミュニティセンターみずしろ","埼玉県行田市本丸5-10","36.136069","139.457561"
"忍小学校","埼玉県行田市本丸7-20","36.136176","139.455212"
"門井球場","埼玉県行田市門井町2-23","36.118276","139.441757"
"鶴土井公園","埼玉県行田市門井町3-8","36.124269","139.44278"
"ひばり野中央公園","埼玉県鴻巣市ひばり野1-286-91","36.067197","139.525049"
"はぎ公園","埼玉県鴻巣市ひばり野2-13-69","36.066307","139.529202"
"川里中央公園","埼玉県鴻巣市関新田1780-1","36.090042","139.521894"
"宮地公園","埼玉県鴻巣市宮地5-35","36.066629","139.514638"
"糠田運動場","埼玉県鴻巣市糠田1073-1","36.062171","139.485366"
"上谷総合公園","埼玉県鴻巣市上谷707","36.059278","139.550522"
"新宿第１公園","埼玉県鴻巣市新宿1-228","36.114618","139.44161"
"鴻巣宿鞠子公園","埼玉県鴻巣市人形1-3127-1","36.052004","139.517026"
"富士見公園","埼玉県鴻巣市吹上富士見4-777-59","36.096571","139.454199"
"本町せせらぎ公園","埼玉県鴻巣市吹上本町2-238-2","36.106141","139.457"
"上生出塚１号公園","埼玉県鴻巣市生出塚2-785-372","36.062519","139.52974"
"赤見台中央公園","埼玉県鴻巣市赤見台1-8-2","36.086283","139.479078"
"あじさい公園","埼玉県鴻巣市赤見台2-11-1","36.090298","139.476628"
"しいのき公園","埼玉県鴻巣市赤見台3-18-2","36.082876","139.484628"
"赤見台近隣公園","埼玉県鴻巣市赤見台3-4","36.087468","139.480641"
"すずかけ公園","埼玉県鴻巣市赤見台4-31-2","36.079811","139.487133"
"さつき公園","埼玉県鴻巣市赤見台4-7","36.083951","139.481592"
"あかぎ公園","埼玉県鴻巣市赤城台212-51","36.11687","139.509685"
"荒川パノラマ公園","埼玉県鴻巣市大芦1366","36.095538","139.437727"
"荒川総合運動公園","埼玉県鴻巣市大芦2546-1","36.086332","139.444669"
"せせらぎ公園","埼玉県鴻巣市中央28","36.067241","139.522016"
"東町公園","埼玉県鴻巣市東1-37","36.063566","139.514576"
"東裏２号公園","埼玉県鴻巣市東3-1","36.06315","139.518369"
"東裏１号公園","埼玉県鴻巣市東3-72","36.063836","139.520314"
"氷川町２号公園","埼玉県鴻巣市氷川町30","36.051196","139.512254"
"氷川町１号公園","埼玉県鴻巣市氷川町4","36.053793","139.510622"
"ふれあい公園","埼玉県鴻巣市北根821-1","36.110036","139.52612"
"中央児童公園","埼玉県鴻巣市本町3-241","36.059447","139.516161"
"鴻巣公園","埼玉県鴻巣市本町8-3003-1","36.054837","139.515477"
"西清掃センター","埼玉県坂戸市にっさい花みず木1-5","35.972145","139.37648"
"入西公園","埼玉県坂戸市にっさい花みず木4-17","35.970896","139.36526"
"坂戸市文化施設オルモ","埼玉県坂戸市芦山町1-2","35.9726","139.39799"
"芦山公園","埼玉県坂戸市芦山町11","35.971539","139.400965"
"埼玉県立特別支援学校坂戸ろう学園","埼玉県坂戸市鎌倉町14-1","35.966559","139.40539"
"坂戸市文化会館","埼玉県坂戸市元町17-1","35.965855","139.397629"
"溝端公園","埼玉県坂戸市溝端町6","35.973394","139.394092"
"西坂戸運動公園","埼玉県坂戸市西坂戸4-1307-2","35.926143","139.331607"
"坂戸中学校","埼玉県坂戸市千代田1-3-1","35.955828","139.402822"
"千代田小学校","埼玉県坂戸市千代田2-17-5","35.960862","139.408044"
"稲荷久保公園","埼玉県坂戸市千代田4-2-2","35.956723","139.408047"
"千代田中学校","埼玉県坂戸市千代田4-3-1","35.957857","139.409589"
"南小学校","埼玉県坂戸市千代田4-8-1","35.956088","139.408823"
"千代田公園","埼玉県坂戸市千代田5-2","35.958407","139.414251"
"桜中学校","埼玉県坂戸市泉町3-25-8","35.971487","139.388115"
"桜小学校","埼玉県坂戸市泉町3-28-7","35.970688","139.389284"
"三芳野小学校","埼玉県坂戸市大字横沼213-2","35.963376","139.442593"
"入西小学校","埼玉県坂戸市大字新堀265","35.967519","139.37157"
"大家小学校","埼玉県坂戸市大字森戸449-1","35.937708","139.363032"
"若宮中学校","埼玉県坂戸市大字成願寺327-2","35.955155","139.366296"
"坂戸市勝呂地域交流センター","埼玉県坂戸市大字石井1526","35.97814","139.41464"
"勝呂小学校","埼玉県坂戸市大字石井1800","35.977443","139.41834"
"浅羽野中学校","埼玉県坂戸市大字浅羽753-1","35.956897","139.381436"
"浅羽野小学校","埼玉県坂戸市大字浅羽810","35.953707","139.379686"
"城山学園（坂戸市立城山小学校及び坂戸市立城山中学校）","埼玉県坂戸市大字多和目788","35.924721","139.336391"
"住吉中学校","埼玉県坂戸市大字塚越114-1","35.966912","139.4287"
"片柳小学校","埼玉県坂戸市大字片柳501","35.981102","139.402592"
"上谷小学校","埼玉県坂戸市東坂戸1-1","35.952317","139.443719"
"坂戸小学校","埼玉県坂戸市薬師町1650","35.967798","139.39805"
"瑞木小学校","埼玉県三郷市さつき平1-6-1","35.849597","139.87005"
"栄中学校","埼玉県三郷市栄4-325","35.81581","139.87781"
"前川中学校","埼玉県三郷市栄5-141","35.807399","139.873033"
"県立三郷高等学校","埼玉県三郷市花和田620-1","35.830092","139.870008"
"吹上小学校","埼玉県三郷市寄巻921-1","35.796216","139.86599"
"県立三郷特別支援学校","埼玉県三郷市駒形56","35.848129","139.863787"
"前谷小学校","埼玉県三郷市戸ヶ崎2-600","35.800461","139.865624"
"戸ヶ崎小学校","埼玉県三郷市戸ヶ崎3-76-1","35.804924","139.869462"
"旧後谷小学校","埼玉県三郷市後谷36-3","35.860579","139.881884"
"高州小学校","埼玉県三郷市高州2-275","35.788863","139.878598"
"高州東小学校","埼玉県三郷市高州2-409","35.7879","139.883072"
"県営みさと公園","埼玉県三郷市高州３丁目地先","35.785344","139.872944"
"早稲田小学校","埼玉県三郷市三郷3-2-1","35.844843","139.88237"
"瑞沼市民センター","埼玉県三郷市上彦名870","35.851523","139.87026"
"北中学校","埼玉県三郷市泉2-13-1","35.842937","139.863373"
"前間小学校","埼玉県三郷市前間197-1","35.861791","139.888832"
"丹後小学校","埼玉県三郷市早稲田5-3","35.854741","139.885108"
"瑞穂中学校","埼玉県三郷市大広戸1001","35.850406","139.873315"
"県立三郷北高等学校","埼玉県三郷市大広戸808","35.842913","139.875785"
"八木郷小学校","埼玉県三郷市鷹野1-35-1","35.802037","139.887461"
"鷹野小学校","埼玉県三郷市鷹野3-211","35.801595","139.879173"
"南中学校","埼玉県三郷市鷹野3-356","35.805746","139.879316"
"新和小学校","埼玉県三郷市中央2-28-12","35.818943","139.876398"
"江戸川河川敷","埼玉県三郷市田中新田","35.826941","139.887323"
"番匠免運動公園","埼玉県三郷市番匠免３地先","35.838569","139.866501"
"彦糸小学校","埼玉県三郷市彦成3-10-23","35.85957","139.852521"
"獨協医科大学附属看護専門学校三郷校","埼玉県三郷市彦成3-11-21","35.862624","139.858019"
"彦糸中学校","埼玉県三郷市彦成3-14-4","35.861346","139.85173"
"県立三郷工業技術高等学校","埼玉県三郷市彦成3-325","35.851926","139.858803"
"彦郷小学校","埼玉県三郷市彦成3-8-29","35.855924","139.853347"
"彦成中学校","埼玉県三郷市彦成4-1-19","35.855067","139.869133"
"立花小学校","埼玉県三郷市彦成4-3-18","35.853503","139.860972"
"桜小学校","埼玉県三郷市彦成4-5-16","35.856545","139.866644"
"早稲田中学校","埼玉県三郷市彦成5-56","35.857547","139.875379"
"彦成小学校","埼玉県三郷市彦倉1-133","35.839456","139.846564"
"幸房小学校","埼玉県三郷市茂田井88","35.837105","139.875018"
"上富小学校","埼玉県三芳町大字上富1267-4","35.829692","139.501496"
"竹間沢小学校","埼玉県三芳町大字竹間沢550-1","35.827646","139.544548"
"唐沢小学校","埼玉県三芳町大字藤久保410-2","35.833178","139.538465"
"藤久保中学校","埼玉県三芳町大字藤久保420-2","35.834506","139.540135"
"三芳東中学校","埼玉県三芳町大字藤久保610-1","35.831627","139.538553"
"藤久保小学校","埼玉県三芳町大字藤久保7233","35.840626","139.530685"
"三芳小学校","埼玉県三芳町大字北永井343","35.830753","139.517999"
"三芳中学校","埼玉県三芳町大字北永井350","35.829744","139.514679"
"宗岡第三小学校","埼玉県志木市下宗岡1-15-30","35.831149","139.592466"
"宗岡第二中学校","埼玉県志木市下宗岡4-1-10","35.830618","139.597374"
"志木第二小学校","埼玉県志木市館1-2-1","35.827078","139.563347"
"志木第二中学校","埼玉県志木市館1-3-1","35.826344","139.562494"
"志木第四小学校","埼玉県志木市館1-4-1","35.826355","139.560587"
"館近隣公園","埼玉県志木市館2-4","35.828141","139.559392"
"柳瀬川図書館","埼玉県志木市館2-6-14","35.829108","139.563138"
"健康増進センター　（西原ふれあいセンター）","埼玉県志木市幸町3-4-70","35.823008","139.564787"
"県立志木高等学校","埼玉県志木市上宗岡1-1-1","35.841089","139.580709"
"宗岡第四小学校","埼玉県志木市上宗岡1-1-2","35.839665","139.581489"
"福祉センター","埼玉県志木市上宗岡1-5-1","35.842272","139.581562"
"総合福祉センター","埼玉県志木市上宗岡1-5-1","35.842272","139.581562"
"宗岡中学校","埼玉県志木市上宗岡1-8-1","35.842967","139.578904"
"宗岡第二小学校","埼玉県志木市上宗岡3-13-1","35.852886","139.5821"
"秋ヶ瀬運動公園","埼玉県志木市大字宗岡","35.846323","139.596298"
"宗岡小学校","埼玉県志木市中宗岡3-1-1","35.839572","139.589758"
"宗岡公民館","埼玉県志木市中宗岡4-16-11","35.837687","139.591221"
"志木第三小学校","埼玉県志木市柏町3-2-1","35.833195","139.569506"
"志木中学校","埼玉県志木市柏町3-2-2","35.834279","139.569348"
"第二福祉センター","埼玉県志木市柏町3-5-1","35.832299","139.572391"
"武道館","埼玉県志木市柏町3-6-19","35.831116","139.571515"
"いろは遊学館","埼玉県志木市本町1-10-1","35.831104","139.576587"
"志木小学校","埼玉県志木市本町1-10-1","35.831104","139.576587"
"慶應義塾志木高等学校","埼玉県志木市本町4-14-1","35.824126","139.578165"
"春日部市一ノ割公園","埼玉県春日部市一ノ割947-2","35.958423","139.758803"
"春日部市立葛飾中学校","埼玉県春日部市永沼2250-1","35.977947","139.798752"
"春日部夢の森公園","埼玉県春日部市下大増新田391","35.954421","139.738104"
"春日部市立南桜井小学校","埼玉県春日部市下柳3","35.992167","139.795353"
"春日部市立牛島小学校","埼玉県春日部市牛島1080","35.985834","139.777733"
"幸松市民センター","埼玉県春日部市牛島667-1","35.985653","139.772904"
"埼玉県立庄和高等学校","埼玉県春日部市金崎583","35.991952","139.805354"
"春日部市庄和体育館","埼玉県春日部市金崎616","35.989936","139.803919"
"春日部市幸松第二公民館","埼玉県春日部市小渕73-1","35.988848","139.756638"
"春日部市立小渕小学校","埼玉県春日部市小渕905-1","35.998461","139.74925"
"春日部市立江戸川小中学校","埼玉県春日部市上吉妻1","36.018892","139.804978"
"春日部市立大増中学校","埼玉県春日部市上大増新田140","35.962151","139.741205"
"春日部共栄高校","埼玉県春日部市上大増新田213","35.959936","139.741242"
"豊春市民センター","埼玉県春日部市上蛭田101-2","35.966471","139.724414"
"春日部市立宮川小学校","埼玉県春日部市新方袋1090","35.976603","139.725565"
"（旧）春日部市立富多小学校","埼玉県春日部市神間872","36.012047","139.800035"
"子供の町","埼玉県春日部市西金野井337","35.985064","139.805733"
"大凧文化交流センター","埼玉県春日部市西宝珠花593","36.03195","139.809742"
"春日部市薬師沼憩いの家","埼玉県春日部市赤沼475","35.953782","139.794155"
"武里大枝市民センター","埼玉県春日部市大枝８９武里団地2-1","35.94289","139.770456"
"春日部市立武里南小学校","埼玉県春日部市大枝８９武里団地2-1","35.943689","139.770853"
"春日部市健康福祉センター","埼玉県春日部市大枝８９武里団地7-4","35.943354","139.76744"
"春日部市武里南地区公民館","埼玉県春日部市大枝８９武里団地7-5","35.943751","139.766189"
"春日部市民武道館","埼玉県春日部市大沼2-107","35.966477","139.750251"
"春日部市立上沖小学校","埼玉県春日部市大沼5-44","35.96587","139.75694"
"春日部市立大沼中学校","埼玉県春日部市大沼6-75","35.964281","139.750574"
"春日部市大沼公園","埼玉県春日部市大沼7-12","35.964292","139.748378"
"春日部市谷中小記念館","埼玉県春日部市大場656","35.943881","139.76351"
"春日部市立武里西小学校","埼玉県春日部市大場822-1","35.947001","139.764326"
"春日部市庄和市民センター正風館","埼玉県春日部市大衾307-1","35.983159","139.8044"
"春日部市立桜川小学校","埼玉県春日部市大衾496-1","35.98475","139.809015"
"春日部市谷原第１公園","埼玉県春日部市谷原1-3","35.972276","139.745551"
"（旧）春日部市立谷原中学校","埼玉県春日部市谷原新田1507","35.95216","139.749373"
"春日部市立八木崎小学校","埼玉県春日部市中央4-1","35.975161","139.746587"
"春日部市立豊野小学校","埼玉県春日部市銚子口1087","35.960109","139.786092"
"春日部市立豊野中学校","埼玉県春日部市銚子口130","35.964706","139.785516"
"豊野市民センター","埼玉県春日部市銚子口999","35.957505","139.789186"
"春日部市立中野小学校","埼玉県春日部市東中野654","35.972844","139.822258"
"春日部市藤塚公民館","埼玉県春日部市藤塚1670-1","35.975331","139.778875"
"春日部市立藤塚小学校","埼玉県春日部市藤塚82-2","35.962655","139.781407"
"春日部市立豊春小学校","埼玉県春日部市道順川戸37-1","35.967722","139.731273"
"春日部市内牧南公民館","埼玉県春日部市内牧1498","35.984226","139.728192"
"春日部市立内牧小学校","埼玉県春日部市内牧2415-2","35.994166","139.727039"
"春日部市内牧公園","埼玉県春日部市内牧2735-1","35.991023","139.720009"
"内牧市民センター","埼玉県春日部市内牧4398","35.994825","139.72672"
"東部地域振興ふれあい拠点施設「ふれあいキューブ」","埼玉県春日部市南1-1-7","35.978236","139.755302"
"春日部市粕壁南公民館","埼玉県春日部市南1-12-23","35.975609","139.758925"
"春日部市大池憩いの家","埼玉県春日部市南5-7-13","35.96593","139.760782"
"春日部市南栄町第１近隣公園","埼玉県春日部市南栄町17-1","35.983312","139.737713"
"春日部市立豊春中学校","埼玉県春日部市南中曽根107-2","35.973699","139.72681"
"春日部市立立野小学校","埼玉県春日部市南中曽根1074","35.965829","139.738533"
"埼玉県立春日部工業高等学校","埼玉県春日部市梅田本町1-1-1","35.990049","139.745967"
"春日部市立春日部中学校","埼玉県春日部市粕壁4-4-15","35.984838","139.747268"
"埼玉県立春日部高等学校","埼玉県春日部市粕壁5539","35.979795","139.741908"
"春日部市八幡公園","埼玉県春日部市粕壁5597","35.982171","139.743336"
"粕壁市民センター","埼玉県春日部市粕壁6918-1","35.977252","139.742925"
"春日部市民文化会館","埼玉県春日部市粕壁東2-8-61","35.981945","139.760288"
"春日部市立粕壁小学校","埼玉県春日部市粕壁東3-2-19","35.97895","139.759185"
"埼玉県立春日部女子高等学校","埼玉県春日部市粕壁東6-1-1","35.979479","139.766892"
"春日部市立武里中学校","埼玉県春日部市薄谷3","35.956228","139.758898"
"春日部市立幸松小学校","埼玉県春日部市八丁目353-1","35.986231","139.761423"
"春日部市立飯沼中学校","埼玉県春日部市飯沼180","35.968449","139.810049"
"春日部市立東中学校","埼玉県春日部市樋堀181-1","35.984113","139.767098"
"春日部市牛島公園","埼玉県春日部市樋堀626","35.9866","139.771309"
"埼玉県立春日部東高等学校","埼玉県春日部市樋籠363","35.988694","139.768462"
"春日部市武里市民センター","埼玉県春日部市備後西1-13-2","35.958839","139.766026"
"春日部市立備後小学校","埼玉県春日部市備後西3-2-1","35.954063","139.768242"
"春日部市立武里小学校","埼玉県春日部市備後西5-5-2","35.955199","139.761959"
"春日部市立正善小学校","埼玉県春日部市備後東6-2-1","35.952197","139.773123"
"春日部市武里東公民館","埼玉県春日部市備後東7-38-16","35.952947","139.772127"
"春日部市立春日部南中学校","埼玉県春日部市武里中野746","35.950626","139.758066"
"庄和南公民館","埼玉県春日部市米崎357","35.973769","139.804623"
"春日部市立川辺小学校","埼玉県春日部市米島756","35.97323","139.811043"
"春日部市豊春第二公民館","埼玉県春日部市豊町5-14-1","35.968741","139.736182"
"春日部市男女共同参画推進センター","埼玉県春日部市緑町3-3-17","35.974272","139.768677"
"春日部市立緑小学校","埼玉県春日部市緑町5-4-1","35.970479","139.772146"
"春日部市立緑中学校","埼玉県春日部市緑町5-9-38","35.966522","139.771609"
"清進小学校","埼玉県所沢市けやき台1-38-1","35.800638","139.453166"
"所沢中学校","埼玉県所沢市けやき台2-44-1","35.797805","139.458887"
"慈光幼稚園","埼玉県所沢市下安松464-21","35.784077","139.497543"
"安松小学校","埼玉県所沢市下安松755-1","35.787329","139.503202"
"若松小学校","埼玉県所沢市下新井1231-2","35.799466","139.488981"
"富岡小学校","埼玉県所沢市下富647-5","35.829184","139.466953"
"西富小学校","埼玉県所沢市岩岡町676-1","35.816726","139.443511"
"所沢高等学校","埼玉県所沢市久米1234","35.784769","139.460581"
"南陵中学校","埼玉県所沢市久米1470","35.782357","139.464399"
"牛沼小学校","埼玉県所沢市牛沼21","35.794806","139.492178"
"東中学校","埼玉県所沢市牛沼605-1","35.796255","139.495652"
"所沢小学校","埼玉県所沢市元町7-37","35.788576","139.465623"
"向陽中学校","埼玉県所沢市向陽町2124","35.810304","139.446031"
"荒幡小学校","埼玉県所沢市荒幡615","35.776126","139.44815"
"柳瀬中学校","埼玉県所沢市坂之下960","35.805652","139.523796"
"柳瀬小学校","埼玉県所沢市坂之下964","35.806008","139.522324"
"早稲田大学","埼玉県所沢市三ケ島2-579-15","35.785045","139.398573"
"芸術総合高等学校","埼玉県所沢市三ケ島2-695-1","35.786701","139.404672"
"三ヶ島中学校","埼玉県所沢市三ケ島3-1407-1","35.796407","139.406982"
"三ヶ島小学校","埼玉県所沢市三ケ島5-791-4","35.793582","139.404492"
"山口中学校","埼玉県所沢市山口1345","35.782663","139.438799"
"山口小学校","埼玉県所沢市山口1550","35.779692","139.433463"
"椿峰中央公園","埼玉県所沢市山口5050","35.783155","139.436894"
"泉小学校","埼玉県所沢市山口657","35.783274","139.447994"
"若狭小学校","埼玉県所沢市若狭1-2946","35.808112","139.420056"
"小手指小学校","埼玉県所沢市小手指元町2-29-2","35.791347","139.435451"
"小手指中学校","埼玉県所沢市小手指元町3-28-11","35.791261","139.429627"
"北野公園","埼玉県所沢市小手指町4-3","35.798259","139.434258"
"椿峰小学校","埼玉県所沢市小手指南5-20-1","35.783921","139.430858"
"松が丘中央公園","埼玉県所沢市松が丘1-23-9","35.774405","139.459672"
"安松保育園","埼玉県所沢市上安松582","35.786518","139.490303"
"松井小学校","埼玉県所沢市上安松895","35.789547","139.48946"
"上山口中学校","埼玉県所沢市上山口72","35.779823","139.425218"
"上新井小学校","埼玉県所沢市上新井5-36-7","35.797007","139.450094"
"富岡中学校","埼玉県所沢市神米金404","35.824702","139.460949"
"伸栄小学校","埼玉県所沢市中新井1-93-1","35.816607","139.464572"
"富士見公園","埼玉県所沢市中新井3-726-6","35.816216","139.475759"
"中富小学校","埼玉県所沢市中富1004-1","35.820516","139.48703"
"道傍公園","埼玉県所沢市中富南2-20","35.811882","139.493675"
"日本大学","埼玉県所沢市中富南4-21","35.815547","139.496915"
"狭山ヶ丘中学校","埼玉県所沢市東狭山ケ丘5-893","35.817127","139.428174"
"宮前小学校","埼玉県所沢市東狭山ケ丘6-2777-1","35.817681","139.426112"
"東所沢小学校","埼玉県所沢市東所沢2-26-1","35.799679","139.513794"
"和田小学校","埼玉県所沢市東所沢和田1-39","35.791273","139.508368"
"安松中学校","埼玉県所沢市東所沢和田2-19","35.793939","139.508301"
"県立所沢おおぞら特別支援学校","埼玉県所沢市南永井619-7","35.814437","139.524588"
"南小学校","埼玉県所沢市南住吉18-29","35.782986","139.467313"
"所沢航空記念公園","埼玉県所沢市並木1-13","35.7977","139.474538"
"美原小学校","埼玉県所沢市並木5-1","35.809298","139.462343"
"美原中学校","埼玉県所沢市並木5-2","35.809303","139.46354"
"所沢市民体育館","埼玉県所沢市並木5-3","35.809863","139.462327"
"所沢北高等学校","埼玉県所沢市並木5-4","35.811361","139.462901"
"並木小学校","埼玉県所沢市並木6-2","35.801855","139.47437"
"中央中学校","埼玉県所沢市並木6-3","35.802283","139.476596"
"生涯学習推進センター","埼玉県所沢市並木6-4-1","35.802836","139.478942"
"所沢中央高等学校","埼玉県所沢市並木8-2","35.811398","139.474824"
"中央小学校","埼玉県所沢市並木8-4","35.811899","139.475271"
"北秋津小学校","埼玉県所沢市北秋津623","35.783496","139.479981"
"北中小学校","埼玉県所沢市北中1-250","35.806057","139.428832"
"北野小学校","埼玉県所沢市北野2-4-1","35.796398","139.425137"
"北野中学校","埼玉県所沢市北野2-4-10","35.796645","139.423871"
"所沢西高等学校","埼玉県所沢市北野新町2-5-11","35.801554","139.427297"
"明峰小学校","埼玉県所沢市北有楽町26-20","35.79704","139.464697"
"北小学校","埼玉県所沢市緑町1-10-33","35.805147","139.450765"
"緑町中央公園","埼玉県所沢市緑町1-7","35.803722","139.452732"
"所沢商業高等学校","埼玉県所沢市林2-88","35.801628","139.400796"
"林小学校","埼玉県所沢市和ケ原3-95-8","35.803575","139.402265"
"下小鹿野運動場","埼玉県小鹿野町下小鹿野1170-2","36.014812","139.031481"
"奈倉会館","埼玉県小鹿野町下小鹿野124","36.021642","139.042767"
"信濃石会館","埼玉県小鹿野町下小鹿野1381-1","36.012405","139.025476"
"三嶋会館","埼玉県小鹿野町下小鹿野2173-2","36.014863","139.016092"
"泉田会館","埼玉県小鹿野町下小鹿野634-1","36.017188","139.036904"
"三田川第１１区集会所","埼玉県小鹿野町河原沢996-1","36.051272","138.873841"
"納宮休憩所","埼玉県小鹿野町三山2372","36.040728","138.894953"
"小鹿野中学校、第一体育館及び第二体育館","埼玉県小鹿野町小鹿野146","36.017542","139.005766"
"小鹿野文化センター","埼玉県小鹿野町小鹿野167-1","36.01785","139.006042"
"春日町会館","埼玉県小鹿野町小鹿野1907-1","36.01972","139.008063"
"小鹿野小学校及び体育館","埼玉県小鹿野町小鹿野2678","36.018542","139.00991"
"おがのこども園","埼玉県小鹿野町小鹿野2743","36.018126","139.011484"
"おがの保育所","埼玉県小鹿野町小鹿野2744","36.018078","139.010899"
"中島公会堂","埼玉県小鹿野町小鹿野49","36.016164","139.011418"
"原町文化会館","埼玉県小鹿野町小鹿野564-1","36.022728","138.997494"
"小鹿野高等学校体育館","埼玉県小鹿野町小鹿野962-1","36.024049","138.99732"
"旗居集会所","埼玉県小鹿野町長留1541-1","35.993836","139.030376"
"番場中央集会所","埼玉県小鹿野町長留2301-3","35.989641","139.032981"
"秩父ミューズパーク","埼玉県小鹿野町長留2518","35.995877","139.054575"
"秩父ミューズパーク","埼玉県小鹿野町長留2523","35.982449","139.042706"
"長若１２区集会所","埼玉県小鹿野町長留3047","35.984552","139.031983"
"長若第１区集会所","埼玉県小鹿野町長留326-1","36.011461","139.04262"
"長留観光農林漁業経営管理所","埼玉県小鹿野町長留3532-3","35.981884","139.027157"
"長若第１４区集会所","埼玉県小鹿野町長留4060-3","35.974405","139.018478"
"松井田集会所","埼玉県小鹿野町長留547-3","36.00864","139.040529"
"下長留集会所","埼玉県小鹿野町長留939-1","36.002856","139.038114"
"藤倉集会所","埼玉県小鹿野町藤倉3131-2","36.064905","138.917588"
"日尾第一グラウンド","埼玉県小鹿野町日尾1487-2","36.050987","138.95405"
"柿久保観光農林漁業経営管理所","埼玉県小鹿野町般若2690","35.995644","139.0167"
"般若の丘・いきいき館","埼玉県小鹿野町般若361","36.00598","139.031319"
"長若第５区集会所","埼玉県小鹿野町般若629-1","36.002709","139.032415"
"旧長若中学校及び長若体育館","埼玉県小鹿野町般若902","35.998583","139.031723"
"子育て支援センター","埼玉県小鹿野町飯田2732","36.028217","138.9686"
"旧三田川中学校及び三田川体育館","埼玉県小鹿野町飯田323","36.029768","138.986004"
"武道場","埼玉県小鹿野町飯田334","36.029199","138.987573"
"松坂会館","埼玉県小鹿野町飯田727","36.031309","138.984654"
"両神１区生活改善センター","埼玉県小鹿野町両神薄158-2","36.022299","138.988897"
"両神小学校及び体育館","埼玉県小鹿野町両神薄2662","36.011479","138.973061"
"旧両神学童保育室","埼玉県小鹿野町両神薄2763","36.014832","138.974149"
"両神３区集会所","埼玉県小鹿野町両神薄2828","36.014573","138.97231"
"旧両神中学校及び両神体育館","埼玉県小鹿野町両神薄2900","36.013662","138.969914"
"両神学童保育室","埼玉県小鹿野町両神薄2901-1","36.013921","138.97049"
"両神振興会館","埼玉県小鹿野町両神薄2906","36.013177","138.970962"
"下薄農民センター","埼玉県小鹿野町両神薄897-3","36.021644","138.982611"
"みどりが丘小学校体育館","埼玉県小川町みどりが丘4-21-1","36.075198","139.263272"
"下里三区区民センター","埼玉県小川町大字下里1229","36.046038","139.28863"
"小川町農村センター","埼玉県小川町大字下里459-1","36.035971","139.282135"
"小川中学校体育館　旧：欅台中学校","埼玉県小川町大字角山1192","36.067398","139.258402"
"諏訪会館","埼玉県小川町大字笠原229-3","36.06748","139.240462"
"中高谷公会堂","埼玉県小川町大字高谷849-2","36.076378","139.272785"
"大河小学校体育館","埼玉県小川町大字腰越209","36.051381","139.245066"
"大河公民館","埼玉県小川町大字腰越43","36.052336","139.247889"
"パトリアおがわ（総合福祉センター）","埼玉県小川町大字腰越618","36.044945","139.237541"
"上勝呂会館","埼玉県小川町大字勝呂203-4","36.076901","139.220979"
"深田区民センター","埼玉県小川町大字勝呂44-135","36.071917","139.229705"
"竹沢公民館","埼玉県小川町大字勝呂799","36.074038","139.232471"
"道の駅おがわまち","埼玉県小川町大字小川1220-1","36.051927","139.280811"
"東中学校体育館","埼玉県小川町大字小川1767-1","36.054845","139.283515"
"小川小学校体育館","埼玉県小川町大字小川377","36.053835","139.268993"
"八和田公民館","埼玉県小川町大字上横田1776","36.076","139.287046"
"八和田小学校体育館","埼玉県小川町大字上横田527","36.077211","139.287998"
"青上集落センター","埼玉県小川町大字青山1266-1","36.046464","139.24641"
"青一公会堂","埼玉県小川町大字青山636-2","36.050689","139.26357"
"旧西中学校体育館","埼玉県小川町大字増尾250","36.055992","139.244859"
"県立小川高等学校体育館","埼玉県小川町大字大塚1105","36.059408","139.260993"
"リリックおがわ（中央公民館・町民会館）","埼玉県小川町大字大塚55","36.057314","139.26218"
"大塚コミュニティセンター","埼玉県小川町大字大塚897-1","36.060114","139.255887"
"町立図書館","埼玉県小川町大字大塚99-1","36.054763","139.257435"
"木部区民センター","埼玉県小川町大字木部182-1","36.070132","139.233096"
"竹沢小学校体育館","埼玉県小川町大字木部90","36.075517","139.234813"
"木呂子区民センター・公会堂","埼玉県小川町大字木呂子356-3","36.081115","139.217442"
"旧東小川小学校体育館","埼玉県小川町東小川2-21","36.056243","139.289037"
"旧上野台中学校体育館","埼玉県小川町東小川2-22","36.054799","139.289552"
"わかば公園","埼玉県松伏町ゆめみ野1-1645-2","35.922794","139.82006"
"くすのき公園","埼玉県松伏町ゆめみ野4-12","35.921321","139.824968"
"もみじ公園","埼玉県松伏町ゆめみ野5-8-11","35.923447","139.823398"
"松伏町立松伏小学校","埼玉県松伏町ゆめみ野東1-1-2","35.926032","139.825905"
"埼玉県立松伏高等学校","埼玉県松伏町ゆめみ野東2-7-1","35.92438","139.83"
"松伏記念公園","埼玉県松伏町ゆめみ野東3-14-1","35.922622","139.830021"
"松伏町中央公民館","埼玉県松伏町ゆめみ野東3-14-6","35.923297","139.831427"
"松伏町Ｂ＆Ｇ海洋センター","埼玉県松伏町ゆめみ野東3-14-8","35.922683","139.831537"
"松伏町外前野記念会館","埼玉県松伏町ゆめみ野東3-4-1","35.923391","139.828627"
"松伏総合公園","埼玉県松伏町ゆめみ野東4-1-1","35.92005","139.830243"
"松伏町児童館","埼玉県松伏町松葉1-6-3","35.926888","139.821487"
"けやき公園","埼玉県松伏町松葉1-7-2","35.927349","139.82309"
"松伏町地域子育て支援センター","埼玉県松伏町大字松伏2428-1","35.924743","139.814501"
"内前野公園","埼玉県松伏町大字松伏2489","35.922302","139.816285"
"松伏町ふれあいセンター","埼玉県松伏町大字松伏357","35.932955","139.825237"
"かがり火公園","埼玉県松伏町大字松伏4770-1","35.930486","139.818671"
"松伏町多世代交流学習館","埼玉県松伏町大字上赤岩1253","35.920489","139.819646"
"松伏町立松伏第二中学校","埼玉県松伏町大字上赤岩711","35.916508","139.825091"
"松伏町立松伏中学校","埼玉県松伏町大字大川戸1136","35.938961","139.826067"
"県営まつぶし緑の丘公園","埼玉県松伏町大字大川戸2606-1","35.945848","139.809183"
"松伏町立金杉小学校","埼玉県松伏町大字大川戸3854","35.948315","139.824652"
"松伏町北部サービスセンター","埼玉県松伏町大字築比地678-4","35.952112","139.830282"
"松伏町立かるがもセンター","埼玉県松伏町大字田島1524","35.936227","139.830203"
"松伏町立第一保育所","埼玉県松伏町大字田島1557-1","35.936643","139.829861"
"田中第三公園","埼玉県松伏町田中1-22-1","35.92248","139.810779"
"松伏町立松伏第二小学校","埼玉県松伏町田中1-4-6","35.925245","139.813574"
"田中第五公園","埼玉県松伏町田中2-1","35.927412","139.814794"
"田中第四公園","埼玉県松伏町田中2-13","35.925217","139.809781"
"田中第二公園","埼玉県松伏町田中3-20-1","35.923362","139.806752"
"田中第一公園","埼玉県松伏町田中3-29-1","35.920348","139.806928"
"田島東公園","埼玉県松伏町田島東2-1","35.930723","139.840092"
"上尾中学校","埼玉県上尾市愛宕3-23-34","35.966621","139.599734"
"上尾運動公園","埼玉県上尾市愛宕3-28-30","35.967788","139.602845"
"山王公園","埼玉県上尾市井戸木1-12","35.98996","139.563693"
"東公園","埼玉県上尾市井戸木2-12","35.993172","139.563585"
"新田公園","埼玉県上尾市井戸木2-42","35.991141","139.560453"
"地蔵公園","埼玉県上尾市井戸木3-12","35.989774","139.556928"
"大石北小学校","埼玉県上尾市井戸木4-23","35.985664","139.561685"
"井戸木公園","埼玉県上尾市井戸木4-35","35.987328","139.559813"
"どんぐり公園","埼玉県上尾市壱丁目東17-1","35.959151","139.572323"
"アスレチックパーク","埼玉県上尾市壱丁目東4-1","35.957065","139.574405"
"グランドゴルフパーク","埼玉県上尾市壱丁目南29-1","35.953637","139.568024"
"モミノキ公園","埼玉県上尾市壱丁目北4-1","35.960232","139.57093"
"瓦葺ふれあい広場","埼玉県上尾市瓦葺103-1","35.968886","139.63985"
"むじなや公園","埼玉県上尾市瓦葺1525-5","35.956784","139.636039"
"瓦葺中学校","埼玉県上尾市瓦葺163","35.967844","139.640999"
"かわらぶき公園","埼玉県上尾市瓦葺2253","35.958118","139.646168"
"瓦葺小学校","埼玉県上尾市瓦葺2260","35.95977","139.647037"
"尾山台団地５街区広場","埼玉県上尾市瓦葺2716","35.960845","139.640579"
"前原公園","埼玉県上尾市瓦葺3215","35.954466","139.644799"
"尾山台小学校","埼玉県上尾市瓦葺509-1","35.963134","139.63907"
"錦町西公園","埼玉県上尾市錦町11-1","35.989195","139.586852"
"錦町中央公園","埼玉県上尾市錦町7-7","35.98826","139.589237"
"原市台公園","埼玉県上尾市原市1795","35.975408","139.622284"
"県立上尾鷹の台高等学校","埼玉県上尾市原市2800","35.971523","139.631887"
"原市団地中央グラウンド","埼玉県上尾市原市3336","35.965786","139.629316"
"原市中学校","埼玉県上尾市原市3479","35.966103","139.627054"
"原市小学校","埼玉県上尾市原市3508-1","35.967433","139.625011"
"白山公園","埼玉県上尾市原市3950-1","35.96079","139.630966"
"原市南小学校","埼玉県上尾市原市3990","35.959489","139.633556"
"稲荷公園","埼玉県上尾市原市中1-4-2","35.969187","139.622643"
"原新町南公園","埼玉県上尾市原新町4-6","35.983176","139.579851"
"聖学院大学","埼玉県上尾市戸崎1-1","35.938315","139.596588"
"県立中央高等技術専門校","埼玉県上尾市戸崎975","35.948595","139.594173"
"五番町第一公園","埼玉県上尾市五番町20","35.963942","139.619961"
"五番町第二公園","埼玉県上尾市五番町8","35.965888","139.61762"
"もみじ公園","埼玉県上尾市向山1-20","35.962112","139.583882"
"みずき公園","埼玉県上尾市向山1-4","35.96257","139.586149"
"ならのき公園","埼玉県上尾市向山2-42","35.957769","139.577221"
"さくら公園","埼玉県上尾市向山3-42","35.963556","139.580053"
"大谷中学校","埼玉県上尾市向山4-10","35.960012","139.575618"
"ゆりが丘公園","埼玉県上尾市向山4-15","35.961959","139.574792"
"市民体育館","埼玉県上尾市向山4-3-10","35.962155","139.576128"
"和泉公園","埼玉県上尾市今泉1-24","35.969404","139.57274"
"けやき公園","埼玉県上尾市今泉1-5-1","35.969202","139.575771"
"西小学校","埼玉県上尾市今泉1-7-2","35.97001","139.574071"
"今泉小学校","埼玉県上尾市今泉268","35.962541","139.570897"
"こどもの城公園","埼玉県上尾市今泉271-2","35.962714","139.568748"
"児童館こどもの城","埼玉県上尾市今泉272","35.962059","139.568906"
"西上尾第一団地１街区グラウンド","埼玉県上尾市今泉324-1","35.965043","139.566328"
"西中学校","埼玉県上尾市今泉515","35.966842","139.578027"
"春日第一公園","埼玉県上尾市春日1-42","35.97899","139.58116"
"春日第三公園","埼玉県上尾市春日2-19","35.978194","139.57767"
"春日第二公園","埼玉県上尾市春日2-4","35.976932","139.57934"
"どんぐり山公園","埼玉県上尾市小泉1-6","35.969331","139.570449"
"神明公園","埼玉県上尾市小泉3-14","35.974422","139.569568"
"小泉中央公園","埼玉県上尾市小泉35-141","35.968402","139.56495"
"ひばり山公園","埼玉県上尾市小泉5-9","35.978117","139.566343"
"小泉氷川山公園","埼玉県上尾市小泉8-1","35.973688","139.564894"
"天神公園","埼玉県上尾市小泉9-12","35.976531","139.562749"
"大石公民館","埼玉県上尾市小泉9-28-1","35.976264","139.558646"
"大石小学校","埼玉県上尾市小泉9-28-2","35.976083","139.559399"
"大石南中学校","埼玉県上尾市小敷谷1105","35.962342","139.552954"
"太平中学校","埼玉県上尾市小敷谷2-3","35.953792","139.565516"
"西上尾第二団地中央グラウンド","埼玉県上尾市小敷谷77-1","35.954776","139.561054"
"西上尾第一団地３街区グラウンド","埼玉県上尾市小敷谷858-2","35.964929","139.560721"
"町谷第一公園","埼玉県上尾市上17-13","35.991742","139.573704"
"中央小学校","埼玉県上尾市上町1-15-4","35.978621","139.590444"
"東小学校","埼玉県上尾市上尾村1171-2","35.985552","139.595177"
"東中学校","埼玉県上尾市上尾村479","35.989055","139.594412"
"ぼうの下公園","埼玉県上尾市上平中央1-25","35.991243","139.581661"
"やまの下公園","埼玉県上尾市上平中央1-3","35.988657","139.583269"
"芝川小学校","埼玉県上尾市上平中央1-8-1","35.989555","139.583777"
"なかはら公園","埼玉県上尾市上平中央2-4","35.990646","139.585338"
"こうしん山公園","埼玉県上尾市上平中央3-4-1","35.990125","139.588173"
"べにばな公園","埼玉県上尾市上平中央3-42","35.993755","139.585944"
"秀明英光高等学校","埼玉県上尾市上野1012","35.940923","139.553542"
"上平中学校","埼玉県上尾市菅谷121","35.995925","139.592698"
"上平公園","埼玉県上尾市菅谷16","35.992406","139.592479"
"西貝塚環境センター","埼玉県上尾市西貝塚35-1","35.935516","139.553068"
"西宮下公園","埼玉県上尾市西宮下4-237-1","35.967264","139.589214"
"鴨川小学校","埼玉県上尾市西宮下4-400","35.96331","139.587395"
"水神公園","埼玉県上尾市泉台1-5","35.981066","139.563845"
"梅田公園","埼玉県上尾市泉台2-9","35.985545","139.558253"
"藤見公園","埼玉県上尾市泉台3-12","35.990547","139.553917"
"浅間台第一公園","埼玉県上尾市浅間台1-10","35.981909","139.577863"
"県立上尾高等学校","埼玉県上尾市浅間台1-6-1","35.9841","139.575993"
"浅間台第二公園","埼玉県上尾市浅間台2-6","35.980337","139.575664"
"浅間台第三公園","埼玉県上尾市浅間台3-13","35.975929","139.574438"
"浅間台大公園","埼玉県上尾市浅間台3-35","35.977043","139.570327"
"浅間台第四公園","埼玉県上尾市浅間台4-13","35.980591","139.567819"
"南中学校","埼玉県上尾市大谷本郷124","35.958925","139.588262"
"大谷小学校","埼玉県上尾市大谷本郷528","35.955261","139.583307"
"大谷公民館","埼玉県上尾市大谷本郷949-1","35.95892","139.585408"
"中妻第一公園","埼玉県上尾市中妻1-4","35.985742","139.575204"
"中妻第二公園","埼玉県上尾市中妻2-14","35.982319","139.570327"
"宮前公園","埼玉県上尾市中妻3-16","35.983948","139.568338"
"大石中学校","埼玉県上尾市中妻4-19","35.981913","139.565212"
"かえで公園","埼玉県上尾市中妻5-13","35.987096","139.566762"
"鴨川中央公園","埼玉県上尾市中妻5-33","35.984267","139.562441"
"県立上尾南高等学校","埼玉県上尾市中新井585","35.946853","139.585416"
"下芝公園","埼玉県上尾市中分1-19-1","35.971138","139.559046"
"大久保公園","埼玉県上尾市中分1-8-1","35.968333","139.559363"
"上尾小学校","埼玉県上尾市仲町1-11-46","35.972933","139.593677"
"東町公園","埼玉県上尾市東町1-1477-1","35.974028","139.60186"
"東町小学校","埼玉県上尾市東町3-1947","35.974254","139.605422"
"県立上尾特別支援学校","埼玉県上尾市東町3-2009-3","35.976083","139.604485"
"上平小学校","埼玉県上尾市南102","35.996444","139.584851"
"上平北小学校","埼玉県上尾市南287","36.003631","139.58697"
"県立武道館スポーツ総合センター","埼玉県上尾市日の出4-1877","35.97097","139.608753"
"上尾市コミュニティセンター","埼玉県上尾市柏座4-2-3","35.97151","139.579314"
"富士見小学校","埼玉県上尾市柏座4-3-8","35.970545","139.581213"
"大石南小学校","埼玉県上尾市畔吉1333","35.969303","139.553766"
"平塚公園","埼玉県上尾市平塚1212-1","35.986599","139.609341"
"県立上尾かしの木特別支援学校","埼玉県上尾市平塚1281-1","35.987246","139.611758"
"平塚サッカー場","埼玉県上尾市平塚536-1","35.981507","139.615868"
"平方小学校","埼玉県上尾市平方1346-1","35.947072","139.556982"
"県立上尾橘高等学校","埼玉県上尾市平方2187-1","35.947179","139.548823"
"上尾丸山公園","埼玉県上尾市平方3326","35.957692","139.548837"
"平方北小学校","埼玉県上尾市平方3657","35.957447","139.556305"
"平方東小学校","埼玉県上尾市平方4354-2","35.953901","139.56403"
"緑丘公園","埼玉県上尾市緑丘5-15-3","35.98679","139.587964"
"上里北中学校　※２階以上","埼玉県上里町大字金久保249","36.259923","139.141877"
"賀美公民館　※２階以上","埼玉県上里町大字金久保693-1","36.265403","139.133389"
"賀美小学校　※２階以上","埼玉県上里町大字金久保862","36.267296","139.131121"
"賀美児童館","埼玉県上里町大字金久保889","36.266942","139.131881"
"上里東小学校","埼玉県上里町大字七本木1573","36.243963","139.147573"
"上里東公民館","埼玉県上里町大字七本木1791-1","36.243012","139.148626"
"上里町東児童館","埼玉県上里町大字七本木1800-3","36.243078","139.149041"
"かみさと荘　※屋外","埼玉県上里町大字七本木286","36.247274","139.138302"
"保健センター　※洪水時　２階以上　地震時　屋外","埼玉県上里町大字七本木307","36.246937","139.138501"
"多目的スポーツホール","埼玉県上里町大字七本木3202-2","36.236463","139.142701"
"町民体育館　※２階以上","埼玉県上里町大字七本木3202-2","36.23655","139.142169"
"七本木公民館　※洪水時　２階以上　地震時　屋外","埼玉県上里町大字七本木3227-2","36.235802","139.141617"
"上里中学校　※２階以上","埼玉県上里町大字七本木336","36.245628","139.138623"
"七本木児童公園","埼玉県上里町大字七本木392","36.236555","139.139187"
"七本木児童館・男女共同参画センター","埼玉県上里町大字七本木393","36.236782","139.139708"
"七本木小学校　※２階以上","埼玉県上里町大字七本木455","36.23666","139.137635"
"あおぞらパーク","埼玉県上里町大字七本木5328","36.250587","139.150513"
"空の杜保育園","埼玉県上里町大字七本木5592","36.250721","139.144037"
"図書館・郷土資料館　※２階以上","埼玉県上里町大字七本木67","36.252362","139.141151"
"ワープ上里・中央公民館　※２階以上","埼玉県上里町大字七本木71","36.251838","139.14076"
"神保原公民館・神保原児童館　※２階以上","埼玉県上里町大字神保原1393","36.261978","139.153796"
"神保原小学校　※２階以上","埼玉県上里町大字神保原814","36.261167","139.15205"
"長久保公園","埼玉県上里町大字大御堂1450-2","36.225117","139.131158"
"長幡児童館・長幡公民館","埼玉県上里町大字長浜977-1","36.237106","139.117931"
"長幡小学校　※２階以上","埼玉県上里町大字藤木戸145","36.238951","139.117256"
"栗原小学校","埼玉県新座市栗原1-5-1","35.763278","139.551115"
"栗原公民館","埼玉県新座市栗原3-8-34","35.76112","139.550786"
"栗原ふれあいの家","埼玉県新座市栗原5-2-15","35.762668","139.545406"
"新座小学校","埼玉県新座市新座3-4-1","35.819553","139.554461"
"栄小学校","埼玉県新座市新塚1-1-1","35.778577","139.587788"
"新座総合技術高校","埼玉県新座市新塚1-3-1","35.77882","139.584848"
"新堀小学校","埼玉県新座市新堀1-16-5","35.772912","139.529703"
"西堀新堀コミュニティセンター","埼玉県新座市新堀1-5-9","35.772002","139.535798"
"十文字学園女子大学","埼玉県新座市菅沢2-1-28","35.799709","139.551151"
"西堀小学校","埼玉県新座市西堀2-18-3","35.776519","139.539813"
"石神小学校","埼玉県新座市石神1-10-20","35.775237","139.552087"
"新開小学校","埼玉県新座市大和田1-22-10","35.811014","139.555878"
"大和田公民館","埼玉県新座市大和田1-26-16","35.812621","139.5546"
"新座柳瀬高校","埼玉県新座市大和田4-12-1","35.815937","139.551359"
"第四中学校","埼玉県新座市大和田4-17-1","35.818273","139.553397"
"第三中学校","埼玉県新座市池田1-1-1","35.776798","139.573113"
"新座高校","埼玉県新座市池田1-1-2","35.775452","139.573935"
"池田小学校","埼玉県新座市池田4-8-49","35.771722","139.575585"
"跡見学園女子大学","埼玉県新座市中野1-9-6","35.816958","139.542674"
"西武台高校","埼玉県新座市中野2-9-1","35.818493","139.547225"
"東北コミュニティセンター","埼玉県新座市東北2-28-5","35.820356","139.571923"
"中央公民館","埼玉県新座市道場2-14-12","35.770008","139.562058"
"第四小学校","埼玉県新座市馬場3-6-1","35.779022","139.577005"
"畑中公民館","埼玉県新座市畑中1-15-58","35.785304","139.572959"
"片山小学校","埼玉県新座市片山1-8-31","35.770499","139.566752"
"立教新座中学・高校","埼玉県新座市北野1-2-25","35.814974","139.567308"
"立教大学新座キャンパス","埼玉県新座市北野1-2-26","35.813511","139.565913"
"東北小学校","埼玉県新座市北野3-1-1","35.81773","139.568227"
"第六中学校","埼玉県新座市堀ノ内3-11-1","35.776532","139.556242"
"市民総合体育館","埼玉県新座市本多2-1-20","35.785203","139.553176"
"市民会館","埼玉県新座市野火止1-1-2","35.7927","139.565995"
"陣屋小学校","埼玉県新座市野火止1-18-20","35.788669","139.565655"
"新座中学校","埼玉県新座市野火止2-4-1","35.784196","139.560138"
"野火止小学校","埼玉県新座市野火止4-9-1","35.80069","139.556891"
"ふるさと新座館（野火止公民館）","埼玉県新座市野火止6-1-48","35.800531","139.562626"
"東野小学校","埼玉県新座市野火止6-22-12","35.808118","139.567666"
"第二中学校","埼玉県新座市野火止7-17-10","35.806956","139.568911"
"八石小学校","埼玉県新座市野寺2-8-45","35.765647","139.557447"
"第五中学校","埼玉県新座市野寺4-8-1","35.762116","139.560639"
"野寺小学校","埼玉県新座市野寺5-1-24","35.759737","139.556379"
"深谷西小学校","埼玉県深谷市栄町14-18","36.19773","139.27333"
"花園就業改善センター","埼玉県深谷市永田1420","36.13618","139.25621"
"岡部浄化センター","埼玉県深谷市岡1-1","36.21763","139.24164"
"岡部西小学校","埼玉県深谷市岡2949","36.21307","139.23459"
"八基公民館（渋沢栄一記念館）","埼玉県深谷市下手計1204","36.23424","139.26397"
"八基小学校","埼玉県深谷市下手計1300","36.2339","139.2621"
"豊里中学校","埼玉県深谷市下手計525","36.23086","139.27641"
"深谷グリーンパーク・パティオ","埼玉県深谷市樫合763","36.17834","139.25034"
"くれよんかん","埼玉県深谷市萱場14-9","36.19574","139.26653"
"南中学校","埼玉県深谷市萱場320","36.18897","139.26623"
"大寄公民館","埼玉県深谷市起会84-1","36.22278","139.2752"
"深谷商業高等学校","埼玉県深谷市原郷80","36.19749","139.29146"
"岡部中学校","埼玉県深谷市山河1214","36.2003","139.23624"
"深谷高等学校","埼玉県深谷市宿根315","36.2025","139.26635"
"東京成徳深谷高等学校","埼玉県深谷市宿根559","36.19263","139.26013"
"南公民館","埼玉県深谷市宿根645-1","36.1898","139.26324"
"花園小学校","埼玉県深谷市小前田1463-1","36.1277","139.23056"
"花園中学校","埼玉県深谷市小前田1980","36.13476","139.22731"
"花園農業者トレーニングセンター","埼玉県深谷市小前田2299","36.13657","139.22775"
"花園公民館","埼玉県深谷市小前田2345-1","36.13303","139.22623"
"花園文化会館アドニス","埼玉県深谷市小前田2966","36.1373","139.23034"
"老人福祉センター福寿荘","埼玉県深谷市沼尻482-1","36.2231","139.30548"
"上柴中学校","埼玉県深谷市上柴町西2-23-1","36.18405","139.29804"
"東都大学","埼玉県深谷市上柴町西4-2-11","36.18021","139.29887"
"上柴公民館","埼玉県深谷市上柴町西4-2-14","36.1819","139.29785"
"上柴西小学校","埼玉県深谷市上柴町西5-11-1","36.18149","139.2928"
"上柴東小学校","埼玉県深谷市上柴町東5-9-1","36.17813","139.30143"
"深谷市総合体育館","埼玉県深谷市上野台2568","36.17652","139.2716"
"正智深谷高等学校","埼玉県深谷市上野台369","36.19035","139.27778"
"桜ヶ丘小学校","埼玉県深谷市上野台508","36.18631","139.27907"
"深谷第一高等学校","埼玉県深谷市常盤町21-1","36.19549","139.29703"
"幡羅中学校","埼玉県深谷市常盤町38","36.19534","139.30076"
"常盤小学校","埼玉県深谷市常盤町58-2","36.19492","139.29932"
"明戸中学校","埼玉県深谷市新井18","36.21943","139.31096"
"豊里小学校","埼玉県深谷市新戒635","36.23402","139.28772"
"豊里公民館","埼玉県深谷市新戒639-1","36.234","139.2862"
"榛沢小学校","埼玉県深谷市榛沢802-1","36.21253","139.21396"
"本郷小学校","埼玉県深谷市針ヶ谷506","36.17575","139.22593"
"藤沢小学校","埼玉県深谷市人見1626","36.16772","139.26798"
"藤沢公民館","埼玉県深谷市人見1967-1","36.16425","139.26629"
"藤沢中学校","埼玉県深谷市人見1973","36.16311","139.26585"
"ワモア川本","埼玉県深谷市菅沼401-1","36.139361","139.286344"
"深谷小学校","埼玉県深谷市仲町19-1","36.1999","139.28359"
"深谷市こども館","埼玉県深谷市仲町20-1","36.200659","139.285447"
"深谷公民館","埼玉県深谷市仲町20-2","36.20066","139.28426"
"川本北小学校","埼玉県深谷市長在家143","36.14492","139.2862"
"深谷中学校","埼玉県深谷市田谷45-2","36.20759","139.27985"
"川本中学校","埼玉県深谷市田中530","36.13688","139.27837"
"幡羅公民館","埼玉県深谷市東方1370","36.19626","139.31429"
"はたらふれあい館","埼玉県深谷市東方1710-2","36.19433","139.31156"
"上柴コミュニティセンター","埼玉県深谷市東方4284-1","36.17766","139.31641"
"幡羅小学校","埼玉県深谷市東方町3-25-1","36.18679","139.31745"
"大寄小学校","埼玉県深谷市内ヶ島660","36.21708","139.27302"
"川本農業者トレーニングセンター","埼玉県深谷市畠山1577","36.12981","139.27827"
"岡部小学校","埼玉県深谷市普済寺1305","36.20661","139.24723"
"岡部公民館","埼玉県深谷市普済寺1626-3","36.20128","139.2395"
"埼玉工業大学","埼玉県深谷市普済寺1690","36.19591","139.2388"
"川本南小学校","埼玉県深谷市本田4888","36.12161","139.28589"
"深谷はばたき特別支援学校","埼玉県深谷市本田50","36.13203","139.28096"
"明戸公民館","埼玉県深谷市蓮沼256","36.21617","139.31758"
"明戸小学校","埼玉県深谷市蓮沼413","36.21922","139.32132"
"多目的交流施設","埼玉県神川町大字下阿久原1088","36.149361","139.049879"
"神川町立神泉小学校","埼玉県神川町大字下阿久原875-1","36.149528","139.054093"
"神川町立丹荘小学校","埼玉県神川町大字関口110-1","36.218875","139.102069"
"神川町中央公民館","埼玉県神川町大字植竹867-2","36.214132","139.102917"
"神川町就業改善センター","埼玉県神川町大字植竹900-1","36.214464","139.102514"
"神川町立神川中学校","埼玉県神川町大字新里450","36.206017","139.092188"
"神川町立渡瀬小学校","埼玉県神川町大字渡瀬540-1","36.174034","139.058765"
"神川町立青柳小学校","埼玉県神川町大字二ノ宮60-1","36.197079","139.083626"
"西公民館","埼玉県杉戸町高野台西3-3-1","36.049861","139.709798"
"高野台小学校","埼玉県杉戸町高野台西5-16","36.054049","139.706202"
"西小学校","埼玉県杉戸町高野台南5-1-1","36.048657","139.709339"
"杉戸町コミュニティセンター・杉戸子育て支援センターたんぽぽ","埼玉県杉戸町杉戸3-9-10","36.02715","139.729126"
"杉戸高等学校","埼玉県杉戸町清地1-1-36","36.02858","139.731589"
"昌平中学・高等学校","埼玉県杉戸町大字下高野851","36.057187","139.700646"
"泉小学校","埼玉県杉戸町大字宮前1","36.042149","139.791669"
"泉公民館","埼玉県杉戸町大字宮前37-1","36.04385","139.79051"
"杉戸第二小学校","埼玉県杉戸町大字倉松600-1","36.034729","139.746495"
"高野農村センター","埼玉県杉戸町大字大島402-1","36.047044","139.720112"
"東中学校","埼玉県杉戸町大字椿250","36.03293","139.778086"
"杉戸農業高等学校","埼玉県杉戸町大字堤根1684-1","36.024304","139.749811"
"杉戸第三小学校","埼玉県杉戸町大字堤根2777","36.015552","139.760259"
"南公民館","埼玉県杉戸町大字堤根4089-1","36.015762","139.752698"
"広島中学校","埼玉県杉戸町大字堤根4759","36.025182","139.745395"
"東公民館","埼玉県杉戸町大字並塚105-4","36.031059","139.767683"
"志学会高等学校","埼玉県杉戸町大字並塚1643","36.042114","139.769787"
"エコ・スポいずみ","埼玉県杉戸町大字木津内524","36.052912","139.787351"
"杉戸中学校","埼玉県杉戸町内田1-5-35","36.033496","139.728812"
"杉戸小学校","埼玉県杉戸町内田2-9-28","36.034191","139.731561"
"霞ケ関南小学校","埼玉県川越市かすみ野1-1-4","35.903572","139.418387"
"水久保第一公園","埼玉県川越市かすみ野1-10","35.903513","139.416735"
"武蔵野小学校","埼玉県川越市むさし野14-1","35.893242","139.470038"
"市立川越高等学校","埼玉県川越市旭町2-3-7","35.899167","139.474535"
"御伊勢塚公園","埼玉県川越市伊勢原町3-3","35.923783","139.42577"
"霞ケ関北小学校","埼玉県川越市伊勢原町5-1-1","35.920015","139.428187"
"かほく運動公園","埼玉県川越市霞ケ関北6-30-1","35.925505","139.428924"
"川越小学校","埼玉県川越市郭町1-1-1","35.924023","139.486648"
"やまぶき会館","埼玉県川越市郭町1-18-1","35.92331","139.487224"
"川越第一小学校","埼玉県川越市郭町1-21","35.923112","139.488454"
"初雁公園","埼玉県川越市郭町2-13-1","35.924907","139.49292"
"川越高等学校","埼玉県川越市郭町2-6","35.923779","139.489548"
"岸町健康ふれあい広場","埼玉県川越市岸町3-32","35.893518","139.481933"
"濯紫公園","埼玉県川越市喜多町8-10","35.927096","139.480653"
"川越東高等学校","埼玉県川越市久下戸6060","35.894258","139.550718"
"初雁中学校","埼玉県川越市宮下町1-21-3","35.926302","139.486965"
"市民グランド","埼玉県川越市宮元町23-22","35.931791","139.486867"
"月越小学校","埼玉県川越市月吉町51","35.919503","139.474845"
"今成小学校","埼玉県川越市今成2-42-1","35.9255","139.464901"
"高階北小学校","埼玉県川越市砂新田1-16-1","35.891299","139.486065"
"川越総合高等学校","埼玉県川越市小仙波町5-14","35.915469","139.491843"
"川越第一中学校","埼玉県川越市小仙波町5-6","35.91345","139.490332"
"あおい公園","埼玉県川越市上戸新町36-5","35.924312","139.450395"
"城南中学校","埼玉県川越市新宿町3-19-1","35.898402","139.484628"
"新宿小学校","埼玉県川越市新宿町6-9-1","35.895045","139.477323"
"高階南小学校","埼玉県川越市諏訪町12-3","35.880315","139.499289"
"川越工業高等学校","埼玉県川越市西小仙波町2-28-1","35.9134","139.487252"
"星野高等学校第二校舎","埼玉県川越市石原町2-71-11","35.927294","139.469437"
"川越西中学校","埼玉県川越市川鶴1-1","35.92392","139.419887"
"川越西小学校","埼玉県川越市川鶴1-5","35.923246","139.418091"
"笠幡公園","埼玉県川越市川鶴2-7","35.922301","139.411964"
"伊佐沼公園","埼玉県川越市大字伊佐沼584","35.922695","139.513929"
"グリーンツーリズム拠点施設","埼玉県川越市大字伊佐沼887","35.928966","139.513944"
"広谷小学校","埼玉県川越市大字下広谷558-1","35.950888","139.43013"
"川越運動公園","埼玉県川越市大字下老袋388-1","35.92894","139.528085"
"霞ケ関小学校","埼玉県川越市大字笠幡177","35.912081","139.421443"
"川越西高等学校","埼玉県川越市大字笠幡2488-1","35.911078","139.395535"
"霞ケ関西中学校","埼玉県川越市大字笠幡3464-3","35.904991","139.406688"
"霞ケ関西小学校","埼玉県川越市大字笠幡3971-4","35.908758","139.401779"
"秀明高等学校","埼玉県川越市大字笠幡4792","35.907834","139.412092"
"霞ケ関中学校","埼玉県川越市大字笠幡72","35.910504","139.420962"
"特別支援学校塙保己一学園","埼玉県川越市大字笠幡85-1","35.908645","139.420267"
"芳野小学校","埼玉県川越市大字鴨田331","35.943357","139.510118"
"みよしの公園","埼玉県川越市大字吉田685-1","35.93022","139.436428"
"南古谷中学校","埼玉県川越市大字久下戸3721","35.897389","139.530896"
"牛子小学校","埼玉県川越市大字牛子418","35.893746","139.509673"
"なぐわし公園","埼玉県川越市大字鯨井1216","35.939875","139.451241"
"西文化会館（メルト）","埼玉県川越市大字鯨井1556-1","35.932767","139.443061"
"東洋大学川越キャンパス","埼玉県川越市大字鯨井2100","35.935673","139.433777"
"鯨井中学校","埼玉県川越市大字鯨井562-2","35.935453","139.456354"
"城北埼玉高等学校","埼玉県川越市大字古市場585-1","35.885914","139.529902"
"古谷小学校","埼玉県川越市大字古谷上5465","35.917506","139.532299"
"教育センター","埼玉県川越市大字古谷上6083-10","35.916082","139.537279"
"東邦音楽大学校庭","埼玉県川越市大字今泉84","35.896451","139.523381"
"南文化会館（ジョイフル）","埼玉県川越市大字今福1295-2","35.876924","139.485773"
"福原小学校","埼玉県川越市大字今福508","35.87276","139.472462"
"福原中学校","埼玉県川越市大字今福512","35.873903","139.472739"
"砂中学校","埼玉県川越市大字砂260","35.900304","139.49845"
"高階運動広場","埼玉県川越市大字砂451-1","35.896028","139.500831"
"川越初雁高等学校","埼玉県川越市大字砂新田2564","35.877808","139.48859"
"高階西中学校","埼玉県川越市大字砂新田2593","35.876031","139.490907"
"高階小学校","埼玉県川越市大字砂新田58","35.888813","139.494973"
"大東西小学校","埼玉県川越市大字山城32-5","35.891462","139.442877"
"城西大学付属川越高等学校","埼玉県川越市大字山田1042","35.954664","139.478111"
"北部地域ふれあいセンター","埼玉県川越市大字山田1578-1","35.94382","139.480345"
"山田小学校","埼玉県川越市大字山田167","35.941459","139.476768"
"山田中学校","埼玉県川越市大字山田550","35.939211","139.474454"
"寺尾中学校","埼玉県川越市大字寺尾1068","35.883868","139.511808"
"寺尾小学校","埼玉県川越市大字寺尾979-2","35.883184","139.513509"
"泉小学校","埼玉県川越市大字小室463","35.917674","139.464721"
"川越工業高等学校グラウンド","埼玉県川越市大字小仙波847","35.915192","139.503764"
"東中学校","埼玉県川越市大字小中居278","35.905575","139.524125"
"名細中学校","埼玉県川越市大字小堤14","35.936585","139.437259"
"名細小学校","埼玉県川越市大字小堤214","35.938313","139.440572"
"上戸小学校","埼玉県川越市大字上戸390-1","35.931058","139.452799"
"芳野中学校","埼玉県川越市大字石田本郷733","35.946309","139.510862"
"川越（水上）公園","埼玉県川越市大字池辺880","35.912559","139.450265"
"東京国際大学第２キャンパス","埼玉県川越市大字的場2509","35.920328","139.445221"
"霞ケ関東中学校","埼玉県川越市大字的場2706","35.92015","139.447855"
"霞ケ関東小学校","埼玉県川越市大字的場2735-2","35.920771","139.449089"
"高階中学校","埼玉県川越市大字藤間10","35.885522","139.494159"
"高階西小学校","埼玉県川越市大字藤間1102","35.876436","139.494591"
"南古谷小学校","埼玉県川越市大字木野目1451","35.897339","139.521806"
"山村学園高等学校第一運動場","埼玉県川越市大字野田1311-84","35.918726","139.470407"
"大塚小学校","埼玉県川越市大塚2-10-1","35.896126","139.469177"
"中央小学校","埼玉県川越市中原町1-25","35.917378","139.481119"
"的場たぬき山公園","埼玉県川越市的場1-19","35.9119","139.4279"
"的場原公園","埼玉県川越市的場2-17","35.91584","139.42809"
"東京国際大学第１キャンパス","埼玉県川越市的場北1-13-1","35.927","139.438915"
"富士見中学校","埼玉県川越市東田町17-1","35.912059","139.476432"
"藤原町第二公園","埼玉県川越市藤原町18-6","35.881984","139.498149"
"大東西中学校","埼玉県川越市藤倉1-1-1","35.892551","139.43936"
"南台かすみ公園","埼玉県川越市南台2-10","35.891691","139.453211"
"南台ふじみ公園","埼玉県川越市南台3-5","35.88744","139.45471"
"大東中学校","埼玉県川越市南大塚1-20-1","35.897372","139.452874"
"川越南高等学校","埼玉県川越市南大塚1-21-1","35.898014","139.452319"
"川越少年刑務所鍛錬所前駐車場","埼玉県川越市南大塚6-40-1","35.879253","139.458121"
"仙波小学校","埼玉県川越市富士見町4-1","35.905279","139.487634"
"並木西町公園","埼玉県川越市並木西町16","35.900106","139.512681"
"サンライフ川越・芳野台体育館","埼玉県川越市芳野台1-103-57","35.947993","139.523756"
"尚美学園大学川越キャンパス","埼玉県川越市豊田町1-1-1","35.907508","139.459434"
"大東東小学校","埼玉県川越市豊田町4-16-1","35.904974","139.453983"
"野田中学校","埼玉県川越市野田町2-19-14","35.908863","139.46877"
"川越女子高等学校","埼玉県川越市六軒町1-23","35.915465","139.478813"
"安行東中学校","埼玉県川口市安行34","35.851799","139.759489"
"安行小学校","埼玉県川口市安行原2020","35.839721","139.765563"
"安行公民館","埼玉県川口市安行原2174","35.841298","139.76348"
"安行中学校","埼玉県川口市安行原2221","35.842276","139.763976"
"慈林小学校","埼玉県川口市安行慈林356","35.840719","139.75075"
"安行東小学校","埼玉県川口市安行出羽4-1-1","35.852112","139.76715"
"安行東公民館","埼玉県川口市安行領家880","35.847658","139.76507"
"安行スポーツセンター","埼玉県川口市安行領家880","35.847823","139.765022"
"根岸公民館","埼玉県川口市安行領根岸1","35.842644","139.715473"
"根岸小学校","埼玉県川口市安行領根岸113","35.843028","139.716319"
"岸川中学校","埼玉県川口市安行領根岸374-1","35.845592","139.707561"
"西中学校","埼玉県川口市宮町16-1","35.800255","139.702958"
"元郷南小学校","埼玉県川口市元郷2-15-20","35.797651","139.730562"
"南平公民館","埼玉県川口市元郷6-14-1","35.799291","139.742573"
"元郷小学校","埼玉県川口市元郷6-2-1","35.800607","139.742008"
"戸塚小学校","埼玉県川口市戸塚3-13-55","35.869167","139.747044"
"戸塚東小学校","埼玉県川口市戸塚東2-18-20","35.870951","139.755203"
"戸塚公民館","埼玉県川口市戸塚東3-7-1","35.867371","139.754148"
"戸塚スポーツセンター","埼玉県川口市戸塚南3-22-1","35.862551","139.746411"
"戸塚南小学校","埼玉県川口市戸塚南4-10-1","35.864532","139.744804"
"戸塚中学校","埼玉県川口市戸塚鋏町3-1","35.864755","139.755294"
"幸町小学校","埼玉県川口市幸町3-8-33","35.80556","139.717869"
"幸栄公民館","埼玉県川口市幸町3-8-33","35.805337","139.717664"
"新郷南小学校","埼玉県川口市江戸3-12-1","35.820174","139.753589"
"荒川河川敷","埼玉県川口市荒川左岸一帯","35.79561","139.706199"
"戸塚西公民館","埼玉県川口市差間3-16-17","35.870206","139.730539"
"差間小学校","埼玉県川口市差間430","35.867577","139.729045"
"在家中学校","埼玉県川口市在家272","35.855915","139.713273"
"在家小学校","埼玉県川口市在家323","35.854031","139.711721"
"鳩ヶ谷公民館","埼玉県川口市坂下町3-2-2","35.829508","139.740414"
"桜町小学校","埼玉県川口市桜町2-12-10","35.841469","139.73852"
"芝南小学校","埼玉県川口市芝3-17-1","35.834579","139.698688"
"芝公民館","埼玉県川口市芝3905","35.836921","139.693485"
"芝小学校","埼玉県川口市芝5218","35.837847","139.692328"
"芝中学校","埼玉県川口市芝6330","35.842134","139.688953"
"芝園公民館","埼玉県川口市芝園町3-15","35.831531","139.684736"
"教育研究所芝園分室　【（旧）芝園小学校】","埼玉県川口市芝園町3-17","35.830846","139.685941"
"（旧）芝園中学校","埼玉県川口市芝園町3-8","35.83206","139.682858"
"芝スポーツセンター","埼玉県川口市芝高木2-12-52","35.843975","139.696497"
"芝中央小学校","埼玉県川口市芝高木2-9-1","35.843086","139.69766"
"芝西小学校","埼玉県川口市芝西2-20-3","35.841327","139.683712"
"芝南公民館","埼玉県川口市芝中田2-3-1","35.83059","139.701681"
"芝西中学校","埼玉県川口市芝塚原1-11-13","35.838382","139.681503"
"芝東中学校","埼玉県川口市芝東町3-1","35.844705","139.700029"
"芝樋ノ爪小学校","埼玉県川口市芝樋ノ爪2-10-48","35.834607","139.687129"
"芝富士公民館","埼玉県川口市芝富士1-27-1","35.835404","139.676911"
"芝富士小学校","埼玉県川口市芝富士2-17-1","35.836596","139.676774"
"舟戸小学校","埼玉県川口市舟戸町2-1","35.793624","139.722962"
"南中学校","埼玉県川口市舟戸町2-3","35.793409","139.724845"
"小谷場中学校","埼玉県川口市小谷場1156","35.847493","139.679822"
"芝西公民館","埼玉県川口市小谷場237","35.843324","139.684028"
"上青木南小学校","埼玉県川口市上青木1-6-43","35.82246","139.719122"
"川口市立高等学校","埼玉県川口市上青木3-1-40","35.826514","139.719687"
"生涯学習プラザ","埼玉県川口市上青木西1-2-25","35.823843","139.71182"
"上青木公民館","埼玉県川口市上青木西2-14-14","35.825451","139.716959"
"上青木小学校","埼玉県川口市上青木西3-8-25","35.828685","139.716574"
"上青木中学校","埼玉県川口市上青木西3-9-1","35.827917","139.71643"
"グリーンセンター","埼玉県川口市新井宿700","35.84594","139.727369"
"県立川口高等学校","埼玉県川口市新井宿963","35.839423","139.730967"
"榛松中学校","埼玉県川口市榛松2-10-1","35.821334","139.775047"
"神根公民館","埼玉県川口市神戸29","35.850199","139.725557"
"県立川口青陵高等学校","埼玉県川口市神戸520-1","35.853989","139.730704"
"青木北小学校","埼玉県川口市西青木1-1-1","35.813577","139.715058"
"幸並中学校","埼玉県川口市西青木2-3-53","35.817172","139.711275"
"青木町公園","埼玉県川口市西青木4-8-1","35.822186","139.711915"
"仲町中学校","埼玉県川口市西川口2-16-1","35.811694","139.699443"
"西川口公民館","埼玉県川口市西川口5-2-1","35.809008","139.705019"
"仲町小学校","埼玉県川口市西川口5-6-1","35.807431","139.703654"
"戸塚西中学校","埼玉県川口市西立野1000","35.856963","139.743857"
"青木東公民館","埼玉県川口市青木2-11-33","35.809621","139.728568"
"青木中学校","埼玉県川口市青木5-1-1","35.816096","139.72155"
"オートレース場","埼玉県川口市青木5-21-1","35.819351","139.724818"
"神根東小学校","埼玉県川口市石神1440","35.854578","139.740393"
"神根東公民館","埼玉県川口市石神1460","35.854749","139.73968"
"神根中学校","埼玉県川口市石神1515-1","35.855127","139.73992"
"イイナパーク川口（赤山歴史自然公園）","埼玉県川口市赤山501-1","35.848841","139.743024"
"川口西公園","埼玉県川口市川口3-1","35.802741","139.715969"
"前川東小学校","埼玉県川口市前上町10-1","35.835607","139.71436"
"イオンモール川口前川【駐車場】","埼玉県川口市前川1-1-11","35.832972","139.707608"
"青木中央小学校","埼玉県川口市中青木2-21-5","35.809977","139.722518"
"青木公民館","埼玉県川口市中青木3-18-7","35.815509","139.718673"
"横曽根公民館","埼玉県川口市仲町10-16","35.807496","139.705432"
"十二月田小学校","埼玉県川口市朝日1-11-1","35.806728","139.734886"
"十二月田中学校","埼玉県川口市朝日1-11-3","35.805264","139.735668"
"朝日公民館","埼玉県川口市朝日2-16-5","35.81188","139.733173"
"朝日西小学校","埼玉県川口市朝日4-17-12","35.809954","139.742209"
"朝日東公民館","埼玉県川口市朝日5-14-8","35.806425","139.74848"
"朝日東小学校","埼玉県川口市朝日5-15-1","35.806825","139.749146"
"（旧）市立川口高等学校","埼玉県川口市朝日5-9-18","35.80805","139.748766"
"県立川口東高等学校","埼玉県川口市長蔵3-1","35.862073","139.761097"
"戸塚榎戸公園","埼玉県川口市東川口3-11","35.878832","139.747328"
"戸塚北小学校","埼玉県川口市東川口3-12-1","35.879874","139.746822"
"新郷公民館","埼玉県川口市東本郷1184","35.827237","139.762325"
"新郷小学校","埼玉県川口市東本郷1313","35.828492","139.764711"
"東中学校","埼玉県川口市東本郷2-20-47","35.825689","139.756541"
"東本郷小学校","埼玉県川口市東本郷630","35.822542","139.766202"
"新郷スポーツセンター","埼玉県川口市東本郷80","35.817974","139.765039"
"新郷南公民館","埼玉県川口市東本郷80","35.817687","139.765232"
"元郷中学校","埼玉県川口市東領家1-8-3","35.799265","139.747295"
"東スポーツセンター","埼玉県川口市東領家2-27-1","35.797307","139.750948"
"領家公民館","埼玉県川口市東領家3-1-8","35.792745","139.74967"
"東領家小学校","埼玉県川口市東領家3-5-9","35.793753","139.750947"
"戸塚綾瀬小学校","埼玉県川口市藤兵衛新田239-1","35.868739","139.765215"
"神根小学校","埼玉県川口市道合1111","35.847214","139.724643"
"北中学校","埼玉県川口市道合364-2","35.854974","139.715022"
"北スポーツセンター","埼玉県川口市道合390","35.853569","139.714723"
"神根西公民館","埼玉県川口市道合390","35.853212","139.714702"
"県立川口工業高等学校","埼玉県川口市南前川1-10-1","35.827733","139.708318"
"前川南公民館","埼玉県川口市南前川2-15-2","35.83185","139.709678"
"飯仲小学校","埼玉県川口市南町2-3-1","35.804321","139.7076"
"中居小学校","埼玉県川口市南鳩ヶ谷2-1-1","35.817637","139.742631"
"南鳩ヶ谷公民館","埼玉県川口市南鳩ヶ谷5-13-7","35.817096","139.733595"
"南鳩ヶ谷小学校","埼玉県川口市南鳩ヶ谷5-20-1","35.814437","139.732991"
"辻小学校","埼玉県川口市南鳩ヶ谷7-22-1","35.821455","139.732827"
"八幡木中学校","埼玉県川口市八幡木1-26-1","35.819134","139.748501"
"鳩ヶ谷小学校","埼玉県川口市鳩ヶ谷本町1-6-3","35.833484","139.73774"
"鳩ヶ谷中学校","埼玉県川口市鳩ヶ谷本町4-8-5","35.83246","139.745575"
"飯塚小学校","埼玉県川口市飯塚2-11-1","35.798561","139.711437"
"西公民館","埼玉県川口市飯塚2-3-3","35.801872","139.712673"
"並木小学校","埼玉県川口市並木1-24-1","35.812197","139.711678"
"芝西中学校陽春分校　【（旧）市立県陽高等学校】","埼玉県川口市並木1-26-1","35.812802","139.713571"
"並木公民館","埼玉県川口市並木2-8-2","35.81687","139.70903"
"新郷東小学校","埼玉県川口市峯361","35.83017","139.77664"
"芝北公民館","埼玉県川口市北園町11-1","35.855514","139.703483"
"前川公民館","埼玉県川口市本前川1-4-1","35.840314","139.708763"
"前川小学校","埼玉県川口市本前川2-11-1","35.842277","139.704571"
"本町小学校","埼玉県川口市本町2-4-6","35.799325","139.725057"
"中央ふれあい館","埼玉県川口市本町4-5-26","35.801389","139.721183"
"県立川口北高等学校","埼玉県川口市木曽呂1477","35.859306","139.714415"
"木曽呂小学校","埼玉県川口市木曽呂382-2","35.859894","139.725143"
"柳崎小学校","埼玉県川口市柳崎4-4-1","35.856499","139.700765"
"里公民館","埼玉県川口市里1478","35.828614","139.730823"
"県立鳩ヶ谷高等学校","埼玉県川口市里225-1","35.837358","139.726515"
"里中学校","埼玉県川口市里621","35.83733","139.731483"
"里小学校","埼玉県川口市里645-1","35.836599","139.733293"
"領家中学校","埼玉県川口市領家2-11-15","35.793426","139.740798"
"領家小学校","埼玉県川口市領家3-14-1","35.791964","139.7493"
"かわじま公園","埼玉県川島町かわじま2-9","35.981372","139.460112"
"伊草小学校グラウンド","埼玉県川島町大字伊草238-1","35.967713","139.466671"
"伊草小学校","埼玉県川島町大字伊草238-1","35.96813","139.466382"
"平成の森公園多目的広場","埼玉県川島町大字下八ツ林920","35.991935","139.486196"
"川島町地域活動センターイースト","埼玉県川島町大字下八ツ林923","35.991208","139.484391"
"川島町総合運動場","埼玉県川島町大字下八ツ林930","35.99006","139.484522"
"旧　出丸小学校","埼玉県川島町大字上大屋敷100","35.962335","139.518805"
"旧　出丸小学校グラウンド","埼玉県川島町大字上大屋敷100","35.961888","139.518964"
"旧　小見野小学校","埼玉県川島町大字谷中99","36.006167","139.473331"
"旧　小見野小学校グラウンド","埼玉県川島町大字谷中99","36.005748","139.473751"
"中山小学校グラウンド","埼玉県川島町大字中山1333","35.990387","139.44777"
"中山小学校","埼玉県川島町大字中山1333","35.990635","139.447663"
"西中学校","埼玉県川島町大字中山270-1","35.983209","139.459841"
"西中学校グラウンド","埼玉県川島町大字中山270-1","35.982749","139.459846"
"つばさ小学校・川島中学校","埼玉県川島町大字白井沼230","35.986305","139.488496"
"つばさ小学校・川島中学校グラウンド","埼玉県川島町大字白井沼230","35.986023","139.488276"
"旧つばさ南小学校","埼玉県川島町大字白井沼945","35.978805","139.48984"
"旧つばさ南小学校グラウンド","埼玉県川島町大字白井沼945","35.978854","139.489427"
"旧つばさ北小学校グラウンド","埼玉県川島町大字畑中31","35.996161","139.492989"
"旧つばさ北小学校","埼玉県川島町大字畑中31","35.996441","139.493019"
"草加市立新田小学校","埼玉県草加市旭町6-12-11","35.851548","139.789711"
"稲荷北公園","埼玉県草加市稲荷4-25-1","35.836011","139.825828"
"草加市立稲荷小学校","埼玉県草加市稲荷5-11-1","35.838077","139.821468"
"花栗第二児童遊園","埼玉県草加市花栗3-7","35.836769","139.787766"
"草加市立花栗中学校","埼玉県草加市花栗4-15-12","35.839706","139.790289"
"草加市立花栗南小学校","埼玉県草加市花栗4-3-1","35.838197","139.794358"
"そうか公園","埼玉県草加市柿木町272-1","35.861834","139.827186"
"吉町あずま公園","埼玉県草加市吉町1-6-22","35.825233","139.812531"
"原第４公園","埼玉県草加市原町2-3","35.845752","139.775447"
"手代仲町児童公園","埼玉県草加市手代2-20","35.823641","139.814904"
"手代東公園","埼玉県草加市手代3-24","35.82235","139.817505"
"草加市立草加小学校","埼玉県草加市住吉1-11-64","35.832098","139.805095"
"住吉とやま公園","埼玉県草加市住吉1-8","35.830727","139.804306"
"草加市立小山小学校","埼玉県草加市小山2-8-1","35.837196","139.779664"
"草加市立栄小学校","埼玉県草加市松原1-3-2","35.844613","139.797922"
"松原団地記念公園","埼玉県草加市松原3-1","35.842136","139.793939"
"草加市立栄中学校","埼玉県草加市松原3-7-1","35.846048","139.792549"
"草加市立松原小学校","埼玉県草加市松原4-2-1","35.8421","139.791215"
"まつばら綾瀬川公園","埼玉県草加市松江1-10","35.840616","139.806795"
"草加市立松江中学校","埼玉県草加市松江3-14-33","35.837682","139.811599"
"草加市立新栄中学校","埼玉県草加市新栄1-33","35.855823","139.772808"
"新栄中央公園","埼玉県草加市新栄2-35","35.85731","139.768965"
"草加市立新栄小学校","埼玉県草加市新栄4-959","35.861604","139.769368"
"にっさと防災公園","埼玉県草加市新里町254","35.810929","139.777738"
"草加市立新里小学校","埼玉県草加市新里町759","35.818554","139.782999"
"草加市立瀬崎小学校","埼玉県草加市瀬崎2-32-1","35.815347","139.806394"
"草加市立瀬崎中学校","埼玉県草加市瀬崎5-3-1","35.815743","139.810883"
"清門中央公園","埼玉県草加市清門2-25","35.851691","139.780478"
"草加市立清門小学校","埼玉県草加市清門3-37-1","35.853853","139.778086"
"草加市立西町小学校","埼玉県草加市西町270","35.827881","139.794336"
"草加市立青柳小学校","埼玉県草加市青柳3-17-1","35.847365","139.825211"
"草加市立川柳小学校","埼玉県草加市青柳7-27-10","35.857756","139.821066"
"草加市立川柳中学校","埼玉県草加市青柳7-35-1","35.854937","139.822284"
"草加市立青柳中学校","埼玉県草加市青柳8-58-10","35.859707","139.814292"
"草加市立谷塚中学校","埼玉県草加市谷塚上町62","35.817382","139.790025"
"谷塚仲桃の木公園","埼玉県草加市谷塚仲町162-1","35.809481","139.791295"
"草加市立谷塚文化センター","埼玉県草加市谷塚仲町440","35.816278","139.794953"
"草加市立谷塚小学校","埼玉県草加市谷塚仲町440","35.815968","139.794829"
"草加市立高砂小学校","埼玉県草加市中央1-2-5","35.825341","139.808472"
"草加中央防災広場","埼玉県草加市中央2-3","35.828585","139.808425"
"草加市立長栄小学校","埼玉県草加市長栄1-762","35.858185","139.784205"
"草加市立新田中学校","埼玉県草加市長栄1-767","35.857332","139.784136"
"長栄中央公園","埼玉県草加市長栄3-12","35.858971","139.7758"
"草加市立八幡北小学校","埼玉県草加市八幡町1148","35.857569","139.812063"
"八幡中公園","埼玉県草加市八幡町1247","35.854647","139.809664"
"草加市立八幡小学校","埼玉県草加市八幡町65","35.848855","139.814061"
"草加市立草加中学校","埼玉県草加市氷川町2179-4","35.832597","139.802826"
"草加市立氷川小学校","埼玉県草加市氷川町448","35.820813","139.795238"
"苗塚塚前公園","埼玉県草加市苗塚町１９２－３外","35.832527","139.785991"
"両新田くすのき公園","埼玉県草加市両新田西町271","35.812854","139.784983"
"草加市立両新田中学校","埼玉県草加市両新田西町368-1","35.815201","139.785639"
"草加市立両新田小学校","埼玉県草加市両新田西町55","35.810779","139.785101"
"渓流荘","埼玉県秩父市浦山1540","35.91077","139.084475"
"影森小学校","埼玉県秩父市下影森1104","35.973554","139.068357"
"吉田小学校","埼玉県秩父市下吉田3833","36.041864","139.034917"
"吉田取方総合運動公園","埼玉県秩父市下吉田427","36.038557","139.043589"
"吉田中学校","埼玉県秩父市下吉田6402","36.040732","139.022824"
"やまなみ会館","埼玉県秩父市下吉田6557-1","36.043544","139.024236"
"吉田総合支所","埼玉県秩父市下吉田6585-2","36.04277","139.023767"
"阿熊集落センター","埼玉県秩父市吉田阿熊966","36.064502","139.029802"
"久長農村集落センター","埼玉県秩父市吉田久長424","36.054904","139.047681"
"石間交流学習館","埼玉県秩父市吉田石間2620-1","36.07402","138.984744"
"旧吉田小学校太田部分校","埼玉県秩父市吉田太田部664-2","36.114832","138.972704"
"久那小学校","埼玉県秩父市久那2183-1","35.972587","139.052468"
"西小学校","埼玉県秩父市金室町9-46","36.006673","139.081826"
"秩父市役所","埼玉県秩父市熊木町8-15","35.991643","139.085483"
"秩父公園","埼玉県秩父市熊木町8-15","35.991276","139.084654"
"浦山ダムうららぴあ","埼玉県秩父市荒川久那4041","35.9532","139.054346"
"荒川総合支所","埼玉県秩父市荒川上田野1734-6","35.957632","139.030171"
"荒川東小学校","埼玉県秩父市荒川上田野1755","35.9577","139.03137"
"荒川総合運動公園","埼玉県秩父市荒川上田野250","35.96746","139.051851"
"花見の里","埼玉県秩父市荒川上田野413-3","35.96202","139.046347"
"荒川中学校","埼玉県秩父市荒川日野23","35.954689","139.026063"
"荒川農村環境改善センター","埼玉県秩父市荒川日野70-1","35.954571","139.023965"
"荒川公民館","埼玉県秩父市荒川日野76-1","35.95489","139.024373"
"旧自治セミナーハウスグラウンド","埼玉県秩父市荒川贄川322-3","35.960357","138.98877"
"荒川西小学校","埼玉県秩父市荒川贄川840","35.966585","138.977847"
"旧大滝小学校三峰分校","埼玉県秩父市三峰214-2","35.927251","138.923862"
"高篠小学校","埼玉県秩父市山田2619","36.021271","139.114329"
"高篠中学校","埼玉県秩父市山田2647","36.019028","139.112286"
"聖地公園","埼玉県秩父市山田990","36.006631","139.100226"
"尾田蒔中学校","埼玉県秩父市寺尾2006","36.018966","139.079822"
"尾田蒔小学校","埼玉県秩父市寺尾2375","36.017958","139.079076"
"影森中学校","埼玉県秩父市上影森53","35.97589","139.067626"
"上吉田運動公園","埼玉県秩父市上吉田3352-1","36.055665","138.979922"
"吉田元気村","埼玉県秩父市上吉田4942-1","36.059689","138.968016"
"秩父第一小学校","埼玉県秩父市上宮地町36-11","36.002606","139.092651"
"宮地グラウンド","埼玉県秩父市上宮地町4573-1","36.002677","139.0916"
"花の木小学校","埼玉県秩父市上町2-21-37","35.990759","139.075795"
"秩父第二中学校","埼玉県秩父市上町3-13-48","35.987103","139.074285"
"大田小学校","埼玉県秩父市太田1661","36.053375","139.066337"
"羊山公園","埼玉県秩父市大宮6360","35.987815","139.089602"
"大滝総合支所","埼玉県秩父市大滝4058","35.952137","138.936412"
"大滝神庭交流広場","埼玉県秩父市大滝790-1","35.939838","138.944491"
"原谷小学校","埼玉県秩父市大野原2991","36.032549","139.100768"
"原谷グラウンド","埼玉県秩父市大野原2991","36.031823","139.10083"
"秩父第一中学校","埼玉県秩父市滝の上町9-22","36.01375","139.08994"
"こまどり荘","埼玉県秩父市中津川447","35.994144","138.8004"
"南小学校","埼玉県秩父市野坂町2-14-29","35.98594","139.08419"
"栄町保育園","埼玉県朝霞市栄町1-5-43","35.791399","139.600487"
"栄町市民センター","埼玉県朝霞市栄町4-4-26","35.786581","139.598171"
"朝霞第八小学校","埼玉県朝霞市栄町5-1-41","35.790801","139.595831"
"朝霞第四中学校","埼玉県朝霞市栄町5-1-60","35.789436","139.59533"
"朝霞第二小学校","埼玉県朝霞市岡3-16-13","35.809039","139.60387"
"宮戸市民センター","埼玉県朝霞市宮戸1-2-60","35.824765","139.589179"
"宮戸保育園","埼玉県朝霞市宮戸4-6-2","35.825601","139.591874"
"朝霞第四小学校","埼玉県朝霞市幸町1-6-9","35.794553","139.587831"
"県立朝霞高等学校","埼玉県朝霞市幸町3-13-65","35.78779","139.589534"
"南朝霞公民館","埼玉県朝霞市溝沼1-5-24","35.799644","139.589722"
"溝沼保育園","埼玉県朝霞市溝沼7-13-11","35.807684","139.587934"
"東朝霞保育園","埼玉県朝霞市根岸台1-5-27","35.802488","139.602216"
"根岸台市民センター","埼玉県朝霞市根岸台2-15-12","35.806891","139.605231"
"東朝霞公民館","埼玉県朝霞市根岸台6-8-45","35.798334","139.604826"
"根岸台保育園","埼玉県朝霞市根岸台8-2-41","35.799286","139.610385"
"弁財市民センター","埼玉県朝霞市西弁財2-2-3","35.812295","139.581875"
"泉水保育園","埼玉県朝霞市泉水2-12-11","35.804954","139.578379"
"朝霞第五小学校","埼玉県朝霞市泉水3-16-1","35.810538","139.580882"
"朝霞第二中学校","埼玉県朝霞市大字岡199","35.815425","139.597115"
"東洋大学朝霞キャンパス（体育館）","埼玉県朝霞市大字岡48-1","35.813857","139.593844"
"朝霞第五中学校","埼玉県朝霞市大字宮戸1580","35.824923","139.597129"
"朝霞第三中学校","埼玉県朝霞市大字溝沼1043-1","35.807511","139.585896"
"溝沼市民センター","埼玉県朝霞市大字溝沼1057-3","35.807551","139.587056"
"さくら保育園","埼玉県朝霞市大字溝沼435-1","35.810951","139.588456"
"朝霞第十小学校","埼玉県朝霞市大字溝沼828-1","35.804504","139.584589"
"朝霞第九小学校","埼玉県朝霞市大字台295","35.809283","139.611982"
"青葉台公園","埼玉県朝霞市大字膝折2-30","35.795318","139.590623"
"朝霞第一中学校","埼玉県朝霞市大字膝折2-31","35.791544","139.590974"
"朝霞第三小学校","埼玉県朝霞市大字浜崎230","35.819337","139.600164"
"浜崎保育園","埼玉県朝霞市大字浜崎662-1","35.813222","139.591268"
"仲町市民センター","埼玉県朝霞市仲町1-2-16","35.799173","139.600332"
"仲町保育園","埼玉県朝霞市仲町2-4-31","35.794946","139.601778"
"北朝霞保育園","埼玉県朝霞市朝志ケ丘1-3-26","35.818197","139.584221"
"北朝霞公民館","埼玉県朝霞市朝志ケ丘1-4-1","35.819598","139.584157"
"朝志ヶ丘市民センター","埼玉県朝霞市朝志ケ丘3-8-16","35.821397","139.582902"
"内間木公民館","埼玉県朝霞市田島2-18-47","35.818545","139.605088"
"膝折市民センター","埼玉県朝霞市膝折町1-7-40","35.79428","139.5846"
"朝霞第一小学校","埼玉県朝霞市膝折町4-11-7","35.801179","139.582376"
"西朝霞公民館","埼玉県朝霞市膝折町4-19-1","35.801776","139.5795"
"朝霞第七小学校","埼玉県朝霞市北原2-6-1","35.819877","139.586489"
"本町保育園","埼玉県朝霞市本町1-20-4","35.801489","139.596973"
"朝霞第六小学校","埼玉県朝霞市本町1-25-1","35.804547","139.596541"
"井戸地区公園","埼玉県長瀞町大字井戸640-1","36.104445","139.117402"
"長瀞地区公園","埼玉県長瀞町大字長瀞834","36.093469","139.112122"
"長瀞中学校","埼玉県長瀞町大字本野上1035-1","36.114343","139.109698"
"長瀞町多世代ふれ愛ベース長瀞","埼玉県長瀞町大字本野上136-11","36.111316","139.114041"
"本野上地区公園","埼玉県長瀞町大字本野上343-8","36.111115","139.113994"
"長瀞第一小学校","埼玉県長瀞町大字本野上600","36.104279","139.107561"
"旧長瀞第二小学校","埼玉県長瀞町大字野上下郷920-1","36.131932","139.122566"
"鶴ヶ島市立西中学校","埼玉県鶴ヶ島市下新田266","35.939718","139.375945"
"鶴ヶ島市立鶴ヶ島第一小学校","埼玉県鶴ヶ島市脚折1855","35.938139","139.389109"
"鶴ヶ島市立鶴ヶ島中学校","埼玉県鶴ヶ島市脚折1868-5","35.936157","139.386742"
"鶴ヶ島市女性センター","埼玉県鶴ヶ島市脚折1922-7","35.937691","139.385893"
"鶴ヶ島市北市民センター","埼玉県鶴ヶ島市脚折2171-1","35.945044","139.383898"
"脚折近隣公園","埼玉県鶴ヶ島市脚折町2-24","35.950199","139.390761"
"鶴ヶ島市立長久保小学校","埼玉県鶴ヶ島市脚折町4-12-1","35.94724","139.393187"
"鶴ヶ島市東市民センター","埼玉県鶴ヶ島市五味ヶ谷202","35.945602","139.421354"
"鶴ヶ島市立杉下小学校","埼玉県鶴ヶ島市五味ヶ谷251","35.945928","139.417552"
"埼玉県立鶴ヶ島清風高等学校","埼玉県鶴ヶ島市高倉946-1","35.931957","139.379021"
"鶴ヶ島市南近隣公園","埼玉県鶴ヶ島市松ヶ丘5-28","35.925947","139.412691"
"鶴ヶ島市西市民センター","埼玉県鶴ヶ島市新町4-17-8","35.93298","139.368815"
"鶴ヶ島市立新町小学校","埼玉県鶴ヶ島市新町4-25-1","35.932749","139.367504"
"鶴ヶ島市大橋市民センター","埼玉県鶴ヶ島市太田ヶ谷883","35.926974","139.407197"
"鶴ヶ島市立鶴ヶ島第二小学校","埼玉県鶴ヶ島市鶴ヶ丘358-1","35.936573","139.415707"
"鶴ヶ島市南市民センター","埼玉県鶴ヶ島市鶴ヶ丘375-1","35.937726","139.415815"
"鶴ヶ島海洋センター","埼玉県鶴ヶ島市鶴ヶ丘54-4","35.931696","139.416196"
"鶴ヶ島市立藤中学校","埼玉県鶴ヶ島市藤金272-1","35.94214","139.408915"
"鶴ヶ島市立藤小学校","埼玉県鶴ヶ島市藤金330","35.940105","139.406741"
"鶴ヶ島市立南小学校","埼玉県鶴ヶ島市南町1-26-1","35.925239","139.407142"
"鶴ヶ島市立南中学校","埼玉県鶴ヶ島市南町1-27-1","35.924793","139.405775"
"鶴ヶ島市立富士見中学校","埼玉県鶴ヶ島市富士見2-36-1","35.949023","139.414788"
"富士見中央近隣公園","埼玉県鶴ヶ島市富士見4-1","35.952972","139.41498"
"鶴ヶ島市立栄小学校","埼玉県鶴ヶ島市富士見4-26-1","35.951748","139.417151"
"鶴ヶ島市富士見市民センター","埼玉県鶴ヶ島市富士見5-11-1","35.951023","139.420226"
"唐子地区体育館","埼玉県東松山市下唐子1169-1","36.02777","139.364274"
"唐子市民活動センター","埼玉県東松山市下唐子1604-4","36.028016","139.365249"
"高本集会所","埼玉県東松山市下唐子437","36.01498","139.36454"
"野本市民活動センター","埼玉県東松山市下野本610-1","36.018023","139.411812"
"野本小学校","埼玉県東松山市下野本650-2","36.01909","139.413015"
"加美町公会堂","埼玉県東松山市加美町12-2","36.047105","139.405298"
"葛袋公会堂","埼玉県東松山市葛袋853","36.01824","139.375991"
"岩殿会館","埼玉県東松山市岩殿1042","36.006212","139.369483"
"大東文化大学緑山キャンパス","埼玉県東松山市旗立台3","35.99007","139.382166"
"高坂図書館","埼玉県東松山市元宿2-6-1","36.004957","139.393368"
"新明小学校","埼玉県東松山市御茶山町7-1","36.036367","139.410187"
"高一会館","埼玉県東松山市高坂1-1-11","36.007892","139.398381"
"すわやま荘","埼玉県東松山市高坂1809-1","36.008942","139.393164"
"子育て支援センターマーレ","埼玉県東松山市高坂2-23-3","36.004499","139.40301"
"高坂小学校","埼玉県東松山市高坂4-12-18","36.000024","139.401277"
"高一会館","埼玉県東松山市高坂756","36.007892","139.398381"
"保健センター","埼玉県東松山市材木町2-36","36.04187","139.401489"
"桜山小学校","埼玉県東松山市桜山台5","35.994075","139.388481"
"市の川小学校","埼玉県東松山市市ノ川30","36.042385","139.39806"
"北中学校","埼玉県東松山市松山1895-2","36.058701","139.401564"
"きらめき市民大学","埼玉県東松山市松山2688-8","36.048023","139.411916"
"松山高等学校","埼玉県東松山市松山町1-6-10","36.045423","139.396477"
"高坂丘陵市民活動センター","埼玉県東松山市松風台8-2","35.994457","139.382704"
"市民福祉センター","埼玉県東松山市松本町1-7-8","36.037869","139.407657"
"子育て支援センターソーレ","埼玉県東松山市松本町1-9-19","36.038572","139.412018"
"松山市民活動センター","埼玉県東松山市松本町1-9-35","36.0379","139.410875"
"松山第一小学校","埼玉県東松山市松葉町1-1-16","36.042376","139.397789"
"総合会館","埼玉県東松山市松葉町1-2-3","36.041476","139.400307"
"松山中学校","埼玉県東松山市松葉町2-6-11","36.042122","139.396553"
"東松山市民体育館","埼玉県東松山市松葉町4-8-22","36.04137","139.387357"
"唐子小学校","埼玉県東松山市新郷642","36.030375","139.365142"
"新宿小学校","埼玉県東松山市新宿町14","36.033657","139.420027"
"神戸公会堂","埼玉県東松山市神戸876","36.018822","139.352363"
"青鳥小学校","埼玉県東松山市石橋1150-1","36.031138","139.382241"
"南中学校","埼玉県東松山市石橋330","36.02311","139.383552"
"白坂町自治会集会所","埼玉県東松山市大字松山1845-2","36.056282","139.402258"
"大岡市民活動センター","埼玉県東松山市大谷3400-10","36.079945","139.393834"
"大岡小学校","埼玉県東松山市大谷3699","36.082004","139.396391"
"赤城公会堂","埼玉県東松山市田木931-5","35.986813","139.388574"
"松山第二小学校","埼玉県東松山市東平519-1","36.059506","139.404589"
"平野市民活動センター","埼玉県東松山市東平567-1","36.060235","139.401478"
"柏崎公会堂","埼玉県東松山市柏崎309-12","36.024782","139.42594"
"白山中学校","埼玉県東松山市白山台17","35.995305","139.385316"
"市立図書館","埼玉県東松山市本町2-11-20","36.037432","139.406547"
"東松山特別支援学校","埼玉県東松山市野田1306-1","36.053127","139.385972"
"東部台自治会館","埼玉県東松山市野田1319-54","36.054888","139.386859"
"東中学校","埼玉県東松山市六反町4","36.035391","139.413438"
"松山女子高等学校","埼玉県東松山市和泉町2-22","36.033547","139.394727"
"高齢者生きがいセンター","埼玉県東秩父村安戸432-1","36.050378","139.22213"
"東秩父中学校","埼玉県東秩父村奥沢150","36.055846","139.19834"
"槻川小学校","埼玉県東秩父村御堂364","36.051167","139.205747"
"道の駅和紙の里駐車場","埼玉県東秩父村御堂411","36.052788","139.20351"
"東秩父村和紙の里研修会館","埼玉県東秩父村御堂441","36.052182","139.203645"
"ふれあい広場グランド","埼玉県東秩父村御堂549","36.055577","139.200157"
"横手台グラウンド","埼玉県日高市横手1-1000-3","35.870703","139.291105"
"日高総合公園","埼玉県日高市大字高萩1500","35.900608","139.383485"
"高萩地区第３ちびっ子広場","埼玉県日高市大字高萩2645-8","35.912758","139.381323"
"巾着田多目的広場","埼玉県日高市大字高麗本郷21-1","35.882827","139.312113"
"北平沢運動場","埼玉県日高市大字北平沢1009","35.910053","139.326976"
"中の田公園","埼玉県日高市武蔵台1-214-29","35.878779","139.302965"
"藤沢中学校","埼玉県入間市下藤沢1263-1","35.825867","139.400287"
"藤沢中央公園","埼玉県入間市下藤沢773-1","35.817005","139.407853"
"藤沢地区センター","埼玉県入間市下藤沢846-1","35.81777","139.40319"
"藤沢地区体育館","埼玉県入間市下藤沢988-1","35.819414","139.401601"
"向原中学校","埼玉県入間市久保稲荷3-34-1","35.822568","139.3919"
"扇町屋地区センター　久保稲荷分館","埼玉県入間市久保稲荷3-9-3","35.823052","139.390966"
"扇小学校","埼玉県入間市久保稲荷4-1195-2","35.823939","139.388908"
"宮寺・二本木地区センター","埼玉県入間市宮寺2405-1","35.794827","139.376917"
"武蔵中学校","埼玉県入間市宮寺3193","35.809969","139.374325"
"宮寺地区体育館","埼玉県入間市宮寺567","35.793501","139.378971"
"宮寺小学校","埼玉県入間市宮寺594-1","35.792295","139.378484"
"武道館","埼玉県入間市鍵山3-10-20","35.844817","139.37495"
"黒須地区体育館","埼玉県入間市鍵山3-10-20","35.844339","139.374789"
"黒須中学校","埼玉県入間市鍵山3-13-17","35.846497","139.372721"
"入間向陽高等学校","埼玉県入間市向陽台1-1-1","35.838021","139.395989"
"豊岡小学校","埼玉県入間市向陽台1-1-14","35.838324","139.393275"
"産業文化センター","埼玉県入間市向陽台1-1-7","35.835717","139.396367"
"彩の森入間公園","埼玉県入間市向陽台2","35.836853","139.399113"
"豊岡中学校","埼玉県入間市向陽台2-1-20","35.835794","139.397509"
"東町中学校","埼玉県入間市向陽台2-1-22","35.835006","139.401994"
"東町小学校","埼玉県入間市向陽台2-1009-3","35.83514","139.39999"
"高倉小学校","埼玉県入間市高倉4-14-7","35.834707","139.378734"
"黒須地区センター　高倉分館","埼玉県入間市高倉4-6-20","35.836978","139.379499"
"黒須地区センター","埼玉県入間市黒須2-3-13","35.844982","139.384583"
"金子地区センター","埼玉県入間市寺竹535-1","35.81223","139.333681"
"黒須小学校","埼玉県入間市春日町2-14-60","35.84998","139.386688"
"東金子小学校","埼玉県入間市小谷田1524","35.829604","139.366099"
"青少年活動センター","埼玉県入間市小谷田1681","35.833305","139.366406"
"東金子地区体育館","埼玉県入間市小谷田371","35.822439","139.368971"
"東金子中学校","埼玉県入間市小谷田451-1","35.822659","139.370396"
"入間わかくさ高等特別支援学校","埼玉県入間市小谷田745-1","35.817081","139.373416"
"東金子地区センター","埼玉県入間市小谷田77-3","35.826234","139.367505"
"埼玉県茶業研究所","埼玉県入間市上谷ケ貫244-2","35.80905","139.346546"
"上藤沢中学校","埼玉県入間市上藤沢146-2","35.809975","139.396246"
"藤沢小学校","埼玉県入間市上藤沢384","35.822784","139.400767"
"藤沢地区センター　藤の台分館","埼玉県入間市上藤沢406-31","35.818215","139.397294"
"藤沢南小学校","埼玉県入間市上藤沢52","35.812234","139.400355"
"新久小学校","埼玉県入間市新久500","35.82029","139.363346"
"新光中央公園","埼玉県入間市新光303-2","35.855798","139.359091"
"金子小学校","埼玉県入間市西三ツ木150","35.815224","139.334686"
"金子中学校","埼玉県入間市西三ツ木187","35.814421","139.333099"
"扇町屋地区センター","埼玉県入間市扇町屋1-9-34","35.831688","139.385591"
"中央公園","埼玉県入間市扇町屋1250-1","35.815692","139.379367"
"富士見公園","埼玉県入間市東町1-16","35.83144","139.396986"
"東町地区センター","埼玉県入間市東町3-1-35","35.831144","139.399704"
"藤沢北小学校","埼玉県入間市東町7-1-19","35.826718","139.402602"
"東藤沢地区センター","埼玉県入間市東藤沢3-19-19","35.816784","139.414315"
"藤沢東小学校","埼玉県入間市東藤沢7-9-1","35.815589","139.409932"
"宮寺・二本木地区センター　二本木分館","埼玉県入間市二本木256-1","35.799902","139.35853"
"狭山小学校","埼玉県入間市二本木65-1","35.802598","139.368692"
"図書館西武分館","埼玉県入間市仏子1084-12","35.839896","139.361324"
"仏子小学校","埼玉県入間市仏子165","35.837755","139.352193"
"文化創造アトリエ　アミーゴ","埼玉県入間市仏子766-1","35.840669","139.358468"
"（解体工事中）西武中学校","埼玉県入間市仏子960-1","35.836671","139.360778"
"豊岡高等学校","埼玉県入間市豊岡1-15-1","35.838003","139.390444"
"入間市運動公園","埼玉県入間市豊岡4-2-1","35.83378","139.391752"
"市民体育館","埼玉県入間市豊岡4-2-1","35.833999","139.39096"
"西武地区体育館","埼玉県入間市野田1134-57","35.849875","139.358481"
"西武中学校（旧：野田中学校）","埼玉県入間市野田1741","35.849904","139.346936"
"西武地区センター","埼玉県入間市野田496","35.841367","139.353358"
"西武小学校","埼玉県入間市野田512","35.842497","139.354001"
"西武市民運動場","埼玉県入間市野田字丸山地内","35.840662","139.352891"
"菁莪中学校","埼玉県白岡市下野田927","36.014104","139.691447"
"大山小学校","埼玉県白岡市荒井新田339","36.043435","139.617654"
"老人福祉センター","埼玉県白岡市高岩2177","36.029984","139.677286"
"県立白岡高等学校","埼玉県白岡市高岩275-1","36.031541","139.676746"
"篠津中学校","埼玉県白岡市篠津2617","36.027835","139.66633"
"篠津小学校","埼玉県白岡市篠津2644","36.029036","139.664764"
"白岡市役所篠津分館","埼玉県白岡市篠津502-3","36.033788","139.65655"
"中央公民館","埼玉県白岡市小久喜1227-1","36.019747","139.668527"
"南小学校","埼玉県白岡市小久喜524-1","36.009435","139.670619"
"菁莪小学校","埼玉県白岡市上野田101-1","36.013682","139.688887"
"白岡東小学校","埼玉県白岡市新白岡2-28-1","36.036889","139.67852"
"勤労者体育センター","埼玉県白岡市新白岡3-200-2","36.031369","139.673533"
"高岩公園","埼玉県白岡市新白岡3-43","36.031159","139.67469"
"西小学校","埼玉県白岡市西6-3-1","36.021673","139.654339"
"総合運動公園","埼玉県白岡市千駄野345","36.014075","139.68005"
"南中学校","埼玉県白岡市千駄野356-1","36.015303","139.678354"
"白岡中学校","埼玉県白岡市白岡1647-1","36.022781","139.664033"
"コミュニティセンター・西児童館","埼玉県白岡市白岡857-6","36.015686","139.655757"
"八幡公園","埼玉県白岡市白岡858-1","36.016148","139.655145"
"潮止中学校","埼玉県八潮市大字古新田530","35.800517","139.845728"
"西袋陣屋公園","埼玉県八潮市大字西袋625-1","35.820114","139.817208"
"大曽根小北さくら公園","埼玉県八潮市大字大原583-1","35.805075","139.83503"
"大瀬運動公園","埼玉県八潮市大字大瀬1294","35.807908","139.857333"
"中川小学校","埼玉県八潮市大字大瀬1516","35.798089","139.854565"
"八潮南公園","埼玉県八潮市大字大瀬1847-8","35.794525","139.857913"
"八條小学校","埼玉県八潮市大字鶴ケ曽根1","35.835949","139.838012"
"下河原運動広場","埼玉県八潮市大字鶴ケ曽根2213","35.830813","139.84274"
"八潮高校","埼玉県八潮市大字鶴ケ曽根650","35.830601","139.834604"
"八潮南高校","埼玉県八潮市大字南川崎519-1","35.814402","139.858234"
"潮止小学校","埼玉県八潮市大字南川崎822","35.814801","139.852516"
"中川やしおスポーツパーク","埼玉県八潮市大字二丁目1585","35.822277","139.860678"
"八條北小学校","埼玉県八潮市大字八條1150","35.851209","139.83311"
"八条親水公園","埼玉県八潮市大字八條1620-3","35.843531","139.833301"
"八條中学校","埼玉県八潮市大字八條555","35.854349","139.831827"
"中川やしおフラワーパーク","埼玉県八潮市大字木曽根1009-1","35.822483","139.856008"
"柳之宮小学校","埼玉県八潮市大字柳之宮140","35.822799","139.822179"
"大曽根小学校","埼玉県八潮市大字垳527","35.803999","139.835267"
"大瀬小学校","埼玉県八潮市大瀬3-9-1","35.809346","139.849463"
"やしお駅前公園","埼玉県八潮市大瀬6-3-1","35.806166","139.843233"
"八潮中学校","埼玉県八潮市中央1-1-2","35.822811","139.837299"
"八潮中央公園","埼玉県八潮市中央1-9","35.821598","139.838228"
"八幡小学校","埼玉県八潮市中央4-21-16","35.818128","139.828154"
"大原公園","埼玉県八潮市八潮3-27","35.814067","139.836829"
"大原中学校","埼玉県八潮市八潮5-9-1","35.809433","139.837728"
"大原小学校","埼玉県八潮市八潮7-42-1","35.814115","139.831097"
"松之木小学校","埼玉県八潮市緑町3-9-1","35.827636","139.828992"
"八幡中学校","埼玉県八潮市緑町4-19-1","35.822537","139.828699"
"鳩山町ふれあいセンター","埼玉県鳩山町松ヶ丘1-2-4","35.987799","139.354416"
"鳩山町多世代活動交流センター","埼玉県鳩山町松ヶ丘4-1-1","35.991867","139.35219"
"鳩山町立鳩山中学校","埼玉県鳩山町大字熊井2024-1","35.984433","139.333292"
"埼玉西部クリーンセンター","埼玉県鳩山町大字熊井819","35.991325","139.310157"
"鳩山町亀井農村センター","埼玉県鳩山町大字須江190-1","35.999559","139.329504"
"鳩山町石坂集会所","埼玉県鳩山町大字石坂1429-3","35.976496","139.351727"
"学校法人東京電機大学　埼玉鳩山キャンパス","埼玉県鳩山町大字石坂156-102","35.984111","139.370331"
"鳩山町中央公民館石坂分館","埼玉県鳩山町大字石坂875-17","35.982523","139.364732"
"今宿コミュニティセンター","埼玉県鳩山町大字赤沼2601","35.970891","139.341236"
"鳩山町立今宿小学校","埼玉県鳩山町大字赤沼370","35.972033","139.342956"
"鳩山町立亀井小学校","埼玉県鳩山町大字泉井323-4","35.994865","139.316659"
"鳩山町泉井交流体験エリア","埼玉県鳩山町大字泉井524-1","35.993672","139.316605"
"鳩山町立鳩山小学校","埼玉県鳩山町鳩ヶ丘1-16-1","35.984588","139.354382"
"鳩山町民体育館","埼玉県鳩山町鳩ヶ丘5-16-2","35.98203","139.351398"
"加治中学校","埼玉県飯能市阿須164-1","35.836696","139.332254"
"県立飯能高等学校南校舎","埼玉県飯能市阿須298-2","35.836013","139.329959"
"市民体育館","埼玉県飯能市阿須812-3","35.831347","139.343675"
"大川学園医療福祉専門学校","埼玉県飯能市下加治345","35.861342","139.336118"
"原市場小学校","埼玉県飯能市下赤工442-2","35.868319","139.2475"
"南高麗中学校","埼玉県飯能市下直竹1061","35.843655","139.275993"
"南高麗地区行政センター","埼玉県飯能市下直竹1122-1","35.842927","139.278227"
"南高麗小学校","埼玉県飯能市下直竹38","35.840598","139.277844"
"名栗スポーツ広場","埼玉県飯能市下名栗3086","35.882793","139.182074"
"さわらびの湯","埼玉県飯能市下名栗685","35.871317","139.180906"
"あすなろ会館","埼玉県飯能市下名栗846-1","35.861953","139.186793"
"加治地区行政センター","埼玉県飯能市笠縫59-1","35.839589","139.326613"
"加治東小学校","埼玉県飯能市岩沢1243","35.836504","139.338102"
"加治東地区行政センター","埼玉県飯能市岩沢1283-1","35.837257","139.337355"
"加治東保育所","埼玉県飯能市岩沢1283-1","35.837283","139.337274"
"原市場保育所","埼玉県飯能市原市場1048-1","35.862264","139.235407"
"原市場地区行政センター","埼玉県飯能市原市場1048-1","35.8623","139.235508"
"原市場福祉センター","埼玉県飯能市原市場599","35.864922","139.236355"
"原市場中学校","埼玉県飯能市原市場646","35.866122","139.234809"
"東吾野地区行政センター","埼玉県飯能市虎秀14-5","35.894077","139.26112"
"吾野地区行政センター","埼玉県飯能市吾野186-1","35.921654","139.207474"
"旧吾野小学校","埼玉県飯能市吾野240-2","35.922158","139.206444"
"中央公園","埼玉県飯能市山手町","35.858754","139.310759"
"飯能第一小学校","埼玉県飯能市山手町13-8","35.858527","139.314429"
"山手保育所","埼玉県飯能市山手町19-4","35.86008","139.313974"
"自由の森学園","埼玉県飯能市小岩井613","35.860527","139.269124"
"飯能日高消防署","埼玉県飯能市小久保291","35.869403","139.333791"
"精明小学校","埼玉県飯能市小久保54-2","35.86594","139.342738"
"精明地区行政センター","埼玉県飯能市小久保55-1","35.866055","139.344115"
"第二区保育所","埼玉県飯能市小瀬戸19-1","35.866478","139.269602"
"第二区地区行政センター","埼玉県飯能市小瀬戸19-1","35.866452","139.269655"
"飯能第二小学校","埼玉県飯能市小瀬戸548-1","35.86676","139.272982"
"南高麗福祉センター","埼玉県飯能市上畑202","35.837258","139.285146"
"ふるさと会館","埼玉県飯能市上名栗1736","35.911679","139.147572"
"旧名栗中学校","埼玉県飯能市上名栗2833","35.892466","139.176415"
"名栗小学校","埼玉県飯能市上名栗2944","35.886204","139.179407"
"名栗幼稚園","埼玉県飯能市上名栗2951","35.886602","139.180253"
"名栗地区行政センター","埼玉県飯能市上名栗3125-1","35.882287","139.181297"
"加治小学校","埼玉県飯能市川寺500","35.842614","139.325521"
"加治保育所","埼玉県飯能市川寺531-4","35.84114","139.325969"
"富士見小学校","埼玉県飯能市双柳1-1","35.856753","139.326862"
"飯能第一中学校","埼玉県飯能市双柳1-1","35.85807","139.327492"
"富士見地区行政センター","埼玉県飯能市双柳1-16","35.856508","139.328476"
"浅間保育所","埼玉県飯能市双柳1185-3","35.854136","139.341997"
"双柳小学校","埼玉県飯能市双柳1194","35.853721","139.339516"
"総合福祉センター","埼玉県飯能市双柳371-13","35.855355","139.330408"
"富士見保育所","埼玉県飯能市双柳429-1","35.858604","139.330926"
"双柳地区行政センター","埼玉県飯能市双柳970-2","35.849567","139.340457"
"奥武蔵小学校","埼玉県飯能市長沢26-2","35.912242","139.230692"
"奥武蔵中学校","埼玉県飯能市長沢73-1","35.911699","139.22925"
"吾野保育所","埼玉県飯能市長沢78-1","35.911608","139.229934"
"市民会館","埼玉県飯能市飯能226-2","35.857762","139.311245"
"飯能西中学校","埼玉県飯能市飯能287","35.858286","139.306481"
"飯能中央地区行政センター","埼玉県飯能市飯能60-1","35.855351","139.313271"
"美杉台地区行政センター","埼玉県飯能市美杉台1-2-1","35.845424","139.307814"
"美杉台保育所","埼玉県飯能市美杉台1-2-1","35.845416","139.307887"
"美杉台小学校","埼玉県飯能市美杉台1-29","35.843932","139.310539"
"美杉台中学校","埼玉県飯能市美杉台5-3","35.847001","139.3037"
"旧東吾野小学校","埼玉県飯能市平戸130-2","35.890788","139.258358"
"県立飯能高等学校","埼玉県飯能市本町17-13","35.858322","139.318848"
"東児玉小学校","埼玉県美里町大字阿那志13","36.196988","139.177948"
"美里中学校","埼玉県美里町大字駒衣1115-1","36.180505","139.176332"
"松久小学校","埼玉県美里町大字駒衣341-2","36.170563","139.170443"
"東児玉公民館","埼玉県美里町大字根木33-2","36.196346","139.179576"
"美里町体育広場","埼玉県美里町大字根木8","36.197065","139.179301"
"大沢公民館","埼玉県美里町大字猪俣3010-1","36.157212","139.179194"
"大沢小学校","埼玉県美里町大字猪俣3019-2","36.155593","139.179697"
"松久公民館","埼玉県美里町大字木部124-1","36.171454","139.172048"
"ふじみ野小学校","埼玉県富士見市ふじみ野東4-4-1","35.862683","139.52893"
"ふじみ野小学校グラウンド","埼玉県富士見市ふじみ野東4-4-1","35.862085","139.528177"
"鶴瀬小学校","埼玉県富士見市羽沢2-1-1","35.853486","139.539323"
"関沢小学校","埼玉県富士見市関沢3-24-1","35.835956","139.543633"
"勝瀬小学校","埼玉県富士見市勝瀬674","35.86423","139.53767"
"南畑小学校","埼玉県富士見市上南畑1280","35.862749","139.562429"
"針ケ谷小学校","埼玉県富士見市針ケ谷2-38-1","35.828397","139.553008"
"水谷東小学校","埼玉県富士見市水子3614","35.839195","139.570571"
"水谷小学校","埼玉県富士見市水谷1-13-3","35.841524","139.559513"
"勝瀬小学校グラウンド","埼玉県富士見市大字勝瀬674","35.863887","139.536904"
"つるせ台小学校","埼玉県富士見市鶴瀬西2-9-1","35.847889","139.5332"
"諏訪小学校","埼玉県富士見市鶴馬1932-1","35.855228","139.552536"
"みずほ台小学校","埼玉県富士見市東みずほ台3-21","35.844625","139.551504"
"旧北本市立栄小学校グラウンド","埼玉県北本市栄1","36.019231","139.530043"
"北本市立宮内中学校グラウンド","埼玉県北本市宮内4-322","36.047333","139.541749"
"北本市立中丸小学校グラウンド","埼玉県北本市宮内7-145","36.036155","139.544716"
"北本市体育センター","埼玉県北本市古市場1-156","36.044712","139.549537"
"北本市立石戸小学校グラウンド","埼玉県北本市荒井2-320","36.018238","139.518631"
"北本市立東中学校グラウンド","埼玉県北本市山中2-128","36.033524","139.549211"
"北本市立北小学校グラウンド","埼玉県北本市深井4-45","36.047267","139.530566"
"北本市立西中学校グラウンド","埼玉県北本市石戸9-210","36.013884","139.519537"
"北本市立中丸東小学校グラウンド","埼玉県北本市中丸10-270","36.029435","139.554516"
"北本市立東小学校グラウンド","埼玉県北本市中丸6-65","36.019782","139.551376"
"北本市立北本中学校グラウンド","埼玉県北本市本町1-1-1","36.028189","139.528799"
"北本市文化センター","埼玉県北本市本町1-2-1","36.027468","139.529486"
"北本市立西小学校グラウンド","埼玉県北本市本町7-3","36.025792","139.524332"
"北本市立南小学校グラウンド","埼玉県北本市緑3-387","36.020748","139.538909"
"障害福祉センター","埼玉県本庄市いまい台2-43","36.221652","139.160971"
"本庄南小学校","埼玉県本庄市栄3-6-24","36.232321","139.170554"
"宮戸農民センター","埼玉県本庄市宮戸272-1","36.239209","139.23814"
"市民活動交流センター（はにぽんプラザ）","埼玉県本庄市銀座1-1-1","36.238541","139.184847"
"早稲田大学本庄高等学院","埼玉県本庄市栗崎239-3","36.212236","139.176018"
"本庄特別支援学校","埼玉県本庄市栗崎828","36.210812","139.187652"
"見福公園","埼玉県本庄市見福2-11","36.232807","139.18381"
"本庄南公民館","埼玉県本庄市今井377-2","36.226804","139.164307"
"塩谷集会所","埼玉県本庄市児玉町塩谷599","36.189625","139.110396"
"下浅見文化財収蔵庫","埼玉県本庄市児玉町下浅見867-11","36.208954","139.162929"
"本泉小学校","埼玉県本庄市児玉町河内660","36.152586","139.08787"
"生活改善センター","埼玉県本庄市児玉町河内670-10","36.152052","139.087681"
"吉田林自治会館","埼玉県本庄市児玉町吉田林212","36.198263","139.138346"
"宮内東公会堂","埼玉県本庄市児玉町宮内1350-3","36.191529","139.095814"
"金屋小学校","埼玉県本庄市児玉町金屋1116-1","36.191369","139.118085"
"児玉文化会館（セルディ）","埼玉県本庄市児玉町金屋728-2","36.189356","139.116003"
"児玉総合公園体育館（エコーピア）","埼玉県本庄市児玉町金屋753-1","36.188068","139.116247"
"児玉高等学校","埼玉県本庄市児玉町金屋980","36.187887","139.119667"
"遊楽荘","埼玉県本庄市児玉町元田375-4","36.161329","139.098585"
"大久保ひろば","埼玉県本庄市児玉町児玉1113","36.18416","139.14979"
"児玉小学校","埼玉県本庄市児玉町児玉1355-1","36.189931","139.136883"
"下町自治会館","埼玉県本庄市児玉町児玉1697","36.188893","139.147629"
"児玉中央集会所跡地","埼玉県本庄市児玉町児玉1825-6","36.191999","139.148375"
"久美塚保育所","埼玉県本庄市児玉町児玉2351-1","36.190799","139.14165"
"山王自治会館","埼玉県本庄市児玉町児玉2420","36.191025","139.139255"
"児玉公民館跡地","埼玉県本庄市児玉町児玉2510-1","36.190592","139.134446"
"競進社模範蚕室","埼玉県本庄市児玉町児玉2514-27","36.191468","139.133761"
"秋山会館","埼玉県本庄市児玉町秋山1401-1","36.172565","139.140273"
"秋平さくら保育園","埼玉県本庄市児玉町秋山2527-1","36.174357","139.13153"
"秋平小学校","埼玉県本庄市児玉町秋山2531","36.175515","139.130902"
"観光農業センター","埼玉県本庄市児玉町小平653","36.166216","139.121906"
"太駄公会堂","埼玉県本庄市児玉町太駄368-2","36.133807","139.077986"
"児玉中学校","埼玉県本庄市児玉町八幡山438","36.19363","139.126205"
"コウガの森・共和","埼玉県本庄市児玉町蛭川885","36.207327","139.150512"
"共和小学校","埼玉県本庄市児玉町蛭川895-1","36.208541","139.151103"
"共和公民館","埼玉県本庄市児玉町蛭川915-5","36.209311","139.151327"
"本庄西公民館","埼玉県本庄市小島1-10-4","36.245388","139.171577"
"長松寺","埼玉県本庄市小島5-4-12","36.249894","139.173551"
"若泉運動公園武道館","埼玉県本庄市小島6-11-14","36.249084","139.179273"
"勤労青少年ホーム跡地","埼玉県本庄市小島南1-8-2","36.242011","139.170645"
"小島南ふれあい公園","埼玉県本庄市小島南1-8-3","36.242296","139.170685"
"保健センター跡地","埼玉県本庄市小島南2-4-12","36.24017","139.168098"
"あさひ多目的研修センター","埼玉県本庄市沼和田1005","36.259197","139.179167"
"老人福祉センター　つきみ荘","埼玉県本庄市沼和田127-1","36.257357","139.189734"
"本庄第一高等学校","埼玉県本庄市仁手1789","36.249995","139.211504"
"本庄第一中学校","埼玉県本庄市仁手2167-1","36.251341","139.213194"
"仁手小学校","埼玉県本庄市仁手618","36.24852","139.205762"
"仁手公民館","埼玉県本庄市仁手665-1","36.248039","139.209429"
"本庄市立図書館","埼玉県本庄市千代田4-1-9","36.242394","139.18067"
"本庄西中学校","埼玉県本庄市千代田4-3-1","36.243806","139.181872"
"本庄西小学校","埼玉県本庄市千代田4-3-2","36.244473","139.180617"
"前原児童センター","埼玉県本庄市前原1-4-13","36.237151","139.1807"
"北泉公民館","埼玉県本庄市早稲田の杜5-12-29","36.217136","139.188122"
"滝瀬集荷所","埼玉県本庄市滝瀬1437-2","36.230451","139.242412"
"旭公民館","埼玉県本庄市都島238-1","36.25994","139.174118"
"旭小学校","埼玉県本庄市都島78","36.256958","139.175827"
"本庄公民館","埼玉県本庄市東台5-2-33","36.243076","139.197648"
"本庄東小学校","埼玉県本庄市日の出1-2-1","36.233827","139.197341"
"本庄東高等学校","埼玉県本庄市日の出1-4-5","36.23207","139.199916"
"日の出児童センター","埼玉県本庄市日の出2-5-56","36.235453","139.199622"
"本庄東公民館","埼玉県本庄市日の出2-8-28","36.233056","139.200224"
"本庄東中学校","埼玉県本庄市日の出4-2-45","36.238557","139.199725"
"本庄高等学校","埼玉県本庄市柏1-4-1","36.234163","139.175704"
"保健センター","埼玉県本庄市北堀1422-1","36.227165","139.189196"
"本庄市民文化会館","埼玉県本庄市北堀1422-3","36.226771","139.188306"
"北泉防災広場","埼玉県本庄市北堀1824-1","36.221787","139.186334"
"北泉小学校","埼玉県本庄市北堀1871-1","36.221609","139.188404"
"本庄総合公園体育館（シルクドーム）","埼玉県本庄市北堀433","36.217399","139.195811"
"本庄総合公園市民球場","埼玉県本庄市北堀433","36.218494","139.19713"
"藤田小学校","埼玉県本庄市牧西1171","36.234367","139.22377"
"藤田公民館","埼玉県本庄市牧西1210-3","36.236069","139.226629"
"堀田集落センター","埼玉県本庄市堀田958","36.229381","139.233096"
"本庄市役所","埼玉県本庄市本庄3-5-3","36.243292","139.190659"
"中央小学校","埼玉県本庄市緑1-16-1","36.226994","139.179073"
"本庄南中学校","埼玉県本庄市緑3-13-1","36.227142","139.174136"
"光の家療育センター　第２光の家","埼玉県毛呂山町阿諏訪100-1","35.935397","139.300528"
"（学）山口学院埼玉平成中学校","埼玉県毛呂山町下川原375","35.937717","139.342499"
"泉野小学校","埼玉県毛呂山町岩井353","35.952227","139.315572"
"中央公民館","埼玉県毛呂山町岩井西1-15-1","35.945899","139.312608"
"岩井グラウンド","埼玉県毛呂山町岩井西2-31-1","35.944002","139.315047"
"毛呂山中学校","埼玉県毛呂山町岩井西4-12-1","35.940301","139.312361"
"毛呂山小学校","埼玉県毛呂山町岩井西4-2-1","35.941035","139.311036"
"ウィズもろやま（福祉会館）","埼玉県毛呂山町岩井西5-16-1","35.942199","139.310251"
"（学）山口学院埼玉平成高等学校","埼玉県毛呂山町市場333-1","35.939011","139.342643"
"光山小学校","埼玉県毛呂山町市場475","35.94045","139.336324"
"城西大学硬式野球場","埼玉県毛呂山町西大久保62-25","35.955626","139.357499"
"埼玉県立毛呂山特別支援学校","埼玉県毛呂山町川角1024-1","35.957294","139.343258"
"川角小学校","埼玉県毛呂山町川角1271","35.949485","139.335717"
"川角中学校","埼玉県毛呂山町川角264","35.943821","139.337597"
"前久保中央公園","埼玉県毛呂山町前久保南4-17-5","35.944364","139.325668"
"総合公園","埼玉県毛呂山町大谷木443","35.922158","139.309081"
"歴史民俗資料館","埼玉県毛呂山町大類535","35.955669","139.346377"
"大類グラウンド","埼玉県毛呂山町大類717","35.958827","139.344486"
"新田沼公園","埼玉県嵐山町むさし台1-6","36.047616","139.328371"
"吹上公園","埼玉県嵐山町むさし台2-30","36.047009","139.323982"
"鶴巻運動公園","埼玉県嵐山町むさし台3-4","36.050586","139.327905"
"花見台第１公園","埼玉県嵐山町花見台1-109","36.077305","139.322111"
"遠山中央グランド","埼玉県嵐山町大字遠山137","36.036349","139.297554"
"嵐山町総合運動公園","埼玉県嵐山町大字鎌形505","36.026862","139.31943"
"七郷小学校グランド","埼玉県嵐山町大字吉田1913","36.081529","139.31168"
"障害者支援施設嵐山郷中庭","埼玉県嵐山町大字古里1848","36.107191","139.30093"
"古里児童遊園地","埼玉県嵐山町大字古里430","36.096206","139.304698"
"フィットネス２１パーク","埼玉県嵐山町大字広野1432-2","36.057063","139.32228"
"観音堂","埼玉県嵐山町大字根岸59","36.027819","139.333322"
"志賀小学校グランド","埼玉県嵐山町大字志賀540","36.048536","139.319912"
"明光寺","埼玉県嵐山町大字将軍沢308","36.018786","139.328363"
"玉ノ岡中学校グランド","埼玉県嵐山町大字杉山610","36.063486","139.315561"
"菅谷小学校グランド","埼玉県嵐山町大字菅谷577","36.039162","139.322387"
"菅谷中学校グランド","埼玉県嵐山町大字菅谷649","36.038455","139.32464"
"国立女性教育会館広場","埼玉県嵐山町大字菅谷728","36.035581","139.325868"
"埼玉県立嵐山史跡の博物館広場","埼玉県嵐山町大字菅谷757","36.036608","139.323374"
"千手堂構造改善センター","埼玉県嵐山町大字千手堂116-2","36.036573","139.313816"
"川島集会所","埼玉県嵐山町大字川島1975-1","36.050156","139.333969"
"らんざん都幾川学校橋広場","埼玉県嵐山町大字大蔵655","36.031547","139.331447"
"平沢コミュニティセンター","埼玉県嵐山町大字平沢2493","36.044887","139.313776"
"平野中学校","埼玉県蓮田市井沼932","36.026058","139.622661"
"平野小学校","埼玉県蓮田市井沼937","36.025776","139.62118"
"蓮田中学校","埼玉県蓮田市閏戸147-1","35.991201","139.647438"
"蓮田北小学校","埼玉県蓮田市閏戸3236","36.006737","139.639068"
"蓮田中央小学校","埼玉県蓮田市関山3-6-1","35.988707","139.654423"
"黒浜小学校","埼玉県蓮田市黒浜3069","35.990353","139.671307"
"黒浜西中学校","埼玉県蓮田市黒浜3862","36.004457","139.663784"
"蓮田松韻高等学校","埼玉県蓮田市黒浜4088","36.000394","139.674687"
"黒浜公園","埼玉県蓮田市黒浜4088-2","36.000396","139.673021"
"蓮田特別支援学校","埼玉県蓮田市黒浜4088-4","35.998629","139.674102"
"黒浜中学校","埼玉県蓮田市黒浜4748","35.992175","139.675565"
"黒浜南小学校","埼玉県蓮田市黒浜722","35.983417","139.672087"
"根金防災公園","埼玉県蓮田市根金1792","36.020737","139.641673"
"桜台防災広場","埼玉県蓮田市桜台1-551-2","35.978846","139.661011"
"松ケ崎公園","埼玉県蓮田市桜台2-467-2","35.978552","139.664021"
"山ノ内公園","埼玉県蓮田市山ノ内1-2","35.987875","139.644811"
"堂山公園","埼玉県蓮田市上2-3571","35.986392","139.655273"
"西城沼公園","埼玉県蓮田市城637-1","36.000159","139.657492"
"五反歩公園","埼玉県蓮田市西城2-110","36.000075","139.65204"
"上島公園","埼玉県蓮田市西新宿1-75","36.005242","139.656389"
"中道公園","埼玉県蓮田市西新宿3-83","36.003993","139.651346"
"黒浜西小学校","埼玉県蓮田市西新宿3-84","36.002859","139.651213"
"蓮田南小学校","埼玉県蓮田市東6-9-11","35.976777","139.65183"
"黒浜北小学校","埼玉県蓮田市南新宿800","36.005178","139.659402"
"蓮田南中学校","埼玉県蓮田市蓮田1519","35.968928","139.649546"
"根ヶ谷戸公園","埼玉県蓮田市蓮田2-243","35.972402","139.655632"
"小学校予定地運動場","埼玉県蓮田市蓮田4-154","35.970796","139.655317"
"下新倉小学校","埼玉県和光市下新倉5-21-1","35.796898","139.633143"
"大和中学校","埼玉県和光市丸山台2-8-8","35.785191","139.619525"
"第二中学校","埼玉県和光市広沢1-4","35.782461","139.608742"
"広沢小学校","埼玉県和光市広沢1-5","35.782765","139.606981"
"総合児童センター","埼玉県和光市広沢1-5-54","35.783065","139.606538"
"県営和光樹林公園","埼玉県和光市広沢3","35.776988","139.605275"
"総合体育館","埼玉県和光市広沢3-1","35.776728","139.606157"
"県立和光国際高校","埼玉県和光市広沢4-1","35.778438","139.603614"
"勤労青少年ホーム","埼玉県和光市新倉1-20-40","35.793687","139.610658"
"新倉児童館","埼玉県和光市新倉1-38-1","35.792099","139.618557"
"北原小学校","埼玉県和光市新倉1-5-27","35.791922","139.606177"
"新倉小学校","埼玉県和光市新倉2-2-39","35.792859","139.619644"
"新倉コミュニティセンター","埼玉県和光市新倉2-26-1","35.793157","139.620653"
"新倉北地域センター","埼玉県和光市新倉2-9-10","35.798083","139.617283"
"県立和光高校","埼玉県和光市新倉3-22-1","35.797215","139.628196"
"坂下公民館","埼玉県和光市新倉3-4-18","35.793783","139.624263"
"勤労福祉センター","埼玉県和光市新倉7-10-7","35.803367","139.623367"
"第四小学校","埼玉県和光市諏訪3-20","35.77727","139.616348"
"第三小学校","埼玉県和光市中央1-1-4","35.784823","139.611949"
"中央公民館","埼玉県和光市中央1-7-27","35.783573","139.611089"
"第五小学校","埼玉県和光市南1-5-10","35.770922","139.617374"
"南地域センター","埼玉県和光市南1-8-47","35.772856","139.616688"
"第三中学校","埼玉県和光市南2-2-1","35.773089","139.614537"
"和光市運動場","埼玉県和光市南2-2-2","35.775028","139.614114"
"南公民館","埼玉県和光市南2-3-1","35.774929","139.612879"
"向山地域センター","埼玉県和光市白子1-33-20","35.768014","139.622197"
"白子コミュニティセンター","埼玉県和光市白子2-15-51","35.781226","139.622159"
"白子宿地域センター","埼玉県和光市白子2-20-40","35.781586","139.62438"
"白子小学校","埼玉県和光市白子3-2-10","35.784303","139.624304"
"白子吹上コミュニティセンター","埼玉県和光市白子3-8-21","35.788995","139.628337"
"本町地域センター","埼玉県和光市本町3-3","35.788379","139.611458"
"本町小学校","埼玉県和光市本町31-17","35.785967","139.604891"
"富士見第２公園","埼玉県蕨市錦町2-11","35.824263","139.672994"
"富士見公園","埼玉県蕨市錦町2-12","35.822814","139.672686"
"錦町スポーツ広場","埼玉県蕨市錦町2-6","35.824105","139.674668"
"松原会館","埼玉県蕨市錦町3-3-41","35.827883","139.673741"
"西公民館","埼玉県蕨市錦町3-3-41","35.82768","139.673502"
"第二中学校","埼玉県蕨市錦町3-9-38","35.828036","139.671489"
"西小学校","埼玉県蕨市錦町5-11-30","35.830181","139.667972"
"旭町公民館","埼玉県蕨市中央1-23-8","35.826731","139.691081"
"文化ホールくるる","埼玉県蕨市中央1-23-8","35.826644","139.691158"
"中央公園","埼玉県蕨市中央3-9","35.82471","139.687542"
"和楽備神社","埼玉県蕨市中央4-20-9","35.82676","139.681582"
"城址公園","埼玉県蕨市中央4-21-29","35.826352","139.681797"
"中央公民館","埼玉県蕨市中央4-21-29","35.825904","139.681929"
"市民会館","埼玉県蕨市中央4-21-29","35.825782","139.681956"
"福祉・児童センター","埼玉県蕨市中央4-9-22","35.824039","139.683653"
"中の宮公園","埼玉県蕨市中央4-9-22","35.823705","139.683612"
"ふるさと土橋公園","埼玉県蕨市中央6-5","35.819472","139.68551"
"中央小学校","埼玉県蕨市中央6-8-25","35.821493","139.683548"
"中央東小学校","埼玉県蕨市中央7-18-7","35.818709","139.687596"
"下蕨公民館","埼玉県蕨市中央7-41-1","35.816679","139.688155"
"下蕨公園","埼玉県蕨市中央7-41-1","35.816349","139.688015"
"東小学校","埼玉県蕨市塚越3-10-36","35.825112","139.699197"
"塚越公園","埼玉県蕨市塚越3-19","35.824798","139.700517"
"東公民館","埼玉県蕨市塚越3-19-13","35.824982","139.701328"
"蕨市民公園","埼玉県蕨市塚越5-1","35.82325","139.70042"
"武南学園","埼玉県蕨市塚越5-10-21","35.822932","139.704293"
"けやき荘","埼玉県蕨市塚越5-6-10","35.824101","139.703449"
"塚越小学校","埼玉県蕨市塚越5-7-20","35.824317","139.704688"
"東中学校","埼玉県蕨市塚越6-7-34","35.825774","139.703009"
"南小学校","埼玉県蕨市南町1-36-6","35.818303","139.692127"
"南公民館","埼玉県蕨市南町2-23-19","35.818336","139.696178"
"三和公園","埼玉県蕨市南町2-23-19","35.818214","139.696598"
"大荒田交通公園","埼玉県蕨市南町2-3","35.821286","139.697611"
"第一中学校","埼玉県蕨市南町3-1-29","35.819348","139.698683"
"市民体育館","埼玉県蕨市北町1-27-15","35.830668","139.680639"
"北町公民館","埼玉県蕨市北町1-27-15","35.830833","139.680692"
"北町公園","埼玉県蕨市北町1-27-15","35.830961","139.680284"
"北小学校","埼玉県蕨市北町2-11-6","35.82687","139.678756"
"三学院","埼玉県蕨市北町3-2","35.829031","139.67786"
"蕨高等学校","埼玉県蕨市北町5-3-8","35.832918","139.674168"