"施設名","所在地","緯度","経度"
"保健福祉センター京和荘","新潟県阿賀野市姥ヶ橋1104","37.843009","139.18568"
"京ヶ瀬中学校体育館・グラウンド","新潟県阿賀野市姥ヶ橋739","37.841373","139.183488"
"京ヶ瀬小学校体育館・グラウンド","新潟県阿賀野市姥ヶ橋749","37.842313","139.18533"
"水原総合体育館","新潟県阿賀野市岡山町10-15","37.833793","139.225498"
"水原小学校体育館・グラウンド","新潟県阿賀野市岡山町4-35","37.835585","139.224392"
"福祉会館","新潟県阿賀野市外城町10-5","37.839443","139.231843"
"阿賀野高等学校体育館・グラウンド","新潟県阿賀野市学校町3-9","37.831757","139.225224"
"水原中学校体育館・グラウンド","新潟県阿賀野市学校町9-9","37.828348","139.225328"
"県立駒林特別支援学校体育館・グラウンド","新潟県阿賀野市駒林5050","37.855822","139.205431"
"笹神体育館","新潟県阿賀野市笹岡157-1","37.840189","139.266384"
"笹神中学校体育館・グラウンド","新潟県阿賀野市笹岡200","37.841176","139.266283"
"水原公民館","新潟県阿賀野市山口町1-2-14","37.840367","139.217575"
"笹岡小学校体育館・グラウンド","新潟県阿賀野市山崎1443-1","37.834366","139.271089"
"ふれあい会館","新潟県阿賀野市山崎77","37.83677","139.268556"
"笹神保健センター","新潟県阿賀野市山崎89","37.835894","139.268743"
"神山小学校体育館・グラウンド","新潟県阿賀野市山倉107","37.870956","139.254746"
"旧寺社小学校体育館・グラウンド","新潟県阿賀野市寺社甲2009","37.797681","139.224264"
"総合福祉施設かがやき苑　体育館","新潟県阿賀野市寺社甲3848-212","37.785589","139.23441"
"大和体育館・グラウンド","新潟県阿賀野市小浮2443","37.778938","139.202918"
"笹神農民研修所","新潟県阿賀野市上一分134","37.845464","139.289335"
"コミュニティセンター瓢湖憩の家","新潟県阿賀野市水原314-19","37.836141","139.237159"
"旧前山小学校体育館・グラウンド","新潟県阿賀野市前山305-1","37.822584","139.191887"
"五頭山麓うららの森","新潟県阿賀野市村杉3946-163","37.80271","139.289451"
"旧分田小学校体育館・グラウンド","新潟県阿賀野市東町995","37.793851","139.200257"
"安野小学校体育館・グラウンド","新潟県阿賀野市南安野町7-1","37.837141","139.213587"
"山手体育館","新潟県阿賀野市福永910","37.778098","139.249014"
"分田農村環境改善センター","新潟県阿賀野市分田1322-1","37.7976","139.198685"
"安田交流センター","新潟県阿賀野市保田1756-1","37.773882","139.234268"
"安田中学校体育館・グラウンド","新潟県阿賀野市保田4419","37.770582","139.237537"
"安田小学校体育館・グラウンド","新潟県阿賀野市保田4664","37.776857","139.234988"
"やすだ児童クラブ","新潟県阿賀野市保田4807-1","37.773495","139.236934"
"堀越小学校グラウンド・堀越児童屋内体育館","新潟県阿賀野市野地城259-1","37.818333","139.228969"
"旧赤坂小学校体育館・グラウンド","新潟県阿賀野市六野瀬1345","37.758942","139.248563"
"塩釜六社神社","新潟県粟島浦村釜谷1080-2","38.446203","139.223522"
"八所神社","新潟県粟島浦村内浦248","38.463569","139.250434"
"粟生津保育園","新潟県燕市粟生津623-1","37.652331","138.872088"
"粟生津体育文化センター","新潟県燕市粟生津623-1","37.652274","138.872751"
"粟生津小学校","新潟県燕市粟生津657","37.651414","138.871337"
"粟生津小学校グラウンド","新潟県燕市粟生津657","37.651364","138.87209"
"井土巻二丁目公園","新潟県燕市井土巻2-59","37.654442","138.930621"
"三燕みどりの森公園","新潟県燕市井土巻3-104","37.649757","138.932697"
"須頃郷第４号公園","新潟県燕市井土巻4-36","37.655166","138.935871"
"井土巻五丁目公園","新潟県燕市井土巻5-211","37.654785","138.940265"
"須頃郷第１号公園","新潟県燕市井土巻5-230","37.649871","138.940538"
"須頃郷第５号公園","新潟県燕市井土巻5-94","37.651727","138.936553"
"東児童センター","新潟県燕市燕611","37.665788","138.935014"
"つばくろ運動広場","新潟県燕市横田13686","37.63033","138.902467"
"島上小学校グラウンド","新潟県燕市横田301","37.62681","138.878831"
"島上小学校","新潟県燕市横田301","37.627524","138.878219"
"島上農村環境改善センター","新潟県燕市横田301-2","37.627886","138.879035"
"島上保育園","新潟県燕市横田534","37.627892","138.8812"
"花園町第一公園","新潟県燕市花園町12-3","37.68361","138.955789"
"小中川小学校","新潟県燕市花園町32-1","37.685354","138.953147"
"小中川小学校グラウンド","新潟県燕市花園町32-1","37.686118","138.953099"
"西燕保育園","新潟県燕市花見414-1","37.679624","138.912034"
"西燕児童館","新潟県燕市花見633-2","37.679968","138.912125"
"県立燕中等教育学校","新潟県燕市灰方815","37.684538","138.930441"
"県立燕中等教育学校グラウンド","新潟県燕市灰方815","37.684227","138.930305"
"三方崎保育園","新潟県燕市関崎19","37.688126","138.935532"
"旧松長小学校グラウンド","新潟県燕市舘野1204","37.701449","138.933862"
"旧松長小学校","新潟県燕市舘野1204","37.701647","138.933856"
"松長公民館","新潟県燕市舘野300-2","37.701567","138.9328"
"みなみ親水公園","新潟県燕市吉田6123-1","37.677722","138.873477"
"吉田南小学校グラウンド","新潟県燕市吉田6126","37.677713","138.872387"
"吉田南小学校","新潟県燕市吉田6126","37.678483","138.872565"
"吉田武道館","新潟県燕市吉田旭町4-1-22","37.685661","138.875072"
"第２号旭町公園","新潟県燕市吉田旭町4-461-2","37.685499","138.873713"
"吉田ポケットパーク","新潟県燕市吉田下中野1597-4","37.67078","138.889278"
"吉田曙町公園","新潟県燕市吉田曙町815-3","37.685668","138.884933"
"吉田公民館","新潟県燕市吉田大保町22-1","37.687667","138.883488"
"吉田児童センター","新潟県燕市吉田大保町23-6","37.688067","138.882878"
"吉田ふれあいセンター","新潟県燕市吉田中町5-20","37.691391","138.876825"
"吉田日之出保育園","新潟県燕市吉田東栄町11-2","37.684419","138.879146"
"吉田産業会館","新潟県燕市吉田東栄町14-12","37.681648","138.877219"
"県立吉田高等学校","新潟県燕市吉田東町16-1","37.694737","138.880476"
"燕市民交流センター","新潟県燕市吉田日之出町1-1","37.685606","138.879618"
"よしだ保育園","新潟県燕市吉田浜首町20-14","37.692884","138.874566"
"吉田中学校","新潟県燕市吉田文京町1-1","37.702622","138.879777"
"吉田中学校グラウンド","新潟県燕市吉田文京町1-1","37.701667","138.879767"
"吉田総合グラウンド","新潟県燕市吉田本所169-1","37.700413","138.880323"
"吉田総合体育館","新潟県燕市吉田本所176-1","37.699551","138.880621"
"勤労青少年ホーム","新潟県燕市吉田本所178-1","37.699063","138.881022"
"北公園","新潟県燕市吉田本所185-1","37.698443","138.882083"
"燕市吉田老人センター","新潟県燕市吉田本所188-3","37.698765","138.881994"
"吉田小学校","新潟県燕市吉田弥生町1-1","37.693126","138.87388"
"吉田小学校グラウンド","新潟県燕市吉田弥生町1-1","37.693952","138.874403"
"県立分水高等学校グラウンド","新潟県燕市笈ケ島104-4","37.618657","138.847908"
"県立分水高等学校","新潟県燕市笈ケ島104-4","37.619307","138.848662"
"信濃川大河津資料館","新潟県燕市五千石","37.609725","138.841969"
"大河津分水さくら公園","新潟県燕市五千石4026-3","37.612915","138.842255"
"四箇村ふれあい館","新潟県燕市溝37-1","37.654665","138.868904"
"四箇村ふれあい館前広場","新潟県燕市溝37-1","37.654853","138.868683"
"国上ビジターサービスセンター駐車場","新潟県燕市国上1405-15","37.664989","138.813768"
"国上勤労者体育センター","新潟県燕市国上3492-1","37.653704","138.811856"
"国上勤労者体育センター駐車場","新潟県燕市国上3492-1","37.653441","138.811675"
"国上健康の森公園","新潟県燕市国上5866-1","37.663046","138.823191"
"須頃郷第８号公園","新潟県燕市佐渡5225","37.653842","138.944052"
"須頃郷第７号公園","新潟県燕市佐渡5246","37.652871","138.941661"
"須頃郷第１０号公園","新潟県燕市佐渡5251","37.653577","138.944335"
"東町公園","新潟県燕市佐渡７９７－３先","37.658188","138.949704"
"吉田北保育園","新潟県燕市佐渡山4130-1","37.709992","138.913132"
"吉田北体育文化センター","新潟県燕市佐渡山4130-1","37.711088","138.913186"
"佐渡山北部公園","新潟県燕市佐渡山4142-3","37.710919","138.913722"
"燕北中学校","新潟県燕市三王渕1940","37.687482","138.945244"
"燕北中学校グラウンド","新潟県燕市三王渕1940","37.687081","138.94516"
"秋葉町公園","新潟県燕市秋葉町3-895","37.661688","138.919098"
"つぼみ保育園","新潟県燕市秋葉町4-10-40","37.66179","138.916193"
"勤労者体育センター","新潟県燕市秋葉町4-11-25","37.662824","138.91144"
"燕中学校","新潟県燕市秋葉町4-8-71","37.663246","138.913018"
"燕中学校グラウンド","新潟県燕市秋葉町4-8-71","37.663904","138.912262"
"小中川児童館","新潟県燕市小古津新19-1","37.691583","138.948933"
"小高保育園園庭","新潟県燕市小高1593","37.666439","138.945987"
"小高保育園","新潟県燕市小高1593","37.666485","138.945717"
"県央研究所","新潟県燕市小高6014","37.654719","138.948589"
"須頃郷第９号公園","新潟県燕市小高7011","37.654802","138.946407"
"小池保育園","新潟県燕市小池1626","37.6331","138.902921"
"小池新町西公園","新潟県燕市小池新町214","37.629946","138.899498"
"栄町公園","新潟県燕市小牧290","37.67048","138.954278"
"スポーツランド燕","新潟県燕市小牧837-1","37.676318","138.951697"
"スポーツランド燕","新潟県燕市小牧837-1","37.675771","138.949651"
"分水福祉会館","新潟県燕市上諏訪10-16","37.629785","138.842366"
"藤の曲保育園","新潟県燕市新栄町131","37.67007","138.930256"
"藤の曲公民館","新潟県燕市新栄町131","37.670117","138.930422"
"新生町第一公園","新潟県燕市新生町169","37.688656","138.956842"
"燕東幼稚園","新潟県燕市新町1-20","37.66365","138.931874"
"燕東小学校","新潟県燕市新町1-26","37.664305","138.932598"
"燕東小学校グラウンド","新潟県燕市新町1-26","37.663729","138.932653"
"文化会館","新潟県燕市水道町1-3-28","37.657693","138.919214"
"総合文化センター駐車場","新潟県燕市水道町1-3-28","37.657234","138.918941"
"中央公民館","新潟県燕市水道町1-3-28","37.657433","138.919056"
"水道町保育園","新潟県燕市水道町3-22-3","37.656566","138.908641"
"水道町公園","新潟県燕市水道町4-51","37.657597","138.911875"
"燕勤労者総合福祉センター","新潟県燕市大曲3015","37.648398","138.918532"
"燕市民体育館","新潟県燕市大曲3015","37.64806","138.91914"
"燕市体育センター駐車場","新潟県燕市大曲3015","37.648394","138.919989"
"児童研修館","新潟県燕市大曲3355","37.64797","138.921217"
"燕市交通公園","新潟県燕市大曲3375","37.648005","138.922285"
"燕市老人集会センター","新潟県燕市大曲4336","37.652322","138.920022"
"大関小学校","新潟県燕市大曲605","37.654861","138.915288"
"大関小学校グラウンド","新潟県燕市大曲605","37.654224","138.915436"
"吉田ふれあい広場多目的広場","新潟県燕市大保466","37.694009","138.903156"
"川前公民館","新潟県燕市中川597-1","37.680985","138.958011"
"あおい保育園","新潟県燕市中島1208","37.646557","138.836104"
"分水北小学校屋外運動場","新潟県燕市中島1229-1","37.64799","138.838213"
"分水北小学校","新潟県燕市中島1299-1","37.648378","138.838627"
"旧長所保育園園庭","新潟県燕市長所1175","37.712988","138.936998"
"国上農村環境改善センター","新潟県燕市長辰7550-2","37.663236","138.824011"
"燕南小学校","新潟県燕市殿島1-4-21","37.657486","138.924664"
"燕南小学校グラウンド","新潟県燕市殿島1-4-21","37.65738","138.92419"
"吉田寺","新潟県燕市渡部1195","37.655084","138.79773"
"渡部菅原神社脇広場","新潟県燕市渡部1686","37.651179","138.804476"
"燕北小学校","新潟県燕市東太田1680","37.676317","138.930191"
"燕北小学校グラウンド","新潟県燕市東太田1680","37.676582","138.929717"
"西小児童クラブ","新潟県燕市東太田3056","37.666484","138.91672"
"燕西小学校グラウンド","新潟県燕市東太田7936","37.665319","138.917012"
"燕西小学校","新潟県燕市東太田7936","37.665939","138.917269"
"小池中学校グラウンド","新潟県燕市道金1095-1","37.642152","138.914847"
"小池中学校","新潟県燕市道金1095-1","37.642533","138.914238"
"燕南こども園","新潟県燕市南3-1-20","37.661336","138.926933"
"南町公園","新潟県燕市南3-6244-1","37.660182","138.926455"
"南公民館","新潟県燕市南6-1-1","37.661508","138.930925"
"スポーツパーク市民テニスコート","新潟県燕市南7-9-40","37.660181","138.934073"
"スポーツパーク少年野球場","新潟県燕市南7-9-40","37.661319","138.933601"
"日之出町第一公園","新潟県燕市日之出町183","37.661764","138.938844"
"燕こども園","新潟県燕市白山町1-9-15","37.665623","138.920942"
"燕庁舎","新潟県燕市白山町2-7-27","37.667093","138.925949"
"燕中央公園","新潟県燕市白山町3-2526-7","37.67254","138.917938"
"大曲八王寺保育園","新潟県燕市八王寺740","37.645179","138.919013"
"サンスポーツランド分水野球場","新潟県燕市分水あけぼの1-1-67","37.63948","138.839065"
"分水児童館","新潟県燕市分水あけぼの1-1-91","37.637757","138.83888"
"分水小学校グラウンド","新潟県燕市分水学校町1-7-1","37.628519","138.848021"
"分水小学校","新潟県燕市分水学校町1-7-1","37.628167","138.848056"
"分水中学校","新潟県燕市分水向陽1-1","37.635926","138.840727"
"分水中学校グラウンド","新潟県燕市分水向陽1-1","37.635274","138.840421"
"分水総合体育館","新潟県燕市分水向陽1-2","37.634235","138.839929"
"分水公民館","新潟県燕市分水新町2-5-1","37.622615","138.843768"
"分水公民館駐車場","新潟県燕市分水新町2-5-1","37.622056","138.843738"
"吉田北小学校グラウンド","新潟県燕市米納津4297-1","37.702906","138.899171"
"吉田北小学校","新潟県燕市米納津4297-1","37.70266","138.898575"
"小中川公民館","新潟県燕市又新1115","37.691117","138.948464"
"小中川地区コミュニティセンターソフトボール場","新潟県燕市又新1115","37.691427","138.947933"
"小池公民館","新潟県燕市柳山1580","37.638041","138.90518"
"小池小学校","新潟県燕市柳山2131","37.637705","138.905884"
"小池小学校グラウンド","新潟県燕市柳山2131","37.638424","138.905813"
"中谷地公園","新潟県加茂市栄町16","37.660644","139.040422"
"釜淵公園","新潟県加茂市栄町5","37.663041","139.042154"
"西加茂保育園","新潟県加茂市栄町8-25","37.662533","139.041672"
"駅前集会所","新潟県加茂市駅前1","37.658188","139.049223"
"駅前２号公園","新潟県加茂市駅前1","37.657658","139.048535"
"駅前公園","新潟県加茂市駅前10","37.659455","139.049775"
"横江公園","新潟県加茂市横江2","37.653679","139.034342"
"加茂中学校グラウンド","新潟県加茂市学校町1-1","37.669254","139.057691"
"加茂中学校","新潟県加茂市学校町1-1","37.668709","139.057012"
"学校法人加茂暁星学園","新潟県加茂市学校町16-18","37.672912","139.056714"
"中央コミュニティセンター","新潟県加茂市五番町1-1","37.65777","139.059461"
"本量寺こども園","新潟県加茂市五番町13-15","37.655002","139.058799"
"加茂南小学校","新潟県加茂市五番町7-1","37.655913","139.058192"
"加茂南小学校グラウンド","新潟県加茂市五番町7-1","37.656476","139.05898"
"加茂高等学校グラウンド","新潟県加茂市幸町1-17-13","37.665272","139.045209"
"加茂高等学校","新潟県加茂市幸町1-17-13","37.665642","139.04456"
"番田公園","新潟県加茂市幸町1-9","37.662762","139.045704"
"加茂市産業センター","新潟県加茂市幸町2-2-4","37.66499","139.042017"
"加茂文化会館","新潟県加茂市幸町2-3-5","37.66604","139.041133"
"加茂市母子健康センター","新潟県加茂市幸町2-3-5","37.665192","139.041443"
"ゆきつばき荘","新潟県加茂市幸町2-3-5","37.665484","139.041672"
"若宮中学校グラウンド","新潟県加茂市若宮町1-21-12","37.653377","139.068775"
"若宮中学校","新潟県加茂市若宮町1-21-12","37.65261","139.068563"
"西口公園","新潟県加茂市寿町2","37.658817","139.048262"
"加茂葵幼稚園","新潟県加茂市松坂町6-3","37.657168","139.051647"
"加茂農林高等学校","新潟県加茂市神明町2-15-5","37.663076","139.061225"
"加茂農林高等学校グラウンド","新潟県加茂市神明町2-15-5","37.66146","139.059138"
"上条コミュニティセンター","新潟県加茂市神明町2-6-26","37.662308","139.05702"
"加茂西宮保育園","新潟県加茂市青海町1-1-44","37.660705","139.055686"
"加茂小学校グラウンド","新潟県加茂市青海町1-1-5","37.660819","139.054917"
"加茂小学校","新潟県加茂市青海町1-1-5","37.661126","139.054971"
"石川公園","新潟県加茂市石川1-3913-5","37.669052","139.046461"
"石川小学校","新潟県加茂市石川2-2-7","37.667328","139.043523"
"石川小学校グラウンド","新潟県加茂市石川2-2-7","37.667991","139.043515"
"赤谷公園","新潟県加茂市赤谷21","37.668262","139.059436"
"北コミュニティセンター","新潟県加茂市赤谷21-14","37.668361","139.059221"
"千刈公園","新潟県加茂市千刈1-10","37.666193","139.049581"
"西加茂集会所","新潟県加茂市大郷町1-6-10","37.65759","139.04403"
"七谷中学校","新潟県加茂市大字下高柳25","37.614354","139.103663"
"七谷中学校グラウンド","新潟県加茂市大字下高柳25","37.614844","139.103345"
"七谷小学校","新潟県加茂市大字下高柳35","37.613799","139.102835"
"七谷コミュニティセンター","新潟県加茂市大字下大谷1045-1","37.622974","139.104674"
"加茂山公園","新潟県加茂市大字加茂228","37.656185","139.055086"
"市民体育館","新潟県加茂市大字加茂229-1","37.657553","139.053835"
"川西運動広場","新潟県加茂市大字加茂新田3173","37.681767","139.020914"
"公民館西分館","新潟県加茂市大字加茂新田6166-1","37.688038","139.031206"
"公民館西分館グラウンド","新潟県加茂市大字加茂新田6166-1","37.687695","139.031212"
"加茂新田保育園","新潟県加茂市大字加茂新田6309-2","37.688241","139.033463"
"すぱーく加茂","新潟県加茂市大字加茂新田9754","37.687028","139.035141"
"加茂七谷温泉美人の湯","新潟県加茂市大字宮寄上13-1","37.600603","139.110306"
"陸上競技場","新潟県加茂市大字狭口甲1075-1","37.655778","139.074647"
"かも川荘","新潟県加茂市大字狭口甲1076-1","37.655846","139.073142"
"勤労青少年ホーム","新潟県加茂市大字狭口甲1082-1","37.654738","139.075379"
"勤労者体育センター","新潟県加茂市大字狭口甲1082-4","37.654285","139.076511"
"体操トレーニングセンター","新潟県加茂市大字狭口甲1170-1","37.654858","139.076993"
"須田中央公園","新潟県加茂市大字後須田661-1","37.694509","139.01844"
"公民館須田分館","新潟県加茂市大字後須田701-1","37.692507","139.020592"
"須田中学校","新潟県加茂市大字後須田809","37.69334","139.021152"
"須田中学校グラウンド","新潟県加茂市大字後須田809","37.692994","139.021494"
"七谷保育園","新潟県加茂市大字黒水677-2","37.628791","139.098642"
"若宮公園","新潟県加茂市大字上条字東俣3975","37.649821","139.060273"
"須田コミュニティセンター","新潟県加茂市大字前須田1-1","37.68842","139.006708"
"須田保育園","新潟県加茂市大字前須田31-2","37.689306","139.007971"
"須田小学校グラウンド","新潟県加茂市大字前須田380-1","37.689141","139.008998"
"須田小学校","新潟県加茂市大字前須田380-1","37.689125","139.0095"
"下条小学校グラウンド","新潟県加茂市中村1-1","37.653808","139.042566"
"下条小学校","新潟県加茂市中村1-1","37.654013","139.042263"
"下条体育センター","新潟県加茂市中村6-14","37.653371","139.042916"
"下条コミュニティセンター","新潟県加茂市中村6-17","37.652967","139.042746"
"下条保育園","新潟県加茂市中村6-4","37.653131","139.041849"
"宝が丘保育園","新潟県加茂市八幡1-10-8","37.657841","139.07235"
"八幡の森公園","新潟県加茂市八幡1-9","37.657057","139.072982"
"葵中学校","新潟県加茂市矢立15-1","37.653524","139.048759"
"葵中学校グラウンド","新潟県加茂市矢立15-1","37.653788","139.048088"
"芝野保育園","新潟県加茂市柳町2-12-23","37.655795","139.037325"
"安角ふれあい自然の家","新潟県関川村安角402-3","38.056458","139.570706"
"安角ふれあい自然の家・グラウンド","新潟県関川村安角402-3","38.056091","139.570197"
"関川村就業改善センター","新潟県関川村下関1411-3","38.092384","139.559521"
"関川小学校・グラウンド","新潟県関川村下関858","38.091935","139.562965"
"関川小学校","新潟県関川村下関858","38.091387","139.563308"
"金丸ふれあい自然の家・グラウンド","新潟県関川村金丸118-5","38.059083","139.667535"
"金丸ふれあい自然の家","新潟県関川村金丸118-5","38.059252","139.667422"
"高田地区ふるさと会館","新潟県関川村高田32-1","38.106322","139.529317"
"女川体力づくりセンター","新潟県関川村若山236-1","38.130762","139.544187"
"川北ふれあい自然の家・グラウンド","新潟県関川村小見140","38.10297","139.552274"
"川北ふれあい自然の家","新潟県関川村小見140","38.103093","139.552489"
"旧若ぶな高原スキー場駐車場","新潟県関川村沼132-2","38.058677","139.628087"
"旧若ぶな高原スキー場スキーセンター","新潟県関川村沼132-2","38.058246","139.628892"
"せきかわふれあいど～む","新潟県関川村上関1239","38.091997","139.568379"
"関川村村民会館（関川村公民館）","新潟県関川村上関1285","38.089794","139.568478"
"関川中学校・グラウンド","新潟県関川村上関589","38.087481","139.567072"
"関川中学校","新潟県関川村上関589","38.088363","139.566884"
"女川地区ふるさと会館","新潟県関川村上野新128-1","38.131178","139.537377"
"光兎こども館","新潟県関川村上野新130-2","38.131014","139.537552"
"レストハウス大石","新潟県関川村大石1080","38.032997","139.563202"
"おおいし自然館","新潟県関川村大石1080","38.034113","139.563164"
"田麦千刈地区生活改善センター","新潟県関川村中束1340-32","38.159263","139.597073"
"土沢ふれあい自然の家・グラウンド","新潟県関川村土沢552-1","38.092336","139.529816"
"土沢ふれあい自然の家","新潟県関川村土沢552-1","38.091736","139.529323"
"女川ふれあい自然の家・グラウンド","新潟県関川村南中306","38.136531","139.542904"
"女川ふれあい自然の家","新潟県関川村南中306","38.136863","139.542776"
"片貝ふれあい自然の家・グラウンド","新潟県関川村片貝265-2","38.067601","139.618474"
"片貝ふれあい自然の家","新潟県関川村片貝265-2","38.067918","139.618533"
"九ヶ谷地区ふるさと会館","新潟県関川村片貝82-4","38.070795","139.62237"
"湯之谷小学校第２体育館（旧井口小学校）","新潟県魚沼市井口新田192","37.233325","138.971744"
"小出郷総合体育館","新潟県魚沼市井口新田267","37.234002","138.964213"
"みずほ会館","新潟県魚沼市横根1264-1","37.372632","139.072176"
"東湯之谷体育館","新潟県魚沼市下折立33-1","37.209201","139.057213"
"小出第３体育館","新潟県魚沼市干溝1441-3","37.210393","138.983693"
"小出郷文化会館","新潟県魚沼市干溝1848-1","37.213999","138.976558"
"子育ての駅かたっくり","新潟県魚沼市干溝2088-1","37.215611","138.977323"
"穴沢体育館（旧入広瀬小学校）","新潟県魚沼市穴沢236-1","37.357438","139.070471"
"入広瀬体育館（旧入広瀬中学校）","新潟県魚沼市穴沢271-1","37.358747","139.070594"
"小出老人福祉センター","新潟県魚沼市原虫野295-5","37.212782","138.965064"
"守門農村環境改善センター","新潟県魚沼市高倉1415-4","37.375531","139.032378"
"広神体育センター","新潟県魚沼市今泉1523-1","37.255582","138.976373"
"ふたば東保育園","新潟県魚沼市今泉1995-1","37.25308","138.982538"
"奥只見レクリエーション都市公園花と緑と雪の里管理棟","新潟県魚沼市根小屋5544-1","37.258118","138.924362"
"ふたば西保育園","新潟県魚沼市山口20-1","37.269221","138.973315"
"湯之谷中学校","新潟県魚沼市七日市32","37.229525","138.985888"
"湯之谷小学校","新潟県魚沼市七日市新田48","37.232011","138.984758"
"魚沼学園","新潟県魚沼市十日町1403-1","37.186169","138.944319"
"県立小出特別支援学校","新潟県魚沼市十日町1738-2","37.184967","138.944691"
"広神西小学校","新潟県魚沼市親柄107-1","37.280834","138.980874"
"魚沼北中学校","新潟県魚沼市須原1423","37.319683","139.01834"
"須原小学校","新潟県魚沼市須原980","37.317005","139.016296"
"上条体育館（旧上条小学校）","新潟県魚沼市西名541","37.349078","139.044037"
"大沢ふれあい会館（体育館）","新潟県魚沼市大沢222-1","37.227087","139.00667"
"入広瀬スポーツセンター","新潟県魚沼市大栃山47-2","37.358827","139.067563"
"入広瀬山菜会館","新潟県魚沼市大白川389","37.34622","139.13791"
"広神東小学校","新潟県魚沼市中家新田77-1","37.245628","138.984121"
"伊米ヶ崎小学校","新潟県魚沼市虫野38","37.198862","138.950727"
"広神中学校","新潟県魚沼市田尻320-1","37.260082","138.971445"
"広神農村環境改善センター","新潟県魚沼市田中100-1","37.288277","138.989258"
"福山体育館","新潟県魚沼市福山新田756","37.354747","138.992125"
"県立堀之内高等学校","新潟県魚沼市堀之内3720","37.236496","138.925503"
"堀之内なかよし保育園","新潟県魚沼市堀之内3910-1","37.237519","138.926088"
"日本ウェルネススポーツ専門学校（旧原小学校）","新潟県魚沼市明神17","37.220641","138.891908"
"新潟公民館","新潟県見附市下鳥町152-1","37.55244","138.915611"
"見附市図書館","新潟県見附市学校町1-3-43","37.53238","138.922816"
"わかば保育園","新潟県見附市学校町1-3-70","37.53098","138.923761"
"ふぁみりあ","新潟県見附市学校町1-3-70","37.531082","138.923697"
"見附小学校","新潟県見附市学校町1-3-89","37.531856","138.922233"
"上北谷小学校","新潟県見附市牛ケ嶺町1292","37.509731","138.973514"
"名木野小学校","新潟県見附市月見台1-10-75","37.516744","138.927492"
"総合体育館","新潟県見附市月見台1-9-1","37.516865","138.928845"
"老人いこいの家今町荘","新潟県見附市今町1-19-6","37.546621","138.887547"
"今町中学校","新潟県見附市今町4-1-7","37.54741","138.888423"
"今町公民館","新潟県見附市今町5-36-16","37.55124","138.891751"
"今町地区体育館","新潟県見附市今町5-37-33","37.551777","138.891777"
"今町小学校","新潟県見附市今町6-19-1","37.555674","138.886627"
"庄川平ふるさとセンター","新潟県見附市細越2-4-12","37.525428","138.935573"
"西中学校","新潟県見附市市野坪町127","37.528906","138.90611"
"新潟小学校","新潟県見附市新潟町2478","37.550656","138.920431"
"中央公民館分館","新潟県見附市新町2-8-3","37.527767","138.919768"
"上北谷公民館","新潟県見附市神保町218","37.507656","138.969043"
"見附第二小学校","新潟県見附市杉沢町3561","37.522752","138.97853"
"田井小学校","新潟県見附市田井町306","37.496014","138.925676"
"見附中学校","新潟県見附市島切窪町644-2","37.533023","138.932251"
"葛巻小学校","新潟県見附市反田町10","37.524118","138.898619"
"葛巻地区ふるさとセンター","新潟県見附市反田町2480","37.524253","138.899357"
"見附高校","新潟県見附市本所1-20-6","37.540351","138.90932"
"本所保育園","新潟県見附市本所1-3-5","37.536939","138.915705"
"中央公民館","新潟県見附市本町2-5-9","37.526229","138.925214"
"名木野保育園","新潟県見附市名木野町3154","37.511669","138.929401"
"北谷公民館","新潟県見附市名木野町5320","37.504701","138.92756"
"南中学校","新潟県見附市名木野町714","37.511992","138.924792"
"村松公園","新潟県五泉市愛宕甲2631-1","37.692939","139.188777"
"五泉市陸上競技場","新潟県五泉市愛宕甲2660","37.691878","139.190043"
"五泉市立村松桜中学校","新潟県五泉市愛宕甲2705-1","37.689167","139.193625"
"五泉市村松野球場","新潟県五泉市愛宕甲2712-1","37.690782","139.191549"
"五泉市村松武道館","新潟県五泉市愛宕甲2910-3","37.693701","139.189414"
"五泉市総合会館","新潟県五泉市粟島1-22","37.747031","139.179731"
"粟島公園","新潟県五泉市粟島1-22-2","37.748136","139.178322"
"新潟県立五泉高等学校","新潟県五泉市粟島1-23","37.748163","139.180587"
"粟島ふれあい館","新潟県五泉市粟島1-58","37.74974","139.177088"
"五泉市十全体育館","新潟県五泉市安出156-1","37.668356","139.180685"
"五泉市立すもと保育園","新潟県五泉市一本杉306-2","37.752979","139.198849"
"五泉市立五泉南小学校","新潟県五泉市駅前2-5-53","37.735453","139.182559"
"すみれこども園","新潟県五泉市駅前2-6-19","37.73482","139.182038"
"五泉市立川東中学校","新潟県五泉市猿和田181","37.728976","139.224729"
"五泉市立あさひ保育園","新潟県五泉市猿和田27","37.732854","139.22989"
"五泉市老人福祉センター翠泉園","新潟県五泉市横町3-3-9","37.7365","139.168942"
"ひまわりこども園","新潟県五泉市荻曽根187-1","37.739186","139.165718"
"蒲原農村公園","新潟県五泉市下大蒲原963","37.656298","139.146643"
"五泉市立五泉小学校","新潟県五泉市学校町3-14","37.744231","139.178327"
"第２いずみ学童クラブ","新潟県五泉市学校町3-52","37.743291","139.178244"
"五泉市市営野球場","新潟県五泉市丸田580-1","37.745787","139.1471"
"五泉市森林公園","新潟県五泉市丸田戊201-1","37.745231","139.138193"
"五泉市立橋田小学校","新潟県五泉市橋田1016","37.732574","139.140397"
"五泉市立はしだ保育園","新潟県五泉市橋田1422-1","37.736951","139.139665"
"五泉市立図書館","新潟県五泉市郷屋川1-1-8","37.739403","139.17743"
"南公園","新潟県五泉市五泉2439","37.728624","139.179079"
"五箇農村公園","新潟県五泉市笹野町甲2117-1","37.69881","139.15099"
"五泉市五箇スポーツ会館","新潟県五泉市笹野町甲2117-2","37.698912","139.151532"
"五泉市立五泉北中学校","新潟県五泉市三本木2-7-1","37.75442","139.172919"
"五泉市戸倉コミュニティ会館","新潟県五泉市上戸倉1640","37.636716","139.165236"
"五泉市村松さくらんど温泉","新潟県五泉市上木越甲423-1","37.700502","139.206432"
"五泉市立村松小学校","新潟県五泉市城下1-865","37.694669","139.169505"
"村松テニスコート","新潟県五泉市石曽根7943-2","37.697103","139.185779"
"村松東児童遊園","新潟県五泉市石曽根7943-4","37.697562","139.185588"
"五泉市村松体育館","新潟県五泉市石曽根8074-1","37.696828","139.189999"
"五泉市立愛宕小学校","新潟県五泉市石曽根8074-2","37.697822","139.190522"
"五泉市立五泉東小学校","新潟県五泉市赤海3714","37.737533","139.194439"
"千原農村公園","新潟県五泉市千原甲414-1","37.706333","139.156881"
"五泉市川内体育館","新潟県五泉市川内194","37.677939","139.209918"
"特別養護老人ホーム山王苑","新潟県五泉市村松203-1","37.686345","139.167079"
"五泉市村松保健センター","新潟県五泉市村松乙116-1","37.693533","139.173966"
"五泉市さくらんど会館","新潟県五泉市村松乙118-2","37.692357","139.173609"
"五泉市立村松こども園","新潟県五泉市村松乙118-3","37.692228","139.17409"
"五泉市村松公民館","新潟県五泉市村松乙130-1","37.693451","139.174271"
"城跡公園","新潟県五泉市村松乙19","37.693098","139.170198"
"村松西公園","新潟県五泉市村松乙33-1","37.691731","139.169279"
"五泉市教育支援センター村松教室","新潟県五泉市村松乙75-7","37.691258","139.171687"
"五泉市村松工業団地公園","新潟県五泉市村松工業団地1-2-21","37.681423","139.15996"
"新潟県立村松高等学校","新潟県五泉市村松甲5545","37.687433","139.181597"
"日枝公園","新潟県五泉市村松甲5976","37.686202","139.176936"
"村松さくらこども園","新潟県五泉市村松甲6288","37.68386","139.175735"
"五泉市山王体育館","新潟県五泉市村松甲6441-14","37.683437","139.173247"
"五泉市立こばと保育園","新潟県五泉市太田1-10-28","37.739244","139.189189"
"太田児童公園","新潟県五泉市太田1-5-18","37.739991","139.185846"
"十全農村公園","新潟県五泉市大原875","37.664707","139.182541"
"五泉市立川東小学校","新潟県五泉市中川新2431","37.729254","139.228669"
"五泉市立かわひがし保育園","新潟県五泉市中川新880-1","37.721983","139.222519"
"町屋公園","新潟県五泉市町屋甲866-3","37.725407","139.157573"
"西公園","新潟県五泉市土深60","37.741125","139.158935"
"五泉市立大蒲原小学校","新潟県五泉市南田中646-2","37.673026","139.150063"
"南田中農村公園","新潟県五泉市南田中甲257","37.676973","139.149377"
"五泉市立大蒲原保育園","新潟県五泉市南田中甲390","37.672776","139.151265"
"五泉市立五泉中学校","新潟県五泉市南本町2-1-87","37.732636","139.177596"
"馬下集落開発センター","新潟県五泉市馬下1612","37.737918","139.263611"
"きらきらこども園","新潟県五泉市白山2-35","37.745789","139.170535"
"蛭野農村公園","新潟県五泉市蛭野387","37.653177","139.185549"
"五泉市立つくし保育園","新潟県五泉市木越乙2863","37.723492","139.187001"
"矢津農村公園","新潟県五泉市矢津701","37.689363","139.20462"
"五泉市立巣本小学校","新潟県五泉市論瀬47-1","37.749108","139.201588"
"七浦小学校体育館","新潟県佐渡市稲鯨1312","37.975521","138.236001"
"番所公園","新潟県佐渡市羽茂村山455","37.859532","138.304705"
"羽茂Ｂ＆Ｇ海洋センター","新潟県佐渡市羽茂飯岡195","37.860351","138.328069"
"羽茂高等学校第１体育館","新潟県佐渡市羽茂本郷401-1","37.845122","138.314193"
"南佐渡中学校体育館","新潟県佐渡市羽茂本郷47","37.842418","138.311923"
"羽茂小学校体育館","新潟県佐渡市羽茂本郷559-1","37.848016","138.318746"
"羽茂農村環境改善センター","新潟県佐渡市羽茂本郷617","37.849383","138.317065"
"河崎小学校体育館","新潟県佐渡市下久知501","38.063822","138.471514"
"両津中学校体育館","新潟県佐渡市加茂歌代1449","38.091496","138.427683"
"河原田小学校体育館","新潟県佐渡市河原田本町262","37.999869","138.319669"
"佐渡中央会館","新潟県佐渡市河原田本町394-1","37.998093","138.322566"
"金井東部地区コミュニティセンター","新潟県佐渡市吉井29","38.048674","138.394743"
"佐渡スポーツハウステニスコート","新潟県佐渡市吉岡1416-3","37.973643","138.354967"
"佐渡スポーツハウス","新潟県佐渡市吉岡1675-1","37.974019","138.353938"
"真野小学校体育館","新潟県佐渡市吉岡1695","37.969973","138.348904"
"真野ふるさと会館","新潟県佐渡市吉岡1695","37.970259","138.347727"
"金井運動公園","新潟県佐渡市金井新保乙1461-88","38.034322","138.371732"
"金井中学校体育館","新潟県佐渡市金井新保乙40","38.024142","138.369418"
"佐和田中学校体育館","新潟県佐渡市窪田60","38.008562","138.312562"
"佐渡市総合体育館","新潟県佐渡市窪田75-1","38.009585","138.311525"
"佐和田野球場","新潟県佐渡市窪田87-1","38.010793","138.310022"
"サン・スポーツランド畑野　（野球場・テニスコート）","新潟県佐渡市栗野江1810-1","37.996407","138.40662"
"佐渡総合高等学校第１体育館","新潟県佐渡市栗野江377-1","38.00175","138.41082"
"自然休養村管理センター","新潟県佐渡市高千1014-1","38.197581","138.333661"
"両津吉井小学校体育館","新潟県佐渡市秋津1255","38.065901","138.408768"
"佐渡国小木民俗博物館駐車場","新潟県佐渡市宿根木270-2","37.807753","138.245769"
"市役所小木行政サービスセンター","新潟県佐渡市小木町1940-1","37.815071","138.277064"
"小木小学校体育館","新潟県佐渡市小木町905","37.818486","138.279778"
"小木Ｂ＆Ｇ海洋センター","新潟県佐渡市小木町950","37.819308","138.279075"
"小木小学校グラウンド","新潟県佐渡市小木町955-4","37.820633","138.279172"
"新穂小学校体育館","新潟県佐渡市上新穂630","38.015431","138.417185"
"トキのむら元気館","新潟県佐渡市新穂瓜生屋362-1","38.016382","138.425757"
"新穂武道館","新潟県佐渡市新穂瓜生屋370","38.016807","138.426436"
"新穂体育館","新潟県佐渡市新穂瓜生屋501","38.017176","138.42684"
"新穂中学校体育館","新潟県佐渡市新穂瓜生屋719","38.016747","138.430866"
"行谷小学校体育館","新潟県佐渡市新穂正明寺99","38.027991","138.433883"
"真野公園","新潟県佐渡市真野662-2","37.955787","138.344569"
"いぶき２１","新潟県佐渡市真野691","37.957453","138.344366"
"前浜小中学校体育館","新潟県佐渡市水津858","38.078196","138.569441"
"二宮小学校体育館","新潟県佐渡市石田489","38.010894","138.321646"
"佐渡高等学校第１体育館","新潟県佐渡市石田567","38.006802","138.322899"
"赤泊自然休養村管理センター","新潟県佐渡市赤泊2206-7","37.865703","138.409548"
"赤泊陸上競技場","新潟県佐渡市赤泊2457","37.864001","138.410165"
"赤泊中学校体育館","新潟県佐渡市赤泊2457","37.864183","138.40942"
"赤泊総合文化会館","新潟県佐渡市赤泊2458","37.865745","138.410582"
"赤泊多目的グラウンド","新潟県佐渡市赤泊2458","37.864698","138.410364"
"赤泊臨海運動公園","新潟県佐渡市赤泊2458","37.865498","138.41009"
"赤泊体育館","新潟県佐渡市赤泊283-1","37.8702","138.410993"
"赤泊小学校体育館","新潟県佐渡市赤泊289-1","37.871033","138.411544"
"赤泊総合グラウンド","新潟県佐渡市赤泊686-1","37.862499","138.405333"
"金井コミュニティセンター","新潟県佐渡市千種240","38.018208","138.367467"
"金井小学校体育館","新潟県佐渡市千種丙178-1","38.025663","138.366564"
"相川体育館","新潟県佐渡市相川栄町1","38.036121","138.236692"
"あいかわ開発総合センター","新潟県佐渡市相川栄町1","38.035601","138.236783"
"市役所相川支所","新潟県佐渡市相川栄町27","38.032787","138.239214"
"相川小学校体育館","新潟県佐渡市相川下戸村1-1","38.027277","138.240785"
"相川中学校体育館","新潟県佐渡市相川下戸村210","38.024124","138.243799"
"松ヶ崎小中学校体育館","新潟県佐渡市多田139","37.914319","138.478101"
"松ヶ崎総合センター","新潟県佐渡市多田262-10","37.911838","138.48144"
"天神の杜農村公園","新潟県佐渡市沢根五十里1404","38.008096","138.280105"
"金泉小学校体育館","新潟県佐渡市達者1200-2","38.08268","138.248944"
"金井温泉駐車場","新潟県佐渡市中興乙2822-1","38.028223","138.35892"
"金井西部地区コミュニティセンター","新潟県佐渡市中興甲371","38.01449","138.358732"
"アミューズメント佐渡　（佐渡中央文化会館）","新潟県佐渡市中原234-1","38.008117","138.317776"
"真野運動広場","新潟県佐渡市長石140","37.973076","138.350708"
"高千中学校体育館","新潟県佐渡市入川1872-1","38.18334","138.321455"
"高千小学校体育館","新潟県佐渡市入川1872-4","38.184311","138.321897"
"佐渡中等教育学校体育館","新潟県佐渡市梅津1750","38.09826","138.429454"
"加茂小学校体育館","新潟県佐渡市梅津2341-1","38.093548","138.430507"
"両津総合体育館","新潟県佐渡市梅津2343-1","38.093063","138.431554"
"畑野中学校体育館","新潟県佐渡市畑野甲250","37.988512","138.398421"
"畑野小学校体育館","新潟県佐渡市畑野甲271-1","37.989658","138.399118"
"畑野農村環境改善センター","新潟県佐渡市畑野甲65-1","37.986331","138.394655"
"八幡小学校体育館","新潟県佐渡市八幡2002","37.990737","138.33848"
"佐渡市防災センター","新潟県佐渡市八幡58","37.990276","138.346164"
"両津病院駐車場","新潟県佐渡市浜田177-1","38.088181","138.43027"
"真野漁港多目的広場","新潟県佐渡市豊田2084-1","37.959425","138.338885"
"真野中学校体育館","新潟県佐渡市名古屋145","37.970905","138.350272"
"真野陸上競技場","新潟県佐渡市名古屋146-1","37.971533","138.34987"
"真野武道館","新潟県佐渡市名古屋165-5","37.971301","138.35107"
"あいぽーと佐渡","新潟県佐渡市両津夷384-11","38.083767","138.436199"
"佐渡島開発総合センター","新潟県佐渡市両津湊198","38.080823","138.435072"
"市役所両津支所","新潟県佐渡市両津湊198","38.080515","138.43526"
"両津小学校体育館","新潟県佐渡市両津湊200-1","38.080194","138.434618"
"両津消防署駐車場","新潟県佐渡市両津湊343-37","38.074724","138.441151"
"内海府小中学校体育館","新潟県佐渡市鷲崎918","38.320037","138.512798"
"一ノ門児童遊園","新潟県三条市一ノ門2-9-24","37.630053","138.970116"
"横町児童遊園","新潟県三条市横町2-8-44-4","37.633415","138.962983"
"新潟県神社庁","新潟県三条市下坂井14-21","37.627309","138.977991"
"坂謙","新潟県三条市嘉坪川1-14-10","37.638898","138.96731"
"一ノ木戸ポプラ公園","新潟県三条市興野1-2-30","37.632515","138.968026"
"興野公園","新潟県三条市興野3-8-5","37.633561","138.974906"
"下田野球場","新潟県三条市曲谷25-1","37.590443","139.055746"
"桜木児童遊園","新潟県三条市桜木町4-11","37.620718","138.948517"
"四日町公園","新潟県三条市四日町8-5","37.62327","138.95427"
"秀翁寺","新潟県三条市鹿峠1051","37.582764","139.035749"
"松ノ木児童遊園","新潟県三条市松ノ木町8-10","37.62868","138.989091"
"須頃児童遊園","新潟県三条市上須頃869-2","37.637948","138.934176"
"条南あおば公園","新潟県三条市条南町19-31","37.623528","138.946909"
"神明町児童遊園","新潟県三条市神明町3-9","37.629486","138.960633"
"須頃郷第３号公園","新潟県三条市須頃2-174","37.64567","138.94304"
"須頃郷第１号公園","新潟県三条市須頃3-218","37.649043","138.942384"
"井関新潟製造所","新潟県三条市西大崎3-12-23","37.617385","138.98961"
"鱈田児童遊園","新潟県三条市西鱈田609-1","37.600308","138.955265"
"輪中の里公園","新潟県三条市代官島3294","37.672765","138.990121"
"長嶺公民館","新潟県三条市長嶺1110","37.593558","138.96316"
"広貞公園","新潟県三条市直江町2-2-41","37.624749","138.939883"
"魚もと","新潟県三条市塚野目6-11-10","37.640596","138.979885"
"田島児童遊園","新潟県三条市田島1-17-22","37.626892","138.968706"
"島田若草公園","新潟県三条市島田2-18-43","37.625199","138.944657"
"島田児童遊園","新潟県三条市島田3-15-21","37.628925","138.945187"
"東三条公園","新潟県三条市東三条1-15-4-6","37.629662","138.970862"
"東三条児童遊園","新潟県三条市東三条1-7-2","37.630368","138.973148"
"新保公園","新潟県三条市東新保4-24","37.622004","138.965046"
"憩パーク嵐南","新潟県三条市南四日町1-13-24","37.621756","138.955325"
"如法寺児童遊園","新潟県三条市如法寺1-1","37.603375","138.978931"
"八幡会館","新潟県三条市八幡町12-18","37.63352","138.951391"
"八幡公園","新潟県三条市八幡町12-18","37.633601","138.950505"
"五輪平運動公園","新潟県三条市飯田2558-3","37.57524","139.053384"
"北入蔵児童遊園","新潟県三条市北入蔵3-3-15","37.630309","138.985809"
"三条ロイヤルホテル","新潟県三条市本町3-5-25","37.629847","138.955637"
"シマト工業","新潟県三条市柳川新田978","37.663314","138.982546"
"由利公園","新潟県三条市由利15-21","37.6306","138.94684"
"糸魚川市民会館","新潟県糸魚川市一の宮1-2-1","37.038766","137.862045"
"亀が丘体育館","新潟県糸魚川市一の宮1-2-4","37.039085","137.863463"
"糸魚川市役所（３階以上）","新潟県糸魚川市一の宮1-2-5","37.038983","137.86265"
"一の宮公園","新潟県糸魚川市一の宮１－９５－甲","37.040321","137.865454"
"西海小学校","新潟県糸魚川市羽生1937","37.030004","137.888571"
"猿倉多目的集会センター","新潟県糸魚川市猿倉311-14","37.030641","137.987115"
"糸魚川地区公民館","新潟県糸魚川市横町1-14-1","37.045933","137.85688"
"市営西浜住宅１３号棟（３階以上）","新潟県糸魚川市横町1-9-8","37.044836","137.853811"
"中央保育園","新潟県糸魚川市横町2-7-20","37.043585","137.854572"
"横町なかのきり公園","新潟県糸魚川市横町4-1754","37.038408","137.848359"
"たつみ旅館別館（３階以上）","新潟県糸魚川市横町5-5-31","37.041418","137.849021"
"たつみ旅館本館（３階以上）","新潟県糸魚川市横町5-6-1","37.041105","137.848662"
"下倉集落開発センター","新潟県糸魚川市下倉622-1","37.079478","138.046583"
"歌外波地区公民館（歌支館）","新潟県糸魚川市歌861","37.00483","137.74198"
"親不知交流センター　まるたん坊","新潟県糸魚川市外波106","37.003752","137.734317"
"外波市民公園","新潟県糸魚川市外波315","37.000231","137.727358"
"外波支館","新潟県糸魚川市外波360-38","36.998916","137.726608"
"旧歌外波小学校","新潟県糸魚川市外波84-1","37.004939","137.734902"
"梶浜公園","新潟県糸魚川市梶屋敷11-24","37.058738","137.907458"
"糸魚川東中学校","新潟県糸魚川市梶屋敷433","37.052171","137.914951"
"釜沢生活改善センター","新潟県糸魚川市釜沢2772","37.002431","137.919192"
"鬼舞地区多目的集会場","新潟県糸魚川市鬼舞225-1","37.088939","137.963634"
"鬼伏集落開発センター","新潟県糸魚川市鬼伏448-1","37.086474","137.953033"
"京ヶ峰公園","新潟県糸魚川市京ケ峰1-160-23","37.039518","137.87617"
"万石広場","新潟県糸魚川市京ケ峰1-229-4","37.041406","137.874318"
"西能生地区公民館","新潟県糸魚川市桂490-1","37.089431","137.99146"
"旭新町集落開発センター","新潟県糸魚川市桂703-2","37.088989","137.990385"
"桂公民館","新潟県糸魚川市桂884-2","37.087164","137.990948"
"南能生小学校","新潟県糸魚川市溝尾2991-4","37.06498","138.049855"
"溝尾公民館","新潟県糸魚川市溝尾625-1","37.060616","138.0515"
"高倉市民公園","新潟県糸魚川市高倉2250-2","37.088121","138.061646"
"高倉集落開発センター","新潟県糸魚川市高倉2251-1","37.08804","138.061386"
"今村新田公園","新潟県糸魚川市今村新田353-1","37.027852","137.823558"
"今村新田支館","新潟県糸魚川市今村新田587","37.028741","137.823161"
"八久保公園","新潟県糸魚川市今村新田677","37.030403","137.822994"
"根小屋多目的集会センター","新潟県糸魚川市根小屋881","36.966357","137.873225"
"柵口公民館","新潟県糸魚川市柵口1100","37.039722","138.065391"
"根知保育園","新潟県糸魚川市山口120-2","36.940383","137.900033"
"ホワイトクリフ","新潟県糸魚川市山口151-1","36.941238","137.898671"
"おててこ会館","新潟県糸魚川市山寺1997","36.938532","137.903367"
"旧山之坊小学校","新潟県糸魚川市山之坊2687","36.892082","137.860456"
"玉ノ木支館","新潟県糸魚川市市振1132","36.978826","137.640221"
"玉ノ木市民公園","新潟県糸魚川市市振1147","36.978758","137.639323"
"旧市振小学校","新潟県糸魚川市市振775-1","36.981585","137.655011"
"市振市民公園","新潟県糸魚川市市振897-4","36.981155","137.654635"
"市振支館","新潟県糸魚川市市振897-4","36.981334","137.654734"
"市振地区公民館","新潟県糸魚川市市振904","36.980818","137.653431"
"市野々会館","新潟県糸魚川市市野々788-2","36.972517","137.909662"
"青海中学校","新潟県糸魚川市寺地1160","37.021507","137.809991"
"寺地支館","新潟県糸魚川市寺地150","37.026107","137.806985"
"寺地保育園","新潟県糸魚川市寺地150-1","37.026085","137.806196"
"ひすいの広場児童公園","新潟県糸魚川市寺地1853-2","37.027271","137.805251"
"市営寺地住宅Ｅ棟（３階以上）","新潟県糸魚川市寺地1853-2","37.028053","137.809441"
"市営寺地住宅Ｄ棟（３階以上）","新潟県糸魚川市寺地1853-2","37.027792","137.808615"
"名引公園","新潟県糸魚川市寺地2080","37.024967","137.804181"
"名引支館","新潟県糸魚川市寺地224-1","37.025279","137.801507"
"安藤医院（３階以上）","新潟県糸魚川市寺町1-6-15","37.046173","137.864164"
"ビーチホールまがたま","新潟県糸魚川市寺町4-3-1","37.048436","137.870229"
"寺島公園","新潟県糸魚川市寺島1-1701","37.040968","137.845084"
"諏訪公園","新潟県糸魚川市寺島2-949","37.039393","137.845596"
"上小見集落開発センター","新潟県糸魚川市小見122-7","37.084558","138.015311"
"下小見集落開発センター","新潟県糸魚川市小見2074","37.084896","138.003379"
"下小見公園","新潟県糸魚川市小見2893-1","37.082467","138.002802"
"おひさま保育園","新潟県糸魚川市小見890-3","37.084179","138.0229"
"小滝地区小体育館","新潟県糸魚川市小滝5230","36.937476","137.848241"
"小滝地区公民館","新潟県糸魚川市小滝5230","36.937429","137.848622"
"小滝生活改善センター","新潟県糸魚川市小滝8955","36.926581","137.848455"
"藤のさとセンター（下早川地区公民館）","新潟県糸魚川市上覚22-2","37.037696","137.924993"
"はやかわ保育園","新潟県糸魚川市上覚33","37.037347","137.924785"
"やまのい保育園","新潟県糸魚川市上刈1-14-1","37.040018","137.854205"
"上刈長面公園","新潟県糸魚川市上刈1-1640","37.039279","137.854526"
"上刈四反田公園","新潟県糸魚川市上刈3-1542","37.037038","137.855252"
"糸魚川中学校","新潟県糸魚川市上刈4-1-1","37.034015","137.859263"
"市民総合体育館","新潟県糸魚川市上刈4-3-1","37.031618","137.860169"
"水崎会館","新潟県糸魚川市上刈5-3-38","37.027792","137.854809"
"木揚場広場","新潟県糸魚川市上刈6-1","37.037998","137.850141"
"上路支館","新潟県糸魚川市上路1027","36.97277","137.68696"
"塩の道広場","新潟県糸魚川市新鉄1-91-4","37.043008","137.857435"
"須川公民館","新潟県糸魚川市須川233-1","37.055332","138.061035"
"糸魚川市健康づくりセンターはぴねす","新潟県糸魚川市須沢2049-1","37.036745","137.828804"
"糸魚川市清掃センターごみ処理施設３階研修スペース","新潟県糸魚川市須沢2051-2","37.037281","137.83011"
"須沢臨海公園","新潟県糸魚川市須沢2052-2","37.036115","137.826628"
"大坪公園","新潟県糸魚川市須沢2727","37.029743","137.82748"
"須沢公園","新潟県糸魚川市須沢3142","37.033338","137.829902"
"八千川公園","新潟県糸魚川市須沢3601","37.029867","137.832211"
"角地公園","新潟県糸魚川市須沢3602","37.031202","137.830864"
"須沢児童公園","新潟県糸魚川市須沢55-42","37.03411","137.825567"
"須沢支館","新潟県糸魚川市須沢697-1","37.032587","137.827128"
"須沢支館分館","新潟県糸魚川市須沢697-1","37.032368","137.827201"
"西海保育園","新潟県糸魚川市水保1843","37.017092","137.891455"
"西海地区公民館","新潟県糸魚川市水保1845","37.017268","137.891241"
"西海コミュニティスポーツセンター","新潟県糸魚川市水保1850","37.016942","137.890524"
"糸魚川白嶺高等学校","新潟県糸魚川市清崎9-1","37.037339","137.859208"
"西飛山集落開発センター","新潟県糸魚川市西飛山197","37.027569","138.066462"
"中央支館","新潟県糸魚川市青海1013-2","37.019013","137.794716"
"北斗町市民公園","新潟県糸魚川市青海1162-12","37.020565","137.792605"
"大沢児童公園","新潟県糸魚川市青海2668-1","37.007668","137.789627"
"大沢支館","新潟県糸魚川市青海2673-3","37.007602","137.789313"
"東町支館","新潟県糸魚川市青海281","37.023424","137.796251"
"青海小学校","新潟県糸魚川市青海382","37.020778","137.799825"
"青海総合文化会館","新潟県糸魚川市青海4657-3","37.023452","137.797774"
"青海生涯学習センター（青海地区公民館）","新潟県糸魚川市青海4690","37.023342","137.796771"
"東町公園","新潟県糸魚川市青海4690","37.023697","137.796872"
"イカリ公園","新潟県糸魚川市青海5029","37.027228","137.812791"
"名引山公園","新潟県糸魚川市青海671","37.020232","137.798841"
"青海幼稚園","新潟県糸魚川市青海675","37.02126","137.796858"
"西町支館","新潟県糸魚川市青海917-1","37.022749","137.792429"
"仙納集落開発センター","新潟県糸魚川市仙納1675","37.118867","138.070851"
"川詰公民館","新潟県糸魚川市川詰2055-1","37.068111","138.063196"
"大王多目的集会場","新潟県糸魚川市大王501-1","37.091911","138.003459"
"中能生地区公民館","新潟県糸魚川市大沢241-2","37.080969","138.027628"
"ホテルゑびや（３階以上）","新潟県糸魚川市大町1-4-26","37.044214","137.860751"
"ケアハウス糸魚川翠明苑（３階以上）","新潟県糸魚川市大町1-6-8","37.044871","137.862051"
"大町仲町市民公園","新潟県糸魚川市大町1-82-1","37.044375","137.859478"
"浜町北市民公園","新潟県糸魚川市大町2-1-13","37.046242","137.858523"
"大町潮風市民公園","新潟県糸魚川市大町2-161-3","37.046357","137.858721"
"浜町東市民公園","新潟県糸魚川市大町2-2-13","37.045858","137.859135"
"駅北広場　キターレ","新潟県糸魚川市大町2-2-19","37.044828","137.859156"
"駅前海望公園","新潟県糸魚川市大町2-24-2","37.046448","137.860278"
"大町親水市民公園","新潟県糸魚川市大町2-3-47","37.045351","137.859574"
"本町東市民公園","新潟県糸魚川市大町2-5-1","37.045274","137.85929"
"大洞集落開発センター","新潟県糸魚川市大洞430","37.112001","138.045662"
"大平寺多目的集会施設","新潟県糸魚川市大平寺1321-2","37.096886","137.982228"
"大野保育園","新潟県糸魚川市大野1980-1","37.001557","137.872301"
"大野小学校","新潟県糸魚川市大野2044-1","37.001373","137.874325"
"大野地区公民館","新潟県糸魚川市大野2303-1","36.998855","137.873579"
"美山公園","新潟県糸魚川市大野65-1","37.023819","137.86105"
"姫川コミュニティスポーツセンター","新潟県糸魚川市大野6823-12","37.011212","137.87087"
"大和川地区公民館","新潟県糸魚川市大和川6346-1","37.051277","137.896734"
"桜ヶ丘公園","新潟県糸魚川市大和川6395","37.051224","137.899108"
"桜ヶ丘コミュニティ広場","新潟県糸魚川市大和川6505","37.04955","137.897821"
"大和川保育園","新潟県糸魚川市大和川978","37.052754","137.891787"
"糸魚川総合病院（３階以上）","新潟県糸魚川市竹ケ花457-1","37.049017","137.888353"
"多目的交流センター　アクアホール","新潟県糸魚川市竹ケ花579","37.047257","137.886821"
"糸魚川小学校","新潟県糸魚川市中央1-2-1","37.041633","137.859708"
"ひすいの里総合学校","新潟県糸魚川市中央1-2-1","37.041286","137.859477"
"ケアハウス糸魚川みなみ翠明苑（３階以上）","新潟県糸魚川市中央2-12-1","37.041833","137.864114"
"中宿シーサイドパーク","新潟県糸魚川市中宿557-1","37.061094","137.914663"
"旧上早川小学校","新潟県糸魚川市中川原新田12","37.023817","137.988224"
"湯川内生活改善センター","新潟県糸魚川市中川原新田2502-1","36.995968","138.013116"
"焼山の里ふれあいセンター","新潟県糸魚川市中川原新田97-1","37.022474","137.991207"
"今井地区公民館","新潟県糸魚川市中谷内1219","37.005407","137.856617"
"今井運動広場","新潟県糸魚川市中谷内1229","37.004983","137.857743"
"浦本地区公民館","新潟県糸魚川市中浜1362-1","37.069127","137.927721"
"旧浦本保育園","新潟県糸魚川市中浜271","37.068875","137.930001"
"旧浦本小学校","新潟県糸魚川市中浜433","37.068307","137.931837"
"中野口公民館","新潟県糸魚川市中野口506-1","37.082042","138.035062"
"柱道集落センター","新潟県糸魚川市柱道2070-3","37.0877","138.022042"
"田沢体育館","新潟県糸魚川市田海13-2","37.031897","137.82145"
"田沢地区公民館","新潟県糸魚川市田海13-2","37.032186","137.821291"
"田沢小学校","新潟県糸魚川市田海13-2","37.032673","137.821934"
"八久保支館","新潟県糸魚川市田海13-2","37.031583","137.821618"
"田沢幼稚園","新潟県糸魚川市田海13-2","37.032663","137.821094"
"高畑支館","新潟県糸魚川市田海2755-1","37.015798","137.814449"
"高畑児童公園","新潟県糸魚川市田海3771","37.015026","137.815058"
"山添社公園","新潟県糸魚川市田海5313","37.026244","137.815308"
"ぬな川公園","新潟県糸魚川市田海5418","37.028373","137.817815"
"田海支館","新潟県糸魚川市田海559-8","37.027919","137.814458"
"青海健康総合センター","新潟県糸魚川市田海5600","37.029118","137.820907"
"高畑公園","新潟県糸魚川市田海5846","37.019028","137.814034"
"青海総合福祉会館","新潟県糸魚川市田海605","37.027387","137.815111"
"いくみ保育園","新潟県糸魚川市田伏1208","37.056109","137.905243"
"田伏宮前公園","新潟県糸魚川市田伏569-1","37.055318","137.903455"
"田伏会館","新潟県糸魚川市田伏582","37.056006","137.902726"
"大和川小学校","新潟県糸魚川市田伏87","37.055292","137.898129"
"市営住宅田伏団地１号棟（３階以上）","新潟県糸魚川市田伏926-1","37.055209","137.902143"
"市営住宅田伏団地２号棟・３号棟（３階以上）","新潟県糸魚川市田伏926-41","37.054883","137.902444"
"上早川地区公民館","新潟県糸魚川市土塩977-4","37.025446","137.98307"
"島道多目的集会施設","新潟県糸魚川市島道441-3","37.066433","138.026092"
"島道公園","新潟県糸魚川市島道584","37.066776","138.025569"
"平公民館","新潟県糸魚川市島道964-2","37.079","138.025164"
"早川交流促進センター","新潟県糸魚川市東海238","37.038991","137.930142"
"寺町公園","新潟県糸魚川市東寺町1-1010-1","37.044111","137.871226"
"糸魚川東小学校","新潟県糸魚川市東寺町2-4-1","37.044505","137.873595"
"糸魚川東保育園","新潟県糸魚川市東寺町2-4-2","37.044067","137.874003"
"根知小学校","新潟県糸魚川市東中5121-1","36.965245","137.886363"
"中郷市民公園","新潟県糸魚川市筒石1408","37.129304","138.051292"
"磯部地区公民館","新潟県糸魚川市筒石355-2","37.133343","138.054063"
"磯部小学校","新潟県糸魚川市筒石500","37.132038","138.055002"
"藤後多目的集会施設","新潟県糸魚川市藤後277","37.076998","138.034951"
"磯部ふれあい会館","新潟県糸魚川市藤崎992","37.119068","138.033131"
"南西海体育館","新潟県糸魚川市道平36","37.004688","137.914775"
"徳合公民館","新潟県糸魚川市徳合5342","37.133854","138.075558"
"糸魚川地域振興局（３階以上）","新潟県糸魚川市南押上1-15-1","37.045277","137.879124"
"南押上公園","新潟県糸魚川市南押上3-260-27","37.047676","137.882461"
"ぽけっとぱーくカマ田","新潟県糸魚川市南押上3-420","37.044572","137.88127"
"市営単独住宅奴奈川団地（３階以上）","新潟県糸魚川市南寺町1-7","37.041936","137.866491"
"神領公園","新潟県糸魚川市南寺町3-1145","37.042114","137.871"
"奴奈川公園","新潟県糸魚川市南寺島2-178","37.028492","137.846189"
"姫川さくら公園","新潟県糸魚川市南寺島2-73","37.03165","137.841771"
"下早川小学校","新潟県糸魚川市日光寺322","37.031784","137.935284"
"西浜公園","新潟県糸魚川市能生1180-2","37.101162","137.984346"
"能生体育館","新潟県糸魚川市能生1200","37.100984","137.985645"
"能生生涯学習センター（能生地区公民館）","新潟県糸魚川市能生1941-2","37.101814","137.98621"
"能生地区区民会館","新潟県糸魚川市能生2049","37.102193","137.988213"
"能生中学校","新潟県糸魚川市能生2643","37.095002","137.991582"
"海洋高等学校","新潟県糸魚川市能生3040","37.098116","137.992155"
"丸山公園","新潟県糸魚川市能生3393-1","37.093441","137.995709"
"能生マリンホール","新潟県糸魚川市能生3596-3","37.113947","138.004115"
"旧ありのみ荘跡地","新潟県糸魚川市能生4383","37.101217","137.991995"
"能生小学校","新潟県糸魚川市能生4485","37.101696","137.990693"
"能生青年の館","新潟県糸魚川市能生519","37.09665","137.979691"
"平成公園","新潟県糸魚川市能生9457","37.092914","137.988983"
"小泊地区公民館（中瀬館内）","新潟県糸魚川市能生７５６７－７地先","37.108772","137.99822"
"能生小泊公園","新潟県糸魚川市能生小泊1800-1","37.110938","138.0022"
"能生海洋公園","新潟県糸魚川市能生小泊3596-4","37.114677","138.004873"
"百川集会所","新潟県糸魚川市百川765","37.11381","138.0156"
"物出公民館","新潟県糸魚川市物出145","37.050114","138.060525"
"中能生小学校","新潟県糸魚川市平404","37.084107","138.024466"
"糸魚川高等学校","新潟県糸魚川市平牛248-2","37.041226","137.885363"
"本町西市民公園","新潟県糸魚川市本町1080","37.045167","137.858661"
"浜町西市民公園","新潟県糸魚川市本町1090","37.045942","137.858484"
"長者温泉ゆとり館","新潟県糸魚川市木浦18778","37.068732","137.974922"
"中尾多目的集会施設","新潟県糸魚川市木浦18797-1","37.068989","137.975385"
"新戸集落開発センター","新潟県糸魚川市木浦19863","37.077762","137.972572"
"木浦公園","新潟県糸魚川市木浦2362-1","37.090303","137.968729"
"木浦地区公民館","新潟県糸魚川市木浦3722-3","37.08984","137.967628"
"旧木浦小学校","新潟県糸魚川市木浦6073","37.083188","137.971633"
"新戸公園","新潟県糸魚川市木浦6466","37.078753","137.972323"
"根知地区公民館","新潟県糸魚川市和泉355-3","36.95211","137.894716"
"大鷲集落開発センター","新潟県糸魚川市鷲尾154-2","37.090108","138.016548"
"西能生公園","新潟県糸魚川市鶉石137","37.087204","137.996697"
"鶉石公民館","新潟県糸魚川市鶉石491-2","37.086828","137.997273"
"上南地区公民館","新潟県糸魚川市槇248","37.070092","138.045475"
"槇市民公園","新潟県糸魚川市槇259-15","37.070289","138.047213"
"十日町市伊達公園及び駐車場","新潟県十日町市伊達甲3147","37.10356","138.739846"
"上新田自治会館駐車場","新潟県十日町市下条1-307","37.182276","138.782002"
"下条小学校グラウンド","新潟県十日町市下条4-241","37.202343","138.777187"
"下条中学校グラウンド","新潟県十日町市下条4-241","37.202333","138.777016"
"十日町市利雪親雪総合センター駐車場","新潟県十日町市下条4-281-3","37.19802","138.776268"
"旧清津峡小学校グラウンド","新潟県十日町市角間未1528-2","36.987559","138.740091"
"十日町市児童センター駐車場","新潟県十日町市学校町1-808-6","37.131491","138.763512"
"中里中学校グラウンド","新潟県十日町市桔梗原キ1301","37.045006","138.69481"
"十日町市ほくほく線美佐島駅駐車場","新潟県十日町市午135-2","37.131084","138.78976"
"十日町総合高等学校グラウンド","新潟県十日町市高山461","37.132068","138.744081"
"吉田小学校グラウンド","新潟県十日町市山谷1958","37.146282","138.727625"
"大井田コミュニティセンターグラウンド","新潟県十日町市四日町1680-2","37.148435","138.766335"
"東小学校グラウンド","新潟県十日町市四日町新田375","37.144421","138.768917"
"旧奴奈川小学校グラウンド","新潟県十日町市室野576","37.116017","138.567425"
"吉田中学校グラウンド","新潟県十日町市小泉106-1","37.138656","138.725691"
"松代小学校グラウンド","新潟県十日町市松代3271-1","37.133136","138.609057"
"下町地区多目的広場","新潟県十日町市松代3614-1","37.135173","138.612204"
"松代高等学校グラウンド","新潟県十日町市松代4003-1","37.134729","138.621124"
"松代総合体育館グラウンド","新潟県十日町市松代4008","37.133501","138.621369"
"松代中学校グラウンド","新潟県十日町市松代5562-1","37.13169","138.605"
"松之山グラウンド","新潟県十日町市松之山1039","37.082122","138.608795"
"小中一貫校まつのやま学園　十日町市立松之山小・中学校グラウンド","新潟県十日町市松之山1162-3","37.087394","138.602153"
"田沢小学校グラウンド","新潟県十日町市上山己1492","37.053271","138.69551"
"千手小学校グラウンド","新潟県十日町市上新井32","37.16243","138.740975"
"千手さくら保育園広場","新潟県十日町市上新井87-3","37.160935","138.741781"
"上野小学校グラウンド","新潟県十日町市上野甲1376","37.182935","138.750834"
"十日町中学校グラウンド","新潟県十日町市新座甲2-10","37.1374","138.767215"
"十日町市職業訓練校","新潟県十日町市新座甲281-1","37.139535","138.766404"
"千手中央コミュニティセンター駐車場","新潟県十日町市水口沢76-7","37.162116","138.737876"
"西小学校グラウンド","新潟県十日町市西本町1-365-1","37.141761","138.754886"
"川治小学校グラウンド","新潟県十日町市川治688-2","37.121896","138.751471"
"旧倉俣小学校グラウンド","新潟県十日町市倉俣甲1650","37.017451","138.704221"
"川西中学校グラウンド","新潟県十日町市霜条51","37.172245","138.742615"
"中条小学校グラウンド","新潟県十日町市中条甲1242-1","37.164441","138.774014"
"中条中学校グラウンド","新潟県十日町市中条甲596-1","37.160247","138.769938"
"中条公民館駐車場","新潟県十日町市中条甲824-1","37.16163","138.77172"
"飛渡第一小学校グラウンド","新潟県十日町市中条戊2033-1","37.163495","138.820649"
"仙田体験交流館駐車場","新潟県十日町市中仙田甲826","37.198883","138.686126"
"鐙島小学校グラウンド","新潟県十日町市南鐙坂449-3","37.124693","138.719423"
"馬場小学校グラウンド","新潟県十日町市馬場乙1575","37.079346","138.717495"
"水沢小学校グラウンド","新潟県十日町市馬場丁1641","37.096979","138.733822"
"水沢中学校グラウンド","新潟県十日町市馬場丁2006","37.091385","138.732327"
"南中学校グラウンド","新潟県十日町市北新田142-1","37.127672","138.746886"
"貝野小学校グラウンド","新潟県十日町市本屋敷丁58-1","37.081771","138.70451"
"ラポート十日町駐車場","新潟県十日町市本町2-350","37.131711","138.761624"
"十日町市総合福祉センター　サンクロス十日町駐車場","新潟県十日町市本町6-1-320-10","37.136715","138.762675"
"越後妻有交流館キナーレ駐車場","新潟県十日町市本町6-1-71-2","37.138988","138.759626"
"十日町高等学校グラウンド","新潟県十日町市本町西1-203","37.129396","138.757012"
"橘小学校グラウンド","新潟県十日町市野口1-1","37.205665","138.749913"
"高崎テニスクラブ","新潟県出雲崎町大字井鼻626","37.555287","138.711211"
"井鼻地区コミュニティ消防センター","新潟県出雲崎町大字井鼻682","37.551833","138.701998"
"二荒山神社裏","新潟県出雲崎町大字井鼻地内","37.551093","138.703661"
"井鼻地区コミュニティ消防センター裏高台","新潟県出雲崎町大字井鼻地内","37.550863","138.702824"
"海岸公民館","新潟県出雲崎町大字羽黒町431-1","37.54515","138.69333"
"羽黒神社","新潟県出雲崎町大字羽黒町650","37.544618","138.693222"
"光照寺","新潟県出雲崎町大字羽黒町660","37.544437","138.693563"
"福嚴寺","新潟県出雲崎町大字羽黒町669","37.545243","138.694134"
"運行寺","新潟県出雲崎町大字羽黒町681","37.545925","138.69503"
"善乗寺裏高台（国道３５２号）","新潟県出雲崎町大字羽黒町地内","37.543965","138.69186"
"大新潟カントリークラブ出雲崎コース","新潟県出雲崎町大字乙茂５８８甲","37.562911","138.721723"
"旧富岡臨海学校","新潟県出雲崎町大字久田160","37.560143","138.716536"
"海の家ネットワーク宿泊旅館","新潟県出雲崎町大字久田7","37.556451","138.712673"
"諏訪神社","新潟県出雲崎町大字久田地内","37.563122","138.718903"
"円明院","新潟県出雲崎町大字住吉町576","37.542023","138.687054"
"出雲崎こども園脇高台","新潟県出雲崎町大字住吉町地内","37.541823","138.686673"
"山王神社","新潟県出雲崎町大字勝見944","37.526517","138.665285"
"勝見高台","新潟県出雲崎町大字勝見地内","37.524724","138.662637"
"県道出雲崎・柿の木・小島谷線高台","新潟県出雲崎町大字小竹地内","37.551824","138.708597"
"石井神社","新潟県出雲崎町大字石井町583","37.542646","138.688141"
"出雲崎小学校","新潟県出雲崎町大字川西12","37.531342","138.713867"
"八手地区農村環境改善センター","新潟県出雲崎町大字船橋４７３甲","37.514652","138.702797"
"出雲崎町保健福祉総合センターふれあいの里","新潟県出雲崎町大字大門394-1","37.537997","138.716747"
"西越地区農村環境改善センター","新潟県出雲崎町大字沢田439-1","37.546981","138.723453"
"藤巻地区コミュニティ消防センター","新潟県出雲崎町大字藤巻300","37.546878","138.731764"
"諏訪神社","新潟県出雲崎町大字尼瀬1152","37.536991","138.67911"
"善勝寺","新潟県出雲崎町大字尼瀬1261","37.537574","138.681113"
"神明社","新潟県出雲崎町大字尼瀬1277-1","37.538212","138.682417"
"光照寺","新潟県出雲崎町大字尼瀬1280","37.537893","138.682054"
"稲荷神社","新潟県出雲崎町大字尼瀬1585","37.539633","138.684509"
"徳正寺","新潟県出雲崎町大字尼瀬1590","37.539922","138.684826"
"北国街道妻入り会館","新潟県出雲崎町大字尼瀬166","37.540233","138.683697"
"越後出雲崎天領の里","新潟県出雲崎町大字尼瀬6-57","37.538778","138.678671"
"蛇崩高台","新潟県出雲崎町大字尼瀬地内","37.533579","138.6714"
"渋川臨海学校跡地","新潟県出雲崎町大字尼瀬地内","37.535664","138.677883"
"新潟漁業協同組合出雲崎支所","新潟県出雲崎町大字尼瀬無","37.540043","138.682109"
"出雲崎町民体育館","新潟県出雲崎町大字米田281-1","37.537532","138.70234"
"出雲崎町中央公民館","新潟県出雲崎町大字米田281-1","37.537421","138.702898"
"多世代交流館きらり","新潟県出雲崎町大字米田395","37.537913","138.703481"
"出雲崎中学校","新潟県出雲崎町大字米田745","37.536137","138.705826"
"旧出雲崎小学校","新潟県出雲崎町大字米田地内","37.541766","138.689422"
"川東地区コミュニティ消防センター","新潟県出雲崎町大字別ケ谷500-30","37.526772","138.712949"
"鳴滝町１区高台","新潟県出雲崎町大字鳴滝町地内","37.547656","138.69731"
"木折町津波緊急避難場所","新潟県出雲崎町大字木折町地内","37.549375","138.699241"
"勤労青少年ホーム","新潟県小千谷市旭町13-8","37.303921","138.812909"
"東小千谷体育センター","新潟県小千谷市旭町13-8","37.303778","138.812476"
"小千谷高等学校（体育館・グラウンド）","新潟県小千谷市旭町7-1","37.305776","138.810995"
"東小千谷小学校（体育館・グラウンド）","新潟県小千谷市旭町7-6","37.306286","138.812733"
"五智院（境内）","新潟県小千谷市元町14-7","37.30709","138.799224"
"高梨振興会館","新潟県小千谷市高梨町1931-6","37.353089","138.812658"
"和泉小学校（体育館・グラウンド）","新潟県小千谷市高梨町580","37.343113","138.818794"
"市民学習センター「楽集館」（駐車場）","新潟県小千谷市上ノ山4-4-2","37.3007","138.78959"
"船岡公園（駐車場）","新潟県小千谷市上ノ山5-2429-1","37.302467","138.794109"
"錦鯉の里（駐車場）","新潟県小千谷市城内1-8-22","37.310904","138.795717"
"北保育園","新潟県小千谷市城内2-15-3","37.316969","138.798496"
"小千谷西高等学校（体育館・グラウンド）","新潟県小千谷市城内3-3-11","37.315106","138.790509"
"小千谷中学校（体育館・グラウンド）","新潟県小千谷市城内4-3-26","37.311284","138.788714"
"北山集落センター","新潟県小千谷市真人町己1638-1","37.234362","138.734252"
"（旧）真人保育園","新潟県小千谷市真人町甲110-1","37.228794","138.773669"
"（旧）真人住民センター","新潟県小千谷市真人町甲110-5","37.228126","138.773155"
"（旧）真人小学校（体育館・グラウンド）","新潟県小千谷市真人町甲167","37.227221","138.774879"
"真人ふれあい交流館","新潟県小千谷市真人町甲587-1","37.227597","138.772149"
"南中学校（体育館・グラウンド）","新潟県小千谷市真人町丁678","37.253335","138.80324"
"克雪管理センター","新潟県小千谷市真人町丁73-3","37.25175","138.807664"
"地域福祉センターみなみ","新潟県小千谷市真人町丁73-3","37.252067","138.807776"
"真人北部コミュニティーセンター　（真人北部地域農業者等就業促進施設）","新潟県小千谷市真人町戊2438-1","37.249052","138.75361"
"農業管理センター","新潟県小千谷市千谷川2-3-26","37.31404","138.800326"
"城上神社（境内）","新潟県小千谷市千谷川2-3-28","37.313572","138.800303"
"コメリ小千谷店（駐車場）","新潟県小千谷市千谷川4-437","37.319308","138.796705"
"南保育園","新潟県小千谷市船岡2-4-15","37.303143","138.798374"
"錦鯉振興センター","新潟県小千谷市大字ひ生乙173","37.323229","138.815042"
"ひばり認定こども園（グラウンド）","新潟県小千谷市大字ひ生乙914-4","37.307735","138.806305"
"道の駅ちぢみの里（駐車場）","新潟県小千谷市大字ひ生甲1670-1","37.304916","138.822476"
"木津公会堂","新潟県小千谷市大字ひ生丙1298-1","37.295931","138.82304"
"塩谷集落開発センター","新潟県小千谷市大字塩谷290","37.305134","138.884469"
"総合支援学校（体育館・グラウンド）","新潟県小千谷市大字塩殿甲2144","37.269676","138.820753"
"岩沢住民センター","新潟県小千谷市大字岩沢1003-1","37.242351","138.796217"
"中越住電装㈱（従業員駐車場）","新潟県小千谷市大字岩沢1135-1","37.241531","138.793895"
"山谷集落開発センター","新潟県小千谷市大字岩沢1144-1","37.239203","138.790067"
"市之口公会堂","新潟県小千谷市大字岩沢2261-1","37.233098","138.782917"
"外之沢集会所","新潟県小千谷市大字岩沢5007","37.219505","138.811547"
"大池ふるさとセンター","新潟県小千谷市大字岩沢5760-1","37.221429","138.825304"
"岩沢保育園","新潟県小千谷市大字岩沢764-1","37.243342","138.799166"
"桂集落開発センター","新潟県小千谷市大字岩沢838-5","37.242857","138.798131"
"総合体育館","新潟県小千谷市大字桜町4915","37.314477","138.783485"
"総合福祉センターサンラックおぢや","新潟県小千谷市大字桜町5140","37.313371","138.781768"
"三仏生多目的集会センター","新潟県小千谷市大字三仏生3153","37.335407","138.818657"
"山谷交流センター","新潟県小千谷市大字山谷1313-2","37.329705","138.775932"
"旧山谷小学校（グラウンド）","新潟県小千谷市大字山谷1613","37.331747","138.773419"
"グリーンヒル白山","新潟県小千谷市大字山谷2236-4","37.321639","138.773928"
"山本振興会館","新潟県小千谷市大字山本588-7","37.295022","138.802073"
"吉谷トレーニングセンター","新潟県小千谷市大字四ツ子66-2","37.287639","138.78806"
"城山開発センター","新潟県小千谷市大字時水1350","37.299354","138.772105"
"小粟田多目的センター","新潟県小千谷市大字小粟田847","37.333842","138.793262"
"東山小学校（体育館・グラウンド）","新潟県小千谷市大字小栗山2357","37.33698","138.853088"
"金倉会館","新潟県小千谷市大字小栗山2401-3","37.337729","138.855102"
"上片貝公会堂","新潟県小千谷市大字上片貝507","37.285371","138.824391"
"吉谷小学校（体育館・グラウンド）","新潟県小千谷市大字西吉谷甲216","37.287425","138.782468"
"吉谷保育園","新潟県小千谷市大字西吉谷甲553","37.289556","138.778527"
"二俣・迯入集落開発センター","新潟県小千谷市大字西吉谷丙60-2","37.271201","138.778289"
"千田小学校（体育館・グラウンド）","新潟県小千谷市大字千谷甲1231","37.330168","138.800884"
"千田中学校（体育館・グラウンド）","新潟県小千谷市大字千谷甲1617","37.330478","138.802362"
"すみれ保育園","新潟県小千谷市大字千谷甲1787","37.331439","138.810327"
"千谷センター","新潟県小千谷市大字千谷甲1946","37.326975","138.803954"
"内ケ巻集落開発センター","新潟県小千谷市大字川井2574","37.252045","138.843144"
"（旧）川井小学校（体育館・グラウンド）","新潟県小千谷市大字川井475-2","37.258609","138.823578"
"冬井集会所","新潟県小千谷市大字川井5205-4","37.238587","138.816888"
"戸屋集会所","新潟県小千谷市大字川井４１９６－子","37.230352","138.824907"
"川井住民センター","新潟県小千谷市大字川井新田586","37.262517","138.821426"
"デイホームらくらく（旧池ケ原保育園）","新潟県小千谷市大字池ケ原2143","37.265404","138.795133"
"池ケ原公会堂","新潟県小千谷市大字池ケ原2792","37.268389","138.798999"
"池ケ原コミュニティセンター","新潟県小千谷市大字池ケ原815-1","37.266419","138.794943"
"東山住民センター（駐車場）","新潟県小千谷市大字南荷頃2666-1","37.325911","138.862933"
"イオン小千谷店（駐車場）","新潟県小千谷市大字平沢新田字荒田339","37.319229","138.793837"
"元中子公会堂","新潟県小千谷市大字薭生乙1404-2","37.304107","138.80946"
"市民会館","新潟県小千谷市土川1-3-3","37.307412","138.792256"
"小千谷小学校（体育館・グラウンド）","新潟県小千谷市土川1-5-52","37.306471","138.791529"
"東栄会館","新潟県小千谷市東栄1-10-21","37.309272","138.810076"
"東小千谷中学校（体育館・グラウンド）","新潟県小千谷市東栄3-6-14","37.311701","138.810627"
"片貝総合センター","新潟県小千谷市片貝町4823-1","37.370014","138.779505"
"片貝保育園","新潟県小千谷市片貝町5033-1","37.36717","138.777601"
"片貝ふるさと会館","新潟県小千谷市片貝町6532-5","37.369324","138.774998"
"浅原神社（境内）","新潟県小千谷市片貝町6548","37.369783","138.774777"
"片貝小学校（体育館・グラウンド）","新潟県小千谷市片貝町8643","37.367142","138.77369"
"片貝スポーツセンター（駐車場）","新潟県小千谷市片貝町8701","37.365026","138.773254"
"片貝中学校（体育館・グラウンド）","新潟県小千谷市片貝町8787-2","37.364269","138.770382"
"二荒神社（境内）","新潟県小千谷市本町1-5-22","37.30967","138.800501"
"直江津東中学校","新潟県上越市安江282-1","37.168683","138.267961"
"有田小学校","新潟県上越市安江42","37.159838","138.264093"
"安塚小学校","新潟県上越市安塚区安塚2575","37.129609","138.444651"
"菱里地域生涯学習センター・体育館","新潟県上越市安塚区円平坊941","37.07926","138.471681"
"行野地区集落開発センター","新潟県上越市安塚区行野1048","37.109114","138.483192"
"六夜山荘","新潟県上越市安塚区細野1151-1","37.125354","138.4802"
"松崎地区集落開発センター","新潟県上越市安塚区松崎282-6","37.144296","138.441193"
"伏野地域生涯学習センター・校舎","新潟県上越市安塚区真荻平2793","37.054049","138.459402"
"真荻平地区集落開発センター","新潟県上越市安塚区真荻平880-1","37.065239","138.470188"
"菅沼地区集落開発センター","新潟県上越市安塚区菅沼1129-1","37.077321","138.446866"
"切越地区集落開発センター","新潟県上越市安塚区切越66-1","37.091006","138.44732"
"雪だるま物産館","新潟県上越市安塚区樽田140","37.095508","138.47034"
"中川地域生涯学習センター・校舎","新潟県上越市安塚区坊金1066-2","37.13327","138.469355"
"安塚Ｂ＆Ｇ海洋センター","新潟県上越市安塚区和田559","37.107104","138.456184"
"夷浜保育園","新潟県上越市夷浜154","37.205247","138.290463"
"稲田小学校","新潟県上越市稲田1-6-7","37.118034","138.267463"
"宇津尾ふれあいセンター","新潟県上越市宇津尾地内","37.124118","138.197138"
"月影の郷・校舎","新潟県上越市浦川原区横住410","37.126674","138.420815"
"浦川原小学校","新潟県上越市浦川原区横川321","37.159461","138.414944"
"浦川原地区公民館","新潟県上越市浦川原区釜淵5","37.159207","138.427616"
"熊沢集会所","新潟県上越市浦川原区熊沢1208-1","37.142631","138.42278"
"浦川原保健センター・高齢者生活福祉センター","新潟県上越市浦川原区顕聖寺242-2","37.158725","138.422217"
"今熊集会所","新潟県上越市浦川原区今熊237","37.156164","138.378837"
"桜島集会所","新潟県上越市浦川原区桜島175","37.154241","138.396383"
"山本集会所","新潟県上越市浦川原区山本788","37.151633","138.389411"
"小谷島集落センター","新潟県上越市浦川原区小谷島1068-1","37.158504","138.481655"
"旧中保倉小学校","新潟県上越市浦川原区小谷島47","37.160287","138.466853"
"上岡ふれあいセンター","新潟県上越市浦川原区上岡400-3","37.17332","138.404665"
"上柿野集会所","新潟県上越市浦川原区上柿野496-1","37.169222","138.423941"
"上猪子田集会所","新潟県上越市浦川原区上猪子田388","37.173316","138.474002"
"谷集会所","新潟県上越市浦川原区谷1139","37.104081","138.436687"
"虫川集会所","新潟県上越市浦川原区虫川607-1","37.156163","138.442576"
"坪野ふれあいセンター","新潟県上越市浦川原区坪野1137-1","37.111517","138.408226"
"春和荘","新潟県上越市浦川原区東俣616","37.175443","138.419984"
"旧末広小学校","新潟県上越市浦川原区飯室927","37.160599","138.385535"
"菱田集会所","新潟県上越市浦川原区菱田119","37.156098","138.413557"
"青雲荘","新潟県上越市浦川原区法定寺472-1","37.129172","138.404355"
"浦川原体育館","新潟県上越市浦川原区六日町150","37.161061","138.407141"
"城北中学校","新潟県上越市栄町4-24","37.123534","138.249805"
"稲塚集落開発センター","新潟県上越市下稲塚地内","37.085426","138.309528"
"八千浦小学校","新潟県上越市下荒浜782-1","37.197054","138.282632"
"八千浦中学校","新潟県上越市下荒浜879","37.195054","138.278827"
"秋雨苑駐車場","新潟県上越市下四ツ屋","37.078028","138.306363"
"下新田ふれあいセンター","新潟県上越市下新田地内","37.090753","138.262333"
"下正善寺集落開発センター","新潟県上越市下正善寺1299-3","37.131274","138.204836"
"雄志中学校","新潟県上越市下池部707","37.114536","138.296128"
"かなやの里更生園・体育館","新潟県上越市下馬場576-78","37.071987","138.227828"
"リージョンプラザ上越","新潟県上越市下門前446-2","37.154635","138.251246"
"くわどり湯ったり村","新潟県上越市皆口601","37.084321","138.135662"
"下中山公民館","新潟県上越市柿崎区下中山1095-1","37.287305","138.422304"
"柿崎コミュニティプラザ","新潟県上越市柿崎区柿崎6405","37.276622","138.390852"
"柿崎地区公民館黒川分館","新潟県上越市柿崎区岩手690-1","37.248452","138.441184"
"雁海区民会館","新潟県上越市柿崎区雁海310-1","37.277051","138.42668"
"江島公民館","新潟県上越市柿崎区江島新田525-1","37.246428","138.38111"
"南黒岩会館","新潟県上越市柿崎区黒岩3367","37.242076","138.498446"
"北黒岩会館","新潟県上越市柿崎区黒岩787","37.24814","138.493461"
"小萱公民館","新潟県上越市柿崎区小萱1845","37.287232","138.445199"
"上下浜小学校","新潟県上越市柿崎区上下浜569","37.253483","138.35979"
"柿崎川浄水場","新潟県上越市柿崎区上中山1","37.239007","138.458497"
"上直海営農研修センター","新潟県上越市柿崎区上直海976","37.242814","138.392112"
"城腰部落会館","新潟県上越市柿崎区城腰429","37.25609","138.48336"
"水野集落センター","新潟県上越市柿崎区水野413","37.271488","138.467742"
"東横山会館","新潟県上越市柿崎区東横山867","37.224023","138.480847"
"柿崎中学校","新潟県上越市柿崎区法音寺392-1","37.283575","138.400267"
"柿崎総合体育館（かきざきドーム）","新潟県上越市柿崎区法音寺730-1","37.28483","138.403649"
"下黒川小学校","新潟県上越市柿崎区柳ケ崎707","37.257789","138.405046"
"ＪＡえちご上越中央整備工場","新潟県上越市鴨島1196","37.111205","138.276827"
"吉浦会館","新潟県上越市吉浦地内","37.166109","138.127588"
"吉川小学校","新潟県上越市吉川区原之町1819","37.223773","138.40439"
"後生寺集会場","新潟県上越市吉川区後生寺471-1","37.224019","138.453274"
"源地域生涯学習センター","新潟県上越市吉川区山直海803-2","37.198096","138.462996"
"石谷多目的経営改善施設","新潟県上越市吉川区石谷127-2","37.196629","138.503673"
"赤沢ふれあいセンター","新潟県上越市吉川区赤沢1627","37.236503","138.433506"
"吉川地区公民館川谷分館","新潟県上越市吉川区川谷3351","37.200841","138.516396"
"旧スズクラ泉谷工場","新潟県上越市吉川区泉谷23-2","37.210519","138.433331"
"町田集落開発センター","新潟県上越市吉川区町田239-1","37.204038","138.380951"
"吉川ゆったりの郷　ゲートボール場","新潟県上越市吉川区長峰100","37.243023","138.375697"
"吉川スカイトピア遊ランド","新潟県上越市吉川区坪野1458-2","37.20808","138.486007"
"東田中生産組合","新潟県上越市吉川区東田中187-1","37.196508","138.42312"
"元屋敷町内会館","新潟県上越市元屋敷367-2","37.100309","138.32037"
"戸野目小学校","新潟県上越市戸野目682","37.123744","138.283488"
"上越市立水族博物館駐車場","新潟県上越市五智2-15-15","37.173911","138.235385"
"国府小学校","新潟県上越市五智4-1-10","37.171305","138.228638"
"親鸞聖人上陸の地","新潟県上越市五智6-173-1","37.169572","138.221622"
"直江津港湾合同庁舎","新潟県上越市港町1-11-20","37.181988","138.252236"
"直江津港佐渡汽船ターミナルビル","新潟県上越市港町1-9-1","37.182506","138.250827"
"信越化学株式会社古城寮","新潟県上越市港町2-1-2","37.179318","138.255571"
"旧古城小学校","新潟県上越市港町2-16-1","37.181138","138.255802"
"港町特定公共賃貸住宅","新潟県上越市港町2-6-4","37.180652","138.254636"
"荒屋会館","新潟県上越市荒屋1217","37.145003","138.281439"
"諏訪神社境内","新潟県上越市高崎新田119","37.187467","138.259387"
"高住ふれあいセンター","新潟県上越市高住849","37.144894","138.147916"
"高士小学校","新潟県上越市高津49","37.09456","138.332204"
"高和町町内会館","新潟県上越市高和町756-1","37.108527","138.321892"
"国府二丁目町内会館","新潟県上越市国府2-4-31","37.158704","138.219879"
"黒田小学校","新潟県上越市黒田463-1","37.083341","138.23032"
"三和地区公民館・三和保健センター","新潟県上越市三和区井ノ口329-1","37.12472","138.344973"
"里公小学校","新潟県上越市三和区鴨井710","37.110055","138.339392"
"上杉小学校","新潟県上越市三和区今保584","37.119142","138.368469"
"三和中学校","新潟県上越市三和区島倉2267","37.135523","138.351537"
"三和体育館・三和スポーツセンター","新潟県上越市三和区島倉2382-3","37.137326","138.347301"
"美守小学校","新潟県上越市三和区本郷668","37.15109","138.347177"
"末野地区会館","新潟県上越市三和区末野新田1459","37.161569","138.36545"
"上越教育大学","新潟県上越市山屋敷町1","37.136264","138.225255"
"四ケ所会館","新潟県上越市四ケ所357-1","37.122387","138.273572"
"四辻町多目的研修センター","新潟県上越市四辻町151","37.117253","138.314854"
"上越高等学校","新潟県上越市寺町3-4-34","37.115975","138.238018"
"直江津小学校","新潟県上越市住吉町3-5","37.176023","138.245671"
"かすが保育園","新潟県上越市春日山町1-3-23","37.144169","138.22064"
"春日新田小学校","新潟県上越市春日新田1274","37.169304","138.258171"
"カルチャーセンター","新潟県上越市春日新田2-19-1","37.175454","138.261707"
"春日中学校","新潟県上越市春日野1-9-3","37.15053","138.233722"
"小泉集落開発センター","新潟県上越市小泉651","37.154578","138.318986"
"小池町内会館","新潟県上越市小池地内","37.12974","138.13535"
"上雲寺小学校","新潟県上越市上雲寺16","37.101898","138.30081"
"保倉小学校","新潟県上越市上吉野146-2","37.167587","138.325544"
"上吉野町内会館・上吉野愛宕の園","新潟県上越市上吉野561-2","37.170244","138.331416"
"諏訪小学校","新潟県上越市上真砂2040","37.139089","138.309525"
"北諏訪小学校","新潟県上越市上千原165","37.158365","138.295826"
"光陽産業株式会社　上越工場","新潟県上越市上中田2074","37.089397","138.235199"
"和田小学校","新潟県上越市上箱井202","37.073202","138.260451"
"新潟県立看護大学","新潟県上越市新南町240","37.106014","138.26852"
"清里中学校","新潟県上越市清里区岡野町1525","37.079646","138.332252"
"清里小学校","新潟県上越市清里区岡嶺新田180","37.076075","138.32687"
"青柳集落センター","新潟県上越市清里区青柳952-1","37.035345","138.375007"
"赤池公会堂","新潟県上越市清里区赤池358-1","37.033611","138.381892"
"櫛池地域生涯学習センター","新潟県上越市清里区棚田525-1","37.060169","138.375555"
"東戸野集会所","新潟県上越市清里区東戸野1332","37.071805","138.359395"
"馬屋自治会館","新潟県上越市清里区馬屋691-1","37.061402","138.319622"
"清里活性化交流施設","新潟県上越市清里区武士407-1","37.078884","138.323753"
"西横山会館","新潟県上越市西横山306-1","37.126803","138.134361"
"西吉尾集落センター","新潟県上越市西吉尾171","37.117906","138.127253"
"上越教育大学附属小学校","新潟県上越市西城町1-7-1","37.113413","138.253123"
"直江津中学校","新潟県上越市西本町4-15-2","37.174394","138.237372"
"直江津中等教育学校","新潟県上越市西本町4-20-1","37.172724","138.234942"
"和田地区多目的研修センター","新潟県上越市石沢1751-2","37.076156","138.255281"
"石沢公会堂","新潟県上越市石沢地内","37.071905","138.255358"
"桑取地区多目的研修センター","新潟県上越市増沢966","37.103896","138.122327"
"下小船津浜町内会館","新潟県上越市大潟区下小船津浜902","37.221388","138.317245"
"新潟県立大潟水と森公園","新潟県上越市大潟区潟町1381","37.231405","138.349179"
"大潟町中学校","新潟県上越市大潟区潟町575","37.232033","138.334211"
"大潟体育センター","新潟県上越市大潟区岩野古新田657-1","37.225206","138.336473"
"雁子浜町内会館","新潟県上越市大潟区雁子浜409-2","37.243606","138.345129"
"上越体操場ジムリーナ","新潟県上越市大潟区九戸浜338","37.237713","138.338385"
"犀潟町内会館","新潟県上越市大潟区犀潟124-6","37.2114","138.302893"
"渋柿浜町内会館","新潟県上越市大潟区渋柿浜134-1","37.216922","138.307374"
"上小船津浜町内会館","新潟県上越市大潟区上小船津浜783","37.217524","138.313605"
"長崎町内会館","新潟県上越市大潟区長崎58-1","37.223409","138.3481"
"大潟地区公民館","新潟県上越市大潟区土底浜1079-1","37.230343","138.330475"
"大潟町小学校","新潟県上越市大潟区土底浜1621","37.225959","138.324353"
"大潟あさひ土地改良区","新潟県上越市大潟区内雁子新田522-1","37.231322","138.367413"
"高田西小学校","新潟県上越市大貫2-1-1","37.107388","138.23623"
"関根学園高等学校","新潟県上越市大貫2-9-1","37.106314","138.232946"
"寺町駐車場","新潟県上越市大貫3-4631-1","37.11319","138.235502"
"大口公民館","新潟県上越市大口491","37.080672","138.342398"
"稲谷会館","新潟県上越市大字稲谷1011-1","37.088185","138.314665"
"下百々集落開発センター","新潟県上越市大字下百々","37.149203","138.310767"
"びょうぶ谷野球場","新潟県上越市大字居多1043-2","37.167126","138.212535"
"駒林町内会館","新潟県上越市大字駒林1105-2","37.145834","138.322398"
"保倉体育館","新潟県上越市大字上吉野1645","37.168458","138.322994"
"虫川会館","新潟県上越市大字虫川","37.142096","138.284941"
"大手町小学校","新潟県上越市大手町2-20","37.109369","138.248166"
"大町小学校","新潟県上越市大町3-2-32","37.112789","138.246058"
"菖蒲農村環境改善センター","新潟県上越市大島区菖蒲835","37.076255","138.518223"
"上達多目的共同利用施設","新潟県上越市大島区上達627-1","37.138845","138.50458"
"西沢集落開発センター","新潟県上越市大島区仁上2258-1","37.086503","138.50103"
"大島地域生涯学習センター","新潟県上越市大島区仁上5607","37.113271","138.510266"
"大島生活改善センター","新潟県上越市大島区大島956-3","37.122898","138.506556"
"大島小学校","新潟県上越市大島区大平3735","37.153972","138.51016"
"大島旭農村環境改善センター","新潟県上越市大島区田麦1078","37.177137","138.540917"
"板山多目的共同利用施設","新潟県上越市大島区板山1227-1","37.176153","138.521287"
"春日小学校","新潟県上越市大豆1-13-11","37.148293","138.225476"
"大和小学校","新潟県上越市大和2-13-3","37.086294","138.253696"
"ラーバンセンター","新潟県上越市大和6-3-30","37.084059","138.243174"
"丹原ふれあいセンター","新潟県上越市丹原2780-1","37.160633","138.138254"
"茶屋ケ原公会堂","新潟県上越市茶屋ケ原地内","37.16757","138.122661"
"中ノ俣地区多目的研修センター","新潟県上越市中ノ俣529","37.103924","138.157324"
"レインボーセンター","新潟県上越市中央1-16-1","37.174911","138.245259"
"直江津南小学校","新潟県上越市中央1-7-1","37.173389","138.243998"
"旧中央保育園","新潟県上越市中央2-3-36","37.17674","138.242529"
"えびす神社境内","新潟県上越市中央4-10","37.178622","138.241583"
"旧岡沢小学校（講堂棟）","新潟県上越市中郷区岡沢466-1","36.986554","138.203998"
"松ヶ峯集会所","新潟県上越市中郷区江口961-1","36.948632","138.21233"
"中郷総合体育館","新潟県上越市中郷区藤沢964-1","36.984742","138.229832"
"はーとぴあ中郷","新潟県上越市中郷区二本木1763","36.974688","138.220403"
"中郷小学校（講堂棟）","新潟県上越市中郷区二本木704","36.986285","138.235955"
"板橋ふれあいセンター","新潟県上越市中郷区板橋290-3","37.007153","138.245077"
"片貝地域生涯学習センター","新潟県上越市中郷区片貝92-2","36.955421","138.228581"
"高田商業高等学校","新潟県上越市中田原90-1","37.094454","138.236473"
"虫生岩戸町内会館","新潟県上越市虫生岩戸479-1","37.169039","138.205376"
"剱神社境内","新潟県上越市虫生岩戸地内","37.16703","138.20559"
"虫生岩戸地内高台②（三の輪台入口付近）","新潟県上越市虫生岩戸地内","37.166073","138.206202"
"虫生岩戸地内高台①（薬師山入口付近）","新潟県上越市虫生岩戸地内","37.168099","138.193923"
"旧三郷小学校","新潟県上越市長者町442-1","37.089395","138.287052"
"長浜町内会館","新潟県上越市長浜1017-1","37.161121","138.169826"
"悦翁寺境内","新潟県上越市長浜1360","37.161346","138.174112"
"西栄寺境内","新潟県上越市長浜1375","37.161632","138.174842"
"デイサービス谷浜駐車場","新潟県上越市長浜1850","37.164704","138.182422"
"長浜地内高台③（阿比多神社）","新潟県上越市長浜904","37.160149","138.166669"
"長浜地内高台⑥（秋葉山）","新潟県上越市長浜地内","37.161867","138.176178"
"長浜地内高台⑤（谷浜西バス停上付近）","新潟県上越市長浜地内","37.161231","138.172128"
"長浜地内高台④（長浜町内会館上付近）","新潟県上越市長浜地内","37.160645","138.168737"
"長浜地内高台②（アマゲ平）","新潟県上越市長浜地内","37.160918","138.166162"
"長浜地内高台①（アマゲ平）","新潟県上越市長浜地内","37.15952","138.158749"
"田園多目的研修センター","新潟県上越市田園76","37.150448","138.279617"
"つちはし保育園","新潟県上越市土橋2455","37.127616","138.243202"
"上越市市民プラザ駐車場","新潟県上越市土橋2554","37.130641","138.244954"
"日精メタルワークス株式会社","新潟県上越市島田2490-1","37.087034","138.268314"
"高田農業高等学校","新潟県上越市東城町1-4-41","37.100565","138.260238"
"上越市クリーンセンター","新潟県上越市東中島2963","37.165184","138.301843"
"東本町小学校","新潟県上越市東本町2-2-7","37.11779","138.249092"
"東本町保育園","新潟県上越市東本町3-6-27","37.121673","138.25586"
"鍋ケ浦公会堂","新潟県上越市鍋ケ浦179","37.161006","138.129468"
"高田南城高等学校","新潟県上越市南城町3-3-8","37.105024","138.250166"
"高田高等学校","新潟県上越市南城町3-5-5","37.10422","138.255541"
"城西中学校","新潟県上越市南新町3-3","37.098656","138.245524"
"南本町小学校","新潟県上越市南本町3-9-1","37.100485","138.242389"
"板倉北部スポーツセンター","新潟県上越市板倉区稲増434-1","37.077383","138.285179"
"関田自治会館","新潟県上越市板倉区関田3359-1","37.018154","138.361591"
"寺野地区総合センター（旧寺野小学校）","新潟県上越市板倉区久々野2778","37.004027","138.32536"
"旧宮嶋小学校","新潟県上越市板倉区宮島180","37.048278","138.311204"
"旧菰立地区館","新潟県上越市板倉区菰立2687-1","37.015701","138.303605"
"豊原小学校","新潟県上越市板倉区高野730-4","37.067624","138.294438"
"小石原ふれあいセンター","新潟県上越市板倉区小石原191-2","37.048542","138.272752"
"板倉農村環境改善センター・板倉農業者トレーニングセンター","新潟県上越市板倉区針986","37.051158","138.295259"
"旧筒方小学校・校舎","新潟県上越市板倉区筒方121","37.02997","138.34369"
"ゑしんの里記念館","新潟県上越市板倉区米増27-4","37.038059","138.291996"
"飯小学校","新潟県上越市飯1946","37.123602","138.226888"
"富岡小学校","新潟県上越市富岡3117","37.14056","138.260164"
"津有地区公民館","新潟県上越市平成町533-1","37.122175","138.284702"
"高田北城高等学校","新潟県上越市北城町2-8-1","37.115097","138.258386"
"高士地区多目的研修センター","新潟県上越市北方1317","37.088846","138.350164"
"旧北本町保育園","新潟県上越市北本町3-8-1","37.124478","138.245027"
"樫谷多目的活動施設","新潟県上越市牧区樫谷1014","37.089308","138.394034"
"岩神多目的集会施設","新潟県上越市牧区岩神1131-2","37.07189","138.399873"
"宮口公会堂","新潟県上越市牧区宮口1124-16","37.089156","138.360393"
"牧ふれあい体験交流施設","新潟県上越市牧区原991","37.054028","138.39666"
"荒井活性化センター","新潟県上越市牧区荒井492-1","37.081298","138.373446"
"高谷活性化センター","新潟県上越市牧区高谷502-2","37.084425","138.431811"
"高尾活性化センター","新潟県上越市牧区高尾844-1","37.066699","138.421554"
"小川公会堂","新潟県上越市牧区国川1012-1","37.078932","138.394833"
"今清水集会所","新潟県上越市牧区今清水地内","37.085671","138.407487"
"川辺中央集落センター","新潟県上越市牧区桜滝237-9","37.059041","138.394527"
"牧山口活性化センター","新潟県上越市牧区山口375-1","37.083165","138.373715"
"七森集会所","新潟県上越市牧区七森75","37.097018","138.416403"
"切光活性化センター","新潟県上越市牧区切光2111-9","37.090597","138.420228"
"泉集落センター","新潟県上越市牧区泉592-1","37.0914","138.406906"
"大月交流促進センター","新潟県上越市牧区大月285","37.100605","138.398269"
"棚広集会所","新潟県上越市牧区棚広1787-1","37.052893","138.404384"
"白峰山菜加工所","新潟県上越市牧区棚広2628-2","37.044717","138.426576"
"池舟多目的利用施設","新潟県上越市牧区池舟199-5","37.093231","138.374353"
"牧坪山多目的利用施設","新潟県上越市牧区坪山978-1","37.116832","138.400781"
"田島町内会館","新潟県上越市牧区田島462-1","37.068151","138.38939"
"牧コミュニティプラザ・牧体育館","新潟県上越市牧区田島705-10","37.074009","138.386035"
"東松ノ木公会堂","新潟県上越市牧区東松ノ木671-2","37.075048","138.382364"
"川辺南部集落開発センター","新潟県上越市牧区府殿479-1","37.043045","138.405459"
"平山集落開発センター","新潟県上越市牧区平山711","37.105681","138.415942"
"平方多目的集会施設","新潟県上越市牧区平方194","37.113264","138.40594"
"片町集会所","新潟県上越市牧区片町414","37.101848","138.428415"
"落田公会堂","新潟県上越市牧区落田308","37.081391","138.379107"
"上越総合技術高等学校","新潟県上越市本城町3-1","37.112869","138.258832"
"城東中学校","新潟県上越市本城町4-60","37.111981","138.26111"
"高田城址公園","新潟県上越市本城町44-1","37.108872","138.254883"
"ファームセンター","新潟県上越市本新保564","37.106749","138.30117"
"宝田小学校","新潟県上越市名立区車路290","37.143178","138.107651"
"ＪＡえちご上越ふれあいの里・名立","新潟県上越市名立区森138","37.111336","138.105209"
"不動地域生涯学習センター","新潟県上越市名立区瀬戸722","37.066201","138.110976"
"ろばた館","新潟県上越市名立区西蒲生田155","37.086031","138.099867"
"名立中学校","新潟県上越市名立区赤野俣532-1","37.153198","138.092856"
"日前神社境内・小泊児童遊園","新潟県上越市名立区名立小泊351","37.167241","138.091289"
"小泊コミュニティセンター","新潟県上越市名立区名立小泊374","37.166608","138.09087"
"櫻海寮（旧山海荘）前庭","新潟県上越市名立区名立小泊481-1","37.163359","138.089068"
"江野神社境内","新潟県上越市名立区名立大町1335","37.158468","138.086628"
"名立地区公民館　体育館","新潟県上越市名立区名立大町200-1","37.161549","138.088897"
"名立寺境内","新潟県上越市名立区名立大町270","37.162098","138.089483"
"名立区総合事務所","新潟県上越市名立区名立大町365-1","37.159953","138.090023"
"上越市総合体育館","新潟県上越市木田1-17-33","37.146268","138.236193"
"高志小学校","新潟県上越市木田3-1-25","37.139908","138.237228"
"谷浜小学校","新潟県上越市有間川445","37.157504","138.143791"
"流泉寺境内","新潟県上越市有間川838","37.162056","138.14422"
"有間川消防器具置場","新潟県上越市有間川990-2","37.163117","138.139594"
"頸城地区公民館明治南分館","新潟県上越市頸城区花ケ崎591","37.17033","138.359219"
"頸城中学校","新潟県上越市頸城区潟口60","37.190564","138.329224"
"玄僧集落開発センター","新潟県上越市頸城区玄僧1642","37.181531","138.393928"
"畑ケ崎ふれあいセンター","新潟県上越市頸城区手島3076","37.206576","138.370147"
"頸城地区公民館西部分館","新潟県上越市頸城区松橋313","37.200818","138.306246"
"頸城地区公民館南川分館","新潟県上越市頸城区松本243-6","37.180115","138.289488"
"南川小学校","新潟県上越市頸城区上吉414","37.181916","138.286415"
"西福島一区振興センター","新潟県上越市頸城区西福島243","37.180996","138.267241"
"大蒲生田公民館","新潟県上越市頸城区大蒲生田717-1","37.184194","138.381504"
"頸城地区公民館大坂井分館","新潟県上越市頸城区大坂井222-1","37.197426","138.342316"
"明治小学校","新潟県上越市頸城区日根津2929","37.191001","138.35871"
"ユートピアくびき希望館","新潟県上越市頸城区百間町716","37.18814","138.326573"
"矢住集会所","新潟県上越市頸城区矢住920-1","37.19741","138.38013"
"両増田公民館","新潟県上越市頸城区両増田381-2","37.207182","138.362962"
"横越総合体育館","新潟県新潟市江南区いぶき野1-1-1","37.85827","139.144323"
"いぶき野公園","新潟県新潟市江南区いぶき野1-101-4","37.857176","139.143914"
"うぐいす公園","新潟県新潟市江南区うぐいす2-313-8","37.875933","139.137061"
"処分場運動広場","新潟県新潟市江南区うぐいす2-662-1","37.875391","139.1355"
"茜ヶ丘公園","新潟県新潟市江南区茜ケ丘294-1","37.858547","139.140753"
"稲葉公園","新潟県新潟市江南区稲葉2-846-1","37.871986","139.113342"
"よこごし公園","新潟県新潟市江南区横越字新田郷5239-1","37.858283","139.145548"
"横越さつき公園","新潟県新潟市江南区横越上町1-543-10","37.849829","139.145208"
"横越農村公園","新潟県新潟市江南区横越川根町2-1236","37.854742","139.139787"
"横越地区勤労者　総合福祉センター","新潟県新潟市江南区横越川根町2-20-1","37.852818","139.136589"
"横越第１みどり公園","新潟県新潟市江南区横越川根町3-2733-16","37.857282","139.135994"
"横越川根町第２公園","新潟県新潟市江南区横越川根町5-3215-42","37.861569","139.13412"
"横越中央西公園","新潟県新潟市江南区横越中央1-4606-6","37.856462","139.144827"
"横越中央東公園","新潟県新潟市江南区横越中央2-4611-21","37.856279","139.146715"
"横越中央保育園","新潟県新潟市江南区横越中央3-2-8","37.854928","139.149183"
"横越中学校","新潟県新潟市江南区横越中央3-4-1","37.854678","139.151251"
"横越小学校","新潟県新潟市江南区横越中央6-3-1","37.851894","139.14854"
"いなほ公園","新潟県新潟市江南区横越東町1-3687-19","37.855559","139.15442"
"亀田総合運動公園","新潟県新潟市江南区茅野山3-1","37.856836","139.096142"
"亀田総合体育館","新潟県新潟市江南区茅野山3-1-13","37.856049","139.097364"
"丸山小学校","新潟県新潟市江南区丸山300","37.879182","139.129816"
"大月公園","新潟県新潟市江南区亀田ノ内高山520-1","37.878109","139.102292"
"亀田公園","新潟県新潟市江南区亀田向陽4-1779-1","37.880269","139.110423"
"新潟向陽高等学校","新潟県新潟市江南区亀田向陽4-3-1","37.881245","139.108696"
"かわね公園","新潟県新潟市江南区亀田工業団地1-2528-17","37.8715","139.082367"
"亀田西小学校","新潟県新潟市江南区亀田四ツ興野4-1-1","37.870209","139.099842"
"亀田小学校","新潟県新潟市江南区亀田新明町1-1-46","37.868124","139.110952"
"亀田第一保育園","新潟県新潟市江南区亀田新明町2-6-1","37.867002","139.110326"
"亀田東小学校","新潟県新潟市江南区亀田水道町3-2-45","37.869057","139.118358"
"亀田第五保育園","新潟県新潟市江南区亀田中島2-4-14","37.883511","139.103276"
"中島公園","新潟県新潟市江南区亀田中島3-2455","37.88528","139.102307"
"亀田東公園","新潟県新潟市江南区亀田東町2-2895-3","37.867357","139.11383"
"亀田第三保育園","新潟県新潟市江南区亀田東町3-5-15","37.867488","139.115242"
"亀田運動広場","新潟県新潟市江南区亀田緑町1-2","37.872083","139.101921"
"藤駒農村公園","新潟県新潟市江南区駒込227","37.874151","139.138157"
"さつき公園","新潟県新潟市江南区五月町2-570-36","37.874408","139.095863"
"砂岡公園","新潟県新潟市江南区砂岡3-1105-1","37.864307","139.122603"
"大江山公園","新潟県新潟市江南区笹山423","37.882234","139.151863"
"両川小学校","新潟県新潟市江南区酒屋町687-1","37.837907","139.072264"
"両川中学校","新潟県新潟市江南区酒屋町702-1","37.837828","139.070947"
"亀田曙公園","新潟県新潟市江南区曙町4-230-54","37.857568","139.127947"
"小杉地区コミュニティセンター","新潟県新潟市江南区小杉3-11-26","37.873816","139.162193"
"横越小杉保育園","新潟県新潟市江南区小杉3-14-16","37.875196","139.161404"
"小杉農村公園","新潟県新潟市江南区小杉3-2929-1","37.875449","139.160966"
"東曽野木小学校","新潟県新潟市江南区鐘木214-1","37.868354","139.048949"
"亀田中学校","新潟県新潟市江南区城山1-3-5","37.862962","139.110993"
"堤公園","新潟県新潟市江南区城山４－甲466-1","37.860203","139.115639"
"城所公園","新潟県新潟市江南区城所１－甲611-2","37.8622","139.107856"
"亀田第二保育園","新潟県新潟市江南区諏訪1-6-10","37.873993","139.111611"
"西山公園","新潟県新潟市江南区西山338","37.883088","139.138435"
"大江山中学校","新潟県新潟市江南区西山491","37.885503","139.140007"
"亀田第四保育園","新潟県新潟市江南区西町4-6-24","37.873385","139.104967"
"西町公園","新潟県新潟市江南区西町5-1233-1","37.87285","139.104228"
"亀田市民会館","新潟県新潟市江南区船戸山5-7-2","37.867275","139.103981"
"曽野木中学校","新潟県新潟市江南区曽川甲387-1","37.855784","139.043002"
"しゅもく公園","新潟県新潟市江南区曽野木1-18-1","37.866601","139.041052"
"早通小学校","新潟県新潟市江南区早通5-7-2","37.861802","139.087323"
"亀田西中学校","新潟県新潟市江南区早苗3-1-8","37.869067","139.094002"
"大淵小学校","新潟県新潟市江南区大淵1760-1","37.899842","139.140033"
"横越農村環境改善　センター","新潟県新潟市江南区沢海3-1-30","37.829074","139.153493"
"曽野木小学校","新潟県新潟市江南区天野2-7-1","37.857435","139.032704"
"横越体育センター・二本木地区コミュニティセンター","新潟県新潟市江南区二本木3-2-50","37.846817","139.1146"
"二本木ことぶき公園","新潟県新潟市江南区二本木4-1257-8","37.847428","139.112952"
"舞平公園","新潟県新潟市江南区平賀234-1","37.846589","139.041053"
"北山池公園","新潟県新潟市江南区北山183-1","37.873016","139.120688"
"木津地域研修センター","新潟県新潟市江南区木津2-3-28","37.836988","139.132451"
"木津農村公園","新潟県新潟市江南区木津3-518-6","37.837724","139.128221"
"横越双葉保育園","新潟県新潟市江南区木津5-5-10","37.835703","139.121754"
"第１やすらぎ公園","新潟県新潟市江南区木津工業団地2428-12","37.839704","139.132015"
"ありの実公園","新潟県新潟市江南区両川1-1201-2","37.845228","139.082458"
"あおば公園","新潟県新潟市秋葉区あおば通1-109-1","37.834574","139.101642"
"さつき野第４公園","新潟県新潟市秋葉区さつき野4-6-24","37.807591","139.118924"
"みそら野公園","新潟県新潟市秋葉区みそら野3-14-6","37.825387","139.114006"
"小須戸武道館","新潟県新潟市秋葉区横川浜239-1","37.752646","139.077234"
"横川浜農村公園","新潟県新潟市秋葉区横川浜460","37.745355","139.07308"
"小須戸中学校","新潟県新潟市秋葉区横川浜526-1","37.752858","139.075057"
"小須戸体育館","新潟県新潟市秋葉区横川浜526-2","37.752505","139.076161"
"小須戸小学校","新潟県新潟市秋葉区横川浜541-1","37.752083","139.072185"
"新津第二中学校","新潟県新潟市秋葉区荻島1-15-17","37.83383","139.118742"
"荻野公園","新潟県新潟市秋葉区荻野町109-3","37.830109","139.106947"
"新関小学校","新潟県新潟市秋葉区下新766","37.780516","139.170984"
"金津中学校","新潟県新潟市秋葉区割町10-2","37.76798","139.11951"
"鎌倉地域研修センター","新潟県新潟市秋葉区鎌倉273-1","37.731732","139.08415"
"鎌倉農村公園","新潟県新潟市秋葉区鎌倉新田273-2","37.731503","139.084488"
"新津金屋運動広場","新潟県新潟市秋葉区金屋260-1","37.786785","139.17216"
"里山ビジターセンター","新潟県新潟市秋葉区金津1193","37.749133","139.112175"
"結小学校","新潟県新潟市秋葉区結132","37.827955","139.121443"
"結幼稚園","新潟県新潟市秋葉区結160-3","37.828556","139.120564"
"金津地区コミュニティセンター","新潟県新潟市秋葉区古津597","37.768222","139.112905"
"金津小学校","新潟県新潟市秋葉区古津88","37.768277","139.118083"
"新津第三幼稚園","新潟県新潟市秋葉区山谷町3-4785","37.801404","139.112748"
"新津第三小学校","新潟県新潟市秋葉区山谷町3-4785","37.80059","139.112624"
"市之瀬幼稚園","新潟県新潟市秋葉区市之瀬349-2","37.833639","139.077129"
"新津Ｂ＆Ｇ海洋　センター","新潟県新潟市秋葉区七日町2186-9","37.817227","139.143539"
"旧満日小学校","新潟県新潟市秋葉区七日町１７－乙","37.824321","139.149086"
"荻川小学校","新潟県新潟市秋葉区車場922-1","37.833989","139.100356"
"新津高等学校","新潟県新潟市秋葉区秋葉1-19-1","37.78944","139.130883"
"小合小学校","新潟県新潟市秋葉区出戸180","37.786074","139.071746"
"小合地区コミュニティセンター","新潟県新潟市秋葉区小戸下組22-1","37.791822","139.084319"
"小合中学校","新潟県新潟市秋葉区小戸下組77","37.793252","139.084738"
"小合東小学校","新潟県新潟市秋葉区小戸上組234","37.793812","139.093017"
"新津クリーンセンター","新潟県新潟市秋葉区小口1289-1","37.76883","139.146942"
"横水児童遊園","新潟県新潟市秋葉区小向1744","37.74213","139.068127"
"ワークセンター　ほほえみ","新潟県新潟市秋葉区小向1744","37.741935","139.068347"
"小須戸まちづくり　センター","新潟県新潟市秋葉区小須戸120-1","37.755517","139.071137"
"中間木公園","新潟県新潟市秋葉区小須戸320","37.758438","139.073753"
"小須戸保育園","新潟県新潟市秋葉区小須戸325-1","37.759104","139.074117"
"小須戸児童遊園","新潟県新潟市秋葉区小須戸3526-4","37.760421","139.067968"
"小須戸老人福祉　センター","新潟県新潟市秋葉区小須戸3870-2","37.76112","139.066881"
"新津第一中学校","新潟県新潟市秋葉区新栄町4-1","37.79173","139.120277"
"新金沢保育園","新潟県新潟市秋葉区新金沢町12-11","37.79782","139.145076"
"新津第二小学校","新潟県新潟市秋葉区新町2-3-3","37.797298","139.131643"
"新津工業高等学校","新潟県新潟市秋葉区新津東町1-12-9","37.804513","139.140695"
"新津地区　勤労青少年ホーム","新潟県新潟市秋葉区新津東町1-5-12","37.80281","139.138736"
"阿賀小学校","新潟県新潟市秋葉区新津東町2-1325","37.80052","139.145494"
"新津地域学園","新潟県新潟市秋葉区新津東町2-5-6","37.802073","139.142026"
"新津第五中学校","新潟県新潟市秋葉区新津東町2-7-29","37.800581","139.142957"
"新津地域交流　センター","新潟県新潟市秋葉区新津本町1-2-39","37.798789","139.1222"
"新津第一幼稚園","新潟県新潟市秋葉区新津本町4-4-3","37.793729","139.125428"
"新津第一小学校","新潟県新潟市秋葉区新津本町4-4-3","37.793339","139.125095"
"新保農村公園","新潟県新潟市秋葉区新保1744-1","37.759168","139.083964"
"新保地域研修センター","新潟県新潟市秋葉区新保1747","37.759308","139.084234"
"水田農村公園","新潟県新潟市秋葉区水田39-1","37.728908","139.065417"
"工業団地１号公園","新潟県新潟市秋葉区川口578-1","37.815757","139.106226"
"工業団地３号公園","新潟県新潟市秋葉区川口578-28","37.818126","139.112277"
"工業団地２号公園","新潟県新潟市秋葉区川口578-30","37.816986","139.106269"
"荻川コミュニティ　センター","新潟県新潟市秋葉区中野5-1-50","37.832887","139.108376"
"金津保育園","新潟県新潟市秋葉区朝日483-2","37.768658","139.119994"
"秋葉区新津健康　センター","新潟県新潟市秋葉区程島1979-4","37.787405","139.112594"
"秋葉区総合体育館","新潟県新潟市秋葉区程島2009","37.788672","139.112272"
"新津武道館","新潟県新潟市秋葉区程島2009","37.787891","139.11246"
"小須戸温泉健康　センター","新潟県新潟市秋葉区天ケ沢498-1","37.733184","139.088276"
"日宝町公園","新潟県新潟市秋葉区日宝町294-1","37.797513","139.129094"
"新津図書館","新潟県新潟市秋葉区日宝町6-2","37.796426","139.127575"
"新津東保育園","新潟県新潟市秋葉区日宝町9-4","37.797606","139.128642"
"満願寺公園","新潟県新潟市秋葉区満願寺3423-2","37.823253","139.152486"
"小須戸運動広場","新潟県新潟市秋葉区矢代田1","37.741175","139.090461"
"矢代田保育園","新潟県新潟市秋葉区矢代田1237-1","37.750319","139.094993"
"舟戸公園","新潟県新潟市秋葉区矢代田1238-5","37.749976","139.095439"
"新津南高等学校","新潟県新潟市秋葉区矢代田3200-1","37.754648","139.10145"
"小須戸地区　ふれあい会館","新潟県新潟市秋葉区矢代田35","37.740429","139.091137"
"山ノ手公園","新潟県新潟市秋葉区矢代田5012","37.744233","139.096866"
"矢代田小学校","新潟県新潟市秋葉区矢代田5596","37.739441","139.092618"
"六郷公園","新潟県新潟市秋葉区六郷1033-1","37.797701","139.167866"
"魲地区公園","新潟県新潟市西蒲区魲340-1","37.799971","138.914087"
"潟東東公園","新潟県新潟市西蒲区井随436","37.766324","138.97605"
"南地区農村公園","新潟県新潟市西蒲区姥島36-1","37.712934","138.955142"
"越前小学校","新潟県新潟市西蒲区越前浜4670","37.805352","138.843088"
"押付地区公園","新潟県新潟市西蒲区押付269-1","37.786602","138.918721"
"潟東西公園","新潟県新潟市西蒲区横戸1960","37.778593","138.952752"
"河間児童遊園","新潟県新潟市西蒲区河間169","37.726784","138.966041"
"貝柄地区集会所","新潟県新潟市西蒲区貝柄805-6","37.818107","138.965993"
"角田地区コミュニティセンター","新潟県新潟市西蒲区角田浜1815-1","37.802865","138.84062"
"巻東中学校","新潟県新潟市西蒲区潟頭1493","37.744897","138.901318"
"巻高等学校","新潟県新潟市西蒲区巻乙30-1","37.762379","138.880694"
"県農業大学校","新潟県新潟市西蒲区巻甲12007","37.767564","138.915793"
"巻総合高等学校","新潟県新潟市西蒲区巻甲4295-1","37.755273","138.890998"
"巻地域保健福祉センター","新潟県新潟市西蒲区巻甲4363","37.755046","138.892198"
"巻文化会館・　巻地区公民館","新潟県新潟市西蒲区巻甲635","37.758819","138.883985"
"巻体育館","新潟県新潟市西蒲区巻甲647","37.759009","138.883577"
"すわ保育園（広場）","新潟県新潟市西蒲区巻甲763-1","37.762167","138.885832"
"間瀬公民館","新潟県新潟市西蒲区間瀬4287-1","37.738396","138.797"
"岩室すこやか　センター","新潟県新潟市西蒲区間瀬4290-1","37.738083","138.795921"
"丸小山公園","新潟県新潟市西蒲区岩室温泉1661-1","37.732108","138.836462"
"西蒲区西川健康センター","新潟県新潟市西蒲区旗屋701-2","37.791452","138.921725"
"巻ふるさと会館","新潟県新潟市西蒲区五ケ浜2237","37.771209","138.814508"
"篠原幸三郎家住宅前広場","新潟県新潟市西蒲区五ケ浜2452","37.772799","138.81378"
"潟東北公園","新潟県新潟市西蒲区五之上253-3","37.78605","138.973865"
"潟東南公園","新潟県新潟市西蒲区今井455-1","37.753466","138.951652"
"潟東体地域コミュニティセンター","新潟県新潟市西蒲区三方2","37.767087","138.965043"
"潟東小学校","新潟県新潟市西蒲区三方250","37.772248","138.961741"
"潟東中学校","新潟県新潟市西蒲区三方250","37.772385","138.96149"
"漆山体育館","新潟県新潟市西蒲区漆山3299-3","37.748711","138.926715"
"漆山東保育園","新潟県新潟市西蒲区漆山3320","37.748868","138.927108"
"升岡農村公園","新潟県新潟市西蒲区升岡新田143","37.812566","138.956408"
"升潟小学校","新潟県新潟市西蒲区升潟2179","37.810238","138.941293"
"中之口東小学校","新潟県新潟市西蒲区小吉1100","37.707798","138.978517"
"西川ふれあい公園","新潟県新潟市西蒲区松崎73","37.78785","138.912875"
"上堰潟公園","新潟県新潟市西蒲区松野尾1","37.7908","138.866895"
"松野尾小学校","新潟県新潟市西蒲区松野尾690","37.79611","138.878204"
"潟浦新児童遊園","新潟県新潟市西蒲区上小吉1481","37.692351","138.975459"
"針ヶ曽根児童遊園","新潟県新潟市西蒲区針ケ曽根401","37.718","138.983839"
"巻西中学校","新潟県新潟市西蒲区仁箇42-1","37.775132","138.87888"
"岩室中学校","新潟県新潟市西蒲区西中1421","37.728836","138.860316"
"岩室体育館","新潟県新潟市西蒲区西中860","37.726765","138.867343"
"岩室野球場","新潟県新潟市西蒲区西中889-1","37.726659","138.868218"
"岩室小学校","新潟県新潟市西蒲区西長島510","37.729546","138.851003"
"西川体育センター","新潟県新潟市西蒲区川崎1-1","37.788647","138.913445"
"いこいの家西川荘","新潟県新潟市西蒲区川崎308-4","37.788657","138.91127"
"西川総合体育館","新潟県新潟市西蒲区善光寺369-1","37.803649","138.921975"
"西川中学校","新潟県新潟市西蒲区曽根1828-3","37.794513","138.926644"
"西川学習館","新潟県新潟市西蒲区曽根1951","37.794584","138.922602"
"西川筋広場","新潟県新潟市西蒲区曽根7-1","37.792735","138.915385"
"曽根小学校","新潟県新潟市西蒲区曽根750","37.795801","138.918917"
"中之口西小学校","新潟県新潟市西蒲区打越甲244","37.730824","138.95281"
"打越児童遊園","新潟県新潟市西蒲区打越丙427-1","37.735007","138.948943"
"升潟児童遊園","新潟県新潟市西蒲区大潟384-1","37.809765","138.942114"
"巻北小学校","新潟県新潟市西蒲区竹野町163","37.764685","138.877486"
"中之口体育館前駐車場","新潟県新潟市西蒲区中之口298","37.712407","138.967979"
"中之口地区公民館","新潟県新潟市西蒲区中之口310","37.712258","138.968566"
"中之口出張所駐車場","新潟県新潟市西蒲区中之口626","37.717624","138.968853"
"中之口中学校","新潟県新潟市西蒲区中之口660","37.718364","138.967814"
"鎧郷小学校","新潟県新潟市西蒲区天竺堂412-4","37.786666","138.90161"
"道上児童遊園","新潟県新潟市西蒲区道上414","37.738858","138.959754"
"漆山小学校","新潟県新潟市西蒲区馬堀4515","37.742778","138.920156"
"漆山公民館","新潟県新潟市西蒲区馬堀6001-56","37.748074","138.918991"
"漆山西保育園","新潟県新潟市西蒲区並岡10-2","37.734931","138.914772"
"入徳館野外研修場","新潟県新潟市西蒲区峰岡444-2","37.756622","138.845141"
"城山運動公園","新潟県新潟市西蒲区峰岡580","37.763978","138.853094"
"城山運動公園（管理棟・屋内コート）","新潟県新潟市西蒲区峰岡580","37.764296","138.854489"
"巻南小学校","新潟県新潟市西蒲区堀山新田1301","37.755897","138.876283"
"西蒲高等特別支援学校","新潟県新潟市西蒲区堀山新田51-1","37.758476","138.881925"
"六分児童遊園","新潟県新潟市西蒲区六分813-1","37.710901","138.984131"
"和納小学校","新潟県新潟市西蒲区和納1212","37.722671","138.885402"
"岩室農村環境改善センター","新潟県新潟市西蒲区和納2-21-1","37.72766","138.876616"
"わなみ農村公園","新潟県新潟市西蒲区和納4185","37.727321","138.8752"
"峰岡公民館","新潟県新潟市西蒲区鷲ノ木1633-9","37.75708","138.864743"
"ときめきけやき公園","新潟県新潟市西区ときめき東1-3-2","37.874868","139.012085"
"新潟国際情報大学（体育館）","新潟県新潟市西区みずき野3-1-1","37.817586","138.902258"
"みずき野中央公園","新潟県新潟市西区みずき野4-14-1","37.818524","138.904215"
"かただ公園","新潟県新潟市西区みずき野6-6-25","37.817759","138.898161"
"笠木小学校","新潟県新潟市西区笠木1695","37.842039","138.946722"
"青山海浜公園","新潟県新潟市西区関屋1829-1","37.907698","139.001101"
"新潟翠江高等学校","新潟県新潟市西区金巻1657","37.838971","138.997909"
"新潟大学（体育館）","新潟県新潟市西区五十嵐２の町8050","37.868213","138.940353"
"黒鳥公園","新潟県新潟市西区黒鳥5920","37.851437","138.976531"
"坂井輪小学校","新潟県新潟市西区坂井東1-2-1","37.880406","138.986834"
"坂井東小学校","新潟県新潟市西区坂井東5-17-1","37.867644","138.971394"
"新通小学校","新潟県新潟市西区坂井東6-18-1","37.870462","138.964419"
"山田小学校","新潟県新潟市西区山田2781-2","37.869037","139.012466"
"山田公園","新潟県新潟市西区山田3358","37.871414","139.014774"
"坂井輪中学校","新潟県新潟市西区寺尾上3-1-36","37.874659","138.970072"
"五十嵐小学校","新潟県新潟市西区寺尾西4-23-1","37.879","138.961022"
"寺尾あけぼの公園","新潟県新潟市西区寺尾前通2-9","37.88029","138.981624"
"寺尾中央公園","新潟県新潟市西区寺尾中央公園1-1","37.883212","138.971914"
"小新防災公園１号","新潟県新潟市西区小新5-8-47","37.87937","139.002231"
"新潟工業高等学校","新潟県新潟市西区小新西1-5-1","37.876371","138.995245"
"小新中学校","新潟県新潟市西区小新西3-18-1","37.872626","138.993389"
"小針中学校","新潟県新潟市西区小針1-37-1","37.887813","139.002304"
"小針小学校","新潟県新潟市西区小針2-36-1","37.888865","138.995998"
"坂井輪コミュニティセンター","新潟県新潟市西区小針西1-12-12","37.886691","138.985441"
"小瀬小学校","新潟県新潟市西区小瀬637","37.823094","138.92929"
"五十嵐コミュニティハウス","新潟県新潟市西区上新栄町4-5-68","37.881033","138.967515"
"五十嵐中学校","新潟県新潟市西区上新栄町5-3-1","37.885295","138.965157"
"中浜公園","新潟県新潟市西区新中浜1-10-1","37.847002","138.913761"
"小丸山公園","新潟県新潟市西区新中浜5-5","37.844179","138.907681"
"日本文理高等学校","新潟県新潟市西区新通1072","37.858735","138.949585"
"真砂小学校","新潟県新潟市西区真砂3-24-1","37.891805","138.980824"
"青山小学校","新潟県新潟市西区西有明町4-1","37.897433","138.98952"
"東青山小学校","新潟県新潟市西区青山261-1","37.895561","139.008124"
"青山コミュニティ　ハウス","新潟県新潟市西区青山6-16-20","37.900625","138.997432"
"新町公園","新潟県新潟市西区青山新町14","37.89555","138.998777"
"青山水道遊園","新潟県新潟市西区青山水道1-1","37.891342","138.996643"
"赤塚小学校","新潟県新潟市西区赤塚4478","37.814926","138.883203"
"佐潟公園","新潟県新潟市西区赤塚5404-14","37.811297","138.867674"
"赤塚中学校","新潟県新潟市西区赤塚5590","37.820509","138.877946"
"大学南第一公園","新潟県新潟市西区大学南2-27-1","37.862329","138.939638"
"新通つばさ小学校","新潟県新潟市西区大野137","37.863393","138.953202"
"黒埼中学校","新潟県新潟市西区大野町2540-1","37.846788","139.013049"
"大野小学校","新潟県新潟市西区大野町３１４０－乙","37.845051","139.018717"
"木山小学校","新潟県新潟市西区谷内1886","37.833575","138.89202"
"中野小屋中学校","新潟県新潟市西区中野小屋932","37.825519","138.933874"
"黒埼市民会館","新潟県新潟市西区鳥原909-1","37.856415","139.010816"
"的場史跡公園","新潟県新潟市西区的場流通1-2-1","37.86189","138.994885"
"内野小学校","新潟県新潟市西区内野山手2-18-36","37.859013","138.935287"
"西コミュニティ　センター","新潟県新潟市西区内野上新町11810","37.849963","138.91272"
"西内野小学校","新潟県新潟市西区内野上新町308-1","37.850192","138.911879"
"内野中学校","新潟県新潟市西区内野西1-10-1","37.855679","138.931171"
"新潟西高等学校","新潟県新潟市西区内野西が丘3-24-1","37.847336","138.920373"
"平島公園","新潟県新潟市西区平島1-21","37.888794","139.004426"
"平島記念公園","新潟県新潟市西区平島3-2","37.894895","139.008123"
"宮のもり・木場城公園","新潟県新潟市西区木場126-6","37.834982","138.998836"
"黒埼南小学校","新潟県新潟市西区木場911-1","37.829889","138.989404"
"立仏小学校","新潟県新潟市西区立仏950","37.872872","139.002876"
"流通公園","新潟県新潟市西区流通センター5-1","37.863195","138.991149"
"愛宕公園","新潟県新潟市中央区愛宕1-5","37.88665","139.027234"
"上山公園","新潟県新潟市中央区愛宕3-5","37.889627","139.027445"
"白山公園","新潟県新潟市中央区一番堀通町1-2","37.915141","139.039578"
"北部総合コミュニティセンター","新潟県新潟市中央区稲荷町3511-1","37.933095","139.054902"
"桜が丘小学校","新潟県新潟市中央区姥ケ山6-1-21","37.892534","139.079728"
"水戸教公園","新潟県新潟市中央区雲雀町18","37.940508","139.05655"
"寄居中学校","新潟県新潟市中央区営所通２番町592-12","37.923047","139.037626"
"新潟柳都中学校","新潟県新潟市中央区栄町3-4213","37.93609","139.050036"
"日和山小学校","新潟県新潟市中央区栄町3-5930-2","37.935323","139.048763"
"新潟中央高等学校","新潟県新潟市中央区学校町通２番町5317-1","37.918107","139.030897"
"関分記念公園","新潟県新潟市中央区関屋2-44","37.914722","139.014809"
"関屋小学校","新潟県新潟市中央区関屋下川原2-664","37.916096","139.025421"
"下川原公園","新潟県新潟市中央区関屋下川原町1-3-3","37.917094","139.023948"
"新潟高等学校","新潟県新潟市中央区関屋下川原町2-635","37.914982","139.023421"
"金鉢山公園","新潟県新潟市中央区関屋金鉢山町90-1","37.908606","139.018368"
"関屋地区公民館","新潟県新潟市中央区関屋昭和町3-148-1","37.909034","139.018913"
"桜が丘公園","新潟県新潟市中央区京王2-15-7","37.894416","139.07944"
"沼垂小学校","新潟県新潟市中央区鏡が岡5-5","37.915995","139.074508"
"上所小学校","新潟県新潟市中央区近江3-2-1","37.902764","139.044185"
"二葉コミュニティハウス","新潟県新潟市中央区古町通１３番町5148-2","37.931718","139.044192"
"南万代小学校","新潟県新潟市中央区幸西4-1-1","37.913453","139.050423"
"高志中等教育学校","新潟県新潟市中央区高志1-15-1","37.897132","139.074033"
"太陽公園","新潟県新潟市中央区笹口1-16","37.911829","139.066202"
"笹口小学校","新潟県新潟市中央区笹口2-47","37.912103","139.06862"
"笹口公園","新潟県新潟市中央区笹口3-6-1","37.913607","139.069317"
"山潟中学校","新潟県新潟市中央区山二ツ1-1","37.888722","139.085384"
"紫竹山小学校","新潟県新潟市中央区紫竹山1-12-1","37.898629","139.059675"
"鳥屋野中学校","新潟県新潟市中央区女池4-31-1","37.896838","139.039263"
"女池小学校","新潟県新潟市中央区女池6-4-1","37.892497","139.043716"
"上山小学校","新潟県新潟市中央区女池上山1-1-28","37.89561","139.03125"
"上山中学校","新潟県新潟市中央区女池上山5-1-13","37.895203","139.028762"
"新潟江南高等学校","新潟県新潟市中央区女池南3-6-1","37.887703","139.042828"
"鳥屋野交通公園","新潟県新潟市中央区女池南3-6-3","37.888406","139.044276"
"鳥屋野運動公園","新潟県新潟市中央区女池南3-6-4","37.889899","139.046545"
"明鏡高等学校","新潟県新潟市中央区沼垂東6-11-1","37.927222","139.06881"
"万代高等学校","新潟県新潟市中央区沼垂東6-8-1","37.926084","139.069126"
"鳥屋野潟公園","新潟県新潟市中央区鐘木","37.878772","139.040998"
"新潟南高等学校","新潟県新潟市中央区上所1-3-1","37.908714","139.043832"
"上所島公園","新潟県新潟市中央区上所2-2-32","37.907334","139.038392"
"信濃公園","新潟県新潟市中央区信濃町19-1","37.909883","139.012662"
"食育・花育センター","新潟県新潟市中央区清五郎401","37.879894","139.050421"
"新潟スタジアム","新潟県新潟市中央区清五郎68-1","37.882468","139.05913"
"西海岸公園","新潟県新潟市中央区西船見町5932-626","37.931875","139.041083"
"教育相談センター","新潟県新潟市中央区西大畑町458-1","37.926571","139.042469"
"西大畑公園","新潟県新潟市中央区西大畑町5191","37.927462","139.041209"
"白新中学校","新潟県新潟市中央区川岸町2-4","37.910818","139.032885"
"白山小学校","新潟県新潟市中央区川端町1-1","37.914384","139.042437"
"クロスパルにいがた","新潟県新潟市中央区礎町通３ノ町2086","37.922353","139.050543"
"山潟会館","新潟県新潟市中央区長潟827","37.884941","139.069354"
"新潟小学校","新潟県新潟市中央区東大畑通１番町679","37.923929","139.040005"
"万代長嶺小学校","新潟県新潟市中央区東万代町4-1","37.917479","139.065041"
"万代市民会館","新潟県新潟市中央区東万代町9-1","37.916657","139.062059"
"万代公園","新潟県新潟市中央区東万代町9-3","37.916838","139.062407"
"旧二葉中グラウンド","新潟県新潟市中央区二葉町2-5932","37.929501","139.037619"
"ゆいぽーと","新潟県新潟市中央区二葉町2-5932-7","37.929221","139.038365"
"日の出公園","新潟県新潟市中央区日の出1-7-1","37.918888","139.073736"
"鏡淵小学校","新潟県新潟市中央区白山浦1-207-3","37.915402","139.032014"
"白新コミュニティハウス","新潟県新潟市中央区白山浦2-180-3","37.914629","139.029685"
"新潟商業高等学校","新潟県新潟市中央区白山浦2-68-2","37.91532","139.028064"
"総合福祉会館","新潟県新潟市中央区八千代1-3-1","37.913295","139.053416"
"鳥屋野小学校","新潟県新潟市中央区美咲町2-4-7","37.883196","139.018515"
"浜浦小学校","新潟県新潟市中央区浜浦町1-1","37.912199","139.01342"
"関屋中学校","新潟県新潟市中央区浜浦町2-1","37.910231","139.009275"
"駅南コミュニティセンター","新潟県新潟市中央区米山4-12-20","37.904723","139.060322"
"北越高等学校（体育館）","新潟県新潟市中央区米山5-12-1","37.904697","139.055626"
"山潟小学校","新潟県新潟市中央区弁天橋通3-3-1","37.889326","139.071653"
"旧豊照小学校体育館","新潟県新潟市中央区豊照町2518-1","37.926942","139.053309"
"白山コミュニティハウス","新潟県新潟市中央区本町通１番町168-2","37.915114","139.042164"
"宮浦中学校","新潟県新潟市中央区万代5-6-1","37.92022","139.060464"
"東公園","新潟県新潟市中央区明石1-4-1","37.915681","139.066705"
"上山コミュニティハウス","新潟県新潟市中央区網川原2-1-15","37.894366","139.023009"
"有明台小学校","新潟県新潟市中央区有明台4-1","37.901968","139.011327"
"はなみずきコミュニティハウス","新潟県新潟市東区はなみずき1-15-12","37.915373","139.100796"
"萌木野公園","新潟県新潟市東区もえぎ野2-14-30","37.893287","139.103545"
"東中野山小学校","新潟県新潟市東区猿ケ馬場9","37.904647","139.119471"
"牡丹山小学校","新潟県新潟市東区牡丹山6-15-1","37.91895","139.098641"
"下山中学校","新潟県新潟市東区下山1-120","37.944597","139.119428"
"下山コミュニティハウス","新潟県新潟市東区下山1-121","37.944089","139.120617"
"東区役所","新潟県新潟市東区下木戸1-4-1","37.924831","139.092613"
"河渡公園","新潟県新潟市東区河渡本町20-1","37.935398","139.105395"
"大形中学校","新潟県新潟市東区海老ケ瀬122-1","37.932215","139.127113"
"かれすわ公園","新潟県新潟市東区海老ケ瀬78-9","37.934254","139.128072"
"牛海道中央公園","新潟県新潟市東区空港西1-14-1","37.948881","139.094439"
"新潟朝鮮初中級学校","新潟県新潟市東区空港西2-14-1","37.948932","139.09787"
"山の下まちづくりセンター","新潟県新潟市東区古川町4-12","37.936845","139.073121"
"赤トンボ公園","新潟県新潟市東区幸栄1-9-30","37.943707","139.101944"
"江南小学校","新潟県新潟市東区江南5-1-1","37.904351","139.082529"
"山の下小学校","新潟県新潟市東区山の下町8-55","37.940196","139.073444"
"東新潟中学校","新潟県新潟市東区山木戸1-2-1","37.919365","139.078416"
"寺山公園","新潟県新潟市東区寺山1653","37.915484","139.106435"
"東石山中学校","新潟県新潟市東区若葉町2-16-1","37.900883","139.115204"
"秋葉自然公園","新潟県新潟市東区秋葉1-5-5","37.940866","139.083196"
"山の下中学校","新潟県新潟市東区秋葉通2-3722-7","37.942012","139.082873"
"新潟東高等学校","新潟県新潟市東区小金町2-6-1","37.93809","139.099249"
"藤見中学校","新潟県新潟市東区小金町3-5-1","37.938353","139.092623"
"じゅんさい池公園","新潟県新潟市東区松園2-2-1","37.94193","139.103313"
"小金公園","新潟県新潟市東区松和町1-1","37.939417","139.096353"
"中地区コミュニティセンター","新潟県新潟市東区松和町15-8","37.940065","139.097988"
"木戸中学校","新潟県新潟市東区上木戸5-1-1","37.919987","139.10244"
"新松崎第２公園","新潟県新潟市東区新松崎3-6-8","37.928845","139.118489"
"石山中央公園","新潟県新潟市東区新石山2-5","37.902365","139.098287"
"石山居村公園","新潟県新潟市東区新石山4-9-1","37.900941","139.094175"
"園芸センター記念公園","新潟県新潟市東区石山2-2-37","37.896728","139.094113"
"シルバーピア石山","新潟県新潟市東区石山団地10-13","37.905098","139.110365"
"協和公園","新潟県新潟市東区石山団地9-16","37.905326","139.108908"
"山の下海浜公園","新潟県新潟市東区船江町1-52-1","37.954052","139.094296"
"宮浦公園","新潟県新潟市東区太平1-1-3","37.947451","139.119661"
"大空公園","新潟県新潟市東区太平2-11","37.945617","139.115253"
"下山小学校","新潟県新潟市東区太平2-18","37.943435","139.116475"
"太平公園","新潟県新潟市東区太平3-24","37.943814","139.111323"
"大形小学校","新潟県新潟市東区大形本町2-6-1","37.924522","139.120041"
"大山台公園","新潟県新潟市東区大山2-13-2","37.93582","139.078239"
"竹尾小学校","新潟県新潟市東区竹尾2-18-1","37.911021","139.089447"
"木戸小学校","新潟県新潟市東区中山4-1-1","37.915872","139.086541"
"木戸コミュニティセンター","新潟県新潟市東区中山4-2-6","37.915271","139.08749"
"中野山小学校","新潟県新潟市東区中野山1-1-1","37.902901","139.101207"
"中野山家浦公園","新潟県新潟市東区中野山1-2-2","37.903904","139.101121"
"南中野山小学校","新潟県新潟市東区中野山863-1","37.896066","139.106048"
"津島屋公園","新潟県新潟市東区津島屋6-5-1","37.942897","139.124084"
"石山第一公園","新潟県新潟市東区東中島1-2-18","37.905325","139.110851"
"東山公園","新潟県新潟市東区東明1-4","37.899978","139.081625"
"石山中学校","新潟県新潟市東区東明6-2","37.898566","139.089106"
"桃山小学校","新潟県新潟市東区桃山町2-204","37.944463","139.078227"
"東山の下小学校","新潟県新潟市東区藤見町1-23-57","37.934258","139.091146"
"藤見中央公園","新潟県新潟市東区藤見町2-29-1","37.932927","139.094041"
"松崎公園","新潟県新潟市東区白銀2-7-1","37.937293","139.11373"
"新潟北高等学校","新潟県新潟市東区本所847-1","37.918656","139.13158"
"河渡中央公園","新潟県新潟市東区有楽3-3-1","37.939468","139.111479"
"青葉公園","新潟県新潟市東区臨港1-8-10","37.941715","139.072446"
"茨曽根小学校","新潟県新潟市南区茨曽根1432-1","37.717562","139.000169"
"茨曽根公園","新潟県新潟市南区茨曽根32-3432","37.718102","138.996838"
"茨曽根地域生活センター","新潟県新潟市南区茨曽根3443","37.717931","138.997557"
"白南中学校","新潟県新潟市南区茨曽根7619","37.712575","139.017051"
"臼井地域生活センター","新潟県新潟市南区臼井1193-1","37.783765","139.057064"
"臼井中学校","新潟県新潟市南区臼井1425","37.786183","139.055162"
"臼井小学校","新潟県新潟市南区臼井4483","37.776639","139.057595"
"小林小学校","新潟県新潟市南区浦梨215-1","37.754693","139.030765"
"白根排水機場跡地公園","新潟県新潟市南区下塩俵933","37.842771","139.022443"
"下八枚公園","新潟県新潟市南区下八枚590","37.761841","139.060569"
"小林地域生活センター","新潟県新潟市南区下木山613","37.74771","139.032785"
"七穂公民館","新潟県新潟市南区吉江238-1","37.800567","139.008424"
"味方小学校","新潟県新潟市南区吉江370","37.789748","139.011727"
"吉江児童遊園地","新潟県新潟市南区吉江656-1","37.793097","139.009466"
"居宿農村公園","新潟県新潟市南区居宿7","37.810248","139.002076"
"月潟小学校","新潟県新潟市南区月潟1410","37.731645","138.998207"
"南区月潟健康センター","新潟県新潟市南区月潟1417","37.730986","138.998431"
"月潟農村公園","新潟県新潟市南区月潟223","37.722063","138.993139"
"月潟地区公民館","新潟県新潟市南区月潟535","37.728002","138.991344"
"月潟出張所駐車場","新潟県新潟市南区月潟535","37.728609","138.99173"
"月潟中学校","新潟県新潟市南区月潟740","37.733541","138.994776"
"老人福祉センターいこいの家月寿荘","新潟県新潟市南区月潟770","37.732265","138.994826"
"大郷地域生活センター","新潟県新潟市南区犬帰新田751-6","37.816823","139.059264"
"ワークセンターしらはす","新潟県新潟市南区戸石45-2","37.761946","139.060249"
"根岸公園","新潟県新潟市南区高井東1-392-1","37.795603","139.015647"
"七穂農村公園","新潟県新潟市南区山王新田1-1","37.800377","139.007996"
"根岸小学校","新潟県新潟市南区山崎興野2288","37.80918","139.005181"
"根岸地域生活センター","新潟県新潟市南区山崎興野290","37.805111","139.008712"
"古川保育園","新潟県新潟市南区七軒383","37.769576","139.024937"
"庄瀬地域生活センター","新潟県新潟市南区庄瀬6489","37.718866","139.040966"
"白根高等学校","新潟県新潟市南区上下諏訪木1214","37.764917","139.028332"
"白根総合公園","新潟県新潟市南区上下諏訪木1775-1","37.758323","139.024102"
"白根カルチャーセンター","新潟県新潟市南区上下諏訪木1811","37.757574","139.024946"
"水道公園","新潟県新潟市南区上下諏訪木35-1","37.755984","139.009551"
"曲通児童遊園","新潟県新潟市南区上曲通61-1","37.747333","139.004639"
"新飯田公園","新潟県新潟市南区新飯田1004-3","37.68495","138.981559"
"新飯田地域生活センター","新潟県新潟市南区新飯田1261-1","37.692012","138.980816"
"新飯田小学校","新潟県新潟市南区新飯田1791","37.687473","138.981955"
"月潟農村環境改善　センター","新潟県新潟市南区西萱場1069","37.733728","138.995363"
"月潟野球場","新潟県新潟市南区西萱場1115","37.733641","138.996508"
"西萱場農村公園","新潟県新潟市南区西萱場95-5","37.731095","139.000003"
"五軒茶屋児童遊園地","新潟県新潟市南区西白根1009-57","37.755771","139.007276"
"西白根公民館","新潟県新潟市南区西白根1563-1","37.765576","139.010586"
"白根第１農村公園","新潟県新潟市南区西白根1563-1","37.765347","139.0102"
"千日児童遊園地","新潟県新潟市南区西白根21-8","37.753331","139.006116"
"味方地区千日運動施設","新潟県新潟市南区西白根262","37.755988","139.005822"
"白根第２農村公園","新潟県新潟市南区西白根262","37.755944","139.0054"
"味方体育館・　味方地区公民館","新潟県新潟市南区西白根2676","37.7732","139.006416"
"臼井保育園","新潟県新潟市南区赤渋4540","37.78543","139.050102"
"大倉児童公園","新潟県新潟市南区大倉535-1","37.806314","139.004251"
"大通公園","新潟県新潟市南区大通1-850-3","37.841044","139.018538"
"大通はあと公園","新潟県新潟市南区大通2-2-7","37.839851","139.019992"
"大通さつき公園","新潟県新潟市南区大通黄金1-3-1","37.826287","139.020273"
"大通ふれあい公園","新潟県新潟市南区大通黄金2-7-11","37.823704","139.022666"
"大通南２号公園","新潟県新潟市南区大通南1-119","37.829063","139.020693"
"大通南１号公園","新潟県新潟市南区大通南2-169","37.82831","139.023821"
"大通南３号公園","新潟県新潟市南区大通南3-5","37.831342","139.019716"
"大通地域生活センター","新潟県新潟市南区大通南4-105","37.831002","139.022272"
"大通小学校","新潟県新潟市南区大通南5-5426","37.833493","139.021103"
"月潟商工会脇駐車場","新潟県新潟市南区大別當2668","37.726259","138.992844"
"大別当児童遊園","新潟県新潟市南区大別當659-2","37.716785","138.993713"
"白根学習館","新潟県新潟市南区田中383","37.75784","139.021436"
"大鷲小学校","新潟県新潟市南区東笠巻1202","37.815892","139.053145"
"大鷲公園","新潟県新潟市南区東笠巻1277","37.816923","139.049906"
"鷲巻地域生活センター","新潟県新潟市南区東笠巻新田278-1","37.81685","139.047669"
"西部児童遊園","新潟県新潟市南区東長嶋89-3","37.73694","138.979035"
"白根地域生活センター","新潟県新潟市南区白根1136-1","37.76576","139.019932"
"白根公園","新潟県新潟市南区白根1145-1","37.765305","139.01916"
"白根児童センター","新潟県新潟市南区白根1372","37.765591","139.016053"
"白根小学校","新潟県新潟市南区白根1407","37.764587","139.015907"
"白根保育園","新潟県新潟市南区白根2444","37.76391","139.015119"
"白根第一中学校","新潟県新潟市南区白根407","37.759874","139.028126"
"諏訪木保育園","新潟県新潟市南区白根水道町10-35","37.754507","139.013043"
"諏訪木公園","新潟県新潟市南区白根水道町1181-5","37.754023","139.013181"
"庄瀬公園","新潟県新潟市南区菱潟新田1","37.720589","139.041932"
"庄瀬小学校","新潟県新潟市南区菱潟新田193","37.721203","139.042302"
"味方中学校","新潟県新潟市南区味方1199","37.788106","139.0122"
"味方出張所駐車場","新潟県新潟市南区味方1544","37.77834","139.003889"
"味方出張所","新潟県新潟市南区味方1544","37.778164","139.003262"
"老人福祉センターいこいの家楽友荘・南区味方健康センター","新潟県新潟市南区味方583-1","37.77842","139.008265"
"味方第１農村公園","新潟県新潟市南区味方624-1","37.777705","139.00753"
"味方児童館駐車場","新潟県新潟市南区味方679","37.778593","139.009198"
"味方公民館","新潟県新潟市南区味方685-1","37.778115","139.010408"
"味方第２農村公園","新潟県新潟市南区味方952-4","37.783516","139.009976"
"木滑農村公園","新潟県新潟市南区木滑2104-1","37.74053","138.982295"
"白根北中学校","新潟県新潟市南区鷲ノ木新田4814","37.816765","139.029425"
"大通保育園","新潟県新潟市南区鷲ノ木新田5681","37.836598","139.020789"
"すみれ野公園","新潟県新潟市北区すみれ野1-12-2","37.920049","139.158865"
"つくし野西公園","新潟県新潟市北区つくし野1-13-1","37.927274","139.153448"
"つくし野東公園","新潟県新潟市北区つくし野2-18","37.929289","139.15723"
"長浦農村公園","新潟県新潟市北区浦木字長場村下1963-1","37.888331","139.21064"
"木崎保育園","新潟県新潟市北区横井279","37.938083","139.21857"
"かやま保育園","新潟県新潟市北区嘉山1-2-41","37.912442","139.218656"
"川岸公園","新潟県新潟市北区嘉山2-1646","37.911432","139.21954"
"中嘉山公園","新潟県新潟市北区嘉山4-6-1","37.907509","139.222554"
"豊栄総合体育館","新潟県新潟市北区嘉山488-3","37.905665","139.22426"
"豊栄南運動公園","新潟県新潟市北区嘉山字嘉山493","37.906652","139.224888"
"葛塚コミュニティセンター","新潟県新潟市北区葛塚3197","37.916531","139.218791"
"下大口公園","新潟県新潟市北区葛塚字下大口4539","37.924387","139.217798"
"彩野公園","新潟県新潟市北区彩野1-6-1","37.921166","139.187029"
"笹山公民館","新潟県新潟市北区笹山2058","37.952511","139.204478"
"越岡保育園","新潟県新潟市北区十二321","37.87729","139.185778"
"山の上公園","新潟県新潟市北区松浜1-17","37.951422","139.145363"
"松浜小学校","新潟県新潟市北区松浜3-19-1","37.952949","139.140049"
"あかしあ公園","新潟県新潟市北区松浜3-19-8","37.95308","139.141216"
"ちとせ公園","新潟県新潟市北区松浜5-12-1","37.95737","139.142947"
"松浜中学校","新潟県新潟市北区松浜5-12-2","37.956475","139.143839"
"みなと公園","新潟県新潟市北区松浜7-9-1","37.95721","139.137139"
"光晴中学校","新潟県新潟市北区上土地亀4981","37.904423","139.218781"
"豊栄高等学校","新潟県新潟市北区上土地亀大曲761","37.91155","139.208329"
"濁川中学校","新潟県新潟市北区新崎5437","37.930513","139.165723"
"若葉保育園","新潟県新潟市北区新鼻279-2","37.902958","139.232493"
"岡方第二小学校","新潟県新潟市北区森下1223","37.904838","139.164913"
"三ツ森保育園","新潟県新潟市北区森下1409","37.905278","139.165921"
"早通南小学校","新潟県新潟市北区須戸1-1-1","37.919061","139.183931"
"県立若草寮","新潟県新潟市北区石動1-1-1","37.923171","139.216365"
"すみれ保育園","新潟県新潟市北区石動1-10-1","37.921843","139.214756"
"すみれ公園","新潟県新潟市北区石動1-10-3","37.921907","139.215209"
"住良公園","新潟県新潟市北区川西3-1834","37.908808","139.214369"
"豊栄武道館","新潟県新潟市北区川西3-5202-3","37.907944","139.216204"
"葛塚小学校","新潟県新潟市北区川西3-9-24","37.907798","139.217162"
"水の公園福島潟","新潟県新潟市北区前新田乙493","37.912618","139.241054"
"早通児童センター","新潟県新潟市北区早通37-1","37.920105","139.176517"
"早通コミュニティセンター","新潟県新潟市北区早通37-1","37.920342","139.176383"
"早通中学校","新潟県新潟市北区早通396","37.922032","139.188292"
"早通南保育園","新潟県新潟市北区早通南1-9-7","37.92051","139.179645"
"仏伝公園","新潟県新潟市北区早通南3-977","37.918018","139.178632"
"まえわり公園","新潟県新潟市北区早通北3-311-75","37.920705","139.184715"
"早通北保育園","新潟県新潟市北区早通北3-7-30","37.921","139.183914"
"豊栄大空公園","新潟県新潟市北区早通北5-1682-1","37.924344","139.185218"
"岡方中学校","新潟県新潟市北区太子堂104","37.887093","139.168036"
"太田保育園","新潟県新潟市北区太田2005","37.932096","139.23564"
"新潟市文書館","新潟県新潟市北区太田862-1","37.931042","139.237525"
"葛塚中学校","新潟県新潟市北区太田乙433","37.922221","139.229596"
"太田農村公園","新潟県新潟市北区太田字下黒山2005","37.93224","139.23608"
"月見公園","新潟県新潟市北区太田字法花鳥屋甲5271","37.924367","139.221981"
"太夫浜小学校","新潟県新潟市北区太夫浜2045-2","37.957154","139.162862"
"陽光南公園","新潟県新潟市北区太夫浜新町1-5-1","37.957827","139.157204"
"太郎代自治会館","新潟県新潟市北区太郎代120","37.982456","139.216919"
"濁川小学校","新潟県新潟市北区濁川284","37.930747","139.159144"
"濁川公園","新潟県新潟市北区濁川686-1","37.937335","139.159654"
"しらかば公園","新潟県新潟市北区朝日町2-14-1","37.919589","139.226116"
"葛塚東小学校","新潟県新潟市北区朝日町4-1-2","37.916794","139.227128"
"岡方コミュニティセンター","新潟県新潟市北区長戸呂4601","37.884149","139.178636"
"岡方第一小学校","新潟県新潟市北区長戸呂985","37.876778","139.185684"
"長浦コミュニティセンター","新潟県新潟市北区長場1834-1","37.885835","139.21342"
"豊栄南小学校","新潟県新潟市北区長場2621","37.878776","139.213693"
"島見公園","新潟県新潟市北区島見町1876-1","37.969304","139.195349"
"南浜小学校","新潟県新潟市北区島見町2078","37.970322","139.196761"
"南浜中学校","新潟県新潟市北区島見町3965","37.964965","139.198643"
"豊栄さわやか老人福祉センター","新潟県新潟市北区東栄町1-1-35","37.914083","139.221281"
"前新田公園","新潟県新潟市北区東栄町2-7-1","37.914549","139.225678"
"石動公園","新潟県新潟市北区白新町1-3994","37.920623","139.217477"
"さくら公園","新潟県新潟市北区白新町4-54-1","37.914836","139.211873"
"美里第一公園","新潟県新潟市北区美里1-5-5","37.907191","139.214494"
"北地区コミュニティセンター","新潟県新潟市北区名目所3-1129","37.950545","139.156527"
"木崎小学校","新潟県新潟市北区木崎2973","37.94095","139.194823"
"木崎コミュニティセンター","新潟県新潟市北区木崎3227","37.945464","139.200165"
"木崎中学校","新潟県新潟市北区木崎3291-1","37.945295","139.201153"
"おやま公園","新潟県新潟市北区木崎837-30","37.934054","139.182489"
"見国山公園","新潟県新潟市北区木崎字見国山2878-5","37.942279","139.190539"
"やまどおり公園","新潟県新潟市北区木崎字樋ノ入山2741-1","37.938157","139.18943"
"豊栄ひまわり公園","新潟県新潟市北区柳原2-7-1","37.92041","139.211573"
"夕やけ公園","新潟県新潟市北区柳原3-10-2","37.916121","139.208649"
"紫雲寺小学校グラウンド","新潟県新発田市稲荷岡2389","38.014494","139.319184"
"加治川地区屋外運動広場","新潟県新発田市押廻1428","37.983995","139.339852"
"豊浦中学校グラウンド","新潟県新発田市乙次50","37.911739","139.306299"
"川東中学校グラウンド","新潟県新発田市下羽津1566-1","37.934287","139.387709"
"川東小学校グラウンド","新潟県新発田市下羽津1938","37.934354","139.386401"
"加治川コミュニティセンターグラウンド","新潟県新発田市下小中山1107","38.016941","139.38067"
"新潟県立新発田竹俣特別支援学校グラウンド","新潟県新発田市下楠川702","37.937645","139.400385"
"月岡カリオンパーク","新潟県新発田市月岡温泉827","37.883428","139.306536"
"東小学校グラウンド","新潟県新発田市五十公野4862","37.927797","139.350552"
"東中学校グラウンド","新潟県新発田市五十公野4981","37.929721","139.351999"
"第一中学校グラウンド","新潟県新発田市御幸町4-5-25","37.941069","139.315915"
"旧荒橋小学校グラウンド","新潟県新発田市荒町1483","37.927087","139.328061"
"七葉小学校グラウンド","新潟県新発田市黒岩66","37.965512","139.371403"
"舟入公園","新潟県新発田市舟入町1-12","37.952697","139.306168"
"猿橋中学校グラウンド","新潟県新発田市住吉町1-7-1","37.952887","139.311371"
"住吉小学校グラウンド","新潟県新発田市住吉町3-6-22","37.94577","139.307766"
"中井保健センター駐車場","新潟県新発田市小舟町2-3-31","37.970013","139.328061"
"七葉中学校グラウンド","新潟県新発田市上館乙84-2","37.970003","139.361613"
"加治川小学校グラウンド","新潟県新発田市上今泉366","37.98952","139.357567"
"青少年宿泊施設（あかたにの家）グラウンド","新潟県新発田市上赤谷2173","37.839959","139.417682"
"あやめ公園","新潟県新発田市新栄町1-1","37.954602","139.302184"
"独立行政法人高齢・障害・求職者雇用支援機構新潟支部北陸職業能力開発大学校付属新潟職業能力開発短期大学校グラウンド","新潟県新発田市新富町1-7-21","37.955176","139.339128"
"米子小学校グラウンド","新潟県新発田市真野原外1773","37.999468","139.300777"
"五ケ字運動広場","新潟県新発田市真野原外2846","38.031554","139.329829"
"紫雲寺中学校グラウンド","新潟県新発田市真野原外3499","38.015562","139.315701"
"新潟県立西新発田高等学校グラウンド","新潟県新発田市西園町3-1-2","37.953404","139.319041"
"新発田公園（西公園）","新潟県新発田市西園町3-14","37.955512","139.319987"
"加治川中学校グラウンド","新潟県新発田市川口330","37.990392","139.363744"
"学校法人新発田中央高等学校グラウンド","新潟県新発田市曽根570","37.954332","139.287006"
"佐々木中学校グラウンド","新潟県新発田市則清102","37.940044","139.287433"
"佐々木小学校グラウンド","新潟県新発田市則清856","37.944372","139.282196"
"南公園","新潟県新発田市大栄町3-4","37.942553","139.322471"
"新潟県立新発田南高等学校グラウンド","新潟県新発田市大栄町3-6-6","37.940995","139.323334"
"御免町小学校グラウンド","新潟県新発田市大栄町4-5-33","37.943249","139.321727"
"新潟県立新発田農業高等学校グラウンド","新潟県新発田市大栄町6-4-23","37.94012","139.326598"
"アイネスしばた","新潟県新発田市大手町4-7-1","37.953654","139.326578"
"新発田城址公園","新潟県新発田市大手町6-3","37.954435","139.323556"
"旧米倉小学校グラウンド","新潟県新発田市大槻4211-260","37.887429","139.391145"
"豊浦小学校グラウンド","新潟県新発田市大伝465-2","37.919538","139.310564"
"外ヶ輪小学校グラウンド","新潟県新発田市中央町5-8-9","37.954305","139.330548"
"外ヶ輪公園","新潟県新発田市中央町5-9","37.955718","139.329492"
"猿橋小学校グラウンド","新潟県新発田市中曽根町3-8-29","37.958995","139.308173"
"二葉小学校グラウンド","新潟県新発田市中田町3-6-1","37.962247","139.336249"
"旧天王小学校グラウンド","新潟県新発田市天王18","37.903072","139.271576"
"東豊小学校グラウンド","新潟県新発田市東新町4-10-8","37.945322","139.346987"
"新潟県立紫雲寺記念公園海水浴場第２駐車場","新潟県新発田市藤塚浜299","38.03828","139.301927"
"葉塚山公園","新潟県新発田市藤塚浜4023","38.036712","139.307511"
"藤塚小学校グラウンド","新潟県新発田市藤塚浜4063-3","38.034441","139.307457"
"大天城公園野球場","新潟県新発田市箱岩2041","37.987392","139.378852"
"新潟県立新発田商業高等学校グラウンド","新潟県新発田市板敷521-1","37.949518","139.351072"
"旧菅谷小学校グラウンド","新潟県新発田市繁山70","37.971093","139.416487"
"米子運動公園","新潟県新発田市米子99","38.000625","139.307232"
"旧松浦小学校グラウンド","新潟県新発田市法正橋39","37.901871","139.336273"
"新潟県立新発田高等学校グラウンド","新潟県新発田市豊町3-7-6","37.938382","139.336819"
"新発田駅前公園","新潟県新発田市本町1-14","37.945275","139.335024"
"新発田中央公園","新潟県新発田市本町4-16","37.951265","139.339844"
"旧本田小学校グラウンド","新潟県新発田市本田12","37.884695","139.289987"
"本丸中学校グラウンド","新潟県新発田市緑町2-7-22","37.959327","139.334308"
"山倉小学校グランド","新潟県聖籠町大字山倉688","37.978256","139.285951"
"ハーモニーこども園園庭","新潟県聖籠町大字次第浜2963","38.010675","139.281044"
"次第浜公民館駐車場","新潟県聖籠町大字次第浜3057","38.014371","139.275959"
"聖海荘庭","新潟県聖籠町大字次第浜3961-2","38.018195","139.277819"
"亀代小学校駐車場","新潟県聖籠町大字次第浜4614","38.010808","139.264456"
"亀代地区公民館駐車場","新潟県聖籠町大字次第浜5431","38.017541","139.275377"
"聖籠町町民会館","新潟県聖籠町大字諏訪山1280","37.977613","139.281277"
"図書館","新潟県聖籠町大字諏訪山1560-3","37.973157","139.273893"
"聖籠町役場","新潟県聖籠町大字諏訪山1635-4","37.974573","139.274296"
"聖籠観音の湯ざぶ～ん駐車場","新潟県聖籠町大字諏訪山652-3","37.970623","139.282584"
"藤寄児童遊園","新潟県聖籠町大字藤寄456-1","37.950968","139.235557"
"藤寄簡易郵便局付近前面道路","新潟県聖籠町大字藤寄３２１－１前","37.954314","139.239117"
"町営東山団地","新潟県聖籠町大字二本松1997","37.96011","139.271591"
"あかね公園","新潟県聖籠町大字網代浜1472-1","38.00551","139.262369"
"亀代多目的運動場","新潟県聖籠町大字網代浜1472-2","38.005692","139.259613"
"網代浜会館","新潟県聖籠町大字網代浜1898","38.002448","139.255102"
"茨島児童遊園","新潟県聖籠町大字網代浜883-1","37.99797","139.261801"
"せいろう幼稚園","新潟県聖籠町大字蓮潟2890-2","37.983402","139.269882"
"聖籠中学校グランド","新潟県聖籠町大字蓮潟366-1","37.984328","139.276916"
"聖籠町上水道管理棟","新潟県聖籠町大字蓮野1367-3","37.966224","139.268586"
"蓮野小学校グランド","新潟県聖籠町大字蓮野1687","37.962954","139.265358"
"聖籠はじめこども園園庭","新潟県聖籠町大字蓮野1930-1","37.964191","139.265166"
"プラント４聖籠店","新潟県聖籠町大字蓮野708","37.969736","139.255751"
"杉谷内国道７号管理用道路","新潟県聖籠町大字蓮野882-1","37.96648","139.250756"
"新潟東港港湾労働者福祉センター","新潟県聖籠町東港4-2826-2","37.965772","139.235611"
"新潟聖籠スポーツセンターアルビレッジ","新潟県聖籠町東港5-1923-12","37.986566","139.247856"
"新潟県警察本部交通部運転免許センター","新潟県聖籠町東港7-1-1","37.97871","139.253184"
"大里神社","新潟県村上市芦谷","38.460068","139.499011"
"国道７号駐車場","新潟県村上市伊呉野","38.552247","139.550496"
"荒川地区公民館","新潟県村上市羽ヶ榎104-25","38.125629","139.444398"
"泉竜寺","新潟県村上市鵜泊","38.481391","139.509686"
"貴船神社","新潟県村上市鵜泊","38.481256","139.51004"
"道の駅朝日まほろば","新潟県村上市猿沢","38.282286","139.522492"
"朝日みどりの里体験交流センター","新潟県村上市猿沢1229","38.281764","139.52378"
"朝日まほろばふれあいセンター","新潟県村上市猿沢1240","38.281662","139.523393"
"朝日みどりの里休養施設","新潟県村上市猿沢1293","38.282307","139.523962"
"朝日きれい館","新潟県村上市猿沢2601","38.283111","139.524048"
"朝日さくら小学校","新潟県村上市猿沢２７９１－甲","38.278469","139.517081"
"砂山小学校","新潟県村上市塩谷1325-135","38.15624","139.42383"
"旧塩野町小学校","新潟県村上市塩野町78","38.332826","139.55401"
"旧山辺里小学校山田分校","新潟県村上市下山田558-2","38.228755","139.537662"
"保内小学校","新潟県村上市下鍛冶屋264-2","38.114172","139.45438"
"村上中等教育学校体育館","新潟県村上市学校町6-8","38.227098","139.457249"
"大伝寺","新潟県村上市寒川","38.448857","139.497763"
"寒川ふれあいセンター","新潟県村上市寒川147","38.449197","139.493083"
"仲雲寺","新潟県村上市間島960","38.276857","139.451167"
"レストラン美咲","新潟県村上市岩ヶ崎330","38.244653","139.446225"
"諏訪神社","新潟県村上市岩崎","38.521072","139.538676"
"神林農村環境改善センター","新潟県村上市岩船駅前63","38.182047","139.457476"
"岩船小学校","新潟県村上市岩船上町2-10","38.191618","139.437875"
"秋葉神社","新潟県村上市岩船中新町","38.190418","139.436632"
"朝日保健センター","新潟県村上市岩沢160-1","38.265571","139.537077"
"朝日中学校","新潟県村上市岩沢5577","38.269879","139.540196"
"村上市総合文化会館","新潟県村上市岩沢5668","38.267895","139.538362"
"朝日総合体育館","新潟県村上市岩沢5681","38.26746","139.538262"
"縄文の里・朝日","新潟県村上市岩崩612-118","38.239581","139.62612"
"雲沖寺","新潟県村上市吉浦","38.309405","139.453411"
"雷神社","新潟県村上市吉浦","38.308496","139.454001"
"旧平林中学校","新潟県村上市牛屋1063","38.152228","139.439328"
"金屋小学校","新潟県村上市金屋2014-1","38.132526","139.427991"
"日本海東北自動車道路荒川パーキング脇","新潟県村上市金屋字桜林","38.138945","139.423184"
"西神納小学校","新潟県村上市九日市503","38.178476","139.458369"
"道の駅　神林","新潟県村上市九日市809","38.172598","139.461019"
"桑川ふれあいセンター","新潟県村上市桑川152-10","38.370138","139.45953"
"旧茎太小学校","新潟県村上市茎太840","38.247192","139.605115"
"碁石集落センター裏高台避難所","新潟県村上市碁石","38.493572","139.518272"
"碁石海岸研修センター「遊遊」","新潟県村上市碁石","38.495903","139.519805"
"旧高根小学校","新潟県村上市高根1940","38.333766","139.608489"
"高根区民会館","新潟県村上市高根804-1","38.329218","139.607627"
"十二社神社","新潟県村上市今川","38.411383","139.468987"
"今川集落開発センター","新潟県村上市今川123-3","38.410038","139.468012"
"荒川中学校","新潟県村上市坂町2510","38.122584","139.451617"
"荒川総合体育館","新潟県村上市坂町2530","38.123272","139.452019"
"荒川高等学校体育館","新潟県村上市坂町2616-4","38.121659","139.455757"
"笹川集落裏高台","新潟県村上市笹川","38.385816","139.459868"
"長津研修センター","新潟県村上市笹平1795-1","38.228654","139.570284"
"石船神社","新潟県村上市三日市","38.196406","139.432165"
"勤労者総合福祉センター","新潟県村上市三之町1-6","38.223425","139.479387"
"村上体育館","新潟県村上市三之町13-25","38.222715","139.479712"
"村上小学校","新潟県村上市三之町2-41","38.22529","139.480099"
"村上特別支援学校","新潟県村上市山居町2-16-29","38.213204","139.464608"
"山熊田ふれあいセンター","新潟県村上市山熊田259-1","38.455999","139.665791"
"かみはやし農業協同組合駐車場","新潟県村上市山田930-5","38.159225","139.461075"
"村上東中学校","新潟県村上市山辺里1788","38.232662","139.490062"
"交流の館「八幡」","新潟県村上市勝木1099-1","38.489174","139.516254"
"さんぽく小学校","新潟県村上市勝木20-1","38.486435","139.527488"
"福祉センター山北ゆり花会館","新潟県村上市勝木862-1","38.491137","139.521474"
"さわらびセンター","新潟県村上市小須戸304","38.326091","139.55664"
"小川小学校","新潟県村上市小川14","38.246223","139.508384"
"小俣ふれあいセンター","新潟県村上市小俣151-8","38.510412","139.600007"
"新潟リハビリテーション大学　Ｆ棟","新潟県村上市上の山2-16","38.185974","139.439468"
"神納東小学校","新潟県村上市上助渕1900","38.203165","139.472104"
"出戸山","新潟県村上市寝屋","38.486928","139.518557"
"石動神社","新潟県村上市寝屋","38.486233","139.513498"
"老人福祉センターあかまつ荘","新潟県村上市瀬波温泉1-2-8","38.223989","139.444317"
"村上市スケートパーク","新潟県村上市瀬波温泉3-2-22","38.210432","139.435741"
"瀬波コミュニティセンター及体育館","新潟県村上市瀬波上町4-1","38.230983","139.458067"
"瀬波小学校","新潟県村上市瀬波上町4-6","38.231182","139.45769"
"早川寺","新潟県村上市早川2119","38.325742","139.453716"
"旧大栗田小・中学校","新潟県村上市大栗田636-2","38.180455","139.603"
"村上第一中学校","新潟県村上市大欠1-70","38.225781","139.468109"
"大月共同墓地","新潟県村上市大月1893","38.259701","139.448338"
"中継ふれあいセンター","新潟県村上市中継546-1","38.481114","139.601566"
"朝日みどり小学校","新潟県村上市中原2726","38.281391","139.548379"
"旧三面小学校","新潟県村上市中新保56","38.263131","139.56568"
"向山（宮ノ下）","新潟県村上市中浜","38.537116","139.549617"
"門前谷体育館","新潟県村上市鋳物師330","38.205983","139.531952"
"村上高等学校体育館","新潟県村上市田端町7-12","38.219134","139.46676"
"村上南小学校","新潟県村上市南町2-1-11","38.218015","139.472642"
"山辺里小学校","新潟県村上市日下1428","38.220803","139.50841"
"村上農村環境改善センター","新潟県村上市日下993-1","38.221026","139.510216"
"永徳寺","新潟県村上市馬下","38.34776","139.453622"
"八幡神社","新潟県村上市馬下","38.344092","139.453337"
"林道柏尾猿沢線","新潟県村上市柏尾","38.291985","139.453558"
"旧上海府小学校","新潟県村上市柏尾2812","38.297649","139.449365"
"上海府地域コミュニティセンター","新潟県村上市柏尾2812-2","38.299026","139.44996"
"岩船中学校","新潟県村上市八日市9-23","38.185988","139.441815"
"岩船地域コミュニティセンター","新潟県村上市八日市9-8","38.187263","139.440726"
"板貝集落裏高台（菅原神社手前）","新潟県村上市板貝","38.398422","139.462929"
"村上桜ヶ丘高等学校体育館","新潟県村上市飯野桜ケ丘10-25","38.221828","139.470002"
"神明宮","新潟県村上市府屋","38.514071","139.537692"
"山北コミュニティセンター","新潟県村上市府屋176-5","38.51189","139.533958"
"山北総合体育館","新潟県村上市府屋177-1","38.512718","139.533784"
"さんぽく会館","新潟県村上市府屋177-1","38.513054","139.535061"
"常楽寺","新潟県村上市府屋286","38.513967","139.536812"
"山北中学校","新潟県村上市府屋655-3","38.516649","139.541629"
"アンプランニング","新潟県村上市府屋865-2","38.519097","139.542523"
"平林小学校","新潟県村上市平林122","38.138561","139.461782"
"お幕場森林公園駐車場","新潟県村上市北新保681-5","38.162824","139.428981"
"北新保地域農業拠点施設","新潟県村上市北新保２７３－乙","38.168721","139.43654"
"黒川俣ふれあいセンター","新潟県村上市北中861-3","38.436601","139.592959"
"上田山","新潟県村上市堀ノ内","38.515575","139.548573"
"旧さんぽく北小学校","新潟県村上市堀ノ内526","38.515774","139.543449"
"潜龍寺","新潟県村上市野潟","38.269303","139.449309"
"上海府デイサービスセンター","新潟県村上市野潟2662-1","38.264417","139.446448"
"神林中学校","新潟県村上市有明1380","38.179828","139.475278"
"神納小学校","新潟県村上市有明766-1","38.181552","139.480778"
"雷ふれあいセンター","新潟県村上市雷81-1","38.498964","139.673895"
"多岐神社","新潟県村上市脇川","38.436558","139.484487"
"脇川集落センター上高台避難所","新潟県村上市脇川","38.434173","139.483786"
"脇川集落開発センター","新潟県村上市脇川689-1","38.434147","139.483394"
"ぷれすぽ胎内","新潟県胎内市清水9-7","38.071758","139.396805"
"胎内市桃崎荒川神社","新潟県胎内市桃崎浜","38.140947","139.407312"
"胎内市桃崎浜集落開発センター","新潟県胎内市桃崎浜183-1","38.141367","139.406808"
"越路小学校","新潟県長岡市浦270","37.3997","138.797194"
"石津トレーニングセンター","新潟県長岡市浦4068-1","37.377989","138.800338"
"こしじこども園","新潟県長岡市浦4800","37.391987","138.801068"
"浦体育館","新潟県長岡市浦4802-3","37.3923","138.801702"
"山本コミュニティセンター","新潟県長岡市浦瀬町1072-1","37.469043","138.903756"
"山本中学校","新潟県長岡市浦瀬町11230","37.470564","138.913067"
"浦瀬小学校","新潟県長岡市浦瀬町301","37.467915","138.905272"
"山本保育園","新潟県長岡市浦瀬町774","37.466311","138.903597"
"富曽亀小学校","新潟県長岡市永田町555","37.466003","138.874496"
"中之島コミュニティセンター中通分室","新潟県長岡市横山甲715","37.539262","138.855847"
"長岡大手高等学校","新潟県長岡市沖田2-357","37.446491","138.863678"
"上川西コミュニティセンター分室","新潟県長岡市下柳2-5-29","37.472928","138.834459"
"上川西小学校","新潟県長岡市下柳2-8-46","37.473373","138.834515"
"下川西小学校","新潟県長岡市花井町1019","37.507679","138.826963"
"下川西コミュニティセンター","新潟県長岡市花井町1081-1","37.507189","138.828034"
"下川西保育園","新潟県長岡市花井町1081-4","37.506826","138.827993"
"上通小学校","新潟県長岡市灰島新田10-2","37.520059","138.872476"
"柿が丘学園","新潟県長岡市柿町115","37.416878","138.866015"
"山通保育園","新潟県長岡市柿町650-1","37.423296","138.868839"
"柿小学校","新潟県長岡市柿町650-1","37.423824","138.868029"
"山通コミュニティセンター","新潟県長岡市柿町650-4","37.423122","138.868529"
"新大附属長岡小・中学校","新潟県長岡市学校町1-1-1","37.440418","138.86307"
"長岡市市民体育館","新潟県長岡市学校町1-2-1","37.439023","138.86141"
"中央図書館","新潟県長岡市学校町1-2-2","37.440611","138.861153"
"長岡高等学校","新潟県長岡市学校町3-14-1","37.444584","138.859364"
"江陽中学校","新潟県長岡市巻島町180","37.480788","138.832463"
"川崎小学校","新潟県長岡市干場1-1-24","37.451951","138.861743"
"関原小学校","新潟県長岡市関原町2-110","37.455384","138.773584"
"関原中学校","新潟県長岡市関原南3-4920","37.449336","138.772197"
"長岡向陵高等学校","新潟県長岡市喜多町1030-1","37.448851","138.805808"
"西中学校","新潟県長岡市希望が丘1-107","37.443189","138.812317"
"富曽亀保育園","新潟県長岡市亀貝町404-1","37.470844","138.886283"
"旧下塩小学校","新潟県長岡市吉水1720","37.503438","139.019944"
"刈谷田中学校","新潟県長岡市吉水353","37.48316","139.008903"
"宮内中学校","新潟県長岡市宮栄2-3-50","37.421811","138.837057"
"宮内コミュニティセンター分館","新潟県長岡市宮栄3-21-27","37.424961","138.841767"
"宮内小学校","新潟県長岡市宮栄3-22-1","37.42487","138.839513"
"宮本コミュニティセンター","新潟県長岡市宮本町１－甲105-2","37.451273","138.747121"
"宮本小学校","新潟県長岡市宮本町１－甲67-1","37.450122","138.745391"
"宮本保育園","新潟県長岡市宮本町１－甲8","37.45112","138.744915"
"国営越後丘陵公園　正面口駐車場","新潟県長岡市宮本東方町字三ツ又1950-1","37.426322","138.74659"
"長岡農業高等学校","新潟県長岡市曲新町3-13-1","37.420791","138.843063"
"宮内コミュニティセンター","新潟県長岡市曲新町564","37.42015","138.847291"
"長岡市南部体育館","新潟県長岡市曲新町564-3","37.420138","138.84794"
"高齢者センターみやうち","新潟県長岡市曲新町566-7","37.419769","138.847836"
"桂小学校","新潟県長岡市桂町8","37.481409","138.919264"
"関原コミュニティセンター","新潟県長岡市五反田町950","37.456616","138.772683"
"悠久山公園駐車場","新潟県長岡市御山町80-5","37.432152","138.878432"
"長岡大学","新潟県長岡市御山町80-8","37.430484","138.879246"
"さいわいプラザ","新潟県長岡市幸町2-1-1","37.43644","138.83888"
"長岡市立劇場","新潟県長岡市幸町2-1-2","37.43522","138.83871"
"長岡工業高等学校","新潟県長岡市幸町2-7-70","37.438599","138.840313"
"黒条小学校","新潟県長岡市高見町400","37.49867","138.860146"
"堤岡中学校","新潟県長岡市高見町字東堤90","37.497519","138.864879"
"旭岡中学校","新潟県長岡市高畑町883-2","37.427508","138.857992"
"黒条コミュニティセンター","新潟県長岡市黒津町373","37.498083","138.858875"
"阪之上コミュニティセンター","新潟県長岡市今朝白1-10-27","37.44623","138.857282"
"阪之上小学校","新潟県長岡市今朝白1-11-21","37.4466","138.857251"
"高齢者センターけさじろ","新潟県長岡市今朝白2-8-18","37.449783","138.858675"
"けさじろ保育園","新潟県長岡市今朝白2-9-28","37.449204","138.860325"
"才津小学校","新潟県長岡市才津西町２２００－子","37.43238","138.797272"
"大島中学校","新潟県長岡市三ツ郷屋町下川原342","37.451259","138.817716"
"みしま体育館","新潟県長岡市三島中条1434","37.49382","138.787509"
"三和保育園","新潟県長岡市三和2-11-30","37.434927","138.842228"
"教育センター","新潟県長岡市三和2-8-20","37.433776","138.840757"
"種苧原地区センター（旧種苧原小学校）","新潟県長岡市山古志種苧原2603","37.356232","138.92732"
"山古志小・中学校","新潟県長岡市山古志竹沢乙284","37.331386","138.889588"
"山古志体育館","新潟県長岡市山古志竹沢甲2837-1","37.325776","138.889785"
"山古志地域福祉センターなごみ苑","新潟県長岡市山古志虫亀219-2","37.335586","138.892279"
"虫亀地区センター（旧虫亀小学校）","新潟県長岡市山古志虫亀893","37.342118","138.887651"
"四郎丸コミュニティセンター","新潟県長岡市四郎丸1-11-20","37.43987","138.856962"
"四郎丸小学校","新潟県長岡市四郎丸1-2-25","37.438928","138.857172"
"寺泊文化センター","新潟県長岡市寺泊磯町7411-14","37.6527","138.774106"
"寺泊海浜公園駐車場","新潟県長岡市寺泊磯町9768-9","37.647996","138.771122"
"愛宕神社敷地","新潟県長岡市寺泊一枚田5501","37.649432","138.776154"
"寺泊小学校","新潟県長岡市寺泊一里塚3890-1","37.644206","138.772535"
"寺泊小学校敷地","新潟県長岡市寺泊一里塚3890-1","37.644863","138.772947"
"寺泊スポーツセンター","新潟県長岡市寺泊烏帽子平1977-8","37.63665","138.774574"
"旧白岩保育園敷地","新潟県長岡市寺泊雨池6680","37.655784","138.780365"
"寺泊中学校","新潟県長岡市寺泊吉1681","37.629945","138.787906"
"大河津小学校","新潟県長岡市寺泊求草1035","37.611707","138.812339"
"青少年研修センター","新潟県長岡市寺泊郷本字今町207","37.606446","138.749845"
"青少年研修センター敷地","新潟県長岡市寺泊郷本字今町207","37.606296","138.749779"
"白石神社敷地","新潟県長岡市寺泊郷本字七ツ石418","37.611158","138.751873"
"玄徳寺敷地","新潟県長岡市寺泊郷本上太118","37.602281","138.74662"
"老人憩いの家　夕映荘","新潟県長岡市寺泊金山170-3","37.624032","138.757328"
"旧金山収蔵庫敷地","新潟県長岡市寺泊金山217-1","37.625219","138.757524"
"金山駐車場","新潟県長岡市寺泊金山432","37.628136","138.759555"
"市道寺泊１００号線（旧前坂線）付近","新潟県長岡市寺泊庚塚6314-1","37.65384","138.781422"
"八幡神社敷地","新潟県長岡市寺泊香清水1430-2","37.636916","138.764883"
"市道寺泊１３４号線（旧山田・島崎線）付近","新潟県長岡市寺泊山田字稲場395","37.58849","138.734398"
"志戸橋会館敷地","新潟県長岡市寺泊志戸橋字居村701","37.599572","138.745"
"港町会館敷地","新潟県長岡市寺泊小屋場8782-5","37.657949","138.779845"
"諏訪神社敷地","新潟県長岡市寺泊大和田字上山521","37.614334","138.755882"
"寺泊山ノ脇センター","新潟県長岡市寺泊町軽井2001","37.593354","138.824935"
"伊勢崎市臨海学校","新潟県長岡市寺泊田ノ尻603-1","37.630935","138.761617"
"伊勢崎市臨海学校敷地","新潟県長岡市寺泊田ノ尻603-1","37.630641","138.761653"
"寺泊コミュニティセンター","新潟県長岡市寺泊敦ケ曽根551","37.615533","138.821986"
"汐見台（旧寺泊中学校跡地）駐車場","新潟県長岡市寺泊二ノ関2238","37.639893","138.768198"
"旧寺泊中学校敷地","新潟県長岡市寺泊二ノ関2367","37.639191","138.7673"
"聚感園・ロマンス街道","新潟県長岡市寺泊二ノ関2728-2","37.643198","138.768483"
"寺泊本山センター","新潟県長岡市寺泊本山748-1","37.632262","138.799704"
"白山神社敷地（金沢集会所脇）","新潟県長岡市寺泊野積字金沢６４９０－乙","37.688228","138.78816"
"十二神社敷地","新潟県長岡市寺泊野積字荒谷１２９８－乙","37.67303","138.78502"
"市道寺泊１号線（旧弥彦裏参道線）付近","新潟県長岡市寺泊野積字高屋5559-3","37.684829","138.788225"
"前橋市野積少年海の家跡地","新潟県長岡市寺泊野積字大野積11552","37.699803","138.788077"
"大宮神社敷地","新潟県長岡市寺泊野積字大野積１０１４７－乙","37.698127","138.789287"
"山王神社敷地","新潟県長岡市寺泊野積字中浜2988-1","37.678967","138.788262"
"寺泊野積センター","新潟県長岡市寺泊野積字中浜3223","37.681098","138.788721"
"寺泊野積センター敷地","新潟県長岡市寺泊野積字中浜3223","37.680833","138.788668"
"県道麓野積線付近","新潟県長岡市寺泊野積字中浜4525","37.68273","138.790709"
"内川集会所敷地","新潟県長岡市寺泊野積字内川4626-2","37.683093","138.788135"
"防火水槽脇","新潟県長岡市寺泊薮田4804-73","37.661274","138.783394"
"王寺川コミュニティセンター","新潟県長岡市寺宝町38-4","37.471043","138.797189"
"帝京長岡高等学校","新潟県長岡市住吉3-9-1","37.436893","138.854994"
"十日町小学校","新潟県長岡市十日町1220","37.387851","138.837276"
"十日町コミュニティセンター","新潟県長岡市十日町1220-2","37.387253","138.837327"
"岡南中学校","新潟県長岡市十日町7","37.375676","138.837853"
"小国勤労者体育センター","新潟県長岡市小国町横沢1558","37.30648","138.705933"
"旧下小国小学校","新潟県長岡市小国町七日町2784-1","37.324122","138.716919"
"自然休養体験館（養楽館）","新潟県長岡市小国町小国沢2531","37.280072","138.713589"
"おぐに森林公園駐車場","新潟県長岡市小国町上岩田208","37.280693","138.71401"
"小国会館","新潟県長岡市小国町新町176-1","37.292367","138.702937"
"おぐにコミュニティセンター","新潟県長岡市小国町新町304-1","37.293816","138.702455"
"小国中学校","新潟県長岡市小国町新町673","37.289612","138.710288"
"旧上小国小学校","新潟県長岡市小国町諏訪井丙32","37.267939","138.707643"
"ひまわり保育園","新潟県長岡市小国町相野原139-1","37.29424","138.697901"
"小国小学校","新潟県長岡市小国町二本柳80","37.298812","138.702062"
"旧小国公民館八王子分館","新潟県長岡市小国町八王子2783-1","37.293332","138.662258"
"旧小国商工物産館","新潟県長岡市小国町法坂738-1","37.30584","138.709488"
"富曽亀コミュニティセンター","新潟県長岡市小曽根町757-8","37.464903","138.875325"
"和島体育館","新潟県長岡市小島谷3422","37.575508","138.77095"
"和島支所","新潟県長岡市小島谷3434-4","37.57554","138.772017"
"和島保健センター","新潟県長岡市小島谷3434-4","37.575442","138.772033"
"和島小学校","新潟県長岡市小島谷3545-1","37.576387","138.770274"
"昭和保育園","新潟県長岡市昭和2-2-5","37.459045","138.848401"
"栃尾南小学校","新潟県長岡市上の原町1-18","37.471256","138.99612"
"秋葉中学校","新潟県長岡市上の原町6-3","37.468478","138.997337"
"旧上塩小学校","新潟県長岡市上塩878-1","37.500991","139.057519"
"吉水体育館","新潟県長岡市上樫出3039-40","37.487016","139.015099"
"みしま会館","新潟県長岡市上岩井1260-1","37.493552","138.783511"
"みしまコミュニティセンター","新潟県長岡市上岩井1261-1","37.493653","138.782609"
"上除保育園","新潟県長岡市上除町3638-1","37.449253","138.783489"
"深才コミュニティセンター","新潟県長岡市上富岡2-65-2","37.423851","138.78388"
"長岡技術科学大学","新潟県長岡市上富岡町1603-1","37.423877","138.777854"
"信濃川下流流域下水道長岡処理区長岡処理場","新潟県長岡市上柳町257-3","37.496243","138.837743"
"信条保育園","新潟県長岡市信条東221","37.598455","138.852532"
"信濃川防災センター（しなの川学習館）","新潟県長岡市信濃1-5-30","37.448265","138.837426"
"長岡市新産体育館","新潟県長岡市新産2-1-9","37.438107","138.794397"
"中越高等学校","新潟県長岡市新保町1371-1","37.467695","138.871184"
"高齢者センターふそき","新潟県長岡市新保町1399-3","37.468041","138.87216"
"深沢小学校","新潟県長岡市深沢町3081","37.412095","138.77552"
"長岡聾学校　※屋内運動場のみ使用可能（中小河川、土砂の場合のみ）","新潟県長岡市水道町2-1-13","37.454816","138.844008"
"長岡市水道局","新潟県長岡市水道町2-7-22","37.456502","138.843044"
"長岡明徳高等学校","新潟県長岡市水道町3-5-1","37.45595","138.84624"
"旧社会福祉センター","新潟県長岡市水道町3-5-30","37.45717","138.846727"
"東中学校","新潟県長岡市水道町5-1-1","37.460619","138.846182"
"栖吉コミュニティセンター分室","新潟県長岡市栖吉町2065","37.423578","138.895053"
"中之島浄化センター","新潟県長岡市西高山新田381","37.572977","138.85994"
"新町コミュニティセンター","新潟県長岡市西新町2-2-24","37.464256","138.855073"
"新町小学校","新潟県長岡市西新町2-2-7","37.463617","138.855578"
"神田小学校","新潟県長岡市西神田町2-3","37.459363","138.853014"
"神田コミュニティセンター","新潟県長岡市西神田町2-3-1","37.459647","138.852929"
"千手コミュニティセンター","新潟県長岡市西千手2-5-1","37.442407","138.842052"
"川口小学校","新潟県長岡市西川口1149","37.264433","138.86232"
"西川口集落開発センター","新潟県長岡市西川口1602","37.26157","138.858321"
"川口中学校","新潟県長岡市西川口951","37.262275","138.863028"
"希望が丘小学校","新潟県長岡市西津町2204-2","37.439054","138.813241"
"希望が丘コミュニティセンター","新潟県長岡市西津町2301-1","37.439934","138.813205"
"長岡工業高等専門学校","新潟県長岡市西片貝町888","37.432804","138.889042"
"長岡商業高等学校","新潟県長岡市西片貝町字大木1726","37.45337","138.887199"
"青葉台小学校","新潟県長岡市青葉台4-15","37.440766","138.753494"
"青葉台コミュニティセンター","新潟県長岡市青葉台１－甲120-8","37.445776","138.750599"
"青葉台中学校","新潟県長岡市青葉台１－甲222-1","37.447891","138.751461"
"中之島コミュニティセンター三沼分室","新潟県長岡市赤沼265-1","37.599077","138.874405"
"高齢者センターとちお","新潟県長岡市赤谷179-2","37.450324","139.01254"
"千手小学校","新潟県長岡市千手2-8-1","37.441831","138.843542"
"南部保育園","新潟県長岡市千手2-9-4","37.44185","138.844081"
"長岡リリックホール","新潟県長岡市千秋3-1356-6","37.464922","138.82932"
"ハイブ長岡","新潟県長岡市千秋3-315-11","37.463394","138.82791"
"長岡造形大学","新潟県長岡市千秋4-197","37.467092","138.831228"
"泉水地区センター","新潟県長岡市川口牛ケ島424-1","37.283022","138.854322"
"川口運動公園体育館","新潟県長岡市川口中山2447-1","37.271047","138.872169"
"えちご川口温泉駐車場","新潟県長岡市川口中山2515-3","37.268306","138.869435"
"田麦山地区センター","新潟県長岡市川口田麦山543","37.238871","138.857843"
"川口体験交流センター","新潟県長岡市川口木沢467","37.29068","138.875961"
"和南津集会所","新潟県長岡市川口和南津882-2","37.25727","138.879589"
"東北中学校","新潟県長岡市川崎5-485-1","37.45661","138.868339"
"川崎コミュニティセンター","新潟県長岡市川崎6-2407-5","37.453262","138.87167"
"川崎東小学校","新潟県長岡市川崎町671-1","37.459646","138.866497"
"前川小学校","新潟県長岡市前島町75","37.403878","138.822981"
"石坂保育園","新潟県長岡市村松町2467-3","37.392839","138.853934"
"石坂小学校","新潟県長岡市村松町2735","37.391408","138.854958"
"上通保育園","新潟県長岡市大口248-1","37.515504","138.872218"
"総合支援・高等総合支援学校","新潟県長岡市大字日越1402","37.442857","138.78099"
"長岡ロングライフセンター","新潟県長岡市大字日越185-2","37.439255","138.779282"
"米百俵プレイスミライエ長岡","新潟県長岡市大手通2-3-10","37.448397","138.848863"
"旧大積小学校","新潟県長岡市大積町１－甲1021","37.429829","138.72854"
"大積コミュニティセンター","新潟県長岡市大積町１－甲1083","37.431836","138.728877"
"大島小学校","新潟県長岡市大島新町５－甲1000","37.446791","138.821188"
"岡南小学校","新潟県長岡市滝谷町143","37.374389","138.835675"
"太田コミュニティセンター","新潟県長岡市濁沢町482-3","37.360083","138.88539"
"太田小・中学校","新潟県長岡市濁沢町485","37.360352","138.886394"
"川崎コミュニティセンター分館","新潟県長岡市地蔵1-4-1","37.453664","138.862409"
"旧西谷小学校","新潟県長岡市中1426","37.420756","138.980355"
"栃尾体育館","新潟県長岡市中央公園1-34","37.478469","138.993287"
"栃尾地域交流拠点施設","新潟県長岡市中央公園1-67","37.478135","138.994215"
"埋蔵文化財収蔵センター","新潟県長岡市中潟町286","37.354272","138.830038"
"六日市コミュニティセンター","新潟県長岡市中潟町728","37.355003","138.832378"
"信条小学校","新潟県長岡市中条新田92","37.60144","138.851847"
"中之島コミュニティセンター西所分室","新潟県長岡市中西1603","37.574928","138.874165"
"中沢保育園","新潟県長岡市中沢2-1913-4","37.440481","138.879185"
"中島コミュニティセンター","新潟県長岡市中島2-6-1","37.45405","138.84141"
"中島小学校","新潟県長岡市中島3-9-33","37.452724","138.844111"
"表町コミュニティセンター","新潟県長岡市中島5-7-7","37.453816","138.848275"
"表町小学校","新潟県長岡市中島5-7-7","37.453905","138.848661"
"中之島文化センター","新潟県長岡市中之島3807-3","37.539212","138.876817"
"中之島体育館","新潟県長岡市中之島3807-3","37.538548","138.876769"
"豊愛なかのしまこども園","新潟県長岡市中之島430-1","37.544707","138.878724"
"中之島コミュニティセンター","新潟県長岡市中之島800-1","37.548549","138.876619"
"中之島北体育館","新潟県長岡市中之島中条丁302-1","37.573375","138.833942"
"中之島コミュニティセンター中条分室","新潟県長岡市中之島中条丙16","37.574687","138.834906"
"みずほ保育園","新潟県長岡市中野西甲700","37.555755","138.851587"
"サンパルコなかのしま","新潟県長岡市中野中甲1666-2","37.557294","138.852079"
"中之島中学校","新潟県長岡市中野東2649-1","37.554358","138.862866"
"日吉小学校","新潟県長岡市鳥越甲420","37.471878","138.765676"
"塚山保育園","新潟県長岡市塚野山850-3","37.350955","138.722404"
"塚山南部地域体育センター","新潟県長岡市塚野山927","37.349462","138.724513"
"中之島中央小学校","新潟県長岡市鶴ケ曽根1162","37.548985","138.869274"
"北辰中学校","新潟県長岡市島崎5687","37.580715","138.760942"
"道の駅良寛の里わしま地域交流センター","新潟県長岡市島崎5713-2","37.581483","138.759017"
"北部保育園","新潟県長岡市東新町3-1-1","37.462332","138.859261"
"川口コミュニティセンター","新潟県長岡市東川口1979-130","37.268921","138.861832"
"川口地域福祉センター末広荘","新潟県長岡市東川口1979-20","37.271844","138.859214"
"長岡市北部体育館","新潟県長岡市東蔵王2-2-72","37.46976","138.857575"
"北中学校","新潟県長岡市東蔵王2-8-37","37.473922","138.856242"
"栃尾産業交流センター","新潟県長岡市栃尾宮沢1765","37.460001","139.007776"
"栃尾東小学校","新潟県長岡市栃尾原町4-3-1","37.483678","138.998334"
"東谷小学校","新潟県長岡市栃堀53","37.447317","139.018453"
"南中学校","新潟県長岡市南町2-1-1","37.440411","138.84762"
"社会福祉センター　トモシア","新潟県長岡市表町2-2-21","37.448851","138.847744"
"越路西小学校","新潟県長岡市不動沢210-2","37.36447","138.742698"
"新組小学校","新潟県長岡市福井町125","37.501376","138.883762"
"新組コミュニティセンター","新潟県長岡市福井町957-1","37.500919","138.884223"
"新組保育園","新潟県長岡市福井町974-1","37.500943","138.883481"
"福戸コミュニティセンター","新潟県長岡市福戸町2606-1","37.480835","138.806778"
"福戸小学校","新潟県長岡市福道町141","37.478102","138.806049"
"日越小学校","新潟県長岡市宝地町197-1","37.452815","138.798085"
"日越コミュニティセンター","新潟県長岡市宝地町753","37.453886","138.798787"
"上組小学校","新潟県長岡市豊詰町227","37.409438","138.84106"
"豊田小学校","新潟県長岡市豊田町4-1","37.428016","138.857353"
"豊田コミュニティセンター","新潟県長岡市豊田町5-1","37.428542","138.857027"
"荷頃地区センター","新潟県長岡市北荷頃２４３９－甲","37.452496","138.979939"
"信濃川妙見防災センター（妙見記念館）","新潟県長岡市妙見町29","37.344911","138.827894"
"中貫保育園","新潟県長岡市悠久町2-127","37.436354","138.883731"
"栖吉中学校","新潟県長岡市悠久町2-1720","37.435804","138.882554"
"栖吉小学校","新潟県長岡市悠久町3-232","37.437464","138.881893"
"栖吉コミュニティセンター","新潟県長岡市悠久町3-734","37.436971","138.87987"
"旧与板公民館黒川分館","新潟県長岡市与板町広野728-1","37.515802","138.813226"
"与板中学校","新潟県長岡市与板町東与板200","37.540765","138.817574"
"与板小学校","新潟県長岡市与板町東与板52","37.543381","138.815028"
"志保の里荘","新潟県長岡市与板町本与板2380-1","37.555883","138.808916"
"槙原農村センター","新潟県長岡市与板町槙原186","37.519595","138.795661"
"与板体育館","新潟県長岡市与板町与板乙2430-1","37.535551","138.815434"
"与板ふれあい交流センター","新潟県長岡市与板町与板甲339-1","37.544268","138.810967"
"長岡ニュータウン運動公園駐車場","新潟県長岡市陽光台5-3","37.436616","138.749804"
"来迎寺保育園","新潟県長岡市来迎寺3568","37.393755","138.780657"
"越路総合福祉センター","新潟県長岡市来迎寺3697","37.39363","138.782081"
"越路中学校","新潟県長岡市来迎寺甲841-10","37.395733","138.776217"
"越路体育館駐車場","新潟県長岡市来迎寺甲885","37.393958","138.776025"
"越路体育館","新潟県長岡市来迎寺甲885","37.394349","138.775832"
"大島コミュニティセンター","新潟県長岡市緑町3-55-41","37.45116","138.818493"
"脇野町小学校","新潟県長岡市脇野町1242","37.501868","138.787015"
"高齢者センターまきやま","新潟県長岡市槇山町1592-1","37.481219","138.837847"
"羽生田公民館","新潟県田上町大字羽生田521-2","37.688537","139.060773"
"羽生田小学校","新潟県田上町大字羽生田乙555","37.684875","139.064231"
"総合公園ＹＯＵ・遊ランド","新潟県田上町大字羽生田乙851-6","37.686581","139.071001"
"田上町地域学習センター","新潟県田上町大字吉田新田丁242","37.695067","139.065384"
"竹の友幼児園","新潟県田上町大字原ケ崎新田1987-1","37.695802","139.066897"
"田上中学校","新潟県田上町大字原ケ崎新田2700","37.694592","139.070623"
"田上中学校武道場","新潟県田上町大字原ケ崎新田2700","37.695674","139.069638"
"田上町交流会館","新潟県田上町大字原ケ崎新田3072","37.698964","139.059021"
"新潟中央短期大学体育館","新潟県田上町大字川船河甲1568","37.673909","139.059522"
"老人福祉センター","新潟県田上町大字川船河甲885-1","37.679142","139.057504"
"田上小学校","新潟県田上町大字田上乙333","37.70554","139.076424"
"老人憩の家　心起園","新潟県田上町大字田上丙1189","37.711969","139.072638"
"コミュニティセンター","新潟県田上町大字田上丙1274-2","37.710977","139.075718"
"ごまどう湯っ多里館","新潟県田上町大字田上丙3673-1","37.717777","139.079943"
"湯川公会堂","新潟県田上町大字湯川1765-2","37.725648","139.081283"
"保明交流センター","新潟県田上町大字保明新田806-5","37.688848","139.038902"
"かぐらスキー場田代ステーション　駐車場","新潟県湯沢町大字三国1059-1","36.846108","138.776389"
"浅貝町営グラウンド","新潟県湯沢町大字三国143-4","36.78779","138.792835"
"苗場スキー場　駐車場","新潟県湯沢町大字三国202","36.790801","138.786419"
"旧三国小学校　グラウンド","新潟県湯沢町大字三国483","36.810821","138.784371"
"宿場の湯　駐車場","新潟県湯沢町大字三国537","36.843031","138.778981"
"道の駅みつまた","新潟県湯沢町大字三俣1000","36.899697","138.777168"
"八木沢児童遊園地","新潟県湯沢町大字三俣1244-5","36.904206","138.776455"
"街道の湯　駐車場","新潟県湯沢町大字三俣537","36.9003","138.777245"
"旧三俣小学校　グラウンド","新潟県湯沢町大字三俣986","36.89837","138.777223"
"原新田公園","新潟県湯沢町大字神立1350","36.928783","138.826492"
"みなみ魚沼農協湯沢支店　駐車場","新潟県湯沢町大字神立1532-1","36.927222","138.827766"
"湯沢中学校　グラウンド","新潟県湯沢町大字神立1580","36.928018","138.829673"
"旧湯沢高校　グラウンド","新潟県湯沢町大字神立1621-1","36.926879","138.832849"
"旧神立小学校　グラウンド","新潟県湯沢町大字神立2548","36.922925","138.822435"
"みちしるべ湯沢（道路情報ターミナル）","新潟県湯沢町大字神立2615-5","36.920725","138.820993"
"湯沢カルチャーセンター　水芭蕉駐車場","新潟県湯沢町大字神立80-2","36.936416","138.819609"
"旧滝ノ又児童遊園地","新潟県湯沢町大字土樽1813-1","36.929417","138.859749"
"旧加山キャプテンコースト　駐車場","新潟県湯沢町大字土樽2564","36.930411","138.870806"
"松川児童遊園地","新潟県湯沢町大字土樽3402-1","36.902955","138.841542"
"土樽自然公園","新潟県湯沢町大字土樽4308","36.892451","138.851074"
"旧土樽保育園　駐車場","新潟県湯沢町大字土樽433","36.921302","138.844538"
"中里パーキングパーク","新潟県湯沢町大字土樽4741-3","36.907382","138.847796"
"古野中里中央児童遊園地","新潟県湯沢町大字土樽4919-1","36.91247","138.845978"
"旧土樽小学校　グラウンド","新潟県湯沢町大字土樽5674","36.919915","138.844537"
"湯沢町農山村　総合開発センター　駐車場","新潟県湯沢町大字土樽6105","36.913092","138.844647"
"岩の湯　駐車場","新潟県湯沢町大字土樽6191-87","36.916532","138.838131"
"体験工房大源太　駐車場","新潟県湯沢町大字土樽6399-1","36.918725","138.876193"
"旭原児童遊園地","新潟県湯沢町大字土樽6608-1","36.918073","138.884445"
"駒子の湯　駐車場","新潟県湯沢町大字湯沢148","36.943374","138.804779"
"旧湯沢保育園　駐車場","新潟県湯沢町大字湯沢1590","36.942303","138.807676"
"旧中央保育園　グラウンド","新潟県湯沢町大字湯沢1831","36.934418","138.814112"
"湯沢町公民館　駐車場","新潟県湯沢町大字湯沢2822","36.937985","138.812272"
"石白児童遊園地","新潟県湯沢町大字湯沢287-1","36.933534","138.815743"
"旧湯沢小学校　グラウンド","新潟県湯沢町大字湯沢290","36.939832","138.808139"
"上熊野旧貯木場","新潟県湯沢町大字湯沢300","36.9338","138.812087"
"雪国館　駐車場","新潟県湯沢町大字湯沢354-1","36.938819","138.805642"
"湯沢高原ロープウエイ　駐車場","新潟県湯沢町大字湯沢490","36.940189","138.803785"
"大石田公園","新潟県湯沢町大字湯沢89-1","36.944725","138.803472"
"旧老人憩いの家　やすらぎ荘　駐車場","新潟県湯沢町大字湯沢901","36.945826","138.801296"
"東京電力（株）湯沢発電所グラウンド及び駐車場","新潟県湯沢町大字湯沢91","36.945812","138.803567"
"駅前公園","新潟県湯沢町湯沢1-101","36.936515","138.8117"
"地蔵堂公園","新潟県湯沢町湯沢3-101","36.937745","138.811044"
"奈良山公園","新潟県湯沢町湯沢4-101","36.936401","138.813907"
"南魚沼市薮神地域コミュニティセンター（まほろば）","新潟県南魚沼市一村尾2921","37.144956","138.909236"
"薮神小学校体育館","新潟県南魚沼市一村尾800","37.143705","138.908891"
"薮神小学校グラウンド","新潟県南魚沼市一村尾800","37.143251","138.908751"
"三用小学校体育館","新潟県南魚沼市芋赤1135","37.176891","138.972492"
"三用小学校グラウンド","新潟県南魚沼市芋赤1135","37.176643","138.971911"
"南魚沼市大和公民館","新潟県南魚沼市浦佐5175-1","37.165672","138.934016"
"浦佐小学校グラウンド","新潟県南魚沼市浦佐5278-1","37.167778","138.930036"
"浦佐小学校体育館","新潟県南魚沼市浦佐5278-1","37.167812","138.931055"
"大和中学校グラウンド","新潟県南魚沼市浦佐5278-2","37.166536","138.932038"
"大和中学校体育館","新潟県南魚沼市浦佐5278-2","37.167165","138.931834"
"大和野球場","新潟県南魚沼市浦佐5278-5","37.167454","138.934244"
"塩沢中央公園","新潟県南魚沼市塩沢1112-36","37.04186","138.852912"
"塩沢勤労者体育センター","新潟県南魚沼市塩沢1112-39","37.042452","138.852496"
"塩沢小学校グラウンド","新潟県南魚沼市塩沢1538-1","37.036617","138.846848"
"塩沢小学校体育館","新潟県南魚沼市塩沢1538-1","37.037174","138.846875"
"塩沢グラウンド","新潟県南魚沼市塩沢608-2","37.042805","138.857728"
"南魚沼市トレーニングセンター","新潟県南魚沼市下一日市31-1","37.00176","138.812414"
"石打グラウンド","新潟県南魚沼市下一日市31-1","37.001329","138.812336"
"五十沢小学校グラウンド","新潟県南魚沼市宮472","37.057772","138.930146"
"旧五十沢中学校体育館","新潟県南魚沼市宮472","37.057129","138.930789"
"五十沢小学校体育館","新潟県南魚沼市宮472-3","37.056706","138.930087"
"旧西五十沢小学校グラウンド","新潟県南魚沼市宮下村新田224-2","37.066275","138.922453"
"五十沢体育館（旧五十沢小学校）","新潟県南魚沼市原331-1","37.052667","138.944456"
"五十沢グラウンド（旧五十沢小学校）","新潟県南魚沼市原331-1","37.05241","138.94496"
"旧五日町小学校グラウンド","新潟県南魚沼市五日町640-1","37.118707","138.902834"
"赤石小学校グラウンド","新潟県南魚沼市荒金273-2","37.153797","138.968065"
"赤石小学校体育館","新潟県南魚沼市荒金273-2","37.153276","138.968392"
"南魚沼市スポーツコミュニティセンター駐車場（ディスポート南魚沼）","新潟県南魚沼市坂戸372","37.066181","138.88376"
"南魚沼市農業体験実習館（レイホー八海）","新潟県南魚沼市山口1677-1","37.103594","138.97934"
"南魚沼市学校給食センター駐車場","新潟県南魚沼市四十日1790-1","37.100912","138.891597"
"後山小学校グラウンド","新潟県南魚沼市市野江乙1009-1","37.159323","138.865679"
"後山小学校体育館","新潟県南魚沼市市野江乙1009-1","37.159417","138.866124"
"辻又多目的センターグラウンド","新潟県南魚沼市市野江丙462","37.180154","138.876458"
"五日町雪国スポーツ館","新潟県南魚沼市寺尾1491","37.120033","138.900941"
"五日町雪国スポーツ館駐車場","新潟県南魚沼市寺尾1491","37.119837","138.900816"
"上の原グラウンド","新潟県南魚沼市小栗山1899-4","37.066495","138.854609"
"上の原高原体育館","新潟県南魚沼市小栗山1903-1","37.067011","138.852743"
"八海中学校第二体育館","新潟県南魚沼市上原129-6","37.094768","138.932276"
"八海中学校第一体育館","新潟県南魚沼市上原129-6","37.094362","138.932491"
"八海中学校グラウンド","新潟県南魚沼市上原129-6","37.094905","138.930913"
"城内地域開発センター","新潟県南魚沼市上原632-24","37.094597","138.933346"
"城内小学校グラウンド","新潟県南魚沼市上原68","37.091213","138.931316"
"城内小学校体育館","新潟県南魚沼市上原68","37.091684","138.931922"
"総合支援学校体育館","新潟県南魚沼市西泉田47-2","37.05261","138.869747"
"石打小学校体育館","新潟県南魚沼市石打2-1","36.984146","138.805236"
"石打小学校グラウンド","新潟県南魚沼市石打2-1","36.983692","138.80628"
"大崎小学校グラウンド","新潟県南魚沼市大崎1855","37.130387","138.939576"
"大崎小学校体育館","新潟県南魚沼市大崎1855","37.13093","138.940021"
"大崎保育園遊戯室","新潟県南魚沼市大崎3329-3","37.129383","138.944645"
"大崎保育園野外遊戯場","新潟県南魚沼市大崎3329-3","37.129597","138.944489"
"大崎農業会館駐車場","新潟県南魚沼市大崎4173-4","37.132029","138.947003"
"大崎農業会館","新潟県南魚沼市大崎4178-2","37.131828","138.947202"
"おおまき小学校グラウンド","新潟県南魚沼市大杉新田416-2","37.107941","138.895179"
"おおまき小学校体育館","新潟県南魚沼市大杉新田416-2","37.108223","138.894643"
"塩沢中学校グラウンド","新潟県南魚沼市中778-1","37.031197","138.852431"
"中之島小学校グラウンド","新潟県南魚沼市中子新田甲265-1","37.013493","138.843936"
"南魚沼市上田雪国スポーツセンター","新潟県南魚沼市長崎2941","36.993832","138.890813"
"旧第二上田小学校グラウンド","新潟県南魚沼市長崎2941","36.994475","138.890829"
"上田小学校体育館","新潟県南魚沼市長崎30","37.023337","138.87579"
"上田小学校グラウンド","新潟県南魚沼市長崎30","37.023319","138.874712"
"南魚沼市上田農村環境改善センター","新潟県南魚沼市長崎824-1","37.007268","138.879349"
"大福寺工業団地多目的広場","新潟県南魚沼市長崎824-1","37.006669","138.879389"
"二日町グラウンド","新潟県南魚沼市二日町444","37.085017","138.903113"
"大原運動公園多目的グラウンド","新潟県南魚沼市万条新田417","36.993043","138.829556"
"北辰小学校体育館","新潟県南魚沼市余川1220-2","37.073133","138.878479"
"北辰小学校グラウンド","新潟県南魚沼市余川1220-2","37.072453","138.878624"
"八海高等学校グラウンド","新潟県南魚沼市余川1276","37.072917","138.877057"
"八海高等学校中体育館","新潟県南魚沼市余川1276","37.073889","138.876628"
"六日町高等学校第一体育館","新潟県南魚沼市余川1380-2","37.070169","138.875753"
"六日町高等学校グラウンド","新潟県南魚沼市余川1380-2","37.070289","138.874809"
"六日町高等学校第二体育館","新潟県南魚沼市余川1380-2","37.071098","138.875018"
"六日町小学校グラウンド","新潟県南魚沼市六日町1267-1","37.059984","138.879079"
"六日町中学校グラウンド","新潟県南魚沼市六日町282","37.067836","138.870437"
"六日町中学校第一体育館","新潟県南魚沼市六日町282","37.069014","138.870287"
"六日町中学校第二体育館","新潟県南魚沼市六日町282","37.068603","138.870196"
"南魚沼市民会館駐車場","新潟県南魚沼市六日町865","37.06144","138.875049"
"旧上町保育園野外遊戯場","新潟県南魚沼市六日町928-3","37.057909","138.874898"
"自然環境浄化センター","新潟県柏崎市安政町1-36","37.38561","138.566952"
"田尻保育園","新潟県柏崎市安田1412-1","37.352372","138.605968"
"田尻コミュニティセンター","新潟県柏崎市安田1413-1","37.352479","138.606342"
"田尻小学校","新潟県柏崎市安田1455","37.351711","138.603985"
"新潟産業大学附属高校","新潟県柏崎市安田2510-2","37.34213","138.614734"
"武道館","新潟県柏崎市栄町18-11","37.375433","138.554277"
"柏崎工業高校","新潟県柏崎市栄町5-16","37.374541","138.556961"
"市営駅前住宅５号棟","新潟県柏崎市駅前1-4-17","37.365235","138.553914"
"市営駅前住宅３号棟","新潟県柏崎市駅前2-1-10","37.36631","138.553909"
"市営駅前住宅４号棟","新潟県柏崎市駅前2-1-10","37.365926","138.554054"
"市営駅前住宅１号棟","新潟県柏崎市駅前2-1-33","37.36663","138.553018"
"市営駅前住宅２号棟","新潟県柏崎市駅前2-1-59","37.366651","138.553726"
"産業文化会館","新潟県柏崎市駅前2-2-45","37.366523","138.55542"
"下大新田集会所","新潟県柏崎市下大新田393-4","37.395329","138.608826"
"東中学校","新潟県柏崎市下田尻2002-1","37.359821","138.606289"
"中鯖石コミュ二ティセンター","新潟県柏崎市加納2564-1","37.308205","138.62385"
"鯖石小学校","新潟県柏崎市加納2628-1","37.306856","138.623901"
"下加納ふれあいセンター","新潟県柏崎市加納518","37.326105","138.624625"
"柏崎保育園","新潟県柏崎市学校町1-7","37.37193","138.552823"
"柏崎小学校","新潟県柏崎市学校町1-88","37.371707","138.553823"
"陸上競技場","新潟県柏崎市学校町1977","37.372443","138.554412"
"ソフィアセンター（図書館）","新潟県柏崎市学校町2-47","37.371193","138.555967"
"潮風公園","新潟県柏崎市学校町2137-15","37.374602","138.552278"
"潮風コート","新潟県柏崎市学校町2137-19","37.373988","138.551098"
"柏崎高校","新潟県柏崎市学校町4-1","37.372208","138.557016"
"第一中学校","新潟県柏崎市学校町5-27","37.374374","138.55435"
"柏崎アクアパーク","新潟県柏崎市学校町6-73","37.373221","138.552582"
"笠島ふれあいセンター","新潟県柏崎市笠島314","37.337509","138.472751"
"笠島第３避難集合場所（六兵前）","新潟県柏崎市笠島456-1","37.336577","138.470046"
"笠島第２避難集合場所（清吉前）","新潟県柏崎市笠島738-1","37.334589","138.466607"
"笠島第１避難集合場所（多聞寺前）","新潟県柏崎市笠島829-2","37.334326","138.464839"
"笠島運動場","新潟県柏崎市笠島858-1","37.332904","138.466473"
"枇杷島小学校","新潟県柏崎市関町9-34","37.359225","138.55392"
"半田コミュニティセンター","新潟県柏崎市岩上20-52","37.358335","138.573466"
"半田住宅団地集会所","新潟県柏崎市希望が丘3-20","37.352521","138.570665"
"別俣コミュニティセンター","新潟県柏崎市久米1089-2","37.286026","138.585587"
"枇杷島コミュニティセンター","新潟県柏崎市宮場町12-8","37.357602","138.556873"
"柏崎カントリークラブゴルフ場","新潟県柏崎市宮川1345","37.463069","138.62148"
"西光寺","新潟県柏崎市宮川1990","37.458292","138.611548"
"龍泉寺","新潟県柏崎市宮川2111-1","37.459658","138.612006"
"高浜コミュニティセンター","新潟県柏崎市宮川2298-3","37.458575","138.610553"
"宮川神社","新潟県柏崎市宮川4027","37.453179","138.612042"
"上条地区くらしのサポートセンターたこうちの里","新潟県柏崎市宮之窪3180","37.305832","138.56916"
"上条コミュニティセンター","新潟県柏崎市宮之窪3180","37.306502","138.568444"
"第五中学校","新潟県柏崎市宮平96-1","37.295051","138.621479"
"橋場公会堂","新潟県柏崎市橋場町1-63","37.388527","138.579382"
"西中通コミュニティセンター","新潟県柏崎市橋場町15-6","37.389312","138.583744"
"駅前公園","新潟県柏崎市錦町404-1","37.366404","138.562064"
"駅前公園テニスコート","新潟県柏崎市錦町526-1","37.366323","138.563239"
"新潟産業大学","新潟県柏崎市軽井川4730","37.334542","138.593034"
"柏崎フロンティアパーク北公園広場","新潟県柏崎市軽井川931-20","37.339928","138.58849"
"御野立公園","新潟県柏崎市鯨波2-1346-2","37.358933","138.519319"
"鯨波郵便局前","新潟県柏崎市鯨波2-1485-1","37.356912","138.520385"
"ナウマン象発掘の地","新潟県柏崎市鯨波2-1908","37.354658","138.517712"
"特別養護老人ホームくじらなみ","新潟県柏崎市鯨波2-4-3","37.355209","138.517248"
"鯨波コミュニティセンター","新潟県柏崎市鯨波2-4-50","37.354679","138.516502"
"浪花屋前","新潟県柏崎市鯨波3-24-2","37.354723","138.510421"
"鯨波神明宮","新潟県柏崎市鯨波3-7-28","37.354053","138.512262"
"柏崎総合高校","新潟県柏崎市元城町1-1","37.353571","138.553045"
"下原公会堂","新潟県柏崎市原町2-27","37.388787","138.584707"
"中通コミュニティセンター東部活動の場駐車場","新潟県柏崎市五十土240-7","37.411104","138.684603"
"幸町公園","新潟県柏崎市幸町857-1","37.362887","138.558386"
"荒浜運動場","新潟県柏崎市荒浜1-1909-2","37.405373","138.58038"
"荒浜小学校","新潟県柏崎市荒浜1-2-11","37.401396","138.579808"
"柏崎原子力広報センター","新潟県柏崎市荒浜1-3-32","37.406424","138.580413"
"荒浜コミュニティセンター","新潟県柏崎市荒浜3-7-17","37.411579","138.584038"
"荒浜保育園","新潟県柏崎市荒浜3-7-22","37.41167","138.584794"
"庚申塚","新潟県柏崎市荒浜3-932-1","37.411042","138.58728"
"青山稲荷神社","新潟県柏崎市荒浜4-1754-2","37.417227","138.591167"
"岡田集落センター","新潟県柏崎市高柳町岡田565-4","37.23902","138.642812"
"旧高柳小学校","新潟県柏崎市高柳町岡野町1485-3","37.224072","138.636056"
"岡野町集落センター","新潟県柏崎市高柳町岡野町1743","37.223539","138.637243"
"高柳コミュニティセンター","新潟県柏崎市高柳町岡野町1849-1","37.224134","138.638888"
"荻ノ島集落センター","新潟県柏崎市高柳町荻ノ島1053-1","37.198628","138.627295"
"坪野集落センター","新潟県柏崎市高柳町高尾1171-1","37.217095","138.632325"
"磯之辺集落センター","新潟県柏崎市高柳町高尾2600","37.22279","138.611158"
"高尾集落センター","新潟県柏崎市高柳町高尾674-2","37.212504","138.629414"
"山中集落センター","新潟県柏崎市高柳町山中2990-1","37.211861","138.654642"
"塩沢集落センター","新潟県柏崎市高柳町山中3639-1","37.223955","138.656675"
"漆島集落センター","新潟県柏崎市高柳町漆島373-6","37.205293","138.629206"
"上石黒集落センター","新潟県柏崎市高柳町石黒1431-2","37.19026","138.564627"
"石黒地域活動拠点施設","新潟県柏崎市高柳町石黒1685","37.188554","138.569899"
"下石黒集落センター","新潟県柏崎市高柳町石黒2354-1","37.189551","138.575277"
"大野集落センター","新潟県柏崎市高柳町石黒3227-1","37.197286","138.574781"
"板畑集落センター","新潟県柏崎市高柳町石黒5128-3","37.203607","138.587665"
"寄合集落センター","新潟県柏崎市高柳町石黒6784-1","37.181833","138.586719"
"落合集落センター","新潟県柏崎市高柳町石黒967-1","37.179911","138.571784"
"田代集落センター","新潟県柏崎市高柳町田代720","37.172259","138.608918"
"栃ヶ原集落センター","新潟県柏崎市高柳町栃ケ原1485-3","37.195575","138.646746"
"門出集落センター","新潟県柏崎市高柳町門出336-1","37.188529","138.616455"
"特別養護老人ホームいこいの里","新潟県柏崎市佐水3140","37.287672","138.572134"
"佐水集落センター","新潟県柏崎市佐水547-2","37.295037","138.574322"
"佐藤池サッカーコート","新潟県柏崎市佐藤池新田1150-1","37.349437","138.585805"
"佐藤池野球場","新潟県柏崎市佐藤池新田1150-1","37.351601","138.584768"
"柏木町集会所","新潟県柏崎市桜木町8-18","37.378127","138.563932"
"山室特産センター","新潟県柏崎市山室2331","37.257815","138.646716"
"旧第五中学校グラウンド","新潟県柏崎市山室2931-1","37.265908","138.629998"
"南鯖石コミュ二ティセンター","新潟県柏崎市山室2931-1","37.266587","138.630336"
"田島活性化センター","新潟県柏崎市山室530-2","37.267507","138.636874"
"山本公会堂","新潟県柏崎市山本815-1","37.392196","138.593706"
"白竜公園テニスコート","新潟県柏崎市四谷1-610-3","37.369356","138.565418"
"白竜公園","新潟県柏崎市四谷1-610-3","37.369575","138.566714"
"春日公会堂","新潟県柏崎市春日2-10-2","37.381526","138.573729"
"春日公園","新潟県柏崎市春日2-2087-2","37.381752","138.570057"
"槇原小学校","新潟県柏崎市春日3-4-31","37.385956","138.579291"
"旧鵜川小学校グラウンド","新潟県柏崎市女谷4539-2","37.244578","138.549696"
"鵜川体験の里「ほたる」","新潟県柏崎市女谷4550-1","37.244116","138.549642"
"瑞穂中学校","新潟県柏崎市小金町2-11","37.383651","138.581235"
"旧遺跡考古館駐車場","新潟県柏崎市小倉町2343-7","37.372445","138.564426"
"松波コミュニティセンター","新潟県柏崎市松波2-17-3","37.387618","138.571845"
"松波第一公園","新潟県柏崎市松波2-2668","37.389695","138.573429"
"松波フレンドパーク","新潟県柏崎市松波3-2048-98","37.394025","138.571789"
"市営住宅松波（Ｄ号棟）屋上部","新潟県柏崎市松波3-5-19","37.394883","138.571662"
"松波住宅集会所","新潟県柏崎市松波3-6-21","37.395797","138.57288"
"松浜中学校","新潟県柏崎市松波3-7-5","37.398538","138.574986"
"松波保育園","新潟県柏崎市松波4-1-83","37.394486","138.574912"
"はまなす特別支援学校","新潟県柏崎市松波4-10-1","37.395875","138.583165"
"クリーンセンター敷地","新潟県柏崎市松波4-1595-21","37.393472","138.583381"
"松波の里","新潟県柏崎市松波4-8-18","37.395509","138.579615"
"上原公会堂","新潟県柏崎市上原264","37.387303","138.594695"
"上条進修館","新潟県柏崎市上条19","37.310488","138.566931"
"妙泉寺","新潟県柏崎市上輪609","37.321789","138.458239"
"上輪会館","新潟県柏崎市上輪720","37.327071","138.450382"
"上輪新田ふれあい館","新潟県柏崎市上輪新田323-4","37.328949","138.455173"
"常盤台公園","新潟県柏崎市常盤台2116-1","37.358853","138.549759"
"西小学校","新潟県柏崎市常盤台25-24","37.356737","138.545768"
"剣野コミュニティセンター","新潟県柏崎市常盤台25-5","37.357393","138.545204"
"新橋会館","新潟県柏崎市新橋8-2","37.363884","138.552317"
"赤坂山浄水場","新潟県柏崎市新赤坂1-1-62","37.354473","138.537794"
"第三中学校","新潟県柏崎市新赤坂1-2-10","37.35561","138.534761"
"高田保育園","新潟県柏崎市新道3081-1","37.330309","138.564361"
"高田コミュニティセンター","新潟県柏崎市新道3388","37.331648","138.564871"
"南中学校","新潟県柏崎市新道3447","37.331517","138.566422"
"新道小学校","新潟県柏崎市新道5001-1","37.325893","138.563531"
"中部公園","新潟県柏崎市諏訪町1853-2","37.373368","138.560252"
"陽だまり（集落センター）","新潟県柏崎市西山町伊毛1312","37.472751","138.670124"
"西山コミュニティセンター体育館","新潟県柏崎市西山町下山田25","37.4687","138.672192"
"下山田公会堂","新潟県柏崎市西山町下山田353-1","37.463257","138.666307"
"灰爪集落開発センター","新潟県柏崎市西山町灰爪33-4","37.485392","138.684368"
"鎌田集落センター","新潟県柏崎市西山町鎌田1143-1","37.470585","138.652396"
"西山中学校","新潟県柏崎市西山町鬼王179","37.454865","138.661593"
"五日市ふれあいセンター","新潟県柏崎市西山町五日市2-1","37.435994","138.642247"
"後谷公会堂","新潟県柏崎市西山町後谷229","37.467466","138.631604"
"利七沢広場","新潟県柏崎市西山町甲田348-2","37.490944","138.647035"
"甲田ふれあいセンター","新潟県柏崎市西山町甲田416","37.490284","138.643876"
"白山神社","新潟県柏崎市西山町甲田416-1","37.49033","138.643631"
"黒部神社集会所","新潟県柏崎市西山町黒部40","37.451493","138.650614"
"坂田集落開発センター","新潟県柏崎市西山町坂田1808","37.446333","138.660525"
"にしやま保育園","新潟県柏崎市西山町坂田231-2","37.455868","138.662682"
"二田コミュニティセンター","新潟県柏崎市西山町坂田5155","37.452319","138.653705"
"上山田ふれあいセンター","新潟県柏崎市西山町上山田553-3","37.479164","138.679652"
"内郷小学校","新潟県柏崎市西山町上山田668-2","37.475343","138.677071"
"新保集落センター","新潟県柏崎市西山町新保384-1","37.443318","138.643207"
"西山公会堂","新潟県柏崎市西山町西山213-4","37.449382","138.64329"
"飯森地区高台","新潟県柏崎市西山町石地114","37.514005","138.654676"
"西山コミュニティセンター石地分館","新潟県柏崎市西山町石地1167","37.518159","138.657671"
"延命地蔵尊前","新潟県柏崎市西山町石地1225-7","37.516766","138.657761"
"御島石部神社","新潟県柏崎市西山町石地1258","37.51748","138.660228"
"形蔵院","新潟県柏崎市西山町石地917","37.520359","138.656923"
"雪割草の湯高台","新潟県柏崎市西山町大崎1590-5","37.498849","138.643121"
"長磯地区高台","新潟県柏崎市西山町大崎1715","37.504505","138.647627"
"坂の下別荘団地","新潟県柏崎市西山町大崎40-16","37.484863","138.628527"
"あたご山登り口","新潟県柏崎市西山町大崎711-2","37.492836","138.63453"
"大崎神社","新潟県柏崎市西山町大崎737","37.496352","138.641305"
"大崎集落センター","新潟県柏崎市西山町大崎744","37.497014","138.640437"
"大津集落センター","新潟県柏崎市西山町大津1172","37.500957","138.662748"
"大坪集落センター","新潟県柏崎市西山町大坪223","37.428625","138.650945"
"池浦多目的集会施設","新潟県柏崎市西山町池浦408-19","37.461372","138.669965"
"西山町いきいき館","新潟県柏崎市西山町池浦877","37.457024","138.667598"
"二田小学校","新潟県柏崎市西山町長嶺1718","37.450834","138.642759"
"長嶺集落センター","新潟県柏崎市西山町長嶺773","37.456679","138.649942"
"田沢集会所","新潟県柏崎市西山町田沢3102","37.468333","138.67869"
"藤掛多目的集会センター","新潟県柏崎市西山町藤掛91-8","37.46292","138.678105"
"内方ふれあいセンター","新潟県柏崎市西山町内方117","37.434119","138.644808"
"二田ふれあい交流館","新潟県柏崎市西山町二田601-1","37.453742","138.674983"
"てまり団地","新潟県柏崎市西山町尾町5-70","37.511087","138.654383"
"尾野内ふれあいセンター","新潟県柏崎市西山町尾野内650","37.476565","138.684868"
"西山総合体育館","新潟県柏崎市西山町浜忠150-5","37.487878","138.635754"
"権現堂広場","新潟県柏崎市西山町浜忠1700-1","37.483823","138.648473"
"やしきだ橋広場","新潟県柏崎市西山町浜忠2143","37.482043","138.653236"
"三叉路バス停","新潟県柏崎市西山町浜忠2196-3","37.483056","138.647319"
"松田沢広場","新潟県柏崎市西山町浜忠232","37.484836","138.635984"
"浜忠集落開発センター","新潟県柏崎市西山町浜忠2975","37.484649","138.642813"
"さいの神鼻広場","新潟県柏崎市西山町浜忠741-1","37.481396","138.642701"
"堂坂トンネル入口","新潟県柏崎市西山町浜忠885-1","37.479451","138.649605"
"内越公会堂","新潟県柏崎市西山町別山1467","37.484541","138.692236"
"西山コミュニティセンター別山分館","新潟県柏崎市西山町別山1589-1","37.487585","138.692199"
"笹山町内会公会堂","新潟県柏崎市西山町別山2035-4","37.48657","138.688101"
"荒谷集落センター","新潟県柏崎市西山町別山2596-2","37.477508","138.700098"
"甲戸集落開発センター","新潟県柏崎市西山町別山5200","37.493399","138.70353"
"砂田公会堂","新潟県柏崎市西山町別山5508","37.493939","138.696407"
"別山後谷公会堂","新潟県柏崎市西山町別山6505-2","37.491033","138.684803"
"尾頃部集落開発センター","新潟県柏崎市西山町別山758","37.4902","138.696727"
"南部コミュニティセンター","新潟県柏崎市西山町北野1314","37.431437","138.647656"
"北野集落センター","新潟県柏崎市西山町北野910","37.429736","138.653579"
"妙法寺ふれあいセンター","新潟県柏崎市西山町妙法寺1487","37.433313","138.662917"
"緑が丘ふれあいセンター","新潟県柏崎市西山町緑が丘1-35","37.442331","138.650099"
"礼拝公会堂","新潟県柏崎市西山町礼拝370-4","37.460332","138.665325"
"和田ふれあいセンター","新潟県柏崎市西山町和田869-1","37.446005","138.645142"
"岩之入公民館","新潟県柏崎市西長鳥乙1063","37.364003","138.686361"
"山本公会堂","新潟県柏崎市西長鳥甲117-4","37.363711","138.667215"
"中村集落センター","新潟県柏崎市西長鳥甲1912","37.367376","138.669749"
"鼻岳公会堂","新潟県柏崎市西長鳥甲2544-4","37.370202","138.674"
"妙行寺","新潟県柏崎市西本町1-13-1","37.370071","138.550413"
"石井神社","新潟県柏崎市西本町2-3-6","37.369056","138.549244"
"小町集会場","新潟県柏崎市西本町2-4-32","37.368565","138.54806"
"八坂神社","新潟県柏崎市西本町3-11-2","37.366187","138.544383"
"かしわざき市民活動センターまちから","新潟県柏崎市西本町3-2-8","37.3674","138.546368"
"青海川集落開発センター","新潟県柏崎市青海川439","37.340242","138.488158"
"青海神社","新潟県柏崎市青海川831-1","37.345222","138.486981"
"宮之下集落開発センター","新潟県柏崎市石曽根1429-1","37.274027","138.630797"
"西之入集落開発センター","新潟県柏崎市石曽根3228-2","37.266865","138.627104"
"行兼ふれあいセンター","新潟県柏崎市石曽根5663","37.279599","138.628477"
"笹崎ふれあいセンター","新潟県柏崎市石曽根6160-1","37.285123","138.626715"
"赤坂山公園","新潟県柏崎市赤坂町1814-2","37.358003","138.540298"
"大洲コミュニティセンター","新潟県柏崎市赤坂町3-14","37.35942","138.53978"
"比角小学校","新潟県柏崎市扇町2-22","37.368569","138.570431"
"中通コミュニティセンター","新潟県柏崎市曽地130-4","37.402226","138.63643"
"中通保育園","新潟県柏崎市曽地172-1","37.403109","138.636517"
"中通ふれあい広場","新潟県柏崎市曽地684-1","37.405781","138.638765"
"大久保会館","新潟県柏崎市大久保1-8-28","37.363235","138.547617"
"大洲小学校","新潟県柏崎市大久保2-10-13","37.362238","138.543109"
"旧広田保育園園庭","新潟県柏崎市大広田577-4","37.356105","138.662662"
"北条コミュニティセンター","新潟県柏崎市大広田93-1","37.356245","138.663"
"大沢集落集会所","新潟県柏崎市大沢240-1","37.251367","138.654377"
"大湊集会場","新潟県柏崎市大湊11","37.445983","138.604392"
"稲荷神社","新潟県柏崎市大湊303","37.44646","138.606441"
"上米山コミュニティセンター","新潟県柏崎市谷根3232-3","37.324507","138.50279"
"谷根診療所","新潟県柏崎市谷根3256-1","37.325034","138.501575"
"北鯖石小学校","新潟県柏崎市中田1743-2","37.373736","138.60815"
"北鯖石保育園","新潟県柏崎市中田2295-1","37.372422","138.608673"
"北鯖石コミュニティセンター","新潟県柏崎市中田2295-1","37.372737","138.60802"
"豊洲神社","新潟県柏崎市中浜1-8-6","37.363456","138.541746"
"港公園","新潟県柏崎市中浜1-803-97","37.3645","138.537256"
"大洲一区町内会集会所","新潟県柏崎市中浜2-15-25","37.362934","138.536496"
"長崎集会所","新潟県柏崎市長崎1292","37.399021","138.600499"
"長崎新田集会場","新潟県柏崎市長崎新田694","37.396743","138.60653"
"仁王門","新潟県柏崎市椎谷1477-1","37.478882","138.619277"
"夕日が丘公園","新潟県柏崎市椎谷1481","37.479792","138.617847"
"ボートハウス付近","新潟県柏崎市椎谷1736-1","37.484786","138.624874"
"椎谷ふれあいセンター","新潟県柏崎市椎谷1855","37.475803","138.61838"
"陣屋跡（稲荷神社）","新潟県柏崎市椎谷1992-1","37.476374","138.619241"
"華蔵院","新潟県柏崎市椎谷772","37.475058","138.620019"
"墓地入口","新潟県柏崎市椎谷776-1","37.473227","138.620177"
"ワークプラザ柏崎","新潟県柏崎市田塚3-11-50","37.36714","138.581259"
"田塚緑地","新潟県柏崎市田塚3-296-1","37.369934","138.586262"
"土合公会堂","新潟県柏崎市土合516-1","37.395266","138.603084"
"桜通小学校","新潟県柏崎市土合806","37.393289","138.598483"
"東の輪町公会堂","新潟県柏崎市東の輪町4-18","37.360249","138.524162"
"スポーツハウス","新潟県柏崎市東港町5-55","37.372367","138.551227"
"中央地区コミュニティセンター","新潟県柏崎市東港町5-55","37.372222","138.550812"
"北条運動場","新潟県柏崎市東条620","37.352464","138.660863"
"杉平集落センター","新潟県柏崎市東長鳥乙245","37.377365","138.680476"
"峠公会堂","新潟県柏崎市東長鳥乙2836","37.385635","138.678277"
"市民プラザ","新潟県柏崎市東本町1-3-24","37.369814","138.553884"
"田塚山運動広場","新潟県柏崎市藤井614","37.36586","138.589263"
"下藤井集落開発センター","新潟県柏崎市藤井7352","37.37923","138.59908"
"二葉幼稚園","新潟県柏崎市藤井756-3","37.367152","138.588805"
"上藤井集落開発センター","新潟県柏崎市藤井8305","37.369254","138.603648"
"新潟工科大学","新潟県柏崎市藤橋1719","37.339307","138.578745"
"柏崎常盤高校第二グラウンド","新潟県柏崎市藤元町66-1","37.382142","138.578126"
"半田小学校","新潟県柏崎市南半田1-1","37.353187","138.577834"
"雀森公園","新潟県柏崎市日吉町1638-1","37.368064","138.575046"
"文化会館アルフォーレ","新潟県柏崎市日石町4-32","37.365352","138.560203"
"総合体育館","新潟県柏崎市半田1-4","37.349035","138.580878"
"番神公会堂跡地","新潟県柏崎市番神1-28","37.363148","138.534192"
"ホテルエリアワン番神岬前駐車場","新潟県柏崎市番神2-10-39","37.365033","138.529386"
"西部保育園","新潟県柏崎市番神2-10-58","37.362986","138.529243"
"諏訪神社","新潟県柏崎市番神2-4-35","37.363579","138.529988"
"番神岬夕日の森","新潟県柏崎市番神2-634-1","37.362565","138.527442"
"第二中学校","新潟県柏崎市比角1-3-6","37.372348","138.567871"
"柏崎常盤高校","新潟県柏崎市比角1-5-57","37.373513","138.56807"
"比角保育園","新潟県柏崎市比角2-10-15","37.374708","138.572653"
"東部公園","新潟県柏崎市比角2-2402-24","37.373774","138.572571"
"比角コミュニティセンター","新潟県柏崎市比角2-9-47","37.373746","138.573001"
"鏡が沖中学校","新潟県柏崎市枇杷島2842-1","37.355377","138.56446"
"平井公民館","新潟県柏崎市平井2586","37.357527","138.612339"
"御殿山公園","新潟県柏崎市米山台2-725-1","37.353514","138.545726"
"米山台福祉センター","新潟県柏崎市米山台3-8-14","37.354917","138.541019"
"米山コミュニティセンター","新潟県柏崎市米山町1338-2","37.317398","138.433528"
"米山車両停車帯１","新潟県柏崎市米山町2258-4","37.320001","138.439327"
"妙興寺ガード前","新潟県柏崎市米山町2261-2","37.319832","138.437669"
"聖ヶ鼻","新潟県柏崎市米山町2273-1","37.323268","138.438621"
"大清水観音堂入口付近","新潟県柏崎市米山町62-3","37.308244","138.422239"
"沢谷","新潟県柏崎市米山町721-2","37.315346","138.432157"
"総合福祉センター","新潟県柏崎市豊町3-59","37.365861","138.56635"
"県営北園町住宅Ｂ号棟","新潟県柏崎市北園町1-12","37.377497","138.562322"
"県営北園町住宅Ａ号棟","新潟県柏崎市北園町1-17","37.377795","138.56251"
"北園町県営住宅集会所（Ｃ号棟）","新潟県柏崎市北園町1-9","37.377383","138.561856"
"県営北園町住宅Ｃ号棟","新潟県柏崎市北園町1-9","37.377268","138.562215"
"市営北園町住宅１号棟","新潟県柏崎市北園町10-24","37.379223","138.561792"
"柏崎翔洋中等教育学校","新潟県柏崎市北園町18-88","37.382391","138.565104"
"鴨池公園","新潟県柏崎市北園町400-2","37.381001","138.560058"
"北園公園","新潟県柏崎市北園町450-6","37.379292","138.558655"
"北園町住宅集会所","新潟県柏崎市北園町5-30","37.378361","138.561557"
"県営北園町住宅Ｇ号棟","新潟県柏崎市北園町9-34","37.379282","138.562655"
"県営北園町住宅Ｈ号棟","新潟県柏崎市北園町9-35","37.379043","138.56323"
"北条小学校","新潟県柏崎市北条1981-1","37.342699","138.643926"
"北条中学校","新潟県柏崎市北条1996","37.342273","138.643905"
"北条保育園","新潟県柏崎市北条2910","37.341841","138.638669"
"野田コミュ二ティセンター","新潟県柏崎市野田473","37.27937","138.564122"
"緑ヶ丘住宅集会所","新潟県柏崎市緑町1-12","37.360484","138.544393"
"大洲保育園","新潟県柏崎市緑町4-4","37.359542","138.543991"
"博物館","新潟県柏崎市緑町8-35","37.358999","138.542814"
"劔公会堂","新潟県柏崎市劔281-3","37.385803","138.604136"
"東豊コミュニティ防災センター","新潟県豊町4-8-30","37.942744","139.340978"
"妙高市役所　本庁","新潟県妙高市栄町5-1","37.025165","138.253444"
"下町会館","新潟県妙高市下町8-19","37.027283","138.248102"
"学校町１号公園","新潟県妙高市学校町10","37.018458","138.250555"
"学校町会館","新潟県妙高市学校町31-26","37.018764","138.246678"
"学校町２号公園","新潟県妙高市学校町32","37.017578","138.247323"
"高柳団地集会所","新潟県妙高市関川町1-16","37.030519","138.262774"
"二子島公園","新潟県妙高市関川町1-33","37.029607","138.263074"
"関川町会館","新潟県妙高市関川町1-4-12","37.02929","138.262608"
"妙高市青少年学習施設","新潟県妙高市関川町2-8-32","37.025789","138.261819"
"新井中学校体育館","新潟県妙高市錦町1-2-1","37.019061","138.241873"
"錦町公民館","新潟県妙高市錦町1-8-28","37.017768","138.239979"
"新井総合公園","新潟県妙高市錦町2-2078-1","37.014656","138.234608"
"栗原公民館","新潟県妙高市栗原2-9-3","37.046172","138.259293"
"新井北小学校体育館","新潟県妙高市栗原4-4-1","37.049793","138.261888"
"和田コミュニティセンター","新潟県妙高市栗原4-4-10","37.049561","138.261231"
"新井ショッピングセンター","新潟県妙高市栗原4-7","37.054318","138.261672"
"和田地区あそびの広場","新潟県妙高市栗原5-790-1","37.056097","138.26387"
"月岡防災公園","新潟県妙高市月岡1-9-8","37.047986","138.266554"
"広島コミュニティセンター","新潟県妙高市広島1-8-1","37.058213","138.269596"
"高柳集落センター","新潟県妙高市高柳1-10-10","37.035481","138.262879"
"高柳せせらぎ公園","新潟県妙高市高柳2-6-15","37.032797","138.264459"
"国賀公民館","新潟県妙高市国賀2-4-1","37.045376","138.264033"
"渋江町町内会館","新潟県妙高市渋江町5","37.01579","138.248905"
"妙高市早期療育施設ひばり園","新潟県妙高市小出雲3-12-6","37.01729","138.254966"
"新井市民の広場","新潟県妙高市上町1604","37.023692","138.251308"
"上町集会所","新潟県妙高市上町4-11","37.024712","138.252463"
"新井ふれあい会館","新潟県妙高市上町9-1","37.022938","138.250711"
"新井総合コミュニティセンター・文化ホール","新潟県妙高市上町9-2","37.022816","138.250032"
"妙高市勤労者研修センター","新潟県妙高市上町9-3","37.023278","138.251402"
"新井コロナ","新潟県妙高市上百々1-12-1","37.058561","138.265047"
"上百々集落開発センター","新潟県妙高市上百々2-5-43","37.060313","138.266556"
"諏訪町公民館","新潟県妙高市諏訪町1-3-22","37.028153","138.259066"
"新井中央小学校体育館","新潟県妙高市諏訪町2-4-8","37.026744","138.261206"
"石塚町公民館","新潟県妙高市石塚町1-12-21","37.032576","138.253212"
"石塚町公園","新潟県妙高市石塚町2-937","37.034108","138.252155"
"大崎公民館","新潟県妙高市大崎町3-18","37.038792","138.256946"
"猿橋会館","新潟県妙高市大字猿橋595-9","36.955653","138.276644"
"旧猿橋小学校","新潟県妙高市大字猿橋723","36.953661","138.275791"
"旧原通小学校体育館","新潟県妙高市大字岡新田77-1","36.950962","138.253433"
"桶海会館","新潟県妙高市大字桶海661-3","36.898405","138.246062"
"乙吉公民館","新潟県妙高市大字乙吉220-3","37.049914","138.240883"
"下濁川公民館","新潟県妙高市大字下濁川1896-2","36.981736","138.275434"
"白岩農村公園","新潟県妙高市大字下平丸1854-23","36.952511","138.305822"
"白岩会館","新潟県妙高市大字下平丸2302-1","36.950937","138.308776"
"深山の里","新潟県妙高市大字下平丸5613","36.962884","138.328863"
"関山コミュニティセンター","新潟県妙高市大字関山1399","36.932638","138.219084"
"妙高中学校体育館","新潟県妙高市大字関山1660","36.932524","138.224094"
"寿・末広会館","新潟県妙高市大字関山2042-1","36.9351","138.224511"
"妙高小学校体育館","新潟県妙高市大字関山2785","36.934512","138.219261"
"小野沢集会所","新潟県妙高市大字関山452-2","36.925625","138.218339"
"休暇村妙高","新潟県妙高市大字関山6087-10-1","36.912268","138.170165"
"関温泉集会所","新潟県妙高市大字関山6087-21","36.904933","138.161443"
"妙高市妙高山麓都市農村交流施設","新潟県妙高市大字関山6186-1","36.912322","138.208355"
"大字関川公民館","新潟県妙高市大字関川1565-7","36.862343","138.202077"
"妙高高原南小学校体育館","新潟県妙高市大字関川1592","36.860907","138.20034"
"池の平公民館","新潟県妙高市大字関川2275-26","36.868548","138.176802"
"池の平温泉イベント広場","新潟県妙高市大字関川2279-2","36.86837","138.177577"
"妙高高原ふれあい会館","新潟県妙高市大字関川2400-7","36.871968","138.186248"
"ランドマーク妙高高原","新潟県妙高市大字関川2413-11","36.87196","138.179525"
"妙高温泉公民館","新潟県妙高市大字関川716-7","36.866766","138.204402"
"妙高高原中学校体育館","新潟県妙高市大字関川762","36.870349","138.202839"
"妙高高原スポーツ公園","新潟県妙高市大字関川958","36.866691","138.198591"
"妙高高原体育館","新潟県妙高市大字関川958","36.866207","138.199283"
"上米沢公民館","新潟県妙高市大字吉木65","37.042055","138.280469"
"吉木会館","新潟県妙高市大字吉木853-1","37.030963","138.272644"
"勝徳寺","新潟県妙高市大字吉木901","37.028648","138.270026"
"専念寺","新潟県妙高市大字吉木976","37.026856","138.270971"
"宮内公民館","新潟県妙高市大字宮内126-1","37.055157","138.238331"
"妙高市矢代西部生活改善センター　駐車場","新潟県妙高市大字窪松原743","37.009847","138.205103"
"妙高市農村環境改善センター","新潟県妙高市大字五日市1123-6","37.039647","138.247676"
"五日市公会堂","新潟県妙高市大字五日市859-3","37.03491","138.247534"
"新井グリーンスポーツセンター","新潟県妙高市大字高柳934","37.04139","138.265889"
"梨木農村公園","新潟県妙高市大字坂井新田1-1","37.034296","138.236872"
"直売センターとまと","新潟県妙高市大字坂口新田430-1","36.914305","138.218904"
"三ツ俣集落センター","新潟県妙高市大字三ツ俣585-2","37.01427","138.206231"
"妙高市農業構造改善センター三本木会館","新潟県妙高市大字三本木新田17-1","37.007967","138.227495"
"矢代コミュニティセンター","新潟県妙高市大字志1000-1","37.005134","138.213627"
"志農村活動センター","新潟県妙高市大字志892-1","37.009092","138.219217"
"旧矢代保育園","新潟県妙高市大字志967-2","37.005827","138.213222"
"矢代コミュニティスポーツセンター","新潟県妙高市大字志994","37.005316","138.212089"
"新井南小学校体育館","新潟県妙高市大字除戸1887","36.980477","138.268969"
"除戸集落開発センター","新潟県妙高市大字除戸526-1","36.983376","138.271195"
"総合支援学校体育館","新潟県妙高市大字小丸山新田56-2","37.024807","138.235548"
"小局集落開発センター","新潟県妙高市大字小局555-2","36.969293","138.296984"
"小原集会所","新潟県妙高市大字小原新田794","36.972142","138.267466"
"本田公民館","新潟県妙高市大字小出雲1-3-7","37.0188","138.25287"
"経塚山公園","新潟県妙高市大字小出雲2647","37.013901","138.254041"
"横町公民館","新潟県妙高市大字小出雲3-13-16","37.017809","138.255514"
"さくらこども園","新潟県妙高市大字小出雲3356","37.013622","138.255506"
"上四ツ屋公民館","新潟県妙高市大字上四ツ屋197-7","37.03665","138.251395"
"上小沢林業集落センター","新潟県妙高市大字上小沢4410","36.982947","138.325369"
"上新保コミュニティセンター","新潟県妙高市大字上新保528","37.016746","138.265741"
"上中集落研修センター","新潟県妙高市大字上中591-5","37.016","138.230467"
"上平丸神社","新潟県妙高市大字上平丸2701","36.946676","138.324306"
"杉野沢ふれあい広場","新潟県妙高市大字杉野沢1395-1","36.853169","138.171897"
"杉野沢トレーニングセンター","新潟県妙高市大字杉野沢1749","36.851949","138.165214"
"妙高市杉野沢総合センター","新潟県妙高市大字杉野沢2030","36.849969","138.163111"
"菅沼コミュニティセンター","新潟県妙高市大字菅沼434","36.995819","138.200446"
"水上児童遊園","新潟県妙高市大字西条445-5","37.028084","138.267263"
"水上コミュニティセンター","新潟県妙高市大字西条451","37.028586","138.268714"
"西条公民館","新潟県妙高市大字西条476","37.027575","138.269379"
"妙高市多目的集会施設西野谷会館","新潟県妙高市大字西野谷484-1","37.010172","138.186313"
"西野谷農村公園","新潟県妙高市大字西野谷487","37.010341","138.186227"
"矢代ふれあいの里　友楽里館","新潟県妙高市大字西野谷新田256-1","37.004288","138.183964"
"雪森公民館","新潟県妙高市大字雪森471-6","37.05722","138.239483"
"斐太北保育園","新潟県妙高市大字雪森652-3","37.055542","138.244899"
"南葉町会館","新潟県妙高市大字雪森926-4","37.057736","138.242783"
"雪森神社","新潟県妙高市大字雪森４５５－１内","37.05748","138.239223"
"川上公会堂","新潟県妙高市大字川上627","37.004273","138.270003"
"大原新田集出荷センター","新潟県妙高市大字大原新田604-1","36.964588","138.263383"
"大鹿克雪管理センター","新潟県妙高市大字大鹿2103","36.942217","138.25965"
"大鹿交流館","新潟県妙高市大字大鹿2104","36.942761","138.259947"
"大沢新田集落センター","新潟県妙高市大字大沢新田208-5","36.957816","138.267363"
"妙高市多目的集会施設大濁集落センター","新潟県妙高市大字大濁1767","36.983463","138.316737"
"大谷集会所","新潟県妙高市大字大谷554-1","36.907245","138.228452"
"下樽本集会所","新潟県妙高市大字樽本甲1928-1","36.895735","138.278463"
"上樽本集会所","新潟県妙高市大字樽本丙364","36.883369","138.276369"
"中横山集落センター","新潟県妙高市大字中横山460","36.97141","138.27437"
"中横山農村公園","新潟県妙高市大字中横山503","36.971584","138.274308"
"中宿集会所","新潟県妙高市大字中宿295-3","37.001877","138.265385"
"道の駅あらい","新潟県妙高市大字猪野山58-1","37.026055","138.225961"
"東長森農村公園","新潟県妙高市大字長森1260","37.022284","138.231141"
"旧斐太南保育園","新潟県妙高市大字長森1854","37.029588","138.237952"
"西長森集落開発センター","新潟県妙高市大字長森779","37.020769","138.223001"
"長沢茶屋","新潟県妙高市大字長沢1355-1","36.926716","138.301179"
"長沢農村公園","新潟県妙高市大字長沢1824","36.933115","138.296817"
"旧長沢小学校体育館","新潟県妙高市大字長沢3199","36.927227","138.301544"
"番場平公民館","新潟県妙高市大字長沢4012-1","36.929281","138.300638"
"長沢原集落センター","新潟県妙高市大字長沢原647-1","36.951858","138.282214"
"妙高市多目的集会施設坪山集落センター","新潟県妙高市大字坪山259","36.986159","138.30751"
"坪山農村公園","新潟県妙高市大字坪山889","36.986246","138.307092"
"田口公民館","新潟県妙高市大字田口105-2","36.874474","138.210083"
"東赤倉テニスコート","新潟県妙高市大字田口1450","36.882851","138.183894"
"妙高高原メッセ","新潟県妙高市大字田口33","36.871899","138.206609"
"第一スーパー駐車場","新潟県妙高市大字田口696","36.878138","138.21021"
"妙高高原こども園","新潟県妙高市大字田口942-1","36.878983","138.208257"
"妙高高原北小学校体育館","新潟県妙高市大字田切120","36.882597","138.206878"
"新赤倉公民館","新潟県妙高市大字田切204-9","36.885416","138.194443"
"新赤倉ふれあい広場","新潟県妙高市大字田切204-9","36.885151","138.194673"
"赤倉観光リゾート駐車場","新潟県妙高市大字田切216","36.886412","138.177051"
"白田切園","新潟県妙高市大字田切218","36.887646","138.184522"
"新赤倉インフォメーションセンター","新潟県妙高市大字田切218-7","36.886912","138.177813"
"田切コミュニティセンター","新潟県妙高市大字田切434","36.887073","138.206125"
"丸山　稔　宅前","新潟県妙高市大字土路152","36.917808","138.277966"
"東関集落センター","新潟県妙高市大字東関269-3","36.956289","138.274647"
"東志農村公園","新潟県妙高市大字東志410","37.007508","138.222637"
"東志ふれあいセンター","新潟県妙高市大字東志410","37.007443","138.222813"
"藤塚児童遊園","新潟県妙高市大字藤塚新田209-2","37.030777","138.239972"
"妙高市婦人・若者等活動促進施設　二俣会館","新潟県妙高市大字二俣1246-4","36.894126","138.208165"
"赤倉体育センター","新潟県妙高市大字二俣1516","36.889495","138.179104"
"飛田公民館","新潟県妙高市大字飛田466-1","37.063151","138.241394"
"斐太北小学校体育館","新潟県妙高市大字飛田690","37.057269","138.24284"
"久保田集会所","新潟県妙高市大字姫川原2900","37.001299","138.259134"
"坂井平集会所","新潟県妙高市大字姫川原3869","36.997956","138.265794"
"卯の花児童遊園","新潟県妙高市大字姫川原415","37.01565","138.260049"
"姫川原コミュニティスポーツセンター","新潟県妙高市大字姫川原762-1","37.006492","138.260384"
"妙高ふれあいパーク","新潟県妙高市大字米島新田61","36.941962","138.236848"
"北条農村公園","新潟県妙高市大字北条531-5","37.033364","138.272916"
"北条集落開発センター","新潟県妙高市大字北条639","37.035284","138.272368"
"毛祝坂ふれあい広場","新潟県妙高市大字毛祝坂111-1","36.875638","138.204437"
"毛祝坂公民館","新潟県妙高市大字毛祝坂45-2","36.873654","138.205074"
"岡崎新田公民館","新潟県妙高市大字柳井田1880-1","37.055804","138.249017"
"梨木ふれあいセンター","新潟県妙高市大字梨木403-1","37.034338","138.236567"
"両善寺農村公園","新潟県妙高市大字両善寺3164","37.004208","138.194534"
"妙高市多目的集会施設両善寺会館","新潟県妙高市大字両善寺319","37.005135","138.194838"
"両善寺北部集落研修センター","新潟県妙高市大字両善寺68-1","37.008478","138.198253"
"妙高市多目的集会施設泉会館","新潟県妙高市大字和屋52","36.973414","138.28255"
"妙高市多目的集会施設瑞穂会館","新潟県妙高市大字楡島128","36.95644","138.269815"
"楡島集落センター","新潟県妙高市大字楡島289-2","36.960277","138.271034"
"中央町公民館","新潟県妙高市中央町5-6","37.022736","138.255286"
"市営中川住宅集会所","新潟県妙高市中川6-1","37.037884","138.260055"
"妙高市いきいきプラザ","新潟県妙高市中町4-16","37.026141","138.251403"
"朝日町会館","新潟県妙高市朝日町1-10-3","37.027523","138.253097"
"新井高等学校体育館","新潟県妙高市田町1-10-1","37.021833","138.249497"
"田町公民館","新潟県妙高市田町1-8","37.022342","138.252153"
"東雲町会館","新潟県妙高市東雲町5-15","37.02861","138.252518"
"白山会館","新潟県妙高市白山町1-18-4","37.024757","138.24633"
"旧第三保育園跡地","新潟県妙高市白山町2-8-6","37.023283","138.244879"
"白山町公園","新潟県妙高市白山町3-1535-1","37.022871","138.241521"
"新井小学校体育館","新潟県妙高市白山町4-1-12","37.022939","138.247455"
"妙高市総合体育館","新潟県妙高市白山町4-1-31","37.020846","138.248322"
"新井流雪緑道","新潟県妙高市白山町4-1227-14","37.020954","138.24313"
"新井運動公園","新潟県妙高市白山町4-1526-1","37.0202","138.248191"
"末広町会館","新潟県妙高市末広町10","37.016242","138.244015"
"柳井田公民館","新潟県妙高市柳井田町1-6-2","37.051189","138.256747"
"ダイナム新井店駐車場","新潟県妙高市柳井田町4-1-1","37.054196","138.258909"
"弥彦小学校［体育館］","新潟県弥彦村大字井田3477","37.693101","138.845632"
"荻野農村公園","新潟県弥彦村大字荻野602","37.698459","138.862788"
"弥彦体育館","新潟県弥彦村大字上泉1753-1","37.710576","138.8299"
"弥彦けいりん会館","新潟県弥彦村大字上泉1801-1","37.711544","138.832207"
"夢の木はうす","新潟県弥彦村大字川崎39-1","37.680178","138.868634"
"ひかり保育園","新潟県弥彦村大字川崎52","37.680822","138.868933"
"村山農村公園","新潟県弥彦村大字村山1017","37.680021","138.839334"
"大戸農村公園","新潟県弥彦村大字大戸552","37.675897","138.866808"
"大戸企業団地多目的広場","新潟県弥彦村大字大戸635-4","37.675186","138.859445"
"弥彦駅前駐車場","新潟県弥彦村大字弥彦1075-15","37.699649","138.832449"
"弥彦総合文化会館","新潟県弥彦村大字弥彦2487-1","37.706842","138.832039"
"弥彦村営駐車場","新潟県弥彦村大字弥彦2582-1","37.70582","138.829922"
"弥彦保育園","新潟県弥彦村大字弥彦270-1","37.695867","138.833719"
"ヤホール","新潟県弥彦村大字弥彦971-5","37.700714","138.829904"
"弥彦公園","新潟県弥彦村大字弥彦971-7","37.699534","138.829164"
"二松保育園","新潟県弥彦村大字矢作269-1","37.693461","138.856176"
"きらめきの丘駐車場","新潟県弥彦村大字矢作4622","37.698412","138.855385"
"弥彦中学校［体育館］","新潟県弥彦村大字矢作4785","37.694324","138.852312"
"村民総合運動場","新潟県弥彦村大字矢作4877","37.694138","138.853407"
"農村環境改善センター","新潟県弥彦村大字矢作7405","37.691284","138.856348"
"弥彦村保健センター","新潟県弥彦村大字麓3047","37.679705","138.827042"
"サン・ビレッジ弥彦","新潟県弥彦村大字麓3134-3","37.682697","138.827181"
"まだらお高原山の家","長野県飯山市斑尾高原11492-70","36.855136","138.296614"