"施設名","所在地","緯度","経度"
"夷隅地区多目的研修センター広場","千葉県いすみ市行川721-1","35.283626","140.282383"
"国吉中学校グランド","千葉県いすみ市国府台1552","35.284992","140.313141"
"東小学校グランド","千葉県いすみ市山田460","35.260703","140.335066"
"東海小学校校舎３Ｆ","千葉県いすみ市若山1042","35.264413","140.384711"
"東海小学校グランド","千葉県いすみ市若山1042","35.263791","140.38492"
"東海保育所グランド","千葉県いすみ市若山238-1","35.263391","140.387357"
"浪花小学校グランド","千葉県いすみ市小沢1157","35.222644","140.384772"
"旧千町小学校グランド","千葉県いすみ市松丸3226","35.311913","140.323781"
"大原配水場敷地","千葉県いすみ市新田1486","35.253631","140.363252"
"大原クリーンセンター敷地","千葉県いすみ市新田24-5","35.254294","140.375974"
"夷隅小学校グランド","千葉県いすみ市深谷127","35.288785","140.313399"
"夷隅文化会館広場","千葉県いすみ市深谷1968-1","35.286915","140.302089"
"サンフラワー大原敷地・駐車場・建物１Ｆ～８Ｆ","千葉県いすみ市深堀1751-2","35.26062","140.397523"
"社会福祉法人　チルドレン・パラダイス　児童養護施設　子山ホーム広場","千葉県いすみ市深堀685","35.258788","140.382176"
"大原公園敷地","千葉県いすみ市大原10690","35.247314","140.399392"
"第二保育所屋上","千葉県いすみ市大原1595","35.237714","140.392281"
"鹿島台公園","千葉県いすみ市大原2077-27","35.23365","140.389756"
"農村環境改善センター駐車場","千葉県いすみ市大原6763","35.245459","140.38214"
"市役所大原庁舎駐車場","千葉県いすみ市大原7400-1","35.253884","140.385054"
"夷隅教育会館周辺建物周辺を除いた駐車場","千葉県いすみ市大原7400-10","35.252862","140.382454"
"大原中学校グランド","千葉県いすみ市大原7400-12","35.253777","140.380487"
"大原文化センター駐車場","千葉県いすみ市大原7838","35.24819","140.386431"
"大原小学校グランド","千葉県いすみ市大原8530-3","35.244893","140.390147"
"大原小学校屋上","千葉県いすみ市大原8530-3","35.245423","140.389927"
"浪花保育所グランド","千葉県いすみ市大原台323","35.205118","140.364097"
"大原台コミュニティセンター敷地・駐車場","千葉県いすみ市大原台324","35.20549","140.364842"
"エスポワール大原敷地・駐車場・建物","千葉県いすみ市日在2623","35.276257","140.388008"
"古沢公園公園","千葉県いすみ市岬町榎沢1871","35.32344","140.358414"
"古沢小学校グランド","千葉県いすみ市岬町岩熊563-2","35.320762","140.34041"
"古沢小学校屋上","千葉県いすみ市岬町岩熊563-2","35.320132","140.34063"
"津波避難タワー　第２避難ステージ（屋上）","千葉県いすみ市岬町江場土3721","35.300364","140.402777"
"中根小学校屋上","千葉県いすみ市岬町中滝954","35.29875","140.373222"
"中根小学校グランド","千葉県いすみ市岬町中滝954","35.298407","140.372968"
"岬公民館野球場","千葉県いすみ市岬町長者22","35.300198","140.383778"
"岬公民館館内２Ｆ","千葉県いすみ市岬町長者22","35.299519","140.384612"
"長者小学校グランド","千葉県いすみ市岬町長者330","35.295204","140.39285"
"長者小学校屋上","千葉県いすみ市岬町長者330","35.295668","140.392947"
"岬中学校グランド","千葉県いすみ市岬町椎木1370","35.320541","140.376064"
"県道　綱田方面敷地","千葉県いすみ市岬町椎木3254-1","35.328377","140.37526"
"太東小学校屋上","千葉県いすみ市岬町椎木408","35.318909","140.386925"
"太東小学校グランド","千葉県いすみ市岬町椎木408","35.319162","140.387161"
"岬ふれあい会館館内・駐車場","千葉県いすみ市岬町東中滝720-1","35.301286","140.387768"
"貴賓館建物３Ｆ～１３Ｆ","千葉県いすみ市岬町和泉185-12","35.322822","140.405981"
"エスポワール岬敷地・駐車場・建物","千葉県いすみ市岬町和泉330-1","35.323652","140.403156"
"太東崎灯台公園","千葉県いすみ市岬町和泉3508","35.308141","140.41291"
"九十九里ヴィラそとぼう　３階　屋外テラス","千葉県いすみ市岬町和泉4427-1","35.293989","140.404306"
"ジャルダン　カトレア　いすみ　館内・駐車場・敷地","千葉県いすみ市岬町和泉772-1","35.316161","140.4025"
"旭中央病院附属看護専門学校","千葉県旭市イの1182","35.717075","140.664651"
"中央第三保育所","千葉県旭市イの1835","35.723539","140.659221"
"道の駅「季楽里あさひ」","千葉県旭市イの5238","35.717886","140.675487"
"第二中学校","千葉県旭市ニの2510-1","35.719266","140.645506"
"あさひ市民センター","千葉県旭市ニの2787-1","35.723169","140.644793"
"旭スポーツの森公園","千葉県旭市ニの5491","35.722534","140.62928"
"総合体育館","千葉県旭市ニの5491","35.722252","140.631314"
"第一中学校","千葉県旭市ハの2304","35.710117","140.644963"
"旭文化の杜公園","千葉県旭市ハの250-1","35.714823","140.646414"
"中央小学校","千葉県旭市ハの74","35.716666","140.653865"
"旭農業高等学校","千葉県旭市ロの1","35.716625","140.658804"
"中央公園（中央児童遊園）","千葉県旭市ロの1426","35.720634","140.650511"
"豊畑小学校","千葉県旭市井戸野2738","35.710756","140.61433"
"飯岡福祉センター（旭市保健センター）","千葉県旭市横根3520","35.710611","140.715094"
"いいおかふれあいスポーツ公園","千葉県旭市横根3550","35.710244","140.713257"
"飯岡中学校校舎屋上","千葉県旭市横根3746","35.711202","140.712741"
"飯岡中学校","千葉県旭市横根3746","35.711416","140.71302"
"袋公園","千葉県旭市鎌数4013","35.732548","140.64782"
"東総工業高等学校","千葉県旭市鎌数5146","35.724997","140.604717"
"日清紡　旭テストコース","千葉県旭市鎌数9163-13","35.729592","140.610599"
"干潟小学校","千葉県旭市鎌数9508","35.72188","140.604019"
"滝のさと自然公園","千葉県旭市岩井1000","35.750753","140.690735"
"海上キャンプ場体育館","千葉県旭市岩井1000","35.751541","140.689721"
"岩井北部青年館","千葉県旭市岩井1328-1","35.762575","140.695179"
"幾世集会所","千葉県旭市幾世489","35.771134","140.687435"
"琴田小学校","千葉県旭市琴田2864-1","35.738883","140.656869"
"海上中央公園","千葉県旭市後草2233","35.726942","140.683598"
"池の端保育所","千葉県旭市江ケ崎1057","35.733865","140.653517"
"東六区集会所","千葉県旭市溝原523-2","35.783993","140.633621"
"海上公民館","千葉県旭市高生1","35.732944","140.690945"
"嚶鳴小学校","千葉県旭市高生3610","35.734616","140.672632"
"海上コミュニティ運動公園","千葉県旭市高生7","35.735256","140.691016"
"海上中学校","千葉県旭市高生77","35.732634","140.689878"
"三川ふれあい公園","千葉県旭市三川3719-4","35.711019","140.699194"
"三川小学校","千葉県旭市三川4643","35.706429","140.703488"
"三川小学校特別教室棟２階以上","千葉県旭市三川4643","35.706869","140.703305"
"三川避難タワー","千葉県旭市三川5885-2","35.701583","140.691514"
"蛇園区民館","千葉県旭市蛇園3203-1","35.726481","140.692233"
"鶴巻小学校","千葉県旭市蛇園5533","35.737553","140.701177"
"上永井集落センター","千葉県旭市上永井1097","35.69837","140.745064"
"上永井公園","千葉県旭市上永井1309-1","35.693764","140.739256"
"共和小学校","千葉県旭市新町771","35.742711","140.637761"
"富浦避難タワー","千葉県旭市神宮寺1797-5","35.680646","140.632902"
"亀の井ホテル九十九里","千葉県旭市仁玉2280-1","35.688131","140.65193"
"滝郷小学校","千葉県旭市清滝821","35.761992","140.686563"
"県総合スポーツセンター東総運動場","千葉県旭市清和乙621","35.774676","140.621164"
"熊野神社","千葉県旭市清和乙714","35.774333","140.615431"
"西足洗農村広場","千葉県旭市西足洗3577","35.710331","140.665142"
"大間手青年館","千葉県旭市大間手156","35.74728","140.690184"
"富浦小学校校舎２階以上","千葉県旭市中谷里3383-2","35.695167","140.633297"
"富浦小学校","千葉県旭市中谷里3383-2","35.694754","140.632744"
"矢指避難タワー","千葉県旭市椎名内1173-2","35.695901","140.666706"
"矢指小学校","千葉県旭市椎名内1278","35.702889","140.668516"
"矢指小学校体育館２階","千葉県旭市椎名内1278","35.703011","140.667551"
"日の出山公園","千葉県旭市椎名内3881","35.702022","140.670961"
"古城小学校","千葉県旭市鏑木2699","35.759802","140.591863"
"妙経寺","千葉県旭市鏑木912","35.759094","140.575384"
"ひかた市民センター","千葉県旭市南堀之内10","35.766352","140.618649"
"ふれあいセンター","千葉県旭市入野1355-1","35.757307","140.624857"
"干潟中学校","千葉県旭市入野2170","35.770902","140.620924"
"双葉団地Ａ（市営住宅）","千葉県旭市萩園1243-7","35.704895","140.711809"
"いいおか潮騒ホテル","千葉県旭市萩園1437","35.702993","140.710853"
"いいおか保育所","千葉県旭市萩園1752-1","35.70846","140.714207"
"塙農村協同館","千葉県旭市塙1399","35.715942","140.729558"
"塙新町区民館","千葉県旭市塙2745","35.721598","140.731968"
"飯岡小学校本校舎３階以上","千葉県旭市飯岡2020-1","35.70092","140.725593"
"飯岡小学校","千葉県旭市飯岡2020-1","35.700602","140.724933"
"ひかり保育園","千葉県旭市飯岡2115-2","35.698556","140.727881"
"飯岡避難タワー","千葉県旭市飯岡2164-1","35.697183","140.725389"
"下永井団地（市営住宅）","千葉県旭市飯岡3491","35.695358","140.731802"
"萬歳地区多目的研修センター","千葉県旭市櫻井123-1","35.780689","140.648214"
"萬歳小学校","千葉県旭市萬歳惣堀番外1","35.774136","140.652878"
"コミュニティセンター","千葉県旭市萬力2231","35.748176","140.595207"
"ホテル一宮シーサイドオーツカ","千葉県一宮町一宮10000","35.362059","140.388457"
"東京電子健保上総一宮海浜保養所","千葉県一宮町一宮10163","35.375477","140.387985"
"伊勢化学工業㈱一宮工場本事務所","千葉県一宮町一宮10230-20","35.378459","140.386077"
"一宮町役場４階以上","千葉県一宮町一宮2457","35.372626","140.368673"
"中央公民館","千葉県一宮町一宮2460","35.371969","140.368634"
"玉前神社境内","千葉県一宮町一宮3048","35.376126","140.36062"
"一宮商業高校グラウンド","千葉県一宮町一宮3287","35.375109","140.358348"
"観明寺境内","千葉県一宮町一宮3316","35.374453","140.359773"
"一宮小学校","千葉県一宮町一宮3351","35.37362","140.361723"
"振武館","千葉県一宮町一宮3404","35.372828","140.361531"
"一宮中学校","千葉県一宮町一宮5052","35.375286","140.356168"
"ＧＳＳセンター","千葉県一宮町一宮5072","35.373984","140.354664"
"エスイーグルキャンプ","千葉県一宮町一宮8062","35.361879","140.352129"
"愛光保育園屋上","千葉県一宮町宮原69","35.383233","140.363414"
"綱田集会所","千葉県一宮町綱田2","35.336851","140.381875"
"アジュール一ノ宮","千葉県一宮町新地甲2434-1","35.386201","140.386109"
"一宮喜楽園屋上","千葉県一宮町船頭給201","35.382237","140.368192"
"船頭給県営住宅４階以上","千葉県一宮町船頭給237","35.382989","140.367726"
"東浪見小学校","千葉県一宮町東浪見1516-2","35.348817","140.379527"
"遍照寺境内","千葉県一宮町東浪見3009","35.350112","140.373797"
"一の宮カントリー倶楽部","千葉県一宮町東浪見3166","35.343617","140.365585"
"釣ヶ崎グランピングリゾート頂上プール","千葉県一宮町東浪見41-1","35.3338","140.38972"
"グランドヴィュー・一宮","千葉県一宮町東浪見60-1","35.334898","140.388775"
"クレメンティアＡ＆Ｎ","千葉県一宮町東浪見6918-1","35.354779","140.387363"
"本給望洋公園","千葉県一宮町本給10-1","35.366965","140.363743"
"浦幡新田公園","千葉県印西市浦幡新田283-1","35.809159","140.110206"
"松山下公園","千葉県印西市浦部275","35.8246","140.11458"
"印旛西部公園","千葉県印西市岩戸2869","35.764163","140.163272"
"草深公園","千葉県印西市原2-4","35.800742","140.165725"
"千葉県立北総花の丘公園","千葉県印西市原山1-12-1","35.800112","140.123519"
"高花公園","千葉県印西市高花5-4","35.795994","140.136773"
"萩原公園","千葉県印西市若萩4-1","35.790688","140.208825"
"大塚前公園","千葉県印西市小倉台1-385","35.804577","140.112912"
"浅間山公園","千葉県印西市小林浅間3-1-10","35.827476","140.194815"
"松崎台公園","千葉県印西市松崎台1-23","35.787344","140.142897"
"印旛中央公園","千葉県印西市瀬戸1504-1","35.779963","140.222232"
"西の原公園","千葉県印西市西の原1-4","35.801995","140.157099"
"泉公園","千葉県印西市泉野3-102","35.804721","140.130067"
"滝野公園","千葉県印西市滝野4-2-1","35.80699","140.172155"
"本埜スポーツプラザ","千葉県印西市中根1362-2","35.81055","140.198271"
"東の原公園","千葉県印西市東の原3-105","35.797119","140.172302"
"多田羅田公園","千葉県印西市内野1-10-1","35.795994","140.127034"
"東京電機大学千葉ニュータウンキャンパス","千葉県印西市武西学園台2-1200","35.794843","140.10925"
"松虫姫公園","千葉県印西市舞姫3-2-1","35.78561","140.207012"
"別所谷津公園","千葉県印西市牧の原3-2","35.81125","140.159798"
"牧の原公園","千葉県印西市牧の原5-1613-1","35.808954","140.16999"
"木下万葉公園","千葉県印西市木下字平台1944","35.835488","140.154708"
"木下交流の杜公園","千葉県印西市木下字平台804","35.837731","140.15788"
"海楽公園","千葉県浦安市海楽2-36","35.659545","139.909245"
"浦安中学校","千葉県浦安市海楽2-36-1","35.660625","139.907806"
"高洲北小学校","千葉県浦安市高洲2-2-1","35.638695","139.911285"
"高洲太陽の丘公園","千葉県浦安市高洲2-7","35.637866","139.908136"
"高洲中央公園","千葉県浦安市高洲4-1-1","35.635992","139.914987"
"高洲小学校","千葉県浦安市高洲4-2-1","35.636341","139.916855"
"高洲中学校","千葉県浦安市高洲7-3-1","35.633148","139.916382"
"高洲海浜公園","千葉県浦安市高洲9-18","35.63155","139.920609"
"今川トリム公園","千葉県浦安市今川3-12","35.639033","139.904801"
"今川球技場","千葉県浦安市今川3-12","35.63968","139.905548"
"東野小学校","千葉県浦安市東野1-7-3","35.651554","139.901428"
"日の出小学校","千葉県浦安市日の出3-1-1","35.646877","139.926559"
"日の出中学校","千葉県浦安市日の出3-1-2","35.646877","139.926559"
"日の出北公園","千葉県浦安市日の出3-2","35.648179","139.927351"
"日の出おひさま公園","千葉県浦安市日の出5-2","35.643166","139.926494"
"日の出南小学校","千葉県浦安市日の出5-4-4","35.642189","139.929459"
"入船小学校","千葉県浦安市入船3-66-1","35.645565","139.912775"
"入船中学校","千葉県浦安市入船3-66-3","35.64474","139.913907"
"まちづくり活動プラザ","千葉県浦安市入船5-45-1","35.65387","139.919098"
"美浜運動公園","千葉県浦安市入船5-46","35.654481","139.918023"
"東小学校","千葉県浦安市猫実1-11-1","35.655495","139.902725"
"浦安公園","千葉県浦安市猫実1-2","35.654756","139.901888"
"浦安小学校","千葉県浦安市猫実4-9-1","35.663216","139.894867"
"若潮公園","千葉県浦安市美浜2-15-1","35.648002","139.90911"
"美浜南小学校","千葉県浦安市美浜3-15-1","35.651051","139.907516"
"美浜北小学校","千葉県浦安市美浜5-12-1","35.655449","139.915359"
"美浜北小学校","千葉県浦安市美浜5-12-2","35.655449","139.915359"
"美浜中学校","千葉県浦安市美浜5-12-2","35.655449","139.915359"
"美浜公園","千葉県浦安市美浜5-14","35.655006","139.916762"
"富岡小学校","千葉県浦安市富岡1-1-1","35.648228","139.904556"
"富岡中学校","千葉県浦安市富岡1-23-1","35.649792","139.904099"
"中央公園","千葉県浦安市富岡4-25","35.644777","139.898394"
"堀江中学校","千葉県浦安市富士見2-19-1","35.650421","139.890442"
"舞浜公園","千葉県浦安市舞浜2-1","35.642449","139.884545"
"舞浜小学校","千葉県浦安市舞浜2-1-1","35.641628","139.884995"
"浦安市運動公園","千葉県浦安市舞浜2-27","35.629613","139.891667"
"大三角公園","千葉県浦安市舞浜3-37","35.635085","139.892144"
"見明川中学校","千葉県浦安市弁天3-1-1","35.638367","139.896103"
"見明川小学校","千葉県浦安市弁天3-1-2","35.638367","139.896103"
"弁天ふれあいの森公園","千葉県浦安市弁天4-13","35.638176","139.891225"
"北部小学校","千葉県浦安市北栄3-20-1","35.665024","139.900558"
"南小学校","千葉県浦安市堀江5-4-1","35.654716","139.892868"
"明海小学校","千葉県浦安市明海2-13-4","35.641003","139.918198"
"明海の丘公園","千葉県浦安市明海3-1","35.640093","139.919318"
"明海南小学校　明海中学校","千葉県浦安市明海5-5-1","35.638771","139.924454"
"総合公園","千葉県浦安市明海7-2","35.636414","139.927913"
"安食小学校","千葉県栄町安食305","35.839606","140.238447"
"栄中学校","千葉県栄町安食55","35.846765","140.238209"
"ふれあいプラザさかえ","千葉県栄町安食938-1","35.843576","140.246728"
"安食台小学校","千葉県栄町安食台4-34-1","35.846193","140.246496"
"興津集会所","千葉県栄町興津1137","35.853111","140.270808"
"布鎌小学校","千葉県栄町請方157-1","35.849197","140.196539"
"（旧）北辺田小学校","千葉県栄町北辺田212","35.855574","140.266391"
"麻生集会所","千葉県栄町麻生182-1","35.840643","140.268318"
"矢口集会所","千葉県栄町矢口6-1","35.864838","140.278577"
"竜角寺台小学校","千葉県栄町竜角寺台6-26-1","35.833169","140.281685"
"千葉県立栄特別支援学校","千葉県栄町龍角寺1112-2","35.828964","140.272203"
"（旧）酒直小学校","千葉県栄町龍角寺33","35.831726","140.264344"
"横芝小学校","千葉県横芝光町横芝1800","35.655154","140.483861"
"横芝光町文化会館","千葉県横芝光町横芝922-1","35.663514","140.487467"
"テンダーヴィラ九十九里","千葉県横芝光町屋形5025-3","35.608996","140.521858"
"津波避難タワー","千葉県横芝光町屋形5275-14","35.612999","140.528168"
"町体育館","千葉県横芝光町宮川11905","35.665897","140.50523"
"横芝光町町民会館","千葉県横芝光町宮川11907-2","35.665315","140.505291"
"光小学校","千葉県横芝光町宮川4655","35.656202","140.506039"
"光中学校","千葉県横芝光町宮川5883","35.666994","140.50296"
"横芝敬愛高等学校","千葉県横芝光町栗山4508","35.644216","140.504162"
"横芝中学校","千葉県横芝光町坂田池3-1","35.662771","140.470204"
"日吉小学校","千葉県横芝光町篠本5177","35.700315","140.486971"
"旧南条小学校","千葉県横芝光町小田部1054","35.680817","140.497933"
"セザールマンション","千葉県横芝光町尾垂イ3513-39","35.630146","140.554445"
"上堺小学校","千葉県横芝光町北清水181","35.620107","140.508565"
"白浜小学校","千葉県横芝光町木戸1334","35.627726","140.531863"
"光楽園老人ホーム","千葉県横芝光町木戸9628-9","35.620956","140.543671"
"旧大総小学校","千葉県横芝光町木戸台2012","35.679311","140.460374"
"久寺家中学校","千葉県我孫子市つくし野171","35.88527","140.003711"
"根戸小学校","千葉県我孫子市つくし野4-17-1","35.881938","140.005794"
"並木小学校","千葉県我孫子市つくし野7-30-1","35.8788","140.020793"
"我孫子ゴルフ倶楽部","千葉県我孫子市岡発戸1110","35.867554","140.051134"
"五本松公園","千葉県我孫子市岡発戸1431","35.85872","140.058503"
"五本松運動広場","千葉県我孫子市岡発戸1433-2","35.861275","140.057865"
"我孫子第二小学校","千葉県我孫子市下ケ戸610","35.871664","140.05815"
"一般財団法人電力中央研究所","千葉県我孫子市我孫子1646","35.876608","140.026936"
"中央学院大学","千葉県我孫子市久寺家451","35.882716","140.018626"
"我孫子二階堂高等学校","千葉県我孫子市久寺家479-1","35.884826","140.01621"
"湖北中学校","千葉県我孫子市古戸300","35.868581","140.091868"
"湖北台東小学校","千葉県我孫子市湖北台4-3-1","35.862432","140.077364"
"湖北台中学校","千葉県我孫子市湖北台6-9-1","35.860721","140.071371"
"湖北台中央公園","千葉県我孫子市湖北台7-5","35.86273","140.073225"
"湖北台西小学校","千葉県我孫子市湖北台8-17-1","35.866415","140.07001"
"高野山小学校","千葉県我孫子市高野山198","35.866386","140.030708"
"我孫子中学校","千葉県我孫子市高野山537","35.865664","140.038235"
"高野山桃山公園","千葉県我孫子市高野山字前原４５４－３地先","35.862964","140.037326"
"柴崎台中央公園","千葉県我孫子市柴崎台2-14","35.87574","140.04286"
"我孫子第三小学校","千葉県我孫子市柴崎台3-3-1","35.878478","140.041754"
"手賀沼公園","千葉県我孫子市若松1","35.8656","140.015222"
"県立我孫子高等学校","千葉県我孫子市若松18-4","35.863164","140.025626"
"我孫子第一小学校","千葉県我孫子市寿1-22-10","35.869135","140.020293"
"県立我孫子東高等学校","千葉県我孫子市新新田172","35.844418","140.129894"
"新木小学校","千葉県我孫子市新木1460","35.867914","140.102339"
"気象台記念公園","千葉県我孫子市新木野2-5","35.864759","140.111266"
"中峠亀田谷公園","千葉県我孫子市中峠1645-1","35.872321","140.077612"
"湖北小学校","千葉県我孫子市中里95","35.866109","140.087647"
"天王台西公園","千葉県我孫子市天王台4-8","35.871456","140.038878"
"中央学院高等学校","千葉県我孫子市都部765","35.863637","140.060483"
"南新木沖田公園","千葉県我孫子市南新木3-12-1","35.859296","140.102808"
"我孫子第四小学校","千葉県我孫子市白山3-2-1","35.871689","140.004711"
"白山中学校","千葉県我孫子市白山3-7-3","35.869773","140.004739"
"布佐小学校","千葉県我孫子市布佐1217","35.856333","140.131282"
"布佐中学校","千葉県我孫子市布佐1301","35.855749","140.133087"
"布佐南小学校","千葉県我孫子市布佐平和台5-1-1","35.856888","140.120699"
"布佐南公園","千葉県我孫子市布佐平和台５地内","35.858311","140.121543"
"くぬぎ山公園","千葉県鎌ケ谷市くぬぎ山４－２－４６－１０地先","35.781451","139.974002"
"第三中学校（運動場）","千葉県鎌ケ谷市粟野450","35.785275","139.99676"
"北部小学校（運動場）","千葉県鎌ケ谷市粟野735","35.789809","140.005558"
"東部小学校（運動場）","千葉県鎌ケ谷市鎌ケ谷8-3-11","35.755037","140.008648"
"西部小学校（運動場）","千葉県鎌ケ谷市初富110","35.784649","139.985043"
"鎌ケ谷西高等学校（運動場）","千葉県鎌ケ谷市初富284-7","35.790142","139.989024"
"第五中学校（運動場）","千葉県鎌ケ谷市初富806-262","35.779555","140.022037"
"鎌ケ谷市民体育館（駐車場他）","千葉県鎌ケ谷市初富860-3","35.781233","140.01358"
"市制記念公園","千葉県鎌ケ谷市初富924-6","35.782397","140.007059"
"鎌ケ谷小学校（運動場）","千葉県鎌ケ谷市中央2-1-1","35.772505","140.002519"
"第四中学校（運動場）","千葉県鎌ケ谷市中沢1024-1","35.763385","139.979852"
"鎌ケ谷カントリークラブ（ゴルフ練習場）","千葉県鎌ケ谷市中沢1338-3","35.767137","139.982222"
"南部小学校（運動場）","千葉県鎌ケ谷市中沢726","35.756229","139.98621"
"初富小学校（体育館）","千葉県鎌ケ谷市東初富1-20-1","35.771428","140.014257"
"南初富保育園（運動場）","千葉県鎌ケ谷市東初富2-6-50","35.769714","140.0112"
"鎌ケ谷高等学校（運動場）","千葉県鎌ケ谷市東道野辺1-4-1","35.756391","139.994641"
"第二中学校（運動場）","千葉県鎌ケ谷市東道野辺4-19-26","35.757134","140.004672"
"道野辺小学校（運動場）","千葉県鎌ケ谷市東道野辺5-5-1","35.752493","140.000035"
"中部小学校（運動場）","千葉県鎌ケ谷市道野辺中央3-12-3","35.764126","139.991456"
"道野辺保育園（運動場）","千葉県鎌ケ谷市道野辺中央5-7-10","35.76074","139.992616"
"五本松小学校（運動場）","千葉県鎌ケ谷市南初富1-16-1","35.775597","140.009143"
"鎌ケ谷中学校（運動場）","千葉県鎌ケ谷市富岡1-2-1","35.769568","139.999752"
"粟斗公会堂","千葉県鴨川市粟斗287-1","35.132493","140.094036"
"長狭高等学校","千葉県鴨川市横渚100","35.107781","140.09659"
"鴨川小学校","千葉県鴨川市横渚500","35.099494","140.100864"
"横尾公会堂","千葉県鴨川市横尾38","35.136071","140.007328"
"下小原集会所","千葉県鴨川市下小原241","35.117132","140.057796"
"花房青年館","千葉県鴨川市花房438-1","35.122494","140.092442"
"花房滝口神社","千葉県鴨川市花房874","35.126379","140.094222"
"心巌寺","千葉県鴨川市貝渚2002-1","35.096635","140.098292"
"八雲神社","千葉県鴨川市貝渚2202","35.094351","140.102633"
"黒潮莊","千葉県鴨川市貝渚2565","35.088745","140.098313"
"白幡神社","千葉県鴨川市貝渚3102","35.096546","140.10048"
"貝渚八幡神社","千葉県鴨川市貝渚801","35.102959","140.090502"
"滑谷青年館","千葉県鴨川市滑谷605","35.111218","140.089901"
"釜沼北集会所","千葉県鴨川市釜沼1029","35.140462","139.984063"
"江見小学校","千葉県鴨川市宮1451-1","35.091365","140.084644"
"長狭学園","千葉県鴨川市宮山176","35.130915","140.01666"
"大山公民館","千葉県鴨川市金束5","35.144214","139.967892"
"小松原鏡忍寺","千葉県鴨川市広場1413","35.119271","140.106433"
"東条公民館","千葉県鴨川市広場1588-1","35.122175","140.107841"
"鴨川中学校","千葉県鴨川市広場2201","35.116439","140.09872"
"広場区集会所","千葉県鴨川市広場819-1","35.110982","140.110668"
"吉浦青年館","千葉県鴨川市江見吉浦47-1","35.060153","140.072959"
"太夫崎集会所","千葉県鴨川市江見太夫崎292-2","35.065453","140.078544"
"東組集会所","千葉県鴨川市江見東真門412-1","35.056898","140.044631"
"佐野集落センター","千葉県鴨川市佐野209","35.140296","139.981863"
"田原小学校","千葉県鴨川市坂東285","35.121205","140.068014"
"四方木ふれあい館","千葉県鴨川市四方木367-2","35.175128","140.134033"
"妙蓮寺","千葉県鴨川市小湊129-1","35.121846","140.199777"
"誕生寺布教殿堂","千葉県鴨川市小湊183","35.118996","140.198674"
"長狭認定こども園","千葉県鴨川市松尾寺417","35.132331","140.006852"
"上小原青年館","千葉県鴨川市上小原64","35.12307","140.033143"
"主基公民館","千葉県鴨川市成川34","35.129928","140.038136"
"旧主基小学校","千葉県鴨川市成川35","35.130332","140.037638"
"清澄憩いの家","千葉県鴨川市清澄155","35.160387","140.148253"
"清澄寺","千葉県鴨川市清澄322-1","35.161004","140.15147"
"西集会所","千葉県鴨川市西747","35.09738","140.012674"
"北区公会堂","千葉県鴨川市西江見680-1","35.070154","140.044298"
"西山集会所","千葉県鴨川市西山94","35.07373","140.057304"
"新田公会堂","千葉県鴨川市西町1221-5","35.119465","140.114751"
"東条小学校","千葉県鴨川市西町364","35.123664","140.109628"
"川代地区集会所","千葉県鴨川市川代1361","35.112063","140.06295"
"中央公民館","千葉県鴨川市前原60","35.101025","140.103527"
"鴨川青少年自然の家","千葉県鴨川市太海122-1","35.087589","140.100539"
"日摺間公会堂","千葉県鴨川市太田学11-1","35.135631","140.065311"
"太田学青年館","千葉県鴨川市太田学372-1","35.132303","140.055109"
"太尾青年館","千葉県鴨川市太尾130","35.114298","140.075809"
"打墨公会堂","千葉県鴨川市打墨1341","35.130973","140.080296"
"西条小学校","千葉県鴨川市打墨220","35.121089","140.083485"
"代集会所","千葉県鴨川市代462","35.091512","140.066761"
"真福寺","千葉県鴨川市大幡1177","35.137535","139.985968"
"龍江寺","千葉県鴨川市大幡854-1","35.141073","139.990421"
"大里神社","千葉県鴨川市大里506","35.112174","140.082786"
"池田公会堂","千葉県鴨川市池田235-1","35.128563","140.057633"
"西福寺","千葉県鴨川市竹平533","35.127446","140.067372"
"曽呂公民館","千葉県鴨川市仲町590-1","35.093423","140.055728"
"旧曽呂小学校","千葉県鴨川市仲町605-1","35.094105","140.054554"
"芝町コミュニティセンター","千葉県鴨川市天津1016","35.125487","140.15446"
"安房東中学校","千葉県鴨川市天津1033","35.124287","140.152365"
"天津小湊公民館","千葉県鴨川市天津1092-7","35.122415","140.153581"
"天津小湊小学校","千葉県鴨川市天津1166","35.124751","140.15405"
"天津小湊認定こども園","千葉県鴨川市天津1208-1","35.123676","140.15464"
"萬福寺","千葉県鴨川市天津1276-1","35.122997","140.157507"
"海福寺","千葉県鴨川市天津1553-1","35.124755","140.160968"
"天津小湊保健福祉センター","千葉県鴨川市天津163-1","35.121351","140.149696"
"谷町コミュニティセンター","千葉県鴨川市天津1848-1","35.123847","140.165196"
"日澄寺","千葉県鴨川市天津1850","35.124574","140.163255"
"新町青年館","千葉県鴨川市天津2029-2","35.124944","140.16882"
"神明神社","千葉県鴨川市天津2954","35.128783","140.171316"
"坂本鳥居館","千葉県鴨川市天津3459-5","35.132725","140.150655"
"引土青年館","千葉県鴨川市天津70","35.119925","140.151646"
"わんぱくハウス","千葉県鴨川市天津78","35.119098","140.150132"
"天面善光寺","千葉県鴨川市天面163-1","35.072303","140.083384"
"掛松寺","千葉県鴨川市東町1971","35.119816","140.118684"
"奈良林青年館","千葉県鴨川市奈良林455","35.138891","139.97647"
"奧谷青年館","千葉県鴨川市内浦1310-1","35.141783","140.195456"
"西蓮寺","千葉県鴨川市内浦1726","35.133615","140.194277"
"吾妻神社","千葉県鴨川市内浦1806","35.129263","140.196386"
"小湊さとうみ学校","千葉県鴨川市内浦1923","35.128104","140.194476"
"善龍寺","千葉県鴨川市内浦2738","35.125251","140.195625"
"内浦山県民の森","千葉県鴨川市内浦3228","35.159899","140.197665"
"大萩神社","千葉県鴨川市内浦354-1","35.129254","140.188838"
"大萩青年館","千葉県鴨川市内浦468","35.130793","140.192652"
"高生寺","千葉県鴨川市内浦544","35.131008","140.191892"
"コミュニティセンター小湊","千葉県鴨川市内浦563","35.129855","140.191427"
"南小町区民センター","千葉県鴨川市南小町1212","35.123753","140.027624"
"畑青年館","千葉県鴨川市畑933","35.086771","140.033026"
"西条公民館","千葉県鴨川市八色1244-1","35.123397","140.084281"
"福祉センター","千葉県鴨川市八色866","35.12241","140.084829"
"浜荻西青年館","千葉県鴨川市浜荻1145-1","35.120756","140.142035"
"貴船神社","千葉県鴨川市浜荻1185","35.120641","140.144228"
"薬師堂","千葉県鴨川市浜荻1288-1","35.119042","140.147825"
"平塚区民センター","千葉県鴨川市平塚1905","35.134852","139.957569"
"北小町青年館","千葉県鴨川市北小町1770-3","35.129283","140.045575"
"春日神社","千葉県鴨川市北風原307","35.133875","139.991285"
"安国寺","千葉県鴨川市北風原911-1","35.136444","140.001969"
"来秀青年館","千葉県鴨川市来秀198","35.103881","140.0818"
"和泉公会堂","千葉県鴨川市和泉1612","35.128776","140.102669"
"九重小学校","千葉県館山市安東3","35.000436","139.918694"
"八坂神社","千葉県館山市伊戸1239","34.958464","139.774221"
"御嶽神社下","千葉県館山市伊戸2015","34.958398","139.783983"
"西岬地区公民館分館","千葉県館山市伊戸2503","34.958754","139.788344"
"道の駅グリーンファーム館山","千葉県館山市稲274","35.000059","139.907023"
"御嶽神社","千葉県館山市塩見365","34.973327","139.811599"
"西岬小学校","千葉県館山市加賀名151","34.967495","139.793063"
"館山小学校","千葉県館山市館山317","34.981796","139.852386"
"城山公園周辺","千葉県館山市館山362","34.980832","139.856092"
"熊野神社","千葉県館山市宮城172","34.980015","139.839907"
"豊津ホール","千葉県館山市宮城192-2","34.98254","139.84156"
"犬石神社","千葉県館山市犬石142-1","34.929482","139.836403"
"旧神戸小学校","千葉県館山市犬石1496","34.933956","139.838087"
"西岬地区公民館","千葉県館山市見物65","34.972487","139.799352"
"浅間神社","千葉県館山市香983-2","34.976556","139.820302"
"房南学園","千葉県館山市佐野2070","34.941788","139.841028"
"諏訪神社","千葉県館山市坂井196","34.95597","139.796174"
"波切不動尊","千葉県館山市坂足419","34.959393","139.789999"
"西方寺","千葉県館山市坂田347","34.97439","139.774712"
"館野小学校","千葉県館山市山本1028","34.991695","139.891416"
"洲宮神社","千葉県館山市洲宮921","34.952582","139.838478"
"洲崎神社","千葉県館山市洲崎1697","34.968035","139.758223"
"宝安禅寺","千葉県館山市小沼21","34.959095","139.792696"
"総持院","千葉県館山市沼1139","34.980796","139.846608"
"国司神社","千葉県館山市沼931","34.982322","139.843912"
"神明神社","千葉県館山市新宿51","34.988978","139.86764"
"神余分校","千葉県館山市神余1363","34.930077","139.868594"
"八雲神社","千葉県館山市正木1378-1","35.017001","139.86327"
"吾妻神社","千葉県館山市西川名1668","34.962613","139.763177"
"長勝寺","千葉県館山市川名549","35.03164","139.855754"
"船形学園","千葉県館山市船形1377","35.030466","139.839241"
"旧船形小学校","千葉県館山市船形405-2","35.027703","139.848177"
"西行寺周辺","千葉県館山市船形745","35.031959","139.845816"
"相浜神社","千葉県館山市相浜42-1","34.925556","139.830125"
"館山海上技術学校","千葉県館山市大賀","34.980683","139.830841"
"豊房小学校","千葉県館山市大戸266-2","34.974407","139.878106"
"安房神社","千葉県館山市大神宮508","34.922445","139.836721"
"安房特別支援学校","千葉県館山市中里284-1","34.928507","139.846163"
"来福寺","千葉県館山市長須賀46","34.985849","139.865559"
"那古寺","千葉県館山市那古1125","35.024768","139.860088"
"那古船形小学校","千葉県館山市那古272","35.026323","139.868444"
"第一中学校","千葉県館山市那古954","35.022116","139.857743"
"光明院","千葉県館山市波左間599","34.972096","139.783961"
"旧畑小学校","千葉県館山市畑73","34.935127","139.909434"
"（株）ダイナム千葉館山店","千葉県館山市八幡246","35.003566","139.869051"
"安房高校","千葉県館山市八幡385","35.000305","139.866518"
"鶴谷八幡宮","千葉県館山市八幡68","35.00521","139.866614"
"東光寺","千葉県館山市布沼1259","34.952763","139.82168"
"龍樹院","千葉県館山市布良280","34.919919","139.827462"
"布良崎神社","千葉県館山市布良379","34.9174","139.826334"
"安房自然村","千葉県館山市布良600","34.915527","139.828238"
"館山総合高校","千葉県館山市北条106","35.001216","139.874188"
"安房高校第二グランド","千葉県館山市北条1346-1","34.999374","139.868669"
"館山中学校","千葉県館山市北条1452","34.995728","139.868103"
"中央公園","千葉県館山市北条1740","34.993801","139.867967"
"北条小学校","千葉県館山市北条456","34.99523","139.873026"
"コミュニティーセンター","千葉県館山市北条740-1","34.98923","139.873804"
"子安神社","千葉県館山市湊189","35.008467","139.869544"
"奥山公民館","千葉県鋸南町奥山305","35.122619","139.907091"
"田子コミュニティセンター","千葉県鋸南町下佐久間1380-1","35.106064","139.844082"
"鋸南小学校","千葉県鋸南町下佐久間2500","35.11034","139.837217"
"岩井袋運動場","千葉県鋸南町岩井袋207","35.102058","139.833937"
"鋸東コミュニティセンター","千葉県鋸南町市井原4-1","35.143199","139.883692"
"内宿青年館","千葉県鋸南町勝山63","35.109826","139.829291"
"小保田コミュニティセンター","千葉県鋸南町小保田171","35.143599","139.875442"
"旧佐久間小学校","千葉県鋸南町上佐久間13","35.117884","139.876302"
"大崩公民館","千葉県鋸南町大崩1057","35.135473","139.906629"
"鋸南中学校","千葉県鋸南町大六165","35.12166","139.835989"
"保健福祉総合センター","千葉県鋸南町保田560","35.140551","139.84285"
"保田総合センター","千葉県鋸南町保田576-1","35.139818","139.840683"
"道の駅保田小学校","千葉県鋸南町保田724","35.143515","139.843765"
"鋸南海洋センター","千葉県鋸南町竜島1111-6","35.104745","139.83277"
"竜島集落センター跡地","千葉県鋸南町竜島241","35.116132","139.834994"
"九十九里小学校","千葉県九十九里町小関1797-1","35.54776","140.444581"
"小関納屋地区津波避難タワー","千葉県九十九里町小関2347-98","35.538077","140.456839"
"株式会社メディセオ　九十九里研修センター","千葉県九十九里町真亀4085","35.509159","140.42735"
"国民宿舎サンライズ九十九里","千葉県九十九里町真亀4908","35.500922","140.429735"
"豊海小学校","千葉県九十九里町不動堂306","35.517403","140.418428"
"シャロームⅡ","千葉県九十九里町片貝1629","35.523039","140.439626"
"九十九里中学校","千葉県九十九里町片貝1899-4","35.538069","140.424051"
"九十九里高等学校","千葉県九十九里町片貝1910","35.538962","140.422001"
"医療法人社団慈優会　住宅型有料老人ホーム　シルバーシャドウ","千葉県九十九里町片貝2705-7","35.532842","140.437976"
"中央公民館","千葉県九十九里町片貝2915","35.535501","140.441223"
"片貝小学校","千葉県九十九里町片貝3193","35.534913","140.438105"
"創価学会九十九里会館","千葉県九十九里町片貝3409","35.530644","140.443772"
"宗教法人妙智會教団千葉聖地","千葉県九十九里町片貝4184-1","35.547877","140.438593"
"外箕輪小学校","千葉県君津市外箕輪1-34-1","35.315448","139.922163"
"生涯学習交流センター","千葉県君津市久保2-13-2","35.329958","139.901343"
"君津中央公園","千葉県君津市久保5-1-1","35.32794","139.907172"
"上総小学校","千葉県君津市久留里474","35.296319","140.082265"
"旧久留里中学校","千葉県君津市久留里474","35.297703","140.082321"
"上総地域交流センター","千葉県君津市久留里市場192-5","35.295348","140.07655"
"久留里スポーツ広場","千葉県君津市久留里市場368-1","35.296463","140.073704"
"周南中学校","千葉県君津市宮下1-4-1","35.300909","139.927691"
"周南小学校","千葉県君津市宮下2-25-5","35.298575","139.930523"
"旧松丘小学校","千葉県君津市広岡1000","35.253064","140.059757"
"松丘コミュニティセンター","千葉県君津市広岡1840-1","35.259748","140.057557"
"かずさあけぼの保育園","千葉県君津市広岡955-3","35.252712","140.057614"
"旧松丘中学校","千葉県君津市広岡994","35.252913","140.058633"
"生きがい支援センター","千葉県君津市糠田103-1","35.304479","139.968949"
"小糸公民館","千葉県君津市糠田55","35.305331","139.969501"
"旧香木原小学校","千葉県君津市香木原269","35.173604","140.059634"
"君津高等学校","千葉県君津市坂田454","35.341733","139.886949"
"旧坂田小学校","千葉県君津市坂田523","35.342559","139.885086"
"周西中学校","千葉県君津市坂田560","35.341112","139.882785"
"緩衝緑地スポーツ広場","千葉県君津市坂田601","35.34389","139.882846"
"旧亀山中学校","千葉県君津市坂畑223-1","35.234426","140.097289"
"旧坂畑小学校","千葉県君津市坂畑223-2","35.234132","140.097541"
"亀山コミュニティセンター","千葉県君津市坂畑321-1","35.232885","140.096615"
"八重原中学校","千葉県君津市三直1305","35.323816","139.937207"
"君津市民文化ホール","千葉県君津市三直622","35.317717","139.934347"
"君津高等学校上総キャンパス","千葉県君津市上957","35.308335","139.961563"
"貞元コミュニティセンター","千葉県君津市上湯江1287-3","35.319624","139.900158"
"貞元小学校","千葉県君津市上湯江1655","35.320849","139.899881"
"上湯江保育園","千葉県君津市上湯江1716-1","35.32047","139.901345"
"常代保育園","千葉県君津市常代2-15-1","35.309143","139.921511"
"旧周西幼稚園","千葉県君津市人見1-5-47","35.335744","139.870914"
"神門公園","千葉県君津市人見1154","35.342892","139.866225"
"神門コミュニティセンター","千葉県君津市人見1462-41","35.344619","139.859488"
"周西公民館","千葉県君津市人見4-11-21","35.330166","139.874383"
"人見こども園","千葉県君津市人見4-11-28","35.330262","139.873772"
"人見グラウンド","千葉県君津市人見4-11-3","35.330367","139.873185"
"旧三島小学校","千葉県君津市正木149","35.218683","140.025462"
"清和地域拠点複合施設","千葉県君津市西粟倉36","35.253881","139.996218"
"堺田公園","千葉県君津市西坂田2-11","35.336914","139.882463"
"君津青葉高等学校","千葉県君津市青柳48","35.301166","140.071904"
"旧蔵玉小学校","千葉県君津市蔵玉1052","35.229166","140.126786"
"久保保育園","千葉県君津市台2-15-16","35.326415","139.901841"
"旧小糸小学校","千葉県君津市大井戸1061","35.29062","139.987407"
"小糸保育園","千葉県君津市大井戸467-2","35.290798","139.985351"
"周南公民館","千葉県君津市大山野26","35.295541","139.93018"
"日本製鉄㈱大和田グラウンド","千葉県君津市大和田324","35.339903","139.87235"
"周西の丘小学校","千葉県君津市大和田425","35.340858","139.880479"
"中保育園","千葉県君津市中島252-1","35.30483","139.956608"
"学校給食共同調理場","千葉県君津市中島364-1","35.306445","139.962412"
"小糸小学校","千葉県君津市中島678","35.304385","139.958342"
"周西南中学校","千葉県君津市中野2-30-1","35.32706","139.897089"
"周西小学校","千葉県君津市中野3-14-1","35.32954","139.888908"
"周東中学校","千葉県君津市塚原120","35.299998","139.979604"
"小糸スポーツ広場","千葉県君津市塚原51","35.300854","139.980286"
"貞元グラウンド","千葉県君津市貞元290-1","35.322109","139.903857"
"旧福野小学校","千葉県君津市怒田923","35.267127","140.117066"
"清和保育園","千葉県君津市東日笠515","35.234078","140.00277"
"清和小学校","千葉県君津市東日笠522","35.234679","140.001544"
"内みのわ運動公園","千葉県君津市内箕輪1-1-1","35.325135","139.927077"
"旧内箕輪保育園","千葉県君津市内蓑輪61-1","35.322684","139.931948"
"旧南子安保育園","千葉県君津市南子安3-27-1","35.326003","139.915997"
"南子安小学校","千葉県君津市南子安5-10-1","35.324924","139.916162"
"八重原小学校","千葉県君津市南子安9-17-1","35.327908","139.928679"
"八重原公民館","千葉県君津市南子安9-17-2","35.327942","139.929993"
"上総小櫃中学校","千葉県君津市俵田1110","35.322781","140.053378"
"小櫃小学校","千葉県君津市俵田1416","35.322079","140.059133"
"北子安小学校","千葉県君津市北子安853","35.336841","139.918132"
"小櫃スポーツ広場","千葉県君津市末吉1005-1","35.324493","140.058236"
"老人憩いの家　すえよし","千葉県君津市末吉1068-3","35.324324","140.057394"
"小櫃公民館","千葉県君津市末吉128","35.327811","140.059175"
"小櫃保育園","千葉県君津市末吉437-1","35.330097","140.064123"
"君津中学校","千葉県君津市杢師1-10-1","35.326785","139.910483"
"旧岩和田小学校","千葉県御宿町岩和田1077","35.185269","140.364778"
"旧布施小学校","千葉県御宿町上布施909","35.215755","140.345506"
"布施小学校グランド","千葉県御宿町上布施909","35.216037","140.345846"
"御宿中学校","千葉県御宿町新町68-2","35.193218","140.360732"
"小見川東小学校","千葉県香取市阿玉川728","35.843455","140.622273"
"旧伊地山幼稚園","千葉県香取市伊地山532-1","35.827338","140.484875"
"グッドライフ香取みはる園（旧小見川北小学校利北分校）","千葉県香取市一ノ分目番外7-3","35.898876","140.586382"
"小見川市民センター","千葉県香取市羽根川38","35.847794","140.603027"
"旧神南小学校","千葉県香取市下小野1599","35.854707","140.52387"
"新島小学校","千葉県香取市加藤洲685","35.927827","140.540666"
"香西保育所","千葉県香取市観音21-1","35.870173","140.473089"
"竟成小学校","千葉県香取市観音481","35.869198","140.481913"
"岩ヶ崎台第１号公園","千葉県香取市岩ヶ崎台27","35.897376","140.484861"
"栗源Ｂ＆Ｇ海洋センター体育館","千葉県香取市岩部1045-1","35.812514","140.508035"
"栗源中学校","千葉県香取市岩部1051-1","35.813206","140.508484"
"栗源小学校","千葉県香取市岩部5025","35.811289","140.506952"
"栗源市民センター","千葉県香取市岩部700","35.810093","140.501898"
"玉造中央公園","千葉県香取市玉造2-6","35.890718","140.481585"
"旧第一山倉小学校","千葉県香取市桐谷1020","35.779091","140.569443"
"わらびが丘小学校","千葉県香取市九美上29-1","35.843797","140.504923"
"旧小見川南小学校","千葉県香取市五郷内2218","35.817658","140.630256"
"香取神宮駐車場","千葉県香取市香取1697-1","35.883915","140.524431"
"香取小学校","千葉県香取市香取1875","35.881921","140.527411"
"高萩福祉センター（旧高萩小学校）","千葉県香取市高萩1100-2","35.817715","140.532866"
"佐原小学校","千葉県香取市佐原イ1870","35.886096","140.4988"
"佐原小学校体育館敷地","千葉県香取市佐原イ1870","35.884952","140.498229"
"香取市民体育館","千葉県香取市佐原イ211","35.895331","140.495023"
"佐原高等学校","千葉県香取市佐原イ2685","35.88767","140.50668"
"佐原公園・佐原野球場周辺","千葉県香取市佐原イ771","35.889718","140.489742"
"北佐原小学校","千葉県香取市佐原ニ1676","35.912557","140.49781"
"新島中学校","千葉県香取市佐原ハ4428","35.934224","140.523688"
"粉名口児童公園","千葉県香取市佐原ロ2028-93","35.903795","140.493261"
"佐原中学校","千葉県香取市佐原ロ2124-1","35.89649","140.501081"
"旧山倉小学校","千葉県香取市山倉672","35.783982","140.535131"
"ＤＣＭ佐原店駐車場","千葉県香取市山之辺1405-1","35.883065","140.483569"
"旧八都小学校","千葉県香取市小見1025","35.82877","140.59172"
"八都保育園","千葉県香取市小見65","35.827214","140.59187"
"小見川中学校","千葉県香取市小見川4685","35.856389","140.589012"
"小見川高等学校","千葉県香取市小見川4735-1","35.859776","140.590123"
"城山公園","千葉県香取市小見川4780-1","35.860703","140.592048"
"くろべ運動公園","千葉県香取市小見川4866-109","35.85672","140.61246"
"水郷小見川青少年自然の家","千葉県香取市小見川5249-1","35.854122","140.617527"
"小見川中央小学校","千葉県香取市小見川94","35.851864","140.605081"
"医王寺","千葉県香取市小川550","35.762377","140.565227"
"旧東大戸小学校石納分校","千葉県香取市昭和町ろ56","35.914332","140.458243"
"旧佐原第二中学校","千葉県香取市新部10","35.885207","140.514427"
"旧八都第二小学校","千葉県香取市仁良1038-1","35.808629","140.563389"
"山田支所周辺","千葉県香取市仁良300-1","35.803066","140.574903"
"山田小学校","千葉県香取市仁良356-1","35.806733","140.574697"
"山田中学校","千葉県香取市仁良356-1","35.808","140.57333"
"石納コミュニティセンター","千葉県香取市石納547","35.920801","140.461233"
"水郷佐原あやめパーク","千葉県香取市扇島1837-2","35.927892","140.524131"
"山倉運動広場","千葉県香取市大角1545-1","35.783459","140.554501"
"東大戸小学校","千葉県香取市大戸877","35.887777","140.458471"
"佐原第五中学校","千葉県香取市大戸937","35.888076","140.455615"
"旧大倉小学校","千葉県香取市大倉501","35.890616","140.566654"
"清宝院前","千葉県香取市大倉947","35.886083","140.563562"
"道の駅くりもと紅小町の郷","千葉県香取市沢1372-1","35.806047","140.47011"
"旧沢小学校","千葉県香取市沢1813","35.804661","140.47671"
"テラス・サンサン","千葉県香取市長岡1821-1","35.810199","140.587693"
"水の郷小学校","千葉県香取市津宮1215","35.898273","140.52972"
"香取中学校","千葉県香取市津宮1440","35.896839","140.533944"
"小見川西小学校","千葉県香取市内野35","35.842716","140.565327"
"旧湖東小学校","千葉県香取市八筋川甲1993-2","35.950612","140.505889"
"小見川北小学校","千葉県香取市富田800","35.874634","140.5859"
"旧府馬小学校","千葉県香取市府馬3429-4","35.790076","140.605"
"旧福田小学校","千葉県香取市福田240","35.838108","140.484255"
"観福寺","千葉県香取市牧野1752","35.880897","140.49917"
"瑞穂小学校","千葉県香取市堀之内1770-96","35.888225","140.43154"
"小見川社会福祉センター（さくら館）","千葉県香取市本郷62","35.854616","140.601374"
"本矢作運動広場","千葉県香取市本矢作918-4","35.849821","140.479925"
"佐倉市立小竹小学校　校庭","千葉県佐倉市ユーカリが丘5-5-1","35.738585","140.156368"
"佐倉市立志津中学校　校庭","千葉県佐倉市井野1376","35.723615","140.146605"
"佐倉市立印南小学校　校庭","千葉県佐倉市印南223-1","35.726439","140.208044"
"佐倉市立臼井中学校　校庭","千葉県佐倉市臼井1530","35.729852","140.192162"
"佐倉市立臼井西中学校　校庭","千葉県佐倉市臼井台1588","35.734879","140.170213"
"佐倉市立臼井小学校　校庭","千葉県佐倉市臼井田2395","35.736248","140.183111"
"佐倉市立間野台小学校　校庭","千葉県佐倉市王子台2-18","35.727531","140.18661"
"佐倉市立王子台小学校　校庭","千葉県佐倉市王子台5-19","35.723679","140.175234"
"千葉県立佐倉西高等学校　校庭","千葉県佐倉市下志津263","35.718429","140.171193"
"佐倉市立南志津小学校　校庭","千葉県佐倉市下志津原164-2","35.703269","140.155926"
"佐倉市立弥富小学校　校庭","千葉県佐倉市岩富町145","35.65007","140.236307"
"佐倉市立内郷小学校　校庭","千葉県佐倉市岩名870","35.737748","140.223027"
"佐倉市立千代田小学校　校庭","千葉県佐倉市吉見553","35.71045","140.188469"
"佐倉市立青菅小学校　校庭","千葉県佐倉市宮ノ台1-17-1","35.745624","140.15072"
"佐倉市立井野中学校　校庭","千葉県佐倉市宮ノ台3-9-1","35.740236","140.146325"
"佐倉市立佐倉東中学校　校庭","千葉県佐倉市高岡423-1","35.712739","140.238501"
"佐倉市立山王小学校　校庭","千葉県佐倉市山王1-44","35.686949","140.208498"
"佐倉市立根郷中学校　校庭","千葉県佐倉市山王2-37-1","35.684588","140.216083"
"佐倉市立佐倉東小学校　校庭","千葉県佐倉市将門町7","35.72597","140.246915"
"佐倉市立志津小学校　校庭","千葉県佐倉市上座1156-2","35.725332","140.162088"
"佐倉市立上志津小学校　校庭","千葉県佐倉市上志津1752","35.714671","140.149467"
"佐倉市立上志津中学校　校庭","千葉県佐倉市上志津866","35.705825","140.149359"
"佐倉市立根郷小学校　校庭","千葉県佐倉市城454","35.693194","140.232474"
"佐倉市立佐倉中学校　校庭","千葉県佐倉市城内町117-10","35.720772","140.222338"
"千葉県立佐倉東高等学校　校庭","千葉県佐倉市城内町278","35.719261","140.221308"
"佐倉市立佐倉小学校　校庭","千葉県佐倉市新町78-4","35.721791","140.234726"
"佐倉市立南部中学校　校庭","千葉県佐倉市神門432-1","35.679634","140.236816"
"佐倉市立井野小学校　校庭","千葉県佐倉市西ユーカリが丘3-1-6","35.730929","140.146462"
"佐倉市立西志津中学校　校庭","千葉県佐倉市西志津4-18-1","35.710205","140.141072"
"佐倉市立西志津小学校　校庭","千葉県佐倉市西志津7-2-1","35.706222","140.138355"
"佐倉市立染井野小学校　校庭","千葉県佐倉市染井野1-19","35.721611","140.199077"
"佐倉市立臼井南中学校　校庭","千葉県佐倉市染井野4-1","35.716462","140.188875"
"千葉県立佐倉南高等学校　校庭","千葉県佐倉市太田1956","35.698561","140.216145"
"佐倉市立寺崎小学校　校庭","千葉県佐倉市大崎台4-4-1","35.706773","140.21867"
"佐倉市立下志津小学校　校庭","千葉県佐倉市中志津4-26-10","35.708727","140.158703"
"佐倉市立和田小学校　校庭","千葉県佐倉市直弥59-1","35.69555","140.25925"
"千葉県立佐倉高等学校　校庭","千葉県佐倉市鍋山町18","35.724046","140.237017"
"佐倉市立馬渡保育園　園庭","千葉県佐倉市馬渡818-2","35.670685","140.225666"
"佐倉市立白銀小学校　校庭","千葉県佐倉市白銀1-4","35.714417","140.247157"
"井之内津波避難広場","千葉県山武市井之内957","35.563467","140.469519"
"旧日向小学校","千葉県山武市雨坪10","35.630227","140.357186"
"テンダーヴィラ九十九里","千葉県山武市横芝光町屋形5025-3","35.609197","140.52226"
"山武北小学校","千葉県山武市沖渡699","35.674335","140.360127"
"成東東中学校","千葉県山武市五木田2452-1","35.584956","140.447539"
"成東総合運動公園","千葉県山武市五木田3241","35.590412","140.446753"
"緑海小学校","千葉県山武市松ヶ谷ロ471-1","35.57912","140.472892"
"松尾小学校","千葉県山武市松尾町猿尾383","35.6391","140.457156"
"豊岡体育館・まつおこども園","千葉県山武市松尾町金尾441","35.653902","140.434817"
"大平小学校","千葉県山武市松尾町広根1140","35.619967","140.478978"
"山武望洋中学校","千葉県山武市松尾町松尾112","35.642331","140.456886"
"農村環境改善センター","千葉県山武市松尾町松尾47-3","35.638346","140.455937"
"千葉県立松尾高等学校","千葉県山武市松尾町大堤546","35.635101","140.450836"
"松尾運動公園","千葉県山武市松尾町富士見台208-8","35.641795","140.449144"
"南郷小学校","千葉県山武市上横地884-1","35.599954","140.444345"
"山武中学校","千葉県山武市埴谷1855","35.646588","140.365767"
"さんぶの森中央会館","千葉県山武市埴谷1904-3","35.642785","140.367252"
"さんぶの森公園","千葉県山武市埴谷1904-5","35.642318","140.369525"
"睦岡小学校","千葉県山武市埴谷771","35.652421","140.378877"
"大富小学校","千葉県山武市新泉ト60","35.613967","140.416423"
"成東小学校","千葉県山武市成東2692","35.601202","140.402432"
"千葉県立成東高等学校","千葉県山武市成東3596","35.600266","140.395756"
"旧山武西小学校","千葉県山武市大木13","35.648087","140.345574"
"白幡体育館","千葉県山武市白幡1885","35.588199","140.434127"
"鳴浜小学校","千葉県山武市本須賀1090","35.568152","140.44529"
"シーサイドホテル　九十九里","千葉県山武市本須賀3701","35.55469","140.466803"
"有料老人ホーム　エクセルシオール山武","千葉県山武市本須賀3841-70","35.552209","140.467894"
"日向小学校","千葉県山武市木原2370","35.62956","140.34727"
"木戸津波避難タワー","千葉県山武市木戸848","35.580564","140.488328"
"蓮沼小学校","千葉県山武市蓮沼イ2784","35.606039","140.497874"
"ホテル　浪川荘","千葉県山武市蓮沼ニ4665","35.586276","140.498298"
"旧蓮沼中学校","千葉県山武市蓮沼ハ1036","35.600517","140.499167"
"蓮沼交流センター","千葉県山武市蓮沼ハ4832-3","35.602374","140.501331"
"蓮沼スポーツプラザ","千葉県山武市蓮沼ハ5402-1","35.599204","140.498886"
"蓮沼ガーデンハウス　マリーノ","千葉県山武市蓮沼ホ311","35.59874","140.515651"
"成東中学校","千葉県山武市和田567","35.610701","140.406515"
"栗山小学校","千葉県四街道市つくし座3-1-8","35.672302","140.179952"
"みそら小学校","千葉県四街道市みそら2-13","35.668831","140.198727"
"四街道中学校","千葉県四街道市めいわ1-3","35.656443","140.172289"
"山梨小学校","千葉県四街道市旭ケ丘1-9-12","35.663748","140.183591"
"四街道北中学校","千葉県四街道市栗山1055","35.675967","140.170009"
"四街道北高等学校","千葉県四街道市栗山1055-4","35.674217","140.168093"
"旭小学校","千葉県四街道市山梨1485","35.667799","140.192607"
"千葉敬愛高等学校","千葉県四街道市四街道1522","35.666544","140.161168"
"愛国学園大学附属四街道高等学校","千葉県四街道市四街道1532-16","35.666687","140.159185"
"四街道小学校","千葉県四街道市四街道1557","35.661913","140.157762"
"四街道高等学校","千葉県四街道市鹿渡809-2","35.668802","140.171399"
"中央小学校","千葉県四街道市鹿渡917","35.669099","140.168683"
"四街道中央公園","千葉県四街道市鹿渡無番地","35.66732","140.168947"
"千代田中学校","千葉県四街道市千代田5-27","35.693105","140.184894"
"八木原小学校","千葉県四街道市千代田5-4","35.692605","140.183117"
"四街道西中学校","千葉県四街道市大日23","35.665773","140.153651"
"千葉盲学校","千葉県四街道市大日468-1","35.677494","140.16301"
"大日小学校","千葉県四街道市大日978","35.683771","140.156094"
"吉岡小学校","千葉県四街道市鷹の台3-2","35.635057","140.194314"
"旭中学校","千葉県四街道市南波佐間267","35.662617","140.195672"
"和良比小学校","千葉県四街道市美しが丘3-12","35.654443","140.160596"
"南小学校","千葉県四街道市物井1536","35.692045","140.189714"
"四街道総合公園","千葉県四街道市和田161","35.653777","140.190696"
"四和小学校","千葉県四街道市和良比228","35.660136","140.168455"
"ちはら台西中学校","千葉県市原市ちはら台西5-1","35.530728","140.177645"
"水の江小学校","千葉県市原市ちはら台東2-15","35.533692","140.19234"
"ちはら台桜小学校","千葉県市原市ちはら台東5-13","35.538374","140.19545"
"牧園小学校","千葉県市原市ちはら台南2-7","35.525633","140.176462"
"清水谷小学校","千葉県市原市ちはら台南5-2","35.527325","140.186129"
"ちはら台南中学校","千葉県市原市ちはら台南5-3","35.528176","140.187281"
"ちはら台コミュニティセンター","千葉県市原市ちはら台南6-1-3","35.529008","140.185084"
"南総中学校","千葉県市原市安久谷140","35.396111","140.155426"
"三和運動広場","千葉県市原市磯ケ谷1606-2","35.459694","140.132753"
"三和中学校","千葉県市原市磯ケ谷1703","35.460255","140.129635"
"市津公民館","千葉県市原市下野90-1","35.514848","140.184537"
"市西小学校","千葉県市原市海士有木1130","35.47103","140.130714"
"三和コミュニティセンター","千葉県市原市海士有木235-1","35.464756","140.1251"
"牛久小学校","千葉県市原市皆吉933-2","35.394737","140.138303"
"市原緑地運動公園【体育館】","千葉県市原市岩崎536","35.528569","140.069675"
"市原緑地運動公園【スタンド】","千葉県市原市岩崎536","35.528155","140.070778"
"菊間小学校","千葉県市原市菊間1620-1","35.537075","140.150812"
"菊間中学校","千葉県市原市菊間1850","35.534571","140.146944"
"菊間コミュニティセンター","千葉県市原市菊間1870-4","35.536679","140.148051"
"旧八幡東中学校","千葉県市原市菊間428","35.533742","140.129497"
"南総公民館","千葉県市原市牛久520-1","35.401176","140.136074"
"白金小学校","千葉県市原市君塚3-19","35.523983","140.108026"
"旧月出小学校","千葉県市原市月出1045","35.291434","140.181496"
"旧富山小学校","千葉県市原市古敷谷2252","35.332126","140.169025"
"五井中川田公園","千葉県市原市五井1661","35.509334","140.08275"
"若葉中学校","千葉県市原市五井5308","35.522646","140.087426"
"五井公民館","千葉県市原市五井5472-1","35.520848","140.089962"
"若葉小学校","千葉県市原市五井5555-1","35.522103","140.091016"
"五井中学校","千葉県市原市五井922-2","35.50884","140.078378"
"京葉小学校","千葉県市原市五井西3-9-2","35.518774","140.07394"
"サンプラザ市原","千葉県市原市五井中央西1-1-25","35.512849","140.08873"
"五井小学校","千葉県市原市五井東1-6-3","35.514389","140.094587"
"五所小学校","千葉県市原市五所2154-1","35.526053","140.117084"
"双葉中学校","千葉県市原市光風台1-475","35.445123","140.114348"
"光風台小学校","千葉県市原市光風台4-546","35.445645","140.098197"
"市原市総合公園","千葉県市原市更級5-1-1","35.510262","140.099113"
"いちはら子ども未来館","千葉県市原市更級5-1-18","35.511868","140.100077"
"旧市東第二小学校","千葉県市原市高倉1-1","35.503393","140.228841"
"国分寺台西中学校","千葉県市原市国分寺台中央5-1-1","35.503183","140.118171"
"東海中学校","千葉県市原市今富477","35.481506","140.091042"
"有秋南小学校","千葉県市原市桜台3-1-1","35.442865","140.050593"
"白幡小学校","千葉県市原市山木108","35.517381","140.144091"
"明神小学校","千葉県市原市姉崎1850","35.478392","140.050373"
"姉崎公民館","千葉県市原市姉崎2150-1","35.471591","140.044739"
"姉崎中学校","千葉県市原市姉崎2156","35.470747","140.048104"
"姉崎東中学校","千葉県市原市姉崎3056-1","35.469817","140.050399"
"旧寺谷小学校","千葉県市原市寺谷687-1","35.407769","140.10538"
"若宮小学校","千葉県市原市若宮3-13","35.527186","140.135301"
"湿津中学校","千葉県市原市潤井戸2297-2","35.500319","140.181093"
"湿津小学校","千葉県市原市潤井戸2299-14","35.498373","140.180187"
"養老小学校","千葉県市原市松崎820","35.448306","140.134993"
"海上小学校","千葉県市原市神代125","35.470305","140.098901"
"市東第一小学校","千葉県市原市瀬又1820","35.524825","140.202673"
"国分寺台西小学校","千葉県市原市西国分寺台2-11-1","35.505358","140.113281"
"千種小学校","千葉県市原市青柳1801","35.498953","140.058572"
"青葉台小学校","千葉県市原市青葉台1-10-1","35.470857","140.060139"
"千種コミュニティセンター","千葉県市原市千種2-1-2","35.493763","140.058354"
"千種ふれあい公園","千葉県市原市千種2-2","35.492923","140.057669"
"千種中学校","千葉県市原市千種6-1-1","35.496525","140.059519"
"市民会館","千葉県市原市惣社1-1-1","35.496769","140.113678"
"国府小学校","千葉県市原市村上1402-1","35.494992","140.097397"
"旧白鳥小学校","千葉県市原市大久保547-1","35.28217","140.147205"
"辰巳公民館","千葉県市原市辰巳台西3-14-1","35.520881","140.146872"
"辰巳台西小学校","千葉県市原市辰巳台西4-16","35.524328","140.149185"
"辰巳台中学校","千葉県市原市辰巳台東2-2","35.521364","140.154672"
"辰巳台東小学校","千葉県市原市辰巳台東4-13","35.513738","140.153806"
"姉崎小学校","千葉県市原市椎津461","35.473004","140.040525"
"鶴舞小学校","千葉県市原市鶴舞708","35.383818","140.182905"
"旧内田小学校","千葉県市原市島田20","35.404509","140.174136"
"市東中学校","千葉県市原市東国吉356","35.509704","140.213513"
"国分寺台東小学校","千葉県市原市東国分寺台5-1","35.496163","140.121026"
"旧里見小学校","千葉県市原市徳氏541-1","35.317324","140.149939"
"国分寺公民館","千葉県市原市南国分寺台1-2-6","35.494816","140.115441"
"国分寺台中学校","千葉県市原市南国分寺台2-1","35.492867","140.111985"
"国分寺台小学校","千葉県市原市南国分寺台3-2","35.492189","140.11462"
"東海小学校","千葉県市原市廿五里558","35.487912","140.077398"
"市原小学校","千葉県市原市能満1320","35.50863","140.128581"
"市原中学校","千葉県市原市能満1450","35.503961","140.12703"
"戸田コミュニティセンター","千葉県市原市馬立733","35.425795","140.112257"
"戸田小学校","千葉県市原市馬立830","35.424085","140.116172"
"八幡中学校","千葉県市原市八幡500","35.531235","140.124546"
"八幡小学校","千葉県市原市八幡530","35.533913","140.121449"
"石塚小学校","千葉県市原市八幡石塚2-4","35.544595","140.130679"
"有秋中学校","千葉県市原市不入斗1200","35.455081","140.048021"
"有秋東小学校","千葉県市原市不入斗753","35.454221","140.057281"
"旧平三小学校","千葉県市原市平蔵808","35.33556","140.208377"
"加茂中学校（加茂学園）","千葉県市原市平野123","35.333246","140.146179"
"有秋公民館","千葉県市原市有秋台西1-3-2","35.453665","140.050286"
"有秋西小学校","千葉県市原市有秋台西2-3","35.448185","140.051767"
"旧高滝小学校","千葉県市原市養老1012","35.357333","140.154137"
"加茂公民館","千葉県市原市養老949-1","35.354752","140.152221"
"県立国分高校","千葉県市川市稲越2-2-1","35.75359","139.927977"
"稲越小学校","千葉県市川市稲越3-21-8","35.754117","139.92407"
"稲荷木小学校","千葉県市川市稲荷木1-14-1","35.711619","139.921801"
"塩焼２丁目広場","千葉県市川市塩焼2-2","35.687835","139.926929"
"塩焼中央公園","千葉県市川市塩焼5-6","35.684891","139.928869"
"塩焼小学校","千葉県市川市塩焼5-9-8","35.683875","139.930091"
"県立行徳高校","千葉県市川市塩浜4-1-1","35.665362","139.913241"
"塩浜学園","千葉県市川市塩浜4-5-1","35.665","139.914164"
"塩浜一号公園","千葉県市川市塩浜4-9","35.660088","139.913409"
"塩浜市民体育館","千葉県市川市塩浜4-9-1","35.660919","139.914491"
"下貝塚中学校","千葉県市川市下貝塚3-13-1","35.739595","139.94577"
"ぴあぱーく妙典","千葉県市川市下妙典941-3","35.687801","139.935726"
"新宿前公園","千葉県市川市河原9","35.698366","139.92191"
"県立現代産業科学館駐車場","千葉県市川市鬼高1-1","35.714623","139.933355"
"ニッケコルトンプラザ","千葉県市川市鬼高1-1-1","35.716938","139.93399"
"鬼高公民館","千葉県市川市鬼高2-12-23","35.713218","139.9388"
"鬼高小学校","千葉県市川市鬼高2-13-5","35.71393","139.937552"
"第六中学校","千葉県市川市鬼高3-16-1","35.710871","139.936008"
"スーパーオートバックス市川　立体駐車場（３階、Ｒ階）","千葉県市川市鬼高3-32-12","35.708122","139.938333"
"地方卸売市場","千葉県市川市鬼高4-5-1","35.710391","139.928595"
"宮久保老人いこいの家","千葉県市川市宮久保4-2-4","35.736943","139.936107"
"宮久保小学校","千葉県市川市宮久保5-7-1","35.736661","139.943946"
"南行徳小学校","千葉県市川市欠真間1-6-38","35.680109","139.901538"
"原木山妙行寺","千葉県市川市原木1-24-1","35.702326","139.947724"
"信篤小学校","千葉県市川市原木2-16-1","35.69823","139.944"
"幸小学校","千葉県市川市幸1-11-1","35.681082","139.929566"
"行徳南部公園","千葉県市川市幸2-4","35.678695","139.928363"
"広尾防災公園","千葉県市川市広尾2-3-2","35.678698","139.890195"
"新浜小学校","千葉県市川市行徳駅前4-5-1","35.680001","139.916307"
"信篤公民館","千葉県市川市高谷1-8-1","35.701696","139.941792"
"信篤市民体育館","千葉県市川市高谷1-8-2","35.701674","139.942253"
"県立市川南高校","千葉県市川市高谷1509","35.693263","139.944223"
"高谷中学校","千葉県市川市高谷1627-4","35.694699","139.945279"
"千葉商科大学","千葉県市川市国府台1-3-1","35.741427","139.907268"
"国府台スポーツセンター","千葉県市川市国府台1-6-4","35.743042","139.907397"
"和洋学園","千葉県市川市国府台2-3-1","35.743327","139.903852"
"県立国府台高校","千葉県市川市国府台2-4-1","35.745049","139.904469"
"筑波大学附属聴覚特別支援学校（グラウンド等）","千葉県市川市国府台2-5","35.744282","139.902054"
"第一中学校","千葉県市川市国府台2-7-1","35.744964","139.901178"
"里見公園","千葉県市川市国府台3-9","35.7472","139.898778"
"国府台小学校","千葉県市川市国府台5-25-4","35.753827","139.902905"
"市川小学校","千葉県市川市市川2-32-5","35.732163","139.905106"
"市川公民館","千葉県市川市市川2-33-2","35.731013","139.906591"
"江戸川河川敷緑地","千葉県市川市市川南3","35.725904","139.899193"
"若宮小学校","千葉県市川市若宮3-54-10","35.726943","139.95211"
"新井小学校","千葉県市川市新井1-18-13","35.67394","139.890556"
"宮田小学校","千葉県市川市新田4-8-15","35.726867","139.909315"
"南新浜小学校","千葉県市川市新浜1-26-1","35.674582","139.916617"
"真間小学校","千葉県市川市真間4-1-1","35.737732","139.910249"
"真間山弘法寺","千葉県市川市真間4-9-1","35.739923","139.907832"
"須和田自治会館（六所神社）","千葉県市川市須和田2-22-7","35.736587","139.916909"
"須和田公園","千葉県市川市須和田2-34","35.739064","139.912857"
"第二中学校","千葉県市川市須和田2-34-1","35.739133","139.914229"
"日出学園","千葉県市川市菅野3-23-1","35.731918","139.91851"
"国府台女子学院","千葉県市川市菅野3-24-1","35.732545","139.915565"
"菅野公民館","千葉県市川市菅野3-24-2","35.732734","139.916921"
"菅野小学校","千葉県市川市菅野6-14-1","35.734589","139.917016"
"ユニディ千鳥町店駐車場","千葉県市川市千鳥町1","35.673977","139.924457"
"曽谷貝塚","千葉県市川市曽谷2-15","35.747475","139.934998"
"第三中学校","千葉県市川市曽谷3-2-1","35.740301","139.932619"
"百合台小学校","千葉県市川市曽谷6-10-1","35.739819","139.92697"
"曽谷小学校","千葉県市川市曽谷7-18-1","35.746924","139.926515"
"南行徳公園","千葉県市川市相之川4-1","35.675152","139.901703"
"大洲防災公園","千葉県市川市大洲1-18","35.718787","139.910732"
"大洲小学校","千葉県市川市大洲4-18-1","35.723409","139.906848"
"こども発達センター","千葉県市川市大洲4-18-3","35.722686","139.906473"
"大洲中学校","千葉県市川市大洲4-21-5","35.721117","139.907426"
"奥野木学園大町不二グラウンド","千葉県市川市大町280-12","35.764945","139.967012"
"少年自然の家","千葉県市川市大町280-4","35.765981","139.966261"
"市川自然博物館","千葉県市川市大町284","35.76425","139.965955"
"大町小学校","千葉県市川市大町84-10","35.771804","139.957025"
"大柏小学校","千葉県市川市大野町2-1877","35.750315","139.953851"
"第五中学校","千葉県市川市大野町3-1993","35.753151","139.956881"
"大和田小学校","千葉県市川市大和田1-1-3","35.717633","139.921651"
"鶴指小学校","千葉県市川市大和田4-11-1","35.717976","139.915604"
"第八中学校","千葉県市川市大和田4-9-1","35.719211","139.914868"
"中国分小学校","千葉県市川市中国分1-22-1","35.753636","139.915792"
"西部公民館","千葉県市川市中国分2-13-8","35.749265","139.913238"
"じゅん菜池緑地","千葉県市川市中国分4-27","35.749488","139.907143"
"中山小学校","千葉県市川市中山1-1-5","35.721479","139.943814"
"第四中学校","千葉県市川市中山1-11-1","35.722026","139.945645"
"法華経寺","千葉県市川市中山2-10-1","35.72076","139.949408"
"県立市川昴高校","千葉県市川市東国分1-1-1","35.739734","139.923362"
"国分小学校","千葉県市川市東国分2-4-1","35.744968","139.920899"
"東国分中学校","千葉県市川市東国分3-5-1","35.748885","139.922992"
"昭和学院","千葉県市川市東菅野2-17-1","35.733125","139.930419"
"東菅野児童交通公園","千葉県市川市東菅野2-23-5","35.735625","139.926897"
"市川学園（第１グランド等）","千葉県市川市東菅野4-1-1","35.730746","139.938171"
"三井物産グローバルロジスティクス　関東中央支店東浜流通センター","千葉県市川市東浜1-2-1","35.673344","139.960848"
"福栄小学校","千葉県市川市南行徳2-2-1","35.671846","139.907171"
"南行徳中学校","千葉県市川市南行徳2-2-2","35.670912","139.907285"
"富美浜小学校","千葉県市川市南行徳2-3-1","35.67151","139.905324"
"東海面公園","千葉県市川市南行徳4-7","35.665128","139.907189"
"大野小学校","千葉県市川市南大野1-42-1","35.74243","139.950619"
"大野公民館","千葉県市川市南大野2-3-19","35.745169","139.953175"
"勤労福祉センター本館","千葉県市川市南八幡2-20-1","35.713716","139.92735"
"勤労福祉センター分館","千葉県市川市南八幡5-20-3","35.718795","139.921116"
"環太平洋大学","千葉県市川市二俣625-1","35.699277","139.957384"
"二俣小学校","千葉県市川市二俣678","35.696888","139.956533"
"柏井小学校","千葉県市川市柏井町1-1149-1","35.739574","139.966508"
"姥山貝塚公園","千葉県市川市柏井町1-1235","35.737618","139.965311"
"柏井公民館","千葉県市川市柏井町2-844","35.745979","139.965395"
"八幡小学校","千葉県市川市八幡3-24-1","35.725727","139.928069"
"葛飾八幡宮","千葉県市川市八幡4-2-1","35.724215","139.931119"
"全日警ホール（八幡市民会館）","千葉県市川市八幡4-2-1","35.723593","139.931092"
"八幡市民交流館　ニコット","千葉県市川市八幡4-2-1","35.723727","139.930509"
"奥野木学園不二女子高校","千葉県市川市八幡4-5-7","35.724546","139.929556"
"冨貴島小学校","千葉県市川市八幡6-10-11","35.726975","139.937725"
"行徳小学校","千葉県市川市富浜1-1-40","35.692727","139.923751"
"行徳中央公園","千葉県市川市富浜3-10","35.687239","139.922099"
"福栄中学校","千葉県市川市福栄3-4-1","35.673914","139.910199"
"県立市川工業高校","千葉県市川市平田3-10-10","35.723182","139.919609"
"平田小学校","千葉県市川市平田3-28-1","35.724144","139.918095"
"小塚山公園","千葉県市川市北国分1-26","35.758675","139.907198"
"子之神社北方会館","千葉県市川市北方3-17-23","35.724893","139.944664"
"北方小学校","千葉県市川市北方町4-1356-1","35.732711","139.945658"
"県立市川東高校","千葉県市川市北方町4-2191","35.737689","139.955835"
"市川考古博物館","千葉県市川市堀之内2-26-1","35.759073","139.912029"
"市川歴史博物館","千葉県市川市堀之内2-27-1","35.759817","139.911562"
"本行徳公民館","千葉県市川市本行徳12-8","35.694539","139.918288"
"市川学園","千葉県市川市本北方2-38-1","35.732528","139.946445"
"東部公民館","千葉県市川市本北方3-19-16","35.728756","139.95079"
"第七中学校","千葉県市川市末広1-1-48","35.686525","139.917293"
"駅前公園","千葉県市川市湊新田2-4","35.679187","139.913419"
"妙典小学校","千葉県市川市妙典2-14-2","35.696026","139.929747"
"イオン市川妙典店駐車場","千葉県市川市妙典4-4-1","35.691899","139.927231"
"妙典中学校","千葉県市川市妙典5-22-1","35.688096","139.933763"
"高谷共同利用施設","千葉県芝山町高谷72","35.70517","140.438957"
"芝山中学校","千葉県芝山町高田239-1","35.714302","140.396909"
"高田共同利用施設","千葉県芝山町高田6","35.704795","140.403353"
"芝山町総合運動場","千葉県芝山町小池1557","35.700916","140.422136"
"小池共同利用施設","千葉県芝山町小池2325-1","35.69962","140.418275"
"芝山文化センター","千葉県芝山町小池973","35.692438","140.413477"
"芝山町中央公民館","千葉県芝山町小池982","35.693312","140.413902"
"芝山小学校","千葉県芝山町新井田63","35.697332","140.407594"
"公民館千代田分館","千葉県芝山町大里18-52","35.74906","140.401268"
"旧東小学校","千葉県芝山町大里2631","35.734645","140.417964"
"岩山共同利用施設","千葉県芝山町朝倉394-16","35.730632","140.390465"
"芝山町福祉センター","千葉県芝山町飯櫃126-1","35.727353","140.417605"
"東京学館高等学校","千葉県酒々井町伊篠21","35.747033","140.281198"
"酒々井小学校","千葉県酒々井町酒々井203","35.728764","140.266531"
"中央台公共用地","千葉県酒々井町中央台3-4","35.728176","140.270323"
"昭和公園","千葉県酒々井町東酒々井6-6-6","35.724494","140.274702"
"酒々井中学校","千葉県酒々井町尾上141-10","35.727086","140.287692"
"大室台小学校","千葉県酒々井町尾上2-2","35.729182","140.284796"
"酒々井コミュニティプラザ","千葉県酒々井町墨1549-1","35.710263","140.288114"
"酒々井総合公園","千葉県酒々井町墨44","35.721271","140.279425"
"千葉工業大学　茜浜運動施設","千葉県習志野市茜浜3-4","35.662441","140.008719"
"屋敷小学校","千葉県習志野市屋敷2-1-1","35.679547","140.050576"
"第六中学校","千葉県習志野市屋敷2-17-7","35.680078","140.053446"
"香澄小学校","千葉県習志野市香澄4-6-1","35.665299","140.026772"
"第七中学校","千葉県習志野市香澄6-1-1","35.667514","140.019856"
"市役所駐車場","千葉県習志野市鷺沼2-1","35.681253","140.027832"
"鷺沼小学校","千葉県習志野市鷺沼3-1-1","35.677769","140.029162"
"鷺沼台３丁目公園","千葉県習志野市鷺沼台3-5","35.681639","140.035603"
"梅林園","千葉県習志野市鷺沼台4-4","35.679003","140.041625"
"実籾小学校","千葉県習志野市実籾1-25-1","35.689525","140.065149"
"第二中学校","千葉県習志野市実籾1-44-1","35.68669","140.058433"
"県立実籾高等学校","千葉県習志野市実籾本郷22-1","35.682365","140.06353"
"千葉工業大学　新習志野校舎","千葉県習志野市芝園2-1-1","35.661761","140.013976"
"習志野市海浜公園","千葉県習志野市芝園3-1","35.658697","140.010631"
"秋津小学校","千葉県習志野市秋津3-1-1","35.671964","140.014552"
"秋津総合運動公園","千葉県習志野市秋津3-7","35.668912","140.013261"
"県立津田沼高等学校","千葉県習志野市秋津5-9-1","35.675114","140.010887"
"日本大学生産工学部　実籾校舎","千葉県習志野市新栄2-11-1","35.687683","140.062231"
"日本大学生産工学部　津田沼校舎","千葉県習志野市泉町1-2-1","35.693601","140.051742"
"日本大学生産工学部","千葉県習志野市泉町1-2-1","35.693644","140.05149"
"東邦大学付属　東邦中学校高等学校","千葉県習志野市泉町2-1-37","35.692156","140.053661"
"第一中学校","千葉県習志野市奏の杜1-13-1","35.691177","140.012482"
"谷津奏の杜公園","千葉県習志野市奏の杜2-12","35.688896","140.012023"
"袖ケ浦西小学校","千葉県習志野市袖ケ浦1-1-1","35.678018","140.016838"
"袖ケ浦西近隣公園","千葉県習志野市袖ケ浦2-5","35.674509","140.017954"
"第三中学校","千葉県習志野市袖ケ浦4-3-1","35.673546","140.023844"
"袖ケ浦運動公園","千葉県習志野市袖ケ浦5-1","35.671811","140.023042"
"袖ケ浦東小学校","千葉県習志野市袖ケ浦5-11-1","35.67077","140.027856"
"大久保東小学校","千葉県習志野市大久保2-12-1","35.686962","140.053575"
"向山小学校","千葉県習志野市谷津2-16-32","35.682573","140.013885"
"谷津南小学校","千葉県習志野市谷津3-1-36","35.67974","140.008719"
"谷津小学校","千葉県習志野市谷津5-1-32","35.686669","140.011848"
"千葉工業大学　津田沼校舎","千葉県習志野市津田沼2-17-1","35.689341","140.020928"
"津田沼小学校","千葉県習志野市津田沼4-5-2","35.68297","140.019561"
"習志野高等学校","千葉県習志野市東習志野1-2-1","35.694641","140.065819"
"東習志野小学校","千葉県習志野市東習志野3-4-2","35.691851","140.072879"
"第四中学校","千葉県習志野市東習志野3-4-3","35.693266","140.073312"
"実花小学校","千葉県習志野市東習志野6-7-2","35.698545","140.06599"
"習志野高等学校　第二グラウンド","千葉県習志野市東習志野7-6-3","35.706257","140.073479"
"東習志野ふれあい広場","千葉県習志野市東習志野8-30","35.705438","140.077556"
"子安神社","千葉県習志野市藤崎1-4","35.689059","140.032988"
"第五中学校","千葉県習志野市藤崎2-3-16","35.688889","140.028611"
"藤崎小学校","千葉県習志野市藤崎4-12-1","35.693573","140.038743"
"かもめ公園","千葉県習志野市藤崎6-5","35.688391","140.038961"
"大久保小学校","千葉県習志野市藤崎6-9-28","35.689351","140.044715"
"藤崎森林公園","千葉県習志野市藤崎7-14","35.688198","140.037651"
"中央公園","千葉県習志野市本大久保3-12","35.683982","140.04658"
"富士見公園及び　本大久保二丁目二号公園","千葉県習志野市本大久保２－３本大久保2-4","35.682565","140.041064"
"元清海小学校","千葉県勝浦市鵜原142-2","35.139599","140.271198"
"総野小学校","千葉県勝浦市蟹田222-1","35.20014","140.276568"
"元興津中学校","千葉県勝浦市興津1222-1","35.135317","140.243778"
"ブルーベリーヒル　（関東国際学園勝浦校外施設）","千葉県勝浦市興津1514-10","35.137644","140.23894"
"興津小学校","千葉県勝浦市興津1700","35.132743","140.242929"
"市営荒川テニスコート","千葉県勝浦市荒川193","35.166978","140.267597"
"勝浦中学校","千葉県勝浦市出水1120-1","35.153791","140.317238"
"元北中学校","千葉県勝浦市小羽戸58-2","35.179561","140.26655"
"元郁文小学校","千葉県勝浦市松部1000-1","35.149302","140.29394"
"上野小学校","千葉県勝浦市植野元宮田72","35.153921","140.252205"
"元大原高等学校勝浦若潮キャンパス","千葉県勝浦市新官1380","35.155435","140.320644"
"豊浜小学校","千葉県勝浦市新官65","35.153596","140.327559"
"国際武道大学　（陸上競技場　ラグビー場）","千葉県勝浦市新官841","35.160143","140.323148"
"芸術文化交流センター","千葉県勝浦市沢倉523-1","35.153112","140.322272"
"日本武道館勝浦研修センター","千葉県勝浦市沢倉582","35.151258","140.319722"
"元行川小学校","千葉県勝浦市浜行川808","35.121457","140.230295"
"部原荘","千葉県勝浦市部原1930-3","35.168199","140.334543"
"勝浦小学校","千葉県勝浦市墨名733-1","35.150814","140.315258"
"旭町中学校","千葉県松戸市旭町1-150","35.816302","139.901766"
"旭町小学校","千葉県松戸市旭町1-20-2","35.814704","139.901314"
"千葉県立松戸馬橋高等学校","千葉県松戸市旭町1-7-1","35.81452","139.899822"
"日本大学松戸歯学部","千葉県松戸市栄町西2-870-1","35.809916","139.899238"
"河原塚中学校","千葉県松戸市河原塚190","35.776329","139.938987"
"河原塚小学校","千葉県松戸市河原塚47-1","35.783833","139.938532"
"相模台小学校","千葉県松戸市岩瀬434-2","35.780842","139.90475"
"松戸中央公園","千葉県松戸市岩瀬487-1","35.782607","139.903158"
"第一中学校","千葉県松戸市岩瀬587","35.782489","139.906202"
"高木小学校","千葉県松戸市金ケ作120","35.807368","139.9443"
"金ケ作小学校","千葉県松戸市金ケ作317","35.804192","139.96214"
"金ケ作中学校","千葉県松戸市金ケ作341-15","35.805549","139.956161"
"旧古ケ崎南小学校","千葉県松戸市古ケ崎1-3073","35.794389","139.895366"
"古ケ崎中学校","千葉県松戸市古ケ崎2515-1","35.804872","139.893706"
"古ケ崎小学校","千葉県松戸市古ケ崎4-3620-1","35.806608","139.898809"
"高木第二小学校","千葉県松戸市五香4-18-1","35.794822","139.979671"
"第四中学校","千葉県松戸市五香西1-6-1","35.794822","139.965977"
"松飛台小学校","千葉県松戸市五香西4-22-1","35.78705","139.962204"
"牧野原中学校","千葉県松戸市五香西4-39-1","35.787241","139.958151"
"千葉県立松戸国際高等学校","千葉県松戸市五香西5-6-1","35.786279","139.955483"
"陸上自衛隊松戸駐屯地（グラウンド）","千葉県松戸市五香六実17","35.784558","139.971888"
"陸上自衛隊松戸駐屯地","千葉県松戸市五香六実17","35.788233","139.973462"
"幸谷小学校","千葉県松戸市幸谷212-2","35.821772","139.923951"
"小金北中学校","千葉県松戸市幸田206","35.848812","139.923994"
"東部クリーンセンター","千葉県松戸市高塚新田352","35.765271","139.938711"
"第五中学校","千葉県松戸市高塚新田380","35.768616","139.93339"
"東部小学校","千葉県松戸市高塚新田382-1","35.768175","139.930985"
"東部スポーツパーク体育館","千葉県松戸市高塚新田427","35.764103","139.937618"
"梨香台小学校","千葉県松戸市高塚新田512-13","35.756856","139.933768"
"北部小学校","千葉県松戸市根本217","35.792109","139.902343"
"旧根木内東小学校","千葉県松戸市根木内598","35.826906","139.949185"
"東松戸小学校","千葉県松戸市紙敷1-19-1","35.775852","139.955904"
"千葉県立松戸南高等学校","千葉県松戸市紙敷1199","35.771504","139.933489"
"市立松戸高等学校","千葉県松戸市紙敷2-7-5","35.776111","139.950348"
"千葉県立松戸向陽高等学校","千葉県松戸市秋山682","35.765728","139.924514"
"新松戸西小学校","千葉県松戸市小金1180","35.825499","139.903016"
"小金小学校","千葉県松戸市小金355","35.829087","139.929886"
"東漸寺","千葉県松戸市小金359-1","35.829242","139.928612"
"ユーカリ交通公園","千葉県松戸市小金原1-25","35.824429","139.940399"
"根木内中学校","千葉県松戸市小金原1-30","35.824702","139.94203"
"根木内小学校","千葉県松戸市小金原2-3","35.823677","139.945415"
"小金原公園","千葉県松戸市小金原6-10","35.819505","139.94748"
"栗ケ沢小学校","千葉県松戸市小金原7-16","35.815714","139.948538"
"貝の花小学校","千葉県松戸市小金原8-10","35.81407","139.941378"
"栗ケ沢公園","千葉県松戸市小金原8-26","35.813333","139.943948"
"栗ケ沢中学校","千葉県松戸市小金原9-25","35.812283","139.94772"
"小金南中学校","千葉県松戸市小金清志町1-16-1","35.823217","139.929487"
"南部小学校","千葉県松戸市小山148","35.774774","139.893953"
"第二中学校","千葉県松戸市小山685","35.77168","139.898053"
"中部小学校","千葉県松戸市松戸2062","35.78528","139.895501"
"柿ノ木台公園体育館","千葉県松戸市松戸594-7","35.773036","139.903323"
"松ケ丘小学校","千葉県松戸市松戸新田159","35.785854","139.915342"
"寒風台小学校","千葉県松戸市松戸新田316-25","35.795101","139.926289"
"松飛台第二小学校","千葉県松戸市松飛台59","35.790311","139.968765"
"専修大学松戸高等学校","千葉県松戸市上本郷2-3621","35.798954","139.920169"
"上本郷第二小学校","千葉県松戸市上本郷2677","35.792221","139.915491"
"上本郷小学校","千葉県松戸市上本郷3620","35.798852","139.918249"
"松戸運動公園","千葉県松戸市上本郷4434","35.79657","139.924703"
"松戸競輪場","千葉県松戸市上本郷594","35.803799","139.912025"
"金ケ作公園","千葉県松戸市常盤平3-27","35.799463","139.954779"
"常盤平第二小学校","千葉県松戸市常盤平4-18","35.799793","139.957424"
"常盤平第一小学校","千葉県松戸市常盤平7-1","35.797969","139.949556"
"常盤平中学校","千葉県松戸市常盤平7-25","35.795246","139.952504"
"常盤平第三小学校","千葉県松戸市常盤平西窪町25-1","35.796229","139.942728"
"市民交流会館（運動施設）","千葉県松戸市新松戸5-179-1","35.830181","139.908389"
"新松戸中央公園","千葉県松戸市新松戸6-22","35.826059","139.911382"
"新松戸南小学校","千葉県松戸市新松戸6-301","35.823711","139.905663"
"市民交流会館（文化施設）","千葉県松戸市新松戸7-192-1","35.830665","139.905368"
"馬橋北小学校","千葉県松戸市新松戸南2-1","35.821757","139.911997"
"新松戸南中学校","千葉県松戸市新松戸南2-124","35.821708","139.909216"
"横須賀小学校","千葉県松戸市新松戸北2-13-1","35.833008","139.910025"
"千葉県立小金高等学校","千葉県松戸市新松戸北2-14-1","35.833089","139.912026"
"小金中学校","千葉県松戸市新松戸北2-16-11","35.832402","139.913555"
"馬橋小学校","千葉県松戸市西馬橋1-12-1","35.815946","139.914196"
"第六中学校","千葉県松戸市千駄堀1341","35.796957","139.930555"
"矢切小学校","千葉県松戸市中矢切540","35.762987","139.897125"
"千葉県立松戸高等学校","千葉県松戸市中和倉590-1","35.801656","139.92651"
"小金北小学校","千葉県松戸市殿平賀270","35.838497","139.923474"
"殿平賀小学校","千葉県松戸市殿平賀339-1","35.837499","139.926259"
"柿ノ木台小学校","千葉県松戸市二十世紀が丘柿の木町111","35.771566","139.904389"
"柿ノ木台公園","千葉県松戸市二十世紀が丘柿の木町99","35.772261","139.902967"
"大橋小学校","千葉県松戸市二十世紀が丘梨元町32","35.77087","139.914853"
"第三中学校","千葉県松戸市馬橋2080","35.809721","139.925031"
"八ケ崎第二小学校","千葉県松戸市八ケ崎3-3-1","35.815455","139.935179"
"八ケ崎小学校","千葉県松戸市八ケ崎6-53-1","35.808443","139.930536"
"本土寺","千葉県松戸市平賀63","35.840357","139.928563"
"牧野原小学校","千葉県松戸市牧の原435-1","35.792546","139.951325"
"稔台小学校","千葉県松戸市稔台2-36-1","35.783938","139.933264"
"六実第三小学校","千葉県松戸市六高台3-141","35.79832","139.986484"
"六実中央公園","千葉県松戸市六高台3-142","35.799194","139.987564"
"六実小学校","千葉県松戸市六高台4-131","35.797858","139.993044"
"千葉県立松戸六実高等学校","千葉県松戸市六高台5-150-1","35.801765","139.993334"
"六実中学校","千葉県松戸市六高台5-166-1","35.800897","139.996739"
"六実第二小学校","千葉県松戸市六実2-34-1","35.790703","139.994005"
"和名ケ谷小学校","千葉県松戸市和名ケ谷1085","35.778174","139.923653"
"和名ケ谷中学校","千葉県松戸市和名ケ谷1338-1","35.776603","139.916876"
"四季の丘公園","千葉県神崎町四季の丘8-1","35.888829","140.413891"
"道の駅発酵の里こうざき","千葉県神崎町松崎855","35.899952","140.379341"
"米沢小学校","千葉県神崎町新385","35.877803","140.418857"
"神崎小学校","千葉県神崎町神崎本宿22","35.901155","140.400713"
"神崎中学校","千葉県神崎町神崎本宿260","35.899644","140.406485"
"神崎ふれあいプラザ","千葉県神崎町神崎本宿96","35.901534","140.402762"
"神崎町民野球場","千葉県神崎町大貫383-6","35.88686","140.420689"
"わくわく西の城","千葉県神崎町並木658","35.894214","140.399681"
"大栄みらい学園（体育館・校庭）","千葉県成田市伊能125","35.833119","140.425793"
"大須賀運動施設（体育館・グラウンド）","千葉県成田市伊能547","35.838643","140.432318"
"大栄Ｂ＆Ｇ海洋センター","千葉県成田市一坪田388","35.818124","140.421179"
"成田国際高等学校　（体育館・屋外運動場）","千葉県成田市加良部3-16","35.776774","140.304939"
"新山小学校（体育館・校庭）","千葉県成田市加良部4-23","35.774463","140.301123"
"西中学校（体育館・校庭）","千葉県成田市加良部5-11","35.773983","140.294096"
"加良部小学校（体育館・校庭）","千葉県成田市加良部6-8","35.776285","140.295049"
"滑河運動施設（体育館・グラウンド）","千葉県成田市滑川1142","35.866442","140.343015"
"久住中学校（体育館・校庭）","千葉県成田市久住中央2-1","35.833781","140.340966"
"久住小学校（体育館・校庭）","千葉県成田市久住中央3-12-1","35.836929","140.339125"
"橋賀台小学校（体育館・校庭）","千葉県成田市橋賀台3-4","35.772816","140.289287"
"玉造小学校（体育館・校庭）","千葉県成田市玉造3-4","35.793018","140.286534"
"玉造中学校（体育館・校庭）","千葉県成田市玉造3-7","35.790532","140.286645"
"成田北高等学校（体育館・屋外運動場）","千葉県成田市玉造5-1","35.795213","140.292846"
"神宮寺小学校（体育館・校庭）","千葉県成田市玉造5-28","35.792695","140.292182"
"吾妻中学校（体育館・校庭）","千葉県成田市吾妻1-24","35.781205","140.28589"
"吾妻小学校（体育館・校庭）","千葉県成田市吾妻2-6","35.783144","140.286193"
"公津の杜小学校（体育館・校庭）","千葉県成田市公津の杜3-2","35.756599","140.294704"
"公津の杜中学校（体育館・校庭）","千葉県成田市公津の杜5-29","35.756669","140.286215"
"成田小学校（体育館・校庭）","千葉県成田市幸町948-1","35.783335","140.313497"
"下総公民館","千葉県成田市高岡1435","35.874287","140.356001"
"下総運動公園（野球場・運動広場）","千葉県成田市高岡1435","35.875364","140.356331"
"桜田小学校（体育館・グラウンド）","千葉県成田市桜田941","35.844614","140.451028"
"遠山小学校（体育館・校庭）","千葉県成田市小菅1411","35.771152","140.354996"
"八生小学校（体育館・校庭）","千葉県成田市松崎1468","35.804601","140.291446"
"成田西陵高等学校　（体育館・屋外運動場）","千葉県成田市松崎20","35.811867","140.28592"
"大栄公民館","千葉県成田市松子393","35.831771","140.41881"
"成田高等学校　（講堂兼体育館、グラウンド）","千葉県成田市成田27","35.783608","140.324446"
"中郷ふるさと交流館（体育館・運動場）","千葉県成田市赤荻1574","35.809053","140.330156"
"中央公民館","千葉県成田市赤坂1-1-3","35.779344","140.293196"
"印東体育館","千葉県成田市船形186-2","35.786278","140.26725"
"前林運動施設（体育館・グラウンド）","千葉県成田市前林430","35.801461","140.433124"
"川上小学校（体育館・グラウンド）","千葉県成田市多良貝245-308","35.803197","140.406737"
"公津小学校（体育館・校庭）","千葉県成田市台方851","35.76645","140.282598"
"Ｒｅａｄｙ　Ｔｏ　Ｆｌｉｇｈｔ！　ＮＡＲＩＴＡ（グラウンド）","千葉県成田市大室680","35.833713","140.375648"
"遠山中学校（体育館・校庭）","千葉県成田市大清水19","35.766664","140.354861"
"高岡運動施設（体育館・グラウンド）","千葉県成田市大和田151","35.880795","140.361829"
"中台小学校（体育館・校庭）","千葉県成田市中台1-4","35.78413","140.290658"
"向台小学校（体育館・校庭）","千葉県成田市中台3-6","35.782661","140.300641"
"中台中学校（体育館・校庭）","千葉県成田市中台4-2","35.782403","140.296323"
"重兵衛スポーツフィールド中台","千葉県成田市中台5-2","35.780106","140.306904"
"津富浦小学校（体育館・グラウンド）","千葉県成田市津富浦1093","35.831273","140.413692"
"成田国際文化会館","千葉県成田市土屋303","35.790524","140.322526"
"成田中学校（体育館・校庭）","千葉県成田市土屋928-1","35.7874","140.313586"
"久住体育館","千葉県成田市幡谷922-6","35.835108","140.352406"
"平成小学校（体育館・校庭）","千葉県成田市飯仲50-1","35.757912","140.300849"
"美郷台小学校（体育館・校庭）","千葉県成田市美郷台2-19-1","35.795552","140.307645"
"豊住ふれあい健康館（体育館・グラウンド）","千葉県成田市北羽鳥1975-3","35.85386","140.295229"
"豊住小学校（体育館・校庭）","千葉県成田市北羽鳥1985-2","35.852674","140.294272"
"成田エアポート東雲パークゴルフ場","千葉県成田市堀之内392-4","35.799849","140.374363"
"三里塚小学校（体育館・校庭）","千葉県成田市本三里塚153-1","35.751826","140.372954"
"本城小学校（体育館・校庭）","千葉県成田市本城178-1","35.735429","140.365757"
"旧小御門小学校（グラウンド）","千葉県成田市名古屋1199","35.856706","140.35954"
"下総みどり学園（体育館・校庭）","千葉県成田市名古屋1214","35.862607","140.364102"
"下総高等学校（体育館・屋外運動場）","千葉県成田市名古屋247","35.859828","140.358271"
"ネクスト名木小（グラウンド）","千葉県成田市名木1050","35.876651","140.392434"
"稲丘小学校","千葉県千葉市稲毛区稲丘町19-30","35.632606","140.088013"
"稲毛公園","千葉県千葉市稲毛区稲毛1-10","35.636148","140.082672"
"稲毛公民館","千葉県千葉市稲毛区稲毛1-10-17","35.636562","140.08339"
"稲毛中学校","千葉県千葉市稲毛区稲毛町5-120","35.643927","140.0821"
"稲毛小学校","千葉県千葉市稲毛区稲毛町5-534-5","35.64062","140.08292"
"稲毛東公園","千葉県千葉市稲毛区稲毛東5-8","35.641515","140.086922"
"草野小学校","千葉県千葉市稲毛区園生町1385","35.65317","140.125533"
"草野中学校","千葉県千葉市稲毛区園生町1397","35.652474","140.127453"
"草野公民館","千葉県千葉市稲毛区園生町384-93","35.654072","140.119792"
"あやめ台小学校","千葉県千葉市稲毛区園生町446-1","35.646871","140.115721"
"柏台小学校","千葉県千葉市稲毛区園生町588","35.648613","140.10734"
"緑が丘公民館","千葉県千葉市稲毛区宮野木町1807-3","35.657817","140.107228"
"宮野木小学校","千葉県千葉市稲毛区宮野木町2100","35.658964","140.109734"
"宮野木スポーツセンター体育館","千葉県千葉市稲毛区宮野木町2150-4","35.66299","140.105819"
"県立京葉工業高等学校","千葉県千葉市稲毛区穴川4-11-32","35.638143","140.105287"
"穴川コミュニティセンター","千葉県千葉市稲毛区穴川4-12-3","35.63627","140.106468"
"轟公民館","千葉県千葉市稲毛区轟町1-12-3","35.624684","140.109721"
"県立千葉東高等学校","千葉県千葉市稲毛区轟町1-18-52","35.625768","140.111161"
"轟町小学校","千葉県千葉市稲毛区轟町3-4-30","35.630306","140.108309"
"轟町中学校","千葉県千葉市稲毛区轟町3-5-14","35.631176","140.108064"
"市立第二特別支援学校","千葉県千葉市稲毛区轟町3-6-25","35.631506","140.109383"
"黒砂公民館","千葉県千葉市稲毛区黒砂2-4-18","35.626439","140.093987"
"西千葉公園","千葉県千葉市稲毛区黒砂台3-1","35.630485","140.097911"
"都賀公民館","千葉県千葉市稲毛区作草部2-8-53","35.625484","140.117697"
"千草台東小学校","千葉県千葉市稲毛区作草部町1298-1","35.631669","140.122988"
"都賀中学校","千葉県千葉市稲毛区作草部町1306-1","35.631022","140.123101"
"都賀小学校","千葉県千葉市稲毛区作草部町938","35.629152","140.120068"
"山王小学校","千葉県千葉市稲毛区山王町121","35.665341","140.142685"
"山王ふれあい公園","千葉県千葉市稲毛区山王町182","35.663613","140.137481"
"小中台西公園","千葉県千葉市稲毛区小中台町400-1","35.652251","140.091809"
"小園公園","千葉県千葉市稲毛区小仲台4-2","35.63838","140.102413"
"仲よし公園","千葉県千葉市稲毛区小仲台5-1","35.63924","140.097587"
"県立千葉女子高等学校","千葉県千葉市稲毛区小仲台5-10-1","35.641281","140.101221"
"小中台公民館","千葉県千葉市稲毛区小仲台5-7-1","35.639361","140.099082"
"小中台小学校","千葉県千葉市稲毛区小仲台6-34-1","35.639676","140.095854"
"小中台南小学校","千葉県千葉市稲毛区小仲台8-15-1","35.646589","140.089395"
"園生小学校","千葉県千葉市稲毛区小仲台9-30-1","35.647279","140.097899"
"市立千葉高等学校","千葉県千葉市稲毛区小仲台9-46-1","35.644048","140.099461"
"小中台中学校","千葉県千葉市稲毛区小仲台9-46-2","35.645896","140.099422"
"千草台中学校","千葉県千葉市稲毛区千草台2-3-1","35.636797","140.117923"
"長沼原勤労市民プラザ","千葉県千葉市稲毛区長沼原町304-1","35.668396","140.129942"
"スマートコミュニティ稲毛グラウンド","千葉県千葉市稲毛区長沼原町882-1","35.665699","140.131044"
"県立千葉北高等学校","千葉県千葉市稲毛区長沼町153","35.662191","140.113685"
"長沼町公園","千葉県千葉市稲毛区長沼町255-1","35.656597","140.113163"
"長沼コミュニティセンター","千葉県千葉市稲毛区長沼町461-8","35.663381","140.126171"
"千草台公民館","千葉県千葉市稲毛区天台3-16-5","35.633774","140.1168"
"千草台小学校","千葉県千葉市稲毛区天台5-11-1","35.638225","140.116007"
"千葉県総合スポーツセンター","千葉県千葉市稲毛区天台町323","35.648648","140.12016"
"千葉大学構内（※建物を含まない）","千葉県千葉市稲毛区弥生町1-33","35.626884","140.102828"
"弥生小学校","千葉県千葉市稲毛区弥生町3-18","35.625803","140.101136"
"緑町小学校","千葉県千葉市稲毛区緑町2-13-1","35.623442","140.097753"
"緑町中学校","千葉県千葉市稲毛区緑町2-3-1","35.622432","140.09687"
"山王公民館","千葉県千葉市稲毛区六方町55-29","35.657531","140.145563"
"こてはし台小学校","千葉県千葉市花見川区こてはし台2-28-1","35.687879","140.122574"
"こてはし台公園","千葉県千葉市花見川区こてはし台4-21","35.687954","140.119794"
"こてはし台中学校","千葉県千葉市花見川区こてはし台5-15-1","35.691687","140.11922"
"こてはし台公民館","千葉県千葉市花見川区こてはし台5-9-7","35.689219","140.120026"
"犢橋貝塚公園","千葉県千葉市花見川区さつきが丘1-18","35.663686","140.095609"
"さつきが丘公民館","千葉県千葉市花見川区さつきが丘1-32-4","35.665081","140.096923"
"さつきが丘東小学校","千葉県千葉市花見川区さつきが丘1-7","35.663923","140.099185"
"さつきが丘西小学校","千葉県千葉市花見川区さつきが丘2-14","35.667513","140.091189"
"さつきが丘中学校","千葉県千葉市花見川区さつきが丘2-15","35.668038","140.091346"
"神場公園","千葉県千葉市花見川区さつきが丘2-17","35.670339","140.090189"
"宇那谷み春野公園","千葉県千葉市花見川区宇那谷町2115","35.692294","140.137854"
"横戸小学校","千葉県千葉市花見川区横戸町1005","35.696165","140.120359"
"花園公民館","千葉県千葉市花見川区花園3-12-8","35.657782","140.069651"
"花園中学校","千葉県千葉市花見川区花園4-1-1","35.655299","140.074047"
"花園小学校","千葉県千葉市花見川区花園4-1-2","35.656337","140.073887"
"旧花見川第三小学校（跡施設）","千葉県千葉市花見川区花見川1-1","35.685277","140.088844"
"花見川小学校","千葉県千葉市花見川区花見川4-1","35.694152","140.097846"
"旧花見川第二小学校（跡施設）","千葉県千葉市花見川区花見川6-1","35.688791","140.101329"
"花見川中学校一帯","千葉県千葉市花見川区花見川6-1","35.689365","140.101545"
"花見川中学校","千葉県千葉市花見川区花見川6-2","35.689048","140.102719"
"花島小学校","千葉県千葉市花見川区花見川8-1","35.683631","140.094928"
"花島コミュニティセンター","千葉県千葉市花見川区花島町308","35.681497","140.096891"
"花島公園","千葉県千葉市花見川区花島町493-1","35.682998","140.096972"
"検見川小学校","千葉県千葉市花見川区検見川町3-322-23","35.648881","140.068613"
"検見川公民館","千葉県千葉市花見川区検見川町3-322-25","35.649268","140.067343"
"作新小学校","千葉県千葉市花見川区作新台7-2-1","35.687734","140.084471"
"犢橋中学校","千葉県千葉市花見川区三角町656-2","35.677681","140.116991"
"瑞穂小学校","千葉県千葉市花見川区瑞穂1-2","35.664124","140.069014"
"西小中台小学校","千葉県千葉市花見川区西小中台3-1","35.650972","140.086281"
"千葉工業大学グラウンド一帯","千葉県千葉市花見川区千種町300","35.679165","140.115412"
"県立犢橋高等学校","千葉県千葉市花見川区千種町381-1","35.678105","140.120609"
"朝日ヶ丘公民館","千葉県千葉市花見川区朝日ケ丘1-1-30","35.655571","140.08917"
"朝日ヶ丘中学校","千葉県千葉市花見川区朝日ケ丘2-4-1","35.656489","140.087576"
"朝日ヶ丘小学校","千葉県千葉市花見川区朝日ケ丘2-6-1","35.659229","140.085505"
"東大検見川総合運動場","千葉県千葉市花見川区朝日ケ丘町","35.659702","140.075169"
"長作小学校","千葉県千葉市花見川区長作町1273","35.684214","140.073743"
"長作公民館","千葉県千葉市花見川区長作町1722-1","35.680342","140.079025"
"天戸中学校","千葉県千葉市花見川区天戸町1429","35.681448","140.087113"
"柏井小学校","千葉県千葉市花見川区柏井4-48-1","35.708785","140.106365"
"鷹之台カンツリー倶楽部（※建物を含まない）","千葉県千葉市花見川区柏井町","35.70474","140.10963"
"県立柏井高等学校","千葉県千葉市花見川区柏井町1452","35.698184","140.107442"
"花見川公民館","千葉県千葉市花見川区柏井町1590-8","35.695591","140.099679"
"畑コミュニティセンター","千葉県千葉市花見川区畑町1336-2","35.666976","140.079314"
"畑小学校","千葉県千葉市花見川区畑町1385-1","35.665423","140.078677"
"幕張南小学校","千葉県千葉市花見川区幕張町3-7718","35.657064","140.047183"
"幕張舟溜跡公園","千葉県千葉市花見川区幕張町3-7730-2","35.657559","140.048832"
"幕張コミュニティセンター","千葉県千葉市花見川区幕張町3-7730-4","35.656515","140.047597"
"幕張中学校","千葉県千葉市花見川区幕張町4-45","35.662916","140.059058"
"幕張公民館","千葉県千葉市花見川区幕張町4-602","35.660265","140.055428"
"幕張東小学校","千葉県千葉市花見川区幕張町4-681","35.665366","140.058071"
"幕張小学校","千葉県千葉市花見川区幕張町4-781","35.661884","140.053739"
"幕張本郷公民館","千葉県千葉市花見川区幕張本郷2-19-33","35.66819","140.03917"
"一本松公園","千葉県千葉市花見川区幕張本郷2-33","35.668831","140.042077"
"西の谷小学校","千葉県千葉市花見川区幕張本郷3-22-6","35.666154","140.04597"
"上の台小学校","千葉県千葉市花見川区幕張本郷4-8-1","35.668121","140.050455"
"幕張本郷中学校","千葉県千葉市花見川区幕張本郷5-18-1","35.671886","140.04763"
"幕張台公園","千葉県千葉市花見川区幕張本郷7-23","35.674666","140.04878"
"犢橋公民館","千葉県千葉市花見川区犢橋町162-1","35.66681","140.1136"
"緑が丘中学校","千葉県千葉市花見川区犢橋町213-4","35.664324","140.111212"
"犢橋小学校","千葉県千葉市花見川区犢橋町774","35.67297","140.108168"
"みつわ台南小学校","千葉県千葉市若葉区みつわ台1-17-1","35.634603","140.130816"
"みつわ台第１公園","千葉県千葉市若葉区みつわ台1-18","35.634897","140.13248"
"みつわ台公園","千葉県千葉市若葉区みつわ台1-28","35.6308","140.131042"
"みつわ台中学校","千葉県千葉市若葉区みつわ台2-41-1","35.635307","140.13119"
"みつわ台公民館","千葉県千葉市若葉区みつわ台3-12-17","35.639241","140.135506"
"みつわ台第２公園","千葉県千葉市若葉区みつわ台3-2","35.641375","140.134925"
"みつわ台体育館","千葉県千葉市若葉区みつわ台3-3-1","35.640936","140.13626"
"みつわ台北小学校","千葉県千葉市若葉区みつわ台3-5-1","35.642034","140.137846"
"愛生運動広場","千葉県千葉市若葉区愛生町102-1","35.654315","140.133574"
"旧更科小学校下田分校（跡施設）","千葉県千葉市若葉区下田町573","35.640009","140.214694"
"県立桜が丘特別支援学校","千葉県千葉市若葉区加曽利町1538","35.614322","140.1689"
"加曽利公民館","千葉県千葉市若葉区加曽利町892-6","35.612151","140.152058"
"加曽利中学校","千葉県千葉市若葉区加曽利町961-5","35.613952","140.157619"
"貝塚中学校","千葉県千葉市若葉区貝塚1-7-1","35.624021","140.15347"
"北貝塚小学校","千葉県千葉市若葉区貝塚町1093","35.628665","140.145034"
"千葉刑務所","千葉県千葉市若葉区貝塚町192","35.615433","140.13377"
"源小学校","千葉県千葉市若葉区源町541-6","35.648724","140.131757"
"御成台公園","千葉県千葉市若葉区御成台3-1182-2","35.636263","140.200829"
"更科小学校","千葉県千葉市若葉区更科町2073","35.619293","140.228021"
"更科中学校","千葉県千葉市若葉区更科町2112","35.617657","140.226416"
"更科公民館","千葉県千葉市若葉区更科町2254-1","35.6178","140.227794"
"県立泉高等学校","千葉県千葉市若葉区高根町875-1","35.602155","140.210218"
"坂月小学校","千葉県千葉市若葉区坂月町298","35.612023","140.18158"
"桜木公園","千葉県千葉市若葉区桜木1-423","35.620832","140.15264"
"加曽利貝塚縄文遺跡公園","千葉県千葉市若葉区桜木2-81-1","35.624059","140.164733"
"桜木公民館","千葉県千葉市若葉区桜木3-17-29","35.622766","140.160381"
"桜木小学校","千葉県千葉市若葉区桜木3-26-1","35.621105","140.159517"
"若松台小学校","千葉県千葉市若葉区若松台2-25-1","35.649861","140.171906"
"若松中学校","千葉県千葉市若葉区若松町2106-2","35.635795","140.169846"
"若松公民館","千葉県千葉市若葉区若松町2117-2","35.635095","140.167547"
"若松小学校","千葉県千葉市若葉区若松町360-1","35.640785","140.16792"
"県立若松高等学校","千葉県千葉市若葉区若松町429","35.644031","140.159173"
"山王中学校","千葉県千葉市若葉区若松町774","35.653051","140.142673"
"陸上自衛隊高射学校（※建物を含まない）","千葉県千葉市若葉区若松町902","35.652833","140.149198"
"小倉台公園","千葉県千葉市若葉区小倉台4-7","35.629289","140.170582"
"小倉小学校","千葉県千葉市若葉区小倉台5-1-1","35.631903","140.173037"
"千城台西公園","千葉県千葉市若葉区千城台西1-15","35.622646","140.180398"
"県立千城台高等学校","千葉県千葉市若葉区千城台西2-1-1","35.62161","140.188093"
"千城台コミュニティセンター","千葉県千葉市若葉区千城台西2-1-1","35.621971","140.186443"
"千城台公民館","千葉県千葉市若葉区千城台西2-1-1","35.622318","140.187309"
"千城台西中学校","千葉県千葉市若葉区千城台西2-20-1","35.621598","140.18464"
"千城台東小学校","千葉県千葉市若葉区千城台東1-15-1","35.62234","140.191512"
"御成公園","千葉県千葉市若葉区千城台東2-45","35.623414","140.196631"
"千城台みらい小学校","千葉県千葉市若葉区千城台東3-18-1","35.61735","140.195927"
"千城台南中学校","千葉県千葉市若葉区千城台南1-20-1","35.618688","140.190774"
"千城台公園一帯","千葉県千葉市若葉区千城台南1-21","35.616558","140.191169"
"千城台わかば小学校","千葉県千葉市若葉区千城台北1-4-1","35.628698","140.18372"
"城北公園","千葉県千葉市若葉区千城台北2-1","35.627451","140.186412"
"大宮小学校","千葉県千葉市若葉区大宮台7-8-1","35.596181","140.182235"
"市立特別支援学校","千葉県千葉市若葉区大宮町1066-1","35.59769","140.166978"
"大宮中学校一帯","千葉県千葉市若葉区大宮町2077","35.586238","140.18599"
"大宮中学校","千葉県千葉市若葉区大宮町2077","35.586326","140.186714"
"旧大宮台小学校（跡施設）","千葉県千葉市若葉区大宮町2082","35.585079","140.186184"
"千城小学校","千葉県千葉市若葉区大宮町2655","35.600051","140.168745"
"県立千葉大宮高等学校","千葉県千葉市若葉区大宮町2699-1","35.602702","140.169997"
"大宮公民館","千葉県千葉市若葉区大宮町3221-2","35.596559","140.181029"
"美しの森公園","千葉県千葉市若葉区都賀2-5","35.6342","140.147444"
"都賀コミュニティセンター","千葉県千葉市若葉区都賀4-20-1","35.634316","140.154666"
"都賀の台小学校","千葉県千葉市若葉区都賀の台2-13-1","35.643833","140.141663"
"袖ヶ浦カンツリー倶楽部新袖コース（※建物を含まない）","千葉県千葉市若葉区富田町1140","35.595902","140.258803"
"旧更科小学校富田分校（跡施設）","千葉県千葉市若葉区富田町83","35.600151","140.237718"
"泉自然公園","千葉県千葉市若葉区野呂町108","35.57744","140.226574"
"白井小学校","千葉県千葉市若葉区野呂町215","35.580907","140.230974"
"白井公民館","千葉県千葉市若葉区野呂町622-10","35.583898","140.230279"
"白井中学校","千葉県千葉市若葉区野呂町623","35.587526","140.225637"
"生浜西小学校","千葉県千葉市中央区塩田町316-1","35.558963","140.131289"
"県立生浜高等学校","千葉県千葉市中央区塩田町372","35.560683","140.129611"
"県立千葉南高等学校","千葉県千葉市中央区花輪町45-3","35.576886","140.163589"
"県立千葉中学校・千葉高等学校","千葉県千葉市中央区葛城1-5-2","35.599997","140.128396"
"葛城中学校","千葉県千葉市中央区葛城2-9-1","35.600871","140.131033"
"葛城公民館","千葉県千葉市中央区葛城2-9-2","35.59964","140.130897"
"寒川小学校","千葉県千葉市中央区寒川町1-205","35.597317","140.121804"
"宮崎小学校","千葉県千葉市中央区宮崎2-3-13","35.583663","140.136586"
"菰池公園","千葉県千葉市中央区宮崎2-4","35.583298","140.135199"
"宮崎公民館","千葉県千葉市中央区宮崎2-5-22","35.580616","140.136829"
"蘇我コミュニティセンター","千葉県千葉市中央区今井1-14-43","35.583746","140.129181"
"蘇我小学校","千葉県千葉市中央区今井3-15-32","35.578211","140.131263"
"県立千葉工業高等学校一帯","千葉県千葉市中央区今井町1478","35.570033","140.141754"
"県立千葉工業高等学校","千葉県千葉市中央区今井町1478","35.57154","140.141141"
"羽衣公園","千葉県千葉市中央区市場町1-1","35.603849","140.122585"
"松ヶ丘公民館","千葉県千葉市中央区松ケ丘町257-2","35.588168","140.151861"
"松ヶ丘中学校","千葉県千葉市中央区松ケ丘町440","35.587721","140.152469"
"松ヶ丘小学校","千葉県千葉市中央区松ケ丘町580","35.586438","140.155405"
"県立千葉商業高等学校","千葉県千葉市中央区松波2-22-48","35.621103","140.107925"
"新宿小学校","千葉県千葉市中央区新宿2-15-1","35.607909","140.114303"
"新宿公民館","千葉県千葉市中央区新宿2-16-14","35.606858","140.113776"
"仁戸名小学校","千葉県千葉市中央区仁戸名町380","35.59256","140.158669"
"ニューサンピア千葉一帯（※建物を含まない）","千葉県千葉市中央区仁戸名町705","35.579177","140.162619"
"星久喜小学校","千葉県千葉市中央区星久喜町1060","35.596806","140.146688"
"都市緑化植物園","千葉県千葉市中央区星久喜町278","35.601812","140.151577"
"星久喜公民館","千葉県千葉市中央区星久喜町615-7","35.597701","140.151177"
"星久喜中学校","千葉県千葉市中央区星久喜町823","35.600845","140.152051"
"生浜東小学校","千葉県千葉市中央区生実町1928","35.559876","140.147935"
"生浜公民館","千葉県千葉市中央区生実町67-1","35.559637","140.14177"
"青葉の森公園","千葉県千葉市中央区青葉町654","35.596879","140.140142"
"青葉の森公園芸術文化ホール","千葉県千葉市中央区青葉町977-1","35.597896","140.138826"
"みなと公園","千葉県千葉市中央区千葉港6","35.60651","140.104694"
"ハーモニープラザ","千葉県千葉市中央区千葉寺町1208-2","35.59465","140.134677"
"川戸公民館","千葉県千葉市中央区川戸町403-1","35.581942","140.166883"
"川戸中学校","千葉県千葉市中央区川戸町443","35.584003","140.167873"
"川戸小学校","千葉県千葉市中央区川戸町450","35.584782","140.167967"
"フクダ電子アリーナ","千葉県千葉市中央区川崎町1-20","35.577475","140.122139"
"そが野ふれあい公園","千葉県千葉市中央区蘇我5-29","35.57072","140.134863"
"大巌寺小学校","千葉県千葉市中央区大巌寺町375","35.573157","140.149072"
"大森小学校","千葉県千葉市中央区大森町268","35.580623","140.144476"
"科学館","千葉県千葉市中央区中央4-5-1","35.607443","140.123188"
"子ども交流館","千葉県千葉市中央区中央4-5-1","35.607396","140.122887"
"子育て支援館","千葉県千葉市中央区中央4-5-1","35.607374","140.122494"
"椿森中学校","千葉県千葉市中央区椿森4-1-1","35.622409","140.120766"
"椿森公民館","千葉県千葉市中央区椿森6-1-11","35.620126","140.123848"
"鶴沢小学校","千葉県千葉市中央区鶴沢町21-1","35.60987","140.133712"
"登戸小学校","千葉県千葉市中央区登戸2-11-1","35.612438","140.107616"
"都公園","千葉県千葉市中央区都町2-14","35.61138","140.138799"
"都小学校","千葉県千葉市中央区都町4-2-1","35.612507","140.144835"
"千葉明徳学園","千葉県千葉市中央区南生実町1412","35.560637","140.154581"
"生浜中学校","千葉県千葉市中央区南生実町258","35.557209","140.144112"
"ＪＦＥ千葉体育館一帯（※建物を含まない）","千葉県千葉市中央区南町1-3-1","35.585215","140.132332"
"南部青少年センター","千葉県千葉市中央区白旗1-3-16","35.579056","140.138547"
"蘇我中学校","千葉県千葉市中央区白旗1-5-3","35.577268","140.138018"
"生浜小学校","千葉県千葉市中央区浜野町1335","35.559479","140.140508"
"弁天小学校","千葉県千葉市中央区弁天1-21-2","35.616491","140.112619"
"千葉公園（※建物を含まない）","千葉県千葉市中央区弁天3-1","35.620588","140.116303"
"本町小学校","千葉県千葉市中央区本町2-6-23","35.60932","140.128119"
"末広中学校","千葉県千葉市中央区末広2-10-1","35.596786","140.126615"
"末広公民館","千葉県千葉市中央区末広3-2-2","35.593978","140.125234"
"千葉ポートアリーナ","千葉県千葉市中央区問屋町1-20","35.602902","140.111797"
"千葉ポートスクエア","千葉県千葉市中央区問屋町1-35","35.602925","140.111067"
"新宿中学校","千葉県千葉市中央区問屋町1-73","35.604404","140.109207"
"千葉職業能力開発短期大学校","千葉県千葉市中央区問屋町2-25","35.601595","140.112513"
"院内小学校","千葉県千葉市中央区祐光1-25-3","35.615512","140.125796"
"市民会館","千葉県千葉市中央区要町1-1","35.615425","140.120277"
"幕張海浜公園","千葉県千葉市美浜区ひび野2","35.646312","140.044355"
"磯辺第三小学校","千葉県千葉市美浜区磯辺1-25-1","35.630095","140.064158"
"磯辺公園","千葉県千葉市美浜区磯辺1-26","35.629481","140.064976"
"磯辺公民館","千葉県千葉市美浜区磯辺1-48-1","35.628198","140.061779"
"磯辺スポーツセンター","千葉県千葉市美浜区磯辺1-50-1","35.627547","140.062442"
"県立磯辺高等学校","千葉県千葉市美浜区磯辺2-7-1","35.62603","140.058344"
"県立千葉西高等学校","千葉県千葉市美浜区磯辺3-30-3","35.627413","140.053344"
"磯辺小学校","千葉県千葉市美浜区磯辺4-16-1","35.631764","140.058101"
"中磯辺公園","千葉県千葉市美浜区磯辺4-27","35.630053","140.056224"
"北磯辺公園","千葉県千葉市美浜区磯辺6-4","35.637429","140.054762"
"磯辺中学校","千葉県千葉市美浜区磯辺7-1-1","35.632514","140.053963"
"稲毛海岸公園一帯","千葉県千葉市美浜区稲毛海岸2-3","35.631384","140.083537"
"稲浜小学校","千葉県千葉市美浜区稲毛海岸2-3-2","35.629948","140.084343"
"稲浜中学校","千葉県千葉市美浜区稲毛海岸2-3-3","35.632781","140.081805"
"稲浜公民館","千葉県千葉市美浜区稲毛海岸3-4-1","35.631989","140.079466"
"稲毛第二小学校","千葉県千葉市美浜区稲毛海岸5-7-1","35.636881","140.075339"
"幸町第三小学校","千葉県千葉市美浜区幸町1-10-1","35.61127","140.099009"
"幸町第二中学校一帯","千葉県千葉市美浜区幸町1-10-2","35.613054","140.097818"
"幸町第二中学校","千葉県千葉市美浜区幸町1-10-2","35.612579","140.098057"
"綜警千葉ビル","千葉県千葉市美浜区幸町1-26-5","35.616698","140.09933"
"幸町小学校","千葉県千葉市美浜区幸町2-12-12","35.621654","140.090536"
"幸町公民館","千葉県千葉市美浜区幸町2-12-14","35.620676","140.092358"
"幸町第一中学校","千葉県千葉市美浜区幸町2-12-7","35.621181","140.090026"
"幸町第一中学校一帯","千葉県千葉市美浜区幸町2-12-7","35.620744","140.089963"
"旧幸町第一小学校（跡施設）","千葉県千葉市美浜区幸町2-17-4","35.624268","140.088305"
"旧幸町第二小学校（跡施設）","千葉県千葉市美浜区幸町2-9-4","35.617929","140.095016"
"高洲第四小学校","千葉県千葉市美浜区高洲1-15-1","35.630763","140.077952"
"高洲小学校","千葉県千葉市美浜区高洲2-2-20","35.625053","140.079808"
"高洲中学校","千葉県千葉市美浜区高洲2-3-18","35.623245","140.077441"
"高洲コミュニティセンター","千葉県千葉市美浜区高洲3-12-1","35.626992","140.071044"
"高洲公園","千葉県千葉市美浜区高洲3-2","35.627677","140.075871"
"高洲第三小学校","千葉県千葉市美浜区高洲3-3-11","35.626726","140.074168"
"高洲スポーツセンター体育館","千葉県千葉市美浜区高洲4-2-2","35.634024","140.075025"
"旧高洲第二中学校（跡施設）","千葉県千葉市美浜区高洲4-4-3","35.632562","140.071747"
"高浜第一小学校","千葉県千葉市美浜区高浜1-4-1","35.61987","140.075894"
"高浜公園","千葉県千葉市美浜区高浜1-8","35.619688","140.073705"
"高浜公民館","千葉県千葉市美浜区高浜1-8-3","35.620207","140.073378"
"地方卸売市場","千葉県千葉市美浜区高浜2-2-1","35.616314","140.070813"
"市立稲毛高等学校・国際中等教育学校","千葉県千葉市美浜区高浜3-1-1","35.620401","140.068525"
"南高浜公園","千葉県千葉市美浜区高浜3-2","35.619857","140.065212"
"中高浜公園","千葉県千葉市美浜区高浜4-6","35.622147","140.068302"
"高浜中学校","千葉県千葉市美浜区高浜4-8-1","35.623768","140.070887"
"高浜海浜小学校","千葉県千葉市美浜区高浜4-8-2","35.623464","140.069654"
"北高浜公園","千葉県千葉市美浜区高浜5-19","35.626027","140.063724"
"神田外語大学（※建物を含まない）","千葉県千葉市美浜区若葉1-4-1","35.65673","140.043089"
"県立幕張総合高等学校（看護科校舎）","千葉県千葉市美浜区若葉2-10-2","35.651476","140.054039"
"幕張若葉小学校","千葉県千葉市美浜区若葉3-1-26","35.645658","140.054752"
"県立幕張総合高等学校","千葉県千葉市美浜区若葉3-1-6","35.647831","140.052809"
"幕張勤労市民プラザ","千葉県千葉市美浜区若葉3-1-8","35.648923","140.050262"
"真砂公園","千葉県千葉市美浜区真砂1-11","35.634192","140.069079"
"真砂第五小学校","千葉県千葉市美浜区真砂1-12-15","35.632619","140.069148"
"東京歯科大学一帯（※建物を含まない）","千葉県千葉市美浜区真砂1-2-2","35.636058","140.071478"
"真砂東小学校","千葉県千葉市美浜区真砂2-13-1","35.637802","140.06691"
"真砂コミュニティセンター","千葉県千葉市美浜区真砂2-3-1","35.6404","140.069187"
"県立検見川高等学校","千葉県千葉市美浜区真砂4-17-1","35.640109","140.056873"
"真砂西小学校","千葉県千葉市美浜区真砂4-5-1","35.642633","140.059097"
"真砂中央公園","千葉県千葉市美浜区真砂5-15","35.642044","140.064493"
"市立高等特別支援学校","千葉県千葉市美浜区真砂5-18-1","35.644017","140.061599"
"真砂中学校一帯","千葉県千葉市美浜区真砂5-18-2","35.644586","140.062799"
"真砂中学校","千葉県千葉市美浜区真砂5-18-2","35.645222","140.063106"
"打瀬小学校","千葉県千葉市美浜区打瀬1-3-1","35.642022","140.047293"
"打瀬公民館","千葉県千葉市美浜区打瀬2-13","35.63969","140.046688"
"美浜打瀬小学校","千葉県千葉市美浜区打瀬2-18-1","35.638051","140.044719"
"打瀬中学校","千葉県千葉市美浜区打瀬3-12-1","35.636641","140.043153"
"海浜打瀬小学校","千葉県千葉市美浜区打瀬3-3-1","35.640504","140.041622"
"浜田公園","千葉県千葉市美浜区浜田2-126","35.658042","140.031993"
"幕張西公民館","千葉県千葉市美浜区幕張西2-6-2","35.665574","140.036361"
"幕張西小学校","千葉県千葉市美浜区幕張西2-8-1","35.664865","140.038036"
"幕張西小学校一帯","千葉県千葉市美浜区幕張西2-8-1","35.664647","140.038331"
"幕張西中学校","千葉県千葉市美浜区幕張西2-9-1","35.663569","140.037348"
"幕張西第２公園","千葉県千葉市美浜区幕張西3-4","35.662951","140.040928"
"幕張西第３公園","千葉県千葉市美浜区幕張西6-2-1","35.662899","140.032026"
"土気南小学校","千葉県千葉市緑区あすみが丘4-16","35.523073","140.265018"
"土気南中学校一帯","千葉県千葉市緑区あすみが丘4-38","35.52463","140.261428"
"土気南中学校","千葉県千葉市緑区あすみが丘4-38","35.524839","140.261005"
"あすみが丘ふれあいの広場公園","千葉県千葉市緑区あすみが丘6-1","35.521193","140.263592"
"あすみが丘小学校","千葉県千葉市緑区あすみが丘6-2","35.519679","140.263327"
"大椎小学校","千葉県千葉市緑区あすみが丘6-38","35.514374","140.26234"
"土気あすみが丘プラザ","千葉県千葉市緑区あすみが丘7-2-4","35.521279","140.265204"
"大椎中学校","千葉県千葉市緑区あすみが丘8-26","35.517118","140.270416"
"あすみが丘やすらぎの広場公園","千葉県千葉市緑区あすみが丘9-13","35.511896","140.264293"
"県立土気高等学校","千葉県千葉市緑区あすみが丘東2-24-1","35.523568","140.274237"
"有吉小学校","千葉県千葉市緑区おゆみ野1-53","35.56129","140.166093"
"有吉中学校","千葉県千葉市緑区おゆみ野2-41","35.560555","140.170486"
"おゆみ野さくら公園","千葉県千葉市緑区おゆみ野2-42","35.560357","140.172561"
"鎌取コミュニティセンター","千葉県千葉市緑区おゆみ野3-15-2","35.559952","140.175703"
"小谷小学校","千葉県千葉市緑区おゆみ野4-45","35.555342","140.181398"
"扇田小学校","千葉県千葉市緑区おゆみ野中央1-26","35.556929","140.163464"
"おゆみ野公民館","千葉県千葉市緑区おゆみ野中央2-7-6","35.556087","140.164181"
"泉谷中学校","千葉県千葉市緑区おゆみ野中央4-2","35.554916","140.172145"
"泉谷小学校","千葉県千葉市緑区おゆみ野中央4-3","35.554272","140.17359"
"泉谷小学校一帯","千葉県千葉市緑区おゆみ野中央4-3","35.554545","140.17426"
"おゆみ野南小学校","千葉県千葉市緑区おゆみ野南4-26","35.545057","140.168743"
"おゆみ野南中学校","千葉県千葉市緑区おゆみ野南5-25","35.545119","140.17698"
"金沢小学校","千葉県千葉市緑区おゆみ野南5-31","35.547626","140.172434"
"越智中学校","千葉県千葉市緑区越智町651","35.533554","140.241287"
"越智小学校","千葉県千葉市緑区越智町705-359","35.532181","140.237031"
"越智中央公園","千葉県千葉市緑区越智町810-7","35.534583","140.23731"
"越智公民館","千葉県千葉市緑区越智町822-7","35.534883","140.236383"
"古市場体育館・古市場公園野球場","千葉県千葉市緑区古市場町474-277","35.549187","140.146295"
"東急セブンハンドレッドクラブ（※建物を含まない）","千葉県千葉市緑区小山町359-6","35.502885","140.269918"
"本千葉カントリークラブ（※建物を含まない）","千葉県千葉市緑区大金沢町311","35.535963","140.179367"
"大木戸小学校","千葉県千葉市緑区大木戸町317","35.531038","140.250358"
"大野台中央公園","千葉県千葉市緑区大野台1-6-2","35.512455","140.231846"
"土気中学校","千葉県千葉市緑区土気町1400","35.54135","140.272533"
"土気公民館","千葉県千葉市緑区土気町1631-7","35.530729","140.273647"
"土気市民センター","千葉県千葉市緑区土気町1634","35.530758","140.27324"
"土気小学校","千葉県千葉市緑区土気町1634-2","35.531626","140.273411"
"昭和の森","千葉県千葉市緑区土気町22","35.518325","140.280304"
"椎名公民館","千葉県千葉市緑区富岡町290-1","35.543663","140.163851"
"平川カントリークラブ（※建物を含まない）","千葉県千葉市緑区平川町405","35.553248","140.256443"
"平山小学校","千葉県千葉市緑区辺田町141","35.568846","140.180059"
"袖ヶ浦カンツリー倶楽部袖ヶ浦コース（※建物を含まない）","千葉県千葉市緑区辺田町567","35.567178","140.188251"
"椎名小学校","千葉県千葉市緑区茂呂町582","35.541806","140.163408"
"誉田中学校","千葉県千葉市緑区誉田町1-138","35.552381","140.202982"
"誉田小学校","千葉県千葉市緑区誉田町1-27","35.549554","140.204475"
"誉田南公園","千葉県千葉市緑区誉田町1-780","35.548509","140.19953"
"誉田公民館","千葉県千葉市緑区誉田町1-789-49","35.549869","140.203233"
"誉田東小学校","千葉県千葉市緑区誉田町2-21-84","35.549533","140.218211"
"船橋市立旭中学校","千葉県船橋市旭町2-23-1","35.736096","139.987912"
"千葉県立船橋啓明高等学校","千葉県船橋市旭町333","35.732175","139.983481"
"船橋市立葛飾小学校","千葉県船橋市印内1-2-1","35.713263","139.959056"
"船橋市立葛飾中学校","千葉県船橋市印内1-5-1","35.71404","139.959252"
"船橋市立南本町小学校","千葉県船橋市栄町1-7-1","35.693774","139.975549"
"船橋市立南本町小学校（校舎屋上）","千葉県船橋市栄町1-7-1","35.693775","139.97651"
"ダイアパレスライブシティ船橋","千葉県船橋市栄町1-9-1","35.693022","139.975493"
"船橋市立船橋中学校","千葉県船橋市夏見2-11-1","35.709967","139.987541"
"船橋市立八栄小学校","千葉県船橋市夏見5-27-1","35.711531","139.993496"
"船橋市立夏見台小学校","千葉県船橋市夏見台2-12-1","35.721381","139.99517"
"夏見台近隣公園","千葉県船橋市夏見台2-13","35.720455","139.995188"
"船橋市運動公園","千葉県船橋市夏見台6-4-1","35.729349","139.995784"
"船橋市立海神小学校","千葉県船橋市海神2-6-5","35.703567","139.979769"
"船橋市立海神中学校","千葉県船橋市海神4-27-1","35.71027","139.976625"
"船橋市立西海神小学校","千葉県船橋市海神5-19-36","35.709726","139.968077"
"船橋市立海神南小学校（校舎屋上）","千葉県船橋市海神町南1-1510","35.700896","139.968256"
"船橋市立海神南小学校","千葉県船橋市海神町南1-1510","35.701293","139.968379"
"船橋市立丸山小学校","千葉県船橋市丸山4-43-1","35.75078","139.99765"
"船橋市立法典東小学校","千葉県船橋市丸山5-25-1","35.745168","139.99542"
"船橋大神宮","千葉県船橋市宮本5-2-1","35.696219","139.993034"
"船橋市立峰台小学校","千葉県船橋市宮本6-33-1","35.699627","139.997716"
"船橋市立宮本小学校","千葉県船橋市宮本7-10-1","35.694703","139.996669"
"御滝公園","千葉県船橋市金杉6-26","35.739488","140.019798"
"船橋市立御滝中学校","千葉県船橋市金杉6-5-1","35.737518","140.017982"
"船橋市立金杉小学校","千葉県船橋市金杉8-10-1","35.7315","140.015771"
"市立船橋高等学校金杉台グラウンド","千葉県船橋市金杉台1-2-18","35.737278","140.010107"
"船橋市立金杉台小学校","千葉県船橋市金杉台2-1-7","35.737073","140.014511"
"中山競馬場","千葉県船橋市古作1-1-1","35.724549","139.962602"
"千葉県立船橋古和釜高等学校","千葉県船橋市古和釜町586","35.739556","140.055911"
"船橋市立塚田南小学校","千葉県船橋市行田1-50-1","35.718764","139.979395"
"船橋市立行田東小学校","千葉県船橋市行田2-4-1","35.717433","139.973634"
"千葉県立行田公園","千葉県船橋市行田2-5-1","35.719523","139.973841"
"船橋市立行田西小学校","千葉県船橋市行田3-4-1","35.718783","139.968141"
"船橋市立行田中学校","千葉県船橋市行田3-6-1","35.721762","139.969954"
"船橋市立高根台第三小学校","千葉県船橋市高根台1-4-1","35.729775","140.032149"
"船橋市立船橋特別支援学校高根台校舎","千葉県船橋市高根台2-1-1","35.734745","140.029086"
"船橋市立高根台中学校","千葉県船橋市高根台3-3-1","35.731099","140.042738"
"船橋市立高根台第二小学校","千葉県船橋市高根台5-2-1","35.729166","140.041826"
"高根木戸近隣公園","千葉県船橋市高根台5-3-1","35.729831","140.043456"
"船橋市立高根小学校","千葉県船橋市高根町2895","35.726622","140.00891"
"高瀬町まちかどスポーツ広場","千葉県船橋市高瀬町56","35.669592","139.997174"
"高瀬下水処理場上部運動広場（タカスポ）","千葉県船橋市高瀬町56-1","35.671306","139.998537"
"船橋市立咲が丘小学校","千葉県船橋市咲が丘1-22-1","35.760194","140.018999"
"東邦大学","千葉県船橋市三山2-2-1","35.694733","140.049221"
"船橋市立三山小学校","千葉県船橋市三山2-42-1","35.696195","140.050899"
"船橋市立三山中学校","千葉県船橋市三山6-26-1","35.701911","140.056966"
"船橋市立三山東小学校","千葉県船橋市三山6-32-1","35.700721","140.056671"
"船橋市立市場小学校","千葉県船橋市市場1-5-1","35.701887","139.992661"
"船橋市地方卸売市場","千葉県船橋市市場1-8-1","35.704891","139.99319"
"船橋市立船橋高等学校","千葉県船橋市市場4-5-1","35.701201","139.999148"
"船橋市立七林小学校","千葉県船橋市七林町115-13","35.716604","140.039091"
"船橋市立七林中学校","千葉県船橋市七林町130","35.717292","140.03671"
"船橋市立芝山中学校","千葉県船橋市芝山1-40-11","35.716077","140.01905"
"千葉県立船橋東高等学校","千葉県船橋市芝山2-13-1","35.722081","140.01762"
"船橋市立芝山西小学校","千葉県船橋市芝山2-4-1","35.718542","140.01603"
"船橋市立芝山東小学校","千葉県船橋市芝山3-19-1","35.716438","140.024184"
"千葉県立船橋芝山高等学校","千葉県船橋市芝山7-39-1","35.718539","140.027359"
"船橋競馬場正面駐車場","千葉県船橋市若松1-2-1","35.687441","139.996362"
"三井ショッピングパーク　ららテラスＴＯＫＹＯ－ＢＡＹ　ＬａＬａ　ｔｅｒｒａｃｅ　Ｇｒｅｅｎ　Ｐａｒｋ","千葉県船橋市若松2-2-1","35.680673","139.997134"
"船橋市立若松中学校","千葉県船橋市若松3-2-3","35.676696","139.993022"
"船橋市立若松中学校（校舎屋上）","千葉県船橋市若松3-2-3","35.677127","139.993227"
"船橋市立若松小学校","千葉県船橋市若松3-2-4","35.67623","139.994792"
"船橋市立若松小学校（校舎屋上）","千葉県船橋市若松3-2-4","35.676464","139.994935"
"陸上自衛隊習志野演習場","千葉県船橋市習志野3-1","35.713839","140.065931"
"船橋市立習志野台第一小学校","千葉県船橋市習志野台2-51-1","35.724042","140.046414"
"北習志野近隣公園","千葉県船橋市習志野台3-4-1","35.721404","140.048827"
"船橋市立習志野台第二小学校","千葉県船橋市習志野台5-43-1","35.718938","140.055152"
"船橋市立習志野台中学校","千葉県船橋市習志野台6-23-1","35.721242","140.053945"
"日本大学理工学部","千葉県船橋市習志野台7-24-1","35.724029","140.058236"
"船橋市総合体育館（船橋アリーナ）","千葉県船橋市習志野台7-5-1","35.729577","140.051877"
"船橋市立小室中学校","千葉県船橋市小室町898","35.793688","140.075076"
"船橋市立小室小学校","千葉県船橋市小室町899","35.792505","140.073987"
"船橋市立古和釜小学校","千葉県船橋市松が丘3-42-1","35.735519","140.04732"
"船橋市立古和釜中学校","千葉県船橋市松が丘3-69-1","35.737592","140.049557"
"船橋市立法典西小学校","千葉県船橋市上山町1-111-5","35.727582","139.970656"
"船橋市立高根東小学校","千葉県船橋市新高根1-17-1","35.725077","140.022548"
"船橋市立高根中学校","千葉県船橋市新高根1-17-2","35.726168","140.022597"
"千葉県立船橋北高等学校","千葉県船橋市神保町133-1","35.761466","140.043254"
"船橋市立高郷小学校","千葉県船橋市西習志野1-47-1","35.721727","140.035496"
"西船近隣公園","千葉県船橋市西船1-25","35.70484","139.965769"
"船橋市立塚田小学校","千葉県船橋市前貝塚町600","35.723634","139.978862"
"船橋市立前原小学校","千葉県船橋市前原西2-28-1","35.69496","140.024427"
"船橋市立二宮小学校","千葉県船橋市前原東5-9-3","35.703007","140.032988"
"船橋市立大穴小学校","千葉県船橋市大穴南2-7-1","35.74068","140.034042"
"船橋市立大穴中学校","千葉県船橋市大穴南3-19-2","35.741689","140.04314"
"大穴近隣公園","千葉県船橋市大穴南4-22","35.739155","140.036403"
"船橋市立大穴北小学校","千葉県船橋市大穴北1-7-1","35.747154","140.039046"
"千葉県立船橋県民の森","千葉県船橋市大神保町586-2","35.770882","140.059715"
"船橋市立二宮中学校","千葉県船橋市滝台1-2-1","35.703839","140.034394"
"船橋市立中野木小学校","千葉県船橋市中野木2-19-1","35.702498","140.020116"
"船橋市立前原中学校","千葉県船橋市中野木2-33-1","35.703968","140.017177"
"京葉港湾労働者福祉センター","千葉県船橋市潮見町32-3","35.679056","139.964383"
"株式会社テクノフレックス　千葉工場（屋上）","千葉県船橋市潮見町34-17","35.677227","139.965302"
"アイシーエクスプレス京葉物流センター","千葉県船橋市潮見町35-3","35.677286","139.966701"
"南部清掃工場　工場棟","千葉県船橋市潮見町38","35.673952","139.964485"
"ふなばし三番瀬環境学習館","千葉県船橋市潮見町40","35.672756","139.968405"
"坪井近隣公園","千葉県船橋市坪井町1371","35.732295","140.061834"
"船橋市立坪井小学校","千葉県船橋市坪井町747-1","35.733064","140.057347"
"船橋市立坪井中学校","千葉県船橋市坪井東1-24-1","35.730675","140.056796"
"船橋市立三田中学校","千葉県船橋市田喜野井2-24-1","35.698818","140.045577"
"船橋市立田喜野井小学校","千葉県船橋市田喜野井4-33-1","35.702203","140.0427"
"千葉県立船橋高等学校","千葉県船橋市東船橋6-1-1","35.695661","140.003029"
"船橋市立宮本中学校","千葉県船橋市東船橋7-8-1","35.694982","140.00041"
"千葉県立船橋法典高等学校","千葉県船橋市藤原4-1-1","35.742405","139.973845"
"船橋市立法典小学校","千葉県船橋市藤原5-2-1","35.737186","139.980312"
"法典公園","千葉県船橋市藤原5-9-10","35.741652","139.977743"
"船橋市立法田中学校","千葉県船橋市藤原7-46-1","35.744868","139.984302"
"京葉ガス株式会社　船橋倉庫","千葉県船橋市南海神1-7-1","35.69695","139.966841"
"千葉県立船橋二和高等学校","千葉県船橋市二和西1-3-1","35.7445","140.010931"
"船橋市立二和小学校","千葉県船橋市二和東1-9-11","35.741292","140.02171"
"船橋市立三咲小学校","千葉県船橋市二和東5-39-1","35.752388","140.023878"
"船橋市立湊中学校","千葉県船橋市日の出1-1-2","35.689832","139.979512"
"船橋市立湊中学校（校舎屋上）","千葉県船橋市日の出1-1-2","35.690201","139.979624"
"船橋市立八木が谷小学校","千葉県船橋市八木が谷2-3-1","35.759568","140.031149"
"船橋市立八木が谷中学校","千葉県船橋市八木が谷2-9-1","35.760169","140.033279"
"船橋市立八木が谷北小学校","千葉県船橋市八木が谷4-13-1","35.763827","140.035923"
"船橋市立飯山満中学校","千葉県船橋市飯山満町1-946-1","35.711047","140.017791"
"船橋市立飯山満南小学校","千葉県船橋市飯山満町1-954-4","35.709952","140.016831"
"ＮＴＴ船橋グラウンド","千葉県船橋市飯山満町2-622","35.707398","140.023968"
"東葉高等学校","千葉県船橋市飯山満町2-665-1","35.711342","140.020529"
"船橋市立飯山満小学校","千葉県船橋市飯山満町3-1394-3","35.710781","140.029308"
"三井ショッピングパークららぽーとＴＯＫＹＯ－ＢＡＹ","千葉県船橋市浜町2-1-1","35.685466","139.991004"
"三井ショッピングパーク　ららぽーとＴＯＫＹＯ－ＢＡＹ　Ｎｏｒｔｈ　Ｇａｔｅ","千葉県船橋市浜町2-2-7","35.684054","139.988651"
"ＩＫＥＡ　Ｔｏｋｙｏ－Ｂａｙ","千葉県船橋市浜町2-3-30","35.681542","139.991991"
"ワンダーベイシティＳＡＺＡＮ","千葉県船橋市浜町2-3-31","35.679889","139.991852"
"グランドホライゾン・トーキョーベイ","千葉県船橋市浜町2-3-35","35.678553","139.991755"
"三井不動産ロジスティクスパーク船橋Ⅱ　立体駐車場棟（３階、Ｒ階）","千葉県船橋市浜町2-6-25","35.680605","139.987211"
"船橋市立豊富小学校","千葉県船橋市豊富町1","35.76089","140.065872"
"船橋市立豊富中学校","千葉県船橋市豊富町12","35.76258","140.06375"
"船橋市立小栗原小学校（校舎４階及び屋上）","千葉県船橋市本中山3-16-12","35.711773","139.943054"
"船橋市立小栗原小学校","千葉県船橋市本中山3-16-12","35.712187","139.943422"
"船橋市立船橋小学校（２階体育館）","千葉県船橋市本町4-17-20","35.699918","139.988539"
"船橋市立船橋小学校","千葉県船橋市本町4-17-20","35.700217","139.988757"
"天沼弁天池公園","千葉県船橋市本町7-16","35.704972","139.984433"
"船橋市立湊町小学校","千葉県船橋市湊町1-16-5","35.69259","139.986147"
"船橋市立湊町小学校（校舎屋上）","千葉県船橋市湊町1-16-5","35.692939","139.986421"
"船橋市　市庁舎","千葉県船橋市湊町2-10-25","35.694498","139.982789"
"コナミスポーツクラブ船橋","千葉県船橋市湊町2-8-45","35.695314","139.981538"
"船橋市立薬円台南小学校","千葉県船橋市薬円台2-18-1","35.707672","140.045896"
"薬円台公園","千葉県船橋市薬円台4-25-19","35.712104","140.048422"
"船橋市立薬円台小学校","千葉県船橋市薬円台4-5-1","35.712887","140.045393"
"千葉県立薬園台高等学校","千葉県船橋市薬円台5-34-1","35.711901","140.044344"
"みどり平西公園","千葉県匝瑳市みどり平1-2","35.685554","140.566514"
"みどり平東公園","千葉県匝瑳市みどり平13-2","35.684684","140.576792"
"栄小学校","千葉県匝瑳市栢田823","35.65138","140.555114"
"栄地区津波避難タワー","千葉県匝瑳市栢田8572-1","35.637073","140.563846"
"吉田保育所","千葉県匝瑳市吉田4010-4","35.721621","140.505474"
"吉田小学校","千葉県匝瑳市吉田4020","35.721139","140.505882"
"須賀小学校","千葉県匝瑳市高1956","35.678887","140.54974"
"野栄ふれあい公園","千葉県匝瑳市今泉363","35.658319","140.563553"
"野栄中学校","千葉県匝瑳市今泉5323-3","35.666865","140.569365"
"生涯学習センター","千葉県匝瑳市今泉6489-1","35.660234","140.568412"
"のさかアリーナ","千葉県匝瑳市今泉6536-1","35.659329","140.570395"
"千葉県東部家畜保健衛生所","千葉県匝瑳市今泉7142","35.650702","140.578044"
"山桑公園","千葉県匝瑳市山桑125","35.713836","140.539173"
"旧匝瑳小学校","千葉県匝瑳市松山1122","35.71319","140.533113"
"市営グラウンド","千葉県匝瑳市上谷中2240-8","35.711446","140.571044"
"八日市場第一中学校","千葉県匝瑳市上谷中2270-5","35.712203","140.572051"
"豊和保育所","千葉県匝瑳市大寺1428","35.741887","140.555299"
"豊和小学校","千葉県匝瑳市大寺1492","35.742569","140.55422"
"長谷浜津波避難タワー","千葉県匝瑳市長谷3397-220","35.665035","140.604674"
"椿海公園","千葉県匝瑳市椿969-1","35.720825","140.577937"
"椿海小学校","千葉県匝瑳市椿973","35.721986","140.578768"
"共興小学校","千葉県匝瑳市東小笹1160","35.681349","140.595497"
"匝瑳高等学校","千葉県匝瑳市八日市場イ1630","35.705295","140.545089"
"八日市場第二中学校","千葉県匝瑳市八日市場イ1687","35.70506","140.54347"
"八日市場勤労青少年ホーム","千葉県匝瑳市八日市場イ2030","35.701815","140.545947"
"八日市場小学校","千葉県匝瑳市八日市場イ2311","35.705201","140.550209"
"八日市場保育所","千葉県匝瑳市八日市場イ2353-1","35.703376","140.548657"
"八日市場幼稚園","千葉県匝瑳市八日市場イ2394","35.703742","140.550599"
"そうさ記念公園","千葉県匝瑳市八日市場ハ565-1","35.709215","140.564011"
"市民ふれあいセンター","千葉県匝瑳市八日市場ハ793-35","35.708464","140.565304"
"匝瑳市マザーズホーム","千葉県匝瑳市八日市場ホ2016","35.696748","140.536466"
"敬愛大学八日市場高等学校","千葉県匝瑳市八日市場ロ390","35.70633","140.551979"
"県立飯高特別支援学校","千葉県匝瑳市飯高1692","35.749785","140.523912"
"豊栄保育所","千葉県匝瑳市飯倉1615-1","35.697294","140.517092"
"豊栄小学校","千葉県匝瑳市飯倉1847","35.696513","140.516223"
"平台公園","千葉県匝瑳市飯倉台17","35.690036","140.521467"
"鈴歌公園","千葉県匝瑳市飯倉台37-1","35.68698","140.51626"
"平和東公園","千葉県匝瑳市平木1487-1","35.703234","140.599013"
"平和小学校","千葉県匝瑳市平木1819","35.700231","140.589249"
"県立八日市場特別支援学校","千葉県匝瑳市平木930-1","35.699869","140.599852"
"野田小学校","千葉県匝瑳市野手13034","35.664254","140.572612"
"平川公民館","千葉県袖ケ浦市横田115-1","35.38755","140.037017"
"中川小学校","千葉県袖ケ浦市横田2583","35.382147","140.016476"
"中川幼稚園","千葉県袖ケ浦市横田2637","35.384496","140.016166"
"平川中学校","千葉県袖ケ浦市横田500","35.390229","140.034082"
"根形公民館","千葉県袖ケ浦市下新田1277","35.419098","139.998903"
"吉野田保育所","千葉県袖ケ浦市吉野田198","35.365437","140.008172"
"富岡分館","千葉県袖ケ浦市吉野田622-2","35.374226","140.016718"
"長浦中学校","千葉県袖ケ浦市久保田129","35.452431","140.002275"
"昭和小学校","千葉県袖ケ浦市坂戸市場1431","35.427684","139.954864"
"市民会館","千葉県袖ケ浦市坂戸市場1566","35.423075","139.953581"
"健康づくり支援センター","千葉県袖ケ浦市三ツ作1862-12","35.422578","140.009816"
"根形中学校","千葉県袖ケ浦市三ツ作741","35.414441","140.002478"
"根形小学校","千葉県袖ケ浦市三ツ作761","35.413998","140.001163"
"平川保育所","千葉県袖ケ浦市三箇1965","35.388951","140.05734"
"昭和中学校","千葉県袖ケ浦市神納3204","35.431315","139.9724"
"袖ヶ浦高校","千葉県袖ケ浦市神納530","35.42347","139.967496"
"幽谷分校","千葉県袖ケ浦市川原井470","35.411214","140.068187"
"蔵波中学校","千葉県袖ケ浦市蔵波2967-2","35.435805","139.99729"
"長浦公民館","千葉県袖ケ浦市蔵波513-1","35.440802","140.005969"
"蔵波小学校","千葉県袖ケ浦市蔵波台4-19-1","35.442092","139.998364"
"代宿公民館","千葉県袖ケ浦市代宿74-1","35.459025","140.021626"
"臨海スポーツセンター","千葉県袖ケ浦市長浦1-57","35.451326","139.993786"
"長浦小学校","千葉県袖ケ浦市長浦駅前6-1-4","35.449528","140.003795"
"奈良輪小学校","千葉県袖ケ浦市奈良輪425-1","35.438496","139.965912"
"平岡小学校","千葉県袖ケ浦市野里1503","35.403207","140.048116"
"平岡公民館","千葉県袖ケ浦市野里1563-1","35.403612","140.044306"
"多古第二小学校一鍬田校舎跡地","千葉県多古町一鍬田292","35.778562","140.410593"
"旧多古第二小学校","千葉県多古町喜多井野154-2","35.751994","140.448532"
"多古町民牛尾運動場","千葉県多古町牛尾1114","35.710537","140.457248"
"興新小学校跡地","千葉県多古町高津原285-1","35.764797","140.466544"
"久賀小学校跡地","千葉県多古町次浦1506","35.778756","140.487635"
"十余三小学校跡地","千葉県多古町十余三278-1","35.793853","140.455298"
"多古第一小学校","千葉県多古町多古2547","35.734747","140.464419"
"多古中学校","千葉県多古町多古2920-1","35.744163","140.471363"
"多古高等学校","千葉県多古町多古3236","35.741799","140.466308"
"久賀小学校","千葉県多古町大門205-6","35.778908","140.460307"
"旧常磐小学校","千葉県多古町南玉造162","35.770049","140.518414"
"中村小学校","千葉県多古町南中349-2","35.739942","140.490416"
"旧西畑小学校宇筒原分校（宇筒原ふれあいセンター）","千葉県大多喜町宇筒原262-1","35.236216","140.225104"
"旧上瀑小学校","千葉県大多喜町下大多喜100","35.299791","140.253226"
"旧西畑小学校田代分校","千葉県大多喜町弓木55-1","35.226666","140.207317"
"農村コミュニティーセンター","千葉県大多喜町三条440-1","35.254424","140.221956"
"旧老川小学校","千葉県大多喜町小田代524-1","35.242669","140.168955"
"西小学校","千葉県大多喜町松尾277","35.252054","140.216117"
"老人福祉センター","千葉県大多喜町新丁163","35.280539","140.248044"
"大多喜中学校","千葉県大多喜町船子197","35.287402","140.248783"
"みつば保育園","千葉県大多喜町船子838-2","35.289325","140.250651"
"旧総元小学校","千葉県大多喜町大戸433","35.256897","140.247451"
"大多喜小学校","千葉県大多喜町大多喜12","35.284031","140.243706"
"大多喜高校","千葉県大多喜町大多喜481","35.285571","140.240672"
"中央公民館","千葉県大多喜町大多喜486-10","35.285155","140.235284"
"海洋センター","千葉県大多喜町大多喜486-12","35.284423","140.235179"
"老川基幹集落センター","千葉県大多喜町大田代1229-1","35.242269","140.170131"
"つぐみの森保育園","千葉県大多喜町中野260","35.251557","140.201401"
"三育学院中学校　（旧西中学校）","千葉県大多喜町中野589","35.250441","140.203509"
"旧老川小学校会所分校","千葉県大多喜町筒森1791","35.18201","140.197538"
"みずほ台近隣公園","千葉県大網白里市みずほ台2-20-1","35.512128","140.303718"
"みどりが丘近隣公園","千葉県大網白里市みどりが丘3-17","35.542914","140.316206"
"大網小学校","千葉県大網白里市みどりが丘3-18-3","35.545113","140.31734"
"瑞穂小学校","千葉県大網白里市永田1055","35.509701","140.305496"
"中部コミュニティセンター","千葉県大網白里市柿餅26-1","35.508614","140.350312"
"季美の森小学校","千葉県大網白里市季美の森南1-28","35.551119","140.293676"
"季美の森南近隣公園","千葉県大網白里市季美の森南4-7-1","35.552781","140.305771"
"農村ふれあいセンター","千葉県大網白里市金谷郷1356-2","35.533559","140.299744"
"大網中学校","千葉県大網白里市金谷郷275","35.530315","140.317448"
"白里中学校","千葉県大網白里市細草1385-1","35.497098","140.389117"
"白里中学校　３階・４階","千葉県大網白里市細草1385-1","35.496949","140.389069"
"浄化センター　屋上","千葉県大網白里市四天木556-2","35.486043","140.39136"
"防災第２号公園（南四天木築山）","千葉県大網白里市四天木980","35.475116","140.408012"
"要行寺（四天木）","千葉県大網白里市四天木甲1342","35.48384","140.397888"
"防災第１号公園（津波避難タワー）","千葉県大網白里市四天木甲2982-1","35.486871","140.405034"
"大網白里アリーナ","千葉県大網白里市上貝塚160","35.519161","140.344564"
"増穂北小学校","千葉県大網白里市上貝塚317","35.516913","140.343795"
"保健文化センター","千葉県大網白里市大網100-2","35.521879","140.320054"
"中央公民館","千葉県大網白里市大網121-2","35.522256","140.320421"
"大網高等学校","千葉県大網白里市大網435-1","35.529061","140.31814"
"弥幾野自治会館","千葉県大網白里市南横川3141-1","35.491896","140.347272"
"白里公民館","千葉県大網白里市南今泉1088-1","35.492499","140.400399"
"農村環境改善センター","千葉県大網白里市南今泉140-1","35.489746","140.404375"
"白里小学校","千葉県大網白里市南今泉3349","35.49347","140.399014"
"白里小学校　３階・屋上","千葉県大網白里市南今泉3349","35.493392","140.399116"
"オーシャンビュー白里ダイヤモンドマンション　４階以上共用部分・屋上","千葉県大網白里市南今泉4837-2","35.487804","140.421128"
"市運動広場","千葉県大網白里市南飯塚477-1","35.503489","140.34953"
"大網東小学校","千葉県大網白里市富田32-2","35.518764","140.328511"
"北吉田市有地","千葉県大網白里市北吉田184-1","35.501238","140.360427"
"諏訪神社","千葉県大網白里市北今泉2076","35.501398","140.414052"
"プラセル九十九里　屋上","千葉県大網白里市北今泉3045","35.499358","140.420858"
"増穂中学校","千葉県大網白里市北飯塚200-1","35.507523","140.347402"
"増穂小学校","千葉県大網白里市北飯塚281","35.508454","140.349787"
"さるだ学集館（旧猿田小学校）","千葉県銚子市猿田町1179-2","35.742664","140.730647"
"笠上団地内広場","千葉県銚子市海鹿島町5226-70","35.724379","140.858777"
"外川児童遊園","千葉県銚子市外川町4-10357-1","35.701281","140.855709"
"海上小学校","千葉県銚子市垣根町1-370","35.746156","140.792398"
"高神小学校","千葉県銚子市犬吠埼10222-1","35.701849","140.85752"
"第二中学校","千葉県銚子市犬吠埼10292-49","35.701413","140.860339"
"後飯町公園","千葉県銚子市後飯町6-9","35.730825","140.844114"
"高神公園","千葉県銚子市高神東町782","35.708447","140.85049"
"桜井町公園","千葉県銚子市桜井町61-1","35.798402","140.720315"
"豊里小学校","千葉県銚子市笹本町360","35.793487","140.718935"
"三軒町公園","千葉県銚子市三軒町17-1","35.731643","140.823838"
"県立銚子特別支援学校","千葉県銚子市三崎町3-94-1","35.707518","140.784127"
"大谷津公園","千葉県銚子市春日町1076-2","35.718127","140.814543"
"三崎団地内広場","千葉県銚子市春日町2150","35.721205","140.810888"
"市立銚子高校","千葉県銚子市春日町2689","35.724781","140.814002"
"春日小学校","千葉県銚子市春日町287","35.724644","140.822956"
"椎柴小学校","千葉県銚子市小船木町1-385","35.770109","140.751423"
"松本町公園","千葉県銚子市松本町2-829-1","35.731717","140.81677"
"新生公園","千葉県銚子市新生町1-1-1","35.7343","140.834894"
"中央みどり公園","千葉県銚子市新生町2-11-1","35.730935","140.835092"
"陣屋町公園","千葉県銚子市陣屋町5-1","35.730296","140.837752"
"清水小学校","千葉県銚子市清水町2894","35.731381","140.848945"
"清川町第一公園","千葉県銚子市清川町4-6-1","35.726144","140.819207"
"船木小学校","千葉県銚子市船木町140","35.758428","140.766151"
"飯沼小学校","千葉県銚子市前宿町1200","35.728818","140.844603"
"前宿町公園","千葉県銚子市前宿町530","35.727492","140.842701"
"県立銚子商業高校","千葉県銚子市台町1781","35.720114","140.826337"
"シンボルロードポケット広場","千葉県銚子市中央町100-14","35.735394","140.829293"
"本通公園","千葉県銚子市中央町13-1","35.734129","140.832613"
"銚子西中学校","千葉県銚子市長塚町3-620","35.738077","140.800387"
"地球の丸く見える丘","千葉県銚子市天王台714","35.705457","140.852891"
"唐子町公園","千葉県銚子市唐子町22-1","35.734395","140.822713"
"銚子中学校","千葉県銚子市唐子町31-2","35.730984","140.822624"
"双葉小学校","千葉県銚子市東芝町8-5","35.72945","140.830813"
"第三中学校","千葉県銚子市東小川町2348","35.726393","140.837863"
"県立銚子高校","千葉県銚子市南小川町943","35.723161","140.839429"
"ジオパーク・芸術センター","千葉県銚子市八木町1777-1","35.707224","140.742329"
"豊里台緑が丘公園","千葉県銚子市豊里台1-1044-10","35.789448","140.708953"
"本城小学校","千葉県銚子市本城町4-226","35.73302","140.811894"
"末広町広場","千葉県銚子市末広町100-12","35.732186","140.830447"
"末広町公園","千葉県銚子市末広町3-1","35.732716","140.833037"
"第一中学校","千葉県銚子市明神町1-1","35.734451","140.855609"
"明神小学校","千葉県銚子市明神町1-1","35.733471","140.854855"
"銚子スポーツタウン","千葉県銚子市野尻町1600","35.761939","140.748973"
"東部児童遊園","千葉県銚子市和田町1-1","35.734269","140.844187"
"城之内築山公園","千葉県長生村一松丁2379-1","35.406654","140.383057"
"一松小学校　屋上","千葉県長生村一松丁573","35.404921","140.370951"
"一松小学校　２階","千葉県長生村一松丁573","35.40503","140.370742"
"竜宮台築山公園","千葉県長生村一松丙2101","35.396007","140.382155"
"長生中学校　２階","千葉県長生村岩沼1634","35.409603","140.346502"
"長生中学校　３階","千葉県長生村岩沼1634","35.409599","140.346182"
"長生村文化会館　２階","千葉県長生村岩沼2119","35.404645","140.350061"
"長生村交流センター　２階","千葉県長生村岩沼874-1","35.403779","140.347094"
"一松北部コミュニティセンター　２階","千葉県長生村驚507","35.416595","140.383683"
"一松北部コミュニティセンター　屋上","千葉県長生村驚507","35.416626","140.383377"
"八積小学校　２階","千葉県長生村金田2660","35.391974","140.34401"
"八積小学校","千葉県長生村金田2660","35.391435","140.344332"
"八積小学校　３階","千葉県長生村金田2660","35.391899","140.344369"
"長生村役場　３階","千葉県長生村本郷1-77","35.412198","140.354052"
"長生村保健センター　２階","千葉県長生村本郷1-77","35.41169","140.353453"
"長生村福祉センター　２階","千葉県長生村本郷1-77","35.411974","140.353459"
"長生村役場　２階","千葉県長生村本郷1-77","35.412202","140.353837"
"高根小学校　２階","千葉県長生村本郷1297","35.416654","140.361336"
"長生村尼ヶ台総合公園","千葉県長生村本郷5366-1","35.420956","140.338054"
"旧西小学校","千葉県長南町佐坪1351","35.361234","140.234952"
"旧東小学校","千葉県長南町地引1239","35.373347","140.27418"
"長南中学校","千葉県長南町長南2060","35.386399","140.239639"
"中央公民館","千葉県長南町長南2125","35.386332","140.236525"
"旧長南小学校","千葉県長南町長南770-1","35.398165","140.230081"
"旧豊栄小学校","千葉県長南町米満101","35.412517","140.242027"
"陸上競技場","千葉県長南町報恩寺547-1","35.38524","140.241312"
"梅乃木荘","千葉県長柄町刑部5","35.425587","140.192713"
"公民館","千葉県長柄町桜谷690","35.43111","140.229146"
"福祉センター","千葉県長柄町桜谷712","35.431341","140.227862"
"長柄中学校","千葉県長柄町山根1500","35.459432","140.237863"
"都市農村交流センター","千葉県長柄町山之郷70-15","35.469579","140.203739"
"日吉小学校","千葉県長柄町長富101","35.43039","140.229252"
"町民体育館","千葉県長柄町鴇谷870","35.428264","140.21893"
"家徳スポーツ広場","千葉県東金市家徳260-1","35.550017","140.386885"
"東金市立正気小学校","千葉県東金市家徳34-1","35.542949","140.399833"
"千葉県立農業大学校","千葉県東金市家之子1059","35.588718","140.379318"
"東金市立豊成小学校","千葉県東金市関内550-1","35.568515","140.416801"
"さくら公園","千葉県東金市季美の森東1-15-8","35.55606","140.302315"
"ひすい公園","千葉県東金市季美の森東1-6-9","35.557693","140.301494"
"わかば公園","千葉県東金市季美の森東2-590-4","35.556751","140.310609"
"求名第３公園","千葉県東金市求名16-67","35.579551","140.393564"
"求名第５公園","千葉県東金市求名2-44","35.581243","140.394169"
"求名第２公園","千葉県東金市求名37-4","35.579722","140.395709"
"東金市立福岡小学校","千葉県東金市砂古瀬422-1","35.513361","140.379738"
"福岡地区コミュニティセンター","千葉県東金市砂古瀬426-1","35.512588","140.379895"
"千葉県立東金商業高等学校","千葉県東金市松之郷1641-1","35.579427","140.364903"
"東金青年の森公園","千葉県東金市松之郷186","35.578253","140.372416"
"千葉県立東金青少年自然の家","千葉県東金市松之郷270","35.576672","140.372273"
"福俵駅前東公園","千葉県東金市西福俵16-1","35.546634","140.339583"
"福俵駅前西公園","千葉県東金市西福俵67","35.54426","140.336686"
"東金市立西中学校","千葉県東金市台方1327-1","35.551312","140.345229"
"東金市立城西小学校","千葉県東金市台方74-2","35.557054","140.351979"
"東金市立丘山小学校","千葉県東金市丹尾4-2","35.576483","140.323243"
"末無公園","千葉県東金市田間1-9","35.563084","140.372352"
"東金市立東小学校","千葉県東金市田間1188-2","35.575424","140.378106"
"千葉学芸高等学校","千葉県東金市田間1999","35.574336","140.372389"
"宮之下公園","千葉県東金市田間2-47","35.569162","140.370808"
"新町公園","千葉県東金市田間2-6","35.5651","140.36941"
"城山公園","千葉県東金市田間2064-40","35.573514","140.36942"
"倉の内公園","千葉県東金市田間3-44","35.57102","140.374291"
"田間中央公園","千葉県東金市田間3-8","35.567904","140.373462"
"東金市立東中学校","千葉県東金市田間953-1","35.571016","140.381661"
"東岩崎緑地","千葉県東金市東岩崎1-10","35.559827","140.366752"
"東金中央コミュニティセンター","千葉県東金市東岩崎1-20","35.5588","140.366286"
"東金中央公園","千葉県東金市東岩崎1-21","35.559176","140.365577"
"東金市立鴇嶺小学校","千葉県東金市東岩崎24-1","35.557147","140.366293"
"千葉県立東金高等学校","千葉県東金市東金1410","35.560137","140.356654"
"谷児童公園","千葉県東金市東金1435-1","35.562544","140.356387"
"上宿三角公園","千葉県東金市東金202-5","35.556348","140.357916"
"東金南公園","千葉県東金市東上宿22","35.55544","140.36541"
"東金西公園","千葉県東金市東上宿4","35.556933","140.362261"
"東金東公園","千葉県東金市東新宿16","35.55952","140.370184"
"東金北公園","千葉県東金市東新宿3","35.560428","140.367995"
"求名第６公園","千葉県東金市道庭1193-5","35.577073","140.394872"
"求名第７公園","千葉県東金市道庭1193-99","35.576306","140.396191"
"求名第１公園","千葉県東金市道庭987-1","35.577722","140.393128"
"求名第４公園","千葉県東金市道庭987-128","35.579455","140.391707"
"阿部倉下公園","千葉県東金市南上宿35","35.552548","140.359475"
"木島下公園","千葉県東金市南上宿5","35.554895","140.361382"
"東金市立北中学校","千葉県東金市日吉台1-20","35.567995","140.340026"
"谷台公園","千葉県東金市日吉台1-349-18","35.569084","140.342233"
"花輪公園","千葉県東金市日吉台2-10","35.569384","140.346064"
"手矢公園","千葉県東金市日吉台2-3","35.567423","140.345257"
"東金市立日吉台小学校","千葉県東金市日吉台2-32-1","35.572848","140.345102"
"道祖神公園","千葉県東金市日吉台3-962-74","35.565133","140.348716"
"丸山公園","千葉県東金市日吉台4-772-5","35.568451","140.352536"
"松葉公園","千葉県東金市日吉台5-19-6","35.571262","140.34631"
"木戸公園","千葉県東金市日吉台6-24","35.5712","140.351336"
"黒田公園","千葉県東金市日吉台7-15","35.575187","140.351594"
"宇治公園","千葉県東金市日吉台7-2-22","35.577902","140.351349"
"東金文化会館","千葉県東金市八坂台1-2107-3","35.56899","140.363184"
"中山公園","千葉県東金市八坂台4-1-18","35.571442","140.355129"
"神ノ山公園","千葉県東金市八坂台4-14-16","35.575825","140.357315"
"千葉県立東金特別支援学校","千葉県東金市北之幸谷502","35.564065","140.38103"
"東金市立東金中学校","千葉県東金市堀上111","35.555167","140.369958"
"東金アリーナ","千葉県東金市堀上1361-1","35.548317","140.385784"
"千葉県立東金テクノスクール","千葉県東金市油井1061-6","35.579065","140.329267"
"大関公園","千葉県東金市油井151-9","35.579148","140.32531"
"吹上公園","千葉県東金市油井168-156","35.577024","140.326113"
"深山公園","千葉県東金市油井188-1","35.577213","140.327405"
"旧神代小学校","千葉県東庄町窪野谷1661","35.805353","140.646026"
"旧橘小学校","千葉県東庄町今郡558","35.818251","140.690067"
"東庄小学校","千葉県東庄町笹川い4713","35.837963","140.666272"
"東庄町公民館","千葉県東庄町笹川い4713-131","35.83715","140.667977"
"東庄町児童館","千葉県東庄町小南534","35.781396","140.673565"
"旧東城小学校","千葉県東庄町小南941","35.791942","140.67593"
"東庄中学校","千葉県東庄町青馬1752-1","35.811822","140.670604"
"旧石出小学校","千葉県東庄町石出1599","35.819724","140.703995"
"古川集会所","千葉県南房総市安馬谷2054","35.015223","139.963628"
"安馬谷青年館","千葉県南房総市安馬谷906-1","35.009085","139.960126"
"井野集会所","千葉県南房総市井野7","35.106604","139.893029"
"下組集落センター","千葉県南房総市下滝田808","35.049335","139.895522"
"下堀集会所","千葉県南房総市下堀182","35.023315","139.887567"
"加茂青年館","千葉県南房総市加茂2074","35.015319","139.946053"
"海老敷集会所","千葉県南房総市海老敷428","35.039985","139.912816"
"丸本郷集会所","千葉県南房総市丸本郷1693","35.039813","139.951644"
"丸山公民館・丸山児童体育館","千葉県南房総市岩糸2489","35.021776","139.962625"
"丸山体育館","千葉県南房総市岩糸2504","35.022107","139.960707"
"岩糸青年館","千葉県南房総市岩糸2849-1","35.027282","139.968354"
"吉沢区民センター","千葉県南房総市吉沢206","35.09758","139.891669"
"吉井集会所","千葉県南房総市吉沢224","35.100029","139.892974"
"西の沢集会所","千葉県南房総市吉沢31","35.102382","139.886796"
"米沢夢館","千葉県南房総市吉沢638-3","35.092678","139.890212"
"富山ふれあいスポーツセンター","千葉県南房総市久枝1024","35.097404","139.84585"
"夕凪の郷駐車場","千葉県南房総市久枝257","35.094635","139.847758"
"ＪＡ安房富山支店駐車場","千葉県南房総市久枝50","35.096966","139.84866"
"久枝青年館","千葉県南房総市久枝626","35.09345","139.84461"
"練馬区立岩井少年自然の家グラウンド","千葉県南房総市久枝837","35.099656","139.838679"
"真野集会所","千葉県南房総市久保518-2","34.998126","139.942251"
"宮下集会所","千葉県南房総市宮下23","35.055707","139.953252"
"宮谷ふれあいセンター","千葉県南房総市宮谷350","35.087388","139.87204"
"沓見青年館","千葉県南房総市沓見1053-5","35.025586","139.948801"
"嶺南中学校","千葉県南房総市沓見2705","35.021312","139.955557"
"嶺南小学校","千葉県南房総市沓見2705","35.021061","139.956373"
"犬掛青年館","千葉県南房総市犬掛167","35.077691","139.900521"
"御子神青年館","千葉県南房総市御子神91","35.071251","139.955924"
"御庄集会所","千葉県南房総市御庄255","35.028955","139.923574"
"御庄東集会所","千葉県南房総市御庄844-2","35.028621","139.928148"
"荒川区民センター","千葉県南房総市荒川536-1","35.113384","139.935503"
"旧御目井戸テニスコート","千葉県南房総市高崎1030-1","35.083736","139.84977"
"高崎区集会所","千葉県南房総市高崎1170-5","35.08651","139.847473"
"旧浜下テニスコート付近","千葉県南房総市高崎1678-1","35.081001","139.842156"
"下里松集会所","千葉県南房総市高崎818","35.087625","139.854952"
"富山学園","千葉県南房総市合戸22-1","35.095483","139.863257"
"合戸青年館","千葉県南房総市合戸619-1","35.091027","139.87018"
"三坂集会所","千葉県南房総市三坂298","35.04121","139.891424"
"山田青年館","千葉県南房総市山田1162","35.098344","139.945859"
"山名共同館","千葉県南房総市山名1248-1","35.037925","139.924357"
"富山岩井体育館","千葉県南房総市市部250","35.092443","139.853332"
"市部公会堂","千葉県南房総市市部26","35.091936","139.848336"
"市部青年館","千葉県南房総市市部325","35.094209","139.854298"
"観音山","千葉県南房総市市部632-1","35.094324","139.859173"
"子育て支援センターほのぼの","千葉県南房総市珠師ケ谷1289-3","35.042146","139.956007"
"珠師ヶ谷愛林センター","千葉県南房総市珠師ケ谷1553-10","35.044118","139.962749"
"本下宅付近","千葉県南房総市小浦339-3","35.075588","139.835504"
"小浦集会所","千葉県南房総市小浦415","35.077933","139.836138"
"小戸青年館","千葉県南房総市小戸385-1","35.037789","139.972663"
"高月集落センター","千葉県南房総市上滝田1041","35.068357","139.898445"
"滝田区民会館","千葉県南房総市上滝田1462-2","35.062465","139.89968"
"上堀集会所","千葉県南房総市上堀2-1","35.034046","139.887706"
"西原集会所","千葉県南房総市西原207","35.030901","139.96174"
"石神集会所","千葉県南房総市石神136","35.035324","139.954724"
"石堂原集会所","千葉県南房総市石堂原76-1","35.062232","139.9626"
"宇田青年館","千葉県南房総市千倉町宇田67","34.98604","139.939831"
"久保神社","千葉県南房総市千倉町久保1458","34.995559","139.955715"
"荒磯魚見根神社","千葉県南房総市千倉町忽戸1042","34.947078","139.959719"
"能蔵院","千葉県南房総市千倉町忽戸146","34.950222","139.957587"
"上瀬戸青年館","千葉県南房総市千倉町瀬戸1168","34.983438","139.945522"
"千倉小学校","千葉県南房総市千倉町瀬戸1616","34.981731","139.952661"
"千倉駅前","千葉県南房総市千倉町瀬戸2079","34.976881","139.955754"
"朝夷行政センター","千葉県南房総市千倉町瀬戸2294","34.975316","139.955838"
"ちくら介護予防センターゆらり・千倉保健センター","千葉県南房総市千倉町瀬戸2705-6","34.974583","139.960928"
"矢原コミュニティ集会所","千葉県南房総市千倉町瀬戸3292","34.980933","139.964074"
"長性寺","千葉県南房総市千倉町千田1635","34.937751","139.947238"
"かすか","千葉県南房総市千倉町千田481-1","34.935113","139.946474"
"千田コミュニティ集会所","千葉県南房総市千倉町千田583-1","34.932993","139.94691"
"千倉総合運動公園","千葉県南房総市千倉町川戸544-8","34.971582","139.94533"
"川戸青年館","千葉県南房総市千倉町川戸980","34.979206","139.93592"
"高徳院","千葉県南房総市千倉町川口418","34.943006","139.956954"
"愛宕神社","千葉県南房総市千倉町川合722-1","34.986124","139.963032"
"大貫コミュニティ集会所","千葉県南房総市千倉町大貫356-1","34.975628","139.927786"
"大川コミュニティ集会所","千葉県南房総市千倉町大川327-1","34.92823","139.941892"
"千倉七浦体育館","千葉県南房総市千倉町大川638","34.932262","139.94498"
"南千倉コミュニティ集会所","千葉県南房総市千倉町南朝夷1197","34.962418","139.957905"
"千倉子ども園","千葉県南房総市千倉町南朝夷1400","34.960951","139.954493"
"高家神社前駐車場","千葉県南房総市千倉町南朝夷164","34.961851","139.950966"
"岡瀬田青年館","千葉県南房総市千倉町南朝夷2095","34.956391","139.946543"
"日枝神社","千葉県南房総市千倉町白間津335","34.924958","139.93627"
"千歳駅前広場","千葉県南房総市千倉町白子559-5","34.991736","139.966826"
"白子上岱青年館","千葉県南房総市千倉町白子7","34.984278","139.965678"
"平磯コミュニティ集会所","千葉県南房総市千倉町平磯1300-1","34.935588","139.951188"
"観養院","千葉県南房総市千倉町平磯418","34.939717","139.950652"
"徳蔵院","千葉県南房総市千倉町平舘1062","34.951405","139.957815"
"平舘コミュニティ集会所","千葉県南房総市千倉町平舘640","34.953981","139.959143"
"ゆうひが丘保育園駐車場","千葉県南房総市千倉町北朝夷1859-1","34.978889","139.948789"
"寺庭区コミュニティ集会所","千葉県南房総市千倉町北朝夷310","34.964678","139.955427"
"八幡神社","千葉県南房総市千倉町北朝夷521-1","34.963328","139.952507"
"南房総中学校","千葉県南房総市千倉町北朝夷630","34.967999","139.953463"
"牧田青年館","千葉県南房総市千倉町牧田186","34.975641","139.951634"
"千代集会所","千葉県南房総市千代29","35.043854","139.897989"
"みよし交流館","千葉県南房総市千代4","35.043986","139.896566"
"川上青年館","千葉県南房総市川上412-2","35.104339","139.9031"
"川谷集会所","千葉県南房総市川谷280","35.059567","139.960083"
"川田集会所","千葉県南房総市川田141-1","35.032469","139.897452"
"前田集会所","千葉県南房総市前田151-3","35.032878","139.948088"
"増間コミュニティセンター","千葉県南房総市増間203-1","35.064353","139.92264"
"大井青年館","千葉県南房総市大井256-3","35.093525","139.974777"
"三芳農村環境改善センター","千葉県南房総市谷向109-1","35.026204","139.896156"
"三芳小学校","千葉県南房総市谷向150","35.026837","139.8962"
"池之内いこいの家","千葉県南房総市池之内109","35.025287","139.90962"
"大作集会所","千葉県南房総市池之内372-1","35.027268","139.907338"
"竹内集会所","千葉県南房総市竹内258","35.090733","139.851212"
"中集落センター","千葉県南房総市中239","35.02339","139.915768"
"二部中央青年館","千葉県南房総市二部2017-1","35.104335","139.866863"
"富楽里駐車場","千葉県南房総市二部2211","35.100977","139.855321"
"海一望大橋","千葉県南房総市白子1330-10","35.011536","139.970985"
"千歳ミーティングハウス","千葉県南房総市白子2113-1","35.000354","139.970389"
"三嶋集会所","千葉県南房総市白子2138","35.006106","139.973204"
"乙浜第二集会所","千葉県南房総市白浜町乙浜223","34.91496","139.923058"
"乙浜集落センター","千葉県南房総市白浜町乙浜633-14","34.912443","139.923645"
"根本集会所","千葉県南房総市白浜町根本1688","34.90969","139.843169"
"海福寺","千葉県南房総市白浜町根本1879","34.910279","139.847221"
"本郷コミュニティセンター","千葉県南房総市白浜町滝口1314-1","34.91357","139.873138"
"下立松原神社","千葉県南房総市白浜町滝口1408-1","34.91518","139.867732"
"大作場地区","千葉県南房総市白浜町滝口2361-2","34.922398","139.860073"
"白浜清掃センター","千葉県南房総市白浜町滝口3190","34.912408","139.861156"
"砂取集会所","千葉県南房総市白浜町滝口4287-1","34.909193","139.852997"
"白浜体育館","千葉県南房総市白浜町滝口5580-57","34.91","139.867762"
"川下会館","千葉県南房総市白浜町滝口6657","34.907076","139.874371"
"西横渚集会所","千葉県南房総市白浜町滝口7281","34.908299","139.881452"
"石戸寺","千葉県南房総市白浜町滝口7290","34.908058","139.880535"
"グリーンライントンネル北側駐車場","千葉県南房総市白浜町白浜12704","34.922965","139.904456"
"大原台（真門上）","千葉県南房総市白浜町白浜14266","34.911713","139.881365"
"島崎公会堂","千葉県南房総市白浜町白浜14637","34.906197","139.886106"
"白浜コミュニティセンター","千葉県南房総市白浜町白浜14955","34.908815","139.895969"
"ＪＡ安房白浜支店駐車場","千葉県南房総市白浜町白浜15305","34.910741","139.904353"
"第１分団詰所","千葉県南房総市白浜町白浜15569","34.910776","139.910152"
"青木観音堂","千葉県南房総市白浜町白浜1979","34.911929","139.892657"
"青木経営管理所","千葉県南房総市白浜町白浜2503-1","34.908519","139.894577"
"白浜小学校","千葉県南房総市白浜町白浜3061","34.910104","139.896092"
"下沢第一集会所","千葉県南房総市白浜町白浜3167","34.911194","139.898124"
"小戸青年館","千葉県南房総市白浜町白浜3514","34.907974","139.900489"
"原経営管理所","千葉県南房総市白浜町白浜4129-1","34.908277","139.90343"
"名倉構造改善センター","千葉県南房総市白浜町白浜4904","34.910244","139.906365"
"塩浦構造改善センター","千葉県南房総市白浜町白浜7008-1","34.909514","139.917216"
"浅間神社頂上","千葉県南房総市白浜町白浜7102-1","34.91196","139.917826"
"元白新舎前","千葉県南房総市白浜町白浜7184","34.91141","139.916149"
"大門院前","千葉県南房総市白浜町白浜7929","34.917269","139.882825"
"曲田地区","千葉県南房総市白浜町白浜9111-1","34.922851","139.887734"
"東横渚コミュニティセンター","千葉県南房総市白浜町白浜975","34.908845","139.882766"
"宮本公会堂","千葉県南房総市富浦町宮本45","35.049932","139.856555"
"宝鏡寺","千葉県南房総市富浦町原岡174","35.042752","139.836266"
"原岡区公会堂","千葉県南房総市富浦町原岡205","35.043441","139.83272"
"興禅寺","千葉県南房総市富浦町原岡275","35.044939","139.842221"
"長泉寺","千葉県南房総市富浦町原岡5","35.044486","139.836189"
"稲荷神社","千葉県南房総市富浦町原岡63","35.042563","139.833513"
"西方寺","千葉県南房総市富浦町原岡76","35.042102","139.83421"
"とみうら元気俱楽部","千葉県南房総市富浦町原岡88-2","35.03882","139.837206"
"富浦小学校","千葉県南房総市富浦町原岡931","35.047928","139.834232"
"愛宕神社","千葉県南房総市富浦町原岡962","35.046103","139.836185"
"常禅寺","千葉県南房総市富浦町深名1019","35.051452","139.852768"
"アイリスの里駐車場","千葉県南房総市富浦町深名1170-1","35.053485","139.851566"
"深名コミュニティセンター","千葉県南房総市富浦町深名1429-1","35.041302","139.849024"
"深名下公会堂","千葉県南房総市富浦町深名400-3","35.03377","139.848673"
"房総の駅とみうら駐車場","千葉県南房総市富浦町深名505","35.036972","139.849904"
"富浦子ども園","千葉県南房総市富浦町深名710","35.041294","139.853313"
"光厳寺","千葉県南房総市富浦町青木232-1","35.042919","139.842995"
"富浦中学校","千葉県南房総市富浦町青木249-1","35.043806","139.841015"
"青木神社","千葉県南房総市富浦町青木66","35.041961","139.843118"
"富浦体育館","千葉県南房総市富浦町青木71","35.041651","139.840323"
"青木公会堂","千葉県南房総市富浦町青木73-1","35.041592","139.842125"
"西浜公会堂","千葉県南房総市富浦町多田良1184-2","35.033563","139.829766"
"瀧渕神社","千葉県南房総市富浦町多田良1193-2","35.033822","139.834587"
"浅間神社","千葉県南房総市富浦町多田良1209-11","35.034626","139.826141"
"大房岬自然の家","千葉県南房総市富浦町多田良1212-23","35.039366","139.816344"
"大房岬駐車場","千葉県南房総市富浦町多田良1212-6","35.03738","139.818704"
"多田良公会堂","千葉県南房総市富浦町多田良446","35.037081","139.83345"
"釈迦寺","千葉県南房総市富浦町多田良702-1","35.036568","139.830434"
"おおつの里駐車場","千葉県南房総市富浦町大津320","35.057648","139.860267"
"大津公会堂","千葉県南房総市富浦町大津440-6","35.062478","139.862187"
"丹生枇杷倉庫","千葉県南房総市富浦町丹生363","35.05958","139.8506"
"妙福寺","千葉県南房総市富浦町南無谷119","35.057964","139.829339"
"海光寺","千葉県南房総市富浦町南無谷187","35.060704","139.830194"
"石小浦広場","千葉県南房総市富浦町南無谷1903-3","35.068401","139.822988"
"小浜コミュニティ集会所","千葉県南房総市富浦町南無谷1979-3","35.070364","139.823909"
"豊受神社","千葉県南房総市富浦町南無谷2103","35.064801","139.826168"
"佐久間組","千葉県南房総市富浦町南無谷2180","35.063773","139.828821"
"金光寺","千葉県南房総市富浦町南無谷2218","35.06225","139.827667"
"南無谷青年館","千葉県南房総市富浦町南無谷2320","35.060458","139.827909"
"福澤公会堂","千葉県南房総市富浦町福澤743","35.037011","139.855761"
"東京学芸大学付属大泉小学校富浦寮","千葉県南房総市富浦町豊岡50-4","35.049014","139.835343"
"光崎アリーナ前広場","千葉県南房総市富浦町豊岡54-1","35.049853","139.834045"
"出口歯科医院駐車場","千葉県南房総市富浦町豊岡836-3","35.053933","139.830938"
"正覚寺","千葉県南房総市富浦町豊岡838","35.053384","139.83015"
"府中興府会館","千葉県南房総市府中678-1","35.01397","139.888102"
"平久里下青年館","千葉県南房総市平久里下265","35.089803","139.90444"
"富山平群コミュニティセンター","千葉県南房総市平久里中1350-1","35.097466","139.915574"
"泉龍寺","千葉県南房総市平久里中413","35.100293","139.91981"
"峰青年館","千葉県南房総市峰96","34.998275","139.96483"
"宇戸集会所","千葉県南房総市本織1167","35.009058","139.894121"
"市場集会所","千葉県南房総市本織1701-1","35.010236","139.903387"
"延命寺集会所","千葉県南房総市本織2099","35.016954","139.898585"
"三芳中学校","千葉県南房総市本織60","35.024672","139.895779"
"番場集会所","千葉県南房総市本織652-1","35.01658","139.892969"
"明石集会所","千葉県南房総市明石209-5","35.023886","139.902437"
"峰金谷集会所","千葉県南房総市和田町下三原244-1","35.031613","139.986825"
"大原集会所","千葉県南房総市和田町下三原397","35.027251","139.99448"
"東小戸集会所","千葉県南房総市和田町下三原876-2","35.029728","139.979551"
"諏訪神社","千葉県南房総市和田町花園104-1","35.053665","140.035721"
"抱湖園入口","千葉県南房総市和田町花園254","35.053867","140.030755"
"長泉寺","千葉県南房総市和田町花園317-1","35.052743","140.028086"
"長香寺","千葉県南房総市和田町花園932-1","35.050565","140.029428"
"自性院","千葉県南房総市和田町海発1459-1","35.019427","139.979453"
"としまや弁当和田店駐車場","千葉県南房総市和田町海発157-1","35.017626","139.971834"
"嶺南和田体育館","千葉県南房総市和田町海発1602","35.022232","139.987929"
"千葉県立安房拓心高等学校","千葉県南房総市和田町海発1604","35.020967","139.986139"
"黒岩青年館","千葉県南房総市和田町黒岩116-2","35.047363","139.995805"
"中区集会所","千葉県南房総市和田町黒岩1555-3","35.055193","139.992833"
"北三原多目的研修集会施設","千葉県南房総市和田町黒岩386-1","35.046104","139.990916"
"熊野神社（下区）","千葉県南房総市和田町黒岩392","35.046296","139.990101"
"押元青年館","千葉県南房総市和田町黒岩504-6","35.049541","139.99001"
"真言院","千葉県南房総市和田町黒岩767-2","35.060546","139.995033"
"水神様境内","千葉県南房総市和田町柴248-1","35.046357","140.019862"
"柴区集会所","千葉県南房総市和田町柴281-1","35.046819","140.023028"
"西福院","千葉県南房総市和田町柴559-1","35.047447","140.021843"
"向畑集会所","千葉県南房総市和田町小川1579-1","35.03763","140.006497"
"妙達寺","千葉県南房総市和田町小川503","35.042247","139.998942"
"小川公会堂","千葉県南房総市和田町小川542","35.04237","139.997302"
"旧北三原幼稚園","千葉県南房総市和田町小川715","35.044179","139.993541"
"セブンイレブン安房和田町海発店駐車場","千葉県南房総市和田町松田1-3","35.019603","139.976782"
"南三原駅前","千葉県南房総市和田町松田143","35.020991","139.97932"
"松田区集会所","千葉県南房総市和田町松田149-5","35.02154","139.979346"
"海雲寺","千葉県南房総市和田町松田709-5","35.023983","139.987266"
"地域福祉センター「やすらぎ」","千葉県南房総市和田町松田828","35.026324","139.989932"
"沼区集会所","千葉県南房総市和田町沼636-1","35.025626","139.976863"
"上区集会所・くすの木","千葉県南房総市和田町上三原1246","35.079887","139.995872"
"威徳院","千葉県南房総市和田町真浦137-1","35.038017","140.011265"
"真浦神社","千葉県南房総市和田町真浦147-1","35.038118","140.010632"
"仁我浦区集会所","千葉県南房総市和田町仁我浦168-1","35.041276","140.018832"
"和田浦駅前広場","千葉県南房総市和田町仁我浦175-8","35.041812","140.019302"
"和田コミュニティセンター","千葉県南房総市和田町仁我浦206","35.042214","140.020328"
"熊野神社（仁我浦）","千葉県南房総市和田町仁我浦612-1","35.041843","140.017299"
"和田体育館","千葉県南房総市和田町仁我浦8-1","35.040746","140.017127"
"神唐集会所","千葉県南房総市和田町中三原1340-2","35.038118","139.98831"
"中三原区集会所","千葉県南房総市和田町中三原291","35.041241","139.990252"
"熊野神社（東台）","千葉県南房総市和田町白渚560","35.031424","139.999443"
"西の堂","千葉県南房総市和田町白渚620","35.030422","139.996629"
"熊野神社（浜台）","千葉県南房総市和田町白渚71-2","35.035566","140.007747"
"熊野神社（和田）","千葉県南房総市和田町和田421-1","35.037354","140.016232"
"和田区集会所","千葉県南房総市和田町和田451-2","35.03673","140.017466"
"普門寺","千葉県南房総市和田町和田494-1","35.036932","140.01591"
"月山","千葉県南房総市和田町和田496-1","35.036739","140.015698"
"弁天様","千葉県南房総市和田町和田581-1","35.037323","140.014082"
"小浦集会所","千葉県南房総市和田町和田594","35.036787","140.015138"
"西稲荷","千葉県南房総市和田町和田663-1","35.03731","140.012896"
"柏市立柏第一小学校","千葉県柏市あけぼの1-7-6","35.865992","139.972293"
"柏市豊四季台近隣センター体育館","千葉県柏市かやの町2-65","35.865646","139.953644"
"しいの木公園","千葉県柏市しいの木台2-11-1","35.804293","139.983513"
"柏市立高柳西小学校","千葉県柏市しいの木台3-2","35.802757","139.982333"
"千葉県立東葛飾中学校・高等学校","千葉県柏市旭町3-2-1","35.860782","139.964741"
"柏市旭町近隣センター","千葉県柏市旭町5-3-32","35.856138","139.961542"
"柏市立旭東小学校","千葉県柏市旭町5-3-9","35.856355","139.962377"
"柏市立旭小学校","千葉県柏市旭町6-5-17","35.857503","139.955768"
"気象大学校","千葉県柏市旭町7-4-81","35.85926","139.958838"
"永楽台近隣公園","千葉県柏市永楽台2-11","35.842497","139.971115"
"柏市永楽台近隣センター","千葉県柏市永楽台2-11-25","35.842871","139.971657"
"柏市立柏第八小学校","千葉県柏市永楽台2-8-1","35.844016","139.97193"
"柏市立花野井小学校","千葉県柏市花野井1652-34","35.899831","139.971215"
"公益財団法人吉田記念テニス研修センター","千葉県柏市花野井936-1","35.897592","139.974053"
"旧吉田家住宅歴史公園（芝生広場）","千葉県柏市花野井974-1","35.895466","139.974244"
"関場町ゲートボール場","千葉県柏市関場町842-2","35.852208","139.983218"
"千葉県立沼南高等学校","千葉県柏市岩井678-3","35.844947","140.032035"
"千葉県立柏陵高等学校","千葉県柏市逆井444-1","35.810227","139.981137"
"柏市立逆井小学校","千葉県柏市逆井452-2","35.812102","139.981936"
"柏市立逆井中学校","千葉県柏市逆井555","35.817239","139.984444"
"北柏ふるさと公園","千葉県柏市呼塚新田270-1","35.868464","139.990203"
"日本体育大学柏高等学校","千葉県柏市戸張944","35.857532","139.990436"
"戸張地区公園","千葉県柏市戸張994-2","35.856454","139.994556"
"北千葉導水ビジターセンター","千葉県柏市戸張新田26","35.864715","139.994416"
"麗澤大学","千葉県柏市光ケ丘2-1-1","35.832685","139.954116"
"柏市立光ケ丘中学校","千葉県柏市光ケ丘4-23-1","35.829344","139.965073"
"柏市光ケ丘近隣センター","千葉県柏市光ケ丘団地200-5","35.830932","139.956569"
"柏市立高田小学校","千葉県柏市高田376-3","35.874795","139.952376"
"柏市高田近隣センター","千葉県柏市高田693-2","35.874642","139.960361"
"柏市立柏第五中学校","千葉県柏市高田919-1","35.873968","139.965575"
"柏市立高柳中学校","千葉県柏市高南台1-1-1","35.806164","139.995562"
"柏市立高柳小学校","千葉県柏市高南台3-14-12","35.806764","139.994886"
"柏市高柳近隣センター","千葉県柏市高柳1652-10","35.811219","139.998255"
"千葉県立沼南高柳高等学校","千葉県柏市高柳995","35.804432","140.006451"
"柏市立富勢中学校","千葉県柏市根戸467-1","35.885364","139.985096"
"柏市根戸近隣センター","千葉県柏市根戸467-178","35.88536","139.986266"
"富勢運動場","千葉県柏市根戸507","35.885942","139.99192"
"大堀川防災レクリエーション公園","千葉県柏市篠籠田119-3","35.87157","139.971738"
"柏市立柏第七小学校","千葉県柏市篠籠田723-1","35.871627","139.956907"
"柏市立柏第三中学校","千葉県柏市篠籠田987-1","35.86781","139.952995"
"柏市立柏第三小学校","千葉県柏市若葉町4-54","35.854215","139.971691"
"柏市立手賀東小学校","千葉県柏市手賀479-7","35.839241","140.078208"
"柏市立酒井根東小学校","千葉県柏市酒井根1-2-1","35.825465","139.963914"
"柏市立酒井根中学校","千葉県柏市酒井根1-3-1","35.823979","139.965833"
"柏市立酒井根小学校","千葉県柏市酒井根19-2","35.820365","139.96292"
"酒井根下田の森緑地","千葉県柏市酒井根6-24","35.824221","139.957241"
"柏市酒井根近隣センター","千葉県柏市酒井根653-4","35.818087","139.957139"
"柏市立酒井根西小学校","千葉県柏市酒井根662-1","35.818308","139.953421"
"流通経済大学付属柏高等学校","千葉県柏市十余二1-20","35.906784","139.927916"
"柏市青少年センター","千葉県柏市十余二313-92","35.884753","139.960421"
"柏市立柏の葉中学校","千葉県柏市十余二３３７番地９３中央４０５街区1","35.885681","139.954662"
"柏市立柏の葉小学校","千葉県柏市十余二３４８番地５１中央４０４街区1","35.885893","139.952837"
"柏市立柏第四小学校","千葉県柏市松ケ崎1182-9","35.874933","139.968525"
"千葉県立柏中央高等学校","千葉県柏市松ケ崎884-1","35.875135","139.973662"
"柏市立松葉第二小学校","千葉県柏市松葉町2-16","35.888482","139.975202"
"柏市立松葉中学校","千葉県柏市松葉町3-14","35.887386","139.9702"
"柏市松葉近隣センター","千葉県柏市松葉町4-11","35.889659","139.969703"
"松葉第二近隣公園","千葉県柏市松葉町4-13","35.8903","139.969932"
"松葉第一近隣公園","千葉県柏市松葉町4-6","35.888631","139.971509"
"柏市立松葉第一小学校","千葉県柏市松葉町5-3","35.888865","139.966842"
"柏市立土南部小学校","千葉県柏市新逆井1-10-1","35.812185","139.974249"
"南部公園","千葉県柏市新逆井2-5","35.809927","139.971856"
"柏市南部近隣センター","千葉県柏市新逆井2-5-13","35.809518","139.972339"
"名戸ケ谷第五公園","千葉県柏市新柏3-2","35.842119","139.971239"
"柏市西原近隣センター体育館","千葉県柏市西原2-10-62","35.898216","139.92012"
"柏市西原近隣センター","千葉県柏市西原3-2-48","35.896804","139.91998"
"柏市立西原小学校","千葉県柏市西原4-17-1","35.892483","139.92378"
"柏市立西原中学校","千葉県柏市西原6-13-1","35.889316","139.924024"
"柏市立手賀西小学校","千葉県柏市泉541","35.841212","140.04503"
"柏市立田中北小学校","千葉県柏市船戸1-7-1","35.913666","139.951096"
"北部緑地","千葉県柏市船戸1805","35.915919","139.947337"
"柏市立柏高等学校","千葉県柏市船戸山高野325-1","35.924518","139.939821"
"柏寿荘","千葉県柏市船戸山高野535","35.92734","139.947162"
"柏市立土中学校","千葉県柏市増尾1-23-1","35.834108","139.97582"
"千葉県立柏南高等学校","千葉県柏市増尾1705","35.837557","139.976962"
"柏市増尾近隣センター","千葉県柏市増尾3-1-1","35.834413","139.979618"
"柏市立土小学校","千葉県柏市増尾4-4-1","35.834539","139.982"
"芝浦工業大学柏中学高等学校","千葉県柏市増尾700","35.840639","139.985379"
"柏市立増尾西小学校","千葉県柏市増尾台3-5-9","35.825145","139.974717"
"柏市立風早北部小学校","千葉県柏市大井1854-1","35.844231","140.007693"
"二松学舎大学","千葉県柏市大井2590","35.852299","140.012543"
"松ケ崎中央公園","千葉県柏市大山台1","35.881127","139.969046"
"柏たなか駅前公園","千葉県柏市大室1-4","35.909414","139.95838"
"柏市立田中小学校","千葉県柏市大室1193-3","35.901581","139.963569"
"柏ビレジ近隣公園","千葉県柏市大室1311-6","35.902782","139.966921"
"柏市田中近隣センター","千葉県柏市大室249-1","35.903909","139.958712"
"柏市立田中中学校","千葉県柏市大室249-9","35.904605","139.95692"
"柏市北部近隣センター","千葉県柏市大青田1541-2","35.913519","139.941886"
"柏市立大津ケ丘中学校","千葉県柏市大津ケ丘1-25","35.844422","140.002629"
"大津ケ丘中央公園","千葉県柏市大津ケ丘2-1","35.840347","140.002034"
"柏市立大津ケ丘第一小学校","千葉県柏市大津ケ丘3-50","35.839586","139.996348"
"柏市立大津ケ丘第二小学校","千葉県柏市大津ケ丘4-8","35.836168","140.00308"
"柏市沼南近隣センター","千葉県柏市大島田21-2","35.841479","140.006902"
"柏市立中原中学校","千葉県柏市中原1816-2","35.837187","139.971265"
"柏市立中原小学校","千葉県柏市中原1821-1","35.835765","139.971453"
"柏市立風早中学校","千葉県柏市塚崎1319","35.83108","140.003745"
"沼南老人福祉センターいこい荘","千葉県柏市塚崎1356","35.830449","140.00845"
"柏市新田原近隣センター","千葉県柏市東柏2-2-15","35.849843","139.985782"
"海上自衛隊下総航空基地","千葉県柏市藤ケ谷1614-1","35.805093","140.024213"
"藤ケ谷区民館","千葉県柏市藤ケ谷558","35.809357","140.023374"
"柏市立風早南部小学校","千葉県柏市藤ケ谷新田111-2","35.817935","140.017891"
"海上自衛隊下総航空基地（グラウンド）","千葉県柏市藤ヶ谷1614-1","35.79882","140.024651"
"南部老人福祉センターかたくりの里","千葉県柏市藤心293-1","35.824537","139.995599"
"柏市藤心近隣センター","千葉県柏市藤心4-1-11","35.822934","139.988886"
"柏市立藤心小学校","千葉県柏市藤心880-1","35.820644","139.992424"
"柏市南部近隣センター体育館","千葉県柏市南逆井1-20-1","35.806709","139.971893"
"並木第二公園","千葉県柏市南逆井2-2","35.8055","139.96826"
"柏リフレッシュ公園リフレッシュプラザ柏","千葉県柏市南増尾58-3","35.817163","139.973037"
"柏市立南部中学校","千葉県柏市南増尾6-16-1","35.809324","139.964299"
"日立台公園","千葉県柏市日立台1-2","35.849701","139.973996"
"柏市中央公民館","千葉県柏市柏5-8-12","35.8669","139.976642"
"柏公園","千葉県柏市柏565","35.86767","139.983213"
"アミュゼ柏","千葉県柏市柏6-2-22","35.863139","139.975907"
"柏市立柏第五小学校","千葉県柏市柏932-7","35.862555","139.983406"
"中十余二第一公園","千葉県柏市柏の葉1-10","35.891001","139.941998"
"中十余二第二公園","千葉県柏市柏の葉2-16","35.891792","139.938719"
"柏市立十余二小学校","千葉県柏市柏の葉4-4-1","35.898131","139.933171"
"千葉県立柏の葉高等学校","千葉県柏市柏の葉6-1","35.891834","139.944793"
"柏市民文化会館","千葉県柏市柏下107","35.867099","139.984008"
"柏ふるさと公園","千葉県柏市柏下4","35.866547","139.988895"
"柏市中央体育館","千葉県柏市柏下73","35.86773","139.985225"
"柏市富里近隣センター","千葉県柏市富里2-4-4","35.852475","139.964707"
"柏市布施近隣センター","千葉県柏市布施1196-5","35.891866","139.997798"
"あけぼの山公園","千葉県柏市布施1940","35.897145","140.003962"
"柏市立富勢東小学校","千葉県柏市布施2176-2","35.893003","140.007475"
"千葉県立柏高等学校","千葉県柏市布施254","35.892539","139.989431"
"柏市立富勢西小学校","千葉県柏市布施84-2","35.890757","139.987646"
"柏市立富勢小学校","千葉県柏市布施925-1","35.887503","139.992852"
"布施第二公園","千葉県柏市布施新町2-4","35.889425","140.00314"
"風早公園","千葉県柏市風早2-1","35.828087","140.009142"
"豊四季庚塚緑地","千葉県柏市豊四季224-3","35.864481","139.949971"
"柏市立豊四季中学校","千葉県柏市豊四季287-7","35.861251","139.950303"
"柏市立柏第二小学校","千葉県柏市豊四季310","35.85909","139.949554"
"柏市立豊小学校","千葉県柏市豊四季610-2","35.844062","139.962586"
"柏市新富近隣センター","千葉県柏市豊四季945-1","35.857973","139.948887"
"柏市豊四季台近隣センター","千葉県柏市豊四季台1-1-116","35.866599","139.959788"
"柏市立柏第六小学校","千葉県柏市豊四季台4-2-1","35.863369","139.954647"
"北柏第三公園","千葉県柏市北柏2-9","35.873532","139.990529"
"北柏第二公園","千葉県柏市北柏3-9","35.872275","139.988221"
"柏市立柏第四中学校","千葉県柏市名戸ケ谷1-6-8","35.84624","139.976715"
"柏市立名戸ケ谷小学校","千葉県柏市名戸ケ谷474-1","35.846947","139.985047"
"西口第一公園","千葉県柏市明原3-1","35.866055","139.965393"
"柏市立柏中学校","千葉県柏市明原4-1-1","35.864642","139.963041"
"柏市立柏第二中学校","千葉県柏市弥生町6-6","35.857024","139.985466"
"柏市手賀近隣センター","千葉県柏市柳戸511-11","35.837685","140.057631"
"柏市立手賀中学校","千葉県柏市柳戸690","35.836688","140.050712"
"白井第一小学校　（グラウンド）","千葉県白井市根105","35.79408","140.056063"
"白井第三小学校　（グラウンド）","千葉県白井市根336-15","35.773858","140.030187"
"白井中学校　（グラウンド）","千葉県白井市根54","35.800308","140.056452"
"桜台センター","千葉県白井市桜台2-14","35.801256","140.102238"
"桜台中学校　（グラウンド）","千葉県白井市桜台3-27","35.801844","140.10149"
"桜台小学校　（グラウンド）","千葉県白井市桜台3-28","35.80122","140.099501"
"七次台中学校　（グラウンド）","千葉県白井市七次台1-21-1","35.794581","140.04149"
"七次台小学校　（グラウンド）","千葉県白井市七次台3-17-1","35.798345","140.043239"
"白井運動公園","千葉県白井市神々廻1728-1","35.813467","140.072016"
"西白井複合センター","千葉県白井市清水口1-2-1","35.785926","140.032772"
"七次第一公園","千葉県白井市清水口2-2","35.788285","140.033497"
"清水口小学校　（グラウンド）","千葉県白井市清水口2-3-1","35.78883","140.034817"
"西白井コミュニティプラザ","千葉県白井市西白井2-16-1","35.797443","140.030248"
"富塚公園","千葉県白井市西白井2-17","35.796832","140.030548"
"大山口中学校　（グラウンド）","千葉県白井市大山口2-1-1","35.787358","140.022666"
"大山口小学校　（グラウンド）","千葉県白井市大山口2-2-1","35.787253","140.024307"
"白井高等学校　（グラウンド）","千葉県白井市池の上1-8-1","35.776942","140.0555"
"池の上小学校　（グラウンド）","千葉県白井市池の上2-21","35.777297","140.048077"
"白井木戸公園","千葉県白井市池の上2-22","35.778777","140.047937"
"白井第二小学校　（グラウンド）","千葉県白井市中181-2","35.817943","140.046413"
"公民センター","千葉県白井市中98-17","35.824044","140.052684"
"南山公園　（噴水広場）","千葉県白井市南山1-4","35.782117","140.056012"
"南山中学校　（グラウンド）","千葉県白井市南山1-6-1","35.780959","140.058278"
"南山小学校　（グラウンド）","千葉県白井市南山1-7-1","35.782188","140.059693"
"冨士公園","千葉県白井市冨士129-1","35.768015","140.018034"
"冨士センター","千葉県白井市冨士239-2","35.775748","140.026082"
"開拓広場","千葉県白井市冨士37","35.771466","140.023082"
"白井総合公園","千葉県白井市復1422-10","35.792275","140.059999"
"白井コミュニティセンター","千葉県白井市復1458-1","35.797494","140.063295"
"白井駅前センター","千葉県白井市堀込1-2-2","35.78309","140.055352"
"関小学校　（校舎屋上）","千葉県白子町関3889-1","35.450532","140.364646"
"関小学校　（校庭）","千葉県白子町関3889-1","35.450052","140.36464"
"白子町役場　（駐車場）","千葉県白子町関5074-2","35.454153","140.374599"
"南白亀小学校　（校庭）","千葉県白子町牛込12","35.463907","140.387597"
"南白亀小学校　（校舎屋上）","千葉県白子町牛込12","35.464219","140.3873"
"南白亀地区緊急避難施設","千葉県白子町牛込804","35.466023","140.403844"
"白潟地区緊急避難施設","千葉県白子町古所5252","35.448414","140.394409"
"白子中学校　（校庭）","千葉県白子町中里860","35.444362","140.373819"
"白子中学校　（校舎屋上）","千葉県白子町中里860","35.444361","140.374525"
"白潟小学校　（校舎屋上）","千葉県白子町八斗470","35.440307","140.380912"
"白潟小学校　（校庭）","千葉県白子町八斗470","35.439711","140.380916"
"二州小学校沖分校","千葉県八街市沖1033","35.597623","140.277185"
"八街市南部老人憩いの家","千葉県八街市沖1124-2","35.600441","140.273289"
"八街南中学校","千葉県八街市吉倉590-1","35.616747","140.299347"
"二州小学校","千葉県八街市山田台1","35.57821","140.30258"
"二州第一保育園","千葉県八街市山田台671-1","35.579563","140.286171"
"二州第二保育園","千葉県八街市四木1938","35.594556","140.302597"
"川上小学校","千葉県八街市大谷流867-1","35.624904","140.288731"
"滝台コミュニティセンター","千葉県八街市滝台252","35.589186","140.317463"
"松林公民館","千葉県八街市八街い213","35.652588","140.289797"
"神田集会所","千葉県八街市八街い55","35.651077","140.266123"
"八街市スポーツプラザ","千葉県八街市八街い84-10","35.648909","140.275853"
"八街保育園","千葉県八街市八街に112","35.659156","140.321108"
"八街北中学校","千葉県八街市八街は18-2","35.690974","140.304531"
"朝陽小学校","千葉県八街市八街は19-2","35.691593","140.308009"
"朝陽保育園","千葉県八街市八街は21","35.688449","140.311876"
"笹引小学校","千葉県八街市八街へ199-133","35.630309","140.310481"
"実住保育園","千葉県八街市八街ほ215","35.663423","140.31077"
"けやきの森公園","千葉県八街市八街ほ239-62","35.660605","140.318843"
"実住小学校","千葉県八街市八街ほ301","35.658206","140.314715"
"八街中学校","千葉県八街市八街ほ35","35.665531","140.315634"
"八街市役所・総合保健福祉センター","千葉県八街市八街ほ35-29","35.6655","140.317836"
"八街東小学校","千葉県八街市八街ほ40-1","35.667487","140.317894"
"八街中央中学校","千葉県八街市八街ほ591","35.658808","140.311936"
"中央公民館","千葉県八街市八街ほ796-1","35.65618","140.307506"
"交進保育園","千葉県八街市八街ろ111","35.659058","140.285966"
"交進小学校","千葉県八街市八街ろ111-33","35.663183","140.283648"
"文違コミュニティセンター","千葉県八街市文違301-144","35.676531","140.316469"
"用草公民館","千葉県八街市用草1044-1","35.636622","140.268707"
"萱田南小学校","千葉県八千代市ゆりのき台3-7-3","35.729193","140.100101"
"萱田小学校","千葉県八千代市ゆりのき台6-20","35.735347","140.105261"
"萱田中学校","千葉県八千代市ゆりのき台7-8-1","35.736542","140.102512"
"八千代総合運動公園","千葉県八千代市萱田町253","35.725292","140.111864"
"大和田小学校","千葉県八千代市萱田町628","35.72115","140.102037"
"大和田中学校","千葉県八千代市萱田町645","35.721793","140.103986"
"八千代西高等学校","千葉県八千代市吉橋2405-1","35.744993","140.076247"
"睦小学校","千葉県八千代市桑納176","35.757552","140.097514"
"東高津中学校","千葉県八千代市高津1092","35.71896","140.090071"
"南高津小学校","千葉県八千代市高津421-3","35.716654","140.081738"
"高津小学校及び　高津中学校等一帯の地域","千葉県八千代市高津738-6","35.720184","140.081033"
"西高津小学校","千葉県八千代市高津832-38","35.718237","140.07435"
"勝田台小学校","千葉県八千代市勝田台2-14","35.711323","140.128206"
"勝田台中学校","千葉県八千代市勝田台3-1","35.707767","140.124707"
"勝田台中央公園","千葉県八千代市勝田台3-31","35.70811","140.12897"
"勝田台南小学校","千葉県八千代市勝田台5-9","35.705545","140.132012"
"八千代高等学校","千葉県八千代市勝田台南1-1-1","35.714405","140.122123"
"酒井グラウンド","千葉県八千代市上高野1270-3","35.724587","140.134173"
"村上東小学校及び　村上東中学校等一帯の地域","千葉県八千代市村上1113-1","35.727638","140.126005"
"村上北小学校","千葉県八千代市村上1113-1","35.735487","140.122537"
"村上小学校","千葉県八千代市村上1113-1","35.724571","140.12215"
"村上中学校","千葉県八千代市村上1643-55","35.72571","140.120872"
"秀明大学","千葉県八千代市大学町1-1","35.772122","140.099425"
"大和田南小学校","千葉県八千代市大和田628","35.714053","140.101563"
"大和田西小学校","千葉県八千代市大和田新田409-3","35.726292","140.091126"
"京成バラ園","千葉県八千代市大和田新田755","35.731074","140.087477"
"睦中学校","千葉県八千代市島田台756","35.756707","140.087733"
"八千代台小学校","千葉県八千代市八千代台西1-8","35.701823","140.088183"
"八千代台西小学校","千葉県八千代市八千代台西7-23-1","35.702822","140.084805"
"八千代台西中学校","千葉県八千代市八千代台西7-23-3","35.700961","140.080322"
"八千代台西市民の森","千葉県八千代市八千代台西9-138","35.697197","140.084676"
"八千代台東小学校","千葉県八千代市八千代台東2-5-1","35.698601","140.095877"
"旧八千代台東第二小学校","千葉県八千代市八千代台東6-26-1","35.705767","140.102876"
"八千代台南市民の森","千葉県八千代市八千代台南3-37-1","35.695241","140.089121"
"八千代中学校","千葉県八千代市八千代台北14-9-1","35.712572","140.096209"
"八千代台第１公園","千葉県八千代市八千代台北3-9-1","35.70446","140.091575"
"旧米本小学校","千葉県八千代市米本1386-6","35.761862","140.111931"
"旧米本南小学校","千葉県八千代市米本2301","35.753208","140.117508"
"旧阿蘇小学校","千葉県八千代市米本2586","35.748689","140.121544"
"保品近隣公園","千葉県八千代市保品1772-19","35.756473","140.126292"
"新木戸小学校","千葉県八千代市緑が丘2-4","35.726283","140.071788"
"みどりが丘小学校","千葉県八千代市緑が丘西3-14","35.738278","140.072059"
"富津中学校（運動場）","千葉県富津市下飯野1283-1","35.321184","139.853128"
"飯野小学校（運動場）","千葉県富津市下飯野154","35.315308","139.865164"
"飯野コミュニティセンター（施設前広場）","千葉県富津市下飯野203-1","35.316492","139.864066"
"市役所（市民駐車場）","千葉県富津市下飯野2443","35.304518","139.855854"
"飯野保育所（園庭）","千葉県富津市下飯野332-6","35.316416","139.862877"
"旧飯野運動広場","千葉県富津市下飯野942-1","35.320684","139.865396"
"旧天神山小学校（運動場）","千葉県富津市花輪104","35.212733","139.88876"
"天羽中学校（運動場）","千葉県富津市岩坂109","35.224574","139.877203"
"地域交流支援センター「カナリエ」（駐車場）","千葉県富津市岩坂487-5","35.231464","139.886399"
"君津商業高等学校（運動場）","千葉県富津市岩瀬1172","35.290601","139.862877"
"大佐和中学校（運動場）","千葉県富津市岩瀬619","35.280905","139.860747"
"岩瀬児童遊園地","千葉県富津市岩瀬995-22","35.287018","139.855021"
"佐貫コミュニティセンター（駐車場）","千葉県富津市亀田368-1","35.262966","139.879832"
"金谷コミュニティセンター（駐車場）","千葉県富津市金谷2197-18","35.167902","139.82262"
"旧金谷小学校（体育館、運動場）","千葉県富津市金谷2254-3","35.16909","139.822255"
"ＴＪＫリゾート金谷城（体育館、駐車場）","千葉県富津市金谷4111-1","35.160835","139.82118"
"吉野小学校（運動場）","千葉県富津市絹176-3","35.291678","139.87439"
"吉野保育所（園庭）","千葉県富津市絹656-2","35.290784","139.875653"
"佐貫保育所（園庭）","千葉県富津市佐貫143-2","35.262372","139.883988"
"旧佐貫中学校（運動場）","千葉県富津市佐貫26","35.263301","139.890777"
"旧環南小学校（運動場）","千葉県富津市志駒1189","35.175687","139.924986"
"消防団第１１分団第２部詰所（詰所前広場）","千葉県富津市志駒531-1","35.186116","139.931711"
"大貫小学校（運動場）","千葉県富津市小久保114","35.279591","139.863323"
"中央公民館（駐車場）","千葉県富津市小久保3014","35.281607","139.857633"
"峰上保育所（園庭）","千葉県富津市上後305","35.214499","139.931153"
"環小学校（運動場）","千葉県富津市上後328","35.215858","139.930814"
"旧天羽東中学校（運動場）","千葉県富津市上後395","35.214952","139.932625"
"富津公民館（駐車場）","千葉県富津市新井932-34","35.318955","139.828246"
"市民ふれあい公園（管理棟前駐車場）","千葉県富津市新富146-2","35.330262","139.843925"
"市民ふれあい公園ビジターセンター（市民ふれあい公園第４駐車場）","千葉県富津市新富154","35.33618","139.847086"
"総合社会体育館（駐車場）","千葉県富津市新富80-4","35.321327","139.82843"
"新富運動広場","千葉県富津市新富80-5","35.322322","139.830714"
"天羽高等学校（運動場）","千葉県富津市数馬229","35.216677","139.880465"
"中央保育所（園庭）","千葉県富津市数馬579","35.218552","139.883188"
"天羽小学校（運動場）","千葉県富津市数馬581-1","35.218996","139.884155"
"ＰＬＡＺＡ　ＤＯＦⅡ（駐車場）","千葉県富津市青木1-3-2","35.331405","139.846779"
"イオンモール富津（平面西側駐車場）","千葉県富津市青木1-5-1","35.329766","139.844871"
"市役所富津連絡所跡地","千葉県富津市青木1561","35.324575","139.846695"
"青木公園","千葉県富津市青木2-10-12","35.32991","139.849266"
"大貫ふれあいシニア館（駐車場）","千葉県富津市千種新田346-1","35.292726","139.854197"
"望みの門本館（駐車場、屋上）","千葉県富津市川名1436","35.306502","139.827548"
"消防団第８分団第１部機庫（機庫前広場）","千葉県富津市相川1497-3","35.199412","139.878147"
"基行ビル（２～４階廊下、屋上）","千葉県富津市大堀1-10-6","35.333442","139.858422"
"大堀第１号公園","千葉県富津市大堀1-11","35.333695","139.859166"
"青堀ふれあいシニア館（駐車場）","千葉県富津市大堀1-25-1","35.335482","139.857025"
"大堀第２号公園","千葉県富津市大堀1-26","35.335649","139.858945"
"若葉公園","千葉県富津市大堀1107-2","35.341364","139.853149"
"（株）高田工業所君津支社富津寮（１号館２～６階廊下、２号館２～３階廊下）","千葉県富津市大堀1107-51","35.34193","139.853606"
"（株）基行富津寮（屋上、３～６階特別避難階段、３～５階付室）","千葉県富津市大堀1107-52","35.34167","139.852653"
"青堀児童遊園地","千葉県富津市大堀1822-2","35.332063","139.860461"
"大堀第３号公園","千葉県富津市大堀2-11","35.331824","139.854874"
"大堀第４号公園","千葉県富津市大堀2-30","35.334732","139.855484"
"青堀小学校（運動場）","千葉県富津市大堀2042-4","35.327588","139.852753"
"青堀駅裏公園","千葉県富津市大堀2214","35.32816","139.857762"
"大堀第５号公園","千葉県富津市大堀3-8","35.329043","139.851508"
"竹岡保育所（園庭）","千葉県富津市竹岡403-1","35.208429","139.845783"
"竹岡子どもの遊び場","千葉県富津市竹岡445","35.208467","139.845335"
"竹岡コミュニティセンター（駐車場）","千葉県富津市竹岡473-1","35.207657","139.845215"
"旧竹岡小学校（運動場）","千葉県富津市竹岡757","35.205779","139.850755"
"佐貫小学校（運動場）","千葉県富津市鶴岡989-1","35.259976","139.88196"
"竹岡第６区集会所（集会所前広場）","千葉県富津市萩生1104-17","35.197562","139.829551"
"鶴峯八幡神社（神社前駐車場）","千葉県富津市八幡143","35.252118","139.868459"
"天神山コミュニティセンター（駐車場）","千葉県富津市不入斗1697-1","35.214083","139.897061"
"県立富津公園中の島","千葉県富津市富津2280","35.311481","139.807307"
"県立富津公園駐車場（第１～４駐車場）","千葉県富津市富津2280","35.313206","139.807962"
"富津臨港公園","千葉県富津市富津2668","35.315328","139.818786"
"富津小学校（運動場）","千葉県富津市富津396-2","35.311739","139.824606"
"日本製鉄（株）富津寮（２階、３階通路、屋上）","千葉県富津市富津679-101","35.308697","139.820082"
"富津老人憩の家（駐車場）","千葉県富津市富津679-85","35.307605","139.821184"
"富津運動広場","千葉県富津市富津680-1","35.30847","139.822107"
"関豊ふれあいシニア館（駐車場）","千葉県富津市豊岡1355-1","35.191129","139.954087"
"わかあゆの郷（体育館）","千葉県富津市豊岡1432-1","35.186881","139.954973"
"天羽養護老人ホーム（駐車場）","千葉県富津市豊岡1728-1","35.186565","139.954383"
"市民の森（芝生広場）","千葉県富津市豊岡2785-1","35.175937","139.956822"
"飯野児童遊園地","千葉県富津市本郷803-1","35.310393","139.879745"
"富津浅間山バスストップ駐車場","千葉県富津市湊1246-1","35.234412","139.888227"
"浅間山運動公園（駐車場）","千葉県富津市湊1247-2","35.235323","139.888985"
"消防団第７分団第１部詰所（詰所前広場）","千葉県富津市湊260","35.215485","139.873722"
"市民会館（駐車場）","千葉県富津市湊765-1","35.223032","139.872686"
"富里南小学校","千葉県富里市御料4-1","35.70592","140.359574"
"葉山公園","千葉県富里市御料923-26","35.72637","140.353094"
"根木名小学校","千葉県富里市根木名1005-3","35.745876","140.351064"
"七栄小学校","千葉県富里市七栄132-7","35.736469","140.318419"
"獅子穴公園","千葉県富里市七栄646-115","35.738246","140.333498"
"富里中央公園（イベント広場）","千葉県富里市七栄652-12","35.727583","140.345055"
"富里中学校","千葉県富里市七栄652-226","35.726942","140.340705"
"富里小学校","千葉県富里市七栄720","35.733602","140.332645"
"新木戸大銀杏公園","千葉県富里市七栄北新木戸土地区画整理事業地内","35.749338","140.310249"
"富里南中学校","千葉県富里市十倉127-38","35.717004","140.360064"
"浩養小学校","千葉県富里市十倉185-54","35.692694","140.338218"
"旧洗心小学校跡地","千葉県富里市十倉732-3","35.68401","140.386934"
"富里第一小学校","千葉県富里市中沢573-1","35.724631","140.314448"
"富里北中学校","千葉県富里市日吉倉1515-31","35.759562","140.314139"
"日吉台第２公園","千葉県富里市日吉台1-21","35.77139","140.322042"
"日吉台第１公園","千葉県富里市日吉台1-4","35.774699","140.321817"
"日吉台第３公園","千葉県富里市日吉台2-18","35.771103","140.320754"
"日吉台第５公園","千葉県富里市日吉台3-19","35.766679","140.3237"
"日吉台第６公園","千葉県富里市日吉台3-42-1","35.762979","140.322836"
"日吉台第４公園","千葉県富里市日吉台4-1","35.770781","140.318877"
"日吉台小学校","千葉県富里市日吉台4-21","35.765179","140.320351"
"日吉台中央公園","千葉県富里市日吉台4-4-1","35.768488","140.319805"
"日吉台第７公園","千葉県富里市日吉台5-24-1","35.762734","140.318405"
"日吉台第８公園","千葉県富里市日吉台6-20-5","35.763891","140.315987"
"みどりの広場","千葉県睦沢町下之郷1655-1","35.360855","140.318531"
"睦沢小学校","千葉県睦沢町小滝450-1","35.365404","140.331363"
"旧瑞沢小学校","千葉県睦沢町大上3220-1","35.344109","140.281725"
"豊岡福祉センター","千葉県茂原市粟生野2675-4","35.476632","140.353928"
"冨士見中学校","千葉県茂原市押日1468","35.443477","140.279593"
"長生の森公園","千葉県茂原市押日816-1","35.455946","140.267427"
"旧中の島幼稚園","千葉県茂原市下永吉1056-2","35.408906","140.303578"
"道目木ポンプ場","千葉県茂原市下永吉466-5","35.415131","140.308329"
"旧新治小学校","千葉県茂原市下太田150","35.481593","140.280095"
"豊岡小学校","千葉県茂原市弓渡255","35.475362","140.349527"
"五郷小学校","千葉県茂原市綱島1185","35.416083","140.277161"
"五郷福祉センター","千葉県茂原市綱島656","35.411016","140.280644"
"茂原高等学校","千葉県茂原市高師1300","35.433174","140.285675"
"茂原公園","千葉県茂原市高師1325-1","35.430213","140.282812"
"茂原市市民体育館","千葉県茂原市高師2165","35.438757","140.295097"
"長生高等学校","千葉県茂原市高師286","35.433164","140.298238"
"二宮福祉センター","千葉県茂原市国府関1683-1","35.44854","140.260132"
"南中学校","千葉県茂原市上永吉1185-2","35.406036","140.294677"
"鶴枝小学校","千葉県茂原市上永吉955","35.395118","140.298087"
"萩原公園","千葉県茂原市上林173-9","35.443013","140.300884"
"東郷小学校","千葉県茂原市谷本142","35.447405","140.327298"
"東郷福祉センター","千葉県茂原市谷本1887-1","35.441688","140.3249"
"中の島公園","千葉県茂原市中の島町524","35.407617","140.31033"
"総合市民センター","千葉県茂原市町保13-20","35.43111","140.303134"
"豊田福祉センター","千葉県茂原市長尾148","35.456288","140.291488"
"豊田小学校","千葉県茂原市長尾156","35.455879","140.292657"
"富士見公園","千葉県茂原市東郷2078","35.432331","140.309751"
"東中学校","千葉県茂原市東郷301","35.435481","140.319713"
"東部台文化会館","千葉県茂原市東部台1-7-15","35.421124","140.318313"
"東部小学校","千葉県茂原市東部台1-9-1","35.422344","140.31835"
"萩原小学校","千葉県茂原市萩原町1-17","35.438481","140.300121"
"千葉県生涯大学校外房学園","千葉県茂原市本小轡319-1","35.451687","140.314257"
"本納小学校・本納中学校","千葉県茂原市本納1623","35.486356","140.307321"
"本納公民館（ほのおか館）","千葉県茂原市本納1741-1","35.484132","140.306238"
"西小学校","千葉県茂原市茂原1229-1","35.427135","140.283264"
"茂原小学校","千葉県茂原市茂原614","35.425809","140.299272"
"旧西陵中学校","千葉県茂原市緑ケ丘1-53","35.439259","140.261555"
"二宮小学校（旧緑ケ丘小学校）","千葉県茂原市緑ケ丘4-38","35.439673","140.256083"
"かずさアカデミアホール（臨時駐車場）","千葉県木更津市かずさ鎌足2-3-9","35.335236","139.990808"
"木更津市立南清小学校","千葉県木更津市ほたる野3-5","35.373088","139.969511"
"木更津市立中郷地域交流センター","千葉県木更津市井尻789","35.40555","139.970369"
"木更津市立中郷小学校","千葉県木更津市井尻978","35.405837","139.972416"
"木更津市立木更津第三中学校","千葉県木更津市永井作1-1-1","35.388512","139.944609"
"木更津市立西清川地域交流センター","千葉県木更津市永井作2-11-12","35.390934","139.945077"
"道の駅木更津　うまくたの里","千葉県木更津市下郡1369-1","35.360112","140.052437"
"木更津市立富岡地域交流センター","千葉県木更津市下郡1770-1","35.358136","140.041686"
"旧木更津市立富岡小学校","千葉県木更津市下郡1886","35.353658","140.039339"
"木更津市民体育館","千葉県木更津市貝渕2-13-40","35.374517","139.918688"
"小櫃堰公園","千葉県木更津市祇園358","35.394539","139.95514"
"木更津市立岩根西中学校","千葉県木更津市久津間373","35.413624","139.923932"
"木更津市金田地域交流センター","千葉県木更津市金田東6-11-1","35.433554","139.93187"
"木更津市立岩根西地域交流センター","千葉県木更津市江川934-1","35.408894","139.920696"
"江川総合運動場","千葉県木更津市江川959-1","35.409814","139.915776"
"港南台中央公園","千葉県木更津市港南台2-17","35.351241","139.914306"
"木更津市立岩根地域交流センター","千葉県木更津市高柳3-2-1","35.411922","139.941293"
"木更津市立岩根中学校","千葉県木更津市高柳3-7-49","35.412306","139.94479"
"木更津市立高柳小学校","千葉県木更津市高柳5932","35.412004","139.947923"
"拓殖大学紅陵高等学校","千葉県木更津市桜井1403","35.363503","139.928006"
"桜井南公園","千葉県木更津市桜井1595-2","35.360414","139.912943"
"木更津市立桜井地域交流センター","千葉県木更津市桜井新町4-2","35.365632","139.921267"
"桜井運動場","千葉県木更津市桜井新町4-2","35.364899","139.92099"
"貝渕公園","千葉県木更津市桜町1-3","35.369615","139.925737"
"木更津市立東清地域交流センター","千葉県木更津市笹子469-1","35.389483","139.98432"
"木更津市立真舟小学校","千葉県木更津市真舟2-6-1","35.36198","139.938313"
"志学館中等部・高等部","千葉県木更津市真舟3-29-1","35.355108","139.932026"
"真舟中央公園","千葉県木更津市真舟4-9","35.358322","139.933888"
"木更津市立富来田地域交流センター","千葉県木更津市真里谷110","35.366798","140.060487"
"木更津市立富来田中学校","千葉県木更津市真里谷275","35.368733","140.066043"
"木更津市立富来田小学校","千葉県木更津市真里谷518","35.369104","140.068519"
"木更津市立東清小学校","千葉県木更津市菅生114","35.38949","139.983183"
"野際公園","千葉県木更津市清見台東1-4","35.385005","139.951964"
"木更津市立清見台小学校","千葉県木更津市清見台南1-15-1","35.381505","139.950749"
"清見台中央公園","千葉県木更津市清見台南4-5","35.38036","139.95825"
"木更津市立清見台地域交流センター","千葉県木更津市清見台南5-1-29","35.37994","139.959174"
"木更津市立祇園小学校","千葉県木更津市清川1-1-1","35.386941","139.959251"
"江沢公園","千葉県木更津市清川1-13","35.388422","139.961878"
"木更津市立岩根小学校","千葉県木更津市西岩根8-1","35.407403","139.927411"
"木更津市立請西小学校","千葉県木更津市請西2-8-1","35.37492","139.944139"
"八崎公園","千葉県木更津市請西3-2","35.374461","139.947737"
"木更津市立木更津第二中学校","千葉県木更津市請西941","35.372783","139.937527"
"大久保公園","千葉県木更津市大久保2-14","35.341891","139.931066"
"木更津市立波岡中学校","千葉県木更津市大久保3-9-1","35.341063","139.929761"
"木更津市立波岡地域交流センター","千葉県木更津市大久保5-7-1","35.344988","139.935919"
"木更津市立木更津第一中学校","千葉県木更津市中央1-10-1","35.385872","139.925367"
"木更津市立木更津第一小学校","千葉県木更津市中央1-11-1","35.384556","139.924711"
"木更津市立金田中学校","千葉県木更津市中島2820","35.427329","139.926251"
"木更津市立金田小学校","千葉県木更津市中島2931-1","35.425703","139.926191"
"木更津市立清川中学校","千葉県木更津市中尾1096","35.385338","139.970981"
"木更津市立西清小学校","千葉県木更津市長須賀2445","35.387598","139.938496"
"木更津市立太田中学校","千葉県木更津市東太田1-2-1","35.37806","139.948822"
"木更津総合高等学校","千葉県木更津市東太田3-4-1","35.375313","139.957422"
"清和大学短期大学部","千葉県木更津市東太田3-4-2","35.376653","139.9599"
"清和大学","千葉県木更津市東太田3-4-5","35.376454","139.95959"
"木更津市立畑沢中学校","千葉県木更津市畑沢1053-1","35.348022","139.914325"
"木更津市立畑沢地域交流センター","千葉県木更津市畑沢1053-12","35.347644","139.912816"
"大関公園","千葉県木更津市畑沢3-2","35.347776","139.907715"
"中清水公園","千葉県木更津市畑沢4-4","35.34619","139.915238"
"木更津市立畑沢小学校","千葉県木更津市畑沢南2-16-1","35.342099","139.903916"
"板取公園","千葉県木更津市畑沢南5-10","35.337886","139.903556"
"大作公園","千葉県木更津市八幡台3-26","35.344854","139.95267"
"木更津市立八幡台地域交流センター","千葉県木更津市八幡台4-2-1","35.341556","139.951223"
"八幡台中央公園","千葉県木更津市八幡台4-3","35.340354","139.949862"
"木更津市立八幡台小学校","千葉県木更津市八幡台4-5-1","35.340879","139.948333"
"木更津市立文京地域交流センター","千葉県木更津市文京2-6-54","35.377048","139.928392"
"千葉県立木更津高等学校","千葉県木更津市文京4-1-1","35.374398","139.933344"
"木更津市立木更津第二小学校","千葉県木更津市文京5-6-24","35.375809","139.928273"
"千葉県立木更津東高等学校","千葉県木更津市木更津2-2-45","35.382728","139.930756"
"座面公園","千葉県木更津市木更津3-7","35.382244","139.93599"
"木更津市立鎌足中学校","千葉県木更津市矢那2797","35.348511","139.973469"
"木更津市立鎌足地域交流センター","千葉県木更津市矢那899-1","35.349687","139.97684"
"旧木更津市立中郷中学校","千葉県木更津市有吉932","35.402498","139.987037"
"野田市立みずき小学校（校舎）","千葉県野田市みずき3-2-3","35.920255","139.886115"
"野田市立みずき小学校（校庭）","千葉県野田市みずき3-2-3","35.919932","139.886176"
"野田市立みずき小学校（体育館）","千葉県野田市みずき3-2-3","35.920433","139.886864"
"野田市立南部中学校（校庭）","千葉県野田市花井67","35.935099","139.885257"
"野田市立南部中学校（体育館）","千葉県野田市花井67","35.935695","139.885666"
"野田市立南部中学校（校舎）","千葉県野田市花井67","35.935815","139.88482"
"元町香取神社","千葉県野田市関宿元町88","36.077172","139.784214"
"関宿にこにこ水辺公園","千葉県野田市関宿三軒家143-1","36.101382","139.783386"
"千葉県立関宿城博物館","千葉県野田市関宿三軒家143-4","36.100676","139.782562"
"下納谷浅間神社","千葉県野田市関宿台町1006","36.077373","139.792811"
"野田市立関宿小学校（体育館）","千葉県野田市関宿台町171","36.087064","139.786948"
"野田市立関宿小学校（校庭）","千葉県野田市関宿台町171","36.086271","139.787371"
"野田市立関宿小学校（校舎）","千葉県野田市関宿台町171","36.086651","139.787134"
"野田市立関宿中学校（校舎）","千葉県野田市関宿台町2150","36.088082","139.78937"
"野田市立関宿中学校（校庭）","千葉県野田市関宿台町2150","36.088094","139.790053"
"野田市立関宿中学校（体育館）","千葉県野田市関宿台町2150","36.088293","139.789078"
"野田市関宿公民館","千葉県野田市関宿台町2558-1","36.08895","139.789029"
"関宿あおぞら広場","千葉県野田市関宿町1396","36.091249","139.783674"
"野田市立岩名中学校（体育館）","千葉県野田市岩名1700","35.967744","139.839017"
"野田市立岩名中学校（校庭）","千葉県野田市岩名1700","35.967115","139.838458"
"野田市立岩名中学校（校舎）","千葉県野田市岩名1700","35.967391","139.837892"
"野田市立岩木小学校（校舎）","千葉県野田市岩名2-12-1","35.975269","139.838279"
"野田市立岩木小学校（校庭）","千葉県野田市岩名2-12-1","35.975327","139.839299"
"野田市立岩木小学校（体育館）","千葉県野田市岩名2-12-1","35.975582","139.838191"
"野田市立宮崎小学校（校舎）","千葉県野田市宮崎55","35.949404","139.873154"
"野田市立宮崎小学校（校庭）","千葉県野田市宮崎55","35.948622","139.87356"
"野田市立宮崎小学校（体育館）","千葉県野田市宮崎55","35.948883","139.872824"
"野田市立二川中学校（校舎）","千葉県野田市桐ケ作418","36.046187","139.81226"
"野田市立二川中学校（体育館）","千葉県野田市桐ケ作418","36.04657","139.811981"
"野田市立二川中学校（校庭）","千葉県野田市桐ケ作418","36.047119","139.812921"
"野田市立関宿中部幼稚園","千葉県野田市桐ケ作453-1","36.04822","139.810293"
"野田市立二川小学校（体育館）","千葉県野田市桐ケ作464","36.048955","139.8091"
"野田市立二川小学校（校舎）","千葉県野田市桐ケ作464","36.049606","139.80958"
"野田市立二川小学校（校庭）","千葉県野田市桐ケ作464","36.048755","139.809686"
"野田市二川公民館","千葉県野田市桐ケ作51-1","36.050614","139.814845"
"古布内浄禅寺","千葉県野田市古布内1329","36.046805","139.822119"
"アスク古布内保育園","千葉県野田市古布内1527-13","36.046475","139.815403"
"野田市立福田第一小学校（校庭）","千葉県野田市三ツ堀1372","35.947768","139.919574"
"野田市立福田第一小学校（校舎）","千葉県野田市三ツ堀1372","35.948215","139.919416"
"野田市立福田第一小学校（体育館）","千葉県野田市三ツ堀1372","35.948629","139.91994"
"野田市立福田中学校（校舎）","千葉県野田市三ツ堀782","35.945865","139.923"
"野田市立福田中学校（校庭）","千葉県野田市三ツ堀782","35.945057","139.92266"
"野田市立福田中学校（体育館）","千葉県野田市三ツ堀782","35.945681","139.92386"
"野田市南部梅郷公民館","千葉県野田市山崎1154-1","35.929939","139.887023"
"野田市立南部小学校（校舎）","千葉県野田市山崎1503","35.930811","139.88512"
"野田市立南部小学校（校庭）","千葉県野田市山崎1503","35.930155","139.884996"
"野田市立南部小学校（体育館）","千葉県野田市山崎1503","35.930293","139.884313"
"野田市南コミュニティセンター（駐車場）","千葉県野田市山崎2008","35.931239","139.89674"
"野田市南コミュニティセンター（建物）","千葉県野田市山崎2008","35.930867","139.896655"
"東京理科大学（校舎）","千葉県野田市山崎2641","35.917841","139.907179"
"東京理科大学（校庭）","千葉県野田市山崎2641","35.920241","139.910561"
"東京理科大学（体育館）","千葉県野田市山崎2641","35.921828","139.910877"
"野田市立山崎小学校（校舎）","千葉県野田市山崎2733","35.928615","139.901052"
"野田市立山崎小学校（校庭）","千葉県野田市山崎2733","35.927689","139.900636"
"野田市立山崎小学校（体育館）","千葉県野田市山崎2733","35.928933","139.900904"
"野田市立七光台小学校（校庭）","千葉県野田市七光台20-1","35.979481","139.853778"
"野田市立七光台小学校（体育館）","千葉県野田市七光台20-1","35.979749","139.852946"
"野田市立七光台小学校（校舎）","千葉県野田市七光台20-1","35.980036","139.8536"
"野田市北コミュニティセンター（駐車場）","千葉県野田市春日町16-1","35.978516","139.840986"
"野田市北コミュニティセンター（建物）","千葉県野田市春日町16-1","35.97895","139.841041"
"朝日ヶ丘公園","千葉県野田市上花輪新町3-14","35.94077","139.862152"
"野田市福田公民館（運動場）","千葉県野田市瀬戸970-1","35.943789","139.921156"
"野田市福田公民館（体育館）","千葉県野田市瀬戸970-1","35.944686","139.92109"
"野田市福田公民館（建物）","千葉県野田市瀬戸970-1","35.945016","139.921255"
"清水公園","千葉県野田市清水1005","35.958014","139.851803"
"旧専売公社跡地","千葉県野田市清水246-1","35.954688","139.860717"
"千葉県立清水高等学校（体育館）","千葉県野田市清水482","35.961742","139.856915"
"千葉県立清水高等学校（校舎）","千葉県野田市清水482","35.961135","139.856443"
"千葉県立清水高等学校（校庭）","千葉県野田市清水482","35.962173","139.856362"
"野田市立清水台小学校（体育館）","千葉県野田市清水773","35.95389","139.851397"
"野田市立清水台小学校（校舎）","千葉県野田市清水773","35.953542","139.852004"
"野田市立清水台小学校（校庭）","千葉県野田市清水773","35.952905","139.852286"
"野田市総合公園（園内）","千葉県野田市清水958","35.963067","139.850843"
"野田市総合公園（体育館）","千葉県野田市清水958","35.962308","139.850549"
"アルフレッサファーマ（株）","千葉県野田市西高野278-5","36.067435","139.793918"
"野田市立福田第二小学校（体育館）","千葉県野田市西三ケ尾988","35.92876","139.922736"
"野田市立福田第二小学校（校舎）","千葉県野田市西三ケ尾988","35.928543","139.922758"
"野田市立福田第二小学校（校庭）","千葉県野田市西三ケ尾988","35.928152","139.922628"
"野田市立北部小学校（校庭）","千葉県野田市谷津25-1","35.968452","139.854963"
"野田市立北部小学校（校舎）","千葉県野田市谷津25-1","35.968766","139.855646"
"野田市立北部小学校（体育館）","千葉県野田市谷津25-1","35.96816","139.8556"
"野田市北部公民館","千葉県野田市谷津384","35.968656","139.853175"
"野田市立北部中学校（体育館）","千葉県野田市谷津673","35.9762","139.853528"
"野田市立北部中学校（校舎）","千葉県野田市谷津673","35.976153","139.854325"
"野田市立北部中学校（校庭）","千葉県野田市谷津673","35.975184","139.854438"
"千葉県立野田中央高等学校（体育館）","千葉県野田市谷津713","35.974929","139.856163"
"千葉県立野田中央高等学校（校舎）","千葉県野田市谷津713","35.974612","139.855643"
"千葉県立野田中央高等学校（校庭）","千葉県野田市谷津713","35.975682","139.855955"
"野田市立第二中学校（体育館）","千葉県野田市中根139","35.939769","139.874554"
"野田市立第二中学校（校舎）","千葉県野田市中根139","35.939268","139.875127"
"野田市立第二中学校（校庭）","千葉県野田市中根139","35.940061","139.875826"
"千葉県立野田看護専門学校（校舎）","千葉県野田市中根316-1","35.944962","139.888103"
"千葉県立野田看護専門学校（体育館）","千葉県野田市中根316-1","35.945202","139.887734"
"千葉県立野田看護専門学校（敷地）","千葉県野田市中根316-1","35.944433","139.888538"
"野田市生涯学習センター","千葉県野田市中野台168-1","35.946129","139.858811"
"鹿島神社","千葉県野田市中野台306","35.946709","139.855349"
"野田市立川間中学校（体育館）","千葉県野田市中里136-1","35.993164","139.838656"
"野田市立川間中学校（校庭）","千葉県野田市中里136-1","35.992391","139.83891"
"野田市立川間中学校（校舎）","千葉県野田市中里136-1","35.992861","139.838292"
"（株）ＵＳＳ東京（建物）","千葉県野田市中里2144-1","36.004257","139.851724"
"（株）ＵＳＳ東京（駐車場）","千葉県野田市中里2144-1","36.002576","139.854611"
"野田市川間公民館","千葉県野田市中里720","35.995411","139.843309"
"野田市立川間小学校（校舎）","千葉県野田市中里934","35.996992","139.845006"
"野田市立川間小学校（体育館）","千葉県野田市中里934","35.996242","139.844885"
"野田市立川間小学校（校庭）","千葉県野田市中里934","35.996739","139.845698"
"野田市東部公民館（建物）","千葉県野田市鶴奉174-4","35.962151","139.881249"
"野田市東部公民館（運動場）","千葉県野田市鶴奉174-4","35.962475","139.881547"
"野田市立東部小学校（校舎）","千葉県野田市鶴奉220","35.961481","139.886665"
"野田市立東部小学校（体育館）","千葉県野田市鶴奉220","35.961563","139.885746"
"野田市立東部小学校（校庭）","千葉県野田市鶴奉220","35.961275","139.886361"
"野田市文化センター（駐車場）","千葉県野田市鶴奉5-1","35.956265","139.872973"
"野田市中央公民館","千葉県野田市鶴奉5-1","35.956561","139.873499"
"野田市立関宿中央小学校（体育館）","千葉県野田市東宝珠花234-1","36.025546","139.822671"
"野田市立関宿中央小学校（校舎）","千葉県野田市東宝珠花234-1","36.025001","139.823046"
"野田市立関宿中央小学校（校庭）","千葉県野田市東宝珠花234-1","36.024649","139.823467"
"野田市いちいのホール（建物）","千葉県野田市東宝珠花237-1","36.025847","139.820585"
"野田市いちいのホール（駐車場）","千葉県野田市東宝珠花237-1","36.025553","139.820822"
"野田市関宿中央公民館","千葉県野田市東宝珠花253-1","36.024862","139.821595"
"野田市関宿保健センター","千葉県野田市東宝珠花260-1","36.025758","139.822241"
"野田市立二ツ塚小学校（体育館）","千葉県野田市二ツ塚485-2","35.939305","139.911909"
"野田市立二ツ塚小学校（校舎）","千葉県野田市二ツ塚485-2","35.939403","139.910851"
"野田市立二ツ塚小学校（校庭）","千葉県野田市二ツ塚485-2","35.938934","139.91068"
"野田市立尾崎小学校（体育館）","千葉県野田市尾崎1415","35.990081","139.829524"
"野田市立尾崎小学校（校舎）","千葉県野田市尾崎1415","35.989641","139.829749"
"野田市立尾崎小学校（校庭）","千葉県野田市尾崎1415","35.989176","139.829771"
"学校法人千葉武陽学園西武台千葉高等学校（体育館）","千葉県野田市尾崎2241-2","35.991387","139.837496"
"学校法人千葉武陽学園西武台千葉高等学校（校舎）","千葉県野田市尾崎2241-2","35.991991","139.83737"
"学校法人千葉武陽学園西武台千葉高等学校（校庭）","千葉県野田市尾崎2241-2","35.991289","139.836209"
"野田市関宿総合公園（体育館）","千葉県野田市平井401","36.019095","139.824999"
"野田市関宿総合公園（園内）","千葉県野田市平井401","36.018115","139.824878"
"野田市木間ケ瀬公民館","千葉県野田市木間ケ瀬2935","36.019032","139.840669"
"野田市立木間ケ瀬保育所","千葉県野田市木間ケ瀬3152-1","36.019032","139.841615"
"野田市立関宿南部幼稚園（園庭）","千葉県野田市木間ケ瀬3197","36.021268","139.844305"
"野田市立木間ケ瀬中学校（体育館）","千葉県野田市木間ケ瀬3393-1","36.026105","139.845601"
"野田市立木間ケ瀬中学校（校舎）","千葉県野田市木間ケ瀬3393-1","36.025443","139.847242"
"野田市立木間ケ瀬中学校（校庭）","千葉県野田市木間ケ瀬3393-1","36.025655","139.84563"
"野田市立木間ケ瀬小学校（校庭）","千葉県野田市木間ケ瀬3640","36.021238","139.845835"
"野田市立木間ケ瀬小学校（体育館）","千葉県野田市木間ケ瀬3640","36.021604","139.8467"
"野田市立木間ケ瀬小学校（校舎）","千葉県野田市木間ケ瀬3640","36.021613","139.845475"
"千葉県立関宿高等学校（体育館）","千葉県野田市木間ケ瀬4376","36.013238","139.83901"
"千葉県立関宿高等学校（校庭）","千葉県野田市木間ケ瀬4376","36.013901","139.83847"
"千葉県立関宿高等学校（校舎）","千葉県野田市木間ケ瀬4376","36.012697","139.839159"
"飯塚白山神社","千葉県野田市木間ケ瀬475","36.032198","139.834059"
"野田市関宿複合センター（敷地）","千葉県野田市木間ケ瀬620","36.031843","139.822228"
"野田市関宿複合センター（建物）","千葉県野田市木間ケ瀬620","36.032103","139.822137"
"野田市立東部中学校（体育館）","千葉県野田市目吹1500","35.963444","139.884013"
"野田市立東部中学校（校舎）","千葉県野田市目吹1500","35.963629","139.884553"
"野田市立東部中学校（校庭）","千葉県野田市目吹1500","35.962927","139.884306"
"野田市立中央小学校（校庭）","千葉県野田市野田611","35.946225","139.863785"
"野田市立中央小学校（校舎）","千葉県野田市野田611","35.947007","139.864011"
"野田市立中央小学校（体育館）","千葉県野田市野田611","35.946725","139.864637"
"愛宕神社","千葉県野田市野田725","35.949438","139.861978"
"野田市立第一中学校（体育館）","千葉県野田市野田829-1","35.951292","139.868652"
"野田市立第一中学校（校舎）","千葉県野田市野田829-1","35.951454","139.867995"
"野田市立第一中学校（校庭）","千葉県野田市野田829-1","35.950974","139.867744"
"野田市立柳沢小学校（体育館）","千葉県野田市柳沢139","35.963386","139.868528"
"野田市立柳沢小学校（校舎）","千葉県野田市柳沢139","35.962777","139.868514"
"野田市立柳沢小学校（校庭）","千葉県野田市柳沢139","35.962117","139.867644"
"東葛飾教育事務所東葛飾研修所（建物）","千葉県野田市柳沢53","35.958737","139.870541"
"東葛飾教育事務所東葛飾研修所（駐車場）","千葉県野田市柳沢53","35.958381","139.870121"
"流山市上下水道局","千葉県流山市おおたかの森西1-19","35.872684","139.918105"
"流山市立おおたかの森小・中学校","千葉県流山市おおたかの森西2-13-1","35.867454","139.916777"
"流山市立小山小学校","千葉県流山市おおたかの森東2-5-3","35.875464","139.931835"
"大堀川水辺公園","千葉県流山市おおたかの森東3-9","35.872427","139.935285"
"西初石近隣公園","千葉県流山市おおたかの森南1-25-3","35.868756","139.924777"
"十太夫近隣公園","千葉県流山市おおたかの森北3-7-1","35.878974","139.927684"
"文化会館","千葉県流山市加1-16-2","35.860253","139.904712"
"流山市立流山北小学校","千葉県流山市加1-795-1","35.859313","139.904575"
"流山市立南部中学校","千葉県流山市加3-600-1","35.862187","139.911051"
"江戸川大学","千葉県流山市駒木474","35.876634","139.93869"
"流山市立八木中学校","千葉県流山市古間木210-2","35.85529","139.927983"
"流山市向小金福祉会館","千葉県流山市向小金2-192-2","35.834959","139.946665"
"流山市立向小金小学校","千葉県流山市向小金3-149-1","35.836354","139.951828"
"柏市立光ケ丘小学校","千葉県流山市向小金4-20-1","35.836246","139.955825"
"流山市立江戸川台小学校","千葉県流山市江戸川台東3-11","35.901217","139.912801"
"三輪野山近隣公園","千葉県流山市三輪野山2-292","35.863888","139.909381"
"流山市立市野谷小学校","千葉県流山市市野谷283","35.864098","139.915309"
"流山市立八木南小学校","千葉県流山市芝崎92","35.850749","139.924328"
"松ヶ丘ふるさと公園","千葉県流山市松ケ丘4-495-1","35.84944","139.946204"
"上新宿防災広場","千葉県流山市上新宿319-7","35.887204","139.909473"
"流山市立西初石小学校","千葉県流山市西初石4-347","35.87895","139.910559"
"初石公民館","千葉県流山市西初石4-381-2","35.879845","139.917513"
"流山市立西初石中学校","千葉県流山市西初石4-455-1","35.879798","139.911949"
"流山市立西深井小学校","千葉県流山市大字西深井67-1","35.906177","139.899948"
"千葉県立流山おおたかの森高等学校","千葉県流山市大字大畔275-5","35.876809","139.910941"
"流山市立新川小学校","千葉県流山市大字中野久木339","35.895779","139.899695"
"流山市立北部中学校","千葉県流山市大字中野久木577","35.896772","139.906541"
"千葉県立流山北高等学校","千葉県流山市大字中野久木7-1","35.895684","139.895526"
"運河水辺公園","千葉県流山市大字東深井368-1","35.915753","139.903638"
"流山市立東深井中学校","千葉県流山市大字東深井47","35.906291","139.905512"
"東深井地区公園","千葉県流山市大字東深井815","35.912912","139.918278"
"流山市立東深井小学校","千葉県流山市大字東深井879-2","35.908402","139.909323"
"流山市立南流山小学校","千葉県流山市大字木487","35.834644","139.89895"
"流山市立おおぐろの森小学校","千葉県流山市大畔316-1","35.873925","139.91397"
"流山市立おおぐろの森中学校","千葉県流山市大畔581","35.875081","139.913362"
"生涯学習センター","千葉県流山市中110","35.853553","139.91774"
"千葉県立流山高等学校","千葉県流山市東初石2-98","35.889908","139.918962"
"流山市立常盤松中学校","千葉県流山市東初石3-134","35.882405","139.922512"
"南流山児童センター","千葉県流山市南流山10-2-1","35.83381","139.901658"
"流山市立南流山第二小学校","千葉県流山市南流山10-2-3","35.834465","139.900931"
"南流山中央公園","千葉県流山市南流山3-14","35.838174","139.900371"
"流山市北部公民館","千葉県流山市美原1-158-2","35.897711","139.904449"
"流山市立八木北小学校","千葉県流山市美田208","35.884696","139.928661"
"流山市立南流山中学校","千葉県流山市鰭ケ崎1662-1","35.843739","139.917084"
"流山市立鰭ヶ崎小学校","千葉県流山市鰭ケ崎7-1","35.83937","139.90878"
"平和台２号公園","千葉県流山市平和台2-12","35.853496","139.904073"
"千葉県立特別支援学校流山高等学園第二キャンパス","千葉県流山市名都借140","35.849536","139.93757"
"東部近隣公園","千葉県流山市名都借240","35.846466","139.943328"
"東部公民館","千葉県流山市名都借756-4","35.842065","139.941365"
"流山市立東小学校","千葉県流山市名都借856","35.843008","139.94233"
"流山市立東部中学校","千葉県流山市名都借865","35.843715","139.93845"
"江戸川河川敷緑地","千葉県流山市木地先","35.830738","139.889937"
"流山市総合運動公園","千葉県流山市野々下1-40-1","35.856098","139.920106"
"流山市立長崎小学校","千葉県流山市野々下2-10-1","35.85964","139.936147"
"千葉県立特別支援学校流山高等学園","千葉県流山市野々下2-496-1","35.855388","139.933688"
"南流山児童センター","千葉県流山市流山2539-1","35.833776","139.901595"
"流山市立流山小学校","千葉県流山市流山4-359","35.852574","139.900298"
"千葉県立流山南高等学校","千葉県流山市流山9-800-1","35.8484","139.898672"