"施設名","所在地","緯度","経度"
"幸海小学校","愛知県　豊田市幸海町下御堂下切14-1","35.082823","137.231518"
"下萱津コミュニティ防災センター","愛知県あま市下萱津山伏8","35.18156","136.839418"
"美和文化会館西側駐車場","愛知県あま市花正地先1-1","35.20444","136.783579"
"美和文化会館","愛知県あま市花正地先1-1","35.204094","136.784491"
"美和保健センター","愛知県あま市花正中之割2","35.201291","136.784281"
"坂牧コミュニティ防災センター","愛知県あま市坂牧阿原25","35.182928","136.830237"
"七宝公民館","愛知県あま市七宝町安松小新田2337","35.171397","136.79679"
"伊福小学校","愛知県あま市七宝町伊福河原28","35.156634","136.793959"
"伊福小学校グラウンド","愛知県あま市七宝町伊福河原28","35.156015","136.79389"
"七宝総合体育館","愛知県あま市七宝町伊福宮東3-1","35.16063","136.797098"
"七宝総合体育館駐車場","愛知県あま市七宝町伊福宮東3-1","35.160428","136.798007"
"七宝焼アートヴィレッジ","愛知県あま市七宝町遠島十三割2000","35.183673","136.799226"
"七宝北中学校","愛知県あま市七宝町遠島十坪117","35.185641","136.799289"
"七宝北中学校グラウンド","愛知県あま市七宝町遠島十坪117","35.185343","136.798935"
"宝小学校","愛知県あま市七宝町遠島大切戸1296","35.183006","136.806584"
"宝小学校グラウンド","愛知県あま市七宝町遠島大切戸1296","35.182668","136.807314"
"七宝小学校グラウンド","愛知県あま市七宝町桂角田1777","35.170543","136.797703"
"七宝小学校","愛知県あま市七宝町桂角田1777","35.171121","136.797693"
"七宝保健センター","愛知県あま市七宝町桂弥勒28","35.164963","136.795808"
"七宝グラウンド","愛知県あま市七宝町桂弥勒28","35.164569","136.795506"
"秋竹小学校","愛知県あま市七宝町秋竹中道358","35.17585","136.803649"
"秋竹小学校グラウンド","愛知県あま市七宝町秋竹中道358","35.175442","136.803452"
"七宝中学校グラウンド","愛知県あま市七宝町川部山王4","35.170994","136.79539"
"七宝中学校","愛知県あま市七宝町川部山王4","35.171284","136.795384"
"七宝鷹居グラウンド","愛知県あま市七宝町鷹居5-2","35.159885","136.787434"
"篠田防災コミュニティセンター","愛知県あま市篠田3-51","35.187058","136.777549"
"篠田小学校","愛知県あま市篠田十王堂59","35.186903","136.781549"
"篠田小学校グラウンド","愛知県あま市篠田十王堂59","35.186657","136.781554"
"上萱津コミュニティ防災センター","愛知県あま市上萱津上野87","35.192136","136.839391"
"上萱津コミュニティ防災センター南公用地","愛知県あま市上萱津上野87","35.191842","136.839439"
"甚目寺西小学校グラウンド","愛知県あま市新居屋三反通11","35.197792","136.815303"
"甚目寺西小学校","愛知県あま市新居屋三反通11","35.198081","136.815319"
"甚目寺西児童館（新居屋憩の家）","愛知県あま市新居屋東高田58","35.197698","136.811653"
"甚目寺北児童館（森憩の家）","愛知県あま市森2-6-2","35.209451","136.813591"
"森グラウンド","愛知県あま市森2-6-4","35.209089","136.814191"
"森ケ丘公園","愛知県あま市森4-6","35.210412","136.810723"
"甚目寺小学校","愛知県あま市甚目寺寺西40","35.195272","136.821596"
"甚目寺小学校グラウンド","愛知県あま市甚目寺寺西40","35.195","136.82158"
"甚目寺南防災センター","愛知県あま市甚目寺須原20","35.188775","136.81869"
"甚目寺会館","愛知県あま市甚目寺東大門8","35.193397","136.823418"
"甚目寺公民館","愛知県あま市甚目寺二伴田65","35.200027","136.822249"
"甚目寺中学校","愛知県あま市甚目寺二伴田76","35.199944","136.820453"
"甚目寺中学校グラウンド","愛知県あま市甚目寺二伴田76","35.199581","136.820372"
"県立五条高校","愛知県あま市西今宿阿弥陀寺56","35.203718","136.824402"
"甚目寺総合福祉会館","愛知県あま市西今宿馬洗46","35.200302","136.826771"
"甚目寺総合体育館","愛知県あま市西今宿馬洗56","35.199064","136.827018"
"甚目寺老人福祉センター","愛知県あま市西今宿平割二25","35.203009","136.834251"
"人権ふれあいセンター","愛知県あま市西今宿平割二32","35.203645","136.833732"
"甚目寺東小学校","愛知県あま市西今宿六反割60-1","35.202684","136.824719"
"甚目寺東小学校グラウンド","愛知県あま市西今宿六反割60-1","35.20243","136.824735"
"甚目寺南小学校","愛知県あま市中萱津西ノ川40","35.188258","136.83079"
"甚目寺南小学校グラウンド","愛知県あま市中萱津西ノ川40","35.18801","136.830813"
"コミュニティプラザ萱津","愛知県あま市中萱津法慶寺24","35.188446","136.843528"
"美和グラウンド","愛知県あま市東溝口3-101","35.205444","136.78494"
"正則小学校グラウンド","愛知県あま市二ツ寺三本松46","35.206198","136.798954"
"正則小学校","愛知県あま市二ツ寺三本松46","35.206435","136.798783"
"二ツ寺親水公園","愛知県あま市二ツ寺西高須賀1","35.210518","136.792447"
"蜂須賀グラウンド","愛知県あま市蜂須賀八幡前18","35.206338","136.771211"
"甚目寺南児童館（本郷憩の家）","愛知県あま市本郷柿ノ木92","35.18602","136.828329"
"甚目寺南中学校","愛知県あま市本郷八尻6","35.189429","136.828567"
"甚目寺南中学校グラウンド","愛知県あま市本郷八尻6","35.1891","136.828604"
"美和東小学校グラウンド","愛知県あま市木折寺田1-3","35.190684","136.796724"
"美和東小学校","愛知県あま市木折寺田1-3","35.190991","136.796729"
"美和児童館","愛知県あま市木田五反田124-1","35.190413","136.787757"
"美和小学校グラウンド","愛知県あま市木田小島55","35.197552","136.782126"
"美和小学校","愛知県あま市木田小島55","35.19778","136.782292"
"美和中学校","愛知県あま市木田丁子ノ口1","35.197894","136.788447"
"美和中学校グラウンド","愛知県あま市木田丁子ノ口1","35.197613","136.788367"
"美和情報ふれあいセンター","愛知県あま市木田丁子ノ口6-1","35.197943","136.786999"
"名古屋刑務所","愛知県みよし市ひばりケ丘1-1","35.118118","137.117275"
"おかよし交流センター","愛知県みよし市ひばりケ丘2-1-1","35.118137","137.114312"
"ひばりヶ丘集会所（ひばりヶ丘ふれあいセンター）","愛知県みよし市ひばりケ丘2-6-12","35.116792","137.115188"
"三好下老人憩いの家","愛知県みよし市園原2-1-1","35.08339","137.068059"
"三好下公民館","愛知県みよし市園原2-1-2","35.083743","137.068529"
"黒笹小学校","愛知県みよし市黒笹町丸根1241-5","35.129923","137.096538"
"黒笹老人憩いの家","愛知県みよし市黒笹町寺山967-2","35.126791","137.092998"
"黒笹公民館","愛知県みよし市黒笹町縄手上522-1","35.126368","137.091264"
"北部小学校","愛知県みよし市根浦町3-9-47","35.109365","137.096339"
"三好丘中学校","愛知県みよし市三好丘2-14-10","35.126677","137.117472"
"三好丘小学校","愛知県みよし市三好丘7-1","35.119886","137.112151"
"三好丘集会所","愛知県みよし市三好丘7-11-1","35.120005","137.114509"
"三好丘旭集会所","愛知県みよし市三好丘旭2-14-2","35.123955","137.121276"
"北中学校","愛知県みよし市三好丘桜1-1-1","35.11278","137.108045"
"三好丘桜集会所","愛知県みよし市三好丘桜3-4-5","35.113764","137.110809"
"みどり保育園","愛知県みよし市三好丘桜4-11-1","35.114531","137.116805"
"緑丘小学校","愛知県みよし市三好丘緑1-1-1","35.110993","137.116595"
"三好丘緑集会所","愛知県みよし市三好丘緑3-8-22","35.10961","137.114981"
"高嶺公民館","愛知県みよし市三好丘緑4-11-5","35.108631","137.11681"
"なかよし保育園","愛知県みよし市三好町ニの沢8-2","35.080865","137.054003"
"中部小学校","愛知県みよし市三好町宮ノ越31","35.085911","137.073528"
"中部老人憩いの家","愛知県みよし市三好町宮ノ越31-1","35.085642","137.072588"
"三好中学校","愛知県みよし市三好町宮ノ越42","35.086484","137.071098"
"三好上児童館","愛知県みよし市三好町上103","35.088341","137.070525"
"上ヶ池集会所（上ヶ池会館サンフレンド）","愛知県みよし市三好町上ケ池26-19","35.079989","137.082309"
"福祉センター","愛知県みよし市三好町陣取山39-5","35.087622","137.075096"
"カネヨシプレイス","愛知県みよし市三好町大慈山1-1","35.081667","137.080412"
"三好上公民館","愛知県みよし市三好町大坪12","35.091596","137.071442"
"わかば保育園","愛知県みよし市三好町大坪54","35.09244","137.072091"
"三好公園総合体育館","愛知県みよし市三好町池の原1","35.091336","137.088818"
"新屋老人憩いの家","愛知県みよし市三好町池ノ原1-21","35.09274","137.085679"
"新屋児童館","愛知県みよし市三好町池ノ原1-21","35.092357","137.085731"
"中島住宅集会所","愛知県みよし市三好町中島26","35.091256","137.074948"
"天王小学校","愛知県みよし市三好町天王51","35.089944","137.085719"
"天王保育園","愛知県みよし市三好町天王51-20","35.089993","137.084919"
"県立三好高校","愛知県みよし市三好町東山110-1","35.083295","137.087215"
"東山住宅集会所","愛知県みよし市三好町東山4-43","35.089015","137.080114"
"東山老人憩いの家","愛知県みよし市三好町東山45-1","35.091896","137.099935"
"すみれ保育園","愛知県みよし市三好町八和田108","35.08691","137.068781"
"三好下児童館","愛知県みよし市三好町八和田50-2","35.085173","137.067562"
"三吉小学校","愛知県みよし市三好町半野木1-27","35.081495","137.0632"
"平池集会所（平池会館サンピース）","愛知県みよし市三好町平池7-49","35.096718","137.072938"
"蜂ヶ池児童館","愛知県みよし市三好町蜂ケ池29-12","35.084493","137.078998"
"東山児童館","愛知県みよし市三好町弥栄31-3","35.0844","137.082646"
"西一色老人憩いの家","愛知県みよし市西一色町〆林14","35.086874","137.058847"
"西一色集会所（西一色ふれあい会館）","愛知県みよし市西一色町池の内17","35.087584","137.058742"
"西一色児童館","愛知県みよし市西一色町池ノ内17","35.087114","137.058635"
"子育て総合支援センター","愛知県みよし市西陣取山130","35.087468","137.07649"
"南部地区コミュニティ広場","愛知県みよし市打越町九蔵釜1","35.0708","137.091332"
"みなよし交流センター","愛知県みよし市打越町九蔵釜74","35.069652","137.090549"
"打越保育園","愛知県みよし市打越町畦違311","35.078853","137.093266"
"南中学校","愛知県みよし市打越町三百目3","35.076591","137.08969"
"山伏住宅集会所","愛知県みよし市打越町山伏33-1","35.075476","137.093965"
"高嶺児童館","愛知県みよし市打越町新池浦63-1","35.094198","137.109891"
"打越老人憩いの家","愛知県みよし市打越町前田18","35.07393","137.097411"
"打越児童館","愛知県みよし市打越町前田27-1","35.073584","137.097542"
"打越公民館","愛知県みよし市打越町前田30","35.073915","137.097584"
"福谷住宅集会所","愛知県みよし市福谷町阿弥陀堂7","35.11397","137.106522"
"三好丘あおばふれあいセンター","愛知県みよし市福谷町広久伝179-1","35.128899","137.107172"
"城山保育園","愛知県みよし市福谷町市場62","35.113687","137.100215"
"福谷区民会館","愛知県みよし市福谷町寺ノ前22","35.113695","137.103568"
"黒笹保育園","愛知県みよし市福谷町西大山1-31","35.126459","137.098056"
"福谷老人憩いの家","愛知県みよし市福谷町蔵屋敷1","35.114405","137.101944"
"福谷児童館","愛知県みよし市福谷町仲田21-3","35.114315","137.105525"
"福田児童館","愛知県みよし市福田町東屋敷84","35.072023","137.050865"
"福田老人憩いの家","愛知県みよし市福田町東屋敷91-1","35.072286","137.051037"
"明知下老人憩いの家","愛知県みよし市明知町下屋敷16-3","35.060708","137.079541"
"明知下児童館","愛知県みよし市明知町下屋敷17","35.060744","137.079193"
"明知下公民館","愛知県みよし市明知町下屋敷6-1","35.06106","137.078469"
"明知保育園","愛知県みよし市明知町細口浦1-4","35.064695","137.084219"
"南部小学校","愛知県みよし市明知町上細口27","35.07018","137.089149"
"明知上児童館","愛知県みよし市明知町東谷10","35.070961","137.081715"
"明知上老人憩いの家","愛知県みよし市明知町東谷30","35.071229","137.082812"
"明知上公民館","愛知県みよし市明知町東谷61","35.071312","137.081527"
"東山集会所（サンヴィッツ宝栄）","愛知県みよし市明知町宝栄108-4","35.080375","137.088111"
"莇生公民館","愛知県みよし市莇生町小金下2-1","35.101994","137.100545"
"莇生児童館","愛知県みよし市莇生町小金下2-1","35.101379","137.099863"
"莇生老人憩いの家","愛知県みよし市莇生町小金下3-1","35.101895","137.100377"
"莇生保育園","愛知県みよし市莇生町仲田48-1","35.101814","137.098254"
"いたちだ公園","愛知県阿久比町宮津1-44","34.929472","136.926778"
"さるこ公園","愛知県阿久比町宮津4-90","34.932982","136.925588"
"阿久比駅前公園","愛知県阿久比町大字阿久比字駅前1-25","34.930434","136.918373"
"南風公園","愛知県阿久比町大字卯坂字猿田55-13","34.938149","136.924482"
"坂部駅西公園","愛知県阿久比町大字卯坂字坂部46","34.941247","136.916452"
"卯之山公園","愛知県阿久比町大字卯坂字秋葉山15","34.936522","136.911181"
"焼山公園","愛知県阿久比町大字卯坂字焼山47-82","34.945018","136.912546"
"阿久比スポーツ村","愛知県阿久比町大字卯坂字浅間裏3-2","34.941042","136.907919"
"芝生広場","愛知県阿久比町大字卯坂字殿越50","34.932618","136.915487"
"富士塚公園","愛知県阿久比町大字卯坂字富士塚96","34.934286","136.923151"
"英比小学校グランド","愛知県阿久比町大字卯坂字北大平7","34.943028","136.919115"
"宮津公園","愛知県阿久比町大字宮津字宮上ノ山18-3","34.927663","136.929186"
"東部小学校グランド","愛知県阿久比町大字宮津字宮平柴15","34.923533","136.92759"
"山田中央公園","愛知県阿久比町大字宮津字山田1-27","34.934941","136.929354"
"山田東公園","愛知県阿久比町大字宮津字山田81-2","34.935498","136.93176"
"宮津団地中央公園","愛知県阿久比町大字宮津字新海山1‐14","34.935262","136.924252"
"植公園","愛知県阿久比町大字植大字森後1","34.914583","136.914159"
"南部小学校グランド","愛知県阿久比町大字植大字北後24","34.9183","136.918059"
"福池公園","愛知県阿久比町大字草木字栄57","34.947629","136.897119"
"中島公園","愛知県阿久比町大字草木字中郷76","34.949599","136.894308"
"草木小学校グランド","愛知県阿久比町大字草木字中郷77","34.948706","136.894666"
"東原公園","愛知県阿久比町大字草木字峰東64","34.946297","136.903701"
"柏原公園","愛知県阿久比町大字草木字末広21","34.946186","136.900609"
"草木グランド","愛知県阿久比町大字草木字蓮池130","34.955213","136.898497"
"白沢グランド","愛知県阿久比町大字白沢字大池1-3","34.955243","136.919769"
"白沢台中央公園","愛知県阿久比町大字白沢字表山5-36","34.9508","136.920065"
"福住園高台東公園","愛知県阿久比町大字板山字西ノ海道山22-52","34.943237","136.926386"
"板山グランド","愛知県阿久比町大字板山字川向108-1","34.948296","136.931069"
"高根台西公園","愛知県阿久比町大字福住字高根台145-1","34.954179","136.924564"
"高根台中央公園","愛知県阿久比町大字福住字高根台68","34.955837","136.924108"
"丸山公園","愛知県阿久比町大字椋岡字丸山1-1","34.92607","136.917122"
"矢口公園","愛知県阿久比町大字矢高字仲組53-1","34.925971","136.913192"
"陽なたの丘中央公園","愛知県阿久比町陽なたの丘2-9","34.936864","136.932071"
"陽なたの丘南公園","愛知県阿久比町陽なたの丘3-4","34.936079","136.928991"
"陽なたの丘東公園","愛知県阿久比町陽なたの丘7-10","34.936425","136.936712"
"文化会館（２階以上）","愛知県愛西市稲葉町米野303","35.152281","136.728553"
"永和地区防災コミュニティセンター（２階以上）","愛知県愛西市鰯江町郷裏147","35.12847","136.762401"
"開治小学校（運動場）","愛知県愛西市鵜多須町中道248","35.221995","136.708111"
"開治小学校（体育館）","愛知県愛西市鵜多須町中道248","35.222914","136.707967"
"開治小学校（校舎）","愛知県愛西市鵜多須町中道248","35.222581","136.707969"
"木曽川高畑地区河川防災ステー　ション（屋外）","愛知県愛西市給父町北部13","35.227431","136.685253"
"佐屋総合運動場","愛知県愛西市金棒町東20-1","35.152634","136.748538"
"八開総合福祉センター（洪水は２階以上）","愛知県愛西市江西町宮西38","35.219301","136.692888"
"八開中学校（体育館、卓球室）","愛知県愛西市江西町川原11","35.219966","136.700349"
"八開中学校（運動場）","愛知県愛西市江西町川原11","35.218739","136.699287"
"八開中学校（校舎）","愛知県愛西市江西町川原11","35.219969","136.699377"
"あいち海部農業協同組合　八開支店（２階）","愛知県愛西市江西町川原8","35.220874","136.699334"
"八開地区コミュニティセンター","愛知県愛西市江西町大縄場155-1","35.219159","136.697167"
"立田南部小学校（運動場）","愛知県愛西市山路町小割7","35.152054","136.696594"
"立田南部小学校（校舎）（２階以上）","愛知県愛西市山路町小割7","35.152444","136.696382"
"愛西ガーデン（津波は２階以上）","愛知県愛西市山路町野方149-130","35.153685","136.708168"
"藤浪地域防災コミュニティセンター（洪水は２階以上）","愛知県愛西市持中町郷前29","35.185284","136.741247"
"学校法人平山学園　清林館高校（校舎）","愛知県愛西市持中町八町88","35.182815","136.739805"
"学校法人平山学園　清林館高校（運動場）","愛知県愛西市持中町八町88","35.182252","136.739744"
"学校法人平山学園　清林館高校（体育館）","愛知県愛西市持中町八町88","35.183129","136.740241"
"勝幡地域防災コミュニティセンター（洪水は２階以上）","愛知県愛西市勝幡町駅東26-1","35.198505","136.753221"
"勝幡小学校（体育館）","愛知県愛西市勝幡町五俵入2227","35.196447","136.751056"
"勝幡小学校（運動場）","愛知県愛西市勝幡町五俵入2227","35.196004","136.750324"
"勝幡小学校（校舎）（洪水は２階以上）","愛知県愛西市勝幡町五俵入2227","35.196381","136.750214"
"佐織総合福祉センター（洪水は２階以上）","愛知県愛西市小津町観音堂27","35.192846","136.743174"
"立田体育館（２階以上）","愛知県愛西市小茂井町松下5","35.169195","136.693482"
"立田北部小学校（校舎）（２階以上）","愛知県愛西市新右エ門新田町郷前83","35.181658","136.695473"
"立田北部小学校（運動場）","愛知県愛西市新右エ門新田町郷前83","35.181361","136.696052"
"立田南部地区防災コミュニティセンター（津波は２階以上）","愛知県愛西市森川町村仲46-1","35.144438","136.699392"
"佐織公民館（洪水は２階以上）","愛知県愛西市諏訪町郷西456-1","35.19257","136.738566"
"あいち海部農業協同組合　佐織支店（２階）","愛知県愛西市諏訪町郷西495-1","35.193031","136.737665"
"佐織中学校（運動場）","愛知県愛西市諏訪町郷東167","35.191436","136.741194"
"佐織中学校（校舎）（洪水は２階以上）","愛知県愛西市諏訪町郷東167","35.19197","136.74198"
"佐織中学校（体育館）","愛知県愛西市諏訪町郷東167","35.192396","136.743101"
"佐織体育館（洪水は２階以上）","愛知県愛西市諏訪町郷東75","35.192636","136.742382"
"ヨシヅヤ佐屋店（屋上駐車場）","愛知県愛西市須依町前田面95-1","35.150949","136.717929"
"佐屋小学校（校舎）（２階以上）","愛知県愛西市須依町東田面17","35.154804","136.727155"
"佐屋小学校（運動場）","愛知県愛西市須依町東田面17","35.15408","136.727214"
"佐屋中学校（武道場）（２階以上）","愛知県愛西市須依町東田面2","35.154563","136.726586"
"佐屋中学校（運動場）","愛知県愛西市須依町東田面2","35.154006","136.725841"
"佐屋中学校（校舎）（２階以上）","愛知県愛西市須依町東田面2","35.154435","136.725935"
"中央図書館（２階以上）","愛知県愛西市須依町東田面6","35.153225","136.726316"
"株式会社名古屋光商事","愛知県愛西市雀ケ森町開田27","35.163442","136.711314"
"西川端小学校（校舎）（洪水は２階以上）","愛知県愛西市西川端町寺東15","35.214735","136.719899"
"西川端小学校（運動場）","愛知県愛西市西川端町寺東15","35.214243","136.719913"
"西川端小学校（体育館）","愛知県愛西市西川端町寺東15","35.214363","136.719191"
"鴻池運輸株式会社　愛西配送センター（事務所２階休息室等）","愛知県愛西市西保町寄之内6-1","35.137089","136.715135"
"メドライン・ロジスティクス・ジャパン　合同会社　愛西物流センター（２階）","愛知県愛西市西保町鳥居先34-1","35.138626","136.714216"
"西保地区防災コミュニティセンター","愛知県愛西市西保町北川原23-13","35.139144","136.707492"
"あいち海部農業協同組合　立田支店（２階）","愛知県愛西市石田町宮前2-1","35.169836","136.694657"
"立田中学校（体育館、武道場）（２階以上）","愛知県愛西市石田町宮東1","35.172706","136.693885"
"立田中学校（運動場）","愛知県愛西市石田町宮東1","35.171565","136.694432"
"立田中学校（校舎）（２階以上）","愛知県愛西市石田町宮東1","35.172334","136.694445"
"布目電機株式会社　佐織第３工場　（屋上）","愛知県愛西市千引町郷浦104","35.190616","136.758128"
"株式会社テクノ豊栄（３階）","愛知県愛西市千引町郷前73","35.188511","136.756807"
"永和中学校（校舎）（２階以上）","愛知県愛西市善太新田町七草平111-1","35.13282","136.757945"
"永和中学校（運動場）","愛知県愛西市善太新田町七草平111-1","35.132099","136.75733"
"ひまわり会館（２階以上）","愛知県愛西市善太新田町十割下1-4","35.119868","136.758107"
"立田総合運動場（屋外）","愛知県愛西市早尾町草場68","35.192751","136.693667"
"立田北部地区防災コミュニティセンター","愛知県愛西市早尾町野薮11-1","35.188986","136.700121"
"佐織西中学校（運動場）","愛知県愛西市草平町阿原86","35.205363","136.718931"
"佐織西中学校（体育館）","愛知県愛西市草平町阿原86","35.205835","136.719898"
"佐織西中学校（校舎）（洪水は２階以上）","愛知県愛西市草平町阿原86","35.206002","136.718959"
"草平地域防災コミュニティセンター","愛知県愛西市草平町草場77","35.198054","136.717197"
"草平小学校（運動場）","愛知県愛西市草平町北田名57","35.199945","136.717708"
"草平小学校（体育館）","愛知県愛西市草平町北田名57","35.20024","136.717157"
"草平小学校（校舎）（洪水は２階以上）","愛知県愛西市草平町北田名57","35.199661","136.717388"
"佐屋老人福祉センター（２階以上）","愛知県愛西市大井町浦田面297","35.14545","136.749782"
"あいち海部農業協同組合　永和支店（２階）","愛知県愛西市大井町七川北72-1","35.136549","136.754017"
"永和地区公民館（２階以上）","愛知県愛西市大井町前田面215","35.137448","136.75516"
"永和小学校（運動場）","愛知県愛西市大井町弥八115","35.132376","136.75976"
"永和小学校（校舎）（２階以上）","愛知県愛西市大井町弥八115","35.133402","136.759897"
"永和保育園（２階以上）","愛知県愛西市大野町未28","35.127712","136.763562"
"株式会社フジテックス（作業所２階、３階）","愛知県愛西市大野町未39","35.128833","136.764021"
"佐織総合運動場（屋外）","愛知県愛西市鷹場町孫田1-1","35.203478","136.707802"
"町方地域防災コミュニティセンター","愛知県愛西市町方町南堤外72-3","35.191595","136.730524"
"日本通運株式会社　愛西ロジスティクス事業所（事務棟４階会議室）","愛知県愛西市東保町昭和20","35.137528","136.717919"
"佐屋高校（校舎）（２階以上）","愛知県愛西市東條町高田39","35.137228","136.731623"
"佐屋高校（運動場）","愛知県愛西市東條町高田39","35.136776","136.73157"
"市江地区コミュニティセンター（２階以上）","愛知県愛西市東條町西田面11-1","35.139597","136.727722"
"市江小学校（運動場）","愛知県愛西市東條町西田面77","35.136649","136.726152"
"市江小学校（校舎）（２階以上）","愛知県愛西市東條町西田面77","35.137151","136.726062"
"佐屋西小学校（体育館）","愛知県愛西市内佐屋町河原136","35.155863","136.715697"
"佐屋西小学校（運動場）","愛知県愛西市内佐屋町河原136","35.15519","136.716174"
"佐屋西小学校（校舎）（津波は２階以上）","愛知県愛西市内佐屋町河原136","35.155609","136.716422"
"旧佐屋北保育園（２階以上）","愛知県愛西市日置町上川田131","35.16124","136.729567"
"佐屋中央保育園（２階以上）","愛知県愛西市北一色町昭和113","35.150533","136.726122"
"垣見鉄工株式会社（倉庫２階食堂等）","愛知県愛西市北一色町東田面90","35.146766","136.731065"
"北河田小学校（校舎）","愛知県愛西市北河田町郷前406","35.187915","136.743171"
"北河田小学校（体育館）","愛知県愛西市北河田町郷前406","35.187898","136.742619"
"北河田小学校（運動場）","愛知県愛西市北河田町郷前406","35.187495","136.743119"
"佐川急便株式会社　佐屋営業所（２階以上）","愛知県愛西市本部田町鴨田58-1","35.132583","136.740565"
"あいち海部農業協同組合　市江支店（２階）","愛知県愛西市本部田町宮ノ切252-1","35.132102","136.735107"
"あいち海部農業協同組合　佐屋支店（２階）","愛知県愛西市柚木町東田面822","35.162531","136.727887"
"親水公園総合体育館","愛知県愛西市落合町上通21","35.147702","136.739246"
"八輪小学校（校舎）（洪水は２階以上）","愛知県愛西市立石町宮西39","35.215673","136.690849"
"八輪小学校（体育館）","愛知県愛西市立石町宮西39","35.215979","136.690393"
"八輪小学校（運動場）","愛知県愛西市立石町宮西39","35.215273","136.690784"
"船頭平閘門管理所及び周辺施設（屋外等）","愛知県愛西市立田町十六石山","35.132356","136.681106"
"旧農村環境改善センター（駐車場）","愛知県愛西市立田町福原3","35.144308","136.674648"
"愛西工科高校（運動場）","愛知県愛西市渕高町蔭島1","35.216925","136.723727"
"愛西工科高校（校舎）（洪水は２階以上）","愛知県愛西市渕高町蔭島1","35.21845","136.723893"
"愛西工科高校（体育館、武道場）（洪水は２階以上）","愛知県愛西市渕高町蔭島1","35.218301","136.724719"
"川渕地域防災コミュニティセンター（洪水は２階以上）","愛知県愛西市渕高町権左38-2","35.214645","136.725276"
"昭林公園","愛知県安城市安城町広美1-1","34.946319","137.075569"
"昭林公民館","愛知県安城市安城町広美10-1","34.945508","137.076409"
"祥南小学校","愛知県安城市安城町庚申11","34.938804","137.085328"
"南部保育園","愛知県安城市安城町小圦22-1","34.943554","137.094687"
"安祥公民館","愛知県安城市安城町城堀30","34.94628","137.098297"
"安城南部小学校","愛知県安城市安城町城堀48","34.94523","137.095507"
"安祥福祉センター","愛知県安城市安城町多門96","34.943285","137.092779"
"安祥中学校","愛知県安城市安城町天草23","34.942623","137.088849"
"明専公園","愛知県安城市井杭山町高見1-1","34.973707","137.059621"
"榎前農村公園","愛知県安城市榎前町北榎10-1","34.93292","137.037887"
"えのきこども園","愛知県安城市榎前町北榎5-1","34.934089","137.03818"
"横山公園","愛知県安城市横山町浜畔上110","34.955626","137.076898"
"花ノ木公園","愛知県安城市花ノ木町66-18","34.95811","137.082508"
"志貴小学校","愛知県安城市柿碕町御用地45","34.979912","137.116021"
"錦公園","愛知県安城市錦町123","34.952633","137.084455"
"錦町小学校","愛知県安城市錦町9-39","34.952673","137.0833"
"三ツ塚公園","愛知県安城市古井町三ツ塚12-1","34.93507","137.092596"
"ゆたか保育園","愛知県安城市古井町豊日25","34.935632","137.094559"
"御幸公園","愛知県安城市御幸本町504-3","34.95865","137.083366"
"高棚こども園","愛知県安城市高棚町郷181","34.94206","137.023699"
"高棚宮西公園","愛知県安城市高棚町中敷173-2","34.943","137.020006"
"高棚小学校","愛知県安城市高棚町蛭田44","34.944443","137.027535"
"前之池公園","愛知県安城市今池町1-8","34.98494","137.086225"
"今池小学校","愛知県安城市今池町2-1-52","34.982284","137.086264"
"仲畔公園","愛知県安城市今本町4-3-14","34.993266","137.080239"
"代官公園","愛知県安城市今本町4-9-15","34.994222","137.078192"
"塔ノ下公園","愛知県安城市今本町8-2-8","34.994047","137.085037"
"あけぼの保育園","愛知県安城市今本町8-9-8","34.993646","137.087681"
"安城北部小学校","愛知県安城市今本町8-9-9","34.993024","137.087031"
"桜井保育園","愛知県安城市桜井町宮下14","34.926123","137.097307"
"とうみづか公園","愛知県安城市桜井町桜西1-11-4","34.91585","137.087149"
"桜井福祉センター","愛知県安城市桜井町桜西1-2-6","34.918847","137.086728"
"さくら保育園","愛知県安城市桜井町桜西1-2-6","34.918288","137.086894"
"桜井駅前公園","愛知県安城市桜井町桜西1-3-1","34.918782","137.087926"
"桜西公園","愛知県安城市桜井町桜西2-10-1","34.916283","137.083398"
"城山公園","愛知県安城市桜井町城阿原59","34.920902","137.092819"
"城向のびのび公園","愛知県安城市桜井町城向1-10-7","34.919023","137.091123"
"ふれあい城西公園","愛知県安城市桜井町城向2-8-1","34.921529","137.087666"
"桜井駅西公園","愛知県安城市桜井町城向3-9-1","34.920007","137.085044"
"桜井公民館","愛知県安城市桜井町大役田1-1","34.915775","137.089458"
"桜林小学校","愛知県安城市桜井町中狭間35-1","34.922913","137.096763"
"安城南高等学校","愛知県安城市桜井町門原1","34.920063","137.074976"
"桜町小学校","愛知県安城市桜町15-5","34.960219","137.080083"
"文化センター","愛知県安城市桜町17-11","34.959388","137.081093"
"安城公園・安城市役所","愛知県安城市桜町289-1","34.958854","137.079284"
"正福田公園","愛知県安城市三河安城町1-13-1","34.968658","137.064535"
"神楽山公園","愛知県安城市三河安城町2-5-1","34.971695","137.062327"
"すりばち公園","愛知県安城市三河安城東町1-14-1","34.963318","137.067431"
"箕畔公園","愛知県安城市三河安城東町1-2-1","34.965394","137.06442"
"管池公園","愛知県安城市三河安城東町1-21-1","34.964305","137.070303"
"三河東町公園","愛知県安城市三河安城東町2-9-1","34.967131","137.068336"
"三河安城ツインパーク","愛知県安城市三河安城南町1-2-1","34.96594","137.060939"
"二本木公民館","愛知県安城市三河安城本町1-13-9","34.972259","137.055978"
"長根公園","愛知県安城市三河安城本町1-35-1","34.969611","137.058391"
"舞山公園","愛知県安城市三河安城本町2-12-1","34.96709","137.056072"
"三ツ川こども園","愛知県安城市寺領町願明85","34.897101","137.086191"
"篠目公園","愛知県安城市篠目町1-9","34.977166","137.070808"
"段留公園","愛知県安城市篠目町3-1-8","34.980293","137.073013"
"新段留公園","愛知県安城市篠目町4-16","34.980725","137.074785"
"作野小学校","愛知県安城市篠目町4-22-1","34.981378","137.076025"
"作野公園","愛知県安城市篠目町4-22-20","34.982115","137.076676"
"さくのこども園","愛知県安城市篠目町4-22-21","34.98146","137.077188"
"作野保育園","愛知県安城市篠目町4-7-1","34.979622","137.073661"
"作野公民館","愛知県安城市篠目町古林畔26","34.978368","137.077687"
"梨の里小学校","愛知県安城市篠目町溝川38","34.974642","137.065554"
"のぞみ公園","愛知県安城市篠目町童子208-1","34.971305","137.066625"
"作野福祉センター","愛知県安城市篠目町二タ又27-1","34.981731","137.06852"
"篠目中学校","愛知県安城市篠目町竜田151","34.982538","137.066476"
"大西公園","愛知県安城市住吉町1-5","34.98945","137.07907"
"唐池公園","愛知県安城市住吉町5-32-2","34.990158","137.075061"
"横枕公園","愛知県安城市住吉町5-9-4","34.988182","137.072797"
"住吉公園","愛知県安城市住吉町6-7-8","34.987507","137.077925"
"大丸山公園","愛知県安城市住吉町7-83-1","34.986683","137.075191"
"荒曽根公園","愛知県安城市住吉町小根32-1","34.978677","137.080205"
"金政公園","愛知県安城市小川町金政608-1","34.909991","137.086162"
"小川保育園","愛知県安城市小川町志茂188","34.907148","137.092053"
"桜井小学校","愛知県安城市小川町清水道6-1","34.907584","137.086641"
"桜井中学校","愛知県安城市小川町的場丘1-1","34.912438","137.089569"
"本城公園","愛知県安城市小川町的場丘13","34.910002","137.091171"
"的場公園","愛知県安城市小川町的場丘8","34.91167","137.091112"
"桜井中央公園","愛知県安城市小川町堂開道1-1","34.912845","137.093005"
"大福公園","愛知県安城市小川町福地267","34.908155","137.104641"
"小堤公園","愛知県安城市小堤町245","34.954263","137.081192"
"昭和公園","愛知県安城市昭和町822","34.963496","137.089242"
"城ケ入こども園","愛知県安城市城ヶ入町丸根3","34.904666","137.049729"
"細田公園","愛知県安城市城南町1-14-1","34.951637","137.078591"
"安城南中学校","愛知県安城市城南町2-7-2","34.948054","137.077211"
"新田保育園","愛知県安城市新田町郷西99","34.962505","137.093705"
"安城北中学校","愛知県安城市新田町小山西18","34.970079","137.087969"
"中部公民館","愛知県安城市新田町小山西83","34.971804","137.086812"
"新田小学校","愛知県安城市新田町新栄100","34.968169","137.094459"
"中部福祉センター","愛知県安城市新田町新栄84-1","34.970353","137.092305"
"安城市体育館","愛知県安城市新田町新定山41-8","34.971861","137.090056"
"安城市総合運動公園","愛知県安城市新田町池田上1","34.972759","137.088743"
"青少年の家","愛知県安城市新田町池田上1","34.973826","137.088325"
"新田公園","愛知県安城市新明町21-1","34.959834","137.096301"
"赤松保育園","愛知県安城市赤松町隅田川55","34.937947","137.069468"
"赤松農村公園","愛知県安城市赤松町前川70-1","34.93968","137.065279"
"安城高等学校","愛知県安城市赤松町大北103","34.946735","137.069996"
"総合福祉センター","愛知県安城市赤松町大北78-1","34.945829","137.072361"
"川島七反避難場所","愛知県安城市川島町七反9","34.921962","137.109392"
"安城こども園","愛知県安城市相生町18-7","34.954159","137.085568"
"朝日公園","愛知県安城市相生町318","34.955444","137.088523"
"東部公民館","愛知県安城市大岡町源覚16","34.960625","137.106214"
"東部こども園","愛知県安城市大岡町源覚45","34.960011","137.10544"
"安城東部小学校","愛知県安城市大岡町前畑72-1","34.956781","137.107286"
"錦保育園","愛知県安城市大山町1-19-15","34.951315","137.083042"
"秋葉公園","愛知県安城市大山町1-7-1","34.948972","137.086809"
"大山公園","愛知県安城市大山町2-6-1","34.949117","137.08269"
"安城市民交流センター","愛知県安城市大東町11-3","34.963384","137.084639"
"安城保育園","愛知県安城市大東町11-30","34.963756","137.084331"
"安城中部小学校","愛知県安城市大東町12-8","34.964969","137.085003"
"大池公園","愛知県安城市大東町1675-2","34.968206","137.084312"
"安城北部こども園","愛知県安城市大東町25-40","34.968352","137.085317"
"大東公園","愛知県安城市大東町829-3","34.962543","137.081657"
"池浦西公園","愛知県安城市池浦町狐穴15-1","34.966277","137.073505"
"池浦公園","愛知県安城市池浦町池東13-1","34.97557","137.088566"
"安城農林高等学校","愛知県安城市池浦町茶筅木1","34.968991","137.078011"
"追田公園","愛知県安城市朝日町557-1","34.958226","137.088395"
"今村公園","愛知県安城市東栄町1-11","34.989156","137.082475"
"曙公園","愛知県安城市東栄町3-11-5","34.987685","137.087955"
"東栄こども園","愛知県安城市東栄町3-809-9","34.986938","137.092304"
"東栄公園","愛知県安城市東栄町4-20-5","34.987724","137.092739"
"今東公園","愛知県安城市東栄町4-6-4","34.989373","137.09063"
"上倉公園","愛知県安城市東栄町5-15","34.984541","137.094731"
"高根公園","愛知県安城市東栄町5-27-2","34.98797","137.096043"
"横根畑公園","愛知県安城市東栄町6-4","34.982395","137.096135"
"柳原公園","愛知県安城市東栄町6-9","34.983918","137.097249"
"北部福祉センター","愛知県安城市東栄町6-9","34.984493","137.09772"
"安城東公園","愛知県安城市東新町14-1","34.956976","137.098086"
"東端公園","愛知県安城市東端町稲荷32","34.912152","137.026192"
"明祥中学校","愛知県安城市東端町住吉1-12","34.905695","137.027032"
"東端保育園","愛知県安城市東端町住吉61-6","34.905468","137.025684"
"明和小学校","愛知県安城市東端町明和66","34.904126","137.02726"
"別所団地公園","愛知県安城市東別所町戌新畑1-94","34.969499","137.113334"
"毘沙門公園","愛知県安城市東明町11-10","34.95226","137.095969"
"藤井公園","愛知県安城市藤井町東山106-1","34.892177","137.08841"
"南公園","愛知県安城市南町27","34.951884","137.08855"
"養下公園","愛知県安城市二本木新町2-5-1","34.977672","137.055386"
"日の出公園","愛知県安城市日の出町2","34.955277","137.092497"
"志貴保育園","愛知県安城市尾崎町北裏49","34.979555","137.115347"
"中根公園","愛知県安城市美園町1-15","34.977373","137.048309"
"みその保育園","愛知県安城市美園町1-29","34.978129","137.04857"
"坪田公園","愛知県安城市美園町2-25","34.975005","137.054375"
"美園公園","愛知県安城市美園町2-8","34.976","137.051362"
"鹿乗公園","愛知県安城市姫小川町鹿乗1-48","34.912043","137.095179"
"桜井南公園","愛知県安城市姫小川町姫西1-12-1","34.912444","137.085555"
"姫西せせらぎ公園","愛知県安城市姫小川町姫西2-6-1","34.913619","137.083392"
"姫西ふれあい公園","愛知県安城市姫小川町姫西3-2-5","34.914873","137.079821"
"石ナ曽根公園","愛知県安城市百石町1-10-1","34.951872","137.076005"
"百々目木公園","愛知県安城市百石町2-7-1","34.950062","137.0739"
"安城西部小学校","愛知県安城市福釜町猿町128","34.944346","137.058523"
"西部保育園","愛知県安城市福釜町笠松102","34.945327","137.052832"
"西部公民館","愛知県安城市福釜町釜ケ渕20-1","34.946966","137.044037"
"西部福祉センター","愛知県安城市福釜町西天12","34.947739","137.044414"
"安城西中学校","愛知県安城市福釜町中根43","34.949625","137.049209"
"土器田公園","愛知県安城市法連町10-1","34.956631","137.093553"
"安城東高等学校","愛知県安城市北山崎町大土塚10","34.964685","137.103115"
"堀内公園","愛知県安城市堀内町安下1-1","34.928871","137.091205"
"末広公園","愛知県安城市末広町23-33","34.955663","137.084702"
"三河安城小学校","愛知県安城市箕輪町昭和47","34.96018","137.064908"
"みのわ保育園","愛知県安城市箕輪町神戸169-3","34.959037","137.059593"
"明本公園","愛知県安城市明治本町945","34.961728","137.091499"
"木戸東公園","愛知県安城市木戸町丸池195","34.894727","137.091683"
"きどはし公園","愛知県安城市木戸町西屋敷38-6","34.896883","137.08878"
"里町公園","愛知県安城市里町1-14-4","34.996325","137.089394"
"重原田公園","愛知県安城市里町1-29-9","34.996456","137.094197"
"北部公民館","愛知県安城市里町4-12-4","34.99261","137.090375"
"大道なかよし公園","愛知県安城市里町4-25-13","34.992548","137.093797"
"柿田公園","愛知県安城市里町4-4","34.993406","137.089651"
"里町小学校","愛知県安城市里町足取1-5","34.997368","137.098871"
"石橋公園","愛知県安城市里町足取3-86","34.996147","137.098522"
"北大道寺公園","愛知県安城市里町大道寺4","34.996697","137.0806"
"東山中学校","愛知県安城市里町東山1","34.994343","137.101611"
"二本木小学校","愛知県安城市緑町1-23-1","34.972864","137.051974"
"二本木保育園","愛知県安城市緑町1-29","34.972179","137.053078"
"若葉公園","愛知県安城市緑町1-30-1","34.972349","137.052466"
"緑公園","愛知県安城市緑町1-6","34.974061","137.048727"
"二本木公園","愛知県安城市緑町2-16","34.970565","137.049273"
"弥厚公園","愛知県安城市和泉町宮前92","34.921628","137.04834"
"明祥公民館","愛知県安城市和泉町大下38-1","34.912373","137.044036"
"明祥福祉センター","愛知県安城市和泉町大下38-1","34.912373","137.044036"
"和泉公園","愛知県安城市和泉町大海古1","34.918347","137.054197"
"丈山小学校","愛知県安城市和泉町南本郷1","34.918631","137.046553"
"和泉保育園","愛知県安城市和泉町北本郷237","34.922856","137.046972"
"平島公園野球場　グラウンド","愛知県一宮市羽衣2-5-3","35.305449","136.812962"
"奥小学校　校舎","愛知県一宮市奥町字貴船前24","35.325928","136.758516"
"奥小学校　グラウンド","愛知県一宮市奥町字貴船前24","35.325728","136.759014"
"奥町公園　グラウンド","愛知県一宮市奥町字宮郭７外","35.331289","136.769459"
"奥中学校　校舎","愛知県一宮市奥町字上平池55","35.325954","136.764208"
"奥中学校　グラウンド","愛知県一宮市奥町字上平池55","35.32546","136.765136"
"彦田公園　グラウンド","愛知県一宮市花池4-25-1","35.288407","136.802662"
"開明小学校　グラウンド","愛知県一宮市開明字城堀20","35.321273","136.773057"
"開明小学校　校舎","愛知県一宮市開明字城堀20","35.321356","136.772178"
"尾西第三中学校　屋内運動場・武道場","愛知県一宮市開明字村上54","35.3173","136.758159"
"尾西第三中学校　グラウンド","愛知県一宮市開明字村上54","35.316897","136.758969"
"尾西第三中学校　校舎","愛知県一宮市開明字村上54","35.317672","136.759076"
"尾西運動場　グラウンド","愛知県一宮市開明字柳苗代1-1","35.317199","136.765603"
"北部中学校　グラウンド","愛知県一宮市貴船1-6-10","35.311503","136.807578"
"北部中学校　校舎","愛知県一宮市貴船1-6-10","35.312151","136.808077"
"北部中学校　屋内運動場・武道場","愛知県一宮市貴船1-6-10","35.312225","136.80724"
"貴船小学校　グラウンド","愛知県一宮市貴船1-8-46","35.311134","136.809449"
"貴船小学校　屋内運動場","愛知県一宮市貴船1-8-46","35.31167","136.810377"
"貴船小学校　校舎","愛知県一宮市貴船1-8-46","35.311562","136.809626"
"起小学校　校舎","愛知県一宮市起字西生出35","35.305873","136.740157"
"起小学校　屋内運動場","愛知県一宮市起字西生出35","35.306197","136.740206"
"起小学校　グラウンド","愛知県一宮市起字西生出35","35.305357","136.740206"
"光明寺公園　グラウンド","愛知県一宮市光明寺","35.359857","136.795275"
"国営木曽三川公園三派川地区センター　グラウンド","愛知県一宮市光明寺","35.356911","136.811258"
"葉栗北小学校　グラウンド","愛知県一宮市光明寺字畳手55","35.351123","136.80224"
"葉栗北小学校　校舎","愛知県一宮市光明寺字畳手55","35.351539","136.802111"
"向山小学校　グラウンド","愛知県一宮市向山町3-1","35.29534","136.807781"
"向山小学校　校舎","愛知県一宮市向山町3-1","35.296059","136.807701"
"向山小学校　屋内運動場","愛知県一宮市向山町3-1","35.295205","136.807191"
"葉栗中学校　屋内運動場・武道場","愛知県一宮市高田字清水100","35.339643","136.804917"
"葉栗中学校　グラウンド","愛知県一宮市高田字清水100","35.339582","136.80599"
"葉栗中学校　校舎","愛知県一宮市高田字清水100","35.339963","136.805738"
"今伊勢中学校　グラウンド","愛知県一宮市今伊勢町宮後字郷中茶原52","35.319122","136.787217"
"今伊勢中学校　屋内運動場・武道場","愛知県一宮市今伊勢町宮後字郷中茶原52","35.318754","136.786321"
"今伊勢中学校　校舎","愛知県一宮市今伊勢町宮後字郷中茶原52","35.319577","136.786933"
"今伊勢小学校　校舎","愛知県一宮市今伊勢町新神戸字乾26","35.322068","136.793319"
"今伊勢小学校　グラウンド","愛知県一宮市今伊勢町新神戸字乾26","35.321591","136.793501"
"今伊勢西小学校　校舎","愛知県一宮市今伊勢町馬寄字西平4-1","35.323836","136.782761"
"今伊勢西小学校　グラウンド","愛知県一宮市今伊勢町馬寄字西平4-1","35.324155","136.783533"
"丹陽小学校　グラウンド","愛知県一宮市三ツ井5-22-1","35.275737","136.839695"
"丹陽小学校　校舎","愛知県一宮市三ツ井5-22-1","35.276218","136.839716"
"丹陽小学校　屋内運動場","愛知県一宮市三ツ井5-22-1","35.276551","136.839276"
"尾西公園　グラウンド","愛知県一宮市三条字賀１１－１外","35.308799","136.759772"
"三条小学校　校舎","愛知県一宮市三条字苅16","35.306345","136.760016"
"三条小学校　グラウンド","愛知県一宮市三条字苅16","35.305697","136.760316"
"尾西第一中学校　校舎","愛知県一宮市三条字宮西50","35.300197","136.753783"
"尾西第一中学校　グラウンド","愛知県一宮市三条字宮西50","35.299474","136.754255"
"尾西第一中学校　屋内運動場・武道場","愛知県一宮市三条字宮西50","35.300171","136.754502"
"西成東小学校　グラウンド","愛知県一宮市春明字中切1","35.317714","136.844186"
"西成東小学校　校舎","愛知県一宮市春明字中切1","35.317324","136.844234"
"西成東小学校　屋内運動場","愛知県一宮市春明字中切1","35.317224","136.843687"
"小信中島小学校　校舎","愛知県一宮市小信中島字南平口59","35.315738","136.747217"
"小信中島小学校　グラウンド","愛知県一宮市小信中島字南平口59","35.315253","136.747383"
"朝日西小学校　校舎","愛知県一宮市上祖父江字高須賀18","35.280032","136.71981"
"朝日西小学校　グラウンド","愛知県一宮市上祖父江字高須賀18","35.279577","136.719617"
"朝日西小学校　屋内運動場","愛知県一宮市上祖父江字高須賀18","35.2798","136.720341"
"瀬部小学校　屋内運動場","愛知県一宮市瀬部字川原55","35.328792","136.835225"
"瀬部小学校　校舎","愛知県一宮市瀬部字川原55","35.329229","136.835708"
"瀬部小学校　グラウンド","愛知県一宮市瀬部字川原55","35.328704","136.835939"
"大徳小学校　校舎","愛知県一宮市西五城字荒子中切26-1","35.296952","136.747087"
"大徳小学校　グラウンド","愛知県一宮市西五城字荒子中切26-1","35.29658","136.74787"
"五城公園　グラウンド","愛知県一宮市西五城字中川田５０外","35.301285","136.74332"
"西成小学校　校舎","愛知県一宮市西大海道字障子目30","35.31898","136.832953"
"西成小学校　グラウンド","愛知県一宮市西大海道字障子目30","35.318638","136.833026"
"西成小学校　屋内運動場","愛知県一宮市西大海道字障子目30","35.318389","136.832481"
"西成中学校　屋内運動場・武道場","愛知県一宮市西大海道字柏木15","35.319081","136.830968"
"西成中学校　校舎","愛知県一宮市西大海道字柏木15","35.320074","136.831258"
"西成中学校　グラウンド","愛知県一宮市西大海道字柏木15","35.319501","136.831644"
"千秋東小学校　グラウンド","愛知県一宮市千秋町加納馬場字松下54","35.305157","136.870838"
"千秋東小学校　校舎","愛知県一宮市千秋町加納馬場字松下54","35.304643","136.870683"
"愛知県一宮総合運動場　グラウンド","愛知県一宮市千秋町佐野字向農756","35.301851","136.845144"
"千秋中学校　校舎","愛知県一宮市千秋町佐野字高須2982","35.301356","136.86223"
"千秋中学校　屋内運動場・武道場","愛知県一宮市千秋町佐野字高須2982","35.302059","136.861534"
"千秋中学校　グラウンド","愛知県一宮市千秋町佐野字高須2982","35.301229","136.861634"
"千秋小学校　校舎","愛知県一宮市千秋町佐野字北浦136","35.303969","136.855647"
"千秋小学校　グラウンド","愛知県一宮市千秋町佐野字北浦136","35.303619","136.856124"
"千秋小学校　屋内運動場","愛知県一宮市千秋町佐野字北浦136","35.303917","136.856655"
"千秋南小学校　グラウンド","愛知県一宮市千秋町小山1329","35.290043","136.850629"
"千秋南小学校　屋内運動場","愛知県一宮市千秋町小山1329","35.290617","136.850281"
"千秋南小学校　校舎","愛知県一宮市千秋町小山1329","35.290301","136.850855"
"大野極楽寺公園　グラウンド","愛知県一宮市浅井町河田","35.355214","136.822452"
"浅井中学校　校舎","愛知県一宮市浅井町前野字郷西145","35.343756","136.824393"
"浅井中学校　屋内運動場・武道場","愛知県一宮市浅井町前野字郷西145","35.34369","136.824988"
"浅井中学校　グラウンド","愛知県一宮市浅井町前野字郷西145","35.3432","136.824484"
"浅井中小学校　屋内運動場","愛知県一宮市浅井町大日比野字東若栗61","35.343745","136.82341"
"浅井中小学校　グラウンド","愛知県一宮市浅井町大日比野字東若栗61","35.343557","136.822241"
"浅井中小学校　校舎","愛知県一宮市浅井町大日比野字東若栗61","35.344021","136.822976"
"浅井北小学校　グラウンド","愛知県一宮市浅井町大野字南土山75","35.349601","136.826281"
"浅井北小学校　校舎","愛知県一宮市浅井町大野字南土山75","35.349894","136.826114"
"浅井山公園　グラウンド","愛知県一宮市浅井町東浅井字下之瀬外","35.330142","136.822984"
"浅井南小学校　校舎","愛知県一宮市浅井町東浅井字地蔵386","35.334813","136.82574"
"浅井南小学校　グラウンド","愛知県一宮市浅井町東浅井字地蔵386","35.334179","136.825912"
"南部中学校　校舎","愛知県一宮市浅野字土井ノ内1-1","35.298455","136.825398"
"南部中学校　グラウンド","愛知県一宮市浅野字土井ノ内1-1","35.29796","136.825612"
"南部中学校　屋内運動場・武道場","愛知県一宮市浅野字土井ノ内1-1","35.29866","136.826106"
"浅野小学校　グラウンド","愛知県一宮市浅野字野口95","35.297781","136.830202"
"浅野小学校　校舎","愛知県一宮市浅野字野口95","35.297374","136.830272"
"浅野小学校　屋内運動場","愛知県一宮市浅野字野口95","35.296699","136.830385"
"丹陽西小学校　グラウンド","愛知県一宮市多加木1-17-1","35.283603","136.814117"
"丹陽西小学校　校舎","愛知県一宮市多加木1-17-1","35.283953","136.813908"
"宮西小学校　校舎","愛知県一宮市大宮4-5-33","35.312525","136.801638"
"宮西小学校　屋内運動場","愛知県一宮市大宮4-5-33","35.31242","136.801279"
"宮西小学校　グラウンド","愛知県一宮市大宮4-5-33","35.312079","136.801633"
"大志小学校　校舎","愛知県一宮市大志2-7-6","35.299831","136.805339"
"大志小学校　グラウンド","愛知県一宮市大志2-7-6","35.299481","136.805371"
"赤見小学校　グラウンド","愛知県一宮市大赤見字清水2467","35.308477","136.829254"
"赤見小学校　屋内運動場","愛知県一宮市大赤見字清水2467","35.308915","136.828508"
"赤見小学校　校舎","愛知県一宮市大赤見字清水2467","35.308788","136.829248"
"葉栗小学校　グラウンド","愛知県一宮市大毛字南出30","35.341109","136.807829"
"葉栗小学校　屋内運動場","愛知県一宮市大毛字南出30","35.341433","136.806917"
"葉栗小学校　校舎","愛知県一宮市大毛字南出30","35.341407","136.807711"
"大和中学校　グラウンド","愛知県一宮市大和町苅安賀字上東出80","35.287657","136.785498"
"大和中学校　屋内運動場・武道場","愛知県一宮市大和町苅安賀字上東出80","35.287911","136.78479"
"大和中学校　校舎","愛知県一宮市大和町苅安賀字上東出80","35.288283","136.785627"
"大和西小学校　校舎","愛知県一宮市大和町苅安賀字東北出3248","35.291763","136.778428"
"大和西小学校　屋内運動場","愛知県一宮市大和町苅安賀字東北出3248","35.291908","136.778943"
"大和西小学校　グラウンド","愛知県一宮市大和町苅安賀字東北出3248","35.29143","136.778863"
"大和東小学校　グラウンド","愛知県一宮市大和町戸塚字薬師浦320","35.283482","136.792789"
"大和東小学校　屋内運動場","愛知県一宮市大和町戸塚字薬師浦320","35.284411","136.792945"
"大和東小学校　校舎","愛知県一宮市大和町戸塚字薬師浦320","35.28406","136.792816"
"大和南小学校　屋内運動場","愛知県一宮市大和町戸塚字連田1-2","35.274737","136.790226"
"大和南小学校　校舎","愛知県一宮市大和町戸塚字連田1-2","35.274786","136.790714"
"大和南小学校　グラウンド","愛知県一宮市大和町戸塚字連田1-2","35.274628","136.791593"
"大和南中学校　校舎","愛知県一宮市大和町南高井字蓮原2-1","35.273046","136.783334"
"大和南中学校　グラウンド","愛知県一宮市大和町南高井字蓮原2-1","35.27274","136.782669"
"丹陽南小学校　校舎","愛知県一宮市丹陽町九日市場2666","35.263925","136.837131"
"丹陽南小学校　屋内運動場","愛知県一宮市丹陽町九日市場2666","35.263986","136.836374"
"丹陽南小学校　グラウンド","愛知県一宮市丹陽町九日市場2666","35.263526","136.83734"
"丹陽中学校　グラウンド","愛知県一宮市丹陽町三ツ井字鬼ケ島6","35.282586","136.835501"
"丹陽中学校　屋内運動場・武道場","愛知県一宮市丹陽町三ツ井字鬼ケ島6","35.282468","136.836327"
"丹陽中学校　校舎","愛知県一宮市丹陽町三ツ井字鬼ケ島6","35.283151","136.835705"
"大平島公園　グラウンド","愛知県一宮市朝日2-6-1","35.307204","136.817046"
"西成東部中学校　屋内運動場・武道場","愛知県一宮市定水寺字五反田10","35.312404","136.836667"
"西成東部中学校　グラウンド","愛知県一宮市定水寺字五反田10","35.311157","136.836184"
"西成東部中学校　校舎","愛知県一宮市定水寺字五反田10","35.311682","136.836441"
"萩原中学校　屋内運動場・武道場","愛知県一宮市萩原町串作字河室浦1","35.277106","136.767696"
"萩原中学校　グラウンド","愛知県一宮市萩原町串作字河室浦1","35.277382","136.768313"
"萩原中学校　校舎","愛知県一宮市萩原町串作字河室浦1","35.277601","136.767476"
"萬葉公園　グラウンド","愛知県一宮市萩原町戸苅","35.272216","136.74817"
"中島小学校　校舎","愛知県一宮市萩原町西宮重字中光堂850","35.272561","136.773304"
"中島小学校　屋内運動場","愛知県一宮市萩原町西宮重字中光堂850","35.272823","136.773143"
"中島小学校　グラウンド","愛知県一宮市萩原町西宮重字中光堂850","35.272499","136.773991"
"萩原小学校　グラウンド","愛知県一宮市萩原町萩原字河原崎1544","35.280424","136.75701"
"萩原小学校　校舎","愛知県一宮市萩原町萩原字河原崎1544","35.280424","136.756297"
"萩原小学校　屋内運動場","愛知県一宮市萩原町萩原字河原崎1544","35.281024","136.756275"
"中部中学校　校舎","愛知県一宮市八幡4-1-111","35.306311","136.788922"
"中部中学校　屋内運動場・武道場","愛知県一宮市八幡4-1-111","35.305909","136.788648"
"中部中学校　グラウンド","愛知県一宮市八幡4-1-111","35.305944","136.789469"
"富士小学校　校舎","愛知県一宮市富士2-5-14","35.304181","136.816623"
"富士小学校　グラウンド","愛知県一宮市富士2-5-14","35.303695","136.816532"
"富士小学校　屋内運動場","愛知県一宮市富士2-5-14","35.304164","136.817154"
"一宮商業高等学校第２運動場　グラウンド","愛知県一宮市富塚字西長筬1","35.330961","136.804623"
"冨田山公園　グラウンド","愛知県一宮市冨田字砂原２１１８外","35.29034","136.727354"
"神山小学校　グラウンド","愛知県一宮市平和2-12-7","35.301195","136.788215"
"神山小学校　校舎","愛知県一宮市平和2-12-7","35.301948","136.787979"
"北方中学校　校舎","愛知県一宮市北方町北方字宮浦42","35.360875","136.780954"
"北方中学校　グラウンド","愛知県一宮市北方町北方字宮浦42","35.36074","136.77993"
"北方小学校　校舎","愛知県一宮市北方町北方字宮浦43","35.361785","136.781656"
"北方小学校　グラウンド","愛知県一宮市北方町北方字宮浦43","35.361172","136.781383"
"末広小学校　屋内運動場","愛知県一宮市末広2-20-1","35.29567","136.788098"
"末広小学校　校舎","愛知県一宮市末広2-20-1","35.295766","136.788667"
"末広小学校　グラウンド","愛知県一宮市末広2-20-1","35.295088","136.788721"
"朝日東小学校　屋内運動場","愛知県一宮市明地字江端8","35.279544","136.736293"
"朝日東小学校　グラウンド","愛知県一宮市明地字江端8","35.279045","136.73743"
"朝日東小学校　校舎","愛知県一宮市明地字江端8","35.279421","136.737371"
"尾西第二中学校　グラウンド","愛知県一宮市明地字油屋前30","35.278102","136.74331"
"尾西第二中学校　校舎","愛知県一宮市明地字油屋前30","35.278558","136.742494"
"尾西第二中学校　屋内運動場・武道場","愛知県一宮市明地字油屋前30","35.278871","136.742902"
"木曽川西小学校　グラウンド","愛知県一宮市木曽川町玉ノ井字道路寺7-3","35.339761","136.764406"
"木曽川西小学校　校舎","愛知県一宮市木曽川町玉ノ井字道路寺7-3","35.340829","136.764288"
"黒田小学校　校舎","愛知県一宮市木曽川町黒田字古城26-2","35.345043","136.780163"
"黒田小学校　グラウンド","愛知県一宮市木曽川町黒田字古城26-2","35.344864","136.780984"
"木曽川運動場　グラウンド","愛知県一宮市木曽川町黒田字北宿三の切1-1","35.347222","136.773554"
"木曽川東小学校　グラウンド","愛知県一宮市木曽川町黒田八ノ通り141-1","35.341678","136.790859"
"木曽川東小学校　校舎","愛知県一宮市木曽川町黒田八ノ通り141-1","35.341275","136.789888"
"木曽川中学校　グラウンド","愛知県一宮市木曽川町里小牧字北青木25","35.343641","136.768943"
"木曽川中学校　校舎","愛知県一宮市木曽川町里小牧字北青木25","35.344101","136.768151"
"片原一色小学校","愛知県稲沢市一色中屋敷町64","35.243839","136.746834"
"稲沢公園","愛知県稲沢市稲沢町下田150-8","35.247152","136.788009"
"稲沢西中学校","愛知県稲沢市稲沢町前田365-10","35.246228","136.791457"
"稲沢緑地","愛知県稲沢市稲沢町前田365-14","35.248197","136.787555"
"稲沢北小学校","愛知県稲沢市稲島3-58","35.262201","136.788434"
"洲原公園","愛知県稲沢市稲島町洲原東4639-7","35.26087","136.8045"
"大江川親水公園","愛知県稲沢市稲島町上流4512-1","35.264538","136.803652"
"稲沢西小学校","愛知県稲沢市稲葉5-9-1","35.250846","136.789017"
"石田公園","愛知県稲沢市駅前2-42","35.250233","136.818237"
"駅前公園","愛知県稲沢市駅前3-10","35.248158","136.818283"
"大里西小学校","愛知県稲沢市奥田計用町107","35.224595","136.807694"
"大里中学校","愛知県稲沢市奥田寺切町69","35.229156","136.812275"
"奥田公園","愛知県稲沢市奥田酒伊町1-3","35.232334","136.81665"
"下津小学校","愛知県稲沢市下津ふじ塚町83","35.260964","136.828382"
"おりづふれあい広場公園","愛知県稲沢市下津南山1-2","35.252877","136.822174"
"かたまち希望の丘公園","愛知県稲沢市下津穂所2-5-1","35.259548","136.822827"
"稲沢駅東多目的広場","愛知県稲沢市下津北山1-16-2","35.254715","136.822291"
"新町いこいの森公園","愛知県稲沢市下津北山2-8-1","35.255755","136.824823"
"高御堂公園","愛知県稲沢市高御堂1-19","35.250446","136.79921"
"髙御堂小学校","愛知県稲沢市高御堂10-3-1","35.245556","136.799389"
"みゆき公園","愛知県稲沢市高御堂5-141","35.240905","136.805127"
"国府宮ふれあい公園","愛知県稲沢市国府宮1-8-10","35.257355","136.805211"
"国府宮前田公園","愛知県稲沢市国府宮3-8","35.254261","136.806931"
"さるすべり広場","愛知県稲沢市国府宮4-14-8","35.256932","136.807799"
"ひいらぎ広場","愛知県稲沢市国府宮4-16-12","35.257397","136.808653"
"さくら広場","愛知県稲沢市国府宮4-16-14","35.257591","136.809265"
"もみじ広場","愛知県稲沢市国府宮4-9-4","35.256564","136.808526"
"国府宮じんでん公園","愛知県稲沢市国府宮神田町9","35.260304","136.807136"
"手枕公園","愛知県稲沢市国府宮町手枕100-123","35.258797","136.804879"
"込野農村広場","愛知県稲沢市込野町元屋敷84","35.210159","136.782227"
"坂田小学校","愛知県稲沢市坂田町狐沢18","35.211744","136.763501"
"治郎丸神木公園","愛知県稲沢市治郎丸神木町4-2","35.26613","136.8095"
"治郎丸中学校","愛知県稲沢市治郎丸柳町1-1","35.264241","136.812738"
"小沢菅原公園","愛知県稲沢市小沢2-6","35.255341","136.796844"
"宮浦公園","愛知県稲沢市小池1-14","35.253578","136.815338"
"小正中央公園","愛知県稲沢市小池2-20","35.248722","136.811768"
"小池公園","愛知県稲沢市小池3-7","35.250568","136.814285"
"小正小学校","愛知県稲沢市小池正明寺町東川田4100","35.245577","136.815522"
"北出公園","愛知県稲沢市松下2-17","35.256008","136.799896"
"松下公園","愛知県稲沢市松下2-4","35.25333","136.798798"
"吹上公園","愛知県稲沢市正明寺1-21","35.254807","136.809891"
"稲沢中学校","愛知県稲沢市正明寺2-1-1","35.251314","136.805797"
"正明寺公園","愛知県稲沢市正明寺2-20","35.249001","136.806808"
"白山公園","愛知県稲沢市正明寺2-8-2","35.250527","136.805958"
"名古屋文理大学文化フォーラム","愛知県稲沢市正明寺3-114","35.245376","136.807266"
"清水小学校","愛知県稲沢市清水寺前町126","35.256424","136.757775"
"かなしんでん公園","愛知県稲沢市西町1-53-2","35.256618","136.785614"
"西町さくら公園","愛知県稲沢市西町1-71","35.256715","136.786732"
"西町公園","愛知県稲沢市西町2-134","35.254598","136.783272"
"西町てんま公園","愛知県稲沢市西町2-40","35.253448","136.785359"
"西町さざんか公園","愛知県稲沢市西町3-190","35.250471","136.785531"
"どうこう公園","愛知県稲沢市西町3-75","35.252151","136.783609"
"西島公園","愛知県稲沢市西島1-47","35.256828","136.743914"
"千代公園","愛知県稲沢市千代7-46","35.224527","136.781257"
"丸甲小学校","愛知県稲沢市祖父江町甲新田芝八5-2","35.230617","136.727746"
"山崎小学校","愛知県稲沢市祖父江町山崎ニ本木70","35.260339","136.732988"
"祖父江町体育館","愛知県稲沢市祖父江町山崎下批486-1","35.252667","136.725006"
"祖父江ぎんなんパーク","愛知県稲沢市祖父江町山崎江代23-2","35.256211","136.740497"
"祖父江中学校","愛知県稲沢市祖父江町上牧下川田456","35.248197","136.720775"
"祖父江小学校","愛知県稲沢市祖父江町祖父江七曲52","35.263486","136.714541"
"杏和高等学校","愛知県稲沢市祖父江町二俣宮西1-1","35.242806","136.72548"
"領内小学校","愛知県稲沢市祖父江町二俣上川原706","35.244212","136.731405"
"長岡小学校","愛知県稲沢市祖父江町馬飼449-1","35.246393","136.692789"
"牧川小学校","愛知県稲沢市祖父江町両寺内砂崎990","35.241984","136.712518"
"旧稲沢東高等学校","愛知県稲沢市大塚南6-33","35.234554","136.798804"
"大塚小学校","愛知県稲沢市大塚北9-68","35.24164","136.80064"
"尾西信金いなざわアリーナ・勤労福祉会館","愛知県稲沢市朝府町5-1","35.252204","136.775032"
"長束・梅公園","愛知県稲沢市長束町座守1-1","35.244389","136.81102"
"文化の丘公園","愛知県稲沢市長束町沼100-5","35.244098","136.808501"
"長出公園","愛知県稲沢市長野1-4-8","35.255774","136.813242"
"長野公園","愛知県稲沢市長野2-4","35.253624","136.818756"
"稲沢東小学校","愛知県稲沢市長野6-50","35.259455","136.816147"
"グリーン・スパーク中央公園","愛知県稲沢市長野7-2","35.259814","136.818668"
"日下部公園","愛知県稲沢市日下部中町4-1-1","35.228123","136.827129"
"大里東小学校","愛知県稲沢市日下部北町1-27","35.234435","136.82574"
"大里東中学校","愛知県稲沢市日下部北町3-68","35.233265","136.822829"
"千代田小学校","愛知県稲沢市福島町比舎田102","35.22185","136.776003"
"千代田中学校","愛知県稲沢市福島町比舎田17","35.221861","136.774417"
"稲沢緑風館高等学校","愛知県稲沢市平野町加世11","35.240094","136.787026"
"六輪小学校","愛知県稲沢市平和町塩川52","35.200628","136.734969"
"下三宅農村公園","愛知県稲沢市平和町下三宅郷内213-1","35.21351","136.749561"
"平和中央公園","愛知県稲沢市平和町下三宅沼838","35.215526","136.74339"
"三宅小学校","愛知県稲沢市平和町下三宅北出1","35.216003","136.752574"
"嫁振農村公園","愛知県稲沢市平和町嫁振80-1","35.204067","136.738678"
"ヨシヅヤ平和店（屋上・３階駐車場）","愛知県稲沢市平和町須ケ脇367","35.204432","136.728933"
"西光坊公園","愛知県稲沢市平和町西光坊大門北72","35.21838","136.733294"
"平和町体育館","愛知県稲沢市平和町中三宅二丁割35","35.216074","136.742245"
"平和中学校","愛知県稲沢市平和町平池七反田53","35.215566","136.740865"
"法立小学校","愛知県稲沢市平和町法立東瀬古7","35.223203","136.738531"
"鷲尾農村公園","愛知県稲沢市平和町鷲尾111-1","35.231518","136.74877"
"明治中学校","愛知県稲沢市片原一色町小山1","35.243465","136.754957"
"片原一色公園","愛知県稲沢市片原一色町小山99","35.243034","136.753553"
"北市場美濃路公園","愛知県稲沢市北市場本町1-4-1","35.232101","136.83345"
"北市場町東公園","愛知県稲沢市北市場本町3-4-2","35.230232","136.836487"
"北島陽春公園","愛知県稲沢市北島3-91-1","35.228446","136.799973"
"目比親水公園","愛知県稲沢市目比町土井1460","35.206212","136.766144"
"国分小学校","愛知県稲沢市矢合町三島屋敷3440","35.240886","136.771485"
"陸田宮前ひまわり公園","愛知県稲沢市陸田宮前1-2","35.262542","136.81712"
"陸田宮前公園","愛知県稲沢市陸田宮前1-6","35.264445","136.81653"
"陸田どんぐり公園","愛知県稲沢市陸田栗林1-10-1","35.264034","136.820297"
"井田体育館","愛知県岡崎市伊賀新町10-3","34.972358","137.171947"
"葵中学校","愛知県岡崎市伊賀新町31-1","34.97451","137.176078"
"愛宕小学校","愛知県岡崎市伊賀町愛宕山1","34.968247","137.167007"
"井田小学校","愛知県岡崎市井田町茨坪4-3","34.975089","137.179974"
"六ツ美北中学校","愛知県岡崎市井内町六反2","34.920093","137.143177"
"梅園小学校","愛知県岡崎市稲熊町4-68-1","34.962992","137.17338"
"矢作西小学校","愛知県岡崎市宇頭町長合40","34.973517","137.118091"
"南部市民センター分館","愛知県岡崎市羽根西新町5-3","34.926819","137.154543"
"南部市民センター（シビックセンター内）","愛知県岡崎市羽根町貴登野15","34.930171","137.160005"
"愛知県立岡崎工科高等学校","愛知県岡崎市羽根町陣場47","34.926068","137.172143"
"羽根小学校","愛知県岡崎市羽根町池脇24-2","34.928129","137.164748"
"愛知県立岡崎商業高等学校","愛知県岡崎市栄町3-76","34.947799","137.17927"
"奥殿小学校","愛知県岡崎市奥殿町仲西73-2","35.030218","137.200958"
"岡崎地域文化広場","愛知県岡崎市岡町鳥居戸1-1","34.927135","137.212738"
"美合小学校","愛知県岡崎市岡町南石原30","34.929393","137.20302"
"六ツ美中部小学校","愛知県岡崎市下青野町井戸尻71","34.910015","137.12267"
"六ツ美中学校","愛知県岡崎市下青野町井戸尻72","34.90955","137.121507"
"六ツ美市民センター","愛知県岡崎市下青野町天神64","34.913204","137.126764"
"夏山小学校","愛知県岡崎市夏山町細田7-1","34.937133","137.30965"
"百々保育園","愛知県岡崎市河原町15-1","34.990935","137.173321"
"額田中学校","愛知県岡崎市樫山町原新田88","34.920136","137.298959"
"豊富学区市民ホーム","愛知県岡崎市樫山町山ノ神10-1","34.918267","137.284497"
"豊富小学校","愛知県岡崎市樫山町西ノ沢3","34.918201","137.298037"
"大樹寺小学校","愛知県岡崎市鴨田町広元31","34.983342","137.164607"
"大樹寺学区市民ホーム","愛知県岡崎市鴨田町田起64-18","34.982579","137.170073"
"河合中学校","愛知県岡崎市茅原沢町上平7","34.937849","137.241294"
"美川中学校","愛知県岡崎市丸山町ハサマ4-1","34.936005","137.198263"
"岩津小学校","愛知県岡崎市岩津町申堂24-2","35.00138","137.174071"
"連尺学区市民ホーム","愛知県岡崎市魚町1-4","34.960361","137.160423"
"矢作北小学校","愛知県岡崎市橋目町西遠山9-2","34.980869","137.137554"
"新香山中学校","愛知県岡崎市桑原町大沢20-86","35.025384","137.183706"
"恵田小学校","愛知県岡崎市恵田町三月ケ入71-1","35.01015","137.209806"
"根石小学校","愛知県岡崎市欠町石ケ崎1-2","34.955165","137.188632"
"東公園","愛知県岡崎市欠町大山田1","34.952704","137.191866"
"小豆坂小学校","愛知県岡崎市戸崎町藤狭13-5","34.928875","137.173024"
"南中学校","愛知県岡崎市戸崎町野畔8-1","34.935673","137.163366"
"広幡小学校","愛知県岡崎市広幡町11-1","34.969955","137.160996"
"岡崎城公園","愛知県岡崎市康生町561-1","34.956858","137.160906"
"図書館交流プラザりぶら","愛知県岡崎市康生通西4-71","34.959423","137.15892"
"中央総合公園","愛知県岡崎市高隆寺町峠1","34.947482","137.212737"
"細川小学校","愛知県岡崎市細川町石田45","35.025949","137.173884"
"形埜小学校","愛知県岡崎市桜形町中嶋13","34.98927","137.31419"
"形埜学区市民ホーム","愛知県岡崎市桜形町福塚3","34.986408","137.317979"
"東海中学校","愛知県岡崎市山綱町中柴51","34.89503","137.249406"
"東部市民センター","愛知県岡崎市山綱町天神2-9","34.897373","137.242202"
"南公園","愛知県岡崎市若松町萱林1-1","34.915532","137.163413"
"岡崎市役所","愛知県岡崎市十王町2-9","34.954397","137.174276"
"上地小学校","愛知県岡崎市上地3-31","34.912901","137.16973"
"北中学校","愛知県岡崎市上里1-10","34.994167","137.164267"
"中央市民センター","愛知県岡崎市上六名3-3-7","34.947315","137.157236"
"城南小学校","愛知県岡崎市城南町1-11","34.934096","137.153943"
"城北中学校","愛知県岡崎市城北町3-1","34.963805","137.157401"
"連尺小学校","愛知県岡崎市城北町4","34.965205","137.157497"
"秦梨小学校","愛知県岡崎市秦梨町世土田2","34.959092","137.247911"
"岡崎小学校","愛知県岡崎市針崎町フロ1","34.916681","137.152333"
"翔南中学校","愛知県岡崎市針崎町春咲1-2","34.919266","137.160419"
"生平小学校","愛知県岡崎市生平町鶸場25-1","34.936763","137.256691"
"北部地域交流センター","愛知県岡崎市西蔵前町季平45-1","34.999858","137.170163"
"矢作西保育園","愛知県岡崎市西本郷町和志山101-4","34.965808","137.12043"
"宮崎小学校","愛知県岡崎市石原町古城9","34.940309","137.369499"
"宮崎保育園","愛知県岡崎市石原町淀野21","34.939084","137.364904"
"愛知県立岡崎北高等学校","愛知県岡崎市石神町17-1","34.971268","137.177186"
"六ツ美西部小学校","愛知県岡崎市赤渋町道本33","34.928776","137.137229"
"千万町楽校","愛知県岡崎市千万町町宮西8","34.964357","137.364604"
"大平市民センター","愛知県岡崎市大平町皿田6","34.938343","137.200405"
"男川小学校","愛知県岡崎市大平町中道17","34.939978","137.197002"
"大門小学校","愛知県岡崎市大門4-4-1","34.988136","137.155571"
"矢作南小学校","愛知県岡崎市大和町西島13","34.947289","137.126222"
"常磐中学校","愛知県岡崎市滝町山籠109","34.988104","137.207065"
"常磐小学校","愛知県岡崎市滝町入ノ谷3-4","34.985431","137.199454"
"甲山中学校","愛知県岡崎市中町北野東20-1","34.959819","137.178995"
"六ツ美南部小学校","愛知県岡崎市中島町下井ノ上9-1","34.889177","137.125038"
"せきれいホール","愛知県岡崎市朝日町3-36-5","34.953637","137.176772"
"岡崎市ホタル学校","愛知県岡崎市鳥川町小デノ沢5-1","34.90187","137.333998"
"常磐南小学校","愛知県岡崎市田口町岩本12-4","34.971974","137.23023"
"六ツ美北部小学校","愛知県岡崎市土井町炭焼2","34.922135","137.141497"
"みつわ広場","愛知県岡崎市東河原町黒石17","34.916667","137.365044"
"岩津中学校","愛知県岡崎市東蔵前2-36","34.997756","137.173745"
"愛知県立岩津高等学校","愛知県岡崎市東蔵前町馬場5","34.999453","137.174357"
"矢作北中学校","愛知県岡崎市東大友町筆屋43-1","34.973561","137.138716"
"西部学校給食センター","愛知県岡崎市筒針町池田87-1","34.951576","137.137863"
"藤川学区市民ホーム","愛知県岡崎市藤川台3-112","34.908863","137.223354"
"藤川小学校","愛知県岡崎市藤川町西町北44","34.912602","137.218655"
"愛知県立岡崎西高等学校","愛知県岡崎市日名南町7","34.968467","137.154195"
"総合検査センター","愛知県岡崎市美合町五本松68-1","34.930799","137.184319"
"緑丘小学校","愛知県岡崎市美合町沢渡12","34.918857","137.187073"
"山中小学校","愛知県岡崎市舞木町天神越1","34.898548","137.240573"
"福岡中学校","愛知県岡崎市福岡町井杭3","34.897433","137.156583"
"福岡小学校","愛知県岡崎市福岡町西市仲3","34.903346","137.153331"
"常磐東小学校","愛知県岡崎市米河内町惣作32","34.997238","137.228558"
"下山小学校","愛知県岡崎市保久町市場16","35.009288","137.30167"
"矢作中学校","愛知県岡崎市暮戸町蓮代18","34.966926","137.130166"
"北野小学校","愛知県岡崎市北野町山下1-1","34.984896","137.136221"
"本宿学区市民ホーム","愛知県岡崎市本宿町古新田11-1","34.891516","137.2639"
"本宿小学校","愛知県岡崎市本宿町三本松入14-1","34.896002","137.262976"
"愛知教育大学付属岡崎中学校","愛知県岡崎市明大寺町栗林1","34.946099","137.164447"
"竜海中学校","愛知県岡崎市明大寺町栗林48-1","34.945425","137.16568"
"三島小学校","愛知県岡崎市明大寺町池上1","34.94608","137.172454"
"愛知県立岡崎高等学校","愛知県岡崎市明大寺町伝馬1","34.946591","137.170438"
"矢作東小学校","愛知県岡崎市矢作町切戸28","34.962886","137.144883"
"西部地域交流センター","愛知県岡崎市矢作町尊所45-1","34.962352","137.140218"
"愛知県立岡崎東高等学校","愛知県岡崎市竜泉寺町後山27","34.912547","137.208764"
"竜谷小学校","愛知県岡崎市竜泉寺町松本34-4","34.900546","137.204022"
"竜美丘小学校","愛知県岡崎市竜美台1-1","34.938875","137.174274"
"竜南中学校","愛知県岡崎市緑丘2-17","34.916598","137.179969"
"岡崎市民会館","愛知県岡崎市六供町出崎15-1","34.962476","137.168331"
"愛知教育大学付属岡崎小学校","愛知県岡崎市六供町八貫15","34.964492","137.169843"
"六名小学校","愛知県岡崎市六名3-2-1","34.946305","137.157324"
"六名学区市民ホーム","愛知県岡崎市六名南1-2-1","34.941143","137.150926"
"岡崎市体育館","愛知県岡崎市六名本町7","34.942332","137.156273"
"学戸小学校","愛知県蟹江町学戸4-236","35.133742","136.784216"
"舟入小学校","愛知県蟹江町舟入3-70","35.122079","136.79125"
"蟹江小学校","愛知県蟹江町城4-500","35.130601","136.792399"
"須西小学校","愛知県蟹江町須成西6-114","35.143798","136.783841"
"蟹江北中学校","愛知県蟹江町須成西9-55-1","35.141113","136.781046"
"新蟹江小学校","愛知県蟹江町大字蟹江新田字仲川原198","35.120777","136.781688"
"蟹江川排水機場屋上","愛知県蟹江町大字蟹江本町字栄花野地先","35.11096","136.792548"
"蟹江川排水機場","愛知県蟹江町大字蟹江本町地先","35.111092","136.792548"
"蟹江町希望の丘広場　管理棟及び命山","愛知県蟹江町大字新千秋字後西50","35.117408","136.772994"
"善太排水機場屋上","愛知県蟹江町大字新千秋字後東412","35.113846","136.779281"
"蟹江町観光交流センター","愛知県蟹江町大字須成字川西上371","35.146839","136.786915"
"蟹江町多世代交流施設","愛知県蟹江町大字西之森字海山326-3","35.135551","136.776939"
"鍋蓋新田排水機場屋上","愛知県蟹江町南2-361","35.103641","136.795368"
"蟹江中学校","愛知県蟹江町宝3-20","35.128864","136.797381"
"大坪公園","愛知県蒲郡市旭町316","34.825523","137.218006"
"旭公園","愛知県蒲郡市旭町468","34.82625","137.220549"
"港町西公園","愛知県蒲郡市蒲郡駅南土地区画整理１２街区","34.821653","137.22394"
"港町東公園","愛知県蒲郡市蒲郡駅南土地区画整理１９街区","34.820214","137.228687"
"新井形公園","愛知県蒲郡市蒲郡中部土地区画整理９３街区","34.832179","137.236577"
"形原北小学校校庭","愛知県蒲郡市金平町屋敷田1","34.81139","137.185002"
"形原小学校校庭","愛知県蒲郡市形原町御嶽34-2","34.799207","137.185691"
"蒲郡文化広場運動場","愛知県蒲郡市形原町袋川25-1","34.80021","137.181538"
"形原中学校校庭","愛知県蒲郡市形原町佃20-1","34.80188","137.182741"
"双太山公園","愛知県蒲郡市形原町北双太山89","34.805192","137.177262"
"御幸公園","愛知県蒲郡市御幸町1901","34.830444","137.221859"
"蒲形公園","愛知県蒲郡市御幸町3295","34.82845","137.220151"
"三谷中学校校庭","愛知県蒲郡市三谷町原山1-40","34.814371","137.263289"
"星越公園","愛知県蒲郡市三谷町東1-138","34.815992","137.260955"
"天伯公園","愛知県蒲郡市三谷町東2-42","34.816596","137.253682"
"寺戸公園","愛知県蒲郡市三谷町東3-42","34.814887","137.255779"
"丸戸公園","愛知県蒲郡市三谷町東5-222","34.81128","137.256385"
"三谷東小学校校庭","愛知県蒲郡市三谷町南山1-7","34.813828","137.259604"
"三谷小学校校庭","愛知県蒲郡市三谷町迫1-1","34.817875","137.246075"
"弥生公園","愛知県蒲郡市三谷町弥生2-3","34.813861","137.253113"
"矢田公園","愛知県蒲郡市三谷北通1-139","34.819494","137.251081"
"向山公園","愛知県蒲郡市三谷北通3-246","34.822616","137.245529"
"須田公園","愛知県蒲郡市三谷北通4-149","34.82015","137.24164"
"半ノ木公園","愛知県蒲郡市三谷北通5-9","34.824723","137.242517"
"西田川公園","愛知県蒲郡市三谷北通6-189","34.823031","137.239596"
"東浜公園","愛知県蒲郡市拾石町塩浜73","34.822293","137.201893"
"前田公園","愛知県蒲郡市拾石町前田31","34.817968","137.198937"
"蒲郡高等学校校庭","愛知県蒲郡市上本町8-9","34.831193","137.230201"
"五反田公園","愛知県蒲郡市新井形町南79","34.828537","137.236984"
"新井公園","愛知県蒲郡市新井町南110","34.829332","137.233319"
"蒲郡中学校校庭","愛知県蒲郡市新井町南111","34.828719","137.234577"
"蒲郡西部小学校校庭","愛知県蒲郡市神ノ郷町壱町田10","34.839222","137.224094"
"蒲郡南部小学校校庭","愛知県蒲郡市神明町22-3","34.825835","137.229696"
"中部中学校校庭","愛知県蒲郡市水竹町下川原11-1","34.840744","137.229725"
"中央公園","愛知県蒲郡市水竹町木船33-1","34.837174","137.228797"
"蒲郡北部小学校校庭","愛知県蒲郡市清田町間堰52","34.842587","137.232709"
"西浦小学校校庭","愛知県蒲郡市西浦町宮地10","34.784447","137.18011"
"西浦中学校校庭","愛知県蒲郡市西浦町原山1-24","34.78096","137.182299"
"愛知工科大学・愛知工科大学自動車短期大学","愛知県蒲郡市西迫町馬乗50-2","34.8327","137.192401"
"蒲郡東高等学校校庭","愛知県蒲郡市大塚町上千尾12-2","34.818485","137.274188"
"大塚小学校校庭","愛知県蒲郡市大塚町大門42-5","34.813994","137.290178"
"大塚中学校校庭","愛知県蒲郡市大塚町南向山15-3","34.81322","137.292264"
"塩津小学校校庭","愛知県蒲郡市竹谷町今御堂31-1","34.827265","137.202751"
"塩津中学校校庭","愛知県蒲郡市竹谷町上ノ山2","34.83015","137.205307"
"中ノ坊公園","愛知県蒲郡市中央本町2201","34.830633","137.224707"
"水竹公園","愛知県蒲郡市中部区画整理４９Ｂ","34.836541","137.234992"
"榎田公園","愛知県蒲郡市八百富町1-121","34.82169","137.233365"
"八百富公園","愛知県蒲郡市八百富町2-17","34.825382","137.232424"
"御馬公園","愛知県蒲郡市府相町1-130","34.821216","137.237568"
"府相公園","愛知県蒲郡市府相町2-241","34.824487","137.235892"
"竹島小学校校庭","愛知県蒲郡市府相町3-40","34.825533","137.238119"
"神倉公園","愛知県蒲郡市宝町397","34.826426","137.223601"
"蒲郡東部小学校校庭","愛知県蒲郡市豊岡町池田3","34.828687","137.246004"
"本町公園","愛知県蒲郡市本町東179","34.826739","137.230771"
"中央小学校校庭","愛知県蒲郡市緑町3-49","34.829085","137.217149"
"薮田公園","愛知県蒲郡市緑町709","34.832104","137.219074"
"愛知教育大学","愛知県刈谷市井ケ谷町広沢1","35.05166","137.049283"
"平成小学校","愛知県刈谷市一ツ木町3-18-1","35.008309","137.029295"
"産業技術センター","愛知県刈谷市恩田町1-157-1","35.008392","137.020957"
"小高原小学校","愛知県刈谷市原崎町1-101","35.000088","137.004404"
"富士松中学校","愛知県刈谷市今川町花岡114","35.031593","137.028233"
"富士松南小学校","愛知県刈谷市今川町山脇1","35.02612","137.012327"
"刈谷東中学校","愛知県刈谷市山池町1-201","34.998594","136.995553"
"刈谷北高等学校","愛知県刈谷市寺横町1-67","34.990785","136.993761"
"刈谷高等学校","愛知県刈谷市寿町5-101","34.982997","136.998911"
"刈谷南中学校","愛知県刈谷市住吉町2-1","34.986324","137.011131"
"住吉小学校","愛知県刈谷市住吉町3-70","34.984904","137.007563"
"依佐美中学校","愛知県刈谷市小垣江町上沢渡5-1","34.960904","137.014022"
"小垣江小学校","愛知県刈谷市小垣江町西王地1-1","34.963207","136.997618"
"小垣江東小学校","愛知県刈谷市小垣江町白沢36","34.958261","137.007435"
"亀城小学校","愛知県刈谷市城町1-25-1","34.988767","136.987184"
"かりがね小学校","愛知県刈谷市築地町2-15-1","35.013177","137.017879"
"雁が音中学校","愛知県刈谷市築地町3-9-1","35.016907","137.012156"
"衣浦小学校","愛知県刈谷市天王町3-27","34.977019","136.988627"
"東刈谷小学校","愛知県刈谷市東刈谷町3-8","34.974492","137.038688"
"富士松北小学校","愛知県刈谷市東境町焼田10-5","35.046364","137.041204"
"富士松東小学校","愛知県刈谷市東境町堀池71","35.033728","137.036161"
"日高小学校","愛知県刈谷市日高町1-201","35.004684","136.995403"
"双葉小学校","愛知県刈谷市半城土中町3-12-2","34.97621","137.020685"
"刈谷東高等学校","愛知県刈谷市半城土町三ツ又20","34.984619","137.018904"
"朝日小学校","愛知県刈谷市野田町陣戸池151","34.969916","137.032465"
"朝日中学校","愛知県刈谷市野田町陣戸池152","34.968746","137.028662"
"刈谷工科高等学校","愛知県刈谷市矢場町2-210","34.996511","136.999308"
"保健センター建物内","愛知県岩倉市旭町1-20","35.27679","136.871232"
"井上会館建物内","愛知県岩倉市井上町東畑田156-1","35.299036","136.876426"
"御土井公園公園内広場","愛知県岩倉市稲荷町羽根10","35.268594","136.873997"
"第四児童館建物内","愛知県岩倉市稲荷町羽根24-3","35.268758","136.871517"
"岩倉市役所建物内","愛知県岩倉市栄町1-66","35.279436","136.871441"
"大矢公園公園内広場","愛知県岩倉市栄町2-40","35.277865","136.870904"
"お祭り広場公園内広場","愛知県岩倉市下本町下市場3-1","35.278629","136.877129"
"下寺保育園建物内","愛知県岩倉市下本町下寺廻107-1","35.273645","136.875389"
"大上市場会館建物内","愛知県岩倉市宮前町1-2","35.283551","136.871021"
"天神公園公園内広場","愛知県岩倉市宮前町2-69","35.284274","136.867334"
"辻田公園公園内広場","愛知県岩倉市昭和町2-16","35.273671","136.87311"
"図書館建物内","愛知県岩倉市昭和町2-17","35.273847","136.873547"
"市民プラザ建物内","愛知県岩倉市昭和町2-17","35.273712","136.873793"
"睦公園公園内広場","愛知県岩倉市新柳町2-46","35.279808","136.866564"
"五条川小学校グラウンド","愛知県岩倉市神野町郷浦18","35.295659","136.874215"
"神野会館建物内","愛知県岩倉市神野町平久田41","35.291762","136.873"
"岩倉中学校校舎、体育館、武道館","愛知県岩倉市西市町竹之宮24","35.280914","136.862926"
"岩倉中学校グラウンド","愛知県岩倉市西市町竹之宮24","35.280349","136.863157"
"ふれあいセンター建物内","愛知県岩倉市西市町無量寺2-1","35.281056","136.865716"
"石仏スポーツ広場公園内広場","愛知県岩倉市石仏町五山寺1","35.29043","136.86968"
"石仏会館建物内","愛知県岩倉市石仏町中屋敷597-1","35.294518","136.870643"
"天王公園公園内広場","愛知県岩倉市石仏町天王11","35.296215","136.866838"
"泉会館建物内","愛知県岩倉市泉町西新溝廻間1-7","35.285643","136.867211"
"曽野小学校グラウンド","愛知県岩倉市曽野町井森1","35.267831","136.880331"
"曽野町公会堂建物内","愛知県岩倉市曽野町宮前1","35.269652","136.879199"
"岩倉南部中学校グラウンド","愛知県岩倉市曽野町江毛1","35.271704","136.88301"
"国衙公園公園内広場","愛知県岩倉市大山寺元町2","35.266056","136.873245"
"防災コミュニティセンター建物内","愛知県岩倉市大山寺元町8-7","35.265286","136.872116"
"大市場町公会堂建物内","愛知県岩倉市大市場町郷廻184-3","35.27384","136.880085"
"南部老人憩いの家建物内","愛知県岩倉市大地町郷前32","35.271911","136.868197"
"南部保育園建物内","愛知県岩倉市大地町小森5","35.27333","136.866581"
"岩倉南小学校校舎、体育館","愛知県岩倉市大地町小森93-1","35.272985","136.866179"
"岩倉南小学校グラウンド","愛知県岩倉市大地町小森93-1","35.272657","136.866226"
"史跡公園公園内広場","愛知県岩倉市大地町野合51","35.274334","136.862936"
"みどりの家（地域交流センター）建物内","愛知県岩倉市中央町2-20","35.277877","136.867649"
"中央公園公園内広場","愛知県岩倉市中央町2-20","35.277614","136.866842"
"白山公園公園内広場","愛知県岩倉市中本町出口白山10-1","35.281167","136.878025"
"くすのきの家（地域交流センター）駐車場","愛知県岩倉市中本町西出口15-1","35.281391","136.874856"
"くすのきの家（地域交流センター）建物内","愛知県岩倉市中本町西出口15-1","35.281666","136.875103"
"神明ふれあい広場公園内広場","愛知県岩倉市中本町西出口4","35.281104","136.874047"
"岩倉東小学校グラウンド","愛知県岩倉市東町掛目1","35.284702","136.883525"
"東町会館建物内","愛知県岩倉市東町東市場屋敷351-1","35.284215","136.876946"
"長瀬公園公園内広場","愛知県岩倉市東町東出口23","35.284633","136.878525"
"中野会館建物内","愛知県岩倉市東町馬出58-2","35.288971","136.872185"
"下り松公園公園内広場","愛知県岩倉市八剱町下り松60","35.294087","136.879316"
"さくらの家（多世代交流センター）建物内","愛知県岩倉市八剱町下池田806-1","35.287524","136.875881"
"八剱会館建物内","愛知県岩倉市八剱町郷81-1","35.293587","136.877083"
"八剱憩いの広場公園内広場","愛知県岩倉市八剱町樋口1-1","35.288711","136.875493"
"北島町公会堂建物内","愛知県岩倉市北島町宮東1297","35.273625","136.848849"
"岩倉総合高等学校体育館、武道館","愛知県岩倉市北島町川田1","35.277427","136.853172"
"岩倉総合高等学校グラウンド","愛知県岩倉市北島町川田1","35.279014","136.853628"
"生涯学習センター建物内","愛知県岩倉市本町神明西20","35.279018","136.873577"
"岩倉北小学校グラウンド","愛知県岩倉市本町南新溝廻間2","35.284685","136.870714"
"岩倉北小学校校舎、体育館","愛知県岩倉市本町南新溝廻間2","35.285372","136.870435"
"中部保育園建物内","愛知県岩倉市本町畑中65","35.285526","136.872931"
"野寄スポーツ広場公園内広場","愛知県岩倉市野寄町火吹6","35.275436","136.85688"
"総合体育文化センター建物内","愛知県岩倉市鈴井町下新田123","35.284619","136.863735"
"総合体育文化センター駐車場","愛知県岩倉市鈴井町下新田123","35.284938","136.864395"
"東小学校","愛知県犬山市羽黒安戸西1-2","35.36082","136.959659"
"するすみふれあい広場","愛知県犬山市羽黒摺墨22","35.355056","136.950201"
"五郎丸老人憩の家","愛知県犬山市五郎丸字新田組67","35.362608","136.941051"
"楽田ふれあいセンター","愛知県犬山市字外屋敷59-1","35.327831","136.948624"
"南部高齢者活動センター","愛知県犬山市字郷西299-4","35.346008","136.956659"
"エナジーサポート（株）福利厚生棟","愛知県犬山市字上小針1","35.328408","136.956201"
"楽田小学校","愛知県犬山市字城山97","35.327621","136.951424"
"青塚古墳史跡公園","愛知県犬山市字青塚22-3","35.32569","136.929314"
"池野小学校","愛知県犬山市字杁下51","35.335413","136.991766"
"市民交流センターフロイデ","愛知県犬山市松本町4-21","35.378717","136.94828"
"石作公園","愛知県犬山市松本町4-89","35.378047","136.950164"
"上坂公園","愛知県犬山市上坂町4-43","35.375358","136.932397"
"犬山西小学校","愛知県犬山市上坂町5-2","35.375353","136.929993"
"羽黒小学校","愛知県犬山市大字羽黒字前川原67","35.348112","136.95151"
"犬山市体育館（エナジーサポートアリーナ）","愛知県犬山市大字羽黒字竹ノ腰17-2","35.357012","136.95155"
"羽黒中央公園　多目的スポーツ広場","愛知県犬山市大字羽黒字竹ノ腰17-2","35.357704","136.952395"
"犬山市体育センター（勤労青少年ホーム）","愛知県犬山市大字羽黒新田字上堅筬1-1","35.336474","136.936851"
"南部中学校","愛知県犬山市大字羽黒新田字畑田1","35.341559","136.951797"
"南老人福祉センター","愛知県犬山市大字橋爪字巾屋敷56-1","35.372611","136.940917"
"村田機械（株）運動場","愛知県犬山市大字橋爪字中島2","35.370326","136.937807"
"村田機械（株）体育館","愛知県犬山市大字橋爪字中島2","35.371618","136.935176"
"犬山南小学校","愛知県犬山市大字橋爪字末友28","35.375026","136.941236"
"栗栖小学校","愛知県犬山市大字栗栖字野口455","35.412281","136.963805"
"内田防災公園","愛知県犬山市大字犬山字三反田1-1","35.385652","136.943157"
"内田老人憩の家","愛知県犬山市大字犬山字大門先18","35.389613","136.945088"
"丸山地区学習等供用施設","愛知県犬山市大字犬山字中ノ宮43-1","35.386092","136.952405"
"犬山北小学校","愛知県犬山市大字犬山字北古券2","35.384564","136.937722"
"犬山高等学校","愛知県犬山市大字犬山字北首塚2","35.378918","136.93612"
"今井小学校","愛知県犬山市大字今井字若宮8","35.367083","137.000855"
"上野地区学習等供用施設","愛知県犬山市大字上野字郷1508","35.369849","136.925703"
"前原老人憩の家","愛知県犬山市大字前原字横町1-1","35.365284","136.969656"
"犬山市民健康館","愛知県犬山市大字前原字橋爪山15-2","35.369256","136.98172"
"善師野公民館","愛知県犬山市大字善師野字上紅屋19","35.38949","136.981486"
"塔野地公民館","愛知県犬山市大字塔野地字西中ノ切26","35.375996","136.965053"
"城東中学校","愛知県犬山市大字塔野地字田口洞39-101","35.378185","136.972232"
"城東小学校","愛知県犬山市大字塔野地字東屋敷1","35.378212","136.971045"
"東部老人憩の家","愛知県犬山市大字富岡字株池113-1","35.380562","136.963235"
"富岡第一公民館","愛知県犬山市大字富岡字南洞891-2","35.380286","136.96085"
"木曽川犬山緑地","愛知県犬山市大字木津字宮前","35.378022","136.926136"
"犬山中学校","愛知県犬山市大字木津字宮前15","35.377849","136.929265"
"東洋紡（株）　体育館、クラブハウス","愛知県犬山市大字木津字前畑344","35.372131","136.923676"
"東洋紡（株）　駐車場奥広場","愛知県犬山市大字木津字前畑344","35.372131","136.923676"
"エナジーサポート（株）グラウンド","愛知県犬山市中小針32-1","35.326974","136.954295"
"長者町会館","愛知県犬山市長者町1-1","35.348841","136.967421"
"幸田文化公園（さくら会館）","愛知県幸田町大字芦谷字蒲野25-1","34.85424","137.168812"
"幸田保育園","愛知県幸田町大字芦谷字宮ノ根14-1","34.862227","137.169879"
"芦谷コミュニティセンター","愛知県幸田町大字芦谷字宮ノ根15-7","34.861828","137.17015"
"幸田老人憩の家","愛知県幸田町大字芦谷字後シロ15-1","34.861638","137.165892"
"株式会社デンソー幸田製作所駐車場","愛知県幸田町大字芦谷字山ノ田地内","34.849989","137.170991"
"芦谷公民館","愛知県幸田町大字芦谷字神ノ前27-3","34.857857","137.171142"
"仲田公園","愛知県幸田町大字芦谷字仲田158","34.856712","137.166445"
"荻谷小学校","愛知県幸田町大字芦谷字東山1","34.86027","137.17346"
"芦谷住民広場","愛知県幸田町大字芦谷字福田19-1","34.856281","137.169949"
"永野ちびっ子広場","愛知県幸田町大字永野字池田209","34.885224","137.142912"
"永野公園","愛知県幸田町大字永野字墓所山21","34.879466","137.144339"
"永野老人憩の家","愛知県幸田町大字永野字訳田128","34.88763","137.14395"
"郷前公園","愛知県幸田町大字横落字郷前224","34.865747","137.170217"
"横落住民広場","愛知県幸田町大字横落字郷中45-1","34.866891","137.173774"
"横落コミュニティセンター","愛知県幸田町大字横落字郷中67","34.866","137.175119"
"中央小学校","愛知県幸田町大字横落字北門1","34.869427","137.171687"
"荻農村センター","愛知県幸田町大字荻字下61-1","34.863105","137.18021"
"逆川住民広場","愛知県幸田町大字逆川字上海戸17","34.830479","137.148818"
"幸田南部まちづくり交流拠点施設（やまびこ館）","愛知県幸田町大字逆川字大坪143-2","34.831929","137.152318"
"逆川農村センター","愛知県幸田町大字逆川字大坪31-2","34.83241","137.152282"
"久保田コミュニティホーム","愛知県幸田町大字久保田字社口25-2","34.889093","137.190358"
"久保田農村広場","愛知県幸田町大字久保田字凧山45","34.889263","137.189747"
"久保田ちびっ子広場","愛知県幸田町大字久保田字本郷1-2","34.891813","137.186412"
"桐山老人憩の家","愛知県幸田町大字桐山字善田山76-3","34.843801","137.15088"
"桐山住民広場","愛知県幸田町大字桐山字中屋敷1","34.844167","137.146276"
"桐山中央コミュニティホーム","愛知県幸田町大字桐山字中屋敷17-5","34.84317","137.147559"
"高力老人憩の家","愛知県幸田町大字高力字越丸13-1","34.886735","137.168085"
"高力住民広場","愛知県幸田町大字高力字越丸7-1","34.886408","137.168257"
"幸田高校","愛知県幸田町大字高力字神山78","34.88219","137.168543"
"坂崎公民館","愛知県幸田町大字坂崎字御屋敷22-1","34.894353","137.173925"
"坂崎７番組コミュニティホーム","愛知県幸田町大字坂崎字城1","34.895934","137.167169"
"ソニーグローバルマニュ　ファクチャリング＆オペレーションズ株式会社　駐車場","愛知県幸田町大字坂崎字雀ケ入1","34.907948","137.176681"
"彦左公園","愛知県幸田町大字坂崎字雀ケ入1-7","34.90683","137.175817"
"坂崎運動場","愛知県幸田町大字坂崎字天神山23-1","34.891735","137.178247"
"坂崎保育園","愛知県幸田町大字坂崎字揚り山11-1","34.894793","137.177097"
"坂崎小学校","愛知県幸田町大字坂崎字揚り山31","34.892698","137.176788"
"上六栗老人憩の家","愛知県幸田町大字上六栗字中切34","34.846968","137.163947"
"上六栗住民広場","愛知県幸田町大字上六栗字天ケ峯2","34.844539","137.160233"
"上六栗子育て支援センター","愛知県幸田町大字上六栗字堀合31-1","34.847969","137.161882"
"老人福祉センター","愛知県幸田町大字深溝字一之宮2-1","34.843281","137.17826"
"里西コミュニティホーム","愛知県幸田町大字深溝字一之宮7-1","34.842546","137.178218"
"一ノ瀬コミュニティホーム","愛知県幸田町大字深溝字花籠53","34.83173","137.165388"
"舟山公園","愛知県幸田町大字深溝字会下後37","34.840074","137.169828"
"市場公民館","愛知県幸田町大字深溝字会下後37","34.839889","137.16994"
"海谷住民広場（海谷ちびっ子広場）","愛知県幸田町大字深溝字角田6-1","34.824498","137.189344"
"里保育園","愛知県幸田町大字深溝字宮前5","34.842381","137.179148"
"里東老人憩の家","愛知県幸田町大字深溝字権行寺21-3","34.83369","137.182506"
"南部中学校","愛知県幸田町大字深溝字舟山5-5","34.841038","137.168144"
"三ヶ根南公園","愛知県幸田町大字深溝字出口39","34.834184","137.17874"
"里公園","愛知県幸田町大字深溝字小丸山3","34.843937","137.178446"
"里曲松コミュニティホーム","愛知県幸田町大字深溝字小杉山1-124","34.844713","137.171594"
"海谷公民館","愛知県幸田町大字深溝字上一木16","34.827193","137.187274"
"仲組コミュニティホーム","愛知県幸田町大字深溝字石打1-1","34.829697","137.188839"
"深溝運動場","愛知県幸田町大字深溝字大池8","34.840071","137.183401"
"沢渡公園","愛知県幸田町大字深溝字沢渡6","34.840673","137.172265"
"深溝保育園","愛知県幸田町大字深溝字天上坂1-1","34.834937","137.173994"
"里中央コミュニティホーム","愛知県幸田町大字深溝字内山32","34.83839","137.181253"
"深溝小学校","愛知県幸田町大字深溝字南道祖神11","34.834686","137.175339"
"市場中央コミュニティホーム","愛知県幸田町大字深溝字南道祖神26","34.835054","137.176266"
"深溝老人憩の家","愛知県幸田町大字深溝字南道祖神30-1","34.834665","137.176629"
"里前公園","愛知県幸田町大字深溝字柳縄手4","34.837986","137.178508"
"深溝児童館","愛知県幸田町大字深溝字里4-1","34.838276","137.178829"
"須美老人ふれあいの家","愛知県幸田町大字須美字遣水1-5","34.856127","137.134783"
"須美公民館","愛知県幸田町大字須美字向屋敷88-2","34.855935","137.131134"
"北部中学校","愛知県幸田町大字相見字越丸36","34.887459","137.165499"
"北鷲田ちびっ子広場","愛知県幸田町大字相見字北鷲田98","34.884115","137.166042"
"大草老人憩の家","愛知県幸田町大字大草字羽根9","34.877756","137.181092"
"町民会館","愛知県幸田町大字大草字丸山60","34.872664","137.179717"
"幸田小学校","愛知県幸田町大字大草字三ツ石18","34.878768","137.172652"
"大草西コミュニティホーム","愛知県幸田町大字大草字寺西16-6","34.881491","137.175837"
"山添ふれあい公園","愛知県幸田町大字大草字長根尻107","34.871646","137.175809"
"大草東コミュニティホーム","愛知県幸田町大字大草字祢宜屋敷22-1","34.877649","137.189648"
"大草南コミュニティホーム","愛知県幸田町大字大草字馬場6-3","34.87474","137.175062"
"大草保育園","愛知県幸田町大字大草字北川後50","34.877355","137.173862"
"長嶺コミュニティホーム","愛知県幸田町大字長嶺字南郷中28","34.897078","137.189277"
"長嶺北山公園","愛知県幸田町大字長嶺字北山106-1","34.899408","137.1883"
"フタバ産業株式会社駐車場","愛知県幸田町大字長嶺字柳沢1-1","34.895422","137.200032"
"欠間児童館","愛知県幸田町大字菱池字欠間11","34.874771","137.168783"
"幸田中央公園","愛知県幸田町大字菱池字元林1-7","34.863843","137.167411"
"幸田中学校","愛知県幸田町大字菱池字黒方19","34.866631","137.168112"
"幸田町中央公民館","愛知県幸田町大字菱池字黒方78","34.866032","137.167164"
"岩堀公民館","愛知県幸田町大字菱池字昆沙門1-1","34.870094","137.166972"
"岩堀老人憩の家","愛知県幸田町大字菱池字昆沙門2","34.870213","137.167171"
"桜坂コミュニティホーム","愛知県幸田町大字菱池字桜坂31-1","34.864407","137.170089"
"桜坂公園","愛知県幸田町大字菱池字桜坂31-2","34.864535","137.170032"
"鷲田コミュニティホーム","愛知県幸田町大字菱池字寺西6","34.882314","137.16407"
"障害者地域活動支援センター","愛知県幸田町大字菱池字城山143-1","34.878012","137.160344"
"新田住民広場","愛知県幸田町大字菱池字新田106","34.884425","137.148631"
"新田老人憩の家","愛知県幸田町大字菱池字新田110","34.88424","137.149484"
"菱池保育園","愛知県幸田町大字菱池字前田25-1","34.870784","137.163777"
"わしだ保育園","愛知県幸田町大字菱池字大久後16-1","34.879365","137.165657"
"沢田公園","愛知県幸田町大字菱池字沢田61","34.870145","137.174221"
"駅西公園","愛知県幸田町大字菱池字池端22","34.863136","137.162998"
"鷲田住民広場","愛知県幸田町大字菱池字田多美250","34.879537","137.164442"
"内池公園","愛知県幸田町大字菱池字内池1","34.865282","137.162534"
"鷲田公民館","愛知県幸田町大字菱池字野々宮102-1","34.879105","137.166228"
"豊坂保育園","愛知県幸田町大字野場字井戸田40-1","34.864505","137.15428"
"野場老人憩の家","愛知県幸田町大字野場字下市場53","34.870523","137.146318"
"野場ふれあいセンター","愛知県幸田町大字野場字下片田19","34.871568","137.145934"
"野場農村公園","愛知県幸田町大字野場字弓取山100-3","34.866184","137.145672"
"勤労者体育センター","愛知県幸田町大字野場字鶏島50-1","34.865473","137.153066"
"豊坂小学校","愛知県幸田町大字野場字鶏島55","34.865768","137.153725"
"大日蔭運動場","愛知県幸田町大字野場字大日蔭33","34.867011","137.150671"
"野場南部コミュニティホーム","愛知県幸田町大字野場字南野105","34.86739","137.146179"
"六栗住民広場","愛知県幸田町大字六栗字西山38-1","34.85558","137.156086"
"六栗団地ちびっ子広場","愛知県幸田町大字六栗字大後1-1","34.853484","137.161043"
"六栗県営住宅ちびっ子広場","愛知県幸田町大字六栗字八幡2-2","34.853537","137.159921"
"六栗コミュニティホーム","愛知県幸田町大字六栗字八幡24-2","34.854024","137.160834"
"六栗公民館","愛知県幸田町大字六栗字本郷5-1","34.856652","137.160244"
"古知野東公民館（２階）","愛知県江南市宮後町清水161","35.339959","136.887874"
"古知野東小学校（グランド）","愛知県江南市宮後町船渡58","35.342967","136.881131"
"古知野東小学校（２階以上の廊下・屋上）","愛知県江南市宮後町船渡58","35.343361","136.881514"
"蘇南公園","愛知県江南市宮田町本田島322","35.356513","136.840565"
"老人福祉センター・中央コミュニティセンター（２階・屋上）","愛知県江南市古知野町宮裏121","35.339826","136.865317"
"古知野高等学校（グランド）","愛知県江南市古知野町高瀬1","35.344343","136.867345"
"古知野南小学校（２階以上の廊下・屋上）","愛知県江南市古知野町大塔72","35.334863","136.867086"
"古知野南小学校（グランド）","愛知県江南市古知野町大塔72","35.334317","136.867212"
"古知野中児童遊園","愛知県江南市古知野町本郷40","35.339161","136.871395"
"布袋児童遊園","愛知県江南市五明町青木175","35.319868","136.867419"
"宮田中学校（グランド）","愛知県江南市後飛保町前川210","35.350601","136.85167"
"宮田中学校（２階以上の廊下・屋上）","愛知県江南市後飛保町前川210","35.349819","136.851669"
"宮田小学校（グランド）","愛知県江南市後飛保町両家125","35.351889","136.849355"
"宮田小学校（２階以上の廊下・屋上）","愛知県江南市後飛保町両家125","35.352367","136.848765"
"古知野中学校（２階以上の廊下・屋上）","愛知県江南市高屋町遠場148","35.341716","136.877584"
"古知野中学校（グランド）","愛知県江南市高屋町遠場148","35.341233","136.877713"
"ＫＴＸアリーナ　（江南市スポーツセンターグランド）","愛知県江南市高屋町清水118","35.350761","136.87481"
"江南市武道館（２階以上）","愛知県江南市高屋町清水118","35.349818","136.874158"
"ＫＴＸアリーナ　（江南市スポーツセンター２階）","愛知県江南市高屋町清水118","35.350185","136.874985"
"愛北看護専門学校（校舎屋上）","愛知県江南市高屋町大松原137-7","35.354789","136.879255"
"布袋北小学校（グランド）","愛知県江南市今市場町秋津220","35.330739","136.881923"
"布袋北小学校（２階以上の廊下・屋上）","愛知県江南市今市場町秋津220","35.329997","136.882701"
"布袋南部地区学習等供用施設（２階）","愛知県江南市小折本町小松原28","35.309662","136.88075"
"フラワーパーク江南","愛知県江南市小杁町一色地先","35.365073","136.863047"
"草井小学校（２階以上の廊下・屋上）","愛知県江南市小杁町長者毛西1","35.363607","136.871792"
"草井小学校（グランド）","愛知県江南市小杁町長者毛西1","35.363224","136.872481"
"小鹿児童遊園","愛知県江南市小杁町八幡327","35.361293","136.870012"
"西部中学校（２階以上の廊下・屋上）","愛知県江南市上奈良町観音寺60","35.325275","136.855038"
"西部中学校（グランド）","愛知県江南市上奈良町観音寺60","35.325287","136.855953"
"㈱綿半ホームエイド江南店（屋上駐車場）","愛知県江南市上奈良町緑13","35.332535","136.858757"
"（仮称）大間児童公園","愛知県江南市赤童子町大間70","35.335307","136.861443"
"曼陀羅寺公園","愛知県江南市前飛保町寺町202","35.349517","136.857575"
"二子山児童遊園","愛知県江南市曽本町二子136-1","35.306034","136.88548"
"すいとぴあ江南","愛知県江南市草井町西200","35.370976","136.879592"
"すいとぴあ江南（４階以上）","愛知県江南市草井町西200","35.37098","136.878693"
"江南緑地公園（草井）","愛知県江南市草井町中270","35.373017","136.880964"
"草井児童遊園","愛知県江南市草井町中３８地先","35.372758","136.882228"
"藤里小学校（３階以上の廊下・屋上）","愛知県江南市村久野町藤里1","35.358501","136.858657"
"藤里小学校（グランド）","愛知県江南市村久野町藤里1","35.358052","136.858574"
"北部中学校（２階以上の廊下・屋上）","愛知県江南市村久野町平松245","35.360051","136.879866"
"北部中学校（グランド）","愛知県江南市村久野町平松245","35.360157","136.880793"
"門弟山小学校（グランド）","愛知県江南市村久野町門弟山272","35.349299","136.864394"
"門弟山小学校（２階以上の廊下・屋上）","愛知県江南市村久野町門弟山272","35.348802","136.86378"
"江南緑地公園（中般若）","愛知県江南市中般若町川端284","35.3753","136.889693"
"古知野西小学校（２階以上の廊下・屋上）","愛知県江南市東野町郷前西88","35.333306","136.85016"
"古知野西小学校（グランド）","愛知県江南市東野町郷前西88","35.332739","136.850423"
"滝学園（グランド）","愛知県江南市東野町米野1","35.334764","136.856589"
"白山児童遊園","愛知県江南市尾崎町白山35","35.332843","136.878158"
"布袋小学校（グランド）","愛知県江南市布袋下山町南167","35.314642","136.870919"
"布袋小学校（２階以上の廊下・屋上）","愛知県江南市布袋下山町南167","35.315009","136.870921"
"布袋ふれあい会館（２階以上）","愛知県江南市布袋町東359","35.318934","136.871335"
"地蔵山児童遊園","愛知県江南市布袋町北162","35.322646","136.871021"
"尾北高等学校（グランド）","愛知県江南市北山町西4","35.321253","136.874459"
"布袋中学校（２階以上の廊下・屋上）","愛知県江南市北山町西7","35.320125","136.875664"
"布袋中学校（グランド）","愛知県江南市北山町西7","35.320743","136.875919"
"北山児童遊園","愛知県江南市北山町東63","35.318283","136.878584"
"中央公園","愛知県江南市北野町川石1-1","35.335694","136.877429"
"江南高等学校（グランド）","愛知県江南市北野町川石25-2","35.333892","136.877742"
"布袋北部地区学習等供用施設（２階）","愛知県江南市木賀町新開278","35.324228","136.870626"
"交通児童遊園","愛知県江南市木賀町大門19","35.325604","136.871645"
"古知野北小学校（グランド）","愛知県江南市和田町宮145","35.35523","136.886241"
"古知野北小学校（２階以上の廊下・屋上）","愛知県江南市和田町宮145","35.355639","136.885978"
"吉浜交流館　駐車場","愛知県高浜市屋敷町5-12-8","34.940731","136.996121"
"吉浜交流館　屋内施設","愛知県高浜市屋敷町5-12-8","34.940538","136.995956"
"吉浜小学校　校庭","愛知県高浜市屋敷町5-8-1","34.940736","136.997337"
"吉浜小学校　体育館","愛知県高浜市屋敷町5-8-1","34.94179","136.99774"
"吉浜幼稚園　園庭","愛知県高浜市屋敷町5-9-2","34.940196","136.996597"
"丸畑公園","愛知県高浜市呉竹町1-2-1","34.943994","136.987695"
"吉浜保育園　園庭","愛知県高浜市呉竹町3-8-20","34.940174","136.989966"
"小中根公園","愛知県高浜市呉竹町4-13-1","34.93858","136.99485"
"フレンド公園","愛知県高浜市向山町1-1-7","34.925376","136.994993"
"高取ふれあいプラザ（２階）","愛知県高浜市向山町1-214-4","34.926279","137.001904"
"高取ふれあいプラザ（１階）","愛知県高浜市向山町1-214-4","34.926327","137.001938"
"高取ふれあいプラザ　駐車場","愛知県高浜市向山町1-214-4","34.926132","137.001813"
"五反田グランド","愛知県高浜市向山町2-1-8","34.926826","137.002888"
"授産所高浜安立　屋内施設","愛知県高浜市向山町6-1-1","34.924072","136.99607"
"旧大山会館","愛知県高浜市春日町2-1-1","34.931718","136.984982"
"大山緑地・春日神社","愛知県高浜市春日町2-1-1","34.932312","136.9853"
"山田公園","愛知県高浜市小池町4-7-11","34.943255","137.000661"
"中部公園","愛知県高浜市神明町1-12-1","34.937937","136.999846"
"神明公園","愛知県高浜市神明町2-11-1","34.941976","137.002525"
"翼小学校　校庭","愛知県高浜市神明町5-1-1","34.935866","137.003582"
"翼小学校　体育館","愛知県高浜市神明町5-1-1","34.936825","137.003909"
"高取神明宮","愛知県高浜市神明町7-9-8","34.931743","137.002733"
"高浜ひかり幼稚園　園庭","愛知県高浜市清水町6-6-36","34.927625","137.017485"
"高浜児童センター","愛知県高浜市青木町6-1-15","34.92393","136.988784"
"地域交流施設たかぴあ　駐車場","愛知県高浜市青木町6-1-15","34.92407","136.988489"
"地域交流施設たかぴあ　サブアリーナほか屋内施設","愛知県高浜市青木町6-1-15","34.923767","136.989004"
"高浜小学校　校庭","愛知県高浜市青木町6-1-15","34.923143","136.988862"
"高浜小学校　メインアリーナ","愛知県高浜市青木町6-1-15","34.923956","136.989312"
"たかはまこども園　園庭","愛知県高浜市青木町6-1-94","34.92441","136.988899"
"高浜老人ふれあいの家　広場","愛知県高浜市青木町9-2-5","34.92492","136.984141"
"さわたり夢広場","愛知県高浜市沢渡町3-6-16","34.93127","136.992644"
"東海会館　屋内施設","愛知県高浜市田戸町2-2-59","34.914626","136.982529"
"高浜南部保育園　園庭","愛知県高浜市田戸町3-5-26","34.911722","136.985297"
"洲崎公園","愛知県高浜市田戸町7-7-20","34.911576","136.980391"
"後世山公園","愛知県高浜市湯山町5-9-1","34.931652","136.999694"
"女性文化センター　駐車場","愛知県高浜市湯山町6-6-17","34.930523","136.996923"
"女性文化センター（１階）","愛知県高浜市湯山町6-6-4","34.930458","136.996756"
"女性文化センター（２階）","愛知県高浜市湯山町6-6-4","34.930388","136.9968"
"高浜中学校　校庭","愛知県高浜市湯山町7-1-1","34.932703","136.994873"
"高浜中学校　体育館・武道場","愛知県高浜市湯山町7-1-1","34.932782","136.993907"
"南中学校　校庭","愛知県高浜市二池町3-3-2","34.917912","136.994388"
"南中学校　体育館・武道場","愛知県高浜市二池町3-3-2","34.918717","136.993868"
"ボートレースチケットショップ高浜　駐車場","愛知県高浜市二池町4-5-5","34.913778","136.994046"
"大清水公園","愛知県高浜市八幡町1-9-1","34.953704","136.99399"
"八幡公園・八幡社","愛知県高浜市八幡町4-1-16","34.947898","136.992908"
"吉浜北部保育園　園庭","愛知県高浜市八幡町4-8-4","34.947246","136.993976"
"南部第２ふれあいプラザ（２階）","愛知県高浜市碧海町3-5-4","34.918447","136.98719"
"南部第２ふれあいプラザ（１階）","愛知県高浜市碧海町3-5-4","34.918452","136.98726"
"港小学校　体育館","愛知県高浜市碧海町4-1-7","34.916749","136.984235"
"港小学校　校庭","愛知県高浜市碧海町4-1-7","34.916235","136.984734"
"高浜安立荘　駐車場","愛知県高浜市芳川町1-2-73","34.941311","136.981201"
"エヌティーツール㈱　５階・６階","愛知県高浜市芳川町1-7-10","34.938726","136.983836"
"たかびれ公園・神明社","愛知県高浜市芳川町2-1-7","34.941183","136.984886"
"かりや愛知中央生活協同組合　高浜センター　駐車場","愛知県高浜市豊田町1-10-50","34.944083","137.011394"
"吉久伝公園","愛知県高浜市豊田町1-211-1","34.945088","137.004735"
"エヌティーテクノ㈱高取工場　駐車場","愛知県高浜市豊田町3-3-1","34.935482","137.007993"
"㈱スギヤス　従業員東駐車場","愛知県高浜市豊田町3-6-1","34.935805","137.010984"
"県立高浜高等学校　体育館","愛知県高浜市本郷町1-6-1","34.928405","136.997107"
"高取小学校　体育館","愛知県高浜市本郷町6-6-1","34.928355","137.003572"
"高取小学校　校庭","愛知県高浜市本郷町6-6-1","34.928285","137.004248"
"エヌティーテクノ㈱　従業員駐車場（吉野橋東）","愛知県高浜市論地町1-8-8","34.921696","136.995459"
"論地どんぐり公園","愛知県高浜市論地町2-2-207","34.920659","136.999423"
"論地東こども広場","愛知県高浜市論地町3-6-47","34.917957","137.004713"
"エヌティーテクノ㈱　従業員駐車場（論地児童遊園北）","愛知県高浜市論地町5-2-17","34.920442","136.998206"
"コパンスポーツクラブ高浜　駐車場・テニスコート","愛知県高浜市論地町5-6-55","34.917139","136.996033"
"稲口公園","愛知県春日井市稲口町3-11","35.241555","136.949555"
"乙輪公園","愛知県春日井市乙輪町3-2","35.246975","136.979934"
"下市場公園","愛知県春日井市下市場町2-5","35.259458","137.000271"
"西津公園","愛知県春日井市下条町1-4","35.230843","136.969199"
"下中公園","愛知県春日井市下条町2-8","35.227127","136.969939"
"下条公園","愛知県春日井市下条町3-7","35.22923","136.973758"
"花長公園","愛知県春日井市花長町2-11","35.234042","136.939109"
"篠木公園","愛知県春日井市関田町1-41","35.25043","136.984429"
"関田公園","愛知県春日井市関田町3-115","35.251276","136.989522"
"岩成公園","愛知県春日井市岩成台10-11","35.277619","137.036443"
"気噴南公園","愛知県春日井市気噴町2-17-1","35.263609","137.030972"
"繁田公園","愛知県春日井市気噴町北2-312","35.267303","137.033221"
"牛山運動広場","愛知県春日井市牛山町3180","35.271302","136.945425"
"八池公園","愛知県春日井市玉野町字北山1657-4","35.275646","137.071073"
"穴橋公園","愛知県春日井市穴橋町2-8-1","35.254253","136.996193"
"後田公園","愛知県春日井市高森台3-17-2","35.290463","137.043521"
"高森山公園","愛知県春日井市高森台8-4-1","35.292013","137.052694"
"気噴公園","愛知県春日井市高蔵寺町2-87","35.261923","137.037419"
"霜畑公園","愛知県春日井市高蔵寺町5-8","35.261454","137.046673"
"細木公園","愛知県春日井市細木町1-51","35.223464","136.956018"
"かすが台中央公園","愛知県春日井市坂下町7-760-978","35.292649","137.013436"
"若草公園","愛知県春日井市若草通4-51","35.239407","136.960197"
"天王公園","愛知県春日井市若草通5-70","35.243004","136.961672"
"出川南公園","愛知県春日井市出川町5-33","35.263901","137.022179"
"春見公園","愛知県春日井市春見町23","35.248855","136.974557"
"川添公園","愛知県春日井市勝川新町3-100","35.237269","136.947255"
"地蔵ケ池公園","愛知県春日井市勝川町1-3-1","35.219771","136.945779"
"勝川公園","愛知県春日井市勝川町3-48","35.224381","136.949448"
"勝川北山公園","愛知県春日井市勝川町5-107","35.228553","136.949212"
"はなのき公園","愛知県春日井市小野町2-64","35.227448","136.963441"
"巾川公園","愛知県春日井市小野町3-53","35.229833","136.962591"
"しょうな公園","愛知県春日井市庄名町2-6-7","35.277004","137.027006"
"道風公園","愛知県春日井市松河戸町5-9-1","35.220145","136.967669"
"勝川駅南公園","愛知県春日井市松新町6-1-1","35.228007","136.957195"
"金地蔵公園","愛知県春日井市松本町1-12-6","35.273598","137.023325"
"中部大学グラウンド","愛知県春日井市松本町1200","35.274167","137.011105"
"上田楽運動広場","愛知県春日井市上田楽町1958-1","35.279541","136.95162"
"神屋公園","愛知県春日井市神屋町字起938-1","35.298729","137.021106"
"ネオポリス２号公園","愛知県春日井市神屋町字御手洗2298-64","35.296302","137.03066"
"樋田公園","愛知県春日井市神領町3-10-1","35.257239","137.014779"
"八瑞公園","愛知県春日井市瑞穂通5-41","35.249895","136.971345"
"前高グラウンド","愛知県春日井市西高山町2-11","35.257615","136.948583"
"西本町公園","愛知県春日井市西本町2-14","35.234779","136.933435"
"石尾公園","愛知県春日井市石尾台2-2","35.291045","137.056993"
"寺地公園","愛知県春日井市惣中町2-97","35.229821","136.946811"
"泉公園","愛知県春日井市大手町1-20","35.269107","136.956177"
"田酉公園","愛知県春日井市大手田酉町1-24","35.260314","136.958115"
"大和公園","愛知県春日井市大和通1-7-2","35.230198","136.951844"
"勇助山公園","愛知県春日井市知多町1-166","35.229522","136.941988"
"戸田公園","愛知県春日井市中新町1-18","35.224252","136.931967"
"春日山公園","愛知県春日井市中新町2-20-1","35.228693","136.931852"
"中切公園","愛知県春日井市中切町2-7","35.225255","136.973435"
"朝宮公園","愛知県春日井市朝宮町4-1-2","35.255962","136.959701"
"町田公園","愛知県春日井市町田町2-114","35.226511","136.957189"
"長塚公園","愛知県春日井市長塚町1-138","35.221391","136.95096"
"水林公園","愛知県春日井市鳥居松町1-244","35.237103","136.96769"
"慈恵公園","愛知県春日井市鳥居松町1-26","35.240607","136.965523"
"中央公園","愛知県春日井市鳥居松町3-21","35.244777","136.969225"
"鳥居松公園","愛知県春日井市鳥居松町4-205","35.244133","136.973163"
"桃花園中央公園","愛知県春日井市東山町3-2345-1549","35.281658","136.999375"
"落合公園","愛知県春日井市東野町字落合池1","35.271393","136.989738"
"藤山公園","愛知県春日井市藤山台3-3","35.286113","137.039596"
"二子山公園","愛知県春日井市二子町2-11-1","35.226648","136.936038"
"如意申公園","愛知県春日井市如意申町3-4-1","35.246027","136.944944"
"原田公園","愛知県春日井市如意申町5-5-1","35.250351","136.949778"
"八光公園","愛知県春日井市柏井町1-42","35.233388","136.957012"
"柏井公園","愛知県春日井市柏井町3-185","35.234563","136.961702"
"篠田公園","愛知県春日井市柏井町6-62","35.232845","136.962837"
"柏原公園","愛知県春日井市柏原町3-286","35.245937","136.958568"
"白山公園","愛知県春日井市白山町5-17","35.273479","137.03048"
"白山運動広場","愛知県春日井市白山町6-4-2","35.272452","137.032293"
"八田地区ふれあい広場","愛知県春日井市八田町2-39","35.25463","136.968418"
"美濃町公園","愛知県春日井市美濃町2-217","35.240941","136.942309"
"不二ガ丘公園","愛知県春日井市不二ガ丘2-49","35.269179","137.013903"
"堀ノ内公園","愛知県春日井市堀ノ内町2-7","35.251839","137.005287"
"妙慶公園","愛知県春日井市妙慶町123-1","35.238058","136.952571"
"市民球場","愛知県春日井市明知町463-1","35.311423","137.039667"
"弥生公園","愛知県春日井市弥生町2-70","35.242905","136.978102"
"藤ノ木公園","愛知県春日井市林島町3-8-1","35.250501","136.994019"
"六軒屋公園","愛知県春日井市六軒屋町5-177","35.258087","136.977645"
"応時中学校","愛知県小牧市応時1-130","35.283497","136.933565"
"北里中学校","愛知県小牧市下小針中島2-170","35.268816","136.903266"
"北里小学校","愛知県小牧市下小針中島2-50","35.270188","136.905269"
"小牧市スポーツ公園","愛知県小牧市間々原新田737","35.304618","136.922233"
"間々公園","愛知県小牧市間々本町354","35.297111","136.91135"
"岩崎中学校","愛知県小牧市岩崎2588","35.31077","136.923461"
"小牧特別支援学校","愛知県小牧市久保一色1129-2","35.316938","136.940482"
"一色小学校","愛知県小牧市久保一色3500","35.316746","136.93282"
"小牧工科高校","愛知県小牧市久保一色3737-1","35.319565","136.927398"
"南スポーツセンター","愛知県小牧市郷中2-201","35.275744","136.921884"
"光ケ丘小学校","愛知県小牧市光ケ丘3-50","35.302656","136.992186"
"光ケ丘中学校","愛知県小牧市光ケ丘3-52","35.301564","136.993759"
"三ツ渕小学校","愛知県小牧市三ツ渕480","35.291665","136.892963"
"篠岡小学校","愛知県小牧市篠岡2-25","35.303632","136.982314"
"篠岡中学校","愛知県小牧市篠岡2-28","35.3056","136.983152"
"小牧南小学校","愛知県小牧市若草町82","35.279419","136.923893"
"味岡中学校","愛知県小牧市小松寺4-1","35.307347","136.942966"
"味岡小学校","愛知県小牧市小松寺5-150","35.30724","136.941535"
"小牧高校","愛知県小牧市小牧1-321","35.292627","136.920226"
"市民会館","愛知県小牧市小牧2-107","35.29299","136.922923"
"小牧小学校","愛知県小牧市小牧3-17","35.291102","136.922691"
"小牧原小学校","愛知県小牧市小牧原新田1125","35.300655","136.921766"
"小木小学校","愛知県小牧市小木西2-1","35.277524","136.892769"
"小牧南高校","愛知県小牧市小木東2-183","35.275655","136.901356"
"小牧勤労センター","愛知県小牧市上末2233-2","35.292082","136.955609"
"陶小学校","愛知県小牧市上末3450-282","35.293399","136.964763"
"総合運動場","愛知県小牧市上末3450-303","35.291763","136.966511"
"桃花台中央公園","愛知県小牧市城山2-10-1","35.297937","136.987384"
"大城小学校","愛知県小牧市城山3-8","35.293026","136.989396"
"さかき運動場","愛知県小牧市新小木1-73","35.283468","136.886587"
"小牧西中学校","愛知県小牧市西之島2200","35.291769","136.896655"
"村中小学校","愛知県小牧市村中1045","35.306301","136.906529"
"市民四季の森","愛知県小牧市大草5786-1","35.311075","137.006241"
"米野小学校","愛知県小牧市中央5-339","35.284887","136.937344"
"桃陵中学校","愛知県小牧市桃ケ丘2-1","35.296412","136.979323"
"桃ケ丘小学校","愛知県小牧市桃ケ丘2-3","35.297574","136.977147"
"小牧山史跡公園","愛知県小牧市堀の内1-1","35.290984","136.91478"
"小牧中学校","愛知県小牧市堀の内4-30","35.286761","136.911911"
"本庄小学校","愛知県小牧市本庄2597-40","35.311852","136.953526"
"ワークセンターかじま広場及びかじまのおおきい公園","愛知県常滑市かじま台2-167","34.87969","136.854843"
"空港島（屋内）アクセスプラザ","愛知県常滑市セントレア1-1","34.859331","136.816484"
"空港島（屋内）フライト・オブ・ドリームズ","愛知県常滑市セントレア1-1","34.855431","136.817102"
"空港島（屋内）貨物事務棟","愛知県常滑市セントレア1-1","34.868904","136.810793"
"空港島（屋外）第１旅客ターミナルビル本館南側セントレアガーデン","愛知県常滑市セントレア1-1","34.856783","136.815959"
"空港島（屋外）アクセスプラザ北側臨時駐車場","愛知県常滑市セントレア1-1","34.862277","136.815272"
"空港島（屋外）エプロン内の安全な場所（制限区域）","愛知県常滑市セントレア1-1","34.855295","136.812011"
"空港島（屋内）第２旅客ターミナルビル","愛知県常滑市セントレア1-1","34.854651","136.816041"
"空港島（屋内）第１旅客ターミナルビル","愛知県常滑市セントレア1-1","34.859028","136.814693"
"西阿野ちびっ子広場","愛知県常滑市阿野町7-18","34.870045","136.854061"
"樽水・西阿野消防団車庫周辺","愛知県常滑市阿野町４地内","34.872256","136.851508"
"西浦北小学校グラウンド","愛知県常滑市井戸田町3-177","34.873348","136.857637"
"陶磁器会館付近の空地","愛知県常滑市栄町３地内","34.890726","136.839626"
"神明社一帯","愛知県常滑市栄町６地内","34.885528","136.839947"
"鬼崎中保育園園庭","愛知県常滑市榎戸町1-106","34.910133","136.828727"
"榎戸公会堂付近の空地","愛知県常滑市榎戸町1-52","34.910649","136.828679"
"榎戸公園","愛知県常滑市榎戸町5-81","34.907663","136.830854"
"波の音こども園園庭","愛知県常滑市塩田町1-155","34.871319","136.847211"
"旧常滑高等学校グラウンド","愛知県常滑市奥栄町1-168","34.881343","136.85111"
"常石保育園園庭","愛知県常滑市奥条7-36","34.886545","136.852322"
"常石神社一帯","愛知県常滑市奥条７地内","34.887575","136.851242"
"蒲池ちびっ子広場","愛知県常滑市蒲池町６地内","34.918928","136.828281"
"南陵公民館周辺","愛知県常滑市苅屋字加茂151","34.851663","136.865588"
"苅屋公民館広場","愛知県常滑市苅屋町2-23","34.855105","136.86168"
"南陵中学校グラウンド","愛知県常滑市苅屋町5-50","34.851485","136.863612"
"宮前農村公園","愛知県常滑市久米字松下100","34.926151","136.850153"
"三和小学校グラウンド","愛知県常滑市久米字諏訪山183","34.926955","136.856775"
"三和児童館広場","愛知県常滑市久米字西郷18","34.929826","136.846336"
"八幡社境内（久米）","愛知県常滑市久米字東郷地内","34.926596","136.850502"
"常滑市体育館","愛知県常滑市金山字下砂原78-1","34.916031","136.840291"
"平井農村公園","愛知県常滑市金山字牛位100","34.921894","136.851118"
"諏訪神社境内","愛知県常滑市金山字菖蒲池地内","34.923625","136.846435"
"城山公園","愛知県常滑市金山字城山3","34.928261","136.833853"
"前山会館広場","愛知県常滑市金山字前田111","34.923569","136.844347"
"石瀬ちびっ子広場","愛知県常滑市金山字東屋敷地内","34.929434","136.83896"
"青海中学校グラウンド","愛知県常滑市金山字南平井13-1","34.926889","136.840511"
"三和南保育園園庭","愛知県常滑市金山字平井120","34.925131","136.848857"
"石瀬公会堂広場","愛知県常滑市金山字北平井99","34.927754","136.840091"
"青海こども園園庭","愛知県常滑市金山字油手6","34.928467","136.835097"
"上池埋立広場","愛知県常滑市金山字油手地内","34.928945","136.837203"
"熊野公会堂付近","愛知県常滑市熊野町2-73","34.864208","136.856738"
"熊野農村公園","愛知県常滑市熊野町3-320","34.863286","136.861714"
"原松公園","愛知県常滑市原松町2-192","34.894226","136.839485"
"北条墓地周辺","愛知県常滑市原松町６地内","34.892544","136.840867"
"西浦南小学校グラウンド","愛知県常滑市古場字栗下前5","34.857625","136.862399"
"古場農村公園","愛知県常滑市古場字山ノ神96","34.858678","136.862974"
"西浦南保育園園庭","愛知県常滑市古場町3-89","34.858601","136.862006"
"西浦南児童館広場","愛知県常滑市古場町7-16-3","34.857551","136.861343"
"旧広目消防団車庫周辺","愛知県常滑市広目","34.821799","136.874266"
"広目公会堂付近の広場","愛知県常滑市広目字前田面1-2","34.821224","136.878412"
"広目農村公園","愛知県常滑市広目字前田面104","34.821015","136.875603"
"鬼崎中学校グラウンド","愛知県常滑市港町3-1","34.90733","136.825496"
"榎戸駅周辺","愛知県常滑市港町６地内","34.905092","136.828368"
"坂井白楽会憩の家周辺","愛知県常滑市坂井字中田地内","34.818344","136.866097"
"ＳＡＫＡＩ保育園周辺","愛知県常滑市坂井字東垣内51-2","34.818954","136.868448"
"坂井公会堂広場","愛知県常滑市坂井字落田31","34.818723","136.863847"
"山方会館広場","愛知県常滑市山方町5-39","34.879162","136.844996"
"丸山保育園園庭","愛知県常滑市山方町7-156","34.876709","136.844841"
"旧市場ちびっ子広場","愛知県常滑市市場町５地内","34.881237","136.841914"
"火葬場一帯","愛知県常滑市字高坂23-35","34.893228","136.869341"
"常滑中学校グラウンド","愛知県常滑市字二ノ田16-14","34.898257","136.861363"
"鬼崎北小学校グラウンド","愛知県常滑市住吉町2-56","34.924101","136.825521"
"鬼崎北保育園園庭","愛知県常滑市住吉町5-36","34.923224","136.829783"
"旧小倉公会堂周辺","愛知県常滑市小倉町5-44","34.934831","136.83193"
"三和西保育園園庭","愛知県常滑市小倉町8-110","34.932731","136.832925"
"小倉ちびっ子広場（３丁目）","愛知県常滑市小倉町３地内","34.936017","136.83431"
"小倉ちびっ子広場（６丁目）","愛知県常滑市小倉町６地内","34.934207","136.829631"
"蒲池コミュニティセンター付近の空地","愛知県常滑市小林町3-113-1","34.919121","136.826254"
"鈴渓会館広場","愛知県常滑市小鈴谷字荒子214","34.829298","136.871948"
"小鈴谷農村公園","愛知県常滑市小鈴谷字淵前102","34.830918","136.877084"
"夕灘公園","愛知県常滑市小鈴谷字夕灘地内","34.829254","136.868496"
"ボートレースとこなめ西駐車場周辺","愛知県常滑市新開町４丁目地内","34.88646","136.831485"
"鬼崎西保育園園庭","愛知県常滑市新田町2-18-3","34.910677","136.823744"
"グリーンセンター鬼崎店前広場","愛知県常滑市新田町５地内","34.909207","136.827413"
"新浜町空地","愛知県常滑市新浜町３・４・５丁目地内","34.901419","136.8271"
"神明グラウンド","愛知県常滑市神明町3-43","34.91501","136.828876"
"神明社境内（榎戸）","愛知県常滑市神明町３地内","34.913694","136.82887"
"常滑児童センター広場","愛知県常滑市瀬木町1-105","34.885185","136.844669"
"瀬木保育園園庭","愛知県常滑市瀬木町2-94","34.886906","136.846434"
"常滑東小学校グラウンド","愛知県常滑市瀬木町4-100","34.888026","136.84927"
"とこなめ陶の森資料館広場","愛知県常滑市瀬木町4-203","34.886376","136.850005"
"西之口公民館付近の広場","愛知県常滑市西之口8-1","34.927691","136.825077"
"青海町ちびっ子広場","愛知県常滑市青海町８地内","34.926003","136.834574"
"旧ちよがおか園庭","愛知県常滑市千代ケ丘2-15","34.890428","136.843742"
"山ノ神グラウンド","愛知県常滑市泉町2-151","34.875465","136.852979"
"多屋茨廻間児童遊園","愛知県常滑市多屋字茨廻間地内","34.902453","136.845748"
"大曽公園一帯（野球場・多目的グラウンド）","愛知県常滑市大曽町6-3","34.88584","136.871333"
"八幡社境内（大谷）","愛知県常滑市大谷字奥條地内","34.841264","136.867591"
"大谷農村公園","愛知県常滑市大谷字鴨179","34.848442","136.865846"
"旧小鈴谷児童館広場","愛知県常滑市大谷字松ケ坪95-2","34.840881","136.870284"
"小鈴谷小学校グラウンド","愛知県常滑市大谷朝陽ケ丘1-94","34.836048","136.869574"
"小鈴谷保育園園庭","愛知県常滑市大谷朝陽ケ丘1-95","34.836739","136.870411"
"大野小学校グラウンド","愛知県常滑市大野町10-70","34.932125","136.828616"
"旧大野児童センター付近の広場","愛知県常滑市大野町6-36","34.934249","136.826384"
"旧大野小学校跡の広場","愛知県常滑市大野町１地内","34.939022","136.826173"
"小倉神社の広場一帯","愛知県常滑市大野町２地内","34.936638","136.827619"
"海音寺付近の空地","愛知県常滑市大野町３地内","34.93796","136.82467"
"市営住宅遊園地","愛知県常滑市大和町３地内","34.901429","136.834612"
"樽水公民館・旧西浦北保育園周辺","愛知県常滑市樽水町4-77","34.874641","136.8488"
"一・六青空マーケット広場","愛知県常滑市樽水町１地内","34.875494","136.843024"
"多屋公園","愛知県常滑市虹の丘2-156","34.902496","136.836215"
"みたけ公園一帯","愛知県常滑市白山町2-25","34.876466","136.850696"
"北条公園","愛知県常滑市飛香台1-6-1","34.895294","136.848007"
"ねむのき公園","愛知県常滑市飛香台3-2","34.89723","136.852331"
"どんぐり公園","愛知県常滑市飛香台4-10","34.898181","136.854219"
"保示会館周辺","愛知県常滑市保示町1-111","34.878612","136.84124"
"旧市役所跡の広場","愛知県常滑市本町2-237","34.883093","136.841266"
"常滑西小学校グラウンド","愛知県常滑市本町3-136","34.883499","136.842911"
"鬼崎南小学校グラウンド","愛知県常滑市明和町2-47","34.905107","136.832142"
"明和児童館広場","愛知県常滑市明和町3-15","34.906334","136.832555"
"上之山農村公園","愛知県常滑市矢田字上之山101","34.935489","136.858951"
"矢田公民館広場","愛知県常滑市矢田字青木118","34.932032","136.865919"
"旧三和東幼稚園園庭","愛知県常滑市矢田字東根組37","34.933838","136.861496"
"檜原公園（東駐車場付近）","愛知県常滑市檜原字神水地内","34.860668","136.882888"
"旧檜原消防団車庫周辺","愛知県常滑市檜原字東前田地内","34.857345","136.884396"
"檜原ちびっ子広場","愛知県常滑市檜原字鍋山地内","34.85455","136.892142"
"檜原公会堂広場","愛知県常滑市檜原字平井前1-11","34.855738","136.88747"
"来明グラウンド","愛知県常滑市檜原字来明地内","34.853493","136.881766"
"一鍬田公民館広場","愛知県新城市一鍬田字九五41-2","34.874466","137.483971"
"稲木公民館広場","愛知県新城市稲木字新仲野33","34.893802","137.468907"
"野田忠魂碑広場","愛知県新城市稲木字仲野75-1","34.891841","137.475999"
"旧黄柳野小学校","愛知県新城市黄柳野字池田684-23","34.874705","137.579291"
"黄柳川小学校","愛知県新城市下吉田字五反田187-1","34.90593","137.605926"
"旧海老小学校","愛知県新城市海老字宮前17","35.025574","137.558484"
"海老構造改善センター","愛知県新城市海老字千原田5-1","35.020293","137.555582"
"吉川公民館","愛知県新城市吉川字上林55-1","34.883096","137.550521"
"牛倉公民館広場","愛知県新城市牛倉字上平55","34.928736","137.515279"
"鳳来寺小学校","愛知県新城市玖老勢字大栗平1","34.978651","137.56203"
"玖老勢コミュニティプラザ","愛知県新城市玖老勢字薮ノ内12-3","34.986487","137.560001"
"作手農村環境改善センター","愛知県新城市作手高松字柿平9-7","34.94774","137.45496"
"作手中学校","愛知県新城市作手高里字ブック田5","34.979969","137.423807"
"つくで交流館・作手小学校","愛知県新城市作手高里字縄手上28-1","34.97635","137.422615"
"新城有教館高等学校作手校舎","愛知県新城市作手高里字木戸口1-2","34.977628","137.425705"
"作手農村集落多目的共同利用施設","愛知県新城市作手菅沼字マンゼ18","35.030742","137.4619"
"旧開成小学校","愛知県新城市作手田原字朴橋3","34.991117","137.427808"
"新城有教館高等学校","愛知県新城市桜淵・中野合併地","34.898634","137.505979"
"旧連谷小学校","愛知県新城市四谷3-2","35.044162","137.56227"
"市場台北公園","愛知県新城市市場台1-10-9","34.887244","137.469303"
"富永神社広場","愛知県新城市字宮ノ後78","34.902826","137.493567"
"新城小学校","愛知県新城市字西入船76","34.897756","137.497041"
"新城中学校","愛知県新城市字滝ノ上1","34.8991","137.501479"
"七郷一色コミュニティプラザ","愛知県新城市七郷一色字西貝津26-2","34.965879","137.678797"
"新城総合公園陸上競技場","愛知県新城市出沢","34.937119","137.540652"
"山吉田トレーニングセンター","愛知県新城市上吉田字山本2-2","34.901483","137.601546"
"須長公民館広場","愛知県新城市須長字石岸32-1","34.929039","137.526507"
"旧消防署広場","愛知県新城市杉山字久保11","34.897368","137.488166"
"千郷小学校","愛知県新城市杉山字前野4-1","34.896296","137.483556"
"千郷中学校","愛知県新城市杉山字道目記24","34.896846","137.482039"
"西部公民館","愛知県新城市杉山字道目記24","34.896155","137.482324"
"鳳来東小学校","愛知県新城市川合字コシ75-1","35.003019","137.665117"
"川田児童公園","愛知県新城市川田字新平4-1","34.878029","137.45989"
"川田原遊園地","愛知県新城市川田字本宮道104-1","34.887011","137.453239"
"川路公民館広場","愛知県新城市川路字連吾25","34.911838","137.524028"
"大海遊園地","愛知県新城市大海字黒瀬64-2","34.931496","137.553494"
"鳳来中央集会所","愛知県新城市大野字久羅下39-2","34.948729","137.60355"
"東陽小学校","愛知県新城市大野字小林70","34.948941","137.608698"
"東郷中学校","愛知県新城市竹広字宮川162-2","34.916367","137.521683"
"中宇利集落センター広場","愛知県新城市中宇利字坂44-23","34.859709","137.534484"
"鳳来中部小学校","愛知県新城市長篠字竹田14","34.931485","137.567948"
"鳳来中学校","愛知県新城市長篠字仲野1","34.935725","137.574299"
"庭野小学校","愛知県新城市庭野字川大田33","34.889701","137.497475"
"徳定区民広場","愛知県新城市徳定字神ノ前564-5","34.911011","137.484847"
"舟着小学校","愛知県新城市日吉字小袋13","34.902629","137.523629"
"東部高齢者生きがいセンター","愛知県新城市能登勢字白岩32","34.975833","137.615676"
"東郷東小学校","愛知県新城市八束穂402-2","34.922442","137.531534"
"八名井集落センター広場","愛知県新城市八名井字中上屋敷2-3","34.867434","137.463441"
"富岡ふるさと会館広場","愛知県新城市富岡字大廻り8-2","34.855025","137.51048"
"八名中学校","愛知県新城市富岡字萩平野3","34.863924","137.505346"
"八名小学校","愛知県新城市富岡字半ノ木15-1","34.861627","137.506091"
"富沢公民館広場","愛知県新城市富沢字安楽寺262-4","34.90727","137.513771"
"旧鳳来西小学校","愛知県新城市布里字小松ヶ根50","34.989087","137.520665"
"東郷西小学校","愛知県新城市平井字東原37-1","34.909128","137.508161"
"片山区民広場","愛知県新城市片山字中屋敷178-2","34.912218","137.492768"
"諏訪公民館広場","愛知県新城市豊栄字鳥居前226","34.895219","137.474091"
"臼子公民館広場","愛知県新城市豊栄字東平1232","34.910085","137.466219"
"山公民館広場","愛知県新城市豊栄字道塚813-1","34.906071","137.477551"
"今出平公民館広場","愛知県新城市豊栄字道添273-1","34.897373","137.476578"
"豊島集荷場広場","愛知県新城市豊島字外畑7-1","34.880183","137.468587"
"千郷西こども園","愛知県新城市豊島字馬渡11-2","34.880835","137.466964"
"千郷神社広場","愛知県新城市野田字上市場3","34.88384","137.470951"
"中市場公民館広場","愛知県新城市野田字西郷36-1","34.88432","137.478583"
"有海緑地公園","愛知県新城市有海","34.922491","137.546578"
"西陵小学校","愛知県瀬戸市すみれ台1-77","35.239529","137.074475"
"西陵地域交流センター","愛知県瀬戸市はぎの台1-1","35.238328","137.071643"
"南山中学校","愛知県瀬戸市ひまわり台5-1","35.235638","137.07176"
"掛川小学校","愛知県瀬戸市下半田川町592-41","35.284193","137.108133"
"下半田川町民会館","愛知県瀬戸市下半田川町842","35.287891","137.119836"
"旧深川小学校","愛知県瀬戸市宮脇町53","35.228419","137.104754"
"深川公民館","愛知県瀬戸市宮脇町53","35.228092","137.104178"
"本地会館","愛知県瀬戸市駒前町20-1","35.204117","137.063294"
"陶原公民館","愛知県瀬戸市熊野町98","35.220308","137.089346"
"原山小学校","愛知県瀬戸市原山台3-98","35.208841","137.090053"
"原山公民館","愛知県瀬戸市原山台8-163","35.212841","137.097555"
"水無瀬中学校","愛知県瀬戸市原山町1","35.216425","137.093508"
"陶原小学校","愛知県瀬戸市原山町1-3","35.218236","137.090424"
"朝日インテックウーブンフィールド（旧古瀬戸小学校）","愛知県瀬戸市古瀬戸町70","35.227101","137.113719"
"品野中学校","愛知県瀬戸市広之田町2-5","35.256056","137.129008"
"水野小学校","愛知県瀬戸市小田妻町2-22","35.245243","137.081847"
"祖母懐公民館","愛知県瀬戸市上ノ切町43","35.221212","137.106155"
"上半田川町民会館","愛知県瀬戸市上半田川町362-1","35.272205","137.14481"
"品野台地域交流センター","愛知県瀬戸市上品野町1211","35.255718","137.134928"
"品野台小学校","愛知県瀬戸市上品野町1234","35.255208","137.134035"
"市民公園","愛知県瀬戸市上本町1","35.240094","137.082707"
"長根公民館","愛知県瀬戸市城屋敷町22","35.21767","137.072603"
"南公園","愛知県瀬戸市西茨町１１３－４４外","35.217135","137.097333"
"聖カピタニオ女子高等学校","愛知県瀬戸市西長根町137","35.212754","137.072978"
"古瀬戸公民館","愛知県瀬戸市西拝戸町16-10","35.226367","137.113949"
"東明公民館","愛知県瀬戸市西拝戸町16-3","35.224906","137.127536"
"にじの丘学園","愛知県瀬戸市中山町1-57","35.219848","137.111297"
"水野地域交流センター","愛知県瀬戸市中水野町1-150","35.245682","137.081579"
"定光寺公園","愛知県瀬戸市定光寺町50","35.27731","137.092139"
"山口公民館","愛知県瀬戸市田中町108","35.196232","137.101305"
"窯神グラウンド","愛知県瀬戸市東安戸町30-1","35.230458","137.09733"
"県立瀬戸工科高等学校","愛知県瀬戸市東権現町22-1","35.21986","137.094799"
"県立瀬戸高等学校","愛知県瀬戸市東山町1-5","35.225619","137.063474"
"東山小学校","愛知県瀬戸市東山町71","35.229438","137.06692"
"水南小学校","愛知県瀬戸市東松山町154","35.231153","137.08277"
"水南公民館","愛知県瀬戸市東松山町154","35.230307","137.082305"
"新郷地域交流センター","愛知県瀬戸市東赤重町1-100","35.209058","137.085737"
"長根小学校","愛知県瀬戸市東長根町166","35.213912","137.076253"
"旧東明小学校","愛知県瀬戸市東明町50","35.223404","137.127048"
"陶祖公園","愛知県瀬戸市藤四郎町42","35.230022","137.108558"
"旧道泉小学校","愛知県瀬戸市道泉町44","35.22599","137.093896"
"道泉地域交流センター","愛知県瀬戸市道泉町53-5","35.225313","137.093425"
"瀬戸ＳＯＬＡＮ小学校","愛知県瀬戸市道泉町76-1","35.226901","137.092393"
"水野中学校","愛知県瀬戸市日の出町34","35.244318","137.076955"
"萩山公民館","愛知県瀬戸市萩山台4-2-2","35.211331","137.1025"
"光陵中学校","愛知県瀬戸市萩山台9-244","35.206826","137.099121"
"幡山公民館","愛知県瀬戸市幡山町71","35.202556","137.080351"
"幡山西小学校","愛知県瀬戸市幡西町203","35.202246","137.070357"
"幡山中学校","愛知県瀬戸市幡中町106","35.196929","137.080313"
"八幡公民館","愛知県瀬戸市八幡台1-145-2","35.208092","137.094414"
"八幡小学校","愛知県瀬戸市八幡台3-1","35.207469","137.095524"
"幡山東小学校","愛知県瀬戸市八幡町455","35.201313","137.105582"
"下品野地域交流センター","愛知県瀬戸市品野町6-116","35.25078","137.123925"
"下品野小学校","愛知県瀬戸市品野町6-223","35.251263","137.121172"
"平町公園","愛知県瀬戸市平町3-142","35.222148","137.065138"
"效範公民館","愛知県瀬戸市北山町39","35.225626","137.072136"
"県立瀬戸北総合高等学校","愛知県瀬戸市本郷町260","35.247345","137.067052"
"県立瀬戸西高等学校","愛知県瀬戸市緑町1-140","35.206832","137.086779"
"效範小学校","愛知県瀬戸市效範町1-1","35.222299","137.070237"
"角の城公園","愛知県清須市阿原角の城68","35.217682","136.854922"
"星の宮小学校","愛知県清須市阿原神門125","35.20903","136.855978"
"県立新川高校","愛知県清須市阿原北野18","35.214745","136.861282"
"清洲中学校","愛知県清須市一場695","35.221824","136.843907"
"廻間第二公園","愛知県清須市廻間1-10-1","35.217173","136.832403"
"廻間第一公園","愛知県清須市廻間3-12-1","35.217127","136.826928"
"花園公園","愛知県清須市寺野花園74","35.209061","136.844789"
"美鈴公園","愛知県清須市寺野美鈴95","35.209851","136.854631"
"中之切公園","愛知県清須市春日砂賀東49-1","35.232084","136.848733"
"中之切保育園","愛知県清須市春日砂賀東95","35.231249","136.848581"
"ネギヤ公園","愛知県清須市春日上須ケ田95-1","35.242709","136.83328"
"春日中学校","愛知県清須市春日振形126","35.238451","136.841321"
"春日小学校","愛知県清須市春日振形131","35.237009","136.841906"
"春日グランド","愛知県清須市春日新田畑1","35.23646","136.840075"
"ネギヤ保育園","愛知県清須市春日須ケ田21","35.242895","136.835077"
"西牧ちびっこ広場","愛知県清須市春日西牧前21","35.231252","136.83934"
"助七公園","愛知県清須市助七1-149","35.202613","136.853241"
"上条公園","愛知県清須市上条2-12-1","35.205684","136.830656"
"新清洲公園","愛知県清須市新清洲2-7-1","35.208921","136.834563"
"丸川公園","愛知県清須市新清洲6-4-1","35.205875","136.835636"
"新川小学校","愛知県清須市須ケ口1239","35.199242","136.852358"
"新川中学校","愛知県清須市須ケ口750","35.204004","136.847474"
"迫間公園","愛知県清須市須ケ口駅前1-71","35.199534","136.843695"
"永安寺公園","愛知県清須市清洲1-10-1","35.215683","136.836877"
"五条川防災センター","愛知県清須市清洲1-6-1","35.216839","136.837152"
"清洲小学校","愛知県清須市清洲1013","35.214212","136.838649"
"清洲東小学校","愛知県清須市清洲2576","35.213339","136.842842"
"清洲公園駐車場","愛知県清須市清洲古城441-3","35.217987","136.841916"
"清洲市民センター","愛知県清須市清洲弁天96-1","35.216802","136.845506"
"伝馬公園","愛知県清須市西市場2-3-1","35.22074","136.83588"
"西市場公園","愛知県清須市西市場4-8-1","35.220335","136.831137"
"西須ケ口公園","愛知県清須市西須ケ口66","35.201628","136.8388"
"花咲公園","愛知県清須市西枇杷島町花咲84","35.202855","136.86564"
"宮前公園","愛知県清須市西枇杷島町宮前2-55","35.204051","136.859005"
"西枇杷島中学校","愛知県清須市西枇杷島町七畝割3-1","35.199942","136.859051"
"西枇杷島小学校","愛知県清須市西枇杷島町住吉1","35.198268","136.865226"
"前並公園","愛知県清須市西枇杷島町小田井1-10-1","35.203951","136.872514"
"にしび創造センター","愛知県清須市西枇杷島町小田井1-12-1","35.203607","136.871734"
"城跡公園","愛知県清須市西枇杷島町小田井2-8-1","35.206329","136.87353"
"上新公園","愛知県清須市西枇杷島町上新95","35.200876","136.87076"
"古城小学校","愛知県清須市西枇杷島町城並2-2-1","35.208495","136.870533"
"六ノ条公園","愛知県清須市西枇杷島町城並3-15-1","35.209193","136.87199"
"庄内川西枇杷島緑地","愛知県清須市西枇杷島町西枇杷池地内","35.190846","136.857321"
"西枇杷島福祉センター","愛知県清須市西枇杷島町大野37-1","35.193848","136.860522"
"瀬部田公園","愛知県清須市西枇杷島町地領1-4-1","35.205924","136.863995"
"地領公園","愛知県清須市西枇杷島町地領2-11-1","35.204898","136.859681"
"芳野公園","愛知県清須市西枇杷島町芳野2-58-2","35.195003","136.855743"
"新川西部浄化センター","愛知県清須市西枇杷島町芳野3-1","35.195995","136.855306"
"北二ツ杁ちびっこ広場","愛知県清須市西枇杷島町北二ツ杁37-1","35.194427","136.857253"
"大嶋公園","愛知県清須市大嶋2-4-2","35.227607","136.836883"
"新川防災センター","愛知県清須市中河原10","35.191819","136.850532"
"清洲文化広場","愛知県清須市朝日城屋敷1-1","35.21645","136.843986"
"土田公園","愛知県清須市土田1-7-1","35.209116","136.832117"
"外町公園","愛知県清須市東外町16","35.201473","136.842746"
"東須ケ口公園","愛知県清須市東須ケ口141","35.202784","136.849838"
"桃栄公園","愛知県清須市桃栄2-116","35.19776","136.84228"
"桃栄小学校","愛知県清須市桃栄2-21","35.197331","136.839398"
"乾角公園","愛知県清須市桃栄2-22","35.196708","136.840285"
"山西公園","愛知県清須市桃栄3-23","35.194951","136.841845"
"大通公園","愛知県清須市桃栄4-79","35.192549","136.845584"
"片町公園","愛知県清須市鍋片3-90","35.20376","136.845804"
"本山公園","愛知県清須市萩野173","35.194885","136.847547"
"消防署一色分署","愛知県西尾市一色町一色伊那跨53","34.812145","137.028656"
"一色中部小学校","愛知県西尾市一色町一色下乾地55","34.815416","137.025082"
"一色町公民館・一色地域交流センター","愛知県西尾市一色町一色東前新田8","34.80655","137.02816"
"一色学びの館","愛知県西尾市一色町一色東前新田8","34.805622","137.027771"
"県営開正住宅","愛知県西尾市一色町開正末宝15","34.826248","137.024948"
"佐久島しおさい学校","愛知県西尾市一色町佐久島影無50","34.727284","137.042846"
"佐久島開発総合センター","愛知県西尾市一色町佐久島掛梨40","34.727321","137.044119"
"一色町体育館","愛知県西尾市一色町坂田新田沖向95","34.787954","137.021274"
"榊原工業㈱　坂田Ａ棟","愛知県西尾市一色町坂田新田御境82-3","34.794804","137.024551"
"治明地区津波避難タワー","愛知県西尾市一色町治明九平山42","34.819687","137.009261"
"一色西部小学校","愛知県西尾市一色町治明通縄68","34.822068","137.015678"
"一色西部保育園","愛知県西尾市一色町治明東川田2-1","34.820818","137.015371"
"㈱オカセイ　本社","愛知県西尾市一色町治明本地12","34.824645","137.016159"
"酒手島排水機場","愛知県西尾市一色町酒手島西芝野通30","34.792237","137.028434"
"らくらく一色","愛知県西尾市一色町松木島丸山54","34.793698","137.04232"
"生田地区津波避難タワー","愛知県西尾市一色町生田宮西43","34.781813","137.036975"
"高須病院","愛知県西尾市一色町赤羽上郷中113-1","34.818867","137.018951"
"県立一色高等学校","愛知県西尾市一色町赤羽上郷中14","34.821378","137.01973"
"㈱渡辺製作所　社屋","愛知県西尾市一色町千間上通東20-3","34.787532","137.044283"
"千間地区津波避難タワー","愛知県西尾市一色町千間戌改上46-1","34.785225","137.044373"
"はずみやこ幼稚園","愛知県西尾市一色町大字大塚字大坪56-1","34.809249","137.043246"
"一色南部小学校","愛知県西尾市一色町中外沢上大割115","34.810158","137.01707"
"㈱高須組　本社","愛知県西尾市一色町味浜中長割12-1","34.805937","137.019406"
"一色東部小学校","愛知県西尾市一色町野田堤外36","34.797234","137.038735"
"福地北部小学校","愛知県西尾市鵜ケ池町大道10","34.845982","137.060054"
"奥田地区津波避難タワー","愛知県西尾市奥田町4-6","34.837054","136.993763"
"㈱デンソー西尾製作所","愛知県西尾市下羽角町住崎1","34.879078","137.131301"
"東部中学校","愛知県西尾市下永良町西後落20","34.872579","137.101602"
"総合福祉センター","愛知県西尾市花ノ木町2-1","34.867794","137.058457"
"県立鶴城丘高等学校","愛知県西尾市亀沢町300","34.873706","137.0493"
"ホワイトウェイブ２１","愛知県西尾市吉良町岡山大岩山70","34.846296","137.077994"
"荻原小学校","愛知県西尾市吉良町荻原烏帽子16","34.808418","137.062668"
"きら市民交流センター","愛知県西尾市吉良町荻原桐杭18-1","34.802431","137.066661"
"市営埋畑住宅","愛知県西尾市吉良町荻原埋畑91-1","34.815231","137.07077"
"吉良カントリークラブ","愛知県西尾市吉良町乙川北大山31","34.799354","137.092594"
"消防署吉良分署","愛知県西尾市吉良町吉田宮前36","34.80091","137.06023"
"荻原ポンプ場","愛知県西尾市吉良町吉田桑ノ木14-1","34.80089","137.0701"
"吉良保健センター","愛知県西尾市吉良町吉田大切間17-3","34.796525","137.064739"
"吉田小学校","愛知県西尾市吉良町吉田大切間18","34.796771","137.06567"
"高島排水機場","愛知県西尾市吉良町吉田東高島125","34.783761","137.056233"
"吉田地区津波避難タワー","愛知県西尾市吉良町吉田東中浜27-1","34.792088","137.071487"
"横須賀ふれあいセンター","愛知県西尾市吉良町小牧郷前5","34.828325","137.078049"
"横須賀保育園","愛知県西尾市吉良町上横須賀宮腰162","34.833122","137.074355"
"横須賀小学校","愛知県西尾市吉良町上横須賀菱池13-1","34.82783","137.072057"
"大島地区津波避難タワー","愛知県西尾市吉良町大島寺西18-2","34.794342","137.049393"
"津平保育園","愛知県西尾市吉良町津平下天神34","34.828105","137.100259"
"津平小学校","愛知県西尾市吉良町津平大入1","34.82643","137.095455"
"白浜小学校","愛知県西尾市吉良町白浜新田北切1","34.788876","137.079983"
"アイシン機工（株）","愛知県西尾市吉良町友国池上70-6","34.81604","137.085793"
"寺津小学校","愛知県西尾市巨海町若宮西25-1","34.837549","137.018252"
"寺津中学校","愛知県西尾市巨海町若宮西5","34.838142","137.019368"
"西尾小学校","愛知県西尾市錦城町162-1","34.865597","137.049246"
"西尾幼稚園","愛知県西尾市錦城町162-13","34.865373","137.047649"
"戸ケ崎公園","愛知県西尾市戸ケ崎三丁目12","34.881374","137.064682"
"ゼロメートル地帯広域防災活動拠点","愛知県西尾市行用町","34.825108","137.020982"
"西尾駅東駅前広場","愛知県西尾市高畠町3-166-1","34.864252","137.058579"
"花ノ木小学校","愛知県西尾市高畠町6-1","34.861192","137.057292"
"花ノ木保育園","愛知県西尾市今川町石橋8-2","34.859536","137.060744"
"西尾中学校","愛知県西尾市今川町土井堀1","34.856625","137.067758"
"福地北部保育園","愛知県西尾市細池町天神東11","34.845487","137.058713"
"鶴城小学校","愛知県西尾市桜町溜池27-5","34.880036","137.054912"
"文化会館","愛知県西尾市山下町泡原30","34.863434","137.045478"
"西尾公園総合グラウンド","愛知県西尾市山下町泡原70","34.864269","137.046836"
"白ばら園","愛知県西尾市室町中屋敷95","34.856882","137.102147"
"室場保育園","愛知県西尾市室町中屋敷95","34.857142","137.102499"
"室場小学校","愛知県西尾市室町東毘沙門32","34.858197","137.097236"
"スポーツ公園　総合体育館","愛知県西尾市小島町大郷1-1","34.88495","137.083906"
"西野町ふれあいセンター","愛知県西尾市上町下屋敷17-2","34.876581","137.037167"
"西野町小学校","愛知県西尾市上町御所ノ下20","34.87312","137.041017"
"福地中学校","愛知県西尾市上道目記町上新田3","34.835394","137.043352"
"矢田小学校","愛知県西尾市上矢田町神明寺24","34.854416","137.030689"
"幡豆いきいきセンター","愛知県西尾市西幡豆町仲田14-2","34.793119","137.125147"
"幡豆小学校","愛知県西尾市西幡豆町北岡割1","34.795059","137.118184"
"見影保育園","愛知県西尾市西幡豆町北岡割1","34.794629","137.117501"
"㈱デンソー善明製作所","愛知県西尾市善明町一本松100","34.848196","137.095016"
"中畑小学校","愛知県西尾市中畑町犬塚65","34.869321","137.022432"
"（株）オティックスホールディングス","愛知県西尾市中畑町二割19-2","34.868978","137.009148"
"中央体育館","愛知県西尾市丁田町前通120","34.857446","137.069044"
"鶴城中学校","愛知県西尾市鶴城町上道天1-2","34.877004","137.055753"
"鶴城体育館","愛知県西尾市鶴城町上道天24-1","34.876369","137.056328"
"東幡豆小学校","愛知県西尾市東幡豆町中尾10-2","34.791665","137.147438"
"東幡豆体育館","愛知県西尾市東幡豆町中尾3-1","34.790944","137.146853"
"ユリアいぶんこども園","愛知県西尾市道光寺町天王下30-2","34.870019","137.059182"
"㈱アイシン　西尾工場","愛知県西尾市南中根町小割80","34.911646","137.067158"
"福地南部小学校","愛知県西尾市熱池町古新田42","34.835765","137.045387"
"八ツ面小学校","愛知県西尾市八ツ面町市場71","34.876703","137.071708"
"平坂中学校","愛知県西尾市平坂町吉山1-1","34.859719","137.020536"
"西尾勤労会館","愛知県西尾市平坂町山崎9-1","34.860112","137.02148"
"平坂小学校","愛知県西尾市平坂町輪当1","34.861512","137.01946"
"米津小学校","愛知県西尾市米津町家下18","34.894475","137.055535"
"三和小学校","愛知県西尾市米野町松葉内25","34.88043","137.099875"
"三都橋交流センターグランド","愛知県設楽町三都橋字竹平21-1","35.060767","137.517798"
"小松長江老人憩の家前広場","愛知県設楽町小松字中貝津14-1","35.103052","137.586281"
"松戸公会堂前広場","愛知県設楽町松戸字向畑9","35.095438","137.553506"
"神田こんにゃく村駐車場","愛知県設楽町神田字川端21","35.076942","137.617629"
"神田町民センター前広場","愛知県設楽町神田字大石6","35.073434","137.618916"
"小塩集会所前広場","愛知県設楽町清崎字牛ヶ久保5","35.070466","137.56938"
"清嶺小学校グランド","愛知県設楽町清崎字箱上24","35.067082","137.553229"
"やすらぎの里駐車場","愛知県設楽町清崎字宝ノ久保9","35.089418","137.590783"
"田口高等学校グランド","愛知県設楽町清崎字林ノ後5-2","35.093066","137.567239"
"沖ノ平集出荷場前広場","愛知県設楽町西納庫字沖ノ平210","35.183123","137.488403"
"駒ヶ原集出荷場前広場","愛知県設楽町西納庫字駒ヶ原170-1","35.166148","137.487095"
"清水公会堂前広場","愛知県設楽町西納庫字戸ノ貝津6-1","35.174906","137.527377"
"川口集会所前広場","愛知県設楽町西納庫字広見5","35.170351","137.539018"
"アグリステーションなぐら駐車場","愛知県設楽町西納庫字森田32","35.173395","137.534038"
"長江公会堂横農地","愛知県設楽町長江字木屋田久保15-4","35.109027","137.594162"
"高齢者若者センター駐車場","愛知県設楽町津具字永引9","35.152038","137.65483"
"つぐ老人憩の家駐車場","愛知県設楽町津具字奥平山4-1","35.154882","137.636741"
"つぐグリーンプラザ駐車場","愛知県設楽町津具字下川原6-1","35.16571","137.621209"
"基幹集落センター駐車場","愛知県設楽町津具字見出12-1","35.162368","137.62886"
"偕楽園駐車場","愛知県設楽町津具字大島24","35.153123","137.654553"
"津具スポーツ広場","愛知県設楽町津具字中大名地18-6","35.175684","137.619966"
"高齢者活性化センター駐車場","愛知県設楽町津具字中町裏10","35.171141","137.61707"
"大桑コミュニティセンター駐車場","愛知県設楽町津具字南大桑11-2","35.160226","137.616436"
"農業構造改善センター駐車場","愛知県設楽町津具字本間7","35.160952","137.633503"
"野向集会所前広場","愛知県設楽町津具字野向2-1","35.159065","137.640279"
"旧設楽町役場駐車場","愛知県設楽町田口字居立2","35.097394","137.569935"
"奥三河総合センターグランド","愛知県設楽町田口字向木屋2-10","35.094577","137.572574"
"設楽中学校グランド","愛知県設楽町田口字大西8-1","35.099651","137.573081"
"田口小学校グランド","愛知県設楽町田口字白根土1-1","35.099492","137.575709"
"山村トレーニングセンター前広場","愛知県設楽町田口字矢高5-7","35.097791","137.57307"
"伊豆神社駐車場","愛知県設楽町田内字宮下東7-8-2","35.0674","137.549932"
"幸秀寺境内","愛知県設楽町田内字西貝津5","35.069792","137.553396"
"旧田峯小学校グランド","愛知県設楽町田峯字下畑9","35.057312","137.532971"
"田峰観音駐車場","愛知県設楽町田峯字鍛治沢14","35.05867","137.531886"
"裏谷婦人ホーム前広場","愛知県設楽町田峯字裏谷36","35.134609","137.471746"
"東納庫老人憩の家","愛知県設楽町東納庫字ネギ田1-2","35.151393","137.545506"
"名倉体育館前広場","愛知県設楽町東納庫字ヲトシ山1-6","35.153897","137.533252"
"名倉小学校グランド","愛知県設楽町東納庫字丸根2-6","35.153984","137.535986"
"宇連公会堂前広場","愛知県設楽町東納庫字岩クラ37","35.125972","137.526425"
"設楽福祉村キラリンとーぷ前広場","愛知県設楽町東納庫字松山6-2","35.142109","137.555753"
"南区研修所前広場","愛知県設楽町東納庫字大桑90-1","35.142478","137.548475"
"平山公会堂前広場","愛知県設楽町平山字タキノ口4-1","35.09018","137.616826"
"黒倉公会堂前広場","愛知県設楽町平山字上貝津3","35.085112","137.607763"
"豊邦交流センターグランド","愛知県設楽町豊邦字ホソノ10","35.073997","137.470388"
"愛知県淡水漁業協同組合駐車場","愛知県設楽町豊邦字豊詰27","35.067055","137.470431"
"和市公会堂前広場","愛知県設楽町和市字笠井47-2","35.092433","137.596147"
"大口町さつきケ丘防災センター","愛知県大口町さつきケ丘2-258","35.344458","136.908813"
"オークマグラウンド（大口町総合運動場）","愛知県大口町下小口6-150","35.330413","136.909456"
"大口町役場南ひろば","愛知県大口町下小口7-167","35.331565","136.908344"
"河北グラウンド","愛知県大口町河北3-25","35.344967","136.934483"
"大口中学校屋外運動場","愛知県大口町丸1-38","35.332061","136.903515"
"秋田グラウンド","愛知県大口町秋田2-44-1","35.322538","136.904948"
"わかしゃち国体記念運動公園（上小口グラウンド）","愛知県大口町上小口3-181","35.343938","136.920689"
"多世代が集う憩い広場","愛知県大口町城屋敷1-308","35.341138","136.917543"
"大口町大口北防災センター","愛知県大口町城屋敷1-308","35.34076","136.91683"
"大口北小学校屋外運動場","愛知県大口町中小口3-258","35.339177","136.923332"
"大口町健康文化センター（ほほえみプラザ）駐車場","愛知県大口町伝右1-35","35.328619","136.909465"
"大口町中央公民館駐車場","愛知県大口町伝右1-47","35.328911","136.91083"
"大口南小学校屋外運動場","愛知県大口町奈良子3-116","35.319592","136.895598"
"大口西小学校屋外運動場","愛知県大口町余野6-440","35.338249","136.905323"
"大治町総合福祉センター「希望の家」　施設　２階以上","愛知県大治町大字砂子字西河原18","35.165938","136.817971"
"大治町総合福祉センター　「希望の家」　施設","愛知県大治町大字砂子字西河原18","35.166129","136.817928"
"大治町総合福祉センター　「希望の家」　駐車場","愛知県大治町大字砂子字西河原18","35.166581","136.817419"
"大治南保育園　２階以上","愛知県大治町大字砂子字中割28","35.160253","136.827676"
"大治南保育園","愛知県大治町大字砂子字中割28","35.160276","136.827749"
"大治町砂子東部防災ふれあいセンター","愛知県大治町大字砂子字柳原78-1","35.158411","136.831576"
"大治町砂子東部防災ふれあいセンター　２階以上","愛知県大治町大字砂子字柳原78-1","35.158415","136.831597"
"大治南小学校　校舎","愛知県大治町大字砂子字勇八前320","35.1663","136.819099"
"大治南小学校　校舎　２階以上","愛知県大治町大字砂子字勇八前320","35.166334","136.81905"
"大治南小学校　体育館","愛知県大治町大字砂子字勇八前320","35.166435","136.818548"
"大治南小学校　グラウンド","愛知県大治町大字砂子字勇八前320","35.165874","136.819493"
"大治西小学校　校舎　２階以上","愛知県大治町大字西條字松下100","35.181047","136.811789"
"大治西小学校　グラウンド","愛知県大治町大字西條字松下100","35.180576","136.812138"
"大治西小学校　体育館","愛知県大治町大字西條字松下100","35.18098","136.811322"
"大治西小学校　校舎","愛知県大治町大字西條字松下100","35.181053","136.812063"
"大治町西條防災コミュニティセンター","愛知県大治町大字西條字諏訪24-1","35.181016","136.814295"
"大治町西條防災コミュニティセンター　２階以上","愛知県大治町大字西條字諏訪24-1","35.181017","136.814289"
"多世代交流センター　２階以上","愛知県大治町大字西條字西之割60-1","35.175027","136.811174"
"多世代交流センター","愛知県大治町大字西條字西之割60-1","35.175112","136.811236"
"多世代交流センター　駐車場","愛知県大治町大字西條字西之割60-1","35.17515","136.81105"
"大治町立公民館　２階以上","愛知県大治町大字馬島字大門西10","35.174712","136.819747"
"大治町立公民館","愛知県大治町大字馬島字大門西10","35.174734","136.819666"
"大治町八ツ屋防災コミュニティセンター　２階以上","愛知県大治町大字八ツ屋字山畔25-1","35.167464","136.830833"
"大治町八ツ屋防災コミュニティセンター","愛知県大治町大字八ツ屋字山畔25-1","35.167466","136.830739"
"大治町スポーツセンター　施設　２階以上","愛知県大治町大字北間島字藤田33-1","35.178448","136.829666"
"大治町スポーツセンター　駐車場","愛知県大治町大字北間島字藤田33-1","35.178994","136.8297"
"大治町スポーツセンター　施設","愛知県大治町大字北間島字藤田33-1","35.178448","136.829666"
"大治小学校　校舎　２階以上","愛知県大治町大字堀之内字南二反畑606","35.175738","136.821393"
"大治小学校　体育館","愛知県大治町大字堀之内字南二反畑606","35.175389","136.822066"
"大治小学校　校舎","愛知県大治町大字堀之内字南二反畑606","35.175797","136.821598"
"大治小学校　グラウンド","愛知県大治町大字堀之内字南二反畑606","35.175233","136.82133"
"大治中学校　特別教室棟","愛知県大治町大字堀之内字半之返791","35.176219","136.826935"
"大治中学校　校舎　２階以上","愛知県大治町大字堀之内字半之返791","35.177441","136.826029"
"大治中学校　校舎","愛知県大治町大字堀之内字半之返791","35.177398","136.826192"
"大治中学校　体育館","愛知県大治町大字堀之内字半之返791","35.177138","136.825564"
"大治中学校　武道場","愛知県大治町大字堀之内字半之返791","35.175773","136.826999"
"大治中学校　グラウンド","愛知県大治町大字堀之内字半之返791","35.17728","136.826126"
"大治中学校　武道場　２階以上","愛知県大治町大字堀之内字半之返791","35.175797","136.826967"
"大治中学校　特別教室棟　２階以上","愛知県大治町大字堀之内字半之返791","35.176287","136.826916"
"大府東高校グラウンド","愛知県大府市横根町膝折1-4","35.021511","136.978783"
"大府東高校体育館","愛知県大府市横根町膝折1-4","35.021248","136.979502"
"横根グラウンド","愛知県大府市横根町平地1-3","35.011909","136.976402"
"メディアス体育館おおぶ","愛知県大府市横根町平地191","35.013104","136.976047"
"横根公民館","愛知県大府市横根町平地295","35.013612","136.979356"
"至学館大学グラウンド","愛知県大府市横根町名高山55","35.029943","136.972244"
"北山公民館","愛知県大府市梶田町6-274","35.033868","136.968767"
"吉田小学校体育館","愛知県大府市吉田町4-33","35.001923","136.932802"
"吉田小学校グラウンド","愛知県大府市吉田町4-33","35.001554","136.933473"
"共和西小学校グラウンド","愛知県大府市共西町1-206","35.037351","136.944133"
"共和西小学校体育館","愛知県大府市共西町1-206","35.038052","136.943768"
"共長公民館","愛知県大府市共和町2-8-2","35.035865","136.951355"
"共長小学校体育館","愛知県大府市共和町6-140","35.031297","136.950762"
"共長小学校グラウンド","愛知県大府市共和町6-140","35.031456","136.94985"
"大府高校体育館","愛知県大府市月見町6-180","35.003626","136.958301"
"大府高校第１グラウンド","愛知県大府市月見町6-180","35.002562","136.958521"
"石ケ瀬会館","愛知県大府市江端町4-1","35.011739","136.950888"
"江端公園広場","愛知県大府市江端町4-118","35.010725","136.952375"
"石ケ瀬小学校体育館","愛知県大府市江端町6-99","35.010659","136.949704"
"石ケ瀬小学校グラウンド","愛知県大府市江端町6-99","35.009883","136.949744"
"吉田公民館","愛知県大府市高丘町2-2","34.998503","136.934175"
"森岡公民館","愛知県大府市森岡町4-7","35.005366","136.95012"
"大府特別支援学校体育館","愛知県大府市森岡町7-427","34.999039","136.953764"
"大府特別支援学校グラウンド","愛知県大府市森岡町7-427","34.999804","136.953162"
"神田公民館","愛知県大府市神田町3-115","35.025284","136.98883"
"神田小学校グラウンド","愛知県大府市神田町3-135","35.024721","136.9879"
"神田小学校体育館","愛知県大府市神田町3-135","35.025397","136.988066"
"大東小学校グラウンド","愛知県大府市大東町2-61","35.006309","136.973143"
"大東小学校体育館","愛知県大府市大東町2-61","35.00703","136.972537"
"大府公民館","愛知県大府市中央町4-195","35.007831","136.964163"
"桃陵高校体育館","愛知県大府市中央町5-15","35.013321","136.961831"
"桃陵高校グラウンド","愛知県大府市中央町5-15","35.012925","136.962416"
"東山小学校体育館","愛知県大府市長根町3-111","35.026335","136.963043"
"東山小学校グラウンド","愛知県大府市長根町3-111","35.02583","136.963815"
"大府西中学校グラウンド","愛知県大府市長草町車池11","35.021701","136.943317"
"大府西中学校体育館","愛知県大府市長草町車池11","35.022593","136.944969"
"東山公民館","愛知県大府市追分町2-341","35.029171","136.959999"
"大府北中学校体育館","愛知県大府市東新町3-3-1","35.032777","136.959309"
"大府北中学校グラウンド","愛知県大府市東新町3-3-1","35.031872","136.959164"
"大府中学校体育館","愛知県大府市桃山町3-216","35.019657","136.964843"
"大府中学校グラウンド","愛知県大府市桃山町3-216","35.01826","136.964597"
"大府小学校体育館","愛知県大府市桃山町5-44","35.013724","136.964274"
"大府小学校グラウンド","愛知県大府市桃山町5-44","35.013315","136.963797"
"大府南中学校グラウンド","愛知県大府市馬池町3-21","34.993777","136.925705"
"大府南中学校体育館","愛知県大府市馬池町3-21","34.994388","136.926783"
"米田保育園園庭","愛知県大府市米田町4-84","34.986941","136.923628"
"大府みどり公園","愛知県大府市北崎町大根2-193","35.039779","136.985777"
"北山小学校体育館","愛知県大府市北山町3-120","35.031796","136.96834"
"北山小学校グラウンド","愛知県大府市北山町3-120","35.031036","136.967707"
"長草公民館","愛知県大府市明成町2-60","35.02848","136.946147"
"つつじが丘公園","愛知県知多市つつじが丘1-3","34.988364","136.866597"
"つつじが丘小学校・グラウンド","愛知県知多市つつじが丘4-26","34.984866","136.869843"
"つつじが丘小学校・体育館等","愛知県知多市つつじが丘4-26","34.985593","136.869499"
"岡田小学校・体育館等","愛知県知多市岡田字段戸坊1","34.968315","136.866164"
"岡田小学校・グラウンド","愛知県知多市岡田字段戸坊1","34.968447","136.866669"
"岡田小学校グラウンド（旧大同高校グラウンド）","愛知県知多市岡田字段戸坊1","34.968972","136.868074"
"岡田まちづくりセンター・駐車場","愛知県知多市岡田字段戸坊5","34.968255","136.865339"
"岡田まちづくりセンター","愛知県知多市岡田字段戸坊5","34.968088","136.86551"
"岡田三区奥組会所","愛知県知多市岡田字堂山2","34.964579","136.869608"
"中央図書館・駐車場","愛知県知多市岡田字宝ノ脇22","34.973858","136.857493"
"中央図書館","愛知県知多市岡田字宝ノ脇22","34.97399","136.857933"
"旭南小学校・グラウンド","愛知県知多市金沢字向山1","34.947728","136.839091"
"旭南小学校・体育館等","愛知県知多市金沢字向山1","34.947227","136.839242"
"旭公園","愛知県知多市金沢字石根1","34.947651","136.849746"
"旭南中学校・グラウンド","愛知県知多市金沢字中向山132","34.94388","136.852858"
"佐布里小学校・グラウンド","愛知県知多市佐布里字五明26","34.973909","136.879111"
"佐布里小学校・体育館等","愛知県知多市佐布里字五明26","34.973971","136.880645"
"寺本保育園","愛知県知多市寺本新町2-228","34.999838","136.878487"
"新知小学校・体育館等","愛知県知多市新知字廻間1","34.98495","136.861225"
"新知小学校・グラウンド","愛知県知多市新知字廻間1","34.98542","136.862341"
"中部公民館・駐車場","愛知県知多市新知東町2-7-2","34.980592","136.868353"
"中部公民館","愛知県知多市新知東町2-7-2","34.980443","136.868798"
"中部中学校・グラウンド","愛知県知多市新知東町3-28-1","34.975911","136.870283"
"旭まちづくりセンター","愛知県知多市新舞子字大口46","34.949339","136.831642"
"旭まちづくりセンター・駐車場","愛知県知多市新舞子字大口46","34.949139","136.83154"
"新舞子東町１号公園","愛知県知多市新舞子東町1-18-1","34.954271","136.836775"
"旭東小学校・体育館等","愛知県知多市大興寺字広目10","34.949194","136.857234"
"旭東小学校・グラウンド","愛知県知多市大興寺字広目10","34.948728","136.85629"
"大草公園","愛知県知多市大草字東屋敷110-1","34.94064","136.830523"
"長浦公民館","愛知県知多市長浦1-310","34.978481","136.848718"
"南粕谷小学校・体育館等","愛知県知多市南粕谷本町3-77","34.93809","136.848903"
"南粕谷小学校・グラウンド","愛知県知多市南粕谷本町3-77","34.937","136.849391"
"日長一区公民館","愛知県知多市日長字栗林79-1","34.964378","136.840677"
"知多中学校・グラウンド","愛知県知多市日長字原山160","34.969706","136.849535"
"日長三区公会堂","愛知県知多市日長字神之木88-2","34.957402","136.836774"
"日長二区公会堂","愛知県知多市日長字中森谷59-1","34.962103","136.835676"
"旭北小学校・グラウンド","愛知県知多市日長字白山50","34.961636","136.845247"
"旭北小学校・体育館等","愛知県知多市日長字白山50","34.962172","136.846041"
"八幡コミュニティセンター","愛知県知多市八幡字月山7","34.996789","136.873076"
"八幡中学校・グラウンド","愛知県知多市八幡字左り脇135","34.992794","136.870634"
"七曲公園","愛知県知多市八幡字七曲り1","34.966493","136.900534"
"東部中学校・グラウンド","愛知県知多市八幡字池下77","34.966954","136.904473"
"県立知多翔洋高等学校グラウンド","愛知県知多市八幡字堂ヶ島50-1","34.984777","136.884007"
"新田小学校・体育館等","愛知県知多市八幡字鍋山65","34.968865","136.908946"
"新田小学校・グラウンド","愛知県知多市八幡字鍋山65","34.968047","136.910062"
"東部まちづくりセンター","愛知県知多市八幡字南大平地51","34.969666","136.910189"
"東部まちづくりセンター・駐車場","愛知県知多市八幡字南大平地51","34.969438","136.909904"
"青少年会館","愛知県知多市八幡字堀切91-1","35.001778","136.874799"
"八幡小学校・体育館等","愛知県知多市八幡字里之前84","34.993856","136.87296"
"八幡小学校・グラウンド","愛知県知多市八幡字里之前84","34.993259","136.873614"
"市民体育館","愛知県知多市緑町5","34.997867","136.865319"
"丸坪公園","愛知県知立市逢妻町丸坪41-1","35.016977","137.039717"
"牛田町公民館","愛知県知立市牛田町西屋敷86-1","35.001191","137.064287"
"知立中学校校庭","愛知県知立市広見2-4","35.001092","137.049495"
"知立高校校庭","愛知県知立市弘法2-5-8","34.997407","137.041621"
"弘法わくわく広場","愛知県知立市弘法町弘法山40-2","34.997062","137.045587"
"桐山公園","愛知県知立市山屋敷町桐山19-1","35.009318","137.054315"
"山屋敷町公民館","愛知県知立市山屋敷町高場7-1","35.010259","137.049171"
"竜北中学校校庭","愛知県知立市山屋敷町東山2-2","35.006705","137.05586"
"御手洗公園","愛知県知立市山町御手洗2-2","35.007271","137.04941"
"昭和２号公園","愛知県知立市昭和3-5-2","34.994688","137.068398"
"昭和３号公園","愛知県知立市昭和4-12","34.989845","137.068667"
"昭和４号公園","愛知県知立市昭和5-8","34.990072","137.063153"
"知立東小学校校庭","愛知県知立市昭和9-1","34.99227","137.064129"
"昭和６号公園","愛知県知立市昭和9-3","34.991683","137.066021"
"上重原公園","愛知県知立市上重原3-109","34.998459","137.026933"
"知立市文化会館駐車場","愛知県知立市上重原町間瀬口116","34.996169","137.035677"
"猿渡小学校校庭","愛知県知立市上重原町小針115","34.994965","137.04205"
"知立西小学校校庭","愛知県知立市上重原町鳥居1-13-2","35.002909","137.035238"
"南陽公民館","愛知県知立市新池2-100","34.999446","137.056512"
"知立南小学校校庭","愛知県知立市新林町新林55-1","34.985509","137.047828"
"新林町公民館","愛知県知立市新林町平草54-2","34.990346","137.044577"
"知立南中学校校庭","愛知県知立市新林町本林20-1","34.987256","137.050031"
"西中町第二公民館","愛知県知立市西中町中新切55-1","34.98858","137.031752"
"草刈公園","愛知県知立市西町草刈10-1","35.009966","137.033718"
"西ノ割公園","愛知県知立市谷田町西2-1","34.981342","137.048414"
"谷田町第二公民館","愛知県知立市谷田町北屋下26-4","34.982894","137.052836"
"知立小学校校庭","愛知県知立市中町花山70","35.008699","137.044985"
"知立東高校校庭","愛知県知立市長篠町大山18-6","34.996359","137.053262"
"新地公園","愛知県知立市南新地3-1-1","35.000504","137.037621"
"中新切公園","愛知県知立市南陽2-122","34.99681","137.058261"
"矢田良根公園","愛知県知立市八ツ田町2-5","34.991559","137.059716"
"八ツ田小学校校庭","愛知県知立市八ツ田町川畔45","34.994456","137.059107"
"知立文化広場グランド","愛知県知立市八橋町井戸尻28-1","35.005599","137.077299"
"八橋児童遊園","愛知県知立市八橋町神戸44-2","35.00625","137.074018"
"大流公園","愛知県知立市八橋町大流34-58","35.011357","137.067887"
"池下公園","愛知県知立市八橋町池下112","35.011956","137.072242"
"宝保育園","愛知県知立市宝2-3-9","35.007244","137.035907"
"来迎寺小学校校庭","愛知県知立市来迎寺町外山5-1","35.003169","137.070817"
"横道公園","愛知県長久手市横道1201","35.168673","137.051615"
"下山公園","愛知県長久手市下山","35.188127","137.022411"
"蟹原公園","愛知県長久手市蟹原501","35.171873","137.031013"
"長湫中部１号緑地","愛知県長久手市鴨田1001-1","35.183388","137.032544"
"鴨田公園","愛知県長久手市鴨田1003","35.183145","137.032992"
"丸根公園","愛知県長久手市丸根133-1","35.175898","137.052593"
"三ケ峯第２公園","愛知県長久手市岩作三ケ峯19-1","35.165636","137.082481"
"三ケ峯公園","愛知県長久手市岩作三ケ峯2-166","35.166541","137.084389"
"中根公園","愛知県長久手市岩作中根121","35.175303","137.064134"
"落合公園","愛知県長久手市岩作落合401","35.186498","137.03529"
"喜婦嶽公園","愛知県長久手市喜婦嶽1601","35.169202","137.040895"
"西洞公園","愛知県長久手市久保山2201","35.174917","137.033317"
"猪洞公園","愛知県長久手市熊田901","35.17294","137.025971"
"原邸公園","愛知県長久手市原邸101","35.185981","137.033857"
"戸田谷公園","愛知県長久手市戸田谷701","35.174237","137.037917"
"長湫南部公園","愛知県長久手市根嶽1102","35.163027","137.02662"
"山越公園","愛知県長久手市砂子401","35.169474","137.046226"
"仲作田公園","愛知県長久手市作田2-1901","35.178198","137.028116"
"後山公園","愛知県長久手市桜作501","35.17875","137.034684"
"市が洞一丁目公園","愛知県長久手市市が洞1-1201","35.165415","137.028218"
"市が洞二丁目公園","愛知県長久手市市が洞2-1001","35.162534","137.030809"
"市が洞三丁目公園","愛知県長久手市市が洞3-2301","35.159469","137.02735"
"長久手中央２号公園","愛知県長久手市勝入塚801","35.17242","137.049114"
"中川原公園","愛知県長久手市上川原11-1","35.188869","137.027647"
"血の池公園","愛知県長久手市城屋敷410","35.175072","137.043068"
"深田公園","愛知県長久手市深田601","35.173243","137.054902"
"公園西駅１号公園","愛知県長久手市神門前","35.174983","137.075145"
"西原山公園","愛知県長久手市西原山1-8","35.189315","137.024331"
"公園西駅２号公園","愛知県長久手市石場1501","35.172256","137.081706"
"先達公園","愛知県長久手市先達209","35.178801","137.046447"
"一ノ井２号公園","愛知県長久手市前熊一ノ井1-932","35.168512","137.07525"
"一ノ井１号公園","愛知県長久手市前熊一ノ井1-941","35.169717","137.078177"
"前熊公園","愛知県長久手市前熊前山105","35.179967","137.06552"
"大久手公園","愛知県長久手市大久手501","35.175716","137.049966"
"段ノ上公園","愛知県長久手市段の上1205","35.185989","137.030959"
"上川原公園","愛知県長久手市段の上501","35.187585","137.031812"
"長配公園","愛知県長久手市長配2-1801","35.164439","137.040117"
"東浦公園","愛知県長久手市東浦801","35.17707","137.044391"
"草掛公園","愛知県長久手市東原70","35.189729","137.035745"
"古戦場公園","愛知県長久手市武蔵塚204","35.172973","137.048054"
"仏ケ根公園","愛知県長久手市仏が根601","35.17624","137.047727"
"大平公園","愛知県長久手市平池601","35.183625","137.0281"
"片平一丁目公園","愛知県長久手市片平1-1401","35.161069","137.0344"
"片平二丁目公園","愛知県長久手市片平2-1205","35.1577","137.030043"
"桧ケ根公園","愛知県長久手市坊の後113","35.181659","137.039484"
"坊ノ後公園","愛知県長久手市坊の後913","35.17926","137.0406"
"野田農公園","愛知県長久手市野田農701","35.182353","137.03675"
"杁ケ池公園","愛知県長久手市杁ヶ池1001","35.167873","137.035345"
"津島高校（体育館）","愛知県津島市宮川町3-80","35.167228","136.716029"
"津島高校（北側グラウンド）","愛知県津島市宮川町3-80","35.166601","136.716244"
"北小学校","愛知県津島市松原町37","35.184216","136.725152"
"南小学校","愛知県津島市常盤町4-20","35.169133","136.727688"
"神守上町公園","愛知県津島市神守町字中切46","35.17864","136.769909"
"神守小学校","愛知県津島市神守町字中町13","35.177361","136.771086"
"神守中町公園","愛知県津島市神守町字中町209","35.174852","136.773685"
"高台寺小学校","愛知県津島市神尾町字江西61","35.155976","136.774506"
"あいち海部農業協同組合　北部営農センター（２階）","愛知県津島市大縄町9-63","35.164462","136.711137"
"西小学校","愛知県津島市大和町1-14","35.178512","136.716668"
"神島田小学校","愛知県津島市中一色町東郷80","35.150637","136.759831"
"蛭間小学校","愛知県津島市蛭間町字逆川東848","35.189992","136.768077"
"東小学校","愛知県津島市立込町1-17","35.177455","136.739119"
"伊良湖市民館","愛知県田原市伊良湖町渡川321","34.588003","137.041112"
"笠山農村公園","愛知県田原市浦町笠山12-3","34.705787","137.278005"
"童浦市民館前広場","愛知県田原市浦町原屋敷78-2","34.700163","137.27813"
"童浦市民館","愛知県田原市浦町原屋敷78-2","34.700436","137.278242"
"童浦小学校運動場","愛知県田原市浦町米山64-1","34.694492","137.279101"
"亀山小学校運動場","愛知県田原市亀山町小中原68-1","34.609222","137.067611"
"亀山市民館","愛知県田原市亀山町小中原82","34.609646","137.066835"
"清田市民館","愛知県田原市古田町宮ノ前32-1","34.628844","137.107504"
"清田小学校運動場","愛知県田原市古田町寺ノ前1-1","34.630756","137.111619"
"泉小学校運動場","愛知県田原市江比間町女郎川67-1","34.64929","137.152404"
"泉市民館前広場","愛知県田原市江比間町二字郷中58-2","34.650064","137.157445"
"泉市民館","愛知県田原市江比間町二字郷中58-2","34.650434","137.157441"
"高松小学校運動場","愛知県田原市高松町蔵屋敷18","34.626296","137.235649"
"高松市民館","愛知県田原市高松町中村69-1","34.623406","137.236172"
"若戸小学校運動場","愛知県田原市若見町小山20","34.60128","137.166374"
"若戸市民館","愛知県田原市若見町新居6","34.600633","137.167329"
"伊良湖岬小学校運動場","愛知県田原市小塩津町宮構2-7","34.596967","137.096326"
"渥美運動公園野球場","愛知県田原市小塩津町後山1","34.603362","137.090593"
"津波避難施設（医王寺南側駐車場）","愛知県田原市小中山町一本松13-2","34.646133","137.08195"
"津波避難施設（小中山総合会館）","愛知県田原市小中山町新田一本松下132-1","34.646389","137.08446"
"津波避難施設（児童公園）","愛知県田原市小中山町八幡上363-14","34.653195","137.080259"
"津波避難施設（六所神社東側）","愛知県田原市小中山町北郷75","34.649188","137.084966"
"神戸市民館","愛知県田原市神戸町前畑19","34.652339","137.275639"
"東部中学校運動場","愛知県田原市神戸町中尾16-1","34.659498","137.287184"
"神戸小学校運動場","愛知県田原市神戸町殿畑26","34.648761","137.277084"
"愛知みなみ農協ふれあい支店前広場","愛知県田原市神戸町堀池97-3","34.661445","137.27528"
"赤羽根中学校運動場","愛知県田原市赤羽根町出口107","34.611778","137.195873"
"赤羽根市民館","愛知県田原市赤羽根町天神60","34.613661","137.200758"
"田原南部市民館","愛知県田原市大久保町北浅場13-2","34.649207","137.230872"
"田原南部市民館前広場","愛知県田原市大久保町北浅場13-2","34.648986","137.230655"
"大草小学校運動場","愛知県田原市大草町東畑43-2","34.633282","137.253469"
"大草市民館","愛知県田原市大草町北神35-1","34.634447","137.254477"
"田原東部市民館","愛知県田原市谷熊町鍛冶屋前1-1","34.666148","137.29859"
"田原東部市民館前広場","愛知県田原市谷熊町鍛冶屋前1-1","34.666475","137.298843"
"中山市民館","愛知県田原市中山町神明前146-1","34.634224","137.083166"
"中山小学校運動場","愛知県田原市中山町天白1-1","34.641981","137.087069"
"福江中学校運動場","愛知県田原市中山町北松渕4","34.629929","137.092429"
"衣笠市民館","愛知県田原市田原町栄巌51","34.669139","137.253589"
"成章高校運動場","愛知県田原市田原町池ノ原1","34.674861","137.262652"
"田原中学校運動場","愛知県田原市田原町椿1-1","34.674709","137.268438"
"田原中部小学校運動場","愛知県田原市田原町殿町33","34.672303","137.267715"
"衣笠小学校運動場","愛知県田原市田原町東栄巌70","34.669029","137.256904"
"崋山会館","愛知県田原市田原町巴江12-1","34.673443","137.26842"
"旧伊良湖小学校運動場","愛知県田原市日出町大越1265","34.585605","137.040898"
"福江小学校運動場","愛知県田原市福江町宮ノ脇1","34.624143","137.102981"
"福江市民館","愛知県田原市福江町中紺屋瀬古8","34.62757","137.103474"
"田原東部小学校運動場","愛知県田原市豊島町西屋敷1-3","34.665601","137.296607"
"堀切市民館","愛知県田原市堀切町西猫池97-1","34.591173","137.074279"
"サンテドーム前広場","愛知県田原市野田町芦ヶ池8","34.642604","137.200732"
"野田小学校運動場","愛知県田原市野田町宮前1","34.65355","137.204586"
"ふるさと教育センター屋外運動場","愛知県田原市野田町籠田3","34.652871","137.201928"
"野田市民館","愛知県田原市野田町籠田66","34.654622","137.203915"
"六連小学校運動場","愛知県田原市六連町栗穴43-1","34.648927","137.318231"
"六連市民館","愛知県田原市六連町西ノ川51","34.650205","137.319944"
"和地市民館前広場","愛知県田原市和地町地蔵田30","34.590722","137.119836"
"和地市民館","愛知県田原市和地町地蔵田30","34.59075","137.119723"
"札木公園","愛知県東浦町大字緒川字屋敷三区53-1","34.981369","136.968325"
"緒川コミュニティセンター","愛知県東浦町大字緒川字屋敷二区58-1","34.983374","136.970185"
"緒川保育園（遊戯室）","愛知県東浦町大字緒川字笠松50-1","34.982362","136.963015"
"緒川保育園（園庭）","愛知県東浦町大字緒川字笠松50-1","34.982459","136.963515"
"高根北公園","愛知県東浦町大字緒川字丸池台76","34.962378","136.922557"
"卯ノ里コミュニティセンター","愛知県東浦町大字緒川字雁狭間山11-8","34.96825","136.923725"
"卯ノ里小学校（運動場）","愛知県東浦町大字緒川字雁狭間山18","34.96891","136.924498"
"卯ノ里小学校（体育館）","愛知県東浦町大字緒川字雁狭間山18","34.969776","136.924165"
"古城公園","愛知県東浦町大字緒川字古城24-6","34.979016","136.966703"
"於大公園","愛知県東浦町大字緒川字沙弥田2-1","34.978634","136.962678"
"緒川新田児童館（遊戯室）","愛知県東浦町大字緒川字寿久茂34","34.968559","136.917728"
"緒川新田児童館（広場）","愛知県東浦町大字緒川字寿久茂34","34.968402","136.917978"
"北部中学校（体育館）","愛知県東浦町大字緒川字寿二区80","34.984564","136.962453"
"北部中学校（運動場）","愛知県東浦町大字緒川字寿二区80","34.984494","136.963827"
"高根山公園","愛知県東浦町大字緒川字上高根台34-4","34.96024","136.931243"
"西部中学校（運動場）","愛知県東浦町大字緒川字西高根1-5","34.960613","136.929047"
"西部中学校（体育館）","愛知県東浦町大字緒川字西高根1-5","34.961413","136.928913"
"西本坪公園","愛知県東浦町大字緒川字西本坪1-24","34.971629","136.915178"
"相生老人憩の家","愛知県東浦町大字緒川字相生41-5","34.979289","136.945989"
"東浦葵ノ荘公園","愛知県東浦町大字緒川字中米田1-70","34.97635","136.933603"
"東浦葵ノ荘集会所","愛知県東浦町大字緒川字中米田1-71","34.97611","136.933323"
"天白池ふれあい広場","愛知県東浦町大字緒川字天白1-1","34.988278","136.967654"
"天白遺跡ひろば","愛知県東浦町大字緒川字天白94","34.987236","136.968552"
"西部ふれあいセンター","愛知県東浦町大字緒川字東仙台8-7","34.959413","136.927501"
"高根中央公園","愛知県東浦町大字緒川字東仙台9-1","34.959129","136.928144"
"東ヶ丘集会所","愛知県東浦町大字緒川字東仙台9-2","34.958668","136.928125"
"緒川小学校（運動場）","愛知県東浦町大字緒川字八幡7","34.983863","136.965043"
"緒川小学校（体育館）","愛知県東浦町大字緒川字八幡7","34.98472","136.964801"
"緒川新田保育園（園庭）","愛知県東浦町大字緒川字肥後原1-28","34.968369","136.922562"
"緒川新田保育園（遊戯室）","愛知県東浦町大字緒川字肥後原1-28","34.96878","136.92241"
"森岡保育園（園庭）","愛知県東浦町大字森岡字岡田74","34.992866","136.967075"
"森岡保育園（遊戯室）","愛知県東浦町大字森岡字岡田74","34.993083","136.967181"
"森岡台集会所","愛知県東浦町大字森岡字下今池1-132","34.996881","136.958691"
"森岡自然公園","愛知県東浦町大字森岡字森の里77","34.993241","136.955593"
"森岡西保育園（遊戯室）","愛知県東浦町大字森岡字森の里84","34.99336","136.956321"
"森岡西保育園（園庭）","愛知県東浦町大字森岡字森の里84","34.993141","136.956179"
"北部ふれあいセンター","愛知県東浦町大字森岡字森の里97","34.992755","136.956052"
"森岡コミュニティセンター","愛知県東浦町大字森岡字杉之内15-3","34.99143","136.965424"
"臨江寺ふれあい広場","愛知県東浦町大字森岡字段上23","34.995403","136.967002"
"森岡新池公園","愛知県東浦町大字森岡字中町8-1","34.996869","136.962186"
"森岡小学校（運動場）","愛知県東浦町大字森岡字天王西23","34.992305","136.963902"
"森岡小学校（体育館）","愛知県東浦町大字森岡字天王西23","34.992691","136.964519"
"大池南公園","愛知県東浦町大字森岡字飯喰場7-88","34.99687","136.959278"
"体育館","愛知県東浦町大字生路字狭間80","34.961461","136.968922"
"厄松池公園","愛知県東浦町大字生路字小太郎104-30","34.95244","136.96957"
"生路コミュニティセンター","愛知県東浦町大字生路字森腰1-1","34.955781","136.970161"
"東浦高等学校（運動場）","愛知県東浦町大字生路字冨士塚20","34.95432","136.963799"
"東浦高等学校（体育館・武道場）","愛知県東浦町大字生路字冨士塚20","34.955021","136.962537"
"生路小学校（体育館）","愛知県東浦町大字生路字傍示松15","34.956686","136.967076"
"生路小学校（運動場）","愛知県東浦町大字生路字傍示松15","34.956277","136.967875"
"生路保育園（園庭）","愛知県東浦町大字生路字梨ノ木62-2","34.955811","136.967131"
"生路保育園（遊戯室）","愛知県東浦町大字生路字梨ノ木62-2","34.956006","136.967016"
"石浜コミュニティセンター","愛知県東浦町大字石浜字下庚申坊61","34.96997","136.967297"
"午池自治会集会所","愛知県東浦町大字石浜字午池156","34.950429","136.943081"
"石浜西小学校（運動場）","愛知県東浦町大字石浜字三ツ池30","34.967092","136.955114"
"石浜西小学校（体育館）","愛知県東浦町大字石浜字三ツ池30","34.968262","136.955473"
"石浜西保育園（遊戯室）","愛知県東浦町大字石浜字三本松1-1","34.967837","136.958961"
"石浜西保育園（園庭）","愛知県東浦町大字石浜字三本松1-1","34.967642","136.958719"
"石浜西ふれあい広場","愛知県東浦町大字石浜字三本松1-4","34.967407","136.958051"
"東浦中学校（運動場）","愛知県東浦町大字石浜字障戸19","34.974004","136.967397"
"東浦中学校（体育館・飛翔館）","愛知県東浦町大字石浜字障戸19","34.973617","136.966823"
"吹付西公園","愛知県東浦町大字石浜字吹付2-5","34.965574","136.961"
"藤塚公園","愛知県東浦町大字石浜字藤塚62-11","34.971216","136.961183"
"南ヶ丘自治会集会所","愛知県東浦町大字石浜字南ヶ丘26-1","34.962532","136.963088"
"南ヶ丘中公園","愛知県東浦町大字石浜字南ヶ丘26-54","34.962734","136.962836"
"石浜中集会所","愛知県東浦町大字石浜字白山1-3","34.968145","136.962135"
"石浜保育園（園庭）","愛知県東浦町大字石浜字白山1-3","34.968378","136.962752"
"石浜保育園（遊戯室）","愛知県東浦町大字石浜字白山1-3","34.968809","136.962627"
"町営第１グラウンド","愛知県東浦町大字石浜字平地35","34.962218","136.968929"
"平池台西公園","愛知県東浦町大字石浜字平池上78-77","34.947778","136.943136"
"平池台自治集会所","愛知県東浦町大字石浜字平池上78-77","34.947674","136.943054"
"平林公園","愛知県東浦町大字石浜字平林7-1","34.96754","136.967219"
"片葩小学校（運動場）","愛知県東浦町大字石浜字坊ケ谷2","34.969841","136.964155"
"片葩小学校（体育館）","愛知県東浦町大字石浜字坊ケ谷2","34.970322","136.963776"
"石浜区民館（広場）","愛知県東浦町大字石浜字連台2-1","34.96643","136.965123"
"三丁公園","愛知県東浦町大字藤江字3-108","34.950572","136.965701"
"上之山公園","愛知県東浦町大字藤江字ふじが丘27-1","34.949463","136.96454"
"といまや公園","愛知県東浦町大字藤江字ふじが丘8-1","34.951696","136.962893"
"荒子南公園","愛知県東浦町大字藤江字荒子8-33","34.940243","136.962575"
"藤江小学校（体育館）","愛知県東浦町大字藤江字仏131","34.947462","136.960128"
"藤江保育園（園庭）","愛知県東浦町大字藤江字仏131","34.945919","136.960665"
"藤江保育園（遊戯室）","愛知県東浦町大字藤江字仏131","34.946118","136.960545"
"藤江小学校（運動場）","愛知県東浦町大字藤江字仏131","34.946658","136.959758"
"藤江コミュニティセンター","愛知県東浦町大字藤江字仏132-1","34.946376","136.961229"
"下田念仏堂広場","愛知県東栄町大字下田字薗目路-","35.080536","137.720709"
"三ツ石集会所","愛知県東栄町大字下田字三ツ石27-4","35.072386","137.724561"
"市場集会所","愛知県東栄町大字下田字市場2","35.075612","137.701407"
"下川診療所","愛知県東栄町大字下田字市場29-4","35.075375","137.702889"
"松ノ本住宅前広場","愛知県東栄町大字下田字松ノ本9-1","35.077169","137.711027"
"川根茶園前","愛知県東栄町大字下田字長沢14-3","35.078319","137.718054"
"金紫住宅付近","愛知県東栄町大字下田字梅ノ本21","35.07727","137.708613"
"旧下川保育園グラウンド","愛知県東栄町大字下田字平井42","35.079094","137.718943"
"金紫集会所","愛知県東栄町大字下田字平野7","35.076115","137.708291"
"新豊根ダム管理支所","愛知県東栄町大字下田字和手貝津57-3","35.077085","137.701412"
"三沢バス停","愛知県東栄町大字月字一和-","35.080431","137.675729"
"尾呂生活改善センター","愛知県東栄町大字月字軒山10-2","35.068319","137.669345"
"花祭り保存庫前","愛知県東栄町大字月字寺甫16","35.079798","137.661974"
"月集会所","愛知県東栄町大字月字正広平2-3","35.077578","137.669852"
"中村集会所","愛知県東栄町大字月字東半場-","35.07637","137.661175"
"あみだ堂前","愛知県東栄町大字月字半田8","35.075031","137.655612"
"第３分団御園詰所横広場","愛知県東栄町大字御園字坂場118","35.120093","137.711649"
"河内集会所","愛知県東栄町大字三輪字下河内77","35.047437","137.710461"
"横引集会所","愛知県東栄町大字三輪字下深谷132-2","35.034889","137.714939"
"林理美容室宅駐車場","愛知県東栄町大字三輪字山ノ上田7-3","35.028968","137.710909"
"旧奈根小学校グラウンド","愛知県東栄町大字三輪字市原109-1","35.037308","137.719858"
"深谷荘","愛知県東栄町大字三輪字上深谷24","35.036272","137.705117"
"奈根集会所","愛知県東栄町大字三輪字中奈根9","35.046099","137.721514"
"旧正法寺跡地","愛知県東栄町大字三輪字平栗47-11","35.028586","137.712121"
"下粟代生活改善センター","愛知県東栄町大字振草字下粟代黒内8-1","35.097371","137.654114"
"下粟代登り橋付近","愛知県東栄町大字振草字下粟代紙屋貝津21","35.095495","137.650189"
"桑原公民館","愛知県東栄町大字振草字下粟代前田11","35.090328","137.631012"
"下粟代バス停付近広場","愛知県東栄町大字振草字下粟代田畑5","35.099845","137.656084"
"古戸会館","愛知県東栄町大字振草字古戸久満土15","35.117862","137.666635"
"若宮神社","愛知県東栄町大字振草字古戸向イ7","35.112357","137.662919"
"川合集会所","愛知県東栄町大字振草字古戸川合5-1","35.131684","137.637741"
"普光寺","愛知県東栄町大字振草字古戸中原24","35.117636","137.661524"
"小林集会所","愛知県東栄町大字振草字小林下日向15-1","35.109828","137.628764"
"三信鉱工駐車場","愛知県東栄町大字振草字上粟代稲目6","35.108609","137.647673"
"小田橋付近広場","愛知県東栄町大字振草字上粟代杉下2","35.101833","137.654073"
"消防第１分団粟代詰所","愛知県東栄町大字振草字上粟代中村14-1","35.104519","137.651685"
"楮川橋三叉路","愛知県東栄町大字振草字北浅井30-13","35.118294","137.666743"
"西薗目荘","愛知県東栄町大字西薗目字畦市12","35.087894","137.734801"
"西薗目集会所","愛知県東栄町大字西薗目字平瀬3-1","35.077937","137.732316"
"川角集会所","愛知県東栄町大字川角字神田29-1","35.068346","137.732211"
"大久名橋付近","愛知県東栄町大字足込字右沢-","35.109403","137.690427"
"足込生活改善センター","愛知県東栄町大字足込字橋場33","35.096362","137.699508"
"慶泉寺","愛知県東栄町大字足込字西川合24-2","35.10487","137.689494"
"熊野神社","愛知県東栄町大字足込字大原-","35.101478","137.686758"
"やわらぎの里あしこめ旧足込小学校","愛知県東栄町大字足込字田村41","35.100426","137.695883"
"消防団第１分団旧柿野詰所前広場","愛知県東栄町大字中設楽字下貝津2","35.075395","137.687874"
"加賀野集会所","愛知県東栄町大字中設楽字加賀野山6-1","35.079474","137.691216"
"柿野集会所","愛知県東栄町大字中設楽字丸山5","35.072863","137.686188"
"やまゆり荘","愛知県東栄町大字中設楽字松久保1-3","35.083601","137.684349"
"先林集会所","愛知県東栄町大字中設楽字先林6-3","35.077125","137.695336"
"中設楽生活改善センター","愛知県東栄町大字中設楽字中貝津12-3","35.080624","137.684502"
"布川荘","愛知県東栄町大字中設楽長畑10-3","35.097146","137.670024"
"ふれあいプラザ","愛知県東栄町大字東薗目字向平26-1","35.098945","137.735767"
"明寿荘","愛知県東栄町大字奈根字中在家50","35.056218","137.693958"
"清学山荘付近広場","愛知県東栄町大字奈根字中在家90","35.052866","137.6884"
"別所荘","愛知県東栄町大字本郷字下前畑41-8","35.077059","137.698984"
"消防第２分団２班詰所","愛知県東栄町大字本郷字久保田9-4","35.067905","137.700952"
"小野集会所","愛知県東栄町大字本郷字山端14-3","35.074886","137.695904"
"食彩広場","愛知県東栄町大字本郷字上桜平16-1","35.073188","137.703707"
"上小田集会所","愛知県東栄町大字本郷字上小田25-1","35.070421","137.705458"
"やま正駐車場","愛知県東栄町大字本郷字西万場4","35.071619","137.699976"
"東栄郵便局前駐車場","愛知県東栄町大字本郷字西万場50-5","35.069872","137.699525"
"赤谷集会所","愛知県東栄町大字本郷字赤谷53-2","35.06675","137.703232"
"産業会館","愛知県東栄町大字本郷字南万場14-1","35.07065","137.701791"
"二タ田荘","愛知県東栄町大字本郷字二タ田2-3","35.074021","137.701709"
"プログレス本町　４～１４Ｆ","愛知県東海市横須賀町三ノ割101","35.012018","136.884374"
"愛知製鋼㈱横須賀寮　４～７Ｆ","愛知県東海市横須賀町扇島4-1","35.014006","136.882653"
"三ツ池小学校　グラウンド","愛知県東海市加木屋町鎌吉良根9","34.99511","136.912061"
"三ツ池小学校　体育館","愛知県東海市加木屋町鎌吉良根9","34.99511","136.912061"
"東海南高等学校　グラウンド","愛知県東海市加木屋町社山55","34.990993","136.901199"
"東海南高等学校　体育館及び武道場","愛知県東海市加木屋町社山55","34.990148","136.901905"
"ライフヒルズ加木屋南側駐車場","愛知県東海市加木屋町小家ノ脇5-112","34.97668","136.918699"
"加木屋中学校　体育館","愛知県東海市加木屋町西御嶽18-1","34.989079","136.899363"
"石塚公園","愛知県東海市加木屋町石塚11","34.978065","136.9098"
"加木屋南自治会多目的広場","愛知県東海市加木屋町陀々法師18-5","34.97459","136.912827"
"東大堀宙の丘ちびっこ広場","愛知県東海市加木屋町東大堀28-33","34.98381","136.915553"
"東大堀緑地","愛知県東海市加木屋町東大堀32-521","34.986384","136.913563"
"加木屋南公園","愛知県東海市加木屋町南鹿持16-1","34.979555","136.913469"
"南鹿持№１ちびっこ広場","愛知県東海市加木屋町南鹿持27-1","34.977388","136.918434"
"加木屋小学校　グラウンド","愛知県東海市加木屋町編笠9","34.996646","136.902988"
"加木屋小学校　体育館","愛知県東海市加木屋町編笠9","34.996518","136.902821"
"泡池緑地","愛知県東海市加木屋町泡池11-699","34.981019","136.912665"
"加木屋南小学校　グラウンド","愛知県東海市加木屋町泡池2","34.980647","136.914536"
"加木屋南小学校　体育館","愛知県東海市加木屋町泡池2","34.980647","136.914536"
"北鹿持№４ちびっこ広場","愛知県東海市加木屋町北鹿持1-119","34.978786","136.918304"
"北鹿持№１ちびっこ広場","愛知県東海市加木屋町北鹿持16-65","34.979163","136.915801"
"北鹿持№５ちびっこ広場","愛知県東海市加木屋町北鹿持40-12","34.981483","136.918088"
"大同特殊鋼㈱元浜寮　Ａ・Ｂ棟４・５Ｆ","愛知県東海市元浜町13","35.012341","136.881813"
"ライフヒルズ笹根第１駐車場","愛知県東海市荒尾町下笹根15-3","35.032544","136.923531"
"ＪＡあいち知多上野支店駐車場","愛知県東海市荒尾町寄亀55","35.039593","136.910073"
"渡内小学校　体育館","愛知県東海市荒尾町義呂1-1","35.036965","136.919075"
"渡内小学校　グラウンド","愛知県東海市荒尾町義呂1-1","35.036927","136.919379"
"泉ちびっこ広場","愛知県東海市荒尾町宮裏1-64","35.039385","136.914995"
"ライオンズガーデン荒尾町北側駐車場","愛知県東海市荒尾町恵毛14-2","35.037597","136.9112"
"南ケ丘町内会集会所広場","愛知県東海市荒尾町狐廻間1-21","35.041381","136.916165"
"渡内１号公園","愛知県東海市荒尾町狐狭間71","35.041294","136.916235"
"カゴメ㈱駐車場","愛知県東海市荒尾町向前田70-1","35.035325","136.910659"
"荒尾住宅№２ちびっこ広場","愛知県東海市荒尾町細高根1-2","35.038946","136.920232"
"笹根ちびっこ広場","愛知県東海市荒尾町笹根1-4","35.032618","136.92246"
"神明社境内","愛知県東海市荒尾町山王128","35.03778","136.906858"
"真池ちびっこ広場","愛知県東海市荒尾町真池1-28","35.042597","136.918834"
"自治会大広場","愛知県東海市荒尾町水深1-6","35.026602","136.913443"
"聚楽園公園","愛知県東海市荒尾町西廻間2-1","35.043101","136.904956"
"渡内３号公園","愛知県東海市荒尾町前田79","35.034062","136.912938"
"フィールホームタウン駐車場","愛知県東海市荒尾町大恵毛48","35.039125","136.911602"
"仲田公園","愛知県東海市荒尾町仲田232","35.034086","136.909103"
"渡内公民館駐車場","愛知県東海市荒尾町朝日出12-1","35.036633","136.913207"
"明倫小学校　グラウンド","愛知県東海市荒尾町土取1-1","35.028924","136.916276"
"明倫小学校　体育館","愛知県東海市荒尾町土取1-1","35.028924","136.916276"
"山王会館駐車場","愛知県東海市荒尾町東屋敷42-1","35.037389","136.909062"
"県営清水住宅集会所前広場","愛知県東海市荒尾町祢崎5-1","35.026651","136.913472"
"エディオン駐車場","愛知県東海市荒尾町馬池32","35.03916","136.91741"
"平洲小学校　グラウンド","愛知県東海市荒尾町片坂1","35.029803","136.910005"
"平洲小学校　体育館","愛知県東海市荒尾町片坂1","35.029803","136.910005"
"横須賀高等学校　体育館及び武道場","愛知県東海市高横須賀町広脇1","35.007371","136.897746"
"横須賀高等学校　グラウンド","愛知県東海市高横須賀町広脇1","35.007371","136.897746"
"横須賀中学校　グラウンド","愛知県東海市高横須賀町猫狭間2","35.003133","136.900576"
"横須賀中学校　体育館","愛知県東海市高横須賀町猫狭間2","35.003827","136.9016"
"サンマンションアトレ横須賀Ⅲ　４～１４Ｆ","愛知県東海市高横須賀町浜田8-1","35.013243","136.889202"
"シャトレーミューズ　４～８Ｆ","愛知県東海市高横須賀町浜畑4-1","35.013606","136.888014"
"㈱トヨタカスタマイジング＆ディベロップメント立体駐車場　２・３Ｆ","愛知県東海市新宝町507-50","35.063113","136.89516"
"サンコーリサイクル㈱土壌保管庫　屋上","愛知県東海市浅山3-190","35.054034","136.904745"
"東海市芸術劇場　４Ｆ","愛知県東海市大田町下浜田1016","35.020194","136.89159"
"日本福祉大学東海キャンパス　５Ｆ","愛知県東海市大田町下浜田1071","35.021841","136.888747"
"ザ・カトーホテル　４・５Ｆ","愛知県東海市大田町御洲浜1027","35.0175","136.889949"
"マーレホテル東海　４・５Ｆ","愛知県東海市大田町御洲浜1028","35.017777","136.890137"
"中ノ池ちびっこ広場","愛知県東海市中ノ池2-10-1","35.000155","136.897274"
"芦池公園","愛知県東海市中ノ池4-8-5","34.997211","136.897473"
"中ノ池公園","愛知県東海市中ノ池6-1-1","35.001915","136.894836"
"東海市役所駐車場","愛知県東海市中央町1-1","35.022539","136.903467"
"池下公園","愛知県東海市中央町1-168","35.02212","136.902028"
"大池公園","愛知県東海市中央町3-1","35.02612","136.905179"
"山九㈱東海支店東海寮　４・５Ｆ","愛知県東海市東海町1-4-1","35.037695","136.899738"
"㈱スガテック松雲寮　４～９Ｆ","愛知県東海市東海町3-9-17","35.032204","136.894852"
"加家公園（メルヘンの森）","愛知県東海市富貴ノ台1","35.031647","136.89848"
"平洲中学校　体育館","愛知県東海市富貴ノ台5-181","35.029223","136.906401"
"平洲中学校　グラウンド","愛知県東海市富貴ノ台5-181","35.028926","136.906605"
"富木島中学校　グラウンド","愛知県東海市富木島町向イ27","35.01938","136.917023"
"富木島中学校　体育館","愛知県東海市富木島町向イ27","35.01938","136.917023"
"上野台公園","愛知県東海市富木島町山田7-1","35.018544","136.925551"
"富木島小学校　グラウンド","愛知県東海市富木島町手代44","35.015765","136.921835"
"富木島小学校　体育館","愛知県東海市富木島町手代44","35.015765","136.921835"
"木庭公民館広場","愛知県東海市富木島町上り戸12-1","35.022644","136.908153"
"手代ヶ丘集会所","愛知県東海市富木島町新石根131-2","35.017813","136.923113"
"新藤塚集会所","愛知県東海市富木島町新藤塚64-3","35.018959","136.928452"
"町内広場","愛知県東海市富木島町新藤塚70-1","35.019702","136.929434"
"上野台幼稚園（駐車場・運動場）","愛知県東海市富木島町西長口63-1","35.017301","136.932152"
"船島小学校　グラウンド","愛知県東海市富木島町船島1-1","35.012708","136.912504"
"船島小学校　体育館","愛知県東海市富木島町船島1-1","35.012708","136.912504"
"ファミリーマート東海上野台店（駐車場）","愛知県東海市富木島町東山30-12","35.013596","136.932957"
"富木島公民館","愛知県東海市富木島町東山田7-1","35.016741","136.929219"
"富木島公民館駐車場","愛知県東海市富木島町東山田7-1","35.016609","136.928978"
"山田自治会防災倉庫前","愛知県東海市富木島町東山田77","35.015793","136.927406"
"東長口児童遊園","愛知県東海市富木島町東長口93-1","35.014765","136.936951"
"姫島八幡神社","愛知県東海市富木島町南島20","35.015826","136.916102"
"神昌寺駐車場","愛知県東海市富木島町峰畑28-1","35.024262","136.910192"
"名和プラザホテル　４～８Ｆ","愛知県東海市名和町1-51","35.060968","136.912269"
"㈱国見重機工業　２Ｆ","愛知県東海市名和町一番割下20-1","35.065474","136.906822"
"サワキビル　４Ｆ","愛知県東海市名和町一番割中12-2","35.065527","136.91042"
"千鳥津波避難所　３～５Ｆ","愛知県東海市名和町一番割中59-2","35.066997","136.910151"
"上野中学校　グラウンド","愛知県東海市名和町奥平戸28","35.044075","136.910014"
"上野中学校　体育館","愛知県東海市名和町奥平戸28","35.044075","136.910014"
"ファミリーマート東海関東山店駐車場","愛知県東海市名和町岡廻間17-1","35.046889","136.908751"
"下名和公民館駐車場","愛知県東海市名和町岡前38","35.050395","136.911195"
"名和東児童館グラウンド","愛知県東海市名和町戸石48-10","35.04839","136.915662"
"名和団地グランド","愛知県東海市名和町向廻間1","35.049715","136.912995"
"名和小学校　グラウンド","愛知県東海市名和町山東10","35.051555","136.913501"
"名和小学校　体育館","愛知県東海市名和町山東10","35.051555","136.913501"
"秋葉ちびっこ広場","愛知県東海市名和町秋葉15-6","35.050827","136.920947"
"セブンイレブン東海市名和町店駐車場","愛知県東海市名和町女郎田19-1","35.055156","136.91936"
"西中嶺ちびっこ広場","愛知県東海市名和町西中嶺2-2","35.053365","136.921873"
"新上野ヶ丘№１ちびっこ広場","愛知県東海市名和町前郷90-28","35.049987","136.923318"
"名和中学校　体育館","愛知県東海市名和町中首羅1-1","35.05667","136.923334"
"名和中学校　グラウンド","愛知県東海市名和町中首羅1-1","35.05667","136.923334"
"スロットＺＥＮＴ５５５駐車場","愛知県東海市名和町東岨22","35.045674","136.913111"
"東中嶺ちびっこ広場","愛知県東海市名和町東中嶺11-6","35.052593","136.922408"
"南寺廻間ちびっこ広場","愛知県東海市名和町南寺廻間74-1","35.051415","136.917323"
"第２上野ケ丘児童遊園","愛知県東海市名和町平松5-17","35.045246","136.919416"
"平地公園","愛知県東海市名和町法秀1-1","35.047259","136.924249"
"北之山ちびっこ広場","愛知県東海市名和町北之山13-41","35.044133","136.914723"
"上名和公会堂駐車場","愛知県東海市名和町北本郷33","35.056821","136.913345"
"リビオ上名和集会場前広場","愛知県東海市名和町緑陽台1","35.057475","136.920883"
"緑陽台ちびっこ広場","愛知県東海市名和町緑陽台2-10","35.057503","136.920306"
"エル・ドラード　４～８Ｆ","愛知県東海市養父町1-14","35.0089","136.885559"
"サンマンションアトレ横須賀　４～８Ｆ","愛知県東海市養父町横枕11-3","35.004327","136.882183"
"養父児童館・養父健康交流の家　３Ｆ","愛知県東海市養父町宮山17-1","35.006271","136.886469"
"ボナール尾張横須賀　４～７Ｆ","愛知県東海市養父町宮山7-4","35.007502","136.885106"
"エスポア横須賀　４～１５Ｆ","愛知県東海市養父町諸ノ木26-3","35.004912","136.883186"
"横須賀駅西第１ビル　４～９Ｆ","愛知県東海市養父町北反田43","35.010792","136.885933"
"御岳コミュニティセンター","愛知県東郷町御岳2-7-1","35.112481","137.062166"
"春木台コミュニティセンター","愛知県東郷町春木台2-8","35.089785","137.045183"
"春木台小学校","愛知県東郷町春木台4-5-1","35.087854","137.040979"
"清水コミュニティセンター","愛知県東郷町清水4-1-8","35.088132","137.028388"
"祐福寺公民館","愛知県東郷町大字春木字屋敷3458","35.082836","137.047574"
"西部児童館","愛知県東郷町大字春木字音貝104","35.099019","137.029563"
"音貝小学校","愛知県東郷町大字春木字音貝43-100","35.100465","137.030308"
"傍示本公民館","愛知県東郷町大字春木字市場屋敷1182-1","35.092346","137.052489"
"南部児童館","愛知県東郷町大字春木字上正葉廻間28-1","35.085316","137.038573"
"春木中学校","愛知県東郷町大字春木字新池1","35.089146","137.038382"
"部田コミュニティセンター","愛知県東郷町大字春木字西前6070-4","35.079371","137.04542"
"中部児童館","愛知県東郷町大字春木字東羽根穴12","35.096659","137.054922"
"西白土ふれあいセンター","愛知県東郷町大字春木字白土1-1162","35.108821","137.022707"
"白土コミュニティセンター","愛知県東郷町大字春木字涼松225-1","35.098792","137.025378"
"東部児童館","愛知県東郷町大字諸輪字稲場9","35.105269","137.06667"
"諸輪中学校","愛知県東郷町大字諸輪字後山60-65","35.109074","137.066559"
"諸輪小学校","愛知県東郷町大字諸輪字大坊池29-110","35.107153","137.065654"
"諸輪公民館","愛知県東郷町大字諸輪字中市135-73","35.104802","137.068294"
"東郷小学校","愛知県東郷町大字諸輪字北山112","35.096036","137.056757"
"東郷中学校","愛知県東郷町大字諸輪字北山126","35.09702","137.056782"
"和合公民館","愛知県東郷町大字和合字前田26","35.099116","137.05174"
"高嶺小学校","愛知県東郷町白鳥2-5","35.111546","137.055727"
"北部児童館","愛知県東郷町白鳥3-15","35.112912","137.057371"
"白鳥コミュニティセンター","愛知県東郷町白鳥3-15","35.113225","137.057508"
"部田山コミュニティセンター","愛知県東郷町兵庫1-3-1","35.093205","137.02407"
"兵庫小学校","愛知県東郷町兵庫3-1","35.092115","137.022973"
"北山台コミュニティセンター","愛知県東郷町北山台2-11-2","35.09711","137.059216"
"和合ケ丘コミュニティセンター","愛知県東郷町和合ケ丘3-6-10","35.110983","137.047373"
"山ノ神避難場所","愛知県南知多町大字師崎字山ノ神1-17","34.700531","136.969772"
"師崎避難所　駐車場他　（屋内駐車場の屋上含む）","愛知県南知多町大字師崎字浅間山16-3","34.7035","136.971313"
"師崎公民館","愛知県南知多町大字師崎字的場86-1","34.700065","136.97122"
"篠島開発総合センター　（篠島サービスセンター）","愛知県南知多町大字篠島字浦磯3-3","34.679126","137.007617"
"篠島中学校・グランド","愛知県南知多町大字篠島字汐味1-5","34.671416","137.001335"
"大井公民館　（師崎サービスセンター）","愛知県南知多町大字大井字北側43","34.720752","136.960815"
"愛知県立内海高等学校・屋外運動場　体育館　武道場","愛知県南知多町大字内海字奥鈴ケ谷1-1","34.761046","136.898291"
"南知多町内海防災センター・集会室","愛知県南知多町大字内海字柴井1-3","34.741279","136.86138"
"南知多中学校・グランド","愛知県南知多町大字内海字先苅248","34.745898","136.873298"
"日間賀小学校・グランド","愛知県南知多町大字日間賀島字永峯11","34.703009","137.004786"
"日間賀島公民館（日間賀島サービスセンター）","愛知県南知多町大字日間賀島字永峯18","34.702581","137.004768"
"総合体育館","愛知県南知多町大字豊浜字須佐ヶ丘5","34.718718","136.935452"
"総合体育館　駐車場","愛知県南知多町大字豊浜字須佐ヶ丘5","34.718384","136.935734"
"蟹甲公民館","愛知県日進市蟹甲町中屋敷492-3","35.130156","137.04272"
"コミュニティー岩崎台","愛知県日進市岩崎台2-1503","35.15163","137.023619"
"愛知学院大学運動場及び駐車場","愛知県日進市岩崎町阿良池12","35.159026","137.049384"
"芦廻間集会所","愛知県日進市岩崎町芦廻間112-776","35.15152","137.030783"
"日進中学校第２グラウンド","愛知県日進市岩崎町兼場96-1","35.13868","137.041394"
"御岳集会所","愛知県日進市岩崎町元井ゲ17-2","35.150015","137.046672"
"岩崎公民館","愛知県日進市岩崎町大塚45-1","35.144087","137.042981"
"北小学校日進中学校青葉分校運動場","愛知県日進市岩崎町竹ノ山149-164","35.154473","137.039626"
"日進グリーンハイツ集会所","愛知県日進市岩崎町竹ノ山149-330","35.152377","137.039296"
"野方北集会所","愛知県日進市岩崎町南高上210","35.136595","137.030636"
"梅ノ木集会所","愛知県日進市岩崎町梅ノ木11-4","35.144261","137.048226"
"岩藤公民館","愛知県日進市岩藤町所寒527","35.148583","137.05467"
"五色園第１集会所","愛知県日進市五色園1-1802","35.15106","137.066689"
"五色園第２集会所","愛知県日進市五色園4-2806","35.154315","137.058592"
"香久山会館","愛知県日進市香久山2-2835","35.138458","137.025708"
"日進ニュータウン集会所","愛知県日進市三本木町廻間111-28","35.143363","137.078632"
"中部大学第一高等学校","愛知県日進市三本木町細廻間425","35.14233","137.086999"
"三本木区民会館","愛知県日進市三本木町上川田4","35.141979","137.081567"
"赤池公民館","愛知県日進市赤池1-2202","35.120573","137.014528"
"折戸公民館","愛知県日進市折戸町前田59-1","35.121219","137.04506"
"野方三ツ池公園交流館","愛知県日進市折戸町定納189-1","35.127252","137.033871"
"浅田区民会館","愛知県日進市浅田町茶園38","35.124655","137.023693"
"椙山女学園大学日進グラウンド","愛知県日進市竹の山3-2005","35.151979","137.035672"
"竹ノ山集会所","愛知県日進市竹の山3-705","35.151144","137.038871"
"竹の山会館","愛知県日進市竹の山4-503","35.150879","137.034162"
"日生東山園集会所","愛知県日進市東山1-307","35.128564","137.045822"
"東山グラウンド","愛知県日進市東山5-2101","35.123477","137.053275"
"日東コミュニティセンター","愛知県日進市東山6-1007","35.124128","137.055996"
"平子台自治会集会所","愛知県日進市東山7-616","35.12852","137.054809"
"橦木団地集会所","愛知県日進市藤枝町奥廻間1192-98","35.122541","137.059833"
"日進団地集会所","愛知県日進市藤枝町奥廻間1237-133","35.124573","137.060916"
"藤枝公民館","愛知県日進市藤枝町小六田123-1","35.132246","137.050823"
"藤塚集会所","愛知県日進市藤塚3-320","35.120994","137.036258"
"三井団地集会所","愛知県日進市藤塚6-27","35.115127","137.034163"
"藤島公会堂","愛知県日進市藤島町芝干33-4","35.140256","137.052831"
"南ケ丘会館","愛知県日進市南ケ丘1-6","35.113103","137.042376"
"梅森公民館","愛知県日進市梅森台1-151","35.133029","137.0145"
"日生梅森園集会所","愛知県日進市梅森町新田135-127","35.136153","137.018595"
"三ケ峯台集会所","愛知県日進市米野木町三ケ峯4-345","35.14566","137.095973"
"名古屋商科大学校庭","愛知県日進市米野木町三ケ峯4-4","35.155654","137.095178"
"米野木区民会館","愛知県日進市米野木町仲田72","35.132514","137.062631"
"南山エピック集会所","愛知県日進市米野木町南山973-47","35.135829","137.082783"
"北新町公民館","愛知県日進市北新町殿ケ池中625","35.157853","137.055207"
"道の駅　マチテラス日進","愛知県日進市本郷町","35.138068","137.044032"
"本郷公民館","愛知県日進市本郷町小橋353","35.135729","137.043571"
"野方公民館","愛知県日進市野方町西島25-1","35.130181","137.028858"
"おおぼら公園","愛知県半田市のぞみが丘1-667-10","34.926441","136.960331"
"のぞみが丘公園","愛知県半田市のぞみが丘2-82","34.926633","136.957047"
"にごり池公園","愛知県半田市のぞみが丘3-120","34.923638","136.960838"
"道路高架区間の歩道部（昭和橋北交差点東側付近）","愛知県半田市旭町1","34.87758","136.92579"
"半田コロナワールド立体駐車場","愛知県半田市旭町3-36-5","34.874978","136.921856"
"長根公園","愛知県半田市一ノ草町206-1","34.916187","136.942847"
"七本木池公園","愛知県半田市一本木町3-107","34.921851","136.949962"
"横川公園","愛知県半田市横川町3-202-1","34.921692","136.945419"
"乙川白山公園","愛知県半田市乙川源内林町1-43","34.91217","136.938553"
"向田公園","愛知県半田市乙川向田町2-10-1","34.906847","136.95097"
"海蔵寺駐車場","愛知県半田市乙川若宮町25","34.912379","136.9448"
"県営乙川住宅","愛知県半田市乙川新町1-4","34.906623","136.938604"
"乙川公園","愛知県半田市乙川太田町1-28","34.912241","136.947708"
"太田公園","愛知県半田市乙川太田町2-133","34.907532","136.947189"
"乙川駅前公園","愛知県半田市乙川町45","34.904076","136.94119"
"乙川八幡社前広場（参道を含む）","愛知県半田市乙川殿町97","34.906483","136.943665"
"乙川小学校校庭","愛知県半田市乙川北側町1-1","34.910549","136.945465"
"神戸公民館駐車場","愛知県半田市花園町1-12-2","34.875516","136.915749"
"はさま公園","愛知県半田市花園町1-7-1","34.873371","136.913635"
"花園小学校校庭","愛知県半田市花園町3-5-1","34.87326","136.91037"
"高峯公園","愛知県半田市花園町4-13-1","34.873737","136.907196"
"花園公園","愛知県半田市花園町5-12-1","34.871174","136.90976"
"ふじが丘公園","愛知県半田市花園町6-9","34.87318","136.902878"
"乙川東小学校校庭","愛知県半田市花田町3-1","34.912292","136.951019"
"半田小学校校庭","愛知県半田市勘内町1","34.899944","136.932831"
"岩滑小学校校庭","愛知県半田市岩滑高山町5-55","34.908752","136.91687"
"新美南吉記念館駐車場","愛知県半田市岩滑西町1-10-1","34.909059","136.912158"
"岩滑公民館駐車場","愛知県半田市岩滑中町5-20","34.908298","136.922394"
"岩滑八幡社境内","愛知県半田市岩滑中町7-80","34.910851","136.923218"
"山ノ神社","愛知県半田市岩滑東町3-96","34.910154","136.928703"
"半田中学校校庭","愛知県半田市岩滑東町5-80","34.906132","136.927063"
"雁宿ホール","愛知県半田市雁宿町1-22-1","34.89624","136.925125"
"半田球場","愛知県半田市雁宿町2-1","34.895073","136.917984"
"雁宿公園","愛知県半田市雁宿町3-204-1","34.896954","136.92009"
"亀崎小学校校庭","愛知県半田市亀崎月見町3-10","34.918903","136.965561"
"高根北公園","愛知県半田市亀崎高根町4-15-100","34.920528","136.956272"
"亀崎中学校校庭","愛知県半田市亀崎高根町5-40","34.920338","136.958115"
"亀崎公園北西１００メートル駐車場","愛知県半田市亀崎相生町2-62-3","34.91648","136.964479"
"三社公園","愛知県半田市亀崎町10-166","34.910649","136.962578"
"亀崎県社前公園","愛知県半田市亀崎町2-92","34.91796","136.970844"
"亀崎県社児童遊園（県社裏）","愛知県半田市亀崎町2-92","34.918822","136.97005"
"亀崎公園","愛知県半田市亀崎町5-102","34.915602","136.96578"
"亀崎地域総合福祉センター裏広場","愛知県半田市亀崎町7-65-5","34.914589","136.96225"
"蓮根公園","愛知県半田市宮本町3-214","34.883499","136.911835"
"宮本公園（成石グランド）","愛知県半田市宮本町4-15","34.886125","136.912925"
"坊ヶ峯公園","愛知県半田市宮本町5-326","34.886211","136.908035"
"住吉神社境内及び住吉福祉文化会館前広場","愛知県半田市宮路町53","34.903078","136.926567"
"協和区民館駐車場","愛知県半田市協和町2-112","34.889134","136.928763"
"日乃本ビル南駐車場","愛知県半田市郷中町1-30","34.889099","136.928119"
"桐ヶ丘公園","愛知県半田市桐ケ丘3-8","34.891445","136.91745"
"君ヶ橋住宅東空地","愛知県半田市君ケ橋町3","34.879299","136.892426"
"君ヶ橋住宅内広場","愛知県半田市君ケ橋町3-73","34.878908","136.891094"
"向山公園","愛知県半田市向山町1-85","34.909987","136.951067"
"こうせい公園","愛知県半田市更生町1-10","34.892126","136.925885"
"道路高架区間の歩道部（港半田大橋東側、西側付近）","愛知県半田市港町4","34.882742","136.938742"
"山之神共集館前広場","愛知県半田市山ノ神町11","34.891994","136.931137"
"板山小学校校庭","愛知県半田市四方木町37-1","34.883702","136.888922"
"寺町公園","愛知県半田市寺町146-1","34.883223","136.928661"
"乙川若宮社境内","愛知県半田市若宮町66","34.911819","136.943909"
"州の崎公園","愛知県半田市州の崎町2-131","34.920642","136.97182"
"住吉ちびっ子広場","愛知県半田市住吉町2-183-1","34.906474","136.928672"
"住吉東公園","愛知県半田市住吉町5-8-1","34.901413","136.929994"
"住吉南ちびっ子広場","愛知県半田市住吉町8-50","34.896629","136.930328"
"道路高架区間の歩道部（みなと公園南側付近）","愛知県半田市十一号地","34.883493","136.948893"
"愛知県漁連海苔流通センター","愛知県半田市十一号地18-16","34.883431","136.946508"
"半田市学校給食センター１階屋上・２階屋上","愛知県半田市十号地19-26","34.887027","136.950277"
"半田高等学校校庭","愛知県半田市出口町1-30","34.902882","136.921585"
"こしん公園","愛知県半田市小神町7","34.912392","136.948792"
"十六銀行半田支店駐車場","愛知県半田市昭和町20-11","34.890754","136.923549"
"成岩中学校校庭","愛知県半田市昭和町3-8","34.887459","136.92038"
"上池北公園","愛知県半田市上池町2-1-14","34.929803","136.948275"
"上池住宅内公園","愛知県半田市上池町3-3-36","34.926987","136.947326"
"上池公園","愛知県半田市上池町5-1-1","34.925434","136.94931"
"新居児童遊園","愛知県半田市新居町3-1","34.909683","136.956662"
"新居公園","愛知県半田市新居町6-236","34.906525","136.957596"
"ＪＵＳ半田　付属立体駐車場","愛知県半田市新川町22-1","34.893116","136.932269"
"山方公園","愛知県半田市瑞穂町10-8","34.891598","136.943817"
"池下公園","愛知県半田市瑞穂町3-5","34.888992","136.945938"
"レインボー第３半田","愛知県半田市瑞穂町4-7-6","34.886125","136.94635"
"東部公園","愛知県半田市瑞穂町6-2","34.886848","136.942795"
"県営半田康衛住宅","愛知県半田市瑞穂町6-7-10","34.884778","136.942134"
"サウナ＆ホテルみどり館","愛知県半田市瑞穂町6-7-12","34.884444","136.942354"
"ラウンドワン半田店　付属立体駐車場","愛知県半田市瑞穂町6-7-8","34.885363","136.94171"
"六番公園","愛知県半田市瑞穂町7-7","34.886612","136.938202"
"瑞穂公園","愛知県半田市瑞穂町8-10","34.887844","136.939972"
"昭和公園","愛知県半田市瑞穂町9-2-1","34.890064","136.941208"
"サンポートホテル半田","愛知県半田市瑞穂町9-3-1","34.890551","136.942161"
"成岩東公園","愛知県半田市成岩東町32-9","34.881405","136.9264"
"成岩小学校校庭","愛知県半田市成岩本町2-1","34.885269","136.925949"
"成岩公園（成岩公民館東）","愛知県半田市成岩本町4-45","34.882938","136.924316"
"成岩本町公園","愛知県半田市成岩本町4-66","34.881654","136.923852"
"星崎公園","愛知県半田市星崎町2-204","34.899563","136.92128"
"雁宿小学校校庭","愛知県半田市清城町1-5-2","34.898674","136.91806"
"清城公園","愛知県半田市清城町2-9","34.898598","136.911713"
"半田東高等学校校庭","愛知県半田市西生見町30","34.928526","136.951475"
"青山公園","愛知県半田市青山2-1-1","34.881039","136.912064"
"山本公園","愛知県半田市青山3-14-1","34.877197","136.911652"
"新宮児童遊園","愛知県半田市青山4-11-1","34.880695","136.907065"
"新宮公園","愛知県半田市青山4-22-1","34.880592","136.909363"
"青山中学校校庭","愛知県半田市青山5-6-1","34.87915","136.907837"
"稲荷公園","愛知県半田市青山7-11-1","34.876316","136.90448"
"市営緑ヶ丘住宅集会所前広場","愛知県半田市石塚町1-184","34.939114","136.948715"
"道路高架区間の歩道部（有楽排水ポンプ場東側付近）","愛知県半田市川崎町1","34.876986","136.926506"
"道路高架区間の歩道部（川崎町交差点南側付近）","愛知県半田市川崎町3","34.872939","136.931611"
"前田公園","愛知県半田市前田町68-27","34.913939","136.955724"
"ナビウッディ半田マンションＩ番館","愛知県半田市相賀町1-100","34.902682","136.948641"
"ナビウッディ半田マンションⅡ番館","愛知県半田市相賀町1-104","34.903086","136.94973"
"西古浜街園（相賀町第一小公園）","愛知県半田市相賀町1-115","34.900921","136.949921"
"大高公園","愛知県半田市大高町1-37","34.924089","136.945201"
"大松ちびっ子広場","愛知県半田市大松町1-35-2","34.909891","136.953769"
"大池北公園","愛知県半田市大池町2-4-1","34.919096","136.949781"
"乙川中学校校庭","愛知県半田市大池町3-1","34.916576","136.950302"
"大池公園","愛知県半田市大池町4-96","34.91412","136.950488"
"横川小学校校庭","愛知県半田市大伝根町1-11-1","34.921398","136.942276"
"シャトー半田","愛知県半田市中午町3-3","34.906672","136.954569"
"中村街園","愛知県半田市中村町2-11","34.892796","136.933868"
"中町クリニック駐車場","愛知県半田市中町4-18","34.888128","136.925382"
"協和保育園園庭","愛知県半田市中島町11-1","34.885221","136.930258"
"長根ちびっ子広場","愛知県半田市長根町2-48","34.917995","136.939639"
"山神社境内（桐華学園北）","愛知県半田市天王町1-18","34.896706","136.927362"
"常楽寺駐車場","愛知県半田市東郷町2-104","34.882499","136.91771"
"日本福祉大学半田キャンパス","愛知県半田市東生見町26-2","34.92804","136.955856"
"半田市職員駐車場","愛知県半田市東洋町1-10","34.893906","136.939651"
"さくら小学校校庭","愛知県半田市東洋町1-12-1","34.89359","136.941327"
"半田市役所","愛知県半田市東洋町2-1","34.891726","136.937987"
"新池公園","愛知県半田市南大矢知町4-208-1","34.922455","136.938965"
"任坊山公園","愛知県半田市南二ツ坂町1-10","34.889962","136.911922"
"宮池小学校校庭","愛知県半田市南二ツ坂町2-1-1","34.891792","136.909424"
"ライオンズ半田ブライトマークス　立体駐車場","愛知県半田市南本町1-6-1","34.89096","136.932534"
"半田愛昇殿駐車場","愛知県半田市南本町2-7","34.889999","136.932343"
"おおまた公園","愛知県半田市南末広町27","34.8936","136.928452"
"半田商業高等学校校庭","愛知県半田市白山町2-30","34.891735","136.92276"
"白山公園","愛知県半田市白山町5-218","34.894714","136.915207"
"板山公民館東広場","愛知県半田市板山町1-100-8","34.889715","136.891834"
"日役公会堂前広場","愛知県半田市板山町11-62","34.89144","136.886964"
"大湯会館","愛知県半田市板山町13-209","34.889856","136.88205"
"小板公会堂前広場","愛知県半田市板山町2-141","34.887036","136.892141"
"道池公園","愛知県半田市板山町2-176","34.887779","136.889901"
"本板山福祉会館","愛知県半田市板山町9-168","34.887848","136.888075"
"美原ちびっ子広場","愛知県半田市美原町1-49-1","34.918479","136.947028"
"半田農業高等学校校庭","愛知県半田市柊町1-1","34.902672","136.918884"
"半田工科高等学校校庭","愛知県半田市柊町3-1","34.90081","136.913879"
"かねり山公園","愛知県半田市柊町3-6","34.900326","136.91507"
"柊公園","愛知県半田市柊町4-203","34.903297","136.912003"
"カインズホーム半田店","愛知県半田市浜田町3-10-1","34.902501","136.939505"
"修農公民館前広場","愛知県半田市平井町7-43","34.910548","136.89647"
"エムテー工業所北東駐車場","愛知県半田市平地町1-140","34.914581","136.956229"
"平地神明社内広場","愛知県半田市平地町1-72","34.915298","136.957947"
"平地中央公園","愛知県半田市平地町2-51","34.916546","136.953964"
"宝鏡寺駐車場","愛知県半田市平地町2-88-1","34.915733","136.95549"
"二ツ坂公園","愛知県半田市北二ツ坂町2-9","34.893322","136.910233"
"本町公園","愛知県半田市本町6-8-2","34.897964","136.932938"
"成岩神社境内","愛知県半田市有楽町1-13","34.88196","136.920091"
"ブラエルメゾン青山　付属立体駐車場","愛知県半田市有楽町2-221","34.879893","136.922656"
"須賀田公園","愛知県半田市有楽町3-229-1","34.879436","136.918106"
"成岩第三区コミュニティー会館","愛知県半田市有楽町5-120-1","34.87664","136.920668"
"イオン半田店","愛知県半田市有楽町8-7","34.869265","136.917656"
"有脇小学校校庭","愛知県半田市有脇町6-37","34.934128","136.956024"
"鴉根史跡公園","愛知県半田市鴉根町2-28-2","34.877269","136.89637"
"中央公民館","愛知県飛島村竹之郷3-1","35.079515","136.791742"
"旭平和墓園駐車場","愛知県尾張旭市旭ケ丘山の手555-1","35.228124","137.035762"
"旭ヶ丘第２ちびっ子広場","愛知県尾張旭市旭ケ丘町旭ケ丘5793-5","35.227889","137.044678"
"旭ヶ丘体育施設駐車場","愛知県尾張旭市旭ケ丘町濁池1155-1","35.229435","137.039926"
"濁池ちびっ子広場","愛知県尾張旭市旭ケ丘町濁池1155-17","35.226855","137.039956"
"旭前集会所","愛知県尾張旭市旭前町1-4-1","35.216299","137.020357"
"新田洞公園","愛知県尾張旭市旭前町1-5-14","35.21545","137.020924"
"旭前公園","愛知県尾張旭市旭前町3-9-10","35.213978","137.018319"
"旭前南公園","愛知県尾張旭市旭前町4-3-9","35.212777","137.018234"
"広久手公園","愛知県尾張旭市旭前町5-2-14","35.214623","137.021442"
"旭台第１号公園","愛知県尾張旭市旭台1-15","35.223193","137.057182"
"旭台第２号公園","愛知県尾張旭市旭台2-7-1","35.227429","137.056183"
"旭台第３号公園","愛知県尾張旭市旭台3-18","35.228438","137.059962"
"井田公園","愛知県尾張旭市井田町1-24","35.2109","137.051199"
"前の上公園","愛知県尾張旭市井田町2-176","35.209617","137.047728"
"八反田公園","愛知県尾張旭市井田町4-96","35.208258","137.051072"
"印場駅北公園","愛知県尾張旭市印場元町1-8-9","35.212255","137.011423"
"北島公園","愛知県尾張旭市印場元町3-9-1","35.208414","137.011544"
"霞ヶ丘線工事現場跡地駐車場","愛知県尾張旭市霞ケ丘町南254","35.209836","137.005949"
"吉岡公園","愛知県尾張旭市吉岡町2-6","35.203478","137.025392"
"五反田公園","愛知県尾張旭市向町1-9-1","35.216529","137.031937"
"東向公園","愛知県尾張旭市向町2-4-6","35.214604","137.031704"
"西向公園","愛知県尾張旭市向町3-12-4","35.215015","137.029195"
"石川公園","愛知県尾張旭市向町4-8-4","35.216317","137.028944"
"旭根の鼻公園","愛知県尾張旭市根の鼻町1-18","35.219828","137.057308"
"はんの木公園","愛知県尾張旭市桜ケ丘町1-93","35.21944","137.013207"
"桜ヶ丘公園","愛知県尾張旭市桜ケ丘町2-46","35.216357","137.012929"
"東部市民センター","愛知県尾張旭市三郷町中井田136","35.213288","137.055586"
"東部市民センター第２駐車場","愛知県尾張旭市三郷町中井田148","35.21375","137.055191"
"狩宿新町第１号公園","愛知県尾張旭市狩宿新町1-27","35.212873","137.059886"
"狩宿新町第２号公園","愛知県尾張旭市狩宿新町2-83","35.209595","137.059271"
"下川原公園","愛知県尾張旭市狩宿新町2-96","35.209847","137.058299"
"狩宿南集会所南側駐車場","愛知県尾張旭市狩宿町3-210","35.211707","137.065078"
"渋川公園","愛知県尾張旭市渋川町1-4-1","35.20731","137.021238"
"渋川公民館","愛知県尾張旭市渋川町1-6-1","35.20828","137.018797"
"鳥居公園","愛知県尾張旭市渋川町2-12-6","35.206451","137.016848"
"塚坪公園","愛知県尾張旭市渋川町3-5-8","35.204878","137.017705"
"南島公園","愛知県尾張旭市庄中町2-11-1","35.203433","137.013922"
"庄南公園","愛知県尾張旭市庄南町1-14","35.19566","137.01797"
"庄南ちびっ子広場","愛知県尾張旭市庄南町4-27","35.196847","137.021537"
"三ツ池第２ちびっ子広場","愛知県尾張旭市城山町三ツ池6106-1","35.222817","137.030188"
"長池上公園","愛知県尾張旭市城山町城山19-1","35.22416","137.027723"
"茅池公園","愛知県尾張旭市城前町1-7-6","35.218375","137.024526"
"城前公園","愛知県尾張旭市城前町2-8-1","35.216601","137.025771"
"八瀬の木公園","愛知県尾張旭市城前町3-8-1","35.215584","137.025872"
"城前集会所","愛知県尾張旭市城前町4-2-27","35.214565","137.026575"
"砂川公園","愛知県尾張旭市城前町4-4-2","35.214366","137.023892"
"今池下ちびっ子広場","愛知県尾張旭市新居町今池下2902-11","35.223649","137.038399"
"寺田ちびっ子広場","愛知県尾張旭市新居町寺田3002-1","35.221088","137.03597"
"新居集会所","愛知県尾張旭市新居町西浦3159-1","35.219804","137.032926"
"四門公園","愛知県尾張旭市瀬戸川町1-146","35.211273","137.055633"
"山の神公園","愛知県尾張旭市瀬戸川町1-43","35.212276","137.05769"
"土井下公園","愛知県尾張旭市瀬戸川町2-103","35.209651","137.056302"
"晴丘東公園","愛知県尾張旭市晴丘町東261","35.196173","137.048587"
"西の野ちびっ子広場","愛知県尾張旭市西の野町3-94-1","35.20845","137.032014"
"西山公園","愛知県尾張旭市西山町2-5","35.197675","137.013364"
"旭丘公民館","愛知県尾張旭市大久手町上切戸70","35.22359","137.044898"
"瑞鳳公民館","愛知県尾張旭市大塚町2-10-2","35.201322","137.020127"
"大塚公園","愛知県尾張旭市大塚町3-5","35.202532","137.020938"
"南山第２ちびっ子広場","愛知県尾張旭市長坂町南山2874-113","35.202411","137.031442"
"二反田公園","愛知県尾張旭市東印場町1-14-1","35.211477","137.024543"
"一里山公園","愛知県尾張旭市東印場町2-8-3","35.211477","137.019365"
"印場中央公園","愛知県尾張旭市東印場町3-14-1","35.208806","137.017106"
"越水公園","愛知県尾張旭市東印場町3-5-3","35.210244","137.021657"
"二反田ちびっ子広場","愛知県尾張旭市東印場町二反田145","35.209851","137.026269"
"出屋敷公園","愛知県尾張旭市東栄町1-14-1","35.217441","137.04986"
"藤池公園","愛知県尾張旭市東栄町1-4-2","35.219405","137.049614"
"藤池公民館","愛知県尾張旭市東栄町1-4-7","35.219222","137.049501"
"東栄公園","愛知県尾張旭市東栄町3-4-1","35.219707","137.052431"
"角田公園","愛知県尾張旭市東三郷町280","35.21384","137.058925"
"東山公園","愛知県尾張旭市東山町1-8","35.199534","137.016535"
"大久手西公園","愛知県尾張旭市東大久手町1-8-1","35.223892","137.049962"
"大久手東公園","愛知県尾張旭市東大久手町3-11-1","35.222069","137.052651"
"平池ちびっ子広場","愛知県尾張旭市東大道町原田2672-1","35.219002","137.03842"
"中央公民館","愛知県尾張旭市東大道町山の内2410-2","35.213795","137.035265"
"池上公園","愛知県尾張旭市東本地ケ原町2-25","35.198636","137.043139"
"本地ヶ原東公園","愛知県尾張旭市東本地ケ原町4-27","35.199304","137.047804"
"東名西公園","愛知県尾張旭市東名西町1-49","35.207386","137.00821"
"黒石公園","愛知県尾張旭市南栄町1-54","35.193277","137.027401"
"新池公園","愛知県尾張旭市南栄町旭ケ丘173","35.196498","137.038254"
"西山保育園駐車場","愛知県尾張旭市南原山町石原83-2","35.212108","137.048005"
"本地ヶ原南公園","愛知県尾張旭市南本地ケ原町2-38","35.195266","137.032638"
"池の端公園","愛知県尾張旭市南本地ケ原町3-61","35.196898","137.037182"
"柏井北公園","愛知県尾張旭市柏井町公園通地内","35.227395","137.051628"
"柏井南公園","愛知県尾張旭市柏井町弥栄地内","35.224298","137.052188"
"白鳳公園","愛知県尾張旭市白鳳町1-11","35.212967","137.012772"
"白鳳公民館","愛知県尾張旭市白鳳町2-20","35.211622","137.014396"
"北山公園","愛知県尾張旭市白鳳町2-42","35.211956","137.01506"
"とちの木公園","愛知県尾張旭市平子ケ丘町2-14","35.222156","137.014936"
"平子西ちびっ子広場","愛知県尾張旭市平子町西81-2","35.222177","137.02049"
"平子集会所","愛知県尾張旭市平子町中通219-1","35.221038","137.023898"
"平子公民館","愛知県尾張旭市平子町中通219-2","35.221299","137.02466"
"平子老人いこいの家","愛知県尾張旭市平子町中通339","35.223564","137.023025"
"平子東地内公共広場","愛知県尾張旭市平子町長池上6310","35.226195","137.024957"
"北原山北集会所","愛知県尾張旭市北原山町鳴湫1714-4","35.218226","137.04647"
"北山地内公共広場","愛知県尾張旭市北山町北山181-4","35.211458","137.043255"
"北山ちびっ子広場","愛知県尾張旭市北山町北山337-1","35.211222","137.03865"
"北新田ちびっ子広場","愛知県尾張旭市北山町北新田32-1","35.212973","137.042584"
"中畑公園","愛知県尾張旭市北本地ケ原町1-29","35.197387","137.032212"
"本地ヶ原公園","愛知県尾張旭市北本地ケ原町3-32","35.199903","137.037544"
"白山公園","愛知県尾張旭市北本地ケ原町4-56","35.200066","137.042442"
"本地原公民館","愛知県尾張旭市緑町緑ケ丘100-10","35.198857","137.029261"
"緑ヶ丘第３ちびっ子広場","愛知県尾張旭市緑町緑ケ丘100-128","35.200898","137.027758"
"美浜町運動公園（建設中）","愛知県美浜町大字奥田字奥田前1-1","34.788428","136.866436"
"日本福祉大学キャンパスプラザ等","愛知県美浜町大字奥田字会下前35-6","34.784793","136.869893"
"奥田小学校グランド","愛知県美浜町大字奥田字海道田55-1","34.786246","136.861241"
"奥田公民館","愛知県美浜町大字奥田字儀路64-1","34.787366","136.858528"
"亀の井ホテル　知多美浜","愛知県美浜町大字奥田字砂原39","34.783401","136.852139"
"河和小学校グランド","愛知県美浜町大字河和字古屋敷124","34.772091","136.911216"
"全忠寺駐車場","愛知県美浜町大字河和字古屋敷60-1","34.769596","136.910382"
"美浜町役場駐車場","愛知県美浜町大字河和字北田面106","34.778811","136.908214"
"パレマルシェ河和店屋上駐車場","愛知県美浜町大字河和字北田面5-1","34.777719","136.912548"
"河和中学校グランド","愛知県美浜町大字河和字六反田130","34.765902","136.916587"
"古布老人憩いの家駐車場","愛知県美浜町大字古布字九条1-1","34.752411","136.911975"
"愛知県美浜自然の家駐車場等","愛知県美浜町大字小野浦字宮後1-1","34.75195","136.853993"
"上野間保育所","愛知県美浜町大字上野間字小手廻間34-1","34.80644","136.868786"
"上野間小学校グランド","愛知県美浜町大字上野間字西ノ脇171","34.811967","136.865688"
"上野間公民館","愛知県美浜町大字上野間字泉乙18","34.804922","136.861336"
"布土小学校グランド","愛知県美浜町大字布土字半月101","34.802519","136.913984"
"切山千歳の家駐車場","愛知県美浜町大字豊丘字長端5-2","34.740002","136.92227"
"河和南部文化交流館駐車場","愛知県美浜町大字豊丘字東平井136-1","34.750964","136.927733"
"南部体育館グランド","愛知県美浜町大字豊丘字北平井2-2","34.751772","136.926872"
"マグネデザイン株式会社","愛知県美浜町大字豊丘字北平井2-4","34.751812","136.927934"
"美浜町総合公園体育館グランド","愛知県美浜町大字北方字十二谷1-2","34.795783","136.88683"
"野間公民館","愛知県美浜町大字野間字石名原26-1","34.774408","136.850226"
"野間小学校グランド","愛知県美浜町大字野間字石名原70","34.773712","136.849213"
"野間小学校校舎３階","愛知県美浜町大字野間字石名原70","34.773608","136.849089"
"野間中学校グランド","愛知県美浜町大字野間字大坪59","34.77606","136.858802"
"冨具神社境内","愛知県美浜町大字野間字冨具崎65","34.763993","136.843772"
"新南愛知カントリークラブ場外駐車場","愛知県美浜町大字野間二ノ谷128-3","34.764814","136.862534"
"美浜緑苑中央公園","愛知県美浜町美浜緑苑2-7-12","34.80025","136.869433"
"扶桑町北部グラウンド","愛知県扶桑町山那番所下83-4","35.373589","136.918365"
"木曽川扶桑緑地公園","愛知県扶桑町小渕字砂原","35.374928","136.899826"
"扶桑町中央公民館","愛知県扶桑町大字高木字稲葉63","35.363135","136.910124"
"扶桑東学習等供用施設","愛知県扶桑町大字高雄字定松郷114-9","35.35775","136.917409"
"扶桑東小学校（体育館）","愛知県扶桑町大字高雄字定松郷58","35.356452","136.918989"
"扶桑東小学校（屋上・廊下）","愛知県扶桑町大字高雄字定松郷58","35.356272","136.918314"
"高雄西学習等供用施設","愛知県扶桑町大字高雄字堂子276","35.364761","136.914895"
"扶桑北中学校（屋上・廊下）","愛知県扶桑町大字高雄字福塚10","35.364417","136.911257"
"扶桑北中学校（体育館）","愛知県扶桑町大字高雄字福塚10","35.364329","136.910345"
"高雄小学校（体育館）","愛知県扶桑町大字高雄字北海道61","35.36405","136.924216"
"高雄小学校（屋上・廊下）","愛知県扶桑町大字高雄字北海道61","35.364195","136.925074"
"高雄学習等供用施設","愛知県扶桑町大字高雄字北東川73","35.361114","136.921717"
"丹羽高等学校体育館・武道場","愛知県扶桑町大字高雄字柳前95","35.351464","136.924576"
"丹羽高等学校運動場","愛知県扶桑町大字高雄字柳前95","35.350422","136.925048"
"斎藤学習等供用施設","愛知県扶桑町大字斎藤字山神102","35.357111","136.899455"
"山名小学校（体育館）","愛知県扶桑町大字南山名字山神浦152","35.370949","136.905064"
"山名小学校（屋上・廊下）","愛知県扶桑町大字南山名字山神浦152","35.370939","136.905916"
"山名学習等供用施設","愛知県扶桑町大字南山名字山神前79","35.371206","136.909816"
"山名西学習等供用施設","愛知県扶桑町大字南山名字本郷185","35.369178","136.902954"
"柏森中央学習等供用施設","愛知県扶桑町大字柏森字乙西屋敷69","35.348742","136.901233"
"柏森学習等供用施設","愛知県扶桑町大字柏森字辻田473","35.352251","136.905713"
"扶桑中学校（体育館）","愛知県扶桑町大字柏森字辻田670","35.354748","136.908516"
"扶桑中学校（屋上・廊下）","愛知県扶桑町大字柏森字辻田670","35.355099","136.909348"
"柏森小学校（体育館）","愛知県扶桑町大字柏森字丙寺裏40","35.351303","136.904205"
"柏森小学校（屋上・廊下）","愛知県扶桑町大字柏森字丙寺裏40","35.351789","136.903613"
"扶桑町総合体育館","愛知県扶桑町大字柏森字平塚370","35.352402","136.915866"
"扶桑町総合グラウンド","愛知県扶桑町柏森字平塚370","35.3526","136.915054"
"武豊高校","愛知県武豊町字ヲヲガケ8","34.842715","136.900596"
"武豊小学校","愛知県武豊町字高野前1","34.854859","136.919829"
"砂川会館","愛知県武豊町字砂川3-16","34.865049","136.913913"
"大足老人憩の家","愛知県武豊町字川脇10-1","34.849332","136.923141"
"町民会館　ふれあい広場","愛知県武豊町字大門田11","34.84122","136.908264"
"町民会館","愛知県武豊町字大門田11","34.841508","136.909415"
"武豊中央公園","愛知県武豊町字中根2-94-3","34.852277","136.908719"
"武豊中学校","愛知県武豊町字中根4-5","34.853239","136.912628"
"緑丘小学校","愛知県武豊町字長宗1-1","34.856178","136.902446"
"玉貫老人憩の家","愛知県武豊町字楠4-24-1","34.848698","136.904629"
"くすのき児童館","愛知県武豊町字楠4-25","34.849075","136.904934"
"おおあし児童館","愛知県武豊町字平海道78-1","34.848877","136.920227"
"富貴中学校","愛知県武豊町大字東大高字熊野西8","34.839141","136.911465"
"総合体育館　駐車場","愛知県武豊町大字東大高字清水128","34.839178","136.90911"
"総合体育館","愛知県武豊町大字東大高字清水128","34.838841","136.908846"
"富貴小学校","愛知県武豊町大字冨貴字郷南79","34.828183","136.913376"
"鷲塚小学校グラウンド","愛知県碧南市旭町2-30","34.88858","137.016922"
"鷲塚小学校校舎","愛知県碧南市旭町2-30","34.888512","137.016404"
"伊勢町公園","愛知県碧南市伊勢町3-25","34.863035","136.981648"
"栄公園","愛知県碧南市栄町2-60","34.888355","136.993134"
"スペクトル碧南","愛知県碧南市塩浜町5-2-1","34.869071","136.983305"
"トヨタ自動車㈱アリビオ寮敷地","愛知県碧南市塩浜町8-1-1","34.865597","136.98665"
"霞浦公園","愛知県碧南市霞浦町2-68-2","34.882138","137.002344"
"碧南工科高等学校グラウンド","愛知県碧南市丸山町3-10","34.910976","136.996534"
"神明社境内","愛知県碧南市宮後町2-25","34.89008","136.988804"
"宮後公園","愛知県碧南市宮後町3-1","34.889805","136.985296"
"大浜熊野大神社境内","愛知県碧南市宮町5-46","34.861624","136.973798"
"秋葉神社境内","愛知県碧南市金山町4-6","34.903075","137.002382"
"ジール碧南店立体駐車場","愛知県碧南市栗山町2-59-1","34.878329","136.994413"
"源氏神明公園","愛知県碧南市源氏神明町122","34.880714","136.995743"
"碧南市文化会館","愛知県碧南市源氏神明町4","34.883709","136.996613"
"神明社境内","愛知県碧南市源氏神明町6","34.883043","136.996714"
"トリーハイツ西端","愛知県碧南市古川町1-1","34.911907","137.004017"
"油ヶ渕運動広場","愛知県碧南市湖西町4","34.909345","137.016044"
"中央小学校校舎","愛知県碧南市向陽町3-19","34.887931","136.995741"
"中央小学校グラウンド","愛知県碧南市向陽町3-19","34.887688","136.996597"
"市営向山住宅","愛知県碧南市幸町6-11","34.886316","136.998841"
"児童養護施設オリーブ","愛知県碧南市江口町3-12","34.852493","136.968384"
"アイシン辰栄株式会社立体駐車場","愛知県碧南市港南町2-8-12","34.846144","136.966606"
"衣浦東部浄化センター管理棟","愛知県碧南市港南町2-8-15","34.847252","136.961624"
"トヨタ自動車㈱第１～第５衣浦寮敷地","愛知県碧南市港本町3-1","34.866052","136.974737"
"市営笹山住宅","愛知県碧南市笹山町3-1-1","34.898663","137.00795"
"西端保育園園庭","愛知県碧南市札木町3-202","34.912322","137.011442"
"㈱中部プラントサービス碧南寮","愛知県碧南市三宅町4-72","34.881958","137.007401"
"市営三度山住宅","愛知県碧南市三度山町2-7","34.913871","137.008232"
"山神社境内","愛知県碧南市山神町7-26","34.899371","136.985902"
"ものづくりセンター","愛知県碧南市汐田町1-1-2","34.875798","136.988528"
"棚尾公民館","愛知県碧南市汐田町2-28","34.875034","136.99118"
"棚尾保育園園庭","愛知県碧南市汐田町5-34","34.873607","136.992887"
"若宮公園","愛知県碧南市若宮町7-19","34.86693","136.992178"
"住吉神社境内","愛知県碧南市住吉町3-40","34.898517","137.001657"
"南中学校校舎","愛知県碧南市春日町1-1","34.877861","136.990082"
"南中学校グラウンド","愛知県碧南市春日町1-1","34.877171","136.989883"
"棚尾小学校校舎","愛知県碧南市春日町1-5","34.876862","136.990768"
"棚尾小学校グラウンド","愛知県碧南市春日町1-5","34.876281","136.991382"
"明石公園","愛知県碧南市松江町1-1","34.905166","136.983123"
"稲荷社境内","愛知県碧南市松江町1-66","34.905086","136.984834"
"明石公園駐車場","愛知県碧南市松江町3","34.905479","136.986127"
"西端小学校グラウンド","愛知県碧南市上町3-1","34.915482","137.011597"
"西端小学校校舎","愛知県碧南市上町3-1","34.915882","137.011139"
"市営城山住宅","愛知県碧南市城山町5-32","34.89138","137.009171"
"中央中学校校舎","愛知県碧南市植出町5-2","34.891853","136.996887"
"中央中学校グラウンド","愛知県碧南市植出町5-2","34.891429","136.997114"
"新川中学校グラウンド","愛知県碧南市新川町1-1","34.900114","136.991234"
"新川中学校校舎","愛知県碧南市新川町1-1","34.900356","136.990067"
"新川小学校グラウンド","愛知県碧南市新川町2-1","34.899052","136.990021"
"新川小学校校舎","愛知県碧南市新川町2-1","34.898067","136.989685"
"市営新道住宅","愛知県碧南市新道町2-69-1","34.900788","137.006228"
"農業者コミュニティセンター駐車場","愛知県碧南市神田町2-6","34.918019","137.015165"
"西端中学校校舎","愛知県碧南市神田町3-10","34.917755","137.014069"
"御鍬社境内","愛知県碧南市西山町7-115","34.903111","136.996524"
"斎宮社境内","愛知県碧南市千福町3-3","34.898076","136.993897"
"特別養護老人ホーム川口結いの家","愛知県碧南市川口町1-178-1","34.839561","136.974716"
"中部電力㈱川口寮","愛知県碧南市川口町1-179","34.83947","136.975403"
"新川町駅西駐車場","愛知県碧南市浅間町3-18","34.895939","136.987544"
"前浜集落センター","愛知県碧南市前浜町1-80","34.858597","136.989029"
"神明社境内","愛知県碧南市相生町5-74","34.90286","136.991524"
"熊野神社境内","愛知県碧南市大浜上町1-2","34.886576","136.984352"
"沢渡公園","愛知県碧南市沢渡町194","34.882342","136.992226"
"荒神社境内","愛知県碧南市中町1-62","34.875278","136.982624"
"津島神社境内","愛知県碧南市天王町7-26","34.884393","136.986541"
"東中学校グラウンド","愛知県碧南市天神町3-88","34.887825","137.007215"
"東中学校校舎","愛知県碧南市天神町3-88","34.888233","137.008087"
"踏分公園","愛知県碧南市踏分町1-101-1","34.896401","137.002925"
"日進小学校グラウンド","愛知県碧南市日進町4-1","34.876401","137.000649"
"日進小学校校舎","愛知県碧南市日進町4-1","34.876701","136.999743"
"市民病院看護師住宅","愛知県碧南市尾城町1-17","34.890511","137.005142"
"市民病院尾城共同住宅","愛知県碧南市尾城町5-45-1","34.888939","137.002929"
"水族館北駐車場","愛知県碧南市浜町2-3","34.881343","136.982147"
"臨海公園","愛知県碧南市浜町2-4","34.876859","136.980374"
"大浜小学校グラウンド","愛知県碧南市浜田町1-1","34.866726","136.980865"
"大浜小学校校舎","愛知県碧南市浜田町1-1","34.866879","136.980255"
"大浜幼稚園","愛知県碧南市浜田町1-119","34.866859","136.979767"
"大浜保育園園庭","愛知県碧南市本郷町2-68","34.875499","136.981949"
"末広公園","愛知県碧南市末広町2-23","34.889687","136.990301"
"末広東公園","愛知県碧南市末広町3-35","34.890488","136.99324"
"野田公園","愛知県碧南市野田町80","34.885258","136.990306"
"八柱神社境内","愛知県碧南市弥生町3-140","34.868664","136.988863"
"ＤＣＭ碧南店店舗２階駐車場","愛知県碧南市弥生町5-46","34.866723","136.987986"
"油ヶ渕遊園地","愛知県碧南市油渕町2-72","34.907356","137.012097"
"特別養護老人ホームシルバーピアみどり苑","愛知県碧南市油渕町3-50","34.906665","137.009473"
"流作区民館跡地","愛知県碧南市流作町1-11-1","34.879845","137.017828"
"六軒町公園及びアイシン精機㈱駐車場","愛知県碧南市六軒町4-38","34.906185","136.98907"
"東町内会館","愛知県碧南市鷲塚町5-60","34.886705","137.02508"
"特別養護老人ホームひまわり","愛知県碧南市鷲林町4-109-1","34.883298","137.023824"
"碧南市養護老人ホーム","愛知県碧南市鷲林町4-109-1","34.882942","137.023346"
"立合公園","愛知県豊橋市つつじが丘1","34.74998","137.396422"
"新子公園","愛知県豊橋市つつじが丘2","34.747191","137.399338"
"若狭公園","愛知県豊橋市つつじが丘3","34.742938","137.401285"
"土亀公園","愛知県豊橋市つつじが丘3","34.745589","137.401301"
"旭小学校","愛知県豊橋市旭町字旭409","34.766502","137.403549"
"旭小学校（グラウンド）","愛知県豊橋市旭町字旭409","34.766865","137.403658"
"旭校区市民館","愛知県豊橋市旭町字旭535-2","34.766995","137.404459"
"芦原小学校（校舎３階廊下）","愛知県豊橋市芦原町字嵩山地42-1","34.717548","137.38125"
"芦原小学校","愛知県豊橋市芦原町字嵩山地42-1","34.717544","137.3814"
"芦原小学校（グラウンド）","愛知県豊橋市芦原町字嵩山地42-1","34.717179","137.380982"
"高豊中学校","愛知県豊橋市伊古部町字原24-1","34.665654","137.375746"
"高豊中学校（グラウンド）","愛知県豊橋市伊古部町字原24-1","34.665367","137.375773"
"高豊生涯学習センター","愛知県豊橋市伊古部町字多岸田302","34.665806","137.382716"
"井原第二公園","愛知県豊橋市井原町","34.764481","137.427531"
"南羽根井公園","愛知県豊橋市羽根井西町","34.75557","137.373812"
"中央図書館（３階・屋上）","愛知県豊橋市羽根井町48","34.753982","137.37604"
"羽根井小学校","愛知県豊橋市羽根井本町131","34.757858","137.378208"
"羽根井小学校（グラウンド）","愛知県豊橋市羽根井本町131","34.757388","137.378261"
"羽根井生涯学習センター","愛知県豊橋市羽根井本町131","34.757188","137.378867"
"津田小学校（校舎３階廊下）","愛知県豊橋市横須賀町宮元3-1","34.781639","137.366708"
"津田小学校","愛知県豊橋市横須賀町宮元3-1","34.781788","137.366901"
"津田校区市民館","愛知県豊橋市横須賀町宮前10-2","34.780701","137.367056"
"ビレッジハウス津田３号棟（３・４階廊下）","愛知県豊橋市横須賀町林1","34.782596","137.368791"
"ビレッジハウス津田２号棟（３・４階廊下）","愛知県豊橋市横須賀町林1","34.78226","137.368257"
"ビレッジハウス津田１号棟（３・４階廊下）","愛知県豊橋市横須賀町林1","34.782488","137.368147"
"ビレッジハウス津田４号棟（３・４階廊下）","愛知県豊橋市横須賀町林1","34.782351","137.36886"
"王ヶ崎東公園","愛知県豊橋市王ヶ崎町","34.73705","137.37632"
"下条小学校","愛知県豊橋市下条東町字西浦41","34.803213","137.415621"
"下条小学校（グラウンド）","愛知県豊橋市下条東町字西浦41","34.803094","137.415139"
"下条小学校（校舎３階廊下）","愛知県豊橋市下条東町字西浦41","34.803263","137.415498"
"下条校区市民館","愛知県豊橋市下条東町字西浦61-3","34.802527","137.41512"
"下地小学校（校舎３階廊下）","愛知県豊橋市下地町字宮前68","34.777702","137.384668"
"下地小学校（グラウンド）","愛知県豊橋市下地町字宮前68","34.777206","137.384882"
"下地校区市民館","愛知県豊橋市下地町字宮前68","34.777081","137.384542"
"下地小学校","愛知県豊橋市下地町字宮前68","34.777777","137.38478"
"大村小学校（グラウンド）","愛知県豊橋市下地町字地之神9","34.790015","137.397658"
"北部中学校（グラウンド）","愛知県豊橋市下地町字長池1","34.781502","137.385359"
"北部中学校","愛知県豊橋市下地町字長池1","34.782497","137.384769"
"北部中学校（校舎３階廊下）","愛知県豊橋市下地町字長池1","34.782391","137.384624"
"花中第二公園","愛知県豊橋市花中町","34.755131","137.384962"
"花中公園","愛知県豊橋市花中町","34.757577","137.384621"
"大塚公園","愛知県豊橋市花田二番町","34.762396","137.376391"
"羽田上公園","愛知県豊橋市花田二番町","34.762507","137.37397"
"賀茂校区市民館","愛知県豊橋市賀茂町字宗末41-1","34.837778","137.435246"
"賀茂小学校","愛知県豊橋市賀茂町字森信24","34.838608","137.434785"
"賀茂小学校（グラウンド）","愛知県豊橋市賀茂町字森信24","34.838363","137.434584"
"賀茂小学校（校舎３階廊下）","愛知県豊橋市賀茂町字森信24","34.838691","137.434594"
"松葉公園","愛知県豊橋市萱町","34.767201","137.385429"
"宮本公園","愛知県豊橋市瓦町","34.760069","137.409403"
"岩屋下第三公園","愛知県豊橋市岩屋町","34.737072","137.42104"
"東部生涯学習センター","愛知県豊橋市岩屋町字岩屋下66-1","34.736788","137.421234"
"東陽中学校（グラウンド）","愛知県豊橋市岩崎町字野田1-2","34.754578","137.443249"
"東陽中学校","愛知県豊橋市岩崎町字野田1-2","34.754556","137.442772"
"岩田運動公園","愛知県豊橋市岩田町","34.758693","137.42442"
"利兵池公園","愛知県豊橋市岩田町","34.752605","137.444041"
"吉田方校区市民館","愛知県豊橋市吉川町118","34.771515","137.363967"
"吉田方校区市民館（３階集会室等）","愛知県豊橋市吉川町118","34.771462","137.363962"
"吉田方小学校","愛知県豊橋市吉川町118","34.771278","137.363972"
"吉田方小学校（校舎３階廊下）","愛知県豊橋市吉川町118","34.771057","137.364193"
"サンシティ吉川（３階以上廊下等）","愛知県豊橋市吉川町29-1","34.77149","137.367618"
"障害者支援施設シーサイド吉前（３・４階屋上）","愛知県豊橋市吉前町字西吉前新田131-3","34.770976","137.329046"
"宮下公園","愛知県豊橋市宮下町","34.760394","137.41898"
"牛川公園","愛知県豊橋市牛川町","34.782624","137.420648"
"下川公園","愛知県豊橋市牛川町","34.785439","137.416628"
"上下水道局（５階大会議室）","愛知県豊橋市牛川町字下モ田29-1","34.772489","137.399671"
"東陵生涯学習センター","愛知県豊橋市牛川町字乗小路32-31","34.774228","137.433959"
"東陵中学校","愛知県豊橋市牛川町字乗小路32-35","34.774948","137.434443"
"東陵中学校（グラウンド）","愛知県豊橋市牛川町字乗小路32-35","34.774751","137.433729"
"青陵中学校（グラウンド）","愛知県豊橋市牛川町字洗島108-1","34.775071","137.412524"
"青陵中学校","愛知県豊橋市牛川町字洗島108-1","34.775781","137.411913"
"牛川校区市民館","愛知県豊橋市牛川町字中郷13-28","34.779758","137.416602"
"牛川小学校","愛知県豊橋市牛川町字中郷6-1","34.780457","137.416563"
"牛川小学校（グラウンド）","愛知県豊橋市牛川町字中郷6-1","34.780529","137.416939"
"南郷公園","愛知県豊橋市牛川通3","34.778852","137.420608"
"牛川東郷公園","愛知県豊橋市牛川通5","34.782726","137.423429"
"神明公園","愛知県豊橋市魚町","34.765162","137.390596"
"中野小学校（グランド）","愛知県豊橋市橋良町字向山6-4","34.740484","137.378927"
"中野小学校","愛知県豊橋市橋良町字向山6-4","34.740941","137.378803"
"中野校区市民館","愛知県豊橋市橋良町字向山61-2","34.740916","137.378052"
"福岡校区市民館","愛知県豊橋市橋良町字東中山3-2","34.74248","137.382579"
"福岡小学校（グラウンド）","愛知県豊橋市橋良町字平野1-1","34.741168","137.381398"
"福岡小学校","愛知県豊橋市橋良町字平野1-1","34.741877","137.381901"
"磯辺校区市民館（２階）","愛知県豊橋市駒形町字丸山60","34.728212","137.366341"
"磯辺校区市民館","愛知県豊橋市駒形町字丸山60","34.728155","137.366342"
"磯辺小学校","愛知県豊橋市駒形町字丸山61","34.728344","137.367317"
"磯辺小学校（校舎３階廊下）","愛知県豊橋市駒形町字丸山61","34.728344","137.367462"
"磯辺小学校（グラウンド）","愛知県豊橋市駒形町字丸山61","34.728037","137.366749"
"南陽中学校","愛知県豊橋市駒形町字南欠下1-1","34.732982","137.364455"
"南陽中学校（校舎３・４階廊下）","愛知県豊橋市駒形町字南欠下1-1","34.733154","137.364004"
"南陽中学校（グラウンド）","愛知県豊橋市駒形町字南欠下1-1","34.732904","137.36534"
"豊橋中央高等学校","愛知県豊橋市鍵田町106","34.751193","137.391632"
"豊橋中央高等学校（グラウンド）","愛知県豊橋市鍵田町106","34.750625","137.39243"
"ラヴィエ・セレナード（３階以上廊下等）","愛知県豊橋市菰口町3-37","34.769794","137.37602"
"杉浦マンション（３階廊下等）","愛知県豊橋市菰口町4-1-1","34.768965","137.372398"
"吾妻公園","愛知県豊橋市吾妻町","34.763776","137.415232"
"向山西町公園","愛知県豊橋市向山西町","34.760932","137.402505"
"向山校区市民館","愛知県豊橋市向山西町5-1","34.758674","137.404291"
"向山小学校","愛知県豊橋市向山西町5-1","34.759392","137.404173"
"向山小学校（グラウンド）","愛知県豊橋市向山西町5-1","34.759123","137.403861"
"向山台町公園","愛知県豊橋市向山台町","34.758655","137.400717"
"向山大池町公園","愛知県豊橋市向山大池町","34.756627","137.402359"
"向山緑地","愛知県豊橋市向山町","34.755164","137.404403"
"豊橋商業高等学校（グラウンド）","愛知県豊橋市向山町","34.756535","137.39943"
"豊橋商業高等学校","愛知県豊橋市向山町官有地","34.75705","137.399693"
"豊橋東高等学校（グラウンド）","愛知県豊橋市向山町字西猿22","34.753861","137.408581"
"豊橋東高等学校","愛知県豊橋市向山町字西猿22","34.754566","137.40876"
"向山東町公園","愛知県豊橋市向山東町","34.75296","137.405405"
"高師緑地","愛知県豊橋市高師町","34.72834","137.384471"
"高師老人福祉センター","愛知県豊橋市高師町字北原1","34.726996","137.383002"
"東上紫雲庵池公園","愛知県豊橋市高師本郷町","34.719552","137.394977"
"本郷中学校","愛知県豊橋市高師本郷町字竹の内90-1","34.715402","137.396328"
"本郷中学校（グラウンド）","愛知県豊橋市高師本郷町字竹ノ内90-1","34.715545","137.397391"
"吉田方生涯学習センター（２階）","愛知県豊橋市高洲町字高洲122-7","34.77164","137.353085"
"吉田方生涯学習センター","愛知県豊橋市高洲町字高洲122-7","34.771718","137.353087"
"総合ビル（３階以上廊下等）","愛知県豊橋市高洲町字高洲41","34.771006","137.355067"
"吉田方排水機場（屋上）","愛知県豊橋市高洲町字大江60-2","34.770405","137.342634"
"吉田方中学校（校舎３階廊下）","愛知県豊橋市高洲町字長弦73-1","34.770095","137.350807"
"吉田方中学校","愛知県豊橋市高洲町字長弦73-1","34.769873","137.350664"
"豊橋公園","愛知県豊橋市今橋町","34.770088","137.395604"
"豊城生涯学習センター","愛知県豊橋市今橋町16","34.77035","137.399251"
"豊城中学校（グラウンド）","愛知県豊橋市今橋町2-1","34.770152","137.391857"
"豊城中学校","愛知県豊橋市今橋町2-1","34.769917","137.391873"
"平子公園","愛知県豊橋市佐藤1","34.748358","137.404786"
"古伝公園","愛知県豊橋市佐藤2","34.746291","137.406131"
"山崎公園","愛知県豊橋市佐藤3","34.743388","137.409532"
"北島公園","愛知県豊橋市佐藤3","34.743762","137.410983"
"一本木公園","愛知県豊橋市佐藤4","34.740804","137.406651"
"佐藤公園","愛知県豊橋市佐藤5","34.743487","137.404887"
"つつじが丘校区市民館","愛知県豊橋市佐藤5-16-1","34.743156","137.403352"
"つつじが丘小学校","愛知県豊橋市佐藤5-16-1","34.743249","137.40393"
"つつじが丘小学校（グラウンド）","愛知県豊橋市佐藤5-16-1","34.743597","137.403807"
"幸公園","愛知県豊橋市佐藤町","34.739025","137.409339"
"五並生涯学習センター","愛知県豊橋市細谷町字上大附98-9","34.687595","137.464308"
"細谷小学校","愛知県豊橋市細谷町字中ノ島47-1","34.686425","137.468395"
"細谷小学校（グラウンド）","愛知県豊橋市細谷町字中ノ島47-1","34.685998","137.46832"
"細谷校区市民館","愛知県豊橋市細谷町字中ノ島54-1","34.686323","137.468966"
"五並中学校（グラウンド）","愛知県豊橋市細谷町字北芋ヶ谷30-44","34.684077","137.452825"
"五並中学校","愛知県豊橋市細谷町字北芋ヶ谷30-44","34.684025","137.453877"
"三ツ相ポンプ場（屋上）","愛知県豊橋市三ツ相町38","34.776145","137.366639"
"三ノ輪中央公園","愛知県豊橋市三ノ輪町4","34.752961","137.409862"
"三本木中央公園","愛知県豊橋市三本木町","34.726083","137.392972"
"豊美第一公園","愛知県豊橋市若松町","34.688421","137.400106"
"中部中学校","愛知県豊橋市舟原町154","34.763403","137.39962"
"中部中学校（グラウンド）","愛知県豊橋市舟原町154","34.76312","137.399329"
"春日公園","愛知県豊橋市春日町1","34.755816","137.414862"
"北春日公園","愛知県豊橋市春日町2","34.759147","137.416405"
"曙公園","愛知県豊橋市曙町","34.726119","137.400123"
"若松中央公園","愛知県豊橋市曙町","34.72989","137.398607"
"曙松並第四公園","愛知県豊橋市曙町字松並101-102","34.728087","137.390768"
"曙松並第二公園","愛知県豊橋市曙町字松並101-16","34.730971","137.391053"
"曙松並第一公園","愛知県豊橋市曙町字松並101-18","34.730406","137.391639"
"南松原公園","愛知県豊橋市曙町字南松原174-1","34.726782","137.405907"
"ナチュールフジ（３階以上廊下等）","愛知県豊橋市小向町字北小向134-1","34.767376","137.362203"
"サンフォレストＢ棟（３階廊下等）","愛知県豊橋市小向町字北小向39-1","34.768659","137.360239"
"サンフォレストＡ棟（３階廊下等）","愛知県豊橋市小向町字北小向39-2","34.768936","137.360239"
"小沢校区市民館","愛知県豊橋市小島町字荒巻81-1","34.680579","137.441447"
"小沢小学校（グラウンド）","愛知県豊橋市小島町字荒巻81-1","34.680314","137.441886"
"小沢小学校","愛知県豊橋市小島町字荒巻81-1","34.680745","137.442004"
"小畷公園","愛知県豊橋市小畷町","34.758177","137.397201"
"高師小学校（グラウンド）","愛知県豊橋市上野町字上原100","34.721227","137.392141"
"高師小学校","愛知県豊橋市上野町字上原100","34.720514","137.39217"
"高師校区市民館","愛知県豊橋市上野町字上原99-10","34.720278","137.392745"
"蛤沢公園","愛知県豊橋市植田町","34.705747","137.368329"
"植田公園","愛知県豊橋市植田町","34.700889","137.366522"
"植田校区市民館","愛知県豊橋市植田町字池下63-1","34.710831","137.367073"
"植田小学校（グラウンド）","愛知県豊橋市植田町字池堀田15","34.711046","137.367722"
"植田小学校","愛知県豊橋市植田町字池堀田15","34.711443","137.367861"
"南稜中学校（グラウンド）","愛知県豊橋市植田町字的場50","34.709604","137.369113"
"南稜中学校","愛知県豊橋市植田町字的場50","34.709829","137.369526"
"グランコート新栄（３階以上廊下等）","愛知県豊橋市新栄町字一本木5-3","34.761231","137.363669"
"メゾン・エスペランス（３階以上廊下等）","愛知県豊橋市新栄町字南小向151","34.765478","137.362326"
"サンフジ（３階以上廊下等）","愛知県豊橋市新栄町字南小向27","34.766501","137.360112"
"石巻中野公園","愛知県豊橋市森岡町","34.787831","137.426401"
"ライフポートとよはし（屋上）","愛知県豊橋市神野ふ頭町3-22","34.732689","137.334853"
"国道２３号盛土避難施設　神野新田地区","愛知県豊橋市神野新田字沖之島","34.729811","137.353994"
"国道２３号柳生川渡河部歩道橋","愛知県豊橋市神野新田町","34.733516","137.350172"
"牟呂中学校","愛知県豊橋市神野新田町字イノ割1-3","34.749333","137.351171"
"牟呂中学校（校舎３階廊下）","愛知県豊橋市神野新田町字イノ割1-3","34.74943","137.351332"
"三郷地区津波防災センター（屋上）","愛知県豊橋市神野新田町字ハノ割18","34.740742","137.35253"
"平成荘（３階以上廊下等）","愛知県豊橋市神野新田町字ヘノ割33-1","34.735921","137.347476"
"ホテルシーパレスリゾート（３階以上廊下等）","愛知県豊橋市神野新田町字ミノ割1-3","34.760849","137.322704"
"豊橋市総合体育館（２階アプローチデッキ）","愛知県豊橋市神野新田町字メノ割1-3","34.758594","137.324728"
"アクアリーナ豊橋（２階南側デッキ）","愛知県豊橋市神野新田町字メノ割1-3","34.758368","137.323595"
"ボヌール（３階廊下等）","愛知県豊橋市神野新田町字ヨノ割91-1","34.742755","137.346238"
"おかだ家ベイサイド（屋上）","愛知県豊橋市神野新田町字沖ノ島176-1","34.726913","137.353244"
"大口公園","愛知県豊橋市仁連木町","34.769918","137.414639"
"仁連木老人福祉センター","愛知県豊橋市仁連木町136-2","34.76958","137.415358"
"東田小学校","愛知県豊橋市仁連木町15","34.76927","137.41176"
"東田小学校（グラウンド）","愛知県豊橋市仁連木町15","34.769562","137.411797"
"東田校区市民館","愛知県豊橋市仁連木町15","34.770095","137.412591"
"嵩山小学校","愛知県豊橋市嵩山町字宮下78-1","34.800523","137.472471"
"嵩山小学校（グラウンド）","愛知県豊橋市嵩山町字宮下78-1","34.800024","137.472326"
"嵩山校区市民館","愛知県豊橋市嵩山町字宮下83-1","34.800801","137.472824"
"西南代公園","愛知県豊橋市杉山町","34.676227","137.316782"
"知原公園","愛知県豊橋市杉山町","34.670805","137.323487"
"神吉下公園","愛知県豊橋市杉山町","34.674671","137.31281"
"西林公園","愛知県豊橋市杉山町","34.673787","137.315849"
"知原小公園","愛知県豊橋市杉山町","34.67091","137.321772"
"杉山小学校（グラウンド）","愛知県豊橋市杉山町字御園9-4","34.676296","137.324328"
"杉山小学校","愛知県豊橋市杉山町字御園9-4","34.676475","137.324617"
"杉山生涯学習センター","愛知県豊橋市杉山町字孝仁11","34.677935","137.324466"
"天津地区津波防災センター（屋上）","愛知県豊橋市杉山町字天津179-1","34.690238","137.325582"
"花田公園","愛知県豊橋市西羽田町","34.76","137.374198"
"花田小学校（グラウンド）","愛知県豊橋市西羽田町247","34.760466","137.374503"
"花田小学校","愛知県豊橋市西羽田町247","34.760853","137.374333"
"花田校区市民館","愛知県豊橋市西羽田町247","34.760727","137.373903"
"羽田中学校","愛知県豊橋市西羽田町43-1","34.759601","137.370817"
"羽田中学校（グラウンド）","愛知県豊橋市西羽田町43-1","34.759005","137.371073"
"田尻前公園","愛知県豊橋市西岩田2","34.752387","137.418197"
"横手公園","愛知県豊橋市西岩田3","34.750611","137.418081"
"西ノ山公園","愛知県豊橋市西岩田4","34.75458","137.419733"
"豊岡生涯学習センター","愛知県豊橋市西岩田4-2-9","34.754685","137.419265"
"豊小学校","愛知県豊橋市西岩田5-6-1","34.751798","137.420204"
"豊小学校（グラウンド）","愛知県豊橋市西岩田5-6-1","34.751818","137.421277"
"豊校区市民館","愛知県豊橋市西岩田5-6-2","34.752228","137.42185"
"切替公園","愛知県豊橋市西岩田6","34.750286","137.421163"
"岩西小学校（グラウンド）","愛知県豊橋市西口町字西ノ口25-4","34.739041","137.418328"
"岩西小学校","愛知県豊橋市西口町字西ノ口25-4","34.739212","137.418842"
"笠松北公園","愛知県豊橋市西幸町","34.731791","137.405128"
"浜池公園","愛知県豊橋市西幸町","34.721143","137.410411"
"幸小学校","愛知県豊橋市西幸町字笠松183","34.731172","137.40754"
"幸小学校（グラウンド）","愛知県豊橋市西幸町字笠松183","34.731415","137.408275"
"幸校区市民館","愛知県豊橋市西幸町字笠松184-1","34.731724","137.40713"
"高師台中学校（グラウンド）","愛知県豊橋市西幸町字浜地328","34.722686","137.407815"
"高師台中学校","愛知県豊橋市西幸町字浜地328","34.723062","137.407781"
"高師台生涯学習センター","愛知県豊橋市西幸町字浜池332-2","34.723855","137.40981"
"豊橋サイエンスコア","愛知県豊橋市西幸町字浜池333-9","34.721544","137.411715"
"むつみね台南公園","愛知県豊橋市西七根町","34.688515","137.410555"
"むつみね台北公園","愛知県豊橋市西七根町","34.690397","137.412348"
"高根小学校（グラウンド）","愛知県豊橋市西七根町字北浜辺147-1","34.671325","137.41431"
"高根校区市民館","愛知県豊橋市西七根町字北浜辺147-1","34.671905","137.414972"
"高根小学校","愛知県豊橋市西七根町字北浜辺147-1","34.671594","137.414171"
"鷹丘小学校（グラウンド）","愛知県豊橋市西小鷹野3-7-1","34.772629","137.424768"
"鷹丘校区市民館","愛知県豊橋市西小鷹野3-7-1","34.772665","137.424144"
"鷹丘小学校","愛知県豊橋市西小鷹野3-7-1","34.772986","137.424886"
"牛川遊歩公園","愛知県豊橋市西小鷹野4","34.775862","137.423048"
"松山公園","愛知県豊橋市西松山町","34.758069","137.387405"
"松山小学校（グラウンド）","愛知県豊橋市西松山町42","34.758696","137.386993"
"松山校区市民館","愛知県豊橋市西松山町42","34.759004","137.387637"
"松山小学校","愛知県豊橋市西松山町42","34.75907","137.387112"
"豊南校区市民館","愛知県豊橋市西赤沢町字南ノ谷99-9","34.662103","137.363004"
"前芝住宅（３階以上共用廊下）","愛知県豊橋市西浜町3-1","34.784628","137.33154"
"メゾンドプラージュⅡ（３階廊下等）","愛知県豊橋市西浜町5-8","34.785982","137.33104"
"メゾンドプラージュ（３階以上廊下等）","愛知県豊橋市西浜町5-9","34.785859","137.331163"
"石巻小学校","愛知県豊橋市石巻町字西浦16","34.785394","137.438642"
"石巻校区市民館","愛知県豊橋市石巻町字西浦16","34.785106","137.439267"
"石巻小学校（グラウンド）","愛知県豊橋市石巻町字西浦16","34.784998","137.438623"
"西郷小学校","愛知県豊橋市石巻萩平町字城脇164-2","34.82989","137.469805"
"西郷小学校（グラウンド）","愛知県豊橋市石巻萩平町字城脇164-2","34.829488","137.470009"
"西郷校区市民館","愛知県豊橋市石巻平野町字中野田100-3","34.830572","137.469461"
"石巻生涯学習センター","愛知県豊橋市石巻本町字市場110","34.802641","137.439023"
"石巻中学校","愛知県豊橋市石巻本町字出口1","34.80643","137.441902"
"石巻中学校（グラウンド）","愛知県豊橋市石巻本町字出口1","34.805918","137.441955"
"玉川小学校","愛知県豊橋市石巻本町字野添10","34.800789","137.437227"
"玉川小学校（グラウンド）","愛知県豊橋市石巻本町字野添10","34.800319","137.437075"
"玉川校区市民館","愛知県豊橋市石巻本町字野添11-1","34.800116","137.437388"
"介護老人福祉施設倶楽荘（３階、２・３階屋上）","愛知県豊橋市川崎町216-2","34.783061","137.357619"
"前芝公園","愛知県豊橋市前芝町","34.782357","137.343031"
"国道２３号盛土避難施設　前芝地区","愛知県豊橋市前芝町","34.781069","137.33256"
"前芝中学校（校舎３階廊下）","愛知県豊橋市前芝町字塩見1","34.786804","137.338976"
"前芝中学校","愛知県豊橋市前芝町字塩見1","34.786814","137.338764"
"前芝校区市民館","愛知県豊橋市前芝町字塩見5-1","34.786642","137.337619"
"前芝校区市民館（屋上）","愛知県豊橋市前芝町字塩見5-1","34.786607","137.337719"
"特別養護老人ホーム喜寿苑（屋上）","愛知県豊橋市前芝町字加藤381-2","34.779311","137.345176"
"前芝小学校","愛知県豊橋市前芝町字西堤30","34.786358","137.339649"
"前芝小学校（校舎３階廊下）","愛知県豊橋市前芝町字西堤30","34.786339","137.339913"
"Ｆｌａｔｓ（フラッツ）（３階以上廊下等）","愛知県豊橋市前芝町字東堤32-1","34.784025","137.343128"
"吉田公園","愛知県豊橋市前田中町","34.761127","137.393498"
"新川校区市民館","愛知県豊橋市前田中町8-22","34.759787","137.394417"
"新川小学校","愛知県豊橋市前田中町8-23","34.759573","137.394001"
"新川小学校（グラウンド）","愛知県豊橋市前田中町8-23","34.75997","137.393722"
"前田西公園","愛知県豊橋市前田町1","34.762747","137.396117"
"前田東公園","愛知県豊橋市前田南2","34.760774","137.400603"
"前田南地区体育館","愛知県豊橋市前田南町2-19-8","34.753044","137.394772"
"前田南公園","愛知県豊橋市前田南町小畷町","34.755845","137.394867"
"豊橋工科高等学校（グラウンド）","愛知県豊橋市草間町","34.73852","137.380836"
"草間公園","愛知県豊橋市草間町","34.735653","137.377851"
"豊橋工科高等学校","愛知県豊橋市草間町官有地","34.737919","137.381932"
"アイプラザ豊橋","愛知県豊橋市草間町字東山143-6","34.73255","137.381448"
"南陽生涯学習センター","愛知県豊橋市草間町字平東89","34.737702","137.378874"
"野中第二公園","愛知県豊橋市多米西町1","34.763805","137.435501"
"野中公園","愛知県豊橋市多米西町2","34.764181","137.437957"
"織目公園","愛知県豊橋市多米西町3","34.760885","137.438722"
"東陽生涯学習センター","愛知県豊橋市多米中町1-6-1","34.759466","137.442453"
"道満公園","愛知県豊橋市多米中町2","34.759271","137.451304"
"多米小学校","愛知県豊橋市多米中町2-27-1","34.760516","137.450163"
"多米小学校（グラウンド）","愛知県豊橋市多米中町2-27-1","34.760671","137.450849"
"多米校区市民館","愛知県豊橋市多米中町2-27-1","34.761122","137.450764"
"向田公園","愛知県豊橋市多米中町4","34.758148","137.442211"
"川添公園","愛知県豊橋市多米中町4","34.757249","137.448128"
"鳥居前公園","愛知県豊橋市多米東町1","34.75943","137.455198"
"北田公園","愛知県豊橋市多米東町2","34.763231","137.458093"
"広畑公園","愛知県豊橋市多米東町3","34.762662","137.461432"
"南脇公園","愛知県豊橋市多米東町3","34.75988","137.457476"
"二川公園","愛知県豊橋市大岩町","34.725646","137.448935"
"久保田公園","愛知県豊橋市大岩町","34.727807","137.428903"
"視聴覚教育センター","愛知県豊橋市大岩町字火打坂19-16","34.72956","137.431436"
"二川南小学校","愛知県豊橋市大岩町字前荒田145-2","34.713969","137.448776"
"二川南小学校（グラウンド）","愛知県豊橋市大岩町字前荒田145-2","34.713872","137.449677"
"二川南校区市民館","愛知県豊橋市大岩町字前荒田145-2","34.714271","137.448669"
"二川生涯学習センター","愛知県豊橋市大岩町字東郷内111-1","34.725283","137.447957"
"二川校区市民館","愛知県豊橋市大岩町字東郷内4-8","34.725816","137.449513"
"松葉小学校（グラウンド）","愛知県豊橋市大橋通3-107","34.768458","137.381175"
"松葉校区市民館","愛知県豊橋市大橋通3-107","34.767907","137.380699"
"松葉校区市民館（２階）","愛知県豊橋市大橋通3-107","34.767928","137.380808"
"松葉小学校（校舎３階廊下）","愛知県豊橋市大橋通3-107","34.76889","137.381041"
"松葉小学校","愛知県豊橋市大橋通3-107","34.768901","137.381233"
"大崎公園","愛知県豊橋市大崎町","34.719341","137.342739"
"大崎校区市民館","愛知県豊橋市大崎町字柿ノ木16","34.717067","137.344239"
"大崎小学校（グラウンド）","愛知県豊橋市大崎町字西里中20-1","34.717172","137.343339"
"大崎小学校","愛知県豊橋市大崎町字西里中20-1","34.717675","137.343473"
"大清水第十一公園","愛知県豊橋市大清水町字大清水3-1320","34.697427","137.355265"
"南稜生涯学習センター","愛知県豊橋市大清水町字彦坂10-7","34.70054","137.361985"
"大村校区市民館","愛知県豊橋市大村町字地之神7-4","34.790086","137.39799"
"大村小学校","愛知県豊橋市大村町字地之神9","34.790239","137.397434"
"大村小学校（校舎３階廊下）","愛知県豊橋市大村町字地之神9","34.7903","137.397536"
"北部生涯学習センター","愛知県豊橋市大村町字仲川原48-5","34.782028","137.394177"
"豊岡中学校","愛知県豊橋市中岩田1-5-2","34.754849","137.423341"
"豊岡中学校（グラウンド）","愛知県豊橋市中岩田1-5-2","34.754419","137.423481"
"五反田公園","愛知県豊橋市中岩田2","34.752657","137.424961"
"岩鼻公園","愛知県豊橋市中岩田3","34.749159","137.425908"
"中郷中公園","愛知県豊橋市中岩田4","34.755259","137.428317"
"岩田小学校","愛知県豊橋市中岩田4-1-2","34.757376","137.428785"
"岩田小学校（グラウンド）","愛知県豊橋市中岩田4-1-2","34.756768","137.428693"
"岩田校区市民館","愛知県豊橋市中岩田4-1-2","34.757213","137.428022"
"中橋良公園","愛知県豊橋市中橋良町","34.747018","137.383953"
"中郷公園","愛知県豊橋市中郷町","34.756111","137.380608"
"立岩公園","愛知県豊橋市中原町","34.724938","137.471687"
"谷川校区市民館","愛知県豊橋市中原町字東ノ谷1-11","34.727825","137.479123"
"谷川小学校（グラウンド）","愛知県豊橋市中原町字東ノ谷1-3","34.728242","137.478957"
"谷川小学校","愛知県豊橋市中原町字東ノ谷1-3","34.728677","137.47886"
"小浜公園","愛知県豊橋市中浜町","34.739586","137.371546"
"藤ノ花女子高等学校第二体育館（グラウンド）","愛知県豊橋市仲ノ町14","34.759986","137.414248"
"藤ノ花女子高等学校第二体育館","愛知県豊橋市仲ノ町14","34.759611","137.41395"
"半ノ木公園","愛知県豊橋市忠興3","34.781009","137.431448"
"柱七番町公園","愛知県豊橋市柱七番町","34.746108","137.376245"
"柱第二公園","愛知県豊橋市柱八番町","34.744284","137.379094"
"オーギヤＷＯ立体駐車場","愛知県豊橋市潮崎町24-9","34.742962","137.368763"
"タイキ藤沢店立体駐車場","愛知県豊橋市潮崎町48-1","34.744003","137.368555"
"愛知大学","愛知県豊橋市町畑町1-1","34.741179","137.387027"
"愛知大学（グラウンド）","愛知県豊橋市町畑町1-1","34.742747","137.387745"
"天伯第一公園","愛知県豊橋市天伯町","34.715267","137.416706"
"天伯第二公園","愛知県豊橋市天伯町","34.713258","137.418647"
"天伯小学校","愛知県豊橋市天伯町字高田山136-1","34.711985","137.412786"
"天伯小学校（グラウンド）","愛知県豊橋市天伯町字高田山136-1","34.71145","137.412839"
"天伯校区市民館","愛知県豊橋市天伯町字高田山137-1","34.71246","137.413333"
"北郷中公園","愛知県豊橋市東岩田1","34.7587","137.430715"
"九ツ橋公園","愛知県豊橋市東岩田2","34.755991","137.433432"
"萬口公園","愛知県豊橋市東岩田3","34.752402","137.429999"
"東郷公園","愛知県豊橋市東郷町","34.767256","137.410435"
"豊橋高等学校","愛知県豊橋市東郷町43-1","34.766908","137.410346"
"豊橋高等学校（グラウンド）","愛知県豊橋市東郷町43-1","34.766345","137.40996"
"東光公園","愛知県豊橋市東光町","34.762998","137.420667"
"東幸公園","愛知県豊橋市東幸町","34.732917","137.416664"
"資源化センター余熱利用施設（りすぱ豊橋）","愛知県豊橋市東七根町字宝地道10","34.697775","137.418967"
"蝉川公園","愛知県豊橋市東小鷹野1","34.765504","137.428293"
"中沢公園","愛知県豊橋市東小鷹野3","34.769506","137.429646"
"野川公園","愛知県豊橋市東小鷹野4","34.773398","137.429985"
"黒福公園","愛知県豊橋市東松山町","34.758246","137.39094"
"中部生涯学習センター","愛知県豊橋市東松山町23","34.758929","137.391255"
"黒潮台公園","愛知県豊橋市東赤沢町","34.658597","137.372835"
"豊南小学校","愛知県豊橋市東赤沢町字西横根130","34.661437","137.362983"
"豊南小学校（グラウンド）","愛知県豊橋市東赤沢町字西横根130","34.661109","137.363571"
"東田仲の町公園","愛知県豊橋市東田仲の町","34.762961","137.416712"
"東田公園","愛知県豊橋市東田町","34.770122","137.418935"
"豊橋競輪場","愛知県豊橋市東田町87","34.770347","137.417387"
"桜ヶ丘公園","愛知県豊橋市東田町北蓮田","34.763639","137.405265"
"林公園","愛知県豊橋市東脇1","34.754119","137.365731"
"南消防署西分署（３階訓練室等）","愛知県豊橋市東脇1-1-8","34.755017","137.368488"
"ハイツ仲六（３階以上廊下等）","愛知県豊橋市東脇1-3-10","34.754921","137.36775"
"牟呂生涯学習センター（２階）","愛知県豊橋市東脇2-8-23","34.752176","137.361464"
"牟呂生涯学習センター","愛知県豊橋市東脇2-8-23","34.752099","137.361535"
"井ノ瀬公園","愛知県豊橋市東脇3","34.752638","137.369091"
"行合公園","愛知県豊橋市東脇4","34.750017","137.363659"
"寺東公園","愛知県豊橋市内張町","34.728463","137.374508"
"川西公園","愛知県豊橋市内張町","34.730552","137.378832"
"薬師公園","愛知県豊橋市南牛川1","34.772712","137.415545"
"東先原公園","愛知県豊橋市南牛川1","34.772368","137.419463"
"青陵生涯学習センター","愛知県豊橋市南牛川2-4-1","34.775719","137.418193"
"大清水小学校（グラウンド）","愛知県豊橋市南大清水町字元町78","34.695694","137.363965"
"大清水校区市民館","愛知県豊橋市南大清水町字元町78","34.695375","137.363927"
"大清水小学校","愛知県豊橋市南大清水町字元町78","34.695698","137.363246"
"二川中学校（グラウンド）","愛知県豊橋市二川町字西向山41-10","34.71492","137.450293"
"二川中学校","愛知県豊橋市二川町字西向山41-10","34.715688","137.449868"
"二川小学校","愛知県豊橋市二川町字北裏80","34.726381","137.450479"
"二川小学校（グラウンド）","愛知県豊橋市二川町字北裏80","34.726677","137.450521"
"中消防署前芝出張所（屋上）","愛知県豊橋市日色野町字新切46-1","34.784265","137.344368"
"入船公園","愛知県豊橋市入船町48","34.751849","137.381965"
"アーバンヒル馬見塚（３階以上廊下等）","愛知県豊橋市馬見塚町35","34.773726","137.359402"
"梅薮地区津波防災センター（屋上）","愛知県豊橋市梅薮町字西神25-1","34.791566","137.327344"
"豊橋市公会堂","愛知県豊橋市八町通2-22","34.768037","137.39224"
"八町小学校","愛知県豊橋市八町通5-5","34.767316","137.39876"
"八町校区市民館","愛知県豊橋市八町通5-5","34.767215","137.398198"
"八町小学校（グラウンド）","愛知県豊橋市八町通5-5","34.766933","137.398749"
"中島公園","愛知県豊橋市飯村町","34.74349","137.42825"
"本郷公園","愛知県豊橋市飯村町","34.748943","137.43038"
"高山緑地","愛知県豊橋市飯村町","34.74498","137.431409"
"二軒茶屋公園","愛知県豊橋市飯村南2","34.743887","137.420532"
"飯村小学校（グラウンド）","愛知県豊橋市飯村南4-6-4","34.742019","137.42525"
"飯村校区市民館","愛知県豊橋市飯村南4-6-4","34.74243","137.424832"
"飯村小学校","愛知県豊橋市飯村南4-6-4","34.742573","137.425563"
"南池上公園","愛知県豊橋市飯村南5","34.739505","137.427204"
"弥六公園","愛知県豊橋市飯村北1","34.745681","137.417554"
"西山第二公園","愛知県豊橋市飯村北2","34.748011","137.419892"
"西山第一公園","愛知県豊橋市飯村北2","34.746219","137.421898"
"宮前公園","愛知県豊橋市飯村北3","34.74531","137.424773"
"寺前公園","愛知県豊橋市飯村北4","34.746467","137.428863"
"東部中学校（グラウンド）","愛知県豊橋市飯村北4-1-2","34.748118","137.428884"
"東部中学校","愛知県豊橋市飯村北4-1-2","34.748016","137.428396"
"本郷生涯学習センター","愛知県豊橋市浜道町字桜50-7","34.719631","137.400661"
"国道２３号豊橋バイパス豊川橋料金所跡地","愛知県豊橋市富久縞町","34.767195","137.332648"
"国道２３号盛土避難施設　富久縞地区","愛知県豊橋市富久縞町","34.770608","137.332161"
"レイクタウン第二公園","愛知県豊橋市富士見台1","34.682412","137.360404"
"レイクタウン第四公園","愛知県豊橋市富士見台2","34.680711","137.357207"
"レイクタウン第三公園","愛知県豊橋市富士見台2","34.681877","137.359156"
"レイクタウン第八公園","愛知県豊橋市富士見台2","34.680065","137.355614"
"レイクタウン第七公園","愛知県豊橋市富士見台2","34.679054","137.357276"
"レイクタウン第六公園","愛知県豊橋市富士見台2","34.679565","137.359486"
"富士見校区市民館","愛知県豊橋市富士見台2-1-5","34.681902","137.357619"
"富士見小学校","愛知県豊橋市富士見台2-1-5","34.681632","137.357731"
"富士見小学校（グラウンド）","愛知県豊橋市富士見台2-1-5","34.681594","137.358472"
"レイクタウン第十公園","愛知県豊橋市富士見台3","34.679414","137.363097"
"レイクタウン第九公園","愛知県豊橋市富士見台3","34.678963","137.361211"
"レイクタウン第五公園","愛知県豊橋市富士見台3","34.680608","137.361089"
"坪ノ谷公園","愛知県豊橋市富士見台4","34.677115","137.369414"
"富士見台第二公園","愛知県豊橋市富士見台5","34.674378","137.371451"
"富士見台第三公園","愛知県豊橋市富士見台5","34.675549","137.36673"
"富士見台第四公園","愛知県豊橋市富士見台6","34.679694","137.368909"
"富士見台第一公園","愛知県豊橋市富士見台6","34.681038","137.372669"
"時習館高等学校（グラウンド）","愛知県豊橋市富本町","34.740174","137.384141"
"時習館高等学校","愛知県豊橋市富本町","34.739461","137.384366"
"平川公園","愛知県豊橋市平川町","34.763036","137.422855"
"平川本町公園","愛知県豊橋市平川本町2","34.761455","137.426881"
"豊岡公園","愛知県豊橋市豊岡町","34.757609","137.421448"
"豊丘高等学校（グラウンド）","愛知県豊橋市豊岡町74","34.757137","137.419063"
"豊丘高等学校","愛知県豊橋市豊岡町74","34.757013","137.420246"
"居村公園","愛知県豊橋市北岩田1","34.761729","137.432876"
"蝉川第二公園","愛知県豊橋市北岩田1","34.762669","137.431076"
"ヒカイ公園","愛知県豊橋市北岩田2","34.75934","137.439195"
"中山田池公園","愛知県豊橋市北山町","34.736478","137.399458"
"南部生涯学習センター","愛知県豊橋市北山町95-1","34.737056","137.399578"
"南部中学校（グラウンド）","愛知県豊橋市北山町字東浦1-4","34.737782","137.386409"
"南部中学校","愛知県豊橋市北山町字東浦1-4","34.737366","137.38775"
"栄小学校","愛知県豊橋市北山町字東浦46-4","34.73859","137.388413"
"栄校区市民館","愛知県豊橋市北山町字東浦46-4","34.739136","137.387276"
"栄小学校（グラウンド）","愛知県豊橋市北山町字東浦46-4","34.73857","137.387597"
"百北公園","愛知県豊橋市北側町","34.764285","137.373474"
"牧野町中央公園","愛知県豊橋市牧野町","34.736296","137.402645"
"湊町公園","愛知県豊橋市湊町","34.771918","137.384709"
"外神公園","愛知県豊橋市牟呂外神町","34.757482","137.362056"
"公文公園","愛知県豊橋市牟呂公文町","34.753561","137.358657"
"市場公園","愛知県豊橋市牟呂市場町","34.747305","137.356957"
"クオリアビル（３階以上部屋等）","愛知県豊橋市牟呂市場町11-1","34.749213","137.358966"
"桶口下公園","愛知県豊橋市牟呂市場町4-1","34.7486","137.35999"
"真裏口公園","愛知県豊橋市牟呂水神町","34.757672","137.357574"
"大西公園","愛知県豊橋市牟呂大西町","34.752934","137.353378"
"牟呂大海津公園","愛知県豊橋市牟呂大西町","34.756026","137.358019"
"作神公園","愛知県豊橋市牟呂中村町","34.749501","137.354996"
"牟呂小学校（校舎３階廊下）","愛知県豊橋市牟呂中村町1-4","34.750937","137.35773"
"牟呂校区市民館（２階）","愛知県豊橋市牟呂中村町1-4","34.751303","137.358487"
"牟呂小学校","愛知県豊橋市牟呂中村町1-4","34.750659","137.357945"
"牟呂校区市民館","愛知県豊橋市牟呂中村町1-4","34.751258","137.35859"
"牟呂大塚公園","愛知県豊橋市牟呂町","34.748553","137.367983"
"汐田公園","愛知県豊橋市牟呂町","34.745747","137.364616"
"坂津公園","愛知県豊橋市牟呂町","34.759648","137.359148"
"三ツ山公園","愛知県豊橋市牟呂町","34.759421","137.361798"
"東里公園","愛知県豊橋市牟呂町","34.748685","137.371204"
"スペリア豊橋（３階以上廊下等）","愛知県豊橋市牟呂町字古幡焼17","34.741865","137.364335"
"青少年センター（中央棟）","愛知県豊橋市牟呂町字東里26","34.749541","137.371694"
"青少年センター（３階以上研修室等）","愛知県豊橋市牟呂町字東里26","34.749371","137.371919"
"西部住宅（３階以上共用階段）","愛知県豊橋市牟呂町字東里29-1","34.750034","137.370913"
"汐田小学校（校舎３階廊下）","愛知県豊橋市牟呂町字北汐田50-1","34.746806","137.363079"
"汐田小学校","愛知県豊橋市牟呂町字北汐田50-1","34.746903","137.363263"
"汐田校区市民館","愛知県豊橋市牟呂町字北汐田50-1","34.746612","137.362709"
"汐田小学校（グラウンド）","愛知県豊橋市牟呂町字北汐田50-1","34.746463","137.363552"
"豊橋西高等学校（校舎３・４階教室）","愛知県豊橋市牟呂町西明治新右前4","34.761212","137.34199"
"野依台西山第二公園","愛知県豊橋市野依台1","34.700581","137.374452"
"野依台中央公園","愛知県豊橋市野依台1","34.697064","137.373564"
"野依台上藤ヶ谷公園","愛知県豊橋市野依台2","34.691575","137.36628"
"野依台第二公園","愛知県豊橋市野依台2","34.695148","137.37314"
"野依台第五公園","愛知県豊橋市野依台2","34.694425","137.370306"
"野依小学校（グラウンド）","愛知県豊橋市野依町字諏訪125","34.69751","137.389263"
"野依小学校","愛知県豊橋市野依町字諏訪125","34.697982","137.388678"
"野依校区市民館","愛知県豊橋市野依町字諏訪149-1","34.698308","137.387763"
"フォレスト野田（３階廊下等）","愛知県豊橋市野田町字野田165-1-2","34.77486","137.372573"
"緑ケ丘公園","愛知県豊橋市緑ケ丘2","34.775756","137.435038"
"花の木公園","愛知県豊橋市緑ケ丘2","34.778229","137.435447"
"浪ノ上公園","愛知県豊橋市浪ノ上町","34.787143","137.422168"
"藤ノ花女子高等学校","愛知県豊橋市老松町109","34.763722","137.408923"
"老津公園","愛知県豊橋市老津町","34.693171","137.334995"
"老津池上公園","愛知県豊橋市老津町","34.686725","137.353735"
"レイクタウン第一公園","愛知県豊橋市老津町","34.684609","137.354555"
"老津校区市民館","愛知県豊橋市老津町字宮脇15-1","34.69594","137.336085"
"章南中学校","愛知県豊橋市老津町字宮脇15-2","34.695508","137.335002"
"章南中学校（グラウンド）","愛知県豊橋市老津町字宮脇15-2","34.695018","137.335087"
"老津小学校（グラウンド）","愛知県豊橋市老津町字宮脇15-4","34.696221","137.335434"
"老津小学校","愛知県豊橋市老津町字宮脇15-4","34.696586","137.335696"
"家政高等専修学校","愛知県豊橋市老津町字西高縄78","34.690431","137.336017"
"家政高等専修学校（グラウンド）","愛知県豊橋市老津町字西高縄78","34.690275","137.335829"
"豊根村基幹集落センター","愛知県豊根村下黒川字蕨平2","35.14615","137.719975"
"豊根村役場","愛知県豊根村下黒川字蕨平2","35.146611","137.719781"
"とよね文化広場村民ホール","愛知県豊根村下黒川字蕨平2","35.146475","137.720404"
"川宇連活性化施設","愛知県豊根村坂宇場字下中村３６－２６外","35.214111","137.684169"
"道の駅グリーンポート宮嶋","愛知県豊根村坂宇場字宮ノ嶋２９－３外","35.17942","137.68256"
"いきいき会館","愛知県豊根村坂宇場字二継橋1-2","35.189686","137.684822"
"旧坂宇場小学校","愛知県豊根村坂宇場字二継橋28","35.184429","137.682017"
"三沢老人憩いの家","愛知県豊根村三沢字久保貝津18-1","35.187931","137.733874"
"旧三沢小学校","愛知県豊根村三沢字宮下24-2","35.185393","137.730403"
"湯～らんどパルとよね","愛知県豊根村上黒川字長野田20","35.143561","137.69829"
"杉の子保育園","愛知県豊根村上黒川字兎鹿嶋11-1","35.145411","137.703989"
"豊根中学校","愛知県豊根村上黒川字兎鹿嶋12-2","35.14499","137.703077"
"村民体育センター","愛知県豊根村上黒川字兎鹿嶋12-6","35.145017","137.702409"
"豊根村役場富山支所","愛知県豊根村富山字下栃13-3","35.189652","137.809614"
"神明公園","愛知県豊山町大字青山字神明120-1","35.261437","136.915528"
"総合福祉センター北館さざんか","愛知県豊山町大字青山字東栄12","35.253454","136.908664"
"総合福祉センター北館さざんか駐車場","愛知県豊山町大字青山字東栄12","35.253656","136.908938"
"新栄小学校体育館","愛知県豊山町大字青山字東川100","35.252552","136.909634"
"新栄小学校グランド","愛知県豊山町大字青山字東川100","35.252762","136.910192"
"志水小学校グランド","愛知県豊山町大字豊場字下戸1","35.239766","136.914232"
"志水小学校体育館","愛知県豊山町大字豊場字下戸1","35.239771","136.913642"
"冨士学習等供用施設","愛知県豊山町大字豊場字下戸51","35.240248","136.915723"
"冨士学習等供用施設駐車場","愛知県豊山町大字豊場字下戸51","35.240388","136.915694"
"志水ふれあい広場","愛知県豊山町大字豊場字志水64","35.238372","136.912383"
"若宮児童遊園","愛知県豊山町大字豊場字若宮40","35.24503","136.921403"
"豊山グランド","愛知県豊山町大字豊場字小道3-1","35.251665","136.916354"
"産業文化会館児童遊園","愛知県豊山町大字豊場字城屋敷133","35.248515","136.914508"
"新栄学習等供用施設駐車場","愛知県豊山町大字豊場字新栄64","35.247641","136.910691"
"新栄学習等供用施設","愛知県豊山町大字豊場字新栄64","35.247616","136.91087"
"豊山保育園運動場","愛知県豊山町大字豊場字新栄68","35.247988","136.910754"
"豊山保育園","愛知県豊山町大字豊場字新栄68","35.247941","136.910514"
"東部ゲートボール場","愛知県豊山町大字豊場字新田町156","35.248049","136.920225"
"新田北部児童遊園","愛知県豊山町大字豊場字新田町39-1","35.250277","136.919769"
"神戸児童遊園","愛知県豊山町大字豊場字神戸183","35.242074","136.920382"
"総合福祉センター南館ひまわり駐車場","愛知県豊山町大字豊場字神戸188","35.241725","136.91962"
"総合福祉センター南館ひまわり","愛知県豊山町大字豊場字神戸188","35.241559","136.919275"
"諏訪児童遊園","愛知県豊山町大字豊場字諏訪200","35.246789","136.919167"
"東部学習等供用施設","愛知県豊山町大字豊場字諏訪261","35.247","136.918731"
"東部学習等供用施設駐車場","愛知県豊山町大字豊場字諏訪261","35.246971","136.918573"
"総合福祉センターしいのき","愛知県豊山町大字豊場字諏訪270","35.247308","136.918173"
"総合福祉センターしいのき駐車場","愛知県豊山町大字豊場字諏訪270","35.247211","136.918018"
"豊山中学校体育館","愛知県豊山町大字豊場字前池39","35.246617","136.916385"
"豊山中学校グランド","愛知県豊山町大字豊場字前池39","35.246516","136.917313"
"豊山小学校講堂","愛知県豊山町大字豊場字中之町10","35.246872","136.915752"
"豊山小学校グランド","愛知県豊山町大字豊場字中之町10","35.246633","136.915051"
"中央卸売市場北部市場","愛知県豊山町大字豊場字八反107","35.241884","136.905289"
"冨士保育園運動場","愛知県豊山町大字豊場字流川46","35.242129","136.911818"
"冨士保育園","愛知県豊山町大字豊場字流川46","35.24233","136.911764"
"林先公園","愛知県豊山町大字豊場字林先1-11","35.246262","136.923533"
"社会教育センター駐車場","愛知県豊山町大字豊場字和合72","35.251987","136.914178"
"社会教育センター","愛知県豊山町大字豊場字和合72","35.251725","136.914421"
"新池公園","愛知県豊川市伊奈町一ノ坪1","34.799199","137.34232"
"慶応ちびっ子広場","愛知県豊川市伊奈町慶応23-193","34.802398","137.347046"
"小坂井中学校　（建物の２階以上）","愛知県豊川市伊奈町古当103","34.802358","137.356274"
"小坂井中学校","愛知県豊川市伊奈町古当103","34.802494","137.356513"
"八丁ちびっ子広場","愛知県豊川市伊奈町佐脇原415-266","34.809314","137.347111"
"小坂井住宅ちびっ子広場","愛知県豊川市伊奈町佐脇原500-99","34.805464","137.343141"
"佐脇原ちびっ子広場","愛知県豊川市伊奈町佐脇原626-72","34.811608","137.348183"
"平成公園","愛知県豊川市伊奈町新屋281","34.797151","137.353914"
"小坂井文化会館","愛知県豊川市伊奈町新屋97-2","34.798591","137.354372"
"サツキ公園","愛知県豊川市伊奈町新町116-1","34.810159","137.353791"
"小坂井文化センター","愛知県豊川市伊奈町新町170-2","34.810986","137.354626"
"新町ちびっ子広場","愛知県豊川市伊奈町新町190-2","34.810617","137.355038"
"前山ちびっ子広場","愛知県豊川市伊奈町前山1-175","34.795388","137.351019"
"茶屋ちびっ子広場","愛知県豊川市伊奈町茶屋1","34.805968","137.356571"
"南山グラウンド","愛知県豊川市伊奈町南山新田350-80","34.804099","137.351068"
"小坂井中央公園","愛知県豊川市伊奈町縫殿26-49","34.799786","137.34968"
"小坂井西小学校　（建物の２階以上）","愛知県豊川市伊奈町縫殿55-1","34.796821","137.349226"
"小坂井西小学校　（北校舎２階）","愛知県豊川市伊奈町縫殿55-1","34.797207","137.349028"
"小坂井西小学校","愛知県豊川市伊奈町縫殿55-1","34.796913","137.349318"
"為当稲荷神社児童遊園","愛知県豊川市為当町宮脇44","34.817857","137.318697"
"為当ちびっ子広場","愛知県豊川市為当町仲上63-6","34.820252","137.323972"
"椎木公園","愛知県豊川市為当町椎木297","34.813187","137.321653"
"市木公園","愛知県豊川市為当町椎木31","34.815841","137.317877"
"上新切東公園","愛知県豊川市一宮町旭196","34.859831","137.428838"
"上新切中公園","愛知県豊川市一宮町旭75","34.860137","137.426052"
"一宮栄公園","愛知県豊川市一宮町栄111","34.854701","137.420243"
"下新切広場","愛知県豊川市一宮町下新切65","34.845755","137.41462"
"一宮錦公園","愛知県豊川市一宮町錦9","34.848433","137.417697"
"一宮幸公園","愛知県豊川市一宮町幸33","34.850755","137.418822"
"一宮社公園","愛知県豊川市一宮町社157","34.849307","137.419616"
"一宮中学校","愛知県豊川市一宮町上新切33-247","34.861137","137.42488"
"一宮体育センター","愛知県豊川市一宮町上新切33-259","34.860922","137.425591"
"一宮泉公園","愛知県豊川市一宮町泉52","34.853592","137.422647"
"上新切西公園","愛知県豊川市一宮町豊37","34.858019","137.423315"
"一宮西部小学校　（建物の２階以上）","愛知県豊川市一宮町緑1","34.850195","137.415301"
"一宮西部小学校","愛知県豊川市一宮町緑1","34.850176","137.41517"
"一宮緑公園","愛知県豊川市一宮町緑61","34.852351","137.417638"
"下長山公園","愛知県豊川市下長山町岩下91-1","34.805253","137.377933"
"下長山地区市民館","愛知県豊川市下長山町堺111-1","34.805745","137.375244"
"市道公園","愛知県豊川市花井町12-1","34.816157","137.391219"
"下郷地区市民館","愛知県豊川市柑子町五反田160","34.803808","137.396531"
"久保児童遊園","愛知県豊川市久保町社地3","34.836198","137.331911"
"国府東地区市民館","愛知県豊川市久保町社地7-1","34.837221","137.331503"
"牛久保駅通公園","愛知県豊川市牛久保駅通5-1","34.819417","137.376954"
"牛久保岸下公園","愛知県豊川市牛久保町岸下22-1","34.810158","137.385631"
"牛久保児童遊園","愛知県豊川市牛久保町若子49-1","34.813379","137.383081"
"牛久保生涯学習センター","愛知県豊川市牛久保町若子52-1","34.813305","137.382895"
"牛久保小学校","愛知県豊川市牛久保町大手10-2","34.809506","137.380419"
"天王小学校","愛知県豊川市牛久保町天王下14-1","34.812214","137.389714"
"寺町公園","愛知県豊川市牛久保町八幡口45-3","34.812251","137.381042"
"金屋橋公園","愛知県豊川市金屋橋町48","34.823584","137.378162"
"金屋南地区市民館","愛知県豊川市金屋橋町59-1","34.823263","137.377599"
"金屋南地区市民館　（建物の２階以上）","愛知県豊川市金屋橋町59-1","34.823267","137.377725"
"金屋小学校","愛知県豊川市金屋西町1-1","34.826242","137.380987"
"金屋中学校","愛知県豊川市金屋西町1-2","34.827039","137.381068"
"金屋地区市民館","愛知県豊川市金屋本町1-61-1","34.821514","137.384015"
"金屋公園","愛知県豊川市金屋本町2-25","34.820197","137.382166"
"金沢構造改善センター","愛知県豊川市金沢町金山19-2","34.85389","137.445224"
"長慶寺（風水害のみ開設）","愛知県豊川市金沢町藤弦3","34.860165","137.452363"
"構造改善センター下佐脇会館","愛知県豊川市御津町下佐脇宮本81","34.808352","137.326868"
"豊川市消防署南分署　（屋上の一部）","愛知県豊川市御津町下佐脇野先52-4","34.802068","137.333743"
"御津南部小学校","愛知県豊川市御津町御馬加美15","34.809895","137.318944"
"御津南部小学校　（南校舎２・３階、　北校舎２階）","愛知県豊川市御津町御馬加美15","34.809507","137.318898"
"御津南部小学校　（建物の２階以上）","愛知県豊川市御津町御馬加美15","34.809844","137.318619"
"御馬地区市民館","愛知県豊川市御津町御馬西96","34.806305","137.315415"
"御津北部小学校","愛知県豊川市御津町広石神子田54-1","34.825485","137.315004"
"広石千路児童遊園","愛知県豊川市御津町広石千路6-54","34.826579","137.321575"
"広石地区市民館","愛知県豊川市御津町広石船津34-1","34.823246","137.315237"
"御津文化会館","愛知県豊川市御津町広石日暮146","34.819396","137.3145"
"御津体育館","愛知県豊川市御津町広石日暮148","34.818953","137.31521"
"御津福祉保健センター","愛知県豊川市御津町広石枋ケ坪88","34.819337","137.31615"
"上佐脇集落センター","愛知県豊川市御津町上佐脇屋敷47-3","34.816976","137.333941"
"上佐脇ちびっ子広場","愛知県豊川市御津町上佐脇中区278","34.815966","137.335184"
"西方地区市民館","愛知県豊川市御津町西方宮長31","34.812722","137.314212"
"西方児童遊園","愛知県豊川市御津町西方中屋敷43-2","34.811106","137.315181"
"御津生涯学習センター","愛知県豊川市御津町西方日暮30","34.817271","137.315071"
"西方駅前ちびっ子広場","愛知県豊川市御津町西方梨野3-4","34.814165","137.318426"
"遊泉寺ちびっ子広場","愛知県豊川市御津町赤根宮前17-1","34.816113","137.29831"
"ケアハウス一晃","愛知県豊川市御津町赤根山田12","34.820578","137.302687"
"赤根ちびっ子広場","愛知県豊川市御津町赤根水神16","34.814447","137.30041"
"大草ちびっこ広場","愛知県豊川市御津町大草上竹83","34.813807","137.30177"
"御津西部保育園","愛知県豊川市御津町大草大森96","34.814366","137.302893"
"御津あおば高等学校","愛知県豊川市御津町豊沢松ノ下1","34.83202","137.314282"
"御津中学校","愛知県豊川市御津町泙野山下20","34.816982","137.31363"
"泙野児童遊園","愛知県豊川市御津町泙野新屋敷2-1","34.815129","137.30983"
"泙野公民館","愛知県豊川市御津町泙野六角14","34.813758","137.309729"
"御油児童遊園","愛知県豊川市御油町一ノ橋20-26","34.849735","137.313379"
"一ノ坪公園","愛知県豊川市御油町一ノ坪93","34.84165","137.315642"
"下河原公園","愛知県豊川市御油町下河原123","34.839799","137.318184"
"東山第二ちびっ子広場","愛知県豊川市御油町汲ケ谷135","34.849698","137.3248"
"東山第一ちびっ子広場","愛知県豊川市御油町汲ケ谷2","34.851934","137.325599"
"東山公園","愛知県豊川市御油町汲ケ谷284-1","34.84891","137.323351"
"栗木山公園","愛知県豊川市御油町栗木山185","34.843394","137.312597"
"かけした公園","愛知県豊川市御油町欠下57","34.842962","137.325392"
"御油小学校　（校舎を使用）","愛知県豊川市御油町膳ノ棚1-4","34.845608","137.313013"
"御油小学校","愛知県豊川市御油町膳ノ棚1-4","34.845562","137.312918"
"御油生涯学習センター　（建物の２階以上）","愛知県豊川市御油町美世賜185-1","34.844294","137.318486"
"御油生涯学習センター","愛知県豊川市御油町美世賜185-1","34.844336","137.318519"
"御油松並木公園","愛知県豊川市御油町並松20","34.851369","137.312809"
"東沢児童遊園","愛知県豊川市御油町炮六土28-2","34.849469","137.319328"
"南部中学校","愛知県豊川市光明町2-42","34.817092","137.371574"
"いこいの広場","愛知県豊川市江島町三玉33-6","34.864341","137.440315"
"江島ふれあいセンター","愛知県豊川市江島町北裏12-1","34.861511","137.446807"
"高見公園","愛知県豊川市高見町4-84","34.811921","137.372919"
"中部南地区市民館","愛知県豊川市高見町5-5","34.812696","137.373076"
"西部中学校","愛知県豊川市国府町岡本24-2","34.833486","137.320672"
"西部中学校　（校舎を使用）","愛知県豊川市国府町岡本24-2","34.833573","137.320947"
"コミュニティセンター国府市民館　（建物の２階以上）","愛知県豊川市国府町下河原62-1","34.829349","137.325738"
"コミュニティセンター国府市民館","愛知県豊川市国府町下河原62-1","34.829314","137.325636"
"国府高等学校","愛知県豊川市国府町下坊入10-1","34.830623","137.329071"
"国府小学校","愛知県豊川市国府町寒若寺6-1","34.831872","137.324628"
"桜田公園","愛知県豊川市国府町桜田133-1","34.839494","137.326282"
"山の入ちびっ子広場","愛知県豊川市国府町山の入47-15","34.834225","137.317814"
"上坊入ちびっ子広場","愛知県豊川市国府町上坊入45-18","34.831518","137.329228"
"国府大社児童遊園","愛知県豊川市国府町流霞5-1","34.838316","137.323559"
"堺公園","愛知県豊川市堺町2-34","34.817182","137.363674"
"桜ヶ丘公園及び豊川高等学校グラウンド","愛知県豊川市桜ケ丘町79-2","34.829164","137.388577"
"桜ヶ丘ミュージアム　（建物の２階以上）","愛知県豊川市桜ケ丘町79-2","34.829855","137.389714"
"桜ヶ丘ミュージアム","愛知県豊川市桜ケ丘町79-2","34.830055","137.389606"
"桜町児童遊園","愛知県豊川市桜町2-7-30","34.81636","137.350631"
"桜町小学校　（建物の２階以上）","愛知県豊川市桜町2-7-45","34.816793","137.350768"
"桜町小学校","愛知県豊川市桜町2-7-45","34.817106","137.350624"
"桜町地区市民館　（建物の２階以上）","愛知県豊川市桜町3-1-5","34.81782","137.350311"
"桜町地区市民館","愛知県豊川市桜町3-1-5","34.817806","137.350226"
"寄付公園","愛知県豊川市桜町3-11-1","34.818981","137.350831"
"桜木公園","愛知県豊川市桜木通5-7","34.832334","137.388863"
"三上児童遊園","愛知県豊川市三上町下屋敷55","34.817877","137.427479"
"三上野地児童遊園","愛知県豊川市三上町野地56-1","34.821747","137.425543"
"三蔵子小学校","愛知県豊川市三蔵子町宮前32","34.840653","137.383231"
"三蔵子公園","愛知県豊川市三蔵子町中荒古34","34.838528","137.388752"
"東部小学校","愛知県豊川市三谷原町石坪1-1","34.823646","137.413463"
"能仁堂公園","愛知県豊川市四ツ谷町2-46-1","34.81878","137.369293"
"市田地区市民館","愛知県豊川市市田町山鳥47","34.838467","137.357585"
"新道下ちびっ子広場","愛知県豊川市市田町新道下19-18","34.828032","137.357265"
"中部中学校　（建物の２階以上）","愛知県豊川市市田町西浦41","34.841526","137.352869"
"中部中学校","愛知県豊川市市田町西浦41","34.841528","137.352794"
"赤塚山公園","愛知県豊川市市田町東堤上1-30","34.846716","137.359809"
"東宮公園","愛知県豊川市篠束町東宮154","34.804667","137.371606"
"シャグジ公園","愛知県豊川市篠束町東宮215","34.803753","137.372014"
"篠田集落センター","愛知県豊川市篠田町割塚9-2","34.842595","137.401141"
"住吉公園","愛知県豊川市住吉町2-112","34.816699","137.403644"
"佐平山公園","愛知県豊川市宿町","34.803959","137.357537"
"やよい公園","愛知県豊川市宿町坂地217","34.801129","137.367059"
"中島ちびっ子広場","愛知県豊川市宿町中島109-2","34.809233","137.361099"
"白山ちびっ子広場","愛知県豊川市宿町白山85-1","34.812451","137.359749"
"曙公園","愛知県豊川市曙町3-8","34.833366","137.395031"
"曙グラウンド","愛知県豊川市曙町4-18-1","34.83306","137.393702"
"曙児童遊園","愛知県豊川市曙町4-22","34.833932","137.393686"
"小坂井高等学校","愛知県豊川市小坂井町欠田100-1","34.795793","137.372961"
"小坂井東小学校　（建物の２階以上）","愛知県豊川市小坂井町西浦87","34.800897","137.361383"
"小坂井東小学校","愛知県豊川市小坂井町西浦87","34.80098","137.361168"
"小坂井拠点避難地","愛知県豊川市小坂井町倉屋敷75-1","34.796863","137.361494"
"こざかい葵風館","愛知県豊川市小坂井町大堀10","34.800948","137.358681"
"中野ちびっ子広場","愛知県豊川市小坂井町中野79-1","34.797775","137.360563"
"桜木小学校","愛知県豊川市小桜町17","34.831242","137.390679"
"小田渕本郷児童遊園","愛知県豊川市小田渕町7-176","34.822303","137.338485"
"小田渕公園","愛知県豊川市小田渕町8-61-1","34.81494","137.34435"
"小田渕児童遊園","愛知県豊川市小田渕町下垂25-8","34.814886","137.347442"
"松風公園","愛知県豊川市松風町27","34.817596","137.388387"
"上長山庭球場","愛知県豊川市上長山町下三手川48-1","34.87557","137.424176"
"一宮生涯学習センター","愛知県豊川市上長山町小南口原1-500","34.862426","137.423705"
"東山広場","愛知県豊川市上長山町大東原42-1","34.871553","137.431845"
"上長山コミュニティーセンター","愛知県豊川市上長山町東新屋12","34.871348","137.421706"
"一宮東部小学校","愛知県豊川市上長山町東水神平44-2","34.865525","137.434219"
"健康福祉センター","愛知県豊川市上長山町本宮下1-1685","34.87842","137.42735"
"上野公園","愛知県豊川市上野2-284","34.838842","137.414931"
"上野中どおり公園","愛知県豊川市上野3-13-1","34.841818","137.415382"
"新栄児童遊園","愛知県豊川市新栄町3-75-1","34.835198","137.326375"
"古宿ちびっ子広場","愛知県豊川市新宿町1-91-1","34.818611","137.391767"
"青馬児童遊園","愛知県豊川市新青馬町1-1","34.83493","137.322651"
"新道第２公園","愛知県豊川市新道町1-1-2","34.825398","137.365148"
"勤労福祉会館","愛知県豊川市新道町1-1-3","34.824854","137.365752"
"豊川工科高等学校","愛知県豊川市新道町1-3","34.823512","137.36511"
"新道公園","愛知県豊川市新道町2-42","34.822063","137.361795"
"代田地区市民館","愛知県豊川市新道町2-42","34.821446","137.361655"
"新豊児童遊園","愛知県豊川市新豊町1-111","34.833593","137.404812"
"国府東ちびっ子広場","愛知県豊川市森4-68-38","34.8265","137.33493"
"豊川公園","愛知県豊川市諏訪1-78","34.828329","137.374082"
"諏訪公園","愛知県豊川市諏訪3-130-1","34.825724","137.369259"
"諏訪地区市民館","愛知県豊川市諏訪3-242-1","34.828498","137.369207"
"総合体育館","愛知県豊川市諏訪3-246","34.828395","137.370378"
"諏訪西公園","愛知県豊川市諏訪西町2-158-2","34.83086","137.363055"
"瀬木ちびっ子広場","愛知県豊川市瀬木町替田7-58","34.810653","137.401301"
"正岡児童遊園","愛知県豊川市正岡町後田470","34.802938","137.390222"
"西桜木児童遊園","愛知県豊川市西桜木町1-51","34.831209","137.388123"
"西塚公園","愛知県豊川市西塚町1-32-2","34.815486","137.370745"
"西島児童遊園","愛知県豊川市西島町薮下47","34.811818","137.395085"
"西豊公園","愛知県豊川市西豊町2-134","34.829322","137.399029"
"東部中学校","愛知県豊川市西豊町2-191","34.829272","137.397486"
"豊川生涯学習センター","愛知県豊川市西豊町2-225","34.828202","137.397113"
"西豊児童遊園","愛知県豊川市西豊町3-155","34.831065","137.398859"
"赤坂台地区市民館","愛知県豊川市赤坂台1608","34.868532","137.307496"
"赤坂台１号公園","愛知県豊川市赤坂台1610","34.868317","137.306304"
"赤坂台２号公園","愛知県豊川市赤坂台1615","34.8709","137.307742"
"赤坂台３号公園","愛知県豊川市赤坂台1626","34.873013","137.30705"
"音羽福祉保健センター","愛知県豊川市赤坂町狭石1","34.853172","137.302105"
"赤坂広場","愛知県豊川市赤坂町紅里133-1","34.856735","137.30659"
"音羽文化ホール","愛知県豊川市赤坂町松本250","34.859184","137.307149"
"音羽中学校","愛知県豊川市赤坂町西縄手66","34.861753","137.303259"
"音羽生涯学習センター","愛知県豊川市赤坂町西裏47-1","34.856902","137.305783"
"赤坂２号公園","愛知県豊川市赤坂町大日308","34.855668","137.311277"
"赤坂小学校","愛知県豊川市赤坂町東山140","34.856752","137.315245"
"サンヒル赤坂東山中央公園","愛知県豊川市赤坂町東山444","34.856724","137.319708"
"赤代児童遊園","愛知県豊川市赤代町2-5","34.822246","137.379377"
"西の谷第二ちびっ子広場","愛知県豊川市千両町下西の谷2-46","34.847219","137.365007"
"千両地区市民館","愛知県豊川市千両町小路8-4","34.866119","137.374521"
"西の谷ちびっ子広場","愛知県豊川市千両町上西の谷53-64","34.848712","137.365303"
"数谷原児童遊園","愛知県豊川市千両町数谷原12","34.85797","137.376322"
"千両小学校","愛知県豊川市千両町数谷原18-2","34.857681","137.375022"
"スポーツ公園","愛知県豊川市千両町折橋20-1","34.853864","137.372203"
"下千両児童遊園","愛知県豊川市千両町宝辺37-1","34.860868","137.38007"
"向山公園","愛知県豊川市蔵子1-5","34.816407","137.357944"
"農ヶ上公園","愛知県豊川市蔵子3-3","34.821839","137.354108"
"野中公園","愛知県豊川市蔵子4-7","34.824976","137.355892"
"蔵子児童遊園","愛知県豊川市蔵子6-13-7","34.819933","137.357541"
"足山田公民館","愛知県豊川市足山田町若宮5-1","34.866068","137.404524"
"足山田野球場","愛知県豊川市足山田町滝場33-1","34.865836","137.399467"
"代田中学校","愛知県豊川市代田町1-20-1","34.825921","137.361378"
"代田小学校","愛知県豊川市代田町1-20-2","34.824935","137.360629"
"文化会館","愛知県豊川市代田町1-20-4","34.824359","137.361342"
"代田公園","愛知県豊川市代田町1-34","34.824813","137.3594"
"大橋公園","愛知県豊川市大橋町2-20","34.834718","137.410957"
"大橋縄手公園","愛知県豊川市大橋町4-12","34.836936","137.414002"
"三蔵子地区市民館","愛知県豊川市大崎町小林87","34.841993","137.376093"
"大崎児童遊園","愛知県豊川市大崎町小林89-2","34.84217","137.37619"
"大崎公園","愛知県豊川市大崎町天神前176-1","34.840693","137.370307"
"太通公園","愛知県豊川市大堀町166","34.831867","137.399373"
"礼通公園","愛知県豊川市大堀町97","34.834315","137.400993"
"一丁目大木ひまわり公園","愛知県豊川市大木新町通1-104","34.84807","137.411022"
"二丁目大木もみのき公園","愛知県豊川市大木新町通2-31","34.847095","137.412857"
"四丁目大木帯川公園","愛知県豊川市大木新町通4-124","34.842168","137.410022"
"五丁目大木風の公園","愛知県豊川市大木新町通5-80","34.844997","137.407406"
"大木１号公園","愛知県豊川市大木町新町通4-249","34.842732","137.407764"
"やりみず第一ちびっ子広場","愛知県豊川市大木町鑓水320-9","34.857852","137.421039"
"宝陵高等学校","愛知県豊川市大木町鑓水445","34.859722","137.4151"
"谷川公園","愛知県豊川市谷川町天王167","34.832029","137.41002"
"古宿地区市民館","愛知県豊川市中央通2-55","34.822171","137.392071"
"中央通公園","愛知県豊川市中央通4-43","34.824642","137.381542"
"中条地区市民館","愛知県豊川市中条町宮坪21-1","34.815177","137.385763"
"中部小学校　（建物の２階以上）","愛知県豊川市中部町1-1","34.821278","137.370527"
"中部小学校","愛知県豊川市中部町1-1","34.821597","137.370566"
"長草児童遊園","愛知県豊川市長草町南2","34.847655","137.384003"
"長沢地区市民館","愛知県豊川市長沢町午新122","34.868178","137.289437"
"長沢地区市民館　（建物の２階以上）","愛知県豊川市長沢町午新122","34.868168","137.289299"
"長沢小学校　（建物の２階以上）","愛知県豊川市長沢町午新88","34.868326","137.29007"
"長沢小学校","愛知県豊川市長沢町午新88","34.868303","137.290242"
"長沢小学校　（校舎を使用）","愛知県豊川市長沢町午新88","34.868344","137.289936"
"グリーンヒル中公園","愛知県豊川市長沢町大覚212","34.87104","137.297057"
"グリーンヒル北公園","愛知県豊川市長沢町大覚359","34.871098","137.300565"
"遠通公園","愛知県豊川市天神町23","34.824438","137.405"
"土筒児童遊園","愛知県豊川市土筒町前屋敷8","34.813088","137.410838"
"塔ノ木公園","愛知県豊川市塔ノ木町1-46","34.815022","137.381256"
"東光公園","愛知県豊川市東光町2-71","34.830583","137.395114"
"桜木地区市民館","愛知県豊川市東光町3-9","34.830684","137.394671"
"東桜木公園","愛知県豊川市東桜木町138","34.828252","137.393948"
"曽通公園","愛知県豊川市東曙町122","34.835632","137.396937"
"東上野球場","愛知県豊川市東上町炭焼9-8","34.880106","137.429514"
"東豊児童遊園","愛知県豊川市東豊町1-123","34.825477","137.399095"
"豊公園","愛知県豊川市東豊町4-52","34.828453","137.405178"
"豊地区市民館","愛知県豊川市東豊町4-53","34.828962","137.405453"
"豊小学校","愛知県豊川市東豊町4-60","34.829825","137.406231"
"和通公園","愛知県豊川市東名町1-63","34.832281","137.406819"
"当古橋公園","愛知県豊川市当古町清水尻26","34.811077","137.418937"
"当古公園","愛知県豊川市当古町野中35","34.817604","137.421402"
"数谷原公園","愛知県豊川市南千両2-100","34.849446","137.371508"
"松下公園","愛知県豊川市馬場町松下69","34.823125","137.403612"
"縄手上公園","愛知県豊川市馬場町縄手上43","34.818037","137.400443"
"萩山公園","愛知県豊川市萩山町1-110","34.822986","137.368084"
"中部西地区市民館","愛知県豊川市萩山町1-52-2","34.82228","137.368219"
"萩山防災広場","愛知県豊川市萩山町3-77-5","34.824801","137.366754"
"萩地区市民館","愛知県豊川市萩町塩ノ田75-1","34.874175","137.329445"
"萩小学校","愛知県豊川市萩町岩田9-2","34.874101","137.330548"
"音羽運動公園","愛知県豊川市萩町口猿田2","34.870383","137.318399"
"弥五郎第二公園","愛知県豊川市八幡町下天王68","34.831932","137.345219"
"弥五郎第一公園","愛知県豊川市八幡町鐘鋳場83","34.830585","137.349672"
"八幡上ノ蔵公園","愛知県豊川市八幡町上ノ蔵42-1","34.836462","137.33827"
"上宿児童遊園","愛知県豊川市八幡町上宿13-1","34.840273","137.330338"
"八幡児童遊園","愛知県豊川市八幡町西赤土1-1","34.838716","137.335071"
"西赤土公園","愛知県豊川市八幡町西赤土10-13","34.837363","137.334101"
"くすのき公園","愛知県豊川市八幡町大池3-3","34.840819","137.335235"
"御油東広場","愛知県豊川市八幡町大宝山8-11","34.844905","137.324789"
"武道館","愛知県豊川市八幡町弥五郎105","34.830226","137.347135"
"美園集会所前","愛知県豊川市美園3-1-28","34.807018","137.346256"
"美幸公園","愛知県豊川市美幸町2-58","34.834959","137.388613"
"平井ちびっ子広場","愛知県豊川市平井町水戸田11-1","34.792109","137.355806"
"平尾児童遊園","愛知県豊川市平尾町井の間90","34.852009","137.344533"
"平尾小学校","愛知県豊川市平尾町上貝津2-5","34.851492","137.344177"
"平尾西公園","愛知県豊川市平尾町深田140","34.850416","137.339917"
"ふれあいセンター","愛知県豊川市平尾町親坂36","34.852429","137.352677"
"平尾地区市民館","愛知県豊川市平尾町中貝津2","34.849073","137.345337"
"平尾東公園","愛知県豊川市平尾町八反田117","34.850635","137.34722"
"平尾南公園","愛知県豊川市平尾町番皿52-1","34.843264","137.339059"
"六光寺公園","愛知県豊川市平尾町六光寺","34.845437","137.335595"
"穂ノ原公園","愛知県豊川市穂ノ原2-1-16","34.829183","137.364861"
"豊川海軍工廠平和公園","愛知県豊川市穂ノ原3-13-2","34.839395","137.367992"
"三明公園","愛知県豊川市豊川町波通34-1","34.82047","137.398573"
"駅東電車通公園","愛知県豊川市豊川町利通60-7","34.824853","137.400151"
"大和ちびっ子広場","愛知県豊川市豊津町割田53-1","34.849386","137.429338"
"一宮南部小学校","愛知県豊川市豊津町新地4","34.854053","137.436116"
"豊川小学校","愛知県豊川市北浦町31-1","34.822788","137.392388"
"牧野西公園","愛知県豊川市牧野町2-125","34.826694","137.408032"
"豊川東部地区市民館","愛知県豊川市牧野町久護28-4","34.822255","137.41357"
"さぬき屋敷公園","愛知県豊川市牧野町柳貝津50-1","34.821104","137.408388"
"本野原第２公園","愛知県豊川市本野ケ原1-160","34.838066","137.401867"
"本野原第１公園","愛知県豊川市本野ケ原3-59","34.836499","137.405246"
"本野児童遊園","愛知県豊川市本野町東浦39","34.836568","137.383133"
"麻生田児童遊園","愛知県豊川市麻生田町宮東39","34.830716","137.416646"
"豊川高等学校","愛知県豊川市末広通1-37","34.825912","137.386627"
"豊川高等学校　（建物の２階以上）","愛知県豊川市末広通1-37","34.825616","137.386789"
"野口児童遊園","愛知県豊川市野口町長万41","34.836264","137.354718"
"八南生涯学習センター","愛知県豊川市野口町縄手下23","34.839142","137.35109"
"八南小学校","愛知県豊川市野口町豊角8-1","34.83895","137.350391"
"南高見児童遊園","愛知県豊川市弥生町2-8","34.810551","137.374557"
"緑町公園","愛知県豊川市緑町2","34.825423","137.389829"
"稲荷公園","愛知県豊川市緑町32","34.82709","137.390016"
"豊田高等学校","愛知県豊田市伊保町三本松1","35.121751","137.154382"
"井郷中学校","愛知県豊田市井上町1-10-1","35.130782","137.177563"
"猿投農林高等学校","愛知県豊田市井上町12-179","35.121369","137.17462"
"井上小学校","愛知県豊田市井上町2-34","35.128248","137.182889"
"稲武交流館","愛知県豊田市稲武町竹ノ下1-1","35.215642","137.508968"
"松平高等学校","愛知県豊田市鵜ケ瀬町桐山1","35.063996","137.218182"
"崇化館中学校","愛知県豊田市栄町2-6","35.09855","137.150764"
"小原交流館","愛知県豊田市永太郎町落681-1","35.239353","137.297021"
"越戸こども園","愛知県豊田市越戸町松葉52-2","35.107877","137.184298"
"寿恵野小学校","愛知県豊田市鴛鴨町東屋敷50","35.028715","137.153014"
"押山地区振興施設","愛知県豊田市押山町ススベ99-1","35.256798","137.485338"
"花山小学校","愛知県豊田市下山田代町万徳前16-4","35.027041","137.296303"
"根川小学校","愛知県豊田市下林町7-30","35.066741","137.1647"
"猿投中学校","愛知県豊田市加納町東股15","35.157096","137.163435"
"加納小学校","愛知県豊田市加納町東股55","35.156138","137.163496"
"若園中学校","愛知県豊田市花園町脇ノ田13-3","35.015347","137.088699"
"岩倉小学校","愛知県豊田市岩倉町五ツ畑23","35.051262","137.204542"
"九久平小学校","愛知県豊田市九久平町寺前3-2","35.053078","137.215423"
"松平こども園","愛知県豊田市九久平町簗場52","35.054493","137.215733"
"駒場小学校","愛知県豊田市駒場町新生58","35.019678","137.053685"
"稲武中学校","愛知県豊田市桑原町鐘鋳場270","35.215422","137.500331"
"萩野小学校","愛知県豊田市桑田和町宮ノ前5","35.147787","137.348908"
"五ケ丘小学校","愛知県豊田市五ケ丘4-2","35.062182","137.189873"
"五ケ丘東小学校","愛知県豊田市五ケ丘8-1","35.065181","137.198808"
"童子山小学校","愛知県豊田市御幸町1-60","35.074714","137.147215"
"御作小学校","愛知県豊田市御作町田中1086-4","35.195051","137.247562"
"高嶺小学校","愛知県豊田市広美町高根2-1","35.0072","137.122694"
"高橋中学校","愛知県豊田市高橋町4-70","35.094355","137.182163"
"豊松小学校","愛知県豊田市坂上町郷敷1-1","35.066933","137.256309"
"笹戸会館","愛知県豊田市笹戸町平畑1","35.218354","137.322096"
"小原北部生活改善センター","愛知県豊田市雑敷町東門84-1","35.26293","137.297427"
"衣丘小学校","愛知県豊田市三軒町6-20-1","35.084809","137.140914"
"山之手小学校","愛知県豊田市山之手6-6","35.05744","137.143282"
"冷田小学校","愛知県豊田市四ツ松町笹ケ田40-1","35.098287","137.299547"
"四郷小学校","愛知県豊田市四郷町山畑76-8","35.130371","137.171605"
"本城小学校","愛知県豊田市市場町市場前372-2","35.225507","137.299783"
"市木小学校","愛知県豊田市市木町8-1-2","35.095367","137.196885"
"古瀬間小学校","愛知県豊田市志賀町西之海道240","35.071599","137.197157"
"益富中学校","愛知県豊田市志賀町浜居場625","35.067599","137.196022"
"緑のリサイクルセンター","愛知県豊田市枝下町下笹沢197","35.1481","137.205634"
"高岡中学校","愛知県豊田市若林西町広崎82","35.034712","137.087132"
"若林西小学校","愛知県豊田市若林西町西ノ堂7","35.032927","137.09462"
"若林東小学校","愛知県豊田市若林東町広間64","35.023349","137.105456"
"豊田南高等学校","愛知県豊田市若林東町中外根1-1","35.020877","137.103249"
"竹村小学校","愛知県豊田市住吉町大興4","35.038707","137.121171"
"広川台小学校","愛知県豊田市渋谷町1-12-1","35.08345","137.182824"
"東山小学校","愛知県豊田市渋谷町3-8","35.082871","137.19226"
"小原町勤労者研修センター","愛知県豊田市小原町上平941-15","35.230287","137.286508"
"豊田西高等学校","愛知県豊田市小坂町14-65","35.081401","137.143208"
"旭支所","愛知県豊田市小渡町船戸15-1","35.231777","137.362043"
"上郷中学校","愛知県豊田市上郷町4-5-1","35.009589","137.13376"
"上郷コミュニティセンター","愛知県豊田市上郷町5-1-1","35.017109","137.134527"
"上鷹見こども園","愛知県豊田市上高町古白344-2","35.11738","137.22515"
"寺部小学校","愛知県豊田市上野町1-173","35.089817","137.176595"
"浄水北小学校","愛知県豊田市浄水町原山8-1","35.127644","137.141491"
"浄水小学校","愛知県豊田市浄水町南平113-2","35.118908","137.140742"
"新盛小学校","愛知県豊田市新盛町深沼11-1","35.162495","137.349446"
"逢妻中学校","愛知県豊田市新町1-46-5","35.085149","137.124611"
"下山保健福祉センター","愛知県豊田市神殿町中切7-2","35.04187","137.358432"
"豊南中学校","愛知県豊田市水源町1-17","35.05114","137.170686"
"敷島会館","愛知県豊田市杉本町奥西山49","35.200923","137.359254"
"畝部小学校","愛知県豊田市畝部西町新田屋敷24","35.008654","137.155966"
"西広瀬小学校","愛知県豊田市西広瀬町清水34","35.154366","137.214803"
"梅坪台中学校","愛知県豊田市西山町1-21-1","35.109039","137.157308"
"中山小学校","愛知県豊田市西中山町蔵屋敷61","35.16257","137.188777"
"猿投台中学校","愛知県豊田市青木町3-80","35.120649","137.179415"
"青木小学校","愛知県豊田市青木町4-5","35.119864","137.178408"
"石畳小学校","愛知県豊田市石畳町辻124-5","35.230239","137.203673"
"前山小学校","愛知県豊田市前山町1-24","35.051211","137.168154"
"前林中学校","愛知県豊田市前林町行田60","35.039526","137.07348"
"足助中学校","愛知県豊田市足助町梶平58","35.133946","137.319953"
"足助小学校","愛知県豊田市足助町今岡33-2","35.136575","137.320276"
"衣台高等学校","愛知県豊田市太平町平山5","35.099279","137.116649"
"巴ケ丘小学校","愛知県豊田市大桑町別当56","35.041625","137.380212"
"下山中学校","愛知県豊田市大沼町青木1","35.041192","137.314003"
"下山基幹集落センター","愛知県豊田市大沼町鳥下34-1","35.04064","137.319417"
"浄水中学校","愛知県豊田市大清水町大清水12-1","35.120662","137.149777"
"大蔵小学校","愛知県豊田市大蔵町本城9-2","35.165688","137.31525"
"大畑小学校","愛知県豊田市大畑町神戸79-2","35.162427","137.119568"
"大林小学校","愛知県豊田市大林町14-11-5","35.049154","137.144903"
"滝脇小学校","愛知県豊田市滝脇町切石洞18-1","35.032407","137.244631"
"小原福祉センター","愛知県豊田市沢田町梅ノ木574","35.246265","137.27271"
"豊田工科高等学校","愛知県豊田市竹元町南細畔3","35.022575","137.11951"
"若園小学校","愛知県豊田市中根町永池200","35.024531","137.08982"
"朝日丘中学校","愛知県豊田市朝日ケ丘5-34","35.07824","137.145986"
"朝日小学校","愛知県豊田市朝日町6-1","35.097266","137.146186"
"堤ケ丘こども園","愛知県豊田市堤町道仙65","35.055137","137.085678"
"堤小学校","愛知県豊田市堤本町流28","35.048085","137.07754"
"小清水小学校","愛知県豊田市田町2-81","35.086046","137.122656"
"豊野高等学校","愛知県豊田市渡刈町3-3-1","35.036724","137.15641"
"土橋小学校","愛知県豊田市土橋町6-117","35.060228","137.123225"
"東広瀬小学校","愛知県豊田市東広瀬町大根坂8","35.153872","137.227457"
"加茂丘高等学校","愛知県豊田市藤岡飯野町太田代1137-30","35.195701","137.224665"
"藤岡体育センター","愛知県豊田市藤岡飯野町仲ノ下501","35.19929","137.20838"
"梅坪小学校","愛知県豊田市梅坪町1-5-1","35.10699","137.159431"
"元城小学校","愛知県豊田市八幡町3-30","35.079957","137.16433"
"美山小学校","愛知県豊田市美山町4-1","35.067953","137.117483"
"美里中学校","愛知県豊田市美里4-5-1","35.078256","137.184254"
"平井小学校","愛知県豊田市百々町5-60","35.104091","137.194739"
"挙母小学校","愛知県豊田市平芝町1-1-1","35.092862","137.15646"
"平和小学校","愛知県豊田市平和町6-70","35.05243","137.176582"
"西保見小学校","愛知県豊田市保見ケ丘2-185","35.1483","137.133063"
"東保見小学校","愛知県豊田市保見ケ丘4-5","35.148927","137.139257"
"トヨタスポーツセンター","愛知県豊田市保見町井ノ向57-230","35.133324","137.111518"
"伊保小学校","愛知県豊田市保見町権堂坊1","35.136652","137.132777"
"保見中学校","愛知県豊田市保見町北山18","35.142285","137.13122"
"末野原中学校","愛知県豊田市豊栄町11-1-1","35.041363","137.144515"
"堤こども園","愛知県豊田市本田町本田1","35.047264","137.068719"
"築羽会館","愛知県豊田市槙本町落合11","35.199148","137.401889"
"霧山多目的集会所","愛知県豊田市霧山町替田5-4","35.093322","137.247464"
"藤岡中学校","愛知県豊田市木瀬町稽古屋1163-3","35.201373","137.21708"
"野見小学校","愛知県豊田市野見町12-1","35.073876","137.179217"
"野入集会所","愛知県豊田市野入町椴木平11-8","35.229484","137.54084"
"矢並小学校","愛知県豊田市矢並町大坪901-7","35.0991","137.230492"
"竜神中学校","愛知県豊田市竜神町竜神16","35.050395","137.129455"
"石野中学校","愛知県豊田市力石町井ノ上600-1","35.142579","137.228087"
"豊明小学校グラウンド","愛知県豊明市阿野町茶屋浦29","35.049311","137.000341"
"豊明小学校（①棟）","愛知県豊明市阿野町茶屋浦29","35.049427","137.000865"
"豊明小学校（⑳棟）","愛知県豊明市阿野町茶屋浦29","35.049019","137.000651"
"豊明小学校","愛知県豊明市阿野町茶屋浦29","35.049105","137.000695"
"大原公園グラウンド","愛知県豊明市栄町大原1-1","35.046167","136.984738"
"栄中学校（柔剣道場）","愛知県豊明市栄町殿ノ山50","35.049511","136.985136"
"栄中学校グラウンド","愛知県豊明市栄町殿ノ山50","35.048712","136.986035"
"栄中学校","愛知県豊明市栄町殿ノ山50","35.049205","136.985809"
"栄中学校（①棟）","愛知県豊明市栄町殿ノ山50","35.049577","136.986339"
"栄中学校（⑤棟）","愛知県豊明市栄町殿ノ山50","35.049243","136.985706"
"舘小学校","愛知県豊明市栄町南舘3-758","35.052898","136.979826"
"舘小学校（①棟）","愛知県豊明市栄町南舘3-758","35.052998","136.980246"
"舘小学校（⑥棟）","愛知県豊明市栄町南舘3-758","35.052673","136.980035"
"舘小学校グラウンド","愛知県豊明市栄町南舘3-758","35.0527","136.980607"
"愛知朝鮮中高級学校（体育館）","愛知県豊明市栄町南舘55","35.057534","136.97641"
"名古屋朝鮮初級学校（体育館）","愛知県豊明市栄町南舘55","35.058166","136.977005"
"愛知朝鮮中高級学校（グラウンド）","愛知県豊明市栄町南舘55","35.057648","136.976828"
"名古屋短期大学グラウンド付近","愛知県豊明市栄町武侍48","35.058699","136.976079"
"中京競馬場競馬場正門前広場・敷田駐車場","愛知県豊明市間米町敷田1225","35.0649","136.986876"
"沓掛小学校グラウンド","愛知県豊明市沓掛町一之御前16","35.068156","137.025375"
"沓掛小学校（⑩棟）","愛知県豊明市沓掛町一之御前16","35.068151","137.026739"
"沓掛小学校（⑯棟）","愛知県豊明市沓掛町一之御前16","35.068327","137.026578"
"沓掛小学校（㉔棟）","愛知県豊明市沓掛町一之御前16","35.068226","137.026996"
"沓掛小学校","愛知県豊明市沓掛町一之御前16","35.068371","137.026567"
"沓掛中学校グラウンド","愛知県豊明市沓掛町下山1","35.055668","137.031354"
"愛知県立豊明高等学校","愛知県豊明市沓掛町海老池10","35.07076","137.025043"
"愛知県立豊明高等学校グラウンド","愛知県豊明市沓掛町海老池10","35.069912","137.025646"
"愛知県立豊明高等学校（武道場）","愛知県豊明市沓掛町海老池10","35.071615","137.026257"
"勅使グラウンド","愛知県豊明市沓掛町勅使1-1","35.078635","137.016644"
"三崎小学校","愛知県豊明市三崎町三崎2-1","35.057613","137.007463"
"三崎小学校（①棟）","愛知県豊明市三崎町三崎2-1","35.057622","137.007587"
"三崎小学校グラウンド","愛知県豊明市三崎町三崎2-1","35.057179","137.008115"
"三崎小学校（⑦棟）","愛知県豊明市三崎町三崎2-1","35.057319","137.007453"
"栄小学校グラウンド","愛知県豊明市新栄町2-295","35.05486","136.989211"
"栄小学校","愛知県豊明市新栄町2-295","35.055598","136.989144"
"栄小学校（③棟）","愛知県豊明市新栄町2-295","35.055277","136.989295"
"栄小学校（①棟）","愛知県豊明市新栄町2-295","35.055575","136.989187"
"落合公園グラウンド","愛知県豊明市新栄町3-300","35.053467","136.986431"
"中央公園グラウンド","愛知県豊明市新田町吉池3-1","35.05482","137.016494"
"中央小学校（⑪棟）","愛知県豊明市新田町西筋38","35.050064","137.014442"
"中央小学校（㉕棟）","愛知県豊明市新田町西筋38","35.049831","137.014471"
"中央小学校（㉒棟）","愛知県豊明市新田町西筋38","35.049326","137.01432"
"中央小学校グラウンド","愛知県豊明市新田町西筋38","35.049011","137.013552"
"中央小学校","愛知県豊明市新田町西筋38","35.049683","137.014034"
"中央小学校（⑧棟）","愛知県豊明市新田町西筋38","35.049673","137.014089"
"豊明中学校グラウンド","愛知県豊明市西川町横井4-1","35.059445","137.008587"
"豊明中学校（㉑棟）","愛知県豊明市西川町横井4-1","35.060853","137.008242"
"豊明中学校（⑫棟）","愛知県豊明市西川町横井4-1","35.060599","137.007979"
"豊明中学校（⑤棟）","愛知県豊明市西川町横井4-1","35.060774","137.007576"
"豊明中学校（②棟）","愛知県豊明市西川町横井4-1","35.060406","137.00843"
"豊明中学校（①棟）","愛知県豊明市西川町横井4-1","35.06012","137.008162"
"豊明中学校","愛知県豊明市西川町横井4-1","35.0604","137.008084"
"豊明中学校（柔剣道場）","愛知県豊明市西川町横井4-1","35.061279","137.007297"
"大宮小学校グラウンド","愛知県豊明市前後町大狭間1475","35.059339","136.993889"
"大宮小学校","愛知県豊明市前後町大狭間1475","35.059835","136.993919"
"大宮小学校（⑧棟）","愛知県豊明市前後町大狭間1475","35.06005","136.993887"
"大宮小学校（①棟）","愛知県豊明市前後町大狭間1475","35.059804","136.993865"
"共生交流プラザ（グラウンド）","愛知県豊明市二村台1-27","35.062829","137.003184"
"共生交流プラザ（南館）","愛知県豊明市二村台1-27","35.062439","137.002748"
"共生交流プラザ（北館）","愛知県豊明市二村台1-27","35.062689","137.002534"
"共生交流プラザ","愛知県豊明市二村台1-27","35.062373","137.002599"
"共生交流プラザ（駐車場）","愛知県豊明市二村台1-27","35.063145","137.002969"
"唐竹公園グラウンド","愛知県豊明市二村台3-2","35.064923","137.005269"
"二村台小学校","愛知県豊明市二村台7-3","35.06868","137.007789"
"二村台小学校（⑧棟）","愛知県豊明市二村台7-3","35.068173","137.008419"
"二村台小学校（④棟）","愛知県豊明市二村台7-3","35.068401","137.007802"
"二村台小学校（①棟）","愛知県豊明市二村台7-3","35.068691","137.007828"
"二村台小学校グラウンド","愛知県豊明市二村台7-3","35.068086","137.007708"
"師勝中学校","愛知県北名古屋市井瀬木370","35.247835","136.885934"
"訓原中学校","愛知県北名古屋市井瀬木狭場50","35.239725","136.887657"
"白木中学校","愛知県北名古屋市沖村井島31","35.234689","136.857678"
"白木小学校","愛知県北名古屋市沖村井島32","35.234611","136.859481"
"鴨田小学校","愛知県北名古屋市九之坪高田1","35.234916","136.875099"
"熊野中学校","愛知県北名古屋市熊之庄細長125","35.260799","136.883689"
"師勝北小学校","愛知県北名古屋市熊之庄大畔32","35.260504","136.886801"
"師勝西小学校","愛知県北名古屋市鹿田清水64","35.253168","136.875022"
"西春中学校","愛知県北名古屋市西之保八龍50","35.246565","136.866156"
"西春小学校","愛知県北名古屋市西之保八龍8","35.247075","136.864449"
"栗島小学校","愛知県北名古屋市中之郷栗島20","35.246373","136.848414"
"五条小学校","愛知県北名古屋市徳重中道8","35.256924","136.860241"
"師勝南小学校","愛知県北名古屋市二子曙1-1","35.238605","136.891067"
"師勝小学校","愛知県北名古屋市能田105","35.247544","136.887211"
"天神中学校","愛知県北名古屋市法成寺丸瀬町88","35.254135","136.850951"
"県立西春高等学校","愛知県北名古屋市弥勒寺西2-1","35.253197","136.865051"
"師勝東小学校","愛知県北名古屋市六ツ師山の神100","35.253142","136.896828"
"いろは公園","愛知県名古屋市港区いろは町2","35.10387","136.87351"
"上下水道局中川西配水場","愛知県名古屋市港区いろは町5-16","35.100345","136.872174"
"ベルメゾン大山","愛知県名古屋市港区惟信町1-26-1","35.107065","136.843494"
"県立惟信高等学校","愛知県名古屋市港区惟信町2-262","35.106493","136.841825"
"シャトーラメール","愛知県名古屋市港区惟信町3-25-1","35.104726","136.843685"
"惟信南荘（南北棟部分）","愛知県名古屋市港区惟信町5-37","35.101228","136.843676"
"カインズホーム名古屋みなと店","愛知県名古屋市港区一州町1-3","35.091816","136.866269"
"港南中学校","愛知県名古屋市港区稲永1-4-39","35.088968","136.862184"
"港稲永住宅１棟","愛知県名古屋市港区稲永2-1","35.087348","136.864585"
"港稲永住宅２棟","愛知県名古屋市港区稲永2-1","35.08702","136.864789"
"港南荘２棟","愛知県名古屋市港区稲永2-4","35.087322","136.862715"
"港南荘１棟","愛知県名古屋市港区稲永2-4","35.087672","136.86252"
"港南荘６棟","愛知県名古屋市港区稲永2-4","35.086272","136.863594"
"稲永東公園","愛知県名古屋市港区稲永3","35.08169","136.85678"
"東稲永荘８棟","愛知県名古屋市港区稲永3-1","35.084717","136.859975"
"東稲永シルバー住宅","愛知県名古屋市港区稲永3-1-9","35.08458","136.85939"
"東稲永荘１０棟","愛知県名古屋市港区稲永3-2-10","35.084241","136.858795"
"シティファミリー東稲永","愛知県名古屋市港区稲永3-2-11","35.08394","136.858086"
"ライオンズマンション稲永","愛知県名古屋市港区稲永3-5-23","35.083886","136.859985"
"株式会社ニチレイ・ロジスティクス東海　名古屋みなと物流センター","愛知県名古屋市港区稲永3-8-2","35.081926","136.861005"
"中稲永荘３棟","愛知県名古屋市港区稲永4-10","35.085295","136.85653"
"中稲永荘４棟","愛知県名古屋市港区稲永4-10","35.085042","136.856185"
"中稲永荘１棟","愛知県名古屋市港区稲永4-5","35.086352","136.856881"
"中稲永荘２棟","愛知県名古屋市港区稲永4-5","35.085802","136.856578"
"稲永小学校","愛知県名古屋市港区稲永4-6-35","35.085992","136.857455"
"東稲永荘１棟","愛知県名古屋市港区稲永4-7","35.086704","136.858939"
"東稲永荘２棟","愛知県名古屋市港区稲永4-7","35.086176","136.859222"
"東稲永荘３棟","愛知県名古屋市港区稲永4-7","35.085986","136.858684"
"東稲永荘６棟","愛知県名古屋市港区稲永4-7","35.085256","136.859704"
"東稲永荘４棟","愛知県名古屋市港区稲永4-7","35.085731","136.859465"
"東稲永荘７棟","愛知県名古屋市港区稲永4-7","35.085058","136.859169"
"東稲永荘５棟","愛知県名古屋市港区稲永4-7","35.085523","136.85891"
"稲永コミュニティセンター","愛知県名古屋市港区稲永4-7-56","35.086697","136.858158"
"新稲永荘８棟","愛知県名古屋市港区稲永4-8","35.084743","136.858452"
"新稲永荘７棟","愛知県名古屋市港区稲永4-8","35.085153","136.858199"
"西稲永荘７棟","愛知県名古屋市港区稲永5-10","35.084501","136.854262"
"西稲永荘３棟","愛知県名古屋市港区稲永5-7","35.085885","136.854938"
"荒子川公園","愛知県名古屋市港区遠若町2","35.09888","136.86341"
"メガコンコルド１２２０　名古屋みなと２３号通り店（駐車場棟）","愛知県名古屋市港区遠若町2-59-2","35.100107","136.863597"
"メガコンコルド１２２０　名古屋みなと２３号通り店（店舗棟）","愛知県名古屋市港区遠若町2-60-8","35.099531","136.863786"
"株式会社センダン　センダン港","愛知県名古屋市港区遠若町2-7","35.100439","136.864508"
"特別養護老人ホーム第Ⅱ港寿楽苑","愛知県名古屋市港区寛政町1-32","35.106722","136.864336"
"愛知県武道館","愛知県名古屋市港区丸池町1-1-4","35.117173","136.870119"
"なごやかハウス丸池","愛知県名古屋市港区丸池町1-3","35.118179","136.870504"
"小碓公園","愛知県名古屋市港区丸池町3","35.114808","136.870747"
"国際展示場","愛知県名古屋市港区金城ふ頭2","35.04772","136.84453"
"名古屋市国際展示場（立体駐車場）","愛知県名古屋市港区金城ふ頭2-2","35.046083","136.844034"
"名古屋市国際展示場（交流センター）","愛知県名古屋市港区金城ふ頭2-2","35.047932","136.845064"
"名古屋市国際展示場（コンベンションセンター）","愛知県名古屋市港区金城ふ頭2-7-1","35.050579","136.84938"
"金城ふ頭駐車場","愛知県名古屋市港区金城ふ頭2-7-2","35.051081","136.849607"
"金船マンション","愛知県名古屋市港区金船町2-1","35.110685","136.875837"
"中駒九番団地６号棟","愛知県名古屋市港区九番町1-1-1","35.116596","136.885271"
"中駒九番団地５号棟","愛知県名古屋市港区九番町1-1-1","35.117008","136.885357"
"中駒九番団地４号棟","愛知県名古屋市港区九番町1-1-1","35.117456","136.885453"
"中駒九番団地２号棟","愛知県名古屋市港区九番町1-1-1","35.117263","136.883222"
"中駒九番団地１号棟","愛知県名古屋市港区九番町1-1-1","35.117018","136.88453"
"東海小学校","愛知県名古屋市港区九番町1-1-3","35.116682","136.883395"
"株式会社マルハニチロ物流名古屋物流センター","愛知県名古屋市港区空見町1-42","35.059868","136.851661"
"空見スラッジリサイクルセンター","愛知県名古屋市港区空見町1-5","35.066254","136.852881"
"新港栄荘","愛知県名古屋市港区港栄1-1-22","35.106667","136.88417"
"学校法人日産学園専門学校日産愛知自動車大学校","愛知県名古屋市港区港栄1-7-12","35.10636","136.883427"
"国際留学生会館","愛知県名古屋市港区港栄2-2-29","35.103836","136.88353"
"慶和幼稚園","愛知県名古屋市港区港栄4-4-18","35.099387","136.881371"
"港北公園","愛知県名古屋市港区港楽1","35.10721","136.88676"
"港楽荘４棟","愛知県名古屋市港区港楽1-1-10","35.105172","136.888133"
"港楽荘３棟","愛知県名古屋市港区港楽1-1-10","35.105354","136.888301"
"港楽荘１棟","愛知県名古屋市港区港楽1-1-10","35.105772","136.888651"
"港楽荘２棟","愛知県名古屋市港区港楽1-1-10","35.105557","136.888499"
"県営　千年住宅","愛知県名古屋市港区港楽1-3-15","35.101835","136.888794"
"東港中学校","愛知県名古屋市港区港楽1-7-16","35.106516","136.886599"
"シティ・ファミリー港楽","愛知県名古屋市港区港楽2-10-20","35.103456","136.884442"
"港楽小学校","愛知県名古屋市港区港楽2-3-36","35.10364","136.885615"
"名古屋港管理組合本庁舎・名古屋港湾会館","愛知県名古屋市港区港町1-11","35.091906","136.882778"
"新港北荘１棟","愛知県名古屋市港区港北町1-2","35.109467","136.861325"
"新港北荘２棟","愛知県名古屋市港区港北町1-3","35.10948","136.860625"
"港北中学校","愛知県名古屋市港区港北町2-1","35.109259","136.859232"
"小碓コミュニティセンター","愛知県名古屋市港区港北町2-34","35.107848","136.858388"
"港明中学校","愛知県名古屋市港区港明1-1-38","35.110717","136.892086"
"ＭＥＧＡドン・キホーテＵＮＹ東海通店","愛知県名古屋市港区港明1-10-28","35.110514","136.886493"
"港区役所総合庁舎","愛知県名古屋市港区港明1-12-20","35.107792","136.885553"
"中川コミュニティセンター","愛知県名古屋市港区港明1-3-13","35.111161","136.89071"
"東邦ガス　エネルギーセンター","愛知県名古屋市港区港明2-3-1","35.108442","136.88149"
"ららぽーと名古屋みなとアクルス　立体駐車場棟","愛知県名古屋市港区港明2-3-2","35.109124","136.882705"
"港楽コミュニティセンター","愛知県名古屋市港区港陽1-1-65","35.103418","136.887841"
"港生涯学習センター","愛知県名古屋市港区港陽1-10-18","35.102232","136.887416"
"名古屋税関　第一港陽町宿舎（若鯱寮）","愛知県名古屋市港区港陽1-2-18","35.102033","136.889429"
"港陽公園","愛知県名古屋市港区港陽2","35.10016","136.89057"
"高木小学校","愛知県名古屋市港区高木町3-20","35.101879","136.848785"
"ラ・ナシカあらこがわ","愛知県名古屋市港区高木町4-34-1","35.099371","136.848473"
"ＫＥＩＺ港店（自走式駐車場）","愛知県名古屋市港区砂美町151","35.102002","136.868196"
"第７近藤ビル","愛知県名古屋市港区寺前町2","35.113989","136.801298"
"七島緊急避難所","愛知県名古屋市港区七島2-162","35.100926","136.833077"
"福田小学校","愛知県名古屋市港区七反野1-1207","35.115336","136.82098"
"第２コーポ豊","愛知県名古屋市港区七反野1-602","35.113134","136.821427"
"第５コーポ豊","愛知県名古屋市港区七反野1-802","35.113575","136.820821"
"アベニュー南陽町","愛知県名古屋市港区七反野1-810","35.1137","136.820391"
"南郊公園","愛知県名古屋市港区七番町1","35.11836","136.89351"
"中駒九番団地７号棟","愛知県名古屋市港区七番町2-11-1","35.116613","136.885822"
"秋葉公園","愛知県名古屋市港区秋葉1","35.10873","136.82205"
"喫茶ベル","愛知県名古屋市港区秋葉1-120","35.110083","136.817409"
"西茶屋荘１１棟","愛知県名古屋市港区秋葉1-130-3","35.10812","136.823255"
"十一屋川緑地","愛知県名古屋市港区十一屋1","35.09136","136.86149"
"宝マンション港西","愛知県名古屋市港区十一屋2-275","35.093121","136.858168"
"ファミリア―レみなと第３","愛知県名古屋市港区十一屋2-292-1","35.093297","136.859453"
"プリオール港西","愛知県名古屋市港区十一屋2-339","35.091232","136.858262"
"ファミリア―レみなと第５","愛知県名古屋市港区十一屋2-395-2","35.090724","136.858411"
"メゾン美竹","愛知県名古屋市港区十一屋2-436-1","35.092729","136.857443"
"ファミリア―レみなと第２","愛知県名古屋市港区十一屋2-87","35.096374","136.85696"
"港西小学校","愛知県名古屋市港区十一屋3-55","35.092055","136.856249"
"春田野中央公園","愛知県名古屋市港区春田野1","35.116121","136.814373"
"戸田川緑地","愛知県名古屋市港区春田野1","35.12366","136.81391"
"福春小学校","愛知県名古屋市港区春田野1-2901","35.11872","136.813099"
"イオン南陽ショッピングセンター","愛知県名古屋市港区春田野1-330","35.116389","136.816535"
"サンモールⅤ","愛知県名古屋市港区春田野1-802-1","35.118414","136.816921"
"ダイアパレス戸田川緑地","愛知県名古屋市港区春田野2-3005","35.113278","136.812089"
"名古屋市農業文化園","愛知県名古屋市港区春田野2-3204","35.115427","136.812507"
"南陽地区会館","愛知県名古屋市港区春田野3-101","35.112485","136.816565"
"南陽中学校","愛知県名古屋市港区春田野3-121","35.112548","136.815797"
"メゾン二村","愛知県名古屋市港区春田野3-1502","35.111823","136.8135"
"メゾン二村Ⅱ","愛知県名古屋市港区春田野3-902-1","35.111731","136.814655"
"メゾン二村Ⅲ","愛知県名古屋市港区春田野3-902-2","35.11175","136.814414"
"前田商店","愛知県名古屋市港区小碓1-280-1","35.119214","136.855461"
"シルバーライフ月東","愛知県名古屋市港区小碓1-38-2","35.121783","136.854614"
"鬼頭本社ビル","愛知県名古屋市港区小碓1-557","35.118731","136.851506"
"鬼頭小碓ビル","愛知県名古屋市港区小碓2-214","35.114512","136.854351"
"明徳小学校","愛知県名古屋市港区小碓3-259","35.115992","136.84753"
"小碓中央公園","愛知県名古屋市港区小碓4","35.11777","136.8493"
"明徳コミュニティセンター","愛知県名古屋市港区小碓4-147","35.117494","136.850063"
"宝マンション小碓第２","愛知県名古屋市港区小碓4-198","35.11671","136.851384"
"県営　小碓住宅","愛知県名古屋市港区小碓4-311","35.118439","136.84742"
"宝小碓ハイツ","愛知県名古屋市港区小碓4-320","35.118975","136.847329"
"第２コーポ明利","愛知県名古屋市港区小碓4-90","35.11913","136.849755"
"ユーハウス南陽","愛知県名古屋市港区小賀須3-1010","35.110898","136.828051"
"中川胃腸科外科","愛知県名古屋市港区小賀須3-1612","35.112759","136.826418"
"前田道路株式会社","愛知県名古屋市港区小賀須3-1701-3","35.112306","136.827651"
"メゾン井上","愛知県名古屋市港区小賀須3-512","35.111804","136.830287"
"フロイデ小賀須","愛知県名古屋市港区小賀須4-1124","35.113668","136.826351"
"ラ・ヴァールス小西","愛知県名古屋市港区小賀須4-650","35.11415","136.827699"
"エーデル小賀須","愛知県名古屋市港区小賀須4-722","35.114333","136.827072"
"ライオンズマンション武道館前","愛知県名古屋市港区小割通1-6","35.116945","136.868979"
"特別養護老人ホーム　幸楽荘","愛知県名古屋市港区小川1-17","35.09813","136.818228"
"特別養護老人ホーム　第二幸楽荘","愛知県名古屋市港区小川1-19","35.098202","136.817542"
"小川緊急避難所","愛知県名古屋市港区小川3-134","35.097045","136.813403"
"成章コミュニティセンター","愛知県名古屋市港区新船町4-1-2","35.113761","136.875072"
"特別養護老人ホーム　サービスネットワーク南陽","愛知県名古屋市港区新茶屋1-1701","35.10927","136.807809"
"華の郷　南陽","愛知県名古屋市港区新茶屋1-1728","35.109312","136.807207"
"特定養護老人ホーム　希望の郷","愛知県名古屋市港区新茶屋2-1501","35.106256","136.806295"
"特別養護老人ホーム第二希望の郷","愛知県名古屋市港区新茶屋2-1506","35.105739","136.8062"
"新茶屋川公園","愛知県名古屋市港区新茶屋3","35.09976","136.81305"
"ヒュッゲおがわのもり","愛知県名古屋市港区新茶屋3-501-1","35.099369","136.817199"
"老人保健施設　ケア・サポート新茶屋","愛知県名古屋市港区新茶屋3-901","35.099922","136.81466"
"老人保健施設　かいこう","愛知県名古屋市港区新茶屋3-915","35.099963","136.813806"
"茶屋後土地改良区事務所","愛知県名古屋市港区新茶屋5-2602","35.109372","136.801863"
"シャトービオレ","愛知県名古屋市港区神宮寺2-102","35.098134","136.845749"
"特別養護老人ホーム　なごやかハウス神宮寺／神宮寺シルバー住宅","愛知県名古屋市港区神宮寺2-201","35.097616","136.846079"
"神宮寺小学校","愛知県名古屋市港区神宮寺2-501","35.096814","136.845085"
"株式会社ワキタ名古屋みなと営業所","愛知県名古屋市港区神宮寺2-702","35.095862","136.845811"
"第一千寿ビル","愛知県名古屋市港区甚兵衛通1-16-1","35.105655","136.846902"
"シャトーブランエブルー","愛知県名古屋市港区甚兵衛通1-5-1","35.106824","136.846352"
"アビタシオン山田","愛知県名古屋市港区甚兵衛通4-1-1","35.100705","136.846808"
"スペリア須成","愛知県名古屋市港区須成町3-63-1","35.11412","136.87237"
"正徳公園","愛知県名古屋市港区正徳町1","35.12189","136.86356"
"宝正徳公園ハイツ","愛知県名古屋市港区正徳町1-19","35.122511","136.86283"
"グランドヒルズ正徳町２番館","愛知県名古屋市港区正徳町3-71","35.12045","136.859927"
"アベニュー正徳","愛知県名古屋市港区正徳町3-9","35.122507","136.860454"
"ユーハウス第２正徳","愛知県名古屋市港区正徳町4-59","35.121035","136.859379"
"セトル正徳","愛知県名古屋市港区正徳町5-5","35.122683","136.857516"
"アメニティ正徳","愛知県名古屋市港区正徳町5-6","35.122503","136.857091"
"ライオンズマンション正徳町第２","愛知県名古屋市港区正徳町6-13-1","35.121555","136.856819"
"鬼頭正徳ビル","愛知県名古屋市港区正徳町6-32","35.122469","136.855372"
"ライオンズマンション正徳町","愛知県名古屋市港区正徳町6-50-3","35.119749","136.857123"
"正保荘１棟","愛知県名古屋市港区正保町3-1","35.118831","136.860094"
"正保荘２棟","愛知県名古屋市港区正保町3-1","35.118315","136.86009"
"名古屋出入国在留管理局","愛知県名古屋市港区正保町5-18","35.114268","136.863561"
"正保小学校","愛知県名古屋市港区正保町5-22","35.116209","136.863518"
"リバティ東洋","愛知県名古屋市港区正保町7-103","35.11454","136.860936"
"みらいろ","愛知県名古屋市港区正保町8-110","35.114516","136.85867"
"正保コミュニティセンター","愛知県名古屋市港区正保町8-134","35.113959","136.858586"
"フィール　ＥＱＶｏ！入場店","愛知県名古屋市港区正保町8-57","35.11683","136.857186"
"医療法人杏園会　介護老人保健施設　トリトン","愛知県名古屋市港区西倉町1-14","35.096787","136.879357"
"南陽東中学校","愛知県名古屋市港区西茶屋1-35-2","35.109667","136.825975"
"西茶屋荘２棟","愛知県名古屋市港区西茶屋1-35-6","35.107979","136.82589"
"西茶屋荘１０棟","愛知県名古屋市港区西茶屋1-35-6","35.106541","136.82472"
"西茶屋荘９棟","愛知県名古屋市港区西茶屋1-35-6","35.107069","136.824094"
"イオンモール名古屋茶屋","愛知県名古屋市港区西茶屋2-11","35.10297","136.82492"
"川原緊急避難所","愛知県名古屋市港区西茶屋4-156","35.097874","136.822379"
"医療法人　杏園会　介護老人保健施設　あんず","愛知県名古屋市港区西福田1-636","35.120747","136.8113"
"作業所　えがお","愛知県名古屋市港区西福田2-504","35.113569","136.809397"
"西福田小学校","愛知県名古屋市港区西福田5-1601","35.115557","136.803828"
"港消防署本署","愛知県名古屋市港区千鳥1-11-19","35.098171","136.886064"
"サンシャイン千鳥","愛知県名古屋市港区千鳥1-11-5","35.097949","136.886272"
"宝来荘","愛知県名古屋市港区千鳥1-12-3","35.097932","136.886843"
"丸美ロイヤル港","愛知県名古屋市港区千鳥1-13-12","35.098529","136.886792"
"杉江精機株式会社","愛知県名古屋市港区千年3-101-12","35.111492","136.898134"
"東京インテリア　名古屋本店","愛知県名古屋市港区川園1-111","35.102562","136.817037"
"宝マンション川間町スクエア","愛知県名古屋市港区川間町1-11","35.117476","136.867749"
"港が見えるマンション","愛知県名古屋市港区川間町3-37","35.116854","136.86536"
"宝マンション川間町","愛知県名古屋市港区川間町3-42","35.116582","136.864866"
"メゾンサンヒル","愛知県名古屋市港区川西通5-1","35.113849","136.864211"
"船見緑地","愛知県名古屋市港区船見町","35.07147","136.89303"
"名古屋市中央卸売市場南部市場","愛知県名古屋市港区船見町1-39","35.070804","136.895318"
"スペクトル船頭場","愛知県名古屋市港区船頭場1-107","35.119789","136.829742"
"ライオンズマンション南陽町第３","愛知県名古屋市港区船頭場1-503","35.118317","136.827273"
"ニューコーポ南陽","愛知県名古屋市港区船頭場2-222","35.117396","136.83258"
"船頭場公園","愛知県名古屋市港区船頭場4","35.11406","136.83069"
"福田コミュニティセンター","愛知県名古屋市港区船頭場4-213","35.115226","136.831021"
"ぜんしん保育園","愛知県名古屋市港区善進本町191","35.102114","136.854631"
"油屋ハイツ中野Ⅱ","愛知県名古屋市港区善進本町221-1","35.10087","136.851603"
"善南公園","愛知県名古屋市港区善南町","35.09763","136.85173"
"サンハイツ麻里","愛知県名古屋市港区善南町12","35.098683","136.85238"
"宝マンション善南公園","愛知県名古屋市港区善南町33-1","35.096935","136.852773"
"伊藤ハイツ","愛知県名古屋市港区善南町41","35.097861","136.852782"
"ユニーブル善南町","愛知県名古屋市港区善南町47","35.098569","136.852139"
"みず貴","愛知県名古屋市港区善南町8","35.09893","136.852181"
"惟信第一公園","愛知県名古屋市港区多加良浦町4","35.09987","136.84167"
"名古屋場外勝馬投票券発売所（サンアール名古屋・Ｊ－ＰＬＡＣＥ名古屋）","愛知県名古屋市港区泰明町1-1-3","35.111359","136.866791"
"シーズンコート泰明町","愛知県名古屋市港区泰明町1-6-1","35.109746","136.868617"
"新泰明荘５棟","愛知県名古屋市港区泰明町2-12","35.112799","136.862884"
"泰明南荘３棟","愛知県名古屋市港区泰明町3-2","35.109944","136.862562"
"泰明南荘１棟","愛知県名古屋市港区泰明町3-2","35.110882","136.862511"
"泰明南荘２棟","愛知県名古屋市港区泰明町3-2","35.110424","136.862575"
"泰明南荘４棟","愛知県名古屋市港区泰明町3-3","35.109426","136.862615"
"大手小学校","愛知県名古屋市港区大手町3-28","35.096892","136.868516"
"中之島川緑地","愛知県名古屋市港区大手町7","35.09485","136.87091"
"県立南陽高等学校","愛知県名古屋市港区大西2-99","35.109195","136.811268"
"辰巳荘２棟","愛知県名古屋市港区辰巳町29-11","35.111189","136.887792"
"辰巳荘１棟","愛知県名古屋市港区辰巳町29-14","35.11147","136.88783"
"中川小学校","愛知県名古屋市港区辰巳町37-6","35.11239","136.886943"
"パストラル知多","愛知県名古屋市港区知多1-104","35.114587","136.825698"
"ライオンズマンション南陽町第２","愛知県名古屋市港区知多2-1101","35.112339","136.825168"
"レインボー南陽","愛知県名古屋市港区知多2-1103","35.112267","136.824989"
"ハピネス知多","愛知県名古屋市港区知多2-2218","35.112732","136.822935"
"南陽ひかり保育園","愛知県名古屋市港区知多2-2401","35.111912","136.822229"
"南陽壱番館","愛知県名古屋市港区知多3-401","35.110865","136.827562"
"ライオンズマンション南陽町","愛知県名古屋市港区知多3-402","35.110858","136.827064"
"神崎産業株式会社　港区築三町工場","愛知県名古屋市港区築三町1-1-25","35.095724","136.875212"
"名古屋市港保育園","愛知県名古屋市港区築盛町93-1","35.104311","136.871842"
"上下水道局西部管路センター","愛知県名古屋市港区中川本町2-1-2","35.10564","136.875545"
"新土古荘４棟","愛知県名古屋市港区土古町2-22","35.111002","136.860333"
"新土古荘６棟","愛知県名古屋市港区土古町2-22","35.110023","136.860323"
"新土古荘５棟","愛知県名古屋市港区土古町2-22","35.110527","136.860481"
"新土古荘３棟","愛知県名古屋市港区土古町2-23","35.110005","136.86139"
"新土古荘１棟","愛知県名古屋市港区土古町2-23","35.110977","136.861464"
"新土古荘２棟","愛知県名古屋市港区土古町2-23","35.110563","136.8616"
"ホワイトハイツ明和","愛知県名古屋市港区土古町4-20","35.111638","136.858614"
"小碓小学校","愛知県名古屋市港区土古町4-59","35.110978","136.857514"
"鬼頭第２土古ビル","愛知県名古屋市港区土古町4-72","35.110432","136.859461"
"ライオンズガーデン南陽町","愛知県名古屋市港区東蟹田1804","35.121069","136.819046"
"東築地荘","愛知県名古屋市港区東築地町1","35.097796","136.894833"
"東築地小学校","愛知県名古屋市港区東築地町26","35.093022","136.892842"
"茶屋・橘避難施設","愛知県名古屋市港区東茶屋1-151","35.1084","136.833397"
"南陽第一保育園","愛知県名古屋市港区東茶屋2-305","35.107185","136.83136"
"南陽小学校","愛知県名古屋市港区東茶屋2-328","35.106656","136.829294"
"南陽センター","愛知県名古屋市港区東茶屋2-330","35.106912","136.82819"
"特別養護老人ホーム　東茶屋御苑","愛知県名古屋市港区東茶屋2-401-1","35.105823","136.827236"
"南陽中央公園","愛知県名古屋市港区東茶屋3","35.104097","136.830037"
"名古屋市立第二斎場","愛知県名古屋市港区東茶屋3-123","35.103121","136.829169"
"南陽交流プラザ","愛知県名古屋市港区東茶屋3-123","35.103644","136.83077"
"成章小学校","愛知県名古屋市港区東土古町1-3","35.113108","136.872815"
"土古公園一帯","愛知県名古屋市港区東土古町2","35.11156","136.8712"
"当知中央公園","愛知県名古屋市港区当知1","35.11114","136.84793"
"当知コミュニティセンター","愛知県名古屋市港区当知1-601-1","35.110375","136.850692"
"カインズホーム名古屋当知店","愛知県名古屋市港区当知1-601-1","35.111302","136.850536"
"当知中学校","愛知県名古屋市港区当知1-608","35.111627","136.84923"
"ユニー株式会社ポートウォークみなとアピタ港店","愛知県名古屋市港区当知2-1501","35.109569","136.847722"
"当知小学校","愛知県名古屋市港区当知3-2401","35.110798","136.844568"
"県営　当知住宅　２棟","愛知県名古屋市港区当知3-3801","35.109258","136.842773"
"県営　当知住宅　３棟","愛知県名古屋市港区当知3-3801","35.109259","136.843579"
"当知西荘３棟","愛知県名古屋市港区当知4-1601","35.109975","136.840681"
"藤高緊急避難所","愛知県名古屋市港区藤高1-81","35.098185","136.834078"
"藤前会館","愛知県名古屋市港区藤前1-742","35.087922","136.833898"
"名港海運株式会社　藤前物流センター","愛知県名古屋市港区藤前2-204","35.082946","136.83421"
"藤前公園","愛知県名古屋市港区藤前3","35.08703","136.83181"
"日光川公園","愛知県名古屋市港区藤前5","35.08923","136.82203"
"東海コミュニティセンター","愛知県名古屋市港区南十番町1-3","35.118185","136.881391"
"当知東住宅　２棟","愛知県名古屋市港区入場2-105","35.108656","136.855327"
"当知東住宅　１棟","愛知県名古屋市港区入場2-105","35.109614","136.855784"
"医療法人東樹会　あずまリハビリテーション病院","愛知県名古屋市港区入船2-1-15","35.094465","136.880713"
"入船荘","愛知県名古屋市港区入船2-1-5","35.094271","136.881465"
"第２名港ビル","愛知県名古屋市港区入船2-2-28","35.093538","136.880854"
"名古屋港湾合同庁舎本館","愛知県名古屋市港区入船2-3-12","35.092669","136.880929"
"名港ビルディング","愛知県名古屋市港区入船2-4-6","35.092734","136.879957"
"ストロベリーガーデン","愛知県名古屋市港区畑中1-303","35.121015","136.793909"
"福田公園","愛知県名古屋市港区八百島2","35.11617","136.82046"
"名古屋自動車学校港校","愛知県名古屋市港区八百島2-2103","35.116234","136.818063"
"ロジクロス名古屋みなと","愛知県名古屋市港区品川町2-1-6","35.102716","136.862087"
"宇佐美ビル","愛知県名古屋市港区浜1-1-14","35.098171","136.882145"
"西築地小学校","愛知県名古屋市港区浜1-2-33","35.097702","136.88174"
"愛知海運","愛知県名古屋市港区浜2-1-11","35.095179","136.882726"
"西築地コミュニティセンター","愛知県名古屋市港区浜2-10-31","35.095847","136.880497"
"西福田コミュニティセンター","愛知県名古屋市港区福屋2-103","35.114858","136.801801"
"福田川河口排水機場","愛知県名古屋市港区福前2","35.107125","136.797986"
"宝神中学校","愛知県名古屋市港区宝神1-77","35.094024","136.852979"
"ロフティ宝神ファインステージ","愛知県名古屋市港区宝神2-101","35.092498","136.855072"
"レジデンス港西","愛知県名古屋市港区宝神2-2008","35.091082","136.853152"
"ＴＲＩＬＬＩＯＮ（トゥリリオン）","愛知県名古屋市港区宝神2-2607","35.090568","136.851352"
"バロワール宝神","愛知県名古屋市港区宝神3-1301","35.088876","136.851788"
"上下水道局宝神水処理センター","愛知県名古屋市港区宝神4-2501","35.086749","136.847643"
"宝マンション宝神","愛知県名古屋市港区宝神4-505","35.087496","136.850719"
"宝神中央公園","愛知県名古屋市港区宝神5","35.08902","136.84633"
"シャトーパルシェ","愛知県名古屋市港区宝神5-1031-1","35.09259","136.844061"
"ライオンズマンション港西第５","愛知県名古屋市港区宝神5-1704","35.090345","136.846983"
"港西コミュニティセンター","愛知県名古屋市港区宝神5-308","35.091923","136.847776"
"シーガル宝神","愛知県名古屋市港区宝神町字会所裏706-44","35.095207","136.843213"
"神宮寺コミュニティセンター","愛知県名古屋市港区宝神町字会所裏724-1","35.097515","136.842657"
"本宮公園","愛知県名古屋市港区本宮新町","35.107753","136.865985"
"シーズンコート東海通","愛知県名古屋市港区本宮町1-16","35.111988","136.874443"
"ユーハウス本宮","愛知県名古屋市港区本宮町1-41-1","35.112138","136.873376"
"佐川急便株式会社　港営業所","愛知県名古屋市港区本宮町2-35-1","35.108055","136.873398"
"宝マンション本宮公園","愛知県名古屋市港区本宮町5-11","35.108877","136.867172"
"本宮ハイツ山田","愛知県名古屋市港区本宮町8-29-1","35.108466","136.870641"
"名古屋港福利厚生会館","愛知県名古屋市港区名港2-3-22","35.094653","136.883911"
"カーサ　ジ　マーレ","愛知県名古屋市港区名港2-8-1","35.09594","136.883442"
"築地シティ住宅","愛知県名古屋市港区名港2-9","35.094983","136.88268"
"臨港病院","愛知県名古屋市港区名港2-9-43","35.094805","136.883219"
"木場中央公園","愛知県名古屋市港区木場町","35.098377","136.89837"
"木場清里苑","愛知県名古屋市港区木場町1-11","35.10794","136.90024"
"木場東住宅１棟","愛知県名古屋市港区木場町8-11","35.101176","136.900615"
"木場団地２号棟","愛知県名古屋市港区木場町8-55","35.099051","136.900202"
"木場団地４号棟","愛知県名古屋市港区木場町8-55","35.099644","136.899415"
"木場団地３号棟","愛知県名古屋市港区木場町8-55","35.099276","136.899776"
"木場団地１号棟","愛知県名古屋市港区木場町8-55","35.098902","136.900766"
"ＭＥＧＡタイキ１２１２港区木場店","愛知県名古屋市港区木場町8-67","35.101706","136.898113"
"東築地コミュニティ・多目的センター","愛知県名古屋市港区木場町9-10","35.097246","136.900484"
"シャルマンコーポ木場町２棟","愛知県名古屋市港区木場町9-11","35.098135","136.89622"
"シャルマンコーポ木場町１棟","愛知県名古屋市港区木場町9-11","35.098579","136.896533"
"木場南住宅１棟","愛知県名古屋市港区木場町9-3","35.09861","136.897404"
"木場南住宅２棟","愛知県名古屋市港区木場町9-3","35.09811","136.897435"
"木場南住宅３棟","愛知県名古屋市港区木場町9-3","35.097688","136.897182"
"南木場荘３棟","愛知県名古屋市港区木場町9-5","35.097402","136.899696"
"南木場荘４棟","愛知県名古屋市港区木場町9-5","35.096788","136.899803"
"南木場荘５棟","愛知県名古屋市港区木場町9-5","35.097728","136.898279"
"南木場荘６棟","愛知県名古屋市港区木場町9-5","35.097273","136.898191"
"南木場荘２棟","愛知県名古屋市港区木場町9-7","35.09769","136.900246"
"東築地学区防災センター","愛知県名古屋市港区木場町9-9","35.09842","136.898291"
"南稲永荘南棟","愛知県名古屋市港区野跡1-3-26","35.081328","136.855113"
"南稲永荘北棟","愛知県名古屋市港区野跡1-3-33","35.081973","136.855151"
"野跡小学校","愛知県名古屋市港区野跡1-4-11","35.079624","136.855008"
"シティファミリー鴨浦集会所","愛知県名古屋市港区野跡2-5-4","35.073889","136.854506"
"梅ノ木荘２棟","愛知県名古屋市港区野跡3-3","35.073724","136.853181"
"梅ノ木荘１棟","愛知県名古屋市港区野跡3-3","35.073802","136.853496"
"みなと荘７棟","愛知県名古屋市港区野跡3-5","35.075147","136.852145"
"みなと南シルバー住宅","愛知県名古屋市港区野跡3-5","35.076008","136.852219"
"市営みなと荘集会所（７棟）","愛知県名古屋市港区野跡3-5","35.074937","136.852212"
"市営みなと荘集会所（６棟）・市営みなとシルバー南集会所","愛知県名古屋市港区野跡3-5-4","35.076051","136.85217"
"稲永公園","愛知県名古屋市港区野跡4","35.08221","136.84947"
"市営みなと荘集会所（１棟）","愛知県名古屋市港区野跡4-1","35.078217","136.853422"
"みなと荘２棟","愛知県名古屋市港区野跡4-2","35.078097","136.852246"
"みなと荘４棟","愛知県名古屋市港区野跡4-3","35.077106","136.852227"
"野跡コミュニティセンター","愛知県名古屋市港区野跡4-3-13","35.07664","136.85244"
"みなと西シルバー住宅","愛知県名古屋市港区野跡4-3-5","35.076587","136.851984"
"みなと荘３棟","愛知県名古屋市港区野跡4-4","35.077516","136.852771"
"シティファミリーみなと","愛知県名古屋市港区野跡4-6","35.077589","136.853403"
"みなと東シルバー住宅","愛知県名古屋市港区野跡4-6-9","35.077153","136.853331"
"稲永スポーツセンター","愛知県名古屋市港区野跡5-1-10","35.079897","136.849334"
"シティファミリー稲永","愛知県名古屋市港区野跡5-2","35.083151","136.854306"
"稲永荘４棟","愛知県名古屋市港区野跡5-3","35.082672","136.85351"
"市営稲永荘集会所","愛知県名古屋市港区野跡5-3","35.0829","136.853173"
"稲永荘３棟","愛知県名古屋市港区野跡5-3","35.082676","136.854253"
"稲永荘１棟","愛知県名古屋市港区野跡5-3","35.083127","136.853457"
"稲永荘５棟","愛知県名古屋市港区野跡5-3","35.082668","136.852932"
"稲永荘２棟","愛知県名古屋市港区野跡5-3","35.083123","136.852918"
"高木コミュニティセンター","愛知県名古屋市港区油屋町2-15","35.104527","136.85001"
"エスポアクインズコート","愛知県名古屋市港区油屋町3-28","35.101658","136.850235"
"竜宮荘","愛知県名古屋市港区竜宮町1-5","35.097079","136.897066"
"志段味中学校","愛知県名古屋市守山区下志段味1-1309","35.245041","137.020203"
"志段味地区会館","愛知県名古屋市守山区下志段味1-1401","35.243934","137.021585"
"下志段味コミュニティセンター","愛知県名古屋市守山区下志段味2-1208","35.241858","137.019912"
"吉根小学校","愛知県名古屋市守山区吉根1-1601","35.234345","136.997144"
"吉根公民館","愛知県名古屋市守山区吉根2-1705","35.235878","137.000208"
"吉根公園","愛知県名古屋市守山区吉根3","35.23886","136.99955"
"釜ヶ洞北公園","愛知県名古屋市守山区吉根南","35.233118","137.00099"
"大森中央公園・小原橋緑地一帯","愛知県名古屋市守山区元郷1","35.20197","137.01109"
"雨池公園・壇ノ浦公園","愛知県名古屋市守山区御膳洞","35.21105","137.00093"
"大森北小学校","愛知県名古屋市守山区御膳洞321","35.212929","137.001786"
"天子田コミュニティセンター","愛知県名古屋市守山区向台2-1605","35.196197","137.005849"
"松川橋緑地","愛知県名古屋市守山区幸心3","35.21645","136.95447"
"廿軒家小学校","愛知県名古屋市守山区更屋敷16-16","35.192892","136.961129"
"下志段味小学校","愛知県名古屋市守山区桜坂1-1502","35.239091","137.018142"
"志段味スポーツランド","愛知県名古屋市守山区桜坂5-105","35.234969","137.016444"
"吉根中学校","愛知県名古屋市守山区笹ヶ根2-102","35.232124","137.002307"
"森孝中学校","愛知県名古屋市守山区四軒家2-405","35.191786","137.013854"
"守山生涯学習センター","愛知県名古屋市守山区守山3-2-6","35.1976","136.956901"
"小幡小学校","愛知県名古屋市守山区小幡1-3-4","35.204624","136.977065"
"小幡コミュニティセンター","愛知県名古屋市守山区小幡2-3-7","35.207527","136.976879"
"守山東中学校","愛知県名古屋市守山区小幡5-7-3","35.204828","136.981285"
"苗代コミュニティセンター","愛知県名古屋市守山区小幡南1-19-12","35.200037","136.975944"
"小幡あさひ幼稚園","愛知県名古屋市守山区小幡南2-5-9","35.19825","136.978573"
"小幡北小学校","愛知県名古屋市守山区小幡北1801","35.215993","136.985912"
"守山北中学校","愛知県名古屋市守山区松坂町116-1","35.215481","136.979063"
"東谷山フルーツパーク","愛知県名古屋市守山区上志段味字東谷2110","35.25165","137.04829"
"城土公園","愛知県名古屋市守山区城土町","35.21431","136.97532"
"白沢コミュニティセンター","愛知県名古屋市守山区城土町1","35.214143","136.974698"
"守山西中学校","愛知県名古屋市守山区新守町58","35.207079","136.953585"
"森孝西小学校","愛知県名古屋市守山区森孝1-1108","35.194791","137.004434"
"森孝西コミュニティセンター","愛知県名古屋市守山区森孝3-201","35.194006","137.008745"
"森孝東小学校","愛知県名古屋市守山区森孝東1-442","35.191771","137.021285"
"志段味西小学校","愛知県名古屋市守山区深沢2-177","35.239357","137.009661"
"翠松園集会所","愛知県名古屋市守山区翠松園1-704","35.209104","136.985773"
"天神橋緑地","愛知県名古屋市守山区瀬古1","35.20705","136.93561"
"瀬古小学校","愛知県名古屋市守山区瀬古東3-1303","35.211344","136.943236"
"西城小学校","愛知県名古屋市守山区西城2-14-3","35.204438","136.966476"
"守山会館","愛知県名古屋市守山区西島町19-14","35.200723","136.966766"
"守山小学校","愛知県名古屋市守山区西島町6-27","35.201575","136.964987"
"川田公園","愛知県名古屋市守山区川宮町","35.2119","136.95954"
"日ノ後池公園","愛知県名古屋市守山区泉が丘","35.235146","137.013455"
"志段味西コミュニティセンター","愛知県名古屋市守山区泉が丘1001","35.235199","137.01242"
"山下公園","愛知県名古屋市守山区村合町","35.20776","136.96253"
"守山中学校","愛知県名古屋市守山区大屋敷13-63","35.203437","136.966796"
"小幡緑地（西園）","愛知県名古屋市守山区大字牛牧","35.20995","136.97584"
"小幡緑地（本園）","愛知県名古屋市守山区大字牛牧","35.21569","136.98314"
"上志段味小学校","愛知県名古屋市守山区大字上志段味字大塚1220-2","35.25311","137.041831"
"志段味東小学校","愛知県名古屋市守山区大字上志段味字道光323-2","35.254151","137.032211"
"中志段味保育園","愛知県名古屋市守山区大字中志段味字宮前1174","35.249663","137.026411"
"大森中学校","愛知県名古屋市守山区大森1-2601","35.203064","136.995572"
"大森コミュニティセンター","愛知県名古屋市守山区大森4-206-1","35.203574","136.997886"
"大森小学校","愛知県名古屋市守山区大森4-401","35.204711","136.997987"
"大森北コミュニティセンター","愛知県名古屋市守山区大森5-319-1","35.207909","137.001266"
"志段味東コミュニティセンター","愛知県名古屋市守山区中志段味字宮前1175-1","35.249929","137.02617"
"矢田川橋緑地","愛知県名古屋市守山区鳥羽見1","35.19628","136.94735"
"鳥羽見小学校","愛知県名古屋市守山区鳥羽見2-17-6","35.200895","136.952299"
"二城小学校","愛知県名古屋市守山区鳥神町248","35.209283","136.956679"
"下市場公園","愛知県名古屋市守山区天子田1","35.197809","136.999437"
"天子田小学校","愛知県名古屋市守山区天子田2-1501","35.199281","137.005245"
"廿軒家会館","愛知県名古屋市守山区廿軒家14-56","35.19449","136.958042"
"森孝東コミュニティセンター","愛知県名古屋市守山区白山4-501-3","35.192624","137.023646"
"白沢小学校","愛知県名古屋市守山区白沢町233","35.213174","136.971467"
"千代田橋緑地","愛知県名古屋市守山区八坂","35.19154","136.96279"
"苗代小学校","愛知県名古屋市守山区苗代2-10-6","35.195496","136.98135"
"平池中央公園","愛知県名古屋市守山区平池東","35.23558","137.0066"
"本地丘コミュニティセンター","愛知県名古屋市守山区本地が丘801","35.200217","137.02199"
"本地丘小学校","愛知県名古屋市守山区本地が丘908","35.197976","137.021705"
"守山スポーツセンター","愛知県名古屋市守山区竜泉寺2-112","35.218083","136.982808"
"小幡北コミュニティセンター","愛知県名古屋市守山区緑ヶ丘867","35.214222","136.98322"
"伊勝小学校","愛知県名古屋市昭和区伊勝町2-100","35.154916","136.958524"
"名古屋市昭和文化小劇場","愛知県名古屋市昭和区花見通1-41-2","35.150017","136.948701"
"川名中学校","愛知県名古屋市昭和区楽園町93","35.148989","136.958494"
"松栄コミュニティセンター","愛知県名古屋市昭和区菊園町1-12","35.138391","136.937647"
"駒方中学校","愛知県名古屋市昭和区駒方町3-23","35.14575","136.949816"
"八事小学校","愛知県名古屋市昭和区五軒家町25","35.141177","136.949989"
"川原コミュニティセンター","愛知県名古屋市昭和区向山町1-52-2","35.151192","136.952722"
"向陽高等学校","愛知県名古屋市昭和区広池町47","35.143533","136.928686"
"八事コミュニティセンター","愛知県名古屋市昭和区広路町字南山79","35.138732","136.956242"
"名古屋国際中学校・高等学校","愛知県名古屋市昭和区広路本町1-16","35.148136","136.939984"
"御器所コミュニティセンター","愛知県名古屋市昭和区紅梅町2-15-2","35.149066","136.931516"
"南山大学","愛知県名古屋市昭和区山里町18","35.150335","136.961144"
"吹上公園","愛知県名古屋市昭和区吹上2","35.15803","136.93114"
"昭和スポーツセンター","愛知県名古屋市昭和区吹上2-6-15","35.157253","136.930406"
"吹上小学校","愛知県名古屋市昭和区吹上町1-22","35.156357","136.92955"
"昭和生涯学習センター","愛知県名古屋市昭和区石仏町1-48","35.146236","136.935831"
"児童福祉センター","愛知県名古屋市昭和区折戸町4-16","35.155444","136.945903"
"川名公園","愛知県名古屋市昭和区川原通7","35.149762","136.949526"
"広路小学校","愛知県名古屋市昭和区川原通8-21-2","35.151071","136.948296"
"滝川コミュニティセンター","愛知県名古屋市昭和区川名山町46-4","35.146976","136.960666"
"広路コミュニティセンター","愛知県名古屋市昭和区川名本町2-10-1","35.152573","136.940327"
"村雲小学校","愛知県名古屋市昭和区村雲町26-16","35.145244","136.921435"
"円上中学校","愛知県名古屋市昭和区滝子町17-18","35.141306","136.922218"
"滝川小学校","愛知県名古屋市昭和区滝川町131","35.144212","136.960502"
"桜山中学校","愛知県名古屋市昭和区池端町1-15","35.143296","136.929925"
"松栄小学校","愛知県名古屋市昭和区長戸町2-1","35.145076","136.940364"
"吹上コミュニティセンター","愛知県名古屋市昭和区鶴羽町1-9-1","35.153036","136.928267"
"鶴舞公園","愛知県名古屋市昭和区鶴舞1","35.155","136.91994"
"岡谷鋼機名古屋公会堂","愛知県名古屋市昭和区鶴舞1-1-3","35.156665","136.919101"
"鶴舞小学校","愛知県名古屋市昭和区鶴舞1-1-85","35.153787","136.922512"
"ＳＴＡＴＩＯＮ　Ａｉ","愛知県名古屋市昭和区鶴舞1-2-32","35.152657","136.918396"
"北山中学校","愛知県名古屋市昭和区鶴舞3-9-23","35.152756","136.921047"
"鶴舞コミュニティセンター","愛知県名古屋市昭和区鶴舞4-2-25","35.152698","136.923013"
"川原小学校","愛知県名古屋市昭和区萩原町2-1","35.157058","136.950189"
"白金コミュニティセンター","愛知県名古屋市昭和区白金1-20-18","35.147127","136.914484"
"白金小学校","愛知県名古屋市昭和区白金2-2-5","35.146817","136.915707"
"興正寺公園","愛知県名古屋市昭和区八事本町","35.13935","136.96387"
"中京大学","愛知県名古屋市昭和区八事本町101-2","35.138409","136.964145"
"隼人池公園","愛知県名古屋市昭和区隼人町","35.14121","136.95671"
"伊勝コミュニティセンター","愛知県名古屋市昭和区福原町1-38","35.157299","136.959173"
"御器所小学校","愛知県名古屋市昭和区明月町1-32","35.147112","136.928442"
"中根小学校","愛知県名古屋市瑞穂区井の元町50","35.114363","136.955381"
"井戸田コミュニティセンター","愛知県名古屋市瑞穂区井戸田町3-25-1","35.119305","136.929223"
"穂波小学校","愛知県名古屋市瑞穂区河岸1-1-38","35.115719","136.924623"
"日本ガイシみずほ会館","愛知県名古屋市瑞穂区亀城町2-4","35.135817","136.921563"
"御劔小学校","愛知県名古屋市瑞穂区亀城町5-4-1","35.135204","136.925663"
"牛巻団地２号棟","愛知県名古屋市瑞穂区牛巻町7-1","35.128406","136.918849"
"県立昭和高等学校","愛知県名古屋市瑞穂区玉水町1-18","35.122551","136.960746"
"汐路小学校","愛知県名古屋市瑞穂区御莨町1-2","35.134672","136.939737"
"汐路中学校","愛知県名古屋市瑞穂区御莨町4-16","35.134065","136.940795"
"県立瑞陵高等学校周辺","愛知県名古屋市瑞穂区高田町","35.133495","136.929833"
"瑞穂ケ丘中学校","愛知県名古屋市瑞穂区高田町3-28","35.133369","136.928337"
"汐路コミュニティセンター","愛知県名古屋市瑞穂区佐渡町4-9","35.130967","136.936774"
"萩山中学校","愛知県名古屋市瑞穂区市丘町1-48","35.119522","136.945727"
"弥富コミュニティセンター","愛知県名古屋市瑞穂区師長町82-2","35.122234","136.946826"
"陽明コミュニティセンター","愛知県名古屋市瑞穂区松栄町2-46","35.13327","136.948818"
"新開荘","愛知県名古屋市瑞穂区新開町16-35","35.125149","136.917707"
"堀田小学校","愛知県名古屋市瑞穂区新開町24-13","35.122788","136.918583"
"カインズホーム名古屋堀田店","愛知県名古屋市瑞穂区新開町24-55","35.12202","136.91928"
"特別養護老人ホーム　オーネスト神穂","愛知県名古屋市瑞穂区神穂町5-10","35.114064","136.924233"
"穂波コミュニティセンター","愛知県名古屋市瑞穂区神穂町5-18","35.113794","136.924587"
"浜新開荘１棟","愛知県名古屋市瑞穂区神穂町6-1","35.112192","136.923229"
"名古屋市立大学滝子（山の畑）キャンパス　体育館","愛知県名古屋市瑞穂区瑞穂町字山の畑1","35.139321","136.926411"
"豊岡小学校","愛知県名古屋市瑞穂区膳棚町3-60","35.124232","136.93999"
"びいⅤ堀田","愛知県名古屋市瑞穂区惣作町2-2","35.120822","136.924026"
"瑞穂生涯学習センター","愛知県名古屋市瑞穂区惣作町2-27-3","35.120046","136.925802"
"瀬木学園体育館","愛知県名古屋市瑞穂区大喜町1-37","35.124421","136.923495"
"高田コミュニティセンター","愛知県名古屋市瑞穂区直来町1-7-1","35.129329","136.920235"
"津賀田中学校","愛知県名古屋市瑞穂区津賀田町1-38","35.12503","136.930592"
"瑞穂コミュニティセンター","愛知県名古屋市瑞穂区津賀田町3-83-1","35.122072","136.931567"
"医療法人幸世会介護老人保健施設セントラル堀田","愛知県名古屋市瑞穂区田光町1-4","35.124041","136.921737"
"名古屋市立大学薬学部","愛知県名古屋市瑞穂区田辺通","35.130639","136.944252"
"名古屋市立大学田辺通キャンパス　カフェテリア","愛知県名古屋市瑞穂区田辺通3-1","35.131104","136.94381"
"パロマ瑞穂アリーナ","愛知県名古屋市瑞穂区田辺通3-4","35.128082","136.945037"
"上下水道局伝馬町水処理センター","愛知県名古屋市瑞穂区桃園町5-19","35.117968","136.915567"
"田光中学校","愛知県名古屋市瑞穂区内浜町5-16","35.115544","136.918715"
"弥富小学校","愛知県名古屋市瑞穂区日向町4-23-1","35.120067","136.951327"
"瑞穂公園","愛知県名古屋市瑞穂区萩山町3","35.12756","136.94509"
"井戸田小学校","愛知県名古屋市瑞穂区姫宮町1-46","35.118786","136.932622"
"名鉄交通株式会社南ビル","愛知県名古屋市瑞穂区浮島町5-1","35.116562","136.9132"
"高田小学校","愛知県名古屋市瑞穂区宝田町4-1","35.129643","136.924082"
"豊岡コミュニティセンター","愛知県名古屋市瑞穂区豊岡通3-29-3","35.121586","136.941263"
"県立瑞陵高等学校　体育館","愛知県名古屋市瑞穂区北原町2-1","35.133071","136.931403"
"瑞穂小学校","愛知県名古屋市瑞穂区牧町2-46","35.126383","136.932689"
"陽明小学校","愛知県名古屋市瑞穂区密柑山町1-1","35.131139","136.94764"
"グレース堀田","愛知県名古屋市瑞穂区明前町1-8","35.115483","136.920254"
"弥富公園","愛知県名古屋市瑞穂区弥富ケ丘町3","35.12237","136.95481"
"名古屋市総合リハビリテーションセンター","愛知県名古屋市瑞穂区弥富町字密柑山1-2","35.129503","136.953423"
"瑞穂アーバンホテル","愛知県名古屋市瑞穂区弥富通5-46-2","35.119982","136.959403"
"栄生小学校","愛知県名古屋市西区栄生1-27-26","35.184392","136.875416"
"名古屋市西文化センター","愛知県名古屋市西区栄生1-3-20","35.185799","136.878773"
"栄生コミュニティセンター","愛知県名古屋市西区栄生2-13-4","35.186476","136.873929"
"名鉄病院３号館","愛知県名古屋市西区栄生2-26-11","35.185783","136.871214"
"榎小学校","愛知県名古屋市西区押切1-12-25","35.186414","136.883652"
"旧江西小学校","愛知県名古屋市西区菊井2-12-32","35.180427","136.88336"
"江西コミュニティセンター","愛知県名古屋市西区菊井2-23-3","35.179653","136.883041"
"比良西小学校","愛知県名古屋市西区玉池町347","35.229667","136.88927"
"見寄公園","愛知県名古屋市西区見寄町","35.22039","136.86345"
"五町公園","愛知県名古屋市西区五才美町","35.21973","136.89033"
"稲生小学校","愛知県名古屋市西区香呑町2-84","35.203805","136.897896"
"庄内緑地一帯","愛知県名古屋市西区山田町大字上小田井字水方","35.21035","136.88499"
"洗堰緑地","愛知県名古屋市西区山田町大字大野木字起返","35.21277","136.89099"
"平田中学校","愛知県名古屋市西区山木1-1","35.22049","136.868576"
"浄心中学校","愛知県名古屋市西区児玉1-15-12","35.195844","136.887902"
"西陵高等学校","愛知県名古屋市西区児玉2-20-65","35.195936","136.885345"
"児玉小学校","愛知県名古屋市西区児玉2-3-33","35.19349","136.884137"
"児玉コミュニティセンター","愛知県名古屋市西区児玉2-4-14","35.193047","136.884854"
"上名古屋コミュニティセンター","愛知県名古屋市西区上名古屋2-23-22","35.194036","136.891858"
"上名古屋小学校","愛知県名古屋市西区上名古屋3-4-18","35.195201","136.894057"
"城西小学校","愛知県名古屋市西区城西3-14-25","35.188331","136.894991"
"城西コミュニティセンター","愛知県名古屋市西区城西4-2-21","35.189872","136.893746"
"西生涯学習センター","愛知県名古屋市西区浄心1-1-45","35.192797","136.890489"
"菊井中学校","愛知県名古屋市西区新道1-6-33","35.182192","136.889159"
"新福寺公園","愛知県名古屋市西区新福寺町2","35.20516","136.88388"
"名塚中学校","愛知県名古屋市西区新福寺町2-1-2","35.204566","136.884011"
"庄内小学校","愛知県名古屋市西区新福寺町2-5-1","35.206436","136.884055"
"西資源センター","愛知県名古屋市西区新木町68-1","35.217396","136.86232"
"西原公園","愛知県名古屋市西区西原町","35.2267","136.86226"
"平田小学校","愛知県名古屋市西区西原町88","35.226954","136.863849"
"榎コミュニティセンター","愛知県名古屋市西区浅間2-8-18","35.185643","136.887651"
"南押切小学校","愛知県名古屋市西区則武新町2-14-3","35.18345","136.880676"
"大野木小学校","愛知県名古屋市西区大野木3-17","35.219537","136.896534"
"大野木コミュニティセンター","愛知県名古屋市西区大野木4-181","35.22009","136.896362"
"中小田井公園","愛知県名古屋市西区中小田井2","35.21396","136.87248"
"中小田井小学校","愛知県名古屋市西区中小田井2-189","35.21342","136.871945"
"中小田井コミュニティセンター","愛知県名古屋市西区中小田井2-418","35.21432","136.871765"
"庄内コミュニティセンター","愛知県名古屋市西区鳥見町1-24-2","35.201503","136.88503"
"押切公園","愛知県名古屋市西区天神山町","35.19138","136.88509"
"天神山中学校","愛知県名古屋市西区天神山町4-12","35.190583","136.886081"
"県立名古屋西高等学校","愛知県名古屋市西区天神山町4-7","35.189546","136.884642"
"旧那古野小学校","愛知県名古屋市西区那古野2-14-1","35.176132","136.886322"
"第三幼稚園","愛知県名古屋市西区那古野2-15-1","35.176277","136.88732"
"那古野コミュニティセンター","愛知県名古屋市西区那古野2-15-25","35.176514","136.887492"
"山田高等学校","愛知県名古屋市西区二方町19-1","35.225898","136.88016"
"山田中学校","愛知県名古屋市西区八筋町363-1","35.222868","136.879313"
"山田小学校","愛知県名古屋市西区八筋町381-1","35.22302","136.882089"
"比良小学校","愛知県名古屋市西区比良2-175","35.226995","136.899616"
"比良コミュニティセンター","愛知県名古屋市西区比良3-154","35.230864","136.897721"
"枇杷島公園","愛知県名古屋市西区枇杷島1","35.18899","136.87396"
"枇杷島スポーツセンター","愛知県名古屋市西区枇杷島1-1-2","35.188777","136.875041"
"枇杷島小学校","愛知県名古屋市西区枇杷島3-16-33","35.192749","136.871778"
"枇杷島コミュニティセンター","愛知県名古屋市西区枇杷島5-11-15","35.19484","136.877299"
"浮野コミュニティセンター","愛知県名古屋市西区浮野町97-93","35.22677","136.859017"
"浮野小学校","愛知県名古屋市西区浮野町98","35.228127","136.857727"
"なごや小学校","愛知県名古屋市西区幅下1-7-17","35.180609","136.891345"
"幅下コミュニティセンター","愛知県名古屋市西区幅下1-9-30","35.181704","136.892084"
"山田東中学校","愛知県名古屋市西区宝地町10","35.223197","136.890296"
"稲生コミュニティセンター","愛知県名古屋市西区又穂町5-40","35.205122","136.894147"
"田代コミュニティセンター","愛知県名古屋市千種区観月町2-14","35.165725","136.956018"
"田代小学校","愛知県名古屋市千種区観月町2-41","35.165043","136.955686"
"富士見台会館","愛知県名古屋市千種区希望ケ丘2-3-49","35.178461","136.968724"
"宮根小学校","愛知県名古屋市千種区宮根台2-10-19","35.183371","136.979735"
"東山コミュニティセンター","愛知県名古屋市千種区橋本町2-37","35.164462","136.967929"
"東山小学校","愛知県名古屋市千種区橋本町3-20","35.163807","136.967195"
"見付小学校","愛知県名古屋市千種区見附町3-1-3","35.160311","136.959341"
"高見小学校","愛知県名古屋市千種区高見1-7-1","35.172935","136.948979"
"今池中学校","愛知県名古屋市千種区今池3-19-1","35.165779","136.932611"
"愛知淑徳学園","愛知県名古屋市千種区桜が丘23","35.166232","136.98762"
"名古屋商業高等学校","愛知県名古屋市千種区自由ケ丘2-11-48","35.17465","136.965393"
"自由ヶ丘小学校","愛知県名古屋市千種区自由ケ丘2-15-24","35.17257","136.964895"
"千種台中学校","愛知県名古屋市千種区自由ケ丘3-3-55","35.177043","136.969716"
"県立名古屋聾学校","愛知県名古屋市千種区鹿子殿21-1","35.175602","136.975534"
"千種公園一帯","愛知県名古屋市千種区若水1","35.17616","136.94346"
"若水中学校","愛知県名古屋市千種区若水2-6-1","35.174453","136.946324"
"高見コミュニティセンター","愛知県名古屋市千種区若水3-21-11","35.174417","136.948503"
"春岡小学校","愛知県名古屋市千種区春岡2-5-38","35.164149","136.941976"
"春岡コミュニティセンター","愛知県名古屋市千種区春岡2-5-44","35.164669","136.94205"
"大和小学校","愛知県名古屋市千種区松軒1-4-9","35.179324","136.939031"
"大和コミュニティセンター","愛知県名古屋市千種区松軒2-12-3","35.178171","136.941716"
"上野コミュニティセンター","愛知県名古屋市千種区上野1-10-17","35.180914","136.951228"
"上野小学校","愛知県名古屋市千種区上野2-6-1","35.180452","136.95255"
"千種生涯学習センター","愛知県名古屋市千種区振甫町3-34","35.175014","136.952509"
"名古屋工業大学体育館","愛知県名古屋市千種区吹上1-7-2","35.159123","136.925058"
"菊里高等学校","愛知県名古屋市千種区星が丘元町13-7","35.159542","136.985052"
"東星中学校","愛知県名古屋市千種区星が丘山手105","35.163076","136.978998"
"千種スポーツセンター","愛知県名古屋市千種区星が丘山手121","35.161312","136.978866"
"星ヶ丘コミュニティセンター","愛知県名古屋市千種区星ヶ丘1-3","35.163038","136.987662"
"星ヶ丘小学校","愛知県名古屋市千種区星ヶ丘1-4","35.163438","136.988636"
"城山中学校","愛知県名古屋市千種区西崎町1-42","35.16197","136.959241"
"千石小学校","愛知県名古屋市千種区千種1-1-52","35.166406","136.928185"
"千石コミュニティセンター","愛知県名古屋市千種区千種2-6-16","35.162547","136.927843"
"千種コミュニティセンター","愛知県名古屋市千種区千種3-2-11","35.1627","136.934833"
"千種小学校","愛知県名古屋市千種区千種3-2-5","35.162787","136.934174"
"猪子石中学校","愛知県名古屋市千種区千代が丘2-5","35.1822","136.983221"
"千種中学校","愛知県名古屋市千種区千代田橋1-1-12","35.188861","136.966862"
"千代田橋小学校","愛知県名古屋市千種区千代田橋2-3-7","35.18642","136.971413"
"東山公園","愛知県名古屋市千種区田代町字瓶杁","35.1602","136.97742"
"見付コミュニティセンター","愛知県名古屋市千種区唐山町1-79-1","35.15895","136.968856"
"自由ヶ丘会館","愛知県名古屋市千種区徳川山町5-3-12-1","35.174048","136.969633"
"内山小学校","愛知県名古屋市千種区内山1-4-15","35.174263","136.937724"
"内山コミュニティセンター","愛知県名古屋市千種区内山1-4-15","35.173635","136.937955"
"茶屋ヶ坂公園","愛知県名古屋市千種区鍋屋上野町字汁谷","35.18082","136.965"
"富士見台小学校","愛知県名古屋市千種区富士見台2-1","35.181868","136.969894"
"平和公園","愛知県名古屋市千種区平和公園1","35.17354","136.98365"
"振甫中学校","愛知県名古屋市千種区北千種1-7-1","35.180549","136.942637"
"名古屋市立大学　北千種キャンパス","愛知県名古屋市千種区北千種2-1-10","35.181407","136.947139"
"愛知工業大学名電高等学校　瑞若スポーツセンター体育館","愛知県名古屋市千種区北千種2-5-32","35.179664","136.949263"
"栄小学校","愛知県名古屋市中区栄1-28-1","35.163976","136.894925"
"中スポーツセンター","愛知県名古屋市中区栄1-30-10","35.163867","136.893605"
"白川公園","愛知県名古屋市中区栄2","35.16411","136.90003"
"久屋大通公園","愛知県名古屋市中区丸の内3","35.16501","136.90902"
"丸の内小学校","愛知県名古屋市中区丸の内3-3-35","35.177835","136.904212"
"橘小学校","愛知県名古屋市中区橘1-13-12","35.154082","136.904227"
"橘コミュニティセンター","愛知県名古屋市中区橘1-14-4","35.15441","136.903087"
"中生涯学習センター","愛知県名古屋市中区橘1-7-11","35.154744","136.903859"
"真宗大谷派名古屋別院（東別院）","愛知県名古屋市中区橘2-8-55","35.152278","136.901948"
"旧御園小学校","愛知県名古屋市中区錦1-9-1","35.17075","136.895352"
"丸の内中学校","愛知県名古屋市中区三の丸1-9-2","35.179738","136.894964"
"松原小学校","愛知県名古屋市中区松原3-5-3","35.15391","136.897703"
"美容あいち会館","愛知県名古屋市中区上前津2-10-28","35.154917","136.906852"
"白山中学校","愛知県名古屋市中区新栄1-15-56","35.167437","136.917935"
"千早小学校","愛知県名古屋市中区新栄1-44-36","35.162675","136.918489"
"千早コミュニティセンター","愛知県名古屋市中区新栄1-48-16","35.161789","136.918943"
"新栄小学校","愛知県名古屋市中区新栄3-15-51","35.167913","136.925794"
"名古屋市中文化センター","愛知県名古屋市中区新栄3-32-13","35.165703","136.923868"
"正木小学校","愛知県名古屋市中区正木1-17-33","35.150149","136.897407"
"伊勢山中学校","愛知県名古屋市中区正木3-2-21","35.146864","136.895822"
"老松小学校","愛知県名古屋市中区千代田1-9-36","35.160612","136.912973"
"名古屋市女性会館・名古屋市男女平等参画推進センター（イーブルなごや）","愛知県名古屋市中区大井町7-25","35.15036","136.907869"
"若宮大通","愛知県名古屋市中区大須1","35.16204","136.90902"
"大須小学校","愛知県名古屋市中区大須1-31-4","35.15961","136.896335"
"前津中学校","愛知県名古屋市中区大須4-8-88","35.159538","136.908763"
"葉場公園","愛知県名古屋市中区平和1","35.14773","136.90469"
"平和小学校","愛知県名古屋市中区平和1-14-3","35.148695","136.905125"
"名城公園一帯","愛知県名古屋市中区本丸","35.187883","136.902974"
"豊治小学校","愛知県名古屋市中川区かの里1-2501","35.132131","136.814818"
"県営　包里住宅　１棟","愛知県名古屋市中川区かの里2-701","35.128501","136.816229"
"県営　包里住宅　３棟","愛知県名古屋市中川区かの里2-701","35.127653","136.81621"
"真栄マンション愛知町","愛知県名古屋市中川区愛知町29-1","35.153021","136.876046"
"愛知コミュニティセンター","愛知県名古屋市中川区愛知町33-3","35.153661","136.875126"
"五反田小学校","愛知県名古屋市中川区一色新町1-601","35.129846","136.831193"
"一色中学校","愛知県名古屋市中川区一色新町1-701","35.12869","136.831202"
"アネックスコート比翼","愛知県名古屋市中川区一色新町2-101","35.13159","136.829655"
"助光ポンプ所","愛知県名古屋市中川区一色新町2-2801-1","35.128763","136.825837"
"浅井コーポⅢ","愛知県名古屋市中川区運河町407","35.159225","136.884327"
"五反田コミュニティセンター","愛知県名古屋市中川区下之一色町宮分19","35.127506","136.832881"
"正色小学校","愛知県名古屋市中川区下之一色町権野107","35.123845","136.827666"
"名古屋市正色保育園","愛知県名古屋市中川区下之一色町字宮分79-1","35.125797","136.833329"
"社会福祉法人共愛会　特別養護老人ホーム第２共愛の里","愛知県名古屋市中川区下之一色町字権野108-6","35.124013","136.828714"
"社会福祉法人共愛会　共愛病院","愛知県名古屋市中川区下之一色町字権野148-1","35.123613","136.829598"
"正色コミュニティセンター","愛知県名古屋市中川区下之一色町字権野167-1","35.123269","136.828338"
"クラリティガーデン","愛知県名古屋市中川区下之一色町字権野23-1","35.125807","136.827448"
"加藤マンション","愛知県名古屋市中川区下之一色町字権野86-1","35.125207","136.829492"
"わたつみ保育園","愛知県名古屋市中川区下之一色町字中ノ切4","35.12158","136.832685"
"岡本医院分院","愛知県名古屋市中川区下之一色町字中ノ切56","35.121019","136.832897"
"さくら八田","愛知県名古屋市中川区花池町1-8","35.148224","136.850607"
"花塚コーポラス","愛知県名古屋市中川区花塚町1-102","35.129961","136.884327"
"外新荘","愛知県名古屋市中川区外新町1-21","35.128814","136.884375"
"ケイズ中川運河店","愛知県名古屋市中川区外新町3-1","35.128676","136.881126"
"篠原小学校","愛知県名古屋市中川区丸米町1-55","35.13464","136.872435"
"丸米荘","愛知県名古屋市中川区丸米町2-129","35.132279","136.870084"
"介護付き有料老人ホーム　ハイリタイヤー松葉公園","愛知県名古屋市中川区丸米町2-23","35.133381","136.869873"
"ロイヤルシティ松本","愛知県名古屋市中川区吉津2-518","35.152934","136.822518"
"松下荘１棟","愛知県名古屋市中川区吉津3-1004","35.14961","136.823075"
"松下荘２棟","愛知県名古屋市中川区吉津3-1004","35.151624","136.821387"
"松下北荘１棟","愛知県名古屋市中川区吉津3-1603","35.152221","136.819255"
"山嵜ビル","愛知県名古屋市中川区吉津3-1906","35.152874","136.818925"
"富田北地域センター","愛知県名古屋市中川区吉津4-3201","35.147987","136.818905"
"名古屋市富田工場　管理棟","愛知県名古屋市中川区吉津4-3208","35.147336","136.818183"
"松下南荘１棟","愛知県名古屋市中川区吉津5-1301","35.145164","136.819673"
"松下南荘２棟","愛知県名古屋市中川区吉津5-1301","35.145221","136.818672"
"富田荘","愛知県名古屋市中川区吉津5-701","35.146188","136.818813"
"シティファミリー吉良Ｃ棟","愛知県名古屋市中川区吉良町10-8","35.141831","136.861038"
"シティファミリー吉良Ｂ棟","愛知県名古屋市中川区吉良町10-8","35.142353","136.86099"
"シティファミリー吉良Ａ棟","愛知県名古屋市中川区吉良町10-8","35.142853","136.860867"
"ヨシヅヤ太平通り店","愛知県名古屋市中川区宮脇町2-11","35.135024","136.868151"
"ジュネスＡ・ミヤワキ","愛知県名古屋市中川区宮脇町2-62","35.135569","136.866301"
"株式会社マツザワ瓦店笈瀬倉庫","愛知県名古屋市中川区笈瀬町2-45-1","35.149259","136.882205"
"供米田中学校","愛知県名古屋市中川区供米田2-802","35.136006","136.813264"
"玉川小学校","愛知県名古屋市中川区玉川町2-1","35.121968","136.878586"
"キャナル・リゾート","愛知県名古屋市中川区玉川町4-1","35.11897","136.878245"
"昭和橋コミュニティセンター","愛知県名古屋市中川区玉船町1-1-1","35.12443","136.874823"
"八幡中学校","愛知県名古屋市中川区元中野町2-11","35.137121","136.880286"
"戸田小学校","愛知県名古屋市中川区戸田2-2114","35.139298","136.805991"
"富田地区会館","愛知県名古屋市中川区戸田4-2502","35.136622","136.805062"
"ＬＯＥ株式会社","愛知県名古屋市中川区戸田5-1308-1","35.13265","136.805859"
"県営　戸田北住宅　５棟","愛知県名古屋市中川区戸田明正2-2901","35.146821","136.805341"
"県営　戸田北住宅　４棟","愛知県名古屋市中川区戸田明正2-2901","35.147146","136.805379"
"県営　戸田北住宅　３棟","愛知県名古屋市中川区戸田明正2-2901","35.147155","136.804794"
"県営　戸田北住宅　２棟","愛知県名古屋市中川区戸田明正2-2901","35.147462","136.805422"
"県営　戸田北住宅　１棟","愛知県名古屋市中川区戸田明正2-2901","35.147463","136.804835"
"明正小学校","愛知県名古屋市中川区戸田明正3-1001","35.146608","136.802011"
"アーバンホーム７","愛知県名古屋市中川区戸田明正3-101","35.147729","136.804029"
"アーバンホームⅡ","愛知県名古屋市中川区戸田明正3-104","35.147719","136.8038"
"戸田荘西２棟","愛知県名古屋市中川区戸田明正3-603","35.142685","136.802188"
"戸田荘西１棟","愛知県名古屋市中川区戸田明正3-605","35.142802","136.801319"
"戸田荘西３棟","愛知県名古屋市中川区戸田明正3-702","35.143424","136.801525"
"戸田荘西４棟","愛知県名古屋市中川区戸田明正3-702","35.143317","136.802259"
"戸田荘西５棟","愛知県名古屋市中川区戸田明正3-801","35.144048","136.801637"
"戸田荘西６棟","愛知県名古屋市中川区戸田明正3-801","35.143965","136.802351"
"戸田荘西８棟","愛知県名古屋市中川区戸田明正3-801","35.143261","136.803049"
"戸田荘西７棟","愛知県名古屋市中川区戸田明正3-801","35.144332","136.801717"
"Ｖｇ　ＴＲＥＥ","愛知県名古屋市中川区五女子町1-78-1","35.144809","136.883165"
"広見小学校","愛知県名古屋市中川区広住町4-41","35.156539","136.884835"
"シティファミリー江松","愛知県名古屋市中川区江松2-233","35.126604","136.822557"
"中川コロナワールド","愛知県名古屋市中川区江松3-110","35.125609","136.822618"
"豊治コミュニティセンター","愛知県名古屋市中川区江松4-624","35.120218","136.825476"
"マルハン中川店","愛知県名古屋市中川区江松5-816","35.12507","136.822124"
"八幡コミュニティセンター","愛知県名古屋市中川区荒越町1-1-3","35.135175","136.884946"
"シティコーポあらこし３号館","愛知県名古屋市中川区荒越町1-3-1","35.135409","136.883593"
"シティコーポあらこし１号館","愛知県名古屋市中川区荒越町1-3-1","35.135038","136.883449"
"荒越荘３棟","愛知県名古屋市中川区荒越町1-7","35.13424","136.884092"
"荒越荘２棟","愛知県名古屋市中川区荒越町1-7","35.134613","136.884168"
"荒越荘１棟","愛知県名古屋市中川区荒越町1-7","35.134996","136.884224"
"荒越荘７棟","愛知県名古屋市中川区荒越町2-1","35.132644","136.883794"
"荒越荘６棟","愛知県名古屋市中川区荒越町2-1","35.13303","136.883771"
"荒越荘５棟","愛知県名古屋市中川区荒越町2-1","35.133413","136.883821"
"荒越荘４棟","愛知県名古屋市中川区荒越町2-1","35.133803","136.884045"
"荒越公園","愛知県名古屋市中川区荒越町3","35.13323","136.88476"
"シティライフ荒江","愛知県名古屋市中川区荒江町16-4","35.140972","136.88558"
"プラティークあらこ","愛知県名古屋市中川区荒子1-203","35.140635","136.859067"
"荒子公園","愛知県名古屋市中川区荒子2","35.13832","136.85846"
"ネクステージあらこ","愛知県名古屋市中川区荒子2-42","35.140231","136.858254"
"ヴィラエイト","愛知県名古屋市中川区荒子2-45","35.140197","136.85789"
"高杉中学校","愛知県名古屋市中川区高杉町133","35.126092","136.843516"
"第５高杉マンション","愛知県名古屋市中川区高杉町20-1","35.125991","136.844571"
"第３高杉マンション","愛知県名古屋市中川区高杉町251","35.12702","136.842561"
"第２高杉マンション","愛知県名古屋市中川区高杉町260","35.126649","136.842113"
"中川区役所","愛知県名古屋市中川区高畑1-223","35.141539","136.854816"
"中川消防署本署","愛知県名古屋市中川区高畑1-224","35.141586","136.854277"
"高畑１０１ビル","愛知県名古屋市中川区高畑2-101","35.140147","136.855157"
"グリュックハーベン","愛知県名古屋市中川区高畑3-115","35.138772","136.853266"
"イヌカイビル","愛知県名古屋市中川区高畑3-13","35.140138","136.852472"
"高畑公園","愛知県名古屋市中川区高畑4","35.14228","136.85029"
"アネックス高畑","愛知県名古屋市中川区高畑4-143","35.140982","136.853141"
"新高畑荘２棟","愛知県名古屋市中川区高畑4-194","35.140844","136.850059"
"新高畑荘１棟","愛知県名古屋市中川区高畑4-194","35.14089","136.85009"
"サンマンション高畑","愛知県名古屋市中川区高畑5-34-5","35.145481","136.850778"
"パークサイドグロリア","愛知県名古屋市中川区細米町2-70","35.134551","136.864061"
"シャープ名古屋ビル","愛知県名古屋市中川区山王3-5-5","35.149939","136.892381"
"山王中学校","愛知県名古屋市中川区山王3-7-3","35.149626","136.890709"
"㈱カイナン","愛知県名古屋市中川区四女子町4-43","35.144136","136.871291"
"小城南荘","愛知県名古屋市中川区若山町1-1-1","35.133757","136.861515"
"小城南シルバー住宅","愛知県名古屋市中川区若山町1-1-1","35.133268","136.861535"
"昭和橋公園","愛知県名古屋市中川区十一番町3","35.12279","136.8799"
"玉川コミュニティセンター","愛知県名古屋市中川区十一番町3-1","35.123222","136.880725"
"県営　十一番町住宅　２棟","愛知県名古屋市中川区十一番町7-2-1","35.118683","136.878938"
"県営　十一番町住宅　１棟","愛知県名古屋市中川区十一番町7-2-1","35.118973","136.879181"
"パールシティ８８","愛知県名古屋市中川区十番町3-15-1","35.122491","136.883369"
"メゾンイトウ","愛知県名古屋市中川区十番町4-1-2","35.122209","136.88306"
"南郊荘","愛知県名古屋市中川区十番町5-7","35.120491","136.881346"
"春田荘３棟","愛知県名古屋市中川区春田2-32","35.145419","136.813978"
"春田荘２棟","愛知県名古屋市中川区春田2-32","35.146091","136.814173"
"春田荘１棟","愛知県名古屋市中川区春田2-32","35.145875","136.815022"
"春田荘７棟","愛知県名古屋市中川区春田2-32","35.144572","136.814498"
"春田荘４棟","愛知県名古屋市中川区春田2-32","35.144726","136.813687"
"春田荘８棟","愛知県名古屋市中川区春田2-32","35.145285","136.814756"
"春田荘Ａ棟","愛知県名古屋市中川区春田2-32","35.143826","136.814423"
"助光荘１棟","愛知県名古屋市中川区助光2-1401","35.136756","136.826123"
"西前田コミュニティセンター","愛知県名古屋市中川区助光2-1403","35.13499","136.826312"
"昴アネックス","愛知県名古屋市中川区助光2-203","35.137617","136.82863"
"助光荘２棟","愛知県名古屋市中川区助光2-2501","35.133946","136.826201"
"県営　助光住宅　１棟","愛知県名古屋市中川区助光2-701","35.136777","136.827539"
"県営　助光住宅　２棟","愛知県名古屋市中川区助光2-701","35.135986","136.827754"
"昴スケミツ","愛知県名古屋市中川区助光2-902","35.13732","136.827605"
"助光中学校","愛知県名古屋市中川区助光3-201","35.133536","136.828256"
"小城シルバー住宅","愛知県名古屋市中川区小城町1-1-17","35.134907","136.86167"
"県営　小本西住宅","愛知県名古屋市中川区小本1-13-28","35.147759","136.862444"
"常磐小学校","愛知県名古屋市中川区小本1-15-2","35.149165","136.862772"
"西特別支援学校","愛知県名古屋市中川区小本1-19-38","35.150469","136.861231"
"常磐コミュニティセンター","愛知県名古屋市中川区小本1-20-52","35.148708","136.860936"
"ＧＡＺＥ　Ｈｉｌｌｓ　‘１８","愛知県名古屋市中川区昭和橋通1-12-2","35.1253","136.872842"
"ボナール畑田","愛知県名古屋市中川区昭和橋通6-16","35.123965","136.856593"
"タイホウ名駅南ビル","愛知県名古屋市中川区松重町4-35","35.157661","136.892423"
"メゾンソシアル","愛知県名古屋市中川区松年町1-70-1","35.123856","136.873825"
"名古屋掖済会病院職員住宅","愛知県名古屋市中川区松年町4-31","35.120818","136.87483"
"名古屋掖済会病院　立体駐車場","愛知県名古屋市中川区松年町4-66","35.11857","136.872692"
"メゾン岡田かすもり","愛知県名古屋市中川区松葉町2-23","35.152104","136.8644"
"野田コミュニティセンター","愛知県名古屋市中川区上高畑1-179-2","35.145513","136.856785"
"たかはた荘３棟","愛知県名古屋市中川区上高畑2-180","35.14395","136.854334"
"たかはた荘Ａ棟","愛知県名古屋市中川区上高畑2-180","35.143976","136.853724"
"たかはた荘２棟","愛知県名古屋市中川区上高畑2-180","35.143923","136.854877"
"たかはた荘１棟","愛知県名古屋市中川区上高畑2-180","35.143891","136.855491"
"シティファミリー上流","愛知県名古屋市中川区上流町1-35-1","35.133511","136.863393"
"上流荘","愛知県名古屋市中川区上流町1-8-1","35.134102","136.863331"
"フルリールメゾン","愛知県名古屋市中川区上流町2-95","35.131617","136.86361"
"ヒロタマンション","愛知県名古屋市中川区上脇町2-146","35.13559","136.870236"
"宮田荘１０棟","愛知県名古屋市中川区新家1-1101","35.159105","136.808247"
"宮田荘１１棟","愛知県名古屋市中川区新家1-1102","35.159095","136.807617"
"宮田荘１２棟","愛知県名古屋市中川区新家1-1202","35.158552","136.808258"
"宮田荘１３棟","愛知県名古屋市中川区新家1-1203","35.158569","136.807675"
"宮田荘１４棟","愛知県名古屋市中川区新家1-1301","35.158586","136.806911"
"宮田荘１５棟","愛知県名古屋市中川区新家1-703","35.15853","136.809047"
"シティファミリー宮田Ａ棟","愛知県名古屋市中川区新家1-704","35.15906","136.80907"
"新家中央公園","愛知県名古屋市中川区新家3","35.157289","136.802693"
"医療法人　幸会　老人保健施設みず里","愛知県名古屋市中川区水里1-23","35.129835","136.811239"
"特別養護老人ホーム　豊治共愛の里","愛知県名古屋市中川区水里5-757","35.125794","136.802091"
"オリエントグリーンハイツ澄池","愛知県名古屋市中川区澄池町12-28","35.151602","136.875813"
"清船荘","愛知県名古屋市中川区清船町1-1-12","35.139115","136.874908"
"県営　清船南住宅　１棟","愛知県名古屋市中川区清船町3-1-1","35.135659","136.875027"
"県営　清船南住宅　２棟","愛知県名古屋市中川区清船町3-1-1","35.135109","136.87495"
"第２三栄ハイツ","愛知県名古屋市中川区西中島1-506","35.120501","136.849171"
"第２中柳ハイツ","愛知県名古屋市中川区西中島1-510","35.1201","136.848396"
"グランド三栄","愛知県名古屋市中川区西中島1-603","35.120774","136.849097"
"西中島小学校","愛知県名古屋市中川区西中島2-301","35.122144","136.847403"
"カサ・フェリス中柳","愛知県名古屋市中川区西中島2-502","35.119814","136.847523"
"ＯＳ・ＳＫＹマンション西中島Ⅱ","愛知県名古屋市中川区西中島2-606","35.121025","136.846361"
"西一ビル","愛知県名古屋市中川区西日置1-3-8","35.157185","136.89162"
"レインボー日置","愛知県名古屋市中川区西日置2-10-1","35.155847","136.8902"
"広見コミュニティセンター","愛知県名古屋市中川区西日置2-16-1","35.156287","136.88927"
"県営　伏屋第一住宅　２棟","愛知県名古屋市中川区西伏屋3-401","35.140213","136.821248"
"石場荘","愛知県名古屋市中川区石場町1-50","35.14878","136.883445"
"赤星小学校","愛知県名古屋市中川区赤星3-302","35.16106","136.810271"
"宮田荘１棟","愛知県名古屋市中川区赤星3-501","35.161424","136.808854"
"宮田荘３棟","愛知県名古屋市中川区赤星3-501","35.161078","136.809316"
"宮田荘５棟","愛知県名古屋市中川区赤星3-503","35.160319","136.808986"
"赤星コミュニティセンター","愛知県名古屋市中川区赤星3-503","35.159992","136.808784"
"宮田荘１６棟","愛知県名古屋市中川区赤星3-503","35.159986","136.809112"
"宮田荘２棟","愛知県名古屋市中川区赤星3-901","35.161383","136.808053"
"宮田荘６棟","愛知県名古屋市中川区赤星3-905","35.160447","136.807697"
"宮田荘４棟","愛知県名古屋市中川区赤星3-905","35.160846","136.808195"
"宮田荘７棟","愛知県名古屋市中川区赤星3-905","35.160089","136.807661"
"宮田荘８棟","愛知県名古屋市中川区赤星3-905","35.160253","136.806927"
"宮田荘９棟","愛知県名古屋市中川区赤星3-912","35.160337","136.806304"
"千音寺小学校","愛知県名古屋市中川区千音寺4-147","35.15711","136.81647"
"千音寺荘８棟","愛知県名古屋市中川区千音寺5-1036","35.155128","136.811417"
"千音寺荘４棟","愛知県名古屋市中川区千音寺5-1036","35.153966","136.811323"
"千音寺荘５棟","愛知県名古屋市中川区千音寺5-1036","35.15435","136.812324"
"千音寺荘６棟","愛知県名古屋市中川区千音寺5-1036","35.154457","136.811396"
"千音寺荘７棟","愛知県名古屋市中川区千音寺5-1036","35.155081","136.812448"
"千音寺荘３棟","愛知県名古屋市中川区千音寺5-1036","35.153863","136.812172"
"千音寺荘１棟","愛知県名古屋市中川区千音寺5-1108","35.153229","136.812165"
"千音寺荘２棟","愛知県名古屋市中川区千音寺5-1108","35.153318","136.811289"
"長須賀小学校","愛知県名古屋市中川区前田西町1-1001","35.140221","136.830111"
"ニューコーポ伏屋","愛知県名古屋市中川区前田西町2-1003","35.136856","136.831121"
"県営　西前田住宅　２棟","愛知県名古屋市中川区前田西町2-201","35.137682","136.832839"
"県営　西前田住宅　１棟","愛知県名古屋市中川区前田西町2-201","35.138073","136.832561"
"西前田小学校","愛知県名古屋市中川区前田西町3-1001","35.13654","136.832385"
"松葉公園","愛知県名古屋市中川区太平通1","35.14167","136.86962"
"篠原コミュニティセンター","愛知県名古屋市中川区太平通3-10","35.136664","136.869421"
"サンモールタナカ","愛知県名古屋市中川区太平通5-38","35.13251","136.86862"
"打出荘１棟","愛知県名古屋市中川区打出1-68","35.139366","136.84171"
"打出荘２棟","愛知県名古屋市中川区打出1-68","35.13929","136.841031"
"医療法人生生会　松蔭病院（中央病棟）","愛知県名古屋市中川区打出2-70","35.135632","136.839223"
"医療法人生生会　松蔭病院（南病棟）","愛知県名古屋市中川区打出2-70","35.135421","136.83913"
"クレアーレ浅井","愛知県名古屋市中川区打中1-31","35.140317","136.842886"
"ユーハウス蜆橋","愛知県名古屋市中川区大山町64","35.129244","136.87863"
"万場北荘４棟","愛知県名古屋市中川区大地1-1","35.163481","136.831856"
"万場北荘３棟","愛知県名古屋市中川区大地1-2","35.1625","136.832308"
"万場北荘１棟","愛知県名古屋市中川区大地1-2","35.161558","136.832406"
"万場北荘２棟","愛知県名古屋市中川区大地1-2","35.162026","136.832392"
"万場荘４棟","愛知県名古屋市中川区大地1-6","35.160411","136.832167"
"万場荘３棟","愛知県名古屋市中川区大地1-6","35.160394","136.832741"
"万場荘１棟","愛知県名古屋市中川区大地1-7","35.1594","136.833578"
"万場荘２棟","愛知県名古屋市中川区大地1-7","35.159787","136.833155"
"マリポーサ上田","愛知県名古屋市中川区大当郎2-1501","35.132507","136.830896"
"カーサフェリス大畑","愛知県名古屋市中川区大畑町1-15-4","35.132913","136.867287"
"長良中学校","愛知県名古屋市中川区大畑町1-3-1","35.133976","136.866353"
"コーポ奈津","愛知県名古屋市中川区大畑町2-14-1","35.131293","136.866576"
"ファミール大畑","愛知県名古屋市中川区大畑町2-14-2","35.131275","136.865999"
"丸池公園","愛知県名古屋市中川区中花町","35.13107","136.84601"
"ＫＳグリーンホームズ","愛知県名古屋市中川区中郷1-228","35.137325","136.848597"
"荒子コミュニティセンター","愛知県名古屋市中川区中郷2-164","35.138196","136.84499"
"ＫＳプラネット","愛知県名古屋市中川区中郷3-290","35.133499","136.847946"
"ＬＯＥ高畑","愛知県名古屋市中川区中郷4-191","35.132613","136.850869"
"荒子小学校","愛知県名古屋市中川区中郷4-234","35.134057","136.849837"
"一柳中学校","愛知県名古屋市中川区中郷4-235","35.133655","136.848686"
"打出水処理センター（水処理施設上屋・地元利用施設）","愛知県名古屋市中川区中須町122","35.137162","136.838649"
"中島中央公園","愛知県名古屋市中川区中島新町2","35.12846","136.85274"
"中島小学校","愛知県名古屋市中川区中島新町2-401","35.127722","136.852666"
"県営　中川住宅　５棟","愛知県名古屋市中川区中島新町2-801","35.127389","136.849887"
"県営　中川住宅　４棟","愛知県名古屋市中川区中島新町2-801","35.126879","136.850024"
"県営　中川住宅　７棟","愛知県名古屋市中川区中島新町2-801","35.128596","136.849973"
"県営　中川住宅　６棟","愛知県名古屋市中川区中島新町2-801","35.128004","136.849512"
"パーシモンガーデン","愛知県名古屋市中川区中島新町4-1312","35.12345","136.852925"
"昭和橋小学校","愛知県名古屋市中川区中野新町7-51-1","35.126126","136.871548"
"ＧＯＬＤ玉越　中川店","愛知県名古屋市中川区長須賀1-203","35.151452","136.825423"
"光立マンション","愛知県名古屋市中川区長良町3-11","35.150469","136.8687"
"長良荘","愛知県名古屋市中川区長良町3-30","35.149335","136.871913"
"野田公園","愛知県名古屋市中川区土野町","35.14559","136.84141"
"新東起荘","愛知県名古屋市中川区東起町1-15-1","35.123061","136.843393"
"シティライフ東起","愛知県名古屋市中川区東起町1-66-1","35.122613","136.842743"
"春田小学校","愛知県名古屋市中川区東春田2-243","35.140498","136.818433"
"富田中学校","愛知県名古屋市中川区東春田2-72","35.142919","136.81675"
"中島荘１棟","愛知県名古屋市中川区東中島町1-41","35.127471","136.861085"
"中島荘３棟","愛知県名古屋市中川区東中島町2-1","35.126544","136.861107"
"中島荘２棟","愛知県名古屋市中川区東中島町2-1","35.127025","136.861123"
"中島荘４棟","愛知県名古屋市中川区東中島町3-1-1","35.12603","136.861152"
"カーサ日比野","愛知県名古屋市中川区南八熊町4-3","35.138829","136.892403"
"レインボー二女子","愛知県名古屋市中川区二女子町1-8-1","35.14595","136.881354"
"ＦＯＲＭ　ＧＰ","愛知県名古屋市中川区二女子町6-86","35.142201","136.88032"
"ヤマトマンション馬手","愛知県名古屋市中川区馬手町1-98","35.129954","136.864612"
"サンドミール","愛知県名古屋市中川区馬手町2-94","35.128349","136.866222"
"畑田荘７棟","愛知県名古屋市中川区畑田町2-6","35.123344","136.859885"
"ＮＡＴＵＲＥ　ＡＮＤ　ＡＩＲ","愛知県名古屋市中川区畑田町3-43-1","35.123024","136.858072"
"八家公園","愛知県名古屋市中川区八家町2","35.13039","136.8726"
"リバーハイツ新橋","愛知県名古屋市中川区八熊1-2-3","35.140957","136.895899"
"カーサ八熊通","愛知県名古屋市中川区八熊1-3-21","35.140214","136.895311"
"八熊小学校","愛知県名古屋市中川区八熊1-8-30","35.140766","136.894303"
"メゾン大成","愛知県名古屋市中川区八熊1-9-20","35.140285","136.893997"
"サンメゾン八熊","愛知県名古屋市中川区八熊3-17-3","35.140829","136.887917"
"八幡小学校","愛知県名古屋市中川区八熊通5-4","35.140616","136.883503"
"エトワール八田","愛知県名古屋市中川区八田町1813","35.14858","136.853518"
"㈱矢木楽器店本社ビル","愛知県名古屋市中川区八田町1902","35.147413","136.853663"
"パークハウス八田","愛知県名古屋市中川区八田町2304","35.148024","136.852695"
"ルフィール八田","愛知県名古屋市中川区八田町2306","35.14779","136.85287"
"メイプル八田","愛知県名古屋市中川区八田町605","35.147399","136.854735"
"三十三銀行八田社宅","愛知県名古屋市中川区八田本町46","35.145909","136.848446"
"コーポ中野","愛知県名古屋市中川区八幡本通2-27","35.147094","136.879363"
"昭和橋中学校","愛知県名古屋市中川区八劔町1-9","35.126379","136.88331"
"Ｋプランドール","愛知県名古屋市中川区尾頭橋3-15-11","35.144395","136.889112"
"ロイヤル尾頭橋","愛知県名古屋市中川区尾頭橋3-18-26","35.145961","136.889142"
"ＦＱビル","愛知県名古屋市中川区尾頭橋3-4-3","35.143857","136.892635"
"ネオカーサ西金山","愛知県名古屋市中川区尾頭橋3-9-5","35.145879","136.891417"
"八熊コミュニティセンター","愛知県名古屋市中川区尾頭橋4-5-24","35.146454","136.888818"
"富永自治会集会所","愛知県名古屋市中川区富永3-91","35.125242","136.807304"
"オーネスト戸田川","愛知県名古屋市中川区富永4-266","35.121235","136.805278"
"オーネスト紫の郷","愛知県名古屋市中川区富永4-278","35.120993","136.804609"
"中川生涯学習センター","愛知県名古屋市中川区富川町1-2-12","35.147195","136.877689"
"富田高等学校","愛知県名古屋市中川区富田町榎津上鵜垂111","35.138765","136.821932"
"フィール　富田店","愛知県名古屋市中川区富田町大字榎津字東乗江600","35.136455","136.820266"
"カーマホームセンター中川富田店","愛知県名古屋市中川区富田町大字榎津字布部田462","35.135996","136.818563"
"スーパースポーツゼビオ　名古屋富田店","愛知県名古屋市中川区富田町大字榎津西乗江525-2","35.137475","136.820293"
"富田公園","愛知県名古屋市中川区富田町大字服部字鵜ノ首","35.14692","136.81021"
"クオーレ","愛知県名古屋市中川区伏屋3-1203-1","35.139397","136.828079"
"昴フシヤ","愛知県名古屋市中川区伏屋3-1204-1","35.139219","136.827853"
"恒川建設株式会社　事務所","愛知県名古屋市中川区服部1-1404","35.150967","136.815613"
"はとり中学校","愛知県名古屋市中川区服部2-1701","35.148027","136.814955"
"ミストラル","愛知県名古屋市中川区服部3-1511","35.148552","136.811213"
"メゾンドＵＭ","愛知県名古屋市中川区福川町3-1-24","35.127597","136.877495"
"ボンメゾン","愛知県名古屋市中川区福船町5-2-5","35.124695","136.875079"
"医療法人　開生会　老人保健施設ラベンダー","愛知県名古屋市中川区福島1-148","35.122446","136.80024"
"シーズンコート高畑","愛知県名古屋市中川区法華西町71","35.130755","136.844561"
"愛知小学校","愛知県名古屋市中川区豊成町1-35","35.155658","136.878055"
"工業高等学校","愛知県名古屋市中川区北江町3-13","35.126532","136.8653"
"万場南荘","愛知県名古屋市中川区万場1-101","35.157314","136.834994"
"県営　万場東住宅　東棟","愛知県名古屋市中川区万場1-1101","35.15609","136.835436"
"県営　万場東住宅　南棟","愛知県名古屋市中川区万場1-1101","35.155808","136.834969"
"万場川東公園","愛知県名古屋市中川区万場4","35.152181","136.827963"
"万場小学校","愛知県名古屋市中川区万場4-1106","35.153862","136.826274"
"野田小学校","愛知県名古屋市中川区野田1-545","35.14221","136.846754"
"県立中川青和高等学校","愛知県名古屋市中川区野田3-280","35.143076","136.839764"
"ＫＴハウス","愛知県名古屋市中川区柳島町4-39","35.147894","136.879749"
"露橋公園周辺","愛知県名古屋市中川区露橋1","35.1484","136.88678"
"サンつゆはし","愛知県名古屋市中川区露橋1-30-24","35.150285","136.885827"
"露橋小学校","愛知県名古屋市中川区露橋1-9-41","35.149821","136.886658"
"ナゴヤ球場","愛知県名古屋市中川区露橋2-12-1","35.148141","136.886201"
"露橋コミュニティセンター","愛知県名古屋市中川区露橋2-13-1","35.149209","136.88758"
"露橋スポーツセンター","愛知県名古屋市中川区露橋2-14-1","35.149043","136.885572"
"稲西小学校","愛知県名古屋市中村区稲西町88","35.16599","136.838744"
"稲葉地公園","愛知県名古屋市中村区稲葉地町1","35.16681","136.84528"
"稲葉地コミュニティセンター","愛知県名古屋市中村区稲葉地町1-47","35.166355","136.846178"
"県営　稲葉地第２住宅　２棟","愛知県名古屋市中村区稲葉地町1-74","35.165545","136.844534"
"県営　稲葉地第２住宅　１棟","愛知県名古屋市中村区稲葉地町1-74","35.165451","136.845071"
"県営　稲葉地第２住宅　３棟","愛知県名古屋市中村区稲葉地町1-74","35.165799","136.844689"
"稲西コミュニティセンター","愛知県名古屋市中村区稲葉地町2-16-5","35.16709","136.843213"
"同朋学園","愛知県名古屋市中村区稲葉地町7-1","35.163893","136.843106"
"豊正中学校","愛知県名古屋市中村区稲葉地町7-1-2","35.163516","136.846898"
"県営　稲葉地住宅　３棟","愛知県名古屋市中村区稲葉地町8-1","35.162244","136.847388"
"県営　稲葉地住宅　４棟","愛知県名古屋市中村区稲葉地町8-1","35.162613","136.847312"
"県営　稲葉地住宅　２棟","愛知県名古屋市中村区稲葉地町8-1","35.161823","136.847312"
"県営　稲葉地住宅　１棟","愛知県名古屋市中村区稲葉地町8-1","35.161467","136.847198"
"大正橋緑地","愛知県名古屋市中村区稲葉地町字鶉野","35.16546","136.83526"
"県立松蔭高等学校","愛知県名古屋市中村区烏森町2-2","35.155356","136.861293"
"柳小学校","愛知県名古屋市中村区烏森町2-25","35.154492","136.861042"
"かすもり荘","愛知県名古屋市中村区烏森町5-26","35.156406","136.855824"
"ロイヤルピジョンライズ","愛知県名古屋市中村区烏森町6-191","35.15249","136.854004"
"押木田公園","愛知県名古屋市中村区押木田町1","35.16445","136.85826"
"万場大橋緑地一帯","愛知県名古屋市中村区横井1","35.14495","136.83029"
"八社コミュニティセンター","愛知県名古屋市中村区横井1-378","35.149043","136.832664"
"グランドール横前","愛知県名古屋市中村区横前町566","35.148532","136.840374"
"米野公園","愛知県名古屋市中村区黄金通2","35.16283","136.87299"
"中村荘","愛知県名古屋市中村区乾出町4-10","35.1649","136.85614"
"御田中学校","愛知県名古屋市中村区岩塚町2-10","35.156576","136.851151"
"岩塚コミュニティセンター","愛知県名古屋市中村区岩塚町3-192","35.15577","136.847213"
"岩塚小学校","愛知県名古屋市中村区岩塚町4-17","35.156803","136.846066"
"リーデンススクエア八田","愛知県名古屋市中村区岩塚町字一里山1-7","35.152354","136.843419"
"ロジポート名古屋","愛知県名古屋市中村区岩塚町字高道1-1","35.152817","136.848038"
"岩塚プラザ","愛知県名古屋市中村区岩塚本通1-33-1","35.158118","136.853677"
"ＭＳインテリジェンスビル","愛知県名古屋市中村区岩塚本通2-1-2","35.158079","136.851403"
"亀島ふれあいセンター","愛知県名古屋市中村区亀島1-5-30-2","35.176806","136.875784"
"県立中村高等学校","愛知県名古屋市中村区菊水町1-2-18","35.178199","136.850481"
"米野小学校","愛知県名古屋市中村区権現通1-28","35.163179","136.878064"
"黄金中学校","愛知県名古屋市中村区権現通4-28","35.163085","136.870348"
"シティファミリー向島Ａ棟","愛知県名古屋市中村区向島町5-28-8","35.162345","136.851127"
"シティファミリー向島Ｂ棟","愛知県名古屋市中村区向島町5-28-8","35.161942","136.851123"
"日比津コミュニティセンター","愛知県名古屋市中村区高道町1-6-3","35.182142","136.866058"
"日比津小学校","愛知県名古屋市中村区高道町2-1-30","35.183459","136.864352"
"日比津中学校","愛知県名古屋市中村区高道町2-2-36","35.182631","136.864352"
"笈瀬中学校","愛知県名古屋市中村区佐古前町5-4","35.18018","136.871448"
"千成コミュニティセンター","愛知県名古屋市中村区砂田町1-12","35.16725","136.852935"
"中村区役所等複合庁舎","愛知県名古屋市中村区松原町1-23-1","35.17683","136.868423"
"本陣コミュニティセンター","愛知県名古屋市中村区松原町4-68","35.174154","136.869555"
"ほのか小学校","愛知県名古屋市中村区松原町5-5","35.174172","136.8718"
"日吉小学校","愛知県名古屋市中村区城主町1-1","35.165587","136.867117"
"名城大学附属高等学校","愛知県名古屋市中村区新富町1-3-16","35.188681","136.866644"
"豊臣小学校","愛知県名古屋市中村区森末町2-1","35.177437","136.861769"
"豊臣コミュニティセンター","愛知県名古屋市中村区森末町4-106","35.176398","136.858386"
"諏訪小学校","愛知県名古屋市中村区諏訪町2-6-7","35.178991","136.853946"
"日吉コミュニティセンター","愛知県名古屋市中村区西米野町4-40","35.166264","136.866107"
"則武コミュニティセンター","愛知県名古屋市中村区則武2-8-17","35.171444","136.877138"
"米野コミュニティセンター","愛知県名古屋市中村区太閤2-3-11","35.162757","136.880888"
"牧野コミュニティセンター","愛知県名古屋市中村区太閤3-7-57","35.165277","136.878567"
"牧野小学校","愛知県名古屋市中村区竹橋町3-4","35.16895","136.87704"
"中村小学校","愛知県名古屋市中村区中村町1-72","35.173809","136.858606"
"中村コミュニティセンター","愛知県名古屋市中村区中村町7-84-2","35.171443","136.853701"
"名古屋競輪場","愛知県名古屋市中村区中村町字高畑68","35.176001","136.854358"
"中村スポーツセンター","愛知県名古屋市中村区中村町字待屋43-1","35.174304","136.856971"
"中村生涯学習センター","愛知県名古屋市中村区鳥居通3-1-3","35.174649","136.864826"
"中村公園","愛知県名古屋市中村区東宿町1","35.17488","136.85411"
"千成小学校","愛知県名古屋市中村区日ノ宮町1-120","35.16218","136.858295"
"日比津公園","愛知県名古屋市中村区日比津町1","35.18365","136.85872"
"諏訪コミュニティセンター","愛知県名古屋市中村区日比津町1-16-14","35.182117","136.858988"
"枇杷島橋緑地","愛知県名古屋市中村区日比津町字川東","35.1837","136.85325"
"八社小学校","愛知県名古屋市中村区八社1-199-2","35.151639","136.83899"
"ロイヤルピジョン八田","愛知県名古屋市中村区並木2-256","35.150299","136.852638"
"豊国中学校","愛知県名古屋市中村区北畑町1-8","35.159783","136.868214"
"大榮産業株式会社","愛知県名古屋市中村区本陣通4-18","35.178029","136.861708"
"新明コミュニティセンター","愛知県名古屋市中村区名駅3-17-3","35.173124","136.88666"
"笹島小学校・笹島中学校","愛知県名古屋市中村区名駅4-19-1","35.170637","136.889048"
"六反公園","愛知県名古屋市中村区名駅南4","35.16082","136.88789"
"六反コミュニティセンター","愛知県名古屋市中村区名駅南4-4-7","35.161228","136.888048"
"星槎名古屋中学校","愛知県名古屋市中村区名駅南4-6-38","35.159921","136.888109"
"ＤＣＭカーマ　八田店","愛知県名古屋市中村区野田町字経田64","35.147733","136.844323"
"稲葉地小学校","愛知県名古屋市中村区靖国町3-20","35.16998","136.84711"
"山根コミュニティセンター","愛知県名古屋市天白区一つ山3-24","35.109901","136.978107"
"名城大学（天白校舎）","愛知県名古屋市天白区塩釜口1-501","35.135149","136.974477"
"八事東小学校","愛知県名古屋市天白区音聞山1801","35.128655","136.969216"
"相生コミュニティセンター","愛知県名古屋市天白区久方1-148","35.106268","136.976175"
"戸笠公園","愛知県名古屋市天白区久方3","35.10348","136.97742"
"久方中学校","愛知県名古屋市天白区久方3-163","35.105017","136.982885"
"相生小学校","愛知県名古屋市天白区境根町36","35.10752","136.97334"
"植田コミュニティセンター","愛知県名古屋市天白区元植田2-301","35.134965","136.990746"
"八事東コミュニティセンター","愛知県名古屋市天白区元八事2-48-1","35.123601","136.967301"
"原中学校","愛知県名古屋市天白区原4-1902-1","35.120529","136.994491"
"原コミュニティセンター","愛知県名古屋市天白区原4-1902-3","35.12018","136.994176"
"原小学校","愛知県名古屋市天白区原5-601","35.119541","136.995482"
"若宮商業高等学校","愛知県名古屋市天白区古川町76","35.102738","136.950669"
"御幸山特別緑地保全地区","愛知県名古屋市天白区御幸山","35.12998","136.97221"
"御幸山中学校","愛知県名古屋市天白区御幸山1001","35.131135","136.972307"
"平針小学校","愛知県名古屋市天白区向が丘1-620","35.118553","137.004129"
"たかしま小学校","愛知県名古屋市天白区高坂町89","35.108043","136.986075"
"高坂コミュニティセンター","愛知県名古屋市天白区高坂町93","35.109927","136.98752"
"しまだコミュニティセンター","愛知県名古屋市天白区高島1-117-2","35.108567","136.996771"
"島田緑地","愛知県名古屋市天白区高島2","35.10609","137.00034"
"植田北コミュニティセンター","愛知県名古屋市天白区鴻の巣1-203","35.144356","136.995042"
"南天白中学校","愛知県名古屋市天白区笹原町101","35.112738","136.960253"
"山根小学校","愛知県名古屋市天白区山根町189","35.111613","136.973087"
"植田北小学校","愛知県名古屋市天白区焼山2-1302","35.142093","136.993749"
"植田南コミュニティセンター","愛知県名古屋市天白区植田1-810","35.130436","136.987747"
"天白スポーツセンター","愛知県名古屋市天白区植田3-1502","35.127077","136.989975"
"植田南小学校","愛知県名古屋市天白区植田3-301","35.129334","136.990257"
"天白特別支援学校","愛知県名古屋市天白区植田山2-101","35.146351","136.986115"
"植田東小学校","愛知県名古屋市天白区植田東3-1003-1","35.130989","136.996322"
"植田中央公園","愛知県名古屋市天白区植田本町1","35.13815","136.99322"
"植田小学校","愛知県名古屋市天白区植田本町1-1201","35.136354","136.992485"
"植田中学校","愛知県名古屋市天白区植田本町1-702","35.136958","136.992581"
"みつば保育園","愛知県名古屋市天白区大根町57","35.11148","136.990103"
"大坪小学校","愛知県名古屋市天白区大坪2-1601","35.136829","136.981531"
"大坪コミュニティセンター","愛知県名古屋市天白区大坪2-1901-3","35.135184","136.980752"
"島田公園","愛知県名古屋市天白区池場1","35.12455","136.98222"
"天白小学校","愛知県名古屋市天白区池場2-1109","35.122547","136.982653"
"天白中学校","愛知県名古屋市天白区池場5-1014","35.118851","136.981755"
"野並公園","愛知県名古屋市天白区中坪町","35.10819","136.950756"
"平針中学校","愛知県名古屋市天白区中平4-701","35.113546","137.000084"
"天白公園","愛知県名古屋市天白区天白町大字島田字黒石","35.1172","136.98942"
"天白生涯学習センター","愛知県名古屋市天白区天白町大字島田字黒石4050","35.117805","136.986621"
"天白川緑地","愛知県名古屋市天白区天白町大字島田字大下","35.11718","136.96234"
"天白渓下池公園","愛知県名古屋市天白区天白町大字八事字裏山","35.13787","136.97845"
"荒池緑地","愛知県名古屋市天白区天白町大字平針字黒石","35.11397","137.01107"
"相生山緑地","愛知県名古屋市天白区天白町大字野並字上新田","35.10414","136.96227"
"天白コミュニティセンター","愛知県名古屋市天白区島田3-912","35.120018","136.978526"
"表山コミュニティセンター","愛知県名古屋市天白区八事石坂302-2","35.135594","136.964439"
"表山小学校","愛知県名古屋市天白区表山2-701","35.130874","136.964893"
"平針北コミュニティセンター","愛知県名古屋市天白区平針1-1415","35.125782","137.001554"
"平針北小学校","愛知県名古屋市天白区平針1-501","35.127556","137.002726"
"細口池公園","愛知県名古屋市天白区平針南1","35.11261","137.00234"
"平針南コミュニティセンター","愛知県名古屋市天白区平針南1-113","35.111416","137.002157"
"平針南小学校","愛知県名古屋市天白区平針南4-402","35.107129","137.010089"
"保呂公園","愛知県名古屋市天白区保呂町","35.118883","136.968356"
"野並小学校","愛知県名古屋市天白区野並1-60","35.108832","136.955562"
"野並コミュニティセンター","愛知県名古屋市天白区野並2-391","35.104989","136.957115"
"東生涯学習センター","愛知県名古屋市東区葵1-3-21","35.172834","136.920441"
"葵小学校","愛知県名古屋市東区葵1-5-1","35.173254","136.922135"
"葵コミュニティセンター","愛知県名古屋市東区葵3-2-9","35.172268","136.928241"
"名古屋中学校・高等学校","愛知県名古屋市東区砂田橋2-1-58","35.189543","136.956823"
"大幸第二公園","愛知県名古屋市東区砂田橋3","35.18902","136.96111"
"砂田橋小学校","愛知県名古屋市東区砂田橋3-1-13","35.18867","136.959464"
"明倫小学校","愛知県名古屋市東区出来町1-8-1","35.181203","136.93517"
"県立旭丘高等学校","愛知県名古屋市東区出来町3-6-15","35.1838","136.939595"
"明倫コミュニティセンター","愛知県名古屋市東区出来町3-7-10","35.18269","136.938043"
"名古屋市教育館","愛知県名古屋市東区泉1-1-4","35.178108","136.908707"
"第一幼稚園","愛知県名古屋市東区泉1-1-42","35.177733","136.908687"
"宮前橋緑地一帯","愛知県名古屋市東区大幸3","35.19346","136.95535"
"矢田中学校周辺","愛知県名古屋市東区大幸南1","35.187379","136.950363"
"東スポーツセンター","愛知県名古屋市東区大幸南1-1-10","35.188758","136.947261"
"矢田中学校","愛知県名古屋市東区大幸南1-1-23","35.188097","136.950618"
"愛知教育大学附属名古屋中学校","愛知県名古屋市東区大幸南1-1-29","35.188297","136.954465"
"至学館高等学校","愛知県名古屋市東区大幸南2-1-10","35.187025","136.951863"
"東桜小学校","愛知県名古屋市東区東桜1-13-1","35.171874","136.91262"
"冨士中学校","愛知県名古屋市東区東桜1-7-1","35.173214","136.91269"
"桜丘中学校","愛知県名古屋市東区東大曽根町11-1","35.187736","136.932331"
"建中寺周辺","愛知県名古屋市東区筒井1","35.18008","136.92936"
"あずま中学校","愛知県名古屋市東区筒井1-1-1","35.180275","136.927077"
"筒井コミュニティセンター","愛知県名古屋市東区筒井1-14-24","35.177692","136.929297"
"筒井小学校","愛知県名古屋市東区筒井1-15-28","35.177583","136.928585"
"東海高等学校","愛知県名古屋市東区筒井1-2-35","35.180145","136.930412"
"県立愛知商業高等学校","愛知県名古屋市東区徳川1-12-1","35.179903","136.92539"
"徳川園","愛知県名古屋市東区徳川町","35.18451","136.93272"
"旭丘コミュニティセンター","愛知県名古屋市東区徳川町1303-2","35.184487","136.930041"
"旭丘小学校","愛知県名古屋市東区徳川町1601","35.185114","136.92916"
"名古屋拘置所","愛知県名古屋市東区白壁1-1","35.182172","136.910584"
"県立明和高等学校","愛知県名古屋市東区白壁2-32-6","35.1841","136.910062"
"金城学院中学校","愛知県名古屋市東区白壁3-24-67","35.185349","136.918024"
"金城学院高等学校","愛知県名古屋市東区白壁4-64","35.182955","136.918588"
"東白壁小学校","愛知県名古屋市東区白壁5-7","35.183186","136.921582"
"工芸高等学校","愛知県名古屋市東区芳野2-7-51","35.187271","136.922532"
"木ケ崎公園","愛知県名古屋市東区矢田3","35.19665","136.94609"
"名城大学　ナゴヤドーム前キャンパス","愛知県名古屋市東区矢田南4-102-9","35.189357","136.944091"
"矢田小学校","愛知県名古屋市東区矢田南4-4-1","35.19046","136.944889"
"山吹小学校","愛知県名古屋市東区橦木町2-24","35.179726","136.915031"
"県立名古屋工科高等学校","愛知県名古屋市南区阿原町1","35.086691","136.938987"
"桜台高等学校","愛知県名古屋市南区霞町21","35.103882","136.939579"
"春日野コミュニティセンター","愛知県名古屋市南区霞町77","35.104529","136.937618"
"ダイアパレス外山ヒルズ","愛知県名古屋市南区外山1-10-20","35.112424","136.942607"
"エーデルハイム成田","愛知県名古屋市南区外山1-10-31","35.113193","136.942566"
"ピアハウス外山","愛知県名古屋市南区外山1-2-7","35.115169","136.941133"
"三浦マンション３３","愛知県名古屋市南区観音町4-33","35.09826","136.906562"
"カワキタビル","愛知県名古屋市南区観音町5-41","35.10026","136.907442"
"道徳保育園","愛知県名古屋市南区観音町6-20","35.098765","136.907859"
"リバーサイド成栄（北）","愛知県名古屋市南区菊住1-1-5","35.115678","136.934595"
"リバーサイド成栄ガーデン","愛知県名古屋市南区菊住1-2-18","35.1156","136.934826"
"エレガンス笠原ビル","愛知県名古屋市南区菊住1-4-13","35.115959","136.936545"
"イオンモール新瑞橋","愛知県名古屋市南区菊住1-7-10","35.114709","136.93525"
"菊住小学校","愛知県名古屋市南区駈上1-12-37","35.114284","136.938025"
"菊住コミュニティセンター","愛知県名古屋市南区駈上1-14-13","35.113764","136.940038"
"リバーサイド新瑞","愛知県名古屋市南区駈上1-4-8","35.116893","136.939287"
"アプニール新瑞","愛知県名古屋市南区駈上1-9-12","35.115598","136.938786"
"大江川緑地一帯","愛知県名古屋市南区元塩町1","35.08269","136.91732"
"宝南コミュニティセンター","愛知県名古屋市南区元塩町1-20-6","35.084767","136.922516"
"オーキッドマンション星崎","愛知県名古屋市南区元塩町3-1-5","35.085609","136.925429"
"元塩荘４棟","愛知県名古屋市南区元塩町4-1","35.086547","136.927003"
"元塩荘８棟","愛知県名古屋市南区元塩町4-1","35.085862","136.926341"
"元塩荘６棟","愛知県名古屋市南区元塩町4-1","35.086134","136.92797"
"元塩荘５棟","愛知県名古屋市南区元塩町4-1","35.086427","136.926248"
"元塩荘３棟","愛知県名古屋市南区元塩町4-1","35.086685","136.927779"
"ウィング大江川","愛知県名古屋市南区元塩町4-15","35.084702","136.927396"
"県営　元塩東住宅　１棟","愛知県名古屋市南区元塩町5-1-3","35.0875","136.928603"
"柴田荘４棟","愛知県名古屋市南区元柴田西町1-1","35.073848","136.905655"
"柴田荘１棟","愛知県名古屋市南区元柴田西町1-1","35.073881","136.904999"
"柴田荘２棟","愛知県名古屋市南区元柴田西町1-19","35.073354","136.90482"
"柴田荘５棟","愛知県名古屋市南区元柴田西町1-29","35.072905","136.905642"
"柴田荘３棟","愛知県名古屋市南区元柴田西町1-29","35.072934","136.904928"
"柴田水処理センター（水処理施設上屋・地元利用施設）","愛知県名古屋市南区元柴田西町2-40","35.071879","136.90336"
"パークサイド幹","愛知県名古屋市南区元柴田東町1-21","35.073518","136.906751"
"つどいの館　和光","愛知県名古屋市南区元柴田東町2-20-2","35.07255","136.906203"
"中岡ビル","愛知県名古屋市南区元柴田東町2-31-1","35.072049","136.908176"
"グランピア星崎","愛知県名古屋市南区元鳴尾町47","35.078969","136.936848"
"あおいマンション","愛知県名古屋市南区源兵衛町1-35","35.07073","136.911225"
"わいわい長屋・グループホームいりゃあせ","愛知県名古屋市南区源兵衛町1-6","35.069604","136.910797"
"呼続公園","愛知県名古屋市南区呼続4","35.10728","136.93155"
"呼続小学校","愛知県名古屋市南区呼続4-17-10","35.107665","136.932939"
"呼続コミュニティセンター","愛知県名古屋市南区呼続4-4-60","35.107388","136.930416"
"新郊中学校","愛知県名古屋市南区呼続4-4-8","35.107805","136.931718"
"カーサ川並","愛知県名古屋市南区戸部下1-16-7","35.105817","136.918537"
"ニューユウチク","愛知県名古屋市南区戸部下1-3-18","35.10783","136.92135"
"戸部下住宅２棟","愛知県名古屋市南区戸部下1-9","35.106168","136.91901"
"戸部下住宅１棟","愛知県名古屋市南区戸部下1-9","35.106059","136.918023"
"リスタート","愛知県名古屋市南区戸部下2-6-20","35.103005","136.919661"
"桜小学校","愛知県名古屋市南区桜台2-13-38","35.107274","136.941174"
"桜コミュニティセンター","愛知県名古屋市南区桜台2-15-4","35.107293","136.940813"
"スカイハイツふ志","愛知県名古屋市南区三吉町1-63","35.072235","136.911456"
"ネスト三吉","愛知県名古屋市南区三吉町1-80","35.071868","136.912282"
"名南中学校","愛知県名古屋市南区三吉町5-43","35.072445","136.91814"
"千鳥小学校","愛知県名古屋市南区三吉町6-1","35.073849","136.919219"
"名古屋キリスト教社会館","愛知県名古屋市南区三吉町6-17","35.071073","136.919735"
"独立行政法人地域医療機能推進機構　中京病院（本館）","愛知県名古屋市南区三条1-1-10","35.109879","136.902017"
"サンシャイン伊藤","愛知県名古屋市南区三条1-4-30","35.108897","136.902381"
"県営　三条住宅　２棟","愛知県名古屋市南区三条1-6-1","35.105704","136.901686"
"県営　三条住宅　１棟","愛知県名古屋市南区三条1-6-1","35.106168","136.901891"
"県営　三条住宅　４棟","愛知県名古屋市南区三条1-7-3","35.106364","136.901225"
"県営　三条住宅　３棟","愛知県名古屋市南区三条1-7-3","35.105783","136.901214"
"ハイツサンルート","愛知県名古屋市南区三条2-4-12","35.10895","136.903637"
"東レ株式会社　熱田寮","愛知県名古屋市南区三条2-7-5","35.108354","136.903632"
"県営　七条住宅　２棟","愛知県名古屋市南区七条町1-3","35.096742","136.903853"
"県営　七条住宅　３棟","愛知県名古屋市南区七条町1-3","35.096522","136.903929"
"県営　七条住宅　１棟","愛知県名古屋市南区七条町1-3","35.097016","136.903821"
"サンヴェール柴田","愛知県名古屋市南区柴田町1-17-1","35.076754","136.91057"
"サンライズマンション","愛知県名古屋市南区柴田町1-5-1","35.075799","136.909867"
"アーベントビル","愛知県名古屋市南区柴田町2-10-1","35.074922","136.909943"
"柴田マンション","愛知県名古屋市南区柴田町6-14","35.071101","136.909657"
"Ｋスクエアサウス","愛知県名古屋市南区柴田本通2-1-2","35.074746","136.910328"
"宇佐美ビル","愛知県名古屋市南区柴田本通2-12-1","35.074343","136.911106"
"ハットリビル","愛知県名古屋市南区柴田本通3-13","35.073291","136.910895"
"ハートヒルズ柴田本通","愛知県名古屋市南区柴田本通4-10","35.071887","136.910612"
"特別養護老人ホームケアマキス柴田","愛知県名古屋市南区柴田本通4-15","35.072484","136.910727"
"笠東小学校","愛知県名古屋市南区芝町113","35.097217","136.944244"
"春日野小学校","愛知県名古屋市南区春日野町9-1","35.102113","136.939077"
"白水小学校","愛知県名古屋市南区松下町2-1","35.076516","136.913912"
"善常会リハビリテーション病院","愛知県名古屋市南区松池町1-11","35.100159","136.929817"
"宝呼続公園ハイツ","愛知県名古屋市南区城下町1-17","35.102677","136.926321"
"メゾン城下１２６","愛知県名古屋市南区城下町1-26","35.102488","136.926482"
"モリ薬局","愛知県名古屋市南区城下町2-12","35.102356","136.928123"
"メゾン福谷","愛知県名古屋市南区城下町3-45","35.10034","136.92853"
"サニーウェル神松","愛知県名古屋市南区神松町1-18","35.084001","136.915392"
"神松荘１棟西","愛知県名古屋市南区神松町1-28","35.083261","136.916075"
"神松荘１棟東","愛知県名古屋市南区神松町1-28","35.083228","136.916724"
"神松荘６棟","愛知県名古屋市南区神松町2-20","35.08345","136.918409"
"神松荘５棟","愛知県名古屋市南区神松町2-20","35.083894","136.918333"
"神松荘３棟","愛知県名古屋市南区神松町2-20","35.083469","136.917586"
"神松荘２棟","愛知県名古屋市南区神松町2-20","35.083886","136.917502"
"水袋公園","愛知県名古屋市南区神松町3","35.08424","136.91976"
"神松荘７棟","愛知県名古屋市南区神松町3-2","35.083449","136.919505"
"神松荘８棟","愛知県名古屋市南区神松町3-3","35.083038","136.919576"
"星崎学区公民館","愛知県名古屋市南区星崎1-52","35.08372","136.934623"
"小島ビル","愛知県名古屋市南区西又兵ヱ町2-101","35.094824","136.913564"
"大生荘１棟","愛知県名古屋市南区西又兵ヱ町3-57","35.093641","136.915171"
"大生荘２棟","愛知県名古屋市南区西又兵ヱ町3-57","35.09382","136.916118"
"大生小学校","愛知県名古屋市南区西又兵ヱ町3-76","35.094393","136.9171"
"第三大生荘１棟","愛知県名古屋市南区西又兵ヱ町4-42","35.09261","136.91672"
"第三大生荘２棟","愛知県名古屋市南区西又兵ヱ町4-42","35.092301","136.916788"
"大生ふれあいセンター","愛知県名古屋市南区西又兵ヱ町4-8-1","35.092755","136.914771"
"特別養護老人ホーム　南生苑","愛知県名古屋市南区西又兵ヱ町4-8-2","35.092767","136.91511"
"社会福祉法人ゆたか福祉会","愛知県名古屋市南区泉楽通4-5-5","35.096318","136.905082"
"真栄マンション第二泉楽","愛知県名古屋市南区泉楽通4-7-2","35.095616","136.906487"
"真栄マンション泉楽","愛知県名古屋市南区泉楽通4-7-3","35.095555","136.906226"
"南区役所","愛知県名古屋市南区前浜通3-10","35.095127","136.931212"
"笠寺コミュニティセンター","愛知県名古屋市南区前浜通5-2-31","35.09685","136.933805"
"アメニティ呼続公園","愛知県名古屋市南区曽池1-22","35.107372","136.928337"
"あさひハイツ１０８","愛知県名古屋市南区曽池町2-36","35.105773","136.927873"
"ライオンズマンション呼続公園","愛知県名古屋市南区曽池町2-39-2","35.105827","136.928321"
"ビレッジ近藤","愛知県名古屋市南区曽池町3-58","35.104276","136.928218"
"あいせい紀年病院","愛知県名古屋市南区曽池町4-28","35.103873","136.92822"
"セリゼ中村","愛知県名古屋市南区曽池町4-6","35.104185","136.928829"
"大同大学大同高等学校","愛知県名古屋市南区大同町2-21","35.080814","136.910138"
"大同特殊鋼㈱星崎工場体育館","愛知県名古屋市南区大同町2-30","35.07878","136.911884"
"レインボー柴田","愛知県名古屋市南区大同町5-32","35.077891","136.910757"
"リフィア桜テラス","愛知県名古屋市南区大堀町13-25","35.110444","136.948081"
"ＴＨコーポ大堀","愛知県名古屋市南区大堀町3-32","35.112409","136.949177"
"ドール大堀","愛知県名古屋市南区大堀町4-25","35.112414","136.948226"
"トーエネック教育センタークリエイトホール","愛知県名古屋市南区滝春町1-79","35.081067","136.908062"
"大同大学","愛知県名古屋市南区滝春町10-3","35.077471","136.905282"
"白水公園ハイツ","愛知県名古屋市南区滝春町19-1","35.076157","136.903857"
"滝春荘","愛知県名古屋市南区滝春町19-6","35.076926","136.90509"
"丹後荘","愛知県名古屋市南区丹後通1-1-16","35.076647","136.920306"
"宝小学校","愛知県名古屋市南区中割町2-5","35.088304","136.916288"
"桜田中学校","愛知県名古屋市南区中江1-4-52","35.106785","136.945485"
"忠道公園","愛知県名古屋市南区忠次1","35.09969","136.91661"
"新豊田荘２棟","愛知県名古屋市南区忠次2-3-11","35.10179","136.919921"
"新豊田荘１棟","愛知県名古屋市南区忠次2-4-28","35.101784","136.919005"
"豊田荘","愛知県名古屋市南区忠次2-4-31","35.102211","136.918792"
"上下水道局山崎水処理センター（管理棟）","愛知県名古屋市南区忠治2-3-96","35.100642","136.919128"
"本城中学校","愛知県名古屋市南区鳥山町3-1","35.095053","136.933215"
"クレインアヴェニュー","愛知県名古屋市南区鶴見通1-3-14","35.075592","136.912821"
"シャンポール鶴見","愛知県名古屋市南区鶴見通6-2-6","35.076138","136.920668"
"ユーハウス宝生","愛知県名古屋市南区堤起町1-1-1","35.0864","136.915102"
"エクシード","愛知県名古屋市南区堤起町1-41","35.084894","136.915148"
"ハイツマキⅡ","愛知県名古屋市南区堤起町2-41","35.085896","136.918308"
"堤起荘２棟","愛知県名古屋市南区堤起町3-1","35.086687","136.91947"
"堤起荘４棟","愛知県名古屋市南区堤起町3-1","35.086267","136.919622"
"堤起荘３棟","愛知県名古屋市南区堤起町3-1","35.086221","136.918878"
"堤起荘１棟","愛知県名古屋市南区堤起町3-1","35.08663","136.918792"
"宝南小学校","愛知県名古屋市南区堤起町3-48","35.08511","136.91961"
"ニューコーポ堤","愛知県名古屋市南区堤町2-96-2","35.095882","136.907587"
"千鳥公園","愛知県名古屋市南区天白町4","35.07185","136.92547"
"千鳥コミュニティセンター","愛知県名古屋市南区天白町4-22","35.072252","136.92484"
"ロジクロス名古屋笠寺","愛知県名古屋市南区東又兵ヱ町1-57-2","35.097368","136.92235"
"南生涯学習センター","愛知県名古屋市南区東又兵ヱ町5-1-10","35.096713","136.922653"
"県立名古屋南高等学校","愛知県名古屋市南区東又兵ヱ町5-1-11","35.095557","136.921564"
"日本ガイシスポーツプラザ","愛知県名古屋市南区東又兵ヱ町5-1-16","35.095846","136.923343"
"スポーツ振興会館","愛知県名古屋市南区東又兵ヱ町5-1-16","35.094574","136.923953"
"道徳公園","愛知県名古屋市南区道徳新町5","35.10401","136.90716"
"道徳小学校","愛知県名古屋市南区道徳新町5-43","35.10263","136.906983"
"大江中学校","愛知県名古屋市南区道徳新町5-48","35.103014","136.908207"
"交流センター道徳","愛知県名古屋市南区道徳通2-72","35.101393","136.907356"
"ぺルテ内田橋","愛知県名古屋市南区内田橋1-14-31","35.113619","136.905356"
"アクトピア神宮南","愛知県名古屋市南区内田橋1-26-6","35.113066","136.907742"
"介護老人保健施設　セントラル内田橋","愛知県名古屋市南区内田橋1-4-24","35.115007","136.90616"
"ストーク内田橋","愛知県名古屋市南区内田橋1-4-27","35.115388","136.906283"
"レジデンス内田橋","愛知県名古屋市南区内田橋1-7-2","35.114716","136.907591"
"キャティア内田橋","愛知県名古屋市南区内田橋2-19-4","35.114679","136.9086"
"サンハイツ大山","愛知県名古屋市南区内田橋2-24-2","35.114248","136.910743"
"須原ビル","愛知県名古屋市南区内田橋2-31-3","35.113291","136.909153"
"明治屋ビルディング","愛知県名古屋市南区内田橋2-37-4","35.112293","136.909318"
"山田ビル","愛知県名古屋市南区内田橋2-39-24","35.111122","136.909076"
"大丸　星崎店","愛知県名古屋市南区南野1-91","35.08129","136.92906"
"星崎運輸","愛知県名古屋市南区南野2-58","35.078759","136.927305"
"星崎小学校","愛知県名古屋市南区南野3-163","35.079099","136.931528"
"中部工業株式会社","愛知県名古屋市南区南野3-19","35.080826","136.929662"
"サンシャインＫＹＯＵＲＡＫＵ南　駐車場棟","愛知県名古屋市南区南陽通4-32","35.1059","136.902435"
"サンシャインＫＹＯＵＲＡＫＵ南　本館","愛知県名古屋市南区南陽通4-34","35.10474","136.90213"
"医療法人名南会　名南病院","愛知県名古屋市南区南陽通5-1-3","35.101679","136.90181"
"笠東コミュニティセンター","愛知県名古屋市南区白雲町57","35.097162","136.938663"
"白水公園一帯","愛知県名古屋市南区白水町","35.07478","136.90533"
"柴田小学校","愛知県名古屋市南区白水町19","35.075151","136.905316"
"ナンカイビル","愛知県名古屋市南区白水町37-8","35.076303","136.906458"
"南海ビル","愛知県名古屋市南区白水町38-5","35.077151","136.906656"
"だいどうクリニック","愛知県名古屋市南区白水町8","35.074688","136.908256"
"氷室荘Ａ棟","愛知県名古屋市南区氷室町19","35.106934","136.906198"
"氷室荘Ｃ棟","愛知県名古屋市南区氷室町19","35.106732","136.907071"
"氷室荘Ｄ棟","愛知県名古屋市南区氷室町19","35.107083","136.906981"
"氷室荘Ｂ棟","愛知県名古屋市南区氷室町19","35.106626","136.906278"
"ナビシティ道徳","愛知県名古屋市南区氷室町208","35.10812","136.908245"
"南光中学校","愛知県名古屋市南区浜田町4-119","35.087461","136.925972"
"元塩荘１棟","愛知県名古屋市南区浜田町4-120","35.087857","136.927186"
"元塩荘２棟","愛知県名古屋市南区浜田町4-120","35.087338","136.927431"
"バーデンハイム桃月","愛知県名古屋市南区平子1-2-5","35.116414","136.941082"
"月日教おうかんみち教会本部","愛知県名古屋市南区平子2-7-14","35.113325","136.945543"
"宝生荘１７棟","愛知県名古屋市南区宝生町1-41","35.088099","136.911967"
"宝生荘１６棟","愛知県名古屋市南区宝生町1-41","35.088391","136.91202"
"宝生荘１８棟","愛知県名古屋市南区宝生町1-41","35.087821","136.911889"
"宝生荘１４棟","愛知県名古屋市南区宝生町1-43","35.089333","136.912283"
"宝生荘１５棟","愛知県名古屋市南区宝生町1-43","35.08902","136.91216"
"宝生荘９棟（北・東部分）","愛知県名古屋市南区宝生町2-1","35.088603","136.914867"
"宝生荘１１棟","愛知県名古屋市南区宝生町2-1","35.08862","136.913892"
"宝コミュニティセンター","愛知県名古屋市南区宝生町2-2","35.087587","136.914289"
"宝生公園","愛知県名古屋市南区宝生町3","35.08426","136.91102"
"神松荘９棟","愛知県名古屋市南区宝生町4-32-1","35.083462","136.913898"
"ハイツＥＬＥＮＣＩＡ","愛知県名古屋市南区豊1-31-3","35.113197","136.914049"
"サンシャインミナミⅡ","愛知県名古屋市南区豊1-35-19","35.112864","136.914055"
"伝馬コミュニティセンター","愛知県名古屋市南区豊1-37-8","35.112969","136.912544"
"南豊住宅１棟","愛知県名古屋市南区豊2-12-50","35.10972","136.912586"
"南豊第二住宅２棟","愛知県名古屋市南区豊2-12-57","35.11044","136.913191"
"南豊第二住宅１棟","愛知県名古屋市南区豊2-12-57","35.11002","136.911589"
"ＲＥＡＲＵ　ＨＩＭＵＲＯ","愛知県名古屋市南区豊2-30-32","35.107974","136.910849"
"モラリス豊","愛知県名古屋市南区豊2-35-12","35.108025","136.913797"
"伝馬小学校","愛知県名古屋市南区豊2-38-9","35.109332","136.913843"
"明豊中学校","愛知県名古屋市南区豊2-39-3","35.108754","136.9152"
"南豊東住宅３棟","愛知県名古屋市南区豊4-18-69","35.109359","136.921344"
"南豊東住宅２棟","愛知県名古屋市南区豊4-18-69","35.108861","136.921343"
"南豊東住宅１棟","愛知県名古屋市南区豊4-18-69","35.108276","136.921021"
"フラット１","愛知県名古屋市南区豊田1-14-16","35.105095","136.910016"
"豊田小学校","愛知県名古屋市南区豊田1-19-23","35.105191","136.912302"
"丸美ロイヤル道徳","愛知県名古屋市南区豊田1-27-2","35.107609","136.910389"
"メディコート","愛知県名古屋市南区豊田1-30-1","35.107628","136.912072"
"サンシャインミナミ","愛知県名古屋市南区豊田2-4-16","35.107345","136.917135"
"フラット２","愛知県名古屋市南区豊田4-3-52","35.103932","136.909965"
"マルシェ小島","愛知県名古屋市南区豊田4-6-33","35.104001","136.91127"
"豊田コミュニティセンター","愛知県名古屋市南区豊田4-9-19","35.10421","136.913485"
"忠道公園住宅２棟","愛知県名古屋市南区豊田5-15","35.099493","136.915533"
"忠道公園住宅１棟","愛知県名古屋市南区豊田5-15","35.099877","136.91539"
"忠道マンションＡ棟","愛知県名古屋市南区豊田5-15-30","35.10097","136.915294"
"忠道マンションＢ棟","愛知県名古屋市南区豊田5-15-30","35.10049","136.915404"
"スーパービバホーム名古屋南店","愛知県名古屋市南区豊田5-21-1","35.101163","136.912927"
"県営　北頭住宅","愛知県名古屋市南区北頭町3-12","35.090555","136.918233"
"県営　北頭第二住宅　１棟","愛知県名古屋市南区北頭町3-13","35.090145","136.918266"
"県営　北頭第二住宅　２棟","愛知県名古屋市南区北頭町3-19","35.089687","136.918141"
"大磯コミュニティセンター","愛知県名古屋市南区北内町3-25","35.105249","136.9245"
"ラポール七宝","愛知県名古屋市南区北内町4-7","35.105273","136.925882"
"大磯小学校","愛知県名古屋市南区北内町5-1","35.103702","136.925411"
"笠寺小学校","愛知県名古屋市南区本星崎町本城765","35.090453","136.934765"
"ライフ＆シニアハウス神宮南井田","愛知県名古屋市南区明治1-14-53","35.112853","136.902848"
"アットホーム宮の渡し","愛知県名古屋市南区明治1-14-56","35.113289","136.903117"
"特別養護老人ホーム　内田橋清涼苑","愛知県名古屋市南区明治1-6-9","35.11595","136.90602"
"アーバンヒルズ明治","愛知県名古屋市南区明治2-10-30","35.109045","136.907203"
"明治コミュニティセンター","愛知県名古屋市南区明治2-14-1","35.111699","136.907124"
"プレスイン明治","愛知県名古屋市南区明治2-25-12","35.110295","136.908697"
"明治小学校","愛知県名古屋市南区明治2-3-50","35.110878","136.904788"
"氷室エーケーマンション","愛知県名古屋市南区明治2-32-14","35.108545","136.908356"
"白水コミュニティセンター","愛知県名古屋市南区鳴尾町字丹後江3023-3","35.07718","136.913158"
"白水荘１棟","愛知県名古屋市南区鳴尾町字丹後江3023-5","35.07718","136.91357"
"白水荘２棟","愛知県名古屋市南区鳴尾町字丹後江3023-5","35.07716","136.91427"
"白水シルバー住宅","愛知県名古屋市南区鳴尾町字丹後江3023-7","35.07704","136.91508"
"雀荘　葵","愛知県名古屋市南区鳴浜町3-5","35.075006","136.914961"
"県営　鳴浜住宅　２棟","愛知県名古屋市南区鳴浜町4-1","35.074336","136.916666"
"ヤマナカ・エディオン柴田店","愛知県名古屋市南区鳴浜町5-1-1","35.07449","136.91804"
"シャルマンコーポ北頭","愛知県名古屋市南区弥次ヱ町1-8","35.091011","136.920631"
"オーキッドマンション笠寺","愛知県名古屋市南区弥次ヱ町3-82-1","35.089172","136.923607"
"弥次ヱ荘１棟","愛知県名古屋市南区弥次ヱ町4-74","35.090351","136.924937"
"弥次ヱ荘３棟","愛知県名古屋市南区弥次ヱ町4-74","35.09079","136.92638"
"弥次ヱ荘２棟","愛知県名古屋市南区弥次ヱ町4-74","35.090492","136.925344"
"弥次ヱ荘８棟","愛知県名古屋市南区弥次ヱ町4-74-2","35.090086","136.926543"
"弥次ヱ荘９棟","愛知県名古屋市南区弥次ヱ町4-74-2","35.090614","136.925883"
"弥次ヱ荘７棟","愛知県名古屋市南区弥次ヱ町4-74-2","35.089665","136.92638"
"弥次ヱ荘６棟","愛知県名古屋市南区弥次ヱ町4-74-2","35.089861","136.925593"
"弥次ヱ荘５棟","愛知県名古屋市南区弥次ヱ町4-74-2","35.089773","136.925049"
"弥次ヱ荘４棟","愛知県名古屋市南区弥次ヱ町5-12","35.09091","136.92688"
"弥次ヱ荘１１棟","愛知県名古屋市南区弥次ヱ町5-12-1","35.090237","136.927213"
"弥次ヱ荘１０棟","愛知県名古屋市南区弥次ヱ町5-12-1","35.090961","136.927462"
"笠寺公園","愛知県名古屋市南区弥生町","35.09948","136.9405"
"コーポ富士徳","愛知県名古屋市南区薬師通1-24","35.107876","136.924196"
"社会館生活支援センター　ぴぼっと","愛知県名古屋市南区要町1-20","35.073391","136.920321"
"特別養護老人ホームはるかぜ","愛知県名古屋市南区要町4-13","35.075885","136.924102"
"ジョウナン　本社ビル","愛知県名古屋市南区六条町4-117","35.097208","136.902692"
"喜多村工業株式会社寮　松風荘","愛知県名古屋市熱田区一番1-1-7","35.127728","136.898731"
"特別養護老人ホーム　喜多乃郷","愛知県名古屋市熱田区一番2-12-20","35.12369","136.89634"
"船方荘","愛知県名古屋市熱田区一番2-40-16","35.121151","136.898764"
"日比野中学校南校舎","愛知県名古屋市熱田区一番3-2-60","35.126848","136.894421"
"旗屋コミュニティセンター","愛知県名古屋市熱田区横田1-1-13","35.133735","136.906883"
"レールシティ熱田","愛知県名古屋市熱田区横田2-3-2","35.131773","136.909177"
"高蔵小学校","愛知県名古屋市熱田区花町7-33","35.138557","136.901297"
"介護老人福祉施設　グレイスフル熱田","愛知県名古屋市熱田区花表町1-26","35.128329","136.916662"
"東海工業専門学校","愛知県名古屋市熱田区花表町19-14","35.124531","136.914689"
"熱田神宮公園","愛知県名古屋市熱田区旗屋1","35.13115","136.90212"
"ユーハウス神宮公園Ａ棟","愛知県名古屋市熱田区旗屋2-1-2","35.129134","136.901944"
"ユーハウス神宮公園Ｂ棟","愛知県名古屋市熱田区旗屋2-1-5","35.12925","136.902228"
"ユーハウス神宮公園Ｃ棟","愛知県名古屋市熱田区旗屋2-21-7","35.129089","136.902439"
"ファルコン熱田","愛知県名古屋市熱田区玉の井町7-6","35.130934","136.905233"
"金山荘","愛知県名古屋市熱田区金山町1-19-6","35.140765","136.899727"
"沢上中学校","愛知県名古屋市熱田区五本松町4-4","35.136758","136.901641"
"高蔵公園","愛知県名古屋市熱田区高蔵町","35.13554","136.90508"
"熱田消防署本署","愛知県名古屋市熱田区高蔵町4-9","35.136783","136.904569"
"愛知機械工業株式会社体育館","愛知県名古屋市熱田区三番町2-14","35.117845","136.893843"
"南特別支援学校","愛知県名古屋市熱田区三本松町23-26","35.128679","136.914815"
"三本松荘","愛知県名古屋市熱田区三本松町6-2","35.12777","136.913499"
"船方コミュニティセンター","愛知県名古屋市熱田区四番2-10-16","35.121416","136.892225"
"船方小学校","愛知県名古屋市熱田区四番2-10-43","35.122337","136.891927"
"熱田神宮","愛知県名古屋市熱田区神宮1","35.12441","136.90923"
"熱田区役所等複合施設南館","愛知県名古屋市熱田区神宮3-1-15","35.128373","136.910419"
"学校法人電波学園メディアセンター","愛知県名古屋市熱田区神宮3-5-11","35.127085","136.911266"
"白鳥コミュニティセンター","愛知県名古屋市熱田区神戸町802","35.119349","136.905988"
"エトワールポレール","愛知県名古屋市熱田区須賀町204","35.122373","136.905766"
"野立小学校","愛知県名古屋市熱田区青池町2-21","35.135415","136.88956"
"ラコ・フォルテＶ","愛知県名古屋市熱田区青池町3-63","35.133363","136.889426"
"メゾンＴ・Ｓ・Ｎ","愛知県名古屋市熱田区青池町3-74","35.133344","136.888514"
"グリンハイツ","愛知県名古屋市熱田区切戸町2-118","35.135032","136.886279"
"イオンタウン熱田千年","愛知県名古屋市熱田区千年1-16-30","35.118849","136.899527"
"愛知県立熱田高等学校","愛知県名古屋市熱田区千年1-17-71","35.11726","136.899923"
"千年コミュニティセンター","愛知県名古屋市熱田区千年1-18-2","35.116427","136.899015"
"愛知時計電機株式会社本社ビル","愛知県名古屋市熱田区千年1-2-70","35.121595","136.90098"
"千年小学校","愛知県名古屋市熱田区千年2-38-26","35.113552","136.896836"
"名古屋市中央卸売市場本場","愛知県名古屋市熱田区川並町2-22","35.136441","136.894137"
"大瀬子公園","愛知県名古屋市熱田区大瀬子町","35.12153","136.90317"
"ライオンズマンション神宮南","愛知県名古屋市熱田区大瀬子町205-1","35.120241","136.90373"
"名古屋学院大学名古屋キャンパスたいほう言館・恵館","愛知県名古屋市熱田区大宝2-4-45","35.129599","136.895794"
"大宝小学校","愛知県名古屋市熱田区大宝3-8-43","35.130337","136.89363"
"日比野中学校","愛知県名古屋市熱田区大宝4-2-45","35.129146","136.894197"
"大宝コミュニティセンター","愛知県名古屋市熱田区大宝4-7-22","35.128435","136.891906"
"ユーハウス六番町","愛知県名古屋市熱田区大宝4-9-20","35.127467","136.890676"
"ファミール日比野","愛知県名古屋市熱田区大宝4-9-27","35.127887","136.890911"
"労働会館","愛知県名古屋市熱田区沢下町9-3","35.138986","136.906924"
"高蔵コミュニティセンター","愛知県名古屋市熱田区沢上2-7-8","35.138253","136.905858"
"くさなぎ荘","愛知県名古屋市熱田区池内町6-13","35.138689","136.91219"
"日比野団地２号棟","愛知県名古屋市熱田区中出町2-22","35.131914","136.891238"
"伝馬荘","愛知県名古屋市熱田区伝馬2-29-30","35.118119","136.908372"
"ソレイユかどや","愛知県名古屋市熱田区南一番町10-1","35.116685","136.89694"
"株式会社服部組本店ビル","愛知県名古屋市熱田区南一番町20-3","35.115127","136.896194"
"二番荘４号棟","愛知県名古屋市熱田区二番2-25-4","35.119895","136.894337"
"白鳥公園・名古屋国際会議場","愛知県名古屋市熱田区熱田西町","35.13106","136.89885"
"名古屋国際会議場","愛知県名古屋市熱田区熱田西町1-1","35.13212","136.898134"
"名古屋学院大学　名古屋キャンパスしろとり","愛知県名古屋市熱田区熱田西町1-25","35.128447","136.899174"
"熱田生涯学習センター","愛知県名古屋市熱田区熱田西町2-13","35.126439","136.899757"
"白鳥橋ポンプ所（雨水排水施設上屋）","愛知県名古屋市熱田区熱田西町2-8","35.12504","136.901037"
"宮中学校","愛知県名古屋市熱田区白鳥1-3-46","35.126513","136.903079"
"白鳥小学校","愛知県名古屋市熱田区白鳥2-13-12","35.125244","136.906414"
"ユニーブル白鳥","愛知県名古屋市熱田区白鳥町201-2","35.123532","136.902967"
"ひびのファミリア","愛知県名古屋市熱田区比々野町27","35.134086","136.891963"
"野立コミュニティセンター","愛知県名古屋市熱田区明野町13-19","35.138384","136.890615"
"旗屋小学校","愛知県名古屋市熱田区夜寒町5-1","35.134069","136.904782"
"タイホウ熱田六番南ビル","愛知県名古屋市熱田区六番3-18-5","35.119012","136.886738"
"名古屋工業研究所","愛知県名古屋市熱田区六番3-4-41","35.122726","136.887097"
"神宮東公園","愛知県名古屋市熱田区六野2","35.13268","136.91364"
"城北コミュニティセンター","愛知県名古屋市北区安井2-4-23","35.213435","136.91455"
"県立名古屋高等技術専門校","愛知県名古屋市北区安井2-4-48","35.213219","136.915252"
"名北小学校","愛知県名古屋市北区下飯田町1-34","35.199406","136.926037"
"名北コミュニティセンター","愛知県名古屋市北区下飯田町3-3-1","35.196843","136.927812"
"楠西小学校","愛知県名古屋市北区会所町89","35.238665","136.907613"
"楠西コミュニティセンター","愛知県名古屋市北区喜惣治1-367","35.234245","136.907415"
"金城小学校","愛知県名古屋市北区金城3-11-6","35.196511","136.906223"
"光城小学校","愛知県名古屋市北区光音寺町4-1","35.20988","136.903942"
"北生涯学習センター","愛知県名古屋市北区黒川本通2-16-3","35.197951","136.912452"
"六郷北小学校","愛知県名古屋市北区山田4-14-56","35.198682","136.940514"
"六郷北コミュニティセンター","愛知県名古屋市北区山田町3-46","35.196673","136.938066"
"山田幼稚園","愛知県名古屋市北区山田町4-42","35.197671","136.93873"
"北陵中学校","愛知県名古屋市北区志賀町2-12","35.200527","136.913235"
"東志賀小学校","愛知県名古屋市北区志賀町4-60-3","35.202638","136.91497"
"東志賀コミュニティセンター","愛知県名古屋市北区志賀町5-2-9","35.201453","136.917244"
"楠公園","愛知県名古屋市北区若鶴町","35.23086","136.91738"
"楠コミュニティセンター","愛知県名古屋市北区若鶴町126","35.231734","136.918861"
"大曽根中学校","愛知県名古屋市北区上飯田東町2-100","35.205606","136.937658"
"宮前コミュニティセンター","愛知県名古屋市北区上飯田東町4-53","35.203378","136.936592"
"宮前小学校","愛知県名古屋市北区上飯田南町4-1-2","35.201456","136.937058"
"杉村コミュニティセンター","愛知県名古屋市北区水切町6-87","35.192209","136.921441"
"北スポーツセンター","愛知県名古屋市北区成願寺1-6-12","35.215723","136.91361"
"水分橋緑地一帯","愛知県名古屋市北区成願寺町字米ケ瀬","35.216429","136.932791"
"八王子中学校","愛知県名古屋市北区清水4-4-1","35.193899","136.909561"
"清水小学校","愛知県名古屋市北区清水5-3-1","35.19266","136.913306"
"西味鋺小学校","愛知県名古屋市北区西味鋺2-526","35.224725","136.914438"
"若葉中学校","愛知県名古屋市北区石園町2-16","35.194979","136.927053"
"大我麻公園","愛知県名古屋市北区大我麻町","35.23063","136.90761"
"大杉コミュニティセンター","愛知県名古屋市北区大杉3-20-19","35.190457","136.919308"
"大杉小学校","愛知県名古屋市北区大杉3-9-21","35.1905","136.917434"
"六郷小学校","愛知県名古屋市北区大曽根3-15-82","35.192573","136.934218"
"六郷コミュニティセンター","愛知県名古屋市北区大曽根3-15-90","35.192024","136.934217"
"楠小学校","愛知県名古屋市北区池花町309","35.232608","136.920231"
"志賀中学校","愛知県名古屋市北区中丸町3-2-1","35.205678","136.905203"
"光城コミュニティセンター","愛知県名古屋市北区中丸町3-2-3","35.20551","136.904368"
"中切集会所","愛知県名古屋市北区中切町2-21","35.212895","136.90705"
"北中学校","愛知県名古屋市北区中味鋺2-656","35.220219","136.923444"
"杉村小学校","愛知県名古屋市北区長田町3-62","35.19209","136.92231"
"辻小学校","愛知県名古屋市北区辻町1-32-4","35.206013","136.921999"
"辻コミュニティセンター","愛知県名古屋市北区辻町9-62-1","35.210448","136.92317"
"楠中学校","愛知県名古屋市北区楠2-957","35.228914","136.921612"
"味鋺小学校","愛知県名古屋市北区楠味鋺3-126","35.221386","136.92544"
"如意小学校","愛知県名古屋市北区如意3-131","35.238167","136.925911"
"北高等学校","愛知県名古屋市北区如来町50","35.235722","136.914476"
"城北小学校","愛知県名古屋市北区鳩岡2-8-43","35.210281","136.911657"
"川中小学校","愛知県名古屋市北区福徳町5-52","35.213422","136.901639"
"県立城北つばさ高等学校","愛知県名古屋市北区福徳町広瀬島350-4","35.211274","136.902546"
"飯田コミュニティセンター","愛知県名古屋市北区平安2-3-24","35.198287","136.930167"
"飯田小学校","愛知県名古屋市北区平安2-7-14","35.197628","136.93152"
"志賀公園","愛知県名古屋市北区平手町2","35.20252","136.90467"
"金城コミュニティセンター","愛知県名古屋市北区平手町2-6","35.201652","136.904112"
"守山水処理センター","愛知県名古屋市北区米が瀬町3-1","35.213394","136.927655"
"名古屋市青少年交流プラザ","愛知県名古屋市北区柳原3-6-8","35.193232","136.908099"
"清水コミュニティセンター","愛知県名古屋市北区柳原3-9-15","35.191002","136.910071"
"如意会館","愛知県名古屋市北区六が池町39-2","35.237832","136.928095"
"猪子石第一保育園","愛知県名古屋市名東区つつじが丘201","35.182607","136.991267"
"蓬来コミュニティセンター","愛知県名古屋市名東区つつじが丘301","35.182018","136.990315"
"蓬来小学校","愛知県名古屋市名東区よもぎ台1-501","35.17853","136.988569"
"西一社中央公園","愛知県名古屋市名東区一社2","35.16687","136.99874"
"名東コミュニティセンター","愛知県名古屋市名東区一社2-128","35.166476","136.998284"
"引山小学校","愛知県名古屋市名東区引山1-1105","35.189538","136.997626"
"引山コミュニティセンター","愛知県名古屋市名東区引山3-617","35.192423","136.999553"
"貴船公園","愛知県名古屋市名東区貴船2","35.1672","137.01096"
"貴船小学校","愛知県名古屋市名東区貴船3-2301","35.164113","137.011225"
"西山台幼稚園","愛知県名古屋市名東区亀の井2-41","35.162936","136.996127"
"一社公園","愛知県名古屋市名東区亀の井3","35.16369","137.00483"
"名東小学校","愛知県名古屋市名東区亀の井3-134","35.164657","137.003545"
"香流小学校","愛知県名古屋市名東区香流2-1201","35.187082","136.992975"
"高針小学校","愛知県名古屋市名東区高針2-1103","35.158049","137.008927"
"高針コミュニティセンター","愛知県名古屋市名東区高針2-1501","35.157578","137.008381"
"牧の原コミュニティセンター","愛知県名古屋市名東区高針原1-101-2","35.148373","136.995483"
"極楽コミュニティセンター","愛知県名古屋市名東区高針台3-801-2","35.15674","137.016704"
"極楽小学校","愛知県名古屋市名東区高針台3-901","35.156213","137.016108"
"香流コミュニティセンター","愛知県名古屋市名東区山の手3-902","35.186178","136.995175"
"上下水道局西山水処理センター","愛知県名古屋市名東区山香町404","35.1522","136.995643"
"名東生涯学習センター","愛知県名古屋市名東区社が丘3-802","35.167869","137.017437"
"上社中学校","愛知県名古屋市名東区社が丘4-301","35.171723","137.020706"
"猪高コミュニティセンター","愛知県名古屋市名東区社口2-203-2","35.176589","137.002188"
"北一社コミュニティセンター","愛知県名古屋市名東区社台2-190-3","35.173773","136.997092"
"千種高等学校","愛知県名古屋市名東区社台2-206","35.172537","136.997248"
"藤森中学校","愛知県名古屋市名東区小池町66","35.179853","137.018635"
"上社公園","愛知県名古屋市名東区上社5","35.17055","137.01143"
"上社小学校","愛知県名古屋市名東区上社5-1002","35.170916","137.012709"
"上社コミュニティセンター","愛知県名古屋市名東区上社5-1501","35.170253","137.01085"
"北一社小学校","愛知県名古屋市名東区上菅1-101","35.179091","136.995496"
"廻間公園","愛知県名古屋市名東区上菅2","35.18016","136.99817"
"植園公園","愛知県名古屋市名東区植園町3","35.15418","136.99158"
"神丘中学校","愛知県名古屋市名東区神丘町1-18","35.158164","136.999544"
"神丘公園","愛知県名古屋市名東区神丘町3","35.15622","137.00014"
"西山中公園","愛知県名古屋市名東区神丘町3","35.15661","136.99508"
"香流保育園","愛知県名古屋市名東区神月町604","35.190185","136.99428"
"貴船コミュニティセンター","愛知県名古屋市名東区勢子坊2-1304-2","35.163141","137.017421"
"高針台中学校","愛知県名古屋市名東区勢子坊3-801","35.160817","137.016827"
"西山コミュニティセンター","愛知県名古屋市名東区西山本通2-34","35.15621","136.995233"
"西山小学校","愛知県名古屋市名東区西山本通2-35","35.157171","136.993914"
"名東高等学校","愛知県名古屋市名東区大針1-351","35.154025","137.021052"
"大針中央公園","愛知県名古屋市名東区大針2","35.15177","137.02064"
"牧野ヶ池緑地","愛知県名古屋市名東区猪高町","35.14499","137.00658"
"名東スポーツセンター","愛知県名古屋市名東区猪高町大字高針字勢子坊307-12","35.162516","137.020584"
"前山コミュニティセンター","愛知県名古屋市名東区猪高町大字高針字梅森坂36-2","35.148243","137.013774"
"猪高緑地","愛知県名古屋市名東区猪高町大字上社字足廻間","35.16409","137.02112"
"明徳公園","愛知県名古屋市名東区猪高町大字猪子石鰻廻間","35.18603","137.0085"
"猪子石コミュニティセンター","愛知県名古屋市名東区猪高町大字猪子石字鰻廻間53","35.185864","137.007153"
"猪子石小学校","愛知県名古屋市名東区猪子石2-1201","35.186229","137.003881"
"猪子石原中央公園","愛知県名古屋市名東区猪子石原1","35.192639","136.989527"
"香流中学校","愛知県名古屋市名東区猪子石原2-1301","35.195328","136.991537"
"猪高小学校","愛知県名古屋市名東区丁田町32","35.176904","137.004605"
"猪高中学校","愛知県名古屋市名東区丁田町33","35.178615","137.004888"
"藤が丘小学校","愛知県名古屋市名東区藤が丘54","35.184468","137.019633"
"牧の池中学校","愛知県名古屋市名東区梅森坂1-2504","35.145691","137.017057"
"梅森坂幼稚園","愛知県名古屋市名東区梅森坂3-210","35.143881","137.017706"
"梅森坂コミュニティセンター","愛知県名古屋市名東区梅森坂4-101","35.141916","137.019958"
"梅森坂小学校","愛知県名古屋市名東区梅森坂4-201","35.142934","137.02161"
"猪子石第二保育園","愛知県名古屋市名東区文教台1-920","35.182894","137.000147"
"平和が丘小学校","愛知県名古屋市名東区平和が丘1-1","35.179175","136.981401"
"東邦高等学校","愛知県名古屋市名東区平和が丘3-11","35.171166","136.98604"
"平和が丘コミュニティセンター","愛知県名古屋市名東区平和が丘5-29","35.175046","136.98581"
"豊が丘小学校","愛知県名古屋市名東区豊が丘1501","35.187756","137.014218"
"豊が丘コミュニティセンター","愛知県名古屋市名東区豊が丘2108","35.186462","137.015416"
"牧の原小学校","愛知県名古屋市名東区牧の原3-401","35.15104","136.997434"
"前山小学校","愛知県名古屋市名東区牧の里2-1501","35.152085","137.004304"
"本郷公園","愛知県名古屋市名東区本郷1","35.17847","137.0158"
"本郷小学校","愛知県名古屋市名東区本郷1-237","35.178389","137.014485"
"本郷コミュニティセンター","愛知県名古屋市名東区本郷1-238","35.178179","137.016583"
"明が丘公園","愛知県名古屋市名東区明が丘","35.18344","137.01697"
"藤が丘コミュニティセンター","愛知県名古屋市名東区明が丘18","35.183895","137.017447"
"旭出小学校","愛知県名古屋市緑区旭出1-101","35.086509","136.963975"
"緑高等学校","愛知県名古屋市緑区旭出1-1104","35.083865","136.966058"
"上朝日出公園","愛知県名古屋市緑区旭出3","35.08869","136.97129"
"太子コミュニティセンター","愛知県名古屋市緑区姥子山3-1604","35.069413","136.981731"
"浦里公園","愛知県名古屋市緑区浦里1","35.09037","136.94311"
"浦里荘２棟","愛知県名古屋市緑区浦里1-109","35.090598","136.946658"
"浦里荘３棟","愛知県名古屋市緑区浦里1-110","35.09029","136.945799"
"浦里コミュニティセンター","愛知県名古屋市緑区浦里1-67","35.090624","136.94276"
"浦里小学校","愛知県名古屋市緑区浦里1-77","35.090189","136.944705"
"南浦里荘","愛知県名古屋市緑区浦里4-8","35.088409","136.942555"
"桶狭間小学校","愛知県名古屋市緑区桶狭間巻山1908","35.055189","136.968"
"南陵小学校","愛知県名古屋市緑区桶狭間森前1348","35.048889","136.966109"
"清水山中央公園","愛知県名古屋市緑区桶狭間清水山","35.04719","136.96136"
"姥子山中央公園","愛知県名古屋市緑区鎌倉台2","35.0727","136.98568"
"鎌倉台中学校","愛知県名古屋市緑区鎌倉台2-402","35.074912","136.984693"
"扇川公園","愛知県名古屋市緑区亀が洞1","35.094883","137.005902"
"熊の前小学校","愛知県名古屋市緑区亀が洞1-901","35.095697","137.007415"
"徳重地区会館","愛知県名古屋市緑区元徳重町1-401","35.095562","136.998023"
"長根台小学校","愛知県名古屋市緑区古鳴海2-161-1","35.097235","136.9589"
"黒石小学校","愛知県名古屋市緑区黒沢台2-1533","35.101202","136.998072"
"左京山中学校","愛知県名古屋市緑区左京山1407","35.068983","136.960795"
"キングスハイツ左京山","愛知県名古屋市緑区左京山304","35.069994","136.963495"
"県立鳴海高等学校","愛知県名古屋市緑区左京山801","35.067828","136.961904"
"平手南公園","愛知県名古屋市緑区砂田2","35.081042","136.985145"
"大清水コミュニティセンター","愛知県名古屋市緑区砂田2-801","35.080535","136.985625"
"サンパーク手越","愛知県名古屋市緑区四本木540","35.071248","136.962437"
"新海池公園","愛知県名古屋市緑区鹿山1","35.08966","136.96161"
"旭出コミュニティセンター","愛知県名古屋市緑区鹿山1-54","35.088573","136.961659"
"滝の水公園","愛知県名古屋市緑区篠の風3","35.09249","136.97748"
"相原小学校","愛知県名古屋市緑区若田1-301","35.077336","136.96492"
"相原コミュニティセンター","愛知県名古屋市緑区若田2-1102","35.077818","136.969781"
"諸の木北公園","愛知県名古屋市緑区諸の木1","35.08137","137.0052"
"小坂小学校","愛知県名古屋市緑区小坂1-1001-2","35.085187","136.981761"
"小坂コミュニティセンター","愛知県名古屋市緑区小坂2-2006","35.081132","136.976446"
"常安小学校","愛知県名古屋市緑区乗鞍1-2101","35.093197","136.993779"
"要池公園","愛知県名古屋市緑区乗鞍2","35.09446","136.99701"
"乗鞍公園","愛知県名古屋市緑区乗鞍3","35.09011","136.99256"
"常安コミュニティセンター","愛知県名古屋市緑区乗鞍3-12","35.09063","136.992816"
"大高中学校","愛知県名古屋市緑区森の里1-107","35.060409","136.940887"
"大高南コミュニティセンター","愛知県名古屋市緑区森の里1-94","35.062955","136.940735"
"森の里荘４棟","愛知県名古屋市緑区森の里1-94","35.062057","136.940811"
"神の倉小学校","愛知県名古屋市緑区神の倉2-198","35.103513","137.014703"
"神の倉コミュニティセンター","愛知県名古屋市緑区神の倉4-199","35.098816","137.011"
"神沢中学校","愛知県名古屋市緑区神沢2-1201","35.096127","136.984851"
"水広公園","愛知県名古屋市緑区水広3","35.077367","136.994974"
"下籠池公園","愛知県名古屋市緑区清水山2","35.048563","136.956447"
"エスペランサ左京山","愛知県名古屋市緑区曽根2-409","35.072354","136.959961"
"ユーハウス左京山","愛知県名古屋市緑区曽根2-433","35.072813","136.957146"
"緑スポーツセンター","愛知県名古屋市緑区相原郷1-2901","35.081618","136.971838"
"螺貝公園","愛知県名古屋市緑区相川3","35.10009","136.97562"
"戸笠コミュニティセンター","愛知県名古屋市緑区相川3-101","35.099447","136.975223"
"戸笠小学校","愛知県名古屋市緑区相川3-60","35.101841","136.975967"
"太子小学校","愛知県名古屋市緑区太子2-242","35.065379","136.979491"
"大高学区集会所","愛知県名古屋市緑区大高台3-2301","35.061238","136.936728"
"大高小学校","愛知県名古屋市緑区大高台3-2601","35.062143","136.936375"
"大高緑地","愛知県名古屋市緑区大高町","35.06035","136.95863"
"上下水道局大高ポンプ所","愛知県名古屋市緑区大高町一番割8","35.067595","136.916588"
"ライオンズマンション大高","愛知県名古屋市緑区大高町字下塩田40","35.069674","136.935148"
"火上山特別緑地保全地区","愛知県名古屋市緑区大高町字火上山","35.06072","136.92851"
"ライオンズマンション大高緑地","愛知県名古屋市緑区大高町字高見22-3","35.067168","136.935235"
"大高北小学校","愛知県名古屋市緑区大高町字町屋川1","35.069261","136.936694"
"グランメール３７","愛知県名古屋市緑区大高町字鳥戸37-1","35.070423","136.937754"
"宝大高ハイツＢ","愛知県名古屋市緑区大高町字鶴田234","35.067013","136.93701"
"中部電力パワーグリッド株式会社緑営業所","愛知県名古屋市緑区大高町字東正地71-1","35.066429","136.929156"
"ライオンズマンション大高第２","愛知県名古屋市緑区大高町字東千正坊13","35.068905","136.933908"
"社会福祉法人日進福祉会　特別養護老人ホーム　大高","愛知県名古屋市緑区大高町字東千正坊6","35.069247","136.933695"
"株式会社平成観光　ＫＥＩＺ大高店　立体駐車場","愛知県名古屋市緑区大高町字寅新田46-2","35.065495","136.923141"
"宝大高ハイツＡ","愛知県名古屋市緑区大高町字南鶴田19","35.067327","136.936937"
"大高地域コミュニティセンター","愛知県名古屋市緑区大高町字門田46-1","35.065541","136.938332"
"鷲津砦公園","愛知県名古屋市緑区大高町字鷲津山","35.0694","136.94226"
"名古屋市青少年宿泊センター","愛知県名古屋市緑区大高町字蝮池4-6","35.057089","136.952682"
"大清水小学校","愛知県名古屋市緑区大清水西901","35.078146","136.989878"
"滝ノ水コミュニティセンター","愛知県名古屋市緑区滝ノ水1-1501","35.090569","136.979661"
"滝ノ水小学校","愛知県名古屋市緑区滝ノ水1-1901","35.090967","136.978617"
"滝ノ水緑地","愛知県名古屋市緑区滝ノ水2","35.08951","136.98224"
"コノミヤ滝ノ水店","愛知県名古屋市緑区滝ノ水3-301","35.086886","136.978469"
"滝ノ水中学校","愛知県名古屋市緑区滝ノ水3-602","35.087261","136.976839"
"滝ノ水中央公園","愛知県名古屋市緑区滝ノ水4","35.08402","136.97368"
"梨の木公園","愛知県名古屋市緑区鶴が沢1","35.091379","137.003734"
"天理教愛知大教会","愛知県名古屋市緑区東神の倉2-2401","35.107662","137.020896"
"東陵中学校","愛知県名古屋市緑区東陵1353","35.071389","136.97088"
"桃山コミュニティセンター","愛知県名古屋市緑区桃山2-96","35.102441","136.989439"
"桃山小学校","愛知県名古屋市緑区桃山4-327","35.102688","136.986228"
"熊の前コミュニティセンター","愛知県名古屋市緑区藤塚1-608-2","35.097995","137.013135"
"白土中央公園","愛知県名古屋市緑区藤塚2","35.100306","137.01942"
"扇台中学校","愛知県名古屋市緑区徳重1-1201","35.090348","136.998474"
"通曲公園","愛知県名古屋市緑区徳重2","35.08951","137.00113"
"徳重コミュニティセンター","愛知県名古屋市緑区徳重2-401","35.089057","137.001959"
"徳重小学校","愛知県名古屋市緑区徳重2-801","35.088244","137.001502"
"大高南小学校","愛知県名古屋市緑区南大高1-1004","35.059108","136.944569"
"神の倉中学校","愛知県名古屋市緑区白土1201","35.100165","137.020684"
"平子小学校","愛知県名古屋市緑区平子が丘236","35.074864","136.96026"
"平子コミュニティセンター","愛知県名古屋市緑区平子が丘3202-2","35.071725","136.966933"
"鳴海東部コミュニティセンター","愛知県名古屋市緑区平手南1-203","35.083356","136.988193"
"平手北公園","愛知県名古屋市緑区平手北1","35.08463","136.98695"
"鳴海東部小学校","愛知県名古屋市緑区平手北2-901","35.086754","136.991208"
"成海神社特別緑地保全地区","愛知県名古屋市緑区鳴海町字乙子山","35.08624","136.9531"
"成海神社社務所","愛知県名古屋市緑区鳴海町字乙子山85","35.085805","136.95272"
"サンハウス大高駅Ⅱ","愛知県名古屋市緑区鳴海町字下汐田31-1","35.073234","136.939935"
"株式会社エム・エー・テック安藤ビル","愛知県名古屋市緑区鳴海町字京田96-1","35.076404","136.94588"
"みどりが丘公園","愛知県名古屋市緑区鳴海町字笹塚","35.08483","137.01054"
"千鳥丘中学校","愛知県名古屋市緑区鳴海町字山ノ神108","35.091449","136.955315"
"千句塚公園","愛知県名古屋市緑区鳴海町字山王山","35.0911","136.95076"
"シティファミリー鳴海小森Ａ棟","愛知県名古屋市緑区鳴海町字小森48-1","35.10017","136.952249"
"栄町集会所","愛知県名古屋市緑区鳴海町字上汐田60-1","35.077849","136.947595"
"鳴海コミュニティセンター","愛知県名古屋市緑区鳴海町字城22-1","35.081258","136.950644"
"熊野特別緑地保全地区","愛知県名古屋市緑区鳴海町字神ノ倉","35.09902","137.00685"
"黒石コミュニティセンター","愛知県名古屋市緑区鳴海町字神沢11","35.098436","136.997098"
"諏訪山諏訪社特別緑地保全地区","愛知県名古屋市緑区鳴海町字諏訪山","35.07181","136.95388"
"緑コミュニティセンター","愛知県名古屋市緑区鳴海町字前之輪106","35.072499","136.942721"
"緑小学校","愛知県名古屋市緑区鳴海町字前之輪24","35.075332","136.943912"
"長根台コミュニティセンター","愛知県名古屋市緑区鳴海町字池上98-6","35.091474","136.961828"
"鳴海荘","愛知県名古屋市緑区鳴海町字中汐田88","35.076978","136.94536"
"鳴海工場","愛知県名古屋市緑区鳴海町字天白90","35.093543","136.94746"
"米塚特別緑地保全地区","愛知県名古屋市緑区鳴海町字米塚","35.07048","136.96801"
"片平小学校","愛知県名古屋市緑区鳴海町字片平18","35.089135","136.951739"
"緑生涯学習センター","愛知県名古屋市緑区鳴海町字本町54","35.079485","136.951862"
"鳴海小学校","愛知県名古屋市緑区鳴海町字矢切98","35.081781","136.953425"
"東丘コミュニティセンター","愛知県名古屋市緑区鳴海町字有松裏200","35.067185","136.97242"
"東丘小学校","愛知県名古屋市緑区鳴海町字有松裏9","35.068856","136.972943"
"緑生涯学習センター上汐田教育集会所","愛知県名古屋市緑区鳴海町上汐田447","35.080433","136.946259"
"鳴子中央公園","愛知県名古屋市緑区鳴子町2","35.09836","136.96686"
"鳴子小学校","愛知県名古屋市緑区鳴子町2-69","35.098717","136.965356"
"鳴子コミュニティセンター","愛知県名古屋市緑区鳴子町2-70","35.098076","136.966513"
"鳴子台中学校","愛知県名古屋市緑区鳴子町3-40","35.099581","136.968971"
"有松小学校","愛知県名古屋市緑区有松2803","35.065655","136.970911"
"有松コミュニティセンター","愛知県名古屋市緑区有松3052","35.066229","136.970435"
"有松中学校","愛知県名古屋市緑区有松町大字桶狭間字高根39-83","35.064061","136.970027"
"桶狭間特別緑地保全地区","愛知県名古屋市緑区有松町大字桶狭間字神明廻間","35.05224","136.96826"
"六田公園","愛知県名古屋市緑区六田2","35.07848","136.96476"
"鳴海中学校","愛知県名古屋市緑区六田2-96","35.07831","136.963104"
"農村環境改善センター","愛知県弥富市稲吉1-31","35.078956","136.754395"
"学校法人　愛西学園　愛知黎明高等学校","愛知県弥富市稲吉2-52","35.079599","136.759352"
"南部地区防災センター","愛知県弥富市稲狐町113","35.066707","136.766646"
"南部コミュニティセンター","愛知県弥富市稲狐町151","35.066946","136.767275"
"愛厚弥富の里","愛知県弥富市栄南町7-2","35.07234","136.752532"
"農村多目的センター","愛知県弥富市荷之上町川田56","35.127477","136.715868"
"弥富北中学校","愛知県弥富市鎌倉町62","35.119524","136.735305"
"海部土地改良区会館","愛知県弥富市鎌倉町95","35.120582","136.742454"
"弥富中学校","愛知県弥富市鎌島7-52-2","35.093418","136.747117"
"大藤保育所","愛知県弥富市寛延2-17","35.084231","136.751164"
"あいち海部農業協同組合　鍋田支店","愛知県弥富市寛延2-96","35.080128","136.75276"
"のびのび園","愛知県弥富市境町307-1","35.057742","136.76454"
"馬事会館","愛知県弥富市駒野町1","35.054769","136.786478"
"ＤＰＬ名港弥富Ⅰ","愛知県弥富市駒野町1-1","35.05407","136.779373"
"栄南小学校","愛知県弥富市狐地2-163","35.069073","136.768247"
"株式会社ダイトウ名古屋工場","愛知県弥富市五之三町西本田13-4","35.130327","136.711143"
"株式会社セレックス　西部支店","愛知県弥富市五之三町川平364-1","35.124056","136.706966"
"西部保育所","愛知県弥富市五明1-67","35.118068","136.711493"
"木曽川用水総合管理所　弥富管理所　管理棟","愛知県弥富市五明3-15","35.119593","136.708039"
"川崎重工業株式会社　弥富寮","愛知県弥富市五明町西亀具1132-7","35.113189","136.714489"
"ＩＰＣペットカレッジ名古屋本部校","愛知県弥富市五明町内川平465-1","35.117534","136.715281"
"Ｙストア佐古木店","愛知県弥富市佐古木3-295-2","35.117435","136.754349"
"十四山保育所","愛知県弥富市坂中地1-34","35.113619","136.75409"
"孫宝第２排水機場","愛知県弥富市四郎兵衛2-88","35.10018","136.784198"
"野村胃腸科","愛知県弥富市子宝2-105-4","35.107961","136.767112"
"十四山総合福祉センター","愛知県弥富市子宝6-80","35.101592","136.765241"
"大藤小学校","愛知県弥富市芝井14-1175","35.084529","136.749982"
"キャッスル松亀Ⅱ","愛知県弥富市松名4-48","35.089383","136.757925"
"日光川下流浄化センター","愛知県弥富市上野町2-28","35.042209","136.7817"
"弥富はばたき幼稚園","愛知県弥富市森津7-26","35.095861","136.738956"
"十四山東部小学校","愛知県弥富市神戸2-4","35.101408","136.770329"
"十四山スポーツセンター","愛知県弥富市神戸3-20","35.100473","136.773199"
"十四山支所","愛知県弥富市神戸3-25","35.100169","136.774185"
"近物レックス株式会社　西名古屋支店","愛知県弥富市西中地町五右194-1","35.125291","136.728891"
"はぴね弥富","愛知県弥富市前ケ須町東勘助110-1","35.108284","136.728829"
"弥富市役所立体駐車場","愛知県弥富市前ケ須町南本田335","35.110406","136.724579"
"弥富まちなか交流館","愛知県弥富市前ケ須町南本田347","35.109533","136.724539"
"桜小学校","愛知県弥富市前ケ須町南本田425","35.110349","136.723586"
"南部保育所","愛知県弥富市前ケ須町野方802-1","35.104497","136.724125"
"総合社会教育センター","愛知県弥富市前ケ須町野方802-20","35.105179","136.721434"
"白鳥保育所","愛知県弥富市前ケ平1-336","35.124286","136.744192"
"白鳥小学校","愛知県弥富市前ケ平2-1896-3","35.125781","136.74702"
"愛知自動車整備専門学校","愛知県弥富市前ケ平2-49-1","35.128619","136.745151"
"栄南保育所","愛知県弥富市操出9-15","35.064478","136.78007"
"特別養護老人ホーム　輪中の郷","愛知県弥富市大藤町5-3","35.100322","136.727383"
"旧十四山中学校","愛知県弥富市鳥ケ地1-176","35.101194","136.758653"
"白鳥コミュニティセンター","愛知県弥富市東中地2-56","35.123355","136.741142"
"八穂クリーンセンター工場棟","愛知県弥富市鍋田町八穂399-3","35.03968","136.777779"
"センコー株式会社　湾岸弥富ＰＤセンター","愛知県弥富市鍋田町六野73","35.048774","136.766259"
"あいち海部農業協同組合　南部営農センター","愛知県弥富市鍋平3-51","35.112382","136.746359"
"鍋田埠頭コンテナターミナル管理棟","愛知県弥富市富浜5-1","35.020537","136.791796"
"ラフレシール・オーブ","愛知県弥富市平島中4-1","35.108137","136.734994"
"ひのではばたきこども園","愛知県弥富市平島中4-266","35.107495","136.739978"
"ルネス　ソシア","愛知県弥富市平島町喜右味名34-1","35.111408","136.735333"
"桜保育所","愛知県弥富市平島町喜右味名69-1","35.110089","136.733662"
"ロゼリア","愛知県弥富市平島町五反割5-4","35.11315","136.74216"
"日の出小学校","愛知県弥富市平島町西新田181","35.104875","136.733117"
"おふくろの家","愛知県弥富市又八2-128-1","35.124031","136.753422"
"介護老人福祉施設　長寿の里・十四山","愛知県弥富市六條町大崎69-1","35.10245","136.753523"
"十四山西部小学校","愛知県弥富市六條町大山94","35.106782","136.752377"
"弥生小学校","愛知県弥富市鯏浦町下与太142","35.121559","136.722069"
"Ｕ．Ｈ．ｐａｌａｃｅ","愛知県弥富市鯏浦町下六58-1","35.114775","136.721015"
"ルネス　リヴェール","愛知県弥富市鯏浦町気開110-1","35.117539","136.729069"
"レジデンス弥富","愛知県弥富市鯏浦町気開174","35.116295","136.728165"
"エントピア弥生","愛知県弥富市鯏浦町気開186-1","35.118186","136.727166"
"総合福祉センター","愛知県弥富市鯏浦町上本田95-1","35.119516","136.719142"
"弥生保育所","愛知県弥富市鯏浦町上巳52-1","35.121033","136.72329"
"リバブルヤトミ","愛知県弥富市鯏浦町西前新田137-1","35.114968","136.729085"
"パレス佐藤　１","愛知県弥富市鯏浦町西前新田23-2","35.112147","136.730779"
"パレス佐藤　２","愛知県弥富市鯏浦町西前新田25-4","35.112358","136.73087"
"ルネスＹ．Ｙ","愛知県弥富市鯏浦町東気開2-1","35.115544","136.729168"
"ルネス弥富","愛知県弥富市鯏浦町東気開4-1","35.115841","136.729738"
"ロフティ弥富","愛知県弥富市鯏浦町東気開54-1","35.116545","136.732286"
"産業会館","愛知県弥富市鯏浦町南前新田111","35.111344","136.726351"
"ウイングプラザ　パディー","愛知県弥富市鯏浦町南前新田123","35.110514","136.726919"