"施設名","所在地","緯度","経度"
"一本松山村開発センター（一本松公民館）","愛媛県愛南町一本松3520","32.96318","132.647469"
"町道弓立越田線ー高台","愛媛県愛南町越田296","32.948146","132.538541"
"猿鳴集会所","愛媛県愛南町猿鳴160-2","32.972326","132.485521"
"県道ー町道矢呂線分岐付近","愛媛県愛南町猿鳴54-3","32.974573","132.488789"
"秋葉神社付近","愛媛県愛南町下久家128","32.938488","132.509223"
"家串東","愛媛県愛南町家串1114","33.04752","132.471836"
"家串小学校上畑","愛媛県愛南町家串1209-3","33.045416","132.471273"
"廃フロート処理施設","愛媛県愛南町家串153-2","33.051493","132.464436"
"県道高台（農道入口付近）","愛媛県愛南町家串333","33.050452","132.46828"
"農道中腹","愛媛県愛南町家串681-1","33.051356","132.471185"
"荒神さま","愛媛県愛南町家串793","33.050825","132.471536"
"家串公民館","愛媛県愛南町家串907-2","33.049231","132.470987"
"寺上","愛媛県愛南町家串944","33.050043","132.47145"
"県道高茂岬方面高台","愛媛県愛南町外泊44","32.939267","132.476136"
"外泊川右岸高台畑","愛媛県愛南町外泊441","32.93625","132.478514"
"県道宿毛城辺線蓮乗寺方面広場","愛媛県愛南町垣内238","32.949142","132.598403"
"垣内東","愛媛県愛南町垣内372","32.948863","132.605055"
"町道敦盛柿ノ浦線敦盛側高台","愛媛県愛南町柿ノ浦125","32.935593","132.588567"
"西海ふれあい公園","愛媛県愛南町樫月212-1","32.951353","132.517903"
"西海保健福祉センター","愛媛県愛南町樫月212-1","32.952127","132.517249"
"町道樫月小浦線ー樫月奥谷線接点付近","愛媛県愛南町樫月85-2","32.951091","132.519772"
"東海公民館上墓地","愛媛県愛南町岩水113","32.944316","132.604139"
"東海公民館","愛媛県愛南町岩水114","32.944683","132.603686"
"岩水寺上","愛媛県愛南町岩水1255","32.942575","132.604128"
"岩水オガタマの木","愛媛県愛南町岩水1373","32.942129","132.603098"
"県道岩水方面上墓地","愛媛県愛南町岩水1483-1","32.943264","132.597272"
"県道敦盛方面ー高台","愛媛県愛南町岩水1484-3","32.942548","132.59816"
"東海小学校前高台","愛媛県愛南町岩水45","32.945601","132.604681"
"岩水テレビ塔登口付近","愛媛県愛南町岩水800-6","32.94298","132.608545"
"西海トンネルー久家口広場","愛媛県愛南町久家337-1","32.941856","132.503206"
"和霊さま下道路","愛媛県愛南町久良1032","32.947112","132.550542"
"墓場高台里道","愛媛県愛南町久良1300","32.947684","132.548423"
"真浦高台里道","愛媛県愛南町久良1416","32.94694","132.54704"
"日土峠道路","愛媛県愛南町久良164","32.94865","132.56412"
"久良小学校","愛媛県愛南町久良2035","32.944034","132.546923"
"久良ふるさとセンター（久良公民館）","愛媛県愛南町久良2095","32.943034","132.548669"
"水谷県道ー高台","愛媛県愛南町久良2283","32.94151","132.548856"
"日土墓上道路","愛媛県愛南町久良262","32.947804","132.561649"
"高良ダム根元","愛媛県愛南町久良2681","32.939697","132.547715"
"小屋ノ浦春日神社境内","愛媛県愛南町久良2868","32.938113","132.549732"
"広谷高台里道","愛媛県愛南町久良3369","32.937487","132.550401"
"網代墓地","愛媛県愛南町久良3667","32.938666","132.553037"
"コモズラ墓場里道","愛媛県愛南町久良3708","32.938554","132.553911"
"コモズラ山の神様","愛媛県愛南町久良3829-1","32.937671","132.554233"
"鹿ノ谷墓地下","愛媛県愛南町久良3960","32.936276","132.555917"
"小屋ノ浦墓場里道","愛媛県愛南町久良630-3","32.948275","132.556621"
"小屋ノ浦竜王先道路","愛媛県愛南町久良719-6","32.945015","132.555241"
"元駐在所","愛媛県愛南町久良848","32.948513","132.551755"
"町道弓立大滝線ー高台","愛媛県愛南町弓立126","32.949655","132.530332"
"走下県道高台","愛媛県愛南町魚神山1158","33.05548","132.414098"
"魚神山小学校上ー県道","愛媛県愛南町魚神山152-2","33.046712","132.407151"
"船越運河バス停","愛媛県愛南町魚神山1656","33.052569","132.432415"
"西泊お堂","愛媛県愛南町魚神山431","33.053872","132.406882"
"魚神山公民館分館","愛媛県愛南町魚神山569","33.055375","132.407277"
"金毘羅神社","愛媛県愛南町魚神山685","33.055817","132.407482"
"町道古月線高台","愛媛県愛南町古月121","32.947287","132.572236"
"古月東神社","愛媛県愛南町古月195","32.947568","132.575003"
"御荘農村研修センター（菊川公民館）","愛媛県愛南町御荘菊川1159-1","32.990794","132.518619"
"外室手バス停付近","愛媛県愛南町御荘菊川17","33.005452","132.507204"
"八百坂峠バス停（宿毛方面行）付近","愛媛県愛南町御荘菊川1745","32.981008","132.526125"
"町道浜銭坪線ー高台","愛媛県愛南町御荘菊川2533-2","32.978865","132.515102"
"厳島神社境内","愛媛県愛南町御荘菊川3394","32.988222","132.51928"
"長月小学校体育館（長月公民館）","愛媛県愛南町御荘長月913-1","32.978586","132.583133"
"町道長洲寺線終点","愛媛県愛南町御荘長洲1046","32.98206","132.544563"
"笹子谷峠付近","愛媛県愛南町御荘長洲271","32.972167","132.548505"
"国道ー町道平山線分岐付近","愛媛県愛南町御荘平山121","32.980621","132.528636"
"国道長洲側山頂付近","愛媛県愛南町御荘平山1787","32.972378","132.539949"
"延命寺上ー農道分岐付近","愛媛県愛南町御荘平山559-2","32.970323","132.53696"
"（財）正光会御荘病院駐車場","愛媛県愛南町御荘平山831-2","32.97486","132.534107"
"来迎寺境内","愛媛県愛南町御荘平城1056","32.966652","132.554488"
"秋葉権現さま","愛媛県愛南町御荘平城1144","32.967597","132.556719"
"テンガンジ高台","愛媛県愛南町御荘平城1405","32.967327","132.559809"
"光霊苑跡駐車場","愛媛県愛南町御荘平城2409","32.96651","132.563344"
"大山祗神社（山の神様）","愛媛県愛南町御荘平城241","32.968809","132.546407"
"御荘霊苑駐車場","愛媛県愛南町御荘平城2579-1","32.969696","132.564517"
"グループホーム福寿草前","愛媛県愛南町御荘平城2729-1","32.965603","132.566354"
"御荘文化センター","愛媛県愛南町御荘平城3063-1","32.963863","132.569453"
"町営永ノ岡団地","愛媛県愛南町御荘平城3117-2","32.966407","132.572015"
"御荘県職員住宅跡地","愛媛県愛南町御荘平城3384-1","32.967401","132.572574"
"県道久良城辺線広場","愛媛県愛南町御荘平城4804","32.955812","132.566767"
"節崎墓地","愛媛県愛南町御荘平城4989-2","32.95557","132.562196"
"はまゆう保育所バス停付近","愛媛県愛南町御荘平城5268-3","32.955471","132.558361"
"はまゆう保育所駐車場","愛媛県愛南町御荘平城5283","32.956119","132.558541"
"町道馬瀬線終点付近上畑","愛媛県愛南町御荘平城5663-2","32.953772","132.554405"
"香木園駐車場階段上","愛媛県愛南町御荘平城5736","32.956137","132.550819"
"松軒山公園駐車場","愛媛県愛南町御荘平城969-3","32.969793","132.553475"
"御荘学校給食センター駐車場","愛媛県愛南町御荘和口174","32.971601","132.57048"
"とのやぶ","愛媛県愛南町高畑306","32.957384","132.516506"
"県道町道合流点","愛媛県愛南町高畑5-4","32.960523","132.520834"
"県道中浦方面ー高台","愛媛県愛南町高畑871-2","32.96407","132.515488"
"猿越バス停付近","愛媛県愛南町高畑966-1","32.965672","132.51165"
"町道樫月小浦線ー高台","愛媛県愛南町小浦46-3","32.950037","132.52529"
"町道小成川谷線終点付近","愛媛県愛南町小成川299","32.925919","132.503526"
"上大道集会所（上大道公民館）","愛媛県愛南町上大道796-1","32.966618","132.615891"
"町道太郎谷線広場","愛媛県愛南町城辺甲1632-9","32.95814","132.577392"
"城の辺学習館","愛媛県愛南町城辺甲1943","32.959988","132.579031"
"諏訪公園","愛媛県愛南町城辺甲2086","32.960537","132.581009"
"大森文化会館","愛媛県愛南町城辺甲2962","32.957839","132.587128"
"南宇和自動車教習所","愛媛県愛南町城辺甲531-10","32.957695","132.574228"
"西光寺","愛媛県愛南町深浦1093","32.94837","132.588082"
"町道深浦７号線ー山側高台","愛媛県愛南町深浦1782","32.944439","132.589009"
"深浦公民館","愛媛県愛南町深浦260","32.946006","132.591073"
"万福寺駐車場","愛媛県愛南町深浦386","32.947834","132.591124"
"蘇家神社","愛媛県愛南町深浦42-2","32.946076","132.591728"
"アキワ様","愛媛県愛南町深泥267-1","32.95451","132.540832"
"町道深泥西谷線終点付近","愛媛県愛南町深泥599-2","32.958768","132.53709"
"老健施設なんぐん館駐車場","愛媛県愛南町深泥703-2","32.959341","132.542818"
"須の川若宮神社","愛媛県愛南町須の川250","33.039388","132.490933"
"須ノ川灘バス停付近","愛媛県愛南町須ノ川1201","33.031477","132.483634"
"町道中ノ谷線ー高台","愛媛県愛南町須ノ川989-2","33.036523","132.487278"
"正木公民館","愛媛県愛南町正木1247","32.997698","132.684566"
"太田集会所","愛媛県愛南町正木1859","33.00879","132.659926"
"県道沿い一本桜","愛媛県愛南町赤水18-3","32.963364","132.530441"
"赤水深山","愛媛県愛南町赤水394","32.957503","132.526878"
"赤水公民館","愛媛県愛南町赤水580","32.960429","132.524603"
"冷﨑・中ノ谷墓地","愛媛県愛南町赤水777","32.961265","132.522672"
"赤水西組バス停付近","愛媛県愛南町赤水798-2","32.960038","132.522266"
"西海町民会館（西海公民館）","愛媛県愛南町船越1057","32.947114","132.504023"
"船越小学校","愛媛県愛南町船越1268-1","32.945974","132.503331"
"新竹倉バス停付近","愛媛県愛南町船越160","32.954457","132.510245"
"旧ＪＡ西海給油所前","愛媛県愛南町船越442","32.948537","132.508094"
"僧都ふれあい交流館（僧都公民館）","愛媛県愛南町僧都279","33.01935","132.579808"
"町道大成川谷線東側高台","愛媛県愛南町大成川249","32.927988","132.506549"
"ゲートボール場上高台","愛媛県愛南町大成川525","32.927637","132.506146"
"大浜入口道路広場","愛媛県愛南町大浜181","32.923117","132.601283"
"県道高茂岬船越線若宮神社付近高台","愛媛県愛南町樽見270","32.932672","132.516013"
"福浦側樽見バス停前","愛媛県愛南町樽見630-2","32.931716","132.514243"
"県道樽見方面ー高台","愛媛県愛南町樽見708","32.929748","132.513093"
"町道奥ノ谷線奥砂防ダム付近","愛媛県愛南町中浦1089-1","32.965251","132.488686"
"桜公園","愛媛県愛南町中浦1231-1","32.965958","132.491115"
"町道中浦猿鳴線奥","愛媛県愛南町中浦1337-1","32.966647","132.491287"
"町道尻貝線ー尻貝下線分岐付近","愛媛県愛南町中浦159-2","32.959334","132.505972"
"県道猿鳴平城線灘前方面ー高台","愛媛県愛南町中浦1641-4","32.967784","132.497427"
"県道平城猿鳴線面浦","愛媛県愛南町中浦1719-2","32.97045","132.49603"
"樫の浦","愛媛県愛南町中浦1881","32.977686","132.495257"
"県道ー町道左右水線分岐付近","愛媛県愛南町中浦2053","32.978141","132.491452"
"県道中浦西海線ー中腹広場","愛媛県愛南町中浦355-5","32.958421","132.503563"
"県道猿鳴平城線ー高台","愛媛県愛南町中浦6-7","32.966545","132.505937"
"町道中浦西海線ー広場","愛媛県愛南町中浦686-1","32.96309","132.497181"
"中浦漁村振興センター（中浦公民館）","愛媛県愛南町中浦830","32.964263","132.492965"
"旧スクールバスバス停","愛媛県愛南町中玉168-5","32.922509","132.624289"
"東海公民館中玉分館","愛媛県愛南町中玉303","32.922641","132.623344"
"中玉（新谷）県道入口付近","愛媛県愛南町中玉89-2","32.920849","132.615295"
"中川隧道中川口付近","愛媛県愛南町中川784-1","32.9518","132.624218"
"中泊集会所（西浦公民館）","愛媛県愛南町中泊10","32.938085","132.480827"
"県道中峰橋付近","愛媛県愛南町中泊706","32.936324","132.482464"
"県道ー町道中外線分岐付近","愛媛県愛南町中泊951","32.940615","132.484974"
"県道大浜方面ー高台","愛媛県愛南町敦盛457-2","32.937673","132.59563"
"敦盛墓地","愛媛県愛南町敦盛477","32.940463","132.594268"
"町道敦盛柿ノ浦線柿ノ浦側高台","愛媛県愛南町敦盛522","32.942046","132.593879"
"県道船越方面ー高台","愛媛県愛南町内泊1407","32.942306","132.495462"
"地蔵堂付近","愛媛県愛南町内泊767","32.938595","132.493173"
"西浦中学校跡地","愛媛県愛南町内泊8-1","32.943025","132.486244"
"柏寿園駐車場","愛媛県愛南町柏1542-1","33.023016","132.505128"
"法性寺","愛媛県愛南町柏1872","33.018017","132.501335"
"内海展望所","愛媛県愛南町柏2179","33.011023","132.500438"
"内海隧道ー北原口","愛媛県愛南町柏249-4","33.022139","132.495533"
"愛南町役場内海支所（ＤＥ・あ・い・２１）","愛媛県愛南町柏390","33.018556","132.497964"
"内海隧道ー大浜口公園","愛媛県愛南町柏63","33.023869","132.48598"
"柏崎下常会高台","愛媛県愛南町柏崎349","33.013429","132.489687"
"町道柏崎線終点付近","愛媛県愛南町柏崎954","33.017823","132.491802"
"庵寺墓地高台","愛媛県愛南町麦ケ浦169","32.915659","132.512691"
"町道麦ヶ浦西谷線終点付近","愛媛県愛南町麦ケ浦53","32.9152","132.511474"
"武者泊バス停付近","愛媛県愛南町武者泊412","32.911554","132.518012"
"県道ー町道武者泊線分岐付近","愛媛県愛南町武者泊545-2","32.910855","132.517332"
"若宮神社公園上高台","愛媛県愛南町福浦1020","32.915821","132.496871"
"町道福浦扇山線終点付近","愛媛県愛南町福浦1362","32.913409","132.497885"
"柿崎高台","愛媛県愛南町福浦142","32.922292","132.499596"
"東高台","愛媛県愛南町福浦1440","32.913738","132.499334"
"町道中下和田内線中下高台","愛媛県愛南町福浦1674","32.913407","132.503987"
"和田内福浦側川沿い里道高台","愛媛県愛南町福浦1907","32.914479","132.508183"
"町道大碆線ー新岡山川線分岐付近","愛媛県愛南町福浦317","32.923105","132.495588"
"町道大碆線ー岡山小川大碆線分岐付近","愛媛県愛南町福浦504","32.920033","132.495391"
"太駄高台","愛媛県愛南町福浦693","32.917107","132.495302"
"福浦公民館","愛媛県愛南町福浦994","32.916288","132.497987"
"若宮神社","愛媛県愛南町平碆611","33.049541","132.476658"
"平碆展望台（こんぴら山）","愛媛県愛南町平碆614","33.048905","132.476138"
"県道ー町道元越線分岐付近","愛媛県愛南町平碆717-10","33.050352","132.479916"
"猪ノ泊","愛媛県愛南町平碆95","33.045689","132.474421"
"成川県道上","愛媛県愛南町防城成川231-2","32.963189","132.534674"
"町道防城線ー高台","愛媛県愛南町防城成川54-3","32.96235","132.53882"
"農道西谷線高台","愛媛県愛南町満倉1745-5","32.958252","132.614446"
"自在園入口付近","愛媛県愛南町満倉2300-5","32.952314","132.602397"
"踊り駄場","愛媛県愛南町満倉2756","32.948912","132.609663"
"善林寺","愛媛県愛南町満倉2842","32.947912","132.61035"
"満倉浜組２","愛媛県愛南町満倉2893","32.945949","132.607485"
"本網代墓地","愛媛県愛南町網代124","33.033025","132.404458"
"本谷県道高台","愛媛県愛南町網代330","33.03788","132.405609"
"町道荒樫２号線ー中腹","愛媛県愛南町網代511-2","33.040941","132.406392"
"上の谷","愛媛県愛南町油袋289","33.044423","132.448117"
"油袋墓地","愛媛県愛南町油袋369","33.048212","132.448557"
"油袋中里道奥（旧水源地）","愛媛県愛南町油袋431","33.049302","132.449345"
"油袋県道広場","愛媛県愛南町油袋546-1","33.048134","132.453454"
"油袋ー火打バス停中間県道","愛媛県愛南町油袋554-1","33.049815","132.454544"
"火打バス停上墓地","愛媛県愛南町油袋643","33.049858","132.45755"
"緑基幹集落センター（緑公民館）","愛媛県愛南町緑乙1514","32.975137","132.602376"
"脇本集会所上町道","愛媛県愛南町脇本637","32.927547","132.654737"
"鯆越トンネル鯆越口付近","愛媛県愛南町鯆越114-3","32.946416","132.57878"
"有寿来体育館","愛媛県伊方町伊方越140-1","33.501324","132.336009"
"塩成小学校跡グラウンド","愛媛県伊方町塩成278","33.444102","132.256674"
"九町小学校","愛媛県伊方町九町1-1712-1","33.47487","132.307151"
"九町小学校グラウンド","愛媛県伊方町九町1-1712-1","33.474461","132.307492"
"九町小学校体育館","愛媛県伊方町九町1-1712-1","33.47453","132.307044"
"町見公民館","愛媛県伊方町九町1-1800-6","33.476225","132.309924"
"町見体育館","愛媛県伊方町九町1-1807-1","33.476771","132.311392"
"串地区体育館グラウンド","愛媛県伊方町串110","33.365974","132.046284"
"串地区体育館","愛媛県伊方町串110","33.365719","132.04659"
"佐田岬小学校跡グラウンド","愛媛県伊方町串473","33.373034","132.053553"
"旧佐田岬小学校","愛媛県伊方町串473","33.3729","132.053384"
"瀬戸町民センター","愛媛県伊方町三机乙1084-1","33.456959","132.244138"
"三机地区体育館","愛媛県伊方町三机乙1895-1","33.453417","132.24676"
"三机小学校","愛媛県伊方町三机乙2515","33.453713","132.246914"
"三机小学校グラウンド","愛媛県伊方町三机乙2515","33.454165","132.246672"
"瀬戸中学校グラウンド","愛媛県伊方町三机乙3305-1","33.451527","132.252018"
"瀬戸総合体育館","愛媛県伊方町三机乙3305-1","33.450392","132.252458"
"瀬戸中学校","愛媛県伊方町三机乙3305-1","33.450766","132.252173"
"瀬戸球場","愛媛県伊方町三机乙3340-1","33.44981","132.253294"
"三崎保健福祉センター","愛媛県伊方町三崎1700-16","33.391314","132.116527"
"三崎高等学校","愛媛県伊方町三崎511","33.38494","132.129333"
"三崎高等学校グラウンド","愛媛県伊方町三崎511","33.385677","132.12947"
"三崎高等学校体育館","愛媛県伊方町三崎511","33.385038","132.128861"
"三崎総合体育館","愛媛県伊方町三崎699","33.387661","132.124301"
"三崎小学校","愛媛県伊方町三崎907","33.388789","132.123314"
"三崎小学校グラウンド","愛媛県伊方町三崎907","33.388418","132.123389"
"三崎小中学校体育館","愛媛県伊方町三崎907","33.388507","132.12303"
"三崎中学校グラウンド","愛媛県伊方町三崎908","33.388633","132.124317"
"三崎中学校","愛媛県伊方町三崎908","33.389019","132.123827"
"小島小学校跡グラウンド","愛媛県伊方町小島甲1398-3","33.445918","132.198371"
"伊方町民グラウンド","愛媛県伊方町川永田乙43","33.480568","132.326224"
"伊方町地域振興センター","愛媛県伊方町川永田甲1534-1","33.481544","132.325529"
"足成小学校跡グラウンド","愛媛県伊方町足成655","33.470338","132.267042"
"大久小学校","愛媛県伊方町大久1638","33.415149","132.198222"
"大久小学校グラウンド","愛媛県伊方町大久1638","33.414972","132.197621"
"瀬戸アグリトピア","愛媛県伊方町大久2465-1","33.421549","132.197743"
"四ツ浜地区体育館","愛媛県伊方町大久2516-1","33.415238","132.198908"
"むかいパーク","愛媛県伊方町大久3170-219","33.425011","132.203134"
"水ヶ浦小学校体育館","愛媛県伊方町中之浜10-1","33.477835","132.368238"
"水ヶ浦小学校","愛媛県伊方町中之浜10-1","33.477481","132.367985"
"水ヶ浦小学校グラウンド","愛媛県伊方町中之浜10-1","33.477736","132.367994"
"二見小学校跡グラウンド","愛媛県伊方町二見甲1239","33.464496","132.287127"
"二見地区体育館","愛媛県伊方町二見甲1239","33.464664","132.28728"
"二名津小学校跡グラウンド","愛媛県伊方町二名津365","33.401824","132.14149"
"旧二名津小学校","愛媛県伊方町二名津365","33.40203","132.141815"
"三崎公民館二名津分館","愛媛県伊方町二名津442","33.401299","132.139032"
"二名津地区体育館","愛媛県伊方町二名津442","33.400806","132.139343"
"豊之浦小学校跡グラウンド","愛媛県伊方町豊之浦860","33.469653","132.32019"
"豊之浦地区体育館","愛媛県伊方町豊之浦860","33.469537","132.32078"
"生涯学習センター　（津波は３階以上を指定）","愛媛県伊方町湊浦1992","33.488214","132.354191"
"伊方町民会館　（津波は３階以上を指定）","愛媛県伊方町湊浦1995-1","33.48838","132.354539"
"伊方中学校体育館","愛媛県伊方町湊浦803-1","33.491737","132.357334"
"伊方中学校","愛媛県伊方町湊浦803-1","33.491978","132.357843"
"伊方中学校グラウンド","愛媛県伊方町湊浦803-1","33.4915","132.356631"
"伊方武道館","愛媛県伊方町湊浦803-1","33.491459","132.357368"
"伊方スポーツセンター","愛媛県伊方町湊浦803-1","33.492081","132.356939"
"伊方町中央保健センター","愛媛県伊方町湊浦866","33.489606","132.355765"
"伊方小学校グラウンド","愛媛県伊方町湊浦933-1","33.489687","132.354861"
"伊方小学校体育館","愛媛県伊方町湊浦993-1","33.490017","132.354928"
"伊方小学校","愛媛県伊方町湊浦993-1","33.489845","132.354448"
"伊予農業高等学校","愛媛県伊予市下吾川1433","33.764562","132.705051"
"じゅらく生きがい活動センター","愛媛県伊予市下吾川1447","33.763791","132.705098"
"ウェルピア伊予","愛媛県伊予市下三谷1761-1","33.77007","132.717025"
"唐川ふれあい館","愛媛県伊予市下唐川甲335-1","33.722736","132.737142"
"唐川コミュニティーセンターグラウンド","愛媛県伊予市下唐川甲335-1","33.722587","132.737332"
"宮下集会所","愛媛県伊予市宮下1793-1","33.780512","132.758963"
"郡中小学校","愛媛県伊予市上吾川110","33.756387","132.708964"
"伊予小学校","愛媛県伊予市上野2270","33.77116","132.741273"
"伊予中学校","愛媛県伊予市上野2326","33.769686","132.740889"
"上野地区公民館","愛媛県伊予市上野611","33.771748","132.740878"
"扶桑会館","愛媛県伊予市森852-2","33.737828","132.678829"
"愛媛県農林水産研究所水産　研究センター栽培資源研究所","愛媛県伊予市森甲121-3","33.74405","132.679717"
"伊予市民体育館","愛媛県伊予市森甲91-1","33.743786","132.68168"
"伊予市民球場","愛媛県伊予市森甲91-1","33.745619","132.684733"
"下灘小学校","愛媛県伊予市双海町串甲110-3","33.650971","132.579991"
"下灘ふれあいグラウンド","愛媛県伊予市双海町串甲232-1","33.647062","132.583005"
"しもなだ体育館","愛媛県伊予市双海町串甲3670-12","33.652374","132.579514"
"しもなだグラウンド","愛媛県伊予市双海町串甲3670-12","33.65245","132.580409"
"下灘コミュニティセンター","愛媛県伊予市双海町串甲3670-16","33.652218","132.579261"
"由並小学校","愛媛県伊予市双海町高岸甲867","33.685628","132.636193"
"ふたみ潮風ふれあい公園　潮風みどりの広場","愛媛県伊予市双海町高岸甲923","33.683061","132.63515"
"翠小学校","愛媛県伊予市双海町上灘甲452-1","33.680074","132.66764"
"双海中学校","愛媛県伊予市双海町上灘甲5286-1","33.685755","132.647117"
"ふたみ農林漁業者トレーニングセンター","愛媛県伊予市双海町上灘甲5516","33.68691","132.638592"
"ふたみ林業センター","愛媛県伊予市双海町大久保甲40","33.657392","132.591459"
"大平地区公民館","愛媛県伊予市大平甲1057-3","33.717204","132.707687"
"緑風館","愛媛県伊予市大平甲1087","33.717096","132.707075"
"南山崎小学校","愛媛県伊予市大平甲942","33.71513","132.707099"
"佐礼谷生活改善センター","愛媛県伊予市中山町佐礼谷甲1122-1","33.682163","132.720575"
"長沢体育館","愛媛県伊予市中山町佐礼谷甲125","33.671232","132.699416"
"佐礼谷小学校","愛媛県伊予市中山町佐礼谷甲827-2","33.682885","132.719408"
"中山小学校","愛媛県伊予市中山町出渕2-143","33.643048","132.711608"
"中山中学校","愛媛県伊予市中山町出渕2-165","33.643427","132.711248"
"野中グラウンド","愛媛県伊予市中山町出渕3-26","33.655598","132.747743"
"野中体育館","愛媛県伊予市中山町出渕3-26","33.656032","132.748216"
"野中構造改善センター","愛媛県伊予市中山町出渕３番耕地19-3","33.655438","132.746853"
"中山コミュニティセンター","愛媛県伊予市中山町中山丑314-1","33.642898","132.709436"
"永木グラウンド","愛媛県伊予市中山町中山午987","33.636758","132.667274"
"永木体育館","愛媛県伊予市中山町中山午987","33.636553","132.667746"
"永木構造改善センター","愛媛県伊予市中山町中山未16-1","33.636279","132.664806"
"北山崎小学校","愛媛県伊予市中村41","33.741987","132.695021"
"中村地区公民館","愛媛県伊予市中村6","33.743072","132.694758"
"五色浜グラウンド","愛媛県伊予市灘町311","33.754982","132.696781"
"彩浜館","愛媛県伊予市灘町311","33.755211","132.69742"
"郡中地区公民館","愛媛県伊予市灘町359-3","33.757929","132.699185"
"八倉中央集会所","愛媛県伊予市八倉788-2","33.785626","132.769937"
"伊予市総合保健福祉センター","愛媛県伊予市尾崎3-1","33.751954","132.695943"
"小林池公園","愛媛県伊予市米湊195-1","33.75404","132.707566"
"港南中学校","愛媛県伊予市米湊500-1","33.751063","132.705993"
"さざなみ館","愛媛県伊予市湊町206-9","33.762645","132.700366"
"和霊小学校","愛媛県宇和島市伊吹町甲111","33.230814","132.575632"
"旧宇和海中学校","愛媛県宇和島市下波2952-1","33.170266","132.46494"
"旧結出小学校","愛媛県宇和島市下波3731","33.167222","132.457363"
"天神小学校","愛媛県宇和島市丸穂町甲978","33.221823","132.572843"
"奥南公民館","愛媛県宇和島市吉田町奥浦甲1-1","33.270021","132.491441"
"船間集会所","愛媛県宇和島市吉田町奥浦甲3248-3","33.274679","132.479417"
"旧奥南小学校グランド","愛媛県宇和島市吉田町奥浦甲65-1","33.272048","132.48798"
"鳥首公民館（鳥首集会所）","愛媛県宇和島市吉田町沖村甲1882-3","33.293516","132.529018"
"喜佐方小学校グランド","愛媛県宇和島市吉田町沖村甲2325-1","33.292414","132.5216"
"河内中住民レク広場","愛媛県宇和島市吉田町河内甲564","33.28886","132.503819"
"河内中集会所","愛媛県宇和島市吉田町河内甲579","33.28877","132.5042"
"旧喜佐方公民館","愛媛県宇和島市吉田町河内甲72-1","33.29234","132.520543"
"魚棚児童遊園","愛媛県宇和島市吉田町魚棚35-1","33.2756","132.54128"
"深浦集会所","愛媛県宇和島市吉田町深浦1-407-4","33.317913","132.505787"
"吉田児童公園","愛媛県宇和島市吉田町西小路7","33.280079","132.539344"
"ふれあい運動公園","愛媛県宇和島市吉田町鶴間1507","33.278719","132.533864"
"吉田公園自由広場","愛媛県宇和島市吉田町鶴間新63","33.285142","132.533546"
"吉田支所（吉田公民館）","愛媛県宇和島市吉田町東小路甲106","33.279599","132.539371"
"白浦コミュニティセンター","愛媛県宇和島市吉田町白浦2031-3","33.310299","132.528733"
"宮の浦集会所","愛媛県宇和島市吉田町法花津1-8-1","33.318972","132.513736"
"玉津共選場","愛媛県宇和島市吉田町法花津6-78-2","33.318608","132.518284"
"玉津公民館","愛媛県宇和島市吉田町法花津７番耕地360-1","33.318011","132.520363"
"吉田高校グランド","愛媛県宇和島市吉田町北小路甲10","33.285967","132.540742"
"大河内下集会所","愛媛県宇和島市吉田町立間1-1969-6","33.30819","132.5604"
"寺家郷蔵集会所","愛媛県宇和島市吉田町立間1-3730-2","33.292237","132.546502"
"中組集会所","愛媛県宇和島市吉田町立間1-653-1","33.298142","132.55396"
"味楽共選場","愛媛県宇和島市吉田町立間2-2222","33.294869","132.540702"
"君ヶ浦公園","愛媛県宇和島市吉田町立間尻甲114-1","33.267976","132.543023"
"宮下ふれあい広場","愛媛県宇和島市宮下乙605","33.204053","132.542824"
"番城小学校","愛媛県宇和島市宮下甲201","33.200969","132.549884"
"戸島小学校","愛媛県宇和島市戸島2335","33.202508","132.360102"
"嘉島小学校","愛媛県宇和島市戸島4110","33.224404","132.364229"
"高光小学校","愛媛県宇和島市高串2-121-1","33.255139","132.572419"
"三浦小学校","愛媛県宇和島市三浦西新23-1","33.169505","132.506011"
"三間小学校","愛媛県宇和島市三間町宮野下493","33.289487","132.604149"
"三間支所（三間公民館）","愛媛県宇和島市三間町宮野下835","33.290942","132.607937"
"三間中学校","愛媛県宇和島市三間町戸雁1046","33.28981","132.602443"
"北宇和高等学校三間分校","愛媛県宇和島市三間町戸雁764-3","33.291007","132.602538"
"三間町運動公園","愛媛県宇和島市三間町黒井地1542","33.309246","132.596937"
"成妙小学校","愛媛県宇和島市三間町成家759","33.299109","132.593749"
"二名小学校","愛媛県宇和島市三間町大内64","33.286884","132.64313"
"住吉小学校","愛媛県宇和島市住吉町807-2","33.230358","132.555594"
"石丸公園","愛媛県宇和島市祝森","33.180676","132.543113"
"宇和島市役所","愛媛県宇和島市曙町1","33.223299","132.560596"
"旧小池小学校","愛媛県宇和島市小池1679-3","33.200031","132.50553"
"蒋淵小学校","愛媛県宇和島市蒋淵983","33.200565","132.407603"
"城東中学校","愛媛県宇和島市新田町3-3-1","33.212088","132.557776"
"旧石応小学校","愛媛県宇和島市石応1616","33.21298","132.515008"
"愛宕公園","愛媛県宇和島市大超寺奥丙165-1","33.214237","132.574496"
"旧浦知小学校","愛媛県宇和島市津島町浦知380","33.064237","132.48989"
"上槇小学校跡地","愛媛県宇和島市津島町下畑地乙140-1","33.055812","132.554997"
"岩松小学校","愛媛県宇和島市津島町岩松503","33.125319","132.520223"
"津島支所（岩松公民館）","愛媛県宇和島市津島町岩松甲471","33.126317","132.521531"
"清満小学校","愛媛県宇和島市津島町岩渕丙395","33.124793","132.550736"
"宇和島東高等学校津島分校","愛媛県宇和島市津島町高田甲2469-1","33.134934","132.525581"
"津島中学校","愛媛県宇和島市津島町高田丙355","33.120809","132.516484"
"三島集会所","愛媛県宇和島市津島町上畑地甲6-1","33.083479","132.505891"
"畑地小学校","愛媛県宇和島市津島町上畑地甲80","33.088516","132.514396"
"旧由良小学校須下分校","愛媛県宇和島市津島町須下181-7","33.061982","132.416495"
"旧由良小学校","愛媛県宇和島市津島町成408","33.056738","132.42977"
"旧由良小学校平井分校","愛媛県宇和島市津島町平井366","33.056325","132.45673"
"北灘小学校","愛媛県宇和島市津島町北灘乙153","33.141659","132.468431"
"旧南部小学校","愛媛県宇和島市津島町北灘丁930-1","33.120123","132.474103"
"御槇小学校","愛媛県宇和島市津島町槙川1967","33.096479","132.633947"
"下灘公民館","愛媛県宇和島市津島町嵐586","33.077856","132.487443"
"旧曽根小学校","愛媛県宇和島市津島町脇706","33.100099","132.479822"
"下灘小学校","愛媛県宇和島市津島町鼡鳴135","33.084911","132.478448"
"天赦公園","愛媛県宇和島市天赦公園","33.216192","132.561353"
"日振島小学校","愛媛県宇和島市日振島2069","33.168671","132.290274"
"旧九島小学校","愛媛県宇和島市百之浦1262-6","33.223436","132.525694"
"城南中学校","愛媛県宇和島市文京町3-2","33.215917","132.559061"
"宇和津小学校","愛媛県宇和島市妙典寺前乙640","33.21261","132.568409"
"遊子小学校","愛媛県宇和島市遊子3624","33.193958","132.455076"
"和霊公園","愛媛県宇和島市和霊公園","33.228218","132.565541"
"城北中学校","愛媛県宇和島市和霊町1344-1","33.230161","132.566346"
"広見中学校体育館","愛媛県鬼北町大字永野市1200","33.247659","132.680632"
"広見中学校グラウンド","愛媛県鬼北町大字永野市1200","33.248525","132.680166"
"鬼北総合公園グラウンド","愛媛県鬼北町大字永野市1290-1","33.24688","132.683084"
"道の駅三角ぼうし駐車場","愛媛県鬼北町大字永野市138-6","33.253801","132.68733"
"三島小学校グラウンド","愛媛県鬼北町大字延川41","33.305083","132.7445"
"三島小学校体育館","愛媛県鬼北町大字延川41","33.305586","132.744409"
"日吉住民センター","愛媛県鬼北町大字下鍵山463","33.334106","132.797408"
"日吉夢産地駐車場","愛媛県鬼北町大字下鍵山54","33.330619","132.798427"
"農林業者トレーニングセンター","愛媛県鬼北町大字下鍵山734","33.332686","132.79981"
"日吉小中学校グラウンド","愛媛県鬼北町大字下鍵山810","33.331776","132.799808"
"泉小学校グラウンド","愛媛県鬼北町大字岩谷233-6","33.26295","132.711212"
"泉小学校　体育館","愛媛県鬼北町大字岩谷233-6","33.263291","132.711652"
"泉公民館","愛媛県鬼北町大字岩谷275","33.263574","132.712315"
"近永公民館","愛媛県鬼北町大字近永797","33.256447","132.684717"
"北宇和高等学校グラウンド","愛媛県鬼北町大字近永942","33.254255","132.674881"
"三島公民館","愛媛県鬼北町大字小松1523","33.307032","132.742907"
"三島グラウンド","愛媛県鬼北町大字小松235","33.300992","132.728506"
"愛治公民館","愛媛県鬼北町大字清水1043","33.303466","132.69119"
"愛治小学校体育館","愛媛県鬼北町大字清水351","33.302585","132.686491"
"愛治小学校グラウンド","愛媛県鬼北町大字清水351","33.301998","132.68625"
"近永小学校グラウンド","愛媛県鬼北町大字奈良3774","33.250454","132.672254"
"近永小学校体育館","愛媛県鬼北町大字奈良3774","33.251293","132.672158"
"好藤公民館","愛媛県鬼北町大字内深田1174","33.266489","132.662511"
"好藤小学校グラウンド","愛媛県鬼北町大字内深田805-1","33.268413","132.658384"
"好藤小学校体育館","愛媛県鬼北町大字内深田805-1","33.269009","132.658765"
"富母里施設グラウンド","愛媛県鬼北町大字父野川上93","33.323932","132.867845"
"ふるさと旅行村","愛媛県久万高原町下畑野川乙488","33.672072","132.936711"
"久万高原町公民館笠方分館","愛媛県久万高原町笠方1923-1","33.735914","133.022261"
"松山市農業協同組合久万支所","愛媛県久万高原町久万1416","33.65488","132.900753"
"産業文化会館","愛媛県久万高原町久万188","33.654447","132.902431"
"久万町民館","愛媛県久万高原町久万188","33.654844","132.902051"
"久万高原町公民館久万分館","愛媛県久万高原町久万483","33.660908","132.901016"
"久万高原町立久万中学校","愛媛県久万高原町久万600","33.660425","132.89792"
"久万高原町公民館黒藤川分館","愛媛県久万高原町黒藤川1086","33.57513","133.005877"
"久万高原町公民館二箆分館","愛媛県久万高原町黒藤川6332","33.601975","133.010542"
"久万高原町公民館若山分館","愛媛県久万高原町若山703-1","33.70165","133.094069"
"久万高原町立面河小学校","愛媛県久万高原町渋草2314","33.687146","133.033424"
"面河住民センター","愛媛県久万高原町渋草2431","33.690208","133.034981"
"道の駅「みかわ」","愛媛県久万高原町上黒岩2840-1","33.614557","132.969786"
"久万高原町立美川中学校","愛媛県久万高原町上黒岩2890","33.615063","132.975147"
"久万高原町農村環境改善センター","愛媛県久万高原町上黒岩2923-1","33.614612","132.977255"
"久万高原町立畑野川小学校","愛媛県久万高原町上畑野川甲521-1","33.685733","132.925285"
"久万高原町公民館野尻分館","愛媛県久万高原町上野尻甲190","33.643371","132.908946"
"愛媛県立上浮穴高等学校","愛媛県久万高原町上野尻甲486","33.651118","132.905679"
"久万高原町立久万小学校","愛媛県久万高原町上野尻甲846","33.651975","132.90481"
"久万Ｂ＆Ｇ海洋センター","愛媛県久万高原町菅生2-1644-1","33.665974","132.906423"
"久万公園グラウンド","愛媛県久万高原町菅生2-1644-1","33.664694","132.906852"
"久万高原町公民館西谷分館","愛媛県久万高原町西谷10203-1","33.517525","132.962388"
"下四組集会所","愛媛県久万高原町西谷11748","33.529047","132.971557"
"古味多目的集会所","愛媛県久万高原町西谷3440","33.501311","132.95344"
"西明神高齢者創作館","愛媛県久万高原町西明神315","33.672702","132.889537"
"久万高原町公民館前組分館","愛媛県久万高原町前組1773","33.710979","132.991486"
"久万高原町公民館相の峰分館","愛媛県久万高原町相の峰342","33.69474","133.003516"
"久万高原町立美川小学校","愛媛県久万高原町大川4333","33.617678","132.940076"
"久万高原町公民館中組分館","愛媛県久万高原町中組2424","33.671838","133.058828"
"旭健康増進センター","愛媛県久万高原町中津4346","33.54193","133.047404"
"久万高原町公民館中津分館","愛媛県久万高原町中津4726","33.54616","133.043622"
"直瀬住民センター","愛媛県久万高原町直瀬甲2881-1","33.704857","132.95963"
"久万高原町立直瀬小学校","愛媛県久万高原町直瀬甲3974-3","33.699653","132.964961"
"下直瀬ふれあい館","愛媛県久万高原町直瀬甲5104","33.678792","132.984272"
"久万高原町立仕七川小学校","愛媛県久万高原町東川207-1","33.636649","133.00373"
"東川健康増進センター","愛媛県久万高原町東川4900-1","33.640171","133.036697"
"久万高原町立明神小学校","愛媛県久万高原町東明神甲698-1","33.680799","132.885936"
"二名体育館","愛媛県久万高原町二名甲2361","33.640552","132.851371"
"ほたる交流館","愛媛県久万高原町二名甲291-1","33.625132","132.871325"
"久万高原町公民館美川南分館","愛媛県久万高原町日野浦3376","33.588392","132.988545"
"道の駅「天空の郷さんさん」","愛媛県久万高原町入野1855-6","33.661479","132.898287"
"入野福祉館","愛媛県久万高原町入野277","33.664297","132.896357"
"久万高原町公民館城山分館","愛媛県久万高原町本組956","33.674734","133.015314"
"久万高原町立柳谷小学校","愛媛県久万高原町柳井川3542","33.538023","133.002123"
"柳井川集会所","愛媛県久万高原町柳井川786-2","33.554802","133.005782"
"ふるさと創造の館こかげ","愛媛県久万高原町柳井川950","33.552527","133.003212"
"落合ふれあい館","愛媛県久万高原町露峰甲2519-4","33.619271","132.922275"
"久万高原町立父二峰小学校","愛媛県久万高原町露峰甲364","33.613639","132.886521"
"岡山理科大学今治キャンパスグラウンド","愛媛県今治市いこいの丘1-3","34.069267","132.980367"
"イオンモール今治新都市駐車場","愛媛県今治市にぎわい広場1-1","34.044119","132.96213"
"乃万小学校運動場","愛媛県今治市延喜甲349","34.064291","132.957584"
"吹揚小学校運動場","愛媛県今治市黄金町3-3","34.062362","133.004957"
"今治工業高等学校運動場","愛媛県今治市河南町1-1-36","34.051639","132.995639"
"岡村小学校運動場","愛媛県今治市関前岡村甲415","34.187788","132.883279"
"亀岡小学校運動場","愛媛県今治市菊間町種52","34.054805","132.873276"
"菊間緑の広場公園運動場多目的広場","愛媛県今治市菊間町池原1463-2","34.032306","132.862483"
"菊間小学校運動場","愛媛県今治市菊間町長坂2000-1","34.032576","132.845922"
"菊間中学校運動場","愛媛県今治市菊間町浜2628-1","34.03202","132.852436"
"大島バスストップ入口","愛媛県今治市吉海町仁江678","34.155987","133.064701"
"吉海小学校運動場","愛媛県今治市吉海町八幡157","34.144486","133.040857"
"旧吉海老人福祉センター駐車場","愛媛県今治市吉海町名1466","34.133331","133.04101"
"今治北高等学校運動場","愛媛県今治市宮下町2-2-14","34.06575","132.988744"
"村上海賊ミュージアム駐車場","愛媛県今治市宮窪町宮窪1285","34.168618","133.087873"
"宮窪石文化運動公園野球場","愛媛県今治市宮窪町宮窪3546","34.159364","133.069672"
"宮窪小学校運動場","愛媛県今治市宮窪町宮窪4765","34.172004","133.072335"
"桜井小学校運動場","愛媛県今治市郷桜井1-8-26","34.016733","133.034484"
"桜井中学校運動場","愛媛県今治市郷桜井1-8-8","34.016773","133.033207"
"玉川中学校運動場","愛媛県今治市玉川町高野甲21","34.018374","132.943511"
"玉川総合公園運動場多目的広場","愛媛県今治市玉川町摺木甲108","34.021731","132.936595"
"九和小学校運動場","愛媛県今治市玉川町摺木甲71-1","34.021197","132.938507"
"鴨部小学校運動場","愛媛県今治市玉川町中村甲574-1","34.022132","132.956208"
"鈍川収蔵庫（旧鈍川小学校運動場）","愛媛県今治市玉川町鈍川丙226","33.986094","132.957404"
"近見小学校運動場","愛媛県今治市近見町1-5-1","34.089641","132.985569"
"近見中学校運動場","愛媛県今治市近見町4-2-57","34.086428","132.98199"
"国分小学校運動場","愛媛県今治市古国分2-7-1","34.032956","133.031627"
"清水小学校運動場","愛媛県今治市五十嵐甲13-3","34.03277","132.984506"
"今治東中等教育学校運動場","愛媛県今治市桜井2-9-1","34.023259","133.034997"
"今治特別支援学校運動場","愛媛県今治市桜井乙32-313","34.01208","133.045903"
"愛媛中央産業技術専門校運動場","愛媛県今治市桜井団地4-1-1","34.023286","133.014394"
"西中学校運動場","愛媛県今治市山路554-3","34.057796","132.976559"
"南中学校運動場","愛媛県今治市松木349-1","34.031183","133.000784"
"上浦小学校運動場","愛媛県今治市上浦町井口4497-1","34.263135","133.032248"
"大三島中学校運動場","愛媛県今治市上浦町井口5610","34.264918","133.036534"
"富田小学校運動場","愛媛県今治市上徳甲394-4","34.033904","133.013534"
"今治南高等学校運動場","愛媛県今治市常盤町7-2-17","34.05508","132.989035"
"大三島小学校運動場","愛媛県今治市大三島町宮浦5145","34.246546","133.001088"
"藤山健康文化公園","愛媛県今治市大西町宮脇乙579-1","34.060884","132.929974"
"大西中学校運動場","愛媛県今治市大西町九王甲2280-1","34.066118","132.926675"
"大西小学校運動場","愛媛県今治市大西町大井浜103","34.063454","132.923177"
"来島海峡サービスエリア管理用駐車場","愛媛県今治市大浜町２－丙510-3","34.098895","132.980121"
"波止浜小学校運動場","愛媛県今治市地堀1-3-40","34.105685","132.965209"
"日吉中学校運動場","愛媛県今治市中日吉町1-3-70","34.061116","132.992805"
"常盤小学校運動場","愛媛県今治市中日吉町2-6-55","34.059434","132.989669"
"今治西高等学校運動場","愛媛県今治市中日吉町3-5-47","34.057704","132.986949"
"北郷中学校運動場","愛媛県今治市中堀4-1-1","34.100827","132.958423"
"朝倉中学校運動場","愛媛県今治市朝倉北甲273","33.997503","133.016855"
"朝倉小学校運動場","愛媛県今治市朝倉北甲281","33.998718","133.016432"
"バリクリーン（今治市クリーンセンター）駐車場","愛媛県今治市町谷甲394","34.020881","132.998632"
"旧城東小学校運動場","愛媛県今治市東門町4-3-16","34.059756","133.013072"
"鳥生小学校運動場","愛媛県今治市南高下町3-3-71","34.048546","133.013397"
"旧日吉小学校運動場","愛媛県今治市南宝来町1-6-1","34.061959","132.998494"
"国立波方海上技術短期大学校運動場","愛媛県今治市波方町波方甲1634-1","34.118507","132.956386"
"波方公園運動場多目的広場","愛媛県今治市波方町樋口乙730","34.103867","132.949111"
"波方小学校運動場","愛媛県今治市波方町養老甲803-1","34.104582","132.946097"
"イオン今治店駐車場","愛媛県今治市馬越町4-8-1","34.055675","132.980297"
"伯方小学校運動場","愛媛県今治市伯方町木浦甲3599-2","34.204717","133.111615"
"伯方中学校運動場","愛媛県今治市伯方町木浦甲4134-1","34.212595","133.10662"
"今治西高等学校伯方分校運動場","愛媛県今治市伯方町有津甲2358","34.201597","133.101105"
"別宮小学校運動場","愛媛県今治市別宮町5-1-7","34.071106","132.992194"
"中央体育館駐車場","愛媛県今治市別宮町6-2-2","34.072046","132.993167"
"日高小学校運動場","愛媛県今治市別名446-2","34.045699","132.976291"
"今治明徳短期大学運動場","愛媛県今治市矢田甲688","34.060419","132.968523"
"立花中学校運動場","愛媛県今治市立花町2-8-7","34.049876","132.997338"
"立花小学校運動場","愛媛県今治市立花町4-3-45","34.047841","133.001423"
"松柏グラウンド","愛媛県四国中央市下柏町356-1","33.985247","133.563195"
"松柏小学校グラウンド","愛媛県四国中央市下柏町407","33.984105","133.563623"
"寒川小学校グラウンド","愛媛県四国中央市寒川町1814","33.964487","133.515924"
"金生第一小学校グラウンド","愛媛県四国中央市金生町下分1665","34.002902","133.58399"
"向山公園グラウンド","愛媛県四国中央市金生町下分2571-1","33.995548","133.589125"
"金生第二小学校グラウンド","愛媛県四国中央市金生町山田井775","34.012841","133.597362"
"南小学校グラウンド","愛媛県四国中央市金田町金川145","33.991559","133.601004"
"金田グラウンド","愛媛県四国中央市金田町金川270-1","33.985488","133.595578"
"森と湖畔の公園","愛媛県四国中央市金田町半田甲232","34.002124","133.605084"
"妻鳥小学校グラウンド","愛媛県四国中央市妻鳥町1488","33.991169","133.570579"
"川之江埋立グラウンド","愛媛県四国中央市妻鳥町3053","34.000962","133.556276"
"大江１号緑地","愛媛県四国中央市妻鳥町3068","34.001261","133.557946"
"川之江運動場","愛媛県四国中央市妻鳥町594","34.010649","133.56562"
"三島小学校グラウンド","愛媛県四国中央市三島中央3-2-23","33.980467","133.544319"
"三島高等学校グラウンド","愛媛県四国中央市三島中央5-11-30","33.978271","133.544353"
"新田公園","愛媛県四国中央市柴生町字山瀬乙169","33.993394","133.616435"
"川之江南中学校グラウンド","愛媛県四国中央市上分町395","33.993696","133.583633"
"上分小学校グラウンド","愛媛県四国中央市上分町800","33.991898","133.586605"
"川之江こども園グラウンド","愛媛県四国中央市川之江町1061-6","34.011345","133.569491"
"川之江高等学校グラウンド","愛媛県四国中央市川之江町2257","34.009993","133.577435"
"川之江小学校グラウンド","愛媛県四国中央市川之江町2370","34.015792","133.58001"
"川之江北中学校グラウンド","愛媛県四国中央市川之江町2390","34.013704","133.579425"
"浜公園多目的広場","愛媛県四国中央市川之江町4109-3","34.019026","133.565863"
"川之江体育館防災広場","愛媛県四国中央市川之江町993","34.009524","133.571821"
"中曽根小学校グラウンド","愛媛県四国中央市中曽根町1556","33.976063","133.548037"
"三島東中学校グラウンド","愛媛県四国中央市中曽根町199","33.977443","133.557094"
"中之庄小学校グラウンド","愛媛県四国中央市中之庄町140","33.973332","133.531922"
"伊予三島運動公園","愛媛県四国中央市中之庄町1665-1","33.979021","133.527378"
"小富士小学校グラウンド","愛媛県四国中央市土居町小林667","33.961764","133.436827"
"関川小学校グラウンド","愛媛県四国中央市土居町上野1726-1","33.944525","133.387939"
"土居高等学校グラウンド","愛媛県四国中央市土居町中村892","33.965283","133.430751"
"長津小学校グラウンド","愛媛県四国中央市土居町津根2061","33.962934","133.457141"
"土居小学校グラウンド","愛媛県四国中央市土居町土居1580","33.960436","133.420785"
"土居中学校グラウンド","愛媛県四国中央市土居町土居375","33.962151","133.426252"
"やまじ風公園","愛媛県四国中央市土居町畑野1637","33.947208","133.412035"
"北小学校グラウンド","愛媛県四国中央市土居町蕪崎1040","33.97931","133.426201"
"豊岡小学校グラウンド","愛媛県四国中央市豊岡町豊田45","33.96538","133.481097"
"愛光公園","愛媛県松山市愛光町395-1","33.846438","132.74978"
"松山商業高等学校グラウンド","愛媛県松山市旭町71","33.840017","132.777388"
"安岡避難地","愛媛県松山市安岡甲64","33.933468","132.774749"
"安城寺西公園","愛媛県松山市安城寺町1334-1","33.881654","132.740848"
"久枝小学校グラウンド","愛媛県松山市安城寺町586-1","33.870198","132.739546"
"学校法人愛光学園グラウンド","愛媛県松山市衣山5-1610-1","33.845205","132.735072"
"松山中央高等学校グラウンド","愛媛県松山市井門町1220","33.800124","132.768218"
"三島公園","愛媛県松山市井門町934","33.791711","132.783443"
"石井東小学校グラウンド","愛媛県松山市越智1-3-35","33.807696","132.787046"
"越智公園","愛媛県松山市越智３－２２１－１外","33.810368","132.780247"
"立岩小学校グラウンド","愛媛県松山市猿川原甲49","33.975468","132.835815"
"旭中学校グラウンド","愛媛県松山市下伊台町1105-1","33.873878","132.802555"
"伊台小学校グラウンド","愛媛県松山市下伊台町1438-1","33.878151","132.798561"
"伊台保育園グラウンド","愛媛県松山市下伊台町1493-1","33.877866","132.799131"
"向陽第２公園","愛媛県松山市下伊台町489-102","33.875186","132.809624"
"北条公園（法橋運動広場）","愛媛県松山市下難波甲18-10","33.98356","132.773692"
"日浦中学校グラウンド","愛媛県松山市河中町188-1","33.901783","132.870872"
"日浦小学校グラウンド","愛媛県松山市河中町甲79-2","33.90115","132.872018"
"河野中須賀緑地","愛媛県松山市河野中須賀316-2","33.945129","132.767869"
"北条南中学校グラウンド","愛媛県松山市河野別府12","33.946293","132.780437"
"河野別府公園（北条文化の森公園）","愛媛県松山市河野別府921-1","33.957391","132.781202"
"会津公園","愛媛県松山市会津町11-6","33.863111","132.725996"
"すみれ公園","愛媛県松山市会津町16-16","33.863663","132.728113"
"鴨川中学校グラウンド","愛媛県松山市鴨川2-7-19","33.873486","132.750573"
"鴨川公園","愛媛県松山市鴨川3-1041-1","33.87425","132.749393"
"萱町公園","愛媛県松山市萱町5-10-1","33.850422","132.756639"
"吉藤公園","愛媛県松山市吉藤2-481-1","33.869366","132.75908"
"潮見小学校グラウンド","愛媛県松山市吉藤4-7-13","33.873645","132.754834"
"松山少年鑑別所敷地内駐車場","愛媛県松山市吉野町3860","33.860599","132.734033"
"坂本幼稚園グラウンド","愛媛県松山市久谷町24","33.749425","132.825074"
"坂本小学校グラウンド","愛媛県松山市久谷町30","33.749052","132.825873"
"山口公園","愛媛県松山市久谷町６１５－１外","33.735651","132.8309"
"奥久谷公園","愛媛県松山市久谷町乙1067-1","33.72369","132.841439"
"窪田小学校グラウンド","愛媛県松山市久米窪田町307","33.801273","132.816471"
"北窪田公園","愛媛県松山市久米窪田町938-1","33.806874","132.811124"
"久保公園","愛媛県松山市久保399-1","33.939777","132.76577"
"学校法人松山聖陵学園松山聖陵高等学校グラウンド","愛媛県松山市久万ノ台1112","33.85679","132.741148"
"松山盲学校グラウンド","愛媛県松山市久万ノ台112","33.856429","132.749167"
"久万ノ台緑地","愛媛県松山市久万ノ台1421-1","33.857777","132.737355"
"松山西中等教育学校グラウンド","愛媛県松山市久万ノ台1485-4","33.859931","132.737553"
"松山大学久万ノ台グラウンド","愛媛県松山市久万ノ台1644","33.864748","132.737608"
"久万ノ台公園","愛媛県松山市久万ノ台乙１７４９－１外","33.860402","132.738895"
"味酒小学校グラウンド","愛媛県松山市宮西2-2-21","33.847638","132.753351"
"河野小学校グラウンド","愛媛県松山市宮内甲9-1","33.950482","132.785595"
"椿公園","愛媛県松山市居相4-274-4","33.808801","132.772028"
"済美平成中等教育学校グラウンド","愛媛県松山市空港通5-6-3","33.826799","132.73318"
"空港通１，２公園","愛媛県松山市空港通１－２４７外","33.827481","132.750371"
"窪野公園","愛媛県松山市窪野町甲295-1","33.740428","132.838299"
"松山東雲女子大学・短期大学グラウンド","愛媛県松山市桑原3-2-1","33.832887","132.796503"
"桑原小学校グラウンド","愛媛県松山市桑原3-7-27","33.834717","132.7946"
"桑原保育園グラウンド","愛媛県松山市桑原4-10-22","33.832478","132.79459"
"経石山公園","愛媛県松山市桑原４－４０８外","33.830619","132.794032"
"恵原公園","愛媛県松山市恵原町甲445-1","33.765923","132.809262"
"権現公園","愛媛県松山市権現町甲１６２－１外","33.901084","132.763812"
"怒和小学校グラウンド","愛媛県松山市元怒和甲8-2","33.972961","132.549091"
"元怒和保育所グラウンド","愛媛県松山市元怒和甲925-1","33.975419","132.542703"
"宮前公園","愛媛県松山市古三津1-1479-2","33.856941","132.723384"
"古川公園","愛媛県松山市古川西2-1044-1","33.807935","132.758704"
"古川南公園","愛媛県松山市古川南３－７９２－２外","33.804956","132.763853"
"北古川公園","愛媛県松山市古川北1-135-1","33.81392","132.762764"
"つばき保育園グラウンド","愛媛県松山市古川北2-18-30","33.812828","132.762792"
"学校法人松山大学御幸キャンパスグラウンド","愛媛県松山市御幸１－３２０－１外","33.855018","132.765517"
"光洋台緑地Ｃ","愛媛県松山市光洋台1-68","33.924005","132.764934"
"光洋台緑地Ａ","愛媛県松山市光洋台3-34","33.920711","132.762171"
"光洋台緑地Ｂ","愛媛県松山市光洋台7-58","33.92309","132.76171"
"観月山公園","愛媛県松山市港山町2021","33.86871","132.715427"
"八白公園","愛媛県松山市溝辺町甲135","33.847423","132.806959"
"神前公園","愛媛県松山市溝辺町甲437-4","33.851759","132.807483"
"湯山中学校グラウンド","愛媛県松山市溝辺町甲508-1","33.852659","132.805822"
"小百合保育園グラウンド","愛媛県松山市溝辺町甲528","33.852909","132.806509"
"溝辺公園","愛媛県松山市溝辺町甲７２１－４外","33.853285","132.803323"
"たかい公園","愛媛県松山市高井町１１０５外","33.795252","132.812292"
"西中学校グラウンド","愛媛県松山市高岡町409","33.82571","132.717471"
"高岡みなみ公園","愛媛県松山市高岡町46-1","33.825977","132.724329"
"生石小学校グラウンド","愛媛県松山市高岡町630-3","33.832182","132.71587"
"若宮公園","愛媛県松山市高岡町783-29","33.835278","132.71783"
"高岡第一公園","愛媛県松山市高岡町835-1","33.831751","132.71394"
"生石保育園グラウンド","愛媛県松山市高岡町860-1","33.830623","132.712765"
"高岡中央公園","愛媛県松山市高岡町５８２－５外","33.831973","132.721181"
"高浜保育園グラウンド","愛媛県松山市高浜町6-1674","33.893058","132.708306"
"高浜公園","愛媛県松山市高浜町6-2255-1","33.895217","132.707647"
"ことひら公園","愛媛県松山市高浜町４丁目乙74","33.886807","132.703212"
"たかの夢公園","愛媛県松山市高野町甲76-4","33.854849","132.811572"
"八雲保育園グラウンド","愛媛県松山市此花町1-8","33.84019","132.780906"
"今在家公園","愛媛県松山市今在家３－３１３－１外","33.8046","132.790841"
"三町三角公園","愛媛県松山市三町3-85-2","33.82392","132.798015"
"八坂公園","愛媛県松山市三番町1-3-3","33.83718","132.772996"
"新玉公園","愛媛県松山市三番町６－４－２１外","33.838143","132.759727"
"山越保育園グラウンド","愛媛県松山市山越1-19-40","33.856337","132.755452"
"日分公園","愛媛県松山市山越1-531-12","33.856761","132.758345"
"姫山小学校グラウンド","愛媛県松山市山越3-800","33.864408","132.763524"
"愛媛大学山越運動場","愛媛県松山市山越4-11-10","33.862166","132.754492"
"丁地公園","愛媛県松山市山越5-10-3","33.860284","132.750802"
"山越公園","愛媛県松山市山越5-3-1","33.860441","132.752969"
"高崎公園","愛媛県松山市山越6-13-1","33.856821","132.750997"
"学校法人新田学園グラウンド","愛媛県松山市山西町663","33.851635","132.726157"
"山西公園","愛媛県松山市山西町909","33.854102","132.722733"
"松山中央公園","愛媛県松山市市坪西町６２５－１外","33.80938","132.744676"
"椿中学校グラウンド","愛媛県松山市市坪南1-1-20","33.808684","132.754153"
"拓南中学校グラウンド","愛媛県松山市枝松5-4-39","33.828304","132.783771"
"川附公園（福音公園）","愛媛県松山市枝松6-14-4","33.82445","132.784796"
"枝松公園","愛媛県松山市枝松４－２２９－１外","33.831296","132.786008"
"愛媛大学教育学部附属中学校グラウンド","愛媛県松山市持田町1-5-22","33.841901","132.782522"
"愛媛大学教育学部附属小学校グラウンド","愛媛県松山市持田町1-5-22","33.843505","132.783756"
"松山東高等学校グラウンド","愛媛県松山市持田町2-2-12","33.842206","132.778872"
"持田若宮公園","愛媛県松山市持田町3-250-1","33.844374","132.781522"
"粟井保育園グラウンド","愛媛県松山市鹿峰63-2","33.936442","132.773514"
"泉団地緑地","愛媛県松山市鹿峰１３６－２外","33.939058","132.772658"
"三津浜中学校グラウンド","愛媛県松山市若葉町8-48","33.856046","132.718333"
"三津住吉公園","愛媛県松山市住吉２－９０－１外","33.863645","132.716343"
"重信川緑地","愛媛県松山市重信川河川敷","33.78474","132.809834"
"祝谷公園","愛媛県松山市祝谷４－８６９－１外","33.856577","132.777409"
"祝谷北公園","愛媛県松山市祝谷６－１０９３－１外","33.860657","132.776197"
"和気公民館勝岡分館グラウンド","愛媛県松山市勝岡町112","33.898328","132.725773"
"太衛門公園","愛媛県松山市勝岡町181","33.898862","132.728071"
"六町公園","愛媛県松山市勝岡町238","33.901621","132.724193"
"内新田公園","愛媛県松山市勝岡町63","33.897366","132.730314"
"小栗公園","愛媛県松山市小栗6-202-1","33.826854","132.755212"
"素鵞小学校グラウンド","愛媛県松山市小坂1-4-48","33.834217","132.779875"
"小坂公園","愛媛県松山市小坂5-306-3","33.825451","132.781003"
"小山田公園","愛媛県松山市小山田甲３３１－１外1","33.991637","132.843917"
"中島Ｂ＆Ｇ海洋センターグラウンド","愛媛県松山市小浜甲1101-1","33.966204","132.62864"
"庄公園","愛媛県松山市庄甲291","33.971907","132.802365"
"伊台本村公園","愛媛県松山市上伊台町181-3","33.886466","132.793357"
"道後中学校グラウンド","愛媛県松山市上市1-3-57","33.845301","132.789369"
"県立総合運動公園","愛媛県松山市上野町","33.768783","132.796029"
"上野町中組公園","愛媛県松山市上野町504-4","33.771976","132.804049"
"上野団地公園","愛媛県松山市上野町乙107-17","33.775039","132.798357"
"上野町今市公園","愛媛県松山市上野町甲１４３４－２外","33.776454","132.809872"
"粟井小学校グラウンド","愛媛県松山市常竹甲100","33.934096","132.776084"
"久谷中学校グラウンド","愛媛県松山市浄瑠璃町940","33.758606","132.818823"
"浄瑠璃公園","愛媛県松山市浄瑠璃町甲1040-4","33.75557","132.819765"
"湯山小学校グラウンド","愛媛県松山市食場町甲128","33.860829","132.814806"
"湯山公園","愛媛県松山市食場町甲３１６－２３外","33.86265","132.815279"
"新浜公園","愛媛県松山市新浜町１１４５－４外","33.873628","132.713874"
"浮穴小学校グラウンド","愛媛県松山市森松町832","33.792535","132.798233"
"森松本村公園","愛媛県松山市森松町847-1","33.793649","132.797667"
"南第二中学校グラウンド","愛媛県松山市森松町943","33.795956","132.792392"
"松山工業高等学校グラウンド","愛媛県松山市真砂町1","33.832218","132.76156"
"三津浜幼稚園グラウンド","愛媛県松山市神田町1-41","33.860967","132.719017"
"たちばな小学校グラウンド","愛媛県松山市針田町209-1","33.822965","132.734022"
"針田公園","愛媛県松山市針田町１０７－５外","33.823516","132.736304"
"西須賀公園","愛媛県松山市須賀町1-10","33.857682","132.717572"
"小野公園","愛媛県松山市水泥町839","33.805785","132.834679"
"五明幼稚園グラウンド","愛媛県松山市菅沢町乙45-4","33.903312","132.818771"
"五明小学校グラウンド","愛媛県松山市菅沢町乙45-4","33.903192","132.818862"
"星ヶ岡公園（東山古墳公園）","愛媛県松山市星岡町","33.814835","132.784881"
"正円寺公園","愛媛県松山市正円寺３－５４－４地内","33.838146","132.800332"
"三本柳公園（清住公園）","愛媛県松山市清住1-8-4","33.854423","132.71904"
"清水公園","愛媛県松山市清水町2-7-2","33.850132","132.762921"
"勝山中学校グラウンド","愛媛県松山市清水町3-148-2","33.851943","132.763683"
"清水小学校グラウンド","愛媛県松山市清水町3-15","33.851998","132.767993"
"西垣生公園","愛媛県松山市西垣生町1066-7","33.816219","132.703624"
"住吉公園","愛媛県松山市西垣生町1369-1","33.810584","132.699286"
"木の実幼稚園グラウンド","愛媛県松山市西垣生町1690-1","33.812815","132.698206"
"大新田公園","愛媛県松山市西垣生町286","33.808683","132.699692"
"垣生中学校グラウンド","愛媛県松山市西垣生町418","33.809173","132.706086"
"垣生小学校グラウンド","愛媛県松山市西垣生町730-1","33.81365","132.705821"
"石井幼稚園グラウンド","愛媛県松山市西石井6-4-29","33.812468","132.774321"
"石井保育園グラウンド","愛媛県松山市西石井6-4-34","33.812389","132.775193"
"西石井公園","愛媛県松山市西石井５－３１８－６外","33.81498","132.770491"
"みどり小学校グラウンド","愛媛県松山市西長戸町493-2","33.866301","132.739956"
"西長戸公園","愛媛県松山市西長戸町558","33.866375","132.736697"
"西長戸東公園","愛媛県松山市西長戸町１６３－２外","33.866996","132.745829"
"西野公園","愛媛県松山市西野町甲441","33.763704","132.802132"
"青葉台公園","愛媛県松山市青葉台44","33.857732","132.734204"
"道後小学校グラウンド","愛媛県松山市石手4-10-5","33.844986","132.791709"
"石手川緑地","愛媛県松山市石手川河川敷","33.828565","132.767026"
"すみれ野南公園","愛媛県松山市石風呂町230-1","33.873178","132.718141"
"すみれ野北公園","愛媛県松山市石風呂町579","33.878353","132.715309"
"幸町公園","愛媛県松山市千舟町7-6-7","33.837817","132.755111"
"新玉小学校グラウンド","愛媛県松山市千舟町8-89","33.8362","132.75386"
"味栗公園","愛媛県松山市浅海原甲２７９－１外3","34.001933","132.794636"
"浅海保育園グラウンド","愛媛県松山市浅海本谷甲719-1","34.009957","132.801919"
"浅海小学校グラウンド","愛媛県松山市浅海本谷甲728","34.009666","132.803312"
"善応寺農村公園","愛媛県松山市善応寺甲388","33.949612","132.793068"
"愛媛慈恵会地域交流ホームグラウンド","愛媛県松山市束本2-13-3","33.828177","132.788869"
"太山寺小山公園","愛媛県松山市太山寺町1355","33.887922","132.727304"
"清和公園","愛媛県松山市太山寺町2244","33.892248","132.722281"
"北中学校グラウンド","愛媛県松山市太山寺町491-1","33.882416","132.734892"
"和気小学校グラウンド","愛媛県松山市太山寺町671-3","33.889307","132.731936"
"太山寺本村公園","愛媛県松山市太山寺町１５８７－１外","33.882547","132.722745"
"大渕公園","愛媛県松山市太山寺町乙168-1","33.884413","132.732535"
"三津大可賀公園","愛媛県松山市大可賀1-5","33.854627","132.714745"
"松山東雲中学・高等学校グラウンド","愛媛県松山市大街道3-2-24","33.843276","132.770294"
"久米小学校グラウンド","愛媛県松山市鷹子町15-1","33.81117","132.806611"
"久米保育園グラウンド","愛媛県松山市鷹子町4-4","33.809983","132.806367"
"浄土寺公園","愛媛県松山市鷹子町３３３－１外","33.817445","132.808747"
"拓川市民運動広場","愛媛県松山市拓川町453-1","33.826482","132.765657"
"たつみ公園","愛媛県松山市辰巳町２８５８－８外","33.866653","132.71923"
"谷町公園","愛媛県松山市谷町甲236","33.882029","132.754317"
"愛媛大学附属高等学校グラウンド","愛媛県松山市樽味3-2-40","33.838255","132.794172"
"城西中学校グラウンド","愛媛県松山市竹原3-19-35","33.834359","132.747124"
"中須賀公園","愛媛県松山市中須賀1-11","33.86462","132.723813"
"中須賀保育園グラウンド","愛媛県松山市中須賀1-12-17","33.86455","132.724517"
"正岡松尾公園","愛媛県松山市中西外686-1","33.96179","132.786323"
"河野別府公園（ゲートボール場）","愛媛県松山市中西外９６６外4","33.959036","132.782024"
"中村公園","愛媛県松山市中村3-367-1","33.831612","132.775726"
"松山保育園グラウンド","愛媛県松山市中村3-5-29","33.830413","132.775906"
"難波小学校グラウンド","愛媛県松山市中通甲807-1","33.983029","132.794769"
"中通みんなの広場","愛媛県松山市中通甲３１２－１外5","33.978123","132.789562"
"城山小学校跡グラウンド","愛媛県松山市中島粟井甲876","33.994494","132.637618"
"中島こども園グラウンド","愛媛県松山市中島大浦3021-1","33.97391","132.627713"
"松山北高等学校中島分校グラウンド","愛媛県松山市中島大浦3100-1","33.973211","132.62638"
"中野公園","愛媛県松山市中野町甲307","33.779078","132.828714"
"聖カタリナ学園高等学校グラウンド","愛媛県松山市朝生田町4-9-9","33.823214","132.764785"
"朝生田公園","愛媛県松山市朝生田町６－２外","33.819664","132.765179"
"松山総合公園","愛媛県松山市朝日ケ丘1","33.843869","132.739523"
"朝日ケ丘公園","愛媛県松山市朝日ケ丘2-1464","33.847606","132.743608"
"長師グラウンド","愛媛県松山市長師156-1","33.957141","132.625239"
"中島小学校グラウンド","愛媛県松山市長師564","33.962665","132.625815"
"中島中学校グラウンド","愛媛県松山市長師817","33.96404","132.625606"
"津吉公園","愛媛県松山市津吉町乙15","33.77146","132.840148"
"津和地小学校グラウンド","愛媛県松山市津和地1588-1","33.975465","132.508132"
"津和地保育所グラウンド","愛媛県松山市津和地420","33.982116","132.512603"
"天山公園","愛媛県松山市天山３－１３０－２外","33.819763","132.774517"
"土居公園","愛媛県松山市土居町１０２６－１外","33.79857","132.790256"
"雄新中学校グラウンド","愛媛県松山市土居田町1","33.824491","132.754292"
"双葉小学校グラウンド","愛媛県松山市土居田町123-3","33.823435","132.753455"
"土居田公園","愛媛県松山市土居田町423","33.824174","132.745993"
"土居田本村公園","愛媛県松山市土居田町581-2","33.820332","132.743788"
"雄郡小学校グラウンド","愛媛県松山市土橋町1","33.831866","132.758186"
"東雲公園","愛媛県松山市東雲町7-2","33.845786","132.773679"
"空港東第三公園","愛媛県松山市東垣生町628-1","33.815614","132.714382"
"奥土居公園","愛媛県松山市東垣生町706-1","33.814689","132.7163"
"東垣生公園","愛媛県松山市東垣生町758-2","33.81624","132.71493"
"八反地公園","愛媛県松山市東垣生町782","33.815475","132.717081"
"空港東第四公園","愛媛県松山市東垣生町869-1","33.817865","132.715072"
"空港東第二公園","愛媛県松山市東垣生町928-1","33.816868","132.714942"
"空港東公園","愛媛県松山市東垣生町９５０－１外","33.816839","132.711252"
"東山公園","愛媛県松山市東山町４１０９－１外","33.863607","132.731346"
"石井小学校グラウンド","愛媛県松山市東石井6-8-52","33.811009","132.776188"
"南中学校グラウンド","愛媛県松山市東石井7-2-52","33.80683","132.775513"
"東山古墳公園（星ヶ岡西公園）","愛媛県松山市東石井３丁目乙20","33.815386","132.78084"
"東大栗公園","愛媛県松山市東大栗町甲1273-1","33.908188","132.787222"
"政友公園","愛媛県松山市東方町２２５８－１外","33.776576","132.821789"
"荏原小学校グラウンド","愛媛県松山市東方町甲1245","33.768668","132.818211"
"荏原幼稚園グラウンド","愛媛県松山市東方町甲1493-3","33.768794","132.81689"
"東方中央公園","愛媛県松山市東方町甲１４８１－１外","33.768945","132.821575"
"ひがしの北公園","愛媛県松山市東野３－甲２７８－１外","33.843546","132.802974"
"湯の山第２公園","愛媛県松山市湯の山2-10-1","33.869889","132.813814"
"湯の山第１公園","愛媛県松山市湯の山5-1-5","33.869047","132.817199"
"湯の山東公園","愛媛県松山市湯の山8-16","33.871425","132.816995"
"湯の山西公園","愛媛県松山市湯の山１－１２－１外","33.868259","132.813821"
"湯の山北公園","愛媛県松山市湯の山３－１１－１外","33.872542","132.814653"
"湯の山東第２公園","愛媛県松山市湯の山東1-7","33.871203","132.818572"
"湯の山東第１公園","愛媛県松山市湯の山東1-8","33.871712","132.818224"
"湯の山東第４公園","愛媛県松山市湯の山東2-8","33.872536","132.82135"
"湯の山東第３公園","愛媛県松山市湯の山東5-6","33.870392","132.81913"
"八坂小学校グラウンド","愛媛県松山市湯渡町4-20","33.839276","132.782309"
"道後公園","愛媛県松山市道後公園地内","33.848538","132.786613"
"道後保育園グラウンド","愛媛県松山市道後姫塚123-1","33.849512","132.789189"
"湯月公園","愛媛県松山市道後姫塚140-1","33.850474","132.790643"
"湯築小学校グラウンド","愛媛県松山市道後北代10-41","33.853442","132.777707"
"内宮中学校グラウンド","愛媛県松山市内宮町569-1","33.893635","132.74979"
"内宮公園","愛媛県松山市内宮町乙926-3","33.896304","132.750159"
"内浜公園","愛媛県松山市内浜町12-3","33.865812","132.727683"
"南吉田公園","愛媛県松山市南吉田町1252-1","33.826685","132.705482"
"南吉田中央公園","愛媛県松山市南吉田町1366","33.826969","132.709387"
"空港南公園","愛媛県松山市南吉田町2267","33.821462","132.704723"
"空港南第二公園","愛媛県松山市南吉田町2428","33.823035","132.70247"
"南吉田第三公園","愛媛県松山市南吉田町2593-1","33.823517","132.709275"
"南吉田第二公園","愛媛県松山市南吉田町2653","33.823784","132.709044"
"鶴ケ丘公園","愛媛県松山市南吉田町527-3","33.822379","132.714592"
"南久米公園","愛媛県松山市南久米町５９４外","33.812538","132.802862"
"日尾公園","愛媛県松山市南久米町乙1-1","33.818826","132.80547"
"南江戸公園","愛媛県松山市南江戸4-972","33.837481","132.742451"
"浮穴保育園グラウンド","愛媛県松山市南高井町1608-2","33.792236","132.799369"
"杖ノ淵公園","愛媛県松山市南高井町１３５２外","33.791751","132.810986"
"南斎院公園","愛媛県松山市南斎院町232-3","33.831116","132.734874"
"松山商業高等学校第２グラウンド","愛媛県松山市南斎院町乙１１－２外","33.845635","132.733253"
"南土居公園","愛媛県松山市南土居町239-1","33.796245","132.802746"
"梅西公園","愛媛県松山市南梅本町1048-4","33.79967","132.832444"
"南梅本公園","愛媛県松山市南梅本町２２５－５外","33.799695","132.839581"
"二神小学校グラウンド","愛媛県松山市二神甲227","33.935061","132.544424"
"番町小学校グラウンド","愛媛県松山市二番町4-6-1","33.839179","132.766379"
"むくのき公園","愛媛県松山市馬木町2055","33.890168","132.747378"
"なかのちょう公園","愛媛県松山市馬木町2142","33.893223","132.747217"
"おおつか公園","愛媛県松山市馬木町2185","33.893321","132.743891"
"ともくに公園","愛媛県松山市馬木町2250","33.89154","132.745831"
"松山聾学校グラウンド","愛媛県松山市馬木町2325","33.889217","132.745313"
"高浜小学校グラウンド","愛媛県松山市梅津寺町1352-2","33.875873","132.708967"
"高浜中学校グラウンド","愛媛県松山市梅津寺町乙52","33.875655","132.710215"
"三津浜小学校グラウンド","愛媛県松山市梅田町2-42","33.85927","132.71477"
"興居島小学校釣島分校グラウンド","愛媛県松山市泊町1465","33.894611","132.637605"
"泊公園","愛媛県松山市泊町533-1","33.878889","132.683019"
"泊小学校跡グラウンド","愛媛県松山市泊町618-1","33.881166","132.680168"
"御手洗公園","愛媛県松山市泊町９１－５地先","33.873121","132.669675"
"興居島小学校グラウンド","愛媛県松山市泊町甲425-3","33.893615","132.671497"
"興居島中学校グラウンド","愛媛県松山市泊町甲425-3","33.89366","132.671369"
"白水台公園","愛媛県松山市白水台2-12-6","33.874961","132.780414"
"白水台北公園","愛媛県松山市白水台4-22-7","33.878568","132.780215"
"白水台南公園","愛媛県松山市白水台5-2-13","33.87171","132.778612"
"白水台西公園","愛媛県松山市白水台6-20","33.875438","132.776991"
"松山市畑寺福祉センターグラウンド","愛媛県松山市畑寺4-8-5","33.825516","132.803956"
"畑寺公園","愛媛県松山市畑寺１－５０８－１外","33.832118","132.800017"
"桑原中学校グラウンド","愛媛県松山市畑寺町丙238-28","33.836244","132.805795"
"正岡小学校グラウンド","愛媛県松山市八反地甲160","33.970343","132.794425"
"国津保育園グラウンド","愛媛県松山市八反地甲1647","33.970825","132.790417"
"尾儀原公園","愛媛県松山市尾儀原甲４９－３外1","33.975422","132.828678"
"朝美保育園グラウンド","愛媛県松山市美沢2-7-39","33.850963","132.74624"
"姫原西公園","愛媛県松山市姫原3-392-4","33.864871","132.756164"
"富久公園","愛媛県松山市富久町３０２－５外","33.82343","132.727903"
"福音小学校グラウンド","愛媛県松山市福音寺町355-1","33.821265","132.789931"
"北久米小学校グラウンド","愛媛県松山市福音寺町9","33.820108","132.798345"
"中筋公園","愛媛県松山市福角町1553","33.902037","132.75471"
"松尾公園","愛媛県松山市福角町乙９２９外","33.895695","132.75572"
"堀江小学校グラウンド","愛媛県松山市福角町甲1409-2","33.901707","132.757834"
"松尾西公園","愛媛県松山市福角町甲51-117","33.896046","132.751227"
"東雲小学校グラウンド","愛媛県松山市文京町2-1","33.849317","132.774716"
"東中学校グラウンド","愛媛県松山市文京町2-2","33.850249","132.774879"
"松山北高等学校グラウンド","愛媛県松山市文京町4-1","33.849757","132.768996"
"学校法人松山大学グラウンド","愛媛県松山市文京町4-2","33.850042","132.766454"
"小野小学校グラウンド","愛媛県松山市平井町3673","33.807198","132.837978"
"小野中学校グラウンド","愛媛県松山市平井町3690","33.807577","132.83692"
"平井保育園グラウンド","愛媛県松山市平井町甲118","33.809523","132.836154"
"平井公園","愛媛県松山市平井町甲2520","33.810159","132.827011"
"東鷹の子公園","愛媛県松山市平井町甲3157-87","33.805849","132.816342"
"五楽公園","愛媛県松山市平井町甲541-1","33.816381","132.833003"
"平田公園","愛媛県松山市平田町乙393-1","33.891258","132.751311"
"味生小学校グラウンド","愛媛県松山市別府町166-4","33.843894","132.725186"
"味生第二小学校グラウンド","愛媛県松山市別府町3-1","33.844359","132.728756"
"飯岡公園","愛媛県松山市別府町538-3","33.848971","132.720698"
"福水公園","愛媛県松山市別府町927-1","33.846198","132.728265"
"別府清水山公園","愛媛県松山市別府町７５５－２外","33.846625","132.715718"
"河野公園","愛媛県松山市片山228-3","33.951348","132.769597"
"余土中学校グラウンド","愛媛県松山市保免西4-5-23","33.81376","132.742213"
"保免公園","愛媛県松山市保免中1-210-3","33.818464","132.748967"
"白山の杜公園","愛媛県松山市北井門1-101-1","33.806035","132.779191"
"北吉田公園","愛媛県松山市北吉田町1211","33.838382","132.70889"
"北久米七区公園","愛媛県松山市北久米町644","33.817402","132.795455"
"学校法人松山学院　松山学院高等学校グラウンド","愛媛県松山市北久米町815","33.815914","132.789578"
"北久米八区公園","愛媛県松山市北久米町１０６９－１外","33.812415","132.791426"
"津田中学校グラウンド","愛媛県松山市北斎院町1106","33.837498","132.722795"
"中津公園","愛媛県松山市北斎院町469-1","33.837433","132.725105"
"味生保育園グラウンド","愛媛県松山市北斎院町759-1","33.842835","132.725014"
"津田公園","愛媛県松山市北斎院町810-1","33.841336","132.718939"
"北斎院公園","愛媛県松山市北斎院町２４２－３外","33.834366","132.729591"
"中津東公園","愛媛県松山市北斎院町乙７－２外","33.838137","132.732657"
"風早タウン公園","愛媛県松山市北条20-152","33.979234","132.783201"
"聖カタリナ大学グラウンド","愛媛県松山市北条690","33.97571","132.781083"
"新開浜公園","愛媛県松山市北条辻1278","33.965977","132.771893"
"東町浦公園","愛媛県松山市北条辻1443-11","33.975957","132.773687"
"北条北中学校グラウンド","愛媛県松山市北条辻365","33.970781","132.782441"
"北条高等学校グラウンド","愛媛県松山市北条辻600-1","33.969108","132.775343"
"北条小学校グラウンド","愛媛県松山市北条辻64","33.974949","132.778279"
"新開公園","愛媛県松山市北条辻961-1","33.964068","132.774623"
"北土居公園","愛媛県松山市北土居4-319-2","33.807596","132.785268"
"北梅本小山公園","愛媛県松山市北梅本町2481-1","33.813777","132.846608"
"向井公園","愛媛県松山市北梅本町２１４５外","33.809944","132.841888"
"小野谷公園","愛媛県松山市北梅本町２７２０外","33.819246","132.848835"
"太尺寺公園","愛媛県松山市北梅本町甲25","33.805652","132.857069"
"睦月小学校グラウンド","愛媛県松山市睦月甲1068-6","33.957605","132.664624"
"いつき公園","愛媛県松山市堀江町766-37","33.901857","132.741476"
"堀江東公園","愛媛県松山市堀江町１４６６外","33.906705","132.754425"
"堀江中央公園","愛媛県松山市堀江町１５６９－１外","33.904459","132.750118"
"堀江保育園グラウンド","愛媛県松山市堀江町甲1654-9","33.904789","132.748458"
"大西第二区公園","愛媛県松山市堀江町甲519-2","33.899475","132.742071"
"城山公園","愛媛県松山市堀之内","33.841993","132.761854"
"松山南高等学校グラウンド","愛媛県松山市末広町11-1","33.832869","132.76296"
"湧ケ淵公園","愛媛県松山市末町乙２３１－１外","33.871673","132.827969"
"南味酒公園","愛媛県松山市味酒町1-11","33.842495","132.755404"
"木屋町公園","愛媛県松山市木屋町3-4-3","33.852127","132.760065"
"太郎丸公園","愛媛県松山市問屋町334-37","33.86334","132.749128"
"門田公園","愛媛県松山市門田町290-2","33.904286","132.688482"
"野忽那小学校グラウンド","愛媛県松山市野忽那甲1540-1","33.975408","132.6894"
"西ノ下公園（柳原末広第一公園）","愛媛県松山市柳原901","33.959622","132.77321"
"もものはなこども園グラウンド","愛媛県松山市由良町479","33.901705","132.674022"
"由良公園","愛媛県松山市由良町１０３２－１外","33.903973","132.680871"
"鷲ケ巣公園","愛媛県松山市由良町４１８－１外","33.89953","132.667884"
"余戸西さくら公園","愛媛県松山市余戸西２－２２７９－１外","33.814188","132.722974"
"さくら小学校グラウンド","愛媛県松山市余戸中4-11-1","33.818374","132.729224"
"余戸中新開公園","愛媛県松山市余戸中５－８９４－１外","33.816296","132.73215"
"余土小学校グラウンド","愛媛県松山市余戸東1-14-17","33.815198","132.737047"
"余土保育園グラウンド","愛媛県松山市余戸東4-1-19","33.815939","132.736198"
"余戸東すみれ公園","愛媛県松山市余戸東３－１０８２－２外","33.811813","132.733267"
"余戸東竹の宮公園","愛媛県松山市余戸東５－２９９－５外","33.816862","132.737364"
"余戸南であい公園","愛媛県松山市余戸南４－１７１０－２外","33.809789","132.727209"
"久米中学校グラウンド","愛媛県松山市来住町689","33.801694","132.801856"
"来住公園","愛媛県松山市来住町983-3","33.805619","132.799856"
"和気公園","愛媛県松山市和気町1-100","33.889828","132.737183"
"和気松原公園","愛媛県松山市和気町２－８０９－１外","33.901277","132.736125"
"和気浜公園","愛媛県松山市和気町２－９８９－２外","33.896878","132.734314"
"石井北小学校グラウンド","愛媛県松山市和泉南1-3-32","33.818572","132.767282"
"和泉南公園","愛媛県松山市和泉南4-404","33.815376","132.759143"
"椿小学校グラウンド","愛媛県松山市和泉南6-1-47","33.810639","132.760029"
"和泉公園","愛媛県松山市和泉北3-669-2","33.819173","132.756606"
"宮前小学校グラウンド","愛媛県松山市祓川1-3-39","33.858891","132.720293"
"祓川公園","愛媛県松山市祓川2-2065-86","33.860436","132.720986"
"西中港多目的広場","愛媛県松山市饒甲147-1","33.984208","132.605197"
"コーポ鳥井","愛媛県松前町筒井316","33.791884","132.706289"
"エミフルＭＡＳＡＫＩ西側立体駐車場","愛媛県松前町筒井850","33.789861","132.714029"
"グランフィールド松前町舎前","愛媛県松前町筒井961","33.786192","132.710889"
"松野中学校グラウンド","愛媛県松野町大字延野々1863-2","33.234057","132.712542"
"松野中学校体育館","愛媛県松野町大字延野々1863-2","33.23354","132.713361"
"奥野川住民センター前広場","愛媛県松野町大字奥野川４６５外","33.237068","132.758198"
"吉野生公民館前広場","愛媛県松野町大字吉野2668","33.223447","132.729322"
"吉野生交流促進センター","愛媛県松野町大字吉野2668","33.223727","132.729041"
"松野東小学校グラウンド","愛媛県松野町大字吉野２１６０外","33.225777","132.736257"
"吉野生多目的広場","愛媛県松野町大字吉野２６９５－１外","33.223682","132.729429"
"松丸スポーツ広場","愛媛県松野町大字松丸1581","33.225289","132.706749"
"虹の森まつの保育園","愛媛県松野町大字松丸166-1","33.22661","132.706805"
"スポーツ交流センター","愛媛県松野町大字松丸166-6","33.226707","132.705484"
"松野町防災拠点施設","愛媛県松野町大字松丸343","33.226925","132.711278"
"松野町役場前広場","愛媛県松野町大字松丸343","33.227114","132.710705"
"松野西小学校グラウンド","愛媛県松野町大字松丸１６５外","33.226236","132.706555"
"松野町コミュニティセンター","愛媛県松野町大字松丸３４２外","33.227378","132.710363"
"上家地集会所前広場","愛媛県松野町大字上家地165","33.186517","132.734247"
"富岡公民館グラウンド","愛媛県松野町大字富岡525","33.214359","132.7113"
"豊岡前集会所グラウンド","愛媛県松野町大字豊岡３６１６外","33.226381","132.697092"
"松野町多目的広場（森の国ドーム）","愛媛県松野町大字豊岡４６１０外","33.226034","132.704712"
"松野町隣保館グラウンド","愛媛県松野町大字豊岡８０７外","33.239082","132.700012"
"旧松野南小学校グラウンド","愛媛県松野町大字目黒1460","33.159895","132.697391"
"目黒基幹集落センター","愛媛県松野町大字目黒637-1","33.161495","132.696376"
"目黒基幹集落センター前広場","愛媛県松野町大字目黒637-1","33.161648","132.696525"
"目黒多目的広場","愛媛県松野町大字目黒６３７－２外","33.161332","132.696122"
"蕨生集会所グラウンド","愛媛県松野町大字蕨生２２６７－２外","33.229893","132.747306"
"岩城中学校グランド","愛媛県上島町岩城1218-1","34.247897","133.148294"
"太平寺境内","愛媛県上島町岩城1262","34.247169","133.148712"
"厳島神社広場","愛媛県上島町岩城1913-1","34.247021","133.144445"
"島の神遊園地","愛媛県上島町岩城2122-1","34.245405","133.143739"
"岩城保健センター駐車場","愛媛県上島町岩城2239","34.247817","133.142071"
"岩城小学校グランド","愛媛県上島町岩城2263-1","34.244974","133.140497"
"石ヶ坪住宅集会所前広場","愛媛県上島町岩城2392","34.246364","133.139678"
"岩城構造改善センター（海原集会所）","愛媛県上島町岩城258-5","34.250226","133.157006"
"祥雲寺境内（西部）","愛媛県上島町岩城3019-1","34.250797","133.136618"
"西部八幡神社広場","愛媛県上島町岩城3295","34.253654","133.133571"
"愛媛県産地育成室岩城駐在所広場（旧県立果樹試験場広場）","愛媛県上島町岩城3570","34.263326","133.134692"
"円満寺境内","愛媛県上島町岩城375","34.249551","133.155166"
"農林漁家・婦人活動促進施設（赤石集会所）","愛媛県上島町岩城3817-1","34.265282","133.135451"
"小漕集会所","愛媛県上島町岩城4788","34.274334","133.145617"
"岩城北集会所広場","愛媛県上島町岩城5159-1","34.269212","133.146781"
"長江集会所","愛媛県上島町岩城5329","34.270958","133.153865"
"岩城総合運動場","愛媛県上島町岩城5585","34.266035","133.16137"
"高齢者活動促進施設（船越集会所）","愛媛県上島町岩城6114","34.259826","133.161667"
"小村駐車場","愛媛県上島町岩城749-1","34.247387","133.15137"
"岩城八幡神社境内","愛媛県上島町岩城834-1","34.245653","133.150445"
"浄光寺境内","愛媛県上島町岩城855","34.247027","133.150306"
"鶴山","愛媛県上島町岩城875","34.248016","133.149785"
"もみじ池下県道（長江）","愛媛県上島町岩城もみじ池下","34.270144","133.150185"
"延命堂下（海原）","愛媛県上島町岩城延命堂下","34.2492","133.152639"
"黄幡さん横町道（海原）","愛媛県上島町岩城黄幡横","34.25097","133.1547"
"今井製作所上県道（海原）","愛媛県上島町岩城今井製作所上","34.252266","133.157091"
"小船越県道（船越）","愛媛県上島町岩城小船越","34.261124","133.159639"
"小漕終末処理場上農道","愛媛県上島町岩城小漕終末処理場","34.278501","133.14875"
"積善山入口町道（高原）","愛媛県上島町岩城積善山入口","34.25085","133.147929"
"先新城県道（西部）","愛媛県上島町岩城先新城","34.256809","133.131171"
"船越橋上県道三叉路","愛媛県上島町岩城船越橋上","34.259","133.161304"
"町道大谷厳島線下（大谷）","愛媛県上島町岩城大谷厳島線下","34.247631","133.145429"
"町道大谷厳島線上（大谷）","愛媛県上島町岩城大谷厳島線上","34.248903","133.145241"
"西部入口県道（西部）","愛媛県上島町岩城谷地区上農道","34.248433","133.135889"
"谷地区上農道（谷）","愛媛県上島町岩城谷地区上農道","34.247394","133.14363"
"敷田県道（赤石）","愛媛県上島町岩城敷田","34.266847","133.139131"
"岩城分校上県道","愛媛県上島町岩城分校上","34.265166","133.15843"
"弓削小学校駐車場","愛媛県上島町弓削引野1228-1","34.267758","133.200942"
"著神社境内","愛媛県上島町弓削引野443","34.268232","133.204562"
"ほうじ山","愛媛県上島町弓削引野859","34.265693","133.202819"
"引野公営住宅集会所","愛媛県上島町弓削引野898-23","34.267668","133.202577"
"潮音寺境内","愛媛県上島町弓削下弓削400","34.257933","133.207146"
"下弓削地区中央集会所","愛媛県上島町弓削下弓削543","34.257563","133.206165"
"堤集会所","愛媛県上島町弓削下弓削6","34.260667","133.200556"
"山王山前神寺","愛媛県上島町弓削下弓削600","34.256032","133.206427"
"中都・浜都集会所","愛媛県上島町弓削下弓削707","34.255094","133.207696"
"小川レミコン駐車場","愛媛県上島町弓削鎌田250-3","34.242078","133.202759"
"田林集会所","愛媛県上島町弓削久司浦549","34.28989","133.226152"
"久司浦集会所","愛媛県上島町弓削久司浦758","34.288198","133.224746"
"鯨池公園","愛媛県上島町弓削久司浦832","34.287869","133.226866"
"東泉寺境内","愛媛県上島町弓削久司浦988","34.286996","133.226768"
"寺岡宅上道路","愛媛県上島町弓削久司浦５４１地先","34.290085","133.226876"
"粟手地区集会所","愛媛県上島町弓削佐島194","34.255109","133.190096"
"江尻集会所","愛媛県上島町弓削佐島2477-1","34.248003","133.195232"
"佐島浄化センター","愛媛県上島町弓削佐島2518","34.246907","133.191912"
"粟手中央集会所","愛媛県上島町弓削佐島2809","34.253282","133.188262"
"弓削大橋佐島入口道路","愛媛県上島町弓削佐島40-2","34.255071","133.195099"
"佐島体育館グランド","愛媛県上島町弓削佐島583","34.252148","133.188589"
"佐島八幡神社境内","愛媛県上島町弓削佐島638","34.251518","133.185727"
"シズネ池埋立て地","愛媛県上島町弓削佐島878-1","34.248999","133.188833"
"Ｓ道","愛媛県上島町弓削佐島３９２地先","34.253519","133.19302"
"狩尾集会所","愛媛県上島町弓削狩尾249-1","34.267077","133.219368"
"石拾い","愛媛県上島町弓削上弓削145-1","34.277637","133.212376"
"今出集会所","愛媛県上島町弓削上弓削1859-4","34.272204","133.20569"
"弓削老人福祉センター","愛媛県上島町弓削上弓削218-2","34.2773","133.210867"
"新池フラワー公園","愛媛県上島町弓削上弓削498","34.274012","133.212649"
"願成寺境内","愛媛県上島町弓削上弓削502","34.274825","133.212944"
"太田集会所","愛媛県上島町弓削太田137","34.253993","133.203841"
"大谷集会所","愛媛県上島町弓削大谷22","34.276897","133.231556"
"長尾寺境内","愛媛県上島町弓削沢津193","34.283114","133.217357"
"沢津集会所","愛媛県上島町弓削沢津45","34.283832","133.215551"
"浜の上","愛媛県上島町弓削沢津458","34.282744","133.214951"
"土生集会所","愛媛県上島町弓削土生160-1","34.250923","133.203414"
"定光寺境内","愛媛県上島町弓削土生241","34.250218","133.20451"
"弓削大橋記念公園","愛媛県上島町弓削土生28-1","34.25236","133.202614"
"石山バイパス","愛媛県上島町弓削藤谷812","34.259693","133.206321"
"自性寺駐車場","愛媛県上島町弓削藤谷832-1","34.258685","133.207119"
"深坂池親水公園","愛媛県上島町弓削日比2-4","34.251278","133.20468"
"中崎公園","愛媛県上島町弓削日比366","34.250337","133.210122"
"自性寺境外地（慶雲庵跡）","愛媛県上島町弓削明神227","34.263407","133.20216"
"弓削高等学校グランド","愛媛県上島町弓削明神305","34.262428","133.201128"
"弓削浄化センター","愛媛県上島町弓削明神333","34.261604","133.200802"
"大木地区集会所","愛媛県上島町魚島１番耕地","34.176481","133.320886"
"亀居八幡神社境内","愛媛県上島町魚島１番耕地1","34.178337","133.319731"
"道福寺境内","愛媛県上島町魚島１番耕地100","34.178022","133.320708"
"魚島開発総合センター（３階～５階）","愛媛県上島町魚島１番耕地1362-1","34.178201","133.321783"
"緊急避難用地","愛媛県上島町魚島１番耕地1366","34.178953","133.320202"
"魚島保健福祉センター","愛媛県上島町魚島１番耕地1367-2","34.179335","133.319377"
"春日住宅","愛媛県上島町魚島１番耕地234","34.177733","133.323626"
"魚島小・中学校グランド","愛媛県上島町魚島１番耕地828","34.177187","133.319951"
"大木地区町道井戸前","愛媛県上島町魚島１番耕地１１５１－８地先","34.177369","133.320531"
"高井神集会所","愛媛県上島町魚島２番耕地130","34.192206","133.272911"
"高井神小・中学校グランド","愛媛県上島町魚島２番耕地151","34.191961","133.272258"
"特別養護老人ホーム海光園広場","愛媛県上島町生名1268-1","34.2705","133.18333"
"三分団集会所","愛媛県上島町生名1270","34.271288","133.183029"
"生名保育所","愛媛県上島町生名1620","34.273087","133.179152"
"丸山生協付近","愛媛県上島町生名1642-1","34.27259","133.179596"
"立石多目的広場","愛媛県上島町生名1881-3","34.27598","133.178107"
"生名保健センター・生名老人デイサービスセンター駐車場","愛媛県上島町生名2133-4","34.279859","133.176485"
"二分団集会所広場","愛媛県上島町生名279","34.266254","133.181105"
"西浦遊園地","愛媛県上島町生名3313","34.27446","133.173075"
"恵生公営住宅Ｂ団地駐車場","愛媛県上島町生名3736","34.271556","133.175897"
"いきなスポレク公園野球場","愛媛県上島町生名4528","34.261144","133.173128"
"稲浦集会所広場","愛媛県上島町生名4783","34.260712","133.182096"
"厳島銅像","愛媛県上島町生名573","34.267977","133.187102"
"生名総合支所駐車場","愛媛県上島町生名620","34.268225","133.18494"
"生名港埠頭用地","愛媛県上島町生名67-2","34.263869","133.186464"
"正福寺境内","愛媛県上島町生名813","34.267915","133.179396"
"生名八幡神社境内","愛媛県上島町生名946","34.269296","133.183339"
"生名小学校グランド","愛媛県上島町生名965","34.268979","133.184275"
"西浦地区集会所付近","愛媛県上島町生名３５５１外","34.273241","133.172442"
"町道岡庄・中後線","愛媛県上島町生名岡庄中後線","34.270386","133.181105"
"町道立石・後新開線中腹（西浦峠：四分団側）","愛媛県上島町生名西浦峠四分団","34.275687","133.174416"
"町道立石・後新開線中腹（西浦峠：六分団側）","愛媛県上島町生名西浦峠六分団","34.275581","133.176165"
"泉農道中腹（丸山ー西浦：四分団側）","愛媛県上島町生名泉農道四分団","34.273768","133.176808"
"泉農道中腹（丸山ー西浦：六分団側）","愛媛県上島町生名泉農道六分団","34.274553","133.174727"
"県道横浜生名港線中腹（大松峠：二分団側）","愛媛県上島町生名大松峠","34.266032","133.180134"
"町道中の谷・岡庄線（尾又ー丸山：四分団側）","愛媛県上島町生名尾又丸山","34.272372","133.177146"
"町道尾又恵生２号線　（尾又ー恵生：三分団側）","愛媛県上島町生名尾又恵生2","34.271148","133.18029"
"町道立石・大江線中腹（北立石ー西浦：四分団側）","愛媛県上島町生名立石大江線","34.278759","133.175323"
"町道立石・大江線中腹（北立石ー西浦：六分団側）","愛媛県上島町生名立石大江線","34.27766","133.172453"
"三喜浜公園","愛媛県新居浜市阿島1-4","33.979859","133.350832"
"東浜公園","愛媛県新居浜市阿島1-7","33.979548","133.353958"
"高津小学校（校舎）北","愛媛県新居浜市宇高町2-13-7","33.974974","133.301655"
"高津小学校（体育館）","愛媛県新居浜市宇高町2-13-7","33.97424","133.301419"
"高津小学校（校舎）南","愛媛県新居浜市宇高町2-13-7","33.974658","133.301349"
"高津小学校（グラウンド）","愛媛県新居浜市宇高町2-13-7","33.974787","133.30262"
"惣開小学校（校舎）東","愛媛県新居浜市王子町1-3","33.952366","133.268554"
"惣開小学校（体育館）","愛媛県新居浜市王子町1-3","33.952651","133.267927"
"惣開小学校（グラウンド）","愛媛県新居浜市王子町1-3","33.95209","133.268737"
"惣開公民館","愛媛県新居浜市王子町1-3","33.953056","133.267911"
"惣開小学校（校舎）西","愛媛県新居浜市王子町1-3","33.952499","133.268254"
"垣生小学校（グラウンド）","愛媛県新居浜市垣生1-5-38","33.980938","133.318418"
"垣生小学校（体育館）","愛媛県新居浜市垣生1-5-38","33.98109","133.319217"
"垣生小学校（校舎）","愛媛県新居浜市垣生1-5-38","33.980565","133.318895"
"垣生公民館","愛媛県新居浜市垣生2-12-26","33.980093","133.319516"
"山根公園","愛媛県新居浜市角野新田町3-13","33.923602","133.310809"
"山根総合体育館","愛媛県新居浜市角野新田町3-14-1","33.922844","133.311536"
"泉川小学校（校舎）北","愛媛県新居浜市岸の上町1-13-68","33.943867","133.306067"
"泉川小学校（グラウンド）","愛媛県新居浜市岸の上町1-13-68","33.943885","133.308036"
"泉川小学校（校舎）南","愛媛県新居浜市岸の上町1-13-68","33.943604","133.306287"
"泉川小学校（体育館）","愛媛県新居浜市岸の上町1-13-68","33.943885","133.307022"
"喜光地公園","愛媛県新居浜市喜光地町2-7","33.932823","133.301201"
"金子小学校（体育館）","愛媛県新居浜市久保田町1-3-57","33.958009","133.28092"
"金子小学校（校舎）中","愛媛県新居浜市久保田町1-3-57","33.95763","133.280845"
"金子小学校（校舎）南","愛媛県新居浜市久保田町1-3-57","33.957323","133.280942"
"金子小学校（校舎）北","愛媛県新居浜市久保田町1-3-57","33.957822","133.280647"
"金子小学校（グラウンド）","愛媛県新居浜市久保田町1-3-57","33.957742","133.281725"
"角野中学校（グラウンド）","愛媛県新居浜市宮原町11-51","33.929806","133.302041"
"角野中学校（校舎）北","愛媛県新居浜市宮原町11-51","33.929454","133.302224"
"角野中学校（武道場）","愛媛県新居浜市宮原町11-51","33.929837","133.302894"
"角野中学校（体育館）","愛媛県新居浜市宮原町11-51","33.92945","133.303023"
"角野中学校（校舎）南","愛媛県新居浜市宮原町11-51","33.929209","133.302379"
"新居浜西高校（武道場）","愛媛県新居浜市宮西町4-46","33.961452","133.276898"
"新居浜西高校（校舎）本館","愛媛県新居浜市宮西町4-46","33.961881","133.27766"
"新居浜西高校（校舎）第１","愛媛県新居浜市宮西町4-46","33.962081","133.276968"
"新居浜西高校（体育館）","愛媛県新居浜市宮西町4-46","33.961376","133.277392"
"新居浜西高校（グラウンド）","愛媛県新居浜市宮西町4-46","33.960691","133.277311"
"宮西小学校（校舎）南","愛媛県新居浜市宮西町5-56","33.961398","133.274765"
"宮西小学校（グラウンド）","愛媛県新居浜市宮西町5-56","33.96178","133.275747"
"宮西小学校（校舎）北","愛媛県新居浜市宮西町5-56","33.961807","133.274824"
"宮西小学校（体育館）","愛媛県新居浜市宮西町5-56","33.961082","133.27506"
"北中学校（体育館）","愛媛県新居浜市宮西町5-81","33.960773","133.275144"
"北中学校（武道場）","愛媛県新居浜市宮西町5-81","33.960662","133.276394"
"北中学校（グラウンド）","愛媛県新居浜市宮西町5-81","33.960199","133.275579"
"北中学校（校舎）","愛媛県新居浜市宮西町5-81","33.960924","133.276271"
"神郷公民館","愛媛県新居浜市郷3-7-20","33.966767","133.314684"
"西中学校（武道場）","愛媛県新居浜市江口町7-1","33.956012","133.269935"
"西中学校（校舎）北","愛媛県新居浜市江口町7-1","33.957039","133.269731"
"西中学校（校舎）南","愛媛県新居浜市江口町7-1","33.95679","133.269656"
"西中学校（グラウンド）","愛媛県新居浜市江口町7-1","33.956234","133.270594"
"西中学校（体育館）","愛媛県新居浜市江口町7-1","33.956408","133.269956"
"ふれあいプラザ","愛媛県新居浜市高木町2-60","33.954086","133.286164"
"金栄公民館","愛媛県新居浜市高木町6-25","33.950367","133.284638"
"黒島海浜公園","愛媛県新居浜市黒島2-12","33.99006","133.341435"
"駅前西公園","愛媛県新居浜市坂井町1-1","33.949174","133.290402"
"駅前南公園","愛媛県新居浜市坂井町1-8","33.946166","133.292"
"駅前中央公園","愛媛県新居浜市坂井町2-1","33.949521","133.292456"
"正光寺山古墳公園","愛媛県新居浜市坂井町2-10","33.950305","133.29629"
"新居浜南高校（体育館）","愛媛県新居浜市篠場町1-32","33.925256","133.295436"
"新居浜南高校（校舎）総合学科","愛媛県新居浜市篠場町1-32","33.92498","133.29571"
"新居浜南高校（グラウンド）","愛媛県新居浜市篠場町1-32","33.925639","133.295844"
"新居浜南高校（校舎）理科","愛媛県新居浜市篠場町1-32","33.924566","133.295233"
"新居浜南高校（武道場）","愛媛県新居浜市篠場町1-32","33.923578","133.292674"
"新居浜南高校（校舎）普通","愛媛県新居浜市篠場町1-32","33.924696","133.295748"
"新居浜南高校（校舎）本館","愛媛県新居浜市篠場町1-32","33.925074","133.295029"
"寿公園","愛媛県新居浜市寿町4","33.943235","133.304611"
"地域交流センター","愛媛県新居浜市庄内町1-14-7","33.955798","133.287674"
"南中学校（校舎）北","愛媛県新居浜市庄内町2-4-47","33.957959","133.297542"
"南中学校（体育館）","愛媛県新居浜市庄内町2-4-47","33.958061","133.297204"
"南中学校（武道場）","愛媛県新居浜市庄内町2-4-47","33.958333","133.297622"
"南中学校（グラウンド）","愛媛県新居浜市庄内町2-4-47","33.958693","133.296941"
"南中学校（校舎）南","愛媛県新居浜市庄内町2-4-47","33.957697","133.297735"
"ウイメンズプラザ","愛媛県新居浜市庄内町4-4-19","33.952837","133.289987"
"松の木公園","愛媛県新居浜市松の木町8-17","33.979653","133.295826"
"新居浜小学校（体育館）","愛媛県新居浜市新須賀町3-1-58","33.969256","133.283499"
"新居浜小学校（校舎）","愛媛県新居浜市新須賀町3-1-58","33.968905","133.284009"
"新居浜小学校（グラウンド）","愛媛県新居浜市新須賀町3-1-58","33.96983","133.283585"
"新居浜公園（市営野球場）","愛媛県新居浜市新須賀町3-2","33.970449","133.285229"
"新居浜公民館","愛媛県新居浜市新須賀町3-2-17","33.970279","133.28432"
"新須賀公園","愛媛県新居浜市新須賀町4-9","33.971176","133.288642"
"若宮公民館","愛媛県新居浜市新田町1-8-37","33.956814","133.263057"
"ワクリエ新居浜（体育館）","愛媛県新居浜市新田町1-8-56","33.957072","133.264596"
"ワクリエ新居浜（南棟）","愛媛県新居浜市新田町1-8-56","33.957399","133.264203"
"ワクリエ新居浜（北棟）","愛媛県新居浜市新田町1-8-56","33.957697","133.264149"
"ワクリエ新居浜（運動場）","愛媛県新居浜市新田町1-8-56","33.956928","133.26389"
"神郷小学校（校舎）北","愛媛県新居浜市神郷1-1-1","33.967531","133.315682"
"神郷小学校（校舎）西","愛媛県新居浜市神郷1-1-1","33.96717","133.315232"
"神郷小学校（体育館）","愛媛県新居浜市神郷1-1-1","33.967815","133.31638"
"神郷小学校（グラウンド）","愛媛県新居浜市神郷1-1-1","33.967064","133.315757"
"川東中学校（体育館）","愛媛県新居浜市神郷2-4-1","33.96513","133.318712"
"川東中学校（校舎）北","愛媛県新居浜市神郷2-4-1","33.964845","133.318406"
"川東中学校（校舎）南","愛媛県新居浜市神郷2-4-1","33.964538","133.31854"
"川東中学校（グラウンド）","愛媛県新居浜市神郷2-4-1","33.96585","133.318986"
"川東中学校（武道場）","愛媛県新居浜市神郷2-4-1","33.964827","133.319286"
"泉川公民館","愛媛県新居浜市瀬戸町12-34","33.944065","133.304985"
"新居浜商業高校（体育館）","愛媛県新居浜市瀬戸町2-16","33.945903","133.297483"
"新居浜商業高校（武道場）","愛媛県新居浜市瀬戸町2-16","33.945654","133.297467"
"新居浜商業高校（グラウンド）","愛媛県新居浜市瀬戸町2-16","33.945138","133.297644"
"新居浜商業高校（校舎）第２","愛媛県新居浜市瀬戸町2-16","33.946197","133.298272"
"新居浜商業高校（校舎）第１","愛媛県新居浜市瀬戸町2-16","33.945921","133.298395"
"新居浜商業高校（校舎）本館","愛媛県新居浜市瀬戸町2-16","33.945543","133.298062"
"瀬戸公園","愛媛県新居浜市瀬戸町3","33.94325","133.299305"
"瀬戸会館","愛媛県新居浜市瀬戸町7-30","33.94392","133.301521"
"泉川中学校（校舎）","愛媛県新居浜市星原町7-8","33.938801","133.302942"
"泉川中学校（グラウンド）","愛媛県新居浜市星原町7-8","33.938334","133.303318"
"泉川中学校（武道場）","愛媛県新居浜市星原町7-8","33.938512","133.302551"
"泉川中学校（体育館）","愛媛県新居浜市星原町7-8","33.939006","133.303827"
"金栄小学校（グラウンド）","愛媛県新居浜市西の土居町1-5-1","33.951382","133.282684"
"金栄小学校（校舎）","愛媛県新居浜市西の土居町1-5-1","33.950877","133.282832"
"金栄小学校（体育館）","愛媛県新居浜市西の土居町1-5-1","33.951102","133.281869"
"慈光園（１階研修室）","愛媛県新居浜市西の土居町1-6-20","33.950507","133.283461"
"西喜光地公園","愛媛県新居浜市西喜光地町6","33.936748","133.293932"
"口屋跡記念公民館","愛媛県新居浜市西町6-2","33.968292","133.27474"
"憩いの森","愛媛県新居浜市泉池町10","33.966641","133.275052"
"船木公民館","愛媛県新居浜市船木2579-1","33.937187","133.330923"
"えひめ学園（グラウンド）","愛媛県新居浜市船木2971-1","33.930839","133.339119"
"船木中学校（グラウンド）","愛媛県新居浜市船木3754-1","33.934276","133.331157"
"船木中学校（校舎）","愛媛県新居浜市船木3754-1","33.934387","133.330095"
"船木中学校（体育館）","愛媛県新居浜市船木3754-1","33.934601","133.330443"
"船木中学校（武道場）","愛媛県新居浜市船木3754-1","33.934094","133.329982"
"船木小学校（体育館）","愛媛県新居浜市船木4299-1","33.937003","133.329854"
"船木小学校（校舎）西","愛媛県新居浜市船木4299-1","33.937235","133.328979"
"船木小学校（校舎）東","愛媛県新居浜市船木4299-1","33.937413","133.329762"
"船木小学校（グラウンド）","愛媛県新居浜市船木4299-1","33.937862","133.329376"
"多喜浜公民館","愛媛県新居浜市多喜浜5-7-27","33.975011","133.350717"
"多喜浜小学校（体育館）","愛媛県新居浜市多喜浜5-7-34","33.97462","133.350712"
"多喜浜小学校（グラウンド）","愛媛県新居浜市多喜浜5-7-34","33.974451","133.35134"
"多喜浜小学校（校舎）","愛媛県新居浜市多喜浜5-7-34","33.975011","133.351393"
"大生院公民館（公民館）","愛媛県新居浜市大生院1063-1","33.918804","133.251643"
"大生院公民館（体育館）","愛媛県新居浜市大生院1063-1","33.918928","133.251525"
"大生院小学校（体育館）","愛媛県新居浜市大生院1070-1","33.919878","133.25407"
"大生院小学校（校舎）","愛媛県新居浜市大生院1070-1","33.919322","133.253941"
"大生院小学校（グラウンド）","愛媛県新居浜市大生院1070-1","33.919709","133.253603"
"大生院中学校（グラウンド）","愛媛県新居浜市大生院1070-2","33.918609","133.254429"
"大生院中学校（武道場）","愛媛県新居浜市大生院1070-2","33.918774","133.254992"
"大生院中学校（体育館）","愛媛県新居浜市大生院1070-2","33.919001","133.254831"
"大生院中学校（校舎）","愛媛県新居浜市大生院1070-2","33.918316","133.25481"
"川東高齢者福祉センター大島分館","愛媛県新居浜市大島128-1","33.995279","133.365748"
"大島交流センター（校舎）","愛媛県新居浜市大島589","33.996259","133.368318"
"大島交流センター（グラウンド）","愛媛県新居浜市大島589","33.996062","133.368239"
"高津公民館","愛媛県新居浜市沢津町2-3-30","33.974624","133.300755"
"上部高齢者福祉センター","愛媛県新居浜市中筋町1-6-8","33.928947","133.305753"
"角野公民館","愛媛県新居浜市中筋町2-4-24","33.922492","133.305854"
"角野小学校（校舎）中ー中","愛媛県新居浜市中筋町2-7-10","33.921963","133.306605"
"角野小学校（グラウンド）","愛媛県新居浜市中筋町2-7-10","33.921309","133.306921"
"角野小学校（体育館）","愛媛県新居浜市中筋町2-7-10","33.921999","133.305623"
"角野小学校（校舎）東","愛媛県新居浜市中筋町2-7-10","33.921848","133.307367"
"角野小学校（校舎）中ー東","愛媛県新居浜市中筋町2-7-10","33.922097","133.307055"
"角野小学校（校舎）中ー西","愛媛県新居浜市中筋町2-7-10","33.921825","133.30616"
"角野小学校（校舎）西","愛媛県新居浜市中筋町2-7-10","33.92154","133.305822"
"中須賀公園","愛媛県新居浜市中須賀町2-5","33.96711","133.270635"
"中萩中学校（校舎）東","愛媛県新居浜市中萩町13-31","33.927279","133.283747"
"中萩中学校（体育館）","愛媛県新居浜市中萩町13-31","33.926887","133.284219"
"中萩中学校（グラウンド）","愛媛県新居浜市中萩町13-31","33.926442","133.283399"
"中萩中学校（武道場）","愛媛県新居浜市中萩町13-31","33.926655","133.28438"
"中萩中学校（校舎）西","愛媛県新居浜市中萩町13-31","33.927003","133.282878"
"中萩小学校（校舎）中","愛媛県新居浜市中萩町6-61","33.928838","133.280378"
"中萩小学校（体育館）","愛媛県新居浜市中萩町6-61","33.928317","133.281177"
"中萩小学校（校舎）南","愛媛県新居浜市中萩町6-61","33.928558","133.280523"
"中萩小学校（グラウンド）","愛媛県新居浜市中萩町6-61","33.928963","133.281301"
"中萩小学校（校舎）北","愛媛県新居浜市中萩町6-61","33.929181","133.280421"
"神郷公園","愛媛県新居浜市田の上1-13-40","33.96986","133.316187"
"土橋公園","愛媛県新居浜市土橋2-14","33.930667","133.293577"
"新居浜市市民体育館","愛媛県新居浜市東雲町1-1-25","33.967351","133.295083"
"東中学校（グラウンド）","愛媛県新居浜市東雲町1-4-23","33.968155","133.295036"
"東中学校（武道場）","愛媛県新居浜市東雲町1-4-23","33.968614","133.294542"
"東中学校（体育館）","愛媛県新居浜市東雲町1-4-23","33.968671","133.295599"
"東中学校（校舎）","愛媛県新居浜市東雲町1-4-23","33.968872","133.294853"
"新居浜東高校（校舎）特別","愛媛県新居浜市東雲町2-9-1","33.963548","133.301512"
"新居浜東高校（校舎）第１","愛媛県新居浜市東雲町2-9-1","33.963201","133.301082"
"新居浜東高校（体育館）","愛媛県新居浜市東雲町2-9-1","33.963085","133.302112"
"新居浜東高校（校舎）本館","愛媛県新居浜市東雲町2-9-1","33.96292","133.301034"
"新居浜東高校（武道場）","愛媛県新居浜市東雲町2-9-1","33.963712","133.301823"
"新居浜東高校（グラウンド）","愛媛県新居浜市東雲町2-9-1","33.963383","133.302874"
"文化振興会館","愛媛県新居浜市徳常町4-8","33.963351","133.280781"
"岡城館歴史公園","愛媛県新居浜市楠崎1-8-10","33.974172","133.33989"
"中萩公民館","愛媛県新居浜市萩生740-1","33.929064","133.279033"
"新居浜高専（八雲荘）","愛媛県新居浜市八雲町7-1","33.960874","133.293485"
"新居浜高専（合宿研修所）","愛媛県新居浜市八雲町7-1","33.961771","133.291568"
"新居浜高専（体育館）西","愛媛県新居浜市八雲町7-1","33.960629","133.292375"
"新居浜高専（体育館）東","愛媛県新居浜市八雲町7-1","33.960994","133.293088"
"新居浜高専（図書館ロビー）","愛媛県新居浜市八雲町7-1","33.961159","133.291962"
"新居浜高専（尚友会館）","愛媛県新居浜市八雲町7-1","33.961639","133.291227"
"新居浜高専（グラウンド）","愛媛県新居浜市八雲町7-1","33.95998","133.292975"
"新居浜高専（武道場）","愛媛県新居浜市八雲町7-1","33.960883","133.292777"
"川東高齢者福祉センター","愛媛県新居浜市八幡2-10-23","33.983116","133.310158"
"浮島小学校（グラウンド）","愛媛県新居浜市八幡2-2-65","33.98048","133.308686"
"浮島小学校（校舎）北","愛媛県新居浜市八幡2-2-65","33.98016","133.308043"
"浮島小学校（校舎）南","愛媛県新居浜市八幡2-2-65","33.979968","133.308027"
"浮島小学校（体育館）","愛媛県新居浜市八幡2-2-65","33.980716","133.308284"
"浮島公民館","愛媛県新居浜市八幡2-6-52","33.981267","133.306213"
"中央公園","愛媛県新居浜市繁本町3","33.961359","133.282198"
"別子山市民運動公園","愛媛県新居浜市別子山乙304-8","33.862738","133.44198"
"中部集会所","愛媛県新居浜市別子山乙482-8","33.857571","133.399091"
"大成集会所","愛媛県新居浜市別子山甲181-2","33.862248","133.440671"
"東部集会所","愛媛県新居浜市別子山甲304","33.865797","133.418439"
"別子山公民館","愛媛県新居浜市別子山甲347-1","33.863134","133.410848"
"別子小・中学校（グラウンド）","愛媛県新居浜市別子山甲358","33.862769","133.409577"
"別子小・中学校（体育館）","愛媛県新居浜市別子山甲358","33.862947","133.410569"
"別子小・中学校（校舎）","愛媛県新居浜市別子山甲358","33.862733","133.410162"
"新居浜工業高校（校舎）第５","愛媛県新居浜市北新町8-1","33.961914","133.271228"
"新居浜工業高校（グラウンド）","愛媛県新居浜市北新町8-1","33.961024","133.269495"
"新居浜工業高校（体育館）","愛媛県新居浜市北新町8-1","33.961741","133.268948"
"新居浜工業高校（校舎）第２","愛媛県新居浜市北新町8-1","33.961985","133.269629"
"新居浜工業高校（武道場）","愛媛県新居浜市北新町8-1","33.961905","133.268572"
"新居浜工業高校（校舎）第１","愛媛県新居浜市北新町8-1","33.961705","133.270498"
"新居浜工業高校（校舎）第３","愛媛県新居浜市北新町8-1","33.961469","133.270488"
"新居浜工業高校（校舎）第４","愛媛県新居浜市北新町8-1","33.961447","133.271501"
"中萩きらきら公園","愛媛県新居浜市本郷3-1","33.93379","133.279053"
"マイントピア別子","愛媛県新居浜市立川町707-3","33.90145","133.30945"
"西条市地域創生センター","愛媛県西条市ひうち1-16","33.937287","133.187744"
"総合体育館","愛媛県西条市ひうち1-2","33.937058","133.187145"
"西条運動公園","愛媛県西条市ひうち1-2","33.935879","133.186523"
"ひうち体育館","愛媛県西条市ひうち1-3","33.93668","133.187832"
"大影子供広場","愛媛県西条市安用662-1","33.930041","133.057207"
"吉岡東部ふれあい公園","愛媛県西条市安用出作136-3","33.930444","133.059469"
"西条東中学校（校舎・体育館）","愛媛県西条市下島山甲865","33.922885","133.210772"
"西条東中学校（グラウンド）","愛媛県西条市下島山甲865","33.922404","133.210847"
"楠河公民館（建物）","愛媛県西条市河原津甲460-1","33.963615","133.0622"
"楠河小学校（グラウンド）","愛媛県西条市河原津甲464-1","33.96349","133.061481"
"楠河小学校（校舎・体育館）","愛媛県西条市河原津甲464-1","33.963855","133.061503"
"東予運動公園","愛媛県西条市河原津新田甲157","33.964078","133.074117"
"本谷公園","愛媛県西条市河之内甲486-1","33.92972","133.02312"
"本谷温泉館","愛媛県西条市河之内甲494","33.929484","133.02157"
"川沿公園","愛媛県西条市喜多川284","33.912096","133.171009"
"神拝公民館（建物）","愛媛県西条市喜多川351-1","33.914311","133.174887"
"喜多川公園","愛媛県西条市喜多川752","33.9228","133.171674"
"喜多台児童遊園","愛媛県西条市喜多台68-1","33.937166","133.071334"
"河北中学校（校舎・体育館）","愛媛県西条市宮之内284","33.951684","133.054267"
"河北中学校（グラウンド）","愛媛県西条市宮之内284","33.951083","133.054315"
"玉津小学校（グラウンド）","愛媛県西条市玉津200-1","33.921625","133.20147"
"玉津小学校（校舎・体育館）","愛媛県西条市玉津200-1","33.921986","133.201186"
"玉津公民館（建物）","愛媛県西条市玉津238-1","33.921924","133.200402"
"吉井小学校（グラウンド）","愛媛県西条市玉之江235-1","33.912891","133.101125"
"吉井小学校（校舎・体育館）","愛媛県西条市玉之江235-1","33.91327","133.100787"
"吉井公民館（建物）","愛媛県西条市玉之江235-2","33.91383","133.101318"
"国安公民館（建物）","愛媛県西条市桑村127-1","33.941425","133.06398"
"国安小学校（グラウンド）","愛媛県西条市桑村131","33.940735","133.063895"
"国安小学校（校舎・体育館）","愛媛県西条市桑村131","33.941238","133.063476"
"桑村大池公園","愛媛県西条市桑村154-2","33.943105","133.061326"
"吉岡小学校（グラウンド）","愛媛県西条市広岡甲116-1","33.932862","133.04971"
"吉岡小学校（校舎・体育館）","愛媛県西条市広岡甲116-1","33.932493","133.0492"
"加茂公民館（駐車場）","愛媛県西条市荒川2-185","33.864998","133.184641"
"加茂公民館（建物）","愛媛県西条市荒川2-185","33.865221","133.184218"
"高須公園","愛媛県西条市高田458-1","33.949824","133.086572"
"東予西中学校（グラウンド）","愛媛県西条市国安996","33.937298","133.053894"
"東予西中学校（校舎・体育館）","愛媛県西条市国安996","33.937832","133.053288"
"浦山小学校（グラウンド）","愛媛県西条市黒瀬甲895-1","33.852478","133.160176"
"黒谷公園","愛媛県西条市黒谷乙34-41","33.952472","133.008537"
"西条北中学校（グラウンド）","愛媛県西条市朔日市400-1","33.920746","133.187156"
"西条北中学校（校舎・体育館）","愛媛県西条市朔日市400-1","33.921236","133.187386"
"三津屋東１号公園","愛媛県西条市三津屋東43","33.933362","133.094419"
"大曲公園","愛媛県西条市三津屋南1-46","33.934071","133.088563"
"三芳公民館（建物）","愛媛県西条市三芳1027-2","33.953029","133.063579"
"三芳小学校（校舎・体育館）","愛媛県西条市三芳1217","33.951547","133.05879"
"三芳小学校（グラウンド）","愛媛県西条市三芳1217","33.95145","133.059342"
"東予北地域交流センター（建物）","愛媛県西条市三芳997","33.95266","133.064165"
"市之川公民館（駐車場）","愛媛県西条市市之川6678-1","33.890524","133.214303"
"周布公民館（建物）","愛媛県西条市周布1281-1","33.912072","133.078588"
"周布小学校（グラウンド）","愛媛県西条市周布1521","33.911221","133.076201"
"周布小学校（校舎・体育館）","愛媛県西条市周布1521","33.911497","133.076694"
"東予東中学校（グラウンド）","愛媛県西条市周布160","33.920397","133.085733"
"東予東中学校（校舎・体育館）","愛媛県西条市周布160","33.920112","133.084601"
"東予体育館（建物）","愛媛県西条市周布396","33.928107","133.082138"
"東予体育館（駐車場）","愛媛県西条市周布396","33.928352","133.08202"
"中央公民館（建物）","愛媛県西条市周布401-1","33.927867","133.082486"
"東予総合福祉センター（建物）","愛媛県西条市周布606-1","33.925384","133.082061"
"東予高等学校（グラウンド）","愛媛県西条市周布650","33.919108","133.079358"
"東予高等学校（校舎・体育館）","愛媛県西条市周布650","33.920366","133.080632"
"神戸小学校（グラウンド）","愛媛県西条市洲之内甲200","33.899684","133.178189"
"神戸小学校（校舎・体育館）","愛媛県西条市洲之内甲200","33.900027","133.178023"
"椿交流館（建物）","愛媛県西条市小松町新屋敷乙22-29","33.883218","133.108528"
"小松高等学校（グラウンド）","愛媛県西条市小松町新屋敷乙42-1","33.891752","133.109818"
"小松高等学校（校舎・体育館）","愛媛県西条市小松町新屋敷乙42-1","33.892376","133.110591"
"小松地域福祉センター（建物）","愛媛県西条市小松町新屋敷乙48-1","33.893882","133.109004"
"小松幼稚園グラウンド","愛媛県西条市小松町新屋敷甲2210-1","33.896008","133.108512"
"小松中央公園","愛媛県西条市小松町新屋敷甲2427","33.887358","133.109742"
"小松小学校（グラウンド）","愛媛県西条市小松町新屋敷甲280-1","33.896195","133.112336"
"小松小学校（校舎・体育館）","愛媛県西条市小松町新屋敷甲280-1","33.895657","133.11248"
"小松公民館（駐車場）","愛媛県西条市小松町新屋敷甲3008","33.893649","133.11583"
"小松公民館（建物）","愛媛県西条市小松町新屋敷甲3008","33.893359","133.115863"
"小松東保育所グラウンド","愛媛県西条市小松町新屋敷甲3009-1","33.892981","133.115678"
"石根公民館（駐車場）","愛媛県西条市小松町大頭甲1045-1","33.884198","133.073917"
"石根公民館（建物）","愛媛県西条市小松町大頭甲1048-1","33.884023","133.073377"
"石根小学校（校舎・体育館）","愛媛県西条市小松町大頭甲262-1","33.882711","133.074852"
"石根小学校（グラウンド）","愛媛県西条市小松町大頭甲262-1","33.882448","133.075431"
"石根ふれあい公園","愛媛県西条市小松町大頭甲614","33.877374","133.070298"
"小松中学校（グラウンド）","愛媛県西条市小松町南川甲208","33.89369","133.096297"
"小松中学校（校舎・体育館）","愛媛県西条市小松町南川甲208","33.894126","133.096077"
"北川農村公園","愛媛県西条市小松町北川286-1","33.901524","133.090121"
"小松武道館","愛媛県西条市小松町妙口甲29-2","33.891893","133.092522"
"小松体育館","愛媛県西条市小松町妙口甲34-1","33.8914","133.091971"
"妙口上児童遊園","愛媛県西条市小松町妙口甲721-1","33.878516","133.079445"
"吉岡公民館（建物）","愛媛県西条市上市187-2","33.933046","133.048652"
"西条公民館（建物）","愛媛県西条市新田218-21","33.926038","133.180937"
"西条小学校（グラウンド）","愛媛県西条市神拝乙112","33.924518","133.180535"
"西条小学校（校舎・体育館）","愛媛県西条市神拝乙112","33.925194","133.180288"
"総合福祉センター（駐車場）","愛媛県西条市神拝甲324-2","33.91404","133.182456"
"総合福祉センター（建物）","愛媛県西条市神拝甲324-2","33.914801","133.182137"
"神拝小学校（校舎・体育館）","愛媛県西条市神拝甲427","33.915374","133.176657"
"神拝小学校（グラウンド）","愛媛県西条市神拝甲427","33.914916","133.1767"
"総合文化会館（建物）","愛媛県西条市神拝甲79-4","33.911331","133.182258"
"総合文化会館（駐車場）","愛媛県西条市神拝甲79-4","33.911011","133.182778"
"防災ひろば","愛媛県西条市壬生川124-1","33.931659","133.079902"
"壬生川公民館（建物）","愛媛県西条市壬生川200","33.935841","133.084073"
"壬生川小学校（グラウンド）","愛媛県西条市壬生川425-2","33.936429","133.081431"
"壬生川小学校（校舎・体育館）","愛媛県西条市壬生川425-2","33.935645","133.081984"
"北星会館（建物）","愛媛県西条市壬生川682-1","33.940223","133.080994"
"橘小学校（校舎・体育館）","愛媛県西条市西泉乙417","33.8928","133.146835"
"橘小学校（グラウンド）","愛媛県西条市西泉乙417","33.892417","133.146722"
"東予南地域交流センター（建物）","愛媛県西条市石田402-1","33.916416","133.094763"
"大新田公園","愛媛県西条市大新田108-3","33.940432","133.089031"
"西条南中学校（グラウンド）","愛媛県西条市大町1120","33.904154","133.187576"
"西条南中学校（校舎・体育館）","愛媛県西条市大町1120","33.904546","133.187254"
"大町公民館（建物）","愛媛県西条市大町225-10","33.910503","133.192457"
"西条市民公園","愛媛県西条市大町457","33.917773","133.193031"
"東部ウイングサポートセンター（建物）","愛媛県西条市大町68-6","33.90615","133.192368"
"大町小学校（グラウンド）","愛媛県西条市大町992-2","33.908121","133.188222"
"大町小学校（校舎・体育館）","愛媛県西条市大町992-2","33.907734","133.188131"
"（旧）鞍瀬小学校","愛媛県西条市丹原町鞍瀬甲382-1","33.841564","133.007749"
"高座集会所（建物）","愛媛県西条市丹原町鞍瀬甲844","33.83681","133.012452"
"臼坂ちびっ子広場","愛媛県西条市丹原町臼坂丙135","33.85714","133.004555"
"関屋児童遊園","愛媛県西条市丹原町関屋甲369-3","33.873971","133.01007"
"丹原高等学校（グラウンド）","愛媛県西条市丹原町願連寺163","33.908299","133.06627"
"丹原高等学校（校舎・体育館）","愛媛県西条市丹原町願連寺163","33.90882","133.067182"
"丹原中央公園","愛媛県西条市丹原町願連寺53-1","33.902878","133.067013"
"丹原総合公園","愛媛県西条市丹原町久妙寺甲244","33.899583","133.046236"
"丹原体育館（建物）","愛媛県西条市丹原町久妙寺甲288-1","33.899661","133.047714"
"久妙寺児童遊園","愛媛県西条市丹原町久妙寺甲671","33.904761","133.050405"
"古田ちびっこ広場","愛媛県西条市丹原町古田甲1359","33.90727","133.040187"
"徳田小学校（校舎・体育館）","愛媛県西条市丹原町古田甲720-1","33.910577","133.045404"
"徳田小学校（グラウンド）","愛媛県西条市丹原町古田甲720-1","33.910858","133.04512"
"徳田公民館（建物）","愛媛県西条市丹原町古田甲725-2","33.910698","133.045812"
"丹原農村環境改善センター（建物）","愛媛県西条市丹原町高松148","33.898349","133.049939"
"高松児童遊園","愛媛県西条市丹原町高松２２０８－４地先","33.890108","133.044004"
"田滝小学校（校舎・体育館）","愛媛県西条市丹原町高松甲2266-1","33.880265","133.020148"
"田滝小学校（グラウンド）","愛媛県西条市丹原町高松甲2266-1","33.88002","133.020792"
"高知児童遊園","愛媛県西条市丹原町高知甲731","33.919349","133.043836"
"丹原東中学校（校舎・体育館）","愛媛県西条市丹原町今井4-1","33.89699","133.055026"
"丹原東中学校（グラウンド）","愛媛県西条市丹原町今井4-1","33.896372","133.055799"
"丹原Ｂ＆Ｇ海洋センター（建物）","愛媛県西条市丹原町志川甲12-1","33.861975","133.037467"
"志川ちびっ子広場","愛媛県西条市丹原町志川甲885","33.857959","133.030084"
"中川公民館（建物）","愛媛県西条市丹原町石経847-1","33.865418","133.034815"
"石経児童遊園","愛媛県西条市丹原町石経930","33.867238","133.03336"
"川根東児童遊園","愛媛県西条市丹原町川根甲377","33.897186","133.032705"
"川根西児童遊園","愛媛県西条市丹原町川根甲951","33.892283","133.029786"
"御陣家住宅ちびっこ広場","愛媛県西条市丹原町池田1176-1","33.907518","133.050814"
"池田ちびっこ広場","愛媛県西条市丹原町池田1390","33.90875","133.05946"
"丹原公民館（建物）","愛媛県西条市丹原町池田1711-1","33.906963","133.064285"
"丹原小学校（校舎・体育館）","愛媛県西条市丹原町池田1778-1","33.905978","133.062355"
"丹原小学校（グラウンド）","愛媛県西条市丹原町池田1778-1","33.905778","133.06177"
"古田新出ちびっこ広場","愛媛県西条市丹原町池田502-1","33.921234","133.066455"
"池田児童遊園","愛媛県西条市丹原町池田696-1","33.914929","133.057987"
"田野市原児童遊園","愛媛県西条市丹原町田野上方1792-1","33.880525","133.057406"
"田野小学校（グラウンド）","愛媛県西条市丹原町田野上方2098-1","33.879364","133.045615"
"田野小学校（校舎・体育館）","愛媛県西条市丹原町田野上方2098-1","33.879654","133.045202"
"丹原文化会館（駐車場）","愛媛県西条市丹原町田野上方2131-1","33.884896","133.048168"
"丹原文化会館（建物）","愛媛県西条市丹原町田野上方2131-1","33.885412","133.047766"
"南部児童遊園","愛媛県西条市丹原町田野上方276-1","33.895287","133.066799"
"徳能ちびっこ広場","愛媛県西条市丹原町徳能乙5-1","33.915365","133.044114"
"徳能出作ちびっこ広場","愛媛県西条市丹原町徳能出作156","33.924006","133.062499"
"田野公民館（建物）","愛媛県西条市丹原町北田野1587-5","33.879474","133.043723"
"中川小学校（グラウンド）","愛媛県西条市丹原町来見1-122","33.864738","133.02726"
"中川小学校（校舎・体育館）","愛媛県西条市丹原町来見1-122","33.865067","133.027126"
"丹原西中学校（グラウンド）","愛媛県西条市丹原町来見甲15-1","33.865633","133.025275"
"丹原西中学校（校舎・体育館）","愛媛県西条市丹原町来見甲15-1","33.86623","133.025012"
"来見児童遊園","愛媛県西条市丹原町来見甲714","33.863786","133.021702"
"庄内公民館（建物）","愛媛県西条市旦之上甲292-1","33.943894","133.038625"
"庄内小学校（グラウンド）","愛媛県西条市旦之上甲618","33.943422","133.034585"
"庄内小学校（校舎・体育館）","愛媛県西条市旦之上甲618","33.943106","133.034923"
"大保木公民館（駐車場）","愛媛県西条市中奥1-45","33.837501","133.148763"
"大保木公民館（建物）","愛媛県西条市中奥1-45","33.837501","133.149063"
"石鎚ふれあいの里（建物）","愛媛県西条市中奥１号25-1","33.839354","133.150399"
"石鎚ふれあいの里（駐車場）","愛媛県西条市中奥１号25-1","33.838886","133.150072"
"神戸公園","愛媛県西条市中野甲1799","33.896571","133.183472"
"神戸公民館（建物）","愛媛県西条市中野甲566-4","33.901621","133.179744"
"石井記念公園","愛媛県西条市禎瑞1824","33.914912","133.139136"
"禎瑞小学校（グラウンド）","愛媛県西条市禎瑞1829","33.915252","133.140659"
"禎瑞小学校（校舎・体育館）","愛媛県西条市禎瑞1829","33.914954","133.141201"
"禎瑞公民館（建物）","愛媛県西条市禎瑞1829","33.914854","133.140332"
"西条市生涯学習の館","愛媛県西条市天神1-205","33.930717","133.210574"
"橘公民館（建物）","愛媛県西条市楢木54-1","33.894075","133.147336"
"河北会館（建物）","愛媛県西条市楠甲1295-1","33.963055","133.056804"
"西条東部公園","愛媛県西条市飯岡1518-3","33.94697","133.232919"
"飯岡小学校（校舎・体育館）","愛媛県西条市飯岡2124","33.919899","133.226495"
"飯岡小学校（グラウンド）","愛媛県西条市飯岡2124","33.919551","133.22716"
"飯岡公民館（建物）","愛媛県西条市飯岡2171-2","33.919961","133.228023"
"西条東部地域交流センター（建物）","愛媛県西条市飯岡550","33.913746","133.234974"
"西条東部地域交流センター（駐車場）","愛媛県西条市飯岡550","33.913296","133.235226"
"氷見公民館（建物）","愛媛県西条市氷見乙1120-2","33.895034","133.128137"
"氷見小学校（校舎・体育館）","愛媛県西条市氷見乙1143-2","33.89451","133.127303"
"氷見小学校（グラウンド）","愛媛県西条市氷見乙1143-2","33.894928","133.127282"
"西条西中学校（グラウンド）","愛媛県西条市氷見乙558","33.897027","133.137039"
"西条西中学校（校舎・体育館）","愛媛県西条市氷見乙558","33.89786","133.137398"
"西条市スポーツコミュニティセンター","愛媛県西条市氷見乙601","33.899345","133.132984"
"西条西部体育館","愛媛県西条市氷見乙601","33.899728","133.132292"
"西条西部公園","愛媛県西条市氷見乙608","33.899426","133.133106"
"西条西部地域交流センター","愛媛県西条市氷見西新開59","33.900338","133.134406"
"西条農業高等学校（校舎・体育館）","愛媛県西条市福武甲2093","33.900596","133.192803"
"西条農業高等学校（グラウンド）","愛媛県西条市福武甲2093","33.901317","133.191532"
"北条新田公園","愛媛県西条市北条1300-1","33.93211","133.102572"
"北条新田会館（建物）","愛媛県西条市北条1397-13","33.934777","133.097744"
"多賀小学校（グラウンド）","愛媛県西条市北条1504","33.928148","133.09339"
"多賀小学校（校舎・体育館）","愛媛県西条市北条1504","33.92886","133.093101"
"多賀公民館（建物）","愛媛県西条市北条654-1","33.92675","133.095093"
"本松寺児童遊園","愛媛県西条市北条78","33.916271","133.087231"
"ひと・夢・未来創造拠点複合施設（ＳＡＩＪＯ　ＢＡＳＥ　建物）","愛媛県西条市明屋敷131-2","33.923101","133.180684"
"西条高等学校（グラウンド）","愛媛県西条市明屋敷234","33.920266","133.17833"
"西条高等学校（校舎・体育館）","愛媛県西条市明屋敷234","33.920742","133.179075"
"西予市図書交流館　（まなびあん）","愛媛県西予市宇和町卯之町1-245-1","33.368905","132.509087"
"宇和町小学校","愛媛県西予市宇和町卯之町2-145","33.366414","132.51108"
"県立宇和高等学校","愛媛県西予市宇和町卯之町4-190-1","33.363688","132.520641"
"県立宇和特別支援学校","愛媛県西予市宇和町永長1287-1","33.374863","132.495955"
"宇和中学校","愛媛県西予市宇和町下松葉629-1","33.37116","132.50715"
"多田小学校","愛媛県西予市宇和町河内171-1","33.428016","132.505252"
"皆田小学校","愛媛県西予市宇和町皆田1115-1","33.345805","132.537306"
"田之筋小学校","愛媛県西予市宇和町新城982-1","33.38358","132.532392"
"石城小学校","愛媛県西予市宇和町西山田164-1","33.384175","132.474621"
"中川小学校","愛媛県西予市宇和町田苗真土1614-1","33.398675","132.50654"
"旧明間小学校","愛媛県西予市宇和町明間1065-1","33.345918","132.582846"
"安土西","愛媛県西予市三瓶町安土246-1","33.376756","132.418677"
"市道安土１３号線","愛媛県西予市三瓶町安土281-2","33.376155","132.41843"
"神子之浦墓地","愛媛県西予市三瓶町下泊109-1","33.341554","132.392603"
"アンデラ","愛媛県西予市三瓶町下泊1834-1","33.337014","132.386091"
"農道下泊神子之浦線","愛媛県西予市三瓶町下泊331-2","33.339981","132.394502"
"お薬師","愛媛県西予市三瓶町下泊481","33.340052","132.392843"
"お墓","愛媛県西予市三瓶町下泊656-1","33.337427","132.389868"
"旧下泊小学校（屋上）","愛媛県西予市三瓶町下泊779-1","33.336046","132.39028"
"三瓶下泊地区グラウンド","愛媛県西予市三瓶町下泊779-1","33.336369","132.390012"
"農道下泊中ノ浦線","愛媛県西予市三瓶町下泊914-1","33.334334","132.389095"
"見光寺","愛媛県西予市三瓶町皆江1825","33.341459","132.412729"
"農道皆江国王線","愛媛県西予市三瓶町皆江2635","33.348553","132.412858"
"国道３７８号（枯井バス停付近）","愛媛県西予市三瓶町皆江83-7","33.345202","132.3944"
"薬師山公園","愛媛県西予市三瓶町垣生乙549-1","33.387242","132.411765"
"垣生グラウンド","愛媛県西予市三瓶町垣生甲1252-2","33.392119","132.411845"
"垣生西","愛媛県西予市三瓶町垣生甲161-3","33.384332","132.409646"
"垣生小浦","愛媛県西予市三瓶町垣生甲9","33.378977","132.408691"
"光勝寺","愛媛県西予市三瓶町周木2-208","33.374365","132.390817"
"三瓶周木地区グラウンド","愛媛県西予市三瓶町周木6-247-1","33.375917","132.389378"
"旧周木小学校（屋上）","愛媛県西予市三瓶町周木6-247-1","33.376316","132.388848"
"蔵王公園付近","愛媛県西予市三瓶町蔵貫3172-1","33.350703","132.432132"
"市道蔵貫２号線終点付近","愛媛県西予市三瓶町蔵貫32-2","33.356734","132.427937"
"善福禅寺上","愛媛県西予市三瓶町蔵貫3663","33.352285","132.426456"
"神明神社付近高台","愛媛県西予市三瓶町蔵貫634-2","33.355829","132.429425"
"川原集会所上","愛媛県西予市三瓶町蔵貫966-3","33.354444","132.433524"
"農道蔵貫浦新田線","愛媛県西予市三瓶町蔵貫浦1124-4","33.352951","132.420287"
"金光寺","愛媛県西予市三瓶町蔵貫浦135","33.358897","132.42184"
"三瓶蔵貫地区グラウンド","愛媛県西予市三瓶町蔵貫浦491","33.356209","132.424137"
"三楽園","愛媛県西予市三瓶町蔵貫浦5-19","33.35911","132.420978"
"２区農道（朝立山口線）","愛媛県西予市三瓶町朝立1-250","33.385328","132.422608"
"三瓶小学校","愛媛県西予市三瓶町朝立1-337-2","33.381602","132.423191"
"国造神社（朝立）","愛媛県西予市三瓶町朝立1-71","33.383943","132.42159"
"地福寺","愛媛県西予市三瓶町朝立2-261-1","33.386689","132.425823"
"宇都宮様","愛媛県西予市三瓶町朝立2-281-2","33.385856","132.425533"
"やぐらの下団地","愛媛県西予市三瓶町朝立2-35-3","33.384093","132.425482"
"シデノキ農道","愛媛県西予市三瓶町朝立2-491-2","33.388517","132.42682"
"旧東公民館第１分館","愛媛県西予市三瓶町朝立6-215-4","33.386629","132.429228"
"サイレン山避難所","愛媛県西予市三瓶町朝立7-282-15","33.38072","132.423537"
"三瓶公園","愛媛県西予市三瓶町朝立8-1-2","33.383275","132.41557"
"大元様","愛媛県西予市三瓶町朝立8-702-2","33.390353","132.432303"
"朝田邸裏山","愛媛県西予市三瓶町朝立8-845-16","33.383107","132.426734"
"二及越","愛媛県西予市三瓶町長早3-37-2","33.371917","132.40036"
"道安寺","愛媛県西予市三瓶町長早3-44-1","33.372146","132.399947"
"国造神社（長早）","愛媛県西予市三瓶町長早3-486","33.371223","132.398424"
"県道宇和三瓶線、市道津布理３９号線の合流点","愛媛県西予市三瓶町津布理2631-1","33.370737","132.430162"
"新池前","愛媛県西予市三瓶町津布理2759-1","33.371712","132.432587"
"三瓶中学校（屋上）","愛媛県西予市三瓶町津布理29","33.377908","132.425317"
"津布理神ヶ谷","愛媛県西予市三瓶町津布理3085","33.373793","132.425715"
"金刀比羅神社","愛媛県西予市三瓶町津布理3569","33.375301","132.423198"
"釈迦堂上","愛媛県西予市三瓶町津布理3573-1","33.376104","132.42262"
"三瓶中学校","愛媛県西予市三瓶町津布理48","33.378351","132.424477"
"谷上駐車場（谷口）","愛媛県西予市三瓶町津布理525-1","33.379415","132.426418"
"三瓶浄水場","愛媛県西予市三瓶町津布理556-6","33.380257","132.425632"
"市道津布理１０号線（桜谷線）","愛媛県西予市三瓶町津布理770-2","33.376404","132.430189"
"二及豆綱代川上","愛媛県西予市三瓶町二及1-48","33.378986","132.406674"
"二及東川上流","愛媛県西予市三瓶町二及1-565-4","33.380043","132.401471"
"二及農村公園","愛媛県西予市三瓶町二及2-452","33.375842","132.402012"
"長早越","愛媛県西予市三瓶町二及2-836-1","33.372634","132.4022"
"お伊勢山","愛媛県西予市三瓶町二及2-897-3","33.372473","132.404067"
"西側一時避難場所","愛媛県西予市三瓶町有太刀108","33.362746","132.414995"
"あらパーク","愛媛県西予市三瓶町有太刀16","33.362733","132.410317"
"中央一時避難場所","愛媛県西予市三瓶町有太刀166","33.363696","132.415639"
"東側一時避難場所","愛媛県西予市三瓶町有太刀654","33.362849","132.418036"
"有網代墓地","愛媛県西予市三瓶町有網代30-1","33.375904","132.41526"
"国造神社（有網代）","愛媛県西予市三瓶町有網代59","33.375237","132.414917"
"城川中学校","愛媛県西予市城川町下相1237","33.378401","132.746889"
"城川小学校","愛媛県西予市城川町魚成5673-1","33.379691","132.723581"
"旧高川小学校","愛媛県西予市城川町高野子806","33.368496","132.803595"
"旧土居小学校","愛媛県西予市城川町土居86","33.381663","132.767525"
"旧遊子川小学校","愛媛県西予市城川町遊子谷3160","33.43321","132.766965"
"３区第２避難場所","愛媛県西予市明浜町宮野浦甲1119","33.31388","132.423227"
"３区第１避難場所","愛媛県西予市明浜町宮野浦甲1208","33.312179","132.425118"
"宮ノ串避難場所","愛媛県西予市明浜町宮野浦甲1469","33.307472","132.422184"
"岩井避難場所","愛媛県西予市明浜町宮野浦甲1857","33.308494","132.412358"
"１区避難場所","愛媛県西予市明浜町宮野浦甲417-1","33.315667","132.422605"
"中浦避難場所","愛媛県西予市明浜町宮野浦甲75-10","33.317411","132.42587"
"２区避難場所","愛媛県西予市明浜町宮野浦甲825-1","33.31534","132.42224"
"２・３区避難場所","愛媛県西予市明浜町宮野浦甲909","33.314515","132.422774"
"東水源地","愛媛県西予市明浜町高山甲1214","33.322526","132.437561"
"小坂","愛媛県西予市明浜町高山甲1871-2","33.322915","132.435812"
"西水源地","愛媛県西予市明浜町高山甲2066-1","33.324305","132.432087"
"小浦","愛媛県西予市明浜町高山甲2891-2","33.31911","132.429002"
"銀行社宅付近","愛媛県西予市明浜町高山甲3180-1","33.321979","132.430252"
"明浜支所（屋上）","愛媛県西予市明浜町高山甲3420","33.322691","132.431944"
"小僧都","愛媛県西予市明浜町高山甲686-1","33.317142","132.435222"
"漁協奥","愛媛県西予市明浜町狩浜1-198","33.319896","132.471106"
"枝浦農道記念碑","愛媛県西予市明浜町狩浜2-1125-1","33.322102","132.464883"
"枝浦農道","愛媛県西予市明浜町狩浜2-1504-3","33.320842","132.463395"
"山口","愛媛県西予市明浜町狩浜2-459","33.323164","132.468504"
"狩浜防災倉庫前","愛媛県西予市明浜町狩浜3-1307","33.31532","132.461607"
"お伊勢山前","愛媛県西予市明浜町狩浜3-1479-2","33.313334","132.467181"
"狩浜農道三叉路","愛媛県西予市明浜町狩浜3-378","33.317366","132.461393"
"本浦農道","愛媛県西予市明浜町狩浜3-902-1","33.316541","132.45914"
"狩浜ＪＡ上","愛媛県西予市明浜町狩浜4-69-2","33.317632","132.465685"
"春日神社下","愛媛県西予市明浜町狩浜4-698-1","33.317955","132.466061"
"４区避難場所","愛媛県西予市明浜町田之浜甲1195-1","33.319383","132.389473"
"３区避難場所","愛媛県西予市明浜町田之浜甲1316-1","33.320845","132.390513"
"１区避難場所","愛媛県西予市明浜町田之浜甲553-4","33.319177","132.397199"
"２区避難場所","愛媛県西予市明浜町田之浜甲656-2","33.321324","132.396808"
"トンネル上","愛媛県西予市明浜町渡江84-2","33.31995","132.484335"
"龍泉寺","愛媛県西予市明浜町渡江869","33.320833","132.478595"
"伊之浦農道","愛媛県西予市明浜町俵津1-177-4","33.321755","132.49888"
"東谷農道","愛媛県西予市明浜町俵津1-418","33.324705","132.498574"
"天満神社","愛媛県西予市明浜町俵津2-1","33.325386","132.496616"
"元小学校跡","愛媛県西予市明浜町俵津2-767-1","33.325942","132.495591"
"福岡農道","愛媛県西予市明浜町俵津3-505-1","33.328362","132.49212"
"大山農道","愛媛県西予市明浜町俵津4-282-2","33.330473","132.489079"
"新田奥","愛媛県西予市明浜町俵津5-231-3","33.332102","132.486528"
"畑岡農道","愛媛県西予市明浜町俵津8-214","33.327261","132.485386"
"明浜小学校","愛媛県西予市明浜町俵津8-316-1","33.324651","132.487849"
"西予市明浜運動場","愛媛県西予市明浜町俵津9-136-1","33.324332","132.486429"
"ボラ小屋","愛媛県西予市明浜町俵津9-412-2","33.320165","132.487489"
"下の谷農道","愛媛県西予市明浜町俵津9-52-1","33.32451","132.484345"
"旧大和田小学校","愛媛県西予市野村町阿下2-428","33.396674","132.67356"
"県立野村高等学校","愛媛県西予市野村町阿下6-2","33.384945","132.652137"
"野村中学校","愛媛県西予市野村町阿下7-147","33.381737","132.652162"
"旧中筋小学校","愛媛県西予市野村町高瀬4098","33.413974","132.63375"
"西予市野村少年自然の家","愛媛県西予市野村町惣川1160","33.476693","132.782503"
"惣川小学校","愛媛県西予市野村町惣川3888","33.480195","132.796585"
"大野ヶ原小学校","愛媛県西予市野村町大野ケ原217-1","33.479882","132.870719"
"旧渓筋小学校","愛媛県西予市野村町鳥鹿野870","33.404145","132.587579"
"野村小学校","愛媛県西予市野村町野村11-43-1","33.373139","132.643206"
"西予市肱川河川沿い復興公園（どすこいパーク）","愛媛県西予市野村町野村4-3-1","33.378315","132.646469"
"旧河成小学校","愛媛県西予市野村町予子林5192-2","33.417015","132.718599"
"久米小学校運動場","愛媛県大洲市阿蔵甲636","33.507886","132.527779"
"河辺コミュニティセンター坂本分館（敷地）","愛媛県大洲市河辺町横山2177-1","33.502115","132.747945"
"河辺ふれあい広場","愛媛県大洲市河辺町河都375","33.501954","132.753971"
"河辺ふるさとの宿（駐車場）","愛媛県大洲市河辺町三嶋134","33.494959","132.770736"
"河辺小学校運動場","愛媛県大洲市河辺町植松674","33.491803","132.743094"
"河辺コミュニティセンター北平分館（駐車場）","愛媛県大洲市河辺町北平1203","33.511097","132.795092"
"戒川ふれあい広場","愛媛県大洲市戒川乙903","33.594463","132.534143"
"高砂運動場","愛媛県大洲市肱川町宇和川3390","33.471866","132.682628"
"鹿野川園地","愛媛県大洲市肱川町山鳥坂234","33.452893","132.685819"
"岩谷コミュニティセンター（敷地）","愛媛県大洲市肱川町山鳥坂2592","33.476807","132.713474"
"肱川中学校運動場","愛媛県大洲市肱川町山鳥坂282","33.453976","132.681324"
"肱川小学校運動場","愛媛県大洲市肱川町山鳥坂527-1","33.458434","132.68002"
"肱川地区複合公共施設（駐車場）","愛媛県大洲市肱川町山鳥坂73","33.456034","132.684175"
"大谷ふれあい広場","愛媛県大洲市肱川町大谷2660","33.43442","132.662729"
"中津集会所（敷地）","愛媛県大洲市肱川町中津722","33.464845","132.742122"
"正山ふれあい広場","愛媛県大洲市肱川町名荷谷1750","33.488838","132.685592"
"大駄場ふれあい広場","愛媛県大洲市肱川町予子林119","33.446008","132.694818"
"予子林ふれあい広場","愛媛県大洲市肱川町予子林1957","33.435154","132.706161"
"喜多小学校運動場","愛媛県大洲市若宮332","33.522217","132.548278"
"三善小学校運動場","愛媛県大洲市春賀甲1888","33.554194","132.556456"
"上須戒ふれあい広場","愛媛県大洲市上須戒甲1511","33.536818","132.50348"
"稲荷山公園","愛媛県大洲市新谷","33.528264","132.600973"
"新谷小学校運動場","愛媛県大洲市新谷甲190-2","33.538642","132.598455"
"学校法人帝京科学大学帝京第五高等学校　運動場","愛媛県大洲市新谷甲233","33.536021","132.603674"
"新谷中学校運動場","愛媛県大洲市新谷甲260-1","33.537609","132.602231"
"新谷公園","愛媛県大洲市新谷町","33.537081","132.59688"
"大洲家族旅行村","愛媛県大洲市菅田町菅田","33.504358","132.56209"
"肱東中学校運動場","愛媛県大洲市菅田町菅田甲1790","33.510902","132.586479"
"菅田小学校運動場","愛媛県大洲市菅田町菅田甲703","33.510569","132.592802"
"蔵川ふれあい広場","愛媛県大洲市蔵川甲239","33.460131","132.614806"
"城山公園","愛媛県大洲市大洲","33.509392","132.54172"
"大洲南中学校運動場","愛媛県大洲市大洲1005","33.505624","132.543426"
"大洲小学校運動場","愛媛県大洲市大洲711","33.506807","132.541726"
"県立大洲高等学校運動場","愛媛県大洲市大洲737","33.505906","132.538475"
"長浜中学校運動場","愛媛県大洲市長浜甲1","33.610397","132.482252"
"長浜スポーツセンター　駐車場","愛媛県大洲市長浜甲19-8","33.609459","132.483658"
"長浜小学校運動場","愛媛県大洲市長浜甲190","33.611983","132.48266"
"県立長浜高等学校運動場","愛媛県大洲市長浜甲480-1","33.614675","132.478898"
"大和ふれあい広場","愛媛県大洲市長浜町下須戒甲669-5","33.59264","132.494408"
"櫛生ふれあい広場","愛媛県大洲市長浜町櫛生乙141","33.572329","132.447503"
"喜多灘ふれあい広場","愛媛県大洲市長浜町今坊甲1154","33.629151","132.521531"
"出海ふれあい広場","愛媛県大洲市長浜町出海乙4","33.55725","132.433903"
"田処ふれあい広場","愛媛県大洲市田処甲214-1","33.599648","132.587426"
"県立大洲農業高等学校運動場","愛媛県大洲市東大洲15","33.517753","132.550941"
"大洲北中学校運動場","愛媛県大洲市東大洲69-1","33.513936","132.553752"
"徳森児童公園","愛媛県大洲市徳森","33.525551","132.587432"
"徳森公園","愛媛県大洲市徳森2280-2","33.518409","132.583693"
"平小学校運動場","愛媛県大洲市徳森2600","33.521716","132.58176"
"白滝ふれあい広場","愛媛県大洲市白滝甲557-2","33.583681","132.522066"
"粟津小学校運動場","愛媛県大洲市八多喜町甲1101","33.56462","132.542171"
"大洲東中学校運動場","愛媛県大洲市八多喜町甲1225","33.564683","132.545949"
"平野小学校運動場","愛媛県大洲市平野町平地47","33.497223","132.516512"
"平野中学校運動場","愛媛県大洲市平野町野田50","33.497106","132.516555"
"八幡浜・大洲地区運動公園","愛媛県大洲市平野町野田乙1644","33.485572","132.518633"
"豊茂ふれあい広場","愛媛県大洲市豊茂甲532","33.562004","132.469391"
"森林公園","愛媛県大洲市北只","33.49409","132.537368"
"国立大洲青少年交流の家グラウンド・ふれあい広場","愛媛県大洲市北只1086","33.496247","132.536859"
"南久米ふれあい広場","愛媛県大洲市野佐来479","33.467968","132.544709"
"柳沢ふれあい広場","愛媛県大洲市柳沢甲753-2","33.580485","132.599856"
"冨士山公園","愛媛県大洲市柚木","33.50941","132.561157"
"松山南高校砥部分校グラウンド","愛媛県砥部町岩谷口7","33.739205","132.796107"
"宮内小学校グラウンド","愛媛県砥部町宮内640","33.753002","132.787113"
"玉谷神社（敷地）","愛媛県砥部町玉谷330","33.668235","132.788439"
"旧玉谷小学校グラウンド","愛媛県砥部町玉谷670","33.664655","132.795169"
"高市町民グラウンド","愛媛県砥部町高市1105","33.631018","132.762607"
"県立医療技術大学グラウンド","愛媛県砥部町高尾田543","33.780383","132.798612"
"麻生小学校グラウンド","愛媛県砥部町高尾田760","33.77907","132.791562"
"陶街道ゆとり公園グラウンド","愛媛県砥部町千足400","33.746299","132.797044"
"砥部中学校グラウンド","愛媛県砥部町千足68","33.747561","132.790834"
"峡の館駐車場","愛媛県砥部町総津162-1","33.640663","132.79972"
"広田小学校グラウンド","愛媛県砥部町総津375","33.632811","132.797296"
"ひろた町民グラウンド","愛媛県砥部町総津386","33.631185","132.797768"
"砥部小学校グラウンド","愛媛県砥部町大南1039","33.735681","132.790204"
"大南町民広場","愛媛県砥部町大南720","33.737612","132.79183"
"大平集会所（敷地）","愛媛県砥部町大平596-1","33.720738","132.81625"
"田ノ浦集会所（敷地）","愛媛県砥部町田ノ浦200","33.771897","132.770167"
"八倉集会所（敷地）","愛媛県砥部町八倉210","33.787028","132.775057"
"麻生保育所（敷地）","愛媛県砥部町麻生216","33.776988","132.788249"
"篠谷神社（敷地）","愛媛県砥部町満穂379-1","33.665584","132.807131"
"いわがらこども館広場","愛媛県東温市横河原1368-1","33.804845","132.882699"
"下林集会所","愛媛県東温市下林甲1571","33.780267","132.87161"
"東温市立拝志小学校グランド","愛媛県東温市下林甲1585","33.780271","132.870948"
"下林八幡農村公園","愛媛県東温市下林甲297-1","33.774391","132.884293"
"土谷集会所広場","愛媛県東温市河之内甲1211-1","33.810054","132.974619"
"東温市滑川生活改善センターグランド","愛媛県東温市滑川甲1442","33.798605","132.996996"
"牛渕横畑公園","愛媛県東温市牛渕1093","33.79524","132.847722"
"牛渕上野農村公園","愛媛県東温市牛渕1625","33.796955","132.856677"
"松山刑務所駐車場","愛媛県東温市見奈良1243-2","33.794508","132.878447"
"山之内集会所広場","愛媛県東温市山之内1640","33.861847","132.907643"
"東温市立北吉井小学校グランド","愛媛県東温市志津川131","33.805716","132.881487"
"旧重信町庁舎跡","愛媛県東温市志津川972","33.796204","132.874389"
"東温市立重信中学校グランド","愛媛県東温市志津川991","33.794918","132.871737"
"八反地ふれあい公園","愛媛県東温市志津川甲1327-1","33.797702","132.869033"
"踊田公園","愛媛県東温市志津川南4-301","33.800617","132.874821"
"奥松瀬川公民館広場","愛媛県東温市松瀬川乙80-1","33.81061","132.947055"
"東温市立上林小学校グランド","愛媛県東温市上林甲2565","33.756251","132.887038"
"東温市総合公園","愛媛県東温市西岡1284-1","33.809654","132.868701"
"東温市立西谷小学校グランド","愛媛県東温市則之内乙835","33.771611","132.917425"
"東温市立東谷小学校グランド","愛媛県東温市則之内甲334","33.792431","132.953461"
"東温市立南吉井小学校グランド","愛媛県東温市田窪1100","33.791221","132.852919"
"東温市農林業者トレーニングセンター駐車場","愛媛県東温市田窪235","33.790807","132.867987"
"東温市中央公民館駐車場","愛媛県東温市田窪2370","33.793876","132.871302"
"東温市農村環境改善センター駐車場","愛媛県東温市田窪300","33.792264","132.867809"
"田窪水木公園","愛媛県東温市田窪3007-1","33.794334","132.864208"
"くぼの泉公園","愛媛県東温市南方1166-1","33.79328","132.894857"
"東温市川内健康センター駐車場","愛媛県東温市南方262","33.797107","132.914233"
"東温市川内公民館駐車場","愛媛県東温市南方264","33.79693","132.915413"
"川内支所広場","愛媛県東温市南方286","33.797568","132.914725"
"東温市立川内中学校グランド","愛媛県東温市南方467-1","33.796904","132.912814"
"南方東公園","愛媛県東温市南方504-8","33.796343","132.91146"
"ふるさと交流館　さくらの湯広場","愛媛県東温市北方甲2081-1","33.802575","132.914575"
"東温市川内体育センター駐車場","愛媛県東温市北方甲2314-2","33.803084","132.907834"
"東温市立川上小学校グランド","愛媛県東温市北方甲2655","33.80052","132.904215"
"北方西公園","愛媛県東温市北方甲3164-1","33.8028","132.895094"
"東温市ゆるぎ公園","愛媛県東温市野田1-19","33.793911","132.840366"
"東温市てんじん公園","愛媛県東温市野田3-3","33.795026","132.834368"
"臼杵自治会館","愛媛県内子町臼杵3685","33.62289","132.823908"
"論田自治会館","愛媛県内子町河内2545-1","33.578208","132.648255"
"河内自治会館","愛媛県内子町河内778-1","33.598775","132.63887"
"吉野川自治会館","愛媛県内子町吉野川59","33.57966","132.769944"
"龍王公園","愛媛県内子町五十崎1524-1","33.542621","132.65425"
"妙見公園","愛媛県内子町五十崎乙357-1","33.53203","132.654962"
"五十崎小学校","愛媛県内子町五十崎甲1485","33.540874","132.656152"
"五十崎こども園","愛媛県内子町五十崎甲945-1","33.534286","132.654721"
"内子東自治センター","愛媛県内子町五百木187","33.558957","132.658211"
"和田自治会館","愛媛県内子町五百木2263-1","33.568506","132.698362"
"長田体育広場","愛媛県内子町五百木4071-2","33.584137","132.690833"
"花の木公園","愛媛県内子町寺村1443","33.571121","132.788245"
"小田小学校・小田中学校","愛媛県内子町寺村557","33.569264","132.795488"
"内子高等学校小田分校","愛媛県内子町寺村978","33.567011","132.791936"
"城の台公園","愛媛県内子町小田420","33.568164","132.806897"
"小田支所前広場","愛媛県内子町小田82","33.567625","132.803121"
"上川自治会館","愛媛県内子町上川4070","33.577073","132.865354"
"元田渡小学校","愛媛県内子町上田渡294","33.613416","132.788186"
"五城保育園","愛媛県内子町城廻275-11","33.558295","132.655857"
"うちこ福祉館駐車場","愛媛県内子町城廻301-1","33.557137","132.656084"
"石畳小学校","愛媛県内子町石畳4631","33.621726","132.636224"
"立川自治会館","愛媛県内子町川中1913","33.607073","132.680812"
"大瀬小学校","愛媛県内子町大瀬中央4567","33.57431","132.717872"
"大瀬中学校","愛媛県内子町大瀬中央5880","33.572759","132.713418"
"川登自治会館","愛媛県内子町大瀬東3581","33.584286","132.748805"
"池田コミュニティ広場","愛媛県内子町大瀬南4636","33.542108","132.742996"
"村前自治会館","愛媛県内子町大瀬南590-1","33.554351","132.719603"
"元程内小学校","愛媛県内子町大瀬北990","33.61047","132.742994"
"元御祓小学校","愛媛県内子町只海甲456","33.525541","132.698849"
"参川地区体育館","愛媛県内子町中川3356","33.574799","132.835426"
"内子運動公園","愛媛県内子町内子179","33.548589","132.642724"
"内子幼稚園","愛媛県内子町内子2405","33.554499","132.65594"
"内子中学校","愛媛県内子町内子2789","33.558166","132.652544"
"内子小学校","愛媛県内子町内子3147","33.553657","132.650075"
"内子高等学校","愛媛県内子町内子3397","33.552483","132.650472"
"内の子広場","愛媛県内子町内子3459-1","33.551768","132.648946"
"南山自治会館","愛媛県内子町南山1199","33.546188","132.790415"
"平野自治会館","愛媛県内子町日野川544","33.590262","132.81175"
"町民広場","愛媛県内子町平岡甲141-1","33.532977","132.659331"
"五十崎中学校","愛媛県内子町平岡甲1569","33.534346","132.665616"
"五十崎自治センター","愛媛県内子町平岡甲185-1","33.531264","132.658331"
"平岡児童公園","愛媛県内子町平岡甲36","33.534406","132.659679"
"天神小学校","愛媛県内子町平岡甲455","33.534682","132.664052"
"元参川小学校","愛媛県内子町本川3984","33.574623","132.828293"
"立川小学校","愛媛県内子町立山1272","33.596809","132.674856"
"立石自治会館","愛媛県内子町立石936","33.56214","132.768717"
"八幡浜ハーバープラザホテル　（４階以上）","愛媛県八幡浜市360","33.460206","132.423719"
"愛宕中学校　体育館","愛媛県八幡浜市愛宕325","33.460622","132.428823"
"愛宕中学校　グラウンド","愛媛県八幡浜市愛宕325","33.460305","132.428475"
"愛宕中学校　第２校舎","愛媛県八幡浜市愛宕325","33.461115","132.428191"
"愛宕中学校　第１校舎","愛媛県八幡浜市愛宕325","33.460838","132.428301"
"愛宕中学校　体育館","愛媛県八幡浜市愛宕325","33.460622","132.428823"
"愛宕中学校　体育館","愛媛県八幡浜市愛宕325","33.460622","132.428823"
"愛宕中学校　第２校舎","愛媛県八幡浜市愛宕325","33.461115","132.428191"
"愛宕保育所","愛媛県八幡浜市愛宕487-3","33.45949","132.427403"
"武道館","愛媛県八幡浜市愛宕487-3","33.459658","132.427341"
"沖新田緑地公園","愛媛県八幡浜市沖新田1581-23","33.458897","132.417618"
"みなと交流館","愛媛県八幡浜市沖新田1581-23","33.458201","132.418277"
"神越グラウンド","愛媛県八幡浜市喜木1-18","33.479894","132.404941"
"千丈小学校　グラウンド","愛媛県八幡浜市郷4-1","33.46448","132.451243"
"千丈小学校　体育館　（土砂災害は２階以上）","愛媛県八幡浜市郷4-1","33.464619","132.45178"
"千丈小学校　校舎　（土砂災害は２階以上）","愛媛県八幡浜市郷4-1","33.46487","132.451356"
"池上マンション　（４階以上）","愛媛県八幡浜市琴平町348-1","33.462083","132.424647"
"八幡浜児童センター　（土砂災害は２階以上）","愛媛県八幡浜市栗野浦463-1","33.451481","132.415565"
"栗野浦共同作業所","愛媛県八幡浜市栗野浦508-2","33.44853","132.410828"
"ふれあいセンター","愛媛県八幡浜市栗野浦573-1","33.452071","132.415747"
"真穴地区公民館　（土砂災害・高潮は２階以上）","愛媛県八幡浜市穴井3-796-39","33.398608","132.396959"
"神山地区公民館","愛媛県八幡浜市元城団地48","33.446962","132.436232"
"八幡浜工業高等学校　グラウンド","愛媛県八幡浜市古町2-3-1","33.451573","132.43158"
"八幡浜工業高等学校　体育館","愛媛県八幡浜市古町2-3-1","33.452056","132.430856"
"八幡浜工業高等学校　本館　（土砂災害は２階、津波は４階以上）","愛媛県八幡浜市古町2-3-1","33.452257","132.431275"
"八幡浜工業高等学校　武道場","愛媛県八幡浜市古町2-3-1","33.452217","132.43177"
"神山小学校　グラウンド","愛媛県八幡浜市五反田1-154","33.447711","132.437124"
"神山小学校　校舎","愛媛県八幡浜市五反田1-154","33.447641","132.437606"
"神山小学校　体育館","愛媛県八幡浜市五反田1-154","33.447388","132.437308"
"神山児童クラブ","愛媛県八幡浜市五反田1-173","33.447381","132.437107"
"神山こども園　（土砂災害は２階以上）","愛媛県八幡浜市五反田1-881-2","33.44844","132.44077"
"王子の森公園","愛媛県八幡浜市五反田地内","33.448971","132.433392"
"介護老人保健施設青葉荘　（４階以上）","愛媛県八幡浜市向灘229-14","33.466448","132.423985"
"特別養護老人ホームことぶき荘　（４階）","愛媛県八幡浜市向灘229-18","33.466386","132.42458"
"白浜小学校　東校舎　（洪水・土砂災害・高潮は２階以上）","愛媛県八幡浜市向灘3063","33.465483","132.424273"
"白浜小学校　体育館","愛媛県八幡浜市向灘3063","33.465788","132.424139"
"白浜小学校　西校舎　（洪水・土砂災害・高潮は２階以上）","愛媛県八幡浜市向灘3063","33.465515","132.42349"
"白浜小学校　グラウンド","愛媛県八幡浜市向灘3063","33.465452","132.423828"
"松蔭小学校　体育館","愛媛県八幡浜市広瀬3-4-3","33.454368","132.426615"
"松蔭小学校　グラウンド","愛媛県八幡浜市広瀬3-4-3","33.454189","132.427097"
"松蔭小学校　本校舎　（洪水は３階以上、土砂災害・高潮は２階以上）","愛媛県八幡浜市広瀬3-4-3","33.454655","132.427001"
"西宇和農業協同組合本店　（４階以上）","愛媛県八幡浜市江戸岡1-12-10","33.458619","132.436446"
"江戸岡小学校　体育館　（２階）","愛媛県八幡浜市江戸岡1-7-1","33.456823","132.433637"
"江戸岡小学校　グラウンド","愛媛県八幡浜市江戸岡1-7-1","33.457105","132.434007"
"江戸岡小学校　校舎　（洪水は２階以上）","愛媛県八幡浜市江戸岡1-7-1","33.457463","132.433825"
"旧長谷小学校　校舎","愛媛県八幡浜市高野地716","33.478712","132.449386"
"旧長谷小学校　グラウンド","愛媛県八幡浜市高野地716","33.47865","132.449498"
"千丈地区公民館高野地分館","愛媛県八幡浜市高野地852","33.479162","132.453044"
"舌田地区公民館　（土砂災害・高潮は２階以上）","愛媛県八幡浜市合田1229-1","33.439082","132.412554"
"白浜保育所　（洪水・土砂災害・高潮は２階以上）","愛媛県八幡浜市裁判所通1550-20","33.466306","132.425081"
"旧双岩中学校　体育館（土砂災害は２階以上）","愛媛県八幡浜市若山1-330-1","33.423869","132.460895"
"旧双岩中学校　校舎","愛媛県八幡浜市若山1-330-1","33.423797","132.460622"
"双岩地区公民館　（土砂災害は２階以上）","愛媛県八幡浜市若山2-33-4","33.42498","132.457929"
"双岩小学校　校舎","愛媛県八幡浜市若山3-167","33.420613","132.458146"
"双岩小学校　グラウンド","愛媛県八幡浜市若山3-167","33.421101","132.458533"
"双岩小学校　体育館","愛媛県八幡浜市若山3-167","33.420689","132.458871"
"双岩保育所","愛媛県八幡浜市若山4-23-3","33.424471","132.456856"
"八幡浜市民スポーツパーク","愛媛県八幡浜市若山地内","33.426485","132.448352"
"保健福祉総合センター　（洪水・土砂災害は２階以上）","愛媛県八幡浜市松柏乙1101","33.460284","132.438311"
"千丈保育所（土砂災害は２階以上）","愛媛県八幡浜市松柏甲67-1","33.465031","132.454868"
"松柏中学校　グラウンド","愛媛県八幡浜市松柏甲734-1","33.464417","132.446013"
"松柏中学校　体育館","愛媛県八幡浜市松柏甲734-1","33.464931","132.44642"
"松柏中学校　本館　（洪水・土砂災害は２階以上）","愛媛県八幡浜市松柏甲734-1","33.464788","132.445852"
"松柏中学校　西教棟　（洪水は２階以上）","愛媛県八幡浜市松柏甲734-1","33.46434","132.445498"
"千丈地区公民館　（洪水は２階以上）","愛媛県八幡浜市松柏甲792-3","33.463208","132.443603"
"八幡浜高等学校　格技場","愛媛県八幡浜市松柏丙654","33.462274","132.438476"
"八幡浜高等学校　いずしね館　（洪水・土砂災害は２階以上）","愛媛県八幡浜市松柏丙654","33.461857","132.439898"
"八幡浜高等学校　体育館","愛媛県八幡浜市松柏丙654","33.462716","132.439126"
"八幡浜高等学校　グラウンド","愛媛県八幡浜市松柏丙654","33.461946","132.439049"
"四国電力㈱まつかやアパート　（４階以上）","愛媛県八幡浜市松柏丙827","33.458766","132.432669"
"おるｄｅ新町　（４階以上）","愛媛県八幡浜市新町3-272-1","33.459898","132.424062"
"真穴保育所","愛媛県八幡浜市真網代乙184-3","33.413715","132.390458"
"真網代くじらリハビリテーション病院　（４階以上）","愛媛県八幡浜市真網代甲229-5","33.425609","132.392124"
"旧真穴中学校　校舎","愛媛県八幡浜市真網代戊162","33.403987","132.392042"
"真穴小学校　校舎","愛媛県八幡浜市真網代戊162","33.403893","132.391434"
"真穴小学校　体育館","愛媛県八幡浜市真網代戊162","33.40326","132.39213"
"真穴小学校　グラウンド","愛媛県八幡浜市真網代戊162","33.403599","132.391952"
"神宮通福祉会館　（洪水・土砂災害は２階以上）","愛媛県八幡浜市神宮通2-792-1","33.459483","132.431906"
"旧舌田小学校　グラウンド","愛媛県八幡浜市舌間2-544","33.444563","132.418296"
"マンダリン（旧舌田小学校校舎）（土砂災害は２階以上）","愛媛県八幡浜市舌間2-544","33.444375","132.417953"
"旧舌田小学校　体育館","愛媛県八幡浜市舌間2-544","33.444881","132.418135"
"スーパーホテル八幡浜　（４階以上）","愛媛県八幡浜市千代田町1460-123","33.457995","132.423301"
"川上小学校　グラウンド","愛媛県八幡浜市川上町川名津甲305","33.422855","132.408086"
"川上小学校　体育館　（土砂災害・高潮は２階以上）","愛媛県八幡浜市川上町川名津甲305","33.422537","132.408445"
"川上小学校　校舎（高潮は２階以上）","愛媛県八幡浜市川上町川名津甲305","33.422909","132.407587"
"川上保育所　（土砂災害は２階以上）","愛媛県八幡浜市川上町川名津甲69-1","33.421796","132.406474"
"川上地区公民館　（土砂災害・高潮は２階以上）","愛媛県八幡浜市川上町川名津甲90","33.422519","132.407292"
"旧川之内小学校　グラウンド","愛媛県八幡浜市川之内1-182","33.467673","132.480125"
"旧川之内小学校　校舎・講堂","愛媛県八幡浜市川之内1-182","33.467792","132.48003"
"川之内地区公民館　（土砂災害は２階以上）","愛媛県八幡浜市川之内4-149-4","33.467005","132.478673"
"大島開発総合センター（土砂災害・高潮は２階以上）","愛媛県八幡浜市大島2-101-1","33.3861","132.34002"
"大島体育館","愛媛県八幡浜市大島3-298-5","33.393313","132.34413"
"旧大島小中学校　グラウンド","愛媛県八幡浜市大島3-298-5","33.393771","132.344525"
"大島産業振興センター　（土砂災害・高潮は２階、津波は４階）","愛媛県八幡浜市大島3-298-5","33.393974","132.344326"
"松蔭地区公民館　（洪水・高潮は２階以上）","愛媛県八幡浜市中央168-1","33.458606","132.425296"
"八幡浜ハーバープラザホテル　（４階以上）","愛媛県八幡浜市仲野町360","33.460206","132.423719"
"八幡浜センチュリーホテルイトー　（４階以上）","愛媛県八幡浜市天神通1-1460-7","33.458353","132.423298"
"江戸岡地区公民館　（洪水は２階以上）","愛媛県八幡浜市東新川1253-4","33.457047","132.430339"
"ＪＡにしうわ日土出張所（日土地区公民館）（洪水は３階、土砂災害は２階以上）","愛媛県八幡浜市日土町2-262-2","33.495695","132.423736"
"日土小学校　体育館　（洪水・土砂災害は２階以上）","愛媛県八幡浜市日土町2-851","33.500471","132.42736"
"日土小学校　西・中校舎","愛媛県八幡浜市日土町2-851","33.500915","132.428139"
"日土小学校　東校舎","愛媛県八幡浜市日土町2-851","33.500651","132.427887"
"日土小学校　グラウンド","愛媛県八幡浜市日土町2-851","33.500814","132.427835"
"旧青石中学校　グラウンド","愛媛県八幡浜市日土町2-96","33.492527","132.414317"
"旧青石中学校　校舎（洪水・土砂災害は２階以上）","愛媛県八幡浜市日土町2-96","33.492093","132.414092"
"旧青石中学校　体育館","愛媛県八幡浜市日土町2-96","33.49204","132.414912"
"下河原共同作業所","愛媛県八幡浜市日土町4-505","33.490722","132.412795"
"日土東地区複合施設","愛媛県八幡浜市日土町6-2125-1","33.508314","132.458562"
"旧日土東小学校　ＲＣ校舎　（土砂災害は２階以上）","愛媛県八幡浜市日土町6-961","33.508457","132.458294"
"旧日土東小学校　グラウンド","愛媛県八幡浜市日土町6-961","33.508923","132.458605"
"旧日土東小学校　木造校舎","愛媛県八幡浜市日土町6-961","33.508663","132.458466"
"日土保育所","愛媛県八幡浜市日土町8-125-3","33.502262","132.435717"
"八代中学校　体育館","愛媛県八幡浜市八代1-2-1","33.450506","132.431518"
"八代中学校　本館","愛媛県八幡浜市八代1-2-1","33.450336","132.430815"
"八代中学校　木造校舎","愛媛県八幡浜市八代1-2-1","33.450795","132.431238"
"八代中学校　グラウンド","愛媛県八幡浜市八代1-2-1","33.44987","132.430896"
"磯津地区公民館（土砂災害は２階以上）","愛媛県八幡浜市保内町磯崎1369-1","33.542587","132.415422"
"旧磯崎小学校グラウンド","愛媛県八幡浜市保内町磯崎1501","33.542674","132.414635"
"磯崎体育館","愛媛県八幡浜市保内町磯崎1501","33.54242","132.415064"
"㈱あわしま堂神越ハイツ男子寮　（４階）","愛媛県八幡浜市保内町喜木1-25-1","33.480658","132.404579"
"㈱あわしま堂神越ハイツ女子寮　（４階）","愛媛県八幡浜市保内町喜木1-25-1","33.480723","132.404256"
"保内中央体育館","愛媛県八幡浜市保内町喜木1-31-3","33.480654","132.403549"
"旧喜須来保育所　（洪水・土砂災害は２階以上）","愛媛県八幡浜市保内町喜木2-132-1","33.487155","132.408282"
"四国電力㈱保内アパート　（屋上）","愛媛県八幡浜市保内町喜木2-200","33.487259","132.408916"
"喜須来小学校　グラウンド","愛媛県八幡浜市保内町喜木2-224","33.486786","132.411592"
"喜須来小学校　校舎　（洪水は３階、土砂災害は２階以上）","愛媛県八幡浜市保内町喜木2-224","33.487085","132.411694"
"喜須来小学校　体育館","愛媛県八幡浜市保内町喜木2-224","33.486853","132.410986"
"喜木津体育館","愛媛県八幡浜市保内町喜木津2-353","33.527082","132.386278"
"旧喜木津小学校　グラウンド","愛媛県八幡浜市保内町喜木津2-353","33.527549","132.386343"
"旧喜木津小学校　校舎（土砂災害は２階以上）","愛媛県八幡浜市保内町喜木津2-353","33.527267","132.386348"
"文化会館（高潮は２階以上）","愛媛県八幡浜市保内町宮内1-118","33.482801","132.401454"
"保内保健福祉センター（洪水・津波は３階、高潮は２階以上）","愛媛県八幡浜市保内町宮内1-124-1","33.483212","132.401344"
"保内福祉会館","愛媛県八幡浜市保内町宮内1-130","33.483199","132.400338"
"八幡浜市役所保内庁舎（洪水・津波は３階、高潮は２階以上）","愛媛県八幡浜市保内町宮内1-260","33.483768","132.400912"
"保内児童センター","愛媛県八幡浜市保内町宮内1-36-1","33.482629","132.401899"
"保内保育所","愛媛県八幡浜市保内町宮内1-37","33.482576","132.402332"
"宮内地区公民館（高潮は２階以上）","愛媛県八幡浜市保内町宮内1-535-2","33.488418","132.398751"
"保内幼稚園","愛媛県八幡浜市保内町宮内4-50","33.492382","132.395766"
"宮内小学校　体育館（洪水は２階以上）","愛媛県八幡浜市保内町宮内5-46","33.491314","132.396391"
"宮内小学校　校舎（洪水・土砂災害は２階以上）","愛媛県八幡浜市保内町宮内5-46","33.491833","132.396879"
"宮内小学校　グラウンド","愛媛県八幡浜市保内町宮内5-46","33.491328","132.397008"
"旧宮内保育所","愛媛県八幡浜市保内町宮内5-87-4","33.492167","132.398363"
"喜須来地区公民館","愛媛県八幡浜市保内町須川78-1","33.483753","132.414273"
"川之石高等学校　北教棟　（津波は屋上）","愛媛県八幡浜市保内町川之石1-112","33.47895","132.400003"
"川之石高等学校　体育館","愛媛県八幡浜市保内町川之石1-112","33.479067","132.3994"
"川之石高等学校　武道場","愛媛県八幡浜市保内町川之石1-112","33.479223","132.39903"
"川之石高等学校　本館・南教棟　（津波は４階、洪水は３階、土砂災害は３階以上）","愛媛県八幡浜市保内町川之石1-112","33.478595","132.399989"
"川之石高等学校　グラウンド","愛媛県八幡浜市保内町川之石1-112","33.478481","132.399025"
"旧川之石保育所（洪水・土砂災害・高潮は２階以上）","愛媛県八幡浜市保内町川之石1-125-1","33.47768","132.399958"
"楠町自治公民館（洪水・高潮は２階以上）","愛媛県八幡浜市保内町川之石1-237-120","33.47352","132.401051"
"保内中学校　グラウンド","愛媛県八幡浜市保内町川之石1-243-1","33.479322","132.396751"
"保内中学校　校舎　（津波は屋上、その他は２階以上）","愛媛県八幡浜市保内町川之石1-243-1","33.480387","132.396842"
"保内中学校　体育館（洪水・高潮は２階以上）","愛媛県八幡浜市保内町川之石1-243-1","33.479998","132.397296"
"旧若草交流センター（高潮は２階以上）","愛媛県八幡浜市保内町川之石1-50","33.48153","132.400072"
"川之石地区活動拠点施設　みなせ","愛媛県八幡浜市保内町川之石3-11-1","33.477409","132.395898"
"川之石小学校　体育館（高潮は２階以上）","愛媛県八幡浜市保内町川之石3-300","33.476306","132.394422"
"川之石小学校　校舎　（高潮は２階以上、津波は屋上）","愛媛県八幡浜市保内町川之石3-300","33.476029","132.393875"
"川之石小学校　グラウンド","愛媛県八幡浜市保内町川之石3-300","33.476346","132.393821"
"八幡浜市役所八幡浜庁舎　（５階以上）","愛媛県八幡浜市北浜1-1-1","33.462909","132.423291"
"北浜立体駐車場　（４階以上）","愛媛県八幡浜市北浜1-1590-24","33.462083","132.42134"
"八幡浜商工会館　（４階以上）","愛媛県八幡浜市北浜1-3-25","33.461195","132.42277"
"愛媛県南予地方局八幡浜支局（７階）","愛媛県八幡浜市北浜1-3-37","33.461658","132.422378"
"八幡浜市民スポーツセンター","愛媛県八幡浜市北浜1-5-1","33.463225","132.421723"
"白浜地区公民館　（洪水・高潮は２階以上）","愛媛県八幡浜市北浜1-7-30","33.463607","132.422898"
"北浜多目的広場","愛媛県八幡浜市北浜1-7-30","33.464075","132.423219"
"八幡浜市民図書館　（津波は４階・その他は２階以上）","愛媛県八幡浜市本町1-60-1","33.458172","132.425627"
"八幡浜市民文化活動センター　（洪水・高潮は２階以上）","愛媛県八幡浜市本町1-62-1","33.458261","132.426435"