"施設名称","所在地","施設名かな","カテゴリ","分類","TEL","FAX","URL","URL2","バリアフリー情報","詳細情報","備考","経度","緯度","分類"
"石ヶ辻公園","大阪市天王寺区石ヶ辻町11","いしがつじこうえん","公園・スポーツ","公園","","","","","","街区公園","","135.5223503","34.6633249000003","公園"
"桜之宮公園","大阪市都島区中野町1-10外","","公園・スポーツ","公園","","","","","","総合公園","","135.5236042","34.6985720100003","公園"
"淀川屋内プール","大阪市淀川区十三東2-3-1","よどがわおくないぷーる","公園・スポーツ","体育施設","06-6885-1711","06-6885-1721","http://osakashi.opas.jp/chikubetu/hokubu/yodogawa/pool/index.html","","https://www.osaka-heartfulweb.jp/120601.html","","","135.486433200001","34.7211163100004","体育施設"
"長居障がい者スポーツセンター","大阪市東住吉区長居公園1-32","ながいしょうがいしゃすぽーつせんたー","公園・スポーツ","体育施設","06-6697-8681","06-6697-8682","http://www.fukspo.org/nagaissc/","","https://www.osaka-heartfulweb.jp/220602.html","","","135.5148538","34.6121764600003","体育施設"
"東中本運動場","大阪市東成区(東中本公園内)","ひがしなかもとうんどうじょう","公園・スポーツ","体育施設","06-6761-1770","06-6761-1645","","","","http://osakashi.opas.jp/genre/soccer/tobu_miyakojimaku_higashinariku_ikunoku_jotoku_tsurumiku/higashinakamotoundojo/index.html","","135.5455423","34.6762579000003","体育施設"
"玉川南公園","大阪市福島区玉川2-2","たまがわみなみこうえん","公園・スポーツ","公園","","","","","","街区公園","","135.479328200001","34.6900611000004","公園"
"六反南公園","大阪市平野区長吉六反3-17","ろくたんみなみこうえん","公園・スポーツ","公園","","","","","","街区公園","","135.5813581","34.6053779000002","公園"
"江野公園","大阪市旭区中宮2-18","","公園・スポーツ","公園","","","","","","街区公園","","135.5421019","34.7234399900003","公園"
"京セラドーム大阪","大阪市西区千代崎3-中2-1","きょうせらどーむおおさか","公園・スポーツ","体育施設","","","","","06-6586-0106","http://www.kyoceradome-osaka.jp/","","135.475719000001","34.6693498000004","体育施設"
"東平北公園","大阪市中央区上本町西４丁目1","とうへいきたこうえん","公園・スポーツ","公園","","","","","","街区公園","","135.5191359","34.6694581000003","公園"
"酉島東公園","大阪市此花区酉島1-13","とりしまひがしこうえん","公園・スポーツ","公園","","","","","","街区公園","","135.443632900001","34.6848000000006","公園"
"大和川西公園","大阪市住吉区浅香1丁目2、2丁目2","やまとがわにしこうえん","公園・スポーツ","公園","","","","","","街区公園","","135.510122","34.5895309000003","公園"
"長居東公園","大阪市住吉区長居東1丁目14番","ながいひがしこうえん","公園・スポーツ","公園","","","","","","街区公園","","135.5223887","34.6072670000003","公園"
"飛鳥町公園","大阪市東淀川区柴島1-7","あすかちょうこうえん","公園・スポーツ","公園","06-6309-0008","","","","","街区公園","","135.5091922","34.7296029000003","公園"
"大隅東公園","大阪市東淀川区瑞光4-5","おおすみひがしこうえん","公園・スポーツ","公園","06-6309-0008","","","","","街区公園","","135.5491893","34.7527669000002","公園"
"大阪ドーム南公園","大阪市西区千代崎3－南2","おおさかどーむみなみこうえん","公園・スポーツ","公園","","","","","","街区公園","","135.477936900001","34.6677259000004","公園"
"北江口中央庭球場","大阪市東淀川区北江口2-1","きたえぐちちゅうおうていきゅうじょう","公園・スポーツ","体育施設","06-6309-0008","06-6885-1591","","","","http://osakashi.opas.jp/genre/tennis/hokubu_nishiyodogawaku_yodogawaku_higashiyodogawaku/teikyuujyou/index.html","","135.5446887","34.7580749000002","体育施設"
"みたから児童遊園","大阪市東淀川区大隅2-7","みたからじどうゆうえん","公園・スポーツ","児童遊園・広場","","","","","","","","135.5481827","34.7510922000002","児童遊園・広場"
"三宝寺東児童遊園","大阪市東淀川区大桐3-18","さんぽうじひがしじどうゆうえん","公園・スポーツ","児童遊園・広場","","","","","","","","135.5459358","34.7495691000002","児童遊園・広場"
"アポロ児童遊園","大阪市東淀川区豊新5-12","あぽろじどうゆうえん","公園・スポーツ","児童遊園・広場","","","","","","","","135.5369528","34.7480390000003","児童遊園・広場"
"西大道児童遊園","大阪市東淀川区豊里7-32","にしだいどうじどうゆうえん","公園・スポーツ","児童遊園・広場","","","","","","","","135.5399469","34.7463690000003","児童遊園・広場"
"東天児童遊園","大阪市東淀川区東淡路1-1","とうてんじどうゆうえん","公園・スポーツ","児童遊園・広場","","","","","","","","135.517372","34.7341919000003","児童遊園・広場"
"西淡路児童遊園","大阪市東淀川区淡路3-13","にしあわじじどうゆうえん","公園・スポーツ","児童遊園・広場","","","","","","","","135.5128109","34.7387139000003","児童遊園・広場"
"淡路本町児童遊園","大阪市東淀川区淡路3-16","あわじほんまちじどうゆうえん","公園・スポーツ","児童遊園・広場","","","","","","","","135.5124861","34.7392889000003","児童遊園・広場"
"西一児童遊園","大阪市東淀川区西淡路3-13","にしいちじどうゆうえん","公園・スポーツ","児童遊園・広場","","","","","","","","135.5092252","34.7400688000003","児童遊園・広場"
"引江仲よし広場児童遊園","大阪市東淀川区西淡路4-19-21","ひきえなかよしひろばじどうゆうえん","公園・スポーツ","児童遊園・広場","","","","","","","","135.5081142","34.7417751000003","児童遊園・広場"
"淡路西1町団ちびっこ広場","大阪市東淀川区西淡路5-15","あわじにし１ちょうだんちびっこひろば","公園・スポーツ","児童遊園・広場","","","","","","","","135.5124443","34.7421531000003","児童遊園・広場"
"井高野南公園","大阪市東淀川区井高野1-3","いたかのみなみこうえん","公園・スポーツ","公園","06-6309-0008","","","","","街区公園","","135.5429889","34.7629561000003","公園"
"井高野公園","大阪市東淀川区井高野3-3","いたかのこうえん","公園・スポーツ","公園","06-6309-0008","","","","","近隣公園","","135.5440139","34.7655291100003","公園"
"北江口中央公園","大阪市東淀川区北江口2-10","きたえぐちちゅうおうこうえん","公園・スポーツ","公園","06-6309-0008","","","","","近隣公園","","135.5442997","34.7584161900003","公園"
"北江口公園","大阪市東淀川区北江口2-10","きたえぐちこうえん","公園・スポーツ","公園","06-6309-0008","","","","","街区公園","","135.5456003","34.7582639000002","公園"
"南江口北公園","大阪市東淀川区南江口3-2","みなみえぐちきたこうえん","公園・スポーツ","公園","06-6309-0008","","","","","街区公園","","135.5512893","34.7557169000002","公園"
"南江口公園","大阪市東淀川区南江口3-13","みなみえぐちこうえん","公園・スポーツ","公園","06-6309-0008","","","","","街区公園","","135.5537033","34.7532282000002","公園"
"小松公園","大阪市東淀川区小松2-12","こまつこうえん","公園・スポーツ","公園","06-6309-0008","","","","","街区公園","","135.5365749","34.7532031000003","公園"
"松山公園","大阪市東淀川区小松4-14","まつやまこうえん","公園・スポーツ","公園","06-6309-0008","","","","","街区公園","","135.5405418","34.7538171000003","公園"
"瑞光寺公園","大阪市東淀川区瑞光2-2","ずいこうじこうえん","公園・スポーツ","公園","06-6309-0008","","","","","近隣公園","","135.53781","34.7492200000003","公園"
"瑞光4公園","大阪市東淀川区瑞光4-4","ずいこう４こうえん","公園・スポーツ","公園","06-6309-0008","","","","","街区公園","","135.5480109","34.7519889000002","公園"
"新庄公園","大阪市東淀川区上新庄2-12","しんじょうこうえん","公園・スポーツ","公園","06-6309-0008","","","","","街区公園","","135.5310112","34.7479781000003","公園"
"鳩ヶ瀬公園","大阪市東淀川区下新庄1-9","はとがせこうえん","公園・スポーツ","公園","06-6309-0008","","","","","街区公園","","135.518","34.7440169000003","公園"
"下新庄北公園","大阪市東淀川区下新庄4-14","しもしんじょうきたこうえん","公園・スポーツ","公園","06-6309-0008","","","","","街区公園","","135.5178059","34.7464609000003","公園"
"下新庄小公園","大阪市東淀川区下新庄5-3","しもしんじょうしょうこうえん","公園・スポーツ","公園","06-6309-0008","","","","","街区公園","","135.5219609","34.7455582000003","公園"
"下新庄公園","大阪市東淀川区下新庄5-17","しもしんじょうこうえん","公園・スポーツ","公園","06-6309-0008","","","","","街区公園","","135.5234613","34.7469721000003","公園"
"大門公園","大阪市東淀川区大隅1-5","だいもんこうえん","公園・スポーツ","公園","06-6309-0008","","","","","街区公園","","135.5407642","34.7482221000002","公園"
"三宝寺西公園","大阪市東淀川区大桐2-10","さんぽうじにしこうえん","公園・スポーツ","公園","06-6309-0008","","","","","街区公園","","135.542842","34.7483361000002","公園"
"今在家公園","大阪市東淀川区大桐2-2","いまざいけこうえん","公園・スポーツ","公園","06-6309-0008","","","","","街区公園","","135.5437138","34.7457250000003","公園"
"大桐公園","大阪市東淀川区大桐3-8","だいどうこうえん","公園・スポーツ","公園","06-6309-0008","","","","","街区公園","","135.5458219","34.7475330000002","公園"
"東大道公園","大阪市東淀川区大桐4-3","ひがしだいどうこうえん","公園・スポーツ","公園","06-6309-0008","","","","","街区公園","","135.5516693","34.7462671000002","公園"
"大隅公園","大阪市東淀川区大桐5-14","おおすみこうえん","公園・スポーツ","公園","06-6309-0008","","","","","街区公園","","135.5501938","34.7497939000002","公園"
"竹間公園","大阪市東淀川区大道南1-5","たけまこうえん","公園・スポーツ","公園","06-6309-0008","","","","","街区公園","","135.5491562","34.7407749000002","公園"
"能条東公園","大阪市東淀川区大道南1-19","のうじょうひがしこうえん","公園・スポーツ","公園","06-6309-0008","","","","","街区公園","","135.5492","34.7428971000002","公園"
"大道南公園","大阪市東淀川区大道南1-30","だいどうみなみこうえん","公園・スポーツ","公園","06-6309-0008","","","","","街区公園","","135.5517858","34.7432939000002","公園"
"能條公園","大阪市東淀川区大道南3-2","のうじょうこうえん","公園・スポーツ","公園","06-6309-0008","","","","","街区公園","","135.5467281","34.7420361000002","公園"
"豊北公園","大阪市東淀川区豊新1-12","とよきたこうえん","公園・スポーツ","公園","06-6309-0008","","","","","街区公園","","135.5328828","34.7421280000003","公園"
"多幸公園","大阪市東淀川区豊新2-8","たこうこうえん","公園・スポーツ","公園","06-6309-0008","","","","","街区公園","","135.5293059","34.7428499000003","公園"
"六原公園","大阪市東淀川区豊新3-2","ろくはらこうえん","公園・スポーツ","公園","06-6309-0008","","","","","街区公園","","135.531947","34.7435360000003","公園"
"かぶと公園","大阪市東淀川区豊新4-10","かぶとこうえん","公園・スポーツ","公園","06-6309-0008","","","","","街区公園","","135.5369313","34.7442830000003","公園"
"北淀公園","大阪市東淀川区豊里1-8","きたよどこうえん","公園・スポーツ","公園","06-6309-0008","","","","","街区公園","","135.5341831","34.7388331000003","公園"
"三番公園","大阪市東淀川区豊里2-4","さんばこうえん","公園・スポーツ","公園","06-6309-0008","","","","","街区公園","","135.539222","34.7376579000003","公園"
"豊里三角公園","大阪市東淀川区豊里2-23","とよさとさんかくこうえん","公園・スポーツ","公園","06-6309-0008","","","","","街区公園","","135.535478","34.7417109000003","公園"
"野村公園","大阪市東淀川区豊里3-4","のむらこうえん","公園・スポーツ","公園","06-6309-0008","","","","","街区公園","","135.5445081","34.7375471000003","公園"
"大阪ドーム北公園","大阪市西区九条南1－8","おおさかどーむきたこうえん","公園・スポーツ","公園","","","","","","街区公園","","135.475760700001","34.6705921000004","公園"
"北スポーツセンター","大阪市北区中津3-4-27","きたすぽーつせんたー","公園・スポーツ","体育施設","06-6359-0700","06-6359-0701","http://osakashi.opas.jp/genre/indoor/tyubu_kitaku_tyuoku_nishiku_tennojiku_naniwaku/kita_spocen/index.html","","https://www.osaka-heartfulweb.jp/010601.html","","","135.492340100001","34.7105137400004","体育施設"
"扇町プール","大阪市北区扇町1-1","おうぎまちぷーる","公園・スポーツ","体育施設","06-6363-8911","06-6363-8913","http://osakashi.opas.jp/genre/swim/tyubu_kitaku_tyuoku_nishiku_tennojiku_naniwaku/pool/index.html","","https://www.osaka-heartfulweb.jp/010602.html","","","135.5096723","34.7034350600003","体育施設"
"浦江運動場","大阪市北区浦江公園内","うらえうんどうじょう","公園・スポーツ","体育施設","06-6312-8121","06-6312-3403","","","","http://osakashi.opas.jp/genre/soccer/tyubu_kitaku_tyuoku_nishiku_tennojiku_naniwaku/urae_undou/index.html","","135.483656300001","34.7014279000004","体育施設"
"江之子島公園","大阪市西区江之子島1－8","えのこじまこうえん","公園・スポーツ","公園","","","","","","街区公園","","135.484439100001","34.6837171000004","公園"
"浪速屋内プール","大阪市浪速区難波中3-8-8","なにわおくないぷーる","公園・スポーツ","体育施設","06-6643-6446","06-6643-6447","http://osakashi.opas.jp/genre/swim/tyubu_kitaku_tyuoku_nishiku_tennojiku_naniwaku/naniwa_pool/index.html","","https://www.osaka-heartfulweb.jp/100603.html","","","135.4994201","34.6613368600004","体育施設"
"共立児童遊園","大阪市阿倍野区共立通1-1","きょうりつじどうゆうえん","公園・スポーツ","児童遊園・広場","","","","","","","","135.5086249","34.6399001000003","児童遊園・広場"
"浪速アイススケート場","大阪市浪速区難波中3-8-8","なにわあいすすけーとじょう","公園・スポーツ","体育施設","06-6643-6448","06-6643-6445","http://osakashi.opas.jp/genre/ice_skate/tyubu_kitaku_tyuoku_nishiku_tennojiku_naniwaku/naniwa_iceskate/index.html","","06-6643-6448","","","135.4997894","34.6613383800004","体育施設"
"苗代田児童遊園","大阪市阿倍野区阪南町1-13","なわしろだじどうゆうえん","公園・スポーツ","児童遊園・広場","","","","","","","","135.5163581","34.6371281000003","児童遊園・広場"
"阪南西公園","大阪市阿倍野区阪南町1丁目19","はんなんにしこうえん","公園・スポーツ","公園","","","","","","街区公園","","135.512858","34.6372139000003","公園"
"阪南中公園","大阪市阿倍野区阪南町1丁目49","はんなんなかこうえん","公園・スポーツ","公園","","","","","","街区公園","","135.5147","34.6336192000003","公園"
"阪南北公園","大阪市阿倍野区阪南町1丁目23","はんなんきたこうえん","公園・スポーツ","公園","","","","","","街区公園","","135.5150611","34.6367578000003","公園"
"山之内公園","大阪市住吉区山之内5丁目2番","やまのうちこうえん","公園・スポーツ","公園","","","","","","街区公園","","135.5016248","34.5877941000004","公園"
"山之内西公園","大阪市住吉区山之内5-3","","公園・スポーツ","公園","","","","","","街区公園","","135.5002302","34.5890654600004","公園"
"山之内元町児童遊園","大阪市住吉区山之内元町3番","やまのうちもとまちじどうゆうえん","公園・スポーツ","児童遊園・広場","","","","","","","","135.5052219","34.5975611000004","児童遊園・広場"
"上住吉東公園","大阪市住吉区上住吉1丁目7番","うえすみよしひがしこうえん","公園・スポーツ","公園","","","","","","街区公園","","135.4998563","34.6114111000004","公園"
"上住吉西公園","大阪市住吉区上住吉2丁目6番","うえすみよしにしこうえん","公園・スポーツ","公園","","","","","","街区公園","","135.496300300001","34.6107220000004","公園"
"杉本町公園","大阪市住吉区杉本2丁目6番","すぎもとちょうこうえん","公園・スポーツ","公園","","","","","","街区公園","","135.5071279","34.5949419000003","公園"
"遠沢公園","大阪市住吉区清水丘2丁目2番","おざわこうえん","公園・スポーツ","公園","","","","","","街区公園","","135.494035800001","34.6028831000004","公園"
"清水丘公園","大阪市住吉区清水丘2-22","","公園・スポーツ","公園","","","","","","街区公園","","135.491320000001","34.6025400000004","公園"
"清水丘児童遊園","大阪市住吉区清水丘3丁目6番","しみずがおかじどうゆうえん","公園・スポーツ","児童遊園・広場","","","","","","","","135.489616800001","34.5966249000004","児童遊園・広場"
"清水丘ふれあい公園","大阪市住吉区清水丘3丁目8番","しみずがおかふれあいこうえん","公園・スポーツ","公園","","","","","","街区公園","","135.490196900001","34.5975529000004","公園"
"千躰公園","大阪市住吉区千躰2丁目5番","せんたいこうえん","公園・スポーツ","公園","","","","","","街区公園","","135.497197000001","34.6084858000004","公園"
"浅香南公園","大阪市住吉区浅香1丁目5番","あさかみなみこうえん","公園・スポーツ","公園","","","","","","街区公園","","135.5103558","34.5902031000003","公園"
"浅香中央運動場","大阪市住吉区浅香1丁目6番","あさかちゅうおううんどうじょう","公園・スポーツ","体育施設","06-6691-7200","06-6691-6976","","","","http://osakashi.opas.jp/genre/soccer/nambu_abenoku_suminoeku_sumiyoshiku_higashisumiyoshiku_hiranoku_nishinariku/asakachuoundo/index.html","","135.508406","34.5911719000003","体育施設"
"住吉スポーツセンター","大阪市住吉区浅香1-8-15","すみよしすぽーつせんたー","公園・スポーツ","体育施設","06-6694-9201","06-6694-9172","http://osakashi.opas.jp/chikubetu/nanbu/sumiyoshi/sumiyoshispc/index.html","","https://www.osaka-heartfulweb.jp/210601.html","","","135.5118181","34.5918841600003","体育施設"
"住吉屋内プール","大阪市住吉区浅香1-8-15","すみよしおくないぷーる","公園・スポーツ","体育施設","06-6694-9201","06-6694-9172","http://osakashi.opas.jp/genre/training/nambu_abenoku_suminoeku_sumiyoshiku_higashisumiyoshiku_hiranoku_nishinariku/sumiyosiopt/index.html","","https://www.osaka-heartfulweb.jp/210602.html","","","135.5116308","34.5918871600003","体育施設"
"浅香町公園","大阪市住吉区浅香2丁目1番","あさかちょうこうえん","公園・スポーツ","公園","","","","","","街区公園","","135.5076473","34.5900419000004","公園"
"播磨大領公園","大阪市住吉区大領2丁目2番","はりまだいりょうこうえん","公園・スポーツ","公園","","","","","","街区公園","","135.5083857","34.6179561000003","公園"
"鶴ヶ丘児童遊園","大阪市住吉区長居1丁目10番","つるがおかじどうゆうえん","公園・スポーツ","児童遊園・広場","","","","","","","","135.5104029","34.6140501000003","児童遊園・広場"
"浅香中央公園","大阪市住吉区浅香1-6","","公園・スポーツ","公園","","","","","","地区公園","","135.5088229","34.5910095900003","公園"
"西長居公園","大阪市住吉区長居西1丁目14番","にしながいこうえん","公園・スポーツ","公園","","","","","","街区公園","","135.5092421","34.6124058000003","公園"
"帝塚山小公園","大阪市住吉区帝塚山西2丁目2番","てづかやましょうこうえん","公園・スポーツ","公園","","","","","","街区公園","","135.4974059","34.6211860000004","公園"
"神ノ木公園","大阪市住吉区帝塚山東5丁目3番","かみのきこうえん","公園・スポーツ","公園","","","","","","街区公園","","135.4981611","34.6152921000004","公園"
"庭井2号公園","大阪市住吉区庭井2丁目17番","にわい２ごうこうえん","公園・スポーツ","公園","","","","","","街区公園","","135.5177217","34.5938689000003","公園"
"庭井公園","大阪市住吉区庭井2丁目18番","にわいこうえん","公園・スポーツ","公園","","","","","","街区公園","","135.5183503","34.5955671000003","公園"
"東粉浜1公園","大阪市住吉区東粉浜1丁目13番","ひがしこはま１こうえん","公園・スポーツ","公園","","","","","","街区公園","","135.493046800001","34.6224471000004","公園"
"東粉浜公園","大阪市住吉区東粉浜3丁目13番","ひがしこはまこうえん","公園・スポーツ","公園","","","","","","街区公園","","135.492719400001","34.6160281000004","公園"
"住道南公園","大阪市東住吉区住道矢田9-1","すんじみなみこうえん","公園・スポーツ","公園","","","","","","街区公園","","135.5402919","34.6018169000003","公園"
"南住吉三児童遊園","大阪市住吉区南住吉3丁目8番","みなみすみよしさんじどうゆうえん","公園・スポーツ","児童遊園・広場","","","","","","","","135.5051693","34.6059280000003","児童遊園・広場"
"中一北児童遊園","大阪市住吉区墨江1丁目6番","なかいちきたじどうゆうえん","公園・スポーツ","児童遊園・広場","","","","","","","","135.493568900001","34.6103531000004","児童遊園・広場"
"墨江丘公園","大阪市住吉区墨江4丁目15番","すみえがおかこうえん","公園・スポーツ","公園","","","","","","街区公園","","135.494324900001","34.6055749000004","公園"
"万代池公園","大阪市住吉区万代3-7","まんだいいけこうえん","公園・スポーツ","公園","","","","","","地区公園","","135.50365","34.6203100000004","公園"
"第二万代児童遊園","大阪市住吉区万代6丁目8番","だいにばんだいじどうゆうえん","公園・スポーツ","児童遊園・広場","","","","","","","","135.5008608","34.6141111000004","児童遊園・広場"
"万代東公園","大阪市住吉区万代東1丁目1番","ばんだいひがしこうえん","公園・スポーツ","公園","","","","","","街区公園","","135.5078313","34.6217500000003","公園"
"万領中央公園","大阪市住吉区万代東3-1","","公園・スポーツ","公園","","","","","","街区公園","","135.5043233","34.6167050700004","公園"
"南万領公園","大阪市住吉区万代東4丁目2番","みなみまんりょうこうえん","公園・スポーツ","公園","","","","","","街区公園","","135.5032559","34.6132779000004","公園"
"山之内中央公園","大阪市住吉区山之内3丁目17番","やまのうちちゅうおうこうえん","公園・スポーツ","公園","","","","","","街区公園","","135.5005253","34.5932640000004","公園"
"苅田どんぐり公園","大阪市住吉区苅田3丁目4番","かりたどんぐりこうえん","公園・スポーツ","公園","","","","","","街区公園","","135.5176031","34.6017248000003","公園"
"住吉一二三公園","大阪市住吉区住吉1丁目7番","すみよしひふみこうえん","公園・スポーツ","公園","","","","","","街区公園","","135.496881","34.6140689000004","公園"
"山之内北公園","大阪市住吉区山之内1丁目1番","やまのうちきたこうえん","公園・スポーツ","公園","","","","","","街区公園","","135.5048938","34.6006749000004","公園"
"淡路2公園","大阪市東淀川区淡路2-1","あわじ２こうえん","公園・スポーツ","公園","06-6309-0008","","","","","街区公園","","135.5114748","34.7359891000003","公園"
"日之出南公園","大阪市東淀川区西淡路2-1","ひのでみなみこうえん","公園・スポーツ","公園","06-6309-0008","","","","","街区公園","","135.5055278","34.7348061000003","公園"
"西淡路公園","大阪市東淀川区西淡路3-1","にしあわじこうえん","公園・スポーツ","公園","06-6309-0008","","","","","街区公園","","135.5086966","34.7384263900003","公園"
"山口本町公園","大阪市東淀川区東中島1-14","やまぐちほんまちこうえん","公園・スポーツ","公園","06-6309-0008","","","","","街区公園","","135.5028827","34.7317221000003","公園"
"南方南公園","大阪市東淀川区東中島2-5","みなみかたみなみこうえん","公園・スポーツ","公園","06-6309-0008","","","","","街区公園","","135.5049187","34.7275109000004","公園"
"南方北公園","大阪市東淀川区東中島2-18","みなみかたきたこうえん","公園・スポーツ","公園","06-6309-0008","","","","","街区公園","","135.505422","34.7288808000004","公園"
"柴島東公園","大阪市東淀川区柴島2-18","くにじまひがしこうえん","公園・スポーツ","公園","06-6309-0008","","","","","街区公園","","135.5144063","34.7291780000003","公園"
"柴島西公園","大阪市東淀川区柴島3-7","くにじまにしこうえん","公園・スポーツ","公園","06-6309-0008","","","","","街区公園","","135.5141327","34.7308639000003","公園"
"淡路4公園","大阪市東淀川区淡路4-15","あわじ４こうえん","公園・スポーツ","公園","06-6309-0008","","","","","街区公園","","135.5148139","34.7404191000003","公園"
"淀川河川公園（豊里地区）","大阪市東淀川区豊里3、大道南1","よどがわかせんこうえん（とよさとちく）","公園・スポーツ","公園","","","","","","","","135.548469","34.7377468000002","公園"
"日之出東公園","大阪市東淀川区東中島5-6","ひのでひがしこうえん","公園・スポーツ","公園","06-6309-0008","","","","","街区公園","","135.5075032","34.7335862000003","公園"
"南方公園","大阪市東淀川区東中島2-24","みなみかたこうえん","公園・スポーツ","公園","06-6309-0008","","","","","街区公園","","135.5064003","34.7284611000003","公園"
"新駅2号公園","大阪市東淀川区東中島4-3","しんえき２ごうこうえん","公園・スポーツ","公園","06-6309-0008","","","","","街区公園","","135.5055001","34.7320000000003","公園"
"菅原公園","大阪市東淀川区菅原3-6","すがはらこうえん","公園・スポーツ","公園","06-6309-0008","","","","","街区公園","","135.5259501","34.7388969000003","公園"
"菅原東公園","大阪市東淀川区菅原4-8","すがはらひがしこうえん","公園・スポーツ","公園","06-6309-0008","","","","","街区公園","","135.5275563","34.7399060000003","公園"
"豊里さつき公園","大阪市東淀川区豊里7-25","とよさとさつきこうえん","公園・スポーツ","公園","06-6309-0008","","","","","街区公園","","135.5396613","34.7443579000002","公園"
"菅原天満宮公園","大阪市東淀川区菅原2-2","すがはらてんまんぐうこうえん","公園・スポーツ","公園","06-6309-0008","","","","","街区公園","","135.5294831","34.7383171000003","公園"
"和合公園","大阪市東淀川区菅原3-2","わごうこうえん","公園・スポーツ","公園","06-6309-0008","","","","","街区公園","","135.5251827","34.7381920000003","公園"
"菅原西公園","大阪市東淀川区菅原5-1","すがはらにしこうえん","公園・スポーツ","公園","06-6309-0008","","","","","街区公園","","135.521436","34.7392251000003","公園"
"菅原北公園","大阪市東淀川区菅原7-9","すがはらきたこうえん","公園・スポーツ","公園","06-6309-0008","","","","","街区公園","","135.5233211","34.7422548900003","公園"
"東淡路南公園","大阪市東淀川区東淡路2-5","ひがしあわじみなみこうえん","公園・スポーツ","公園","06-6309-0008","","","","","街区公園","","135.517333","34.7358500000003","公園"
"東淡路町公園","大阪市東淀川区東淡路4-24","ひがしあわじちょうこうえん","公園・スポーツ","公園","06-6309-0008","","","","","街区公園","","135.5203998","34.7385751000003","公園"
"淡路公園","大阪市東淀川区淡路5-14","あわじこうえん","公園・スポーツ","公園","06-6309-0008","","","","","街区公園","","135.51587","34.7427700000003","公園"
"須賀森公園","大阪市東淀川区西淡路4-17","すがのもりこうえん","公園・スポーツ","公園","06-6309-0008","","","","","街区公園","","135.5067","34.7424200000003","公園"
"日之出公園","大阪市東淀川区西淡路1-5","ひのでこうえん","公園・スポーツ","公園","06-6309-0008","","","","","街区公園","","135.50369","34.7367200000003","公園"
"日之出北公園","大阪市東淀川区西淡路1-12","ひのできたこうえん","公園・スポーツ","公園","06-6309-0008","","","","","街区公園","","135.5047941","34.7381440000004","公園"
"南港中央テニス場","大阪市住之江区南港東8南港中央公園内","なんこうちゅうおうてにすじょう","公園・スポーツ","体育施設","06-6614-0549","06-6614-0825","http://osakashi.opas.jp/chikubetu/nanbu/suminoe/nankoct/index.html","","https://www.osaka-heartfulweb.jp/200604.html","","","135.431961100001","34.6310170000006","体育施設"
"南港中央野球場","大阪市住之江区南港東8-5","なんこうちゅうおうやきゅうじょう","公園・スポーツ","体育施設","06-6614-0549","06-6614-0825","http://osakashi.opas.jp/chikubetu/nanbu/suminoe/nankosb/index.html","","https://www.osaka-heartfulweb.jp/200603.html","","","135.431117900001","34.6318612500006","体育施設"
"南港中央バーベキュー広場","大阪市住之江区南港東8南港中央公園内","なんこうちゅうおうばーべきゅーひろば","公園・スポーツ","児童遊園・広場","06-6614-0569","","https://www.nanko-btb.jp/bbq/","","","公園や街路樹の維持管理","","135.433675100001","34.6320359000006","児童遊園・広場"
"野鳥園臨港緑地","大阪市住之江区南港北3-5-30","","公園・スポーツ","公園","","","https://www.city.osaka.lg.jp/kensetsu/page/0000460774.html","","","","","135.401464300001","34.6354054700008","公園"
"蒲生野球場","大阪市城東区＜蒲生公園内＞","がもうやきゅうじょう","公園・スポーツ","体育施設","06-6912-0650","06-6913-6804","","","","http://osakashi.opas.jp/chikubetu/toubu/joto/gamoyakyujo/index.html","","135.5446112","34.7041781000003","体育施設"
"関目中央公園","大阪市城東区関目4-3","せきめちゅうおうこうえん","公園・スポーツ","公園","","","","","","街区公園","","135.5503858","34.7102939000002","公園"
"西関目公園","大阪市城東区関目1-7","","公園・スポーツ","公園","","","","","","街区公園","","135.54784","34.7085700000002","公園"
"南関目公園","大阪市城東区関目2-4","みなみせきめこうえん","公園・スポーツ","公園","","","","","","街区公園","","135.5505253","34.7071831000002","公園"
"蒲生公園","大阪市城東区中央3-8","","公園・スポーツ","公園","","","","","","近隣公園","","135.5447903","34.7041626200002","公園"
"蒲生南公園","大阪市城東区蒲生3-2","がもうみなみこうえん","公園・スポーツ","公園","","","","","","街区公園","","135.5422471","34.6984061000002","公園"
"新喜多公園","大阪市城東区新喜多1-9","しぎたこうえん","公園・スポーツ","公園","","","","","","街区公園","","135.5394282","34.6972001000003","公園"
"蒲生中公園","大阪市城東区中央1-3","がもうなかこうえん","公園・スポーツ","公園","","","","","","街区公園","","135.5416751","34.7007809000003","公園"
"鯰江公園","大阪市城東区今福西6-5","なまずえこうえん","公園・スポーツ","公園","","","","","","近隣公園","","135.5519267","34.7040316000002","公園"
"鯰江北公園","大阪市城東区今福西5-13","なまずえきたこうえん","公園・スポーツ","公園","","","","","","街区公園","","135.5486779","34.7047568000002","公園"
"中今福公園","大阪市城東区今福西2-8","なかいまふくこうえん","公園・スポーツ","公園","","","","","","街区公園","","135.551519","34.6990413000002","公園"
"西今福公園","大阪市城東区今福西1-15","にしいまふくこうえん","公園・スポーツ","公園","","","","","","街区公園","","135.5492304","34.6987300000002","公園"
"鯰江南公園","大阪市城東区今福西6-7","なまずえみなみこうえん","公園・スポーツ","公園","","","","","","街区公園","","135.5517191","34.7028470000002","公園"
"白山公園","大阪市城東区中浜3-1","しろやまこうえん","公園・スポーツ","公園","","","","","","街区公園","","135.5406079","34.6851387000003","公園"
"中浜公園","大阪市城東区中浜1-6","なかはまこうえん","公園・スポーツ","公園","","","","","","街区公園","","135.5419729","34.6870622000003","公園"
"中浜中央公園","大阪市城東区中浜2-9","なかはまちゅうおうこうえん","公園・スポーツ","公園","","","","","","街区公園","","135.5426237","34.6841714000003","公園"
"北関目公園","大阪市城東区関目6-3","きたせきめこうえん","公園・スポーツ","公園","","","","","","街区公園","","135.5509248","34.7131815000002","公園"
"関目駅前小公園","大阪市城東区関目5-9","せきめえきまえしょうこうえん","公園・スポーツ","公園","","","","","","街区公園","","135.5473109","34.7135939000002","公園"
"成育公園","大阪市城東区成育3-18","","公園・スポーツ","公園","","","","","","街区公園","","135.54373","34.7093700000003","公園"
"成育西公園","大阪市城東区成育1-1","せいいくにしこうえん","公園・スポーツ","公園","","","","","","街区公園","","135.5414689","34.7049986000003","公園"
"成育南公園","大阪市城東区中央2-2","せいいくみなみこうえん","公園・スポーツ","公園","","","","","","街区公園","","135.5415248","34.7042110000003","公園"
"左専道公園","大阪市城東区永田2-12","","公園・スポーツ","公園","","","","","","街区公園","","135.5572171","34.6863015900002","公園"
"永田公園","大阪市城東区永田4-14","ながたこうえん","公園・スポーツ","公園","","","","","","街区公園","","135.5572074","34.6814120000002","公園"
"専永公園","大阪市城東区永田1-4","せんえいこうえん","公園・スポーツ","公園","","","","","","街区公園","","135.5565916","34.6886895000002","公園"
"南今福公園","大阪市城東区今福南4-4","みなみいまふくこうえん","公園・スポーツ","公園","","","","","","街区公園","","135.5570241","34.6980546000002","公園"
"南今福北公園","大阪市城東区今福南4-13","みなみいまふくきたこうえん","公園・スポーツ","公園","","","","","","街区公園","","135.5561139","34.6992558000002","公園"
"東中浜公園","大阪市城東区東中浜5-3","","公園・スポーツ","公園","","","","","","街区公園","","135.5492584","34.6849564000002","公園"
"千間川みどり公園","大阪市城東区東中浜6-12・9-5","せんげんがわみどりこうえん","公園・スポーツ","公園","","","","","","街区公園","","135.5504498","34.6812340000002","公園"
"布屋公園","大阪市城東区新喜多東1-14","ぬのやこうえん","公園・スポーツ","公園","","","","","","街区公園","","135.5487513","34.6940589000003","公園"
"天王田公園","大阪市城東区東中浜7-1","てんのうでんこうえん","公園・スポーツ","公園","","","","","","街区公園","","135.5517164","34.6877359000002","公園"
"鴫野東公園","大阪市城東区鴫野東3-23","しぎのひがしこうえん","公園・スポーツ","公園","","","","","","街区公園","","135.5480574","34.6890263000003","公園"
"天王田楠根公園","大阪市城東区天王田4","てんのうでんくすねこうえん","公園・スポーツ","公園","","","","","","街区公園","","135.5530848","34.6899703000002","公園"
"鴫野北公園","大阪市城東区鴫野東1-5","","公園・スポーツ","公園","","","","","","街区公園","","135.5446431","34.6954736400003","公園"
"古市中公園","大阪市城東区古市2-6","ふるいちなかこうえん","公園・スポーツ","公園","","","","","","街区公園","","135.5581203","34.7098766000002","公園"
"古市西北公園","大阪市城東区古市3-19","ふるいちにしきたこうえん","公園・スポーツ","公園","","","","","","街区公園","","135.5589463","34.7130002000002","公園"
"古市北公園","大阪市城東区古市3-14","ふるいちきたこうえん","公園・スポーツ","公園","","","","","","街区公園","","135.5566482","34.7147791000002","公園"
"東今福公園","大阪市城東区今福東2-11","","公園・スポーツ","公園","","","","","","街区公園","","135.5585247","34.7028971400002","公園"
"野江公園","大阪市城東区野江1-15","のえこうえん","公園・スポーツ","公園","","","","","","街区公園","","135.5408625","34.7030157000003","公園"
"榎並公園","大阪市城東区野江2-15","えなみこうえん","公園・スポーツ","公園","","","","","","街区公園","","135.5395528","34.7035172000003","公園"
"西放出公園","大阪市城東区放出西2-15","","公園・スポーツ","公園","","","","","","街区公園","","135.55754","34.6927700000002","公園"
"新喜多東公園","大阪市城東区新喜多東2-6","しぎたひがしこうえん","公園・スポーツ","公園","","","","","","街区公園","","135.5510845","34.6926282000002","公園"
"放出西三公園","大阪市城東区放出西3-20","はなてんにしさんこうえん","公園・スポーツ","公園","","","","","","街区公園","","135.55841","34.6914290000002","公園"
"新喜多東中央公園","大阪市城東区新喜多東1-8","しぎたひがしちゅうおうこうえん","公園・スポーツ","公園","","","","","","街区公園","","135.5489359","34.6951734000002","公園"
"与力町運動場","大阪市北区与力町公園内","よりきちょううんどうじょう","公園・スポーツ","体育施設","06-6312-8121","06-6312-3403","","","","http://osakashi.opas.jp/chikubetu/chubu/kita/yoriki_undou/index.html","","135.5141886","34.7007529000003","体育施設"
"南天満庭球場","大阪市北区南天満公園内","みなみてんまていきゅうじょう","公園・スポーツ","体育施設","06-6312-8121","06-6312-3403","","","","http://osakashi.opas.jp/chikubetu/chubu/kita/minami_teikyuujyou/index.html","","135.5134779","34.6919169000003","体育施設"
"浦江庭球場","大阪市北区浦江公園内","うらえていきゅうじょう","公園・スポーツ","体育施設","06-6312-8121","06-6312-3403","","","","http://osakashi.opas.jp/genre/tennis/tyubu_kitaku_tyuoku_nishiku_tennojiku_naniwaku/teikyuujyou/index.html","","135.482599800001","34.7005468000004","体育施設"
"中之島西庭球場","大阪市北区中之島西公園内","なかのしまにしていきゅうじょう","公園・スポーツ","体育施設","06-6312-8121","06-6312-3403","","","","http://osakashi.opas.jp/genre/tennis/tyubu_kitaku_tyuoku_nishiku_tennojiku_naniwaku/nishi_teikyuujyou/index.html","","135.483555900001","34.6865329000004","体育施設"
"浮田西児童遊園","大阪市北区浮田2-2","うきたにしじどうゆうえん","公園・スポーツ","児童遊園・広場","","","","","","","","135.5080529","34.7094502000003","児童遊園・広場"
"堂島児童遊園","大阪市北区堂島2","どうじまじどうゆうえん","公園・スポーツ","児童遊園・広場","","","","","","","","135.4941672","34.6969168000004","児童遊園・広場"
"堀川児童遊園","大阪市北区天神橋3-4","ほりかわじどうゆうえん","公園・スポーツ","児童遊園・広場","","","","","","","","135.5120468","34.7004689000003","児童遊園・広場"
"中之島公園","大阪市北区中之島1-1外","","公園・スポーツ","公園","","","","","","風致公園","","135.504462","34.6930833400003","公園"
"扇町公園","大阪市北区扇町1-1","","公園・スポーツ","公園","","","","","","地区公園","","135.5091164","34.7036266800003","公園"
"南天満公園","大阪市北区天神橋1-3外","","公園・スポーツ","公園","","","","","","近隣公園","","135.51251","34.6921600000003","公園"
"浦江公園","大阪市北区大淀南3-3","","公園・スポーツ","公園","","","","","","近隣公園","","135.483630000001","34.7012300000004","公園"
"浮田公園","大阪市北区浮田2-5","うきたこうえん","公園・スポーツ","公園","","","","","","街区公園","","135.5076278","34.7096558000003","公園"
"大淀中公園","大阪市北区大淀中1-9","おおよどなかこうえん","公園・スポーツ","公園","","","","","","街区公園","","135.488691800001","34.7049669000004","公園"
"大淀中5公園","大阪市北区大淀中5-8","おおよどなか５こうえん","公園・スポーツ","公園","","","","","","街区公園","","135.481164100001","34.7029031000004","公園"
"大淀北公園","大阪市北区大淀北1-4","おおよどきたこうえん","公園・スポーツ","公園","","","","","","街区公園","","135.486711000001","34.7080032000004","公園"
"大淀西公園","大阪市北区大淀北2-1","おおよどにしこうえん","公園・スポーツ","公園","","","","","","街区公園","","135.478428100001","34.7048361000004","公園"
"大淀南公園","大阪市北区大淀南1-8","おおよどみなみこうえん","公園・スポーツ","公園","","","","","","街区公園","","135.487908200001","34.7034751000004","公園"
"鶴満寺公園","大阪市北区長柄東1-3","","公園・スポーツ","公園","","","","","","街区公園","","135.51628","34.7109700000003","公園"
"菅北公園","大阪市北区菅栄町4","かんぼくこうえん","公園・スポーツ","公園","","","","","","街区公園","","135.5145498","34.7087918000003","公園"
"黒崎町公園","大阪市北区黒崎町5","くろさきちょうこうえん","公園・スポーツ","公園","","","","","","街区公園","","135.5087671","34.7072580000003","公園"
"国分寺公園","大阪市北区国分寺1-5","こくぶんじこうえん","公園・スポーツ","公園","","","","","","街区公園","","135.5148388","34.7102640000003","公園"
"済美公園","大阪市北区中崎西1-7","せいびこうえん","公園・スポーツ","公園","","","","","","街区公園","","135.5046782","34.7079692000004","公園"
"滝川公園","大阪市北区天満4-7","","公園・スポーツ","公園","","","","","","街区公園","","135.51463","34.6941100000003","公園"
"堂島公園","大阪市北区堂島浜1-2","どうじまこうえん","公園・スポーツ","公園","","","","","","街区公園","","135.499322","34.6951608000004","公園"
"豊崎北公園","大阪市北区豊崎6-13","とよさききたこうえん","公園・スポーツ","公園","","","","","","街区公園","","135.5021308","34.7164531000004","公園"
"豊崎中公園","大阪市北区豊崎7-1","とよさきなかこうえん","公園・スポーツ","公園","","","","","","街区公園","","135.4995113","34.7138919000004","公園"
"豊崎西公園","大阪市北区豊崎5-5","","公園・スポーツ","公園","","","","","","街区公園","","135.4988392","34.7115723900004","公園"
"豊崎東公園","大阪市北区豊崎4-7","とよさきひがしこうえん","公園・スポーツ","公園","","","","","","街区公園","","135.501711","34.7126188000004","公園"
"豊崎南公園","大阪市北区豊崎3-7","とよさきみなみこうえん","公園・スポーツ","公園","","","","","","街区公園","","135.4992782","34.7104892000004","公園"
"中津公園","大阪市北区中津2-8","","公園・スポーツ","公園","","","","","","近隣公園","","135.496377900001","34.7149110200004","公園"
"中津中央公園","大阪市北区中津3-4","なかつちゅうおうこうえん","公園・スポーツ","公園","","","","","","街区公園","","135.493232700001","34.7101469000004","公園"
"中津東公園","大阪市北区中津2-1","なかつひがしこうえん","公園・スポーツ","公園","","","","","","街区公園","","135.4980473","34.7136969000004","公園"
"中津南公園","大阪市北区中津5-3","なかつみなみこうえん","公園・スポーツ","公園","","","","","","街区公園","","135.491421700001","34.7061171000004","公園"
"中之島西公園","大阪市北区中之島6-3","","公園・スポーツ","公園","","","","","","街区公園","","135.483600000001","34.6867100000004","公園"
"長柄公園","大阪市北区長柄西2-7","ながらこうえん","公園・スポーツ","公園","","","","","","街区公園","","135.5137312","34.7174060000003","公園"
"長柄西公園","大阪市北区長柄西1-7","ながらにしこうえん","公園・スポーツ","公園","","","","","","街区公園","","135.5141671","34.7146861000003","公園"
"長柄東公園","大阪市北区長柄東1-6外","","公園・スポーツ","公園","","","","","","近隣公園","","135.51906","34.7121000000003","公園"
"西梅田公園","大阪市北区梅田2-6","にしうめだこうえん","公園・スポーツ","公園","","","","","","街区公園","","135.491119200001","34.6976029000004","公園"
"西天満公園","大阪市北区西天満5-7","にしてんまこうえん","公園・スポーツ","公園","","","","","","街区公園","","135.5080307","34.6985579000003","公園"
"西天満若松浜公園","大阪市北区西天満2-1","にしてんまわかまつはまこうえん","公園・スポーツ","公園","","","","","","街区公園","","135.5045279","34.6947391000003","公園"
"野崎公園","大阪市北区野崎町2","のざきこうえん","公園・スポーツ","公園","","","","","","街区公園","","135.5070221","34.7014139000003","公園"
"東天満公園","大阪市北区天満橋1-7","ひがしてんまこうえん","公園・スポーツ","公園","","","","","","街区公園","","135.518572","34.7006059000003","公園"
"本庄公園","大阪市北区本庄西3-11","","公園・スポーツ","公園","","","","","","近隣公園","","135.50421","34.7155800000003","公園"
"本庄川崎公園","大阪市北区本庄東2-6","ほんじょうかわさきこうえん","公園・スポーツ","公園","","","","","","街区公園","","135.5082833","34.7133281000003","公園"
"本庄小公園","大阪市北区本庄東3-4","ほんじょうしょうこうえん","公園・スポーツ","公園","","","","","","街区公園","","135.5091248","34.7166498000003","公園"
"本庄南公園","大阪市北区本庄西1-4","ほんじょうみなみこうえん","公園・スポーツ","公園","","","","","","街区公園","","135.5065363","34.7118110000003","公園"
"与力町公園","大阪市北区与力町5","","公園・スポーツ","公園","","","","","","街区公園","","135.51434","34.7010600000003","公園"
"淀川河川公園","大阪市都島区毛馬～大阪市福島区海老江","よどがわかせんこうえん（とよさとちく）","公園・スポーツ","公園","","","","","","","","135.481344000001","34.7081612000004","公園"
"中之島緑道","大阪市北区中之島2-1","なかのしまりょくどう","公園・スポーツ","公園","","","","","","緑道","","135.4983888","34.6932889000004","公園"
"豊新第七児童遊園","大阪市東淀川区豊新5-15","ほうしんだいななじどうゆうえん","公園・スポーツ","児童遊園・広場","","","","","","","","135.535567","34.7477471000003","児童遊園・広場"
"春日出運動場","大阪市此花区春日出南1-2（春日出公園内）","かすがでうんどうじょう","公園・スポーツ","体育施設","06-6312-8121","06-6312-3403","","","","http://osakashi.opas.jp/genre/soccer/seibu_minatoku_taisyoku_hukushimaku_konohanaku/kasugadeundojo/index.html","","135.458455800001","34.6796221000005","体育施設"
"波除運動場","大阪市港区波除5-5","なみよけうんどうじょう","公園・スポーツ","体育施設","06-6571-0552","06-6572-1663","","","","http://osakashi.opas.jp/genre/soccer/seibu_minatoku_taisyoku_hukushimaku_konohanaku/namiyokeundojo/index.html","","135.461303000001","34.6738421000005","体育施設"
"西九条コミュニティ広場","大阪市此花区西九条6-1","にしくじょうこみゅにてぃひろば","公園・スポーツ","児童遊園・広場","","","","","","","","135.462542000001","34.6819531000005","児童遊園・広場"
"伝法コミュニティ広場","大阪市此花区伝法2-1","てんぽうこみゅにてぃひろば","公園・スポーツ","児童遊園・広場","","","","","","","","135.456791700001","34.6871811000005","児童遊園・広場"
"島屋コミュニティ広場","大阪市此花区島屋3-2","しまやこみゅにてぃひろば","公園・スポーツ","児童遊園・広場","","","","","","","","135.445078100001","34.6760831000006","児童遊園・広場"
"八幡屋公園","大阪市港区田中3-1","","公園・スポーツ","公園","","","","","","総合公園","","135.446442200001","34.6601760800006","公園"
"抱月公園","大阪市港区波除2-2","ほうげつこうえん","公園・スポーツ","公園","","","","","","街区公園","","135.465042300001","34.6719172000005","公園"
"抱月小公園","大阪市港区波除4-6","ほうげつしょうこうえん","公園・スポーツ","公園","","","","","","街区公園","","135.463244100001","34.6742562000005","公園"
"波除公園","大阪市港区波除5-5","","公園・スポーツ","公園","","","","","","近隣公園","","135.460740000001","34.6743400000005","公園"
"市岡小公園","大阪市港区市岡元町2-9","いちおかしょうこうえん","公園・スポーツ","公園","","","","","","街区公園","","135.466816900001","34.6687252000005","公園"
"市岡元町公園","大阪市港区市岡元町3-12","","公園・スポーツ","公園","","","","","","街区公園","","135.464609100001","34.6668573900005","公園"
"弁天西公園","大阪市港区弁天2-4","べんてんにしこうえん","公園・スポーツ","公園","","","","","","街区公園","","135.456883300001","34.6682941000005","公園"
"弁天公園","大阪市港区弁天3-5","べんてんこうえん","公園・スポーツ","公園","","","","","","街区公園","","135.453421700001","34.6676889000005","公園"
"弁天東公園","大阪市港区弁天5-12","べんてんひがしこうえん","公園・スポーツ","公園","","","","","","街区公園","","135.456632700001","34.6729892000005","公園"
"弁天埠頭公園","大阪市港区弁天6-7","べんてんふとうこうえん","公園・スポーツ","公園","","","","","","街区公園","","135.453369100001","34.6725939000005","公園"
"磯路中央公園","大阪市港区磯路2-17","","公園・スポーツ","公園","","","","","","近隣公園","","135.458770000001","34.6657100000005","公園"
"南市岡公園","大阪市港区南市岡2-7","みなみいちおかこうえん","公園・スポーツ","公園","","","","","","街区公園","","135.468175100001","34.6657971000005","公園"
"南市岡西公園","大阪市港区南市岡2-12","みなみいちおかにしこうえん","公園・スポーツ","公園","","","","","","街区公園","","135.467774900001","34.6651470000005","公園"
"市岡中央公園","大阪市港区市岡1-3","いちおかちゅうおうこうえん","公園・スポーツ","公園","","","","","","街区公園","","135.463589000001","34.6637719000005","公園"
"市岡西公園","大阪市港区市岡1-15","いちおかにしこうえん","公園・スポーツ","公園","","","","","","街区公園","","135.460603000001","34.6636312000005","公園"
"市岡浜公園","大阪市港区市岡4-2","いちおかはまこうえん","公園・スポーツ","公園","","","","","","街区公園","","135.462496900001","34.6607920000005","公園"
"市岡公園","大阪市港区市岡4-6","","公園・スポーツ","公園","","","","","","街区公園","","135.461791600001","34.6597731100005","公園"
"東田中公園","大阪市港区田中1-1","","公園・スポーツ","公園","","","","","","街区公園","","135.451600000001","34.6653100000005","公園"
"石田公園","大阪市港区田中1-7","いしだこうえん","公園・スポーツ","公園","","","","","","街区公園","","135.449466800001","34.6662079000005","公園"
"夕凪公園","大阪市港区夕凪2-6","","公園・スポーツ","公園","","","","","","街区公園","","135.451840000001","34.6628200000005","公園"
"港南公園","大阪市港区三先1-5","こうなんこうえん","公園・スポーツ","公園","","","","","","街区公園","","135.456536300001","34.6610281000005","公園"
"三先公園","大阪市港区三先2-3","","公園・スポーツ","公園","","","","","","街区公園","","135.452510000001","34.6598000000005","公園"
"池島公園","大阪市港区池島2-4","","公園・スポーツ","公園","","","","","","近隣公園","","135.451973500001","34.6569330700005","公園"
"入舟公園","大阪市港区八幡屋1-4","","公園・スポーツ","公園","","","","","","街区公園","","135.447540000001","34.6571200000005","公園"
"入舟南公園","大阪市港区八幡屋3-4","いりふねみなみこうえん","公園・スポーツ","公園","","","","","","街区公園","","135.446561000001","34.6542559000006","公園"
"八幡屋南公園","大阪市港区八幡屋4-3","やはたやみなみこうえん","公園・スポーツ","公園","","","","","","街区公園","","135.447494100001","34.6522311000005","公園"
"港晴南公園","大阪市港区港晴2-8","こうせいみなみこうえん","公園・スポーツ","公園","","","","","","街区公園","","135.441239200001","34.6554859000006","公園"
"港晴東公園","大阪市港区港晴3-11","こうせいひがしこうえん","公園・スポーツ","公園","","","","","","街区公園","","135.441828000001","34.6591860000006","公園"
"港晴北公園","大阪市港区港晴4-17","こうせいきたこうえん","公園・スポーツ","公園","","","","","","街区公園","","135.439988700001","34.6572641000006","公園"
"築港南公園","大阪市港区築港1-2","","公園・スポーツ","公園","","","","","","街区公園","","135.437596100001","34.6531776100006","公園"
"天保山公園","大阪市港区築港3-2","","公園・スポーツ","公園","","","","","","近隣公園","","135.432530000001","34.6570200000006","公園"
"毛馬公園","大阪市北区長柄東1-6・2-9","けまこうえん","公園・スポーツ","公園","","","","","","地区公園","","135.5203062","34.7147780000003","公園"
"三明町北公園","大阪市阿倍野区三明町1丁目4","さんめいちょうきたこうえん","公園・スポーツ","公園","","","","","","街区公園","","135.5214562","34.6422999000003","公園"
"三明町公園","大阪市阿倍野区三明町2丁目9","さんめいちょうこうえん","公園・スポーツ","公園","","","","","","街区公園","","135.5194532","34.6399249000003","公園"
"松崎公園","大阪市阿倍野区松崎町3丁目7","まつざきこうえん","公園・スポーツ","公園","","","","","","街区公園","","135.513653","34.6415279000003","公園"
"常盤公園","大阪市阿倍野区松崎町3丁目2","ときわこうえん","公園・スポーツ","公園","","","","","","街区公園","","135.517847","34.6418221000003","公園"
"晴明丘相生公園","大阪市阿倍野区相生通2丁目7","せいめいがおかあいおいこうえん","公園・スポーツ","公園","","","","","","街区公園","","135.5034142","34.6304331000004","公園"
"長池公園","大阪市阿倍野区長池町14外","","公園・スポーツ","公園","","","","","","地区公園","","135.5192348","34.6230334400003","公園"
"長池運動場","大阪市阿倍野区長池町19","ながいけうんどうじょう","公園・スポーツ","体育施設","06-6691-7200","06-6691-6976","","","","http://osakashi.opas.jp/genre/soccer/nambu_abenoku_suminoeku_sumiyoshiku_higashisumiyoshiku_hiranoku_nishinariku/nagaikeundoujo/index.html","","135.5184217","34.6230030000003","体育施設"
"はちの子ちびっこ広場","大阪市阿倍野区天王寺町南1-5-9","はちのこちびっこひろば","公園・スポーツ","児童遊園・広場","","","","","","","","135.5219562","34.6432030000003","児童遊園・広場"
"八反田児童遊園","大阪市阿倍野区天王寺町南1-6","はったんだじどうゆうえん","公園・スポーツ","児童遊園・広場","","","","","","","","135.522128","34.6428811000003","児童遊園・広場"
"高松南公園","大阪市阿倍野区天王寺町南3丁目12","たかまつみなみこうえん","公園・スポーツ","公園","","","","","","街区公園","","135.5259858","34.6399079000003","公園"
"睦児童遊園","大阪市阿倍野区天王寺町北2-2","むつみじどうゆうえん","公園・スポーツ","児童遊園・広場","","","","","","","","135.5248559","34.6474251000003","児童遊園・広場"
"曙児童遊園","大阪市阿倍野区天王寺町北2-24","あけぼのじどうゆうえん","公園・スポーツ","児童遊園・広場","","","","","","","","135.523117","34.6449612000003","児童遊園・広場"
"高松公園","大阪市阿倍野区天王寺町北3丁目17","たかまつこうえん","公園・スポーツ","公園","","","","","","街区公園","","135.524519","34.6439638000003","公園"
"此花屋内プール","大阪市此花区西九条5-4-21","このはなおくないぷーる","公園・スポーツ","体育施設","06-6465-6700","06-6465-6750","https://fitness21.or.jp/jigyo-shitei/shitei_konohana/","","https://www.osaka-heartfulweb.jp/040606.html","","","135.464580300001","34.6835765300005","体育施設"
"此花スポーツセンター","大阪市此花区西九条6-1-27","このはなすぽーつせんたー","公園・スポーツ","体育施設","06-6465-5800","06-6465-5816","http://osakashi.opas.jp/chikubetu/seibu/konohana/konohanasportscenter/index.html","","https://www.osaka-heartfulweb.jp/040601.html","","","135.463586700001","34.6816534400005","体育施設"
"舞洲障がい者スポーツセンター（アミティ舞洲）","大阪市此花区北港白津2-1-46","まいしましょうがいしゃすぽーつせんたー（あみてぃまいしま）","公園・スポーツ","体育施設","06-6465-8200","06-6465-8207","http://www.fukspo.org/maishimassc/","","https://www.osaka-heartfulweb.jp/040602.html","","","135.408079900001","34.6679195800007","体育施設"
"おおきにアリーナ舞洲（舞洲アリーナ）","大阪市此花区北港緑地2","おおきにありーなまいしま（まいしまありーな）","公園・スポーツ","体育施設","06-6460-1011","","https://human-arena.com","","","http://www.sports.city.osaka.jp/sports/sa/tb/i/2/0/0/54/0/20540008/d.html","","135.397630900001","34.6656438000008","体育施設"
"東淀川体育館","大阪市東淀川区東中島4-4-4","ひがしよどがわたいいくかん","公園・スポーツ","体育施設","06-6321-0003","06-6321-0044","http://osakashi.opas.jp/chikubetu/hokubu/hiyodo/taiikukan/index.html","","https://www.osaka-heartfulweb.jp/130602.html","","","135.5052976","34.7326648000003","体育施設"
"相川南児童遊園","大阪市東淀川区相川2-14","あいかわみなみじどうゆうえん","公園・スポーツ","児童遊園・広場","","","","","","","","135.536583","34.7569059000003","児童遊園・広場"
"住之江抽水所せせらぎの里","大阪市住之江区泉2-1-92","すみのえちゅうすいしょせせらぎのさと","公園・スポーツ","公園","06-6686-1240","06-6686-1341","https://www.city.osaka.lg.jp/kensetsu/page/0000010427.html","","","ふるさとをイメージした、せせらぎや池、水田、水車小屋などがあります。敷地内には、約130種の植物があり、四季を通じて楽しんでいただけます。せせらぎの水は、住之江抽水所の建物に降った雨を集めて使っています。また、抽水所の建物の屋上を利用した多目的グラウンドもあり、種々のスポーツが楽しめます。","","135.462837100001","34.6146888000005","公園"
"西九条公園","大阪市此花区西九条5-4","","公園・スポーツ","公園","","","","","","街区公園","","135.465249700001","34.6839801100005","公園"
"西九条上公園","大阪市此花区西九条1-30","にしくじょうかみこうえん","公園・スポーツ","公園","","","","","","街区公園","","135.467522300001","34.6817112000005","公園"
"西九条南公園","大阪市此花区西九条2-1","にしくじょうみなみこうえん","公園・スポーツ","公園","","","","","","街区公園","","135.465691700001","34.6797329000005","公園"
"西九条西公園","大阪市此花区西九条4-4","","公園・スポーツ","公園","","","","","","街区公園","","135.464143500001","34.6815428300005","公園"
"梅香東公園","大阪市此花区梅香1-3","","公園・スポーツ","公園","","","","","","街区公園","","135.459780000001","34.6823300000005","公園"
"梅香公園","大阪市此花区梅香3-3","","公園・スポーツ","公園","","","","","","街区公園","","135.455637400001","34.6814767300005","公園"
"春日出公園","大阪市此花区春日出南1-2","","公園・スポーツ","公園","","","","","","近隣公園","","135.457920000001","34.6792200000005","公園"
"千鳥橋公園","大阪市此花区四貫島1-1","ちどりばしこうえん","公園・スポーツ","公園","","","","","","街区公園","","135.457361000001","34.6856188000005","公園"
"四貫島西公園","大阪市此花区四貫島2-25(高架下)","しかんじまにしこうえん","公園・スポーツ","公園","","","","","","街区公園","","135.452621900001","34.6849079000005","公園"
"此花公園","大阪市此花区春日出北1-5","","公園・スポーツ","公園","","","","","","街区公園","","135.450545300001","34.6824893800005","公園"
"春日出中公園","大阪市此花区春日出中1-26","かすがでなかこうえん","公園・スポーツ","公園","","","","","","街区公園","","135.451919200001","34.6815531000005","公園"
"酉島公園","大阪市此花区酉島6-1","とりしまこうえん","公園・スポーツ","公園","","","","","","街区公園","","135.435236200001","34.6833060000006","公園"
"桜島公園","大阪市此花区桜島3-5","さくらじまこうえん","公園・スポーツ","公園","","","","","","街区公園","","135.428300000001","34.6617079000006","公園"
"高見公園","大阪市此花区高見1-5","","公園・スポーツ","公園","","","","","","街区公園","","135.458613800001","34.6914829200005","公園"
"伝法東公園","大阪市此花区伝法2-11","","公園・スポーツ","公園","","","","","","街区公園","","135.455090000001","34.6878600000005","公園"
"伝法南公園","大阪市此花区伝法4-7(高架下)","でんぽうみなみこうえん","公園・スポーツ","公園","","","","","","街区公園","","135.451855900001","34.6866921000005","公園"
"伝法中公園","大阪市此花区伝法3-14(高架下)","でんぽうなかこうえん","公園・スポーツ","公園","","","","","","街区公園","","135.450424900001","34.6887308000005","公園"
"嬉ヶ崎公園","大阪市此花区朝日2-1(高架下)","きがさきこうえん","公園・スポーツ","公園","","","","","","街区公園","","135.462686200001","34.6860081000005","公園"
"島屋公園","大阪市此花区島屋3-3","しまやこうえん","公園・スポーツ","公園","","","","","","街区公園","","135.443467200001","34.6765670000006","公園"
"西九条小公園","大阪市此花区西九条3-8","にしくじょうしょうこうえん","公園・スポーツ","公園","","","","","","街区公園","","135.466110800001","34.6842578000005","公園"
"春日出南公園","大阪市此花区春日出南2-10","かすがでみなみこうえん","公園・スポーツ","公園","","","","","","街区公園","","135.453557800001","34.6783581000005","公園"
"千鳥橋みどり公園","大阪市此花区伝法1-2","","公園・スポーツ","公園","","","","","","街区公園","","135.460360000001","34.6888100000005","公園"
"春日出北公園","大阪市此花区春日出北2-16","かすができたこうえん","公園・スポーツ","公園","","","","","","街区公園","","135.447450300001","34.6823579000005","公園"
"酉島南公園","大阪市此花区酉島3-19","とりしまみなみこうえん","公園・スポーツ","公園","","","","","","街区公園","","135.439189000001","34.6826859000006","公園"
"伝法北公園","大阪市此花区伝法3-7","でんぽうきたこうえん","公園・スポーツ","公園","","","","","","街区公園","","135.452528300001","34.6908001000005","公園"
"酉島中公園","大阪市此花区酉島3-13","とりしまなかこうえん","公園・スポーツ","公園","","","","","","街区公園","","135.441749900001","34.6823221000006","公園"
"伝法西公園","大阪市此花区伝法5-3","でんぽうにしこうえん","公園・スポーツ","公園","","","","","","街区公園","","135.446908000001","34.6870500000005","公園"
"伝法公園","大阪市此花区伝法3-14","","公園・スポーツ","公園","","","","","","近隣公園","","135.450088800001","34.6896198200005","公園"
"高見北公園","大阪市此花区高見1-7","たかみきたこうえん","公園・スポーツ","公園","","","","","","街区公園","","135.459843700001","34.6928332000005","公園"
"朝日橋公園","大阪市此花区西九条6-1","","公園・スポーツ","公園","","","","","","近隣公園","","135.462335300001","34.6810732100005","公園"
"高見西公園","大阪市此花区高見3-14","たかみにしこうえん","公園・スポーツ","公園","","","","","","街区公園","","135.455438800001","34.6921248000005","公園"
"舞洲緑地","大阪市此花区北港緑地2-3","","公園・スポーツ","公園","6460-9855","","","","","","","135.393967400001","34.6635733700008","公園"
"遠里小野3丁目第2児童遊園","大阪市住吉区遠里小野3丁目13番","おりおのさんちょうめだいにじどうゆうえん","公園・スポーツ","児童遊園・広場","","","","","","","","135.4995558","34.5930891000004","児童遊園・広場"
"遠里小野公園","大阪市住吉区遠里小野5丁目19番","おりおのこうえん","公園・スポーツ","公園","","","","","","街区公園","","135.493383000001","34.5991808000004","公園"
"おりおの南公園","大阪市住吉区遠里小野7-5","","公園・スポーツ","公園","","","","","","街区公園","","135.492480000001","34.5969300000004","公園"
"沢之町公園","大阪市住吉区南住吉3-15","","公園・スポーツ","公園","","","","","","近隣公園","","135.5019345","34.6043212500004","公園"
"我孫子公園","大阪市住吉区我孫子5丁目2番","あびここうえん","公園・スポーツ","公園","","","","","","街区公園","","135.5074142","34.5996999000003","公園"
"我孫子東公園","大阪市住吉区我孫子東2丁目9番","あびこひがしこうえん","公園・スポーツ","公園","","","","","","街区公園","","135.5112","34.5988921000003","公園"
"苅田10公園","大阪市住吉区苅田10丁目10番","かりた１０公園","公園・スポーツ","公園","","","","","","街区公園","","135.5148139","34.5926221000003","公園"
"瑞西児童遊園","大阪市東淀川区瑞光3-1","ずいにしじどうゆうえん","公園・スポーツ","児童遊園・広場","","","","","","","","135.5426277","34.7502781000003","児童遊園・広場"
"瑞光第2児童遊園","大阪市東淀川区瑞光4-2","ずいこうだいにじどうゆうえん","公園・スポーツ","児童遊園・広場","","","","","","","","135.5450747","34.7512859000002","児童遊園・広場"
"くにじまスポーツ","東淀川区柴島3-11-139","くにじますぽーつ","公園・スポーツ","体育施設","06-6323-9719","","https://www.kunijima-tennis-sports.com/","","","","","135.5151251","34.7326110000003","体育施設"
"東淀川屋内プール","大阪市東淀川区東淡路1-4-53","ひがしよどがわおくないぷーる","公園・スポーツ","体育施設","06-6325-5077","06-6325-5065","http://osakashi.opas.jp/chikubetu/hokubu/hiyodo/pool/index.html","","https://www.osaka-heartfulweb.jp/130603.html","","","135.519718","34.7337997600003","体育施設"
"東淀川トレーニングルーム","大阪市東淀川区東淡路1-4-53","ひがしよどがわとれーにんぐるーむ","公園・スポーツ","体育施設","06-6325-5077","06-6325-5065","http://osakashi.opas.jp/chikubetu/hokubu/hiyodo/pool_training/index.html","","06-6325-5077","","","135.5197443","34.7339719000003","体育施設"
"くにじまテニスコート","東淀川区柴島1-3-21","くにじまてにすこーと","公園・スポーツ","体育施設","06-6325-2231","","https://www.kunijima-tennis-sports.com/","","","","","135.506122","34.7265611000003","体育施設"
"東淀川スポーツセンター","大阪市東淀川区東淡路1-4-21","ひがしよどがわすぽーつせんたー","公園・スポーツ","体育施設","06-6321-7182","06-6321-7486","http://osakashi.opas.jp/chikubetu/hokubu/hiyodo/spocen/index.html","","https://www.osaka-heartfulweb.jp/130601.html","","","135.5196396","34.7348059100003","体育施設"
"瑞光コーポちびっこ広場","大阪市東淀川区瑞光4-11","ずいこうこーぽちびっこひろば","公園・スポーツ","児童遊園・広場","","","","","","","","135.5478863","34.7529890000002","児童遊園・広場"
"豊里中央公園","大阪市東淀川区豊里5-14","とよさとちゅうおうこうえん","公園・スポーツ","公園","06-6309-0008","","","","","近隣公園","","135.5428517","34.7412317900002","公園"
"聖天山公園","大阪市阿倍野区松虫通3-2","","公園・スポーツ","公園","","","","","","近隣公園","","135.5033568","34.6354197500003","公園"
"長池ちびっこ広場","大阪市阿倍野区桃ヶ池町1-13","ながいけちびっこひろば","公園・スポーツ","児童遊園・広場","","","","","","","","135.519431","34.6282691000003","児童遊園・広場"
"晴明通児童遊園","大阪市阿倍野区晴明通3","せいめいどおりじどうゆうえん","公園・スポーツ","児童遊園・広場","","","","","","","","135.5075139","34.6331469000003","児童遊園・広場"
"苅田北公園","大阪市住吉区苅田2丁目11番","かりたきたこうえん","公園・スポーツ","公園","","","","","","街区公園","","135.515272","34.6040000000003","公園"
"苅田中公園","大阪市住吉区苅田6丁目16番","かりたなかこうえん","公園・スポーツ","公園","","","","","","街区公園","","135.5176469","34.5992500000003","公園"
"苅田南公園","大阪市住吉区苅田9丁目5番","かりたみなみこうえん","公園・スポーツ","公園","","","","","","街区公園","","135.516125","34.5972279000003","公園"
"桃ヶ池公園","大阪市阿倍野区桃ヶ池町1-6外","","公園・スポーツ","公園","","","","","","地区公園","","135.52145","34.6308200000003","公園"
"美章園公園","大阪市阿倍野区美章園2丁目13","びしょうえんこうえん","公園・スポーツ","公園","","","","","","街区公園","","135.5253033","34.6391000000003","公園"
"文の里公園","大阪市阿倍野区文の里3丁目6","ふみのさとこうえん","公園・スポーツ","公園","","","","","","街区公園","","135.5216078","34.6365062000003","公園"
"晴明丘中央公園","大阪市阿倍野区北畠1丁目18","せいめいがおかちゅうおうこうえん","公園・スポーツ","公園","","","","","","近隣公園","","135.5053061","34.6262530000003","公園"
"晴明丘西公園","大阪市阿倍野区北畠3丁目3","せいめいがおかにしこうえん","公園・スポーツ","公園","","","","","","街区公園","","135.5000968","34.6296329000004","公園"
"大阪城弓道場","大阪市中央区大阪城3-4","おおさかじょうきゅうどうじょう","公園・スポーツ","体育施設","06-6941-9921","06-6941-9923","http://osakashi.opas.jp/chikubetu/chubu/chuo/kyuudoujyou/index.html","","https://www.osaka-heartfulweb.jp/050601.html","","","135.5334516","34.6833213700003","体育施設"
"中央スポーツセンター","大阪市中央区島之内2-12-31","ちゅうおうすぽーつせんたー","公園・スポーツ","体育施設","06-6211-2010","06-6211-2590","http://osakashi.opas.jp/genre/indoor/tyubu_kitaku_tyuoku_nishiku_tennojiku_naniwaku/tyuuou_spocen/index.html","","https://www.osaka-heartfulweb.jp/050602.html","","","135.508161","34.6717541400004","体育施設"
"中央屋内プール","大阪市中央区島之内2-7-8","ちゅうおうおくないぷーる","公園・スポーツ","体育施設","06-6212-5473","06-6212-5474","http://osakashi.opas.jp/chikubetu/chubu/chuo/tyuuou_pool/index.html","","https://www.osaka-heartfulweb.jp/050603.html","","","135.5088873","34.6712729400003","体育施設"
"修道館","大阪市中央区大阪城2-1","しゅうどうかん","公園・スポーツ","体育施設","06-6941-1523","06-6941-4189","http://osakashi.opas.jp/chikubetu/chubu/chuo/syuudoukan/index.html","","https://www.osaka-heartfulweb.jp/050604.html","","","135.5249204","34.6843136300003","体育施設"
"北大江公園","大阪市中央区石町１丁目3・島町１丁目5","きたおおえこうえん","公園・スポーツ","公園","","","","","","街区公園","","135.5149473","34.6890001000003","公園"
"東横堀緑道公園","大阪市中央区北浜・今橋・高麗橋・道修町・平野町・淡路町・瓦町・備後町・安土町（各１丁目）外","ひがしよこぼりりょくどうこうえん","公園・スポーツ","公園","","","","","","緑道","","135.5094442","34.6886968000003","公園"
"中大江公園","大阪市中央区南新町２丁目1・糸屋町２丁目2","なかおおえこうえん","公園・スポーツ","公園","","","","","","近隣公園","","135.5137858","34.6851280000003","公園"
"久宝公園","大阪市中央区北久宝寺町３丁目1","きゅうほうこうえん","公園・スポーツ","公園","","","","","","街区公園","","135.5028032","34.6801891000004","公園"
"谷四錦郷公園","大阪市中央区農人橋１丁目2・和泉町１丁目1","たによんきんごうこうえん","公園・スポーツ","公園","","","","","","街区公園","","135.5163641","34.6800439000003","公園"
"越中公園","大阪市中央区玉造２丁目24","えっちゅうこうえん","公園・スポーツ","公園","","","","","","街区公園","","135.5271783","34.6793111000003","公園"
"城南公園","大阪市中央区森ノ宮中央１丁目20","じょうなんこうえん","公園・スポーツ","公園","","","","","","街区公園","","135.5320218","34.6791582000003","公園"
"玉造公園","大阪市中央区玉造２丁目20","たまつくりこうえん","公園・スポーツ","公園","","","","","","街区公園","","135.5288107","34.6768559000003","公園"
"広小路公園","大阪市中央区上町１丁目19","ひろこうじこうえん","公園・スポーツ","公園","","","","","","街区公園","","135.5228307","34.6778971000003","公園"
"銅座公園","大阪市中央区内久宝寺町２丁目5","どうざこうえん","公園・スポーツ","公園","","","","","","街区公園","","135.5185673","34.6780970000003","公園"
"南大江公園","大阪市中央区粉川町6・神崎町1","みなみおおえこうえん","公園・スポーツ","公園","","","","","","街区公園","","135.5134192","34.6781058000003","公園"
"空堀桃谷公園","大阪市中央区上本町西２丁目5","からほりももだにこうえん","公園・スポーツ","公園","","","","","","街区公園","","135.5187559","34.6741779000003","公園"
"道仁公園","大阪市中央区島之内２丁目5","どうにんこうえん","公園・スポーツ","公園","","","","","","街区公園","","135.5093667","34.6705220000003","公園"
"東平南公園","大阪市中央区上本町西５丁目1","とうへいみなみこうえん","公園・スポーツ","公園","","","","","","街区公園","","135.5191332","34.6687610000003","公園"
"黒門公園","大阪市中央区日本橋２丁目12","くろもんこうえん","公園・スポーツ","公園","","","","","","街区公園","","135.5074782","34.6641081000003","公園"
"大阪城公園","大阪市中央区大阪城1-1外","","公園・スポーツ","公園","","","","","","歴史公園","","135.5260371","34.6872376900003","公園"
"東横堀公園","大阪市中央区本町橋5","ひがしよこぼりこうえん","公園・スポーツ","公園","","","","","","街区公園","","135.5103362","34.6827221000003","公園"
"森之宮公園","大阪市中央区森ノ之宮中央１丁目13","もりのみやこうえん","公園・スポーツ","公園","","","","","","街区公園","","135.532744","34.6804639000003","公園"
"難波宮跡公園","大阪市中央区法円坂1丁目6","なにわのみやあとこうえん","公園・スポーツ","公園","","","","","","街区公園","","135.5224392","34.6800860000003","公園"
"寺山公園","大阪市中央区上町１丁目2","てらやまこうえん","公園・スポーツ","公園","","","","","","街区公園","","135.5262418","34.6773309000003","公園"
"御津公園","大阪市中央区西心斎橋２丁目11","みつこうえん","公園・スポーツ","公園","","","","","","街区公園","","135.4979139","34.6720720000004","公園"
"瓦屋町公園","大阪市中央区瓦屋町2-9","","公園・スポーツ","公園","","","","","","街区公園","","135.51286","34.6700800000003","公園"
"高津公園","大阪市中央区高津１丁目1・中寺２丁目4","こうづこうえん","公園・スポーツ","公園","","","","","","近隣公園","","135.5142668","34.6686531000003","公園"
"難波千日前公園","大阪市中央区難波千日前5","なんばせんにちまえこうえん","公園・スポーツ","公園","","","","","","街区公園","","135.5046748","34.6638528000003","公園"
"桃園公園","大阪市中央区谷町６丁目5","とうえんこうえん","公園・スポーツ","公園","","","","","","街区公園","","135.5155718","34.6744689000003","公園"
"大道公園","大阪市東淀川区大道南2-16","だいどうこうえん","公園・スポーツ","公園","06-6309-0008","","","","","街区公園","","135.5500281","34.7445358000003","公園"
"淡路3公園","大阪市東淀川区淡路3-13","あわじ３こうえん","公園・スポーツ","公園","06-6309-0008","","","","","街区公園","","135.5133809","34.7377384400003","公園"
"阿倍野スポーツセンター","大阪市阿倍野区阿倍野筋3-10-1-100","あべのすぽーつせんたー","公園・スポーツ","体育施設","06-6647-0086","06-6647-0190","http://osakashi.opas.jp/chikubetu/nanbu/abeno/abenosc/index.html","","https://www.osaka-heartfulweb.jp/190601.html","","","135.5113232","34.6421660600003","体育施設"
"晴明丘公園","大阪市阿倍野区阿倍野元町15","せいめいがおかこうえん","公園・スポーツ","公園","","","","","","街区公園","","135.5076669","34.6297641000003","公園"
"阿倍野旭公園","大阪市阿倍野区旭町1丁目6","あべのあさひこうえん","公園・スポーツ","公園","","","","","","街区公園","","135.5084114","34.6451171000003","公園"
"都島屋内プール","大阪市都島区都島本通4-12-7","みやこじまおくないぷーる","公園・スポーツ","体育施設","06-6922-8005","06-6922-8007","http://osakashi.opas.jp/chikubetu/toubu/miyakojima/miyakojimaokunaipool/index.html","","https://www.osaka-heartfulweb.jp/020602.html","","","135.5326484","34.7073318600003","体育施設"
"金塚ふれあい西公園","大阪市阿倍野区旭町3丁目","かなづかふれあいにしこうえん","公園・スポーツ","公園","","","","","","近隣公園","","135.5081998","34.6436390000003","公園"
"京橋公園","大阪市都島区東野田町2-6","きょうばしこうえん","公園・スポーツ","公園","","","","","","街区公園","","135.5311749","34.6977141000003","公園"
"北畠公園","大阪市阿倍野区王子町3丁目8","きたばたけこうえん","公園・スポーツ","公園","","","","","","街区公園","","135.5096638","34.6285441000003","公園"
"浪速スポーツセンター","大阪市浪速区難波中3-8-8","なにわすぽーつせんたー","公園・スポーツ","体育施設","06-6643-6444","06-6643-6445","http://osakashi.opas.jp/chikubetu/chubu/naniwa/naniwa_spocen/shisetsu_detail/1359541033581.html","","https://www.osaka-heartfulweb.jp/100601.html","","","135.4989706","34.6613084800004","体育施設"
"阪南公園","大阪市阿倍野区王子町4丁目1","はんなんこうえん","公園・スポーツ","公園","","","","","","街区公園","","135.5116918","34.6259861000003","公園"
"阿倍野屋内プール","大阪市阿倍野区阿倍野筋3-13-23","あべのおくないぷーる","公園・スポーツ","体育施設","06-6636-7290","06-6636-7291","http://osakashi.opas.jp/chikubetu/nanbu/abeno/abenookunaipool/index.html","","https://www.osaka-heartfulweb.jp/190602.html","","","135.5099861","34.6433037600003","体育施設"
"阿倍野屋内プールトレーニング場","大阪市阿倍野区阿倍野筋3－13－23　阿倍野屋内プール内","あべのおくないぷーるとれーにんぐじょう","公園・スポーツ","体育施設","06-6636-7290","06-6636-7291","http://osakashi.opas.jp/genre/training/nambu_abenoku_suminoeku_sumiyoshiku_higashisumiyoshiku_hiranoku_nishinariku/abnookunaipt/index.html","","06-6636-7290","","","135.5098417","34.6435112000003","体育施設"
"旭スポーツセンター","大阪市旭区高殿5-3-25","あさひすぽーつせんたー","公園・スポーツ","体育施設","06-6951-6575","06-6951-6580","http://osakashi.opas.jp/chikubetu/toubu/asahi/asahisportscenter/index.html","","https://www.osaka-heartfulweb.jp/160601.html","","","135.5406117","34.7170005500003","体育施設"
"旭公園","大阪市旭区高殿5-7","","公園・スポーツ","公園","","","","","","地区公園","","135.54091","34.7183600000003","公園"
"旭屋内プール","大阪市旭区高殿6-14-6","あさひおくないぷーる","公園・スポーツ","体育施設","06-6955-6491","06-6955-6492","http://osakashi.opas.jp/genre/swim/tobu_miyakojimaku_higashinariku_ikunoku_jotoku_tsurumiku/asahiokunaipool/index.html","","https://www.osaka-heartfulweb.jp/160602.html","","","135.5462602","34.7178653200002","体育施設"
"城北公園","大阪市旭区生江3-29","","公園・スポーツ","公園","","","","","","総合公園","","135.5396445","34.7293049700003","公園"
"磯路中央運動場","大阪市港区磯路2-17","いそじちゅうおううんどうじょう","公園・スポーツ","体育施設","06-6571-0552","06-6572-1663","","","","http://osakashi.opas.jp/genre/soccer/seibu_minatoku_taisyoku_hukushimaku_konohanaku/isojichuoundojo/shisetsu_detail/1362989747920.html","","135.458947000001","34.6660362000005","体育施設"
"港スポーツセンター","大阪市港区田中3-1-128","みなとすぽーつせんたー","公園・スポーツ","体育施設","06-6576-4081","06-6576-4082","http://osakashi.opas.jp/genre/indoor/seibu_minatoku_taisyoku_hukushimaku_konohanaku/minatosportscenter/index.html","","https://www.osaka-heartfulweb.jp/070602.html","","","135.445730700001","34.6618001300005","体育施設"
"大阪プール","大阪市港区田中3-1-20","おおさかぷーる","公園・スポーツ","体育施設","06-6571-2010","06-6571-2023","http://osakashi.opas.jp/chikubetu/seibu/minato/osakapool/index.html","","https://www.osaka-heartfulweb.jp/070603.html","","","135.447262100001","34.6608454500005","体育施設"
"大阪プールアイススケート場","大阪市港区田中3-1-20","おおさかぷーるあいすすけーとじょう","公園・スポーツ","体育施設","06-6571-2010","","http://osakashi.opas.jp/genre/ice_skate/seibu_minatoku_taisyoku_hukushimaku_konohanaku/osakapool_iceskate/index.html","","06-6571-2010","","","135.447289300001","34.6608500000005","体育施設"
"中央体育館","大阪市港区田中3-1-40","ちゅうおうたいいくかん","公園・スポーツ","体育施設","06-6576-0800","06-6576-0080","http://osakashi.opas.jp/chikubetu/seibu/minato/osakachuotaiikukan/index.html","","https://www.osaka-heartfulweb.jp/070601.html","","","135.444460400001","34.6595633400005","体育施設"
"中央体育館トレーニング室","大阪市港区田中3-1-40","ちゅうおうたいいくかんとれーにんぐしつ","公園・スポーツ","体育施設","06-6576-0071","","http://osakashi.opas.jp/chikubetu/seibu/minato/osakachuotaiikutraning/index.html","","06-6576-0071","","","135.444464300001","34.6593308000006","体育施設"
"九条東公園","大阪市西区九条2-19","","公園・スポーツ","公園","","","","","","街区公園","","135.471850000001","34.6756100000004","公園"
"九条公園","大阪市西区九条南1－1","くじょうこうえん","公園・スポーツ","公園","","","","","","街区公園","","135.477144600001","34.6719896000004","公園"
"九条南公園","大阪市西区九条南2－19","くじょうみなみこうえん","公園・スポーツ","公園","","","","","","街区公園","","135.472509300001","34.6722256000004","公園"
"九条北公園","大阪市西区九条南4-19","","公園・スポーツ","公園","","","","","","街区公園","","135.468039100001","34.6756815500005","公園"
"靱庭球場","大阪市西区靱本町1-9-3","うつぼていきゅうじょう","公園・スポーツ","体育施設","06-6441-6211","06-6441-6226","http://osakashi.opas.jp/chikubetu/chubu/nishi/utsubo_teikyujo/index.html","","https://www.osaka-heartfulweb.jp/060605.html","","","135.4955861","34.6863110000004","体育施設"
"靭テニスセンター","大阪市西区靭本町2-1-14","うつぼてにすせんたー","公園・スポーツ","体育施設","06-6441-6211","06-6441-6226","http://osakashi.opas.jp/genre/tennis/tyubu_kitaku_tyuoku_nishiku_tennojiku_naniwaku/utsubotenniscenter/index.html","","https://www.osaka-heartfulweb.jp/060603.html","","","135.491599000001","34.6842547600004","体育施設"
"西スポーツセンター","大阪市西区立売堀4-10-18","にしすぽーつせんたー","公園・スポーツ","体育施設","06-6538-3413","06-6538-3419","http://osakashi.opas.jp/genre/indoor/tyubu_kitaku_tyuoku_nishiku_tennojiku_naniwaku/nishisportscenter/index.html","","https://www.osaka-heartfulweb.jp/060602.html","","","135.487620400001","34.6807186700004","体育施設"
"松島野球場","大阪市西区千代崎1-3","まつしまやきゅうじょう","公園・スポーツ","体育施設","06-6941-1144","06-6943-6877","","","","http://osakashi.opas.jp/genre/baseball_softball/tyubu_kitaku_tyuoku_nishiku_tennojiku_naniwaku/matsushima_yakyujo/index.html","","135.480189200001","34.6761278000004","体育施設"
"西屋内プール","大阪市西区本田1-4-16","にしおくないぷーる","公園・スポーツ","体育施設","06-6581-7601","06-6581-7602","http://osakashi.opas.jp/genre/swim/tyubu_kitaku_tyuoku_nishiku_tennojiku_naniwaku/nishiokunaipool/index.html","","https://www.osaka-heartfulweb.jp/060604.html","","","135.481641700001","34.6778864300004","体育施設"
"西船場公園","大阪市西区京町堀1-11","にしせんばこうえん","公園・スポーツ","公園","","","","","","街区公園","","135.494272300001","34.6877831000004","公園"
"花乃井公園","大阪市西区京町堀2-11","","公園・スポーツ","公園","","","","","","街区公園","","135.489520000001","34.6856100000004","公園"
"江戸堀公園","大阪市西区京町堀3-7","えどぼりこうえん","公園・スポーツ","公園","","","","","","街区公園","","135.486467100001","34.6842829000004","公園"
"靱公園（東園）","大阪市西区靱本町1-9","うつぼこうえん（ひがしえん）","公園・スポーツ","公園","","","http://www.osakapark.osgf.or.jp/utsubo/","","","総合公園","","135.4956892","34.6855250000004","公園"
"靱公園（西園）","大阪市西区靱本町2-1","うつぼこうえん（にしえん）","公園・スポーツ","公園","","","http://www.osakapark.osgf.or.jp/utsubo/","","","総合公園","","135.489703700001","34.6838556000004","公園"
"靱公園（バラ園）","大阪市西区靱本町1-9","うつぼこうえん（ばらえん）","公園・スポーツ","公園","","","http://www.osakapark.osgf.or.jp/utsubo/","","","総合公園","","135.494457600001","34.6857983000004","公園"
"新阿波座公園","大阪市西区阿波座1－8","しんあわざこうえん","公園・スポーツ","公園","","","","","","街区公園","","135.495543700001","34.6810892000004","公園"
"阿波座南公園","大阪市西区立売堀2－2","あわざみなみこうえん","公園・スポーツ","公園","","","","","","街区公園","","135.491594200001","34.6797440000004","公園"
"薩摩堀公園","大阪市西区立売堀4－2","さつまぼりこうえん","公園・スポーツ","公園","","","","","","街区公園","","135.488230900001","34.6806360000004","公園"
"島津公園","大阪市西区立売堀5-4","","公園・スポーツ","公園","","","","","","街区公園","","135.485760000001","34.6795000000004","公園"
"新町北公園","大阪市西区新町1－15","しんまちきたこうえん","公園・スポーツ","公園","","","","","","街区公園","","135.4948969","34.6780888000004","公園"
"新町南公園","大阪市西区新町2－6","しんまちみなみこうえん","公園・スポーツ","公園","","","","","","街区公園","","135.492800200001","34.6763668000004","公園"
"立売堀公園","大阪市西区新町3－1","いたちぼりこうえん","公園・スポーツ","公園","","","","","","街区公園","","135.490446800001","34.6779862000004","公園"
"新町西公園","大阪市西区新町4－5","しんまちにしこうえん","公園・スポーツ","公園","","","","","","街区公園","","135.486425300001","34.6764721000004","公園"
"阿弥陀池公園","大阪市西区北堀江3－3","あみだいけこうえん","公園・スポーツ","公園","","","","","","街区公園","","135.489922000001","34.6738111000004","公園"
"西長堀公園","大阪市西区北堀江4－1","にしながほりこうえん","公園・スポーツ","公園","","","","","","街区公園","","135.486485300001","34.6754740000004","公園"
"土佐公園","大阪市西区北堀江4－9","とさこうえん","公園・スポーツ","公園","","","","","","街区公園","","135.485196400001","34.6741391000004","公園"
"堀江公園","大阪市西区南堀江1－13","ほりえこうえん","公園・スポーツ","公園","","","","","","街区公園","","135.494663800001","34.6721610000004","公園"
"南堀江公園","大阪市西区南堀江2－8","みなみほりえこうえん","公園・スポーツ","公園","","","","","","街区公園","","135.490735900001","34.6704691000004","公園"
"高台橋公園","大阪市西区南堀江3－1","たかきやばしこうえん","公園・スポーツ","公園","","","","","","街区公園","","135.489746800001","34.6723689000004","公園"
"日吉公園","大阪市西区南堀江4-9","","公園・スポーツ","公園","","","","","","街区公園","","135.485094200001","34.6711798300004","公園"
"松島公園","大阪市西区千代崎1-3外","","公園・スポーツ","公園","","","","","","地区公園","","135.480530000001","34.6762000000004","公園"
"本田公園","大阪市西区本田3－8","ほんでんこうえん","公園・スポーツ","公園","","","","","","街区公園","","135.474211100001","34.6781561000005","公園"
"玉川西公園","大阪市福島区玉川4－13","たまがわにしこうえん","公園・スポーツ","公園","","","","","","街区公園","","135.477536000001","34.6898310000004","公園"
"大野東公園","大阪市福島区野田2-8","おおのひがしこうえん","公園・スポーツ","公園","","","","","","街区公園","","135.477843900001","34.6859971000004","公園"
"大野町公園","大阪市福島区野田5-9","おおのちょうこうえん","公園・スポーツ","公園","","","","","","街区公園","","135.474139100001","34.6854530000005","公園"
"野田緑道","大阪市福島区野田4-6・5-5・6-1","のだりょくどう","公園・スポーツ","公園","","","","","","街区公園","","135.472741700001","34.6842109000005","公園"
"中江町公園","大阪市福島区吉野1-15","なかえちょうこうえん","公園・スポーツ","公園","","","","","","街区公園","","135.478200300001","34.6918471000004","公園"
"江成公園","大阪市福島区吉野3-17","","公園・スポーツ","公園","","","","","","街区公園","","135.473520000001","34.6915653600004","公園"
"吉野町公園","大阪市福島区吉野4-12","","公園・スポーツ","公園","","","","","","街区公園","","135.470980000001","34.6897500000004","公園"
"新家公園","大阪市福島区吉野5-9","","公園・スポーツ","公園","","","","","","街区公園","","135.468763100001","34.6876282400005","公園"
"大開公園","大阪市福島区大開1-18","おおびらきこうえん","公園・スポーツ","公園","","","","","","街区公園","","135.470706400001","34.6941922000004","公園"
"大開西公園","大阪市福島区大開4－4","おおびらきにしこうえん","公園・スポーツ","公園","","","","","","街区公園","","135.464411000001","34.6894059000005","公園"
"平野スポーツセンター","大阪市平野区平野南4-6-1","ひらのすぽーつせんたー","公園・スポーツ","体育施設","06-6709-1255","06-6709-1026","http://osakashi.opas.jp/chikubetu/nanbu/hirano/spocen/index.html","","https://www.osaka-heartfulweb.jp/230601.html","","","135.560023","34.6173056800002","体育施設"
"平野屋内プール","大阪市平野区平野南4-6-1","ひらのおくないぷーる","公園・スポーツ","体育施設","06-6709-1255","06-6709-1026","http://osakashi.opas.jp/chikubetu/nanbu/hirano/pool/index.html","","https://www.osaka-heartfulweb.jp/230602.html","","","135.5601125","34.6178455300002","体育施設"
"平野せせらぎの里","大阪市平野区加美北2-6-69","ひらのせせらぎのさと","公園・スポーツ","公園","06-6686-1240","06-6686-1341","https://www.city.osaka.lg.jp/kensetsu/page/0000012773.html","","","平野せせらぎの里は、ひと昔前まで大阪の周辺でもみられた小川や里山の風景をイメージして作られています。園内には、木々の間を流れるせせらぎに沿って水車小屋、パーゴラ（つる棚）なども設けられており、四季折々の草花の中を自由に散策していただけます。せせらぎの水には下水の高度処理水が使われています。","","135.5601442","34.6420331000002","公園"
"瓜破北西公園","大阪市平野区瓜破5-1","うりわりきたにしこうえん","公園・スポーツ","公園","","","","","","街区公園","","135.5528079","34.6030831000002","公園"
"瓜破駒ヶ池公園","大阪市平野区瓜破6-3","うりわりこまがいけこうえん","公園・スポーツ","公園","","","","","","街区公園","","135.5493887","34.5996330000002","公園"
"瓜破西北公園","大阪市平野区瓜破西1-8","うりわりにしきたこうえん","公園・スポーツ","公園","","","","","","街区公園","","135.5477441","34.6083638000002","公園"
"瓜破西ヶ池公園","大阪市平野区瓜破西2-9","うりわりにしがいけこうえん","公園・スポーツ","公園","","","","","","街区公園","","135.5448888","34.6026972000003","公園"
"瓜破東中公園","大阪市平野区瓜破東2-2","うりわりひがしなかこうえん","公園・スポーツ","公園","","","","","","街区公園","","135.5603221","34.6067502000002","公園"
"瓜破東北公園","大阪市平野区瓜破東2-5","うりわりひがしきたこうえん","公園・スポーツ","公園","","","","","","街区公園","","135.5615469","34.6077890000002","公園"
"瓜破第一公園","大阪市平野区瓜破東3-1","うりわりだいいちこうえん","公園・スポーツ","公園","","","","","","街区公園","","135.5568247","34.6055080000002","公園"
"瓜破下池公園","大阪市平野区瓜破東6-1","うりわりしもいけこうえん","公園・スポーツ","公園","","","","","","街区公園","","135.5572","34.5998249000002","公園"
"瓜破新池緑地公園","大阪市平野区瓜破東8-2","うりわりしんいけりょくちこうえん","公園・スポーツ","公園","","","","","","緑道","","135.5621809","34.5991720000002","公園"
"瓜破新池緑地南公園","大阪市平野区瓜破東8-12","うりわりしんいけりょくちみなみこうえん","公園・スポーツ","公園","","","","","","街区公園","","135.5627468","34.5986440000002","公園"
"瓜破新池緑地北公園","大阪市平野区瓜破東8-6","うりわりしんいけりょくちきたこうえん","公園・スポーツ","公園","","","","","","街区公園","","135.5621863","34.5998190000002","公園"
"瓜破南大和川公園","大阪市平野区瓜破南1-4","うりわりみなみやまとがわこうえん","公園・スポーツ","公園","","","","","","地区公園","","135.5495362","34.5975969000002","公園"
"瓜破南公園","大阪市平野区瓜破南2-2","うりわりみなみこうえん","公園・スポーツ","公園","","","","","","街区公園","","135.5530168","34.5956222000002","公園"
"加美正覚寺公園","大阪市平野区加美正覚寺3-1","かみしょうかくじこうえん","公園・スポーツ","公園","","","","","","街区公園","","135.5617861","34.6332969000002","公園"
"正覚寺中公園","大阪市平野区加美正覚寺4-4","しょうかくじなかこうえん","公園・スポーツ","公園","","","","","","街区公園","","135.5624497","34.6297970000002","公園"
"たちばな公園","大阪市平野区加美西1-4","たちばなこうえん","公園・スポーツ","公園","","","","","","街区公園","","135.5605922","34.6270110000002","公園"
"加美西公園","大阪市平野区加美西2-5","かみにしこうえん","公園・スポーツ","公園","","","","","","街区公園","","135.5639939","34.6251442000002","公園"
"加美神明公園","大阪市平野区加美東1-6","かみしんめいこうえん","公園・スポーツ","公園","","","","","","街区公園","","135.5664221","34.6320311000002","公園"
"加美東北公園","大阪市平野区加美東2-9","かみひがしきたこうえん","公園・スポーツ","公園","","","","","","街区公園","","135.5692673","34.6309778000002","公園"
"加美東公園","大阪市平野区加美東5-7","かみひがしこうえん","公園・スポーツ","公園","","","","","","街区公園","","135.571653","34.6282081000002","公園"
"鞍作公園","大阪市平野区加美南1-11","","公園・スポーツ","公園","","","","","","近隣公園","","135.5712","34.6229200000002","公園"
"加美北公園","大阪市平野区加美北4-2、5-4","かみきたこうえん","公園・スポーツ","公園","","","","","","近隣公園","","135.5603362","34.6400028000002","公園"
"加美長沢西公園","大阪市平野区加美北5-9","かみながさわにしこうえん","公園・スポーツ","公園","","","","","","街区公園","","135.562472","34.6378809000002","公園"
"加美柿花公園","大阪市平野区加美北6-13","かみかきばなこうえん","公園・スポーツ","公園","","","","","","街区公園","","135.5565498","34.6346329000002","公園"
"加美正北ふれあい公園","大阪市平野区加美北6-14","かみしょうきたふれあいこうえん","公園・スポーツ","公園","","","","","","街区公園","","135.5569359","34.6336920000002","公園"
"加美長沢公園","大阪市平野区加美北8-3","かみながさわこうえん","公園・スポーツ","公園","","","","","","街区公園","","135.5652862","34.6365221000002","公園"
"喜連北第一公園","大阪市平野区喜連1-8","きれきただいいちこうえん","公園・スポーツ","公園","","","","","","街区公園","","135.5518391","34.6136360000002","公園"
"喜連中公園","大阪市平野区喜連6-7","きれなかこうえん","公園・スポーツ","公園","","","","","","街区公園","","135.5581001","34.6133059000002","公園"
"喜連西中央公園","大阪市平野区喜連西2-1","","公園・スポーツ","公園","","","","","","近隣公園","","135.5414435","34.6135768800002","公園"
"喜連西公園","大阪市平野区喜連西3-17","きれにしこうえん","公園・スポーツ","公園","","","","","","街区公園","","135.545733","34.6124971000003","公園"
"喜連北第二公園","大阪市平野区喜連西5-1","きれきただいにこうえん","公園・スポーツ","公園","","","","","","街区公園","","135.5472812","34.6154252000002","公園"
"喜連八坂公園","大阪市平野区喜連東2-1","きれやさかこうえん","公園・スポーツ","公園","","","","","","街区公園","","135.5592966","34.6133218000002","公園"
"喜連東公園","大阪市平野区喜連東3-6","きれひがしこうえん","公園・スポーツ","公園","","","","","","街区公園","","135.5602082","34.6105168000002","公園"
"西脇公園","大阪市平野区西脇2-2","にしわきこうえん","公園・スポーツ","公園","","","","","","街区公園","","135.5452971","34.6280001000003","公園"
"長吉出戸公園","大阪市平野区長吉出戸1-11","","公園・スポーツ","公園","","","","","","近隣公園","","135.5652472","34.6138940600002","公園"
"出戸池公園","大阪市平野区長吉出戸5-3","でといけこうえん","公園・スポーツ","公園","","","","","","街区公園","","135.5702779","34.6092581000002","公園"
"長吉公園","大阪市平野区長吉出戸5-4","ながよしこうえん","公園・スポーツ","公園","","","","","","街区公園","","135.570767","34.6101032000002","公園"
"出戸南公園","大阪市平野区長吉出戸8-14","でとみなみこうえん","公園・スポーツ","公園","","","","","","街区公園","","135.5766642","34.6074781000002","公園"
"川辺中公園","大阪市平野区長吉川辺2-1","かわなべなかこうえん","公園・スポーツ","公園","","","","","","街区公園","","135.572611","34.5975001000002","公園"
"川辺北公園","大阪市平野区長吉川辺2-北1","かわなべきたこうえん","公園・スポーツ","公園","","","","","","街区公園","","135.5703668","34.5987442000002","公園"
"長吉東部南公園","大阪市平野区長吉川辺3-11","ながよしとうぶみなみこうえん","公園・スポーツ","公園","","","","","","街区公園","","135.5780562","34.5962141000002","公園"
"川辺東公園","大阪市平野区長吉川辺3-2","かわなべひがしこうえん","公園・スポーツ","公園","","","","","","街区公園","","135.5762189","34.5989438000002","公園"
"川辺南公園","大阪市平野区長吉川辺4-1","かわなべみなみこうえん","公園・スポーツ","公園","","","","","","街区公園","","135.5685167","34.5937609000002","公園"
"長吉瓜破3号公園","大阪市平野区長吉長原1-3","ながよしうりわり３ごうこうえん","公園・スポーツ","公園","","","","","","街区公園","","135.5694748","34.6066529000002","公園"
"なみはや公園","大阪市平野区長吉長原2-14","なみはやこうえん","公園・スポーツ","公園","","","","","","街区公園","","135.5718753","34.6040140000002","公園"
"長原公園","大阪市平野区長吉長原4-9","ながはらこうえん","公園・スポーツ","公園","","","","","","街区公園","","135.571081","34.6010860000002","公園"
"長原西公園","大阪市平野区長吉長原西2-4","ながはらにしこうえん","公園・スポーツ","公園","","","","","","街区公園","","135.5661108","34.6052418000002","公園"
"長吉西中学前公園","大阪市平野区長吉長原西3-9","ながよしにしちゅうがくまえこうえん","公園・スポーツ","公園","","","","","","街区公園","","135.5671942","34.6007140000002","公園"
"長吉東部中央公園","大阪市平野区長吉長原東2-6","","公園・スポーツ","公園","","","","","","近隣公園","","135.5775264","34.6028636500002","公園"
"六反赤坂公園","大阪市平野区長吉六反1-14","ろくたんあかさかこうえん","公園・スポーツ","公園","","","","","","街区公園","","135.5817583","34.6082141000002","公園"
"六反西公園","大阪市平野区長吉六反3-4","ろくたんにしこうえん","公園・スポーツ","公園","","","","","","街区公園","","135.5790971","34.6048252000002","公園"
"六反東公園","大阪市平野区長吉六反4-7","ろくたんひがしこうえん","公園・スポーツ","公園","","","","","","街区公園","","135.5850138","34.6069080000002","公園"
"背戸口公園","大阪市平野区背戸口5-2","せとぐちこうえん","公園・スポーツ","公園","","","","","","街区公園","","135.547292","34.6227779000003","公園"
"元六公園","大阪市平野区平野宮町1-3","もとろくこうえん","公園・スポーツ","公園","","","","","","街区公園","","135.551703","34.6283689000002","公園"
"杭全公園","大阪市平野区平野宮町1-7,2-1","くまたこうえん","公園・スポーツ","公園","","","","","","地区公園","","135.5553998","34.6272808000002","公園"
"坂上公園","大阪市平野区平野市町1-8","さかのうえこうえん","公園・スポーツ","公園","","","","","","街区公園","","135.5574028","34.6281250000002","公園"
"京町公園","大阪市平野区平野市町3-10","きょうまちこうえん","公園・スポーツ","公園","","","","","","街区公園","","135.558375","34.6257921000002","公園"
"平野西公園","大阪市平野区平野西3-5","","公園・スポーツ","公園","","","","","","街区公園","","135.54591","34.6192900000002","公園"
"平野公園","大阪市平野区平野東2-11","","公園・スポーツ","公園","","","","","","近隣公園","","135.55919","34.6225000000002","公園"
"平野野堂公園","大阪市平野区平野南1-2","ひらののどうこうえん","公園・スポーツ","公園","","","","","","街区公園","","135.5579687","34.6204031000002","公園"
"平野南公園","大阪市平野区平野南3-11","ひらのみなみこうえん","公園・スポーツ","公園","","","","","","街区公園","","135.5605862","34.6183221000002","公園"
"平野北公園","大阪市平野区平野北1-1","ひらのきたこうえん","公園・スポーツ","公園","","","","","","街区公園","","135.5514254","34.6334750000002","公園"
"十三野球場","大阪市淀川区十三元今里1-1","じゅうそうやきゅうじょう","公園・スポーツ","体育施設","06-6309-0008","06-6885-1591","","","","http://osakashi.opas.jp/chikubetu/hokubu/yodogawa/yakyuujyou/index.html","","135.476419000001","34.7170752000004","体育施設"
"淀川スポーツセンター","大阪市淀川区西宮原2-1-17･18","よどがわすぽーつせんたー","公園・スポーツ","体育施設","06-6350-4555","06-6350-4556","http://osakashi.opas.jp/chikubetu/hokubu/yodogawa/spocen/index.html","","https://www.osaka-heartfulweb.jp/120602.html","","","135.494020300001","34.7346165000004","体育施設"
"淀川河川公園西中島地区野球場","大阪市淀川区淀川河川公園西中島地区","よどがわかせんこうえんにしなかじまちくやきゅうじょう","公園・スポーツ","体育施設","","","","","06-6993-0684","https://www.city.osaka.lg.jp/yodogawa/page/0000166797.html","","135.5008332","34.7226170000004","体育施設"
"エディオンアリーナ大阪（大阪府立体育会館）","大阪市浪速区難波中3-4-36","えでぃおんありーなおおさか（おおさかふりつたいいくかいかん）","公園・スポーツ","体育施設","06-6631-0121","06-6643-0339","https://www.furitutaiikukaikan.ne.jp/","","","","","135.4990808","34.6625439000004","体育施設"
"新森中央公園","大阪市旭区新森4-22","","公園・スポーツ","公園","","","","","","街区公園","","135.5567752","34.7180952400002","公園"
"大宮中公園","大阪市旭区大宮3丁目1","おおみやなかこうえん","公園・スポーツ","公園","","","","","","街区公園","","135.5448079","34.7259110000003","公園"
"新森北公園","大阪市旭区新森3丁目12","しんもりきたこうえん","公園・スポーツ","公園","","","","","","街区公園","","135.5542308","34.7201110000002","公園"
"新森南公園","大阪市旭区新森1丁目4","しんもりみなみこうえん","公園・スポーツ","公園","","","","","","街区公園","","135.5500031","34.7161189000002","公園"
"千林公園","大阪市旭区千林2丁目9","せんばやしこうえん","公園・スポーツ","公園","","","","","","街区公園","","135.5513688","34.7247640000002","公園"
"清水南公園","大阪市旭区清水2丁目13","しみずみなみこうえん","公園・スポーツ","公園","","","","","","街区公園","","135.5588641","34.7220691000002","公園"
"太子橋西公園","大阪市旭区太子橋1丁目17","たいしばしにしこうえん","公園・スポーツ","公園","","","","","","街区公園","","135.5520001","34.7327280000002","公園"
"清水中公園","大阪市旭区清水3丁目31","しみずなかこうえん","公園・スポーツ","公園","","","","","","街区公園","","135.5601193","34.7237891000002","公園"
"清水北公園","大阪市旭区清水3丁目9","しみずきたこうえん","公園・スポーツ","公園","","","","","","街区公園","","135.5574668","34.7247138000002","公園"
"太子橋中公園","大阪市旭区太子橋2-7","","公園・スポーツ","公園","","","","","","近隣公園","","135.5555836","34.7358654700002","公園"
"新森東公園","大阪市旭区新森6丁目8","しんもりひがしこうえん","公園・スポーツ","公園","","","","","","街区公園","","135.5630217","34.7182721000002","公園"
"太子橋南公園","大阪市旭区太子橋1丁目8","たいしばしみなみこうえん","公園・スポーツ","公園","","","","","","街区公園","","135.5508689","34.7303109000002","公園"
"高殿西公園","大阪市旭区高殿1丁目3","たかどのにしこうえん","公園・スポーツ","公園","","","","","","街区公園","","135.53465","34.7189422000003","公園"
"清水小公園","大阪市旭区清水2丁目5","しみずしょうこうえん","公園・スポーツ","公園","","","","","","街区公園","","135.558631","34.7210000000002","公園"
"両国町公園","大阪市旭区清水4丁目12","りょうごくちょうこうえん","公園・スポーツ","公園","","","","","","街区公園","","135.5646892","34.7219329000002","公園"
"大宮南公園","大阪市旭区大宮1丁目1","おおみやみなみこうえん","公園・スポーツ","公園","","","","","","街区公園","","135.5447419","34.7208110000003","公園"
"太子橋東公園","大阪市旭区太子橋3丁目3","たいしばしひがしこうえん","公園・スポーツ","公園","","","","","","街区公園","","135.5592219","34.7385721000002","公園"
"森小路公園","大阪市旭区森小路2丁目5","もりしょうじこうえん","公園・スポーツ","公園","","","","","","街区公園","","135.5496137","34.7236311000002","公園"
"今市公園","大阪市旭区今市2丁目7","いまいちこうえん","公園・スポーツ","公園","","","","","","街区公園","","135.5539169","34.7266191000002","公園"
"大宮北公園","大阪市旭区大宮5丁目9(高架下)","おおみやきたこうえん","公園・スポーツ","公園","","","","","","街区公園","","135.5460469","34.7306110000003","公園"
"赤川公園","大阪市旭区赤川4丁目21","あかがわこうえん","公園・スポーツ","公園","","","","","","街区公園","","135.5304607","34.7292219000003","公園"
"高殿南公園","大阪市旭区高殿2丁目4","たかどのみなみこうえん","公園・スポーツ","公園","","","","","","街区公園","","135.5370418","34.7164918000003","公園"
"生江南公園","大阪市旭区生江1丁目4","いくえみなみこうえん","公園・スポーツ","公園","","","","","","街区公園","","135.5347807","34.7234081000003","公園"
"高殿南三公園","大阪市旭区高殿3丁目5","たかどのみなみさんこうえん","公園・スポーツ","公園","","","","","","街区公園","","135.5395831","34.7129500000002","公園"
"高殿南四公園","大阪市旭区高殿4丁目7","たかどのみなみよんこうえん","公園・スポーツ","公園","","","","","","街区公園","","135.5415888","34.7151140000002","公園"
"新森南小公園","大阪市旭区新森1丁目7","しんもりみなみしょうこうえん","公園・スポーツ","公園","","","","","","街区公園","","135.5515419","34.7173000000003","公園"
"森小路南公園","大阪市旭区森小路1丁目12","もりしょうじみなみこうえん","公園・スポーツ","公園","","","","","","街区公園","","135.5488719","34.7209719000002","公園"
"森小路東公園","大阪市旭区森小路1丁目7","もりしょうじひがしこうえん","公園・スポーツ","公園","","","","","","街区公園","","135.5500031","34.7201612000002","公園"
"赤川南公園","大阪市旭区赤川1丁目4","あかがわみなみこうえん","公園・スポーツ","公園","","","","","","街区公園","","135.5322468","34.7233579000003","公園"
"生江東公園","大阪市旭区生江2丁目11","いくえひがしこうえん","公園・スポーツ","公園","","","","","","街区公園","","135.5373813","34.7247138000003","公園"
"中宮1公園","大阪市旭区中宮1丁目11","なかみや1こうえん","公園・スポーツ","公園","","","","","","街区公園","","135.5421918","34.7216889000003","公園"
"生江西公園","大阪市旭区生江1丁目2","いくえにしこうえん","公園・スポーツ","公園","","","","","","街区公園","","135.5355468","34.7221670000003","公園"
"大宮ふれあい公園","大阪市旭区大宮4丁目2","おおみやふれあいこうえん","公園・スポーツ","公園","","","","","","街区公園","","135.5453247","34.7270000000003","公園"
"西浪橋公園","大阪市旭区高殿1丁目9","にしなみばしこうえん","公園・スポーツ","公園","","","","","","街区公園","","135.5329253","34.7209169000003","公園"
"高殿７公園","大阪市旭区高殿7丁目15","たかどの７こうえん","公園・スポーツ","公園","","","","","","街区公園","","135.5491111","34.7176998000002","公園"
"十八条東公園","大阪市淀川区十八条1-8","じゅうはちじょうひがしこうえん","公園・スポーツ","公園","06-6309-0008","","","","","地区公園","","135.4954588","34.7476745100004","公園"
"十八条中央公園","大阪市淀川区十八条2-16","じゅうはちじょうちゅうおうこうえん","公園・スポーツ","公園","06-6309-0008","","","","","近隣公園","","135.489290000001","34.7480900000004","公園"
"十八条西公園","大阪市淀川区十八条3-1","じゅうはちじょうにしこうえん","公園・スポーツ","公園","06-6309-0008","","","","","街区公園","","135.490194200001","34.7450721000004","公園"
"東三国東公園","大阪市淀川区東三国2-18","ひがしみくにひがしこうえん","公園・スポーツ","公園","06-6309-0008","","","","","街区公園","","135.5000469","34.7424192000004","公園"
"東三国西公園","大阪市淀川区東三国5-13","ひがしみくににしこうえん","公園・スポーツ","公園","06-6309-0008","","","","","街区公園","","135.493194300001","34.7422671000004","公園"
"北中島公園","大阪市淀川区宮原5-7","きたなかじまこうえん","公園・スポーツ","公園","06-6309-0008","","","","","街区公園","","135.494759900001","34.7379470800004","公園"
"三国本町公園","大阪市淀川区三国本町1-12","みくにほんまちこうえん","公園・スポーツ","公園","06-6309-0008","","","","","近隣公園","","135.486873200001","34.7315216600004","公園"
"三国中公園","大阪市淀川区三国本町2-3","みくになかこうえん","公園・スポーツ","公園","06-6309-0008","","","","","街区公園","","135.488236300001","34.7353280000004","公園"
"三国西公園","大阪市淀川区三国本町3-30","みくににしこうえん","公園・スポーツ","公園","06-6309-0008","","","","","街区公園","","135.484191900001","34.7372939000004","公園"
"三国公園","大阪市淀川区西三国3-18","みくにこうえん","公園・スポーツ","公園","06-6309-0008","","","","","街区公園","","135.486572200001","34.7396669000004","公園"
"西中島東公園","大阪市淀川区西中島3-8","にしなかじまひがしこうえん","公園・スポーツ","公園","06-6309-0008","","","","","街区公園","","135.5014779","34.7277561000003","公園"
"西町公園","大阪市淀川区西中島7-15","にしまちこうえん","公園・スポーツ","公園","06-6309-0008","","","","","街区公園","","135.4941578","34.7305309000004","公園"
"木川南公園","大阪市淀川区木川東1-4","きかわみなみこうえん","公園・スポーツ","公園","06-6309-0008","","","","","街区公園","","135.493116900001","34.7237359000004","公園"
"木川北公園","大阪市淀川区木川東4-16","きかわきたこうえん","公園・スポーツ","公園","06-6309-0008","","","","","街区公園","","135.4905533","34.7283611000004","公園"
"木川西公園","大阪市淀川区木川西2-17","きかわにしこうえん","公園・スポーツ","公園","06-6309-0008","","","","","街区公園","","135.488788800001","34.7245891000004","公園"
"木川公園","大阪市淀川区木川西3-7","きかわこうえん","公園・スポーツ","公園","06-6309-0008","","","","","街区公園","","135.488982800001","34.7269362000004","公園"
"田川北公園","大阪市淀川区田川北2-5","たがわきたこうえん","公園・スポーツ","公園","06-6309-0008","","","","","街区公園","","135.471553200001","34.7229721000004","公園"
"野中南公園","大阪市淀川区野中南2-1","のなかみなみこうえん","公園・スポーツ","公園","06-6309-0008","","","","","近隣公園","","135.482956600001","34.7260893200004","公園"
"十三東公園","大阪市淀川区十三東2-6","じゅうそうひがしこうえん","公園・スポーツ","公園","06-6309-0008","","","","","街区公園","","135.484181100001","34.7204311000004","公園"
"淀川公園","大阪市淀川区新北野1～3","よどがわこうえん","公園・スポーツ","公園","06-6309-0008","","","","","街区公園","","135.478389000001","34.7137579000004","公園"
"新北野公園","大阪市淀川区新北野3-14","しんきたのこうえん","公園・スポーツ","公園","06-6309-0008","","","","","街区公園","","135.473883000001","34.7130889000005","公園"
"塚本南公園","大阪市淀川区塚本1-18","つかもとみなみこうえん","公園・スポーツ","公園","06-6309-0008","","","","","街区公園","","135.471281100001","34.7116722000004","公園"
"塚本公園","大阪市淀川区塚本4-15","つかもとこうえん","公園・スポーツ","公園","06-6309-0008","","","","","街区公園","","135.468460000001","34.7157400000005","公園"
"田川中公園","大阪市淀川区田川2-2","たがわなかこうえん","公園・スポーツ","公園","06-6309-0008","","","","","街区公園","","135.473881000001","34.7210421000004","公園"
"田川西公園","大阪市淀川区田川3-6","たがわにしこうえん","公園・スポーツ","公園","06-6309-0008","","","","","街区公園","","135.466436200001","34.7194059000005","公園"
"田川公園","大阪市淀川区田川3-12","たがわこうえん","公園・スポーツ","公園","06-6309-0008","","","","","近隣公園","","135.463117900001","34.7201357600005","公園"
"十三公園","大阪市淀川区十三元今里1-1","じゅうそうこうえん","公園・スポーツ","公園","06-6309-0008","","","","","地区公園","","135.477832000001","34.7173758500004","公園"
"田川東公園","大阪市淀川区十三元今里3-4","たがわひがしこうえん","公園・スポーツ","公園","06-6309-0008","","","","","街区公園","","135.475510800001","34.7231811000004","公園"
"新加島公園","大阪市淀川区加島1-41","しんかしまこうえん","公園・スポーツ","公園","06-6309-0008","","","","","街区公園","","135.459130900001","34.7267889000005","公園"
"加島中住宅前公園","大阪市淀川区加島1-51","かしまなかじゅうたくまえこうえん","公園・スポーツ","公園","06-6309-0008","","","","","街区公園","","135.460621900001","34.7261310000005","公園"
"加島南公園","大阪市淀川区加島1-30","かしまみなみこうえん","公園・スポーツ","公園","06-6309-0008","","","","","街区公園","","135.459326200001","34.7249469800005","公園"
"加島中央公園","大阪市淀川区加島1-58","かしまちゅうおうこうえん","公園・スポーツ","公園","06-6309-0008","","","","","近隣公園","","135.459876000001","34.7285527700005","公園"
"加島今之町公園","大阪市淀川区加島2-7","かしまいまのちょうこうえん","公園・スポーツ","公園","06-6309-0008","","","","","街区公園","","135.458469300001","34.7307391000005","公園"
"加島中公園","大阪市淀川区加島3-9","かしまなかこうえん","公園・スポーツ","公園","06-6309-0008","","","","","街区公園","","135.454769100001","34.7300780000005","公園"
"加島西公園","大阪市淀川区加島4-16","かしまにしこうえん","公園・スポーツ","公園","06-6309-0008","","","","","街区公園","","135.452268900001","34.7320141000005","公園"
"加島北公園","大阪市淀川区加島4-7","かしまきたこうえん","公園・スポーツ","公園","06-6309-0008","","","","","街区公園","","135.455572200001","34.7317608000005","公園"
"三津屋東公園","大阪市淀川区三津屋北1-2","みつやひがしこうえん","公園・スポーツ","公園","06-6309-0008","","","","","街区公園","","135.473936300001","34.7300691000004","公園"
"新高公園","大阪市淀川区新高4-6","にいたかこうえん","公園・スポーツ","公園","06-6309-0008","","","","","街区公園","","135.479824700001","34.7340778000004","公園"
"新高中央公園","大阪市淀川区新高4-15","にいたかちゅうおうこうえん","公園・スポーツ","公園","06-6309-0008","","","","","近隣公園","","135.478595500001","34.7356969300004","公園"
"野中北公園","大阪市淀川区野中北2-4","のなかきたこうえん","公園・スポーツ","公園","06-6309-0008","","","","","街区公園","","135.478746700001","34.7283330000004","公園"
"三津屋公園","大阪市淀川区三津屋南2-20","みつやこうえん","公園・スポーツ","公園","06-6309-0008","","","","","街区公園","","135.469792100001","34.7259690000005","公園"
"三津屋中央公園","大阪市淀川区三津屋南3-21","みつやちゅうおうこうえん","公園・スポーツ","公園","06-6309-0008","","","","","近隣公園","","135.463725100001","34.7242251000005","公園"
"かすがえ公園","大阪市都島区都島本通1-19","かすがえこうえん","公園・スポーツ","公園","","","","","","街区公園","","135.5220282","34.7103891000003","公園"
"御幸南児童遊園","大阪市都島区御幸町1-7","みゆきみなみじどうゆうえん","公園・スポーツ","児童遊園・広場","","","","","","","","135.5339028","34.7139971000003","児童遊園・広場"
"御幸北児童遊園","大阪市都島区御幸町2-9","みゆききたじどうゆうえん","公園・スポーツ","児童遊園・広場","","","","","","","","135.5338469","34.7169138000003","児童遊園・広場"
"高倉中央公園","大阪市都島区御幸町2-4","たかくらちゅうおうこうえん","公園・スポーツ","公園","","","","","","街区公園","","135.5329077","34.7154691000003","公園"
"桜之宮東公園","大阪市都島区東野田町5-10","さくらのみやひがしこうえん","公園・スポーツ","公園","","","","","","街区公園","","135.5352328","34.7005058000003","公園"
"城北緑道公園","大阪市都島区毛馬町5-4・大東町2-6・3-1","しろきたりょくどうこうえん","公園・スポーツ","公園","","","","","","緑道","","135.5257082","34.7266671000003","公園"
"善源寺公園","大阪市都島区善源寺町1-4","ぜんげんじこうえん","公園・スポーツ","公園","","","","","","街区公園","","135.5240063","34.7105531000003","公園"
"善源寺楠公園","大阪市都島区善源寺町1-11","ぜんげんじくすこうえん","公園・スポーツ","公園","","","","","","街区公園","","135.5234188","34.7119890000003","公園"
"中野公園","大阪市都島区中野町5-7","なかのこうえん","公園・スポーツ","公園","","","","","","街区公園","","135.5215667","34.7058811000003","公園"
"中野南公園","大阪市都島区中野町3-1","なかのみなみこうえん","公園・スポーツ","公園","","","","","","街区公園","","135.5243169","34.7022281000003","公園"
"都島公園","大阪市都島区中通2-22","","公園・スポーツ","公園","","","","","","近隣公園","","135.5312892","34.7052895500003","公園"
"都島中央公園","大阪市都島区中野町5-15","","公園・スポーツ","公園","","","","","","近隣公園","","135.522677","34.7073658800003","公園"
"都島南通公園","大阪市都島区都島南通1-24","みやこじまみなみどおりこうえん","公園・スポーツ","公園","","","","","","街区公園","","135.5257277","34.7058028000003","公園"
"都島北一公園","大阪市都島区都島北通1-13","みやこじまきたいちこうえん","公園・スポーツ","公園","","","","","","街区公園","","135.5277611","34.7108669000003","公園"
"都島北通公園","大阪市都島区都島北通2-4","みやこじまきたどおりこうえん","公園・スポーツ","公園","","","","","","街区公園","","135.5335943","34.7094609000003","公園"
"東都島公園","大阪市都島区都島本通4-6","ひがしみやこじまこうえん","公園・スポーツ","公園","","","","","","街区公園","","135.5322562","34.7063689000003","公園"
"東毛馬公園","大阪市都島区毛馬町2-5","ひがしけまこうえん","公園・スポーツ","公園","","","","","","街区公園","","135.5279672","34.7220001000003","公園"
"東野田公園","大阪市都島区東野田町1-4","ひがしのだこうえん","公園・スポーツ","公園","","","","","","街区公園","","135.528069","34.6954559000003","公園"
"内代公園","大阪市都島区内代町3-3","","公園・スポーツ","公園","","","","","","街区公園","","135.53633","34.7131500000003","公園"
"敷島公園","大阪市都島区都島本通3-25","しきしまこうえん","公園・スポーツ","公園","","","","","","街区公園","","135.528358","34.7083720000003","公園"
"毛馬西公園","大阪市都島区毛馬町3-1","けまにしこうえん","公園・スポーツ","公園","","","","","","街区公園","","135.519619","34.7205219000003","公園"
"毛馬中央公園","大阪市都島区毛馬町4-1","","公園・スポーツ","公園","","","","","","街区公園","","135.52162","34.7225600000003","公園"
"毛馬東公園","大阪市都島区毛馬町5-5","けまひがしこうえん","公園・スポーツ","公園","","","","","","街区公園","","135.5250419","34.7252440000003","公園"
"毛馬南公園","大阪市都島区毛馬町2-11","けまみなみこうえん","公園・スポーツ","公園","","","","","","緑道","","135.5238332","34.7214109000003","公園"
"毛馬北公園","大阪市都島区毛馬町4-13","けまきたこうえん","公園・スポーツ","公園","","","","","","街区公園","","135.5206471","34.7246751000003","公園"
"友渕公園","大阪市都島区友渕町3-9","ともぶちこうえん","公園・スポーツ","公園","","","","","","街区公園","","135.5295357","34.7212861000003","公園"
"友渕中央公園","大阪市都島区友淵町1-3","","公園・スポーツ","公園","","","","","","近隣公園","","135.5252412","34.7193702800003","公園"
"高倉三公園","大阪市都島区高倉町3-13","たかくらさんこうえん","公園・スポーツ","公園","","","","","","街区公園","","135.5326692","34.7205190000003","公園"
"都島スポーツセンター","大阪市都島区中野町5-15-21","みやこじますぽーつせんたー","公園・スポーツ","体育施設","06-6927-9124","06-6927-9134","http://osakashi.opas.jp/genre/indoor/tobu_miyakojimaku_higashinariku_ikunoku_jotoku_tsurumiku/miyakojimasportscenter/index.html","","https://www.osaka-heartfulweb.jp/020601.html","","","135.5220479","34.7080481400003","体育施設"
"桜之宮野球場","大阪市都島区毛馬桜之宮公園内","さくらのみややきゅうじょう","公園・スポーツ","体育施設","06-6912-0650","06-6913-6804","","","","https://www.city.osaka.lg.jp/miyakojima/page/0000015213.html","","135.5222189","34.7012252000003","体育施設"
"東住吉スポーツセンター","大阪市東住吉区公園南矢田4-30-3","ひがしすみよしすぽーつせんたー","公園・スポーツ","体育施設","06-6694-4580","06-6694-4581","http://osakashi.opas.jp/chikubetu/nanbu/hisumi/higashisumiyoshi_spocen/index.html","","https://www.osaka-heartfulweb.jp/220601.html","","","135.52626","34.5987200000003","体育施設"
"榎並川ちびっこ広場","大阪市都島区都島北通1-22","えなみがわちびっこひろば","公園・スポーツ","児童遊園・広場","","","","","","","","135.52885","34.7121700000003","児童遊園・広場"
"中野第6町会ちびっこ広場","大阪市都島区中野町5-6","なかのだいろくちょうかいちびっこひろば","公園・スポーツ","児童遊園・広場","","","","","","","","135.52148","34.7054900000003","児童遊園・広場"
"友善ちびっこ広場","大阪市都島区善源寺町2-6","ともぜんちびっこひろば","公園・スポーツ","児童遊園・広場","","","","","","","","135.52756","34.7128700000003","児童遊園・広場"
"榎並川第1児童遊園","大阪市都島区都島北通1-23","えなみがわだいいちじどうゆうえん","公園・スポーツ","児童遊園・広場","","","","","","","","135.52934","34.7119200000003","児童遊園・広場"
"榎並川第2児童遊園","大阪市都島区都島北通1-20","えなみがわだいにじどうゆうえん","公園・スポーツ","児童遊園・広場","","","","","","","","135.53037","34.7113800000003","児童遊園・広場"
"榎並川第3児童遊園","大阪市都島区都島北通2-13･15","えなみがわだいさんじどうゆうえん","公園・スポーツ","児童遊園・広場","","","","","","","","135.53115","34.7109828000003","児童遊園・広場"
"御幸東児童遊園","大阪市都島区御幸町2-11","みゆきひがしじどうゆうえん","公園・スポーツ","児童遊園・広場","","","","","","","","135.53514","34.7170200000003","児童遊園・広場"
"高四児童遊園","大阪市都島区御幸町2-12","たかよんじどうゆうえん","公園・スポーツ","児童遊園・広場","","","","","","","","135.5333389","34.7173919000003","児童遊園・広場"
"大東さくら児童遊園","大阪市都島区大東町1-10","だいとうさくらじどうゆうえん","公園・スポーツ","児童遊園・広場","","","","","","","","135.5308973","34.7228281000003","児童遊園・広場"
"大東第1児童遊園","大阪市都島区大東町2-1","だいとうだいいちじどうゆうえん","公園・スポーツ","児童遊園・広場","","","","","","","","135.52549","34.7230700000003","児童遊園・広場"
"大東第2児童遊園","大阪市都島区大東町3-7","だいとうだいにじどうゆうえん","公園・スポーツ","児童遊園・広場","","","","","","","","135.52725","34.7277000000003","児童遊園・広場"
"大東第3児童遊園","大阪市都島区大東町2-22","だいとうだいさんじどうゆうえん","公園・スポーツ","児童遊園・広場","","","","","","","","135.52893","34.7256600000003","児童遊園・広場"
"大東第4児童遊園","大阪市都島区大東町1-8","だいとうだいよんじどうゆうえん","公園・スポーツ","児童遊園・広場","","","","","","","","135.5295721","34.7232531000003","児童遊園・広場"
"都島北通二丁目西児童遊園","大阪市都島区都島北通2-11","みやこじまきたどおりにちょうめにしじどうゆうえん","公園・スポーツ","児童遊園・広場","","","","","","","","135.5329502","34.7101691000003","児童遊園・広場"
"都島北通二丁目東児童遊園","大阪市都島区都島北通2-9","みやこじまきたどおりにちょうめひがしじどうゆうえん","公園・スポーツ","児童遊園・広場","","","","","","","","135.5340362","34.7096861000003","児童遊園・広場"
"内代小児童遊園","大阪市都島区内代町1-4","うちんだいしょうじどうゆうえん","公園・スポーツ","児童遊園・広場","","","","","","","","135.534778","34.7091829000003","児童遊園・広場"
"内代普通児童遊園","大阪市都島区内代町1-1","うちんだいふつうじどうゆうえん","公園・スポーツ","児童遊園・広場","","","","","","","","135.5351169","34.7089281000003","児童遊園・広場"
"片町一丁目児童遊園","大阪市都島区片町1-1","かたまちいっちょうめじどうゆうえん","公園・スポーツ","児童遊園・広場","","","","","","","","135.5278938","34.6932719000003","児童遊園・広場"
"片町二丁目児童遊園","大阪市都島区片町2-5","かたまちにちょうめじどうゆうえん","公園・スポーツ","児童遊園・広場","","","","","","","","135.53201","34.6965000000003","児童遊園・広場"
"本三児童遊園","大阪市都島区都島本通3-12","ほんさんじどうゆうえん","公園・スポーツ","児童遊園・広場","","","","","","","","135.5289751","34.7071439000003","児童遊園・広場"
"毛馬第1児童遊園","大阪市都島区毛馬町1-2","けまだいいちじどうゆうえん","公園・スポーツ","児童遊園・広場","","","","","","","","135.5222641","34.7180532000003","児童遊園・広場"
"毛馬第2児童遊園","大阪市都島区毛馬町1-19","けまだいにじどうゆうえん","公園・スポーツ","児童遊園・広場","","","","","","","","135.5215917","34.7199940000003","児童遊園・広場"
"毛馬第3児童遊園","大阪市都島区毛馬町3-7","けまだいさんじどうゆうえん","公園・スポーツ","児童遊園・広場","","","","","","","","135.51826","34.7214900000003","児童遊園・広場"
"毛馬第4児童遊園","大阪市都島区毛馬町4-11","けまだいよんじどうゆうえん","公園・スポーツ","児童遊園・広場","","","","","","","","135.5198561","34.7237359000003","児童遊園・広場"
"長居球技場","大阪市東住吉区長居公園1-1","ながいきゅうぎじょう","公園・スポーツ","体育施設","06-6609-5658","06-6609-5657","http://osakashi.opas.jp/genre/soccer/nambu_abenoku_suminoeku_sumiyoshiku_higashisumiyoshiku_hiranoku_nishinariku/kyuugijyou/index.html","","https://www.osaka-heartfulweb.jp/220608.html","","","135.5162419","34.6154716200003","体育施設"
"長居第2陸上競技場","大阪市東住吉区長居公園1-1","ながいだい２りくじょうきょうぎじょう","公園・スポーツ","体育施設","06-6691-2500","06-6691-2502","http://osakashi.opas.jp/chikubetu/nanbu/hisumi/nagairikujo2/index.html","","https://www.osaka-heartfulweb.jp/220606.html","","","135.51861051","34.6112431900003","体育施設"
"長居陸上競技場","大阪市東住吉区長居公園1-1","ながいりくじょうきょうぎじょう","公園・スポーツ","体育施設","06-6691-2500","06-6691-2502","http://osakashi.opas.jp/chikubetu/nanbu/hisumi/nagairikujokyogijo/index.html","","https://www.osaka-heartfulweb.jp/220604.html","","","135.51852491","34.6140316300003","体育施設"
"長居トレーニングセンター","大阪市東住吉区長居公園内（長居陸上競技場内）","ながいとれーにんぐせんたー","公園・スポーツ","体育施設","06-6699-8885","06-6699-8883","http://osakashi.opas.jp/chikubetu/nanbu/hisumi/nagaitre/index.html","","https://www.osaka-heartfulweb.jp/220610.html","","","135.5178942","34.6150529000003","体育施設"
"長居庭球場","大阪市東住吉区長居公園1-1","ながいていきゅうじょう","公園・スポーツ","体育施設","06-6698-1235","06-6698-1291","http://osakashi.opas.jp/chikubetu/nanbu/hisumi/nagaiteikyu/index.html","","https://www.osaka-heartfulweb.jp/220605.html","","","135.515159","34.6139428500003","体育施設"
"長居プール","大阪市東住吉区長居公園1","ながいぷーる","公園・スポーツ","体育施設","06-6609-1580","06-6609-2335","http://osakashi.opas.jp/chikubetu/nanbu/hisumi/pool/index.html","","https://www.osaka-heartfulweb.jp/220607.html","","","135.5203736","34.6142442800003","体育施設"
"長居相撲場","大阪市東住吉区長居公園1-1","ながいすもうじょう","公園・スポーツ","体育施設","06-6691-2500","06-6691-2502","http://osakashi.opas.jp/chikubetu/nanbu/hisumi/sumou/index.html","","https://www.osaka-heartfulweb.jp/220609.html","","","135.5171363","34.6118445200003","体育施設"
"新和会児童遊園","大阪市東住吉区杭全7－13、7－14","しんわかいじどうゆうえん","公園・スポーツ","児童遊園・広場","","","","","","","","135.5401","34.6322000000002","児童遊園・広場"
"今五児童遊園","大阪市東住吉区西今川3－16","いまごじどうゆうえん","公園・スポーツ","児童遊園・広場","","","","","","","","135.5329","34.6246000000003","児童遊園・広場"
"矢田中高架下児童遊園","大阪市東住吉区矢田2－21先","やたなかこうかしたじどうゆうえん","公園・スポーツ","児童遊園・広場","","","","","","","","135.5331","34.6075000000003","児童遊園・広場"
"北田辺・今川高架下児童遊園","大阪市東住吉区北田辺6－24","きたたなべ・いまがわこうかしたじどうゆうえん","公園・スポーツ","児童遊園・広場","","","","","","","","135.5303112","34.6284809000003","児童遊園・広場"
"今川・駒三高架下児童遊園","大阪市東住吉区駒川3－20","いまがわ・こまさんこうかしたじどうゆうえん","公園・スポーツ","児童遊園・広場","","","","","","","","135.5322","34.6226000000003","児童遊園・広場"
"杭一児童遊園","大阪市東住吉区杭全1－7先","くまいちじどうゆうえん","公園・スポーツ","児童遊園・広場","","","","","","","","135.5353","34.6394000000003","児童遊園・広場"
"東田辺児童遊園","大阪市東住吉区東田辺3－18","ひがしたなべじどうゆうえん","公園・スポーツ","児童遊園・広場","","","","","","","","135.5299","34.6177000000003","児童遊園・広場"
"育和児童遊園","大阪市東住吉区杭全2－11－9","いくわじどうゆうえん","公園・スポーツ","児童遊園・広場","","","","","","","","135.5378","34.6370000000003","児童遊園・広場"
"今林公園","大阪市東住吉区今林4-4","いまばやしこうえん","公園・スポーツ","公園","","","","","","街区公園","","135.5452391","34.6372719000003","公園"
"杭全西公園","大阪市東住吉区杭全4-3","くまたにしこうえん","公園・スポーツ","公園","","","","","","街区公園","","135.5351782","34.6344311000003","公園"
"育和公園","大阪市東住吉区杭全8-5","","公園・スポーツ","公園","","","","","","街区公園","","135.5422943","34.6332701000003","公園"
"うるし堤公園","大阪市東住吉区今川1-1","","公園・スポーツ","公園","","","","","","街区公園","","135.5344428","34.6310706200003","公園"
"つくし公園","大阪市東住吉区今川4-1","つくしこうえん","公園・スポーツ","公園","","","","","","街区公園","","135.5338281","34.6295642000003","公園"
"わかば公園","大阪市東住吉区今川4-12","わかばこうえん","公園・スポーツ","公園","","","","","","街区公園","","135.5369778","34.6288531000003","公園"
"今川公園","大阪市東住吉区今川4-23","","公園・スポーツ","公園","","","","","","街区公園","","135.53453","34.6268700000003","公園"
"平野白鷺公園","大阪市東住吉区今川6-7","","公園・スポーツ","公園","","","","","","地区公園","","135.5428407","34.6270992400003","公園"
"中野町公園","大阪市東住吉区中野1-8、今川7-15","なかのちょうこうえん","公園・スポーツ","公園","","","","","","街区公園","","135.5356943","34.6225391000003","公園"
"南百済公園","大阪市東住吉区中野3-10","みなみくだらこうえん","公園・スポーツ","公園","","","","","","街区公園","","135.5374218","34.6186359000003","公園"
"湯里の森公園","大阪市東住吉区湯里5-7","ゆさとのもりこうえん","公園・スポーツ","公園","","","","","","街区公園","","135.5361942","34.6100998000003","公園"
"酒君塚公園","大阪市東住吉区鷹合2-5","さかきみづかこうえん","公園・スポーツ","公園","","","","","","街区公園","","135.5313723","34.6149110000003","公園"
"鷹合公園","大阪市東住吉区鷹合4-5","たかあいこうえん","公園・スポーツ","公園","","","","","","街区公園","","135.530706","34.6112140000003","公園"
"照ヶ丘矢田公園","大阪市東住吉区照ヶ丘矢田1-16","てるがおかやたこうえん","公園・スポーツ","公園","","","","","","街区公園","","135.53465","34.6082640000003","公園"
"矢田住道公園","大阪市東住吉区照ヶ丘矢田3-11","やたすんじこうえん","公園・スポーツ","公園","","","","","","街区公園","","135.534142","34.6037249000003","公園"
"矢田公園","大阪市東住吉区住道矢田1-7","","公園・スポーツ","公園","","","","","","街区公園","","135.53297","34.6015900000003","公園"
"矢田東公園","大阪市東住吉区住道矢田2-11","やたひがしこうえん","公園・スポーツ","公園","","","","","","街区公園","","135.539003","34.6032358000003","公園"
"西浦池グラウンド","大阪市東住吉区住道矢田3-9","にしうらいけぐらうんど","公園・スポーツ","公園","","","","","","","","135.5364","34.5995000000003","公園"
"矢田河原田公園","大阪市東住吉区住道矢田6-8","やたかわはらだこうえん","公園・スポーツ","公園","","","","","","街区公園","","135.5416582","34.6068060000003","公園"
"矢田部公園","大阪市東住吉区矢田1-22","やたべこうえん","公園・スポーツ","公園","","","","","","街区公園","","135.5298496","34.6067890000003","公園"
"矢田中公園","大阪市東住吉区矢田3-5","やたなかこうえん","公園・スポーツ","公園","","","","","","街区公園","","135.5283331","34.6043778000003","公園"
"矢田中中央公園","大阪市東住吉区矢田4-10","やたなかちゅうおうこうえん","公園・スポーツ","公園","","","","","","街区公園","","135.5314033","34.6031308000003","公園"
"大和川東公園","大阪市東住吉区矢田5-5、6-13","やまとがわひがしこうえん","公園・スポーツ","公園","","","","","","近隣公園","","135.5289327","34.5981108000003","公園"
"矢田6公園","大阪市東住吉区矢田6-9","やた６こうえん","公園・スポーツ","公園","","","","","","街区公園","","135.5314168","34.6014472000003","公園"
"枯木南公園","大阪市東住吉区矢田7-6","かれきみなみこうえん","公園・スポーツ","公園","","","","","","街区公園","","135.5285999","34.5954310000003","公園"
"公園南小公園","大阪市東住吉区公園南矢田2-2","こうえんみなみしょうこうえん","公園・スポーツ","公園","","","","","","街区公園","","135.5229748","34.6047830000003","公園"
"矢田西公園","大阪市東住吉区公園南矢田3-17","やたにしこうえん","公園・スポーツ","公園","","","","","","街区公園","","135.5255357","34.6003192000003","公園"
"枯木町公園","大阪市東住吉区公園南矢田4-22","かれきちょうこうえん","公園・スポーツ","公園","","","","","","街区公園","","135.5249637","34.5977219000003","公園"
"田辺中公園","大阪市東住吉区田辺6-9","たなべなかこうえん","公園・スポーツ","公園","","","","","","街区公園","","135.5285392","34.6256250000003","公園"
"東田辺さくら公園","大阪市東住吉区東田辺1-11","ひがしたなべさくらこうえん","公園・スポーツ","公園","","","","","","街区公園","","135.5287831","34.6223392000003","公園"
"東田辺公園","大阪市東住吉区東田辺1-16","ひがしたなべこうえん","公園・スポーツ","公園","","","","","","街区公園","","135.5271891","34.6216938000003","公園"
"東田辺中央公園","大阪市東住吉区東田辺3-4","ひがしたなべちゅうおうこうえん","公園・スポーツ","公園","","","","","","街区公園","","135.5287191","34.6185472000003","公園"
"山坂公園","大阪市東住吉区山坂2-7","","公園・スポーツ","公園","","","","","","街区公園","","135.5212711","34.6231671500003","公園"
"桑津北公園","大阪市東住吉区桑津1-12","くわづきたこうえん","公園・スポーツ","公園","","","","","","街区公園","","135.5293861","34.6418221000003","公園"
"桑津公園","大阪市東住吉区桑津3-6","くわづこうえん","公園・スポーツ","公園","","","","","","街区公園","","135.529944","34.6384249000003","公園"
"桑津東公園","大阪市東住吉区桑津4-10","くわづひがしこうえん","公園・スポーツ","公園","","","","","","街区公園","","135.5328889","34.6374031000003","公園"
"駒川北公園","大阪市東住吉区駒川1-20","こまがわきたこうえん","公園・スポーツ","公園","","","","","","街区公園","","135.531028","34.6342219000003","公園"
"駒川公園","大阪市東住吉区駒川2-3","こまがわこうえん","公園・スポーツ","公園","","","","","","街区公園","","135.5306689","34.6293779000003","公園"
"田辺公園","大阪市東住吉区駒川3-10","たなべこうえん","公園・スポーツ","公園","","","","","","街区公園","","135.5307221","34.6257669000003","公園"
"北田辺公園","大阪市東住吉区北田辺1-8","きたたなべこうえん","公園・スポーツ","公園","","","","","","街区公園","","135.5239363","34.6366669000003","公園"
"北田辺中公園","大阪市東住吉区北田辺3-6","きたたなべなかこうえん","公園・スポーツ","公園","","","","","","街区公園","","135.5252251","34.6340061000003","公園"
"北田辺4公園","大阪市東住吉区北田辺4-2","きたたなべ４こうえん","公園・スポーツ","公園","","","","","","街区公園","","135.526264","34.6346329000003","公園"
"長居公園","大阪市東住吉区長居公園1-1","","公園・スポーツ","公園","","","","","","運動公園","","135.5224437","34.6128683500003","公園"
"神路運動場","大阪市東成区(神路公園内)","かみじうんどうじょう","公園・スポーツ","体育施設","06-6761-1770","06-6761-1645","","","","http://osakashi.opas.jp/chikubetu/toubu/higashinari/kamijiundojo/index.html","","135.5483188","34.6778890000003","体育施設"
"玉津公園","大阪市東成区玉津1丁目11番","たまつこうえん","公園・スポーツ","公園","","","","","","街区公園","","135.5371671","34.6713420000003","公園"
"玉津南公園","大阪市東成区玉津3丁目8番","たまつみなみこうえん","公園・スポーツ","公園","","","","","","街区公園","","135.5382208","34.6663406000003","公園"
"西深江公園","大阪市東成区深江南1丁目7番","にしふかえこうえん","公園・スポーツ","公園","","","","","","街区公園","","135.5558923","34.6712589000002","公園"
"南深江公園","大阪市東成区深江南2丁目9番","みなみふかえこうえん","公園・スポーツ","公園","","","","","","街区公園","","135.5583783","34.6707222000002","公園"
"阪陽公園","大阪市東成区深江北1丁目10番","はんようこうえん","公園・スポーツ","公園","","","","","","街区公園","","135.5563032","34.6759058000002","公園"
"深江公園","大阪市東成区深江北2-16","","公園・スポーツ","公園","","","","","","街区公園","","135.5593196","34.6738497100002","公園"
"東深江公園","大阪市東成区深江北3-16","","公園・スポーツ","公園","","","","","","街区公園","","135.5622524","34.6754924600002","公園"
"大今里ふれあい公園","大阪市東成区大今里2丁目35番","おおいまざとふれあいこうえん","公園・スポーツ","公園","","","","","","街区公園","","135.5503878","34.6712560000002","公園"
"今里西之口公園","大阪市東成区大今里3丁目17番","いまざとにしのぐちこうえん","公園・スポーツ","公園","","","","","","街区公園","","135.5445142","34.6695999000003","公園"
"大今里公園","大阪市東成区大今里4-16","","公園・スポーツ","公園","","","","","","街区公園","","135.5488177","34.6687594900002","公園"
"南中本公園","大阪市東成区大今里西1-6-3","","公園・スポーツ","公園","","","","","","街区公園","","135.5424049","34.6738287100003","公園"
"平戸公園","大阪市東成区大今里西2丁目6番・9番","ひらどこうえん","公園・スポーツ","公園","","","","","","街区公園","","135.5402919","34.6701559000003","公園"
"今里南公園","大阪市東成区大今里南1丁目26番","いまざとみなみこうえん","公園・スポーツ","公園","","","","","","街区公園","","135.5451691","34.6653812000002","公園"
"大今里南公園","大阪市東成区大今里南4丁目15番","おおいまざとみなみこうえん","公園・スポーツ","公園","","","","","","街区公園","","135.5525195","34.6656147000002","公園"
"北中道公園","大阪市東成区中道2丁目13番","きたなかみちこうえん","公園・スポーツ","公園","","","","","","街区公園","","135.5397138","34.6788597000002","公園"
"中道中央公園","大阪市東成区中道4丁目5番","なかみちちゅうおうこうえん","公園・スポーツ","公園","","","","","","街区公園","","135.5369313","34.6767303000003","公園"
"千間川公園","大阪市東成区中本1丁目1番・2番","せんげんがわこうえん","公園・スポーツ","公園","","","","","","街区公園","","135.5403465","34.6833031000003","公園"
"北中本公園","大阪市東成区中本2丁目11番","きたなかもとこうえん","公園・スポーツ","公園","","","","","","街区公園","","135.5425361","34.6803331000003","公園"
"中本くすのき公園","大阪市東成区中本5丁目2番","なかもとくすのきこうえん","公園・スポーツ","公園","","","","","","街区公園","","135.5414332","34.6772954000003","公園"
"東小橋北公園","大阪市東成区東小橋1-9","","公園・スポーツ","公園","","","","","","街区公園","","135.53366","34.6733400000003","公園"
"東小橋公園","大阪市東成区東小橋2-1","","公園・スポーツ","公園","","","","","","近隣公園","","135.5328079","34.6700468300003","公園"
"東成スポーツセンター","大阪市東成区東中本2-11-30","ひがしなりすぽーつせんたー","公園・スポーツ","体育施設","06-6973-5166","06-6973-5176","http://osakashi.opas.jp/chikubetu/toubu/higashinari/higasinarisportscenter/index.html","","https://www.osaka-heartfulweb.jp/140601.html","","","135.5481187","34.6789291300002","体育施設"
"東成トレーニングルーム","大阪市東成区東中本2丁目11番30号","ひがしなりとれーにんぐるーむ","公園・スポーツ","体育施設","06-6972-6123","06-6972-6122","http://osakashi.opas.jp/genre/training/tobu_miyakojimaku_higashinariku_ikunoku_jotoku_tsurumiku/higashinaripooltraning/index.html","","06-6972-6123","","","135.548058","34.6787829000002","体育施設"
"神路公園","大阪市東成区東中本2-12","","公園・スポーツ","公園","","","","","","近隣公園","","135.54832","34.6780400000002","公園"
"東成屋内プール","大阪市東成区東中本2-12","ひがしなりおくないぷーる","公園・スポーツ","体育施設","06-6972-6123","06-6972-6122","http://osakashi.opas.jp/chikubetu/toubu/higashinari/higashinariokunaipool/index.html","","https://www.osaka-heartfulweb.jp/140602.html","","","135.5479726","34.6784809600002","体育施設"
"東中本公園","大阪市東成区東中本3-15","","公園・スポーツ","公園","","","","","","街区公園","","135.54536","34.6761200000002","公園"
"福島スポーツセンター","大阪市福島区吉野3-17-23","ふくしますぽーつせんたー","公園・スポーツ","体育施設","06-6468-0450","06-6468-0451","http://osakashi.opas.jp/genre/indoor/seibu_minatoku_taisyoku_hukushimaku_konohanaku/fukushimasprotscenter/index.html","","https://www.osaka-heartfulweb.jp/030601.html","","","135.472948500001","34.6912527300004","体育施設"
"吉野町運動場","大阪市福島区吉野4-12","よしのちょううんどうじょう","公園・スポーツ","体育施設","06-6312-8121","06-6312-3403","","","","http://osakashi.opas.jp/genre/soccer/seibu_minatoku_taisyoku_hukushimaku_konohanaku/yoshinochoundojo/index.html","","135.470938800001","34.6897110000005","体育施設"
"下福島プール","大阪市福島区福島4-1-82","しもふくしまぷーる","公園・スポーツ","体育施設","06-6444-3450","06-64443452","http://osakashi.opas.jp/genre/swim/seibu_minatoku_taisyoku_hukushimaku_konohanaku/shimofukushimapool/index.html","","https://www.osaka-heartfulweb.jp/030602.html","","","135.482339400001","34.6899061000004","体育施設"
"下福島運動場","大阪市福島区福島4-1下福島公園内","しもふくしまうんどうじょう","公園・スポーツ","体育施設","06-6312-8121","06-6312-3403","","","","http://osakashi.opas.jp/genre/soccer/seibu_minatoku_taisyoku_hukushimaku_konohanaku/shimofukushimaundojo/index.html","","135.482382900001","34.6909500000004","体育施設"
"海老江上公園","大阪市福島区海老江3-12","えびえかみこうえん","公園・スポーツ","公園","","","","","","街区公園","","135.473216700001","34.6999578000005","公園"
"海老江中公園","大阪市福島区海老江6-4","えびえなかこうえん","公園・スポーツ","公園","","","","","","街区公園","","135.470614100001","34.6990468000004","公園"
"海老江公園","大阪市福島区海老江7-15","","公園・スポーツ","公園","","","","","","街区公園","","135.470090000001","34.6956400000005","公園"
"海老江西公園","大阪市福島区海老江8-2","えびえにしこうえん","公園・スポーツ","公園","","","","","","街区公園","","135.469135900001","34.6985309000005","公園"
"鷺洲中公園","大阪市福島区鷺洲2-4","","公園・スポーツ","公園","","","","","","街区公園","","135.481244300001","34.6970449900004","公園"
"鷺洲上公園","大阪市福島区鷺洲5-6","さぎすかみこうえん","公園・スポーツ","公園","","","","","","街区公園","","135.477893800001","34.6992281000004","公園"
"鷺洲北公園","大阪市福島区鷺洲5-7","さぎすきたこうえん","公園・スポーツ","公園","","","","","","街区公園","","135.479438700001","34.7006668000004","公園"
"福島浜緑道","大阪市福島区福島１-1","ふくしまはまりょくどう","公園・スポーツ","公園","","","","","","緑道","","135.489750200001","34.6937309000004","公園"
"下福島公園","大阪市福島区福島4-1","","公園・スポーツ","公園","","","","","","地区公園","","135.482765400001","34.6906375000004","公園"
"福島西公園","大阪市福島区福島4-6","ふくしまにしこうえん","公園・スポーツ","公園","","","","","","街区公園","","135.483349700001","34.6948529000004","公園"
"福島公園","大阪市福島区福島5-16","","公園・スポーツ","公園","","","","","","街区公園","","135.485240700001","34.6958237900004","公園"
"上福島東公園","大阪市福島区福島6-7","かみふくしまひがしこうえん","公園・スポーツ","公園","","","","","","街区公園","","135.488689100001","34.6995169000004","公園"
"上福島公園","大阪市福島区福島7-10","かみふくしまこうえん","公園・スポーツ","公園","","","","","","街区公園","","135.484846700001","34.6983360000004","公園"
"上福島北公園","大阪市福島区福島7-23","","公園・スポーツ","公園","","","","","","街区公園","","135.486053800001","34.7007138100004","公園"
"玉川公園","大阪市福島区玉川2-11","たまがわこうえん","公園・スポーツ","公園","","","","","","街区公園","","135.479483100001","34.6915000000004","公園"
"山王第２公園","大阪市西成区山王2丁目2番","さんのうだい２こうえん","公園・スポーツ","公園","","","","","","街区公園","","135.5072141","34.6451500000003","公園"
"天下茶屋東1丁目児童遊園","大阪市西成区天下茶屋東1丁目8番","てんがちゃやひがしいっちょうめじどうゆうえん","公園・スポーツ","児童遊園・広場","","","","","","","","135.504689","34.6421170000003","児童遊園・広場"
"天下茶屋東公園","大阪市西成区天下茶屋東2丁目1番","てんがちゃやひがしこうえん","公園・スポーツ","公園","","","","","","街区公園","","135.5046829","34.6400110000003","公園"
"天下茶屋中公園","大阪市西成区天下茶屋東2丁目13番","てんがちゃやなかこうえん","公園・スポーツ","公園","","","","","","街区公園","","135.501519","34.6393329000004","公園"
"北天下茶屋公園","大阪市西成区聖天下1丁目10番","きたてんがちゃやこうえん","公園・スポーツ","公園","","","","","","街区公園","","135.5010002","34.6376810000004","公園"
"天下茶屋公園","大阪市西成区岸里東1-16","","公園・スポーツ","公園","","","","","","街区公園","","135.49748","34.6326000000004","公園"
"天神ノ森公園","大阪市西成区天神ノ森1丁目16番","てんじんのもりこうえん","公園・スポーツ","公園","","","","","","街区公園","","135.4995807","34.6317938000004","公園"
"岸里公園","大阪市西成区岸里2丁目12番","きしのさとこうえん","公園・スポーツ","公園","","","","","","街区公園","","135.4946078","34.6312668000004","公園"
"南海公園","大阪市西成区岸里3丁目6番","なんかいこうえん","公園・スポーツ","公園","","","","","","街区公園","","135.493632900001","34.6305920000004","公園"
"玉出公園","大阪市西成区玉出中1丁目 10-22","たまでこうえん","公園・スポーツ","公園","","","","","","街区公園","","135.492453200001","34.6276331000004","公園"
"玉出南公園","大阪市西成区玉出中2丁目13番","たまでみなみこうえん","公園・スポーツ","公園","","","","","","街区公園","","135.491757900001","34.6238110000004","公園"
"梅南多目的スポーツ広場","大阪市西成区松3丁目3番","ばいなんたもくてきすぽーつひろば","公園・スポーツ","児童遊園・広場","","","","","","","","135.488610900001","34.6413169000004","児童遊園・広場"
"西淀川屋内プール","大阪市西淀川区大和田2-5-7","にしよどがわおくないぷーる","公園・スポーツ","体育施設","06-6474-9940","06-6474-9241","https://fitness21.or.jp/jigyo-shitei/shitei_nishiyodogawa/","","https://www.osaka-heartfulweb.jp/110602.html","","","135.442924200001","34.7030649000006","体育施設"
"西淀川スポーツセンター","大阪市西淀川区野里2-10-35","にしよどがわすぽーつせんたー","公園・スポーツ","体育施設","06-6472-9200","06-6472-9210","http://osakashi.opas.jp/chikubetu/hokubu/niyodo/nishiyodo_spocen/index.html","","https://www.osaka-heartfulweb.jp/110601.html","","","135.459790000001","34.7094800000005","体育施設"
"岩崎橋公園","大阪市大正区三軒家西1-7","いわさきばしこうえん","公園・スポーツ","公園","","","","","","街区公園","","135.476691800001","34.6663971000004","公園"
"大正橋公園","大阪市大正区三軒家東1-1","たいしょうばしこうえん","公園・スポーツ","公園","","","","","","街区公園","","135.479867200001","34.6669361000004","公園"
"三軒家公園","大阪市大正区三軒家東2-12","","公園・スポーツ","公園","","","","","","近隣公園","","135.479046000001","34.6596206200004","公園"
"小林南公園","大阪市大正区小林西2-16","こばやしみなみこうえん","公園・スポーツ","公園","","","","","","街区公園","","135.467814000001","34.6428361000005","公園"
"小林児童遊園","大阪市大正区小林西2-5","こばやしじどうゆうえん","公園・スポーツ","児童遊園・広場","","","","","","","","135.469274700001","34.6427389000005","児童遊園・広場"
"小林公園","大阪市大正区小林東2-12","","公園・スポーツ","公園","","","","","","地区公園","","135.475444800001","34.6439502500004","公園"
"大正スポーツセンター","大阪市大正区小林東3-3-25","たいしょうすぽーつせんたー","公園・スポーツ","体育施設","06-6555-8402","06-6555-8403","http://osakashi.opas.jp/genre/indoor/seibu_minatoku_taisyoku_hukushimaku_konohanaku/taishosportscenter/index.html","","https://www.osaka-heartfulweb.jp/080601.html","","","135.472271800001","34.6471874800004","体育施設"
"大正屋内プール","大阪市大正区小林東3-3-25","たいしょうおくないぷーる","公園・スポーツ","体育施設","06-6555-8950","06-6555-8403","http://osakashi.opas.jp/genre/swim/seibu_minatoku_taisyoku_hukushimaku_konohanaku/taishookunaipool/index.html","","https://www.osaka-heartfulweb.jp/080603.html","","","135.472201200001","34.6468877200004","体育施設"
"南泉尾公園","大阪市大正区千島1-16","みなみいずおこうえん","公園・スポーツ","公園","","","","","","街区公園","","135.475306000001","34.6544059000004","公園"
"千島公園","大阪市大正区千島2-7","","公園・スポーツ","公園","","","","","","総合公園","","135.474035600001","34.6488972900004","公園"
"千島体育館","大阪市大正区千島2-7-93","ちしまたいいくかん","公園・スポーツ","体育施設","06-6553-7800","06-6553-9800","http://osakashi.opas.jp/genre/indoor/seibu_minatoku_taisyoku_hukushimaku_konohanaku/chishimataiikukan/index.html","","https://www.osaka-heartfulweb.jp/080602.html","","","135.472679400001","34.6494504100004","体育施設"
"千林橋公園","大阪市大正区千島3-7","せんりんばしこうえん","公園・スポーツ","公園","","","","","","街区公園","","135.470178200001","34.6517031000004","公園"
"泉尾上公園","大阪市大正区泉尾1-29","いずおかみこうえん","公園・スポーツ","公園","","","","","","街区公園","","135.474374900001","34.6604891000004","公園"
"泉尾2公園","大阪市大正区泉尾2-25","いずお２こうえん","公園・スポーツ","公園","","","","","","街区公園","","135.469532700001","34.6604558000005","公園"
"泉尾中公園","大阪市大正区泉尾3-21","いずおなかこうえん","公園・スポーツ","公園","","","","","","街区公園","","135.468947200001","34.6584612000005","公園"
"泉尾公園","大阪市大正区泉尾4-21","","公園・スポーツ","公園","","","","","","地区公園","","135.468648900001","34.6572298200005","公園"
"泉尾浜公園","大阪市大正区泉尾7-17","いずおはまこうえん","公園・スポーツ","公園","","","","","","街区公園","","135.465522000001","34.6548500000005","公園"
"鶴町南公園","大阪市大正区鶴町1-19","","公園・スポーツ","公園","","","","","","近隣公園","","135.455030400001","34.6358599000005","公園"
"鶴町児童遊園","大阪市大正区鶴町1-7","つるまちじどうゆうえん","公園・スポーツ","児童遊園・広場","","","","","","","","135.458924700001","34.6353580000005","児童遊園・広場"
"鶴町中央公園","大阪市大正区鶴町2-7","","公園・スポーツ","公園","","","","","","街区公園","","135.455647600001","34.6386935000005","公園"
"鶴町北公園","大阪市大正区鶴町4-4","","公園・スポーツ","公園","","","","","","街区公園","","135.454570000001","34.6443600000005","公園"
"南恩加島公園","大阪市大正区南恩加島1-13","","公園・スポーツ","公園","","","","","","街区公園","","135.472102100001","34.6345895000004","公園"
"南恩加島西公園","大阪市大正区南恩加島6-14","みなみおかじまにしこうえん","公園・スポーツ","公園","","","","","","街区公園","","135.465594100001","34.6363639000005","公園"
"平尾亥開公園","大阪市大正区平尾1-11､南恩加島1-10","ひらおいびらきこうえん","公園・スポーツ","公園","","","","","","街区公園","","135.475958100001","34.6376001000004","公園"
"平尾公園","大阪市大正区平尾2-22","","公園・スポーツ","公園","","","","","","近隣公園","","135.473612400001","34.6404628900004","公園"
"北村児童遊園","大阪市大正区北村1-12","きたむらじどうゆうえん","公園・スポーツ","児童遊園・広場","","","","","","","","135.469147300001","34.6516252000005","児童遊園・広場"
"北村公園","大阪市大正区北村2-16","きたむらこうえん","公園・スポーツ","公園","","","","","","街区公園","","135.466771700001","34.6512390000005","公園"
"北村西児童遊園","大阪市大正区北村2-6","きたむらにしじどうゆうえん","公園・スポーツ","児童遊園・広場","","","","","","","","135.466771700001","34.6528278000005","児童遊園・広場"
"北村南公園","大阪市大正区北村3-2","","公園・スポーツ","公園","","","","","","街区公園","","135.467500000001","34.6489000000005","公園"
"マリンテニスパーク北村","大阪市大正区北村3-3-70","まりんてにすぱーくきたむら","公園・スポーツ","体育施設","06-6555-6161","06-6555-6171","https://kitamura.tennis-school.co.jp/ts/kitamura/","","","","","135.464261300001","34.6496012500005","体育施設"
"泉尾東公園","大阪市大正区千島1－29","いずおひがしこうえん","公園・スポーツ","公園","","","","","","街区公園","","135.477707800001","34.6516141000004","公園"
"諸口中公園","大阪市鶴見区諸口1-14","もろぐちなかこうえん","公園・スポーツ","公園","","","","","","街区公園","","135.5781943","34.7014999000002","公園"
"鶴見中央公園","大阪市鶴見区鶴見1-6","","公園・スポーツ","公園","","","","","","近隣公園","","135.56445","34.6980300000002","公園"
"鶴見緑地バーベキュー場","大阪市鶴見区（花博記念公園鶴見緑地内）","つるみりょくちばーべきゅーじょう","公園・スポーツ","公園","06-6915-2551","06-6915-2552","https://www.tsurumi-ryokuchi.jp/facility/bbq-camp.html","","","","","135.5702779","34.7104811000002","公園"
"鶴見スポーツセンター","大阪市鶴見区緑地公園2-163","つるみすぽーつせんたー","公園・スポーツ","体育施設","06-6915-2567","06-6915-2618","http://osakashi.opas.jp/chikubetu/toubu/tsurumi/tsurumisportscenter/index.html","","https://www.osaka-heartfulweb.jp/180601.html","","","135.5768322","34.7104307600002","体育施設"
"鶴見緑地庭球場","大阪市鶴見区浜1-2-6","つるみりょくちていきゅうじょう","公園・スポーツ","体育施設","06-6915-2550","06-6915-2550","http://osakashi.opas.jp/chikubetu/toubu/tsurumi/tsurumiryokuchiteikyujo/index.html","","https://www.osaka-heartfulweb.jp/180605.html","","","135.57971","34.7069400000002","体育施設"
"今津運動場","大阪市鶴見区今津中2-3（今津公園内）","いまづうんどうじょう","公園・スポーツ","体育施設","06-6912-0650","06-6913-6804","","","","http://osakashi.opas.jp/chikubetu/toubu/tsurumi/imazuundojo/index.html","","135.5702031","34.6915720000002","体育施設"
"鶴見緑地プール","大阪市鶴見区緑地公園1-37","つるみりょくちぷーる","公園・スポーツ","体育施設","06-6915-4721","06-6915-4725","http://osakashi.opas.jp/chikubetu/toubu/tsurumi/tsurumiryokuchipool/index.html","","https://www.osaka-heartfulweb.jp/180603.html","","","135.5809527","34.7090502500002","体育施設"
"鶴見緑地球技場","大阪市鶴見区浜1-1-37","つるみりょくちきゅうぎじょう","公園・スポーツ","体育施設","06-6915-4712","06-6915-4715","http://osakashi.opas.jp/chikubetu/toubu/tsurumi/tsurumiryokuchikyugijo/index.html","","https://www.osaka-heartfulweb.jp/180602.html","","","135.5807379","34.7059920700002","体育施設"
"鶴見緑地キャンプ場","大阪市鶴見区（花博記念公園鶴見緑地内）","つるみりょくちきゃんぷじょう","公園・スポーツ","公園","06-6915-2551","06-6915-2552","https://www.tsurumi-ryokuchi.jp/facility/bbq-camp.html","","","","","135.569078","34.7112391000002","公園"
"自然体験観察園","大阪市鶴見区緑地公園2-135（花博記念公園鶴見緑地内）","しぜんたいけんかんさつえん","公園・スポーツ","公園","06-6915-5820","06-6915-5824","https://www.city.osaka.lg.jp/kankyo/page/0000390039.html","https://www.naniwa-ecostyle.net/shizentaikenkansatsuen/","","","","135.5790937","34.7124826000002","公園"
"鶴見緑地第２運動場","大阪市鶴見区緑3-16","つるみりょくちだい２うんどうじょう","公園・スポーツ","体育施設","06-6915-4712","06-6915-4715","http://osakashi.opas.jp/chikubetu/toubu/tsurumi/tsurumiryokuchiundojo_2/index.html","","https://www.osaka-heartfulweb.jp/180604.html","","","135.5669968","34.7121691000002","体育施設"
"茨田大宮西公園","大阪市鶴見区茨田大宮2-7","","公園・スポーツ","公園","","","","","","街区公園","","135.59317","34.7121300000002","公園"
"茨田大宮南公園","大阪市鶴見区茨田大宮3-7","まったおおみやみなみこうえん","公園・スポーツ","公園","","","","","","街区公園","","135.5946941","34.7078972000002","公園"
"茨田大宮中央公園","大阪市鶴見区茨田大宮4-23","","公園・スポーツ","公園","","","","","","近隣公園","","135.5976093","34.7124054300002","公園"
"安田公園","大阪市鶴見区安田4-2","やすだこうえん","公園・スポーツ","公園","","","","","","街区公園","","135.5890691","34.7067581000002","公園"
"中徳公園","大阪市鶴見区中茶屋1-1","なかとくこうえん","公園・スポーツ","公園","","","","","","街区公園","","135.5851082","34.6995579000002","公園"
"浜北公園","大阪市鶴見区浜4-16","はまきたこうえん","公園・スポーツ","公園","","","","","","街区公園","","135.584425","34.7121141000002","公園"
"焼野南さくら公園","大阪市鶴見区焼野1-南10","やけのみなみさくらこうえん","公園・スポーツ","公園","","","","","","街区公園","","135.5837809","34.7155190000002","公園"
"焼野公園","大阪市鶴見区焼野2-7","やけのこうえん","公園・スポーツ","公園","","","","","","街区公園","","135.5859113","34.7167691000002","公園"
"焼野南公園","大阪市鶴見区焼野2-南5","やけのみなみこうえん","公園・スポーツ","公園","","","","","","街区公園","","135.5852112","34.7147141000002","公園"
"榎本公園","大阪市鶴見区今津北1-6","えのもとこうえん","公園・スポーツ","公園","","","","","","街区公園","","135.5670722","34.6943499000002","公園"
"今津東公園","大阪市鶴見区今津北4-4","いまづひがしこうえん","公園・スポーツ","公園","","","","","","街区公園","","135.579308","34.6954001000002","公園"
"榎本南公園","大阪市鶴見区今津中1-9","えのもとみなみこうえん","公園・スポーツ","公園","","","","","","街区公園","","135.566319","34.6907281000002","公園"
"今津公園","大阪市鶴見区今津中2-3","","公園・スポーツ","公園","","","","","","近隣公園","","135.57048","34.6911700000002","公園"
"今津南公園","大阪市鶴見区今津南3-3","いまづみなみこうえん","公園・スポーツ","公園","","","","","","街区公園","","135.5754421","34.6896940000002","公園"
"放出公園","大阪市鶴見区放出東2-2","はなてんこうえん","公園・スポーツ","公園","","","","","","街区公園","","135.5607189","34.6925750000002","公園"
"放出小公園","大阪市鶴見区放出東3-2(高架下)","はなてんしょうこうえん","公園・スポーツ","公園","","","","","","街区公園","","135.5592778","34.6895862000002","公園"
"諸口東公園","大阪市鶴見区諸口2-14","もろぐちひがしこうえん","公園・スポーツ","公園","","","","","","街区公園","","135.5827642","34.7013470000002","公園"
"横堤南公園","大阪市鶴見区横堤2-3","よこづつみみなみこうえん","公園・スポーツ","公園","","","","","","街区公園","","135.5701","34.6986358000002","公園"
"横堤中公園","大阪市鶴見区横堤3-1","よこづつみなかこうえん","公園・スポーツ","公園","","","","","","街区公園","","135.5729028","34.6992112000002","公園"
"横堤東公園","大阪市鶴見区横堤3-5","よこづつみひがしこうえん","公園・スポーツ","公園","","","","","","街区公園","","135.573272","34.6998810000002","公園"
"横堤北公園","大阪市鶴見区横堤5-1","よこづつみきたこうえん","公園・スポーツ","公園","","","","","","街区公園","","135.5717062","34.7037188000002","公園"
"鶴見1公園","大阪市鶴見区鶴見1-6","つるみ１こうえん","公園・スポーツ","公園","","","","","","街区公園","","135.565369","34.6967292000002","公園"
"鶴見南公園","大阪市鶴見区鶴見2-5","つるみみなみこうえん","公園・スポーツ","公園","","","","","","街区公園","","135.5627192","34.6999999000002","公園"
"鶴見北中央公園","大阪市鶴見区鶴見4-7","つるみきたちゅうおうこうえん","公園・スポーツ","公園","","","","","","街区公園","","135.561749","34.7044794000002","公園"
"鶴見北公園","大阪市鶴見区鶴見4-14","つるみきたこうえん","公園・スポーツ","公園","","","","","","街区公園","","135.564824","34.7044820000002","公園"
"緑第二公園","大阪市鶴見区緑1-3","みどりだいにこうえん","公園・スポーツ","公園","","","","","","街区公園","","135.5614971","34.7097108000002","公園"
"緑第一公園","大阪市鶴見区緑1-17","みどりだいいちこうえん","公園・スポーツ","公園","","","","","","街区公園","","135.5615611","34.7142810000002","公園"
"緑児童遊園","大阪市鶴見区緑3-3-3","みどりじどうゆうえん","公園・スポーツ","児童遊園・広場","","","","","","","","135.5632778","34.7136139000002","児童遊園・広場"
"阿遅速雄神社境内児童遊園","大阪市鶴見区放出東3-31-4","あちはやおじんじゃけいだいじどうゆうえん","公園・スポーツ","児童遊園・広場","","","","","","","","135.5645781","34.6889029000002","児童遊園・広場"
"つるみ児童遊園","大阪市鶴見区鶴見3-10","つるみじどうゆうえん","公園・スポーツ","児童遊園・広場","","","","","","","","135.5633168","34.7009442000002","児童遊園・広場"
"放出北児童遊園","大阪市鶴見区放出東1-19","はなてんきたじどうゆうえん","公園・スポーツ","児童遊園・広場","","","","","","","","135.5635419","34.6954688000002","児童遊園・広場"
"逢阪公園","大阪市天王寺区逢阪1丁目3","おうさかこうえん","公園・スポーツ","公園","","","","","","街区公園","","135.5115193","34.6540689000003","公園"
"五条運動場（だいしんスポーツガーデンGOJYO）","大阪市天王寺区烏ヶ辻2-5五条公園内","ごじょううんどうじょう（だいしんすぽーつがーでんごじょう）","公園・スポーツ","体育施設","06-6761-1770","06-6761-1645","","","","http://osakashi.opas.jp/genre/outdoor/tyubu_kitaku_tyuoku_nishiku_tennojiku_naniwaku/gojo_undojo/index.html","","135.5234781","34.6578390000003","体育施設"
"五条公園","大阪市天王寺区鳥ヶ辻2-4","","公園・スポーツ","公園","","","","","","街区公園","","135.5236143","34.6574791200003","公園"
"大岸公園","大阪市天王寺区下寺町2丁目6","おおぎしこうえん","公園・スポーツ","公園","","","","","","街区公園","","135.5103969","34.6550920000003","公園"
"宰相山公園","大阪市天王寺区玉造本町14","","公園・スポーツ","公園","","","","","","街区公園","","135.5287207","34.6729359900003","公園"
"宰相山西公園","大阪市天王寺区玉造本町14、空堀町9","さいしょうやまにしこうえん","公園・スポーツ","公園","","","","","","街区公園","","135.5282778","34.6735440000003","公園"
"国分公園","大阪市天王寺区国分町14","こくぶこうえん","公園・スポーツ","公園","","","","","","街区公園","","135.5243311","34.6512110000003","公園"
"寺田町野球場（KOKOKU ONLYONE BASEBALL PARK TERADACHO）","大阪市天王寺区寺田町1-5　寺田町公園内","てらだちょうやきゅうじょう（こうこくおんりーわんべーすぼーるぱーくてらだちょう）","公園・スポーツ","体育施設","06-6761-1770","06-6761-1645","","","","http://osakashi.opas.jp/genre/baseball_softball/tyubu_kitaku_tyuoku_nishiku_tennojiku_naniwaku/teradacho_yakyujo/index.html","","135.5209752","34.6528611000003","体育施設"
"寺田町公園","大阪市天王寺区寺田町1-5","","公園・スポーツ","公園","","","","","","近隣公園","","135.5208283","34.6526769600003","公園"
"小橋公園","大阪市天王寺区小橋町3","おばせこうえん","公園・スポーツ","公園","","","","","","街区公園","","135.5260248","34.6664610000003","公園"
"上汐北公園","大阪市天王寺区上汐3丁目5","うえしおきたこうえん","公園・スポーツ","公園","","","","","","街区公園","","135.5172467","34.6638610000003","公園"
"上汐公園","大阪市天王寺区上汐4丁目2","うえしおこうえん","公園・スポーツ","公園","","","","","","街区公園","","135.5167138","34.6622329000003","公園"
"空清町公園","大阪市天王寺区上本町3丁目4","からきよちょうこうえん","公園・スポーツ","公園","","","","","","街区公園","","135.521403","34.6721281000003","公園"
"上七公園","大阪市天王寺区上本町7丁目2","うえしちこうえん","公園・スポーツ","公園","","","","","","街区公園","","135.5176779","34.6629721000003","公園"
"上八公園","大阪市天王寺区上本町8丁目8","うえはちこうえん","公園・スポーツ","公園","","","","","","街区公園","","135.5176941","34.6592529000003","公園"
"真田山公園","大阪市天王寺区真田山町5","","公園・スポーツ","公園","","","","","","地区公園","","135.5282939","34.6698744100003","公園"
"真田山野球場（だいしんスタジアムSANADAYAMA）","大阪市天王寺区真田山町5 真田山公園内","さなだやまやきゅうじょう（だいしんすたじあむさなだやま）","公園・スポーツ","体育施設","06-6761-1770","06-6761-1645","","","","http://osakashi.opas.jp/genre/baseball_softball/tyubu_kitaku_tyuoku_nishiku_tennojiku_naniwaku/sanadayama_yakyujo/index.html","","135.5279639","34.6694691000003","体育施設"
"真田山プール","大阪市天王寺区真田山町5-109","さなだやまぷーる","公園・スポーツ","体育施設","06-6765-0176","06-6765-0183","http://osakashi.opas.jp/genre/swim/tyubu_kitaku_tyuoku_nishiku_tennojiku_naniwaku/sanadayama_pool/index.html","","https://www.osaka-heartfulweb.jp/090602.html","","","135.5288857","34.6711136700003","体育施設"
"天王寺スポーツセンター","大阪市天王寺区真田山町5-109","てんのうじすぽーつせんたー","公園・スポーツ","体育施設","06-6765-0043","06-6765-0083","http://osakashi.opas.jp/genre/indoor/tyubu_kitaku_tyuoku_nishiku_tennojiku_naniwaku/tennoji_sportscenter/index.html","","https://www.osaka-heartfulweb.jp/090601.html","","","135.5287061","34.6711129800003","体育施設"
"真田山プールアイススケート場","大阪市天王寺区真田山町5-109 真田山公園内","さなだやまぷーるあいすすけーとじょう","公園・スポーツ","体育施設","06-6765-0176","06-6765-0183","http://osakashi.opas.jp/genre/ice_skate/tyubu_kitaku_tyuoku_nishiku_tennojiku_naniwaku/sanadayamapooliceskatejo/index.html","","06-6765-0176","","","135.5284173","34.6707562000003","体育施設"
"清水谷公園","大阪市天王寺区清水谷町16","しみずだにこうえん","公園・スポーツ","公園","","","","","","街区公園","","135.5244247","34.6736829000003","公園"
"生玉公園","大阪市天王寺区生玉町6、下寺町1丁目2","いくたまこうえん","公園・スポーツ","公園","","","","","","地区公園","","135.5137608","34.6644831000003","公園"
"稲生公園","大阪市天王寺区大道3丁目7","いなおこうえん","公園・スポーツ","公園","","","","","","街区公園","","135.5192639","34.6501110000003","公園"
"大道北公園","大阪市天王寺区大道4丁目6","だいどうきたこうえん","公園・スポーツ","公園","","","","","","街区公園","","135.5215009","34.6489699800003","公園"
"天王寺公園","大阪市天王寺区茶臼山町1外","てんのうじこうえん","公園・スポーツ","公園","","","","","","公園","","135.5100192","34.6507980400003","公園"
"東高津公園","大阪市天王寺区東高津町2","ひがしこうづこうえん","公園・スポーツ","公園","","","","","","街区公園","","135.5229748","34.6684248000003","公園"
"五条小公園","大阪市天王寺区堂ヶ芝2丁目17","ごじょうしょうこうえん","公園・スポーツ","公園","","","","","","街区公園","","135.5245689","34.6590719000003","公園"
"南河堀公園","大阪市天王寺区南河堀町8(高架下)","みなみかわほりこうえん","公園・スポーツ","公園","","","","","","街区公園","","135.5178437","34.6468749000003","公園"
"庚申堂公園","大阪市天王寺区堀越町2","こうしんどうこうえん","公園・スポーツ","公園","","","","","","街区公園","","135.5159943","34.6505610000003","公園"
"鴫野西公園","大阪市城東区鴫野西4-18","しぎのにしこうえん","公園・スポーツ","公園","","","","","","街区公園","","135.5413921","34.6897671000003","公園"
"鴫野公園","大阪市城東区鴫野西4-11","","公園・スポーツ","公園","","","","","","近隣公園","","135.5414716","34.6920136000003","公園"
"鴫野の森公園","大阪市城東区鴫野西2-1","しぎののもりこうえん","公園・スポーツ","公園","","","","","","街区公園","","135.5367918","34.6912359000003","公園"
"今福南中央公園","大阪市城東区今福南2-17","いまふくみなみちゅうおうこうえん","公園・スポーツ","公園","","","","","","街区公園","","135.5527688","34.6980771000002","公園"
"鯰江東公園","大阪市城東区今福東1-4","なまずえひがしこうえん","公園・スポーツ","公園","","","","","","街区公園","","135.5563086","34.7007171000002","公園"
"蒲生1児童遊園","大阪市城東区蒲生1-3","がもう1じどうゆうえん","公園・スポーツ","児童遊園・広場","","","","","","","","135.5381312","34.6979501000003","児童遊園・広場"
"蒲生2児童遊園","大阪市城東区蒲生2-4","がもう2じどうゆうえん","公園・スポーツ","児童遊園・広場","","","","","","","","135.5410168","34.6984021000002","児童遊園・広場"
"蒲生児童遊園","大阪市城東区今福西3-1","がもうじどうゆうえん","公園・スポーツ","児童遊園・広場","","","","","","","","135.5465698","34.7010952000002","児童遊園・広場"
"西鴫野３児童遊園","大阪市城東区鴫野西1-15","にししぎの3じどうゆうえん","公園・スポーツ","児童遊園・広場","","","","","","","","135.5381972","34.6952188000003","児童遊園・広場"
"西鴫野４児童遊園","大阪市城東区鴫野西1-18","にししぎの4じどうゆうえん","公園・スポーツ","児童遊園・広場","","","","","","","","135.5384829","34.6936331000003","児童遊園・広場"
"西鴫野５・６児童遊園","大阪市城東区鴫野西2-18","にししぎの5・6じどうゆうえん","公園・スポーツ","児童遊園・広場","","","","","","","","135.539156","34.6923941000003","児童遊園・広場"
"西鴫野7児童遊園","大阪市城東区鴫野西１-16,17","にししぎの7じどうゆうえん","公園・スポーツ","児童遊園・広場","","","","","","","","135.5383003","34.6943720000003","児童遊園・広場"
"鴫野西5丁目なかよし児童遊園","大阪市城東区鴫野西5-13","しぎのにし5ちょうめなかよしじどうゆうえん","公園・スポーツ","児童遊園・広場","","","","","","","","135.544525","34.6912060000003","児童遊園・広場"
"今福南１-１町団児童遊園","大阪市城東区今福南2-23","いまふくみなみ1-1ちょうだんじどうゆうえん","公園・スポーツ","児童遊園・広場","","","","","","","","135.5496252","34.6982499000002","児童遊園・広場"
"新喜多東ちびっこ広場","大阪市城東区新喜多東1-1","しぎたひがしちびっこひろば","公園・スポーツ","児童遊園・広場","","","","","","","","135.5465462","34.6962728000002","児童遊園・広場"
"左専道児童遊園","大阪市城東区諏訪１-1,2(阪東大橋高架下","させんどうじどうゆうえん","公園・スポーツ","児童遊園・広場","","","","","","","","135.5590514","34.6868901000002","児童遊園・広場"
"みふき児童公園","大阪市城東区諏訪１-17","みふきじどうこうえん","公園・スポーツ","児童遊園・広場","","","","","","","","135.5642082","34.6869001000002","児童遊園・広場"
"生野スポーツセンター","大阪市生野区巽西1-1-3","いくのすぽーつせんたー","公園・スポーツ","体育施設","06-6758-4500","06-6758-4618","http://osakashi.opas.jp/chikubetu/toubu/ikuno/ikunosportscenter/index.html","","https://www.osaka-heartfulweb.jp/150601.html","","","135.54465","34.6529900000003","体育施設"
"西成スポーツセンター","大阪市西成区玉出東1-6-1","にしなりすぽーつせんたー","公園・スポーツ","体育施設","06-4398-1603","06-4398-1602","http://osakashi.opas.jp/genre/indoor/nambu_abenoku_suminoeku_sumiyoshiku_higashisumiyoshiku_hiranoku_nishinariku/ninarispc/index.html","","https://www.osaka-heartfulweb.jp/240601.html","","","135.4955293","34.6277958100004","体育施設"
"西成屋内プール","大阪市西成区玉出東1-6-1","にしなりおくないぷーる","公園・スポーツ","体育施設","06-4398-1603","06-4398-1604","http://osakashi.opas.jp/chikubetu/nanbu/nishinari/ninariop/index.html","","https://www.osaka-heartfulweb.jp/240602.html","","","135.495713200001","34.6278800100004","体育施設"
"西成屋内プール　トレーニングルーム","大阪市西成区玉出東1丁目6番1号","にしなりおくないぷーる　とれーにんぐるーむ","公園・スポーツ","体育施設","06-4398-1603","06-4398-1604","http://osakashi.opas.jp/chikubetu/nanbu/nishinari/ninaript/index.html","","06-4398-1603","","","135.495582700001","34.6277861000004","体育施設"
"新阪南公園","大阪市阿倍野区阪南町3丁目34","しんはんなんこうえん","公園・スポーツ","公園","","","","","","街区公園","","135.514892","34.6276671000003","公園"
"住之江スポーツセンター","大阪市住之江区北加賀屋5-3-47","すみのえすぽーつせんたー","公園・スポーツ","体育施設","06-6686-4172","06-6686-7440","http://osakashi.opas.jp/chikubetu/nanbu/suminoe/suminoesc/index.html","","https://www.osaka-heartfulweb.jp/200601.html","","","135.475461200001","34.6236662400004","体育施設"
"住之江屋内プール","大阪市住之江区北加賀屋5-3-47","すみのえおくないぷーる","公園・スポーツ","体育施設","06-6686-4163","06-6686-3414","https://fitness21.or.jp/jigyo-shitei/shitei_suminoe/","","https://www.osaka-heartfulweb.jp/200602.html","","","135.475691700001","34.6235406400004","体育施設"
"北加賀屋野球場","大阪市住之江区北加賀屋5北加賀屋公園内","きたかがややきゅうじょう","公園・スポーツ","体育施設","06-6691-7200","06-6691-6976","","","","http://osakashi.opas.jp/genre/baseball_softball/nambu_abenoku_suminoeku_sumiyoshiku_higashisumiyoshiku_hiranoku_nishinariku/kitakagaya/index.html","","135.475710900001","34.6227809000004","体育施設"
"北津守東公園","大阪市西成区北津守1丁目4番","きたつもりひがしこうえん","公園・スポーツ","公園","","","","","","街区公園","","135.484138700001","34.6550809000004","公園"
"北津守西公園","大阪市西成区北津守2丁目5番","きたつもりにしこうえん","公園・スポーツ","公園","","","","","","街区公園","","135.482907700001","34.6531611000004","公園"
"北津守中公園","大阪市西成区北津守2丁目1番","きたつもりなかこうえん","公園・スポーツ","公園","","","","","","街区公園","","135.484821800001","34.6529719000004","公園"
"北津守新道児童遊園","大阪市西成区北津守2丁目3番","きたつもりしんみちじどうゆうえん","公園・スポーツ","児童遊園・広場","","","","","","","","135.483685900001","34.6523689000004","児童遊園・広場"
"北津守公園","大阪市西成区北津守3-10","","公園・スポーツ","公園","","","","","","街区公園","","135.481139700001","34.6502576300004","公園"
"北津守中央公園","大阪市西成区北津守3丁目5番","きたつもりちゅうおうこうえん","公園・スポーツ","公園","","","","","","街区公園","","135.482599800001","34.6502558000004","公園"
"わかくさ公園","大阪市西成区北津守4丁目12番","わかくさこうえん","公園・スポーツ","公園","","","","","","街区公園","","135.480972100001","34.6485000000004","公園"
"北津守４公園","大阪市西成区北津守4丁目5番","きたつもり４こうえん","公園・スポーツ","公園","","","","","","街区公園","","135.482502800001","34.6488358000004","公園"
"津守北公園","大阪市西成区津守1丁目1番","つもりきたこうえん","公園・スポーツ","公園","","","","","","街区公園","","135.485732700001","34.6471808000004","公園"
"西成公園","大阪市西成区津守1-13","","公園・スポーツ","公園","","","","","","地区公園","","135.482000300001","34.6458291100004","公園"
"中津守公園","大阪市西成区津守1丁目6番","なかつもりこうえん","公園・スポーツ","公園","","","","","","街区公園","","135.485442300001","34.6447942000004","公園"
"津守公園","大阪市西成区津守2丁目7番","つもりこうえん","公園・スポーツ","公園","","","","","","街区公園","","135.482880800001","34.6415918000004","公園"
"津守南公園","大阪市西成区津守3丁目5番","つもりみなみこうえん","公園・スポーツ","公園","","","","","","街区公園","","135.482042000001","34.6390080000004","公園"
"南津守さくら公園","大阪市西成区南津守1丁目2番","みなみつもりさくらこうえん","公園・スポーツ","公園","","","","","","地区公園","","135.483956100001","34.6372139000004","公園"
"南津守北公園","大阪市西成区南津守4丁目1番","みなみつもりきたこうえん","公園・スポーツ","公園","","","","","","街区公園","","135.484464100001","34.6305251000004","公園"
"南津守中公園","大阪市西成区南津守6丁目1番","みなみつもりなかこうえん","公園・スポーツ","公園","","","","","","街区公園","","135.485189000001","34.6287001000004","公園"
"南津守西公園","大阪市西成区南津守5丁目5番","みなみつもりにしこうえん","公園・スポーツ","公園","","","","","","街区公園","","135.476803000001","34.6273359000004","公園"
"南津守東公園","大阪市西成区南津守6丁目3番","みなみつもりひがしこうえん","公園・スポーツ","公園","","","","","","街区公園","","135.485038800001","34.6271189000004","公園"
"南津守中央公園","大阪市西成区南津守6-6外","","公園・スポーツ","公園","","","","","","近隣公園","","135.483250300001","34.6260332200004","公園"
"南津守公園","大阪市西成区南津守7丁目3番","みなみつもりこうえん","公園・スポーツ","公園","","","","","","街区公園","","135.486050000001","34.6242501000004","公園"
"北開公園","大阪市西成区北開2丁目3番","きたびらきこうえん","公園・スポーツ","公園","","","","","","街区公園","","135.488466700001","34.6536810000004","公園"
"中北公園","大阪市西成区中開2丁目5番","なかきたこうえん","公園・スポーツ","公園","","","","","","街区公園","","135.491157600001","34.6525389000004","公園"
"開公園","大阪市西成区中開3丁目1番","ひらきこうえん","公園・スポーツ","公園","","","","","","街区公園","","135.489296800001","34.6519692000004","公園"
"南開公園","大阪市西成区南開1丁目7番","みなみひらきこうえん","公園・スポーツ","公園","","","","","","街区公園","","135.490830900001","34.6511001000004","公園"
"出城公園","大阪市西成区出城1丁目5番","でしろこうえん","公園・スポーツ","公園","","","","","","街区公園","","135.494357900001","34.6506279000004","公園"
"出城西公園","大阪市西成区出城3丁目6番","でしろにしこうえん","公園・スポーツ","公園","","","","","","街区公園","","135.486246800001","34.6497670000004","公園"
"長橋３公園","大阪市西成区長橋3丁目7番","ながはし３こうえん","公園・スポーツ","公園","","","","","","街区公園","","135.487381300001","34.6490638000004","公園"
"長橋西公園","大阪市西成区長橋3丁目1番","ながはしにしこうえん","公園・スポーツ","公園","","","","","","街区公園","","135.489542000001","34.6483780000004","公園"
"長橋公園","大阪市西成区長橋2丁目2番","ながはしこうえん","公園・スポーツ","公園","","","","","","街区公園","","135.492552900001","34.6483500000004","公園"
"松之宮公園","大阪市西成区鶴見橋3丁目8番","まつのみやこうえん","公園・スポーツ","公園","","","","","","街区公園","","135.487014200001","34.6468110000004","公園"
"鶴見橋公園","大阪市西成区鶴見橋3丁目1番","つるみばしこうえん","公園・スポーツ","公園","","","","","","街区公園","","135.489717200001","34.6466639000004","公園"
"鶴見橋中央公園","大阪市西成区鶴見橋2-5","","公園・スポーツ","公園","","","","","","街区公園","","135.492135300001","34.6464166800004","公園"
"鶴見橋中公園","大阪市西成区鶴見橋1丁目17番","つるみばしなかこうえん","公園・スポーツ","公園","","","","","","街区公園","","135.493341900001","34.6464581000004","公園"
"鶴見橋東公園","大阪市西成区鶴見橋1丁目5番","つるみばしひがしこうえん","公園・スポーツ","公園","","","","","","街区公園","","135.495499900001","34.6457361000004","公園"
"旭北公園","大阪市西成区鶴見橋2丁目9番","あさひきたこうえん","公園・スポーツ","公園","","","","","","街区公園","","135.490421900001","34.6455029000004","公園"
"旭西公園","大阪市西成区旭3丁目9番","あさひにしこうえん","公園・スポーツ","公園","","","","","","街区公園","","135.486956200001","34.6438999000004","公園"
"梅南２公園","大阪市西成区梅南2丁目1番","ばいなん２こうえん","公園・スポーツ","公園","","","","","","街区公園","","135.491991700001","34.6433109000004","公園"
"弘治南公園","大阪市西成区梅南1丁目2番","こうじみなみこうえん","公園・スポーツ","公園","","","","","","街区公園","","135.495425100001","34.6422079000004","公園"
"松通公園","大阪市西成区松3丁目2番","まつどおりこうえん","公園・スポーツ","公園","","","","","","街区公園","","135.489633000001","34.6406580000004","公園"
"松通中公園","大阪市西成区松2丁目1番","まつどおりなかこうえん","公園・スポーツ","公園","","","","","","街区公園","","135.492236300001","34.6413250000004","公園"
"松通東公園","大阪市西成区松1丁目5番","まつどおりひがしこうえん","公園・スポーツ","公園","","","","","","街区公園","","135.494056100001","34.6411469000004","公園"
"橘第3公園","大阪市西成区橘3丁目3番","たちばなだい３こうえん","公園・スポーツ","公園","","","","","","街区公園","","135.489467200001","34.6388111000004","公園"
"橘千本北公園","大阪市西成区千本北2丁目10番","たちばなせんぼんきたこうえん","公園・スポーツ","公園","","","","","","街区公園","","135.486192200001","34.6369751000004","公園"
"西皿池公園","大阪市西成区潮路1-4","","公園・スポーツ","公園","","","","","","街区公園","","135.493451500001","34.6364696400004","公園"
"千本西公園","大阪市西成区千本北2丁目21番","せんぼんにしこうえん","公園・スポーツ","公園","","","","","","街区公園","","135.486580900001","34.6349060000004","公園"
"千本北公園","大阪市西成区千本北1丁目7番","せんぼんきたこうえん","公園・スポーツ","公園","","","","","","街区公園","","135.490568800001","34.6361000000004","公園"
"千本南公園","大阪市西成区千本南2丁目12番","せんぼんみなみこうえん","公園・スポーツ","公園","","","","","","街区公園","","135.487747200001","34.6306559000004","公園"
"田端公園","大阪市西成区千本南1丁目21番","たばたこうえん","公園・スポーツ","公園","","","","","","街区公園","","135.490322200001","34.6292500000004","公園"
"玉出西公園","大阪市西成区玉出西1-9","","公園・スポーツ","公園","","","","","","街区公園","","135.489825800001","34.6271197800004","公園"
"花園公園","大阪市西成区花園北1丁目9番","はなぞのこうえん","公園・スポーツ","公園","","","","","","街区公園","","135.4985687","34.6475330000004","公園"
"萩之茶屋北公園","大阪市西成区萩之茶屋1丁目 13-20","はぎのちゃやきたこうえん","公園・スポーツ","公園","","","","","","街区公園","","135.5009807","34.6476061000004","公園"
"萩之茶屋中公園","大阪市西成区萩之茶屋2丁目 4-15","はぎのちゃやなかこうえん","公園・スポーツ","公園","","","","","","街区公園","","135.5006108","34.6460139000004","公園"
"左専道運動場","大阪市城東区＜左専道公園内＞","させんどううんどうじょう","公園・スポーツ","体育施設","06-6912-0650","06-6913-6804","","","","http://osakashi.opas.jp/chikubetu/toubu/joto/sasendoundojo/index.html","","135.557231","34.6869030000002","体育施設"
"東中浜運動場","大阪市城東区＜東中浜公園内＞","ひがしなかはまうんどうじょう","公園・スポーツ","体育施設","06-6912-0650","06-6913-6804","","","","http://osakashi.opas.jp/chikubetu/toubu/joto/higashinakahamaundojo/index.html","","135.5494062","34.6850331000002","体育施設"
"鯰江運動場","大阪市城東区＜鯰江公園内＞","なまずえうんどうじょう","公園・スポーツ","体育施設","06-6912-0650","06-6913-6804","","","","http://osakashi.opas.jp/chikubetu/toubu/joto/namazueundojo/index.html","","135.5516551","34.7039381000002","体育施設"
"大野せせらぎの里","大阪市西淀川区大野2-4-117","おおのせせらぎのさと","公園・スポーツ","公園","06-6474-5788","06-6474-0731","https://www.city.osaka.lg.jp/kensetsu/page/0000141231.html","","","「安定池」という大きな池の周りに遊歩道やせせらぎ、あずまやがあり、水性植物や常緑樹、落葉樹、草花などを植えています。安定池は、水の中に微生物や水生植物など、自然浄化作用（水をきれいにする力）を利用して、下水処理場できれいにした水をさらにきれいにする施設です。大野せせらぎの里のある大野下水処理場には、約200本の梅の木があり、毎年2月下旬ごろ、梅の開花時期に、下水処理場を一般公開しています。","","135.436438800001","34.7025080000006","公園"
"放出せせらぎの里","大阪市城東区永田2-3-61","はなてんせせらぎのさと","公園・スポーツ","公園","06-6961-9300","06-6967-4731","http://www.city.osaka.lg.jp/kensetsu/page/0000011309.html","","","敷地内には滝やせせらぎのほか、パーゴラやベンチなどの休憩場所を設けています。放出下水処理場のシンボルツリーであるヒラドツツジや城東区の花のモクレンを中心に花や樹木を植栽しています。","","135.5555992","34.6851930000002","公園"
"城東屋内プール","大阪市城東区関目2-17-45","じょうとうおくないぷーる","公園・スポーツ","体育施設","06-4255-0230","06-4255-0231","http://osakashi.opas.jp/chikubetu/toubu/joto/jotookunaipool/index.html","","https://www.osaka-heartfulweb.jp/170602.html","","","135.5528941","34.7064759700002","体育施設"
"城東スポーツセンター","大阪市城東区鴫野西2-1-21","じょうとうすぽーつせんたー","公園・スポーツ","体育施設","06-6965-1391","06-6965-1392","http://osakashi.opas.jp/chikubetu/toubu/joto/jotosportscenter/index.html","","https://www.osaka-heartfulweb.jp/170601.html","","","135.5366001","34.6917521000003","体育施設"
"中浜せせらぎの里","大阪市城東区中浜1-17-10","なかはませせらぎのさと","公園・スポーツ","公園","06-6969-5841","06-6967-3531","http://www.city.osaka.lg.jp/kensetsu/page/0000011307.html","","","中浜下水処理場のシンボルツリーである「さくら」をはじめ、「アジサイ」、「ツツジ」など四季折々の草花を楽しめる憩いの場として楽しんでいただける施設です。","","135.5443801","34.6880827000003","公園"
"生野屋内プール","大阪市生野区桃谷3-8-18","いくのおくないぷーる","公園・スポーツ","体育施設","06-6731-7381","06-6731-7382","http://osakashi.opas.jp/genre/swim/tobu_miyakojimaku_higashinariku_ikunoku_jotoku_tsurumiku/ikunookunaipool/index.html","","https://www.osaka-heartfulweb.jp/150602.html","","","135.53529","34.6607600000003","体育施設"
"舞洲スラッジセンターのせせらぎ","大阪市此花区北港白津2-2-7","まいしますらっじせんたーのせせらぎ","公園・スポーツ","公園","06-6460-2830","06-6460-2052","https://www.city.osaka.lg.jp/kensetsu/page/0000010364.html","","","下水汚泥を集中処理する舞洲スラッジセンターにあるせせらぎです。","","135.405118100001","34.6692798900007","公園"
"市岡せせらぎの里","大阪市港区市岡2-15-25","いちおかせせらぎのさと","公園・スポーツ","公園","06-6571-3363","06-6576-2232","https://www.city.osaka.lg.jp/minato/page/0000173946.html","","","敷地内には、豊臣秀吉が大阪の町づくりの際に造った下水溝（背割下水、または太閤下水と呼ばれています）を再現した水路などがあり、歴史ロマンが味わえる空間となっています。また、遊歩道には市岡下水処理場のシンボルツリーであるサルスベリをはじめとして、40種以上の樹木や花が植えられ四季折々の緑豊かな景観の中、どなたでも楽しめる憩いの場となっています。","","135.460175900001","34.6614049000005","公園"
"千島せせらぎの里","大阪市大正区小林東2-5-59","ちしませせらぎのさと","公園・スポーツ","公園","06-6551-0766","06-6552-9604","","","","修景池にはガチョウ、アイガモ、アヒルが楽しく泳ぎまわり、自然の小川をイメージして造られたせせらぎには鯉、メダカ、ドジョウなどが生息しています。また、遊歩道には、千島下水処理場のシンボルツリーであるノムラモミジをはじめとして、40種以上の樹木や花が植えられ、緑豊かな景観の中、どなたでも楽しめる憩いの空間となっています。","","135.474670000001","34.6462796000004","公園"
"放出下水処理場上部利用施設","大阪市城東区永田2-3-61","はなてんげすいしょりじょうじょうぶりようしせつ","公園・スポーツ","公園","06-6961-9300","06-6967-4731","http://www.city.osaka.lg.jp/kensetsu/page/0000010442.html","","","","","135.5560964","34.6866762000002","公園"
"平野下水処理場上部利用施設","大阪市平野区加美北２－６－６９","ひらのげすいしょりじょうじょうぶりようしせつ","公園・スポーツ","公園","０６－６６８６－１２４０","０６－６６８６－１３４1","http://www.city.osaka.lg.jp/kensetsu/page/0000010437.html","","","","","135.5598862","34.6415918000002","公園"
"住之江抽水所多目的グラウンド","大阪市住之江区泉２－１－９２","すみのえちゅうすいしょ　たもくてきぐらうんど","公園・スポーツ","児童遊園・広場","06-6686-5123","０６－６６８６－１３４１","https://www.city.osaka.lg.jp/kensetsu/page/0000010427.html","","","","","135.462094000001","34.6149483000005","児童遊園・広場"
"花川公園","大阪市西淀川区柏里1丁目9番","はなかわこうえん","公園・スポーツ","公園","06-6309-0008","","","","","街区公園","","135.469594700001","34.7097910000005","公園"
"柏里公園","大阪市西淀川区柏里3丁目1番","かしわざとこうえん","公園・スポーツ","公園","06-6309-0008","","","","","街区公園","","135.468109100001","34.7124948000005","公園"
"柏里西公園","大阪市西淀川区柏里3丁目7番","かしわざとにしこうえん","公園・スポーツ","公園","06-6309-0008","","","","","街区公園","","135.465802900001","34.7120144000005","公園"
"花川西公園","大阪市西淀川区花川2丁目3番","はなかわにしこうえん","公園・スポーツ","公園","06-6309-0008","","","","","街区公園","","135.465374400001","34.7065007000005","公園"
"愛光児童遊園","大阪市西淀川区花川2丁目16番","あいこうじどうゆうえん","公園・スポーツ","児童遊園・広場","06-6478-9734(西淀川区役所)","","","","","","","135.464817900001","34.7076638000005","児童遊園・広場"
"野里公園","大阪市西淀川区野里1-9","のざとこうえん","公園・スポーツ","公園","06-6309-0008","","","","","街区公園","","135.463547900001","34.7087428800005","公園"
"野里西公園","大阪市西淀川区野里2丁目10番","のざとにしこうえん","公園・スポーツ","公園","06-6309-0008","","","","","街区公園","","135.459937400001","34.7090352000005","公園"
"野里北公園","大阪市西淀川区野里2丁目22番","のざときたこうえん","公園・スポーツ","公園","06-6309-0008","","","","","街区公園","","135.462022600001","34.7112675000005","公園"
"北之町公園","大阪市西淀川区歌島3-7","きたのちょうこうえん","公園・スポーツ","公園","06-6309-0008","","","","","街区公園","","135.461090000001","34.7137300000005","公園"
"歌島三角公園","大阪市西淀川区歌島1丁目20番","うたじまさんかくこうえん","公園・スポーツ","公園","06-6309-0008","","","","","街区公園","","135.463652300001","34.7162958000005","公園"
"西淀川中央コミュニティ広場","大阪市西淀川区御幣島4丁目19番","にしよどがわちゅうおうこみゅにてぃーひろば","公園・スポーツ","児童遊園・広場","06-6478-9734(西淀川区役所)","","","","","","","135.452498600001","34.7174370000005","児童遊園・広場"
"歌島公園","大阪市西淀川区御幣島5-7","うたじまこうえん","公園・スポーツ","公園","06-6309-0008","","","","","街区公園","","135.457780000001","34.7199200000005","公園"
"御幣島公園","大阪市西淀川区御幣島4丁目9番","みてじまこうえん","公園・スポーツ","公園","06-6309-0008","","","","","街区公園","","135.455302100001","34.7168728000005","公園"
"御幣島東公園","大阪市西淀川区御幣島3-7","みてじまひがしこうえん","公園・スポーツ","公園","06-6309-0008","","","","","街区公園","","135.457930000001","34.7175000000005","公園"
"竹島公園","大阪市西淀川区竹島3丁目7番","たけしまこうえん","公園・スポーツ","公園","06-6309-0008","","","","","街区公園","","135.453193900001","34.7266851000005","公園"
"竹島西公園","大阪市西淀川区竹島5-5","たけしまにしこうえん","公園・スポーツ","公園","06-6309-0008","","","","","街区公園","","135.448930000001","34.7270400000005","公園"
"竹島南公園","大阪市西淀川区竹島2丁目2番、4丁目1番","たけしまみなみこうえん","公園・スポーツ","公園","06-6309-0008","","","","","街区公園","","135.452154400001","34.7227344000005","公園"
"佃公園","大阪市西淀川区佃5-7","つくだこうえん","公園・スポーツ","公園","06-6309-0008","","","","","街区公園","","135.434688400001","34.7112617900006","公園"
"佃ふれあい公園","大阪市西淀川区佃2-1","つくだふれあいこうえん","公園・スポーツ","公園","06-6309-0008","","","","","街区公園","","135.448658500001","34.7136528100005","公園"
"新佃公園","大阪市西淀川区佃2丁目6番","しんつくだこうえん","公園・スポーツ","公園","06-6309-0008","","","","","街区公園","","135.447109400001","34.7142714000005","公園"
"東佃公園","大阪市西淀川区佃1丁目18番","ひがしつくだこうえん","公園・スポーツ","公園","06-6309-0008","","","","","街区公園","","135.448358500001","34.7188155000005","公園"
"佃中公園","大阪市西淀川区佃3丁目9番","つくだなかこうえん","公園・スポーツ","公園","06-6309-0008","","","","","街区公園","","135.441483000001","34.7116456000006","公園"
"大和田北公園","大阪市西淀川区大和田5-20","おおわだきたこうえん","公園・スポーツ","公園","06-6309-0008","","","","","街区公園","","135.443680000001","34.7085500000006","公園"
"西淀公園","大阪市西淀川区大和田1-1","にしよどこうえん","公園・スポーツ","公園","06-6309-0008","","","","","街区公園","","135.451930000001","34.7066700000005","公園"
"大和田中央公園","大阪市西淀川区大和田4-4","おおわだちゅうおうこうえん","公園・スポーツ","公園","06-6309-0008","","","","","街区公園","","135.443820000001","34.7057300000006","公園"
"千舟公園","大阪市西淀川区千舟2丁目8番","ちぶねこうえん","公園・スポーツ","公園","06-6309-0008","","","","","街区公園","","135.452264900001","34.7110290000005","公園"
"姫之里公園","大阪市西淀川区姫里2丁目7番","ひめのさとこうえん","公園・スポーツ","公園","06-6309-0008","","","","","街区公園","","135.459267700001","34.7062349000005","公園"
"上町公園","大阪市西淀川区姫里3丁目7番","うえまちこうえん","公園・スポーツ","公園","06-6309-0008","","","","","街区公園","","135.455765600001","34.7063360000005","公園"
"姫島東第一公園","大阪市西淀川区姫島1丁目1番","ひめじまひがしだいいちこうえん","公園・スポーツ","公園","06-6309-0008","","","","","街区公園","","135.459149800001","34.7028603000005","公園"
"姫島公園","大阪市西淀川区姫島4-14","ひめじまこうえん","公園・スポーツ","公園","06-6309-0008","","","","","街区公園","","135.452638900001","34.7043220600005","公園"
"南姫島公園","大阪市西淀川区姫島3丁目6番","みなみひめじまこうえん","公園・スポーツ","公園","06-6309-0008","","","","","街区公園","","135.450422200001","34.6991886000005","公園"
"東姫島公園","大阪市西淀川区姫島4丁目4番","ひがしひめじまこうえん","公園・スポーツ","公園","06-6309-0008","","","","","街区公園","","135.455718400001","34.7052929000005","公園"
"北姫島公園","大阪市西淀川区姫島4丁目21番","きたひめじまこうえん","公園・スポーツ","公園","06-6309-0008","","","","","街区公園","","135.449605600001","34.7044499000005","公園"
"姫島浜公園","大阪市西淀川区姫島3丁目14番","ひめじまはまこうえん","公園・スポーツ","公園","06-6309-0008","","","","","街区公園","","135.446718700001","34.7002064000005","公園"
"西姫島公園","大阪市西淀川区姫島6-4","にしひめじまこうえん","公園・スポーツ","公園","06-6309-0008","","","","","街区公園","","135.446662600001","34.7016410500005","公園"
"福町東公園","大阪市西淀川区福町1-11","ふくまちひがしこうえん","公園・スポーツ","公園","06-6309-0008","","","","","街区公園","","135.445413500001","34.6984988900006","公園"
"福町公園","大阪市西淀川区福町2丁目4番","ふくまちこうえん","公園・スポーツ","公園","06-6309-0008","","","","","街区公園","","135.441372600001","34.6981210000006","公園"
"福町西公園","大阪市西淀川区福町2-1","ふくまちにしこうえん","公園・スポーツ","公園","06-6309-0008","","","","","近隣公園","","135.443719600001","34.6963492700006","公園"
"福町北公園","大阪市西淀川区福町3丁目3番","ふくまちきたこうえん","公園・スポーツ","公園","06-6309-0008","","","","","街区公園","","135.444430000001","34.7025623000006","公園"
"百島公園","大阪市西淀川区百島1丁目3番","ひゃくしまこうえん","公園・スポーツ","公園","06-6309-0008","","","","","街区公園","","135.439471300001","34.6966181000006","公園"
"新淀川公園","大阪市西淀川区百島1-3","しんよどがわこうえん","公園・スポーツ","公園","06-6309-0008","","","","","近隣公園","","135.437789000001","34.6946855000006","公園"
"大野1丁目児童遊園","大阪市西淀川区大野1丁目4番","おおのいっちょうめじどうゆうえん","公園・スポーツ","児童遊園・広場","06-6478-9734(西淀川区役所)","","","","","","","135.440544500001","34.7013101000006","児童遊園・広場"
"中島公園","大阪市西淀川区中島1-22","なかじまこうえん","公園・スポーツ","公園","06-6309-0008","","","","","地区公園","","135.426488800001","34.6987443600006","公園"
"中島東公園","大阪市西淀川区中島1丁目3番","なかじまひがしこうえん","公園・スポーツ","公園","06-6309-0008","","","","","街区公園","","135.432122800001","34.7058379000006","公園"
"出来島西公園","大阪市西淀川区出来島3丁目2番","できじまにしこうえん","公園・スポーツ","公園","06-6309-0008","","","","","街区公園","","135.435696300001","34.7042398000006","公園"
"出来島公園","大阪市西淀川区出来島1丁目10番","できじまこうえん","公園・スポーツ","公園","06-6309-0008","","","","","街区公園","","135.440931900001","34.7089429000006","公園"
"大和田川公園","大阪市西淀川区出来島2丁目1番","おおおわだがわこうえん","公園・スポーツ","公園","06-6309-0008","","","","","街区公園","","135.438124500001","34.7049373000006","公園"
"西天満どんぐり公園","大阪市北区西天満3-7","にしてんまどんぐりこうえん","公園・スポーツ","公園","","","","","","街区公園","","135.507919","34.6959050000003","公園"
"蕪村公園","大阪市都島区毛馬町1-12","","公園・スポーツ","公園","","","","","","近隣公園","","135.5199","34.7187500000003","公園"
"高見新家公園","大阪市此花区高見1-2","","公園・スポーツ","公園","","","","","","地区公園","","135.462955400001","34.6904475900005","公園"
"島屋西公園","大阪市此花区島屋5-1","しまやにしこうえん","公園・スポーツ","公園","","","","","","街区公園","","135.436229000001","34.6685600000006","公園"
"安治川口北公園","大阪市此花区島屋6-1","あじがわぐちきたこうえん","公園・スポーツ","公園","","","","","","街区公園","","135.442130000001","34.6718888000006","公園"
"北港運河公園","大阪市此花区北港1-1","ほくこううんがこうえん","公園・スポーツ","公園","","","","","","近隣公園","","135.430771000001","34.6729190000006","公園"
"京町堀公園","大阪市西区京町堀1-2","きょうまちぼりこうえん","公園・スポーツ","公園","","","","","","街区公園","","135.497735","34.6874430000004","公園"
"日本橋公園","大阪市浪速区日本橋3-2","にほんばしこうえん","公園・スポーツ","公園","","","","","","街区公園","","135.50745","34.6615670000003","公園"
"浪速西公園","大阪市浪速区浪速西3-10","なにわにしこうえん","公園・スポーツ","公園","","","","","","街区公園","","135.485815000001","34.6553780000004","公園"
"芦原公園","大阪市浪速区久保吉2-1","","公園・スポーツ","公園","","","","","","近隣公園","","135.483389400001","34.6618593100004","公園"
"大国町北公園","大阪市浪速区大国2-3","だいこくちょうきたこうえん","公園・スポーツ","公園","","","","","","街区公園","","135.494677000001","34.6553430000004","公園"
"浪速公園","大阪市浪速区塩草1-1","","公園・スポーツ","公園","","","","","","近隣公園","","135.4938112","34.6622473100004","公園"
"鴎町公園","大阪市浪速区敷津西1-7","かもめちょうこうえん","公園・スポーツ","公園","","","","","","街区公園","","135.495106000001","34.6590930000004","公園"
"浪速中公園","大阪市浪速区浪速東2-8","なにわなかこうえん","公園・スポーツ","公園","","","","","","街区公園","","135.489329000001","34.6570770000004","公園"
"浪速北公園","大阪市浪速区浪速西1-10","なにわきたこうえん","公園・スポーツ","公園","","","","","","街区公園","","135.486086000001","34.6576040000004","公園"
"大国町南公園","大阪市浪速区大国2-14","だいこくちょうみなみこうえん","公園・スポーツ","公園","","","","","","街区公園","","135.495254000001","34.6529310000004","公園"
"日東公園","大阪市浪速区日本橋東3-2","にっとうこうえん","公園・スポーツ","公園","","","","","","街区公園","","135.50749","34.6580900000003","公園"
"愛染公園","大阪市浪速区下寺3-5","あいぜんこうえん","公園・スポーツ","公園","","","","","","街区公園","","135.509295","34.6565940000003","公園"
"桜川公園","大阪市浪速区桜川4-13","さくらがわこうえん","公園・スポーツ","公園","","","","","","街区公園","","135.483613000001","34.6656170000004","公園"
"元町中公園","大阪市浪速区元町1-6","もとまちなかこうえん","公園・スポーツ","公園","","","","","","街区公園","","135.496147000001","34.6648670000004","公園"
"立葉町公園","大阪市浪速区立葉2-4","たてばちょうこうえん","公園・スポーツ","公園","","","","","","街区公園","","135.485069000001","34.6640090000004","公園"
"難波中公園","大阪市浪速区難波中3-11","なんばなかこうえん","公園・スポーツ","公園","","","","","","街区公園","","135.499462","34.6606310000004","公園"
"高岸公園","大阪市浪速区敷津東3-9","たかぎしこうえん","公園・スポーツ","公園","","","","","","街区公園","","135.499859","34.6557360000004","公園"
"浪速南公園","大阪市浪速区浪速東3-8","なにわみなみこうえん","公園・スポーツ","公園","","","","","","街区公園","","135.489632000001","34.6545240000004","公園"
"稲荷町公園","大阪市浪速区桜川2-5","いなりちょうこうえん","公園・スポーツ","公園","","","","","","街区公園","","135.489686000001","34.6671830000004","公園"
"浪速第１公園","大阪市浪速区浪速西1-2","なにわだい１こうえん","公園・スポーツ","公園","","","","","","街区公園","","135.487996000001","34.6595590000004","公園"
"木津川公園","大阪市浪速区木津川2-3","きづがわこうえん","公園・スポーツ","公園","","","","","","街区公園","","135.483358000001","34.6576260000004","公園"
"恵美公園","大阪市浪速区恵美須西2-13","","公園・スポーツ","公園","","","","","","街区公園","","135.502142","34.6533034000004","公園"
"塩草公園","大阪市浪速区塩草2-8","","公園・スポーツ","公園","","","","","","街区公園","","135.492460000001","34.6592600000004","公園"
"久保吉公園","大阪市浪速区久保吉2-2","くぼよしこうえん","公園・スポーツ","公園","","","","","","街区公園","","135.484501000001","34.6603360000004","公園"
"浪速東３公園","大阪市浪速区浪速東3-3","なにわひがし３こうえん","公園・スポーツ","公園","","","","","","街区公園","","135.491498700001","34.6548508000004","公園"
"浪速玉姫公園","大阪市浪速区浪速東3-13","なにわたまひめこうえん","公園・スポーツ","公園","","","","","","街区公園","","135.488800000001","34.6557710000004","公園"
"戎南公園","大阪市浪速区戎本町2-5","えびすみなみこうえん","公園・スポーツ","公園","","","","","","街区公園","","135.500232","34.6520800000004","公園"
"新浪速公園","大阪市浪速区浪速西4-2","しんなにわこうえん","公園・スポーツ","公園","","","","","","街区公園","","135.486185000001","34.6528560000004","公園"
"浪速東公園","大阪市浪速区浪速東2-2","なにわひがしこうえん","公園・スポーツ","公園","","","","","","街区公園","","135.490933000001","34.6565940000004","公園"
"西栄緑道","大阪市浪速区浪速西3-8","にしさかえりょくどう","公園・スポーツ","公園","","","","","","緑道","","135.487247400001","34.6548684000004","公園"
"難波塩草敷津公園","大阪市浪速区元町2-14","なにわしおくさしきつこうえん","公園・スポーツ","公園","","","","","","都市緑地","","135.494039","34.6618360000004","公園"
"幸町西公園","大阪市浪速区幸町3-8","さいわいちょうにしこうえん","公園・スポーツ","公園","","","","","","街区公園","","135.482130000001","34.6686000000004","公園"
"大和田中一公園","大阪市西淀川区大和田3-10","おおわだなかいちこうえん","公園・スポーツ","公園","06-6309-0008","","","","","街区公園","","135.446746000001","34.7094780000005","公園"
"中島西公園","大阪市西淀川区中島2-6","なかじまにしこうえん","公園・スポーツ","公園","06-6309-0008","","","","","街区公園","","135.419135000001","34.6955350000007","公園"
"御幣六公園","大阪市西淀川区御幣島6-6","みてろくこうえん","公園・スポーツ","公園","06-6309-0008","","","","","街区公園","","135.453840000001","34.7203450000005","公園"
"姫松公園","大阪市西淀川区姫島3-14","ひめまつこうえん","公園・スポーツ","公園","06-6309-0008","","","","","街区公園","","135.447650000001","34.6996960000005","公園"
"中島中公園","大阪市西淀川区中島1-24","なかじまなかこうえん","公園・スポーツ","公園","06-6309-0008","","","","","街区公園","","135.427354000001","34.7034890000006","公園"
"川北中央公園","大阪市西淀川区中島1-42","かわきたちゅうおうこうえん","公園・スポーツ","公園","06-6309-0008","","","","","街区公園","","135.424462000001","34.7038180000006","公園"
"塚本駅前公園","大阪市淀川区塚本2-29","つかもとえきまえこうえん","公園・スポーツ","公園","06-6309-0008","","","","","街区公園","","135.468255000001","34.7137440000005","公園"
"新高東公園","大阪市淀川区新高3-8","にいたかひがしこうえん","公園・スポーツ","公園","06-6309-0008","","","","","街区公園","","135.482130000001","34.7370210000004","公園"
"三国駅前公園","大阪市淀川区西三国4-10","みくにえきまえこうえん","公園・スポーツ","公園","06-6309-0008","","","","","街区公園","","135.483224000001","34.7391620000004","公園"
"加島駅前公園","大阪市淀川区加島3-中4","かしまえきまえこうえん","公園・スポーツ","公園","06-6309-0008","","","","","街区公園","","135.453130000001","34.7297760000005","公園"
"野中北１公園","大阪市淀川区野中北1-6","のなかきた１こうえん","公園・スポーツ","公園","06-6309-0008","","","","","街区公園","","135.482438000001","34.7294980000004","公園"
"下新庄南公園","大阪市東淀川区下新庄2-6","しもしんじょうみなみこうえん","公園・スポーツ","公園","06-6309-0008","","","","","街区公園","","135.51975","34.7428730000003","公園"
"新今里公園","大阪市生野区新今里2-12","しんいまざとこうえん","公園・スポーツ","公園","","","","","","街区公園","","135.546371","34.6621800000003","公園"
"田島公園","大阪市生野区田島3-5","たじまこうえん","公園・スポーツ","公園","","","","","","街区公園","","135.542702","34.6483510000002","公園"
"舎利寺公園","大阪市生野区舎利寺3-9","しゃりじこうえん","公園・スポーツ","公園","","","","","","街区公園","","135.537863","34.6480260000003","公園"
"東中川公園","大阪市生野区新今里7-14","ひがしなかがわこうえん","公園・スポーツ","公園","","","","","","街区公園","","135.550969","34.6592740000003","公園"
"御勝山公園","大阪市生野区勝山北3-16","おかちやまこうえん","公園・スポーツ","公園","","","","","","街区公園","","135.5355191","34.6544536000003","公園"
"桃谷公園","大阪市生野区桃谷1-2","","公園・スポーツ","公園","","","","","","近隣公園","","135.5300512","34.6603465900003","公園"
"生野東公園","大阪市生野区生野東3-9","いくのひがしこうえん","公園・スポーツ","公園","","","","","","近隣公園","","135.534921","34.6509060000003","公園"
"田島南公園","大阪市生野区田島5-21","たじまみなみこうえん","公園・スポーツ","公園","","","","","","街区公園","","135.543652","34.6445000000002","公園"
"巽公園","大阪市生野区巽西1-7","","公園・スポーツ","公園","","","","","","地区公園","","135.54744","34.6515200000002","公園"
"中川公園","大阪市生野区中川2-4","なかがわこうえん","公園・スポーツ","公園","","","","","","街区公園","","135.543276","34.6614520000003","公園"
"西の川公園","大阪市生野区新今里1-14","にしのかわこうえん","公園・スポーツ","公園","","","","","","街区公園","","135.543394","34.6629700000003","公園"
"中川西公園","大阪市生野区中川西2-5","なかがわにしこうえん","公園・スポーツ","公園","","","","","","街区公園","","135.541299","34.6617230000003","公園"
"巽南公園","大阪市生野区巽南1-4","たつみみなみこうえん","公園・スポーツ","公園","","","","","","街区公園","","135.545752","34.6413800000002","公園"
"巽東公園","大阪市生野区巽東4-3","たつみひがしこうえん","公園・スポーツ","公園","","","","","","街区公園","","135.559348","34.6479450000002","公園"
"巽北公園","大阪市生野区巽北4-2","たつみきたこうえん","公園・スポーツ","公園","","","","","","街区公園","","135.556344","34.6545640000002","公園"
"小路公園","大阪市生野区小路東2-14","しょうじこうえん","公園・スポーツ","公園","","","","","","街区公園","","135.557443","34.6610390000002","公園"
"御勝山南公園","大阪市生野区勝山南3-3","おかちやまみなみこうえん","公園・スポーツ","公園","","","","","","街区公園","","135.53579","34.6536280000003","公園"
"御幸森公園","大阪市生野区桃谷5-8","みゆきもりこうえん","公園・スポーツ","公園","","","","","","街区公園","","135.5393279","34.6589060000003","公園"
"巽矢柄公園","大阪市生野区巽東1-10","たつみやがらこうえん","公園・スポーツ","公園","","","","","","街区公園","","135.554946","34.6499500000002","公園"
"勝山北公園","大阪市生野区勝山北1-11","かつやまきたこうえん","公園・スポーツ","公園","","","","","","街区公園","","135.529747","34.6549080000003","公園"
"中川南公園","大阪市生野区中川5-13","なかがわみなみこうえん","公園・スポーツ","公園","","","","","","街区公園","","135.545551","34.6568360000002","公園"
"生野南公園","大阪市生野区林寺4-6","いくのみなみこうえん","公園・スポーツ","公園","","","","","","街区公園","","135.535299","34.6427410000003","公園"
"小路西公園","大阪市生野区小路2-2","しょうじにしこうえん","公園・スポーツ","公園","","","","","","街区公園","","135.553316","34.6613330000002","公園"
"勝山西公園","大阪市生野区勝山南1-13","かつやまにしこうえん","公園・スポーツ","公園","","","","","","街区公園","","135.528578","34.6533110000003","公園"
"伊賀ヶ西公園","大阪市生野区巽中2-22","いががにしこうえん","公園・スポーツ","公園","","","","","","街区公園","","135.553302","34.6486040000002","公園"
"北鶴橋公園","大阪市生野区鶴橋3-5","きたつるはしこうえん","公園・スポーツ","公園","","","","","","街区公園","","135.535755","34.6624930000003","公園"
"巽西公園","大阪市生野区巽西4-6","たつみにしこうえん","公園・スポーツ","公園","","","","","","街区公園","","135.547203","34.6440100000003","公園"
"巽大地公園","大阪市生野区巽中3-9","","公園・スポーツ","公園","","","","","","街区公園","","135.55098","34.6476800000002","公園"
"小路南公園","大阪市生野区小路3-19","しょうじみなみこうえん","公園・スポーツ","公園","","","","","","街区公園","","135.555268","34.6563220000002","公園"
"巽東第一公園","大阪市生野区巽東1-1","たつみひがしだいいちこうえん","公園・スポーツ","公園","","","","","","街区公園","","135.555826","34.6527920000002","公園"
"小路東公園","大阪市生野区小路東2-23","しょうじひがしこうえん","公園・スポーツ","公園","","","","","","街区公園","","135.557704","34.6589590000002","公園"
"巽大地北公園","大阪市生野区巽中2-7","たつみだいちきたこうえん","公園・スポーツ","公園","","","","","","街区公園","","135.549649","34.6500030000002","公園"
"みゆき公園","大阪市生野区桃谷3-7","みゆきこうえん","公園・スポーツ","公園","","","","","","街区公園","","135.534621","34.6608960000003","公園"
"巽中東公園","大阪市生野区巽中1-5","たつみなかひがしこうえん","公園・スポーツ","公園","","","","","","街区公園","","135.549467","34.6517490000002","公園"
"桃谷南公園","大阪市生野区桃谷3-14","ももだにみなみこうえん","公園・スポーツ","公園","","","","","","街区公園","","135.535809","34.6590070000003","公園"
"中川東２公園","大阪市生野区中川東2-4","なかがわひがし２こうえん","公園・スポーツ","公園","","","","","","街区公園","","135.5508801","34.6578469000002","公園"
"巽東３公園","大阪市生野区巽東3-11","たつみひがし３こうえん","公園・スポーツ","公園","","","","","","街区公園","","135.559836","34.6523290000002","公園"
"巽西足代公園","大阪市生野区巽中1-20","たつみにしあじろこうえん","公園・スポーツ","公園","","","","","","街区公園","","135.552535","34.6515500000002","公園"
"巽伊賀ヶ公園","大阪市生野区巽東1-16","たつみいががこうえん","公園・スポーツ","公園","","","","","","街区公園","","135.555882","34.6489840000002","公園"
"生野西４公園","大阪市生野区生野西4-7","いくのにし４こうえん","公園・スポーツ","公園","","","","","","街区公園","","135.529066","34.6476470000003","公園"
"南巽公園","大阪市生野区巽南3-10","みなみたつみこうえん","公園・スポーツ","公園","","","","","","街区公園","","135.551768","34.6411440000002","公園"
"御幸森第２公園","大阪市生野区桃谷5-4","みゆきもりだい２こうえん","公園・スポーツ","公園","","","","","","街区公園","","135.538335","34.6609530000003","公園"
"巽西１公園","大阪市生野区巽西1-3","たつみにし１こうえん","公園・スポーツ","公園","","","","","","街区公園","","135.544797","34.6516560000003","公園"
"生野東４公園","大阪市生野区生野東4-5","いくのひがし４こうえん","公園・スポーツ","公園","","","","","","街区公園","","135.534717","34.6468350000003","公園"
"巽北西公園","大阪市生野区巽北1-21","たつみきたにしこうえん","公園・スポーツ","公園","","","","","","街区公園","","135.545478","34.6541340000003","公園"
"林寺西公園","大阪市生野区林寺2-16","はやしじにしこうえん","公園・スポーツ","公園","","","","","","街区公園","","135.531356","34.6447300000003","公園"
"北鶴橋第２公園","大阪市生野区鶴橋4-1","きたつるはしだい２こうえん","公園・スポーツ","公園","","","","","","街区公園","","135.536927","34.6651940000003","公園"
"巽西みのり公園","大阪市生野区巽西3-15","たつみにしみのりこうえん","公園・スポーツ","公園","","","","","","街区公園","","135.547632","34.6464529000002","公園"
"中川６公園","大阪市生野区中川6-12","なかがわ６こうえん","公園・スポーツ","公園","","","","","","街区公園","","135.542412","34.6545200000002","公園"
"舎利寺中央公園","大阪市生野区勝山南4-7","しゃりじちゅうおうこうえん","公園・スポーツ","公園","","","","","","街区公園","","135.539226","34.6529860000003","公園"
"猫間川公園","大阪市生野区生野西1-18","ねこまがわこうえん","公園・スポーツ","公園","","","","","","街区公園","","135.524965","34.6487520000003","公園"
"北鶴ふれあい公園","大阪市生野区鶴橋1-6","きたつるふれあいこうえん","公園・スポーツ","公園","","","","","","街区公園","","135.52986","34.6633490000003","公園"
"新田島公園","大阪市生野区田島5-7","しんたじまこうえん","公園・スポーツ","公園","","","","","","街区公園","","135.541613","34.6431080000002","公園"
"つるのはし跡公園","大阪市生野区桃谷3-17","つるのはしあとこうえん","公園・スポーツ","公園","","","","","","街区公園","","135.533845","34.6583120000003","公園"
"巽北さくら公園","大阪市生野区巽北2-7","たつみきたさくらこうえん","公園・スポーツ","公園","","","","","","街区公園","","135.549121","34.6544980000002","公園"
"楠正長史跡公園","大阪市生野区巽南4-2","くすのきまさながしせきこうえん","公園・スポーツ","公園","","","","","","街区公園","","135.551607","34.6399340000002","公園"
"巽中４公園","大阪市生野区巽中4-6","たつみなか４こうえん","公園・スポーツ","公園","","","","","","街区公園","","135.550086","34.6448950000003","公園"
"巽南ふれあい公園","大阪市生野区巽南5-18","たつみみなみふれあいこうえん","公園・スポーツ","公園","","","","","","街区公園","","135.552052","34.6336650000002","公園"
"鴫野東２公園","大阪市城東区鴫野東2-27","しぎのひがし２こうえん","公園・スポーツ","公園","","","","","","街区公園","","135.548801","34.6921830000002","公園"
"今福南古堤公園","大阪市城東区今福南2-4","いまふくみなみふるつつみこうえん","公園・スポーツ","公園","","","","","","街区公園","","135.553399","34.6961660000002","公園"
"蒲生二ふれあい公園","大阪市城東区蒲生2-6","がもうにふれあいこうえん","公園・スポーツ","公園","","","","","","緑道","","135.540841","34.6991780000003","公園"
"放出駅南公園","大阪市鶴見区放出東3-35","はなてんえきみなみこうえん","公園・スポーツ","公園","","","","","","街区公園","","135.562835","34.6872910000002","公園"
"放出駅南第２公園","大阪市鶴見区放出東3-34","はなてんえきみなみだい２こうえん","公園・スポーツ","公園","","","","","","街区公園","","135.5648383","34.6877742000002","公園"
"金塚ふれあい東公園","大阪市阿倍野区阿倍野筋３丁目11","かなづかふれあいひがしこうえん","公園・スポーツ","公園","","","","","","街区公園","","135.510977","34.6431920000003","公園"
"金塚ふれあい中央公園","大阪市阿倍野区阿倍野筋1-6","かなづかふれあいちゅうおうこうえん","公園・スポーツ","公園","","","","","","街区公園","","135.5102339","34.6439638000003","公園"
"中加賀屋公園","大阪市住之江区中加賀屋1-5","","公園・スポーツ","公園","","","","","","近隣公園","","135.481640000001","34.6194900000004","公園"
"浜口西公園","大阪市住之江区浜口西2-6","","公園・スポーツ","公園","","","","","","街区公園","","135.484270000001","34.6107600000004","公園"
"浜口東公園","大阪市住之江区西住之江1-3","はまぐちひがしこうえん","公園・スポーツ","公園","","","","","","街区公園","","135.486271000001","34.6069320000004","公園"
"北加賀屋公園","大阪市住之江区北加賀屋5-3","","公園・スポーツ","公園","","","","","","近隣公園","","135.475491500001","34.6229068200004","公園"
"加賀屋公園","大阪市住之江区中加賀屋3-17","かがやこうえん","公園・スポーツ","公園","","","","","","街区公園","","135.478444000001","34.6159430000004","公園"
"安住公園","大阪市住之江区住之江3-16","あずみこうえん","公園・スポーツ","公園","","","","","","街区公園","","135.485002000001","34.5978540000004","公園"
"加賀屋北公園","大阪市住之江区北加賀屋1-2","かがやきたこうえん","公園・スポーツ","公園","","","","","","街区公園","","135.481462000001","34.6240570000004","公園"
"西加賀屋公園","大阪市住之江区西加賀屋3-8","にしかがやこうえん","公園・スポーツ","公園","","","","","","街区公園","","135.476545000001","34.6163430000004","公園"
"新北島南公園","大阪市住之江区新北島2-3","しんきたじまみなみこうえん","公園・スポーツ","公園","","","","","","街区公園","","135.471001000001","34.6037440000005","公園"
"粉浜公園","大阪市住之江区粉浜西2-6","こはまこうえん","公園・スポーツ","公園","","","","","","街区公園","","135.488315000001","34.6189080000004","公園"
"新北島東公園","大阪市住之江区新北島3-5","","公園・スポーツ","公園","","","","","","街区公園","","135.469760000001","34.6069500000005","公園"
"緑木公園","大阪市住之江区緑木2-1","みどりぎこうえん","公園・スポーツ","公園","","","","","","街区公園","","135.472967000001","34.6155640000005","公園"
"南加賀屋公園","大阪市住之江区南加賀屋3-1","みなみかがやこうえん","公園・スポーツ","公園","","","","","","街区公園","","135.475354000001","34.6064200000004","公園"
"新北島西公園","大阪市住之江区新北島7-3","しんきたじまにしこうえん","公園・スポーツ","公園","","","","","","近隣公園","","135.460388000001","34.6093430000005","公園"
"平林北公園","大阪市住之江区平林北1-2","ひらばやしきたこうえん","公園・スポーツ","公園","","","","","","街区公園","","135.460085000001","34.6209280000005","公園"
"粉浜北公園","大阪市住之江区粉浜西1-4","こはまきたこうえん","公園・スポーツ","公園","","","","","","街区公園","","135.488959000001","34.6225080000004","公園"
"浜口公園","大阪市住之江区浜口西3-4","","公園・スポーツ","公園","","","","","","街区公園","","135.483914300001","34.6083440000004","公園"
"平林南公園","大阪市住之江区平林南2-6","ひらばやしみなみこうえん","公園・スポーツ","公園","","","","","","街区公園","","135.456308000001","34.6092940000005","公園"
"御崎南公園","大阪市住之江区御崎7-3","みさきみなみこうえん","公園・スポーツ","公園","","","","","","近隣公園","","135.480848000001","34.6054440000004","公園"
"柴谷公園","大阪市住之江区柴谷2-7","","公園・スポーツ","公園","","","","","","近隣公園","","135.466104100001","34.6177180700005","公園"
"北島公園","大阪市住之江区北島3-17","きたじまこうえん","公園・スポーツ","公園","","","","","","街区公園","","135.478962000001","34.6003730000004","公園"
"安立北公園","大阪市住之江区安立1-10","あんりゅうきたこうえん","公園・スポーツ","公園","","","","","","街区公園","","135.490144000001","34.6068220000004","公園"
"霰松原公園","大阪市住之江区安立2-11","あられまつばらこうえん","公園・スポーツ","公園","","","","","","街区公園","","135.488666000001","34.6043120000004","公園"
"御崎東公園","大阪市住之江区御崎3-3","みさきひがしこうえん","公園・スポーツ","公園","","","","","","街区公園","","135.481035000001","34.6104380000004","公園"
"御崎中公園","大阪市住之江区御崎5-1","みさきなかこうえん","公園・スポーツ","公園","","","","","","街区公園","","135.483036000001","34.6087400000004","公園"
"敷津浦東公園","大阪市住之江区御崎7-15","","公園・スポーツ","公園","","","","","","街区公園","","135.479567700001","34.6031912400004","公園"
"南加賀屋西公園","大阪市住之江区南加賀屋4-6","みなみかがやにしこうえん","公園・スポーツ","公園","","","","","","街区公園","","135.473300000001","34.6030930000004","公園"
"粉浜東公園","大阪市住之江区粉浜1-5","こはまひがしこうえん","公園・スポーツ","公園","","","","","","街区公園","","135.490533000001","34.6220690000004","公園"
"西住之江南公園","大阪市住之江区西住之江3-13","にしすみのえみなみこうえん","公園・スポーツ","公園","","","","","","街区公園","","135.482918000001","34.6000350000004","公園"
"粉浜中公園","大阪市住之江区粉浜1-27","こはまなかこうえん","公園・スポーツ","公園","","","","","","街区公園","","135.490890000001","34.6187510000004","公園"
"南港太陽のまち公園","大阪市住之江区南港中4-5","なんこうたいようのまちこうえん","公園・スポーツ","公園","","","","","","近隣公園","","135.424773000001","34.6339080000006","公園"
"南港緑公園","大阪市住之江区南港中2-6","なんこうみどりこうえん","公園・スポーツ","公園","","","","","","近隣公園","","135.428204000001","34.6287340000006","公園"
"南港海のまち公園","大阪市住之江区南港中3-6","なんこううみのまちこうえん","公園・スポーツ","公園","","","","","","近隣公園","","135.425262000001","34.6278490000006","公園"
"南港花のまち公園","大阪市住之江区南港中5-4","なんこうはなのまちこうえん","公園・スポーツ","公園","","","","","","近隣公園","","135.420704000001","34.6337510000006","公園"
"南港公園","大阪市住之江区南港中3-1","なんこうこうえん","公園・スポーツ","公園","","","","","","地区公園","","135.425361000001","34.6302680000006","公園"
"南港中央公園","大阪市住之江区南港東8-5","","公園・スポーツ","公園","","","","","","総合公園","","135.432219900001","34.6319450400006","公園"
"東加賀屋公園","大阪市住之江区東加賀屋2-14","ひがしかがやこうえん","公園・スポーツ","公園","","","","","","街区公園","","135.482127000001","34.6175390000004","公園"
"平林西公園","大阪市住之江区平林南2-12","ひらばやしにしこうえん","公園・スポーツ","公園","","","","","","街区公園","","135.447253000001","34.6131550000005","公園"
"安立南公園","大阪市住之江区安立3-8","あんりゅうみなみこうえん","公園・スポーツ","公園","","","","","","街区公園","","135.487612000001","34.6015680000004","公園"
"新北島中公園","大阪市住之江区新北島3-7","しんきたじまなかこうえん","公園・スポーツ","公園","","","","","","街区公園","","135.466342000001","34.6073100000005","公園"
"北加賀屋東公園","大阪市住之江区北加賀屋1-5","きたかがやひがしこうえん","公園・スポーツ","公園","","","","","","街区公園","","135.480359000001","34.6219670000004","公園"
"粉浜南公園","大阪市住之江区粉浜3-2","こはまみなみこうえん","公園・スポーツ","公園","","","","","","街区公園","","135.489318000001","34.6161090000004","公園"
"新北島会館南公園","大阪市住之江区新北島5-3","しんきたじまかいかんみなみこうえん","公園・スポーツ","公園","","","","","","街区公園","","135.462863000001","34.6074360000005","公園"
"御崎北公園","大阪市住之江区御崎1-8","みさききたこうえん","公園・スポーツ","公園","","","","","","街区公園","","135.482175000001","34.6114070000004","公園"
"西住之江中公園","大阪市住之江区西住之江2-15","にしすみのえなかこうえん","公園・スポーツ","公園","","","","","","街区公園","","135.485442000001","34.6020090000004","公園"
"大和川北公園","大阪市住之江区新北島8-1","やまとがわきたこうえん","公園・スポーツ","公園","","","","","","街区公園","","135.460868000001","34.6070290000005","公園"
"東加賀屋１公園","大阪市住之江区東加賀屋1-3","ひがしかがや１こうえん","公園・スポーツ","公園","","","","","","街区公園","","135.485013000001","34.6186430000004","公園"
"加賀屋緑地","大阪市住之江区南加賀屋4-8","","公園・スポーツ","公園","","","","","","都市緑地","","135.475020000001","34.6024100000005","公園"
"平林泉公園","大阪市住之江区泉2-1","","公園・スポーツ","公園","","","","","","街区公園","","135.461870800001","34.6131898900005","公園"
"今川緑道","大阪市東住吉区今川4-23","いまがわりょくどう","公園・スポーツ","公園","","","","","","緑道","","135.5344596","34.6359268000003","公園"
"大和川南公園","大阪市東住吉区矢田7-1","やまとがわみなみこうえん","公園・スポーツ","公園","","","","","","地区公園","","135.527998","34.5962620000003","公園"
"針中野東公園","大阪市東住吉区針中野4-12","はりなかのひがしこうえん","公園・スポーツ","公園","","","","","","街区公園","","135.537539","34.6177200000003","公園"
"川辺大和川公園","大阪市平野区長吉長原西4-5","","公園・スポーツ","公園","","","","","","近隣公園","","135.5666616","34.5972863800002","公園"
"喜連北公園","大阪市平野区喜連5-9","きれきたこうえん","公園・スポーツ","公園","","","","","","街区公園","","135.558323","34.6154070000002","公園"
"六反さくら公園","大阪市平野区長吉六反1-8","","公園・スポーツ","公園","","","","","","近隣公園","","135.5803415","34.6099913800002","公園"
"出戸やすらぎ公園","大阪市平野区長吉出戸7-6","でとやすらぎこうえん","公園・スポーツ","公園","","","","","","街区公園","","135.574819","34.6105480000002","公園"
"長橋１公園","大阪市西成区長橋1-4","ながはし１こうえん","公園・スポーツ","公園","","","","","","街区公園","","135.496109000001","34.6492880000004","公園"
"西成開発３号公園","大阪市西成区津守3-8","にしなりかいはつ３ごうこうえん","公園・スポーツ","公園","","","","","","街区公園","","135.480754000001","34.6363240000004","公園"
"西成開発４号公園","大阪市西成区津守3-8","にしなりかいはつ４ごうこうえん","公園・スポーツ","公園","","","","","","街区公園","","135.480765000001","34.6384470000004","公園"
"山王みどり公園","大阪市西成区山王1-11","さんのうみどりこうえん","公園・スポーツ","公園","","","","","","緑道","","135.5055937","34.6471899000003","公園"
"恩貴島公園","大阪市此花区春日出南3-3","おきじまこうえん","公園・スポーツ","公園","","","","","","街区公園","","135.445858000001","34.6738810000005","公園"
"野田南緑道","大阪市福島区野田1-1","のだみなみりょくどう","公園・スポーツ","公園","","","","","","緑道","","135.480689000001","34.6851520000004","公園"
"新家西公園","大阪市福島区大開4-3","しんけにしこうえん","公園・スポーツ","公園","","","","","","街区公園","","135.464188000001","34.6884510000005","公園"
"桜島北公園","大阪市此花区桜島2-1","さくらじまきたこうえん","公園・スポーツ","公園","","","","","","近隣公園","","135.431358000001","34.6616280000006","公園"
"天満橋緑道","大阪市中央区天満橋京町1","てんまばしりょくどう","公園・スポーツ","公園","","","","","","緑道","","135.518994","34.6909148000003","公園"
"城見緑道","大阪市中央区城見1-1","しろみりょくどう","公園・スポーツ","公園","","","","","","緑道","","135.53045","34.6909610000003","公園"
"大川町公園","大阪市中央区北浜4-1","おおかわちょうこうえん","公園・スポーツ","公園","","","","","","街区公園","","135.4994112","34.6926857000004","公園"
"東上町公園","大阪市天王寺区東上町2","とうじょうちょうこうえん","公園・スポーツ","公園","","","","","","街区公園","","135.529393","34.6640240000003","公園"
"戎公園","大阪市浪速区戎本町1-3","えびすこうえん","公園・スポーツ","公園","","","","","","街区公園","","135.499545","34.6528870000004","公園"
"今宮駅前第１公園","大阪市浪速区大国3-13","いまみやえきまえだい１こうえん","公園・スポーツ","公園","","","","","","街区公園","","135.494143000001","34.6521720000004","公園"
"今宮駅前第２公園","大阪市浪速区大国3-13","いまみやえきまえだい２こうえん","公園・スポーツ","公園","","","","","","街区公園","","135.493634","34.6532180000004","公園"
"加島浜公園","大阪市淀川区加島4-10","かしまはまこうえん","公園・スポーツ","公園","06-6309-0008","","","","","街区公園","","135.453014400001","34.7324211000005","公園"
"宮原公園","大阪市淀川区西宮原1-6","みやはらこうえん","公園・スポーツ","公園","06-6309-0008","","","","","街区公園","","135.490125000001","34.7321300000004","公園"
"生野西公園","大阪市生野区生野西3-6","いくのにしこうえん","公園・スポーツ","公園","","","","","","街区公園","","135.527947","34.6503980000003","公園"
"島屋南公園","大阪市此花区島屋６－２","しまやみなみこうえん","公園・スポーツ","公園","","","","","","街区公園","","135.441180000001","34.6709420000006","公園"
"恩貴島緑地","大阪市此花区春日出南３－２","おきじまりょくち","公園・スポーツ","公園","","","","","","街区公園","","135.446056700001","34.6755637000005","公園"
"高津花壇公園","大阪市中央区高津３－２","こうづかだんこうえん","公園・スポーツ","公園","","","","","","街区公園","","135.510022","34.6642210000003","公園"
"西横堀公園","大阪市西区北堀江1-1","にしよこぼりこうえん","公園・スポーツ","公園","","","","","","街区公園","","135.497681","34.6797770000004","公園"
"加島小公園","大阪市淀川区加島1-37","かしましょうこうえん","公園・スポーツ","公園","06-6309-0008","","","","","街区公園","","135.456721000001","34.7269540000005","公園"
"西住之江公園","大阪市住之江区西住之江１－３","にしすみのえこうえん","公園・スポーツ","公園","","","","","","街区公園","","135.485560000001","34.6053340000004","公園"
"針中野わくわく公園","大阪市東住吉区針中野１－１６","はりなかのわくわくこうえん","公園・スポーツ","公園","","","","","","街区公園","","135.534014","34.6188280000003","公園"
"まつむし広場","大阪市阿倍野区松虫通１丁目２","まつむしひろば","公園・スポーツ","児童遊園・広場","","","https://www.city.osaka.lg.jp/toshiseibi/page/0000039421.html","","","まちかど広場整備事業","","135.509282","34.6358340000003","児童遊園・広場"
"たまつ和ひろば","大阪市東成区玉津２丁目３","たまつなごみひろば","公園・スポーツ","児童遊園・広場","","","https://www.city.osaka.lg.jp/toshiseibi/page/0000039421.html","","","まちかど広場整備事業","","135.537305","34.6695060000003","児童遊園・広場"
"ももに広場","大阪市生野区勝山北２丁目１","ももにひろば","公園・スポーツ","児童遊園・広場","","","https://www.city.osaka.lg.jp/toshiseibi/page/0000208977.html","","","まちかど広場整備事業","","135.531418","34.6569710000003","児童遊園・広場"
"えびえにし防災広場","大阪市福島区海老江８丁目１３","えびえにしぼうさいひろば","公園・スポーツ","児童遊園・広場","","","https://www.city.osaka.lg.jp/toshiseibi/page/0000039421.html","","","まちかど広場整備事業","","135.468267100001","34.6958906300005","児童遊園・広場"
"阪南播磨公園","大阪市阿倍野区阪南町６丁目３","はんなんはりまこうえん","公園・スポーツ","児童遊園・広場","","","","","","","","135.511385","34.6209830000003","児童遊園・広場"
"旭プール","大阪市旭区高殿5-3-25","あさひぷーる","公園・スポーツ","体育施設","06-6952-2161","ー","http://osakashi.opas.jp/chikubetu/toubu/asahi/asahipool/index.html","","https://www.osaka-heartfulweb.jp/160603.html","","","135.5411689","34.7172388600003","体育施設"
"靭テニスセンター","大阪市西区靭本町1-9外","うつぼてにすせんたー","公園・スポーツ","公園","","","","","","","","135.494560200001","34.6861894100004","公園"
"正蓮寺川公園","大阪市此花区朝日2","","公園・スポーツ","公園","","","","","","","","135.461800100001","34.6865246500005","公園"
"大阪城西の丸庭園","大阪市中央区大阪城1-1外","","公園・スポーツ","公園","","","","","","","","135.5256796","34.6873018500003","公園"
"矢倉緑地公園","大阪市西淀川区西島2-1","やぐらりょくちこうえん","公園・スポーツ","公園","06-6309-0008","","","","","","","135.418417300001","34.6874260200007","公園"
"巽東緑地公園","大阪市生野区巽東4-10外","","公園・スポーツ","公園","","","","","","","","135.5596354","34.6453136500002","公園"
"高殿7公園","大阪市旭区高殿7-15","","公園・スポーツ","公園","","","","","","","","135.54897","34.7176200000002","公園"
"鶴見緑地（市内）","大阪市鶴見区緑地公園2外","","公園・スポーツ","公園","","","","","","","","135.57708","34.7133239300002","公園"
"南港東公園","大阪市住之江区南港東2-1外","","公園・スポーツ","公園","","","","","","","","135.442811200001","34.6150293900006","公園"
"照丘矢田公園","大阪市東住吉区照ヶ丘矢田1-16","","公園・スポーツ","公園","","","","","","","","135.5346151","34.6082184200003","公園"
"乗馬苑","大阪府守口市高瀬旧大枝510","","公園・スポーツ","公園","","","","","","","","135.5711103","34.7149876600002","公園"
"桜島臨港緑地","大阪市此花区桜島3-10","","公園・スポーツ","公園","","","","","","","","135.429401500001","34.6606504400006","公園"
"常吉臨港緑地","大阪市此花区常吉2-4","","公園・スポーツ","公園","","","","","","","","135.413540000001","34.6763100000007","公園"
"舞洲緑道","大阪市此花区北港緑地2-1","","公園・スポーツ","公園","","","","","","","","135.396401600001","34.6706443900008","公園"
"第1・2突堤中臨港緑地","大阪市港区海岸通3-3","","公園・スポーツ","公園","","","","","","","","135.440254700001","34.6487119900006","公園"
"第1・2突堤北臨港緑地","大阪市港区海岸通3-4","","公園・スポーツ","公園","","","","","","","","135.441674800001","34.6498455100006","公園"
"弁天ふ頭臨港緑地","大阪市港区弁天6-7","","公園・スポーツ","公園","","","","","","","","135.450692500001","34.6716437400005","公園"
"大正内港臨港緑地","大阪市大正区小林西1-15､千島3-24","","公園・スポーツ","公園","","","","","","","","135.469100000001","34.6482800000005","公園"
"鶴浜緑地","大阪市大正区鶴町3-27","","公園・スポーツ","公園","","","","","","","","135.448680000001","34.6406900000005","公園"
"コスモスクエア海浜緑地","大阪市住之江区南港北1-33","","公園・スポーツ","公園","","","","","","","","135.411475200001","34.6429952500007","公園"
"港大橋臨港緑地","大阪市住之江区南港東9-1","","公園・スポーツ","公園","","","","","","","","135.435170000001","34.6416200000006","公園"
"川のある緑道","大阪市住之江区南港中2-2","","公園・スポーツ","公園","","","","","","","","135.422637200001","34.6328425700006","公園"
"南港緑道","大阪市住之江区南港北2-7","","公園・スポーツ","公園","","","","","","","","135.408437500001","34.6387459100007","公園"
"プラザ池臨港緑地","大阪市住之江区南港中3-1","","公園・スポーツ","公園","","","","","","","","135.425394600001","34.6312186600006","公園"
"飛田児童遊園","大阪市西成区山王3丁目5番","とびたじどうゆうえん","公園・スポーツ","児童遊園・広場","","","","","","","","135.5048981","34.6427981100003","児童遊園・広場"
"旭北八児童遊園","大阪市西成区旭3丁目6番","あさひきたはちじどうゆうえん","公園・スポーツ","児童遊園・広場","","","","","","","","135.487161600001","34.6452602200004","児童遊園・広場"
"玉出児童遊園","大阪市西成区玉出西2丁目4番","たまでじどうゆうえん","公園・スポーツ","児童遊園・広場","","","","","","","","135.489902500001","34.6242237700004","児童遊園・広場"
"新開児童遊園","大阪市西成区千本中1丁目19番","しんかいじどうゆうえん","公園・スポーツ","児童遊園・広場","","","","","","","","135.489226300001","34.6341360900004","児童遊園・広場"
"山王児童遊園","大阪市西成区山王１丁目11番","さんのうじどうゆうえん","公園・スポーツ","児童遊園・広場","","","","","","","","135.5059303","34.6472983500003","児童遊園・広場"
"橘東児童遊園","大阪市西成区花園南2丁目4番","たちばなひがしじどうゆうえん","公園・スポーツ","児童遊園・広場","","","","","","","","135.4963755","34.6387237100004","児童遊園・広場"
"シティゴルフつるみ","鶴見区諸口6-16-20","してぃごるふつるみ","公園・スポーツ","体育施設","06-6912-4010","","https://sports-service.mizuno.jp/golf/tsurumi","","","","","135.575","34.7079200000002","体育施設"
"オートキャンプ場","此花区北港緑地2-1","おーときゃんぷじょう","公園・スポーツ","公園","06-6615-7797","06-6615-7729","https://maishima.com/bbq-park/","","","","","135.396311900001","34.6676895000008","公園"
"バーベキュー広場","此花区北港緑地2-1","ばーべきゅーひろば","公園・スポーツ","公園","06-6615-7797","06-6615-7729","https://maishima.com/bbq-park/","","","","","135.396307100001","34.6677624000008","公園"
"舞洲多目的人工芝運動場","此花区北港緑地1-48","まいしまたもくてきじんこうしばうんどうじょう","公園・スポーツ","公園","06-6615-7797","06-6615-7729","https://stadium.ultra.jp/","","","","","135.404229900001","34.6715025000007","公園"
"旭運動場（ニッタク・プレイフィールド旭）","大阪市旭区高殿5-7　旭公園内","あさひうんどうじょう（にったく・ぷれいふぃーるどあさひ）","公園・スポーツ","体育施設","06-6912-0650","06-6913-6804","http://osakashi.opas.jp/chikubetu/toubu/asahi/asahiundojo/index.html","","","","","135.540906","34.7184750200003","体育施設"
"旭庭球場（ニッタク・テニスコート旭）","大阪市旭区高殿5-8　旭公園内","あさひていきゅうじょう（にったく・てにすこーとあさひ）","公園・スポーツ","体育施設","06-6912-0650","06-6913-6804","http://osakashi.opas.jp/chikubetu/toubu/asahi/asahiteikyujo/index.html","","","","","135.5398377","34.7176709100003","体育施設"
"歌島運動場","大阪市西淀川区御幣島5-7　歌島公園内","うたじまうんどうじょう","公園・スポーツ","体育施設","06-6309-0008","06-6885-1591","http://osakashi.opas.jp/chikubetu/hokubu/niyodo/utazima_undou/index.html","","","","","135.457921700001","34.7199634500005","体育施設"
"海老江東公園","大阪市福島区海老江１丁目４","えびえひがしこうえん","公園・スポーツ","公園","","","","","","街区公園","","135.475101900001","34.6963920600004","公園"
"喜連 ２公園","大阪市平野区喜連2丁目５","きれ２こうえん","公園・スポーツ","公園","","","","","","街区公園","","135.5494918","34.6102434900002","公園"
"広田・関谷公園","大阪市浪速区日本橋西２丁目７","ひろたせきやこうえん","公園・スポーツ","公園","","","","","","街区公園","","135.5031323","34.6561830900004","公園"
"山之内西庭球場","大阪市住吉区山之内5　 山之内西公園内","やまのうちにしていきゅうじょう","公園・スポーツ","体育施設","06-6691-7200","06-6691-6976","http://osakashi.opas.jp/chikubetu/nanbu/sumiyoshi/yamanouchitei/index.html","","","","","135.5004983","34.5886665100004","体育施設"
"出来島第一公園","大阪市西淀川区出来島１丁目10","できじまだいいちこうえん","公園・スポーツ","公園","","","","","","街区公園","","135.440751700001","34.7090000000006","公園"
"出来島第二公園","大阪市西淀川区出来島１丁目12","できじまだいにこうえん","公園・スポーツ","公園","","","","","","街区公園","","135.438000000001","34.7075494100006","公園"
"小林野球場","大阪市大正区小林東2-6　小林公園内","こばやしやきゅうじょう","公園・スポーツ","体育施設","06-6571-0552","06-6572-1663","http://osakashi.opas.jp/chikubetu/seibu/taisho/kobayashiyakyujo/index.html","","","","","135.474967400001","34.6444147300004","体育施設"
"真田山庭球場（だいしん真田山テニスの森）","大阪市天王寺区真田山町5　真田山公園内","さなだやまていきゅうじょう（だいしんさなだやまてにすのもり）","公園・スポーツ","体育施設","06-6761-1770","06-6761-1645","http://osakashi.opas.jp/chikubetu/chubu/tennoji/sanadayama_teikyujo/index.html","","","","","135.5281146","34.6702174200003","体育施設"
"西三国高須公園","大阪市淀川区西三国１丁目27","にしみくにたかすこうえん","公園・スポーツ","公園","","","","","","街区公園","","135.491302000001","34.7437149700004","公園"
"太子公園","大阪市西成区太子１丁目14","たいしこうえん","公園・スポーツ","公園","","","","","","街区公園","","135.5044763","34.6465410300004","公園"
"大道北公園","大阪市東淀川区大道南２丁目19","だいどうきたこうえん","公園・スポーツ","公園","","","","","","街区公園","","135.5486879","34.7459154800002","公園"
"大領公園","大阪市住吉区大領３丁目１","だいりょうこうえん","公園・スポーツ","公園","","","","","","街区公園","","135.5074947","34.6165655300003","公園"
"沢之町運動場","大阪市住吉区南住吉3-15 沢之町公園内","さわのちょううんどうじょう","公園・スポーツ","体育施設","06-6691-7200","06-6691-6976","http://osakashi.opas.jp/chikubetu/nanbu/sumiyoshi/sawanoundo/index.html","","","","","135.5020339","34.6045695700004","体育施設"
"中開公園","大阪市西成区中開３丁目２","なかびらきこうえん","公園・スポーツ","公園","","","","","","街区公園","","135.488536700001","34.6524475900004","公園"
"中島第２野球場","大阪市西淀川区中島2-3-87　中島公園内","なかじまだいにやきゅうじょう","公園・スポーツ","体育施設","06-6309-0008","06-6885-1591","http://osakashi.opas.jp/chikubetu/hokubu/niyodo/nakazima_yakyuujyou2/index.html","","","","","135.420814300001","34.7031334700007","体育施設"
"中島庭球場","大阪市西淀川区中島1-22　中島公園内","なかじまていきゅうじょう","公園・スポーツ","体育施設","06-6309-0008","06-6885-1591","http://osakashi.opas.jp/chikubetu/hokubu/niyodo/nakazima_teikyuujyou/index.html","","","","","135.424653900001","34.7001312900006","体育施設"
"中島野球場","大阪市西淀川区中島1-22　中島公園内","なかじまやきゅうじょう","公園・スポーツ","体育施設","06-6309-0008","06-6885-1591","http://osakashi.opas.jp/chikubetu/hokubu/niyodo/nakazima_yakyuujyou/index.html","","","","","135.426587100001","34.6990364300006","体育施設"
"鶴町南運動場","大阪市大正区鶴町1-19　鶴町南公園内","つるまちみなみうんどうじょう","公園・スポーツ","体育施設","06-6571-0552","06-6572-1663","http://osakashi.opas.jp/chikubetu/seibu/taisho/tsurumachiundojo/index.html","","","","","135.455123900001","34.6357408700005","体育施設"
"天下茶屋史跡公園","大阪市西成区岸里東２丁目","てんがちゃやしせきこうえん","公園・スポーツ","公園","","","","","","街区公園","","135.496797100001","34.6300601900004","公園"
"桃谷野球場","大阪市生野区桃谷1-2　桃谷公園内","ももだにやきゅうじょう","公園・スポーツ","体育施設","06-6761-1770","06-6761-1645","http://osakashi.opas.jp/chikubetu/toubu/ikuno/momodaniyakyujo/index.html","","","","","135.5299909","34.6606268700003","体育施設"
"南港東運動場","大阪市住之江区南港東2-5　南港東公園内","なんこうひがしうんどうじょう","公園・スポーツ","体育施設","06-6691-7200","06-6691-6976","http://osakashi.opas.jp/chikubetu/nanbu/suminoe/nannkouhigashi/index.html","","","","","135.442861700001","34.6126393400006","体育施設"
"南住吉２公園","大阪市住吉区南住吉２丁目22","みなみすみよし２こうえん","公園・スポーツ","公園","","","","","","街区公園","","135.5017601","34.6075353600004","公園"
"萩之茶屋南公園","大阪市西成区萩之茶屋３丁目７","はぎのちゃやみなみこうえん","公園・スポーツ","公園","","","","","","街区公園","","135.5008743","34.6447667700004","公園"
"平野白鷺運動場","大阪市東住吉区今川6-8　平野白鷺公園内","ひらのしらさぎうんどうじょう","公園・スポーツ","体育施設","06-6691-7200","06-6691-6976","http://osakashi.opas.jp/chikubetu/nanbu/hisumi/hiranoundo/index.html","","","","","135.5413521","34.6270823800003","体育施設"
"うめきた公園","北区大深町１丁目","うめきたこうえん","公園・スポーツ","公園","","","","","","総合公園","","135.492448200001","34.7033589300004","公園"
